headline,link,source,region,published_at
"Urgent: Iran strikes U.S. Fifth Fleet headquarters in Bahrain: media","https://news.google.com/rss/articles/CBMifEFVX3lxTE85UkVyaFQtT0VINnVNTTRXVFJLZmF6ajZWcm12Vzl3SndjYlptajZicnpHMEpZbnZVTXExeWd1Q21USW1lQUxsdlBXcTZCODFlVm9RTGlENmNwcGtQS1NxSFgzMUlkZ2tpdDVPdEh4ei0yNkNaUWtwZjVLaEo?oc=5","Xinhua","China","1783989285000"
"Widespread Disruption in Bahrain's Banking Systems. News sources report widespread disruption in Bahrain's banking systems following a cyberattack. - Iranian media","https://news.google.com/rss/articles/CBMibkFVX3lxTFBzLXFpTk5Qc1pReDRqNlBmNHBVZVpwNHZNNEFVbEhBZmhXaFo0OUtvUy0zY2NTZ2RDelU5dUhyUVRWbWFTa2hZeGVTMThuZXdFOVZ3MG5xbmRvUUk3M2Mxb2dUOTVHcnZSUFhlNmpR?oc=5","CGTN","China","1783987898000"
"Trump says US launching fresh round of ‘very heavy’ strikes on Iran","https://news.google.com/rss/articles/CBMimAFBVV95cUxNTmxtUjFXeEc3VXdVNWQ1NzJlbS1Kb2M5aDY5c0lxOTBzdjBDSlRucjQtakExdkpLU2IwQkVuUEdFODRFSDVpSkd4UlMyOEJBY3FMUG5Eb1diQTJwREJaTVFzc2xrOVhnckR2U0psSXZhdDVLRFpvbktUX0oweE9SS3g3MTV6bDIzOV8wU1YwOHdubHJVblZEVA?oc=5","The Independent","UK","1783992000000"
"Trump set to address Iran, election integrity in prime-time speech","https://news.google.com/rss/articles/CBMia0FVX3lxTE44TGhoUzljV2JLWnpJdGJwZ0UzeTJiVHZLM1F1R3llbzNpM2JmX3NlSEkwS1pYcUFQT2VycHBzbW9feVBjNzR0OExzZWw4WHBqR0p6Vlp2WUZLSl9uYkw2VHlpMndJUlZIRklJ?oc=5","Axios","US","1783991462000"
"Brit Hume questions whether US military actions in Strait of Hormuz can deter Iran’s influence","https://news.google.com/rss/articles/CBMiVkFVX3lxTE50TXBKN0FrVXVaT0I5THM2X3hvQjExbFRTbHlqV1lrZUUzLXhiSnludzB5eThFU0RRTFpkWm95MHlsZkgyUGtaLTViZm96bFhYQWltekhB?oc=5","Fox News","US","1783991065000"
"IRGC leadership is 'deeply fractured': Jim Hanson","https://news.google.com/rss/articles/CBMiVkFVX3lxTE9QbGRzdnYzZy12NTNCQlR0VEY5Q1FkdDNyblBfd29ldnJ2RjRGWFJVMk01bkZyZ1BhZkZ6UGtPeTEzXzBOYWFqajc5WFpRRThhT253Q19R?oc=5","Fox News","US","1783990344000"
"Now: Official Says U.S. Targeting Iran’s Drone and Missile Assets","https://news.google.com/rss/articles/CBMipAFBVV95cUxNclZHVWJHVkFFVm56cmp2TEEyQy1ITDE1NGl6M1dEbl9RMWFGaWV3YksxRkduNkMtd1pJdEtBWXhrb0d4U1RMNXVVcTZfVUc3X1JENEpxZEdKQ193T1lBcUQ5RFVpeW5abEdGV3BoQkxVRm1WSDRnNGJkRXE3cllObEJkOEQxbkY1ZHFVdDVSRnZON2g2ZE9abU9VNlZhWEtMV3p6eg?oc=5","CNN","US","1783989564000"
"Trump Says Fighting With Iran Has Resumed as He Orders Blockade and Tolls","https://news.google.com/rss/articles/CBMifEFVX3lxTE5VN19EUFA3b25qUWJwN29EOEkwM216d0VFNXZITl9YdWJNZ3F5YkxyTEZiWjZfYnBRSUFiZGtHaVAyd2laWl8xRFJqem9lLXIzWlNpc1loOXdtcWxvYy1lYmVJS251YnlZdml2UGVtY0tRT0FkN19id3REZXg?oc=5","The New York Times","US","1783989528000"
"Trump demands payment to protect Gulf nations from Iranian attacks","https://news.google.com/rss/articles/CBMiuAFBVV95cUxOc3JHUWZWcFVnUWNJWlBsalZxNC00V0E2d2R5VkVGY3dLalh6dXpROFdSRFdmdm83QU93d19wblhsYUNIRFBMLUo3UVlOSHFWanJEaV9zN0FaelNxS3FrNnJwZGZWVURqRy1XUjJKWklvX0c2a1g2eUJPbDUzQmZFcmNIWHhseUlxeUtPc3VVQlI1Ump3b1o1S1h0YjliTFdvaGxfNy01U19qRkQ1V2E5aGxRczl0OEtj0gG-AUFVX3lxTE5WcXBYZzl4UXY3Z2dTRWhsQ215YUdlZEJUUTFmVlktV1NVMVB2bHZlYUNFQUQtLUxNckJlZF9zVFliaXlYZGV4dVN2Um5PWF83X1lCSDc3MjQ0RUtTMjVuWmpUX014RlJ2a1NHZnFuNmxVY05lUzZpc0ZHRjRldVhTa1J2aHFJaXBfZFVwaS1MUS03ZThzdXdWN2NpSmU4UW5zVXBUb3Z2bGlQVUlHTkhOWjBZc0xTTFVXdG9xUkE?oc=5","Al Jazeera","Arab","1783993482000"
"Urgent: Iran's IRGC says 2 ""offending supertankers"" hit, disabled in Strait of Hormuz -- media","https://news.google.com/rss/articles/CBMie0FVX3lxTE1JTzRyMHNYN0VJeUhnRTIxMTR3SXFIdmYzU3dyd2s3YzhWRFVnS0xnOWhDaVZ0OHJEWEl4OHNLMlQ0S3piRGZseWlSaFBvOXpIcE13cG5BNFpGUmxmTjZwSTE5VWU2bUNLRmhXNUZoZFNpMVdCTlhvRGE5QQ?oc=5","Xinhua","China","1783993125000"
"Trump weighs taking out Pickaxe nuclear site as US strikes Iran for 3rd night in a row","https://news.google.com/rss/articles/CBMiuAFBVV95cUxNUlZIOEhwWlhUTXdYX1ozWHNlTkl2Q0VueGltQnhKX2VhS0VoZzBEN3lQTG15Sl8zVFV3c0RlcW1CTUI4VmNScnFsaE9DSWQ1dGJwUFlIVDNiR2VSeDR5djdsdjluZUdwRTlDR3hLbFZGV19zVGdyTDZwMVcyWFk1b2h1aFlhRDdMS2dVcTRWYUFWVFFFVHdDdGFld2h6OFJFd0tpUXY5WHR3RVpMbjhvcnViRmtKdnRh0gG-AUFVX3lxTE9ndnJQcVYxUVpHa1FvQjRMTFNieDlJblhoa2RwTkxBVXY1eGZyazBlTi1PYVN3Q0pFaklOdjhZVW9rMU5DQW41T1RfRmttWEVJeFU2Y3NkZDMyVUo2eGNSSlRaa25qOXVITE5zLXQyaFRwMWxUWVFFLVYwM0VHMVlHZ0RZV0NlTFg0aXVQVk1kMWxsZkk5ZC1lREFtY2dHa3FlVWdtNnR5MEpCTU9sZ3ozYlhXNGlnZnV3QnZpLXc?oc=5","The Times of Israel","Israel","1783993067000"
"Oil surges as U.S. reinstates Iran naval blockade","https://news.google.com/rss/articles/CBMie0FVX3lxTFBJb1dKcUZLN3lxVmhsT0YxZ0c1NENnMEY2eWFIYzduWk0yOEJNeTE2OVBWNHRSRzVKRmU0MWxkdW1SLTVOUGQzV2hiMWRISjU2dXBwVU1lSEJNVVlReW9pUjRhWVR0dWo0RU80cGx1LS0yZ2JMeU5KZ0RKZw?oc=5","Xinhua","China","1783991580000"
"Converts, Qiyamah Signs And Iran Bombing Arabs","https://news.google.com/rss/articles/CBMihAFBVV95cUxQcFNLSXg0TXd2NWNOY0hIQmlQczlUcms4dXpVZ01HRWRGNmpZUnVEaDVvUTl5Qzg3ZzhMRl9DNS0tbjhLWjJZZ1hoWF9hNE1sc0Rwd2xKNFBmWGtlV2pwalNIdjhaaVR2UmZGOEhoQ1lDd2hYWFplb29KTWZIQXRaM19XRlg?oc=5","The Times of Israel","Israel","1783991520000"
"Flash: U.S. military base in Jordan hit by missile attack -- Iranian media","https://news.google.com/rss/articles/CBMie0FVX3lxTE04NVZZYUdQYTBoZVVPU0lzeGxRUS1IZG5PdmZ3dGpkS3pFT3ExQnE5aV81ZkFRODhGNmpBbHdJNTFSV1gzQVB2QU4tQ0FBR2kzTmdsaVVBU0c5ODAtMnhQTnI4WG1HTXhYVWNkSGFlWFV1OC00LUxaeU1tYw?oc=5","Xinhua","China","1783991310000"
"Trump says he wants US reimbursed by countries for protecting Strait of Hormuz","https://news.google.com/rss/articles/CBMiswFBVV95cUxPTFRTcWRjZGpTR2VEM3pLcC1xT2k1Vkc3emVhUGRsZjVVVGZwOUMyeU5EMklWYWtoUnpHeS1ydFlnQXJXaUJQcVpMMGVfbTVKaF9QYTd1eFVCaFlHbmQ2NVpvUFR1cTBHT3BxQk5GaXpVaVVPMFFWVWpsYVhZUEZUY29UanRYTkhZbEVia25aV18wY0x5VURqOGZOY0tzbzVYV0swTi1qcnRsWmotbjl3bmVhOA?oc=5","Reuters","Global","1783994400000"
"India’s Youngest Airline Seeks Funds as Iran War Drives Up Costs","https://news.google.com/rss/articles/CBMitgFBVV95cUxOZVFHSDdBWjlSZmRHOFp1QjVyZmt0OHdsWFlRbE85MzRGZmFJTjI2SUJQSDdjWlh2SDJJb0szZW1CRVlfUG05ckVQZDNQNk5lOTQ0YnBha1VJWi1NMWtzZjhiWC11NDNkRlRndXI0Vjl2bFB0ZjE4TTVBSlg2REpYR1VIOWJLTks0NzdaZFZLNTBBWlBoRUdWaU9SUTYyZkdnWjRGV1pCS3dUWE9TQlE0NS0xMjFxQQ?oc=5","Bloomberg","Global","1783993800000"
"Asia markets choppy as threat of Trump Hormuz levy spooks traders","https://news.google.com/rss/articles/CBMigwFBVV95cUxPdWRaMVFPRFNSMDhQQ1dQT09aWlhsdzdhVGVFcGUzblZreE9kSms3eXc3ZjRlbVhvdUtFRW5IQ3ZSSE42bnhoTGxIaVlwbVVQR0tLUE0yY1N3NTJ2Qko2S01pNHREcW5CbmpweXpORmVRRzdCR0RDcTRjeG9oS2tqR2hIWQ?oc=5","Reuters","Global","1783992420000"
"Jesse Watters: Iran sees its power slipping away","https://news.google.com/rss/articles/CBMiVkFVX3lxTE5zVjBfLXJBbUw4eU5Edml6a0E2am9CbUxlRGVHMXJiaThfWmEzdlBuamVWUDFEM2xmZGJMTTFaOVV2aW5jbkxVQkE4dmxjTkttQ0dWU3p3?oc=5","Fox News","US","1783994159000"
"Now: Official Says U.S. Targeting Iran’s Drone and Missile Assets","https://news.google.com/rss/articles/CBMiqgFBVV95cUxPclBjeDdVcVlGdExycDcwc1BTbkMzbTcxLXp3YlNtNV9neXh0VHFUSEM5Q19QdzdSYUhjUWZsTFJERHVGSm9TaU1GeHVaSTZYY1NMTmVEdmtFYkwtdzlDT01RM25rQ0taSUh6LWlFVlozSVNjRExqNnBxbnNOVDBVVTgwT3c4ZG92SGg3Z2hjejlNeExEcWJNbE5LWU1RTzhDNkRXT2xEQzg2UQ?oc=5","CNN","US","1783991455000"
"US & Iran Exchange Strikes, Oil Prices Surge in Response, More","https://news.google.com/rss/articles/CBMiqgFBVV95cUxPakMyaHNURUpQSjhhcElxYk9zbG5xTnZLeGF2VWpYUlc4UC1iQnZ5YWtOclFTNk84OEFLLTA2eGRNcHdCT2xZWHhoalBaS0tuR0pXM3hhcVAzNV9XRm1LQXRCeElfVzBZQm1DZ3lYVGl1NnI5NmVOSmdDS3J6dzd2ZlFmVnVUY1FmVndBcG83NnF5b0pjMjhKR1d4c01YcUJ0bTRIbF9rVThkZw?oc=5","Bloomberg","Global","1783995481000"
"IRGC also claims missile and drone strikes on Bahrain","https://news.google.com/rss/articles/CBMioAFBVV95cUxNQmV6WFZwWHJ5eW8ycGgwTjZiaTNnTzI4VU50V2U3YXU0UzY2eDA2Mm9EbnJ6czhBVlBCRGNQSWVyN1BRMURwZ285VWd5QjJRUTNfbG9qMjA1RGcxSkp0SHBMRFk4QWFtR0pxT1JvZVVDZndWMEl2bkZmdUdNRzJnN3paZVJ6bTUzb2JQS0hNSFcyMjEwOUFCZ0hKTWNpc25Z?oc=5","The Times of Israel","Israel","1783996064000"
"Iran’s Revolutionary Guards claim responsibility for deadly attack on UAE tankers","https://news.google.com/rss/articles/CBMixAFBVV95cUxON1BVZ1E2S2pjeUdPMUN2MnVKdklHQ0p2b18taEpKZGdsejM2a3hyUkNWRXhWVDAtLTNranV6aXZ6Vm9HVWUzYjlCWXIwM2xSN2FZNy1tZEp6NDlNVU05bjlwTWhCcUVRSy1jTmhUcmNISWtNY05UNS1Ka0RWZkIyY3JYUERmYXNueTBkcVA3Rmlxc0VOYjM2cEMwY0diSkxLRUFjeVpKZVZWb29aLWFweFRsa2xsNTRCXzhLbFpyQlg2ZUkw?oc=5","The Times of Israel","Israel","1783994842000"
"Gold down as US-Iran tensions reignite oil rally","https://news.google.com/rss/articles/CBMijgFBVV95cUxQeVFCQm9UbjNwSW1vYnpJWUZiOTFjUWtLNHlVUktLSHhtZDBuM2o2SEdOQWZXXzhNOEdSWHdHRE16X0JZcU82WFl4Mnd6VjRRY1VhTXNBZks2V0NhZ0VCNk04eXN4bXdrQVV5Q1pKOF9wMVVQRU9mNWlNOER6aTJJNndLQ3ZMSnJMQ004a2Z30gGWAUFVX3lxTE1RTklaTFdndThaX1V0ZGRQcDFSMFBQenp2R0Y4UnBUdEJPckY0S2JCbDdRbldiMGk5VTNYNjRBS1lPSXk5UmNUVjVKREVOWGFyOWQxYWszMXgwZ1lFcGI2U2JhU2otb1d4c081UERDUUNqUGc5Wk5oeUpwRFdWU3lFb1ZpU0tqcjRLSEtSaC1MVUM5RXE4UQ?oc=5","The Express Tribune","Pakistan","1783994604000"
"Live Updates: Latest from Israel, Iran, and Middle East","https://news.google.com/rss/articles/CBMif0FVX3lxTFBuQjY1Y3dnUW1qLXMtQkh2aHlENTM3bWNVUTJNeWN2T3c0U0l5RTEyaVQyX0lwNkFpemVsazc0bExscmVIQ3h3ampqNEJYQlRkNER3WWdGUGFzc19tLUhVZEI5NVl3d1pMNUFTMmRWTmNSVHJEblJsVUp0b3l2N1k?oc=5","The Jerusalem Post","Israel","1783994405000"
"US says it has completed latest wave of strikes on Iran","https://news.google.com/rss/articles/CBMikwFBVV95cUxPODBobUx1ZGhuNGJxckI0MUlLZEYzRkxvQjNCV0o1ZDJKYno4MTBQcTdqcDlqMmNKcnlpMXZDRUJpNFViZkdmRUdRY0Fja1NPeFZFaTBMbTlXM0NZd3dQMjNkWmZIanpkV1EtR0E3Z1pDdkRlZzg1VVB6dTRlRmgwcU92d0FQLUo4ZlFyNWFIbU4tXzg?oc=5","Dawn","Pakistan","1783996443000"
"Iran's Guards say carried out strikes on Bahrain","https://news.google.com/rss/articles/CBMiiAFBVV95cUxPbW1KaUU4UTR4NXlIRXc2ZnVPbGZ5clA3S05FeGxUZEVLX3BDLVVRN2lYVlFnRHcxWWVnWG9zYWc0X3MwRERZNGlfMkpFaWNWTDBJVnhEMXRDSXhfUE9tUnVtSlZMZVYzWnhIYUl2QjJBMFRpSDVLVVVhckdKTV9nUUhFMDV2aWlq?oc=5","Dawn","Pakistan","1783995234000"
"UAE says Iran attacked two ships in Hormuz, killing one","https://news.google.com/rss/articles/CBMikgFBVV95cUxOcUVqTnk1SlJodDdxVldZQ2xMbUNtNERYZ25ZLXhLbFdCZk9TblhuanJuTE5adzRVNmZSLUV1WnplTDFMODlpeEZMcFZsZFp6dlFLd1laMkpZMVhRZ0lvSjY0a3F4STVsMlJQZFRFVThyX2lOU09XRDhfYnhOYkZWMXJDX2hGWms1NGQzY1A2TEdtdw?oc=5","Dawn","Pakistan","1783994701000"
"Trump says deal with Iran still 'possible'","https://news.google.com/rss/articles/CBMif0FVX3lxTE9vRkV2TldRV3ZIUHBiYlZCSjc3Y282QVBoam1HVm1ZdWMwcDlBSmdJMTBOY205YnBJU3ZIMHNCOFNrSWMxS0RJaHcxNGlFREwxYklpU1hXVlg2MUtaam9KNktKc0JJS2gtSHJqazRsTWZVVXpSZ2NlUmZRdFYzYTQ?oc=5","Dawn","Pakistan","1783994618000"
"Bloomberg Daybreak Asia: US Reinstates Hormuz Blockade","https://news.google.com/rss/articles/CBMirgFBVV95cUxPUS10X3hoSUtITkhWel9GSEFmMFo3UWJEQ1J1U3FRd2txak5uY2JndEJ6RFVVWU9TNUV2UmotdzdJX3dJRTR5VHM5aHlNMF9uSzg4eWplcFg5czJKTFAwQTVxQ2ZaUVRRbk9ZRTNUOG9ZUlNOeFVjV2JMaW8zdHNYZ2p5aG5OMEl0UWV4VnVZMGJJaDNFcWR6Zm5rNTcySTR4UTVRUDV4MTNOZVg5LWc?oc=5","Bloomberg","Global","1783997756000"
"US Concludes Attacks on Iran, Oil Prices On the Rise, More","https://news.google.com/rss/articles/CBMipwFBVV95cUxQWkZPcDg3NEI2VHQ0c0RibmJ3R3Q3SFJ0SmpCaWZzWDJGSEM4dEpNQWNMZ1IwSTRHZ3hWSFRqMDBXbGNpTWNOSDlFbnBuWGlxX2xPOGNqWjU2TXNWTXRYQ00wci1SUVZVNFQ5Q083bFFKQVlQeGQ2R1VmUWNHMl9SVFNsdklfV1YyN3QwbHFiMi1fOHppcUVaMG9PbG9qcnN5eXhEZEhzMA?oc=5","Bloomberg","Global","1783997596000"
"Marekani yafanya mashambulizi mapya dhidi ya Iran","https://news.google.com/rss/articles/CBMiigFBVV95cUxPYnRPaXR1NjlHclJab0c3ODl0MEZpTEpyMzgzUkNPRUliSDg1MjR4b2h3LVBweUVsemdkTlZ2U2dTZnVmY3hTX19FQzFtN0Z3Z0I1YWZVTndHQXg5V2hrRHJRZXBaRi1LaTRCc1JCbktjX2pmOEFUTGYwWmlfVzlldTVnNkRzNzNEYXc?oc=5","DW","Europe","1783995888000"
"UAE: iran imeshambulia meli katika Mlango-Bahari wa Hormuz","https://news.google.com/rss/articles/CBMilAFBVV95cUxQWFBDdXJSQXZpTkM4bW5rXzFPQnduVzhVMkduNVdrNVNTQXVheTJ2V2puVmkwVUdwQ1YzZVFkdUNYRWthVGNfTnpZbkx5Tmw4WGNad3lON0xieW5nOG1jbzBwU2Y1eGs3ZC1NdGQ0M1lSZnlfTkh6b1NJWGlXQVJWMS1PTlhZSVBiaEZaWldFMVUtOGcz?oc=5","DW","Europe","1783999500000"
"US launches strikes on Iran for third straight night as Trump says deal still 'possible'","https://news.google.com/rss/articles/CBMivwFBVV95cUxNUHNYaVcyWG9UODFDXzVrWFhRVE9yMUdDRWREdmNzMkFKQkh3dmtUZldOQWhsT3A2d2c3LUdHY1U2b3dOSk5JTkIyNmstMTdhRzZ3TFNBYzg3dUE4UzZSNUttOFUxa1hCVlVYMkpvRHBqZE41UlVBQnlsQU9ITG5IM2J5VTEzeU1fT1QzNUpxeEhDTTl1YXpISG91anF5WWxDeVdYb202MEZnUGNuY1hOcEpRSHVtd2RyN3piVHBxZw?oc=5","Euronews","Europe","1783999497000"
"US says it has completed its latest wave of strikes on Iran","https://news.google.com/rss/articles/CBMimwFBVV95cUxPYkFWaF9FeUJLYUp3RTFEQ2EyTTdxdlpIeWdlNE54WFRCaERjTHpTLTNrd0h5aWFsWmJjVzBEaTZ2Y25KdHNyZlBSX2V1T2VTRlRVNEZjdWhwSGx5WFF6SmdBek5HR25HZEQyUndjX2FhOUVmTG8zZGNwYWNJeWFRaG9FVTVYdDVHbG9rM01FTnphc2hFeFd4ZVNtbw?oc=5","Reuters","Global","1783999020000"
"IRGC Navy strikes two rogue super tankers misled by US into crossing mined waters of Strait of Hormuz","https://news.google.com/rss/articles/CBMi4wFBVV95cUxPVjJaTTJTemc4eTV3WjQ1OEVFTFIzcVdHQjNXMmgxZlZjbkNpVEtqc0I0ZnlLcUVVOS1TbjhvUlBrS1NONnJxLWJBUTdUUGN3bXJJakFTblFyMVZsTDRzOE0xM1U3Rjl2R1FXQzFtVzY5elpsc3ZBdGRZbzFNZjJXYjc4dlZ0WjN6ZFh5U0UzM21vYl93TUpsbVQta0xTMmVTaDA2aGgxdVBQWEM2QVJpeEdEYktrM04xV2ZWSGcwbDc5RU1GZ3NJemJ4T3N0cjNSb2dfSXpNSlNHUFV3N1ZMalRROA?oc=5","Press TV","Iran","1783999320000"
"US military says 5-hour wave of strikes hit Iranian coastal defenses, missile and drone sites","https://news.google.com/rss/articles/CBMi1AFBVV95cUxPa0tEYndMME5PMm1VQlZwLXFfMk56Q1oxTWYxcE40SjhtR3o3Mlh1Yjhkemt1VWoyNXNERzcta0VkbEJwS3FNRkdncDEwSEttX25GQkNTN2ZQakhSMGZhUTZGa0JoRnlvTGtrcTZhWXpET3B4RlBPVTNnbEN0TTZGMnN3a0hIZGlsUmFnRk0wLW5xWjJaZGE2amNhTHV0MmlxZXJBWTg4cWpxZ0VOV1A5VjFwcXNFTVV2bF9kckZaaENvQWVHbHJRbWxBWGtmTzhCb2x4cg?oc=5","The Times of Israel","Israel","1783997564000"
"Oil hits 1-month high as US-Iran fighting clouds Strait of Hormuz outlook","https://news.google.com/rss/articles/CBMiuAFBVV95cUxPMF9GemM2M0pvbndMWnJaY0lnbGRzbFFwWFo4cEJieXZYZEtiUTdXYjl1Wkh2NnU3eGFXOTJ5OVd3QzJYSTBXNm9wMnNkQmhtMXBIbVNYWE1kZEVCSnpIUjdiNS1IX0FnNU11VnhxS0RGQldUaFFCbDBXNGNnMFpVTHFsZ2V6YnZjVk9ST0EyZ29RTTU5TDlPc09aV1ZQN3VSdGgxbElRLVdmQkRnbjNtQTRFZngwVWVZ0gG-AUFVX3lxTE5TVG44QmpCNTBxdkwwUW1YM3pub0Y2QVlON0k0VDVaSW40UllDZlhFWHc5b1ZIMGtxZll4QjVrWFJMbUExRXQ5TmpMOGNNYkVyOXFBcFlqaDUxMmV2ZGYzQVRYOWdmRjcyNXdyZ1UxV1RFbm9MVE9paGpDdFpNekNUcERpb0YtUm92M2pCNUxDMEVfSUtmZjRGdktPNlFOWU5LQUk5YURBWEZpenJMQm1Hem9FM0toWDUxRHpkMVE?oc=5","Al Jazeera","Arab","1784000585000"
"Flash: Iran's IRGC says it destroys Patriot radar, U.S. navy Fifth Fleet air control radar in Bahrain: media","https://news.google.com/rss/articles/CBMifEFVX3lxTE5DeVRjNGYzbHRhN0gzSGF0Q2xSckF5ZEdYdnVWenBqWHFoaGtkcC1idVhUYWVHSE9qUDhPVGxwUTNRU3BWSGtmT3dqQ1c4UjgyWEgySVozdktKcEc4OWd4Uy0ydGU3UUxGS2k1LWE0UWhRMEo5Nlk4WmRLMTA?oc=5","Xinhua","China","1784000445000"
"So who actually controls the Strait of Hormuz?","https://news.google.com/rss/articles/CBMiggFBVV95cUxOdlJHdW5RNlA5ckczMDhYd21vdjBEU210OVgyQWwzZFdxdEVOeFN1SENsUUNYb3p4ZWZuMm1YaTRtRlFGdzQ2QlpHbm9HSGcwbXEzcGVrVXRoOE5zT256TUwwQ3psc2tPRWFRM1BFbWl0Z0o4Z3dhTlNXRm1nQlhzd3FR0gGHAUFVX3lxTE5WdS04dnhGQ0M1WVAtd0xpYjgxVGE2dkE5YXhXdzNscHBtTktleUtXUFBLUjR6eFk2TlgzdzJFdFFXUUR6TmowZUhTc0RFWFRKNU4xd2YxYzZjVUZOVkZhWEZiMm1lNzRKcDFPdExMcURsTDI5MzM1QmFrc0RPaUVJcVFzR3ZzRQ?oc=5","The Times of Israel","Israel","1783999664000"
"IRGC Navy strikes two rogue super tankers misled by US into crossing mined waters of Strait of Hormuz","https://news.google.com/rss/articles/CBMi3gFBVV95cUxOYWFGUmZMNEcyTzU5UUFBQ1kyS1JnUGhxcExsUFUwdWhQd3BndzBOVFN6OFNjeS1iWGNLWVBPQlhOc3NXUTRkaTBCaGNkQlFWSkZnQmxzZFhHUnFZcG9aZ1J1cXpxWTlRcGdZd3pqSTA4OWVBQ1ZZNnhSaEM2dE4yQ0pwSGxlaGpOS2tVc1lqaDYwYkdtSzBCZ0kxVTVaSGhEaGd5eDVlbnp2c2lPT0tOQUlRdWQzb2FTM0QwcWlCaDJYeEVyMFV0VzhYOWo0Ml9ZdjNkbm1IVnd0TzgyY1E?oc=5","Press TV","Iran","1783999461000"
"US launches more strikes, Iran retaliates, tankers hit in Hormuz","https://news.google.com/rss/articles/CBMiuwFBVV95cUxPNDJPVHpreVotaVdNeC1ibzZSVEpSYTltbnE2S01fODlmdENjVTVZVWxsay01N1J2cnBzWmRHQV9SMFU1OFJEUnJwYzMzaHk2RHpkTk9acjVZa0drQ3ZXOTFpRklXQndwc2NDYVIwbElUUE5Gdy1HRFRPclBoWVZJY05ZaUNkNnlOS0dyYXhyVGVQR25xYmx5ZkVidjIxd0JFOHZ6ZDZnSGJXNkNFZ3Z2aXZoRm8xWFU4NVMw?oc=5","CGTN","China","1783999317000"
"Falling gas prices likely cut inflation last month but renewal of Iran war could undo progress","https://news.google.com/rss/articles/CBMilgFBVV95cUxOZ0ZNbFlHYm1IRUhtaVZuak9fcUVtc0UySC1qWnN6Snk2Rzl1NEFQWU9DblNXVGNVak8wNDNCVEwzRFUtc0xVM0xWWUFEMGFWSzlzcDdJYVQ5U0FxMHkxVDZ6YnpJNmNvdWhJRFlsMWpXYUoyRVd3SVVQS0xuNEdiMWdERkh3VDhHMXNjNDV4c0xURVBfOHc?oc=5","Associated Press","Global","1784001660000"
"US military targeted in Iran war phone-tracking campaign","https://news.google.com/rss/articles/CBMicEFVX3lxTE1mOHVJSk1IYzlYU0Z1WDB1MUF0MjRfZExWQ0ljY095SEFmSjUxTVllU2ZiTnpPNEtPdkRZeFR5dGNGdkRsSHM5SUxRclNBUWxoT1dHbWhqOEdsbXhPOWpRT2RKYkJoOWh1NFRrZ3lrY3A?oc=5","Financial Times","Global","1784001608000"
"Dubai wants to bypass Strait of Hormuz","https://news.google.com/rss/articles/CBMicEFVX3lxTE0yQWhxbjFvRVZQRzdWNU9wYXh0Q3F0V0YyQldaaEhQUmRTLWZ1T2FVMnpfNzRLV2NaMEJEQ2ppWDhQZjlSYnJNc0pIaTA4SjhXNUNUN1JUbXBRYkpNa2tvaXVXUjdoQl9xbld3M1FtMlg?oc=5","Financial Times","Global","1784001600000"
"Ciidamada badda ee mareykanka oo markii ugu horeysay Iran u adeegsaday qalab iyo hub cusub","https://news.google.com/rss/articles/CBMiXEFVX3lxTE1xTEFFT284Ti1wMGxFUExBTDRwU1F5MEVFYTlQMGJNWEFvNThLNE5Mb0dsejRNUmFqd3BaUEhpSUp4R3lOcHY5S0pTanNnZkJVajNGUFhBTEhKNjMz0gFiQVVfeXFMUHVxSnBBZnVrakJFUEpKdG94cklLWFVRQUFSNy1Mb3JlQnF1UDFncWtDTDZINGN1T3ZvX25oYlBhYWhYVWVvc3VkS240RURjRkZyREMtZmsyZ3RxOUVsdks1aGc?oc=5","BBC","Global","1784001501000"
"US Attacks on Iran Conclude, Oil Prices Respond, More","https://news.google.com/rss/articles/CBMioAFBVV95cUxPdDAtdUltcnRsLURaeFlUMjEteUJiX3NOeFczVV9pSlBycFpnYUZtUnp6aWs5MXlrOHIwYmo2clg4bzF0T3lNRlFNLUtkS1lFX3dtYy1aSGZHT09fU1dlUkpKQUg5cEloVXYzYXdudzlPZGpGaTlLNFVZVlZjMmsyOXFCOERnYWU4WEd5aHUzeUNmM29qbXZaVFhKWXBFd2lt?oc=5","Bloomberg","Global","1784000379000"
"US attacks Iran as Tehran retaliates against UAE tankers in Strait of Hormuz and Bahrain","https://news.google.com/rss/articles/CBMi3wFBVV95cUxNYW9EeVlNaGlmQ1c3TGhmTVQ0MmN0ZDJYSGl5OHFhWkFKMHZZOXZqeWNwQWdySFZpTjZ5aU9DcEZXQzA3WHBxMW5fTVdla1BYTHpMTGxLTXhSNXNibWNSRDFDMkNDeEI1T1FBZGRlYUh0ak11aHhvTlQwaUZGZ0VhbUdBRWZNUERJSnRPOFU2cGxmY3BSa2pXZGI4Njd4T0NPZDhSdnNjMDNDQ1RpVTRNUDJpMjhIMEhjMkU3VklleExyWF9PRGctTHF0dlVKVlBJX1lReXhUZVo4WlBpb3pZ?oc=5","Associated Press","Global","1784000160000"
"Iran plays by Trump’s rules to deepen his war dilemma","https://news.google.com/rss/articles/CBMihwFBVV95cUxOYVNGaHVqTFZ1WldJSTFFMTluT0R3Vzg0Q3hPQWxQbTcwMHM3VHZ2dnA4UFo4NUptdGRBVng1amJ6RTdnQ3lwY3c4RlFSUGNjRWxfaDZ5bWM5ZUUwX0tBOHd2STZlaEtpOFduOEZ0WVVXOGhsSzRIcGlWUnJ3WnJLcXdjS3NzQTQ?oc=5","CNN","US","1784001685000"
"Falling gas prices likely cut inflation last month but renewal of Iran war could undo progress","https://news.google.com/rss/articles/CBMimwFBVV95cUxOMmRncXdBRnZfQTQwMVNYSFBvS2MxajlpbXNsX2J1emU4RXg4aWh3c2lNdDlqMTVBd3h0YnZtbU9JZHAyV083aFhzQzdLOVJ6SFlCV1VsSGh4Y3F3a2gzYXVGLUl1V0ZMYWk2bVY3ZzU2bHppbFZTT3VfT25SWU9TbUJEMVpRcXhsZE1QQUtxZDZtUUhESk93NTY5UQ?oc=5","The Independent","UK","1784001660000"
"War and economic crisis complicate efforts to protect Iran’s rich but endangered wildlife","https://news.google.com/rss/articles/CBMilAFBVV95cUxNS3UtaVNvVFVoeEtjM2plSjhZSENCRFc1RHNsOHBjc09XVTBTbzlJWkllZmJQdkl2cGZyc2NWVDhmc0FvTDdJeUtNbTlWNkZxbkRMcEtQSGZDZzBfNEdaTzhoMHVpc29nYVQ1dWN5MTd6dHVJMFhKVDJia2lJVkNYUW9qS0dXdzUzUV85WVNkcXpQRkI4?oc=5","Associated Press","Global","1784001900000"
"US, Iran Check the Oil Price Before Pushing Limits","https://news.google.com/rss/articles/CBMiqgFBVV95cUxQMDBNSlVxcEJlX0czT0dvUVhnaTdkWk8xQjl2SE5pM2FqNWh1X2E5allGamxVaGZ0S0ExODdrUmw0WlhGYU1kQk1xcVdxNXFwVEh5U3d2Um9EM1V0bl9RVmZ3V1l0OVdJbzBLY3Z5cmNKeHFQbGo4aHJvSjVDTE1PVjdxc3dMX3lheUlCdjZEN0dvd1BZcmZ4V3M1R2RvSGNVTFlKVW1FNmJ1Zw?oc=5","Bloomberg","Global","1784001720000"
"Why it’s so difficult for the US to fully reopen the Strait of Hormuz","https://news.google.com/rss/articles/CBMikgFBVV95cUxOWTNBbjVvclRFWks3dFVORFNhT3hOR0tYcks4Q2lSZm1saVY1UXZ0T0p6UWkxTEpIUlM2blVRUXRTTGpTaXhGYk54Y3dROUhmRVJDMzlMX1dwMGwtOFZRWVBZSG96TUs4NVM0N1RVR1RfYTN1MnJGTnJSeVdOekZSQ1JQUUhpdllUX1NVTDl5ZndtQQ?oc=5","Associated Press","Global","1784001660000"
"War and economic crisis complicate efforts to protect Iran’s rich but endangered wildlife","https://news.google.com/rss/articles/CBMixAFBVV95cUxNa1djSV90X3pQR1JES3pxQkRNT3lkRFU1UUlZTzRrb3JoQkhLVEt0bi1FRnEtQ0xJTnFNeWg2ZlV3WDhqRnJKdkIwcElrYjhXSEJpZmRlTmxxNkZTeWpxRlFJTWpydXZtNW5tUWhPOWVuUDNDcnRyV2RCVHZvLXF6N2pRQTktZGFyT3NEZzZHaVc2T3Bmc1Y4MmNycDNGWUUyZzE4Y1BGVkJldFpxZW1qbTMxRmxRWDJyV2ZMaEZXOW9QZXR2?oc=5","The Washington Post","US","1784003250000"
"Falling gas prices likely cut inflation last month but renewal of Iran war could undo progress","https://news.google.com/rss/articles/CBMiygFBVV95cUxNVlhjYUJrams3NXJBMEZiaElLaW9LWTJoSHRKMUIzUC1lRzE4Zi1NUXZMd0VqWW9RdHFnUHlnTnlOVG1sejMtekROSFVFR3ZIS3dFU1JmOWtGMHhhekgzV3hKdkNEYVgwR3dad2xqUExFZUxmUVFWeWRTV08tNlllWGpLc1YxSW8tVlQtWG4tc2p3UFZyZnlsVDFMYmFXbm9CT3dFa3hkbE9XLVl5dW1jS3dGbE1VME1uc1BxbmtVZGpmN3BwTTh6UFlB?oc=5","The Washington Post","US","1784003249000"
"Why it's so difficult for the US to fully reopen the Strait of Hormuz","https://news.google.com/rss/articles/CBMixgFBVV95cUxOZ284STdQbWNXMkd5aWVJYmRSQkNoTlE0SFFudVJ4MUhTOWU5b2dMb3pnMEdZQnJjdHNjYW9CMjdlUGJnU3AyYkdUUnFHNDNuSmgzSWJEb0NRR2dfVFhYVmotWWRfTl9NMVpkWmdrYVhwYVNheWFrb3Bva2xEcFRYcjRCN1lsLVQwWmFCOERRODc5NjVIUGVLUE5wTndQOWEtSXRwQWdvdGRJM3loTHFLLVZZOS1pRERteVJsMVZpTDFZVnpSMUE?oc=5","The Washington Post","US","1784003249000"
"Fourth Australian interest rate rise more likely if Trump’s Iran conflict not resolved within a week","https://news.google.com/rss/articles/CBMikwFBVV95cUxQMG1ISFducWNMT0NWbFlBaGU2NmNDc2lyV0Z2S2lZR3VJU1RiNmNxamF1UTBzX1VLMmxqMTRUUkl4d0pJWmEwZFVsSFdpNkZoRGFNeTNhUmtER01La1pXdGF5TmtqSmJyM3RHUHFDWTZnbGxOQ1VEbFB2cGlfZ3d2MjRDMTUyWUZJa1E5cnR4ZzdRaFE?oc=5","The Guardian","UK","1784003040000"
"Jordan downed 4 Iranian missiles that entered its territory, military source says","https://news.google.com/rss/articles/CBMixAFBVV95cUxPQkg1WHpfdG9ocE9xTjZRN1hkYV9LU1lwMTFyYVA5Zy1WTWJfNDJHQWhMRzdaNkphdXVUaUI3bGNoUV9zTGktVXlkLTdsUDhwYzA4NERDTFp4Z1FXOTVuam1MSklKMTNKVlJyNlEwcjJ2NjRramFtYm1nNUxqRXVKNnhoQTltczJGc2NIYUxpbGx6bGN2R2ZpNTZGNlIxSzBRa3MwZTFVVDQyemVUZTdMajhfVUlmSFZLNGhIT043S1BJeWpu?oc=5","The Times of Israel","Israel","1784003264000"
"Iran’s IRGC says it targeted US air base in Jordan","https://news.google.com/rss/articles/CBMimwFBVV95cUxOSmZwbFcyOVNwTHRkYjVsSGFScmNUWDhCYlBFMjdPYkRhSUsyYnpDMGl0ZEcySDhuTnplUF9VWXFRT2YwbzRZMHVPemFWZ3Z1SjNvODFVT2w3YllIMHpzRkZSRS1zSEZOZTZlRWV5NU9tajlUUElWMUNXSTk0Rl9IWFIzVGdyZFRnXzFTaFQyUFVUQWZGb2pnbV9UMA?oc=5","The Times of Israel","Israel","1784004764000"
"UAE: Two Iranian Missiles Struck Oil Tankers in Strait of Hormuz","https://news.google.com/rss/articles/CBMingFBVV95cUxPMUVoZno1QzhBYmRycXQzZGdwX05BamJ4R1AzVy02SEZ3WVlOTHNTUzhzWTZneUZUc1NKM25RQl9oNGhha2luRUwxSWt3X2FGX3ZWVHpFZDhLX2p3SjZHeG01RG5pZ3lyakpWSmROejNEcmRESkhBdENyd1V3OGlkQnhzZWVycmh1b29xaV8ydnF5RXdoVFc5c0RnNVFTdw?oc=5","Asharq Al-Awsat","Arab","1784004473000"
"Canada Must Reject Any Attempt to Normalize Relations With Regime in Iran","https://news.google.com/rss/articles/CBMiqgFBVV95cUxPYjdjeFJfeUJBdElQY3ZjY3M4cDhCRkQyTC1GOUE3SlJnRGU1MGRXRldfVUlTRTY0aWlkWnA1NWxNRlJOWjZ5LUlGV3d2bUdQUVVkLXVnR05mNEk0cGV6SEZoRU1oV0JSbTFCZ0JYeFVWT2tVUk1MNWVvNmptdTh2NTVoRVdnY21ac285QmxVRnJhV2xlc3p6NmRzdVZZYkVncVBza0FNS19pZw?oc=5","The Times of Israel","Israel","1784003760000"
"Sirens sound for 3rd time in Bahrain; Iran’s IRGC claims to target radar systems in kingdom","https://news.google.com/rss/articles/CBMi0AFBVV95cUxPQ25BTDF3UGVnVDNQeHhsMWk0OWRmVDRlZUxyVEdDUF85WEp2UmVIYWM1dU5oRmV0bEdmTjFiX01kbGwydHUwUjlUZjNmdW5hTWhVWVFKQ3NvT2E3WF8tNUJDMU0xOWJpdFI0OWlKanlRem9NN2Z6UDktQzgwYVR0Q0JlVUlyUlR4eTBhMnVDcHE5dnlhbFQxdFRGTTNsUmd4aUp5emMxRjc3eHpGeDFNdU5tNHoyczg4c0FVcmplUk9nek5qNlpUbEswbTdILURi?oc=5","The Times of Israel","Israel","1784003564000"
"Urgent: Jordan's military says it intercepts 4 missiles launched by Iran","https://news.google.com/rss/articles/CBMifEFVX3lxTFBBUDJQZGxmSzhpcUtVMjl2TlhETUdOZV9VTUlqR3FzMWFGX0szNllDdk02WmZvTXdHdlNnbERIX3NQemk3OGpRLWI3R3hlbks0bkRCZEpOdVlKSzd0djJoWVplMW9fb1VUY2RjQzZSZ0lWeW1rOUZLUHBZUnc?oc=5","Xinhua","China","1784003250000"
"Iran claims strikes on US’s Fifth Fleet in Bahrain","https://news.google.com/rss/articles/CBMiiwFBVV95cUxNRWVEQ19GTU5sT0w5VEFVaE5HTHJWNTgwNGg1elRTbFZfbXJmWDVqM2xHWjdaN3diQUFzd0NkVldKci1qYXVhOHhTeGlNdzBZbkstNEJqS2hLXzNWR0Z5MldEVU5wcWVNN25oR2w2dUpxeE1PcnNyZlp2cjNkV2s2V3FBTFRBMjVtWGFB?oc=5","Dawn","Pakistan","1784002473000"
"Bahrain sounds missile alert siren as Iran retaliates for US strikes","https://news.google.com/rss/articles/CBMinwFBVV95cUxNWnBwMkRnYlE0eWdLanFlS1JwcWNwQW83YkJMbFJXdzZYRGFiZUtib0UzM1hRVFozX3RCTmwxUVQzV2RvNTU2ZE56RjZOYjRQbzF5SkJ1Y0RTQnktRmg1NjliM2pMcy1kY045dVQ4bk9sYkNDU2N6WTFnNV9NNjZMa21IYkxLX3NmWDF2NXMzUmRtRkN0eGlwRmx6SHdlakU?oc=5","Associated Press","Global","1784003160000"
"Iran’s IRGC terror force will finally be banned. It’s so long past time","https://news.google.com/rss/articles/CBMipAFBVV95cUxPMV9iTnNpUlFLNjJrU2dRVlh0M3BuOV9kRUtoUGpHSTY5MVFfMmsyNXFteVNmOWdtbkdSSGE3T3pMTGxEQ3dRbUlHNFhVR1N0OVFCem5oQTMzWFlELXAwYzBZTm95LXhQS0Zrak5lTGJEVEhTT25Cd1l3NW9qQzdKRmU4Z0RLaXQ3Y2F4dU5KVDJhMFFGQldrY3Y2RXM3MTh6ZmNONg?oc=5","The Telegraph","UK","1784005200000"
"US attacks Iran and Tehran retaliates across the Middle East as both vie for control of strait","https://news.google.com/rss/articles/CBMiygFBVV95cUxOcHo3cWh4TjJVbUVIbzNUNm9yYkIxXzdMY25WaHUxTW1hM251SG5UMlBlY3g3SnZib0FnSTdkTXY1d0hnRnB1UmdCaFRwaWhPQXYwcjFfdnFaUDBjYnZEMHFDQVlvSWRySi1YUFFUbHUycVNqdU5UU0d4dXZJTVVKR3RQcXJMRng3Sk5pZGlEMF9OcTQ3RmQzZG5kRVNhbUVHeEFWYzZtNFpWRUtmN3VoU0xPekk1QVdlcmhBUWJ5SzJlRTJzRENVaDBR?oc=5","The Independent","UK","1784003640000"
"Transcript: Dubai wants to bypass Strait of Hormuz","https://news.google.com/rss/articles/CBMicEFVX3lxTE5aSFVneFZtZDdNOG1ub29UZ1RfR0ZuaDA4WlRfWFlJQWxGOFV0ODVEUTMzOHVTVXpWTjBIeFctZUpjMVV3RHB1MnJyaTZnQ3NBWFVMM1Z5bngtelU2a3FuS1E2MjdKa1JXWC1KZGpZZEM?oc=5","Financial Times","Global","1784006856000"
"China's June oil imports hit near 10-year low amid Iran war","https://news.google.com/rss/articles/CBMirwFBVV95cUxOWkxRblJwR3pkdkRBLW9BQTJwT3htaWpDNXBaTi1LQ1ptQ1VlLW5VellsQ3JTWUluQ2oyOVlGLVBvSmFsM0FmTWh3eE1OV3AtN1RKRUJEQVJaQmdXTXNnNEVyUHFfanFDMjVBRGZqcmVJNWhLLWNNd0IxVGtYSUpJZnUxQmJwSFZBcjU4YVFhYy1ic2RZZXhDZnJhaHhzbG8zTkppelFCcHZoNWJhSGFN?oc=5","Reuters","Global","1784006520000"
"China blunted Iran war oil shock, but can it do the same for fuels?","https://news.google.com/rss/articles/CBMivwFBVV95cUxOWG9WU1MxTkppRE0tUmN5VlJ2b1JvZEtzQ2x5SGJGN1o3QjFSUUxMdDJBcjRRSVFqb3BBRFlRU2gxNk5MZXhjTVVHUng3RDJyV0RRNlJKUWctTkc2Vm5QSGtIQmhvazV2azhadkpCNGZVMDMydXNSS1VycjI4MHNicTY0MGItbjFVUHhKdmxmbjVGcGhUYkpPWXBveFY0TWg3NXNnY3h2MGZ4SmYyLXlEaFM1WXJNa29BS1ZqZ0E2aw?oc=5","Reuters","Global","1784005740000"
"Global News Podcast | US reinstates naval blockade on Iran","https://news.google.com/rss/articles/CBMiUEFVX3lxTE1sSC03RnEtYmtqMDF2eG51VHlwNG13RWJVWnROd3Z0Y0N3N3V5Y29RTzB2UzlGeE11S294SlFyX3VOOGlhY3owaVZVbkwtS3ZN?oc=5","BBC","Global","1784005682000"
"Iran's Ibrahim Azizi: 'Last night, coinciding with the downing of U.S. drones, the ‘Strategic Action for the Security and Sustainable Progress of the Strait of Hormuz and the Persian Gulf’ bill was formally introduced in Iran’s Parliament. We remain steadfast in defe","https://news.google.com/rss/articles/CBMibkFVX3lxTFBfazRaQ19Wa2puQVNSeWZjQkc4S0pXblRESVNpZnlMc2NtT3dENF9yWkhaSWVpaXJvSlppaEVjVU1lUmJ0WERROEY1UmFRbUR1RUhnMEtBQl84Um1TQ3doRHkxbnVxSkJDV0lJUWFn?oc=5","CGTN","China","1784004738000"
"Mideast in grip of hostilities as US strikes Iran for 3rd consecutive day, IRGC targets US assets in Bahrain, Jordan","https://news.google.com/rss/articles/CBMi4gFBVV95cUxOc2JkaHlfUWtENm5Tc3cxX21uTUVzbHdydk82MWp0V3I5djVVZUlkeWNhZjRuX0drYlIxUFkzckdEZXgyOHV4R1liZlM4MEdXNm5tdFZFVlhSRVItTWpCMWpaR0hRTk83M0hxRVkweWR2Zi1ueEd6b19pcnFxSFRQdkZmYzlaWHZrUFNib3lldmNyUGpzU2hyb3kzTjEzZDhrSTdBZy1LNkFVWHVZdGxIcDdrLW1PaV80SXN3ZlhXN0htNkhsenZ0a0NMUjEwYVNpQ2ZteGZwYVU3WDdOVWdRQjB3?oc=5","Dawn","Pakistan","1784008040000"
"Iran submits detailed complaint to UN over US violations of Islamabad MoU","https://news.google.com/rss/articles/CBMiuAFBVV95cUxOQnIxdWR1V1d5UG5UV3V0X1VEODhwd1FCczhaM3lvczMzTm9JUUZkT1NQNGRtX3ZfakpSYmVhQmhBU29NUTR6eDRSdmtGcTVzdUVtOWpkUDB4S2hJaGtJTTh6eFhhc1dGMXBHdjFqUHZJTVRTb2IzUHFMcWhrSkZ4aTFuNGx4TmVORDZFMFJpQl9Ib3dMcWJ5b2wzT21ZbEt3T0h6ak51aDViNkJkQ1lPVTNaTng1OG90?oc=5","Press TV","Iran","1784007720000"
"US military renews strikes on Iran while tankers come under attack in Strait of Hormuz","https://news.google.com/rss/articles/CBMiwAFBVV95cUxNUTAzckw0U2E1c1Q3dGFPTWxNUTZSMEdsaDcyQ0dtLVRMTmVXOWtwSEFMNEh6Y2Y3MVJPTDdOVHo2TmFTN25mVWRyUHhzSkFPWHhOZS1lU1NyTmt6bThvMlB3MlZxRnk0SHNiYlFSSGg3NURtYkNoTmRYZWlZWVFqQko3MktRNEd1UmlucmNNSHZQNXlZU2FUeXZJdXBxNG0wMUh3QlQ5MGE4UEZiTFEtNEZ0WEhFQlFIUkc2Z2Fldlc?oc=5","The Express Tribune","Pakistan","1784007595000"
"Lula: Trump Plans to Impose Hormuz Shipping Fees Will Turn US Into ‘Pirate State’","https://news.google.com/rss/articles/CBMiyAFBVV95cUxNOFlJTENHZ19SOHd6ODhjTGxmaml4Zi1PZ2k2dUhTcndPeWxmbk1ySFBnbkFmVEFnN1F0aDBMU2ZoY2E3eEdYR0lvenJLV3JFRWdWb0w4U3h6dzFXaVRRaXk5UXlrUGRhenB4bE5OYl9udHBDWTVnS1htT0taYzRKNHhyVWpxREZmYTBmUmxFcjVaS09ELS1EQTg2NmhRM2hrd0t4TzMxdjgtRnVVWDloNVhLNy1KSFNsMmI5bDFyNG05ZHhGRjViaA?oc=5","Asharq Al-Awsat","Arab","1784007463000"
"IRGC launches missile strikes on US Fifth Fleet in Bahrain, airbase in Jordan","https://news.google.com/rss/articles/CBMilgFBVV95cUxNMnVPRkZ1elBEbGdGaFBCN0FuaEhGa1k1SmwzaU94eXdwRzctSkpUZ3I5cmgyd1NkYXptLXBGTTk0NnhFVzBXSjV3dFVZT1VRM1RnV1Y3ZEdEUjdGVkpfTjFpZWtKMC13NUV5dlVGQkhRdUt1a1dNX1RBMG9jS2dGZnh3b1VYUU85Q0tYNnJhcTRzRE5VckE?oc=5","Press TV","Iran","1784007120000"
"Live. Europe Today: Tensions high in the Middle East as Trump vows 20% Hormuz shipping fee","https://news.google.com/rss/articles/CBMixwFBVV95cUxNb0U0TUlXcThSbVFSNUMwNlVkdGJiOWpnXzAtcm43YWFXdEVjVmhTZ25MaEJNb09TYmZxZVNJdEhERlg0bFhEcUZhcFltaU1YYV96bkk4eG56WExHRDRVQmk2YjhPNzljbWlzYjJQbThiYmhuYVBDVDBrbDJGVm9rQ0hDajlMajlFaU1BZzNocVgxUGJoekE5RU1YYzZ2a0FCUmJGUDdjTHVCX0tMQzF3eU5uY0RtVWFMMmRTbllLaEJpYnczZ0R3?oc=5","Euronews","Europe","1784008878000"
"Oil prices hit one month-high as Trump reinstates Iran blockade","https://news.google.com/rss/articles/CBMisAFBVV95cUxPT19PVDY1c3pIUTZkUTBIallZNnhIZk4ybm55bzJhUFRtMWVmVmExSVRKVU9nMWdESVlFQU4tdjUwV2stLVN1cUlLc3ZUNlMwOGhPaVhyVEJybmhFelVOY09Hd2ltRzhralU3d1BDdmcxQjN1ckNhMXF5Q2RTN0tNeDZWMWdxVHM4b3pfam5BRXM5TUhkekQwMlNjeThPZWd5blZCSVBQNGhCUkRsV19tWQ?oc=5","The Independent","UK","1784006940000"
"‘New’ US War Against Iran, Fed Rate-Hike Bets Mount, More","https://news.google.com/rss/articles/CBMipAFBVV95cUxQQThhUWVkWWRNYUpweEgzc2VXTXZOQ09KMGJVak52WExaRkN6MjJsU1dfSTdZajhsbjBENzdPTk9XQWl1dzduNmgxVWFidjBaX0JENm4yR2JvUjhZdjlndk1EdWZnNHd0NVVOdXVYZDFmam84UlVxQlJHRjd2T2xIVzd3ZFgxV3JnSUQ1WnZQOHEwV2p5OE11U3hBRGRmQ1hlbkRMcA?oc=5","Bloomberg","Global","1784009873000"
"Iran says oil exports continue despite cancellation of US waivers","https://news.google.com/rss/articles/CBMitAFBVV95cUxNeWwtVTRJa2ZXdm5WbTBlSjFKQWxGTlN4V3MzeU4tSC1zX1BiN05kWlpSMVJFbjAtaC1fWENUTW41MFpOdlcwVTZfaDlCbmY1bzRmcTViSE1sUkNZck1JV2xBNlVWQU5xNUtjRjQ1aXE1T2tSSUZKeHduWG1oUzVYRnYzNndPU1NnRkJ3UzMtOS1CQ0pkM0paZm1oY0FCWkNiUURLUmVkTGV6NURhbmRGb2pVU1E?oc=5","Reuters","Global","1784009280000"
"India Inflation Risks Mount on Renewed US-Iran Tensions, El Nino","https://news.google.com/rss/articles/CBMitAFBVV95cUxPRjUzaGtrZ3RReFlmRUF4VjJTRDFtb1BsM01nZzVxVmNtbUJ2MFYtcnRLZ3BqS2ExaWhFaVJyMG16X1BhMGRZd29nUDl0S2x3UlNYYlpjTzF1VlFhSTBoWnB0SEE1ekljRjRJVXBNeGZwU0NzVEpPTllFeGhGYW14Mlg1TjY3ZWFCSFdjQjEzTkJrOHhwdlFIRnJwdW0waThiN001TGtlOF9SMFNnTjBIR0hVd3E?oc=5","Bloomberg","Global","1784009160000"
"Bulletin AM briefing: Blair warns Burnham and US launching new strikes on Iran","https://news.google.com/rss/articles/CBMimgFBVV95cUxPSFdvRjZ1N3REYW01cVc0bF96T0syczIyTVo3bV9zZG95RmhHajZFdGZQTzdQekZyX2h5R0dPOWx5NFAwWS12RW9YeXFqaXJCcjdDNjFZUEZvUnpXZVd2QWl6SElvb0h2QzVUX3hXX0FpaEJiMmNwSjJ6Umw4OUlxUHRhZmtaVlJzUDA1MHhFZHRFRHpYeUNFUmpR?oc=5","The Independent","UK","1784009760000"
"Oil prices surge as Trump launches third night of strikes on Iran – latest updates","https://news.google.com/rss/articles/CBMimwFBVV95cUxPOVVMRVpDUVg4eTF0WFROQWVjSl9JU2hlbzdSWm9vMzhSMTFSUFRkZlBGRVlKVldvMTlrX00xbjd1VDZIRVBjNU9uVy1JcF9NUkoyZ1FiRmdHSTdwYmhMYkpkZ1p3aDJHUFFTX3NIdnN2LThrWnctVE10ejA1NWxQcDdHNEs0eW5WUGNZLUJ4ZEtUQmJXWGRrRThzOA?oc=5","The Telegraph","UK","1784009220000"
"Oil hits one-month high as US, Iran step up attacks in Strait of Hormuz","https://news.google.com/rss/articles/CBMiqwFBVV95cUxNOGFWZG9yY1hSbDluYWdJa0M3QlhsRDkzVngwRDc2aVNXTWZMUWpxX0oxdUJxUVB6UlcwMkpsX0lpZThVcDd2WkdhMzdqWUFlMGExT0JlcGt2d0pSWXplbGlVRjVXNWNZYmtfMkZob1huOGRRS1BaRms1ZUJhbHViU0QyWXpReThoeDhWYlktZVVtcG9JRTFzakJncm4zdzNqQklHaEpPTWt3cm_SAbMBQVVfeXFMUDhKWW9hTDM5NjBoa1dzOHFfd3Z5Z2hFc1lFV3B6MDlHbWJnZ3BKNWZjc285R3R4T091bV9uMXhoamVTaVNTTkVuZlR0S255cEFmTDFPdTJjZVpXU0lOOGh4S2hNZ244VkxrcHpJUnY3V1RKa09PZTNoTWpnU0dSbnI3WlpPTmNZVjFBX3oxYU5vT0Y2YTJHVlFFNFBvOHVYb3JPTHlsV1ZheVV6R3EteUphUzA?oc=5","The Express Tribune","Pakistan","1784009658000"
"Iran says oil exports continue despite cancellation of US sanctions waivers","https://news.google.com/rss/articles/CBMivgFBVV95cUxQNnNocHRrTVhVZmxKalByRmkyNzNnYVV4aElhLW5QN1RSN3A1eVpNSEFsMXd1SmI2T1lIclpSVlFpZFVadmdiZ2VoLVV4Q0xpX2VTbjBsNmtjLVVNRXI5UDZ0WjJOSGZPbHdjRVNJS0RqQVBNX21jWFJIOXlhMXdQQlM2Szc0UXk4UURPUUhKSUFjaFhsTXlwbHBCcXJ6UVk0R25CUEpzSkY2R1FWZW40bWZNZkM5RmNUMV9VS0Nn?oc=5","The Times of Israel","Israel","1784009564000"
"IRAN'S OIL MINISTER PAKNEJAD SAYS DESPITE U.S. REMOVAL OF OIL WAIVERS, IRAN'S OIL EXPORTS CONTINUE AS USUAL - TELEGRAM ACCOUNT","https://news.google.com/rss/articles/CBMibkFVX3lxTE1fSGkwOUpjWU5uVk1JcWdPZU51WTFIbUQ2Y3k2ZVR1N0NSSVRHSHdUNEhKV3FhTHlaM3hYdkY3aTVFMDVYYXF4dGZxY0FRT2NUbEh6bDB3MlVfclpDdDlEU1U4M3ljdEZha0JkZk13?oc=5","CGTN","China","1784008576000"
"With US-Iran trust broken again, can Pakistan bring them back to talks?","https://news.google.com/rss/articles/CBMirwFBVV95cUxNMlN3RjJkSm5VRjBuUW40cS13d3ZDaG5vWHdZTHlZT1lWLTBTUnM1bTdkSENkV09XbklmZ1VOazUwZ1dkNWVFcldUTG1vN2c5Mm05NGh3S2FLWHE3WlYzY0hOMHVUM2RjQnpLVnhWUk9UdnJuMDN3QXQ0aGNEa2V1TWpfeC1lX1BfRzYwd2gzZ295TV9TVVZHOVhVanpNSFp1ZExmeHhnblhDeHI5OVpn0gG0AUFVX3lxTE01bWRESkpYREFxVThSanRaNVc4QU5wekktSU1TYURSd0RqSGJmOFJ6YXppV3JDS1NwMWxvNkpCMG4tdkhYSjJqV2ctNUdZRnVlQjAxM3NsMXZNc3p0SUNyMGg5ZlNVQmxGU0dCSUhacnJ2ZTNUb2NPRDlzblNheWNnQ3VFVGZETWpsYU1mTy03blNhanF1dXc4a0RFLTMza19hNmtEMk1aX0dvQWJ6Z2RfNnotZQ?oc=5","Al Jazeera","Arab","1784011964000"
"New Delhi summons Iranian deputy ambassador over killing of Indian sailor in Hormuz attack","https://news.google.com/rss/articles/CBMi0gFBVV95cUxQOTd4VDFoSGozMEQyRUR4eU1fQ2o0NGRCVld2TkVlbDludURSdHd4RU4wcmJycHdQVnhlT3RKVi1WTU1xYk5iVlJBWDBNRGdXTEJBWmNORURUdGlmbDNrSGpJS2FuYzdkMXllOXNsVS1KU1M4bXpiUkdZSWJjZjMtd3dkemFuZkViZHhSN3lLUzdkeVFrb0hyLXdFLXBiU24wblhkQXp3UkYwVGsyR2RuZDBzU1ZpTzVIYjJFSFhCeTlhMk43eW5ydnN5XzEzTUJtblE?oc=5","The Times of Israel","Israel","1784011664000"
"US Strikes Iran for Third Day, Will Reimpose Blockade","https://news.google.com/rss/articles/CBMikwFBVV95cUxQSndnYzNIcXVYaVoyV1JDODlISFBZVm81QXMyNVpLQ0RfU2V4Q3VnY0gtUXk0YXd0a0gtWEJmWXpmUmhrMnNBeWVqSkRISzBkQTZZLWc5Z3VWTk9WbGFQZ1Ayc0xnSDNvRGRHbXVQcjJPMHRtZ09vY1p2dHNTUWMxUEwzUG55NlN1eHVubXZHbXRjSjQ?oc=5","Asharq Al-Awsat","Arab","1784011638000"
"US launches attacks on Iran as Tehran retaliates against UAE tankers in Strait of Hormuz and Bahrain","https://news.google.com/rss/articles/CBMiXkFVX3lxTE42WmdmQ3B5VFN1YXVBcnhRTlZkX0xrSzB2Vm9mdWdmWUZCVVNseFFMdDctY2dTOFl4VEl6TFVKbGdrWGlONXVnUkJwZTUzVzVsLTF3RUhTb3luc1AxT3c?oc=5","Arab News","Arab","1784011500000"
"Lies and endless wars must stop:' Democrats denounce Trump’s renewed war on Iran as unconstitutional","https://news.google.com/rss/articles/CBMizAFBVV95cUxPVl9YUHRyNXpWZmdOTngwR3BGdTdta3dNNmdnRlVCREN6djhMSXJFdTE0cVVjUEhmYktPa0Q4QmhvTjR5Uk5pSHNOZ3pVajZOSWNqR0tnS3I5azVWLW1WdUZXNndqN3I1Q19DWW9WcFM2QmxXYjRKaHlkckFFU0lJOGxiRnZVOGRCOVVkN0NDazZJOFpzMnhDZGVQMlFVeDhSdGlPT2tCSVhvNDNhUFdIQWRpYUJHY3RhRmkyS21fb21YaEpteTFobzlaWjg?oc=5","Press TV","Iran","1784010900000"
"Iran says oil exports continue despite cancellation of US waivers","https://news.google.com/rss/articles/CBMioAFBVV95cUxPcGhfSGV1SW1KLTR1S0V6SWJKR1M1WDQ0YXVpV0xMcVo4MGYtZVN2a1YzUDZzdFd4OGk0bnJEbFlKbWZVdDI4T1RlOHJUZWxzc2xUVkhoRUNfU2dIa2FLZ1I5Q0xqODByRWxHZTFYaS1yX0tiS1RRWGNkZ2p0Tjg1RV9rZEZ1QVRpRC1zeFI5ejhrOE9Ddl9sclNvUDhYVjNz?oc=5","Dawn","Pakistan","1784010549000"
"Brazil’s Lula slams Trump’s Hormuz tariff plans as ‘piracy’","https://news.google.com/rss/articles/CBMikwFBVV95cUxOeHdiUm0xWXBJYjAwR3hWbXBRLWdiRTF4bjVPSnJoRmVhT3loRGpqeDJ2bDhDc2ZGb0s0a3ZfT0stOGVrQjI1V1NLZUV6WUVmVFNDMFk5WXdyUjh4VHg5U3JYX01TUVAzaUx3SnlrNlh6cUVHdFFnYW8yY1pKc3RGQy04YWZEZGliR004YkZCTjI2cTA?oc=5","Dawn","Pakistan","1784010243000"
"Oil hits $85 as battle for Strait of Hormuz alarms energy markets","https://news.google.com/rss/articles/CBMicEFVX3lxTE5SLVdtazlONmVrY19zRTR5U0ZtWUhKSjRtU2ZJSjhTcG9FQzJqZEtwZE1sSEpaVU1SZ2NRZVNjTVBxZDlKa0N4aFo4V2xEYy1aMFR3VXREUFVnSUJ6R3V5ZUUxVEg5VlFwQ3F1R1VmSl8?oc=5","Financial Times","Global","1784012318000"
"Asian Oil Buyers Look to US Crude Again as Iran War Intensifies","https://news.google.com/rss/articles/CBMitAFBVV95cUxNZlN0Q09ZTWZSdW1WRExxVlVnZHhnMjhMMHVGdUVGbk1KbTRQMEw0RHNzZW5KNkFwMlJhallLMW1FYXRuVUEtaVZVSnJ2MU9LcVM1bnljWFdZQmxtMFNTYV9RNElmSlhGNzIweWhDOEFKMkNqbzRUS2FCTnNWTk5JM3dsYS1DUmw0bnE0Z3M0aWNRNXA1WlNVQWdaaWI1QVFueHgxNkFOb2ljTkpjcmx3YnNndDM?oc=5","Bloomberg","Global","1784011080000"
"Iran says it struck US air base in Jordan, US military ends five hours of attacks","https://news.google.com/rss/articles/CBMi2AFBVV95cUxQRGh2eGhELUNpX3I4SGEwLUt3Rk5HU3RubGRpMnJVNERTR2drR3ZPN0FsN3NiMzZibjJjdG5KbEhqeUplTWk2dGFyVXlXeFlDbnVoeTE3NEY2cXNJVlQwdlNudGFGa2xzWVJRRGMzZ3FjMVdSalNmaXV5Mm1mNW9KM2Q1Z3BnOVRTVnhRVl82UVJhMGIyUEZGQ3N1dHNRVFBIYTJlSlVOcjY0cXlFWHFubVRvUVU5RzJyN05Jbnd6LVpKWm5BUFdzME5HZ0E5R054OGt6Zl83Szc?oc=5","Reuters","Global","1784010960000"
"US releases footage from third night of strikes on Iran","https://news.google.com/rss/articles/CBMiV0FVX3lxTE8ybnAzVm5WTEk0OGpNWUFtdUdmYm5IQXdlRldOMmpWbkFUZG5lOVA5VHM1c2pNOHRITDMyckhMSUM0LUFqaTRaMHU3S2FndXhXclJjWHF0TQ?oc=5","BBC","Global","1784010471000"
"Iran war: Oil prices surge after Trump announces cargo toll in Strait of Hormuz","https://news.google.com/rss/articles/CBMijwFBVV95cUxNYXRzY0JScnVjU3lqVVBYU0FfbkFBRERvdG9oV01JQ2pjVXQwYnNhekN2STM3VVlfNGJ0Z0pRTUh2Z2NUMXpsNXdPbVZtaVJmRDRKcE5DdVBmVkEyUVFKYkxBMkhpaGE0bkVfNDhwY29MRFIxa0RYeU5qWGYwa1pHQTVVdjN1T2VsZm5PQTBKcw?oc=5","The Independent","UK","1784011500000"
"BP Sees Further Oil-Trading Gains as Iran Conflict Fuels Volatility","https://news.google.com/rss/articles/CBMitwFBVV95cUxPSWlUN1ZIWHh6a1d0c0ZuMFp0cDJoek1md29LWkhaSTY4dHZBcTdTbjlDWE9mV0JBSV9KXzlINEhrOFhodDVUUXBHdlMyUUZoU3hjbGFMeVlPTF9KTXFjM3ZMZ2Rzd2JFMDVOejVjcWxWVXFrOVA3dWRScm9qczBwaHNiNE1ORWt3MjhnV2lxQ2ZCREljWUZSYW1KbDg5WUFvTC0yaHlnbEVnWXR3RnVfS0k2UDJfSEk?oc=5","The Wall Street Journal","US","1784010780000"
"Iran Executes Two Men Convicted of Links to ISIS","https://news.google.com/rss/articles/CBMiiwFBVV95cUxNLUZZZi1nMXctaWJaOWl3eEZ4WkRFT1dId3dDQ19BejJBME40ZFAxLXhOVGJweVdxM1dZcHNtV1FYbU15RkFPY1V2WkVKejY1WE1qdW9lWmJSYXp2VS1OOUJpdHRuQkM4YmwxTkMzUklRcW9tWk9raFo3LVRTUmFaZXR4M1J2dzFUTENr?oc=5","Asharq Al-Awsat","Arab","1784013914000"
"Washington turns the Strait of Hormuz into a tollbooth","https://news.google.com/rss/articles/CBMisAFBVV95cUxORmVXLUZMcFhvMUY1YnV4MVQwOGR2dU1PYTk5d0pQQnJENkpBTjdNbkxudWhybXc4cFY0WWc3UGZaT2F4SDJVb3h4UzJDLU1OallLdUdVczZ4MDRmVUIwQmdpWXpHWUZxUDkxQTlQUE9rRTgzampVZ2NMdkhmMnVzb2tDdEVKSV9LLTJtVkpDYXc4dHUyNkRWUTJfQWhNU19aMlRtRGdwVG8wNjJxN2ZnNw?oc=5","CGTN","China","1784013897000"
"US releases footage of drones striking an Iranian naval base for the first time","https://news.google.com/rss/articles/CBMi0gFBVV95cUxPalNOVk1qclpFUG5za2pCNjBad1RybjBOd3FobFpsY09qalpHSTRnajJXZTF5T0V4U1Zud2dpbU0tbjd2djYxRGs0aUI5LVh6MGdWal9ITjJSNXFtS0hpSnMtakEtb1ByZE5FemIzRVpXYm9tdnlKa3ZzVDZmeXF3ZGpLT3BnMWdfWGF3UjZyUjRrb1U0a1gwN1Z2b2dITi1PT1NtV2NuSlh4TC02Z2FkSmszSXlPTU5ZcjllRHR5Z2pJS0NCcGMwVW5WZTRYbXVmeFE?oc=5","CGTN","China","1784013440000"
"Bahrain Defense Force: We intercepted this morning a number of treacherous Iranian aerial attacks","https://news.google.com/rss/articles/CBMibkFVX3lxTE5VSFROYk1hbl9CcERGSGhoNm9yMlQtQ3hUaFBfMkpmZmlXNWgzYUFmTkVVQUdsYXF0NUJWbVJPLXNxVDhXd2ZuQm1UZVNvZ3pqaUxvTHR0TXRkdmVSa1BIQ2toeUVqekl6MDFmRVJ3?oc=5","CGTN","China","1784013253000"
"Iran executes two men convicted of links to Islamic State","https://news.google.com/rss/articles/CBMipgFBVV95cUxQNjIwQVVWcVkyWEg4bzIwbFdxSVZzVUdaVE1RMXZ6M2wwTnAyUnVjYl8zZWV5SE5sUkJkbXY5NmYzamZfVDZJWDk2NWgzdVRzbXBPd2pObWZybWo0ZWExdkx2SnA5QnR3clFabkxFYUt0VTNjWURoeDRNMnBUTTBONWhWYnNsdWV2cWhwV2ZobmRPUWRncEVBLThPUWp1RjZDOG1aVDJR?oc=5","The Times of Israel","Israel","1784012864000"
"Jordan Shoots Down 4 Rockets Fired by Iran as Sirens Sound in Bahrain","https://news.google.com/rss/articles/CBMiqgFBVV95cUxPLUh5ajNKQzAyTkJOcHcxanBKZE0xaDg1SGJ6LXhMMUd1XzZQWnVHdFVseXB2Vml6SVptQ25TY3JDYnVFV0NSZy0tUVlSamE2MG9LVjlfMzJIYXQ4cDRpSmIwVHAyckRvQl9QMGhJVnhLUldTazVLRFJjSlN3d0FjSFMzY2lVOVJrTHJxRG54MkNFTHFJbW1qai0wT2xsTnFJTTNuZVpVZmdmUQ?oc=5","Asharq Al-Awsat","Arab","1784012462000"
"Trump proposes 20% Hormuz toll, Iran says it'd charge less","https://news.google.com/rss/articles/CBMiswFBVV95cUxQRUJkV3U4TVZ1ZlhRUmJKVnRSODJxTXpjdHpnSFNKRkdpdWxRS1pSaHZ2bDBucGUwcGVIQkw2Q3pEMFUyWWZSUkRBMS0zZno5aW9zTzB0OVdjUjBIdFlJMDJtMnJzc0Y4Z0l5UW1QN2hveE9BYU14UGdlUnNGV1B6LU9NMGR3SEFURkNYQUNWT2V4OUpJRExjelQ4NFpDcjJ3UUJiRnM0X3phaWZqUGl2QzFSaw?oc=5","CGTN","China","1784012299000"
"US-Iran Conflict Escalates: Iran accuses US of undermining Strait of Hormuz talks with Oman","https://news.google.com/rss/articles/CBMieEFVX3lxTE9pRzNoTU96NkUtdmdHUzlpb1hlR21xS05takFQRWNzVXdKNjVtUGFDTGZTSEd4dmtYV1ZTUl80MFU1c1hXOXJoMGptSkFrMzFMcEFSa2cwa1ZBMGdWY3BJaHd4RzFEZTdPZ1lhVXowc293WEc1TUh2bw?oc=5","CGTN","China","1784012024000"
"Tanker hit by missile in Strait of Hormuz, maritime agency says","https://news.google.com/rss/articles/CBMirAFBVV95cUxOMFZXbFlYYzNRdjgwWlhZS3dDQ1R0SUVWTTRUanpnNTNqUW02b2xCSmQwNkNHUVNtVUpiaUFFcE1lSFdTY2ZDSVhZV1JYV1Y5ak1tUXl6NnJRcE9xR2QzMG5NVXdoZ1lvcDdfbWZ3RkU4MTdvYmo0NUFfUkYzY2wyeXhaZ1N5aEg1MXlRcTBxZzVSU0c0ZXhRVXlGbVEwWm1qeDN3S204VUg3X1d5?oc=5","The Times of Israel","Israel","1784015864000"
"China Urges US, Iran to Restore Safe Passage Through Hormuz","https://news.google.com/rss/articles/CBMinAFBVV95cUxNMkxpWjNQSUJvYWlYQTVlVVREekdCOWJiUzJ6TDFSYmtONkM0V3dLTWc0UndCcVJBbGJBQ0tnekdreGhmOFpCd3FEOFh2aG1lelppYkJ3alZERVRrU2VJRHhfZ1NzZms2MFRldFJuSU5QdnZ6aG1OMlNqdDVGVjFGNlpuNktwczJ1SG1FejJWMzhxWEZWZ05IZHJ0NkM?oc=5","Asharq Al-Awsat","Arab","1784015452000"
"Iran’s parliament begins work on ‘management of the Strait of Hormuz’ bill","https://news.google.com/rss/articles/CBMiuAFBVV95cUxPY0g4R3ExLThYMV9hWWNORThNUlRFWjU4N1diYXBfb2QtX053bEV1MFZ6V1podzlnYWZ0eTJ3ZUllMGVJeWU4MDA0MGFMUDFrcm9YeFZsc19LMVRBdzNXOU81MUR0bVFHRDE5TmR6MzY2a1BUdGJHcVVIRHlSYnBhc3o5ZUVhNDBNN1hFeTBXWFRXdTJuVTR5ZzFzdHNlV0lCTHhTeWtfRTVJU3RoWXMyQWlKMTFyRjRE?oc=5","The Times of Israel","Israel","1784015264000"
"China’s June Oil Imports Hit Near 10-Year Low Amid Iran War","https://news.google.com/rss/articles/CBMisAFBVV95cUxQQkpEdllEc2RYakFFM2ExWENIazNjaG9HSmwyUjBpMUVRSzRmdTBsd0hnUDkyZmJtVnVCTFdtakZNa1pIVlhSbEprNXh6TWp0RUVNTzlBNS1mSkRKSEdlZExScHExSGtvdHJDQl9sdlVTQm1xYXlXa3dUTXdWaVVoZFNlemhONGhMV1F4TTZ4RlpjS09wQnQ5c3dob2V1Tl9nTlpNcEdZQkFDaTBPUkxCOQ?oc=5","Asharq Al-Awsat","Arab","1784014357000"
"Iran-Backed Houthis Strike Saudi Arabia in Major Escalation","https://news.google.com/rss/articles/CBMirwFBVV95cUxPNE1NcmVmaDhWbHFrQ2xJeGVlak1jQnUzY3IzTklINUV2NXN2RnBqdVZyVUNLX295NWZDN1dYS3RweXhEZXBoZDZxbDh0TjVMcHpxaXlJOHU4Mi05dHpJQ2k3MnJMbmdNRFRIbUViMGxYNFM5bklvSThNUnNrUmh3S0FDbzVpRGs1ZDdfXzRoTUI5bWEybnkxLTcwaHNPMU9oMEJjelh3bmhHR1VlUnNj?oc=5","Bloomberg","Global","1784015499000"
"US to Blockade Iranian Ships, Russia Oil Price Cap Talks, More","https://news.google.com/rss/articles/CBMirAFBVV95cUxQc1d6OWZZU0diQm56Y09BVEFUdV9GSl9ZY1BPS01aMG5iTGJiSmQ4SFJSa0hzcGplM0hVd3VweGhqcVcyMHFCMWg4ci1QTmJtb1lVVHpnSjk2aV80TTN1Q1lvTnk1TWJyLWtjdXo5dTg5NXR3QzFNcWNxRDc0eFBlRFdsSUQ5NVdJQjl6YndKeEl6VWFzU21xMWFwR29sOEVyN2dJdkJRX3lHMjJ0?oc=5","Bloomberg","Global","1784015290000"
"Iran ta kai harin makamai masu linzami Bahrain da Jordan","https://news.google.com/rss/articles/CBMikwFBVV95cUxOMFlKb3VaeDlPSXItUFR0YkJkT1o0QURaUlNPaXc4UHpNbkpDTmNqbFk3NGxNU1hRNnhGTUpxTDhmX1pzSHlLYkxUSTF3eW5lMm1tOWxrR3lqbl9iSEE1RmtPcURERlBHU09DeHpkRjBTTFZ4b2JJYklTNHpSZTFHeVFDZ0xISndySzQzUDJUM3I4NEHSAZMBQVVfeXFMT2dpaU5Zc1RPRTdMSzBqTkZaNFVsQ0RPc3diZnhHYnBlZ2NvSWYtQWwwa1Z2ejRRMXI2Y3NzWmNGVnRlazBSNTRHWVJWYjZLSk41ekE1MElydFlZY0w4SlNLVWw1MHk2NVJZUldKbHNwaXFaMUlIZTVNN3lkTjlITXl0aWhtcWdTdEc4czBvSWJkMWdn?oc=5","DW","Europe","1784014203000"
"Most Gulf markets fall on US-Iran hostilities","https://news.google.com/rss/articles/CBMinAFBVV95cUxOSEYxR3pORjFGZWRWaDVLRjFydXg5aURMT3JzOXhPa0JzamlEZFNpSE9uQjFNclAxRkdXRmxiTmJFVFRCYlE1RmxzcnRkV2RIRzI0NzBZUTF2WldGSDE5MmxSQ3YzOXRtSUZFZlVTSVExM2NlU3ROU3FfMGlRUUxfdXBScWxVUFJqS1cyNWpqNWR2dHJVZGkzdGFJTnA?oc=5","Reuters","Global","1784014149000"
"Iran hits two UAE tankers in Strait of Hormuz after a night of Trump strikes","https://news.google.com/rss/articles/CBMioAFBVV95cUxQc0o2M25LeU9PcV9PZHNZS1NGdHVDVXFCc0VLTTJfcWRra0N2Z3A4M3I4WXFqSnd0TncwcjZyWFNQbVlYeVVUZEptYnhaRnpSd0dBc1MzRTE4NndlRlFTS3hLSU9oeHA5NzVDZFB1RUVZMEtEOG9kUGk5OWYxZlJuSC1peklMMjB0bTR0cW5yVzktUE9qdGg1Sm1Zb3A4UXZI?oc=5","The Independent","UK","1784016000000"
"Prisoner ‘assisted Iran spy Daniel Khalife after jail break’","https://news.google.com/rss/articles/CBMipAFBVV95cUxNUy0xZkdicV81bFNKX2VGcnl4bG1xYW9JSDdEeFFvSU90MlhOMGREbTF5RW5POEhQR2ZNUHR6dFYwdkpmTk44UUJlSjFhTDF0TDVsS1p1WDVKTVFRcko1UWY1SUxYZzYxUEI5UFViZWpEM1ZycFktNXVOZmQ4SE1mRXBMdHc2eHFvWVdNRTRMVDhMWUQ3dlJzTmY0eXAtZ3E0OF9lcA?oc=5","The Telegraph","UK","1784015220000"
"How realistic is Trump's 20% fee on Strait of Hormuz cargo?","https://news.google.com/rss/articles/CBMiV0FVX3lxTFBRel8yRUJ5SHNRdDZaWmd2bExCc0JVWmNtdDNCampuSWlMSFduQW5sM0NUdGFzbjQ3R3FYLWFOb1QyYWhzbnBUTmdvZFlKa2lPUDhjeWVwWQ?oc=5","BBC","Global","1784017145000"
"Oil Tops $85 a Barrel as Trump Set to Reinstate Hormuz Blockade","https://news.google.com/rss/articles/CBMitwFBVV95cUxNSVRCZUFCQUdKV3NZd3Rnb3Q4a2RZVmNHZ1kyQ3V1aGNMXzBMZE1RcF9ScjVTUVhrUnNhQVVEdV9uVkhVRXZMOWxVdmJDNTlXclQxVjJDcFpGMVkzaF9aMEdNRGxFVTdMTm1mdDBHRENyX3YyaG1FNS1Jdkh0UWJVdXNDcWIxUHo2Nl9DbHlGRVZpc2tWZVBiQUlKZE1ZaUo1X2pnV3pKanlKMWJaR1lvVEo5R281R1k?oc=5","Bloomberg","Global","1784016957000"
"US strikes in Iran continue, Trump says reinstates blockade on Strait of Hormuz","https://news.google.com/rss/articles/CBMiqgFBVV95cUxPeXBBaGxOR2Q2QjJSVjRNcldTeDVHZXA3cGVkbE9oTFZza0NHdkx2djBFUnl4aDBWZ29NdXdTSmNaSnNadXNxYmRvbWF2RXcyd09GNHpxNTdiREpYcV9GckZsT044akEwT3VlZWc2SE1ZbVFqaGdzVUpUS292Z3lrT212QkgtYW1nemJmVTF1dTlhTGlhOWxlT3J4V1Qwb3Atdkhrbzdjcnk5Zw?oc=5","France 24","Europe","1784016746000"
"Iran ta kai harin makamai masu linzami Bahrain da Jordan","https://news.google.com/rss/articles/CBMikwFBVV95cUxPZ2lpTllzVE9FN0xLMGpORlo0VWxDRE9zd2JmeEdicGVnY29JZi1BbDBrVnZ6NFExcjZjc3NaY0ZWdGVrMFI1NEdZUlZiNktKTjV6QTUwSXJ0WVljTDhKU0tVbDUweTY1UllSV0psc3BpcVoxSUhlNU03eWROOUhNeXRpaG1xZ1N0RzhzMG9JYmQxZ2fSAZMBQVVfeXFMT2dpaU5Zc1RPRTdMSzBqTkZaNFVsQ0RPc3diZnhHYnBlZ2NvSWYtQWwwa1Z2ejRRMXI2Y3NzWmNGVnRlazBSNTRHWVJWYjZLSk41ekE1MElydFlZY0w4SlNLVWw1MHk2NVJZUldKbHNwaXFaMUlIZTVNN3lkTjlITXl0aWhtcWdTdEc4czBvSWJkMWdn?oc=5","DW","Europe","1784014409000"
"Hormuz tensions send PSX tumbling over 4,200 points","https://news.google.com/rss/articles/CBMikAFBVV95cUxOaUhhNGYxOTZjZkowTzBRUDFkOS10Z1NLd2dORXRBT0RzZE9uNzFZQXAwZ21OWEVwOTE1d0hJVE9yeWNnMFBfTnIzenRLb09ib0RwSUwxLXZ0S01rZjRuUW5vdTZRci1HQzFxVnBGX2w1MC1mSzlTOGFGMlgtRkZ6SkpmSlJMbUxHWDhrV1FpcWHSAZgBQVVfeXFMT3JwWEJHTWMxaEdDUWladWg4Z0Z4d3AxaERjM3pJZ09OSW9INUZOMXhXMk5VMDJFX3JlcnVrSEw1SFYtdDJLdHNDVHNIdDI1N3U1VU13NDdEMkdlTnE2T2ZUdmxUc0dSb2pSSVg2RGJpVlFfSWxyTFVldlJfaWF6djVyXzdaOTYtd1h0WGhTbm9XLXIzejgzajU?oc=5","The Express Tribune","Pakistan","1784017353000"
"China urges US, Iran to restore safe passage through Hormuz as soon as possible","https://news.google.com/rss/articles/CBMiwgFBVV95cUxPaVFTa1FNbDRlMDhhSkp6ZWp4anJwMkprRldfdGswUG9ZckpqaXVmcm16ZlVrRWVJS0F5b1FOcHM4WHM5Z1ZqUDRtdjFzdDRfR1NDUFZqYUdMemJFdjVVdFh3SHBJbE1LZ3dxc1lYbFBtY2llZjF6b0tuOGZDakZjLUZuY0lwdF80NUsya0x0Wm0zXzJ0N0I3LUc3M0hDSjFjanp3SEVDYk5qUWthUy1ubTFpeXFfeGY0WFRwRk9seVJkUQ?oc=5","The Times of Israel","Israel","1784016164000"
"Iran Army Spokesperson Brigadier General Akrami-Nia: The Strait of Hormuz will never be opened through war, aggression, or American transgressions. Respect for the rights of the Iranian people is the only way to open the Strait of Hormuz. We are obligated t","https://news.google.com/rss/articles/CBMibkFVX3lxTE9rbktyLWpZemhfVU9adHozMm96cWJaV0pzaDZSRDNIb0szOFZCMGZIVm41am5fWnNlcDdLeWk4bnFLdVZsenZSeXVxbFZ3cGZzZjdJUnY5Y0QwV1VJc2hGTVZ4SVJDM1RpRDJUU3ln?oc=5","CGTN","China","1784016094000"
"Most Gulf markets fall on US-Iran hostilities","https://news.google.com/rss/articles/CBMihgFBVV95cUxOZ3k2b1pyUXg1dkJ2dW8wQkhhQllBUjRTeWpLMXJWZWUtRjhrZHhWYzlTcUoxVVZ5cmtBUHcxcEVqZHJZQWNoR3Buakl1OVVtMXdrVG5EbktMZHlrLUsybUl4WVBlVk9oRTUyY2NvN2JNYnNMYzBpakZ6aW5nX2Y3SVhtTlhnZw?oc=5","Dawn","Pakistan","1784016046000"
"China urges US, Iran to restore safe passage through Strait of Hormuz","https://news.google.com/rss/articles/CBMipAFBVV95cUxNd1YzcFlqWF9RZXNhQUlIaGdRNFFiUU9WR0JsZ1RmRUxtcEp1WVNxazVhekd4VjcxbWd1ZmZ1SUdPZlRyc0ozc2N6Q1ZneDNTdE5mWXozWHhhbG1KOWhHVUFET1loM3ZJQllNVU11aENOOUpETzVhWWRfUEZsUmxYSDlsSkhJY1BhaGt4NWtQa3I3cnJGa1FrdVVGZm5DQXJUaWZCVg?oc=5","Dawn","Pakistan","1784015289000"
"Iran executes 2 Daesh members convicted of armed rebellion","https://news.google.com/rss/articles/CBMiXkFVX3lxTE5KZ28tWVZ1LVhlcE5FVjBYYS1waVRVbjlrUUZVREdhalkxLWZZQ0JhWVFFSlNIVzVPc0ZBYUlxRnRHX1BoQzVtUVRvd0JrYWNZaUR1Rks5bC1MRWFaYnc?oc=5","Arab News","Arab","1784014347000"
"US bombs Iran again, Tehran strikes Gulf, tankers: What’s the latest?","https://news.google.com/rss/articles/CBMiqAFBVV95cUxOMUZjVUNKbnJIVnVlYmpqT0Jka3k5NDBWMFdYYnJURGJleGl0T2pGRTE2M084eGVJdi1IRjVoTXNiQlgzQ296aU1GUjdpTHlxZlNteG1kcUt3eHFsTEZlaTduX3F4WmlEaUdrMnYxWW9HZXVNYjhQMndQUklBemFoTmtDNV9KeDZGbVdFbEpwY3BRT0VXRV9IUUFsakZ6YmZXaUlJUlB0ODjSAa4BQVVfeXFMUEZZWmNjb3NSLV9kejR2bzVocklHWjUwOXdUYTZ6NzRZUlFQYmtjenA5TzVIYXRUZTU2NnN3UDNXWDBhaVNOV29TSEhSbktDc2IxS0JnZUdDX09BSXRGOTJqSUpYRmFxWjdvLUliR2VKbVZOSEJkUHpHTmpWTUdQTXBFN2Z4eVJLanlPS1hRMnpmeG9WTnFVYm1WaldNUzUwbllIWXl3UHJaZkRqYVhn?oc=5","Al Jazeera","Arab","1784019156000"
"Iran Parliament introduces bill to manage Strait of Hormuz amid US interventions: MP","https://news.google.com/rss/articles/CBMitwFBVV95cUxOMHBKcTRtemp6clQ0MVNjSEdIN3hSdTRGVk5RRllzLWRodWFscDhMblZ0UmdtcTQ3aHRGTXJ3T0pCYk9iTjAwNVZycWtKaXk2VHFEbVp4WUZXVVkzMGMwb2dmNHMxeWxoaFA2U25VWU54ZVJCcml4aWxNbzd1VDZHYjBPOUJFWHlWRHN5ZnBJZGpZRzhONWExUi01aVM5MnhJZlNpblNkak5xa3p1cGlwZkVjMnFYR2c?oc=5","Press TV","Iran","1784018340000"
"Amid escalation with Iran, Trump administration to hold key meetings with Iraq, Jordan, Lebanon, Israel today","https://news.google.com/rss/articles/CBMi5gFBVV95cUxPS3hkQV9CSjlOTXZFYjJYeHdOTVc4M2UtMjFYdHY3LURsQi0zdV9zX29wWW01MkFGQm9KVVZ6Wnd1WDVjTzZ2c1BsRU9XRTc5d1M3YjNDTXUxTUZWdHVHaUxuWFFleDBrX1AzZEYxa1FCcTE5UE1TRzZqNS01QnEtNEV6aUx5aHFHZTV2VHd4T0l3cUJ4N3VZcV9FUFRRbDBsenpXUmxiLUJrVmdVUGRidkJCWVlqVkNKY3FVQzVPWGxTWXNkNF9vc0Y0SnN2dy00N3JzbzhUanJFaG9oRzY4Y3gyZzZvdw?oc=5","The Times of Israel","Israel","1784018264000"
"US military releases video of its latest strikes on Iran","https://news.google.com/rss/articles/CBMiqwFBVV95cUxOdzJWVk1wZ3M5Y1cxU01xRTBCdUpTVnlwVnNfQmJnanJjSHNhU3BPaDlhel9EdkVNTmJ0eWtzbkxNaVNpM0hXZ214enNsUmtzUkk4SVNldXNKTi1lVXlEYWo5cEJMUjNfYTh1bzQ5N3phdDI3ZV80ZUExX1lzSmNRRTh1Nkx1UGpKeVNlOWp4UTJkSnQxWTdVNjIyVTllZEZoZDFMS0xaLVRTc3PSAbABQVVfeXFMT0o3Q0ZoMDFzMkR3Z1FnWllnZ1ctLTMxcnhULVFEb2JXNGNMNUJZdHpVY2ExeXc1bVRHaFpyemhyTFhVeWNzMFBZdFR1XzFjb2FpaVJTcUpJOUx1S2ZLME94VmRzQXAzVU9IRDBDZmxGcXBmY1RadlVMSnlIUnJGWkJTTVBodUJnZFlJSzkyQVI0cEROblF4S3RWWWExSHRHU2tLLVRMckltVnJfUWJDdWI?oc=5","Al Jazeera","Arab","1784018222000"
"The Associated Press quoted an official in the Trump administration: The Iran file will be present in the Trump and Zaidi talks in Washington","https://news.google.com/rss/articles/CBMibkFVX3lxTE5PaERWQWhfempmRzBKQmhRT21SSGo3cjJUTks3NkRVRVdZT0ZWNnpGNFJkR0Ewc0lQQmFNQ0J6ZEoza1Fpc3JfOW5IUEZSRU9aTVpSazlSQnFwbVE3Y1JQdXR3R1hhTGdoSG1uUkNB?oc=5","CGTN","China","1784017991000"
"Oil hits four-week high as US-Iran conflict escalates","https://news.google.com/rss/articles/CBMikAFBVV95cUxNWDJCQUZ6WWQtN014SHNBNE9qUjFTLUEzN09aLVdiSmV2VVVEeHpPUHprUlZpS3hRdExmOUU0bzBSSFFXcTVkM0N5RTNOamxPYTFLRndnaURGeEt3bVVjTHpKbmc5VFNhMU9Lc1Q5MlRodTRXXzJLN2xPc25keWxLMXhwQ3pQSFN3S1ptU3pXMkk?oc=5","Dawn","Pakistan","1784017620000"
"Live updates • Iran's IRGC says it targeted U.S. air base in Jordan with ballistic missiles","https://news.google.com/rss/articles/CBMikwJBVV95cUxNdF95bTYteGJKOW9DS3ZDWTY4RGEtTlB1c1czR0dZVlJVQVZndnhsZTZ5ZVZmRDduSWowWUYzZU1EMEtncXRrcnVIQVhRcU5rcGtnS3UxY0kxbmpOVWNvaWZISHNxbEhtUUxmWlFOSmV6VTdNQm5MUGxpM3RjemkyUExtVVYyR2ktbzZiOC10V1hfRVloLVNOXzNHekZicEVYbXQtR1c5YkV3Mm1ibEh0enlOb3dCYlV6YjVwckVBMHphSGxCVUVicVdkVEVuQTk2T3QtSS1oVVZRalBBVkZpWE4wMVlqRjN4dDEwRnVjZFlJeFdhOV93SmJjRWMwTGc5NVlSeTFZZTFGazAzc3lFRk1wVQ?oc=5","Haaretz","Israel","1784016480000"
"India protests to Iran over killing of seafarer in Hormuz","https://news.google.com/rss/articles/CBMinAFBVV95cUxQNHhTMmZZSWh2Vk9jWEVIVldJeUJ0SU1YenllOE1FMzZuRmhaY2RodDZLQUZFVFNITmJQcm56THdBVFdVSzZtSEJGYkg0Q19YN1BPRV9SLV8wZXZUX2twRE9neDRWWFRwa0czV3J0N1VhbVB2ckRqaWR6R20wM3Y4VHh0NldqZlFCb3h3WWpyTTJLVVlKQ3hGb1JId0Y?oc=5","Reuters","Global","1784019437000"
"Spot Mideast crude prices strengthen after Iran attacks UAE tankers","https://news.google.com/rss/articles/CBMiuwFBVV95cUxOUmN4Q2hMdDhRQ3ZIb0J5cGF2Rm5sd2tMUlppLUVtV2xmOU5zRXp5NVhkU0k5V0ZBSElqUl9LZVo0THZqRTYtaVFIM0ZiUTRUR3ZQb3VsekR4OHJESlNIWWU2SFQ4QnpRUmpVZldJUDhLdFk1Q2xkZHZUa2I3empXWktsc050ZjJHSFh4RVhGVHAzUEdOM0J5SDJHYlVKcC11bFUzellTOXFPejF5WlJVNElJdW9scVN2aEl3?oc=5","Reuters","Global","1784019009000"
"Trump proposes Hormuz cargo fee as US strikes Iran","https://news.google.com/rss/articles/CBMiZkFVX3lxTE96X2l1YzRvNWRMQ045b01kbm5Qb2tkU1RxN1Zna0ItclVqN1E2VDJlTWtLOUNXNWFEd3Y0UGlhYTZjbFROem02Z29Ec0N2UnRIYXdQZGVUeTF3RDlmRGtsU0RGZVMwZw?oc=5","Reuters","Global","1784018103000"
"We will deal with it,' Trump says as US probes reports of Iranian drones in Cuba","https://news.google.com/rss/articles/CBMitAFBVV95cUxOeTRhdDlLeXBhOUV6M1dVdnlLRTRyV2Nyb0RobDh4Ylk1MC13TFIzWktvVXhrTkFZN0ZMcFpUeVpWQ25WQlNJRmhpNFpKU2NyVzZ3QUNGMjFlMjJiS0RESFNEcHZva2Q1a3dQLUotWUJMQ1FwLU5UcGdJZHZMemRQbVpPNGUxdkNmZUh2NUpJTFpGN19GQUlVU2lrMXhGNUxVeXJhQkhSQ3VpZTNvVTVsTVFPUXc?oc=5","Euronews","Europe","1784017833000"
"US-Iran strikes: latest developments","https://news.google.com/rss/articles/CBMiigFBVV95cUxOZllwa1F1VFFvc0lEdW1qSmFJR2w4VDVFVG04UHJ2NHhtQml0NUViT3A5V2VWbDRVXzl3ZkVfdHN2ZEVQTTkteWVCSjhOLXpLTzdiUHM4UWFXcU5qYXJyLVlCVkZvMW11aFQ5VTBwaW1xUWxtNGhXZmR0aFo2ZGNTVWtMX1dNYS0wcVE?oc=5","France 24","Europe","1784017751000"
"Finally, the IRGC has been banned – but I hope Andy Burnham goes even further","https://news.google.com/rss/articles/CBMipwFBVV95cUxPZDU4VUtlZVFNSXozenFGdjJsM2tOWVp4ZDhVWEhxRXdkbFhYLWt6OFBLdDAzX2MxN3EzejR2b2hoelFRYkJ5bzhCT2tobkw5d1czMFhRUkF1eHQyeG02YnhZNGRCN2RmbTBUUzhFSzFZejhpVWY0TEgwcGpleGpkbUxTRW1oRC1lWXU5c2lVclE0aERKT2Qyd3RJMUJldksxQjhZX0ZCQQ?oc=5","The Independent","UK","1784019780000"
"Iran executes 2 Islamic State members convicted of armed rebellion","https://news.google.com/rss/articles/CBMirAFBVV95cUxQRk01eHVkWExfV3o2dDdVb3U5Y0VaWjByMWtTYnJjSDlfM2VZS3g0SWpyOGxYY09ZRmRWSi1USU9uZWhEOUhOeVR6aTV1bmlrRkpqSkdJa1hvQ0x1T0R0ZThZYXowT0NhX1VkV0tTNWZZc1ZDY2tTNFAza1BmZ3hwc200S1FfbHdqZ1FkQ0dILTBqSUZIQjhfTEJLUmw5WE0yMnQ3bmFFREV1b2hi?oc=5","New York Post","US","1784018160000"
"Dubai to build new port to bypass Strait of Hormuz as Iran continues attacks on ships","https://news.google.com/rss/articles/CBMiqgFBVV95cUxNSm5HN240UlZMSW9JMlNEV1dPZzZDZXQ4TUdaTkhFVnVVUWt0MUpzOXU4c3ZXckY1SjFpVmdOcUpiVUZaV2hLQ0I0MGxYMEZGNlZ1U1NWZEdGOUprTmN0ZllTUmpLaTVibkl1M1NQRFVRWDRwQVBqLWhFV0JBRl9SbkhkaFlEbmdjTHJWTmZ3d21vdnlhNGJVakw1U2dxN2VFQUt0cVlSUVk1UQ?oc=5","The Independent","UK","1784017920000"
"Trump hosts Iraqi PM who chaired bank accused of funneling money to Iran","https://news.google.com/rss/articles/CBMiwAFBVV95cUxOWURYbXFhQUVxdERtYmlzU3A4NVh6Q2ZUazlXVGY5c0JJVjZsbDktc3ZGTVl6TzJHckZoV3d3X3d2cFJJd3lPOE9zcmJZNk10SVlFNC03T0NMSC12MXZ6UU15OVh5Sk1zMDhPZFNQNkRwNWNQZTRXdkxubjFtRThSTnVlNnV3QksxZF9WNWdZS1dGYnJtUWFLczdWdWVmc2IyUTlEU3dwbXQ1Wk5GaTdKRzhYN2QtZmlMdHU3R0pjT1I?oc=5","The Independent","UK","1784017860000"
"US Hits Iran With Strikes, Graham’s Sister Named to Senate, More","https://news.google.com/rss/articles/CBMirwFBVV95cUxPODJLbWZYTFFOYmV1bFI2bWd1YjZOVFlzVGRTVW90RGRlLVhYUlZzX1k5T042bGxFM3hJZmF1eEdGa01wQ0Y5STg2cFNaeEJ4MkNhQ2dWd2t2OXBhRXNyaEF4Z0swZll3bkl0Rktzbm5JR0Vtd2U3ejFQRnV6SUI2NjYzb3RuYTdrczhOSUw1QWMtczRna19XcDloeVRKZk5EYnNzYnBOdnhQODByQmVZ?oc=5","Bloomberg","Global","1784021279000"
"US strikes Iran, vows to reimpose naval blockade","https://news.google.com/rss/articles/CBMimgFBVV95cUxPQ1FTa0ZvajFVRkFNY1VOSFNxZWlsQ0hNMU1fN1U1bzRPc0lmOERTZWVrREJNb0FWWHZocWdXd2d0dGMyVlpFbmo0NWdna21WQ1B0SFdmUXRWRWRBS1o2RFI0SkplSnhZdUdhRmp4M3ZpajJYZ2JyNmN3NVBYbTkxZjNNU2QxQU9UdVdVSlQ3SThXRnp1RjRRVWtn?oc=5","France 24","Europe","1784020989000"
"US-Iran Truce Collapses as Attacks Worsen and Blockade Returns","https://news.google.com/rss/articles/CBMiswFBVV95cUxOdlpWMnZGSmtBOXdCMWhJSUxoMkdJT1hWbjF5ZVlDLTgxUVFYOUtGMmNCLTgzU2pvWm85YTNLaHg3YzFFWkpSbWNhdkRsNzZDcWczLXpNeEVRTXNYSC1WZDZDNlE4UUVyUUVvUjVaMjdfbGtJR3Y1NFVOaW4tOWpCMlFJd0dSeUJhV2huNEMwNmtBd3JEU0NGYW9VaTdFcmI5R1Y0SGxSMEZtRnZHbktkbDFjcw?oc=5","Bloomberg","Global","1784020644000"
"Dubai planning new port to bypass Iran in Strait of Hormuz","https://news.google.com/rss/articles/CBMirAFBVV95cUxPTFQ5YmFsdEhTWHJvRVc5RHlhMXNpVktSSFNzbE9aUjFIV0llWUZadkRfQTVlN2dQWlp0STNyeS1NWWZtNFNxTGYwa0Jrekw5Rmxmb3NvaWxZMXlFYWg3RVdJZXNfMmQ5Z2RkM3pjZGhPbFlVMXc5NlltS191UFFfRzVmVTdINjNLTWxqUVJvbXlEV2VJTEtXM0pSN2stMWRsdnU4NFctQndac0s1?oc=5","The Independent","UK","1784020680000"
"Hormuz will never open by US ‘aggression’: Iran’s army","https://news.google.com/rss/articles/CBMijAFBVV95cUxOblhaY1FoUWVwSDVHcUp5eFVOV0IzVTdYTER1aXpKMlQ1YnVqbDhURExWQnkwLVBpa1RxTmhRcGVXdU1oZmZ5RHdnSTV0THNiVGdsc2kxUWdvejBYQ1ZhSGFXb3E5NFY5czFkdWZ4ZUdHeW9SMTB3UjZEUTk5Tmw2UzRGb3hfMHREU0NnQw?oc=5","Dawn","Pakistan","1784020992000"
"Mossad plan envisioned Kurds reaching Tehran with Ahmadinejad taking control — report","https://news.google.com/rss/articles/CBMiyAFBVV95cUxOT0c0UUI5Uk5nbjhhZjd3NVpkOW5nZF84ZlozTVhCbjhDRjgtdGltSDlyZjBHUHROdTc2NXRLcDRmRlFCNEZmU3pZTktmTTF3WGNwUDM1NzNUQTlxSk1lbUVQa0JLYVlOenhJQU9GMnc2LUtzWEhaZWlqZXNPcHFyZzZncTdWYTFUbEprY3JSV2Q2WTBNRVBEYVR1TzZ5X1g2Rk5HZ1U4MnZWZlJvVjN5WUFpWEpNZ1JkOVhXS3o4aV80cVFxOThwMw?oc=5","The Times of Israel","Israel","1784020964000"
"Iran’s oil exports continue uninterrupted despite US revocation of waivers: Minister","https://news.google.com/rss/articles/CBMivwFBVV95cUxOdGRMdkotZTJkVXFtN0duc0hMRkVYeEtjR0w0WTBGNHpsN0ZXNWdLQTlHRmlXSUktQWVLbERfaXB6bXFrX1hzVzItQkQtSXBBNEhqdVprRjBBOHV1cVlXcXJhNmZyWFpsV3lsOHBSb1pZcktUSS1UM0RkbHgtaVhqOFVjbTBNSjFLWDMxaDh2LUVTSGpEMEJoN3g2SFd1WGlkMkhqM0hsTVNfN1F3anpPNUhPTmdpNzU3eW5KaGh4cw?oc=5","Press TV","Iran","1784020380000"
"Iran’s critical Aqqala bridge reopens after US bombing","https://news.google.com/rss/articles/CBMikAFBVV95cUxQMTNEV2xRV09remI4TGkwUlJHeXFiOEJ3bUZaeVZfZlU1RUVBRlZ2bFNOb0FCVzFCblVZRXJBRk9obGkybFFwM2V5ZzBpTGZfNmcxVGZDQkR2b3lKS2wxYml5UG0yMTYyanc4SGJoYWg1YTdKRENJaWQtNmc5aWpFdG1HdXZ3MXVuMU5ERWpXX3U?oc=5","Dawn","Pakistan","1784019091000"
"WATCH: Protest group installs satirical trophy for Trump for 'enthusiastic' involvement in Iran war","https://news.google.com/rss/articles/CBMiygFBVV95cUxPVFJUWm12TDVVX0dfSXhtT1UzTVNZelJ1WS1Jc1RmQkh3bHdmVHhUcGFCcy1jNTgyOTcxU2VnTElTd1RIaW5pLTFWUVpkbWhjdUdBaFhEYzVGcHJGRVlwT0F1RkJzcW80WHM4NzltdmpKbU15N21MSkNvbnpqck80SnRvbFYwMXBJbVIwTnZ5bF8yVDg0ZnNnUWs1U0VTaGtabElEUUtvSDlkd0tFLTJaV0ItMWRiRVBwSjZuYU80c20ta08zRUlKNVF3?oc=5","Dawn","Pakistan","1784018106000"
"Iran condemns British decision to designate IRGC as security threat","https://news.google.com/rss/articles/CBMiakFVX3lxTFBjczVTTVhrTGg3Q2dpWmNNMHdkZm53a29NU0FLTHZXbnFCLVItb0tPbFFBT0RyN21Hak1VX0ZWT0tUZWNLM1ZLYkVzNUtpaTZEQ3VDTVg5dVVPQUtiZDBhS09jd1ZjZS1BUFE?oc=5","The Jerusalem Post","Israel","1784022988000"
"Iran strikes U.S. bases in Bahrain, Jordan, Kuwait after fresh U.S. attacks","https://news.google.com/rss/articles/CBMifEFVX3lxTFBIOGVfVFB3anViemJ2S2JZUHdGUTRwdjY2UmZGdkd4Z18xRGYtdUJkVHlXS0Rsa1JIM1k2dkF4bUp3ZUNKZVBXdmtJM2JWUzZaMHFUTFE5R2ItNm8wMTJ5dTBjVkRwTjJ2c0RieWRKN0ZydzhzTTBBNDd1eVo?oc=5","Xinhua","China","1784022840000"
"Iran flights to Yemen airports come with growing Houthi activity, officials warn","https://news.google.com/rss/articles/CBMiakFVX3lxTE9pUVMwMHNMTm1DVWQ2MWs2ZHkyME83R0dwckJQeXF4QjdvOU4xdVo2WDluRjVoQkswYVU4TUpHRVlBTFlSWXdKQjlWdnNNNW4wOC1xeERWdXFDWkM0UjBnRXlkbnd4N2NuNFE?oc=5","The Jerusalem Post","Israel","1784022624000"
"Iran Condemns Britain's Designation of Revolutionary Guards as Security Threat","https://news.google.com/rss/articles/CBMisgFBVV95cUxOemNNUUhCeFZ0ZTFzZDh4T2M0T3dFWW1KSWlnLWZ0dVVwR1o0WmpnT1o5aFVKSVpialJHYnU1OTBvdjlGbGVZb2FXYmRzZURqcFRjOVNQUkFmcTB0Mm10X0o1dFlERXk3TTNWWWEyeFI1dmpDRndMRnlMNHZWdGREbHRqLUVFQURuUnZZNEhZZkY2Sm9lUjNHQ2lvU0VIZUdOOWVIbEJYUWlVTXA0ZTBENlBB?oc=5","Asharq Al-Awsat","Arab","1784022587000"
"India Protests to Iran Over Killing of Seafarer in Hormuz","https://news.google.com/rss/articles/CBMikwFBVV95cUxPUDBkSlBaS0VjdlpySUQzNGdYeEhKckhhbk1BeUw4Vl9VTVJCTHlpMTJDVElGa1V3X2hST0F2d2Fib1BZZllITHExbVJSZkpLRlJnNkV2SThGUmJPUE13eXpzMHVCZ3RiNWNiUEpuaGR4bW9yZW5DakpvRGNwWnhEZzhiMGpmcFZ3M2M2VURHSExpZVE?oc=5","Asharq Al-Awsat","Arab","1784022455000"
"Iran slams UK decision to ban IRGC as ‘irresponsible’","https://news.google.com/rss/articles/CBMingFBVV95cUxOOFZGcklqdllzcGRrdVY1azBLUmltNTBUMk9kMnBERjQ1REF3OHAyTU81Zkx5bzFQTU5MY3c0RURnU25lV1ZKcEJ1U3BYU1BzY0FzQm03eW5TOWsyOXRmQUZSN3dqNnVKYWFEWGJ4eTd3OGF0VlFLeXpZMThFd3VxRktudHZrZVBMWWFLSzBnNGZKOG8wMXJwQVVoQTh2UQ?oc=5","The Times of Israel","Israel","1784022314000"
"Iran: The Strategic Pivot of the 21st Century","https://news.google.com/rss/articles/CBMigwFBVV95cUxONDEtSWpZNGkxRTJvSDlyVjZzLVNfZjlWLUxTNEQ4S0tzcWRCSXVjZ1JVOEhxT1B2NWdGRW1jQnd2UmtzR1NhazIxUGhKUWRvckxSdnZYT2FncVlPWURUOURuUVptalgwWFpIdlBXOUFWNm9NOFM2akdOblRMV2VNRzJOQQ?oc=5","The Times of Israel","Israel","1784022240000"
"Iran Army to US: Strait of Hormuz will never be reopened through war and aggression","https://news.google.com/rss/articles/CBMijwFBVV95cUxPSml6OUpCNE4xdE5rMEx2akRYWmVRYmFYS01jREdQUzBsV1dhazBLdHREMHZ4bzAxMl84RENhWF9PcUNOa016UTlWQVZSdkd3eVpQeGdhN3lKalAzekQxejlydFRRWEQ2MFM5X01ac2NjSW5WdjhyS2RUZ05ac0J5UnZGTVh4LVVjdkZGWWEtdw?oc=5","Press TV","Iran","1784022060000"
"Iranian reports: The parliament will support the filing of an international lawsuit against Israel and the United States.","https://news.google.com/rss/articles/CBMibkFVX3lxTE5MVzRRTmk4c2UxREctUWZDR2ROOVZubUNWUUNvR3JIWkFrRHhqSzB5VXRBZ0xjV0ZJazEyQkJkRmE2Y0c3cTdnZnp2ZnhmMmN3cDI1NmZsa0pPMXlKbGVCWlZUTFh6bGpvYlp0RUFn?oc=5","CGTN","China","1784021517000"
"Iranian Foreign Ministry: We condemn London's decision to classify the Revolutionary Guard as a threat under the British National Security Act","https://news.google.com/rss/articles/CBMibkFVX3lxTFA1LTEzOURNNVZmVHpKa201elRidWtTQ1VZNndqbjN5NDVfdDVqV3ZaN1VKdU55aFB6bmJyeG1jWVZBMnUtU1lfb2JyczN2UGQ0N192c21uY3BLOS16dG1jY2RfZks1TUU5S0J0cHJ3?oc=5","CGTN","China","1784020804000"
"Gulf Cooperation Council slams attacks on UAE tankers in Hormuz","https://news.google.com/rss/articles/CBMingFBVV95cUxQeGhLOXRrZ3d5Z2djenoxTW14b25yVHp1ZnFKRTB1M3BqTlFVcHVxQjRreTdVSWZpMldrNHo2UVAza1hWdDBqY1FpdkJHUGJNaDN1YXJPdXhiTE9HWmdValh3VWEtYlowYVdwYzN6eGM2VzF5WWJOdEE5Z0N1ZnZuQktuVmYzWW9UWXhFMFN4U1BXSEhjT1JyVk00cE1VUQ?oc=5","Dawn","Pakistan","1784020707000"
"Bloomberg Daybreak: Hormuz Blockade","https://news.google.com/rss/articles/CBMilAFBVV95cUxOY05tekd0U0FWcERCZGN0bEtfV2lLa1Z6ODZ1czlVaHgzRjRqNEZraE1ONDlOd1o2NnlvNHZxRzJqdVBnR0cxT1pXMVQ5VkNhcUQwLVlITFBZa2RjbGxDM1JWbFotdFkyZHRaa3EtN0RrU1BEZDB1WjZUaENlVjA3NjlzWF9DLTQyTVh2UUJWeUNydjFW?oc=5","Bloomberg","Global","1784021688000"
"Breakingviews - Trump gambit normalises Hormuz’s tolled future","https://news.google.com/rss/articles/CBMiqgFBVV95cUxQQWFYa09BZDZtNlZrQWZkLWcyQXRVZm5DOUxqb284dkVNelp1UTFUdGtBS1dLZEc0LUtfXzlGWXlHWmhaUG1oOHFzTUkteXNMRDRObWtFSGY1UHZGQzlIZ0ZrZW1oaXFDSTVxVVJwanNYVlBMNjMzTEc1ZDFVNGJibnI3cUUyb2E4VWhIaXdVRWNmZ01WRHQ2bXg0UE5NdlhweHNEdFMzaHlXdw?oc=5","Reuters","Global","1784021518000"
"India Summons Iran Envoy After Seafarer Dies in Ship Attacks","https://news.google.com/rss/articles/CBMisAFBVV95cUxPR0RFUHF6RkE2MFduUnpNOEZTRmlDS2VsNjFJU19walBnTjhoSU9VYUtrZ25MajV5MDZweXZlQjlwM3NRbHNFMUhpTFJfeENHb0oyZUtQUFFVZFpYTlZTVVpQR3ZPVktkejUxQkducEI4ME40TDVPN1RiRWdsWVd2ZmdmTkF3YjRnbnZuTElGd1UweFdRZEZpdld0Mmw3Q01sMEhPaWVtNVhobWFPcmgwUw?oc=5","Bloomberg","Global","1784021442000"
"Wall St futures mixed ahead of CPI, bank earnings; US-Iran tensions in focus","https://news.google.com/rss/articles/CBMivgFBVV95cUxPNUZzZmRoMHJILU51eUxkVEo5UmFGNUx3WjUwSU9qX0k5Zzk0Ulk0MUY3aGZQc0pTVUpQb0F4MUNiQ2RwY1F4ekptWjBJTkExaWhqRE9sLTRNTU84a09pS2lUV19wLTJ4LXgtU0VXY2RHQ3RHampMUE5MTVVQTjYzM1I4V1lfdVc2UFZGOHdPY1BOVEhWUDcxTVBkX3R4QzZON18xejctM09QU3VxbXprSDRWQXJhMVAzbjUxR3JR?oc=5","Reuters","Global","1784021410000"
"US strikes Iran for third straight night, reinstates naval blockade","https://news.google.com/rss/articles/CBMiVkFVX3lxTE9ZaHhwRjhLVmRtUnJKclZGNFl0MU50REJIaWVzdlJYQ1R4MEVCUkdSZFBiQmRoWFEwdmVtUGoyYkFMQVM3YmU3aEx6T3B1anFtSUY4QkNB?oc=5","Fox News","US","1784022773000"
"Iranian flights to Yemen are violation of sovereignty, says Yemeni official","https://news.google.com/rss/articles/CBMiiwFBVV95cUxPTTgtRW1ybjdrYzlFSWE1UE9XbGJIcFJxQ29yVkNKNnBWMjg3N0lkRURUdmQycHlIekRNaW9lV3NKMXMxVlRWa1E2LV81YjFuNzFfRElFcGV0YWdBZElqd2pIejlGYnh4dE1HVWtBVUVNSi0yMEZkMFRCbW9sbnZvX2FfODdiZElmLWlB?oc=5","The Guardian","UK","1784022660000"
"What to Know About Trump’s Plan to Charge a Toll in the Strait of Hormuz","https://news.google.com/rss/articles/CBMilAFBVV95cUxQU1JKNkRZY042OFRKVkUyMm53WW90b3pGNE5HdjRVam9tdHNuYVVNY1VLaGRrM05ycmZzRGF3aUllNEg3bXBSWlFtQjZrNS1zVlJLYk1vR3dhcTQwalFKWVlWREV5WjNucVJkOHVDbGxkb0RuT25rNXpEYmI2TWh6Q3AzR2lEUHlmZ05KSF8zWkRxUWZ1?oc=5","The New York Times","US","1784022416000"
"US-Iran Truce Collapses, ICE Fatally Shoots Man in Maine, More","https://news.google.com/rss/articles/CBMirAFBVV95cUxPWldqWnliZDdVTjN0WWgzalFHTzRsRWtNbzM3Q2tsV3ZuTGF5Qi1sOVUxU09OV05zY0RxbjE0cmRXVldmeGhxYldleWxvbEtFWVRTZUVqcE45aEgwRUs3RXRaMDRteW5XMXQzME4xTGQydzdfYWNOVVdVNG9ScGRGZmI4dFBSMXdPaEg0b2hCb0wzalFxdzdqLUdncVppR3l0U1hLV0pKSXRvSlE5?oc=5","Bloomberg","Global","1784024619000"
"First Thing: Trump threatens to impose US tolls on Hormuz shipping as strikes on Iran continue","https://news.google.com/rss/articles/CBMijwFBVV95cUxOb2VDdzQ2U3hfamtxZXJ3VDNFczItT0kwNEhEWlpRcHd2NlpCQjVOTGdlay1jTVoxb3p2Nm1FdTNSdkl5LVpWelpscHpxSTZIYjhCTk1fSV9Sa3lENC1kcGNwWjc3b2l4c21ndDNaX2pKNGdaWWRGWDVkMWVXbkI4eFctSENhMHFIVHZCa0hmbw?oc=5","The Guardian","UK","1784024580000"
"US attacks Iran using unmanned kamikaze boats for first time as battle over Hormuz continues","https://news.google.com/rss/articles/CBMipwFBVV95cUxNNW4zQmoyZEk4ci1uLXZGTTZBNXFaTlBNS0IxQzY1cXI2TlJMSWtCZWZ3NF8xaFVJamdIa2xMWXNuQWVKQS1SYnc1MV8yT0VwWUdBTVk4VUtscGo1Z3dOaTVhQXp5c0dYaFMwMFM2OC1KVjdtRHNXaDBObk15SThnNXRfVG1YSTFwNXNzbXQ0SUZjeGZiRkQ2cVRYR0taeGFQd2VNSndoMA?oc=5","The Independent","UK","1784024580000"
"Why the Cease-Fire With Iran Keeps Crumbling","https://news.google.com/rss/articles/CBMikAFBVV95cUxPdTNTRGxrQWV6UXd6NHJObjhnMTRLY3VYcmZJR2t3UUxHblh0bXNPU29OSDFHaHE4LWFTbmxIWUxqMEZFRXBRM19VbEItWTVLb3VLUlhISFBvZTlQbzdrRTdTYXFRTzliU2N6OW9aZ0h0QnVSemFhcFRMdkdxcUN2RWNaVlJvU01ZdEpRUDdtc0c?oc=5","The New York Times","US","1784023215000"
"Trump Says U.S. Will ‘Take Over’ Strait of Hormuz, and How Russia Made Japan a Den of Spies","https://news.google.com/rss/articles/CBMivwFBVV95cUxOSGxZSnpNVXNlSG8zdnNGNkEyQzdPOVZTUmZCSlh5SjRwQ0JpZEo4Y1Z6Z05PWW9ScDNEN1FiWWF2dVZaM0pNaTFmYmh5TmxQUU9lcldpZTMyT3drSC14Nkh5YnF5bmNoamQwT005TWlLQUpMaFR1OThmNVBzXzZDbmtON1Z3SFg2ZDE0QWVMUFRaTzNVVmpVWFJjREVvSHhqUkdqQ0NpbnNaQVB2d0RKVldQbzV6LWZMTnNxQ1FMZw?oc=5","The New York Times","US","1784023213000"
"Explainer: Is the U.S.-Iran memorandum of understanding still alive?","https://news.google.com/rss/articles/CBMie0FVX3lxTE10aUxsQ0ZZcGZTcFdqN3c1d2h4aGFGREFoalBVZlNNdTlmLUJFYjJJc0tVNGRmUHV4eDNQOHVsMk5aQ0dsZ2xCbk1zd1M3dW1FeWwyOExjNklseHhFNEpsR3J2NVk4TzAza0M3Wlg4R1NNYzk5Mlo3eHVNMA?oc=5","Xinhua","China","1784023035000"
"Iran condemns Britain's designation of IRGC as security threat","https://news.google.com/rss/articles/CBMimwFBVV95cUxOWTh1eTduZ1hrQTVzMWdBTmJrdk9SYUJvdlJHNExWb0xKQ0hacWRtd1c3RDRZWUVQOFI5ckc0ZlRGR1ZwVFZYdEI2N3otaGhfc2UxdEdaUC1OMm44SXR2cUxHQUZSNURUYlJiaWtRM21JeUVtZ3dqNGpENFI3LXdvcnVwMjZ0dVdPUjR4Vm90aTJSYzVPYks4a2stYw?oc=5","Dawn","Pakistan","1784022004000"
"Vilan: Benjamin Netanyahu responsible for 'absurd' Iran strategy to assassinate Khamenei","https://news.google.com/rss/articles/CBMiXEFVX3lxTE5OSHhrNFRDUEdNREFibTJHWHNyQTROUElFczAzamJfYUUxZHZaMHdYZ2xPVWlYMVJScTNlRkRtV2JwcVVUajUxeFJlbzRESFdIeThSLS0yUkVuODV0?oc=5","The Jerusalem Post","Israel","1784026757000"
"Two members of Daesh terrorist group executed in Iran for armed plot","https://news.google.com/rss/articles/CBMivwFBVV95cUxOUDBnTi1Nc2hGNERUbDlxVTR4OG50UFk4VlF5bElMc2FiYWhReENnSHIxXzRBWmpJN3pyNmZVdGxTVXN5S1FKenNvNUQtNlkzYks1MEZrbUYxMDgzeTRqUDluN3F3M282bVJEYWd4cTdBSDYxSWhROG54VFNQWGVUcTR4eUpvaEU1SV9yVENXWi1SSkh1cUdJOUlvX2JTcnlBV0xZSVhBX0NXSktsTDFaRmNwbU56VHV5aE82TUdPaw?oc=5","Press TV","Iran","1784025660000"
"Schumer slams Trump over Iran war","https://news.google.com/rss/articles/CBMijAFBVV95cUxOLU5rTzI0SzFTeDdkMkhjNEpXMVFnU2lnX3VuZjlJa0txMjJ6OGVHOTRkYVVWMDlKLVQ4SFJ4ZTJwUnpUTV9KUjE1RHhGUjdod3hleGNwUDNYRXJkTXoxamk2blFjeDZaMndPSDMtR1BkbnNjcUlfd0s0YmlwQlhfRUNUenMwdWZEZGt1bdIBkgFBVV95cUxOaGpqRXlERVN4MFhhVmExYXF0UG9FRXVVWk5xcl85NU9zRUVHb3E5aXlyNWkyM01lTVNNei02UndvUGJiQlEybC1aSXRQSGVLdDhQVGo1cWhXOS1KREZDNDhldzMxQlJadTZjdHBxaU1JRWFJNnR3RUQyNmNtUktyN2luV1Z5bFBiaTJDQVRacFUxdw?oc=5","Al Jazeera","Arab","1784025478000"
"Four points in Iran's Bushehr struck by enemy projectiles: state media","https://news.google.com/rss/articles/CBMipAFBVV95cUxPeVFwc0hDTmI5RkNyX3Z2UU1mRnJsbUtGNU1OS2t5cE1UZkxYQTdLWmJsekxVRF81eDV3LVRENzE1dllnellpamZWMy10elUzTEpLMjR2RjFiWEVNVFpONWxMYTF6S0JNOWw0RU80eEFIN2NxUWhYZEtlTTVIY09NallBMWRVcy1IcE9LbURCbGI0elJuOU9CZmxfUGFzZFFuSzJodw?oc=5","Dawn","Pakistan","1784024451000"
"Strait of Hormuz Tensions Put Commodity Supplies at Risk Far Beyond Oil","https://news.google.com/rss/articles/CBMisgFBVV95cUxPbFlOVm82cWs2VHJ1RDRvaHdzNnN6RDhCb0psQWFNUHZSNVBiUWlfOEhtcGdoZnloa295UkhONGJuSDQzZU5yNk1RekVfQnQzaURGWnNGN0lhSzBzNzBqUGg0aE00SW1UdjlHMFdtVkw5amk2YmlfT2ZIdjFXVjczUEtWbGRZX2RhRVpTWWd1ZWttbHhXeFRtQlVaNVdINnFaRDlVUXV0VlFTczdGY09PM25R?oc=5","Bloomberg","Global","1784026125000"
"London's FTSE indexes ease as Iran conflict rattles markets","https://news.google.com/rss/articles/CBMiogFBVV95cUxOWlBlRUM2Q1EyN2tFdENER19HUnRndmt2YllESWwtRGtLcmxaaEtpR1hQWk1zLXFZU1BrTmQ4dm9SQlh6a2NJRXNNTkdZNTNiWlRkWngxR1E4dHhLS1N0TFdJVDZfZ2JSVTdwTzdWU21QTTZqT3VqV3p1MDJoYno2U2NGUHF3LV9XNUI4YVlqcWlwRl83eVFtem5ZMWZ5UWo1Nnc?oc=5","Reuters","Global","1784025945000"
"Maine ICE protests, Hormuz, Congo Ebola politics and Paramount lawsuit","https://news.google.com/rss/articles/CBMirgFBVV95cUxQU1hSZDF2ZEhYV2dCbmVOeVBCMTVUM0RKTHN6OHpLdEUyd1dBYi1Vc0pEek5LQXpYVUFVeHJBbnd3VFlwd0Q5OWNfb1RNakFfWWpmeWY3VjZTcVFjR2Y5YW9rQkE2VDNrbGFqanR5T1ZTZUkyVDBONmtHXzBNcERsZ3VLNjc0X0s4LXBGemVldGN4ak9ubkhJZTZzRXlUZjRza3pkNmlJb250bnQ4bnc?oc=5","Reuters","Global","1784025883000"
"China Urges Normal Strait of Hormuz Passage as Trump Reinstates Blockade","https://news.google.com/rss/articles/CBMiswFBVV95cUxOX1JaMkJCNlFxc291ZWc4UzdKOUJneEo1dENLcVpRSk1Ic2JQR2VORXdaMVd3QUNmc2dHOXl0aWVJdjVQSmFncDJrS1NxTjdaVUl1Q3E4dnNhTEFlS0VXaDc5bjVDZmRWNnhOR3F6WDFSd3RsNmh0Q2k0Z0tsbmgwbnA3MnVNY1FZRHNUNEdsWDhYbkk3NVBzU19mVmVnWXNtR2t0TVlReFpBNmdpcXB2ell4SQ?oc=5","Bloomberg","Global","1784025780000"
"Watch Trump's Hormuz Blockade Sends Oil Soaring; Samsung Explores US ADR Listing | The Pulse 7/14/2026","https://news.google.com/rss/articles/CBMif0FVX3lxTFBkQlEwLVpTd0gwMjl6dUtNeTdQel9JMUdtWXNWSHFoLU1FNTNuN2ptcFRoUnVFbXBmeUxjSEd1OTl5T1NWMXFZb09BNXVINTZOWTRqRkNqdENjTTRnMTFlLUUtSnBTNFpMRHByM0JwVWRxV0V6by1meHIzd256bE0?oc=5","Bloomberg","Global","1784025568000"
"Oil hits $87 as battle for Strait of Hormuz alarms energy markets","https://news.google.com/rss/articles/CBMihAFBVV95cUxNbGFESFlWMnNUb0E1V2JOSTFCU2VWb1lkS1V2R28yWEdFQS1pUkxxaTUyUkQ5WWs4d0hZazF1bXpsc0lnUmpYemZVUUdsMGhCMGgyMGpiN2NSMGc0TDliQjl4bl9DM3BEQTlnWkUwbjBPZXJCZmxzLThrVXFjcE1pQktiT3k?oc=5","Financial Times","Global","1784024914000"
"Tuesday briefing: Strait of Hormuz blockade; Maine ICE shooting; Darline Graham Nordone; cyclosporiasis outbreak; and more","https://news.google.com/rss/articles/CBMilgFBVV95cUxNMFFKM1h2SnIyZHRrNURpUHVnbjdFVGlKdlNxZWM5a1J3djI2c1J3UWo3NUFPWWZ2T0toZm5OV1dOc1dPNTFVeGc0VFg2UzdHcHZGV1V6X2sxak05OGNBbFN4X3FBYXNLOGZqVWdpbHhsYlAxbVFrd01haTdnSEZhWW9saFJWdXAyN0FXSC1VR1J3XzdaS0E?oc=5","The Washington Post","US","1784025315000"
"Steve Yates: Trump's Strait of Hormuz charge is 'fundamental fairness'","https://news.google.com/rss/articles/CBMiVkFVX3lxTE0zd0NScmFndE1LdG1ZTm51d2lvTVVKNmZWTjdBUkF5dEhOUEZEZ2M0TURnY3hIY0wyeDRjU3VIWUhfQ2JYX1RkZXgtMjk1WnIwZy15NEx3?oc=5","Fox News","US","1784025009000"
"How realistic is Trump's 20% Hormuz shipping charge?","https://news.google.com/rss/articles/CBMiV0FVX3lxTE96NERPUlRSQnhJTGtDdDNGVnZGVmc5cXNhTzBZZXBnYU1vZFBoWWtJZ1lZckRqTXp3blB5ZjIxQTJCcE1ZUlhLWDd2XzJhZFpyRDI5RXIySQ?oc=5","BBC","Global","1784027050000"
"US-Iran Truce Collapses as Attacks Escalate and Blockade Returns","https://news.google.com/rss/articles/CBMiugFBVV95cUxNWl9yMGtmZWZPODI1R0VUQjlGZTZ3N3JFazBOUEQ1MHV3aE5TZmJHVTNDSHdXTHBKXzAxLTVMd01MQ2ZJdzlUbVZGcEVZUnZWVXRSbFlzUlMyZUF6UDl4NFdNd2dVMU9UQ3g3SjltVHJjWjN0alotbGFUNkd1NU1mSjgwR2FrOHphWnd4bGlOSnItSTJEeW9jcVlRWGY3Nl9scmVzNjlzOUppZk9BcHdWbmZIQVN0YmVGc2c?oc=5","Bloomberg","Global","1784027041000"
"Market Talk: Markets 'think the bar is very high' for the U.S. to escalate in Iran","https://news.google.com/rss/articles/CBMiZ0FVX3lxTE84eWswSEF5TEluclA0cHQtWmxRSkhLdkR0T1ltbG8tNm1oWmg2R0o1U0syQjFhejE4NVltWjFrTjFWYUdJQzl6X19OSUNRWXdzMTdTU2s2YmpwWm5odlljbGVaTXJjS00?oc=5","Reuters","Global","1784025306000"
"The push to bypass the Strait of Hormuz","https://news.google.com/rss/articles/CBMia0FVX3lxTFBtdU9BUFNKcmtxa2dNUW94ZUh3WXAzRl9NOVp4SkZXSEN3WmdtNFJnR3FvbmpHdW9OSFlpXzZ5dnFIMlIzbzBTMDN0UlctQk9mOFJVbjVWZ09tdkh2Zldkc3dqbEhZVG1aZHk0?oc=5","Axios","US","1784028071000"
"Oil price jumps as US-Iran clashes raise odds of interest rate rises","https://news.google.com/rss/articles/CBMipwFBVV95cUxNU3ZKZXFpNndfb1dmdGpQSk5HTG83TS1Oelh5ckFnWTVFczhLWW5oaHRZSVdUdTljVlFkUDNMakcyS2dwbVQ5VW5aS0ZIMHlfVW1QSFlEV1dIMHBqcURsUTJaYWxla3J6Tzhkdjc1OHo5Q3lISGRDYU82SncxLUNGVWlpU2dSZWVheGhmSXBMaTJZaE0wQXNOZWx5cDI1cDlfTWNPUTlRUQ?oc=5","The Guardian","UK","1784028060000"
"Trump proposes 20% Hormuz shipping fee as US-Iran escalate","https://news.google.com/rss/articles/CBMiVkFVX3lxTE1UZVY3TktsdmlxSnk2RGVMeEFzMVBpYUlKVlFkX3JRZmpDZkJNd1AwT0QwVmMtNFVmTlpBYjJMWGVzZVFtSFNITVJpbmptWk5ELTZnR2lR?oc=5","Fox News","US","1784027883000"
"Europe, Flexing Muscle in Ukraine, Is Still on Sidelines in Iran","https://news.google.com/rss/articles/CBMimgFBVV95cUxOaVgwOG5fd2M1UldlWFVQVGZpMVN6QkRaSmxMOXZWWW9tZ293VU02TTRLam9yWWE1MzlxcmptQzYybXZCNXc3bGRkU0FiTmluRGV4OUdBR0RyTEhKYlI1blRaYWozbkFDdTF0TkpBZUhnQnAzMHYxYW9fdnlBVlJhVThCbjJhZGNnWUVUWmRwZE5Ocl96ZElpbk53?oc=5","The New York Times","US","1784027075000"
"US-Iran hostilities escalate as ceasefire effectively collapses","https://news.google.com/rss/articles/CBMirwFBVV95cUxPaU9rZW5YWEluSGY1Q2Z2NGRjNFJ2aWJUaFViUGJzNlA5WG5EQmlXa1VRUjFfVml5Q0Z6a2xNQk9qMlhKUHdDQXdxRW4wb2JCaDAzTWJnNWVibVV6SmxGSklXZ19CWWlKNG0yLWd4UXZYUWUyR3Fic1pGOEJyVlNRUHAzbXAzTzAxRlhWMU9zWmpSbk40MXJlUWZNcm9UUXlGUy1FZ2pfazJMYkNySjZr?oc=5","CNN","US","1784026740000"
"Pres. Trump calls latest Iran strikes a ‘skirmish’ as ceasefire crumbles","https://news.google.com/rss/articles/CBMigAFBVV95cUxOcm1BMmI5dWplUFpfQllpWGVaM1BpQTAwTjNfcFBZWTRzYVhESnBBclIwRkZSTHFocXZ3Y1pscDlfMW16cUxmdEJSR3kweG1NQ0xDal9IQWZpaW8xaUhqSThuSnRUYUc1MGRyZlJkQUFCZFVxNlprY1g0Ymh6dWNvag?oc=5","CNN","US","1784026272000"
"Brent crude price jumps 5pc after fresh US strikes on Iran","https://news.google.com/rss/articles/CBMilwFBVV95cUxNSlAwcEpwMDJ2QVdORWdLVWx4UlU5WjRaMDNWa2pvSUJIU1VNMnZQVUZQdlR0YlRSdzhFUUpIRzZfYTEzb1RaMTFyVDRSTnRTMmdHcU5UeFpRVUFveHhxUWU4UEEyc2ppZFdBUmpMczVMU0N4SWdvOTNTUllhNjFYVExMRVRjZDUxNEdNZXBJY3pNZzNqRzVz?oc=5","Dawn","Pakistan","1784028469000"
"Can Gulf countries defend themselves against renewed Iranian attacks?","https://news.google.com/rss/articles/CBMirgFBVV95cUxNaFFmQ0hyU2NERXZJUzZrOWdVUWc1QU5LSDVzQzFzOWpUVDJ0c3BUNXg5eVhmZFgwckFKYk9LVUEycy1pZ0J5X2p6WW9nRTlOMGF6VE96Z1laNDRJRHRfOWkyN1ZMWmRRMmZHbFZtMnVLOGptWWZRQWktTnBpYTVSVW1QU0pFTWJzN0lTTkRMQ0ZWME91TE5KNi1wdkJSS2FqZHdHWlVzREVXRnIxM2fSAbMBQVVfeXFMTml2d1Q0TUFWTk5Ib1FIVGFsTXgtaXBYNnlFS01VeGJqMkhoRGx0a3FKVktTckRfbGo2TW41TnpmdWRrVFRBV25DZVh6UFFFWmZZOFlCdTBGN3BfYnVSTHhxVmE1UTdwa1h6SGtKbnNGNVEyQXJRcEIxRzgwWS1NZGtGdHUzTGlRd3RERnV0OVdxOEVFMmp5VjU4bDJPeWxmZ1l4VmViU3hXZzVlUzJEbVp3OU0?oc=5","Al Jazeera","Arab","1784027700000"
"Brent crude price surges amid U.S.-Iran escalation","https://news.google.com/rss/articles/CBMifEFVX3lxTE9ROWJjdlZrNFdXVUJCMHpjZnNkd0haZ0YyLTlSZk45UEdqT0w3S1NOT0JHRDNmX3gtenhlTGI0dmtPOGRUckFuSEdXMzR2dnk4SFRNck56dWpSU1dBelFGWDJKelZEcC12TDVZcTNDVnFXMGpZbTdhb2s3RVE?oc=5","Xinhua","China","1784027700000"
"Iran denounces UKs threat designation of IRGC as ‘unjustified, irresponsible, against intl. law’","https://news.google.com/rss/articles/CBMifEFVX3lxTE9jOG5HMFI2R3hiU1ZkYl9LWnpOSFR3ZGZyRmdGSUg3amdac2dnSzlueEpJSTVrZy15X1VMcXdKQS12dE9LTlVhenhXQ2xhb2FQRTRFbG5oQWpCcFc0ZzFlTk9tYUx4cFR0Q05xYTJKNklRR1RaYzdMWF96bmQ?oc=5","Press TV","Iran","1784027640000"
"Jordan says air defenses intercept 4 missiles from Iran","https://news.google.com/rss/articles/CBMifEFVX3lxTE83bDB1cWRWaWk5YjBCWE9YWW9STUFhZnlYZnVuVUtJOHdSYkdCU0p6X3MyMkl2T2tQajYxaDh6QjR3dDNqY3RQaFdvNjRfaE90LWRGQWdZMEtwZThDQ0c5cjJIME5uYTI3azJBWEw5SVp1c3I0UlY3M1RhNnA?oc=5","Xinhua","China","1784027551000"
"2 tankers attacked in Strait of Hormuz","https://news.google.com/rss/articles/CBMifEFVX3lxTE9PUVdLSEdUYWpKaldzUGhKYkZzbW5CSURSSnZESGFTTE5CdWlfSlAxRVdVRGdNU2NIRk1BYUlDWmp2NXVBdWQ4LWRDRE03cFdsRU5UWlA0R0NqbmJENEtNUmZzTVpva3ZXc3dOMUxSTnBQdmxNdDlwZGl0Vmk?oc=5","Xinhua","China","1784027550000"
"Iran targets US base in Jordan, Houthis strike Saudi Arabia","https://news.google.com/rss/articles/CBMitgFBVV95cUxNX0VyV2RsbHNKY3lseWZmSjE4WE4zZy00Qml6OXJVWERIOWxZcElIN01XZng1azYtbHQ1TWItTWV0SXZka0NaYl9rZlB5QzdxelEwTU1WTG9udTVDeE0yM3pzVmppdVVYX1B0bThtdnlGRFYwREp2cEl3OUM2OWRDLW5YcF8tWVF5RGFjcEhJOGgxTXVYTFh3N3lOVnBMUF9FMUgzN3VMZkhGYy1ZdndOcXBiazhWdw?oc=5","CGTN","China","1784027494000"
"US strikes targeted port city of Bushehr, Iranian state media says","https://news.google.com/rss/articles/CBMisAFBVV95cUxQWTdfNFM0ampzX3EwQldlNjg0eVZDa2hMOGtDSTdhdXhHOHdscjRQN1lvQVh1MFkzS0xON3NhbzA3SHM3ZW1OWW9ZX3FBSlhPbDBLbENBZkMwVlBjMjJaUVRuRHJfYUcweTlWQ1NHYVhtdE0wZVFETmljX2hDYU0wMlJvOEp4bnl5cUZwNTBfVHhmTlBVLWVZYzl0Z1dGV0JTU2stVTdjeE5nMGdBRHc4bA?oc=5","The Times of Israel","Israel","1784027264000"
"As strikes on Iran renew, parked U.S. refuelers jam Israel's Ben-Gurion airport","https://news.google.com/rss/articles/CBMilwJBVV95cUxNZ0ZXM1AwekZaTUEyc29CTF9CSHNCVFVWc3N2cl9OX01fSndSeVlrMjBCN0UwcjAtQ1JPeUxpQXV1VTVKY3JaVGFKN1pQS1dkbUZMaFg4R1ZJd2dhaF83QjNSRldJSGVzd0Z0VTcyLWd2akI5WFc3UTB0Z2k3dk5wVEhSaElDQWNQQUs2bEpIdE1iLWVKVW04ZVNvSlcxa1U0ZUZpU3lvcDZvSnVvakFRR01zam5Vcl9Ha0FiRElpQUdkcTA0ZFIycWFmSVRVMVQ1bnRzWTFuNWJwa3g1VnUwUm5pcWxYbUFtcXc4aW9qNHozSENDRWV3UHVwVlFWVmVUU0N6ZTJmUGNkZVJtVTRaT2hDXzRMWDA?oc=5","Haaretz","Israel","1784026980000"
"Iran reports US strikes at border area near Iraq, Kuwait","https://news.google.com/rss/articles/CBMibkFVX3lxTFB4Z0JFZHE2QUpfckViNFlRaDJYdnd5dFJFenAxcDNBZGR0cGpkakF1RFBTTlJRYWd5RlhrTUVuVm1nd1U5cUltQjVmZC1MRFRrN0VNel9EUDYtSUVqOW03M0Z6dVdqVEVUdEdnd0Zn?oc=5","CGTN","China","1784026432000"
"Brazilian President Luiz Inacio Lula da Silva calls US Hormuz fee plan 'piracy'","https://news.google.com/rss/articles/CBMirgFBVV95cUxPTldQbEtDdXV0cWxjRGNiaVVHYWw3NmQzcm1uUS1xeF9KcWg2cDNnbjB1WWtod0ZfZFpHckhCYnJ1VW5ielhxVWl5RmEwWkt2bTcxWFA5YkVuVHRVemVmalpVSzBEWG5zeTRwUVZkWWVYOWVWekMzZVVwVFhYSlo4dXFwNXJ1NFg0MFJzdzZwcWhmc29XWVRqQjk2RFBoNy02WUtCVURQeXJRWUFFZkE?oc=5","CGTN","China","1784026289000"
"Radio recording shows U.S. military urges vessels to leave Iranian ports","https://news.google.com/rss/articles/CBMifEFVX3lxTE1wWXotYWlnYmJldHdRQ1lBQXR6OVZPUWprWElQaV9hRERWZUtmWGhYR3VEeVZDekxTVXVtOG1fMFdndlFrS2JrSkoxUFoyeFVGN0hjQ21vMlpQTVl6TmRTd1BqWUdiVFcwS29kaEZaXzY2RVhldTF6VE1vT04?oc=5","Xinhua","China","1784030265000"
"Iran's attacks on ships in Strait of Hormuz unify region against it","https://news.google.com/rss/articles/CBMiakFVX3lxTE5aMEE5cGZqUnFSc0E3dUt2dTZfd2pHaEcwMzRwNVJpV0ltUWRDX2wxUnNLdmRZNWl0WlZhei02cmYtWXlTaDF3Z0J3MkhLYnVyU1RFS2J4bC03T2NWRWswbk5oUkxWWkNqNmc?oc=5","The Jerusalem Post","Israel","1784029951000"
"Iran-backed Lego AI propaganda channel claims regime behind Graham's death, threatens Laura Loomer","https://news.google.com/rss/articles/CBMiUkFVX3lxTE5SbXNDSVdOQl95LVpPb2NSVmRUbkEtaXVacGhZWlNTZ0twUW84XzM5Y2hoQUt3SmFRcHBQV3NzcXRxb3UzQ3ZFckcwY0xYR2V4eHc?oc=5","The Jerusalem Post","Israel","1784028862000"
"Trump’s Hormuz Toll Is a Strategy, Not a Policy","https://news.google.com/rss/articles/CBMihAFBVV95cUxOYlExS2dyUDQxaWZwbGZuaXZnX0dOQVFRMkdDSVplM1NjSXlhb2VEbk93bnAwb2RocWxXT2llUEx0aGtMZTMwYjM5LW1qektTUUN3S3N6ampydXFCUkZNQlRIR05TekNhLUNaNUJudks4NDM3Z3c0UEV6TFliYnhjQUUxdmk?oc=5","The Times of Israel","Israel","1784028420000"
"JP Morgan’s Record Profit, US-Iran Truce Collapses, More","https://news.google.com/rss/articles/CBMipAFBVV95cUxOcnppc1V4anl5YmNIR01BNlE2UVZJQXM1bk9aaU0ya1hRRzlPTUdtQ1p2UHBYM0pyUkRrZXdRWTdxQ2taRVZQV2l4a1NpU1YzNTRLQ193LXl0dlBzdVdZNVlqZ3BZSWtfTXp3VndWb2NqUjRsZUlVTE9mbzFtNmJQZHBlS210M212bzNKeXVSQ1RjeDNZLWdHQ0RfRUVUenhEdWRhRQ?oc=5","Bloomberg","Global","1784029200000"
"Hapag-Lloyd says Hormuz cargo fee would be 'fundamentally wrong'","https://news.google.com/rss/articles/CBMitwFBVV95cUxNWGpyMFMtX0haVTI0c2hqRzZFTDV5bEc5QkpXcUhJcXpGWWxUZURyU0hDZXh5Y3VkZENtTm5vRllKU01kWW1SZlkydWFCSUNZYUpTQlItbHVMYUxZQzZIWW90WFN6TFkzcFppWmNtYW1EeTdtLVV4NVExajQ2MTFGcHpPcUVsS2JYYkFIdS1VR2xrSHg3ZG5mdWFDWTdqaUNqVmFFbTIzZEltd1laVGJaSEVOOHFvNm8?oc=5","Reuters","Global","1784028588000"
"College students reveal political ignorance on Trump, Iran and socialism","https://news.google.com/rss/articles/CBMiVkFVX3lxTE51ZkZib19OcTJRM01VMTRNOTJ6bFN0a3NYcGN2TThPZ1c3czBYY2ZRZEJkT2t2U3NJd1B6eWFjRjJEdklNaGlZUDZsRXlLbFMwMkotTTdB?oc=5","Fox News","US","1784030262000"
"Oil prices jump after Trump’s threats on Strait of Hormuz","https://news.google.com/rss/articles/CBMioAFBVV95cUxOcDVyZkVVRkMyMXJZdjZPTUpMSm9BNHk4WVZfV25FRndlMDVfbFFvSGlZX2kxNUJMRmlHSnUwbTk5MzlISkxSRWk5MDFBaXA0bzd3WEJDMkZnWm56cG15SEpHdlFEQmZSalpUckZMTHVDbHhfaEhhX1cwWUlZdmNJcm9MbGNXcHpFMXkxaEd0NUJQV0dkY21mZzVpcWZqTnNH?oc=5","The Washington Post","US","1784030053000"
"Iran’s leaders are betting the global economy will buckle before the regime does","https://news.google.com/rss/articles/CBMinAFBVV95cUxNdkRRcUJMN3l4TEVUbnlzdHNuY1RlUlNvdWJ4RDQxY1paZGNZZ1EwQzkwUUh6a2YxQXRrZE5mR0FCNVhGWkN1QmczYmhBN0FlcGNENkI5cjVuQzVQTE5TaTJFZTZhc2VUbmpGUjJRN2p3Zll2dmVTSFVyMFRRdFdsYnMyZV80YkRQWWdTR2FETm9LemJnV3ZOSzVKSVM?oc=5","The Telegraph","UK","1784029560000"
"Iran targets Bahrain and Jordan in retaliation as US strikes continue","https://news.google.com/rss/articles/CBMikgFBVV95cUxQLTNBaW5ja3FSUkVjYkN4bmlUTENKeVd2aC10TjczOTQtNkNKQjVmUjNwQnluNWRJcnJVM3k5dVVibl9sSmRGZHBldDVZRzRVSkhRbEhMYU43enRYcEVJcHlGXzR3MmNhdzJoMHljbkdVYnF1QkpDRDRGeFFrbTFvM19wVmRwaG81V3ZNendWWWNPdw?oc=5","The Guardian","UK","1784029140000"
"Washington and Tehran send warnings by missile","https://news.google.com/rss/articles/CBMicEFVX3lxTE1jRzJJLV9VMlR6RlVsckl6RHo5SHc1OXFuQjB6dnB1c1NQZmpHYnEwUUtNNUlpaHBBWkhhNmF1b2dKVE50VzU4aTJBVHc5c2hwOGV6UXpEeTduTlRxUFpGOGZSWGxqbDg1bzJLNW41Y1g?oc=5","Financial Times","Global","1784031860000"
"Video. US-Iran conflict widens after deadly tanker attack in Strait of Hormuz","https://news.google.com/rss/articles/CBMisgFBVV95cUxORzVWTzhOckZCODNDMktpaWo2ek1TOWtvY3FuZUtwSGRJaFZCVWFjNkRIX19Eb2s3Z3h1WTJrUjhpRnpnV2hyMzZKVG5RZjBaSno5UklHTTZhOUM3a0M1andIOHlYQU9vRUlucTR2bnpWWUY5RlpuR2lCMF9hSGlnTTNVSmNpbHRrQVZNcjNpOVJXRldLRTktNmxnUkM4MFdUMm44TkhLZUZtVUIwQnVqV2F3?oc=5","Euronews","Europe","1784031431000"
"US-Iran conflict widens after deadly tanker attack in Strait of Hormuz","https://news.google.com/rss/articles/CBMiqgFBVV95cUxOUm1HTmFOZG5rZ2EycnpkcnJ1UGtTM1NIUDRYa08yUjI4R0x0MWlMc2NnTGFOWnY1VFd6ODM4SWI4ZG5pYUFpdzNjdEMtc0Y1a18wX01JWmJqMzJPeFJNWFRKc0hJWlRsWlpPYUFDeGJiQ2NKU2ppX1J1bVJoM2szMDNtU21NcDVYODdqekRWMUhWMlpGNUZMSnFuQUhvT2d3dGxQYXB0VDEzUQ?oc=5","Euronews","Europe","1784031431000"
"US strikes Bushehr as Iran's parliament tables bill to control Hormuz","https://news.google.com/rss/articles/CBMipwFBVV95cUxPTHB6ckR1THIzaHZBci1PU1JyV2JDZkxsWGJTXzlubTBJODFNZ3VObGFYMGNNZm5TVUxaRnp2NHdiMElWdXVzX1JWbkZHdUxycEJCOC15dlJoXy1BTG1KcmRiV2R4TDk2MjBWVXAxdGk5T2RwalU1NlNDajd2bjhKbHEta29qeG5obkwyVU0xRFdCUk50TnhHNkZOLUhUd3BYT2NRbHpITQ?oc=5","Euronews","Europe","1784030988000"
"US sailors conduct flight operations aboard USS George HW Bush ahead of Iranian port blockade","https://news.google.com/rss/articles/CBMiVkFVX3lxTE4yRkFERjRwUHFwejdZYzRLb1BoRUUtV3JyZTRvZ2pXVG00Qjh1aVdBV0IweHNlX1luOEo0NmRTT0FieDhISnlkZzNfS25kT010cld6c3ln?oc=5","Fox News","US","1784032002000"
"Saudi Arabia opens new front in Iran war","https://news.google.com/rss/articles/CBMilgFBVV95cUxQRndiR3JIQXZwYWVIRVVNZHR2dXRTXzlvMFZWN0JqRkxnei12SC13WG9uY2VjUG0tSHVIY0YxQkZfaGhxWDBqYjVkaW1GX3V2OTVrSUpKRTljbGVaOHMtSnE4Y3d2dGVuMFM5QndpdHczX2VHYnQ3aE5mREp0QlRMRnFwbHVtSE5oa3hCRGFmWDFPSnVVQ1E?oc=5","The Telegraph","UK","1784031480000"
"Donald Trump is behaving like a pathetic pirate king in the Strait of Hormuz","https://news.google.com/rss/articles/CBMirgFBVV95cUxNSk16bmlpMFBMVllfZXNuaFRxbXFsMldmRFhUVXRWdTBQVkpZSUIwVy1XTFFxRjZKX3F6MEVCOUZndHgxaFYtVnNvb2ZpT3RrWmNKeGxVcFNpVzhMME96SDlxcmt5ZXRyRXJ2UE5tcDlRZWw5MnhQNDZ2bUM2NGJSaURFNldSRk4tS200NmJ5UjNlS29yN2QzSmxPZml6SnduczVoZmREb2drOGR4WVE?oc=5","The Independent","UK","1784031360000"
"Iran RESPONDS to Trump claiming US is 'guardian' in Strait of Hormuz","https://news.google.com/rss/articles/CBMiVkFVX3lxTE9obDVLVGY2V182X1JwYVRSOTRvMm5XMEI3ekRqM21QcEgycjAteHdhdjgyQ2xiamZ0aGNXU3J2NkVCNXk5WFlabERlc2hyWGc1MGFEYVh3?oc=5","Fox News","US","1784030795000"
"Iranian scientists develop first-of-its-kind device to prevent costly oil pipeline-clogging deposits","https://news.google.com/rss/articles/CBMi3gFBVV95cUxPNTlla3RqckpZZ0FuczFhS242Q0FvaW5WRlFuSmlQSlM4TTdrZ3YwckhYbmZZRHlYM1dVSnk2QThnYVVPUXgtcjNYa1pfQmRpclV5VlNaclVMbkNISmlrcWFCejR1V3FDajREaHRLR3RKMEIxY2N0S1N6WmFfMkp6MWxNZDM3QVhpT19XUlR3MEZnZkRBcmxPUGI5alJuYkpMRE9aeU5zXzBHU3N6ZU15WUJBVmhkZHhkcEJ4ZEhRWWxqZGlBTy15MGQ5WWNKMVo1dnhTcDM1MTB5TGY1Q2c?oc=5","Press TV","Iran","1784031720000"
"Iran says U.S. struck port city of Bushehr, 2 counties in SW Iran","https://news.google.com/rss/articles/CBMie0FVX3lxTFBNSHBXU0l5NlMxSTgxRjRKV291ZWgtVnZFeVpFVWdxaXFPd244OTBadVhWdzJIdXVRUkVXeUlPYnV5MlRmSW9OVTdHcjBpYmpSemRoVmU2aFZNVzB1bXJUempqdFJDYzZNTTJIeUZ3WXQwdEdfdDl5Vm5MUQ?oc=5","Xinhua","China","1784031376000"
"Iran condemns Britain's decision to designate IRGC as national security threat","https://news.google.com/rss/articles/CBMie0FVX3lxTE81SUxWNmpZXzFmdDRJMGRySzFHVzVldDN2a0FpVWdWbjVmN3FveFdRQ0xONEctVndrZlZmZzRFWGhDdVo4YmZqMDhYNlhBLVhYTGxNOXBVU3FRUHlHMGFtanNER3d5TFJLeWVYQkV6U0U1aHhFenNWbEVGcw?oc=5","Xinhua","China","1784031225000"
"Iran hacked Middle East mobile networks to track US personnel: report","https://news.google.com/rss/articles/CBMipAFBVV95cUxPT3JwbDE0NmVPQzdxZHN2Nl8tdUwzaFpvdEtQamtxNlhHbGNJejdNTmowTFp1dDNicEpKQkdSS0lNMk9IZElibHROZTZGVnUzbFUxcGZJdExiamk2V0Rlbno2V0gyOXFxNU51S3U1WnkzQnBmV2JPVXFSeVBHZG9jRW5FNENNMkhBX3lKdkJ4MGhsNUNXWkVNWkZ2Qk1QRTcwY3hBMA?oc=5","Dawn","Pakistan","1784030989000"
"1st LD: 2 counties in SW Iran hit by U.S. strikes -- media","https://news.google.com/rss/articles/CBMifEFVX3lxTE4zbnZ5TEx3Ymh6R2pFSElGVEMxa19xMFpjajExcVZ4YXBnbnl5ckFQRURmSDFMcjVxbmRhRGs4ZlNqenJlZjdYOE1GQ3N1R1BiN3JlSW42ckVoblhGdFJkZXdvd3FFRmhGRlAyR3lsdi1DVjFBeHhuODdQS2c?oc=5","Xinhua","China","1784030865000"
"Iran executes two men convicted of links to Islamic State, planning attacks","https://news.google.com/rss/articles/CBMiqAFBVV95cUxNbG5XZzdSenA5N0pPc0UyT3p4M2s0SzdVNldYMWhZOU9qRkxlMGdYdXRyZDRhLXdRT2xOMEFVb1ZCXzlpTzA4d1hUWWJ5alNVd0RsVndFalBDXzNodGxvZnBDRVl0OGRVMFRacFNURGIzQW5mTTgxQmE0VzZFcmRqeGFRYk5nZWc1LW1VY3BaNV8wQmR1UXg4a0xfYUdBSVExVEtlMWJaWGfSAa4BQVVfeXFMUEtBNDlxZDFsUThmY0FteWFIb1NJemFHbHNZaHpsSUpQOFFJZE1PMUgtc0RDS0NuNkt0WEhxZEw5Ykp1MF83aVpwSTQxQW1fR1RsTzVwcEZiSkJYMmIwWTV4MzJGYW9oaGpsdmVGY2JqLXZXUTIzVTltMG9ENkhqWHNNMndJVjB6WTZieUJEbmFQU25FQWNMNUFwVUhpMXVZZ0h5Y1ZHSVY0LUppVVRB?oc=5","The Times of Israel","Israel","1784029969000"
"Daily Briefing July 14 – War on? Trump declares US ‘guardians’ of Hormuz","https://news.google.com/rss/articles/CBMinwFBVV95cUxNdVBteWNUNE5HczlKUGJ2bUFCRGx5S2lBdDE1dHBKZm5FUWhpWl9lbE5wNEF5REUwTU1IRkEteUMzRVg2MDhSM1NCanNuZXEzWk56THROQVNjcGl3Ry1WOHJ0THZORGhsNjI0TVRFMXE0X2tlMkZoelVKWWhUc3NYVk5ndFpVNG1NbGs2RXhkekhXaDAyOEVySmt4Q1JlWmfSAaQBQVVfeXFMTl8tWDFTTTVOcWdBeVUzdnRBVlJaeTd2Y0RJQVhiaDlLQkI3SWhZdGJyc2loN0ZZYk41dmkteGlBWnZ0RjhNYWZUTmdDQ3JqMzhhRkYyU3JBRU9RTTV1N0ZBdllnRlNTcUp2MnJNVHJubjczWGx6SGtUREFmamJUdVlHTDZUMDlGQl9YeDBYZUxqb0lLdWpSaEs1R0VsRnlna0w0Mi0?oc=5","The Times of Israel","Israel","1784029969000"
"Three jailed for life in Bahrain on charges of spying for Iran","https://news.google.com/rss/articles/CBMinAFBVV95cUxNQVpFemJDZjhHT2RMc3lhZ2dVUFJYbEhyV2dmdS1GZ2VodENrcjg5WEhXTmxCMmJZS0xnRWZhRzViVGJFcW1BSk9VSjNmWUFYNEpvLUFGWTRuTWg5NlJfTjVjR2JITER0OHRWaXVJREpIREtCS3hIaktHd0tCN1RicG1OdFBsYVdNcjlSQzN3a2Q0cEtCU1RkbHk0dVQ?oc=5","Dawn","Pakistan","1784029762000"
"Is Iran destroying its diplomatic bridges?","https://news.google.com/rss/articles/CBMipwFBVV95cUxQLTN1ay16MWF0Snc1QWRtVUQzNTNqbFRjQzhXZGdZUFZ0RkFkaUFYR05YN1dDQ2tXVE9yeG4tRUNTeV9IQWlkRU40N0hIM2xTMS1ueks2NndzbW85ektEYWJJYVpEZ21nWWkyb3NTcW5tT0x2eWNfRm42d1cweEFTWXppMDFNYVpJdkt0czRjb2JDQWFrTFU4RWJJSG40X3dlUVk0bmRUd9IBrAFBVV95cUxOVDRMbGtYT01vcmZPdW9pbkRiZlhpM1l4bmM4cDczbE91NjRENWs1SFpYZGZvejNjeHl0S2dDZENiYzdYUzR2TXROS19ZZndJYVFDTFJyQk5wVkw1WHg4V3EyV242ZTRKcWdOSHJTcFM1RWVRYzd4RENLYWhBVkpFRHFQOXd3QzlUWUQ4b1VSazQ3Q1pTa0dwMVEwOVpuLWt6NWRUa2ZzSWtzMjZs?oc=5","Al Arabiya","Arab","1784028780000"
"UAE releases 55 detained Iranian fishermen","https://news.google.com/rss/articles/CBMiakFVX3lxTFBSaDVoNm9oaG0wYlM2aDlaV1p0NmhyS2JrMktXcV84YzVGRnk3QmcxR1dUU1BMQmlDamlZZ25DSXZSWDZnRGR0Tk9ueUpLWTRjazJ1cDQ3bzliTFpWMlp5T29kYVZJU0R1Y3c?oc=5","The Jerusalem Post","Israel","1784033893000"
"Army, IRGC spokesmen hold meeting, affirm unwavering unity against enemy threats","https://news.google.com/rss/articles/CBMiygFBVV95cUxQOVJTbUZoTHdoUTc0eWtMR3cwaGNCMnFnV083bUJVWkY0al9oTTN1eFdRMGNyN2pxaHhhVWZZXzVFZXk0VmJoOFF6d2hrcW55YU5rSUlocVJJdXVqWlcweEJFeGFjMHB4MHExaS1WR2VtN1pmU204ZGZiaElvSFlDT2RIbVNDNDdoSDZWZkE5OEVvTjZPNHNhS2dQTEtFNHRFazZIcWRfRFRwbWowTXE3SE04S3lHc3JnR0J4ZVUyeEpfRmkxdVZsZlRB?oc=5","Press TV","Iran","1784033880000"
"55 detained Iranian fishermen freed in UAE, Iran embassy says","https://news.google.com/rss/articles/CBMiqgFBVV95cUxQdE42WTdvSDZiOXhHQVExRzBiZHF0QjdWYjVYMXRJOEZiRV9ZMVJuU1BfakZJaEZDVXpCaXNiNjF0YWpZbFlwb3FILVd2Mmw5eFBrZHlwNGprRzB0WXZyc2ZSZy1CcXJjelNDcXNWLUlyVGpQNWU3R0NQak9HNE5GX0hEOWE5V1duVTROb1UyRE9tTVJGLWVVQ3dPTmljaFRQZ1VsVkVBV0ZTZw?oc=5","The Times of Israel","Israel","1784033453000"
"Iraqi PM Ali al-Zaidi woos Donald Trump in Washington amid rising Iran militia tensions","https://news.google.com/rss/articles/CBMiXEFVX3lxTE9iOTE3Z25VOU50anBmbl9VZzlLT3FKRGJwSGwzX0NJbVdqOVR2eHQyYldRQjhNbnRMcUw4NDhxNUdnR21rS1BnSWZUakY0MTRYS2JWZkVWQzE0RThT?oc=5","The Jerusalem Post","Israel","1784033335000"
"US attacks Iran as Tehran retaliates, raising fears of all-out war","https://news.google.com/rss/articles/CBMiwgFBVV95cUxPXzhMMXNHVUF0RFowQjFNSGlsdWJWQk9uTGFRUTBYTWlTcnJGQ2hpcHFZVjI4eDk5SjFuRjlxbTFQQllfLXV1MUJJdm9JenpGUjhPbVRzbUszVWJCczIxMnVObmZxbGlHeDdtZnY0ZExKbGZpVEV2QW9nNjR5aUxrOWd0bHUzZURVWjVEUFFsODlXSUFwNHEwelpreENJV2lBbTV4aXJMNWxJdlpvZi1Xd3FsXzhZYjQ1T1pNRGdnOVVhUQ?oc=5","CGTN","China","1784032856000"
"At least 3 killed, 4 injured in fresh U.S. strikes on Iran -- media","https://news.google.com/rss/articles/CBMifEFVX3lxTFA2Q0oxbldXWnF0S2VISnd4enpxQUUzM2oza2Z2UFV5RVI3eDZuRVUtcUZ4bzBlc0pwODRnQ3ppcnE0bjVNdXBCb0lHWEpBcjV0Sk5icTJEVzFqdm5JYVFTSDNpZFB5RmhzQVg5Smgxc1ZZN3YyX3B0TVZuTGo?oc=5","Xinhua","China","1784032665000"
"Indian seafarer death toll from US-Iranian attacks in Hormuz rises to 8","https://news.google.com/rss/articles/CBMiVkFVX3lxTE9aeXFWX2ViN0FtV19oemRhc09Wb0xSWlo2SUxvVnFRd1B3dF8tYXNwR1VKSksxOHZfRlIzS19fWUxHUEhyb1VRXzlZUUlMQjlLZ2JjX0ZB?oc=5","Arab News","Arab","1784030732000"
"Donald Trump returns to escalation against Iran","https://news.google.com/rss/articles/CBMicEFVX3lxTE1BRFhLeWxpcDBOS3NMQlVmNkxyWVRNcElnR3p1cHEwNXhhY2dLcnBicWhSc0tQV29haXNuVk9DNGdjN1o3REFxckZGY3VYMlVjWkdWZERvOHBUdTJHSTVrS3dlcEttbGRsMmYwbnItdU8?oc=5","Financial Times","Global","1784034005000"
"Iran releases video said to show latest strikes against US bases in Middle East","https://news.google.com/rss/articles/CBMi0wFBVV95cUxQN3VDbEdtVVFwb0ZzdGh4SmVmVEE3UVdxOEwwOEc2NDViam5KRXozVDFPQTVpQS1OLUdJYUE2TWpWUzdhUGlXelVzTktUWGxsRVFfc1hvTUlSMEJ3U0FIVjlTTy10Y2ZGLS1nc0tZR1FOc3gtaHZGTmhzTl9IUG9pbVVHTnFtZjZCcDVyS1VvX09Ia09XeFJuQTd0YXZiUE5RbXpGRl9iVlViTFc0QkJaakROdUpJTVMyaUJTTGJBcFFUUk5TbjRSNE1BMGZBYkllaVln?oc=5","Associated Press","Global","1784033880000"
"Detained Iranian fishermen freed in UAE, Iran embassy says","https://news.google.com/rss/articles/CBMirAFBVV95cUxQSURHRUtIb2NmQVJNNGYwNnF4R2NoazUyR3BXQ3Y1azRzWk9ZUUYyc21WNGdGMm5iR2JBUUYwZEh3ZDRjRjRuWG0tOFVIUHN2TTJfc3lxbHppVWJkY196aUVCTXVrUFRhdDNYTXJmUEwwZ2dNbm1ZQ3FrS1lJLTFDdm5wNmpGaGRDa0JkV1QwOE5ZUkhlcW95RE13RlpZb0llNTc0bU16dWhsRkpC?oc=5","Reuters","Global","1784032775000"
"US attacks Iran and Tehran retaliates across the Middle East, threatening a return to all-out war","https://news.google.com/rss/articles/CBMi0wFBVV95cUxNLUdob0FXTThWRnAxeGpHUzgxVy1VTlJqeGhwNmZ1LV9yN0wtNm5iZFZuZTQ2WU96NE11Z1poOGpxWlZHR2U0eGdEcS1maUlCZV9FdHY0MTJkRTFia0U5MXlaNU1DX3FxWURPUUpHek4wTC1pTzRGVVFrZVdYSjA3d3lMeUdvNGV3RXlBWE9wdWZfZEZOSUFLOGtYcmtSSlQ2TnloR3JTbzRIaUlpLTNYUXZuaUdzOUkySHEzd29WVHJKbGswb2tnVXpLN19ZRzdIWGZZ?oc=5","The Washington Post","US","1784033522000"
"Inflation cools to 3.5% in June in relief brought by brief US-Iran deal","https://news.google.com/rss/articles/CBMilAFBVV95cUxNWFpYNmtJbC1oY0NldWRUY1QyWHk4cWhrUkk4akpVSEZJNjMtNkxCQjlrc3ZuWERjQkR6MlNnMHlMSXVsaUloaE8wOUh3cTFTYlV2emZSNF90bFhVanczZU5NOE5wZ04wcDlqdjRjMV9ULVFGVlhYSjlxYVZmZU1Rd1JMQXl6QnZDbGUxM2RmOWZIUDVE?oc=5","The Guardian","UK","1784032800000"
"US says it has completed latest wave of strikes on Iran","https://news.google.com/rss/articles/CBMiZ0FVX3lxTE43YlJEMmo5Q21mdklGM1phOWVOeElsam1oMHdqbnNCSEdVLXlYd2F0dl91cFMzemx5dUhncVlJeURjZXF1ejFqcGZaRGRhbS1MOURXNGNKQkkzczdWRXlaVVRKMGJqQWs?oc=5","Reuters","Global","1784034663000"
"CENTCOM shares NEW footage of mission targeting Iranian assets","https://news.google.com/rss/articles/CBMiVkFVX3lxTE9qUWdEWTc3M0RNcGpLcUl0WURrRjAyTGt2YjFfZHF6TWRXTzRvSE9PU0ZDTkVKNy1OcUZzLTBQd3hodXNCOXZ1LVpsbjZDUzFMa24wUkpn?oc=5","Fox News","US","1784034558000"
"Netanyahu to Iran’s leaders: We will respond to any attacks on Israel with ‘far more power’","https://news.google.com/rss/articles/CBMizgFBVV95cUxPVThKMWs3VEE4b2ktZW5BZmRteXowOW1KRjFRMmgtaEFsaXB5MVU3a2VBMWN1R1JmZ1UtN0lfc3Z6ekdyc2k2ZlZiRzcwVVlpam5VMnFLRTdSRW9heUYyOFUzSEFhWDRIUGlYdDZ2OW9wNzdIWkUwMF9zTzNvdEdzRHh1cUFTMEdBM083WE5HNHByaDd5VFdDdzdYSWxmNTRBaTY5OE9ZRnRVaVVYM1dHLW5hUXJSRGtyUXJ3dEUyM1g5eVZVSEYyUWZuRk9ZQQ?oc=5","The Times of Israel","Israel","1784035668000"
"Iran begins repatriating 55 fishermen detained by UAE after GPS disruptions","https://news.google.com/rss/articles/CBMivwFBVV95cUxNc19aRndkZXNQNVAxcEljYnZLOUY2cEZDZGNEckJCaHlyTFlGMVBfSHNvRGpoR1RFeTVDQWsySXBOdlduUnoxcXZib2tkeUY5QThzWk83Z1FCbTlPQ1BzNDhzMGdPb3RwcjVRNmxfelFyMnZxUDQ3Q3NLLWVUUjVHZnFaUE1sYlc4UG84N3hvSWRFZW9FeG55eXVubGhaYkNPQ1NOaktZaWtOdmdxSkswajBLa0hnZ3UyQzQ1bkVXZw?oc=5","Press TV","Iran","1784035260000"
"Iran mocks Donald Trump Hormuz fee as Gulf states face costly US protection dilemma","https://news.google.com/rss/articles/CBMiakFVX3lxTE9rN21JM2pQaXlMZU5tVE9mM0t0YU1GblUxMGFSV3dxb2V3ZEhUd1djMDZ1aElrM1dUYkVxVHRIUTduUGtpbktxNDdVd0FfQVJNZDhCVE5qUV92bnFUY1FXUlBrZ2IxQ3dyTlE?oc=5","The Jerusalem Post","Israel","1784035192000"
"WATCH: Russian FM Lavrov says US strikes on Iran 'violation' of MoU","https://news.google.com/rss/articles/CBMinwFBVV95cUxNc2dMQXM0eExua1NpbFNNal9TMkFrUGxVSjFWbEJGREFWUnBETW9aRmV3ZmY1TXpmOFc3Tk9lMlA3bHBORnBILW1MVXVaVFl1c01zOGNRUDhiUkRaU2tnWVdFODZsTlFkOHVLWWtJaFMzUGNiWWJHRDFRVmJMa3phUVE0ZUVHY1ltYlpyVEZlOGJubUpFNWZsem9sT0JyVkE?oc=5","Dawn","Pakistan","1784034724000"
"Benjamin Netanyahu warns Iran: 'If you attack, things will get much worse'","https://news.google.com/rss/articles/CBMidkFVX3lxTE9ZV0NCWDVJX3E4YWVuSVp3QlFMdF9pZmJjZlFHS0pBUGE2dVkzQzlpVWZTa08wQlhOcW5kYVcxRU9OZXNsZ2J1Yk9WTmRjWE9CWWFBTEEtbVFZakVLS25faHJCNkZKX2hOSS1ERHpoZFFuMW5ub2c?oc=5","The Jerusalem Post","Israel","1784034486000"
"US will reap nothing but failure in face of Iran’s deterrence doctrine: envoy","https://news.google.com/rss/articles/CBMirgFBVV95cUxPdi1kaU9SNXVncXV4dzV2UHlMR2k0UVU5cWR3T2JXelE3VTdNa0lIc0tUd3NraXNaY182VF9Hc215TnpteEp2TlNBV2pldWppOFgzOU1lMjdHNWVYRmVFY19NdXIwUlFoRS1HazhQMWRVS2Uwb3l5NGdXcVd5cEdqU0dVdHJwQ2NldGNpcHZ6R0V5MXVYUERXTnREMWJ6QzlFMXVsckdCQTIxUEpwVHc?oc=5","Dawn","Pakistan","1784032789000"
"Saudi Arabia Affirms Its Complete Rejection of Iran's Destabilizing Behavior in the Region","https://news.google.com/rss/articles/CBMiuwFBVV95cUxNYzJDUFpuNzZNUTQyZWNzR0V6TmFRUXd2WVJsSVNJbGU3Z0xONHhJTkFxNno3ZFRVWWpjWVJXemowamJhNWl4VUYzQXF4bzVodi1GWHlwazhOV0szLThxTmNYZTJFcmdjMHZsczkzSnNwTzBKNndiZzFFek5MaHU2cGF1eVFoNGdOWXBRVEhkZ2d1bmNpWGR0WWJLTFVLSUI3cmx5dUdiaXhCUXFRT0tndGdlWWlNNm94eDUw?oc=5","Asharq Al-Awsat","Arab","1784037635000"
"Bahrain Sentences Three Defendants to Life Imprisonment for Collaborating with the IRGC","https://news.google.com/rss/articles/CBMisAFBVV95cUxPNnlCR2RVY1VvNExYQkJPNUc3ZzFxeE9yakQ5VVZJUVpTRXExRnFBZUxZUGtTRUZVakU3Zjg3bGZwQXNWUmN1SnVCZG9pLVFQUmRodnNqcUNKSWluRmRiU0doUkxjbWhjRGxJOGdGUGU0V21VWXBNRENwYnVZWHFGWDlCc1ZPTnZhUGEtMzhzaVcyYWpzbGtKVWJZczNoOUM1X2dNMkw2WHR3c3NTM3lrUQ?oc=5","Asharq Al-Awsat","Arab","1784036863000"
"US authorities detain American journalist Max Blumenthal upon return from Iran","https://news.google.com/rss/articles/CBMi1AFBVV95cUxQVzlWTllWVUtiRXdRUEtzcFdWSU83Tm1nVE5saUJKbkZvakRpTDVKQWV1bjMwUUE1U0dZTjJSRnhKU1ZQZjRJVHhFRVliM2VXdHJhbEp5dFhzbXFqQmhZQXJWVjVOS0RDOWtGV0EwM3cwUkFOTW90V3pVc3pucGgwQ04xUGw0Y0VwUGltZV9wMThuWGVJZ0tienNIR0hHY1JuOUoteHF2OVJ5UFZRUlBrVUUzLVkzM2ZicHpaVmN3ckhXSXFRbExkTUNEVTF4bzdhNnp0Mw?oc=5","Press TV","Iran","1784036100000"
"Iran lawmakers present Hormuz management bill as US war heats up","https://news.google.com/rss/articles/CBMiqAFBVV95cUxOTk80a2NqNmJqZHAzby1pUWNnT19RaVItTFlKTWwzbUljSXRoWXlhSDBtTjh5RTlqSlpOQy1SLVpqQlZ1eXR1NkdYeTNxNVdoZVAxNF84bDVFa0xQUl82U0pMWl94RmN3Y3lDcl9xbWNNVUhOckcxRC1rdlFwQ2s0RGFRYXFMUElaX1c1X3pXNUlrUXFYekNFQ0hWQ1J1NW50ZUJJQkhXbjnSAa4BQVVfeXFMTVdES3lHaEFGdjBLc0lZd3dfMml4Uk9jVExqd0FjNENoSVB2MlU1NFhrZzFvUlB3bXF2QzhXVXRtYjdYSWZIdUxUN080X1BESm9mYmJJVTBFNmFaVlllM3Z0b3lCc3VBRXdhc2hHaldMUmhfRWxiMmIyLXBDQ2k3eThIRlZSN1VfTTRPMjVwLW1pQmxWUV9IUTJ3Yk1KclNtVnVpSnRhMHIyZWY4WnZR?oc=5","Al Jazeera","Arab","1784035972000"
"Oil hits 1-month high as US-Iran fighting clouds Strait of Hormuz outlook - Al Jazeera","https://news.google.com/rss/articles/CBMi0gFBVV95cUxNS3hNNWRqazJOTEE0eFljXzc2NGpjX3hfTWZlZFlwYzZLRkhjNlR5SDJ2YVRIWVNrbkFaaVJhWDVEdjNiUWRWbXBUM2Q5ZC1wd0hhaVAxS2Zhc1UxNFVFUUkyZVdteWg1dk56VjBaVW9DYU9wcG9MRjNlQjktN2VXZFZRWGlyVnlXczllMzhzclp1WDk0TUgtUTU5T2VaMzBJcmNwVFBHTVhNd3Mxc2lkNWcyQ1dtTmFuUEpOVC1XZkNYZ0NxUk90dnF6LXdtV3VMV1E?oc=5","Al Jazeera","Arab","1784034912000"
"Stocks Open Mixed, Warsh: 'No Tolerance' for Inflation, US-Iran Truce Over, More","https://news.google.com/rss/articles/CBMipgFBVV95cUxOSHdYR1NQU0d5OS1rYllJaFhyYmMySWp2R1BYdVlkWTluaGhZUjI3ejRudnR4alZLQktkM2RJM204TWl2amt4cDJiQUtFREZVS2VsSzZIS2hFZENJSHdIYWVNVVRSNWxmUURwdkJRZ1F2MG9DS3U0ekZ3WGJiM3RxN1hIdmhJRDA4ekJ6TEJ4SWVJcF9DYU50TWlEcTVEaWFhVlJsX0R3?oc=5","Bloomberg","Global","1784036485000"
"Explainer: Trump wants fees for Hormuz just like Iran - is that legal?","https://news.google.com/rss/articles/CBMipAFBVV95cUxNM3dNNmJQLXczRFNZeWVhc01WeGRBWEpGbGtVejR5X2VIUzVUUHVCUDNIbWxqVElSamZ0ZkhySGtUelhhNVduTUlqc2YzWnl0cnVNbDU0aVd2ZmNBUzNCWUdxanpwbVgzMnBEV2ViTGFVSXZGZ3RUMTBPMEZDbXlVVC1JMHpNT0ltRkx0YXFUQVI5YmUtaGUtOFc1MDVoSHRfTXJ6LQ?oc=5","Reuters","Global","1784034782000"
"Oil prices surge as Iran and US battle over control of Strait of Hormuz","https://news.google.com/rss/articles/CBMipgFBVV95cUxPWllaUExVMl9qalRybEtwaGpPRkYtRGxpYXlSQUtIeHhrTUVTbWRGSXVTc000Z0dYSC1ZTFp1M0tHUzJUdWxkQjFpYXNVVkw1RU41RExnU0RPeEFUeEdoTEFULWFaMEdpX0xRTkRJOXhhWExJOHVoaUV4Y3oxTWUyOUpRUzFSLTRDSGd4UFVTbTN6VE5FR0VhMFpyajVWRjI3M3dDMFBR?oc=5","The Independent","UK","1784036160000"
"After Hormuz, Iran turns to Red Sea gateway as new pressure point","https://news.google.com/rss/articles/CBMisgFBVV95cUxQUGg5NkVYV29DZzNPWWdfQnBqVkllT3BZYlpEMkZEb3JmODhYT0JYMVQ5SHc4cEZoMUh5bnp0TC1ITl9JZ1d2VmZ4T2dFcGY3TDVsUFJhbVdpa0w1LUdFM0M3WU90VXZFWnY4QkhyeUc3SmtlQkJYb05OUENvQWxwU2ZnTkVCcTZyRjh3UUtrYlhMVWMtTmVSTmlObnd1SEhsUk5uUk8tLUdEZ21faGhRc3J3?oc=5","Reuters","Global","1784038359000"
"Live updates: US strikes Iran again after Trump vows to reinstate blockade in Strait of Hormuz","https://news.google.com/rss/articles/CBMickFVX3lxTFBTTFQ1S2ZINEJ1Tl85UWFISEkzSHNrbHZSMTd6NVplZ2VqRm5KdTc5enVvLXlTU05nQmwzOHpOWTl3ZmRtNHlSVnlIYjNOb29xQzhWWjI1NHFFb0dCS0dQaVN1TlZmRzJwUjhKZ29rR0hOZw?oc=5","Associated Press","Global","1784038140000"
"Western Fuel Markets Flash Record Tightness on Hormuz Escalation","https://news.google.com/rss/articles/CBMi0AFBVV95cUxNekhSU2h1Rk1oTkNWNXd6ek1UWXdZVnVyR2t1TjViZDU0dW5JcmRQRmszdVprUmNHSkEtaEFHYUhLVG9DQXczVFNTM3k0dnd5TjE3UUprQks4MVkwNnB3S1FNVTRTUy1YSFM1ajlzOTRIQm51RTNOV3I1OTJ5VC1HZnVoV2ZxUnhjazMxOExVWnRWVnFYTHlGb25RbHY2LTNpVDQtUzlQT1A5d1dUS3hsM1VKS2hFQU9ZNEFMckdoVUdSRGwwM3RLdUwwWGpNNVR0?oc=5","Bloomberg","Global","1784037161000"
"US launches third night of strikes on Iran as Trump reinstates blockade","https://news.google.com/rss/articles/CBMiVkFVX3lxTE9RM1RSRXJsakJvLWxXVUMtbWlyUnFJT2xlYmdld1NwWGJaMHBrY0NWVmRaemRSeV9Vay14Sjl5SExGUm56V3h3UnM1WVdCQU9jT0l2UFZB?oc=5","Fox News","US","1784038455000"
"The Battle for Hormuz: Trump Shifts Into Dangerous New Phase in Iran War","https://news.google.com/rss/articles/CBMiugFBVV95cUxPTE0wdmhoNjJtQWdyNjVFN2puU3NkcmhYNHdDZWk0c2x5c0VaQmwwak51V0ROY2huUjJZZFlMa1Znc0xFUEJhQnRSYkZpaG1DaC02MEowNmdTZDg2R3VIMVRBbUF1TXFiZWtkYXBPOUJOeDZpUGJVcVNlUl9IRVdzT3JrMWVkTkxJSjk3S19LRGZjZ2NKZHNXYWdWNy1WMGF5T3NmeHNpRFY0TnNxUjh3X2J3eTY1REcwb2c?oc=5","The Wall Street Journal","US","1784038380000"
"College students reveal political ignorance on Trump, Iran and socialism","https://news.google.com/rss/articles/CBMiVkFVX3lxTE05VzJiblc4MDU3ZFhYbXU1eW0xQ2pnbWVCYm5XUWN2SHBHRk56T2tZTTZsQkYxdV9MeUpEa3RzVDFiOHg0Wm1LZVBaLXUwWWVuWHhxX3Bn?oc=5","Fox News","US","1784037924000"
"Iran to unveil first homegrown container reach stacker by year-end for deployment at ports","https://news.google.com/rss/articles/CBMixwFBVV95cUxORWJBdFoxUkFoclhLdFhZZ2M3a3BhMkJRcmVEbENhanJ2M2VOaURJRHZoblYxVzlySkF1SHc5TkFxOWVUaGdkc3RDVHVPem9OcS1BOWdpT0xMWVltXzE0MGZBOTFqclN5aS1rSi0yNzVYYVRDMEdxVVE1cVRBa2pwM3RRM3hiQkg5QjRUeEV4dHRpYU1uXy1PZUl3SS12dUx1NmFvT0dJY2wxR2thWDVScUFVeGg1QWgzN1A3enF0ZkJ4UnZsZXhJ?oc=5","Press TV","Iran","1784039220000"
"Is it legal for Donald Trump to impose fees on Strait of Hormuz transit?","https://news.google.com/rss/articles/CBMiakFVX3lxTE1hSi1JWElwYlh2cmtTbmZCUTBEaXZWTEFYTGF6cFg3TFZhd1VNbUxiUWJHRlJ5eC1UUUxzSlpRbUdnV2RjMTlxOWZGbVJadjNfLURZbEY0bmZFQzlibkZnM1lKZTBiQi1GaHc?oc=5","The Jerusalem Post","Israel","1784038734000"
"Iran’s strikes show its priority is flexing muscle on Hormuz, not dealing with Trump","https://news.google.com/rss/articles/CBMiswFBVV95cUxPSVNKQzE3QWFTTkRTRkUxU1RjZGNTaUpsektLdDI3OXU0T2lsRmZueFFDWkM2NFIzRXdfS0djSEdxeHd2ZFF1bFRLM0FkWm5VMURfUGpneUd5NHBqYkx2anFzX0kzcTN0MkhvME5RUXJvQUpRTjFyb0ZWWDhmY210MHVCdzJoZ2pnVVZXZ2JSelpsRnFvaUM1OTd1ekg0Nm0wQXZIYmVEbEkySWQ4d0hjTFNMWdIBuAFBVV95cUxPNkZUT3dXcDl4U3pNVU8tLW5xdVhTdEV3LWlpenVOZHFId3dwNGdNUkNNUjFUcVExSDNVYmNmUDlHQnlYSnUxRDMwbnVBTWY5ODhFX2VfdldqMWNCTFJpX2ZXZkpQM3lqYV9VZW9CWFU2TjhHdGVaNDJsYWZtRGZHVUoyenpDVHdyTUZUZGkyTnNlWFdtUEZEaUR1dnYyUmdfMEVMaTdVTEN2Z1UwVXhjSGhwREZtRHlz?oc=5","The Times of Israel","Israel","1784038500000"
"‘Piracy’: Will Trump’s 20 percent Hormuz toll find takers?","https://news.google.com/rss/articles/CBMingFBVV95cUxQNTB6Nzl2cGNfUmRYN05SRVdtbkdiWnR5ak1ROGVGV0dpNnE4RTBzX0hNbkFEaEhsLWdodXY2bmpTcE5CUGc4dDVlVTg5dW1sVTdNVFlaMUg0RGw1OW9FR1VRWjdRTGZlLWhlakFlTVozWVNldXdBelRHLXg2U2daR2ZNQS1zXzRTb3IwRVlUVWhFOUhDLXhMaUo1eG5qd9IBowFBVV95cUxPWnpvYmxwU1ZkamtIYVlQQV8wY0tBYnRPNG1Ob29udkY5blRhUndCNnBwSDMyQjlYd1FCQ3RudFQ4Y2FWZjRoR2hfZmpnN3lLX0RJNnZEQVE2bEpRZVlkNDlzcmZLMFJFR1R4VjlIX1czbGxxRWREaWtoUkU5ZmpkR3lpbU5zLTQtRWJyMk93YTJVekQ0ZkdKVm44NWRuYUFGLTBr?oc=5","Al Jazeera","Arab","1784038263000"
"Netanyahu warns Iran of ""much more powerful"" response if it attacks Israel","https://news.google.com/rss/articles/CBMifEFVX3lxTFA1RXZyQXE3RmtWS1BrQ3BLWXQ3Qll3ZXFYY3lBM0tqQ2RVZWxQLUtUM041d1BPTXB6aUFfSkNyQ1JPRnZoejc1MndKMmlucjRMeEN2Zk4yZlk1aTJOR2VjRzZkZ3lsUkZmV2JFbkE2NktKSGNVMHJKclVLU1k?oc=5","Xinhua","China","1784038140000"
"China urges US, Iran to avoid return of war, backs ‘lawful rights’ of coastal nations in Hormuz","https://news.google.com/rss/articles/CBMixwFBVV95cUxNT3l3amtrY0lhbXMwX3RINU96Y0RObUI5WHVmVDRtb1ZSV25jWVNHRk1OYzlReWJXQVItVVNlZ0xSaUxxbjRZZlczRzdvcF8yNnk3emc4cTFjT1l6T1VRSno3MWNpYlhtZm1xWnFMSzhvLTdIcjJDUWozWURPa0d0ZnpZSEQwYU5rbnVTNlpSNE0yQXcwdWFRVmNIM0lGYWtVaUxCSVM2SmpuR0tmR1ZHTEc4Y2UyTEdvR01haGlWT2JnM1FWUW9J0gHPAUFVX3lxTE5hRmEtZWtXbGwzNjBCTGE5OWtoQTRMb2thYk5zMW9DUkE5TGxjbjZyNERrSFluZldOM2tOelE1ZDJSWE9EbUhiSVZGUUUyM3cyZGRmeE0tWUw2eUtwRHpnaUpiejRXV1NONFB6bDdONVZDS1FYajRrYnJadndnMEpmNXRFekQ1cTktR0hLZWxiWmRYV2NfODZ6WUZzVkVxZzNVcTQzOUdITllNV2xNNTB3cEVnZUZ3V3JtbzlqVUFsQ19rNW9QLWVZRjByVDkzVQ?oc=5","The Express Tribune","Pakistan","1784038094000"
"180 Iranian lawmakers call for end to MoU with the US: state media","https://news.google.com/rss/articles/CBMioAFBVV95cUxPRFhGdUZPeUk1Z3N6Ylc5eWpFblF4WVB3SDB0OTl1cVhiV2NzNVF0Y2NKV0FrYVhIWXNlZnlEdDQxUUJKaktqMGhzWDVpbFhoUFBGZFJkeWI3bU9ZTE45MWNHanIzZWFCUW0wdUxVUWVqaEJfTmFnLVZuOHFyRWdHR3VwSklZZ1hONkJTUjV3YVEyR0x2a0FLNV93WjNTU0Mx?oc=5","Dawn","Pakistan","1784037317000"
"Strait of Hormuz will reopen only ‘when Iran's rights are respected,’ says army","https://news.google.com/rss/articles/CBMirgFBVV95cUxPWGcyVGlNWml4ZWxEeG9oRk5WMWlnVGFxMW83LXc5XzFiM2FXdmFrMVNVUURqUFJ0aHNfalpQMnhjQjFyQm9ONDdKeXpWWUFzbXFwcHlMOTljckx3cm9IZnQ1czdqMnRhNG5LaEVJYlNDdHh3NGpMTHN0MzdHc0o4NUk2aVRiS293eUF3RHktX0h1LVFxT0lHWWtpTVFtcHdCeE1La1dvd3p0YURSQ1E?oc=5","Dawn","Pakistan","1784036643000"
"Netanyahu warns Iran's leaders Israel will hit back if attacked","https://news.google.com/rss/articles/CBMinAFBVV95cUxNdjNsYmszUF9wbURGMnZhWlIyc3Z5VHVGNUxZQWIzczVVdUJvVGI3b0dsVDVNWWN5MUhaVE1ubHFCMG5XTjFqX1Q5ZmR1dF9wNFo2eWh6M0Q5N20xeXdydmNXaXJqMXowaU5RbXBockwtckJ2Z1F6T2dYTnRwdHQ2VVFIT0NkelNxVUVYa2dSVFRBLTgxY1pPZDlaSXg?oc=5","Dawn","Pakistan","1784036044000"
"Even if the Iran war ends, the next fossil fuel shock is already on its way","https://news.google.com/rss/articles/CBMiuwFBVV95cUxQNUtrdFBQZDVzdjduVVlSeTY5OVA0ZHd2NDRZalk5OGtVWnhXOUdwVnQySG9henFXcWRaamIyYmdkRk53d0ZnOGl3N2ZvWUNFTXJYd00tYzZPLWFKbnFjWndGRXFnZ3BNMEh3RFM4ZXlTSUpqdkhFakhpdG82a3ZMQkY5bnJZX1FndzN3WnJuUmlEQ1VjWmhLZVlZY3M0OVpBYjdIdHRQQmdXc3hHYWNleWtraUpIUWdFc1F30gHAAUFVX3lxTFBTRE9aX1IzTm1zbzZqRGxfMEpCc2w5S0VnZTRlYk41b3VWUUE5OHlDSDBmWkducWU1YTY0dlZGQWkzWkZ3bEJXakFDM080eWxZTDhxbkJrZHZBbTI3RGY4WmVIWjdWQjROM0NEYnhBR2JrektYdTVzaXVlWHNmaGNwbjFCbklhNjZqejZ1azlPdGhFd21wQjd1NFZQcVR1dUdiUURvVThzUzdQU09YcDBMbFd3SloxU3p4a0ZUS2JSUw?oc=5","Al Jazeera","Arab","1784040998000"
"Iran expert: Hormuz strikes pushing Iran from surrender, deeper strikes needed","https://news.google.com/rss/articles/CBMiakFVX3lxTE8wSGlyNXRnZjlYdGVjQlpldFE5ek1ycUczaHY2WDc3UklCbHJxR3h3ZXd3dTJnMWl2U0pmS29NNGkwb0ZqaGVpNXFPdXlfN3dob2JRLUQ5My1LODZzem1NbUh6WnZ5c00xZHc?oc=5","The Jerusalem Post","Israel","1784040928000"
"Tisha B’Av, Achdut and the Iranian Nuclear Threat","https://news.google.com/rss/articles/CBMiigFBVV95cUxQUmFLdno1RVhEU2J0QVR1MGd0dmhvVlZBUHBreFRpbTdLb1hoajRuby1fU3h1VEVxaldiZDZSLXZqZjBRaThsX045MER3ZmFONDNoYnAzTFJ4WlozbGxaa0xqdGNTeUJyX290R1I2dG9oeUJibTAtMGFlUjUtbFNoOWI4YUxfOGVwaXc?oc=5","The Times of Israel","Israel","1784040660000"
"Iran using Houthis to create new Bab el-Mandeb pressure point","https://news.google.com/rss/articles/CBMiakFVX3lxTE5JWTlEMjNCNVlxRlpSZVd2WTI3bDFkdlVlWWtIZFRubDRkSEFUQndVVXVmcUZwdmc4YUVXTmx3QUJ5SUJPaF96NllfeGx2bzVYdTcyM0gwUU9YNDNLRUhDNXU2WW8xaDFuUmc?oc=5","The Jerusalem Post","Israel","1784040139000"
"India summons Iranian diplomat over missile killing of seafarer","https://news.google.com/rss/articles/CBMitAFBVV95cUxNeUVpeXlZNVBKem1mZkxBVV9vNE14NG1EMzN4cXBVNmVaXzQ4c2dVVDVPNHlpTjU3aHBUSHZmV2gyM25qYlpsdmpycmdFXy05UlNvT203RXhUSWN6dEdfUjgyMWJoS2JoRlBhWWZ5VExyX1UzV1NnVzllVTBIZm9QVk1JRDFPT1U2VmszUk1Wb0VhMXllR21rV29ZSHRwX0pKRmZNQ1JQdlkycHM2azROSC1OOEzSAboBQVVfeXFMT3dSd1NYZU05RjY1MmZlbEtrcHdybUFZZ1habzd4X1c0Y1pVX2MwbEtpRkpGdFhUMXdhNHBwZFd6NFVsejBlU3pUZmdJMEs1aTZCcTVJVzE2T2FfU0o1cDdyWDhzbEV3R3JIUDFoaTZ0Uk96U3ktNmNEX0N0TDIzTGdjUFh6Qy1FNmIya2VnbUMxdnVQYmFna1YzYmNsTDBPUlhId0k1Rmg3Sm1UUEdVdnVyWFlBd1pYRzhB?oc=5","Al Jazeera","Arab","1784039631000"
"Tehran Electricity Distribution Company: Due to the significant increase in air temperature and the considerable rise in electricity consumption in the capital, electricity restrictions and intermittent power outages will begin in Tehran from July 15th. - Iranian medi","https://news.google.com/rss/articles/CBMibkFVX3lxTFBLMUxVeWN5dU5zUldwQW5OeDc0bHZTYUU2WF9oVWlFWGo4NzNOYmVHaTdNdnRPd3JKR21rclBDeVNGQkxhUlVJUjNtTm9IeUJDbjM3VnZ2TVJOdHdrcGh4V3NTU1JEZEp3M1hodHZ3?oc=5","CGTN","China","1784039424000"
"US and Iran exchange strikes for the third day","https://news.google.com/rss/articles/CBMif0FVX3lxTE5HZ0gxVS1UVWxibXVUU1hrYzhBeDczN3dCbmRXSFhnSmVMYjhjYkdFNlRfc3FXeERhcEZsTkNqYlBjaDdRcEhyS29BRVdYLXBWcW5aX3JEM2RSbEUyRGZiRFVydl9WS2pJV2lnS2Vtd2ZkbjNuQXZmRWZ2SS1xWTg?oc=5","France 24","Europe","1784038514000"
"UP IN FLAMES: Iran STRIKES vessels in Hormuz Strait","https://news.google.com/rss/articles/CBMiVkFVX3lxTFBQNjhYRm9nd0cwVnhITnBHdlZjVmEzaVVDVk9uMTdsUFFHVmZ3aDFxZjY4WmNmTXc1NzE5Y2N3TEdjN0FGT0pIb2pUVWxtX0ZmbC1WVkJB?oc=5","Fox News","US","1784040468000"
"Operation Boomerang: A return to military strikes reveals no good options — for Iran or the US","https://news.google.com/rss/articles/CBMikAFBVV95cUxNN3NGZmRmVzFLVWhXeUVEaGY3Y000aUZnd3M1dC1JU1h3VndpcVY0dVJsVzhyME9kUkpfc2hpSEc3UE9TRFZPNmZVZ21zM09uVmxpYWktMUd2Wm81UGpzVGhXc1lEcFlPemR3ZTlEYjM3RWFrZjRIVzI4bklFVW41akVpZmJpeFQ2RWpDbzFybWo?oc=5","CNN","US","1784040231000"
"Why a ‘Trump toll’ for ships in the Strait of Hormuz will never work","https://news.google.com/rss/articles/CBMiqAFBVV95cUxQTHJfNnRsaGxhdG5oUXRjVjFsRzRZSW1GWjlJUFZGenp5R0dsS2M0RDBTWXl2OVJJeS1xUENIMFJzRzRIdnEwWS1YVVRnQjVPRDRRdkNzTm5fM3ZlQUV5NlZ2SzQxRlBKcnBUZWVzTFdBV3dLNkxjRHkyeXVISjh5UFlPZkxjeXJocHotSERNUVdLUXBBVjdMbjdSdGhfcmgwM0lXUDhYTkI?oc=5","The Independent","UK","1784040060000"
"White House Cheers Inflation Data While Iran War Sparks New Price Surge","https://news.google.com/rss/articles/CBMilwFBVV95cUxPZHRhSEZpMWhDR0N1MlZBazMwTWZnUmJZel9JZWhwZ0w4WUx0WDFiMGRwYTM4VE12RzhGMmVNbXgyWGV0QTI0N0ZfUkh6Q3lMT2x0dkZQd0g4MVN4bGdXeDcwRDJvZDF5b1IyQVNIX1diZHpXY3pjS0lQdzhrX2MwM2dBdTFLLUk5VVJnMzh5UWYtTElGUnJR?oc=5","The New York Times","US","1784039515000"
"A Wave of Iranian Nationalism Is Drowning Out Its Diplomats","https://news.google.com/rss/articles/CBMiqgFBVV95cUxQQVFnSzJra0h3QmlCY25qd0hyM1l3MzVfS3ctOUVld3ZPYWVmQzY1VTdDVUN4S1k5bEJXNk9tTFV5ODhUN0lteU5Ec2hTTGFDeVpNeTkwT3dEYkI3Qk1xV0FwZ3l6SXdVRDY5cXpEWUxVOVY5cnZTX0RSdHhfMGZRVy16cjd2TlIwaUtOUFpCODgtcEpQNUd2dEJNSFJYckpWam9IZU5JZW95Zw?oc=5","The Wall Street Journal","US","1784039042000"
"Iran war: Strait of Hormuz tanker strikes raise tensions","https://news.google.com/rss/articles/CBMilgFBVV95cUxQV1N6STZveFY3QlUzeklmdzRvU2lpaXhpS0hTb0JaTXdlU0RIQkVQMWl4R29jUkd4UFFraHNJamxycTcwZG1ZcDBUNm9weHNqQXlBc1pwRktEZklybThPN19iVzl4cFY4UmdIR0V3aXdPUmdkRnNyQ0ZKSzgxZjg5N21OQlc1MlFDWnRFUk9nUVNTdEcyNmc?oc=5","DW","Europe","1784042383000"
"Trump says US to abandon proposed Strait of Hormuz cargo fee","https://news.google.com/rss/articles/CBMicEFVX3lxTE4xdmxLOU1IVWlfZm11WUJwMVpzYWVyOUVva2swbzRhbEUyR3AtTzRSVlRheGpqa19ua1BiQzNqc0hJS1NxM29ITmZyWnBYbjNBNVRzSUQzMndHaXVQeUVVVXFBSDNvRDRPTnJrbGxVODk?oc=5","Financial Times","Global","1784042140000"
"Trump Backs Off 20% Fee for Strait of Hormuz Shipments","https://news.google.com/rss/articles/CBMipwFBVV95cUxQQ0RwSFFNY2V0RHBZNVJucVBwcEhEWmxldkNoZ1dsUWdGNE5fNUYwTlFMNVB1TFhpXzZrVmljNnlLdXdkbHd1bzduQUhRWkYxNDdRRnptV0tuRWprdjhfamtoQm9oMklac2U4VUV2SGpSQW1ZblQ2eHhTbUk5b25OMUpCTzgxOHNhdG05ZUNHRnZIRUNIQTZiMU9pZEhFa3JfZkpLN01nRQ?oc=5","Bloomberg","Global","1784042000000"
"Trump backs off 20% toll on ships in Strait of Hormuz, pushes US investments","https://news.google.com/rss/articles/CBMilgFBVV95cUxPT05PeU52eWt2NEpIWkRWaVhQeVRmb2JCa3dCZ0dHb2RvWXViYjVnMlIwTEg0WlBUc3JpTmdVVmV0RXd5b0NhdEVsRVdEM0p6VTBZY0JjWFdwTU1tdGNDWWZIWHkxQmNyUjJUT3ZQQ2RidHNyOFh5UEJqS21ZSFlRRm1QRFppcXUtNjVfYXhpWTZMZjM2X3c?oc=5","New York Post","US","1784042760000"
"Massive blaze ERUPTS on Iran's Kish Island after US strikes","https://news.google.com/rss/articles/CBMiVkFVX3lxTFBUZUllaDU5cTdDOXZfZnNtLVVQcG5sYVZQTU9JSS1uaXliakdFMl9aUVpoWXVLTHZkWDFTQUlINm9LWG04WGpycjUtVTZreXp2ZGpQVTdR?oc=5","Fox News","US","1784041631000"
"Inflation Slowed During Pause in War With Iran","https://news.google.com/rss/articles/CBMiekFVX3lxTE5NQlJhLTYyMV9RVmdRbDhvQS1LSHNtcklaR3dVYU5qM3lEcGl3TVhFQUhKbWV6ZGVxeEZQSHFTUjBleEUzVjY2aWFnMl9jSmliY3pHbUdHVmxQZUxIS3F4RS10RHJISm9TV0FEeGNBX0hWelpYc3FRVFJn?oc=5","The New York Times","US","1784041279000"
"UN rights chief: Return to US-Iran hostilities is huge setback for civilians in region","https://news.google.com/rss/articles/CBMiywFBVV95cUxNUERrSHd1MFRhSzc3dWRJVU91bWNLdjNOV0RQTjhlLXFsYVBxejRJbXVjZDhpMU5RcHR5Vm5QV2QwelZkaTZJWEZVYnRMbUw1X3ZaQVFJTDU1ZGFaYkp4WkN5dnhfUmpmZXh5andubnBnMFk2UXhGaXVxRmdEQW9VMzJsaVBtdFVrVnluVnN5UnpmR2xHS21RTXVqMkJfOU9KMnZRVW41WGV5Sjg0cXRENktQNlp4Z2FCUWtteFhCQTRCU1ZFTFN5NHk1VQ?oc=5","The Times of Israel","Israel","1784042868000"
"Oman FM calls Iran war a ‘catastrophe', says exposes flaws in Gulf security doctrine","https://news.google.com/rss/articles/CBMiugFBVV95cUxObUFBYXU4SUNXV1paY2VhSE1OX3J1aU44VEJlRXNQM2dHX2wxZlhsckVaN25aSUlwSDB4V0ZpdjBmRENCQmp5MVlJak0yZmE5ank5cUZIYzV1TDRfYmhpSWd1MjNnOTNqenpGcDNNSlRZQnNTR2hCLVFjMndyYkpIZGdyM3JJcUFUTTRwaV9JbXFZMC0tNkFkTk84QUJjZ0VwVHZWQ192TkFqUm1ydFhpWW1GVmRsOE15LVHSAcIBQVVfeXFMTnZTSHpYOVRrZkkyajVWV2dQLV9hSmlFekJ6M1psc19IWFZyMEM4Z0tQeXJ5c1RIZGplSVVsTmdiTWpxMnlUWWtyZ3JfNlBsYmZ0ano0bThQNWNvY2dsWlNZVDNmUlBfdElVdnNzUHBOZFBQejJsZ0VrUll6cmFsSS1hSnpKSC1UZFEza3ZkZ2M2WnIybUFrbUdkcXZ5ZVItdjBxTnRZRk5ETjcyRFJKVzEtc01pVFhuLWloOUo0OURKdHc?oc=5","The Express Tribune","Pakistan","1784042710000"
"Trump wants fees for Hormuz just like Iran — is that legal?","https://news.google.com/rss/articles/CBMimAFBVV95cUxOZ2JHeFVfaFNzZHVZbkkxVjN1RU01cVpJUERkVTVraEJNLVJPMEtVZThITFlWdzQ4cXQyaVp2MzRuTzV1ZXY0azBRT1FBSTJxcEdjMjQwbExBeHI3SS1MYkZTSDRJSlYzSWJXanpoSmhiTk9Wc1RzSTRMZFR0eXBKbmlIcmxqQnE5dVZKaEVUZ1Q2ZmppTFhkdNIBoAFBVV95cUxQdURQR18xcDZHWmlub3lrOERiUlhVcmZyR0FZTWtkcGNFVmprc25UeDgwRHRwNFRadmRVbDUtUFNJa3RfY2RlRnp6OEZVUURtemNJeFlGa2ZubUJNZkpfZzhyWVVlZEFyZ0c1dGdhYlEtRi1la3lpNm1sTVQxWkJjdHhxOVpKZFM0R0FWQjdod3JweHBuQm5CSUJDTjVnNVpz?oc=5","The Express Tribune","Pakistan","1784042371000"
"Trump to replace 20pc Hormuz reimbursement fee with 'trade and investment deals' with Gulf states","https://news.google.com/rss/articles/CBMiyAFBVV95cUxPNl9CNUFkSTB4dmhOQWgyTHlVSVBYUTR3N1M4UENreVNpc3V6XzJnU0FEVXk2Q2lSTGRQQlRnNmtFanNYLUQzdWZuS21mWW1hdHlGNGJZUURZZHRsNUFZOHdPdmd3OXNHY3JNTmFDZDlTdTlfRi11TVpTZW5WY19UdnZCdC0teklLbkt1bUQwM0w1eFZXNk9IZkE3bTVWblhjMERDcW1GNjZnMTI5aEo0MS1KYjF0SzhkQ1paMWZnRWdkX1ljZmFlTQ?oc=5","Dawn","Pakistan","1784042189000"
"Hormuz sees lowest ship passage since US-Iran deal in June","https://news.google.com/rss/articles/CBMilwFBVV95cUxQNC0xV2JENkdwYjBwaUxlUjl2ZVVXalhRN2lHMmQ1MTlaR1JMSkcwdkRwbVAzcHBUcEFQcnQ5S2g0clBNUENGWmZOYTBOSzJFMTd0VVllRG9DYUp1bGZ0RTVuZ1h0RDg0TTdod1dBbXVRVDNkdlNkY0g3QXZ0QTMyYW1MV3p4SFI0RW04a1BHUTBpeHBQU2pF?oc=5","Dawn","Pakistan","1784041217000"
"Footage shows Iranian missiles launched at US targets in retaliatory strike","https://news.google.com/rss/articles/CBMirwFBVV95cUxNcTJuU0pqRTFuZzhIYXF5THJzU2lJd1RPNjRBMjlpTlNaLVlLb21jRkpsbnlKMHpoMHY2a3lDRVEtOVpNUnlIb05qTlV5LWI0STBrTkwwZ1UxVXk3Rlg2SktKNk9rTUdvaFl5MUFVUmFmRi1iY0dIQkNhMjlFY2dpTWYwNHMxS21EMU9kOU9ocWpqekdYU0V4cGp2ZXlhbmhDa1lLekZWYlotejdhVGVF?oc=5","CGTN","China","1784039965000"
"Ayatollah Khamenei thanks Iranians, Iraqis for massive turnout at martyred Leader’s funeral","https://news.google.com/rss/articles/CBMirgFBVV95cUxOV0dKQ09VamE5NlV3TXQzM2FxT0VZY1F0OEJxejZUMjhFakthVF8wNXdXWGZ0MGdwWi1kaFNXdjBVMG0tbUZTWVBaN0Z0ZzVCaTRObXN6LVZKblhhZ3VKXzZfbHItNC1wLWJIZXRFRFBYWEY1UDJWZ0FTSmlqNE5zUDBUWmJIbFUxY3pxc2tFcjhoTk1kNmJucWNoN21xSC1OZjVYeWo2OEJPUmNkY1E?oc=5","Press TV","Iran","1784044800000"
"Trump backtracks from proposal to charge 20% toll for securing Strait of Hormuz","https://news.google.com/rss/articles/CBMiwgFBVV95cUxOZGV3UE1GS2ZnQlI4LWk4NFUxaDZRZzhpLXZ6UmFiUkxydUZFZENRZXhCS0pzQkZUOUpheHdTcHE2TmY3VDFRZXFzb0hVTUVjaUJjYzFKdHlyNkxwOWRFcUw4c2hxZk9WZ3F6bUROQThyUF9MOXhUbjVMdVBVYndFaXUwNkozZnphUTQ0bGxrRjl1R2l5WFJSQzdJY29uX2ZLR0I1RTg0TmxUWHZiQjNGNHFFeGxkb2ZyZmRJb0hkMlZ6Zw?oc=5","The Times of Israel","Israel","1784044668000"
"Sudan Risks Deeper Hunger Crisis Due to War, Aid Cuts and Hormuz Disruption, Says WFP","https://news.google.com/rss/articles/CBMixAFBVV95cUxPTjctSE8yRllaMW1xN1VYSlJDclhJWkxqbDVORkoyZnl0NTdfUnNfOXItd2ZfaUp2dEZ5MllwZWFWeWxQcHVsa1NlVkMyWmhOWUhSOXI5bzdGVl9IZGs3QU1WVWhQVXd2SlRnbUt1QXp1R09TZ2pRejM5THlaRzFGRGNDR0c5bTJ5ZUU2Uk91OUI2TTZ4TWgyZTBYQTNvN19WVVFnVllqdkFtWG9aaG1XNG13akhHWmZwRnFrdzdGU0xJUGJS?oc=5","Asharq Al-Awsat","Arab","1784044604000"
"Urgent: Trump says will withdraw plans to charge fees in Strait of Hormuz","https://news.google.com/rss/articles/CBMifEFVX3lxTE53NjVKS0RoYUZVNlFfc0RyclJFWXRKcUZFdklFQ0V3b2VxOFVWSFpOaHpXREN4OHpSSm1ZNURHQUF5aHdBWi0xMzlqNHV1dFZmU3RDOEdJamZ0R3pqblk0c3BVd1JLZ040Q212YlBnQWQ1ckhaQ1lKX2VfM18?oc=5","Xinhua","China","1784044517000"
"Netanyahu Says Israel Will Deliver ‘Decisive Blow’ if Iran Attacks","https://news.google.com/rss/articles/CBMiwAFBVV95cUxQeFhieWxuV24yTjZkNEZOcjFkX3VKaEpKcXAzX2t3ODdVZnBiQ012Y3A3bVBBMGJ3YWVpWFE1WlZRR1RxUEpScldLTmY5YkhCZnVncjBlVUc4S04wOEpVRU8tazNnZDZ2c3EzWXRxVFZQVlI4ZTdzQ2xGV0UyX29ORXdLZWlPRXZPTnNLVS1vTzJzRUpEZGlYazVZSHBUWXB4dkk3Z0xaZ1pWbnNldWRiNVM2elRsd0Z6UUVKY1FPbjQ?oc=5","Asharq Al-Awsat","Arab","1784044322000"
"Urgent: Kuwaiti army says intercepting ""hostile"" aerial targets; Iranian media says technical components of Kish Island Power Plant damaged in U.S. attack","https://news.google.com/rss/articles/CBMifEFVX3lxTE5ad2FjRWFQU29uVGMxNk14eW9FQUd1QUNlQlRMclJlYjJjUFgwNmZEY3FSbkhuZDJMY0xWejN5QnRVZWZzMEoydDdFU0owZXlSQ0VyNzd3THRIODhjTUFLRDN0QjlVYllEd1U1bjl5ZUNhS2JGa2Y4NWFPY0g?oc=5","Xinhua","China","1784044320000"
"US reportedly strikes Iranian Islands, Kuwait engages with aerial threats","https://news.google.com/rss/articles/CBMiakFVX3lxTE5uMWJFQml3LU0zQUxmamY0TVl4NUIxRjROc1c0eHg2OGk5amsyY3BUVDE5NjZHVmhGR1BBdnNrLWhZdEhadjZUQUo0cVVCcTdXYWpIV1BNWnJBSHF6V3hzU3FJRXNldHVCQmc?oc=5","The Jerusalem Post","Israel","1784044199000"
"Trump Steps Back from Proposal for Hormuz Fees","https://news.google.com/rss/articles/CBMihAFBVV95cUxNbnNIdmhPZmRFT2JRbEg5dnhBMWNMYVA5UWF3OVVKUm81SDZVNUcxajVEaTdfVE95M3BoQnB1U05JcjRlVU1XaF9sSkJwcUVzelRGSFNCeEo4SUNHVGxUeFlFMTBHUE9VclVjSEpHdVoyNG9rYUQzckw2c3lORk51N1c0LXc?oc=5","Asharq Al-Awsat","Arab","1784044022000"
"Iranian lawmakers demand end to Islamabad MoU, vow revenge for martyred Leader","https://news.google.com/rss/articles/CBMitgFBVV95cUxQN050U1FDNjk2dnB3QjFCX0IxZXNYWTdGX3RoakdlMDRPTTV2ODJTUTFPc01EbjJYSndZMjhrYS1QWExoblQ2Y3BVYlVOLUhyVmVTRUNhbXh5eDdrRXFuUXl1UVEyeXNZS1liaWRKM3QyWHZuazB2SWItQWFQYjhXR2x4MEhLcWtIUkJaOTgyQ3RvV0pnbEV1SGR1NTB5cGNtTnJ1T0tFUGVRSXg5T1FQdlNUdlljZw?oc=5","Press TV","Iran","1784043300000"
"Flash: Trump says Strait of Hormuz open to all ship traffic except for Iran","https://news.google.com/rss/articles/CBMifEFVX3lxTFA3WTFQa3AzS0lXMEtXY19JOVhOTXVNeW5SRXNfbEFnMk4tLTdpX2k5c0p0N1IxTmo0ZFNGZWhpdGxTb0diRktfU1pCSENpc2twdlN6MDV4a2d2cmlMRVhnV1owSE91TUxKa0k5emwzLVVGYlBhbFJXcGVCaHc?oc=5","Xinhua","China","1784041980000"
"WATCH: Iranian media shows footage of drone shot down by air defences in Bandar Abbas","https://news.google.com/rss/articles/CBMiugFBVV95cUxNZlFIVlJNa1FRdGZBdlJrM1YxNkVmZ0xFZ1NZUEM3MDY0X2VpX09LeS1BTXhucEd3TXk1Q3lVakFWdkRkOXBhaTEzZHBoWjFIbnhXVnFsVVJtQWV4SG1qRTBEMmljNlAxSmdCTFJHbE1kOEJ0dWMwY3hENGhSSVdWNWIzdWRfT1pRY3QzbmtPMXBxX1pvdzZFbzFWY2V3UmpKVmczMXRmQW1oZ3F3Q05iaFYtUUJZVjU2WGc?oc=5","Dawn","Pakistan","1784041743000"
"Return to US-Iran hostilities is huge setback for civilians, UN rights chief says","https://news.google.com/rss/articles/CBMixgFBVV95cUxNU05SaktSTVFRWmw0bDhlTzdUcHhLZ0sxanpCbG81UVoxNm1oUl9LQ2lFVUx1TUVZT3NaWTdwLWVsMXk1QWNxSUxLaS10OVdsdFEzZ2E5Y0luUWtrem8ySmhFMl9RdnZZVGVCYUYwR2FncjZJNmtORDJUWkZJQU9RcHRJeHlyamxzNHd4QXdKcjFSeHZyUzVXZ1VVdnZoWDJBV1ZuRXVZWVFzVERYU3U0c3NHdmtCLVREOFFzNHk0OFMzaTVOR3c?oc=5","Reuters","Global","1784044819000"
"Collapse of US-Iran Peace Deal Shakes Global Fuel Markets","https://news.google.com/rss/articles/CBMisAFBVV95cUxPWlMzVy1UYjZlZE1RV25aTXo2UFdqUnpSaHZSNUc4Y2VTMlVYc3NGbVVXVjEyZFo5VU1TdE15TzdldW5ZTjY3RHRIX3RWOFhjMzBoOExNSkt6al9STE9wSlItVTJwWlhVR0d5MUxvbFdWQS1mclR1LUFQT08zZ1FVTHJpMmVDd3p2NTZGRll3ZlpkdlZoSjhib2MxMVVtWHhmS2ZGMXRMaXZBVWZoR2lZYw?oc=5","Bloomberg","Global","1784044801000"
"Gold trader gets time served in Iran sanctions case that strained US-Turkey relations","https://news.google.com/rss/articles/CBMiowFBVV95cUxNR21qdlhmZGZacEZuVVVMcHM0bDhKb1A0dGExd1lZMzY3cWpacmxMRldHUDBCdFBZQVpJYmlGakgzeEp6ZW5CQkRqWG9QeHc5SDBHLWotTEd4TEJyZVF0RjhKSF9NdjJFWDJiTi0yMFhuWk05S0xEVG4tUVZicFlCWGhsTnRfU0NzUDNVU0lwTzFzUWJ2TWl0Vk1BcnRGNzNTUnZr?oc=5","Associated Press","Global","1784044560000"
"Trump drops 20% fee plan for Hormuz Strait in favor of deals with Gulf states","https://news.google.com/rss/articles/CBMivAFBVV95cUxNSlhFN3VYRkt4NUIycGhvbDhVQXpyaUhiNjFnb3dnVzA1Vko3cmpqalRSN3pRY0NQcjVHYm41RGRaV1NuMGhkSGx2cjdrSGgxRXFmUG1TT2RGNmN2M0M2WjE5c3E4ODVJN2E4Sk04X3UzbURZRkQ1MTJjcXFUX09uQnI4SC1Val9zc3JaeXAwN3NCY2Vfb0JDZ19qQ0xVR3hMZkVYMlI4NDhHMkUyUHg1S3hKRmo3dUZEdGo2Yg?oc=5","Reuters","Global","1784043218000"
"Sudan risks deeper hunger crisis due to war, aid cuts and Hormuz disruption, says WFP","https://news.google.com/rss/articles/CBMiwwFBVV95cUxQbXU5X09fLWJCT0RIaTgzSkJRc3FxQURiMjlmRnMwU19KZmpFa2ZwSmw4aHl4UG1rQXF4dHhpM181VmpxLTJFNXNRZmwxc3pwRWIydTBwNWtjNkZaVlJXTEJEUUY1eVZqWElYbWxNYXRNaEJTWnJZYXZpT1E1UmhuZE56NDc2NW4zMklQaHVMSmJWLUF6QXotNDRGVEhuRS1RaEZLdHViZ3JSeUVNY3FBYVpCVVBqZnVpbTRNbHVtbWNQYlk?oc=5","Reuters","Global","1784042984000"
"Trump Backs Off 20% Strait of Hormuz Fee","https://news.google.com/rss/articles/CBMiigFBVV95cUxOenkwVFZvVVJZc2ZFRjg3YkJ2TmY4dk1tVmpnbWdjUmFqVVFRcHNCdmozNVdSOEpZTHBhOXdPZkNxUFlnUVRfM0RqREV6ZU5OaVdJMVVuUmIzRnY3bXdVTWRhR0dubm0wUVVaNUxnOGVCVzlZZzdKQWFPc25BT083alpTODYyTEpkcVE?oc=5","The Wall Street Journal","US","1784044800000"
"Gold trader gets time served in Iran sanctions case that strained US-Turkey relations","https://news.google.com/rss/articles/CBMiugFBVV95cUxPTG55UlduMmd5QmtVeGJQci1la3hYalZGbXpDUWVWUUEyTTlhSGYyeFdHRGlxck05QkNyMFVwS1U5WllsYmNrRXAtcXRFeDE0QUlBV1Q3QnhSbXFaSmpDR2hlRTZOUkhRMkxFRGxXUmhxVTliUzVweHdERXRPMWNwZ0FqQjlneUw2QWNNX1JhekowS2Fhczc1OEV0dEVPM0cxaEI5aG5SNkNmbTJzTFI3NGpJa2pUX0NyVnc?oc=5","The Independent","UK","1784044560000"
"How Gulf countries are preparing for life without the Strait of Hormuz","https://news.google.com/rss/articles/CBMinwFBVV95cUxOYXA3ODVNRGlaV0hRQzBFTGlvLXlfYmFqOV9pdzUtQXlUaWNxalFVRzdWVktsUk1PeS1ZQlFNVFJMXy1sbW1WTHJxemFzeE5pMkhMbHZTRGk0M3BlbUZmVGt3OXloX0M0LUJZY0JsbjVjTlN0SFNQRXN4MnctdzI4TDhLOW54RnN3UGw5c3JpbDJlUldsUTl2WldIdnN2X2s?oc=5","The Independent","UK","1784044440000"
"Trump sets sights on Iran’s hidden nuclear fortress","https://news.google.com/rss/articles/CBMiowFBVV95cUxQSFlYenJoazRrd3QzU3FwbWRtVE1PbkZYcEdXemlWdjVEWnExbW1oczFCX21DcElidlVSNktMeU9lb1dCWEhOTnFyNF9MQzhLT05SamF1blF4RnU5NDdMYS1pMkZyNkZBSldDX2RDZ2VjQTJ6R1FPUkZmUnZXSU1uXzhYSDRDWGNkTlhWMlBraC1Wa3dyUnJPWFJzSnp0cW1yUS1j?oc=5","The Telegraph","UK","1784044080000"
"Trump scraps Strait of Hormuz toll a day after announcing controversial fee","https://news.google.com/rss/articles/CBMipwFBVV95cUxObEdLSTUwdzJVdzY1ZU5jOFIzUFNyNVVwWGVWTUItTFVSZG5La2ROYlRrbk5IOVJNcnFMalBWaVduZmYxNHdrbFc3bjdzeUVKYVVWNGYtZkF1akJOZXNpUTVaLVFMMTd0eEhhWm9QWTNfY3haN0tPSUR6WUFpZmRXMlFObVY0N2hoRGltZzZEU2E4Xy1xa2dUeXdkRlZaNlM4eDJiVDdDdw?oc=5","The Independent","UK","1784043960000"
"Trump backtracks on Hormuz 20% toll demand","https://news.google.com/rss/articles/CBMidkFVX3lxTE40RERGYjJ3TnBkbVdCX2dQbEowUEFRREo5UTdjNjB4RVd1b1VRMWZyQUFKZ2kyN2dBdTNLR3FUTnU5T1V1YVpDMzB1bUpMR2xZNG5pU0NrNER3ZXFBZ0RwaVQ1ZzJzUVpXSklLTmJGS1BLV0QyUlE?oc=5","Axios","US","1784043822000"
"Starmer’s botched IRGC ban leaves Iran free to rain terror on Britain","https://news.google.com/rss/articles/CBMimgFBVV95cUxPTVFYMkVNM0RXWG5oMkxGeG0yUTVLeHo0RDRSSUNScUlLMmNkb2dRSGpLVGl2Y1dEWG9pWlAwOS1sZ1hHTm43VmwzSGdvWG9GY09mekF5SnFVQUE1SDUzTHp0WF94N3pxeDVJcENEakZTcTN4bGtFalJoMWZGdmpBRzNoSk5EUHpWTTRReV9OU0xfRi1UQmtKdG53?oc=5","The Telegraph","UK","1784043660000"
"India Condemns Deadly Iranian Strike on Commercial Ship","https://news.google.com/rss/articles/CBMiiwFBVV95cUxNX1lrdldwSFJGVVRxaGRtUGdOUXYtVHdnZkM4UGc5OE5ETURFOTlWSG1rVEY0aE4zY2w4VDFCS2R3aDB6VF9VcnpKVjhBb0Q4dkZLUnl0OUVrcHRnV25UU0luenJhb1VuTHB5V0JGejFhRUJGWUhaVXNEZkdUbHNSN2hsclg0Q3JhbGc4?oc=5","The New York Times","US","1784043282000"
"Trump backtracks on plan to charge 20 percent fee for ships traveling through Strait of Hormuz","https://news.google.com/rss/articles/CBMimAFBVV95cUxON0JDdDM2YkFycU82VGNRLW9DZEo2RXJLWHBnc3pnYjAzWFc1bkVzX3dwUWFiQmZhN3Y4cGM3NlZXVlVRYmUxaU1ucHpaY0NjOUZzMVgwRU1jTHVoMzdDOWxBdmZ1WW8xaGVCaU9PLWxmeHNxNGxJNkN1dWV3RzhmVUJucEJwYWpGNEgtTXdfY1Z3b3RFM3BFaw?oc=5","Politico","US","1784043060000"
"Iranian newspaper threatens Chancellor Merz","https://news.google.com/rss/articles/CBMimAFBVV95cUxPV2ZBLUhlWHFsRjlKdDJSQXRQNkw0WDY1Q2t6N0VvYmg1WWtHanpTMWtPbG9YZ2QtNmFMSzE4ZDA1YWh6ZEcwV2Q3ZndTUW1YbktYX2VGanZ2ZHc0bXpGeFppbF8xM1laTDhjNVdWb1B6RkdkRWtyajVvVGJqT3B0RU9qUEhfRnAxa0k0M1RoOUx0aUZJQ0ZTddIBmAFBVV95cUxOaXpiUnY4MUwteGZieHBKMGhLd1ltSklzak10NHdFdWs5Y3ZkcHNLUDFUY3pWVFNfR3lGVHNlaVpMcHBDa00wQlhxbzF1ek5WTk43TkRQVlYtcEVEekZkVGdZcVFYZm9OSm9TZzNkdEJyVTZ6S2lETGd4MDFWTHluTEJHcUgtWFFaOEhLNDYwRERKUlE3UnJYRQ?oc=5","DW","Europe","1784046126000"
"US and Iran clash over control of Strait of Hormuz","https://news.google.com/rss/articles/CBMiV0FVX3lxTE1JWEtPX1c0UmU5RUNSTkc0UmVneUo0OGlYZVE3TV9ZWjZMb2tqSVQwN0toTWVNTlVJNnVfbUU2dzAwWmF6TnloYXFqSy1GWEcxbkdoQ2xkaw?oc=5","BBC","Global","1784045523000"
"How the Fight Over Hormuz Keeps the US-Iran War Alive","https://news.google.com/rss/articles/CBMiwgFBVV95cUxPVmprOThyRjJlellwQnkxQmRUYVdXSEhwd1ZUQjhjTjlQa1BINXNKWDQxQ3V3enZoTVFSWEVZQW1GOS1wRXd1aWUxRlljQWl4SFh1RFdtV21ublp0cE52TmFxaGE4YkJHVUhZaFZJUGpnYXNaZU4wLVgzMmdONWNabWpveGREMGRucHhjTVJtQzZJcmU5cjMzT0l4Z2FTNGRxRWdscEhraG1PajNNcXdpT205UldENDM3clZvNXZ5TlphUQ?oc=5","Bloomberg","Global","1784045220000"
"Trump meets with Iraqi prime minister after latest US airstrikes on Iran","https://news.google.com/rss/articles/CBMiVkFVX3lxTFBDenljemdFLWdJMUxyOWMyWDNLSDJxMHdmSXVYeThwRzMydUFvYlZHVmRTMF9Qdk1Ca2hhNE9VQUFRWVZKQlBNOFpnYjFrc1lHSG9ybDNB?oc=5","Fox News","US","1784046111000"
"Iran Blockade is Back, Rain Woes in TX, Maine ICE Shooting Update and More","https://news.google.com/rss/articles/CBMikwFBVV95cUxNVkFYb1FHeWlZS2pVM0FmNUF4X2stcjFVVjJNOEZXVzlheWRQRmdfTTg5bmk4RENJaU0xSVNCVG8zNHJPOUdlWkpwbml5MDZGejI2djdkSGloWnNrZzRXR0syMkpGYUVzMms3UnRnMkxlNlIzNlZfZ0hsUk92Q1VhUlRnckY2WkNPdmlteUxEVFBuRWs?oc=5","CNN","US","1784045647000"
"Trump backs down over threat to levy tolls on shipping in Strait of Hormuz","https://news.google.com/rss/articles/CBMi2gFBVV95cUxQejh5QXkzQWZjNk5YeEVHeFBzdS04SzYzSnVld2syRlRPVmszTi0yekt2T2g0ZG5FZDY2OHdkalJ1WHVQOFA5Mmx3Mmp3QnFiX2QyWHM3R0dBV1k1YVNQNnFWZVJQdHBJOXdNaUlTcl9fUEt4S1NCaXp6cmhSeTR5RWRfa01WYTY4S2owYnNuS1haaU5TYmxlY29WcXpINWZtQ0RyQXhtOVdNbS02OHZhUG90QU9vdm9KM1JWcjdkYXZIemZOeURDeVNDdGszLWl1UnUtdzJKbkVYQQ?oc=5","The Independent","UK","1784045340000"
"Why Trump is blocking Israel from rejoining the Iran war","https://news.google.com/rss/articles/CBMiqwFBVV95cUxPb0pJYzVLYXBHM2t1djBCdnkzT3czUlUwT2lJc0JoRW9ZSEl6VXZOcEJKOEhQblU0T2dKcDhOZzM2UEJXS29wWkdPc1N4ZkNQa3VGNnlSTC1wRTIyRHRHVF9LMWhEX2NONVFDaFMwWmhOc0lzaHYtQThhaDlGY0g5T0JhUEkyRFphTXVNanFOLVhlbnExaWdrd1FxNWVWcmRxV0NqbTdrQUwzc00?oc=5","The Telegraph","UK","1784045220000"
"After Hormuz, Iran turns to Red Sea gateway as new pressure point","https://news.google.com/rss/articles/CBMiowFBVV95cUxNU2JONm5wT1lpYTNlajRRbG9hNThxZTlLbGNpelAwcFNOYlBNU05Wb0FMUTZEc1NHdGU3bzRaZVNtTW9EcEF3c0k5ZWNFTERSRTVRTm0xZDZIYU05TlZFclBpUGM3cElNbkZRbWd0azY3VWZrNXdSVEtQaVhiQWVLUmRxOVZkbmg4OXB2SkU4YlpVRmxkY2Q1QVlpQzhBSVh6NjZB0gGrAUFVX3lxTFBzX3c5eWNxZmFJcDJYUDBaZTBNMTg5TTJXdzVxTWxMNHQzTWhrWDhOMElabWpTOUJ2TWV5ZWRad210b0Q2OFlhcTVXeng0Q0Y4OU93ZDJtdF9fcGRjRmRHeHI4UnpvekhiOFhrOTN4Q3NKaUJBOUM5c240OGd3cDBwS0dVaEc5NS1wNmJEdGNRMnVSanRUR0FFenFyTDgxRFVvNUI1UGVTS09wRQ?oc=5","The Express Tribune","Pakistan","1784046130000"
"Strait of Hormuz closure plan devised under martyred Leaders command: Top military adviser","https://news.google.com/rss/articles/CBMizgFBVV95cUxPS3pwQm9lSHpZaDRKNEgzbkRUa2ZjVkVGdzN0NmFHR1dfc0FtOGljOVowSW9MWWVHdXBsbjJiSmdNUXpIcVNDRlVGal9wS3JlTGZNM296dkVLN25FWEljOEpoMHNlVW10clgxUEZPMnlNdVZSWTc1UEJrQ3ZIdjF4ZXNHV2NRVWFHTy1icDU0ZXpOcHNEeHJ3N24xazdQRWJDN042bnBIQ3ZFUjBGZjVhcm5qQjNDbFVYcmpzbFlsazVFMnRoTGpCdkNnV1BCdw?oc=5","Press TV","Iran","1784045880000"
"Blasts heard on Iran’s Gulf island of Qeshm, reports media","https://news.google.com/rss/articles/CBMipAFBVV95cUxPN1lNV1Q0R2VPbFdmemU2UGFUXy1SV3pnNjhXemFfaU4xZzdmNHlld2t2MFlxejNiU2ZsNVBEaVFzS0tNY3dCS1FmR3VnTEZOdWtFQVJGZ2JWSlJkUHVfdUxyZmhBX2RicW1OeWs0aEhWeGJZVTlmX3ZzSkNlY0JXYUFiMWtCMVpzVkJwQmw2RXhCNThPWXpDOWRybDVlRzUzeU1wRg?oc=5","The Times of Israel","Israel","1784045568000"
"Iran has been very much destabilised': Trump","https://news.google.com/rss/articles/CBMiggFBVV95cUxNUm5Db2NuQklLeTIwRDR2OXN5THlTcF9ZbmZUaTQ5U0ZwQ19wQm5RZGtSNmhZNTBkSGNNLUF5V29VOUNDVFdxZk01UnV3bThFRlZjSEpzVHNMZTZCMGw1U3lkNjdsMXdWaGJrYVNKOTZ4LTI0RkoxWWt4Xzh4OWtHMm1R?oc=5","Dawn","Pakistan","1784045320000"
"Return to US-Iran Hostilities Is Huge Setback for Civilians, UN Rights Chief Says","https://news.google.com/rss/articles/CBMisAFBVV95cUxPUmw2TWZGZGlmNVBjWnUzZ1pSSmh4V0lXOGtvNHBUcEp1T0lqc3RVS2psdDB2LWlycmE0ak0yeGNZMXF2dmNZTkd2T2F0bkxlV0tCUUZIOVZCc2ZmSmx2ZHJwRFdValpoNzZpV3lualVRUWtsSGFnT2dSblNvN1d3M1RLR05WajVYVl9iSkRGeWtFdTJyXzdLTWVsakhsaTJUdlVlVkVMeTk4Tk5hUl9Pbg?oc=5","Asharq Al-Awsat","Arab","1784044943000"
"Return to US-Iran hostilities is huge setback for civilians, UN rights chief says","https://news.google.com/rss/articles/CBMitAFBVV95cUxQb1dGdTI4THQxLUFkdWZ4WlU4WFRYb2cwMGxpTmxmakpzSkQ2b2lkai0zYUpPaEgxclVKX3R6UERNS3ozbzVRQ3ZjNVV1Um56SUhBd216RXBlNUFoaHk2am1zYjVSTWpucDI5Q2k4ai1xcW1oY2ZSdDlsVGY3dHEyUVJKTkVvY1dwZ2lfVkQ5Y1M3U1BuaU9vYURIcHJOZlRPdlZVOGJUZldmczRtSkg4bWNhaVU?oc=5","Dawn","Pakistan","1784044918000"
"Trump: Nobody should ‘be able to charge a fee’ for passage in Strait of Hormuz","https://news.google.com/rss/articles/CBMivgFBVV95cUxQRGVXVGpWdjlSLUI5ZUlRSm04OGQtSHpsaXowZ0VoMGJxQTYwWC1xeDZRXzBzLTJKR3kyS0ptVFBzZ0NUdXhzaGFJT2xhT2k1VE04ZGlRclZGVHg3Vk9CamZMNzFkRTFIOGEwR0NjWngzZWhqLUZ3cDlydDMxTDlRc3p5WG1QcnRSdXlFaFNSdUt5MElnUW1JYkZCNEl2akVUbW1XN3A3Yk9lc1dmT1ZyNjdVOHFoNW1wZ2JvMF9n?oc=5","The Times of Israel","Israel","1784048273000"
"Strikes Hit Iran’s Island of Qeshm","https://news.google.com/rss/articles/CBMihwFBVV95cUxONi1vbVktV3h0RS1UZWdxZ0lNWW9GR2lrSW1aMUplZmVYYkZEc2I3UGdpVFpEOXFXVVVHSlZhd2xDd29acWk4OFRWYnFQSWVSTUt1VmR6SlZVRm5VS1Z0UVVtZXVmcEw2YlBTWEpqY2V3a0xVdG14MjlHWVJaWlRQRTFnQlRxalU?oc=5","Asharq Al-Awsat","Arab","1784047102000"
"Ahmadinejad shown on Iran state TV day after reports he once met with Mossad chief and was to be installed as Iran's leader","https://news.google.com/rss/articles/CBMi_AFBVV95cUxPTDVRWnprU3Fib1cwTW1zWmlUTG8wZUUySEFQUFNUb01JSUIzZFBaMGRKbnJBcVFVSWVnQmJjbjZySGhhYXAzYlJEa29Bd1lpMmU0VmpXanU3bXZUcmlyVWkxOVZfUG9NRGoxdktLTEY3MGlwZGNBYUFZbU5fVEQxYktuRUw3dG5UY0VkWFAtMEZsYkU5d3VMRDB4Mld3el91UU5ONGs0ZWdQaXkxbEc5ZDBTS083bEp3N21MZkhoT0VaVFNZN1E4N3JaUEtqc0gwaWh3SkRCTVhJcFlSanZsTzN3WWtoR3dNMERvbUc2bVNPOVQtZWVtMjlOOHY?oc=5","The Times of Israel","Israel","1784047068000"
"Russias Lavrov: US aggression against Iran closed diplomatic path opened by Islamabad MoU","https://news.google.com/rss/articles/CBMi3AFBVV95cUxQekJYY0g1ekMyU3JCV1ROX1VQMi1OVTVGVHVlWGRvMm1MazU5YnBYaGZlQnY5YnkxOW80dHdtamxqWXpVSHdJSHZseVhoeVhqaHBfRFZ2Q0hPRXUwbl9fRXFUVE9SZExaX2M3V0htYWgxbVFJeU1fZUx0aklZRjBMVlV1UWtpbTR6RkIxLS1QOVJiSTVGT0JBSHpVcUNEVVBBeEZ6UEdiNzA0TUVHTG9IQ0lJQXBsdlN4ZUdkQzNzWnVjaDk5dGdRVVNKNXNDMDdRRmlTUWRzN0ZPM2pV?oc=5","Press TV","Iran","1784046900000"
"Brent oil structure changes to reflect mounting supply risk as Iran tensions flare","https://news.google.com/rss/articles/CBMixwFBVV95cUxNNlAyVDlDN1dDd0JxZVdFRE84Zmp3anJyaWxIajl3T092MkMwZ3JzM2tjZElUeDJ3bVdhZWZySjJPM1VnYmljbEdDS0lJcjhPbGdpUGVweXB6azdTdUhyaDJCX05mX3VHZzBEY0JXa185XzRBQnpZUUF6SmZ0Yy1vVWhYa2hOR1p5cmYzMVhQU3Rpc1NMSllFX3VEeldtWXR1VWlzT1Z6LVBvRWoyMVRfS1daVmFRWjJfdE5WUEJuN3FzWGtfelFZ?oc=5","Reuters","Global","1784047809000"
"Old fire videos misrepresented as US strikes on Iran","https://news.google.com/rss/articles/CBMiWEFVX3lxTFBKRnRDVHoxcjhHSW9vU09iUG1aMGxobzVfWWNobkg0UWRldDlUc25FZHZjTEN5bmJzSTlpU0MtZHRjVmN0VlNfclBUamcwOW9qZG9JaGlub28?oc=5","AFP","Global","1784047102000"
"Trump says he thinks Iran and Hezbollah will be added to Russia sanctions bill","https://news.google.com/rss/articles/CBMiwwFBVV95cUxPaW44QmI3YTc3dnVrME9oLWpLWjhJQTR4aGNYRDJUTDU2dFVNUlVmejVQX2lIUFd2VnpfRU50bC0tYTJibW5yakJ2a1FmMTV4Ul9LS1lZUjJ5RThUWXNldV83c0xiR1U4NTI4czNHa0stQmk5S2pSWnJDTTBPWGlGcWd1S2NjZFpad0EwUXhHVXFSdUxjdF9VZ1NXU29jWWctdVFIT29Xa0tCZndwS1ZYTEx2NFo3UzJhUUtnNkhodnMwbFU?oc=5","Reuters","Global","1784047026000"
"US-Iraq relations: Can Iran-allied militias be disarmed?","https://news.google.com/rss/articles/CBMikAFBVV95cUxOZDNHcTVJUVR6dk1hNkZpVDY3VU9qZFF1bm5ldTZsQXg2dVJqYzZwZUlaY3FsYnZwT21RMUY3dml2aUhjMXExcVFGSlhkZlZQUWVmVHo0VjFMU1hEb2VMQmNkOWNNcEZ6bERxcGtIZEdHSTh1REdybExRS2NvYi1QbGZTZnRTUm5EV3pCcVk5dHXSAZABQVVfeXFMUFZ2N2FmT3ZkVkt5c3h2TkMwU3drMlhMN2RDZDAtMlRvSzh1Z1lQX3lCTzJqaUNCT01OSHU3c3czMnlkWVYwclNTckdoVDFJUHpLcnJxZWZZT2V3RUN4RGZRc0lDSUlqX2M2VVl2bDZxV2hldUJDa1lodUFwLXNZbXBrNkFtYVNJZjVmT25aVWlW?oc=5","DW","Europe","1784047021000"
"Trump scraps threat of 20% fee on Hormuz cargo as US prepares to resume blockade of Iran ports","https://news.google.com/rss/articles/CBMiWkFVX3lxTE5XSndWRHNWTGJQU0VCZ28yTVRwNFdVeVZmNVVsMDdWUlJSaGg0dzZ4UGdsVTFSTFpvVW1zSGswWnNLZnNiaGNBSmNuUG82eERCQWpnTDNlbnplUQ?oc=5","BBC","Global","1784046852000"
"Iran releases video said to show missiles being launched against US bases in Middle East","https://news.google.com/rss/articles/CBMi3wFBVV95cUxQU2hMUEF6S1dFNWpZVE5UMnFQOS1PNFlOSDU4NVExZWthdGoxeVZ4SG1UdHp0azlkaFpBZ2ZBS1JjZnhFN3JUTy05T29OWFFEWTVfVkl2OXhMS1NTSGlVU04zbDZoa1JLU0tFS3FxNHFBQTJHbFVMOFUyQzJkVTYwVjIxSEFyMmtlbXM1S3ZXY0p5WWtQendpOHJKUUtoMzJWRGZXUHVFY1l4UGRXTi1TNU43MXh3UHoyUWZndHBVNVNWbGpyel9GellrUndCWUJVdmJFcHRuYU13ajFpaE9B?oc=5","Associated Press","Global","1784046600000"
"Trump says no one should be able to charge a fee for the Strait of Hormuz","https://news.google.com/rss/articles/CBMipAFBVV95cUxOOTVHNU1vRzltYktZWFFsVWJkR0pKaVh4S3ZsMVZhekZUUXRTSGZwZ2JibVFGRkVsdVRHck5maU9xclVyTGJIYmRLOG11REx5X2JQSGpoOGV6WG42NmhoZFVBQndMNGZsUUxMNzhzOFd4a2ozdE5VdHpFR0VaNVZYMUNRdi0yMmk2a0l1Z3VjN3AyMkNBeUd6V1pObmZQdTR5VzFmQw?oc=5","Reuters","Global","1784046463000"
"Iran claims attacks on Bahrain, Jordan, Strait of Hormuz after latest US strikes","https://news.google.com/rss/articles/CBMivAFBVV95cUxPMTJNM2k3b1dXQnh2QURxRjJmMzhaU0M2VGVEbU1QOFlyLVIzZEsxb0ppMFFXX1E3V2R1YjYxbXNBUkRlbkdpUlRfeWhYQU9uclpBMmR0ck5aaEZDUkJlejlFaUZqbGRqOGg0Y1NmLXdfRXFyc0x3OV9tbVdWSE9fcUFlWkVjWWpROTAyVmJaVThJRFBldUxPZVBNdWRpaGxHRmItS2JtTVNQWFctbndJWUxjdjhmblAtX09VMw?oc=5","New York Post","US","1784047200000"
"Gold trader gets time served in Iran sanctions case that strained US-Turkey relations","https://news.google.com/rss/articles/CBMi1wFBVV95cUxNa25uN29sOW9RWUU0aXpybWJ5VHJrSE00dkQwM3RjMVMzTkVCMW1aRjhkNVFZQkZZNklmYnlDckNSOVdxczFtT0hMUVVITG42X2t1T1poMkxuMElsT29qdXBMZ2NSZW5fbU9qeklyWUNGdXlYUlVBYTF2Mk9BRGVKSmo1OF9BcVBEVDJWRFhtMzBGZnlHVzJwLXpyTGlTMGs5R1lORUVjR0F2V29MR214ZTNOMl9VajVweWpXYWlsWHoxWTU4MDBQZlFWSHdUdzlManhKU2hjWQ?oc=5","The Washington Post","US","1784046877000"
"Can Fees Be Imposed in Hormuz? How Other Waterways Work","https://news.google.com/rss/articles/CBMixgFBVV95cUxPUTVhV25YN0JRbnk2aWVJUnptbDYxc29tekwtOUtpdzlCWnpUTTE1UGVnOGVPRy0zWVBlS3AwUnk0OHpjMjRpbXhPd2hMRlNOLW81WmpkRWhyaXZFTEJrbmljUjk4Z2RNSmRabGFOejZmaFhwaDlQWmdHeEtGNnROOEtoVzFyRmR2Q3hEZ0ZCZEJVQXBqQ18xcE9FNEU5bURLRWdYVEUyZ1BXMWk4UVN5Z3d0Qkxra0xfSU9XN3ZsUGJmQ1BLbVE?oc=5","Bloomberg","Global","1784049147000"
"Trump backtracks on plan to toll Hormuz ships","https://news.google.com/rss/articles/CBMilwFBVV95cUxNeGQ0ZUtBUkdDYlJ3UlVqY1JJalFCamdBYjNXRV9LYUZ5aDFKc1ZKOE9VNjlRR0RZZmtLTlNrSjVrRHNLU3N0dEExczd4eThKTklUZFc3bDk1QTZnZFoyMThtSmFfa3p5ZjNBQ3hQb2x3OUJDMUlYcmozd0N3d24wTFgyd2VsTlhHd2NMX2RjVHdrb21ZcjZF?oc=5","France 24","Europe","1784048830000"
"Trump steps back from Hormuz fee plan in favour of Gulf investment deals","https://news.google.com/rss/articles/CBMixwFBVV95cUxNV1NVbmwxanV3R25iWTRkMnNoY3hRblJYYVdDTU9FSGVrbDJkRDlNazBlbGV2MjBUYlNDX09Mcng5Vk9BdGJRSEIyNGdXdzlZOFV4aTh5N0xBSlB4WklnZ2VvUFc2WENOalA4Z1p0djZXVmFzV3RpMklJekp2U1JYbmxVREk4bTFtR19jQ2pJVzJkQU0xWmtsZzhBOHc5UkYtMGtld1RYUE91ZE9nNFQ5MTdvT2xxY2xoVjdzX2JqMG1uYy1IRTJz?oc=5","Reuters","Global","1784048230000"
"Korea’s Thirst for Canadian Crude Is Poised to Outlast Iran War","https://news.google.com/rss/articles/CBMi1AFBVV95cUxOaGZobVdHQmNYN0V5OHlLMHZxOUl0MXhiSWQwTDNmU0FBa1V4NEVhQnpVcnFRZTFEaVl1eUo0RzVoQW05VE1SbXBUT0FwMURZWVN5UG5WOFFuS1hyOE9IVmVtT3NxNm1KajJBdmdkV0NXSlY4czRyMlpqcVkyS01TZVMxSTZmMFNPRDQzRXRTOTlUTTZObklrVW90MFM4NmlZT296anlWUFU0NHVfek55U1pHdHVWaGVaTThiVW95WHhqOUtVWXJUektvdVowYkMxYms0MA?oc=5","Bloomberg","Global","1784047834000"
"China says US taking Mideast to 'precipice' with Iran war","https://news.google.com/rss/articles/CBMikwFBVV95cUxOWDFOc1oyRDV5elFtRTVxc3QtbnQxQTlNbE43ZEEyOXBTSEZLSlNZTlFqM25vc012M3QwTGRORHFaU2pTMjF2Z05qUld4c0tEcDlkTFUyNkpld3ZndFpscUMwZUtRbWotajA2QWVGQWt3aDlFQWpVajJnU05TcW5vS0hFSGtzcEltenZQYWFicF9DQ3M?oc=5","Dawn","Pakistan","1784049143000"
"Iran reports new explosions on Qeshm, Kish islands while Kuwait says air defences engaging ‘hostile aerial targets","https://news.google.com/rss/articles/CBMizwFBVV95cUxQRUdmOVJEQm5iNFZfaU55ZXlkZGluUzllZ0RkNS1xMS13TjZ1b1VDMWlfTWpWV0dta296MzRFeFNZUk1lLWVrTWJYeEFSS3RpdTdvbndrRngyOGlSdHI3S2FMVWlNM21WcTJWajE1bk5YaTctOW5VQjBNZzAzQ1ViY1FjYmdBcTlTeXpMckI4Yl9WSlZzeWJnN2UxREZlaS1zYTlSVDQ3YmNxMFFELXc1aHZuVUpFREFnVnltbUI2dU1mRWExeE9ycmNCamRZem8?oc=5","The Express Tribune","Pakistan","1784048853000"
"President Pezeshkian hails southern Iran's resilience amid renewed US aggression","https://news.google.com/rss/articles/CBMiyAFBVV95cUxONHZXQ2x5Z1M3Z0VzbmZ3UFlZUTAwRWltQXlvV3l2czZuMGcwaWUyeTlNR0hzOFFQQzNaTzgweWtNX195Z0dOV1BLa2gxWk9pUmZldWthQUNhRm5CQ19Rd2tGbl9pYk1SODgxS05fcE1tN1otdzI0bzVqMmtqZ1RXeWRCSExTdkJRdFNJS3AwOEo5YU9JNVRNeFFJMlRQLUd5NkdkeTRoaUswWXZPMzBLWm1wUFcxalk5UkRYMzRhNmE1R1l4VFVIZw?oc=5","Press TV","Iran","1784048760000"
"Fmr. Donald Trump aide linked to Israeli campaign seeking conservative backing on Iran","https://news.google.com/rss/articles/CBMiX0FVX3lxTE8zTDRfalJMX28yOTQxcEpsZWlUaHFkS1lpc1dmSmtvTVptSU80TW5Neks5SEFoV2NaeUN3Rzc5bllidlp0clRoTWRFYUhXZ1pVSlluRFp0SzhNZElLdjgw?oc=5","The Jerusalem Post","Israel","1784051975000"
"Trump steps back from Hormuz fee plan; new strikes hit Iran","https://news.google.com/rss/articles/CBMilwFBVV95cUxQZFdHRy1iMHBJMVRzUHo0YUpZVXNlcjNYVHJORE9HR3k5LVluTm9OVExaT2xVLTNqc2NEdTM1ejRlMS1iamUzeVdtNnRHRXZjazBZZTFNZHpmcUtaN2dTUEpvbnZ1bHQ5SlBEc04yNEVqN3NxZXJfRDlaMHRHSzhTRTM3dTFtNUpyNjVVZkNBcVFKY0Zzeklj?oc=5","Dawn","Pakistan","1784051014000"
"After blocking Hormuz, Iran signals it could ramp up pressure and shut Red Sea gateway","https://news.google.com/rss/articles/CBMitwFBVV95cUxQZklKWU1ndFI3ckVyV3A3ZnZRdWZrVFlVWjU1VlM2Q1d2S1l2ZFJxbXB5c3ZBWXVwUDBZdlpmamFLYUVnVDJ3ZkFKWmU0OWhYRExWeXoxSDdqVVlqMjlzV1VSZHBueU0wNmZDZkpiRlVuNzdGNmdjQjlEdkZhaG8tcWVDazU3ekxrLXVscEpKWnoxcnZhNi1LV005VzlUVFpYOS1VNlp5QjZtZ0Y4RTZIWjkweU9WUm_SAbwBQVVfeXFMUGt0TVVsbERCOTRyTHVKbVlrc1ptY25GX1k2dTNHcmx0S1lzV3BkcE55Q3NvaEZJTWtLWmdwTVlIYUhlTVB1ZjBBYnZtRnpKam1CR2k5YUJ6bG1Nb0VxZTRTOWM4ZENVMDZZS2VqSUk4VUdSbHd3d3lueHAyQnNMeHFzMVBrMjBQVzNXbmFqUkx3d1o5b3JuU2Z2Qi1UdGpqYUEybXNOSTBKZ3dLZHRuV1FjVTl6U2pwSzlzcTI?oc=5","The Times of Israel","Israel","1784050983000"
"Iran condemns US pressure campaign against ICC as ‘blackmail’ to suppress justice","https://news.google.com/rss/articles/CBMivgFBVV95cUxPYmpGdDItREJmZXdLVHdLOUpvMl9raVNFOWpZNlljUFhCWFR1Z2xDOUttbjQ3WGVlOFlEaDVhWUpfeE4wbTNDWjkyMzhnTU9MQnZ0Y2c1ZndUdzctNUtxOUhzbmZfeDhaQWJyNXo2bEc4Qy1zM291MmJwR2U4bWMxaHQ1NmZ5SnEzNVJia3o3Nm5CeXFQWXVhd2MzSEZXUmJ0VUxmMGtFQXVIY1lmMlJWTTFvUlJBWTdxVWtIWG5B?oc=5","Press TV","Iran","1784050080000"
"Sudan faces escalating hunger crisis due to war and Hormuz disruption – WFP","https://news.google.com/rss/articles/CBMirwFBVV95cUxOTUJGdEY5VExJS0dTUXdzVlR4d0FpZ1hESEJPdW9Va3FIZlJIRExBYldhTjQxNEpnOUdZOU8wbk9VTVBGVDZGV2xtSVVMZmo4V21fQkxGTDZ1UmpFS3dzZThWWWpNS0RxQ0lLei03S3dwbzJIeWM0R3dtX0lkV0x4SVRybXNsTnh4MkU2cVRjUGhpZS1yZG5UMTUtQTBnNWdwV0ExVlZtSFh6RXRyWXZJ0gG0AUFVX3lxTE5YbUcwN1h4eVFncFJnZU5hamcxZ1FROVFPWmRMQld4c3hDNVVKSzJnZlcyQ3k1VXVJd0FUWnJpaFRMMVFCYVlPNnBiVmJsc1l4YTF2RFlwNFlnWkd5ZTJEMmNTbmRMcDJ5d3EzRWtzaE1SdFdQVWt6UmxVdl83c3FwQnN0TW9WTlR5M3AtNXIzM2ZKVTEtRHZkMUNvZjFnZU1YcmZQcnNKU0NVc2JZOF9FeGJFcA?oc=5","Al Jazeera","Arab","1784049975000"
"Brinkmanship in the Strait of Hormuz","https://news.google.com/rss/articles/CBMicEFVX3lxTFA4RXhtSy1BQVVNSGVhemtjZmVYc3ZWWjN1VmxMUU9icm9ydHdlOU9WWkYtRlBqNjZpYmhzZnByMlFrRUw3eWhxVE1SanhMbktXbFZEUUtZbFpWVm15ODFVcXpCcjRPYmJudE1WWW1PVXE?oc=5","Financial Times","Global","1784050677000"
"Tehran reaction to US threats over Strait of Hormuz","https://news.google.com/rss/articles/CBMirgFBVV95cUxOYnRkRVhjU0cwV0k5MXVKTlZYb1ZSakFjMFRla3RjbGg4bEJhZ0RUNVQ3bjZyWE1zX2RVcXhTcXJUYV9Sd2E3emtLenVjX2xkVlh4VkZXSXlFNTVsdy1YZEllY1BrOWlGQzloNHA5WERSb1BSdDZOQTY1eEoyUE1BMVVEeExGMUozWGtzUUlpcDQ1WnAtM3NMeU84c1pDVXJ5WS01MTkzVDhhSzB3OEE?oc=5","Associated Press","Global","1784050260000"
"Trump backtracks on plan to toll ships in Strait of Hormuz","https://news.google.com/rss/articles/CBMizAFBVV95cUxNV1NtQmNUbkQ0RVRoSnZFYzlnTHZjNU43bndzSzgxN0d1VTV1TnYta1lZMEgyYXFBa2x4dEdKSEFZUGF3WHF3c0dtNlJWYmxwNnNvYVcyaUVORzY4ZDFZTC1Qck5BWk9IMGNIR0pNQlh6YWZ1a0FCM1QtTmYzSE5iUm5vOUxxSjc5SkdrV3pJMVhsSFhiX3E3MHg1WFlSU3ZCdVc2ajlDaWdiV3UzNFYwUGQ1Q1F1YXkyWU9RRjRJMGxJU2FwN1M4eGRVR1M?oc=5","Le Monde","Europe","1784049898000"
"Ella Baron on the US, Iran and the strait of Hormuz – cartoon","https://news.google.com/rss/articles/CBMivAFBVV95cUxNbWRzSXFtRVYyclpHU0lFMW9MS1I1Y2FmcXpQRHhSOE5GWlVaMUJuR0ljSkRhLXpmTktWVmFtbGdiSDRLNmRueGZvVWVzTTN6S29jbzBDdm9TM1VHVUI3WW9VVnJPYVNKT0hsc3V5T1hkd0J2YldaaWhLZDNzNTBNdk55NUdxSm5oV3FITUJqQ0ZSTmZISk5zMGozX1FYam9aSllNcnJlZHh6dG9EQU8yMS02X1RTekkzWjY3cA?oc=5","The Guardian","UK","1784051400000"
"US launches third consecutive night of strikes on Iran as Trump renews naval blockade","https://news.google.com/rss/articles/CBMiVkFVX3lxTE1CUFc5czhkdGpRamhkR2lDR3JvRktlTmxlZ1R3ZHpMMGpVNHBrdXZrSFVvMXZ4VThZQ2toS0RMbTV4UzlPaTVmdUs0bTRNZHVDV3FpbnVn?oc=5","Fox News","US","1784051077000"
"The Debate - War, talks, repeat: How to break the cycle between US and Iran?","https://news.google.com/rss/articles/CBMitwFBVV95cUxORVFfSXZjZU1DQXgya1pyMkhjNVBMVzBTVk56a1l5eUVRcmdDT1V5WlRUaGZzdDkxN3BLdzU0dTZ0bHAxNWVfTWlYcl94U0pBZXNfZTdENnJpVEY5MHJoel9ONmRqb3BoRTRjMVJKTW8ycm5Yc2VOaEhiTXZnanVPNWlaVEV1WFRaajJQMjFjeVVqNWx3am4xTXRVZkw1dzFZazg5RlN3aHpmVkRIQVFuNEhaWTNmd0U?oc=5","France 24","Europe","1784053637000"
"Iranian newspaper threatens Germany's Chancellor Merz","https://news.google.com/rss/articles/CBMijgFBVV95cUxOR3pRWEo1ellQbWNXVjR0LTE2dVNsOWRRdHMwRUxjcmM4WlF6b1lqTEduZWFXUnN1ZmdrX0VPTlQtQnYzZm9pbnN0ak9xZTZzSk93QngtSTdMZmpiUzdndlduS24wTHppUWsxa2Z0MHBaYjVjbXBfeDVaZEZRcXhob2pXZWlRb3N6NDNQaXV30gGOAUFVX3lxTE9PYnp4UUlWbnZNa0Ntam02em9oWjI1Z3dTd2gwdV9RRjBjQ0NCVll5ZGNueTVHaXFkbmVpbFc0Y2VDY3BQcENubXhUYzMxMVptME5MR3FPeUJpdHhFTFdsQnhQX2N3UDJfa053eHpCcVZuM0hYVGhJb3FaVmJGMHV1bWV3WERRaXhZZF9NNUE?oc=5","DW","Europe","1784052727000"
"As strikes resume, is the Iran-US ceasefire over?","https://news.google.com/rss/articles/CBMiZkFVX3lxTFBRSmswaDZPaXRKLWVSU0NjZjVJeW5qeTJCUURVR01MbVRmS1pCcmNTV2RVWkRsQkNWVjlIcWZjM2ZmOG9JQk1hMjBZUk1ZRDFTQ2JrN2FHQzdxMmo4clJkVVZ0bWhjdw?oc=5","Reuters","Global","1784052481000"
"Wane saƙo gwamnatin Iran ta aike a Jana'izar Khamenei?","https://news.google.com/rss/articles/CBMiW0FVX3lxTFB5bWJISmIxU0l4cUJCRkFiTFNYLVBxbTZ5dlVWajdCRXkwZXg1M1BVem9sU19fTm9ucElONUpvb2FYVDBUWGFsZlBON1pNaVk0XzFaLTBDTW43QnfSAWBBVV95cUxNMW54RllsS28yei0wYktPQW5Ba0ZkTjlJYkFfUzJGS1hXUDk2SXVCLVJ3TVdJTW9YeHhsdUlDYWxuREdtR3p3ZXltcjlPS0dnNWdlOGpVbFFnSVhickZxeWM?oc=5","BBC","Global","1784052256000"
"Trump pivots to 'massive' Gulf trade, investment deals over Hormuz toll","https://news.google.com/rss/articles/CBMiVkFVX3lxTE5kemxVNWpoQ2NGTV94anNzdE00R3ZVLVhWaldSVTB6dkJfYm8yOUNOanlvSFUzRmI0TVlYenpzek9PcEgxR2pIYlhyMlNkTHp1YWNrWUhB?oc=5","Fox News","US","1784053487000"
"Trump’s Flip-Flop on Strait of Hormuz Fees Raises New Risks","https://news.google.com/rss/articles/CBMie0FVX3lxTE1OZXpkQjNvNzJYZlVFdTFjSjU3N1hhUkRWd0VULXRMbHNqdk8wZzI1Wi1yS1R5ZlNSRXhGMW54NVR1Nm15MkgweGJ3R215QXhzeldRUlVDVjYxUno2V1FGQldYQmUtOEowNlBDTHZUX3Y0NmlnQ1ZhTTdFTQ?oc=5","The New York Times","US","1784052520000"
"US has taken away 'almost all’ of Iran’s military capability, Trump says","https://news.google.com/rss/articles/CBMiVkFVX3lxTE1MbTZYaFROejJLczJOZ0JneE0zQlRKOXF3alZKNGlzM3VucUR0YzJ2cy05Yi1oRHREOElWSXU0TzdLSHV2ZVBOU1AtZUFmTS13NVdqQmdR?oc=5","Fox News","US","1784052093000"
"Trump says Iran has been 'destabilized' after being 'burden' to Iraq","https://news.google.com/rss/articles/CBMiVkFVX3lxTE5fUThsMER6aENTWE84ZFZOZXB0MEJnOW9iQ2pFVGY3OFAtWHRJQ1E1aGMzbDQ1Ykd4Uno4UjlvenVweC1MRlg2ODZEdGxXZ3hjYzJiR0dn?oc=5","Fox News","US","1784052063000"
"Trump pivots from 20 percent Strait of Hormuz fee amid Iran war escalation","https://news.google.com/rss/articles/CBMitgFBVV95cUxNbWlRS1FOWFQ0RlZSQ1NaOUJoNmFDZjQ5ZE81YUZnQzB6TTcyQkdpNUNhSXhtc1ZXZlFCOVFDeFhCb0xqZnhEQ1FqLXFwQ1FQc1llelI4SGhQdkZITEl6bk8ySVZ1bmVyRzNNcldraGlHNDVLeWt3X0JGWHNwaEpWS2RrQkpqMFg5c1MxSWtiOTlhTlpXY2tNZThCZzNrRGRkSkxTXzhzdWRpRkFxNDRHVUhjVTRxQdIBuwFBVV95cUxPWDlCX2x6NlRNMlJxUVpkMWNqOXFiN01pbWNuSWQ5eHprYWxfZTBGNjkzQjd3dmdZTlRxUktzbmJyQXRwUjR2R2lmdUE5V1NGbDNZT3N2WXBqeTVjTk9EbUw4RVQzck41dGhjeGI4eHg2ZnU5cUJFMlEwcVNnTFMzWm82ZFZMWmdVR0lpUHB4RmM2aVQ0aXlfNHZ6T0NxVTl6Y0Q2SUNqaFF4MlY4SnZhUzBwcHFNQVlKLVUw?oc=5","Al Jazeera","Arab","1784053607000"
"Netanyahu warns of ‘far more powerful’ response than before if Iran attacks","https://news.google.com/rss/articles/CBMipwFBVV95cUxOOU1uRGRaaUJSemE3VjMyMjNndnBGbjEzSm5hWnpSN25KcXNrMl92bTdneG5EcURJZjYxVEtLQWZVNUx1bEZ2X0NNT0dTV0tlakdDeE5kbWhIWHRLZjVvNnBzVGJBVDh0SXpKTGVUMy1MNGVfb1R1elljQ2tsbGUtYjdjRnlIdkpNbExFWmcwb3pPZjZIa0tYQ2tJaXNvZWNWWFdCSmNlRdIBrAFBVV95cUxNX3FtNXN3SS1la3huZXJZby1NcFBYeW1fbVlxR0dYZUgwaGR5NG16V0JIY3hWdkJ3XzR0Y2NQcXp5OE9nNGpEY2xDWU91d05ka3N4T2VDOFYtemRQTlJxbkxCWXlGQUdfOF9ITEwwLUdaNmdXcXlpX0ViRktpZ0h4NXlGa2hyVUtjWG1Zbzg5VFZIdHp5OHVLN2Z2SFhXWnVSbVNJSU84VjFCM1dv?oc=5","The Times of Israel","Israel","1784053396000"
"Iraq’s Kata'ib Hezbollah: Resistance groups ready to support Iran if war erupts","https://news.google.com/rss/articles/CBMisAFBVV95cUxPZDNwaFFaejU2QXZoQi15clQ4MlBwN1pYY2xCWHhyZlA4M1BLaktraDc4WHhYbUpjRVVjODU0ZFFyMjZuOTZVLWhyVC0xSVBaYmVoMzFFZ25uY0M2dFBRRFpzamtnR1VaV2J5eEhpaTFURUUyZnFzUDczclI0bXNtUlJaOVFBNHpIVTlCQlRoRVUzazRPa01FSFZ5VGd6VEJnTDlkWk8tVUdFYzNkU2xiWA?oc=5","Press TV","Iran","1784052660000"
"Pezeshkian vows to defend ‘every inch’ of Iran","https://news.google.com/rss/articles/CBMihAFBVV95cUxPbFQycGNnLVdkakh2a3VjaGUtbUs2d0ZibnF4eVZIZFhaV2ljMDBlbEVwQk12MEo5YnVSbHh3MmM2Q3lZS2RucE14UGQ4ZDZXRGlMeDB3b1Y4OGhHdU5YUE9odjNaUmg3ZHJ2bXJuajdtSDJpR0pRb2laczRHRGFUdkhqUjE?oc=5","Dawn","Pakistan","1784052516000"
"US President Trump drops 20% Strait of Hormuz fee plan","https://news.google.com/rss/articles/CBMipwFBVV95cUxPT0JrNU56eHNzSWIyT29FQW1WUmtNTWkxVG02R29uMk1wVkNlc3paMElaWXFFY09xdVdIcE1fREFiRHE3RVZnTWtTYTJtTHVESC1aOVRBRktyRlRYUk14TzNMTV9ZUVNqT3ZxMWpmcldZR1pIQjFCNDEwTmtKUGNKVnF5aVNIU2ZBVWw4SW9fc3poelVTV18zOW1oNWpDY3ptNWl6MElKQdIBrAFBVV95cUxPZXhwYnVORklYRmJITFc1bkhCX2dsQTR3SU9VV2dNVE5NdFpqUTlpSjd3cVRxeFZ1dUM1eFZfdklaTnJiWlhySlVTdDBLbnZmMjQtYmxlRjZhb1R4M21Sb3ZTbVVKTlhUZW9TV0taMmZvZjd6VzZ1ckdWUUV2SGpRWkRILVJ0T2ZsWVdWa0JsdjdKaWdra2x4eDN1OWRGaXduOFhZeVZ6UGJKMDBH?oc=5","Al Jazeera","Arab","1784052317000"
"US carries out further Iran strikes to eliminate ’emerging threats,’ says official","https://news.google.com/rss/articles/CBMiwwFBVV95cUxOUlNlUVNha09HUE1mVEtCSVRYUWwwaHk4UnFnQVpHNzBXakU4TmhockZkOUFDUVdVdXhmcTNJdGpxWGlvNGpjMGl6NV80VDFPSTEwcEJ0TUpCOVFoMnNfbkVLRWxFWU9waUNQQ2R3WDNNT2F0bllJb04yZDFZd3Nnem0taE5jaTJheHdPd3dsV05UUERKeUdTNEIyT3hLUTBmRXVEU2thTHpueWZVZ3BjUzZkb1ctNkhySVJUMFdqRnVYWmM?oc=5","The Times of Israel","Israel","1784055497000"
"IRGC pounds US military facilities in Bahrain and Kuwait, warns oil exports at risk","https://news.google.com/rss/articles/CBMiwAFBVV95cUxNMmxlX1NXUV9rTkJhaVB0alBiOGd2WmJVZzFnVU9MRTJNdlZrV1hkako0eWl0a045LTh3ZFVjbmtSU2h5eVFtLUoxX0s3U1JUQm9iY2k3OUQ4X00tVjYySEF6a2o5RFlScVNsNkthZDdoZkdnWmhseE1LVWxhd1hqU3JKczYtOW82UmY2VHpwejRBSUhtWTY5REJMZHJYd3VmVnFER2VGeHNkMVdqeEZqalNYUmFwTzI1TVNXcHRNMjY?oc=5","Press TV","Iran","1784055480000"
"Pezeshkian fires back at Trump: ‘Disrespectful remarks only worthy of them, not Iranian nation’","https://news.google.com/rss/articles/CBMivwFBVV95cUxQWWZmVUNIRENyS0c2MFZpT2J5MkFGS3NuS0Z1UTBjVzlWVWpETEZjVDBwb3BFRGJuMGFNaGUxVzFfckg4TnVISEtibnBSRVJ4d0h6VnhIS05MdVYwZGY2cmlua2xNbzhuRUk1aDFiQUg3Rk9yZWlzVnl2aExReGRYWTYwMWtJS0M3bGQwN0tTRDNDa2dMM2owWDlDUkpSUFFiWDB6VnctalRJWDFVVFBELVRTRnBkTUx4bXkwR2p3aw?oc=5","Press TV","Iran","1784054760000"
"US risks falling into ‘escalation trap’ if it deploys troops in Iran","https://news.google.com/rss/articles/CBMiuAFBVV95cUxPTExGV0wzbGNMV0NCaU5EaWFNc0JFWUxvUXlYenYwV0NfRllCYWNkVlMzUEdRQ1hoVkZpQV9GLUpER0V6ZFFmYTZjal9fWjFJVkJNSWxhWjVMUElURkM3bzRtdXJfVEI4SFZiZEVLbEEzTzd5cmVYLUNlUFRpenVzVk5fTXZuTFplTDlLb3FEd1NoRVpaZnhGM1BXT3hTSk9walRuR3EySTA0VmI1QlZtcWphZG1KWUxk0gG-AUFVX3lxTFAtR2tEOThORWtMamxhZm0wc2xkekFiUk9HcTNTcE5MY2tJOHNnaVFQSmRoZ2NraHVDa1NrVGtkeEdtSDJ2cDY1TzdDd2ZPbll2NkJ1M2ZvQ1RTekJ2ZVhaZGx0TkFGUlBUa2xQRUp4Z21TaGJmRzJWWFFpWjlLRWNWV251MG5HRkk0dEFYc3F1Z1h6TGl1OEttR3lrZ3NocXYzVFItVE1nNWZvdkhEOFdwNUxnS2czOGtCMzBRYWc?oc=5","Al Jazeera","Arab","1784054700000"
"Trump drops Hormuz transit fee, opting for Gulf investment deals instead","https://news.google.com/rss/articles/CBMi-AFBVV95cUxPWDE5ZkM1ZHdyLVpoMnVRZWRlWUNiZ2hjM1p0Y0VrdkY5NUR3RU1NN1JfMmpOUTE3cldIWGU1WTVEQlpIcWFPQm42ZDlsZVo3aTBWVERjVC04eFJYSWVkQy1JNXNTSUZLbFhaQnYtYmJObDJVdU0wd2c5R2xBVW5zNU1xWnRvVnI2WFFMS3VFWnpMd1h5N2hiQ2xJZldUQjQ5UEZwTld0TnpJZ3JzT0lPaHpadkNJbWhJQ011d2dmYWJnRkpmTU52dXpJcGdlYWpsNU9INlFHOWVfNjVGNTNHajYxcHItaUkyZ3lsUVhCeUpsbWVqNlNxQw?oc=5","Haaretz","Israel","1784054340000"
"US Backs Iraq-Syria Oil Pipeline to Weaken Iran’s Hormuz Hold","https://news.google.com/rss/articles/CBMi0AFBVV95cUxPM3UzNWE5TlpBZ2JUZDdLM1A5T0ZtRHJyVktVT3VrVFJoNGJISkU4aEdDQmRORHRfSmtVTURKS1NFLUdaUzJzNU5hekdKSGgwd0F0MVd4bmpDQjdtMkJUUTJnZ0ctOUZFT010ektaNWR2RkQ3VWFLQXlFblVST21mMDdTdl9KVUc1c21uU19VeEZfckR2RnY1aUtGX1VJQlpGZ1JBUXRDU0UxVF9GUHBROFhzeEZQbXVTTHRWYjN6RGNMaXh2ZlIxc1BmdGE2S25o?oc=5","Bloomberg","Global","1784054815000"
"Wane saƙo gwamnatin Iran ta aike a Jana'izar Khamenei?","https://news.google.com/rss/articles/CBMigwFBVV95cUxPb2Faa0MzWmxLbXZFV0t1U1ZVX2FFSkxNbEo2cV92Y3NFdkdsb1RfcWNUeGlTdXg0VDE4N0ZpQ1NudUFSUnhSSERDSVhzMHNJdzZITU92Tk54M0tROWR4QnFjbk9HSk1saUhnNXpjMWdKYkZ6UjU0VUJRNkpMQ2dXSkNITdIBYEFVX3lxTE0xbnhGWWxLbzJ6LTBiS09BbkFrRmROOUliQV9TMkZLWFdQOTZJdUItUndNV0lNb1h4eGx1SUNhbG5ER21HendleW1yOU9LR2c1Z2U4alVsUWdJWGJyRnF5Yw?oc=5","BBC","Global","1784054376000"
"Lawmakers seek to counter China, Iran repression tactics on US soil","https://news.google.com/rss/articles/CBMiswFBVV95cUxOLWFwaDNuczZGVVpQd0FPZzUtLWpxMURhTm02MkJaQ29nNTgxa0ctNHJsSmUxalpaV3RDSzlxZ1UzbHI1aWFmVHBSRFk3NkIwMUVzcHVLY2NxOW1XeE1xS3dXbzJjVXRaVl9ORjQ5TkQzemFsWE1rMTB5QkRvR0tOR3hqUDh4TkNrdDVPZTBGTV9HQWlJaWxNVFMza05LazVOaVhVdmZnb21nZ3loWThkcTJvaw?oc=5","Reuters","Global","1784054070000"
"Bank of Canada Likely to Hold as Hormuz Blocked","https://news.google.com/rss/articles/CBMi0AFBVV95cUxQRU9XNjNYeE5kd1J6aWd2ZHVQUVBPZWdRV25ZRkQ3cjA2LV9XZEV0RDNSa21iMzdpRkp1d19SRmp4cE1aV0tCeUV1a2ZoVGNfenJESmZwcjJTdHRzVk0yaDFkWFRyaUR3WEJ0S3Q3WndTaWFqSy1JY0k5QjlON0dzRm5PS1VwMUZXZTdTNkszNGlMU1k5QWI2ek9vb2x0OFA5YjlHdUZDUEVUVnBkaG5EVWswbTU5UUJnZ0VCaUZFSGFhbzVYUmV3Z3JqMS1FekJI?oc=5","Bloomberg","Global","1784053800000"
"Office of Iran’s Former Leader Denies a New York Times Report on an Israeli Plot to Elevate Him","https://news.google.com/rss/articles/CBMimwFBVV95cUxQSWdMb2NoVGttQWJncWNEQnNQN2Q0SThsNUlPYnJPSEhoM1I4ZmZUS01wcEZqcXQ0N0czRXhjS0ZKYWE0UG5PblJZTFZLYTBsSFQyWnh2REdDVG55S3VnS0ZXQ29YVHR2SUxuVk4zQzdzclpnVG9paTJZbnU3bVd2OU5jUUhJNlBxUW5QWFAwR3NaQTFpR0ZNeDlKdw?oc=5","The New York Times","US","1784053855000"
"Lyse Doucet: Strait of Hormuz remains the fault line as the Iran and US drift back into war","https://news.google.com/rss/articles/CBMiWkFVX3lxTFBrcEhuSFNSRFNKczZNZmt4VTNxZ2pYVkZHYkpVS3MzbWY5VEFjUmZsbXVrT1ZTMERNbDdFcTBQX1ZYVXY2MGU4dEZxUEV5OVFHdmozWGdka1ZBUQ?oc=5","BBC","Global","1784056429000"
"US carries out new Iran strikes after Trump’s Strait of Hormuz U-turn","https://news.google.com/rss/articles/CBMiowFBVV95cUxPb3RkS2NqWVBKZDJ1dVNHWjNuRnRCeWJCZUV0NzJXS2hHaGs1S2phSXdwUXAtZm0tWThVUDh6dGNyOWxlRG5oa3QyNWVmTXgxODRidWdwUHZIUXl6bzltMEEwUTdkemduREJ4bFAxeEREdE9zcExLejB3dVZ3ajNmcFIxbFhqY2EwV1BxRURCaVdiMHVQMU1KQUZodUk4WTRoZ0dv?oc=5","The Independent","UK","1784057160000"
"Iran Is Attacking a Crucial Oil-Market Lifeline: Shuttle Runs","https://news.google.com/rss/articles/CBMiqwFBVV95cUxQREphVnNka3l1V3FyaHFtRjNRZWYzNlJnem5kRFJkNlZoaUJMRjFyeUt1bmpwcnJYTE4wN2dJeVBUX1JLanA4WVBKYmI3UEtHZzhLWS1ISTJxeXZ2T0x0RkpQZjM1b0FoTzBqNk5TT2QydVBleHlRV25KOTdFaVg0NUpwXy1oWEFWM2ZVMUFTY21mNDJ4OUhqYXlsTzA3SUhLdjBtbHNVbHRfZ1U?oc=5","The Wall Street Journal","US","1784056740000"
"Gold Trader Who Helped Iran Dodge Sanctions Avoids Prison Sentence","https://news.google.com/rss/articles/CBMijAFBVV95cUxNbU1rdTMwWnY3WTVSc1EwMjRNV1JvXzA3NzBRX2p2Zjl4VnlXeGlvS05qOG1JcjFaallOR0RjUXRkR1ZmR2JZTlBsMmc2aDhWdl9SNnhxNkYyZzNtaHJ6UENZcUdEMF91X2JBZ2JCVjQwR3Bpb2JMbUozakpDZU9kU0ZudWdDM2tfYnoxRQ?oc=5","The New York Times","US","1784056712000"
"From Strait of Hormuz to Bab al-Mandeb: Iran’s blueprint for new regional order after US breaks MoU","https://news.google.com/rss/articles/CBMi1AFBVV95cUxQbkZMQk1QU1Vqc2NhYTFtSnBkU1AzWjhVel9iSDRGTlZMakhkRGllSkJfQ09yMVpFWmN6ZDVCdVFnX0FxN19XNlpxZGZHT2NxTUpPM283elRNUmhKTWF0cThoUFdYblNLMEdmTW1sLWpfaV9QQ0lsOXBPU2VPeHJyUzQ1Z0tndVhSbzN1QTRuYTZaS0FKM3RXRWRWMFhaY0l1MHNoU1FGX3B5V3RDaVNBamNuM3d0ZjQyYW1IbmU4c1FsX0dGSEdBLUFPLUhhMEx1XzdiVg?oc=5","Press TV","Iran","1784056980000"
"Iran will exercise sovereignty over Strait of Hormuz at any cost, says deputy FM","https://news.google.com/rss/articles/CBMiwwFBVV95cUxNMmtQMVZoZDdyWnhiaFJFdGViSVVYS3hpMjc0UTlhSkxuWGgxMnl5YXJ5cUpEU0czdXpHSlJyU3BTY1BGei1YT3dKQ1kzck1IX1FSbC1jc0d3SFJaeWJqeVdiWUQ1UkJJN3pLWUhCQktVM1BEX3BLdldyWFA1S2tRRm5uM25HbnFmeGVTalZpWEE2T3BFSmFXd1BvSlRiRVRfQUhZYl9zV09HaHVSMGZkMUxQSXZ3RHRoR2I0bG8zZUNweVk?oc=5","The Times of Israel","Israel","1784056973000"
"Iran: Not a ‘single drop’ of oil or gas will depart region if US continues ‘evil actions’","https://news.google.com/rss/articles/CBMiygFBVV95cUxQMVhyTXVyRXc4ZzlRa1V4SGdUZ2dkM1phQThJeVBJakZtNmJrc3EyZTY1bU1VQlRBSjhuOWxXd2FTOVZXX2ZxNnVQTFp2WEtUVFpxVERxR3REZjhGdGpxM1QxaVR1V0dGc2Uwc2NpRVdyblRFcFFMWTZCMFBlTFR1QXU4UjhkQ0RkY2RnckNIOUh3NWhNVl9UNzBGZUFzYXVkcVU1azQ4b3BEb2szRFJ1VFR3bVpWLTdrYmZzMUtGb3lacGxJd05aMnN3?oc=5","The Times of Israel","Israel","1784056673000"
"Egypt Reaffirms Solidarity With Gulf States Against Iranian Attacks","https://news.google.com/rss/articles/CBMiqgFBVV95cUxQMmpmUzhvY2RzN0xTSzc3M0tqRjJrS1ZibDl2NnFTZ0xTdHVWNEhVSFNWaUw0cGhRbzB1X0Z4UkJ5XzZLX2ZVNUpIWnc5N1Y5U3dkTU9NcDU0bFJkd3A5bU1wSUxGZ1Y3blJnaFB6bE05cEtmNTBsNUg1Nlo3WXZPODZabGxHV0JTX2ZqNGF6a2hKTGlUaDU5MHRIN25TdmNidlVEeDBrVWM1dw?oc=5","Asharq Al-Awsat","Arab","1784056417000"
"Iran's MPs urge decisive stance on U.S. ""ending"" peace MoU","https://news.google.com/rss/articles/CBMifEFVX3lxTE1mOGhldFNQaUNWTlYxUEtRMVBTOW5kd0kxLXRYUjdqb05JV3VSZG9JcGk4UldDTGdQV24taDFabWI2WHlzQ0RzQWhmYU00NlpzbnhGMDhtSUhCRjRDWFY3aTJGQnh3NERUVXMwRk9GVHFsZWVvWFJ0ZHlZaW4?oc=5","Xinhua","China","1784056125000"
"Death toll in latest Hormuz vessel strikes rises to two: maritime group","https://news.google.com/rss/articles/CBMipwFBVV95cUxQSmYwQkNuakVqdHBKQVRheFYwcHVCZmItQmNqZWN6cmJMYlM4V3JmSEN3b0VHYW5KcmRxSmotcmFDTUpKeE9meXplWkVHOGhuRm1ob2ZobHNCWTBBWk5XUkFyVjkzeWNCa1JhdXBSYlZBVmdKM3dkRElUczV2bEk4TzYwV3NJbV9mcVBJUjhzUXdqYTNzNGNlVHF3dmRQdS00ekZzZmtXOA?oc=5","Dawn","Pakistan","1784054823000"
"US risks falling into 'escalation trap' if it deploys troops in Iran - Al Jazeera","https://news.google.com/rss/articles/CBMi0gFBVV95cUxNNGdZRWc5N3VKaWloNEVaOUtoRlBVSTF6clA1VDNMTjhhbUVacUEwT0V3aDBqV21ia3UydGlSOUYtWC1ydEhTYzQ4YTQ5Ym5GMGtmaVNaaWdPRHB3MzlzU2wzUDVOWWtERFJjVVM3eHdEVFJvNEdENlE4Rnc2NnM3Y242Qy1fXzVXSkhCMGpnYTZRYjBqMHlpWHUxelNnRFowN3hYeUJJSnlOcjNsdHlUOVFUQldFXzNXbFZmUWRMcnFJQkdOWm9nRnBzZm1BcW9lamc?oc=5","Al Jazeera","Arab","1784054793000"
"US ‘threatening’ ICC members: Iranian official","https://news.google.com/rss/articles/CBMigwFBVV95cUxOU0hUbXVsWi1OTnRsQ3ktWTNLbk5GVEFFZWg0UE9Vd2YxZTRBMHFEa1gtZlRlMFpXTml3QlRkLU43SGF6MEZMUDdDbzk4bGpwYmkwN3VkaTNWZFdaX1ZIbHNza2s2VmdZSFotS3k0MGo0T1dMUWx2emdwbld1RzFGMGpmcw?oc=5","Dawn","Pakistan","1784054558000"
"Trump Walks Back Hormuz Transit Fee, Gulf Countries Come Under Attack","https://news.google.com/rss/articles/CBMiiwJBVV95cUxQWnVlb1JtdHVIdDZrdFBQTkJ3blVPQmFISWhmU1Njd2dvQUNCVV9WUGcyVWVEQlE1a0tpekRHU2FQYWZxOVEyam1qWHpSYks1WjJKYXhBaXZRTXBNOXZaR1dZSlVvc2RkQ19KeTZ2bmhQQkxVa29vM2l0YW51OUZwRzdfRXhIMVlrV1JhSWhUTjVEZmZycVpkZGhHNXlDT3hCblNxU1JpUUNnT1UtN1gyY2hEdnlCS0ZSYzRITlJpbGhPS2lMTkNxbEpKRGtkVnJXalowMzZ0SGluYXM1b0pMd3U4NkQ3d1hnN3FBUEM2aHdpc3AzVmJVeVFMX2dZYksxNjNuZ2lxRG9zOWc?oc=5","Haaretz","Israel","1784054340000"
"US forces launch strikes on Iran's Qeshm Island: state media","https://news.google.com/rss/articles/CBMilwFBVV95cUxPTmxSVnpsWUJvTU1hUGdrVk11WW42RndsT1FCc19IdUZrelNfaTZadDRVMHhzNTRiUnktdzJhRVFqYVFIVFJBbHgzaFN5VE5QZDh1SUhNRWh3UUtEVnlMVkdPNWpyYzV6SFdFaUhGa1JMUzNjSDhKV0NSeWFNZC0zVVA0cEV0UzZGLTQ2QUJLVG9IMGJmVkFj?oc=5","Dawn","Pakistan","1784053967000"
"US strikes new targets in Iran as Tehran hits Gulf states, Hormuz shipping","https://news.google.com/rss/articles/CBMiqAFBVV95cUxOOWlaMW1EUnFyd3hkSlFveHAzZXpVR0pMLUJsSVJGLV9ISTVqMEFFd0lfTlFwUUFULTVYYXZfWkp2Y2Rla1NrTzRabXBCWW5BYzJNY0hmYjdaX09SdHV3NVFmd29EYjJvRjE1ZEtSZE9JcnYzSGFpNi1kUTZJME9wdWFHcHBlY2F5cUZiMmVzRUcyUURSSEJQU1psVjN6cUtNNWd3NF9LdnbSAa4BQVVfeXFMTklTZUlQR04yUzZEOFlQaHBDNkdPamFrbDRsNzZFMjdobzlBLWdXWUNXR3dwVDd1TjY0NTE4LVJwYWhiWTB4eFp3X3UzdnduQnl1TUdIdExQaXVkclRMT2dmUzk5UVdOQ3ZRNWhWY3o0Q3VUcmRhY1NiemVKZzVxaDJ5ODR3dGhBcGFBX2pXZE1McGpqZ19idVZLV25xWmJ1c0R0UkthU3pVQUxOeWtn?oc=5","Al Jazeera","Arab","1784058578000"
"Pentagon nominee says Iran war cost $29b as of May, faces scrutiny","https://news.google.com/rss/articles/CBMiowFBVV95cUxPRGQwWlZlSXdGMzBlUDl3bjRQQkJrbTZ6T1V0N3BjZThneXhYbng5RXZ2MmlFT094MHl0N3JOeU55UU94T1pQWmlxOUgwLXlMdUkwQU5hTXNKd2NTTUNLNDVTVTZYLUM4bUh6S2RkLS1DTE5WdjdJOEFEY1RVakRHMVlzOXNxalNJNDdtejVXMFY2LU9VUHg5VDc5M2FfTDFPWndB0gGrAUFVX3lxTE9jaUZKbzlzckM3REJMcnNXdG4zRHQ2OUtWWmxCWnAxSmJFa25WOW55aE0yeGg4UVJFRm5NamsyWjJicERQX2pycTZ1MlctX3RqbVM0Nk1YdFRTYjJpVndmNjE4cmRwMXZZdTNKSm1mcUZJdEQ2VFdNNnJPV0ZGUXpFVGc3VThyWU16WUtTd3g4SGdDOU4tei1DdGRNM0ItdEZEWDBKVjFfYlh0aw?oc=5","The Express Tribune","Pakistan","1784058295000"
"CENTCOM confirms fresh strikes on Iran as US prepares to resume naval blockade","https://news.google.com/rss/articles/CBMiwgFBVV95cUxQbG5yTUEyaVA1TV96cTJ0blh6ZE55WE9JZFM3cjY2am1yeDZNX0l6NmtiaXpxS3Vqa1RRNWtyTUtKSHc5OWFpTFpYSjlCWDFLMWpXcUVRSDk4TlFYWnpVSjg0VEc3c3JJUXNDM2lIWjhQVzNrazJhZnI0RnBqdlNDVm94bXA1SDhtSnlZS1Zuc0lWSUdjcU1RQnBKeEtOdE14Vll3dTJ2XzREeWZZbmxjeExaazFVakNVN1BmT2k1TEZPUQ?oc=5","The Times of Israel","Israel","1784058174000"
"Trump drops Hormuz fee plan in favour of Gulf investment deals","https://news.google.com/rss/articles/CBMioAFBVV95cUxNZW43eW03SW90d0Vva3RyeGtWclh2clkzYVE4MjhYTW5fR1UyS0FRaGN5R3E5STBLU0lGcGdidEVIdUtkZFBTcFY5QmVzQnliOHlVYlF4cVJiQ0EzM3k3bVRUcDE0VGtSN0NtZjBpQzRRejhVZV9qaE5tUEEya0gwaUxFWFJGSUM4Tm94RUl4WkNjQ1dtbXRGeW5RNGFBU0tk?oc=5","The Express Tribune","Pakistan","1784057512000"
"Senate Democrats block advancement of defense bill to protest Trump’s hostilities with Iran","https://news.google.com/rss/articles/CBMihwFBVV95cUxOaFc2TnhjSEx0c3I5dkpaNWpacmdNbWdpalB4RG5UTU4yNGlTUjdxbE5NNmtLVy0zSmQ0VTZVc1I3akJOOFVZb1FPMU5aV09HVm1qUjF3WlpyM18tdXNMMnRHeWZTTGlUb29xVnZpdkUtSXlTMjFIQVp6a3ZrZzBWMjBOY1d6WHM?oc=5","The Guardian","UK","1784059560000"
"Senate Dems block defense bill in protest of Iran war","https://news.google.com/rss/articles/CBMingFBVV95cUxQM2RaYVdBeEZieXN4TkFoS0VGV2dzalBCaldTSHU1VVJIekZINzhKblg4VmprZG1PTlFxcVVodjd0am4zYm5ocEtmVXZXYnpTVDc5Ujc3dXF6bGRlUmdhc1IyOURSRjRpN215WkJNN0dqMzlnREU5REVPWklCeTBBRmowSFBJazlQNUxLN0RxaU4xN091dFhaWHIwVVNQQQ?oc=5","Politico","US","1784058300000"
"Senate Democrats Block Defense Bill Over War in Iran","https://news.google.com/rss/articles/CBMiiAFBVV95cUxNb1gxVi1sR1MzeDlYaUJLN2xONkx3NjZlX2lFMjRYVFJMV053azAybDg2YnViVjV4eUx5REJnSnZDbEtGN0g2YmRRYk9hcWpkWEJjYmw1SUNvYi1vMzc3OWpheWR2UjRmd0pYTVgwdjVNWEYxRlBFYTl5QXFrQ1FmQW5adVF6VERC?oc=5","The New York Times","US","1784058267000"
"Trump U-turns on Hormuz toll after one day","https://news.google.com/rss/articles/CBMihgFBVV95cUxQTWdMUkQtb1doMHZtQ1g0b0QyVDZYWnRUSUVTWWQxb09JNERWOUhUQVVzYXo1QmNsZXhnSEZsT0NWQm5ldXdUQllwNV9CNmhqT3BoeWJkVUtaN29LUDRBS1V5MkpXNEV3ejdiNGVaVkpFN09YUkZIazFsUmQ1a2p3bV9FZTRxZw?oc=5","The Telegraph","UK","1784057760000"
"US re-upping blockade on Iran’s ports — sure to send struggling economy back into tailspin","https://news.google.com/rss/articles/CBMitAFBVV95cUxObkNOXzJzQ2VnZkpDQjVzTTZWbXQtSVA3aEtJa2h3ZDUtX1VDbnkxV1h1TVBqc0tfemd1MGNma2U5TVRqbk5DYWVmZkhaZmZJZ0FvNHNPbkJrWGNSV0UzQzZIQVY3MF9KR2RkcUtlMjNzLURsZjlhM3BBaHNtNG1GVHZRejZOZVh1bk9xQThGU2dfNDFlNnp1WTgzVjNOSDRUejZEbWtKd1J1N05UWHo5ZFFxNUs?oc=5","New York Post","US","1784057700000"
"Oil Settles Off Highs as Trump Drops 20% Hormuz Fee Plan","https://news.google.com/rss/articles/CBMioAFBVV95cUxQMkJGM1F2STJlTWdUQWpVZmpRQU90UXVUSUJCMEZqeUdKM1RIUE1FeXh0ZmVpeTQ2dml3MU5KdHp6cnhhZ2NPQ1VMNmM5ZVFQTmxpcVB5ZjhMcmpSVDJ6WEFRUUxfNUZDR1A4TlF6R01QY1JOOGNMUFBHVC1mdE5ocnNhTEp1Zm5Ubi00M3ZhTmh0d0gyTGxjNkhtTmlmYk9P?oc=5","The Wall Street Journal","US","1784057040000"
"Stocks Close Higher, US Resumes Blockade Against Iran, More","https://news.google.com/rss/articles/CBMiqAFBVV95cUxQTTViTlE1WTZfNXdMR19CTlFLTHRud29ickJRNUp5RkN6eHNSSmpXT0tXLUE1eGt4eXNRaDg1N2FNTElZMG1pVW1rS3hFWmtiSjAwM18tc3pZUUlCRkxjRy1hNUFSenV6MGR4QllQenFIS2RoeG42d1RMd0J4VzVZVzZydkRWWC1kRkVONjFEcTRkTm9BNVJLaENYS2ZfUk9RYkFYd1dqRGM?oc=5","Bloomberg","Global","1784060524000"
"Senate Democrats block $1 trillion defense bill in protest over Iran war","https://news.google.com/rss/articles/CBMikgFBVV95cUxON1E2VFpwYl84ZUh4Z2RzRk81OFQ4bUo0TFNfZFBlc1NRa19QazZ3WjE4V3dLWjNrb0tpMlcyS2tTQXEzNWtnekNzMVd4d1FBWUd6NVpGWDlpSHBWWE5rc0hGVjFkdEk2VXJyVEZiYXRTSzJrRVRsdFU1TkN3X1RZSWdfQm4tWlV4WDN1ZjJDa0Z0dw?oc=5","Associated Press","Global","1784060040000"
"Newshour | How will Trump's Hormuz toll work?","https://news.google.com/rss/articles/CBMiWkFVX3lxTE9hbUlfeWJUaWFydUE5V3pFVGtDUDFxNlU4M3RLTnFPcWxYQU9VODVyV2prbl9TbndWTnpReWQ0TWtXazNQdHlwTjJ2M3V4U1lQelpDT1dvVU9UUQ?oc=5","BBC","Global","1784057664000"
"Tracking Trump: Trump walks back Hormuz toll; inflation declined in June; ICE halts traffic-stop arrests; and more","https://news.google.com/rss/articles/CBMi9AFBVV95cUxOamdUMEVUTUJWSURFYkZva1NyLUhoWGNIV0Jud1Y1cDkzQW15LWZtcUtNUGNlNmVkODBKRThOckNERzR5akNCYUFvMjRPTmpCak1MUE9GU1NMMkp3RVNkWUY5NkY5VHVHLUhQb1QyTW50cWowN1kzaDRLTUdNb1YyVTVGU3hZZVpLZHhkUEF2ZjVUQlEtR0JsUE5ld1gyb1V2aUp5UGtRM2NjdDlBUjFzY0QzTDlTb280UUtOSGE1eVBaQ2M3QUd0RW9JN1F3SUJpR2steWdNc25WZmNBcFFjcnA4d1lBZm5TOWJZMkNkbldkV1ZS?oc=5","The Washington Post","US","1784060749000"
"Trump revives his decades-old Iran warning as US ramps up military pressure: 'remarkably consistent'","https://news.google.com/rss/articles/CBMixgFBVV95cUxPZG9YenBjOTRWVVRmZWJlSWxCdFQzSlhXNmtIMEN4ZkVGZXQzalFDNlFjNEQxM0lQOVFueTBCeTNZY1pSSl9sLWRxc3NxeUJVMnNiV1pKaU5NZHkzcFhkV3Vnem95TXdyNlVoTk9EdWh4SGdsVmtfMFNjdG5ic04wTjZqem1uU3RxR3h6S0gzNVdWMTB4XzdtdEdDTjg0NVVtVEtzUmxEUmlIN2Q2QnVhTHRPU2R3SVV0Rk9ZcU1jWmVTbW15d0HSAcsBQVVfeXFMTXp4eU1PdkVjUkU1bkZ0d0xXR0R5cGE3Q2U5bENRWFF4dFhqeF93WmItU3Z5VkNGUGlOYzJhZFUtM2xISGZJNmQyS1ZnX2xHcFN2alcwTFFwSDdwa09YbkNOTl92SE9UWTNRMjQwQ1Z4T3BNV3NxSDBMSGhpVXZfbENfVng5c3BxWGVVYTFxRnYyOGNDWjExRVY2OGo0dFVsX3kybGRpRDNKZ01obm9BbEhFZkh3X1J4Z1NsV0pGSWREa0dJSHduajFrdlE?oc=5","Fox News","US","1784059983000"
"BREAKING: US launches fourth straight night of strikes in Iran, CENTCOM says","https://news.google.com/rss/articles/CBMiVkFVX3lxTE4xb01vMDJTQWVKb0ZfWFlybXVrUTVRZlJ6dlN6MGx6M1BhT1IxMWFfMTNuX092eUszR1MtQzRiS2h3MXZBRGlEVEw0YXdpZklpUjV2cjBn?oc=5","Fox News","US","1784059934000"
"Gen Jack Keane: Trump is fed up with being played by Iran","https://news.google.com/rss/articles/CBMiVkFVX3lxTE1ycUFKOE9saHhHdkREczhWU1hCYWt6b01EdXpnN1lSdzY5UnlVS0RMVkotejBUWmpIclVOWDNLeUp1X0JhSU9yTGliS2UybHpkQnNibjBn?oc=5","Fox News","US","1784059868000"
"Trump Drops Plan to Tax Ships in Strait of Hormuz as Fighting with Iran Escalates","https://news.google.com/rss/articles/CBMilAFBVV95cUxQbG16ZGVGMUVpZ3dUTzNVMlJ6S25tUkZVaTRhTUc2Ykxrc2NiaXhKblhPbmNJQnlXQXk4WnBZamRpXzdoY3BlN3NIdlR4WlhlUGhMUUphQi1zM043LWZEUk15WEt0eTUwTTdqQzdwZWRwMnlmNkFza2JOd0Z4T3FTUFgtemk1LUhpdWFfVC1heXg4VnR0?oc=5","The New York Times","US","1784058920000"
"Trump backs down over threat to levy tolls on shipping in Strait of Hormuz","https://news.google.com/rss/articles/CBMi2gFBVV95cUxPck40TWo1ZjdGa3g2VFFVSGNWMzVfY2FUU2Z1aEgwcFhOZ2xJRk9DSC14bFVfM20ySjVLMFMwMWxnUHA1NUlPVUZtN1dhOHBzNUc5cnhxb1diZndOWGR2ZmYySXRyVjN0b1VCUlUxSnNNT3dIRTJ3RDItS0Y4LUNoVndraTFvU2dKYTdWNm1oUnZwb0luYzdhWm9ldnRlUUdldzhHZF9iSnI2cVlhWHhkZTdTdDJQTGs1NkhickZmczNFM3RvN1V4Z0U3TXhCY21sbTRXS3JHSmYydw?oc=5","The Independent","UK","1784057640000"
"Urgent: U.S. military resumes naval blockade in Strait of Hormuz","https://news.google.com/rss/articles/CBMifEFVX3lxTE1waXAydUNtOTVIVUlRSnYwRGlEbVpoYmN2UnM5YWlKVHNlN3BiMkJVWk9aNHZyX2NlT3VReXlVQzUxUnhVaTA0RFBTLV9FVkc0X2tEMVl2M1VRa09HZHA5TUNOb2JhQXluTTNac2J0XzAzdnZQcTVGSmxjNEo?oc=5","Xinhua","China","1784060640000"
"Renewed US naval blockade of Iran goes into effect, says military","https://news.google.com/rss/articles/CBMirwFBVV95cUxNM3BXRXBoeEVBSW9MWDVYeFRLSl9BdmVyT1hGdDVwaXk0MXpTMUs4OU5scFZ6cHFraTJucEs0ZVRZUDFGRXpVRGJMQ0FBNTBrQl84T0R1dkV2T1E2aThLZEl2aEFaT0hHTTFpX0NhUlFEWEFYbFlsV2xhRWxDdVRvUUd6MHFHQkgxMkJoR1VHOTZBbFFlT09ETm5hR01mWFJsb3JfYk4td3k0SXNBNUg0?oc=5","The Times of Israel","Israel","1784060589000"
"Senate Democrats block defence bill over Iran war, Israel provisions","https://news.google.com/rss/articles/CBMirAFBVV95cUxPQndWMXFVOFdHdU1RaDhLeGpjMHNHbFBhUS1XdFJnQlpzdmloY0dnOGZqb1hSaEhPUnFsMTdWaEhwRURja1J1bE0tQkR0NzdORFBSbGV1QVhzSlJ1SU1IcGVySXhOWEMxa2VFVUlLaGkwRzc2MzlqWHo3a3g0cW9FRVBpdWozNHRGLTlLemdMb1RnQ2VEQk1RUjBXdmVLelF5alNMQU1SaUFoVUpO0gGyAUFVX3lxTE1xSkN0TEhlMFV5MER6Wk5tMHdUdXF2LVBtSXAzZDZPdnZVWXN1aU5XMFBVdFZEbTV3Unh0Z01faUlaYVNFVGVwb19tOThHNy1fUUdDM09DSTBNbE1ENVA1UkRTVjV5MVVHWTZ6S1VqQ0lNOVYxTFhaMVJSeFBKb0JIdEVudXVWS0JULU5oek1JNEV2OGdlNm8tbFA5MkZqbmhjd3JXcTNscVQ4VHR3YmM3M2c?oc=5","Al Jazeera","Arab","1784060138000"
"WATCH: Iranian missiles strike US base in Jordan in early hours of Tuesday","https://news.google.com/rss/articles/CBMiqwFBVV95cUxOdlBwOHNVdTZ0bjJoV0tCS09FTHBoUkk0cWhSb0NaWnpYMm9wYUxraEhIOERXNmVrajF5enBVLTNrWFEwOEFkYi1sTDhuUnVWSUo0a0NvbjEyblJxcmwyM0V3MEJLUVNwb3FwNVJCZTZYaWlVSy1VUDFhUi1VWGVnR3FJSFAxTUdlVG82VVNJNHU4ZlBEaTdjY3UzVWg3NW10OGZNY0NmYUVFX3c?oc=5","Dawn","Pakistan","1784059623000"
"New US strikes hit Iran’s Qeshm Island amid tensions over Hormuz Strait","https://news.google.com/rss/articles/CBMiU0FVX3lxTFA0STlKS1BPNjExZ1RnT2hrUmNuaG91QUR0b3R3c1RLSi0yWDN2amlwTmpmRl84SXJVQUR6QjdNenhzSVF1Q09tZGJRYjZTNHdKUFpj?oc=5","Arab News","Arab","1784058521000"
"Kuwait says Iranian attacks hit navy vessel, injuring four troops","https://news.google.com/rss/articles/CBMirwFBVV95cUxNcm1OMXRuSjhzb2VrZUV1djllYUhGYmpQeEJzVVpfcXlQcFU2X3poWU9GaTNGUERiU1pGUVpxc3RkVDFQdExPSEpvaXE1a05kT0k1NGFRZU44eU9vYkdVcnN6dGdaRTJvNHFSTUprRVJ3TUtYdU5PZTVDTGstaVNrRVJkUjdtRHNvZ3l0dXRwNlB0N1hUT1Q0djZPWTdGeU9yNGdxa0NNbEhGWVlZWG5Z?oc=5","The Times of Israel","Israel","1784057874000"
"What is Iran’s Pickaxe Mountain?","https://news.google.com/rss/articles/CBMiiwFBVV95cUxNUnhZN3ZHcWo3aE1VaXpiZENxbmtQQ3lyeC1saEVtRkh6eXFqaXRPQWhLSGtuZ1NQSnVEUmp2Y1g2c0RaZGdhRjBDLW9vQ0h3UGVNYVhMVEsydnpfai10Vy0ybXAyQ2h2YkNQSl9yakp0TG5oMWttYjhPS1BiYlBXY2hVU2V2N19fbzNv0gGQAUFVX3lxTE8talhDVW1aNVlvdlN2amNNaG05OEo4ZTdNUThTU1R6cWxOOXVTZXFGYzVYUnBiRG1UU29BQzhQVWt2aWFiVVFsZHpzQU9vcHkyR2VKeTk2cEFKVWotMFJXWHRjSnlnRGNGR2tNZWlMRW5DU2NBTGdFby1vay1sZGxRLUlYbGdqNVpEcDQ4UmVBSw?oc=5","Al Jazeera","Arab","1784061899000"
"1st LD: Explosions reported in 2 provinces in S. Iran as U.S. announces new round of strikes","https://news.google.com/rss/articles/CBMifEFVX3lxTE5RazBacmRqMS0xSlZOU2k4b2doS19rVnZnVjBSMldZbU5MQ2pMd0FacnFBYlk1VEFEQ0lzMDA5UHVOV1BGclhDS1ZYeFNmN2hCdjB4M1pOVnRKS3JWQUstNm9XWHN4YUFzb2g3OGl4NjJxQ1JYemVRNXZYNTk?oc=5","Xinhua","China","1784061660000"
"U.S. launches additional round of strikes on Iran","https://news.google.com/rss/articles/CBMifEFVX3lxTE13UktFdEpWUFk2b2tEOFJQRUxLQnB4eVlQRFRKaWtMa0tvV2tvcktlWHRrMXVGNWtldTZkZjYxdnJtd2lxSnl4c3ZwRkJkMjFzVzNCQWxYeGEzRlk5RGxFM2Y1eUJPVHRZX1d1TFZFYldqQ3FLRVF3aEZvYUY?oc=5","Xinhua","China","1784061000000"
"US issues new Iran-related sanctions and a general license","https://news.google.com/rss/articles/CBMipwFBVV95cUxNWmFYMUdRS2FXV0ZDWkZ3a1NtRGZGOHJldDRwMUxlRVpoWnMtOUlqaVQ4aVRfWl80MHpqTkdIa0JneW02Sm5vT1UtTHRjNklfSkh0U2w5bXRGdV9GcTQ5UWE4VWo2eGlWR1dnbUhsN29CR2c3ck1FOF9MZVhBbl9jYzJfU255TnQzU0E3V1RDcnl0RDBuWFVtMi1ycllPaDd6dG1VRTcxTQ?oc=5","The Times of Israel","Israel","1784060046000"
"US military reimposes naval blockade on Iranian ports, launches new strikes","https://news.google.com/rss/articles/CBMiwAFBVV95cUxNMHQ5cXNMSXUzSWJjYXd5dnRfcEczTE1taExpVi1kY292RzVCRXJtQWhvbVZBWUZXeGtVV2RYdHFXeUpXOUg3WHl0UTBDbFpoQVZVSEluNld0NHplTkYwNWdTOFFWY0FDT2xyMl84Z0F1QldBSGYzYmJGWWlzM29OYmx1WHExcHpnYTh4OTB6ZmR0cHhZRnI4WWhNM19TVV9wN3B1Nmw0TEZ6SXp3eFhxVGdvWU1LWW0zbXhvUDZoUXA?oc=5","France 24","Europe","1784061939000"
"Brit Hume: ‘Less-than-conclusive’ outcome of Iran war will leave people questioning whether it was worth it","https://news.google.com/rss/articles/CBMiVkFVX3lxTE1tTzYwbURVNEstc05vRERpdWJmTzJla0M2aHN2WWlvMzZhUVc5QzNuRXYzeVEweDBZTzF0bkxjR2g5VVB1YVgtbjJ1QVpUMW5HVG9mZEhR?oc=5","Fox News","US","1784062754000"
"US launches strikes on Iran ahead of naval blockade in Strait of Hormuz","https://news.google.com/rss/articles/CBMiVkFVX3lxTE1JZ3NjOFRwQXprNnRQLWltQ1dmNTlIUmFQSlBwN1Raa3FrcWxRakhMUVgtWUowcmhhTWdwTlNVaVpEdTB1OVl3WUp2cDdzS0x5UTd4TXNR?oc=5","Fox News","US","1784062044000"
"Inside the 24-hour sprint to convince Trump to drop his plans to toll Strait of Hormuz","https://news.google.com/rss/articles/CBMidkFVX3lxTFBrekQzU2tiUDh6SjZTZ2pKTFZ1RGJJdFg4dVJTaGdxT0dvNFNvaVYzWUI4R2x5LUdfQTM5dE9WNHY4d0k0eURYbU0zN01ZdXRvNHROanQxSzBYY2luMXgzZUkwNTBldS1PbTdyWXA2dHFqbDFPSWc?oc=5","CNN","US","1784061704000"
"Gen Jack Keane: Trump gave Iran 'enormous leeway' to make a deal","https://news.google.com/rss/articles/CBMiVkFVX3lxTFBDMzJMY3RjS3ZJZzV2REI0T1FPMFdWX2g1ZS1Ea0U0Rm5QUVFLVFR5WUdQdkxSeEpXd3p0YXVUSWk1QVBkNU9NYnFRN3NqT0JibzkxSHZR?oc=5","Fox News","US","1784061564000"
"Trump repeatedly claims an Iran deal is near","https://news.google.com/rss/articles/CBMiiwFBVV95cUxQcHJja0c0YVZkeTdwZUowZWp0OVVfTGxCU05rZHo2SUtOa1kzNFFJd3Jxb3hwWnJabGRnWjJGeFZ2X2IzMTIyZ2hodDBZcWZGenJWS3VqWWFMQko5c1hvWVQzN09pMGl6MmFzMkIwZnNPVGhkQXFCYWhjSklrMUZLZWV4eHYxdTJxWVA0?oc=5","CNN","US","1784061420000"
"Watch: The clash between US and Iran for control of the Strait of Hormuz","https://news.google.com/rss/articles/CBMiV0FVX3lxTE9OSTZMZUhGdlE3OEZkbE1WNVdseEhiOFMydHVXVHBZcldlN29NNWoyeVRvUEVPRDJkRXpBcHpkRnNHZVdBTWpLempBOW5UWUdaT2xHeDFsZw?oc=5","BBC","Global","1784063592000"
"US Restores Iran Blockade, Warsh: No Tolerance for Inflation","https://news.google.com/rss/articles/CBMiqgFBVV95cUxPUzhoRXp0TGJ6MGkybTNJSnhUN044UXdDTV9YU1ZYMk84emdlRk9ERVVuWF9hVk5aM2dZOEJvOE1sX3NpdlJKV1JvU0F2U1V0WFUzZnB5ekx2eFEyYnBoZHo3MjhWZHpoNGdMM2xfTWhfdmk2N1h6ZlR5U216YnNDSUx1ZUpsX3FINTIyZ081SzhLTEdMZXNmWE90UFZLOE83Z29wSEYxNDZUQQ?oc=5","Bloomberg","Global","1784063494000"
"US resumes naval blockade of Iranian ports and vessels, despite Tehran’s warnings","https://news.google.com/rss/articles/CBMiogFBVV95cUxNU3hyaGljalVvUkhKZ0NRazdHVzZSRlV6STZhT0xyOUtyMlppdUs0cmYzWGdqcklJdC1OWFp5ejlueG8yQXY4RFRYSlVIRTBfc2xpVnVQQVVlb3dZQUExelVZaXBRcUNMdnNDN1J2Zlozdk1JeWNlSnpIN1g0TVpTZWx6Ri1iV2xSSjViTmpjU3VickE3bTVPYkcxZWhjcVFPSXc?oc=5","Press TV","Iran","1784064060000"
"Sirens blare in Bahrain as Iran launches barrage of missiles, drones","https://news.google.com/rss/articles/CBMiugFBVV95cUxQVjlWZ0FXWHNfV0hQUVh0RmxxMm44d3p1UnRiU3dWRDAtYTdFdzRKZnFKaFBPSzhwZXZxREhIUGdmQVVmOXNPU2pDUVU5MXRxWWJsZFVJemNlYTFXaG5FQWZ3ZERZLWtUQ3Z0a1c2TTd0azNJOXZ1NjZjZEs5QjluSGkweGtHSG5hZmFTYk5FSUJWNlB1bXNnNnpIeXVab1FHVTJUbUQ0SUJTVjBmN3JpLVhydERBS3Q3YUHSAb8BQVVfeXFMTnc4Z1UtWmFXSXZKcnhvN2twZllKREx1SmdxSk40TjZXVVhTMmdKQ1pkVUZQeTBJRFB2MG55aXd1QWk5WGVpM2lxUVJUbV9Xam9CeXJMNmFBclkzMWhFMjFOQl9YVGhBVUdoMXRsUXI3ZFBXd2F6S182a3VpZmozSnlTU18xRlBoODJ2TGszajR4RFVDM3lTMVlWNTVQZXptX1F3Y1pHRXRzVkNpclJERThEY1dVcGRKX0ZsX1JsdWs?oc=5","Al Jazeera","Arab","1784063135000"
"U.S. military resumes naval blockade in Strait of Hormuz","https://news.google.com/rss/articles/CBMijgFBVV95cUxOUEdESTVuemlQSzZiVTktemY4bGl3bng1cHdyVi05RG5IVkdmYzlhZ3dBTEhRUzA0MXlkOXotV2JfYlN6NHp4dnRSYzFoLVlyZDQtLUhzODBqU2gyMlp6c3Q1SkdZTjVmM0NZS2IyZlB4djVCVHZZR25ISFR0XzFueHB6SG11VTdBYVBRQ3J3?oc=5","Xinhua","China","1784062875000"
"Iran-US Conflict Escalates: Bahrain Sounds Sirens, Qeshm Targeted and Tehran Responds to Trump","https://news.google.com/rss/articles/CBMixAFBVV95cUxQV0l3bThJVlM0SjdveTh6TzAyQ2lWcm9Mb192TlJoZVNnZm5GMnRHMlUxc3ZSbFE3MXJwZ29UcWtIT0o2UUJQZ3BtU2dabWpJbThqejk2NTdpbndVbVhjOEkxWXlBUnloVGxPM3o4cWN5LUJSTTRBRS1DZDhjVkxNYmViRENiMjBKZGJicjlQQWotMnJwWW5NWWdCMkh5cUlqeEd5Nm5ObGh1YzFkZ3BjUXRSWEhjYU1OVU9velQwQUlyaTVC?oc=5","Dawn","Pakistan","1784062210000"
"Kuwait says its air defenses intercept Iranian strikes, 4 naval personnel injured","https://news.google.com/rss/articles/CBMie0FVX3lxTE5fdkUtcTZlcjlMMEYxM2JuRjhoZXRzS1d1MnJpdHRaWkJCaDRLakRoMC1HUHoyT2M2aDRhejdYeTJMUFAzdUp1SV9sMHZXRjlMX0M5Z01ITWJNdXhVa3dYT1JvV0h0bE5WWjRHV2R6RnF0Q2wtZXNCZlBxWQ?oc=5","Xinhua","China","1784062140000"
"Iran's IRGC says hit U.S. bases in Bahrain, Kuwait in response to U.S. attacks","https://news.google.com/rss/articles/CBMie0FVX3lxTE5QcWhrYjBrZGhOalhTT0dRaVpnb2V6SXdIdFdaZ3VJaDlod3dXNzBBTzY4eENnNXVKSHVkbW5RTWhhZGlYLWlqWURmS3ktUUQ1cEFweU5PSmhjYmJBa2F3SWpkOGpkcTZ0b3hEbnlqVWZzMUZQYW15bnpRaw?oc=5","Xinhua","China","1784061990000"
"US Senate Democrats block $1.15 trillion defense bill over Iran war objections","https://news.google.com/rss/articles/CBMiyAFBVV95cUxPSTNubHF4MkkzU3NnRWMyZG1jZFdYbHlDU2tiNTc2Nm5sOWc0eGpNZ1ZKdFpPYVlFMFAtN2twWWJrY1RkTkc1cVFHdFA5ZUJHeTFPMWtvR0RVWllsd0U1dDNfY1hwdnJHZk5LWHNkNm56NTduRmh3a2tqT0IxbjlBcHpCZENPWHBFN0ZhYVBWaU5hSDgtLXVvRFFQRE5XVFMyTGhiT0JRWjZfeENPZDYtUXY5bHdrVjBnWXVqOGZpd3NPeUY0cVhzTA?oc=5","Reuters","Global","1784065176000"
"No end in sight for new Iran war","https://news.google.com/rss/articles/CBMifEFVX3lxTE9lTVowTFV3cWVQNVRBcWU1b0NtUmwzdnhsNVJZX1JxRVNmbnl0bDlZLXM4alhPbHBnU0YzNGgwRVVuSUdpX2ZId0F3cDMtam12WlFxWHNDLV9NMVNXbjc0TzZKWEgtOFJ2Sm1veFNyeWlQajdfVkZSOFJCSjg?oc=5","Politico","US","1784065860000"
"U.S. Reimposes Iranian Blockade as Trump Scraps Hormuz Toll","https://news.google.com/rss/articles/CBMipgFBVV95cUxQd2hWZGxIdUc1OU4tWV8tLVAyc0lXZGJiWHZSTXpxVzVuQ2pmT1BlNjAzaF9Ba29OS2xNeGhaWEJvZGY0MWxsM3JUZmY0V3prb0dFeURKcmQwUnVqSHYwQklXYnBXTElTZWcwODd4MkdPcE01U0I3OWJ4Y3VOWFVVcHM0VlNoUmtHbTJBRUhXeUpNal9qelJGanFkQUgwdjBZb0x5NnZB?oc=5","The Wall Street Journal","US","1784065500000"
"Trump Blockades Iran Again, While Saying the U.S. Will Guard Hormuz","https://news.google.com/rss/articles/CBMi5wFBVV95cUxQOUVxa3lDcUlLZHFoNF9RTklwUndkdjNIZGxiejFNdUdZUHgtTURySnFjT2ZubVpXR0VERWZDMWwzcWh3azJaQ0RSc2lBTzQ1N3A2WWV6d3pacHR2VmNtLV93cFdRdXpkMWM1T2dERlZHbk5OZUVOeWttbmNTU29CdGdYVmVEUTZhUEI2dFRyVW9zTjU4RV9VZ1ZRUVZWaEZpWUY4bzgwYkFGSE9RdThURW5MZFRQSkpTTlBEdmR1eTZZaFl2V3BBUlI0cVk5R1oyYUQ2V0pEUEl5UzAyLTlNZmg0ckFYSGM?oc=5","The Wall Street Journal","US","1784065380000"
"Opinion | No Pain, No Gain in Iran Blockade","https://news.google.com/rss/articles/CBMieEFVX3lxTE5NZDFYQ3F2Smw0ZXFORmhnOWxBOUpfcDZTQk4wbDN5TVJUdlJPVVdWellzUHR5elBxcTRoSVJLb0NmSVM3UDVNdEplTVVJNHdsRlF4M0U4dHpWZnZlREFxMmJnZnlvLTBzWFNnVDJmR21Cd2tGbF92RQ?oc=5","The Wall Street Journal","US","1784064780000"
"What is the global impact of the US-Iran war resuming?","https://news.google.com/rss/articles/CBMiWkFVX3lxTE1jeHdnQU8wYTV3WENJaFliNlNwWW5VVjdDTWJXUloya09NWi1kcUdxVU9XODNiZGl1c1hpTDY4YVRBT055aV9uV2NYRm14VGhkNzdqZnlURjFRZw?oc=5","BBC","Global","1784067275000"
"Trump retreat over Hormuz tolls suggests he is struggling to end Iran war","https://news.google.com/rss/articles/CBMiWkFVX3lxTE56aGZ3bUpKWG1VUy1rMi10WDhOOHV3Mks3aGNHcjI3dnRoc1JFOXl4bnZBdEpKQUU1M3ZfQVduMW10UVhPOTdzbFIyY0JIR296Q2wzX19WWU81Zw?oc=5","BBC","Global","1784066977000"
"Oil Steadies Near One-Month High as US Resumes Blockade of Iran","https://news.google.com/rss/articles/CBMioAFBVV95cUxOcWF2TjRkbnNBbS1FaUYyRVFLUFN1bjRxQXFyeVVlUERST285dk9OYXlrVUpWdTRFS0dzcGRMNTZFS1hHUC1ON1B6SjBpRXI0bkNBajE3WjRpc0lOcU9JMEtJNHRFNHBCSTdwdVp1WTlFVUZ6M3pidEpUb08wLW14UUYwa0VfZmYwZW9ubjZ3YnJjeEg4VDJORFBmRWM5X0pZ?oc=5","Bloomberg","Global","1784066525000"
"US Sanctions Iran Oil Tycoon’s Network After Ceasefire Collapses","https://news.google.com/rss/articles/CBMi0wFBVV95cUxQZHlDdHNZdDk0QW1CWHhTUmNoTUFKX24tdGw0eVZJaTYtd2tTc1o0Zml0OGFwU1dWeGtiTUFxYjFBYW9TQjN0bC0wWTNNMEZPSURZc0FWSTM1NGNQSUdiWDlySWNUakZud2lIaEkxUWZ4Z3Z2MVFhZkdNZnpKWFdLdlRWX3ljVllMUG01RW1qWXpiYXhqdXVJRmFKSVkxZHEzNTJEbjFYbDBiS3NKN1JhSy1zZGNHd0drOW1PNzVNVkJiQi1CRWJJQi1FUVBRRlVfa1Jr?oc=5","Bloomberg","Global","1784066208000"
"US Restores Iran Blockade, Trump Shelves 20% Hormuz Fee, More","https://news.google.com/rss/articles/CBMiqgFBVV95cUxNMk9WTjRSQVR2UXI0Zmc0RjhpVXdIdFF2SUZiOUNiY2NocF9aNXJSc00wV0RadlFYX3pLSUhLeDhFLWVkTEZnSG5hS0hfQzJwRXlIMFBZWTBDWHBxZE8wWmF3VkZHN1VZaE1EVXQ3Q2p2QS1aamJtS2gyUlE1bUVUWmxzdVlEX3kxTDRVQ3lkM1p6dHZGMS1yNzR4T0dfSVcyeVczRTkwb2N3QQ?oc=5","Bloomberg","Global","1784065858000"
"Iran appears to be preparing a major test of America’s blockade","https://news.google.com/rss/articles/CBMicEFVX3lxTE5RNl9WMFVYMFU0VjdqQXBDTHduMDFTMlRNTlBELXBYaW1kVFAxbTdvdmw3TTloYlF1TmV3alFhdTBGaV8tMF9ra0VKWUdabkloSEQ0cUZuZjJ5b2FkM1F3a1JqMzlOQVZLcU9LNFFlVUM?oc=5","CNN","US","1784067943000"
"Senate Democrats block $1 trillion defense bill in protest over Iran war","https://news.google.com/rss/articles/CBMixgFBVV95cUxOLTdnbFJwa3U3OEtDNndVVThyUVZYWk5Va0k1Xzl5czVTRTEwQlJLSVQ4QVdtLTVHZHZybmVkWjlpR29wQ0RIaU9kd1lHTlFGMXYwRmRZWGNnai1vQmt4WU5CNm56cjBER2hLeldjdnRQNms2NEtDNzBEcmpRaktQMWVXWXV0MHFDMzFUUjJvbUpDOXN0OURDVVd0NjRZdVlrQzgtU1prMGJiblQ5cV81QXRveU9yZllsdzc1SENNNnc3YkR4QUE?oc=5","The Washington Post","US","1784067483000"
"Middle East allies rushing new pipelines, port to bypass Iran’s grip on Strait of Hormuz","https://news.google.com/rss/articles/CBMixwFBVV95cUxOS0RYQXVENWxvSFd0cTVqS1pjWE9wVUdYZmRRRjB2VUppYmg1ZmxQZE10TzNTQ0gwSkt2M2JlR1A0TV9Ub0pDOGZLellIUWNyMDdBd2Ezd25TdHNtYUZ1WEZWRU9VeGJPV0xuR0kyb0lPNXJQYWhIQ3FaNl8zcU1MZEgxcFBTRnBZeGlBckdnLTVDbFprYS1uNzRra2pmVFlWb0kybWRhM0Vlelpld0hHODNmQjN1T09iTlIzYXl3UndFeHpKQ1Nn?oc=5","New York Post","US","1784067180000"
"US resumes blockade on Iranian ports as Trump reverses 20% toll plan","https://news.google.com/rss/articles/CBMiVkFVX3lxTE1vV3hETl9MRnliZnhzdEE3d2Z3bmliZDFPOHFudFQ4ZDJGdVdEUTYtZlRFODNPc2Zrc2pVcDdscnoxRlNGR2dPMDExXzhGMklWOVhzYmVR?oc=5","Fox News","US","1784066859000"
"Jesse Watters: We’re the new OPEC, Iran won’t have leverage within the next years","https://news.google.com/rss/articles/CBMiVkFVX3lxTE9yTTN3c3lPX3RrdDlPQ0ZHV1NwSnlvQ0NhVHkwWUpJQ1pRNnZVZ3ZTSXdja2p5QnhtMjE4Sl93WG8tRm13TGpHWHJ4VF8wbnFXSU1YOUtn?oc=5","Fox News","US","1784066586000"
"Donald Trump: Iranian energy targets, infrastructre to be struck by US next week","https://news.google.com/rss/articles/CBMiX0FVX3lxTE9qTEpTdE9SY3ZZQWFVNUN1WURQRVdZQVlTaVJCZFI4bHEyVHNUVmhHQmhfVnFLNHlZTVVFTzU5T0dXY3RlNzZzdDBPS0ZXdUp0dEhnSHlzMkdJZlFtSHU4?oc=5","The Jerusalem Post","Israel","1784067661000"
"US authorizes Strait of Hormuz wind-down activities, imposes new Iran sanctions","https://news.google.com/rss/articles/CBMiX0FVX3lxTE42dHJWY2lWRUQwcUt0ZVNNS2hlSnJ6blVsWjNQVmxsU2JEbzRRT3dJVjd6WFJYOUJ1UnNwbnlOS3FxWThMNlRYUEZkV2VLOUVkT25OVWFQbWtHX0JUNE5r?oc=5","The Jerusalem Post","Israel","1784067006000"
"U.S. imposes new sanctions against Iran","https://news.google.com/rss/articles/CBMijgFBVV95cUxPWGphd05mbzVsUDI2bzlkRENjZl9XWWlSOWs0dmZveG1ZZDZKa3RvZE53c1g1cWIybmlyRDhjVUJ5akFENW5lOU5Ib1RaU3VLU2RBNmhSUmFDZUQ0LTJZOXgtSDJCaU1XVEdBTmtiQ3Vad3M3bHE2VWFjUEZNM3NnZ19nMUx5cmxMYVAzLUN3?oc=5","Xinhua","China","1784066565000"
"PSX Bloodbath | Gold Prices Rise | Global Markets React to US-Iran Conflict | Dawn News English","https://news.google.com/rss/articles/CBMiwAFBVV95cUxPeGtwbUhjaFFBTW04bTZRMTMyb1pGUW5ra2pKUjZWazFOVjBTM1pJTmRfaDBra1U2RENIVnZOc2lNWWFkM2sxNUNidl9tWTlaUEpoV1M2VU96RnJQS19acDBEZlplVDNZQV9IeEI1bG8zR0t4c3RPNzBvUG0tTTM2c2Z4aENpOFJZQnRKMVhqeEM5UkQ5WVktekp6UFpJalFzQ0ViZ3VZUWpkUEpRNkJaRFM1M1Rvakk2c2ltNnJkODA?oc=5","Dawn","Pakistan","1784066413000"
"Trump threatens 'to knock out' all Iranian bridges 'unless they negotiate,' says he's 'saving energy targets for last'","https://news.google.com/rss/articles/CBMi7AFBVV95cUxQNWhSdjRra094YmR2MVhsak0wUWRBM0xJM3Rkai1HNnJfMU5CSlFvLTBiMVJKaFZjRzczeWM5Q05sekVKc0xXWVJhSjBNOGNaZm55SV92dVc3bW1UbV9qUmZPbG1RUXNUTjhUV2d2OXEtVENwOGFRYlhjSEo1dVRtUzI5SWlCMV9yWUdyQ282WDlSbVVpS1FQa2NLaDhIcEJLTlBoLWdsQ0Z0VDJ2NjE4VC02SXd4V01tRklFVko2RnpZRlg2S1ZCdHNWNG5OSzFzWnBZVVB0UURDQjdSc1hPOHRyY0Y5QjZRaGFvOA?oc=5","The Times of Israel","Israel","1784069889000"
"Kuwait says fire sparked by Iranian attack brought under control, no injuries","https://news.google.com/rss/articles/CBMivwFBVV95cUxPUXY1RktmX19FSlREZDJHNkFrcjVMRUVhRWdUV2VJQ095eUtSV0FYUzB1WHlzNHhJWmdlNmJpMjJmYTM4NktlNWl0R05ZT25ORENJQU1XYjdrTWFHYTlZSThURi14SWJYOVA0STN3RFNYVWJBRExBS2ZPTlJ1eHNIY0dLaHBPd25nM2ZhNWt6enA4Tl9UWEJfZFZCcnp3UkFUSTBLMTFXV18tM3YtNHZGOGdNaUFjZnBDX3k5UDZiSQ?oc=5","The Times of Israel","Israel","1784069640000"
"‘Until final victory’: Iran Army conducts 7th round of retaliatory drone strikes against US targets","https://news.google.com/rss/articles/CBMilwFBVV95cUxPTVBxdlVNOF9yZXBTajAzVFlGVDNZNkdMcmg3RWRDdnZfRDRXZHAwRm02MTByRF9ucHhiV2N3c1VJcjZLcXR1WGpGNUNrM1RSOURsTlZoc0xxOWQtREhJb3VVODNqeElJRUxQZVYxU1Q4SHdyamNiZV9xOUtmTzh6emNBeFZuSHpzNjI3UEQ2cl9MWkROby1z?oc=5","Press TV","Iran","1784069400000"
"Urgent: Trump threatens strikes on Iran's power plants, bridges next week if no deal","https://news.google.com/rss/articles/CBMifEFVX3lxTE5ubTNZUml5YkVjbkQyXzVjcGRfZFNIV3hKV21IRU9oM1IxanlZOEx2WDk1bjRQR1FwS0FNUVA3TUp0T0R3d1JkNzNkVzR1RXpReGk5c2pVN19MaU43Wndkd1FJX2g3NzIwMWFwcG04b19ITDFJVmxOYmlTT08?oc=5","Xinhua","China","1784069175000"
"Trumps Drops Hormuz Toll Idea, Australia to Set Up AI Office","https://news.google.com/rss/articles/CBMi5gFBVV95cUxQSzFMYmgwaC0yb3RrZEZMRWpYT1Q0LVhIMjh6d1U3UGZ2Sk15ZHFZRV8xU2QtUGFHVnVhNXlLbUZUbEMtNFU3dVM5ZHQ5Vk8zajU5UFZYd0JtV0FHeEQ3ZEJBVms0U3lmZC1QcVJQbHE4ajNBUGZHTTVTbkNfOXlCQ3RGcDktQV83dFBtZ2MzSWF2d2daRl9XWDdNRU1jOVcteVJLcFhwbk4tUVM4ZlZjRjVGQ1FoSTQ5M3gtS1BwY2Y4dHJTd1Vsam9sbmExdHgwbFF4aGhvUndNd29ycnJJNG5NcS1rQQ?oc=5","Bloomberg","Global","1784069277000"
"Watch Fmr. Ambassador: Airpower Alone Won't Open Hormuz","https://news.google.com/rss/articles/CBMipAFBVV95cUxQNEtxekQzSmVsM0hXdThheEJYRXlNcjczSE5sZExWSTdJUDFySUhUMjZHQkNXclFJQldiSFRENTBSUDNGcDJIRVIzd2FCTDBUUmJENjgxUUdwUlpiODdoY0lyTlJ5X0FETXlIdllSZUdvRXFZS2ZFMmJXUnRxQWZuVWJCSmp1SXJoaEQ1V2laX2liVzJzWS0ydlZudTFmeGJRUnZCcw?oc=5","Bloomberg","Global","1784068815000"
"Iran Strikes on Kuwait Are the Worst Since June Airport Attack","https://news.google.com/rss/articles/CBMiswFBVV95cUxPR3RxSFVVeGdWOTNnM3QwLUo4eVF3RDh6WTFwOFNFckNWY1RDU0lVSE02NU5rZmJRamh6XzVOemliNm1tY3pkbVhZS3pPSWxyd3ZuRjVWQjk3MlZMR0FvdW9rWndVR21hUVg1WEM3eUxhazh2azFIUFdyTTdjbkdIT0o5ZUpfM1ItaEh1YnQ5S3pJbG9wLTZZWVZkX0ZZU1JBYmQ4U3UwOUhBZjZIZVJLemtqYw?oc=5","Bloomberg","Global","1784067511000"
"U.A.E. Rewarded With Coveted AI Chips for Supporting U.S. War in Iran","https://news.google.com/rss/articles/CBMid0FVX3lxTE5vMmhlQVRPQ1ROQmh3ejlOam1KUmJ0NzZvVmZTdEVnYTdwZlNWVHotdWE1b0JKeFBuX1NYVjlxV29QRXA4YmU4UWE1VUpBTmJaakhXS2hDVjIzNkFjMF9rX3U5Y1RlNWQ3SXpxTndPOU54QzFMMkZn?oc=5","The Wall Street Journal","US","1784070000000"
"Analysis: The Trump team’s worst predictions about the Iran war","https://news.google.com/rss/articles/CBMifEFVX3lxTE81c295T0VDVEJRWXhuX3NYXzJzMzhIOHlRTGxHUmp1Z0xDUElLemhKZGRPUGZHVmRwZG50T2dqWno2ck0wMm1LblE4NGVUVDVWRkMwbEdWTjlzS1ZlOGNzREI1QnZsazhSclpldDV1bmlLT2FfVmprN0pnZHM?oc=5","CNN","US","1784069866000"
"STRAIT STRIKES: US launches fresh Iran strikes as CENTCOM resumes naval blockade","https://news.google.com/rss/articles/CBMiVkFVX3lxTE9OOU1iZzdjZXpwRndoSGgySWdORENLYmdaWWdNOHJocG85elc0bjhKckRGT1R1OER6M0ZmZWN2eG0yYUZ3Y0Y5RzFGWTNzekhoUXItV0Vn?oc=5","Fox News","US","1784069544000"
"Trump says US will 'knock out' Iran's power plants and bridges next week — unless regime makes a deal","https://news.google.com/rss/articles/CBMi0AFBVV95cUxOYU41LWxDcDh4YWlMMVV0SHcycnZTNzB6aHVlMzZWMGJnS1hKbk92YUg1cHFmQVl3bEFWbDZnS0VZMmxPaU9pNEZHRDhLUHc4Tk13RnVzN2pHOUNSb25zZ2M4cHE5TGg0SnY3SkZPZzNyb3VydFd1QkJUdVdPd2R0VTc3aGJCektPMVpYenhpcU40ZVAxRjZVbktCNG9mTjltaW1oYmFmWHBWTy1YOWJ5TFp5cmRERWcxWWZpRXZwUnZSNDdxQVBSVXZxRWJfZ3BQ?oc=5","New York Post","US","1784068980000"
"Iranian Cyberattackers Tracked Phones of U.S. Military Personnel, Data Suggests","https://news.google.com/rss/articles/CBMiowFBVV95cUxOeEVnVmdJQ2FPLXA0OEllOS1QTFU4MDN6Q0ZJenVmaVhhVmk2OWlLOGdXVzRiUTR5ck5TX0x4WXBpM0F4eFdIc3RySkpCVWZWTkx2UUI4cjBMUHVUemU3M21YbTBqUHU3UzhFMVRYQ1I5YWtzYm4xanJ5R3ZWOGRoak15aXoyQV9lUUZ0N2RIaEIxd3lvTHhBTHNCaDgwWUt5NEFj?oc=5","The New York Times","US","1784068301000"
"President Trump vows to expand strikes until Iran makes deal: 'The only way to negotiate' with them is through strength","https://news.google.com/rss/articles/CBMiVkFVX3lxTE8tUWIyM3Y1Zndkd2Y3UHA2V3JCSmhrSElGcE92blBka2FISlBDU0NPWkxOWUtKcWFnQTkyZDRORWV0Y05WZTB0NHBZMkVRdnlpNExfUDl3?oc=5","Fox News","US","1784068158000"
"President Trump backs away from Strait of Hormuz fee","https://news.google.com/rss/articles/CBMiVkFVX3lxTE54VlJ1ZFRLcU1YblUzVXBXVlpHT2dxcXRuYjZ4TzFPVjE0SDJKMkJQNlRZV2h5VHQ4dXMzaHB4RjBlc19TUVlsOWEwZjVTZTB1czliam1B?oc=5","Fox News","US","1784067932000"
"WSJ Opinion: Trump Blockades Iran Again, While Saying the US Will Guard Hormuz - Video API","https://news.google.com/rss/articles/CBMioAFBVV95cUxPNnczdTJYSFVIeTZVWkVySC1zRGZHNHNzRXhueG9LcUNEM052RGRXNVhwMXNZcTkwTUFHOGhyaFRDLVJSUFhUaS05anJ1d1dYWUpyTjd4OExWQldOSFlhQzlwV3RPMFpfU1BtNU4zVUZySWNXbjBqSllQTXQxSWJzd2QwX1NOSXdOT252SDczbHRiX1RGd0lQTWlacUVKelhf?oc=5","The Wall Street Journal","US","1784067433000"
"Trump: Strikes on Iran to continue until 'I say it's enough'","https://news.google.com/rss/articles/CBMilwFBVV95cUxPb0Y2bFYzbTlJalF5cTlGYmtucFlfZ1VHblQtNFRnTDNjRm9uMzNTRUhBdEYxOTY3OGFvSkZJWVNBNXhZb1dJRVk4N1dQSXN5bUZ2dlFDcTNST29Md2M2MkMyVlRjU2VNWFRySF9tT2FqY21tQWRnd2RWMGJNejlpSUxobUdDcldPMmkxeGMwWm1ZVEtwa2ZJ?oc=5","DW","Europe","1784071553000"
"Watch Rep. Issa: Trump Will 'Finish The Job' On Iran","https://news.google.com/rss/articles/CBMingFBVV95cUxOUlJreGkwVVFaRE1ZT2lkeF8xZTJTbFNDWEwtRlMyNEVPdEtwNDFfdzRYWHhEN1lJN0ZBX2paMTBxMnN0MVhET0xsWTM0bFBFR290dTB6dUhva3lkUG5zR3V6U1IzbTlXXzRqQWFUbWM4TFdjR3BaNFFUbUFQWVdEUkNxSDhNVmxqbjdLUWZhaUQtaWpPYVA2UDMyZGJ5dw?oc=5","Bloomberg","Global","1784068330000"
"In Iran, Trump Has Found an Opponent He Cannot Easily Dominate","https://news.google.com/rss/articles/CBMidEFVX3lxTE5pOTJPQ3JUUVBBRmlaV19FNzdOdnJFeTJhMEhUa1FSVTRCSG8yZjhXak0zaGx6clJYX1MtbkJZTW80emp2LTRjYnd1Z3MyaGxEOFgwNVg5bmtNOGljd29NVVlYZmZBc2N6MjFJbUhtTzdvektN?oc=5","The New York Times","US","1784070098000"
"Top US commander in Mideast says Iran has attacked 7 commercial ships in past week","https://news.google.com/rss/articles/CBMixwFBVV95cUxQUXgtVGs4dUxfME94b3dIeko0NHhyWHI4U1laTzI3YjBQYk8xM2FtVW5jajdFOExFWExVbHBfQmFOU1o2RWxPTUFuME10bXIxYU54cjNJbmlDMjN2OXhWYk9xRjRvbHFfeTVDSHVqd0plRXFWc0JSc2FtWXE0dXkwWWlidlc5M1hwd3J6bUlmeDhEemNZNzVyeklqci1jVEs5eFlIWUVoQ3RIZVZjQmppMUUza2I0bGYzanQ1OG1GTTRuNzhjOGZN?oc=5","The Times of Israel","Israel","1784071560000"
"Iranian media: A few minutes ago, a location in the Dehloran county was targeted and struck by projectiles from the US military.","https://news.google.com/rss/articles/CBMibkFVX3lxTFBrQnVKRmpMdkhXdXJWYlJXajJNem1Kc1BQd1hvczR2Q1FWTEVWcy1HUmVBZG54UFZtUUdmYXVfYnZyV2pyWktBXzQybDlySDdRdzBnaTNlOVJGNnVvT3pZeHV2b3RIS2ZsQzhvNEFn?oc=5","CGTN","China","1784070593000"
"Iranian strikes cause 'massive' explosions in Kuwait, drones strike US military in Jordan - report","https://news.google.com/rss/articles/CBMiakFVX3lxTFBKbmhMR0owWWlwVDBWMlEyT2JrelVNejMwMXA3bmNpazI5c2RreGt4NWx0eGI3c2FBakhKaWQwMEJwb0dDRUF4eDd2eWtXMEtudjdJMGJWMndHTWFPNGMzOTl5ampWSDlQYlE?oc=5","The Jerusalem Post","Israel","1784070270000"
"Oil hits one-month high over Hormuz tensions","https://news.google.com/rss/articles/CBMiiAFBVV95cUxOYmFfcmtIZm1DcWJhX3V1OEFBeW1lTVhpanRYQ3dISkl0TGR3WHZqRFJVTTVJYVBEUGFURHB1c29MUGRoT2pmQ2c3UVhZMTdvUy1TREFqamVnT1RJeERmcWRzWlh0MXRtVjdaNDJoeTR6d2laTDlsdDB5M3lqVWZUTi1ndDF1dDQ00gGQAUFVX3lxTE9hdDFjbVVyRkN3TURYWWoyYldJUnB2TlVsMkpOSjcwc3VjSGhlQXNxcmZHaU9ISTVnNXhHNHFPbjRUQlcxN3BaTVlQWlZReXJ2dFNCdTVLV1JmNmJqMldqWTFzUU1FMTJtYW1KbWZDSVpZYzJKdDR6alBvdm1iUjNxVDBkLXRWSGNGRkJ4US1LbQ?oc=5","The Express Tribune","Pakistan","1784070225000"
"Trump threatens strikes on Iran's power plants, bridges next week if no deal","https://news.google.com/rss/articles/CBMibkFVX3lxTE5sa2dJbXY2LWd3VVJ6R0h0VGoySXFjcnJfQXpwTHJvWU96LXlZZWxiSjlNR0liVkEwMWNVWC1jUUhjZWFrMjVKZjB6Sk14OW1LQUNZMUJtMWNxNjVnLWN0dTBEdXliV2lyMzUtRFhB?oc=5","CGTN","China","1784070075000"
"Urgent: Trump threatens strikes on Iran's power plants, bridges next week if no deal","https://news.google.com/rss/articles/CBMijgFBVV95cUxOa3hjbV91SGNsTjBMQXdzdkJ0S04xWlRna0gtSWdQckFYR0d6SXB1Mi1tVVk0LTZXYmFCclV6NkcyNDl5a0FGMGczbGFsWnJCb2Q2WTNFTm13MUdvd1RpdW9pNnlsMWFsOXN0ZHBKZlRTc0p6SjBJQVFMcGlMZlRlQzBBUk5RWHJ1YWR2NUZ3?oc=5","Xinhua","China","1784069175000"
"Iran war art instillation mocking Donald Trump appears in National Mall","https://news.google.com/rss/articles/CBMiX0FVX3lxTE5TZWtUZEVsaVg5QjZoaXpvczBpcGpsRHNWQlVTa2QyVzdpZFMyMTNCcDdCVEtBVUlkQXNLeXg2U1dEczFTLWt3ZGdHdHZBR20xVjY5RWJhZG5CUE1XT25v?oc=5","The Jerusalem Post","Israel","1784073215000"
"Trump backs down from Hormuz transit fee","https://news.google.com/rss/articles/CBMigwFBVV95cUxOT1YzMHJXaldOVmdlYmRDRjNJaVl5eDZBZlZJZ1BkeFBqV2dra1Q5ZDVCU2Y2cnZvWkEzVzFVNjJXSVAxcVE5R0k0c3FFUzU3M29PbWluU3ZxeHZJN0VFVjNNM2NPNVBpY0VFb2JzVW1xNEpnUHNpS3BpMFUwTmVzWF9TRdIBiwFBVV95cUxObjQxcVZzTkVFWUdSaGVYcXFJcVc1WGQ3TkFSRGxuZmh1YU15R2c3MTViZnQ2Q2drY3F1RGpUeEhrSm8yREtEcTQzQ3o4NFFocDg0eVBUOFNNNERHX09xYU83MTRhRUFBbWtHNWk1M1hqc3RhLV9aQ0toMFQ2X3ZyZWttMTFfNjhhOXI0?oc=5","The Express Tribune","Pakistan","1784072971000"
"UK summons senior Iranian diplomat over alleged proxy attacks in Europe","https://news.google.com/rss/articles/CBMiswFBVV95cUxOUlNuaDJVZGJwT3hkUHlFT3J6cjMtZkpOSnRhempJWEdUdWw4WFgyZzRQYVRydVRoNnprcDJvdW15QXFtZmFzU0RWUVU3NERYc29XSm9yWURSNmxpUXhmTVlZTlRGUnRvMndyQnFacVNyQnRGY01USWF6M096S2hlV2ZhenZDYUwya3d0SU04bzI4R0RoTTNiZDhybnFRVXpMcXN3YlFDYXAwSkdGbzVRcW92WQ?oc=5","Reuters","Global","1784073015000"
"Blockade gegen Iran bleibt - Reuters","https://news.google.com/rss/articles/CBMiowFBVV95cUxQUGtWNk1XRlpwUjR3Wm0taHhfdzZEVm55OGNoWHREZ2tVUExmRkNRUTFkZWJLVWZISWdoZzd4MkxveVdubmMybzNVU0hxRTJ6SDF5NHFZYnZMRXlLMGg0Q0NQMnBhWkZZcnZSNERyUWQ5UGp3RTNVVnBiVU5qZWhMNC1IUVRZUTVpc0FlMkNTVmZrbHFGQklxSHo5bUduMzZuemww?oc=5","Reuters","Global","1784071259000"
"US targets Iran shipping network with new sanctions","https://news.google.com/rss/articles/CBMiqAFBVV95cUxQR0oxN3ZYTU5rem94cjVTWkZCd3VvT0ZINWM4dzlOY1ZDd3ZfLWE3aVljMVBiU3FGVGxWbG9vNnFIWEFoZ2ZlaUpiQWF3UkxPYmpFNkhZM05HNkg5WlZNTzZBd2pETnlBbWRNQ3RLdWw0RzBlTWhsM1pRaVkzamF4c0E0YjhFeTk5WWNYUF91VzdMZ09FUm4tUENQNHpCb25UaERtZ2R6WkU?oc=5","Reuters","Global","1784071099000"
"Trump again threatens to strike Iran’s power plants amid impasse over strait of Hormuz","https://news.google.com/rss/articles/CBMiogFBVV95cUxPcDBTaDhYU3lKaWhXTTFDZ0RaZjVaVFg5WHpfZGNNcWdjdXl3cHRCTklGVmM2MDhzUC1WLWdGVVVLVzZ0UkpCTDZmbF9oeF9wSmZlbkhsTkRPak9EVTk0RGtta1ZRSTA2VHp3Y2c3RmRPVUlZOXFmOUU2Nnoydjl0dWlYUzd2SEdfeldJQUZnV3BBWUM3Wl9yUUZTRXlyampBWXc?oc=5","The Guardian","UK","1784073540000"
"Oil Rises Amid Iran’s Attacks on Shipping in Strait of Hormuz","https://news.google.com/rss/articles/CBMiuAFBVV95cUxONTA4aWdvd0F5d0ZUbGo3T2Rnd184NjlqWjYxU0RoRk1pWFQyWjE4TWstd0N1YW9MVDlIdkxHUkRkVXBoMmZDTk9WN1lfUDl6YzhnSkFWeWYtSDZ3SlVwR3EtWEk2Q0FJTFBNSk9OanNYSWpCNTUxQ21McndXX0p0Y093MWhUX05YTGNxYXNPVmJqRHNnOUI0S3NRc2JySEs4cERwd3Fpb0FYVVFldjFHMW5JY0dzWVdO?oc=5","The Wall Street Journal","US","1784073300000"
"Trump does about-face after vowing 20% cargo charge in Strait, doesn't rule out ground troops in Iran","https://news.google.com/rss/articles/CBMioAFBVV95cUxPbDgydnhPZkE5NWg1RU02Q0hyZmFva0dqb04wS2dCMzgxZ3JBNTNlTkxEOEZWaVJSMHF2S2JGRHpobHljbnZOa29meDVfTkNPOU1PRTY2UDNKUVp1NTR2SkJXZWhsYzhRQkdLbU5vRVM5d196dmFPWEdpRkgxOVkyQmdsdUo0WlVRVGdZNGp5SEx4U2cyYXFKeElBeG9pd1c5?oc=5","CNN","US","1784073229000"
"Trump threatens to expand strikes on Iran, says power plants are next to go: 'Hit them hard'","https://news.google.com/rss/articles/CBMiqAFBVV95cUxQaGFxclJlUTYwbzBqZzI0NExuVldtMm5iajBHeWZKaGU2eGpPTGFoZGt4MHpMa2ZYdDllMlF2Z203amZFdDhDR19ieVl4UGhWdllzLTMyOU85RkVmMVRQWTRRZ2dqWGJVUDNCQTFJM3RlVHplWENCcFpTLVZmaGs0WlpvVFppcVotby1Wb3JPV3JoQi1LR1dKY1R5Vm5Pc1NTLTJic0NYNDDSAa4BQVVfeXFMTkJVN01fRk42SDRYUHZoZDFTUXpYcDZFMWlfUDRRUjM3cmJkT3VRMkduaGtNUzVjNng1UDdkeEhxQ2x2aWU5d1ZtQ0x2LTJwRDBSVDRSYThURHFqcTIyU2pQY3FkWHBJaFpXbG45OWRZQmpSakg2QmpXLUpBZkFjcjV0YnJJdlBqOVdwemdmV3pRYmxrWmlVTjVaWnNaQ09UU3lsUFBxRzItQlpfMWVR?oc=5","Fox News","US","1784073078000"
"Iran will ‘cry uncle’ from new naval blockade, Medal of Honor recipient says","https://news.google.com/rss/articles/CBMiVkFVX3lxTE0tVE8tMFB1cUNyTnk2QkpZb0w1aWFRVjRUQy1RY0pKbV9qbG5XUWgtT1JrRHMtbk8ycDg4aXhLRVROOUpHSlV2d1hLa0VjUDQwUUFaYU5B?oc=5","Fox News","US","1784072875000"
"Iran's been playing this game for decades, Brett Velicovich says","https://news.google.com/rss/articles/CBMiVkFVX3lxTE1faVMxYUxSZXYyQXU2THBKTzR1ajNnd2E2d2pBaS11SjB5aVJVd0xueFZDRmhmYThZNldzMHo1Vktxc3JqN3ZzYm5WUjJsOF90ZDdmb0xR?oc=5","Fox News","US","1784072163000"
"The US State Department: Imposing sanctions on more than 50 individuals and entities enables the Iranian regime to continue making profits while the people suffer","https://news.google.com/rss/articles/CBMibkFVX3lxTE5oeEc0b2dlUGJNeW1XUlMyTi1KaFd3dlZNTkEzZ0xvb2FtYmliNWtWVDZTZ2ZFdWFLX2RJTU0za1d1R3E5UEE0LXo2SF9FR2RGVXlZVXRtZlE4c2VFV0xDcDNtWmplUV9oczJNdVdB?oc=5","CGTN","China","1784072443000"