headline,link,source,region,published_at
"Controlling Hormuz Would Take More U.S. Troops—and Even More Risk","https://news.google.com/rss/articles/CBMirwFBVV95cUxQSlM2bHd4czNZOVZ1aGJZcGRJaTRwaGdFNjBBYjdBUDg1akRWVV8wclNsenZCSHJpdWwtZWxSUW1ZMkdyQ2k1dnNKekdBSnZCd1FsRmlwSHd1Nm10OFRCbWpmamh6aE13Mkh2cEdKbVprbnl5T2gyUl9XNFZqYkFXWlNnZm0xTmpJaXlmLUhYNzdXRnZZb2pob2pQV2RHM2xycjdOdDNvMlFnbXNlM3Jj?oc=5","The Wall Street Journal","US","1784160000000"
"IEA Boss Warns Global Economy in Peril If Hormuz Crisis Persists","https://news.google.com/rss/articles/CBMitgFBVV95cUxOMTN4MnVpb2NCWGNlN0hnVE5XekFMMHZ0c3JqZTdGQjJ6VmJWcVRGM254VG00Y083TUdZNHQ2Nkp0Ulc0ek1aWFhCVUc4U2I5UHBEa1lJeXVGMjY5NGxjSDlsbkE0bVVHa1ktU1dJbFpZc0Zzd2dQSDZ6YXZlR0hxNFFMWWM4X2FpcHpPOUNHTHlIOE5JeGpvTlFsLTlFd1o3dGNSVmpkTnJweVhaTGM3cTNPV01OQQ?oc=5","Bloomberg","Global","1784160300000"
"Trump says Iran has released US citizen detained since 2024","https://news.google.com/rss/articles/CBMijAFBVV95cUxObC1HNy1pVDhVM3gyOHowOFFXNThZR1U3RUNEVTRRVjdkT0pfeHNmWjlYVmVJdVhnVE55TWswcnFMVWhXTEJxVjlPRjh6RFZnYjlaV2R6RzBORWJBbDljbEVLM1BHV1czd1E2bHRocFYtR0tIU0xIREVoQzhHdWY2SHFfaThmM0o0SG94cw?oc=5","The Guardian","UK","1784161620000"
"Gold steady despite US-Iran tensions","https://news.google.com/rss/articles/CBMifkFVX3lxTE8wRUxCenlob3ZiRmF3R1VqeWpoSGZvXzZiU2ZnX3I5S3l4S1R6OFQ4enNaQ1hYTFF5Sy0wdk9ZYUxhT3dic1pUdGp0ejctYmZxNllIcTlmamNWYUV1ajZwUFFsT19adG9EV3AyNjBKUHFseWduUzg5aHZUWlJGd9IBhgFBVV95cUxNZ1FSZWlhOXNwVHNRbHgzMzRPWjNHclRsaEQ1SnZqTklKX21ZTWlWNzdYNERYODJSLUdmQ1c4emN3Ul8yMWZTTjJWZTQ1dWFXMktoU1BrTWo1RFN3RE5XRmRXVmZhbU9id1lXZnlNeXFkZ21rWU1DWTRrVGRIVU51cF9HbTlhQQ?oc=5","The Express Tribune","Pakistan","1784163406000"
"Analyst: Strait of Hormuz remains at the center of US-Iran confrontation","https://news.google.com/rss/articles/CBMiyAFBVV95cUxOeFJqb0RzalFIdVNJb2JFNFctSGdxUUtUSl9FOGxvdzV2dml3NWF6SmNqdTAxSDhuUTZ4MHN6dnV4b2U5UTVDZzhxLXFHT05ERGE3YlJ0ZWMzNTVsSm9fSXJiczNKQ0I0aHFQczU2VXB3c1hvcG1keTRuSmRVZXZpNzRseXR6cGpxRnlGUTJ5aGVCcTNjV01IUDJIbEJ0OHB6TzFVbTZiREZTRWFfNmFnMC1tQ3JqbF90d2lxVXR0c09Mdmg5cTRDLQ?oc=5","Press TV","Iran","1784162160000"
"Flash: Air defence activated in Iran to counter threats: media","https://news.google.com/rss/articles/CBMie0FVX3lxTE5qVlhUVUxQV0pGdFc5a2YxNy1PQzJQMjh0Nlpiel9WSmV0UmNNRFNHcDRveWJqeWxLQWIzLW1OOU1VUWtQTWxZY2dVOF9BRGtCczlId0V2dTFTdU1PMF9ZeGtYemtwbGVKYVRTTi1JdjUzNkxaWnJGTmV2VQ?oc=5","Xinhua","China","1784162100000"
"US Strikes Continue in Iran, Kevin Warsh Testifies, More","https://news.google.com/rss/articles/CBMipAFBVV95cUxPaHU5Sm5ocm9xZ3ZZUk44VzZxLUFpY3k1QUkyVkEtVnE4OFZCNmI3WDVWQXdkOWJ3SERWeW9qa2Q0b2FmTFZhSEJKYklETTZIYVNjTEJFanU4c3BRcDZCMG5xc2Uxb0I4aFkzeWNnNlg0U0hacUhtTldXa3VHQWJXR0p0Ymo2TzNaMm4wRWpFYzJnaU80SWZqZFR3UmNLNTNxVk82Tw?oc=5","Bloomberg","Global","1784163754000"
"South Korea raises rates to battle inflation pressure from Iran war","https://news.google.com/rss/articles/CBMicEFVX3lxTE9aME1pN0w2LTBYd1BwZnRPeHBpbC0zR0stRWxtREV1U0hiSVRVdHFjYXV1NlYtOFNOZ3FyRUtRZGIzTC1iTnAyUjZOSmdxMG5lRFNCcnp6dHFMRFlNRWdKN0g2SUNfdDltazFtNE9rdGk?oc=5","Financial Times","Global","1784163506000"
"US will not win Iran war from the air, Donald Trump’s ex-defence chief warns","https://news.google.com/rss/articles/CBMicEFVX3lxTE1CWjFQZ2lJTVdnV2pyRU9odk5BdzNwOElhSTM3d1ZDSjFXYmx2cU9VMjdleDVQYmo5b1U0QmxDdXgtVVAxSm8yejBtQjZ3NHZ1YmJzajJCNFhCQUpndk9WQUQ5eXhpMm8wWVE5NFV6Mi0?oc=5","Financial Times","Global","1784162804000"
"Trump says Iran has freed a detained US citizen","https://news.google.com/rss/articles/CBMivgFBVV95cUxNNWkyQ2lSQ25sQUlfempmai14QkU4WEo2RXV3MnpZeTFPMXNjTzhneE1lbEowYTM1R3F3cERwa2VwdlViRFgteG5fUS1qc2VDWXM1Z3lSOUJ6VGxkT05rcVE4aUZWLXR5a1lfYmlpX1c2SFZaT2JLRGFSUUFPWXR2cnRreGxWSUdBWVZIN3BFUEdmOTZTZUhxRkhaMGpOMjRuNEZ2emhTdUdxZnpfcVBZU2NzX2pDam0tdVg5cGlB?oc=5","Le Monde","Europe","1784162606000"
"Oil prices rise for 4th day as US strikes on Iran raise fears of wider conflict","https://news.google.com/rss/articles/CBMiugFBVV95cUxNZ09hT2dSaHFGQjJ2ckhSbUVfdGhGdVZYLXA4SGZ2ZWJCNTlkQU1LN2pYdURFX2F1QTFhNnVCMzZjMklKRXowdnF1YjdXSDR2TGVHMjBSb21pT1JmT3ZuNTNEWktLd3FZNlFHV29fVDhmTElfVXUxOWs0RDdWUHg2Qkt0QXJpMTgxUm02a08yOVBxRTJTOUhiSkVtQXBKclFWQUppMThudWFvV3dXejYyN3BBMzhiM2JKUXc?oc=5","Reuters","Global","1784162580000"
"UK bans support for IRGC","https://news.google.com/rss/articles/CBMicEFVX3lxTFBTaEpUQkEzYUlIaWFWMGtFQVpON1E3Z1hHZ1otWElKdERXRTlUZ3RhazQ5aUlUMTA3MXNPV1dfZDBjNFRFUmZYWmVISHJBbllMMktfaW1UalNIODBqOFMxaS1Kdk41YjFiRU93LWhLSEk?oc=5","Financial Times","Global","1784161865000"
"Iran's military being 'neutered' as US enforces blockade: Former CENTCOM leader","https://news.google.com/rss/articles/CBMiVkFVX3lxTE16SW1RSDFzUFhIMU4zSGwtSVdUX0IyVE42aGh0cFVQU0UxN191NmtvZ3lSSFZuM3J3WHVxc2NGMDdhM1hFdGlyUVJFbGdyQ2RTOThmQkJB?oc=5","Fox News","US","1784161957000"
"Trump says Iran has released an American woman detained since 2024","https://news.google.com/rss/articles/CBMibEFVX3lxTE5RZGNuaXpUb2FYckFoRVFRZEtXSmFBWExseXFST3Jxd2ZFekFZWkdjeGo5bnN4MzRfakRLQklQZ2xWdnZ5aERmUk55UWQ3eE5KM0dCa2R2UzFiX3B0ZlVmQkhJZVZwTWpaWlVmeQ?oc=5","CNN","US","1784164957000"
"Dena Karari: Trump says Iran has released American woman detained since 2024","https://news.google.com/rss/articles/CBMiiwFBVV95cUxOLU55Y2d0UEVhZ3d6VHlxd1NzSjFUeHJCRGNlRlhFeUhZUnNFbEtod2hEc3JzaFdPZDRpSW1xeHgtcVVnVlJsY2o2NWFDUUxya0tza1NFOTgzYWMxaGFGdU9TdERvQ3plTnBSU2FKSWVRQzk5amtabzVndWVZc2tuak9hMXBQR2pPSkRV?oc=5","CNN","US","1784164920000"
"Trump said leaning toward expanding military offensive against Iran, which he warns ‘better behave’","https://news.google.com/rss/articles/CBMixgFBVV95cUxNREtONF90Ry00THE1QW1uUHh4eDlCeHVsNUJDRktteHZueEZvWEpvWk9xS0R6NXNhb2NLUmtjdlZ1ZVBhZ2o4dTExbjRuSmg2ZW0wMU1Xal9hdmJlUTJ2VXY0MVM1aHlKUGJvTkEyUW1zbWo3STNiR1lYeDRadEZKOUplQTRsQWVDLXlPRWJvMUJ1Tl9LeUZtZWx6bUc5eFpicEdSZ2pDMDY3ekJES3NSS1pRaDBuajhZRUk2Y0hHV0MzelZMb3fSAcsBQVVfeXFMTlJzYXg3N3BhZ1UzdEFOTDI2bVUyZTRWLWRVOUtyWC16S05FZlVQaXdRaFpPcFhucHI5U3NhSGJ2MC1NaUxvVG9vbmdUc2hOVnNwRXlYd0lMMUJhMlNJNWw1c1Ywc0xLb2FaeDhvYWxSMUNCdndQdUFPc0U2ZzRXYlRHTFJkNzdWVE5xaXRGWUxKSzZwNHZqai1idkpTZG1FQ2JjeWJfRHhYeG14WllhMklFejNDOU0zd2g4LXlSVnBvV3lqQ3Y5RHQ3ME0?oc=5","The Times of Israel","Israel","1784164938000"
"Air defenses activated in Tehran, northern and western Iran — state media","https://news.google.com/rss/articles/CBMitwFBVV95cUxOWFVfUEdFTjh6VDJZclVSa0ZzcHdjaXpoX1FMRXpERHhPV3ZmaFpXc1BvRzhxZDJDREtWZXRodzhyUGxpTnpmMThBTGRfa0NfZWpPeXRQYXBYeUxVaXE2RDhvVEdHa1ZHQ0JneU9YUWlaLXF1NUhnUWVPMU80UVhiQnJSNU9uX3lyQ0dheDJlWFQ2ZUVtcG50X3VOaFJHZ00tMHV1a0Qwa25WeGY5a0tGOV9ldHBrQWM?oc=5","The Times of Israel","Israel","1784167025000"
"Iran’s Curious Choice of Targets","https://news.google.com/rss/articles/CBMickFVX3lxTE5BWFloMVVBNlM4eG9rcFZTQ1ppRGxGNlFFSngwa09lOFZXMDdJVnFlZEVDMzI1bzMycVU1clVmdURjeWhfZEJ5UWx4cV9PN1NGYkJQSnc2ZmZjV0RrT1o4Zk9VeWRQNEgxVUxyNnF1ekZoQQ?oc=5","The Times of Israel","Israel","1784166480000"
"Iranian doctor says US strike damaged children’s cancer hospital","https://news.google.com/rss/articles/CBMihgFBVV95cUxNUTJBX194Vjl3ZmZsakl6bEhaSnFFdFRQQkROdzRQTkMxS0steUxVd2ZKOXdSWlhtZDFUUG53Tkc4S1hhVndYdzdaUWZ5akJUQkQ2TEdlT1UxYlU0TmRyTGQ5TVdBUVB0UTlobzlrc1kzYUNRY0dhSWljMHBNelZjaEtjeUZid9IBiwFBVV95cUxQeGh0c3RIQVNqdTBld2ppbkt2eWFHd0xqVlZrSVN1UG1nQUhaOFhfODZKTS1EcUdDd2VYTkNjb3E5bjJhbU5hOGNPWWJhUHBQMFNUVXRBQ3RJSk9maDF6N3RPeXZxWTBuT3JPbFV6b2djMHM0RGt3eGItci1CQWR3a1BwQmc2M1VBanZv?oc=5","Al Jazeera","Arab","1784166022000"
"Vance tells Joe Rogan some Israeli leaders want Iran war to go on ‘indefinitely’","https://news.google.com/rss/articles/CBMirwFBVV95cUxQbURLZ1puXzhUbnp5aGhOZTJuVHVCMTFYQk9JSXo0MmxuclY2OEdjTDVPS0ZOVDc3Vk9zQnFvRkpmSUdEWDBHbTNtYnVtNHRWVmdkdWVQU1d6ZUJLQzFvZ0dDSzlpc3ljdU9jZUlvcGZ1S1VyNEtpbkVrSWw5d0xOc0YzbGZXcnB0ZmU1V3liOG56eTU4a2E0aHJXM0RiZjFUWWQwb2QxVlI0b0JDQXhj?oc=5","The Independent","UK","1784167560000"
"Trump says Iran released American woman held since 2024 in 'gesture of goodwill'","https://news.google.com/rss/articles/CBMioAFBVV95cUxPN0VwZFZZTWpzYWM0eEFUMWwwVHJrNUpQVEdHaUI1NFF4ZmI2cklJRFJPekpsME9qcXZRWXh3TEFOWFlaeWtmQUhuQjUxc2I2bG8tZTQ4ZktHLWlhVXJJQzZwOWtockNaNExtT0RVLV91NTduYk5iWDN3NEpPWmxIZjdaOTBONGNuelZHYmM5X2kwbVVzaF9RSkNlMndMNDls?oc=5","Fox News","US","1784167208000"
"Pressure campaign: US blockade and airstrikes tighten the screws on Iran","https://news.google.com/rss/articles/CBMiVkFVX3lxTE9mSjA2RGdoMjhMNzE2aHhKU1B0ZHIwc1FkaTRGWmZkb1E3cDNyVmxFTHFXeW9IX0FUbm5XdXcwMnAzc1JxR2pBbEJLZ0lPaThDTmZCanJ3?oc=5","Fox News","US","1784166542000"
"Iranian American Woman Held in Iran on Spying Charges Is Released","https://news.google.com/rss/articles/CBMijgFBVV95cUxOYUxBaWhCNjhvZEJmZERfY0xzV2RoTmRGZzJva3V4cllWVjVVTFhTOGRmeV9NaTF6bExyU0xST3FfRHJ6ckM0aGpSZmZVYmtMeU9ibHNULV80WnBtM2czMGhURlcxSDlDMXNuYnU3TnBocGY3UUtjSmZaQ1NkX3BreEdKNjR6YjhYcmRqdHpB?oc=5","The New York Times","US","1784166360000"
"Trump says Iran released US citizen in ‘gesture of goodwill’ amid conflict","https://news.google.com/rss/articles/CBMimgFBVV95cUxPandtTll4dEtYNHNMcjJfSUdYeURKUFZKQk1pMzZSdE1JVTVnUlhIclI5OHZxOTl3VkRtRW5fM2thQUl6elN5YmRnX090Y2s4LXZVbjdPdEhFZXM5MXp5RHJFcndhRzlTTEZTM21KRDhVV2tGMWZPNVJ6bFp3TzNnQ0JQNUVIUy1vT1lZb3hlVGVNR0U3NkZrSFJn?oc=5","The Independent","UK","1784165520000"
"Trump says Iran released 'wrongfully detained' American citizen","https://news.google.com/rss/articles/CBMiqwFBVV95cUxQZDdhc3d4R1g0MmUtV1ZrSER0MWVTYWxkdlU0S0RnNTFJb01LRzVvcUpwS2hWUnhvb3BsNEk4SE1yQUxTbTNfNHhCMHFOcGRzVXlfR0l1SUFRbXkyTkszQ1RIdkxxc0g5eEd5ZHB5a2lYYzJrd3RzMm80dmw5ZHNJSlVKNi1tRDNDTkVBZFJ0OWFDa2dhcDNtTUFjZThESTJmVWFqTWtETTFnXzg?oc=5","France 24","Europe","1784168416000"
"US military says it completed latest strikes on Iran, targets included Bandar Abbas","https://news.google.com/rss/articles/CBMizgFBVV95cUxPcm1DZ002b2p4eXVXWGJheThfVE05elZjcGw2MUZ0WWNPZ0JudzZ3dkRXTlF1elByVnpiSy15V1JvOUhuTEVVcXBOVlRCTzZWbUJfdVhWRXE1dUs1MVN0UC1PemhmUEhOQWVMcVpJUXgyLUJCNEYta3FhNFBEN1RxeWczV2VHRV8yd24tbWE1cW1vQU45cmJ6Nzg0b3ctc0xuWFBzU1oxTlBlM2l1cE5oTHFXa2ZobXhzRUppUTFDblB3aE1vVDFzUUlCU3MxQQ?oc=5","Reuters","Global","1784168280000"
"Trump says Iran released American woman held since 2024 in 'gesture of goodwill'","https://news.google.com/rss/articles/CBMioAFBVV95cUxPN0VwZFZZTWpzYWM0eEFUMWwwVHJrNUpQVEdHaUI1NFF4ZmI2cklJRFJPekpsME9qcXZRWXh3TEFOWFlaeWtmQUhuQjUxc2I2bG8tZTQ4ZktHLWlhVXJJQzZwOWtockNaNExtT0RVLV91NTduYk5iWDN3NEpPWmxIZjdaOTBONGNuelZHYmM5X2kwbVVzaF9RSkNlMndMNDls0gGmAUFVX3lxTE1xR1Zld1hpcEhoZmNZckZvTmhfVEF4MjRxM1FqQ1JuUW9sZ1M1M1FacEtvSDk4aldONmNWMll6N2dHc29teXZzOWRVWGJUYTU4VlZTcUZuMll3Yi1KWkx1VXEtMGpZOWFEM3JaV2JpeHZjQ0lQd0pGSk1ZTnozOWxOQllub00xU25QVWlhenZYckNiTktrVC01cEpuSE02eEw3eEVzd1E?oc=5","Fox News","US","1784167208000"
"Flash: Iranian army targeted U.S. military systems, fuel facilities at Jordan base: state media","https://news.google.com/rss/articles/CBMifEFVX3lxTE5jTFduR3lEM3RVTGhYSEdHcENHdWd0UkVKeVNONDlnQl83S0wwS1dNR1ExeXpvNFJQRUloQmhVSDdLd01xdDl3TXhkYkk2SWlpNGJiT3Mtb0dWZ3Y5cXhuSDNMSGp3eUhyLVVlNjQ3Rnc0UFpnNWpma1k5MHo?oc=5","Xinhua","China","1784168730000"
"Trump says Iran released U.S. citizen detained since 2024","https://news.google.com/rss/articles/CBMijgFBVV95cUxOcS1xdW1JQlhRWlpFUFlyc2RVSlVtX3lDYTM4RnFzem9YdEVvYVdMUHQweWxwY1BMcHVVakEySXlfbWxEUjFsUHlsa3FSS2kzMmd6MF9JYkNmU2NWREJ4UUxvT0xOaTg4SVd3M1ZBaTZ2M1U2QnI4MXM4bm02SWJpUzgtMHhfa2hxTFFWNmR3?oc=5","Xinhua","China","1784168385000"
"Iran launches strikes on Gulf, even as FM visits Qatar","https://news.google.com/rss/articles/CBMiugFBVV95cUxQNUN6a09ubUNDT0xKQVZhYzZfVGlFb0V2YWx3QlVKMTJJQjZ4czh2MjBUYnhHWUdhR2lmNXYtdVJEQUVBUzFEN1dpWmozeWxIakttVHRYZjB1MUE1WmNlSERkMEh3ckVLcURUYzhYZG9xSGhQZFZDejlWMWZqSk5WWHprWUtPSGstdks2dmQxWFB1QkpUdnpWS0ZRODM2TE9XOWRBLUo2SUhSRnlTNm9MdUhpaFhKS1dtYXfSAb8BQVVfeXFMTWV5U3F5NFBHWEY1X0Y1dFRmbkdoSnk1N2NMQnZ4VXpIdUVQZ1BZb2wxWGg1cmR2MHlGbDZUcVJTYVdKRGtzVlBYMUVaN0E3ZUpFVnJjdS1fZUV1cHRQNmtaOExmMDZIbENaSmNyN3lYc2Q2OUp1RWxnZlhiSXZPQWxuREtacDcxVm1zZkFRRDBJV0owY0NocGtiR0pXM0NzZmoyVGVuT1F0Q05tR0ZBeGdyUVFDTVJuaFNGYlFpb2M?oc=5","Al Jazeera","Arab","1784167941000"
"Iran summons British envoy over designating IRGC as national security threat","https://news.google.com/rss/articles/CBMifEFVX3lxTFBlTUp3UWlHTlppUlNRc2FWZ3hub1loMDFYTXFvcGZwZnhHR055ZElTcFlKMENSRjU5b0VJS3Q1R2JFTVFPTzVnSG1VbG9zSXZlcUZ6YWtMSExjd214Wm54Y2NKSmxRcGxBNHMyNlVFeUNvYlFJeWJmaXE1QXY?oc=5","Xinhua","China","1784167650000"
"US launches new strikes as Iran warns of existential war","https://news.google.com/rss/articles/CBMilAFBVV95cUxPWXZhdlhJSHdMTE1UOElfVTF3SjNDTlpWZll3NkdCVk4ycWhYbkE5RXI2T3VsOGZGemUzczNQZUhkTnBLc3k4U3Z3MHFfQWw4SWFVVWFZckt2SlprX3hVOUQ0czlYcVVyRmNvQVlGSnJNQUdKZ1IzOGp1Q1d3NFZpVVJEcnVCdWZtUzNFWkVieXJGNVZB?oc=5","Dawn","Pakistan","1784167051000"
"Inside Iran’s landmark Sana'a flight that broke Saudi siege on Yemen","https://news.google.com/rss/articles/CBMiwgFBVV95cUxQR3dHMjQ3Q0QtV0NPZUlXZm1RWlRSSm96Y1BRQndzNHI0S3kzazQtM3ZNcC13NnYwYl9rcGlyWEh5SWlhNUtBaXNPSVZkOS11Mjl1c0VfeHFFYkVHUF92VWJ6OTBhNlB0aE51TkhOWjF3SkhiS1J2dVpDVzVXbHV3SjVVd3pnMkV0NFVlODk2OVJIVkxUQ2VKTkY5OE1iWnA0eGgwQUJmanM0NzE3ZE81N3hJdkR5UzRjUXpIMEJKR1ZZdw?oc=5","Press TV","Iran","1784170740000"
"Iran’s Armed Forces strike US targets with missiles, drones amid warning of expanding retaliation","https://news.google.com/rss/articles/CBMitgFBVV95cUxQeHhyVzBkU2R6ZVpVbEY3T015cG44dTJnTF9wRk1VZ3lhMnEtSHE0Z25BZGZyNVN3RTBmcnlDYmVCZVgyRWhxQU9pMFNRZUNnbFBVNmpjVG9HaWY4R1ZkZlpMd2hOeDlnYVg4RGpZNnRKdWxFWHlaNk1UY3B2cDhnaHF1TF90WW5QMlNzOS16d0w0ZkRHRG1HTjBEeEVYYUlSeXdRbU9rNVRSenNMUWhrMEVHcFpnUQ?oc=5","Press TV","Iran","1784170380000"
"Iranian army says it launched drone attack on US military sites in Jordan","https://news.google.com/rss/articles/CBMiuwFBVV95cUxQUzBTbjh0VzNrZVhNT3RnV0ZLbnRpd2hyU3VtQ1F5a1BQcFl6WHJGdEJkZFI5Yk5VblJLbnByNURkVWhxSzBfYUNyeExwalFSenQ2b3lzcjMzSEVkME1SQS11UElhQWprSHNiUXFLbjRsT1ZWMkoySXZpTTZ5OGN5Wi1pM1A5eDVpTzhBZ0xDd3owbUZjSmxjUk9FTHJTaFluc3U4XzEyUnhnQkRvNzhaaWxyYlJ1LXl3TTgw?oc=5","The Times of Israel","Israel","1784169725000"
"Fewer vessels travel through Hormuz as US, Iran continue strikes","https://news.google.com/rss/articles/CBMingFBVV95cUxQMzh1YklXNUd2dERPN0d0VjBFeW5XdmxJUmRIbHhueV9zVFZ2NUtSY3NTOTlrZFY1SFVreW5IdEpLSlJWbG80VHVITkQ0WGQ5UnlyYVNaNm41a3JUUWl4bVZhMUNydlkyZU0zZjhCNWd4R1J2bV9udk9LelNFb05haHItc2VUWTU3UnU4Q2xOQ0V0Nm9wbFM5YmpTYmc1dw?oc=5","Dawn","Pakistan","1784168975000"
"Trump says Iran released U.S. citizen detained since 2024","https://news.google.com/rss/articles/CBMifEFVX3lxTE9xaElZdjM1UG8zNVhSYmVuci1CcU5INVppd2Y3aXFUdi1aSkppWURrUmdmcFBZNkJSX1VURGg5dy1oeHpSLVI4SmF5SEttSFAzNmNVeWpobFpnTFRpV2FITmptMFhnMThndlpqOXRiNmVKTGw3WkVLTkJNLXQ?oc=5","Xinhua","China","1784168385000"
"US military says it completed its latest wave of strikes on Iran","https://news.google.com/rss/articles/CBMinwFBVV95cUxPSFJEZ255UTdrT0ZJZ3h4UnlNMG00RFNLVDJpVVNhNXNKYXppcHRCM2lvT3o2MFZCeFZsam9oUzRVSEoweXpuWENXTmpSRmZzTXZseU1GbTFONWNsRW9MemxPV054YWdlOUVfUkkyYkZBMTQ0YklUbEtUc1ktek90a3Y2VmpENEY3NXRUWDdReFdGVU9WSW5WWGQ2a1BxeGs?oc=5","Dawn","Pakistan","1784167887000"
"Strait of Hormuz: Iran Risks Overplaying Its Hand on Oil Chokepoint","https://news.google.com/rss/articles/CBMivAFBVV95cUxPZ255WjZXSDZsOGNMNUVuSGk1S2JEeG8tYW1lbTcwYjRCbzA3ZmR3TWREYXJsR3lJMW1RSUdSS1NpM2pvdzZGTHUxVDM5MUJibDZfMllXUXlUbWRVS0pyOC0tX2t4NWpBT3JBRUtuel96YjZQN3U1Q3NlSjdWZkhEWV9GZmlKcVBIR1ZpYlZ3UG51ZXhGbFZ1Rl9ndW5xdnk3Nk55VXNPRTdhblg4TEdaX2s1YTlUdlBwVkJCdA?oc=5","Bloomberg","Global","1784170800000"
"India Bars Seafarers From Strait of Hormuz Voyages After Attacks","https://news.google.com/rss/articles/CBMitgFBVV95cUxQZUpDQXV2eDBhOHZ1bF9yMXF5d1F6VVg1UzMxbXl3Vmd6WXg5cmJTdFduR2pLZVlEamNmaXFfMTdFSlp5OHY3U1QwNmxtMWxCY2VVNVMwS0Jnd0JuMmk1dTJsSnExSzFnS3Bnel9iQVVxMW5DM25fOU5yd3l4aWlUb0hxTFdhRXJoYmwza1dNLXYxWXlaRkNKVmFJUjE4VEpZTUhFNjQ4Q0JHX0d4emVOSUtiQ1ZxZw?oc=5","Bloomberg","Global","1784170320000"
"US Finishes Strikes on Iran, Volatility in South Korean Markets, More","https://news.google.com/rss/articles/CBMirwFBVV95cUxNbzdPQ0lIM281RGR4anZwRWI1SnU1WDFKd1oxQ0ZwTDBicmxEX1N4b2RMT3lMUHRTbDd2cWxtVGZENGd6TkJ0X3hEQldOMHRRZVQ4THBibFJmb19ZSDljM0FiSXdEMVJEZWYzZzhNUHhxQ3ZYb3VHM3dfb0tJa1lnckRkTlNOQTdudlJCalV3ZTdoaVNWWHFMcjVkVGJ6Uk1HbXJseE93ZWo5YkE2NFFv?oc=5","Bloomberg","Global","1784170305000"
"Fewer vessels travel through Hormuz as US, Iran continue strikes","https://news.google.com/rss/articles/CBMitAFBVV95cUxQa0VSSEhJSHhNNVl6b2dXTWNoa0FjeV9KQkZOMUs5aUtvM0Rwc1FPYk9pd3NlSDgxcy1oVDZqWjQ0c1dFb3NXLUdBOTFpWlJwUld6ZXkwN1lENTREaFpVZ0lDWFY5Y0UzVjdGbHVjQVRsc0FIXzZMSVJfdkVaamtnVnNmZ2lPQm9jV0pCMjdlajFhMmRFVERaLXVvNG1JSi1yYlRxU0NUaGZIUlFhXzJteHhvcTA?oc=5","Reuters","Global","1784168760000"
"Hormuz Flare-Up Forces Pakistan to Buy Priciest LNG Since 2022","https://news.google.com/rss/articles/CBMiswFBVV95cUxPaDFlX213VURjTG1FRmY0UlllNm5pY1U4Z3RkaHRQd29sbU80SnlHcEcxUFFJaDl5M3RJTGRBXzlfdFZlaXlvT0N2eGpoR01RUXJ5cjYzU0hmNzZraFU0S3E0MjZtc1liTTRGdmtXSC1hdENGTm5Bc25PVVNETWdncWNiMEVKZEx3cG02TFpaY0tQLXBwQ0J1WkVjQnRuS09lbTRIYVMzeFd3bGlrNVNNUlJRMA?oc=5","Bloomberg","Global","1784170680000"
"U.S. military releases video it says shows strikes on Iran","https://news.google.com/rss/articles/CBMitgFBVV95cUxOeHVrNko0dTRZaktfUGlVdi1wTFZSaDY2d29PVGxaVzdLZ2lBaldPR3dOVk56WlhsS1NWRkVuN0JPTWVtanJZSVEybzdNS29iMTdFdmdtbTB2YnlIZkstLUFxRzdpaWVTOFRuQkVTT05IYUUtWGdxS0NVa0FrWk9VTk5NMkZDR21ZS1FHRG1OUkdIejdGVnZjenU2Nmt3dTUtWWZoY09pR0U1ejlzRzJOVHRqaWhCUQ?oc=5","Associated Press","Global","1784170500000"
"US attacks oil tanker in strait of Hormuz as strikes reported in Tehran","https://news.google.com/rss/articles/CBMipwFBVV95cUxNYjN5b0F1WEwzX0Y3RTFpdVBhc0JiN2M0Y3RRNHJBMlZHOTZWVThnYWdJUFdGVTRzdjh3dG8teEtCcFBtMXd3OE9tSWZvbGg1M1d2TWl2Yk5hWlNZQ2d5bl9ud3Zad3lhYjJkcFJaRGNsejA2ZnhWM1NfM3JKWFVvaXFBclBSOU5uYUJsZjA1NDBXdFhHNTRublNHcUotTlkxQVNXN2c0VQ?oc=5","The Guardian","UK","1784169720000"
"US strikes northern Iran, hitting a ship accused of trying to break blockade on Islamic Republic","https://news.google.com/rss/articles/CBMizwFBVV95cUxQUXVHeDkzdmd5Mm9Fa2hlNHlmWHFmNjVBWnFyNXZOU1QySlpMYUxHN2g0dkxHNHBXQ29VbUFScGM4bWI3RWQ1TkNXTkNVMnlsNXE2QmJuQVJ3REdkdzljR2Ixb1Fkcjd3ZDZPRl80T3RTbkN2QThpU3h6MnNnd09tQXhGbWhQMk9melVTZEZ3NUlMVmZSTGM5OGdfaXdxbnRrNnNUZ3NsZmxsZ3VtMlVUUTNkVUhZV2RlUXVubTZ1TVBnbHNpQ0E2dW5NdGJPMTQ?oc=5","New York Post","US","1784169300000"
"Iran reportedly strikes US assets at airbases in Kuwait, Jordan","https://news.google.com/rss/articles/CBMiakFVX3lxTE95ZkM1N0s3TldVam0tLUFaOXQtanJ4RUdQanl4OXFodm05WFJZNkdHYTRPZzhROTRRdUY3NlpNTU84Yk1FQXFoQ1ZDTWxsZ3IyWU1kY21jLVlrN0VWcXBPTExFNkJpeFJ2bEE?oc=5","The Jerusalem Post","Israel","1784172500000"
"US launches new strikes on Iran as military costs soar toward $100 bln","https://news.google.com/rss/articles/CBMixAFBVV95cUxOaTJrWldNMElqOElqdnNKNVNRTlFVRmdGV0p5Q0ZqU2hHV0paOE9zVWxKTk9kU29XUUxYUF9JMW10Y1VGckdvbk8wLWFBU2RuaTJZUUFTdmNuZTRrOHphWkhBTVFPdG9vTktXcGtZOUxvZmVIVUkySVVGVDVtbjY2MkhQMThNZlBsejYzOEM1S1dHbWpnNU5IOWowZEtiT05IUVk4RUNUNkUxY3M2ZzdPRzlTTzRFWlRlVTMtekd1TjFVMVhN?oc=5","CGTN","China","1784171189000"
"Analysis • As Trump and Tehran wrestle for Hormuz, Iran's nuclear program is forgotten","https://news.google.com/rss/articles/CBMingJBVV95cUxQRUotbFlNWjczM1dVd3RyUzgxc3ZtNkFUbHdEeHNhb2RFSWI1cHdqWHJkcDQwYnZDT2swQXFZQzFFSHpmQmdVZ3FKazMwYllFanA0UzIzU1RFeUZYUkhOb1cwSFFDQmRlYkdIalZLQTN4bFdETmJvMmdpUTBDT0pNNkIyS2QtMFBCbDB4T3ZYYmRLWDJXN3JjRV9yVnJVTlhQUUstclA1QlBxRHVxVTFJZms0eWtCWU5KQ2pBa2ZXVmFDUi1xRFVuNlI4ejYyUXBQTFl6RTMwbEJTbjJseFlpbzJxdk5XMWg3UXFsYjctejlMNmRINVR2YlhWa3lzRElTY0ItNFlUSFRrdUJneU1faDAwa0xtUU5tWVdSa1BR?oc=5","Haaretz","Israel","1784170800000"
"Flash: Jordan downs 8 Iranian missiles -- media","https://news.google.com/rss/articles/CBMifEFVX3lxTE9zV2lwMW5oLUdSQlZQUkt3c2ZCQ05kZDF1bDVMMG0xZkdqeGdocXk4UzdRZXhCZXdCaHI5SXpVSnFudjR4MlNleFRMeFZjNUFiU1h1LVl1UktDbzJGdzVWMnRnNWJWTG1NVVJldkg2RWZHR3g4STBLZ0RvbHQ?oc=5","Xinhua","China","1784173411000"
"Renewed Hormuz tensions raise chances of a pricey winter","https://news.google.com/rss/articles/CBMicEFVX3lxTFAyaWFrdWp3REhZWHA0eW9tWW1JZFluYmRVd2x5WGNtRFplenZlUU82MnE4TVRFZktxY1VuMDFTRGRJalNXZWw1dXhGLWNQMzlUcU1nQUF1ejRzYjZxR0hKWXVqZnZhUzcyU1JKdy05N0c?oc=5","Financial Times","Global","1784174496000"
"US strikes around Tehran for first time in most recent wave of attacks, says Iranian state media","https://news.google.com/rss/articles/CBMixAFBVV95cUxOR0FWR0dhN3F6UVZ2VUs3anV1LUdkRjFVSlNoczZoY2dpLW9KekFsOUhJT0ctekNKcjhQTnVKS2sxdXJNdkdrMzZRb19fUjd5d3lpUG9PSE92bUZrU25ZU3JkdFRvQk5COXdLZHpxa2ZPVWhUbGRZTk9GUEx1NzJ6N2Z6Nk84ZS1vQWpPZVUybjB4a2U1STRPOHZrWFlGakRLcGxORkpYRzVoa1lHbDBGT0pYMGpHSzhpckMyRlB5V3B0Rk12?oc=5","Euronews","Europe","1784173508000"
"Jordan says it shot down Iranian missiles","https://news.google.com/rss/articles/CBMinwFBVV95cUxOYXFnZWtOU1NXb01HY2FxbTBsUmJqNDlaa3NORmpyZ0pYVzhSVFZkaUNYTjczY0E1YjhpR1F1OGRoT3dJNnVTMjVuUGJyamVCckJwMi1WY0hJR2NyVGQ0ZDdzbF9LMzgteGZDRGtMd0ZQV211YWF3cHpYLWdhTXZjTXVhTG1zRkRmR3Q1NVdQRWNEb2xhZU0zRTFodmM4ZXc?oc=5","Associated Press","Global","1784173260000"
"US strikes targets in northern Iran as it also disables ship trying to run the blockade","https://news.google.com/rss/articles/CBMizwFBVV95cUxPMF9aTkR2bERrSl8tNlFxclp2eG9BdWh5QmY0akU3Q0NNTExNUWFmaTlnS3dkU1ZyT2dMeE13Wk1tZEgtMkVleFBMQm9RUjJxbDhudjQ0dUl6UkhBX1lKVFBCcmF3TTg5MzlBQXhwYlVIa1ZWLV9PZXdHOWFjY1JBVXhCWnljbUkyVzVmX284dTk0WXFwVUpISXdKeVdUM3gtci13bnRYekd0WHZLQnphTDhmb2Rhc2JWWDRZcXR3cW9ZV3ExQ3p6NS1NZXRQWUU?oc=5","The Washington Post","US","1784174591000"
"In Iran war, Trump Risks Another American ‘Forever War’","https://news.google.com/rss/articles/CBMihgFBVV95cUxPVlE3dTdabEF0LVRLcm41dkU3Y2g4S19GaVBYWUw5b0lyN3VVMmM4ekMyOXlqZTdWRVNBaV9lZWhsN1lwV0hYOWtKekRoM3I5MERMRWhPajRKOFFRdUpka21sWXZNNXdTWkhNVjFMMTNSU2dGZmotTFItczF6RXprZHZOa2xaQQ?oc=5","The New York Times","US","1784174468000"
"President Donald Trump: Iran frees detained American citizen","https://news.google.com/rss/articles/CBMiVkFVX3lxTE9qekZ3QXhaZDkwWjlDUUswZUp4V2Jxcnl6eW9aVjRJVXA5a0J6eThkRzhRckYycmFrUUlJdlVCTjRGbks1SHQxWHVfNmt1SzJLNThsTi1R?oc=5","Fox News","US","1784172896000"
"US launches new strikes on Iran Military targets","https://news.google.com/rss/articles/CBMiVkFVX3lxTE9la1FQRXlwV2d5UFBuWFl0VGE2cndpZl9LLVVJY0Y3aVZicWdpcURlNTVSaEdGVy1EVmVRS2NiSmF1b0wtX1k3aDdyQ3liaFJjMHVzaFVn?oc=5","Fox News","US","1784172381000"
"US Strikes Iranian-Linked Oil Tanker Deep Within Persian Gulf","https://news.google.com/rss/articles/CBMisgFBVV95cUxPSFpkSGxSVElMMFFsSnZmbVJGcE0xQ25xdUh6aE1ZV0lNcUZjT1lzbHkyQkVQQl9JUHNac2kyYU5VdkZWdHo1TTFZVzVOeWY2cjdWM3JHenFUd2k3bXFyR1FrVVlad3RSNDhKRnlRQld2TGNMM3did09yVXRmc3Bhb1FiV0JfQTY3T3o1SS00Q0JQaEV6STZzVzJEdklhRnR4YU5pR2U5M1FxSEZfYjVjNjBR?oc=5","Bloomberg","Global","1784175240000"
"US strikes expand into northern Iran as it disables ship trying to run blockade","https://news.google.com/rss/articles/CBMixAFBVV95cUxQNVY5SW1IWHAyUHNPVkpqRXZFMDc5ZEtueDUzTGc4ZWN1TlBmYVVEMlNsaHd6NDBIX25GV08tQzVOVTVreFk4TWFtUTljLVNEZDJiTThtdXYxY0g2ZW5rYlBOY2xIbUFYOHZBSThsLUJOam9GR2d1Nkx2THAtSDhxWmFlX3ZmMFByWFgwUUNEWktZTnJ2SFVyalQ0UTVpUzJfaENnRm4xZWdnamlVRjZadzRCQ193VW81a1hTYUxvZ2tMbzVT?oc=5","The Independent","UK","1784174820000"
"US Strikes Expand into Northern Iran as it Disables Ship Trying to Run Blockade","https://news.google.com/rss/articles/CBMirgFBVV95cUxQX2Z2Y2J0OHBFVmNLeG9HaHd0eFB2dEtUcVdJVzdBQ0kwYjlqVmFzXzNVQm00NWloeWViQkdsRnFOay0tR2xMNlRETU10cnI0a3FXRzhnVi0xQzczcjVpMUt0ZUcydWJRU3BJSTZPZHlpdWdSSk8wQjJuMjRsYnNTTk9qUXl4N3NXY2ZfZFdfWUJBd0oyM2pmcDFzZkJCS1hkVDFnc3FwYkFSekROQmc?oc=5","Asharq Al-Awsat","Arab","1784176118000"
"Former US Ambassador says Iran miscalculated Trump’s resolve","https://news.google.com/rss/articles/CBMirwFBVV95cUxPSjZjNG1oaU5oTVpLR1lPWllORHB3OG1MUE56emw1YXdqRWxXWXI4MlUxRGliUTV4dDJKX3V6SXZKZ3IweEtHamJySXN0OTdKaDlsNV8yTzJKY3R5b3doak5aUThYWmhIM3RRWWxsZHhaeXFRYVdJRGZCWHhSNmxGQW9hd2cwRVlIQTJCVy11TFhXeGpZTlI2bmJPckg3LUthOEhqUHRQaWVDS2Q5c2JF0gG0AUFVX3lxTE9sRENqZjJxUDlsSko3N2FJbjZjVVY5N0JnalFMZHd3UUx5ZHg1R1NFbm9aWUlFc1lYQXhhMjRKTmRaTnZRWE9zd09XVDZDSW1BenMzOFRvWVZWanNyTGFlakt2dWJmeDFWaXE1b3NrTk1vejRMTkJORWRJaGpTaGJJLS1WeTdDOFllTWlla3p4bjRSSExfY1RTNmdKYUZpcDluMjJIS1dJaWVHVzJtd19vUWF4MQ?oc=5","Al Jazeera","Arab","1784175521000"
"Why Greater Tunb Matters Near the Strait of Hormuz","https://news.google.com/rss/articles/CBMijAFBVV95cUxQUW9QVWw1VTZxS0RSdkZPNnJwY19VLUlrUTE5dnNqMjNmYVNmajR2cFpCQ01pWlRDQzl2WlozVk83cmwwZEttVU9MY1dTaDhiS0RRbGZlTVlSVFg5ZWk2aHBPNjBqRDdCOGs3TVVLczliOFVEYXNDTzdodVdQdHpJaVFiQ0lWaHJOTmo3bA?oc=5","Asharq Al-Awsat","Arab","1784177640000"
"Jordan Says it Shot Down Iranian Missiles","https://news.google.com/rss/articles/CBMikAFBVV95cUxNVENaenh4Q1BOT2JPOWtLRWUzQ20wUDQzU2pYNzdWSUxVaGVreXYwcmlYUjQzRWFNbWdWZmY3Q1NsYUlNb0oxV2ZvSGs2TnFmM3VleFdQeG1tcldXUWVCNEIxcXdYWGZwcHBrX2IyNlRacDhIMG5tVC1fSFlXWnJyaTNHSF9vREdFTEdsamp3bUU?oc=5","Asharq Al-Awsat","Arab","1784177566000"
"Iran army says it struck US targets in Kuwait, Bahrain with drones","https://news.google.com/rss/articles/CBMisAFBVV95cUxNY3B2TEZRbE5zZ0lZLXlUNGZFd2I3aDFFdzRwN1g0NjE2Q1lGdFl5WWxUb2g2RFN0V1RTMnc2UnVUUnpKYXhxank4MjJ4NTMzVEpxdm1jRktzUGVFZmR3bWdXSlBkZlFTWjdkclRjX3FkV3YyeWxNdlUzOW1LSjJpNkdIQ0hIenFRbUllbWhRQkJreU5QYndualhuWm9PV3RtX1BXdkoxMFRLaV9TZk4zdQ?oc=5","The Times of Israel","Israel","1784177225000"
"How the Yemeni Gov’t Handled Iran’s Sanaa Airport Escalation","https://news.google.com/rss/articles/CBMitwFBVV95cUxNRGFPV3NDSzFURlU3QzVaZVE3c1E5OUlva3dhRU1vbzFibU1NaXdBSk1yYTIxbnhFc3BlZDU0anJiQUhMeXJvOWNHTE8yMmxKUWdmMDY0VVdHZHUzNnBOc3JseXh6ajduN2lMNnpscTY5QXFUcU5yUUJXNFVrQlVMNlhQZWsxQm5oMjZ3Z1I2Z1ZKc1dsdHpfVGVwa0NMYXloNEZtckt0OWI0YzY4QmU4VE1RUmdDZkU?oc=5","Asharq Al-Awsat","Arab","1784176749000"
"Global Economy Faces Fresh Supply Shock as Hormuz Crisis Escalates","https://news.google.com/rss/articles/CBMiqwFBVV95cUxNSUV6MS0zZlBDQ1YzYTVSaGJHdi1jMUhJWGt4cWlHWlpVVWtQTXF1LWJsS3RhN0hiUzBkY0d1V3JtOHdaN1JmMFFzZGctdXBybkV3OTlaNkNyYjBaRGEtWW5XVnplWjFGSlFHcFJBX2V5bFZ2ZDluQ2s2UTJsbzJuTFk3N2NaeUQwNmZ6WjFFV3JhLXJpdnZ5VU4tLVQ0U0dOTzVXRmY5dVY4WDg?oc=5","Asharq Al-Awsat","Arab","1784176714000"
"US Strikes Iranian-Linked Oil Tanker Deep Within Persian Gulf - reports","https://news.google.com/rss/articles/CBMibkFVX3lxTE02OElzM1BXOU5paG1CamhVdVdvYUZVUmJTMmFXVDAxSEhZRUZ2S0xtYmlmWlJmRnFTb3JKdFkzTEN1QWFycEdzNFZJZ1BRMEdRNzF1WWM0OGNmajFacUFHSHpHLVpDWlppakNkV2dB?oc=5","CGTN","China","1784176173000"
"Exclusive: US military hasn’t conducted standard review of intelligence tied to strike on school in Iran, sources say","https://news.google.com/rss/articles/CBMilAFBVV95cUxPdUI5OVQwYTF2MFRDS19Ka2NQWlhuQWtZbWtOS1oyV25RQXdPWTVQYW9BdFd2RU5GaTQ5QWgxTGswVUVJWTNXX1o0VjZ0UllqNTZuSGUxcW9wVjhpQVVpaWpsS2syVXNjWmtFNUhnYzJwLWFOVDRFTUxTNVlmNjlobEY5Sm9zRUV2eUtBRWdpelNPSG1a?oc=5","CNN","US","1784178025000"
"Opinion | An American Strike Killed Iranian Civilians. Where’s the Accountability?","https://news.google.com/rss/articles/CBMikgFBVV95cUxQV293ajgtZzV0YWp2SUdBczV5d0FBODdpQzNSLU1oLUt6Mm1WTnZHeGlVRnF5TTJfdDE0TDFQdjVQaUJVaHgzUk50cUZWbjV5aEtYTDhnbU5SdmNrRWVQdHZnWGJaWlFGWkFKb0FfZUlEUTR5ZTlTanhFMDFoMC1UQk84LWFKMXFrY2pjS3hqUkhMZw?oc=5","The New York Times","US","1784178003000"
"Iran Allows U.S. Citizen It Held for More Than a Year To Leave","https://news.google.com/rss/articles/CBMirAFBVV95cUxOLW04V2lKZ2ZGXzF4WlFOa1hDT0FzN1VvZHR5STJ2ZkQxSy1DT3d5VHFCX0lyd1E4WUk4UjNPM2hhQ3FUdWNUREdZTkxkYWg3NVRJU0lyU3lTaTlmckJQcGk4X096NXFHU0VuRWxPcGRZV2dpMmFyVDhiVlgwNmhnYm4zYUY4WmxzSTE1TzRuQk1wRUlMR1p2c1h4Nk9SSTFnZzJLZk5SdDAwSUtE?oc=5","The Wall Street Journal","US","1784177580000"
"Yemen condemns UK’s ‘hostile’ move to ban IRGC, praises elite military force","https://news.google.com/rss/articles/CBMiggFBVV95cUxQa0Znd0c5TEJRd3BmRmQzcmJUdGRZSGtWVF8wQjU3MXE2cWdlMjgyVWhVZFdWeG9DcDAzN2dybVRpWUFEWGdpOFh1SDRUMHM0NWx6a1NucFRucW9UOUlZRjVTX1ZEWGRkMFRmbi0zeVNqYTBHNTVYQkxjN2lCM2hhZ2dR?oc=5","Press TV","Iran","1784181540000"
"Committed to protecting Israel from every threat': Katz confirms he spoke with Hegseth on Iran war","https://news.google.com/rss/articles/CBMibkFVX3lxTFA0OTdscEtEcGVMQUtTVzhXT2FSWXVQT09LWjZTLUd2N0NUc29DTDZBUldqZEx3ZFpCN3NYdkhwQVlLbjh2ck5sSFphNzRFc2N4VUcxbDgydzlwWnc5WjBDcHUwdVFQWHNQaWthVWZ3?oc=5","The Jerusalem Post","Israel","1784181233000"
"Iran’s Guards say they struck US base in Jordan","https://news.google.com/rss/articles/CBMilwFBVV95cUxPLUZwVXhHandYUG81Q2FveC02clRIVE1SYXB1TGJ2akk0UERJcFI1b1lSaFFpQmpwS0dkYzJ3WHhIUnpITFZQUGVzT1BNUjVWTy1nUG9aTUxyUVhfbmFSQ3Mtay10NVlEY1dXWmJfdXBzeWVHNVZfYXFPSEExWXpId0hielRNTFA0ODJfT1lHYk5tdEdkZ21v?oc=5","The Times of Israel","Israel","1784181145000"
"Defense Minister Katz speaks with US’s Hegseth on Iran operations","https://news.google.com/rss/articles/CBMirwFBVV95cUxOeFFNOWt6aW01OEtORExhdEItVFdzNmQ2dURWYUV6RlRDNFNKR1JtVVZ1T1F0VVdDcDlPN3J4Vi1yVXdhaHNqa0sxTTBoaENIMEp3dzlNSGVRUVE5SnpxT2YzdGxCNW9yeWFRTEJGZ3FuSzgtc3lIc1Nfc1pObzhvMHhXSnJwcHZoN1E2Q1M4OEtITF9idVA5QmlDU3BpeC1JY1FMY2U1bWFOQ1pSYWpF?oc=5","The Times of Israel","Israel","1784180825000"
"US launches multiple strikes on Iran, which retaliates against US targets in region","https://news.google.com/rss/articles/CBMiuwFBVV95cUxQRmU2aFhSMmczbU10R2QzdE12dHhVbjRsYi0zMURKWkxSX0J4QUxWc2xqZnFaS1gtT2FFd2NhNWdOUm1tbzY4dlNHNWpsWURnQlgxS2x3d1RYaE1NQ1VoVjNROEJ2UUI4MHpSMFMwSjFtTGVlYy0wVTVxTEFIZk5qRnBvNEhHSUc0S1RYU0F6dlJhQ0NoNlltTHR2VzNlSzhxWXVXVEhYVm83c2Q5aExRSjVQQ2xKUUpMNzBJ?oc=5","The Express Tribune","Pakistan","1784180111000"
"Oil prices turn lower as traders weigh impact of renewed US strikes on Iran","https://news.google.com/rss/articles/CBMirgFBVV95cUxOMEY5RnNVRE10MXJoTTFGb21LQUh2R1dNVER3dDhFeF8zeEsyOE9UY3JRQ1N4S0l0VVVWWmJQS2ZKMkxCR0J0RjNVQjcyZDJLeXFiNFBTSnVQZEtmR2tfdzBJWHAzUjBEQ0RvVlFXaXZNV1loWFF3TVV5WDUzX1VnLWs3a1IwT0pIVHJMRGhGbUdBTG1ZV3NCTWgtWmQyaDdlS2htMW1BOFdXNXJOb0E?oc=5","Dawn","Pakistan","1784178497000"
"Iran army says struck US targets in Kuwait, Bahrain with drones: state media","https://news.google.com/rss/articles/CBMirAFBVV95cUxPQ2NwakUtSm1FRkxJcC1XelVwdDl2OWZvQ3hCSzhxRXJaaFN3NkRLdDFLbDNneE42OVIyVlNMRXR3cTFqUFNwUHNMWXpkWWJEVGpubzBOb3l3bERHcmtJZFRLVnV4SDdtM1JkQ19yOUZnd3gtYzhJMS1Ob3ZaZzFfRHU3WjROZ01ld25xaDVFcG5Fdm53aFZWc0VNV1lKdmVRbV9jTm1EV2FLN0dz?oc=5","Dawn","Pakistan","1784178192000"
"US-Iran strikes: latest developments","https://news.google.com/rss/articles/CBMiigFBVV95cUxNOEgtd3g5UUJac2lWcFRzTFp6R1J4eVpfS1lUcUtDUE4zcEJDdF9Yc3dOUjV1aWdzdUxuYzVQdFlnU3JqUmVNaGdaUjZwVXNhSWl4SXR5MkttdlVOa2dMTGJSZ2VQVlM4V0ZGSzZVSTAtaTlQN3dmdUNHdENDTHlONDJqREZjUlNhbGc?oc=5","France 24","Europe","1784179514000"
"UK economy grew by 0.1% in May despite impact of Iran war","https://news.google.com/rss/articles/CBMijgFBVV95cUxQejNlLWNWZklWWldGdmRnRkNYRWIwdl9UMVFxN0VlS3g4bFRKM1ZTNEI4OW41QVRuR3diYThZN3Z2dzl0bWpsSEthQ01YdnQzMXFyTjVnS05wVVpaNmstcm9DUDNIYU0yWE5Eb2ZFcHJKdmVCbmdBR2UxNllXNzQ1YkJPTTBHVWNFVjRVd2Z3?oc=5","The Guardian","UK","1784181780000"
"The hidden messages behind Trump’s latest wave of Iran strikes","https://news.google.com/rss/articles/CBMiqAFBVV95cUxPVXdBajl3SHhmaFpIa2FMbEtLbGhhR2h0b083ckVNaEFqZW1tNzlPVWo4NVVzRkxud0lyR0ZxYWMzaXFkWWd3d1I5ZWhUUm0tQXBzSGVyTzF4a1dhVnpjVjNvNU1hMmtyMEZhUVhtYV9BNEpJX2lybFZPTFhMRUU1UGE5ek5PdmVweDRUUEdWdDRaVVR0ZV9qY2RIcVBCcjFnV2VfZXZUVEI?oc=5","The Telegraph","UK","1784181600000"
"Donald Trump’s Strait of Hormuz farce is a gift to green energy","https://news.google.com/rss/articles/CBMimgFBVV95cUxQMFlxVUJkbXd3eE5Ib1Jpakk4cjM0QWtEemVQLUVsU3VrWGZsOTNjSVI2bG5xT2h3R29hcXpDTVBNWXN6SmxnUzgtc1hwbUR3bXZFY2k2T1J2NHFOWFUtNTRvcWp2OFNmOFoxamhZN3BPeTBxUnlfemRXRE5lSGg5akUyTVNFdHZUUzZqbkFidUJaNS1ralA0WFRR?oc=5","The Telegraph","UK","1784179800000"
"U.K. Economy Grows Slightly as Iran Concerns Continue to Swirl","https://news.google.com/rss/articles/CBMinwFBVV95cUxNekJkTy13Z1FRbFQxTjNHMTFlTmNXMGpUNmlUQW9WMVNLaHdkN1M3Yl9xNDVuSWM3NElDblhsMEN4YWVhQ28wTnoxUXRVODJiRm5jMGZKd3hMVldzbXpPcUdRR3duYi1JTzZieXV6LU9SaFFwUzVaRENqQzBFdjBITFlXOXozRmZWSnZYV01yMzg5TmxLaXdLWDNobjlrdHM?oc=5","The Wall Street Journal","US","1784182980000"
"UK economy ekes out growth in May amid Iran war pressures","https://news.google.com/rss/articles/CBMisgFBVV95cUxQVWZNMkNnSnEwUE1WMUZ0bXctV3hfazhuWUNVbnhFYTRKdGVwV1oxbzBsREZ4Ym1sSlRyb2stb1BoMTZIamxZN3ctMktLQlBJVUowZzhndDZYM0JORl9uUHQ1c05XSHRXTUpQaC10VlBjOWJUOW5aNUliRkV5U0NnX1ViV1ZfMXdZVjZRLVVtenF4STlQY01idVIxdExQMEtXTm9CUjhaYkZxZWRYUnpFbDln?oc=5","The Independent","UK","1784182860000"
"Oil prices lower despite US intensifying strikes against Iran","https://news.google.com/rss/articles/CBMiowFBVV95cUxOQi1GMHNkLXBRaG94a3lPZTVYUHlodjB1R1hxY3I5OVEzQ2dWMno3UHdQekdmOVJEUFJ6aTV6endnZVU2RjhrakNZZlFLU2lYRXpWNERwak1PSkJWSFFYOUcxU2ljSEF0dUR2WlFqUkc3TXBWekx0RW5BSmJfWlhvcE8zMURqMnVTUWRyYl91SUdmbDVqUzVTc1FwY3NRdncwZm8w?oc=5","The Independent","UK","1784181660000"
"US strikes Iran's coastal defences in fresh salvo; Tehran again targets American assets in Gulf states","https://news.google.com/rss/articles/CBMizwFBVV95cUxNMDFWRWo1aUl1ODkxbGVndDR5TW90dzNsMlQzaGx0YU5zd2t1OS1RUGhfZnZORGVVY2k1Z2s5MWxwVk9KSTlRUUFJSTdlMmRFWTRkRElYOW5UVTJJMDJnS29oYzdwaTNWeFlxUmdfa3hCMjFMYlpKRERFejFaV2w3TEl1TXJ4bHp1YkpkVml4TDlfNHRqY2FyVC1IYnprZXRyNlBCTmplek5ORXBtOVUzblVsdnhlNUdkaTJfbGMxUU13WjV1aEU1LVgyWnQyMlU?oc=5","Dawn","Pakistan","1784182829000"
"US sanctions IRGC weapons network, Iran escalates attacks in Strait of Hormuz","https://news.google.com/rss/articles/CBMiX0FVX3lxTE9oWTUyT3JVTWVMdGV4U3JrVmh5ZXYzaDJiU1lmU1FvMlQ0bmFlRk5KSEJvYlJZdjVmeFJRcGUyWTk2cmlySHZmaDlNR2ltQnZRT1pORkIteUJXWDlkQXJz?oc=5","The Jerusalem Post","Israel","1784182085000"
"U.S. Strikes Around Tehran for First Time Since Trump Declared End of Cease-fire","https://news.google.com/rss/articles/CBMikgJBVV95cUxPRDh2VDQ3Q1lDY3d0VGFEc2xSOE9lcHFEWGtVS09hc0JVUGlCbnBPSUVRcS1URlFDamNxcUxRX2d3emRhektlQ0twWnJ6TV9aUEpNYTgxNDk1c0hyRXNIVVdBYnBUcVNvLS1wd3BtNmZiUTJONEphUmxzakpiN3pDbzl1RHl5MlNpb3Rqa25SWjVxSXlJMUxrckJQQVBFOTdLOHQ5OF9zcC1NbjF6ZGNEbHM3YXJ3ekNxZENOLTBRMGlaR1BuQ0NkdEwtLXNaU3hWOWFBanhLclVDdmNGUWlUbDdmWVRyUmE2OFBwRC1UY2NEUU5qeXNPUjdIaGFScWtfWmx5Q0lxd0ZyNGMtLXB3cHBn?oc=5","Haaretz","Israel","1784182080000"
"Iran launches new drone attacks on US radar, air defense systems in Kuwait, Bahrain","https://news.google.com/rss/articles/CBMid0FVX3lxTE53MEItYnFoM1BzWDJrVEtUQTVmbmRUYUdzZ0t6T2tlR2ZCeFVoLVZpeUZ1cUFqeWJsXzRnVzJWQTlDXy1FYkpRSnd3RU5ocmdFV1hRX1BqSm52QVczbFNwS09pcFFBdFhZd3A3TW1vT2h6R1JkSllv?oc=5","Press TV","Iran","1784182006000"
"US War Against Iran Enters a New Phase","https://news.google.com/rss/articles/CBMigwFBVV95cUxNSHB3M0tJdVYzUWxkWkN1ZFY0em1jcHJIbjlsYWhwRkR2R1FmVDdxTU9IVUhRTjI5MWZvaVJGdzItY0FEalAyQ0NPX3FXRm8zck1xRTYxWkJjb0F1enRGN0loWWpLdnNwam8tRUNjakNDeVR1UDRIWU5jWkpoRTVuNkk2Yw?oc=5","Asharq Al-Awsat","Arab","1784181832000"
"US military says it completed latest strikes on Iran, targets included Bandar Abbas","https://news.google.com/rss/articles/CBMi3AFBVV95cUxQdzJRelNjbzVXYzUwUG5pZ3NBWjBmUDJpOS1PUGhpd0xhSU5rTnhKTTZqd25FN3BxQ0VRSkQxbmx3VWF0Ykt2a1ZtejFzN1ZyNnRWbGNEVU1Hano4WG1qMUFsTHVBZGt0SXE3X2JZSVZodDhFMllCQ3VGdlhrUk12OVZyVWNvZ2dlRVlhRHdxRjdzd3I4bHkySU94ei1UWUJtYzFVMEtXMXRINUd5WDJYMldzWmZOcHY5RFZQRG5lSkE3OWM2MkN2RGxQbE9rdGp6Umo1ZXl1SERNMkRH0gHcAUFVX3lxTFB3MlF6U2NvNVdjNTBQbmlnc0FaMGZQMmk5LU9QaGl3TGFJTmtOeEpNNmp3bkU3cHFDRVFKRDFubHdVYXRiS3ZrVm16MXM3VnI2dFZsY0RVTUdqejhYbWoxQWxMdUFka3RJcTdfYllJVmh0OEUyWUJDdUZ2WGtSTXY5VnJVY29nZ2VFWWFEd3FGN3N3cjhseTJJT3h6LVRZQm1jMVUwS1cxdEg1R3lYMlgyV3NaZk5wdjlEVlBEbmVKQTc5YzYyQ3ZEbFBsT2t0anpSajVleXVIRE0yREc?oc=5","Al Arabiya","Arab","1784180100000"
"Continued US aggression against Iranian territory proves military strength is the sole deterrent: MP","https://news.google.com/rss/articles/CBMivwFBVV95cUxQdU80SDV6YVRfei1NSGd6b1p0ZjBGWXdWaUtjXzZpNmdodGNraVdETWw0akRIV05RWlJUWlRmcmd6TWxRRXlNZjZDNHZ5TjlCYi1zTE1VQ2JEbGxLYzZGRWwwUU5xR2RQZG0zYjZyWTU5WDRnUVI5MDFCcHNJSGxWVHRUMXpaamFyUS1BS245cXdDZndhYUZoQWwxdHJOWmhiWTVlOG1kVmlkenRaR2plY3ZWSl9fSWVZQXVpMGNmUQ?oc=5","Press TV","Iran","1784184960000"
"Iran says Hormuz a red line, warns of attacks on regional infrastructure","https://news.google.com/rss/articles/CBMiuAFBVV95cUxNUml6ck9KdjZzZVoxc3NJd2JXYmI3akM0V1VjQUNydDRuWFQ5QnZob0sxWnZxYnVhQ1BqWHFzWkdLUW5zTXczY0lXMlMtMHhpZmt4WkhQUTlDWEdGQUZoeGdoeXZpaGFJWl9jZTRna3NIZHVOb2FpdWM4YlRfVkJ4cGt3ZlVsdzNSZ1UwVHdSWTlzTVhHOHE4UGZlOEZqYnlGb01vREZVdGVDUkZLTUF6eFdUZGNwdDhG?oc=5","The Times of Israel","Israel","1784183525000"
"Iran warns to target all infrastructure in region if its infrastructure attacked","https://news.google.com/rss/articles/CBMiiwFBVV95cUxPYVNhQTh6Y3BfU1hfU1JuVnJfclJ3RDczQlBkLVM0eDZGUURHMEpjaFZhdTRYZ2NRcnVCMHJXVW1pMER0Smdsa0NHNDdDX05YZ1p0WV9JTVcwNHlUaXZUa1VtbUhrSl9EV3lGUHdXcUVpbXdDbDNzYVlWZVFvaWRqbmNnaks1TXhIU0U4?oc=5","Press TV","Iran","1784183506000"
"US military strikes Greater Tunb Island, targets Iranian defense and missile sites","https://news.google.com/rss/articles/CBMi1AFBVV95cUxOWmRJb0ljbVNQYVZ0T3YwTzh4amQ4M0RqS0k5ZnAtN28zeU5jQWV6LUdWQm9GT2gyQmdVbWQwMFprWW9KVDBTcER1QnNKUVN1ekRmaEJCdFJITWV2b3BWcGpfb2NRWjRjVGlGNTV0b3h1bkNSamxTcEtEMUFVNFRxUWZuRElOVWNGM3lvSkRQU0sxQzJ4OUJYUGVBekczYXQ2aVlZd0lrZVVGN0JBYVpHN0E5RENqcURmUV84ZGdRZFZFNGQ1M0lYajhNcC1INXVrTHJIWg?oc=5","CGTN","China","1784183461000"
"US expands attacks deeper into Iran as Tehran retaliates against Jordan, Bahrain and Kuwait","https://news.google.com/rss/articles/CBMiXkFVX3lxTFBlQnhENkJUNXd6cTZINVFMS2xHSDNBQ3dnbWJrRURoMi1aRHFPVmthbUJvNFNYanoyaFJXY3gwaEhGaUZHYU51WnIwOWg1Q01tVThJYld1OWZMUUFWUlE?oc=5","Arab News","Arab","1784183295000"
"Iran-US Skirmishes Worsen as Hormuz Shipping Traffic Dwindles","https://news.google.com/rss/articles/CBMisgFBVV95cUxPWGxDYXV2Qkl5NWozYklFbG9JRFEyLXdDWGpzRTNVTHROcm54VWMwLTFjOXhvcXBfWl9lV3lRZFczSXd3d1lhdFN3TG5adkppSUZ4WGJGWEJkTUZzVHJXUEZFU2s2aDZheEZCZ2tyNEV0MDNrV1owaEtQU0VYeVYwaHdSLWFLS2FDTm5YbkY5T3RXQXVZSkJuako0S0RKZU0yVXM5NHhzalhubVB4d2dIT0Nn?oc=5","Bloomberg","Global","1784184840000"
"US intensifies strikes on Iran, Tehran hits US Gulf allies","https://news.google.com/rss/articles/CBMiZ0FVX3lxTE5jRlRBcTJhYmdnNG85VWRNdmZ5WkxOWEpGM2wyTlk5NmhweE9hUDBsOTVyZkZCdEJKOU5nXzZjVHpPUEQzaUVQcWNtWFBoQ2s3emlvRXJqTzRXWXBXcGpGdUE3N29TeGc?oc=5","Reuters","Global","1784184603000"
"South African rand under pressure as investors monitor latest U.S. strikes on Iran","https://news.google.com/rss/articles/CBMiwAFBVV95cUxQbzk3dnI2ZjhmTHZwUUsteUdOOWN3WkRJUm9hVS1YUk94a0o1aERHTmpYTDE1d2RicmI5OEtaR1dxNVlVdG9sSDg4UlRuaXEzamtqR3dlcWRQdmhGVVFWVld5ZUZxVnFWZ2lMa2M2dlJYa2tzSzRWSXZURG9Oc3NLbW1PN3dQSjNxVEhUM0NfbTcwemRDdjhGZjg1bFpLVTkxMWk4S3lwWmtEc3A5ODcwclhQdmsyMjJhOS1qQ04tZGg?oc=5","Reuters","Global","1784184420000"
"TotalEnergies Flags Strong Oil Trading as Iran War Roils Market","https://news.google.com/rss/articles/CBMi0AFBVV95cUxNeTJkZkRkakxMcFBzdGtIOVhYS1V5a0J1dzRCUGFzTXdqb19xQl9xZ2ltSUxob3o4LXpYS2UybWhLOF8wVkFucnk4QkpBNG5TZVhSNjNRLWdaRTBnU1UyTDJKUkF4MHl4a3NjbnJVUjFUd0R1QVUwUm94MGlmeUVjMkNSU2psRVNTUlVjM2NPbFkxY1ZTT3FCS0txSDZ0d2MxVGR2bkxBQWgtTE5MT2NNYmZJOVU3WU1idkZ4TjVFUVUwRjRiU0V5NVAxcWxiMjd4?oc=5","Bloomberg","Global","1784183040000"
"UK economy eked out growth in May amid Iran war pressures","https://news.google.com/rss/articles/CBMisgFBVV95cUxPejh2R2hFTlByNTd3NVdZWU9qQW1QUGtNdnBCRjRhQ2dfNEFjUkxkOHliRmF6aWJIbUtBMURNbmx6MXk2U1RDc0V4eUk1VEdwRXJ5MldOU1hBZ0c5WVBzeGItS2RrUmNsU1hTVkF2Vk5YQTZMbWttQU1kUkxfZG5lTFgyZklSSk5uaHBPQTdacmMzMkl5SllDN0hZYkdZbFdhNDJCU1NPenpNXy1KaUNCNzln?oc=5","The Independent","UK","1784185200000"
"Iranian woman’s brothers face execution","https://news.google.com/rss/articles/CBMilwFBVV95cUxNZUsxdy1iRWIwanREOHVyMEllTnhsZEI1OEdnMkdMUWU0T0tvVG1oaEZhcl9uUjZpYWFMNHE5eEhfLXhfeXlBTU9PSHpyVnJobF84R0IyTDRMa0E3SDA3b2VqbmU5blNLZVdndjc1bUFFY3psQzF6N0gyTTFZSnFIQUhnRVpLNDMwWElTLVh3N0llZDJLM0JR?oc=5","CNN","US","1784183580000"
"US Hits Iran-Linked Supertanker, TSMC Boosts Outlook, More","https://news.google.com/rss/articles/CBMipwFBVV95cUxNU0pwNk56RFpCQTVCcDdpQWNhY0V5cDA4OFB1N3ROWTJ4b1Fyb0xSUkkyZkRsVUxodVctRUNWMVQ4eHNldFkzX3VlcUwxQ2p0LWxOd1RkemkyempETkhjdUM2WjBNSWM0eThvS0pOT2FSbnlWRFVQYUkyb3o4X1J3VkJ2WExpLVRWY0pReXhtSlZJTGFHeEtrNlBsRVEwTXJJa3U2ajgzdw?oc=5","Bloomberg","Global","1784186696000"
"Iran targets military bases as US launches wave of strikes","https://news.google.com/rss/articles/CBMiWkFVX3lxTE1wT3AxUHpRTkxFQmhsdTRsaTJsencyS1pvRUczUzh1bFJoWXR2MEFwb3JRTTJDTk5sUEhabjRIa1UyYkVGUnRZaWVZbmROR3drdmVoYnRwMzVZdw?oc=5","BBC","Global","1784185598000"
"UK economy eked out growth in May amid Iran war pressures","https://news.google.com/rss/articles/CBMisgFBVV95cUxNVFZ1RlFGOE9zc2JDcS0ySGEwSE1OckNMUGtwMDVTU0djOE5uTGN2amt5SXRGRDFkYnMwRmVnSlB5aUVFalJvQ28zQlV3WW1WMVFjcmQ3M2FXNHl1VGlmekgxM1NLY3NyU2d0OUxrc3RERmZXTmVCM2dKcGlySUxod0NyTGlnV3hmSGhuXzFjQzlrOThhVUZaYU5VdHo5ZDA4NWNYRW5sZXBIeTBjejFrUFBB?oc=5","The Independent","UK","1784187000000"
"TotalEnergies Lowers Estimated Production Hit From Iran War","https://news.google.com/rss/articles/CBMirAFBVV95cUxNQURJeEpVT2h1b3R5S09ZVHpDQlRkRjRmZFFIUktjLXRHR3g5MnUxTzVna0RSX3lRb0IxM0NQdzJiM3dmbi1KbExWeUxBLS1peWJLa29Pby1IRDZKa2xNejlMRjFVbEo1NVljOWoyUk11aFhFS2YzN20zV2U1T3Y5TzFOejlSY0wyZjVGLWd4SUtDZG9FSTFkVlpGT2h5ZkxWQm1kdnptU3QwTzBF?oc=5","The Wall Street Journal","US","1784186760000"
"US citizen held by Iranian regime since 2024 freed, Donald Trump announces","https://news.google.com/rss/articles/CBMiakFVX3lxTE54TzhLSnVEc1FTUlVqZjlMc3pEMC1DZWc1NEhaX0FxclN4b2cyTHhXTEJuWWc5SVdxYWlxUV9BcGtka0J1dkV1RWlvUkw5Y1Fpci04LWlldi05WnZqbF95aVBXMS1EaXJacWc?oc=5","The Jerusalem Post","Israel","1784186128000"
"Pakistan urges US, Iran to 'end violence', resume technical-level talks","https://news.google.com/rss/articles/CBMiowFBVV95cUxQMnZVMmFrVHBpZ0ZTM3lxbDBTSmdwUGRONDVnWG5RY2JjYm5qMmxaTWd1d1JOTlVkaTZJLV9UVExhV1dyR1h6VklSOHlTdlA3MHp4b3BMVWFYMUZzTHJYc0w2QmNjNU5yenRfVmlFcmFDa21nb0x2M3lPUDhDeXh0VVNQMi1EVzA4LXdtOGQ5OW1NUXlSLXJ5Q1RlOHh1Q2JBeUF3?oc=5","Dawn","Pakistan","1784184830000"
"Mediator Pakistan says encouraging US, Iran to resume talks","https://news.google.com/rss/articles/CBMibkFVX3lxTE1EQnl1elFlWlo4TWtOYWNKLXoxOGJ3eTVSa01QcmRkSFQxZmJvOUcxQ1R6QURtYmRqaWVOX1NuRjhfNTJ0SjU1cXBiN2ZCZWJsZW84NWFyOHhHaVd4N3F4Ry1mUnFLSWRWUWJKckRB?oc=5","CGTN","China","1784184613000"
"Pakistan urges dialogue amid U.S.-Iran tensions, says mediation efforts continue","https://news.google.com/rss/articles/CBMifEFVX3lxTFAtN1JiX0hTUjVZS0RLSk9QR0Y1a2hFU1NJLVZ2dEZFZVZfOS1jQ01LQmFmWGV1YTIwLVlNWl91MWptMEtFRW4xYldpNExSTjQwZERYUXZ6YnZYWlcxWnhPMFdlazJXdnZsdkd2MUVnNFFnR3ZEMThBb1VnWWw?oc=5","Xinhua","China","1784188725000"
"FO urges restraint as US-Iran tensions continue, says diplomacy remains only path to peace","https://news.google.com/rss/articles/CBMixAFBVV95cUxQZUtoZTgyX01JeWNOZFFZUkNnb1JQcV95RkRzVHR0UExCX2JaTThWbGpvVkFTQXQtOVZvTm4wemRDejZNazRfRG1DQ0o3djdEOXAyVm5lWjJUckw3U1VNSS1QbkZtUmdXMlFObXFHellOeHd6MWtkMmJJeDg2VUJ0OEZvZTBYSjhUbmtrQXFlVHFNZjY2WmdtSVpwRndmRjdNbXhsSnhLajhudEY2aklqMjVYWUNxVTRVWHluOWVaeldER2FG?oc=5","The Express Tribune","Pakistan","1784187956000"
"Iran Does Not Want the Negotiations to Come to an End!","https://news.google.com/rss/articles/CBMiiwFBVV95cUxQRG1VWmEzNmVnTXc2S0piWUxMMUtPWnZ2bFIxZU1BNllGUWtFMUpLeV9Wc2ZqbFVtZTNIWjRLd2F5Y1NRY3ByMDVHOEtySGlQbjRQN0R5ZEJtR0ExVjhuYnVNbHJMYWRUTWhBZkluN0tVbjVyQW5rVFBmODZ2SnhNWUZtWGJPT2FnQTJv?oc=5","Asharq Al-Awsat","Arab","1784187937000"
"Mediator Pakistan Says Encouraging US, Iran to Resume Talks","https://news.google.com/rss/articles/CBMinAFBVV95cUxQX0VHNnctZVFEUlhsQlMteVR1TGFPclZkMGxhdXctb3BoZGVBQm41dUNGaVFZRTdacmNuNUJFdlFyLVozZ1YxblI2WXhpSFV4X3p2QURFb1hZVENFTGlLdE1QZmU2c0ZXS1NETlNXeHItZUFFQjltU0xwMlBEeThIWW1WTzlyN2o3TmtsOWZMRENLY3FzVHFEaWlMY0Y?oc=5","Asharq Al-Awsat","Arab","1784186952000"
"Live updates • Report: Trump considering U.S. ground operation in Iran, striking energy sites","https://news.google.com/rss/articles/CBMimgJBVV95cUxQeHhzMW1mamJKLW5lNHVCeUtaUVhVR0hSOUtfc0F6WlVTcy1tMGdDcFE4MmtGMWpFZGhTbzhDUU1naUdwTTljYnROeUkyckd2bGVvOUgxREMzdkx4enNRcExwUVBDSllqWmdvNHRsSm9uLTY3T21CcURYM3M4dHFUYlAwOG0wYUhSX0lnMlVDV2M3RmgwWWcwd181MmFlTXlyaHdFeF8tNUxLUHVNcUQ1RUwxLWRQc1pJWmdKdVQ5a1hLQmgtakxmQkp6M0xYNTdtMFB3UzhRanRWUTkzV1ZEdkN2OFhNOGIzMkFtaElVOXhlalMwbjJCMXJTeDdyVk1TWFM5cHlKcXdYSjAwcnR2YmtwN1pUZkZiM0E?oc=5","Haaretz","Israel","1784186520000"
"Majority of Americans believe launching war on Iran was wrong, poll finds","https://news.google.com/rss/articles/CBMiqgFBVV95cUxOWkl5R1NTNmxjRWwwYkkxQVpZRThzYUlsT0ZsRDYtcFNKSE1kT2RfYUFUVExwamIwWFMxRzY5b1RBdlA0a3JqdDhPM1VUYkxQRERBVnVDNzQ0Y0pzbHdTN0psOFZ1b2Y3MXlhQ0V3aHgzUUVSbDIyLVdmc2lYREMyUU80dFlyRE1GMTFHc21XM0x6Y2h4ZVdyZk1hODVQeXBhZjA4cXRDY1F3QQ?oc=5","Dawn","Pakistan","1784186144000"
"US military fires on oil tanker, says it attempted to 'violate' Iran ports blockade","https://news.google.com/rss/articles/CBMi0wFBVV95cUxPTC1YclZfclpuV1BZUFZxd1lRckxILTh4RjBDbksyWVlPTk56Q0RFWmp4Q0RoWlpxWERncl80WXlIUExoaWQ2MTNNeVhKWlRVQVZ6NUN2bURVOE4zZDJCaUJJbThNT3BqRi05TWFxcVFyaklmYVVYX08wUWdGWUswaG14M3JNTjYtak15bldHbVhidjVJRWxLRWF4bUNwcjY4LTBuTFgybFpBSkJzUEhiX2FDNE1nWGZ5VUFYNHhnb0ZWcmdYbHAwcjktbl9rTzR4dERn?oc=5","CGTN","China","1784185561000"
"Iran claims more attacks on Bahrain","https://news.google.com/rss/articles/CBMieEFVX3lxTE1NV21QdzlNTkZHcVRfWFpvVV95M2RZdVhTdnRnWHNxRjg4U2c2VkdnWnRaWEpTQnNjNVR0RFlPTk5YWHQwdGdTV0RFaDQyWXJ3MjVNbUc5cHN0OVl0R2JLVWprSjRqNWFCVFhRWTgyU21jZ29rMHZQVQ?oc=5","Dawn","Pakistan","1784185473000"
"Iran warns Strait of Hormuz is a 'red line' and will resist until the end","https://news.google.com/rss/articles/CBMiogFBVV95cUxQbGxQSEpXZmFYRldBSGhRcTZWZlBvbUFOZFJDeVoxdXVZczVtY2w1TlhqSnhFaGxsSWlINnBKbDZhNi1mT0Q1anJRTjM0Z0toaVg3QXhMcmkyZlBQRTZ1cVZvbmhZSmU4WDU4NGdnN3FJZGRzbnYzdm0zQUVxWjNUZ1dTZHlwMTA0VTNhbUg0UHVxZmFLUlVtSmVfeHZCb0tfWEE?oc=5","Reuters","Global","1784188425000"
"Most Gulf markets subdued amid renewed US strikes on Iran","https://news.google.com/rss/articles/CBMirAFBVV95cUxNMlVwM252MG9jTHMyb0s2MXBiU2sxZVh3eHBMT2k1RjY5VG9sNWZVWU5lT3F5b3MwckxUcHBpaEpaUzhOR1RkenBVeWNUMF94eDlKTTZfbVlyamVqbzItVDNSRUlaaERwV09NdnlsNkcxam5FZlV5NUN0NXhURHBXbWM0OGZrRENZWUwycUpwekVSOFJkOTFjUVBoUzVpakpWbnYxQjZpRmlQaHc0?oc=5","Reuters","Global","1784187583000"
"US Launches More Attacks on Iran, Argentina Stuns England, More","https://news.google.com/rss/articles/CBMirgFBVV95cUxOcDBwMUhuZFFHMk5DQ2RtQzFlQmt5UFR4N3RsVTNFRTlSa3ZPak5TVmFHdHJDYWE3VzFzRjlQMW02T08xaXJkaWU4Y3VrSk13NGpHaExFNllsemM5WXRUcnI3NW9pbFY4NkVZdm9vM2VGbmhLLXFJRXJ0eHNSMXhUQkthVGpiU002dnI0bE1OSVV5Y2JabnhMdk95TDRkbURnMngtSHVWazBqbUVWSmc?oc=5","Bloomberg","Global","1784190535000"
"US strikes Iran, tanker, as Tehran hits Kuwait, Jordan: What’s the latest","https://news.google.com/rss/articles/CBMirgFBVV95cUxPbzkzR3NFYXkzSWlKalJQSWJNclRZTUx3SHhKZ2hSd1JfWkpCVGRtUlUySnpwX3ZXWlZONkVwSnlSeE5vQTZfRG5yd3RWSThacVR0Q2cxX0E3NzAzRTlHQTVFejN6UWE4S2FxNndQRTZTRzdXZEdMdFNXTXVCT2lVaXpIZDhyLV82ZWNnelhmTWtVVHlNTEZiX3VNclNGVWFtbUp4Qm5OMVQ1amNZN2fSAbMBQVVfeXFMTzM5X2F4ZDJyYXZwUXB5SHI3X2xkbEdhRnliZklkVzBMU3Azbjk4Q185OWxhUVVNR2xCWUJoYTlHRG4tLU9HaEIxLW9xX0RuQXl2SGh2bzN4alBXcmV0Z1VzMGQ5a29zR0lOMVl5UlBKV0ZYUXBNY3YwVjB2amlBelF6ckRmcFN4Zm5TaU1laERuOThGalBERHNCZDhGdV81YUE3dERlcUFSaXB6dDRQRVFodlE?oc=5","Al Jazeera","Arab","1784190399000"
"US launches new attacks on Iran as Tehran targets Gulf sites","https://news.google.com/rss/articles/CBMiowFBVV95cUxNYzNEU1NFdUVxNlNwT0tZWUxqYzdtUFByelc5RVlkNEZ5UDhCNjd5NE1BMU8yLUFBWlBHY2VCbFprRmpyTU1tZUlaaDlscmoyOVFLallnclNQZ2xJMTZxdkxlaWozdW9uUjJFY010QzdyV190UGRfQ3p4UC1jLVF2elJ4ZFY0T21wMUxMclNZNE14R3Z2VXRadERiWVRidV9abnBz0gGoAUFVX3lxTE9iXzVJakdIWGJhQkhXVjBPOXdES1NlVkZHNmxuR3BkcjRkWEY4dU5qd0dBRFlYcEZ6VVRJcWtwUlZNYmhjYVYtSGpjYlNXN3J1Vk51bXdRWUlLOVNWampMeHoxRlNub3ZjOVZRRWVJRURIX01FWl80VWUxT3lmREs1TFoxaHBNY2tkcTllRTVzQzFHSzhEVVlHaUpFdEhqOWFxVzVnWGtyTA?oc=5","Al Jazeera","Arab","1784190053000"
"Iran snatches mixed team gold at 2026 World Taekwondo World Cup after defeating Russia","https://news.google.com/rss/articles/CBMioAFBVV95cUxNVDdxMTBSRmFteDRDdS1QTno5VzRuTU93S0ZNcm9renJnYXZoWkU0Nl9KenVTVU9IX2FVdmZIRDB6S2hiRmxKY2NmRnFKVERiOEJEMkE3dkZKbXdBbG14cU9zVGwwMU1RTUV6N0p4eVZ1YlphYUY3enpmQnhSZm1FT3EtTDZHdnB2Z3BUMTNGTGJ2aUdLR2FjU3VCRHA4MThk?oc=5","Press TV","Iran","1784189332000"
"Iran vows to ‘resist until the end,’ warns war could spread further","https://news.google.com/rss/articles/CBMirwFBVV95cUxNckdUbjUwWXROMGFxbEg2Ykh1MVFLWF9xTTEwa3pTVms3UG5BTXk0TFp4SEkweVQzVU80Zm5VczRuRV9iSzJMaXM4Q0hvck9lX1BfUXFPSHZsT3JSeE94UkZ4bE5fX0xEWS1weTNpVHdOMjYxZk9ieWMxYnIxbl9kbWhNemZ2U2VFOU9saTBfTWEwLWJySmxoZnZwelRSN25kQ0hEdXlMSHZ4ZXhPNVJB?oc=5","The Times of Israel","Israel","1784189225000"
"US ‘appreciates’ Iran’s release of American citizen: Trump","https://news.google.com/rss/articles/CBMilgFBVV95cUxQZko3ZDJESzRUWHl0LUs1Q28tSzJvWFMxZFhWcEtoSFoyZWRmam9kQmdSMTBBb09wMzlFQzlJSzA4X1hsdy1XLVBlaWJFTEltT0hRa2hNQmVQTHExYVd2a0d4QVJXQ2NxeWJVMUM3WlRINkd4WVRkaW5EX1pvZ1pXZ1Y0cmlCSnZtY0ZjaFZJazBWWUNVenfSAZ4BQVVfeXFMTm9xNE0zS0FaZ2lUMnRuRi13bjREVWE5ck9UXzhfZTNrZFVYWXdmbm9HQUdOSU1rb1FVWTdrNWxPTWtRa3czdGp2SWxyUWMwQWFxTzI5U1RaTWh0WGJMVWdhT1drank0aU1NanNQS2dnZ05LQVM4Zk5HZnBrdHNlSmtMWmY0UFpZWmJkbjVEOTcwNWNKRjRTNktOOFJUbkE?oc=5","The Express Tribune","Pakistan","1784189002000"
"Trump Hails Release of US Citizen Held in Iran as 'Goodwill' Gesture","https://news.google.com/rss/articles/CBMinwFBVV95cUxNdXZZYm1kUzFxNWktQUtDZ2J2QUZvWWE3a3VlMy10QVkwejFkUDUzWFFDbzdDcnA5TW15UU1BbV9BQ201cEJWdW5FbjFQZ1VvTm9pSlMtNnZROTZEU3laNGplMGFNaGNCWTc4aUI3aHdhV1V1LUhRZVkzNk93UENhNUx1RmpXYWtTd3Jtcl9jZnI0d2o4bHM1Q3liT3U0Nm8?oc=5","Asharq Al-Awsat","Arab","1784192048000"
"US aggression against Iran blatant violation of law, MoU: Iran FM spox","https://news.google.com/rss/articles/CBMi2wFBVV95cUxOREUwNkR3Z29rR1hTTFRyMTl6el80T3djVFIyV0MxaG12azZSZkZuM0RNcnBJX1JSckFSelRIVWdDdVpXWXhiR1NpVFF1WGhkYnNLeUxxcXNXMVNBd3plQUN4UHBxSEJYaHJEOVp6SWNXR1NKdE5pVGRkLXAyYVNmdC0zdG1haGxaUS1YSTNKZE9rd2pOX0FnSGFIM3RuTEltRjR6b2RJWkw2a2haRVJOMjhfNGRWZ1Y1LWFDUDFoZmxVN3d5WXRJOHZSUXFqR0IybktHazlrTDJIZ0U?oc=5","Press TV","Iran","1784191140000"
"US releases video of strikes on Iran","https://news.google.com/rss/articles/CBMikAFBVV95cUxQX2oxUzlHb0xpdVdBQ2Mzc1pVdnVwdTlsMTZVcjQ4MW9WclJxUExIb1hqWWNpNl9vOWVNdFhRYVNONWxoUHRKRERJNVZlOXp4LWRVaW9VeXdhWm5UMnRsOUUwTFBDeW9tT0VnWmpmTDNnU0Z3UmsxcW93b08yZ3RsSkhKT2FxVmpTVUZnUVdIMzLSAZYBQVVfeXFMTl9taGtPSVE5YzRaa0Zmb21BdFdPMzhJQjNuMnB2RHVJR2lsRlFvVTl0d0ZGZEJaYTgyUUhmajNkdUpWVkF5OFM1aEE5N0EzVHNLbURVOV9NTW5pZEJXUWc4WG55LW94YzNBc2luanc1YVZXaTdxcjQ1YjRTdzFjaTBQSV9QaW5RVEdYQW9DNHgyZTlkUDdn?oc=5","Al Jazeera","Arab","1784190656000"
"Iran to neutralize US regional interference, maintain Hormuz control: Army","https://news.google.com/rss/articles/CBMie0FVX3lxTE05RmJhSXZoeG9MNlRkVnRDeVM1UjBaaTZEV0xNUzBtVURtVlh6RDZZcXl1bUx1YW5PUFp2X1lXaVF4dV9BT0VxYml6WTJqMFRzclJOVW15anB2V2RHUUN2RV9KZzA5RHFIUmMwcFRtRC1RcERpRnA1LUk5MA?oc=5","Press TV","Iran","1784190600000"
"Bahrain says it thwarted ‘sinister attacks’ by Iran","https://news.google.com/rss/articles/CBMiiwFBVV95cUxNclVUdXF2S3lld1J6Mkw4NE02OUtLM2R5WnNuSmY0Z0hKQ0FsSHl6UDVqTWdxdzNSVWRhNE9CeWo0UzgxbWhjNFo3cTBPMTRMTGNtRlVEZzJYWmxONlNIdEhNT0hOWGdEQmd5a25ib1VtY0JWM01pM0Rwa3JISkQ0ZHRnWUcwQmxrX3hB?oc=5","Dawn","Pakistan","1784189768000"
"US Widens Iran Campaign as Hormuz Fallout Grows","https://news.google.com/rss/articles/CBMiowFBVV95cUxPLXNqaEhHVWRaR2tuV3o0TkRJdXdiaXdFMlUtczQ1MV9BT2dQS01tVUJqWDBlbVlZdEc2cUdXUk9jdEJVU2d1clFqaS1nX0RKNjFib3lMeEx3cjVoZU43X09QdWpVUjhfaENiMEluTjNtRXRLU05WV2swN1RHSUIycm12c3d4WkxONE1FVkZiUHhJZkY1b0x2UDlSdmdaVldTMnBZ?oc=5","Bloomberg","Global","1784192461000"
"How solar has saved Europe €20 billion since the war on Iran began","https://news.google.com/rss/articles/CBMiwAFBVV95cUxPb0dZczc5ZC1QdG4zaG1kTW9ZN2hpR1pnSGIzTDlJX2xLcE1xa0ZsSmtvdHVDbWFoN1otdVZtVEVCSzAzYkExcTF0Q3J4d2xPVzhMWks5LVVEb0dHdW5uc045VGtwc0xORVExaEY1VElMajh4d0RyTlRpd0JzTE51ZTEzUWNsX3pBZmJ5ZHFlZU9RbXFyVnNrYS1TaXhBRDVDeTdRN2xWYkgzdmJJckRhYUMtUGhsdXZ0WWd4eGQ2RXc?oc=5","Euronews","Europe","1784192437000"
"Trump hails release of US citizen held in Iran as 'goodwill' gesture","https://news.google.com/rss/articles/CBMisAFBVV95cUxNX20za1BJUFc4blFYTjJCOUdZN0pfWVVTc3hkZ3BQX0Rab3cyWHZrNmhRcTF2QVgxaC1LWjNuYTdxNG9vMWZBVy01Mi1ReWNva1RYSjJaOHFPMWdYdDVNZ3JHTWlscnZXMlhQNkw4b1ZIYWpaSDY1TjMxbmhwWC1RcVZZUFlUM0RzbnFpNDFZUDV2T2QyWVVGLWNmTm5ZajZKV2NEbkNOQUJKZWlMb3VmYg?oc=5","Reuters","Global","1784191564000"
"Iran and Ukraine Bring Limits of Air Campaigns Into Sharp Focus","https://news.google.com/rss/articles/CBMitAFBVV95cUxQSjNMVldTMGpJRUNqN25oUUM0eU1CMVFXaXFYdllveDVpRENocnR0aU1ITTJQSWd0U3hiSTk4NG9MTldfak5YU1BPLTdDTVdLb3U0cjZtZG5UM1BTMy1Tdk90WmxXQTNERTZyZl9tUTJ6MlR0dHlzaU9ic0dWeUxVSHRGZWF5LXc0WlU1bVJ5eVBUMEFYYjlMT3Z5RmFITFExSW5RbEZCaWYwd2oxX3g2X1IyWk4?oc=5","Bloomberg","Global","1784190243000"
"Video: How Israel Tried and Failed to Change the Iranian Regime","https://news.google.com/rss/articles/CBMirwFBVV95cUxQVlU4czh3VkRzX0U0ZExJTkNJOVZzVzZJVmJjTkRaX05WUUlpWTV6cTRaOVF0N3IxZl82RnFjWXNIekRNaGJxVk1DRUN2ZTF5dVloSTNvZTBOdklpa0JZRzBMMk1oMXh2N1F3LXZObFEtbk5Md2J2NTFaZ0xsRkwtbkk2NEFWZFl0VEtVRDVTMGJYOHo5VnhFQnJIb3c2bDdndkgxZTExUGZRdHlDbHNN?oc=5","The New York Times","US","1784192597000"
"House GOP’s budget bill to fund Iran war and U.S. farmers could be in trouble","https://news.google.com/rss/articles/CBMirwFBVV95cUxNNnpGVlQ1YU5wbl9pZHNlazdmeW92MkFRT1YzQy1EUUY3OWlfVlpsVlhJZ0NGeVJsYVFRenZ3T2xGdVRjMXAyaWphT0pBYkNJcFU3Vy1ERm14d19uZ0Vvd281ZHN0QVI1ZTRIUERmMFJ2UDAtNUFjYXR1cGZZalBVQnlMQWJLMjk0UkhWRGFJZHJna3FIWmVCMkdBUlgxQ1lMWHc1X1RQQ0xFQmtfT3dR?oc=5","The Washington Post","US","1784192520000"
"Iran warns Strait of Hormuz is a ‘red line’ and will resist until the end","https://news.google.com/rss/articles/CBMiswFBVV95cUxNVXVpaC14Y0NlaExBUGFTNVloTmFyZ09ZSGRpelZsUkNPLWVHU3Z6bGhVcGZObGlUUjg2WVBWNERkV0NCSk9EeHdKYmtWdmRiX2VVbzgxSHItRkh0TWdGVWFtQUVYSkJ6WmVHbW0yRzRHakZzMWVKVFlTVmpsaWxyTlZKWVR2YTB3eDZWNDhtQUlKN2lDTXA0RHptS1JTMlQ3bGFhcDRudFp5cDhFTUJHVGFmVQ?oc=5","New York Post","US","1784192280000"
"Here’s Where the U.S. and Iran Have Launched Attacks as the War Escalates","https://news.google.com/rss/articles/CBMiggFBVV95cUxQVEp2VDJ0M1FseTlwN1BDQzFLaU9sOUpRRno0WjBOMENwaEQ1Mmx1bjhiMng2a2lUTjIwWEc4NWRjT2ZnUlVCdGw4OVRBcE9MenJ2Ri01Z0tFbEVCUzVLVi1QQ0dNNFJGeUVjcFoxcWJValZKd21KX20zc0V3WVpGS2p3?oc=5","The New York Times","US","1784191436000"
"US attacks oil tanker with Hellfire missiles as Trump sends new warning to Iran","https://news.google.com/rss/articles/CBMimAFBVV95cUxNUXdwaFlhYUtQbDBmZDRSX2pTX2V4WVJxejFoRFFYZ1U4d3NTWllvUktQTmZCaEJVS0ZRRk5ySFl5ZzU1aG9mT0pTcXFyYmc0RVFCRmlWd3lkangxVFhBb2ZjdjZMMDd2ZFp6SlMwWXEzaXIycG9BMFhmalVWencwX3F2TnFtMkU4eTBnVWc3RnFhTTctUEdhVA?oc=5","The Independent","UK","1784191140000"
"Diesel Hits $5 a Gallon Again, Up 33% Since Iran War","https://news.google.com/rss/articles/CBMif0FVX3lxTE5XbWRNS2lLRERGUlhNS3MtdVJKd1lhYkV6RTMtVzFHS29aN2ZrQ3FQcklTbjRHS1U1ZktVOHcwTVRSaWxNU3ZqUGV0WXV6V3VJZUNtY1FhNFRaZzE2RlpaVUJ4cXhCSTZyc2dwdDRXUk1XN3FIYThJRnZXcUFkYXc?oc=5","The New York Times","US","1784190966000"
"Iran-US Skirmishes Worsen, Warsh Promises Independence, More","https://news.google.com/rss/articles/CBMiqgFBVV95cUxPOVdqUVFoWnRFZWFSTmdyQVNGSExrSnM1VTN2djFOU1d5U1p3eHRsQ2MzMXBYNXl5WE9RTHpMQXFpc2ZkMVRMM1BabFN5MF9ac2VINTJ3Tm9XQmlJNXlYcXV6NUYyU280VC1JLXpGV3pvb3R0T3NYZW5xX1N6bG9JblMzRVk0VGcwQm5yUjhZLTBGUUJUUUxvMF9DMGtFMDZNckl0MWRVdWRhQQ?oc=5","Bloomberg","Global","1784193854000"
"Vance says some in Israeli government sought to sway US on Iran deal","https://news.google.com/rss/articles/CBMivwFBVV95cUxOY1FtT0xCbzMyYXpXME1CenRhVDZjdmpYX051ZlJpUDVQcms2LWhfY01EU2NWc0xkUE5aQTJaSDYyQ0x6SDZtTUJNUVlhZXdfOThFUkpGV3VtMUZFNGJxMU0tZ0pqSTBQZWoycHA2R0FoY2pzQzRoN29WSWNhY1ZzSkJIU1NBX21QOHZiTVctRVBZNzBtcEFYSUtqWFlkT1pONUdQVGdLRXN4MHVNVURQWHgzS1dCZDhPcE5lZ0JGQQ?oc=5","Reuters","Global","1784193463000"
"Iran threatens regional strikes as US intensifies attacks","https://news.google.com/rss/articles/CBMimAFBVV95cUxPblRqUjZFd25VWDV3Y0pGVVlWWXZ6OVdaRDhWSFgxM0ZQMGZqdjdOMzFLSVdhamlKNDlVTFZpcGtfdFBtZFBReDh6aUEtcFFpT3BaTWdMMnZuR2JSZnQ5d0xqNklCLWxLSmItQW1LM3poTE94Ykx5aUhTSTBQdUxxVjhJVk5JTnR5blR3LUlQOFNCNkxVSnVjTA?oc=5","DW","Europe","1784190951000"
"Hospital in Iran evacuates hundreds after blast nearby","https://news.google.com/rss/articles/CBMipwFBVV95cUxNd3o2VjE0TkQ0WVN6eGhBLU00T19sVzFRYVlnckxHOWRkVjRvbU1rNF96S1BmM1RTZVpyZUs1dUpkVWpRaGhzazBzd3lNNzFkbjNQeENCVWt4cDFrUVEzUUdudmRVbThRN1dJNnBrWG50bXg4LWxLQmZmcVZlNjQ1TVZwZDlVMWdGWF9CM2JNdHA5TVJSRlZhSV9OcWFlaDAtLXBibllKcw?oc=5","CNN","US","1784193060000"
"MORNING GLORY: I asked Trump if he was prepared to remove Iran’s new leaders","https://news.google.com/rss/articles/CBMilgFBVV95cUxNWUVxcmhTbW1VdllZOXdmQVhfS0VkTUcyWEI4TXd3TW1hRGY5Ri14LWpxMjEtS0dkWE5QbGtKVXlYNGI0SUFLYzhLZy1uNWxwTS1FRURLVThXdnkwa0oyWkkzYTVmajg3UDZDa3BUbHNxZ2kzQzRuejlTXzVqXzhQelRLMF85OFRFb015OTk5Z0FVZ0lvakHSAZsBQVVfeXFMUHg1bGNPWm80cHk1QkpiellfQnlTWE50Z3c0NzBHalRBQ0VzOXM1LWpzSTBtbUlodEY5NXdRRjdfUEVKaDNMNHFCaWNCUWcxeHg2dVpEV3FZYXh2ZDFsbmo0WDlLT012bVN1NlJSRDBwc3BnYktPdjczNlU5X0NPRlpkd3hoWm5hQWJmd2dLY2lsNjJaUHA2OEF5VWc?oc=5","Fox News","US","1784192457000"
"Iranian Space Agency head announces ongoing development in satellites, data","https://news.google.com/rss/articles/CBMiakFVX3lxTE9pLVpzV3RadThlbks4N3BKYmJoXzZvUU1GQjZDY05qb0FCYkk1aHJHc2M1bmdCMm9KUzh5Y1dJa1pqbk5iRDRUUVhUb0pUNkMzdlZna19pUnlueEw0UXAtTVBGcG9IU0JQTkE?oc=5","The Jerusalem Post","Israel","1784193832000"
"Fewer vessels travel through Hormuz after renewed US blockade","https://news.google.com/rss/articles/CBMiqwFBVV95cUxOb1hVVlgwQjhiajNfalNBakd1clVoLTFfcGxxX3FhYVMtYkxXQnBxdGF4dENrbGtOVU1pZThkMExPb3h5UHE4TkZDcm5LVVY0eXExeFd6Tmh5WlR4RnRsXzExTkVwMkxhOUNqbkVxUzU0NFREbktfU3lna096dlBYLVR5LV9XcUdaVkVTSGFuSXE4NEp5R3MwNlRqWUcxQUJTOTFaQTh6ckJUaDA?oc=5","The Times of Israel","Israel","1784192825000"
"US approves $2.5bn in new arms packages for Saudi Arabia, Kuwait amid aggression against Iran","https://news.google.com/rss/articles/CBMirwFBVV95cUxNTE5fQTR1ZTBxUVd3d0VXZUdTTGliOVUxOTdFclRhMkRKVHV1MHBjZkNXZjNXcGMtM1FHcGlOUW5pM1laMzZMTzY1Q0lYOG8za05JYzVzYWRyMk50S0ZuN2VXaDVYUlloVEVZRkZ4bHBWZklLZkdsNVctMElkcnZoZTZUZzlMZTJaVWJLZWNRNG41ajBib2RwVEV1OW5QcjAwMklUZ0l5MUE2Y05ScVM0?oc=5","Press TV","Iran","1784195580000"
"Who Really Rules Iran?","https://news.google.com/rss/articles/CBMiZEFVX3lxTE93WmJFTGNFY0dzS1F6dkRScXh0Vnd2am5jYnZ3V3lua3kyREs3WFFYMFZQb0c3Y1d1ZXg1bUR0WkFObFZLQjFzX3d2djFuSUJ1bG1idlg0NkNyaHFsN0xpQ0czV2Q?oc=5","The Times of Israel","Israel","1784194860000"
"Why Iran Talks Need Reza Pahlavi","https://news.google.com/rss/articles/CBMic0FVX3lxTE40RjFBdjFOa0FUU1RSZDhES1R2eS1vNWV2cm02eHVyd3dmQVU0YTIzZEUtM0dObG96NEZ0aTNJa3JXSy0yaUVQQWFZS0tLZF9sb3ktdDhHUG5TSGRqNjRpbzlleS1QZUZEXy1sbF9iMzBWbW8?oc=5","The Times of Israel","Israel","1784194140000"
"Evil axis escalates war on Iran in violation of MoU'","https://news.google.com/rss/articles/CBMiswFBVV95cUxNLW9tVzNwal9UX1M3TE9UZ0REWlBFNzk2d3docG92MjdzNm9BbjdHb1RjNDd6TkRRR0lLLXZlTTdzMy1RblVtOHJkS1ZabnhvTHVlV0lSWmltN2hTNm9BTl9KNHo4bmVsbDktbmh0OFdOWl9oa3lDUGlfdDZNNjA3TGtmektuMnZ1S3h0Z3ZqWVNPSlplUEFiT0IzcGxYb3NvQl9yZFk2Z2JWTFEtb21zREF2MA?oc=5","Press TV","Iran","1784194080000"
"JD Vance says some in Israeli government sought to sway US on Iran deal","https://news.google.com/rss/articles/CBMiqAFBVV95cUxQZVBWb2FIZXp3MHBEbWxmZVVrRlpSLXR5NGttaFlPbXhRUENXZndGLXVpTmwxczNkOGJDTWxTWjhVR1FqcE42TEt5SVc0bG5KV3RaMkFybEhfb3FiV2dlNnpPZms0MmpKMGJORHdkd3dZRGFKejJrWmpuUmlvT0ZONExtZ1g1UzNFckNTbGU4RURCSjVCYk9Yc28xVnpGNExPMmFoSVB5dUI?oc=5","Dawn","Pakistan","1784193613000"
"Trump to Iran: Behave or else","https://news.google.com/rss/articles/CBMijwFBVV95cUxOOHV3THpGMlBabXlBRXN3S3R4MVJzYjNRZU02OGRDUDRjc0ExckI1Vk45UVVOOGFBT0RGbE5PM25aTE1DREZxNVhSS0MwUmd2S25kc0ppc1ZTcjU1MU13VU00d0RiQ3RXenQxZEZFeHgtZlpsYmhYVWpjWVJEYm1jYzBfMDhSVXNSUUJBQWg4dw?oc=5","CGTN","China","1784192974000"
"Mediator Pakistan says encouraging US, Iran to resume talks","https://news.google.com/rss/articles/CBMiXkFVX3lxTE9UdnVtRlVhZFItNG9LTGUtNzg0eVBoSVpUR2lSa1I3Ym5Fa0txVXNtQldWckdLNzB3WkdKcGZuMjBGeTlaREFXa0dvRzE2RXJwWjBkcmlaUzZ5cEsyYVE?oc=5","Arab News","Arab","1784192812000"
"Bloomberg Daybreak: US-Iran Trade Fire","https://news.google.com/rss/articles/CBMimAFBVV95cUxPb3lUSHBlTEc0UDhrOTVGZ05IcVQtYnlkbUhzN2MxQ1ZEeUFtXzJjRnRUVk9hTEpSYWF3aThSMmJPejRNVGd1eFE5d3Z3RWo4OG1RbE5GVk5UNDZCZ1F1emotRm4wZWhoSTlqOWo4NW5GRTYzdVByN0E1X2cySjQ0bzVMSnQzN0xqQlN4WEZpdHBvT283aXAtbQ?oc=5","Bloomberg","Global","1784195839000"
"Madaxweynihii hore ee Iran Mahmoud Ahmadinejad muxuu ka yiri eedda ah inuu xiriir la leeyahay sirdoonka Israa'iil","https://news.google.com/rss/articles/CBMiXEFVX3lxTE9RREV0VlN4WE1selRnN01QVm5OeEVVQ05zd3lyR1gyS2ZmNzgwR3FlTmhBWld3dFNlUjZDTnRIM1A4NGo4LVpWS3ZzRVp4UzlDMGRhbGdzWm9tUWFx0gFiQVVfeXFMTWtZdWlLQ3NoZW4zNkh4WEhMZFJ3MVh4amtyYVVTeEk4NHVWeUVkYUlfMnpVLWdUMFZ2UzNJd05Tc2VxRzJHbWVwUVZ3NU9GWVdvUTUybHRXSW5DVWtLT2MyM1E?oc=5","BBC","Global","1784194148000"
"Iran’s Top Negotiator Defends US Peace Talks Against Hardliners","https://news.google.com/rss/articles/CBMitAFBVV95cUxNcjV3cDdZMkk4bUVXb0V6UnkwNDFUcGJvYm1NQTNreWhJeHY3MXFFangwMS1JSlg5ZDlwS0cwN0dwVmkyOE5ucjRqUlBYYklXdHdpVG5GU3otUnRmT1g5Zmdub05YZ0d3eEZPeXJEZ1I3S1BuWHZETnkzLTY3Q0pocklYR0p4UUN2dm9sbEZpcExfcFRKdG9WU1BkNVlWNkE3UFlKM3F5M3pGZUM0emZnRmhBdnU?oc=5","Bloomberg","Global","1784193485000"
"Trump says Iran has released a wrongfully detained US citizen: ‘Gesture of Goodwill’","https://news.google.com/rss/articles/CBMiogFBVV95cUxPQkFTdVBlSjVkbzJjdFBHeFNITzdhWmFfTnl5RUEwZVAwdzdTeXlwRnl6Skxoa3ZzU2Y3NzFxWWFxdTV4RHQxYm5PUWNBUVctakp5eFVXb3Y5TkZKNk5VazZyaVhaY1Rtd2xjVVNSMzRIaFk3aHVfQmhSc0ZCU3B5WV8ySTU0bUtXTVJBQV9yMlo4WlVqbWhldzVDUlFaRWFfQlE?oc=5","New York Post","US","1784196180000"
"Trump approval stuck in the 30s amid pessimism on Iran and economy, poll finds","https://news.google.com/rss/articles/CBMinwFBVV95cUxOMFlPT3kwMmJLTVNsZDN5cHFkVW5yVURsLVdXN0xwMkFOX2w2VHUxNTF5MUJKOEdnc3ppdlVnZVhjN3Y1YXV4QjU1czhuTUYwMkpTaS1nUV90WV9LbFdyMENOZElUdUNMQUtPRmRCX3prYjR3OU51R2ExdlBVNUNFQXRwb2Iycll0NTBtdXYyTjdkcm5LV25zaUV2NGo5UzA?oc=5","The Washington Post","US","1784196134000"
"Hospital in Iran evacuates hundreds after blast nearby","https://news.google.com/rss/articles/CBMiogFBVV95cUxPLUpodTVCSjA4Q3htc2RGSU1GN0FSRzY1ZFkyTHk1eUJyR01HaG1wNFROYUUtM3ZwaHJwdG4tdndVdDFqZXNBaW5pWU5KUkw1S2lzcjF4bFZwSm9XVHpqU0didFNaM0pVNURMa3FNOEh0TC1nekNLQTRlbG9sVGhHLXUtdVo5ZlVrYWU4R2RkWVVNaWNyN2pJRFVaRzVRZ2h4TVE?oc=5","CNN","US","1784193060000"
"Iran war: Drone strikes warehouse in Kuwait","https://news.google.com/rss/articles/CBMiV0FVX3lxTE1XWi1sNEo2ekpZbXlMMHVBalRBZ2hSSlhFeGVEYXE0QUplVy01LVpvNHM2STZScGNkS2h0RVRoM05JS2RJcUtqM1pzbUp2bGpQNkQ0TFk3QQ?oc=5","BBC","Global","1784197070000"
"Iran war: What's behind the regime's 'revenge propaganda'?","https://news.google.com/rss/articles/CBMijgFBVV95cUxPX0hLcUxxaEZIS2hhaWN2SEhoWjNhcW10aURwd1lmZWg3dk9tTEY5T2xOZ0h3a3BqMlBuRXdPRXo4TklFcFRTZXVtdUc0Qm1sM1lzVmNHOXZNUVA0c2JvemNkX01RWDAwSzBwRmVxSUhkREZkdjBvOEhBZmh1VWI4Qk9fc0JBOGxCM3MtUERn0gGOAUFVX3lxTE1rajFFTU5CRERlT09LUmt5NFo2SV9xaWJubDV2VnhaTDhnUmZYSE1jS08weGtGUjhTbzA1ZjN6UGxwaTdtVVIzVGNHLWdBNngyRWZaanRzd2NmWGstT2g1c0ZVQ20yZDhrYkxEOW1FeUtaVFp2ZFFGQXRONHdibzQ0Qm8wLUlIaFBmWEpaaWc?oc=5","DW","Europe","1784196751000"
"First Thing: US attacks tanker in continuing Iran conflict as Tehran releases US citizen","https://news.google.com/rss/articles/CBMi0AFBVV95cUxORXdyQk9pX3J0LXo0S0d5NWV1RTRjZ3RKNDdWaTBGbm5iNmJwQ3g4ei05OFdBY3RORDZMRWJSUmZJN3NzMlFLOVB2XzM3MDloaFlQc1dZOWlCOWROZlh6SGFMSmJhLWhZUVdtTmNmN3QycWc3U2ljeDNrNFJWdUVBY2hrNUJhMHYycGc2RWFHVzlqbGphRnNoNmo0bzljeFgwY0NEMnRpRmJWb3Z5RnVQRmVaQWVYZUxRb1hDUF90d1JBTnBlaEhMVWgzdDJreTl1?oc=5","The Guardian","UK","1784197440000"
"Video: How Israel Tried and Failed to Change the Iranian Regime","https://news.google.com/rss/articles/CBMiqAFBVV95cUxQZzdlRFptMGtYdU5zWm9hWTltLVhyUENndExrQ0tzajVCRDRrLVhtZlhmVVFONDgxdmRBbWIwU1ZNM3ZOTEtjMXdlVHdQd2I1TnBoTEFOLWZLZG1zNGFuT1JEOUw2bXJkRGdNLWVLcFN6UFB5WGE1OVFSb3JxVkVhUURDMWI1aWI0Ums2OWd2Qk83LXI4YmxJNjR1c1lrczFvQTlOeXgtaDU?oc=5","The New York Times","US","1784197394000"
"Kremlin says it is in touch with Iran, worried about risks to global economy from latest escalation","https://news.google.com/rss/articles/CBMizAFBVV95cUxPc05XR2tKOUs5NUVPZzN2QXk4VGJob1pMMVU4TWQ4a2h3dXFhZjJnRF9IMlMzdlJoWUtVUkdaVmE1eU9ITldzZ2RJYnNqa3dYa3RwbWVsLUVaZTFlc3ZyNEk0aHhwQlhOYTI1MFI3LUpTbU1nbDZYNFhHN2NRZU1pbjdmTFhNNmJkaGFjX3JqUmJwQzdjd0g0UWp6U05aNGJTWVFhZnNlZzFSSjZJZTNPT2hfSzdNMWJ5RGZVOW9CNkhreEdrdlBibGNxRUI?oc=5","Dawn","Pakistan","1784196483000"
"Israel Isn't Attacking Iran, But It's Deeply Involved in This War","https://news.google.com/rss/articles/CBMimwJBVV95cUxPa0t0eFA0Y2xqYU56LXRMS2dqTkdsVW56b3BsbjJZdlRsUV8xVzFSaktIM2tFTnp3MUtWRGdCZ0w1Snk1bDUtb19yaktfaDNYdTFISGFfUlRNYmdxUXpVVU4xckhWUzF3ZWdhaG9MeUwxNGlOTktDdldiUmQzMUN5bEpLeno3UDlnWE12c3pLZ2NieUpzbVhHYzF6aGdoNjVwZXg3eGZ0X1doQU9xMWF2cDMzQVE5dmFWaUlCcUFNazJfY2RCODlraklJTTlZYy1fLTdNckFRc0UxMmIwVEd0TFNManU3Z20xMmRVTDVWbWJWZzRZTW0xWTNRdTlmYUJEYVJ3NEZKMmxUU3lta2dSMXdwbGo2UE5ZSkVN?oc=5","Haaretz","Israel","1784195880000"
"Evil axis escalates war on Iran in violation of MoU'","https://news.google.com/rss/articles/CBMirgFBVV95cUxQVjl1ZFk3Q0JqOUV5eXVIbEcwTFltTDFpWE5JRzlhRnpTRzNGd3A2QUIzaWR2am4wSHhRSENadkN5eGtzbWF4VWduTTRxaUYtTzZxX3BsUW9nU2c2dlpCX2t5THk3Z1ZNLWpMNU9oOUkxUzhiNnVWV2ZVUG54WW9EUkZXRFkycWdhbmZZeXRvTnQ0Zmp0bEJjYk5qNHMxWUdGckpIQjJsaW9rYWhYa3c?oc=5","Press TV","Iran","1784194402000"
"Iran must reverse church confiscation, eviction of Christians, UN experts say","https://news.google.com/rss/articles/CBMiXEFVX3lxTE1tTlhobXlfWk8yQlBTYloyaERGamJLNzFTTkdMbFJZQjUwTlp5Qmc1NXQxTFBDZlJXTnhoWll2LVoxVV9GZTg4SUp4MzVad2JQamU4dngzNk91cl9j?oc=5","The Jerusalem Post","Israel","1784199017000"
"Financial consequences of the US War on Iran","https://news.google.com/rss/articles/CBMioAFBVV95cUxNMDVQRnFRbm5hUVVFWlV2MmxWSVlBSTRlbEx4X3A0SUpVY2IyVzRuaVVsaDVnWHZVRkxOY2k2Y0tUZFJTTFc0NndaWTRzTzFXTUlmOFEzLTZveWJIVzRQN3NBRk16SE9OVTlnRzNkLWwwZV9WSXJPSmxPUURoRGc5dWJVVzlCVjJXc3VFOTFYazA2RmNWS1dMcWU3aXRMbzVs?oc=5","Press TV","Iran","1784198880000"
"‘Safe passage’: The fatal ambiguity at the heart of the Hormuz MoU","https://news.google.com/rss/articles/CBMirAFBVV95cUxPTVNBcU5qVk1Tc096SGhvcHJuRE5peGVQLW9ZQ3FSOVBoMWZLV0NTcGhrSG81c3hteGctV2IxekVJSjhLaVhUcEhSWHptVGRhLWdwMElyWmtEbWtaV1VSZTFFNy1rWERjM0pfQnJDMFpibUtKdE0yVmNEcXRFajRXUFN1WnhVTmtjbVdPN25fQ3JLUWxqblZJbzJra3pMOVRCelZtUUNmT3dVbjdW0gGyAUFVX3lxTFA0Y2VoNmR0bGlwdzFRN2dfeFZxTjNiUUVRVkU0RHlyUDhSMTFRbWtVajRadm5BaEZ6QkVXYlA5NTBudEI1LTFnU2g2MHF3V1hjWm5FWTQ0c3M0WkpQdUVaeEYyRTJuTFRQMERTbVltRk9EYVFiU2toWjRMbEd1U3FyU2JDaFpVNlRISDNtdkxPdGlISGk5bHdhdXhqVVhGXzJUVllySURfcnQ0amxIcjBKZFE?oc=5","Al Jazeera","Arab","1784198201000"
"Jordan says air defenses shoot down 8 Iranian missiles","https://news.google.com/rss/articles/CBMifEFVX3lxTE82UDlYWHBocVA0ZnJOVTBYYVRGRTRBTUlIWThEbmZpY0NXcV9vUFJqLVFOVUpxTGsyOWFXM0RpeUwwNUJWTnRqeEVMUVJXcDhXZHNjdkxZbXZrMXRZUlQzVWNHT2NITFdTM2t5cnpOQmpFSDFnY0dZMnE4NXI?oc=5","Xinhua","China","1784198040000"
"Cowardly war crime': Iran condemns US strike near children's hospital in Ahvaz","https://news.google.com/rss/articles/CBMiiwFBVV95cUxNamV4ajk0WkxkYWFTMkRLM2N5ZTNvcHhIR2d4anRaUDFDZnFRTGVoaGxGNlZZby1WOS13ZU1aRlRTblNtME5OVXRLZkVRMVJTZFo5bUY0a09MOUNTTUJYM3NSMTNxNUxfRTZWUW5ybkxsSk01X1Y5Vy1fd3N1X1FCanNtN0w4ZUtoZTFJ?oc=5","Press TV","Iran","1784197980000"
"Hormuz closure threatens renewed oil supply crunch","https://news.google.com/rss/articles/CBMicEFVX3lxTFB1MHFaREFGVWtueTdBRHVtVnVDX2lIYkVKS2h1aHRHaEdDazdRYllXWHBRWTZkRkt3a1R3cG02YXdnSExNbHVkZTliTkVCekdyVXJjcUdRYWFhYlpzWGhzTVZtWm9vZUM2WE9xOXRLUTg?oc=5","Financial Times","Global","1784199610000"
"US-Iran escalation, Blanche grilled, Argentina v Spain and PayPal","https://news.google.com/rss/articles/CBMipwFBVV95cUxPbFViU3dQa3U1aXloWnJkaC1rR2FNdEo0aVVvd2M2dzZ4MmE5WmcyYkdTNGZ4bk5sdzNjbUU3aUhBZkVTbjFUY1BzR3VrX2pvY095M3p3LXprMThNYXFrTndRWFdENDlLdnVmQmtWREFIRVRYR0VDLVV3dWloV0Vlc25tWG9WQTB2YV9ienVHTENpVGdSc3hsTlNqLU1RdGd5VTBLa1ZoSQ?oc=5","Reuters","Global","1784197919000"
"Iran releases U.S. citizen in goodwill gesture, Trump says","https://news.google.com/rss/articles/CBMiowFBVV95cUxOekxoTlNSOHM2TlVKZ0NDUDlwby1sNTlsSURGNU02Nmc1NUNWb2FqZWFkVU9DT1pPeUQ5bmFKcEFqZ2ZmYlN1UDZ0STdabDkzdXB6RnljRlc2VUpPYUZfYjRuZWRkdzNKQ0RNSnd3dHVtLUNmWWpUYWVaMG9VNEItaDVQSDU1MHhxenF5MXg1OFVRWE9od1VocXp2VUw5dEtCZEpR?oc=5","The Washington Post","US","1784200029000"
"Trump reveals Iran released American citizen amid US strikes","https://news.google.com/rss/articles/CBMiVkFVX3lxTE0xNTZSNEp1LVRoSjRPQlBvNjdpcnMxc2pwU3FvcFRpVzVqcWkwbVJGWkR6NGtocll2dEVDbXRKRjZIMVpyYnRDSnM0cm05dko4SjBoNHJ3?oc=5","Fox News","US","1784199863000"
"Iran War Stems Dollar Losses After Lower Inflation Data","https://news.google.com/rss/articles/CBMirAFBVV95cUxQOHUxaGhFQ1gyNjRYd19DZkNwU1FzVnFFRS1CVW9sbzQ1TWxSa3puS005RHoxQ3I0dVM4dVk5ekNmWmVWNnRJYjlqUUlieWxRbHRpMXpHanExdm9tUXExLTJ5T3V1anhFZUdHeGU2UHpGeE5tdXdfNXU3bEQ3U2dkYndjVnVCVjBwQjBCeXhjcGxfTzFLbmVobVRfbExsYktXbG1vRHVSWmNyX3lh?oc=5","The Wall Street Journal","US","1784198160000"
"What's behind the Iran regime's 'revenge propaganda'?","https://news.google.com/rss/articles/CBMiiAFBVV95cUxObV9NM1hEUU9feXFZUlMwQTZzS2t3dV9PaGdCbHlqdjRaNjJLOHFCVzVSUWJsdHl0bFUzaGwtQmxNS2pmWXNid3ZPUGpyaEIxSFN0bGw0aTAyZkdIQU9nWEdHbHREU08wc0tndzdhbzVrNnliZl9QWHo2QldRTTdyc2doY3JWQTNR0gGIAUFVX3lxTFBMTDRGd2JQVERHQjdJWU5fNTkxLUVrQllhLW1mR2g3amxCQ054ZkhlYllrbjNwZlhrYlJYWmR4ZXVzd0t2aElTMkN3X0pMWEl3UWIxWDRRMXhoOHpTSmRWam1oMkR2T3h0VzBia3JKeTZWZnJMM25KOHh5MlBJbmtaT200NFpFZTA?oc=5","DW","Europe","1784200757000"
"The Strait of Hormuz: Iran's Most Powerful Weapon?","https://news.google.com/rss/articles/CBMijAFBVV95cUxPMkxMYmdMODMyYlNVUU4zZXQxZWhLeHFaWlNPeE9rMW5CZk5YZEt6ZEdrTTdsWmtwRktZVDk2Ynd6Y2NvbHlacjZNY0VPQWYxQktsSWNDS0taRUdHSTNFemYzYzE2VGU3TUh2cDN0Qm9YVXhScjhlcXdGQ1BtdjVSZkR6OVktdVlHRjNBag?oc=5","DW","Europe","1784198521000"
"Deadlock in the Strait of Hormuz: Shipping traffic collapses in a week as US and Iran step up attacks","https://news.google.com/rss/articles/CBMiogFBVV95cUxQZkdKM2VVNzkxX3lDenZiZ1YzUVRLMWpsTXNiblY2Q201dFFmTG5UN3JwTThKZHNTN3JJbWVkcTZrNUhvX0hZWVg3S2ZNeHVHSWRETnlXdm5MUDNrLWJxbEhNbHFaT3FhZldZWDlFMmQtYllxZ0VpdVdEMVRjY1pYWkFGbkkzUi1rVFRFd3VNWXFQRzdrME9YZ3R1bEJ5X29WYnc?oc=5","The Independent","UK","1784199660000"
"Red line': US and Iran trade blows in rekindled Middle East conflict","https://news.google.com/rss/articles/CBMixAFBVV95cUxNcHd2RWtpdjFBUHNQUHJ2T0xFY3VnMjAteGUtTkZCRGZRM001LWpPT09aTmdYWVR3YlBZdTU5RW1ET1pPTlpoUDhCbm1sS0xKc3lDYTVBQl9QZEhGcXdHd3A5c3BWSnExS0hqNjE5SHV3d195djQ1TXdBT0o3YkIwZE9YeE1yWnVOS19YREJIMVRUV3ROYVRRTW1UZm54MHkxODRSNlhOOERTWEczdjhnR2ZLMFAyaHNRakpMWVNxeXJnb1N0?oc=5","CGTN","China","1784199326000"
"Iran slams 'barbaric' US attack after hospital evacuated due to strike","https://news.google.com/rss/articles/CBMipAFBVV95cUxQX1NybkFicmJWS2N3YWc2bUFNaDZ2R2xXdEh2YWlkTFZoQU9GUXgyV3VXWFV6QWhMTi1lU1FDbDhBZGgya1hBWmF3ZF8yY19FMlJtUG1ueWpaSnBxWVl3Y0dZRDhRZDZJd3ZvSzJrWmctQjhiWlFOd3Z2WW1ybHF6dFpzSUlyeFI1Q1JCeHB5OE0zLUYtaUROcFkwampxRk9kSDhKTQ?oc=5","Dawn","Pakistan","1784198062000"
"Iran warns of ""crushing"" regional infrastructure as it strikes U.S. bases in Kuwait, Bahrain, Jordan","https://news.google.com/rss/articles/CBMifEFVX3lxTFB0UDBIcFlWV1dfQU9lZnVpZWphRGl1OHBqdVRnSlp0LWlqVzZERFgyZGgzaGViRGxqaG83UGtIcXE3a24tanRtUW5FUUpVaVRkbnpJTjgxZF9QNVBxQXplNy0yWVdOMU1pQjB0eEZMeHFib0cxdUs0UzVQM24?oc=5","Xinhua","China","1784202435000"
"Iran claims 'existential war' as Israel and US maintain military cooperation","https://news.google.com/rss/articles/CBMibEFVX3lxTE5UYWdBZEZ0YlBPNUJscHNMZmphbThXT21CaE5hTVpGLUNMS1pxaWJpNUt5bEN3TW5KdWJiT0xydXpnSnRCSnhWUHdSc0FCRUxITXU0dWVLdVRRUGpqVzVtWW90NlJRU09Pd1NqZw?oc=5","The Jerusalem Post","Israel","1784202360000"
"Bahrain says air defenses intercept new Iranian missile, drone attacks","https://news.google.com/rss/articles/CBMifEFVX3lxTE9jQUczLXg2bHI5RXhPWlRXV0h6Q1FHUDRkLU9Qc0pLUU1jQUUzdUpiWVFuZmJLUWVXdUhibHpERl81WWpYa2lzMWhBdENDUU1XcDZ2MFNDZkhvM1dHMFJBZ2VzWERFUTBhR0FPY056THZQWWJlWVJNY3RQUEQ?oc=5","Xinhua","China","1784202285000"
"Urgent: Kuwait's military says confronting new round of incoming fire from Iran","https://news.google.com/rss/articles/CBMie0FVX3lxTE9NQmF6MV9xN2JWWFA0Umdoclh0VFRkWmREMDdSSHJXVmJDUmViU182Y2tuVUxxQUV5SHlBSmtIS2w1NHJ2V0JldjNDdm12LWFoaWx6UzB3OEY1VmNGYlJsOHY2VlN3eThveFl3amFJb3N2VmR2TWtYcVVQVQ?oc=5","Xinhua","China","1784200635000"
"EXCLUSIVE: Iran tells Houthis to close Red Sea gateway if US hits power network, sources say","https://news.google.com/rss/articles/CBMiywFBVV95cUxQNnlkS245LVFESkFHd2V1MjVwTjdoSm9ZZmRWTlRUZ0dBdkN1VlRPUHU0ZXZLbjNVWGVIdGxldS1uVi1TOFctd2VXQy1jeXRmLWhyOVczWmpaRVY1Ml9sVWQ2N3ktdE5iRUNOcTdaWnZmNzdzT1M4NG1jMkNIeFVaa05YSHhRdHZYQ3BDS3lnb2pkYmFpYS1NR2E5WHBuOEFsTWljaDNsWGVqZ1VKSFlaNmd2UkU4aE1Xa29XeDNVcFdZZnh4bjFSQ1NuUQ?oc=5","Reuters","Global","1784202898000"
"Iran-US Hostilities Worsen, Trump to Address the Nation, More","https://news.google.com/rss/articles/CBMiqwFBVV95cUxPR19mMVE2RFctVnoySUhneXA4aklrSl8xd0d1ejlZU1VfOVE5dV9lTVRJbjhqRGVGbzJDTVQxUWlLY1RiSmxNc2J3c1VKVGxUdEdjZUN2cV9Hc0pIMXpNN2U2QzNkNUxlYm9aRWJPRFlIblNfTVRISjVuaHpwQl95Yko2SnFOZXYyTVFMYXRqTk1jeGNkalNBaHM2dlZUZXN2X1hqUUMydkJXaU0?oc=5","Bloomberg","Global","1784201581000"
"How Trump’s ‘original oil guy’ boosted US-Israel ties and played down risks of Iran war","https://news.google.com/rss/articles/CBMiiAFBVV95cUxNaFNIbzlnaVN6QXVwbkJtWkJrbEdzRFFiY3FNcWV1MmR3bndaSkVQMnY4RXk1c2k5YWlRUXVqbk5lWHlZam56TnNZaGpqdWQtX3N1Y1ctaEdfYXpJcEwzM1pYMGJTQ1ViTlNyOE93VzAzeWNjTzdwcTZta2twVW9rdkhYa3FkWmtU?oc=5","The Guardian","UK","1784203200000"
"US intensifies attacks on Iran as Tehran hits back at Gulf states","https://news.google.com/rss/articles/CBMisAFBVV95cUxOQnE5emhOTUNjSG1mN1d5dHdVZXpfYmVBU1FqTGI5clZ2X1J1VWVfMFZBZ1B5YW9RaE9IWXp1T29xcHVJTkhYc2VGeWRVd3l2ejQ0dVpWLVhhcGNkU2FfUjRvNkF1Q0xUbVQzZ1paWktiQUY2ZXNOUG9jNzBpQ2ZQcmdlR2V4N3VTcDlxRENCcG1iQXVyQjhXYzV1LXEyX3JrV3FQZHRPcjVxZU1kRGgzcg?oc=5","The Guardian","UK","1784203020000"
"Jesse Watters: Trump gives Iran the 'big squeeze' with massive airstrikes and sanctions","https://news.google.com/rss/articles/CBMiVkFVX3lxTE9WeXl5SElsbWZLUXZLNEdOT1M5ODBMUmlyTExSNHJ3MFNBZjkwSnpkSFF6MTRHdmJtd3gwdGxLdHZyaDdyeGFiWHo0cDFFZ0w3YWh5ZDlR?oc=5","Fox News","US","1784202584000"
"Iran threatens region’s infrastructure as U.S. strikes expand","https://news.google.com/rss/articles/CBMipwFBVV95cUxPbGp6ME1URkg1Zng1YjRkYk1MRGJxd09aRHRXVmhDbVBRUlRNbmNrQjZ0akM5ZWFKbmhsWFVqakt6OWE2WU1yZWUyaDJUMVg3Y0ZiUHBWNFpaRVJfdlhIcng0bWo3dHlGV0twNjZXOEJNbzk1SUt0N3pvRDdteGR6T1pRM191QkJEZWVPTzlKLVNHb1c0UXo5R2xiTUlqS242czZOYXgzMA?oc=5","The Washington Post","US","1784201860000"
"Strait of Hormuz: US fires at tanker as new Iran blockade begins","https://news.google.com/rss/articles/CBMiWkFVX3lxTE53Zzh4c1BzR2xsR08zRWRvcko4OFZzWVdPWTR1QTRfS3lYMUNZdnRrTW5Xbk8zRUpZQWthRy1McVJtbUpoVVNVTi1DMFlDQTBqUEJUSjNkZ2VDUQ?oc=5","BBC","Global","1784203766000"
"Iran-US Hostilities Worsen, Trump to Address the Nation, More","https://news.google.com/rss/articles/CBMixwFBVV95cUxNUlNWNDRPUUFIbmUtaGN1bXJVSlRCZ2RmOUwwczh4d3AxMll4TzBsckEwVVlCQTBMRjQzZVhINHI5aHNncnljRTdrdExmS1dTQnZmSk5lUnJwUUhRam04MWw5LTBURS1zaHMzUklkZ2N2ck45ek9VZ3ZzcEY5NUZYWjg4bHVFQ3EyTk1OTlpWTUVzbll6QnFiNlZud0c4VklfM0ZpZnpTUDU3VzRzY0h2X1hlWGUxNldrMGYtTDV5aGhac0xIdV93?oc=5","Bloomberg","Global","1784201782000"
"US gas prices edge up again as US-Iran tensions heighten over strait of Hormuz","https://news.google.com/rss/articles/CBMiiAFBVV95cUxNaWxHMFFoQ2FEeDZIRWJoVi1vNDcyMG1Od0lQMFowbjB6WjVKRHprblhqVHl0aDhNZmVoV1p1VmRrWDhodDlsS2xOUEg3NElzODNCRTRtWFBjYlNJeHRhWnk3Vkx5Q3hxVjRkenlXQnBwRVg2Q1J0T0NiOVB0N1VxeXRqeW5PUjVa?oc=5","The Guardian","UK","1784204886000"
"Oil prices steady after latest wave of US-Iranian strikes","https://news.google.com/rss/articles/CBMilgFBVV95cUxOeWpoYzRMQUkzaC1VZDBia2FqWk01d0N1SGFfeUFLYWM1VzVrU0YyTmZ1MDhXbEpxcDBPSDlLZDM3ZUdpS1c2c2ZKZVhJV182NzVlQmJsZGNoTnZRemJYelVoOEw2WlNQR1pObjJsakJ1THRxSnlCeWZCbF9sY2hzaVZFVHF6NHZnQVhsaHZmM2Z4Z1M0Wmc?oc=5","Dawn","Pakistan","1784204732000"
"Sources say Iran told Houthis to prepare to close Bab el-Mandeb strait","https://news.google.com/rss/articles/CBMiakFVX3lxTE5JOC04S3R3eVBiZ3hwMW85U1pCMVRsRzRRcldHUkFGbEE0cGZ2OU90cm9XQi1yNmhyLWVUWjc4eFowRTJIaU94NTJ5TmhaYlZqT211ZGwzQWU3ZDVqT0RZTHVHLXNfWEhMb0E?oc=5","The Jerusalem Post","Israel","1784204661000"
"1st LD Writethru: Kuwait says air defenses intercept hostile drones, condemns Iranian attacks","https://news.google.com/rss/articles/CBMifEFVX3lxTE9mQ1NfTTJqUURrMkwyZEc2OWdqWW1ydGN0SVBZVGZET2Vld3d5dGxxbEp5OTZCa0owOWJRRUd3R0dldTdHSEp1TFJOS3RFcjFDSTcyT2lTTmxJaldwX08taTMzb1ZKSnBmcXdfQkJRVmdaaWx4S3BXcWpXSDI?oc=5","Xinhua","China","1784204505000"
"Oil Eases as Traders Weigh US-Iran Conflict Risks","https://news.google.com/rss/articles/CBMilAFBVV95cUxQbmt3bjlfMmZjR2JocWp1a2dvNVdwUEhxcG1PeGs5Zi01YVJKME5IZEVUcm5fRUUwUXg3LUpUU3o1c1J1cVRSNDAyM0JhZDlhbngzTWttLUxTVW9OUEhqMjhsZEhudm91dGZzTm9weTJkeWZzZDZvTDl5clcxRElPcHJLblkzWTNUS2JudjB1THhwUTE2?oc=5","Asharq Al-Awsat","Arab","1784204464000"
"Iran claims strikes on US bases, warns of wider attacks on region","https://news.google.com/rss/articles/CBMitgFBVV95cUxOTDhuemFQRTZmSzd6Mnltd2trakNvNnh0XzQ4X1M2OEYwcTk2S1dCNk5BVkpsU0o4UFNhOWY4UVRDT2IyOWpyQU1hUU1RYUdXUFBBZ1VyVkFQYjBNd3JNbHFGQUNPc3UxdHdyRW5IM0lXQzBTUF93VUYxeTZ3WjA5X3hTa1gySDZpTi1hcEJ0OFBRT2JOVU5UTFZ6eHExLWF1VGVsV1NCMktsWnI1US1FNlp1OU5OQdIBuwFBVV95cUxOekpMSGFYWDhoOGIzY2hMLTdDYjljQ1RSUmZybFM5SG5VYlVPVzIyT1NqanBZYVpDRjhkTHhHMGI5V0ZkLUpsM0RFekJBLXZ4TWFKMVJqZVM3b2pualdSX19OMzNYcURzWUN5M1RzeWJCOU1uTHI2SU51UXB0ZWFZUWtPdXYzWWRWZGFSc1FUby1JeFJhd1ZNUTFiOV9kTnYwajZBb28zTHFmQ0xCN3JXejFKc0JCZWg5dTdr?oc=5","Al Jazeera","Arab","1784204109000"
"Urgent: Iran tells Houthis to close Red Sea gateway if U.S. strikes power network -- media","https://news.google.com/rss/articles/CBMifEFVX3lxTE1QanFSNEp2X0dHZnZ5SGgwUTQ2b252RXZrRUxFb0xXV3VkcTRXSVY4WFRzWDk5TlNNX0ctV3dudEFvN2tMYVhfQWh3My05MFI1UTgwSER3SEZlSVNuWGg0TGJvZWhLRWxkeEtBVmRCXzNsQzdVZHhtemN6c1M?oc=5","Xinhua","China","1784203770000"
"Kuwait’s military says responding to new Iran drone attacks","https://news.google.com/rss/articles/CBMipwFBVV95cUxPUmdmTDVYVk9JTzdhTUU1VnhHamRaeTRNejA2SThuQk1IdVFoWHR2QUcyblNQckNfZ192NlNpd05Zd3Q5c05wZ1VEM3VocHRxZTJBMHU0SXRPcUsxWnAyMVlrRVFwOThyMU10dDNyQy1VVVdsbWEyR1hOZVM2OF9SYzJXSEZuRTdNUF9MMjJsSWhxTVMwR1VDR3VJOEVqaU1hZm9DLXZpUQ?oc=5","The Times of Israel","Israel","1784203625000"
"Sources: Iran orders Houthis to close Red Sea gateway if US hits its power network","https://news.google.com/rss/articles/CBMixgFBVV95cUxPc015bnhvSVFFSmJUcU0zMW5wZ1U0a2ZIUFJ6Y1BNYmdGaWI0b25VTHJDc0FRS1lORGVoM0hob0dQVGxXNlN2QUxZbmpSM1BId3B5SHVTT0F1LXZGRkZOdi1QbUxVdjRGVVZlVm1WeGhaUVNfdG4tMDNTWk9fQ2RMTWF0SDZCek5KZzlEOExaa2tyZC1scFdaR0tsVjg2bDRON3dnT3pjUEJoRUdOcGpJQ1JYX09DdlpKWGFNLWRHVHo0MnJ2OEE?oc=5","The Times of Israel","Israel","1784206520000"
"Iran's custodial role in the Strait of Hormuz beyond pipelines","https://news.google.com/rss/articles/CBMirwFBVV95cUxPSnl6VVVZNTV6WEx6XzBhWmo3RnJ1TzBSeExieDBWb1lPM0NVSU9pNHF4WnRYSnJsLWxnNFAydmtIdWdzR0Fjb21VY0QtaXJIVzAzS1gxMWFaeGtaTXB4RXJHUFUzSWVuVzZudUdnZmxVNVJSSERfeUlqSHR4ZEFLNEpTNC1oeUtET3MySnU1Z0ZjWmN2NTFseWFrcERDNEdzeWRJM25LTFR3Z1dUdGtR?oc=5","Press TV","Iran","1784206200000"
"Fact check: Viral video does not show Iranian Navy destroying ship in Strait of Hormuz amid renewed tensions","https://news.google.com/rss/articles/CBMiwwFBVV95cUxQeU5GMm5rN1ozbngtWlVuUGstdnBhVmdxMXNBVE55T2NWcVlCZVRjTXlnc2NuVHdHb01Pb054bFB0V3N1Z1g4QjFHa2hfdktIckREWWNoSDB6ZHc3S253M00tTmdvZnRUeXdqNDk3NG1LQ3R1c05ncWdJcmpjZ0o3bE9XbGhBUjVCYU5KUFFxQUhfYWhjeGhFVnNTWXhzMGFjSEtBTnNxRHBzRnNlbjBtLXh2MVdvc1hQakgzUFF5ZkR6bTDSAcsBQVVfeXFMT0pJbDVKdS1ydEJMd3FaWnZPM04zbW1XN19ib0pSbjVyNGxOWkVfS0lpT2RQaGpXS3VEZndCRmVaWFJZLWdfc3JMLUFQRnZYX04tWndINTZrdlQ3MkNkR3o2VkdtTngxRm5hM3JUMkowbzRZUm8wWTlBU0loWF9CZEZOb0dMY2dRNHIxVlJVYUphU0dQc3JxZ2VyanpuVmV0OFl3NTluMnZzY0dKb1BGdDZFTVdMalNrVE51ZFFjVGRsM21COFRGQm50ZUE?oc=5","The Express Tribune","Pakistan","1784204533000"
"Continued Escalation in Iran, Retail Sales Rise Modestly, More","https://news.google.com/rss/articles/CBMiqwFBVV95cUxOUUR0TTNlcXgzRGktY19RT0RhTHJfcncyQ0dUYkczZUxFNTVZa3g4Mm5heHREVWVfQmU1TWtTdGVRSWVSeVJXei1WTEdPeC1MbXZ4RjlFMDFRYTFRUjJkLXhDaC1CSFdmU3NxNWRLd2VJS3BzR2xtb0ZzdFBXUTR0YlJreGM5SHlHdXVrSDdPYS1NTjVEa1dpZGhFZGthbUc3ejAwTjdUSkNtTm8?oc=5","Bloomberg","Global","1784206519000"
"3 islands help control access to the Strait of Hormuz. They’re in the crosshairs of the Iran war","https://news.google.com/rss/articles/CBMioAFBVV95cUxQX0dxUnpMQ3dvWjBrLUFIRFdwSzktYjU4TWdRT0hENTROVFhGQ0FESU9zRGlsc1BNZ3FJZTI4bTczLWJHcGoxZ2I1OGZObENrVWkxa185YVhIQjhqMEFKcGE1aTdPUzd0WFdGT1N2OEV5anB5YTRLdGd5bmltdklvLTI4TUdqMnVlNTJUcmJEUXRvMldlZk52R0pINHZKTHg2?oc=5","Associated Press","Global","1784205960000"
"Most Gulf area economies face deeper downturns this year on Hormuz disruption: Reuters poll","https://news.google.com/rss/articles/CBMixwFBVV95cUxOTVcwRy1SWVVENXA0V2pFV1JLNXJuUnA4RUFlWm45ekF6T2NVRFVxSWZiUGtXb203SGZPVEo3OWZpWEhBNjQzQU5MOVBOYkh6LTNlazB4ZUZoZTRZV05HWVlOY0FicDY1RXRrSnpSLURlWTlid1p0YjNRbzZxVExWY0FTM3pQZzRZNXpNeHNVYktMNUlhdUVfYU1hQ05LTTdTbUZUVlhzMkZvRkJiWWhxcHpES0h2bTJqNXNuSW1STm5BVFhJQVFN?oc=5","Reuters","Global","1784204840000"
"3 islands help control access to the Strait of Hormuz. They're in the crosshairs of the Iran war","https://news.google.com/rss/articles/CBMivgFBVV95cUxPbXFkeHFKY2NmWW0tTEZuYTRiTGRHSTV2bnRKTVhTSElkdHU1Z3kzbWEyemNQMjI4OUc4UmphVWdveXlJa29Ub09STHM5SEtJOTBfMExsQUtTNTd4WGFzUmNFYlhRRi1aMTFKLXdIV3Y4anNOSHdYSUswWDNyOVJTWFZWd0FnM3VjOUlsdG9LWjZneEJOTEhDUnB4MXlseEoyTEFVUGVzanlDV2RLMXhPUzRkTVN1S1lZT0lyLWln?oc=5","The Independent","UK","1784205960000"
"Strait of Hormuz Tanker Traffic Erodes Further as Oil Prices Rise","https://news.google.com/rss/articles/CBMigAFBVV95cUxNZk9iNXJ3ZzktdVpINVZWV3FVeVZtUVlkWGl6VW9oMm0xdlVlOGpQZmVTWmtQT0dwcnZPNzZpYXlCVnRtbUNSdHRMZk5EczM1OHRfYVRWQnl3VGI2TkMxaGhtWGxMa0xJV2tMSlVaOXRmcEhTYkNuOTk5WEE3d1ZVZQ?oc=5","The New York Times","US","1784205943000"
"Trump walking 'tightrope act' with Iran bombing campaign, expert says","https://news.google.com/rss/articles/CBMiVkFVX3lxTE81bW94T0JEeU9vRVl4ci1aUlFWNDdqcXh4SnJQajdwLXlzQlIzX3JQVW9mY3VpMjVkNmczWGw1THhsQUQ3X09kWVNveHFwUTBqUldXUjFn?oc=5","Fox News","US","1784204319000"
"Middle East war rekindles as US and Iran resume strike exchange","https://news.google.com/rss/articles/CBMilgFBVV95cUxPUXdUdWYtdW9ZUlkzNkFrRE5MVkJiT0kxNERucEhxTTRNQXJYY1VkUnhTOHo0ME9GUWVDN2ozZXc2Sm9pdWJaRVlIeG1qYzQwSTRUR1pBT3RCRmFRS1VpY25kVHBMc0gzYU5sRk5CN014ZmdSR05aMVFORGNENklWbFowRzRVNldFb29NaXVBekJJZ01ZaFE?oc=5","France 24","Europe","1784208177000"
"Fact check: Viral video does not show Iranian Navy destroying ship in Strait of Hormuz","https://news.google.com/rss/articles/CBMiuwFBVV95cUxOYzg2dVh3Y1RqYXdJdXF1N2laTDl3ZU5SZFBaYV9UeXlrOHFkWW5NcHZvZjVyU2FhNnBMVUxhaUpVVGs3eGRQMDVBWllHTHRtcDVnQVo4a1dONWRXM3JXRHJtaDU1cXNObmd6b0IxcUY5ejNaM0p3VHBlcl85ZGFJT0wzUjdnWmtEdnQyR09MNS01dTUwS1huSDF0S0R6dTM3MXNFbFhGdWk5T3l3c3NSZ2lCU2JEZHlZeENB?oc=5","Dawn","Pakistan","1784206912000"
"Bahrain responds to Iranian drone attacks","https://news.google.com/rss/articles/CBMigAFBVV95cUxQTW8xRWFKVEoyYUxFSE5aV0ZiUjFNY1loa0NSV2hfbERvbEtiVDlkUjdrRDduWmppazdhTzJpRVVOMUItdm9ibXptb1Q3UzN4VlI2SlVwbHBtYkFJbnJCeThZUXNBWlhTZnk0a1dzVG84SHdkaVdWSTJLM2g2SmRodQ?oc=5","Dawn","Pakistan","1784205479000"
"PM Shehbaz warns renewed US-Iran conflict could hit economy again","https://news.google.com/rss/articles/CBMioAFBVV95cUxNcmpzMWZqOFFueW1YYWZuNzFjYVB6enhoMWJFTDVmQW45eTc2OE9zdnlrZG5jOWkzTk5nLUJrYjRNOWtWc012M2h4MlNmRWdCN1RKWmtaLXVycUFjbk9Ld3htUWwwYS1WdG5QQTdndVJpS3hFbWlTbGp5Vnk1S3ZTR040M3hjc3VPanN6ZFVNTVRUaTE2SjV3aWszSVhDVW1l?oc=5","Dawn","Pakistan","1784210221000"
"Iranian army warns US to expect ‘surprises’ if escalations, memorandum violations continue","https://news.google.com/rss/articles/CBMiwgFBVV95cUxNNXI0QkJ0VHN6enZ5Zy03eW9QbjRldTlNZzFxOU9pbERNaG00TUFEQ25UQWVVaFBFTjVXTVRIVENYaUxHZmJNVnVOVWt1MEJuNHFBZGx6NHJpVXVibVI2Z3pMSXN6dmFITEt3eTlnbV9makVjTXRYR0FNOWNSMENTU1RoN3BrR2hVb1RWdDBuRVZISkxOS1FrR3VwVjJic2R5dWJWV19iSlI1WXl2Vk5PQXRwX29vc3JYemdlN0xQS2tOdw?oc=5","The Express Tribune","Pakistan","1784209950000"
"Vance Says Some in Israeli Government Sought to Sway US on Iran Deal","https://news.google.com/rss/articles/CBMiogFBVV95cUxPUW9xQ0k2X092bnhpbUhrQXgzTk5KM2lSalNPYVlTNVoyMTZ0NkIxMHVBbW8yaXItem83Tnh1el9WZThwdkNvRjNKc1ZocW1Kc1Q1VFpQTElURl92Q3pVT0hXMXc4cGF1Xzg3Y1JiS0JoUThld1BaTjNXeWktQ1RSWmw1WldXbGgyWTRTcjJRTlZkaGF3b1YzRnJGSmFHMVRQWkE?oc=5","Asharq Al-Awsat","Arab","1784208710000"
"Stocks Fall on AI Trade Jitters, Brent Tops $85 on Iran Hostilities, More","https://news.google.com/rss/articles/CBMinwFBVV95cUxPWjhwOXcycU5LaXQ3RzBkNVBwTlpOX0RNbVV2YmpaQUdNRDUyM1hnY01GZE50enhHOGZSTEUyMDJSQVVxU1VGUWlyMTBOUkxWUXdmYkNNbnNMOGR5cExlUkdNLXVIWmMybWJqZW5VUXNWXzZjckt3aTNDYnd4MWdOc1F5dzA5MXVsSlRNYzhRZldoYUxrNjZwMHUxdGZIOHM?oc=5","Bloomberg","Global","1784210019000"
"Iran vows to 'crush' regional infrastructure if US strikes escalate","https://news.google.com/rss/articles/CBMiqAFBVV95cUxQeU9oSlRwTWRiaVJfcDRGOUVETk84VWtwRWRYR1hDcW1qSHZvalFoa1RSSXR4ek44OVdFWG82OHZSQ1RQd0tuN0hjOEdLWURFOXNBeTkzNGo1SjRTZFV5cGMwTEdQSVd6Q09VZzRsaXBGRF9IVlJSVWxYMFAteXF5aGx4cmpURUo4bHJjbG9OYWdIbFNYTkFBM1NGeW9tVTdJSm1QVlBFd0k?oc=5","Euronews","Europe","1784209959000"
"US launches hellfire missiles at tanker headed for Iran’s Kharg Island","https://news.google.com/rss/articles/CBMirgFBVV95cUxQNUhuZ2RZOXVwVWZodWFRZ1dTMjNiV2dleXE3RS00d0hGc3dNNWhoYTRWNXZsX3o2UHllSmQtTkVPa1NwTEJ3R3YycGJENWJITGdyWlNPcThFaXZYem1KeEN3N3c4QmJTYnRHT3V3QTBDQmNSbzcyLXc4cDM2UWlkT2ZqQTh5UEhHUnZ3LS12ZldrdEp2UGFnM25jbkZfUEZENmFxc1V1dURsU1l0bGc?oc=5","The Independent","UK","1784209920000"
"Three tiny islands are once again in the crosshairs of the Iran war","https://news.google.com/rss/articles/CBMiyAFBVV95cUxOZGNwX01ubVE4R0s1ZnY2alRib2haaHlnaTdVWjF0Y2VPMWc5UzZ3VXpvWHBDVDhlR0NlUEktY2c0U0hyUGlJcGtpdnFmM3N3azFYYURJRDAyeFhqNHZLTUdTYVJHMHozbVl5NHM3anppQU9iVHpFaWxJblJ0bkwxNnVkRjN6a2Q2dEZCTVpRZC1US20wSC1iUjh1SUoyVTRBYmhDNVV3d1cyLVEtZFdoNkpQWUJFZlVnamR4bmkzbmZTbWpIR1hSRg?oc=5","The Independent","UK","1784209860000"
"Trump Has Threatened to Bomb Iran’s Pickaxe Mountain. What Is Hidden There?","https://news.google.com/rss/articles/CBMiuwFBVV95cUxNT3FhSGF1T0ptS3V1LUdoZEF4N3pxczRxdUdjQVcxdGt1Y2wybkdzOXQtaTRxYURrLXZNbmhBRmEwZUZJZUhsOUVBOEJJUmt1VUtnMkYzLWl6d084SFh0MnlGT3I1TkhBR1pGbEp0Vk1QS3dGd3pXM2VfUXhvc3FYNWxnSldpWkFMNHdyQ2h2NHFBNjVqTWRiZHVZUnY2N3ZVdXZMYTJPeGtBOWRfN2loZVlqWF9lcVE2OE5V?oc=5","The Wall Street Journal","US","1784209800000"
"Beloved Law and Order star shreds Trump over ‘deranged’ post about Iran war","https://news.google.com/rss/articles/CBMirAFBVV95cUxOMEs0bzNKNmt2ai1qODY2SEtOd2NyYk9SNHA2Mnp2WlpERlNZaExhdW1vZU50aWU1OHozM3N6TFJkNURHb3ZzZTBReS1Uc2dTZGRrRlk2NVBiYm5xR2FGQUNBdFlidVJ2MWlDaER1X1B1MzMtaW5ZaF80T3VydS1SWXRsWTh1N29rbHN0V0xlbnkwanZtZ0UyNE1Eb0JWNXRMZEc0UGpra2ZqaU0x?oc=5","The Independent","UK","1784209380000"
"Pakistan worries about being drawn into US-Iran conflict after Houthis attack Saudi Arabia","https://news.google.com/rss/articles/CBMizAFBVV95cUxQSFhQU183WFFqVnZ6Z2VtXzc2LUk0eW9kSzZ4d3Y2Mk9fMkFmQTYteGFkeGZKMW1LYzFOclEzWWRQdDFZVFUxcDYzd1hGanh3WWJoZ0tDc2ljNmZ4aVN2cURsMFVtbXh1YnhaeG9pU0hscWFYclR3QWVDRUtobUhGQ2Q4ZkVfV1Y1STVsdk5QYnhHUy16UjFpMmhFRWV1V1FQRXhuTXdNOXdIVXB6b0tGV2dyMkNTVUJZVDNSeWR5VGdidFYwWGQ0cm5Eb1I?oc=5","Reuters","Global","1784211018000"
"US-Israeli war on Iran pushes European airlines to bankruptcy: Report","https://news.google.com/rss/articles/CBMi2wFBVV95cUxPSGQtcWUtbDNydG5RVXotQTBNSWJCX1VPYVU5MlI4V3Fxb19iZFVkd0Ezb21FNExjNC1mdzdpeDJYNWZKRktyNWd2eUZDU0hCZ3lhMXoxdVBwcHlMTG1EVGZKcWNMRTczQU1IM20yWkRmSXliR0tBZUZHNDJJakFPVXJYbU1MYVpHeTRMUmpYSXhuUzRtaG9SdFMzeEw4SXJzZHpxbDZSSTZjb2xBNVg2ZEQ5eUtjV253TDZsUlMwVXYxa1NWdGFpSTluVlNaT3N2ZlZxMVY2V3hKVTg?oc=5","Press TV","Iran","1784212140000"
"US or Iran — Who needs a new truce deal more?","https://news.google.com/rss/articles/CBMihAFBVV95cUxPWm9nN3hmeXl4SVdqVnVZNkNfUGxtSUk5b25pQ19yNTJ1bFF5cnA2YXRwQVhGSUVUNzJVcHRzd1d0TFpaRjNEd3FaRzZFZ2dKdEM1U1hGQlhONXJLZ1NKVVJEWTJXa1loNmlrc2w5ck43T01CVmxnX3p3REYwalZrQ0h4NkPSAYoBQVVfeXFMUDhERWxVeGwtQ1JuNmlGTWdQU0xlRVNiekxRR3F6d1N0Y3RlWkgzZUdicDBPLXVFV2F5YmVmREV4STBXcktCYmNCNE8yMEhRcDZaSjBSWGpCeVU1ZWRYQUE2RTZFaVpvQk1rYTZmQ0lLRkZqWWlXOTI0czdycURIUnBhYXZqb0RwZmhR?oc=5","Al Jazeera","Arab","1784211300000"
"Iran tells Houthis to close Red Sea gateway if US hits power network, sources claim","https://news.google.com/rss/articles/CBMitwFBVV95cUxOOVFsSjZXNHZmT0ZNS2I0ak43S1dIOUZZYkJSSk41dHhmeVNtaDNWYndQa2R2Qkg0VzcxYThxbHNVOGdvSE1kUVAzT0c2blZqbVpiYXRzbWRabk9jN2s2Y2w1bXVyVE1CWXBEU25SUm5ETmJDajJMX3pJM083bUxjN0l0NEhuZFNZeGNjRGxOTGh2dFZtOVJsa1hHUkR1elBMLXhqU0RPc0t2aEd2ak1uOG9wbEgzT00?oc=5","Dawn","Pakistan","1784210058000"
"The Trump administration is running out of strategic options in Iran'","https://news.google.com/rss/articles/CBMiugFBVV95cUxNbzFsSFZwTzhGR2R6ZmFwbWdtYmU1SzFrUWtLM0tXaUxlX1BlYm43d3FVcW9ocm1pT0Q0RVd1ZktZdVphSXpDMmFScFVXTkNhN09pSW5oMFJVVGtxT2g3eGpEUXJzQTJ0NzhSc0xBNndsMzhxdk96N05XWWtEVXlKOGZEU0hhUW1lZWRRdmwtczN3dlNYdWVfNUl5WjNFR3YyNTR0Uld5RDUzZHNHRjcwV3JrQ1Zmc1NjOXc?oc=5","Press TV","Iran","1784213580000"
"Iran calls on UN rights chief to condemn US attacks on civilian infrastructure","https://news.google.com/rss/articles/CBMizgFBVV95cUxQUVV2X2ZDeVRpTTY1VEVocEhfZU1RakhZREc1Z1VuUHh6cFNYV25RanBfcHJUT3I5TXpIWXVCRlU4dGJtQTdrejJBWHhPT1diNWczWGpiUnE4RE1MY1pGUHhUWUhBR0hIV3diSi1SUUlKaEVyTVpyUTY5djBfUWxCZkJrbXdjOWkwVUFHMGkwamN4Q3FseklSQkdLdE0xQWVicGpnYllndnBRSWdJeHJPN3FvRXdudE0xVlUtaXZpTUxRSm85WWQxTjVMMXVRdw?oc=5","Press TV","Iran","1784212800000"
"Iran tells Houthis to close Red Sea oil route if US hits power network, sources say","https://news.google.com/rss/articles/CBMiswFBVV95cUxPekc2eUlJY0JXTEtxbzhLRG1hWUlzWGp1VlBVS3hzb2M0eXd3MkRUbGl1eHNudC1VTVA5cGlyLUxGUURteUxJUUI0bXVWdGtKRDJXQWJBa3k2Tkt2Q3UwdlFfWVRna0NfWUpoMkpIMDVvaVJsWTNtODctZEp3VWpsLWpzemV5NG5FT1dETU4zUDhmcEY2ai1fWDR5Q1FUOUlSazQ1dVR2MHpockRnZ0NxS3U2b9IBuAFBVV95cUxOOGpMQk5URUV4V1o0bzh4b250aU1oYlVyU3dlMHBOVzdsV0xQTmxIT1oyX29yZzlpMzd6dzB1V1k1REwyYWF4RWJwazl0eVgzV19WMmdaMHdEaFJmZVdlaURZZm9rZm1ZTUJqN1ZCTFJNQmdfMEE5WU1tbi1nTHRVSHVDXzVEeXpzcUM5OURwR2c4Z24tZTlNN1RsakZ5bkZtSXA5UkxzOEEtQlZ3cENKRzc5RVJYS3Zn?oc=5","The Times of Israel","Israel","1784212267000"
"WATCH: Cancer hospital in Iran's Ahvaz is evacuated amid US strikes","https://news.google.com/rss/articles/CBMioAFBVV95cUxQVV85Vk42SnNIeDBaNzZfa2VhSVhKTkpQV1I3M3d1QkQ5d24tOW1DRXJuSkZRUnFyU3hWb3hCUmNZQWN3Y1NUYk8wS0dYM1JUM3ZBV0QtNEItNVNueDQxVHdDcllacmNITk4xbm01OTRnTGZDRUNUUGZYM0V3UTJNa1ZTbTNRejBzcmJOUkVlaUVxYW9fakZ5aFBtUUwzMjEw?oc=5","Dawn","Pakistan","1784210595000"
"Trump to Address Nation, Hostilities Worsen With Iran, More","https://news.google.com/rss/articles/CBMiqAFBVV95cUxNX0hvSTVJUDJFMjM0WU9RVkFvZjc0cWVYM3BjZHBYaHhQQjBicFlwNnc4UkItdUtMXzR4ZXJzMTRDSEc4aTJOek5QdzhrZ2tUbXp1aTdsdHNkNTI5eHhEMWhxRkxkQWFkOVZxQ3d6aGdaN2tfWWV2OGJGYnJxaE0taXUyQnhRa1BTMERudWtnZ1JsTm5kVXBBOWhqMHBlSlhpcWIybm5YblI?oc=5","Bloomberg","Global","1784213075000"
"As the war rekindles, what options are left to the US and Iran?","https://news.google.com/rss/articles/CBMikwFBVV95cUxOeDRvNzRTMURUZ2hZeGtYbmJ2dmlnRTAwSDQxbEZacTRCM0E1bXVwZWhqd1hRWGtUOGh5bGcxNDdjRVJKRWpKYXNoeV9Eb1NNUmRmTjl3U1o0WWdGZ2F6WUtSb1NkRld5cGVMRFRPREVSM0Z4a2szbGpuWjlvWFk4WmpPNmF1Y3pWR3FTazdTdU1BdDg?oc=5","France 24","Europe","1784212699000"
"The three small islands vital to controlling the Strait of Hormuz","https://news.google.com/rss/articles/CBMisAFBVV95cUxNdUlxR1dZOThRLWV4ZUhxbjhqZ3FmbmNIY0l6Rk04NnNJaHVTZmVtbF9fNHEzNkdncF80S2NCcVpPdEl6TEt2WGhnMnpxWDhoR3lxTndxOXBmQWdmbFN6bHNCelVxVEp2ZF96S2xVMEpuQ2tjUGJuZFU4OXpSNEttRXZWSmoya004TkRSZ3pBcWhpelZGNkZyUFF1blp4aC03Y3RBV1Y3enpENHlyaGFTSA?oc=5","The Independent","UK","1784214360000"
"Maker of Drone Boats Used in Iran War to Open New Texas Shipyard","https://news.google.com/rss/articles/CBMiswFBVV95cUxOeWlPeDZuLWhvWkQ3X25rRUxSYmt6WkE3bjhKY1dsVS1OQ3R2WXpxdl9VWDN5S09CQndRUDVmVHZuTkM2MWpIMWhuQ3BnLWlwdnIyWWxCRkJRaXE4Y2hSMnFkRGtpSTY4b0R0ZzlqdG1HNGxkdlpKMnhERU1TNlZHSlRhd3U0TktxU01PRlBwbHhfcncxR3laMWNzc25zUzhmZTZNTlJMNUliZFV5OW9XZ0lXaw?oc=5","The New York Times","US","1784213128000"
"Video shows Iranian drones shot down over Iraq's Erbil","https://news.google.com/rss/articles/CBMiZ0FVX3lxTFBnY0lNTVh3TGlvbUVCYUNHbFR4X3B3RjFtZ0dTUVZYSnBucXBUR2dMOEZKT2M1dUZhbS01dDhfby00YmtiN25ydFVUUllWbldjTFl3eExLeUFNRm5nU2ZCZExWQmdYdjQ?oc=5","Reuters","Global","1784214762000"
"NEWSLETTER: Hormuz uncertainty keeps world in inflation limbo","https://news.google.com/rss/articles/CBMiekFVX3lxTFBJbHdiazVfNkZfZjBmdXNYQ2JnbU5DSFFsclpYNlk4M25mdm5Kekk0RVl0S01xUGl0cjUteG1GSHlWNmZ1S3BsUmVaMExtZldtT0tSbzNvb0kxd3V0X01BbThUSWx1SDY4V0IwR3JySGRsZ1I1VklPX2xn?oc=5","Reuters","Global","1784214000000"
"US intensifies Iran strikes amid naval blockade","https://news.google.com/rss/articles/CBMiVkFVX3lxTE1vVnotaFdISXF4d2hUa2w1Z25nOXZNV0dlYkVHN19teHVTajVoTmdfcEpoMXdEcXJuenBsWmxhbUhZZkxtYi1uT0h6ek1aQWo5WGNCaTJB?oc=5","Fox News","US","1784215375000"
"Americans think Trump won’t get a better Iran deal than Obama did, poll shows","https://news.google.com/rss/articles/CBMidEFVX3lxTE9iN01IUnNwcHRaUGZ4MXlUamNJbS1zeXY2aTFBMm96cVRkTlZyaUUyZHB4R3c4a2ZiVWxJNG9ERnYxRk5NdzZFYWxjQzBULVVrb0pnVEY5V2pjckIzUVB0Z0ViaTR2VzFPTWUtQzc4QkRBbWdH?oc=5","CNN","US","1784214978000"
"US Marine colonel: A ground war in Iran is a trap with no purpose","https://news.google.com/rss/articles/CBMipwFBVV95cUxQQW5veVA1MGtMTjl1czVhbEZFVkM1Tm9HRU94N2dadlkxWDctaDN4MW1VaVZmeW5pSHNyQ25kNlNHMEdYNHlyakRhdWFVSmE2bUJ5ZXBPbm1kdksxNkRkcUtyS1FRU2NpRFdPODFnanplOXhwdXVTUGtGcVBsSEpZSHVfSzh4dy01LWJTaXhpd25FV1NlUklvUDBwSGhQcG1pOURWNi1Gdw?oc=5","The Telegraph","UK","1784214360000"
"Iranian FM visits Doha after Gulf strikes and release of American dual national","https://news.google.com/rss/articles/CBMiakFVX3lxTE5YTEg1R2JsOXJKMTBsTjh6N09hTkQzWFZCb2JFak05V2R3bGFpcEFtTnpyakt2eUlCMFI0QlR2TlZtcGk5S0RFTVp5LWtKQy1ydGpITE1WWnJlT0NTRTJpVzhLMlpzNjExN2c?oc=5","The Jerusalem Post","Israel","1784215472000"
"PM Shehbaz calls for preparedness amid US-Iran tensions, warns of economic impact","https://news.google.com/rss/articles/CBMipAFBVV95cUxNczBjaGwzT0laTzd3RlN6YWRXZm0xMkk1WHlaMEpWZzl3Q1hvQ0VDTUNNZkhrSjZESk44aWdaMW1mRVR0d29iY0hHTDNvaEdVQUtLM0ZZU3BWWFF6MUpSaTdqV1l0ZTl5alRNQ0FXQTdERDFaNXN4YzdoOVNZWXVwbDRHQ2F0ay1tRENvTUZ2VDRSTGVrQk51dWJuQlhWUVEtRWdURA?oc=5","The Express Tribune","Pakistan","1784215398000"
"Iran tells Yemen's Houthis to close Red Sea oil route if U.S. strikes power grid","https://news.google.com/rss/articles/CBMikAJBVV95cUxNaHJtQ3V1anczR21CZTRTV0lMQk1FSktocXJCaHJpSjBSOWhRZkx6ZXRmVFVqbVJ4NDhFRDVfc0VuVFNjb2x5WmlFQ1RQOXhyZmJiTndNT21NWmVMNUROdTQycy1HbVdlSmJJSkVEODZUVDZBcjdOLWVzeUdmNVZDNVBrbmRELUREM3RsbUZfY0gxYnp1OWxJaUFlSjYxR3dnSXcwcEJVOE55b3Vsc3hjT28yZ2xEeGpKei1nSjJFV3J3ZmNRSVIzU002a2I4N3RnV1gtRzRUVXBsOUZWbkVoeU1QRWsyeEZmNnRFeUMtNlB5X1ZUQVNfR1ZfZ3NJWWExV0xjalg5MDduRExMcnBSdA?oc=5","Haaretz","Israel","1784215200000"
"Flash: U.S. projectiles strike areas around Iran's Qeshm Island -- media","https://news.google.com/rss/articles/CBMifEFVX3lxTFBqT3VFS0kyLXZjUmswTVVOTndwSFVWZl9wUXdHV3c2aVdKMkhuTlNDbEdUY0RzR0g5VjVjX19uWVU0LXFmVG9ucTNXcEVYWHNaTVlfZHF0dUNkZVRObFNXTlRraFdyY2dlVmhxYXQwaWtyTkNhaHB5WlM5TU0?oc=5","Xinhua","China","1784214780000"
"US projectiles strike location near Qeshm Island: Iranian media","https://news.google.com/rss/articles/CBMinAFBVV95cUxNXzE5aE5oTkdzOFBqTFFUMGZkU2JKVTNyN3FpdE50VGNTNHlSaG5oR3RGUVFJWl8xU05FQnNkTmJRaEh1aDBqOVVJQTVieGk2WFZZYWpHS3ljZ1gxYVJZbVp1aVh4R0ZScFBHcDRVc3R5Q1ZfYU1aYVlXSmpnNy1Nbl9hQ281Sm9HVnA4SDVURXh0VVRpWWVkbGpUT20?oc=5","Dawn","Pakistan","1784214560000"
"Iran asks Yemen's Houthis to close Bab el-Mandeb if U.S. attacks power plants -- media","https://news.google.com/rss/articles/CBMifEFVX3lxTE9YZGZfbDBMQXFZSUlHcHNTN3p3am1ITHN0VndzN2ROWjFaZXRNd1hMVW1jbzJUdWVlWm5XMlFjMVBUZXlPelNqamtaRTBsNFpUZzFlRUVlZXk0Q2ZjNVRYX0xTeC1KTm1JOTQ3emJ3OWNFUXJVYlVzVnBCLTQ?oc=5","Xinhua","China","1784214345000"
"Persian Gulf states may soon be forced to reassess their role in Iran-US war: Analyst","https://news.google.com/rss/articles/CBMi3wFBVV95cUxPeld4elc4RDU4TGNHazlYVUROaWkyYk9UNERzUC0yTFJmUFdOVTBjWFRkLW5tLVl3ZjJLbWFlWFE0dlIzUkNiNVpkLTYxYWppUDN2TVlfX1drY2hPeXdURHBoTUNCbEY4STZ4WjJVRldKM0VzWkswLVcxREFvS3NRNWs2WnNJX0laMVRaekF2UE9sdXRiOUZraEk2d1BmMUJNTDR3cm0zU1VmZDBQZXJlU3RfVUc4aEo0VllhLXFRMGxSQU5nejRKdVR5dHpaNWh2cmdkbUdYMVRnLVpobHZB?oc=5","Press TV","Iran","1784214300000"
"Saudi Arabia: Iranian Attacks on Kuwait, Bahrain and Jordan Threaten Regional Security","https://news.google.com/rss/articles/CBMivgFBVV95cUxONVBmVHZraEZ5d3N3ejFmZ2lnVWg1ZFZuNTRhUzhPSC1SWUlJekkzUmNndGotamJTcHJWUW9ub2YwWjRCem14YXA4Z1NzLTc4ZGRmMXJtLThITklkcUh1WDBOdDlnc1hYY0k1ZTNZY29sSENVVEhVUEFqRHp5cHhhVTNBbk5aS2Fock9FdjhBUVNCb05KZl9XZWNRVU5JQ0pkSkZFUTBuRUVJMTZKLVg4ZmhPSjlXMlhYRWE3TXFB?oc=5","Asharq Al-Awsat","Arab","1784214284000"
"The Trump administration is running out of strategic options in Iran'","https://news.google.com/rss/articles/CBMitAFBVV95cUxNTHVsNjBnVlcwd2RHU19pUGI3Vm05VnNTR3Z2OWU3SmVrbU53b3JORk52STlYVzV4SEo4MmZTM3pIY080Uy1EYnlxSWthSElzX2EyOEd6VFdudl9ldFZRMVRsQVpXNnpnOEFSYk4tVk82djBYMjZEZk9tWEVmVXR4el8tMVBqYThXclVEemJyRXQ2Z3YtUXR0cGZaZ3p1bHNvVTFJdkV5Vk83U1J5OEhvRnRuWkg?oc=5","Press TV","Iran","1784213785000"
"Vance says Israeli officials trying to shape US public opinion on Iran","https://news.google.com/rss/articles/CBMixgFBVV95cUxQaDhFYm1nbGZPZVNoSHFSY2c5TVRWX1JlOHptTVpOd2FCZjNXcUpmRklyT25SZ0I3b2ZQQmJjQ0N5ZWI5dHg0d0xmeWRjaUtqZlhtWE9CWm5oRmY3Q3VqcHAwb21VaEZUTnkyNi1HdklubEJIYUZDRzMwWjF3TFllZUZfVzNiNTVXSFhBak9Sbk5ZYWRRZlNXbVk2NTd5TWYzNjVNV181ajhlNkh4MzJUclZoMzRMcWd3dVFkeFkwX2RScVhWYVE?oc=5","CGTN","China","1784212575000"
"US strikes hit around Iran’s Qeshm island — Iranian media","https://news.google.com/rss/articles/CBMiogFBVV95cUxOckkzR3lMUlpsX1BjakJfSlNMWTdZdWZpeno4SHUzY29HbWpyVHZnNm10N01oVTY2WldiMEh1VkcyMnFRSk83dmtIY2Zsd1FQbk5kdUZWT3lsSk1nLUc4T1llRF8zOHhhYkRSQmllVXVnVTRnT2tUUnFSV1VURHBlRnFneXNXajUzS1FEQ0s4aGZyZWxqYmRuTUQyY2J3Z0FXSVE?oc=5","The Times of Israel","Israel","1784216721000"
"US Intensifies Iran Strikes, Oil Jumps, Chip Selloff Hits Stocks","https://news.google.com/rss/articles/CBMirwFBVV95cUxOMktMeUtPaTlSdFE2VTN2OUhXS0c3NWlzWkNMUzQtb1pQWldzMVZaNUxWV1d3R2ZhTl95X0YyQXRWS2hqX3AyT2ZZZVRpMTZVbTVTQnR5NVBvQU5rc19YOGpaT2s4cVJGQkpHbHFTQlRBRHcxRTh1SmV5LUE4NDFqLXFxWjZzRG5ZRUYyc0lTbS1fckdLZXNrZUJRX1ZacFE5dVBmWG01akVDdU9vU1o4?oc=5","Bloomberg","Global","1784216567000"
"Estonia says US arms delayed over Iran war will arrive in coming months","https://news.google.com/rss/articles/CBMiywFBVV95cUxNcGZwUnduZ21NQTA4T0pyd241OUc1bThkLXl0NHRFcEFsY1JNd1RUdWFXblV0M1laZ3c0Z05LTUZJYXByLVVWajFLd1NERGJORG04alhuVWN0MjI4VGRxbXV2ZlhsMXZpUnE3S2xCVnZneEFEdGdUN0Z6REJ3bHNmeWpuWkVLQ09vTHppQWpVVnh1NG8zbUtJUTFfQ3Y4MzVSZ0pBMno0c09jSHpTamZacVJ3RUtTWGVkYmxtNHpNVDBHdVRINV9Bcms5aw?oc=5","Reuters","Global","1784216503000"
"Mortgage rates hit highest level since the start of the Iran war","https://news.google.com/rss/articles/CBMiZ0FVX3lxTE9oRlZwX01COXBTYTVtdnNZOE5tRFVOMUNXbTZhZlh0SWZWSXVxR295dUxkcGptcWljcTN3RWpFZVZKTUE5VmJwdXBUaWhXRHcwdjFOaVVzb0xWUXNwb3FvZHlNRHVjSE0?oc=5","CNN","US","1784217850000"
"US military intensifies, expands Iran strikes in Middle East","https://news.google.com/rss/articles/CBMiVkFVX3lxTFBGV2JLSzROVFQ5OG40YkNEUENKSUF1TlQzT21fV1lpY0MyVUJWZnpCTWJPYzQxWkR0dzhTa3hWd1lWTzA3Uy1STUNPZUdGU0VxSURwTzNn?oc=5","Fox News","US","1784217475000"
"Iran calls on Houthis to prepare to cut off Red Sea gateway — can the terror group do it?","https://news.google.com/rss/articles/CBMipgFBVV95cUxPLTJuNGxpLXA2aUlIVjUtUU1YWW54UHBfbVo1ZENFRkdXWTBDV19QNHBqM1FlOXJUZndLd1d2bDRkVWJ5WmdvNEdYWEFVeHpOdkhYS19qeVVkZjc0NmpaYUFJZjJNQ3I5YlFXQlNaVmxoemxNdGFaNG1oQXQ0WWlwVG50Q0I1T0ltdkctMGRPUnFPVHNQVjBtb3FzaHk5OFA1OGd1S2pB0gGrAUFVX3lxTE00U2stelBNc0RsV0tqWllLelBGR2p0TlYyaW9tT0dvLVRnV05pdm1nVTh0S3hNMUJ1SURzcjUyd1RtcjMtSmV3NE85N1d4YmpsQkhWLS1abFEtR0NTTE5YdHJPLTBfMUZzRW9iUkJsdU0yaHJUSUgwT1JOODlWSXNSakg3ZWhlZ1RvckxISHJ3cmNSTkFndV9GVnJuRHJWNlZTWTl0bzhWQUV1MA?oc=5","Fox News","US","1784217219000"
"US intensifies military campaign in Iran","https://news.google.com/rss/articles/CBMiVkFVX3lxTE04bnhKTnNTU0ZrYmF5anZEVUh5SXJiXzdqN1VWWXM3cklOeWtPYXpDdkQzajM2UjF2OWR6amNiREh3OGJmZy1SNXZyZU44VkU3eXVHTmdR?oc=5","Fox News","US","1784217178000"
"Iran tells Houthis to close Red Sea gateway if US hits power network, sources say","https://news.google.com/rss/articles/CBMivwFBVV95cUxNYWs1Qm92MnNnaGZTQ19uMVdyUlRCTkVYY09oZm1kN1M0eTFkQ3Q5eFNqSGxQYkwtVEQxblBLdllFOHV1T0JPUmhKeXpWcmx6MzRmSzVDTGtETVRxQUxsVzhJdXExY3J5QURQV3k0U192NWxjZWlyR0FLWnNfLW5LU3UxVmVZR2c3RlR1YUQxaUk0Tm1ucDNISThySWxQUXltbHdvSVVJdzBIQU5UYjhwNXJqT1FoOGRlM1dtbFdWdw?oc=5","New York Post","US","1784217060000"
"Trump has declared the Strait of Hormuz open. The facts say otherwise.","https://news.google.com/rss/articles/CBMiugFBVV95cUxORzd6Vl9SaXRrVjg0YlppeGNRS2NvRHRTSnZBMlZsSkgyZ1FxaVc1VXRZazAyS3NENmc4TkpYY29xdHVIM2twOXRaZzV5UWtXcFFBWlNEcmxTZXZmbFJCcTNuNGh2dzkyeGhkam0yNTN3RlkyTzNQeXJYZjZFSGl3QkROZ0FDX2lZZFU3NE9qaHZtc21mV0hpSXRmQ3VJZjZ0STdxSVVoYk5zbDcwLW1NcVNSU09ZMkt4blE?oc=5","The Washington Post","US","1784216985000"
"US, Iran battle for Strait of Hormuz control as CENTCOM disables first tanker","https://news.google.com/rss/articles/CBMiVkFVX3lxTE80Y1FhLXVSR2Z2NjVIanVpMWdxWlZJTjZZUGR2WFlQY0dYZjljM3ZzTzJ6UUxicE1iX1FsamtqQl9xVUROc180ZW9MU2NCbHdrYllxUFRR?oc=5","Fox News","US","1784216122000"
"US Expands Iran Attacks, Mortgage Rates Highest in Nearly A Year","https://news.google.com/rss/articles/CBMisAFBVV95cUxPT2pBSDNOOVlMbzVmd0UtWTBTM0l5N0xYaFVxWTh1OGxyZnlQd0dhNXZfZ1ZwemdFMnZHLXN2TXI2QTlCTXN3WGVFSjI2akdRWnVlU2hZUktIMTJlT1E2TFpxMkxRaXY4X0dTYzY4ZXd3al8xNDVpMllCUzNsNUJjMGEtVkdqTVhwNkh1Y1Fobzg3d0VoOEppUm42Y3pvcEhfRU5sTnl5OWJnRmN1U2JzYQ?oc=5","Bloomberg","Global","1784218949000"
"Iran-backed Houthi leader in Yemen threatens escalation with Saudi Arabia","https://news.google.com/rss/articles/CBMimgFBVV95cUxPV1UtbmJaUVdLamV3QzRTeWVpaVF6aEtyNWphOWdkblptN0hhd2V6ZDQ2RWhlZ2VKQ1ZLZG9sX3JtNXhwb1NnUkNqRElRcF9uT0JNdGtreGNvd05mM3RQUjA1blhTMEpCVmJROU1mXzY1NW1DVENsS08wQTBUWmZpa29MWHRLVFhjQ1FYZnJXUnJWaV94czlNSG5B?oc=5","Associated Press","Global","1784218740000"
"Chevron and Iraq seek to bypass Strait of Hormuz with Syria pipeline","https://news.google.com/rss/articles/CBMihAFBVV95cUxPSW1PQk53QzVRbW4xa29CNWRsbGtCSmpCS2pRR3N6dmJoMnNXbjdBRDhwMFN6UVZpM2MxSm5zakZaVkxRQjhIWWMxaDBIOWxjM0w5Y3BRUHBLWFJSNUp3elFoMWRTdXBvaElxamdwQlJVTS1BVzJUYjN3ek5DUjNFTmYtalc?oc=5","Financial Times","Global","1784218457000"
"Video shows Iranian drones shot down over Iraq's Erbil","https://news.google.com/rss/articles/CBMiXEFVX3lxTE5wMjNYNGc5dkVpX0RoYnRjVGN3cFpDemNzc0FFRVg0azZveDNtQWZWVUtMQm0ycGdoQ0JOd0FXWlpJQmc0SHdzYk4xR0dxbmdWdU53RTdaeDFYb0JO?oc=5","Reuters","Global","1784218118000"
"What remains of the Iran deal as fighting rages","https://news.google.com/rss/articles/CBMiogFBVV95cUxQdEl1X1ZDaTEyRU5qZWs3NFFrRXNLOEJ0M05SUGk3bzBHYUt0Z1VmYWZCS09paGdfVm80YnQyRlk5em5ueW1rc3oxVG05aVVJUDNDVEpiMi16V1o3ay15ZUtSX2NWdXhMWDhaMW14RzVSdElmci1zbmRveHhON2Z6NDBma3p0Ul95eC1ua3VkZ0o2RnVjd29kSlNGY0FpQkFtS0E?oc=5","Associated Press","Global","1784218020000"
"3 islands help control access to the Strait of Hormuz. They're in the crosshairs of the Iran war","https://news.google.com/rss/articles/CBMi1AFBVV95cUxNMWZwLU5BM2tjdGFpbjVVWk1ERnpXRHdvcW9ZbEkyRUhHbUhfQ0UyUU45WHdTQUlpbk95WXVOWWFnNl9yMlh6YkNNeEt6T0NqYjR4QjRYYmYwcFBBZW1fYkNNWlZ2OE9JMU9uaFpJaEJ2RVN0ck5UYmNwbVoyd1BHRXhsLXdseFZISmNBLXpvNTlLOF9vRXhmYnUxczJSUVctUjdQYW9ZM3pJdUdrdjZGQng2ZHYyeUJJMUF0dlhIYXNvLS1VRV92dWdfa3ZYZXBSYmZHbQ?oc=5","The Washington Post","US","1784218628000"
"Chevron Will Explore Creating Strait of Hormuz Alternative for Iraqi Oil","https://news.google.com/rss/articles/CBMiuwFBVV95cUxNOTlxZXRiQ29KeGtqVWhuU1ZTakV3ZjU3TmRoZENGUFJsdjA5Nm1pN1dwTGs0QUxibDhjOXdvaFBMLURleDdRb1U2M3Zhei1YM29VdmZZT3JxWmVnMzNFLTd6SHZtZDBNclVKUU5NeF92LTdTRXdaTzBrUjVBOW9pd3U1em8yWUROVXNVWnRtX3c3V2JYRll4X2JKN0JyTXRDT3lZSHJRdDZuRUhKLTlHTXo4bVk3bWhUZzdF?oc=5","The Wall Street Journal","US","1784218020000"
"What remains of the Iran deal as fighting rages","https://news.google.com/rss/articles/CBMiuAFBVV95cUxOVmMtNHptRHZjV2FwTVNCZTE3cXpmNi0zTjZtLVJoZDVjMHNxNWJwRk05YmJIYVFaUDc0NkJqOVlpZzF3bnBJdG1VMDR0NktzRnJlNjFwc2VHdzJoSHdzSlBxTWJ5NE5iNVZ2OUppMTVQbE8xOEE1YzVrNU9NMUJ5WG1EaHI1NTJtOUpWNFh5bnIycUp6U3g0WjcxZERDU19hamhSTng2YVg2WWRIbUVQSXEtVlk1VWV6?oc=5","The Independent","UK","1784218020000"
"Donald Trump reportedly reversed Hormuz toll decision after pressure from Gulf States","https://news.google.com/rss/articles/CBMiakFVX3lxTE5MOUhfVlA0aGhKUkRXRDMzZ0s0bDM0OG1zRjlDV2hzZUtRbFYxWS1oakFha0J6UmpjTmhIbHNhcngxLVBnUnNqSGpzYkgwZUtjUWJVR2N2RDI3WEJveGFUUUdTY1pnUlBjclE?oc=5","The Jerusalem Post","Israel","1784218914000"
"Pentagon hasn't conducted full review on Iran school strike, released report","https://news.google.com/rss/articles/CBMiX0FVX3lxTE4yak9KLWhqc3dValVtcFFYRmRrRjZabTlyVFAwNllpZk1ETGo3UG9pYnltNjlMOXJ5T0g2MEJCYVBCLXBMbUJhejZvSUVRNE5PUUxWSUZYdUprSDRySUEw?oc=5","The Jerusalem Post","Israel","1784218596000"
"Vance says Israeli campaign tried to sway US opinion against Iran diplomacy","https://news.google.com/rss/articles/CBMitwFBVV95cUxNX3Jnekxvc3ludUJfa09WOFZxcFc0Ny1FaDNFQm05OE5UeXJSMURmSkhJM1RwMTAtUk9EYXFwYlVrekRJNW44bWxyQWcxbjlTdTVRaWVWMVZUYUVMMEp3dFhSejB1Z2FWSzBrT2x4UXR0U0hZaGxRdUdZVXBIbnBGUW5BdW92YjU5WGx3Sk91VHExZUJGYWVqSkpKaGFfWVk5QlZrUkZxbnBNVVVhbzU2QnlfTHJHbzDSAbwBQVVfeXFMTWJkYU9VaGlrMmJocFFMcG4xaVJkdEdXaEpXQVAwaGVvNnFUdmcxSTMzMFNZRVkzbnI4cU5HWm12Y2pXMTZrUmgtcW56MUZVOUpodkdvNHVEVnpONHYwc3lsUDFQMktqZ1lTQnZndlQxSWxOTWxrTHV6Mkh3THVxVHNOY1l1Z2RmYzl1eGJmZmZLTGM4QUMwLWJIczFVTlRFeWhwbjZSOTZPMjdLZHV3Q2h1SU5LY0xNSE9yMnI?oc=5","Al Jazeera","Arab","1784218572000"
"US 'rewards' UAE with expanded AI access after role in war on Iran","https://news.google.com/rss/articles/CBMieEFVX3lxTE9rM0ZZam1oWE91LUExOXBlRHZ3Z2hGd3RsWE5ZMHhLVkgyNkxPWnViWWk4V3BjalFqSEt4Y1JBZGdYWUNNZEZjMjZQZHZzMks2dVRUOW5fd1hTZ3FEZThXSk1leU95STJ2UGRRS2lfemNkWnNaSnpKSg?oc=5","Press TV","Iran","1784218380000"
"Iran asks Yemen's Houthis to close Bab el-Mandeb if U.S. attacks power plants -- media","https://news.google.com/rss/articles/CBMifEFVX3lxTE56OTJGWmRfY1JwVzk3LS1KRnNhS3dzUWNRUjItWkxYd3l5X29hQS05bkFob0lwemVSWXNGOXhtaGJOS2xkbVZDSkZ4X2pxYlBYV3NRaGwtMlFFNnl1Nm1VZnRjdDdMRGF2Qy1ZSmhvMWl3ZWVGcXk1NkFMcU4?oc=5","Xinhua","China","1784217376000"
"US committing war crimes in attacks on Iran: Araghchi","https://news.google.com/rss/articles/CBMijwFBVV95cUxOUHFqNEJ5NnhwbFdkVnU0Q0xQcENTLWZ6TDlzNmp4U0Q5cDlHSXgxaEN1dXpXTGhvODBCRUpoRVYxdnVNLUJYMVhSQlo4cWtqNmxjQnZLZ2pkNkxTeWs4Wng3RUxiZFpZTk1tN3N2RDBxdENydUxtNmdQckJ6c0g3UF9Fb29SU25qWUd2eWZ0WQ?oc=5","Dawn","Pakistan","1784217044000"
"Oil Traders Crowd Around Cheap TACO Hedge as Iran War Escalates","https://news.google.com/rss/articles/CBMiywFBVV95cUxOcEI4SVI4bnlQWGNKNVJVZFdOUmVEN1hTeFdNMDl4Z2lfWUpnZ25YRXhuNlBwU0FGWmw4VWRRZzZodHBGeld2LXNueURtV2xhQnRSTllsM3NFZzhTd3A5X0RERVREUmtTcjdhMzlBb2xKNndJdmVZSXVmeEtXbkhIc1RIMWxlNWlIRWtVZEhFNkF1UWExZk5jb3hJWHo3SHpjd3E5d0F4c0ZtdHF3UlU1a2dnNWFRYzJmSnJlejVHREdhTHZOaGczbkxfNA?oc=5","Bloomberg","Global","1784220016000"
"US Intensified Strikes Against Iran and Hormuz Shipping Traffic Falls","https://news.google.com/rss/articles/CBMiwAFBVV95cUxQOVhaTVM3dTVTbWF2SEtMcUU4Mk00UnZ0dmJPQWN0akZuUFd2YkNLUkt2ODlyLUhvaThDRlBtZ2dBNmJib2RMeUhuNEhUZlFZZGh6SE4zX1lRU3VvcEdkN25LRXlva0JTRm5FazNLMmdJSWdiXzcwY21IRXg0X01pYWkwc3RLd1djSEhzb1JaWS12RWNUS3FBU3FpbW12NDVhNXdQbkV4QTdKWGplR3dTSExEamtrTXJKYU95ODBCWXY?oc=5","Bloomberg","Global","1784219577000"
"US bombardment of Iran is Trump's warning to the mullahs he's willing to destroy power plants, bridges: expert","https://news.google.com/rss/articles/CBMi4gFBVV95cUxNYVdBS1V3YmN3aC1aSTNfRGNNTGloYzluTnJYLUxsQXVUQmpxaXpEdTJ6d0NTN1ZXZXUtQXdjRVBoVm9jRVRsQW1Xb0ZPakFPS0U5R1NlaGc3RjRHTUJhcGhQWmFWbFJNQkItQm1CcU5hMElmRWhfX0JHMmJyaWpmc1oyTHRQY1lsSFJrOXQ4dFVZZ2ZzXzk5YlVOd25SdmJHZVFFXzhlLW5QbnRURmROUV9fWmxhMlU1UHhnRk5GOS11TG9EbjZtZklyRjFpdWFVS0dkTzVKR3VSb3F5TC1PbFhB?oc=5","New York Post","US","1784220900000"
"What a Times Reporter Just Saw Inside Wartime Iran","https://news.google.com/rss/articles/CBMieEFVX3lxTE9fVDZEcTQxOUFEUHpYTlZhSUpyYUVZRXZyUVliRkYtNUtXU0dLYXZqQmpXU1ExVjY4Mm1IM2hVUDdHa2VTeGJnMTBGS3J2YU5YVm96d21ibEJoQjdsbG1wX2lJVm5FQU1SRE8yWm1VYkhTOHRld091OQ?oc=5","The New York Times","US","1784220392000"
"US Intensifies Iran Strikes, Chip Selloff Stifles Stocks, More","https://news.google.com/rss/articles/CBMirAFBVV95cUxPWmt1SHpJSlh1RWN0RHoyR2NPLVlqenlEeGpkZTJHc2xrXy1vVm4xY2lqeWk0a2EzNGZwdENCVzRnRk5pMzZhX3VGc3dlQlRHdHBNWGVjX1NHNy02ZnllZ0wwY1haSUNNTEZhakFLMVFsWC12aHhoUDZuMXZjVm9Gd1ZmMXF2YmJqaDJmWFlSRWFLaTExOGE3dHMxaDBxZ0t6MW5ib0hRSUdOUVl6?oc=5","Bloomberg","Global","1784222266000"
"What remains of the Iran deal as fighting rages","https://news.google.com/rss/articles/CBMi1gFBVV95cUxOTHpEMEtIQ3NMQnppVEM1R3A1elBTdWdjdllWQ3VYN1RnQUV0RXVTUlhOV3FpekxZbG53NEZWNmd1YzVXMHJJdzhGM001Z190aGw1Vno0cWJFdklxNVdzWkltb2xFQ0kwVHV5Y2dCMk5GaEdaWEJFUGJTU0FMZlVILUIzanNuMmNSQmxBODRvSE1Lb2FqZTc4QlB3czE0d3VBVUxXelVlc2VWV2wyYWY1R2pSVHNveHJwblNhSGNHODFyalppbmF4bGpYclphZ3lGc290S1JR?oc=5","The Washington Post","US","1784222535000"
"Watch US Forces Strike Defiant Oil Tanker Violating Iranian Blockade (Video)","https://news.google.com/rss/articles/CBMimgFBVV95cUxObUg1SGNKQjNOMjFhbm5YdTYzUnJHTHNaZG5oUm9EWXR1cVZYU3FhdFFRN3RsQnNMWE9CbXdwTzc3VnNGWWp3VVNkQ3FQbERUM2pBVDFFYmpZZVBPdHN1T0gtR3ZXMWpPd3pHRTZZcDg5Vll4WnlmRGkwX0RPM3N1Tk1xWFRXcVhQdktTN3dxYUwzTWQ1a1RIb3RB?oc=5","New York Post","US","1784221855000"
"Trump states Iran is 'depleted' as US weighs expanding military action","https://news.google.com/rss/articles/CBMiVkFVX3lxTE15eG9NME5PZHJodnZySkdib05GNWJvemxxRzJ5LU5jc3hVUmNweUE5eU5zQ0YxUEltdlBtdlEtSWNxd0FCQzlGSWoyR1MyamROYXlHdU5R?oc=5","Fox News","US","1784221692000"
"Iran tells Houthis to close Red Sea gateway if US hits power network, sources say","https://news.google.com/rss/articles/CBMiuAFBVV95cUxPNk9FUTZfbTNUVnF0cWxoeW1mZTFDNURleUFrZFlUd1dmZU1kMlJZaGFSNl85ZU5qb2gzeGZiQjRyS2c5dkpMcW9sQkRFMWIwTlBPY2h2WDhfRWdjVkxqbGJac2xRRzBvSnFyM1h1a2VoZ3cwN1NCTEVXdEZDS2IyQTVGS2JHRnQ3YWtrbjJuSTN5X1VFWUt1cVFGclBsUTFaMk9jQ1EzNWlYNEdqMWs0NUZWamxxV01Z0gHAAUFVX3lxTE5lazZ2M1FFYUJZTF9fM2JDaUFnQjRRbHM1U0ZFYWo5YUlnNDRCV3N6V1M1cnlxcnpWSXhqREhhczlaSDlNZGNUdnRKU0ZHeUhNS0JaMHIybEZ2X01LWHlDQ3FISDJqR2xvZHpjWUdpV2phQi1YWWFCWURlMHNxOUc3YnVzam1pZDRTRkthbm1xWnR0X2hUMm9qa19aRGViNkRuU1VfZlNDOXhSVlB0dzc3dGRZczdFRE8yZDdyeGVBUA?oc=5","The Express Tribune","Pakistan","1784222617000"
"Trump’s new Iran strikes won’t end the war over the Strait of Hormuz","https://news.google.com/rss/articles/CBMiZ0FVX3lxTE9NTVlKcmh0QXdvV3AzSmtZQzR6VUpIcjhBbjIxVGdBa3dkWGFyRWNsU2VYUE5XZ2ZtUWZLcmktZS03ZjkyUGpody0weUZKaDJ0ZTF3a3JjcFRBUXJUQTJLNEZtNFVmcXPSAWxBVV95cUxOU0owOG5oeGdNajBUUlRXUWNaYk9aLWFTdFU3T3VLSWNxc3lDNVUybW5uMnRmNUljVzhNaTB0d0FjN1ctUmVHUWVSYnBxMU9USEhzWndlZERJTFkzamwxbUMxbDRkTnlPcjB0TmE?oc=5","RT","Russia","1784222400000"
"Iranian Attacks on Gulf Intensify, Kuwait Bears Brunt","https://news.google.com/rss/articles/CBMiUEFVX3lxTE1aQ1kwZU5GZndUV3Z6ZUFvVFFjV1A0MENOMF9QczJGM09pbnJPdmMwclJMMG45blByU2JhWEVUam1hVGg2dUFzM3ZuRTgxX0JD?oc=5","Asharq Al-Awsat","Arab","1784221699000"
"1st LD: U.S. projectiles hit areas in S. Iran's Hormozgan province -- media","https://news.google.com/rss/articles/CBMifEFVX3lxTE92eXRSZlBFNk82Z3g1a0piYXFsd21NMVZrMGxVcU13WnhPWlR2a0lYM0VjMllEMFlKWGk0V2gtVDRuQjFNV1NHNldPWUhWNnVmVWROUGdsRV9mNWJRSVo1R3RwdERCRFhrNjctWHZiQ2EtUkJrZllaVlBaT0g?oc=5","Xinhua","China","1784221080000"
"US ‘seeks to hit Iran and advance its interests’: Ghalibaf","https://news.google.com/rss/articles/CBMikwFBVV95cUxQeXpkNHhwdTZOSm5nc2FoV0pReEdOaW54enpUZ01qbzlYUnRMVUdBM3R4aDlLYVlZMnBIb1RLdGpoYUp0Vm1PS3NaY2VHRmVld0hVeWJBSlJMS1hIQ1dFdGR0aHNCU0Y0YjBMNmtlcEZLUGRQNzdWUy1mamFQdFFtdjl0UEdveXVrZGtiZU1YMWJQaFU?oc=5","Dawn","Pakistan","1784219578000"
"Iran continues to talk to US, wants to make a deal, White House says","https://news.google.com/rss/articles/CBMisgFBVV95cUxPV1MyQnEtd3ZIX3Y5ZTBXbVJUanliZUZHQXhwVmMyclRybFNwSmcwT25rWG53V1lvS24zY294SGE4Y1FBY0h2M0RVTll2OEdyTThUQmctY1dYRS1ucjktMklaSFFVQWR6cmZ0RnNaN3VuV2JiOXlrX3lNaHByay1hb3RNRFRTWU5ia1FtcXVxWXJOUmh1cUxuZkk2Q0Z2R29McHlwN2UzSEMwc2FwOHRFMnNR?oc=5","The Times of Israel","Israel","1784224821000"
"Live Updates: Latest from Israel, Iran, and Middle East","https://news.google.com/rss/articles/CBMif0FVX3lxTE50b0UtTFVYbmtKMUlObUxwQTRhN19zcTdhbW1PNEY5dDZpbDFSWm1ka2x5MmEwWFZzTlNvYl9CZzFvbGpOLUlMWUtqZEFTb0RBbWtZV0NtTEdVcjJqQ19ZZ0NYd0E2cHBJMzE2UXN0X1lEOFhnOEZzS0xQR0lTdEU?oc=5","The Jerusalem Post","Israel","1784224805000"
"US says Iran no longer a 'powerful terrorist state'","https://news.google.com/rss/articles/CBMiX0FVX3lxTE9uQnZPUmxoSTVjQkRONkNtQkdIQ19YLXJBaG5yTGpvQ3ZqU2pZaWpzbE92TmFfbGVTdWVtanR6NDRaVG81akxnZzZ3enNVYUJjTkVHZ1ZKRmdhazdXSFZF?oc=5","The Jerusalem Post","Israel","1784224641000"
"Shipping firms shun US-controlled Hormuz route amid security concerns","https://news.google.com/rss/articles/CBMitwFBVV95cUxPUjBobjQ0UDRNbVhCNDUwY2VKZThNck1QX3h3UDF0aXp4Y1dNU0JXYnVVUVplWjU2R2xldWNTSEdOWFdGTGVRRUlIM29MMDBXaTRWMnVwbkRZSkRfaDlQbF93clZMTEprdmhEZE1oMHFjZjkwbXBrWGNmZ05jXzhVVlo1X2prdzhObzV1TmRhV0ZkRDZNR2tYdzNTbWpmeElZSE5RbDN5Q2o4UWFLRVBjY183Mm9BTFE?oc=5","Press TV","Iran","1784224620000"
"2nd LD Writethru: U.S. projectiles hit areas in S. Iran's Hormozgan province -- media","https://news.google.com/rss/articles/CBMifEFVX3lxTE9NY1lISENfMG8xVFFjMk5fZGFoT2s3bE5pTTA4UHBuUTc3TWdRSWk4V1hWU1pfWVBkMzhZSjBoRDFiVDVhSTZ3LVpGM1N0VlBuOFdjQXZQY0xQZ0dhbkVaYXAwMGNFMkY2LWVTRUY1d1FRNGd1MjZBZDhkdTM?oc=5","Xinhua","China","1784223195000"
"Hilton Plans Frankfurt Hotel Exit as US Sanctions Iranian Owner","https://news.google.com/rss/articles/CBMi0AFBVV95cUxPSkdMMjhCbS1aQXlIQVdvQUlCY1QySG83NEVNQVJFZ0N6d2hjb0d4a3RKYW9uTnRMdENldnUwNW9xRHlWQVpGWXA0ZjdsS0xMaXVUc3FDYW5TU2J6U1NzWE1DWklvVzRGQ3BSUWY5Wkp4Tl9vcWJQQ042NjliV3FfSmc2Z2xqOEJyd0dHQXpPTXo4djdoRFNuZHpLUmpHSk5meHV3TDhLbjFZZEdrMUxNQ3Znaks1aGJRUTVvVExUcm4wTE12eXRoOFM4NnE3ajY4?oc=5","Bloomberg","Global","1784223541000"
"Karoline Leavitt says US can hit Iran ‘anytime, anywhere, any place’ in first presser back","https://news.google.com/rss/articles/CBMiqgFBVV95cUxNNnppV3g2ODVBNktWX3ZiNUxzcndvcThDSWJrNEtDd2t1ejE2djc0Nmw1a25JdWsxLW9fbmRrdmVzaDRrYTVOajJNOHhuZ1Y2QzdIZlNGd0I5UW1BQmRKc2kxQmlDXy1Ld3BzZUhRNU5pRHVvSTEzUkhMd0NIMWVIR2I1ZnRjWkMyYm1BV3NGVEtDRnFDMjUzQ0ZKWC1FTmlLT2RjQzY2SzJiQQ?oc=5","The Independent","UK","1784225040000"
"Bulletin world briefing: The three small islands that could be the next US-Iran flashpoint","https://news.google.com/rss/articles/CBMipgFBVV95cUxNczd1V2ZVU2ZwMmFta05Fajl0ZHBtTGZuMGt5SjVmd3I0cHhnVTZQS29fb0xGcjBWUXBINEFUX1JsRnI2MDJITmFUSmNURjd5cmZtN1VCOHE4QndnZ0FkLWp1c3hwc3IwSl9RQnFsRWlnZmtzQlV1TTl0UTZyMTBJYVZQNjhoeUd3M2dlR25YX2hfWldYTzZiQjlUTXRFMndPc3JqQmh3?oc=5","The Independent","UK","1784224560000"
"US Expands Iran Attacks, Canada Fires Force Dangerous Air Alerts","https://news.google.com/rss/articles/CBMisAFBVV95cUxQS0NXbjFTdWtVVjE3dS1mV3B5Ry1sTmhPbHhZa3BGMkF3OUZ4WnlLbzRUTnZIeUZBV1lfRXlCb3Q3dU05MFE2MjRVc2FsbWZVUEphNTl2Ty1IeDhFNW1QVW43OVJMQzJuV3dIS3YtakdaYVdqRDROemdKUEFrUnFvRFUwQ0FPZXhWX3phT1Uyd1RhSGpxcXR6YmtMcERDWkdoWW4tbkJ0c3JVWEFYVENKVA?oc=5","Bloomberg","Global","1784225241000"
"Trump weighs expanded operations in Iran","https://news.google.com/rss/articles/CBMiVkFVX3lxTFBKcTZVcTREcDJldFp3VEhzZGNfSG5wdlN3NjZVMTFWNjYtZVNlVXJUeDJFNUFwZERscElWa0U0M2xhX1lkb0UwbGk2bk1OWVlhbklTQmVB?oc=5","Fox News","US","1784225108000"
"Donald Trump may widen Iran strikes as Tehran threatens regional response","https://news.google.com/rss/articles/CBMiakFVX3lxTFBLQ2JIVFdoTkhCdURWOHdNREZPZG5QLVJMOGYzd3ZjU1NfVzYxNmMzb1NLQ0VoNTd5QjNTZmFZalI3cWhsUTV5SVdtVElQa2lkWTFkMm9rNjNpTnZOMDRyanJVWlVhcngtTnc?oc=5","The Jerusalem Post","Israel","1784226132000"
"Kabul exhibition explores Ayatollah Khamenei’s ‘250-Year-Old Man’ conce","https://news.google.com/rss/articles/CBMingJBVV95cUxPby1sUWZhY21WTDFLWjF0bk5OYURlOHNHdEpVRHBPMjh2RmFIdFRyX1ZyWHJHTWJNZ3p4UERrSm1OMEk2NE8xdWFWSUJOWVVWdldIMUxfYlJiMWtucGI3M3B5aEMyaWRPM1hkeF9zemZKN0tfNVFQbEhMLWIxQk9iWXV3NExZbUtrMlZXbFROdzQ4M1ptSkVtUHJSeFRmVjhZNExHQVNuZ2xlbkFZYk5wY2I0SFlwOXNVT09Fd3YwcHB3M2YxaWdZMXJCVmJLY3BieEhrZFRwUmsxMWQ5ZEhkTGQ4TW9kcE5rYnhOa2ItdGpNeV9abkRRbnpZZ1RkREU2Z1FXYndIbktYMlluYXlJNXk5ZExSd1FJOERiQ0Fn?oc=5","Press TV","Iran","1784225580000"
"Urgent: White House says Iran continues talks with U.S., wants deal","https://news.google.com/rss/articles/CBMifEFVX3lxTFB4X3d6VkZfM1NXdlpkZkRESFFDckRnU2dBdnBLY0lIVEJHRlNySGxHRS1oR3VmX3ZmWEFIVG5zaDdXeWRORkFjZlFDTndydVJ2bzBxYlJwTFlvdXRuWkZFRE5PNHpPOF8tOFd2c1dPczRhRlNTNXgydEJfOFo?oc=5","Xinhua","China","1784225430000"
"Israel prepares for possible US-Iran escalation next week – report","https://news.google.com/rss/articles/CBMirwFBVV95cUxQRzZFTmt5TUNVSnphU3FkTGFweEk4OUNnTGxuUmVTY1ptTHRQRGRfZTZ6TEw5VDBUZDFNS1dNN0NmS0Jud3lkblhkWnNsZ2phbm5UcHdzNWhsa3BBcmtBck9SV1hHSmlrOGI1cFQyT0VVbEE4aDJqOVVqQkwyUTJ1Q3N2b1E3TTQyeFlQdmhtQl90TGlBUHlXbTMxSzJDQkpPUVY0RW9iWEM3YjgtWE1F?oc=5","The Times of Israel","Israel","1784225121000"
"US launched strikes after Iran violated MoU: White House","https://news.google.com/rss/articles/CBMikwFBVV95cUxNMlFoSFg4a2tZeHN4bTJibnQ2MEVwdkpmRFFZazM4dlJLYXJPVEpDREhDeVJjN251R0pGV0J3S3pmMktvWGZGblVEZlFseklkV2JLV0JrSzN6R0I1c3FVWk1zTmVjRTk2bjFZTFU1SXNrSV9mZUQ2NzA3OWFQLXpyZHdXaHNlcDloakpRV2ZSOTZDOUk?oc=5","Dawn","Pakistan","1784224199000"
"PM Shehbaz Warns Renewed US-Iran Conflict Could Hit Economy Again | Dawn News English","https://news.google.com/rss/articles/CBMiuAFBVV95cUxQZ3d1SkMzbm9Ib3pNXzlwMXRrWC1JMm4xeU54bkMyNXVKY2tIRWdERThpamE5WncwSEw5eWJwcjNac2cyLUhuQkNkNmpXb3o5QjBWdFZYWnJCU0RMWVNSQjRYVkpzRkZWTjVwR0tZSE0xMnF1R0txaEZQVDdhdEVtdWdrMGJudGtNTnA0SllMMWtmZTdWZ2xvXzE4WGNLdDNqWUM2djVnMklqaWRiSDhTMHJnckoyMTdT?oc=5","Dawn","Pakistan","1784223611000"
"Iran honors martyred Leader, son-in-law at Tehran memorial ceremony","https://news.google.com/rss/articles/CBMitgFBVV95cUxNZ3NXM082ZUE4VFo3STcxa3BTVl9IZlNSWWlwTWpHUWt1em9tWV9ENTJyWkJhRGxRUnExc3dzNG5BSEthR0VSVG50N25sMk9JYmFwYUNaSThhOWNueGFILWM0M3BtQ1FHeV9MOFpUQlRIYkk2SlFVSHlRdjBrcl9jX05raERDb2NZNEFHVmRRdFhyaFp4VHdfaVpZdEl5SUVuU251cDJ2aE1KbmFMaDZvY1VoYVhsQQ?oc=5","Press TV","Iran","1784228040000"
"Urgent: U.S. forces begin new wave of strikes against Iran for 5th consecutive night: Central Command","https://news.google.com/rss/articles/CBMifEFVX3lxTE9YZUFBX05PVjdNd1lWMVk0WjF3RGxtaGJCY1JoMzhLbUhrUFFFRERYdTJLRThpWk55cFpmY1U0RFRZSEw3blNUU1ZOeC04UG5CUzJoczNlUmdEbkRtQ21qUlpxcW5DamxkelBjWXlsMGJxOEdCd2xSSnFXQ2o?oc=5","Xinhua","China","1784227935000"
"What could a US ground invasion of Iran look like?","https://news.google.com/rss/articles/CBMiogFBVV95cUxOXzhDZjQ2LXpwMVl4SnBTVWdwNVNPUENTbTJ0VTVQN0FsbEtEbWdIcm11Zzk2SmZpUWhYREdZYkxYcU4tMTVXQzhnOGhuQ2NQaUpBQXZLRUFjZ2dVTnQwUjc0MHNsV2pBWktvN054TTJHalh1Ml9hdEVKcHZpcDloc0JxckhUQ0p0OHBwWWtSMmNDNDdmWnFNbHh5VGdyc01GMGfSAacBQVVfeXFMT2RuczE2bkZHRUFuZmpudHRQZkRNZWktUXlwdXRjaVhGTGNHRmU4UTlSTjZ3LXZjYndvOHZJRWd6STNhSEtKWkNkX3dydHB4a09uZ1lWbE9ldEtRdmlMOERob1RxVkNrNXRiSUUzTUt3bXByMXRPLVV5SFkyWFd3X1VQeUJzd0xSYmljaTBCempjOHN5Z05sa0xub254VUk3VDhSdzRJN3M?oc=5","Al Jazeera","Arab","1784227550000"
"Iran condemns ‘barbaric’ US attack near children’s cancer hospital","https://news.google.com/rss/articles/CBMipwFBVV95cUxOUHAwTU1xYzJiWjkzWWN2bF95SXl3NjBJbFp6eWVOS0hhenpYTFRBTTlveGlrRGNBVkpHQ2h0YUo1SGJHMV9ia2xILXJKU0xnTm5lLThvMWotczFIX0xjTE8wQkFNdlhNM0RlSlVldzlsYVlXTTFQQzNCUkw4Mktod0tSQ3dYVVoycWlHUzNncWxTQTl4eWJGQ2VqMy1VaWFiUllNR1B1Z9IBrAFBVV95cUxOTzdvLTM2amNmYXBlbGFfZlpCY2l3RWxQZ0h3WWdvb2VKbU5OdlJUWE1TMkxncWcxQnpwR2VvcnlPZ0lyZ1Y5d3hMUUI0aXJQU0l2d1ZUTmVwa2pKTG5MTUJvOUZ4MTBLV21fYnRFRUkxZW5OTVJzRDhUZk93LURjM1VkWjV3OF9DZThIanJwRUpLZ0lBXzRHSFNNU3RLZ1VRRHN3TWJMOTBPSElf?oc=5","Al Jazeera","Arab","1784227500000"
"US launches new wave of strikes against Iran, military says","https://news.google.com/rss/articles/CBMipwFBVV95cUxNVVJwVGlKVG9ISXFCWXhrSnVBemhuVk1sLUVCdkdXakx1UzNBRWpVODlENGdUcElQbm9jUWFUV2Q1M2l4RGxsNnFJUmlPUlFzYjdMMjBXR0IzTC1zYTVYWE1TT3BneUJRR1NpSHo0U25zcGpEMThCWU1RazZqQmdVVjFWYnAtZ3FrSUt3VFNGWjZzS2xHZzl2TmpyRHo3N2JxMnNSTko4OA?oc=5","The Times of Israel","Israel","1784227249000"
"Dubai denies reports of explosions as Iran claims US struck in Bandar Abbas, Qeshm Island","https://news.google.com/rss/articles/CBMiXEFVX3lxTFBid3hlendYU2VEaXdyVmp6UzFtVjhGdEZ5Zi1HZzFMUlBzZVJ3NDlvdjkzZXR6LWdPUEJaeV9nYWlnLUR4LUxRVkR0c29Sb2FnV3NDYmVtVDB4TUkw?oc=5","The Jerusalem Post","Israel","1784226857000"
"Flash: U.S. forces begin new wave of strikes against Iran for 5th consecutive night: Central Command","https://news.google.com/rss/articles/CBMifEFVX3lxTE9qeWo3aEpobDJiSDBfOG9PNjJfVTZQb2Z4LWpWVENsOHhXVHExT1hsZVRPbm9mZUJVclVkeENTUHZSMlBzX1RhVVR0a0VXTFphSDJsZ2hrMk5iLXp0RDR1dGVpWmxERW1aallUTmExcXJ3ZU5YT19YTFZ6NnY?oc=5","Xinhua","China","1784226735000"
"Exclusive: No evidence of Iran-US prisoner swap, no release of spies","https://news.google.com/rss/articles/CBMivAFBVV95cUxNS2k4Q1dpb3VkRzd4dmZYYjFPMmR0U01EV0k5c19aVlZIb0N0ejlrQ0Z4TXpjYWJXRUtlQUNvMlZpTVFQUGptQVUwT25IampidmUwMzF5ZnNmREdkMEE4eDRZWGRUUklsdE05ODJGNTNOekQxZ1NKQlJnUEE1TWtidWdmR2R2dkRxd1ZkSkQwd05aYVhhTlNjMjZMMHp4cjZjNVRyY2kyd19zbEJidjYyM1pISFRxbXFJVjRuTQ?oc=5","Press TV","Iran","1784226720000"
"Qatar rejects ‘false Israeli media reports’ on Iran war participation","https://news.google.com/rss/articles/CBMiowFBVV95cUxPVFV1RnF4X2d5a0JNMzd6Qmh6Y1ZDckE2ZlkyYy1xaEJMd1ZTN2kxSVFpUUxUMU03TWpsajA0am9pUk8tVUt4VGFFbTNXN1ctSTBNYTY3ZmdhZ0ZsQ3Bta0c5M2F6NnRTMFU3QXpTMHZWQkdKcUR0bjNMWG0xWFpkWlk3QldvQ01Mc2pSd2lHX1dGRXI0UkxKZGptLVBCQzVKZy1v?oc=5","Dawn","Pakistan","1784225104000"
"US Launches New Strikes on Iran as Hormuz Shipping Traffic Falls","https://news.google.com/rss/articles/CBMitgFBVV95cUxPVVhCLTFHeXp3YmtOeWFYVE1xcHBsMnRQT3QxRmtLZFYxZVRRalo0WGpGUlF4RF8tV3ZaSW9CdjR3VEpDUGlNSDVsYXJZV3hSSVZSV3U5NEhKYmxWY2U1NVF0QUFHeGVOdm5PZnlPYTEtM1NkMUFrT0t1T0J0cThtM3lKZm40aGdJMUI3bk5RZVVVSDZyN1dqNnJQMWJYOTZxSmZNb0JGaTZDN0lkSEtJbjZJUlk0Zw?oc=5","Bloomberg","Global","1784226855000"
"Trump family shown with coffins on chilling Iran billboard","https://news.google.com/rss/articles/CBMirAFBVV95cUxPWDljWjByYTg2SU9uMTdhcmVzaHJYSWNjUmpMdlBZYm44TWdOYzduU2gxUXpiZk1ES1VqV1h3bWI4RWx2YnY5ZEhiRldObks1Mmp4cXB3dk1SM0tYTy1YUHA3RTJaY3RXTUhDVmdlWFBsUl9uYXU2RWdCem9KZHhXR2NiV3cwRTJGakVMdy1NZElpMDJibGVteXhXLXE0OTNVbVpVM3FPSVlvMzFF?oc=5","The Telegraph","UK","1784228280000"
"Sailors stranded in the Strait of Hormuz had explicit message for US forces: ‘F–k off’","https://news.google.com/rss/articles/CBMivAFBVV95cUxNZERWMEhxLTZvZmFxa0RaYmF2VmlNZ2NsR3E0Z19aWlpOekQ0S1BxY2xraGIyX290TTAxbDA4ZjdLcElaaFhpeEZQVWlkRTUxRngzbE54N3kzX2VDS2FSaEZDQVd1UGZHcUdLX3o1UFU1d3BqWkVOOUJiODFqZE5qVXJERTN2Qmg4RkIyUDJmV3diNExNT0xFUklTNUthNlZyT2RBNGhPQUEzRV95VVp3Qi02MGVqMWVQLWZEZw?oc=5","New York Post","US","1784227200000"
"Strikes against Iran are 'clearly' making a difference, Brent Sadler argues","https://news.google.com/rss/articles/CBMiVkFVX3lxTE5zTlVWM0NVMFR4Qmsxc2g0VUJuald0RHo1dG8xTlBBdlhsSjVyTGVObi1ZNm01RHA0NjZRb2hKUkdUQXR2NENGNG9MaUVDMjQzTk9pOVFn?oc=5","Fox News","US","1784226941000"
"Iran uses war as excuse to hang more political prisoners, human rights group warns","https://news.google.com/rss/articles/CBMiswFBVV95cUxQZ3NyZ3N0TGRYYlpsNVZqd3VvNm1zTVVzSnVQNkcteEFHdlYxWHFla0hYZkJYcDEzcG9tNktZNG8tcWZPMjdzd1l2QlRiMFY3VjBIU0plYUxPcDJsUExYTXB0dkVrSU96X1JtM2JqVUlCQ1VNclRnODNWeDg2NlZPcUpmY2VINk82RXNGY05hMVZkVmFaRzFuX2NGMmZSRzE1cTlGd1hxZ2FnLVV1VFdOYVZDNA?oc=5","New York Post","US","1784226840000"
"Aaron Cohen: US now in the 'exploitation phase' against Iran","https://news.google.com/rss/articles/CBMiVkFVX3lxTE1LSEg0elJQMnhJLUJDaDg2Zy1MMzVaU1FnRUUxRTJwNzducWpVdW5HX1NuSWM4eUtEbTc4MXk2RjZPMjBRcDB4b3ZsSGhOSlF1RXh5bVNR?oc=5","Fox News","US","1784226686000"
"Iran warns Strait of Hormuz is an ‘unbreakable red line’ as US expands strikes","https://news.google.com/rss/articles/CBMivwFBVV95cUxQZElfN1hzRElnS3FoX3VJQTJhbGhDNXJ5YTFxakN2VDQtMWJ0MlZaMDlqMjRkcS00dDdzMEhWcjNGbjM1MW03ZVNxZVB6NlBYdFFPZmJDM3BNV1pSNGkwZ2E0bWt0Y1FCS2hlRVFXS0tacmFVMnl1X1h2WFdoZ3c3R1VCeF9DSHlFV2R6Tk9mMkJXT0luS2NXdmRmV1Z6Y195TnpMS0ItMnhMU3FLN2NybHozdmVCY3ZvTWNmWm1FRQ?oc=5","CNN","US","1784226521000"
"Trump answers when asked if he’d ‘wipe out’ IRGC like he did ISIS","https://news.google.com/rss/articles/CBMiVkFVX3lxTE9KQ2Z6QUppLXdjTkR4TWxuUHVIa05aWHFRQ0wwOGZ5TnF2Vk5FMFpCUS05YWF5eE1JWS1pbHBPclRLQzQ3MVlMRWhJZzFtSlpadTBEQzVn?oc=5","Fox News","US","1784226201000"
"US House Republicans push forward on Trump funding plan for Iran war, election overhaul","https://news.google.com/rss/articles/CBMizAFBVV95cUxPYW1SRVdSN09Ld296TUtRNjA3UGVjVGRFenVuOEQweFRZNjM0NUNkSktZY21KNEhhQllpMFd1cUtDeUVKclh1WmhtaV9IQWRUcThMZnRFRFVrNzJRSk5oR2VUXzlUWktfXzU0anQ3V0QwVEVTNlZibmlULVRiZFItcGFzNXVTLWx2SWw1ZERJa2V3cXZkbzFkRXo0LXJ4Zm1aY29RY200d2M3b0tOaU9NSFVabFdCRndISjZlbFB5UG9HcDdnRGN4bUlWQUI?oc=5","Reuters","Global","1784229369000"
"Hopes for US-Iran diplomacy still alive as fighting intensifies over the Strait of Hormuz","https://news.google.com/rss/articles/CBMiowFBVV95cUxPRjJVZ2s1d2w1bmw0Q3FNM0JvS3hBSG00cXJyMnhQMl96Nm41Rlg2TUFFTnNEcnVZdWJZUTRlblNtTFdrZlAydGtxdWtpY1pzMG9ybkVSQmg3Y2lrNTZPQmUtOHlCeUN1bzhRN05PTXJ0Mm5FczdsWlVuUkpsNzNjRG9GZjJzYTA0enhIcUZQcDZCNnIyWjMtc1Z0TllNQkFyck1V?oc=5","Associated Press","Global","1784229180000"
"US Launches New Iran Strikes, Wildfire Smoke Chokes Northern US","https://news.google.com/rss/articles/CBMirwFBVV95cUxOb3VJRy1KcklNN1c4SjdFWFJYUmFTTmhlMDNrVGRPWFZQblJicWVvQmhtc3VVaHI4OG9TOHVsemdING1Hd1MxMWxMREM2M0QyZTIxUVNuYmVYb1ozb3ZodFVTdkNQU2NPOFNMUV81dTZJV2RlcXRmWUZuZVB2MDVaRG9HZEViVV8wemlha29udXVPU3RTT0xYd09aTFozZkhKVFhKMDJiZmtHakU3dnlB?oc=5","Bloomberg","Global","1784228654000"
"Hopes for US-Iran diplomacy still alive as fighting intensifies over the Strait of Hormuz","https://news.google.com/rss/articles/CBMi1wFBVV95cUxNa2paS2xzMkFSUUtlZXp5bXhXLVRHaS1xMG54dk1GVjd5M1N0RjN3dU5ERjRQQ0FMZVF5Z1Q2TzltS2lwY0t6eFlUelI4Tl9hb3FzcmNhQVVzVFNzYjM4Ri1DTnpjMzFRaV9VcW5wTjRaVEh3WnBZZko1MlVvZmtKaWw0cEdsMnJNQ0VGSm5UbnJsYVF4UDRybG1HRVdDRkFIT2M2WklhWE5QNlNxNU5ycFNwcHp6TFdIbGFES2NPNTRCTm5ncDNQYWJULUNxcTRIYzBSLVphbw?oc=5","The Washington Post","US","1784230129000"
"Iran judiciary denies Trump statement that American prisoner was freed","https://news.google.com/rss/articles/CBMitwFBVV95cUxOZ0xBb19ON1MtbDJ5ck1ZV2pBTkdDci1fSUV1WGQ5aWNaLU1hQmFtNWlGWnJkaDJRMWp1OEd4bk9WbjVjNEFvbTE3SWFmN2N0TEh2STV4LUdVMDRBR0tvZWstQXltVWZNdWZrcUJEVmZzcGZ0MXZEU3owRzY2TkhLWUpnZjVzUkhVb3k2T1B4OVlPUV9kb1BnQVJKcmdHejFQS1J1UkYzSnlSd2hEZGlHLWEtZmVhTkk?oc=5","The Times of Israel","Israel","1784229949000"
"Why Washington's military strategy against Iran is failing to deliver results?","https://news.google.com/rss/articles/CBMiwwFBVV95cUxOZWVZUG5YbWtnVHB2RGpOMUQ0RnVnc2lLOTJ0akIxU3F1Y05LTDNHck5rMTdBRmhYTFVzZEhOMmFhZmE0TE9jVDYtaU02aDRNZm5icFVtS2l0aGFWalZIeGdCU1hlZWdlbVJXeGJVd2htdkVtOGRuQlZsVFBXTDNMcmsxX3lCZDBmckNQQVk5Uk50SVRNY1o0b1FZZ1N1VVhNamJZYWx1dHhpMG0xaWJEcnl2R2hhSDFBdUEyNHJKMVF1TGc?oc=5","Press TV","Iran","1784229360000"
"The conflict is highlighting strategic importance of the Strait of Hormuz'","https://news.google.com/rss/articles/CBMixgFBVV95cUxQTVpaLVEyM2JpNVJyeDhMUzFYYllCeGZ4UE5IS0otV1N0LWlLbjhZSkRLTzNzTkpsTldaSFZHYnpadTNYTDg3R3IxR3Bibm5HOHFZMHdYd2VGeDFxYXd2XzVTdUs3dndOb25fQVM0UDVzQjNMWGlfWExpNU1VZFI5a08tWEsyYk9VZ1VMLXNHenpDWFZNM2FCR1htM09SbDhfV2sxVF9xUHJITjNqekNSSzZDX2EycXlENzMtbHVKUVFwTmFwQnc?oc=5","Press TV","Iran","1784229120000"
"US military says launched fresh wave of strikes on Iran","https://news.google.com/rss/articles/CBMikwFBVV95cUxNRXdTQ2lSSDV4ZzNwTWJ3R1gyVmJHSTdBdEdRcHFhcXVFR3QzTmxGLVpSMUYyMWxuNWc5N01NcW41Y0U3Y1IyWkM3SU0wclBJQUVSWWh2Q2RzWFltRlkweU4zNk1hcGh4dWZ3ZkdQVzVJZy1JVXBhRjliTW44RmI2UDZfY3FPYW1JVkhuRGNNcl9hSVk?oc=5","Dawn","Pakistan","1784226731000"
"How serious is Iran’s threat to disrupt shipping in the Red Sea?","https://news.google.com/rss/articles/CBMiuAFBVV95cUxQUUFCaVdCRV9SRkhDTkQ5aDk4STgyblRBdmo0SndtYnJhWGR0ME56QU1BaHA2bkExa1kxNUlVOEV0d3l2MDJJS0pzekJZem9hSE5Xd202NFdQUDhLQmRvTHlDRFlMb29SbFdVYUZfSEhQUXQwMnpKVHFaRXQ0dmhUbUpKdHhLVEd5RV93QzdxSkdRTVU4UEtqQmRwa3dkVXdUdXVxdWNmRE1kaUJpbUN4MVVsdzJ0SUFI0gG-AUFVX3lxTE82c3ZEOTRNTGVrOFFfN1RsZ1J0ZThWMkdaLXFlX0lxaWJvX1hmYllnUmJvNEoxR0ltd2NvLVRmcWNfamZEN2ZVQlJXeGRjcGVfcnFfTkdibHBGb0pURDdsUF9JZlZfQWFfZEZpdkt3WGI0NXpVVkt1UXlBTjFmTFlWd0VRd2gtNGkwRU1GcmtWRzFLLTJEeUNOU0J0QWFEWTVkTVMxaVhwQk1RWmhBRXJnckU3bXhvMGZIYjFWM0E?oc=5","Al Jazeera","Arab","1784231074000"
"84,400 passengers in a single day: Iran escalation fails to slow down Ben Gurion Airport","https://news.google.com/rss/articles/CBMiVkFVX3lxTE1SeXp3SDNiWllfa2loVEJoZWtFaEt2YklVa0xYemJ0RVE3QnFfQl82cGg1UFRmSzkxY29DWDktY0RUZVRMcDUtTHhLakZqS2ZrS0tRSklB?oc=5","The Jerusalem Post","Israel","1784230800000"
"Go to Hell': JD Vance lashes out at Israeli campaign to derail US-Iran talks","https://news.google.com/rss/articles/CBMigwFBVV95cUxOVDVVY1A1UGRmYWxndHE5S3hmcThMcThCeDlmaXhPbExfTU5VRGx6aVlPS0Mxbnk2VjBPZnFMdWhnOTJ5R1QyZjllcDBSOGF4OXdERDZxdlROTVFwMktRRC1FUnY3bi1CR05xemN1Q20yM2ZjTHlkZmxNNWNWTnVoUzhjdw?oc=5","Press TV","Iran","1784230080000"
"Third betrayal of diplomacy"": Iran blasts US violation of every element of MoU","https://news.google.com/rss/articles/CBMikgFBVV95cUxNUWYwTXl2MG9oMnpBZm9UX2VWYS1mUVpxOFROVEtsQ1VrTXB0cjhzSlJoOXNBcm5Ccl92Y3FUdUdtb2twclZRZHIyS09MVS1FWHNkRVdwMl9CamlhOFFYdkVjdGJZcmNxaEpyazZ2dUVocERTRVE2SUp2eG9ILVFQNXdlTE5kVXM5STNSSlFZZ2pZdw?oc=5","Press TV","Iran","1784230020000"
"Iran slams US, Israel, Argentina for voting against key UN counterterrorism resolutions","https://news.google.com/rss/articles/CBMiwAFBVV95cUxOeFZLMkZiRFdhOF9OVTY3OGlBaHJ4ZjZXT2lRVTY1SjM4Q3VIYm81YlhFeDZ1LVdPalV3SEpleHRwSTJmYXpLOF9BZ01od3dpQ3NQTklMbDJnVXVobkdLcjFsaHA2dW93bVhWODZvaVJjSXd3VVN5QXduNUcyWlVQa0hkczB2NVJkZmhjRk5VLWx0V1JFTXM4Ti1YOTNNN2FkaVdkaFNoeUVOTGl1NGs4RkgwNlA0TjRTaUlqcnpKYmM?oc=5","Press TV","Iran","1784230020000"
"Bloomberg Businessweek Daily: Hormuz Talks Stall","https://news.google.com/rss/articles/CBMipgFBVV95cUxPOE1oNGxWcFBFWjdaUEstZmVERndyU29BU3M0dWhMYl85NXEtanp0VlZzV3ZRWGtKb2I1NENlWGplR3ZfZHB6S3JVaTZTckdFVWw3cnN6SXAwSzBFeW9XcVh1cWRqYTVtQzVDR2Z3bGJGU3p2aExfdDlaQzJ2MzN1SFFhampaS2I0ZGF6Wl9BNWliSHN0Z0Z5X25PUGUwSHJzSzNYZ21n?oc=5","Bloomberg","Global","1784232066000"
"Trump Confronts Limits to US Power to Secure Strait of Hormuz","https://news.google.com/rss/articles/CBMisgFBVV95cUxPaVRPR0Z3dmpvZDcybHRBWlJhc3FEcUs2NGlIN1k5RjFBSTJJYmNEV2VUWWEzRkd6THJQUXhlWGpjZ0FGVmo1NlJ2NmpTMnhRY2tDcG9Cd1VsMUpXSjlHOVd6Sld4NG1XVF9Fb2E1SFh6MkMtWFU4Tm1LdUpKbW5IZXhrakhKYWFFSUQtUzluYmNuY3ZvUW9qakxZTTVJRU1hSU5CUTdQNnQ3XzkzV2lIV2Vn?oc=5","Bloomberg","Global","1784231780000"
"White House says Iran continues to talk to US, wants to make a deal","https://news.google.com/rss/articles/CBMieEFVX3lxTE5IRDZiX29IcDJwcGw0ZndYOVRfLWRIaXNxSTRUQ21sdUhnWmdtbl9ZLUJ0Zy1qRDBaOGtqX3Z3TnhXTmZUcV9QY2szblhBZ1ZXMEw1Y0o5dkxPb2szcFVZdS1RenlhNkgxVmRtZmdfcjVWQkVydHBLdQ?oc=5","Reuters","Global","1784231550000"
"House Republicans’ $95 billion Iran war package clears first hurdle","https://news.google.com/rss/articles/CBMilwFBVV95cUxNT2Z6Zkp3dkVZVS02alVCeE9IMC1DaXlZUHVWa3NqNHhxQlcxWW02M2tPZ1V2UUZIbUVEOFUxTl9DVHp4LXN2RXRQTl9Id3pCQk9la0VfckdUODBNNUV4Ul9aUnVhM3BMNlNDcXlVeEdObzBpRGZmN2lZSjdUcGd5UVpDVGdqaTF6X1lBeHdrY29RMDlZUGRN?oc=5","Associated Press","Global","1784231520000"
"Chevron weighs new Iraqi oil pipeline to avoid Strait of Hormuz during Iran war","https://news.google.com/rss/articles/CBMiuwFBVV95cUxPQkF2cTlyRXBUMC1hUV94a3lQc3QwRHQ4M2FMUnVNQU5YRC1nSTE1TzFOT2hsS3F0bDdmZHZzVVRCbjJBeXpQUGl4OVNWeVRZWEtGVVFyT3FGN1B3eVFpOHRkTTNlcFJYYUpVSlVTeDBNUnQ5NEM1NnhISWdidy16a3pDZzVQTnZibGo2VUs1Y21kQVJvbDdKdHI0MHdXbU5XWDRGc0ZOd3dFWkxPTG54S0Mta2dVMXJSaTkw?oc=5","New York Post","US","1784231820000"
"Trump reportedly considers new bombing targets, expanding Iran operations","https://news.google.com/rss/articles/CBMiVkFVX3lxTE9XeXlQODJ5N1FCZFVTSXliVjJtQURiNGNGUHRZVDVWcDFDZWtCMnZvU1JTdWNGTGhnZGR0N2dSQTdCTHZ5UjhicWxFWUFodW1WQW43V0dR?oc=5","Fox News","US","1784231684000"
"US strikes Iran for 6th day in a row","https://news.google.com/rss/articles/CBMigAFBVV95cUxPdWI3dGRpc2lrNkxmVmRtVlVfRHB4UDRDMjIzMXVRVEU3dHp0LVRqMjMzQmV3bEJmVUNxY3NkMHZ2S1N2QzFuaXh2bUFYS1VrWU9kUkFzSk03RnF6cGN0djNhSGdlX3pNVk1VUEYtc0o4Vjdjb0lsZlpDQmRncFZ1MQ?oc=5","Politico","US","1784230140000"
"Iran continues to talk to U.S., wants to make a deal, White House says","https://news.google.com/rss/articles/CBMirgFBVV95cUxPQWdiekphMHNZVm1rSmdDajlsTVkxMXhHYUpqTC1QX0RLVGdDTmxrbmJEUzBvMTEwV1lpVG5mSU91Vmh5cTBBZG43OEtqSkUxZUxEMkFuUmUwVnZ4SXB3NkRHZ29McmY0a0RlRXN6Wi1tVVRCUjNSRGE0NmVvTDEtZFlsY0t1bnphOFNIV0xDZkJldXhRZmpUSjdYU0NtVkRUSFZWM2lVc0p0V2RZY2c?oc=5","Reuters","Global","1784231084000"
"Trump reportedly considers expanding Iran strikes with more bombing targets","https://news.google.com/rss/articles/CBMiVkFVX3lxTE11d254Ylh0NGxEQUMzNXRidUFwVWdidjlYbEU1WE9tU25qT2VqWUxzbE1RYjY5d2JPd1ZRaHFfTjdpOVA1VllMQXN3ZjViY3labGRIRWd3?oc=5","Fox News","US","1784232025000"
"Talks with Iran ongoing: White House","https://news.google.com/rss/articles/CBMifEFVX3lxTE40cUJwOHpiLVg5TG1Db2txQkRzX0EyVFl6dFhzRkZGb3hoSThYWWlLemgtMXNQMU1QYjd3MXA3TWdEcW1TcnRnMWlFQTl5WTg5ckdvcXpUZHV6bzU5LW40M1hDdVVpSm1UR19xajh5TnE1bmZXMlk4b3lHYTM?oc=5","Xinhua","China","1784233125000"
"Iran's judiciary refutes Trump's claim of U.S. citizen's release","https://news.google.com/rss/articles/CBMifEFVX3lxTE5ZZF9fcERQSUExWnVscVYzeHJJVGlObDZjTk5vLWg1OXlBZ2tuSWtCaFViNnpmeWVENm5mOTRtSVowYkJrUFUzOEVDQmJhTVAxN0JHVC1FZzVGeU1GcXFldUM5NGVIb0twZkVSallnNTdPUzV2WUFxcnhPUmw?oc=5","Xinhua","China","1784232390000"
"Iranian media signals US strikes hit several southern areas near Gulf","https://news.google.com/rss/articles/CBMitgFBVV95cUxNZEVhc3JHd2EtVGluZGZxdW1zNFptcVJmbGhYQ2N4QlU1ZW9YSEFCaWlpODE0bmdKTHlPLVFJWXNxc05mbjhfTWVfWktKZGE1bmVkSEJpbnRkNXBlbzc2LTdMMjQyNDczcS1qNmdXb0I3NDNGUmNSbnlEUzZCakx2a2RWT1lBUjNYUG1JNzFVQWpjdDJReTFCdEdpOFBFMkRycXZoQWFmaXlCTGxBOGdVMjBGbWdIQQ?oc=5","The Times of Israel","Israel","1784231498000"
"Fire at Imam Reza Shrine Complex in Iran’s Mashhad","https://news.google.com/rss/articles/CBMiqwFBVV95cUxQeHpHXzdCalcxZ083RUlIa2k5RXlQSG5MYnN2dmo3TXZrQnBiOXhlM0otb0EzLXQxVVJPaXNWY2dkQU9KTXBfWE9URmZvU3ZmMFJsTXRkSDc5dHZNMUZJWmd3VFVqRUpzZElhYUhvYWRyLWlnd0kzT3ZsekdHemxQeVh4VnZPU09tckpFd3k2Q0dqNDZQNmdUWmNJSVpuV05zS2EtVm03UHE5VjDSAasBQVVfeXFMUHh6R183QmpXMWdPN0VJSGtpOUV5UEhuTGJzdnZqN012a0JwYjl4ZTNKLW9BMy10MVVST2lzVmNnZEFPSk1wX1hPVEZmb1N2ZjBSbE10ZEg3OXR2TTFGSVpnd1RVakVKc2RJYWFIb2Fkci1pZ3dJM092bHpHR3psUHlYeFZ2T1NPbXJKRXd5NkNHajQ2UDZnVFpjSUlabldOc0thLVZtN1BxOVYw?oc=5","Al Arabiya","Arab","1784230717000"
"1st LD Writethru: U.S. launches another round of strikes against Iran","https://news.google.com/rss/articles/CBMifEFVX3lxTE1Ja3Ztd0hOVWtiNS1HbkU2YmZEMUxJaGpndEVyUWFhLUZkOXI1Vm5IeVppVkNFUG9iN05SZmtmd3JCLU5qS1VYdVFhMWR5TEt2RGhyRDJiY3E2VFU4MEUxSVZUWUlHaG9mbDRublpKbnpUdUpwQ1I2dV9EU3Y?oc=5","Xinhua","China","1784234685000"
"The hardest party to manage in the Iran talks isn’t Iran","https://news.google.com/rss/articles/CBMiogFBVV95cUxNVFVyX2RpNDJGcTZrTWNMZVNSVXlEdEpqYU8xUjd3Um1GNlNYUnJOV0U0M1Rmc3VUSXNCVEJJWlQwWjIxdFlNTGduZndiOHFKaE9wRnROaWl2X29BM1lmclNjNlppcWtQNUlFcjZQMXl6YXF4WDlLMHpBM0t6TUZ6WER3cmlfamN6YURiUEt0b1BONnFkWUJQVl9lQlV1WFJEeXfSAacBQVVfeXFMT0dVTnZpSXpmSjU5RFdacHpDUFJfeUZUVi1Ic1FMaDN2WUtqbXR1UzcxSWdlLXRyNkJUVEtLZWVIZ0M3aVUyOVZ5cFVxajV3QktOWDhXdVU1RGFpRzc5aVVrMVpEUjBzVWdpYU9wWFdzZXBsNXE0bUg5cEpaOFQ5bVlqTVpMdHZKR1JKT0pkcDI0YWZjY0dLWWZnWm9Xa1pmdkFtanMydjg?oc=5","Al Jazeera","Arab","1784234641000"
"1st LD: U.S. projectiles hit Iran's Bandar Abbas as CENTCOM announces start of fresh attacks -- media","https://news.google.com/rss/articles/CBMifEFVX3lxTE14Z0NUVGZzYTdCQkxKamZuZHVOdDhlUDBYb2FOdmJ6X0tGM2FJd3Bnb00zZGhxNVFFU19EWEhSbVplZ0NTVEQ0LVN4VkpOMHh5NnhwVHdiUG45Y25sTUtpT3o5SnFZU2UwUlBJX1pYMlJNSjFyV3lGc1hKbXo?oc=5","Xinhua","China","1784233890000"
"Netflix Faces Slowing Growth, US Launches New Iran Strikes, More","https://news.google.com/rss/articles/CBMirwFBVV95cUxQb0JNZkxyQlhLY2VNT1oteFlkMUZwOVVOSHpoakdWV2N0RlZUd25PeVNPUVV3VzhYVHNCRnR6UVFJUkNXTFUxRFhPakxMeDdwQzU2QlFta2Q1OTJ2Z2ZKSjNqeThPVjFUR3BxRWhYVUhfbXA1ZjdUWTFGQnpSY041cmNPY0h4VmM3Qk9VcE9qUmJsalZ4azM0Tno1ZWZQeElSZ2c1TEJ3dG02akg2U0Yw?oc=5","Bloomberg","Global","1784235517000"
"Trump threatens new Iran escalation and risks repeating old mistakes","https://news.google.com/rss/articles/CBMiugFBVV95cUxPdnIySy12MVk2eUt1V3poZUtIbERIR0pMcHcwVGFUbW5CRlllQnFHU1FHYWNoNmh5YThaZGc1NHpId0pOVXZ0Z0Npb2xvZEZJaEJlaUlwSjBVaGw5WkJNWWlfckZfWVdNMGFucGVJUUE0Z1RzNXhRVklRUlhtUjgyYTMxY19DSEl2bkNiRTRjMjBKa0huQmVTUmtyNHZZNkdOdTJmY2daYVNMaTlJUEVEZC1LMFAxMjR1Tnc?oc=5","Reuters","Global","1784234182000"
"US launches new wave of strikes on Iran ahead of Trump’s national address","https://news.google.com/rss/articles/CBMinAFBVV95cUxNNHdFTHY2NEFGMG9HcS1OUDF3WFFvVm9WZFpILTBuN2lPalVENjVmT0lYcWdZNEVYdjk4UzFka1J2aENieTdtV1lWbk4tdWZnT2NySkxFS24tLVlDVFRHS3VyRUJQNndvaWNyLXNCSHRlSWQxdmFKTEJMbGFfTlRCbVppSEFvSGJkT0VIeFF2eWtrbFd1MjVCMEpTNWE?oc=5","The Independent","UK","1784235900000"
"Tracking Trump: Iran threatens regional infrastructure; Trump’s approval rating remains low; NYT challenges subpoenas; and more","https://news.google.com/rss/articles/CBMiiAJBVV95cUxOZWVkZ2IwNGJEdUxNNTF1c2VDY21sVDYxVVlvekVjU0JGT1BXUEF0TFoxMzhQS0J3b3pnVWI1TjJ4M3VtWGJ6Z3lqY0U4TmItWDI4OW5YZWJTTDhRdEc1X19BWGVXZXdmZFdqb1VhNElkclFOUVNvbDNldEtiXzJ0aV9OWGdLcUgwSGQyVll2Wkl1Si13QkdqQUJjQjNWUmdOdjF5WjMzZDNNT3FZcGUwY2tFYUlLUVJ6Q2JKTTVheWU4VE1FRUlIMGl5OW1xS0d2cWYweEZMd0M1VmU5VjFTV0hhM21vXzZGNDIwc3k0Tm5EUmx4MVMwNXVxa2xFV2JYV3Z1QlhMUlQ?oc=5","The Washington Post","US","1784235783000"
"Essay | Saudi Arabia Was in the Midst of Transformation. Then Came the Iran War.","https://news.google.com/rss/articles/CBMigAFBVV95cUxNdkVFWERhcG1nQnF1VDNHNm9vTVlWYXZZZTM2b0ZnRUNhdjVUZTZtY2NrM2NEaDRyYUg1a1JXZ2JVZHdsd0E1ZHNFR2Zad2VsWjRmeGlLY0JaT201bThrUUxqY05aSXVQMnJDeG4wRlJXd2NsYmo1NFpzZ1ZsN3l2cg?oc=5","The Wall Street Journal","US","1784234880000"
"On the War Against Iran, the Pentagon Has Said Little","https://news.google.com/rss/articles/CBMihAFBVV95cUxOMWZENXN6cUNEUmw5R1VwNnJFVk1LZjcySTk3cUtoU0JPNE1MbDlIZ2ZoU2NiUnB4T0lqdG01ZDhGQXMtZDVrUWQ1THc4VmlmdEJ6eE5Rb2Y3MlBnanJkMTBaV1JoUEUxUV9vSnV4REItd0JTbmF2ZkQ2TTZ0bXhpX09iWmQ?oc=5","The New York Times","US","1784234004000"
"Iran targeted by more US strikes while White House says sides are talking","https://news.google.com/rss/articles/CBMiwwFBVV95cUxQY1gtVVdNVFN2UWx2czBnT09NRWo0cGFZVnZUSE5SZnpqb19aVDZ6ZFBXaVgwVEdMc3EyZmNwaWs4TjBuWjlGRFpYTVFMeWk3TjZ5UGpNdjQ2Uno5NmQtZFoweWRNN2tDTmZUWlpjc3BtVTVnWEt0ZzB4R2taYnNFTmFRcmttMUVNUmYza2hDbXc4dHVvV0g1dDY0UlJsX3gtQXExTmwxT1hrVEZHbWpTZ0tjWW81NTNSOVpjXzJCMU9VcmM?oc=5","The Independent","UK","1784233680000"
"JD Vance accuses Israel of 'manipulating' US public opinion to prolong Iran war","https://news.google.com/rss/articles/CBMiWkFVX3lxTE9HSjh2Mk1NN0ZVYkwza0xkZ2kyN2ZCV1lzZ21LRDBvTFVPRGc1LWJtdU9RN1VCZC1rMW1xc1IzRTk5Q0ljSDk1VmE3amxtRmJOTlV2MVRsaGR6UQ?oc=5","BBC","Global","1784236929000"
"Why the Strait of Hormuz Is Losing Importance","https://news.google.com/rss/articles/CBMimgFBVV95cUxQd3V3QXVnRTEydWpjWlZnYWItUTY4WTBhci1abEVZQ2tFTl9zdGx5MEtRNDVTR1VOVjZxNmRMQzFnOXJyR2trVG9jb2E4eVdGVl9RbHNvaWpuU1FyMTlsSng0a2xZNGV5dzZEYmpycTd1S0FINkZmUTk4QzBsTkpOWWdneU9zd04wci15bEV2YlZ3b21EQ0tuNkZn?oc=5","Bloomberg","Global","1784236379000"
"How The Iran War Is Rewiring the Oil Market","https://news.google.com/rss/articles/CBMipAFBVV95cUxQWnNZX1o3SVdYMnhsZHdmbWpnTFdfMjBEVWhyYk12RnFlWkdKb0d4cFFaMXdCLTBUdkxTYUJHal9XcWdNa1BEUGZORE5QMWRFWkcxaHVUNkVTSk5GV0RndzFNTlM4NmVJWTBnRVc5WG02OVQxTkZ3bHVIQzB5YW1IV25JVm5iZ3lmNThjRVM4WDRUUnNtVUVXUjMwRmQzcHJ6UDRRcw?oc=5","Bloomberg","Global","1784236296000"
"Chevron Will Explore a Pipeline Bypassing the Strait of Hormuz","https://news.google.com/rss/articles/CBMiqgFBVV95cUxPWTFqZnRTbzVuTFV1WmxKZ1oxcEhwUTdJWEJ6cUhjMVpjWXZBWm81elYxWko2YUwzNmxNSjhVVmp4RzlmY29vRVBUdHNUZ0Y2SlpJQWRKSl9acmItOGZXeUt6bklGUVgwNVpkZ24zd0pBeTRkUlZBbF9iUU0yN000TjZhZ2ZIN2NISUZ6SGJKR2xiSGk5YS10ZTRRYXdwOXNwNGtrUUluWTFPZw?oc=5","The Wall Street Journal","US","1784237160000"
"Latest US strikes on Iran include Air Force planes from carriers and regional bases","https://news.google.com/rss/articles/CBMiVkFVX3lxTE5TOF9ZUXFiblQ2eDhuOG5IRGtxR1p4WjRqWEtPN28zb3JETkREenJXQWR6QzRlY3R2ZGp4WFRQVDhNb01nZk1MNzBGOEgwLS0xNEl5Y2NB?oc=5","Fox News","US","1784236061000"
"Iran Wants America’s Partners to Feel Abandoned. The US Must Prove Otherwise","https://news.google.com/rss/articles/CBMiqwFBVV95cUxOUGd0YXJ3aHZnZzAzbHNURFgzdkRYRm9USHM0WHpCRlozb2otZTM4OVhNS2czRWt0ck9ISFNrZWdIZWY0allQTzY2OUU5Y3RLeUhVc0FQR2JnZkk4elJ1UmV0Vy1uXy03aHNPa1hlYklOTlJuVkYzYzBraGgzUnpGa09fdVNwdkpXaHVERVNscE13aDVFeXpvNFFsYnJrdHRteVZ1aC1fSTc2eHc?oc=5","The Times of Israel","Israel","1784236560000"
"Iran armed forces spokesman urges regional coop. on Hormuz, says US presence root of insecurity","https://news.google.com/rss/articles/CBMi2gFBVV95cUxQTndHbHU5aWE4OHN0OTQzYUpWUUFSaFYydm9HaG84bnhjTDlDZnFrVnFuTUxiY3BPMXVidVlsUURuZHJoa3pEUS1CcEhFMzRhanFxSzhKMG1YeUlmbWRUTXlBbFdLbHVta21Pa0lCWEZ3QlRjR0JSVkdjQjh0MVNIb2FkcF9aNHZ6V2E0cXhLenNPM2cySHE0dGpuVWVZS1RQX1J1V1lIb0NpekhZenhmRHJKQXJYRlV6YWd6S0U2RzdqVGNIX0NDMjBLMEV1NXJ3SW5kUzNuRnZ2dw?oc=5","Press TV","Iran","1784236500000"
"US mounts sixth straight night of attacks as Iran warns of wider war","https://news.google.com/rss/articles/CBMirgFBVV95cUxOZGFiQkZGcXRqQjFIbDdzVEVxUGV1dWR0WnlMb0JPanluS1pqckNsZXFkQmxvRHMzLTQwUVlJZ2laRDNmMGJRZEQ1N2d1S1N1dWFMdFdnRGQwT2ZBeEExVTFtd2F3SWdRSWNDNG95bU1NZlpsX2xLWmtFRjV4T1BiZlQ4SmJRVks2bGdmMnRKbHNoN3pyOUhKV1ZBcnFmb080TGNfSTc3UWFvd0Q1Q2fSAbMBQVVfeXFMTUNQS2ZSbGg0cVFyT2VCVTN4YWJrNnEtajdiSTVMN3k5MU1rRGRubTFic1YxR3gteUlBWko3MXlJb1V5WHNSYTlSdHNOVmYtTHF5NDF3WVNud24tX3duamlfYWYzZGJ5bC13QmQ4SlYwMmc0SnBoRnpXTjdpTHlTanJWU3VGNFg5d0VBN2pMTEk0Y3FZSXdIOXQwdTdPcWptTk9kU1FTR0g4aWd2OGNHaXNNaTg?oc=5","Al Jazeera","Arab","1784235843000"
"US strikes on Iran hit bridges and an airport, reports state media","https://news.google.com/rss/articles/CBMisAFBVV95cUxNR3V1bGlhT2hyRGpyMzh6SThCdkoyQWttVzdhZVc4bkdPQ0V1dS1JUGxLRnRjaE05VUw0T2I4cVRVSnF5UnM1SGpHcG9CY2huX05zUzFtdmdEMm1nQV84Ym94NTBUVlktdmZOb3BJcm5XSk1CM29kOTZZTlBIdDI5alZPOW5nSXJhTnBTR3ZPTFowbzhRQXBKeTd3eTdpTFR6MlRyRGNHN1JQbVhOUnNheA?oc=5","The Times of Israel","Israel","1784238000000"
"1 killed, 7 wounded in fresh U.S. strikes against S. Iran -- media","https://news.google.com/rss/articles/CBMifEFVX3lxTE8yeFRWR0w0OGtBakFFTGVvRFhZYldPcHJqV2hXY0UxUlZxVjktdXhsRUZ0QnVINVAtcElYaTVoMWRONkFHVXYyR2lkemxpcS1TUV9icEhvR1hEOFBaRzdXRi1iZmtjczJ4UE5kQXllSjdsZGJXXzJia3hPZTk?oc=5","Xinhua","China","1784237040000"
"Iran armed forces spokesman urges regional coop. on Hormuz, says US presence root of insecurity","https://news.google.com/rss/articles/CBMi1AFBVV95cUxOb3NnT2xmbU00WUpqZHp5NklqdEVPalgyNlhBMjZPc0V2Z00wRWhhSXNpVk5xSGVjWGc2S1lNcnktZjNuVjVfSHdaeWJWYWxZV3ViekJ1a0VNY3M1cEExVWJrZk9FQldhRWtrX3NRcjQ4TlZ0T1Q0cklabnVhdGFPMmdXWElvb1I3TmpRZGF4R29DSGR0bzM2NXdGR05DNm9ZVFBaTFhxWEUtS1NoZWpTWUlObk5qaTRRakpNeEhZbEJ6bDh1Qk9oY1RwUzE2RWtCZEZEQg?oc=5","Press TV","Iran","1784236639000"
"Blasts reported in Iran as US launches new wave of strikes","https://news.google.com/rss/articles/CBMiWkFVX3lxTFBGS2EteFNKR1VrbVVwZ0kwRkpWaVdCTFhwNWtISThhYnFnYzRPNTRCYWpaa3FGdDYzUWJmcmZfN1VhQWNuM2pSZ2l3WGVkTW1BeHM3b3ZkWW5UQQ?oc=5","BBC","Global","1784238277000"
"Watch How The Iran War Is Rewiring the Oil Market","https://news.google.com/rss/articles/CBMiigFBVV95cUxNTzVxSmsyVXBoSEoyX0RlRHZkbzgxTjBJSlBvZWtzUVBOOXFXM29td3owNzVqR1o0M0JvOXFtTWxjbjY2TFZJQWFqZHNWTGVxMk9vdmhXSl9vS0M0VXRSUnNrd1pwdElZQVcwbkJrVkp5NVVfUjhEQkNHdzZHdUloQ3Y3YTRjMWhkQ2c?oc=5","Bloomberg","Global","1784237748000"
"US Continues Strikes In Iran, Netflix Disappoints, More","https://news.google.com/rss/articles/CBMiowFBVV95cUxPZXdNcE9qMXgxLWNyZU1KNVB5bEtZell1THk3RTJad1lfejNiZjh3TDJZV0FkYXI3VkUyMXpPclVpSGtZTXU0UnZPTmFYVmRzV1lEN255blppTlF6dnFSRGVJb1pITlA5endMLVVoWFVTdm4tUlQ3ZWk3c0tVUnE3Q3pNTGttdVRFVllUajY1Vi1MQnV4a19NZGROdlNRS0ZVQnc4?oc=5","Bloomberg","Global","1784239546000"
"Oil Holds Big Weekly Gain as Iran War Escalation Threatens Flows","https://news.google.com/rss/articles/CBMinwFBVV95cUxQbzJRX0lnZFNxUHVrMVYyV2ZIaGNseGVwN195QWNETjhUeTRJZlRDbV84ZWMtanUxWDYzUm9OallhMi10aEJibU1hYmI0NWx0TnVYeFpnZnZNLV9fWmFtREJ6a0Nmd0Z4Z3libGdDYWtNd2hnUlhzdXNXMHZ5R0k3NEUxTFhESXlaV0ZpcERhRUZ3R1NUQ1BzNEVsM2pITUE?oc=5","Bloomberg","Global","1784239304000"
"Iran war: US military attacks Iran for sixth night running","https://news.google.com/rss/articles/CBMimAFBVV95cUxQMFdLT1VkT0pJVG5RNVFqelpHdFM1UWFaVEdZTGdXNGNhNTEzR2xQY3JSZzhkaTZtdDZhb2p1Y1UxaUIxX25yTVRQb2hldzdaS2ZmQkppNDUxbm4zZ2FHc0lab0xraUdMRUJLWHdxMmw0QjFLRVdweTIxWkZWQkN2QV9pVVcwVmt5V2FXSENoUTEzNENyWENRYw?oc=5","DW","Europe","1784238113000"
"G.O.P. Rifts Deepen Over $95 Billion Budget Plan for Iran War and SAVE Act","https://news.google.com/rss/articles/CBMieEFVX3lxTE5RZjNueFFnTFJ3bW1TcVMyMkFIcC0yZGE4TjBCMW5uakc5WHY4OHU4MVZYcHJOOW1VVFlkVXpLZVBTRzdQanJKX2ZMaGozb0NYY3BwcmlRWlNuTjBCLUc0V2dObTNRaHJEZGY4SEhLa2ttSUp3LWVucQ?oc=5","The New York Times","US","1784240578000"
"Retired Navy SEAL breaks down military's capability to take Kharg Island","https://news.google.com/rss/articles/CBMiVkFVX3lxTE1BT2FDa2pPbkZBU3BjT0o3SVlMNUR4aU4ydHBfNkZpaktEQ1NpQzl1MHdyWGlYV0UwelhIa2V0amlhSG5ZVGc1MFA2X084SE5zUFN6TE1B?oc=5","Fox News","US","1784239611000"
"Shin Bet Chief Zini Seeking to Question Channel 12 Reporters Over Iran War Leak","https://news.google.com/rss/articles/CBMikAJBVV95cUxQTklCcjFwR3E1LUFKdzBRT2JzZ0FoQnFUMTA4cE40NHM3X2pkRFo5ZjdxZEpqOEU1aWRaR0VyWHZLMTVZT09SdGQwWnN2Q1RnMEpGYm5DTzlxX2p1UE0xVFk1M2J5eVpuZUtvb1AtMEE1Y0R1UTg3N3gyVEgzeEkyOGIzVHdWb2ZEallGd1JWa2RFWjhkWEQ1WFJrNDcxd0lVc01mN1dOZW5MZFdXZ2ROOHdRbldzbGZfVmlBM0RrUHRwYUJRRjNkRWZTZmZjSnRMUEplRVhObzBWazFYa2Z6ZjJZOXFhRUJWNUY0TDlHc1FUb3kzNG14SHpEU2V3cW5fcTgxTXI4eHhqUEdJcG4yUA?oc=5","Haaretz","Israel","1784240220000"
"Iran denies Donald Trump claim that detained US citizen was released","https://news.google.com/rss/articles/CBMiakFVX3lxTE40d2dsZnNHY2VtUkY1YUYtM0xfanpuME5VaUlIMjVkajhTWHhTMzY5WF85VXZHMUwyMmE5TnlvdWZkY3drdkFMRDhMUUJFZk5IQkpEaXZMeHU2akZxaWdEN0k0TjFrLWhxRmc?oc=5","The Jerusalem Post","Israel","1784239833000"
"US strikes Iran for sixth consecutive night, as deescalation chances appear to fade","https://news.google.com/rss/articles/CBMiswFBVV95cUxOb0lONkxkMFFVQ3FtTk5wMHVEMVRkT2o2TWp5dFBId1dicEx1MFFUQndwNU1Kd254Y0xicENMcW5MdTY1UUpvLUh5UjVDbzBZRGtMd3ZTMnhEdUtPWDZrei1BTjFvN01fMjB1OFloeVBKWGxqNjFRUnNIRE1RN0g3NGJWQkR0anlzTjVWSWJpM3lVSlNocWNnY0FaSUFRSHhqQXVuWGRZS1VvMVhXVlplSzdqTdIBuAFBVV95cUxNRW4xZW1DNVczUnNySW5OSjB0dGtsS0ZfcnhSN2xxeWN1dzMtU1VNQTY0SU82STZDMTJqWHpJZlg5ZHlKVll1NWJ5enFwUlJxTk5CM0hKZm1QekdHV0VIR3dRUWxsNWVYUjBpdVg2M1FzZVN3bUd6X2xreklBMGp1cEs4UUx3NThUS3Y4Sm9qZzRDc0dhTE54QTZpWjQ5aC14eEc0SHdlOGNJTXJLWFZEdTc0TTdiSFFr?oc=5","The Times of Israel","Israel","1784239680000"
"US launches fresh wave of strikes on Iran, targets bridges, railway, airports","https://news.google.com/rss/articles/CBMivwFBVV95cUxOSVU2VHlFTU1BVGNVSjFXMm84SEJxUFVfRGZjWXFydVBzSFNDSDJPQ25KamNWQTVBMW91NlF3ODI5c2Z5bGNiM05NZUloYVR1bzVvbEsxN1dZbE1zbDFzYjF5djZqejU1MFZHZnA2TDN3OWdvcHNIRDJBdUlRVkNfMFFJR1Nwa2RTSS1Kdlg3Q1k0anVzdlRyUXBIQVh5bVlISzQtdlFuYllXeE51VkpOamszMXRqN0VteGhTWTZjOA?oc=5","Press TV","Iran","1784242680000"
"Vance slams Israel for thwarting Iran talks","https://news.google.com/rss/articles/CBMihwFBVV95cUxQRkw4bWJfeVJNTXZXVDRab19lcGVMVkttSFlmZ19jZ3RDWmRfMVdPQ1pISkdIYW02NkdaZjFwU0xBVzh6YnV3aC1QdlVsSDVVWEN5QnpxcFhCN3dRU0M5YWVYNFN4SGpxVjVUbHFVWVJXaHlVZVlXWnl4c09Ia2xIdWpjMkZRZzjSAY8BQVVfeXFMUGtLMEtTb1J0ZWRVRDItZ2Y0dTB1aFNzV0s0RE1HUk11NU9hWnNNUWtmV3NGTW9JaEI3TW1BYlJKTnJPSUhjX1pDR2hoLWN1WVFvTHM4OUhieGY2R01SZVFnVlZoRUIyYUVzWEdya1BOWDdTNkw2dEliQm9vcFZGUkhNOHhUbTZES3hycTVMQ1k?oc=5","The Express Tribune","Pakistan","1784242556000"
"IEA chief: World should be worried about energy security if US-Iran fighting continues","https://news.google.com/rss/articles/CBMiywFBVV95cUxOWEtEemh0YWxEYnNzLVhFR01Ed1ZnWXktMEJ0cHRULXlzdmZyWGNpT1Y2WERoQlJxc2toYTg1OGRDZjMtbmFZUVZ0bExtNmFOM2xjU2hNWHdhVWZGNm01d3dWWXFtcmpCNmRSel9sUHhJc044UzNQRjlaa2FVMXBFVlBnNVNIVjlhbXBwZDkyT1Eyd2hyZFlpSDZvYW9Jcmc5eGpwbUpmUmJnVlI1YzRTN2w4aGc0cExyTkFpUEt3TU1ZSVZWbnFLRWpIVQ?oc=5","The Times of Israel","Israel","1784242260000"
"Isaac Herzog: Israel wants peace with Saudi Arabia, Iran conflict is unsurprising","https://news.google.com/rss/articles/CBMiXEFVX3lxTE1aYlNfd0dZVUJvOFBVbVhMZGRMeE84ekJ6VTlzZC1RRlprNGdMbnN4VFF4ZEhWWGNlNUhTd3FOQWY2QTRrNlM1M053Y3g5WkVaaU15dWUtWGlNRWl6?oc=5","The Jerusalem Post","Israel","1784241820000"
"U.S. says it stops 3 commercial vessels attempting to breach Iran blockade","https://news.google.com/rss/articles/CBMifEFVX3lxTE41NUJrSVcwU0pJUG9RY1NMM2NzcmxUdEdRbmFBSXlLNHdoUHNtSnVvRVZTNWV5WXZBa1VpRk9xWjBtdnJEUkRGcXVSMnpYYTJtN2ctbmplSFpoUnJOV3lONW9UclF4TUI1MXBzcUFwSHNqN2dtNFRTb2phc0w?oc=5","Xinhua","China","1784241195000"
"U.S. Targets Iranian Bridges in Bid to Choke Off Regime’s Supply Routes","https://news.google.com/rss/articles/CBMitwFBVV95cUxNekY2dUlxSDcyRnNDWWZkelVLTXNTVlhoOVdzaTVVY3NYX2JhWHNRS2VRcTd1T0lGT2Q5OUkxU0xUbTJkUVV3N20xSXQwTmV4N01CR0ZpOElDZHZMc0hxd0JXdFYxeWxpcGFqRVVIUU9JaHJpOUpMb0NUNTBvMktZMDJ1R1hzUlZaMkZ6V1JtMEtTNXRabmN1YXpHN2c0LVBXa3pSNUNIaUU5aU1zeWF4YXdfN0xyQU0?oc=5","The Wall Street Journal","US","1784242860000"
"JD Vance is disgracefully wrong to blame Israel for his Iran peace deal’s failure","https://news.google.com/rss/articles/CBMiuwFBVV95cUxOU3M1cFZKcm5yUGhpdTlBXzYyRXk2OE1RMkNZUi1iNlRmRmtxZF92Q2VlU3ZVQ1IxN2JEWVByUUVlY2ZuVjdUYVBncWE2RzFGSk5TNk9GQ3JpVG5NanMtVTlWQ1ZtTTF4SWpCYm5aV29RODRZaWFjS2xXS09xbFFrY0VCa1VZbDY0MGVZcUVGNjBCNTRmeTlYT0hRbEs0SHVLTVcxMnN1MnpKM2xfT3p4QkctaG9halo1WExJ?oc=5","New York Post","US","1784241600000"
"US forces board ship to ‘ensure compliance’ with Iran blockade","https://news.google.com/rss/articles/CBMiVkFVX3lxTE1MWFJmamRFLTNCYmhRWGtHTF9lc0lqcm5vRzEyTHpIN0g4WVZKa0pZbkxLLU1vZFhkNThmN1N4UTl0X0Z0NUE0MEVvU1p2UjNGY0JHYmtn?oc=5","Fox News","US","1784241427000"
"US Continues Strikes In Iran, Netflix Disappoints, More","https://news.google.com/rss/articles/CBMirwFBVV95cUxPQTR6R1ZCVS1sbGpoR2VOaTlTM25MaUJ3Z2hvd2NOOWstOVpGUUpjaEtKVVNPTkl6eTExbl84TlNSZ09XaVJCOGYzSlNhbEphUThzNTE3c0pBRC1PcDQ4SVNqbmhZYVNxUjRnQV9NZGtlUlhQT09lTXFfN1M5LTZ2UG1hUk0tXzFENGtOaGI5Vm83X2pnUk01dVpiRVI2SVc0VE1raG54dFM2SHBRcThn?oc=5","Bloomberg","Global","1784244011000"
"Watch Sen. Capito on US Diplomacy/Military Strategy with Iran","https://news.google.com/rss/articles/CBMirgFBVV95cUxPLUNGekQyNkEzOU1aNVh0c1VWRmdvWWxXWFdjZ1VBeWxVUlBHTDhqMW9nSDR6T0lyWU9KaXNfSXlrYS0zaXBBaEJVOXN1WnBKYVFuTnFsYkg2ZllZRnJmVHphcmduQkR4aVBDUkdLLVcyT0RmT2tKcUFJYkJqTWgyVmpiTlI1Qk5qbkhOc1MwZzBuVWdxSjdRSExfWXc3c0UwSnBMUTR5VWNrMHVWNGc?oc=5","Bloomberg","Global","1784243151000"
"Qatar rejects Israeli reports of military action against Iran","https://news.google.com/rss/articles/CBMisgFBVV95cUxPNmFycHhLaXIycHRjczVHNDNETGh1enUwRkZ4Zmt3dzJ2SU1rZDlMQS16TzN4MGFxWm1aWU5ZOWhwR09OQlVDaVVETTQ1LVg2S1U5ZW1nbC1jX1ZhSW9jRTBuTmdYcEx5Y2N2bEkzRW0tNEI2NVdURVd5R1hlOGFwdUZjbXZKTjVWLTNBTXJDSHN6SmR0a3RmaktybEx0MG1nNUMwYmtqZUpFbTlQWWpBOS1n0gG3AUFVX3lxTE5Pa0tqZHhWeFpyWnFGUnFaUDNBUlBaRzlROEJES1FmRFZJRVkydXNrcVJzczRhTE9rN3lfVko1TDVLWVYza005bW52OFNpU2QzbjVHcE1ReUdQOGJpamVvbWdsZFdRSUtpQmMwMDhad002TUFPQXpBTHJ4SzY1alRWbEJRenVTQXpTU3VtRm1JdWdPY1VkXzdlYS01dU1ZdnFsaF9DUGd5UzZUdTJZRGRaMGlRaEJRUQ?oc=5","Al Jazeera","Arab","1784243937000"
"Iranian reports: The number of victims in the attack on the bridges in Bandar-e Khamir has risen to 3; 9 people were injured.","https://news.google.com/rss/articles/CBMibkFVX3lxTFBOTV91czRMY3NOTWdmeHVSZnk5cV91OXRHUU9BSVpuTzZuN1BhejlrQl9ZVHhINm1NZVNTMHE0Q0F1MU84NWd0d3IzaklCREdkWGhLa0FpSHRGdEZ6Tmc3RDhoaEtRaHFBT29ramJ3?oc=5","CGTN","China","1784243765000"
"Congressional Republicans push ahead with $95 billion budget plan to fund Iran war","https://news.google.com/rss/articles/CBMixgFBVV95cUxORXdudnlhVFNVb3FCZmhsYTkxaWE4MlNLUVZaZ0tUVUg5QlppaDVnSGlZaUZBaTRwYkNBVmh4eDFEcDZBNEgzS0lFSkxFYUxJc1p6RnB1VW45X0tvRTVRYnh2b2RMcklzUEhsWDBlRW9nbG96d0paTy1VYUg1LUs2WUIxMXg3Smt0cXJKZ1kxYzRNQUVKWlhPLXgtY3pjbWxWc1lsNVJSckZMVHVUTjVqNzZ5VkJ2ZFdMNXdZVEdCdS1aWWdndFE?oc=5","The Times of Israel","Israel","1784243700000"
"Pakistan insists Iran-US mediation remains alive","https://news.google.com/rss/articles/CBMijgFBVV95cUxNMjR4X25GbTE4a09TeFEyc0lHanNEYjRZa290TW5HaDctV3IxMHdhSnF0bU5GQjlJZnlIMGpZWHE3OUtNY3hWd21JVWJxOV9RbVEtdnFkYjNKT2oxM3VQOTRUYmRBTy1hcVd3SDdtSVFGSXlsRGRHMFB1TFBGNml6UFpEX0g5NTVydVBtQjlB0gGWAUFVX3lxTE9pRzNpdjFSQ2JlVzZ4Nk91QjhqSlVSMzF3NGZfM1EwLU0tNjFWblF5RkxRZjcydGM1UzA1UVRBOXFKRXZIRlI4ZENpOThua3d2Z0xDN1o3X09JbnR3ODdPOWJQQU04Z2ZLcWt0TTl1S2FnaFU0UEJoY0lrd2I1T3ZOaXY3VzNZbzZFWEc4aHNpbXpLbGdOdw?oc=5","The Express Tribune","Pakistan","1784243341000"
"Governor of Bushehr city in southern Iran: One person was injured as a result of an American attack on the city is the second in hours. - reports","https://news.google.com/rss/articles/CBMibkFVX3lxTFBPZnozM3hlNUd6RkdSa0Ewci1najM0RGhOckpINlAzT1pTRE5naVRrUkZkSXZhNHVWS21kb0MxaS15NUVIWjNQdktSbzY5TUZ3OGVYOHFEVWhsOHdveEViaGNISUd4XzRTdzk0T2l3?oc=5","CGTN","China","1784242772000"
"Iran Army hits US helicopter, reconnaissance aircraft base in Bahrain","https://news.google.com/rss/articles/CBMiuAFBVV95cUxPUDNoY3phYzYza3o4UXRraFlDUEkwTU0yaEVwSDlZbU5ZaXA5eEJfOVI3TUZUbjhRZkZTY05ZV0dzMDJsb25GMVAtRjloa2ZMWUhvWTBDS3dTVkFpWFAwV2Z5WVh0TzM2TUV0VFB0SF9DdzE2eHBMdk5LVFdFR2RvZ2htbDFNVXBMdTBOTTl3bTF5d2tDOHZMc2RYUkE2c0xPRVRHcWp4Q1p1VWRzblRQaGhobUVHVDYz?oc=5","Press TV","Iran","1784245980000"
"Gold Heads for Weekly Fall as Hormuz Strikes Raise Fed-Hike Bets","https://news.google.com/rss/articles/CBMitgFBVV95cUxOaWwyUlpKYl9qSnltR1Y3WURWeGNROHJHTFRxWWVCRDBVVDB1Wm1FT2gzY080d3E2VTJCX3JLTmN6c2hIQTMxOVc4ajN4TWstQnVURTNIX0ZjZ2ZBRk9zLTlZa2Z4SWlZY0pWUi12YjZzcUZYcW5aR1BETDZ2V1ppaHQ1WFpIMzctc3FwcE5zeVlVaE9IRUJQc3VxMEcxbUl2RDFHWlZ1R09TcW56ZmNpN0lQaUhUUQ?oc=5","Bloomberg","Global","1784246391000"
"SpaceX Scrubs Rocket Launch, US Strikes In Iran Continue, More","https://news.google.com/rss/articles/CBMirAFBVV95cUxOTHFlSGJTZ21neEVUUHhQZUh6aGpLSC1TMWZzTHp4b3JjY0h2TjltS1VrZkdqbXRzNjFYSE9BdDVPMm9aT2lwQmhXbC1GQWw0Z1hzNGQxUzRxdTNLaWZ0NU5tNHNUU2t5OTNwS2Z4Y1VkT1N1ZThOUmVINDNUX0p6ZXJQdzYyVFNtNFNyWFV5S0NNM0RPd2t1aVlhTm9CVU81cGNFNFQzUXN5Yllq?oc=5","Bloomberg","Global","1784244735000"
"GREGGIO Scende, operatori valutano rischi conflitto Usa-Iran - Reuters","https://news.google.com/rss/articles/CBMiqgFBVV95cUxNRmVVTWI0RU1vb3I1eElYRFplWDNqN1pid0luV1VlTmVrSm1sVnNkQ2w0VVFtRWJQcXFjbWhZdW5pNzJqOGs2Vmk1cFR4cHBCUlRjbHQ1UEJ2T3RPcDVUMHJ6ZUtwSko4YmJhdWFZVENWNmJLZVpITmNNQXBRcHpuZVFxTlpvem1OVmljdElmV1V6eFVLaXkyUUZzUFhLMElBSm1UV3R1RVEtdw?oc=5","Reuters","Global","1784243219000"
"Iran launches drone, missile attacks on Bahrain, Kuwait","https://news.google.com/rss/articles/CBMiakFVX3lxTE1La1VtSThZcVpobWlMckx0Q2hJRjJPMXJYZUhjdy1sRzlhNkNtODA0SElvd0pjQkwzRDZPRjNXZTdNZWFfUGtHbEE3dUl5eFNROXFyU2RSeHl6M1VfR0p0TVdUVmxDeHdpNlE?oc=5","The Jerusalem Post","Israel","1784246345000"
"Iran Army hits US helicopter, reconnaissance aircraft base in Bahrain","https://news.google.com/rss/articles/CBMiswFBVV95cUxPd1NfQkRQVGp1N0tiWUJsZTVVREJsYzd5NTU3UzdlYmdEelNTNGFOX1B4bkNseFZ3SFFPUXNGTGpEN2xROVV0bjVXMkZqU1c4aVE1ZGVkSDNpMnZOUlF2TmR2YXJsR1Z5dEFYd0JTT2VqbFlWTXNaQjB3ei1PTFEwS1h1bEtzRlNSN3NVVkxjQXFON0g4R1lLU19XWUkxYzFnZnQ1WTAtQ3lQV2ZBaENUQ2t3dw?oc=5","Press TV","Iran","1784246247000"