headline,link,source,region,published_at
"Evening Edition: U.S.-Iran Talks Reach Critical Stage","https://news.google.com/rss/articles/CBMikwFBVV95cUxObWx6N09HbFNlMFVENTZ6TGxaSURHU1BSZEVLZDBHa3NScGhGZERybUFYNU9wYXZpd2k4V3lVcTlhMmQ1a0o2S2FJekZFNzdFNGw3c2ZkRXIyaUtMVmV2b3QzaUJ5OFJ4TTA1X282b0RMVkhLa2dEVndjc0ZXYlJsZVlNZ1BWRGxvNXQzdzFlV1RiMjg?oc=5","Fox News","US","1779926103000"
"US launches new strikes in Iran targeting military site that posed threat to troops, commercial shipping : report","https://news.google.com/rss/articles/CBMi4wFBVV95cUxQN3ZxbG5WN2FmSzZjUFoySkxIeU95T0Z6SnNGajlMTFQ3TTd4X3VPZXpDRGdUMXJKQm9EaEVOSzkwN1pSc3QwVnY5Q3dmdkNYLTlydVZxaEJMV1RldUt1VkhNTDQxcTYta3VISUhweEMtVGRBOUlUSHBCdEg4bnZPdGdNSjVSaHp5Y1pjMnY2RVlIQm4zRkpudXJ1SERhb0d2RWxyOTlvcXBydDBGU0tfbkVTZ042NUdfN28xa20zdmdjRHhfMENGX215VnNtcmhVUWZfTERUam9qNWl0d2RoaUM1WQ?oc=5","New York Post","US","1779926100000"
"Federal judge sentences man to 10 years in plot to kill Iranian American writer","https://news.google.com/rss/articles/CBMixAFBVV95cUxOd2d4QUxncHFfZk9oWWk4MEZnaFBxd29uRmhkXzdZLWVocDFsYjV2X3lnU0hzOFNTeGZXZ0c5VXVaVzNZVm1SNUw5NmRndVZRTlZWS2lzMERDeUMtYmI0X1R6Sy1HTEJPQ2oyTW5Cd0dZMFVXWVpvbExMbV80M3FZYzVUaUpCeVZab1JtdW9DM3pFbTdDcWM5cWVEVEdxZGFwbTE5QW9aOWJyZExSUnJFeFZBSUFFZUJhS3ZjUGxKNUYtRVI0?oc=5","The Washington Post","US","1779925466000"
"Flash: U.S. carries out new strikes against Iran's military site -- media","https://news.google.com/rss/articles/CBMifEFVX3lxTFBXUmZuOENQT1NXbXR6dmNVZUh5RnFjU2ptcUlMdTJ6OWFTVDRZZ0Zxa3ZGTGttbXQtN19zQVRxMElDTWVVTXBXeUtqT29Zc2ZzR2F0THllblhkSDNBNkk3QTVfNUkwa0xCd1pHSWpaZ29YeXdGbFRxTmJKWGE?oc=5","Xinhua","China","1779925155000"
"Oil rebounds after US strikes Iran military site","https://news.google.com/rss/articles/CBMiogFBVV95cUxNaHB5YkltTDFSMnhnMmJiMDllejdmMkU4bXFxVDhhWHd5RnpyT3dydGZZQkpMUTdTeUZqWDlnUXdHbGE4YjIxU0FjQ3c0TG40X2t5YVlRaFJqbm9kLW5GTVB0eUFZZmFKQ0swXzFNU2xRVlJEaTZsekI3SG1JYTlJYUVRSGMyTTdxYkdobTBZZER0bGpnUi1YVTBqX2ZYNmlVQWc?oc=5","Reuters","Global","1779924970000"
"US strikes Iranian military site, official says","https://news.google.com/rss/articles/CBMiakFVX3lxTE0zYnpIQWJLaWJkbmc2UWY4YXhTQ3JCVlJJNmhyR0E0Xzg4aHU4dlpfMm5BZ2pTQnBDVUpLUjFqMUNEaGZ4Q1ZaRDB4R2xucC1XX1ZUelBHbHhrcEw5N1p0R2FEeWxxYnF5ekE?oc=5","The Jerusalem Post","Israel","1779924552000"
"Exclusive: US carries out new strikes in Iran against military site, official says","https://news.google.com/rss/articles/CBMivgFBVV95cUxPSTRRSVJycmxrcVZhN2F2OF8zR2JIWW1Ua0F4V1dIV2NIYUxEMGZSRElNYzBVVlRGazQtX1NuZGNmTzZBYWx3cWlCdVg3Q0xPQkVUZHhTM21ReXdrWHNKMDhzVHRiUkJ5N0tSM1BuNl9NbmhCMUFVRFd1N0dYelB2RkpBYmRTZDVQOExXU1JtdlVsaEw1bGR6aHJUR3lFLVN3dl9ERnVnNlF2b2lLdjhkX1dHLUJNZy1HT1dIdVNB?oc=5","Reuters","Global","1779924490000"
"Gold Holds Losses as US-Iran Impasse Keeps Inflation Risk High","https://news.google.com/rss/articles/CBMiswFBVV95cUxQejVFRTBoVG5pNHZEelRYYVpaMFlHN2RCb0o0cjJSRDNJSlhyajkwTzExeVJVZVBSdHhqaWVFem1ZUUY3TXNyUzBFRzVib2xmS1NkcTdDNjE1SUNNdEdVbFc0MDAzdHhVdmVVa0Z4d09fRVlwQ1pqQjJDemhLblpaZTdmak5hdmk5aDI1T1ZiZTNxQnZLTTF1Mjl0bnpuRXFfNTdhSm56eVRFY0tSQkpBbXFUNA?oc=5","Bloomberg","Global","1779924337000"
"Trump warns Oman not to interfere amid fragile U.S.-Iran talks","https://news.google.com/rss/articles/CBMifEFVX3lxTE5iQl90MnFOYjhhOXNfTXYwSkM0MUhDSjhxSXZkWTFhRU9Mb1UtVm01Y0dOYWExVjJXQVByZ3NobGlfcnM1LWlnTllNSHoxNjRnRHc3MW5qem9zTk1xeWVfNDhCaUl1MGZDMnVyZWppdHJ4dUQxWVhmaVlPUUQ?oc=5","Xinhua","China","1779924285000"
"Iran is ‘negotiating on fumes,’ President Trump says","https://news.google.com/rss/articles/CBMiVkFVX3lxTFBCRmJHaG1oSFVRbWdfcUVlS3BXc1BDbldFQkloZDhZcC1hYW5saldUVm8wVkZWV0ZfMFlKa21GTlBNLUFNbnJUUHpLRll2Mnp6RVg1M2lB?oc=5","Fox News","US","1779924242000"
"Iran Will Not Get Sanctions Relief, Snowflake Rises, More","https://news.google.com/rss/articles/CBMipgFBVV95cUxOaTdTTjJVaDZ6MlNITGlja2QwaDdsdFl6eWVMV0JSX3B5VE94WV9wNjNoengzcUNZTzdfWkJKelJHOW5vYmRoaUJCU1FOa0dHdkl0R0dKaE8xTGFaY1Z0N3J1THIzandmOW9zMXFCQUdOVk5NOWFDUzVEN3pRTFF5T0hnaG96djdqMFVRRDlGMDRGbTUyUXFYRVJ0ZVp5MXdkNmh5Yzh3?oc=5","Bloomberg","Global","1779924188000"
"As Delegations Gather in Qatar For Talks, U.S. Strikes Iran’s Gulf Coast","https://news.google.com/rss/articles/CBMie0FVX3lxTE4ydENEXzItQWlzczVhNkh6SEd5dXZNV2t1ZUFidFZ6Z2N5VHdtckJ3dnViZThJb3RxYkNiRWFORW92RVpJblpUNkVhTnRqRDFXMEd2bEUtTGhLQnZLSHFLZFBtWHEwNFJTNmFoRVZTZHRMR1dIQmJVNDJaWQ?oc=5","The New York Times","US","1779923740000"
"US jails man for 10 years over plot to kill Iranian-American activist","https://news.google.com/rss/articles/CBMitgFBVV95cUxQazNDM0VGMWxlWFd4c05GOFhDakFUeUUxclB0dl92Zl9pcHQ2MGlCRy1ERDZtV3pqRUVObldkZTc3SVg2dHVYdnIwNTc1VkktQ0o5dFo2ZU54QzBRNkR0Rm9keTBEb3BaV2R2QVhTQTNaWHpoUEx3ZDlOUEVvOTB2eUhkdjZoN3l2UUwza1NqTS1SN2JUMlI5NVAtbHpHQlh4Und6NDBHaWJIUlV1bGtRWEdyUUtSQQ?oc=5","The Times of Israel","Israel","1779923280000"
"Iran not to be pushed back from its red lines by Trump's rhetoric: Senior lawmaker","https://news.google.com/rss/articles/CBMiiwFBVV95cUxQdGw1Tk16RDI1MzlKcDFEUW95LW9iQUxmMjRiNzN2MFBld0NFZ3B0NmRKQnlaX19SbFBDOXpYSDY0aXVnMXlGb1MzQVJCa3cxSzJkOEVVa2Z1YlJYNXpXdm56MkJFWWFIcDBOYmszdE0zeWdTY1UxbXFxUzBDVFFOTUh5R0RfdnBLdDVF?oc=5","Press TV","Iran","1779923280000"
"UK Food Firms Plan to Raise Their Prices as Iran War Takes Toll","https://news.google.com/rss/articles/CBMitAFBVV95cUxQTHZOUmJPMjJKa3pmRWxsdEpfWWR2MmUwN0x0bGRsUVRWUVhhRFh1bmNvdzMwN2QyTlpDLWljRW9FY0EwYnJvY2pnNFE1MmsyVGRsWUFKTndCSjNpNnowUTFNOVU1dVI4aG9FbGQ3OGRHbm5WQ09vYU90c1VwS3BhcS1UZmRwV1VVaHBicnNHbkQ0dTJUTEdMbzJGWGx3RlkzTE10WlJkSTZLMjRhUjE4ZVctb2o?oc=5","Bloomberg","Global","1779922860000"
"Report: Three explosions heard near Iran port city, triggering air defenses","https://news.google.com/rss/articles/CBMiuwFBVV95cUxPbXUwdXA3ZTVxcmdiODRqNjN5dFNkckxqVGlhdWVuVzlIMXJoaFRwU3hVajQxOFJPcG93QVVUNU1IM2ZYRGtGemxLX3l2QzFLSUp5cENXdG9udTlNc0dxcWVCNm5tN2ZiaFdpc183dG9PTzBvbkNnTTZfUHVlRmtZNkU0dXRXM3F1REF5OFREYnYza0pOTk9oNDRmX09neW1INFdwQVlrOVd1emxjT0w3RE1tN3QzbVp5di1z?oc=5","The Times of Israel","Israel","1779922860000"
"Federal judge sentences man to 10 years in plot to kill Iranian American writer","https://news.google.com/rss/articles/CBMikAFBVV95cUxOVTBTdHBZSm9laUhVSjBLbEt3Y1BDRTRhNzNJZHV5dzAxaFNMY052VTZ5TTRBYkpJMThMb1cyUExrdDZmMlgyNDBYY1RhU2REWUNTeWJYTFZ3Vl9jWlQwZGt2UWkzUkJKdFlwb1ZDdk15SS1EYlRjWm82YmlnSldocGZKb2xza3BacHFGQ1kycUk?oc=5","Associated Press","Global","1779921960000"
"America at 250, China vs Faith, A Bad Iran Deal | The Big Ben Show","https://news.google.com/rss/articles/CBMiogFBVV95cUxNZjk4MzFkLThLRFRKNnpjTk4tQzcxUnBwM0tQYWdMaXZaZXFsM1c0YWthdUxLOWpubG5MX3M1Z19zVFh3WHFaZUMzbnlCbWI0Y3JBaGFBQkxNbUdRNmx5by1NcDZnU0RmVDF3ZGJWT0NCeE9HX2V3UXQwQmhIWUgxWF8tTlJJYXJqdFJhTDhKRWRIQmRjMm9VTDlqUmZKMzE3cmc?oc=5","Fox News","US","1779921904000"
"Stocks in Asia to Slip on Mixed US-Iran Signals: Markets Wrap","https://news.google.com/rss/articles/CBMisAFBVV95cUxPR21yOEp1UkNRMnlST1ZWWEZDcWZtSl8zeXp4QmI0S1ZWeU9UZi1jN0ViM3VzSllDMzkyVy1GczZIdjhaNHRhUHA0SGtHVm5GaFZKWDZreDUxNHJSRWhoNllBQTJodjZJMWhOdEs4TjBFeklfaXZ4aVR4cU41TkFGWlNMYWJMWHE0V0ROdGdfYXAxY1hqV3FuN0RuYTFIR2VMQ1ROQmQ1Qy1rR3phNzNxSw?oc=5","Bloomberg","Global","1779920087000"
"Oil Steadies After Slump as Deal to End Iran War Remains Elusive","https://news.google.com/rss/articles/CBMingFBVV95cUxQTkVCXzZXME5TRkVwSV9GZlZuTFFhWVpZT0x2R0ZJY3FPa1VXcVNzT1ZadlpkQUdSR1Q4SGlsVWdtS2tBVHhWNGZuZXJWdjBSUVY0MEc0RmVYcU9XcnA1MzJ0VXFpQ0IyX2NwRGpiR1piWE92S2JkUmVqMmtkNzFOREZtMmZzY3otWDY4cWloUEhJclJxUEltVTctZTYtdw?oc=5","Bloomberg","Global","1779919550000"
"Trump Disputes Iran's Hormuz Control, Snowflake Soars, More","https://news.google.com/rss/articles/CBMiqAFBVV95cUxQVlNMRmJTbzk4SHBTWmozNDRyY3hPeDUtbk1sbVVvUmFWNk5SeTJmWHNmRDl0Q2VXSS01ZGc4ellodkZJS0NQX2hSSlJFbF9BNE5Wc24zRThvend2N2ZmUXUxNjZiYUVjTVJCWDZLaDRoeTRZak94RG85MkFSUlFVeDF1R0JING5aeXJaWDlaTmtqSlBZVHhfcG9QT2staFppeXJETlI1VTQ?oc=5","Bloomberg","Global","1779919438000"
"Retired General John Teichert: ""I'm Concerned"" Trump Might Be ""Too Eager"" to Make a Deal in Iran","https://news.google.com/rss/articles/CBMifEFVX3lxTE42cTNnc0lsRUdFQnFMdy1uVHRscWVYTjlKaGxBSUVIWWphWUhLaUJWMGxncFZ3VDJhdTZDcllQYWQ4cDBTVVlYd1V5RkRxTXdFc3VocHV4TW5OMUhMMHFRU2J6NHFiaDRGVDRmbFlwRzNfRXNZdS1fQ2ppbUQ?oc=5","Fox News","US","1779919230000"
"Family of fed kidnapped in Iran enlists K St help","https://news.google.com/rss/articles/CBMiwwFBVV95cUxOamZGdU5zT05yN09SZzhDVHVDYmNXWDdJTTZ5QV9wbm9iMXVPVnBuUnFwZWRVN1hLR0FuLUl0SzAwTlFtajVYaVp4dXVKUlZ6MXBUWnBjYkF6UlppTTMwODlmeGpabmFhaUNITUNEaG43UVVvd25sT09GN3pFdXJCUlQ3YU1rWWJQbzRGZTZvTDkwbmRYbnBSeU9GZG5SY3F3eTJ5NW5NUlJkVFZMMEFBci1lMlEybXUxRnpsYWZSZjhib00?oc=5","Politico","US","1779919200000"
"Tracking Trump: Trump threatens more strikes on Iran; Biden sues DOJ; Democrats announce bill to block Trump’s arch; and more","https://news.google.com/rss/articles/CBMilgFBVV95cUxPMVI3MmlDaEpOVlUxRXZ0cHBIN0k1THNiRm1xa1dWSWsxOUllc0UtcE1PX2RKZnVWc0VkNWhQRWEteTZDeV9FQWgxTUNXUjZNVnJrQ0xMOERTazJyWm8wQ1pHTm00b1dzMzBsMVhtZl94OU1BTFlqRk1nT3dZcDh2eElBaXJ3OW5JSGdFMnExT0trVkw1bkE?oc=5","The Washington Post","US","1779919072000"
"Major crimes detective questioned on suspicion of contact with Iranian agent","https://news.google.com/rss/articles/CBMiqwFBVV95cUxOaVFaWDhWSUY2WGRVV1Rha0R1TVJla3dTU0R3TmhINnNBQ0hsd1ZDY3FLeEVhOVJ0STVaZ0M3eUlRRF9qbTdVZ1kyWF9wN2J3MmNrUy1zS2FJSGhrSHZndWctUVhDSGJyQktKMDEzdW5vQWEwYkxDcXFTQWlMLXJ6SDVVZnNKZ0hpZ01LQjE0d0Z6aEdMdnNpM2tsTGt1Nk1NSlcyQnlJSGdtV1XSAbABQVVfeXFMTW90RlFqQk45Qmp3WEswdjk4RGVvQzIxWnhNMFNHMnl0a25CS3dYMnh5aWJrR2dXdjZzWXZjRUtTR2tMRzlvQXN4M09XMlNub0xtSzZFa3J4bmk1MUdOYzFjeklGUi1sYjdKRm5tUWFFNnV3aUhuWVNPSVA5bHBwSWZtRjFFLWZoRUN6c2VQWWFMOVUtZklOMjlsbW1oU0RGQXpoTjBZVThDWm11SVRrZWY?oc=5","The Times of Israel","Israel","1779918780000"
"Group behind pro-Iran AI Lego videos greets Iranians as internet blackout ends","https://news.google.com/rss/articles/CBMikwFBVV95cUxNNjgxanVTZmxIS0JzRU45X0pCN2Fxbl9TZkU1T3B2T3F6ZU5NQ2g2MFBpVS03Zkx2cDFqcWM3WmZmckRlOVMtajVTQjdGa3NCMXdDajZwVUNwZmNab0Z6NnNBaWtreDc5NnM0MEhrMFlWbUVmUlROX1kyUUtiMThtVlA1MHM5RWZJSUxYNXVpRnF1czg?oc=5","The National","Arab","1779918499000"
"Iran will not back down from red lines in talks, Iranian security official says","https://news.google.com/rss/articles/CBMiakFVX3lxTE9NUVg3Z1J2TTlpTHFqQ0tLdjdUZVdlRUJFNmx5M3NaQ1BTdTVuclFZSnJ6MDctdkMzZG9FNmc1NFFpWFRqRm8xVGUwMGF6blAxQmxPMU1Vc2Y1VDVPcEl2YlRHaGNudkVPYlE?oc=5","The Jerusalem Post","Israel","1779918069000"
"Iran says draft MoU with U.S. demands blockade lift in return for restoring Hormuz shipping -- media","https://news.google.com/rss/articles/CBMifEFVX3lxTFA0bkVGV3FEQ1BrZHU0ZGh4YVdpejFMaHZOMTJXdHR3aDdWTGFvV1ZyenhweFdSajZfa0p5anZTcmhPTjl3cEx2MVFpMHVkd0QtWm9xZnRCUVFOSFo3TXJrTjQ3RFFaRmJlVV8zXzRfNUhIVnBnU3pLdF9Za3E?oc=5","Xinhua","China","1779917895000"
"Trump’s Not Worried About How the Iran War Might Affect the Midterms","https://news.google.com/rss/articles/CBMiqAFBVV95cUxNOUo2STFQc0VxSDZzcU5vMHd1Y1VRblRQcEgzc0lqNDlSNFZuQWVuaUxHMzZ0YVRYWGtrZ1ZjaVdzMXhGRFh1WDBfZ1lfWkp4aWVwTmhCNnpDbzl6SFJENXZFb205dU1hVGR2bHZPbFZ3TmZhRVh6SVAzdjhtVUxfbm1SaHNta1ZuRDFjSkVBLVZGWTkwUURBRnY2RExKQU14c3REM3VNdU4?oc=5","The Wall Street Journal","US","1779917820000"
"Mideast War: Trump Casts Doubt on Imminent Iran Deal","https://news.google.com/rss/articles/CBMiqAFBVV95cUxNbjZGaU9lbWN6YVJ6bGVNVmlKczdjN2FOWXczV1hHVll1c3RPQkNTSEV1Zk91UHprZ0NTQlR5eWx4QTFhVTlvajZoRHFDczJrTE1wYkVOQjZERU5XT296X2Z0cUU3dUU2bXlYRGVLTE5oQ29Qdy14R0d3ak54T0dsVDJDWGxKTHQ5QjljR1RBOVRYVTVTNzJhN2Foa2Q3QVVYNVJCRTlEak8?oc=5","Bloomberg","Global","1779917515000"
"Trump says he can outwait Iran, dismisses midterm election pressure","https://news.google.com/rss/articles/CBMisAFBVV95cUxQdVBXYVEzOGJ2QldueDNNUnFTLWxiTHFmaTZaRi1jRnM1T2RrWVg2S3M0OUZSNmxOaEZVclJHVWJEbWdxb0hlWWlTT1dZdk5ZbDR6SGV5ZWd3QmlrWGRjS2JMZ3pzaVZmWC1XaDhlUVBKcS1NWVVJNEh1MEVTYW9ZcHF5QXpXajJ2RE5VTWUxTzRsS3ZXTkh1TFNSQjdrYmdaa09QMnJCOXJFUGFHTFdnRg?oc=5","Reuters","Global","1779917107000"
"US missile stockpiles may take years to recover after Iran war: Analysis","https://news.google.com/rss/articles/CBMikgFBVV95cUxOVXlTWHAzampTTlB0RzNjaU1xME42QTBEZnoxMnhRQVcxeU9IVDBYSGJsQTRiZXp3eHI1dFZHVG9fZXRpMExNSTlTd0p5bEliaVhIVXdIS2dnZi1TaUhPblpTOUlQQ0xrcENRQkNOR3RMNWR1ZXp0M1d5R1AtajFMTmM1a1htcmZTQkFZQ2dvT0pJUQ?oc=5","Press TV","Iran","1779916800000"
"Markets rally amid hopes of US-Iran deal","https://news.google.com/rss/articles/CBMijgFBVV95cUxQMVdTNXkyMndWZGJ0VE5CeFlvR2d0MlBfSlNyUzhVOTlSTjNZU2lIMHVNT2R2N2o5eGRZTGl0MFF6RUtqZm56SnByczdFLVlEN3ltVHJVRVFqemd4aDJORnNYZEl1ZExKRXhkcXFsRVV3OExzbENvMDZ3Qm4xWE44enRqZThLN0w4b2dUR3lR0gGOAUFVX3lxTFAxV1M1eTIyd1ZkYnRUTkJ4WW9HZ3QyUF9KU3JTOFU5OVJOM1lTaUgwdU1PZHY3ajl4ZFlMaXQwUXpFS2pmbnpKcHJzN0UtWUQ3eW1UclVFUWp6Z3hoMk5Gc1hkSXVkTEpFeGRxcWxFVXc4THNsQ28wNndCbjFYTjh6dGplOEs3TDhvZ1RHeVE?oc=5","Al Jazeera","Arab","1779916479000"
"Markets rally amid hopes of US-Iran deal","https://news.google.com/rss/articles/CBMiiAFBVV95cUxPbEw5TDktbkxlaUhZYjhySWtoT1JlX0RPZktDcjFtOURoem5mLTlGcXdpQXFObXp6R0lRZlkyT25RN1VYanJ6TXYtTWF4N0JVUE9VMHpYMHpKQnNNX2xwclFZSkVOZkcxVnBLdXBsYTRxeG9aQkl4MnFldW11eTlPOEpYQ0JkTmlD0gGOAUFVX3lxTFAxV1M1eTIyd1ZkYnRUTkJ4WW9HZ3QyUF9KU3JTOFU5OVJOM1lTaUgwdU1PZHY3ajl4ZFlMaXQwUXpFS2pmbnpKcHJzN0UtWUQ3eW1UclVFUWp6Z3hoMk5Gc1hkSXVkTEpFeGRxcWxFVXc4THNsQ28wNndCbjFYTjh6dGplOEs3TDhvZ1RHeVE?oc=5","Al Jazeera","Arab","1779916477000"
"Trump: No Iran Sanctions Relief, Salesforce Disappoints, More","https://news.google.com/rss/articles/CBMiqgFBVV95cUxPM0Z1MVhqMmFzdjZmcmdDTDdaZF9mY2Z0dUJKbmJQOUlDNURZWTZKUDhoVHEwUmNpRTNaclJBTlZqZHl0Mi1WZTNJV0p3b3otWHlqSzhXVEZRVmF6ODNHYldmSTJ0UTV0TEEybWFaR29pazZ2S09ZV1RGX2RkcnJaZ3NibzdkVV8wNWp4eUZBTmx4N182TjNvaDB4RFJObVlQTGYzOUpOMGNIdw?oc=5","Bloomberg","Global","1779916429000"
"Gen Jack Keane: Iran has never been able to achieve this before","https://news.google.com/rss/articles/CBMiVkFVX3lxTE5PVnN2U1RPTDdqdmVaeVhUMlZTT1RUUmtOSVExQ0Q2NGZJQ2ZiazdIbndyMzVFSEJVYzhfS3hEX3pzWFIwd092cUR0WEVtX3RCRUdRczZB?oc=5","Fox News","US","1779916054000"
"Trump’s Iran Bind Deepens With Hormuz Shut and Hawks Pushing War","https://news.google.com/rss/articles/CBMitgFBVV95cUxOMk11Y3FUc05OdXJTZzZFc2FFdnZoMy0yVEN2bEhSa2VmZWs4RW1HYWxRb3FJMmloLUpURmM2amtoaENvUkpNay15M1hLOUhPMzRnZTZhQm9mblZtT2tfd0VNdG5Jd0lSaEZqRkJiMWZ2eUNWeEU0bFlnQTU2M0RIMzJ5WG5wS00wNWUybDA5RVhKZnFsRjlXZWZWcmZ0d0dwSmFrOXI4Y2VYZDcwVEJQN2w0SEZ1dw?oc=5","Bloomberg","Global","1779915841000"
"Chilling details emerge into Iran-backed murder plot targeting journalist","https://news.google.com/rss/articles/CBMiVkFVX3lxTFA1ekdBRTRVc3RFM2dzTG9LbzFEWElmdlV6ODVtNTRpdHVBWmp2c2tid250Y0dUTnV1M0xyZ0p0Z3pQVS1hZms3LTUxVUJMeGRfVkp6TDVR?oc=5","Fox News","US","1779915769000"
"Trump says no one will control Strait of Hormuz","https://news.google.com/rss/articles/CBMiuAFBVV95cUxPWmtfZHduZHhfMHVFTFpBRFgtUVAzN3VxMURPY2l4QWJwcnozTXZQQlp2cEhOSkVSZ1RBZlhJN2F6LUtpdzAtYjVneDJBM1VBZ3J3VzRpbC1kcENMV1JZbmFTSE1rZkRwNWFFUlRYUFp6dVhSRDIwZ080QTF0SjYzOW5ndlZlZXRGV3JHRW1KM3NEbGdjdkktN3FHYjNpMDFtY1Y2SWxpUUhCaHVHZXlOWDlQekhCVk5M0gGkAUFVX3lxTE9rdDVrNDM1TGhyelBKRGxVYmNtVUVWdVl2dVJQSHphVHFhWHpXajAtczB5Z2JUWEdYSWtDRzhYbnE4WHJEQlY0MXBzWlRFZm81MDRxUVBHb21fWGZsS0sxMzg3cVpNdGl2bU5rNk1QdEktUldnVUgxSmJCakN5WkRvMEhSZlNYSV9VNThUc0lhVzl6RTd5UmJZc0ZyajlQLWh6SXVI?oc=5","Al Jazeera","Arab","1779915499000"
"Trump says no one will control Strait of Hormuz","https://news.google.com/rss/articles/CBMinwFBVV95cUxPT0tubEJ3cWR6NWpoUHBHU1E5ai1WaTZVYnJ2elQzUFBLUk1tZTZOVlVRTWdBUElTZkU2QVN6UlY1QWQ4OTU4U3IyVHRnS0xHZlk0aktYQTMxV25pakJnMUVjOVN5OW5vTGVoOUJxUWdhZWh4eXcyaGQ0VUlMc0FYRHBkSHBwT1pGdkN2RncyMXJ3S2RXLVdZMGt3Tlk3WEHSAaQBQVVfeXFMT2t0NWs0MzVMaHJ6UEpEbFViY21VRVZ1WXZ1UlBIemFUcWFYeldqMC1zMHlnYlRYR1hJa0NHOFhucThYckRCVjQxcHNaVEVmbzUwNHFRUEdvbV9YZmxLSzEzODdxWk10aXZtTms2TVB0SS1SV2dVSDFKYkJqQ3laRG8wSFJmU1hJX1U1OFRzSWFXOXpFN3lSYllzRnJqOVAtaHpJdUg?oc=5","Al Jazeera","Arab","1779915382000"
"Morning Mail: NDIS cuts to remove 241,000 participants, Trump accuses Iran of stalling, Blues win Origin classic","https://news.google.com/rss/articles/CBMiiwFBVV95cUxQNkZpZGJfR1I4S29qVnA4bjY0Z3JGd2Z4cFJER1NhYUF6SElDX244WndMT2FKbzZBSldSNG9XMTlWQlQ2T0tiYzl1NEFoM1JrWkZacDhkTmJMTUZITm1paHh2VjBJREVZeUdXVG5NM1FDMzh3bng5MWFWWURiWjNYcWtWS1pvQ0VucTh3?oc=5","The Guardian","UK","1779915000000"
"Trump warns Iran to make a deal or 'we'll finish the job'","https://news.google.com/rss/articles/CBMilAFBVV95cUxNRkY1NzFJU1NsekJpaG5tN3FUdTVqcFJfNS05d3ZFajZJeDQzU3FDdHJLcWdieEo2T1NMcVJlWjRlZmoyT01Dc3NWNzVIREU1UFlEOVpvczZieGtvallVZ0xEM2NXWHdaYUh0cEVNQXVKVVlWb2h3Q3JsSUxFdFhRaVVVbVlFUUFDRm5UZ3NQNFBWR29u?oc=5","Euronews","Europe","1779914985000"
"Trump threatens to ‘blow up’ Oman amid talks over strait of Hormuz","https://news.google.com/rss/articles/CBMijwFBVV95cUxPTUZYUjNXajN4cEVHcWVmMklHcXQ0NUEyWFFZMWJldUR6aVFZUjZNZzdCbjhMVHp4WXNRYk42UUFPSi05Q2hGbUZWekp0MEJwZWJWcnJQRzhPQUs1cWIwWWNSZWxGblZ0akQ5c0t1dzR0VFVKZzN2Qkwtc1VwMEctdkxGUkctdWpiTzBrckJPUQ?oc=5","The Guardian","UK","1779914640000"
"Trump appears to threaten Oman with bombing over Strait of Hormuz impasse","https://news.google.com/rss/articles/CBMitAFBVV95cUxPbEdwSWYxN0xITmpoNXA3cG8tdGZ3ZHZsSFFQX1ZyVlBXZHpZU0c2WXdUcFZlUEZ4SkhyXzEyVFcwNnJYOE1Gc0kyajVOY19vN3QyYWdPZ1JwalRzTWRqQno2UWphSDNLM21SSUZJN2NQVHc2UFozQUZpQ1ZPdnREaFdnN1RoajhYb19icUMyWEpWT3F1X3VhQlV0bGUxN1BmM2hhU3hLd3R2LTZCanBSWG5EcU7SAboBQVVfeXFMT3RpWlVvc191WlFleThIY2FXUmhiRHZ5Z2VFU3NyYmJNSlludWY5d3RnNUw0TmhfTkE0ZzJMS3M5aWdMZnFMczhseDRxODlaVjVIdDVTM1ozNTBVclp6TGRwRU5ETUx3S3R4U1JVZmU3ejJScTZYc1hzQlhaQWp6SDBlR3R1UDFmWU5GSEVpYkl0eW1RMEhFNmpqTWJTRTZLNG1UR1ZGTzBiaU83Rzd1V01mM1F4N3FXNWd3?oc=5","Al Jazeera","Arab","1779914444000"
"America at 250, China vs Faith, A Bad Iran Deal | The Big Ben Show","https://news.google.com/rss/articles/CBMiVkFVX3lxTFBNeERMVnNPMlpGYjdqbGZ6aHpMSkxSSHdNUzRSNkk3OXZxN0g4aGdHUnl1REhVVm04ZXVzd2FUWFZpOUhaYzZlVXlJZDRvcFRaWTRzT1l3?oc=5","Fox News","US","1779914063000"
"Trump stands firm on Iran talks as midterms loom","https://news.google.com/rss/articles/CBMiVkFVX3lxTE1GckNHdjBqTnRKYnBBSkNUXzNQd1VyeUgwUjFwdzBOdUtRWW5VZy1GN1NoaXZBWlU1OVpKdmw3Z19JNnlhanpTQzNCUEdNU1NwNzBVdjdR?oc=5","Fox News","US","1779913835000"
"Trump says he did not launch strikes against Iran ‘to get a crummy agreement’","https://news.google.com/rss/articles/CBMi5AFBVV95cUxONlVDMlZWMHBaOGtzU19HUmF5dHVTRG9mRFdDM0UyOEFsdDdxaEgyVlJGelBQX1B5dXRUZmdHc08xZF9TZWRBYjlVS0tXVVg0OU1IeEZxV1N2YXc1LXhSekVYN1A4TGJxOE5LalN0ZHYwSG9qMWRjUDJFNjNzV05TcjE1THRlY1pyeDRIT3RmN0cxVGRuc1JTcF93aElIdThvb3dkUTVsR2lHOEMyWDEwcHRWZEJPUFlvaUhUeE9wdmN6QzkyQ0V1Sk9ESUZKU3JpSkk2Znh5czF6M1RKWFpQR3BOYW8?oc=5","The Independent","UK","1779913680000"
"Record Highs on Wall Street, Trump Disputes Iran Sanctions Relief, More","https://news.google.com/rss/articles/CBMirwFBVV95cUxONzhxNEpWOUE0QXpjWEZpWXlsTmVmWWhXTWQ1UDllLXI2NnZGQlBzTVlSTnNzRHRWQnh4SkJja3dGQWpIVEZvdENTYnJiUUNyOXpoeWl5TFJCMndQOXNHZ2tUZVZuU0J5bmR3amtNcktFd3ZTTzFGR3ZfbFNiZDgzbmpzVVJKZTFHbUNSc3A4RTNFODFUbTFYWHhqM2tnZWVybXQyZFlQc0h2NEZMckM4?oc=5","Bloomberg","Global","1779913635000"
"Trump Says He Feels No Political Pressure to Make an Iran Deal","https://news.google.com/rss/articles/CBMihgFBVV95cUxNRll1ZlI0Z1ViRmNVRklMWTVycWhjSGpCc1p6SW5qaFpySHNQTW5NREwwS0pTQmpYNkU2OG5JZWhtNVRTdW1vVzNXVjlPbUNhYnk1U2ZXd1FLaEtHNTRQQ0RnOEZvQ3pncVNkb2syNHNVWHBZcEdRS0psYy12NUpncklReDhaZw?oc=5","The New York Times","US","1779913612000"
"Oil Retreats on Hopes for Hormuz Opening","https://news.google.com/rss/articles/CBMijAFBVV95cUxQSXZMRTZPckNLeVA2U1MwWU43RHVMUDJXdkRMMmV0aGRZRTd4MVdMSkp2WUV5d3ZKWGUzS0pGV1pLY2Q4bS1hQ0Q3eUFEMGQxekFiTnZKdDFobkFZc05nZ190ZTQxQnlzWEF2Q3ZOblk4blBpNnhTMmdMc3RaU0N2MUw3S1RjVHhtS1ZzRw?oc=5","The Wall Street Journal","US","1779913260000"
"Trump says he's 'not comfortable' with Russia or China taking enriched uranium out of Iran","https://news.google.com/rss/articles/CBMiVkFVX3lxTE56Ni1LRlZEbkd3NWVZclFCcnY1Qk83ZjV6WnhSeEtoUUlHZVd2cUI2bFJ0RUs1a3ZCckxnRUptS2xsUDNtSTJoWVNQZGNuRXRadzQ5djFB?oc=5","Fox News","US","1779912377000"
"Iran expands restrictions on distribution of news content by international media outlets","https://news.google.com/rss/articles/CBMi3gFBVV95cUxNTXFadWhmTFhJazNpTnR1NHlScVdlN2RzTTlxQ2lfb3BxRk93U19yQnhqdFdqTVRPaE9uc2ZqYzBmQkh3UTY1NEY4QmRBVHpqUC1fZXNydnZkLW9OSXNPVkZGRnlGR0p2QTA2RGg1aV80QTlKRGpSS3d0VkRna1NjWVJnVGcwVlpXVUhrWm9UNm0yTHVuclN0Y3dGQkJkYnFDY2ZpRjRwbDFLeVZpdGpleE8wUmd1WWJ4Y1ZkcWlyV3Z2cjY1empCazZZaVMwRzNmYTZ1dXM5b0pLdnBFNFE?oc=5","The Washington Post","US","1779912319000"
"Iran's IRGC says 23 more vessels cross Strait of Hormuz in past 24 hrs","https://news.google.com/rss/articles/CBMifEFVX3lxTFA0R25tUU0xbGRQVVRSTENuY2pKcmVoelFjTldPM3VwdU5IbldpMzgyTEliWTU5OUpZZ3hJam5JQ0NDenljYjE0ZmRZeHRMbE1TM2VkYUhYRl9faDRxZFlIUm14NkxYTE52MDIzUmZia3NVRTFBNGJNc0hBZHA?oc=5","Xinhua","China","1779912255000"
"The true cost of Donald Trump’s Iran war is finally coming home to Britain","https://news.google.com/rss/articles/CBMiqAFBVV95cUxQNlh6R09ERkdLazZHR0syUkZ0MHJRUW80ZG50ZzB4OF9jdlE5VEJJR1MyVzBxaVhzREp1MFRybk1SckRwNENXR2JvTEJreVdnc21Zdi1Rb0xVb0pTd3g0b01oQ0VKZTFNcjhqaG9GM01zVFUyUWFWcUlRalJ1ZVBsSDQ2dWlnX2ZoaFNydUwxUGxsUDN0T0F1cEp5bGFFbXhITXZRZk9iNGo?oc=5","The Independent","UK","1779912180000"
"Trump threatens US ally to ‘behave’ over Strait of Hormuz dispute","https://news.google.com/rss/articles/CBMimAFBVV95cUxNZlFiaXpyNmxBWWt4SnpHbVZaTWRWNEtHWmlHdlN2NzJtS1ZtSkhMa3ZkbWRWSjI5Q2c1SWppRV96aVA4Ync0OElEMEJzWnhpc2E1QnRXNWs5NmRnbUxQZkJMNjd5RkkzaDlWZThMeng4b3FxYXhMQWhwcDJZMHFydWNNeVRzWDREbDAwSVZfc1c2bzhrWmpMWQ?oc=5","The Independent","UK","1779912000000"
"Officer From Israel Police's Anti-corruption Unit Suspected of Spying for Iran","https://news.google.com/rss/articles/CBMiowJBVV95cUxNNHc0dGdiemRfd2VwTGE4WG1PbFZPNWlzQ0p4WEh3aTZBa2JDakVTbnhGQXJoX1p4NUI3RGlpOG5zTkZQV3UybkxTbTA5OC16WDBlUWJRWEt2STJjN3NwM0dIUnNyZ2ZGZV9sZmlrRW02djQ4bW84OGlnSTktM25DOGRXYmxPODhubE9RRVFmdGZWS21LS2tqZU9ZM2FhNk9pNTZJM3Q1WnVSdHFFbXFtRi16NDc3djNILXFqMllLNkU0TmNsNlZIMXJfRTd3WE9TaEt5c2pmYThWdlF2OEdxWmZyVHM3UFdCeFRTUVBCN0YxR2xrLTM2NmVIOUNfN2NEWmdNQWozZFNNX0JyaEJJQnQzbFpxT3hLTUZGYWxEcW5yLUE?oc=5","Haaretz","Israel","1779911880000"
"‘Facing the Middle East’ examines Iranian repression, Middle Eat war risks","https://news.google.com/rss/articles/CBMiakFVX3lxTE96dnA5R1JjMG84d0lUM3k2bnRSZDJYN1FuVUo0SkhqTVRYUVZSdjVIM2ZpbURLZ1p3RFdXSDRXTHEwNjctYkVUeXRWRGFUNU80MkdVQzZreVk1ZlZJNnBBWWVqc2FNSVdRaVE?oc=5","The Jerusalem Post","Israel","1779911751000"
"Iranian regime’s ‘hardline rhetoric’ under fire as US deal nears","https://news.google.com/rss/articles/CBMiVkFVX3lxTE1PQVZTWDFNZ1hRcHZLR2toRVgwR0xmbWpQaUVFMHVVWnRYRFF3VnlSM2JhZDAwNEpiVHhYd2pxRVFmM3dMT0xLR2p0VDRia1I3WlRRYm5B?oc=5","Fox News","US","1779910483000"
"Iran war drives India’s cockroaches out, but can Modi crush them?","https://news.google.com/rss/articles/CBMisAFBVV95cUxOVmhTWHpSb1lHcDk5MGMxd0wxQXJ1VkZMTVVtSlJZb1RQTGlFUkp6alh5TkZGeEZWN1A3Y29STG9JNG1NTDBPU3VJWDgtbnl4Yy1fcHIxcEt5UXdDaW02andzZG5wTVBrT2R6d3h2dzk0VktWM0hieW05eVJUT0pNSlpsNFdTTTdnT2pnWEFMWHlkT2ZVNU54TnpCaWtWZC1EdWMwZW1qZ2FBLTJ4ODBhcA?oc=5","France 24","Europe","1779910336000"
"Trump talks up reflecting pool remodel for nine minutes during Cabinet meeting amid Iran war","https://news.google.com/rss/articles/CBMi5AFBVV95cUxQQldhWWdRWTN0N3U5aTNFLTA5b0F2ZGU0R1FmTjZyZ0RHWlpLdzdlY0VUR25YTVVqMGgtQ3VQTzZCY05hRmVsX0lLOTRHNmRoN1lNV1BXYkRRMzRnTVJlM2xPRlZHeUtLWW9lZFU2UjlaNTk3ZFZDOGU4TnhWYkQ4MXlTQXZhdktjWl9IQlVsOU10MzN4YW5zbHNobHM1dkZWQ1dVc1lZQXJqb2RxSVJXanBYSWxiX2pzcDBTdFJmcGtnU0FCMEZRc2JacmZLN0U2TXBVbzhsQzc5RE80Si16TEdRVkk?oc=5","Associated Press","Global","1779910260000"
"Trump says US ‘not satisfied’ in talks with Iran, days after claiming deal imminent","https://news.google.com/rss/articles/CBMisAFBVV95cUxQOXcxMGJPSGt6VjZLOXFrVkk1Y1ZmMHktZlVjdkJ4ZUVPa25vWFpjUkMtWFpNTDJPSVpXNVM1STJTaV85WkRyNmdLRU04OHZ2eko1Qk5URVBXT25mcmJZNzVuejdyajlnZjdjZkFEUzhGTHhLLURtY0pZbFNBWV9pRTA0V3BGUHEyY05xZTE5RlR1QjJ2UklVMk1fYWN2Szl5aW5iNEFDay0yRHJJQW1WOdIBtgFBVV95cUxNem5mQldlVnl4dHBOaVB2M05RTmdJekJEclcwNTBGdm93VHkxbU1GVFZUMWVHTjVXM2FkSFlvRTRDS2ZDQURDUUFxYlpzVEFlSzd2VHpnREJ4bXY4Sk5NT1FpZnAydXJqM1R5M284RG9qcDFyLWpSYURyaVBuZnBHSzNvTVFBTUtZU3ZNakdQRDBUM0dqZURrU0dKQ29GQWRGZ2NyMTlqMl9wbGI2Zk53RmZJdVotQQ?oc=5","The Times of Israel","Israel","1779910188000"
"Cabinet meeting concludes, Trump optimistic about Iran talks","https://news.google.com/rss/articles/CBMiVkFVX3lxTE84YTZnbTBEZDUtUzBNcGM2ekY5Sy1pWTlpZ05oZGFWUFhtbVpvN2draWJ0SjNqVFJ6UTJGYUNxQnpHLUcwZTZjVW92N3ZZdmtNTXhsQ1VB?oc=5","Fox News","US","1779910021000"
"‘Those countries owe it to us:' Trump ties Iran deal to Gulf states joining Abraham Accords","https://news.google.com/rss/articles/CBMi3wFBVV95cUxPZDVYZV9aM1BUbFB1M1FnSFlMblNPODJrV0dwMUJOV1ZtVWNLRWxyUzFpQmlhbkhnOW1oa0RyTERJTloxMHc2Y1N5eVJGdFNndTZGSW5POTdYRW9jOUlKZHZmZDVFMlZLTnFuYzZ6RWdVUkVEN1k1WFNWSS1Ec1BiOGxxUkZoNkxudldQQVZTNnVqTlNVT1JHbFd6cjBTQTU1VFZ3YzNLdmdQclJ2UmJsY1Q3VmhiUlNmUHFSZWJyaWtqSnJQYXh4Z2JSRUV1bVgzUlpBMEdwVVF6UlFvV2JB?oc=5","Associated Press","Global","1779909780000"
"Trump Not Happy With Iran, Hormuz Will Be Watched By US, More","https://news.google.com/rss/articles/CBMiqwFBVV95cUxNVDZCcFRkb1Zma0Z4LWlyaDZ2YUFzdmFXeEtvclpQdjVkcmdzNWNZWk5zVXh1LVR5UExoRUdSbzExWDBKMjljMTNIY0RKR3o5czRBMnI4dU1zdE5oM0V6cFd1Y3hZdUJXdU04bGM2WDRGMzZhdnZ2TE1MbGpTeFFHLVFOVmVoRW1yakpFTDE2QkJiQUlONTNMTTVzOGVZeExaME55eVRCOGFpU1E?oc=5","Bloomberg","Global","1779909538000"
"Iran restores South Pars production to pre-war levels: Report","https://news.google.com/rss/articles/CBMihAFBVV95cUxQZmFFMTRYRDZxUWJLeTBkMmtmR094Z2x3emJNQTMzMGkyTnBuRzZENkkybGxhWGJxRGdiN1dQdVZ1QnBZOWlrQUxtMGlYSHRRNGJSczJyS0pWcDNHOTVINVdCQ1RibnNCQi1sRmFUMDB0SWlfUkY1VDB2ODZ6N1JweXllb0U?oc=5","Press TV","Iran","1779909480000"
"‘Unlike anything seen before’: IRGC Aerospace Force warns enemies of new level of retaliation","https://news.google.com/rss/articles/CBMi3gFBVV95cUxOVnYyQVNrdzlVbDVhdEVUM1hzOW1TM01qTGlDRm5tTWRLZlpiTy1yUC1xOV9KSV91M3RPdG1fT1c0VXpWdThRVHA5NXZpc1BjYzlzS2d1NmdwUTJPaFZobVpiYmNYOTd5Y05GUlpPazk0MVJsWm9JOFltYVhmLW1MTDFnY3czLWs0SFFpUE1iaTR3bVp0ZTV4VXZkRDFULXY5T3U2eFkwVnZiWXdRY0VCcU9CR1pnVE1MeTM1YzZ6VE1FeWpwZ3J3em5DMmdsVnpnYjVfeVhCT0RGU2FKR2c?oc=5","Press TV","Iran","1779909360000"
"Oil prices fall by around 5% on Wednesday amid Iran-US negotiations to end war","https://news.google.com/rss/articles/CBMiwAFBVV95cUxOWWNpaTRCNEtIOFVaM0N3MXhta3dmMHZ0dlNUbTduZ0NaNkp0NHFDQ2twN002bE1zZWw2VFc5Zmd4VmljMmloREdqcm82UU5JZkFURFgtUjZ4cVREdm5ZVHdtTUdRaWM4OVVHM3d3MXdfbkxfT2ZxSUJfY0ttWmp6cjFlS0tIQkNLeFIxal85R3lxQl9HUndOVlUxLVlULXhxTTZEX3JGQzkyTUt3UkpsbDJ3X3FLZDlhekN5Q1AwVFc?oc=5","The Times of Israel","Israel","1779909273000"
"Iran's IRGC says 23 more vessels cross Strait of Hormuz in past 24 hrs","https://news.google.com/rss/articles/CBMifEFVX3lxTE1WUXhUTGVUSmhBNkZvZ3ZfYk9Gb08xdzlEX3U3eG9Qc3ZoTEZBNzA4UjFtUXYwSEN6eFdYU2JtamRGUlJlcDJBUVRaUThDamRickNlUlNTRUw5Q0JGMHF6enpCVWV0QkNsZHVlWDJiM3gyYkFEWV9kOF8tUk4?oc=5","Xinhua","China","1779908955000"
"Iran government sells subsidised meat for Eid al-Adha under blockade","https://news.google.com/rss/articles/CBMisgFBVV95cUxPXzRjcWlTRk9DZWtlVmpBcTV5WC1rM2NwQzVOeHNYQnlGSF9tUDM3bnpwYzA3ZFZQa0ZEbHF1ZHN4cGctMzlhQkJnWEV1LUNhb3Y5RnpPZDVncnNLYTVtM3NLY1ZndFNDUWFkODZfb0d4dkcyb01Gc2NFUmt0UDhoaGhmSHNIQzQzQU0ySWd3d1h4Uk1STzA1M2NUeE44Ym9MZmNYYXp4UGRsOXk0YTNIQlVR0gG3AUFVX3lxTFBlODhTNTdGQTRRbjhmcEZmT2xySWlYNlVJVlhIaXVwUFd5cktXY0lYcXlSSlNNcnFENEd2RUxXTnRLUlhZUTRJZDg1cTlfV2xKenptMnRaY2pzVWZmOWJ5eDhuY3o1eFg4WUdwdlpUUHZTN1l0ZFBqVTRHMS1DY0dOUEZRRWxKaGZrVUxGcEhPeGY5NG5McVBqWk9xRUxuaENsUVo4OXBDRUQ2UXlUdlpBRVdDQkZYZw?oc=5","Al Jazeera","Arab","1779908833000"
"Iran is quickly unearthing its huge missile arsenal, CNN analysis shows","https://news.google.com/rss/articles/CBMilwFBVV95cUxNZE1WRGNDRnNsNDJPQi1jRnJhTVlLSTNIbVRTc0JBUWlQdE1aSmZoVFlJTGIxV3BiVlhHOFpBOU1hcWk4YzNmdm5sdGxpMEtrdEN5enMtOEVmTmN0VExTREVablJsZzhFMEs0MnA3OWE5OHVpLUk5TDFpRzBWWS0zNFFtZXFIa2duN2pwMDJ1U0FOQlBSX0Fn?oc=5","CNN","US","1779908692000"
"Trump says US not satisfied yet on deal with Iran","https://news.google.com/rss/articles/CBMiZ0FVX3lxTFBFc0EyQ2prNE9LdXg0Ul92UVpWYzI3WF83U3JHXzZrMWlWNFAxdzFjdmg5ZmVPTmhYV1JVSWQyZnRKeW1yR2NzWDJQTU9DaFJQRW9yeDF3RVdqNzNCVFVaeS15VzNlTW8?oc=5","Reuters","Global","1779908660000"
"New Zealand plans austere budget in election year as Iran war fans economic risks","https://news.google.com/rss/articles/CBMiygFBVV95cUxNV2RhbmdGMUlCOFVTMEJicF9JOE1vdVFSZklPaTlWWXRhc0pPYVFTZTNMZnVMUHhvX3dXcF9YZ1pyM3lTOVBUY0FRVTVFN05hZmdFY2thMzdLUHRMUEhZcElVREFOTU5jR0JtMTA0a1VmUng2YkdvZDhQQS1wRThwY1hsS05kUFRnaGRVTHJJS0NoMEV5eWhDbVJYUXdHNVNack1zUXFoem5DRzFJVklpZ1pwQ3lFN3NrQ1kycFBZZTJ3Z3hNcVRNWkJR?oc=5","Reuters","Global","1779908571000"
"Exclusive: EDF delays Edison stake sale to 2027 as Hormuz crisis drags on, sources say","https://news.google.com/rss/articles/CBMiuAFBVV95cUxPRFlYRVhtVF9YR3FyVkM4bEJ2U1hpelpnYzZJUXc4aXJRSWJyMUNkZGdrZkZRczBsUHVobWxpMVNDVE1qOGJ4VzhoUUZfdmRmY2NMQUNaeXJHM3prVGVZbk55Qm5EVVhQSjJtZGpoNTZwNjU0V0xVVlhGXzhfYU1NNnZCbHk2X3dsSHpQYVcwczdQRlIxX0stZ1EwRmItQnAtR3RUNlBPVmdYNDlDMUwwNzI0T2pPNnhw?oc=5","Reuters","Global","1779908444000"
"An Iran Deal Won’t Plug India’s Capital or AI Gaps","https://news.google.com/rss/articles/CBMipwFBVV95cUxQbjJVVUpRRmdKa0V0Z1JBdHZUVzdZV0NpZUFCZ1FxVl9sN2diaWFNRVJJNThGNVJLMTlMQ2xYbld5SDdYNTFiQjVzbFI3T3g1c24ySlljMWpLbVU2ODNZRU9QOVJYdHpMb3V2VXZ0LTBVaE5GSWJtMWNuT2tuOGxkeTZXeFNmU3dQTTBOV2FVdkJ2TXNSUXVCaFJsRGpYZmg3dTJCVnRNQQ?oc=5","Bloomberg","Global","1779908402000"
"Former CIA station chief: We are at an 'inflection point' with Iran","https://news.google.com/rss/articles/CBMiVkFVX3lxTFBNRDlhLVR2ZVMxZTU4Q01DS2tQUXlFSEpvVUdpV0RLMUxCeWpBR1g4MHBPUnExX0pvVlo5SUNKV0loYXc4cDFmc1dCckVSUmQtOEVyQ1Vn?oc=5","Fox News","US","1779908351000"
"Iran internet shutdown begins to end after three month blackout","https://news.google.com/rss/articles/CBMiV0FVX3lxTE5TUmtldmliaEV4NWRzYVIwdEMydkxZbExnb3hBU1U5X2lHTng4d1Mxc2JBWURyNkZ2bDhGLUt1bmQweXVhaE9oUk4yZ2Y3UERCeFd3eFNzaw?oc=5","BBC","Global","1779908349000"
"Balance of Power: Trump Disputes Iran’s Hormuz Control","https://news.google.com/rss/articles/CBMirgFBVV95cUxQa0FxQmZwbGtYazJfM1RLNUE5am04c216ejNGLWRlM2JQXzQySFJsLTlkbEpsa0MwRDlzMHJpb3dZZDFsSVZfT3prNVRBX2JyWUlfOWotWG9USzVNQUxKdUhINkxlRzRrTE1WaTk0cGo3bW9XVGJBamJEOGhuUmtjS2RqTzUxNkl6T2ZFdVpBMjhfN2ZHaFM0NnFJa3ZMNFpZTjFiLVNFZkhaeHpDX0E?oc=5","Bloomberg","Global","1779908267000"
"Trump threatens Oman in latest play to open the Strait of Hormuz","https://news.google.com/rss/articles/CBMihgFBVV95cUxPR2NqNzFKTHN0SXFQMWVEdDdrRHNRQ3ZLTFdaaHFCQ1p3NVp3M3RwXzRmaXc3VndmNUZwXzUtelNqRG03YjRHTkZtXzZTNTZSUkc5dWxuRGk4TjJ3RW94M0pSRmhIUFVwSmIyTVdZQUwzMmZmREc0VnJFTVdvck0tVzU0RWNVQQ?oc=5","Politico","US","1779908262000"
"Iran's Araghchi discusses efforts to end war in call with French FM","https://news.google.com/rss/articles/CBMiogFBVV95cUxNZG96LWxXOEgtZElqbHRCSHBoS2hCbWpaTFliX3BocEpxeS1BbnJEd3pVOG16UU1xRDk5Q1BoN0lOSTNFSklWaUgwalB4Z1JLemp4LVJsZjRucXRScFpQUkJQcWNMZTdtbk8xczM3cFl4aUZ1c2lKOEswelZ5LW9TMWdUZGVxMnRBQ3JKSjJNUTI3UzRZNmV1TmRiZ0tHNUpmQWc?oc=5","Dawn","Pakistan","1779907793000"
"Strategic rebound: How Iran turned military aggression and economic siege into lasting leverage","https://news.google.com/rss/articles/CBMizgFBVV95cUxPaUItOU1HUEM2U3pXWEQ2dDV2WWJFeE9OUmZQQzJETDEwaUJFbzdXb0ZUN2Y4eVN6NlZyZ0I5Mm5zaUx5S1BYVnhfTF80MDhrMThoWWFPN2p6cExmSW0zVXd3b1pqWkdPeGlxcHloOWkzZEZBOE9YSVZCMEhhT25yMlkzdWxVSUdnbk9vQXg3ekl0NjFPcjFza2c2c0JscmxUeWdsZjg0dVlfbnJBMmxLSWY5VWQxWnlTLWRveWxITjBBSExCandTTFNWZml6Zw?oc=5","Press TV","Iran","1779907680000"
"Iran Wants Billions in Frozen Funds Back to Make a Deal With Trump","https://news.google.com/rss/articles/CBMijgFBVV95cUxNbVZhZlg2a3MwbXh2djlrbnM0bXJmb2VvNG5FTW9ackpXU0FDVDl3aGRWeEJjbkFEWkFMb1hzNVkzTk5OMFRQX2FRS1JqM3NxX3R5LTVXZW02aHZCc253UXdBaWVmMGdGTDVzWkd1TVlHcDI2R2FlYnlicjMwaWlsU0k3ci1GeGltYnptNTlR?oc=5","The New York Times","US","1779907168000"
"PM Shehbaz hopes of peace deal soon as Iran's Pezeshkian expresses appreciation for Pakistan role in negotiations","https://news.google.com/rss/articles/CBMizgFBVV95cUxPQ25xVHZFMS1qWkxkVlJzS0hjX2RGeDZPOTZObzVMR1FxZUZuM1pjb1B5NDdnRzdIeGREVDZlSlJMd2t5REFHTEpOZHFoZ21wV1VlcFozTUNySGltVGRsZWlTcE1yeENXcnBpUUotTFNac3JORjVzN3g2ZVZuZzlya1hYZ1lwZldqLWNPSWV3YjZER1ZCcFRieHcyb2hsZkIydDdMdmYtZDA4VXlFcXZSTEJGaW85RHdGV0RZcFB5V0tOSW9oUVJEODRmY3FHQQ?oc=5","The Express Tribune","Pakistan","1779906844000"
"Nobody's going to control the Strait of Hormuz: Trump","https://news.google.com/rss/articles/CBMijgFBVV95cUxOR0h0VVR5RU5SVXFSV21Cd211NnFXc1M0Qm8wVjN2WUdmbDVLNnlGLUtQR3FvdkJqMk1hSzFqeVJJVG1VQ1RNT3NIclhqRGdTX1d4eDB5MXZvZjFEaEFQSWxCMjkzMURlSVFicmt0V1ZNR0I5X1NZcnZJN1Y4SVRSTkc5T1htUW9laDRjTTNn?oc=5","Dawn","Pakistan","1779906686000"
"Iran’s Araghchi speaks with New Zealand counterpart, blames ‘aggressors’ for Hormuz crisis","https://news.google.com/rss/articles/CBMivAFBVV95cUxPRHVNZ2xHQnUtMWRMY05sMUppOU52cWNicmhvdjZwVWJLWXlHbmp0RHFOMVR4cWhsd1pLQldsTEhQSzY1VGtjay1XNVFIZWgwTm5JY242SFNNVWFxbmE1dEE3NUQ3ZlB0R1c5NXZva2psXzE1M2RrSTJHdHJUNnVBVVY4LXhFZHNJY2l4S3ZjVUE1N2FPUVB6M0JUd0dRZTdzdzJzeXA3NUQ4aURaZGdkZ2FPS0pybTJseHdtTQ?oc=5","Dawn","Pakistan","1779906529000"
"Trump Threatens Iran and Oman Over Hormuz, No $ For Iran, More","https://news.google.com/rss/articles/CBMiqgFBVV95cUxPREJZUjI3OF9NR3QwRlJHcXMzQmcxTzVwOUphQ3ktTTVsQlFEMmx1LVdQald3UVFXNWpRRlJQN0xna2NSLWp1eDh1Rjg0X0w0Z2lwNmFhOFdPUU4zZEdWN2oxbzRuX0h0N2QyZlE1TjRfRVptaDh3Skk0ejc5ZS05TEMyS29nU1lhVDlBd2hKUkZlTTl0TWx5UWFoSUxlbjBlS0xhX2NXX0hjUQ?oc=5","Bloomberg","Global","1779906263000"
"US, Iran issue conflicting reports on deal as Trump says no sanction relief","https://news.google.com/rss/articles/CBMitgFBVV95cUxNdFNTQXNINjRqc1FHeG93UEZZbXlpcDNYSnlpekRXc2FvbEVFVWRwTE5randSbVRqOXpSYVMyT2VqQ2ltc3lTR25GYWFYODN6QVJObi03T19RMUI4MjJkcG5iam5Oc2NKWUZ4SWw2enVyWUdSLWVjcEMwdkZQN05IMkxBS1hIdzZ3UWY5aWN3Nk1idTFRS3ZYU1U1OUQtcXBrQi0ydmJsYkhvb1lTOFl5M1ljVy1PQdIBuwFBVV95cUxPNVVsUlFXbE5tSENqWHFIOS1HbDZ4aDhWd0JIbk4yWGx4LU1Ga1FlMkdUOHM5S1Y1Ull4alI5SkNhWUdwWGxqcUJ1RDIxY1d2RlNMS1puRjFQaU5pR3YzeW5aYWF4LW5JdXA1cnRBTkZ0dGg3ajVfYWR2VlJJeGdWUkRqeGU4cjVmLVlRU2w2Qmh4VTg4dnlHQmVfd3dPNThFeU5SMi1DN29iVXFBSW5wNnp6d0pya3BmaWVz?oc=5","Al Jazeera","Arab","1779906150000"
"Trump threatens new Iran strikes and ties Israel normalisation to nuclear deal","https://news.google.com/rss/articles/CBMiygFBVV95cUxNWURRRWoxTHpGUTNFOWZVUHBXaHM2UXBRcXppb25CZG5PbWV6Rjg3M2lfQ0lJc1NEMVpKTmNJOGhfV0dfblFNNWNubnlNU3pKdjZKTy1NLUNHeTNqYTRLd05UTnl2R1VzN2l6UW1UZ0NzTzg4OGwxWWZvVDcwRjQ0SE9KR09icVJoRHZWZWRyajJIbUF0Vy1sWE10cVZHcVZrQ3RrV1lFTjNTdmdSd2pUY0NjTEdHRWQ4UmxFOHZRSmdER28yQkl4QU5n?oc=5","The National","Arab","1779906074000"
"Iran war: Trump says US will 'watch over' Strait of Hormuz","https://news.google.com/rss/articles/CBMib0FVX3lxTE9VU2hlTV9EcDRBSDU5eFFfemktV2xpd1BRMkR0cnV0ekdCc0hHcHBZSk9OSTk0N1BockU0a0dlbTRmNWVISTF6SVFXX3lZYkFlRXh1N083ekU4QTZ4MTAwVHFSc2xnV0hzeTBpU21HMA?oc=5","DW","Europe","1779905959000"
"Iran vows 'definite response' as US launches new strikes","https://news.google.com/rss/articles/CBMiVkFVX3lxTE1ScnhYaGJGcWRZZzVkWjd0T09jalpEUUl5ZnppOE9YSmFxWFY5VE9lY2lOdDhXZ1UwZm1qSGNFWUg1ZDc4V0xTOG95YTg0NmIyRXZTa3FR?oc=5","Fox News","US","1779905830000"
"Fact check: Trump makes false claims about Iran war, the economy and the reflecting pool at Cabinet meeting","https://news.google.com/rss/articles/CBMifkFVX3lxTE9Bbkw4bUFRTjNBMi1CcEFlSjlGeXpyOG85MjUtaC1tS3RsWFVaY2Ryb2dtSFpyNUZ5QzZUeVJNRTdnY1RKMXItME9KMmFXNGlCeXRPRDFoTVU5RU4wT1l4bkpPb3FFU0QwdjNXem1Ra2Fsd2hYd04xTXlmUkxZUQ?oc=5","CNN","US","1779905813000"
"Iran and Russia should set up new global security order, says Iranian official","https://news.google.com/rss/articles/CBMirwFBVV95cUxOejFKbDh0NzZONmJuVUdRZjUyRU4xU0VkMm0tYVNMNnh0ZW9vV2pBWGxTc2N0TkNValdRcFBNRFNkODN6dnB0UlMwNEhLOUIyaWxYUWtReW5nUWZiOFE0N0Uzc3RZLVlhVk9hX2Q1Umw3Z1RRVE9HT0hQQmZPYktzd0FRUExnSG9YSWd5ZkQ5RlpnMG9WZVBROVBteURaUHVGMGFqTzNaa0didmRtTjZZ?oc=5","Press TV","Iran","1779905700000"
"Lebanese Resigned to a Long War, Even if U.S. and Iran Make a Deal","https://news.google.com/rss/articles/CBMihwFBVV95cUxOOGFJYmEwaUhnOG1xbEktQlNLUm4tMUxiT1lfVm1WR2I5czNVWWlKM3dBR2RzM1l3M1JjT2txN2hzTWM3TEh5SEZSNlJSYVY1RkZZajVzOUhFNW93OE03SnpzY1Bqb0NwVlp0MDRGdWhnMUhBSTFuR2RWSlFDV0V6N2hfak9wdms?oc=5","The New York Times","US","1779905303000"
"Trump: Iran deal will immediately reopen Hormuz; if Oman doesn’t behave, we’ll blow it up","https://news.google.com/rss/articles/CBMiygFBVV95cUxNQXBFLWJneENFYTQ1VFZZSFlWUEN4WUdLSEF1eHNDSVJqcjk0MkJVSTdubXVIQkl1QzdpcjNvWl9KLV96bEtodm1BRURnVnE3VG9FMlpKWWpMcXRoOEpjUUdTbDFEbEVKcmg4QnFhcmZ4X0l3aV81cEtKOHVtdHowcjB5VFQzRUJwRFJhU3BCVk9VMTcwZ05rSUl1dzluX19FeFkzWkd0d0JBZnhVQTNRM0pCb1Z3d0FuRm9ObkxrV3VydlJ5QmdmLXBn?oc=5","The Times of Israel","Israel","1779905073000"
"Trump: I’m not sure I’ll make deal with Iran if Gulf countries don’t join Abraham Accords","https://news.google.com/rss/articles/CBMiywFBVV95cUxOVEhwcVl0N0RVbDZFQ2tkLXhkbnNSVVRYZnhOZW5pa3ZaR0FObXhvOG05QVdSY1NYZ21OOENJWkVvREN0LTdjVGplSVVudzIyVUZkN2kwZTZybHo4ZzJRSlpJbFBVQXhMdkhrZVJOeXloZGc3ZUtJeW1sV2p1OEZieHUzQWpzMFJuNW5UaGlqVjV4NVk4bUpweS1TR18ya05Wb3BTS3FUZW40LU1FN3VJTzJVNGlPSEl0bHlubk51SjJDYlI1d2ZUUWJCVQ?oc=5","The Times of Israel","Israel","1779904773000"
"Trump says Iran is 'negotiating on fumes,' believes regime thought they could outwait him","https://news.google.com/rss/articles/CBMiqAFBVV95cUxNZHkzTUVPZWR6bW1UbGVyM3p4ZUNxMmVwb0xHRFZQZ2V6ajZvaXc3bjlnMEpldy02RzdhczBPWUlwbTI4cUs2c3k4OE52UktncEF4OXpnV0o5Q1BFYkYzMjFab2FESm9qUEdnMTM2QlgtRENWSjJ6ZGc5YWxocS12Vm5tUXFHLVY3S0xTTXdUMnhaSkw5VGFkZTRWX1ZwdC1JT1liVF9YTFHSAa4BQVVfeXFMT0xfLU5WcjctVGQ5eFZLdzdxOW9EVWM0c1RiUjB5ZGdvRGxwNVN6UE4taFdrMGFfS2dfMUx6V2ZCUXVuM29rZzlRbjJNR0gzbWw4dDBydnZZTkx0LTN3eE1vN3lWa0ZvZmJsMjBLM1FxLUY5TEwxMjlvOWttRml2am0xYXE1d0RqU1hYT0Y0MkRhUG5xNG5MVm1SQnBtRkNMYXE1MTZwSnJ2ZFg5UzN3?oc=5","Fox News","US","1779904611000"
"Goldman Says Iran War Dollar Surge Weighed on Treasury Demand","https://news.google.com/rss/articles/CBMisgFBVV95cUxQNkdFanREcGxCam9CREZsWmI2SnhVU1VUUVQxaWtsS00xRlc3dnpSVHVPWTRPTW9lSF95M2VteUg5UzZpQ2xSYnBBcFJyVDZveHFrTWtCWHA5Ums4NzhpeUdXWnhtNk1QS0JkcmtUYklnc1Y1TlVRMDYwOHhPN0ROdlkwbFNRc1NwcEF3eDFUdi14NEMtb3gycjFsZDJOX2dzYkgxaTVFZlRpODNGY2ttUF93?oc=5","Bloomberg","Global","1779904507000"
"Trump: Not Sure Iran Deal Possible Unless Saudis, Qatar Join Abraham Accords","https://news.google.com/rss/articles/CBMilwJBVV95cUxPR3hIclh3akVJc2E5Y1NnVFRZQmJJX1c3dkt4YmhYWVZSNndTc1BrS1FTdjZva2dfczhubnd3Sk9DWG51bTNtYVRWTjRZcGpKMHZoa3p5MGNjYmE5SFdYUXNaT0E1a3IzZS1EeERTODNfYTBmcWE1RERhQzFONXRkT3hxUmtUSDVFZlFLRm0wU3pob3duY2JMd2JwS0pHcFNza1ZTaUJncTZvaWw0Y3ZaSkVWQXdoTDFnMEdlU0FwSXQ4eG1RRDFqVXlZLWRMdzY0LU9nb0xvQ1FOZ284WkxHd2NXb19YamVLazA5blJsN1U2XzNNTV84Q1BqdWhxdG1xakdTU1l4Z25KTWpWMHhpcmhBMzU5Qlk?oc=5","Haaretz","Israel","1779904440000"
"US-Iran peace deal could benefit entire region,' PM tells Pezeshkian in Eid call","https://news.google.com/rss/articles/CBMisgFBVV95cUxObGRUQU9RQ0pxVHpIdjBlOFlMZ2dja3Y2NUZPRmlGOVZZVk5mbHJGSmdUYjBqbzlpUzBKdjZKOFhuTjBPMDlUcjdOQWtVSXdYSEJEOGQza2E2a3NNcUU2ME55VENkY0o2M0xqVkRRQkJVSXFzZWFrTEdJTWEtbFVLbXV3aUV3QUxPMWZEWFBNRTlMTFRiUFNQR0RneU02V0NxcTV0bmpMYlBhakFFdm5aNW5n0gFOQVVfeXFMUHlMMmI0UTJFa3ZWRVBhNkpwMlJOOTh1WEJnZW95VEFzb3ZkQzRmdmRKMWdQVGdsd2lFcUQ5Skc1aVlFYmhuLUtMSDFMc3F3?oc=5","Dawn","Pakistan","1779904370000"
"Rubio vows Iran 'will never have a nuclear weapon'","https://news.google.com/rss/articles/CBMiVkFVX3lxTE9yT2hSWHYyZWtDWU42alBDa0dGb0dzd2g3c3hZMWtPdURsUWhiRHBxRE95UWJQZWVUT3hvbVNZay1YVUl4QXRJeWp3c2VXYWg0N19Pc05B?oc=5","Fox News","US","1779904370000"
"Trump says he opposes Russia or China retrieving Iran’s highly enriched uranium stockpile","https://news.google.com/rss/articles/CBMi3wFBVV95cUxOSG5LZS1OcU94UkJqNUlvZEkwWFFSNzVUWDFoSUZLY1FVcWVJeDlvb1V5THI4bGRLTnpqUmo0WEdTTHhYOERmUnZPVE9mci1BQmx1ZWdKcDNBTnloMVhydmtLTTM2WjZ1cFhsZkIzc180MTVlVXhSN1FnT3pnT052WTUyRXIxaVhaSU91TVV5NkRnMWo2T2lNZHJ3QlQ3cGZKenQ4RkpGbEV2TFJSZGwxY2dzeHdSdzNWNlhaOUstZFhxdjYxbnNFbjZqb1lTd0c1UThHN2RnNHg4eDkzTlZr?oc=5","Associated Press","Global","1779904260000"
"Trump threatens to ‘blow up’ Oman if it sides with Iran over Strait of Hormuz","https://news.google.com/rss/articles/CBMitAFBVV95cUxNdWY5MkhxaGFQeUtPVGYwMjg4ZmNKNnctWml3WTg2aGFjOFo4SUVjVjNwWHYxMTF3NkpLaHlPaVloaVFRakpvRTBqbF81eHRGekJNWlQ1Sm1qNUpZVTN3d1RNeUVuc3Jmd1l1cnpaTm9OcHpaYjNVdU9ibTgxemlqZkY4UWNDeS1rX1Y5cVpzNFlkX19PUkV4OVgtSmVUVk9NUDBkTmp5WlNwWmpyazctbmh6cUI?oc=5","New York Post","US","1779904020000"
"Trump rules out sanctions relief for Iran uranium handover","https://news.google.com/rss/articles/CBMifEFVX3lxTE5vZXdiYTI0S2hsUUl4Vm50YUlsMVJiSm5hNHlta0pTN0RLV180R2tJWHloalFMS1FFTmZKWGdsRmV3ZXl1azdGcnB5RWI1ZGJqY3E5dW5UOU9uT0MySzEtSEFNU3Z5WmJ3WXhiNGpVU2FIWFdUY0ZGeUNiSks?oc=5","Xinhua","China","1779903870000"
"U.S. needs years to rebuild weapons stockpiles depleted in Iran war, report says","https://news.google.com/rss/articles/CBMinAJBVV95cUxOZFhDSFZqTkNQTVlQdE9RWEVSVUNOZ2x0STZpenRuVUNicmxJWHBnQ3hPSHFZRU9aUUhjeEFTbEx4NXZoSzR4QWRFQXIyQkVlSXQwZ0taRXFNWGUydGhrRXM3T2QtMUhQV1ZLcXBYVk5KY2NubnNtdXVSVkZzWTBtUW5YNDB6dTNCZFFlaFVzSmNkS2xPM1dIRnVuNkNOakJCZjZWaU9kbWNmZzN1cUU3SXdobWVnWlFlcGc5SHU0Ql9na0MwbVdOMFZXa0V0Y285bXFNaFJRbnJMbUFxVG1kWGRZcy1FcFgtRHJOTG1fOGJBbEExdXozdHZfSm9MZnhrdWprc2JmMy14ZGxpWTVzSExaZExtbldjdEVkbw?oc=5","Haaretz","Israel","1779903720000"
"Donald Trump says US 'not satisfied' with Iran deal yet","https://news.google.com/rss/articles/CBMiWkFVX3lxTFB1VnU3Y1pjU3QzankyXzIwc1dhUVlwc3d0NkxSZ2poaEE0QVg3UHo1VnJiR3A3RDdvSW1PRUt3TTlvU244VlhkVGtvcmlFXzZSOUhjbTNuWk5xZw?oc=5","BBC","Global","1779903453000"
"Trump says 'not satisfied' yet on Iran deal","https://news.google.com/rss/articles/CBMikgFBVV95cUxPUGp0X05xbmQ3bVh2cjlxRkpMY2lsbmRfaHBrTTBQWnRvV2tQWXdJaE9QeGJxMGdXVGxRaXA3Y2RRMS1hTktiU21TV0gyXy1hczVzQU5oUUNCRE9vbE9LMjdXdHpsNUFZck9KUlpJQmpOQlhqV1B4ZTJnZ2VSSVpJWEFDT18xcXhCX1NlZWhPbk0tQQ?oc=5","France 24","Europe","1779903315000"
"Trump ya yi watsi da yarjejeniyar zaman lafiyar Iran","https://news.google.com/rss/articles/CBMirAFBVV95cUxNZXNfZVBOODlzc0JrMlo0amtXdERCYlVkbElTV3Q1dkdRTXhtMUpwNjlXaXBpOWl0dW1CUUg4aTVWNWhzYlViXzNoRmhwZ1JKVnZnN1VNOFcyYlVkYjh5WlJmRXBsTDI1NUVWU2lZVlJuRjZBcDBiSHRWcEFxX0lrcEx4anFnS0lRbVhqVW1wcDFLWTN4YURoSGRaSEpqakpGNGU4aFZ5djc4RTFM0gGsAUFVX3lxTE1nYkVHU1hNODlyOUo0cnNsRldIYldNVVdLYWtGVFhOOWczM1pmaFpCRE11WE5XSUx1eE80NlpBWnA3Um5RTU42bmpsODRGMVVVdWZIMW1NaTZUTDJkUnBPdk10eklQbV82N3hIMk5PS3NJSlF2Rl9SeHhnMDRPa01YR3lLQjZvSHJyb2liT3lNaDRyVzA3U3hqYkdGa2tYeU0zYk5TLUw5RFVuQzY?oc=5","DW","Europe","1779903225000"
"Trump says he will not rush into Iran deal over midterm concerns","https://news.google.com/rss/articles/CBMifEFVX3lxTFBPb1hsQ2xlSGJBdUllMUlzZkU0VmNCRFBQeHk3X0M0Um55LUR2X1RiSEtySHBBX0lZb20wU3BJSVRYN2QwWG9VZGRUaUY2OFN6NlZLWDJnbVkwZFNqSUtraTVLSEdfWW9sUkNJbl9WeUUxalRSRENQSmxpSGc?oc=5","Xinhua","China","1779903210000"
"Trump: Not Happy With Iran, Hormuz Not Controlled by Iran, More","https://news.google.com/rss/articles/CBMirAFBVV95cUxQSnZsNTVwU0IzRlVYMzAxMHRPd05GVi1VQzFhSWhlVE1DcXJtZ1FuR3kxd3BtcGlnbGZScUQ2YXYzUGFkd01STkRkaUlEYXg3akVtVW1XWl9NaG9Bd0h0aWdHYzJTeTR5SzdmQ3IwbGp5ZW5peWY1UjJqMHl2eXA3VjZUM04wM0xzS1pZR2hOT1dCcnBZN0lXMjZxY192WlFCVHJPS0xzVkh0Y0VD?oc=5","Bloomberg","Global","1779903095000"
"Rubio Says Trump Favors Diplomatic Solution With Iran","https://news.google.com/rss/articles/CBMiqgFBVV95cUxOemo1QW1FOVpSM3VtSlpWNjF0YzB0dk5aWlBtdzJEcEtITlItYmhTOGVLS2pJNm9RZnpVYWVvVWJBRFpRTXU0cC1Ia1hmOG0wS0pKNHFDUjItOEtDZjNnY0VWbGcyNGF1T1VmUngyTktVQmxoMThvSE1BSl92azh5dDBQb0x5UUQwRElJb0QzSmw3cEV0TzljN3RMV1NQNWdVUUYwM1RnV3FOd9IBrwFBVV95cUxOcjh2NVpnOUhKZGtLdzREYUxoMGVmbGFFbFUxQ2puajVTOXFaazVzTkE0bGxwdGlBZkc1NlY3ZHlPT19rdlpILVZhTmxqcGt3eGxoQW1wdTdSZWtmVk9ZN0R1S2FzeEtrVjZDM1ZESERaQ2hhYm5Wc0FLc0tTU1pNYmpHSmp1QU5ZN0F6MjlCdlFhazVHRUpyUFo4RDJZNmtVZkhSSHFYREVFSGVZSFJZ?oc=5","Al Arabiya","Arab","1779902647000"
"National Crime Unit officer questioned on suspicion of contact with foreign agent, likely from Iran","https://news.google.com/rss/articles/CBMiXEFVX3lxTE50Nzh1MGFPM0FxY0h2alBKTUpOWG9KaUxQbVhJak1yMzAyQ1FENVptTzZyQlhrdHZRdVByZG9vcXVqMUtJYzdERUZtT0JWQnQxQkZYRXFobmlLVW9G?oc=5","The Jerusalem Post","Israel","1779902639000"
"Democracy Before Democracy: The Iranian Diaspora’s Democratic Reckoning","https://news.google.com/rss/articles/CBMipAFBVV95cUxQaHFZUUZvNWxrZjlYTEpZeVJ2d1FmWnJVa3ZuQlNKajUzVXY2MDJkT0ZzMTk0b3E1aFd6QUMtUlhfcmY3NXpCeGpSREVPdjByQVNJX1czQW5IMVZWM1JBRUgxRkxnRnFwNFpYTVJEd05yVE9CSmVkX1J6WHNwdjdmYUJyUWdkSVRPaHI4WlByQk1pWGZaR2NnZm45OTB0ZGdleTU5NA?oc=5","The Times of Israel","Israel","1779902100000"
"EXCLUSIVE: Czech Republic's foreign minister warns Iran using Strait of Hormuz as ‘war tool’","https://news.google.com/rss/articles/CBMiVkFVX3lxTE9Gb1JFUXB1aDd1bjN1U3lLQ3BvNXpiRUlwbnNTOG13YTNwVW5mVFFrRDBYZlQ1aHJIQ1I1OE9zZXE3NVk2OHh0MnhvY21WNzN5SjFJTzlB?oc=5","Fox News","US","1779902046000"
"The Dangers Of Trump’s Negotiation With Iran As It Is An Equal Nation State","https://news.google.com/rss/articles/CBMiqwFBVV95cUxQZ2F2NnI1cU42a0JTdVRXQjR6NGpzNWJJSW9INXJTdFJZTGVkNDFIWHR1X0dlN2tGbTY5TnNEMmhMRW00Q0dHRjA0akVicGJjS2c1dWVGUTRrTVUwcnZ6SDFUS00xcURLRG0yTTdjUUZYMXRtTlBsZ2ZINV9GR05Xenl5YkZwREpaeGJTSWFGTjAzeDJjdWxETXZKUWotZTh5UW93M1BRdUNxaXc?oc=5","The Times of Israel","Israel","1779901740000"
"Group behind pro-Iran AI Lego videos greets Iranians as internet blackout ends","https://news.google.com/rss/articles/CBMilwFBVV95cUxOVVNlZ0loMTJmN2g2UjRkdnhDWEdNeVY3LWhvbUhWRUpvNXJTazQ0OTMtM3llTVVxRmFrX0gyaW4tMWN2NTN2YXhVR1c3MC0zTk5iY0JkekgzdjI2OWlqd2g3Y0tpUVRNTjRVd1d0T3pMR1M1WVo5Zk1paExlRzViYXBHSG83bnI1TnNTLXNvZnQtSmwtOHVN?oc=5","The National","Arab","1779901397000"
"Trump Says US ‘Not Satisfied’ Yet on Iran Deal","https://news.google.com/rss/articles/CBMingFBVV95cUxQSS1GNnpYRmZUYWZHWG5Pb09DYUhLUFZlNVdaS2FBZXdPdmJBNDNiUmh6d2lmQ0RvT0xKbVYySGF1WDJPZmV0N1ZoeXpMUnByZWpNTF9EVmQ5czdrWTdzbFZFX3ltdXN2cE1JSDVSOWpJQ2k1Nm1YRkVIRkhwbW9RQXJaLXozRmZsaDhvWndUMFlyUVJTN25kaDFqMWprQdIBowFBVV95cUxPVXBQQnZWVldiTUF1aVhWTHZjMXlfWThaUG92bWFwb0dWWVN2dy1HdW1uN1RwRjFGaDBEOE5kdjZzMTBnN3htS1BkODFlNVFDYV9GRGFLWDRIVHk4Wkl3YnpoWU0xMzFHcFRTaXplRldBd2xpTTNiR0JlelE5T09YNVQ0X3M2MGFaeE1NR0JPYnh4bDA1NGhOanFWU01qbDZWUkxv?oc=5","Al Arabiya","Arab","1779901356000"
"US-Iran war in numbers: Trump’s war costs more than $29bn in three months","https://news.google.com/rss/articles/CBMitgFBVV95cUxOS0tXV3dwMUhlVGZOZXZlek9ZTlVqX0lJVERwbmFHbUZaVkprNjh4M2hhczJ1dEZ5VHJFYmtLUGtVUkVRSnkwTTJnVE5uSEZyYmt5eThzQkNXVE9jcEdOUE5ObVRadTNVRWZjYkEzMjUzYXdJWTJGVkJpWnA5ZFpLWURiTUxMUXVIdmdDa2M4aVkwRlFGalpjR1JfWGxjc3RUOTIzeDdMdjB1anZGY0dzY1QwOUJEQQ?oc=5","The Independent","UK","1779901200000"
"FIFA and Iran’s identity crisis - opinion","https://news.google.com/rss/articles/CBMiV0FVX3lxTE12OExaQW81Qk1IdlluaW81X2FsTW00ZmptTVVVbWM2TXgxM18zOE5WeEZBMEJGb19lanVORDk2S0l5aUNTUWwwTnYzakQ4M0U2XzNmdDdHWQ?oc=5","The Jerusalem Post","Israel","1779901200000"
"Trump says he won't be rushed into deal with Iran","https://news.google.com/rss/articles/CBMirwFBVV95cUxQUnQyWmxZTTZyNDBBYlhJenFybFQ3VkoxVERLOXUydUNPWEdjM19hdlZGcldXQ1JzUWVJOTVNSHRnTmNaSzFScnRyaDlCTmhRYkp0VDJnYUpLYjZxeUNReUVzazFkdXVyalhOTEFWNUl4aGY0dXJRX1BpbFl0ZHpHQUtLeFVsOS1ac3BHZnVQeS1nSEhraEluSzhFb3p4Y29SMnhLX2JFOUczcUNORlZZ?oc=5","CNN","US","1779901020000"
"Trump on Iran: 'They're Negotiating on Fumes'","https://news.google.com/rss/articles/CBMipwFBVV95cUxNZEVwODdaRWFiN2M5T1o2U29IOHRMeF9QcnBWcnR2cHNpbFZZT3hWeVdISlVSX0FLclRSdmZGcVEyR1JrQ19RcXJxZUFZcGp3VFJDUUpQLUZyUWZRNGRpR1VEdVFJTlJ4Y25BN2Jxc09aZXhkSS10aHh5b1g4NXBOV3V4T1FWaFZpWTF5SDU1cXBmMDU2a1NlTks4S1NYYkx0OXJDaWhpQQ?oc=5","The Wall Street Journal","US","1779900961000"
"US military weapon shortage from Iran war leaves America vulnerable to China conflict","https://news.google.com/rss/articles/CBMiuAFBVV95cUxQUzhUVmZaSHVJT0NTcDlSWENfNVFBZU9Nc0dMT0tlVnY2ZUZsZDlNR3VZQWEyQXQ1OVVKNGkzQm1vQl9fS3dsUXhMOTlXN2Z6TGlDX3NDUnFvemkxVWZ0bHJzMVkxZWlUSmlXR1JPYlZiWUhxd1dNM0c3aE1DUTZtOUY1NUpBY0g5eVNQWG1va1JFVnhFbGh1cE1vWG5xZ0MxVEJOQWJzeDBUSXl1cS1BYUgzc19mSk1p?oc=5","The Independent","UK","1779900960000"
"Donald Trump not satisfied yet on deal with Iran","https://news.google.com/rss/articles/CBMiakFVX3lxTFBhUWxpamRBdEoxZmdSU2NFV1B4M3BpaFYwNGJDVFF5czJaTjdzNGVtSlpoaHY3T2xrZEVxbHVxRTN2dENyQlpzOWNsY0JpSmVfdVJYcXdIc281TlZvYTRSU015QUJwaG5mTFE?oc=5","The Jerusalem Post","Israel","1779900860000"
"White House depicts Iran report on draft deal as ""fabrication""","https://news.google.com/rss/articles/CBMijgFBVV95cUxQZ1V3bm93cXNWQU9CUUJjSFozZTR4MVAzU09oMGR3ZUJUcVlyUEpoYWNVMFJUVE9mcVZUVDdQbG5pTVdTVGlmdmdacXptXzNlUXFIREEza1NpLUtTaHFwMWFTaXBzSDNlTkFkMjB0T0RiTDVLcHd3TFhSV0dYVGxUaVZpX25mUHEtMmtocGt3?oc=5","Xinhua","China","1779900510000"
"Trump Says Iran Has Misjudged, Assumed He Feared Political Fallout of War","https://news.google.com/rss/articles/CBMiuAFBVV95cUxPaWZNckRjalJSX0wxUDJPY3FkZ3hfaDRKMlhUanhaaC1faENSWlpxalJBQ3pVYTkzbGNwRWVrclhGLVNYXy0wNU9VN3lhRUhNOWZSS2F0eV9EOC1lYlJYRzM1YjZubzBScWdBVW9aVURicTBFTF9oOHhvN1J1bkk0OTJnYUtqcDRDWUtQZUlmNzkyR3BYYU1jZGFWb21OTGRaZjBvVDNGTFZhYW00dFZ4VzRqS0diYmhq?oc=5","The Wall Street Journal","US","1779900360000"
"What Iranian State Media Says Is in Outline of ‘Unofficial’ Deal With U.S.","https://news.google.com/rss/articles/CBMijAFBVV95cUxOSlEyRUhNSWFMdkdpa2JkdUxNc29VYnR1QlVCdnQyTUNVWFgwS0kwOWJsVGUySU9QVjJCdVlZLXZnejZWTXZzVVc4N203Ny1qdjloeDFYaTdSQ1ZPZG5BUUNWRm82N1hKRVB0R0Qwc0VOUGxMeUM5UUsycm5mSnNFLVJtc19kY1dzZWhWUQ?oc=5","The New York Times","US","1779900223000"
"Rubio says some progress made in negotiations with Iran","https://news.google.com/rss/articles/CBMikwFBVV95cUxOX2hkOWdpVzNMT210eXBRMXJYQmVvTXhaZUk5UmVnS3lQbEZsQzI3UmV3dkw5VnkwUkxZQ2FXVG5wOXJ0SldMRHZWRGpPVzF0dGxfZkVNR0NIZUhZQmZsb3ZSUFdFV2RLTVduVEtkUnhUZjZkRTVOX2l4RlJCWWlpX0stZzlzd1lBVFVmenFvQXJhSHc?oc=5","Dawn","Pakistan","1779900119000"
"Trump says Iran is 'negotiating on fumes'","https://news.google.com/rss/articles/CBMiVkFVX3lxTFB5SXRJNG5mMm0xS3JpLUFvOE5DUkN3ZkVuOHlNdE9ZYjkwcW5SRnRsaS0tbzZEOHlnQ0Y0YTlXZW1rdG1lUVV2Z1FPRkx6bE9hMWtrZ3pn?oc=5","Fox News","US","1779900044000"
"Rubio says ‘some progress’ made in Iran talks, will soon see if more is possible","https://news.google.com/rss/articles/CBMiwAFBVV95cUxPMXJFR3U1OGJ3bExuQ19kVVRGenlqRGE3Unp2X3pvOGhXQTBldHQyQjhLcWQ2OWpSYXFiYjhSTkRkdnhTb3lZcDh3X01NMWVqMnBFbkJhSl9MNGU0MDROeVgwU1JQX1E1YUpnTmJXSUVUUTN4TGtudmwxOEc2Z3FQSHNaLXo4Zkl6VURpbmNMRXZTc21iSmswRkdiUXVaeXQ1dmxhNmhoLWowbUhLc3ppRG9WT3JzaEJrTDZ1LU5fOUk?oc=5","The Times of Israel","Israel","1779899966000"
"Reuters Iran Briefing","https://news.google.com/rss/articles/CBMisgJBVV95cUxNV014OER1YzRPelVVcE1lTkpVWXl1Rkw4VTkyeFlaeURRQ1NhSG5GNEdYR3c3dGVIcEdURjJiNlc2QmZlRTdldjFicWVlYTh0TnhLcXg5MnpNLWFZYjY5bHoxdHUwR1B4RmNoUDFmQ19nUmRPSjU5WkZsYUdWYlJkODhoQ2lib3FzcFYxM0Z0bEtNTlZHOFkxREN4UDB6NUUtYlM5VlJ5c0RVelg3Z29vV0hIRmJzNXdEbGdqMExDWVhLX2hVVk83OUFGMnhNNUVRREgteGUzYThpZ1BEblMxSkhKMTRDNGtOenBwZEt5MGR0N2kyUllQaFBrbHlLb0xYU3NyUDg5QzBZTUZzQ3Y3LVc5cnBrR2FKbERLbFJYQWJQQm1tS0RSYmI2UXhYME9yREE?oc=5","Reuters","Global","1779899795000"
"Trump ‘Not Satisfied’ in Iran Talks, Casting Doubt on Quick Deal","https://news.google.com/rss/articles/CBMisgFBVV95cUxPc0RJYk10Vk5OOG5nbTRPeUFCSW9nWG5OTUVBUVJFcFByNG1jemhCM2lKRlFBY0tiYTM0UnhFSDJLTi1xUy1PSlBxNHd0cHFTVUMzVEYtVWxJZFN6elNhWlZBSDJMYmxxM0RCaF82NGpkOTVBdUFacVRZZUZ2WFgzd0UtWGVwaUxOSHU5WHBwakNIUDBYcVZoMWFHZUotLTJGYVA5R0JZa05xWXRtWW1McllR?oc=5","Bloomberg","Global","1779899791000"
"White House Denies Iran MOU Report, Good News For Boeing, More","https://news.google.com/rss/articles/CBMirAFBVV95cUxNYTlFMmhvcEJuN2x2LUljS2RZOG1UVDFhR2VWT042M0Z0RWNib2kxVDRpRFlYdFZQckxFTzdQaU5Ec0JGeUNfSnhfQ0VRVFJaZWc5RHhnbzVWWkFxcW5SSWpWa0tQZkVXX21YQkpUbGp4SGF6a0F2MmQ1QkN4WVg3X2NpcDJSb0d3U192SjVRRU5FQ2J6N1ZQOVFLdWFaTjNrQnA1T0g2LTdjSWQx?oc=5","Bloomberg","Global","1779899753000"
"‘They think the war is over’: Why Iran is restoring internet access","https://news.google.com/rss/articles/CBMipAFBVV95cUxQc1YtMC1qZGRWNmk3RzVNVHZBengxbGZyQmNzMlBtWV9FVG5LRlRzaXpMenpxaDl0V1NPcGppTmRtOHNMR1NJYlNvOEpZOWFrMnZLWnlFYVAxSDNqTU54RkZzUDdzNmx5cE9nczVHc3FQN3lHWXhqeTZwOHdscHYyM2ZodXlocVdteHQ2WGR2X3JhNl81UjFNVVlad21SamNMZEtRUQ?oc=5","The Telegraph","UK","1779899640000"
"Trump says US not satisfied yet on deal with Iran","https://news.google.com/rss/articles/CBMiogFBVV95cUxPMHBfYTZCcWQ2N3pTeFJDU2NNeVd6cGVwb0MyeXV6OVVjZmNGMWg5Q2JuTGg2eTBXMW1qWFJmYzc3R2xnUlpjTG9QcmduYTQ1OXM0LTlNQ1pFYkc4Y2pkQmFWWEx1aXQtRmVsNE1GOGQwYlA3a1UzTHlOMWFES0lPM2l6WlkxVEJBaFFHQ3VPbnFHWGVnU09ielBDX2gtR3JSeVE?oc=5","Reuters","Global","1779899305000"
"‘I don’t care about the midterms’: Trump says he won’t be rushed into deal with Iran","https://news.google.com/rss/articles/CBMiowFBVV95cUxPN0t6S2pxVWpQdzc0bkk0eDQ4WEFkZHlxeVU0SVVjT0hjYll5MHNkN1BsWHVSbGtRVmpXdkp3ekJxTW13RnFUUnlZM29FMEY1LVJoNkRyTTFSalFuS1pOWGZIZXFXN0VXSWd6Vk15THQ2X2ZLMVVHUXhoOF9ybjhJbnREWkxNM0ZRX2Jjb0Q2Ym9GdVNoLS1EZnViZGJxclJmOWFj?oc=5","CNN","US","1779899271000"
"Trump offers no indication of progress since claiming Iran deal largely negotiated 4 days ago","https://news.google.com/rss/articles/CBMi1gFBVV95cUxQQTh3SVB5bUN6LWZFSEpDa2JzLXUxdmhYZzNMaXdfQy15bVBlQ056dGFMM0ctdkp2eUdCR1Q4ZHpYUXY3NUk3czN1REtOZ0JJOWFlU1Y1b2U4MjMxYnVoSUxITHY4dGJrX0ZIbV9BRzlRcDNGWXJxeG1sTXE1V1B1ajFTMHM3Z1V1Um9GTFo1bUZuRGFUMll2WUpIS01WOHYybDBZOXdrSUhVblVuaXBKamxQMFdhc2hMci0tRnNMMmJ2XzlZUDg1WkdwOTh3YUROaWo4bktn?oc=5","The Times of Israel","Israel","1779899073000"
"Trump says US not satisfied yet on deal with Iran","https://news.google.com/rss/articles/CBMiqwFBVV95cUxOWFJQenNIWG94Mnl4TlR4S3k5Tk5vQ0FQdGJZMVNFNjlzMGdsRjFtaDNrWGNkMjJhZThOR0NfMnJXNXllRDQzRGR0ZXJVdV9WUVY5dWp1bFppNDd2aDdJSGNOWC1xb0FjWU04bVp5M2lQbjAzNF9JbDkxNnozU3V2dTY5ano2dVZTZi04MFpKdnFMb3dqSTVYNGdNVjF3RVJwZzJvOWh4RGlDRmfSAbABQVVfeXFMUE9UY0FQNUhMbGJBc0dkdmlPNW4xTURoclpnLXpUSGY3cWl6a2pTU3I5QzkwRnVYeVYtd25iMVJOYldNR3J0S1JzWlVOWGZFcHBiQ0hfYUZUeExsLU5IX3BCM0VXMHJXYVNHZmlsNUJHMUFSZVMyR3BKd2J4eUl6aFF1MEdTWEVtZjlyV0JiR2IyanBYbVZPNEZ5Y0tuekxaUjQyaDNMbXlQT1lHSjlwbmg?oc=5","Al Arabiya","Arab","1779898980000"
"How Israel’s Battle With Hezbollah Fits Into the Iran War","https://news.google.com/rss/articles/CBMirAFBVV95cUxOUmR4eEYybVdSUWtKcnllQVJTZ2htaEF6akphaUh4bEx6ckZKazlXRHFpbXVxdjlubkFnWkRDTXdVM3puS2RzMEN3aHF3ZGhHWk9SSHZOa3FDTmpvWnR1NldUZkdyOWJHeXFyNlFWRTBqLVJLbHBmSzVkZW5fcjAxUC1Gam9OSGlWUF9Mb3poUzlYZU11QWtvOEJiX1dqdWpUODFBTHRiRjNTN2ZD?oc=5","Bloomberg","Global","1779898861000"
"How Iran war is affecting UK households: From energy bills to petrol prices","https://news.google.com/rss/articles/CBMingFBVV95cUxPWFludmpiT2dqUERUM0ZiZHNuWHZQNVRHSFhMeGRpU0dhaXJ1QnN0blVfZnJyRXJISi1VQVN5akxwdjJUeWNsWVlqNVRVUmpIYmdFbjN4ZmYta3NhWUNtVzRxam5DejkyOE9ueWhGWDVGZmd2U3R5dF9ZNWtYYUV3SmN2MTBaTVRaZGJYVS1Zd3V6Y01SaGJTZXhVYXJjQQ?oc=5","The Independent","UK","1779898020000"
"Reports of 'draft deal' with Iran send oil prices down","https://news.google.com/rss/articles/CBMiWEFVX3lxTE9ZU0p0Z0IyYmt1aHE2QTdkTlBWQzN5b3NtRkdxV2p5Mm92ZVg1d0NkTnBXaHhjUlZtNXJrS3NfVmQ2cEtNZXpWdlVGSDFReHIzMkhwSmduQUg?oc=5","BBC","Global","1779898018000"
"Victoria Coates: Iranian president is acting out of ‘desperation’","https://news.google.com/rss/articles/CBMiVkFVX3lxTE5qTzR5XzFFSEJfVVhxbzlPUE85RnhES3RmelhJUHFRVERXdWV2ZlR0QlNkamVmTDJzajRteHduSzRrWU9CQWczRkJ6MmVYYlJSN2JRRGNn?oc=5","Fox News","US","1779898013000"
"Trump says Iran would not get sanctions relief in exchange for giving up uranium","https://news.google.com/rss/articles/CBMitAFBVV95cUxNMGZlZ3J5UE5GaFpJSHpVaUlDcm54LWhqVHR1YXBWRC1wSjM4QVZQV2FOenBudUdxNkNsMlBsOWR0QzE1SVJtLXZqZmVqSFpib25vTUFSX1pPRXR4TEYzMnQ3WE5RWXdWYkJLcm9nZTRnNkdGNnFNckJGSWR0OFEyenA2cHhDSlBIaEFrSnVPcXViMlZPb2MwdllGVDZMUkJOVy1wNHdDYVRScm5jR3hJWFZfVVU?oc=5","Dawn","Pakistan","1779897939000"
"White House Rejects Iran State Media Report of a Hormuz Deal","https://news.google.com/rss/articles/CBMitAFBVV95cUxPWVlpNXhqS0JqVkIxREVFYnRfaG5fVThqVU5QMGJEX0dzczVGanRhLW1nR2VNWFFkaWotOGNGdGNwWTVDVWphWEE1bjRER1g5RHoyajBQeHhtaDg1ZmF6ZGxzYnRoUjI2eFNNcnNrTVo3c3FpcE8tdnJmcnU4Tldta21CaWVMcExHSlhLNHRUYklpb3BXSU1SOXRaOGNjWnRUY05WRnpaU040MjRiSmhQQ0RKQnI?oc=5","Bloomberg","Global","1779897601000"
"Russia delays return of staff to Iran’s Bushehr nuclear power plant","https://news.google.com/rss/articles/CBMisgFBVV95cUxOUGdMUGxJRmZjN3duMU5YUi0xd0xuR2lpMDc4VTcwLUxadDJHMEdWNUZOOUo2M3JiWEhSeXRyLXZqMG1uMjdxdGRpdjBVSHRSWFFzaURlQlY1cFBXcXJUNU9lX0NFUzJ1V3JvTF95dC10OHFHdDhvOXFSZnhYQVVfOTVzN1JHTmtxSDN6ZUY5Ry1kY0Z0cG1xb2VSLVdBR3F4WkpKejByQXB4SDlwbDQ3Q3ZB?oc=5","The Times of Israel","Israel","1779897573000"
"1st LD Writethru: Iran says draft MoU with U.S. demands blockade lift in return for restoring Hormuz shipping -- media","https://news.google.com/rss/articles/CBMifEFVX3lxTFAtUXg0TnpreFlDV3VVN1RidTlJcmplTjlHUHU4aEVMbG8zVENmN2J3T0Rmai1NZlBzcmxoZVVBUFRfVnQ1SjNuZjFSeGJCYkxXS2JTajhHOVBab1dNMFV2c1ZqYTUzMDRNLWpneWFWOG82TUJRT2JaMUd0dWw?oc=5","Xinhua","China","1779897525000"
"Republican heckled during his own town hall as crowd raises alarms over Trump’s slush fund and Iran war","https://news.google.com/rss/articles/CBMitwFBVV95cUxOaVY2ZkpBLVp3X1NMSmNZc2lhaC1Ec1hSMl9zQmYtSFpndVdvd0NHSDhyUzk4WmdSdXBtMWowN2xjaS0tZkN2eUloR3JKaFJJRnVsUk9jUnI0c3JBRzRxZGhPVklGSE5STkZGTWhDS00xSldhRjJXNVpaaURBR053Y3RIaFM2a3FOaHpNZ2hPUE1JbVc0ZG9vYy1kby1aV29hOUp1aVBhaFAxbm9ybXc4UGRiS3NKRDg?oc=5","The Independent","UK","1779897300000"
"‘Political hostage-taking’: Iranian woman vows legal battle against France after illegal detention","https://news.google.com/rss/articles/CBMi3AFBVV95cUxPTHRIQVhrSUNtdXdSOTBPeGlFeXdtWVZEMnROdmFudkd3Zi04Y3JuS2Y0TzlMVnREaExHNmFoZURsa1VHNTNkYkNmd0lFdkh4VTZ2bmJsWlpBQU0zdHdqckpmZjNDZlo2a2ROeGFTaG9nbkppMFhUU3lVbTlyNm40VWV6NkZlOFFHSXN2YWl0eGpQTTk0cDBFbVZkaWVRdHZwSDhOSVJXTWNJN0FvMmVwVUNjMkxhYk9iVDZDYTdOeFFCX3FEaWZ3RnFRRGdiTGIyVy1lRTMxTTBidmtB?oc=5","Press TV","Iran","1779897060000"
"US says it ‘redirected’ 109 commercial vessels during Hormuz blockade","https://news.google.com/rss/articles/CBMiowFBVV95cUxQZnFkV3lxakVwQWVCN2YySEtpaHdYNnZGNDViU0FZY2drNHpJZS1rT195eFhIdmY5bG5hV3Jla0pPSTVBNDZ5SHFXbTNiSmlyaTRlVGxYcU04SUFPcEliUXVlNWdJdXMzcjRPXzN6WWhUckZuSGtjdnV1dHI2M2FFVXB4bzlSdGdjMk9YSjhwa0VTTzZDN01YV3MtQmJxTm43UGtv?oc=5","Dawn","Pakistan","1779897005000"
"Israel is winning a quiet triumph against Iran’s recalcitrant hardliners","https://news.google.com/rss/articles/CBMinwFBVV95cUxNQ3gtdml4Y1h4c1dOckhwcHNZcVQ4aVUwTTVWM0pYOUlia0YweVBJV29GMVJyQVBzeklvUVZZdkRxU3hUQzFsM2JiNk1MM0I1ampDcHhyYlFHcndEUllhZVQwSm8wYVI4LWxoQmV3d0MxSXdlcUtVZGo0dzQtQ2NDY0FscTlPMHVCQTZQZG9ST2diSUJXOXdhQnhxaVEzNXc?oc=5","The Telegraph","UK","1779897000000"
"Iranian student speaks out on regime’s internet restrictions","https://news.google.com/rss/articles/CBMiVkFVX3lxTE5oUlhFR1VhcjBORktESmw5VU4teWFNMGFPTzVQRnIzbnM2Ym5aSEc5RFFBSEJDQUJmX3Z2aTFFNWFnd1FNTS0xZWFhUXJ0VVFtbkQ0bHBR?oc=5","Fox News","US","1779896797000"
"Lessons of war: Strait of Hormuz and nuclear sovereignty define Iran’s inviolable red lines today","https://news.google.com/rss/articles/CBMivAFBVV95cUxPa29zS1l3NWk2SU9JUlREbWlNYnBqdjBSYUVKT2ppWC05SURCamlHcXp4bmRRVVNJbjExaWt3TDRYd2lGMmh1UDJ6UUZWTkFiNlA4N2dQbjBsQmRrVTdOU211ZDRXVjhhVzdyUk5sOHBsNUZvVi1wSVJVcE5McEJGLS03cGZxNncxWkNEQ0k0TXF5RnRJbHExT1RzVloxWXE4SzVCeHBNYnBCTzNmM3lCZF8tYWUyZHNJQy1aQQ?oc=5","Press TV","Iran","1779896760000"
"White House depicts Iran report on draft deal as ""fabrication""","https://news.google.com/rss/articles/CBMijgFBVV95cUxPYUJtdkR3Wkw5NG50TDVNQ3FUejdHcW9NZzRZbXNsOFBNQ3pabTJjS3NDSnJERHA0SFA0YVJ1MThoWmhqdHY3WkhwRm14al9Db19kanl4d3VJWkVSUnNkVE9EamhYLTZoWlJFRnk0Y2hEX2Nkd2tQaHF1Tkh2bnZJUnBfeU1MckhRbXdpZUVB?oc=5","Xinhua","China","1779896700000"
"Iran says US commits to ending naval blockade in draft deal; Washington denies","https://news.google.com/rss/articles/CBMiyAFBVV95cUxOZE9GWDROb2hROHlDdGdrV3dVMEpQeW9GclQ2VXRVa1lLdGJKenBrSTBsNmN2S0ZuTnJVbk1kS21iZHZCTk1nMm9iM3Rvc3dFdDNqbE5lcUF0dGZTb3Y2c1RQQ1EyQ1pvTkdZRlhfcW9rcGNqQVZXdEZhYk5IQmkyVXNkRlJwMktySFVhM2U0R2d5MklFS09IV0U1SF9iUGtXNEhJWUkwX1I4ZGh4bTZoMmpaN0dkUDBSVFVyQ19ISE9rLWN0V2xPMtIBzgFBVV95cUxPbDAtWE1xZDNQdFFVQjQ2YkI2WFBJOEZlWmtId0NVMHRqbzRrUy1rbVhxb1NOVWg0Qnl6VDR6YU5jSVYzeDluWFBzMFd1ajRQeHZSSUhaV09IRmdWck5RQWhkR25lbkZvMHc1UGJhakZ3Rl9DWFlVQ19CbTY3OUpmVTBhRkxiVVc5Y3lKVUhvUHdZSmNhTnViNWdnVHJ3YTVoUE1DbGdZVDVPWUpUQUFMaHU1VjdKN05qY0FpUklqVUZwTnZ5a0o3Q2dxRzFoUQ?oc=5","Al Arabiya","Arab","1779896661000"
"White House: Iran Report 'Fabrication,' GOP Base Turns Out in Texas, More","https://news.google.com/rss/articles/CBMirAFBVV95cUxNYmR2STMybEhuYjl0LWgtUXZ1ZUJRX1lXLUhIdFlUSHl0MlNXZmpxdGg3Uzk5T2Rva1laM0hjaXZObnF5cW9Ma2FpSzctY1BMQnpqTmFGRDJueTJDU2ZkcEtORGhqU3hGR0VWd3l0N2RJM2F4Z2F6cl8zdVNFSjN6bERhNGF4RFN1MXNjUVNHYlFJWWU2VUdkY1R3Zm5STGtpM0VlVmN4a0oxbGVk?oc=5","Bloomberg","Global","1779896438000"
"IRGC says 23 vessels crossed Hormuz in last 24 hours","https://news.google.com/rss/articles/CBMijwFBVV95cUxOb3VZNEU3bV92UnE4Nkg4dDExTlZFUENRbEY2ZUJELVRsOWh3WVJaMFRubUExUUFQbkltcTBtaFROWkhMOGtJWU9jLWdTRVRZcHp1emt2TW80UzhSYkJKQjUzaUFCR3hfdUtJaE14SkhQWXRyd25EbWswVlkxTnRwRjR4T29SOHVYZEY4QXdtbw?oc=5","Dawn","Pakistan","1779896165000"
"Strait of Hormuz Traffic Fades to a Crawl After Supertankers Exit","https://news.google.com/rss/articles/CBMitwFBVV95cUxPWVdMVS1SVFNCc0J0d0htN0YyUlBWVlYwMU9zRTVmQ2NaYURhWWYtLWNVTHRxbDVvZGRtazFZTDJWZkpRUGx1YUNtQ0xfV3doX3FMQl9ZYk5paURBQVUyaHhRRW1MTklwZEJJNlRweVlYR1ZIVHc2endwMnhqZ1QxRWJnRWU3SjlmRHFRUmdra093OXVySXE1U2JSRU9tbjNZYktjRzJaVXJVUXRhbGN1X01UeGhxcUk?oc=5","Bloomberg","Global","1779896164000"
"Pentagon leaks signal U.S. effort to blame Israel for risks of renewed Iran war","https://news.google.com/rss/articles/CBMinAJBVV95cUxNRWQ0b01Bd1YtUXVkMnlDcG1WeFNZaTdwVGtVaXVRV0pSRExMS1Z3RTA0bjI0Um9BLWo1aDJYczdGTDlVZF9ISWljbGlrQmVsR2RIWEpDSDBVZ0NoMmk1ZnFSRVRYNDhwQlUweTFwbDRWQklwamRCVDJQSWFVS3p6clpWaWhLUVIxTEhpcV91QVRUZHFfSmN3TEUtcl9xTzdSTEs2UjlJdkRudS14WURqQ2xvT2V0NHE5X2RDQ05HRUpidFMtUndvanFGem5SSlFqZlVQZWZ0eG5SMzFWQnQweGtseUpSYkFwaV9CT1BWWXdBd1cyeUY5WDlZdmlsZDM4WG1CcXc5TTU4MG04TEVIM0VXaDFDOS1MS3FDNw?oc=5","Haaretz","Israel","1779895620000"
"White House rejects reported draft framework with Iran as ‘fabrication’","https://news.google.com/rss/articles/CBMirAFBVV95cUxQWmt5ZEE2YWp4d1hIcFVTV0tQZjk2Q3FUQTJKUnpOV3BaZEdSTjZTTzBtbjlOdi1YaTJmSHZIeGNQSDFybTh2bEVSTzFPc0cwd1ZZT1ZWeUQ4RjBMa1dtbmpYWmJZdXhfU0F1Rkt6bGkzSmU0NllEMUJRSzRaS0Z1RElWeXh5V1FMM0kzaFp1RWlxZktyMWZHSDdYZ2JPZ0ZTRTV6TERmSTBMbE5i?oc=5","New York Post","US","1779895380000"
"COSCO products tanker leaving Strait of Hormuz, oil traffic still limited","https://news.google.com/rss/articles/CBMiuAFBVV95cUxPQWtZZElIYkRFSWNIaVhLak1JLUt6THFQTE1LUUdZaXVZUU94NnZ2Y3VjbEhDYk5LME1LWU4wNEt6WmNXaTcxQ2gySnZ0Rm9pdm5sSWNua2MxYXQ3Zk4yWEx5bEtrenpUY1JZRVoxSkwwMU5zdDVQTjlDRVE0bFo1RXlCNkxkRTFicDNQRmFDRlU2d2lvdFJxamNfcUw0ck1ST3p5OHVEM3RiUUNCZ3RnZlFCNFJITUY2?oc=5","Reuters","Global","1779895230000"
"Canada turns from US to Europe as Iran war propels aluminium higher","https://news.google.com/rss/articles/CBMiowFBVV95cUxNSkZrQ0NqN3JkQ0gzX3pEYmE3T3Y5Nlh6d1Fwd2xIRjJZOE9ZN3B5MWstSzZ5SzliRVVpN2RjS2VxS0lBRHVVMzh2WEh1azFIbEotaTBzOGFKMTZHbmpQTFlEenFOaTJvdHc1ZzlZUDVSX2NhLXljaHRuTHBMRk5PY2FWVHBNYS1EUS1YaTRmM0ZwQzhpMGNWRnVqUTI2MUFhS1Zr?oc=5","Reuters","Global","1779894815000"
"Iran expands restrictions on distribution of news content by international media outlets","https://news.google.com/rss/articles/CBMiqgFBVV95cUxQUTl5TEJCWGJGenFFUl9odUZ0WjFyWVhmR2lEUnJ3X2tiazNpSzRqUnJ0MG42YmM5WWd2LWpLZG5YT0N6UWNEZDJ6NElSUVJPS3hiMXA4MlI5OG9MZ044NktyRnp6d0FuVFU3aWNNSHFjaDNSeFoyZGhQRXJXS2hKZmhQVGwtRVk5T3Y3OGtLd2U4dXIyX0ZJOVFVQnFsS0FibnlBSzdOVDFKdw?oc=5","Associated Press","Global","1779894540000"
"Iran expands restrictions on distribution of news content by international media outlets","https://news.google.com/rss/articles/CBMirwFBVV95cUxNOWp6UmxuZDVHWXVKQlJiTHdPbnJRWnBnWjNYdm1nbHc0aU9IWHB4TnNySFpTQWpNcnZ4SmpnbUhnYUtVRFNoQmg5c0FNbFlLV3lWT1ZqUk5vY1g2SDYyZlF4ZU83VHFaaTl6V0NpTlcyMF82YV96VmVIcWJpczZlMTZwRHFDQ181anNvY2hEdTBpai1GVmZhRE1WdFNqWUhmeDZSNXR0ZFlqdGg5M2ZJ?oc=5","The Independent","UK","1779894540000"
"White House says Iranian media report on memorandum of understanding is false","https://news.google.com/rss/articles/CBMiswFBVV95cUxPYS00dFZkWi1KNEYyOWNCdW1oNUpvM3N4QUFtbk92anZiVUdSeld3clItSndNRkFOM1dGc2VqYk0tOHF0YlJGcTlxZnhZMXJqNkNiS3Z5QnIyWWlnZDNSQnFGUnphSEsxdkJGbV9qeDV3RWg5bjBKb3FEZE5MSmpuQk5IN2lhUTZLb3JGeWxhcVVHbkwyaE12b29MbUxnR2t6OVg4OWlzdEtTd2xQbmxGemFmOA?oc=5","Reuters","Global","1779894466000"
"Iran peace deal in chaos as White House rejects Tehran’s report of draft as ‘complete fabrication’","https://news.google.com/rss/articles/CBMipwFBVV95cUxOWUVmNU1mM1RYU21qY3g1ZXJMLTVNbDJ0SzNzR1U4QnRzdDk2NEVoMXprcHBYQVdjXy1xeUVsWm9lVmZhWnd2LVBMYjRPZHlQdlpSQ1gxVmNzaFBURkcxazNvaGs0LWw1Uko1R2txLVU5NUJlRWlGSTlWc1hBNWVocGE2NTN4T1FDREhrS1RQcWVzQXJqdkY0NWZ0NEJZTDVBUmUwaDBPcw?oc=5","The Independent","UK","1779894360000"
"Iran Could Open Strait of Hormuz within a Month if Terms Agreed","https://news.google.com/rss/articles/CBMioAFBVV95cUxPZFF0QldVTkVKZGk0ZXMxRDMxa1pncHU3ejFDbWFjY24wcEdEb3JvdjZvQjVTaDhlZmFmWElNRmduTExLMUZaeExNVUpqVHBuMGlTMU45WEVOVkNNekxwMzl1dHBGRDRabFdnUFozMG1tSzdLTmpKWTZJUm8tWnpKd3F4dk5KV2ExU2ZwbXl0ZlgwZF8xX0hGdkVlVGtUSjJU?oc=5","Asharq Al-Awsat","Arab","1779894052000"
"Iran deal should be judged by results not rhetoric, retired military official says","https://news.google.com/rss/articles/CBMiVkFVX3lxTFBKMkRjeFE1SjI3Ny1kWHlqWTl3RlNsYTliMlVVek9lbi1wYkdpeVZpVWRxTHFnT1cycXE0RnRQR1BrOFhEcFhCQkN2UUF6azhOM0Q0NERn?oc=5","Fox News","US","1779894027000"
"White House dismisses Iranian report of draft peace deal","https://news.google.com/rss/articles/CBMihwFBVV95cUxOZGxhNGdXaUloUUlubUN4SVhrVC04QWVTaDROdEJQZC1kQm9FVkEwYVNUZHhSNGxOcWZxVzJ3b04yeGlycTdHa0hNTTBydEFta2g5TzJ3Z0I5RzZzSWZpM21fQXMwb1BlMlNMaUxPci15bHRuSmlFaEQ4UFdRXzY3Skd5Ti1ySDA?oc=5","The Independent","UK","1779893940000"
"Iran could open Strait of Hormuz within a month if terms agreed, state TV says","https://news.google.com/rss/articles/CBMixAFBVV95cUxOYWJLNTAwYTVGSkZnNzU5aUtkM0RhMUpvdXBkN1FzSW52RVhEZG9TZzdMTEJlNnc4QWUzdkhrRkh6R25nRnE3dnpUd3FxYzd3RmluZ1NuZTF1WHlYZEJKV0xnQ3FHVVlZY3RyMWVKc1NVMFVYZ2NlUXJibVZGbjRrVDk2QVVjSU5GUFJNRXd0WnNlMkZmcFpiajk1SWNTblU5bUpfSmRqQTR0UUtUam90WHJaZDhYS0JCa0h5ZUdWenFSckVa?oc=5","Reuters","Global","1779893844000"
"South Korean vessel ‘likely hit by Iranian missile’ in Strait of Hormuz","https://news.google.com/rss/articles/CBMipwFBVV95cUxQc0UtSXVaWFo1TkowX3gyalRxaWFwZmZkOExoTXU1MldMM042ak8waHJib3hMcFFCdjJoTl9abzNqa1d0RjBIbm9DTVNiRC1pcU9BMVFzdzJjV0c2RWpXUDJ4SFZkaDl5YktkZERUSHVvemhXZnNUa2s4M2hPMnlyNVg2dEF1ckZ1WUVKclJ1S0FxeUo1Vk9ITlgtX19tWXpYOF94aVJhVQ?oc=5","The Independent","UK","1779893700000"
"White House: Iranian report on contents of deal to end war is ‘a complete fabrication’","https://news.google.com/rss/articles/CBMiyAFBVV95cUxPS0gxek1zYnp1dk9oazBDWGhCTlE3OWQzeVNVQ2xzamw1Rno3aXVZSHRiTXZsX2JKcF9pWjVwZ3ZwdFJBTkZlcGRGWVVIUUhXUlV6T1Z4UWRISndFYWZqZGFTVlAtUVE0d00yajVRVDRFVnZ0QjQ2eGgycmFaRE5HQXFQalhZVGdUT1c4aEdWd25pMUdRbk1qSGlqc0d0UVZnc1dXenNNeTVrT3VHZjgyMnhKS2dKaUtHMHNORGoxT29Ib0xJRnNIRg?oc=5","The Times of Israel","Israel","1779893673000"
"Iran, Oman negotiating new transit framework for Strait of Hormuz: Iranian official","https://news.google.com/rss/articles/CBMitwFBVV95cUxPUFlROENJcTNWTlJxV296ZXZJckc1Z0JDQ2l5dnJrc0hOd0l0RmNoOGlHV3pyRUJ6RThOcHpVdlcxNS1zWGVqMkE4aU9xY3FoYktTWkEtSi1Zczc5Yk5GZ1pzcmxBa1ZVajRCQ0hxMktPLVBDcTk4bDdNaVJHbk9UeWw0c2dzSFpPN3VIeVJNR29TcVhZZkJhZFFsejJ6TFBFdVhvWXA0S0JmRmU5MVhQTzlTVkNYSms?oc=5","Press TV","Iran","1779893580000"
"Iran restores internet as US talks progress","https://news.google.com/rss/articles/CBMiVkFVX3lxTE1qY1MtS05jMnZsVm9rSmtmRnpSQ1pCb1VLeHg2Q21HZmF3OVlfMHozem91eGFNMkFrSEFJdi00Y3dCQ2RLTmxRTmFWQjZzNFVlcGVfVEJ3?oc=5","Fox News","US","1779893371000"
"White House rubbishes Iran state TV reports on MoU to reopen Strait","https://news.google.com/rss/articles/CBMiowFBVV95cUxOLWQ5ZVdKTTZkY2wydlpHZ3JfQS1fNFRqcHRhMmhmRXMzRnZHbWJiSzhWOEU0U19QQXk2U0RaM3MwQWxsamRIRkxOOERxZ29jbW1nMFBVdzRud2pyRTB0OUJLeHQ3TWhaM1FxNjhZRGFlanRXbDByalh3dWIycHVQbURmR0x4Q3MzMlUtYkR5QzdaZDBnd0p6eWlObDFkLVRHdDUw?oc=5","Dawn","Pakistan","1779893313000"
"Ben-Gurion prepared for departure of US Navy aircraft if Iran ceasefire signed","https://news.google.com/rss/articles/CBMiXEFVX3lxTE13TWVFb2dHbnF6ODhiUHI0MXdGX2cwT19TdF9YbFBiY2pmVGxFdnZjbGxRVHAzNmJOWElNRWM3aExYdXlQTEJMcWZjMnNFdFdrNk14cVVpTGpqd3pU?oc=5","The Jerusalem Post","Israel","1779893290000"
"White House Denies Iran MOU Report, Paxton Trounces Cornyn, More","https://news.google.com/rss/articles/CBMirwFBVV95cUxQVGdzTDdNMDVUVG1YYl9mbVRZNTBnSkRaSG1TTzhaeWphc2dRUi1GakFudFhuYy10bFA0QTVfVGJYRC1TZkFhdDV2LU8zc2FFYXFPVlhmenozUDNwLTlBbW5VYnRvejJkOXRodElGa1FUWENpdTBQZ0gyLWVJSm5MNU1tbDdJeG1lWHp4ZzlfRkVicDBpZmVlczBFbHd1ejRnRk91M0w2SkNoRl9rRXZR?oc=5","Bloomberg","Global","1779892792000"
"Iranian censorship remains as internet restoration to create ‘limited' relief","https://news.google.com/rss/articles/CBMiakFVX3lxTE1NZlRmVkM1Q2JreHJQLVJpSWdvNGFnT2RxNEZ4bThNd3VvZjZHbWVldTY5eXRTZVpBU2ZLekdRa0x4a3NnVHEyT1FfVTcxOEFETEdsSWxEQWZFZkdmMXRDd0dhcXk1dWdkVXc?oc=5","The Jerusalem Post","Israel","1779892644000"
"Fire reported in customs office building at int'l airport near Tehran; air conditioning accident in S. Iran's petrochemical plant kills 1","https://news.google.com/rss/articles/CBMifEFVX3lxTE91NHpxeTBFUWk0WjNMYTdiUEd6WThJc1Y4NWwyQTY4RnliOFlzdlZuZnBtTzgxRklXTXl4bUwtR0ZvdmpjZTRNZEVIVjJhcjZ2c1c4VUhPbWpwcnAwRFFtVjR0V2Z4bVNzbFRibVEwUElMeFQzVFY0ZjN6ajY?oc=5","Xinhua","China","1779892590000"
"Oil prices slide on hopes of Strait of Hormuz reopening within month","https://news.google.com/rss/articles/CBMixwFBVV95cUxQbDhvRG8ydUVwdjA3bEpwd2JYUkN2R21FanlybUFHRjdXS3ZYZFJINmJ6WVR6RzFuZjdPaTJ5YzBBSEpIV3RfUzk0cmRGU3NQdm9uODR5QVhrRTNUZUdVcEREejZQdDA3QWtBY2FYd05qVURQcXZSUGM0SVRHd29XdDV1MGh0MTdQc0xabGctNFlGdUk3NGdFVUo2cjk1ejI3U21oWDlYMkl3dmJoRkRnaXhUWDEyUHg4NmhTSVpaLUVWNGE0X3VZ?oc=5","The National","Arab","1779892589000"
"Europe benchmark gas contract falls on Hormuz re-opening hopes","https://news.google.com/rss/articles/CBMiVkFVX3lxTE5QaTdzZnRvcGFqb3dfRXFReENFdXFWRGhQU0RBNUd3bWh5My1ac0hxRHBZZy1zbDg3bnlqWFZkUm5fNkJud0J1SU81SWV3SzVtMnV0VjNR?oc=5","Arab News","Arab","1779892337000"
"India's drug lifeline to Africa disrupted by Iran war","https://news.google.com/rss/articles/CBMijgFBVV95cUxPcXMwenRCT0xyQjRqWmdHYWZuc1dqNnFKWHNLMXJsZ0dUYnNsT0dWelozZUpxQkJlX3d0dm1xYm1JN2l1S3ozV0hCLWV0SEc3QWtJdGI0d2dHUk1UM3Bib1N5R3BTM0xjZTYxaGhBc1pYNG1XeGVwOUhwd3FmRHdILTdZdk8zbGpiT3lmYnVn0gGOAUFVX3lxTE4zZjNJSG5aZ1IwTGtKUEZ4bkJ2eEtoNkpzc2NiS0l1X3VPRmdJSjhCQ2dwQ3hsMDZuUzJkWm5NTlhqaHRRVVVBNU5WS0NYYUxubXg0WlN1NFI5di1QYlBpMHlVT25kVjV3Q0pmYkJwdUdaMmgwYzRlbXhlSUdlZEIxYzFBOF9WbmFVRmJvTmc?oc=5","DW","Europe","1779891905000"
"Flash: At least 1 dead, 2 injured in unspecified accident at Iran's largest petrochemical complex at Asaluyeh on Gulf coast: media","https://news.google.com/rss/articles/CBMifEFVX3lxTFBmYVVNQkpmcko5QUQzTF9VdGRtakFxbjhyNi1NSW5wOHh6bHZNY0huUlFrOGo4Um1QS0xaWVotMkVfYkdkZUNoMEZVY2VHV3hEdklIeGpzUnFVZ2FSdUJPeWVGRzQ0MEpJUEJXZlVmR1lIX19VZFhicE56cW0?oc=5","Xinhua","China","1779891885000"
"Russian security official encourages Tehran to pursue new global security architecture","https://news.google.com/rss/articles/CBMivAFBVV95cUxNc0FOaVVlOXdqSXl4WUE3QklnQW12SVZBTkQ3c0tHQloxazd5QlNaZ1o1UE5vd1lxLUViYU1Bd2lDXzBQbmFvLTlSQlBwTFdoa3dJNkZhemI5WFZSY3FvZVZKcjRoSkszek95YXNZRlN4VTNQNk5lRmZmRFhvRmVWcURNTHg0N2xhQ3N2amd2eFBsRjNPR09PZHBEaVNUaDhuNXRtdjlkbkZ2VUhoNzd2REhKb1c5dldVYlotcA?oc=5","Dawn","Pakistan","1779891858000"
"Euro area financial stability overshadowed by Iran war: ECB","https://news.google.com/rss/articles/CBMifEFVX3lxTFBtUTh0d3BHNnJfMUpOaE5lQUpETlZkVjFUQnNNckFrdzl3VVc2UXpBTF9YdllrVFNSUXkxLW0ySGxCM2tBZU05aFoyekQzR243MFF4Xy1xVEdTcExJemNXS1hvUE9tbEt2cVhfRzNEaGpVTEJHNnFicC02TVU?oc=5","Xinhua","China","1779891840000"
"Euro area financial stability overshadowed by Iran war: ECB","https://news.google.com/rss/articles/CBMie0FVX3lxTE1BN0tsNEsyVVJ1aVVyMERIRkhReWtTc0tFLWFqbm5ic0R1UkdBamFSUXU2QWkzYVcxWTFDQ0NNS3Z2UE9hZ3VTUVVxSDh3QmlsWkZidGNzUnBkaUFnbnJPeElSdEZKQ0praHpZcGNVY0xyUnFldUVlclFFYw?oc=5","Xinhua","China","1779891840000"
"A very strange event': Iran’s Hormuz mine threat may have begun as a bluff, former Navy chief says","https://news.google.com/rss/articles/CBMiXEFVX3lxTE1obWJZUlkyQllUaHdfYm1SM0wwWTI3MWgwVEd2aUZ5MHNBWmlfNUxVRnE4U0NNVVg0ZUZjTkVWdEl1SVJuUTVmVVZNX01fZnFaVlhaWFdXYndjRGND?oc=5","The Jerusalem Post","Israel","1779891612000"
"Tehran students welcome partial return of internet","https://news.google.com/rss/articles/CBMiowFBVV95cUxNYnZrQjVJMG95LTROak03THBYcXlmY1oxSUNOckNWVWhoNUU5cTlEUGJpdEZlb3M5U0tsUG9QYWl0c3U1MndXOTNMd0paamFDVDEzMDRwYTFSNTVCWHFWWGpuVlZZVUdzOEZwbGUzZVVYZktHLVl3a0NXX2d3S0FqcHZPdDJRNHZLSXJDU0ZYWU96QkY0S0taT19iV1dUY1pKMV84?oc=5","CNN","US","1779891420000"
"Oil falls as Iranian state television reports details of ceasefire proposal","https://news.google.com/rss/articles/CBMicEFVX3lxTE43ZTVrSnlreHJNMk5naGZLcDhGSWNZOC0tdWxYdW9iSl8wWDRFOE9xMlU2aC1FWVJuTXVTX2ptT0xUYXFZNEw0RUJ1UlVQbmV1Q1RWVWRpZlAtRkdETld0TnIxbXM4Q0JodGV2ZW1mdmo?oc=5","Financial Times","Global","1779891277000"
"Vance pressed on enforcement of potential Iran deal as talks continue","https://news.google.com/rss/articles/CBMiVkFVX3lxTE5rb2VYNXYwd09IYUpIV0NHUTJ1Ym5tQjJoTjV2X1pXaVZ3TV90bjVvWElCaEZ3bkNnY21pR0lvT0g4cENJbkFNRnZGb1piWC1NTnNDYlhn?oc=5","Fox News","US","1779891211000"
"Urgent: Fire reported in customs office building at Imam Khomeini int'l airport near Tehran -- Iran's Mehr News Agency","https://news.google.com/rss/articles/CBMifEFVX3lxTE5SNkJ6bG8zLUFVQ0JPQkV1bFNJeFJxbUFHQl8weGtKMzRxTmlSY0dud01BcVVpeHV1LWk2UVpIa0hmN2VNNFJFdkRvSjhackZucnc1NmF6ZGVHS2tHYUxCNXBCNWtVd0FDMVBUcE44WUFqY1JjM0V4RkZqbXk?oc=5","Xinhua","China","1779891120000"
"US, Israel root cause of insecurity in region, have no place in its future: Iranian official","https://news.google.com/rss/articles/CBMizAFBVV95cUxNdEgwdC1paEFiMEFqZHVSdWtOdEJhZXRDT2xsMUk4YnpWbmlqYnhuaDVJRTRwZW9XdE9HWXRIekdLckdWOFJZVEE3cXFIdXE4TFZDazVZNUhIX3ZNRmpQLVI5SXZIU1I5Qnl3NVJ5c1lXenFWZHNLNHVncUtPVzVCZ2ljYWdpdV9YSHhFTVNlUjNtUFEwdFpmVl82cEwwNmExaGxGNkxvX2psNUdWaHFlbGM4WXdrNGRiWnRXVnhqanBIdFF3UnBxWlF4X3k?oc=5","Press TV","Iran","1779890880000"
"Iran’s ultra-hardliners lash out at negotiators over US talks","https://news.google.com/rss/articles/CBMicEFVX3lxTFBTb0lrQy1GY1piVHJuT1U2b3V5MHI1WTZmWkZPYVpfSWNBY2EwZVA2V1UyMVQtWWJ4SlhIVmdDNjc4VkRQZ1NXdUZQenUxNjB3RHRLX1NUczhDWDU0MTFjbm9PUDBZZ2hCSG1NVklzSFo?oc=5","Financial Times","Global","1779890415000"
"Flash: Fire reported in administrative building at Imam Khomeini int'l airport near Iran's capital -- media","https://news.google.com/rss/articles/CBMifEFVX3lxTFBYeDJ0eGNSQ013a3ZXM3VZWVYyOUtJWUpsM29qOGhZbDd6cTNPUU1EZU04UU13blJfMVdFTzQ2bDFDOUJ5NHVOU21NZkxzcTJLM0tBZDVjLUxxb1FxcFdfYThVbnR2RHQxWVpmMVdjWFJoSXNhY21aTEJfRlo?oc=5","Xinhua","China","1779890235000"
"S. Korea says projectiles hitting vessel in Strait of Hormuz likely Iran-developed missiles","https://news.google.com/rss/articles/CBMijAFBVV95cUxPamtIZEFQalVKSjhMVzNSaWJZS1A4N2ZHaHBQblZkSm1lY2lkTmlSdG5Fa2wteGpxdDg5a0liaEtxcUhHUjh0YWZUdXdueHJuYTJuTTJsdjkwUVNmWDVwWjNaMGlVS2hfakw1V2hJRFRxaHI3NGM3Nkw5YkEybGx0cXIzUmxDbVN3OEN3dg?oc=5","Xinhua","China","1779890145000"
"Bangladesh seeks IMF aid: How badly has Iran war hit its economy?","https://news.google.com/rss/articles/CBMiqwFBVV95cUxPUEVLLVVaeUN2ak5HSTdwV180MGwzRkZra0FtdmtYTy1uYmNodlk2VDJ0LURsb2huaDRKUnpwOTRiWmc2dGpjaUVpbnpScVM4dlNHRlhvNDJEMG03MmRWdDBrM05MQVBOM3RtMEJjdjgwV1dIbTZuR1dMQmVkTU1aNnladmhQbzBnWnBaaVRleHBrV1FrNmo2LUl5SGFLbFgyb3B2X2Y4VHptaW_SAbABQVVfeXFMTUJfRlBETEFfWTh5TlBwUHptRzJTb0tuVWFHOXZ1bjZoZTc1ZXdxZWl0RFVXenM4a19CM1V2OThkVU9pYkhxMDRESTEtbDkzZktXS1RZbk9iQzFzNFk0ZnJ2VDlGSXZsY2kyNzg2Z05OUlVYaHRtQ0JpNzN5Q3pNY1RoNHBITUlHdE9zNnBNdkVMX2stMDFUcm1OVmYwYnYyNUM0NnE3QVdHZExNdEM0dzY?oc=5","Al Jazeera","Arab","1779890070000"
"Bangladesh seeks IMF aid: How badly has Iran war hit its economy?","https://news.google.com/rss/articles/CBMiqwFBVV95cUxPUEVLLVVaeUN2ak5HSTdwV180MGwzRkZra0FtdmtYTy1uYmNodlk2VDJ0LURsb2huaDRKUnpwOTRiWmc2dGpjaUVpbnpScVM4dlNHRlhvNDJEMG03MmRWdDBrM05MQVBOM3RtMEJjdjgwV1dIbTZuR1dMQmVkTU1aNnladmhQbzBnWnBaaVRleHBrV1FrNmo2LUl5SGFLbFgyb3B2X2Y4VHptaW8?oc=5","Al Jazeera","Arab","1779890070000"
"WATCH LIVE: President Trump holds Cabinet meeting amid Iran negotiations","https://news.google.com/rss/articles/CBMiVkFVX3lxTE1lUC1aWUJJdzFTRXB1V3hQREFfc0xIV01XS2JxWkdsWTRSeUZMZXctM0xrZzR5eUQ0bHAwNjhBV2VHYlI3UmduTmd0Zmd0czZ5UFpFaDNn?oc=5","Fox News","US","1779889882000"
"Treasuries Rise as Oil Prices Drop on Signs of US-Iran Accord","https://news.google.com/rss/articles/CBMisgFBVV95cUxQd214RVJwd3Y1dXNFOFFUWEZPTng3eGlpX211R3NhZ1luQl9BbWJmMXVLdURMdzBMOTdlMl9PZ3NEa05tMUlqTUlGRUFXYkZaczVEMWRZb0NNR0l6QWdhLVpBbG81OFJ3WjF4V09RRmVTdzlSb3RSYmF1OU0tbjhqTGZHRUZFa0xrUkF2V0FmakUwZVI4R3h0Z0FqR0g2UG5tYnA4UTRQRmNCdnFONFdvV0tn?oc=5","Bloomberg","Global","1779889680000"
"US will need years to replenish stockpiles of advanced weapons used in Iran war, new analysis finds","https://news.google.com/rss/articles/CBMipAFBVV95cUxNUEIyTDhfQlBZamtzdDJ3cGgzUjFGcmVyTHVLU1U3TE9TalpMMEozRE9yNl9FdlpxVlRVMXJac3lhWnVxbGRsUFJZU0FpR09zSGtQWXBkMzNwMko3R3dYTTZhVC1tdkg0VFRaOXdJaHF4d2ZkNEJtX3RUcGJGNTQwMWUzN1lQaHY2RHBxOUJ0X0VrVUI3Yi1vZ0xKT09Yd0V4TlQzYg?oc=5","Associated Press","Global","1779889560000"
"Iran War Pollution Spread Across Thousands of Miles, Research","https://news.google.com/rss/articles/CBMitAFBVV95cUxNMDk0NUlUMndiRlRDalRFU3ZvRFRBbW9KRFFWMmpIcXl3b096VW1fN1laTUZzcFpUOWE3M2hkUG42bjBuejluZ2RPSlA1Z2tudzFCLU5VVWVtN2phaGc4NktkSW1QR1VkLXdjMHFMTlVySkd3cXJFekozd05YbFctV05zMERNWVBVdFBoU240QWlpb09VYjJUQllpTlMyazFURWFoc2dpTjRGM0tHUlkwSXhQWms?oc=5","Bloomberg","Global","1779889487000"
"US Stocks Drift as Traders Weigh Latest Iran Peace Deal Reports","https://news.google.com/rss/articles/CBMi0wFBVV95cUxOWVpiaFlSOHlTMk1kLVl3WXlMMk5SNXR0NGl1LS1rVFBndEZQUG9UWVh4cjNyNVNVOHJRcXBaZC1xZXdVdzJlb2w2SUc2blV5OHoyYzdzOFNxV01rNnpFNi1kSjE1b1c1Zl90UC1yUUVEMUYySlZWYV9TTXVfQnk1cEd1ZDE0d0ttRVhsalFIcVpOcDZUSkI1UjY1bDBRcVVlelBGWkNRb1pyRDl4NEdmSV96Nm00OGtkc2p1ajA2Nzcya0d4WVNRZ0VneTRHa19PdkJv?oc=5","Bloomberg","Global","1779889344000"
"US will need years to replenish stockpiles of advanced weapons used in the Iran war, analysis finds","https://news.google.com/rss/articles/CBMi2AFBVV95cUxNVzhQa0NqMEpxNFRYcU9zS0Z0ekR1SUhpaDIyemNZdUFFQ0JHcU9yc0NzTDBtT1lxZkZleWNkZ1hiTVJwNmsyWGk5R2I4dmZtMzU4UWY5TjJZcWc2a1JnSF9DR3d1STUwNlhYU2sxN3RlSjVObWpZLTdOZy1BQXp5UTRpUVR2b2RhNURVbEJOTm9DYUl5dWhWV1ZTdHZROU9Ba0pPNndRZEdGQ0tSMU5LZVZMa04zTERsX3p3dzc4Q3pldFZlZ0tzMU9CX3ZQWnd5UExoSlNYdGU?oc=5","The Washington Post","US","1779889293000"
"Trump hosts critical Cabinet meeting amid Iran tensions and economic concerns","https://news.google.com/rss/articles/CBMiVkFVX3lxTE52azkzYzJYRElpYjBzdldZTXY1R1ZiTU40R0dNUi1tdFdvSGQ0cGVkMXNOS0gyMXNqMFBmMDRzV2F5UzBSNzQtZjJqU0owa3l0OFRLZERn?oc=5","Fox News","US","1779889197000"
"Stocks Add to Gains, Iran Reported Draft MOU, Trump Effect in Texas, More","https://news.google.com/rss/articles/CBMirAFBVV95cUxOVWt0eW1BaWZUU2FWbUhaTjJyVjdxYXlKelRyQjlBTzR2ejNVVVg4TExSTEI1emgxbDdNS1NWVDRfYW5sUGNGMTJDR2t2NmJiVUo2VGIxTGwxUmFGMTNDRi0zTmhQcU9IVVRaR1lWeWJWaVlrQm5iRWRnX2Zpd2h5Zm1HX0dISlVsTW85cGd1amdndU1FeTRqR1VZTmdjUkswdWNuNUhOZktaTElf?oc=5","Bloomberg","Global","1779889173000"
"Oil plunges to $89 per barrel after Iran reports that peace deal would reopen Strait of Hormuz in 1 month","https://news.google.com/rss/articles/CBMi3AFBVV95cUxPZ29Va0kyM2FHWlJtd01tM1R2V200ejhwVU1BYTJuTngxbS1ZdzVhSERWMEpTMUNmc1BVNGVvRW5FRGhfSFZwOFdaaDBlaGdYWkhoQmRmR2tVeDMzVlZFVzVUYldiaG02OExHWmhEdURxU0J2QzBmOVZjS0NCVEdhQ0dQcUk1SFA1eUprTHVwR2RoWmwzeTVpRlo3M3FHTzk3Nm1zVEJycXNXUzF6RDRBTVhfTnpWQ0l2aVZvSWdybWpZbkhUUzlkQlNfMHZyRUpZZzVhVTkteWl2YTF4?oc=5","New York Post","US","1779889080000"
"The Latest: Trump will meet with his Cabinet as talks to end war in Iran remain in flux","https://news.google.com/rss/articles/CBMizwFBVV95cUxNamVud1hadEpFbklqVU9YUE0xNWVNNUxmamM3ZkJCcFVlUUxVR3N0blFYQmp0b2xjTnZXQVpLS2lRalRqNFBlbWt5ZUdRRzljcHVnbHE4RTFVVjZqa3EyTndLMWlMOFlWOE9xTDhoYXNaSjU5eFJQc3dzNzdkLUlzOUt4WWtBWEpVcW1NdGZRYnhQcDNrb1ZURTBfRWwxLUJscGtoRGdfT1RMaHBKWWdfanVXM2RBck4tY3BKVzNwbGpKaFU5cHdCT1Y4a2hNcjQ?oc=5","The Washington Post","US","1779888704000"
"Iranian hardliners angry with Khamenei over US ceasefire negotiations","https://news.google.com/rss/articles/CBMiakFVX3lxTFBTR21OOEcxS2pqalBiUVNZRzZyU0dDN0NfYi13R1E0MDlodnVLNDZMeXpHXzNZYzhxZkxJUzdLb1pZMlJIRERRQjVfV2dUZkZMLTRlZ2pSU3NMMTdsTnl6Rjdoc0o2TUdwM1E?oc=5","The Jerusalem Post","Israel","1779888698000"
"Tehran recieves initial MoU ceasefire draft","https://news.google.com/rss/articles/CBMiakFVX3lxTE8tb01NaWt3UWdKSU14Q2wtcGliRDZNTkZySldVQ1BPcjZkX3hkdFloaXExQXFUWkFObkkzZEtmVjR6S3FvYkdWRERsQWJ2MklFYU1uRkVIc2k0VTNoSzFrWktqcFYya2lxMHc?oc=5","The Jerusalem Post","Israel","1779888452000"
"The $24 billion of frozen Iranian assets standing between Trump and a peace deal","https://news.google.com/rss/articles/CBMipAFBVV95cUxNLVNDQnotd2JzWnRfcVZVeUNVMjlhYmt3aGoxYklWekxIdlp5RndFRExobUVFbDN3TV9RRW1zeWJ3cXBsZkpxcFdHX2ZIS0ZIYkMzM1hwMHNHa2M5TUFhTlpSS0NYck9GLXIycnJlMDNjbFdvSXdsYmVwRHM3a1lxdmRNQl9ucnNiVUtiRzlKUkNTNTZtUl9QMDdpU21MOXVLRVBycQ?oc=5","The Independent","UK","1779888180000"
"Germany hopes for heat pump boom amid Iran war","https://news.google.com/rss/articles/CBMihgFBVV95cUxQZnc2WEV3a0VRLWcwbG9sTW5NRE1iMmktYmJPN1o1Z0lCUUl2M2pCSXJjR1Z0ZTBEdFdfbDFOZFRFR0FVUG9YbDZEVi1ReEp6WWpQRVF6QTdWNmF5OGxYRklmeXVCZnVzZFBrczd5NEM0ZlpIZW1pc01sM01VcEVqVDF4UnU5Z9IBhgFBVV95cUxOaHltaFZwMFNJOF80UzV1OHhIam5raTFLclNOY3hyanFPaUxUaDN4QThyYkgtSUhoUW9jWWVJbW1QN1A2WF9GSEM1R2h4ckhTNnVWTGZHY282VC13OEE2eFNWODgzMnJKMlZkcHNtM0xRZ1M3QzJzUkpwdEJSdWM2OC1ub01fQQ?oc=5","DW","Europe","1779887782000"
"Iran Says 'Low' Possibility of Return to War with US","https://news.google.com/rss/articles/CBMihwFBVV95cUxOYnExSTg2TGl4R2pLZ3p0UWRZUWlnNWRzX0tUTDNyU0N4ZkNjS2kxelkzYkRqUkdPUktsZHdNSTgzcHZOVGJHYmdQNG1OcDNZM3pOcmhPTFJLSlVjY0lIbkNlMlBvNE82ZnhFVzY3dGlHUVBtNFA2S0xvWUE0UzNGR3p5VGJQeUU?oc=5","Asharq Al-Awsat","Arab","1779887705000"
"Netherlands deploys minesweeper amid Hormuz contingency planning","https://news.google.com/rss/articles/CBMiqgFBVV95cUxOam1OSXFIb2plNnNleEdVRHViQ1c5aEZNV3ozY3JBN2VqOXE1SGUwQ1MxUGFOYnZnbFlMVXFDbE9raG9kbVRTd0k3V2pWNVA3QzRnTzluZENqbnJvaGlUYUpEazNncDFQQ1B3UHlrdkNIVEJIMmREbDlvN1lxNS1VbTVqajNKcmI2aVJDUkpRcmo5OU8xUEZocU5nVTE2TUt2aVhkOXpOOXNDUQ?oc=5","Reuters","Global","1779887682000"
"Netherlands deploys minesweeper amid Hormuz contingency planning","https://news.google.com/rss/articles/CBMivwFBVV95cUxQU0I5dk42MUx6OXBYSW45eGRTMTkzUzh2X3o4LWhOTy1MeGZYWm9OYkJ2RzRFT3NnOTR3Zmk0bjA3QzZ4OUlpa01mNC1pV3ZES1hIZzN1M2t0S3pjRjhob1ZNRU5DaHRhWWp1Si1UU0w5NG8xSEh3S1pnZHFjM3cwaVdRZFVVajJwUjd4VHFKa2ZGOENKak5MSnE2aTFTM19KRVBnakxLN0k5Ujd2ejI1R1h0cHQzb0tHbGx4S3QtMNIBxAFBVV95cUxObWx3Q0xkaXJkaXJMdGxWeTI2Y1NJd1R4Y2laYV9NYzFhSmYtRWdGOEhkSy1saTJjSG1IZ2xfcnlqUmZiRXZYQldwdG12SUNoNnVqMTdBbXlvWkotOTBlOTZKOGhQVUNLNC1icVBGbXU4S1l4TG82amdsdHJJOWo2YV9ZYkIwcEVKckdpa09ZamV2UWpQUVRrNzU1WENtRXJzZWRuNkJHNV9FREVNUVM5NDV1UmN2Njh3THNYajcwVW5YX1dB?oc=5","Al Arabiya","Arab","1779887640000"
"Iran, Oman in talks over new framework for transit through Strait of Hormuz","https://news.google.com/rss/articles/CBMirAFBVV95cUxNN2VKT1JNZUZob0FuZFgtUHI0NjNTaGxVOFNDR1g0bFBmTVU1c0ZqMzRsdDRIQVV3akFYMDFqMTdwcjV2NGpUODlSSzRHUXFva3FZUTFJcDRLVU44RkJfRkdVaGstdHkteFVBSXZ3S3lEbHB0cFFSRElneU91Tnl0S3FGUzNrR2ZWZ2tHd3hvd2RyUlM5emJLdTVWMkRGZG9VM0Z0WXp1ZC1lb1Rk?oc=5","Dawn","Pakistan","1779887196000"
"Iran crisis challenges connectivity across African continent","https://news.google.com/rss/articles/CBMiWEFVX3lxTE9FbWhfTkFzbFZ0SmYxc3IxMFNxSHhOT2dvZktiVmpVZWI4NDRGb0dXTVNpZXd6YmlFQkU5RGQ2NmdUalFIdVZqQWdtOFFrZmRQZ3JkVmFoN2Y?oc=5","BBC","Global","1779887166000"
"Video: Iran Begins Restoring Internet Access","https://news.google.com/rss/articles/CBMilAFBVV95cUxQZUt5M1I0VkdoT1IwcERxRXNkSTNRbnFyNHVBdHdSNGxSUXJNb0VIeDFyUjVLUk5UeXE3eE5TcXVfSmd1ZmFld2pGR3JuWWl3dWFHVlZnRkhKdkowM1VNY3BxMGNzQXZac1kwV0ZLYTFWTENpSjRnaEFxNzEtTko4UE9NbEpIc3I1MVFKazZNeTNKZW9R?oc=5","The New York Times","US","1779886755000"
"Israel receives first batch of KC-46 aircraft from US, boosting options for strikes on Iran","https://news.google.com/rss/articles/CBMiXEFVX3lxTE44QlN2SThNa181WklOMC1xQjRFYzBlYm9Nbml6eXYtaGFZcXVyVlpscUNHb2l1ejNLbEhGQVk2S0RwcXBpTE5JUExxdDdybnZfVDVQNk5lUVNHMU92?oc=5","The Jerusalem Post","Israel","1779886684000"
"Urgent: Iran says draft MoU demands U.S. withdrawal, blockade lift for Iran restoring Hormuz shipping -- media","https://news.google.com/rss/articles/CBMifEFVX3lxTE90c1hCV3l2SnlsWWJVYmZYLWs4enZxTWY3aHFuWmRjTDhHR05sUE9PTUh1Mlk2M1dzSC04Tmp1cUhuTEhzSlltTWh6NUlEWU5NdUpSUkFoN0JlQlJDa0tRX1BkbDJsYXd2VThVeXQxaHBfWkU1TU1GTE5fM08?oc=5","Xinhua","China","1779886620000"
"Base Metals Advance as US Touts Progress Toward Iran Peace Deal","https://news.google.com/rss/articles/CBMitAFBVV95cUxPUDg2ZUExa1EzQUtFWWp6RGFvSmV5WlM1Qmx5S3JRbXNnYjlWcm9tN2ZuTTJONGFabXgxSy1VRHVIamFLSlJFOHBOU1JiYkk1NGZPWGxVWWduQ3BTRGxmNE90d2t3dXA3TllaOHJKSUoxVldYcVRPdTRkMm1heWlwUm5YdzZUTWw5eGZndHVlZXdMSWRyNkFCTTRqZ05nV0Z5akVQcDRsenF1eUM2cG5rS3VMU2M?oc=5","Bloomberg","Global","1779886594000"
"Iran leads world in science papers per research dollar, outperforming US and China","https://news.google.com/rss/articles/CBMiugFBVV95cUxOTEF0WHNNN1FzMGhkMWlvSExSTHN0SmZLRVpmOXM0amV3VnpGZ0FGQTQtb2NJam1JUjRPX2hzTDlkcEJiWjF5MG1Kb2VjNmh2UU5nQkh1TjJXczlEWV93SF9RQWVwZGJ4UTNteVptc1k3bmRnSVVjaHB1ZC1ZTUJVdXNSUy1uRlprdTkxTll0QWs0eGZwOTVCOXVMekQxWVdXV2dWQ01XbGp5THdRdWx3M3RjTVNTVHExNXc?oc=5","Press TV","Iran","1779886560000"
"Iran says it received initial draft of US framework to end war, reopen Strait of Hormuz","https://news.google.com/rss/articles/CBMizAFBVV95cUxPdjdHWGNnV08yQXZFd1lfTC1panM3M0VrYlpUTTgyeWptaDlfcGQyUkJKd3JuUThrVUNrTlB4emdQMzFZX2VMT2hoRUxrT2dfby0zZUd0YW9jXzBDbFptYkg4dDQ0cGFoS3o3SnpRUlU5bzNlaHJIWElxX2lMTDAxS1BlU3AzSzhRWmo4RVBKOWZST3Y0Z3BaWnBqamlHSVRfb3VQMm94VFhzYS1HWXJYMWU0bjNWQmdrMTFsQ0Q4QWJLT1FxdE16R3F5WmI?oc=5","The Times of Israel","Israel","1779886336000"
"Hormuz Flows May Return to Normal Within Month of Deal: Iran TV","https://news.google.com/rss/articles/CBMi0gFBVV95cUxOTFFTUTR3TDAzbHpHNUtVblVaOWtvWWt4alZaN0lUalhSbUF1aURkWGZ1MXlGbE42MlJuS1lHTEdkMExET3NienlQamRJYkZOcTJ4dVE3Ul80RWlaUzZLeHp6Yi04UlgxU3pGQ1hGU0RuVGY5RU5JTXhTbHJUaEZJY2dNOWlmaktSdnB2OU9IR1RtNkRFQVQyckVvZTVRNFV6NHoxMWVTS1BaVUVYMkZQcENQaWVvRURfYTZqZXk0ZlhIYU1USnAzRUpmeUdldG1nWlE?oc=5","Bloomberg","Global","1779886258000"
"Iran claims to obtain draft deal with US to reopen Strait, end naval blockade","https://news.google.com/rss/articles/CBMirwFBVV95cUxNUlNHM3NScWpUVUs2WER5X1hmeWNXeXJ1RlRiUUh3Q3g5RGFvWElSU0RQNm5VTF9GMW54S3NkbUtLNWd4bDNVZmY0VWpyVE1jdkE3NTk0UUxaZjNCR2lySVY3Y2U0OVNSN3c3OW1wUXV3RlkwT0k3YzljbFFKR2xObFVDWXZWNm40cDhDQWZmQWNWZFNqakEycmhKd1FmUm0za1ljSS1RMnkwR3dzdkVF?oc=5","Dawn","Pakistan","1779886256000"
"Europe benchmark gas contract falls on Hormuz re-opening hopes","https://news.google.com/rss/articles/CBMisAFBVV95cUxPbU5aT1pMTkNCWGw3YkprTEhNWnp3NEhhZlAzY292dzdFNU1tVVlmVkh3UHphSHc4RUhhMVNJSlhvcGUyVXRMYUw5SzZxYm9Ia2s1X25JOVJIemRjVUduLUtNTzdJc3VXM0hnR2FzbVYwUUR4b21MbjB5NE42QU9iZGJxWUwzNFZCM0lDUC1nbmp4dmJWZVpmUE9SZ2lscUhmd1JBZVF2YkZDdWQzeTdGMg?oc=5","Reuters","Global","1779886063000"
"Russia Boosts Crude Flows as Kremlin Banks Gains From Iran War","https://news.google.com/rss/articles/CBMisgFBVV95cUxNOHFLa2dsS2tkbUQwNTlSc1pxdE5jUl9SQTRYMmNJSy1ZYjhVSm1nX0pIOWJfMnNKc1BEV3lLS2pfM2NsRnVYQmh2RVY3RTVmTEU5c05uY2F1LW5TUUpPaDRNcVFwTzdnOUc2TVBhSmdvMVhaWC1Ia2Zmdms2UTYtSWoyTkVFWGQ4bmY1X3p2U1NMd3k2Wm9nMmN0RHBITmZ4WnpyR0hTRG9zTk9EWlZvZHV3?oc=5","Bloomberg","Global","1779886035000"
"Russia Boosts Crude Flows as Kremlin Banks Gains From Iran War","https://news.google.com/rss/articles/CBMivgFBVV95cUxNUVdVSXh1VzZYTVkwQmZmcWF0UUZzVk5zOFRYNDRhdzdTcFN2VGxydVJpa0NVbWJTcm4yQ0hmMmMzZnpyck1mbjZKcFNodUJOWHYtMUJGV2R0SmtRQWRfRUR0RzZGZzhnRHI4STBYQVZ3R05ReGpGa2Y3QWtGZFVOQVE1WTdIRnQwajhRbi04WHU5RnhjTHVXR0VHSUMxX0NIdHdEYW5QeGNjSlladDR0QlFjWWxMSUxLY294RlB3?oc=5","Bloomberg","Global","1779886035000"
"Reported terms of Trump’s Iran deal would confirm the war as an epochal failure","https://news.google.com/rss/articles/CBMirgFBVV95cUxNbWFDYlFUek94YzlZZzZJdjJuZ3BmWWstTWo3TzJXWG9HZEJyYmUzczNQalBJd0huYXI4VEdlVnVXY01qZWg4eDA5elRTZnNfYkxyUUQ3N3ZtT21FTXpILUtTQUtSbm1Qd0dkQ2gzSXZMZnQyR3J5bThlcjR6ZlBsTXRjU0UyWG5kRGRxZkNSR3lhTWNrR0xtNTVvVFdfNks4N1hsQWQ3VWVnR1lTbFE?oc=5","The Times of Israel","Israel","1779885608000"
"Flash: Iran says draft deal would reopen Strait of Hormuz, U.S. would lift naval blockade -- state TV","https://news.google.com/rss/articles/CBMifEFVX3lxTE5mdERFY24yOURxWnI5LUJzekZ6MmFLcmNlbzFfX3EwNnFWVC1ob2lyalBBY0s4TUs5T2dQUDlib2RvQ3NYUDNGeDlfZGxHZngzc0pNZDZxMGNLWC1VOVZMaVFLQmU1LXAtYTVUMi1xMWFDMGJkRVZ1MkhGRkg?oc=5","Xinhua","China","1779885600000"
"Iran says draft U.S. deal would reopen Hormuz shipping, end naval blockade","https://news.google.com/rss/articles/CBMiwwFBVV95cUxPVHB3ZTljSEdNUGlta055MjFRSDNTZGg2WkZmWjdFOUZfRC1Xd2Q2V2FSWmRxd0xPSTBGel91Um5yN3BHRVhhTURxcUFZTHBJckZDU2hvenpkbWg3aGY3cjB1VERORDR6Z00zTEdEbzB4SlBhUG11UkpkcDRTT2lpZmZxNVoxaXNDbHJWUHdkT0Q3d2VqZHFraUY5alIwcGY2WWEtVV9lblgtMy1GOWRIVlU4eVpzU2s2dzVPZFltZC00UXM?oc=5","Reuters","Global","1779885418000"
"Iranian missile likely involved in attack on ship in Strait of Hormuz, South Korea says","https://news.google.com/rss/articles/CBMiakFVX3lxTE1tMjNELTN2YVN4RFFTWEczQV9XaFBXOHVVV0I2X3JkdFJ1dFItSUNIOGZNTUwxdUxJYnVjMmJJaDRLN1dYdUpieExhZDVNZWtOY2JQN1RDcldqdHFGYklXanJEMmVjRmhHRGc?oc=5","The Jerusalem Post","Israel","1779884801000"
"Iran's internet blackout partially lifted as economy faces turmoil","https://news.google.com/rss/articles/CBMiVkFVX3lxTFAxRVZqRHdva1huQjBlUFp5SzZGaENEZTc1RkF0cVFmdkRJX3ZkOFBQamh4N2hWZ1JkRzdwdEVHM3JnRW9tSEJFaWwyOHBpdjk4MUNsMjNR?oc=5","Fox News","US","1779884147000"
"Is Iran playing for time?","https://news.google.com/rss/articles/CBMikAFBVV95cUxQT0tjbDBhS2xxbEFsQnVsUzM0VjF2dV82LXV6VGZHdzhmVmljQmRPaFhrMzVsd0t2RFA2Ukd6WkhCUThSMG10Nld3ZUNTOFR4Z055OGJSX2ZNVFNPbVJwYi04RlVhOHNQc1pqTFJnMTllQ0h3Y2JjUWw1bW81Q3RLSkZ1NUhGX1VBeGxTbS15eGzSAZYBQVVfeXFMTkpmNFVac0J3X0QtLW9DYWM2N0hLS3ZPTERiN3hITndXOU1XN2xUVEV2dlBsY3duY0M2X2t5XzNxNXNCaE02dmxfSG0xcVBYVWU4VW1zNnp2NEVQcWRteXZOOTNpNlN1QjhzNFRQMkF0azJWTW55MHpPYUlfWVNlT2VzbGVQeWxsSHFhX01BXzU4QXhwRVNR?oc=5","Al Arabiya","Arab","1779884040000"
"Explainer: How will U.S. military attacks impact peace talks with Iran?","https://news.google.com/rss/articles/CBMifEFVX3lxTE52S2Y0ejhrSXNRcVJCRUtjQ1NaZV9Ua0ZPQU9KUlM3ZEx6QmlGbkIyLUZkLURoYlpRUjlXbDFnMS1lYVJpSFhYMjc1cXgxTTF5RlBra2haX1JxR0xjRXZHSHE3ZHMtR0tUdTVSMTJmSTB4OUp1akRvZkV6Vmg?oc=5","Xinhua","China","1779883698000"
"Can the US or Iran Win Militarily?","https://news.google.com/rss/articles/CBMijwFBVV95cUxNUVdVUVNYYjFGd1dhb3puNzlQWC1jV1dSeDN6ZzNnaWg0RXBhTGxGZzd3cC1uY0R2aGdGZXc1V202TXZaLXRUTXpQMnVHcHlpS3U0amhxYkh6eW56M3daWENNOHB6TmhleEtBd3RHSG5KOVh4cGRoUDUyb0RLdC1jdjBIeWJWZUxMQjAxMEhnZ9IBlAFBVV95cUxPSHVRVVRBMTNsZ0pUNC1DX3BFV1g4NkpVSzBJNkkyY2RJdWF0ZUVPSnRHUUU5d3ctSTNWM183V192dkFXWWo0S3hyWGg5YldTaUJtWVRRVGFoMDZ1VnQ2dWttS2d0bmVPMVpTTF9WRGY1LVpPT1dCT21iTjJrd3VNdm1DS0szQ1Vzc3NMZHNPcGdIOTNN?oc=5","Al Arabiya","Arab","1779883635000"
"Retired four star general & former CENTCOM commander reacts To lates US strikes on Iran","https://news.google.com/rss/articles/CBMi3gFBVV95cUxQZFZUaFFrNk5zQjdQRlhQQnlQRm95TE1vM0RlaUFSYVpuOWh1VU5McG5kRDNGR2kyel9rRkV2Zk5MR0U3SlZWQkRPVmNFRGRRU0xZVVIxN2pQSHNMN2VmWUpwQWVlQ3Q5NGJoemVWSEItYUZzbDJ3M2tMYnpFSVFLQWJ5MjZ1cGFmdjMzbzdyZkRSOEZLeGZPcEc0TkJUTmpSRFlITzJYS3ZTTENYTnFsZllSMU5PUDZPdlp0MkhIbnhqM0g0SWlybnFLMzlpLXhkaTd5TjhQY3lpN2QxQ0HSAeMBQVVfeXFMTkdrT3VrWEEzR1lhSVh3d2V2RHF4YkVuS184RGk2WW9jWmFLLWQ1R1oyTHVxa1llb1RLNGNsZFkzZmg1ZVhUYnFTd0dENDlFWnUydHlSd1pwendxMGFLWWJHbmFWMEFYODJnM3FIczJxM01NQUJ0ay11c2NzbHJxRlF3NWI3TEV1eXVjRkh0WUVvc012MDhGZE1uZjVLbllhRUY1TWZxbnF3RHN3QlFTd1lCbG5ydFdHbkNTLThvNWRFRmRKZUQ2dDNoel9zc0lDSkwzd1ZGSGNxeGxTZE5WVGVLNjA?oc=5","Al Arabiya","Arab","1779883440000"
"Why Iran’s regime did not collapse - opinion","https://news.google.com/rss/articles/CBMiV0FVX3lxTE5pcV80UWZVODF2dGw5OFZMOW9JTEZrSTU2eDZGRVBQQ0ZzYXVubk05emdjcjQtSFJTQjdEcFM4UG15ZHE3amViZXVmd3M1S3ZCZk00OGpNaw?oc=5","The Jerusalem Post","Israel","1779883200000"
"Iran rules out negotiations on its enriched uranium","https://news.google.com/rss/articles/CBMikgFBVV95cUxNZFpMeFZpRDVnLXpTMS0tREx6clRQdW4wbjR1QUtiVHFzZkZ1YVNRVjhzaVI5TnZVUTJFT2VMS3FFNjB3UnpsaUxlMlZnZmtubWlLMjJhMlFBdGlSNGx5NEREczVlc0huLV9zNWtNWlRKbHNMaEhyRXR5M0NDR1hPanNPWWJCNFBuUXZoMEUyOEdiZ9IBmgFBVV95cUxNRVJFZ0NmeFBEeTluOUpFVW1iS2kwczBxS3FBLWNUMEpQTDR5bFR4YWNOR3RxbWlfUElkbDhYbWlzUUVyeXJpcm5od09VZzlxR1AzV1F5aTdlRjlkeHV3ellxci03WWkxY1ZFaE5rTENfa09JY2tpbFo2eF9wcnV6WHhSZUEwdkRQd1dRNG95VmxETzdpOU5xeG5R?oc=5","The Express Tribune","Pakistan","1779883154000"
"Trump’s former security advisor: ‘Now’s the time for regime change’ in Iran","https://news.google.com/rss/articles/CBMi0gFBVV95cUxQOWJiLUFxbXR4NGZfU2xzNW5wRENpMWFRUkJrRTNuWlFjUXRnTlk2ZmNobFVSNE9iWmUydTVUZ1lPRzJBMnFTVnVJRjdNQTVzTEV5QzJ3bFJsU0tDaXU4bTBjaXFZTk5ycXRSRlE0eHhIOVNwa2RzSm5naEs1TGhYNjZBeEsyWHVobkxVR25CZ0lxWTlXOGxJZXVUdWVOMVBHVmRiUG9hUVUtVzRYNVpPQ1ZiWC1FbG05a2lyRlVhX1djelN3S2N5MjR4SUdDQmVCNnfSAdcBQVVfeXFMT180cUo2SjVvSmxRa1ZhOGdmYlh1LWhpVWxfbGd5SFFTbGtCSzNEQkczQ2RtUFVEX0FOVjRBYmFOTWRDVWVYa09YVGxMVWlOYVVPY0tsbGtzc1BLZWNaamNzUFdGdk83X1B1dEU0YmxCSDNDR2lvVnVJWnNCams1MmZibTBXaFFmd2ZnZUY2Z2k1ZnViRUtkRXVxY2JUN2t3VC1tN1ZwRHV4M0d2VjNCdnYxWVotR3JsYTVzaEdMR1R0TUYyZ1BSRmNITmcyMGxHYzN2cmM3UTg?oc=5","Al Arabiya","Arab","1779883140000"
"How have US strikes impacted an Iran peace deal?","https://news.google.com/rss/articles/CBMijAFBVV95cUxPNG9zOEhQTHVXaVgtWDZ3aXpmcjd5VldLbk54S2c4OHd5bmFoaHFCWEZXVzNnMlF0bjdBVjBCWWZFU3l2SnJTREx0OEw4S005V0NSWTA4NHpha1FIMVBqRVNDX0NaXzI2OGJFakd5NTlyWlU2NmYyS094aWhoQW9zWDBzX3hyZThIRmZDdw?oc=5","DW","Europe","1779883125000"
"Zamir says Iran's military capabilities largely 'destroyed,' regime has been 'significantly cracked'","https://news.google.com/rss/articles/CBMi1wFBVV95cUxOSXI4b3ZHaFdoOFQycV83VUdLRERteG5mX1NlVXhvZkdVbElQNWxCS212YmZPNlJtUEJoanpYQUNEUzBHUTVaMDZZRzZvT2tSS0xzTVFWTWZnbEFrZmppTkNJSFNyYks5ODBNeTkzbWdGS2NXVTRHc2g2c3VDRDVLd1J5MXNSOWFpdnRBR2g3cUlrOVRHTXJCc0labTk0blVVVS1PenZNbk5PekN2M2trRkxRaTlLSzV3cXRaa3VDUFEtMzBLdk5iY0R4bUxsZTI1cDJ0ZVozWQ?oc=5","The Times of Israel","Israel","1779883118000"
"Iranian missile likely involved in attack on ship in Strait, S Korea says","https://news.google.com/rss/articles/CBMiSkFVX3lxTE5rb3ZpQ2E5LWlrMlFGNXNmRHFyTGx0WU9QbUNVeXRQd2FybTJQX1FfMWFITUFEVDQyM0I1VTM3c0NXX1VDLTZxVnl3?oc=5","Dawn","Pakistan","1779882921000"
"South Korea says ship attacked in Strait of Hormuz likely hit by Iranian missile","https://news.google.com/rss/articles/CBMiswFBVV95cUxQN1Z2NGVhb1VsWnNNSkNDVTYxZkllanNxUVJEa1lZVWRUNnVLRnEzYnBnOGZUMW14d194dE5mTHlDdUx1WlVoejAyTE1RSGJTTEtISzdoMVZFc08tZnZZRUUtUnZySVV2NzJINURIQlRleGNrRzd2S3ZpRVdTYUlmc0VjS0pHd1JlaWVGbTc5STRQVHFkbUtmWUdFMU1IdjJPQzc5aEhXZi1xV0h0MVhSeFczbw?oc=5","The Independent","UK","1779882360000"
"Internet restored to tens of millions in Iran after three-month blackout","https://news.google.com/rss/articles/CBMixAFBVV95cUxOcU1BSWpCX01ueWh1Sm92S3Y0aUVkbXNnSEdpTFJVV2dpcTdJMF9meEdwYnBBVW9FanBpWGVMNWVsRGNlRy1UbENzUXZvUTEtQVhSWFp4OUZWXy1KWHdYb0ZEQ0FlNWZERl84OXdoSFZaUDhrRC1nZ1ktSXlZYkFLcElVVWNLSXFVdDR0a3FyXzNwdko3cVdZMG9QcXVtX2R2SmFpSHRDRmVLVHFDeUx0eTNJZ3IzcDdZNU40UTBIeTJpbG9N?oc=5","The National","Arab","1779882083000"
"Could Iran Expand the Conflict?","https://news.google.com/rss/articles/CBMiiwFBVV95cUxOMFBnUzdVeTNLb3ZTc21jTnk0eUlZU1NfV040RHpRSWRZNjcwT0RvSW84emZ3QzhpbWMxcXlXbmFaTXVyTG1IYkVuRnI3TnVLTzJJZk1YdE05TTVfUmN4dVUtVTVRODY4dW5zSENZdmVpWjJ3X05Hb1lsalMzMVo2N3BTa08tQUhpOUlz0gGQAUFVX3lxTE5HcFhRSWk1bDJxWlh0dUJNYW1jVGt0M2F1bnUyckNQWVRYUGpWOFgyUHg5TzFJUEpDNVFMSW1qRG1hdGZ1ZG41OEFUSDFTNjlocFVEcnAyVjFJS2dOQjhJeUVKR0lld2FwVGhaLVZZT09pSDBlaEVPUzJXY3JoX3FmdXoyLTZQNHRVZ1hvOFlyTQ?oc=5","Al Arabiya","Arab","1779882035000"
"Iran and Houthi terror proxy facing Red Sea threat from pro-US African nation","https://news.google.com/rss/articles/CBMipgFBVV95cUxOZEduWGhQWFlVQVFvd09ScHBuODF1QkRpaWJ1V3VCUm10RmhxS1RENlByYnFNc2xHOVkyVlJnNURZNUpETzc0dWE0aVlPaDhQcFVGUGZDRDg1bFVVekJHVlBwUnR6WjBCamlnd2IxX0RreE9yampwZ3pic2pNQjZlQ1FBY095QWZQa19zUzUwNmFwVjVfT29rYXBTQzcwWVZGQVU1cnJR0gGrAUFVX3lxTE5BR3NZQ0VBSmdZdjNkS1gwYTVkLXdIS2RKMHJlSHV6T0lCWWt2TTF4OVZyMG9udlNNX2J0WFN2cm5CNVdZWjdlcUJCNkVuYy1SdWVSV0JSLUplSkhJOFNCS21EQnpTbnE5dXBHa19WNGM2X25RN011eDBhYzk5MGdXRWs1ODBCUkIwVWs4dmp5cl9vUHJJWlBENFdINVhWb1dCRGJWcGd4VmNHSQ?oc=5","Fox News","US","1779880886000"
"Daily Briefing May 27 – Dread in Israel as Trump aims to seal Iran deal","https://news.google.com/rss/articles/CBMiogFBVV95cUxQX2pTa1FDd09OYmVZcDREUkxXOUt4SExKSVBObG1qM1BtdVJzVTFBSEx0MExsblQwX2dxakZCdDI3eHNDdFlweFVfZ0dJa2Z1NDEzTkRJenFrakJrMVhwVU5FR0tYaXpkeWNBTjZabWF5dnpQZ0dmMkxBZHdHZFVlUXQ2T2g4aVZjN3dfcF9sSWJObEk4c0FuV1BmWDF3MDAzYlHSAacBQVVfeXFMTUJubjBpbURqbkU4My1nRFRxcnBoMU5hM3BzMFpKWk13X3YzUHY5aHY5ekVPNkFtb2lrR0EydTc4WkpFN1REZ0FaUUI5U0ZhU3ZCUndXQXFIWjkxcndIRnZSYks1ak41ZlJYOUFBMFl4SVVKU1JJY2xYdGtWeEIwZkM2aHk4ZTdKT25MU3A1aEFHd2VCYWYxUnF2ZnpPM3ZRYzlNZE1uZ2s?oc=5","The Times of Israel","Israel","1779880500000"
"Iran says US, Israel goal still to overthrow Islamic republic","https://news.google.com/rss/articles/CBMiXkFVX3lxTE82WS04ZHFRdy1fVkx0R0JtdC1OcVdwOVRpQUh0c1k2ZXU3QUw2WGFWSWJteUZ4MmVZVlJlWlBrY3AzR0RGVzVWNndwenNBM1lRZ3NIOGwxLVBwSmtOeGc?oc=5","Arab News","Arab","1779880174000"
"Iran rules out negotiations on enriched uranium","https://news.google.com/rss/articles/CBMiiAFBVV95cUxOY0tOWHZoaHVvc3pkWjh4YXpBU3hzUHVRQlJETG16Q3l3VXEwVVdyRkVGN2F5V2x4eUw0cW9FNWhEck13dXpoNFl2Q3hpckUwOTZKcXpkS1ZpUF9OM01lazhPcjBEbGx4aDNhOUZuaEZaVzVvU0JXMlRXZmRudlBBS1RZbXA1Tlo2?oc=5","Dawn","Pakistan","1779880096000"
"Why Is Iran Restoring Internet Access?","https://news.google.com/rss/articles/CBMilAFBVV95cUxOcWxaR29tQkZUUzBtbnhZOFhRZ0lCcFJBak9YZzZmUWliVkl4RzAwaFV0czFBR1dXeFFTN3djSnJSYlFjWHhZWmw4cWVYVFVUVkhuTWZJUUxOYzdyY0JSUzFaYmFCRC1RZjhwc3RYMlZYMUhIQmxfdkV3VkdKUk5pbldMRU1VYnJPX0l5WTBBNGk3d1RF0gGaAUFVX3lxTFA1V2VVYXZDNC1WMUxQNEMwXzYwNGdPRzY5T1l6RUh6WVExVEZRLTRuOWtiR0VnQ09ubk8zX21tVno0WDdMdFc3U0huRGdSQXhBLXU3YTNLNENYUHYtWFRILWV4aTZURXZuSGYzS1Z1VkdER2Z2dzkweFY4M3NGekdXNjByQllydGlRUHV2UE1yV0FDQXdYQi10a2c?oc=5","Al Arabiya","Arab","1779879940000"
"‘The Lebanonization’ of Iraq: A Lesson that Washington Never Learned and that Tehran Mastered","https://news.google.com/rss/articles/CBMizgFBVV95cUxQa0JNMVF3R1NpUmd6MjU3N1VmRHdNTml5YW5aU3JuM0tDX1ZTb1oyTG56dDVBMUhfVHZzdUlKNkRxbTRQZnFWcGUtd2pxcXB0R1M0SGlXYWpybnRUQVNOT2d5S3ppVGZLX0NiMHZxVURGalY1cjd4STVLVnhlVnJwbkEzQ3YyNDE0ODhNaWtMamIzUF9mRDA2V0xULWhxMXdkY2RxU3htTkY3aEszcUxvV0tmQXo1YnFWQmctbkJEQXp1MTNqcjNyS0pOZ2IwUQ?oc=5","Asharq Al-Awsat","Arab","1779879553000"
"Sterling dips as Iran uncertainty keeps traders wary","https://news.google.com/rss/articles/CBMijwFBVV95cUxQa1hwZlk5dHh6am5wdTNYWVRydE03YTh6Tmh0RE4zQURGV0FadmFwZlFlVWFvS1ZoQTE2aG83aGl6NDZJYXZDRTlUcjItNFozdkE1RWdOVXJQMDFBdG9pUHFFZW5XZnYxaVhrbS1va2p0aGhITGd0NE9qVnZ1cGYtSWtFUG1XX1hpT3FoaDRrNA?oc=5","Dawn","Pakistan","1779879165000"
"US, Iran have launched multiple attacks during ceasefire: A timeline","https://news.google.com/rss/articles/CBMiqwFBVV95cUxPaGIyeG44MU9TeDdIT3RFdVZoSklaZDFwOXpqQUlNU0FvRDBEVk1iMkR0LVhrV0R0SmwwdEJPV1ZteTZsajNEYkNBb09BN2piaGxYeU00Zm5JLTE5b1BlX0VrRUJjRnNtTmZvS3NXczhfMDNESzlXS015Qkk0aDJjVlFWd3QxeXVFTDlIRkVKeHBMNUw0aWN1OTRySDdSYjhzcGNvdHBZU08zMDjSAbABQVVfeXFMTlpnWkFOaV9aRGJieW5mV0YwNlNUVVlKVGhuQUVwQWsyRVBKamdra2N3cUlScGtnTjJldGZvaFlhZ0JSQzV0cDBJYjFSdE14bG4zNVUzMzJHVFR3bUhOLWJ2Zk02djI1UjdtaHZ5cmZmU0Q0RFFzRFlVcVdxN2tHT1Zvc3gtb20xMnluV2trcmQzcWVxLVM1bk9zb00xejJCWS1DM1hHeDloMEVjZnJIOGM?oc=5","Al Jazeera","Arab","1779878981000"
"Leader’s advisor: Strait of Hormuz, Iran’s real guarantee in any future agreement","https://news.google.com/rss/articles/CBMi3gFBVV95cUxNNGdGMGQwU2VCanVCWWViRExGM1p3Wm05RktkRTNCUDVHSElMT051cmNWRUpKaVRaXzk3NkFvRVlocWhmQzBpM2NmQkRDOTh2SUhvUFBCaDZXNnFwOTZncllLTF82N0tHd1QzX3E1LXFQZUdFWnoxbG5SQ0VEMERxcWVnOHZfRUFOSXJSTF90Z1NaTElieExkUDktVkt3VG9hbFlXbExUczJPNXQ2dzRCbWZSTWVsT0duLURLSzAtWEJ2cnYzcnJaTGlWTm5lWllmOFB5VkxfdzhseVV2LWc?oc=5","Press TV","Iran","1779878940000"
"Defeated militarily,' enemies waging hidden hybrid war: Iran Intel Ministry warns","https://news.google.com/rss/articles/CBMizwFBVV95cUxPTW9hQ3hzQUV6dDI4dV9KWUlSU0E0U1lLNVlBWjZCalctMGl6RFZOQWVYRHFNTDZTa1ZkYnlOVk1CTDdEenh0T3VSMmZGN3J5OU80XzgzSDNiakt5TWdxUHZaMmxGUW51cnoxYWJ5bE5lQ2I1d1ZYVzdrVm9HZFJEV0dKa09zSGVxTGdrVnV2dVQwX3g2WjR2ZVhwOXc3cEQ3NDdlV0JETDk4UnhaSWN0X1Foa0RuTWstU195Rm5oQ3c3bGxxcjBKZTRkanY5aE0?oc=5","Press TV","Iran","1779878940000"
"‘Can this regime be trusted?’: Sticking points remain in deal to end the war with Iran","https://news.google.com/rss/articles/CBMihAFBVV95cUxOSTZYekpfWkdkbFdNS1ZMZ2JwV1VIMzRnVFFITnMybUE4UFpOZjFHQUY5eHlBeHh3b0pqUFRSbHJjbGVmbkVpY0FyZDNqZ2VTT3VHZV9YY3ZMczA5bHAzT0xFQVBLMUNtcThFTzZkSU15TkVhYnhKVlkxZ3VNVk5EMTVpRjg?oc=5","CNN","US","1779878684000"
"IRGC warns Iran's coast will become a 'graveyard' if US strikes resume","https://news.google.com/rss/articles/CBMipgFBVV95cUxQRVVXQnhYbGFiY2lZcnhlY3JERk9vbHpmV2paWDgwVDIxNzd4YmtLczlqYXRIeEVxV0tIYmJTSmRGQS0xbnpPazIwS1FCT3FrdzN0VjhqTkxtMWZmVzk3XzQxV2pJaUNfcDNjYkFKcG83bUV2S1hJRnQtSnNRNlNzeWhfdlRicFNXeS1pN2lvZVlGNUNxOXJkODhQVEJfbXY3ZjBfcERn?oc=5","Euronews","Europe","1779878300000"
"Iran says US, Israel goal still to overthrow Islamic republic","https://news.google.com/rss/articles/CBMimgFBVV95cUxNRl9WVXhsa3FQZVBldUVpemoxQUlDSXdWTG5Eb3dac1JMRlREdkVXdERET0s4ZlA0UWVXQkphbUdycTVpdFVwMnZKUlJZN2YxLW5pbzlONXlOMk5jVVUybU9BbzVGWThFaG5vN0V0RHlEbWlZNDh2WHE1YTIycEpPbzZ0VFlvLUszcS1lOVFMU2VRNWh1NGsyalNR?oc=5","Dawn","Pakistan","1779878179000"
"How UK households are paying the cost of Trump’s Iran war — with big energy bill increases on the horizon","https://news.google.com/rss/articles/CBMiqwFBVV95cUxNeTEtZlFKNW5JVWphLXVSb3RjY0M4bDdTdU1jcjRnSWN1cXE1SV9uWnExSWgteGpoMXN6cG1RT3V2ak9oTU5PV1V4dGRrNG1MR2MteXA3ZmhtMjU0YVBtNTZwQTdCTFBpRjNsZ280M3dQc0s2RFdEQlo5NTZ1aXJ1cHB1SV9wOENBUVUxaUhraU5MWlVQZWQtS0RzUm10SmtvbWx4WmZUbDIybGc?oc=5","The Independent","UK","1779878160000"
"5 things to know for May 27: White House showdown, Texas results, Ebola outbreak, Hazardous incident, Iran internet blackout","https://news.google.com/rss/articles/CBMi6AFBVV95cUxNN2MzVEh5SGpIdFlwcWNDRVN6ZTVQa2VsZkVIeFg0eG9WZmNFTGhwMS00cnVaS1RhNU9sTW5wZWNrZU1EMk9rSEw3ZnZ3bndHVjFTMl9hb2FxX1RFckZtRzhBNlZRNVdMMnZrRTF6U2lRc3NnYmQtY1pXXzZWYUltazRCQ0pUdXJsbnN2eUtiTkpLdUN3RXgtWXh2aW9YMHVDR0F6dzlDQ0xoZGx1MlI3ZEdiWGdIaHZvT3ZMTG43NnZhUmdSOUhJWHJYQncwLVA5NEtjYU9ES1hVRUtYY0UyNFhtS2pHamV4?oc=5","CNN","US","1779878030000"
"South Korean Probe Suggests Iran-Made Missiles Hit Ship in Hormuz","https://news.google.com/rss/articles/CBMiygFBVV95cUxPN2NETFg5elJBNHVWMFFGS2ZySDZxc05tek9CaTlMbks4RDZlSW9RdVl4V3hhQVNOLTNkdlBrWUU0U3FWY1JmX2hUMW5KVnZuT3JySnAtT3RCLTdjZ0V6M2FOU1RQUnpfVDZvamVxemFwdDU0QzIxRDR0QzFzVlgxNV9HUjdtVjQ0ZWxqbW1QYlE5ZWFEM0UzWHJHZVgzXzBnWktsTlBsNGJRQWkwc0NUOG9xeDdIT2hra1BWRGhMWkRNaDFDQUF4aGNR?oc=5","Bloomberg","Global","1779877485000"
"Trump’s emerging Iran deal forces Israel to seek guarantees, not victory","https://news.google.com/rss/articles/CBMiowFBVV95cUxQSUFOUWdLX1BLQy1QQlZtNm1IMENqUEdVUnVOWGo4M1FPd0ZqVmJvMGQ1akpGY1VXZVZyOEo2TmVjZXgyNFJzQ0k5OWlQNThLWVNid0o4NVE4cktXcENsUEk1dFl3d29JREtTTlVZX2tSSks3TW9iSTMxS244Vno1ODBac2wxYkZiR1ZjU1RZdTNIejVpYkx3LXgtaEw1V0ZONGd30gGoAUFVX3lxTE5IUDJnNUxLdW9KNkQ2eGxuQUlwMy1jcV9pbXdwakVUTDh0YkdOdnVseGtfaGljRllDY3VqU0QyTkFYenNBam8wRjNRRldidjNXd0g0TWUxNU5LOXZNNV95Y3ZYUy1YclBnLXBhS2NyOFVYQjBpOENXcVBYU3lIN2RRUGdjaW1pZEZPVVhibks3TW9MSFc1X1A2ck1kSUh3MlVUV1lzaUJsdA?oc=5","The Times of Israel","Israel","1779877418000"
"Paxton Beats Cornyn in Texas Runoff, Progress in Iran, More","https://news.google.com/rss/articles/CBMiqAFBVV95cUxPM0JrVTNoY1N5QjBpY2JVQXZRQUpET1JkOWE3Z0dVMmZfU2hhMUYzOFRIUm1LR3JJenhkMm1ncGVDd0h2VDNiM3l0RWVkbmZIMS1tVnhnWm1vQzAxQjhjSjUtal9PbVh3enk1ZkJiZFJaYkxyQnlXemlfWkIta3dwRlJ1NVVtb0VfN3VVYUtaU1VPV1FQNjQySDNheklXeGxBVHk2R3c3V0M?oc=5","Bloomberg","Global","1779877384000"
"A colossal mistake': Mearsheimer on why war on Iran will dwarf US Iraq disaster","https://news.google.com/rss/articles/CBMilwFBVV95cUxQY1pMdEc3UzdGeDZPYUFIVDNqRmdyVXNhRkxaSHVRd0M4ODBDaU03c3A1OWFZd2pwU1NwdkFuZEI5VkVMSTNKLUJmTXZJUkRVbGdvUmszNFVLRXVLeFFCZDVNX0trbDJtR3Ridkhad0swVmFTeE4xRXZqbEwxQ2VELTItQmtJQWh4VUVQRk1WRi02N1ZCOFM4?oc=5","Press TV","Iran","1779877260000"
"Could Iran’s Regime Collapse?","https://news.google.com/rss/articles/CBMiiAFBVV95cUxQMDhmSVZ6ck8ybUFVN2dTbWJiS1d0a3lJUzRuOU1Ta3BDeDZmWHV2QnpwSzY4dFlFR2g0MkZvSXUzMmJaZTdZLWxsVEhGSFdSczR1Q3JrTmJabnN3V00wUUFZcUJ4WlM1NG9qOGR6ekdRUTlDdUgzQUZLaUFUQ2JQaGh0c3ZUUVh40gGOAUFVX3lxTE5oY2Z4LU9QQ21oRW5xZE4yV09OTmVsczF4ZU9Pcm02MzRFbV93N2huTnAyYVpNbnlTcTdmRW9acHQ3Z1JyNFpZeWphZzgwclhyRUpuV2p4OXNrZ3FaeEU2dGVhYUY4SUE1TkxjNDY1UHlaX09PRWpuc1Z5S3FXR0FkQ01KbEVhcFdLTlJjLUE?oc=5","Al Arabiya","Arab","1779876359000"
"Iran hails Ireland’s move to ban imports from illegal Israeli settlements","https://news.google.com/rss/articles/CBMiyAFBVV95cUxQZ3BaYUcwQUxrbXJwVFhUTXZFMkpmYU54RmxqQXdYVHctQXpwckNhNGNrVUNfMWVmTm1RN0NhOUY1N2FhS3NXanBsUmIzR2FRbkJQTHhLd3pxOGNrR3dtV2RoNENlS0J4ZDdxMjlEdVhPSV9SSnFaaVhLQXJzZUF1amw4MDZjUjVLOHNtZ0lTSW9mRXhIVGZlazRFWEU4NzhXY2hJYWw5ZTB4cXBTdVBYcnRsaWxjc3hPdXlVcDZHcW8xS3pTTnpqRw?oc=5","Press TV","Iran","1779876180000"
"South Korea says attack on ship in Strait of Hormuz likely involved an Iranian missile","https://news.google.com/rss/articles/CBMi3AFBVV95cUxQTDJXVWZoVTdTai1nazFjQmQyUktvMXY5amlCelVoUVRlbG1WVmpiOU1QaGlmdDdsR1JoRml4ZDA3TkNmbjlYaXJlLWVzQXI1SEd4TWNXWkV3d3BIWHZxSVVkMGNOQW5xX1YzR0d2emhvb3MzaVVnRWZWZDVkU3JEUnVxMHBZVXdHYWNmM3lWNkdnbEp5bDkzaHlOaUtiX3RWb3I1Wjgwb3BVaXJDZUtfQV9aZzZ5NV90TmZYaDA2eVQyWDFzR01rTHcwX29ibnBfVDV2cE9PQk5VTWln0gHiAUFVX3lxTE9sMXpublpXcmplS191aUlXaF9KTDdpbzQ4eDJrQjdkU3VkaDRjcWZyekUteTdZTTBxVXQ1a1RncE1saUplTUw3a1ZBLTJFZHhnaXE5UG9IV1NQX2sxbURQS1pXelhlcjRnNUFHNnJDeWJpMnRGclFfdklXSlpZdmFjUS1oNWM3a3Mzc3IxM0dwX1IteFZUUHA1QllMRDZSYlBLWWpUWTBpM2taQlNTZWdhOHg1dWFYZklvNGlVbURGcVpQNnNpTkZjb2JHUzFNSnR3dUhoQnBPZlA1aEdZYkIxOVE?oc=5","Al Arabiya","Arab","1779876165000"
"Trump moves Camp David cabinet meeting to White House as Iran talks continue","https://news.google.com/rss/articles/CBMikgFBVV95cUxNUmpadElKV0ZvdVIxY0hpOWtJVWZHR01aUC0wbmhicDM4eVZ0RTh3RHA2X2FNMEp6LUxXREFsMllzX3h5YUN0d3RQbFJHcFBwMVZvbk1HQTVPQ3UtbUIxazkxdUc1VVV0RkdXUGVPM09BNV9OSnh2bHNEdlpkOWg4bDJYcDJDUWJFRmJodVVxUHhYQQ?oc=5","The Guardian","UK","1779876060000"
"The Whiplash Over a Possible Peace Deal With Iran","https://news.google.com/rss/articles/CBMif0FVX3lxTFB1UE05MzJPZ01LdzU1djYySnU3QTA2WUFwbVJJdlFVMk9USzJYbEZMOFk1WEs1QkhjbWctTERyTnFzajVVRWNFQ19qVGpnNlRVQmxWT3pqSXR2d1lFSEJwRDB0V1R3OVpSMndsZF9vb3NELWY5Q0lCS3Z6aVZ4Nms?oc=5","The New York Times","US","1779876009000"
"India rice exports decline as Iran war curbs basmati shipments to Gulf","https://news.google.com/rss/articles/CBMisgFBVV95cUxPMnBNN2laRjJBRC1CR2kwTmZyam5CeVpIUjljYXB4Z1NEREtlWDVRSElxZG9vaWMxTVJNVjl5ZlBOS09UWVAtN3I4em9pZ0U1TTRWYWxoLU5NQUJIaVJwdWhZZC0tRDA5OEdLTXpDYjdFTnVXb1d1VkxsRENScFNiQUlUSEhlelJOalNCWlJsSFBUc1dJaV82R2JNdlczb29nb2w0S05KczhiQ21xRVY2aHRB?oc=5","Reuters","Global","1779875624000"
"Trump's 'peace through strength' approach delivers results with Iran, expert says","https://news.google.com/rss/articles/CBMiVkFVX3lxTFBrZjJRdXFpNXRkclJkTzN5UHdHWUl6SmxLNWlyVVZJX0YtQUdSLVNCS0lkVDVSQTkweTBwQnR3emJHUVBORHYyQWtwdFZndHUtZjNnTmhn?oc=5","Fox News","US","1779875555000"
"Trump to hold Cabinet meeting amid Iran war negotiations","https://news.google.com/rss/articles/CBMiVkFVX3lxTE52Q1djMHZXOU9fUTgyYXY0NVE1ME9fTU9OM0hmcVl5ZjRMWXVwY080UzZDOVRrQ25NQjFFdXB1emxzc3RnNGRYa1ViZG5DWkZJYU1lX1FB?oc=5","Fox News","US","1779875049000"
"Iran says 'low' possibility of return to war with US","https://news.google.com/rss/articles/CBMingFBVV95cUxPX3dOTEpDdVpCOFN6RG83dl9wdFFyczQySmdFUExxTTllRnlEVzF6OWR0aGFMTEFlT1lPVnV1WThZaGtvR3pUM0cwb1hEQlFMSndTQkxzMjRpY3hwclMzU0sydHc5R3ZNd2h3VmxxdXlLVVdhcHRUd3pMQjRHSFlDbEZLb25ZajN5QjdNR2EzVHhSMWI4eWpld1UzTzJoUQ?oc=5","France 24","Europe","1779873678000"
"Strait of Hormuz blockade could cripple world economy, Fed official warns","https://news.google.com/rss/articles/CBMitwFBVV95cUxNb21hUmFPRVZkb2MzT2g3d2ZaSFMzaVVTZ3FKWWtPUHh6SlNMZFl1Z3dMTlM0VDdkb3JVLUlxdFYwWlZyRm82UU00M2p0VmxjcEM5OXJZc0RLdEtsaWtycWo5MUt3MFdIdl8zaUVPQzFFdDB0SklLSjVRdzA4WnZma3B5M3pfQ01BRjdYbmRCclNNVUR0Y0szV0lQVElqY3NLTmxHZWY2SEI3dnZIbFZ5SzVYTjRGR1E?oc=5","The Independent","UK","1779873660000"
"Former MK warns Iran war will damage Israel-US ties long-term","https://news.google.com/rss/articles/CBMiXEFVX3lxTE02cWlkZ3lCaGdIQXNHVmZkWVJSWUJwTy1YbnY4OVNuam1EV0pkckdyMUxhNzlGd3MwOFZMd3JETGNVN2lsUnY4eHpLaHl1Ym9vc1NsTzVXX050SGZ1?oc=5","The Jerusalem Post","Israel","1779873339000"
"South Korea says to summon Iran ambassador for protest at attack on ship","https://news.google.com/rss/articles/CBMiqgFBVV95cUxNS0g4cjZ6YTd6amR2Z090SEk3b0o3ZHMtRmR6c181NXQxQndTSTNVMzZWM0ZMa3c5WVlGT0RoYVNDTTUyNkVUYWJPaWJPYzBSdWZ0Z2w3ZG12YWY2d1FmeVllUjBxVE54YmdkMHg2QmkzT0RLZ1FsWmRuNjI0YXRjNkdaQVZNQjJZNzR5N0xpYnh5UzdxMGd4LVJHMFJldm1mVWR5YzRQRlRHZw?oc=5","Dawn","Pakistan","1779873292000"
"Israel Increases Attacks on Lebanon as US-Iran Talks Crawl On","https://news.google.com/rss/articles/CBMisgFBVV95cUxPVFUtTkRHMkZoNjRVMEkxRHpja3pMNHdGVjdGaFJVbDV4WjBmQ1UtdGJBOUdHOWpJQ3p5WUVrOExtZkh6eXlkTXFnY2pqQjlIT1FOZVl4MFl0QmhrLTlyOFIwRkRfUmVfaUV0S3I0RHlHVENwZG5wU3RaQzhCNTNXbXhIU1RVRUFlUXFxWVVtNVBVXzVucUZsYnptVlhVam1KTC1VeFIxZkYxUjdXTGNFRXBB?oc=5","Bloomberg","Global","1779872809000"
"Germany turns to Canadian LNG as Iran war fuels energy fears","https://news.google.com/rss/articles/CBMiuAFBVV95cUxON19qMmwyd21oVHFWSGhqTm5raVZKbmdiX0FZUHVkaXgwaVo5dTBkNGVtVE1SdTl2REx0bzhxdU9yQ0tBNUF3SlB4U0lqMEFZTnViUVpxcTc1SEtpUUdTUWhiY1ZIVGR5ajJNRnIzWFlVZ2puMzRnWmVMSFVick01elhfMFdncXEyeXBsYmYtMTZiRzNmU3k4elFUREdEN2JjbGpFb2xsMnVETHBNVFNrTHhsMmQxUnNT?oc=5","Euronews","Europe","1779872772000"
"South Korea says attack on ship in Strait of Hormuz likely involved an Iranian missile","https://news.google.com/rss/articles/CBMizAFBVV95cUxQU0FvelZ2cHpUUW5qS3FpQ1NJMUVha1YtR2owWnJ1OEROem1MekVoQkVtWEMtTmxuOGFUQ3Q3QW9XVHd6bENOVjVsMVZ3Y2FFT0RYYkJpWHBfbG9meWxwM2tOck1GaTF1djA2Tnd6alNncGVmclhGNkZQX21YRmkzTWFpWU9QeV93OFk5eUhCMTRnc1Bwc0ZGbmJmckp2Q3BWZ2lDR1pGM1F6cHZFU2NkNnlfd05oZUJSd2VlcHVQMWdIZmhCZWhRT0NmS1c?oc=5","Reuters","Global","1779872629000"
"Trump to hold Cabinet meeting amid declining approval on Iran, economy","https://news.google.com/rss/articles/CBMiuwFBVV95cUxQaGJEcFZnZDZvT19ReFQ0bU0tTTFseThKc0hKZTJlN0VRSHN1TDR3RlVXSkRQRzBTMlpRSE5zalFSSUxmVmFkTWhkMDRKdXdxTmFkai1iVHdYRzRZblBTcjVlcVpSeHduRURoeHlXemJ1cTFwakRmeW1iZkRtZ2o0MVZJMi1NR3hLM0ZFeFBJZXpldDVQVXhCOUpLSGgyRE1IQ0pPUnl5YmthUXVCTkU0aHU2V3FIV2EwT1Fz?oc=5","The Washington Post","US","1779872505000"
"Iran war spending drains US military budgets, triggering cancelled trainings, delayed maintenance","https://news.google.com/rss/articles/CBMingFBVV95cUxQeHg1SDNpbGRHVFRGTVNscnk1MXFiTjFsUjdwZ0h3d0dhaVZocmpRSlZUUENaMG1CNHhkckdxQl9EbmpvOHZSM1pQN1lfb1dBMENoSGdqNEhyOTNpV3pQU3UyS0NaNkgyMDNEekx2Y21Cdk1NS0ZSQ2MzczdXMEJyTGV6czE2em0zV3pnV3R1NmVvTDN1eUpLMlBXU25SQQ?oc=5","CNN","US","1779872407000"
"Iran war splits global markets into clear winners and losers","https://news.google.com/rss/articles/CBMiiAFBVV95cUxPU3JBNm9iSW1POHNTQjJuVUFsOWFMSEU2T1ZLSEpQRHhPNkc3WWV5WEM2Z1ZBd1BTeTl3ZzVITEg4VjFsd0hGb1pzRG94N1E0STQwUTRVZnh6cDRYUGVuRUxJODAwelh4V0FJVmdBbFd1SWF4RnNSb1JaR3VvQW5JQl96bVBHLVpD?oc=5","Reuters","Global","1779872281000"
"Oil Prices Fall as Uneasy Truce Holds Between U.S. and Iran","https://news.google.com/rss/articles/CBMidkFVX3lxTE5XZGRkZ3J0UDA3d1hfcEIyT0NleGFWeDEyLXJta1F0dXNKRkFma3FCQ01BSWs5UHllb195VGV6VWVMSWIzQlp4NlEzLXVYZm5Rd2hzZExaNXBzeV9ZUzlqNXN3REl1NkhuaEJWb0VhUmRMejgzUGc?oc=5","The New York Times","US","1779872234000"
"Enemies will take their wish of fatiguing Iranian nation to grave: Senior cleric","https://news.google.com/rss/articles/CBMisAFBVV95cUxNRlpSNnRCaG1ya0ZZeS02bDlYVXhDLTMxVjNDZDJsbms2Qmx4elpGX0RpOWZuMWRkcDdzNko4NlJXeHNyU3JyS0tPM1VWa2Jwdm0xQUpqbk1SMEJqcWV4ZzlRUkNuMVp0QnJ4YktIbXFjYkctRF9Scm5NeFh2cWYyUW5pMnktVXNGMlBiendKYUQxNzBJWjJSdWk0dVNucWxJQjN1SUFycDMxcWp6R2MzZg?oc=5","Press TV","Iran","1779871740000"
"South Korea says attack on ship in Strait of Hormuz likely involved an Iranian missile","https://news.google.com/rss/articles/CBMiVkFVX3lxTE00anFCWW5Nb1R0TDNPWDhqU1hSZWRkMS03LUhGSVRzT1lSUXdKMFpSeU83TUdNd2p2SmZOT1I4VGliU3pvY29pNlNqQjF4LTJQX3EyYWx3?oc=5","Arab News","Arab","1779871367000"
"Iranian consulate in India mocks Rubio over Taj Mahal visit","https://news.google.com/rss/articles/CBMiWEFVX3lxTE5aaUFUVUx6aTNGZzNqVW1GeG0wbE1JT2hGZXU0RGhqUzlienJ4YXdvaGVHSTB1RFhWRGxFbXlha2RXRXJndFowMjBVUk53RnFoTnRmQ3BIQlI?oc=5","Arab News","Arab","1779870843000"
"Iranian hackers responsible for LA transit system breach, Israeli firm says","https://news.google.com/rss/articles/CBMi-AFBVV95cUxQSTc1TE5GN3Y1ejRqY3VwbmJCYS1fVHpDdFdSMkRWcnQxc3lNU1lMRnhMazlzX2ZXLWRlcWxadmpSQVNJSk40dGR2dEp0WGZVeW14MHE1RWlrck9WYmxNa1k5Mk1FLVp3SVU4TmdOeXE4aGNfUUpjQmtfMF9MX3hkM0NJSFJsdlRXZmlJTlVoZGo2cV9DRnJ1QXpSbnJ4bjViczJMTFJlVHAtRTJIajl0dmtKb2RjQm82MmtfbU9vaWxjYTNkZDdtdEl6RnFDSzFxZDJhX3hZRHY1V0RjN01pN3VKV1E4Q0t2M2lDSzFzdlFQcmZqVkJtSA?oc=5","Haaretz","Israel","1779870840000"
"Iran war fallout amplifying Europe's financial vulnerabilities, ECB warns","https://news.google.com/rss/articles/CBMiwgFBVV95cUxPM2Q5Z2JLNHlCemNRRDY0NjVad0l3cXlVbS1wNEd3aDJqTE1POVlvWHlScFZPNEg0cXh6QjVVU1ZjZXhmd1lZdzJybHEyTnprTl9FcE94ZTNaOEdwTWtPMEdGMFBCZzJROEttZ0lWTVctWW1XZDN2ZGtRRmQtdHNxRGRSck9mTi1nTmk5RzktSjNTMXNYV2FtOUcyWWxCcHhKbGdYa3psaUhFWlJfYUphMVU0dzZsZ0VEZjVrc0ttT21nQQ?oc=5","Reuters","Global","1779869466000"
"Michael Bay to develop film on dramatic US pilot rescue in Iran: Report","https://news.google.com/rss/articles/CBMi0gFBVV95cUxOMF9jdWM4b21VZGJkVVpod1owcnNodXIyOGNjX2ZPc3R5U2hvakQ1UTNMQVRadkMxTDFCa0N6YXZEWi1pYUNFSC01OThCVGVfRHVBaWNPU3hWaFhEN1ZGRFQ2UHZmajlwVmVON3FTODVxbk1IZFdBd3hhOEhvWlFCcTJyNDcxSldkdjYzLUp2SHc3aEQ2ZURNMllGcHJBZ2tIRGxDS0NFMm5NWWN2Wld2N0Rhd2N3d2NBUkJWSTBwNExyWTk5VTBieW1sNkgyaV82WGfSAdcBQVVfeXFMTTlmd2NNV2d1QlhaakRwRGZJTWVCWVNDMVRvM0kzVG9TR0pxbGp4TE5mLWg3eVkwRHY2OHFuRnh5RXZZaXNDdTBVc1ROajRRSEVUSXNkenJtWm1NelQ1U2o1ZkVLV0RBelRlS1QtZnB2M1NkMXpWUGt5LUdNVXV2c2dONUllU0prcUUyVExiYkUxMnhKQncyUVpDQUQ0Z3NJaXprUEF3al9lZG5rVUVhZHVmdVlPMnktXzlpTTBnYlRnaXh6SkJRZkd2T3BhTS10ODh1WmVQQ2M?oc=5","Al Arabiya","Arab","1779869460000"
"KAI TSAYE Yaƙin Iran da abubuwan da ke faruwa a Najeriya da sauran sassan duniya","https://news.google.com/rss/articles/CBMiVkFVX3lxTE9YRVJhTFJGeWVPSFpPQmRXZkxrSGpmanBQXzNpMFVkaTRxaXp6ZXVSR2FLUlVTVG5ESkdnWjVqMWFSakVvTDhYS3phQTZ0eExZTkdWakV3?oc=5","BBC","Global","1779869416000"
"Iran Guards official says 'low' possibility of renewed war with US","https://news.google.com/rss/articles/CBMinwFBVV95cUxNMk52bElwM3h5RWhOZXBJQ3N2a0JCaHdqeGdQRGowWWs2RDRRWnNNVFh4WTloYlRIOUQ5QjVZbFpyR2tZNUNiX3Q4NW9IY2F5ZUlRMmNuRnE5OHBCem1LY3lwbUJaQkMyR2trUDk2c055b1JfQmFuSGR3YjRSbTNLMkNVWVFDMWVFSklWeHFmazJNOXh4X19qX2liOXVXUmM?oc=5","Dawn","Pakistan","1779869403000"
"Iran Revolutionary Guards official: Low possibility of renewed war due to 'enemy's weakness'","https://news.google.com/rss/articles/CBMizwFBVV95cUxNWktta296SjBNVGZTdFNpWU1CT1VLRDB3bXN3aVFGWXhzczE5Ym1FRmdxZENyeHF0d0hTdHRoQTRiU3gzTkNHRlpsb2FxM0pRTVYzNGpYaGNtRloxZHgyMDRqVXFpR0h6SWV3YXgyckRmSkY1M1JPNlBaOVFTSkVJUG16enZZS0VEdGxWbWxwemVsT1NKT01vOVZ3WGQxOTZlVFRUUjdzLWhHMVB5ZVBzMGg0Y1ZkV0ZvS2dfSFNROHVYWW9XNU5yekVfSkRQWU0?oc=5","The Times of Israel","Israel","1779869018000"
"Trump risks triggering financial crisis with Iran war, warns ECB","https://news.google.com/rss/articles/CBMicEFVX3lxTE1ySHBlTUNndjZFeWJUR2NreVJhX1Z4R3pSYWRxVWNHLUE1cUd4c0RhcTVYYnduc3lBeHpjRVB2ckNjQW92SjVoQ3FvckZYOHJjQjlZVWNBdVpoVW5TVHpaVE91aVpYaDFHSWpPQjZncmU?oc=5","Financial Times","Global","1779868803000"
"US ‘begging’ for deal with Iran: IRGC Navy official","https://news.google.com/rss/articles/CBMijgFBVV95cUxNN1hLdlhFaGI1c0VWQ1BOOV9kazloZzZpYlVmd1ltTnRYeHpSRENyRlRZc2pOOHpNcFN2ck56bl8tWWFPa05kOG1SRzdkRnN4Y3pCWTY1VmZGSHFxRHJFOTlUam9BUFV1WmVKSVI1TWxndE1wM1B1WWp4RnZRX3hWU3U5WTh3VW43ak84SVJB?oc=5","Press TV","Iran","1779868740000"
"Major airline extends Middle East flight cancellations to August amid Iran war","https://news.google.com/rss/articles/CBMipwFBVV95cUxPandxV0F2STlLMGtITkFxM3VidXVMaE82NXFKR1ktaTZqUVJ0c2laNmU1dnZldHlHVUpqWFRKSUNub2pNRzd5NERPYmhoMTNNQ0FIMnF1NWFtYk9nY0J4RHlxSnUtY2VtYXRKbUdvQmVxX0M1bVBybFNTQ2lTc3VFRHhHdkk3UzlkZ3JoMjVlR1RwTDhnai1NSXJjczdQbU9GVlJUNjZ6OA?oc=5","The Independent","UK","1779868620000"
"British Ambassador to Baghdad: Iranian Interference is Extensive, Illegitimate","https://news.google.com/rss/articles/CBMitwFBVV95cUxPWDYwaGlqWWdDU21UTks1ajFFUXlHel8xd1dRVmJuQ1M1SDhKNWViR2YtZlZHYVhiZmFBTjVyeGZKaUN4OG1sajZ3Nkc4NnNTX3dfaERkekMxT3hsQVlhSW5Ddkk0N2l1RzdkMEZNdS1qOEZINVZIZjB0YmM2dmlldlVUUjVuUkh1MWptTjBMY3I1ZnBkVGVNV29aa1VtN2F2YWVaTzMxTjJ5aGJLX3pzT3dCRFdXMnc?oc=5","Asharq Al-Awsat","Arab","1779868171000"
"European stocks set for modest gains as Iran war dampens outlook, poll shows","https://news.google.com/rss/articles/CBMivgFBVV95cUxPc28yMU9SQzFya282NTE4eHBQYTJpRURKMm5SaThiZjVmSkM2OEVDVU1NQTJTSC1Tc2RDLVBHT3duWkNibVUzX1RXUWY2anZIeDBTaFhhYVVQUDYyRmdfb0hORTZTX0JPZXk4V0RNUFo5d3ctdnpRWWl6N08xdmNuZ1kyUU9RdU9mY0ZHaDhRMVNsM1p1eDdGMWhMdWhIWXRMUUEzRXdobl9LOFlJZ2k5ZzIxNVNNXzVxdkVJMXBB?oc=5","Reuters","Global","1779868091000"
"US LNG emerges as Gulf hedge against Hormuz disruption","https://news.google.com/rss/articles/CBMitgFBVV95cUxNN3dlOU1sX1BVNDQ4VVc1S1pob0RsVjhMdnlMWWM5NTRuMHVTQU5nS3p3NWNBV1htWlJsTEg0LXhJSmFRR21XbW1BZWlqR2lQeXRKUWxJcGZ3WTJIbDlLUnIwYTIxMW00YnROQ3hvRUQ5bV9qajNoMklKRGVYcm44Z2ZBa2QxWDBYMmw1U2xCTXJqeVBLb0lhZ3NMN2VkRTMtSWdJclpPUzk3TjM5ODYtNUtsdVlRdw?oc=5","The National","Arab","1779868070000"
"France Sticks to Plans to Narrow Deficit as Iran War Weighs","https://news.google.com/rss/articles/CBMirwFBVV95cUxPTW41ZHFMd2ZtOTQ1Ykw2dWREVnJrVkFVZVU1eFFvak44Z1ZJUWx3YmVydlE2eGs0Z29fQzRON1AxdC0yUDVnVFV0ZUFNUHEtZDBEYW50MDlrMGx5VnV1N0thb21na0M0TWVvM01HSGtUazJHM0lmcUZuR0dMN1Q3ZjNNVXBYdXhTR1ZMTWRGRXRlaTdwZlJkUmlLTDU5alNsYnBPcFZpeWE4NjlEaWxV?oc=5","Bloomberg","Global","1779868012000"
"China allows fresh urea exports amid Iran war-fuelled fertiliser crisis, sources say","https://news.google.com/rss/articles/CBMizwFBVV95cUxNRVJZU3IyeDYwR3ZkSzg1TGF1N0I2N1REcEwwNC1wcF9QNnR1YUc3WHBDdHRUYXRjNHVjOHk2TmZjcmdXVndZRjZqdHQzVUJiY3dBRERueWlUTF80X2VjbnFzeEZDM3lhYzZOdHpKWlVCblY5c3hyWUUxd3o3QndkNE42TUY5WGZvZV9lTFZlM01ScEVjRGoxTDhpTEVCV3B3LVlXVjdYcHVvOHNJSmxBN1RpUlNFQV9ta2xNbVAzUlBjRXh5S3l5aW9QYW5QZFk?oc=5","Reuters","Global","1779867900000"
"Iran Guards official says ‘low’ possibility of renewed war with US","https://news.google.com/rss/articles/CBMiXkFVX3lxTFBqb0dIaHZJVXdsd1FqWW1PeFQ4MksyMnBpRXAwRFhFQ0J6NkdaS3pLUTNvbWNxZTdoeEl5Z0FwNW5xbEZ3cG5CR2JJZTF3YmZUancydGg4dnA3NUZnUHc?oc=5","Arab News","Arab","1779867611000"
"Grocery price inflation eases amid concerns over Iran war cost hikes","https://news.google.com/rss/articles/CBMikgFBVV95cUxNT3lSdEdadVdOWVpLVkRRenRDZ1pMQWdjSVBwQ3dESlplLV9lYmRuOEZBSTd1TlJCZUJCZFo1TklHM2lzRVRMU2YybnNHRmM5QjR3MmxUOURCODN1TE1oTFl4bkZKY1FmanpqZnRnT0NLb0lDTTJWcGZEeGhRQ1RyWmxVUXVwbXRoVV9oa1RPWDJnZw?oc=5","The Independent","UK","1779866820000"
"Gold Falls as Renewed U.S.-Iran Tensions Spur Caution","https://news.google.com/rss/articles/CBMirgFBVV95cUxQcDBBNHNoaWlLSjlIazF3NjVBam9tUXZncWdjWGh2UGZSNFlrUldWeUdfSnVWRGs1NUhHWkVJTXFCc1BveUtkdUtjcHlMSEpob3BzeTZCQjY0b213cXlCWHNEdGQxT0xVQkNUaVdMel9lUjZ2UktwekxSWFlER0tMUXp3akFMSnp6VDdZaGx2TUdmTXpmRzN6WEtlLWlDU20zcXU5ejVJUU45R3h3aXc?oc=5","The Wall Street Journal","US","1779866820000"
"Gold edges lower as traders gauge fragile US-Iran truce","https://news.google.com/rss/articles/CBMiZEFVX3lxTE1XTjY1SldqdmNMYnBGcDRYSVV5S203VWRnSmFpNE45N1U1UUwteTIyaTBOUlZtNWRmTzZLX2d2U3piVktRVE9TTnFGNW9FWk51RWtnakktQmFhdFZVVnppVFJENmM?oc=5","Arab News","Arab","1779866775000"
"Grocery price inflation slows again despite warnings of Iran war cost hikes","https://news.google.com/rss/articles/CBMingFBVV95cUxQbUg4RHJzVlJDUUxXM0U4WFN5MWxidndBa3FBelkzZzdmdi1hQ0NkTXZaRDM5SXk0Wjc0SFcyTDVKaHN5VWpQNDFJcm9BY1dwNXQwR2JoeU52Z2d4NVBvalh4RzR6b1Bzd2x3NnhZN05DM0dhMjYtNU1RajVkRzZlNV9qSkt2anNGckFYUXRCOFBKLWJkemxMSDhtRWVXZw?oc=5","The Independent","UK","1779865200000"
"How badly is Europe affected by fertiliser shortages due to the Iran war?","https://news.google.com/rss/articles/CBMiswFBVV95cUxQbFhEWnpDaWtoNnJqNWhoc0pXUWFaOWtXa0xscFlta1Z0R05mb013S3E5SXlIS0FlM0J5QXVybkVCdVhCcDZCNlZBejF4ZE9yMGFoWnVncXdON3NXTE55MmVnZEltTEROWi1hNGluWS1VcjQzQVhaME1NcVUyM21GSHFJYnJvX2ZCOFN3dHlBeTFzaExVaWVvdm1VSTdXMVBYeUZMU1pWMk9jV29vTXFPdjRCSdIBuAFBVV95cUxNbFlmYTlhOXZWcFpWend2QW5TbFhGTmdlWEQtb3Q4Qmh0VDBDZ1d2SkFDbWwzTkl6SlVZOHQwam1qSTNKa3ZxMWlNOHRiSTBRZHVkX3dTR01ndnBNY2JQRWZVMXlmZkN4NU5MSUxvRnNVNVZCU3NRclBmVFFQTXdfamJWbllicmFacEZWVlFwM0dIeFUxVDVVdDZhT1kzRE9yNXVvZ1lsemdiVXJQVm4tdXZJdDM1Rzli?oc=5","Al Jazeera","Arab","1779864778000"
"Iran war day 89: Lebanon strikes kill 31 as ceasefire tensions rise","https://news.google.com/rss/articles/CBMiqwFBVV95cUxOZGQyVkpsZlRYbVJRY2dXbmlWWXkteHJkM1pHVThpbjJNRWp3ZnhVbzhJUmJ3YnQySnRJQnN5ZFIxb0h2WlFIcXBjRy1SUGNYbVFDY3BtZTFOWHJHWGNxN2w2SENEZEpjdkg1cWh0OGZBZVdTeUI5YXh3WEFPRXNxa0F6S1hYX0xPLTNwb0phZExCdU13TmpwY2hlbDUzODZXcnRiSk1XYmpJMEXSAbABQVVfeXFMTk1PYkNxRE1KaFY3d1BiS01JWHRvUjB5SGNnejNTakJlWmFUMk5YaG9QeXExYTFxWTB4ZnFmNXgyeFExUHBQWjc0YmlndVo0NnhwOWVYcUZhQ1kyUGdyTXpDVnBfb0FSdi1WQnBuZ0E4LV9uaERXOGFzVU9fajg3ajlBWXJOc1dfa2xwWDF3VG5mSU9sQ2RfYS10TWlxV2g4bFF6R3NzSGRKZndUSWh3LVE?oc=5","Al Jazeera","Arab","1779864551000"
"Pakistan pushes for diplomacy amid US-Iran conflict, thanks Saudi Arabia, China for support","https://news.google.com/rss/articles/CBMiWkFVX3lxTFBOLWZfY0hnNC1hUWZURlROR081TTVGaVFUZ2N1QWZKci1IY29BM2JLNDdiLWVodkdUYXdBNW5tUUFqRzVfeG5DRkJsU2Vwamd0TldvVXpTSUNnQQ?oc=5","Arab News","Arab","1779864415000"
"Energy bills to rise by more than £200 a year amid Iran war fallout","https://news.google.com/rss/articles/CBMihwFBVV95cUxObG5FdW93NEZ3MV9uVERYQU1KZUdlczFOWF8tUlRDUXQ0dDhZUWFKU210NHRzVzRoLUJCVmNFbDJIYnZFa081XzQ2U09PZGpvR01GSTBjVWJidkxxS1lMQjNvcndXdGF1MGszeFBXQ0x4VlRUNlJZQ1pGeDFMWWJUUlpNS2RjZEk?oc=5","The Independent","UK","1779864300000"
"India news: Iran releases 10 sailors detained in 2025","https://news.google.com/rss/articles/CBMikgFBVV95cUxPV1oyY2FXbnoya29CclZRb1Z5WGU2bWxlZTFhQlNMeXRJM0NzT0xKQTAxNlZneFMxR1h5enJOQi15R0NjOWFscjZXc0VjRHo0d2dQVGpUV3dTUFhNQUgxSjY0LUpYbXRMeG91bXM0NjFkYU9uYWFHVklyWkV2aVdHM3JnbmoxdlBpTjVmdTJBNTFQUQ?oc=5","DW","Europe","1779864196000"
"Oil pulls back as traders look for progress on US-Iran talks","https://news.google.com/rss/articles/CBMiZEFVX3lxTE5sSjk1ZjdYVEVyYUJIdUlrV2RpUElFeHVHNGdxb2lxa0JWZFFKek52b3lWZ1pyTDdUemUwb1ppMlQ3ZnNJdnFDZW9YNVF2Rm0zLWtMbkRnOFRteG9TVTI1SDVZU0w?oc=5","Arab News","Arab","1779864180000"
"Former Iranian envoy: Bolivian government’s potential collapse to mark another defeat for US","https://news.google.com/rss/articles/CBMi3AFBVV95cUxQZzB4dXg3UGpQakNKYWhGNXpqNFI1U3hkUHN0OTBLbjNBWHY2U3NBNHJCbmdtQkdDWUt0NjdaVW5TY3lId3huUExSU2x3MVZVaFlBZTNqUFVXcmcwOFRhUEhZcmlsVFBZNy1zVXZjTFVRVjNvOEZDR3FDREZna0d1Rl9hdGE0TXh4c1hzd0dPTDRJY0daeTRVbk5hbmpkdHZZMEZhcDJKUjlodWhrTGlpY3AwUmJfZktJYUxNbVBINTJ2Wk9ZYlRCWGdWcDdONFM2bnNyZVM3dGVacnU0?oc=5","Press TV","Iran","1779863700000"
"Iran war briefing: Israeli strikes on Lebanon kill at least 31 in heaviest night of bombing in weeks","https://news.google.com/rss/articles/CBMiqgFBVV95cUxOenZMTV9pWVdad1Qtc0RwRlZLNWFwNTFZUktOQjBZWTRZTldNM2FLYVZ6NVlzZU9teHJqWWNoUVBSOE5uWXdRd1ladl9feVI4ekg0c19ja045YTZwN0h1UGpnbTNkc0xYMnU2TUtId1VHNmhrTDltNFBWSzVoTmV0NzZIZWtWME8zNVBQTWx0bmJjcWxxX1dvbENYeTlXSWJ3UWZULXkwTFlqQQ?oc=5","The Independent","UK","1779863580000"
"China’s top diplomat says hopes US, Iran reach compromise","https://news.google.com/rss/articles/CBMitAFBVV95cUxQT1hhejBZdjZMODNYay1TNVQ2ZDBJWlVwcjdJbzBGeHBXdEh4eERRUVBWM2JfcHY5VUdqb3d1MXdEdF9BQmF5ZWE2ay0yY3g2REdSd0VpOHhVaGZpS2o2VWJTUzZVck51QVkwS01QekxVbmpLU0RMOW12REdvQUpVTTFiU05pczh2NnRTMzhQdFNUYmlsMG5BeHdlVVp3MXM3UmJiRkM0SVozbk9xRlcxX1NRRDPSAboBQVVfeXFMUG43OXBoNkI2SlBwVEpIU0M1dkY3a0tGQ0p0VzlCaUNad2V0VzVMeGRSRkxldWhGeHBUemh5cldsNFlFYm5sQ3RKbHdPMkl1NS1vVEt2Tk5CYUdSMGRiSEsyZklITnVZMWxndkdLTlMxbXpiMnNEZ0ZtMkZkbHNtd2JOWUphZ3VLeXV2NFpLRlVKYUFmZF94OUV6UG1QOEtYaHp6MHhjX1RudjBoWlRzS0s0OWZFQlEwU2J3?oc=5","Al Arabiya","Arab","1779862380000"
"Iran’s Tabriz airport due to reopen today","https://news.google.com/rss/articles/CBMif0FVX3lxTFBHWmZaZHFlMm9NSUtIbmc0UWVUcVpNdDlQelAzZ1BxU2RHLTZqTzRlVnlsdWdyRFZBYnRabzlJQy0wRVoxMTBabXpSNm1LVXdzMjJzNVRhMnFQMVZ6QmdyYWk3clVSOWRKMjhScFo3MWlDMHFtQzExWXFRVXJpMm8?oc=5","Dawn","Pakistan","1779862180000"
"‘Deep suspicion’ of US lingers as Iran ponders agreement to end war","https://news.google.com/rss/articles/CBMiqgFBVV95cUxQak11bmJ0aENrSXdzN28zazRIeDI4OTZjSFRyUE1zRkR2b1U0TnJ5bFdDQ1NjdkNqbi1XdjlzLXRyci04Yy1FeVJxRmc0SENFZEFvZWxxQmxDUUpOcWxCeUk0dGtKX2FuZ3lZQWJ5bkdkdzdva1RCZ0p1UHFvUlFKV0Q5T2lqckE2cllEbGQzZW1kMlNFSlZCUV81RE9zQWhFV2ZTdVczbVdwd9IBrwFBVV95cUxOMmRZT0RfTDBPYW1OTUpBMXBJcThaemNHcUFBOE5CeEVscUFiUUpjdVBha2Z3R1l6UTZtYkdtcWlNTHdhR0ljeXRaZzQ3aHV4emJFQ2NmTERvc0ZtYjhDOXVnb2tIaHZWQmZSNkQ3OVBoZWRJd0xhWVhzTGtBYVpWVkNTSC1XMGhwNUpXUWtoRFRkT2VmWVhwNGpiV09MVFJPci1zdVUtbjhsWEpDeEFN?oc=5","Al Jazeera","Arab","1779861843000"
"UK Energy Price Cap Rises 13% as Iran War Drives Up Costs","https://news.google.com/rss/articles/CBMiqwFBVV95cUxPM25tYVVxYVhMSWVwNXo4cWY0Um9GWEZXcndDRnl1TGVoMzR5MzhmUmo0VWRUdkdUaEkwcnpUZmZKQUtzVDVDODRvM2hhbnBrZFB2R2c5SVEzU19vQWMzclp1QVVFNVRGUGRVR2owOEswY3RGeUN5dTQ0ZTEwY1QxQmFBbUJDeUdqRU5tcExxazgyZTltcVk4V2QxSDd5Sk1aaEdVcnBXM3NHV00?oc=5","Bloomberg","Global","1779861840000"
"Iran, Iraq security officials hail resistance’s role in regional security","https://news.google.com/rss/articles/CBMi4AFBVV95cUxONGxQR3IzVVhZZ0FKckxWVDEtNFVjc0VNVmJVSUR0YlVJSktWWkZvYUk0cDF1bkJrMDMyMGZCckk0RGw1VmUxcGFLNy13VU8yS3p0RU5zeGN0VFRlbllocUo0aV9WcGlGRFB3cDR0NnBiTjR4VnNQTllnaDRjSEp6TE9BVTJjXzhoc2dqYk5LSDREbnFnajJpdWswb1lueVNJOUlhZW1mRTJucUtQQkZtbU5DWU1MbFM2bGZueUF3UXB1aV9HSHFaSXJWbTQ2M1dJQkJDMUVXZ3h1cDYtMHFfTw?oc=5","Press TV","Iran","1779861360000"
"New study shows the true impact of Iran war on UK businesses","https://news.google.com/rss/articles/CBMijAFBVV95cUxPWUFWb1B2aERDN3dFUGtrcDRlVjRRcUNmVmt6U2xOcHFESjZwSW9pLVN0MXR5LVI0cTFIeUdPWVQyeE9aWlR3a0hlRVAxUkdHRmd4dVdqM21yZW5lVU44UWp0WHRsUnBnRW1ET3Z2WVBPcUdCZ3pSNEFENWlIRVhtOVZpZHdGQU1CX2V3eA?oc=5","The Independent","UK","1779861360000"
"India says 10 sailors released by Iran","https://news.google.com/rss/articles/CBMinAFBVV95cUxQOURaeEJvWUs5OXluYXpjSDQxMF9zU1EwQUV2U3duNW83cnBKRXdDcGZ4ZURPcVJweGxWWmkxNzczSUp1LXI5RHVSRmhxZW9fcUVOelZpekVLWmxRQWFDa0FtVkIzaUtzUUJQMkV3ampLSC1WczBCd1BpRjRzcks5WWFBM0tSeUZ0Y1AxcUttdk5wYUVJSnF5NmFiSHTSAaIBQVVfeXFMTUl1TF9yd2RlN1gwajhmaF9VVXdvZ1lFWk9uX2NvTUt3NjY5dk1TUnhLcVY1QlI0dXpMejk4Y3hsUHQzbUJtZGhSUS1ObjBYU09xZzdWQ1R2OGVpSC0yZElXQ2Z2REhEZHFpNnpFamg0MExibnRwQV8zTlVkellEUWJiRzl5TXp5b2IxWmhZUnBxdTBpc2RILXVkMHBGdlBJQW5n?oc=5","Al Arabiya","Arab","1779860100000"
"May 26: Leader urges Muslim unity as Iran reports US truce violations and downs MQ-9","https://news.google.com/rss/articles/CBMiswFBVV95cUxOQWRncW9pckdmcGV4UDBIMGhicFA2eldZRlBrVk1KLW1oeGptWlIxd0xnMXpQUEdsRTk4ZTlDMzFCaU92d3BhdG5adHFMSmJIM2Q3VTlqSFJ5SVI0S21HVExjcUZ4TDZsQ3lEdUFqSElHNUI5OXB1Und2V3Zlc0h1NDd3U3luLWh3V3hpTHl0YUZyREtrSjdSX1R2eWFRcDFacDhQSzllYUltR2I2V2FfU2RNQQ?oc=5","Press TV","Iran","1779860100000"
"US Navy Assisting Ships Cross Strait of Hormuz","https://news.google.com/rss/articles/CBMijAFBVV95cUxOZjNDaHlRbmlOYnFMT1Yyb1RuXzY0RndwdVQxak82a1g2Umt0Q1llSThpaUk5Vksyd1NXYUZjbGRnc0ZOdjZvOFd0QmpfLUVJT09BZTQ0VVJTZWo5NjI2SG9kWDYzRG80MWIwZE51eDJVTGZzdzhjR3dJUFlYMGJ6R3Rod3dZV2ZPRXMzWg?oc=5","Asharq Al-Awsat","Arab","1779859348000"
"China hopes Iran and US can meet halfway in negotiations, FM says","https://news.google.com/rss/articles/CBMiX0FVX3lxTFAwY0xRYnVZY3poUTd5ZmN5OVJRd1ktamVDWW1SSUVnQW5YdFA2RkdaMTh6dkZ5Wko1RnRIM0l6RTlpSUlESlNsOXNibVdDZ2ZFS3FQMFJ5Z1FqTmNtT1BR?oc=5","The Jerusalem Post","Israel","1779858661000"
"US-Israel war on Iran driving historic levels of global hunger, UN says","https://news.google.com/rss/articles/CBMiyAFBVV95cUxQRFRBY1FzMUpqOGNqMldGVERSbDRYTTRZQmRVVkNwRzRxcU5lYzhoR3ZRTWhlQVZhMHdCNEdFZWhVYnlwMlloVDhqZ2c2ZVdjQklNZk9CMW5UZF9XMU9SZmRBWmwwR0UyQV9jQUJ4SktKaGFZSE5EUmdvc0ZaZXhLR0QwUkVSZUtubXJuS0E4YWoyTmwta3otNzJqa3Mwc1ZSR2E0QmlmcnJ2ZUpSMjIyLU5XRVdPcU5TUDNjUVJFU3l2ZzVzUEx3WQ?oc=5","The Guardian","UK","1779858000000"
"Breakingviews - Iran war deals blow to global markets’ ‘Gulf put’","https://news.google.com/rss/articles/CBMilwFBVV95cUxOMlhfMkVFQXlOMjFCcGx0RXdUSEZpc2NrTkxWRTF6cnBrQlpYWFlqTFFvcHROdFhFZkl6UTZjVUttaWFQRVZUN3JSV0xJakJCVXRBLTRsQlYyNmczbU9HNWJGYVRUbHhFWjZ4YzFXdWhNbXdhWEt5LU14NmtYUVUybHp1dFFGSm9JRjl1M2FYM2pyYXVxNzhJ?oc=5","Reuters","Global","1779858000000"
"Iran releases 10 Indian sailors detained since tanker intercepted in July 2025","https://news.google.com/rss/articles/CBMiwgFBVV95cUxQckdKVkQyT09qd1Rzblg4Y2gwVkY3WWxMR21zVnRjMHVfWnQzZUlmUmk1T2NBdWxRVGREYmVKYmppM09abGxYeDVQdVJpQ3F6eHpobm1mU05ibzdxeVp2QmFHR0hiNjNjWWs1TDFUbW1nbnQ3WWU1WXhfOEVxUS1VcXVGWVJNTmplT1p4a3BzNGZ6RkdrVVFIVU9HZDJ4ckVGLTlnQTRNd1R0OWxPWkJad0lFS0FLN241WE5pUXdaV1l5UQ?oc=5","The Times of Israel","Israel","1779855992000"
"Trump gathers Cabinet as he looks to seal deal to end war that some backers worry will embolden Iran","https://news.google.com/rss/articles/CBMizgFBVV95cUxNVElpampFU2xtNEo5RmJRNU5xVUl5WFpUZ1VSc3pEVkNCYWEwa2JPLUFUVmlXejNKTmFGT0lMbXRqQi1tMkFDSUdvWl85X3N5X3FmVnNsRC1lYVJ3NWNmN3lpZDg1SVcyOXhVV0tHVXFxUml4a011YldSNEIwUDhfNVB0YnVNU3FwNDNZa1BIMFVSMWpoTmRKQ2I5V3RQSElBeVk3eXBLc2dhUG1lckhLN3pjWWdLZ0Y5MGtnT3pqeEV1cnlxNEVSeU9Ibm9EQQ?oc=5","The Washington Post","US","1779855869000"
"Trump gathers Cabinet as he looks to seal deal to end war that some backers worry will embolden Iran","https://news.google.com/rss/articles/CBMimgFBVV95cUxQVEZJdk12ek92NkdMSktFN3VpdUJwZzJvaUVnX2pybnIwNHR6bjJjUnZjNVlhRUplV01UVXRmQ3pkRFF1MU1uaWtweGhEWDBxbGluT3dQbkhta09xX3FQUnpsejRKZTdWNnk5SjhDbTR6RmZFMjlzVUNaS1czeE11TmhZYWkyVC1Bcy1rU2pxTWdHZXpGTEo4SFBB?oc=5","Associated Press","Global","1779854520000"
"Trump might not have a good way out of the Iran war","https://news.google.com/rss/articles/CBMihAFBVV95cUxPWVhPZHVmVEotZ3JSMGpGbWV1T2xVckpaWldkNnVlMERWRVhtNnNrZlN6SlJ0NW52a2xRTGIwLV9yZ2hZTmFuMjYtNzZmbjB5S1Etbms3elJKRkVzaEcySV9mb2VBc21EWnIyZElqSzRQY0tjV2ZVeU5wR21PY0ZDaFNkbnM?oc=5","CNN","US","1779854467000"
"Oil pulls back as traders look for progress on US-Iran talks","https://news.google.com/rss/articles/CBMipAFBVV95cUxOdktTeHl4ZHpzZm0waURXVWVISGZtQzZhMDQxQzEwRkYxVnpzSV9HQzM5ZmVhSkxMSEg3SzdvV0xsMWNMSVBPVG5TbmhDMllLWVM0S2lISzhIZ2ZWU2dST2UwdEtETWZhcGF0VHM3RGxLcXllbG5GN0JtRkpubTRkRzNqbGxqN3pTRTc3ODdqdTFBdnB1WTBYM2MwOHp0VWdBRU16LQ?oc=5","Reuters","Global","1779853560000"
"India says 10 sailors released by Iran","https://news.google.com/rss/articles/CBMifEFVX3lxTE1rRHFmd25zOTRGV2VsUkV2MzFTcU5KNWstNEFpcThVcEx1a2Z2R1VlU1lJX2NLTlNKbHh5cFR5QVF5c08xdTJZQ3F6VktQVUZna0NfZ1VxaFJaRXNxU2U0a293d3U5UlRHeWNlbDBwZXdscXozYmlLZEgzTzY?oc=5","Dawn","Pakistan","1779852174000"
"Iran's leadership needs to solve its credibility problem","https://news.google.com/rss/articles/CBMinAFBVV95cUxPY2V2UHg5bU05ZmI2OXlHZUh0cjFTMkNPc2VTNmRWZk95bzByODM1al8zZWMtTVZaUmcxUWw1b0ZDd2FERGVXVV94M1l3QmlUN21SVHo2WGNtSEoyU3ZVdmhrcWFqWnFEQkRndkNaRm9sejFYREhBWkZWeVBRS3ZsZDR0aFltZTZ5Y05IUUN2SmpIdmJzZFlrczFEcHU?oc=5","The National","Arab","1779851475000"
"Pentagon accepted SpaceX price hike for operating drones during Iran war – Reuters","https://news.google.com/rss/articles/CBMibkFVX3lxTFBIaXgxOXo4MHJNVDQ2bm9NYXZkNnY5a2NEVnBtSTB3Y3FXODAxRlVTTGxOR01OVVVXYVJ4cFhOaHh2c0wtU3RfaXlZc1lDN2xRNVRWZDFSTzVlYm1lM3B3Vi1IVnY4UkxCM1lDLUpB0gFzQVVfeXFMTm4zZ096X1FrOWJFT2lRbWtfQUxieUZMZzdCMmFUOElzLXJvRUZGeW5UOVhZNVpHQ1FWSkdFYVAxV1NlXzZjYjVLZnhsckRMbTRFV2p4XzY2eU5uTFE5dFhjNV9sbDczeEJ5Q0NFVXZCdUlEaw?oc=5","RT","Russia","1779851340000"
"Asia stocks mixed over hopes of US-Iran deal, tech gains","https://news.google.com/rss/articles/CBMipAFBVV95cUxQZlczOWl1UjB1d0lJMHdvU2F2Qy1vV1lWZUwzd1VEV2x0TnBNYzhXQVp2cW5FYjlQLXhwNjlNcjZ3dVhWX05LRUhYWTRVWlpyWnVoenJRYTlfallTZEc4dUw4dE1WR05IOEh5cVNsRDF4WS1UUlctdlU3clJsYXZmNUFiV3NESWJDUWE2dl92OXpIRXo4OUNUZlhtZFdTX09LaXNQcw?oc=5","France 24","Europe","1779851024000"
"Live Updates: Latest from Israel, Iran, and Middle East","https://news.google.com/rss/articles/CBMif0FVX3lxTE9vR1V6d3B2eUZZRzRHcGFDZEViNkZTcy1JOG1DemxXY0Z0Z192SlJ5YkR4bkw2aWtnZ2g2bmFCSGhVbzFsc0d3SEpaV1JGWlFGUGpjalBPUUlqSVp1VHRuUXhReUxpaUpxY3BKMlBNUUx6NkN6MWpuR1ZYXzdQNnc?oc=5","The Jerusalem Post","Israel","1779850805000"
"Paxton Wins Texas GOP Senate Runoff, US-Iran Tensions Spike, More","https://news.google.com/rss/articles/CBMiqgFBVV95cUxQa001Q3RDWXV5NGJJU3hTVXZLc2hrS3hOT0JuMGJObDVKOGI0bnNsRmg0TFlwTG9aVm01ZENsamJPdEh4ek56VXo4UldtOFZBTkR1dzRzQ1dtcE96M1RicF9MRkVQcmpXRmtxeUhtWlpIaHBXMGNxMUtyS2VLZ1VzcE5PV09fT0NsYXVvMy16bUUyZkd0dU03YzZpcHlFQkw4VV8zRjlSZXF4UQ?oc=5","Bloomberg","Global","1779850749000"
"US senator slams Trump’s Iran strategy","https://news.google.com/rss/articles/CBMie0FVX3lxTE5CZGtDVm4ybEVFMWUzWDg5X1FURXpDUkVZdjRUSTBRdnRNemtiSWtXeHhxenJiRUxaY3VZSEgxSWJkNm9hX21nR2FwWkpNU3VVYW9GUWlLMmp5aUl3YzZXUDgwdUlVNFlMa1ZzbTQ3NThmY1d3QnUxaXQ1WQ?oc=5","Dawn","Pakistan","1779849466000"
"Indian shares likely to see a muted start, focus on US-Iran talks","https://news.google.com/rss/articles/CBMipwFBVV95cUxOdjhMVnZ4ZXpwNGROR3VQSHZnaVBRUFlFMUoxZk42cFBqYVdOM1Ytc2NOZ0tvb080a1dzRVVmLTZFSzhmSUx1ZFFNX3Q4Y1lLOV82cVI5bW1wakoxTWVyLUl2dG1vaTlzVDVhS05YSVlsZFBiNi1xLXBDTzRTM1NjTEcwTXFHTDJPbnFDN3ZzOHFRWW9lWTNPMERURkxSOEY5VDR6U3hBcw?oc=5","Reuters","Global","1779849360000"
"Bloomberg Daybreak Asia: Hopes on US-Iran Deal","https://news.google.com/rss/articles/CBMiowFBVV95cUxQUlg0MExORHYydW9BcjdMX0wzNmVsSFVycGR3cHFoV3lzRmRLY2xUTUt4anZpVlBpR2NqSEIxbkZJMHY1elFiM09PMGRqOTA5MWhFYmhJd1I5SUZSUW45NTUyRzBXQ0N2bHhVb1d6dFBCM0dlZlpZRE1LcHhoZTYwVEJqdm5JS0RDUEh1Tmx6NmlTVEJtdjF6TGVjWXFxbnRXY0pz?oc=5","Bloomberg","Global","1779849151000"
"Impact of war in Iran and closure of Hormuz Strait felt acutely in Afghanistan","https://news.google.com/rss/articles/CBMi0gFBVV95cUxOZXZTbldSeFNIYjVfOGYwdjNNdmRuR0lNbWRYVUJySHVMOTF2M2lFU2lJU0Z4MmxRb19Lb2tQeHdNeVlKZlZhUFZuOTFCa1NXZ0FxLWl6aXhla0FpYlNzdDdLRnBkdGJfNm9odE9oODcxdWJkZ2M5dWYwdzBTVzh6YnFaMkprRTZsckxEam1RTnQ3Ql9qVDNSby1YUy1XdHdTdnF3VlFoZzhnQkE1UUVja0ZNZ2NvTy0taHlQMEt1SU42RmppdVpRMGNZck5TN2x4aWc?oc=5","Associated Press","Global","1779849120000"
"India rupee may slip past 96/USD as US-Iran worries keep flows and mood weak","https://news.google.com/rss/articles/CBMitwFBVV95cUxQUDlZelFzYWp2a3VmODB1SW84aGFYaEYyRTBvSnJIa0NOR0stOEtMbWlPX3hwWU1JVEZWOXVDMlFkcFVJMUdCRnJWNDRtaTZ6cUFSNF9UOERTeU1ZV2w2d1BkV2hJUGl1X0FPUkkwZnpwZ3lNRWN0QjJTLXRKa000N2tiZVpJR1ptbjU4SXoyeXRFTlFIQnJsYXZwUXc0SHhVY2tiV0cxcHhUMGZEYVhsNzBvM2lLVlk?oc=5","Reuters","Global","1779848520000"
"Base Metals Advance as US Touts Progress Toward Iran Peace Deal","https://news.google.com/rss/articles/CBMiywFBVV95cUxNMXhmYmdlZGtyWWhKUFRTcF8xYjNfdmk1bnVqQ0JWTHZxLURydFNQdjlRUE42N1l6Z0c4OVdFUXMyYzlnM2pTTENrRW5JTG0yNS1jMENEcHJUblhNcnNfeV96RTJsLUI5MzVPX3NRM05nbWVpVUplLWE4Z0FZdnN3WWdqSER3UThXeEVSVDVvSUlBdlVoTHJ5NDlFVWJjWTExVWdIemQtOGhEZXJPUzg4WTlxc3Fxa2hwdWZDYlQ3akNJMkU1TFBQX0FJcw?oc=5","Bloomberg","Global","1779848460000"
"Nearly two million gather for annual Hajj pilgrimage despite war in Iran","https://news.google.com/rss/articles/CBMipAFBVV95cUxPcFJ3S0VkR3V2VnhySlM1ZXR6M19lcmR1VDBoZ2FybE5oV3ZqTHB5VGRfM0JnYzhpa1lsOFUzd042VEExamdqRENjcXFVWDdvMjZPcXoyaXdzejY1b3dVT2QyTTJhMGY0b1NCazRQSTJIcV9vUzBxNHhkUTgtRkQ1V2l3dkJ2aFJ1cU1aaDBCTk12NHI2MEZoY0JWZlF2UHI2UVFWRg?oc=5","CNN","US","1779846540000"
"Internet partially restored in Iran after months-long shutdown","https://news.google.com/rss/articles/CBMinAFBVV95cUxNRkFoWl9JbnQ2VldsNWdLUnJ4WHZRRUpleUhBZHdWYjIyOWNmX2lONVhxZlFEOVo3Zm52VklsN2pXeHRvM3puX1YwVlFiaHF5Q2RpbXpNYnc1RlRZQnhOazNlUWY0N3Vld2FNc0tjYlZWWk80SC0xS1ZEMjdXNjROMjZCdHQwS1d2YmpjMUlHSnJQcmFtbU5jZXlCRGQ?oc=5","Dawn","Pakistan","1779846497000"
"Iran vows not to let aggression go unanswered after US violates truce","https://news.google.com/rss/articles/CBMipgFBVV95cUxOaE1SUXdTU0FpdWRFTTk2VWdQY2E2eFNqM09MeGVqZHlvYzlKZldQSDg0cmZiVGVLNUxkeUdwWElHWGxOM3A4YkY0THNWZzR1QzVxLTJDaGJGa3pIYXhJSGpMVTVDQVRwN2FIMHR3OThRdThka3A2LVdoQUZOWUZ4c1NaZ0tQb21MX0JlMDVzUzYzblR4TW5KRnBYWXN2LUhkQ2FmT1Rn?oc=5","Dawn","Pakistan","1779846490000"
"Iran vows not to let aggression go unanswered after US violates truce","https://news.google.com/rss/articles/CBMipgFBVV95cUxOaE1SUXdTU0FpdWRFTTk2VWdQY2E2eFNqM09MeGVqZHlvYzlKZldQSDg0cmZiVGVLNUxkeUdwWElHWGxOM3A4YkY0THNWZzR1QzVxLTJDaGJGa3pIYXhJSGpMVTVDQVRwN2FIMHR3OThRdThka3A2LVdoQUZOWUZ4c1NaZ0tQb21MX0JlMDVzUzYzblR4TW5KRnBYWXN2LUhkQ2FmT1Rn0gFOQVVfeXFMUEZYRXdVdUtmX1B2bzh2U1N0WDcyYkw4OEwwY0hvV0JiRUJwdlNOU2N3ZHBYY3hsN2ZYTkVzeFlCa1RnVkxsdEdHSjc3bUdB?oc=5","Dawn","Pakistan","1779846490000"
"Households set to learn of energy bills hike from July amid Iran war impact","https://news.google.com/rss/articles/CBMirwFBVV95cUxPV28wbm15VExKVmMycnlybGNueUhxZGhWYUJ0T2FNZVR3Sl9wQWhRUjdRaTk5MkFhNkZzN01jdjBFcDliZWR0ZTltcEVWMWRqbEdWYnpxT1RRMWU4ajRtejF3MTk3dUkzbGJseFc4YUtGTGg1aVFZZS1MQ29iR2xuVjVRRzY4TTc1TDFJNDRnWFU0ZEVoakFkRlFFWUx1WFVDN0dCb2wwYXBTVmI2UThv?oc=5","The Independent","UK","1779846300000"
"‘Makes no sense’: experts doubt pause in US arms sale to Taiwan is due to Iran war","https://news.google.com/rss/articles/CBMirAFBVV95cUxORFdHYW5lMmpZaXUwanRDZC04MC1lSEhnOExSQkt4Z1htR0NWbVlWb3hydEtSMjRaWTRWdEZCZXpvOVh3T2pxOW5sYkVCTGo4WDYyazZvMHZ5cnRNWFR5NTBiV0tSWjRONURTWWJxNGZ5NlV1TldEZTFTcE9LcEFKWWtCWHVDWTMxQlBuNEVsQ19VaXhualFpdUhDVkFqc2JlU2V5TzZmZUdsUFlM?oc=5","The Guardian","UK","1779845040000"
"Gold edges higher on weaker dollar; focus on US-Iran talks, Fed outlook","https://news.google.com/rss/articles/CBMisAFBVV95cUxPNVZfYzNvRXo1cFItQS1KWHIxUHZ0eC1Cck8wZklZcGtFVC1Fal9GSjR2VnBYN1NxdTBsYWpwQ0Y4cjNtMkJKSkM1NnhvaURtdUFPTGg3Ym9nX0YwRHJXZnU4ODBObjhFQll0c3kwWEJYcUlTWWxwMGVjVk9MdUstNC1GSWZkYV9XUWJoNTQyUzktZTJibDdnMDFMOTVwZzJ3U1pYVGNDWVBPSXppSDZqVA?oc=5","Reuters","Global","1779844800000"
"Trump news at a glance: Iran signals ‘bad faith’ US strikes will not hinder peace talks as Trump calls a rare cabinet meeting","https://news.google.com/rss/articles/CBMihgFBVV95cUxQM0lPWm9sbHAtdXhZeHlPVzhoay1teEZDMTM0RWRZY2FYd0d3blplVGdzSjRsZXdsZWpZY3ZPaE41dllxR2xGOTdqamxhOGVlYmc0bFpkdUVOREx0SnVveWV1TGtMa29FTGxqYWFzLXB0NGtJUU5NSjBpTmZqc1Vobkdfc2ZTdw?oc=5","The Guardian","UK","1779844260000"
"Yen hovers near intervention zone as traders assess Iran war outlook","https://news.google.com/rss/articles/CBMivAFBVV95cUxObnNiSUxTdFpSVEFxWXBHTXowR0pwVFhBQUlibzR0M0p0cEdScXJaeERmYVFCSzloZnhKQW9WNmc2MTdUSDN5Yzd6ZU83UHljRTJIYTZubUpGNTB1cmhhRnlUNWRfbmNuZHJBc3Vpc1l2U0ZlN1NodHk3RjdJZkVmQkZ0b3FUMUxPSkNPX3ktZ1FrUk1nc3dBYVZ3Y2Q1VTFNdGZkRXFEcXNESDFMTWoxXzZCRW50QmxyMktKVg?oc=5","Reuters","Global","1779843840000"
"Four in five British firms report negative impact from Iran war","https://news.google.com/rss/articles/CBMingFBVV95cUxOdlRsLVRQX3k0bGRRQUo2ZDZpaXpwME5IeG5nSzA3cEdPdjlUS3c4d1ZQZ1ZDYjlCQmR0TVBJT1YwbkFKakdxVk55cldVaS1LeFZSYTF6V25TU3JNa1c1U2VxVjE0aHBNNlZsWEh6RVF4MkVwTTJvRzNwUEt6QjlUSHhuT284RXYyNE5HZ25jM2JYVzVMU0ttX0NpdWQ4Zw?oc=5","The Independent","UK","1779843600000"
"Asian shares climb, oil holds gains as markets eye Iran talks, central bank moves","https://news.google.com/rss/articles/CBMigwFBVV95cUxQdV9qQk1melo5ZHFLUTQwdUptamlUWFQyVzRzZHNMVTkwVDdWcDgzaVhiYUMwSHZwU0VyTVJZT3lCMTRlTVozVnNEek1aNkNTdW1Ha1JmUXlweHhrbUZCX2dQb1ZZb052bFktd0ROSmhtNDVTblc0RjFpamdUeFFKX2NlRQ?oc=5","Reuters","Global","1779843540000"
"US-Iran Tensions Spike, Stocks Jump to Record High, More","https://news.google.com/rss/articles/CBMipAFBVV95cUxPS2JTYkZ6NFJ1dnhGUEVfcVBITnpHNzRfcFBvTC1QcllGRlU0SkFoaUJaR29jaTgwdUVodS0yODZ1dklXUkEwblZ6TGZXTlJmeVpYcmlsTGRtODlMWTBZWnVBOEhUQXExYUhFb0NXUHB0MXh2dEhWZ3RTeGFhQlZDdUgta242allyQTV5dXhQVUw2SVNPb2IwMkJHUnBCTEh0R0tyXw?oc=5","Bloomberg","Global","1779843304000"
"Jesse Watters: The media is boosting Iran's bargaining power","https://news.google.com/rss/articles/CBMiVkFVX3lxTFA0QV9GS0RKREZvMUw4eFBmemVCaXFxb3VrMWJwSHlkdG1JM3ZkVUNIWjFScTVvZ29nYnBXRVExdkFhdUZyZEhuQWFQTmV4ZGJwQXB2M0ZB?oc=5","Fox News","US","1779842570000"
"Oil Declines as Markets Gauge Prospects of Hormuz Reopening","https://news.google.com/rss/articles/CBMitwFBVV95cUxPeElqTWczRW5XazZxek1CZ1duaE5ZUERVdEhEdlhpTmNUbnNYdEpydVVValVySm54UzdHS0lpVnliUG9IX2RIaDc2Q2duOU5MZHZDZzVaWmlYbnczaFMtS2pWZlpjOTJPZm5CRnRCa3ltTkRGSWVUV0VuMHp4anAxOFRTRzZXRVdVMlFFNjN5TmVEYXYwWFoya3lxUXZhcWxFMlRJRVhUeVZIZVpFUkp2R21mMnBhYkE?oc=5","The Wall Street Journal","US","1779841860000"
"Adnoc Exports Another LNG Shipment Through Hormuz to India","https://news.google.com/rss/articles/CBMirgFBVV95cUxNWGJTcTYzV2Ewd2tSR0NVSGNVMkl1QUI2YkJOdjJlU0EyQktMSUhEMDdYc0JIbmhiMWpYc0w3U2NBMUE3cE1uM1ppTy1tMWpTSXN5V1hIVkVsSUthcndya28xUS1aNEY5T2o2bG5RSmZPMnp1M3B1U3o1NXB2SUJXbWlHdElmbWFtRXFzNm50ZGtNRUhRUXJma0owS2JDTkFSN2k4czdnaGJxT0tucnc?oc=5","Bloomberg","Global","1779841080000"
"Chinese FM calls for advancement of U.S.-Iran talks","https://news.google.com/rss/articles/CBMifEFVX3lxTE0yT0ttWWgxN2hVcHNJTXJJenhBZm9RRHNLeDNNaVJsaFRTR3RYYU1obURsVm5lMTB0cDVZMW9tR3NPcGJROXc5WUpnSlBPWEFOUTBKY2VSaEJJSEtpRmVNYzBzQ0UxZzluY3BtbWxjVFBtVTFkSGN1M3N0NXk?oc=5","Xinhua","China","1779840017000"