headline,link,source,region,published_at
"Supreme Court Allows Mail Ballot Curbs, US Eco Pressure on Iran, More","https://news.google.com/rss/articles/CBMirwFBVV95cUxOZ0pTQ1dwWlF2X0Z5OVVYaXY3OU5JeEpNT2ZMUGNxbGhUVWJTODBtU29XQ2NyU3A2Zk90eVJySHJQbkdMZFRPNHYtTXJEamJhUU50MENfbEU3TjduSXRDQzlScmlybnNCYVNJdDNqb085TGRYdUFSTDBfLWtsYWpCSnRsQXBuQUFVakw1ZXlVcmltLWVXMm0wWVJzckVCUG8tSlNlY25RaG5GUkNFbzZB?oc=5","Bloomberg","Global","1787616285000"
"CDF presses for end to US-Iran stalemate","https://news.google.com/rss/articles/CBMigwFBVV95cUxOZWVBY0h6dXhzRUZ1MHU1UlEwU096RUIxUFFGNlM4cXk2eE9YdUU5RUNYWVo1RTBhSnYzdHI5R2J0QnBwMjJVVGdOekFiS0RVU2RwcWlzSWo4bGEyWS1MQ2laMnhlXzVzX1E3eWtrUm12VDNLRXktaGhYdDN6OF9hY2hVd9IBiwFBVV95cUxQWGxCMmFJeFRnb0t1dnl6VFMwcmVHZk9fX2s1dUo1X0RFQnh1TE02QUQzU1R2V2hWcEQ4clJjS1FDYnI2a1c3SXdJcTFmWVFseVJaR2JaSEtjSmZoc29KVkMzbm1FRFdyNnZpQlJvTDlkWDRFbXZ4YjVRWmVNUG9IbDVlRTVqYmMzR2Fz?oc=5","The Express Tribune","Pakistan","1787616733000"
"Bessent's D-Day sanctions are more Anzio, but Iran response is key","https://news.google.com/rss/articles/CBMiyAFBVV95cUxQMkhfQWZkQ3NjME44ZDJlVHBscXZyUVJFclJBN0Vha2M2Tk9HNjA3R3IwUDhfZUJRcWVKV2ZFZDQzbWpmalNENWZMZFNOZUZfbHNIbktZVmxaelAxMmhvT083NjM4eHhhblJqSU1HQ1JyU2Q1YW9UdkdSZlUzMFAxTDZaa3BzeUUxMjVzTEdZbFA2X0Q5NmFrTEhGMU5HSXNlTU45Rkdoa09jNVdsbGdiQ3hESGJyQVFRdkdNU0dJei1KT21vN2ZlQw?oc=5","Reuters","Global","1787617980000"
"Iran war: Qatar denies holding missing Iranian fighter pilots - DW","https://news.google.com/rss/articles/CBMivgFBVV95cUxNbEI4dGpWdVQxdkEzSDZITm5aTlptZ0VVbjdQX2E1MGlfQVJzY2VaVjVnZFAzNnA1dEw5TGkteXFKcGU3SkQ2VmFTZmRGMTNWN0pCQlJKZzJJUEpNNEpPZ2R6aXJIby1iMDBQLThqR01KU0FraDgwb3hiaTRiMGJEUlBJRUluWUFob0NsSExORXBrallxekZhc1VrYUpvdVVGTVAyVk52dGNyZUtsY2pBcFkzUEp1RWNuc3N0OVRn?oc=5","DW","Europe","1787616120000"
"US threatens 'economic D-Day' sanctions on Iran","https://news.google.com/rss/articles/CBMipAFBVV95cUxOSFlmYloxMVpRc05CZFlNdmNxWGx6Q2xmODVOUVVYenhwanNRNlJ5UE80SmJxYk9NaG5DNEF0cEU0QlFZU3MySWhpaFV6VHdmeU0yZ04zMUZ0TEFjLXZrNVNtT3hzZUN2azBWZnZrQzF1SHNMclB3YXppMWItNDIyeDl3VnQ2ZnFRaHFvNzZLcm4wX2RkOG02U3Z3Rm54R2ctbW5DTA?oc=5","CGTN","China","1787617889000"
"How US sanctions on Iran ripple through global markets and consumers - Al Jazeera","https://news.google.com/rss/articles/CBMiywFBVV95cUxPampIRHdGRURCbEw5MUFwYV9nTGhNYlo5SHZIVzRDVEI0QTliaEZsNzFTZ3FiUS1peW8zcFZVa0tiZm8wcWs0U2hSRXNuNExqbWRHOXBZTklha1piMklpNDl6Z3lqYlJXdmRGdF8xLW5faXNXcFNVTHRJS1UxS0pTeHRySzR3NkEtOVRMTzNFVUh5ekxoUHEtRElUckhZTVZQbWVGZGc3OUo4b1pRMjE3NjBEeXdjV3NTWkRJS3p1NHpDTlJmLTRMdGdTaw?oc=5","Al Jazeera","Arab","1787616188000"
"Oil prices steady as investors weigh impact of expanded US sanctions against Iran","https://news.google.com/rss/articles/CBMixgFBVV95cUxPeWVpMEdoenRuUHdzUlpxOG1xdVdSMTItdmhxNk5MUGc3YmdGLXl0S2EwYkNYVDV6LUJtaE96QkVuUFhqQzdORlVFdmRJTDRFaTVtSlNTZlh6OE9rQ0ZqdzJOWmQzbjVtWHJxZjFZNmo0VVlzRDRnYzJ1UklrQ0lNOHNCZWdZRVgtdXFZVnZGNXdlQVd2TlN0UjFhS2NNYjByTHBnZTY1NVpXNExJeGdObFllQ2lSYjNzRGw3aGh1ZFBuNmFnaUE?oc=5","Reuters","Global","1787620748000"
"Iran vows to retaliate after US widens sanctions","https://news.google.com/rss/articles/CBMimAFBVV95cUxQV2NneVkxY2I3clNhUzloallHZTVKV2h5N2wxbGNwWVZlNEZMRzBwRnJXRGdmYjdHOVl0ZFZHYk1fR08xQmY4VnhEZjAxRURrUHRrLWV2NmlsMndTQ3UzN1VyR3luekZMUmUtUE9ON0FnMGxiektWdG9RUlBJOXVFQjVoa3JnUFp2MGlmamJuTDJEZF81Rkp3NA?oc=5","Reuters","Global","1787619855000"
"What's the 'economic D-Day' against Iran the U.S. announced?","https://news.google.com/rss/articles/CBMiZ0FVX3lxTE4xR0JGNEpPTWJnTmtmUG9iUjF0QTR4SkdzV0FTTVFnMkNzNW9scFo3d3JRY1Q3MzhmUEpfYkIyWDBvMHVxMWNHQklZWmxGSGg3WkRxUFBwMDFVVVllQ2I2UGwzVTNHNm8?oc=5","Reuters","Global","1787619452000"
"Supreme Court Clears Trump Mail Voting Curbs, New Iran Sanctions, More","https://news.google.com/rss/articles/CBMisAFBVV95cUxNV2JuVE5UUTNrcXV0Tll2a2tkNE1HdE5fVUFrUWNRb0NzcVFIZWN6YmdwQ2ZoMWVyWEw0cTBjamRzYjA1UFVFRk1pQ3phTk5WdmxWZDJpTFZYTHR1YlZNdUliOURFLVMxQmJPVURjT3lvbU9aa2dEdjhCRGJ2YS12UmcyMVVjRjZ1T2dNZE9BSEM2VXFsMWVHOWc0RWVGZVNsNVA3alM2bE9rMDZkTUFheA?oc=5","Bloomberg","Global","1787619056000"
"ECONOMIC ASPHYXIATION': Bessent outlines Trump's plan to choke Iran into submission","https://news.google.com/rss/articles/CBMiVkFVX3lxTE9KcFAxVE5qT1pGcDVibFpPX0xlUzNfRkNqcWpBd1ZrLV93SGZMMlprNmFHYU5NX0xCYWhyOFlxRk1OR0FFY0xDMnZ6Z0k4YW5uT2lXaWhR?oc=5","Fox News","US","1787620781000"
"Court Backs Trump on Mail Ballot Curbs, US Warns Iran's Partners, More","https://news.google.com/rss/articles/CBMisAFBVV95cUxPa3ZsRE5URE9FN3pEQ3RkODEwVEtMMzhsY1JwX1FpVllfTHl2WVpFVy1ObjVJcjRZdGxVN1dHNVBKOFJuM3NKaHBZZTFjUU91ZU1uV200cG9pWng3V3k3Q0t4X3R3amFIaGpNY2FhR1V5aVhDZHFmRjZGTUZzUzBUWEdiZFNlYVZISTU4YWhKRzdMTDB3VVp2bnBsck5MekUzcXF3TTA0NVB5TWppdTJfaA?oc=5","Bloomberg","Global","1787622430000"
"Dollar struggles for traction as markets weigh Iran sanctions, Treasury buybacks","https://news.google.com/rss/articles/CBMiuAFBVV95cUxORld4THVaUUFJWlFtRmRFeTI5SlliZ2ladnZNa2htLS1yeXBwcGY2UjFSVE5heHlycC11ay1KR0pLRTJKVGk4bUp2cVVwcXZsUE5kR0JCM0hTRGlRZk5WT1pDWnhfd0JKcjFkbUhlNHVRd3lpWkV4bmtDUG9CSGJCWFhuTFFfY04yb2FIOGtNYkxhS1N0SlJVaXhFTVN1ak51Z1lvaDVSaEVsb2J0UEFjM2w4THk1SzdY?oc=5","Reuters","Global","1787621460000"
"Guardian-reported letter seeks Western support for war on Iran: Analyst","https://news.google.com/rss/articles/CBMirwFBVV95cUxNNlhYcWhQSUUxbExXdG5ROTNWT1Nvby1qU3BrUHBadHFIOTB2SHpDNFlTZUlIc2FjOC1hMnlJclg2ZG1JZ0JwMjJ2OVF4dV9Kc3BILXQyUk5KRFlRVllyN2RkNDhib19IZFZqbnhBWUE2MG5ndEdSQS1UejhNeDBCMm1JMlMtcXRBS0J0SnBUR0RBWFh3a0hNR2ZTeU9FT0hOUFR6WjVBYlYydWkyZ2RF?oc=5","Press TV","Iran","1787622300000"
"US broadens sanctions front against Iran","https://news.google.com/rss/articles/CBMiiwFBVV95cUxNVE0yY2FwcHRlZVNneTVvTDZuV2p1S2dhYlQ0OUFneHZRaWtDQUJCUWd3LVpiVkp6Y0dQZFNMYVNDX0lPTTcyQW1SMnpsV3czSUQtNEYxREhMQWh6NFROTVltQ0RUMk5GVlV6LUVFMVZHUkoxTTgwZmpKT3NRQVdKN1RVckN6QlhtQ29r0gGLAUFVX3lxTE1UTTJjYXBwdGVlU2d5NW9MNm5XanVLZ2FiVDQ5QWd4dlFpa0NBQkJRZ3ctWmJWSnpjR1BkU0xhU0NfSU9NNzJBbVIyemxXdzNJRC00RjFESExBaHo0VE5NWW1DRFQyTkZWVXotRUUxVkdSSjFNODBmakpPc1FBV0o3VFVyQ3pCWG1Db2s?oc=5","The Express Tribune","Pakistan","1787620250000"
"Live Updates: Latest from Israel, Iran, and the Middle East","https://news.google.com/rss/articles/CBMif0FVX3lxTE9ncHNscWtxLWZ2dWFPU05nTVhtd0d6ZGdxLXhWallEQS1tOU5hVWNTSXEwdUVWUER0dG0xSjRBRDJyOTdoUnlBekk4akJXNTRrSnN2VXdHckEtM044RGFLdDJESEJKcUg4b3BCdTZzWC16U1poVk5lbWNfS3lnZkU?oc=5","The Jerusalem Post","Israel","1787619605000"
"Oil slips ahead of US sanctions on Iran","https://news.google.com/rss/articles/CBMifkFVX3lxTE9ySmZRelJ2LVR3dGliR3lfQ3Y2bFJZeFpTbWZ2QmRVVTRiWkFGSFlxLWhLNWFwUlRvQ2FvMVo4TjZaTVRteU9GRGRTaDI1X3JLWUJqQ3VudlNDZVprOFcxUFZGTlBoREZUYWFRQzVSN01TZTMwV1ktbHdHdmd1UQ?oc=5","Dawn","Pakistan","1787623877000"
"Amid distrust, Tehran wants US to initiate de-escalation","https://news.google.com/rss/articles/CBMikwFBVV95cUxPempsc3k3Uk44MGc0aExDbG1vZkVrcGxWTmFRd05aY0xLbGxUNi1IbXpoS25mTVM5a3hraG50Ml9sZkdRZU5EUS12TE11QUV5TUp4X2laaGR3S0pXNld2akNISEJqbFZqTUtHSWJuWDZodHFSUmItcVd3Y0lBM3hzVVdkcENabW5FenUybWhTdGFuRXfSAU5BVV95cUxQdk5EbTluV2Y3WDJrMTg3Uk5hQ3pScHJsNWhreEpCTUtLeVdGaGk5b3NaUGV1cG9NZGZ1R1F6Z2ttY0lPLUh0a1ZTZkRVSWc?oc=5","Dawn","Pakistan","1787623820000"
"Pentagon chief says administration is not ruling out military force against Iran","https://news.google.com/rss/articles/CBMitAFBVV95cUxNUUl5Q2gtNnVRcW5nbV95UkxPY1JHWXFBT3JJTFpXakwybjAxWEZJT2J0UERrX0ZNQVZRbFlJaUpVUGVrRjZHbmhMdGp3MEU0S3IzSEJrdGp0cHlpc3dLSmJxQ2FoSXpNYmlVWGZzMHhhTElvM28zWUtqbGFKUk5ILXBRZHJxYm9iOXBldGpXU1Q3a2xrbVZfaXRISVVkWUM1a3BKQm5RWWJKVElDRTlNYzZQT0g?oc=5","Dawn","Pakistan","1787623409000"
"Iranian leadership appreciates Pakistan's efforts for peace as CDF Munir concludes day-long visit","https://news.google.com/rss/articles/CBMiygFBVV95cUxPUllvenJzczNoaGM1RFRydGNQV3RRb1dvdVdqSF9JYjlHTjhvR2xNcE1tUFFzVEdRSkU4aEVkMERjd2xmakdCY29xelJteU15ZUJNN3FJM3ZHYzJ5VmVqN3lfa2tWd2pTWW1yS1dvZ0Y1a2lRaDNkQXpjT2dIMHZZVkNhSnZoZEJiX19kNFZ2V3U4bXVrUnZFeThkdGhMTmtCS3Fpa2JmM1RidHdmSC1jQVh0MEdyQk5adzVLdmY5bm1CcERnVXBVRm9n?oc=5","Dawn","Pakistan","1787623276000"
"Iran predicts 'another defeat' for US after Washington's new sanctions","https://news.google.com/rss/articles/CBMiowFBVV95cUxNTUNXUzNsZ3MwZVVhdHBRTGIycFc0Rkg3SVgwanBpaG1QSzlQemsxQ0NFSkRvQ2YxS1htWHRvX3NiaDZfdnlBYjd1TWx0YzdWbFBhSDB5cWJqRHFaLWtfNzFYLW9HSzlKRks0SGlEaVVxbVVvZkFDelBQMllnbU11NGgxV3lBSnVPTmhzWUZwRmdlaVdYUlB2WlpjdTR2MjlHRTlr?oc=5","Dawn","Pakistan","1787623154000"
"Hegseth refuses to rule out US strikes on Iran amid sanctions","https://news.google.com/rss/articles/CBMiqAFBVV95cUxQUmc1WFlibGt5OFlQQ2pRX2RBN1ZacVZGbDVpU3NoMEpOSFVxSDhTNi0xMlptbWxnTUpLY0JaYXNGQ01XTFF0R2g5b3ZmakprbmlXMWp3Sm4zc3pramVqZzJSOFM5NnNFQ3VHamdaRWlxWF9yeHBxUG9BRlBFMTdZbWhzbWZTUWNoYk9rdnc0WlRiMUFPMjdKbDZiS1FrUnRBUDdRMHdyc1Q?oc=5","The Independent","UK","1787623140000"
"Netanyahu got his Iran war, but maybe not his desired result","https://news.google.com/rss/articles/CBMiqgFBVV95cUxNRHJDV1lzaDZLeWw3dmliNkhKVXdFM3RKRTJqUHRDamNWR2taOC0xRDBHZVFRSVFHSTk5T1FOdWc4d29xN2lSMzRUUGFpcTNzdXBhVGRWWVJINmdQYkhHNXhiVU1qcE5NRjhSY0JmanY5T0JhM1hDSFBMUV9ncHg2THhjVzJQRUJYOV9DOFJFTmVBZnpLak5DTDNxb2lkcGdRSXhXOHdLNm9jdw?oc=5","France 24","Europe","1787624350000"
"Trump veers from boredom to denial after six months of Iran war","https://news.google.com/rss/articles/CBMirwFBVV95cUxPVVltNXBNRVI2NkxqUmRwZWVSYVo1NmswSk9hVDh4TkVjQ2g0Wk9vdHhtdDVZeHVZcjZ4RkRoaF9GcFVLQVFyQTN0UXZ3WFhtYlVjUEhQQlFZOXlUaDJXVU5JWTZycHp2RGY0bzRLREg3TXRSUTMtSlFLN1NLZ2JJS1FiNkpwNFZ4X2VuRmN4NXFRMlpQX1plZ0NUd0txa0JHb3dJVWhjdGZfVUpzb2pR?oc=5","France 24","Europe","1787622925000"
"Once its saviour, US puts Kuwait in Iran's crosshairs","https://news.google.com/rss/articles/CBMioAFBVV95cUxOWEpGSkpaRXk4UDA0SXVpUHdKVWNyMk5VTGNNY2VNRlhCVk1tWHVTVURKZUZUZ3ViaUtSbnFybmJtOFluTk1YRm1rWlVDdzBxckUtZHFjZUZSd25fSy1HVjlkSU9aQzBnN2ZtOHV1alduclJCRUpQdDg0V0JqbFlhejl4ODQzV0ZMbWlKWUw0SUNUbUJzREpibDdRSEcwek5J?oc=5","France 24","Europe","1787622679000"
"Iran's currency hits record low as U.S. moves to unveil new sanctions","https://news.google.com/rss/articles/CBMifEFVX3lxTE9QU2RYZExTeWs0cXdham5TSHhGcmpwWkRrb1RLVjdRWkRvUk92YWhvdWxkRGthd0RQTU1RQThzdGwzenczUHBSbEVTbEVpNE9vZFpNSlJqVzJ1R2RNbjIxd0ZvUjhDOVRkMEpBakFacVRyZlZEWXBpWk9URmU?oc=5","Xinhua","China","1787624925000"
"US announces plan for ‘economic onslaught’ on Iran","https://news.google.com/rss/articles/CBMiigFBVV95cUxQeVpfOThycUdVTm03RFVVaFNYNkR4enJZU04yaVBLby0wMzBhYVFvNlhRLWdvdDRyWnFpQWJnTkpUbDdFNFZITmdsdHR2ZnZUbENfVUlMV3l1bFJQZG9haVlUdl9WYTRRaDViSElUV0hXN2U2cEZvWkl3d1F2endFdUU5Tko5ZW5sVUE?oc=5","Dawn","Pakistan","1787623864000"
"Bessent’s Iran D-Day Threat Clouds Outlook for India’s Rupee, Stocks","https://news.google.com/rss/articles/CBMivgFBVV95cUxOYXFjX3cxWGJtNWlSd1N4NThNWWhaaE45UG1WTlRIalplMXd4aFNZTVIxcUxxZkdZZXpTTUlETmxFdnZnX0lJTE5oMWVMVjVqaEFKLTNnaF90LXdPWU5GT3VPSVpNRDM3M3JCeS1MQ0gtelpwQnRESUdjS2hyZklNa05laVFiWUlyblFTaERGcXBsdnUtR2M1WmpQQ3dOOHZXdWt6aHBnZUJkMk9WZ0VKVWloNFg3TGo0amZRaG9n?oc=5","Bloomberg","Global","1787626170000"
"Stocks stagger and oil rises as traders eye Iran threat, Nvidia results","https://news.google.com/rss/articles/CBMiuAFBVV95cUxPYkxoTG42UkJUNHBFSHhhRFlyUjBHT1RZRHdKNWVxcDl6c1EtcG5mQWxEMTRCQVVlMjkxVGRmMndCSXVnOTJOTmVjSzJBMVRwSlJCelJOYkZBVjhjQWxuZWt3QlZIRzl0M1gxM0JUMUFNeEQ5Vld4TDRKUG9TZ3k3Yndzb0FWNGZoWl9xQ2RYX1JNTkk0MUo3VzBLQzVKNGl5ekx3YlczWmxJUTFNVEFqTmFUM19BOTU0?oc=5","France 24","Europe","1787626029000"
"Supreme Court Sides With Trump on Mail Ballots, Iran Eco Isolation, More","https://news.google.com/rss/articles/CBMiqAFBVV95cUxQdi1adnBRN1Q4UThJa0xsZzVNcmVVWmZZNE9RTlVnUS1KQmhnM0xtVGl4Qnk5MnM3SDR5c0xxRXhzNmNZekVKUTJvNHhmWlVOYWVSVi1pTEx0YlcxV21HRjhGVFItNHVVMkZiclRUOXQ4YmNLNkNZZkE1UThfSkhKa1FmVm53V2RmYksyRGo5MEF5UXFnU1pyb0N4a0FEMm5jWEpQS1QwbDQ?oc=5","Bloomberg","Global","1787625570000"
"Pakistan Army Chief Ends Tehran Visit in US-Iran Mediation Push","https://news.google.com/rss/articles/CBMisAFBVV95cUxOdm1ZRkQ1STVTUjVOeldhUk1vVFJIaTdtYjdkSTJDVlJkR18zQjNEM1RoWm1mdEZwbkR0NElLWndjR0UxbTlZOHlfWFFhUnplWDBFUnVPcTZjZkg1WUFrSGZIaldNZWlqNnJWcFVVS1NsQl96Rmg4eWhQU0lQeDJIbUkzaVgxT1g1aUI4TkNVYWhPNnZfUks5bjI3YU5keGtCSldscDJReTNpVGtUVG9qZA?oc=5","Bloomberg","Global","1787625339000"
"Pakistan army chief concludes Iran visit to push for end to U.S.-Iran conflict","https://news.google.com/rss/articles/CBMijAFBVV95cUxPU0dCNTltTGFjZkpXOEQ3Rnd0QllLamNCdmhEazVpQmlEMWpGRm9zRkE3YjdlMVpXcGhKdE9abENoRDVoX3BzSWN6ejAwMnk4MnBudTB0U2RPeHZJcTZDbUdZNmVjRVBuODN0SWJBUXpodWxlYW5jNGVvRlRhVTF5V0ZoR0M5YWs4UXMyag?oc=5","Xinhua","China","1787627985000"
"Pakistan says army chief held talks with Iran focused on preventing further escalation of MidEast","https://news.google.com/rss/articles/CBMiakFVX3lxTE50V3NQUW1lQ05rNmg4V25kaWphR2dBTE1BWlk1V3pOd3NaaDZXdmx1a2RISU1CcHpDajVZbHZnMzRsdktxMHVyT2paWk52SnU0ZDZjVTI0RGtxSEdsOHEtS2VUNm15Z0RLTlE?oc=5","The Jerusalem Post","Israel","1787627878000"
"Xinhua News | U.S. threatens ""economic D-Day"" sanctions on Iran","https://news.google.com/rss/articles/CBMifEFVX3lxTFBZdkdKYmwxd3lyb2hIODV4WHVGTjh4VGsyb0VqZ0FBWjV5eFBwZEI5QXpxS3Utc1VBQ2xWcWc0ZnI0OUo3MzNxLWlsLTRHeC0wUGk3MVk1eVdkZDRKOGdrMm05dFYxMEV2MWt6Nmo5N0JKOV9xUkhJdnpQd0M?oc=5","Xinhua","China","1787627717000"
"PAKISTAN INTERIOR MINISTER NAQVI: SIGNIFICANT PROGRESS MADE IN TALKS WITH IRANIAN LEADERSHIP","https://news.google.com/rss/articles/CBMibkFVX3lxTE9XZDFnZWZCZU9HOWZLaVRXbW9FZ1hLZ0xPckRFS1pjWDNqRlg5S1d3MFFheG5zejNwVnV4a0dmT3dnOVZFR05FMXdxay1xdlNpRTdXOXUxTFdTLS1LM3VwTGhSVXBTVFFtbDQ3UDNR?oc=5","CGTN","China","1787627241000"
"Israel’s Netanyahu claims Iran tried to kill one of his sons","https://news.google.com/rss/articles/CBMiogFBVV95cUxQbFBOZWZsSFE1TUN2WmJiaUpjQ3RCUTNKUXZoVldxME4wNkd6d2dUX0pMb3ZqSVVsZWxFRFBpM1NmcUFBWnJCMlVkU2RWRXh3Q0lFa1BLRlVldXgxZFFiZTBUOGtJSk5tbFZIazBYOTI3azVjZVVPTkpNLVJreU1BSFBtZ1BDMG9EQXZBMEhUTEFYT2xZRU5CZlhqVEphX1dWS3fSAacBQVVfeXFMT19BMHlidll4TkI2b1Z0T0xUZnFSS2dBUGJmOUUydnBPeGhwaVlxQjE2N3dSWTA0U0NoN3ZoUlNyejlQLTA4RUlEdVhUb3VmTmNqeGF0NUZLYW1QbUdWWUp3Q1FHMTBfWHdBb05BVEliSC1fbll2S2JoWHJ6NHFnY1dYMGotUkMycTlCU0Y0NlFIeXJrRGxGQWw5emJaY3ZBZEFMbUk3SXc?oc=5","Al Jazeera","Arab","1787627238000"
"SEE: US outlines targets of expanded sanctions against Iran","https://news.google.com/rss/articles/CBMilwFBVV95cUxPQjhuUVFsOHZhbmozUEF1UFVZU2NGQ25JNW5iQzNPLUE4UlNzMi1xSG5NcklqSEs4c1h3Wi1oRHhlcEYxU0VtSkE0V29jWUFVVnhBc1FBakhRUFlmZnhEek5UT1VLdUtBUW5uYUxnX2Z1c3hoV3FIYTBKbHkyZDhYNkhMSmI5dWpIbkJDZ0luSmZCMW5MNkVV?oc=5","Dawn","Pakistan","1787626616000"
"Court Backs Trump's Bid to Curb Mail Ballots, Iran Eco Pressure, More","https://news.google.com/rss/articles/CBMirwFBVV95cUxOYWwwbDBzVWh4QUt0YUxxZ0hSMjU4aEtpZmNaTmo0Q2JrTldzYWx2dU5sRGV3SEFzNDM1TEt3SnZOa0RUNHlhVG5JaHY5NWxQMHVaRU90WE5aSUZDYWNJLU8wYmxxT05rWHJoRGNhTm83VWgyb0JqYTg2eHA0amNla0dVekR0LUJUR1Jrdy1pN0t6WEIzMzhiUFZEdU9pN3gyTlYtZ1dGZnJuWnpYN0Z3?oc=5","Bloomberg","Global","1787628103000"
"US Expands Sanctions on Oil Mogul’s Network in Iran Crackdown","https://news.google.com/rss/articles/CBMisgFBVV95cUxPNnBrLXc4ejZ6VU44YUtCeXVWMXkxUWNTZmdjRV91Z2Z6djhFaThjbTBHMk1Ray03WlZ5UnpUbGZBcUUydVdOeExHOE44YURyeDlJVHlhM3VvdkpTTDhjVVlsUkc1QmtJR0RSVlhPaFRvVlFwVHVCTWhOM1lmanJPMzhxZGZYZk5pbzg5eGxNZXVBTTYta2pEMVJCUnNqNjJIUDFkNGNMb2xrVmMyR2VjODV3?oc=5","Bloomberg","Global","1787626392000"
"Six months into Iran war, Hormuz traffic way down, sailors stranded","https://news.google.com/rss/articles/CBMisgFBVV95cUxNaGJ3QTJ2SHhackNhRUJsY28tb2ZzOGtlajVBZE9manBtSl9ySWE2cEJNWUxocWVVM1VFeGUxWEQ0WWZ2UnpDTmhubmZlYko2NEJ3ZV9sSTZ3WDZDUjUweEdQWjNNU2dqSHVSd21LUlBDUlhvUU9IQnluMUZKT2s2RjV5elFkNTd0M2ZJamNoVzNnNWFEVDUyVXNRc2t1TkZiUkFMVDE1eVZhU1dEa2NNVi13?oc=5","France 24","Europe","1787626273000"
"Pakistan says army chief's talks in Iran focused on preventing further escalation, reopening Hormuz","https://news.google.com/rss/articles/CBMi2wFBVV95cUxPdWNyWGh2cTVFc0gzYVU1QUNsX3JnQmpNT2F3Ty1JNjRDOUcwN05VSm9uWldmRjZ6ME1uWE4zdTI0aEpESnhzM2ZPNTh1WHBheEljMzNfN1RHZXFhTkN2ZHZYT2lhd1g3VHdsSTlzc0xBc2dTOGlmZDNBckplUk82NVU5ZUNkcUlmSTQ1VTUyWkQzOTQ0TEs2NlQ5b21IUmNHdTVDXzdYdkF2RE1QUW9WNEZhOXh5WTFaTnc5UDJnRE9XR0ZmdXFxNDdoQTlPbm43TGhqS055Zng2cHc?oc=5","The Times of Israel","Israel","1787628481000"
"Transcript: US threatens Iran’s economic partners","https://news.google.com/rss/articles/CBMicEFVX3lxTFAxaFlnNThRbm5sMUtJUk1sZ0t0RFhwOUFjYTVJcGphWjJycXlqU0dvdjMyU04zWExFR1JpSlozeWlpQmcyTEUwdVVSXzlaaUF3elR2akxPcWxUVFJPdmRGcXpVTkhlSnpNRDl3RFlxRmI?oc=5","Financial Times","Global","1787630437000"
"US grain farmers face worst crisis in decades as Iran war sends costs spiralling","https://news.google.com/rss/articles/CBMihAFBVV95cUxOT2JQdjFSOVluWVFDdDZLSzd2dV9WVjFHTHA2cV9lX3Fhc3ItdVVFTzJEaDdaVEZCS2ltSEZUYTkwV1RRRDNPbzBBOHB1ZHpNS1Y4SlNuZlZ2cmd2TnFJbFFkUkszelNRdDRkbzAtU2pTVVFINnBteG1XemFYVjNLRlJ6elo?oc=5","Financial Times","Global","1787630431000"
"US threatens Iran’s economic partners","https://news.google.com/rss/articles/CBMihAFBVV95cUxQSFZNdEtYUlVKa29lQlpzM0toV3hzSUZpMHBkQldHdUNhVC1PV1RjV1BIcU5QZE5zamQzQWtMUkt4WEFSR0huUkdxaDJFRTJzQmJJSmNxMGdyQ1RJeFZnNlhMZkFEX19DaklfZTlaSVRZQnBwUXd5UWlqdzJkZFVxRHdHQnI?oc=5","Financial Times","Global","1787630400000"
"United States sanctions oil trader Wellbred over Iran links","https://news.google.com/rss/articles/CBMisAFBVV95cUxObkRVSUpZLWl2T2ZNc1FtamVfUzBiRm5lZW43SHdvMHZFbVc0blFJMnFVaDVUM29rcTRURFF2X3R4NE5GYnlxWnNNYS1hS3hGS2RzZUY3MDVqVFFiSkJrRHVkNkpvWjkzOWlRbjllQ2JzYXFabDdYVUtfUURHbHBYb3NPcjFtWUhxMS16ZFppTUN3Q3J3VUdQU1ZoSHhZSk11cmJiV3VULVk3VVBWTzQxdw?oc=5","Reuters","Global","1787629963000"
"Pakistan and Iran made 'significant progress' in talks on conflict, minister says","https://news.google.com/rss/articles/CBMiwAFBVV95cUxOUHhjc21qOU4yNWN3Mm9RUFl3X0txd1FlVVd2Y3FZalhRRHJXYkxLMzNOVGV6dXlCaVpzdUlPVGRuN2ZrMWlqNkgyWHlYSFhrMkxqY2liXzRKOXNZeVI5NmtXZm94ZnBncmNkWnUzNVJWbGh2OEQwZXFKdDhWeW5CSV9uZ1c4OGpTZ1pJekVKZFVxNzBQVlBuM0hER1czeU9OUmNUUTVsdnZwa0Q5Rld1dmJjVnJoZWI2QjdiMjg2Ylk?oc=5","Reuters","Global","1787629140000"
"Netanyahu Says Iran 'Tried to Kill' One of his Sons","https://news.google.com/rss/articles/CBMijAFBVV95cUxPdDdkdEQxZkJsVTd0LTdlVFRBOUVpSHFxNkRRWk9qZ1pHS0RxMTZIMUQwY0YzbHVsNWRUWlktcVV5eUxXYTU3NVJwUkxVNHpsQndmQTRDeWVIR3Z3VmRaOHJWVG9mMTdQeHhzX201dGNyMDgwLThpYzJ0bTYzdHBiMDc2bVRvQ1dCLWpodw?oc=5","Asharq Al-Awsat","Arab","1787632069000"
"Iran defiant as US escalates economic isolation measures","https://news.google.com/rss/articles/CBMiswFBVV95cUxNRndsemJyOXhUeXlhVnRWRC0tV1AtYlN4b2E3b3ZVUVVubm52YWhhN09GWE9ZUVBOd2s5dUhrMWt1bXVBQXF3M3ZGV2lQYzl6ZDNBeXJxZW5RMFBiRUdkSzJDM2lJQUFEbU5KMmJVMUxuWDhvbTR1Z1QxM25UajBBQTJVNF90RTdWRW9UNmcxa2JKZWIxcW9IQmgtMUtzNzJWdTlaWU5ubXZPZnRFUFZuUHNYOA?oc=5","CGTN","China","1787631116000"
"Naqvi says 'productive meeting' held with Iranian president","https://news.google.com/rss/articles/CBMilgFBVV95cUxNdnhlcXdYUl93Q2xFS3hkS0JDeXRDaWdKVFZQdnpvMC1Qb0ZuOW5Pc2ZWQnlwRDZWM1VRSklYejlHV2RDcm5ldl9acERFd3JNSWVmbXlxWVNHOUFacV9ZeFVLX3NYZGxKR2x1MlFJRkVFR19pMllMWlFLTktCYWI3Nk5jMEFPejNtdkNxSXZ0OUtBMmx6SXc?oc=5","Dawn","Pakistan","1787629240000"
"Watch Why Bessent’s Iran D-Day Threat Hinges on His Willingness to Hit China","https://news.google.com/rss/articles/CBMisAFBVV95cUxPdEtOUjhmQTZfVGpNSGtUUHlaWDNoUXBKZTdKcVV6RzAwR1pqWjliRHp3ZXBkTk50dGJyakxxOU9aRkhDZFQxd1dWOTJaeFFTT2VXWllydUpJcUtZRklyUXA2MEFxU2hCTHo3MVdUTFFQdHpjYnVpY1M4MFZOdENsMmFpMHhUNW92d1duRlhwV1FQdW91NnB3cXkwS1lLVEtmLW9IREVicjZfZXlKRWl6eA?oc=5","Bloomberg","Global","1787631954000"
"20 dead in 68 incidents near Hormuz over six months of war, IMO says","https://news.google.com/rss/articles/CBMiswFBVV95cUxNVzBuVVloM0tSZHFpamtIenBTUjFBaDQ1Ry1qRVBhWWliTWd3TUlOdTBfVDhNdHg1WWRPZmoxeDhwblV0aWlLN252bXYyeVJMNGFuN2NjMTQtUDNjMTZ3aWVBVFRQQVNFR1ljYXd1SUZHbFJwam1GajU3WkZiUFh3SWpMRUNWR2NsbGVCTTNDOUhHdHlsSkxDMFJOY0xPTTFNODBZTEFsZVdQX1dNV1M5N3VQOA?oc=5","The Times of Israel","Israel","1787633281000"
"Pakistan and Iran made ‘significant progress’ in talks on conflict, minister says","https://news.google.com/rss/articles/CBMiwgFBVV95cUxNVmdIMVZsRUtya19hQWl1aEo1eVZISHRTTVFIMFMtWWNnU3AzNTdEaHU4SkcwLVVFdEhZbHBYMFFQQzBWY09JVC1vbjJwbjV6UUU5LUdQNnNkWmtfcmh5b3I4TGxOdWRicWt3dTBZdjVpT2NQeWliUGhsRlA4MlVBdFBjNUozUkxKS0ltbnJleGY3RHBFU2U0T2NYUGp1VjVLdkx3X19iYUo4UjNILWF4WlBDNEx5SWdsNW5aSGJsNGtkUQ?oc=5","The Times of Israel","Israel","1787632981000"
"China eases past Iran to seal spot in Asian Championship quarterfinals","https://news.google.com/rss/articles/CBMixgFBVV95cUxNenl2Nl9Xd1hkTXlpamdQNTNtMWVEcVJCWmhUY2xtWXNreU1DUVhwMnptVXJvRmVvWnlJUkxYb2YxNU1PM1B5dkJzVjRkSnotN3BHWm9ySXdRT0lpczBLOHQ4YUJ1YWphQ2Q4UHRTb3F6QkFMZVd0Z295VUdLTEJDM2ZrSTBIOWdVaW9LNXEwVzdyb2NqM1Z2NjJwUjFOUTV4SFlMcHp5eTZDUVlDR1Fpb0xaSHhKYWRHZXpwSXB1Y1plbFVNMUE?oc=5","CGTN","China","1787631959000"
"Six months into Iran war, almost half of global oil flows from war zones","https://news.google.com/rss/articles/CBMitgFBVV95cUxPV0VHRE5tclJ6Z1NRR0l2S3JOMURfLUFMY2hVMkZOUTNSdWJsS2pXejZFbkFOX3YyVE9GTDdscFlpWUVMY3hBRExLS0dVUk1qWEFuZC0yb09zYW5UYVF2NVc0c2Y0OExPMWdXSHVsMzNLcy1sRmEwTW5ON3gxY0h1MXF2MGRtRExBTllHdnF5NncwTzNGXzh1QUtWMjg2MTBCWWFYZHczYWt1R2pKZzF4NFUzRkN1dw?oc=5","Reuters","Global","1787634300000"
"Firms feel fuel cost rise months on from start of US-Iran war","https://news.google.com/rss/articles/CBMiWkFVX3lxTE9sMklDajJDZS05ekFtOXpHTWh6YlY2TXZ5NlFMUXVQUXJMYzI4N2hvSWxTdnZ4aEQ0Qzh0YmMtWl92eE5Jb3F4N2c5TlBHaWRlMW96azU3ckpWdw?oc=5","BBC","Global","1787633640000"
"Pakistan-Iran talks make progress on restoring Islamabad MoU: Pakistani minister","https://news.google.com/rss/articles/CBMifEFVX3lxTE1TQ3RXdEozX1dMUC1YQ0Z2U2xiQ3Nkdjc0UE9oRG5sMXBtNkZqSVZ1WU01R01tM2NSQzI3MU5GYVNadVp2SkF3dDNvbjFMQUFnc3FmdWZPMXN5aWZnVnJCZTN2WmR3alJ4RmF1UWJqVThDbHRreFhKVF9pSnA?oc=5","Xinhua","China","1787635740000"
"Report: Gabbard warned Trump war with Iran would bring in more hardline regime","https://news.google.com/rss/articles/CBMiwAFBVV95cUxNUmpObDVJZU84d3VkS2lfMHVZa18ycGEwdEllWjRlX2o1NUt2bEFXclF4c1BJNzN5S01yREN4U1M2cHQyMkZhS3NtT1l2dnF1NFpGTDZfaF84UTNqTG9nODd1TWs3b3huUUNpV3FxWHMxVjYxQUE2bnU4RXRxTTNPYlhEWjl3WjEzZnJWRHZyYjJHWV9YUU9vRU9CekMzT21IOHZaVk13d1dwemQzNkgyTmRiQXhxZjNMV2dNdE9NeWU?oc=5","The Times of Israel","Israel","1787635382000"
"Commodity vessel transits through Strait of Hormuz hit three-month low, data shows","https://news.google.com/rss/articles/CBMitgFBVV95cUxNS1dpNERacU5qZkFmZjNGRDZhV2dUYkhIcS0xUDV2THM4MHlmMHFFTzd4Q1QxaTdwQlVjYmE5N0FPZXFHY1VQaGU3bzlPQzVjR0FCRDNUVVNQRTBoSWxRNExOOEpjWG9YclZPQlMyYnlmemNqbmI2anpaVVJjbjlBdDZLSkxOdXM2ODdiUkhlZFIyY05La2Z4WXplUUM4MnFSaERfaEZ0ZU9Db2ZzeUctbzZKQWI2UQ?oc=5","Dawn","Pakistan","1787634426000"
"20 dead in 68 incidents near Hormuz over six months of war, IMO says","https://news.google.com/rss/articles/CBMibkFVX3lxTE9VU0RVYUJjMHdiSkYtZFhJY0hYNFpsUnFyVTAwMV9QMWZqUFlUNjVFMmh5X3dLWFN2aHdRMnhpLTBvU3FIc3ItWDdJWHZaOHRpUWRMV1h2LUFFX3N6dHpOaEJrNmdFSnpVaVp2aFd3?oc=5","CGTN","China","1787633161000"
"Dozens of Chinese Firms Hit By Bessent’s D-Day Iran Sanctions","https://news.google.com/rss/articles/CBMisgFBVV95cUxNdnpjUWs4UTdZbU5fVjFLQ2dyZlJDempDTEk2MFNNa01Na3JuT3JQejN3RXEzMl9KcWdnZVN2bWxFZVhrVzVRZ2Q0bVVjRzRYSmt1T19GZVg1bnVvS0dlWXQySWZsVUJtSmtLWUNTLTlrSm8ydXVDS0pUNVBSOE92YU5KVUR6eC1rMmpIXzRGLXQyN2ZnZUM2c1VZb2hyVDR5YkcyTEgzSzJIZG1pc3EyS09n?oc=5","Bloomberg","Global","1787635680000"
"Asian shares are mixed and oil prices hold steady as the US raises pressure on Iran","https://news.google.com/rss/articles/CBMioAFBVV95cUxQUnkxV2Y3U2loLXNvZXJ1RGplTnM3OFdWb0F4dHpGT3Z5MmxLVlg1NkczOUI4ME5ldmZWWTY3ZWxxRDFvdWpaOEsxSXRXdk5ISGpYNkY2Q0JvWGVwYmdHakpuRDQxWDBGb3BLcnF1MG9jYzNsNVItLW1tQ2tXZEc1c0tMUkhzQjVPZlgyRXFWMUl4eDg2c1F4NVp6bkN2S1FK?oc=5","Associated Press","Global","1787635560000"
"Nearly 90% of Israeli parents say their kids’ education was harmed by Iran war – poll","https://news.google.com/rss/articles/CBMisgFBVV95cUxNVDIxNWpWN2xiTjhKTXlZQUFfQ0t3N200NndDXzJSblBVNEZfVlhNNjJRaWlhVGRQUDFQT3k1c3dqWnd5dTRSOXFrbU91MUhGVnZUWXlzZ3dKOU1TeEhXMmZpUTlQRG95NkEwRWgzem0xSXdTR193Qy05eWxrbVZBYmx0OG1IX0J3aHMwZXVkNUtkYTBWUGNxb25tRWNGQU9ZVDBGRjNmcU1TUnVzR3RBQVJB0gG3AUFVX3lxTE1ENnQ3c0JCTjZHVFF1TElBZ1B0MGl4aFVvUElvLXk3X1lMTmpocVFVS0hkSjJaVXktek1rdGp3N2Zuem1tVFFCSWNwdGhieFkyRGhDNk1vN3BqbWd2dkw4N05YSzZMOUlkdEhRWTRpSExxalA1T0Z4eGtHaHdsbmtTYjFIVzZVeGZIQ19LajkyWnd1cUhIU3pwLVlITVJZM0o0azRwdlZWRU5pSFcxT2dGUGFaSVdudw?oc=5","The Times of Israel","Israel","1787637482000"
"The US says it’ll crack down on countries doing business with Iran. Who’s buying Iranian oil?","https://news.google.com/rss/articles/CBMidkFVX3lxTFBHYWU0ZFZja1B4NEJzcDZpbEJqTGlfMW52X1VlRFNMc0dzdnRQSXFRS3NuSXFKRnlmdHFnQVNTYUx3RlVHaW1JRkNSeVpaaGRNQjZQZEJiMnlRTFRpX1diaGE5dkdyVFozdWl3emdpWmpXNkpnOFE?oc=5","CNN","US","1787637629000"
"Asian shares are mixed and oil prices hold steady as the US raises pressure on Iran","https://news.google.com/rss/articles/CBMijwFBVV95cUxNeEloWExJbEs1cnAxbHNnZTBGZG5PNzJDLUFuVlRBNGEtdjdqV2h0LURCa2tJQzFlYjhkWDVtY3lQTlpNNEtTejhhcDQtdV9tdmpYU0oxNTU1MGhNSUc4NWZtODZZOHRKQlg3SHYzQWRJVlpKMGdhT09tTHBjTlQtMy1CZjdwa2E0WFZYWXJoRQ?oc=5","The Independent","UK","1787635560000"
"Trump’s Plan to Target Iran’s Economy Threatens its Trading Partners","https://news.google.com/rss/articles/CBMiwwFBVV95cUxQQkdjY1lId3hwNkdnZEcxcGNFMHptTGtRZlBpbWdyTlVWVC01bHRvd0E3S2ZUcTZKSGFLd0RRUUh6Y0pTVzdWSFh2UE9aQXpvVnY0RUQ4QW14SDBuLUo3UHBlV2xaSkFaRjVYM2w3ZU54X2g3bTUzZ0NObWNURFZuQkF6ekF5M2p2cmJzczB6S3NweEk4VkpzRTVNemI4WG9uRlp6NUJuUjduakFuTnpiVF9peUlJOGVNYTR0Q3BubUJtNmM?oc=5","Asharq Al-Awsat","Arab","1787639440000"
"6 months into Iran war, almost half of global oil flows from war zones","https://news.google.com/rss/articles/CBMipgFBVV95cUxNeGFSeFRoajI5NUFXOHp3dkgzdVZkUm1fSkhIbURvMHNKd3JUQzNCWm45TmgxVGE2LUxtNGdkejdSTkFGOFg3OHhGblZZb2d4c29pZEYzRkFiNWs5UzV2U09zMzVqdFhMWTBwaTNLUXQ0UWpJUkJrQnh2a3pkZkY5YjFXMHoxRzlhOGoydlRUaGJaV255QnhVYkNZZnl1OVFaN3pUTG53?oc=5","Dawn","Pakistan","1787636631000"
"Why China’s Ties With Iran Aren’t as Strong as They Seem","https://news.google.com/rss/articles/CBMivwFBVV95cUxPeVotUWZnRlZRN216S0hsUzhSMjRNZHE0RVpnWWtEQ3IwYklnV05qczM0WXBidDZEMjRHbnBNMHAtajB1RzJXT0ljclBoSjNHT2FpTXBCQ1dqQ3pBc2RkYTVHcHFMem5UcENqaW5QYzZMbVJSdVRVeElvTzduUHYwcmVIYXQ2Y0k3cnU1RjJxbF9JWUhsX184aGI2OEVadm9sb2FXUUlDV3A5RUp0cDM3ZnB5bjBZSWRtOHFPTHFjTQ?oc=5","Bloomberg","Global","1787640960000"
"German GDP growth revised upwards, defying Iran war turmoil","https://news.google.com/rss/articles/CBMiqAFBVV95cUxORGl6WXliVXBMYTZmNVlkdDZiZ25QSmtTdC1ieVY1cWdDYnc5Q3dIcGVqRnBYbnh4LWd4aWttWHBMNUlJZEFRcVBwRng5Y2R4ZkNWYW9fa1VqNVVMRHdHd1c1Wk9zdDdkWUVvZ2otMFhFN0YyTHBPUWNzeUFkcFZfUFVHc3AxdlBkSmJmOVI0LUkwZ1RJeHlVajI3NnVESnpLaHJpbjF4TkY?oc=5","France 24","Europe","1787640316000"
"Bessent warns countries to halt business with Iran or face action","https://news.google.com/rss/articles/CBMiXEFVX3lxTE05bldxSWF5azhYbUZrTWdIU2hPM2pGbGpsNEx1Y2RLR1Q5ai1aUDZKVnN6X2gyNjBmVDZhSldMUTBJRzQ0R0tYQWZtTDFmQ1hnVGtNVDFVNnF4UUk1?oc=5","Reuters","Global","1787639541000"
"U.S. threatens ""economic D-Day"" sanctions on Iran","https://news.google.com/rss/articles/CBMie0FVX3lxTE00NWVwVHE5dFpkeVhTd2p2NndWZmdKaFdLRHA1WHA4U1M2bzFyeDBHSkQ0WjFnV0RUS3lpM213aUV2VVdrVDcwS0xlLVlacWZKbDllY0FxUEJGelRsV2hHMlhUTHd2SkVaaE00RGhzUDRGdmxRSVZ2MVF2bw?oc=5","Xinhua","China","1787641096000"
"The Iran war is bringing cyberwarfare into critical infrastructure","https://news.google.com/rss/articles/CBMisAFBVV95cUxPbnd1WU0wWElIeGdXOFVoZWZkcHZoblhxQW9yV24zRDI0clEzT1prWmRFYmRnNmVxT2ZiQVdYengyRUpSOUZHZ0FCWHk5cUljdjg0NHcwNURrSGtUVHMwUi04dVFEOEFMS0dMTk1Rd0RWSEFpakplYmkwOXNrSUdrX2dLUGZmcHZDZlpXTTEyX296SENIUHhvZzZhOHB0eVdkempGUlhodlV1N1lqa19PTNIBtgFBVV95cUxQbXNnOEhpUkJWQUNCNkNTbTBWM2dNV25Hb0NRVVkyN09qY2F3YTI4UVRhMHZWZzh4b2FaZW5vUk9QTEN3ZkExQkZ5dnczakwwWGVtVGZuYXNCS25aaWdsZUNHSXAxVHZIMDVBV3pob1I5cnhoVXI0ZFZFQ0M3U1NNZkhjTm12QWNDbjJXSG9hX3VxaEJVbDdlX1QzbEFCTEtGb09iMUVhb0thUHp4V2VlYzZzcG9PUQ?oc=5","Al Jazeera","Arab","1787639871000"
"Iran vows to retaliate after US widens sanctions","https://news.google.com/rss/articles/CBMijgFBVV95cUxOTDRnVHp0YnhRLVAxRkE5OEktd0pHMTBaY1FwN1Y0MTNld3Z4Z01ZVFJoakw4MmNoZEstMXYzN0hkZ0xDTjY1bkpjOU1CSC1ra1ZDN1R0eUItd0h0ZVV5cTVfWWNWd3VxYkpGdlRFTllzMmFwVWlQcHNrS1AtUjVBVmdHRFFldnpKRm1WSnhR?oc=5","The Express Tribune","Pakistan","1787639625000"
"Iranian parliament speaker dismisses US 'economic D-Day' campaign","https://news.google.com/rss/articles/CBMivAFBVV95cUxQUzRVbV9zUmN6ZVdiSEFkUW5OcTFmMVZObzBHcmRtRGRmWWNXaDVXUV81X3I4ejdUMU1XYlczQzh6VUM3UGNERDN5VlpxeUJlMTJJWUlCbW02OUF3aFI1N3lGMlBPNHdhTkNITHozMDVqRDdfTGlMbGxKXy15b0dBRjl2aUpJV0kwV1o0TVRIZGk1M095aGszVF9EODJZTm11a0sxRUJpNzFwSzktNFp1alNYRzNIQnMyNFhwaQ?oc=5","CGTN","China","1787639320000"
"Pakistan and Iran made ‘significant progress’ in talks on conflict, minister says","https://news.google.com/rss/articles/CBMi0gFBVV95cUxPTDRiVGFRb3pDazY5Qjk0VkJNLVNjc203WjV0ajN0cnRCSE5kSkR3ekE5V193d3o2S29sZjlHa2FvZ0cydjFzbHdoVUNlUHZJUVA5ZmpKdHFkNlpHTkcwdm43MUlZMjAtLVg3OWJ1YTJteXFhSWs1bHRhQl9GRDhzaVc5SzcyeFBmNEhTNjhKZ3NHMHV5UzJBWElDOVhBTWtWSFVfZVJYV0NYbjB3SzU5SWhNQzVxM2RkZDJac3NVbE1KZEEtVl95Z0pDenNsYmR1cGfSAdcBQVVfeXFMTlVkajl6VjRXajhmU1ZhZG5vZ2pCYWc1SmxxR2w0SDNxM05XUHhHaEkwcWdxdTNHcE9halhOYjZZTnhhTjBYcWNkV1JMZ3ROQjNEZjFHMjc1R1pXRGNkQ1pwV1oySTVxQVp5NVZjTV9RRWtsMUdrenZJOXVuZ3czNGtSYzhHZDlwdDRRRXRSTWljMmF3Y3k0bGZySVAwLWg3OTZQbkVkRjlyRm4xMWxwSXpZYUNXMGY5VEE4OFcwV3lUTHdzdUIzUlFUSGEtUUJXOGFGVWlFQXM?oc=5","Al Arabiya","Arab","1787638980000"
"German economy logs 0.3% quarterly growth, defying Iran war turmoil: revised data","https://news.google.com/rss/articles/CBMibkFVX3lxTE5iaGk0V0ZzMTJ2WXpzbmxVNzhuWDZyM3lrRzUxSzFYZ2ptSmRGZ3dfVzRKTkd4WE1FakdyZXdBTHBtTHNfbmljQlJpblVKeFhnQ243c0pRQmgzQTlXZkx2Zi04ZHJrU3RqQVRRRDhB?oc=5","CGTN","China","1787638011000"
"US announces ‘economic D-Day’ for Iran","https://news.google.com/rss/articles/CBMiUEFVX3lxTE5GRzVqdmVIY1Jxc1VFNEpUb24zaU9tcXJlbHhZU2RoU0dzTDUyajVNeExsM0pmRmZZam5GS3ZRTm5OdlUyVUpVcFlUMHJZdGYy?oc=5","BBC","Global","1787641470000"
"Trump veers from boredom to denial after 6 months of war on Iran","https://news.google.com/rss/articles/CBMinwFBVV95cUxQTm12OXM3OWFkRjdQMEVZLUpfQVlCQWJIa3RNWHM3S1ZVU2ZQT1FUTGllcnYxN1pSU0NYT3E1bDE0eFBRMWplamVSVEFxNy0xZlpKc3hlb0o5aWdhcnlyY0pMTVNHWXYtbExJSmVXRVFMMGlOemVsbWk5M3pyb3dmLXQ4RVA2SHprWGEwMjNLdWtPbkN0TEJPZDMxdTRJdHfSAU5BVV95cUxNUlJOUk5ydFM5SUE3NkExZm1DQmo4Q2w2SDd0VVFMbmFFVGxqT1RJOGplWW02Wk5YemZJOTM1UFZNdm9pQnVuTTc4eVVtNGc?oc=5","Dawn","Pakistan","1787642859000"
"Commodity vessel transits through Strait of Hormuz hit three-month low, data shows","https://news.google.com/rss/articles/CBMiywFBVV95cUxNY1Bab0xQR2VaWjFZV05YVlRNTGI1eWVMOVZqQkctRm9jX3FadmJQT29UNXdURlVqVktmM1hIbFRXZGlUa2l5N2I3RkZqSWpYRHJsSVFhenVERlIwY0NJOC1jUEJiTFRZdnRMUU9EdDVES3c4WC0tVjA2V3dNREVLTTRIaHJQSWNVSE1DLS1mTWNQWnU5SUIyRWtONjBzbkt4MkplM1RiMVg0MVJsbE16M3dxbUFUTXF6NUs1X3Vza3d4TzllN1ZSdnVSUdIB0AFBVV95cUxNN19vNjhxUV9qb3hqZ1JHLUtvMDEtcDQyQnlBWDYzX09scUJBMGljLWJoYy1CNi1nZW1kc0ltUElzMi11NmhUYmRBXzhKRklSR2lHU0R3M1UwR0xpaUdSb2FBUU9aSDdVTHFwcmJvSjhIa2MzVGo3bHpjdmNjclFGbk5GWWVfcjdjRHBGQmVhMWVrbGhGVnBMWF9Xa1B1S3lHVnZNbFJvXzQtSGgwV3RDbUlVWmdqaVpqTFQwNTV2UDI2dF9Cb08zUEwtU0p0Wk1W?oc=5","Al Arabiya","Arab","1787642580000"
"US popular support for military aggression against Iran at lowest level: Poll","https://news.google.com/rss/articles/CBMimgFBVV95cUxPNm80ZmU2VVdkQ1dvOXNCN1p1akdwX2xOdVhEZFVTUlEwcWJlYTNPTHA3SUJoRTMzRGd6Vl9paHFiWGRqUzNTNEtESl9kZXkwamc4bXphQWJVcXI0YWlTWDNYRk1EcGY5bzlaOGUwb3Zld040dmR0Y21GTEdVbGJUUm84TEVJSVdaNWk5bThmVzF2OUx1Z3pPeG93?oc=5","Press TV","Iran","1787642280000"
"Oil extends fall as investors shrug off latest US sanctions on Iran","https://news.google.com/rss/articles/CBMiowFBVV95cUxNSGFNbDltbWdMWThXNklhSHhxb01hbGxYVjdmWG9LTWIxeDNGejZCVW5vX0JSQnljNlZqYk5PWjQ1SWtpMFl6RmJvR3g1MWY1Y1Z6QW5QYjQzWV9EaTdpajJtWERjTWJYbnloWkVoVTYyUkloRE1HTHhVRnJDY1VUSUloMlF2bEZIQnNSLVdGS0dkanZfUXY1UnFIWnFvX1p5LURR?oc=5","Dawn","Pakistan","1787641893000"
"U.S. threatens ""economic D-Day"" sanctions on Iran","https://news.google.com/rss/articles/CBMijgFBVV95cUxObHRJSXQ0b2hVeXhBNHBNdGpraEVKX2RCOUhnZG9NNXFfZFUxYzF4UVdBajZwbHlrb3AzNzFES0EtdEpjeFVlQldHV0ZNazFhUWhMTV94SGo4WUxDdy1LcHpkYk1qOFRvb1dUdEhvUm1xNE9NbmJESkMtdHdBQ29EZFI0TXY2UDI3Y2E1S0Z3?oc=5","Xinhua","China","1787641096000"
"German GDP growth revised upwards, defying Iran war turmoil","https://news.google.com/rss/articles/CBMilwFBVV95cUxNNFV2OHRNZWVSbmJPZEVTaU5uY3l0U3dIQW9nLTFwWTBYZ0RVNjBFb0VyWjBWT2NacktkZDJIM3c0NlNBTmRSV3FnNVpJRHYwVEw4RVZTZUU2WWctTndiZVB4R3hsemQ5QWxDMTJEU2dQRFNoNmpsUVdGd2FEVGJaQ2x6bW95eE9FRDRCSl8tOTVmTkpIV1hR?oc=5","Dawn","Pakistan","1787640774000"
"Iranian police chief says the US is seeking to create ""chaos"" in the country as a way to advance its interests - reports","https://news.google.com/rss/articles/CBMibkFVX3lxTFAzbEFHcGFHRUdvWG9odEp5ZGZFd29EUEc1ejdXemoyY1NSczVxY2h3aXRPM0huV054ZmY5dFRmMnhKeVF3bFduQzRENVpBdEhieUoyN2VibGhjNjFNOXF2WjFTblFROGV3M253dHF3?oc=5","CGTN","China","1787640379000"
"The Iran war is bringing cyberwarfare into critical infrastructure","https://news.google.com/rss/articles/CBMisAFBVV95cUxPbnd1WU0wWElIeGdXOFVoZWZkcHZoblhxQW9yV24zRDI0clEzT1prWmRFYmRnNmVxT2ZiQVdYengyRUpSOUZHZ0FCWHk5cUljdjg0NHcwNURrSGtUVHMwUi04dVFEOEFMS0dMTk1Rd0RWSEFpakplYmkwOXNrSUdrX2dLUGZmcHZDZlpXTTEyX296SENIUHhvZzZhOHB0eVdkempGUlhodlV1N1lqa19PTA?oc=5","Al Jazeera","Arab","1787639871000"
"Iran claims there is a $10 million bounty on Barron Trump","https://news.google.com/rss/articles/CBMisAFBVV95cUxPNHZQMnFCQ1g0TTdiaDhVQzFaOVlMMmNvME0xbWNRakRaU3ZnZ3JpSi1Gajd5ZEV2UV9feXFiZDctNFpWZFBvc0dBMjdoX2w0STVEVDhTaVFIUDdaWFV6Z0g4OUNRaXV2YWR3RlBxbWd6clNySEYtNkhuN3V0MENKUjdJalQ4bk5yZktzVHZ2bHNzNWZ5SGVnbEdmNUJoeWZ0WE5JemRFU3J0d09iVC1IVA?oc=5","The Independent","UK","1787644560000"
"Israel’s Netanyahu claims Iran tried to murder one of his sons","https://news.google.com/rss/articles/CBMiowFBVV95cUxOd2J5bjdQQlp1dXhnTWxwREFuUUJUQWVlZHN5aVVRdHpKMlpfZkh4VWJXSUliYlJzdDU2TGVkamxNZHF3bXJGaEI3UndhWEJfelpMdmRQYkd1cUxrNWlpTGlyM0FPYzJlZnJCTXhtd0dVbHNseHFieklaRmJxS1Y1cGdaQjBVVE1CZHJnQlBaeW4tQ3ltek13bjgzZi1uNjFieDdN?oc=5","The Independent","UK","1787643960000"
"China says will ‘safeguard own interests’ after US vows Iran sanctions","https://news.google.com/rss/articles/CBMitAFBVV95cUxNSDNDRTBYWWZwZVZCYjB4OTE2R016S215VWFpVHNMWVg3SGg2dTYxaDVZN2paelJ4eEdzclM0MVU3c2pHcE5mSTNONmVKc1RMZzdCSjFxeTZocHRrRmNFbHBHNjluaDkxXzE4MDhaZ2hNZjh6dUduTDVrRXR4ME1PNnRLckREaDZxWkVvY09YUkNiQzdpeHk3SzE2bFZ1QmhndUxUbzVRQTI3YjdFNjMtTmhJaFc?oc=5","The Times of Israel","Israel","1787644785000"
"Lebanese Authorities Extend Residency of Iran’s Ambassador","https://news.google.com/rss/articles/CBMirgFBVV95cUxNSTVkLUgxS095RnFQblkzU0N3aXJ4VGdVcUNQb1JpUi0zOWlfNU5TRENtOVBzdlFBSTFPTzN6UHdIMGFvc29LVzNiUXEtT1Z0RGE1Z1RUd2RXMDlHMFYzajYyQ2xDaEthTUJPeWNBME5zRmJsMnpYZ2FlZVQyMGtOdE9fWnhyRmZnZDBPVzdqaGJPbjE0REdPTWJfTkdQRUdMeDFrWXFYQzJseXQwTXc?oc=5","Asharq Al-Awsat","Arab","1787644187000"
"China says its cooperation with Iran should not be disrupted","https://news.google.com/rss/articles/CBMiugFBVV95cUxNOGFvNkRBMkZsc2h6TWJvU3Q1M3ZFS0NKb1VCUlk1bXlsQklvbjV0T2VqU3NsTGZyZjFHclZEXzlDUDFGYjVrQTFDOFAteXp3U19ZZFR2WTIxOUJhTV95RWdaSjhSUmxBSlNCMkt4WTFHSDhvLUFxSDZ6UE9kakV3Y0gwQmtwOVNvYVhyVjZBMHk3RHJ1S2x5dVVEbjh2MzRHT2VaUUNGVzZhZXBsVDhWN3dOSGFEOXk1NlE?oc=5","Al Arabiya","Arab","1787642940000"
"Trump veers from boredom to denial after 6 months of war on Iran","https://news.google.com/rss/articles/CBMinwFBVV95cUxQTm12OXM3OWFkRjdQMEVZLUpfQVlCQWJIa3RNWHM3S1ZVU2ZQT1FUTGllcnYxN1pSU0NYT3E1bDE0eFBRMWplamVSVEFxNy0xZlpKc3hlb0o5aWdhcnlyY0pMTVNHWXYtbExJSmVXRVFMMGlOemVsbWk5M3pyb3dmLXQ4RVA2SHprWGEwMjNLdWtPbkN0TEJPZDMxdTRJdHc?oc=5","Dawn","Pakistan","1787642859000"
"European shares climb on Iran sanctions relief, defence gains","https://news.google.com/rss/articles/CBMirAFBVV95cUxNYV9RU3NQS3FlMnJsNy1fRTVxZVJOX0htaElRYmMyRE5jazNycV9lbU9DN0dWaEZ4eUZQcW5sbll6YUlpaDk2ZE9wc1dRTERkM1JhYjFOWW1XcENBVXhTeXNvWjZZZ1hpTUlnbDF4VkJmUXRYNXNBTWM1a0NweVJUVXZfV3pxeS1IbUhVZVNaaU5hZEg2TjRDeXZwNUhudjVFVjBlVWxDcVBEX052?oc=5","Reuters","Global","1787643224000"
"Takunkumi: Iran ta sha alwashin mayar wa da Amurka martani","https://news.google.com/rss/articles/CBMilAFBVV95cUxQbVhWU0w2Rm1UUlppaDkyYkw4enB6YXZwUW1TMl8zUDhaN0Y1c3pQSUQtMzFkc1liT0RLa2tXTnBubmdjeGNmTExpS1pZYllyS0wtLTlIem5qTFJMUHhSVTN3blJNUkRfa2lFR0tlZTF1QlkyTElGMkw0ZzZFZkptaEtGNGdoY1lIQ244WGc0ZFoyblVi0gGUAUFVX3lxTE0ybS1uQUl5dldlRWw2WTlXMzE4UFI4Sjlfa291SUNpajhkMDc2ejZidjZkRmZLUGR3ODdwOElOYkIydVdEUGNEYlJlWVltNUNtY3ZpelU0YzRqRTBwQkgtTVlWM0gxb3JYaFRZWUVxVU5mMjkwaGM4Qzd3VDEycUFVaUozbjZPNWx1T0pBZ0trVU5lTEI?oc=5","DW","Europe","1787643213000"
"Asian shares mostly gain and oil prices hold steady as the US raises pressure on Iran","https://news.google.com/rss/articles/CBMi1AFBVV95cUxNRDNzdG5Obkg0X01TZy1UNUtQYXhoVWJsSDVSRDRFVDZnQmhFbnZ2eE4wZE9QckdaZy1rQ191OHhvY2YwYVZoXzMwTFhpOEhkMmgydGFxV0I0bVZGckhldVNuM1pXMEljcGRHY1J2VDJjaV9YbG03Mks2MVpMZ3BaZjQ3TjNGaWlRaW5nUGh4Y1ZqeWtZd0JtU0U3TGNWWU5UV0JibnZRS2xkSTBtT2NpNV94Nk1FRkNCNG01bmhaWFZnWHg4TUYzcjNEUTg1UWxJb3hHTQ?oc=5","The Washington Post","US","1787645950000"
"Gold price hits three-month high amid fears over Iran war and Trump economy","https://news.google.com/rss/articles/CBMingFBVV95cUxPdTlUNkYtZGEtaHBaNHMwekxkcjZPVmRwTTR1Z3VZZzVKTmJHR0UzNnhxNlBaNHdWU21GM29PTjRiY19hRTdZN3dYUDlLN01vaG9zTHNsR0M1SldHRmhLQ0tzclZ4dHRiRG5JNmNVQWFrczhFR2tHYnQtcGdYcURiSklrcHVPX0UxZ1NDeVF5UXdPbHZ2ZEpBRkM4b05EZw?oc=5","The Guardian","UK","1787645880000"
"China Says Will ‘Safeguard Own Interests’ After US Vows Iran Sanctions","https://news.google.com/rss/articles/CBMixgFBVV95cUxNX09ONnRZemdNQ2xtaDdLbEllV3ZoNEQtXzVVVGRtVXk1SXQ5QnRYMG1jdzZKd1VuWl9GbkFPTG53YXdxR3VaMDFuMWQ1bFVPLWtwa29Md2VrZVBva1k1ZHVJazFGY2h4UmRfN090NHo2aENYQlBCczFJYXJ2cWpjQUtyS2FNcEFma1lTMHRRUlJ5YnB6REI4M2t6QkpNQlJVUFhpWlNib1RNYVFKWDlRQXVNZE1ZV3VscWtVYXp4dVU5di1ockE?oc=5","Asharq Al-Awsat","Arab","1787646103000"
"China says will 'safeguard own interests' after US vows Iran sanctions","https://news.google.com/rss/articles/CBMipAFBVV95cUxPUU0xOTNrTmh2dWlsVnZkTDk3YTVzSnpBY0NKbkE5Uml6VFRHV0Zlb1Y4MVlFeFFtcGZpTjlCR0lObjkwN01jT3c1eFRhOTZDQUdSelhXd0JGNERxYkg3aS1XdUdoVERfeUhyV05HMnZ6TDE2YjVQOVV5VXg2T3oxNkpsenBRcjZTcndXMHV0cDRPTW5xRDd0Y2JoaTRPbWZxeUE2dw?oc=5","Dawn","Pakistan","1787644122000"
"Euro zone yields hold near multi-year highs as traders weigh Iran sanctions","https://news.google.com/rss/articles/CBMirgFBVV95cUxQeWEyTWkyRTBZUGRMRWhGb09PaEZYcTcyNDQyRk1fbVZRNXZmaW0tQWRwUGZ5bzBFR245Sy00bmRUeVhNQUZpbUxhVUlwMU5ia3ZYN1pZQ0RSVV9BLTZ3MWVTY0xGZXREUDZXWlFhVDA3dmtqM0V3dkltLTNEMG1zQ21haTVoaW5RN2xjR0p6bVhYTjBFNEh6TjZlWmxLT0NFMHlnNExReDVPb1V1R1E?oc=5","Dawn","Pakistan","1787644100000"
"Iran war live - Al Jazeera","https://news.google.com/rss/articles/CBMiiwFBVV95cUxPa2oyMGdpaTVIYWRUX20tVGJacWNWdGd6RDNjNTJ0TU41QVJ3d3MyanZURmFxM2N3ZGZpYkRVS01sQ2o2MEFXclo1NmJXZWxXR3pCclNSZ3RlYjdfSW9vcUMwR1dJd3B1ck1hYUlmMlpxT3FWbVlXUlJjcVI5a2NUVTJkVTVoVWNPRzRB?oc=5","Al Jazeera","Arab","1787644057000"
"Middle East: Pakistan sees progress in US-Iran mediation","https://news.google.com/rss/articles/CBMilgFBVV95cUxOQ3duWkxKSGZDYjB2SW53NkNrb1oyb3YzcWtMZXNXVWRqQ2xuRFVvX1lGRzNaWVktMjBHYTE5RGlUNUp5Q2NES2pJb1Y2Vk1QZU9Jc1hLUWdrRWNhWi1Fd19XNDdsN0t6VXl6OUMyV3lVdHFvUTl1S1g4Y2x4SEI1Uzh0eXRiTXp6U2JXYUx5Z25YU2k5MEE?oc=5","DW","Europe","1787646252000"
"Bessent's Iran Sanctions, UK Taps Ukraine's Combat Data, More","https://news.google.com/rss/articles/CBMitwFBVV95cUxNY2VuWUFMU3NKc0FCa1ZZTHdPQ25EYkxDeXpxa1dsQThfT1lBVUwtRmFfZExqY1hQNW05TGdaMVFhV1RwMGxiNzVVZHNVNWhUXzJHbVFhYW4tMHpfamZiWTl2MjdDSkFoaHBrUDBGYkxFeGJQWWZPdEZIU3dIMmo2VWhoOTl5dkktY0pMbWxZQkJxNktPV0Z4eEs5X2gzRG5NSG1xeEFHNGxRbE9MeGtaeDJtLVBfMG8?oc=5","Bloomberg","Global","1787646186000"
"US-Iran Trade Warning, Canada Trade War Escalates, More","https://news.google.com/rss/articles/CBMirwFBVV95cUxPVEI0bmRpRHVyaEtiQllUTElndG9QSkcwd1ptelVhX0RrUzF3UTVTRmtXY0NHV1RqSUp5NW9UMTJnemhLNE1icjEwNW1Eam5lYlBVcGdQQ1ptbkIwRjVlR2c2SVNSWUJ3dGtzTE0xZl9Hd3l1ZGkwYjF0UXI3TlFjbXFwVXRDMXA4YmFJSEVVaEFfR1A3ZU9KY3dUQXhLMEU1T3RzcE11VXpnSWRaTE1V?oc=5","Bloomberg","Global","1787646186000"
"China Defends Cooperation With Iran, Warns Against Disrupting It","https://news.google.com/rss/articles/CBMiwAFBVV95cUxOZ1VxVDg3RWh4ejVzV1cxdHpsdzc3QjJYZ04tdlFjLW51endZQzBUWnp4VGd1UXRQZlRKdm04aUo2NGVNa2JmcGEtY0Z0a0RmT3NaV3dneU9vbkZsSjUxX0p2b2tmYTlxQmJrbVk3cU9xb2tYMUwtUlNERGRtVk55a1pvTGhWam4xN3JTTHpQLTFDX1NXT3U4al9KbmZMZ3NnZVI2cFh3amZWb242QVl3ZGhqOEZITFhtN1JiOEFzX0E?oc=5","Bloomberg","Global","1787644958000"
"Oil Steadies as Investors Weigh Impact of Latest US Sanctions on Iran","https://news.google.com/rss/articles/CBMipwFBVV95cUxPVC1sdmNKRWM4ZDlNZWJaX3BHWWVwMWRFZFAzWE5jWDlLamJqT1ZzTDRiSUpvWHA3RUtXem5MWTREdHQzbEN2d2xRc0VIWE5CYlk3UFk0Ul9ZMWtWLW5xVV9Mekl2NmVQOU1lckt1czh6dUVyOHFfdENZdDhDU2RXUF9ZR0pudXl5X3NLZVA3MFNzOEgtQXRVbmRkY3d3bTROYnhOVml6cw?oc=5","Asharq Al-Awsat","Arab","1787648809000"
"20 dead in 68 incidents near Hormuz over six months of war, maritime agency says","https://news.google.com/rss/articles/CBMirwFBVV95cUxNekxyLUZQNXE2bWxTSnR6YVNGbVAwY2s3c1ViVzdvN2FoRkYxanlpa0M3MEhmNThWZ1pic01aNldOQUFuSzFLd3BpOW12ZUlFRV9ObEJQMjgzWWhMU19ITlR0aHM5UWg3Q0dkVFplSl9uSmxJaWI5SjZRTUVlU2lvQ183OGVoRW9pU1JsOFRrSE43UUZLZXlNZlVYd1FfRGM1YlJ4ODlGNEdJajdNX2VZ0gG0AUFVX3lxTE9EUjVvNUlGNkhkM1RXOGFoSWFxa2RtZnBGb1RwMWpoNk5ac3lPMkhwZjV5aFA2YzZzdVlaTUwxUWlIakZQbmZVby1vWDBKVTFXbE9kVmREX1lseHd3a0ZTLTJtanNobWJXQUxFdEFLN1JoUVJ4dTR6azlGOVNWSXFRcmFXQnoxUVBWZjdRV0RrU1JZU0lUd1ZYNV9jbEJnZ0N0OEpFczFVc1ZKUVByTXlKRFQ3bA?oc=5","The Times of Israel","Israel","1787648685000"
"Netanyahu got his Iran war, but maybe not his desired result","https://news.google.com/rss/articles/CBMinAFBVV95cUxOeHluc0JSdWlWQ1FCeU9nai02N2xxa29weEhlTjNrTk9JYkRJQjRnWnRhakpFLVdLcW5pLURwcXRkWlpIRmhIRnpia2szdlk2enJZZ1lEODFfS1dSVHpseG1mX2V5eGVKQWxsOXlJazNDWWpZRks0WGRTWk5TRHJFZzVVUjVhblZNd0g2VE85TzNSdEdITXBCeEZRWkjSAaQBQVVfeXFMT3dmZGF4b25fLUZWN1hONXZjeDRIN2lhSTJyVUpFWlo3VGJiOTdhMzdFZTVvaUlrVmkyaHFkY1p3WVRKQWh6S0FjZGxPTmpPeGtVMHVUSGZMazBsTzFjV2g5YThZWXBNU2p6VWhUX2d5eWpwMUpVNjdKU3VuX3J1STVvR05xQTd3NkxLR19xRXE2SlpTVkJGNnNOUEhwY3NVMkJybEc?oc=5","The Express Tribune","Pakistan","1787648496000"
"Iran’s Economy ‘In A Spiral’: Hegseth","https://news.google.com/rss/articles/CBMikAFBVV95cUxPMWRtS195d1BHeWFuUENVTVN2WlZUMFhPWUhvMnFvME9pNUNfRlNNOWk1NGFpWXFyc2UyQ2VuMHVQV3NMQl82NXk3MGRtbmJ0Q3owcnN1M1U0OGR0UFZ4Z0RvUEp6dzZNUnUzQWVwQjVrUDRfNWU4cnM3dVIxV2lpSGFNYWhYMm5qNGpqRVVjdDHSAZYBQVVfeXFMTm95MzVubkdYdWtrRTRqOEpxWFZKcTBRVnZ0RmdIMDJJNG1wekcxNmxaaktPcTYzNVFpMHZqby1XRnZoR3NqaHlJa2ZaSUF6a2I3bGpsRW5uMWpNZG5UV2FjaGduM0s2eUQzSVFYWXBnNXFLREFKY0lqLWMtUmVfRUhFcy1NcmNRQnZpaVFxX2tjODNrNktB?oc=5","Al Arabiya","Arab","1787648431000"
"US economic interests in region ‘considered military targets’, says Iranian businessmen","https://news.google.com/rss/articles/CBMiugFBVV95cUxNYmgzSEdoVTZQWk5vSFNUT01GejlmdHNSMVNqYXV2X1F5bTJ4OFNqR19LdnFuZFp6b3J6di11Z3l2eUpIYXRYV0pxa2pPazg3NU1COEpvS1ZEOXJtOUhrTTE1SWd6ZmRhZk9BU2JHQjMzZFVFUWViYTkxN3lORkx5SkNhcWVPSzVQdnVnNDBvZjZ3bHNBNU5Ba202bFBCUndaXzBDLXU2ZVUwS0t0RWpmOWllU2gzSWdqRHc?oc=5","Dawn","Pakistan","1787648017000"
"US intelligence warned Trump of Hormuz closure, wider regional fallout before Iran war","https://news.google.com/rss/articles/CBMi2wFBVV95cUxPUDVBRGNZSEhWbndiUDVGU1ZuTXVFTHpBX1lRV2RXTDlzdVR0cng0SGRfSXB1SjJlU2FEdzZWeTdiTFhNS2k2azR0VThCLVhsSE1SdmxKYkl0Yzk0UktTSzdWdkU0VmY4WDhRTXdtQTNkOE5LZTZLQVZTc1A2QTRZSmFVVWNobnVIdHJ3bHpBVENDOTVvc2Rlbl9TR2VxR2lLODllYnhCT2R2WGRzYUVURTFtSTBMTFJsbUZxZ2QtQjdSMU9pX0FBTjdxa24weEptS2h2YThWMTIxbEnSAeABQVVfeXFMTVVNQ2doZlAwSGtEOGw0aWJOazB0VUp6dGlUOUllMjNQbnhMclFUdG4zVzdrV29ralVCWFZnTzFZa3d2T1RLUjBLVzlvaWFwWDNuQ2wyanBXRmtwZVlQUnViNzc3WklSN19BZTZINmdjcjYzZ1dRcEhOLUlZVll2SE1tLUo1X2d1SXhFVG9rTXoxUHV5OXFPcGwwVUJzLWhJUWJVS0wxbDBIT2hvSkNLbHRvQTRLakpuZlFxOTg2d3ZtcDBYYkwyUm9Wc2lLd3AzWUV0ZXJOQUduODM1NjA5dk0?oc=5","Al Arabiya","Arab","1787647800000"
"Oil hits one-week low as investors shrug off latest US sanctions on Iran","https://news.google.com/rss/articles/CBMixwFBVV95cUxPZTR0NTh3S2pnczB6S09Qcm9UUHNGVGlxSy1mMzRmbzNxWm5STHB6SktWTlF3elliY1g3WkgxTFZqaXFvTFJBbV9WeHFIRHFhYVVMSmYzTkJYYjAxWUdWdW9ueEJ6NVAyaHFwbU1aVzdtMUdsbWpYeW9YTENud1dWd0JGeEl0d1N6ZzFXb3AxaW5WZUFtanVIZmRRbm8xaXNUb2VvZ0ZQRWxKZUpWSUN2ZldYMWp1a3BXZWhMb3NSV0hISmw1cFNn0gHMAUFVX3lxTFB3anhzdjR5U3BjdzhBTzJESi05RmVCR3lCWjhKVXVIeHZUUzduQVFhNVl6RU5ET01HbDktNlVIX1BtbnJzUHFtdUg5aTJZR1ZHWmZ4c2sxejRCS29mcTFiU3QzeHk5bTNsOHRtckkwLVQ1M3VfYkRGRUg4OHdGdEh3T0VMSVVfMzFjWjYyRWhvNmttcWpaTGdial83MmFZZXJOUjdlUzBobG9jQjBwbmttRllVTHJaSHJhN1FHdzB0ellvaHZUZU55VU5ZeQ?oc=5","Al Arabiya","Arab","1787647740000"
"Iran Vows to Retaliate After US Widens Sanctions","https://news.google.com/rss/articles/CBMijwFBVV95cUxOYUFJSDJIc241bDFRRm02U3M5NTc0Mi1GZ29hdlg5bmZMS0lPaHdrTXhvOUhMTFhyY1kzRU8teDUwRHBEUGV5VHBYYVRGTUJxM3plcm5aVmpyeTdyU1J3UThXQy1DbXlWaU1nRFg3aklXSm1aMnJlVGc2Tjk0bjZDSXNQRGJweWpzZTluMnFHbw?oc=5","Asharq Al-Awsat","Arab","1787647678000"
"European shares climb on relief over Iran sanctions, defense gains","https://news.google.com/rss/articles/CBMisAFBVV95cUxQSURkcFNzN2dNaUVMSmR6RG9wajM1X1AxRDlud3V3MUxlMDYyOWhBbG5ZdnRwSVA3dFVZZmh1VWZ6TmxvMGg1M2lKZUlyemZxQVNvNVdlWXAtekl1N2d2cTRMUUVWMUtJU3dubG1PUEk1aEstWEJ0NWpjUkdxemZyZ3Vla1gzaFBDSU9aY3lENzhCd2F6R3pjZ3hhQmVZU3ZJcm1mOF9lNGFhdkJsSG9aZg?oc=5","The Times of Israel","Israel","1787647529000"
"Pakistan says significant progress made in talks on Iran-US war","https://news.google.com/rss/articles/CBMipwFBVV95cUxNamxoRkRTejIxTkJRT2pURlBTVFVJUjFQemsyYzVLRUdIOXloLXJOMnRVazJUWGJ2Y2FibndmRDVoTjA5TnZtU0xVWGVveDlLUm8xOXJJSjRqelRFZEJZSTdocmcydTNObU96eGU2eDlSWDN3TGhOS0V6cDFQOVk3TFdWTE1Bb0gwTjJfSUtnOVpackwxTG9ScElnSXplQ09HYVZtRjljMNIBrAFBVV95cUxQZ0MwMzBLR05hS1JiOFk4T1UtR2ZuTy1Zc2JibDk3VXFVdTdZenYybXc4MHpfZGdWQ25FRUllTVhpTnlTWGVhTDZPQTRuSUdaWHdsSmJyMjc5QTdqM1VpOTBsOHF5LVp2a1I2WUl6bm1icGtyUFF5YWJVLVBXTWpIcnJrNFk1Z0psYi1yS1NISjl1MmFwUjdTcmFja1g2ZWluVTBHYnBnXzkxS0tm?oc=5","Al Jazeera","Arab","1787647050000"
"Netanyahu: Iran tried to kill one of my sons","https://news.google.com/rss/articles/CBMilAFBVV95cUxNUGpkaHVHcVRkdE9sZHhBcUUzYUc4Mzg3V1lOcTJKYmQxTVFvOXlGcThZSVVXTlVndk1mQV9QUHcteFp0VkNFQnBNOE1FeXpyT2huUDZHS1RVR19HUHYtTDVXcUo3aUZzSTc5UXpnSzhPVENwQlZMQVhJSzRoMUxUa2l4V0ppbV9aZ3Zuc244eFpObTBu?oc=5","The Independent","UK","1787649060000"
"Christian Convert Who Fled Iran and Was Ousted From U.S. Finds a New Home","https://news.google.com/rss/articles/CBMixwFBVV95cUxOcnB2VzNVckFYdnd6Uk83ZE91enYtTGF5c1BDYnRMTFMwaDg5WEtzYnFWTFZkSHhCSGFYbW1VOG9lNXpWNDJzel9iM3NQOFFwaFV6NHNjV0JtalUwWHdpMnV0STFvSVhFWGdjakktVjh2ekdtN0l6SmRXRHJYbUpwaFd5Y011NVB4TU16SnRHWTlYM2twWU1JNERMUFB1NjdOemF3ZzdhOFptR1NWdmhnS25RYkp2dVZ4RkNBdXBiMFJGMTkxQzdF?oc=5","The New York Times","US","1787648545000"
"Netanyahu: Iran tried to assassinate my son","https://news.google.com/rss/articles/CBMimAFBVV95cUxONzNWc3lkMEMtTGlYdTc3UDRXQzYyZnFxM3E1Zk5KTTE5ZGljYTM5cVV1aVpKc3ZOMVMzNnMxd196cEFUanJ6V3NJYkNORjEwYVR5REZjV0k4TVdNejRhU25kMFNySlNmZF9HaThsUUk0VnFISExCcHo4NG5qR1NKcXdDOVZHcENSNzlGQXFSSXdaMkNQVXBobQ?oc=5","The Telegraph","UK","1787648040000"
"Iran vows retaliation to Trump’s ‘economic D-Day’ sanctions – what we know","https://news.google.com/rss/articles/CBMilgFBVV95cUxNcFFLOVMtRDlNVExWMGlBOGd3RVFrWkZvWFVkTDJjVVBIRkZOZmtBbGprU3lfLUFKcmhZb01NQUY2MW01MWVHbDRmdXlEX1RJUzdVY3lLVENteC1wc3lkUVR6bjVkTS1ZNlhwTVUyMldZRm0zSVo2VVNlT0ZLWl9sbm9TVXhJNUljMzUxMmdDRTloVzBVUWc?oc=5","The Independent","UK","1787647560000"
"U.S. Futures Higher, Yields Steady after Bessent Iran Speech","https://news.google.com/rss/articles/CBMipAFBVV95cUxPX28xVzhGSE02dFlOSGw0WlBnSTdWMUw0YTh4SENuc1NCOHhLQU00bDlaRDBXZUgtd05Ua2J3Z1VyRG5vd2RhbVZOaUNCRDdMX04weTJLSFJkTmFqOEVhMmx6MFVURDdadG5xYzM5c1BMVVFxek83MWJzZVJBcTdLYXNJeXNKaHd1UlNWT29EUVFXcGUyOTlsNDR4VXhWY20tQTFqSg?oc=5","The Wall Street Journal","US","1787646960000"
"Iran war makes multibillion-dollar Tanzania LNG more attractive, Equinor says","https://news.google.com/rss/articles/CBMipgFBVV95cUxOQVRRRXpGLTQzSUFSbHE2c1c0RGxGTGRhOWpneHlwRTI5WlBDQWY1UWJBOWFITHFyZkxGQ2xGYzkxT1ZZLWtCM0ZRbVhncEUyeTM3aG05Y0gtekpwNE1vdjdkNjNUc1BiOUw1cDljM1gtX0p3Yi16elh6UTNYeGJlNXRiVlZRU0diWnlnVkVOVnVuY2JITnNKVHgzRnJGVzRsTW5jRXNB?oc=5","Reuters","Global","1787648935000"
"Ibanga n'amayobera ku kibanza canke inzu Mojtaba Khamenei yoba yihishijemwo","https://news.google.com/rss/articles/CBMiXEFVX3lxTE9RaVJrd3pIWVhDRzlxcmU3cC05Wk1vSWRUSGM3RFRfMi1nSlZUeE1mQ0R3S0FxXzJWN2UwTHhycGhza2o0cHpoQ0Q4eVBRWC1DaUxvUmNEXzZnTlAt0gFiQVVfeXFMTXAxeFhVQXV2QTdhQ2dOQlBaN3JzRnVIdE9ZQllfbXducFlHQzM0NmtTWUlJXzRwQTVkS1Z1OEJKZ2RpM0IwM3llVVJORWFpaG1FTGhwdXJpc0ZlY0UyWkxJQ2c?oc=5","BBC","Global","1787648933000"
"US-Iran Sanctions, UK Taps Ukraine's Combat AI, More","https://news.google.com/rss/articles/CBMinwFBVV95cUxPbzVxeHV2aU1wRTkyVG9kaGRSR29vRVpYQVJ0LUVfNC1jX01nYTlxYWlxanV3S2RrWHBfaWJ4bUpkTnFNc3JuQkZ0WjRPQ1c5RlhXTkxYLUNsX1RON2R6bW9QUVRJS20yRTBDSjEwamNvZ1F4cGNHakdzSDd6MDNXdFVONno2ZjZJY2FmcDcwbEpIVW1hbTRvazdFX01jOVk?oc=5","Bloomberg","Global","1787647516000"
"Lacking a military solution against Iran, Trump turns to economic suffocation","https://news.google.com/rss/articles/CBMi5AFBVV95cUxQSE40Z0tLWV9sbHk2dU1IQmY3U2FyUlZYc0NYS3BmaDF3b3ItdVY3YmRFQWtrZ21sZi02c0M2MW53NXZQNnhMYlcyMEdaY3JqR2JjTjV4Sjh6VzBpMnZIR2R0dVJNRFRVRlU4Q0lMTy1YZ21oWWUxZTdPSUdYQXBsSHhteXozOHZJb0sxQ1gxNDNMQUF4am1kZXZxdHlMaVo4YjJDdGxVY0V5WEhyUTVPMXIxOW56M3ZTSG1rZTBweWw4WHh3LXhZSmpCTkcyWTRxZmpxMjBjYTd4ZEdlYWxXdUZzREk?oc=5","Le Monde","Europe","1787647323000"
"Gulf stock markets muted as investors assess fresh US measures on Iran","https://news.google.com/rss/articles/CBMiugFBVV95cUxQWDZWaEdpVTBFeEc5ZjFNNWJGWnI3TnRyYzVUQVE5SGJWZ2g2TkRtam9HM2hJSUpNZmY5dU1UVExRbnZ1aXhZYkhma1RFMGYzelYxbHY4bV8xTHkwR3h3Ni1wT21CcjBwUURXcElWTDZtbkFyOWFvaVBRVV9ZVFNWUm5ZN0E5UElLRmJzQ0ozai13bU9famhSOUsyb05ycEk4cl9JRWpoYzNVOWx0ZHhVcjVLYkZrNnRjUXc?oc=5","Reuters","Global","1787646429000"
"Trump veers from boredom to denial after six months of Iran war","https://news.google.com/rss/articles/CBMiogFBVV95cUxNaUVUZmhSUkpvRllVcFdOdld0bk9kWG41aTRuS1pkNmNPemc2SmpUeUNQVWxCV0Z6c005SHdnam4yWmw1eE81TEtMUVhhRVM3RUxlS1ZtNnZfTUZreWxHaFo1VFUwRjZTck1Hdkc2N201TVBvX3VFYjRxMmpmVGVEck5FaC1QUEZaRDYxMUotM2FmZ2hvb3BiMGIxV2JzZTRkX3fSAaoBQVVfeXFMTjBBN1AxcGp5dFdTaHRzZWxzS2F0TmkyRzN3TzZHTXRfYU5kVldjSE5yNGM0MTVpampqV25Fb2YwWTllZkNvS25DQXhaa29aMF9tWW9qOFpIRFFJSHhFcWluVUFVTktPcm13Q0pnSVNkMlJNT0Q5N2NsbDR3U2tScDNfcTJwd3NUMjJ2VVhJUDJXNmROVjlQODNXckRoYm1ZTzBqaGZTcS1zYUE?oc=5","The Express Tribune","Pakistan","1787650132000"
"Who are Iran’s top trading partners US would need to target to isolate it?","https://news.google.com/rss/articles/CBMiswFBVV95cUxPNDkwbm1VSWQ1Qk96aDA1dzU5V1JBM1VIbERRbTM2d2lGS2NPbV9uZ3RSYkhCdDZtZGdXZWlBc0w1R3JuWWUtdzhhUFVsR0pPNVRoVEI3TVBFdVJwVEdnR3M3Q1d5NFd4Z3UwTGdqb0dLaUhfc0EwRl8yVlFKaWVnOVVIQ3lTZ215QjVNVEViQUhCY0xEWkNrQzQtZldCZ1JCLXBjNWc4SlpCMGR5bmJ6eGNLUQ?oc=5","Al Jazeera","Arab","1787650060000"
"US prepares to send diplomats back to Middle East embassies after Iran war evacuations, NYT reports","https://news.google.com/rss/articles/CBMizwFBVV95cUxOS253amNScVNTdFF4SjVlU1RQVGFzVjBZalVKYUpUckZOX1FzdklkcDI4NlRoc0x5VXZtaUgxNW5wN092R05HRVRHMU51VG5iOU9SblF6d2VxU2ZTVnZmTWw3eVNnZEFRRExHcmlQRmhoWXBvOGRPcEdUeXphX2lMZnZSektOcHVjUEd1dFNLUURsb0dVcXF4WElkcE5yOGFxbl94dUdJYmFuZjBZWk85UjRGaXpaaUtzZnFmX2NXcTgwVXdjdDBrVFF4RmZEWmc?oc=5","Reuters","Global","1787651343000"
"Ship disabled by attack in Strait of Hormuz and other news from around the Middle East","https://news.google.com/rss/articles/CBMitAFBVV95cUxOc2ZVY3Y2dXJDajgxb0R0RDNXVTQwWXFQLTltbDJVWUpaanVwZ0lHSzRzQ0VIekg0NkFNZG5UVHVCX0ZOWV9lWThtbnhyV3pSWUxmeEZqR1BTU1YtR2paS0hhajBWQ0tVdHU5Njg5aklzUG1xNDNsaU5VYkJNZlZIbzVXVmZyMmkyYVRBclRKZ1k0dnFrSXJMNzJfVkpfOWhTRTZIOTgwWDRPalBlM1R4LXZFWlU?oc=5","Associated Press","Global","1787651160000"
"What the new US sanctions on Iran mean for European businesses","https://news.google.com/rss/articles/CBMiqwFBVV95cUxQUGg3Mk9ydC1zdnJkX3VNZVBuYXJsaW9BRlJxS1g1aTZ3UUZUdTJoRDREMjNoN01YbklwTkh5b3hCcXA2eHIycnJQaEVYclo1WEVCcnlzbXJaOFRJU2ZucmJENTItbGRjeHFEdGQ1MmFfSWJ0Y1dieHFSd1l4YkE3aVdZUnNWcVZFRWN1ckxmbkwzN3l5aTRiN1pTaHl1RHpTYmpMRmJBbjgtbFk?oc=5","Euronews","Europe","1787650284000"
"China warns US it could retaliate over Iran sanctions","https://news.google.com/rss/articles/CBMihAFBVV95cUxQeE9vVDVrbmZ4ZTFWOHNpc0UtY0VDTWd0TUhJbFhqN3JOcEZxWTN6ZDhyZ2xxd3J6bVh3S05adUtiYlJIN2dWdGh0Y3JwRlQzbHI3SEJEakwzM1FJOWZjLVF6aFNuc3A5RE1JbTVNTVQyUTlqbldPRVM0dm9sby0zckt6blY?oc=5","Financial Times","Global","1787650057000"
"Bessent’s Iran Threat, Lutnick’s Intervention in Canada, More","https://news.google.com/rss/articles/CBMiqwFBVV95cUxQVktTMGJXV2RJN3hTWE1kajdhY3NncURLZGRUWGxUVXMzMHRLZVQtN0o0Uzh6S0xxSVVBUnBZUUFzYTZPVGNuVGlYUXlrZmZNTFVBc1N2RWR0WkFpWEZOMEJ2Qk8zVHV5SUdQYmpoZFpPNFZZc1FzMDFnck94V0h2dHBUeGNxOFc3cUFGTHNxWHdBamVFeHNvby1xalg1bllOMG8xbWV5VGhVbHc?oc=5","Bloomberg","Global","1787649802000"
"Iran threatens retaliation as new US sanctions hit already-struggling economy","https://news.google.com/rss/articles/CBMiqAFBVV95cUxQTTl2SkNOdGl2S25UQ1RRTGRSSW5TMnVsMk5uTEVYVm85REpyR25aOTJPaUF1QmxRWXFOTXFUWHpyX0cycGl4MVNlbDZyYnpwWk5fM2REZ251RVRFZkh5VHpJbWlJSWhxMkR0ZzFwZ1RPMzlNTmtJbVlBNmVhY09ndUUyUTNSTlBIelZrYVZHOUhHVmwzSm9td0hYSjg0TUNUU1Rxb080MGI?oc=5","France 24","Europe","1787649004000"
"Bessent’s Iran Threat Hinges on US Willingness to Hit China","https://news.google.com/rss/articles/CBMitAFBVV95cUxPLVViODVsMEI2MVdqaFhiVFVzaUlZa0xlQVRoc21Cc0JwMVhvUWdoT0FIZlFlMnM4OTZkZ2JNZjREckd5aGswajhBTFFjbFotTmRHazdQTmVERUtoSnV6RmYyaGEyMTBLaG1JWWFWUW5md2djNW9veTV2R05zMmdWb1lqS3FVWU1ZNmpUQmdCd0Y5Q1ZlNm5JOWJvM2g3bFZjTE9ucHg4V2pmM3duQjNpVkRSSEs?oc=5","Bloomberg","Global","1787648657000"
"U.S. Campaign on Iran’s Economy May Still Risk Regional Military Escalation","https://news.google.com/rss/articles/CBMiigFBVV95cUxQSjU0VWNoYjBxYlZ6c2FnZmJ4cHltY2NiUmUwNEhWLXVJNXNiV2pYSFBsQVlfV1R3T0l0YVJNLWxnd1BEX05mVmdabnZuZDdFV1hCakI2UUdlR0IxTTJrMkpHTTJmOV8wQ0dibVZSSmR6YjBuNEZ0bU1DTExzNmFjLTlIRW9OX0N5QVE?oc=5","The New York Times","US","1787651201000"
"Trump's Iran ""D-Day"" leaves sanctions hammer hanging","https://news.google.com/rss/articles/CBMif0FVX3lxTE4tZGRndDR0cWE4YXJHVl9tV3k1YmhtbHl3RkdXWkRvUURnRHJTX25xMlFmLW1ncmJTOXhicFV4emJCVUEzSVJhbENwTk91dW1xU1VqM3pGdHZET2Vybzk3WnBDbUptN0N0VWlGZTRJbjRYN200bGxHSzBUXzhEZWc?oc=5","Axios","US","1787650665000"
"Global Bond Markets Stabilize as Investors Mull U.S. Buybacks, Iran Sanctions","https://news.google.com/rss/articles/CBMivwFBVV95cUxQSkNxTlFHVW5OUzJsMnhXT0poZFc4T2dPU0gzVXZiOUtNUGg4ZmphWG9hc2YzYUJnQmkwUTIzdnFWcmVoRVJOR2hUbGlYQUMzLXJNNGxpOGY5Q3d3aWpzTGtUOXBfbDBEMFhaS1hHcWRxQ1RlakZFVEs2SEtsdV80NlNmQXVHVzJTWmVzVDZfUzNFaVpCUEdIVV9RNlpxUld2bjFidnk4TVpuOEFzYWpKOFNKMWxrejFrRTNONjRjVQ?oc=5","The Wall Street Journal","US","1787650409000"
"Bessent’s Warning of ‘Economic D-Day’ for Iran Amounts to More Threats","https://news.google.com/rss/articles/CBMidEFVX3lxTE4xYzV1OHFrN0pNdGo3V1VSMExkc2pvc1NhbHpJdE1HdzFsQ3h1M2lMU1JzeGotX212N1VRTVNHcVJibEVmbDJvbjNjdGdLdnZFbnNjSEhRUEt0Z2U1cWp1WGlUYTZkSWVZclM1SzhXZlFjSW1r?oc=5","The New York Times","US","1787649720000"
"US prepares to send diplomats back to Middle East embassies after Iran war evacuations: NYT","https://news.google.com/rss/articles/CBMiwgFBVV95cUxOZVQtRUJxRHlWMmxTWjRuVUdRa01XTjNQYjVuS21MMUNGOVRwbHpJYzRVOWNCS3lqUDRhS3JQVTZ6ZVNEUkZWNW5oNlRwTEZxQ1BtMnl2RUpNdTlzU1pUNVRhNEp6NE01bTdWSlRDOWV0UWpVMlBMNEgydklxSW1HU1hGZlJDX3kxWEZkbDJ4SkxLaVQ5ZExuVW1RcWM5UHBEV19MV1pTbWJfTjdoVlNRSVlFYzR1UEtsYm5VRFA2UUx1QQ?oc=5","Dawn","Pakistan","1787652064000"
"US prepares to send diplomats back to Middle East embassies after Iran war evacuations","https://news.google.com/rss/articles/CBMi3AFBVV95cUxQbXc5ckg3MHdNODBUYnZXUzFfRTN1aVJZTVdSWnYwU244eTVHUXhJV2l5X2NsX050eklqNTYtMkpaNlVlUHk3QUttcE9TYzN6bi1pTDFyVTd2c21LcFRHMDdjLWdGVGplcVVPQXY5SWI1SUQwUzk2QTRWSHpyX3pPNm10aVppd0FaOHdxQ09KUUZIanBBSzR3bFdLSmZSMW12TFRDT1BzQVpzZm9fZTVWOERLVldXRWhxRjIwQnpCcHptUEh2YWdVcmVnSUxDa3lMVFRyNFFpYnVYbFI30gHiAUFVX3lxTFBWNVoyNVRNV0ZINDNiNTl1MUlXalFmYmcxNnZ2WEl1SHFEc3hpS3phNTI4bFZXSHFRNWNUSEJfQWJYamVQMmJVRjVTeFRnLVlMZlVCNy1FNzNycmNYemo2aDB1T1ZvX3lNT3BBLXluRVpTRENJZ2RXM0laZkdDQ3hPWDJKcHFpY0ExYkhFSkdHYU53Q1BOVl9memJZUGhkSS1VbUM0WmJQdk9yRHdMaXYtVmFiUW5GNENaTkRqZXNtUW9iX2w5U1pOMGxBcm1iemtsZS11ckZWZ0RHX253RTBwSEE?oc=5","Al Arabiya","Arab","1787652015000"
"US preparing return to Middle East embassies after Iran war evacuations","https://news.google.com/rss/articles/CBMiakFVX3lxTFA1Rkt4ME5hR2I5VUxReXdlTjNyWW9DendTSERiUm5YdkkyTF9GV0ZicVhSbjZVZ01jTmd0UmFYWC1JX0RTNVI1a01EZmI4b1RMQmpndURTY3RyMnZkYUR1bVFZT2w4UGtiR0E?oc=5","The Jerusalem Post","Israel","1787651922000"
"China opposes US's illegal unilateral sanctions on Iran","https://news.google.com/rss/articles/CBMisgFBVV95cUxPVG1uYlk2cF9oZ0IwdTM1SEYxMlpoWV9RNDRod3R5c0JDdlBCYkxKSkstUkVGSUVUOFp3dVhZTDNqMGdaWFl3SXhrSzE2Z1UtV19JbDJHQlBYX0FPZFEtcDkyNEZpTlZ3NEJNT2hPVWRhZ2w0NExlSGtvMTE5UVI3clpBMmotWk1lUHgxckhMazdYWVJ2NjhEUFhjTzctcWota1hxb0xnWWR4QW5oMC05MVlR?oc=5","CGTN","China","1787650800000"
"Who are Iran’s top trading partners US would need to target to isolate it?","https://news.google.com/rss/articles/CBMiswFBVV95cUxPNDkwbm1VSWQ1Qk96aDA1dzU5V1JBM1VIbERRbTM2d2lGS2NPbV9uZ3RSYkhCdDZtZGdXZWlBc0w1R3JuWWUtdzhhUFVsR0pPNVRoVEI3TVBFdVJwVEdnR3M3Q1d5NFd4Z3UwTGdqb0dLaUhfc0EwRl8yVlFKaWVnOVVIQ3lTZ215QjVNVEViQUhCY0xEWkNrQzQtZldCZ1JCLXBjNWc4SlpCMGR5bmJ6eGNLUdIBuAFBVV95cUxQTEkwVEZfSWo4YTdCamRzTkd6cnBpQnIyS0RqQnZycVVqQ0tGQ2VVRV9ESGF4WGwweVNaLVBjNGlQcU51SHlJNjhTVzJ1NDZYd0JtLWxCS3laa2tsbVVTM2xlQzd4eU5iM3VhWE1pdHVtZ1p3Y29PemoxRjVMUUw5bXZ6eVcwcFhmcVF0YzM0Wkc4VE5SbjU2YWxfT2wxV0p6MXFuZGxVLU9MRFpDRVJrNkJLTHBnV3lN?oc=5","Al Jazeera","Arab","1787650060000"
"Bessent’s Iran Threat, Canada Tariff Response, More","https://news.google.com/rss/articles/CBMingFBVV95cUxPRzBGSi1YSnlfSzI5Y1J1TG9naU5jekFWZ3VuWE5ONG9QT1pvYkZJcE11VHRUUEd5OUIyVTZka3RLNWpFRmJhVnlSdlE0aFJwZTFyYnVMSUZ6QVNtTWtra0ZrNE5WbWl3cWNjaGhhNkp6eFRscGFVcmdjcXNSRThiRThsZFZ5aFhYdG1RVFpiRUJpU3FtMjJwZk51TllBZw?oc=5","Bloomberg","Global","1787653426000"
"Middle East: Iran vows response to fresh US sanctions","https://news.google.com/rss/articles/CBMikgFBVV95cUxQbFhLaXdWSG5YZXhQVFI0N2gwNTYzQklTWmdLaEJkd1BqdUtZV0lnM2xhN3NiM1JvOW4yZ09yZ1hIVVhHUGpLZUJzUWVSNVM3ZWJpZVJBRVloeEtEMXBjcjZVdzA0S29kSVhwOHRZM0dVb0hXUTdUaVhrWjREOW04cVh1OTFDYmRELTZvS3FwXzRlQQ?oc=5","DW","Europe","1787652873000"
"PODCAST: Iran sanctions expansion, H-1B visas and Ukraine's Independence Day","https://news.google.com/rss/articles/CBMiqgFBVV95cUxOWGdRUVRmZXNMZnRpYXV0Y0c2dWgxQUJvb2lTUjZmRGpkdmItWWowWHBDaXV0ZFlwRXdkTGJ5Q2FTSzhtdUM2anBfaXc4MHBlckRiUXV3YW90NmRCRVBZdnV6YjEzeHFPWUdINWNTVVYxcUdEZVBFU1lzdTFSRjRTTk1Hb05RZUlKVU9PODZ2NlNyN2E5TUpzSHRvU2hoMGhzeGFIQVFXOUhhUQ?oc=5","Reuters","Global","1787652676000"
"Bessent’s Economic D-Day Comes for Struggling Iranian Families","https://news.google.com/rss/articles/CBMitwFBVV95cUxNVWk0ZmhDR3BFVGJ1bkRVcmNvLTFHRXNCZjd6R3hXU2ZhVjMwSzlUN29vMU1GX3BXcHBTUTl1UFZwRFJnb1RuR05fVE9CeTVfV0dtaThWdXEyX1dUUk1pTlVDSllaVWVIUVBSWEl2eXZEYXFXdUpsYm5PVzEteVB6RUZBcndURkU2MWRIY2VaSW1UZ1VnOWw4M3VDYVhMMTZaMlBWZU9RRlExNTFPdkR3bk5qRTZIWmc?oc=5","Bloomberg","Global","1787651947000"
"Farmers say they face a new crisis as Trump’s tariffs, Iran war raise costs","https://news.google.com/rss/articles/CBMivAFBVV95cUxOdGtrem1FenhCX2t4TC0teU41NTBtd3hHTGpDYzBwM05fRVdYZUxQdlJZTnoxVU1rYzBiYnEtNmdvMDRmdmJfeUNvVmtXQ0J3YVU4X25NdXpEVmItNVMyREdYcXJnamxqNC1vZTc1eHB1M0FfOTZaeldzMVZFazFGZ01wd25KR0xwdnlhOWRfblRaQ1BvSjl3T3d2cjdWOGsyZTA2c1d5OFo3dXRkOGp1aDJ5X2duQVF4cG1lcA?oc=5","The Washington Post","US","1787652315000"
"US announces new sanctions against Iran to isolate regime","https://news.google.com/rss/articles/CBMiVkFVX3lxTE01aG1hVkFveHo3ZnFtcUl0S0l6UHY5UHhjVGt0eC0weExmYk5PSTdqZXJLREVJZ3pIb3R6RWJlMlpqaEs3WWg2cHp2RlVRSmcyeXM5SWtB?oc=5","Fox News","US","1787652281000"
"Ship disabled by attack in Strait of Hormuz and other news from around the Middle East","https://news.google.com/rss/articles/CBMinAFBVV95cUxPbHNjUjZTbWFiM2dDVEJmM2lSYmZ0NS10bnBLRkF0V3dOeWNueWRyYkVaakY4OVVJVVdnN0FaZVVoOW5MZkhwVFpZbzJCOXRuVzZ4aDFyaGRQSzNDaktvdWpCSmZHRFc5TTNPLXFrcEN6Zlg4c1JxeDVOMGFzcEVnOGc5d0xXN1NYcVUzdEdLZ1VpV0JhRDI1WlNRc28?oc=5","The Independent","UK","1787651160000"
"Can Pakistan’s Asim Munir convince Iran military chiefs to return to talks?","https://news.google.com/rss/articles/CBMitAFBVV95cUxOay1COUJiaHZoMmdiZ1ZXWFBhRE1FeThOWE1kY3NwaXQ4NUhVWGh6THJLUjNNTUFRTU5QQnJTMWZLU0VqMzRCMnVoM29vQ3RkaG5NV1p0RGZROG9WYk5xdXhaak8zemdzRENuUmlNTldrY2tqay12MjJyZnNzWm9DNkxsX1RGV1V6ZXhrSzVsV3dYeE5iNG5YSGZGTVl5aU1uRmQtVHc2N2Q4eDBmbDlBRXJ2ekvSAboBQVVfeXFMTTdiUmQwZ2NVZ2lXOWcyUTFnWDJBekpFaDVISGpkNmRHTHUtYkRNOEJLMjFZVUYtTnVPTWZObDk3eTJIWS03M01nZ18ydEpCX0dUdVFIX2JKbUxwTm9EeXlQZm5NUkV1ODlKNUNzT1JBU2piYzliTDRZT2liYXNXaXkzbXZfTXBMZWEyeTlIVHQ5S25ZLVQ5ampaLVcyMm1tY2h4ZzhaRjFGdVdza0xKS3JiOUJoX2lwTlF3?oc=5","Al Jazeera","Arab","1787653540000"
"China to Protect Interests Amid US Sanctions on Iran","https://news.google.com/rss/articles/CBMiqAFBVV95cUxNSTFrVzJIQU0zYVJ0Q2M4ZlJxVHpOZFJCWUNqUVhZRVU2MFNoRExmU1lLcnVxRXo1RGFNSVFoMDk0U3E4ZUJXeGZWR252SERDQXVBVVdvZWZsSldGTzFfRTR6X1Yyc3VfQmhzQTFhRmNQQ3J6MDRDVDUzOGNRTUtxN1gxamp3T3U4UnU5azVpUEJtMlV3RTZMWlE1VGZZZjBEWmFDbmowckrSAa4BQVVfeXFMT2MyeFpuS1hBM3gtLXJXcExMeXpUa0xMWkxiUVEtcDFIS2xwLVBmVGRHV1l5UGZycHZKSjJvYTVQYWNIN1daZHdkakNnZUdhSk55TmpxUy1VVVFUTjU3YlJCMWYzcWw4ZVpXNVV3Z3dCSzNsbXVVTXhhLUpCdlVCd2kzYjRaNTNBVFNoUnU1T212MFFfd3loaFJ4OHVtX3l3UkRteFlDcVVLZzhZNGZ3?oc=5","Al Arabiya","Arab","1787652390000"
"China warns it will safeguard its interests after US widens sanctions against Iran","https://news.google.com/rss/articles/CBMiWkFVX3lxTE1CVnVRWFBpZ0Q3QVhFRjVhTkl5cC1jUldYUnVvdW96NnEzcGhrT0o1M2Vhd1RBd1lucUN6dmltSDZjdVdxd1BuMUVWRnVNMno3VThkd3ktanpkQQ?oc=5","BBC","Global","1787655363000"
"Can new US sanctions cripple Iran's shadow economy?","https://news.google.com/rss/articles/CBMikAFBVV95cUxPZFIyTVJBRmFnczdKTW1SZFIzNXRiVnQxU1NKLTlYVTdRYWdsZ2JMUEZSbWVLUjRjLTdSNHFIVkR0eXdSdmRlenZKQjdGLXJwbW1Gb25GanJVU0l2SzBkTEhSR2RhaTF0X2YxRDBQUWN3ekJENUVLZnpIM3VESnVmVm1USG50bEM5Z2p0aE9DNlPSAZABQVVfeXFMTlEtMFlVVlhYZGRnNmNQUjlrUjBFemwxZG1WUHZvSW9hSjU2YzdFeTJKSEltbFh6b1ZNaml2d1p6QWkxc0tRSXFGc2Y3MkpLQXdnVUVnUm1NdXNUaHE1YVcxcjFxRkxRczlWSjI0UDFUV3dQWEczN1pKQnVnRklvUF91T2s5ampuel9OM2FvUEg5?oc=5","DW","Europe","1787654659000"
"Iranian official says CDF Munir's visit yielded 'highly valuable diplomatic achievements'","https://news.google.com/rss/articles/CBMiwAFBVV95cUxNc3Fzal8yelNpV2N2eVBfeTNVVlZMV2Izd3pVR1pkbkZzcVgwWG92TnhrVk5oVGdpbUM5OC16d0dUbTdsakthYnk3UWpqaGVpZFJVYkI2eDJFM1p1RDF3Q04ySFRIQjhNMldYbnFtc1NUSzB6ZGhpaVhDWnkza1JXOHJnR2gtSWVLclF0elgwMmIxZlpfaVZ5RFhiX3RjMUtiQlZKMlJEajV3ckpKNXNnZ0RqXzQ5U1Z6ZE5UZjJxa2k?oc=5","The Express Tribune","Pakistan","1787655825000"
"Iraq's top judge: We will never forget Iran's support in fight against terror","https://news.google.com/rss/articles/CBMivwFBVV95cUxQZHB2WkRVTEEtTmZfd0ZJeTR1c1Nza0dpbHNvMXB1RWtoYXUwVlB1U2RjTEFBVkFERERSVHZveDNWWWFKV1RrY0xMRHV6SlNldXpxLVZpWmt2SjNiMVpwYnl4LWJfTklDbTNScHRPa3lKYVc4elJ3aU5kSVRaQnhKVm9XSDhUaVo4dGk2cWwzUi1EZ3RaUVJwb29RcWhOeU1Ma2V1ZmFQTVhIVjh3eXM3NlBoS18yUlh2STgyVEdwSQ?oc=5","Press TV","Iran","1787655060000"
"‘Borders are Iran’s red lines’: Commander warns Takfiris, hostile groups","https://news.google.com/rss/articles/CBMiogFBVV95cUxOMDBpZUg5Q1VrUjRfLXlmZk94ZlF4QVp4QnNUNFhSVTdsQlcwZkdXUXN0WFM2d2F5T3ZOMHh5SzhNRGZDcDZycUJyd3JhcXVwek5SbUVUTG9jc2hsN1pERlQ1SFp1bzlIRnBTZmd6RVl6aDdTS3Z5eDBNeU1pWjdiVjZfTXZlUUtxQ1BPVjN0QU5SNGFGbXI0MFVEVjQtRDJhTGc?oc=5","Press TV","Iran","1787655000000"
"Hezbollah's Fadlallah calls for coordination against Israel in talk with Iran FM","https://news.google.com/rss/articles/CBMiXEFVX3lxTE5pTVRVbTlwV3lDdmdpNTgxQy1FbGpmckhiSEFuOGxELVJhdDFpeThzdUpTLW1PZE5jcFNjRXNmbk5BelNDNlk5bkhoVTM5RzlSSk9hZTFjLUt1aTda?oc=5","The Jerusalem Post","Israel","1787654979000"
"PM forms high-level committee to steer Pak-Iran gas pipeline out of arbitration impasse, NA told","https://news.google.com/rss/articles/CBMizAFBVV95cUxNQlJEdHpsZ05xR1lsc3FsS1FtTnlxaVBKS094S203NF9IcV9DOXNSSk0yOC15UVVUR2RNblE2TE1CN2xoTGI3dV9lQ1Q1NFFVYy1LSlhZVkRZclJETVplWWtYeUxwZWtqanVSdkZvdjJqdENET1dNTDJXM19TcktXQmhBM1JwV1JZN0NoYnlZWVhVcFBjQTFvU1pobENDSDdzY3dSaGZhOG9fS2luREZ3YWtGem92SldDekgzamQ1ZEdWR0FvOVRVcDNxdFrSAdQBQVVfeXFMTmt0WXFTSHZVcGNDTkU3d01YSFFmSjFobE9mWXVGNWVjVXdzRUlkb3o5amd6MkhSaHdBdlZEM2t5clIwV0d2bllxd0V5Mk1pVjdiZnZnUUt3b0dPMXdkVS1PYnN0UWtyZWZyMjh0RVdyWURQc09qWUpBTW5uZno5UWlJX0FWMDlFNWpFVDVoMUprbXByMU01VE1qZXBrU3hnRms1Tlh0REZWNnpsZmNNRlVDcjdBdnE4WWhqdVdTLXNkUTJmMlVKT1R4NFZGWEIyMHE1Nng?oc=5","The Express Tribune","Pakistan","1787654608000"
"Report: U.S. Prepares to Return Mideast Diplomats Evacuated Before Iran War, Signaling Renewed Fighting Is Unlikely","https://news.google.com/rss/articles/CBMikgJBVV95cUxNcndLeEotcC1pQjR5bWNsSkVIN0E1X24zOXJXSjA3NWJydVhVX2FBbW95SWNaamFza0k2dURhQk1jbU92SUZ3NlB3SG5waUktaHhDUklRS2RkTmJ4LWZqY01fbkRWU1FTY0dUcEwwbHkxZXliY0xtVGNHTksySl9kUzdqMjIyT25fT201X3RrVFRpdHlseGpRUWNZSUVKY3AzZkxsWFMtOWVYVHpJRHRTY2cxQW1lSXJKT09uYWNwWnh1VXA0SHpkSHJ0cC1nUURhTUVONUwxb2hjTUR1LU13bm9GcGRqLUgxUFhweG1tdjBQczdLVi0yUGVuWjV1dFlaV1RRYWk5VjBlR1FQTmZIVHln?oc=5","Haaretz","Israel","1787654460000"
"US SANCTIONS ON IRAN ARE UNILATERAL, QATAR IS SUPPORTIVE OF THE MEDIATION EFFORTS TO RESOLVE THE ISSUE - FM","https://news.google.com/rss/articles/CBMibkFVX3lxTE1LM3VPcUtkaERKaW5ZWWJtenAxb0lUMlluX3lDWG1fNkYwazdVZjBYWThjVmU1akFaLXVwZjAyMTFLcmo5TVFGSEJkTjZNVF9WYmo3OWFCSnhMNzhoOUUtLUVtS0VmYkJjUG5pa3Nn?oc=5","CGTN","China","1787653459000"
"What Trump’s Toughest Iran Sanctions Actually Target","https://news.google.com/rss/articles/CBMijgFBVV95cUxQTFB3ZTRLMlh2WDNBeW0wa0RtaG5uSVhCVk5oWkpBQ3Y0ZHdHUGdUbHJiZk4yWkczakpvVEdDVEVKZDJxYXRabW00a05xcDVUNnpYXzBlRS1QUFFZX3V0RGdXTHJ6VWEtOEVfMWJfbU5TeklFcElRQ1hZT0dTRnhBT0o2SWdUV2NOSVNaNjRn0gFOQVVfeXFMTkN3OTdtN2hlZGNSS1JmeDFiR012TlZ6Q25JMjlzYldabllBdmFCLVd5dzhpakNIT194UXduX0JhYlRZYUJ6VUxVVXFSaVVn?oc=5","Dawn","Pakistan","1787653209000"
"Iran war live - Al Jazeera","https://news.google.com/rss/articles/CBMiiwFBVV95cUxOdV9GVmFUTHNKbWZQNXVlSlM5Q3ZrSlI1RnpoV0NTc09pQnRzeGtacFFHcFVKTjZid3JlTUg5aU96OVduZl83a0NNRmIxYlotOUtZUUoyQlpuZW1UX0tHTFlORVpHZ2o3cTVkdGZoWU1vQjlycGZNaDZrTEZXN24tV1ZmaExmeGkxOHNz?oc=5","Al Jazeera","Arab","1787653064000"
"Iran’s Ex-Spymaster Returns to Build a Bottom-Up Security State","https://news.google.com/rss/articles/CBMitAFBVV95cUxNUDl3OEZYLUg0QXQtcXh4VGl6LXhJenRyYjAtb25XNnBHT3JrS3JzZ3ZTVzZScjlZX3gyczJhSTl5QkQzRUg1MDNNZHBaUjYzT1ZyUXJLMUhMbi1rSTZRYnp2cUR0dkZfdzIxOUU4cmhHZGdpdEZDa21VRmNtQWFNZVNPU0J2OUQ4MnR1WDktZ3g4U3YwV2laRGZ3U0E0WUhYWTBRejJXVkVuY1pJMnY4RUo1NHY?oc=5","Bloomberg","Global","1787659414000"
"Secret Service confirms awareness of Iranian state media video threatening Barron Trump's life","https://news.google.com/rss/articles/CBMilwFBVV95cUxPWGV3YV9PMTlzMUpWUURuMHdaNWRMWmF4cHZFTXY3YXJRYnhrU0VMMWd4QmltNk9jSF95TERFWTdua0lxcndqZkVwSXkzSXFlQjdBUzU1ZUFZb21YVm9fRHBWeTJKTWt2TVFVS3VfZHNySXFrRlFiVGJkaXY0S3NuSjAtZWlCTVlHTGpUVFBpU0MxQnAySkg4?oc=5","Associated Press","Global","1787659020000"
"Is Iran set to become an economic outcast?","https://news.google.com/rss/articles/CBMihAFBVV95cUxQLVI2cUV4UUgxSDF0STdOSWJtaGlUdE1hS1QzMVRjNW5valVmby13Y3FETDYzZGdxY2RSRFdkT2liNVpGbng5X2NsRmt0aERnNEVIUjNXTFF1VVZQZTRUMVcwaUNnMDN3QU8ycmhKR3o4TWJsa1JEeHJiR0EwWXpUMzk2Y1Y?oc=5","DW","Europe","1787656716000"
"Qatar says contacts ongoing to revive U.S.-Iran talks","https://news.google.com/rss/articles/CBMifEFVX3lxTE1YY0NKLWc4a2xUbmtjaE9wbFltenEyb0tSckRsYWpmWTdRRXpRTmZ4M2VCTEd5SVViUUhkTGdnUDBfM2dDVXdNOU9QMXBYNmpLaXRTc0paVGhqVjM3OEtVaGlJZmJub240ZEwzTkdDNjZkb2dVNkRWbmFpcDc?oc=5","Xinhua","China","1787659545000"
"WATCH: New footage shows impact of US bunker-buster missiles on Iranian media building","https://news.google.com/rss/articles/CBMiuwFBVV95cUxOWkU4aHhyNVlQeGM0VU1kZWJYaW1kWFB0SkhDTVBZb25fUlVwZUtIdGF0R1QzblhiWEpDVmJ4V004NjV0TVFIN1FvNlBNVDJjWGtCalFFbmZ1eHlQUEpLVE1VS0pJNWxYcUZyUXpaM0VxOXc0LTVqOFZfWlhBN2w5d28xMWIwNHRWV3AwQ2RyLUhweDVrRzV1cC1JcFJLa2FYSWJ1TDZUZWFpSXFzUjdldDJvQ25ZM1NXS1ZB?oc=5","Dawn","Pakistan","1787657823000"
"Oil hits one-week low as investors shrug off US sanctions on Iran","https://news.google.com/rss/articles/CBMiqgFBVV95cUxNaW9WOXAydkJONlR1bjJFdW4wYzA1TVFTWVIxWE9adTEyR0dWS21ZbkJGbmhRTlZmbFFsSWxuMENPR0FQRE12QzRMRDhybVNGNURqaWlIZVlMVkoyVkNiYzlwUzkwNGxMdlVMUkU5ai1mMFRaT1lGWk03SThlQi1yZ2JBNHV5TkRIM3ZFOFpEUmd2aGh6dnh2UVVtQkI0SjI3Q0xLbzVoS1ZuZ9IBsgFBVV95cUxPTTNDWlFGdlhSYzdEa1RLMjdhekFPYW9sVVMwcks2Zmp1U0oybmdjb1ktanh2UzRmckRFZGo5eWxrTFB4Y3ctdkFKa1lIWkxZcURERjNHenY1azQwdTBXbUZsdmFaSU5rclJnd1YyVXdaNTNFUWR2WDVCQWlscnZnLVotUXRxNFQ2ekhsQkFSb05WUjF1aEVrM0lGeHFqT2gxakhtZjZTcm0yTHBRd2tsRWxR?oc=5","The Express Tribune","Pakistan","1787657791000"
"Iranian media: Iranian FM receives Omani counterpart","https://news.google.com/rss/articles/CBMibkFVX3lxTE9MUHVMSGw5bkE0NC1fMkpNdnhqUzhxNTJ6WW92R18tTXhpWHVhazlKYnBqNGJYVHpUdVFEVnJudDFfUjZlUk5zSFRZUjZja3FuYVpNODZOMk9GcXlIaUl1VkJJTnlTczZRT3IwV0hB?oc=5","CGTN","China","1787657657000"
"China threatens Trump with retaliation over Iran sanctions","https://news.google.com/rss/articles/CBMiqwFBVV95cUxQcE9hUURFTnlma3lERzZSVnlwS05CZUJNUkl4WDczR19yemYxSjU2YW9KaG83a0l1X1J0Vjc5amtrLXRZMjJFODQ4dEt4bVpRbjExSUQtRE9kRVpDc09meklqSDQtTmFBZG1tSXRqWVZkT1FrMndSQmRPNktoUkVIdEhwWUpXZXJZOEp4TGRsbXdGOThzR1pYU2hYWWhSYzh0Q2Rpdlo5dDF5T00?oc=5","The Telegraph","UK","1787658420000"
"China denounces US threat of sanctions over trade with Iran","https://news.google.com/rss/articles/CBMifkFVX3lxTE9ZRzVaNkNpTzdlV2Y2TE5LOTEwbXVlOXd2LXdKejI1OGp2eXlGM3JOZlNaQjk5U1RlSXFKc0dETVk3Uy16MDV0LWIwdmpUdTZla09FdS1NRjR3TlFEOWZ0eXVuV0lRa0FSbDhvaWtLYlYxSnlrSGpEUkd1SzVsdw?oc=5","The Guardian","UK","1787658180000"
"Trump may hope sanctions will pressure regime in Tehran, Iran leaders are betting otherwise","https://news.google.com/rss/articles/CBMiWkFVX3lxTE9ZUGxwWFltMkZ6enZWb3huRkY2eFh1UXo3bXdFWXYzckZ4bmF3Q0oxYUxadUU3YjVOcjdRRWNGUDE5V2RsZHZQd3lwSk9ubkpTTTBCckRMQk1LUQ?oc=5","BBC","Global","1787661473000"
"What are the new US economic sanctions on Iran and its trade partners?","https://news.google.com/rss/articles/CBMiuAFBVV95cUxPZm9YU2tWOHlXZ2tpVEl0VHFJcHVZVnVYNHp4UkFEWTJqVnRmTG04ZzJoc09jT0U5VTdlaXlLX1pGLVMxdnI3a1ZLTHVmckhOVDRvU0Vld3N3Q0ozbllqWUR2TTJJUFdNTWVXS2dGT3BnVDk1YUVORzlUTXFGRXZ2cWt3SmtoTGZnMzlDWVBtUGxaNEVEY3VaVGxabEdmbkd1c0JKZ3QzT2xDOVRyQlZZUHBwMVAxbjFt?oc=5","Reuters","Global","1787660458000"
"Will Iran withdraw from nuclear non-proliferation treaty?","https://news.google.com/rss/articles/CBMikwFBVV95cUxPdy15eTZveWQ3VjZfdWQ3N1o3eGZYWVhrMEIxc0RnOG1DV2psU3dmcDltRF82V2thdlZYWVREOWN0MDN5d0dOSXNNOFQybXVKaUx1RnppcWlSSnk2UDFOS0NGdkhpbmZtUW5adzZkQjRTT1JhSklNNVpqOEsybnM5NV9BX0RPTmNpZzAyUmV2Q0Utb0XSAZMBQVVfeXFMTl9ZSzRPdDctcXp2X0FJcF9hMnl4VE04Y3A5c3Q4eUtPZ2I4RlJjdkt4T1VURFRuODBmalRMakJJQTlZVDFreDkwQVA1QWtVQ0lPb0FocHBTeW5rSzZkR2xfRlp2aVo3ekU2SzlNdjBiTGQtY01La1JTMkgxblVUR25ERXo4UllWYVdIdE9NSmNwWk80?oc=5","DW","Europe","1787659724000"
"Xi Signals Defiance as US Threatens Sanctions for Iran Support","https://news.google.com/rss/articles/CBMiswFBVV95cUxNYUNoNXJaclNPekEyQnFZUnU0UE9aeXk4SUhmUlJENzE3dnJOU092ZnVBZk1sQWxwcWRCQVVybUhKNlVrWGxBbTQ1eGxGRHhONXV2VHA3Sk1idWJNQ0dlSllCSHNyVU53X3gzUnphc3pYUjR0UEtZXzd5NDhRVllJZ2J6UTBrRklEaU44YVRFT2syOG1EYTNuOGIwYmh1UjZMd3c4R3JtQVBONGRGck9YclFtdw?oc=5","Bloomberg","Global","1787659200000"
"Is Iran set to become an economic outcast?","https://news.google.com/rss/articles/CBMihgFBVV95cUxQSDlOeHQ1cW8xVDBiRHlRN0d5OWdRdTJmd3M1V0tpSDU1SXhIWGNDQktsOFJvRmF3SUpRZ3hxa0pmSlQzRG1kaEFfb21WMVJMaFo1LVE0c2xzMUFERnRPVlc2bWt5SWFPb0dVNmhqNWV1a2pud1ZldUFDNHhRcnZOV2h2WFBtdw?oc=5","DW","Europe","1787658238000"
"US targets Iranian IRGC leaders with Rewards for Justice program","https://news.google.com/rss/articles/CBMiakFVX3lxTE83VXdIa21qbU05MlJKMThwS1N3eDVHSHlxOWNtdXhPVzliQkpIeHVpV3RvbGlXVThtOTZIOXQ5VjY2aF9Pd0tjQVBOdWFNU05CclNXUXlqeG9OZUlQTTA3Qy1MeXYzVEptQnc?oc=5","The Jerusalem Post","Israel","1787660409000"
"Trump's son targeted in $10m bounty as sanctions on Iran toughen","https://news.google.com/rss/articles/CBMivwFBVV95cUxNeEdxSmFYVm5RM1ZYS2VHV1Nta1BZMzVCV0JkMUZjSW9WbHpwSkYtT0tFVU1xT1N4U3I0cHVTcVZvaGpqZlNOZ0FJbTVnemZod2JBR3Y0V0dJUUhYSFFicnZYdXF6Sm0wd2V2OFJ0dktvS0tiNUhDbzJLNTEwRGc1SmVsWDdBZmhVWmtyOU9sVERmWk92OG5QZ1ZxdTEwM2FvYnhMdGMtVmdqZDhMNmVMMmxSVE5GNF9iTlhXY1ZONA?oc=5","CGTN","China","1787659940000"
"Trump says executions of Iran protesters must stop","https://news.google.com/rss/articles/CBMirAFBVV95cUxOOHNfeC1Qd0hfRTAyN01RdmFBalE2cG1ZNFV5WmlPa0JOeTZYV2Nqd1FSQWotcDlTbUpwdC1Ga3owX2JnQzZMR3pzQS1KeWZwMV93Q3RsNm15QzFVNnFfY3d4Y3BMa3ZncGFINS1HVHhrOXpGOW5vNkQ5WkRLVmZhLWIyV04yVTVONEthRDJKRzB4WDVOMVpVdTAwTkNMb2t1bjZldFAzNjR6RmhM0gGyAUFVX3lxTE5yLUdkczF0UDVBRml1bDdPT05MN1ZFQnlKdW5CR3RybTFfVzhKQlJCME5Pd05Cb3BmcmFmTXgwU3RpVTNaVmVkRzUyQ01qU0tEclhWUmhPNEpwMWE2VTdZMWkwamNXNXF0SW83UGhzNUJKNDRjczM4TWVZbFREa0gybTRCOFRYenFabVN5ZXYxMDFGY3E0VTBPMTZFUHFoWmxrNDhQX0xzbnhwSFhueFhCTkE?oc=5","Al Arabiya","Arab","1787659620000"
"Trump’s ‘economic D-Day’ against Iran is doomed to failure","https://news.google.com/rss/articles/CBMipwFBVV95cUxNczVnSW11bnhTM296b21HbmZFRzhHOUpCVG9EX3REMjE0S2c3NUVYWkU1ZzZEb2Fkbm9Pc0cwVk1zRHFEM2ZDdFVsdXZMekdpdXJlOExFVzI0VmV0dVhQb1Y0VUlXRGQ0SzJ2eldBemszUHh3RTVKMnczMzl6b0xXU2MtMW5iZmFDNzZJV1hYaFo0TGs3OU9iYlYyQURIeTRkMXRqMzdhZw?oc=5","The Telegraph","UK","1787662380000"
"New Tanker Strike in Hormuz as Iran Vows Retaliation for U.S. Economic Offensive","https://news.google.com/rss/articles/CBMixAFBVV95cUxOc1RqdS1KRFNQWVJLVnVQM0wtM0JmN3F4YUNSeFZlcUhlTHhxR1R5cVJwTFlLUmQ4Wkt3OUtfYkNQUlBIZVdWOHZuLTNiUmh0QS1lMTh0bWVXUXhWdjJtbjcxZzZ6ZHE0VUI1dk5tZWZJSDJQemZMZkIyeXVTRHZHUlo3dHlSZWdfeDJvYWU2cDBtcXpVSWcyN01vQUZxeDZBZnVSY0cxVU9oNDhWNmlLaTZOdDAzWFd3WXdkVmt1bG03MXND?oc=5","The Wall Street Journal","US","1787662320000"
"Secret Service issues statement on Iran’s threat toward Barron Trump","https://news.google.com/rss/articles/CBMiowFBVV95cUxOVHVSQ0N0ck5jbWxYd0liMTlldGU2VTl4THQ3RFA2RFBFSzhFOU4tNFJQMVc1LXBSc19scmlSSUxqc1hpTzc1V3FNSzFtVG5ya19zcVhxdkMzMmxKWHRfcEUtQXZFV1VhMUh5Y1hhOEpxQzVoQVBqdnFNUWdaMnpTdWdval9UXzlINl9ZclNXSGpYaFZ3Z2k5ZllwUWhkelN3ZjNz?oc=5","The Independent","UK","1787661420000"
"The US promised ‘the toughest sanctions ever’ on Iran. Here’s what they delivered","https://news.google.com/rss/articles/CBMirAFBVV95cUxQbUZEdWZJSVM5eTlqeFFXRGdIZFpNeTNkdkpHcmY3cE1WbmMzVXVPcTVXMDd2OEpVUzN2R0xlZHlFVnlhSGpxZG8tX1NXQmFRTEhwZWt6cmN2T0k4YXZ3UFQ5dFl5SG8yVnZxMXZvRlBkZFlodDZKbUhlN3pPTkNESmxBUm1YWWM1RFYwSDVaTFlFbWhCTzlvemZKeXBOTXRlSEF3aDlkQ0VkTGNj?oc=5","The Independent","UK","1787661360000"
"Bessent unveils Operation Economic Outcast targeting Iran's economy","https://news.google.com/rss/articles/CBMiVkFVX3lxTFBDMnZncTZtMS1CZ0xtUExpYi1iaXFQcFZVQUE0aHBhWGF3Ry1ONjlUMDZFRWkxNUplc0otLU1BOUVRSjA0U0lOdGFuNEREbVJvQjQ2TzRR?oc=5","Fox News","US","1787660696000"
"Could Iran’s regime collapse? Experts assess Bessent’s bid to sever financial lifelines","https://news.google.com/rss/articles/CBMisAFBVV95cUxOZG1aTlZZVHVWazRhc3E3R2hnal9ySlN3elpDVkJ5bGMxcWJVX1A0cEg4YUVmb2l2ZmNLbkVJTklsNUVYdWRyellPVl8tUTJMRnJPWHR0STB3aTNqbl9JOWRqajdPZjFRYnBCNkRxOE5kcnF0Y3BiaUEyaWdxOXpCeWFHSElBYWc1MXI0WDRrMVdVbklFd1FVSmJlcHIwaUhRTUEzS0tFQU5mVERqM3JFRdIBtgFBVV95cUxPSGxKdFVadUgyamlPZ2lzOFJFRlJoTVVUMmtNaXRDVHVaNFcydDl3VHdvUlB0YjFZZGE2TGtGbkVjbjU4STI0Yk5Sb0t2NG9FZHpXanZ3WmhQV1cwQnRIanpGendoUlR6Q3FSS2JSU01RbmhJVlF5bU9XVUx1S2ZVRzNrU0g5V2EtMEhYUnA2MXQyY1h0clZ1WWRmZWhpc2dlbEV3S1VGYm4yTTREUTJmX3lpc0loZw?oc=5","Fox News","US","1787659787000"
"Qatar pushes to revive US-Iran talks and reopen Hormuz","https://news.google.com/rss/articles/CBMiwgFBVV95cUxOc2U2ZzFhVk1NSHhyNERNWGltdHlBTTRKZXR3X2p0dmpiaWRObHoxREFyXzVUdlY1dlV4YVdTTWs2WjdkR1g3VmlXeFhtMkcxTWNPYkxfNjN3Y015b2Fmeld5a0gxU0Zjblo1dDkya3N5R1VlQ2ZORDBaT3pnSWlWS2NGSWp3TmhTU2M3Ukc4THNLdGhETGFMQkxBelFtMDVIX3VBSlJkVXVJYTRRZFRhQUNpdjlqR2JtNTdhMnlWZm5yQQ?oc=5","Euronews","Europe","1787663071000"
"Scott Bessent fires warning shot at Iran’s economic partners","https://news.google.com/rss/articles/CBMihAFBVV95cUxNQWFTYmlPa3ZKemEzc3l6UUNqV3FFVXJoNkJ5N0JCMkVVaXphWWpxX0FRbWRHN1RnZ05fYWoxUkNfRVpLWjdMYnBFblhkNUFVdGp1cVJicWdzZ3NZLTAyamZNWmMzTndacGhIMnJ5cUhpNGlITjgtQllYSmx1aWRGX1N6dy0?oc=5","Financial Times","Global","1787662829000"
"Trump Eyes Lake Ontario Rename, China Defiant on Iran, More","https://news.google.com/rss/articles/CBMiqAFBVV95cUxNQTdodnNyRzZWcWpWeWt6Umd6bUtZMC0wMFNFQjZnQVRseWhILTBmZk13ZW5oajJVcE9pWnJVbWlybVRrWDFMc19UQWVvVW51Z1praWJvVUE5N21GWm41Z1B6dzUwemExaFRUMzVReFpzMGRLR3ZGaU91eXNTM1I0OFRFSnhXVkIyNTZReXJnVGVYVE9KYVpIMXZ6UVdVdnFqSGt4TERLdlY?oc=5","Bloomberg","Global","1787661872000"
"Iran defense chief warns of ‘expanding’ battlefield as US pushes economic war","https://news.google.com/rss/articles/CBMi7wFBVV95cUxNd1hKYkZMWDNMM01LYWJnZXY4ZjNEVV94UVJrcldTWDA1TkhVWGdXZHBzWVhqeXNDWjNocGJqZllOVmdmSnF3N0ljRVBXbnNSMU9lVDh2QkFEdzN1NThXQjVQTVZYSzdrSlYyRldPZEFjYlZuRXg0cThmSEI5SVVpWEN3MTY4ZkswcDJGR0VLTUJ5VFZpMkpjcTNVelNrUzlQMWxCREhkU3VJWXYyaWhBRm5GYmJzeVQwRTlWQ2hWXzFoZmgySGw3dUV5UXBpdUNuWWtpdmNXa2ZtcFhGZFJaNmRKemtfaEY3bWYtLUVmZw?oc=5","Press TV","Iran","1787663760000"
"Secret Service confirms awareness of Iranian video threatening Barron Trump’s life","https://news.google.com/rss/articles/CBMi1wFBVV95cUxQRXpuMG4tMHZ6cm5rMVFLN25fY18xWE5WX2RuVVprSlJrd0pVNmhMSVpTRzVSVm5KRGRBVDJTQkh4TExqcE43U0YtcGJQU1hUM3c2Q3RiRTdnbnc4WGREU3dHczEwVFRLdFdVcl9ITFAxa1dJem9rZFNxZHF5a0FNZlVoUi1kcHdmMlJ4MGJaWEpvS3JMT0FkVTdWM04zUnZJWWJCQ29zU1ZmbEd4bzc1ek93bWVCU2w3Vk1jdXh5YmxQT0lhRGFnZnZhTGJhc3otUlJVOEl2b9IB3AFBVV95cUxQMzczSjN5RXdyRS1mNWlrRnBlUFVJTEVsM2pjMHc5QVctUU9yaHdoNXRxYmlHc2k1QjlCbjBSeGJSemo2elVhYXRlalRUYlpkaFp1MWJXdmZtcFZWRTAyaTlkNmZ0T1h1QWtMT1QySGswZ2xyTU5BUWpkcnl4WmFtcVk3dmVneUQ0UTJYQ25YT04wWUoyNWNBeVBKSW82N3FnSlVlM1FxbklvQzlNNW52Z1VtOU55Y2U3LVJ1QU1TVXRQYk14UE5Nc2U5YXk2T3J6TTNmSFI2Zmh4ZXdU?oc=5","Al Arabiya","Arab","1787663520000"
"US Treasury's 'economic onslaught' against Iran includes new sanctions, threats","https://news.google.com/rss/articles/CBMiakFVX3lxTE5kNXA5X3ZvUkN3cVF0c3BFVVZrNVRMaDlBeTlra3U5c09EdEtyNzZEUmo3UXc4NkRXSHY0c1A2VGFuMU5sYzhZMktjRTdlLUFoVFNjZHA0b1RjRnlvVkNvX3g0ZF9GM3V3M0E?oc=5","The Jerusalem Post","Israel","1787663174000"
"Iran’s economic weapon is failing as oil bypasses Hormuz","https://news.google.com/rss/articles/CBMiV0FVX3lxTFBqY09tdUItcHFWNll5ZzFBYjBVNi10LUFKUzBxLXB3OEhDaTdNaW9xbW1MS19UVm5IMXdhYjRUTEN2aUh0UnBpNGROcHVzcGlfMFJCOVdpaw?oc=5","The Jerusalem Post","Israel","1787662800000"
"Qatar Calls US Sanctions on Iran Unilateral","https://news.google.com/rss/articles/CBMinAFBVV95cUxPVUhkT1V0QmkxX2c3WWRLTHE5cnQyU2wySGFtdGdVbDY3LVh5N2IydVk0WTFaMzZ4Y1VkQTQ1NFB4UWZvSE10VXFsWTM3V25aNDFXbEVOc3poY3JERVAwTDFfQnAtUDZGTHFrdkgtWTdhR3BTazdvNHRWWExGXzhwam1qUTRHRTI5UUcxV19jUVhZZ1ZiM0dyc01kLVXSAaIBQVVfeXFMTmU2MlNReGZJaFFnSWIxY0xvZ3N4U0hSRUtEcXZKbVJoaFUxTVZkWlRjQ1FLWTctZmlvN2FySlFEY3FpbkI1S01hcEJ0UW11VHRVRlRYazRPWTlGM0VVMTU0UlFEOTV3QnprRmRWVTJtTjJORDNyNVFMWmh3VVB6d1JlTHY1R01kQjhRQ25KcmRSMTMwNUlxUFJ0anN5amwycVd3?oc=5","Al Arabiya","Arab","1787662678000"
"China warns against unilateral sanctions after U.S. vows ""economic asphyxiation"" of Iran","https://news.google.com/rss/articles/CBMifEFVX3lxTE1GczF5YU5qU28xTXdaNmhCSUJQeDNoaXRkQjNXalh3bm1KMUsyTkNXZ096ZGFUZjZWTzYwQTU3eU5VNUV1b0ZaRHlWZVFkNHo2akRwMHBNclI1MFRVZzdsVzM0ZTY1X0ZULXp3bmpJeEpxS1JVU21WaE5HR2s?oc=5","Xinhua","China","1787662575000"
"One-third of vessels blacklisted by Iran already attacked around Hormuz: AFP analysis","https://news.google.com/rss/articles/CBMiugFBVV95cUxPN253LVFYa3BHRlM0dGhfb25RaHNXUXdrVzdlbFBab21hbGdlZkVYSmVhZHRYdTk5UjRoRjNCZWpOb1otTU56RWZYUFFZb1lncV9FME5helFmUWEyMlNobThKbVhEUFdxN2ZLV2UwYzg4MWx4b0dsbmdSYUdTLXRoTzlUVUtMVUV4ZTQ3VXF5YWU4TkozbDFIcWx2amNQakliZzl5QnNTZlhUbkRXdVBUelNMb2RYcXVacXc?oc=5","Dawn","Pakistan","1787662505000"
"Trump ignored warnings from Tulsi Gabbard and US intelligence the Iran war would backfire: report","https://news.google.com/rss/articles/CBMirwFBVV95cUxQbFhGaDQ1Rzd1TDdhaC1hUnRVZGZ3Y1kyellOeGYtZUQtQlY5dGlxQTdId3ZSSXpTNXpkMXZDNjd2MkhRdVRMYTEwcy1wdGxiNGItZHRXOTBScEJxSkp0Y0hnOUZTWHJuRWZSY3p2WkZ1ZUV6S3pBT19rNG5yejIwQVFTaEN0WE42RUw5amVrM0g0aXNyNGp3OWJSQUJsTmJOM25GWWN2QjRmYVJxa2cw?oc=5","The Independent","UK","1787663040000"
"Secret Service confirms awareness of Iranian state media video threatening Barron Trump's life","https://news.google.com/rss/articles/CBMiywFBVV95cUxONjR0amJPa292WURkSE5USkt0akJzanJCbDZMT2h6YlpnUzctS3hJd1ZSaTd3cWdiTGZmdEQzZlg5eV9vMnMxWW5rdmtINm5tM3FSc2FJT2dYcEhYUWNLcUY3T0tZZk9QQXhYN0ZCSFhsTDBxWFY4ZVcxcXA1MmFPblh0QzdhOV9KcWx5Rk0zQTVvNGxEeEMwRExoemNkakwxZ1dIQWJKVGJRR0JIZkwzMG0xU1NFQTVrV3VQYks3eXVpanRxNUJhY1QySQ?oc=5","The Washington Post","US","1787662608000"
"AVC Women's Volleyball Continental Championship: Iran vs. Iraq","https://news.google.com/rss/articles/CBMifEFVX3lxTE42Z2g5VUpzamVhSWRQVVVsNHBUNDZPYkhqcF9udkxCTFhZX1dyMkxMTFlzdTBhTG1XdXNJQ0tsLVJoSENlRnZwYjRFTU9XSjdodGhncW5Gcm9kYVpzbW9EM3BhNWNobFJpTEdkRUdQVUd1NHNYUjRMNDVqUXc?oc=5","Xinhua","China","1787665678000"
"US offers Iran sanctions relief in exchange for opening Hormuz, halting attacks","https://news.google.com/rss/articles/CBMiakFVX3lxTFBDQ1RYY3NsSy1qdHJzUXBNbGFPOUo5Xy1KVUFuTnFBaGlqT243Rlk3NEZkM0tTOHk4eUxxVDN0MFJBSnFxYlVXQUVuTlRvT3dmWWE1cWtndm5lZzdHR3E2dW9HN2k0NW5ZTXc?oc=5","The Jerusalem Post","Israel","1787665055000"
"US said returning diplomats to Mideast, signaling fresh Iran hostilities not imminent","https://news.google.com/rss/articles/CBMitgFBVV95cUxQQWl2endydFpNanJLaUhzb05hSVBxYjlwZmJWajlEclk1dWk5MHBGVVZsT2dhTmtqWV9YYndTX1JIYkM5Zk4yeHZfM2o2M3otLVp2UkM1QV9UWGN1T2c1SWczRl9RQkNOLVhPODAza2NFX3RsamRaOGNFVEJJVGEtbV9KNGxUS094UWRrWlRpbHhaejVVU1NRa3pQbDdkV0pBWE40MDktMlZoNW0zTl9fdGRnaXVDd9IBuwFBVV95cUxQSmZibzM2dnhVTVh4RlRKS1A5RXpGWWM2LU04VTJRQUlSSVF4U3dnSkJ2Y2RjOWhLUF9jUlBrbFVpNDdiU3k5LUhULXRndXdNY0llZ28yNHZ1ZFNzNHA0VmwwS3pUbjB5eWREUFdERElMOEtMMm9tSlR0MGpMbUxkN1VScjhaaEE5RW9VajZjMkxlUkFZT0VCUFpQMlhVNjZLMVRrc0JpOGx4Vm5fNkY2UDZEUml0LUVSeXMw?oc=5","The Times of Israel","Israel","1787664681000"
"China opposes illegal unilateral sanctions as US escalates sanctions on Iran","https://news.google.com/rss/articles/CBMizgFBVV95cUxPNGZseXBfR2RNbFlzSk5LMXN4MVlsaEt4STNXY0RXSjVKVGg2Mm5zTS1LNnphQ21nZ25OT2g1TFlrYXY5Yl9uRlNfb2FhdDM0NENMM0lJUzhwVE1pRXFNVHpGSEpYVEMweWEyX1cyMlhsQUtxN21FelZZdEVGSVB6amwzQTljVUtVYnRFY2NkeVZGd2tJUk83cFFRMUtfa2tSV2w0c1FRZWlvMlhYT3ptVEVwT3UtcDRSTHFpMC1TYzktdlRpbUprOTVpLTRJZw?oc=5","CGTN","China","1787663933000"
"Money, not missiles': US launches financial attack on Iran","https://news.google.com/rss/articles/CBMiV0FVX3lxTE5pc1ZmSWpDVllaUmJRRWcxUmpCMXRnTmFTOGM0U0QxRjdnSzl2MTN3T2lXZmUwRmZzc1FPYVo2R29nQnNaWE9SaG9mVHRQMUpsV0VDMUtYcw?oc=5","BBC","Global","1787665588000"
"Trump slams Iran for executing protesters at levels 'not seen before'","https://news.google.com/rss/articles/CBMiqAFBVV95cUxPaWhuRHVpRFczNlZFUlJnWmRmTDRMNUh6NXVhWEdORkd3NUVQZGlxMHBoc0drcHJNV3JBSTZZWThFZnlTRE0tRzFTV2JhcVRBX2J3cm9UVjNJUl9QSEpqWjlEWWl2bjRPX284Q1p5amJaeDdXYWJKLWRPSW1HZDJfSF9zVC1lTURhcFhwY01NdmQyRnNUbW1uWS01b0x2b2c3TlFfSjNuNl8?oc=5","Euronews","Europe","1787664802000"
"US economic D-Day sanctions: 'Repeated bombing attacks across Iran failed to change the calculus'","https://news.google.com/rss/articles/CBMi0wFBVV95cUxOUlV3U1d0MGhMOWJCTWFVZFgxR0pVUjNIZjM3MV90LVZNY3VQZ0JiN2NVdmxBSkJsQXVYRW5mc2hSbjhnY1F0SEtjRml4bjRuTnZZdWtkcXJzTDJtQWloNnF3Y0p4WWdKU0JWSFNjRzhZR2JrczZBR0tSTVBiVkdSTkRWekFHQlpfWk5meHB2OE1ZZGhoWk83MUxFa3dlbk9ZY3BQR0VhcFhtejFKRFBIUHpqRHI2b3JJc3M0S2FCVkFMLXhiSm5SaEVxckRGOElJQ1Iw?oc=5","France 24","Europe","1787664380000"
"Opinion | I was a 20-year U.S. diplomat. Now I see: That’s not how to tame Iran.","https://news.google.com/rss/articles/CBMiogFBVV95cUxOWnhWaTlXZFNpNzZJQmtfZ29OM3gwbF9fdnN3V1ZZemlOLS1oelh6aklRQjQ2cm84ai1SbGF4SXhBejdlZ3RvUTdMTDkyQm5aYlJTSzRRTDZsemdnYmpvZ2Y2bDFzdm1FUXI0OHJ5Y2U4R0pCVlpnU3l1dnJKQm5oUXRLOHhDcU1nbkxiWDhtTWdmbHdncS1RTXVNM0RnRjJ0eGc?oc=5","The Washington Post","US","1787666982000"
"China Pushes Back After Trump Tightens the Screws on Iran","https://news.google.com/rss/articles/CBMiekFVX3lxTE02d0FKSFllRjgtb3lWTnR0NjZ0RU56OFVSQ1RINGZKWUNtelRyQ1prNTFydnVUSWRUekxpOG5YdmlkOFdMOXVsdVF1eEVOc2FOY0tIT2w2ZXFpb21fQVBQUktIMWkxT19UTV9MTUdmUHZjVWVhRE5DUzJB?oc=5","The New York Times","US","1787664688000"
"WHITE HOUSE OFFICIAL SAYS NO TALKS OR DISCUSSIONS ARE CURRENTLY UNDERWAY OR SCHEDULED WITH IRAN.","https://news.google.com/rss/articles/CBMibkFVX3lxTFB3NmFJd0Fyc1laMFZ1bG1MaU5UaVk0RF9FOVpOaURjcWRkSUV2YkVoQTdYa0E4X3Vmanh4QUtPcFd5WTlLdk9CREZXSDF6cVBmUlk2bG9NY09IM3ZfQ0gxVVBwWXFFR0NPQUYzcTFn?oc=5","CGTN","China","1787666744000"
"Iran launches 600 MW of renewable power projects nationwide","https://news.google.com/rss/articles/CBMimgFBVV95cUxPLVFNSUZrVDhkbVpVQUhXYkFZa2VlVXA5alB6cmRVTmRKb1BWXzZmS2F1cGhDaE43TDhES2dWTFNSVVpjODJBa3VtTnU5VGRDTzNZcDc4SVZYM1JOS1ZOV1BmaVp5c1dyMXRUUnR4UnJtWDhaUmRqNDFiazVxWmN5ZHZCQlVvVG9pUjdUNmlKa0tDb3g3WE92ODlB?oc=5","Press TV","Iran","1787666340000"
"Any pressure that targets people's livelihood, security is part of war: Iranian defence ministry","https://news.google.com/rss/articles/CBMixgFBVV95cUxPb1ZScTZLdnZMVG90RDVDMTN4MEdRbVZaZUZpRkl5bFNRcWt5WjlYeHdmZE9iVkdwWTMzRE9fWVkwQ0lsazdBQmRnRWVONDBBVVlRRXZKX1c4RUNnTk1zT2dWRU1WZnZFeEJtNXVJUER2UmZBNHJxYm5UYUFkZThjV0NOOE4tNEpZTW5EOXRFSDBDRS12UGE1Y2swZTQ3TVA4TWlJckRxYlJWS3I3ZWxsWWJSbXBsdS1VQUxTYUU3bGloaHJpU1E?oc=5","Dawn","Pakistan","1787665369000"
"Can Trump’s ‘economic D-day’ force Iran to capitulate?","https://news.google.com/rss/articles/CBMihAFBVV95cUxOVERkTFVxY3VyY0pSUmphTEJmVllTalNGMUludkdSU29YU1B1N0Q1aElaeG1lUzVfc0JUQ0tjZXd2eTF6cFZQMHlSRVlJOUVKcHJtamNJTEgyaERhdmNyT09UYkZRTC1td0F6WVVELU9rb3lUeUw4dFFxamdkTlVRTlJtLU8?oc=5","Financial Times","Global","1787666338000"
"US Natural Gas Drops With Oil on Effects of Iran Pressure Plan","https://news.google.com/rss/articles/CBMiswFBVV95cUxObW00N1Z6NURQcERqNTNIWlJUUzdFMlZFRWlxM0NUWUIwNDJBbGtac1MtMklqblh0UThyNTRPeV9ycXFZT1hKOGxXVXdtcHNKdV9kdkw0S1FOQlRpaUJYZzNRZ0JLWi1YRm9pMXhoQjB6M3NwUjE5VGpWV0x5ME1LRVQtalZLMHpQNWlZR2VQYnV3SnBnNkl4NUlWOGN1dTNvY1pjVjZuVTJFY2NiSkFVTGgzaw?oc=5","Bloomberg","Global","1787665731000"
"Secret Service says it is aware of Iranian state media video threatening Barron Trump","https://news.google.com/rss/articles/CBMizwFBVV95cUxPN1E5ZW9IQ3RraW5wTkpjalp2M3BsNU53N2J1a3U0WEk4M3NVNzdZajAzZEJ3WTkyMHhYR2UyOXZGUVRBZE5HLVFhZFMtcnlidHJ0ZHRpMDdkZFRsTk5SZ3ZuUU0tSGcyVzhLTmNldThoZUVBOThMSUFvV3RNN2hPcEZxS1Y1T3N6V0tBaWd6bV9KOEhjdVEyM3ZoNVZ4bzhRdkhuMWx3WUdUelpjS3hYUW9Ob2h1Q1ZuVng0Sm9lLW0tOVhRSVA4ZHlEejQ5dms?oc=5","The Washington Post","US","1787667822000"
"Trump ignored top military brass and Tulsi Gabbard on Iran war repercussions: report","https://news.google.com/rss/articles/CBMimAFBVV95cUxNYmNTXzNodGxtdWN2blpqVFJMUV9adk9HeTBPQ0dCOG9TbHhqNV9DSnpMNFM5RkhKbUh1eldCMWo1cE82dzhncno2Vl9ZT0E2dG9GTWtOYVNJZEdVQXVTbkxyc3JFZDBYUWkzRElNNFRwNDZWajFVVEVDVFJnaW9saFpiTnRTcndneUlEZ2pOcXhEUjRQdmdCNQ?oc=5","The Independent","UK","1787667780000"
"China says will safeguard its own interests as US expands Iran sanctions","https://news.google.com/rss/articles/CBMitwFBVV95cUxQX3NBRlF2SVBJc2N0U1pkRFdYZ2h6QVYyUURwWGxXVk8yV08tMHJIYnQtVDBYd2FzNkx2OU51cy1jSzZJNFlfdmJvaVFkU1hHV1RlQ3BQcHVtQkRwLXV0d3p5V19vemRUQU02ZjlIMkoxNmJhRWEtMExnT0oxTVhodl9TVmV6Z0VYLU9EVjVWSWtfanBJVDItbVVxbTdjV2stU0FxNmU0U3haeXRHNXhMR21EWUtXS03SAbwBQVVfeXFMUDhXSjNnMG9XMzlKTWRMZ2wtb0lBM3ctazhUTkVacjdrWHhtZ3A0elZQNG5qOGxfRFNrTTllbWtoN2E1VGtIYWg4TTZpNU5uNWhBRGVoVWt2RjBydHh1OHpfMnNQMGY0WDYxTzlKeEJOTmVFZ2h4R3hHTm1LRnU5YmMzRHpVbS1UTzFZYURCQ3l2eVQ0Zzhub25JRFYzZjg3R1VwVGJmbTRKd3RzVERaU0x6VjVMSzI4VncyNHU?oc=5","Al Jazeera","Arab","1787669010000"
"Strait of Hormuz cleared of all mines, Donald Trump says citing US Navy","https://news.google.com/rss/articles/CBMiakFVX3lxTE1GM0JJTVQtb19jZzk5WldDZTVxOVpsb2d1bEhXdUU4ampQYlRtNDhFb2RJQ3ZxSFkxMFBEYXlQYUhwQ1hodWtkazFpQXJ5dkYzTVJlVFdDd09PMmkzTkEwaU4zWVltV3hTaUE?oc=5","The Jerusalem Post","Israel","1787668841000"
"Trump’s latest wave of Iran sanctions: Which 60 entities are targeted?","https://news.google.com/rss/articles/CBMisgFBVV95cUxOYXI4THplUTN1UEpyNUFld2ttOTBMcjZrWTEtbTlobmRzTEphcUZYZFVfUHdHeTVZTFM3TmJRaVZFMlY2Nkd0MFNWQzBRQnRDSHZmQ2NBOHZQWV9IUi1KRTN1WXpHbENQNnFLYmNaSksyTjVRa2lJVHVBYWFoSlc0LTBlbUJhbzFKUElKY2V4dEhNUVRPMERpeXNNWFF2NG03UEk4R0RrR1dSQnlDc01raC130gG3AUFVX3lxTE5KOHVJQ0xUSzZlVlRQT0dfTFFtT2E3QnI0SmZDelFsZU9OSzFhN0p0MW5wcWsxdkV1T3BxX2VLRklhczdYNmtJQXkyUVNwejlkVUVJM191X1dNS29NRjYydDBfMzEySjhFeFltZXFkbktDUC0xbldBNFJUSVdKa0R5S1o2bTZxVnpqY1RCT1RJLVNsLXJCSmFrZVNHcktqRDIwNW5PR2ZvZFdiUnlJSnNabXo3RGNLUQ?oc=5","Al Jazeera","Arab","1787668025000"
"How the US naval blockade, rather than sanctions, is choking Iran","https://news.google.com/rss/articles/CBMigwFBVV95cUxQLWJ5RjY0RVNObWppMU9rMl9mTGFDeVZ0aWV3Mllsbm1Lc0E2LTlOU0Y3Qzh6TFQ0d2dxUDFjX0M5QnEyWTZ3dnBNN21vUnRxMjNRb3VkbGxFUGo3X2MwVlQwNFZzQWxWRktXcUFJY2p6dVdXaWVUUFpMNnhLVjlOeW1BWQ?oc=5","Reuters","Global","1787669292000"
"Turkey Braces For Potential Gas Squeeze as US Targets Iran Trade","https://news.google.com/rss/articles/CBMitgFBVV95cUxQa184QnhEY2kzajF6MEw5UGFjMUs3RVhUdUtQNXRteTE5YktvSXJDQjFFbXI5TTlqbHpsTEFJV1J3cXBJblhlc2lVaS1QU1AzVmlpalRSQW1ONXdtdmU4OFlRYTVKaXBCVDdBWlYtaFhlanY1RDBaVzNZdTJ4cFFkR0pNUUxDZzk2aDZqU3NkRmE0RWdXTmhLWGdKbzNtTG85bGxuRnVBT0RuTU96OGdBLWtnRXF5QQ?oc=5","Bloomberg","Global","1787668008000"
"Qatar says US sanctions on Iran are unilateral","https://news.google.com/rss/articles/CBMingFBVV95cUxPTjdGUGZkbllkSnZlVnVoMEVPak4yRFhrbGpxanNKX01WaHFmRHRaQWU3SVcxWmNyWkM1S3NJMVZBZC1SX0plUW9RdXBOaVFldDlwMHotX1lGTHpXNnRZZlpxVXdvYWp6Y0hLS191V0txQmViMndCVWhCLTZJd25RR014MUxtV0dSQThIa3pSTXpQMVoxRFZGdEN3ZkVwZ9IBowFBVV95cUxObVR5UnRzVUg3Y1JiVDFnWlZsNjFyaWNnNXRBSEI5d2pWRlJNeFZSZXBMUHlmWC1hQlRsU1lqX01vV1Zka0ZSWVRRZGJrWnVxUEhIOVViUk51ODQzRkRRWHN0V1NrUmpZV1g2NzYzeXlORVFVQmtWVXBGSEwyc1JKNHFDb1h5NlM3VDh4X00yUmhkeE5WTWhWYm9LYVkycmZFMWRV?oc=5","Al Jazeera","Arab","1787671299000"
"Trump Says Strait of Hormuz Has Been Demined, Warns Iran Not to Plant More","https://news.google.com/rss/articles/CBMirAFBVV95cUxOdEp3T0gyMlFUUXNBUTMxNVFkR3gtNjVTdE9pRjg1a0tQYy1MenM3RWN4Rm1vV3h0akVqVW54M3FHT1pOa2szbkxZLUMwTUlWSVlGQUtwSXJHNE1pUHYyWm9zU3Njc2Y1QklvV1VKWnhGVEJsWWJvcUVVemk4ZU5RSUpnclprS2FCZTJDQmxlUk5jaV85T2h1S1hlMUNvTTVIOUVuU1JLMk85WVlk?oc=5","Asharq Al-Awsat","Arab","1787670964000"
"Trump again says Strait of Hormuz cleared of mines","https://news.google.com/rss/articles/CBMinAFBVV95cUxOdmEtc1NBd0t2c0MxT0NyMUY5MXVnS1R1aUlnSDJsMmotRHdDdDEzRUg3aWFzYlUtdHJtdkVvVzBkRVc2R0lsVWVMTWV3OXVQdktHSml1YV81VjNBZkRLRUY3eUJUZEF4SmJaVjltNUliQi05Wl9YRzh0eG5kbDJFaF9jQ25DTVB6SjNNOXFUTURVYnUzVjk2RTlZZ1E?oc=5","The Times of Israel","Israel","1787670583000"
"Iran's Araghchi Hosts Omani Counterpart in Tehran","https://news.google.com/rss/articles/CBMiowFBVV95cUxQVmhlaGdHdkxXdWVlTTByX3ZWWEpaYXB3WTJyXzkzM3dvQXozVUUtNl8tdk03eV9OX1B4T09GSUhTdWU1SlNBN3VXbnJEWU9QZ2FRUVV2bjRMMktVX2t2VzhEZVNjME5yX055ZHVLbWF6endqSFlnUDdVY1NCWS1EaFpaREpvWWpjOUpLeS1yM2JPVld6Ny1IRzNjZGlneUhxTHRv0gGoAUFVX3lxTFBVdW9wVG9OdGkyUnZjcVpkUFhPbm8wRlFBeGhLSEJDM2ZsU3VGSlJmOGxmSDJaQ2w1eDZkZURORGljUlJtNVEyOWF0NDRKclFsSTBNb1E4WEZJaUR5V0JpcnF5NGZ1VVpvQzZRUVJmRm1KSG9kbDdzWWFrSllHRmNIMzVJTUNNMXQ3UU5Ga2VVajA5emtJU2M1QjdHb0V6emVlWXQtS19QYQ?oc=5","Al Arabiya","Arab","1787669877000"
"World Insights: Can ""Economic D-Day"" force Iran into concessions?","https://news.google.com/rss/articles/CBMifEFVX3lxTE1zV01JUFlIZFQwOU1HTmFZQUhxcUZyTzZhRmF1WTREUUhEdC1ja2Z2aUJSQmJKOGlQT1ZiVzVvSzc5RkgxNjRZMWJsT1FFNmlkZzlBbUtYUl90N3ZOYnlEb0NmN3NfeGVnT3hMS2xfV081LWhYNVl3T1Zwc1U?oc=5","Xinhua","China","1787669430000"
"Iran and resistance won against US, Israel: Ansarullah leader","https://news.google.com/rss/articles/CBMiqwFBVV95cUxOMzBKbmprVjNpU19JTkJ3YmFHZGxVN0UySmdDRGlXR2tJU0JudUF5UlowNVBQYXhIXzJjck1CdGQ1VTRsUEpVRl9LVFREUjF6aU91dzJCV29hS0NOMzRha3UzbWcwRDh1RVNZS3VlV214ZUZEalJjQjdlZTVOWHlINzVYdV9SdEpHall0aWZpLTJCejdseXo5bkxpSnIwSUlnNVNPR3JkN00xMms?oc=5","Press TV","Iran","1787669400000"
"US Navy tells Trump that all mines in Strait of Hormuz have been removed","https://news.google.com/rss/articles/CBMiygFBVV95cUxNVGVHOEZhbEZ1dHVpbnZUTWY4YjZPLVNHYVJlM2NWUGdzdUFoLXdBT3d2TXotcW9pSUNQUERSRHhLQlRESlREVnhROVNKeTZLVTlPd3paNktwdEhDWU1kYXZjeTZqNXdUaDBVNzRlajRFVlI2RHVwSUtpbTRudFlqeUR5cm80YzZkcm1vakR1U0lrbTZaQ2l3ZzFjQmNhZXAxMjlDV0R5SEJUTkx1T0ZfNkNXaG5SV09FN2h4UmE5dTRPdGY5MG9jWTNn0gHPAUFVX3lxTFBsXy02UTN0UmZoanhPb2x5QmlDanhZWFlZeEk4azFrWVVMOExsWlNlNDhQQXQ0aWh2azF6NF9xeHFkVno5WHNyUWJsQXpCTWt1cWVmbFkydHNGcWNlUlozQUZyOVp0QmVMalh6TEtjMGZ4VkpaY2JkU2RRYm12LU44RzJoRWxkZURnc21wUUF0R2xCYmxseTctdFhINTJyWGxSSHhxV3A5elZzMGIyQ19aU0lZemtpdF9XUDBvSEo5Qm8yQTNFSURBWlFTaHg2SQ?oc=5","Al Arabiya","Arab","1787668740000"
"Iran war live - Al Jazeera","https://news.google.com/rss/articles/CBMiiwFBVV95cUxQZlk0d2YzWFh3RnIzeE1FZGowM1ZUQ3RmUFlkSTI5UTZ0aDNnb3lDUDFmYW1Qa2p2aWMwZEdqOEJBdmtVZTR1YnFmSFQ0VW9LRTlEc09YcjJnNzBEZmZsVllsa0VmdEp4d0JteUNYSFNQX0IzTWY4NmtDWDhMM2hibU9DOE1uOHNHeWxZ?oc=5","Al Jazeera","Arab","1787668310000"
"Iranian media: 'Meeting between the Head of the Iraqi Supreme Judicial Council and the President'","https://news.google.com/rss/articles/CBMibkFVX3lxTE1fME1GeHNNQVh6RUdLQnNTWXctSmJsMG9aeGZ4d0ZndVJLWmR2akJuZHhaay1MUkxkWVJON053czM3QjM4WWNYY1BKQ3oxV0I2R1JoOWJ1VXBvR1ozLTU5cTNTOFZzajZOcEVsaENB?oc=5","CGTN","China","1787668137000"
"US unleashes economic sanctions on Iran as currency hits record low","https://news.google.com/rss/articles/CBMiVkFVX3lxTE1IM3JvTHdfWFJIeThGLWZtUWlNZTVLNzhZMGVqdnZhSTRrbVJ6UVkzTUdFRXlHYjJkWVk3RlRlLVI0bzI2VFUtTGhYZHNFeDhmYm9BYVFR?oc=5","Fox News","US","1787670487000"
"China criticizes Trump’s threat of sanctions against Iran","https://news.google.com/rss/articles/CBMikgFBVV95cUxOUkNjVFQtSEVfcTR1TEFSclVVNU9lRnhUOGVCRlNockhsZHd2VXFWeFNpS3hhU3BpT2FLTFVJeWJheWRaY1o2emZfNFUtRVpDUDdsVmdIUW5lUU5vdUhiQzVDdWRsTUNNV00wb1cwbW9kUE1vdElyVzBEcTdGWXVOdXRHVWZ6dDNJTzFZdmRiQjE5dw?oc=5","The Independent","UK","1787669520000"
"Iran warns US of retaliation after new sanctions announced","https://news.google.com/rss/articles/CBMiVkFVX3lxTFBKX1ExVUt1ZjV4WFZRZDRYSHhYbnlLVWpJWThFQ19ld1l2RnVRT1h2cmFiR3hHT3dKS3k2N3dLLURQUHc3NGNXQ2NvcXloVDFud2UwNGJ3?oc=5","Fox News","US","1787669019000"
"WSJ Opinion: Trump Escalates His Trade War With Canada and His Sanctions War with Iran","https://news.google.com/rss/articles/CBMiigJBVV95cUxQM3lKMUQ0LVBwREJKZzhOV3U2ejY5Vjl1QkFvem54b19WWkZsYkFJSU1MZ3VWMzdUdU5MWHpQN19EdFNiTEdDbkZLeDE4UE9CN1g3SFFfTkx2c1RZMnFaU19YemF1dzBDNGN0WEhVWThUZVJXNWQxUUpoRXhBcjdCZFprUENmSjhjY0hJSlB4a1FiUUhZNXgzRUt4MHp0TFJ0RlR4LTIwTjR6VHlFLTdLYmtEV1BDV293eGZSUW93WUswTm9ISGkwNGdXeFl5bzdwai1vTXRVaXNncFBSbjNYVTE1QnVKSWlIVU9mX084dmV3YkU1UDVvNE9FT2tHejJCVjFVSTZUWHJwdw?oc=5","The Wall Street Journal","US","1787668421000"
"Christian Convert Who Fled Iran and Was Deported By Trump Finds New Home","https://news.google.com/rss/articles/CBMiuAFBVV95cUxQakxKMzF6OUhZUEFodWVPc0hsaGdCbTRrTTJGa0xmZlMzLVZub1pOSXVuX2Y1ay1rcHJDNnhVUHcxTy1jbDVCSk5MWjU0UXRaWWhOY0hZQ3l0Um15U3ZVNVRLcW9IYmJkS2czWkFFYk8xclF6Zm5QX2NGMmp5SnNMWENjWGRrN2FrdzI3NEtDbGhaeHpDR1JLSkxDUWowYS1hcGhvWFpOVmdlQV9oZXhrYWpCR0hFRkRw?oc=5","The New York Times","US","1787668351000"
"How the US naval blockade, rather than sanctions, is choking Iran","https://news.google.com/rss/articles/CBMiZkFVX3lxTE85TEZ5eEVNbFBVSk9fajhMbGN1UmI5cG1fenpNaWRVQTY2U2U0R1BWT0pyTl9RVWtoVENtYkhSUVJRQWVvWlFYTE1MMEVUbFdGd1N3b1ZzTktXSFcxUkNKT211aXdOdw?oc=5","Reuters","Global","1787671320000"
"Iraq may show how U.S. can squeeze Iran's trade partners","https://news.google.com/rss/articles/CBMiqwFBVV95cUxPaHZhOEZodlIwT1prS0U3TnlSaVdzcnJwMkcwOElIUXBfOVB6aWljYllncXJCMDhiQlhxRDRCX3pOblVnNWp1Ny1qRTlWZHBzZ3NLNnBzWTVRSnZjamdWTWdONkJ0TFRHZTA2Qmtpaks1N3gtcDhKTzFEYi0wdkFZOFNYVVFCNWtZZWZPd0ZYWFN4OUJFQWFZWVhiR0Y4SVBIcUxudTB6M2JSRVU?oc=5","Reuters","Global","1787671274000"
"Trump says Strait of Hormuz has been demined, warns Iran not to plant more","https://news.google.com/rss/articles/CBMirgFBVV95cUxPT20tcldmTnJoUWpfYlFMcnhIamdoZG5aenFWZDlLaGJFOG9mUVZQOENaU3hTNTlJOGpEUkg1QW9qVi1qUENRRGxLU3V2QW50cEs3YlE2LU1EZHhidlhheXpBeXBiX3FrT1dFeTFmQmo2cGpIdExvUUlET1d1eHJqc09lYVlvNjFPbEtmS0FaQ0xfYWlCdVl6WXQ3UjBMUUxZbWVNS0VXVTRfbzFwekE?oc=5","Reuters","Global","1787670343000"
"Who does Iran trade with and what could Trump's 'economic D-Day' mean?","https://news.google.com/rss/articles/CBMiWkFVX3lxTE1JR1o3b1NNNHc3ZmF6UVR1YmZVUXp1SVNmSC04S1VNeGVYbkppQVJyVWN2QXNNamNNblpaSlJYRlhEZDUxVHZfeXVuaVNuTUNkNXgzenV1RkJpQQ?oc=5","BBC","Global","1787670292000"
"🔴 Mideast live: Trump says Strait of Hormuz demined, warns of ‘zero tolerance’ for new mines","https://news.google.com/rss/articles/CBMi3wFBVV95cUxQU0RsS0NyeG9kaEJwTjZkWW9ydUJnS1ZDNFg5VFJGdTF5a3hCU3BpMVF5SlVGMDNQN0JZbnRYM3FnZE5TM0dldnBHVlExZmRfejZMb0tKd0F3WTdnWjhoc3FtazFRWFZyYmJMSjZkNG8yaVZwQ0RxWUdFMXhyQjF1MzRoRFQ1TTAyT1FfcTNvOWI2a2ppOGJGWVVrRXo0UzlJaVAxZEl6M0pRdVpRNkdKZlVLcnB5RlZqTGN6YmwtNmpoWm5wTW4yWFdoX1Q0NGRzVVB6cmZvVk1rNVlzbXpZ?oc=5","France 24","Europe","1787670165000"
"1st LD Writethru: Trump says Strait of Hormuz cleared of mines, warns against new mine deployments","https://news.google.com/rss/articles/CBMifEFVX3lxTE9ja3ZJSFB6OWFfdFpXbkd4cEtHZGpmTzljZXZrWG9SZ0ctTVo2bXdobnE5M0VrQmFJTXZ3UFVrOWtCc1FKOFYyVUlMeGNjbzAycmJRR0JDVXpxcHhfZXR3Y0p1dHYyM2I1RmFGdkNDVUtiUER0d1ZHTjlMd3I?oc=5","Xinhua","China","1787672055000"
"Oman’s top diplomat goes to Iran for talks","https://news.google.com/rss/articles/CBMikAFBVV95cUxNeW9OV0hQeF9ESkZrNkpCb21ZMmRyTHgyX18zRFFabVhQaW5xWlhDSG9Hd2JzZ0hqb0xVU2NtOGRFLTR1VkF1SjRsRVBULXNSNExoYUJ5aEhEdWZwaFVEanQyM09FRzdqRWotYnlVU19pNGI4M1BnclY4UFpkWlRRb2Z0c1hyN21wMHJWSERvd1c?oc=5","The Times of Israel","Israel","1787671783000"
"World Insights: Can ""Economic D-Day"" force Iran into concessions?","https://news.google.com/rss/articles/CBMifEFVX3lxTFBVendqZDJuRkpKaHdlQ1dSNjdYSDZ5aFVTbkFUVlFLbHRleFh0Y3FJZHlKbktyLWhDeEtXZ3pBQlc2Z3V1clZqenBaSmRNbHFvV0RhaE9LZU1lQjd1dDVjZzFKd2dFWXpJYjNKODlOeGVqUkFmZjZWYkVNdWY?oc=5","Xinhua","China","1787671260000"
"Oman’s top diplomat in Iran for talks","https://news.google.com/rss/articles/CBMimwFBVV95cUxPWHVIVU1RTXB4T2JPeE1ZcTlBVG05RExsLTVYclRkTDd0b2k3MFlUWXdtTHpCby1hOXNNMUNhUGFRVGllbXdoWUhDV09sS0dKUjdSbVFmb2E5WnRwOTVUVDNjbjlGZ0ZuVmpKQUZZQVFaS0ZoSVdlOGEweXlfMHFsaUJCTlVkUjhVcXVNSDFYUzNLU09nYU0ydU1pc9IBoAFBVV95cUxPV2NxSWltTHVkNHI4TVZSLXFPMHZzQzN6RzBnWWZKT0ZKTGMxdFhHS0pycWVPd0NfUnhYSF9YbnJzNGtOTF90UnZYX0VQUEw0TVhsd0dYN3RIRmhqMXFxTExFZ2pkVVczeG52Tl81Q0lpU0VGRDd2OFpONjlNaTFvX0VpLXlibS05bHZrUW1zem1tX0JUYThDYXN4MkYzZU1Z?oc=5","Al Arabiya","Arab","1787670840000"
"MOFA: China opposes US unilateral sanctions on Iran","https://news.google.com/rss/articles/CBMiqwFBVV95cUxOV1dMZW84c2RZWEhNM1VVNWk3UmkyVkFTZFNEVFVQU3ZLdE1peXlYT3JnSms3cWVlYkJPNUpDMTJ2bmdSQTFobnpkUWVjbVNUdTBhM2pEY0UwMkxNNGVCT0lKRTlIdWhRNDN4VEtqSWVpY3d5SWpMeF8xVnVlLTZZQmstN21hQUNvdWJNdUNwb3RMWnktbHczdTBpUlY2NmtnRk5ORGhnNjF5Wlk?oc=5","CGTN","China","1787670617000"
"Analysis: Iraq may show how US can squeeze Iran’s trade partners","https://news.google.com/rss/articles/CBMivgFBVV95cUxPVWVjNHVzZzRQWktUWktwMDVtYWxGM2FYTFpCRUcxRFk1WTVkQ2dxekE0dDc0bnAyeXdHU0ZYRG9La2lFUmxMZEg4dDFkXy1Id2hPaTNwVUo0bVJqVGNJSjF4dDh4bWpqenIwTDB5WlVzWFJpUVM1ODhvYzlGbXg1TlYzRVFEblM4RUFHbjkwRUd3emJtWFVxazA3b2dBR3BPT1NHQ3VhVmlJVjdMYWNjMy1mRHRiT2tjUjFHVlh30gHDAUFVX3lxTE9Yc0U4YXFhQWt4TV9DVXBMdS1XNndpWUtNUlNUc29aQUw0Nkpnbl9KaC10THJrcmc5bl9qN1FIQ2IyR0tyR3hnWk9XcnZfRzNJa2lFRzFrSDJSOTZlbGFVdXhuMkFWMEFRZV9CMVk3MnU3WUNpem9UbmVtRHY0eGRSYVM0cEFDOHVZSXA2VTN0ak5KeDV4WktuUWFMVGZTQnRWSkwxaXFBZXdSZWtXME9oNEJ3cHBia3VzOUo1aHRReXA1dw?oc=5","Al Arabiya","Arab","1787670300000"
"Secret Service says it’s ‘aware’ of Iranian state media threat against Barron Trump","https://news.google.com/rss/articles/CBMikwFBVV95cUxPWEhUSG9UbmpPZUdKcnJkTEhlQ1cwdDhWWlNkZGh2cWtkakdDUUJPNmFmUVowSk40QjlwU3c5S0x6MXlIcDdISjZLNldVUVJvWXR0NjZJaHBVYW9mVEdndEtJUE0ySDRXY0dadzRGb05OSFo3UEhhd3JhRk9PTHN1ajdkNE9PSWRyTU1CRWdmMkdaTE0?oc=5","Politico","US","1787673180000"
"Iran video threatens Barron Trump | CNN Politics","https://news.google.com/rss/articles/CBMiiAFBVV95cUxPenhLTzA5dkM5QjVhSWEtNldLUnRxckgwbnNsLU1weVAyd0FZbm5vNnR2M2NUd1NzLVRJR2pscnNHSUx2bkVLb2Z3RDNXaUJpd3gyWkZqR08xNjc2Z0V4QmliLXBvSmFRRjVoaVVYa1VIUkFiRnk1d3l3ZGFlRFJuMUFqMnNHWnZP?oc=5","CNN","US","1787672640000"
"‘Economic D-day’: How desperate is Trump to end Iran war? - The Latest","https://news.google.com/rss/articles/CBMitgFBVV95cUxQeHkta2pyeWVqd3VGeUdBX3VIZXNHajZGZENvRkVPMEwtRnMzMWVWaDBTaEpmVm9vb004a1pvVUF6akVPRWExOHRORS13bGdsLXRUUjVGNF9FZHRPM2kxbXVCUlJEb29vVmwzRWtYcFNQQ1JqbXk5amRtdnlBUEZvTTRQMkFTaTJad3g1WkZLeTczMW5pek1KbDFXeDZ1bTY3b2hFUlJOX2NCVEp1eVhhZ3RvWEo5QQ?oc=5","The Guardian","UK","1787672280000"
"Yadda Iran ta so ta kashe ɗaya daga cikin ƴaƴana – Netanyahu","https://news.google.com/rss/articles/CBMigwFBVV95cUxOVlM0OFNnM0JwWkZBRUxabWFLRXRTSUVYa05OR2xfLTdfenBpUFBoc25Md0tnclludThlSHluX2QwY0N5VkxVZ3QwN2dBbFE1YjF5ZXM0RnJELVJRejhpZEFlZm1DSzJJSDlFTWVKM3prUXR3eHlSUmNHTjhRQ3kyZDVDRdIBYEFVX3lxTE5TZ19pTFVMWDRIbmx4cm1MNm84dVJkNTZYZ1pJX0FWOTFKQmxIZUdOdGo1UksyS0EzMVNMbTg5QktlZDhaRlRHWnpMeDB0UG5xZm1ROW41bVJfSFhEY2UxOA?oc=5","BBC","Global","1787673996000"
"China slams 'illegal' US sanctions on Iran","https://news.google.com/rss/articles/CBMiUEFVX3lxTE9nT0UwRWJITDNqX1dEbm1SQ29VVmF2VGtHdlM5Sk5GcDBtZ1VtWnROTjlaRXRONTN4dGdVdnpTNkE5aG1qZXg2Y04yV0hSU0c4?oc=5","BBC","Global","1787673514000"
"India Exports Face Little Risk From Tougher US Sanctions on Iran","https://news.google.com/rss/articles/CBMi0gFBVV95cUxQQ0hrc19JdUxpTWo2bDhCUUlzOTJUTFROMGc1RFZBT3hsLTFoRlh1bkZsMDJCSFVRVDF0bk1FcTF5YzlyaUFDcXBJSVpNeDU3TmJwcDg1aWtMNlkwR0VxUldGbHVuMnpKZWZrR0tULTRtT1FTWWRuTU9nYmR6MEtiWFgtODdJMkpZRm05WEg5UGMzN2ptcHhBS21vN0hoeVl2bU52YUJEeG0wRFZhOWtGaTRYWkNXS1k2YVloM01kWHNta3ZVOUozcHUwbGJBQlhBX1E?oc=5","Bloomberg","Global","1787672965000"
"Iran offers $10 million to kill Trump's son","https://news.google.com/rss/articles/CBMiekFVX3lxTE1FXzB6VF9PMVNXaV9scEdJQmxsN3ZRSVlqOXhqaURrcy1kd0J2c0Z2ZWpDR2ZqblZ2QV9VOURRVVlNWHZIcEFDRGtwUjU4NFJKdTNIYjRGMmVSUmlDTkNwRjNPTEdtakRUNF81b196NVEwWXluX01NTWNn?oc=5","France 24","Europe","1787672379000"
"Trump says all mines cleared from Strait of Hormuz","https://news.google.com/rss/articles/CBMiWkFVX3lxTE1tNi16cVlvMnN2YWdPQWdTOVdLYTFYVmFsRE5haGxwWS01blp5eFR0R0JUbi1ZMHJkRk44bnY1RnVrM3QzczI0RjNydDNqUTc1Nnl0QXp5ZjIwdw?oc=5","BBC","Global","1787671881000"
"Iran, Iraq discuss promotion of security, judicial cooperation","https://news.google.com/rss/articles/CBMifEFVX3lxTFBNTlNXWTFYZnA4RG5rVDVmZmE1V2trMmdxYk5OWXVCS0ZaOEg5R0RmY3g4V3cxenpGcmZhOVlLWmN2N05TamVvVFY4SWVtbXZ5Y1ZRSEJRaFIzN25ZNFMzOTlMZk8yMUZFSnZLNEN6dUhucEItbXJOdjJkZEo?oc=5","Xinhua","China","1787674560000"
"FACTBOX - What to know about US 'Operation Economic Outcast' sanctions against Iran","https://news.google.com/rss/articles/CBMitwFBVV95cUxPMW9qMVpqVmxEbjNENFpUZEJaM2ZTbXNGeWxWOC1DYnBRZnMxb0s3S0huUFp6ZGlHYnFiX2VRcnVLN3JHbjBfVC1QYnZ0LXBYNVpaM0gyZzE3SmlLcDNwNDBxeTJlVzZnNjJyNm9NUnhvSVE2Ymp5czVPeVBIc2gyVmI2N2c2Wmo1UFpfTlhRN2s3Rk5GVXBfR19QNmJ2cGQ2WUVVTkE4MzRuSlFZT0dLV1ByY3pGVHM?oc=5","The Express Tribune","Pakistan","1787674164000"
"‘Surrender? Of course not’: Pezeshkian vows Iran will annul US economic war","https://news.google.com/rss/articles/CBMivAFBVV95cUxPZElVY1hyNFFRSkF3b0FpenBkMGV1VGdRdHA0aDhBM3BobmJDTmRwdzhQakdWbEFlQ0xrajVFTF9jQkZPVHVaSnYwTHVPZ2JvTVRjVjkwTG1RbkhRSXN5VzQzTEU0ektVYnJLTUt1Uk01dmNCTTdfWWxLLVAyd190UVVrZkJ0M2duRFo1SUlJaG9Zd3FzYUtnR1p3bU50MDNEdHZ0Y20weXp2SnFZcDJ6VlFTRlpRVjRwcmdPVQ?oc=5","Press TV","Iran","1787673600000"
"Iran, Oman discuss ‘phased framework’ for reopening Strait of Hormuz","https://news.google.com/rss/articles/CBMipwFBVV95cUxNVUFXU01nZjU4QzNfdlRESXNKVHJDZWd1UVhjUGFkaTI2TnJQVkNxOEl5UG40eEIzVGZDQnBVd3VjY2g0OGpvTDl2SktQYncxUWxSOUo3VThNQlZMLTAzTG9TRUhEbkZQZ1JIaXliWWcyNDFSQ1pyTnZiY1hiVlhVWlE0UHUzblVaaWJNRE13SmNVY3NTME56eHRFQ2VaRk5LZkltQ3hRMA?oc=5","Press TV","Iran","1787673300000"
"Trump Draws a Line in the Sand on Iran","https://news.google.com/rss/articles/CBMie0FVX3lxTE1TMVNxMXZpRTQyVGdoSjE4Qkl2el95b01ERGJtQ0NUQ2NmYzFWazgza0ZuRDZUTHJBczBKSWdUbFo4MVVWZ25KcVVINEdXbmdVdGRVQjBTdDZnRXZzUG5pUGRoWll3RWtETVNhOEZJQWdUdHZpZWNsUV9zRQ?oc=5","The Times of Israel","Israel","1787673060000"
"Iran's interior minister calls meetings with Pakistan’s officials positive","https://news.google.com/rss/articles/CBMiqgFBVV95cUxQdDB4dF9tS0JyLUlacWg0dFd3LUpxdHA3ZXFCWWJzR2xScWNaS2xOWTQ3SmJCY3pBYXlkaC1OSTN4eFJ4TXdoTld3YlB6cy1FNDFsNWk0ODJVRmlaa2hMZ0g4bW9kS1Z1d1JoeTZaQzBRVlQ4TEhSd0ZkRm04b2pacGJDaGg0NFBxQkZfejQyQ2p5aGozaGprZm1NNmJOS2lMVk9mVUVMcjZrdw?oc=5","Dawn","Pakistan","1787671828000"
"The Iran war is already on November ballots","https://news.google.com/rss/articles/CBMiggFBVV95cUxNVGxQNWx5RkxZYVF0di1XVkZacjRvUXdiNjFjM25LdzNTSzFmWGhIcWdwXzdnRWhOeHljWnBLRVRkUy1URGREZ1gwY3dIMTdmSFRfQ01lZndnbmpNN2JWanpscUhzTDEwU1lFb0NOWVBFUUZ0RGJUbHlXTnVSNS1YaXlR?oc=5","Politico","US","1787675640000"
"There are gas lines in Iran, but no sign yet that its leaders will bow to US sanctions","https://news.google.com/rss/articles/CBMivAFBVV95cUxNUmNSaDVwaFVwZ3R6MUVsQUJxcHg3MWlLQnd4Z29wSHRUV0tTVmhrSENCX2JiVjRLbzVIVUJ3NVZxWjZPQVRsRURINnQxazZZSC1ka1lmektUZE1HV0ZzQ1BUSXZkYU5IWElqWmMyTWhCUjh4VlZfUnAyX1Y4a0dnUHJfbUdmMnJoQnNFZE5XT2dTTnF0VS1uRjA5eHUxaEpmMnJLbHRoSTdYSldETHNCUWwzLURMTnF0S0xQYw?oc=5","The Independent","UK","1787675340000"
"Trump: Mines fully removed from Strait of Hormuz","https://news.google.com/rss/articles/CBMidkFVX3lxTE9va1JQWnZ4dEZoTTQwSzhwa0E5MnpRMTBkaXp0THRHYW80cHdwMGw1RXYzYllUTzh2MmlrY1dDMjVfTEdGeUVMZmhfdHdfU3Ayc0VITm9zeGxjQUllLVhPdEZrY05LWkwxdmhPQ1FNZDE0NGt5Z1E?oc=5","Axios","US","1787675307000"
"China: Cooperation with Iran should not be disrupted","https://news.google.com/rss/articles/CBMirwFBVV95cUxOTmluQ0JTMGQ0VUpTRHpINE11VnY1eTFtNHZNLWx5UEswTkVCMlFJT1E3a0hhZW0zOHVmOEZTY2Iwb0tCUllNSFA4YTdsNHFPVm1TczVKNE9tWnZ6SkpoRWZjWk9JOXZxbFViajJMMXVZVzZQcm5BWWxKZzU5Q2wwZVBaUWppb3ZiYThLdGxzSjM5WE9uUlpJVFJqWXhFR2IySDBLWUN6M013WlJzdzhJ?oc=5","CNN","US","1787674709000"
"‘Economic D-day’: how desperate is Trump to end Iran war? — The Latest","https://news.google.com/rss/articles/CBMirgFBVV95cUxNRDVwYzYzbGNBazNXSkZZQzlhVENqVC1IbjNfcHRPeld0dlJSZ2RjTW9rcU14YkdjYmdKN05sVmxrNnZfNFA0WkZlTlFnOHFIOUR4QUVEQ296Q3JudDVZVF9ndmNzejNnSk9LR0NrQTN4X2RzZzZ3a1RhN2NxLUNOeFFVZXplb3pYTEV4bzZkWmZRdjE3QUREWlQtVHBILThra2lmVGlVY3l0di1wMnc?oc=5","The Guardian","UK","1787673459000"
"China is the biggest buyer of Iran’s oil. Could US sanctions threaten those ties?","https://news.google.com/rss/articles/CBMipAFBVV95cUxNWmNZcjhRZjlkQ1FuM0sxTDg4V0tIRFZDQ3JzZGRfY3ltX21rdE45TXZMTHRzUG1uQnRvMjBnb0xtcFJtVVViXzk4WGtpTnZyRGNXLV91OE51ampWVmV2RUlRb3FjSjhPX0NjUDRKMjNZWmVvRXVvUmhTWTl5RzFMVUNRb3lxSUZUNU5Cd0ZjemtlMnJpTUhJWjBSUnRmZ2xZTHk5aQ?oc=5","The Guardian","UK","1787672460000"
"Iran and Oman edge towards deal on Strait of Hormuz","https://news.google.com/rss/articles/CBMihAFBVV95cUxNVjVISVdrRkplRVRtSTU0blRZblhUQXJkTGpwb1VtR1JkVFpRdHNhUEt6S2JUY0pqam9XRmotalBuOW5BX0p5ZjlMbVlOZGVNb2hkeFhjMi1aZEczWDM2OWNxUVRFa21YQkFWdzZNT3VkTk9VQXJBZ1I1aGprQlExYk5xVWI?oc=5","Financial Times","Global","1787675688000"
"Watch Xi Signals Defiance as US Threatens Sanctions for Iran Support","https://news.google.com/rss/articles/CBMiqAFBVV95cUxNaDkyaGZ6TU92S3ZHVmZ5eTlHemVlcW5xQ1BXQXRYelUwd0hFUTNBeW8tckdWR3BjM1J1NVNOaVY2bHJqZjZSMUJRZk5PNTgwTllFc3BkRnlTR050eEVsUEMwUmRETkhBalg4XzVEQkZOdHdyYVVrT0cyVHVUNlF5a3g5ZmZWZ3dHTWtxT1p3OG03UXFkNzhpQjBra015UTNKbjZDcWV4SEI?oc=5","Bloomberg","Global","1787675388000"
"There are gas lines in Iran, but no sign yet that its leaders will bow to US sanctions","https://news.google.com/rss/articles/CBMipgFBVV95cUxPRjNXcXZYaGQ0bjI3ZWthU1hrQW9RZl9jaVhYcTNHaDdxaDRIdm1lMXlqU01ybURxR3lDY2ZlUkg5cmM3ZU9RSFl0bTZqSkQ5QWJVN3BCX3dPUHBkOE9SZ2g1bnhGamtEZ25wWk1PaUxHelIySHBHVWpmZl8yVUZTRU00aEs0bkNDYm1teW10V1JKTDg2bGR3TERacENTUFFKcEM4QUVR?oc=5","Associated Press","Global","1787675340000"
"Iranian tankers gather off Sri Lankan coast","https://news.google.com/rss/articles/CBMihAFBVV95cUxPVnFpZU5VbEhfVWNEZU5tUHM2TFJsSDRKUUVhRVM0Zk8ydEJZa09NMGpiMnVUVFdxSlVoTzNScVNYMDFfTVhDTjlrMFhKa21YcGROZUoyQm1NVVR3WC1pVGlLemxOTE9MRG9NMGZzTUNBWXVMYVUydVpTU09ndzFIN1RfMDI?oc=5","Financial Times","Global","1787674952000"
"Iran's purchasing power is slowly collapsing under US economic pressure","https://news.google.com/rss/articles/CBMi3gFBVV95cUxOREF0X1pUbkRoQTc3ODNIUmZhLWMxeVExcHNTdVdmWW53QWIyNWFhcVoyMi13eTExQnBCQURNNnowSEE3MER5enk0NVU0NlhCWElOSm9xUjBOY0J4RHk5c2JPeWhJSm5GOFpTN2pMNU9SajhtM0ExTktSYXZBNFNsVlM4S2VuWmYwVDZiRm1FQWN1SW9va2tLVC1VZUtMSDFaSXBEdXJ0M2QyRzVoTHJTWmpoVXV0bmRBZ1Rqek0wVTVqOVFMaE1fdDlHS2ZNSDJ5RXRsMmhlRklhNDBWMHc?oc=5","Le Monde","Europe","1787674499000"
"China Defies US Efforts to Isolate Iran","https://news.google.com/rss/articles/CBMimAFBVV95cUxPZ2RxY281ZWk2S1d4eHRPai1uZE9qeEtMeWVybEVtUWo1bE5heFlva0ZMUlcyR3pHMTF2YmFaOEJyMkdZUUxmT3ZmR19XMTA3Vk1MNG1ITUdSRTc3OF9DMWFyNW43c3oyWERLXzFRWFpid1ZOTGxka3JOdE1RN0VCLUVvbzVpQWVtVnJsWmY3ZC11Q0RRSW52dA?oc=5","Bloomberg","Global","1787674404000"
"Yadda Iran ta so ta kashe ɗaya daga cikin ƴaƴana – Netanyahu","https://news.google.com/rss/articles/CBMiW0FVX3lxTE9DRUxlNk5XZWl0S2dheWNBQU9jREJZRERqNk03T0xKMmRLM3RzM0k1b0VMbWU1ang5cnRORDZIUjd1aGNoN19NMlVhYkliV0xpemNRcmhSd3RrRXPSAWBBVV95cUxOU2dfaUxVTFg0SG5seHJtTDZvOHVSZDU2WGdaSV9BVjkxSkJsSGVHTnRqNVJLMktBMzFTTG04OUJLZWQ4WkZUR1p6THgwdFBucWZtUTluNW1SX0hYRGNlMTg?oc=5","BBC","Global","1787672619000"
"Oman, Iran propose joint temporary shipping lane, de-mining project in Strait of Hormuz","https://news.google.com/rss/articles/CBMiywFBVV95cUxPelJxbzRrOWRlWFYtM1hVbnhTd3gxYUd1SFd3ajZ2SUpabnZIV1gzRVNZY2s3YlBKUTMxY25Xbm0wc1lvQzZwSTBIeU1WTVgxWUlJN1NFOE00VzdHSG9PV2hlSEt4ODNCc18wMi1IemI5RlFWVVBoTndtb2hMTVFVM0RLeEs2S2drQl9BbFQ2S2hycTExMXdOejh2Yk9rbnRPT0ItX2dkVGNrVUpYR2V6c01MSHhKeHRPNGZVR3pJWGt5RkhUejc1S1RkSQ?oc=5","The Times of Israel","Israel","1787676583000"
"Sanctions or missiles? Why Gulf may not relish Trump’s new Iran approach","https://news.google.com/rss/articles/CBMisAFBVV95cUxNb0YyRHplOEplVWpxZUo0dVJJb25EMUhpcWpBQjRybDd4NV9mVzRHVURfMkdRNl9SYmpIUFdKR2ZNSm1od2N0RWItWGRWc2JKS1VCNzdvZ3pYRzhUZTFDRk1jV2Ffb2ljbHZhQjJQelRiQjlxdFJ5MUJRak9WQVZNQVRQNVROZ3RMWTNIbFdtR3oxb1NEa0RoQXlYY2VJM2FTc2E3Um1DdkZQUkRjcVVLNtIBtgFBVV95cUxOWnJtSXliRzRTRkFPTG52S2xjRDR0bnNYQ2VJUHhsNGdIUjhucnFuR3RveUF6b0FVQVJsTFJ6MElrNEdBMUoyT0tMNTVkODQzT25Sb0JLSVFtcjNOWWJ2czROQUFDcVQ5LUtmc0wzOXotM21XVlhVWkpXUDZjNkJVTkt3X3pfUGJzRTdhOFMyTktpTGpYMGlPaFh1eWkyblNxM2Nsc0R6eTdVcGNYa0pFUDJLbFdadw?oc=5","Al Jazeera","Arab","1787676139000"
"Enemies aims to sow discord, plunder Muslim countries’ resources, Iran warns","https://news.google.com/rss/articles/CBMi1wFBVV95cUxPMXFoX3dJNWhURTBiVlNRY0lHMnZlaHZySGtHVVJNNUd1OWdqYWhZOUJ0UEtWTU1yOHVqRWwxSTFyaF9qOTNHbzlIeEFhSEVuMGFubEdsUk1CNGF2a1Y5c2JtbXNuVGJtM2JvUUpUWk05RFZOcGVrT2ZYWk5DZUlCV3J3cXExYUlISXpWUkZPdFRheVlWbzN1dmVoSTZuZHhPd0kzYnRQbEZMRzFkTjRtZXNvMlBXTUluNDFCbG5rTTZPWFFrTlJ2R2hrN25UU2djM1lqZmNTcw?oc=5","Press TV","Iran","1787673960000"
"China says will safeguard its own interests as US expands Iran sanctions - Al Jazeera","https://news.google.com/rss/articles/CBMi0AFBVV95cUxQRnpuWlpGcFlIdHNZOXp1MmVkTkxPT2d3U05pX0N2UzZtQjZqZjF0OFBPMEllOW1SakdrWlludUR5VHoyMUU1alVkdUYyMlZveVY1dlFaUGtSelRlTGJ3UWROTWRiUGtMc3RwLVRFRGkyUDJpWHdVZ2JoM2VmamhkWkFvUnNkaW1PNnlIcUJhaENoOWJLOVFlRVR1UU5uXzJrSkhIek9yYV9NYmJVQ3F5cF9IUlhiMmZPUHRkdEpLeWNjblJHQTByZFRjOUhNSFhC?oc=5","Al Jazeera","Arab","1787673643000"
"America’s economic war on Iran has a China problem","https://news.google.com/rss/articles/CBMihAFBVV95cUxOazk3eUh5MFZUY0N4Z3lGdDZ1UUZpRi1BSzBnMEdtTTlGYjFTMHg1R1g2RXM3Ny0yZFF5NEY4OThQdU12SDdBbWkzeEVoNzNMWDBkUUlXWV91Mkdrd2dQVUdhdmd0bUR3RHYyd3hxMlhzUmV1YzN5aF95R0hIcjFmTFZTdDU?oc=5","Financial Times","Global","1787677869000"
"What are the US sanctions on Iran and who is affected?","https://news.google.com/rss/articles/CBMiV0FVX3lxTE1uN2lFYnNVUmhhemJiWXdMbjhjN09vSW1qSFlZMURVRGd2ZDlRSDNXV05nVkF4N25ydjV0SDNhS0dNaWFWUDkyU1Q0c29RSnhCNW1IY2w0TQ?oc=5","BBC","Global","1787676259000"
"Scott Bessent unleashes ‘Economic D-Day’ in new US sanctions push against Iran (Video)","https://news.google.com/rss/articles/CBMipAFBVV95cUxPVU1Hc0VFb1lnZy1XOFdydXNLY3VWbEZsak1MSk5JMExrUGZIYlYwUUoxbWg4eF94WEhGbVNzbnZQX1RIQ3lHM0lGeUdldlB2YkRaY25TRWhRVG03UEFlVnJyNEpLbVE1c1ZlT1M4VGVLSEl6ei1CMkNJSWp0OE94QlNzOU04M1FNTzN5WF9ORGRSd1JPTFZ0T29lb3o1MVZHYlpCVQ?oc=5","New York Post","US","1787677656000"
"Trump: We’ve cleared all mines in Strait of Hormuz","https://news.google.com/rss/articles/CBMioAFBVV95cUxNZjBRMjN5NldlNVlBanAyY3Fkd2hSemZ4Tk5wZUNnZjFJTGZPaThpYk5DN19UODgwOTdYTWdXZmNjS3FmNXF2QlJSN3psTFpXVlNxXzVRbG00aHptb2hja202cXJlaHRMSnlfV2VHTWxHS1VRM09VOTNXZ0dOZUNRbHRXcXYtTDU0OWJYSkptdWV2WW1YLUtxd3VvNzBkVEwt?oc=5","The Telegraph","UK","1787676180000"
"Iran, Oman discuss phased framework for temporary corridor in Hormuz Strait -- joint statement","https://news.google.com/rss/articles/CBMifEFVX3lxTE9mSEJ6OGhNVTd1YkZpSl9CdDlSdWV4bkdNa0lRTVRsLUpiWUlkY0tpbnliX1VSN1pHdmJRZS0zak9sR1g3QWg4a0ZtZG5zY2gyOUZfT0JDWHh6QWlwTmEtUHlYRDk4SGo5ODhCRGkzLVRKZWRrZDd0QU9PbzI?oc=5","Xinhua","China","1787678250000"
"Iran, Oman discuss 'phased framework' to resume safe navigation through Hormuz","https://news.google.com/rss/articles/CBMirgFBVV95cUxOaHJoZ2ZGZXNUVGhST2lHcVR3d1cyc21UUm1hX2cydTZJZFh4THM2RWRiajFiNmJrRjlhaHZacFlWSXhVaFRyVWlvZDNxaE9wMmdQNThzWkoyTk9kY255bDRqZUNiaTZaMUdyS1ByWUlmaGJVN3BSTkJOV3VjT0RsQmJiTnE2TVZMMWhOc1RhN21JbmM5UThicU13dmVwc0RxVS1uM0xfUXh4M01Rd2c?oc=5","Dawn","Pakistan","1787676604000"
"Iran, Oman say discussed temporary corridor, mine-clearing in Hormuz","https://news.google.com/rss/articles/CBMiU0FVX3lxTFB4MFRldXJWeDJrMC1sLXROdTh0ODFGQmFrZ3Y5c0Q2ajNGSklNOXlvY1ZUWS1COEVTTDZRSnBfQlRyenZveURBT2pKWHpwb01EMEVj?oc=5","Arab News","Arab","1787675901000"
"There are gas lines in Iran, but no sign yet that its leaders will bow to US sanctions","https://news.google.com/rss/articles/CBMi2gFBVV95cUxQdHZTbXFaVDBqZWgtbkxwWHAxZDBvV090LV9WQmxKb3AwVnp3YmtPVUEyX20wWmlWdTNXRVdnektkb2g2bkxNZXlHSThjOUtZcWcwamI1LXZmRUtqNTFCaFNka2lCbU1YUnExSW1lRllDVkVtM19xNmQxdG85V05iTzZqZlF2Q3ZvQS1rTnlLWGRJRWRwWUZkaGhRcHVjSkkwQWVvM1VoLVpFSkpGZm9qZ2lCUkRwdjdCQ1EtTnpKU3YtaUpTN2NhRGxTdXB3cFRMNWZZSDZpbXoxdw?oc=5","The Washington Post","US","1787679217000"
"China rebukes Trump’s economic pressure campaign seeking to isolate Iran","https://news.google.com/rss/articles/CBMiyAFBVV95cUxNclAxV0lzY3BoWHhndE1FZnNlMVJhbVNuVVJpZU5LRTNGM1B2MVBVTFNzbnBhOG03NVBaQUNDOGMtd1lrbkxEcGpjbEFMaXJZQ2lTdC1qVjFRZV80YktzNk9tbVVNSXIzRjBZNWxmckc4azVaaUpTM0RRdzJyUTdPbkNzdnN6eVRFajVaaXAxenFTZlZjeUdIV3o2bmtmRFdQZWEzeDRhSTJ3MVo4Y01LYnJqSk8tMkp6VFJGRGtmZzVCZkgxZTBwVA?oc=5","The Washington Post","US","1787678881000"
"‘There is a real danger that Iran will retaliate’ against US sanctions, says analyst","https://news.google.com/rss/articles/CBMigAFBVV95cUxOeGQxNlFBeV9GU3FPY3BCSW5PRVQ4ZHBGekNsS0NiQi1FZDFIbTg0M05IOFJqV2p5Y0k1dktxWGhzSUFBWHo3WU5VaEFrZFlpNWpzLXNXSFB0aDlCQnJuRTFqeVRWODZWUzBfLTFrc1I4SmxBV21DdXpYZUM1TXRDNQ?oc=5","CNN","US","1787678343000"
"Iran, Oman discuss phased framework for temporary corridor in Hormuz Strait -- joint statement","https://news.google.com/rss/articles/CBMifEFVX3lxTFBiMk9ydEhNdTk2OVMzdUJYcnJBSG1OSE9lYzdwYXVyeUNMUWF6TWVqTjVfVXNLUUthc2pfVENvQ2ZJTzJLakVOSGRxTFZsYXFNMG1aenNUVnJnUDI1S25NV3plbjI3V0N1Sklfb2o2TlJNX2VRV0NtMFhjZUY?oc=5","Xinhua","China","1787680215000"
"Govt forms high-powered body to break deadlock over Iran-Pakistan gas pipeline amid penalty threats","https://news.google.com/rss/articles/CBMizgFBVV95cUxQNFNPQTRWRXd0SVM3blpQa3d2N1ZqdWp1S0RmSHViTlFFMF9XRzRLb1NTVWdPTWQ3NHQ0WmhadlRvRnRUWXFBUnY5eC1CdU9aWENWTy1TdEZWT1lhaHktZzNSUjY0LVZkUk94dVZWbUNlSERYZE1zUTFRNE9vNUtySGEzRzY3MlB5R3BJSmttRHFLSERmeURXQW42d1Ridy1SVXE5ZEM2SEVpVWZLODZNSUtiSlltNVlRWU5pNl83SGplRGliX1dOSjVuRDhwUdIBTkFVX3lxTE0zSEdYc2NNS3dXRFl6MU1hMjlTVG13X2I5bmlaRHA3a3JFdGgzRU54Qm5rMGs4UEczVzhEUnN2WVAtaXRRU18yaG1FV0FnZw?oc=5","Dawn","Pakistan","1787679438000"
"Why Trump’s Iran ‘D-Day’ may not deliver quick results","https://news.google.com/rss/articles/CBMiakFVX3lxTE40WFd6cWJaalc4TnFGRU41ZUpnWllYR1RIeDdrTC1iVm5xTERadW9pOHFNV2RFYVZXTjY1SkZ2RXJtWWloWlFUZ2k4MVlEQUQ3VXMzTUFsTWJVUm1qWngxNzBTNmdQalAta3c?oc=5","The Jerusalem Post","Israel","1787678835000"
"Iran, Iraq to play decisive role in emerging regional order as US hegemony fails: Qalibaf","https://news.google.com/rss/articles/CBMi0AFBVV95cUxPRXpoM0c4ZHZocHlTbWFGZklNRTdQTWFrcXVTZmRIZ0NlNmNOZVFtc25DM3ROOGptM2g0NkFHZ2Fmc1J4M2dOdjJFZUNFQ0xLTmJDRDNPUlFFQkktT3dCcDJFckUwdUhWeHh4b0NPazhNZGJCRE0yN2xzUVVHSjFWRDVYN2ZEdkphYUlPNTg1RFlTN0steWhWQnNrX2x4elctMU1mNUwtTDlIZnNtaG1QQkZaRFJmOEFDNUg1c0dqS1dsY0htUkUweFpDa0xlVXY1?oc=5","Press TV","Iran","1787678640000"
"Airlines gradually restore Middle East services after Iran conflict","https://news.google.com/rss/articles/CBMitgFBVV95cUxOQVBTWVJmQzQ0amNDbXRwTnRpMXZOc19tNndrYlRWNHFWWllULVVkZGxEVkNic2lGdkhKdFE1N0NzQUt6d3BVcEhvME11eUVWSjlZNXlDcUJ5ZFBMSF9KMDNXMnVMaksyT1p5UUhOVUV1b3pYeVZzeEVCa285VGRtYUN3UFZOalRsS3Bzb0dNV3UzMGZrOWdsdC1FWjdvYW9qUkNVOENCUERpTGdjbl9yM0VLYmxMdw?oc=5","Reuters","Global","1787679931000"
"Report: Rubio says no new Iran offensive for now as US focuses on economic pressure, Hormuz","https://news.google.com/rss/articles/CBMi0AFBVV95cUxNeGdiWUprUHE4S2xJV2FCRmw4SkhBcGUyVFBIV2doUGd0YzloR1RvUHFjVjYwQ1plWHlWTlZmRDVhSEFQZ0xNWFIyUDBtR0dWTW9PMFpyLW1aZDk1SVBpanhkbS0yb1dxN0J4LVEtbWVYU2NhNTZuNlhDM0Ntc2J6bkZHTUNyY2l3SkJ4a3lBZTFGaHhnbjhEYVZZTFdtZUhFdHFnQzVSS3VhWGxwTjhCcHNtdlBwdDk3MU1GUHBPZnB3NUFFVlZmWEVMTU1ZT3Jt?oc=5","The Times of Israel","Israel","1787680835000"
"Iran threatens retaliation as US expands sanctions","https://news.google.com/rss/articles/CBMiVkFVX3lxTE9rY1VZNTNTc0Z3WE1OUUd0Nmt0SUhsZFJjaHl3bVY2RUpTTDNGcFFiMkJnbUpGbWZxQmdTYVFZMVpocUNXTHdqdEkwR1d2M2d3eWpMRnJB?oc=5","Fox News","US","1787681675000"
"America’s might has failed in Iran – an ‘economic D-Day’ is also unlikely to succeed","https://news.google.com/rss/articles/CBMipwFBVV95cUxOdEFBVkZydVFacDJaZWx5ejF6SjdPWGd3dlBOQkhnYXlWeVY0RDBoSEZBM2RKbFFsbUZKVnYyME44TTRTYVVMeko1akF4MGNUSGRJakJDcGdTYUlxZFQtaVlhcVJoWmhIOWtKRmRQbVQ0LVl5NzBrX2xiblk1SlZqS0VsUEFpVlVpWjJXS0J4UWpiaU9xVFJpdUh3QXBJbE5ad3VaWTNkOA?oc=5","The Independent","UK","1787681160000"
"US stops the flow of Iranian Oil: China makes BOLD response","https://news.google.com/rss/articles/CBMiVkFVX3lxTE92dmtnSER1Sm83SDVFV0p0Y2o5eTh5S0cxSHFYTDlPa20yN0liczg5dy12cFV1ZlVKckRneTNlTElxVlJ6OG5OZXhDRWxCU0JVdnJqNEx3?oc=5","Fox News","US","1787681082000"
"Rep. Pat Fallon: Economic Pressure May Be the Key to Forcing Iran’s Hand","https://news.google.com/rss/articles/CBMiqwFBVV95cUxNS0M2MXZFVzlhQXVRbVBYR3IwV1MtQmZzVWZKRXNDaE9vZ1pRTEZkZWNfUEd2clFqMm9YR3U3WUZua1pCS2M5emZTalI4cWt2eDJhamlsci1NcGQyVExET0tLU1RGaUMyWjlZRW1KWWEtd0Z4MmZsOXo3OU81dXpWWmV2SFN5SjFzdnJuSnVwWTJEcXhwMFNxZVFFb2MzSmJrNUk1WmhzRlJMMm8?oc=5","Fox News","US","1787680241000"
"Trump ignored top-level warnings before launching Iran war: report","https://news.google.com/rss/articles/CBMipAFBVV95cUxPSlhBaDdxS0xOMHpxLXNrX2pITl9jM1RXVkVFdmRpT1VSWXVNajhJTTNEVk1pX05DUE1OaHg5N1hjLWg4WnpWaWNnaHBHWU14anNRcTU2UWowdHotajNKX0lqRXcwbUpMd3VteGwzYUhOOFRXWUdUd3FaRl9lWGpJS0lkNHp6UURLdkFtZnlEVXBXLXVjekVIa3psZEF1emt4aWQ1WNIBrAFBVV95cUxNSkotMEZqNDV3cGEwX3RQSUt4Z0p1WnFvdHNTUGgyak5mRklUM2ExeExWRzNpXzV0N3ROTW5vRlp1MFJoMFl1RndwZF9BNjFHQ3dhS3BYWWo1N2c4RTB1UVZsdEhfQkVTZlJOUk9QTDluWEJzU1lMRV84U2RveVpIc1J5YnhvTUdZcGRRSmF2alZOVERWbjFBU0tYeWU0ZzlSRG5CQl9fSzhxa25U?oc=5","The Express Tribune","Pakistan","1787683071000"
"Iraq may show how US can squeeze Iran's trade partners","https://news.google.com/rss/articles/CBMikAFBVV95cUxONGQxYjlWLV9PUGtoQjNabnVwaHM2NDJUZ1dzX2VPRDAzTnhPSmkxWGgtNVNXTDgyRXRkR0t4VVM5a2xqTThHRGhXc1ZCMDFsME1KTW5lNkttUXQ2czZwbmkwRlItUWVwN0dyWEVUOGpEeVY0RmgzMl9CeHJYekZUdi05M1VxaVh1NW12SHpwWDfSAU5BVV95cUxQTVJQemlxSm4wVC1GUzNhX2ZIcDBaaFZjTUZHcThJanJzMGJXSklpUVVSWEhEUEF5OG1xaHFrTXFReU9XUGo0TWtSTlVVWGc?oc=5","Dawn","Pakistan","1787682201000"
"Clinton: Iran Is Run by Military, Not Clerics","https://news.google.com/rss/articles/CBMinAFBVV95cUxQM0ZYWlgtbWpVZ3MwRjNxaXdZMW9Cd2FXd2NpYXN1ajVPOExSd1lPNGJUX1B3TE9IYUEwYUdIYXBmVTJ5V2h6U1R5cTQzQnktYnMtQmlCVTFmRUE2MUR4dEY0a1lZU0ZRSHJlQm9ueW15QlcwaVZVTGptTGlkVTB3N292SmlmMUVVaVFXcTRLN3kxalFTZGFLMy1SaUPSAaIBQVVfeXFMTVR1S3c3NDJHNWxfVmRaQm5PcFdXYXp4RXpyQzRTTXFIZ2F4dXhjMVhmbGo4a0EtUlM4QlhFLV8zZUEyS005YmhDZ21nSlhXbDZHX1RrUjdQSHRYNlRXSmtleEZESlY0dFNoQ2tiRTlQSnJZNVg3Y2NLdGdiUm1UZnNzZUk2eTlNNUJNbWdZazl3Y1ZuTkZVbEFzaHRaOFptLWhR?oc=5","Al Arabiya","Arab","1787681709000"
"Iran threatens retaliation as Trump tightens economic sanctions","https://news.google.com/rss/articles/CBMiVkFVX3lxTE1GdlZfQnhQOHZBMm1MNlVMSVVjdE9Hc1lsWWp2aV9wcFg3eUhZa21wVUt6SWlzTGx0eG90bFU2WXFRWjBUa01DQlpCY2Z1eVpjd0hiQ0R3?oc=5","Fox News","US","1787684190000"
"Trump claims Strait of Hormuz is de-mined — and being watched by Space Force","https://news.google.com/rss/articles/CBMiswFBVV95cUxQQTZBSHlXVndtampURW9oRDlPcEQxSHE0S1RLdzROeXRqQlUxMTRYNjlJNDBSZ0xuU012ZWl6RWFZclRCUFh1cFVuTWo3SmFQb01LZ1VfRFRJR3poOXlTREJSNmpMWkZuQ1h0aXhDcTNQRnJjVGVNVHk3OGNoNi1JRWhTQmNmMTNUVnM0NkFQT04tUmFGYUlfMlVGTHRXbDFrR2ZIYV9acFRLbWxYYThoSHpQOA?oc=5","New York Post","US","1787684160000"
"Exclusive | Son of Iran’s twisted propaganda chief ‘Screaming Mary’ deploys brazen tactics to stay in America","https://news.google.com/rss/articles/CBMiygFBVV95cUxPODF6VTJNT3VSQS1kZEhxQjhPbHgxTHlTLVBmbEpDMjc1XzA1SGpldW0tTGdKVURUNGJWV1lrUzhVMVhYb2VHTjg3dE54VEwtazBZajViSVJqZHRhS1I3VVVRb2JlU2lldkptV3JQbVoydTBhRGR5MEt0Ty1rWnF2ZHRDQV8zYWdSLVN2ZzdDNFpxMl96d0dWTVNMaW40emhPV21yZGlaTnAzNFlWVWFvZHhXOFdvejQ4U0prOFgtZ2NMX1R6SVhNRDdn?oc=5","New York Post","US","1787683860000"
"The U.S. is escalating its economic war on Iran. Here’s what that means.","https://news.google.com/rss/articles/CBMirgFBVV95cUxPeFhyNjFOLW5mSzZtUWJNYTRoUEFlQjU0MlY2RVQyOXgzREtXdDJERWdNc2xHWUVvajFYb0RtcVRJTENUQ2QtMlB0cGhIWndIanBNVmVTZExUUU5yUTduMmNfNzZRWXFNb093UlJUTVYzYWlud3V1LWhnNlIyVTFKaUx3Z0x4RDlNN0tTNDd2Y3hEanp2Q29KcmhLaElURzRxLUx1aEIxQk9hZ042NGc?oc=5","The Washington Post","US","1787683752000"
"Australia wanted more US missiles. The Iran war may make them harder to get.","https://news.google.com/rss/articles/CBMiwgFBVV95cUxOUVpIcHpqVnQ5SGNTOW80cVRkX2ZyZTJGYW5VUUVLQWdhUEJxckI4TTJ2YV9aTUsweUhPWi13c0dzS1E3ZGlYZE9kQ3N0b1QwbGcxVno2OFozd3lqSFRZaktaM196RzBYLU1Pa0tXSGNrSHM5Zk5tOUdqNUFhSzN1WVgyMmJEbUtzRFpVSVZUajhDUFphTElyMllITVpHLWVnZDV0R0lXRnFScmExLXlvdEkyRUJvWnI1UHRhTE1jWHhMZw?oc=5","Politico","US","1787683560000"
"Can the US 'asphyxiate' Iran without taking on China?","https://news.google.com/rss/articles/CBMikAFBVV95cUxPbHgwYkQ4Q2xqdFNLR1hXcU8wbU9RcEk3LWpDd3hXNWxxcXhxdEMyZTFFdVFXWE1yXzlQWmtyUkQ5Si0tUDRDRk5nVzBUQ0tEM3htNUdEU0xWTzRrUEtVY0tYdUtrWWxUNjF3ZkZHaExWNU5BclczSmhJT19LTURNbHk2WGJXQ1ctRWVBWmh1d1I?oc=5","DW","Europe","1787683695000"
"China to protect its interests in wake of US Iran sanctions","https://news.google.com/rss/articles/CBMiWkFVX3lxTE9RX3NGdkpmb3J4ZmdfYXAtX0lTb2FzY3k1a0VYcXYzZUtlRFBRUUJ6TGJKNzdBay1LS3FrMkdRdmVxeW4zRVE2U0o3dHc1SFRzc2FCdk5wSW9iZw?oc=5","BBC","Global","1787683329000"
"Gabbard, JD Vance, urged caution before Donald Trump launched Iran war","https://news.google.com/rss/articles/CBMiX0FVX3lxTE9uQkE0bUI3Sm81bks3N2lrTndzam9CMUtFM0p2WUU1cWVYS3dTU2lSWEh0bE1kb29sRmd2RzlQVE9LS0lHSXNCb25Ta1N0RFZNTFc4a1RoS1FiSFRabXBR?oc=5","The Jerusalem Post","Israel","1787685837000"
"Britain backs US efforts for diplomatic solution on Iran","https://news.google.com/rss/articles/CBMipAFBVV95cUxPTXF0X0pLbVVHTFVpaGtRVEV2M2xGcVJrX2dNVVdqbGRuYmxyVkt3Z2tpakpLaFBJSWU3c1E5cHpVU3R6OEFrX2czdFlpLWtuejBoNGd0ckoxYjR6V090SWx6dGx5SE44MlNrR01vb0hsaW1tQl9pZDVtQS11Q3Fac2d1WjNMUmh1MVprMUgwY1IzbW5DVUdXQTJsd1J2NGJMeXViUg?oc=5","The Times of Israel","Israel","1787685590000"
"Iran fully determined to counter US economic warfare: President Pezeshkian","https://news.google.com/rss/articles/CBMiqwFBVV95cUxQY2hrckxuSTJJZVFrZk10cGxvWUR3WDhBcXFwYi1NWXBIV2FidER5dW13SU13Sk0zSldxQnFTN0p4T1lsRGJGQjRtanVrRWowczRxYjNycFNTUTNlZERwd0tXcEY4dnNvc2puT25vZ3FpMVNtREQyUGlzQTRBZS13d1dQNmRkM1dsX1RRTElyTnhza2RoWVdGOVhGNVRuQjFKOENrSTVnWVFrQWs?oc=5","Dawn","Pakistan","1787683730000"
"US will also be defeated in economic war, just as in military and political wars: Iran’s Ghalibaf","https://news.google.com/rss/articles/CBMixwFBVV95cUxNRGhUY2lvLU1taXZjdEVOZ0hVaEdwd01iVXBZR3F5czNZV2IxOEt5OV80SjFVZjNhR2pTQmlHdl96ZW9aa3VEeWNWbVB2TUNsS2ZqNTRXUVNsT2JDSU9MTkVBYWZlV01pWTFRR3p0TlcwWDUyYVd5Y2lnVmotNk83eUhsbnhHNmdfQzI3WDNjVlpIMWdzdExBOXYteDlkanVqLW9hdjFaR19kXzBfZFNwMjhQREhNNnpNSG9yVm1uZHhTQTgycGRB?oc=5","Dawn","Pakistan","1787682867000"
"What’s More Than ‘Maximum’? Trump Faces Limits on Iran Sanctions.","https://news.google.com/rss/articles/CBMihwFBVV95cUxQSDBwRTZqeUpOUl9WdktjV3o5dkM1ZnpXbGhMaDVfZTU5OGVYS2xyS001OXJqNUhFbUNfTWlfWXJ4dGVwZzl3emZ4cm9ySFhCOUt2S0ZnYjZCWFE0M094QU81N1gtZmIzenVCcXI2ckI1WDYwLXZGUFJXdDFKSEQyNU1Lb3d6WTQ?oc=5","The New York Times","US","1787685251000"
"Iran, Oman discuss temporary shipping lane through Strait of Hormuz","https://news.google.com/rss/articles/CBMiqwFBVV95cUxObjRTcll2S1lXWWkxcGhOdU5vVFVfVnpad2d4bk5oV0x1Ry1LT1B0T2ZCcXcwRXBXbDJSVl9jN3VJakF3M29OQko2MGR0WE1CZFJrWl9BUldISzFBQVdDOUxreDE4SWpubUcwS05BN2lXRmI1Z3BHY0d3VE5UMW5WZ1pXSjZKOUxqaVNGd1VYNUhLS0tNUm4xMmJxRm1xREZ5YmRlclhqQ1Z4Q2PSAbABQVVfeXFMT2NrREp4YkVlbWhqeFRPbGJhMU1aYlVOR3dsbTc3WG1rd3VaaWVqNGEzYUxaS2RXdXpBY0pqNDlhaG9oMm5vZFZ3WEFLOXk3aDFYZ1poaVhhblNaUjdDX0ZuMGgwNlRHOE5BLUdaQnRGYjYwdElVOEJ1Zm5ZblljOEZnQXBLOHBGRDZmUERIRnZWTFZWQTAtSU5LQWFDaDZIWWo4bHF1ZEpBN094UjllTUo?oc=5","Al Jazeera","Arab","1787687907000"
"U.S. Secret Service aware of Iranian video threat against Barron Trump","https://news.google.com/rss/articles/CBMiwgFBVV95cUxPdkJKLVFhNWZCTm9nbWRDa0FEZklXZzJIa1pDQmF6aFFndlBpVHRMWnBsS2kzaGhjWXd2ZFBfN1A2czRPY2xmZ0lzVm12OHU2dXBWa3lvclpHZENUMFlEN1JMUW9kM3VMbmtnNTRNUmlzY1daSVJ0MjUzV2x2d2ZENS1VdklOZWtON3NRN2ZaRHdmeFR1Q2tDTWJVblFHNEE1YlBHZ3NaRkdPSkRIWWcwT0Rnd094UmNHTWZUVnQyZ1RFZw?oc=5","Reuters","Global","1787687424000"
"Iran, Oman Push Talks for ‘Interim’ Reopening of Hormuz Strait","https://news.google.com/rss/articles/CBMirwFBVV95cUxPbWdvcExZTXluazQtMWpQT01taDk2LTl6MTdIcXl3U1NqTE8yYU9iblI0RTBjTkdJSmMtSGJidjZQR3V2UEJRVDM3eGg5dzdreG03YjRVMEVtTF8xR24zT3RJY05lQmh5ZUozbXQySFNQc3hWNnhhSFE5YnhyQko1dzRfWnlUS25yaW1wclU1cEd5ZWk3bTVZczBfZHNVX1BjSjNTWnhKbmd1aHlKajNr?oc=5","Bloomberg","Global","1787686508000"
"US Secret Service aware of Iranian video threat against Barron Trump","https://news.google.com/rss/articles/CBMitAFBVV95cUxOZWh0Y1ZYZktqbllKMEVGYlNJVjdjYnVzRldaRmhZT2UyZU9DY2U4aDAyMTVPWlBveHUwR3FzM01vSF9Ha2tZdlV3OUUtTVRoVVNyWElldGZhNGRVN2RDb19hVEYxWVNtRk1ocmpzdGNWNjBkcHNwZVN1a1lSb2dEQ0VhbTBrUVVTMTF6clhGbndPMElwVlNsdExMem5pbkw5N3hoTm1NaXBOUmFfS2Zxel9wOXY?oc=5","The Times of Israel","Israel","1787688890000"
"Report: U.S. to Hold Off Iran Strikes Until After U.S. Midterms","https://news.google.com/rss/articles/CBMi-AFBVV95cUxQR0I0eXptYlhYYlp1TDhKS180b095eEtlandiMEtBb05lVDM1WEluZnZWVlF0bzhPSzFGdi1yS0NtM05PVE9rWlFsM2Q2UnZJUVR6RW0ta3BqRjZNSU9jR05ib0lLREI5ZkNmbUlaODBsVkc3LXJXbGVKMXduVlBhbzhtcnFqYW1vOXltNTJuTmxBNEE2S1F4R1J0QVloa3k2a3J4YWNHMU5xMW96bmNHRWdDZFN3eUs2ODZCUDZoeG8yanpwZWJ3NVJCRllMcERyODdVLUtVX2szOWZUd21FTG9vNFQyTF92bW0zZVZFV0FPLXVSWWpIZA?oc=5","Haaretz","Israel","1787688000000"
"‘An Eye for an Eye’ Review: Justice With Blind Spots in Iran","https://news.google.com/rss/articles/CBMirwFBVV95cUxOU1ZrSUlHQUR4TnEzRlRvZi03cTY5UEpWQVJJM0hMOGdSeHpRMnotV0l0SlZ6N1pfa2kwR2dHX3BCbnp3VDFKSF91YWdQYUtSQlVsR2RYY1hpYThzNGVHbVhNcUQ4dVRSNzN3X2hHeHViSlRkd094VnAtMFFrMkhZclB4U2dndFcxdlJMVVVqTkg4eHBaV3JkdUtTMHZTYUdlcHJQeHh1UUdIS2FNUGtv?oc=5","The Wall Street Journal","US","1787691240000"
"Secret Service aware of Iranian video threat targeting Barron Trump, agency says","https://news.google.com/rss/articles/CBMirgFBVV95cUxOSHBLTEVTb2VTanZVcUNLTzkzU3k1YWxMZmVFSjc5cGVON2VrclNSTXluQzFWY3QxYURWa3RRV3d5ZDRDRUFpRWs2M19fUjltVDRmQVRyRFhaeXJqbDQ0M1VoZDFrcTVzN3hHN0JWYVpTaWJzNlM2WDBUNGRoU2xKNDJmdzk1NDFDR1l0X0NRZ0kxS3A2ZWR5bHp3X1VsUmVIOXNPTFQ2MURZX3ZCZXfSAbMBQVVfeXFMUFNOeExxVVl2b2hlQ1dyUkQ1TXpMWWtLY3p0WG8xdnNwVW4xaTJNZlhzbTJxY1o3b25vb0E5Q2ZPcEtJWWtteDV1aENfYlF0WVlZbWU5UVVjNGJNa3BRVm9Wd0ZKSFFNMzFsQU1wTnI5OURFR3hjc1BPb1ZJUl9BemZ4Q2FNTWxSUEZfV09TQWROQktXb2llS2tSRE1qc0FENktTeGpJZlM1RzBfajZHTWU2Smc?oc=5","Fox News","US","1787690062000"
"China warns US of retaliation if it’s affected by Iran sanctions: ‘All necessary measures’","https://news.google.com/rss/articles/CBMiqAFBVV95cUxNV2J2cWQwc1ZDWjN6dk5wYVdEanhMOVVjN2lJU0JublVLQW1Pd2JHSlVCdFRyTEpQX1dGMHFydnZid1RyQ2IwY0ZrRGRQR2hMbGE2WkhNZ1o4X0ctNDN0ZEdidkJ2NXJZRk96VVhHdURsVjM4WW1mTzJGX3hkMDRZeWo2NUVOXzZLVjZ1aktHb1pGRklmYWV0RXNmN2MyVFBDSGoxZjY3eUs?oc=5","New York Post","US","1787688840000"
"‘Purely just up to Iran’: Bessent’s D-Day unlikely to end war, calm energy markets","https://news.google.com/rss/articles/CBMixgFBVV95cUxPUjdSRllVVVJYRnlRWUZheXBNMWZReDY1SHZoZk5pUUtGYXNvUjlaaTVYUlE1bFZfMi1RLWdtdGUwdVFjck54RFctUDd6cmVRTDA0RE0xQUR4ejcxUnNnZlJQUGdfazVZZXJjWTFLZHl1VmFFM3lvcEJZd2JpckJJZVNvbTFXa2oyTTVadFZLWERDUW12c0VLaG54bzRPbjRRUGhVMmpOTmUwcDZSZVdYcm9HelNqOXRCVnYyV0Q1RFZ4UC1HQWc?oc=5","Politico","US","1787688840000"
"Can an ‘Economic D-Day' End the Iran War?","https://news.google.com/rss/articles/CBMitwFBVV95cUxNXzNpNGRDanVEYnFGRkp5VEZsSnU3VGdUdmlaWEdTTG9kb3V6OHI5WE9IREFBbG8wWkNxSFJmeFhTcXNfeFJiWTVEYlIxaE94RjMtM2VQellkZVNsOTlxWThKbnN2OVlaZFNvbWR4Y3BwUzR5N2RFbXNJWWdTVEtWVDB0alZQU1QxNGFMS0FFT2Fxbnd1UHVXb0FRQ0syV2t5OWU4Qk9mN296NjBtcXpwa1hYdDc2ZVE?oc=5","The Wall Street Journal","US","1787688000000"
"New US sanctions signal Trump desperation on Iran, experts say","https://news.google.com/rss/articles/CBMipAFBVV95cUxNcmw2X00tTmczcE5TWV8wWWJ3XzhyTTN4bms0ajdMbHZhQ3ZaSm9USmJQcnlJejVwVzlzNFBKbmJSYmdaYnF0SWp5d1dSSjl4dHN5SlZWUFdsWThyZ0xVU2ZUemlwNkZnZ3NSLWxtbEs4bWw5Q1NKdWNPTHZCYWlIYnFFVGd0Qy1NUDN5RFNxTTNSeS13dUJMb3AzaFRFd0I5Y1NuSdIBqgFBVV95cUxQM3pLMnZfc3ZERTF3akZlbjd0UHo3X1NFOUMyZ0Q2cm5pQ05ZVDZ5ZVUwX3dHUEtSclg1VzEzNFRzcWdUeGJXVklRSUlYbk03QWl6QWVDYjFjRlNLRWYtQ2hqMVA1SlpJNEdXM1B1bjJzTkhQc3hFa1FhOHVhM0VvTHNjSktvcEFUUWtIdzJCcWxIM1V5WkZGWnNIazA5bEVreWdqNmxhend6Zw?oc=5","Al Jazeera","Arab","1787690353000"
"Iranian ambassador to Lebanon has visa extended after refusing expulsion orders","https://news.google.com/rss/articles/CBMiXEFVX3lxTE1GMWhTc0x1YWpfU2toR0ZQZEhJOTZENDFCT1JXTjhvSEVOa2tVTUlEVmFhekhyTHczdGRWZFFvUVhpdURmR3dSaktrMUczNVpyNHpEcU5MQzVqc3k4?oc=5","The Jerusalem Post","Israel","1787690001000"
"Qatari PM discusses Hormuz interim framework with Omani, Iranian FMs over phone","https://news.google.com/rss/articles/CBMifEFVX3lxTE5wX1ZLZjdTWUM0NGMyWmgtMGNXdFd4MnotN25TOGtsQmRvYnBST2NTNlNpU1hDaFRrSTVOV3psR2ZIR3hhUXFPMDJxYzhDUTNIUmh3ZVladFpwaEJpbThTWFFzZURQVDVCd2RNWDRRb3lIbVNkYXpkNUV0V28?oc=5","Xinhua","China","1787691705000"
"Rubio tells allies U.S. shifting from strikes to sanctions on Iran","https://news.google.com/rss/articles/CBMiakFVX3lxTE1ncnpsVHhadTQwc3Z0ZGlDX0RIZ0dOY3U2WWtyYU93TDcycXY2eW9POHFCcEpna0h2Y1MyZlM2MnNkVVpBelB3QVFuUDF6U3NiRlNXNG1NT0d6ZVFpYm95QnBLNnREWDFjYVE?oc=5","Axios","US","1787693540000"
"Tracking Trump: Canada matches U.S. tariffs; Iranian threat against Barron Trump; Kennedy Center revenue drops; and more","https://news.google.com/rss/articles/CBMi_gFBVV95cUxOVDg5ckkySE45UjhLa3BOc0R5NnBGWl82WGIzTjZCdm9zNFVMYjlhcHk0ZC16LWtxSmF5NVdTcnNIcXRRTXdpSEVKYXI0cnYxR29DZE82OG80S3VBYy0zRzJJcjJVWXpNZnVOYmdDektQZkdxMFplcjYtMEVBX0x4MWdTZ1dqYTdTNG5SSUI1ejMtbGlTTVNlWHVoelVGU0Z1VTNpNEFZZnV0elFVTUdJUkZIWHFYdzlzaUo3UklyZDhVRHQ2RmdqbnRjOUNCOUhtN2Zha2J6aGtHSTBfSXdJOHE2WnZpY2t2YWdOQTU1RlhUUGIwUHFpOEdjUGFrdw?oc=5","The Washington Post","US","1787693217000"
"Trump Launches Operation Economic Outcast On Iran","https://news.google.com/rss/articles/CBMikAFBVV95cUxPanB3N0VEQ2Z2MG5Ja3JHSGxmWUUyWVJtb2gtYlhsaVh6NkViV1VpdERaVVNqNmZhSVZ3bWhrWDQ2bjRzSUJXbl9SQVRDUzhRZW1Hem9rUlgzNk1IMWNGVEJlWEhCT29LZ0F4Q2N2ajdNTm1wQ3FWaGNFRF9rQ2dqVGdqWmxKQ0ktbUNJQUFJZ1I?oc=5","Fox News","US","1787692971000"
"Hormuz oil tanker hit in US-protected route — as Iran vows retaliation","https://news.google.com/rss/articles/CBMiqgFBVV95cUxOSFNfTjFIdUF0Q0VyYU5oZXZ1S1RnTEcwRGs3YWhlMGNma3JqTXd5d3p3N3c1MzFNTWZnQ3hpNzJsb0VvZkNvTjlfZ1U2NGJpd0JKNW5PN0VDZlc3ajhpcUlHUnVCdVVZNmVSYlBSMmFpcC1oSzBVVVRLZ05yTTQ2YXgxdFkzZGprSWJiX2VYc093VWM1MHh2S2wyVm5JQ2RDV3d6RjFZV01ZZw?oc=5","New York Post","US","1787692200000"
"Iran details temporary Hormuz arrangement with Oman; vows reopening tied to fulfillment of demands","https://news.google.com/rss/articles/CBMiggFBVV95cUxOVjdZMHZKVTJWN1JSaENsNjVKazFHbkZSenpYaEpuSldvUHVDc2pTM1QxZGlSV1hIWlRtTVpiWFhZWXNJQ2EzdDhWLUs4eEJ6RnNnazI1bEJWVDc0enBnU3E4Z2VSaG84UmI3WnVCODhmLXV0WEREVW9qZXI4bFVOTE9B?oc=5","Press TV","Iran","1787694420000"
"All-Star Panel: Financial Pressure on Tehran & Trump’s Supreme Court Voting Win","https://news.google.com/rss/articles/CBMiswFBVV95cUxOUlRkdV9ZcXE0ZnctU2NZcl9kaVlFeG1sM0QySzhNQlJ2NGd6Nkg1YmxYNDRYUzl6cm5SWi1Gbm9nR3hYckpsZEZQbUE3SGszOFhMdGp0RHFKaDhMVHlSM0Q5YndyTHE1c1RFRkR2QkV2T3NFV21IVmxRODBiUUNjTHJRQ012b2JVb1hxakhQTnhKblFrc09RdFlqRjBKSFNEbGpFQ3duQXdtMHY3a2RYZUMxWQ?oc=5","Fox News","US","1787695227000"
"Oil Extends Declines as Iran, Oman Push Talks to Reopen Hormuz","https://news.google.com/rss/articles/CBMingFBVV95cUxOdmJBTWNiQ3dYenVuN0xheFdVR0lMSElWbDkySEdCc0VBOF9tSjd6SFdHeU1HVkRBMHpaT19lQzBCdWZvR2Y3aGxTcVJpX0I0eGpFaURXV0NFbWdyc1hKdDlDcVRjRVg0bGtXXzV0T2lhVTlORGkxWmloemhTOUhiNWtNSGxoLUVyaHo0QXhRQlN3Zi1VWFJuekdmb2hYQQ?oc=5","Bloomberg","Global","1787695581000"
"Oil prices fall for second day as US shifts from Iran strikes to sanctions","https://news.google.com/rss/articles/CBMijwFBVV95cUxNUGx4UkRFc3dtTWxHOEtmRlRFM2NObFY0Z19GaDZxZXdTa2I4Z1EzYkllUTVyMV84YlJSNi1sVDBGUm1yVS15VndfcGlCbkk2dTN3SFgtU1ZLbVptSkJSRFlIcHV0ekU0N2dweUxCNGNZV1FLYm1TX0t5dWtLNnlHQnVlYUJOYXcyOUJJZExRWQ?oc=5","France 24","Europe","1787695075000"
"FirstFT: China warns US it could retaliate over Iran sanctions","https://news.google.com/rss/articles/CBMihAFBVV95cUxOMTVRZjJyeXlqWmtSSm1zRkVQZ21KczRGaW82c1Z0SE1FZC1IT00wQ2ZUOUdZOTBucjVFdVR1bXUyMkt4RENGMjVybHlyTHFMM20yNzRleDVSMVNTbGVXZnplUGRXbVNuQ3ZLNGFteDAweGJqbm5vRnB0a3dWV1VNeHlOam0?oc=5","Financial Times","Global","1787694495000"
"Hormuz crisis triggers oil reserves plan","https://news.google.com/rss/articles/CBMigwFBVV95cUxOOG1uSnNvbk1LXzlwSlVCTjlWODFabldQWGswZVpqTTQ4a2xSRFdRaXh0M1NtNEJoVmxzeWduRC1KeURwNGkwT1dlNlBNQmRwdlFBNkk1a3hubnhKa1pvWUdiU3duU2RKUEpORUtCNkFidHVTZG5LZ253cUxEUmFEcEZZQdIBiwFBVV95cUxOdEowUHFMTVhNdHNxakNlYjU3ZVZ6MzhCQjRTUVlXbng2bnU1MFNQclEzeUU0MDAtV2hMR19vNmVJZ1JJQ0J6RXBmOWFSNGFLZDJxSzBiQzB6bWFyNHg1aGJiQTZockNDVHpGT05weEwyZkpqTGp1T1Joczl1VUkzRW1nMk5vZ1VhSHl3?oc=5","The Express Tribune","Pakistan","1787696363000"
"Iran and Oman discuss temporary Hormuz corridor as impasse with US drags on","https://news.google.com/rss/articles/CBMiswFBVV95cUxNSlNYeEdXSk9RSTdWVnZwNWVQQzdPMDRqZmpxbW5rYlN6emhXUDZWbHhPTjRaUU1LejhXZnpPNUg4dlMxbER4WE9vQnhDN2ZLUHFzUHN5czhKc245Ny1xMFR5Q0U5VzQtYWVXNnlBaTJDYU5RcklwVmlEZWxGd0ljSlFPcjAwTkRWMVNnRFUtNFljYmhaZEc2QjJjZEZDZDhPdW9WNUVwUmZMQU5DbzAxQkNudw?oc=5","Reuters","Global","1787696539000"
"US oil prices extend losses on hopes of Iran-Oman talks on Strait of Hormuz","https://news.google.com/rss/articles/CBMiugFBVV95cUxNWGpaTWZvaVNwRmNHZEJSYm5oVkZEanpaNEMyLXlEQUZWM0dDSVVycmxLdlJXUXg0MVlCVTN4SUptQ3pqUWg1dlVYV1k3aTgwWlhYMTZHcURfcEZZR1BydDNIVVBQbXhkendYWnRzbWJSbWVndmpyYnljV3ZpVlE3X2dmNmxPMjYyMWJQQ1VCUWs1RmR1UWdIY1ZGTXRiNzlKbmN1WGtBX2Y3TG5LUDBfVW1Ud0ZkVWhMbWc?oc=5","Reuters","Global","1787699178000"
"How conflict between Washington, Tehran is changing","https://news.google.com/rss/articles/CBMiakFVX3lxTE9fRXU5ajA2dzhMaldpX1VPeEVfTTBhRzM2T0oyanl5NzRUNVlQQTVFbG5vSzgxWmM3SThsM3FwOGpnVUt2UmtEUm0taGxraURNaDZOWDFNM1JWYVNWUzdHc3E4Nmg1TEFWY3c?oc=5","The Jerusalem Post","Israel","1787699517000"
"Iran, Oman reach agreement to temporarily reopen Strait of Hormuz as negotiations continue","https://news.google.com/rss/articles/CBMiqgFBVV95cUxQRm52LTRuMnYxSkxsTmhHaEtfYWRXQXRULWlvRHQ3MENUQzFVQUQzTDZPVS1PVFNkNjRPNGM4ZWtMc2hxd0dNUzZDSjg4TUpycGlXZmNkNVV5NndLZXcyemVUbVgybXM3b0owMW9WNUx2Q0h3Rkt0MGxzNEhNZ2sxLVdEUlB1NGFzRTN0TENlOENfSGEzTS1LV05OR3BHRW9sS19PT3htcjhHZw?oc=5","New York Post","US","1787700300000"
"US and Iran clash over Strait of Hormuz control as economic pressure mounts","https://news.google.com/rss/articles/CBMiVkFVX3lxTE1KRG5GaVVJWThWbmpVOUxpU2gwM01XNkowUXVSRmhUdlAwcVhzVjRybTBNNFZPTlU5ZHJmSHhyWXF1aUhUUGIxQnBVcGxrc21UWTdleUFn?oc=5","Fox News","US","1787699381000"