headline,link,source,region,published_at
"Trump says no damage done to U.S. destroyers, urges Iran to sign deal fast","https://news.google.com/rss/articles/CBMifEFVX3lxTE1pVE1Jd25pM1lmS3B5MG5mVVRzNzEyM2RmRFVtekVWRWFZRlNuVlBvNnJqSXpNWk55ck9OOWxwUnpfcXZkU0xhVlAtUGZ1aXlvN3BEQVVLUFBjbXVLRVhHM250R1hkajAzRTVRdzhkNFV2NmdFQWVIUllxSUw?oc=5","Xinhua","China","1778198220000"
"US waits for Iran's response on peace proposal","https://news.google.com/rss/articles/CBMiVkFVX3lxTFA3M2kzU3UxREIyRDBlRjBwYmluUWxwY2pRRERqZ3RUQzVWV0Q4dGplbHNhSjNMM0ZRYnpCMkJESmdaX2pLRlBnMHZ4ZEhWUTlqMHR1VVBn?oc=5","Fox News","US","1778198125000"
"Trump downplays US-Iran attacks as ‘love tap’ — insists cease-fire is still holding","https://news.google.com/rss/articles/CBMivgFBVV95cUxNU2pDRUlqTS1ObEExdmMydnBlYWU2V01QVWkxN0l5Y3pValRVRDhib2JpRjd3WmQtNXVUWHdSYS02bnFfak1iUkJfTjlnVjJrMTVSUmE2d0t0NTFnaFN0UFlCYm5XLUlYSlRkM1ZlQ0k0eDRDODJjTmpQMnFiR2p6a2hEa0s3RzQ1aVB3WTdxa1lFcE9pLS15cGZUclZnX0NELXVDbzdsMUY1a2Y1M0ZwNWpLUFdCZ0x1SHpJM1dR?oc=5","New York Post","US","1778197860000"
"Gold Rises on Signs of Ongoing U.S.-Iran Tensions","https://news.google.com/rss/articles/CBMiqAFBVV95cUxPcFI1UWc2UmhmcklMR0k5eXlHaHVOZ0huVW1UdVFOUlJmQlNIVTF3Qy1ENnZrU3A0XzNwLUFOMGlZbjFBZlEwYlhQTzVlZVhDc3ZYSHVWQ2t4NXBCMUdzcEt4cXAzTmZLdU5KS0JETlgxNnZtZEx3amFNZ1VldG1FdWxYNTlpZElKSEpGVFgtSm9ZM2lNa0tvU0huNHl0ajg4b1pnbC1fdVk?oc=5","The Wall Street Journal","US","1778197680000"
"US Fires at Iranian Target, Trump Says Ceasefire Intact, More","https://news.google.com/rss/articles/CBMiqwFBVV95cUxQUFJnaHZwLTlHT2VlQVViWGRRVEpGZVZGV2dHdDYtaW9RcXRlQVlZM1ZRYWNOWC1BVmMtbWY5MWZzemVxWVVkRDZRRFAzazJJeE5pbWZKUUx5azkyZFotSVRQc2FjWHF0eG9KdTNnaUVaaTZMa3Jhb2Jza2xkT09sM0tETzJ0aWtKd2hNTWJOZS1aVndXbV9vLWxWWkdNeTRYbkZXak1zQVdobUk?oc=5","Bloomberg","Global","1778197571000"
"U.S. and Iran Exchange Fire, but Trump Says Cease-fire Still in Effect","https://news.google.com/rss/articles/CBMilwJBVV95cUxQMldIWFpSSE5YdDV2R0I1LUpoTzA0aFJIS3pMNTVSRVQxcEZRaUN2ZXZobGJFRjExOW03SXdsajFGdEVrMzVqMWFIZFcxaHphaWl2aWhObEtMUS02SVRrNXlMcHhvZ2RVTU9oZGFwQjc3dndtMHE2Q1hHUXdSOW1zazlYWmVUaFB5RDd6YzZGWkNkWUVBQ21Wa3FuZWhxVE83QjNtLS1fS25TZzVHdU1Ta0RiNXNYUG9ZYllSNm5FdS1NY2RONUtoeXZSTWwtM3RWRlpLN3NGb1lPVGVObzRNc0l1WGkxVUJ3dXQzeDFJLWhTVW9LaVI4SE1XcVlZWlNTVkoxa3dEd2NUcUMyTFU0UVFyeFEtQnc?oc=5","Haaretz","Israel","1778197320000"
"President Trump Says Deal With Iran Is Close","https://news.google.com/rss/articles/CBMiigFBVV95cUxQLU1MU1VoXzdrdnRMRHUzNU9YcmRKaWxiLVI0dEUwWlN4OFpRZS1vT210REJqeGJYLW1LUUdfQzdOUnR2TTRZNlY4d3RPb0doMmNDUjV2ckNxMVNPNkV3eC1HbWdLYjI2bjJnZU81ckh0YTBsaTFERTJCSExnSkc3WmVrcmlwV1VJMFE?oc=5","Fox News","US","1778197204000"
"CENTCOM reports US strikes in Iran were in self-defense","https://news.google.com/rss/articles/CBMiVkFVX3lxTE00QXhsTmFTdDlmSVVaX2tvaDJKNEFwMGRZU1RVY1RUUnNmd3JRUzI0alFuVXpKaEwzN3NZOWFkOFhIVl90SUxsQzRTMnBLczVOdnZFeEp3?oc=5","Fox News","US","1778197094000"
"US says it struck targets in Iran after attack on warships - DW.com","https://news.google.com/rss/articles/CBMivwFBVV95cUxPZUJuMVdCM2NlSS1MbWFNX1FKMEFuWmhGRzBlUURscDdJR3pjX0d2eVZOZ00zWkVXMVg5aERqbzhFSHhhR1I3MnJMZ05hekpfSjdpakdXZ2MyLW5wdkdqTUJOQUo1VVFDTHkzaU1Sa3pzbEdIdXZGcGMwalpjTlFobjVDQ21hWXhPODBtY3RqRjRTbzlLUThVRno5RndLT1h6SXdTbzNPcUlXWFJuY0NEbDc0VzExclU0Wi1TbkVJUQ?oc=5","DW","Europe","1778196953000"
"Iran ceasefire on the brink as US strikes the Strait of Hormuz","https://news.google.com/rss/articles/CBMiogFBVV95cUxOcGdSNWhNX1ktQjZHYW5HWFhsN0hkUUFaY0xxVTh5ckFOeExOS214X0o2cWpNbWRLV1FiQmh5eW1jUm5FNlBmT3Jrb0pQZk9iR2V1SDg5WEtlUDdzV2wwVjFESFpPc0oxYW4yUE0xandiQWVLRlg0S29LUEFKUGQxQjNHY1dNc25jWFI4OTlCVVh2bEs4czRZalowRWhnNXlWWFE?oc=5","The Telegraph","UK","1778196060000"
"US Fires at Iranian Targets, Awaits Iran to Respond to Plan, More","https://news.google.com/rss/articles/CBMipgFBVV95cUxPNFFERjUwUnJobC1aSE5EekEzeThNYlJnVUEzbV9sTVczbWJRa29iOUtIdzFxbEV0S1dZMXY2Sk5wN0U0czE1eS1GM2ltY0FFWnljT256dy0xM19RN3pCZzc0UExPQjVsMHduNXNWdkN5ZWJJa09kLVhJSUozRFJwVUk3ZVpPV2hVcWlfNDNobllBZWNmazZGOVBHQjQ1Q1hVSmRTaGpR?oc=5","Bloomberg","Global","1778195522000"
"US and Iran launch attacks amid tenuous ceasefire","https://news.google.com/rss/articles/CBMiiwFBVV95cUxQaHpWRTFiSk1ibzVzYldxajQya1k0MHRmWmJyb0djYkFmanotOU52cWZnUHR1OF80N1RzZW9zOWRoRzJPTEZFbWVWa0hJZVBlRkl1VEdUQk9fVTI5b2dFQnQ0Ti12Sm42QmR2dmJpX3F2QTV3T2QzRGQzNk5oV242VUYwRHJwX0R5VzVz?oc=5","Politico","US","1778195405000"
"U.S. Strikes Iranian Targets; Iran Says It Returned Fire","https://news.google.com/rss/articles/CBMijwFBVV95cUxQUXFtNzU3dkp0MWhLdnN3V2ZlTmJpa29QSUc0UjBZZ21CcmRqS0JyWFBUZkxMRlctejVPMlB3a0RabUVjNmlzcGJrRW9xZjlvX2daNFVIMlRWSnhXVGZQYXhUUmRTcGhhWm9WUzFRMXIzQ3JBQ1hFX3dvbU1IUkZQaVpSQXRJcVVERXdhX2FrRQ?oc=5","The New York Times","US","1778195126000"
"US says it struck targets in Iran after attack on warships","https://news.google.com/rss/articles/CBMimgFBVV95cUxQZjNSYU1CR1VyVFEtVmlnNWlMMXp2WkRJQzV0bkNmajhqUzJZUXJVaW9xaGhWVmMyTUxveUJ1WjRXTHBQZC1zQV9VanBYcHo1MkJIdUkxNEduLVh2X3ZOWTB4eWhuXzFCZjhSazhFNl9ZZUpnRGF0QURmN2NMU1RRRWJHaFBqNGFBNE92MEtvaDY1UmVGOWNNdkx3?oc=5","DW","Europe","1778194901000"
"Iran ceasefire on the brink as US strikes the Straight of Hormuz","https://news.google.com/rss/articles/CBMipAFBVV95cUxQYXNvVWJ6UnFGMTQ0X1VnMGZ4UVBtT29UY2RFeXdsVWhTcTdjY0FZV2xmbjhIZlBKT09SV2xJQ1ZWMVBhWmhoX212b19sSERSaHAyQk4wOHhrc0JnbFNHeHplTV9DYnp5V1ZydElUejJsdFM2N2F3QzQtZ1JSTG55TjcyVUFzNUI1YXEySG9aaXREMEVHQkN2dU84a0hldFRGV0oweQ?oc=5","The Telegraph","UK","1778194740000"
"Trump: ‘Great damage’ done to Iranian attackers after US ships face fire; says truce ‘in effect’","https://news.google.com/rss/articles/CBMi0gFBVV95cUxOZjgzbTB4Ul9QNEFmYUFCODVuWnF6elhKNFlFS1BPblNIcTZpRlUtNzJEV3c1ekN2UEl0dTZRV0J6Zzg3S3B1UEdDMm9RTXBYazVTcHlPMHdZSTJVR3UzbXQwdDhFN3N3cTI0Ni1XUDZMYW9RUENZb2ZhQmZsOTJnaWlJbUtTd3FEMWdpdENxWnpxRFBUTHpFZ29zQ0NCcjltWDlUaWdzOEdLWV9vTHlPQ3Q5WlVncm1ieEJ1ZFoxdktyOVgxVWdBbElhNFVhbGNXYUE?oc=5","The Times of Israel","Israel","1778194740000"
"US military says it intercepted Iranian attacks in Strait of Hormuz","https://news.google.com/rss/articles/CBMikgFBVV95cUxNeFpXZU01a2dlREZMbXpYcFRxLVlDTUxFQnU4U1BkTEhBTmE2ekk2Z1NobTFfQlJjS25vWDlJWUU4UmVacTVnOGRQdzZaYVpjYk40REhDZ3VOdHUzZUZTUEZZYUVUeXZWeWY3aEc3V0NOYTJVUnBsdlFNbVEtOUktZDA4RkR0RmRic3FBVzdKb0N0dw?oc=5","The Independent","UK","1778194500000"
"U.S. forces target Iranian military facilities: CENTCOM","https://news.google.com/rss/articles/CBMijgFBVV95cUxNSm5DdmZpRnhWMWFNRW4xcmRrc1k5Nl9BdzFOOFlwYmg3bFF2bU1QbWxqNnU2N0ZEY1NfTllZZU51Rmtrd0ZCY1RRTElsZTNJdUlBZ05obkN2bUFvRHg2VHdlRklMMGVueU50cS1ZZGJ1eHpXd0VsMkdsb3pycmNyVlNKYkg4Y3hVbnNLNVFR?oc=5","Xinhua","China","1778194395000"
"The Blogs: Israel Must Strip Iranian Spies of Citizenship","https://news.google.com/rss/articles/CBMihgFBVV95cUxOZm01c3ZKWnFjUWhvOHUzVHVvZndRaDNHRk9LdHUxV0h4QU1TYlE1b0I3ZE9yMDhIZF8ybHFFUWEzMlJuOTRQeEphLWc2bzlkYVlNS1pCTjhja3IyaHNBWHhPWUtLck12M0dGR3gxbjZDWUdCa0J3SDdvRWpUSEV6WC1uSTZjdw?oc=5","The Times of Israel","Israel","1778194080000"
"Trump says 'great damage' done to Iranian attackers after US Navy destroyers came under fire","https://news.google.com/rss/articles/CBMiugFBVV95cUxNVlJfWDQzY2NaSHU5WGpJVHB0ZDNPYXVlZHIyWGRJSGR1Q080QXR2Tm1UdHhmMVRzYUs0aC0tZDRZdVlQOXZkRFRGb25pMjMzUTFBRWpYN1AzeVNYOTRoWGZqVGx2QUdOdDBfa0prMDZTS2NrbFhjQnYzeTVlaWZpWnZweGhuWURBQjJLN1hZWkVKRkRhOThiMUQ3T2VxNG0xMXQ1amN1V21QeVBYY2g5R1Z2MlN1SEMzTkE?oc=5","Reuters","Global","1778194063000"
"Gold Steadies as US-Iran Clashes Dim Truce Prospects in Mideast","https://news.google.com/rss/articles/CBMitAFBVV95cUxNaTgzUE15UHNSNFFaY3VVOFFEZnhpcjNSYnpwVUVZUnlmekJXU0J3a3FxWTJXcFl3cC1DRERuc2xhdU51MG1EUWpCejhvWXctUFFBNnZPZFp6eWc0TzhGbDBmZ2NwN3pEVGFyT09KS3dITkE3eXY0Rk5mTVFHMHVITzN3dzFnT3JSM0I4LW9PSEc0Q0FsVW1WRXZvR1pfdklnZlBTNjNmbHNPdWhfYTh5RFpXSkU?oc=5","Bloomberg","Global","1778193866000"
"Iran War Shockwaves Spread Across US Economy","https://news.google.com/rss/articles/CBMitgFBVV95cUxPdm0zSEEtbW9jQ1hQd1dEbmNhYnJhdllieFpkWEJNNkNkT01Nd2FXeEVFc2NsTVlHbXhobzNzS21mLVRtYjVlTlQ2OXZsYVY2cFdKY1JqMW55Nkp0M1JDeUZuZTRDbjQ5bW5FaHJnSll5RzhvUDBYR0x3SklmdWxLUXhzYlI4cnBuck9uQTh1VGtOay11OTVHdU44UDZ6c21MQm8zem1qdmd1NUV3eUZuT3dFNWtLQQ?oc=5","Bloomberg","Global","1778193555000"
"Iran accuses US of violating ceasefire by targeting civilian areas and ships on strait of Hormuz","https://news.google.com/rss/articles/CBMi2gFBVV95cUxOeEpDazMxZGY1NG9JSkpSNE1hWXFjYTdTWUk3ejBDd2NWLThmQUtaZjlyOEZBdzVsUWhCUVZ1bkhiNkRiSk5tOG9fZGFmSHlqSEZQazFhcGFPNHNkMjd4V1lFaGp6cmZkaElXQmZYa3Jzb2M4aXZ6aXVJa2xjNERZWWxKRjQyN3Z4Vlo4Y2xMZkl5aHRFYTNtdk9jbjVvcjFFcTdONmxONTFVM3RLOHl0M3FHQ2x3NXpuTi1VRVB5NnphQUl2NlNsMElfUW5QYjJIZUZtT0VrcmlGdw?oc=5","The Guardian","UK","1778193480000"
"US Says It Fired on Iranian Targets, Oil Climbs on Tensions, More","https://news.google.com/rss/articles/CBMioAFBVV95cUxOeVRwYVhtWHNQckdJSU5TNlN1dzVvSXdRVmNxRm12c2FnQ0N1Z0VGeFhOWTlERmxxN0lxRUxPZW5WTC1SaTlUVFgwSTY2eGVwSl9qOTNyTmlMQ2FwZjVoY2hEb284RDhWWTcwTC0wbm45Z2VJVVNjdnM4MGJaazJrRXB1YVR0bExvZFdFWHJJdDF5eGRBVHI3QlJMVmdvSWF3?oc=5","Bloomberg","Global","1778193067000"
"U.S. and Iran Trade Strikes as Tensions in Strait of Hormuz Rise","https://news.google.com/rss/articles/CBMijgFBVV95cUxNRmNfQ2pZTXZYNlhYMUtPX0Q0bm12NWp6TXg3UkN4TjFBd3JTaE85NzIyYklRRnlzajFGRGJ2MjJGTnBmTURBV1MweEhSaC1uc29JUW1oVFp1NXpWck9JZHQxZXdRc2NwWUhWcjJReHNoLW1uYXRHME83bTRRTWJWZ1hBX0lGQWIzYkdzbGJn?oc=5","The New York Times","US","1778192991000"
"US oil prices jump on US-Iran hostilities","https://news.google.com/rss/articles/CBMilAFBVV95cUxPb1ZZWVlWYlVTaXhlS2ZkTnQ0UUhrNGpVbTRVeHhMRGpkNmRSMTdySFdQWTZBT3VIa1d4VXRqZ3hXZklsX0V1MkxOSmN3LW9GUnV6UFFySXE5YnhXTmpiM3FQUTFlQ2ZmNkFvVG95ckZnX29oZVlRdnNxaElDWG1YeTlzczR1UkhxR1RXcWhqdzdQdDQx?oc=5","Reuters","Global","1778192719000"
"Urgent: U.S. forces hit Iranian targets: report","https://news.google.com/rss/articles/CBMifEFVX3lxTE1rdURLZGJERmxqM2ZCcGRtUjZFanZvakV4RlN2N3dDa0xsOWpoWS1vRndqTEJSQUZmYzVDdXl3azhYMkpjamtvM19KTmNRcEdDaEkzazBEcEw1YTZEc0tfSVpZU01TTS1JbExwNllNa0lMc3R0bDlnYk51Y2k?oc=5","Xinhua","China","1778192520000"
"US destroyers flee Strait of Hormuz after massive Iranian missile and drone barrage: IRGC Navy","https://news.google.com/rss/articles/CBMixwFBVV95cUxQMVYxR0tpWFFfQmQzcDFNa0RHUUR4RXpkbkNLYm9xZDZPVzhISU01Uy16WHE2WEMxdGV3WGJyblI0M0p4bG1PVUVMeEtjazE3cUtHcVNHLUw1a2dMX2FfRnQwNmlxMWpqWjNFOVVObG13MUJlYWluYUtFVEluS25ZbC1veHlKUkp2VWNVWVVDRE9KUDVGdFZUZ1NpOTV1aFVucjJLOExWRUtHT2swM0RVZWtIcWk4MUtCcDAyc2FBNzBvNENmSkZr?oc=5","Press TV","Iran","1778192460000"
"Videos show interceptions over the skies of Tehran","https://news.google.com/rss/articles/CBMiogFBVV95cUxNRGJlYVhqY2dUcndjeUhEQ1g4M18tV090MUFPcUllb3VST2pGejJqdGc1U3Y3ZjkwQktVYmkxLUQyQXdMdnh1bkZQbktIRE9Tc0ZLc1Y5dGFDOTlIalpzSGVhcXd5ODRZUlVNTmgtRnh4c0lkekowZ2w5UjlVVzRIRkx6dVFNdHpqMVAtWFpxU1FjNndRTE9iaVZxLTl1X3gxMmfSAacBQVVfeXFMTXhHa1VFT2N0c3hQTmJrSERrU1ZiQ1VaYWpyRWlXUzNLNTZtak5kVUVhSG5GU0tCVW5rTi1MRnUyWHc1Sk1OSHlWV3hHUVo5S0EzSlNtNEJ2ODgtVktrUlYzTEI4QjZHZkljT2xqVkNheG9BWjNLbFBxODJCT19raHlfUmkyZGEySkZpRGxYQXV6aEwzSi1KbEJMVTQ3djgxYnQyWHFQZ3c?oc=5","Al Jazeera","Arab","1778192459000"
"US strikes Iran after 'unprovoked attacks' in Strait of Hormuz","https://news.google.com/rss/articles/CBMisgFBVV95cUxOcDdvb1VMMkdYRDZxbUFNOUt3TU14ZlRTVDc0T3hCTWhVV2Y3WnltTzRPNWdveldkaVBXZVN3Q1pFSVE0dXpJal9KN29zNnY2UGEwWHVfZ2xzWFp6QTNUdlVvWnRTbXhDRkhHZzhnOXdLR3RSSnhYTmw4MDRKWUdZRm9YQmJRRWtUX0xIMEZkbGNqSFlnOGRPdVR5RGROeW9VaTZ3RTI5T2dZYllQLVRWUERB?oc=5","The National","Arab","1778192410000"
"US says it struck Iran after attack on American warships","https://news.google.com/rss/articles/CBMiygFBVV95cUxPWk9nZWNINmU1OUhLZzdJNjZJb0lza3JadC1UaUNBbTBxWXQ5WTNpbGtYbjlCWVQwc3dLazNSS1BfanBWTVdadTlYa281ZHdOcnFGUHZ4a1J6X3ZOdF9SSXlGY1VSbkVoUnZ0VW82S3Q2ZWdXN2o4RjNFWlQ2V3hYYUlLYTZrZE1nM3NwMXU3RTJDbFk4Vzl2R0ZuaUVHVmdqUnZPamptSG5tdUlPay1TLU9IdThWY0FJRTlCT2hNakNaVV9nSnc4Rkt3?oc=5","Le Monde","Europe","1778192171000"
"US targets Iraq oil official and militias with sanctions for aiding Iran","https://news.google.com/rss/articles/CBMiX0FVX3lxTE5leFh1eFFPamJMZ2FXdi0teV80VzFCbWpTek5xM0xBaVE5RGl0amw0VzJNeHlOV1A1Z0E4N3ZyUlZtRGJDOFRrVDkycEhuamhmWWhadllPN00zZjY0Mk1Z?oc=5","The Jerusalem Post","Israel","1778192102000"
"U.S. launches strikes on Iran after attacks on warships, military says","https://news.google.com/rss/articles/CBMijwFBVV95cUxOb2FzdEttbVlOSzFNc3NMM2xsX1N3bTR2WndUQlJrRElaU0N0NWV6a3lPV1o5MHQxTWRTTUxaOHhmZHFlNXQxWkFiX2ZwTGpaVVNJaXRWWVdJOEw3aEhiazJ5c3pIUUFFeHd2aEZXOTBmbmU5R3JzN1JkeVIyMEhZblN4WnBhdlUyZVo0a1NQSQ?oc=5","The Washington Post","US","1778191736000"
"World awaits Iran response to peace deal","https://news.google.com/rss/articles/CBMigwFBVV95cUxORTB4LV82QXJRV2g1a3g0em9qRDNtX085alo2T0I4eFJwaXp4NVA4d0UxVEE5TzlXV0x5RDBVTllheGl5WE9Edkd1blA4Q2I5ZVlDOFFjU1hveEx3cFA3MzJFWm5seUZHNlRlTk1hakVybHJzVkJES3plUllwMEtlV2RpRdIBiwFBVV95cUxPOGFVWEk4M3ZDQ3hJaXVlc1J6T2JITjI3TlNRSFVYV1dsMERVTGQ5aUtLYjk1bld4NEFRX2t3RlBMZ0ZYSmk4Y1lxM0NQYkVnN1NfMzNQY1FPSjBBeS1WQUMwS05SNGJOSHdFT3lIby1tSWNfLTJUZmNhenFFemozRW96ZE9hMHhZODhF?oc=5","The Express Tribune","Pakistan","1778191727000"
"US launches ‘self-defense’ strikes in Iran after Navy destroyers targeted, American official insists cease-fire still stands: report","https://news.google.com/rss/articles/CBMi-wFBVV95cUxOQ25LdE9HVXAybndFMV9lRW9mN2t6blpyX0EydHd2UHlNdTc5NlRaQ05lRFBjMjIwaFgxOGNiUnpVSDIwWXVYSkRidm0tQVVyRUVndnhINWszMUlvcFNBMlZKOUNQTWVseHp4RDh3eElTUDJva3IxMFNhdjBSSG9TLV9yTHBCaWRNOHRYT2MwU25JMnIwMXFmbjR4TDRhNmdjN2VrZDA4dWoxMVhRM1VmWlpXZ0VvWlVvYk9ZVTJyOUpkcy1KSG9maHBURWh0WEZNaEt5djZhV010ZmY4bzh5TkY5X241RWdZN1h0aHBMM2dJeTVaWTdlSFIzUQ?oc=5","New York Post","US","1778191560000"
"US Stock Futures Fall, Oil Climbs on Iran Tensions: Markets Wrap","https://news.google.com/rss/articles/CBMiswFBVV95cUxQQm1jbm5YUTdweUFjLXVGRHlKOGtYMXAtTDJDejd2VXBZUXQ4TjhmbTVxMFo3Sm0xanhGMWdVMGNkVzBvVjFQUm1ZMU5RMWlvQjlENUViVTcySGtIM2NKVk84VUc0bkRWTDFPdWVVWWY2NGJUV0JoMmliZFZBRWp2b05ZMTZhTUlsQXVyRU1FbmplakQydUhuOGg4UFNXOUxnd0dBOTNqZDNmak92MWxram1naw?oc=5","Bloomberg","Global","1778191559000"
"May 7: Iran swiftly responds to new US adventurism in Strait of Hormuz, reasserts dominance","https://news.google.com/rss/articles/CBMiyAFBVV95cUxPTUMwVkRuQm5qa3pVOHlPUlI3OEswYnZWdVZyX19CVHZzbDlZb3RJdnB6X2NhLUF4TGI2aWhYS2o0MDdrVXlBekI0c2lDekJVcklsSXVlVFpiS3VzWVlTVHBzVmZpRkhLQVU0d3oyOFp5SVJhRWVnNEJOVDVCUG9zVkxyb3JTeWQ5cWpscUFlZUNfR1ZwWVNRc2NkR1JkdVJkb1RpWVRLemI3R1d0UmcybUJVZ0J1aVdibGZZckRyZ1BJb3pnSnM1Zw?oc=5","Press TV","Iran","1778191500000"
"A propos - Strait of Hormuz: What role for France?","https://news.google.com/rss/articles/CBMilwFBVV95cUxNb1hSTUpPX3NGME9VcElOSl84empmZWFkV3h4WVI5eWFFYnI1SXg1djdtcEFoR2FMNEtmQTF2eWhqcGM5bFlwVzJaUVR3MWJMcTcxYVRMVjBYS2d5RENCdVYyMllRUmgtdHJGek9hVThGUmREcjBfYmpOVThIVGk4NjBXOTlGenBGMTN2N0xySHhVZG85YmlF?oc=5","France 24","Europe","1778191380000"
"Oil Jumps Following Fresh Clashes Between US and Iranian Forces","https://news.google.com/rss/articles/CBMinAFBVV95cUxPdFZJUk1GMjFVaXVoT3RVeE9ObkdKek9ocHE1RFlUMmowbl9mX3dlcnoxb1RwSGZYc1Y3WEFfNWVDbTZaa09icnc4d1JENlhRMk1tN1BYcGRFd0s0Q1JEQmdtUmw0Vm5ZSDlOenhxekh6SnQ1OFdNLXBxRjZvNDFkZE9PcU1BdFhsT1FxczA0M2F5MGVSUTJCMXg2SVo?oc=5","Bloomberg","Global","1778191311000"
"US-Iran Diplomatic Efforts, CO Firebomber Sentenced, Sun Lounger Lawsuit and more","https://news.google.com/rss/articles/CBMikwFBVV95cUxOaC1zVnUwbG5xYjFOSVBlWEpOajRSRlpZZjlHR0w2WXVudFJsVFA5YWtGMlVxMjB1TEx5eDF1VGhONVlnVHFhamFEcl9TekU5WDFqTFlVYlNpZ21DazJ3NWR6ODBUdXhmb0JBemkwZVJCRnNCUmtveTZjSlRwbllVT1Y3ZVZxTVhhNXdjWVhMSDNZelk?oc=5","CNN","US","1778191262000"
"The Latest: US military says it intercepted Iranian attacks on 3 Navy ships in Strait of Hormuz","https://news.google.com/rss/articles/CBMi1wFBVV95cUxORFZJRkpiR0NMc1VScU4tenBGNjZBRjFDS3VmQ0QySk9mTi1YNnZIYzhWVUZQTTFsWmFuUmd1YlhPaW10b1BjOUEzN3BjQl92NnA4dXVXSVNZTGEzWW9WTHpKbnFHNy1XaGdsZ0ZWc3lRT1ZKLURZalVzclpEeld5MVNuMEN5M3NSMFlWcFU1OE1ZRS03djlSOGZTRGhqZjNsOEJzVGRaMmhOUzhJNmFIcG9Mb0JPWjMwcmd4eVlhRXcxSHgzR2ZlMGtIa0RxQ0ZUQl9UYXVVQQ?oc=5","The Independent","UK","1778191260000"
"F.B.I. Says Austin Bar Shooter Was Driven by Personal Grievances Related to Iran War","https://news.google.com/rss/articles/CBMilwFBVV95cUxNc2VBSUoxUktxVnRtZlI0Z1prNUtnYWttYWRTNGFzaVkyb2U4UUlHaGxfNTJjY282NC11eTZhU1dTUm85S1lZS05LZ3E2ZFR5MUVmM2ItN1dsRno4THMwMzJMOTh4UDRZa3MwWFBjbWZ6ZE9zYnhtYmRPQWU1Z2dBUnRrS040ak9DbzdUeHRIRWdzUkp1YXJz?oc=5","The New York Times","US","1778191064000"
"EE.UU. dispara a objetivos iraníes tras ataque a buques de guerra","https://news.google.com/rss/articles/CBMitgFBVV95cUxOTFpHLVRHeVYyQjlOdHlrWkJYOEppWi1IV2JHUndSMkhUSWdsenpuUHY2Wnh0NW1VTTdycVNKa2J6cFRTLWhZS0oyRVdwYzNJaTF3emdiaEszdUV3aHd3dXdMMGk0X1RvRU5lVk8wemhUMzM1anVuT0t4VTNwdzVSMFhtaTdQZC1ZVkliWWVLQ1BWczBOLUlyNmhjTGd2OUhBSmxMV3hhTEtMSThqU0Y5aHc2R0Uwdw?oc=5","Bloomberg","Global","1778190890000"
"1st LD Writethru: Iran says U.S. attacks Iranian vessels, civilian areas","https://news.google.com/rss/articles/CBMifEFVX3lxTFBaQUdQUl9kd2FlWV9Kdkh1dXlSTC05RWdjQS1RbWhQaTYwOVhhUW4wLVNhQWk0d1pQRUY1cVNkMkdOa3VVbEtkbGZEVmdyeXN1UUh4enAydzktM3FLcWVMaG96eDdVTkpjUklhSGxrU2o1QV83MUFBOXJKaHU?oc=5","Xinhua","China","1778190855000"
"Urgent: Iran responds to U.S. violation of ceasefire by targeting U.S. destroyers near Strait of Hormuz -- armed forces","https://news.google.com/rss/articles/CBMifEFVX3lxTFA5NUR4RzlSNjZyT1g3RWlta0NYR05LcmQwcmhYU19oWWNzQ2RUN21VVjJ2MmpYRTdNaXpSOEo1M0Y0a3dPN2lCb1R1aElMSUNXNEE2ek1QMms0TWlpZzVXRU4zRnRqQUt1YTM4djFuX2hvWE1vVVE3dkZUYmk?oc=5","Xinhua","China","1778190630000"
"US forces strike military facilities in Iran as countries exchange fire","https://news.google.com/rss/articles/CBMijAFBVV95cUxOWXUwRGdlNmJ0QlZ4YlNseHlhRFRoZlhxWG1jM0xMZnB0R1lyUVhBcjk2U0Y3U214Yzhib0o2RFF6dW5Hb0lZSkhCRXhBRU9XaTI5RWRMNXdER2RZdDBtT2ZMb01XZU9tRnhJLUNOd0dQTXRzdnNVTGhpcW9LSVF6c3hYSmU1MEN0aWo1QQ?oc=5","CNN","US","1778190617000"
"US carries out retaliatory strikes against Iran, US military says","https://news.google.com/rss/articles/CBMiugFBVV95cUxPOE1uOURBaC03bzROOEdzRzdQOGFvc1hOanMxM2w2NS0wOFc2ei1Ga1JDMHBTd0QtVzh4ZGdXSE16TFhkM1lXTWRZXzZ3bDM1SFo3Y1JfXzRoV09fQmJZSUZmOHNpWVptcjBKanJxM21GUS1Ncjc2Qm1rOTFkTk9yck9XWWRfZVk2QWNrdHZNWGIxUEkwX29aMDZ5em5ZaHZfcWlTQ2tncGh5WXFRT2Q0NnhyOXJZU3dYOWc?oc=5","Reuters","Global","1778190482000"
"US confirms striking Iran in ‘self defense,’ says it ‘does not seek escalation’","https://news.google.com/rss/articles/CBMivAFBVV95cUxNNGVNVl9yb1RPZ0tOVjFIN2wtSlVkemxKOTlSQ3dQa05fajZUYWxDLTZqQ01qMFRqRWpjdU9lWnhJUkNKZTZNSXR0aXNuS3Exa1NNMlpYSGp6ZkZHYkpFR1JrTUczY25IQ0trZjdLbnZHRUZRRmIwenVBenByS2w0QWdyQl9aaUlqejU1V1hqR2MtWXRkUGdEajdKNi1UeEsyTVNfNC1PRmxTR2hwaWVCaldmMjZLNFBZMGlMbA?oc=5","The Times of Israel","Israel","1778190479000"
"US Says It Fired on Iranian Targets After Attack on Warships","https://news.google.com/rss/articles/CBMisAFBVV95cUxNN2czTVlDT0U3VGRQZEphRlZ2ZDQtU2VLX292OEpFbzJsRkNGYVlGeWQ5dU5wQVhPZENTdXRQb0JqdlBPSHdvd1ZQaV9IcDA1WVlxZWFHeGdlRURxSUVoMkswdWtjS1hIVlJGeVZlc1RpSFg4a3MydU1ZdFlObkxaTlFTWTVmbUNWZzd2M2hackREWml1OFJzY2RhVEtvMXkzUkNIWmlIYTdkN3RvWm13dA?oc=5","Bloomberg","Global","1778190461000"
"Mideast Conflict: US, Iran Exchange Strikes in the Strait of Hormuz","https://news.google.com/rss/articles/CBMiuwFBVV95cUxPRHZMU3BRWkdKM202dDJkY3ByWm9RLWNIa3hwTjB6T0lXMWpGX000dF9wbDU2TVlyRnk1Skl0aXFyUVhzNS1HU09ES3BIWEliZDRpYUM2YTFUcjBtejVtLWtEZjhLWTVtRGNlbkdGcDEtRFhVOGxoY3lNQXA4U1pMeHcyYXAyZm9EOXVfZV82Q1VKQXdPaTM4UUlfTXozeUNuWGVzRGEtS0Ffb2JhdWx5aWk4bVNobFlsc1BR?oc=5","Bloomberg","Global","1778190339000"
"Iran accuses US of violating ceasefire with new attacks","https://news.google.com/rss/articles/CBMiowFBVV95cUxNa3B6NnVJWDJfS0lSdWtkOHFHbVdQOTMybW9uOER4bzRqYmRrMUFpbkIxMGpuNnY0SHVNR2RhZ2c2QS1xMGEyMVZhalFQY25mVDZzaXlfVVVvRzViVFFoczdFREwxYUhlRlA2UlU3MlFmZklDMXRqUE1uT2QtZ25IS2U5eHpJNHphTTNGc3NJejdiMmtlcVVBR25SZDNCUXFZT0FB?oc=5","The Times of Israel","Israel","1778190000000"
"Tracking Trump: Report concludes Iran can weather Hormuz blockade; Tennessee lawmakers redistrict; Rubio meets the pope; and more","https://news.google.com/rss/articles/CBMilgFBVV95cUxNcjNnN01UOGw5RDhZTWJCU3NVc1JjendNMFQ2VzBqdUlhbHVSc29VcmI1WFVnYWU3a3pySmtRU2l1ODlrbkhiYnVvd3lwNU9uUXVabDBfczllb21xYmhNOUliVHJiajVRM0l0N2VKZnF3NU16a2VVWWtKUGRrVDZIUG5ScHd4Q1F0czdVOVZFOXFDQTViTnc?oc=5","The Washington Post","US","1778189775000"
"Iranian forces strike US vessels in swift retaliation for tanker attack: Top military comm","https://news.google.com/rss/articles/CBMiwgFBVV95cUxNN2NDeWZOOVZoNG9Ra3Zlc01vRE8xZ1NFZE1BN2RBNmlzaDBZNG5Ob0hKSC02cXE4QlU5SU5vWlVxWVdaU0ZtcFRXVnZLUzRPU21LYjg2TGlyc3JyRTVJRlJaRmczWFppZ3FoVHprRUxZYUNzSy1MZWM3ajktU2RoVGlpQlNOVV9RUlZxQnlMT2Vzbzk3QnRlOU1YQV9ibjgzaklENXZ5dWJXeFRpN0NRVXBUOVZUZDh5RUlsT05zTS1mZw?oc=5","Press TV","Iran","1778189760000"
"Iran calls US proposal to the UN on Strait of Hormuz ‘flawed’ and ‘politically motivated’","https://news.google.com/rss/articles/CBMi2wFBVV95cUxQNGxLZHRLcEVtTVk0cUlhdTd6M1ptYzRVbkpnSE9NcG14aEp0ZkFJZXhORklLWl83VldFVEl4SV83QnJmRmRaX3BNdERObi1fblNQWHR0QWVQd3Etc3l0eURVTlhSWm0xNnBGV1ZYZWJvNU9iU29MVmNVSXFtdkwxbno0RVI3LU9GR1FFNkwzQjJHUFhZUk5STlRIRE5ILURGUk0zVWdacHhwcGRIMUY3d1lpYVVFbjVNX2k0LVVWdkJvNXNLZGF6YmdVaThGWU9OTVRiMzVfRTZFSXc?oc=5","Associated Press","Global","1778189760000"
"Trump upends Democrats' strategy on Iran war powers","https://news.google.com/rss/articles/CBMihwFBVV95cUxQVmkzT0pYUHdLNW9YaGxPc01BaWlrcV9GMkgwVU5mc2tMNmtNSVd2QlhOLWpTM3c4bmNreUtVbUsyXzFtTWlOdFpEZlBzYUtMLWxFZ2drY0lTdEZ2dDRmOFFxVHpMNzN0eXRlMjJUbjFvT1ctbXNkcXJmUFNlN2VadE00ZXZIbnc?oc=5","Axios","US","1778189171000"
"Iran and U.S. exchange fire in Strait of Hormuz","https://news.google.com/rss/articles/CBMid0FVX3lxTFBwQnR2X3ZtNDFrbkQwTTRjcnJtVW8zc2pMTXJxLTFZUDBDOTRGaXhueVVLekZaSVdpNGl3MkpqT29EekY2ejFXSU9PdkpNR1ZNamdBakI4ZUZob253YlIwanVpUndGQ1lETktXLVZtWV8tc1Q2VnVR?oc=5","Axios","US","1778188913000"
"US Awaits Iran's Response, Report: US Strikes Iranian Port, More","https://news.google.com/rss/articles/CBMirgFBVV95cUxNQk9yOWpYNGF5c0s5a3NCYVdVVkxESkc2emdFTWdZLTZVaTV6Mm9pQTluT3ZQZVRpWjhtSFhwR2pjaWV2aERsMklLaEFJeWQ1dDdSVHZrN253V21IZnZVemZPWGM5bVNZMGR0T21rek5JMk1hMUxNbzRZUEJmb3Mxd3VaNnpDVl9aQW52akVoSGZXY2V2RUFaUFhEbkFmbXNQb1FzY3VGOENVbXhoTWc?oc=5","Bloomberg","Global","1778188779000"
"Trump could revive ‘Project Freedom’ to reopen Strait of Hormuz after secret spat with Gulf allies: report","https://news.google.com/rss/articles/CBMiwwFBVV95cUxQWDJBNm1MZzlNdHpJZy1ELUd0X3FSTkhvZHhTTG1UazNJTG1TNEFyT25QTnV5NnNoYVVEcUVwX1VYeEd6YWNzNW9jeUVnWHNEMjk0clJEMlMzc0huVXNhWm85c0xHREpUeHBITE0xRXd3QnphS0xFNW00dWMwY05aR3VKS2tzMmgzTVl3SERxdnBpNU93UkxTLTZSYTZDSDdjTVl0YWRTZ1BUYnNwbnpPdnFwTnFJa0FTYnNmWUtHS1V1bUE?oc=5","New York Post","US","1778188624000"
"Enemy strikes Iran’s vital Qeshm Island pier; Israel issues hasty denial","https://news.google.com/rss/articles/CBMixwFBVV95cUxPdkRvSmVrZmtSN3JXWFRJbzJPWWEtX3Q0UkZMMS04Ym1kLUNzXzZ5OXcxRU9BRUJDSldWTnlXTDltS3pES2Z3QnZJeVFUQnhlUlZsWklsX2hUdDZWLUFjQmlYNmttc183SlVjSUw0Zy1VNlQtOGlXMnZYZGNNdzFEMjBmYm8ySUg2d1N1TWlIaGF6bDZFdE5LSWM1ZEF6VVNPNFE0SFZVUURzRUtwZjNXQ25JZ21LOGRXakVESUVFTHNHNVlvdFVN?oc=5","Press TV","Iran","1778188620000"
"Flash: Iran's armed forces say inflicts ""significant damage"" on U.S. vessels near Strait of Hormuz, port of Chabahar","https://news.google.com/rss/articles/CBMifEFVX3lxTE5HakFyb2FmRG9IbS03UmxBSUowTHBlNmNYVjNmd0FBWEh5bmNqREY1TFhMMXJVd28yd3hKSDNSXzhuSUxoUmhsMlctSUNMRHFxWGpnTElKSWppMXF1bXhfUGp3bTlsM1lTOHQwN2t0UXpONVZ4MUhhUEJCVE8?oc=5","Xinhua","China","1778188455000"
"Explosions heard in Iran as state media reports clashes with US Navy","https://news.google.com/rss/articles/CBMirAFBVV95cUxNcXdpUDF4N0J1aHYwaXZiYmpVUjUyb0dWX0NwYUVyTG0xb3lHblpZQUFpRHQ4MVMxdjhRbXBZb1NvWTJZazdwbHFWdEZLSzlLVllCUVFUeEZWZGFncmQ1ZGNTRGJUcm81YVpmVDlUYXZpOFNuQXc2ZXpwbUlqRGU4bjByVmF0cVVtemtLWmlPYVBPNUZ0SnJvbml5d1k3Vjg4UEVaakJySmRqdnhN0gGyAUFVX3lxTFBIelA3U09Wc0VFT3BKNkxVNW1xTUFTWnlZQmtrUlZ2V3ljeEJELVV5dkJSZEpQLU1CU2p5UWdfejBjbzRac2c1T2thbDJlS2lHcWFYMGpDNGowZFVVX0lqbDRXTTVRUXJzZE5HeE9LLWV3YW5Fa1JxWVZHLUVTQUROcDRoNG9SN2hrVzcxWERJamdiQUgwcVlnRWpXWlhGVXk4eGpRZ19abDRWRnhiczFOSkE?oc=5","Al Jazeera","Arab","1778188454000"
"Iran still has 70 per cent of its missiles, says CIA","https://news.google.com/rss/articles/CBMieEFVX3lxTE11UHhPX29uMnlUVkxFc2dWOUdMYUtWR2EzLXNyOGl3V3ducm5TM0JUbE9LVW9zb3FXVjdzcVdWaXktcEVrQ3hQei04NHl0MklQNXVUOW9aQmljZFpZTkJlRGJJcXpMY1h4X2xpY0E5ZkVuOVhTMlpycA?oc=5","The Telegraph","UK","1778188260000"
"U.S. expands Iran-related sanctions to Iraqi official, militias","https://news.google.com/rss/articles/CBMifEFVX3lxTFAtdjJPbVJ1Z3BFSGJSdW44djZPemlNczZjaFkwUFJnblpadEVsQnRKdmdQVFhJbXRmbUItWUM4cVcyUGhWZnd0Y2R1NllPR283SXhtRExTUjhUeHBIcGdhNjBlblF0VmVFVFU4MmRqTUxKTnZVNFdpemFCZm8?oc=5","Xinhua","China","1778188125000"
"Flash: Explosion heard in Minab, S. Iran as Iranian navy targets U.S. destroyers near Strait of Hormuz -- report","https://news.google.com/rss/articles/CBMifEFVX3lxTFBPRG5YWFJ5Y0stRFNhbTdDbV9fQVgzQ3A1RktyQ2FFaGM3OUxnVWRaY0pRSWw0ZzVNWGUwQ3pwWWNpTmFCd3p4WnZGUWpNbkxjUUpFQTRYLWRrdl85VzV3aDB4dUdZYllaSWFkbU9xVm9OOUQ3Qlc5SENsbnA?oc=5","Xinhua","China","1778187585000"
"Iranian media report exchange of fire with US forces in Hormuz strait","https://news.google.com/rss/articles/CBMivAFBVV95cUxOaEdaVVZhbkdLNDZqZnhJNzltOFAtTTdwUVBScGN6cGtOZXJDS2lTLWtjTjIxQm9MdTZlM1RYbkV1cV9MbXZ0S0JUeXZBckpzcjJiRnBtSVd3bUZRVU00aXVvNVQzeDluVzFVQkdrb3RrLXduZVRtcmJRVlJITENzQ0tZLWFwUHlXbHFVRHA3QkF5eXNyVmdWb3NTTnNDRDZidHBzdldveFJJbkhqbnZoSEFWUUpsVDFjeDJwNg?oc=5","Euronews","Europe","1778187288000"
"Iran news agency reports air defenses activated in Tehran, fresh sound of explosions in Bandar Abbas","https://news.google.com/rss/articles/CBMi3gFBVV95cUxPVjRhWnBySy1nNEFodGU0bm1KMEdRR1VmQUxraUpPdlFoNmdvRFRfR2dwNVMzZFFndjF1YlhEbW8zaGhsZXc5UURjSGZpSF9KbmdaUmU5WExtT1lBYWE0cjBDRDdVRmxiSDdiVzJHdEU4WWdaN1ZhdFNBZ3MwdHNWN0FYV3I4M2NPbFU1UDdBTWh6UkNiZ0k4dVQ4cUdmb09pLTh6SUZaMWd3dko3ODV4T3cyM1BmLUNqcGR2cS1PTzh4RlBhOTJkTzFOMUw5SFI0NUhLNDVnVGhWUDBuSUE?oc=5","The Times of Israel","Israel","1778187179000"
"2nd LD: Pier in Iran's Qeshm Island targeted in fire exchange between Iranian military, ""enemy"" -- media","https://news.google.com/rss/articles/CBMifEFVX3lxTE1aOERZVXROWmZocnJmcjVtR3JNQ2FMYzF2TUtPbnlSNUxwSUhqbUlCVTNTUWdUdzlDcy1rVjhMNXFuX2xnUGhGSHlURTE4d2JqNnJEX29sMFJLQjZzWjlOS01SajZ0LVZzVjdvMjJiaUZ4RzIzajJjcVM3Q2w?oc=5","Xinhua","China","1778187165000"
"Urgent: Massive sounds heard west of Iran's capital; air defense activated -- media","https://news.google.com/rss/articles/CBMifEFVX3lxTE1FNUlfX3NFOG9XWG52eTRXYTBncEUxSGFxdVZDQXRDRzBLcUh5U0NhcFRtQXlkdVVBd1kxc2NxYklvTFg5d2FOMjdhUE9PdzIzV2Uwd3l1QmdNLUtBeFhSNjZ1ZlBOX1BxQlBNR01VSEVoQk1ibVozb2kxU1I?oc=5","Xinhua","China","1778186925000"
"US hit Iranian coastal city and an island in Strait of Hormuz, US official tells Fox","https://news.google.com/rss/articles/CBMiyAFBVV95cUxONkZVam9pZTVGd3d5QWhrbFZkY091enBxNi03UjhGdUFVazJwWUtSQ0xzRktkQzFfREFMTG5xRzE5VnhDcU1DX201OWcyalYwUTJKRTBQNFVROTBseHpPWkJXZXVFTmg5OUJHSWkyNlA0X0F2T0txd0xmUEJzMGExYjducU81ejFPemRyM0tXS1lQWURDS0NlY3lVaG1OZG95VnBmc3V0R3k2aU91Q3AxbmlYZ0FIcFpMZGg4ODBQemQwajhLYU8zTw?oc=5","The Times of Israel","Israel","1778186879000"
"US military strikes Iran’s Qeshm port and Bandar Abbas, Fox News reporter says","https://news.google.com/rss/articles/CBMixAFBVV95cUxOMTZwUEpxOWVFbWliMVZyLS1LNkx2bEV6cFRVUzRfN3pxY1Y5S0dhd3kwR0VtOTl2MVdhUEduLVc4Wm9HR0ZBbDNGYklrNEU0dlJyalBaZmpLU3FHc1RsTEdmclJUZXpRNC1vcU1WY1M3Q012Y1o3N096VlNwWTlaaC1qdGdLMFpnbDA2SmI4a2VIcjlYaW56cHVwYnRCcG5EUGxLMFpOZ0drZkVSczR1RUlPVThBY3RzRGEzbWNFMVF4RXhV?oc=5","Reuters","Global","1778186603000"
"US said hoping to resume Hormuz naval escorts as it awaits Iran’s response to peace offer","https://news.google.com/rss/articles/CBMiuwFBVV95cUxONnVYa1ItbXlDM09ZdWVMR2lQWGZqTG9NWi1USmlTVEYtYUpCTFA1VGc4Njh3UVZzeTFNcjRDVDV0ZGs0MG9oTHhDbUlzVHhkNWxRNTZDMWd5Tzl3cl82SUZYLVhHYzI1UkhMTlBSZFdJaXpTbjZQV3dLRVp3YVA1ZFptanl2TUNuMDVJa0VXeTYwTDFSMTBMLW1CREg1ZDdrSUZka1FEYl91ZW9iX0RtRmhlR0FVZ3k1Ni1F0gHAAUFVX3lxTE9rVWVEaWtIOFhSb2dVZ19qZlNpWTIxeVY5T0VDMW5VdWFDTE00ZHVBOEdvc1dkalVlSkpWVy1NRGZsYU9zOUo2MWpIaEI3LTEwWlotNUg5ZVNXSkxydlVFZG9uR0ZnQWE4YXkwWUVLc2IxSDNTajJGRVo5bEpRMk5tcW5ZZ2I3NlJHT0hBVUxUQXNjMnlaMnFkb3NTNnU5ejFGRFFzbWYzcnFFSE1yMm9pT3JRek5EdE5mYnB4Z2NVTw?oc=5","The Times of Israel","Israel","1778186590000"
"Hormuz hangs over Beijing summit","https://news.google.com/rss/articles/CBMiswFBVV95cUxOaHdabS1ZZmVLdC1JZlI1bnBna25jV1lheXhjRTJwMVdUTEtjNWhpNFc5dGhzU0JXR01tdnByOU9HUTB6dlpVUUFtcUpIdFlLTEhXdElPLV9MMl9oU2pRMzV0N2kzTmFIeU92cWZnZ3FPQVo4UFVLTzRwVkZNaEg5dTdRYUU4ZWlzMU9oWTI1VHp1UnFKV1dNTThxalpFRlNwZ3RSSG16ekdqaUs4NmNoTXRINA?oc=5","Politico","US","1778186552000"
"Video of American raising black flag unrelated to Iran war","https://news.google.com/rss/articles/CBMiWEFVX3lxTE1zdFJEMGZCS014QU12UjVSSVFhbXQzbEt6WlJqQTJyUWlsQWdxNDhQVjExdWc5NEJCTWNlR3IzSm1xUHdENzluNl9UV09reXFhVkl4S0hjV0g?oc=5","AFP","Global","1778186543000"
"Iran casts a long, dark shadow over Trump’s trip to China next week","https://news.google.com/rss/articles/CBMipwFBVV95cUxPMWlmV1VPSmMydFh6bktWQmN4MEJsbC1nMk0xUUExaU5WR0V1V0ZGV3NhZl9hc1BFS09MQUZZU0NBak5hR3VEYjhWRWd6RFc1R2VZTzJFMnNKem4wblVUNDlhSGtOUlVLcnhqZ0d3THFsN1B6U0F6VFFKNk1BdFNIb2dsV3lmUk1Oek1WUk50NVFsQnlDY3hFSzhYV0UzSGV1X1NiTkctQQ?oc=5","New York Post","US","1778186100000"
"Excusing Iran: How Antisemitism Inhibits Moral Clarity on Campus","https://news.google.com/rss/articles/CBMinAFBVV95cUxNVHRyblBVS0tKM3laUS04bkduOThoVS0tNXVQUnlkY1BTSDVybTQtcVBpdEJ2YXZpWkNOUHdZcTBRcldldWtxeHg4Z01kTVpRRU1CM04zb2NNbzJKX2ZNNjlUNUhaOW9ZVE15VE1iTEF6bTdxVG52NEk1c1VzdTBjN3I4UkhJb0swQ2VxZ043eWVkS0pTcUE3REpDa18?oc=5","The Times of Israel","Israel","1778186040000"
"Iranian missiles force US aggressors to flee Strait of Hormuz after tanker attack","https://news.google.com/rss/articles/CBMiyAFBVV95cUxQbm5EZ0RPTnktdlZwYUt2dUk5aVV1aFRUTnpueDJpWnhiR0R0dXR5RUY3RHkwM0hLYlM4VVVQckU5NGdyOS1RQmJUQ3FjTnFnSk5zX25qWUhtTnA3eXh3Sl9WSnNXLW5paFZLQmNQNW93X1JYWEVOZnFDMHB6SXJzbWRXTDlHTE5JRWlETE5CSEJsUG1mNmhCdU1oNkRDVjRTaXlaTXZRcW5rUXl0S2pXdm4zeFpXUzVOQlNEcGRlTlFRSk5LUFZjTg?oc=5","Press TV","Iran","1778185380000"
"Stocks Close Lower, Oil Whipsawed, US Awaits Iran's Reply","https://news.google.com/rss/articles/CBMipgFBVV95cUxOd0JRRlBvNXliTXREUElPYlhWcW5zcW84dXI4dUhaS3NJcktWLUg3eDJmVkdVLVV6ekJhWmtHTzBaS2hZUWJBSmdCaGktRXVYX3IwQWhOQ3VHclY0NEswZmstd2N2cFExVVMzWEZYaGlJSDB1LUFlc2h5S0xUQzlLN0Zvc3Q0WGQ2M25uTjVvaVZYc1lBOHJScG54MEVQT0NqVFZLTVBR?oc=5","Bloomberg","Global","1778185153000"
"Iranian dissidents seize on Trump remarks about armed resistance, fueling revival of Reagan doctrine","https://news.google.com/rss/articles/CBMiwAFBVV95cUxOTGtWbHBLRlkxcFlZdDJMSFNBYXZOR05pRWIwTEpJMURJQlVBX0ZVemhseVM3MjcybDMwYXF3bHp2RnNuVTUyTjd0RWplc0lQd1Z0eDFmY2ZrZ3FFd2FXdENzbE1mZVctcGpDbEpoaWtVV1JoRE5vLVA4aU1CUWx6ajFfS0s0clpnYXJOMzJmd0ZJQTNiMktfQWVkVVBjc051UGxDOE5tSS1wUVJ3S2ozVVhsQ3NiVzFaQTdKUWlGd3jSAcYBQVVfeXFMT2NQeUVDZTVGZTdtWmtKNmJCZUJMeVZRLVFFcXozM2xuSW13YW14Y19tdnh1WTI2c0xWSGFpd3c4ZXpIcDRvbVB0cnRXVEpHVGkxUWlFSDBIX09DbjFXS0JjLTc3czNuelA4TndVLWZyaTZtOXJHOE1DYWdzRWxKWEI1cjU0VnNoQkpFUDB1aTVWNjdKZGN3OGxuTGpSZHBSUG9jdUVsZzhWZXBackFEay0wenp4cmZCQ1J0SndZa3U1ZS05MnRn?oc=5","Fox News","US","1778185076000"
"Iran's state broadcaster says 'enemy units' came under missile fire after US attack on Iranian oil tanker","https://news.google.com/rss/articles/CBMivwFBVV95cUxOcnplWTR4X2ZCYk1JNWVNTEkzbXM3WWlEX1BVWW1oREU4UjRCQXp0bU0zSzNZUF91SkZzeWFnQ2RTR0xVck1xTGlwX2JpX0JpVm9QOXVOWTRZdzRUMVZLTTlRUGFCaHBYaHZidUFNWVowc2VacjF6eUwwWTFBeF9tRXJidVQzQ1N3RFdqR2RIejhOcVpxXzNlQ0JOeGdoVkhEZERBMUN1aTRmWkdaN09sSkVKR1M5MGNXZUM0X0Y4TQ?oc=5","Reuters","Global","1778185065000"
"Iran seeks to cement control of Strait of Hormuz","https://news.google.com/rss/articles/CBMihgFBVV95cUxNTG5kbi1VOElGQVBSZExDS05PQjBDNWp4bXZWdFNmTE1la0M4SURkanZMa2FaaDdzbWtzbmxTQUp3S29lYmxSdzdDeHVkUng1cFRLcEY2T0dDZzBBTWl4WEpSd2ttT2lod0M4bVpLUFlhM0FXS19pU011cFVZZ3RhdnZ1S1cwdw?oc=5","CNN","US","1778184795000"
"Urgent: Iran reports downing two ""hostile aircraft"" over Bandar Abbas, Qeshm -- Mehr news agency","https://news.google.com/rss/articles/CBMifEFVX3lxTFBrY2Q3bmE3TXhCVEhVUnZCOGRVcTA3aEpnNHNkaHdkTzJDLWpqYXNaWFl2UUdXd1ExdGdSVEFqMU1VQ0t6bl9OckZ5STIyRVpfem40Ymx2b0JTaU92MEhkcHhmSUkzWDV1ekFWcXZTNkF5VmFfSGdHTlRScTY?oc=5","Xinhua","China","1778184765000"
"1st LD: Pier in Iran's Qeshm Island targeted in fire exchange between Iranian military, ""enemy"" -- media","https://news.google.com/rss/articles/CBMifEFVX3lxTE1oT0lScWg4eDdydjNPVncwOHJKNEViUmlpQlltZHppWmRHUGhzSjRRNHpnOG8tZi0xc2R0NWROdGQ0Yl9kcDdtcW13QzJiTmdKY3dISGx2TExzUEVnZXRLdVhONURSUno0UUlmSUoxMXJuVlBCSDlfY2ZwVnU?oc=5","Xinhua","China","1778184435000"
"Flash: Iranian forces shoots down 2 ""hostile aircraft"" over the skies of Bandar Abbas and Qeshm -- Mehr news agency","https://news.google.com/rss/articles/CBMifEFVX3lxTFBaLVE5RWNqMnE4RHlUMDJneHdHRGY1dk1rV1lMMDJLd19uNTZUal83Tzg4aXVqZHZpVkxlMTA3M0JXNnVFdkdPb3VhaGFrWXRTU0xSOERTRU9SbTRSX2Y5NlRBVm1LUGRKVUxxdGp6NW5BQXpjWU1Ra3I0WkQ?oc=5","Xinhua","China","1778184180000"
"Iran and U.S. Consider One-Page Plan to End Hostilities, Iranian Officials Say","https://news.google.com/rss/articles/CBMihAFBVV95cUxOckpnbzVfQUlSX2xWVDNISVNWcW41aWhVdWEwOS1Xc1UybkJEbTlsV3JtaWNmS29HTlFNVXJUYmFNMXQ5dF9CTWpEUUNNRERMZ01GbWJFWG9tNG11Wk9aazlzdFJEbDdJQ01wTnhrR0k3ZlNsTlVYX3BXTnh3V0tUT0NpMUg?oc=5","The New York Times","US","1778183988000"
"Israel disables missile-tracking systems over Iranian infiltration fears","https://news.google.com/rss/articles/CBMivAFBVV95cUxOUUJYOUdKeFhiMk5QMU12Tkc4UWpSYVNZcEJxOWNvcjNuZFpKUm9IVk9PS19EWTBCbG54N0h1V1Bka2gxNFYyUEc5MXpTeDEtVTh1Tkh4aExNWWRYa0c2bGNwenFFc29INW9ySzA0ZG9vSGNzdFFIU2hham8yY0x1cXg1QlBOYkxBcnNOVjBaLW15WGstX3RDNXZTRVRQcUx2cW9mWjZSTFppLXZLNDlZQnJVTHB4VE1tbENwVQ?oc=5","Press TV","Iran","1778183820000"
"Iran media claims explosions near Strait of Hormuz was UAE","https://news.google.com/rss/articles/CBMiakFVX3lxTE9WZEZZdEwtOEJzaE52VmY4Nm1MdFpnZEJqYi1BLVZta0dkRmIyb3AxbVg2dDZlNUwwS19SaXVld0Z0TXJGOF9iMGpUc2R4VnF1M05GZ3FNWVkzMDZoUGk2WFdyaFBqdFIyYUE?oc=5","The Jerusalem Post","Israel","1778183730000"
"Iranian report claims ‘signs of hostile action’ by UAE after explosions said to be heard","https://news.google.com/rss/articles/CBMizAFBVV95cUxOdHZSM0FLYkw2UFRvYjlfN0VHLTVSbl9hZDM4cEZFNklBbHhMNmJrb19YVlVoUnFMTEVZZ2NwX2JjNXF2SnhSUU9selRnQVdyb2ZHaG54dzlBRW1lUDc2NWh0am03MV9oOGtOaEV1cUVTcDQ3R25pVFFHN3BtRFI1Mlphak5SOUlHV0NUS2UxSWVIT2lyNkh1SkJiM3RGNHZkMjV3LVhjalFRS0lsQ3gtaWxoZThGZTRvWGRac2NocE9hdW9aUlpfZVNwR0Q?oc=5","The Times of Israel","Israel","1778183579000"
"On Iran, Germany Had a Moment; Merz Let It Slip","https://news.google.com/rss/articles/CBMihAFBVV95cUxNMk13ZHRYODdZSDZyeklFTzZSTHZnVVNmY2hxczZXR1VKY3p0Z2JBeFhiMHFzdVYxLUpJc0ZYbFlDWnpXbFh2YU1LWTJCWEVtZ0dtbVBEM3dJS1UxSVJ6Wk94SGtIaHl2bnZtOUcyM2xrM2R2bzJxaXctNjRzUkVuVlpwVFg?oc=5","The Times of Israel","Israel","1778183100000"
"Iran's FM says normal traffic in Hormuz hinges on ending war, lifting blockage, sanctions","https://news.google.com/rss/articles/CBMifEFVX3lxTE9BSzJfdm5BX2N5ZElvLWRfZmw2ZGNVVG9KNFhNMWdPNi13YVV2dkpjMlNseUVTejlzQVZlMGt2eUZnQXhJSDVubE5Vcmk2RVV3NS1od1NnTHVCNzEtUHZ0U050NFBoNmdKTkRab01sUkNoeDVLYUswUFFIV1Y?oc=5","Xinhua","China","1778183040000"
"Gulf states urge UN action to ensure Strait of Hormuz safety","https://news.google.com/rss/articles/CBMiogFBVV95cUxQRWY2TXZJZWk5ZkFXUE93T3hxMGFvSU1aMEZ2blJ1ZnduN3VPbmlNUkxlYjRYUzFCZC1LZW5VWmlqVWtlVFVZeWh6NlRYSHVFZFVSR1ByNWFsUDdhRDZOcWliTHVzcTloRU02c0EyUGNoMzQ2SG5vSG5FSUR0Ui1HTlVZMjE3Y1lXX2Y5WkdVUWJkVmlUWXFnN3hYVEE5QXZfMWfSAacBQVVfeXFMTklnSUIxRlcwbHYzdjVKTERrZW5BdHRTNFVXUnB4d05zUjlXcGxiTGhjbW82SmVLbDBoUjc5Ty1ITGtTcWpVOFR4bWZGQ0dSWTc0Vjk5VjlVdzhuanhVY2Y1RzZneFBZLUFqbS1zS29GZnpwZWZISFYxaFluN0tiUXI5NGtzekczR21OR2stUzV0MFY1LThWel9pTDZ2MngwMHZMSXM3d3c?oc=5","Al Jazeera","Arab","1778182513000"
"Watch Farkas: Iran's Nuclear Program is ""Number One Problem""","https://news.google.com/rss/articles/CBMiqgFBVV95cUxOdHhFbXN4aVZZdGtQdUZYWmt0R3MtMTR3cVNmMlJaM21HLTl5MzBpeTNIZUhzQ0xPRzJiM1BSeXdKTEFMNEZhWVg0alVxQ3dvT0c1XzRtbGhrS0xnU1h0U0RreWlOcXBHYzR3elZ5ODB3b2N6VTJpYVZPc2VOZjlyMVh1NURIUlhTNFhFMGRsY3YtLVAtWVphV1I0bUpOUmllakJEc01LajM5QQ?oc=5","Bloomberg","Global","1778182467000"
"Urgent: Pier in Iran's Qeshm Island targeted in fire exchange between Iranian military, ""enemy"" -- Fars news agency","https://news.google.com/rss/articles/CBMifEFVX3lxTFBXUXZhR1c4Q2JNVEdjZUpaRzdIdXVRRmhST3EwVTgtSGhWamZnSHZXaWJlZDE0aVZsNUtEUzY2ZVFnbEp5OEVqUXcyUW9xYXFzeW1pOUpVMkdsYnNyMTlEUGhtR1V6d3dtc3VjODJxMEZrLVppYTZmNnNueWw?oc=5","Xinhua","China","1778182305000"
"Oil-price bets ahead of Iran war news totalled $7bn, reporting shows","https://news.google.com/rss/articles/CBMiogFBVV95cUxNNVZpTUxxYVBBWUZoODVDdGpPMnZaVDFYQXJzbzEwZERrcmhLdmstdUEzcnZKVVQzN1VEMHRiSG03YS1meXR5SjQ5Y2ZSUXh6TThETlJGS3gxUUk0b0JDajRZaENVWmhkWktlRUJaNUF4VnFRcjg2Z0E3b19QN1g3Ujk0Rzktc2QzLUQ5Y3hSWHNkZWkycTNselNhRFJBeW41YWc?oc=5","Dawn","Pakistan","1778182203000"
"Iran’s hardliners resort to dirty tricks to scupper peace deal","https://news.google.com/rss/articles/CBMirwFBVV95cUxNblJNeVNfd09fUkdveE9MUHdhX0JseFBmUkZEZ1dUeU1mYzZrMU9qMGVxcExRLVJheGFQeE11TWpTa0o2U0xZd0ZOOUJXRjF3UHZFT081RVFaVmkxbEhRd0I3Q0RzMjkwYmxvTXZ2NFdfSlRqRnNoNmFtUmJlUFJIcFFrUG1CSGptWC15bllfVTZrNWl3R3dhNE9QQ19vb0FRcS12dkRqZUxWMDFUVFQ4?oc=5","The Telegraph","UK","1778182200000"
"Flash: pier in Iran's Qeshm Island targeted in fire exchange between Iranian military, ""enemy"" -- Fars news agency","https://news.google.com/rss/articles/CBMifEFVX3lxTFBZcWtsTUpNbVliTjdVQ0NzbGVtZF9IRzBKZzhqNXFGN3J4Z1NvVE1qd2ZwQk1aczdhaVlMUlIzX241bi03T2R6V28wQ2lXRUdtaTRnQ2ExbkhKY2F5b3phQ0Nub3BTSkdQSVo3MTNkRUtHdDVMbmVFUGgwZ2w?oc=5","Xinhua","China","1778182005000"
"Iranian people are not citizens, but ‘subjects’ of the regime: Middle East expert","https://news.google.com/rss/articles/CBMiVkFVX3lxTE1hdkstZmN6MnNyeG9BX2RLcmtFSWF2eW8wVWhLNUs4MmxnOWY1aEpLRC1HZFNJWjN4eVdoQ1Z2cjJ6TmdXQ3ZRR0NkX0VMMHVlOVJnZXdn?oc=5","Fox News","US","1778181820000"
"Growing public anger in US toward Trump's Iran war, new poll shows","https://news.google.com/rss/articles/CBMitgFBVV95cUxQTV9YQzlkYVppNHB2RXhrcmdjZVowNnAzdHpsdFJwVW11Tjd2T1dMVHo5bDlNSnlSbmtsYWZ0dWRTZ2ZCbUk0SG91S1dYR05TeV9HWGEzM1pmaXNrQ05QUU5wekhPX0oxQTdBcWlubS00SFc4WmotcS1YQXdBX0J2OFdmT1g0cjNCSTQ2b0hJVExIZjYyXzh3WU0zcTVhRVEwOHU0Q2NlbDRCUjA5Wm92VmpqWGlxQQ?oc=5","Press TV","Iran","1778181660000"
"Iranian president reportedly met with still missing, ‘probably gay’ supreme leader","https://news.google.com/rss/articles/CBMiqwFBVV95cUxOVDRKbGMtYjJBSDQwVzZLUGoxRHZSLWhTcjBjeTJSZ21fYkVuMnFxMFYzUmVTVGlqQ0FqOE9VSEdfVTBFQ3JySThwcW9KVEZiSnFXNU1HcDg4SHMxT2hQTUFqOExaSXhPZW5NbEp2MFRFVERMUFpJWlNUNU1fcGNXeHRCamh2b0ozVHA2TWFra0hkYURVMUJhaFhqcmlQSjBuUXpzT1BabVJTdkE?oc=5","New York Post","US","1778181480000"
"DOJ probing suspicious multi-million dollar bets related to Iran war","https://news.google.com/rss/articles/CBMikgFBVV95cUxNNFVwNGpUdFNIdFFuLXNQMWRmY25KRENIbEdncHpOMTJTTTlqZGt5TkU4Z3JXNy1kckxHWXMtT2o4dUxFY2FxQWNJT09NTFdIXzlrYnlOQUN3MVo2dmJ3b3cxWTVaZGUteXlwVmNPZEF2MjV6ZVdGZC1SOHJzU0F4TjhhNmNiTFBjNDZOd2VJdG4ydw?oc=5","The Independent","UK","1778181180000"
"Report: US to Restart Project Freedom, Awaits Iran's Response","https://news.google.com/rss/articles/CBMiqwFBVV95cUxOc1JxRHRMb0g2cklqRTdRVC12UWNkMFJVMGp6ejVsWnFPZjhiX2xMNmVzYm4xZC1ndVVZbjRQVWtzanNUMEc2bHhJT1VzZjQxYnllSWpldTFPcFJGVUNTSkpuOFhUX3pfai1obDBDSTd1Q2xYdjB1Yy1yNTNMV2hQZURIRVUzeGQwWHVJX2FMUmxQcElTbC11XzV1YzlRUGZIZ0c3d3J4LW5qMjA?oc=5","Bloomberg","Global","1778181162000"
"Freedom of navigation in Hormuz strait is humanitarian necessity: Saudi envoy","https://news.google.com/rss/articles/CBMi0AFBVV95cUxNRm5fb3ptVEZUQWJOTnZwR0VmSlBnT29nSzRwcWJ3VXhsMmw4MmliZG5JVWZfQjVtZzZkY0lTN1V2b2x6Y0pyR2Nqc0c4c0NhcHlGeElTX1l2NXVwWTJ1SGRqUWFOR2dTcWFTejZPcWFURnF4TGxXTkZxeThuSXQzZTJBM1h5QjJNd2dGNlJRdDRpdHRjaEJUMURBYjlrWDRCWHlvZ1JFaUFnd19yY2NxdUl3SUlOcUVMUVE0WFdqVXZ1dFFwUDkwTzlDTElPcFJ00gHWAUFVX3lxTE9DZ21JekU5aXZEalYtTVhrN0c0dXVqTVRzWkFkT19MUFJDUFFaVVo0U1BlNG9HZDRfR1NjdXRGdE5Sc0FxZ0NZWmFOcHFmNXBwWE1lQzB2aWE1TXJURjlvNzVQSU1MNklXemFJTFhsMk5rb0JEQzdWLVBZbXFXczNzcW5xdWEwVEVWSC1McGt0d3d6cUdBUGR2UFMySjZfSzRYZHFJV09tVjd0ZmJrVkdRN0JRaWZCMUJFaWd2c255bndzbWR3TTJXbm1rWDdfaktoSmpxd3c?oc=5","Al Arabiya","Arab","1778180940000"
"Iran reports sounds of explosions in coastal city, island in Hormuz","https://news.google.com/rss/articles/CBMisgFBVV95cUxNYjA3a2F2U1E1RGVmY1B1QjdwbFNHNFVDX09maFdOZUhBVkdlQWlnN0pCMGFoMVdQZGxvRjBUTjF2OVBmRG44Q09vdFRraUtkTjVJWFRHM0RtVDZ4OWVmLWNFY2lJM290ZjktbnlJQXZpQ3hGa0dpQ3VycXJfZmNQczJCeXZuMVlHcENmMUtrXzNGb2FTU0Mta0dwMFM2WVZjbWYtS2g1alQwZV9IWDBvVFZn?oc=5","The Times of Israel","Israel","1778180866000"
"Marco Rubio meets Pope Leo amid tensions with Trump over Iran war","https://news.google.com/rss/articles/CBMiV0FVX3lxTE5JaVFoTnBsQkpyNG5mVzNmbXIzX2FrckY0c2JaVjl3X2U3OGkwb3FsTkhUekYwSVhtMERGZnNfOEllZGduUFhCc2d0N0JiRk1hYk50R2dWMA?oc=5","BBC","Global","1778180803000"
"Can China help end the Iran war?","https://news.google.com/rss/articles/CBMijgFBVV95cUxPMW5rYUZaZ3ZFT0ZaRkUyWnlrdzItcm5wSWp3QjNodENSaXY5cGlCTGg2VEluQmgxWFd1ZTAyMV8wUXVYODg0MHlINzJvLVhma2tlbTJOYlBlR2ZreHMxWGdSZTdOSVRJM2Y2LUhVVngzQVJ6bU1hLXItZVJmNDlCT0lLN3N1NnRjVkQ2VURn0gGTAUFVX3lxTE1BTlNlSzNHZk53ZHNNN0RpTzExbTliZzdzNUM0enJxVV9Ed2x3bGNRUHAwUFYxVHBkdmlZTDJlTi1DSWYxN2lVVzhKUnROVi1FSG1waFo4SHpwcjRSWDJkNm9mdEZka1JBQ05BS1I1ZXZ6T09ZTjNMUWx6WkNwWnRQd1hZRnVjcjIzTEh1Uy1wTW16OA?oc=5","Al Jazeera","Arab","1778180557000"
"Iran Oil: Why the Philippines Inflation Shock Is So Worrying","https://news.google.com/rss/articles/CBMiswFBVV95cUxNZ2hYbC1NaEpqaEdDSkgxZGFpWGNGYmxOc19kYkk3NThTUzRoRTg0ZVBaSTZCWGxfNjlFUThQS1ktRzhKVlh2QzZPLUl1Ri1hXy1UM1NndUZLWlZqWWtVY3VtV2duVnZYOUN5UXdJZkczN1Jwal9YUmlGNmt1aFUyTWwwVnoyMEszc09XcVpBaEFoZHNHckk1RHYyTl8xRDAweF9CeE1wdk1zd3ZSWm5zbTJUaw?oc=5","Bloomberg","Global","1778180419000"
"Live: Explosions heard in several Iranian cities, including in naval port of Bandar Abbas","https://news.google.com/rss/articles/CBMizwFBVV95cUxQQVhnZzhvV2wyUmJTZ045RE9HMWFvYzlJeWVZeGVhVndFUFp3ZGpwV1ZOYllvQm5zR1c1dVB5Mk1RTEs2cTVNeXQ5aVhLX2RvQ0FHLV9wVTBpRGtfbnJOQzBENHYwS0N6RlMzbHFOYWFtSnhlTW5qZVc5ZGxNMGVXMDdxNnFnZ3BxWDlad2kzb2s4NXZqQWdVLWNaVE5uNlFMalNDeXN2VGR0VTJaOXZSWk9feWZSbXNtUVdCbVlfLUk3RS04SmRpTWdkLUMtN00?oc=5","France 24","Europe","1778180245000"
"Sounds of explosions heard in Iran’s Qeshm and near Bandar Abbas city","https://news.google.com/rss/articles/CBMixgFBVV95cUxPYTdoUzBHVWd1dTNnYlVTdTg1cGhfdnJocV9NOXNzTjNzZEdVWm1NT2NITm9TUTdPRkpQVkI0bGhESDZPUHZ4eUs1V05WRm1obklwWVlMTHI5aXBOa1U3Vk5fRVVQZGxnMlFxbzZDNjFlTko1d0oxNzUxSEZEajAtSjdvUE9VTk0ydnRYWUhZNVJycjllNW4zS1MtTkt6ZDIwbG5rWndiMVlQLWdXQi10NU1lSFJUdjBtZ0V0dFlWSTJybGhITnfSAcsBQVVfeXFMT011cS16Q0FLWjRjUTFUc3VwajV5ZWpTX1d1bjU2V0tjR0lOUEhDdjlWcnNRTkxtWTlzZThOeDhDQ0VjU25sSVVVY1lwdnJoVmY3bFRqSTI0eExKQVZMQ3ViZVpKdUhRVDlEM1lON3B4YTFfNGVVcVgxN3Vwa2EwU052TkxTS0FIUUVJS0puT0tNSWxiMC02czVqTUY5THhxbUI1QWZQMmRWREVjQjNEQkdoc0hORHB3bU9wMzZoa3kzaGllNTFBQS16dzA?oc=5","Al Arabiya","Arab","1778180160000"
"Iran's Fars news agency says sounds of explosions heard near Bandar Abbas city","https://news.google.com/rss/articles/CBMixwFBVV95cUxPZFRlZXAzcjhrRklnR3MtZnV5YlF1T1hySm5MMVpMc2VKYU9maUVMNk5GaWxEM3VOYzZfaEx6d3NaOS1sODNadWZoSjlOcWpkREJMeXNicnVENUlXQklfa0ZpWDBEQ2tyTm5xS3JidEg0MUpyX1BUcldQSUpVUmdnUC1qMVR0Y3F1Y1JaTXZLUk1jVG5kQ0tCaHpDd2VBZUdKSHFTTkFqOWpyd21UWTZObGtKcC1TdTZGdktLZGhhTjlYb3ppYkNr?oc=5","Reuters","Global","1778180051000"
"Urgent: Explosions heard near Iran's port city of Bandar Abbas -- report","https://news.google.com/rss/articles/CBMifEFVX3lxTFBVRjRwMHpma3pMQ2h4eWJmb1VRcEhGenlTdlhtNEozWGJhUnRQZElyNV9lNHNScXBBbzMtN0c2THE0a09fZ1UyM0t1Q05PeHhmc0EwNkIxOTl4Y0FiSS1TMTBPZ2QwR0lYRHJ5WE1CM1NFWnRCVTZJUEM2ZGY?oc=5","Xinhua","China","1778179890000"
"US Treasury secretary accuses Iran of 'pillaging resources' from Iraqi people","https://news.google.com/rss/articles/CBMirgFBVV95cUxOeFA3N28xaUdEb1d5NHQwcm9UdXdLVmFxUWxnWk9JQy1lNEVGSm1LcUJXX0NxOU5MbVdwanBsYnlGVGM5TkxzVlJhOFlmU1pKZ1o4d29zYWFPUUF0UDBRNFNUWU9iYnk1MzgxMzZmQmRVYWh5VDhTZ2RJenZHbWpxTHZuYm9jdlNZSFlKN0pMS05lWmowU1BJTlRydWl4WHgwV1ZneTY2LXZRTVU2Snc?oc=5","Dawn","Pakistan","1778179804000"
"Vice Admiral Robert Harward weighs in on restarting 'Project Freedom' in Strait of Hormuz","https://news.google.com/rss/articles/CBMiVkFVX3lxTFBhejdBQUEzN2lKQmphaUc3ZVNleDFzOGszenBrT1VPdDZldHFlanlpczFZY05zdWRsdk9sRGNFeGVnS2tjQ0tzZ19uMXlwVTVMd2tfYjlR?oc=5","Fox News","US","1778179698000"
"Flash: Explosions heard near Iran's port city of Bandar Abbas -- report","https://news.google.com/rss/articles/CBMifEFVX3lxTFBHbkRoSEFDelRPN0dRRnNKaXBjMkdsQ1EzbkJBSVJtbkNmdkJodlN2WUh3WXdMbkNtLVZ3RWFic1FFMWhMLTJvNldsOUNSa2dHMFRZLVE1V3BTNHBicEhuYnRmaXFKaXUtZ281ZGxNN2tsSGNGV2c5SmlhLTY?oc=5","Xinhua","China","1778179635000"
"Trump’s Summit With Xi Is On Despite China’s Iran Concerns","https://news.google.com/rss/articles/CBMirgFBVV95cUxNTzlscXlkMEJuZGdsXzhlMWE1Q1dmLTdvRmY5ZW96d2g3eGQ1T2JsUk5aWktKZzRfemQ4ZVVNaVF2RmpPVmo2X1VSbjg2d21EMG95NVZBNkFQT296UXlrN3F6dHozbkppRDZJaHk4VlBxMUZkUGI4M1VUcXZDcHVSQ25nSTVIQ081Tjl1RGtrX3M3VVVyLWVZd0J1T29HeTdGZ1hTNlpxdUxxVmhnQVE?oc=5","Bloomberg","Global","1778179624000"
"Whirlpool shares drop 20% as appliance giant warns consumer sentiment at 'recession level lows' on Iran war","https://news.google.com/rss/articles/CBMi3AFBVV95cUxQWGJXOVdtQ2pFWVdxVXlIYWszQkVUVUFjZHpPYlJXbUY0QjZsWklMdHk5ZjV3MU9VOHV5ZTZxdDJTQkt4ZGh3Tm0wdUxzNk9maXJFWVg0VHpidENVTWlBTEgyNlNibFh5NEJRd0NBWWZELWFEVVVJS1RZVVkzSlpXblMxM2xkUTJDbVk5Q09WMnROTlYwYjd2MEd6RGpjWnpVWXZIeE9fYUwtbkRuLVZEc2p5aHZjOTd5dmVSNV9QTWY4RE5mOXBEb1hFbmZQZ0M3NGgyRU1kRi12UURD?oc=5","New York Post","US","1778179500000"
"China, Russia likely to veto US-proposed Iran resolution at UN","https://news.google.com/rss/articles/CBMiakFVX3lxTFBZWDhfT0Y4TGp3SEx6UmFDOXphY2l3ZkY2aW9Cb3RSZnNHLV83TW1INmI4YnpsUTZDeHlSMHJRX3JOaVdtT0xRYUVoNlpEUkRvZnVLUVRWSjNnNHZlMUZYVUcyWUJsVGRYbGc?oc=5","The Jerusalem Post","Israel","1778179482000"
"Oil prices continue to fall as optimism around Iran deal grows","https://news.google.com/rss/articles/CBMikwFBVV95cUxNeGlteFJYeUZQR3RHaVlVMFE0T2JTQmhCb2Qwa1I1ajZOMGo0U3NXSURBU1lxN3dQVk0xdWVYUmVWZVl3a1d6dUJJVkFMMFptcjMtMjgxZkpEamtYaUUyWDRvb1ROOWlfTWlGQk1jWHdqNTM2RjhoVTAwTnhzSEZnaXFnNE12R3M5RGZtY2dFellfeE0?oc=5","The Independent","UK","1778179380000"
"‘Iran fought a heroic battle’: US disaster in Strait of Hormuz detailed","https://news.google.com/rss/articles/CBMi0gFBVV95cUxNQ1B2X1hqZ1MzeW9USmZJUGluU1dkWXpTVlpDODhYUHhVc0JIdkhfdmZIU0JKSGp4ZEdScFpReWlnRGhHODBsTkR0cUlkNkJiWUVLOG9iZkxIZU42RHpIYVFTYTVjR3UtRnpWazRjSlotalF3YTZPYkRKU1h0alFUNzdnTUlJYVM1MzRDSWpRODdCQ1BEeTh6MjZyb21lcUhyQjlFUm9xS1ZyaGhURE5CdWFSRldPYVdoRW8yb0lhdm1ubTBKX1lpQk9lMnJFMGg4RWc?oc=5","Press TV","Iran","1778179320000"
"US-proposed Iran resolution at UN faces likely vetoes from China, Russia","https://news.google.com/rss/articles/CBMisAFBVV95cUxOb2xLRlZudF9PNnJLel9xSmtuT3Rma2hmV0U2cmZqN1JrajNzNElCMmRzOGJGVWpWZTFGZUFuSzVyd0t4LVhod3FxdUNoNGV6bDg4UTFHbDUtbWlGZnNTWlNsTU94aDBPd1JtUm5pazZzdUZpVVZIT2VlcDB0MTluNlNSdUtxTWZ6eFV5UWtMTjltVUhQWjM2NHVqdzJ5XzhrWXc4NkhDQjBvbHdhYTA1eg?oc=5","Reuters","Global","1778179222000"
"Iran’s War in Iraq Reveals Militias’ Expanding Grip","https://news.google.com/rss/articles/CBMirAFBVV95cUxONmpodjFFUzZmZ040NTVrWGs5dlZ0SElQYWpuTFdoQXdDZGVEYTdSVGxrTV9jR3FwZ2NQMGdCZnViYnJNWHZCUjNES0N6YzMzVW04Wlp2LXVBRkhlT3hLR0tpeWlldUV6SzVOSlJpV0k4ZWF6OFVwXzh6UnJuNklrT1FMOGZ4VUQ0VkNNZVhmenNwLTllNVlieW4xb1FGNHcyTVpWSXg0Q0tELXFa?oc=5","Asharq Al-Awsat","Arab","1778179215000"
"Fed’s Kashkari Says Next Rate Move Uncertain Because of Iran War","https://news.google.com/rss/articles/CBMitgFBVV95cUxNd1pQTmQ1bUZDNks2ODVhS1hSMk5ZQklDQmVhcFEtOFQ3MFRMV01vNkNNVmdyaHFZY3phUTRCUm5EOFg5bjZlMzFTNUVHTEtON3pLdkFSblhvNnFjMUljcDh4OVNJY2xBT1RpUUkzVzdCeHZUR0xRRUNPbXkxelQ0ejJiTFc2R2E0aXFwYmVKSjBJemZQa2lBai0weDJkdnNlTkVhNTF4WHYyV0Z3SU5oaFNPRTFCQQ?oc=5","Bloomberg","Global","1778179146000"
"Iran can last for months under US Strait of Hormuz blockade, US officials say - report","https://news.google.com/rss/articles/CBMiakFVX3lxTE9IMnRLbXlzUnBucXY0UXpGa0R2T3ZFLVIyOHRyd0xWcU4zR3I4S2FMUzNKc3VEb1hycDZIeHpmeUEzZDM2blY2RlJneVpqdUFnXzBlYU4tWVowaXdCeXBnLWhYZzZMOW1zT3c?oc=5","The Jerusalem Post","Israel","1778179059000"
"Can Trump’s push for a deal with Iran turn a tactical pause into lasting peace?","https://news.google.com/rss/articles/CBMisAFBVV95cUxPcms0bkMxdklSWUl5alBDVWc1VEloZ0VIYzdGZlp0VHFoV2xnMnpldEFYZEtEc2JFY3JfNmY1bjhWQWJkcTNhNlFETzdVNlpxd2l6NEFJN0U4T2ctY1lPbFlQc2p5bHo2dzNHX1dXaVVXV3MyQTFyLURiZXQ0SUpUU19aMG9ZdWN2MExCT2dOWThSdjhoYkNxUjNVdmVkR08wQjVoaEFmSXZoTzhRWTFxS9IBTkFVX3lxTE0wdUlXU01mZkZUeXhWSEpEVmNrdVQ0VUNPaXhmV0FxYWlwRnJ0Sk9FdnBiVTVyUWV6VGNYVkVBbDJRZmUwTUFQZFFUUmh5UQ?oc=5","Dawn","Pakistan","1778178536000"
"US sanctions Iraqi minister accused of aiding Iran oil sales","https://news.google.com/rss/articles/CBMiogFBVV95cUxQU3NSaGVyQnhKUUw3ZnAwSW5ET2JTWkpLQ09DVlgtUVROTWNNdndNMXJhcWx0TFBwY1dkZ190ejhyZ3VVc3FpYVJzdXFfSmxVUnBDSEt1WUc1UVVkU0pseWMwQmp3MTd1YWMxYjRIVHpkdzlxZ2VDSjFKbXlHZE80R01zY0FEOHVHSHFpSlZTZ3RXTUxCMDdsaVlLNkJUVS1zaUHSAacBQVVfeXFMTUJhYVdKTkhza2l3WGEzRk00VW9nTVNqbGFjTnhLS3Y2UUgtYXZrSTNaR3VXS0JVYjZ3ZllnaXEyNXNBS3N5TjByYUFOOHU3MU5UbExZenEyNUE2YW52WVdmM3NreFVhREQ5dnB2SmpRaE1zckFSd2RldjczTFFvYTdrNjBlc19YQTY4WHhFUGpjN3JZUWphTkYzWlI2YlZMbFprZEc1RjQ?oc=5","Al Jazeera","Arab","1778178474000"
"US and Iran close to temporary truce, Pakistani officials claim","https://news.google.com/rss/articles/CBMirAFBVV95cUxPM1RMUUpOMzBTZ0NIZlVUNHJuZGJ2ZTN2eHFLa2djczdhVkIzbkQ5S0pycTBjZnc3WWpGZWRBQ25LNGUzaHJEcEgyNHQyVGN0bkZ1Y1JvR2JRRDdmOFA1TThYWGN3S2ZnZWlxTzAyNXZiaUhqakp1dnVjQ3g0YmlDd1lnOUtnNEdWUEpRWElLVzJFanBmLVNzUDBYTnFyT0VHWmRJV2RiTFh0WTl1?oc=5","The Guardian","UK","1778178360000"
"Whirlpool warns of ‘recession-level’ slump as Iran war and tariff ruling hit sales","https://news.google.com/rss/articles/CBMikAFBVV95cUxQYUdlaXZsdG1rQ29aaWxYNGlPUUpQSlluMVR5UEotMkljMEhWWl9PbjRzZ1VCdHRfX0lTcHlxSUJ2MGRKZkpSV0VSY2dLeGp3M1BsRG9pMXhvNzFvRnI4VUxBREd1OWJoaW43bmppdUJFa2hnMEZUNm44S3UwUm1vX0YtNnA3M3ZiY0VqdWFXQTU?oc=5","The Guardian","UK","1778178240000"
"Still no sign of a solution in Iran: US president says the war will be over soon - The Debate","https://news.google.com/rss/articles/CBMi0gFBVV95cUxPMVhYbkRJdDNxRzl4NHlxM0JldUc2M3VWNUpzV0YzQU12RTVUWURuaW1wQTc3VXZyRDJtSkdUbkY0cnp5MXIxeHZVNWJKRUNzOWVFNGxpVTFtdVBYM2FDOFNlQy15WXdxTDhEZmRUOWE0QnBFUHYzUVd6bE5QTWlJeTMtdHlsX2dSajlySHdSUUdFUlJrSXhvNGlJdE4zR2hQUGM4SWFEM21CSFlHcF9BMU16TWtpNHZvYXk4MTEtVmluRHFmNlNrVHkyQXFUaUhDRUE?oc=5","France 24","Europe","1778177836000"
"US and Iran explore a short-term deal to end fighting","https://news.google.com/rss/articles/CBMiZ0FVX3lxTE9Bd2FoYU9TVlNHQ0pjM2pjbk13UENLQlF3STNweGw0blFrWXc0aTBVdktHakp4ZDFyZUg5bXBKU2tfWnRPR0VVWk82YVNWRDI4OUZyYXhDT2RIVW5GdFhqNHdPajhJN0k?oc=5","Reuters","Global","1778177792000"
"U.S. Awaiting Iran's Response to Short-term Truce Proposal","https://news.google.com/rss/articles/CBMi8wFBVV95cUxOOE9MU3ptSHZSUnFQR2JHZnlZTDFPb3hpM3luTzdjVVFwVklPMWQ0ZzJtS2NkV2VEcmpNTmhxelFjaHV6ZXk2TDFwVkhsaW5EOVUtQzdCcFI2S0FidHhKSlZaUHR1akJOQmZPVURiWVd1NVNRYnU2SW83VE9ZTVlIS1lkQmQtSEJRNUlNZ2dOYUpSNFNUNlRyMUxaWDZ2WVhVZnVNZW5WVVhRdXJXdExmTUw3Y1RuQ0JzSUg2M05wWlptVjdjbTNhckRSR3E3OHV6ODN6Z2xoZzV5WDRneVJUQjlxeFhkZUh1NzZaUkdqT2lLV2M?oc=5","Haaretz","Israel","1778177220000"
"Iran will soon hold 'great victory' celebration over enemies: Vice president","https://news.google.com/rss/articles/CBMitAFBVV95cUxNWTZYRzIwQTZ5Q2xQcjVpVmpvbjdGS0FxbGg4UkxMcDh5NVhvbzZRb2VqZjhFcURhRjZmbFh4Y2dFWDhYWDM5U3B1RnZwbXdFSE9pdmh1SU5QUTBfWnFTQjd6U1RJTU1PajVwQzdpSjJZaldmbHVaVnVXZzhlQllZQ2hYSTR2ejg0ZXpRS1NsWlY3dXdwZDB2TjVqbHNxQU8zNUdRUElDVlEtYWpFblBabktJNlc?oc=5","Press TV","Iran","1778176620000"
"Iran mocks Trump’s ‘Project Freedom’ as adversaries wrestle over talks to end war","https://news.google.com/rss/articles/CBMijgFBVV95cUxQbnBlcnllR3hWMW1BdThjZV94bUZJcnlYN3ZkTXRpeU4wWnJtdmw5RVVHU3FxRVNUUHZFY3dVbFgyNFd3MG9MRlJIMlM1QU5wS1ViaDJyZE9YUk13UExMcmFaVUx1emdpeER3ODdaS0JvUWNHMUNQS0hwaklJeGFuYXowdzJyNHNuRjF5YTZB?oc=5","The Guardian","UK","1778176560000"
"In Iran War, Echoes of a Disaster That Shook Israel 25 Years Ago","https://news.google.com/rss/articles/CBMikAJBVV95cUxOZ3Jidi1pdDdiblYtc0ZfUmUwQ3doVmNpZ0l6LXl6Mm01eDc0ek92NnY3QUt0NDNKUFlobEJpQkVJXy1XTGFHSklHaUw2dnE1SUdIU0pLZTVJUDZvaGR3ekFVSUpJQWMtbWFNQThNVjlER0U3RlgtTWlEMnZqWXc2M1QwNllLci1McExpMzAzLUI3Q3JNWVlHTUxWbnlzVk1GOXE4amU3ZUxEYjlzcWdkRGpDaG84OWFkNmRqQTF6RUZFcVpOZWhSS2JONzRRVWxLN2F0Ym5NQUZZcklwWXV1elRTcjJ5U3Q2QTlaVGpvQ0xpY0d0M2JEZlBvU25xeHU3MVhwdVJ5MEpUeUNhNWphWA?oc=5","Haaretz","Israel","1778176440000"
"What’s in the 14-point US-Iran peace framework? Here’s what we know","https://news.google.com/rss/articles/CBMiqgFBVV95cUxQYVNnWlAwcWJZdkM2Rm9qSlF0Y0d2czZVQ05CeFpkM2thY0Q1dm84eEViN0M2aGlvLWg2SWNVUmFvLXdFSmZZT3JrdWNQRklvQ3BzNFg1UDI4bFdmZDVMNVByTWx1WVhrSHRjNlo2Y19QTnhodncxX2NZTEoxRUJhZmg0anFEd083cVdtc2VUNGtsSldoWFZWN1ltQ1dCYVNPcmVQR3ZEdmFFdw?oc=5","New York Post","US","1778176440000"
"Opinion | Trump risks snatching defeat from the jaws of victory in Iran","https://news.google.com/rss/articles/CBMipAFBVV95cUxNOWhxM1BZOGNkMGZGNm1zcHc0RFZfNk9ERUJsbG5fUk0tMXBnZXNIek5YZ1Zmb2NsTzdzNWh0MnB3b2luODVqR2QtaDJIc2FyaEtQM2JYeGZoRHU5YVA3ZUVyYnBuZGx2TTB4TFNFMjAtc1RMelBBVFJ4dnR1SkNKR2tNRzN4SGxDOUxUcUtVbENYdlhXY19DXzFHRFp3S0JINWFyNg?oc=5","The Washington Post","US","1778176228000"
"Exclusive: Oil-price bets ahead of Iran war news totalled $7 billion, reporting shows","https://news.google.com/rss/articles/CBMi3gFBVV95cUxOZ1NvbTlocks5a09OV1ZQOWtGY1JrbVgxZmxJSjQ5VnBQVWVQWTNVNnFvb1d6ZGdOSXNqaXAyT3FTQlZGMDNrNWxpSFh4NV9WOWNDUDhEamtXZk15UUFtMEppd1JyS2tqOGN3ZWw0R3A0YTY5SUNYWGRWTk9JOGs4SUMyeUNyMmNrYjJYaFRLSEgwS0owYW1VdFZsZlBuSk14NFVMY2x0MVA5bkdNdE9GZTRNeVF2UlZPYTRjT0tFUHkwOFRYQnVmcVZkZkNDSFEtSzJRd09SWVIyVnVxWXc?oc=5","Reuters","Global","1778176095000"
"From 3I/ATLAS to Hormuz: Iran’s War Reshapes OPEC, Energy, Corridors and Space","https://news.google.com/rss/articles/CBMiqwFBVV95cUxNWmVJc0xpS3BRcTN5TEwwSjJ6R0hhclY4OENIcTFXMTJMR2dnUjlHalVPRXlLWk82Wk1rVDNQM2pYWThLN2pTZF9mUjdULU1sTjVEZFJ0NnpXaXZJdEJneF9fZEg1UFJyaDc3RXlubmdiOEdaVGhqQ2ZNT2RJcWNyaXlUaVRBTkRRNjVsVUhka2VXcy1mdldsNVhqOGF6S0N4Sl9HM1p4amRudlk?oc=5","The Times of Israel","Israel","1778175720000"
"US envoy condemns ‘collective punishment’ approach by Iran","https://news.google.com/rss/articles/CBMilAFBVV95cUxNQjBsajU4S0JDWjZRbGpTZ0pDcUFrckZrTGczNzJkOUtBUWpPcDZmc0RhTTE3em9uUEFGS3NpUVRwbjdNM2x6SFdIMFlhTWFLaURLWGxobmtfdFlLQU9UR3VFX3N5R3RudHhfb0NpT2MtRndVWktEc0tnb2lhYlVGSHFPUXJRbkE4dlhoN2k2a2F6UkFH?oc=5","Dawn","Pakistan","1778175606000"
"Why has the US sanctioned Iraq’s deputy oil minister for helping Iran?","https://news.google.com/rss/articles/CBMirAFBVV95cUxNcmliZWtfak5BRlREME85cV96elUtOEhMRGFDV04yWVpiOXlfbW52aHoyREh4YU9meUxfSFpZVlJRVXVlMngzZE96enUwYUxxaVRoOWx6aFNFRUk3a0tNaS1YYU1pblhUanUxSG5NWmpjb3RUV0VITFNIQjk1QUNrTTlYTWRldUlqODdXSFRRa1RPRDJBU3AwbkljVUI5YmlwOElfSV8yYW5WTDVj0gGyAUFVX3lxTE9kNFJUOThMeTV2TzFveVNqZFFtU2xyRWFBYkVJWThackhfX0dlRVlBOGVHZ05DUFd2MU15YktDZnJkOWg0NVVzZkhkNXFYRWQwVEN5MXBvX05XZWpUMmtjS29uV2pLd3pmWHBEcU5sSGxGSC1TVmdEcUREVHVhRmN2cENtM0tZc3FEdS1RVEJ6M1ZONGpOcDgxZWNKU1AxUDhFYlo5amRmNWJVT1plajFxRGc?oc=5","Al Jazeera","Arab","1778175552000"
"Islamabad, Tehran discuss diplomatic efforts amid hopes of US-Iran peace deal","https://news.google.com/rss/articles/CBMiWkFVX3lxTE1FN2lHZzc0RVRlUWQwTUxsS2FScU03aFE5UnZwQlJVTDM4YVhjZHI3SlZxX1hHQnVYRHpKSllmMWZfUllMLXJHeEJuQVNZS2dnTGtTLVlmQ2lGUQ?oc=5","Arab News","Arab","1778175401000"
"UNSC draft resolution to focus on Strait of Hormuz mines and tolls","https://news.google.com/rss/articles/CBMiogFBVV95cUxQakp3T3lzcVZ2MWJJaVM1UHM3YVh6TnRXcUltaDNpbm50czVwY0RLVDBJcjI0RkpYakdKU3YzWnB2eldmNnRaaE5wV3BsS052ZUd5Q3lZNW9JNWoyYmZrSVJwMTNXZzZodm50Zi1tZTY4ekFHOG1ZazFQT2RYMkxIQ3VtR0g1YVk4XzlBSjZGSjRHWEdMQWhJM2JYZXg5M29HOWc?oc=5","Dawn","Pakistan","1778175376000"
"Qatar urges constructive response to mediation efforts between U.S., Iran","https://news.google.com/rss/articles/CBMifEFVX3lxTE5yclpacnNWSlR5SlVVRllmdXN0dldfb3RxTUVSMHlwMEhMZjZIT0ZKQnpDMDRiUWREem9kd1k3Vnd3S0hCdmJORzNSSUF6UUdUazNlazFlTVp1WndXZzVaS01uRFdtVVFja1picTlZQkQxNWl0MGJ5V3ZCZjY?oc=5","Xinhua","China","1778174985000"
"US giving space for Iran talks until Trump’s return from China next weekend — report","https://news.google.com/rss/articles/CBMixgFBVV95cUxPNXJoLXljWWp5WWhsYXc2eTVRS1VhX213b19IamlqOUQ1VmMtOVctaUotZFFYSVBYWDRZM0pnTmNNbVRqQWNlMFR3Wkd6Y2hEMmlQMmZzeFJwRmFwcGR0STFmVGhKT0Q2bkoxLWxlSTctMmc0OHhmTzZOZzBadWdyVFhzNzY5WFdYNF9MbEtyUV9hTzFfRk9KVHFxY1cwT2Y5TkhZcUtBVld2RGFvN1FwcU9hblppU280U2Z6VVB6eDdmMFVEQmc?oc=5","The Times of Israel","Israel","1778174579000"
"Stocks Slide as US Awaits Iran's Response, DOJ Probes Oil Trades","https://news.google.com/rss/articles/CBMisAFBVV95cUxOTHJKakt4RkxpcDdRUFFpWXRUSGRzeFl3c0YydXVnMWZQLW1TUGMyWjRwTWpZUGRmZkFOOVlJV3c2RjIyMTI0S1JhNXdQWDd1U3lpN0N2LUZEajBxZWxqM3JjNzMwVm1YdHMwYnhDOTZFTGpYcTAwVUM2X1ZldThnQ3hNMG16TE5MdGpJMlFORFlhMEpkRW1JREQzMkE4RDNhel9jbEg0SzFBSk5kcHF1ZQ?oc=5","Bloomberg","Global","1778174134000"
"Iran thanks Pakistan for repatriating nationals from seized vessels, praises diplomatic support","https://news.google.com/rss/articles/CBMiywFBVV95cUxQdlowZmhJSnhpampOTTFDRzV1ZWhkVHYwV3YxWlgzVE5iMUd2VjhMb05tamZXd2oyM2lZU2F6eWtoT0Etdl9jSGtaQTlyeUVQSGRCSWo4WTl3R0RwNmZBNFB3LXRORVo1TzVMYnltRGticlBCRDg0bkRZREI4RVJQTFprT1ZjUEhvWHZNQ0w4djBVR19xYkpKLXZXd3NxVEFsQmo5RkhJWnFQNUVYQUY1NFJqNnBac2diY2hlTExMTUloQ1ZoLW54T0psWdIB0wFBVV95cUxPanVGLXJkODJuVG1RcTc3dmQycVEydUpNb1NGUG5rc0VaazEwSFVyakR3cjBzSUw1dHA4cUlzN3JxZ2hna2hfSzg2Smtmdm5ibU5MNjVNOE13VG0xbGx3ZUlNVjBTa0l6cGRUcTJCZ1M5Mmt1V1VsY3ZZV05saWFuSXY3QUpxblNQTWJoV3Z0ckthV1M0T3RxQnpJeGJ3STZfUVZGcUFYNk1OSDR2UngyOXNucmJEWGpBYUwzOGNhQXF1NEg5SXNTWGI2ZS1ic21Kc0tR?oc=5","The Express Tribune","Pakistan","1778173573000"
"Opinion | Michael Ramirez cartoon on Iran war, Strait of Hormuz, ceasefire","https://news.google.com/rss/articles/CBMirAFBVV95cUxNd0dxTFBDRTBmVDFxbzNfcW01eXRwcEJVWmFhRmZQSTlaM2hIYkVZN2w0N1FjeGlkaXA0SmE2SmdvcC1XLXBldm5GV0hsUm9WWjlJVFdSQUxCMkNxLW1VcURGUUp3RkhYTmllM3pfVnhKOWVoaVpqSGxYSERXMC11MFg4TUNKVW1iOXpTa1hTZGpyVXJmeTM0bkJCckR3NGZ4UG5XWGEtdE4xWWlp?oc=5","The Washington Post","US","1778173330000"
"ECB's Schnabel sees rising inflation risk from Iran war","https://news.google.com/rss/articles/CBMipAFBVV95cUxOUFVvZXU2bVFmR3RMaHJjV2NhT2VCc2pOSko2Tk9XamNIWEE4T3l6dGFDNXdkajcxVl9FcDk5WXotRmtTZHcwampsV0Y1R19vT2QycmdYdmNpYUQxRTVaRldlQUZEMjNsbFlNTFBibkxKN2ZxZVdHMFRnY0o3T3hTRXNhcmFFWWRTcFhnc1d2a3gwS2RoNnFncnpRdnQyZ1EyUVdrNQ?oc=5","Reuters","Global","1778173329000"
"Diplomatic anchor or strategic space for Iran: Saudi airspace becomes new challenge for Trump","https://news.google.com/rss/articles/CBMiakFVX3lxTE9nN3MwdFdPc1dqUzNCMU5KWmM1THAyTERMTTYxTy04U1ZtTE1BQ3VteXlPNVF4WW8ySXJOaGVkUkF4MmZjSVhDRGlNMDRTeEdjWWR6NjJ5NjVfbEZKMkh0LThYcjllLW5GdWc?oc=5","The Jerusalem Post","Israel","1778173306000"
"President Sheikh Mohamed and Egypt's El Sisi discuss Iranian attacks on the UAE","https://news.google.com/rss/articles/CBMiywFBVV95cUxNNjY1MExYRnp5MFR1cGJ4OEk2aDA4VGhoQk9fcENBeFNVb2V5dEh0aUNPVG5XVEtzbDI5WlFlLVNvckNlUmRQYzNUX3dhNGk4RUVHQXk0blV2STdiOW5pYmRxajB1WUVVakZaT1I0eko4SFVMem13ZXJ3NUdfSVV1a3ZHNTUyaVV3Wmo2b3hFLWtvU0tFRE15QTZRM2pSN2F2UTVDRUZEMFdFWGJQV0RJeVhIV2M3NTh2dVdUQ09OaFVpdDBPc05pay1PVQ?oc=5","The National","Arab","1778173035000"
"US slaps sanctions on Iraqi deputy oil minister over Iran","https://news.google.com/rss/articles/CBMilgFBVV95cUxPUDRsRWZDUktGWGdna2s5eDh4ZXppQUJxQllRZnZvaXJBUHd4N1AwSUc2OEFvZFh2eS1yYUJCZWVxbmxXRlZYVl9EWG92UUpPbnZGOU85T0tDdlhuSUxXNXpSNTBiRXRVeG5TRWh1RkljbFpGSG0wQkR3NUUtbDBOSGZCTU9KUm5xSzFlNFdqZGVPZVdldGc?oc=5","Dawn","Pakistan","1778172604000"
"Rubio meets Pope Leo on mission to ease tensions after Trump’s criticism over Iran","https://news.google.com/rss/articles/CBMi1gFBVV95cUxQVVBxVV8xQ1hSX3ZRQkxQdzdHT0hWYlhDcDFRUWc3NnIwcC04eG1aTlB6OGJjZWRzajh6b3lqWEdJRUxOWlhiSkF1c0lvemFQYVZCbjduYW1SdllaZHozY1RVeVZpa2EwQ1RuNENraXh5am8xdHAwYmQ0Nkc4Q095SFhDZ21lZzBiVDZwbUFGNmVyTlRGU0wzWTBXbDI1YnZpcEFFM2ROcGJWcW9KeGRxSEVLWGd5MEY1WEwwVEoxcFItaVp4Z0RkbmdQa2M2NGt4bzZHVVp3?oc=5","Associated Press","Global","1778172600000"
"1st LD Writethru: Iran says no conclusion reached yet on U.S. peace proposal","https://news.google.com/rss/articles/CBMifEFVX3lxTFBFQ2NZS2tGVHJ3YjVDWVNURXZYLTJDV3l2VklmbVZyS0lkYWpZbDI3T0VTR09FNS05TG5LY2tJZGJ2Zk9XT0JwS3lzaVAtQVh3eHRmSWNyUE5Ha1RFU0pPUVVVQVAyVmJMaTVFSV9wZzJQbFpoc3ZtWDlhOGc?oc=5","Xinhua","China","1778172405000"
"House Republican Proposes Bill to Wind Down the Iran War","https://news.google.com/rss/articles/CBMimgFBVV95cUxONUl1cHFiV1lYcnpTbm9OcExpaGw3eUxMXy1OcUlPSV8zRlktSEE0b1NWU1E3OUpLUVRjM2swLWhLcHozSERyekhZSE5BZFowSE1VeVI0b1JDcXh6QUNXRUZFRXdwbFRwOXMyNVRVcEFVYU9nbWFnN2ZjR1AxLTM3dm5nYTVva0Fnd01UZzN1M1Y4MXFfcjBSdTN3?oc=5","The New York Times","US","1778172342000"
"US Sanctions Iraqi Oil Official, Militia Leaders Linked to Iran","https://news.google.com/rss/articles/CBMiswFBVV95cUxPU21fdHFRQ0xOeENISTBNckJCNVM5YURZN0RKRUlQVTlpcG9vYmVfd2NHRWdmYkNpOXVhZW9hanktM2tEN29YNHpYZVJDenV5bThFUFFGWTRmZU9RTTRGdVhyWVI0QmUtMDVYYTJKdzljQk96MlBNSVdNMGlPOTdiaHZFWjd0UktVUmJBZklUN2VuSHd0Q3JYRkhHc1l5RUZKRGlnLVFUQzViSlRpT2JHSndxSQ?oc=5","Bloomberg","Global","1778172111000"
"LNG carriers transit Strait of Hormuz 5 times since April 22: monitor","https://news.google.com/rss/articles/CBMipAFBVV95cUxNWk01a0JLTnlnWGl5aDFFQkRSQ21YX3laYzRtU3FMdGtkVnJWN2ozQkEwcU43WTNUVHJkdU1XZ2xHa012MDBaM09NYnYyUUdjak1PQVY1S2F1ZGxKU21rWjVmOFU0WGo5S1VnZExfVHIyZ2Y1MlVLWXVPNVdRNG1BWVlhQU9ydkRUZU9INjl1VTJGWGlKaVotWVhGR1B1bDMwcE13ZA?oc=5","Dawn","Pakistan","1778172004000"
"DOJ probing $2.6B worth of oil bets placed before Iran war announcements: report","https://news.google.com/rss/articles/CBMiqwFBVV95cUxQdDRXWFUtdnFsbDMyWkc5UHBWb05VeVg3UU13WE84Mm16OHo1cXhWTGNtM3FMdkNubHIyQldyRk0wVER4TEFWZTdIOW5QdXpwN2FBZjljQ3E5SU5oSWZMVnlDaW5sZ2V3T1VUVENEZUN0dF9wTFdBV182LVQzWko0U1pTekNwWGFVdnVYZXJGVUwxUkI1dTRoOG02cVRpWXZITjJPZUdXal9SOUU?oc=5","The Independent","UK","1778171880000"
"Outrage as oil giants profit billions from Iran war - The Latest","https://news.google.com/rss/articles/CBMiswFBVV95cUxPMXI3dDFWUjI1ZDBuSjI3Tkswb21SR3pBVWpHN3J0cDRDNWVHaGstU2h0QlBWUjA1S3g0UjhYbmp5Zm44ODFIS1U3ZTVtY0NRVHJKaFd0eUFqeHV1Ukg3TW8yN2x4YXdMRHM3R0JHanBlZDJ0UExycWlqRWFrT2RMTUJ5Q0RTbXZxeGpiQlZIWVRoZHgzZlhzT1l5OTFBQnA2RHlEU21wQ1lmdko1Tm9IbXRUaw?oc=5","The Guardian","UK","1778171607000"
"Outrage as oil giants profit billions from Iran war – The Latest","https://news.google.com/rss/articles/CBMitwFBVV95cUxNckxjN3Y1ZFpNdy1aekRzLWpXUXRiUldBeFVvOTljeDk0VDVNNnY3cmZESVpnUUdlS3NFQW43XzNqNXREOV9fQ2trUWFKNThhdk43YUdJX21haHlwc3NVWFk1TXRPRm16STBRaHdFTm53U011QmdRZmNHaU1JZHB2aS1lc2NIMFpGZHdkNklhVDdqdTVpSVpzLUlXNm1reHJsaHBtaDN2Ry1NdktGRkJjbHpROUFXVU0?oc=5","The Guardian","UK","1778171136000"
"US Awaits Iran's Response, Oil Trades Get a Second Look, More","https://news.google.com/rss/articles/CBMiqwFBVV95cUxPRGpuVXpfQ0hQWS1nM1dqTE9zcVF0Zjk2eDhqakhMb1BEc0c1Unc1Y21adlZKdm8wRUk5Q190TTV6OGhDSkxJS29pOFo3eW91dzB1Q2pRQzU0LUVtMTFKbjRNM19vUm5DOW5LSE9hUS1HY0VtU3lZZkM3ZWRGczRobG5LQ3RWU0VsT3RiejVzV0txSEtydU8xTS1fTEllR1Q5LTBUQVR3WDlYclE?oc=5","Bloomberg","Global","1778170835000"
"Iran’s president says he has spoken to the country’s Supreme Leader","https://news.google.com/rss/articles/CBMitgFBVV95cUxPRGZXRGJBSUVPSXNBY3hHSWJKY0x6RmZ6ZHNFdUV6RlNmeVVQdE1KVDBTeVkteXFrclN3QXdHR2UyYjFuQUN4cjNuX0RETnptRHdWRmNKLVk5NEtLNDVrOEJneUJpR0RQd05jNmpkc1pqcWZwekQ2cDFxOXNSYVE5c3d4enBUVUdhMU9lNGdRVzh2ZGFqdktrMmRYLUhuVFUzSzA2dG5KUFd3bWlpQ3RPUERPUmdqUdIBuwFBVV95cUxQYnpvWERtbGxUVVhKUEYwaS1MYjBOYVR2cWN6dUtxNzU0Zk9DS2tCVldHTm5JM2s4TWlteUpFVzVyZFM2Z2Nya2xzOUJiUFZNemY3OV84MjBqOGxjbG9UZEg2MmFuMmtGWjlod2hiNWp0cjE4T2hwY2hsbDBLSlBZQWhKWS1Fb1d1Sm1yRThTd1RGMHprTHliT0dTQTg5b2NEeFF3NWZ3a21Ja0FPeFE4TExWSUZlV3ZTSWg0?oc=5","Al Jazeera","Arab","1778170708000"
"Popular sportswear chain’s growth set to be stunted by Iran war","https://news.google.com/rss/articles/CBMilAFBVV95cUxOdFNxQnRGZ053WWdlQzJEVG91a1BUMEp5RGtBVDRka09xN0pNZjRmZ3U3NVF3RTg1eGc1Q1JNelZYZlVYeXRvQlNoNEY5Ym56SXV3Z1pRd3VWWXZFS25QWmozM0RkbVIxc3RWR1NLWThpcTR2emlRRXlYNzB6MkJfVVZ6T2NTZnFQdmZrRnZXTWo1TlR3?oc=5","The Independent","UK","1778170380000"
"Hantavirus Tracing, Rubio Meets Pope Leo, Iran’s Strait Rules & More","https://news.google.com/rss/articles/CBMikwFBVV95cUxOOHpsc0RLVTdwTjlOSy1kYjF5V2NjV1lydkRmMVg2N1pyaWNFZ1dXVUUtMVNDWDlRWlVfUV9mWWc1WmwxblFucmY3U3VLQVRBdk5HclV4d202VHlDQW9La0JfbjhBOEVyaGJPSE5iZnkyZHhsQmdOZUd1UVREbU1UUVA3STd6MUJmcHg1OEx0R0RubnM?oc=5","CNN","US","1778170262000"
"If Iran Agrees to Everything, Was the War Worth It?","https://news.google.com/rss/articles/CBMitAFBVV95cUxNdlBXNmQtU0hzR1hncXhiOTdvSWhBVWszWG1vbUdKQU5tR2NFNzNFbVZjVC1uYjlrVE8wQXBONTh4SkdvQWJLRHc1VlNCSGw2Y1p0S0VHeU1Pa0tBeUljVlBUM1k1TkMzeHVwTWlycGNGTlB5eTVYSUM4RW05bHRDTmpjTDlsaUE2WGJyUlVfa09QR253WTJZalJTQ2VTT0ljS2IyZkJsZDNoLW5PckkxNEk2X1M?oc=5","Bloomberg","Global","1778170220000"
"CIA believes Iran can withstand US blockade for 2-4 months — report","https://news.google.com/rss/articles/CBMisAFBVV95cUxPaW5MTzA3REhycFRTaHFyRmE3SUp2YTU5MUJXRE5fcmVPdnFhNnpPc2toaWlpaDRNWU9vVkY4UHBMZTN1WmVsUlRZVUQ2OGJLVm9CVFlxYU9ycEJiZmcyTm9zMm8xemNZTW1hNU5Bb21aSERIT2FYVVJMVTdZVmY3ZlpaYkxiSmx1T1Joa29xWjRXUDFfYlR3WE9kUWRXNmxGUWpDOTFzLTY0Yl93OThWWg?oc=5","The Times of Israel","Israel","1778170050000"
"Iran’s President Pezeshkian seeks to quash divided leadership narrative","https://news.google.com/rss/articles/CBMirwFBVV95cUxQaFlDMGlHak9BSE5oNjFUWEhVNGkxUmVsc2hDNkNZSEl5X2hndzBlMnBfaUJubVFzTVdMTGFGRFRIdjdFSFlpNHg5UTQ0azU5Uk9MWHE0SS1QZDV4bWlJLWUyMjJkSE5ZZW9RamRneE1XaVNkWS1pWm1DaHhsLVZKcUZmc1RuWlZ5SjZZdWdsYTJlRkZDeXl3SUZ5VWFuck40cUtKUzZMdXZjaG9YMTdV0gG0AUFVX3lxTFBiaFVDaS1pN0FudUszVXZwaVpPOWNjWW1FaVlnbS1NNFZ2OGxBMWxUeVhGLVRlSk1mWVphcHc0ZEZVdFFNTnFESWs4R1NLLTVIWkdnb2R2SE5GXy03Y0FoYmVkUDlFbGZ3VmNQREtWVmFsWmZzaG9sNlc1WFFPaXB4NEJINFhUMExXVExhUDM2ellxX2lWUTR0RDI0RUFkdzlmM2pNX3ItV1FIaG1McXVXVVItVA?oc=5","Al Jazeera","Arab","1778169975000"
"US hits Iraqi oil official and Iran-backed militias with sanctions","https://news.google.com/rss/articles/CBMiugFBVV95cUxOV0ctUUdYTGdNM3ZKdFpoRzE3Nkc1U3ZiWU5odTRtbGJZaXBmVy1BYkpJcFczUjB6SjJxcjY3cDk1THVoOTRYcVhnVERlbFpQbVpjWGJlalE3VFR4LXJMaTFxM1hqRjBnU1M2Q3h4Y2ZIX19tZTA2UFg0aXVhYzdKbW45SjVJWjFXTzl6YU1jX3JIT3JVVnZ2TDhDbDk5RTQ4bUtTSldEYTIxeUpSUmI2TVhxa0dWZFlRVGc?oc=5","The National","Arab","1778169940000"
"Pakistani, Iranian FMs hold phone talks on regional developments","https://news.google.com/rss/articles/CBMifEFVX3lxTE1PNHV6ZHdFRFBPY1RRaHB6WUtOMGNWVm1tRm5uWVdlVk95dU9MelpDUTllV1kyVk9iaEJab0Q5ZjA1M1Jxb05VVENBNjZZamhHTTFBcWhPOXdkVE51bzRHbG1wMm1yTi00b08xdWctOV9ySUJjUU5vLTJ3QmY?oc=5","Xinhua","China","1778169870000"
"DOJ probes $2.6B in suspicious oil trades tied to Iran war announcements: report","https://news.google.com/rss/articles/CBMiugFBVV95cUxPSktnQVMyWTlHY3dxRExoWTFac2FUWEZHQkVZb1MyZWZpNi03el9WdHhFSUMxemxFcTRUREk5WGx2M3M2YmNwVlJJcFVTT3FTemFCWDVhZnV2QmFXdXYyUHY3X2hfZzBRMFMya1NNNy15NmxIOTFmQVI1bElxV25OTmkzT0JhOVllZHBjUk5wV2F4LVBRb2ItSjFiSjRiVHZTXy1tVUk2UW1MSHBFelhqMl9zWGdZQTRtTXc?oc=5","New York Post","US","1778169780000"
"Iranian rapper remakes militaristic Israeli wartime hit as anti-regime anthem","https://news.google.com/rss/articles/CBMijAJBVV95cUxOaEdSamowQ09GYlg0SlFZdW9ZbVYyZzRIQWk0Umo0aDY4b3EyTVpZM2tOMGQyVEtfT01KbVJYejlmZTM5SnItTUNNR0VHWHJCT2RqTGxLQUZTREpNR2g2SENVRFYwOWE4QXNrSXNmQmJTVTBlWXJRWVhCcGVFWVlHc252QmxnaDhUbVo1aWtob3ZYUmliWHg2aWs1Q0Rfak1xRGpxUHl5N0hRU3ZrSG5rN3ZjZWlKekR0OVpqd0ZHaUIycUl3OFFpZTNMZTdsY0h4MnpvVDJpcHNEOEtoVWdFTTZKYWNiN2YzQWluUmVNLXhXN0FwS1NXNEFHT2FTV29pZ0o2U0xzanMyeHEx?oc=5","Haaretz","Israel","1778169780000"
"Boost for electric car market as petrol costs soar due to Iran war","https://news.google.com/rss/articles/CBMipwFBVV95cUxOV2lDM0xmU1dYWGlCX29tR3JJX251MjhJYTVxc1dRckpNZTdCSFZpOGdMaHFDQXFYanZIU2FzcEZweENoZUtEOWpWU0RjSVJGd2d4eVYxX0JkeC1tdTU1cU1OeVRNbnc2SjhZbGN1a2FHVHhyVENVRFl6Q1RFTi11YWRHWjRrMDlockhlVTN1X25NNlEtNnJaVzVkbTZVNV9rZ0NZUFpJUQ?oc=5","The Independent","UK","1778169600000"
"Germany warns tax revenues to be hit by Iran war","https://news.google.com/rss/articles/CBMimwFBVV95cUxQaEJkaWoycklqLU0zd2tobWtvZ05mek9IRUZ6bWZOX0FNbFpzd0NqNHV6MndxNlVCdF9fUFpPUk5xMDlwTHNqX095bUtpZGVTNnkycjFJOFR6SG1ycjFObEtPS1V6bW91eVgwVjVtUGVVNFBkR0w0NWJCNmI3dW9mRWFNMXV1ekMwbnhQazRKTEVvelVkQWRiSGQ2QQ?oc=5","France 24","Europe","1778169312000"
"Over 30 Italian scholars warn world of US-Israeli cultural genocide in Iran","https://news.google.com/rss/articles/CBMitwFBVV95cUxQaXJRb29BTS1RV0pWWjJCVGlGUjhycFdhZkZXMnNvUnA5TXg2aXpNZDc5MkhvRTNvYkg0dWJuQXNWdzlLcEVqQ0RILWFWWldkRnFiTlF5eXlZTmZyREFtcGdHMzlzYW54cE83TXV0aW5qc1hzNUNRUjM2dW4tWkhVN2VjVmlZdi1rMnhkcllZV0NNeW9aN0FiUl9GMWhRbWp4eXY0SmxzbF9fMnZ4bFNMU3JIbTZKVUk?oc=5","Press TV","Iran","1778169300000"
"US blockade keeps stranglehold on Iran's economy","https://news.google.com/rss/articles/CBMiVkFVX3lxTE4tbGlYMElaNWtSYk1LT3M2WHBoYjA5OFZlbFlVdkZPVm9TWEdEaHM5c3JHUzk5TkJOeUlraHRpWWEtWjZjQ2pRY0Z0dV9zeGJLalJDX2hR?oc=5","Fox News","US","1778169267000"
"US sanctions Iraqi deputy oil minister and militias over Iran ties","https://news.google.com/rss/articles/CBMisgFBVV95cUxNMHRacVdZTXMxWjMxMmtRbXpJSm9SN21BamFSVmRSajJOSFBpRlBDdVFNc3h6cWJERmI4cjVFYW1wT0FZQWZhRHBVV0N0MF8wcWlIY1FXMzlLUjZMOGcxMkxESHRvaGp0NDF3VGJ2TnlGZ0N4ZGdCQnpuY0tVUHdrZ0ItUUFEaTloZ2pmbzBPSUJ1UndSX3hRazNVYXZmdENoczB2Ylg1bkZXRkhSVmFUTU53?oc=5","The Times of Israel","Israel","1778169179000"
"Iran creates new agency to control shipping in Strait of Hormuz while reviewing peace deal with US","https://news.google.com/rss/articles/CBMiuwFBVV95cUxQU3RIS1BxRUF6cm1wT0hsYVU0ZEdMbGdaWC1peFh2MDVfV1Y5OWlhNER4NVIxeDM5LWhoSzJoX1M2MmRoTEMzSE9zOTk5bkhUbElNSnZRUGpwR2FFcnNKdnJIbmFWcFZ6VFh4X3RpbjdlN05DRV9qSW14SE1WWVV4MmVXZlZ3aDRLdzVFSGYyNU10SXpoQ1FXaGdBakJhOGJpbnFsLWRaZHFQb1A1WmczR1BYV1loNFFET25Z?oc=5","The Independent","UK","1778168700000"
"Urgent: Iran yet to reach conclusion on U.S. proposal -- foreign ministry spokesperson","https://news.google.com/rss/articles/CBMifEFVX3lxTE55UlJRZHBvbE42emNKcDVrOHhhYnVaUEtLeTV2M043UmRrdjZFYnJOOTZZbkFOQlZyY2hvTEhHV3QydFdxU0FWVEViNEdIN0lXWDJVOVFEcWVvT28wMEtzbFFUZ3dab2hUTUlBcEtZWFRDZkp4Zkc2TUx4RWM?oc=5","Xinhua","China","1778168595000"
"Group of Democratic senators claims Israeli mass evacuation orders for civilians in Iran and Lebanon may violate int'l law","https://news.google.com/rss/articles/CBMi-wFBVV95cUxNOXAwbnprVWEtb1hUNUNxckRXaWxfeDVuellJM0pERHZWZUFSUVl3OF9yZFktUEVabjI2X3hMX1J0ZmxMMXZXb2lUb1Q3YWZXZXRsVWZESjg4STF4MnFpOG1DUlFvWktoVzZaZ0prOXpIeTFoV1hyVkVWSXoyR1VLMWZ1ZG1Zcl9oNm1VS3Z1WlpIMV81eERpeWs3RDJpbjNvY3BMSmJYdlRhQnVGemRDMGtMX25qMVlOaU1rQ1N1SlMwai1BR0dSOGNuaG54MUpOWWRxc2RueURsYzdpQTZzcW84c2ZacGsyck8xRlk3WlhvUk5XMG50SzUwcw?oc=5","The Times of Israel","Israel","1778168579000"
"Trump’s ‘one-page for peace’ looks like a win for Iran","https://news.google.com/rss/articles/CBMimAFBVV95cUxQM3l6MVVseUx3TU9hdFJuZUxYRFo1RXBYYThqR1RpV1Bnc0N4NE9KSlQ0S0R3bm1BZ28tRDVBSFBXVUtLNkF5OU9oM3R4MW44S3lGT2JLWGhxcm1QcDJGbzcwVy1pVXg2WXktZGRuU3NCRzlFMEtIMDhSSE10cW1DMmN5SDA2Z2hPQkpBdW5YSndibkFNeTlHMQ?oc=5","The Independent","UK","1778168520000"
"Iran cut back oil production by 400,000 bpd, US energy secretary says","https://news.google.com/rss/articles/CBMiowFBVV95cUxQVTZQUndFRFMtemtUdTNQVXNzdXVJcHd1X1E0SFh2RVFiYlF6dW8wZXlVSV9RdjVOV2NSSjFLWDE0UzRWWFhEZDB6VTVtOHkwUHUwdHg3RjJBQ0VBLWo1Qy1HUXhsYlMtRzRVS2pzUWk1QUlOTjdrZkhRSEY4ZTdIY2U0ZDZzUFhvemgxNTgwb0VhdmJ0eTQzaEo3cGhmemRhRVFB?oc=5","Dawn","Pakistan","1778168404000"
"US Awaits Iran's Response, Israel and Lebanon Set New Talks, More","https://news.google.com/rss/articles/CBMipAFBVV95cUxPVXd5dkQtZTZTVTQ4TDBKVkxCb05qalFOUm1nSlBNUy1rd0RyS1pvamFBWHdPNkRPM29rN1Jza1JwQ3BwR0Y2djRVOE8xWnZxajRDbmZCZkt5SjZjQ2ctTmg2QzdncjNMVEllMWlNTjFLcDM4OEEwbVFkSngtSjM1VlViNFBPbzZKOHQ5alBmZXo1TW44OFdUUTZNcHlYekVSYlkzaA?oc=5","Bloomberg","Global","1778167984000"
"Flash: Iran yet to reach conclusion on U.S. proposal -- Foreign Ministry Spokesperson","https://news.google.com/rss/articles/CBMifEFVX3lxTE56RV9iVnNTRHJDbk10ZERabTA1MlBjQ19lZkpwV0VxZHB5N0NUOE9EaXJkQ0ZBS21mLWd0SUp6Um1mQm5QWTVjb3JpdlhwWUFMMXdYbXpRcmZBYTJHSDNGUUo3dElIVTVrVHd5VDNJeDVfcG5FSlJPWDVSWFk?oc=5","Xinhua","China","1778167830000"
"Ma waxaa la gaaray dhamaadka dagaalkii Iran iyo Maraykanka?","https://news.google.com/rss/articles/CBMiXEFVX3lxTE9UQVhNVGtQRDQxel9MSHVZNmdkZWV3Y185UVZuQ1lzR3F1eVdseEZ0QnZUbHpTLVZYdFlZcjVzYWlKTlZxVTJScVdBTG5jbHd1b0pRX29xNkZTRVVJ0gFiQVVfeXFMTnFXM084OVhuV2RHRjJOS3hSOTV6dE5jdG9od0s5alZfLTVEUVN6Q3hpWXVxazhzTFFlZ05xTXIydmhwaTZPaFZFcE9NTXlMeEs1amxTRUJNdTdJWVVxTTZxWVE?oc=5","BBC","Global","1778167544000"
"IMF Warns Demand for Angola’s Bonds to Cool If Iran War Drags On","https://news.google.com/rss/articles/CBMitgFBVV95cUxQV2dwZU84SVVYUERla1VPd0lzY2dJTVdMaGhJS0ktb2xvMnNBVm1KYzFFZUd2RmJjT090VFlPNkI5eEhLMGZqS3RJUUV3ZnlkWWZTSHJLNER4SGFWYm11bzN6TFh5WmNqUkNFczcwdGJlWjNhdWJqSkhRZnBuRl9oQTBuWmx1XzI3OGtUaVZnajZBTEJ2UmxuZk9lZ2xIZVprUU9ZajZSWXF3Ty03MHoyaWNYclhKQQ?oc=5","Bloomberg","Global","1778167515000"
"How Israel’s Battle With Lebanon’s Hezbollah Fits Into the Iran War","https://news.google.com/rss/articles/CBMiugFBVV95cUxQTnYxUDV6NzEzeU80SlJPQUZDRG5Ib2d2WTFOVDhzdHNDOF9mMVVfODl3UkJqbHRKX3BLUW9iV0MtcFRHemcyX1NPXzZoRGl1bncyR2otc2k3aG82Y08yMHRhWFZZUWdTWk5xLUJqOFI3ZG1POXZkNGpjV1FMaHoybkZJS3B4d3NvaTRzNDI2UlNvVll3VG0wR0ZFWFhzeFRtS1Zuei1OVi1YdVBGRkxYZXV4SUY4YUg0bmc?oc=5","Bloomberg","Global","1778167425000"
"U.S. intelligence says Iran can outlast Trump’s Hormuz blockade for months","https://news.google.com/rss/articles/CBMiqgFBVV95cUxNVF8zSEtHU09vYVhyWnFpR3VUdVBtOVRRLXFrUEtFR3ROM1VaQnp6V25kMFFIdjl1dmhPcFVXQnpRZ1VCQ3pNS1dwRWp4LVdiZkRQWEpwbkRZNVpNQ29jRU16WHVjUnFhd1dGZE5QSjQtQVVlcWZUem0xUjZnbjlJOU8wQWpNaFc3bmZHWDF3Wmc1OUg4QXF5Rm05bVR6amZEZ2lQaV9ueHBZdw?oc=5","The Washington Post","US","1778167243000"
"Iran imposes new rules for Hormuz in effort to cement control of key waterway","https://news.google.com/rss/articles/CBMigwFBVV95cUxQLURIMERzeW8zZXZ2cHVTSHdLZkNVekZCOHdoYTlOTjVDX3VvbEM4SUJ4RGpXYnVJbzFERFRpMks3aDVPN3hRaTJGdjZaelFsV1I0ajRyMDdRUzNBQ2IxdER2RFpibVltXzVZWmc5TU1zMzJsYWUwanRmRWlxZXVIaFBlWQ?oc=5","CNN","US","1778167065000"
"Bahrain Parliament Strips Three MPs of Seats After Iran Row","https://news.google.com/rss/articles/CBMisgFBVV95cUxNVjZWSVFmTW16OEc2Mk5meVdvS09mM2R3Sk9SR1ctcDh3MGhtM1VwZXNJbHQxeDhWSHhvcm9ESGt4ak9UdW9vRE11NENIdWJjZEQ2cHF0RlUwM2txU1lWcHJ3Nl9hMEtUUDl6MlBpbmxIWlM2djJsTU5NWmxpWS1fS3FIMklZYnFNY2pEbjNRZkVDN3BkM29GLUduTFdTaE5FUEhwM3l1eFZlUkNCN3NhXzhR0gG3AUFVX3lxTE9WZzBtZGczWnRCNWZ1N1pHTi1qdTc0aHpoME1INnlRRGxic0RpTkY2M3hFdEdDQjVPc1p4c0IxcHRpR0FVU2docXh3QmtqdkNJZmxDM1BSTDJkeHdnTlA0LUhYUlJzSncyYW1KdG1udElVX1AxQTFoS1AzVmxuaF94bXJtV2FFakdkRnJRYXo1VnloelFONF80N1QyOGRlZ2JHX19TNHBDQ0p1S3hScFlWcWxUX2xmZw?oc=5","Al Arabiya","Arab","1778166879000"
"‘Trump could reopen Hormuz if he dared. It’s militarily possible - I’ve done it’","https://news.google.com/rss/articles/CBMiogFBVV95cUxQMmlPQWJnWG9GelFDVWhTYXJOYkFGMGM1aGVTRHI5My1aMDUyU3oyREttTHR4cno5d2N3amNWakl1WC1fdWN3QVVrUVI2SWJhcFRIeEY1bUNkLWNsOWFUVXd0WXhTRU4wb20tdUZHMVVQcEpxZDhSSW5vdlBLQ1Jnb1BTNVZqZnVaVkpuT1I1cXRWcmdiS0MtSnFEaE1FaTZxbEE?oc=5","The Telegraph","UK","1778166600000"
"UAE to document Iran attacks to support legal bid","https://news.google.com/rss/articles/CBMiiwFBVV95cUxPcnpvS1F4MHo1NlkzY0tiVzBRSk5IaEJ2cVRodVllZUQwOUQ1WEZaaFRTbjZIZXhCZGRwOFRkMGgyQURxalJBWWJmWGN4ejdZNDBzZ3dsRjdqWW9LTnpFZWZfUzBIeE1qREFJVHNvaFY2X3doSEx6TUhOVXByQm5DOEVnRHprY1FtZU9N?oc=5","Dawn","Pakistan","1778166004000"
"Iranian, Pakistani FMs discuss regional developments over phone","https://news.google.com/rss/articles/CBMifEFVX3lxTE9oZi1SUnNnUTVnRDZkNmd2eTlId0paV0R4Z3hKSUR3MVRnRXp0TmxMa1pVeEZ3NGhFTWthN2tfdmV1V2JjeFY5YldnZzJzUmRDWVF6bUpyMGtlOC1fWFVYMVpBam85c2dGbjVWRDd1RHIxNUN3Um9aQlZpZng?oc=5","Xinhua","China","1778165790000"
"US sanctions Iraq's deputy oil minister, militias over Iran support","https://news.google.com/rss/articles/CBMiuwFBVV95cUxPdlktdk1TSHNxMnpibXJ6ZHR5OE5WMUNoSk5uQ1V1emRjZUppOThfM3J1YTNKMHBjMFNtcW9WREw4ZW5ELXRSUk5GRGpWZFZ5QlhHRFEwRE1PdjVKR3ZBdW02SzFrQ0ZtRV91X2NFZVpzX0JMZmVvV0s2bXZTeVFWNzlUMklCM0w0WnNKMUVlUEVrTVNqRWxtU1o3NElvNlJJeHR6VHZhRmZiRVJpaVB6bDVpV3FEZjBacmVj?oc=5","Reuters","Global","1778165740000"
"Former US special rep for Iran discusses diplomatic efforts amid military pressure","https://news.google.com/rss/articles/CBMiVkFVX3lxTE1sSXZRTHdnaVpMQ19YYy1hNTVXc01SZXA0NHphZTBFOFhiMGNNbHBWVlFxMWpqVFJfWnpjMmM5bW9GcndFZG9EeURsRW43dFFZRkthSkJB?oc=5","Fox News","US","1778165588000"
"The Observers - Propaganda war: The Gen Z team behind Iran’s hit anti-Trump videos","https://news.google.com/rss/articles/CBMiuwFBVV95cUxQUzI5MjRNS2lSWThkS3lUMkloSWRsUzhfUHdOc3daUUVzUlRkRllXWlcySkRMN1VKWWVmQmdzWVZnOUExakI3eENWdUc3SUJMOU9Fb1VoQzY3N3lSZjZBS3JERkQ0WWR6ekwtNXpRTzMxN0V3Zms0VzR6ZkxTdG4yWThvS2R1NmNUZE9hSk8teFoxald3eXhoYlNWbFZvREZWQnIzaHNXMGFOQVBOMTRMeDJEN1V4bWFFaXlr?oc=5","France 24","Europe","1778165478000"
"Iran's national football team to arrive in US two weeks early","https://news.google.com/rss/articles/CBMiugFBVV95cUxQZFN3OGxLWl9MQjFQdlFFUmJYTDJlb0dsM2RITk5Ld1Z4MHZmd1h0anRmUHRSdzI0Z0FDQ3Q1Z0Z4eWRpU010NFNIU1VvR1I3SHpsMDdqZW1wby1XZU5ybjdrVU5BVVNjbkl0dTZReklFaEpXSk80MGpKWmg0NmlNVk5walpVY3FhRmpESk8yZ0U5OTV5Tk8zU1N5TUJubDZUVmtyNXA5dEN1SDRRd2ZrdjRFWkpVLUhEMUE?oc=5","CGTN","China","1778165471000"
"New satellite images show how far Iran’s strikes on US bases reached","https://news.google.com/rss/articles/CBMiakFVX3lxTE5ld21EemVyR2Y3THVHaWNuSkVXMldSQng5OS1pZUZOZXZDakVpeTB1TkZqSm9vVjM5V21MRlIyLXM5NFAyYVRMZ1lzZXM3SXNZZ042NjlnQnpxZ2hSZlY2aVVuUXBnNmVweGc?oc=5","The Jerusalem Post","Israel","1778165195000"
"Saudi Arabia Condemns Any Attempt to Close the Strait of Hormuz or Disrupt Waterways","https://news.google.com/rss/articles/CBMitAFBVV95cUxOZGRIUG4yUVozek5pMWNTdlJoMk1ubGhUd0JJRVptckRZWTdLNlNnOFo2R1ZCZDdBRnBZY0VGajgybzdtNkdTVjN4VFVlVTZfWWxFclZFSFJKa0tRNkdfMkVMSHJsQmhvenpCQzAtel9DbTVDY0J6TmNBZURjRkxPekNtMVpNd0IybzZzTXlPYXdQOHVHY1NTdkIzbW9rNWU4TlN2NWdsN2tnNFNnNGdreERLQW0?oc=5","Asharq Al-Awsat","Arab","1778164904000"
"US Waits on Iran, Pentagon Considers Its Oil for SPR, More","https://news.google.com/rss/articles/CBMipwFBVV95cUxQaEVZYTAwYUQ5ME4yVl9hNzM3N21BNGNBNFpNV1RkSG1SOXp4Q0pNR0g1LUFMdlZNM25zOFdJNEpDdEtYdXQ0RzVDNTh1TlBfbU9RWE9zcEdWV2JBMFo5WC16WmU3QVQtNG5HRzBQbkV4MkdOdVZPLXlRRDNpYUFjSzRsSVdNQVl2XzVZY3AwNzVhZnJ3SlpFUTYycTRZMzdHbDVnWE90Zw?oc=5","Bloomberg","Global","1778164839000"
"US sanctions Iraq’s deputy oil minister for helping Iran and its proxies: Treasury","https://news.google.com/rss/articles/CBMi1gFBVV95cUxQMnVZd0FFS0Z2MVZZZ0o1NmJjY09zSExESmVqQU4wN2o5WUJkVlJwS1Q0U2gwSzQwOHNsTGpsRFl3YlQ4R254RjRpbEw2QjEydTVjVVFGNWdyQmhhUUpqell2MUVuckNCU2tuUlhqTVNGTURYeHlELWRlQ0tuSkVqcFJtWEhSMTdzTENjT2haNHpDUUJNdXNsUXlOSDRpcy1Td3Vyb01Kb1ZnNE1waV9pYTRGX3RyNlY5ZTdub0ZZdFF4VVJmWlhoNktzYW1rR3JFc3JVV0NR0gHbAUFVX3lxTE4wRG1sZld2Y3Q1Q3I3NlE0cWVzNG5QZ3ZKTEUxN2trNHNRd0RmN2VvQndsQmtKTG1HbERZYlZEc2lMZWVjSkFTeGhKd2Vad2lyM1pMT3B5TDkwdTRkX0xYUHZxZ25UdFVZaHE0bG1rS0t1ZzhaWVFneUtUcG5BV3FVazNtTzdPS3VBTXdYUEYzWHQ2MmhtdWxSUE16NkZMRXlDWTdHNTAwaG1TN1FpNm44Z214bXNIcHR3THpJazJ2V2RZUXRhclNIdU1PTmpuOTJBcEEwY2lGV3RkZw?oc=5","Al Arabiya","Arab","1778164560000"
"Why a US-Iran peace deal won’t spare Britain from pain","https://news.google.com/rss/articles/CBMipgFBVV95cUxQM3NndkpicEdEdXgtUWJiZDJqX3Vxbk1RdzJGbXc3RmE4QVBIbU84OHI2ZVBJZjQySmwxdGQ5UmtIcnhiR0tDc2J0Q3JBZTJQSmprMW9wYlNTR0RrLVk3VF9LcG94WjVXbktRUWJGZWhNRXRmSkZ4MUpwbTVGVXlwVUc5MHdUbERYb1lWZzZPVEFyeVpxT0JaUTVIOXQ2Y29xV21CczV3?oc=5","The Telegraph","UK","1778164500000"
"Rubio holds ‘constructive’ meeting with Pope Leo after Trump sends hard-line Iran message to Vatican","https://news.google.com/rss/articles/CBMiwAFBVV95cUxNRE1hTUlrREZ1MGVIVHpBbEVBX2FocDlaMHY2ZEtGdkZxWEFEcUh6bkNBazFoeGNyZW5IX3ZtTmtJb08tN3lDbVYzQ19BVWo0a1l5NUMwRTBVczU1TWgzSTN6RF96N19WSUloWkFiNHRTT2JpOTluMEpiem5TN2RXS0U1M2lZM3p2NVFoUWNYSi12RUZ6YU9UWnRYVzZmalhTRjMtZnRDcWduU29zdGVwOS04TDJMOTJMaXVpcV94UDPSAcYBQVVfeXFMTW1CazhxOGlMMFFQY19JZFVOU3g0d1ozNlM1bmRnWHZMeDdxNEllYzJOVmdTY1RsVXFvOHAtX2IxY3FhRUFRQ3VQZG9aRjZHMFNwTExWWXJmODczWUN6MEo1UTM1akNWRk02dURmenNRNHhjdV9UNFNfZkZWYXd2SDdDVWFwNDE1QXJCNHhjZnNPNGRXdzhjNG1aUnVmbHV1NGVHNmxrSy0zdDFHbFFSdjRkYThHbXhVdmcwdlJjNDd5M1hUX2FB?oc=5","Fox News","US","1778164169000"
"Will US Lift Iran Sanctions?","https://news.google.com/rss/articles/CBMihwFBVV95cUxQNWdiLUtObjV3NlhOZ1ZDYVlIU3h2d3pqVDlqbDdweVVkVzJqaGp5cGR1OE9sU2xUa0c2UzFDeFRFSGJqekpBdXpnQ2NRNEVjWjBHTk9PcUdmSm16Uk1qbkhpQnZLU0c0eEQxX3d0elVERXRZN1c0cHhQR0hzbDVfMGZfUUw4T1k?oc=5","Al Arabiya","Arab","1778163928000"
"UAE sneaked 4 oil tankers through Strait of Hormuz — right under Iran’s nose","https://news.google.com/rss/articles/CBMitgFBVV95cUxPM3VVbGtiR29xWHBXejJBc3hzNlJyOFhZUlpETGVPdU42eC1XdUhETVpFVm1ZTFVRTW1lYVdZVXlwR3lmWERBRVhlQTVJQjVTSzRRcTJ1UHdIdUpOek9lUmhJamxBUnA4ejVlbFFkNWE0T01rRUsyeFdXaV9xYncyZ0hSLXQ0bnkxeUk1djNzZWw1Rk5sRHFBdmZLbEpJRFV3WDZ2TmNHdE9rbTlheE1TVkJJcU1adw?oc=5","New York Post","US","1778163360000"
"U.S. to Sanction Iraqi Official Over Allegedly Aiding Iranian Oil Sales","https://news.google.com/rss/articles/CBMiuAFBVV95cUxQOWJpUFl3TWlFYXJJUTBtMy1oZ2YtYnRHSWE4cnByVVBOTmU0SkMzZmxxT3VtUzVoRFV4WnIyb3JGYjNPdWRpNldMNEVFenVoZlNpZWY5VFBfTy0zZERLeGVEY2RzQXhKUUczdDBMMlAwSlYyV1AwejRhcDI1VEVKNjh6Z3hRSTdLNk9kaUtNZDNkcHZNdGJNczlCdWJsRE1MMUVsQy1uUlBhaUJRZUZpWjAwaFFWck5B?oc=5","The Wall Street Journal","US","1778163300000"
"Iran Reviewing US Proposal as Trump Pressures Tehran for Agreement on Deal to End War","https://news.google.com/rss/articles/CBMiswFBVV95cUxQeFJyTGNkSHpnZVI2TUpoSE5EcFp4WW1ZSU1PRUgxZ3l5dXB0bEMxenIxTjlNT3dFZXRVRnBfNHk3WEVuSnBCV202THdmV1hSTzdXYk1Sbmd1MmFLZWZDbHdKaVlKWTFiRGszYVYybWFyTU55OWlqLUZqZklmUkhIQ1RXN1htWm8zbHQwZFZ2c1J2UVBZNkJBajFUWkpnTHpFZ0ZVVklmdU5ON0xXdXZ2OXo2dw?oc=5","Asharq Al-Awsat","Arab","1778163202000"
"U.S. ISSUES NEW IRAN-RELATED SANCTIONS -TREASURY DEPARTMENT WEBSITE","https://news.google.com/rss/articles/CBMibkFVX3lxTE9lZEpvLVVtZU9SY3VLb0FaOXpxX3dWYUUtQ3ozQkVGeV8tYjl6eHR4NFoySmswNEI2Y3pnLUFaR2NFNGVzZFUwcjYzMkZ5WHJlQjEzNXNhY2QxOW1BUUE3c00zOEtYV2ZOUWZ0TkpB?oc=5","CGTN","China","1778163066000"
"Iran state media: President met with Supreme Leader Mojtaba Khamenei","https://news.google.com/rss/articles/CBMiakFVX3lxTE1HTFZPRFhHZzlieVNQdGdpNWdNdkJQUDZyeVJwcnhsX0R5QUIwdVgtZW5Fd1FtR1Nha1FRQUpMOEx0VlFYZ1RBMjRUYlY2M09vZmVneHY3Z0FKY0RFc2hodFh3elFYVk9lbWc?oc=5","The Jerusalem Post","Israel","1778162877000"
"Donald Trump and the illusion of an Iran deal","https://news.google.com/rss/articles/CBMirwFBVV95cUxPVkxySkExS0ltRFBJbmprVTdqREJNcTFRWlBYdTF4MzBZb0RXZnFMeVY0Mm1Dd0hwbXlOU19raUp1YXU4R1FiX2FRMmppOGJfZkNUY1F4aGZUOWRYbHZwUGQ4RXRjVzh5V2hPVHdmaEJ5Y2k0b25ld0VVR0FOVXFsX0M5Zzk4U0JGRGt6Nnc0cE9TaDVaTHFhWlNHQVd2U1h2dVVfa1ExREZQN1JRb1lJ?oc=5","The National","Arab","1778162682000"
"Iran develops next-generation nanotech bone graft for faster bone regeneration","https://news.google.com/rss/articles/CBMixgFBVV95cUxNVGNYb19Rdm1XNmxqelBrTkxjVEZWWDJFT0RaRlAxR005RFp2MEtCclBGYXg2SWRxSGJKZmVGQ3NheW0zak9lOUFHcWJZSFljWUZESFFnUHlIRm5YbHZmd2ZHXzR4TjdNSDNxbmR0Q0JJQ3I2QXhGa3k0eEZfeVJkRkNTZVgySGE0a1ViNU1NV2QwdmZMYUhJWV9jSnFpTERpV1NuNTlValA0YUk0OGhmd2pDZEpGU1djX2hkeW5wNURVaTA0MHc?oc=5","Press TV","Iran","1778162640000"
"How Trump’s ‘one page memo’ takes us back to square one in Iran","https://news.google.com/rss/articles/CBMiowFBVV95cUxNXzg1cERaQURwczlsR09LWnRvUUF1RWhDUkR1RHJIZ09yVko1QjQ0MmhWakNJOVFldG0zWW03RGVZVHJXRmhlcjk1ZmxYcjNXREg5dVdTVW5uSUdWTlhJWGt2V2FoM0JJZjh0MExERWVFOHZhUkJxaTBESVRQbE5tYVZKY09fN3pQTDZDcmc3N1hSRmpMSWs0Y0s3WlVZMElQTE5N?oc=5","The Independent","UK","1778162460000"
"US-Israel war on Iran leaves Jordan’s Petra nearly empty of tourists","https://news.google.com/rss/articles/CBMirwFBVV95cUxOWDd1R2JDbXIzb3BFa21keWFrOWtHY1ZIVWlPN3dMYnBERG80VzJPZUJUSE40NlBUMHJrLWdmYm9fOVc4eWpfMkNzeFhmYmtBbklrSXJ5bVh3ekQ3QWN5ZGd1V19nZDItbVFvYjU2cDhJTmtPV0pBdDBrSXJRMHRQNHFiUFBmUkx6ZnZnckZYVHRrQmVXM0tSTzc4blJjWjUzY3p4V1NvcVRtTjBpQ0R30gG0AUFVX3lxTFByVWl0bTlucG81cUtfbUNpZEtpRUJ2WlRCZFE4M1YtMTZadnltWEZyRkk2MF9WOW9BbEptcDhvVzdRbkFPTVZwMjE4Y2FGZU9KSkRjeHc5OTZBU3VFTloxTTQzRkxxa0xySWNvZ005by0xMkhoRFhwNkpLaDJiX1g5elFkMl9QOXhxWl9pV056dmY5dWNMZDZGTFlBc3dDdmFINmotYkMzU01QdnNsRUkzZHJmTg?oc=5","Al Jazeera","Arab","1778162389000"
"As U.S. blockades Iran, its oil still flows ship to ship an ocean away","https://news.google.com/rss/articles/CBMilAFBVV95cUxQaHQzZ2JLZXNFc0g0Q3lhdzEzeDBqeWxTX1J0WFJ4VG5lbW4tMzYwYlVYRWg5eDR6UHdYaGRzX1hIa1B2NkNLcUw1UzloMThPWkxEZ3BMZmJaZHFod2ZFVkJOWDBzaGhTdEVDZV9Demtoal9HcHg2MG1GX3dETVFaSXRlNFRwR2RmcWxCV25vZm9FaVdZ?oc=5","The Washington Post","US","1778162011000"
"Your move: What next in battle for Strait of Hormuz?","https://news.google.com/rss/articles/CBMiwgFBVV95cUxQT3p6N2gxRXFmUHY2UkNrTHpWYkJxalJlMjVsXzJVMzJUSEs1Z2NIUkRSdWk2enphby11b1VoSXVScFdBS3lfQl9WVHFzT1BGbGRjSFFNYlhBYUM0YXItMkhoV2pCUXdPbnhwcUdCelhkbGY1SE9mLUNuNGhOUnlLWDhveHZHNVpDMU9pNS0xbzdodVp4Ym8wZ2FpQkZUaUFVUmlnOXNoclFiM0RnVmFzZTdFX2k3YzR6b282MmtQUXprZw?oc=5","The National","Arab","1778161997000"
"Shell Reports Nearly $7 Billion Profit After Oil Prices Surged Amid U.S.-Iran War","https://news.google.com/rss/articles/CBMif0FVX3lxTE4yS1MxemlxUUIzYU9sWGRUOG9DZkpZYlJkbGFVck1rTThnUkd1Z2VnQWJKNnJZVWFFYVBPUHpxWXJVNXpIM1JmTE00ZldtWUNqMnkzQjFGS1I0Y1lQT3l4N1VkYUgyWDd3ZUJ3ajFBOEROM0RFWmtkTjF5TGRucEE?oc=5","The New York Times","US","1778161854000"
"These numbers show the global impact of Iran’s grip on the Strait of Hormuz","https://news.google.com/rss/articles/CBMisgFBVV95cUxQdEJHMGNwNWdtRi1tcXNTaGtXYTBTVVJSZE1aZGdPMzVJSXRBUG5ka2NKbHBkX2cybkFpMXR5b3ZhN2p6RXpfQ0c4VHh4TGJqVXNGMTVrLVN2dExGRGlvbUQ3c2tSb3VTYi00RHJkSTFTekN3c3U3NUNmaENPZVZhcjJiVmQzZmxjZ1pxbFBmdnIwSHRvb1RKTUhyanZ4VWk0aFViVy11TkNzdjNmWEtvcG53?oc=5","Associated Press","Global","1778161560000"
"These numbers show the global impact of Iran's grip on the Strait of Hormuz","https://news.google.com/rss/articles/CBMivgFBVV95cUxNbksxLUxzcUJsYlFSNFNpaGpIYzRCakFNTDJPMHRsVVhrWjhaOTRHT1A4LXc1cldUamgzY19UcTctNEVCT1V2NDB3cHpTdjVPWEZYSGVQZ1hsT1YzalFHaGpidUUtQkd1MTZZN3B2RWM1UU41bGluRVpORndaRDRlYUVlVXRUcmtiYnlFVGZ5SHlEbUlVQWRoR19XT3RQei1oYnRFaFlzLUlZMlBFclJyNHdqZWVNcFNRXzNYV0NR?oc=5","The Independent","UK","1778161560000"
"Iran gives rare update on health of new supreme leader Mojtaba Khamenei","https://news.google.com/rss/articles/CBMipwFBVV95cUxOaGF2R1lOSGVGbWx0a2RfbzFfUG9raklyVlVNYTFINjNvdm1vdGE0RGZHbW1ZeWNVRjB5eVVWN3NEa3RBXzN4QzN4RGhsMG5hbW5UcTBmdDFxYktiM3JYcDN5cXNWa243WFBIdUtSNUp6Ym9VSlhvODdma0V2aHJVNVVISG9WZlo1S0FDTjRUazFDc3Y0SmlfOF9BckJlcHVKUlh4czYzNA?oc=5","The Independent","UK","1778161500000"
"Stocks Hold Records, US Waits for Iran, Weighs Pentagon Oil for SPR, More","https://news.google.com/rss/articles/CBMirgFBVV95cUxPQ01KSWtrRUt1YlFETFpvQWVVVkZHNXRfU3FzbnhQNjdXYkp0Q2Nha2JxUmV2SHJ1bHc5eEVqMWUydEoyR0V4Q1BnT1F2SmFEd0FadE1BdTVIYmJaMjdfb3p2WnRqUG05bl9UYjdlRGJLclU4QjVxZ0dPMDJRaGlGU1pPelRjbXFtTEptR3NVMS1VcUgzOHJCdDFBRDJ3bDRFNDl2MjNqaWdza09GN3c?oc=5","Bloomberg","Global","1778161468000"
"KT McFarland on Iran's nuclear deal, enforcement, and China's role","https://news.google.com/rss/articles/CBMiVkFVX3lxTE5XQnhJNVFCVzFoRmVnazF4U1hxU1N5enlZbTUwY3VvZXJ4QVlXLTd4MW5WTjNjMkVuN0E1NzljeFZEdzBEaVhIVnVJUFZJRVVKaDZUbUh3?oc=5","Fox News","US","1778161373000"
"US, world awaits Iran response to latest deal offer","https://news.google.com/rss/articles/CBMijwFBVV95cUxNNzNlYWN0TW1TSHlHQWpoV0RnNHFKYWtxSC1RSzgzczF0NDFMSU1JQWt0eEphbzdVQzVaRjY5ZVlJOU5qd2l0cWk5UlZaVUFOZURmZmJ2eTh0TjVyN1BKSk5FbXBtNTNVOHAtWklXVHRmZWtnSlNRN3Jac2hDWEg5SDFoVEtDMHRsYUh4cDNyRQ?oc=5","The Express Tribune","Pakistan","1778161091000"
"Fables and failures: Why enemy's war of narratives – like its bombs – won't deter Iran","https://news.google.com/rss/articles/CBMitgFBVV95cUxPbVU2XzFxd3ptMFRnSDAwTjVRVVR2RjVvb0JGWnVBNUl0YU9xZmYtMFNNNlBEbkdNN2RDOHVnbUJGdVBFVUZWQWloN3JnT1dRT1pjNHJFdVJ3TDEwcDA0djdzMXhmaWhBVmN6bXNpMHFNNzI4dzlMUDRpdzR6dHZYMW9aUlpYRTVyY1hpZUlBQndUY3BZZlllZU5RUXAyRkhCWkZ5dEFxckNGUTRzNjFsRFZfcEYxUQ?oc=5","Press TV","Iran","1778161080000"
"Israel's war priorities sidelined as Trump pushes toward a limited deal with Iran","https://news.google.com/rss/articles/CBMiwgFBVV95cUxPTEJQT0JjNm9WN1I3VWJ4d2VVYU55MF9RS0JTU0p1a1hHSUNpSXUxemtQMTdoSDR6cGRaRk9rT0M4aE9JM0ltRmpSdjlNTHBvZlRCdC1DN1VPU2JfbG9wRnVJWTRuRzRJVjhtV3E1dk9uYXdWOEtod2Fad3pwQ0poa3JXRW9oNWRVclBzYTBTMUxjTmRpMWlFcU1pellNRkNHUnRwRTNkalJvRjdIX3ZsTF9TdnNOZ3FZUXdTaWluR1BMUQ?oc=5","France 24","Europe","1778161063000"
"Israeli airstrike hits Beirut as US and Iran approach short-term deal","https://news.google.com/rss/articles/CBMixwFBVV95cUxNOUtLa2FzWnJZQmpmU3U3ZjNpVFlyNm40b0JiOUR2dlRkNXNsd1dzX0RRUVlpTGtyeEFvLXN2eDlVZXJBYi0tRFBaWnl2X0J2QVc5aGp2b0JVRnZwWEhpYS1pQWpCSzN4cUtoUURFbmZjODVMLWdyRmlFSFpYT2tpT18xaGtjaWlaMU9mNGl0NC10dXBtVHZKQ0ZLendJaFFPeE93Qm96VThaU2x3TTI4YXl2b3liV2RWUnd6UDR0d2kySDdEUW5z?oc=5","CGTN","China","1778161061000"
"Iran’s Pezeshkian says he recently met with yet-to-be-seen supreme leader","https://news.google.com/rss/articles/CBMipgFBVV95cUxNcU9MMmZLWjhfY2FteXU4Z1kwZWJybEduUlNLMy1Tdi1Ib0NJbEh6d0pXUkN2TnFxcHJwNHNkMlI2d2tHSk5KbDhFc3d5bkNsXzR1N1FVVC1rT1U3RlhnRDZDd0ZYcXN5Z3h1Qm9VWXFiaWNyQUdOVnJIS0dIOHpIV1lnRnpnV0hsNF9JajRCYXlMMGlueVZDTi1aQlNEOTE4RHk0LTRB0gGrAUFVX3lxTFBEQWpqeFFrQndBbGc0bnZUXzBUNkpibVpCclpWS3VnR2ZFaHdJU01pc25kdmtLVS1yTUdCUHFGcXJSOGxCT3ZPdTRyYi1vSjZ6M1VVYTA2Q1B0QlNJQWNiNXdENW80MW9JOXdLRXRNN1p0SjlxZER5MzBZWTMwOFpvZGZudENhd3ZOa0c4T1dfeS14bm93NnlfU0RwSDc5d3Ria1lvbWdyT1FGbw?oc=5","The Times of Israel","Israel","1778160764000"
"US natural gas eases as Iran deal hopes weigh","https://news.google.com/rss/articles/CBMihgFBVV95cUxQS2hMS3RrQ2xWenlSdHpjV09TbWQzR1dnSlNfeWMzeWw0OUs2SHh0eVJfMjUyajVnSjFfSGRKb2R2bUdqSDFpOEVmdVlNX3Q5eEt0V1lHVTdjdVdYbkFtZG9nRjRMSFRoMW82R3YzNUwxNW5WRzB6cXFyMlk3dXRRMTY2alNSZw?oc=5","Dawn","Pakistan","1778160695000"
"Trump halted 'Project Freedom' Hormuz plan after Saudi Arabia cut off airspace, air base access: report","https://news.google.com/rss/articles/CBMi1AFBVV95cUxPeS1BRDVuRmVyU3VQb1U2My0ybkFoWUo0V3RzSEpEYVZwa2c5WWd2UGNQNzRVX0JIckNjRzVHOTBPQVZVQ05TdjZ4aXhoOEJfczM1dUhLb2ZvY0JkX3lrOGFtQUVyNU85N3NsWmlVb2JGOWxWcFRjYUt6SFBKX0pKYWE5MGlleVFYT1EwQnZSc2JSQ3loQnlzelZkbVpKclllaUhpRmJ3b0FiU29RdTRral8xcHFQN1BLaG4zclp1ckJXTV9RS0dMdXVVWDgyOXd2UTdBTg?oc=5","New York Post","US","1778160540000"
"U.S.–Iran tensions escalate despite ceasefire","https://news.google.com/rss/articles/CBMiXEFVX3lxTE1KU1VJRWxpbDNnZ0NPTlh3aFF1SUxrTEFoYjFkbzNtWFNPOHJOekFLSHNPREpFNmFmMnRNeWo1QnBueG9xa1hGLWw3Q2Izbzd3OFZHcWx0ZlY2eUdW?oc=5","The Jerusalem Post","Israel","1778160093000"
"UAE sets up national committee to document Iranian violations against country","https://news.google.com/rss/articles/CBMitwFBVV95cUxOTUpnVHFMbDY1TTg1eEkyQ0plNFFsaUtxcFptQ3ZSbmN6NW1SS2hPLU1GNE9GZGgtZENGNmZHQ2tSX1NsSFZqZ1A2Y1pheHZabnFkeDcxeVdOLUQzNk5ZdGZHa0IzaTZnOHI5RVNLNGxRVVY2U2hERjhEYk56MGl1Q251bXdOSzRKQU02ZEQ1a2phd1ZXcGhkU3ljMUt5eEdScUw4TlMxeXRQemtvX0F1ZTV4djRvT0U?oc=5","The National","Arab","1778160072000"
"Trump posts chart bragging about how the Iran War is shorter (so far) than WWII or Vietnam","https://news.google.com/rss/articles/CBMinAFBVV95cUxQYzh3eEczLXNJUlFWSG5QcUhkNmpXSGFQOVJ1SEctd2hwZmQ5M0gwUDNpNUstaVA2U0NGU014WnRPSTZ4TXgxc21lVkFPeVdxRGFrenpYREVHcW9jbHBlZDhISUpLZzNuX09zSXVkTE9RYTg0Y1VSZGU1MjNFOGhFZlhNZ0VMVXFCU0pQdmJsUHBnaVlWdFNBM3Nob04?oc=5","The Independent","UK","1778160000000"
"Germany Sees €52 Billion Tax Hole as Iran War Hits Economy","https://news.google.com/rss/articles/CBMirAFBVV95cUxORThiUjJKTms0UXd4ZF9SNEpTVklrZHhtM3RqZjZvQW1UUTRkWUI0Qy1DQ3QwMkE3LXVwdVZkWHJQN3g4OGhfQWVLbzZjMU5YNUZWdEpnMnhCUmxkSkN0d1I0ajYzTlhhNlZCRWJGU1VsXzRUaEc3SkFaMEJWbE9JeDZudVNQODVtU2VpNHZ4YjE0V2lodmhIT1o3SlFWZFdtMUhlY2hzNmk0SUFW?oc=5","Bloomberg","Global","1778159832000"
"Iran crisis does not yet warrant emergency measures for tourism sector, EU says","https://news.google.com/rss/articles/CBMiX0FVX3lxTFBBaW5OZDAtbjVFdVNjZE5famY1YVBDWENVbURCN1EwMnZyR0dhN1J0ZUNOLVZXcGZjZGdZbkZDUXMzOEtHMzRWRVRyak5hRDcxWGNSem1QY1BwRWRsVHFZ?oc=5","The Jerusalem Post","Israel","1778159789000"
"Understandings reached regarding easing U.S. blockade in exchange for gradual reopening of Hormuz -- media","https://news.google.com/rss/articles/CBMifEFVX3lxTE5kUFlUdHBabmFzbjdwOHFJMGw1eEVUbzAtYnFlNlpvalk1RHlhMmVNY29kb0hwX25seWtFSGpaUm9JT3VzV0hPV3I4V2RnNFBmSWlKV24xbGlCT25IX3VpOUZ2Q05WMUJBbGtEMjNNc0R5d3Q1YzBqeEtxSUg?oc=5","Xinhua","China","1778159640000"
"Iran conducting near-daily prisoner executions in secrecy, say rights groups","https://news.google.com/rss/articles/CBMivgFBVV95cUxONUtDVUpIZWRnOHphWlRXRXNYQUR2WnBWbUxDMm1zVjNMQldKSUo5akUyS3EzNEhWcE9laDZ1ZG5meERzYjZmY2k2Y2JXbjhVRnMtWnlHV0NFQV95Q0ZIM1VGeVVjY19XcWtPcDZ1TDVRd3IxRE8yZFFXXzJzcE5aSmRwc3NqTWYtUjl5VlVhd01KcHV5QnlVSDZvR3M4R18wWGI2eGxpZkJYZWtUMEFkWlNyZlAzRmVHWHFjcldB?oc=5","The Guardian","UK","1778159580000"
"Explainer: What's included in talks to end the Iran war and reopen Hormuz?","https://news.google.com/rss/articles/CBMimwFBVV95cUxPVFJsMDV3TnlrXzFTUS1TV282b1ZHWk1DS0dlNDRzR0k1bHNPaVMzRUFLaEs4VnAxZnNCV3lfNENjNGllNTR2b3pHeHJyQUlxb3FzbnEwYm92QUd0VTE1UDdXazh2MkdTRVNEVlA1a0JqdVBjWng5SnJOZHhmXzBaOHhIX0VuRy03V0UyWjhQamhTcUVOdEhmQkwycw?oc=5","Reuters","Global","1778159516000"
"US seeks UN help to open Hormuz: Can its resolution succeed?","https://news.google.com/rss/articles/CBMinwFBVV95cUxQdnNmeWVfRWhKakJkeEowWDFoc1BCci1ManJMWkYtbVZoVHphV2xNaXd0NFVNNk5tZVlRZ25LVWNxTl9INXVYOVlRYkhGTDc3X1N3X2tRRWFWVDBzSmlJTGgzZkg0a09iR3ZuQmxDbFMtODV2VTJBUmhkUzhHX1Mya3dNT3R1aXh2Xy1vQkJUU3JhNGVmX09YclJIeTFTSzTSAaQBQVVfeXFMTzg4OTlOWGI4bWtkdjBNTUE2cDRrSmt1LUtIZGlWQmZQdGFGQ1BVdjcxSEl0Yk5hZjBLbk5EeFlLeGlBR01DaUdsQXdtd0ZLMFpvMVpHSWs1dG5uWXdXWW9WeURXWnhqOW1rVWxTZ1RXc2VyN3FjbG5ScmJ2YXU0dndsNUtKcUVfM0pPbFB3T1hQMkMxX2NTNFQtV0d0M1hUOHhHdk0?oc=5","Al Jazeera","Arab","1778159326000"
"Iran war: Diplomacy is urgent","https://news.google.com/rss/articles/CBMingFBVV95cUxOV01lTHVFdWVKanhZak40ZDFUdjhrSFpOMl9CTFc5NjhfOWlkVFhaR1UwYmxJeWRzMTQxVC1fdS1yZlplMV82WHRFSmk3cURFUWMtcnB1dU9WS1hkaTVWWk14RU5ZbXBDdGtQdWwwM3M3RnNFOXQ3cW92eGd5V2g4bmFSNkxPQ0EtNHc5X00tc3BaWWxsYTBCTFNtUFlNdw?oc=5","Le Monde","Europe","1778159120000"
"Who Is Really Controlling Iran Now?","https://news.google.com/rss/articles/CBMikAFBVV95cUxPZXF0dlprSzYyc1FfLXNpUUMzeEtRemZPcHZtSW5jSUdkUkJVQm52dUV2MXNjTmh6NUc5NndneWZQdWc4ZzNPYXFIdUJOYlFBN0Zpd2lreEZKQThOTUd5b1k1Y3BTangtanBabERjS1UyN1ZMUHpoOXpraURTRmM4ejNjVmRMY0h1UEVIZTYtWmrSAZYBQVVfeXFMTnpZaFZqZFR4eUpiWUxxZXBHWVNRMnk0UzdmWHJTam93c3FQVTNaRC1jVUlGNmprbW9jZjlvS0RBZjU1TkI1YUxPdTNxMUh1a0JuZXBORmE5ajNIdWs0Y3NpdDRtMGJaMlpQRWhCVC1xdUItOXQxNDNLWnBRSThkRklFM0FZME9rdU9RRjBCWF9IQ1ZxcWN3?oc=5","Al Arabiya","Arab","1778159099000"
"Germany Plays Down Tensions With Trump Over Iran, Trade","https://news.google.com/rss/articles/CBMixwFBVV95cUxQVzJvbklqNFdHQlktbksxS2hyVGtzQjV5dVN3QS1oZVRJQ2kzN3BnWkNWbFpqd253UjQxdmVoc1JBU2tUT1R5VFNDNTVNcUVfd3VnaHpBakx0ZmdUNk9SbDhLSFNVTU5fT2tNQkZWdEdUWFZ0UGstOGNfOFV5b3lwZC14TTNzSTBQa2wtcFlzeHdiWE9kakRkcHpsczNKcDdjcUNuYTdKUnRWem5VTFdZQWhwWW01QUtPb2ZtdmdjcjlESTFqMm1Z?oc=5","Bloomberg","Global","1778158801000"
"Iran war blockade squeezes US supply of vital ingredient for making missiles","https://news.google.com/rss/articles/CBMilgFBVV95cUxNNWphNUF4MkxKcEUyNXkzMXpsWUduTkJZYjZMeGFnLWg1SFVGWk5rajJ1VGpmRUx3clZYQmxkSkktYjFwd1YzNExTRndzTkRPeURwVVpOeW9xX0NNLU8xQ0VfaDZ3Y1lieXJUZE5HbDk4VFBSdTFWSy1Bd1EtYmxoXzhfRVBpdkRRaHBJOVFrS2E1WlVEbmc?oc=5","The National","Arab","1778158575000"
"US oil price drops 5% on hopes over US-Iran war talks","https://news.google.com/rss/articles/CBMibkFVX3lxTE94NkRVTVUwZWFGSTNOd1NNbVNfUEhHS092bWYxUk14Rjdwd2dkM3d0ZmRJbm5QOUF1WHdOVzFMQWx4WnBWdHBuTU5zMDdhTlVMRlFSbVhxbTlwSzN3dHBGUXJaZ0hjMUp0d0tlU1VR?oc=5","CGTN","China","1778158213000"
"Iran’s President Says He Had Meeting With Injured Supreme Leader","https://news.google.com/rss/articles/CBMitgFBVV95cUxNMXMzcTVGV0lrM1BaQ2JFSUc1dFpIbEhab0M4MllsMDFVaXdESHRsWXBwak1qV2JVeVlrbFpoaTlkYUNuOUo1a3MxTXYtR1VXbGl4Z2ctSVk2Um1GNEtMVTBDOGI1UXV5c3Jpa1c4M1hIVEZ2dUs0XzhGUHlCNDdQalRVZUpZYzhMMFBXMU9aelJCanpUMmZULVEtNjVMQlJ5WDFNeUozdTBzSWtmekdaek5Bd2dnUQ?oc=5","Bloomberg","Global","1778158187000"
"Why Israel fears a US-Iran deal could leave Tehran’s nuclear threat intact","https://news.google.com/rss/articles/CBMiZ0FVX3lxTE5xNDNtMmRrWUxGa0VpZDdjSk9YaUV2TW84T0JxbkNEU040TUdab2lueXZfdkk0Ui1SajJCQnhGckJJcjVabnFDOWlHRE5zTDNxYlRYNjREUXpMU1hxYktMSmpmaFp0WkE?oc=5","The Jerusalem Post","Israel","1778158136000"
"Rubio meets Pope Leo, touts ‘strong’ US-Vatican ties amid tensions over Iran war","https://news.google.com/rss/articles/CBMiwAFBVV95cUxOWE10VFpkcEJmYUpIdmk3dlB4UE1UN05yY2JTWnl6RHZCTGJGZ19wb01KdGx1RHUyUXdiYVRLR3VmS2JtRllodl9lRTBmLUJHQTBNUUhVc2hpeEFkRGZRX0lGZ3pBWDNCM25CZTRRTXJ6RXMxbDhKLUNDUjRXbFoyMVZ2cmt2ZktWeDl6eGpWLVAyWUxxNUtVSDBoMEZrX1U1a3dibU1TOGxsT1ZjdjBtNlBXdUw4ZkxBMGVtMUkxaXM?oc=5","The Times of Israel","Israel","1778158077000"
"US fighter jet FIRES on Iranian oil tanker","https://news.google.com/rss/articles/CBMiVkFVX3lxTE45SmFuM0h5SDhMNkhoY19ua3RWbjJQMWYzLVl4c0FTQzNiNjAySTVnUUhzR0VVeGNGR1RlZmpVUXJhQlRzZkE2Q21NVk5HSFhWY2w1WEt3?oc=5","Fox News","US","1778157954000"
"US Waits on Iran, ABC: DOJ Probes Well-Timed Oil Trades, More","https://news.google.com/rss/articles/CBMiqgFBVV95cUxOazJRSDBDNDVQNGFUZ3lZQko1OGZHR3JLQmRSWXRCSTNzN0MwSmN4RHdWeC00ZXo1VVRpOWsyLVV3bzVhRzlrS3Z2eTZEWGVDNEFPRm5yb29YY1p0c0RQREMxNVhCZVRrNlBWS1Q2dGxGdDROSC10a3NNcnhMekphZTBJRzhDT2FDbVJwVTdrdTY0ZjlwYmFXcEdvTi1jYXVya0VxcTlsYUpaQQ?oc=5","Bloomberg","Global","1778157755000"
"WATCH: Iran official says FIFA World Cup host countries must issue visa 'without political considerations'","https://news.google.com/rss/articles/CBMi0wFBVV95cUxNV3JMV0tpdV9EZEFxZTFQeFVoeXlGSkt2bXZjQ2c2dk9wcU5ldnpJTlpRVUFCdVN6dkUtYnV4NWs4dWY5RUlldnpDVkJubnJEM2JKYzZXZ2xGZkY1dDRPTE5LdWxHbmhHdkdOR29WeEpHb2Q1S0J6ZjE5TTlVcHZpa2VWSmVlYlFKM1dLV2h5SVktMFJScnlGXzVVWk53NVZYNnFPQVBRUkNyaEljeVZsLWw4OE1QOV9wUjVnQkdEc05KUExMbHkxaTdQUG5wSWZUWEQw?oc=5","Dawn","Pakistan","1778157458000"
"The Latest: Rubio arrives at the Vatican to meet with Pope Leo XIV after Trump’s criticism over Iran","https://news.google.com/rss/articles/CBMixAFBVV95cUxNeFRhTXVpUTVBRzluNU5KdC1YS3FvMy1zVU56dVZacnR3b2p4a0c0cWlCQlBPNmd5STFLSUJuUmFOUmI3XzlNdmNWZVZqWmFsT1JodENlekFhX2twSGxfZ1VJcTktMHVreHpvcXZDbWlwdW5tak9UWlBGS1lQZ0pwdUpfeGU1NTByTnluS3poZm1mdWZ6SElHbkdTemp6SGxNUV9FaVZwbmNiUmo5UTVlQlppcjZFMlUyanBXYVlVT2NoZWJh?oc=5","The Washington Post","US","1778157454000"
"Philippines calls for stronger crisis coordination in ASEAN amid Iran war","https://news.google.com/rss/articles/CBMiVkFVX3lxTE1iZlB5dVR5T0lYaWZLMDBKZWNGX096U29XSS1JWGJvWlQ0dG9lNGFlRk1IQjU3UnFFbFRWWmJjMDVZbkxrb0lyUEwydHNIanJxVU11YUtR?oc=5","Arab News","Arab","1778157225000"
"Iranian FA says will meet FIFA for World Cup assurances in next few days","https://news.google.com/rss/articles/CBMiakFVX3lxTFBrYVlUal83eEVnLVJ0WEJfSzExd0x4WHhDNlp2cmlUQ3puODV1OTBlN1hlcU50VUphWHg4cUx3MlZScU1XVy1YTHpJcUpWd0FRemVLeUlVYmRvZ3ByUFduWUw1UklpQll0eFE?oc=5","The Jerusalem Post","Israel","1778156898000"
"Israel lacks long-term strategy as Iran, US near agreement","https://news.google.com/rss/articles/CBMiXEFVX3lxTE9IQTJLUWRiaHRsUUpmQWM4RjMzTTJIeU5Ha0pYQzlWX3BfMVdUS1dlVzVpYXRUclJ1bFpPNG1SUXZXVzZhN1lpMWE2MXhvZXlCVlZjYldYanlwWmRk?oc=5","The Jerusalem Post","Israel","1778156831000"
"Threat to US arms output as Iran war squeezes supply of bomb chemical stabiliser","https://news.google.com/rss/articles/CBMizwFBVV95cUxPWlRDRjhWNnBXT3NXQ2NCeE5UYmJDaHRXSnVPTTk3ZmJmWmtKYXFWdzZMNERHVmJTaU1VYzNra3Z0OExpOVY0V3NxZHdmS1pvTnZrQXI4QlBMVTJ1Nm5LbFp1YzVwLVJiaXhfejNrWEZvcFFEWFRJR1h1dk5JdUE0SHZ4M2lCTzloV2Nsamo1VTZTZnV5TkFacVNtT2Z0aGhzSnBWenhhTmJiZFhjYVc3OHdOaFY5UTRhMkRkaUdKVWJocm1RZFNFSDZRbFpwblU?oc=5","The National","Arab","1778156812000"
"Melia hotel group expects strong sales in Spain as Iran war redirects tourism","https://news.google.com/rss/articles/CBMitwFBVV95cUxQcW4wdGZPcmtBSVFIekt0R1dVRWo5eWZ5bTgyVlFUZWlrenF5eDRuYVVaMHIxS3NmS0ZmMzlYY2xUVDR3RG1sOW5hWlV6eVo1OEV1elQxX1ZmZndkeUg5TDRCMVAzZEZFQWM2U1VUdzRWRXRzSnhQemQ1QmR5c3hlUll1NEVmSTNlb3VKMzFoRTdsOTQwOEFucEQtUTgxTGEtWDVoaE1OSDV0T3ZCbDhiYjRYRXJqRGc?oc=5","Reuters","Global","1778156623000"
"Why Iran’s military campaign didn’t collapse","https://news.google.com/rss/articles/CBMiiAFBVV95cUxPNHplVk1CVU5idzZiNzlXeXJ6Y0ZQakx4OXowcjY2XzJ6MEl6ajZyNzQ4TklFMHM1SWh6NHdFdndrUElPeWlCYmdCV1lqbVdKdEtXd2haUFdrR0R6bWtPVmJfWTh4dDJtTXR5RktBbGNSVFhfYkV4TkQ3NzZZNVRWdVpYRmVobHlE?oc=5","CNN","US","1778156520000"
"Shell Posts Earnings Surge, But Warns of Lower Production From Iran War","https://news.google.com/rss/articles/CBMixwFBVV95cUxPQS1zRDFfMWRLenJBY2hWZ3ZzUnRZZDlwWkRXM3U0d05rcFNDUnRNTlZkNndoTHFYZE81NHBNZzBfT1JUSzVfdTkyYmJlM3BjRUY4NVQ2cG1kUm5BZ0t0T2dPSjhFRmIwcHFEZXQzRnBfMnEtQl95bWU3UnliZEZqUU5tZHBZd2Y3NWRWaENNYkQtNHhkSTRDYjJaNjZhMkV5bjY4V2ppS090YWJtR2w1cFl6OG1NXzBseHJCZkwtNV9NSDAwcG5n?oc=5","The Wall Street Journal","US","1778156340000"
"US awaits Iran response to latest deal offer","https://news.google.com/rss/articles/CBMilgFBVV95cUxNN3lsMi1uakw1X0N0SEVpZUtzSkdrOWk0WlU2WWhlMEN0bWlnSGlZOGhzRmJKWlU1V0wtRlItVlhqcTVfSVYzZUJZVXhiODFmd1E4QU1neEVoRW1McXBsdGFNbFBpb0xjR09tUzRtZzdrYkppVTlrUVZacHlsTWItcmFPeVJyaW03d1NLd2FYY3ZQVW44Q0E?oc=5","France 24","Europe","1778155760000"
"Can Iran Still Close Hormuz Strait?","https://news.google.com/rss/articles/CBMikAFBVV95cUxQOHEwSG9kTXQ0dzdtcDZndUVUdkpNMmp3T1FMNWkyLVFydlFBT3pjN052Yk1NV3BOQWlRak5SN1Rlc3lpTFBTUG9NV1pEUmdHLUpReU00dVZaZHlkcFVtTXk0MUVYaFlLZE9sSmc2cUl2bThNNlpCOXlfeEo5VG9qNXVGSGRGTDNYbkhzTjZvVHHSAZYBQVVfeXFMUElvUjJhY1JhSzNuOVRKVVBxQ1dxT1EwWlgwQkVaUnJQc2pLX3ZYaWtBOERUZnRVdXFyWUF4QnUtajJGU2RsOFRYQWdwLXJOeFZCRUJlSU43eEU1THdVdE5OZGNDdmthRnlqM1hfZjJid214cm5FUURoTFotbTlZQklVTzJGLUxSZUhBRmJINElyck5fZUhn?oc=5","Al Arabiya","Arab","1778155490000"
"Iran’s president meets new ayatollah amid persistent health questions","https://news.google.com/rss/articles/CBMivgFBVV95cUxQNHFaZ1E0RnRHR3RSRlFFckFPM21LMVVSSjFxQkVGZ0hEbEF6Yk9lX3l6Wk56dGhSNlhlYU5SM2FkR19ocHRGWk8tWktJSUxFT1l6LVVNeEkzT1pBc1d3Q0RjUHNPNFBVeXFBb0hnUTFuZlVyaVpRTXdHaU53RG5kU2I0aTBCblR5bWh6SEpsV2hUSFF1bm5PZzM3NFhFZ2tYdkJsWjJOWWNhWGVNRl9HMTJuWENwSV9XemlRdm9R?oc=5","Euronews","Europe","1778155467000"
"In Tehran, Time Stretches Into Eternity","https://news.google.com/rss/articles/CBMifkFVX3lxTE96UURyZTFHOEJWcGQzNjlONDIySmV3S1FmanU4UXdRd2hidjNlVUh6bFZKWVlpTTM5bFl1Y2tycEZpbnZRNE9vMmQwOVpoU3BhX0MycU82TnVQWHVPM0NhOExNUEluNlNoWklVZFp5bnhqSEc0NlhjZ0ZYeFJ2QQ?oc=5","Asharq Al-Awsat","Arab","1778155412000"
"US Stock Futures Steady as US Awaits Iran Reply, Earnings Unfold","https://news.google.com/rss/articles/CBMitAFBVV95cUxPWlhfWVZBZExHMGJ3dHdhejk5YUN3RVdHVEFKWVRtNloyRkhPR2R4VlMxWjBLYktLV1VVNnRRcWF1cjhUVzJZYk12RkY5LWFpOHVYaHRtdXV0NWRwcktUMVJjM1dBMjh2bUxac3lfQ0s1MWg5V3QtYkMyNktuZENQMnNXZm9OWmJjQnlJLU5qLXNCVkZIVnRUNjRBNWNNLVBzbFlHZGY4VldoMXRPYVlnLXkwcFk?oc=5","Bloomberg","Global","1778155178000"
"Saudi pressure forced Trump to halt Strait of Hormuz escort mission - report","https://news.google.com/rss/articles/CBMiXEFVX3lxTE1jZVZHZWNLWVJlY2o2c2dTcFhjckJDLVFWQ1RnTGVweTlTT3VldEo1MzByaWRNV1RMRy1Ibk1YeU5IZW9sa3FCNUxWLTliQ2ZKVDNsOWdBdm54ZXhu?oc=5","The Jerusalem Post","Israel","1778155000000"
"Iran releases video of what it says is recon drone shot down over Strait of Hormuz","https://news.google.com/rss/articles/CBMiigFBVV95cUxOWU1odnlzdlhUTzdzNTJwSzJaWWhCbDE0U1h1Qm1pbE55T2x2cW04TmZQcERmeXNjV3R6NTVrS1BSUmdJX0JZYjJ0Q2RudlFGcjFkOFRlc3hVZlpnYnR5VG5CMUdzaEJjV3JQYTNpVDFYNExqTVZzVVY3eVJKc3htUWlIbGY0NXhCNkE?oc=5","The Independent","UK","1778154720000"
"Iran war ‘epic disaster,’ warns former Israeli intel official","https://news.google.com/rss/articles/CBMikwFBVV95cUxOYlZXQ1pDZE4tb3E0MVNTaWxwNmlHdk1NTWtTTG85Tkw5b0J4RG5NRjZVaXo0N2o5WXR1ZWRleXdsT1UzN3o2WndnSVJQdzNuNzQxWTZTSzY1Z1N6MFdNQ3pVZUNjek5tVTBJUVBmMGdlNksxbjV0dUxDWC1XQzBjNmRxVjJjRzUySWFzRGcybUFWTTQ?oc=5","CNN","US","1778154531000"
"Iran’s President Pezeshkian says met supreme leader Khamenei","https://news.google.com/rss/articles/CBMiXkFVX3lxTFBZQ19yVTY0LTROSnVhWEIwS1ZHMGlRZHBEdTlldWxQSE9xRmgtZ3RMZUt5NXVNeWZvbDNfQ0lSZ2k3eWJPXy0tNHhaV2xDdEhXZ2s0R1lpUnRfTDB6N1E?oc=5","Arab News","Arab","1778154404000"
"Indian seafarers endured nightly blasts, lack of food in Iran war ordeal","https://news.google.com/rss/articles/CBMiqwFBVV95cUxQLW9EY0FNd1BJOEVrUDdQM0ZWR19ZMEEta0E1TkpQVmZOeHBERXlMY0R5VlpqVjJMUld4cC16SHZQSUxueFk0bjlJTmk1OGNhekVpWGhkOU9LOTFoTUdaYmxMcVZOUW4zY29LbzBYYmJRZkQ1UWM2M2RYc2s1Q2tqNzN4akJoeC1ybVBPV3ZFQ2w0dTE0bkd4SktpM0Z1SzZwanJqZEdvLV9yczQ?oc=5","Reuters","Global","1778154400000"
"No ships pass through Strait of Hormuz in last 24 hours amid rising security risks","https://news.google.com/rss/articles/CBMiuwFBVV95cUxNNjJTaGhNMlpBODVWMUxMMEFVSnN3NEhqbkNCbGZaZFM4Q0hod2lmZ0VISGtHWkhzX0RyTC1MOGRrekxTV2puZ2xDNmxvb2doc3czd1NlVzRxR1NKY18yQ0M3N044SklRdkREc3pLbm5yM2ozbXJpSzJsS1ZrcDQwUUNIU2lpRTRRQW9OaHF5X0xzVGpwMGZ0UmJxSVM4TEpPZWRVeXVlVTdpTFFSaGFpVl90b1NxSUNpMXpZ0gHDAUFVX3lxTE1XYlp4dnk5TFJ6Y1NoZGpVTnhmQ1BQS0ljcTh0b0h5bDVpaVh3Q0Z0a3ZlbGxxTXBicDZJN0F0a2x2N1FhSjhsc3Z1MXVPbG9wWl92OThVS184MFRMUDNQYWUyWms4a0FuTXU4VnBjV180ZXd1VEZ2bEFEYzF3QjJoQWZELUY3Z2h1c0tITjQzRVl2YzliQ0NaS3VBOTBzbmlxVXdUME5rSi1ybU9SZXF6RmJneU5NWENiV1FRdWZ0MmJkYw?oc=5","The Express Tribune","Pakistan","1778154358000"
"Pakistan expects agreement between US and Iran 'sooner rather than later': FO","https://news.google.com/rss/articles/CBMiSEFVX3lxTE1XSkI2S3ktTVd4UGxucmUzMHEyaWRBaGNvck1xdlExdVFETTZNeFB5TGpVV3N6WU50UTN4MExld1FKZTZiQ1lUb9IBTkFVX3lxTE1VMUJkeXFweUdDaVlyN21YY25vUlRVV3U1WVUxcURZT2tiWGJYRGQ5dkozMWJSUEYxQTNhUS1LRW9Odnpld2FSTWFvWkdzQQ?oc=5","Dawn","Pakistan","1778154280000"
"Shell profits surge as Iran war drives oil prices higher","https://news.google.com/rss/articles/CBMiowFBVV95cUxQT1NkRWZTbEMtdHNXa2w3eG5qTWVKMVNLdy04dFJncWVJcXJtUFlTeEdpNnVHdjlQdl8yMml6VlZ5MW44TktBX1RIdHJfd2c2Wlhub0tZZzBIUEl6LWZEMDFjUUVHVlpoZEp2RnJfRFV0M0M5NlNJZTlvUnRUbjdKNm5oUnE3LXpuSmFObmcxYVZobGw5dlJOXzNHeGwzRWRYcU04?oc=5","Euronews","Europe","1778154126000"
"US Awaits Iran Response, Trump Affordability Agenda Skids, More","https://news.google.com/rss/articles/CBMirgFBVV95cUxQeVVSWFNrU3gwaHI1RmNQMDhRNFJ6WVkzcWJqSk1ndmlGbWRvNjFvZGxXUzRzZ1lQMDVKUWJiWDVKTUhqUjVkOWpvbUZXRDZUVElHd3R3RDZJM1NWUXlqS1kxeTNLN3pvREJKNE5pU3JvZC11MDBOcHFYZUVYaG5uNXNHbnUzUU1jYVUxdGdVN0F2QWZZVUFzWER4RVQwdGZQcGhqWE42NW82WVVMckE?oc=5","Bloomberg","Global","1778154056000"
"India rupee, bonds set to lean to oil prices as US-Iran impasse prolong","https://news.google.com/rss/articles/CBMivAFBVV95cUxOY2xsSnRVaEwwemhRQzZMYVd4TjJacWVSVmliQlR4NUdCN3pEQUYwRVg1Vzh0VzV4X3RCcnkzb3JkelFNMEtRNGFPclNtSE1PMDlvS1U3MXI3YzZwWkZnTk1xRDdXUWRvR1pJWGVyOXM4QWIwWFRsaTI3X3djWXdoc1U1aDR5TXA4dVpQZGNMV1NlRjBNdUFxMFY3VFlGU3kzTjQyZDBheDVEazdtT1hQeEFxRW1hOXpkclZLXw?oc=5","Press TV","Iran","1778153880000"
"Can Asian economies cope with the fallout from the Iran war?","https://news.google.com/rss/articles/CBMiugFBVV95cUxPdUIwdVdscmtpSF82MFdBb3JFX2VlQnh1aEJjRHZtXzFfOUdtVHpVSlRlVy1rbjhIMmROYnVHUTRTRGZDempJVWhQWWp5Vl9jWVlOUjZ3bmZ0WE82bDRLam45Z3FoLTk0WGVoeDlPZUVBRUNqd3lXZkUyaHJLNEtXY3hZTkRSNDRzUmZBQ0dlTF8tSHZxXzNabDE2X2tuWjE2NW9HVFR3STFMd2VCSnUtTjQ0YUdLOGFUYXfSAb8BQVVfeXFMT0V3VE9RTnlsQUpPdFA3LWpWRnV6NS1NaDY3UXRTdjVoMlhfNmw2ZktpbUJjeTdwMjM1YnZPZ0JUa09OazBVNk11U2R2NlJsekp4WmRNa0RFaGcxb1VGcFIyb21yZllJM1ZNWXZiNEUzckswM0hNOTFlSEpmb1o4dHNhWlpROHBidXdaSEFqMjFpWGlMUlVlVDIzQTRvS0xHUFZxOWNleEpWRVBocE9rYkhOX0p2dUFZQ0lTSDVoM1U?oc=5","Al Jazeera","Arab","1778153796000"
"Islamabad ceremony condemns war on Iran, honors martyrs","https://news.google.com/rss/articles/CBMipgFBVV95cUxPeWQxbllwN05ZNHpXRGtSU0pQZFdyMjJMd2I1dFNEWWhoR016RlZFOTFWcW5abFNXR1cwV2hGblJFcDZZcU9qZnNQQjFTR1d5LW1xQlFFTU5sLW83QzNSV01fQzlSa3F0cG9NellwNy15dGFFeWhBSjVQSmRVQ3VMem5FWVFZMXlmVlBOcUR5amZ5RGRXbFJXbjVlRjB5dk5wbXB4LV9B?oc=5","Press TV","Iran","1778153700000"
"Trump’s Iran war may stymie climate gains with boost to big oil, experts say","https://news.google.com/rss/articles/CBMifEFVX3lxTFBkZ1NNdFFwdV9VNWhNczlGRVZaWkJpNlQzeVZfSVRSRDkyMXVJdnZYaF91aXh5SzBYRk9kU2VGZmdpSjV5QTd1bGlJRkxRc2h6czNRUmdnVTliRTBVQ2ItcWd5Vk5Da1V4TndBOUlZWkN5MlgxUks1ODZ0bDM?oc=5","The Guardian","UK","1778153580000"
"Cheniere swings to quarterly loss as Iran war hits LNG derivative contracts","https://news.google.com/rss/articles/CBMilwFBVV95cUxPNDh2S2FmTEcySUgwTlIweUNLOHVJWjZBMDRPSlJ3ZTUtUXRNNU1iYTd6c3VvOGJieVVMaWd0TFhGVEdkYnJHc2NEeV9ZYkRrYnpTbUZtZWtIRGJ2TVJ1YkNVWHNmZS1HX2oxMnBVYzFjUXFZUVByQ1Boc29ScU5QVmZzaGpCSnozVGljeERvMUFQWTgxRWRr?oc=5","Reuters","Global","1778153577000"
"Iranian remain torn between hope for regime change and war fears","https://news.google.com/rss/articles/CBMiqAFBVV95cUxQeG9yM2RiT1VTejM5Q0NVNUtrTmxYSFg2b3NLS29oQ0VlVkZRTWtFZXoxV1pwcDl2RFRwaXdraVZiaDlZcXVFdlNzQUlVby0yTzBsdWJlWDhKY183aUVpdTB6SGhJSlhNMXZiREhHVTRSZmdSc1EwbTgwYnF1alY5c2JueHJrZG5MRmVlTEZ6Rk5EU2JFcUtZT0tUTUZXX1c2OUpjVlNBYmc?oc=5","Euronews","Europe","1778153561000"
"Pakistan, Iran discuss expanding rail links as regional tensions reshape trade routes","https://news.google.com/rss/articles/CBMiWkFVX3lxTFBFY191UGtsdU03RE9wejJxQURyUGxoT1pRdlhwbnhSTVdJeDdvVDVMeVZQYUlVSDZLdEZDVWJEaTJYX09aZktCeUI4cnFlNDJoak5WRkhlTlgzQQ?oc=5","Arab News","Arab","1778153507000"
"Africa sees winners and losers as Iran war pushes up oil prices","https://news.google.com/rss/articles/CBMipgFBVV95cUxNblRCRHREc0xiNE5NUTFvRnJaS2FxMGRmXzFGcVM4MkhOX1BoNnVIQndpV0FmWS05OGdfRHFqTkFES0pTWmQ5N21IaF91YnZSNGVqc2JxdlJKRHFzVHdRaHFpTWxWS2o5bzJZdmZrbHg3SGdYMWpxZVF5NFFRRnM2Zm54N2hQSVdYMjN3YzMtWVlkZ25kb2Q5OHUwTjB1eXczdmZEeUJ30gGrAUFVX3lxTE1UZEVLNGRuVUhCVUY5T2Jvbnh3NUVtVlRLLUJrYUp2Z1hBSk5ZN2V6QnVZMlRDeFREajYxcnR0VDBBSkx0azZkcEtDZEp2Z3JUNDFOcktjSGdsbTl3Q3hVNENIS1kzaWMwNDZsLXo1RmtLc2dvTDJBem1SNVBJbGczNWJocU4tam5XQkF2Tl9MYXRUTWJJbnhlQ1pLUEplMDRyLVpJVEttZ2NfQQ?oc=5","Al Jazeera","Arab","1778153404000"
"Iran begins reconstruction of B1 Bridge damaged in US-Israeli aggression","https://news.google.com/rss/articles/CBMivAFBVV95cUxOb3h5RmIwTGZsaEdFc2ExOXA0bDNoOEVFNTdYMWFlSU5hdmFTS1ZQSUFMdV9CWUJBQzNIRU51d3BHby1vQ2pvRElqU1BxWjkwcDNIaUttSF9YUUFHRVJMZTFsWjA2Njg5VTdCQWtiSHFPODhRZDFsenZMWEEtcXRqRXJXS251NUFUemVQTVZtRVZJLTZ5U1pnOHhnVVJUUzlDZGVIcC13V1RVSDNacGU1S3lIaFEwRHJha1dxcA?oc=5","Press TV","Iran","1778153160000"
"Nation held hostage': Global protests planned as Iran's internet outage reaches nearly 70 days","https://news.google.com/rss/articles/CBMiXEFVX3lxTFBGU25nb2RSRm83Yl8yeXZoSEpoWkdVa1RubkRRb01nbm8ydlp2NzVENEFPVlJjU0E4dzFPSzRIZTZJUlBNVjFJcER4cVY0bGpJUE5HVGU1T0R0MlZQ?oc=5","The Jerusalem Post","Israel","1778152594000"
"Israeli army blocks access to rocket-tracking system over Iran leak fears, local media reports","https://news.google.com/rss/articles/CBMiygFBVV95cUxNempCZEZDQUlSRkZ1NVJ5RHpmeWpPVDQ4UWpLZkZXaFlieDRPXy1EY0xKVFFobkcwc056cmJRYldrNmRSOUktSElFby1MbW5sckdzZ0lTbEZ6Qll0dEFxTkxmTnpRSUViZVR2S0ZmaUFpMTd2OE5iczQ0Sm9NTGMtd2dlUmhZMzI1dVgwNzc3MnBJVGIwWVpRTjJDWnllMWt6THFQM2ZFS2tMcnBTZkFQYUpMX3UwM1NVUWNFZkliR0R6LXVqS0lLTEtB0gHSAUFVX3lxTE43ZVdSMHJsTjZGRDQ4QnhidWljQTdncWN6dE1haFh3d2lvMEhBZEtOQzgwZEJIZVdXblBMblIxenAxQnNET0E1ZmV6MDBUNDNrTGpId0pVU3hqcnp0TlI3Q1RwZjhFQl9iWE5FQlhoc1BKYWprRFNwZ004Rm1pbUFFOTY4RDlVeHZjU0o4enhlMkoySkdsOHE2VnRjR3ZnZXpyNXBvbkhoSGNOb0xWa0F4a21sQ2h3UGV4VVAzZ3h3TTgwSk04RWdFeFp6NUZPQS1YUQ?oc=5","The Express Tribune","Pakistan","1778152587000"
"Emirates airline defies Iran war disruption to record profits","https://news.google.com/rss/articles/CBMiogFBVV95cUxPNXpHNW5kUkVDWXVyejBZdkZwb2lWbUNlLUlNeEhmYWFOcV84U0x2MmphekhzSHhYcUVFM2UtOHhPZ3ZDNTlKYmVRNGhzbzdRS3RRaHlKX1VTQzlWQmNEYUNvWW0yUUhhZlYzeXI4SVJlTHVLT0VHYUo2aWtibVktWEcyZUgwUGY3LXJvSV96VUF2dThmdElMaFpUWWMzUmtISWc?oc=5","The Independent","UK","1778152380000"
"Pakistan upbeat on possible US‑Iran deal soon to bring peace to region, world: FO","https://news.google.com/rss/articles/CBMitgFBVV95cUxNdzNmTW9tZnRoZzBIVXlsTEhJbHBvTGE0WnJYMTlJZHh2WnJlbkJoRTg2RzhCMUVCZnRXQlcwNThqY0RiRVIzemhHUWFKaC1aWlFxQUQ4N1V6SGN3SXA1SHNBWENtUms5NkdkV0lZX3RiTFJXMm5TVF8xS2FHUjhUQTlsMzRtaDhEWW9mRlVIYUZSYTNOdUpiWVVmZGpTMEVkand4SEZ4eUV5a3JWNzdQZEpsSXc4d9IBvgFBVV95cUxPU2Q1bV9rNWIwX1JYZVFUQTBqeERYeTR0b3pqYlBWQ1diYXR2UkVxLXRPZjk3eDU2TDNGb1h3aTVPLXhUckhhUkpTUFhNdjZwMVpCZUlfck56Q3JZNGh5bXpiVE4yeXdHcDZ5M3g0YjRIQ2RzSkJEWEk1bmk2c1hwYmhxZFBGVHNLMFBBSzdiWTdja1Z4Y1VHMzl3OXBOZk9JVUhBV242YWpjTkJKTzl1OHJlOGdUMHVQUVhDNmhB?oc=5","The Express Tribune","Pakistan","1778151942000"
"France rules out lifting sanctions on Iran until Hormuz reopens, foreign minister says","https://news.google.com/rss/articles/CBMiuwFBVV95cUxNNXRkNkl6Z1FRdXlCOHRmNVlqSUtZXzZXdUFaVWJQajQ0NmxmWjhfcjdibnF2ZTIwTUpGOHRsRVN0dDhhd2Z4Um1lVWYyOXl5TU41eDNvdGRzLWJOOUlWbHlCdU9Qd3dhcEhqeVh3RG1kQjRVYmRnSS1iNEpyQXVFWW9QeWlMWlZhRGg4QUpscTFnVGxhX2dlTUYzS3p6dEw1LXA5NjlQZG1iWWs3RnB5SVFiRGVac25wUURJ0gFOQVVfeXFMTV90RWpzZ1dhUUpJZ2FiQXNwdFFLSlFoamlnYUR4SkludkhpczNpcXlEcUxIRUR1NGxMbldoTFVqaUNwTk93cW1Mend2d3VB?oc=5","Dawn","Pakistan","1778151554000"
"TSX futures rise as US, Iran near temporary truce","https://news.google.com/rss/articles/CBMilAFBVV95cUxQTDFtYW56c3JJSmhEYUFrYmdFUFVkdUNNS2UxR3NnTUJ5R1hUWV9VOFl6bG5aNWxfbEJ1TWVQV25hS0ZNeUQyZ0V5aGQ5eEtfSmFfeGg1cm9RYktMY1A3dmhoTWktMzRJTW52ZmY3ZGJfZFQtTTIzTDVmNTJyT3FObVJWelNMa1c3NUZ5bk9TdEVkWDhO?oc=5","Reuters","Global","1778151343000"
"What are US proposals to end war, and will Iran agree to them?","https://news.google.com/rss/articles/CBMiogFBVV95cUxPSXU1WTZzN1pxTkN2NTJIVTI1OHdEdUVISERiaHBMRUFJdG1jM21GdmN2TndMbng2TVhCSVEyNy04MVl5YV9RbHF1UDhRaGlRb1dZYWVNRi1pSjBIMFY4UDhtVzVKTXQzR3IwUzVvRHZTa1FsZ2ZDR29ETHZoQXlOaDd0aExGWnhoOUh4am8yVVJNX2VYSF9YaXZObUp2VkV1RWfSAacBQVVfeXFMTVY3enhRcE15ekF2YXpvZGVLSmM2a0liNlplTUpHaHZZWUxVZFpUZ0dMdGZlOEM3Q0NXMkg1OXlCUjFWb1hFMExLbTZOSlJkblVCbTJYWVZxZWxvTnJQYzhsYVUyN1doVm90UzhHWUpEZVNMdGs0dzF0UnlwN2hId2F6MmNBVGk5VXNIblBYR1daQ0NialgyU3l5ZTdfMFVkSG5UQ2dtNkE?oc=5","Al Jazeera","Arab","1778151119000"
"Exclusive: Hungry to sell, UAE slips hidden oil tankers through Strait of Hormuz","https://news.google.com/rss/articles/CBMitAFBVV95cUxQRjNQVDRxamlZMDlncVBKeDc1WXpxMERnZHcwb2FPOWxyU3dIb0RUaGk4c1RXczQxeS1HQ1RMbGwybkpNckFTT0ZsNGdOdUR5bFRnVFlzcEZiQUpOWWVOR0hYLW1FWlJtMEZVbW9zOTRfX3puVzY5bVhjWnA3cEI0WVI0bkNZWERuZ3lWOWFqX2ZwRGxxc242d2RjUEFtZ2dJcVdJc3cycDdEaHJxYlQybkVJSDI?oc=5","Reuters","Global","1778150990000"
"Iran’s president says he recently met with yet-to-be-seen supreme leader","https://news.google.com/rss/articles/CBMiuAFBVV95cUxPLUIyZE5uMnZEdnRWMThWNGJfSnFRWFAwbEdMeDJCaGkyNWFJaE1jSjQ5V1ZIaHFnd0kzcnAxV3lhRzRHV1dScGN2ZDFpLWxPUWJuaDEzek0ydzFzb2wwSVVRSlcwbURpakVKaVZTQ0JldHZOTENGNkczYnB2TGZrblAtMnlMLXZCLW94UGxCVWRrcXJGcllqcUstclJMR3ZLTXBteEw2akVnVlNUb3UtSC1UUGlFcjRW?oc=5","The Times of Israel","Israel","1778150877000"
"Thursday briefing: Iran talks; Epstein’s purported suicide note; hantavirus outbreak; brain supplements; and more","https://news.google.com/rss/articles/CBMigAFBVV95cUxPYzhwVGdTUWpjUGctX3F6NV9nYUVrWUFhRkhRLVJtcnJQSTB0YXFscTBBZUVDOUVpSW56b0YzVTZ4VVFlMlQyNzh5NkpFNDZrZ2U4MHpJdUdfYXhyOU1vVHd3Rjl5cy1obTQwTmJEeXpBMmhKUnJmV1BTOTR0ck1PUA?oc=5","The Washington Post","US","1778150871000"
"“They Should Check Themselves”: Rubio’s Stern Warning to Iran","https://news.google.com/rss/articles/CBMimwFBVV95cUxOSTEwRW5jNHR4RUw0Yk1ILVU0TU9Ra1hZMlJob2lJS2dYYWVwSTVsaFI0ZVBBWjVPY0J4RVEzRTYxVm14OUx6WUpOOVM1bGRZMzI0S05hTjQwbGhySENrUFhHWlAtNTVOQjNEUS10Z2Vlek5YZlJOa016Q3dCWGNxbjg5b2t6S1BXSVNVckVDYzdORGtLQ0s1MWpPOA?oc=5","Fox News","US","1778150864000"
"US and Iran Inch towards Short-term Deal to End Fighting","https://news.google.com/rss/articles/CBMimgFBVV95cUxQeWJzZk43X20xNGs1TGMtSjJUaVZHdkpER2V1eVlGNGdnT2xnRi0xWXhic3ZYbGVqVlNEYlBaUThXdE5tanpOd1cwSk9GNXVKd0lZRnZ0b2xNc2lTNDN3OWxUNlJoUndFTTR6bEZ4Q05WUFhzNG44YVdOZlM1U2luNTJPUWNMcmM1SnpobGVPR096Y0dPOHgwcXpB?oc=5","Asharq Al-Awsat","Arab","1778150706000"
"First Chinese product tanker attacked near the Strait of Hormuz","https://news.google.com/rss/articles/CBMiU0FVX3lxTE1zc1NWRm51dmZyX0YtZXBUTTZQSmR1eEdXZExjT0J3dGYxNlAtOVhWV1FjOENvU1Z1QXotTWE1SVpXWDdCVWlScVdfVnJRdk5mYk04?oc=5","Arab News","Arab","1778150645000"
"Pezeshkian says recently met with Supreme Leader Mojtaba Khamenei","https://news.google.com/rss/articles/CBMioAFBVV95cUxPbjZseU1CYXh3WEVuZmtmSGx4bjZQdm1UWnNtS0tsX2FRT1FISEI3VG5sbmpCYTN4eFpSc28zNjRSeGQtekdsWF80aVBJUEJxTmdPRlFDSzlDZkh2UmJyTm1mbjRHZEhySDZlYVhsakRyeEFKLUJYbnhQeHdHSEpjQ01DMk1XMDg3blJ0T2dvNTdKeV91QjBfejIteXhseG03?oc=5","Dawn","Pakistan","1778150629000"
"Reopening strait of Hormuz would have limited impact on cargo flows, says Maersk","https://news.google.com/rss/articles/CBMixwFBVV95cUxPVHA5T1RSWk1LMUd5WFNIZ1RMOFN5U1F3RFZSLTVqWldBR19MN1FXWHpwb0h6Qk13eW1SeUx0d3hSdnVZR01OQkFRQ2VaTVUweEw0SlJyYlNKSXZNUjRUQldaa1Fkc2pzTDFDSF9QNk51S1Utc3pERTNoaC1neDZaTzVoOVJNUnhac0RNNTZ2bWxSTGo4dXA5eExtSEpUQ0NRbDUtWFlYOUlWUm9ydTVaTUNQS2UtNy10ZDJfMk81TVgyOGtDSHFJ?oc=5","The Guardian","UK","1778150460000"
"US Waits for Iran’s Peace Deal, Rubio at Vatican, More","https://news.google.com/rss/articles/CBMixgFBVV95cUxNQm05dFNRaU81eURnTkRJLWdrYVVKeU5PejFUQkx6cXV0LXNTM0tQcktnOEpiZXJJc29MRW9tWnRET2NPWFI3dERHMld3alluajhpd1RqMXphdjlhMC1jN0ZEZlNEWnJONENrX2FBU3BSczRpaWpIVG5vMk55Z0l0MHlPTnpuUVpWd05ULXJrUU9ScVpnSkVuUFlqZ09lc2hQellOTVFPeExMT2NOQzZxUm15Mnh6VWxtRnc2MUtpblZ5dTNhd3c?oc=5","Bloomberg","Global","1778150099000"
"Emirates Pays Smaller Bonuses After Iran War Hits Profit Outlook","https://news.google.com/rss/articles/CBMitgFBVV95cUxOQ2JidFpUU09telZUQ3I3SmxHWHF3b1o4RmZLZXVBelNjVjNmSkdqUm5RNlJxSkdKWDRhRVBYSXp2TDVPbUd4dDZyQktxWTBKRlpHSFM3REs5Z0xlZkVYSFdXVlp3U05XUlRxOWhpU3Bkck5tWDlLcE1RZm5SWEx1UVRwcC1jdUZXa21NMm5MSnB3MmFYbGRpYmQ0bjFtc0l2SXdSQmNOQnFSZnJiZ2FKR0Rpel90QQ?oc=5","Bloomberg","Global","1778149814000"
"Singapore's oil product stocks hit over nine-month lows as US-Iran war cuts supply","https://news.google.com/rss/articles/CBMiygFBVV95cUxONklHT1ZKQm0xX3RiT2ZRcWhVbEs2TVRORmNGMmt4bUFfdEJ2eEhZRXRBdzhEbWtlVkZ4NWxWV0Zub2FNQVJia3N4UGpDVzhfcFE5LVhoWUE5VEJJZTRCRHl6N0lfZHZfb281QjZtUngtTGpRWWFxTmtCdHhtWkJIbTkwOEFmbG5ZSXhGc0NTZEE0NGI1RWMzemQ4d09aWXZTNXhtekxuZzlDa1VJQ2w5allRT0I1aUZiQWtzU1NIZy1MN01ndC1QYlZn?oc=5","Reuters","Global","1778149651000"
"Maersk profit beats forecasts, Iran war clouds outlook","https://news.google.com/rss/articles/CBMiekFVX3lxTE90YmhBOHpTMldBOU4xNlVQQjc2VzE4YllNUElHUW5Tem9pRlg5dFpOLWdEYklSdzhjNjlNUG9SNHVXd2cza3A1Y0duSlNwSFViNXkxVG5PVU9wejc0b1M1N0R1c0d0NmlnTHZaUTMyeGxjRmgtcmFHb21B?oc=5","Reuters","Global","1778149294000"
"Iran peace proposal, Epstein note, Ted Turner, India's Diet Coke parties","https://news.google.com/rss/articles/CBMiswFBVV95cUxPanR1bFA0Z2NtVlpjWVdNMlhtWWJVLTZlOUdjVE1fSGg5TEdvZVRzQXE5VFlKYVg0alNYMGNEbGVwOUlXVXNQaDFhY0EzVkRFUU1HWjM0Z3Z1UlpTeUdNOVRUcHM2Vlh2TF9fc1BEWUUxekRJUXIxRmFYN1VCLWZ0WUpaNEY4aE0yeG1yamJQRkNfU1ZTNmhHVE56RVEzY1RBa2RaemM1NmV2ZXJULVlzSzhaUQ?oc=5","Reuters","Global","1778149220000"
"Rubio steps up as defender of Trump's erratic Iran policy","https://news.google.com/rss/articles/CBMiywFBVV95cUxPVXFvZjFHME84QnlkamY2YWNkcXNHZ21ma3pPaUZNSC1sVWN3cWwzd2ExbWxBQ3JzR0lDdVlpVmR6VzBEU3p4aElvOVhiNUQ2ZHlRazhLM1BReEVVLTVaenhQazBfdUxYdnQzUWhSelBWNlVHTlJlVGNHWjc1VXlYQXdnMXFWT0R4aTNIYzBpdVdGbjdMZW1uUjBzaUZvdE05cXlzN1ZObnR4YUxqdEN6SFNyTEYxVUxyNjJ5VHBreDR4V0FoVFgyWm1JQQ?oc=5","Le Monde","Europe","1778148993000"
"Iranian President: We are subject to external pressures to increase economic pressure, destabilize internal stability, and weaken national cohesion. - reports","https://news.google.com/rss/articles/CBMibkFVX3lxTE5SdGxSU3BEdWRqSmh0N3B6S1l2UHNGXzNPVlY1bFltaktPMlB4bXZVZllBa053VlRvclM2dXZOQ0JZRVRwaF95YzRhZzhGT1JfalFlR0l3NGM1WlFiSVVlVWxNdXBEaUdTenRwUVlR?oc=5","CGTN","China","1778148832000"
"World in Waiting Game Over Iran Peace Proposal Response","https://news.google.com/rss/articles/CBMisgFBVV95cUxQNm8tT1AxUGdlR09zV0o1dzR5N1Q2Q043UUlHOVY2QXJVdVpCVGpqamRkZTdST3pZU0hKVUhpOUpRTzhlOUxKbEp2RTRsNFM1RnhseUFFT3dObDdkd0sxZTdFMVFld2llTTl1QURXdWRpVlRQY1ZBcFJ3ck42dGhsQlY4QlVrX1NxbGdGeVNCOTVkUHM5dnJMMVN5TGJGeVFGWWF1d09EaUNzYzBLWkp1c3B3?oc=5","The New York Times","US","1778148613000"
"Wall Street bonuses seen flat to slightly positive in 2026 as Iran war and private credit turmoil hurt","https://news.google.com/rss/articles/CBMi5wFBVV95cUxQZ0owa0Q1TU1oaFM3WXVVZ0UwQURFUjA3U0tTOFptcG9VcWp1OWRFbjZIWWdYVFJHWWVwSHNfRTZ6bHB1NUFtbHp2QmxQOW9LVzZfVm56YUppNkJOOVRZVzJGaU1ubG0wN0l0aW5TY1REYlhtS3RRXzd4M0lnV3RwNE54eE5ObmZEVTlKeUhOb25nSFF6SGd0b0lqRW9VZ2RGVkJzSzd6T3V6VDN0Q3p3LUF1dWM2VEYzc3g2YWpWa05PZWhsazhmU1NOamliRUNNZ3VSOTVLcjQ2Uy0zZllMZGdhTWZwY0k?oc=5","Reuters","Global","1778148225000"
"Iran Takes Its Time on a Response to Trump on US Peace Proposal","https://news.google.com/rss/articles/CBMi1gFBVV95cUxNX3llOTYwVXpncHQxeUxKNDhiTUFudXY3OTJ3ZUhOY002eDBMZXlRMkQ0WWN3NWt4d0ZkQzlaamZWaVRCRElranpHTERvRFJjUVZjaEMzN2ZuSDljMkxHcFI5djVvU2dSaHpoSWxkYVluTTFPZTFTYURSU3I4Y1ctTTdhWnc3dlBzTXVXMXN4N0tndTJ4VUtPdG1ZNGtabE1xTmJ1eXh1Z2pveEJkcUdBb2ZEaElJMVBULW9kT1d1ZWVhYkhfOFRTeXRaWXJHVktjTkx5MzVR?oc=5","Bloomberg","Global","1778147968000"
"Shell profits rise to £5bn after Iran war oil price surge","https://news.google.com/rss/articles/CBMilwFBVV95cUxQNmdFVEZmYVhoaWp2ajBsdVpXOXgwd1RMQ0VlS21YdHRGZUNLdlNZS1pFM25iSFlBRHlDTm9Ia2w0dmZqbnliX0tfVi0yOTk5R2hTVS1rN3lnRXhVblE0Qy1zbm81a194VURkWTR4Y0JBY3dBUi01SVNiTFRCem9CdVVHejlrWXdaTF9ZTmRaV2xhMWhHWEt3?oc=5","The Independent","UK","1778147940000"
"Adnoc’s LNG Tankers Go Dark to Get Gas Shipments Through Hormuz","https://news.google.com/rss/articles/CBMitAFBVV95cUxQU1hQZllyUlZnbFpqN2pRRnViRC1jb1N3Y0N0ak5ReFltdk1KUnR4ckVSbWVpSVo3bDNDNkNsaUh2SHFTa2JGZktzSU1VZmc5bVhPVlhBMERkNUtNejh6SFRlb2RfZnpvZERlV3pNM2dCVDBqU0dvMHVLQ0hGeExyR1J3Z1BPa213TFNhU3pLcUpYWDh4U1hwTVpRRV9ZeDNlblBmWGxodklQVWh6VHowRUdhS2E?oc=5","Bloomberg","Global","1778147792000"
"First Chinese product tanker attacked on Monday near the Strait of Hormuz, Caixin reports","https://news.google.com/rss/articles/CBMixAFBVV95cUxOa3k1bVJQd0NHeHlYZmNKZmZhVkpQWk9PbV9OcWNSQ2VZcGpNdS1UeXgyTDFHSUtSdllmRHR3WmNOOEo5eDlOYnZCSGc5UkctRW1aS0tpZVdlek5DbTRNeFJWRkNVMEVZcks3SDBkWnRsaEo5amxmUmFNNHo2YXRmemp0YVFZd2F1cDM5LUQzZFVxNlRkYXNLcUY0V0NCVzEwTmcyeGF3YVNFWDgyWEkzYmdLenVlel9zbEJ6YkhGbmxLQ05y?oc=5","Reuters","Global","1778147781000"
"Bloomberg Daybreak: Trump-Iran Proposal","https://news.google.com/rss/articles/CBMimgFBVV95cUxOblVNbU16SDB4N0hGQUF0V2NESG85R3V4ek5RSGlfRFctYk1KR3JIb3dhOHA2NmtJa1NmWGxLT0k4Ukl3ano0ZXE3VVRQQjg3ZGZJNm1xem5iOUlsN1cyaHhicjk1eEdBczZxdG9fWE1mN21FR3ZBbEgzS2E3c3pZejlMU3RlaVdDTkNiSzlnN0V3Sm8xbzR6R1dR?oc=5","Bloomberg","Global","1778147728000"
"The Strait of Hormuz closure exposed a global vulnerability. An Israeli start-up built the fix","https://news.google.com/rss/articles/CBMiXEFVX3lxTE1Palg2ZE5acjAxVlNJdXVLbWJRZ1pDQVRlTUZVYVc0WkVlam95M1JMZEREd21iTXJCNDBTdkpSdk5QNm1Tb1o5UW1haEtOVHNhR3k3TEVUQlZLNm5z?oc=5","The Jerusalem Post","Israel","1778147521000"
"Iran’s stance on US war negotiations explained","https://news.google.com/rss/articles/CBMimwFBVV95cUxPWHVqU3Z3ODNPeGlJRTVVMXY3NXNLNFR2MUdSZlhWbHFnTUpiZXp4VXBzVmwyQ1JvRllBMVZQeDBZZ2hVMV8zSzVhdVB6RkYzMmtZZnBCU2ZleXRoNEg1OXRMaEdKNFp0SXJJTVoyMHctUHpXZE13UW5HbmpoYVdkS01Bc25RMFdtdEtfRXVJbHMyWGpiX3RDX3RMUdIBoAFBVV95cUxPTWhMSzlaTDlFTVRTRjBIWHBocC05SFNaX191dzNfLTJ3VUNaTmlqdVNQSFVULUJJV1JfUlRyTkdsbFBXclFlMm1pWXpPanI5aEE2V2VqX3BXSElzRXdMV3pTN1EyVGNsc05jZnlIN1VGeGdHUDhacGVRUEtwZkQ1d0o2dHJEZ3NzRTBZbFpDVHR6RHoyd3hPTzRnZjZaSHph?oc=5","Al Jazeera","Arab","1778147516000"
"Shell’s profits jump as Iran war delivers windfall","https://news.google.com/rss/articles/CBMihAFBVV95cUxNcWZPZzFONlNPZ1JvOExEZklNLU9ScC1ib1pKT011VzROYW5vM0ZmRE15OE11RW9sUFpXb2t0T0x0OU5vQmFVbTZOaHRlakxHank4S3k4cGptYVRQaVBFTWpaQS1fN1RwNURDblhSTGo1SkEyYU5tUHZrRlQ3T1JhME9jNDQ?oc=5","Financial Times","Global","1778146958000"
"Chinese, Iranian FMs emphasize dialogue over escalation","https://news.google.com/rss/articles/CBMisAFBVV95cUxNWV9HRjE1T0loZ181X1lQYUJ6M3J1emRvWS1EWHJWR2lUZEVoS2x0VVRBbHhRQ0xGT0hUVUthU3NuNUNtOXZVTXpCRTFUZ21GQmdQT3VPYkhQcVFPSFRFbEpkSElkS2JXNEg5aUl0WFpHd19nc3pNaHJya3UtaDJxcW82N1NQWTZWUFFOT3hkVWhLRWc4bEhPbmdRWGdPYnRScFAySUVzcGZqVFFBeDdqdw?oc=5","CGTN","China","1778146708000"
"AI image of Israeli troops captured by Iran misleads online","https://news.google.com/rss/articles/CBMiWEFVX3lxTE9YVnhGZDVOS2d3X3l1cWNRRzJFSXJqd2ozM08xZWJNQW9KeWpRZ1Z1Z3pQV0dPUm1PU2NDQUVDVmtocWYzVXlPQzc3ZzdZTUNhMDNtbW9UVDg?oc=5","AFP","Global","1778146674000"
"Iran set for crunch talks with FIFA boss Gianni Infantino over World Cup 2026","https://news.google.com/rss/articles/CBMijAFBVV95cUxQRlRJcHlxdkFpUFlwTVZQeXgzVmRBcHp5b3pscUxlVmJMcF9XTFk5ekE3Nml4VUNRSjJadlI1X0tGVTNQdjNkem1ObzlQRGM1V0hIS3JlMTBnam5JQXFZTUVNT0ltMVZKcWxrWmh2bWtzWHIxVmNhOGhLM2ZnV0ZXV211RDVwTmVELVktRg?oc=5","The Independent","UK","1778146440000"
"Bahrain sentences 14 people for crimes connected to Iran attacks","https://news.google.com/rss/articles/CBMiugFBVV95cUxONnpCSUJuMXRuNGFETWNFbXBDOEdBcVcxSVhtaC1LbE9mN3NWeWxuc0tlSkttQXl2bjFYa3hJb0UwdzhHeGd4ZjZjMjIxSDZhNkNnTEJMNk5WcGxrVEQta2Q3NldCSTJ2a2c0N1gyNy1lQXE3ZW1OVGdRSXZ1eTlsZFFQc3ctemNBb1NNUVJYN1M2YXF4UjY2SURlbnRMUVZRTy1SSzZEY1VBLVRqM3o5XzdMZnV5SWF6R1E?oc=5","The National","Arab","1778146425000"
"Maersk hikes shipping prices to offset cost hit from Iran war","https://news.google.com/rss/articles/CBMisAFBVV95cUxNODF3WVdTYlZQR1pQQkJKQTl6S0JXVF94U1ZVTjk3cENtOFJZN1oxNXhmQVdJMUl4enczLVNUUXRJVVk5U2VxejJhb1E5WjRyMnRCNURuV3RaZ3RQb3VyQmVxZktHRkhEYzM2NkMwMUpWX194VlZJd3hoUE5rX0RWQXRQcVBFc2FmMkl1U3RHLXROU015RGhySVhZZzVWMHRmTTNNMmZMekUyVzdRUmpEWQ?oc=5","The Independent","UK","1778146080000"
"Trump Waits For Iran Response, Rubio Meets With Pope Leo, More","https://news.google.com/rss/articles/CBMirAFBVV95cUxPbENmcmRMR3dBSHNKUjJUNEpUOS1EaXVUNGppYjN4S2lvb21kb3NoYW5kdUV0TWhGRFowNDVrVGVnSFc4dEV1X2hOMmRRM09IWU1TM2xWN0xEOEFfRldSYkJPVUstaFBIUGZGYkVxN3FpLUJkNExXakxyVk9KQTJ4c1hQNmtodndXVDk5YU1wMklCZElHV0lQWXcyX2JhcUhnaXdILWRYcURXTHZW?oc=5","Bloomberg","Global","1778146064000"
"Iran releases video said to show US drone shot down over Hormuz","https://news.google.com/rss/articles/CBMiswFBVV95cUxOUm14Ty1FYjEzRVFjZmNOWDdveFFsd0tGQklhUXF4NDFSQ0QyS3AtcFdXQlg5RFQ5UGRNUUNNR0ZWRXpYelpYbF9EZ0M5Q25QS1ZDZjhod1dmQmw0Mi1NelRsaVJiY1BzY3VuczhQaHhZMHEwcEZDbGo0RjJKV0hHQ2JjN094MDlLZHFiTnpKVDlYTUtZU0E2RlRyLWdSVTFxZzZfNzVKYXhHdHEyNjR0Y0JOZ9IBuAFBVV95cUxPOTZSWkFBb3MxTlVwQmxPeVNVLWQ2cmY2Y0ZTZ3pVM0lkYWFhOXU3bmtHbXdxUWs3dEZUTnozbVZ5eTNhOHp2TERnYjJaY0dUaEFoZUpWRTRUeGxndXN5aWZlZTA5TkViTDhSX3podklOc3FvMF82RUFvM2xEVkRtcHNsMDhaMzNrMjR1MVBPNlJ4elNwdjFsd3hCNmFKODZ6YUM1czY2S3NqclVmOFhCNGZIRDNBcnBS?oc=5","Al Jazeera","Arab","1778145935000"
"Iran War Speeds Up the Trickiest Part of the Clean Energy Transition","https://news.google.com/rss/articles/CBMiuwFBVV95cUxNN25VWW15YWJycDFXdk42X2lfUnFObDBUWlN5aWNRa2tNaXBON3o1QnFyNWJOQkEzS0VsWEpQSlNwc1BNQkZlczRKa2tqa2lQWUk3UVZDOFlwUlZNWjJpc19rak16eG11eU1FTkJpNnhpa3Axd1RXVmF1UmkyQVVfMjJrMmVRcklibFROeVNjejA5YmF0YXVsdWJ3WGZfVXhwemp5UkJCQ2s2SFM2YWVxVVVIWVg5djd2dXhN?oc=5","Bloomberg","Global","1778145822000"
"Eurozone Retail Sales Fell in March on Iran War","https://news.google.com/rss/articles/CBMilwFBVV95cUxQX25KY2xiUWtsM3AtZTUwdVpIMlNQTzcyODlBUERoQkhGVHd1ZElkMjRQUVhhZmh2M3ZORGVCNk5qcU4yRllTZ2o4RzFUdnFmRjlENFBUVjdpeHBSMHJiLUZ5S0pTN2VJdUtuV0hNSUQyOURGMGZpNmUyay1kb2dvYjYzb25wV3BfQzk4T0szWWFDNWIyX0xB?oc=5","The Wall Street Journal","US","1778145780000"
"China Tightens Financial Tap on Iran Oil Trade Ahead of Trump-Xi Talks","https://news.google.com/rss/articles/CBMiwgFBVV95cUxOdnZGMUhzbFV5OFowT0pDa05VR3pWMmtZMTV5VkpGR1FNNDMwQklCcDZrRmQzMXVaaGNsdUNKbTRyVjZ5aGJkYXIxZ3lEUjdlR3QxNFI0Rjg0MjRYcU43RmU3dGJsSlBRWG5sTWZVQ2JxdjVNb25CSWVZVGg4THd6UG1KbXJLLVdRV3RhaE5TSjRyVXBJX0dFVDU3M2xJNlFtd1BaNG4wNzZ6d2didFBZVU1ydXJ4dmV4TW1aRHVfXzFsdw?oc=5","Bloomberg","Global","1778145001000"
"US and Iran ‘closer than ever’ to peace deal – here’s what stands in the way","https://news.google.com/rss/articles/CBMinAFBVV95cUxQSXY5QktLZXVqOTBTME1kUk02MkhHa0ZmZU9WY1RlNFdnMDFwSURGNG93UTlrVGU1WW1kXzE0QXpQQy04SjJNanRWZ1VfRDJHZzFUUHN5QnBVR0pzYlBlRDdyWDRxQTFQUlNkRTB5SjlkQzJiV0JjRk92RWxtcVJrVTA2b3hlbUt2M29xSVVUbWxBY1BETlJpNVV1V3k?oc=5","The Independent","UK","1778145000000"
"Qatar acts as peddler, not proxy, in Iran strategy","https://news.google.com/rss/articles/CBMiY0FVX3lxTE5DNnBGUFhUU1EwRkVCZkFwb3QxNlN1ck5yT1NfZ1lSSXVFRVlmUFBIQkYyclBLUTNBUERBQ3RoRjB0XzBkSGlGcWFsN1FxNVB5ZUoyQjlOZmVPTEpUWEFqMjRwbw?oc=5","The Jerusalem Post","Israel","1778144924000"
"Two Iranian tankers break illegal US naval blockade: Satellite tracker","https://news.google.com/rss/articles/CBMivwFBVV95cUxQOUdwdHB3Z1Y1TmFSYVVJMjVFQU85djJQNjhqclFWVTNGQktWYzRFbmhVNnlJZXZSMWhrODU5c1BQSE4tdUhnTXByR1AxbFBDMmFETVVyRUlXdXVQdmZ5YkpMOEFxQUJhcTZBRmtYQWpLVDRvMzJiemdUQmpzUTY5bW11akZ0RllNT3hsRW5lRUY3THFlWVBHVkkzZFFzV1FVcURjd2d0QTNvNkp4QXBsWU0ySVVsYW9YdTYxOUFURQ?oc=5","Press TV","Iran","1778144880000"
"Clip of military exercise misrepresented as US marines capturing Iran vessel","https://news.google.com/rss/articles/CBMiWEFVX3lxTFBHSVlhRTh5U0RnSEI0ajJ5Mjk3M3BYeFk4S1ViYTNPWkR4cFRYZF9GY2E1NnhLOVpiTWdFVTZEMUN1cC1BQjhXS09qQmY3Z2FEQTdWcFhiTGQ?oc=5","AFP","Global","1778144749000"
"Trump and Xi set to meet under shadow of Iran negotiations","https://news.google.com/rss/articles/CBMilAFBVV95cUxObGJaLWttR1dtaHBLVEpxOGpTWW9tZHRDWkN1LTNBcXhtdWpRS255cXU3VG1fS0RkYmZJY1h6Tk13Q01RNDZfc3JJclJKQk1NX0NxNURYaEM3VkppWHNfQXEwSk9CU1VGUkUxZk5DQ2lkMllhbVJ4eVdodjl0M21TYWFzbHBhOGNnQjRiSmtsTDBjemxv?oc=5","The Washington Post","US","1778144596000"
"JD Sports warns Iran war could hit consumer spending and raise prices","https://news.google.com/rss/articles/CBMiugFBVV95cUxQeXBHT25ESWstNktVWHhRYjRlcDBaQ0tXR2NEMGY5VVY1UkVYVGJfSnpidmZMWUxBb3pWS21kTkVvRUtJU1pocUNEYV80Vk1QeUpBMWhWM0JhOFB0bEdFcnJsUHh4RXNyWFFqUk85VzBDMlhJM1h6U3RkMGs0WXRWNEs5bUs2OHhLT0huMS1kYlRPR3NmZUJ5b3ltZDFaclVIUDN0NG0tMUYxZzl3VnZqMWQwd3dfS3lqNmc?oc=5","The Guardian","UK","1778144520000"
"Organized savagery: Dissecting the pathological conduct of an Iranian diaspora fringe","https://news.google.com/rss/articles/CBMivwFBVV95cUxNeEJaMmdpVmhhRWhNamR4SDlpWFQ3UWJLZEdLSjV5S3FTSzh0X3h6N3Y0cjhqTEJvZl9xMzkyN2Z2dVc4Ym91Y3lxQlhkVUpFUnpSMW15ZGhlYjVJWk5RS0U2X09VeHFZaG5ST2JDdDBDcHhxajJUREc4ODFxZy1LdFFieU9iQ3F4eGx0N0Jzb2UwQUExOWhiam1JNkdINkpZTWEyME9lbmI5Njdwc2xSMmhPZ2VPdFpNbjZaMGdfMA?oc=5","Press TV","Iran","1778144520000"
"Report: Iran Set to Respond on Thursday to U.S. Proposal to End War","https://news.google.com/rss/articles/CBMi_wFBVV95cUxNV3pWZEhQR2U0dmFObWVjX2J2WlVIZFJSVTB6aGJNU0pYNlJreDlJdVlXcTBLN2RsNWNzd1VCQnJwdEhveWZHWHlsV2tOSzZsVXVyNVlvMHZxLUVRcmo3bEplN3lPalVoN21sRDgtcWtfaDBRTTRXLVpvYzRSYnlWM3Q3Uk5XRGFDUGRMU29SbzBGcXR6VFJvQ0s0TWxGSUx2VkxaeFczbE9TWk51b0V2anNuWnlobGgtM0JuQlpmU1hlcGpjNnE1aUNRX0VfcDVrbmlRYklDYWdnbWQzX2ZmOVNwMXVzN2VleFRTd2tiejJQY2l5SDY0N2JOeHEyWjg?oc=5","Haaretz","Israel","1778144460000"
"Iran firmly rejects any role in South Korean ship explosion in Hormuz Strait","https://news.google.com/rss/articles/CBMixwFBVV95cUxQdTVmMXB2UEFwSnpyYlMtUDBnLXhsckctRFZpV1pxQ1hPV0dBYlNwMDdDaFB4cjJKdnk1YXhEVnNwU1VrdDNXcS05UHMtM25hVlk3SE44cF9PejdDdXVMQVR4WExPWGFJUWxfOGplbDI1RVlaY3A2OEVyN1RxUmU4YU1GbDNGd0RDeUtRcmdMQTd3VlFDd3U2R3ZQVUtFaHBQY0p3bGFzdnNlOGpvWkdrN3kwWmpvR1BYQ2tMV1lrSWQzNjUzUExJ?oc=5","Press TV","Iran","1778144460000"
"German Leaders Clash With Spy Chiefs Over Domestic Threat From Iran","https://news.google.com/rss/articles/CBMilAFBVV95cUxNV0Z5TmpudHVaSXBsUUxVWFhGZmtidW9TM0xNOHRadDNlM2lpMnJBYTdaM0YtbThlemo5Qm8wZElSYXRhX3QzUWFxVzBfZV9KeVhnVnBUT0l1Q0o3d3pBeHFqY2pKUVJhaVFIRDhrWFZMUUFUT0RzeTI4RmJNTGtzaVZmc0ViNXJrUjlJbzcwbVR6UGtp?oc=5","The New York Times","US","1778144425000"
"Business Owners Everywhere Can’t Escape Iran War’s Ripple Effects","https://news.google.com/rss/articles/CBMixAFBVV95cUxQNmh4SnNxM19CWU9EVUNZT3RoQjNqbk0yYTQxZmU1QkRxcXJlTnptZWRGZ1Z5NWI5MUtPLXU5VXkzaUsweWo4RW1KZENQdzJsb1ZqZDNpUmtFdzR4QmYxSkRnNEV0RmxLenV2R0Q3eTI5R3V4OTd1QmoxYzBMU0o0UGMxS2J5emRFeXBNTFotdnZOaHB2LWZuRlBSWHRuVlRVYjFzb3hYS28zMU9fNWQ2a0M1NkxUU3Q1WUw5UGxuZkNRNFZk?oc=5","Bloomberg","Global","1778144420000"
"Iranian President: US pressure has derailed diplomacy, guarantees needed to prevent hostile actions - reports","https://news.google.com/rss/articles/CBMibkFVX3lxTE11Z0Uxa08xWWFOVjY3a2c1VnJ5czA4Vl9McFFIODhfcDJBVXZUZDB6TGQxdVh5eDE4S0ZUWnNJbVVPSzJFQm9adF8zcXNzQVJFQnJpQW04QVA4N21yVDl3dnY3cXBhWWxoWGR6SUZ3?oc=5","CGTN","China","1778144229000"
"Norway’s central bank raises interest rates amid impact of Iran conflict","https://news.google.com/rss/articles/CBMicEFVX3lxTE84d1dxYU81V2tMbFVjY0tXZ3l0VjlBblVnLUt6XzhYdzNQNTJVYXJUWmQxcnRhUERsYzRTWmdMWmg3bm1qMjhKWE9mWUxJTDFEVUxlSi1zazM1SmhCQlVuY3BUc3RtRjlIcVBHb2RTLVM?oc=5","Financial Times","Global","1778144033000"
"France deploys aircraft carrier to Gulf of Aden, ready to act in Strait of Hormuz","https://news.google.com/rss/articles/CBMi6gFBVV95cUxOaG1ZaXNjUW42WF9Qb1BvUFRZZkRZNzNTeFM2S01RaHZQZGd6TDBUX3BSOFBzVXlRTkF2Wl9jUjdmLTJuVVVHaTdPREM4STV3QUVYMHRvX1F6TjhqMWlYSnhFMU5ERTJyYXlKcTlHYmlRMHFiWklBQlhiRllwSElGRTdwbjdJU1p5TGRUTmNmT2gxNzFTdUpaaGNic0ZDX2hIcWJfcTZVbVJoSVdWdTFINkxqN0tlX2xVTnMtTURwVmJFdU16WU4zbG41NmdTTWFkMjNpZVBhcFZFZkVZb2xJcDZ1dmlLbjE0dnc?oc=5","Le Monde","Europe","1778143936000"
"Maersk profit drops, maintains 2026 outlook despite Hormuz uncertainty","https://news.google.com/rss/articles/CBMivwFBVV95cUxNME54bHpGQmdLZVliRGoxUkMxVTJjMnloaV9TS0tLVG1wblAwUmlEVkUtb1pkMmpYY09IWTV4cHRMZjczX29maEFEbXZvMmJELXBiQzAyYW02ZHZzZkVxT2szMXFnVHBpRlc4eGsySFNMNlVKQ3lqUG43STBBbVp6b0t6LWt2SU0xeDZPX1NjWHg4ZmFRUEFYZFkwZEdadkNBcWpNdG1xUDlhaS1HVmdUUnNZbmY4cmdFX1ZXMWI3VQ?oc=5","Euronews","Europe","1778143831000"
"Gold Fields flags cost pressures as Iran war drives up input prices","https://news.google.com/rss/articles/CBMiswFBVV95cUxPdXE0S2lzSlFUMUJGNEZHaHVPOC1sVXRuNDVDMUNMcGp0VkJ0RXNQY0MyNkJrQV9CbXN2WGxlZ1hkN252QnVWaTZSUE9uTWZTeDBia0x5ajBhUE5raTRVQTh1NWxoWF83ZnFodGJBNnlMMWVMTUoxMjgxYU5GTTdHc1prVHJ3NU1JVlZkUDFoaGZHbnA5MFBiWC1tM1JibWtsOUVubzF1d09zc01vWTdzSTlRdw?oc=5","Reuters","Global","1778143802000"
"The three issues Trump and Iran need to solve for a peace deal to be agreed","https://news.google.com/rss/articles/CBMivgFBVV95cUxNYy1XUUV5b3MtZlI4NElrUjVId2VkVUZKR1htX3B2dHFxWGF5eGphNHhjZU1vdWh1ejJSTGViLWY1Mk1LNWx5S2NDTEwtSzZ4aS1Eenl4N0dZWG5LSTd5SE91ZWpDeHIyVC1maUVBb3Fya2EyRjVVUnptcWY4V0VzNWxNLWRkX0ViSnlOY3FVQVhlUFl1MWE2V0hucUNxX3E5VkJDQzZkc2Z3ZXZzOUowZUJibTQ1LUx1aHk3LU53?oc=5","The Independent","UK","1778143800000"
"Iran says national football team will compete in World Cup","https://news.google.com/rss/articles/CBMitgFBVV95cUxQR2pRWDBYWjJQQ3J4dlNTOThPbDFaeWllREZ1TlF4UnBmVmE4alZqR2lNREZ5dVRZS3ZjLUhtUEVXeE05c0FJY2diV0ttd1c3U3QteVBvakg3a2pTTWM1eE9XNktNVy1fbkt3VFR6cDdULTJpZDF5SldpZkVJbDFKMDY5SWo0eEJFR25fLWxBMkZVM1QyMlJtYTZkUy1HMjA3OGVUNDhpUUFvRHdEMmtOM0s1TGxJZw?oc=5","CGTN","China","1778143795000"
"Middle East crisis live: Iran reviewing peace proposal as Trump says a deal ‘very possible’","https://news.google.com/rss/articles/CBMi4AFBVV95cUxNcUVWcjFBaWVUSzRtUlhkaGlDdmtiZ3UyQmxqU2NHZlZ2ZUFMSGduRlROMlJTYlhfdTJvTkpjV2x3dXRQSG5QMXdCZmJOSU9Jcm04aE0zdXdJQkR4UnYxeEdYOWdWclQ1eEJmcGlSTnNFMW1jclcxLVNmYkRVY25DX3pvVUluUmpodXUzc2l3OTNHNVZUSklObUtSajFFb3dmQ0NrUkxXdU5qTGlyVnRsejJSb3ZLdEU2YVB5Um02QWVDZnJnNDVENlNDTGY1NVd3aEtXTnFBbEdQQ0dIS2Zrbw?oc=5","The Guardian","UK","1778143769000"
"Has Iran Gained Leverage Over US?","https://news.google.com/rss/articles/CBMijgFBVV95cUxQT3M5VXVELWxSYXdIQWNSUk5taVRaUHZydDd3c2E0WExNeE5HbnQ1c0VDdXdEaUtlMHlGalFacnRYNlVXVl9vcnotTjdEdkktWVk3cTVNczZsSW9fSXJlZHgteUtyMXlCSEdCS2luX1ljX3VNcHFFSUxySThwV0pfTVdmMllwQ0lvUndCakxB0gGTAUFVX3lxTE84RnVodzZyUWpsU0pDd3k4XzFFcWxoRWxjS0lPUXlOcGZaaW5GWktZUmFYejNIZm5WVER0NS1vM0YxZ1ZKQVEzNklJU1ZsRmtWRV9QYWhINGg3SkFrNkJwcVZ4VnM1Yi0zZ1Z6UkZBTEJOOFhreWtMVV9CbXFNUUpCYjYtaEYtR2l5N0xxZFB2bzRhSQ?oc=5","Al Arabiya","Arab","1778143766000"
"Amid war on Iran, US lawmakers demand transparency on Israel’s nuclear arsenal","https://news.google.com/rss/articles/CBMizwFBVV95cUxPVXNXd1ZBUmZyU3ZzZTZTT1BNQzdiMmQ1Q2RwZlp0bWJNMUl3WDFCbkpLeHNpem1FaDhOMWtjdHVjdzNaQWFSeFJTMjNLeFlZbXV1ZG1XTnJPU0o4SW9SYW5ha0RKT3lPSmcyWVc0RjNvdVlKWDY4dHRfd2E3MzNXVzU3RVBxZWdRV281OGYzbHBxc25laWRETkFmLTl6MEsxREhpNlV6MldIWEJ1MGRpTm5XYmJOWldySE5NdFlaNXBqdGt0UktHdFNCOF9pY0U?oc=5","Press TV","Iran","1778143680000"
"Oil Edges Lower as Investors Remain Cautious Ahead of Iran Response","https://news.google.com/rss/articles/CBMisAFBVV95cUxNNHRfeldySURWY0QzNXhTSFRTVWVXNloxWDZnSVJzTF9CdHVoT250WHpyRzZIdzdmNk5lelFvYUh0NU1HNF9VTmZIa1FFRmxtMkF5b3h2V3lOemR3TGpPRF80a3d3ZlJjX2JGVGF6RTBiMldrMW91ZmZvNkpxaU1ldlFpeXcwSlBvQmFlajRuaWw0RG9EYXdsTVE2TVdMTi1WM0ZhOERBTklwYW9hWWdRbw?oc=5","The Wall Street Journal","US","1778143680000"
"Warning ‘dramatic’ rise in food prices ahead as farmers feel the squeeze from Iran war","https://news.google.com/rss/articles/CBMinwFBVV95cUxQUnMtU3daU24yTGdRcEFqcThCYWphd3l2OWtzLWFpb3VfdWlPcE13UlZjQ2tJdmZRWTMtOFRGOU5sNGRFRXB6aGMwVHBlak5ONzR4cmhFaUM4SkF1UHBWdUxMcU5WalRhaWd2NjYxekdlODZIMnc3c0JDT0t3Q0I2X2Y1OE9zdkprRngySVdndVpzY01ZalpHeHVuc2tpR1E?oc=5","The Independent","UK","1778143620000"
"US Fresh Proposal to End Iran War, Shell Profits Surge, More","https://news.google.com/rss/articles/CBMiqgFBVV95cUxOOGZNN05wOUhKMTVPYVdOaURPaFJ5Qm1rdXFObkVjUThWNFlLQ195eUNoV28zQVc4bURWaWpYakJBXzVGeTZ2cUVVUl9XNk1mMldFRmV5MmVSQXFQNnh1dVJ2M2NSQWNSOC1TTjRpN21paVRyMWk0NGkyMG9GckhQLVRENWprRENKSlBMU3pSOUtHdURvdGdoblVWR1BqVjQ5SUdldjRvLXNsdw?oc=5","Bloomberg","Global","1778143480000"
"""Project Freedom"" ya Trump mu muhora wa Hormuz ni iki?","https://news.google.com/rss/articles/CBMiXEFVX3lxTE1KeUxiUWhOM1VMVnRWdzFYTHBQV3JVTGdUcTV3TE8zUVJRdWVOVy1qWEJzVUR6bmh4RWpGanJ2M3dPSzZTSjlBQXVRWl9EMG9DdkxUeHh3MjY5bWJB0gFiQVVfeXFMTU9lcjRKVlRraTZSSVc5bkVVbTkyU3ZOSm5JSTV2aS1XTldiMG0wdlVPd3poaktWZjdlUG5WbHV3ZGpZSFQ1OGgybG5WT3lxSHhjRkVkcm5hRDAwOTRlT1JhYnc?oc=5","BBC","Global","1778143208000"
"French warship moves towards Hormuz for possible defensive mission","https://news.google.com/rss/articles/CBMirgFBVV95cUxQMnloNnllb2wxRjg5S0xLOVZHZTJHM2l6dTJkbHZRQjM4SXROV2s0TWZIdm5INmYtMlRlV1hvdmhObnNydDM3M29fX1hobG5Hak9ld0ZuQXhCdHhvdERFaVRqWnMyc3pBcndFN3NBWWMwYXI1RV9KSGVsZ0JESkF1QlIwNXRiOVhJY3VqZTBSVmtOTF95RHNMUlg1RldxaXExRlFYUnVwVHFVd1NtdHfSAbMBQVVfeXFMUEs2dEpQaFlDakQ5eFJOWVRSRUJSYkl4VzZDbTA4ZGY1a2ZkeHl0RXhGZW1EYnVLME9Pazgza3FMX0JKTzl0ZlFYN1pKQWxpV1ZqTmFOX2RYbExJakR3NU1uMFZmWHctb3JFcHJvUWZMZXlLUGFZaTljSWtURC1kMjZiQlhzc1hCR0pKelpwZVlpVUd6NnVtR2lyNkhhWm1GSms1enN2LWxSc2xveTNpQ2V2SVk?oc=5","Al Jazeera","Arab","1778143050000"
"Iran war to accelerate China's shift to electric trucks from diesel","https://news.google.com/rss/articles/CBMipgFBVV95cUxNbmtKTG9Oem5EMkFYaG10MTY3TTNVaEExR2VhcGJXOTB6X0VLUlJ4M0w4SjlTay01NHo3c2JuOC1WRnFZbGxmRFNhT3Fzcmo2WHFvWk4zWEZxaXIyT1NlR0hETzNmdm1qX09zSTh3bkp6OWhWWm9BZ1NyRmYtQ3JJcm5ncUJPRnhha2l5UFZHcm12dU1Ya0xnWWQ2U0trTFZOYjVlenV3?oc=5","Reuters","Global","1778142944000"
"Iran’s response to US proposal possible today: Pakistani source","https://news.google.com/rss/articles/CBMivgFBVV95cUxPYWhhQmFIVEg1S2ZuX0gxa1Q1QUlYM1ZPOTJRaGRRSFZ3WVpDVzFfWWFadHc5Y21fbnpSTkVTRGhoVWdRSHAwOHZEWFQtX1NLVEJfQ05ORUptSmFrdFJhVjNsRWJ3Tzh4TWYxdl96cFMxUlVPRUhmdWN3M3FCTWtyVzR5dG5MQmxLNm9oSEs4a2RMbzlDM1lWcWVXT1A4TW9ubTdneWd0X2RHdnZIamNHcktMMTV6UGl5S0tueVhB0gHDAUFVX3lxTE04MGhmeTd0UzJLWjBrVHlTWUcxOXRtdmxOS1hIMUI0ZUNRT0J0RHNHVFhiUmxNbGx3SzZNTkNhWUV1MGZIZzhFazlYMHltUGVLMkR1QzlWWW01dVhzRk53MWNnQWZxZkFvNm5jTmcwVlJPOE1JWXhTSDVVSzFwQ1NFOWFoVzgxWWdDWkRaTTlwajdURnlUajY1ZllKNFR4VlYwejg2UW9VcDh5UHc2TXV4RlZ4UEVUNmxRN2pUUXR5em1vWQ?oc=5","Al Arabiya","Arab","1778142840000"
"Sportswear giant warns Iran war could push up price rises","https://news.google.com/rss/articles/CBMilAFBVV95cUxQRnVBYUhQNkhRM3hTWlFlam1QeXRPcExvZldweEFRVEd0bUlVSzFVZll1ZUtiZHc2VWVRc3ZQc3N3Tk8tR01RR21vSnN4X1o2dVNIRUV4S3czQUV6clNzZ3NHUnh2TEpYSTBmOWdhekFwY3FfZmM1VXBuZE1pVzc5ZmFDbzdKd1NFeXlfM2w1VFJrcjBK?oc=5","The Independent","UK","1778142300000"
"US, Iran Deliberate Peace Deal With Nuclear Breakthrough Distant","https://news.google.com/rss/articles/CBMitAFBVV95cUxOYkdFRW5FZ05SeGk1SEJ6cXNUNi11cGFXWFdjUkVIczhxUGI0WjR4ZEVKdEpVQ2l1czlnYzNLTjFDc2dqUFNzS01CY2pYT183LWtBZ3dicmEzd0FyOXlIR1N5N1NtODJoMjNtcHVweWJ1TWdZdkNYOVpvRjNLVEtaZE12ekNUck15TC1hd2l3OFYwV1hYU0VlM2hfZl9IQVp3RTRIY2o3TUZtaC1rNm1PdGlYMng?oc=5","Bloomberg","Global","1778142229000"
"Saudi Wealth Fund to Sell First Dollar Bonds Since Iran War","https://news.google.com/rss/articles/CBMizgFBVV95cUxNeUxtN0dPTG0wWTZjb0p5ampJZDlpTEVlMjdTUkoyRFQ3MHE2c24wQ1puMXZtYW9hY3pHUDFzNEFIdzZQYVR4cTdjcndZQ1BObW93NlhsZHo5NHFhRF9lRFB4RXE5RzlyUy13aHl5N3EtckY0YjRhLVRJMEZRX2NCb0lXb3ZFZXBmNXhPU0c1UmVKM1l6Ni1HYklHWE8weDdVMjA4cmVtYnNxeEU0Q0JBeXNqVF9zUlVEeFdIVGZqa3pqamJ3dGxmY0U2aDNXdw?oc=5","Bloomberg","Global","1778142140000"
"Former Trump envoy warns Iran still has power over Strait","https://news.google.com/rss/articles/CBMirwFBVV95cUxQSEFhTHM0Ql9wNGdUQWdVakE0VVE0MzVmX242SEdDbGZndDJsaTFNX2FDQlRtLTBwMXlxU3liSzNLRWNqTGdudXo2TXN4dzFqVUhGbkx4aU9TZ1h4U3FzMEQ2ME1tdFQ1Mm55Yy1aUDlzeHVoT2VMWUxCMW9Wa1lYX1JhNEVYZGQ1XzFSbVYtREJxWFpJQmpkYk13UkYwZERpNXhLY1pMWXptSzdUcmdZ?oc=5","Euronews","Europe","1778142095000"
"Video. Former Trump envoy warns Iran still has power over Strait","https://news.google.com/rss/articles/CBMiqgFBVV95cUxQTU1MVzNFNnJycG9ud0Z4cTdKenI1a2FDMTNNZzNXRGpXZUVWZFN1ZWp2by1CWkdVaHROdWVpaGl4UWFOeEtVc2ZPVTlXSXZHbld0Z0VyeHEwdlRScTBYVEFOYWcwVDdzLWR4LWZtR1luLV80eEh5Z0FSYkNiYV9tLWY2NUk3ZGtkRjgySjk5dHQtbllHTWVGSk5FZ3dTaTcwWTNVcXJWSW5tdw?oc=5","Euronews","Europe","1778142095000"
"First Chinese Oil Tanker Attacked in Strait of Hormuz as Iran-U.S. Conflict Escalates","https://news.google.com/rss/articles/CBMi1AFBVV95cUxPS2ZPUEh6UC1aZzM2U0xDeGlzVzdMd3VVeFpwWldrMExncWZ5LTFyR05MTTgyYU5sa2t1OVRaZGVvb0FRZWlyMzE1NGJYTS1uOXlyMW9INWg5b2J2T2p1VHk3Wl9nTnVsVjJlYWgwVDU0Q2tKaTlBVldFUmNTRlFxYzNSXzRzR2pDeHNJV0ZZNkpPdTJtRDFYZHJqd3JoVDQxQ1hWUjlZR3JENFVVTFFIM0dOY2VtS0JJZjhZdkNPbnFyY3AtcVE5MnczUGNTTzZ6TE5PaQ?oc=5","Caixin Global","China","1778142000000"
"Oil drops below $100 while markets rise as US and Iran near a deal","https://news.google.com/rss/articles/CBMivgFBVV95cUxOWk1yWHU4Rmg2d1h2SzR0REQzR09sRzV0eWVIYnhtb1dmeDRRMXh0Y3JFY3JSWjJLS1pCQzAyeG1XYXhiMWw5VVV0aDhLLUlBekpxVUh4eUlqY0V2ci00YTUzcS0wemdYSUNyWlYzakhrRXRvM2ZYRW1UN3ozdXRuc1lmLTRSQ1FrQXFTb2txMHZHWklHbkxkUmd4djhVTHpkcFlzQ0hLcnJWTzl5ZHJGYzdISDJLVUVXaEdYNGJR?oc=5","Euronews","Europe","1778141995000"
"Shell profits rocket above £5bn for three months amid surging oil prices due to Iran war","https://news.google.com/rss/articles/CBMingFBVV95cUxNTlc5aVhVZnA3QklrTVRCNzRKUlBvNFlXVndYdnlmdm0zeWxIakNROEdVczRGcV9mWTY3N3ZiWFNSSTdpNmwwbTRvNzhNS2VJbUJHbnIzSnR5WG42blNuQWtDeXFyZGN3bUZRTTBkdXBkYkR5T1lraFJaLUt1VW01SVB2RWlhSXZUbEpBTEd6Qm5LQUJHQ0xJbTQwY0pJZw?oc=5","The Independent","UK","1778141580000"
"French Container Ship Makes Rare Crossing of Strait of Hormuz","https://news.google.com/rss/articles/CBMisgFBVV95cUxNQVM3U3V2WGV6U2tVN01FeEZ5X1BMUVZhVGhOR290OXo4T0dBN3dFV244QVZhWnAyQ0s2T3ZSYXlSODdpTUJwQmZLcndxc2ZIYXZoWWZacTREcHdDTEw3bzRLT0U3ajJCTU8xcHhqVzFxZXZGMkZNNkFwcjhzdWdRRlN3VnRFRGpLZng2ZEF2VE56WVBaWk5Md3dxXzBOcFlETzBPSVJrWWZCRnFpaDJLUU93?oc=5","Bloomberg","Global","1778141311000"
"Iran war day 69: Tehran ‘reviewing’ US proposals; Israel bombs Beirut","https://news.google.com/rss/articles/CBMiqAFBVV95cUxPd1N4Nm94R2hUeWswalZRVDREV2NWYmt3QkR6Z2lNREx5M2lWXzdaLXlTdVdxX2RZeERSM2Z3R01oU0FEVU9PRDNXRi1RRVJOS0dnbFZDeG50VTg0SE9jMkhqbGZ3MFRESUo5QW1FXzJ5dFFfYmtnRWN4ZjB0ZWV2ZTFrTlZVZlVVTnp1X1R6RGdGT2pwQkJvdVJJN2hqQ0RtWHdBcndTd2HSAa4BQVVfeXFMT1ZRSVEyZ0dDVzVMTlZubFdNeTN4X2hIRy1RY3hCQ3NqSGdzRlZpOXMwWElvdGtGVUw0SGJsYW9LRks5alljV01FM01hc0J3cXROYVhFQ3V6Mm9LemMxY2lEb1hiMmszblJRSTBaR3dWMGFKbnI5R1ZuOWZtdl9mdFVOOVpEMVVxdy1RZHpOTDVlWldZd1NmcFJ3U2tPUGY4bUZJSVJ4R0tjSUN5c3p3?oc=5","Al Jazeera","Arab","1778141025000"
"Gold Gains for 3rd Day on US-Iran Peace Deal Optimism","https://news.google.com/rss/articles/CBMilAFBVV95cUxQeHh0NHZ2bi01a3Q0TE44UlJfdlYwTzRaYnVoajNyUW9oSmI4SVBkT1YxZmhLVEI2UEh5M0NtdEx1c201WmVsM1ZJa1ZTUUZnYVhjYzV0MHVSSEcyV3R1clB5UUVLWm5ubXREZWFwTm50WkIzNUZYc1c3X2VpWG5rUkZLQXRTNmJrNDJXT2ZSS1lJSmFn?oc=5","Asharq Al-Awsat","Arab","1778140884000"
"Fed officials are growing anxious about the Iran war","https://news.google.com/rss/articles/CBMibkFVX3lxTE5BMEk5ajJ6WUdEVXlsSlVFZXNTS2dpVzNNVUZCQlkzRzZPMjZaX0xBdzBHVE9tdDRxQ2hqdHFEdU5ZZ2tuNG4tSVBaMy1hbkdrQ0hjWE9KTWsxdS1BZm1td1RGNzh0d0YyNEx0S0hn?oc=5","CNN","US","1778140851000"
"Market rebound: Why some stocks are looking past the Iran war","https://news.google.com/rss/articles/CBMicEFVX3lxTFB3Nk9pNDducFNRdGdKdnViVHdsYmx6dXJtTXBYb0w1VWoxNmcwTXBOTmlPc0FRS0ZTeEQ5aVpfVmdTVk5pXzd4bklCdG5oWXVTRm9TaVpKbFJlaWhhdVFZYUJfaGJCeWdDaDZvU29vMWU?oc=5","CNN","US","1778140851000"
"Iranian FA outlines steps required to confirm World Cup 2026 participation","https://news.google.com/rss/articles/CBMipgFBVV95cUxQRTRFU0prZUhGLWltT2lqX0MtTmZvekwxN05NUHhsTTNFNGtibEd0UW5jTEpVQjVhVjd1NlYxWklIdFVRX0k3c25ZNWtDNWhDdWZKRFlXdE1qT2JmWVZCMThoZzROYnU3OTNfYlJ4SHM4ZWtWUmVETVJfUG1nTGZtMnhreWV4ZS1tZGttY29UTEhmNXFoOFZQSTIwZXZvRXhOTWtqZ2dn?oc=5","The Independent","UK","1778140500000"
"Manus on Markets: Stocks soar as US and Iran enter crunch day of talks","https://news.google.com/rss/articles/CBMiygFBVV95cUxOWnhpaVJCR1hHN2NGZjZ4MkVkVXpMcTQySkpuX1pnM0RFRjNzRTR4b21YampxQ3F4SlM5Rldna2ZuLWZDTE1JVTYtTEFsX01ER3VjTnJJXy14cW9ESUtCYU5IQk0zcWR4YXNucTdRUVVySm5aRjBiUGtwS0VhSlhfYXJqWDI3NXlDNThDeE1xaWZNNE9vTUl6cmNtcjhMZ1VSM1VnYVpaUnFOS01HT25oSFNqOWJyQ3ZpcEdWbUxTWFZwc3BtSERrbm9n?oc=5","The National","Arab","1778140289000"
"The Long Journey From the Strait of Hormuz to the Gas Tank","https://news.google.com/rss/articles/CBMipAFBVV95cUxQTEJTcGkwdXJzMlFqQzlqX19NTjlpbklKUU1NLXJ1NVcwd29jN3ZXVU1IWGpaQjFuNThIWEhEWUkzNnBQY0laa3lWYTkyMDdSNkMtUDhoaUpQTlhEZTBVeE5SVzVNbGs5cFJTTXYxS0FnRklGNjFNd292MEN1a0RDMFhlWklyZnNZQmVBblNMa0ljSUR2QkcxVmtkQ3p4VGhDTXRBQw?oc=5","The New York Times","US","1778140141000"
"South African rand firms as traders weigh chances of US-Iran peace deal","https://news.google.com/rss/articles/CBMitAFBVV95cUxPNmtXRVRhOVdPSWE3cTRjNDdLdFZPSm5NTnpKdzBZUmZoMUtoaEVEendfV3ZyNDAwVVF6OVQ0QS1hZlhVTU9SdXA1aUV2bmg5UUtoeGFKczB4em9XZmxkdDRoY1ZnekhlNnJHLW9xeVdrRGJLYk1pcjRWZ2hXOGxwalcwRUhkN3FiRGt3THpzSDBJaGFKcEhtVFQ0ck10VExVcGhONXNVY20ydXBPZWNXSTlpeFM?oc=5","Reuters","Global","1778140097000"
"Shell Profit Beat, Washington's New MOU for Iran, More","https://news.google.com/rss/articles/CBMiogFBVV95cUxOVU1zb29IdHpHX0FSUnNWZ3FyZVdScFVwV1FmeWFXclVYR1hSUHRKcEl3NjNCTVd4WXNmUThiQVNuaXRuemxJRUtiT3R1QUpPZkM2eFk1Z3Z5NDNyRFA2eEJpU1c0dmo2VjAyTU95UmV6Nm92dnRtcnN1X19oZnVKdk1xdm9nN1hzbnFOa3BCVlNTWDg0RTZPTEhOSUpCeXgtRkE?oc=5","Bloomberg","Global","1778140029000"
"Stocks soar as US and Iran enter crunch day of talks","https://news.google.com/rss/articles/CBMiW0FVX3lxTE5IbmNaZkpsdW0yeGtydnMxRGw3ZVpxS3o3QlFtRVQ3SUlfZ3REM0JoelNsUWN6Y0lfWGxUOTZBTFZ4TGhyZUJQSjNuNHVWLTlwZHZqNkFZR0pWazA?oc=5","The National","Arab","1778140002000"
"Dollar, Treasury Yields Turn Lower on Hopes Strait of Hormuz Will Reopen","https://news.google.com/rss/articles/CBMimwFBVV95cUxOZXlrajd3RGd5LXBNeGFCRWpIT1NESy1BVWVIdW4zbHFJbm9TQXR2MlFqZGJZRzBfMEpsckhFbmQ4cFlGRFdqT0FLQ1d3WVZpQmlXZW1DaU41SmM2azlJNi03TGlvLWN2cVBwYl8tay0tdm82cVB6WjlpZVVKSVZkd1l5VmRVbmdxRWVuVGNURUdlQTBFdnFYX0p3TQ?oc=5","The Wall Street Journal","US","1778139780000"
"Pakistan expects U.S.-Iran agreement ""sooner rather than later""","https://news.google.com/rss/articles/CBMijAFBVV95cUxNb0lLdWFDOUNMT2JwZkMzQkRIXzd6RE90b2NtNjNXUDZsN1M2SC1FY0dHcTlnUzN5NkQyVjNtMWJOR29UYjNISHllcWh6MzFSdF9LS1o4ZkNRTHppc2FMdkFfN1RRX3FEVVgxeFNUYktsZDloT2dfLWRzSGw0aGRhaGxidVdWcDAta1g3RA?oc=5","Xinhua","China","1778139750000"
"Pakistani Foreign Ministry Spokesperson: We have not yet received a response from Iran regarding the US amendments. - reports","https://news.google.com/rss/articles/CBMibkFVX3lxTE1IU21SSUpVOUluc3AxVWl1eDg3R2JaN0lMaThaVWxWOXFUMW5HZ3gtM28zcDRFZGdzV2JxZFNEOVZXTTFRRF9sSHM5NFRHZHRUX2E0QTJNVVZ4WFhkbThpWV9Hb2I5c1p0YXFIMlJR?oc=5","CGTN","China","1778139743000"
"The Saudi Airline Preparing to Launch Just as Iran Upends Travel","https://news.google.com/rss/articles/CBMitgFBVV95cUxPTmlCLUlJbXNrSHkyS2RLaGd1X2p0WXMwNmNZbUxLN2k0MDF1a1RWeEdjTHRzcTlseHlxLXAwT0xoTzhYWHRCa2lGRmxlcWoyODJXYUZqWEx0UEdZOU1yWnZVUkotdTdaU2JoQlFPclljeEVDTlZBWVlva0JIZHZXWnN0WTZzTmNRbGxnYmY1SWdGVkVkMEh4aVM4anNJUTl0U3BzVTc2b290UmhBRGJYN0VpX0FZQQ?oc=5","Bloomberg","Global","1778139716000"
"Iran reviewing US proposal as Trump pressures Tehran for agreement on deal to end war","https://news.google.com/rss/articles/CBMikwFBVV95cUxQUkt3M3BQa3VLVHFKQTh3MEhnVHFhZ241MHo2cm8wdnd4S25vdzI5RXRIY3JHVEl4TkliUHgzNkdoZllvSGNUQkxWb093anEyQnZlM25EQzlQSDZuTW5GVzBob29YdktSWWxBUjBSY2l6TlA2dUM3Vk1UT05iZ3daclJ2amNRU0gzNVJfS3FSdXMxWXc?oc=5","Associated Press","Global","1778139660000"
"Iran Denies Involvement in Damage to Korean Vessel in Strait of Hormuz","https://news.google.com/rss/articles/CBMioAFBVV95cUxQOTkwQ3NXWkdyMmJyYVgwTmR6T0txQzhxLWc2TU5DSGlQZVk2aUpqV2o3Snh6aDlYdDE3eUxoQ05lRi1YVnY3VkNocWlTb2RyQjdsTUJ1a2ZkNGl1Ml9ZSy1oMFBHRENoeXozYlpMdzV6aHF5NkJ6NGJFaVB5c2pPTUZXbklydzlwbVNSX0VMd3pneUM4U0ktMDFoTm9nTUI2?oc=5","Asharq Al-Awsat","Arab","1778139534000"
"Iran: “Out of the question” to lift sanctions while Hormuz remains blocked: French FM","https://news.google.com/rss/articles/CBMi1wFBVV95cUxQWmdZQzA3RTREZHJWTDBHSXpaNDhicEdIei1WNk1HZE9obmhoc2xfR1ZPc1JiejZfOUVMYnY2OHJNaHdEQklrN3lndWdWZ2UtTXMyeWlVTG9NYXY3czdtUHRJeDhPZUtoTHZzNXhPM0ZyZWhlMUQ0cmZCRnRRRVdrRER6R18yNndMMFh5bmJZa0tIRzVrQ18yMlRIOTlucklvbzJCamFtcTJ4MnJFWnZqamhnWEdrQWRvNkdqTXJlZDZQQnJxLWZ5LXNaZWE3RFpBQkJzY2g5SdIB3AFBVV95cUxNWnZoUGNCVzU3RUxVS2laMWhkXzJXU1JJdkNTR2t2YS1pS0tWOW5WUDVLakw0TW12bGZYbS1WOGFONXJOeWVfcXR0MXVaclk1c0duSGhEMW16Z1NzUnJNNFFXVTkyWjNhd1ZNaGRKSlVncmpjbVpaMTVvb1A0UnFaTlllbjNxRkpiVXh6SUhMX21sc3R4Vk00QTR5Rkhtd0IyejBlU0JvdEJaRVBGWFBzX092YTZmX2hYbVlNeHVOYzBYclpDdUdpd091TTdiRjVmS21vcmhBcnljWlNk?oc=5","Al Arabiya","Arab","1778139480000"
"Spotlight - US war on Iran: 'A game of high risk, high reward' for both Trump and the Islamic Republic","https://news.google.com/rss/articles/CBMi2gFBVV95cUxQaWFHaEcxWjNIT01aaXVVVF9XMHY2V2ZMdTAzY0tLZmNoZXJXUHc5VzMxT1p2clIxQlNpWXJrSkFXaDdhNmlfNl93aGJydnVNbThBZUprcXVUM25vdXZ2V0RfYl83ZDFxTUVsR3lrZjZtVGVuRFlBS2E4SlhMbGRwVGFnYUo0ZkVuZXR2dFpjZ0NLVHNON3JWUzBROWdxVmcycFdoQ3RCRTcxbWFHSlR0cW1jOG1vYTRYcFMtLUZHLW5uRnQyWEdXOFdLdU5XZEVsX1pOUjYydk9Tdw?oc=5","France 24","Europe","1778139460000"
"Deutsche Industrie überrascht mit kräftigem Auftragsplus trotz Iran-Krieg","https://news.google.com/rss/articles/CBMiwwFBVV95cUxNa3pDMW9uOWNweVgwMlNjTjVwbldFUlc1aklaTlpJMkNEMFhZNkxFX1FZRVFlZ2JJRmtzWURyRFRkLUY2Sl9jRUxXQnQ5YWRNdFJxd1lFQ3lfNTFyOElzdVlYSmlZeHY2dDYxY1pjcmpoazVObmF0X2ZJMU9ZdkpmVWFjVUg5c1VPeXh6bF9LN1ZqQjA0T0FZQkpjR3VwMURKSERGd3BzelRRVms2c3Y2T05RbTRRb0NUTHBRc1BGamtZWlU?oc=5","Bloomberg","Global","1778139346000"
"Iran offers food, fuel, medical services to ships in Hormuz: media","https://news.google.com/rss/articles/CBMingFBVV95cUxPMkd3SVNNRW1DN2VHelo0eHVVODFPZUpraU5CamI3Z2dxaC1xX0Q3dVNjYWkzYWRKeTdOdUxCd25JV3NHTndHZUE3SG1ZdzljcUJaM0JmaXhWeDFncEF2Ums5LWlPV1hmQjhhUGRPS292Z2Q2UDIxYWxFNVZoTDN0UGN2b0N0SjFCUXZ4UWtyeVBlODhsTDdHbTR5cnEtdw?oc=5","Dawn","Pakistan","1778139198000"
"The Blogs: Sudan: Iran’s Underestimated Red Sea Vise","https://news.google.com/rss/articles/CBMifEFVX3lxTFBLLTV4emhRTm40UTVUSVNJdVJnOGM0d1dKTDNjVEV0enRnYlNKYng1ZzB6NnFsSW5ia0RXaHRGNFZrbmRHclctVFU0ZHRka1h6UllWZk1MSWFXenNuazI3NTliQ09UcHRaNlA3LTU5RDVuTXhFY1ZEWHFSdmg?oc=5","The Times of Israel","Israel","1778139180000"
"Iran war briefing: Tehran mulls US peace plan after Israel attacks Lebanon","https://news.google.com/rss/articles/CBMilwFBVV95cUxOREd5UXRGTkV6RHM5SDdsZXd4UUlGMnh6NnZQcy1MdHNrd2RYUFlNYThkbDhfcWpybWhyWXlIRkE4Z252UEFTaE85WWU0NHR3bjY3MEhSbTVpQWo1MEZSXzJMTUl5ZkF1cVJkbzl0SE1oaGxNdkVLTEFNUHVMTmd1MUZkNjVSdy1QdnJ3TzJpZHBwQmlocmk4?oc=5","The Independent","UK","1778138760000"
"Maersk warns economic impact of Iran conflict will ripple for months","https://news.google.com/rss/articles/CBMicEFVX3lxTE43RlJFekRNQkMzWEJYcThfVllGWkphMjFteFZMRmtGenJvSVBqTEZ2QjhsNk9Rclp2U2pSdkFGTUZaeEZRVVplbzdSOW9RLThjMFJtMlVJZ08zdzhLam9NVGV0M1dCSVRSdjJ1RVhrTWE?oc=5","Financial Times","Global","1778138751000"
"Oil Steady as Market Awaits Iran Response","https://news.google.com/rss/articles/CBMipAFBVV95cUxNb1pkV21pV1l0RUhyVFVkQ0ExS1VCdUdEOEtLbVF3LUFpdW14NWpieW0xUjJINzlLODltZEw0cDBtd0JubUQ2UmJXSkdxTjY4RmlOOUVJa1lYM2w0OUgyRzhuRFFQUlJrOW5TSVhKaFAzcFh4XzZKWEw3S2lIT2Z0Wmp6UlpoLTdGdXFqVGNVTU94SVFKR3NTWVhtS25TX1ZFQ3VYdg?oc=5","The Wall Street Journal","US","1778138220000"
"JD Sports cautions that Iran war could weigh on profits and push up prices","https://news.google.com/rss/articles/CBMijAFBVV95cUxNdE43SWFLeFVkdWFkYUZvX205VVlJcXl2WWw5SDJpVVhieHFTVTZrTGJUODFSajRGZ1duUlhsQWo4MkxtU1hmX1NPZXUwZk9zVTltZ2VYQUNFWXpDeG1VM2xXZ0tVdEx6MGVvbnhoRnQwcjBrcVZzU2VManE5dFg2SkJLc1ZTQkU3MDZTZA?oc=5","The Independent","UK","1778138160000"
"US-sanctioned empty tankers continue reaching Iran-linked routes","https://news.google.com/rss/articles/CBMinwFBVV95cUxNM3FGMTJPbk96T0ZqaUw2VlVjWE9iN3Y0dlZxTzh0cXAyOHlKMnJIRkhZMkxmSm93V3BnN1diMHdUbTJncnRkTWQyNUhXcThjRzlvTFZRQ2w4N0FqbEJsOEhpVTBSSS1jZWtKUE1SSHc1TWYta1lxb3pYS1ZxUjhkdDcweXVsMVJiQjNBUVZhVmZVN0ZjckZmZnVyY1hyWUU?oc=5","Dawn","Pakistan","1778137221000"
"Late Night Isn’t Buying Trump’s New ‘Skirmish’ in Iran","https://news.google.com/rss/articles/CBMiiAFBVV95cUxOVFFZVlc0VTVaai1DMGNjN2x6RzlwS3hhMzRYUTFnOXpBazNkSzZXMEZHaHh3NTBjeWRUQ3M5Y3lQQU5yeURxYndWSUVaaWFmZFp2OTlrOThvcUxzTFdQXzlBdTYzTmtIbGVCY1VWYWZDQkdaYWtDdC13M0g2a3M3QklkWEZ4enNH?oc=5","The New York Times","US","1778137117000"
"US, Iran Mull Fresh War End Plans, BOE Doubts UK Eco Data, More","https://news.google.com/rss/articles/CBMirAFBVV95cUxQYTVMd3JYQ2R1ZDJSbkRtZ2NHSzBpenZrZzRZNVNpcFRpUmhhYUlxQkplQ01makFoRmJBaGJQYTQ4SjE1R2tLWEw3QnpaWlV3UWRwcHFWWmtxb1Z0eXlIR0lUZGxPbEpVNmJ4c0xoTDBXaVBUemtXc0JnR0o1eS1RVkVDSHlYWWVPMzZPQi1NVGlGZ2JpN1F0V3NISWY2NUZ5dnllTW5EX3ZWTmZC?oc=5","Bloomberg","Global","1778137081000"
"Iran First: Why Solving One War Can Break the Other?","https://news.google.com/rss/articles/CBMiiwFBVV95cUxNMFBKVnFTU0EyZElEY3V1aDVTeVVUYnVzUlAyUnZ0TlQ2cUR4VUszZHZKM1dWWFB0dklhQlcwcGswWlJDb2ZJX2JzYWd5Z3czd1dFSVpNTE9TUXhMU21sM3pILW5HZldoMUdFUHhvSE1iUkRaTlk2Y0lRSXdNYmRNVjBxaE9MR0VUd2cw?oc=5","The Times of Israel","Israel","1778137080000"
"Trump Seeks Iran War Exit, Israeli Strikes On Beirut, More","https://news.google.com/rss/articles/CBMipwFBVV95cUxOVHlBdnp1NDhrYmhDcVVMY3YwbzNkY3FGRWdGd2E1d3I3Z2VKNk1QS1hkSGFtNXR5ZS1zZFB2V19fQWlPb0sxTG4tYV9XQlA1emlWNWU3eTVHclE2S1pHREptbW9mU1JKcThXd3dzdlBQaFI5MlVDcXRKbVQwSlpWQlFHUWtsTzhEeHVUQTBMaW8zM2lWcjNNTzFyLTRmYTZsT1RXa2dCSQ?oc=5","Bloomberg","Global","1778137078000"
"Öl stabilisiert sich nach 8%-Einbruch wegen neuer US-Iran-Initiative","https://news.google.com/rss/articles/CBMiugFBVV95cUxOeGxaSUkzYlBoaU8zYmFyUWI1MGhubzJtWmVuUDlVYldpRmh0cDVpbUVhMUxhSW9MTUttbDVCaG9zNzE3a3VDRWxxeHc3WElsRDB0QW9CVFc3SWl4UU00Y2Q5ZmpKNTlzdVdVenlVcTdSVWNHdFBmX25yM1ZiSUpYODVBTHNDN19aZ2VyRTBYdTR5QnA2UmpOaXR1ZnBnRWN3YWF5ampMektpa2x6RzB5aGZyM05ENndhUGc?oc=5","Bloomberg","Global","1778136540000"
"India plans to bolster key export scheme as Iran war sours trade outlook","https://news.google.com/rss/articles/CBMitAFBVV95cUxQMzNvaS11Rk9rX0F6alc4LWIwazB5ZVpkTFVlUEJieERScVB3ekFta1gyX3BnSDk1ZXFUUmlTTGI2MEI3UWk4T05rWEdtRnp3UDRaWEIxejFFdVA0aTlkTFBpTEdydzFfaU9VTmE1UmpmY21uMERzemtzeXVCeE9XRFZJX3oyZGFaNGV0bkJDX0VXMGxYOGRXODlkRmxIMi0wZmh3cFFNSzFSMXNNVkVrS2k5RGk?oc=5","Reuters","Global","1778136480000"
"Iran maritime authority says ready to provide services to commercial vessels operating in Strait of Hormuz","https://news.google.com/rss/articles/CBMi1gFBVV95cUxOUlFMSEUwbnczLVMxVm43N3dJbE9JMFpfalpUcVFfQUpMTzFtNUJCWGxLYXBuTldqQXJPVVhKTXNhdDdDMWliWUpoQzUzaFphUjNDSmtzMk9sSzNtN2l2dkEzQXE2MWdxODRzbjVqeE5malFPZi1adGI1RWNwX282dW9KSDNGTDMzVGFINXRKYzNpZXk2N29SS3NPWmNnOEd0Zm5PdW5xVTZNNWJDc3RJRm1ON3pGcTJRYlh6MWFZQzNLNlZ1NnBIeDFPYjRTUVhwaVp3Q1FB?oc=5","Press TV","Iran","1778135940000"
"Shell profits soar amid surging oil prices because of Iran war","https://news.google.com/rss/articles/CBMingFBVV95cUxONXlDcWtEalVPSUl5Rno2RGNlMkVIZTV4M0JKUFNPSkYyeF9sSHU0WDFEYVRoc1FXVDZRcE5vTV9TNndRTGotZ0lpdlluOWFWUkxCYTZwS3VneG1VX29RUzgza1dYR2tJSTVYQlpLVnFpZTFOQ3BYTGNSSnlOZ3dwa3ByM2JYYzRiUzllYklMNHNucW5HV2RnZmktcjJoQQ?oc=5","The Independent","UK","1778135760000"
"Oil Prices Hold Steady as Iran Talks Remain Murky","https://news.google.com/rss/articles/CBMidkFVX3lxTFB1TFFlV1huSTRfMWhodUtRU1E5MzZ6SG1VVG5fOEdzT2NWVl9pcklPQkJVc05pQ1ZXN3pHVkE2MW4zR3dGcnRMNWl6YU9TOTl0T3hMS3lkZDNLRHgycy14MXRLVThJQkI2ME51UTA4R3hPYlNqYlE?oc=5","The New York Times","US","1778135626000"
"Shell profits rise as Iran war pushes oil prices higher","https://news.google.com/rss/articles/CBMiWkFVX3lxTE9mY2VtcVJQNkExVWZDanVJMDhlQXQxeGl1RUZ1WmZiRkpseWRha0s2MVZkejN1d29HT1REaXJvY3FJYW0zci11N2VqZGpkU1dPX3djdldzeU9zZw?oc=5","BBC","Global","1778135321000"
"German Factory Orders Jumped in First Month of Iran Conflict","https://news.google.com/rss/articles/CBMingFBVV95cUxON2ZfWWFCRVRtUFVCSHBHN3hSUXk0VEhXenlid28xSE1OWHBYRURJNVZBaTI4bGpNdmhFYWVTNk95MS1KSEFjX1owNkRnRk42QTJxODZ3ZVRBVDhXYUdjdk9KN0g0Z0JQczQyZE9VVnNmdjIyaGNKNERsblltcWZwSEU5REEzYW5rZ0FNV2FDTXJUbFc0eUNXTkwxX2NBQQ?oc=5","The Wall Street Journal","US","1778135160000"
"Shell profits surpass expectations as Iran war delivers trading windfall","https://news.google.com/rss/articles/CBMicEFVX3lxTE9KQXpSV3d0dUp0Y0NWUm5mdEYwZGdteXkzck10TmFwZFhuOG84bzRYaXJKYTJxVi0wQXRBbWNOXy1yTFFkd3pyaHBMUzhoUUgyTkJTWVFSeEc0Nm11MFhhLXZnZE9YMEE1MGJ6VlhrMFM?oc=5","Financial Times","Global","1778134986000"
"Climate campaigners attack Shell over ‘windfall’ profits from Iran war","https://news.google.com/rss/articles/CBMiuAFBVV95cUxONV9ZQkdqTVpwdldhTWVkRndFMzB4TU42UHZLdnNJRHpEaVpZSl9hbFNMMllEVlNYaWdCSWZQVkYwRElqWnNURGJhVE55bkt6NnJibzZlSUNqaXJxSVVMeWFaai1hbllKZW44UmNNakZBVTRscElJR2oxY1lWU2ZjNTdyVXVvdDF1YWZqUmIxSnd2UDVYRFc2aW9RRW9JUERtdnZ1YUl0MWYzOUJ6U2dMZzZOSnc5Q0Zz?oc=5","The Guardian","UK","1778134440000"
"Rubio faces challenge in Pope Leo meeting after Trump's criticism over Iran","https://news.google.com/rss/articles/CBMiwwFBVV95cUxQVl9OQjRHNXVmU2ZKMDJJNjl3bF8tLTQ1Z0hldXd1M1NUblF2S1BUYXhuakp2QWZaeUo0a0ZjZ21WLUJTb25fQ0FZTkp4c01DeWxoTnNjVFIzZkNFVDJ0cmthYXJ2eC1vX1k4VDhYUTItQ3dWcE5VOV93WFFMLWlPZ3owNjJLQ0p3azltZV82Q3BHaVYwTzh5ZzB4MVZIVkxPWUQxQjVxc2p5T0ljTmhRT0JtelA1V0NUTmNoMmcyNWhxdWc?oc=5","The Washington Post","US","1778134344000"
"Trapdoor creaks for dollar if Iran war ends","https://news.google.com/rss/articles/CBMimgFBVV95cUxOS0dsQjVxcFllbGI4amVuN0tHTzlMNmo3Y2doYjY5MUtJbE5fRzB4ZDhDbHpLYmFxU20tVWFNNDVCdTB1WU1CbU5jYWFNdU1UTUtqY20wT2ZjaGp2YlZVMGItRDlnSVhFMFo2dmZWQV9nR1hnTTcwNGFmZTVUcm9HSVFwemdfNWw3b19HTjNnelFhdER6MTZYY0Rn?oc=5","Reuters","Global","1778133840000"
"Shell Says Profits Rise as Iran War Boosts Trading and Oil Price","https://news.google.com/rss/articles/CBMitgFBVV95cUxPZV83RWxGV05veG1GZjJwMTlRZ182MWFkODdjUHBFQWwxT1cxNWhLQXlIbDlnRC1sYXdiQmE5a1FnRS1fc0ZDeDNUZzVfZEs2R1VpRmk5ZWg0XzlTYk5xcW8tZTJpV0JPUi1JN2gwQnV3MUlhZWZPTWE1RlU5RS1GYU1mZll2UDFJbnJfTnREeGlkU05UOEk2Q0phQzdGU1VVNHNkVzB3TWJUa3RuTjMtcEVRZkM3dw?oc=5","Bloomberg","Global","1778133840000"
"Emirates soars to record profit despite Iran war grounding planes","https://news.google.com/rss/articles/CBMicEFVX3lxTE1SZndoQzFjbUEzYkhZVFo2Mklnck5SV2FHSEtWem9HWUtRLXlvVm5VOUVwUVZkWGJZNGRkN3FzMTBiM0hKcU5PZXZ6ZWo0M1JLNm1ZdHhrdWZaSldkMlp3dDA1SkNGVHFreEMza1ZIZG0?oc=5","Financial Times","Global","1778133603000"
"Rubio faces challenge in Pope Leo meeting after Trump’s criticism over Iran","https://news.google.com/rss/articles/CBMikwFBVV95cUxQaldaVUltVWVDTWFTNF85REI2Q0lJUDR1c202LXhGaXl6OW9uX1ZNbVl1RnBpUkJvN19EMnhURDd0eU9MT2w1ZVJtQWlFbXNkeGpZQWtnaE45NXNTM3MzX2ZybVY5V21HRkNYM18tWF9UcUNCdEpRNTVWS0JpNnE2Q1B6cGFkZW0zb1g0Z25mcWQwaGM?oc=5","Associated Press","Global","1778133420000"
"Iranian embassy denies armed forces struck South Korean ship in Hormuz","https://news.google.com/rss/articles/CBMixwFBVV95cUxPWncxZDJJRENhQVhkTUduWEVGRlVUWXRZMElBSEJnOFRxV3RRR0xibUFiSUxOc256anZ0R1hQWll4Nmhab0dPWndKZDZmdTFxYlp0eVBtaG1jSzdJZ25SVUF4N2tPcEpWMXV2eVhLM2JBVG85N21ISng4UzVhLUF4cHBPcDhKcm1BMmNrcjY2U0lLeGhudndsaDhJemQzdXhvckxLOGZyXzhkM2VBYmtlRlpnRkVXNkViY1JNd3JlMS10dThzYTJV0gHMAUFVX3lxTFBmLThtbnc5U3hPZV9VYW95N3g1bi1lMkcxX1dYMXl6Y1ZBQ1V2Mjc4VklyRVlkNUdnUElMbmRZeUc2R0VROE1Td0kyR21vSjlIRE5BN2Z6RUZEWG1uSEpUWFpvaVZVdVRlWWFoWXBlN2QyUVkzb0RzMHM3eVo3S2dFa0Y2NkVTV3d6YnFMYVVUVUlSOXFNdGVYeTB2czc1LUdEVTUtQnEwVDF4MUpYX0dTYXhYX1A2NWFndFBhaXRVZkhLRXhUUEU5M2dKeg?oc=5","Al Arabiya","Arab","1778133360000"
"Trump’s reversal on reopening Strait of Hormuz came after backlash from ally: NBC report","https://news.google.com/rss/articles/CBMiwAFBVV95cUxQamhPTWlaaTl2cHgyYnVnOHZrMDdBMUZZZ3hwYmxLaDNzU0t4VXVydXA3d1EtVllBRHhPY2ZtajExbFdGRTFyVzA1VnBYdy1OSmtTMG9HZkZMZVBua1lvc05uNmJwRk4zQzd0RXBqOVR3V0g2cExOVTk5WUc2X2ZQRldJUjg5cWRMUEhhOS1lS081ZVR0SWptMDdsbWZuekN5T2EwWDJBUWRXZV9ycVF3TV9JM1A5NmRYS2VUWDlYUkbSAcgBQVVfeXFMT3pZdHk5YmVocmVtVlpaT19RZnpiMHc0QmtlMVpjLWRKMkZEM0VlWFBoS2pMVmIwbkJDLVlHSDZ1aHVTcjdxT2xHekIxajQ4MnJ1SHM2OTNtUzJuQ2tlZWE2YnJpMm8tdEVSUTJDS25YR0NabzBoYklvMzBpZ0dGd3FhM0Q3cWhhdjM4bHhYSVhRZElDNlUzR2c4U2I5bUhxaGt5UmpSOFNrdWM0UGVGUmJsSzRMS09lTHhqZWFaOHNVeGxRWlpZMjg?oc=5","The Express Tribune","Pakistan","1778133037000"
"Iran considers US peace plan as 14-point framework takes shape","https://news.google.com/rss/articles/CBMitwFBVV95cUxOMDNFeXpzS3VKQkRPaTI1c0xOMGVvZHdqMkFFc1BvbTVtTEx0azdldENUcjJVT2w2Q19CVUVHSUtSVFJITDFkUFc1VmNTX3F2NzY3dFFvbVZxSnl3SVJrdHBsbUVUYUNuOWx2dkhlVmMzNm5YbWRraTZhbmhnWWxUbTdmZVphZ1dReXBKZC15MF9pYTdzcmczcmZaSGYzeU5JcXE5TU84aVF3ajRqU0FjZV9zSy1DZVU?oc=5","The National","Arab","1778132925000"
"WATCH: Newly released wartime footage shows IRGC launching ballistic missiles","https://news.google.com/rss/articles/CBMirwFBVV95cUxNZXRQZEtuZlZReUZYay1BSmxCZk4yakZTcTFDNm9lcDhOSkVKeE9CZUZldFRUazBpQzg0amxNQjFrQnRtdnI1TEVlVkl4bVRlWU1wS2wxdlo0SFVrbkJDVER4bnBOUGhkWGF0LTVwdktERGlNaEV5aml4aEVoWTh2d2xHSXNNQ2thQXdfdHVnVTRuTXFpZERQaU40b0VFVEg5SThSaGtQMlBkQVlfbThF?oc=5","Dawn","Pakistan","1778132766000"
"Iran urges Fifa to keep politics out of World Cup visas","https://news.google.com/rss/articles/CBMipgFBVV95cUxOWXltUlh5dTg2WFRYdzE3S0l5Y2dnSFpsRXZzVG9NN0pMR0hGZHRrN2pOazdadFJvWWhKclBTU3FzRDkyanpOOTdMaFVSYlp1Uk5BcU5YZWk5V19SM2t3cFRLVDBHLTNNS19aMnRaLWRGS2x0bkZCd1JGMTRpOERENHZZQUFBSHBNeFk2RUFDWFJPcHl6QXJBYVc1S1ZZNWkyV3ZZRnBn?oc=5","The National","Arab","1778132734000"
"Iran response awaited, Israel hits Beirut and France moves to help reopen Hormuz - Trending","https://news.google.com/rss/articles/CBMi9AFBVV95cUxPX3k3Q2FGQzBsMmpPWUw1VGYtMHh1T1pnOTQwczlWQ3A4aXh2T05DRGh0U0N6R3hKUEY3T3otNTQ0a0pVU0RKLVlUTktQQS1PMDNPelQ3UlZ2MlpfQlRpVThmdHFsQ2xORXA5dll1QTVmT3VsZzlTVHRyQkVtdjdnTWNzUFJrSHpKWng4Y2c4Y05ZRGc2X0I4Z2llV015SWZBUWZVTGVSdmMzYnZobjZaRkxkSGhVdmhuYTdaTDlPLVNpVm1IRk9rdU1aUkFfclVURG0zNG1HNDJzb282dTJ3MWhhM1lPVUpHQmJQX2E5aVZYTVFa?oc=5","The National","Arab","1778132691000"
"Asian Bond Issuers Rush to Market as Iran Hopes Tighten Spreads","https://news.google.com/rss/articles/CBMitAFBVV95cUxORlRWUVo4NFZTTllCdmFDQXlvQ1BRbnJuaEJYZ3c0T0pyUXpVaGd2R2Z6MjhJNGlXMXRQcWJiTVp1OG42OGZmdDE1R3dsb1V5YkFJY3RPQjE4bUFJbWpZTEdIc3NqWFRWT1FUMmtyTmNDZ3pERXExNTZRd2JaWGxEaGxhYnFlajhmZmNfdHdtTGpkT0NzejJxWmVUbE5zS2Y2WDM0dHA1dEE2TTE4eDl6V3ZHZ1o?oc=5","Bloomberg","Global","1778132580000"
"Oil prices fall towards $100 as Trump suggests Strait of Hormuz could be ‘open to all’","https://news.google.com/rss/articles/CBMikgFBVV95cUxPY2tjY1p5T3lTWFc4emtzM2k5c290R1phazllQmhiTV9KVzNDaUJEbThYazV2VG5TTVFzbVRkLXk5aFQ0T1J1cHpkVy1KREdwS2Q1V3ZLbTFQM1FPcWJHajBJcXM3WUF1Q0pxWm84MWkxaXdRR0ZtSHN2ejJuRUNpS1RCNTdfNS1paXVfS1p3TlVDQQ?oc=5","The Independent","UK","1778132400000"
"Reeves ‘faces £8bn hit’ from Iran war","https://news.google.com/rss/articles/CBMiiwFBVV95cUxQZFNyS0hmUzMtNVpSLTQ1RWVpMm1QVFlocnRzamxDT0tZS2xtaG5CRlNjT0ktZEVkc0oxTlVsR1JlUzN6TU5SV1VvQ0c1VkRkMmljSC04SzVsLVZPOHNSV0dHbnlOSGFDWkhPNTZJaVlEcHdGMzBDaWZRZC1VNWlVWVJTdGZOakFRVm40?oc=5","The Telegraph","UK","1778131800000"
"Ukraine is the big winner of the Iran war","https://news.google.com/rss/articles/CBMihAFBVV95cUxQOUhpODljMWVIczg4azFIVWxXSE5sWE5fSjdxeUpFMktnXzV5WEw4Z2FTYmd5UUQ4V2huakxFNF9LSXNWbHJUSzdXZUsyTHp6b0FaY0VnbUlMRDI3TE9ENmppbG9sVVA1YTZCTlRWOWN2RW41UVM3SzJraW5qTGR5V3VPMXA?oc=5","The Telegraph","UK","1778131800000"
"Metals Rally Stalls as Traders Await Iran Reply to US Proposal","https://news.google.com/rss/articles/CBMiswFBVV95cUxNWE94aTNOdVFjNk5jcjFtcEtIeEU4dl9WdWNQRFRhS2w3Njdjd2hQOWFfNHNoT0lpLTdhMWtTNV9OQVROeDk5eXFUR0xRVXFHUWJLWk15NWhaMlgyb21idk14T2JCejNlZUNSTVdmOUI3WExWemwyNDh3Ujh2Y1VMd1gzcHk4QmtjN21wUlhBOFFKOE9idjdZV2RmeFZNWXFMOWZ4UHJzSkY2YVZuWEhaWWtINA?oc=5","Bloomberg","Global","1778131680000"
"UAE says Iran has no right to use its defence agreements to justify threats","https://news.google.com/rss/articles/CBMixwFBVV95cUxNQ290YXkwcjZwRS10SEtIeHpIT1VIeGpocHI5ZG9zVUxiWG4zLTQtMWhpNWdoVEpManpkaFlEbFZFcFhPbEN4Q0xNQjhzTG1QWlZBXzlHcDdwdUdDWUVKZGQzOGlpVnFRTmlSRC1fZlVZdEIzdmlIblRpRjlLSDg5QWJiZXhRYVphdnBfcnQ0RGl2SU9sUW55Nm00SHRtVFdPM2xYX2FhM1JfZE5OU1dyck5kM1hMYUJ5ZVlnOElIZ252OUdIQ3pn?oc=5","The National","Arab","1778131602000"
"Trump says 'very possible' to reach agreement, Tehran yet to respond","https://news.google.com/rss/articles/CBMivwFBVV95cUxPdkg0ektkMGVjUFlMOWo2M0pMTEpIX0owZThnQnFZNnhPRzRoZlY0cFVmZEhhcW9fOFpiOTFoaUxGRnhKdmJxWV80aHFSTVo1Ty15RGZvc1NYTkN4WnhrVDNBa252U1p0Q01qbF9xT2c1QUhtQ2JsRTFjbDVvdHlMUV9pak5jOVRNZWlJcVQ1eVJzOTF0SEJ4T3RDbWJ4SWtsVnNLY2d6WUJoVGNFTjU2dUxUUHdOQ0NxMmlYQXoyOA?oc=5","CGTN","China","1778131485000"
"Report: Trump Backtracked on Strait of Hormuz Operation Under Saudi Pressure","https://news.google.com/rss/articles/CBMi7wFBVV95cUxNdGRKcGNkR3RWMlBfNU5uNFh4cjB2dGFDeGhCODk1dW4wMDVXWWRBUi1jdHBYel8xUDROd3lhWTNRc3pWTEZkdGluMEd2elVDZmQtYUF5ZkRWN1ZQdWF1NXAxb3ZTMmc5aTVxT3NGN2hMTDE1MGsyNFVLOTdfVmJ5cTdqTkxNRjNYeFdzWnFvVnd2WmtRd2trWC1PY3dfX3VlQzV5bDZ5VTJVQ2I0Zjh6QUQxSFZoOXJEZGE2WERNek5XbHV0bDFnQzFGazdocWFBTk1vZy1vS2RBbTJTeUhjbzJOeXo0MDV2aHJhdXJrbw?oc=5","Haaretz","Israel","1778131140000"
"Asia exports of refined fuels plunge amid Hormuz closure","https://news.google.com/rss/articles/CBMirgFBVV95cUxOQ21PRjdFV1pyVm82YWdZcFpkM1ptSmd2M3JveXdyQS1RQ0VYT2lWc242Z29VWWJaNjBrbEpPNnZCR3lYZ20wSEROQWpzNWp0M0FyNEMxOENZOG4zR2VDZzkwd1JxMGxxclJGa0wxbXlwajk5c0tCRkxZbWpwR1lfVE90dHdkNG9yMEljSEUtUjIwQ25BeFJ5NjFXX3hrT0pVYl9FcDZnX1NyWkpiTEE?oc=5","Reuters","Global","1778130720000"
"Defense official: US must recognize Iran’s rights, break with Israel to escape ‘quagmire’","https://news.google.com/rss/articles/CBMixAFBVV95cUxQVS0xWHAzVmtxMmFobEZWdUx1THREVGlJX09kWDhKcDRLaVljZTRZNHRKaGF0TEwydnBJVlBxaXBWVVNMQk0xMUh3cUdpeGpqbjFFMUZZQnBJZEE4cjVuUzFTcGZub3A1UFJEMjZNMFlOeWVCWjJnbHB0V1piUzl5cl9TQ0lCdWRiTEVqM1BRNFA2bjFLSEdmZEx0b25lYnB6ZmROS3BTM21IMGc4bkRuRDhUdUN0YXJuNUdCNXZVZ0ljZlZK?oc=5","Press TV","Iran","1778130360000"
"Iran soccer chief says he will seek assurances from FIFA president over World Cup participation","https://news.google.com/rss/articles/CBMi2AFBVV95cUxPMEswWUFRdHpaYTR6dFRmUzQ3ZHhzbGRHWXoyaGw0eExndW5aVFBSQ3VvbVhaYjlHcjkybGtMdHFCLTE3VHI4TnpUUEJNR0dfbU8yT0I3TGdobl84RENEUmJCVWQwRnN3REd5VUR6OVd4YUVoamktSUp5cXhGTjA0aEJpcDdUMWpFVHEyT3RaZlRfU01sNFM2RVBmSjBRQkdtT05ieGtfdTlnb1ZMNDRkRXU4ZHJtV1lfbGRsSUxRUlpnNzV1ZTVtakVXRmdzdDJiMWZDaEpNY24?oc=5","The Times of Israel","Israel","1778130153000"
"Pain at the pumps as US gas prices rocket 52% since Iran war","https://news.google.com/rss/articles/CBMitwFBVV95cUxNM1NFYmFiZGtHb1NlMnhMWjdaSUZkT1ZCMHRzaVJuNmF6S0FwSzVpZXY4YzJmMkpUM2h4a0hfYm5PekVUY25PQUVOVlRZUE9xd0g3UDdabGZpcEd4Nk4wcU1oQlRMdFV5bjA0djJHUUhJdjhkREtQQXVKeE0zTmtQSUM3VlRzM1hhcDY0ODNwcGRBOUdJZEZxS2ltZTRrdjJ6Y0hZVGdXYnZmYmNXcVBQWGtEUDZBMU0?oc=5","CGTN","China","1778130050000"
"Iranian FA says will meet FIFA to seek World Cup assurances in next few days","https://news.google.com/rss/articles/CBMivAFBVV95cUxOV0FsaTVzU3E1Wk9ucnB5S0FFWGIzUTJBby13S2RRZDRPcS1KYTVpd3ljMzNpQ2I1YnVxZllVRFRMTDRiTGNLRHU2NGpNNlN0UnhFMi1iVHl2Ui1ZNmFlNlRtRXQzNmV0WURqRlAxRmtTT0oyNENDZmR5bVo5YWpFZFZ6c3A1TzZoZExWSFdOTWl1c04wQUVkNkdpUVJfLUdybWpvYWxPZFJlY1lrWW9Ca2t0UURManBNNWdyUg?oc=5","Reuters","Global","1778129580000"
"Duty-free retailer Avolta warns about Iran war impact as quarterly revenue dips","https://news.google.com/rss/articles/CBMiqAFBVV95cUxQQ1ZfMGhrenhuTWU0MW9uR2JUSTJfSkswZXlWdkNtTW5IcFREemhHZS0yYlVacl9MZEhSZ1ZmdjQyX0pSc3ZjeDl5VlE0MWZjWVBjZHM1UlhaYUJzWGZtRVBXaUliV1h4bUY4Ml9YVEdFdGZCQy1JZlZHMk9lbXRSMUw2TU1TNXJPcG8yczA1cWpDaE1kams2RU5CaFFXaWxQcHVlUGY0S3M?oc=5","Reuters","Global","1778128920000"
"Iraqi PM-Designate Offers Baghdad’s Mediation Between Iran, US","https://news.google.com/rss/articles/CBMitgFBVV95cUxPZXUwUVBDR2hweERTM1V4Z2VKOWJBY1ZYNGpmV3p5VW55bm9UVEprbkU1ZlQta3B1ZE1wTWtGVmdjaWVxTWczZ3lhSmEyUE00QWh0NkZ2Yko0ZlVlVmUycHFmTGI0eDN3SnBhMHVBaENxbC11SGs0bVdzbnlualVtdE9SV2VaOWRVWWxmUlR3T2RyNm9JNFpKOXZHa0J6RnE2blJjV2E2OTZFYTZMUjVQVV96Nm5jZw?oc=5","Asharq Al-Awsat","Arab","1778128724000"
"Iran deal 'very possible' after latest talks, says Trump","https://news.google.com/rss/articles/CBMiowFBVV95cUxQVEh4MlpzbEp4c19acGVTb0xPbXZzSEVKOUp4d2hLOTlJT1c1b081WERwLVdpRzhHVzlONjlQcmhkX3pLNGtvQzloUzFBRll2TDQ5dnQtcnFRNVRndG1uTFZjVnRYQ2JadXFhMDlHbmRCQXo1VW02NmxYZWZZY1hyaG1XTVpxaUZaRWlHcXJMeG9fbG5MYmFCZHlOM0hUWTM3d1Vn?oc=5","The National","Arab","1778128403000"
"US Senator Thanks China for Iran Efforts, Calls for Boeing Deal","https://news.google.com/rss/articles/CBMiswFBVV95cUxOXzNQNzlkN0U2Z0YweWtpT0hsaC1naG82UDRLemxCMHJyWUs0R1Z5VUZCMmhKVHJ0elFMLV9YcWRRUVZ3RmYxUTduZEhvLWFfVHk1VWhlMG9PTV9sRkxvdWtkZjRlbVN0ZjZVR0I0OVp6RzYySGd5RW1BcGpKa3VZdjA4UlZZZ0pjeTBLQk9RRW4wcjlSakR4T3VtR1lob0U2TXdNa0hNeGh4R05VNDVLZE1GUQ?oc=5","Bloomberg","Global","1778128260000"
"Oil prices fall sharply towards $100 on hopes of Iran deal as Asian stocks surge to records","https://news.google.com/rss/articles/CBMinAFBVV95cUxOSEVXV2R3T2tHS0R4N0kwb2ttNjdDMVp5bmlxclVRUklCaDBibzBLX09yRDNRbG5uTGlDTEtLRW5xc01NX0NjdDgySEhEWVFUeTJ3d1ZUWVh0N1drbjRhWW11dnJwb0k1VXZzNkd1eE5EWUNOZFNEcXh6T2VsdTlvZlpaMUZtbkZqWll0ckVlckF5eGc5VmJhNkJ1cFI?oc=5","The Independent","UK","1778127840000"
"Source: Iran Expected to Respond Tomorrow to U.S. Proposal","https://news.google.com/rss/articles/CBMinwFBVV95cUxQeHBKanRjUnZ5QVlqWXJhNUhjaFFnVVlWNHAwYThoZHVGaWVjcjc2bUF0M0R1QXZ2clpyNkxtTlNFal93Mk03T0M2VFBVY1lWUTNBTzEyajZSX2VJRnJyTEI4S2psNTZyMi1kZ0FSUzZrTm1Ec3RaQkowLXgtS0duNUdfbGdaUzFVX29hTHRuNTFNZTlHaDRIUnhtWFRnVjQ?oc=5","CNN","US","1778127535000"
"Iran says FIFA must ensure access for its World Cup team","https://news.google.com/rss/articles/CBMid0FVX3lxTE82VzZ5aXdhd2NuUnpydXFXMXN6RmRySlMwSlN3bkhxOXpqQmtsTU4xQ2htT2dWNWNiWWNmcGNja2RUSnJTZzVSSFl3NzN5UjR1VHJSc25lU3VITzRmUGFlT2NuUjhDZXhxYVk3OHVuTl9ZcVBTZmdn?oc=5","Reuters","Global","1778126990000"
"Transcript: Ukraine, Iran and the lessons of war","https://news.google.com/rss/articles/CBMicEFVX3lxTE1xMzk4aDJOQzRBM2FBSEVHalRyclNvZFFHeFBfcndoRUE2Mi14UXlQMlpXT2FLLTBEbnhYSmFoaGgyUDZtUVoxYnd5cHpKRlh0UDhDcVVRaFhEMUdNQ0tELU50OWVwZGNjY1VJd3RNaHM?oc=5","Financial Times","Global","1778126850000"
"Da gaske ne Iran na amfani da kifaye a matsayin ƴanƙunar baƙin wake?","https://news.google.com/rss/articles/CBMiW0FVX3lxTE9zUTZQeUNrWDIwSUFnU1dLVGh5ZmFCSTVremgxc1lBaUVINXNteE5JUWIxTTV3NWhVWDRpU1VNNFBCcnRYTVdtcDd0ZV9IRjItb2hvSElYZkozVW_SAWBBVV95cUxNNmNsZ3FIUzJhSGtURjcxSmNNRHNYZ1lLd3h4RnNEZ3NqbkNtdGtJMUF6amhhUjJrUFZwaUZWU25TRFlzWmM5cGIzMkRMZXJxV3lfb0J5dmtFMTUwRDRSWTc?oc=5","BBC","Global","1778126589000"
"Iran steps up political executions","https://news.google.com/rss/articles/CBMicEFVX3lxTFBJRG1BWS14QVZadW53Q3hyMXBjSGp2UTVDdUZCRUJveHdISXA1dnEyRHc3NXhTS1UtYWhjVjNNdWk2c1pVYzNtZGstTjhVVGxhRE5TMXBjaUM5WFU1eDdQakxxN3dCd2FrV0ZHMkxITW4?oc=5","Financial Times","Global","1778126452000"
"Trump is trapped by his own strategy as he grapples for an exit in Iran","https://news.google.com/rss/articles/CBMigwFBVV95cUxObmduWjVraWtRdlBtTUs2M25rTlhwSV9kU1Frd05yQnl3aldlNndDa0ZGVVFfd0tudU5EdmE3czhoUDgzaXZWcEdmaGZyZ2UyQVZjTnJZNjU3Ul9VV1lKM1RIZUVqQnVPQndKU29nY2VHcmJJc3hFNm1laWRKc0JvOGtvYw?oc=5","CNN","US","1778126451000"
"‘Maga divorce’: how Donald Trump’s Iran war is splitting the US right","https://news.google.com/rss/articles/CBMicEFVX3lxTE9DWW1QcDFDbzVYbFFQS0JwZGk4RmFHOG5IU011SnR3SVNNWHJmSk8xenVGN1ZpTnhuRXI3NG1ncDFJOGZKb0pSbVZwZ3piZXlFS3g4THhWSnQ0SE9RZmkzTzJ3M1NoN1dzalN2NFdYbmU?oc=5","Financial Times","Global","1778126404000"
"Ukraine, Iran and the lessons of war","https://news.google.com/rss/articles/CBMicEFVX3lxTE51UDlBZHJXd3g5T3ZqM1NTVjNKZHhfTFNqbk5wdkhJS2ZIREpfTFh2TXBqSFRhbFdfZ2M2ZUt3clF4M0VwTWpYZnh1Znlpb0VUTHp5RjRzdnFTUGtfbVRKcXhRdmExeGR0bGRrVGFVTUM?oc=5","Financial Times","Global","1778126400000"
"Cut UK speed limits to reduce Iran war impact on consumers, thinktank urges","https://news.google.com/rss/articles/CBMinAFBVV95cUxOVkM5ckJndjFsVnotbGxEYjdGRUtqWHBhdjVON3A2YktPa3RPai1lUG9VaDkwZWt2S2dKOFM4azFNeG1xSTJCWWZrZmZjTmlTanVOSlFmRmhTWkFlVFUtNGZxNWhnbFNQOGt4eVpPTEJiNWZ1ZUtBSVo2V1VyRmRBSjRwc3BCMFRpalVfa3NvdFlnNE53M2pQYW1EMXI?oc=5","The Guardian","UK","1778126400000"
"Trump sees swift end to war as Iran reviews US peace proposal","https://news.google.com/rss/articles/CBMipgFBVV95cUxQVW03RmZ6aF9hQjdpSlhWdVZwVl90c0UzLTBpSXlGVFFHVi1MaXJQU21yQXgwZ1BmeEplUlFWSE1mdS0wMTdzQm9uaEFmSmNzcGo0V2hxdFpSUzVJWEdkdFIyLUlTeTduT2FKV2xwOG94V1FCYjNjWnFGUGo0V2pHLWQ0dUFQTzVsS3ExaVlDSVhrNXN1V09LZjFFVzc3UTg3M05RTjN3?oc=5","Reuters","Global","1778126400000"
"Crisis-Weary Southeast Asia Gathers Amid Iran War Energy Shock","https://news.google.com/rss/articles/CBMiswFBVV95cUxPaE8zMnR6bmp3Yk04aU96bGNPVWtoZENQd3Y5am5NdjhuWXZ3RmNsNVJONHhTNEoxSlIwZnhseWZBZFkxU1RmRjkzX0FFLWd0c21KSlBEUG5KYlBhVTJsTF82UVJ3bnRfbUlVWXlXcGc1YXRBaWhyV1d2YjE2ZlZJOGlSMGNEeWt2dTQza0E2MTNla0hLdnNTU3RSX0ZEeWd4NkNENEUwSGVaX3RKSVNQdEllOA?oc=5","Bloomberg","Global","1778126040000"
"US fires at Iranian oil tanker as Trump pushes for peace deal","https://news.google.com/rss/articles/CBMingFBVV95cUxQYzZBYl81dW83ckthb3JjaFZiOS00ekEyMFFpNXZLQ1pCY1hBMjJ3Z1B2MU82SzBzRUhFQ1NKb0tqTGgyLV9tQnhieEota01zRkhRZlowQTV2a1pKZ1FRdWJ2bnVOSDNlTk0zRFZJMGRZVEhHS1JoRHZzX1lzdDAyMTlPaVE1cVdfS3lMcjhjMkhaWE1NVXpLNVhUUENOdw?oc=5","Euronews","Europe","1778125621000"
"Trump says US had 'very good talks' with Iran","https://news.google.com/rss/articles/CBMiogFBVV95cUxONE1fRGpnS25aMkNRWlRfVG5ONkhQWklHOHk3OVQwUVUxUzZGUFU2aVZBb0hsRWhjU0lYLXk5bHduN3RraWp3bXFUcGVIX3JaUzVCZzZsZGNwcEY1MVNxSlo2VTkxUlZybzczZVFEakhXN0lkdWRaejFvQzN5czVsRnROWHZrWm1QbXZURmlPdzByZk1meThKY2psX1RTRks3UEE?oc=5","CGTN","China","1778125596000"
"Iran, U.S. Working on Talks to End Fighting","https://news.google.com/rss/articles/CBMikgFBVV95cUxNQks2R2JwdC1VbkRBT19QVTU4MkxTRmtpbnR4WDNNZ3Vwc1ItVTQ2S055TXZVWXlITGVJWlpCbEFFLWl3UkYzc3ZvTnY2SWZSUTM0V1dqX1lNRVZDbnFQQnk1MEJHcWVxaUFjY0VXUlh5RHpnQ3Z5ZndTeG5HaHg0QVozWTBlQzRWQVhST3QtQklpZw?oc=5","The Wall Street Journal","US","1778125140000"
"US, Iran Weigh Potential Deal, Stocks Hit Record on Truce Hopes, More","https://news.google.com/rss/articles/CBMirgFBVV95cUxPMVUyNHRWOWlmcFpjazNZNjBUUTRBVGQtLXhTQzlmc0xidWwzVlFvSXF6ejI0aTRmU2s3bWlBTVlKM1FiTDZvcEd3U2drWTNYQlk1c1VtaExWTTF4UWxUeXMxUXBfSGRERThuNmFhNktPQmcxOEo4Ri1KSXM2S2UyMUo4dWVEN3lod29YRUVKUWlhZ09hRk9LUzlvTE9YNTdpMmcySjdWbDh1al9pbUE?oc=5","Bloomberg","Global","1778124728000"
"Iran-US war latest: Trump’s ‘Project Freedom’ received backlash from allies: reports","https://news.google.com/rss/articles/CBMiuwFBVV95cUxNV0JoemVsLTlfZUpuNmdrVHF3ZVZRcmhqZWRoTm5YYTQtdzdicF9SV0ZHc2pTeU5yU1JCRmNnVkR6X2VIUzhWVTRRS2l1OGwtUnI2ZWNTdzUwaDMwVXlUbmVsZzFrN2VEQWpvRWN4QXdJajMtMFNQc3EtMnVlMmRRdVBodjZ1R1VLel81cnJicmg2c1VCZS1jSzNxZ3BrR0d3RHp4emoyMVlDMldYSVFha09KUXVfNDZaWlRN?oc=5","The Independent","UK","1778123880000"
"How Iran war has dented demand for gold jewellery","https://news.google.com/rss/articles/CBMirwFBVV95cUxOdjR5UGQ2NnJxMDVFMmR3cXFBdUdySjB2SktISXRrN09qUWhrdnRxR0JEV0ZJcm5sNGp6bTNZTDc1TjVlM1lXTXFsX2RfcGpqWGV2aUZsajNBLUtpVUhwMVVnSW5LaV9nTGhBRHRXa1pqVkZ2djZpdkFTdGRySmR2TWZzTlBhRE1BQWdtNklUdjlZclhueFpPWVJvdFpmcTZ5VFJndmVoUUxqbTdkeGxZ?oc=5","The National","Arab","1778123678000"
"Iran denies armed forces struck South Korean ship in Hormuz","https://news.google.com/rss/articles/CBMibkFVX3lxTE9uNDY0WndEQVhGNkJSaEhlUXBPUWJmM00tSHo3RWV2LWJDV240ZlN4WURTaFhQaW1xMTdvLXlNdXo0VmpCdTJYcDNWcm1qSW1ETWlucGpucGZqeU9NNWhscFdLMkV0aEZjdTFoQ1ZB?oc=5","CGTN","China","1778123401000"
"French aircraft carrier crosses Suez Canal, eyes on Hormuz mission","https://news.google.com/rss/articles/CBMiZ0FVX3lxTE5zb29qa3AwV0owblFjQlJxTkx0V2xuYXlpejVjM0k0S0FwX0UzaEZKeEk0eURnRGwwWFVoTWJ5eGZ0bjA4eWU0OFhYcmZlV1MtazBMYmNFUU5CbXBmT05PRjFTWVZtS0k?oc=5","Reuters","Global","1778123329000"
"France sends aircraft carrier to ME for possible Hormuz mission","https://news.google.com/rss/articles/CBMingFBVV95cUxQV3lvN2k3QXBJLTkzXzUwT0NadWRFMFZnYTBNMmV5Wnh0NU43dUc0RnJVSFVKRURva3RmVGFSbXhrUWdySTQ5dWVscnN6LTNkMDUwOUp5MndRRzRLS0pzTERHMUVTLWhPd1NRNjkyMHctQXVnXzRwd1RYOWpVMnp2ZmhuckRPZmp5bFotUEhQdWVxcXF4dGVoMm83ZFVqQQ?oc=5","Dawn","Pakistan","1778123042000"
"Trump Again Aims for a Tehran Deal as Israeli Interests Sidelined","https://news.google.com/rss/articles/CBMilAJBVV95cUxPZUdENzYtOFM4MjVxU2dYbmxLRTFvbVNFbWNxVG1Tcm0zOVVKblhLcDdvQkdtSUVDN2xCN0xfRWpIRXlGVTBuak5RZXd3MGxJMHBRX2lHd2xuOEd5VC16by1SZEowN1l6cU5nZnNaamNsQmduLVJpV21zYTBvZW01cW5zcmxiS25qOFF0YTNKejNLU0hDdW1XVDBvclFISnVPY2tsMXdwVExCcXh3R3paZ3lnelczUHhCTEhaVTVvNllBaHVvWlNTNXdlVnNhcVA5VVF2ajU0eTF5NHNwZTFVY0VqdVhYSEVIcG04UzlBdEEtMkxOdThrMXp0YXNUeGd6dld5TUtxd3VMTS1McXZteTBNeGs?oc=5","Haaretz","Israel","1778122920000"
"What's the domestic benefit of the Iran War? NewsNight panel debates","https://news.google.com/rss/articles/CBMisgFBVV95cUxOdUVoeEhUX0VxVVRCU0pvSTNrdER3aU16RV9Na3lsemlucWVWQm5qUU5YSHU1SkEwN19TM25odmRSbnlDNGp5X3RpUVEyOW40eFdQX2o1bU5DNWliWGdUaXZVUEswREp1NlJHdm1xTjRfQ1czekVEc1d6ckN6eW9NVFM3Rmh1aVpsbWhLeVdxNDJIVmJZd3BqQlJtZk5Td3dqalJwVzdZQnZJUF9oaktibmJn?oc=5","CNN","US","1778122764000"
"Rupee likely to be buoyed by cheaper oil; US-Iran uncertainty may check momentum","https://news.google.com/rss/articles/CBMiwgFBVV95cUxOTHhWRzVVclIzSDVsSUZrMjNuWWphSHFfWk54V05GY1c3eU9WeFVCUGU3b1l1V1hFbGJ0M2Y2ZW5VUU9wVXd2VFNqdnFEQnZXSTNhTGlDTnNfWk85djIxWVZ4Mm02VTAwQ3gwbmNjY3JKWTlCbTRjVGtadHNaaVJNVlJqdTNqdW1jTUNrcVV0VXlWeEVLZDZsYVlzVUoyRDRUNFh4Qk9hUEpmUUZBRjRVeXhMT1A5Ti16TXJpV0VRMm1hQQ?oc=5","Reuters","Global","1778122440000"
"Indian shares set to extend gains on Iran peace deal hopes","https://news.google.com/rss/articles/CBMiogFBVV95cUxNSTJocEc2SU9haTh4RGE2a1lkQlpTM3JfbG1MYnVwV3RyeE9sd0FoaTVqOEZfODQySkxCRm1YLWY3ckM4QkM3a0RPTmNZQVdNUWZHdDN3aEdydUtISVpqQjRMQTNmd210THFXU3JUNWFnd2lqcC1yemplV2xOYXhNVUxaN1RlM2JiaGpQX0JzTjBQOTFFZzF5T21zY0lFaFRHUnc?oc=5","Reuters","Global","1778121900000"
"Iran Reviewing US Proposal, Stock Record as Optimism Builds, More","https://news.google.com/rss/articles/CBMiqgFBVV95cUxOUjQzODVHUlZVek9Vajk3Sk1qRVdUSThnWElwMkVRdDNJSndUQkhTZlViUFRVWVE3RjlwMlZwOXRab3c1RGNfcDFYRVlROFNQcjlpNDZpdTEtejEwSW1ad0pwOUV5YmtMSXBOX25qWDMtV0p2elZfQ3FGVTFmci1RcXN3MVpvMTBEUW1CY1Z4Zm8ycG1qbGRkYmxpR2hpQTl1bFd6RDVHZHUxUQ?oc=5","Bloomberg","Global","1778121333000"
"Xinhua News | Trump says Iran war has ""very good chance of ending""","https://news.google.com/rss/articles/CBMifEFVX3lxTE9DSS03TVZ5Y2p5VFM0NVBSRkw2OVpTbG5HVkdJVW9WVjFqSmd4ODU0TTNNQmZnSUwtVmhvVXhrcldOZDZ0YXU5VlRjS1lldll6ZjJRc2lUZ1djZ0pIQlJBQ21zVHBXSi1aeGE4YkY3eVlqWWZTSUdkMTMyRTY?oc=5","Xinhua","China","1778121076000"
"Philippine expert: China provides 'lifeblood' for ASEAN countries amid Iran war","https://news.google.com/rss/articles/CBMiwAFBVV95cUxNbjJzRWsxUUxyeHFyRjliQUVlaXNvd1NkemwxY2xPQmloSXpZVnZRRGhCQmxIMkd1eXIyd191STBuRjN2RUJOeXRMcHBTVUtCRnU2LTh6LWJUNXBkYzdEODcyWUpLNzExY3A2UWE4Q3QzX08weTUtTXdNd2VHb1pPcUlOY3JCMnJIWXFWeElwS3MzenFxTWFkMEFjQmdfVnZyeTd6TEl0bmk1TktRWmU1cDlPdjFCY3RtdUlmMkhQRlg?oc=5","CGTN","China","1778120902000"
"Iran War Updates: Tehran and U.S. Offer Conflicting Messages on State of Negotiations","https://news.google.com/rss/articles/CBMickFVX3lxTE0teG4taGFicEdTNkxPUGF0Vmd1LVJpejdZUmJwZ0hfZ2pSV2NFZ19kLXhOcDJKQXVyRk1qNi1id0E1LXZsS1Q0dENmRlB6RngzWVFfNDdia3RCajg3SFlIMHJRYTNCV3J3djBKTnlmVlVuZw?oc=5","The New York Times","US","1778119736000"
"Iran expected to submit response to US proposal on Thursday — CNN","https://news.google.com/rss/articles/CBMirgFBVV95cUxPVGFEdUZ0YVE0THRpMFptenBDQmtPTWVCZzJMTzl2RGRmb2JTdkF3NzF3SkRZWlRjVjYxYTktX2NpUExwdDBOLXFvVS1uUV9FdGtYZUp0YjFIR2NtVnFRZXNETTBJY19jVWs2aExiZ3pybHFhX0RPeGxNSGg4Q2owYy1jSGw2dEh2eVlzTHdkNXd0VkhZNVVZN1FQVlBubUtScEw0Nm9td25PZThmbFE?oc=5","The Times of Israel","Israel","1778119677000"
"Iran looks to China for regional stability amid fragile truce","https://news.google.com/rss/articles/CBMimwFBVV95cUxNUjloWXdGcGRWeWlpMW43M083UmZwYzZKSmZJcmdfN2dieVRXM2lDbkxXQ29DbTZDQ1FucXF1M0ZVbDlMVnJpSE1lNjFVTDFUM3UybXBuZXc4aGhkajlMbXhJZWktWWhFLWVZN1N2S2pxRGZpQ1dyVHlOa0I0QldfZW40SVBDa3hxVEhMTlBIVnZtZi1QYktOWHliQQ?oc=5","Dawn","Pakistan","1778119582000"
"U.S. Military Disables Iranian-Flagged Tanker in Gulf of Oman","https://news.google.com/rss/articles/CBMiogFBVV95cUxQMzlVUlZsX2QyLWxhWE9qNjZzc1JrMnUxbDlTZmtxR3pxeENvRk5fSGh4bEtqUEJRbmEzcUdIWXdtczhna0JGMF9ncTAza0piZDFxemRRS0pfNTROY2V3bHprZi13RDc4S1RBUGdLTlRtdjJyMTdtSUNDR3NNbUxvSy1jYzhNMjdzVmZTaHh5V29qaEdpV0pGb18yZjRqdWRJVXc?oc=5","CNN","US","1778119385000"
"Iran’s economy has become unmanageable for its dictatorship, Newt Gingrich says","https://news.google.com/rss/articles/CBMiVkFVX3lxTE96b0V5U0otM24wcjJIN3l3MVhMYXB6S2lZeklEYXhEY3dFdzhacXRFa3lCY2plb2hNZVhKTXhpQWc4d2xOd1NCMEZCVm1fTWRFTThUemxn?oc=5","Fox News","US","1778119373000"
"Trump predicts Iran war will be over quickly","https://news.google.com/rss/articles/CBMihAFBVV95cUxPMDQwUE9MajZrbTZOaThOOS01dmtrSXg4ZjZBV3RMZDNQZjZyTGhTbVp3RVE0blByWml5dDdNZ0duZE9UdkdGdTM0NVdMTVUxWlBCejB0LXVwQThtSlZmS0UtZ1BfZjJZSDVPVG40NnY1c3ppWU55RTFrYW1kellDdnJ4Nlo?oc=5","Dawn","Pakistan","1778118959000"
"Japan's Nikkei surges 4pc on hopes of US-Iran deal","https://news.google.com/rss/articles/CBMiiwFBVV95cUxQVWtQVUJLQ2kwMTF3Y2IzcC05aU1IYXFObFJjRmt3MndrU2VCcDRBNDVCd010Y055Smdzem5lazVfNGJwOWNlT0RFWER6RzlUM2ZVdmJ4VnhsZEpHWllKbktCcnpDUkNfOG1HU1g0QXlGbnZlbnY5SUFReW5tSkVldDF3RG41ZWNhLWVR?oc=5","Dawn","Pakistan","1778118893000"
"Optimism Over Possible US-Iran Deal, Stock Record High, More","https://news.google.com/rss/articles/CBMiqgFBVV95cUxPOFVGXzVKQ2N6SHU5VE5oVE4zcU1RcjBJTlhuZ2tkSk1nckk4SHpPRlpmOHJ1RFNBQjMwblh6RWVDS2dtaDJHc0RQWk1hUWcwQllUSkh1VkZWV0xWZmI3WWlCUk9WZElaNmVIUEFiOXItdEpaRzVycnJUVXJVQ0lkRTVZclBhQnhGbW1lUHBUUTJucGRyU25JUVdEem53aFBPZERDZEhMWVd1QQ?oc=5","Bloomberg","Global","1778118187000"
"Bloomberg Daybreak Asia: US-Iran Deal Optimism","https://news.google.com/rss/articles/CBMiowFBVV95cUxOeVltUjVvWkx1aFdhTHV1b19nT3cxWkJPWks3Z01fV2gtUHB0ZW9CdEhzNzRtS2lfTE9ZZkYzaGlxdnR1WnR1Z015T0JvaTF0Z1UxOUhURjdFMUZGendsMjlpbTJCTllZTlhDUVNTazM5R3dQd2hfUm13TU5aTE9LOWlJZDhLTkdlX2VTWUQ5NnEtOE9OZEZtZWk5LW5PdHdtUnpR?oc=5","Bloomberg","Global","1778118174000"
"Iran plans to arrive in U.S. 14 days before opening of 2026 FIFA World Cup","https://news.google.com/rss/articles/CBMifEFVX3lxTE14ZUxrdlJwc3dYZFVrNlBpVU1kWkliZTNvbHZXVGo4c2JNVHVVZVhpSHNjcHlIVG9yYnE2OHVKTkVVN2tCV2JiVm9BM3dqZnlwemdmU3A0aVN5TU9UeUw3VVRYbGYtMDBzZ3MtTThhQzVOak4tNXpyQkZibzg?oc=5","Xinhua","China","1778117956000"
"Hopes for reopening the Strait of Hormuz push Asian shares higher, as oil prices hold above $100","https://news.google.com/rss/articles/CBMimwFBVV95cUxPV3Jxb2cyaDN1S0dxdk1LcFNoLXNaWGp6SXV3R0pHNk5yXzJwVVR1RVJRNE5Jd2RSZGRUVXZ6ZE5pZnNoVW0xcHR3OC01RVZhY0pqamsxVE1tSVBVMEZlclZGeE9MRWx3U0JsQ1haWWZ1U00tZ3E3X0tQaDc1eXMxQ011dGQzMGFPX3JEcHhrRjlJVGZVZzFfQmZpYw?oc=5","Associated Press","Global","1778117460000"
"Trump says US had 'very good talks with Iran' in last 24 hours","https://news.google.com/rss/articles/CBMiZkFVX3lxTE1aQk9CdGx5ZXM3ejlrQm1WdFpEOXdnLXlZRnV1dFZyNGtmMG9DWE5Ea3FobWIyelloQkN5S1Z2WlVSS2xNckdlZFAzWEVzbDFIa2dxald3cmhmcVZuTUVuU0podHp6QQ?oc=5","Reuters","Global","1778117041000"
"Trump news at a glance: US fires on Iranian-flagged tanker as president fires off post threatening more bombing","https://news.google.com/rss/articles/CBMilgFBVV95cUxOeEluOXlvaktNXzVWWVoyLUxwSDAxVlQyMS1fVnZpVVBCMnhUTktlRXRTVUJnWVdhSVlMRVlRSndLZkxFUHZQLThOdDlUTnhjcVd5djN3dTRNblNJLU5Uc05aOXprUVQ0Z1VBMWJfMFdROGdYa1VqODdBenJucU9pby1QN1N5RlNpbzMzZVFaWjVvbnRzX3c?oc=5","The Guardian","UK","1778116980000"
"Gold steady as markets focus on potential US-Iran peace deal","https://news.google.com/rss/articles/CBMipAFBVV95cUxOa21wcmpORlVhZVFvRWs3QmduODVRMU9TenpJWXNIX1dpVUFFNzRleEQ0OVFGdkx1dXRkSmN5dXpSNlB1SmZrQ1d5V2czZVZZR3ZLcy1LLUlGRzVOS3Vib01ESGtiTlpDakVjdXFmR2NfWUFWdFhkWWZrWkpSQS1vQlZvbE5UcEVBQjEwQk9jVDFub0RnRjRvSWd2SUhzMWFnRmZITA?oc=5","Reuters","Global","1778116980000"
"‘Plastic shock’ hits Asia as Iran oil crisis strangles supplies","https://news.google.com/rss/articles/CBMicEFVX3lxTFB6RktMMFRiZ2hOT1JLYzZDTE1reFFKSGR0NXQ4dVdJLTNJS3dfR2FYRGg2T2NYd0dIU2VwTzRIMVFqNWFQU0JGNllvbjVjVUI4YXNlS01yc0gyWFVab2J3eC1OcUJLTG1PYVM4Qm9Fdlo?oc=5","Financial Times","Global","1778116951000"
"Iran: “Operation Trust Me Bro Failed”; Trump: “Very Good Talks” - Erin Burnett OutFront - Podcast on CNN Podcasts","https://news.google.com/rss/articles/CBMipAFBVV95cUxQQ01JMzJmS2IxOEswc0ZBUUc2Wm56Y2tUX190OG9BUG9QeVR0ODIyNFNscTBQdEZ1VTNWWWNyOVRRaXVuQ0tSck12YzVnQUtObHJyTG8yN2F2OTVpZGRvMU1HN3lVTlFBNkpKa2U1X1hsRFk3cWxuVllPdjJrQTV2Q08tWlg0dlJKWHB1VWFLeUsySVllR2paSDRwQ3hidlllb21TUw?oc=5","CNN","US","1778116216000"
"Trump reportedly paused Hormuz naval escorts afters Saudi Arabia denied use of its airspace","https://news.google.com/rss/articles/CBMizgFBVV95cUxOOV9lcFg0N1Y5bXFndkRLay1mN05rSmtTb0J1SzRDTWd1VGcxbnU1RXhDRF9ncV9oOUJIVnJQOXM4VEQ2QXE1WEhzcnVzdlVnU3lqdS1OOGliakh5elVhT3B2UThtdy1uaGVhNTJfYVFkZUpDYTFtRFl6UXJTT2x6aW9KcmN1cV96SXQyU2RSVmZvR29iT1ZnQXdJck81WV83ejh1MjB4cTdJbXpMbW5EdlVyVnpkUWR1bDFGajVMVmJ4T2NnMklIZEZuMGtYUQ?oc=5","The Times of Israel","Israel","1778115726000"
"Iran war: Trump optimistic for deal as Tehran yet to respond","https://news.google.com/rss/articles/CBMifEFVX3lxTE5BbUc2b01vUVVfbEd2TnhIMXZTSkV3d2FMQTFBQ0F2djhmbEkxejBGQXRaZHQ1ZXc4TjVWMF9jZmV5c1ZwdnI4UFlTc0FRR1FwRzltZUpMWnZpYVNIckdBNGRINTU2enpZYzhVdWF2YVh3TzBFZzFqVEpuR1U?oc=5","DW","Europe","1778115225000"
"Jesse Watters: This is nothing like Obama's Iran deal","https://news.google.com/rss/articles/CBMiVkFVX3lxTE5wQnQ2MHZKeFN0TmV4bE1xZ0JWUmhfYnY4Z2ZoenVqUVB3d3hiMk02ZHVBdklnOEdybmZYSURuUXBKV3VSLUVKOGRhV0MxVlAwUUt3WmJR?oc=5","Fox News","US","1778115199000"
"Retired Army intelligence officer warns of Trump’s biggest challenge in Iran deal","https://news.google.com/rss/articles/CBMiVkFVX3lxTE9NWkcwRTFENmM1cmI1VTFIalN6cl9Yelc5ZVpzNDY2b0VvNWFUNktmdWU4YVlLWnAtSlk3OXVCaDBLSmQyNjk3WVFYWHZNdFJoRWFQMXJn?oc=5","Fox News","US","1778114731000"
"US-Iran Deal Hopes, Stocks Hit All Time High, More","https://news.google.com/rss/articles/CBMinAFBVV95cUxNb3FWMHpwZXBDc0VqQzVPR3lrZGlOOWMxMnNVdUZHUHZ4d0J1Tkt3X1FnLUhuQkVkX3NfRWdKUmkydGZzVVdFbXdLQnFiaXNqRnNNcTBzY1ctNEhvbVBYYnZDbjFaZHVqM3B4WUZoVmZ6dk5mdGtoa1J1dVBHWjhJd01tcmxVYjVSeDdLVlBmYTFiMVBXdy1wYVMzOGQ?oc=5","Bloomberg","Global","1778114628000"
"Tracking Trump: Epstein’s alleged suicide note; the extent of Iran strikes on U.S. assets; Va. Democrat’s store raided; and more","https://news.google.com/rss/articles/CBMilgFBVV95cUxOR1RTMHA3OXpkbVc1eHpRX0FaQ1l5RXIyWnY1eTlFZDdLZGZKckx5NVY1Vzl1RU93cHRUOVI4NjR0NjN1eTlPNlFOU1h5c3B4cndZMnBYUGphZTZPYldpU1VtWXgyZnZxd1h1UjBMUDR3dlpBVmxPQmtjbThJNmhubFRlbFAtQTFIWGhrdTNTV2plN0cxVEE?oc=5","The Washington Post","US","1778114528000"
"Source: Iran expected to respond to U.S. proposal on Thursday","https://news.google.com/rss/articles/CBMiekFVX3lxTE5CTkZLdzBDSGtFVEN0dElPV1pNSTVCMVl2MWEtT29tdXo2cjFNSFRHUFFuT2lCNFpCbHA5dnRaMGJPQmdVRDJWSkpoeFoyc2NGV2tuSEdQVDEwdXBEMk9zRXNLTXhkTVQtdzBXbjF0SGt1RDF4WGdwbEF3?oc=5","CNN","US","1778114464000"
"Think tank calls for lower speed limits and energy caps to offset Iran war fallout","https://news.google.com/rss/articles/CBMikwFBVV95cUxONVNCMUZXODlHXzdkcmt4SXdHY3U3em1QYlZzc21zYXFfclNzMTBUZnA5b0NFNlhuWmxsdk84eWNkUHdrcG9pUjRhYmRJX3RZYnhrLWNLdjFRV2dEY0JfWXVhQU5xOGJnZzN0eF9jSmtZOFVQT1BORnI3REpia05ieDVfR2gzcEVQaUtnUVV1RVVIU28?oc=5","The Independent","UK","1778114280000"
"Trump’s approval ratings plummet in wake of Iran war","https://news.google.com/rss/articles/CBMicEFVX3lxTFBVVG9PR2lFSW5LcTNxVkpMWXBLeVJkcXQ0QU14eVhTOTB3OFFkVzNuNjdXeFNSWFo4YV9TNmM0My1SdzB1dVNZRjZzRGt3emktZ0dPXzJVMS0tb0RqNjFtazB4SFhhVEdHUXJSQ2xZMG8?oc=5","Financial Times","Global","1778113855000"
"Trump: The war will be over quickly, Iran cannot be allowed to have a nuclear weapon","https://news.google.com/rss/articles/CBMixwFBVV95cUxPRmxPd3hRUm1NUV8zUjZsWi1uUnp5anp0U19EMkY4UlBnSXJjMXZXNGRoY2ZZR21WMFk4OXUzaVVvZ1RkT0E5UVpGTGZ6WGdSMUladjU1aTRIMDJ1cS1PZExhWnEySjJRVUhLM19YS0djRVRzVURZZE0yYURnc1AyQ3VUYWE0Znk1aktQTFpna1BxZGhnWk5WRVQ5d2FIeC03SGlMRE82aFVhdGhLQy03c05KUC1ITkpUYjJGX1ptTXZHQlhNVldR?oc=5","The Times of Israel","Israel","1778112777000"
"Watch US, Iran Weigh Potential Deal, Trump Says ""We Won""","https://news.google.com/rss/articles/CBMiowFBVV95cUxNaWl2c2YzcnY2QjFuTTJHbXFrcnRNYU85aHp6Zkk4R1BtNjJqd3pMTWM0SENtWmpvTFg1RUxoUFFDZ0lvS093T2g1VHI3UTBxc1N6OXV5bHBiUnBXUUoxVm5FMkRCRTJ3bTRUdG1LNFU5UktxeUZ6ZDNZbTZiOVZHRTVEbUZ6am5KYjBvaFVBa2Z4NVkzNlBJOG5HSkJic2oyb3dv?oc=5","Bloomberg","Global","1778112000000"