headline,link,source,region,published_at
"Flash: Iran's IRGC claims it hit U.S. fifth fleet headquarters in Bahrain with missiles, drones -- media","https://news.google.com/rss/articles/CBMifEFVX3lxTE03NVlucnJidWRtMGdJZlUyY0Y3bnpicEptc3RsdFotWEN2S25xUXRrRDZmRXNPLUY4cF9DbDZjd3E4eWxiZ0taR0FsT1hQam9FZDhXc1NpVHJiOXM4Q0l1NU9jaDg0TDQzdm9PRllHQ3JSaThrdWFvb2taWUk?oc=5","Xinhua","China","1780444515000"
"War Games and Warnings on Strait of Hormuz Went Unheeded by Trump","https://news.google.com/rss/articles/CBMihgFBVV95cUxQQmVueWFEN3JZaGctc3I2T0J3RmFFTlVSSWpiSTRRTE5xb1NIdnhZRHRTZGZ6bmdiNHlKcy1VdE01UklxVmNLeTY1Y3BzNHVQb29kbXROVm9yU2ZhMElBd2VHbE14ajNTWlVUVnNoLVVRd2FaUVY1cDdfekF1S2E3NnduSks3UQ?oc=5","The New York Times","US","1780444471000"
"US says Iranian missile attacks on Kuwait and Bahrain failed, confirms striking Qeshm Island","https://news.google.com/rss/articles/CBMi0wFBVV95cUxPajhvUlFmeFg5dW9fc1doU1NnLVRfN0ZzbHlOR21RUFFQUWptUXV5ZTdkWGdzb2ExRHRZWUxCNGhLcHlDZklpR0s1RUMwN0xtekk4NFZtNDVtMkh5bEJTMjZtaTBvTWIwdFpOV1Ewa1NtTU5xSFYwbHY5YUFQRmpWRUp6ZlRENklBQWU2N0UwXzZtRFVONTVEb00wWHZuZ1RGVERfTGU0VEdHNXNSaWNOZFRPLVJmU0RkVmVRTkN0X3JMSFZGcVRQWkZ5b09Mcm9SNXhj?oc=5","The Times of Israel","Israel","1780444200000"
"Oil Rises Amid Signs of U.S.-Iran Peace Talks Stalling","https://news.google.com/rss/articles/CBMirwFBVV95cUxPWUV4bl84Y0s3OGVfbFJ0X3gzbHpfZWE1eGZYYkZPc1lrRWQzTWFKRnp5R3M4QWNjdGh5ZkRTT1JKdFBueHZFeDdnN3VXYWZQOFNTM1k4R0xUZ01Sc0pJQ1lYckhaSWFjdHJZMWJhNUV1M2poT01zUUt3YWt3TTJDVVZHNDRseGcza3R4b21ZYjZYRzcxNndWYWg5c3Z3OFlDUXZ3WjE3emx6NVVLMXBR?oc=5","The Wall Street Journal","US","1780443840000"
"New study reveals how much increased costs from Trump’s Iran war have hit your household","https://news.google.com/rss/articles/CBMipwFBVV95cUxNWVNEZndBZGw2TDhGUDVsWkw2Q1k0TGJLb0pzRkNhS1dEUWVtdmpCV0pRUzVfdUxVUURZZGp4UUtWZFlNQjMxeHpEZTVEZnVuMzA1dFU0dXJiaS1xcDMtOC05MEMyTkZ1bXhYLUh1aVR2S0UtcFZQREZLOEJyRENtRWMwSHFQUXBsaG4wX2pvWV9OTXdwSndYYklPSU4tdXdNTU9QSVA3cw?oc=5","The Independent","UK","1780443780000"
"Sailors stressed and exhausted after months trapped by Strait of Hormuz blockade","https://news.google.com/rss/articles/CBMiWkFVX3lxTFBRSEt6dmp2VGk1UTZYRWdLeW9ubGRTamRhLXFoYmhPcjd2S1dIWkd6NXZ5a0pqeXJKUjAwT0FtRk5BaVZYYVNocFV5dmg5ZTBESkN4UFMtS2I1QQ?oc=5","BBC","Global","1780443627000"
"US fires missile at tanker attempting to reach Iran amid strait of Hormuz standoff","https://news.google.com/rss/articles/CBMijwFBVV95cUxPcDM3X2JqVkh5Sm5LbzdhMi1CTEFmdjhSdmE1c0VaVzBwM0cxN2dabzJfRERKTkpyNnBSVFJrdk5wTzlDSEw2dGRFbnVoekZ1R2J3TnZVaGxneTVuQzRMR1hHUEhkczZFQ2hZUTJHMnJEbEhxZGpYaHZzUmNxUFo5dHBHSVF1NU1yQm0wUS1obw?oc=5","The Guardian","UK","1780443360000"
"Hostilities flare again in Iran war, talks at a stalemate","https://news.google.com/rss/articles/CBMipAFBVV95cUxPZ092UV9OdWRIX2c1Yk9BM0V5dllqa0RIS1lmZHRBMnlZZE5FN0VJUC03R3p1WjEwcGdnRnNDQkNqT1JXVkRvbzllU185NzhRUzhsMEJpeS02Y2RCT3cwOHNDa3NQUkZKYi1iV1VKbWJtYktiWXR3RU5zUHZ3SGFjOUlqX3ZvaGRtMnZyMGs0eHFpTTJzM2VGcVhhMzF3MG9uQzN5Ng?oc=5","Reuters","Global","1780442658000"
"US watching Iran's World Cup delegation for IRGC links, Rubio says","https://news.google.com/rss/articles/CBMiZ0FVX3lxTE5UNE5oWDM3ejZDNERYX3lRQnRZaGlmUnVGTWlObk02ZnV6VXBGMXVjb0tvaGhEbF9vOXB4LVV1c1ZtbTlDZWZ1NFhjSDRUdjRLSkxlUUdJbkFkTXpJdjROZGNLQ1hfRDg?oc=5","Reuters","Global","1780439771000"
"Evening Edition: Talks With Iran Lag As Strikes Continue","https://news.google.com/rss/articles/CBMimAFBVV95cUxQd3BPa1lXVmlTdjNFX18yeERBSFA1Wm1XaW5RZmx2enBldkhzSXkxaDNvX1JwWC12QkNnWWgtampoRVRfcC1xTXlaZDMtbmdSLUNKU1VXZFpGRjQ1RTY5RUc5TjM3Njg4SWs2OGp4UVRleTJKWElWMjdvbTI0TGxKTUpqbks2dE44VzZGOVZqeWhtVWtpcEwzcQ?oc=5","Fox News","US","1780439703000"
"U.S. forces strike oil tanker sailing toward Iran's Kharg Island","https://news.google.com/rss/articles/CBMifEFVX3lxTE9pUXNCV1BRc1NWQXJ5MTRvX2szTjJ4VGxJV3g3X3FiQzUtdmloQk15SEZrUldJZE9XWDdmTlduZmtueGxZS014WTUteEJ3VjdzVUIzZ01aTkdfc2w2YnlRVmJ5Q2pLWWlvYjFVMGE4TmZVdnVnXzBfcFJoaWc?oc=5","Xinhua","China","1780439505000"
"Rubio says Iran peace deal within reach, Tehran agrees to nuclear talks","https://news.google.com/rss/articles/CBMifEFVX3lxTE43cUhaZTlZVi1JMjhEckVxUEVUaE1SSnVsaUFDUHFEclRnSlpRb2Z5TFl0UFE1dmlyUGJHMVIyMXpRYjRiQndrUmdaZ0c0dWM0ajBpRzhEcFBlcF9wOGhGeTNjTnhuZUZWdFI4RERrQ2xGRlVJNUhCLVl4Sl8?oc=5","Xinhua","China","1780439310000"
"Rep Jason Crow calls for push to ‘wrap up’ Iran war","https://news.google.com/rss/articles/CBMiVkFVX3lxTE81LUg0eEJoYklocXNNZmhZTkxoWDF6RW1vLU5sbkhxR0NudVB4SnQ4TXNneEdqNUZlbkFZc0FjMm41ZDhTTWFKSnhUS0JndUdZbWpKdUd3?oc=5","Fox News","US","1780438913000"
"Powerful Iran-backed militias claim they’ll start handing in weapons to Iraqi authorities","https://news.google.com/rss/articles/CBMiuwFBVV95cUxPNEFWX2hadWRUYmNqLWFHSDFNa0hUMXYtUjJ3ZXg0RTlxV3B2NUpNdnlWYVVvbG93OHBsNzU1dWFCRDRSNHFQZjlLS3VWZkFMQ1VtVVNLRm8yTlVmSXNNeURBY25FaXhiV0otTG42YmNPZzdwX244aEpIWGZBUTBOMS1ra3JDRC12QTdaV3BxMlBmMDBzVVM4azRxOXhoRGlDRjRsVDZ6a1VDN0dmTFVoN1dyeTIyRFhZRjhz0gHAAUFVX3lxTE1Jc1N2VGVqMFRlSWw5N1cxYVdCQklhbFVjVmcwN2JucHdrNHhULUM2MzFIMm5xOU1KSHpjb2Nzd0VFRHp4eERRMkt5NzByWm9MOE5GTnpyN0RnSHVmbEFZOVd3d0xiZ3dsbmdIV2E0Vm1GczFoaERuZmtyRDVKMTMtZUF2SENsUWx6SXVSNFVUWkQ4UDZmUEZJX2VXamhLWmx0YmItOUJsVlFNbVUwUXdaQXhmdDAxSzlOSTUxMmNjcQ?oc=5","The Times of Israel","Israel","1780438860000"
"U.S. Treasury Imposes Sanctions on Iran’s Biggest Crypto Exchange","https://news.google.com/rss/articles/CBMilAFBVV95cUxQTEtQSWFHSS1xTFVjOHRlbHpZVjhIeWhzWDdTQUktdlZNdjQ0b2ZuUlM4MkZBanU3OFduZl8wS1ZHdG54MmhpVFcxbDZzSmVTS3NsYjFQWkw5RUt3MUw4VlRveWlMYmp3YVpUWFpuMi10cTRhYmlEYVVhUnlFalFSbVhKTGh1bkc0MzNuUmkwNWh0ZGlG?oc=5","The New York Times","US","1780438681000"
"US F-15E pilot shot down twice during Iran war — and lived to tell the tale: report","https://news.google.com/rss/articles/CBMitgFBVV95cUxNNjFfMmk2YkNKaVlhdXdOSzFfMlExWDZPMFl4M2pwR2F3TjNhSG1EM1NwOF9YbFo3cndjOWRIeU51N0h2eDNIZEU3R1lOMnJnZjBtOWVncVRPX0VfUXQ4bUZNblk5SHAwUTdyMEg0RFNKZzZOYTdydFFVMWpmdmxlMkd4QXM3eGRwQTVYOGU0UXVWelkzWGtnUGx0WE1VWVZhNTQyQmNGRWQzSFlCNzl3dkVLclZwQQ?oc=5","New York Post","US","1780438020000"
"Oil Holds Two-Day Gain on Discordant US-Iran Peace Talk Reports","https://news.google.com/rss/articles/CBMingFBVV95cUxOUlUzU29CU1MtbWE2TmJaYS1ZT1p5dlBDUy1YT24zakpqeE4zUHBhN2ZOa3JtODVYMmxxVHBScnc3cjJzVkVPRDlCeGZQVjEtLUZnMWhhajlIWWxGQk12LTU5UFFqalR2czR3ZVFBOUZWZ05kRmExeERqLXZYRjBqSUNJemFpYWd5R3BLUTF6SVFrRUR2QzBQODJ3RGlNUQ?oc=5","Bloomberg","Global","1780437706000"
"Iran news agency reports explosions near Iranian island in Strait of Hormuz","https://news.google.com/rss/articles/CBMivgFBVV95cUxNcXNaUHlOU0RrSlBWenhnT19xUm5jVEtnM0NvOVdRbGhpTS1ZYlVRY0FrRzNpYVFvN3J4YWRkVTgzdUdaU0tLR3RtbG80cWs4N2tTMVZVUkgwRHFuX1dHVzdDbGwzRF81Yy1VUHZFQ1M2SjZZTHZjSzFMVTJwN3B4RTFQWFREdC11TVA0a3FhNFlnSmZJTEprZUlCeW5DSnhqSmNHQ3ZSeGtWd0N0UWlYZkh0N0hGTEVsY2JELTl3?oc=5","The Times of Israel","Israel","1780437300000"
"Los iraníes se pronuncian sobre un posible acuerdo con el régimen de Trump","https://news.google.com/rss/articles/CBMiggFBVV95cUxQZTNlRjdmM1JKdF9renlSWktIcm5ST2lFcHJPc1FlS204NnIxSDBEOTdsWE5SLWFaM0VSV1JpSU9NbTBQcjRmeXc2OUNwcG5nZmxwYjlqVGZrRjJCNy15SF9zZmtMSnFvRXY2Q0w4THBoQnhQLWtOeFREUTl5RC1UNThn?oc=5","Fox News","US","1780437155000"
"US military says it fired missile at Iran-bound oil tanker","https://news.google.com/rss/articles/CBMiWkFVX3lxTE5IQlY0SWk3SW1lWWlyN19nN0VHNklGQ2xvVm04LU8zajZpWEZaOXVaWTk3YmZpRmFLYWUwQVc3T3pMMXc1dWdVZkdsVzVVajUzZllhN29aYVJJdw?oc=5","BBC","Global","1780436169000"
"CENTCOM releases video of tanker disabled during Iran blockade","https://news.google.com/rss/articles/CBMiVkFVX3lxTE92WkM4MGZ4ZzNXMi1xd3Q0WmF3dUM2NW9yaHJyYkZibjMwVGM5MDVSa0M4dzJtbHRUb0lqN1hfYTVWWnRJLU1GeUk1VF9IWDBHR3VuUlhR?oc=5","Fox News","US","1780436024000"
"Uphill Battle in Iran: Trying to Keep '79 Revolution Alive","https://news.google.com/rss/articles/CBMihgFBVV95cUxNa1puMnh6TVIzQms1RTg5ZXhHVGNlWnpYU0pDNUN5cTZOajUwTllyUkNWMDBnM3hsRjhzdmFxOHBCcWQ1REQ5OUd0VHlMMHUyZkFRMEVUbXZOV25vNmFSTllJVmQzSmJzR2xSUThvT3EzeHZoOEk2cm1RZlgtMFNxSGtoZmVaQQ?oc=5","The New York Times","US","1780436009000"
"US fires Hellfire missile at tanker heading toward Iran","https://news.google.com/rss/articles/CBMimgFBVV95cUxQUGF6b0w5ZnVMeklFdlUwaGxybjhzekdKNm55MHdVNFFOVEhzWUNMdnd0cVl3QmVBOUs2clh5TEtUMEx4bmJzSmRsU252SDBCXzJDRVNvWDdWRlBLWFlYMGFlU3YtV3QxaEZ4Qkk5dG4xbFBYYjB2THd3R3IybGRkaUdiTHV4TnR5WUx4azR6OWJ1M2RLWjdNeDJn?oc=5","Reuters","Global","1780435963000"
"Sardar Azmoun, known as 'Iranian Messi,' left off country's World Cup squad after being accused of 'treason'","https://news.google.com/rss/articles/CBMirwFBVV95cUxNNVp0bWEySmZsM3ZJb0JwdmJvRndMMjBsREt3N2xadjhEQWZnMjVDOXBaOXhWVldHZmY5RklnbnN5MkxtV3QxVVZDcTJXY3pmN0hOb0phTGZfYmw3bEFtY2ZQTDFSZzB0OTF2TW1jQnhWckVaODFTMEFocGM5NUNsbTZTcER3ZmVPVGZSWDlJdWhuN2VTMXV5aVNQSVFWcE01Z3RxR3NqR0R3Y1VXVHMw0gG0AUFVX3lxTE5zUFZmcjdpYTh6VnFBREpzVU1TSzduRS1OWWVlNVdJbXBmV3ZuMmI4V1ZRLXdtLXhNUUNham9yVThiWFA3ekhOVjVhTVBuV3lKSkxaR1NGT0M2bmg0TEFaR2dvZkxMbFNsOWtzR3h1b0E1UTByNDBqeGpwTWZaUmdxYXFZcnp3RHVHU0hiNG9DT0JvdWFOQW03d3FIdVdSMHZ6V2ppanhlcG8zOWQ5QUR1LW9paw?oc=5","Fox News","US","1780435734000"
"US Sanctions Iran’s Top Crypto Exchange in Ongoing Push for Deal","https://news.google.com/rss/articles/CBMitgFBVV95cUxNNTh6ekd0bm1NOUtuMGpJV25XMUhMd09XeEZ2bk5yUTZieFFkdEZrQVRhQmxuNUFza0gtcUdGV09QQ085SFMtYnFYbDU2dC1Ldnc4MmktNVJDTDlMLVF2V2hpZ0lkLU1udl80V0NrUkFaZ21VYk8zTjkxMW1ZblNuakdtQm1Zb2ZYVWZicDFnYnZDeHY3emZtOU9adUhjRzdSYkZWbm13STY1Z1prTl8wRmdmcDBtQQ?oc=5","Bloomberg","Global","1780435356000"
"US sanctions Iran’s largest digital asset exchange Nobitex and 3 others","https://news.google.com/rss/articles/CBMi1wFBVV95cUxNRVhBRVBDT0Q0UUpjdGM3Vk14NGpHY1hhZUtwX1dwbVV3eXotdl9MdjhjejhqdnVjV3RFRFJLZmRIeW1QZTVxYlI5RFFtREg1S2hkS1hBOGJjT0pZZWE4bWlKLUNpeW91Y2RkTVYtMlhLYmFCeU1qbXZ1X29qdERWNU5ON0FFeGxKeUN2SVFIQll2eG9LUnMtREMzSWVfUjFYd0tIYTVXR2xQclE5b0ppcF83dk9vMUJGWW9vc2hyYU9RNVdjM0dsSEFpaURHSzlhNTZCdFpwcw?oc=5","The Washington Post","US","1780435222000"
"US says warplane struck oil tanker sailing to Iran’s Kharg Island, disabling it","https://news.google.com/rss/articles/CBMiwAFBVV95cUxNbGs3N1V5NTRQR216SzVxaDFURVR6cTdhLWhjek1adDNGeGZUY09nV0VtWkIzbXU0RUVpTmNlb1o4SHVyOHB2TEdmeXVuM3RTdkNzS1B0WHlmVWhlREJlckNMdEViZGpvZXFtNk9uMmpXMC1uRWNfX3U3aHRjbEU3ODBZdHBGMThIdGtTOW1KWWdZTkY4QzhIa096NVlvQjl4WDJJOHJEYjlPMlJlYzJOMUR4Mzh0TmMySzRjWENJNEE?oc=5","The Times of Israel","Israel","1780435140000"
"Radio recordings suggest U.S. aircraft attacking Iran-linked tanker near Strait of Hormuz","https://news.google.com/rss/articles/CBMifEFVX3lxTFBzRkg4N3FfRVJPdFg0cjBOMDl5QmdPZ2Q5YlpQQm9yQ0tsUjVyc09yRk80NUM3RGxyeG4wbWd4TTl6VUtpZDhKbGRoSmMwWFZzRXNGNHF0dVVLSEZpOGlKeVJ3T3lqY3hDOW9md0JjQlVSeWFkSzNEUEc1Uk4?oc=5","Xinhua","China","1780434960000"
"Radio recordings suggest U.S. aircraft attacking Iran-linked tanker near Strait of Hormuz","https://news.google.com/rss/articles/CBMihgFBVV95cUxPN216M1VsWmRldmhhYm5iRGJPNkhaeHdBTHZmUVcwS2hNdFhCb3pNX3J4R1p1bU53eEpuaTdYd3FxUmNVRGtWelVfdlYyak5OVmlCcno2UHRzNGdrbHF3TmctZGZldlVaODhnWWc0SThLYjlRR1ZocU1PNTJPdjBOblpaTUx3Zw?oc=5","Xinhua","China","1780434960000"
"US strikes empty tanker trying to reach Strait of Hormuz","https://news.google.com/rss/articles/CBMiXEFVX3lxTE1Bb0NKOEljTy1wTnBkYWtWVFcwYTlUZE8xMjNVMGZEMDhLb1E5WlBoczBtenM5UHNnNjhaZ0xVQU9hZThfV2s1YkZfcTZ5Y1JKbjBybEU5TjMxMEhK?oc=5","The Jerusalem Post","Israel","1780434879000"
"Tracking Trump: Rubio details Iran talks; DOJ abandons $1.8 billion ‘anti-weaponization fund’; Trump’s new acting DNI; and more","https://news.google.com/rss/articles/CBMilgFBVV95cUxPT0k3c2R5ejRhaW9MbVdzMnFnbkl2LW5DVjZIMXgyOGlJT1lKb3VicUVtSncxVGc0R3NIMkJBRXdDSGJvaVNaX2NIeV9Ed3ZueFhmaVNBcEhYXzZRenpsenM4Qm16ank2dGM0NGh3S1NpWDhiRHZfM19FSTlxdXBQcGtBVDJSM2lCSzJ2TERIVW9TTFBEenc?oc=5","The Washington Post","US","1780434741000"
"Opinion | Energy Markets Limit the Hormuz Shock","https://news.google.com/rss/articles/CBMif0FVX3lxTE1MVk5YWGtuTkVpdXB0eHREeC15OFpEeUxGbFotY0tCTjNoa2xIZ3VUalhsZTVMaHpFNHZTd1d6N3VOMUpQRk5yN2wzQUxOZkVPak9kejhHN2g0c1hUc3FYQ09JOEp1WkNpZldJY2VtZFFwMm5oemo4cWlxT05aM0E?oc=5","The Wall Street Journal","US","1780434720000"
"June 2: IRGC Navy strikes US-Israeli cargo ship after US attack, reaffirms full military readiness","https://news.google.com/rss/articles/CBMixwFBVV95cUxOWkQ0bVFmNkFuX1JKSkFzaVBIWV8wTDlnNFplQ0tuSGZuRVVMZ24xVTVMNk1hcDZWdV9wbS1RZjM3Y0dZQ0FxRTdlSHlwMW1GbktCQzRwZUpaRUcxVENZcmxjMVpZQUNLX19DYWlsOUxqR3c4WHgxamc1NFRTa0pPdzVzLXFvWFA2RlBVVUxnc1ZhUFVyRnR6S0llQlFkOHhlT0VKVWl4aHA3eUoyaklhTlAyN1NCQUhCYS04OFpFQk04OHdPN2RB?oc=5","Press TV","Iran","1780434180000"
"US won’t let Iranians with IRGC ties enter as part of World Cup delegation, Rubio says","https://news.google.com/rss/articles/CBMiygFBVV95cUxOWWJEaE53V3dxcTVON3BQa196RElIT1lNS2NHaW5QRmpHLUlXbURzVWcwT3FHa2NRdDVid3NiemRfbXlMT1JvTWF0MnFETVdsbUdHNFdrQ242WFMtUnE2cENRVkJSTjVjbjFhcU9YOHFjQWFIbFQwYUZSTW5YLWFrM2VFaWk3TEQyNXhWREFyTy1qellsdnBXRHFhUU9QbnUwRlRsSk51UlVTUE9hMGF2bkU2eFZwbzUzVC0yM2otZEZsRWxxZGptcmdn?oc=5","The Times of Israel","Israel","1780433670000"
"US imposes sanctions on Iran's largest crypto exchange over IRGC links","https://news.google.com/rss/articles/CBMivgFBVV95cUxQNVdiZExnNEtlYTV2bFJ6cmlfSlR0NzkzMnVzckc5RFptQk12bVRzelRkbVZSV29NaEUwQW9QOE9nTWFIb0JVZ1NuVWZkTXIyeHY4Vk5ZOE1DMWYzbEJqa3U4dHg4LWx4UW1WTWFFTVdUdXpnWHhHVTE2eV95b2J6MGdQUTBLb21FNUhYUXltZ3VvZnlyaVFOWjlTdzVWcmlTZjFMRFBSMnlmN0pNUWkwLTgxU0M0WERWdk9lVXJR?oc=5","The National","Arab","1780433372000"
"Nobody believes that': Sen. Tim Kaine reacts to Marco Rubio saying Iran war is 'over'","https://news.google.com/rss/articles/CBMihwFBVV95cUxOUnBCZmpVTmJMTnBJZ09hRjc5Sl9SNUxnQ2hNVlVvNkpiS2ZhakxuV1kzNWEtRk5EUU5qOTZzdVltQ2hHS2ZWeldQcUpWTDNxaHBidjZ3bG0tNXVMOVdKX1NmWXA0SzhyYS1lVVF1RlRrSlhwTWxlaGlFZ1hJNE53MGRRUGhDVFU?oc=5","CNN","US","1780433105000"
"US sanctions Iran’s largest digital asset exchange Nobitex and 3 others","https://news.google.com/rss/articles/CBMiowFBVV95cUxQVS10blIxOEtKYWlJZFNaR3h1ZWlhbV9TNk9sdmdpdmNYNF91TVh6TjFOaWJsbGNIaTlkSzEyODZHOUx4XzhmUGZvNjVhTjB5SGVFVFJqdDUxeGVkZkpzYlhUdXM5QVdMekJ1d1RIeDdnck90YVlRNWY5WERJc0xpTVNQY1NiUFFuQUFaQ0FjcEVDTzliNFAwTnpoV2F0VXZpck5J?oc=5","Associated Press","Global","1780433100000"
"Video: Why the U.S.-Iran Negotiations Are Taking So Long","https://news.google.com/rss/articles/CBMiowFBVV95cUxPczgwUkZic1o2REtlb3VzNWxUQ1YzN20zcE1uS1VZZzFFMXRjNDh2c0d3QmxkbG5xc09WaWhLdm1WOS1fbzlWd1FPM25sS1BEUVdNSF9rbEVFYWJEVXlkSV9lYTljVFJhTmVVVE4tcUp4eGNBUmNpSnRWRFc0NkgwUjNldmR2MzI0c013NWRWWkV6ckIxcmJLNzctTDNKMTJRR2Qw?oc=5","The New York Times","US","1780432931000"
"Rubio says any Iran sanctions relief requires nuclear concessions","https://news.google.com/rss/articles/CBMiZkFVX3lxTE9oMHJOWEhqTmtpS1JOTFlwZXR6T1labzJ5Skl6elZyM2JiaXBSY0xnVkhyTGljTkt0UG5XRkpTV1o4TmpSU1NPTUpfbWcxR0xwS1l4aTlCbzlPaUxjXzVwVU1mTWhIQQ?oc=5","Reuters","Global","1780432894000"
"US watching Iran's World Cup delegation for IRGC links, Rubio says","https://news.google.com/rss/articles/CBMitAFBVV95cUxQR2lfV0ZhVEVaNVpxd1d1Q2p6SDQ3ZkJPQlJoWnQtV2JLclJoZlZtQ1h5ODhBOGt2enZ1T20wTjNmMUFDUjNGSXp2ZEkzQ1FkY0dNR2I5c2N1aGUtQTVrV3BoZm53bGFEV0VzVVFqcjRtb3o0YWtLVldUUXh0MlQ5VHdWVlNXa0xFM1AzR3YzZ0JQemZjWFMxa2FBVXVQY2RRQTZEYWoxTWsxX0V6UzRhUm9DWHk?oc=5","Reuters","Global","1780432255000"
"Rep Jason Crow: I’m going to do my constitutional job to wrap up Iran war","https://news.google.com/rss/articles/CBMiVkFVX3lxTFBza2RMMFNha21oamU2RDdlZy0xbDhuUm0tTlJZR0t4WjNxdkJRX2pyNUlVdFNPT3hyN3AtaWRmaGhIeWNxcG94Wl9RMWJBVGNBRldVeHRR?oc=5","Fox News","US","1780431685000"
"Video. Iran World Cup squad to head for Mexico via Spain","https://news.google.com/rss/articles/CBMilgFBVV95cUxORVJ1ZDBOTVQ3Y1BNcWs2RTVwZm0xOG00UFQxMUhEMmthV1pGZHpOTWpRbUFXRnoxM1IyNUdyaUVzdmZoenlid1FmQm9uSkZnNEp6eW1RYnJvQV9RcUdWaHNTLTVtdFJDMVRDbkR3emk4RE9RemZLbHhJTGkyclF1ZHlwVkdzRkUxeUhVelVnWHVQZ0xObVE?oc=5","Euronews","Europe","1780431453000"
"Family say British couple jailed in Iran have lost appeal against convictions","https://news.google.com/rss/articles/CBMiwAFBVV95cUxPZzhPRU1mRlF0OGhBOERHaVA4RnA4ZjMwX2hJS0tHejZtLWViNDBQT1lBWkx1ZWRrWVpQbXRxbXMzbEVCQmVYN0FnYTJSWXJZdjJfZnJXMjlWRjJCcDNaaTRud19oV0xFdHNvX25fVGY4eXRXUVhZN2NlRGY2UlhmUmNSNXFrU3hBS3NaT3U3WEhaQXp1OGhxajA4V3FIZnNpT1QxX2ROUWpPVHpacFp4d1ZNOGVGQlVocDNmcFZLV0k?oc=5","The Guardian","UK","1780431240000"
"Iran’s supreme leader ‘increasingly engaging’ with US","https://news.google.com/rss/articles/CBMiowFBVV95cUxOMGxSM05nMzl0bTUxVk5xNWVKUy1YUXU3TXZ6V3cybWlGU0xXTXpMMEhqeDZKd0tPZEtfRk5hQzJSaFliYUF6d3BmTFV5ZkdWRFlxdzR4aHZUWXZ4NHBOOTJZbE1VQ1Nkd05pa3JWa2xUYUxuRE9kQ19McDN6OEpsbTlwYjJybHNmVmZ3Z25TVzN6ZmJSR1hoNDlvSGFpM2ZGUU9V?oc=5","The Telegraph","UK","1780430760000"
"Gen Jack Keane: Iran looks like it's 'settling in on the status quo'","https://news.google.com/rss/articles/CBMiVkFVX3lxTE9maFExbHRxYTNyLUEzc0JPQVZGalBvaWpIQkRjZVdHeVBBZnhUd1BxdzFDYWVPdGFONzIyYXRVMTBsNmFkVnJlMVI3dXl0WlZSaWxIaFFR?oc=5","Fox News","US","1780430632000"
"US sanctions Iran's largest crypto exchange over IRGC links","https://news.google.com/rss/articles/CBMisgFBVV95cUxNdlg5TE9NT092Z3lQQnBKS2RrcTRSOHFIZXdXaFpfS2tVenVPemg4OHRyaktHUnRMUkVoTU9FcUU3cE9HZWJZWnNSNm90LUsxNWJYOUdCcXViSTFlT0NheFRfdWFxSm9EdXdxdUdfTVFkb3NNUEdramUzWDZ2RUhNX2ZUTkh1am5SZjVucjdxVUk1SWFLYkJGZVN4QWdqUVZVMGYwZ3RvdDZvb1FCX2JFZGd3?oc=5","Reuters","Global","1780430097000"
"Treasury Yields Steady as Hormuz Impasse Goes On","https://news.google.com/rss/articles/CBMioAFBVV95cUxQX1ZDMDRNWjVCSTRVaC1EakpoVGNiWUw4eG1LX0daVWFJSkhMQ2FNV1ZYTkRPOHM2WTRoa3FwVEtrclljbWtkRGx2RERhX2JTbHdOc0tVUGN3VEJ5M01JZTdsQXNGdmVLa25qVWJLeUlISHJEaVVnM0ZRXzdFN21hU0lhYkNUWHdTOTZ3MC1kSE4zeTdIWWJZNktvYk1MUk5q?oc=5","The Wall Street Journal","US","1780429740000"
"US Treasury sanctions largest Iranian crypto exchange over links to IRGC","https://news.google.com/rss/articles/CBMiakFVX3lxTFBoeHd5VVh5dks5bnhTN2FudnhvOU9iSkNPVnBGY3M3Tmt5WElGNHdubGRrQ2FPS01fWUZRd1VqRUM0LWtOc0RhZHVLWFJZVE9aVDliUnBnOG5wOTBYeXlyOUdpZUFMa01nSkE?oc=5","The Jerusalem Post","Israel","1780429445000"
"Egyptian FM discusses U.S.-Iran negotiations with Iranian counterpart, U.S. envoy","https://news.google.com/rss/articles/CBMifEFVX3lxTE4wNkk5Z2tIQWZUT1lBcl9wWlZQTDhiRzNuYkgtNG9WUmNrVktkeUVuWDZfOU5XNDU3R2JvMmhGUmNWbTd1VGY3aXo0UlJjMGNHMElxSFBtZjlxYjkxNEVHcUdKdkFqY1Nsak11bGt6YmpzU2JCRDNXeDlGbVM?oc=5","Xinhua","China","1780429365000"
"The Iran War Has Led to Months of Global Shortages","https://news.google.com/rss/articles/CBMif0FVX3lxTFAwODZha3VOdzl2T3ZQNGw1RFdabE9yVThEeVdabFBvODAzaFRsamNMWUJjblJfZlFPS3hQYWRSb3lxUnpVZVFsdDFVU19SODNSdzJNa3BXRGxUaHBPWnFzeml2RTVMSlNKRWFsNGU2elRFMHptc2NYZExUQVFHUUk?oc=5","The New York Times","US","1780429210000"
"US Treasury issues new Iran sanctions targeting crypto exchanges","https://news.google.com/rss/articles/CBMiugFBVV95cUxOSi1VaExZZVZZVTBVZExiazF4VnltSDkzOWp5cXNZR0x2YndoaDdKS0xURUNoa0VpQk5GdVUtTWZvdWFhUWM5VkFiZ0lZY0ZiRHVpN1dVeHdfWGN0R3Bsdm5LdXl1UllPZk52dDdNam51TDl1alBUUEpXSFdSRUZJTl9FZUcwTndiMmwtSmVNQmVmTllxS0l2RmxfSy14RzNZcnM0aUJSc1Flc1dIdVhhS1owazRxZnhuQlE?oc=5","Reuters","Global","1780429111000"
"US Treasury issues new Iran sanctions targeting crypto exchanges","https://news.google.com/rss/articles/CBMivwFBVV95cUxNTjV3Vm1iUlRFOFA2amYxamFzUEl4Mm83c3RfNlJzZ05hX2k3b3NzZHpYbU5pYjNfREFqMmNZYWdkb2lta1gtOEV3TS1kekVvc1VPNXE3S09yeDUzMmZqVnZxWE41ZEZCMDRNTFN1YnZULVVxSnFSOXQxQTBFWUlpd2dyQ3Z1OUU5VXE1UGU3OTg1bFlxT0Y5blgwQjJpS2U1Wm1qRkkxWUM1QUJWSHNsOW5WbHB5ckgxUTNXazdBVdIBxAFBVV95cUxNU3I5RlFOMTE1bm90cndYSk13MWt5ZS00NGJ5OWRnZFBMNmo3bjJUdVN3bzFRTnZVVEdBT3Jhb0hseDJEUzlldzEyUWxkVWIxSkpQVGpSWnY2ZjE5OTM1eXlQXzRhYkNRaV9qRXRFQTNlaXcwMFpnMzFxZ1JwcHFjNEVnYkF5TmRBdzJXb3BDTFBoXzc5Xzc1QWhZb2FGcGN5MlAxSmJBUmJ2ZE9RU042emN0TmtuUlQ3MHNWc3RueVFvMkRf?oc=5","Al Arabiya","Arab","1780429020000"
"WATCH: Rubio reiterates US claim that Iranian navy has been destroyed","https://news.google.com/rss/articles/CBMipAFBVV95cUxPanRlYWNGNmd3SGdsVjZlM2xTMUNXYmVxWTJYSkhndENUdXlXd2tzYkxyeHMtb0dYTkJwWTRUTUdJcl96ZkJJSW5iREhrc2dYV2s2MEN4MlJqWDRFNTd5czBGUDF1OUNMTHdSVE9aalZOenctU3FraW9rVkNjZVcyTVRjeExUdWVWTzBsQXlnYUxrQll4NGFoaVZtN09DZGhSTWswYg?oc=5","Dawn","Pakistan","1780428904000"
"Rubio: This is condition number one for Iran","https://news.google.com/rss/articles/CBMiVkFVX3lxTE1Tbnh3SVRLbm5sVGdIaW1zaTF5QXJJY2Znc0hCNkJBX0RPMmxod2NiRHFFS2VVTGctQ2V5WC1IWTA0YnR0Z21mYjkxU0VLWEd1SFRwUl9R?oc=5","Fox News","US","1780428545000"
"IAEA chief meets Qatar’s PM in Doha, discusses Iran nuclear programme","https://news.google.com/rss/articles/CBMiowFBVV95cUxPLWRHQldSeHF0Vk9FSlN1TF8xSUZ6Qi1XeXZKdE1pN1ltb25US1pCN1p0YkhPaEdxX19TTVR6aGphaEZwTG9CZElyVDF5dUpUeXJMZV9uQXc2TmNpRDdQR2dmX2NocERGdl9HX1JsenN0cUNxSV94WS1nR2p4WlZRSzlmX2JIeWlFcE9BRXZhcTloeXhHRWVGQ3h3LVpqVk1Bb0ww?oc=5","Dawn","Pakistan","1780427523000"
"Iran willing to negotiate ‘aspects’ of nuclear programme, Rubio says amid escalating scrutiny over war","https://news.google.com/rss/articles/CBMiSEFVX3lxTE1XbGNBVmxiOHRDT2JGWVJlbTlSRmh3OVJZQS1EelhhQTdRaG43RWszTUFvdE16VHdXTWRkVlRIMW5NWnVwXzZ0UtIBTkFVX3lxTE9wUTBIV0w2SWRuOVhYNTcxRlNTaDVYWWxWY0xOZlhqUzBxdFJ0NXZDQ3NFU0s2WnREdGxDanY5bU9MUWJKQS1YdzNzRC1HZw?oc=5","Dawn","Pakistan","1780427218000"
"US says Iran’s new supreme leader alive and ‘increasingly engaging’","https://news.google.com/rss/articles/CBMitAFBVV95cUxONzRkY0czUlJkeFRHRDFaVmtaZzZxYzJiTE9xTXhYN0NNVms5X1RmbGw5V2xBanUwN2k0Q19yVDFpeVF2aTZ4aGMtMjZhWXdhQnN0Wjg0bVZMYlk2QUFHbUZvZ1Y5Z3U2eW9xSUp1VG5HVktDRjd4MlB5dlU0SnhlT0lmV0ZTYW1UcHlZbWVUSUFtWlY3cTZ3eXlVVy1YeVZuMzBhekVFZmprcmFRZHRCOXFtNGbSAboBQVVfeXFMTVV3THQ0d1RWTWd6UmFaX2xuUWZKaWtVWjh2dTVXV0F3b2xZd2hMaU9jb1VSRjV3M1R5dHRFb2x3ODQteHNmZGdxUjZRYjBEQmZJdnZkYjJpYmt6em1ibEtYczA5ZDlFNGNtZl85X2JHOHJQUlphQTBvbFlYMXlpeWotYXdyU3NSVUtueEFTSWh6R3Bmd1F6SjVRMmpiR2YtTC1ibExnVUF6VWFJaEF2VUVrbHdvVEdFTEhn?oc=5","Al Jazeera","Arab","1780427125000"
"Rubio Says US Has Not Offered Iran Sanctions Relief To Reopen Hormuz","https://news.google.com/rss/articles/CBMivgFBVV95cUxOZlJYMEM0M2VDRkYtZVdiUmtzVnFxVi1MRjB2QV9vTkp3ZnNPSUFOTjFXNUlsQl9KWFJJQWR4SjA5U3JQcXp6QXI0OWxkT0N1c0d0UjNnM1VtM2pjTjlOSmFEdng4eVdfVFg0dmhGY1d6ZDJZSHdreFBHb2FBR25Ocm15TXlmdDdNNWRWQTd2cTNybkV2ckpYandBYWJaOHVTbzd6TUhKak5BYmUydnJGVVptczc5Y3M0c1BDZjNR0gHDAUFVX3lxTE9JNU5IaE44U3NxUnBSTzByRWtjM1RGYVRoRXdvUGN6cW9jUzZCUkFlbEJ4OF9qQTVQZ3YwM1FibjlSckdYQ1pyY3BmV2NHbHJZYkoyT0dfZU1OOFRWenctYXd2V1ZVbm1BZ1RZYWF3cWdESEpGQkpjU09fcVFOVThCc05IVU5qY194NGVYQ29XUndfRW9pRFY1WjlaaEdtRmJoem5SODBXWTdJeWpaZktCRGlNM2gtTXJVLWFUbXdXQVNNTQ?oc=5","Al Arabiya","Arab","1780427104000"
"WATCH: Latest footage from the Strait of Hormuz under Iranian control","https://news.google.com/rss/articles/CBMipAFBVV95cUxOcmE4M3pCMDgwZlhROFNpRlRLMThvMmxOMUJOcjZvTEh1NHlpdnVVNUpCeXZsUzVoWTdvQ1c4aDJod0wzd0dDcmVjb1pUOWNxMFFnTHRJMmZBV1U4VXFSZTNLQlNpWVhtOHc1TlJwMXV5emVCZWlQWHhWR2cwR183X05xaG5VVTg0NHQ1dGV0Zk5oOUsyR05uUEE1UGhKaS1haDg1ZA?oc=5","Dawn","Pakistan","1780426863000"
"Trump’s Netanyahu Problem Is Latest Key Hurdle to Iran Deal","https://news.google.com/rss/articles/CBMirwFBVV95cUxQRVNZeWpmdlhHQ0pnVE1SbUg3QzA4VzNZYWlrbXdSclhfUW1QMTR0ZWZBY1RsNTY0bDV1dmtXMEZTdnN2OHU1bmRGWXRFa1JjM2ZUdE1jek1FRGxUcTdPVVZFUFZ2amFhSk9hSmtuTWwtREZpWW1WRG5fSE5FS3VBaGluMkNDcHlpN2pwUkFiWENnRlFJT0J3RjRwbTBiYXVDeEZZZ0xYRXQ0Y3NyOGxZ?oc=5","Bloomberg","Global","1780426710000"
"How the Strait of Hormuz Blockade Can Harm Marine Ecosystems Across the World","https://news.google.com/rss/articles/CBMimwJBVV95cUxQVlpscU9MV1NQN0xnQUNQVHRPQkc2cmFjNXNDUzhkZUdJdnFDWjZ6VXI3dnMwUTlNa3JPNmZyQm5SaG5yNGJVU0FjdjNadExqcFNvenZodWhBSHI2c29leTRIdk1hYjZqalJ2SjNsU1k2NGM3RHpTQlhkOVE3LWExNWFpQjBTdUFwVExoU0szeG1PLTFOemZiajlnaUx4MDFWSDNzTU5sRkM0QkJ0cEhhZnRQU0dicWNQcHhna2tFVHllbDVINldKU3ZiOTYyd2dFY2xoUlFnMWRxa3hnMlgyU3ZDSVREY0ZzNFRTdEhJVlUtMnVYY0ZoTWx2cGNZVE5DVjNuU3lWZlhhV1RMT2lrSDlQMXNrcWVQT21j?oc=5","Haaretz","Israel","1780426620000"
"Rubio says Iran opening up on nuclear issue, as Trump insists talks ‘continuous’","https://news.google.com/rss/articles/CBMirAFBVV95cUxPR0o5TW1RMEVudGtQWkc3bmFrT0Zkck9YZjN5T1RlYXdlYlB6d1BMNjBISHJhaHE5QmZJZlR6SnQyUHd4M01BbzNsZWwyQ0ZwN2xkVkh0VkQ0R1JwMUtRRnZnd3lCcmNmQjEyS0VlMExmSVk1OTBtWE1FdGZiMUEtalZ3OWRHZEZRaXlmT2dZVkVHYjBUWTY3VkZKMmU3WmhJV2VEVmFRQXNGbW5Q0gGyAUFVX3lxTE1rU01YbEI1b1B4cHNjWE91aXZvUDU2MjlQaDhuNG00X2VOcE0xbVY1N2JGamUzNl8xZHp0OG5EeHI3VGZKWjBSLXhiMjlGQnNSZ09OaVFUbFpNZ0k4ZTNQRmR1N0dmczF4YUt1Wk1zQTVGaTV4MDAzd3RoNEhoQkNUa1czempOLTR3YUI4TlU4bEJxcWthVlpIcGFCc3JGZ0t1clkwX3dELWh1MTJJR1NqWGc?oc=5","The Times of Israel","Israel","1780426456000"
"Iran's late supreme leader to be buried in Mashhad -- official","https://news.google.com/rss/articles/CBMifEFVX3lxTE9wU0stS09SR1NULXpQRUpKMWRHbFh6ckd6eHFRaEY4RE1VVVJBU1Z6NlNwSTUyQkJNTnVnSGkyWFF4Y1d0Vl93SXJ2QjB6RDZzLWlmakxQV29tSS13djhTMjhlRmFFRGJya0pESDlpc0hEa1lwSUVRY190c1E?oc=5","Xinhua","China","1780425435000"
"Jagoran addinin Iran Mojtaba Khamenei nan a raye - Amurka","https://news.google.com/rss/articles/CBMikgFBVV95cUxOOUFxR2hXdGNGME5leHU4LTQtdDI0eDdsbnYxRkN3TEtHMUUtZW01LVFfTkFXWks4dEtERlVTajJ3NHBpdy1UYng0T05VejVvYXpFcWl5ZlNaLXdzMVl3WXROS2hxZ3ZiZ1dKcVZmVDdRajl2RllNYnNNWU5Xb2pRTFJtZ21hZGF4TFgxdG1pc0dzQdIBkgFBVV95cUxORVVLM2VqQmJLUklkSGFORldZSlR4ZnhsRVRSLV9zdkhoQnByVENCT2o4eGM2NFZ0SGZoNG4yNXpoME80ZXhIV1R1aU5TRXhGWkhhVFBTWDBlbXFBeXIxazlkeDZwSGFFbzdaR1JRRjlONFhZTTZaUzNxbUJmbXZsbGRkYnlIeUFyaXUzQURZcGJlQQ?oc=5","DW","Europe","1780424565000"
"Two Iran-backed Iraqi militias to begin handing over weapons to authorities","https://news.google.com/rss/articles/CBMizAFBVV95cUxNV2kzN0M1ZURVN24zLVZnM19DWURFcDNOMi1FSlFKUDV3OWs3bHpZbEpjYng2SEpKS3dWTWFVeDRLcERFNHo4NmF2X0tYV3UxYzNFSEZlYXFwVEp6VkxiZmdxRzh2Ny1hLTV0a3YtSFdGbFp1dlNTN2I1MTgwVE55bld3YmpUNHplbTBDQW9vd3NPTk9ZOVo1MjE1cWVjZmVTRndveG1pSGV3eW1rR3pCOC13UEhfQ24xaDgtSTNDZzNDaGxTdGp4eElNUlXSAdIBQVVfeXFMTnJYMHh4TVNYNDNFeDB1OVBxWmtMeGU2d0M3X2ROMHUtc0F5Nlo3b0JpSWMxaXdlaURQXzNxazlyYTR6LXpMMlVNTE1YODFpX1RkRVFqU1FaZE9Sd2gySWZLWGpsWXBrZGIyeUVhMlRydERBUXp0M05WbTluVmFSbDdhOGRxZDBhVndlV3RyWGJpR0RTZ21oWGhyQVAtWldTYWx2dHBDOWVUVEZ3RVpVeDNiZkNzQldkY2U0WWhydkxfZDRuM0dNd2phdG04SnlodnFR?oc=5","Al Arabiya","Arab","1780424160000"
"Why Benjamin Netanyahu poses an obstacle to US and Iran peace deal","https://news.google.com/rss/articles/CBMiggFBVV95cUxQTXNlQVZuaUNkbFIwOXRrUFNha2huaVBoeFp1dkU0TlVZb1R3YXZoaEdPeHg3SmpkOG10SjI5aFhadUY3YkJCNi0zYlZxVTVLRGcyZlVfMHczY3BnRUNaenNRc2pISHFMRVFLdmNJT0RIWTdZZEJvMUNHWXhYaEhJTXhn?oc=5","The Guardian","UK","1780424160000"
"Rubio says US has not offered Iran sanctions relief to reopen strait","https://news.google.com/rss/articles/CBMiZ0FVX3lxTE5EQjlLZkJRbWlPLXpkdjhJWlR5ZWxUWlQ2NURndVJzeDFzVDF2LUF4dDB0NDJ0SUJ5X1lpWHJEcXk0RWFFczlZSjl1dWlRSmM4b2NVTkZIZ3FuQ1dzY281cE9saFhsYzQ?oc=5","Reuters","Global","1780423969000"
"Rubio insists proposed Trump deal with Iran is different from Obama’s","https://news.google.com/rss/articles/CBMiqwFBVV95cUxPdzQxVEVDNGdUVVNoa2VJVEcyeVVhY3BBbEZ3WlNSU2duWmlvbXpwWGtsQkd4V01Nd3RkTHVvVUdSNDNVNWE2bjlnN0prcGlmdk9MaFNUNE1wVFFMRDNrUnFlakxGM3ljNktDdW1vNVJfd2diNkxINnFwSHR4ZEdlaXNxR2tqU0RIRWFUekxTNGprTXJkRkZ5SlBnalZVYUNZS2pDM3JPbkxfaEU?oc=5","New York Post","US","1780423920000"
"Rubio hopeful for Iran deal, insists on nuclear curbs","https://news.google.com/rss/articles/CBMioAFBVV95cUxNZEpBdE1sRm5Oc2l6blFNYU42UC14YXBleWpJS1hHRzNna2hQdnZidTNwZHlMOWRoaE8ycVQxZ1h6ajFMNkVZYkRadzN0cVZjTFFqOHlBb1JkSkFpUV8zNG9sN2VLZWNTY2l0WW51TDRLT2lrMkhzS0ZUbjV0R2hHQV9qY085Wjc1aHVPNHZJanRhTkNYbm5UOHB4ajV5dnI5?oc=5","France 24","Europe","1780423391000"
"Iran's Axis of Resistance collapses","https://news.google.com/rss/articles/CBMiV0FVX3lxTE5ackVXQ2F5MFJtZ1dRWEN6dFFITlBWbzNscDVSMnRIb3BlUGZReUdTRVAtTzRsQVpqbHNwTEl4aXI4LTZVdndJd2xzQTE1NVBXOVlOTWRFSQ?oc=5","The Jerusalem Post","Israel","1780423200000"
"US-Iran talks appear stalled as Trump claims otherwise","https://news.google.com/rss/articles/CBMilAFBVV95cUxNVFFZOTFKSWVDZUdDOU1jRlc2UHk4OEhKbG9TQVBFVXAzZEc3RXhzT3hhdDBPWXJ4NjRrMERyd0p3VTNFTFM4ZThHU0RmaVBUSlZaakRCaWlpNGFXMEhPSHRwWWVnWnNTcVBSbmNfY3FUVGcydjRjZERZc3lnY2s0UEhSeGJaamd6a2d1TWNTUjFjLTZB?oc=5","DW","Europe","1780423132000"
"Iran’s supreme leader appears more active as talks continue: US’s Rubio","https://news.google.com/rss/articles/CBMirAFBVV95cUxOeXFGMHdpRHZKbHFzUzZvdWItb0lTTVVYeTNheW5lTUdkZnNPTXplbmRUcTVwLWtWMXRCc3dBY3NyR2JLbDBBRzhFYmRMVmZHeGxINjJWTUFNWFZCbzV2dWZjTlhZSzdhVXJYamhlNXZ0bGd3eThTLWFvQy1xbWJqZ1dtb296SlQ1cGc0QWtmcDNwVHZ3NnQ3ZHVQQi04WVJEai0yM1J6b0k1dHdn0gGyAUFVX3lxTE1DbTNBWE1MRi13cVJfMV9zd2NWODFkLUFNRU5mV05obU5ubzR6M29IOFdhN2ZQRzRSQjQweGYyUHBoczVpd1pucHpPaUhiWlM0ZjZrUTYxQW5XdnR3NWR6OF9RQ1U0UXNTWmJ3b3VoS3d2R2twajhEVkE0Vng5N3R3UVZ5VGFPVHE2REZjNmlnblpFTzdvUGtrNFlvME9ZRGx4bkZqNmZtSklxYjkzR0RHZlE?oc=5","Al Jazeera","Arab","1780422981000"
"1st LD Writethru: Iran's late supreme leader to be buried in Mashhad -- official","https://news.google.com/rss/articles/CBMifEFVX3lxTE56TUpWSmszRjg0Q1FoMUI2QmlwT3Jja3FZaWREWFl0SC1YaDNnYmxmeFJzOVo1bXJyM0tvWms4Rk5SRXprbk5kNGI4dW1pdEF4aTg4cDQyNk1VZm5Tb0txTFlFdjZsdGpNS3pCcUc3RXJuZEg3M19VU09Qa04?oc=5","Xinhua","China","1780422915000"
"Rubio gets grilled on Iran","https://news.google.com/rss/articles/CBMimwFBVV95cUxOZ0FmXzdnSTU1WndkMDlDYlB2Q1JIc0FodUJxTlpFU0ZSYWEySWlKZDdTVTRjV2ljQ0wyQlBmcWZjV2JSVVJfMGNtZy1rakhxX19ENU15a01RcHN3OWJrMTNlY19nNkdCM0hMeUM5UTd4c0t0MndKSGFtelNtTXZUSnV3Xzdka1FHMVVDV1QxRUNYWEJtUmV5anhNZw?oc=5","Politico","US","1780422625000"
"Trump's Iran talks with Hezbollah in limbo amid Israeli strikes","https://news.google.com/rss/articles/CBMiVkFVX3lxTE93enJOel9lUi1sWkItdi1YU0hFdGNpcVBZMHRDNlJRRWx6djJCSExPNy1QNnB5aUl2dFZheWt4UnZUN2FxXzVZdXVzeTNPem1OY3FyeVVR?oc=5","Fox News","US","1780422283000"
"British couple held in Iran lose appeal against 10-year prison sentence","https://news.google.com/rss/articles/CBMipAFBVV95cUxNVTZMOVp0WTFOX0h0UkIzNW96V1Fhazl0VjUxaUJObTY0Mndhb2V2ZDREWnNHbEl6WFB6UlhRTG5xNW5tQnE5TUhockRyaS1RTXozVVdYM1JQYVJQazA0eFlWbmtUSXpWM2k3cnhhY1Q4b3hRQnoxRzN3Y1RpUEg0Mk5GRUxGYUkwRGJXYTJwWnZRajdwc3kxcFl2czZ1RWZtcTY3WA?oc=5","The Times of Israel","Israel","1780421850000"
"Iran’s new toll booth entity claims 300 ships have signed up for safe passage through Strait of Hormuz","https://news.google.com/rss/articles/CBMiqAFBVV95cUxOY1V2YXNjQWloM2N1TFZMSkh0UldwdkZNelIzVVZVTkpwS1doVzE4clFrWFlHQ2ttSTlVejZQZmhSVXdGcFZLZjd2ckdJVEdBSDZ6ZmhUQmJzSVcwYzdUbWlhMTJza2F3c0dReU1nUlExc2RieHBad1pxQ2RBSmMzM3VCQWhsSkNtSHNwRXJsRjl5U2xkenVza0VOa3FQVWE0V2U0Sjlsb3o?oc=5","New York Post","US","1780421280000"
"‘Stuck in quicksand’: How the Iran war has stalled the Trump agenda and frustrated the White House","https://news.google.com/rss/articles/CBMipAFBVV95cUxORWNxdTJFai0yZVdNSEx6OVhwM2Z4bGtqUW5CMUxqaE5NVEJINDRVdmtkMi1tVTNoZVpDZFNHVHQzaDNoSjRCUC1kZlVXeGFOVDlzZVJVTmNvOExBcGdpLVduN05iZWRwMm0zNEEzM3dTejhsUTQwS1g0U3J4eXhGS3Z3Q2dXekZHWjVqaW1lcFczOXdDcENkRG01Ri1yRVFPWk9iQQ?oc=5","The Independent","UK","1780421220000"
"IRGC Quds Force chief Qaani warns US, Israel against escalation in Gaza, Lebanon","https://news.google.com/rss/articles/CBMiXEFVX3lxTE94WksyWF93eVUyWF9vWHdVcko0YS1EWE1Cb3A2Sm5WSHByMHludXZ6bGQxbVdWdnRMLURXSk13NFV4bWdiTzN4MkN5MDZqWTcyZzJQb25sc21sYVVX?oc=5","The Jerusalem Post","Israel","1780420956000"
"Everyday life appears normal in Tehran, but Iran’s central bank says inflation at WWII levels","https://news.google.com/rss/articles/CBMi4wFBVV95cUxPU3QwQ2JXdzBOQmNlWlg0R01tbld4OV9VMVRjb05MckVQSlpYM29acmd6b0NVWXgxdEZzN2ozdmFUYWN2VVVycFJiWVBjTWNEaFhGbWZmcEQ5Q3N1VmZnSWlqd0tIRG55bHhsaGtpcVZlamk1TFFwN3pEelNqODVqdUFFNjRjUGJSdXN3VThWVm1JOEJ2RnFPZWh5Nm40a2t0TXNNWGxvRjBRRmcxWDl5STh2bVRZeTNXc0FSMTh2dXJ5eC1uNXNieDVkTF9pQmp0VUU0RmEtVDBoNGR2eTVxcVRvSQ?oc=5","Associated Press","Global","1780420740000"
"Trump says talks with Iran continuous, countering Iranian claims talks have halted","https://news.google.com/rss/articles/CBMixgFBVV95cUxQcnU3Wi12T2tRVWs5RGJRM1BTcXNwaHROUjBCb0JLcExiUVphazhFckpBVFl6TGtMeG9QcWNBaEprSFRuc0dDMU5hRE5KTEF0d182MmdvczF2bFJCVDNqeC0zRklYQzFQenhyMDZ4VWVnemVhRVNXU19pVTh6NEhsOFd2d09HRDVlX0g4TGp3a3RQYXNfLTY5ZWZwUUV2WWZPVXhRMkZyX1pYQUhpWWJGTG1DZXVITzRXbVNzUFVSaXczaUpLd1E?oc=5","The Times of Israel","Israel","1780420499000"
"Israel to send 2 delegations to UAE next week as ties strengthen amid Iran war","https://news.google.com/rss/articles/CBMirgFBVV95cUxQQVdZYkl2bkI2dTd2T0FQQ0lqd1dXRHBweklaemgtTzJhMDc5NjBiaV9pa01GX25lT3NFSEh2NDlTenZodFFmOW5wenFrcXpZZ0dGOEZ0MC1VazRNa1JhWlBmLXg2RTQ0VkFWLU1XYllPZjYwbjZUQk14eHZtbVJrdWxuWDlsZ2ljZ0lzOHpkRkVwcFEzVDE4YkU3VVkxelJVVDFqZVJmckd5NGhsZXfSAbMBQVVfeXFMT29hVkREUk9Vdk9wRzlabWlZd3VvcU5HZDJtcEpKVFVMQjctZnVwWE1iMDBHUC1KMVNzTUtabDZ3eUQ4eVEzZW1sMThfcW1UVXRTanFkM3NKNGs3YzFtNXJlWmZPZVlsQmMzUVB0VkI5XzVkdU5MR3Vfcm54RnVIc3ZYUFBBX01GN0E5WF9rQXdjLUg0TkxBSmtsUVo0UkNjRk1XejZRM3ZmeWpNVVpYbHRwdW8?oc=5","The Times of Israel","Israel","1780420499000"
"Donald Trump denies reports of stalled talks between the US and Iran","https://news.google.com/rss/articles/CBMiakFVX3lxTE1jN2lQb2pyVzRTT2NaZTZ1NG9TakFWU1owOWd4TERScm9KOUpLY1ZfZDFLQjlhdTYwUEZkNjJTY3pCV1I4bVlCSHdDZEIxeTJmOU00LThNa2lhR19QVFRiVFhGZ0lVaVB0aHc?oc=5","The Jerusalem Post","Israel","1780420394000"
"Trump dismisses reports that US and Iran not talking, says conversations 'going on continuously'","https://news.google.com/rss/articles/CBMixgFBVV95cUxPZEhaRGRPcmZoVmxJRmlYMDhPR2ljOVNCS0JvcVRfbmRKQnNXM3hFWU1wa0xxdGtLUnVKQ1U3ekdLMVQ4ZkZ5Y1ZxdkhwVlNsNEVoY2xaYWtKNktpMnBMOVY0X1VyVlFCNXNYMVlGU2ZaYmZDa2ZSalFxZWw2akhzcjd5amVzanlpdndpS0NkYzdTMno2ME1fc3JhOEMzTzR5SVhYXy04VmdfYXg2bHppZVZGU1Jsa1RuajJPbW5IS2xWTVJrTGc?oc=5","Dawn","Pakistan","1780420267000"
"Ship in Iraqi Port Is Struck by Projectiles as Iran Claims Responsibility","https://news.google.com/rss/articles/CBMie0FVX3lxTE9xb2xWUEo3ZzZMWGdYTU55NjBlNXcteWV1VEptRGVONlN3RjMyRHcyT19tbmlDOWVJMm5saWdTMXhpRlFudnFxZ1NkUk14VzRxUnpZNHFpT3hobi16NVBRclpXYm9pSnE2Y2h1MEgxeFIyVnFDMTYtZ0pHRQ?oc=5","The New York Times","US","1780420098000"
"Iran Studying Deal to Halt War With U.S. as Stalemate Persists","https://news.google.com/rss/articles/CBMi-gFBVV95cUxPcmNLTEZueWJCRUE4S1QwVVc1Um0tSk55azNDTWpmMm50akFfdDFhYjNqanZNZUx0TEwzcjBvckN2QVFmNEN5UmQ2dS1faE5XQWtSSU5wRWRVN29lQWpOX3lQc2ZVMVFPY0R0X0NtS3pMRzAzSkh3WVpieVNuTERGaGlGZmNRZnE2RXgwaHhlbjk0SnpFM1hZMFNIOUxIeGZ0WVNMVGVOMUE5aWJ2Ulh4R2ZXSlVSQkR2UWJlQzV0czJKc01KNERmeGg5UFZOS1EtanUwVTBRTVlXa2hoMDUwY24yZVZ0ZTlMempVaUxDYnJDOWtLS1VkcUpR?oc=5","Haaretz","Israel","1780419840000"
"Iran’s war strategy: How deterrence and escalation raise the cost of war","https://news.google.com/rss/articles/CBMiV0FVX3lxTFBNT0M4Q1NhU2s2OWY5UXdrWjVpUnBIS1dzY3VnSnRXcG9pSTY4VDZtcGl1cmc2LXpQOFNob08yU1haZGdOQ24xVjJ6N3c0NHVmNmc2dC1UNA?oc=5","The Jerusalem Post","Israel","1780419600000"
"What Trump’s angry call with Netanyahu means for the Iran war","https://news.google.com/rss/articles/CBMiqwFBVV95cUxQTktqZDlvZHQ0YnpUenJNN1ZDMWlrVWNNSl8tbkk1US1LMC10UkNsZXlBc1dRRFFRcUttYTY2TVdfT1Ryem82WXMzNGVySlBSYl9FR3JNUG5EbzlnbDlNak02NGF0dnVRN0otc0VmU3d0RUdmTUxPLUFXUEY5YTR1U3lfcHRWRzltbnI1b0xmZGpsYWVQR2dNTzBKTHpodzEwcVAwdWZwOWpTWUk?oc=5","The Telegraph","UK","1780419420000"
"Rubio says Iran ready to discuss nuclear deal as Tehran declares peace talks over","https://news.google.com/rss/articles/CBMijgFBVV95cUxPbXNfVkpMSlVBSHdkZkF5WE5mZ0kwSS1rUVZzQldsQkFKcE0zRTd6OUhEQWtja2o3dHRCWXdrcko5LUJqWFVNQm9pSW42azRlUWxNRUhFOGhvNUo0NVZVSDA3bHZENGFkNVBQaV9GTDJYenhxRlI1amEtRXA2c0JSOEVRS1VxUUtJSy1ZSWVB?oc=5","The Guardian","UK","1780419360000"
"EXCLUSIVE: European FM says Bucharest answered Trump’s call for allied support amid Iran tensions, Russian drone strike","https://news.google.com/rss/articles/CBMiVkFVX3lxTE5ld1lYY2UzNkdoQl8xaENJOFVRVTBxSU4tS3V4ZW4zemVjcVUwbWYzWVl4RTJZTFd0UEZZWWFFay1GX3FJSWlEQ2V4NzJ0UWtCVzRKZmNn?oc=5","Fox News","US","1780419352000"
"UK couple imprisoned in Iran lose appeal against 10-year sentence for spying","https://news.google.com/rss/articles/CBMi1gFBVV95cUxNb2FVWmdtYWcxSkxnUlBmZ2RrdHN3M2t1WWttcklaN3daRjRmTE1QTi14bHFRWGx6YlVSZkZ2Smx5ajRYMEcxTERlOWxmRmlhTVZ0X20xaTZGN2tMVXpYWklOWHBCMzFmYXpxbDV1NXpfWXFfV0RNRkVEaGpwcWRIN3FuNVRxdkgzdXFTTUVDcG0wbWwzR2dXZG5oSXNYMUN3b0ozcllkWW9YbXRxblg2ZjQ3eHdnZVhmZ2dWV0F6aEdtNFVDMENfSTRXYkhRM08wLUtRTmZB?oc=5","The Washington Post","US","1780419007000"
"Rubio says Iran's supreme leader Ayatollah Mojtaba Khamenei alive and 'increasingly engaging'","https://news.google.com/rss/articles/CBMiwgFBVV95cUxNYjdrZmh4UFFOUWZxXzV1YkVYVzIzZ0JCaHN4YWQzeWhGUlFmcGU4QVJ6TE5ZS2xESGx5eHBnc3cyLXRCRG9ja1pMazFiamZZeFdRNWFZeGVVTkFJbWp4Y2JTbDVJNTBKYXhCZFl1Q1F1dHhqdUgzcVVUSC1qSDJBaEsyYmNIZVp6aGtZVmJZNTJ2QUtHLVFfRl9wLUhJZkR2U20yekM2NHRtWWFkSGs3Z1N3SWxyMVlacDlPUmI3SzFJQQ?oc=5","Dawn","Pakistan","1780418498000"
"US, Iran: Washington keeps 'chasing the perfect war'","https://news.google.com/rss/articles/CBMilgFBVV95cUxNR25SQzctcXlEaDNSTzNYQzBGb0dRM2E1a0lpSUxDZDl0NG5Vb3dwRXZta0VUelVFMWVYN2FoZEo0NnJna0xsVVpWZ2J3SV9NekdVY3JfSEZfNlhwN09XTHBMZ0NpUmZ4bkdEbnotakpRVmc2NmRRVlFxSDJ0V2xQckN3d1k5SXJWOFM3WXUtUnVoVUV1MkE?oc=5","France 24","Europe","1780418444000"
"UK couple imprisoned in Iran lose appeal against 10-year sentence for spying","https://news.google.com/rss/articles/CBMipgFBVV95cUxNczV1akdHQWhxRFRGUlRZeGw2TXoxV292WkthNjdVNm5GY0xkRDFBaUwtdDBkbzZPR1dndFhySkZaUGcycnE2eGJPTGg2OHNPOUctZHhyUW4tV0VOOXJlRVUtT3JMcnZfV3RnZXlwM2prVnFKekpueEdpLWlhcHNlLU44Z1pxZ1BxaWtjM18wYzFWWl96UUxnTjVvQ09CVXFkY2s3OUtB?oc=5","Associated Press","Global","1780418220000"
"US isn’t offering upfront sanctions relief to reopen Hormuz, Rubio says","https://news.google.com/rss/articles/CBMikAFBVV95cUxQdjNZODQzRnRRRXljT0FCWWpZN09XRV9YaXFWRTZIT1ZYT2dlSUQzU3Rqb3VXSDFINFl6UFNrUk9wMmdkSDAySWZ4bUpaX3dHUVh4Skw3UzdqMHpzM2t4ZjEzQkVVdGwzSkpsUjRhc2JWV3JtUXN5X1ZTX0lqU2VhazRZNXdyajF6Q1liLV9GMUc?oc=5","Politico","US","1780418026000"
"Marco Rubio says Iran’s new supreme leader is ‘engaging’ with US talks","https://news.google.com/rss/articles/CBMisAFBVV95cUxPOXlkRWpfdUtURDVQdkFfejFXbERWVDFoTGJJMjAwelcxM2lsdzN0bmhYNXAxOGM4ZUdyWFF5eVd5VngyRFh0WmNHTkViMEZtUWY3TVJVZ3F0RkViYjMyRzI5aHVZOEV3cGJtT0FaMUZEY3VmMTJycXpRY3FkOTNyWHQyNXNQZUxTcHFaRmt0aEVERlE4N2E1UVFmYWxTNGItdU1pRXRLSFdXSTc3NVRfYQ?oc=5","The Independent","UK","1780417980000"
"Iran must agree to negotiate ‘severe’ nuclear limits and final talks could take months, Rubio says","https://news.google.com/rss/articles/CBMiggFBVV95cUxPczYtZmNOeDlTTTRQVUJhdUR2bzRPdmx5T2d4N3Y0NWJqMHlZUHpXSWpncjdsZDA0cDY0eVFfM0dXblN5NXNHUUJlNS1VbDhvVGg4U2QtQVotUHNCVDBGQ0xEdE5QYXppbkFpTVVOcFRLU25OdFlnMzhFS1pBWUhjLUJ3?oc=5","The National","Arab","1780417633000"
"Opinion | On Iran, Trust Experience Over Hope","https://news.google.com/rss/articles/CBMie0FVX3lxTFBXeXZFdjNxMmwxLXJfMEZUWjl0NGRyUEhmV1FDLWhsaG54T1dTVnpHd1hiYlktUWt0YS1lTTVmZU43TGExVnZHUmRndDhaWFpiRlB3Y2FIV1VHOEE4WlJlLXRDQWprTkM4TUtWUXNwTXdWaXgybWp6ZTl5RQ?oc=5","The Wall Street Journal","US","1780417320000"
"IRGC says Iran has more 'trump cards' up its sleeve as talks hang by a thread","https://news.google.com/rss/articles/CBMisAFBVV95cUxNZkx1NjlUX0V4RXVkMi13eEZFbDlNaW9rVHF2UVgtY2VINEJtSkFqMnlnOUJMXzZTeEM5Q3BkbzE1NWNGTE12cUVvRHUtdEFlXzFrcnl3LTdrbVZGbVdpUnRjTjBLeDFHaFJNRUVCbzdfZU1vLXRGVVc2VHRSQ0g0N3pfRVRLRFZDUDVRQ1lKS0dReXhpM0xMOGFKOW9DVnN3em5zLUpWZ3RuWmFOendOZg?oc=5","Euronews","Europe","1780417203000"
"Powerful Iran-backed Iraqi militia says it will start handing its weapons to the state","https://news.google.com/rss/articles/CBMi1gFBVV95cUxPUmNvUUlxQ0hmbHl0eWR5OHBnYW9ESlh2czZxMDNOUUhXQkR6WmZzVXlORV9NdUE2R192YU5ZTmZ5dS14OWt4SDJjSFpmeWJsUWkwM245MTEyS3Q5V1I2TU9BTDdPNkZkeExxdU9UUktWeF9pNnN6M1QyWHNRbEU0YkF1QWpKMEZCckQ2dWFWUUM1b1kwcnp3dmctNzRjX0RjOEJCQzRfMWpvcXR3SGZiaWt5MUVSZV9nSkd6VUpNckQxTlh3Mm11NVBNb1puNl9nVnNBeC1B?oc=5","The Washington Post","US","1780416678000"
"Rubio: US Has Not Offered Iran Sanctions Relief to Reopen Strait","https://news.google.com/rss/articles/CBMiowFBVV95cUxQUGxpMmJkRjhwT1lSc292S1A3bW9lR21iUTBNWVpFeDI1NHRyYS1kVi02cW95ZWZzOHhpWWFkLXBZNlZyNzBId1ZHM19Od3VtMXoxb19OWWkwcF80Y2YyWVpPWm5Ub18tRjRfd251NnRoLUdLMkJsTVg0aklhbkEzdVM5cXFyc0VBNDVRcWlDQ2tOaXV6TUN5VWo1RzVHdGtTNlVB?oc=5","Asharq Al-Awsat","Arab","1780416614000"
"Secretary Rubio outlines Iran's conditions to reopen Strait of Hormuz","https://news.google.com/rss/articles/CBMiVkFVX3lxTE1iV2xIUUxZSWY5STR6cGoycUp2TUp1Q0lncEZ0cjVsUXEzd2U4TE40Z1MxeWdQdWN5eWw1OG1lUlhHNXdYRC05M3QxTFBfZmRlVU5IS3Zn?oc=5","Fox News","US","1780416397000"
"Retired general says US policy must stick to its guns against Iran and Hezbollah","https://news.google.com/rss/articles/CBMiVkFVX3lxTFB6cHBTMUxpNktvOEhjOU5hMEk5bjBsVVlrTkhzVEFGWVJtbDhydkdHVVpyVlJlLWEyVHRGUXhrOTZqOGUzcWc1czRrTEtyakZXT2dmN21B?oc=5","Fox News","US","1780416102000"
"Rubio signals Iran nuclear talks amid escalating scrutiny on Capitol Hill over war","https://news.google.com/rss/articles/CBMitwFBVV95cUxOZ3ZxN183VXBhZ0lyRU5yNnJDbkwzaHRGMUY2WWhmcHhBMjJ3cmFmV0tzNnltNTRmRDBEYTZoMTZZcGpQOWtaNzhjM214ckw4Um9OeGZZOEJ5UmRBSExIVUdWSi1CenE4T2hEeVAyUHo0VUROUC11aE9salZXUWhmTzVjd1hDZm54UmliZjZQWEtBUnFnUFh5cVZJMUNmdFhDRFpMNEZyVXZWenQ4S1lFNWNkSnRTMGvSAU5BVV95cUxPcFEwSFdMNklkbjlYWDU3MUZTU2g1WFlsVmNMTmZYalMwcXRSdDV2Q0NzRVNLNlp0RHRsQ2p2OW1PTFFiSkEtWHczc0QtR2c?oc=5","Dawn","Pakistan","1780416096000"
"Rubio: Iran Now Willing To Discuss Previously Off-Limits Nuclear Issues","https://news.google.com/rss/articles/CBMivwFBVV95cUxQSnFpZUFqM0xfSGxnTWllSy00a19yRXJLWm9fQk9fLVA3ajZKZV9vdTI2dVlOVVpsRXVtMERKSXlISGtWT19SX3VYWGF4SDBXUFZlWjE4aldrZnpuVTBQOVNQU0RHWlQ5UXJaNHZULTI5X2MwbkFSb3A1NzdpWVdZc1V6bWxidXFpcWdGYWpnZkxWUGdJbjM4Rk9TaTA2TnduMTA3YnVVclNJVlpmdnAycTJ2N0QwcjR0aFNhMnpTNNIBxAFBVV95cUxOR2haTm5pdDNXV0t5N1FUbklFVU1GN3RGV1FjVi1iX1FweW52dDVLcUEwTGlGT0FMNUw5MHdWYWo1UEI5ZjZvZERQcjVVSE45UmxaR2JSSmJ6N01DTThfc21kbGU2b3dSRWk1SVhzanJXLURwUnhfcWFMdjl1S180eV8wY29BeVZSczY3T19BZkFJbVlWRlpNeERhOVRlclM4RzZYbmIwSndRdFdDM2JZc0p1TXFDOEZUTVVvWGJ4bTFSLTJN?oc=5","Al Arabiya","Arab","1780416051000"
"Iran Studying Deal to Halt War as Stalemate Persists","https://news.google.com/rss/articles/CBMikAFBVV95cUxQTE1OamJHS0JRNDl3TUViUVlTdFdQZ1hFMkNqeUQwNTFJQ0xjLTBjT29RbE10cHFVdHZNZ3RDczl3cXRwMDZsNEV6UVp1WnNTZEhxSnFYTFlXZXFjbm1kSUNoNTR0ME4xRHJ5ZTdSYmFmQXRBRW1xNGpzcXlIbG93MmZOaVB0TDZqY25wblF0R0g?oc=5","Asharq Al-Awsat","Arab","1780415887000"
"Powerful Iran-backed Iraqi militia says it will start handing its weapons to the state","https://news.google.com/rss/articles/CBMipgFBVV95cUxNMGJrbXo2N0toVlMxNzlOWFZ1NWNpbjdqV0pzaG1lQm56ZGpJeGxOZHVnUENGMHdEeHFia2tHNkJmcWI4SzByOGdJa2o0OE1ScVMyaHlFOFFsOGZlNVV5TWtxSnRlNTVoNklsb1NaVjViLVZPMkJMVHlmQ2pYTHFydnBVeE5sY2NXUjRuYTlEYWtPdUtiX29ZNlNqQnY1VUJ0YVE1OU13?oc=5","Associated Press","Global","1780415640000"
"Powerful Iran-backed Iraqi militia says it will start handing its weapons to the state","https://news.google.com/rss/articles/CBMijgFBVV95cUxObzVuUHk0aDFMaFNYb3doY1BGdWR2elZSQkQyMVp2SDUzdlVoMnNnUF94MmRHRmRnaUtkRk5nUVJlZ0FCNXRGX2FxUVg1eUE1WnRKcUpxdkFyYXpvS3ZsNUtnV0RvaDZCNTkxOVBuRjhkdWd1alBMc1lITDNpYkFHYktUUDZza2thRmtOMk5n?oc=5","The Independent","UK","1780415640000"
"Netanyahu Says Israel Will Help Make Iran ‘Terror Regime’ Disappear","https://news.google.com/rss/articles/CBMiwgFBVV95cUxOTkJYcWEwVXpMSmtEQ2pXelMwNm9vQ2FCRHplZXR1cW1CV09ibHhVQm5yQ2wxeTlkZndONGR1TXo5OUtVVlYwRWJxUFJNblBzTHp2clp6QWE2RVNoRzBGRWNHR3lONGs4N0NWdzR6VjBfdDZUNmx0VW4taVJNUmlEWlVSVkNsSmw4bGNyX2dlYjR1TWRBalRfZVdGZVozLUQ3Z0lpMWhWYm1lQXZ4eDF0RUs4M0t3RGlCSGVVT1pZOGVOQQ?oc=5","Asharq Al-Awsat","Arab","1780415333000"
"Dan Hoffman calls out Iran's 'nefarious' negotiation tactics","https://news.google.com/rss/articles/CBMiVkFVX3lxTE51RFFxWS1lMVZjQkQyNHhRdG1EY3pOY0FPU2xKRVFCRUg2S1ZOWXlDWEFiZzhRTHgwekd4N0pHci15Q2dQOVlYXzZ0UzY2eGhtUkw3TWxn?oc=5","Fox News","US","1780415189000"
"Iran Plans Three-Day Funeral for Late Supreme Leader","https://news.google.com/rss/articles/CBMikwFBVV95cUxOMDJ0ZU1pS182VmZqbnAzUXVqUWcydEtxcmFaVEg1RXRFNHdoZzVBS3IybjJaNDY5aVRxbUM5MjFFQi1YcWdsYmZVOGt5aTZpTU5raldNS2ZGM1AyZkwxV2xZZmtRNktBcDhzWUVPMFNCTDFoVmYxUVVURmF3LTNGR040RHJNYzFBU0s1UEo0MDdlWjA?oc=5","Asharq Al-Awsat","Arab","1780415170000"
"Iran plans vast three-day funeral ceremony for Ali Khamenei","https://news.google.com/rss/articles/CBMirAFBVV95cUxPSGVFR3R5SGFBeEd6andOVmFlRVRNZ2ZwM1ZYeUJfNWduZFpPang5Tl9fMnNNQ3BYbWhGSHJQNko2NVpSbG1FdU9sWElnTk5FMEkxVTZOS2dQV1hZVHJPM2JybGlZSVhqaXVUVVV4QjgyVkNmZFhwVTVaS25pQklfZWlXRkdvRWlIcTh4dmlxaXFXZ0ZqaXlvVklYdko5djdKRTdKTlM0ckJsQ0ZX?oc=5","The National","Arab","1780415100000"
"US-Iran Talks – is Iran in control?","https://news.google.com/rss/articles/CBMieEFVX3lxTE8zU1JYOGtJbzZZcXFNMzFwZXhwaFhuUzE5WEE2VFd1NlpYbVJpZk5KT0xZZi1JQkdDNnhGMkNWODlIeG5OYWRlOVp2UUVGVHpmcVMzOF9TNG5helBFNlQ0YXFCVEZYMWJ4RjlJbXdCUG5RSW9QalB1Ng?oc=5","DW","Europe","1780414398000"
"Beirut retreat: Credible Iranian deterrence ends US-Israeli impunity to escalate unchecked","https://news.google.com/rss/articles/CBMizwFBVV95cUxNWXRBTTFSLTJVNXBTWmRXRmR2d3NfOXU3QzR1WVRQbkhjdFduQ1pfRG5QNlRzcUFHYV9NSmhXQ0l4Um9RSzlyQmxYaWpVQzAyMU1NdmRTWWR0a2NEOXR3bnVMZV9uZlNjcjMyR1FvdzZLTXQzQUozOHg5UXN0cHFHWVR4d3FiX0FET3g0eWpUMUwwaVJOdGtBNGlkRk5PbkljVVlOR0hDWl9keHRBaTRWQmx3ZkRBdXVsSEp1SllpWG5LcHZ4ZEZBZEFDMVRMNHM?oc=5","Press TV","Iran","1780414260000"
"Iran Reveals 3-Day Funeral Plan for Ayatollah Khamenei, After Long Delay","https://news.google.com/rss/articles/CBMikgFBVV95cUxNaXQ3QXlFenBYZEZtRHg1ME1GWm5nWmZIbjQ4Tm95LUpDQzVIczBiaG5NTmNQdHdFOEgwWVZIdkwteUkwUm1RdHdZRi04VGZCdWVYNkJhcU4zTDVKVmNaVWFKcTE0ajF1LXdmZFhKRzBDLXhoZ3hGaWp3RExIQXVtSm42MXBUMkN6QVpzLWhOS3lYZw?oc=5","The New York Times","US","1780414195000"
"Rubio says US has not offered Iran sanctions relief just for reopening the Strait of Hormuz","https://news.google.com/rss/articles/CBMi0wFBVV95cUxPTFRhcjczellmMy1ZVG85R01OSVJxTDhqZ3dBMlh4NC1LX2FqNnVRSXl5YWEyRUctR0w2SXZVQklRcTBhYksxZnhWUmNON3RmSU1xTjVaOURPYl9yamZZVTlHczV3SHBDMG1abHdvbDZDbTk0V3FNb3NVLVpUUklsSG5aWEx5Qi14YkFvSkRjb3ExdDZwRHVPQzhyeTM4enhRT2s2dnp2MjRCalRrdzd2UkM0MGNuZ0NQdF9XbU1Rd0ZtY2pnWFZQWjNBOHpjSWJQTkhN?oc=5","The Times of Israel","Israel","1780414191000"
"UAE’s Strait of Hormuz Pipeline Bypass May Also Include Fuels","https://news.google.com/rss/articles/CBMisgFBVV95cUxNSmFET0JsQm5KTnQySVFVeEllQW1xcUJLRHZubmg5ZmJOdTN6NE5weldzVXBsTFVPVFdkdzBPdlIxYnhwWVdmNW1sRDgtdnNrRVNCWnlCVWFMUXNFSzBvWWo4X0VaRXljZjBsbGpBUjFxUGhLcUZrSXJJNzJHaVB0QWxBN1BsbTdfNGRzRFdGVExwTFR4b05oY0NWcmNOWGY4cnhzTlVPRHZ6SEJ2NTJzdUJ3?oc=5","Bloomberg","Global","1780413899000"
"British couple detained in Iran lose appeal against spying conviction","https://news.google.com/rss/articles/CBMivgFBVV95cUxOb3VKWF9BVGVkUlYwNUVscjlSRUhJYTN4cVNKM1ViNXFtNXNZY2NmQU8xZEMtdGF6VHprdjNLMUdoODFIcWxuSEpQS01wV2doZE04VG5rQTlwZ2c4YWpHOEFtR013RmZKeFBGM2VNajNobGszR0lJa3VhUjJZU0l5cHlKYVZ4am81aFhpSzNmOUpWbUJXcFpJaG1Wa0RFbEREejJZWUltY0oyZER3UGZ1NnJBaVlpbHZQbWVLUm93?oc=5","The National","Arab","1780413645000"
"Martyred Leader to be laid to rest in Mashhad after funeral processions in three cities","https://news.google.com/rss/articles/CBMiwAFBVV95cUxNSnRibkIzaFNYcWpXWDFySDZsX3JUNmJnVldjOXU0cDNqNEVISF9RYVZTM0RPV0hKalBzY2ZGY2ZjRUcxNUxySGJMRml5bkV1bnU1cGpKWFlBMklyNDlwN0t4bnc2N2VUTXJqelVlV18xUHZEMDUyWS1FWkR2ejVSSTh1WVlrRnIxYXRVZDduN05xMGdpNVRfV0hRaHJZMnNNRHZaaG02c3MtX2YyRmxPYWtrYk1QR0dHU0Z2X0NUQVY?oc=5","Press TV","Iran","1780413540000"
"France detains tanker linked to Iranian network accused of moving Russian oil","https://news.google.com/rss/articles/CBMiwAFBVV95cUxPdWZvWVpYTGR1VE45aG5CMjNlSlBmZTBWeVNiTjV6dy1sLTRuNnFCM1ZqUU5UNkV2X1lpbUpkVktPbnllRlhaVFNVb1BqMVZvblAzSmp3UmhZUGJXSWZkRktrTlRDS1JiZ1loMlNidnlMX3VfdV9VTGtaSHI0VFlESE5OMHZobkgzSk1TRjlNRzk2TnN2UTRHNGM3VDZuNERsSEdYUlc1WWNzQkkxZUJJM1Y0YUE2bFFjaVZvYXowRko?oc=5","Euronews","Europe","1780413463000"
"Iran war strengthening UAE-Israel ties: Israeli official","https://news.google.com/rss/articles/CBMikwFBVV95cUxPaWtiM0k5VlZ5di14UEtsemNyTGtuNGw0S05ja3g0STQ1YzUtVE9TeWFmeTlidlFOR1F0anR4aEc3d0VoSDYxTVp1XzkyNHc4blRzTzlPbHc1M1I0d0ZSWFVLakZpM1RxNERUMUVnN05DaWk2NU9XT0JTREZxRW5LMHpOcXV2b1ItSU5DTE9nOWNjMXc?oc=5","Dawn","Pakistan","1780413364000"
"US pushing Oman to break ties with Iran, sees neutrality as threat - report","https://news.google.com/rss/articles/CBMiXEFVX3lxTE9DX05aNHhpN1JZbTRZbDg4RVJGWHE5N1lrakk2a3VON3F3dVo1MXlJSk01MmtEY2FWeEdBQVItNjQtcWptWFZpQmx1VjI2NnhYQy02N1dPRFRtSFBF?oc=5","The Jerusalem Post","Israel","1780413142000"
"Trump pushes to keep Iran talks on track after heated Netanyahu call","https://news.google.com/rss/articles/CBMiVkFVX3lxTE1kakNHLTRoaVI4T2NKQU1tX0NGNFl3bTNpeGZya01IQzU2aEdVeWlqaWhJelJuVDdfM2lPUl9aUkd4ZVF3b0VrM0t6c2praFRLYm0zV0V3?oc=5","Fox News","US","1780413123000"
"Strait of Hormuz Traffic Remains Thin Amid Peace-Deal Uncertainty","https://news.google.com/rss/articles/CBMitAFBVV95cUxNUkFqTUl6eFh6TERuVUhoRkNxY2tmVlZ3ZG1Ob0NFbklYTDV5YS1NbkR0X2RZbHBiOFp5VUlWNTg2UkZGY21VQWFvWHZvV3d1Vjk1RDJvQjlTVXNfUE54S3d4SXByNmVQMVR3YmQxLTBVWThlNUpLdFItalVodVE2Y1F4cEhjMUlaaHowWGwwNUdZSmVQNURTVWpadUlHODd4YzU2WFNnczAzUDA3MVV1c3hycDc?oc=5","Bloomberg","Global","1780412958000"
"Pence warns US military may have to 'hit' Iran again to end conflict","https://news.google.com/rss/articles/CBMiVkFVX3lxTE9oZnE3QmNoczhjVGtVNWlkRk9MTDdSc0MyaERRVUlmR2JYSDgzS2RuMjY4QlJLaDF4S25jUi0xQ0JUMEFmNkx3VzJtZ1VVSnFRVkJsdWtR?oc=5","Fox News","US","1780412926000"
"US lawmakers grill Marco Rubio as Iran war enters fourth month","https://news.google.com/rss/articles/CBMiakFVX3lxTFBYYk5PY1JOQXVucEZtOTBYUVdUcVdDZGlweXFRZEU2MWNFXzFtbTNqYjg0OVEzcEluc0VGTWFaZGR0T2lreEZ6REdfNFdjem5ZN1BUV0FJcU5oeXRZRzF0M1JfU0F5LV9fUGc?oc=5","The Jerusalem Post","Israel","1780412879000"
"British couple Lindsay and Craig Foreman lose Iran jail sentence appeal, family says","https://news.google.com/rss/articles/CBMiWkFVX3lxTE1BaHp5Ulpyd0s3eTc5NmxoOW5ldkFfVWlVdjdtWWdSMDJDNzVpdW1EN2NDeDdwbkpYWjB1aUw5VXJWWEpibWRJa1ktNW5zTTNETHRiNGdpTVBOZw?oc=5","BBC","Global","1780412705000"
"Greek shipping tycoon Evangelos Marinakis ready to pay Strait of Hormuz transit fees","https://news.google.com/rss/articles/CBMicEFVX3lxTE5Zbng4WDczdGkydkROQlVfSmdpZ3NSLUlVSVhkeUJFNDVZSzYzUjN5N1d3SC1iUDJhZE1mM0w1SE9CQVNDeU13WnNHLUVEaDhoUHZqb3FTcTcwZ2JIREl0MG8tZ0RoYmFZZTVmUFFsNk4?oc=5","Financial Times","Global","1780412558000"
"Senior Israeli official says Iran war strengthening ties with UAE","https://news.google.com/rss/articles/CBMisAFBVV95cUxOU3NYZmhMam5RN2Fod2huZlV1eGpwMFZFWGVGUWczY1RvTF9qdVItTGxZRmZMWVFQLUFPajRGRnBsMVc5RllTNzhOVjFteXBDQXVtdmhxQmhWMDB2YzFVa01Ecmw0MllJdXpnR0VrVXUtcTQwZEFYRnZkbkh2X1FaNGtEYmFzd2ZYT0JObUZjcjFzZnk1dFlkNVMwQUdEbXk3ZDBRa3RabFVYTVZ2cGN3VA?oc=5","The Times of Israel","Israel","1780412435000"
"The Latest: Rubio testifies before Congress for the first time since the start of the Iran war","https://news.google.com/rss/articles/CBMi2wFBVV95cUxNUnNyNXpRakxtMEcyWnRqNzNMR243R3N0dG1ia3Bldy1MTzVmSVFWcVViVXhXWXFYTnhsQlVEYS1Bb011MWwzd2VZeFhxRDJ0b0FsMGU3WUpaR0R2VVk1LVN1dlJhNmJFWlBadHNYUktmbWlaVTFob3g4c1NiRGY0Z3JGc0lBMG4zLTl0ckhsTE8tVUdXRW55c191dl9waF8tVEFZUVoyZTREajEydUNCaW43cUNfcnVvNFJPYTJpY2YxY0FUNllsdmc1WjU2ZVcxYV9GSkVrazFNSWc?oc=5","The Washington Post","US","1780412394000"
"US job openings climbed to 7.6 million in April despite economic fallout from the Iran war","https://news.google.com/rss/articles/CBMi3gFBVV95cUxPQzR0V1lfdWVoRVlfVVhvdUxfakhxcV9wbTVXbGpjcmdzcGhiNWFOTEdOTC1fT0s1ZEhPNDZCOE9tcXZsUDZyWTZ3M0V0OW5rT3pjNHBiNE1mZjBrVTRDODR0b0swQUVfMk5EeWE1LUVzNDlLT015eTg0enZiNUV6VVFwMTNYRE9odHdOVExHbVphLVY3SlFJNUo5eHZZTXdlRlFjcmUxNDZWS3hZZnEycUctQk1pNFFCRDBzTXZObS1pU1dwYlZFWGl5cHMydWhuS1dZV0FGYl85cWdGQ1E?oc=5","The Washington Post","US","1780412393000"
"Iran stops talking to mediators over Israel fighting Hezbollah in Lebanon, Iranian reports say","https://news.google.com/rss/articles/CBMiyAFBVV95cUxQdGJuSnRBZWRSTkNKSm5GT3ZyY2VxNWxoYnVkWDhRYjhOZkwtUTBaU0JJWk1ISjBhSmlIUXhKMVdBb2QySXlmR1JlOHM2cnBrMHVNNHZPS2dvNmFrRm5UQnNsdGJ4aWVySEZPRGdXZTB0OGwwUWNLZG5MOXp4YnlrV2MzNEpucW1ROXdIbXItRlRlNzNDRW1RM19wUlpmOUJaZzgwM1VUd3ItTFdrU2JIaFN4WEk3dmFlTlRZRnRTUHZKdW9ZdkhtZg?oc=5","The Washington Post","US","1780412393000"
"Rubio says Iran willing to discuss topics it previously would not, as Iran claims to have halted contact with mediators","https://news.google.com/rss/articles/CBMi9wFBVV95cUxObHNudDhneFJTVXpwM0NWQllZTThUdkt3dkNRdDZJdUJ6TkdyMDhiVjlpd3FOT0RsMHRFYmZwcHctSUZHOXlxNWRTUVNOTXk5Q0pOQjF0U2VxX0NLNkxpQUN0Y3d0VVllZ0ZpdlZDZlU2WlAxQkI3WEE3YUVLdlVtMldfdEZackFucjI4dVpuTG1KT19YZjV0Q1BBWHpZZHJFOThJT2t6S3dzbFVUdF8wMWlRLWlRRTUzT3Q4U2lLakphMl8wQ2ROYXJIam9SUW1NX1dlX1lsRGQyVFZQTzBLa0xhWFh1OHFJY1ljd0lUMDlLTk5tbE9z?oc=5","The Times of Israel","Israel","1780412091000"
"Rubio to Testify Before Senate, Arguing for Budget Amid Iran War and Pressure on Cuba","https://news.google.com/rss/articles/CBMikAFBVV95cUxNMXg0a1JiQTY5b3h3WmhFcTRGaWZYV1VFeFFTbGRaZWtWUUlqQjF5SWpzTi1HakctdkNONjNOZXQ5WUpsRWhEdjRINl95UkNsWlk1akd0TlpEOGFkZkh6c2FHV0xHVXlBUU9sQkNfWXRWT1ZwbDRsdlh2U2dpeWFncjVwWVBoWnV5ZnFyUVdFeUs?oc=5","The New York Times","US","1780411899000"
"Iran willing to discuss aspects of nuclear programme they refused to mention: Rubio","https://news.google.com/rss/articles/CBMitwFBVV95cUxPNC05blJSMkZGcHkzekNnTzNFbzhaWmlUZHRCN0RWb19rRnJtOU1mQ0JUd2tjeW1rTjZSREFiMGl5VzhRZnlnTEFNTzRoLUVBVEZwX0dZZUtDRF84RTBxRGF5Z2RtOWk3T3ZobGxVMjd3RS0xNnpjYko3SzNraXhGM2ZTd2p6MDlPZ3dBUExKQTFPSkozaVpCUjdiLTdxZ09NZkhwR1BGWFE0c0h5MklJV3YyUDVpOVU?oc=5","Dawn","Pakistan","1780411565000"
"Iran plans 3-day funeral for slain supreme leader Ali Khamenei, possibly in mid-June","https://news.google.com/rss/articles/CBMiyAFBVV95cUxNdmdNRERaZzNjM054T2RYNUduZHFDOVNKV1NkX0JfNVhxVmdDdC04bFRuUVhDRjl0ei1xT0FtS0htWkttSF9vZjJIX2xSNHVhSVpqY0VERnhCSmRtM0VIRmpZcWI1WDRmb0tUaE1tY1JYX2x6MUpnSFhWb3RVWkpCeFZZbkI1Y2c0dlJxclNIS19kVlVPX1YwTWdWdGVFRXhpenFDRDJEQkc4a1BWbWc0TzlZTENlNXIzRldpS3dIcC1uX1RUWTV5TA?oc=5","The Times of Israel","Israel","1780411491000"
"British couple imprisoned in Iran receive verdict on spying charges appeal","https://news.google.com/rss/articles/CBMinwFBVV95cUxPTzhPNmctc1FHNUlxTGMzSWs3eHAtYjRheEVxZXo1bTdGTDVtU2s5UTRrQlZnck1fZ3dsRnNIUHRTMUx3YUZUdkdFbTNsME9mbm9kWXFzTFZXaktnb2RNdlJRVWl5anNELVljV2ctcnQxS0FjZkM0NkVWVDB6S3hubGxjWEREbGhpQlBOUHMxUUhPdVFIZEJuaFlJT3Q4ZHM?oc=5","The Independent","UK","1780411440000"
"British couple jailed for ‘spying on Iran’ lose appeal","https://news.google.com/rss/articles/CBMingFBVV95cUxPVmR0LTNVcTdyZHZ5RzdZSElId2RwQmZTX19Qb2FKV21HenBFa29Mb3BEY2lHQkhaZm1nbWtNcWdiYW5CMl9tODB6eHE3bFVuV1c5cTA5Q3pVTGZzaTdWb2I0LVZUUG5RQXlXQjExM0U5TnJqN045d25rOUNmTi1KZmdSenBiODN6ZkFPME00TWtEMU9nMzZhY0JVWVV5UQ?oc=5","The Telegraph","UK","1780411320000"
"Iran plans three-day funeral for assassinated supreme leader","https://news.google.com/rss/articles/CBMimgFBVV95cUxNYnlJUGxmQloySFFWSl9IYVVXczVNeHZMbEpaUmZkUjlHUHowdmQ5alE5aE45ZC1HWWVlNW1JcGcyNHpxWjFKekRiLXpvRWxrZmhxRHJROGw3WDZ4NU90LUxpQmhRMWpYcDJuamx5WHQwSEhLV2dvSmU4M2JUMTJhdEU5MzB0Y09pT01tTEJOUmZyZGxIZkVXTXVn?oc=5","Dawn","Pakistan","1780411265000"
"Pulte Named Acting DNI, Lebanon Threatens Iran Deal, More","https://news.google.com/rss/articles/CBMipgFBVV95cUxNVExRVTJqVGtDTXN5Rm1nc09iVW5xQmNxX1p5UDRDLUpmMXlMY191cGd6U3ZVMHVESWNudGxGZkF5anlqRG5mUXQ2bTNqaUo3OGQtMy12NWdvVW1JY2VoTmNhbnU1cDZtQ3hYV3JRR0F1VVo5NEhVRGZlUHY5YkRZU3RrZG9mbTlRRkxoN19zMVhDOEt1VDBEVmlzYTVTQkE5eFBhalN3?oc=5","Bloomberg","Global","1780411193000"
"US' Rubio says Iran's conventional shield 'substantially eroded'","https://news.google.com/rss/articles/CBMimgFBVV95cUxORlJ5UkFULXhhcVZDV2N1UmhYVkhLNlQwdXBRT25ndE1LTkFtOUctN1lteTcxeUpubDZjQ3c4YXBxb3Q5REtNZEhPU09IU29KY0o3UDBaVTBTWk1HYlZYeGY0SS1sNUN2bnhGQ01hNlpqS3Q4ODRkZXlubDd3SkR5TmgtZ0NNQjNpdHB5eEdTUjhqTjYxZFhtMzJB0gFOQVVfeXFMTzZpaFZQcks1UmdnSUxJUzhCeXJWcGl2cUtTX3JLNnllanIyY0xfMVcza3owNFMzOXJyMHBTZnc5OXR2Z2doUWxaSVp4bUdB?oc=5","Dawn","Pakistan","1780411189000"
"Mark Dubowitz discusses Trump's demands to Iran amid escalating tensions","https://news.google.com/rss/articles/CBMiVkFVX3lxTE5uVG80Q1RZYnBfOC1qRldOTzZQM25GT0ZzcTV5U01OWVJaN2JBUWxBVWZoWXlmOUVDM1dBX1M2ak5id0FqNHU3RWFLRnE4MGZ3R1Utb2Zn?oc=5","Fox News","US","1780410657000"
"Iran has not revealed all its ‘winning cards’ yet, senior official says","https://news.google.com/rss/articles/CBMipAFBVV95cUxOTTk4M1JWUVJsWmJxUWRqX1Q4QkdQSWdTT09fTVlpaVdOVlZhazZTX3hURXhNVVl3UzVFdXJhaGphTzU0LW1QT3VSYmhCbWxDS3FnM2tJb2xBZ3I2SV9zSVhiSG5qVmRRNlE5TVRBQUZxcUVqU185dnBDNHNlV2dFMWFpZ251Z28tTTBYUFU4Mk03Tjd5WFNmcHRZVXZqQ3M3Ui03ZQ?oc=5","Dawn","Pakistan","1780410543000"
"Mark Dubowitz breaks down Trump's Iran demands as deal approaches","https://news.google.com/rss/articles/CBMiVkFVX3lxTE9JWF9abnZmNjhPcVpDdmxWSXZ2Q3N0T3JrOWRnX0RuUDZtWFVTbHBiQ2R5YmhQdTZ0MzJuNGRzN25obFYxRWNGRnI3MllJcThaQUVEUlVn?oc=5","Fox News","US","1780410534000"
"Roman Gofman becomes new Mossad chief; at ceremony, Netanyahu says Israel will 'help' Iranian regime fall","https://news.google.com/rss/articles/CBMi2AFBVV95cUxOdFdKeDk5QlJ2NWRRTEl0TEFzaTlzcEtNc0QwVFlqSVRscEs0bDA0S2FmaWdNT09PR3cwSkxycVZ1Vk1DeTFwal9rcTNfUnVjcVB3VVN2VVNHTUhQSGVVTUlQREtDZmtRODdvMzVzSGxaSFBaeGtyVFZYdXBjVUxueFh1V2kyTmdFUU9XbGlNT1gwNVptcDVDYjAyZjBSdXF2WWc5cEx0VmtXTG1weHdiZDdmOGM5VzRUeEl4UnMwRWVtS2tDam9pNDdhd2t4Y1Q5TUVOVEJkZWs?oc=5","The Times of Israel","Israel","1780410286000"
"Marco Rubio testifies before Congress for first time since start of Iran war","https://news.google.com/rss/articles/CBMimwFBVV95cUxNZ0xVZnF1Q3lvMjFDZnVyRFhQc1dHdHRwcUNCcVdmY1pUZWNmYmtQR1hZWnBZUGZFZF9uX2JaS28tWUNHekJwMjNob3oyRHZURDNnaG9iUG1MemRUUjRqcjlTalhHeXBYSWc5VjZzNmIxbkpoZlJPRFhpOEhkOUd3eFdobjdMZHhpWTZaODB6QmNQQVNIR0hFeEVEZw?oc=5","The Independent","UK","1780409880000"
"Urgent: Three-day public funeral planned for Iran's late supreme leader","https://news.google.com/rss/articles/CBMifEFVX3lxTFBQZDdlXzBFRG9pLVc2TkRrMEtscUk2X3ZvR2s4V285VGlPZzVsUUtPMU5ReXhuR2JyV25nWTF2bkV0bU9YeDRlX1pBVnkyd2JiNk9RaXFvUWpYTWl1S2lvNC1lXzV4UklSN3VXZzJnTmxZdmdZeklVTWRoc00?oc=5","Xinhua","China","1780409820000"
"Trump admin live updates: Marco Rubio testifies in Congress as Iran war rages, Cuba pressure ramps up","https://news.google.com/rss/articles/CBMiuAFBVV95cUxORHVaLXQxSE1WUDFxWEQ2Y1M3TTN2ODJfOTFobEtkeVhHMllKZkl3eXNzX3ZzaXhEUUNhT2M5N3YtRjIyN0dWOThwNTlTbjI2UlJBR1VaaGdtdlcySGpjeU5DZ1A2TGlOWFFNVEZLYV9FdUJBek5nZE9MOVRxU3FnSFcxRy00cVhnNHlCaXRzRS1yQm5wV29wbHhZMjg4ckdmajgtd2JOdmtWV3kxV2dDNV9BN083OGVz?oc=5","New York Post","US","1780409700000"
"Gregg Carlstrom on Lebanon, Gaza and the Iran cease-fire that feels like war","https://news.google.com/rss/articles/CBMilgJBVV95cUxOX3dhdC1vZ0lpeWZmZzFMM0pSbHBTVmsyZFYzUVZJWmJMZm5Pd1F3MkJDSDNteEpxOFJueU9YOWNYRWM5bmphS0UtZE0wU2R0dy1GVGZJOVp1eVktLU5QQVkwa0hnM29KaWlQMGJfYS1PTHctQXRGLVFza0VhVkYwd3FSdmppRlVMZkZFblVjbGFORWc4eEp3SmhsZXp2RGwtNzZ5cnl4d2dLdFRYRlBNU0ZIeFgzSWN5RmxjMm1ZTXprOUJHcmtDZWd0dV81RWJVdUNLcHdKVHlyMFdhMS1DT1JsR2g4YnFxRzIyaFc0aFhWSWhPV0Z4N0gyd1Q1bm8zQ2U2NFlzNjRyZ1U0bGhRLXNfcGRWZw?oc=5","Haaretz","Israel","1780409580000"
"Britons held in Iran lose appeal against 10-year prison term, family says","https://news.google.com/rss/articles/CBMiU0FVX3lxTE40VkxCYno2T2g4RUlNLVNXdjItdUhFbTA3UDYxWkdrRUdHbjNKQnZTd1ljOE1oV1dRSjVzeDd6bDB3UnhTUS1tMUJkTzRYZmhKdjVr?oc=5","Arab News","Arab","1780409575000"
"US job openings climbed to 7.6 million in April despite economic fallout from the Iran war","https://news.google.com/rss/articles/CBMiqgFBVV95cUxNZWxHT0J4azZLSzljT3l4QWN5dk5sSGNqbmZ0cVhHY1NXRllFVkFlNElaSHNCV0xxRE9ST3hVYV80cVJuYW5JcENxOVhzd1JLRHg1a1hZOVpseVoxUUppdjg1dE5Qb3NBekltRS1PbmxMS3VzYmR1SFpnTjVWcnZfdXByd3hOT2FEdEZ6NE42UUxZVHlORGFJbXpTeHU0emNRWW1aRXlGaHM4Zw?oc=5","Associated Press","Global","1780409400000"
"US job openings climbed to 7.6 million in April despite economic fallout from the Iran war","https://news.google.com/rss/articles/CBMiowFBVV95cUxQODYzd3I3N1BUN3RvNmM4enJockRXSV9iQVcybTVOWTVGYm84RVE4MHdrbU5ZOHJlbHhaa0w2TUU5d2NaY0VDREZnbVAzN3FEaDAteG84b192Tzk3UUJUaHpEcGJvTlY0SXBROGpLWVRQNG51WlVHbTRPOWVqZWZJMlgxNFZJRXZKcjNqd09McXRkYlNfVFRtSnp2WGtoa0pJM1NB?oc=5","The Independent","UK","1780409400000"
"Urgent: Iran, U.S. suspend message exchanges on potential MoU: Iranian media","https://news.google.com/rss/articles/CBMifEFVX3lxTE1QNnMwTnByYzhyUGpfVnZKYVlyQ2NuUzZySEJOOVdoZnU3TU9XekhSV19UQ0E0ZDZVaWR4QzhzV3ZJbVdJQklTdWJiU1BxUG90NkxWZFBHQjh2RVVkWUhBNnZCT2JEUUpyUlRpWlhBc2dPYXFZenNKYm9lS1g?oc=5","Xinhua","China","1780409250000"
"Benjamin Netanyahu to Gofman: 'You will remove Iran's regime from the world'","https://news.google.com/rss/articles/CBMibkFVX3lxTFBYeEV2dmdsWGhNTUF4UUVqUkFQUzE2SEZ0eXhMUzMwLWFabUt4b3luZGJSNjNFLWJvQm0tT1RPOG1hamRDM0JzSnl4Z21WSFhVSkMxNllxcUdURHF6dmtTT3lPZVFnY21Tdk1uUzhn?oc=5","The Jerusalem Post","Israel","1780409192000"
"Trump might intervene in Cuba because of the Iran war – not despite it","https://news.google.com/rss/articles/CBMitgFBVV95cUxOelkzaUM5MDhOeml5M0dZcW40TXRsVGU5UE80dlVPMjgzcHZrbHQ2dUVZLWJWei0xY1BMaWFmYW0zbnQyc3o5YUg3LW9nWFV1U01kNEwwUW5sME8zeGtfbU9teGg5NE96SDJyS1RueTc4el9BTW42YnlQN0RVUzEzNUJmeFNrYUFiQ0hibVo1UDl6M2pDTlRVa3JMU0RTLTNnNlVJdHhVR2RFaEtlRENHa2c0SVNzZw?oc=5","The National","Arab","1780409036000"
"Britons held in Iran lose appeal against 10-year prison term, family says","https://news.google.com/rss/articles/CBMiXkFVX3lxTE1OSjFHUk90NWFKNmo3cVhySXYyZjR5S2hOXzFFd3FXWE1hdFBERDBVa2F1TkJvVFFTa1k1cko2VW1ndjJ4S2pCM1BjWU56ak9Bc2E4cTg4NWhvbXFacmc?oc=5","Arab News","Arab","1780408707000"
"Israel rates may fall faster if Iran ceasefire lowers inflation, cenbank chief says","https://news.google.com/rss/articles/CBMiywFBVV95cUxPZ0Rzd1VrOU9KYkZTb0swWGlKRVFoOGlIWF9MWFdIZ2RnTk11QmxZNDN0ZlV0MV9IT0plcFVSeGJ6NjlsYzloRVFWUTFJU0dLQXA4cTRhMUpnZW81WGp4R09TY3VINkNoTF8zUlhCSzduM1o1QmRpYU9BbWJ0VE5LWTloTzgxU1QwRmUtalVEOUo0bldFWThjUmRGNGFzZHE2M1hNN1Q1dVMyX1NWcFNTd3hSUzkwcW9XNVlFWlBzUnB0OGxUMmdwM0JSbw?oc=5","Reuters","Global","1780408578000"
"Netanyahu says Israel will help make Iran 'terror regime' disappear","https://news.google.com/rss/articles/CBMibkFVX3lxTE5semk1c016M0JoQzUwZTd1ak1xbXdaY2o2TzZRZlY0YTI0Vll4b1BiNmJJakZFV3lnYjQzN2owRnBSTl9YTkpaZElrRW5fVS1UNkZ1aXNhSmR3cmoxdVJCcGlxNE8zOExUT0lYTHZ3?oc=5","CGTN","China","1780408578000"
"British couple jailed in Iran on espionage charges lose appeal, family says","https://news.google.com/rss/articles/CBMiuAFBVV95cUxQd0tYdF91ZjVDazk4Z1doT055Mk5hVmtpS0J3Z2RNbU9IdEhaN0JrRHkyZ3p0ZEFlQVBzYjdPaWZOaDRHRjhCWUhiWTFaelBPWkF3aC1qcW1lY28xNERKZzU2U3lYOG0wMW1rb2hQRy11amp5ZFI1NEVtWnAwOEU4NFlEd2JGRUxuTm9hMnFDbVZhVjY2eHlvZkVSUlI0Wm1Tal9DYXNldGRfdFlzM3NvTDlNWXBVT2M0?oc=5","The Independent","UK","1780408500000"
"Exchange of messages for an Iran-US deal stopped a few days ago, Iranian outlet says","https://news.google.com/rss/articles/CBMiyAFBVV95cUxPcEh2UWlubTNPTFpnNkxiZ3VXd2NUVGhrTTI4b2d2MVg1TEVrckpQRUdXYUtQSnI5aHowUlZGc251b0pRdEMzOEtoeU5JU3hYb0FsYWVVU05VdTZFNFBTMGo2dmxfWDNaQkNXdlFMbW01dXhMZ3J5VTMyTFFZSFJzRzhrR3JTNFAzZTJiZjVlWmRLdDhsMjJUcG1mbGhkRTVVRGlqVFhudi1ySUgxR0J6Y3g2cmpKRy01MTBqUXlTeEpHTUtnZ0ZLVw?oc=5","The Times of Israel","Israel","1780408186000"
"Iran says it fired missile at ship linked to US, Israel","https://news.google.com/rss/articles/CBMisAFBVV95cUxQLWhrSDFTSEVqRDdPUVdRckhSVm9wWWxUM3I0LXpJRmNPelNQSHBaSmtwZGNiWDNGR3l0S09yRlhqOXI0Smh4dU90MEMyQTJ5V2lXMHFnWkZjVkJVcVBqRjRTWU1IaXFIVkRTVnhQcE00ZnVrUGxBTmZhRUhaSkJYZEtWeVVFa3VZUERkQXhKLXZLWU9iSzJQRG54RDFDMVpnSkZxTGE5Z1pzbUxBVGFiWg?oc=5","CGTN","China","1780407769000"
"In phone call with Dar, Kuwait FM lauds Pakistan's mediatory role in US-Iran negotiations","https://news.google.com/rss/articles/CBMivgFBVV95cUxONkdFYlJMclVJVDVnX1E1amkwdjY2SS1fQnV2cGVWM2ZOcko4ZlYyS0hXeGlUUE50YUc1ejZManBVMGM2al9MSDFvLUt1aGx6SWg1c0ZjU0RGWEx1VmtDaTQ5cjZpSkE3QnZaNXMyVmc2VFVvVk5oN0ZIVGxHUldqbkF3eDZQeEpMUVM3Z2pYMGN1ckkwSl9sZ0d0aTNLUS1OQzlCVS1ySXNQMkJoZkstVk9BTmhfVEVtbTB5RUtB?oc=5","Dawn","Pakistan","1780407749000"
"Stocks Stall, Traders Weigh Iran Prospects, Pulte Acting DNI, More","https://news.google.com/rss/articles/CBMiqgFBVV95cUxQYVBMQnJBQlpxbmRkVEp4cXhfUXJlTWRMb1JadEN0c2Q1RUdoSV9fZGdlVlFUU2tCSnJzOVpsbFhET0x4ejFBXzc4a3FkR3RTdHhMbmM1U3ZLVVBjLWVFRm4ySGtsbnJzSFpObTJrb1o3c2ZrRHJXcVpQUWZwbVVyMUZha0ktTmZkUHotdkZ5cnIxMVhqeVJ3dFNuZWxrYnJqMkNlb3RKcTh3QQ?oc=5","Bloomberg","Global","1780407621000"
"Trump uses the exact same post for the third time to rip Democrats over Iran war","https://news.google.com/rss/articles/CBMirgFBVV95cUxPdFZKblotNEZkb0FtYVB0X3ZKSUZUQUJxSWRmNzY3V21zcWkwOUwwVkpibUJuS082Y1R3LU9CbkliVnNjM0NfdXQtRTd1UGZZWFI5OHpfc2cta1VlTWc5TE1iQU9aY2JxTkh1Z2phUk4wRXNzQ1k2ZzN5eVFGVjJ2elRqSklzSUt6TW5lYXlReEc5RmVRMkZOMTAxN3lwUGR2N2Q4YVBKaGpVX3ltd0E?oc=5","The Independent","UK","1780407600000"
"Oil drops as Iran reviews proposed US agreement","https://news.google.com/rss/articles/CBMiiAFBVV95cUxPU28xR3Viem1UY0pvN1N3cldZblVaUUYzRDE1cURKVk1xdmV2alRHcGxsTUVSbVpENGJCemZ0QmZGektnLVdxXzg0NWNQMFdSNFJfeE9MaG0wajJvOWpNNExDdENtUzU0RXdXODd0WU5jN0Y2TU52dUl3OWZ5UmxmQUNoLUlHNUU5?oc=5","Dawn","Pakistan","1780407543000"
"Adnoc plans new UAE pipeline to bypass Strait of Hormuz","https://news.google.com/rss/articles/CBMicEFVX3lxTE9zb20wVjNVclBxWmQ0NnRMWVNkX3dNRkJSNDRhNXR6VVVGY2I0SjBxNHh2UHd2SWVkbW5PVVY4TWJSaHVMd2ptN2w4UmR4UEVCeDZhUW1GWDVlNS1SWHR3dHkxZ2pPUnNuQzM0LUdVaEI?oc=5","Financial Times","Global","1780407055000"
"Adnoc plans new UAE pipeline to bypass Strait of Hormuz","https://news.google.com/rss/articles/CBMihAFBVV95cUxNcThvVmEweHhlSDFTVnNtOWpCcHN3aXZTRUladzhub1JQOU9QY0p0REE0dG5mdlhnOE5nRnRwOEF3YzlaaHk2aVR2b1pucS1IdnAtLVhtSW92OFF1VHFYZlUzNEZrX1F2czhXbkFROEE5NnVSTWYzTkN6YjIyYmFDY1BvLVA?oc=5","Financial Times","Global","1780407055000"
"British couple in Iran lose appeal against 10-year prison term, family says","https://news.google.com/rss/articles/CBMitwFBVV95cUxOQ253SE9MNE5OWEVXMW8wQmlzUUVPRDJwODI4ZlhDaWR2VVZWQ2Y3enFiM2FETWJrbnRJY0VrWFNFaWRyRkRDaW5uMlRXeFQ2Ry1aQk9EekYzc2NOMHBMclk3Y3dqZ3o1TTlOWkpCLVUzRE9GYXloUHhyMEZHQ2p3VndUSzY3MXo4eUVTZFliMzhSNXNGSTdzbi1FWEQzNjFtUlFOSWZZaFRJMFZDRXc5Y1M4MjZKMkk?oc=5","Reuters","Global","1780406854000"
"Trump reveals new details on Iran deal timeline, announces Israel-Hezbollah ceasefire","https://news.google.com/rss/articles/CBMiVkFVX3lxTE1FUldZMUJHNjBlMXlyWGJ3QjN6bWFsWnNESHZpNjJIY3BDYnVhajdGa1BNZ05aWW83Y25WQjhlOFc1ckdpRFZoMnNzeEVzcVF1ZTZsbFh3?oc=5","Fox News","US","1780406841000"
"Iran studying deal to halt war with US as stalemate persists","https://news.google.com/rss/articles/CBMiugFBVV95cUxOXzJ6Ykl4c0FqVjljU2YxSk9pWGhYZl9TZDFPREZuVGJhYlIwVVpzN0hHZUNsQTc2aUUtZGNQeFpKVmVQOWhQWXUxSkZ5NVdfNkhaRzFTWkxIVmlmT2V0cXBIYjRGUmN6a3RnZVBYNm05bm15MHpadW1pV015cEFuNjB6aFk4US1fejVSOExhSlhDTmpEUVl1YWlGRjNqSTE4UGZRNHFzejFES1FueFlJTHMxSEdsZFZTV2fSAb8BQVVfeXFMTXJhbFVtcU52RUpiRXBrOWVGVkozR0M3RlBFSU85b0VRczFuSjItNFNnZWQtNTFXUlotOTRZTS1td1JYY3V2V1otSkVvLW5qX200MWluSHFBOXBVbk1vTXdBcVpNZWtjOFh3cnYzNWgyMVdhQzJwRVZ6SWMtUG5jb2RrWVBRM1JReGEtNUsxRVctaEZ3Z05VOUllbU5HNjl1ZjNia1BvQTVlLWNKbmxnNWFHa1hhUGtJWjlzUFUwMm8?oc=5","Al Arabiya","Arab","1780406100000"
"Oil Moves Lower Awaiting Clarity on U.S.-Iran Talks","https://news.google.com/rss/articles/CBMivAFBVV95cUxPd0tkNjliS1NHYWFRVXpzcE5WNmhTX0FpTVRXVlUtZzBublR2NEJLbkNHOXhVcDZ1UEswdHdqZFFWQjVzc3JCb1l1dDVWQ20zYkFYRTJaMUhCQ0RkMnFFNS11bXdvR1kxSndXX09IYm82UHRxVWJ6MXp0Ym10YkVFLUVFVFBLanZmMEdLQjNyWE1EVFRPa2xjV1lZX3I4ZERLZEVkbGVCeWxoMnB3VHgyYVZ4TnFXMEhTa2JCNA?oc=5","The Wall Street Journal","US","1780406100000"
"Oil product shipments exit Hormuz; LNG tanker loads at UAE","https://news.google.com/rss/articles/CBMilgFBVV95cUxNX3UtS1RKTnJpekN4Ukg0QWItM3A2Y1c4aUR0R3haUlR6UGUxcUgzM0NqREs5NDI5Sk9id3NndnMwVWtxc0RSNDBtYWRQdENKWnJIaXhYUVpFeDB5b1A5UVFyZXlYa3V5LURRMVY5a1lJLXQ1VEE0VTZKU1gzZkYybllYVFZCVVJEdGdNR2NoYjBoT0ZiQWc?oc=5","Dawn","Pakistan","1780405985000"
"South Africa's fiscal targets on track despite Iran war, Treasury says","https://news.google.com/rss/articles/CBMitAFBVV95cUxPdmFMNlF6b3hQTTUwVXBQQW1LNHJzdXZuZGxCWi1vVF8wMUZ4N3lheERDZWxPSXVjTGxMazd2SXRwQktsVWNHeUdkckdvVTJoNURWajVaUzhOU2p2eHFSdHg5MDhkT29YSzlqa2NMQjRDTEJJZkRYcGhtX2xrMVFYSWhVOTRqa185cTFjQzFPSlFfVC04R3VENmlqdHRncnIwRXF1ZmhlRGxCa2Q4TlpZSTVJWlI?oc=5","Reuters","Global","1780405846000"
"IRGC Navy: 24 vessels passed through Strait of Hormuz under its coordination","https://news.google.com/rss/articles/CBMiygFBVV95cUxOdnpxLWwxUWF0eWgxVmhfYUlpbExQY3BZcW5WMXZjUlQ5RXYwWjhHWW5DTXViaFBhQ2ZmNWg2d1d2ckIyUWkwbEx1cFdIdzhIeG9udEdXV05oMlVTQU5DMWlhSzFOS3dVLTJ2NkI3WTJjajJIZndJMkVWSEg3TXpYSEFKbFJ6SkdFaGFDVFZ5V05BUVBCcnB1aGREX28wVW1zVGtvTVBid2l2d0UzV3RvQUtxWHg5VHd5X0kxVEF0SDVpNlE3QjFKQnNB?oc=5","Press TV","Iran","1780405800000"
"Qatar’s FM On US Visit Over Iran war","https://news.google.com/rss/articles/CBMikwFBVV95cUxQdmU5d1NkakxMWmN2ZE9kQjVRbkUydEx3OHplbTU1OEZCX1dOLUxicUxQQkhzMS1XVmtrMi1NM1RxUGpxOEp1VzhoY3J6bVpfWUhLUnlEbWdLcmlLa1BwWDZRX0l0ekJxV1BhLXA3VzRfTGZRaG1XTVYxQ3JYNU5MT21hMDZYS2tmallJaXJkYnZvUkHSAZgBQVVfeXFMTklRNDVXVkYtbTVjNm9vSENSdTdhX1FEWEItWG9jY0V6bmt3MWl5TnE0emVYT3UtTGVGMFJQOE9Mck5qOUNYWXlWSHBfSFRKNzFFLU9kMUI0MGZHTGVxSVVnZmNVa2g1aGJrZGgzR0tfZVdfREJ3RUtFdGdQN2xaY184a1U5eVFGOUZpeHB4Vy1fN3JBZ0Y2RU4?oc=5","Al Arabiya","Arab","1780405777000"
"Spain will not take part in US-Israel war on Iran, foreign minister says","https://news.google.com/rss/articles/CBMiqAFBVV95cUxQenJaTkZMY3hxREx0cjd1ajFwUHpjeHdVMzJVSk1MN0hBU0RiT29EOC1XRU5uWnZSb0hpcUxON3F0eFc1U3VGMW5qakNhUzFscVdaSmdlSWRpbHp5cWl5R2NrbWtNekVIVzRWMXNuRjhXWnBYUEdrcWVUTmRxUkR0cTR1WVRILW5HOTQxRVIwdU9tNDJCQzlZeXZnbGRIekZVOVkyQUQ4Umo?oc=5","Dawn","Pakistan","1780405203000"
"Türkiye's tourism sector cautiously awaits U.S.-Iran peace deal amid peak travel season","https://news.google.com/rss/articles/CBMifEFVX3lxTE5ZWjlDcFVGUFhIRWlqRVdnUEJnNGV0Qmx1VXgtZEVQUlRMQkJLekFsekU2M19DU2Q0TjI4cWptOWZLT3RrMFpzdUtQY09qR0FmNnZXbTBJUlRZOVhkakVXckxKazUxWGV2MjgwZGRLMlZiVWF3R05fSlZCalI?oc=5","Xinhua","China","1780404885000"
"Iran war hands Syria windfall as airlines reroute over its airspace","https://news.google.com/rss/articles/CBMiZ0FVX3lxTE1jTnhtVFZ2a1JqTjFBWE43bXctaGY3YXhpYWJrM2N6VUhmUlVKRXdWdmkydHJCZVdCRkU2cWZrRUJZRkZ1SFJkeE1nbVN0ekg3WnFZYkt2b0RjS1VVYjdDLW1KQVJGeFE?oc=5","Reuters","Global","1780404227000"
"Iran war hands Syria windfall as airlines reroute over its airspace","https://news.google.com/rss/articles/CBMiekFVX3lxTFBWek9KMTFxRFJzbFRRRTM1d2NuYXFEdmhFaENVeldaVE52NS1hN3NSVHF0T1AxN292YlNYN0dOMVJ0NDdYOER3QVE0Q19HZUR2dExKZ1A2V3ZUZjRxeGtkLUF0OWNPam1oaXZJUUV4cU9BbFpnQUNET0p3?oc=5","Reuters","Global","1780404172000"
"Iran war disruption threatening delivery of lifesaving supplies for children, UN says","https://news.google.com/rss/articles/CBMiugFBVV95cUxPY01TVEY0VUFJYU5JeHdnRXF2ejh2ZTJyY0c0b2VQQXJDYkhTcDB5QjdzanRIYzhvMHUwenhRS1NHM0lRN0VGSFMxeFEyYWJXLWlJWlRlTjNnVzRHU2ltMmJ2ZGRpTF9vRFNIWTU2OWpnTVJQQzZqME1TOUZ1U1ZYMkJ6UEhiNHJTNDJ5WW9FMUIwbzkwMlZKRVhwTHpGOFpKeGJJMFZIRU5SM0UtOHd4UFlhMm9fd3VocWc?oc=5","Dawn","Pakistan","1780403604000"
"Iran World Cup squad to head for Mexico via Spain","https://news.google.com/rss/articles/CBMinAFBVV95cUxOdmM5ZzVTcWRFenRQNjNDNV9GendGWl96enJFWDREZkdpbFVYRjBFNktKN1JXNHpmY21rVlFkS1hnNGlOd2ljZFQ5Qi1OUFpyaXg0Q0RTeENMR1NLY0FYUFBwbGFHYWNfLVBYRU5KX1JLNHhuUkU1UWVjbFBNeFdGN3VMNGxLSHl5RkV2R3lXRnBZczJjYTRZV2VaeFQ?oc=5","France 24","Europe","1780402995000"
"Iran war disruption threatening delivery of lifesaving supplies for children, UN says","https://news.google.com/rss/articles/CBMixAFBVV95cUxNX2ZHN0FOS3RPdFR3RnJHT05pb29fcmRiRzFaelZ4WWxMd0oxSUx5aUw3SVFMVzdkQkZSWGpWZ2hmS1BvUFNwZHVKRGowRlp6MGdxVmdWVWpBX2hYSkxYVlY1Sy0zRVZ4dmVWWkVKSmp5amRqWGZLam84N2w2Tk9ZdjVhWjJnaUkxQUx0b0FBa093ZlY5NXlSV3czVUFHbWs2Z0paazBMLVV3N3h1Slh0akx4UWdYTGNoOTE0eEdWYUwzSHk1?oc=5","Reuters","Global","1780402783000"
"The Iran war reshapes the Middle East's geopolitics","https://news.google.com/rss/articles/CBMiV0FVX3lxTFA0R0NYN25ZVlFQbmZPWGpFekRWSVNtOVdxZEp1S3JqdlJENEtfaTN4WlBnU1lRaVVQeW9uODJTMXRfWFlBemhOUXJHOWg4U3VjaUhXOHpYNA?oc=5","The Jerusalem Post","Israel","1780401600000"
"The courage to defeat Iran","https://news.google.com/rss/articles/CBMia0FVX3lxTFByVFNmb0xmUHUwR3UyRVU1eUVXNTJza0p6UTRWU0JybjdVb2cwTGQ2dFJ0dk1XOXo1cmt4c18zRmFBTmJ5MUFHY2J1NXN2dFRacFFmSXdpWUdFRGlVNklqZnd3RzRUXy1HVE5j?oc=5","The Times of Israel","Israel","1780401060000"
"The ceasefires in Gaza, Lebanon and Iran are stretching the term's meaning","https://news.google.com/rss/articles/CBMi7wFBVV95cUxQM0FUZlpYTjdQcEE2WUZpeVN4eC1TbDVKTjJjYWplU0gtU2dBdDlPTUF6OHNQdEZpQVloUGxXM2ZUQWRpbzdFb3B4UlA4eEpzLVB2cU9sWl9lSzhoSXVFNUlYdXV4ZHpzQWlLYnhMNW12Y2J3MFhWVWJkYl9BQkl1czRsS2tXY3pYNTdySFFuelB2S3FPWVlPX3B3WVZ2bjQzSk1ZaTE1MExadW9UQ2NVeXNKWE1TYVR2OVhnMUpkRjNYZ2ppNFhvRmsyVUNHVDNlWXdta2FEOW1KTlB2OHNrQ1RZa0R3d2M4cFUwSVh6OA?oc=5","The Washington Post","US","1780401015000"
"Escalation in Lebanon: US-Iran Peace Talks","https://news.google.com/rss/articles/CBMif0FVX3lxTE1LMDJIbWJkeFdjeFFFNUJ2M2lnSFhLREN2SHBiTmFJMHphRjlvMUlxLWlKbU5OZGdwcUdhX0ltak9aTU9IQW5Cc1VyUzd6bmpUeHJqbmhMSGNoazJMdzQzQnFoN2pOTm41VTZkOWc2YkNFV09mY051cnFyeDlzV1E?oc=5","The Times of Israel","Israel","1780400700000"
"The ceasefires in Gaza, Lebanon and Iran are stretching the term’s meaning","https://news.google.com/rss/articles/CBMivwFBVV95cUxQalMwaktCbldHY084Sm45NGlrcTZNWHlDUUVaOXJkTDFqc2dNQUF6UVNydnotTzRZeXpiQmMwMWlUUXR5Q1YwVE5tQVc0SGpWcUl1TGIzazhUTVEyOVlNXzlHN1pUMU9RSU5qWFFHZEMzbW5kMzZIcTVSNDZtRThUVnRDdTNJY1hQU1RDNnpmSUZWWTcwU0hSSXFTdk96OEJCcUNtZG01ZG9RUm9teVhZVERIMHp4cW95TVVSenVYRQ?oc=5","Associated Press","Global","1780400280000"
"EM Currencies Advance on Iran Talks With Rand Leading Gains","https://news.google.com/rss/articles/CBMirwFBVV95cUxQZXJfNjI1MkMzbll6a1NDV1RvRWtCUDFlakZZaWFqc2RWOTh1dFZ0aXAwZVFyajhFOHVYM0JxeHdnVUxvcE9lM1YwdGxpS2ZLTHIzc3dCbE9oWnBHQTN4cmx0Q29PMlM0VGtxSmZ6dDdSeUJpVmkyRTNTaVFHZVlETHh6STNtVk9yZXRVOXNRc0NBQ1FVRjk1U04tUGNKS0ZMdURwSS00Mkk2S2hzc0pV?oc=5","Bloomberg","Global","1780400205000"
"US-escorted ship crossings through Strait of Hormuz remain rare and risky","https://news.google.com/rss/articles/CBMizwFBVV95cUxNR0lmOTBGTTR3a19MQU95RnBFRzhuZkdKMUtteXlhREFOT0Jma01HYlVtMld3clVwdDBHLUNVZGxoMzh3Y2hjRjNZUllzT1pQM2xiQ3ZaQUZyQjJubHQxc0QzTTJaTmo4dHdiTjBtdFZIRDlCUHR0SHBjT2tqMHg2RVBHaGdEbENnQVhfSko3S2Z2WUI0ZndXNVR0N0RXRkFtMHdCYUVqWTh3cURPUXB5YnhxYWU1NzBGYjJrUVRJR19fRngtYXF4OUhwaWd4Q28?oc=5","The National","Arab","1780399552000"
"Sidee Tehran iyo Netanyahu u hor istaageen hamiga Trump?","https://news.google.com/rss/articles/CBMiXEFVX3lxTE1JbTQtSjZvS180XzNWSzNmRWtVa2YzT1dTamoxMVB3elozVkQ2Z25SWlcxQ2tpVGhCVk9yXzJoRW9mdjAzOUVXSXk3bW9reWJXNUEwSFduUkViTGg40gFiQVVfeXFMT2ZiMjhaTmxMSDhyXzNWSE9Tci1SLUdEcGdNQ3NqVFRBRk9hSDNMMkVUcEJGWFU5ZEUyYy0wSE9rV09oZzdCQ3lHUm5rOHdmcVJybUE5RGwtNXJSTTZFYjZZcWc?oc=5","BBC","Global","1780399542000"
"Iran’s inflation hits World War II levels, deepening economic pain","https://news.google.com/rss/articles/CBMilAFBVV95cUxOU1BXWkhqeGRkRDRmQURFZW02aWM1NlZyTHl6Q3hIUjhRUUdaMV85bUpCbUl5bjREd1Flbk9YNE9ndldSSExSUkw2M3IzdkpreFRMTnBLaUFWdkRxSVlOY1d3TVN1bFZTZTd0ZVV5UTlsQ1Q3bDI2a3gteXBPdmtMY2J4MmNfdGFtZFg3UXZwU0wxN0VG?oc=5","Associated Press","Global","1780399500000"
"Israel's Rigid Stance Is Helping Iran Tighten Its Grip on Lebanon","https://news.google.com/rss/articles/CBMikwJBVV95cUxPWmtOQlZCVzFseW1NYlZVdkc5cm11QzRSX1NoNEhHSG1kY2ZneHJYeTFocW43ZEhfNnlMZlA4UlhKTkswdHpqTFBWSHNfMENNdmU1V1RiNFNLblhZRjF3QnRDWDVMUG56R2prV2N4d0xKbTB0NVFqOUVYaGZvY0dVaTE2akZWV0w2RkZEOHhxN3pnTmFCUkg3ZENucV9TY1RFMThYRGlIUGtjWnR0SjIwQ2RIU1pvV3RjQ2lzaF8zWngzOWJBT2hLaUQyQ29sRHoxRHNJN1lKRlJhWTg3anJ5SFgyTkF0MlRzZ01xd2k2a2xaZW15dS1OLWprdnhBaE5hdnNPc2tGeDA2ZUw1UWxGMFlJRQ?oc=5","Haaretz","Israel","1780399440000"
"Iran studying deal to halt war as stalemate persists","https://news.google.com/rss/articles/CBMiogFBVV95cUxQcG1DSFVhQ3MxRlgtdV9LYlZndTBDX0VvZDZ4ZkZuZEV5QnhMYlhmd2phazdVMnBlUXRWXzUzWTZFSXZfSDhNMzF2VTVwdlZiMU9aMEVVVVhyWEk1QmFNWjJRSFNfWTFzOGNMXzk1ZnJSOE5EZDJycERabElIeEQ1SjQxWE9CejBZT2FDY1FnLVdFaGlvR0FQeVVkM3JSanNmdkE?oc=5","Reuters","Global","1780399384000"
"How the war has made Iran’s water crisis worse","https://news.google.com/rss/articles/CBMijgFBVV95cUxNTGllZ1FBdmhIeV9XRVRfQ1JQXzBVeFUzVUUycjhCMG44a2NiQmFpRklOcnpnbTh5VHF3Y3M5UFVMMTBjVkJObjY5VGRuWDFpTnFTVk5peGN2aUJYNjU1d040MG45clVtcmZ4bmkwT3ZXZjdWV0M0NGFnVU9ncnlzak43aHptRXcyZ21kNlJn0gGTAUFVX3lxTFB3bVN3OEtOYlkzSVU4VUw2TW5QZl9qbVlfUzR4VVhMVURmZmF2bkJXYjlHNlFJZ2EyNmJTbG00eW91QVNRNXlYeUNUaGFPRTVBenk5dEZBOG9UcXhuaHVZcjZzc3dkR0VyRk5nTXBGSXRBN2l1MjBIdkFhdTV6QVhuQURMUTExY2c2V3I1WnR6Sks0WQ?oc=5","Al Jazeera","Arab","1780399312000"
"Donald Trump, Benjamin Netanyahu call halts Beirut strike as Barnea calls to topple Iran’s regim","https://news.google.com/rss/articles/CBMibEFVX3lxTE9aS1praTNSMXdpNi1oODFjRF9oVjZaOURfMERWeDhQMTRsUlVNbElQalBWLVhuVElmRXo5TkliOVVYd21YOXBoS2VGaWZndnlPSlBqVm1nVG44b0pmUnZKbEpUQkp1YWgwRlRJTw?oc=5","The Jerusalem Post","Israel","1780399230000"
"Middle East updates: US-Iran talks appear to stall again","https://news.google.com/rss/articles/CBMilgFBVV95cUxNT1hySFIyQzJNajZzR1lGS2k4TkZRenFpQ196STdTdHhpOGZ2RWpnRjhxZU1rWGFqaC1kOGZ1ZXFocW1lNDdwbV84RDZJZ2MzeU1mcGhGZnAzOHBUQVB6TWQwLXJWNWp6enBIX0Uza0hxTUFHdm82YzZZNGJMQ0NNMmlWMGhHRDhkUkpjS1V6ZEpZaUtvV1E?oc=5","DW","Europe","1780398900000"
"TikTok warped Americans’ view of the Iran war — one post at a time","https://news.google.com/rss/articles/CBMioAFBVV95cUxNLVJfN2RXQ2lDd1VxcENreHVuOWdSSjY5dk1vS1RaYWJ1djBWZG9JNzktQ2V1VHY3bnVwaWZLWFlzcEpFRVc5bmlfeGllRkFOYWZ0Wk1MOWpCdDJoc1pWLXY0RkV1Z1E3WEdEeTdxSlVReVBTR2MxOTlCVzRVdnh2ZmhRbnBPS1R4QU1qSm9DdTBoTGtLZ0dvMkprYndES2NS?oc=5","New York Post","US","1780398900000"
"NATO Ambassador Matthew Whitaker says Trump holds all cards in Iran talks","https://news.google.com/rss/articles/CBMiVkFVX3lxTE53TEFZaGk3blBFUFM2bkJvNHJFV2xhLWtub21EalY0T1I3RFJTdGZDcnZFY2p2bVFzdzdhUHVlUlRJYnNMZlBpSEpzVEtoSVFNUTkwcDBn?oc=5","Fox News","US","1780398891000"
"Bahrain bans citizens from travelling to Iran, Iraq","https://news.google.com/rss/articles/CBMifEFVX3lxTE1vaFllQ2V3Wjd4T2l4M25idmFqR0JGbmhSRENFempfMFNoeEZVc0h0U1pSTXUyY1YtbHJpcE9JSEp4ZVRSbFVQVmFnZURZRWJnUWxrNnFTdFNZOUlwajBNU0tRQ2RYc1B1dEFyNmRabFVYdzE3R2pRaGtyRks?oc=5","Xinhua","China","1780398600000"
"How the Iran War Is Shaking Up Food Supply Chains","https://news.google.com/rss/articles/CBMivgFBVV95cUxNMnNuQ1RVaEdhS0VXUHhITGVTTjdwMTNyWjRHdzZ2LXZLSlFjeWhrV19mZzYtRWV4ckE4R2EzTmgtbHRhS2hyN2tydG1MbWRpWGxveURzVDgzaFpLcnJjWW9sN0ZtWGxld1I4MlpOcVJQU2t0QlpVbkJOOE85dk1KRjhMLXpiYkFacEUxUHBCcjNHSGR3dTdnZ3JWUS1PTVdCT2JXYWJiZ3JyVHFjblJVbUI3cmt3Mm1aNmpTRDJ3?oc=5","Bloomberg","Global","1780398361000"
"How the Iran War Is Shaking Up Food Supply Chains","https://news.google.com/rss/articles/CBMi2gFBVV95cUxPVEFhdjhybDhERlBrbERFa1RDaW1peHJ6emRPUDNGSG1OdUlqLUQ3VVNJNXc2THgzRTRxdklXcnZESFNhanNtSWhjX0xLN0tFQ1U1U19WMms3VVo5RnFSMXFJMzhZWV9rYjZmZmc3cTk0RGNSMkc2TGVHeGZQMTlpR0hBenE3OTRlRnE3eE95OUprOU1DWDhnZnFBUUk2S19haUdGSlNsQ01Ec0lHMmtEcjJPUzNOMDNISkplTTNtOGVGeFk4V1FCdWhIb3pfZ3ZfX211eDVKeVFuQQ?oc=5","Bloomberg","Global","1780398361000"
"Oil industry faces ‘gruesome’ demand shock from Iran crisis","https://news.google.com/rss/articles/CBMicEFVX3lxTFB2NldXU0FHYll2cVcybzVtbnNMeTd1czByci1jQW5OM0pXcFNUVDQweGwwaTlSLWh1QkY1LWI3ZnFzU2VVSWRFZW5DTTROX05FRWdKamM3NExrdG1kMlRTa3dBTzN0SmpYUXpsdXlaSlU?oc=5","Financial Times","Global","1780398004000"
"Iran inaugurates largest cancer treatment center in West Asia","https://news.google.com/rss/articles/CBMiqgFBVV95cUxOeDd5Nk91X2JaTXZTUkc1Qm02aWcwYlJGNllseHNxdlFNejBSblJ6TVdVcnpGckJ1ei1VVkc1RGZLMGtBZkdqeFZ1NEpScTYzUXJuX29GMnR0YklSMm8xTGpVb3hGSEtyQVlmMzBEaERmb3djRE1WZVNNc3N2eUFKdUF6R0VXTEVueXljUkFiTWpmRW5nZllzY3hXT0RUYkVkV1VLa3JXbU1jZw?oc=5","Press TV","Iran","1780397040000"
"World Cup: No ICE deployment; extra security for Iran games in Los Angeles","https://news.google.com/rss/articles/CBMitAFBVV95cUxOVTJkQlRjR1Qwekc2aFEzVzJiLXdMUkgxSnNESV9sanlWc0NZMjZmOG5SSlV3d0NuOFcyWEREQTBvb3BnV0pITGhZaC1MZTZpbWJGQ216VExIN1Rudk0zTlhiS0cyOU1VR2hzbmFUMVBOMVFPSE9pWHp0SUhkcDdwem41Q2xXV2EtX2RPdVN6LVJSSGhLZTB5c0wyLWVfRFd4NDNvWGVKeTI3b3hVOTA4TkpJU2rSAboBQVVfeXFMT0d3ZHA1UXBHZlJMQWdUWEZVQUd5THAzSUFIVkJFdE5qZlE1bERuNmVEaVhYQ2t0UXAtYXZGNzV5Z2xnZjJWTF9aaW1CMkh5N2RZZlZGZEh2VURNZkpGY1lsdkFxdTFoejJPODlmYkxGYVNfLXZ5bW1YQzZNS09FNS0ydHc3b3kxSmdLNUItT3hBdl81cHVhRS1MWGE1cHlkWkdoTGxwYnAzd0tNaTZBRmFPNXdUUVNKREZR?oc=5","Al Jazeera","Arab","1780396692000"
"Region 'paying price for Iran's inflated regional amibitions', says UAE presidential adviser","https://news.google.com/rss/articles/CBMivwFBVV95cUxQd3ExOC1hcUxWd1pzSkpUSU9TWWdic3k3RkYya2VfZEZPaWtZazZsVWdGWFZqNFFjM1JtV1ZvQWs4VXlvdW5zb09oTGZ2TWRHT2lqQmpoRnJ5eTRLUldCTG14U0IwdkxhQkxEOU8xc1FNWmxVUDZZWXZta2Yzd1RVUkFjRTNlQ3NjYWJwaC14cmFiSEJ4UnpwMEl3N3FBSTBHSlBobWFrdmNLbVhiYl9NTms0ZnF2TXFqeXFYQms1TQ?oc=5","Dawn","Pakistan","1780396616000"
"Iran condemned for attack on cargo vessel in Iraqi waters","https://news.google.com/rss/articles/CBMiqAFBVV95cUxPY096dkE2elk2SE56OHlQd1JVenFEZEc0Sm5mVlNRWTI3cW9seC1SZVdERXZiT3FaMUlsTXJFS2lFamJoVUstcDc5SUJHVl83VzB5LWtSUzA1eU5sd0M4cDF4bmxmdXJIN2tXa1A5ZXZxV2ZSbkJfS0pqVFcxdHN2WXgyVlJkNW1NTGRzNEVLTUhoSVFKcEVzQS1NYUNKQURiSXBEbkI2ZFM?oc=5","The National","Arab","1780396493000"
"DHL Express considers aviation fuel supplies secure for summer despite Iran war","https://news.google.com/rss/articles/CBMixgFBVV95cUxOTHZxMWpENDVnOGg0ZEk5eTJyTlZvdjBZMjBEcmo1cVRoSEZHaU4xcnM4ZV9NbFRBWXB2LUY1MVBXZlNGSE9FaEdJcnQyS0xoN0dkZGJSYjB1ZnIzbHpJakZhMDVHRmtZTXFaVWF3RGVoV1hKejdOVmpvZzJ0VS1NWVVyamxMaDg1UTlra0hSUHdNT2lGbldpeVpHRk5OVFo3XzZlSW5Rd3ZwQXhxaDVSUUt5ZnlVZjBpbmc3aFlDVGlCRXo2cXc?oc=5","Reuters","Global","1780396427000"
"Rubio braces for Hill grilling as Republicans join bid to curb Trump's Iran war powers","https://news.google.com/rss/articles/CBMirAFBVV95cUxPZ2RrRzhjSUZLdHdoLXdSbUFOX3NjTUxBWHRzX3NGaUhLb3dHN1ZhS1g0bE03UVZjaU1namlfT2JRV2JVSl9PcXJQcHhNOEpCVkVFbFk1Sjh3MVo4QUw5QkFNakowc1VKa3FKMi1UMmtDRllCZGxQdkNkQTVEVGlyczRLRC1YUFN1SWt2VGRvR0ZUYkZjSWVWR21WeTE5YjBaaGVMdlJkQVlPZENL0gGyAUFVX3lxTFBsQml1akdOUVg1LXBMVEVkT2RQRTY1R0FtUHBHWVdnU1cyNy1RZHZFVThXYTBiVzRGRGlBY2s3VG5XNE9YT3JERWNJQXg3VUhxYUxfeXlmRTRCaF9lN1BQcDVfSWdMdTd2MlZtTW51ZkJHQjNZTXhqdGRfTWtnVkc4ZnVVa1ZETXJxVUVZNzN1QXZpLU8zWkRMYmtRMTlGUzlPVjBPQW5HdGtjTlRwaUZHZEE?oc=5","Fox News","US","1780396206000"
"Trump pushes to keep Iran talks on track, intervenes in Israel-Hezbollah fighting","https://news.google.com/rss/articles/CBMiVkFVX3lxTE54YlRwVlhDS01tVGVFbFlKcllSV1hxQlIzRXVmQ0NxR2Vfb3RWbW41cTRPOXNYMFlyVUtIWW1hcWNLMjl3ZlpCbEVRV2pVQzRuS3FCT0dB?oc=5","Fox News","US","1780395868000"
"US and Israel Clash Over Lebanon, Threatening Iran Talks, More","https://news.google.com/rss/articles/CBMirAFBVV95cUxPWGIyem1Ic2NUNmw0M2NnSmRTV0hXZjktMkRKTFVFaThiNmN2QmgycnJqS19ZeXZKbEtPODFrRjhIZFV5UDhhRlBJLW1MQjRXaEFYNTVhOTZMREROX1JBb3M5dWNUT2Qya1I5a2JSNVJERHNTTTJJSG5tQnltTm5ZXzNhNjFtcnV2TjN0VnNCV1JvTU1yT3Bha0F4YzdrYlFvVGR1VVMtVG1LZUh4?oc=5","Bloomberg","Global","1780395673000"
"Historic Iranian village of Riyab nears global recognition for desert heritage","https://news.google.com/rss/articles/CBMixAFBVV95cUxQaG9YTkY2X1RZckVuS1o0NDdqeEVaYk1CcGF0b0JBa0hTdjJkczZOUnE4dkFpdVkxRmdsbTduSFNMUGRkbm1VcllCa0NYLW5Yd0txc0JfNXo1MHdtUUFDN1JrcmxaMVZtcU9uMkp0WXBFWXdoNlFFUkNobV9ZRDNXX01zQnNuSFQ2SW5yRUFielB6YVgyem1vRVMzdE5zNERJS2tLTkJmU0RXTFY0M3U3TkN0MHlYSV9MT0RTNmZqRVdjUEE3?oc=5","Press TV","Iran","1780395180000"
"Amid disruption of war, Iran's aging squad eye World Cup progress","https://news.google.com/rss/articles/CBMirwFBVV95cUxOaUJjUGJaM244UU1CMnFGaldfNXk3a3BGRnRNMHNmeDY0d0xCYVRvQk5CRkhVU3VJZmVfWDZFdDVBUG9FVWRuaGwtRlJmZk5tNHJ5ZWhBajRrMkVQdXFleXI5SFlPdmJkZ3JxUFcxYVFELUJGaHNJTi1paFNUNk5HcW1fLWNuR0d3cnUtejllVnBTNEIyanNWUENLczh4U1JhSDJVdGQxaXZKYXBUbndR?oc=5","Reuters","Global","1780395038000"
"Oil prices slide on Hezbollah ceasefire and Iran peace talks","https://news.google.com/rss/articles/CBMivAFBVV95cUxNYnhoZFhhNGNpNFNUUERaZnhDUGZMZ0s4SHl4LUl2LW5XRmIycVh6N3pPYmp2blY0VzV3cjV6aEtNZTBoVlFWY3Btbkt1OUc5QVlBdlppTHpfYk9OeWE2alEyanE5eV9SZU12bjlVS1dGaUFHb2lRV09jM3hISENGaDZmcld1MWFIS0VOT2dFbU54NHZaeW1lZlc0VVh5ckdSX0NOLVQySzR2Rnl2c2JELXVCX3BpeVFadFJHMQ?oc=5","The National","Arab","1780394989000"
"How does Iran’s leadership view the emerging deal with the US?","https://news.google.com/rss/articles/CBMipAFBVV95cUxOUE1UQllIUjV5WWxxVEVEcFpCTkNTRmpMTlIzaFZRMk10X1FaamtRRWJ3R3d5VWhOTTJrZmc4eUpSVmdUMm9wMWI0VkxSc01pejlLMzZqN0MxN2lVTkMxdExJS1gxYzF1YlZySjJ0eEVSWFN6U0hIWXhVOUFsLWQ4ZXFzYXVOeU5XckZMOTVwUlhFWkN2LWlYcmNzTEVHNmpLUU93etIBqgFBVV95cUxNMnY3OTZCa1RlVUtoV1FSelIwY1NaNU5VOWFPR0s4UVIyN0hnMFR5Wm04MHNhOVJEWEFUX0Q4el9ySFVhaEN1MDVYVXV6elcyX1ZaRmNRdnFWQnBheVF0eDZzTU04WFd0OWNCMUdBYl9uWE9qNDV3Q1NTWVdES0FXVDd2T2dQTUJXZzdxVWRyWjVqOEw4dk9PbG5yWUdnTjhacTZYT3hXYXEtUQ?oc=5","Al Jazeera","Arab","1780394943000"
"Bahrain bans citizens from travelling to Iran and Iraq, citing regional security concerns","https://news.google.com/rss/articles/CBMivwFBVV95cUxNZHI5M0JrUDlSbW5Mb3djZnNJOTBKeXFIREdVOGtTeXE5R01rcWhIOXZKRWFvNGZpQ2dCTkJaOXZUa0I5bEw0QUZMTTRoaGwxa2Rja0hMMmJCN3dzU0hrakNCWkxrZnBnd180ZXNtRm1naXExbThrVXVKSEI4ZjIxVFY3VWVDbUJYWFRLM2V3SGtxcllKaFFZMFJrWjBIQ0QzVHAxZnMwQkZYdzluRHRGeXZqb1pMV2xYbEtyVGZPNA?oc=5","Dawn","Pakistan","1780394919000"
"US lawmakers to grill Rubio, as Iran war enters fourth month","https://news.google.com/rss/articles/CBMinwFBVV95cUxQMnhHX3pib0VOUmUzRkNhT1VGQVRRVnBVeVc1eVgta1dMNDVGRVVTZ0Jtb21oYUIyYjg1b3BoY28zMHd1dVQza1hPa3pWMFBzRktIOVVmdG5zVGFHaHdRZjJrdWVNUVJ1cEZPa0d6S2FiVDFOb1haX1I0ZlRLcjNJQjFRNk9MUWlodkxpOVhwM3RtdzE0Q1B4QklrNklVTDQ?oc=5","Reuters","Global","1780394814000"
"Rubio to meet with Congress as Iran ceasefire falters","https://news.google.com/rss/articles/CBMirAFBVV95cUxQT0ZibTFVN0NhZHpzQUZNYkF0cWQ5YUo1akF1blJOaFNxSEkwZVJlOFd2YkdNS3VpWHZ5ekg5N3NCZlZXdS1vdTJSUlJrYkNJdVIzVHUxdHVabENXeVhDU2stU3AzemRYcTZfYkNmWHUxend4OG9TM3BVTXRWTlMzNElRNGViVUU4RVJYSUYyblhwT2V4ckZqdTBaYVQxNXp2andEdGFBRzBzQlJ3?oc=5","The Washington Post","US","1780394718000"
"Bahrain bans citizens from traveling to Iran and Iraq, citing regional security concerns","https://news.google.com/rss/articles/CBMiXkFVX3lxTE1BZGVYc252Ym9BSmRBb3JtOFFEVE5OMXM3RG92bkV4RU9ZVTRMLXMwZmJTd0ZHVGl1bUJNRXIxcDdya2poc2E4TWVXRlctSTcyQ2p6NWdMR01ibXUxN1E?oc=5","Arab News","Arab","1780394714000"
"Rubio Goes to Capitol Hill, Where Questions on Iran and Ebola Await","https://news.google.com/rss/articles/CBMiswFBVV95cUxOeFRpdFQtbUxoaWxONW5UQVM5eldGZzZVRTFTQXZVS01Hb2JmYU1qdnFIM0dxZ1lGVWJZLVRmNk9qRmJTdE9VRFFBLUdlM2g3MlNqSkdrdmhHMnVsY2FOMFhvUzFFeW8yOGxFOFpncjhia21Ja1FDZmRHWFY1Y1ZQX0NQeXUtZE1fOXJZRkd4ckNfSndIdGlTUEswRVd2aE5FU1UzcnZuTy1DZXNXOERfTzllQQ?oc=5","Bloomberg","Global","1780394401000"
"Middle East updates: US-Iran talks appear to stall","https://news.google.com/rss/articles/CBMijgFBVV95cUxOWHNvTXZ4eXJnVFVIM0djM21vbHBBQUZwVDJva1ZMN2hHYllYdlMzQ242bzhzaWtNdFJ5UGt1RnZfUEN4QW1JV1FKUllUVjA5NG41TTY0ckw0bDVtV2l4QmRmdlpoclBUUHlvdk5yRkhCZTl0VHBWWnlBZHd0Vm5WcVhMSHp6ZjFia0dPbmJB?oc=5","DW","Europe","1780394175000"
"‘We are stuck in this quicksand’: Trump’s agenda hits an Iran-shaped wall","https://news.google.com/rss/articles/CBMiygFBVV95cUxPOE9zWjE5bXd5VzVHQzd1YmNlOGM5ZVczeFNKYVlBZllORU1XR3BUbHBVdVRqWmpweFpSWXZoQm9nbDQyLVNRZEVUR2xNeVkzbGdDV3U0VEFzSE5HTnBlZ0ZwUXpIRmtPVFI2ZDFIVmJQTWFWZ2Q3dnBUODFqVjFoaTJUN0Jid2dfYmRrcTUxa044M3FFeWN3MExQRFFHdGduTUlSaTRoamtvbW9vMWdkeUlTSDNLOTdRVTZpNFFFY3pENDJidXA2U1pB?oc=5","Politico","US","1780394100000"
"Powerful Iran-backed militia in Iraq announces plan to place weapons under state control","https://news.google.com/rss/articles/CBMi2gFBVV95cUxNLUFhNEI5YV85bzVUMTdLTXRoSFRpT0tMQ19DVmk1MU0ydlJqVThUT185VkpmWmtvZ0JwZVhYYXQ1RGRxRFNyUXp6TU9nYXh3LWFZVlEwUWE2Tk1VeEdjQ3lJSUYxbWs4bzdUVEx1WXZZSkx1b2FQVHYtR2hha0JjRHY4QzBBckVoSmt1eTh5ejd4R2xVVlBQdFZqb09ldmlUc3NsSGR3VnM2MnFzTVhvMUtXbV9TNm9TcldUMGZ0Z00ybzhSMUt4VG84MGd5MlY4dURXWEJrMzlDZw?oc=5","The National","Arab","1780393667000"
"Tehran risks its own economy with self-harming UAE strikes","https://news.google.com/rss/articles/CBMiakFVX3lxTE9CX2xMXzlsQUh0X29BME1zY1NtLVJVT1dfYkZfWWt4aUZIem95aDU5MVphMl81T0JEWi1TR1VEQ2RDLXNkX2FCTzNKX3hFeUM2UkJUdXhKaXNtajBQcDFCX2t4enFaUElwamc?oc=5","The Jerusalem Post","Israel","1780393440000"
"Presidency of the Lebanese Parliament: Berri received a call from the Speaker of the Iranian Parliament, Mohammad Baqer Qalibaf","https://news.google.com/rss/articles/CBMibkFVX3lxTE03NGZYelpCeVk2Z01ETm5CRjR1NEhENThaODZ6RFpOOHphNWM0M2I2VnRVdWJZdlhlNnpXbzJjbkxETmhYUmVPWkZwaUpiUm9OWndmTWdHc0I5WHFMNVpucHo5eWQ0SmZrU3VhZENR?oc=5","CGTN","China","1780393193000"
"Bloomberg Daybreak: Trump Iran Aims","https://news.google.com/rss/articles/CBMilAFBVV95cUxPRFY3R1RvWjBJblVnRXFMN0E3dXZpOEQwU0NKdXJBRzh0SFdkQXhFUXdTYmlKbklERTJTRlppd0tTTHhnSFliSXhjVHdLZnN4RTJta0hqZVRHdmVOVGpYWHZ4Q3FFNGlJQzIwb3U0c1lwRUNZYkdCRVZFSHdtal9Vc055TkV2dHRSRVB6N1Y2Mk05US1y?oc=5","Bloomberg","Global","1780393016000"
"Netanyahu says Iran has paid 'very heavy' price","https://news.google.com/rss/articles/CBMihgFBVV95cUxQbmd5U3hTQjNxV0dGX0JlTWVJOGtFZ3B0dXl2WnhjT1VZeEVJdjU0VnQyZlV1aEt4QzY0czJjVUpKSW9BZDQwMUdsbHAzQUU4czhTYkx2Z3MtRXE2TG52RUZ5Z0l6U1VxMURTa1N2ZWJnNmlNWV8wbGNqMUNnc2dlSVpQSDBNQQ?oc=5","Dawn","Pakistan","1780392664000"
"IRGC says armed forces prepared for all scenarios amid heightened military readiness","https://news.google.com/rss/articles/CBMilAFBVV95cUxNaDB5MW9aR0xib1AwYk5PeWtfZExhWEpVYkk0ZjJidkhkVlRtQ2RqeW1rLTh0STZ3d3RQQ2ZRYUx4UXdvR1pxSkRWTTRweFFOTFFCOFVxRGstaEZzQzAyTTl0WFpGa3lXNmlRV3I1ZTdOcU4xRmRmcmFTQzRiZ1lHbzZvTmg0cVpfTGhlRWVtQjA4d19K?oc=5","Press TV","Iran","1780392660000"
"Trump Says Iran Talks Still On, Andrew Left Found Guilty, More","https://news.google.com/rss/articles/CBMirAFBVV95cUxPS0wydXBETk9vMWhBbHppbkloNUdHSEdtOTRhUzFqam4zeTdJcXRtaXN1Zkx1cFlHYVE5WXExSkVkczItbWM0dTg5U2RJSFhYYzVZenBzZzhYbTdPS3pwOXl3MGhxX3Z5QzZMWm5HLTRnM19KdjJNVmVpTFdZRXRBRHhFMlZENE5BVlowVzUtUXE4NjBxRm80ZkdCci15bXhGbUl4cGttSmNPak1J?oc=5","Bloomberg","Global","1780392535000"
"IRGC navy says 24 ships passed through Strait of Hormuz in last 24 hours","https://news.google.com/rss/articles/CBMiqgFBVV95cUxOZHdGdVRHV0dpeVU5M3pCb3lLZ0RUZG5sZzB5Vk5fUWREaXB2T1JRQ0otdGdadThJQ0RjU0JBZUlTeFhjUHVUdElNd3VUZnowVXRhRWRHZkJKWmw0ZUoxU3VfY3YtMF8yZzJWd0NNdjBKdFFhbHZhZTBfcHpXekJhbmlOdXZSRUtDcWwzeHQ5ckZCNHEyNXVRRTV5bFBTeVZESGlpLUhkSE1Jd9IBTkFVX3lxTE50UXF5R0ozWWxOcndBejRRZ1pKNWgwRGZQbkFhVUFCdWhtRWpTUk9vd2Q0NHJBaVJaTmc3NkJrRThPd2Zpb0hmRzl3ckFNZw?oc=5","Dawn","Pakistan","1780392502000"
"IRGC general: Iran military production undeterred, sites 'hidden'","https://news.google.com/rss/articles/CBMiakFVX3lxTE1adzNCbjZNQWNQT0Z2X2lWLXg2MFBjbERsRktIUl9UaWdCcHdrMEhoMWhPY1RybWMtd19KOHdnbUlIU1lxN1dzTTdGUS1GbzlqVUpSdHVVZ1B3RWVBX2dkX21WTjdBMnVxbFE?oc=5","The Jerusalem Post","Israel","1780392448000"
"Indian firms beat fourth-quarter estimates, but Iran war dims outlook","https://news.google.com/rss/articles/CBMisgFBVV95cUxQZTQ1dUZxMXI5UDNoTkpwcmpTdTl3ZTFoZFozLURTcVZSZm9xd1N6LTBrM0ZOMndHb3Y4Z0lKVGhzS0hac1RQR09RWDY3bGJMVUNRREdsZk04bzQ5LTQtRktLdXRVZHlXV1FDQWJZSGxTY2t5cmxoUU1FUktIY21oYW5UVWdKQnZvNW9IeTNZMTM4Z1k4NmZMZzJTV3gtQ1Fyd2t1SVFqZlY0WVRFY1Niclh3?oc=5","Reuters","Global","1780391884000"
"Former UK national security adviser on Iran suspending US peace talks","https://news.google.com/rss/articles/CBMiyAFBVV95cUxObjY5YUg2bDJ6VG9MRUxfbGpON0F5cUlUcnVTMmlIb3RfOVlrWkRNU1hBdlctaUpDR1FmLVI1QkpiTTRzTUNCYXZIQmJ4Z184dUd5bzhIZml1RndXU2Rla2h0bFB0R0Roak9VYV9FTW5YYmp3ckMyQkJqZWxxUHZZNWdSNkcxM01MY3hWZjM0LXVlV3BXYWs5NHRTckVVX3RUMWhleFdoWjd2V2g5TjFsbFJQc1NWNk5Ea01xd2owbTNkeDlaM1lLWtIBzgFBVV95cUxOdzBjSFlMQ29lbzdhMWhWdDNCYVQ2Z1YzZVY2a0NaTEJ6b0hidGtBUV9vWTVLMi1uRldOUzhKX0VITWE0dnRkVW5fLWgwVVJwM0I0ckcyZXpOTjA2QXJzOW9kSl9wczhaMW5mNHpfWk5xSmlKVkU5c3RBaVJSTnRndXpoV3U1QTFDV29NRjUxa0J1TVBSZzVIN1VIaXNYbUdPX2E5NUlzTUFlWDBuSWpaSVEtWDBlOGJmQWY3aHo3d2N1NWVkSVVXWXZsaW55dw?oc=5","Al Arabiya","Arab","1780391700000"
"Oil products shipments exit Hormuz, LNG tanker loads at UAE","https://news.google.com/rss/articles/CBMirgFBVV95cUxQLWdEUWljM0MwWXJVUGZSTGlVdlc5MEpOMzBYOEQ2dG1SNmtIUUJUaXk0TWhyMUFuWE02cEJLM1MyallBQlVYd3lXdWM3ZWtUU1ltOWI1SzdfZUwxUFpxMjExNWpibF9fRGgzT215SDFRU1VqbUJDV0VhWXV4Skk5LU9qb0l1aDFNaFltaGMzdElCeFoxZzdMMVU2RmJoWlFwS25FUGU0VUluQld0NHc?oc=5","Reuters","Global","1780391696000"
"Trump says Iran talks moving fast despite threat to widen war","https://news.google.com/rss/articles/CBMipwFBVV95cUxNU0FncmdDZHRMX2dTaU5mUjVjbWNxVVFITkxDTWhKT1VVVnFqblJqTVlHSlpyUXVSVjhFUlNEd0ZEcEJsYlI5OTd3djByNG5MTHd0NWxRUHdHRE5LajAxSUkzYXpubDg1RUlSbFNxcXg0S1FidVRqek1fZ0Q0MDNFeFhyaUl1TkhlaTBtbUhGTkJHWElhZDFrYXQtWTlKbkF0YzM3dXBWQQ?oc=5","France 24","Europe","1780391569000"
"Iran warns Israeli attacks in Lebanon threaten ceasefire with US","https://news.google.com/rss/articles/CBMixgFBVV95cUxNdUwyemk4bkZsSEtBUXAzTmp3NExwd3Z0a0R0V01LdkN6dVV6ampma0lHeDVoV0ZmT05PNXhncGxPQUp1NEFIcU9OQnBmbEdrc3lDMXB5Q25TWVpJcHoyMnQ4QmxyNGhGRnNMMXVQRjIza3pBTGx3ZERJN1Q1ZmtSVU5DWVRxOGhKYXU0dlZLbEJSa296d1JKUGVOV2xlQm1UUFQ0YWxKNmZDcWZMWmlYVWhrR0pRUVRvQnRZbTVieGJJa0tMeHfSAcsBQVVfeXFMT2dJaElUYzFKOU1BODl4WEVjY2xFY0tIdUstSG9DYW9YN3RadmRxUDNSNlZ6aXpsd0xGMGhwQVA4cS1ZOEdVRzZUOENiVklQWnY1NG0wMzlxdlgtVTUwWURZSHU2b2Jzc0JoQVpTbTUwZXFLMjluRlQ3ZEtZTHdYTHpydHU2djY5UG1HVkx3aDAtcFhBLXJqQTI2T1BudlNqVzhYa3gzRmpJU1QyYW5mb0Y1NHpqQnpySVNlSkR0enRxOEIyZWhOd3VsUnc?oc=5","Al Arabiya","Arab","1780391520000"
"Iran cuts contact with the US as Israel pounds Lebanon","https://news.google.com/rss/articles/CBMiuAFBVV95cUxQdEIyektxZmhhM3VRd1hNYjctNXpxcTRLSDRMRFhEbWZNR1dmQXEySllrOEFkdHBhaTRvenltbzROMU1tSEl1Ymc5Q2NDSVktUlZDUGtMYkl3T1Q4bmFWVy0tVThvMmhYZzd3aVg4cFpnbDlPQ29POURNU0lZNTlnMUNUZ3gtWTRfMWJUdlpTSUJRNkE3czIxVmFTam45dDNBMHdxR3ZMaWNkYWExczhXampxdWF6a1Zj0gG-AUFVX3lxTFBya2hET0htN0ZLUUJvUnBqeXRSRU1sdnZ3ZG8zV1RnMUVaVmJMbnp2ak1lR3h4OVZjd3k4ZkxFc01qeHVOQ1NmNVVmVTkwSE0wUUMwNXplWlBOYy1MY1A1YXpabWI2YlJCa1pSWFVqU0ZENUliOWRsWW1XUm9ieHVicTRLN1ZMYUw2c2JubmFfMEtremo0aWV1YTJiOFdHUEltZmk0TWpjblZYN3BsdmpBWjBIbXRiVUdjVlhQeUE?oc=5","Al Arabiya","Arab","1780391340000"
"Crazy': Trump-Netanyahu tensions flare over Iran and Hezbollah","https://news.google.com/rss/articles/CBMipgFBVV95cUxON2RwREpXdlNPR3FIVUVyOXR1cWlwdE9YTjdWZjR0N04wR2JCV0l2dVNmb3dMcGRSTW04eWotWU5MMnZUN2JUQTRKMHI5SVM2cGN0RDAzVWkxaXhqaGUweHFHNGhtNlBPRjYxOWhmbGxaLW5MM1NWN25kX0ZJdGZuazJGd1lEeDgwWDI2T1BUSWZYRWYtQzRjS3VrSE1ZQnprQTVHY3BR?oc=5","France 24","Europe","1780391306000"
"Sources: Israeli ties with Middle East states likely to grow due to Iran war","https://news.google.com/rss/articles/CBMibkFVX3lxTE9RNVBVMlVsc0FSTURzS2JxbmFiQlEyU2EtY0p1MHM3ZWlMYVVLVmVVVFhXTVQxRERZanVtNHhYM0JjOU8xZDNkT3lrWE5vWUV0T3JxYjFoV0I0YUxYTVVKWXVNYWNXTlRZNU15WmJ3?oc=5","The Jerusalem Post","Israel","1780391287000"
"Netanyuahu: Foundations of Iran’s ‘terror regime’ have cracked, ‘it’s doomed to fall’","https://news.google.com/rss/articles/CBMiwAFBVV95cUxNanlhN2ttS1dyNGE5RVAyVlNEeHRMNEhYUGFPbXZPWkEyMExsRHRfZURrZFRKcmI0TnRYdEVmUlVibVBrckVOdDFTMW5QZVFFVFJMX2w1dUN0OGw0NXFhUUl0QnN5aXhqLW41Y2tsaTliRW5PQlRUblAteUxIcHJIUWlVaThIUmZRZGsxMzZGa1MwVlc0YzIweXgzSFVjY0stUVBWUnU3VGlEWWRkSnBNSS11dDcxejNNRGF3T2w5Y28?oc=5","The Times of Israel","Israel","1780390996000"
"The Many Revolutions That Almost Freed Iran","https://news.google.com/rss/articles/CBMirgFBVV95cUxPYmdMR3VYZktUVFFDOHFEUkZBTy1kRDVfZTZ2SENzWkhzUmdlYmpHMUJPbDhmX21Ra01MRFlUX1JSbXRFdHZhdnNYYlRncGJsLURSaTVGTERKdWZJNjBsQ3hmYV9VY2JOWnhQUDB0Qk9ORUZpRjVBQnhlbHFkRTU0M3NwX1V3UE1rSjQtdkZncy1VVWU0eDJ2SGRhSm5wR0haSzJ6TmhFTDNfc0xpUVE?oc=5","The New York Times","US","1780390845000"
"Iran's parliament speaker says agreement must include end to attacks, especially in Lebanon","https://news.google.com/rss/articles/CBMifEFVX3lxTE0yMDRJQ0dOM1NVMmNjZGtJQ09HcXkzSlpYTlU3VVRMTU4tdU9maEt3YnpBdXI4Z01BM05nOUsycnpyZ2lzWDV3dHMwNVIwaUdNcS1oNzFFSmt4REYwSXV5RVlzU1JRczNrWUJZYUh2TXRJT2ZDRmhMLUJJN3o?oc=5","Xinhua","China","1780390515000"
"Sterling stuck with Iran in focus, political risks linger","https://news.google.com/rss/articles/CBMinwFBVV95cUxPV2tYSUlPRFFRTnJRYTlvMlVWMlhvS3NXbmJFZ2l4RXI0NWdQem9SY043VXNsUlM2WHBDNDFrV0RkSTBEcUE3NjgyYU5vc29fc0xncEpYSTFWcktCZk14VHV6eTlSZnl6bmlnWHVMV3hxLUN0YzRVYmlMclgyNWp3eDlxNHRIS3h6OWVUaVRSUjFVbm1WY2tRTFM0WWdYSWc?oc=5","Reuters","Global","1780390490000"
"UK Mortgage Approvals Climb to 15-Month High Despite Iran War","https://news.google.com/rss/articles/CBMisgFBVV95cUxQaUZCRVA0RnlXQlYzOHpnOWJESlNTUWdsRmpJVkJlSF9pakxDUnB2ZERrSGNCSlloc2dFWnZCSm1NYkd2aFZzdjktNmN1dGYyOEtPRmNIc1NsZDhLaXViLUhFbWRiZ1c1NHp1NHB6YmVEY3RlQmI1d2tsQmJBbkFkWm1xUjlzUGh3T0ZZOWJ1RklVSnBvZjJEaHhWY0M2LUxEZkpoRElrdEFSTUU3dXZxWmJn?oc=5","Bloomberg","Global","1780389981000"
"Trump-backed Iowa Senate candidate says Iran war could become ‘political liability’","https://news.google.com/rss/articles/CBMilAFBVV95cUxNQnM0YVRnMWxiamw4UTdyWm5hMTBqRlVzSkVLOWMzUmtPa0ZoYVI4RGJTeWtTX0RkWFRxelB2UE5DTnF6OG5nUXRocUpuTzhOblBxdFNRdHF1V0picm1mbERyWlVxWTVtYmZtYkVYcHpuYWw4cmxUeTA2Y2FPaFRvQnBqOTczQjBZMEg3NHZlUHFrM0w1?oc=5","Politico","US","1780389900000"
"South Africa Business Mood Slips as Iran War Upends Rate Outlook","https://news.google.com/rss/articles/CBMi0wFBVV95cUxPRTlXSlE4cDNnTzJ1bVZnblpNZkRaZ3BHS3hFZ0ZheXRWX0tmanVFV3h6azB5dzROS19pYW9xZURCQTdjTEQ5SllMamg4S1NnYzlONDMycVowV25hNkJjc1J2a29STmtQTXBuTWM0SHd1WEtwaU9GeVh6Q0Rrb29MVFROdHg5UWFyS0lvVUpxenZabEhwU21BRmZWem53azB6Qm1QeFlyeGpUN1M0X1MyVG43VXk5RUhvN0FFYnpBbU9NN3ZmNUdBbC10dUE3eWN2QzlF?oc=5","Bloomberg","Global","1780389875000"
"South Africa Business Mood Slips as Iran War Upends Rate Outlook","https://news.google.com/rss/articles/CBMitgFBVV95cUxNSzY1VmVaVGlDY2ZxdFpVc05XcG1KVzVXUlZ3eDUzSzBkUml0X0ZCbGNPbkUzY1Q5Qy1BdFpzRmp6MU03WjBiU1FBMFFMV1lTdWxyWm9ZN1AxeHBZM25rZFBraWZRbE5iVVRoN0xmSWV2YU9iSlQ0N2FMdFlqS0NlWklCLW5hajgyMWFVR1U0N1RhMkFVNV96VVppc0JrenpFMTQ1MHp5dlRpRFNYMl9KUDdpdHVfdw?oc=5","Bloomberg","Global","1780389875000"
"Senior Iranian Officer Says Renewed War with US 'Inevitable'","https://news.google.com/rss/articles/CBMimgFBVV95cUxOdlRVdUpBV0ptN2E4cWVNdk4wd2J2NDZKUGtGbUxSQ0Z5STBtcXlqbERWSkNmQjdlcm5PRHROcl93RjFNWDhlQWhoNXRPVk5OaDV1YmlzSWREX2pBUXd5MU1xQ3JDY0ZmSFVia0U4cEc2MHVzaW5TdW9EVkRGaFRsV1RGN1haMDdwNlNrY3hCQThFR0owV2FVZUdR?oc=5","Asharq Al-Awsat","Arab","1780389690000"
"Trump Tries to Stop Israel’s Lebanon Push Derailing an Iran Deal","https://news.google.com/rss/articles/CBMitgFBVV95cUxPU1c5bGE1OFhjbEd2UUpLbktDU1o1WnpqMFVKbU5SNWVvUUl6dXZZMEdmRzF2NzkxVGpfcVRIMDJKYkdFT0RsSGc0eVR6TVpoS1VuUzU0NDZwREpyU0U0aDdKOVcxeEpmSlVLLUh5MTFQS0tDMHQ0OVJfVmJUZDA2S3FGeFg5WDJ2OXhfVFNpOGVDYVM2NktNSGtSS1AxNElqRFNnNkZUZDNkMWhRcVhHOEJBcXhYdw?oc=5","Bloomberg","Global","1780389576000"
"Major Gulf markets mixed amid uncertainty over US-Iran peace negotiations","https://news.google.com/rss/articles/CBMixgFBVV95cUxOeUp0NGF0Q1cxeDZNNWhxekNVSkVuTUdfQ29ZUDhOYkduOS02UWF6X0tEa2xDNGxIZXg0SElRVGNvRktCYUJwRlpsRDdJSFAxbDFwaXZKVWNWSDdnWjdsUmlPZDc2SlN2OEZYazh4c1d2cVJvRWF1WDdLM2E3WUQ4LUZFTlM2VWgzQnc0VkUwb0xLQ2Nrcl8xRGVLT1o3ZVEybmIzZllCcDgxVlFxNzkyRVc4Y0lZN0pJMkFSNmVZUGlMdlRRbHc?oc=5","Reuters","Global","1780388956000"
"‘The last straw': South African wheat farmers feel squeeze of Iran war","https://news.google.com/rss/articles/CBMiwwFBVV95cUxNZFF6ckxJdVptVTdiWVZydnJxWG5WNC11YnZIQVd6ZGhQdXJtR24zXzQxa3JNOWVkaFAyMGVBNmVuVjdqa0k3blNPV2lLXzhDUmNKVmxVSTNPeGxJRmJyTTdUSWxPSmw4QmpFekN4dTI3ekRRazAtb0RCOEk3QlFKWjhxRENGRmMtZlI2RU9TdkVBMnR5dXRXUHkxR2N2RlpRWGdNX2EwSFlBcnBrS2h2WWxrOWdvR3VBekFrSGFQZU9YUlk?oc=5","Associated Press","Global","1780388760000"
"Rubio to Testify Before Congress for the First Time Since the Start of the Iran War","https://news.google.com/rss/articles/CBMikwFBVV95cUxOQlJvTklwOTRvTzZvOHJOZUs1czFreEhKTHNEZEhVUEdhTmVpWWpabXFHQm5OMmliNWkxalZqaWJXNE1kUmR3Q1hMQnRnLWUwS3BDdm1oYzZFcE9ScUltamRzRmlTMHdXZmVmS3FmRk9kMDVCQVM5U3ZKQ3BwbHFJRFNmRjBUczVaREtCMlo1M0ZYRnM?oc=5","Asharq Al-Awsat","Arab","1780388645000"
"Iran war puts RBI in razor-edge policy bind over inflation, growth and rupee","https://news.google.com/rss/articles/CBMiwAFBVV95cUxQM2t2Vm5yYTNMMW5kSUEwWjVpUU5qdWNScmdLQnBDOF9iN3BqcS1sYUlfS2o5Nk1Nakd6Rk5FSmRqOE9nY0h0cW1HVVRsaTJHRTgxRDIzY0ZBQjRDb3F4YjV1OE1kbFU4SnhWTHJCTGRUTG5EWUtVREp5TTJHZUtESDA2WnFlZ1NtcVFDbTVNVUM1bDFMREt5QjhXU19Fa0NSVWV5VjJYVXpnN2owMndaUEFjbXlZTHVybkVmX2VYc0I?oc=5","Reuters","Global","1780388381000"
"Netanyahu: The price that Iran has already paid is very heavy. The foundations of this reign of terror in Iran have been cracked. It will never return to being what it was, and I say to you - it is destined to fall.","https://news.google.com/rss/articles/CBMibkFVX3lxTE52TEpWV25HRy0xWXM4dlV1NWdNdW9RN25ibGp1M1hxNjRSRXhkQ21zVkJrYjY1MFlmSDRyVXhZeWl5N2Vqa3NPZmNjSEQtNk5wRlF2WE1YUlZMckswX3otVFlNRkRxcUt6TlU4TUVB?oc=5","CGTN","China","1780388209000"
"Senior Iranian officer says renewed war with US ‘inevitable’","https://news.google.com/rss/articles/CBMipwFBVV95cUxOYUNCYVljTjNrRV9faXhELUJYR3ZtVFBYLUxNa3RyT2JvX0RPTzJFYUdicWZrUlU5ajNJc3E1LU9sRTdjRHN3bkNSSHJSRDJrQjlWN3NGV2ZOSmg2d1l4ZmlueDJmdE5zSTliX2hqbWVTcUYyU3BqU2lvdmxZYXFZU1BWQXFsM2thdGwwUlk0NXEwUWhhQjlFcnZQMFZKQlN5WlJ0MzRMTQ?oc=5","The Times of Israel","Israel","1780387993000"
"Shiraz, Iran medical universities achieve higher national and global rankings in QS 2026","https://news.google.com/rss/articles/CBMi0AFBVV95cUxPaGNfSGxfTGxBTVg2RXg3anJ5dXVyR0lXREY1cHFNRm1LaDRlYll4bmlyRFE4Q0lJV05kSlUwV3VQZERuaDZLamFydmJYWWZScEM2bGpOS3RiVFFEN0ZZaHRRQ0JpQ0REX2p1ODlXLXNJYWRMSENibXdCYW10Vm8zNzBhSDBEc1JndTkwcFROVktDSU00S1JmNlQ5TC15c25COTBlNE5HWm9Zdkw0TGtUZV9oR0tISUZOM3BzMV81Ml83dUFXWW9janBQbS1MaTdZ?oc=5","Press TV","Iran","1780387740000"
"Iran says it fires missile at ship linked to U.S., Israel","https://news.google.com/rss/articles/CBMifEFVX3lxTE0wd0R0SjRINHJTbFhXanY5OU13c2JUclIzelVOX0J4dkpKZ0F3dUdQcmViVllEYjZsbFU2Z0pCRVVqU0gzMjduV3RabllJNElGajMySkdadzg1bUZraWpZQmRtbjE4OWVBTG1HV3VDZTJrTG4wZjZFUlpGMFg?oc=5","Xinhua","China","1780387560000"
"94 days of paralysis: The Strait of Hormuz remains choked off","https://news.google.com/rss/articles/CBMieEFVX3lxTE1BUk8xQlU5REVla2txdDM2SXh2SXl5WmhnT0xMMmNIS3VWdkZtRzdvLXJaRENybm93d1BIWlY0ck1kY0dwVFFoLWlrbkRQYkptV1ZPREdjaHBDd2hjZi1Odjg2Vkp4UHdROFZQcE1QTklOaEFralcySQ?oc=5","CNN","US","1780387207000"
"Flash: Senior Iranian officer says renewed war with U.S. ""inevitable"": Iranian state TV","https://news.google.com/rss/articles/CBMifEFVX3lxTFB5bkRIckxIdjVBYmNWSXBtUmU4RWt4UDJUOWd1RG1GYmV3dFlmMkF4UVJDdkJwNGN1anVnY1JmRkFtYWJiOTFqeXpkMktpendxd1RiVTR1c1lnUTBJU3dvdkRQTkNoa0VFc0M5cVNLakhGRmJjQnpFa0h3bWM?oc=5","Xinhua","China","1780386930000"
"Iran has not yet sent its response to US in talks, Mehr says","https://news.google.com/rss/articles/CBMiXkFVX3lxTE5STS1CS1JkLUl3Zi1ya0xaYWRHUWk4bm9CdnRQdjExLWdCeFI2eWVVWHdnb0Yyc0dFeldjbmhORzVBb2NOa21IMW4wRjJaX1plSEt5M3FJdFdGYUtyY3c?oc=5","Arab News","Arab","1780386302000"
"Kazakhstan open to hosting Iran's uranium stockpile if nuclear deal is reached","https://news.google.com/rss/articles/CBMiswFBVV95cUxPOVpFVXZIMEFpQWhpSHdoVnZzWmZWRXV2T2NHVGJhWWRNMkoyM2dQN3ItNFFRQ09TY05GYTVRcGRfaS1uaXNLUWx6NEV4T1lMRTEzSkQ0TkJESWo2RlQxMFJoRUlOdEZZSzh5WFFKakx2QUNWM3lad0ZDdE8yZEJSV25PS3d5eHZBYVdsbVM3cnVZRk9RckVhck1kTXplNlFNckYxVF9OT1lKc09IZGRNSVVSYw?oc=5","Euronews","Europe","1780385196000"
"On Iran, Konstantin Kisin Won’t Choose a Trade-Off","https://news.google.com/rss/articles/CBMiiAFBVV95cUxNTkdvSjdsUkFlMzFCOF9OUVJ1Z19QX0NJcGNpd1hvUFZickJ4SndUaTR1alJySjdpZXNIOTU1SjJyOXpJYVA4Ykx5a0dDSG1jMDNaSW1oeG1GNkhfcnFDRE1UYTY1UVZ2ZzZSOUk3VmZadlF2NlJ6dnhNVlhEM0UtdHRQYUhyV0lB?oc=5","The Times of Israel","Israel","1780385160000"
"Missile and drone power are backbone of country's deterrence: Iran supreme leader's aide","https://news.google.com/rss/articles/CBMiuwFBVV95cUxNMW43MFViQmZqbGFKZnl3MDA4WUhRUWgzSVctdWRtd2E5Smc1UlU1aDY3cGE2bzd1MWFQMG1TcmZ1TTR5T2VMMERQMlRrVjdzeDdIcW5JLUhteEQxb3ltWVJBTUI0NThqMjJ3aEtoTXhBVElQdFl3Tll2N1pXSUg2X0JzU2dFVFRzUWJYQW5FSVNxOFFJWTg2cEJXeUdTalZqZ1VOQXFFb2l0aUtNU2h2LUFPMkNzTmg0UDBV?oc=5","Dawn","Pakistan","1780385143000"
"Iran has not yet sent its response to US in talks, Mehr says","https://news.google.com/rss/articles/CBMiugFBVV95cUxPZUIycEx2SzA3amJ6N1hqSjVlSXYyck9BTXhMcnZPVVFPM2pJaDlOZW8xMVlqWnhrMkFzNXEyUXJUcFJjVk03ZkdacFhKWHA4MG5YVzVrX2NmU3hJX1JUdXhrY2hJVE4tVlJaaXZVdlRtT25lSVpJOXNYdjZ5ajBadF9TRHNiS1FTcmFzeGNOeUNXc2hVbVlpVG95bWpxbm0zSU1BWi1uNVMtdUZKTHhzeUxkdV9Rdm5jQ3fSAb8BQVVfeXFMUHJLNm02c3M3T1NvLVNUSS15bWFhLUhXdVIwNkNjQjJseDZLYW9VVUZWMFJ6MnZVdmtkR1FWVWhkeEpIN2FSUk91T0JRb2lRTUtBRU5NQWRORlVtWlNqWC1XUHRCVm9OM1JJTEItdlpZOFFKZ3lXYTBIcC1QZHZIN01xNm5aX0w5R28yRUNUWHQycmJCOU1kVV9FeUR3RS1PVHBTdUF5VHRTZ1VOejgxNm55dm9sWENVbFVJRDVpZXc?oc=5","Al Arabiya","Arab","1780383720000"
"Iran war briefing: Trump ‘berates Netanyahu’ in furious phone call as Israel strikes Lebanon","https://news.google.com/rss/articles/CBMiowFBVV95cUxQaFFyR1dyRjhCM0tGUl9RZi1oeVZRZHhvMkZJNy1yZmlNQWNqVDMzR09ZdVdxVVIwN3JvVHFzSEUtS0daZE1Xa1RJRFJtV1phZ2IwTzlMQlVKZ3VKVzVKbFFGZnphMW1XX0Z1cU5TZks4SjBacHhFUVN6UnJYeFlNSUdfN1M1LU9xSW1aWlRXejBkdEZSenRMR19tLXBqUXhfQjNF?oc=5","The Independent","UK","1780383600000"
"Iran releases footage of IRGC Navy patrolling Strait of Hormuz","https://news.google.com/rss/articles/CBMiuwFBVV95cUxPeUFDSFNta1dkQWZrS2RnOWp5NFBkNjZ6cl9HZThveTJTZDl1ZGR3YXB1QTJDcUFNN0c1ODZtWFZBN0JsTUg5OVVmLTdMZG5XTkhZSE5aWHVoaGtVMURyVnZIQmZkUUFRRGg0cFdGNjJGYTBJWWNFZDd3bmpyanFsM08ySnpoNEcxT0VyRlV3Mi0wWTYzMkJ5Tlh0ZUZ5VnlHcDI5VzE1OGJVbFhRNU81Zm5sYUsxcWFlWFFB?oc=5","CGTN","China","1780383484000"
"Iran war day 95: Trump pushes Lebanon truce after Tehran vows to end talks","https://news.google.com/rss/articles/CBMiswFBVV95cUxPem1ZV0dyMFJQYjRaQlY0cHk2VmtKc3Z2WDhVOVo3YVNhS2J4Q1htaGpZRGJUUG56NFhVLV9iZFAtV0o5VXB6LVREWTJIMEJyMlBmQ3BKLWdZV0Q5Z0dxSmNPR1pYLXAwM3RwVTZOMlFjeWJjWTJZMWc4RVZxbk91dUNIRDdNZkVGdUItSUlPQTk4YUE0RXRQbmxTVVlTV3R0SVRacG5YU2tDSVM1a0szdG1pTdIBuAFBVV95cUxQSndjb3ZQM3RuSUx0ZnoyNl9UOW5sem5jcGliZ1BKYXJIXzFZUWNWT1R2T1pNSDctdmpual9YS180bU4tR0hSb2JKaFNXUl9SaHBlR1c5bWtvbjRwX0stQlRHTmNHdTdxZmZ1aVFxazd5TVlNc1RsNEtpeXdUTHBfNXRfYnpHZFNVTG9XWWFSVGdfUzc3aDZrTXpyS3hSQ3ZGX3FHcUVLQWJMVERVTVBJQTdNUnlEREQt?oc=5","Al Jazeera","Arab","1780383375000"
"Iran has not yet sent its response to US in talks — Mehr News","https://news.google.com/rss/articles/CBMiqAFBVV95cUxQc0VobWh2TlFpc25TQjZzQWdndms0NDM2MmE3OVVYUFd6NFNPY3NGU0RGajBVa3VoMklqOHZkZVJERlRTbzhFWGpST296LWh4VUZzSEFGbE9TSVNoejFQa2puN0pvb1Q5a0tKQk12X3ZLRFA1b2pUNHpkSjJnaUxIR2syYnpwanJJRTVrRG5hOTFlVWpaazR3MHRHd1RJLUJ2WWJYOEhHWGg?oc=5","The Times of Israel","Israel","1780382293000"
"Tehran has not yet sent its response to US in talks: Iranian media","https://news.google.com/rss/articles/CBMioAFBVV95cUxNZFhScVpuQk1zLUpzell0SDY5UTFNUHBRVk9DbndTQzFtSGkxNllKbVRVZ3pKZnJNYkZmLVZxVjR4a29LeFFEc1dGQ1FKLUs1Y29RZXJURy1ESWh3Q241WEZBUTU4Wl9sNDllUWZqbHRLWVB4NGthU3RrV1A4Z1FuMEtUSi1CbGVCWUN5N3h5cnRhRlhRSk5HYWU0V0llcWhI?oc=5","Dawn","Pakistan","1780381953000"
"Donald Trump faces a $300 b. dilemma over Iran's IRGC demands","https://news.google.com/rss/articles/CBMiV0FVX3lxTE1pZExIelM3SjJqdHd4RGFRM2FmSVJKSGJmQUVnNzdvTWhFWGo5ZWFaUHJKLVJnZ2lZY0h6MnJDRWJWOGtLVFRGOThfNGpjZHhrcURFUGZTbw?oc=5","The Jerusalem Post","Israel","1780381184000"
"War on Iran: Uneasy Truce: Tehran denies reports about president's resignation","https://news.google.com/rss/articles/CBMieEFVX3lxTE5tckc3ZlRtTW0yM19maEh6TXRyTWxwd0pRR19oSTctcmMtMnc5cGNrYVZSV2ptTWJWRGlQS0ZoQXNKRDlGX1JmWjd4SlVCYy1yX2lCWDE1NVBPUmVWM1Z3b2Y2M1JVM1BwUm9zSmRyeERCWnRGTlUxTw?oc=5","CGTN","China","1780381098000"
"Rubio to testify before Congress for the first time since start of Iran war","https://news.google.com/rss/articles/CBMivgFBVV95cUxPSEF2bGpqQkFnRWFRX3czVHF5WWFTbmVHMk1UUDFvRkRhQ1R2c29CamJuZWQ5M0VjbUluY2dTajJPb0RydUdsM0kzNXQ2R3Z6TDlfbVZoYXQxODhfTzlxTDlzV0FneWZLY3ZiWTR5a0R2dlBWYk5sa0s5Mm15TXhwMDgxenRUbnVuR1QzTGhhcXBKMVdXZE00UlI1Y3hrNnIzalNMYW11TUFoZmduclRTOEZqd1l4a0VTYnVaU3lB?oc=5","The Times of Israel","Israel","1780380793000"
"Commodities in ‘Super-Squeeze’ as Hormuz Risks Build, HSBC Says","https://news.google.com/rss/articles/CBMisAFBVV95cUxNZW5GLTVteTZ2dG45bkV2V21CbmNOTDFiUkFnOE5ZVE53YzBUcnQ4YzQxT3ZYcUpNR2hjNmNBR2tfeFo1SE02ZUJNUGZmSTI5c0kwdFZhWGFZMnhMZm1TTWp5bmpETllpTFlmMHprMUVCTzYxNkRhZDI5M0o2T1lpUWxwQ3MxX1F2eUdZM2N3S05JT3BqOXRCbDJOcFJSWDFrdi1VT0pTa2FsLTFzR29adw?oc=5","Bloomberg","Global","1780380780000"
"U.S. Treasury Yields Fall as U.S.-Iran Deal Still Awaited","https://news.google.com/rss/articles/CBMirgFBVV95cUxOM2Y4WWU4S1ZjdjkyRVpNX0Z4WGd4VEJZbmpoNk45T0J3NDZIUUNwVlJlcUtSVHhTTlJVUnpKN3ZkYXd4R1R0Sl9xLUEtbW5lMjJ0NDk4NUxuUV9xSmF1MjBjclA1aGhsTVdGcTlOXzd3TkV4NHFJSV9PUFdmYS1faDE5RXJ5eEZGa1EzU3dQZzVYNmNkRThUVEVjT0VrbnZ2WS1sVGlyNXNmS29Ydmc?oc=5","The Wall Street Journal","US","1780380600000"
"Sharp rise in demand at food banks since start of Iran war, charities say","https://news.google.com/rss/articles/CBMipgFBVV95cUxOeFBITkNYeDJUZnRJUW5qTU5qMlZIaFhueFEtYXF3ZGd3VHBDT2xFUldURW5MQ0xMRnBQbnNwa3lSbFRMbmFLeGpmalM2cEZTNkw1LVJSemc1RGRtT0FLQVA4UHhfZjFsREwxREVkQ2VvSEllUDZYcDFidWQ5clFJUmFjb3NNOFY0b1c4M29yOUxsVWhxNjBSd2o0VmxqUU1LbGR6OG1R?oc=5","The Independent","UK","1780380240000"
"The Iran War Is Pushing the Global Gas Trade Into the Shadows","https://news.google.com/rss/articles/CBMiywFBVV95cUxPaWNXa3M2RF9zSWJVcV9kRUdUR1dPc0xOWlVQNEJ4eWR5a3AtY0lHVUtXNk9TOWtkc1NQS2RWbGlIV0VHWk55aTkxWU0tV3otTndWRHpLWG1WeEQtcTJnQUl2RWFOOHA4NnJtYUhES2F4Nk0wcG5NWGo2V05CdWVZMnFMcUlGZWJsbTdNcWp1aGxjR1ZYZ09wYXVHZDBCd1J4QW0wQXFUaVNFdzVVNXd4MGZmaGYtcXVmUWJScDB2TzZuSm9XamxEMjg2Zw?oc=5","Bloomberg","Global","1780380000000"
"Live. Europe Today: US-Iran peace deal at risk as EU approves controversial migration law","https://news.google.com/rss/articles/CBMixwFBVV95cUxQeTU2d256eFpHSGg0TkNsZkxXUHg4U2pFOXBaWWNrQUJzNWtjOEhIQTVsU3ZCTmRXc3BzbUlVNVlRQ2dBdE1pMV9ud1BZbm1hNTFUaG9hZ042T3BZZlRJcmlXZnBIUEF0VXBua0FKVGFma25fc21FSl94OFpNWWVYVmx5M0JCX045WDY2N2ZfMm1SSWFpYXJYb3ZXb3l3cW1Ud2xCNE9uaFhOX0lueWNvY2VWMlRaWm1RSDdFUnF3NWNSVGtGM2Uw?oc=5","Euronews","Europe","1780379615000"
"Live. US-Iran peace deal at risk as EU approves controversial migration law","https://news.google.com/rss/articles/CBMiwgFBVV95cUxPWVVxekV1VE1BQ3kwUGZKU0hMVW5nWEJORm5YUUQyY1lnSkpudF9mY3NZVkVqVHViR2NfdmZYbk1NMFMzTklZZkhpbWRDVU5PYnNwcUh1LWdtZURhVTF2OGdQV3pUYzhOV1lDOWc0SUFrUFc1N0UxV3ZzV0prUkF3M1pWNjhtdTUtQ0drTENSbHg4U0lkLUU4al9fU1YyOFFXMHJodk5GREx5eEliVU5EbnB4Q2FiLTNSZWw0T29fUVV2QQ?oc=5","Euronews","Europe","1780379615000"
"Oil Slips after Trump Says Talks with Iran are Ongoing","https://news.google.com/rss/articles/CBMimAFBVV95cUxNUXNBUFlGVGd0eUh4NXBTSWxPbmpOTDlmajhDNGpCRFNEdjViQ2VMUE16TlNyOHJiYkJ6X1JQaERHRXJBMmItZTFadGVzTnAwamFsSFlWcWszR09UaXBmT0R0YUFYS0lnQmh6ZEplNkhwRVcxN090NThZLVh5ZWpvV2hoaUZycUxKOEkzdThwcVM2YzVqcXJVbA?oc=5","Asharq Al-Awsat","Arab","1780378550000"
"WATCH: IAEA chief says 2015 Iran nuclear deal no longer a workable model","https://news.google.com/rss/articles/CBMiqAFBVV95cUxPMTFIOEZJcHFuaEo2NlNDZW1EcUpnOXExUENqSHdjVVlhb2NMZjdRUmRsX2daZU1kWHc0R0l3YXdycWNjcGc0NktkNXlvbG1LLVU3blJFNE9uZW9EU0JuamRqajYtNDlISUpnUWF4ZDM0SGJZNHhrRDlFdkhGdUVJeXdlcXlWNVdSSjFGZXFDTWNnRzhiUmw0aVM0MGp4ZG9BTGd5UVh3cmo?oc=5","Dawn","Pakistan","1780378272000"
"Euro zone firms struggle to raise prices despite Iran war shock","https://news.google.com/rss/articles/CBMiswFBVV95cUxPU1dNWHhQcDI1NnFQQTZxQVdFY1RXMnBhU0JDUVFjbzhDUk9rOHdUdmRFTEl4NVZLV256YUp4b0RsbkxUUzhOaGpPUkJDemIzVnh0SzJBdl8xVzNxQ2JaNTZadnlIM1A0a09CSW12NTQ5eE50ckZKWDZRQjMtc3g4d2E4X1FFYzVxczRoc2hELXNMS25TOUhHb1g5RFVRaF91ZnFwLVpZRER4ZTkxUTV2WnB2UQ?oc=5","Reuters","Global","1780378260000"
"Iran War Hands Syria Windfall as Airlines Reroute over Its Airspace","https://news.google.com/rss/articles/CBMirAFBVV95cUxQMlkzY1dJcFotcnhkVkZTc041VmxKNmNYUnpqTEpQZjZNSy1Kd1Vvc0hFb01WbF9fNzY5eDVOanVCalBwbDUwZlo1M0tHaFEwTUx5bU16U1ZiQ0lDdmdYOW12NUtpdDBPMjZaaTcwZWdzU1Iwd2E3Ti1LdjlRUnFPMC1VVFpwalFrTmJqdkh3S0xnbFBaZXhVM2pwUFZDR0NfMmdCWHphVTdwcEh5?oc=5","Asharq Al-Awsat","Arab","1780377375000"
"Live Updates: Latest from Israel, Iran, and Middle East","https://news.google.com/rss/articles/CBMif0FVX3lxTE5NLUNjR21tZzdvMFFseF9OVFF1RFhUMkNzbWp3cmt4N20wdDJfX2tCdFduTkM3aEplOEhNbmI3WFZQSklWc1dzckVUNjlVQ2xBdjlhSHB5MXBCcTBYVUVEWUhJYnpkdDhfOFhVcjMzdUxmOE9Ca0tIZGQyZUtialE?oc=5","The Jerusalem Post","Israel","1780376405000"
"Iran says 'no dialogue' until Israeli operations in Lebanon cease, Trumps says US-Iran talks continue","https://news.google.com/rss/articles/CBMitAFBVV95cUxQbHlXYUVycEtlM3FYR284Tk1GcWRpMlN4dGotTU43VlI1cWhzX20zZTBLZXltMlBGQXRHVElyR1BnS29pZmxmVFpyNEhJN2YtRE83anFrVmJnR3dvckZJM3pCQjExOXA0SDJkb192U3hrZ0hkMDB1Vi0wVlVBSEJZYTNyMzZ5ZjBiNXc0OFoxUEpUZ0tPdmNMZl9zRDFIdkdFYmVqajVhOTdnZDhiLS1EUTVlSFk?oc=5","CGTN","China","1780376161000"
"Asia's imports of US crude surge, but can't offset Hormuz losses","https://news.google.com/rss/articles/CBMirwFBVV95cUxQLTdKVkl0aWdaNFJ4bDJRVFhud09UMHN0dDFmMGk5d1U1ZlBQZUZmSlZmY3FFeXE1M0pfSVg4UHk3Z2htazU0OFlHcGNxWF8xWXNSWHJIQ2dJeFRVZlowMFFOTGNBaGVpNVlmbkVCSlM0cXBEUnpWN21QY3RmaFNSRlNYMnpDZU5VSmxZTWNKNU1faVNzLXJnTFZZN2ZNZUNyVFE4ZWtJeWtMOC00MmYw?oc=5","Reuters","Global","1780376008000"
"Israel and Iran Step Back From Threats After Day of Tension","https://news.google.com/rss/articles/CBMihAFBVV95cUxPS0doYXZBSjJCdjlYOVhxM25obDN5MXBRWmRyRFNPdEZycjZnb0EyR3FqZWNKQVN5VGg0NGwwclhKaXhtTU91Y254Tkd4UENuZjJQSmphaHI2dXBqTzRwN3FTdk5EVllmY2hQQzYzSUtTOWMzY3h1Q29Ed0xfT3B5elBJSWM?oc=5","The New York Times","US","1780375980000"
"Rafael Grossi: the next Iran nuclear deal will look very different","https://news.google.com/rss/articles/CBMipAFBVV95cUxPeVloWm9mdkhJcDQ1OUVqMWI0Y2xBSnVfeGRvMHZzRV9NdmRvdGxONzhETTlicjdXWlJ6U0pfdzhXYjAtS21pTnd5TTQ4R1BiYlc5WW0tVnBubTlaaElselBVclVieEFUaDQ5ejc4VDl6NHVIUm5vNFVTSUg1SFFYSUM4UE4xVU54Z0VrOGNFbU0xdm1mVi1ObW85QVlaU2JMWkpZONIBqgFBVV95cUxNZ0dSazh0eS1fVWV3VXpsQ1hJSVBzamloSVRDS1k5WTF2d0xSMnFzZjJPVHNvYzRSdW0tSHNwblJlcVVXMHA3MEpnVmFuSGYzU2xhbVhFaUhYMnRPeUU2YUR4c3hXSzVtaXYzR2hxdGZzSU93c1liSnpUOXp2ZExfWElhQ3VPcEktbEJCY0lnTnQ3WkJxNDVkZ2QwOVdDZEN6RWIxNEFqbnJyUQ?oc=5","Al Jazeera","Arab","1780375910000"
"Outgoing Mossad chief Barnea calls for Iran regime change upon retirement","https://news.google.com/rss/articles/CBMibkFVX3lxTE15MjRUTUNDaWxwV1ZZdHhGdC0zcU5nU0NabDJ3dGNUTXp3ZzRkdjBRUFFBaGU3QUF4b3R0WWdkVzluNF8ydWphdENnY21jTmxHMlFCM3VfRW91TG5GQ0E0UURoRldkc1NDLUJnV25n?oc=5","The Jerusalem Post","Israel","1780375573000"
"Seeking deal with Iran, Trump promises calm in Lebanon","https://news.google.com/rss/articles/CBMijwFBVV95cUxOem5qNEtPTEp4Q2s0dnJiM2NOZlVscWw1bjFFbjg2SG1DRzNJMzE0RGRhdXVZRGNvbmY4UEg5eTFZRE5YQ1pSUTNISVRCRnJ4eU5NMVc2WFFDNmQ5TGVwaEk1aWdXeElvdFRSQjg0a0piRzJSTDVkQXRQRnFiaXhuNTJ3LWI2aUJFdlB3djhaa9IBjwFBVV95cUxQaUd1UzBVMVFkSnZqSzJVLXZBczBaTGNON2puUWtzekpmZjNzQlNKb3ZWLXJhMUl2QTBJOXl1XzJGTV9sY2NZcWZfOHI0SzNqN3dTOWRyaFZ3MGg5WDlUdFhCdloxeWVhdWFsLXdEVjVVVEpET1VESFIwVVdyblFjX0Y2MTBEZzVVQmVxbzhtTQ?oc=5","DW","Europe","1780375343000"
"Asian shares mostly slip as latest fighting undermines the US-Iran ceasefire.","https://news.google.com/rss/articles/CBMi0AFBVV95cUxQNkxYQ0hfb3EzeDhXTUIxNHE2QWNNTlViaWN1Y2h0c0xDZjVnRnZqTjIxdktGZzVHa3NpMVVWcEE4ZkVYNHpSZUxfRUZmRGtpRXI2RVNGZ0hic3Y4THpyb3dZWlZVSnY5MHNLU3N0OU43eWlqMks1b3UtUjZYdlBEOEE0SHlPUFVsWE51X1JMV0tMNFIzeU92bU9NRzduNUNKNWRQY0xzdDl6bUVzRzNmSC1XM1RjSWg4SlNEalpLV0pDbGF1ck9DU2M5SDdWOWtv?oc=5","The Washington Post","US","1780374260000"
"Xinhua News | Trump says deal with Iran could be reached ""over the next week""","https://news.google.com/rss/articles/CBMifEFVX3lxTFBSRFlBVXFDcUdQRXBwZHdaQVk1YXpha2tFb3EyTEhFeE5obGcyRVhVQTZuUzhRZ0RBOG8yR053ZUVIdjh1SlFNamotWUhNYzFzcUJBTjNwUGxLYWR1TENFRGg0TVhwcVdsRXAyc1RsQmhGR2VMWWlBWDRCNGs?oc=5","Xinhua","China","1780373175000"
"Rubio to testify before Congress for the first time since the start of the Iran war","https://news.google.com/rss/articles/CBMimAFBVV95cUxNMU1lV21PYU54OEVHeklzWElSQUtLdEJCQWU1RU1zZGNrc0tIRlhQWXJXTW5XNlJGN2ZnMnVrdTYtWDdOMUtzaGE5ZlVVZUZSY2NDa3VmLUEtSGZ1TTRpRF9OVEhMWTB1ckxxMVhzb1RLSGxrbVpRWWhoenA0MEdMQUxtQ085LVdiWTV0RGkxbndWM3hCMjFqRQ?oc=5","Associated Press","Global","1780372920000"
"Hotunan tauraron ɗan'adam sun nuna yadda Iran ta yi wa sansanonin sojin Amurka 20 ɓarna","https://news.google.com/rss/articles/CBMiW0FVX3lxTE5pYktnLWdNLTBkLUhobWJGcHdLSndUTFZodks2aHFHWVBDcW91MW1XdWVWend6cmkyMHpOWGdGLUpRX3ZwZGNxb1pHdURnZlhZS29iYWc2YTNtWGvSAWBBVV95cUxNQjBtN2FJYmlXVThFTEs1SE0teXhOYmxmQTJ6Q29iYTVuX0Q5REhZY2plWDV6bWhwb01Cdm53MUw0WXlwWDVRWFR6bmpNYVNxMHdxQXpOTlh3UGVXYThCQTk?oc=5","BBC","Global","1780372918000"
"Why Lebanon’s unhealed wounds pose a mortal threat to Trump’s Iran dealmaking","https://news.google.com/rss/articles/CBMikwFBVV95cUxNYXh0TS12ZHAtLUdQMU5zN2FiVmg2LURNYVVwNS1rc2VPcGpSaEFQTlpfbnpBbG9SYVR4ejh0UjQyUUhUOTdDclRkNndnUDR6dXk0dEdaWjFZTTNobFZDZmgwb1hwQjZscVdaYXlzbUczRDFGVDRLcnJtbjRhM1M0NGpDM1dEWGd4WTZONzNQM0s2TzQ?oc=5","CNN","US","1780372871000"
"Greek tanker operator Dynacom readies vessels for possible opening of Hormuz","https://news.google.com/rss/articles/CBMicEFVX3lxTE9hR0Z5Q0cwOTVMM3B1UWJnM28wbTFFT1VmNkpDVEpoRENsY0J1RUVmU2hWZ2cxRG10X2ZQOHIzcGpLOEdSYnN3QmxTN2hueEtqbzRnT01aQmk1eVVELUJ3dGNqdi1mZFk0Qk1CMGRab3I?oc=5","Financial Times","Global","1780372815000"
"Asian shares mostly slip as latest fighting undermines the US-Iran ceasefire.","https://news.google.com/rss/articles/CBMinAFBVV95cUxNRUgtMzUtb3E5V2g5QnZDcktfa0lLV0VuNXduUlVmRXhwWEd0T3ZsS0Z4NkJCb2Z2amFtV0I2RUxTSjJia0RSRVhwdmY3WUhEWi1VN29JMGtvb2xzVzBxMWpOdU54Tk5LTlNyYzEyTlBab1ZWQkZycVZjSllmeGtPdGxfVzYwVXBNRTVCTHIwS0ZCcnR5YWRiT0RVMHI?oc=5","Associated Press","Global","1780371480000"
"Asian shares mostly slip as latest fighting undermines the US-Iran ceasefire.","https://news.google.com/rss/articles/CBMioAFBVV95cUxOQ1BDblQ4bGJzVFlMZi1WV3lITWU2dmU0VXdMeWNNcDBvYjVIZnIxazdHMTEyM0xvUzV2MkpsUkFIM2ZObVYtYktKWVNickJtRlZNT3l6cHVuRXlaaEhXeUczV25mQWVxclYybEMxTW1weUJ5aVBEdjFwdnQ4RlF0d3hPSDRaNFdfUGxkMXRVcVU5NHktQThDYk5WUG5UcFRh?oc=5","The Independent","UK","1780371480000"
"France seizes Russia-linked oil tanker with alleged ties to Iranian magnate","https://news.google.com/rss/articles/CBMirgFBVV95cUxQc1pDRkIxTDMyVC1OeDJsZ1pTN1drR1BpdUZTNXdSQjRLZ21zc01yNlozY25TTXloaWlsUGVxYzFEOWlKcFZaRnFXMHpmb1k0NUt5V0p2aFBfc3FjNnduY3dVclhaZ05QSS1yNS0wS09yTk53MXJRSG81NjEwaW1Hek5WWkFxRnJudWFkbWduWndQaFMwOGdrSU1majlrcVZzSHVwVlh4Q05OT3F1cWc?oc=5","Dawn","Pakistan","1780371435000"
"How the Iran War Exposes the Fragility of the Global Development Model","https://news.google.com/rss/articles/CBMipgFBVV95cUxNUzdfSE9NOERwTVFKaDFFQWdybm5DNjREVDhqQWRkY2I5MUdWMEZMcFRsTVhXQWd6Q0g5ZVlBOFVvLXExaEVSTjFHNGhHR3g3U016ZnJhdzlmenZCeWJaNmdDTVBnQkxfOTJJUzlUdXBCUFJjT0pFM3U4WlA4dmlEbU1BUGRubEZrUUxjaEd3SlRGVFlwZ3VGZnViSnNOUFN3WWh1V0pB?oc=5","The Times of Israel","Israel","1780371060000"
"Trump says he thinks deal with Iran could happen 'over the next week'","https://news.google.com/rss/articles/CBMiowFBVV95cUxNMXdZaE15VzFnS1VQemd5d05kYkk1Q0puZzdzejlBZDV2cllIZkhtMnRsNjl1OWpmYm5zT183M0hENGFvNHkxUnNpajFDR0E5eEQ4RzdsYk94UG12NlJvNVFGOEdLV1A1Z2RRdjQ1dXgtVnZ2SG5HX2pyQVMzcmw0bUk2WkVYZVpCOFN1UFhrOTU0X3E0Zl9xejRrb3BNQndWbnVB?oc=5","Dawn","Pakistan","1780369377000"
"Lebanon tensions overshadow talks between US, Iran","https://news.google.com/rss/articles/CBMiiwFBVV95cUxPQk1WV1dOc0VwZEEwemJJTUdESF9KbmxyS2FKaGdyZ3ktbnZrUm9zMHNaNDhQRFMxbHVFOUQ1bEl2VEJvMGpqZDlScW1kaFNldFRtTkxHcUE0c0VGeFJNUG9SZFBIQi0zWWVia0hiWk1wSUROTGpHSFZqQy1hUk90bmEwQ2NTZXU4RkdN?oc=5","Dawn","Pakistan","1780367815000"
"Lebanon tensions overshadow talks between US, Iran","https://news.google.com/rss/articles/CBMiTkFVX3lxTE40a09JWmF2UGdXZzRDLV9ZSnltNHZJNUc1endKSnNjdWtWZjQ2ZVBSc1poUzFYVG85N1lhdXdmTDdDYlpNYWJUY2RZMEJRUQ?oc=5","Dawn","Pakistan","1780367815000"
"Indian shares to open lower as Iran war, fund outflows continue to weigh","https://news.google.com/rss/articles/CBMirwFBVV95cUxQRVRBMG5hd0lkV1NwQUpSWWtfdWF3WU5DR0xSblF2T01qdzlOTmI1MDFzczdzRXVfTVRzX2Y5TUVxamJqNlExUGVodEFnR3NNemxkMndGalZjQUlTeEVLeFhYdGpuNFYwekFBWEVPc3FTQTFpVEJvcFlIaGkzOTZEYmRBVWRWRUYyeUpFZzFCMVhReWQtb0NqR1VmQWx2UnNCcXpfR3BIbTdxX09qU3ZV?oc=5","Reuters","Global","1780367292000"
"Oil steadies as uncertainty over US-Iran talks keeps markets on edge","https://news.google.com/rss/articles/CBMipAFBVV95cUxPakpkVEhrdGNLT0ExV0RWc09iUlNod3lGZG1kWGU3QjZnZTJMRFlsczFPamhhWkp5d3cxSDVYTmhabWRvb0NBc2I2YW5XRmxIOWppaUtZeGR5eHFTSzZ4ZDMyOGNqa2t5ZUVtMlJSOVZqRWFEUHpQdnBIaE1Yc1htRmhnMmg5ODNLcExET3FRblN6U1QxUFc3LV85ZllKODdXR1dLZA?oc=5","Dawn","Pakistan","1780366443000"
"France seizes Russia-linked oil tanker with alleged ties to Iranian magnate","https://news.google.com/rss/articles/CBMirgFBVV95cUxNNVg4TW9Yb0JLY1AwYmY2X0Z0cGtzNUhwV1R4cl84SV9zcVpPYVhycEFUaFQ2VWQ5Zmo2cmpGVXdlUlF1QWZNVVpXVEtTanV5WHJPRGdoTWdMc2FHc2tjRTFZSkR6YWtZa0VZSkRXWm1mNE1QVlNncVkwR2tuRHVXSW1nTnR0QTlpZlpRNXJfc3MyYVVRQTRlYjJRZF91YmpIVl9sRXAtdkNPQWp6aUE?oc=5","Dawn","Pakistan","1780366263000"
"Azmoun axed as Taremi leads Iran’s World Cup squad","https://news.google.com/rss/articles/CBMiiwFBVV95cUxOMXV1eEdwSEFycDFoTmhWenVZdDVHU3hsWWthTlN4N3EtV0hUMTRHbTRJMlN6dWN3REhnT1VnUmNyWmlsd1UydDVNWks5Rmd1ekFDQ3g5R3dCWFk2b2xiMUFnUzhRQ0tjRXpPWHhBclI0ZC0yVldXTHptSVpndzc1YjFpVk54bUM4WEp3?oc=5","Dawn","Pakistan","1780366252000"
"Iran’s parliament speaker warns dialogue with US will halt if Israel continues Lebanon attacks","https://news.google.com/rss/articles/CBMixgFBVV95cUxPNEprdEhkeE96QndlUEljMmNodEFCUnhoT3FpZGZORDE4ZlZNb1huTjBNZkdPVmJJbnNBd2NpQlNiMVBkY3Fmd2E0TXY0bk5TWjZWUTdxTDNidzdOa255WmZrS05QQWQ4MUstUzNfZ25VU1NFVEZPS2NjWjYtMHBWeXcybExLclpMaDh2X0Nnb0pEb1VtVFpCZWlyTFlFRkduVEVIRVNjakVDMHN1dEMzVER3VVp4eGZodkRrTllzMjhYVTk2TlE?oc=5","Dawn","Pakistan","1780366191000"
"Goldman Sachs expects elevated refined fuel margins through 2026 on Hormuz disruption","https://news.google.com/rss/articles/CBMiwAFBVV95cUxNVWh5NzNLUUtUYV9LX2hiY0pWMGJ0OHl1Q0RYaW5scFN2dHJ2VEZvZU1IbElVRnlmTEN2bHROZU9oR2NySEhQYV92S0l4SzlCTFUyRGcza2I2VnRFZU9EYno4X3ZKemZaSllnYkMtVHR0SlVnNXBoNnN5VVdodHllTnJXMXM0bW8wTUZVVTRZbjJsNU54TmozMHYzTE1TNzBRSWxxNG9iS2cxc0ZMLTdldGpaOWVwamFBSy1oaEcwYlg?oc=5","Reuters","Global","1780365730000"
"Japan PM Takaichi Urges Passage of Vessels Through Hormuz in Call With Iran","https://news.google.com/rss/articles/CBMirwFBVV95cUxQNDZZU2hwblJaWG1OUEtrdTBqX1cyMnBJMUFXbEUtYzlpZWNpZ29oa2szY1VzYmtIMFMteXlOMHowQ1lmekd1MTdUVXo2RG80TnpUQ2Fwam83U3hjSGhUV296LTAwUnlnSXpOczJvMnBMWWlEamNlaUpJaVJmb0JxVWtnNUNUNmVudVgzOXNtZXItaS00WFBKdzZuV2VYekViTjFSZ05udHhTREN2bHlz?oc=5","Bloomberg","Global","1780365300000"
"Trump says deal with Iran could be reached ""over the next week""","https://news.google.com/rss/articles/CBMifEFVX3lxTE1fYjZvRHhXTVMtaFNYandESEJCTGtxaG1vMGNOdEQwU2R4eFIxU3JIQkhvRG1nbnprak9OUDk5bWhmUEpqc3NDamFQVEg1VERyRk0xX3FsM0VWT3dUazluUWlpQVdCdmZZNWVuMTJHYVVLZ01fM2FETnJwMW0?oc=5","Xinhua","China","1780363560000"
"Trump says deal with Iran could be reached ""over the next week""","https://news.google.com/rss/articles/CBMijgFBVV95cUxQbWZIUWY0eUdIQmFsUVgzZGgzd2NkT0padERmQ2NDbjVOMy02WTdEZ3JBdG9BLXRxcG90TkVZOW9aa1FlT01yNUgweGNFNC05TVdzZmlDTmtyYjAwdkVjcVhYUmxFNHRSMnNYUGhTbklkZGcxdDl5bVFHNXNSUHM3RTVGdTAza3puOXBtYVdR?oc=5","Xinhua","China","1780363560000"
"Trump news at a glance: Trump mediates between Israel and Hezbollah in effort to salvage Iran peace talks","https://news.google.com/rss/articles/CBMimgFBVV95cUxQck5VM3VSQWJiOVoyUHNza2I1amk2cWlGS0RzblRabWVObDFoQjV1T2tYM3hFWXlvYW84RVhwcXFsY0EtakdpakNGMGdobDJQcG14am1tUWtkcHlkZ0NodjRsSWN1RVEta1Y4TFZoLTBoSDgyaVdib0NqM0NueXNsajdLNWZBMm5nWFAzb3NQTzctb2Z5ODE0aHd3?oc=5","The Guardian","UK","1780363020000"
"Weaponization Fund Pause, Trump Says Iran Talks Still On, More","https://news.google.com/rss/articles/CBMiuAFBVV95cUxOQXAwNTRRYkUxdktpbkhoS1lZZlVNeS1BVkpPN1ExWGhYeWR3NnBkbkI2akJyNTJ1eFItRXB4bUlVM2tIUFh0X2V4OHlaZHJEdEhpRUZKMUhWWDY0QmF6bHA3ZndFMUp6YVZaMnVtcDV1SjNPYTBWZmtZS05jWXEyYU9QS1kzbXRzZTNaWktaUDQwZ2ZJaE1lS2xLTTVjaGdieUUxaUNScGxFZXptSjl5eER3Z2phbWdC?oc=5","Bloomberg","Global","1780362725000"
"Gold steady amid uncertainty over US-Iran peace negotiations","https://news.google.com/rss/articles/CBMirAFBVV95cUxPWVVWNVNodVFSeXdsWW9GZ1o4WnJKc0pqbkN4NGhBVkVOV3RqcXRQMDJfZHVHUUk4YWpGZFB5TGhCNmxBdXE0U20tRW0zMlNjYlBuenpIcVdoa0txQjNzb3lCNnZhWGpfOWZPUTM0WFBMVTdxM0dRUWVacnJzNjJsc3Fhb3hNWXZRLVUySkg2eHU2U3VEVG9zY3BLQXFva1lFeVhqLVhHQnFJZUhO?oc=5","Reuters","Global","1780362720000"
"U.S. Presses Neutral Oman to Pick a Side and Cut Ties With Iran","https://news.google.com/rss/articles/CBMickFVX3lxTE9WX0xtTUdsWG5naUFodUtWTVFrSWo2ZUhHT3ZWUXZGRGVTbVV4Sm92SThPQ3F5ZUlpR3ZQa05hb3ZaWXZoZFdVSjlLYlZvRlZ6aHd5S1FWZGpscTFPemc3aFBRQzZUU3ZBMlAwcThZS1c1Zw?oc=5","The Wall Street Journal","US","1780362000000"
"Oil steadies as uncertainty over US-Iran talks keeps markets on edge","https://news.google.com/rss/articles/CBMitAFBVV95cUxPMkZaWGJPbHBSQnUxdWZ6U3l6a3otSGFQSVNoTmpQNWJORWEtZ1dXeE42NGp2c2s4anV6UVFYenhsNHcycHh5UnhYUTJLRFlIbS1ONElzNzBCT2RsX0ROZVh4RXk3SmhKQmc0UXlFa1l4Sm5admU2LUNkdWxaZENkSmN3ZHJnbU1UYTJDbHZUdUJiNFFJZ3lfOTJmTnFKV21LQXZxcE1sWUF3TGZ5N3A4ZFROTTU?oc=5","Reuters","Global","1780361144000"
"Iranian refusal to abandon nuclear weapons program remains as key sticking point in US-Iran negotiations","https://news.google.com/rss/articles/CBMiVkFVX3lxTE9qa2tUUk5UZDBURzhOSHlzOGdlREJHZm5Ia2E1RFl0dzAzLWJQUVlmZ1JjWjVEZzhiZlRRQ2MzWWN2YVgxSFB3SjJqcnJOakhCQ2FzLXpn?oc=5","Fox News","US","1780360857000"
"Tehran turns to Islamabad to ease renewed tensions","https://news.google.com/rss/articles/CBMikAFBVV95cUxPbEtvWDZTZm14LW1wNkNCVFI0c2hXSFVHeW93ZGg1ejZlTl80Z3NxckdvTEFiNUxzY2pKNWd0aWwzNzQ4Vk9wMmlMNTNsdHRtZ3Z6R0loUGItbG5KNGpSMV9SM0U5Y3pzWk0yWHAzRGt1bmpPT3ZqdWZXTDJTbHEydGxFb1REZ2t4R2ZvSjRfd0zSAZgBQVVfeXFMT0N2aVpYQ2FfaENvNFV5SVdqZ2h1LW5uWlVvVHNIVjdOOE5mbjVlLVotSnZHaUFfWGFvQkR6MnN6VmZHcC1ZNWcteW9QcDVTdlVuS1VzYVU5SkEzVEZEczk2bUstQVN1ekpSbHY2bS1nN1dmNDlQN2V2alBlTm5OdXp4STJSa2Y1cDZlLWFLRWVOT0JBNU9leXI?oc=5","The Express Tribune","Pakistan","1780360679000"
"IRGC Quds Force chief warns Bab al-Mandab will become like Strait of Hormuz","https://news.google.com/rss/articles/CBMi2wFBVV95cUxPQWZSOWlWWnFyc3hSVXdwdm05STZUYmE4LTdhQTF1cnd2MnRvSjl3djdVU29pZ1Y5ZXBJZS1OcTlXRU9rT0pNcE5uYWYwcU9xaW0tTFV3R1YwQ2tzZG9XMmw3a21xX0dNOEZoV0JrckRJQlItWDBwRmh0cmhQNWhNQ1pIM2w3eXQySlhqZzhidXZPZlJsZFVjSlJ3amZ2VlpHcEJQU2tlVllvV2xBeUVvVXcxYWhTYk90ZlZFQ3JmUmo0NVhhb3dFVnJxVzNtaC1sYVZES2pkdlFOOUU?oc=5","Press TV","Iran","1780360200000"
"Iran","https://news.google.com/rss/articles/CBMiZEFVX3lxTFBacnB5UUtkSE9rQ1lfNlFVTGNWSk9abkFyaWItT1NKakQtYXFja1pWQ2dlTkQ5RV92Y3Rhd1hBRTRLMVI2LV92ZU1WWUNwT3N3UzRXSjdSeGFNcklzOVF1QmpNZDc?oc=5","The Guardian","UK","1780359372000"
"IRGC Navy strikes US-Israeli cargo ship MSC Sariska in retaliation for attack on Iranian vessel","https://news.google.com/rss/articles/CBMi2wFBVV95cUxQWmt2UmViVG9tck96WDZ3VUpxRHEtZ0dkbDFtNXVrc211M2Y5Vkc2VXFUa3lMcmFhaDhadVR1Ymd2SWxPSlYwaEU1ZUxMRTN1MS1GMzBkX2kzS2YxN1RZNlhPTDNkUmN5aDNBTFZKcndOSDJHU3lRcUhOWi1OTS1pZ3VobTU4bGlTMzR4TVpRX2g4WTZrU005bkVvd01OVXNQRnFmeUZ3UERMMEMzWHRfNkoxRmc3UmFjc0llbHNlc3ltX21wRXdEb3dOYS1IeVlKUHRtV3RkcmNjOXM?oc=5","Press TV","Iran","1780359300000"
"Weaponization Fund Pause, Trump Says Iran Talks Still On, More","https://news.google.com/rss/articles/CBMirAFBVV95cUxOelNoeDYxaEk0d0w0MGQ4dFFHdU5ncXVxbmRFWG42dmdhNXNVRG1nYzVxQlMzMklhYk9pQmFfVGNRSjBDbmhkXzNiUEZJenBhTEZURFJlaG9PTW56c3JzRVpjM2FkYU9MTHAyOVFBbnUyRm5qZ2xIU1BsN2RkN0ROSlBDZUZMMHRPRE1GTkVCWG5McVVrbkRXMEZpc1FXUnVyaGduNVNndFZFWWVZ?oc=5","Bloomberg","Global","1780359194000"