headline,link,source,region,published_at
"Urgent: Trump says U.S. struck Iran's missile and drone storage locations, coastal radar sites","https://news.google.com/rss/articles/CBMijgFBVV95cUxQX1JoTW9aM2JFblg4QUxFcGo5UG1Ga1VyUHNQLXRZejE4MzJSclhoMFA1aVJicGlNQmFkYjUwMzlqNHVzQS1PUEEtZHVvVDZsYm9oVko2aENSWnV4T01vUGx4N3ZLdjQzTTR0UWxLV19WTE9lb2pQYktlN0liMl8yRExVRmdaZlN3T0FUM1Rn?oc=5","Xinhua","China","1782605685000"
"Live updates • U.S. CENTCOM says it is striking Iran in response to commercial ship attack","https://news.google.com/rss/articles/CBMijwJBVV95cUxNQkVvTnkyYjdjTDFYMjdqUVVwUTNZdk9JSzJiOHo5cHQ2MHNaalZMX3AtbGdzZHN4dXR6ay1ZYnRNN2lSRmVGa0hzS1phczFUekJXdzNnYVRtcVdRamI1X0stMHRjYXpvc3cwOXNHQV9qWDFCMkVLSm0zLUdodW83NDRheHd0YVQyUkhPbTAyYzloeWdJeFJtMVdpb2F0YmtaQ2ZLa2htZGJFZkhZcVZuWGdua25pN28ybVI4eXU0eVRYYWs3RXdoN1RHbkRsMzNDYjJiNTJFdlBmaDNyYTJQM3NrLWcyWWE0TGdETWZaVmVTT0V4ZW94VHpTdjRCR1hKQ3JsWG1kOXF3allTVHhz?oc=5","Haaretz","Israel","1782605520000"
"Decisive response': IRGC strikes eight US military installations after renewed American attacks","https://news.google.com/rss/articles/CBMivAFBVV95cUxPZmVxMDdfTVpqOGtQcUVBYTNrVG9TYWV5YnNmbE1nbXkwMmE3R29lMFNYTVBrRV9veEg2YWFpSHcxX2M1cWtBY0Ewa2l6TG5UWUxKQlJGYkcwaHZabXhFeEJmRENNeHpjazdGSTJfSG1lVzBoemZZaDc4bVhxM0RQWHh5VERSbmdHQzFWN1R3N2QxM3VscFZnU19Jd0tvTC1GdHRuc0cwbjgyWGg2WW9pSTU2U1ZGWXM2em9ERA?oc=5","Press TV","Iran","1782608400000"
"Iran offside call sparks fresh debate","https://news.google.com/rss/articles/CBMifEFVX3lxTE9INURQNmhNYlRoTFh1MmdOanYzS1hucXd0VkxZR0FYTERDOGhxQXB5S3ZDaUhIMEd0TDgwT1NodUQ5bWVPRTlwN19jQWlScEdqS1hqMnJDRnMzbENIblY0NGtlbVNoQ3lhWEV0RTRzaXI2OTZPU0FVd0FHTTA?oc=5","Xinhua","China","1782608130000"
"IRGC confirms launching attacks on US military sites in Kuwait, Bahrain","https://news.google.com/rss/articles/CBMitwFBVV95cUxOT0RKLWZROWFLNDM5ZXl5ZlB0QUdNWkpTQkVIeWc4RVlXWmxlN1pjRHdvbi1DUzB5azVXX0JsME54WHFOdTNHYy05NDl1TFpBTHhkSDBpeXc5TWtZREZJYVpOaFQ4c1Vmd3A1NDNQYmpXb0s0bFN5N3U3amgwTURKWnBCNG5jdVhISWZPZGdJU3lPYnpxX18tTDZkekJCVkFGNzRuY2g5UjV4RDhiXzk1R0FoMG4xSjA?oc=5","The Times of Israel","Israel","1782608101000"
"Kuwait, Bahrain hit with new missile and drone attacks after US strikes on Iran","https://news.google.com/rss/articles/CBMiwgFBVV95cUxOWkgtSFpTYUpHVktUek1rVlVPNThnRXdDeXpUVVV2T0RURFg4VWVETE1JSllnajdVQ2xmUk5rTjZxdXloQWdTUUJseS1RdGE4QzdRR1ladjUzcmV5X2ZUcU5XVE1heFJvM083azJvVXo2LTV1V3I1eGM2SVBsN2JvSndRSTQxRG4xRzBaejJZVWllemVMeXRVWVNneTRXbW9DVUpfNjZ0YzZ0a2h3Mzk2bFp0Q2hrZGtBLTBMR2RGRk1PUQ?oc=5","The Times of Israel","Israel","1782607501000"
"Flash: Iran's IRGC says launched missile and drone operations in Kuwait and Bahrain in response to U.S. recent strikes: media","https://news.google.com/rss/articles/CBMifEFVX3lxTE5fdXNFSUJSZFE4QUp5VjQ1YjVkSzdXd2xBZE5ReGgyUW1jcWRxQ2hydGVPQ1BCdjhqNmVFT0JyM0hNdDM3R2d4bDlQQlhaYks0NW1DTWZYU0drR1BzYXdIcE8wMzFhTkc4SU91QkdBcERfSjlJaWw5MUxSYTM?oc=5","Xinhua","China","1782607335000"
"US Launches New Strikes in Iran, Venezuelan Death Toll Climbs, More","https://news.google.com/rss/articles/CBMisgFBVV95cUxOajZrcW8zV2JfNWJnUmtyTy0tMm90d3Z4VF82eTV2UERsSzh0aFk0TkVncTk3S3NhRFktRUY0VzJtX0xOUTI0UWlVODVSeWtENGhFaE1wb0EwOVN1U3dnTmh2Y0tnX0lCajF0RkY0Y0lFLWdGaWtrUjVsTXVVQVBPekNiV0xteVY3Z1g4T2w3WGV2aWg4ZjZRYTNsQkNkWVZlUDVob2ZJdWpjWVcxLTZnVUV3?oc=5","Bloomberg","Global","1782607484000"
"Trump news at a glance: America wins ‘either way’, Vance claims amid shaky ceasefire with Iran","https://news.google.com/rss/articles/CBMi1AFBVV95cUxQSUw5d3hqREtJbkhraFF2QUk3SkhPX19JZi1UZHptYzdPRjlEcTNhY09PVWhmcXRhT0lrdDZPaGFkc2twZm5vb004SjZVU1Ffa3gxTEZVSGtrcDVOcWg4ZEJZRFJCZ3BTazRpY1RJV2cySjhjYVI5Q0I1VHlFTTlHOVQwb1hkUEJ1S2Y5Ym55QWt6XzZUMGlhbGtMTlBGdVgweDlTRlVVS19sY1NDSWk1RmxXaXVRN1VHWnR6TkU5RkFPOVVCM2hIX0VQbEdXLTVwanNXdg?oc=5","The Guardian","UK","1782606043000"
"US Central Command releases video of strikes on Iran in second day of attacks","https://news.google.com/rss/articles/CBMi0AFBVV95cUxQSVhVc3pZVDNpYVFNY1ZBcmJYeGNLZDdVeGQ4d2lFMEg0dHdkejJFQzM5a2Jya0xXY1lOUDhLT3p0NTdGanJyX0lIQTRYLVo2emkwZ0NwcjNnTFR6dnliMUdiMy1ta3dBcVNxNlJSZkc4SnlTLVRwNUdjS1FtQTNycjRWc0ZMaWdteUxTcC1IWTNucFN0dWo3MFFQN1JId29XMVI0ZW1rNG0wLW1MRDRJVGtUUXZSVnR1d2ZYMy1UWWhLTzVtTGFJQ0FweURiVEtG?oc=5","Associated Press","Global","1782609660000"
"Iran offside call sparks fresh debate","https://news.google.com/rss/articles/CBMifEFVX3lxTE91QTJMY3l1eFJ1c01jVEdHNk5FbkpnWjR0QktKQmZUZ0tjaFdxZFlYSlZSbVFsNGVaeWQ4NUREU2dkMk9CYzdxTkpnQml5OU5YMGxFT3c5eW9JNldzTnByTndTcURrbXNYZ0FYOXdXalA3VVVJTndNcGFIYU0?oc=5","Xinhua","China","1782610335000"
"Flash: Iran's IRGC Navy Command says U.S. bases in region to experience ""hell"" in these days -- report","https://news.google.com/rss/articles/CBMifEFVX3lxTE1XQV9RVlZUREMySXJXaE9IWVlScGIyWnNIdjV0b1NkZHpQLVBwZ2RQTDdmeE5FakVZM2F4QTFYVHNGcVNvb0VfOGZZdWNuQmFTeHpKRVdIU2pqM0EtZVFfOHA0U1lXZ3dlTGdPaVpFR3pVZkZxNUdCTGdKZ24?oc=5","Xinhua","China","1782608835000"
"Iran launches attacks on US military sites in Kuwait and Bahrain: report","https://news.google.com/rss/articles/CBMi2AFBVV95cUxOYzNlbFRVSmI3RGFacTRnMnNXZ044Skh5N1g1R184WmJSQUJnT2s2Q0M4ZVM3NGhIOTFFLWZ2S0VzYkpjeFdEaWdlVWg3Tm5FZ0d6YS13QkJVXzZ4RnAzRm52RFpiX3Z3MXdGdWhSSFNLWlJUTXppZGxkOEhJS3JYOFhYaDhlamhudjN0ZWpoZ3JPalZwdFMwZmdDempNVmRHQkJIRGxwS2hHazAyUjlGWnAxOWNCb1U3ZFEwNGlsQV9DNXJ0Sm12S0UzU2t1aUc3Mi1tVWNlM1o?oc=5","New York Post","US","1782610980000"
"IR Iran - News, Schedule, Scores, Roster, and Stats - Page 2 - The Athletic","https://news.google.com/rss/articles/CBMihAFBVV95cUxQLXJkRkh6VVE3MUctZjNLc3A3bnMtc3QxZjdySHNXQjNhb1pyRTBhOU5yTzhFQUdxSXVBdTZMYXhGZkdHa1VrbWEydkN2NEg5b0EtZW5MWGNyRWlvVExPMnkxQ0wxb2FLRVhOcjB4MmFtd0VySW5TSmVPSnZvYS1rZUduRHQ?oc=5","The New York Times","US","1782609809000"
"Live Updates: Latest from Israel, Iran, and Middle East","https://news.google.com/rss/articles/CBMif0FVX3lxTE11d21aUVFoeHVGREdxaGsya0NIVzFNWUVEdGEtNWVLN011aEc0ZUFfdU1vS0tqVVl1bjR0c01TWUtOeVZHbEg4bk0zRFlkdkRiSHVIb2pjQ1lTTFJuMVZ5QUpZMlYzZWR6THZoOUctbHdJRjRqalloXzdrMjVxWDg?oc=5","The Jerusalem Post","Israel","1782612005000"
"U.S. source: Israel-Lebanon deal is roadmap for U.S.-Iran truce goals","https://news.google.com/rss/articles/CBMilgJBVV95cUxQanI5YmprWDZwSE9sWXlUNFJQaHlLd2VkVjJzYXdmZ1FOVHIzbWhLOEdpUzRwMmRoYXBlT2duajBPeGNlTThSeEVDeVJDVndVNmRHYWV5Ql9MSVdOQ21RN2VsUmxUT3AwaTFHcENhZ2YwSXBfS2hNZXpycEViaXNmSGhPVXVwZm1CYld4cUs3aEFfRERkUVRfUUhEQXNYV0JGSHJaUTUyUEJoLTFVUHZPeVdrYnJ1XzhCcl84OVhhU1RjOTJ4eGx5c3lkV1N0aGVKcUNYNGktckJCaEF4RkRTbThpallaVGtrVmtVQ1lwUG1mNHdYdU0xUmxEdlFrZGxKb3pLU3pXZ25zRGJyaEFMVFY4MHA2QQ?oc=5","Haaretz","Israel","1782614460000"
"Trump threatens to 'complete the job' in Iran after fresh strikes","https://news.google.com/rss/articles/CBMingFBVV95cUxQYWxXVWRQT0RGVWxqS2x0VEZURTItTUxzRGVtQzVyZTFkYTYyZ0E2UC1jdVhkRGVKSUYzcFFCZHNyclI2NTdHUzZEZVUtQ3EtQkw3dmtZVHJ0TWVBdkZDUkV0R0FYMzgzdDhYMlRGelpsdkxNejY2MzZHWnpyMnVSaVV0c1hoYjNGRlhUVENMZldfQzQtcEZiQnBMV3l1dw?oc=5","Dawn","Pakistan","1782613853000"
"US military says it conducted strikes on 10 Iranian ‘military targets’","https://news.google.com/rss/articles/CBMipAFBVV95cUxNRllKQTl6MFNFY1RocWdSdG52aDJibzFMd0ZMSVIxR1Q4TTVqYzNtNi1hVmItc29Vbkl4T290LV9CdTFyQnRDNkJtMlFLS01wbFlTVjctQXhhSTlITmFidGxlOExqeUw3WVNNTk4tblVNaXBvNEVZS0JmbkZ0ODk3NFhWTVI3RzB3ZFdNc0lTNFNQMGthZlBVN1I3djBHRGdXOGgxRw?oc=5","Dawn","Pakistan","1782613361000"
"IRGC says targeted US forces in Bahrain and Kuwait, any ‘enemy aggression’ to be met with ‘crushing response’","https://news.google.com/rss/articles/CBMi1AFBVV95cUxPS2hLNFNobzhXWUNVcURpb2prNVF3SzRNU2hkMUktM3M4UjFLSnB6VV9FakRCZnlwRzlWcm1PaG0zdzh6amJyeWVaWEY2a0Z1dG5aNE9qMXJPcDBnU2lyUndnbC1Ld3dVMW5YdktxX1Ywcm1BMENiaFhOZjd5VG5jZmtoMXlYN0VaTjd3WXRySUpDZFp4eUJqNTExVGotUDlqLTNNMHpSUk55UnJQOFBRbnBBOWtUSElTdW5nTDRqSWJMNjFyV3IzaGNqZ09nZmNzenA5eg?oc=5","Dawn","Pakistan","1782613252000"
"US military says launched more attacks on ‘multiple targets’ in Iran","https://news.google.com/rss/articles/CBMiogFBVV95cUxOYnJkM1Z4cXhFZHRaNE5oZXE5dldSTThJZWdsak81Nm5pNUFGQjRoN2JBT3lGNTJwRVJXZWJ1c2s3OHg4bjhJRXVBWGEtSTBIOEZ6MzQ1RWtrZHlISk1MRFpJOXVVejdJX29lNzFYSmV5WFlYbDZYV0ZETzhKMWZYYTlORTVnVDVJMTd6UUJYZjlSRW1NRkpFM1FiUFZBSnFKU1E?oc=5","Dawn","Pakistan","1782612846000"
"US strikes more targets in Iran as fragile ceasefire comes under renewed strain","https://news.google.com/rss/articles/CBMixwFBVV95cUxNM2hUWDlWbUI1Nk1OUlg1VVlwN1RVREFrTmZqay16bVR3SjhTUFQ3d0Z6cXU1UHRiUXBBVHlDOHRYNl94MC12blhNV05QaXR5NVUwaTVUNHNsSFh5NXUyS2pETjhueEU5eW9YVEdFTkl4STRjc2hCMGZrWmR6LTVkUnRrX2YzeGxEeEtiQXB2em5Kc3JPcmpyTWM5NnJlUlJjZmtoLVpjbWtmaVhPU1RaQV9QU19CQkVZRVhWQTNEV2NVMFhhMktz?oc=5","France 24","Europe","1782615473000"
"Xiisada ka taagan marin biyoodka Hormuz oo cirka isku sii shareertay, Maraykanka iyo Iran ayaana isu hanjabaya","https://news.google.com/rss/articles/CBMiXEFVX3lxTE1ld3lIbDdtU19fYXVKbXpWVEFTR3l5VnZHZHo4MU9zVzlqNnZrbWxNekpNRGZsVFNzTUtHVXR5ZXY3Q3dXMHR0V2kwSkluYzdnTjV3cFlWQmp6U0NT0gFiQVVfeXFMTkhXal9rVWhkRlRUV1BrX2dUREtKaW1BX0REX0gzLTYxdWlWbkhTN3VuQVFyaGlLV2RWVlJfaDJWYnBoeldhZUZpeWZ0MjR1WUVjTGxoekFpSU1XSDIxcHRIQnc?oc=5","BBC","Global","1782616089000"
"Trump threatens to ‘complete the job’ in Iran as US military launches fresh strikes","https://news.google.com/rss/articles/CBMisgFBVV95cUxNSWJpN1VxTmpMb29JZjgzTnVqajU0dXJmVFFxNEF4T3MzenZXWk9FLW1YOHpGdEk0c3lrQU56akxjeFQyM3lwaTdJWHVRZ2FTSllkYk9PcmsyRkZtX3Q2TkVtWkIwb0ZWbmhxa2I2VElEWnA2YllZQm5MZ3B2R2RZenpYQ0FHazAzVkM3cXBIU093MW9TQ1FFbmdkTW5KZWxpTE5hMi13cDdUVlZNZUwtMzZ30gG3AUFVX3lxTFBlU01XakVNamNDTHFEVmphZlFVVmRJTDFPLUlyemRtXzRDNWJNZC1WZ1dXdjNRbmhqZElaeDV6OXhHRW5ZN3E2bW5OYjBjWkV4d2xIZEJfd2VOc1NwSk1QTERFczdUUlNHQ1Y0aC0yWXVlZmVzX3UtZnozbnFQSXU0S1lFUk96NDNwYUd1LUowWG9WeEc5OEdvbEpJbTNnSnZQcHByQzA3R3FMVFZlclNiLWhyanFhVQ?oc=5","The Times of Israel","Israel","1782616469000"
"Bahrain and Kuwait targeted after US bombs Iran","https://news.google.com/rss/articles/CBMioAFBVV95cUxNbG5fSVVHTHRNSHhoZ0RJeUZQY0lfUEFWdC1aNEhtWTRhSzEtNzRFYWVFRU1kWlVQU3RXeDY2WWNTNFRiRi14M3Z5d2p1N29ZYnFRYW1xOG1rMDdvQWVySmo3d043SUNIU21hMV9tZzlURDdZZ1EwZkpOa0paWEQzUlItZFpwSGZYWkRNU0xNWnJMTGxWMWJTTzF6YWx6R3Q4?oc=5","The National","Arab","1782616275000"
"Netanyahu Says Lebanon Deal Strengthens Israel While Weakening Hezbollah and Iran","https://news.google.com/rss/articles/CBMiowJBVV95cUxNWjNCTHpNVjRRMkYxOG9vZlVNcFJHUWtjaXA2TDd4OERaV1JCRUVSOUQ0VkM5R0YxcnM3Rml5TnBTdEVyeGw5d1E1dERJREE5NFpDTTZGYUhuY25ZZ2YzVUlqTGlHeGp1dGVVYk1qUFdaQms2aGFnTVdHakVaSmY0ZXdSNE5sM3RzTS1QSUtRZVc0VHk3dzVjaTd6U1RNcXZQRTBiaHJWVHhJTVdKTmNmOVJ3ZDctcnVDZ1JCSnFmMlYtUmxoak4tUllfdURTSlRnVE4xS2NzVk5OWmpSMmRZcUZIQ0FxOUp4ZzAzZFJrd2hkZnBzM3ZWQkZ1MzliQS1MVG9CODljZWl1UF9UU3V6RDBDVkdfaG9ldTd4bFVUaW1Ob2s?oc=5","Haaretz","Israel","1782616260000"
"Iran’s IRGC warns of ‘crushing response’ to any further US action after overnight strikes","https://news.google.com/rss/articles/CBMizAFBVV95cUxPZmE0Zi11QVhjMnhmd2hnN3FleVRlNWZGcGlzT0tuUFZLMTlxcGhQZ3MwZmFOMW9GS1JyLUNTQTdLUDZDUS1oc2Rnc2tqR3pEaFVWYW1XQ3poNjB5LUh5aWZrcnRBQlNrMFBzcWpXUjBxUVJ1ajFlbjRPRW5FVFZnZnV4YWc2WW54N3laQVpyQlJkNVkxQnVXckNPWTYyRE56enFiUHJNUGJ3U2pMWDRNZ085R0M4WTMtS3RnTkJVNk5QSGZubHpVcEw3Zlg?oc=5","The Times of Israel","Israel","1782615901000"
"Several explosions heard in S. Iran as U.S. claims additional strikes on multiple targets","https://news.google.com/rss/articles/CBMie0FVX3lxTFA3ZHNQWS1md1VGZ0tTd015U0NZWHlPc2xkbkt1dEV6QzRDVVZISHZuekJwVHZwZkpwZjBTTHpuY1QxdGFxN1FGdGMzZnNLU0gwUUhqUXZmV0hRMXBUWS1hU0VkVmR0UzBJZkRNUWs3bTZDRHVNamd1Z2Zrdw?oc=5","Xinhua","China","1782615810000"
"Xinhua News | U.S. conducts further strikes against Iran: U.S. command","https://news.google.com/rss/articles/CBMie0FVX3lxTE8xSzh4eTdUQWlrZDBqTFMxMXMyM0V3enl6WWF3Y2JKdjZmYURPWEpLMVpFTTZmd3hKNkZPRi1tbTdOdXdoVWlvN0p5dFUyc0l6WHBjWV85SldTRWZYaXZISG9QaUNIMkR3QVZ5YVEtSmdNQl91WllyTmdlbw?oc=5","Xinhua","China","1782614536000"
"Gulf countries attacked after US launches second round of strikes on Iran","https://news.google.com/rss/articles/CBMiwgFBVV95cUxNaXYtWFZFa0FRbExLZGZMeVZGX1FDVXBrdERHZ0xLbGpqVl80SWRpcUJkV3dDOFgxb1VmelN6S01sUG9FMmNId2NRODBRVUxGb1BodldkR3lfVXctb0NFelhacVdLRnJqWDQzNmpRWl9KazJQZTRmRk50U19ySHdjLU5ya0dnekZ3Qk9QR1JWM3B3M0lWYkh5Tk9yVXo4X2V6VHczTEE2NXlPSWdNV3R0Q0Zma0UwX2tUSUxJTjBlQXdNZ9IBxwFBVV95cUxNYUpEYmxVaXM5VHJwLXBReHhweTMwdm13STVQOEJnd1Fud09yV2xrYTJWcWRyWlNibDZIS0xOYnZvMmZmX0NHazZxZEtPclc1R1NKQlpieGRrNVFIRW9yaGFrSXMzRFhrY1FFVmRNVG5TWTVEOEhhSFlrSnJiYU1vcGlkX2x2Zlkyc1hGMEYwdHFZVDllRnRYZmhwaUo1TnVWdUhCdFp4SVhOZFNvc04zU09id0IyWmFpSkpYYlplbHdYRlExZ1Rj?oc=5","Al Jazeera","Arab","1782618623000"
"UAE, Iran to resume flights from July 1, official says","https://news.google.com/rss/articles/CBMijwFBVV95cUxQM2g0cGJHeS1Oc3BfUU96RS1LNnZEd2pfd2FtNU9BV3JTaGQ3bUh5T1NmdjR4LVF4bjRHS1ZsMHlETkpUUHNCM2RLUFlqRm5kTE5VeWczbl8zYjY2X1pmcUlTeHREbzhCX1lsWkJjaG4zbERYeWNZTERpQVhDRVZOcTRTS1VJNlN2VElBUWN1MA?oc=5","Dawn","Pakistan","1782617184000"
"No US casualties after Iranian attacks on US facilities, official says","https://news.google.com/rss/articles/CBMipgFBVV95cUxQbFVfUUhKNWNuaWl0eEprdEVyMlE0a0luSnBCN3FwMVBTa1ZwZHpZSUVicmhkMDFITHhwOUtnTlFiYUc4aWw3OVBHMjA1d3FNdTQ1Ri1VbExoRUJGQlBjQWJTZXJ0X2JRNXpQTjZyMUZiWkNnZWM4NjNNa1EwQVM5MEIxazJOcHJrS0dqRjRJSlNtWF9FVkVHaS1uT3hjT01NcVBmLTd3?oc=5","Dawn","Pakistan","1782616795000"
"Pakistan business group urges revival of Iran gas pipeline after regional thaw","https://news.google.com/rss/articles/CBMiWkFVX3lxTE1Xdk1qWVRKZDZqZzZmai13Ry03MTFFeG9FSDd2ZlF0WU9lUFV6Z1FqUGl2Z2k5UlpMUUktOGszQXNXVFltOV9KTnllWnpoMFlnNXo2Ry1YU05mUQ?oc=5","Arab News","Arab","1782616360000"
"Mines will hold back Strait of Hormuz shipping for months, CEO warns","https://news.google.com/rss/articles/CBMicEFVX3lxTE1xUURpdDhYenA4QWxrWU1Ub19SVFJrMjNPdzY0ZnJ4b3dTekQ3X084T3Nmb0ZMVnlhNHE4TGxjS2FldDdLTi1uVTFIeWN5OW9yVDhuLWR1cGlhYUlqTGg3bWtEQTgtVWNTQXlJRFFBZ08?oc=5","Financial Times","Global","1782619209000"
"Austria and Algeria advance to World Cup round of 32, Iran eliminated","https://news.google.com/rss/articles/CBMirAFBVV95cUxNaDBnWUw2ZjNJbF82RElqNG5JNmlqcnA2Q0R0NFhObzBrSVZ5TThlZHlyV1M5bjNGVlgxWUNzMnFuLUV5SmhTNmtEeFFQN01JdkZwM3M1M2FfV3NUel84UlhsQVNNM3JqZ3o5bk1fNFJST3U1WUJjbmtLOTRLRXJFNGNZS0xMR0phcnNEaVE1aWo3RDJNZUFaWklzVHhqeXphaERIel9INHFkSWZN?oc=5","Reuters","Global","1782620460000"
"US Strikes Iran Again as Tit-for-Tat Attacks Test Ceasefire","https://news.google.com/rss/articles/CBMirwFBVV95cUxNUEZsRldSNktaQjJuREx0TFZsaUJLM25ncTlEUlpsMkFQUHlwb0pFUU5yOGhVNGxISDQtaGdwMWowUXFfVzB4cGlDQ2phSEFCQUUyV1ozaVgydXJMNW9oUEx0M3M1dzctU2YtUlJTMVdYV0JDYUwwX0N5S09HTFhoM2RuWTNDdzBlbHF6eTdHMEN3VTY5T1BMWVZhNkhWSW1lblY4eVhTRUF1N2l1U0VZ?oc=5","Bloomberg","Global","1782620280000"
"World Cup 2026: Algeria, Austria advance after draw as Iran crash out in group stage","https://news.google.com/rss/articles/CBMiwwFBVV95cUxPbWROam1qOFFrdnVXMWlOUWU0NEFiY3VVZ0VoTXpFUjZlektNdWk4UWNYbVZTTTY0dFNUdFg5REwyM213a01IWkttei0zTW1WLTQ1UjFpLVA0bTlRWUlpZUV0OVhnelJQSzZzMGRzS2RYdFZtaWFJTTRwYTVJSGFUeUNrdG1hOHBPRWh1NTlXU2ZsdmFTUVU2UGVLQ0hrMmtaNmdZN1V3NnVKT1VBMnRILVdaUExlT2FyUXd3MGhZYWwwSFE?oc=5","France 24","Europe","1782620213000"
"Austria draw with Algeria in thriller to reach knockout stage, Iran out","https://news.google.com/rss/articles/CBMitAFBVV95cUxNRWxESjNJOHpZWkI5M0wtZzhVT0pXSEJSbXN4STBsd2JXM3I2MFBObXFxYkdtYjZ6S1JtRHNERFJfMU9DcDY4MzZ0ZWNoQU94SXIwOTZhcmtCQUY5bll0TVRYUGsxaU1XQmlRMkpGLXZQZFQzZUtDcWUwak1URHFVTmJEWEFmYzJUUFV0Q1hxRzMxSzEyRE5wcnBqNzJxNldhVnRKMkJyTjY2VV9YMl9WOXlJYlA?oc=5","Reuters","Global","1782619980000"
"Iran narrowly knocked out of tumultuous World Cup on Austria’s last-second goal","https://news.google.com/rss/articles/CBMihgFBVV95cUxQbVpqR2t6cDZDbTNJZHB2OGxrNjhjcG9FMXNZY2pEY3ZMMzk4Vm1kR2hjdlhTQ0FobkJnajRzcVdpTlJRbjJGU0dZd09FZlFzSU1XblZqN0xyT2ZZdHhTWW94Zmk3QklTa3EyTVRLVWpiYUVMS0hPTzBNYUdjQjFJLXFHVzJGUQ?oc=5","Associated Press","Global","1782619260000"
"US strikes Iran again as Tehran hits Bahrain and Kuwait","https://news.google.com/rss/articles/CBMipAFBVV95cUxOZV9EaFpDeFdHY28xY3dwU0JfNEhvQ2ZidGZsamk3RGd3Zmx6dUZpMXBLa2pfQUdDcktTekJLOFJNZU9jaHhYcXk2VnI3OEx6T0laaXJ3ejZXTTNnckRyMDlXbFBsTHEtb0VCNVp2cXFOWS1lY2dpVXBPRkdmaGt6VGJGUGZEZndsaGZJcnBvazhjR1B5b3FuUUstNEdTS2UyRXJPZw?oc=5","France 24","Europe","1782618594000"
"Iran and South Korea miss out on World Cup last 32 in dramatic third-place race","https://news.google.com/rss/articles/CBMirwFBVV95cUxQRUQ3cURQOUYyeXQwSGZGaURVS3lLMGNaQmh3X2kxM0NzLXdsOFZEV2dXY2MxYXpOdHNYOVRERHdiZHQ3SEp4Y19qX09UVkItemtPNUJLNE9wVkcySG43VkF3N1VuME5Ka2N0QTBuVzRBdk5iNndWdExQR1p1eGh2WXlJbWxlVWZFZElSM3ltdWxLa0Y3TjBYN1NtYTZFUnpBNFNlaVp1TTBPZ2dWS2NB?oc=5","The Guardian","UK","1782620820000"
"Late drama sends Austria and Algeria into World Cup knockouts to break Iran hearts","https://news.google.com/rss/articles/CBMimwFBVV95cUxQYzlBTXlaNGJkeEZialNrdV9IOTVnSGY3TGJ4OU5feDFSTlNIaU40VjUzY3VGRnZxTXQ4d3dILTRUSG9POWZ2VG5NTzd6ZDFXNUdpZWwyaDc5djYxdG1oakRqS2szdnE3aEtXN0h5TWllMk4xbU8xSE1Vc0tSMXFvQjJ3RmcxNC1OYzl0MmowTGtlZkV3UU05TW9ZOA?oc=5","The Guardian","UK","1782620700000"
"Extraordinary Algeria and Austria tie eliminates Iran, delivers result many expected, game no one did","https://news.google.com/rss/articles/CBMikAFBVV95cUxNZ2V6N0E3c2xYOTY5dVY4akJDTmNxaGhfdUdTdS1WanVPUVo4Ymo4U0x1eUdBaVZmZE9KeE5LajA5M2t6NDRCTTJrVkxQRXZuWGxSRUhudEYtWlNMVFlfN25sYzFId082RGJfWWFtREs0Y2ppUk5IajBpM0tITEZLa0JqdVM4cVhfM0xJTTBzSy0?oc=5","The New York Times","US","1782619943000"
"Iran narrowly knocked out of tumultuous World Cup on Austria's last-second goal","https://news.google.com/rss/articles/CBMiwAFBVV95cUxQWmpKdEJmdTk0N0dmUGYxSFNheDRkeXBiX1I0Nnlqd00wNUd5S2RRSF9kUFkxdjIyS0t3YV9mbTROckZ5M0t0YTBiUk9USHg5bTFqU0NZS09fdGMwemZNNkF5U2J4b1kxNW9EYWtQbzJVa0d5R3pBdUZ5Tk5SU1FXbmFxd3JfT0FUa0I2VG9USE5Xa3pzUTg0bE5fRWpIN2NJVDk1eVlVeVo0ZnhKTkVVUWR0N3hEMG5jVk5LcU1fbDE?oc=5","The Washington Post","US","1782619743000"
"Third-place rankings: How Scotland and Iran missed out on World Cup knockout stages","https://news.google.com/rss/articles/CBMioAFBVV95cUxQUjZkYTEybUExeFlHeFNRWTJ6OU1pMkdXdXVqN2xCRTA0N3JCN1RCZ2FnVTVKdE4tUWk3cXMwS0RhcXRaSEZDY1kzTHU1bUF2WGdVZXNSSW53LUJkUHAzaG50NzA2TzJoOUFpRUoxQWUxSEVqZ3NSeXJXY1NRTXR2ZUVxUmRIbG5rMmJfUVY5Z1NVb25FMGdoVkhCZTNFdG1w?oc=5","The Independent","UK","1782619140000"
"Iran eliminated from World Cup as Austria and Algeria advance to round of 32","https://news.google.com/rss/articles/CBMivwFBVV95cUxOV0E4QmZvdEloYm5OZTdFSjNINnh1a3hYeHdXU01fSS1NVkdkNGgzeDY5aEJoNEpFWjU0YlRHeENRV21kTWFsYy1qTnB2bVRheGJlRUVvQWFJRkdtRk04QmhyWldTNDRIWXdPUzRQblh4MGlKc2lVQUdKYUNMal9IQk1XYzRjREk4ZXpMR05jOVpuVmNzYzdCYlZJejJKNHpsUFdMMkdhWUZWLWMwYVhrdUZfUml4ZjZ4d3BlVE9CMA?oc=5","The Times of Israel","Israel","1782621001000"
"Flash: Austria, Algeria advance to World Cup round of 32 after draw, Iran out","https://news.google.com/rss/articles/CBMifEFVX3lxTE5tQ0hVQWduNXVZRmI2Q2dzRVZ2MFpWTk0zbk9Zd1gtV1hpYXRCTjluM2FGSUwyUi10ZlpMbU84NVdfTVFvN3UxNVVlZVJ3WFBpcWVzV0FpeDRUaUZjb0dmNDA5cl83aF80M2Jib2hzdWdzM2xhSzhrcllSQ2g?oc=5","Xinhua","China","1782619230000"
"Sherpao hails civil, military leadership for ‘ending’ Iran-US conflict","https://news.google.com/rss/articles/CBMiowFBVV95cUxPMHYtYVQ3VWVENlVQYTdMcjVCVFVBUmFHTVhJU1BaVjlDUTdXYko5MVl6elFQSS1SUkM3VVVpUDVMUHM2VkpLMlJjRkJiU0d3R1ZUUDNKNWtYX3FJN0tRRzBaMEh3cklXOTBoM19PcHY3aV8xUkhPVU5lMEVHdmtuNlJrZ3Z4Nklld3gtcktZeEhQb2lNYTVUZ1MwTjhhcVBwNnk4?oc=5","Dawn","Pakistan","1782619208000"
"Iran's World Cup dream ends after late Austria goal denies historic knockout berth","https://news.google.com/rss/articles/CBMihwFBVV95cUxQNHg5QzJJUE9yR1NwYXBDSjJsSnJOeGstNlpOcDl2X0lOUUdxRmFWNmdKbER1VjVZem9jVE9VdngxNjRSaEdQZ2tTOEc2akdrTEYwd1Vzal9zM3J1VjFkUTkzOWRqM0N4M3dXSHFzUGd3cEtxVUZ0SnJFak5lYzF3RWZKQ0hza00?oc=5","Press TV","Iran","1782621480000"
"Flash: Iranian foreign ministry condemns U.S. strikes as violations of interim deal","https://news.google.com/rss/articles/CBMifEFVX3lxTE0zVzRvNndNT3htd0JsNGt2a0kwZ2l4SnVzZm5SWEpLQ1Zjd2FLTnBlbnRleUV5djJISlpud0kxZnRSbEJIcU56bkUxclZFTzJlQVR5Mmk0bHIyVXBZS2hpdENsSWhjRnlmS1N1bTlfYjhoWExneHlVSExKSG0?oc=5","Xinhua","China","1782621390000"
"Iranian foreign ministry statement: 'The Ministry of Foreign Affairs of Iran strongly condemns the airstrikes by the terrorist US army on several monitoring and surveillance facilities on the southern coast of the country in the early hours of Sunday. These brutal att","https://news.google.com/rss/articles/CBMibkFVX3lxTE1aaW9nd2xndktxUThiWDNXaFNYclN1Q0lWTV9BSHdkNmhyZVRQaGtndDEtd2k4SVZTQk9udXU5clY5enBqRXlzbm12RmlxSG1SVmJHaWUwNmxIVm12eUNkckJSdUs5YnVHN2FsQjVR?oc=5","CGTN","China","1782621120000"
"Iran, US Continue Escalating Attacks","https://news.google.com/rss/articles/CBMiggFBVV95cUxPUktmM1YzWmU4akpqOE1uNjZUMW5DOHlRQTU2SG1aekJEQVM0RFRwSV9UX2hJaUJpS3paRG1YaG9WSFBSUTI5RGJiVXZodEZyZjJHeEd0TkNCT1VOSEhGNXZURkFyOVJCNXowRzZqZXl2NWJiM0t3bGF3SW1pQ0xCX3BB?oc=5","Asharq Al-Awsat","Arab","1782621045000"
"US releases video of purported strikes on Iran","https://news.google.com/rss/articles/CBMimgFBVV95cUxPOFRsOUFmaDZYcWlaUkJsclR5NE03T3FDOWRsbWRGRXNfb2dneGE1dUpJSTNVVlpkX2NNWllrZ2Q3REtZN2lEd0pldmdwS3pDNF8wTkYwTmlkUkZGeWhnUTdZZ3BiLU9LQjB2dUdwMjl2UDJJXzdRUGdGbUNESXhDMGtJVHVuOVoyU0JZQUFBRTd5NE5wU3l6NzlB?oc=5","The National","Arab","1782619608000"
"Kuwait and Bahrain say Iran targeted them with drone and missile strikes","https://news.google.com/rss/articles/CBMiqAFBVV95cUxQcDBTQkFEbzlzV3FGUXhBeks0Wm5CV2RIU0J4aFcwTl9jRFRNeHRNbkxzVEZNa3ZNSTcwS1FDZm5PM3RDbVJuMFc0bWRwR1hhSlZFVGlMSkdvOC1GcnlLUWpUbjQ0aFlMYWN3X0gtdVBUWHZYSHNKR3BKelJtdUZ1dUpnTWVubU1BOWowd1N3aE1kckE1Uklya1huN25iLUxYM2Q5N0JtcVY?oc=5","Associated Press","Global","1782621120000"
"Sirens sound over Kuwait as Iran targets country with drones and missiles","https://news.google.com/rss/articles/CBMiywFBVV95cUxQTnVOdndqdXA3T2hFYXRqeEJkU3hoYjVZdGtMdDc1NnRhT3IwcDUzb1N3N1N4MER2VThuYW1ibzFBUlQxYk4ydHo0WWxhdjdQOFlDM052c1k5UWdDUTAyTGxqMUs2QkNqWkZvUGp2OHBmazZzLTNqV0xFdHdmNE1oTWhHclphR29kVzBITDBWRWdZd1UwY1UwaENJSGMySVlfdTFkVFhPZFdFSWc3d2FiQmNrRDl6SFBHSmlyVVM1bm1wZ0o4WV9ubjZCTQ?oc=5","Associated Press","Global","1782624000000"
"Iran narrowly knocked out of World Cup after tumultuous contest on and off field","https://news.google.com/rss/articles/CBMisAFBVV95cUxOTElCZzdpSno4LTNvSlg1X19nSVhvUk9yc3o5c3FlZGRuQUVjdFF6aExITU9BMUJpWEhTY0I3ckc2QVhwbG1qNnFyVGNhMmNiREJ4U3JlWUpsTm9rMGJDb2hNM3RWdk10clM1WV9oQXNJazNGMHlfa2NTY0phYnkzWTd0ZFFTY29tRC1xaHJNSjlia2c1VWR4ZzBiSWphRnc0SkM3Z1E1WjNXc2p4QnNVaNIBtgFBVV95cUxOTU5weVhPYzVWSWhqdEJQQy1tcnUzRmlhRGtmdmIwcS1xMmV1dnNNdjhBMGt0b2VUbFZuZXluOHVOa0VIZXhsX0hIeG9YUUdlMDUtTnJrRVRxN3gya1VRa05lWjN3Q2xiTVU1RlpMazlTODdGMER2Z0NuVS1sa01URjJwMTFhcEUtaUFFcFNQVFRfZ2NlNl9WcFV4UW8tcUtrNkYzTHF2cDhtOFhHd0VnZEcyLUw3QQ?oc=5","The Times of Israel","Israel","1782623700000"
"World Cup: Messi sends Argentina to top, England to face DR Congo, Iran out","https://news.google.com/rss/articles/CBMirgFBVV95cUxPanJ2NUJhUktMOEVISjR4WVlhbU9LNndad1BkaDF4ZWZMTVRtLUJtR3RvejlBMjdiUVFYQ1ZDc0tLT01DM3ZWN3Y4UG1tWUpXb2hCdTQ1ZjY5ZnBfREtCeVJHc1YzZEN6XzI0X1hYQ3YxeHEtV1YtNi1BSzNGUFhQWTJRMEdJc3FiOFQ4SzllaU44U25CRVo5a0VESlY1OGdfZjRzS0doNG4yaklqWXfSAbMBQVVfeXFMTWxrNVMwLVgxNG5IWEk4XzlGMVkyOHYyOWhOeDBVRWtYYUUtb1I1NjJlWXdTRHNUVWp5N0wybG1lamNQaU42dGxnbFlhcnpsXzd3dnRRWmFOd1FRZnFfTWlyXzZ5d3RoTmRfTEdMRVpWOUQzdERxUG15LWdBdUpaLVlTbmZodFphY05kUHZPWDFHMmxTcktEUjZVbWFwdG8xNmRKNFkyWHlYTDktU0NxYzR1Um8?oc=5","Al Jazeera","Arab","1782623672000"
"Iran says US ‘breaking promises’ with strikes targeting ‘monitoring, surveillance’ facilities","https://news.google.com/rss/articles/CBMizwFBVV95cUxOdkp3UW5fZTNBSjYtbjRBQ2hFc2pQV1dqNXZjTVd5bkE2THFYb3p1VVNreWtJb19xUGtiRTNzQ1hXdzkwb0RZWFlVUlZxM3UxRVhwRmhxSXY1WjNrRGExcHJiWmY1bUFCX1hqc0llQm9pbXNBczI1RmpkNHZHeFRNUy1EQ3FVQkxXWWVGd3BSZF9oUnpJdUpLbkVaM3FldlM1aEZvMUd2UGE4Njk0WFdtYktWdm1sVUdnLVhsSlRWOHZrTGN0Zmh0Y0xOcTItd3c?oc=5","The Times of Israel","Israel","1782623101000"
"Trump threatens to annihilate Iran after new exchange of attacks","https://news.google.com/rss/articles/CBMiXkFVX3lxTE1CWXNKN1lMY2psRVdUcU40Q0VkWHg2N095ajZZSW4waE9hOWRfU3YtNWpSM2FSR3Bpd1FkbGgybXVTcWJPVVlLT0hXMWhWWlJwZkVBay16ZnE4Yk5VekE?oc=5","Arab News","Arab","1782622833000"
"Bahrain slams Iran for its repeated attacks as sirens sound across country","https://news.google.com/rss/articles/CBMiXEFVX3lxTE94ajJXZHhXZFBxdFhJZE9wc1VlbDU0Mm1pb1pHUTF2YkNtWlFreW9vdGpWc0dTb1JBZ3FjNkhJdVhVNzBDYm5tTFdOT0hXeEg1Tkd5U2IwTHdwZVZo?oc=5","The Jerusalem Post","Israel","1782622711000"
"Live updates • Iran says U.S. bases in Gulf to experience 'hell' in coming days after strikes","https://news.google.com/rss/articles/CBMimwJBVV95cUxNaGk0QWtpZ0JYZVlzZ1R0UHdCc3ExZ0dydU5QRVgyOGN2TEo2bTdzZkRRWkRtSnI4cVlnemk4SnFIYm5UTkg1ckJXQUpPRE95QjBzQ0tfODdyN3JhUmIwU05DQndxMEs5X3ZEX3ZQbHFFRFZ2eklFaWN4ZTZoNzBNd0VUeU81WE9iLUhUU2FzS3REeWlEaWw3SE1GLUd4NTJQajdwSk1XOWpvRjhRUXFKQ0lPaGZza0w1eVZ4Q1ktUlZqem5KY1poeGlTU1AybEJXM2h2MUlJWk9QU3c4TlJQWmJmRUpjcGozeHhISnZJUHRxSWZjS1cySG5HV2lEUTMtUndXeEQwT3RYOWVYVEktNmVOTm9EVlE4amNB?oc=5","Haaretz","Israel","1782621660000"
"Bahrain and Kuwait targeted after US bombs Iran","https://news.google.com/rss/articles/CBMiowFBVV95cUxNc3R3T2NWVTVfc3pEOWFmX294OXhZOXhUUnlYd24wcFVSOTc3ODRkdm1BSzVDVFpzdHRaRFR6TUxWREJuV0R3TzVnenZ5dUplRDhjX0hxYTlmaVlScld4WXFFdzBBb3ZWaTJPTWI0OWJVQThDb0xtRUttdmVhQ21EZHYwbnk4b3FBY3lXNHFBTGg0Y09melRxYjBDSVhZdVprRGQ4?oc=5","The National","Arab","1782626115000"
"Bahrain condemns Iranian attacks, urges UN Security Council to hold Tehran accountable","https://news.google.com/rss/articles/CBMiywFBVV95cUxPR1ZqX0syQlI0X0wtYThFaktCNlZkTnQ1Q1A3dGZkS0NDSEhTT1p0UExWSzRxcG5DWnh2eXlWOFEtdXZvS3NlQmFxUkh5YnpQQ1EyYzcyZ3p0X053dHJwcmRIejBWT3NxdkMzUkxGSzNQSjNkY1dua1owVHBDWDRESzVrbXFPTUgweElEeERGdy1BdjBwNzFRS09BaDFac2Y1Zk41bXR2MDkySVVaTWc4MGNzRERvanRNbDBFem5rbElxbGFSY2hFRTVYSQ?oc=5","The Times of Israel","Israel","1782625316000"
"Bahrain condemns Iranian attacks as ‘dangerous escalation’","https://news.google.com/rss/articles/CBMilAFBVV95cUxNNno0LVlqZkdoaXBwVndSQnhhMVYza1dSdk9Mek51TUxTdnZrSGl6X2RJcFdyU00xZWlZeFhfLVltbnRjV2J0VnhhR1NLS2hMZ1RBbWZKblYwWkQ4MkkwVnk2ZEhVVlVZM2J5TXNuRTZ0cjJNbnBycU1Xd1VMODl5WExZWjBySmo0VGNVR0xaY1IxenZu?oc=5","Dawn","Pakistan","1782625193000"
"Iran targets Gulf after U.S. overnight strikes in response to Hormuz attack","https://news.google.com/rss/articles/CBMiiwJBVV95cUxQNTlpWC1oRmVCb3p1ZmFlVFdOWjF3a1NXUDlRT3RmclotaEpEVGhIWEhJZ3BMbFdXVXM1TUV0a3VYV0JQSG90SGdTRk1VQ0trdnpfa2UwUDE0VG5IeWkzSXZtbVJscXdyeHczbDhWbkQ3ZDZlbkNmMjZpMllMTDktNnU1RTYyRWhsMzNJR282SzI4ODRXSzF2a1FtWEtyNFpheXdJUXd0UHZxYlQzdmFRUEVHNHdrVFpveHBsNkxTVkxUdjRweVh6cjJDenVTLV9xbDZMTlFuNXhLdXNpZ0U3RWlaU0Z0enRwZzVGWmlPWExSLXVPVUhEWW1SMWF4M3hSSkU4SGl2MFVmZ1E?oc=5","Haaretz","Israel","1782624540000"
"Iran’s Araghchi travelling to Baghdad for talks with Iraqi officials","https://news.google.com/rss/articles/CBMiowFBVV95cUxPdll2U0dhclY1ejRUVm54OUVmc0RYUmxPLVZJSWJDd2FTS2tGekRZME13TVRHMUppSmxlblAxa04xZlVFUE1JZFhWaURHWjl2OGxNSXYtMHI3LTZnanVrUjhpcWVPclQ2V0N1LUVySS1IUGZrVzNXX2xjZVhpcTBZeXRZekpDd19YTjhNT3IzYW96bHpReGVGbUh2bUJZTFo2N0tr?oc=5","Dawn","Pakistan","1782624032000"
"Iran war latest: US says its fighter jets struck 10 Iranian military targets","https://news.google.com/rss/articles/CBMi4AFBVV95cUxOdDFqdERaeG53c08zUnhJdlN1SG1nQjFubnQ3SmRYeDdYaG1KTTR2LUZlTkVvRjVSemwxUFRUZnFOQ2ljU2g5S2J0RnNBVjQybVhEYnlheVNJeVpZZWVXeEFmdzFweVVXNWRxckZ1aUtxZmNnNGZwYlRTSUxBWFN2VDNOZF9jM1UxaUJ6d28waXY1SkVUTi1JcXo4UHVnUUc4bThueVltQ1ZOM012RnFqYWFxVHphdFhtZ2pWT19UOHFmdTJfUi1HUHVOY0tab0VBdmZPaTZ5em9mTUxiYzF1Sg?oc=5","The National","Arab","1782623698000"
"US and Iran trade strikes amid claims of ceasefire violations","https://news.google.com/rss/articles/CBMingFBVV95cUxQUVZGaFNXczdONmhrRVkydlZoQ1ZOMWFUUUl4ZUVkNk5ORDQ1eHNmb3l4a3V0OC16ckc1T1JZMjZjODVhb2RTNS0wTmZBcVFLcW5tLWM1aTdDazV4aW1zQUxwQk9OTXJiRkxDWi04em1PWmcxM1FMNWRHdHdyUDhXcVhEMUtYT0EtVV9ITEZqajlCZTBVRmdISGppbzh1dw?oc=5","Euronews","Europe","1782625261000"
"Late drama ends Iran's hopes of reaching World Cup knockouts for first time","https://news.google.com/rss/articles/CBMiuAFBVV95cUxQaDEtc3VaN1lWQmNYSGVfeWlpR1MzaG9wZ0pab2dOU041S3JzTlVKdno3bW5qaTcxRE9ObEN4ZnMxUERyOUNlTUlkZG5SZ3lzclV6WXo2TWxKMElUdHB5VFVNZGhkVzU4WXpVdXRILXpKcnlpaEE3UGV3NEQyd0huMW1SVVJMQjN6cktMbmJSQ3BxaG5FXzVxeG5mZ2NlWm1QWGgtZ2RHMk0xWmpEYkhOcXVPbTBkeFFC?oc=5","Reuters","Global","1782624943000"
"Hezbollah Links Ceasefire Stance to Iran Track","https://news.google.com/rss/articles/CBMikwFBVV95cUxPUl9ELXFyTHRwNmJBbjlSU2ZIbXlQRzhod29STVpTVUEwN3lNd2dFRWNubWNXRnozdVZITFA3dnBEd2pBU3RSOUVQbFNfZHdKOG0tbVc5V09RNVJxTGZwUjVfZzdQNVVhdGExTjE4bmJZckdKX3NWNmNqMnZ4NFg2NXpnRjQ2WHkzb1dXbkN6dVFkWkE?oc=5","Asharq Al-Awsat","Arab","1782627726000"
"Iran war day 121: Iran attacks Bahrain, Kuwait as US strikes near Hormuz","https://news.google.com/rss/articles/CBMisAFBVV95cUxOZlhXTlR0cWJiZ0g4SWdRNmlPdnVlUXJZSS1yTllzYUl1UV9DRmpNNlNSaV9vdFRTbk1IbW9FeVJidmxxRy1iZzY2em1pamJjdXdadk5jU3N3U1JuenBLTllMeDdoLXFJLVJuNTlIZWtGMW02Wjg4QXNyV0xnTzFGSlNHWFItaTc2MS1HM29scWlHbWhtelM1eGprRmdfZlA5ZmdPMG5DYThwaTh5c0lrStIBtgFBVV95cUxNRmZmWndnNG9NQ0MtZnBiMmJLX0tLQm5DUXBpYmk0OG9IZnJ2Wl9PNWlQaXlKVS10VmtVbk5HRWl3ZlBhMEllMmRVRl9WYmZFOExCY3ljMjlfYnE2YkYtOFJ3VVdIb3pCQUQ5d0dEY2RKamUzM1lmNVcwQlJjT0JtTXI4V0x4TzMwUGI0MzJzNVpvOFhCYzVITWhhR2hDZVo4S3BwcUc5c19Gb0RvNzJOcWhTcWZQUQ?oc=5","Al Jazeera","Arab","1782627662000"
"Iran, US continue escalating attacks, recriminations over peace deal","https://news.google.com/rss/articles/CBMipgFBVV95cUxQanh5VlN2ZnhwcFZlNWY2b3NNX2UwNWRlRjVoQVk3TjhOVVcwSW1nNlNuNEtxbjVMVTFrM3JWa21mX1RZY0J6VlQxSFZ3bzhkWV9Ja2RUNHMyVkNwQ2M4RV85TU83T25iQnhDaFhfTERHNmtVOUE2b3VHek1VWF9uMzNHYVNPNWtIbFpkVzdXQU43ZUZ3ZlA0dmM3cG1qM1VWWklBY1Rn0gGuAUFVX3lxTE9nVFN3V1dCajBGUHRFRlZUelU2REhTNkV0OXh3TFNET01ZRFZsNjI4ZHZnQTJ2Qld4NEYxdlc4VTJnd01HU1JKbHZWOWhUZ3h2TTRkS3hrVG11UXA4UVJ5YjV0Z3RCRUxHZDRlUUdzd01kTDc2Z0p1RGtqYTZJRkdKdjhybkxxUmN4MC1nRm9UbktLMUd6ZTBMTjBVeUUxbTNOWEd0TEI4TU9BTE1adw?oc=5","The Express Tribune","Pakistan","1782627151000"
"Ben-Gurion Airport Terminal 1 reopens after Iran war forced closure","https://news.google.com/rss/articles/CBMiXEFVX3lxTE1zbW12cTl1RjNwREh1SzctR1BINlc5XzdsU2ZhaGF2U29kUEU0VHFpQ3hGMk1zYUphMmdydXZFbl9BcHJBUUgzeEZnaTNydzRSa1NURW8tTi0zRmdk?oc=5","The Jerusalem Post","Israel","1782627007000"
"Iran slams Italy’s ‘technical support’ for US-Israeli aggression as ‘clear’ complicity","https://news.google.com/rss/articles/CBMijgFBVV95cUxPeW56SXViWC1zRS1zOW9DemtwWXB5UVVXaVlpMlA0RTFZVG0xLVpkVTZjV0FraE9uclAzNTJzd3R1eFcwQldQeGI4OWg3OUo3THR3ZlFpcUhsMW01Rk5HT1MxbjlicUNoNnp3NDZJVXgxTHZkWXBneFBkYVNxTkRRRnJLWUZ6Wml6VnhNTXhR?oc=5","Press TV","Iran","1782626880000"
"Iranian FM Araghchi heads to Iraq amid rumors of Baghdad Green Zone raid","https://news.google.com/rss/articles/CBMiXEFVX3lxTE9MZlRteDNoSlh1dzZkek1Va0o5OWJ4a1BReXlTNi1Da0tWZ2lZRFZ2TEJpdmVoQ0JOOXhSTWJuWGxabVBNUjhDQVlNUXFyQ3l6ekItdUVzTVVGYzdT?oc=5","The Jerusalem Post","Israel","1782626696000"
"Trump's Iran Deal Faces Wide Criticism and Some Fear it Could Cost Republicans the Midterm","https://news.google.com/rss/articles/CBMixAFBVV95cUxONUZmZUhTdS1NRHFYTmcydGxkeFBLRDhmejlDYWF0cWFBZWlrSjJFWDVOSHZJQzZxMEtNbkVmcWctaW12Z2k1d0trSEF3NUJ4YkdER29acnNTb0ZFTDU2WUZIRjFocnFmUzAyeTVOOVVnekJaREZERXE1V3U5am9NT2l4eDB1OFdGMnRFRDZmeWNlSS05TDA2QW9RMndhaHM0dmQ3VXJoVXVIQXJQQm9xZUlZRUkzZlBrWUZSQ2MxWmh0VW0y?oc=5","Asharq Al-Awsat","Arab","1782626409000"
"Reports: Iranian Foreign Minister arrives in Baghdad","https://news.google.com/rss/articles/CBMibkFVX3lxTE5CejZTVlBFSDJNcDU2TnNxazM2bFNnTllmeFAzSzc0SEJhcHRjUFY1bm1JLUx5WWpxaGp5aHQ0RmRKNUxSRmZ0MUNjNXFFUjFvWXdyRXVRN2o1TUM3b3ZFLWRDbE9yYUoyQld5eGRB?oc=5","CGTN","China","1782625938000"
"Kuwait's Ministry of Foreign Affairs: 'The Ministry expresses Kuwait's condemnation and strongest denunciation of the repeated Iranian aggression against Kuwait, the latest of which occurred at dawn today, in flagrant violation of its sovereignty, a direct threat to","https://news.google.com/rss/articles/CBMibkFVX3lxTE05UTJhZDBQNmtjVnVuMFlscm5NXzFUMUFSV2VGMmZQNUNuanMybHhPdVhiNkFCanhKUExSaU9QN0FkOERfUk9xQkQ3WXVKdmhrbW5lS3N2QkxUZHEtMzA1ajBCMlRPb1pfZVhZQlhn?oc=5","CGTN","China","1782625632000"
"Iran war latest: US says its fighter jets struck 10 Iranian military targets","https://news.google.com/rss/articles/CBMitwFBVV95cUxQRjBYdVMzMnNwYlQwc1FFc1ROdlFJNVNaZ3hwZlFoUGlpNUhpMlpib2ZFQ3Jjbm41Z1FrbTlubkMxaVdkY2N5cFZsMktwYjZYYkJjUkw5a1JKakJGMTN4UmlqS1VoY1hVX1dqLVZiVmhraThYTkJQN2ozbE5MbFpzci1KMkhLMnhOM0p1blFqMDd4Tk9LMENDa20td0VlRFNzdE1UeDAzdnkyYWV4cU9EMHF4bGRGalk?oc=5","The National","Arab","1782624828000"
"Bahrain says it was targeted by missiles, drones in ‘treacherous Iranian attacks’","https://news.google.com/rss/articles/CBMiwgFBVV95cUxPZmVDd0F4RFA5cHdZb2UyRFNUS0UwSWRSNUlmOXpDR0huTVY5WE1zdUNHUHpOX0F2TEd5eHgtdFFSUlNzMWxZTzdqaEsyMHRsNzhLM2tqMXpxNnZYMmRIU3hINlo2NHlJRmMtNkloSXJwSURzanYxMjM5UjFGV3lCUkFaR0dUUTBacUR0NHBZTW5XeExNbUJ5cHFycmgzWFFzYnhMRjZOR0hOV2NmaTZiS3JPTjJDeDJYNk5MN1JfMGs0UQ?oc=5","The Times of Israel","Israel","1782629101000"
"Kuwait condemns ‘Iranian aggression’ against the country","https://news.google.com/rss/articles/CBMikgFBVV95cUxQM05pYnVFU1hCS2UwTmNPd3ZqV3BFN3lHSEQxZ2J6cHJfV0F1Mk5qWUJkc3JKQjNwWEpwTHFjNU4tc3phd1lpT0ZqcmxZX0tZTF9WcE5oNTAyY0pfbjQ1VmNaOUJOTU5sUExwS3pBWndLSWczRktWNlcydHJRc2UtR2loTVpZX054czBoeHZ2YWtvUQ?oc=5","Dawn","Pakistan","1782628804000"
"Austria Draw with Algeria in World Cup Thriller to Progress and Send Iran Home","https://news.google.com/rss/articles/CBMirgFBVV95cUxOS0IxWFE1WmVtYmh3OG1zOTRpUjhwXzM4NUJWSW9TelVNa0wtYkl4bFZQX3IwM3JyS29hSk1FX05TZlhCeGkwT2lET1BHR0JodkRCaE81SE0wVWZtRkJpU0ZRQlNrM3NLZ1lwa1dvVVhmdmZGWnEwN1dsRkt5VVV3dGFNNlcxYjA0UFNJQVNBNEJZaDY5UmVFdEgwVnZhaVYzdFFWMHFBeUM0UllwZmc?oc=5","Asharq Al-Awsat","Arab","1782628595000"
"Iran eliminated from World Cup after Austria equalizer","https://news.google.com/rss/articles/CBMiX0FVX3lxTE5Ua19Yd3NEQjFEWkc5RjJfaURwOVYyRnNiNTJZZzZGZzBfdnFoT2dxWXVON0VkMUk1YkVNXzVFMmhmTVg3WEtvNzZEajJiVWdYdjRNbTdCdjRrb2xOVmxN?oc=5","The Jerusalem Post","Israel","1782628418000"
"World Cup 2026: Iran unlucky losers after missing out on last 32","https://news.google.com/rss/articles/CBMiZ0FVX3lxTE1qZlZFQWh1NFV1VUI0U1hLTmVZVEx2VWlrejVYSzY0ZXpGUFRrckxyTndkRThfT3h1WkM0LXdwUVFzR3IwclNudkp1RXhQbE1FZUhUV0k4SlFicXA2OXRHMmJ2bVpaOTQ?oc=5","BBC","Global","1782629541000"
"Gulf shares concerns with US as Iran’s influence and power continue by proxy","https://news.google.com/rss/articles/CBMiigFBVV95cUxPNmtkbkRsT00wbzRHUjIzMTBmZXdrdkY4V1JhaVlZbDZmTWl1MWVDVWRwVGdScVhlcUhwMjhRSnRheUZyVEF2TjRxbVZmVmpDQ19KRzZJbE5WcTRnUDJ1eFlzSzVmcWtRUTFsZFdvLWM2NDVKclozX0FUUmFsNTBXNHl6YTE3QjhwM0E?oc=5","The Guardian","UK","1782630060000"
"US-Iran war latest: Iran missile attack on US navy and air bases","https://news.google.com/rss/articles/CBMiqAFBVV95cUxPaFFvcDYtVEF2eXFhVW1sLTNhODZQSmNmVWdmRW5naFdfNHdQQk8tRzY2dUlRMXM2QW5Va3A5Ukxpc19PUU5WTWdTSkkzTmw0N1k2MTlhRjQ5QTU5TWlPTEFqTFVNTWI2WTZ1d09NcVA2NVJYaGp6UGJJQWI4X253c2g5OFFEeG15eVNNV2FDWHEtR0VEQWt6WEdUUE1yb3U1SzJDV0pMRUs?oc=5","The Telegraph","UK","1782629160000"
"Iran bow out of World Cup: Late drama ends Team Melli’s knockout dream","https://news.google.com/rss/articles/CBMiuAFBVV95cUxNUjFBRjRwT0F3alpUTHU2RGR6WmVyRWRXZG5fZ2IxZ1pFcEJKLURUbS01RlBnempCM1pkOEVwVmRlMnZ5eGZWTGZtamJDUHZYVnJMWEh4NUU0a0NDXzhwZlNHbXdzQ2RRenI0Umx0STFBVUsxWDVMN2RjSTNLaGwyWEdMbFdtUWJRR3U0MzFXM2REczZYQ2JkdlNhUU1HQ2Y4UVNqbmlBRkI3Nm9kOEl6LU1Od2llMEFu0gG-AUFVX3lxTE92WUltLXpGemJ4Z1JVdjlFOG5pemRZQXJUY0dJZ3dIcnd6dGpMT3NMdHRkaFR4OUMySEFEdlA0MjlUNlBXS1RUV0plSHBnZ0VVNktFWVp0Z1RrSVRzUE45LVhSNGpJYk9BVUtVd2RpQmVDdnRDRkhoLVUyVndURHFOWW44bnI4bWlpVGNEbDJNRW9UYlppTHhwelZwTUh0cVE0SUxiNE1lWGNpYUEzaTZ4WEF6SExCYzNrUXlSTlE?oc=5","Al Jazeera","Arab","1782631437000"
"Kuwait condemns ‘heinous’ dawn attack by Iran on its territory","https://news.google.com/rss/articles/CBMiqgFBVV95cUxQUnp1RGxXZEtzal93a2ZYU2pDTkkzZWx5NzJhS2IySFg2c3RTMjkzSEE2QjFDXzVlUlhod1JsT3ViNUpQMHZHUXZTSEFjUU5JVVdJekNvNWlEcE9uaWx3TG9WdlAzOWh0SjhxSEFWUHdiUWFCRjh2dkJGZzlFUU1JbURRMi1HT3U2VVZyNnY2b0lEYUpJWFIwdXA0NG82UWtLT1FvZUl0Vjd5UQ?oc=5","The Times of Israel","Israel","1782631201000"
"Kuwait, Bahrain condemn latest Iranian attacks on their territories","https://news.google.com/rss/articles/CBMiXkFVX3lxTE9Da2tacEN1QXRjY01MRkEwWHpYaWp4N2c1Z0xBdndNa3h6dW1Za0k2YS1BaVR2YlNBUVlLbzdXSmhPTHY5dG9LQ2tpYjFmNDZ1SlRGQ0ZKS2pvUzU0Nnc?oc=5","Arab News","Arab","1782629284000"
"Analysis • Israel-Lebanon deal hinges on Beirut's readiness to confront Hezbollah and Iran","https://news.google.com/rss/articles/CBMipgJBVV95cUxQV29NY2RWSjNwdTlpaUtkeUJvTnU4Q0RIb2N5bGFqZVR5Wm5jRTZWakY4bGZQWmRpeVA3NjQzM2ZPZFNySThpQXprRk04eGFyQmNSTFRBTGxWRDBSdUxiUHZ1XzlHalpmQ3ZDQ0M5dUpkME1QckVRckd5dVV2UzBYQWQxa1lLSjMxamV1dmdRMFBoOTNEWVJUbHNsWWhMeW8wUS1OZDBWRUFCR2VTSy1WdHc4UWpBd2dJUVN4QXh3V0plcGdQVTlxRU5MN29EQmNydkN4aENHNEtOZWotb3R3Y2ZETFlLTmVpU2FPNW5WM2I5Qmd2Mk1WaGVyWTg2enVnVk00ZlZVZlpMSjd1Y1BCNGMwTWRtaG0zM3NkZ0N5dV9mOUlmcFE?oc=5","Haaretz","Israel","1782628500000"
"PHOTOS: Damaged residential building in Bahrain's Muharraq area following alleged Iranian attacks","https://news.google.com/rss/articles/CBMiyAFBVV95cUxQNXVKZmVLazlVbjE4NWdyWXJ3MFFPUkFnWHFrOU1wd2FJWDZKbWhmU1FfSnh1NkhycFBXV09lc0VOS2xGRmlnOHhiOFJNMlVKaUlJTFR1bmk5OU0wUVJPVVR5RUxrUkJleG9sb3Y4UnNYdEhQdExQbHNBM3YzSlV3WkdzOERUSk9yUFBJU1RpbEFaSzNUYlFzZEx0eFc4aV9xUThDRDZhWWtDRHo3UWlHcnQwUU1zRzg0UHNvOVJzWGNMMV9BQWFSUA?oc=5","Dawn","Pakistan","1782631403000"
"Iran’s chaotic World Cup is over but their grievances may have only just begun","https://news.google.com/rss/articles/CBMirAFBVV95cUxQUk5DN0Rvd2lrTWtvUUUzYlduQUZGZ1lOeENJbnQ0Ty1rTHFKRzF2Rjc0UUZialNuZDVOYmNteU1pX3dDRGhreE1TWFlKS2tYSFJGZ1dycVQ5ZFU1aGJTeVA4bEk0azFhclR2ek0yQm5wM2JYQ1hHLU9DbmFFZ1lKZEx2UWlDajhyZ19TWTFJb3JXOHd3QTdRaklpY1U4bFRzODlNdHNMd3dfOF9w?oc=5","The Telegraph","UK","1782632880000"
"Iran’s World Cup Elimination Ends a Politically Charged Odyssey","https://news.google.com/rss/articles/CBMid0FVX3lxTE1ZRzdacmN4UFZHV08zRGIzWHJIbEpHR0x5MEJ5WXFnMElod0praVMxSjdORmxQZ2FVLV92Qkd4ODVUSFptS2hwZExuTlV1Z2VyWlFvXzI3X2tJWWZoZ2x1cjJTenJjczR1RHJURlRySE1VWEdKWUU4?oc=5","The New York Times","US","1782632006000"
"Iran attacks Bahrain and Kuwait following US strikes and threatens to halt talks to end the war","https://news.google.com/rss/articles/CBMijAFBVV95cUxNTUs4TkJRSExxS01OSDVoTTJxUV9pVkFiRjlLckM0RkM0RTlVeE1wb2hqaGd2NjZsbTNCMG5NWHp2TTVmR0l0a1pJQUJVRl82NlBHWmdqaHprLU43T2hCRzdGNkEtcnZxeFR5enZEejBpaHJZOFk2NjhjNldTRHVvUXNwNUJkbUMzNWxYRg?oc=5","The Independent","UK","1782631800000"
"US Central Command releases video of strikes on Iran on second day of attacks","https://news.google.com/rss/articles/CBMipgFBVV95cUxONmExVWctMzJCdWI1VVlNVC1IV2t0VUVWSWpKYWxidGpPcF84eUZxN1JpVXcwSnRYcFg0V1ZpQ1lGSGFDVEhGOFhIZzA4VGU2MEdMOUJRM3VoOHJueC05QmtBcFlWWGxSVHZ6TjBfVU1rd3FLU1Z6OENWNnZiV2lkaXEzblFoVUNnc0NvRWZrYU14c0FnbVNpVWdmSDF1V0hhV2RJbWpR?oc=5","CGTN","China","1782634763000"
"Pakistan pushes for dialogue and diplomacy as US-Iran exchange attacks","https://news.google.com/rss/articles/CBMiWkFVX3lxTE84S00tMVg4ZUNSVUhtNnJVRURUMjczSldScjd3cVAtVW5hTTNLU2NNcDVNRTctc2FSMGk3djctNVBpc2dDN2UyUjQtYTVySjQ2YnRwN09xQU03QQ?oc=5","Arab News","Arab","1782633006000"
"CENTCOM struck new targets during strikes in Hormuz, source tells 'Post'","https://news.google.com/rss/articles/CBMiakFVX3lxTFBmcW9SOXpqWnYyR2YyTTRScVlvSVFub1Myel9hdlJteHFJdFJScU1ETkZfU2JwbWE4QzVMVk1VODdRNnNlTlBCbUp0ek5SMmpEc3ZsTl94eTdZemlONzZNU096QU1XWVZNSHc?oc=5","The Jerusalem Post","Israel","1782636727000"
"Iran attacks Kuwait and Bahrain in response to US strikes","https://news.google.com/rss/articles/CBMinwFBVV95cUxPeGlodE9kN0NOM3QzVkt2a28zV2RxUlRqU21zLTVrblAtTzRTTWNXWEs5VTFnejJBTU5ld01QdWxrc1Iwck8tMkZNY1hnY25CU1B2bHNFcFU3MmE3UnUwdkd2ZGdGLVBTVWoxeDA3a1hkWTBpNElnZFFPbldWZlJkb1RqaFR3RXFfU01ldVVpbnBGOU9ZVWwwRG1xR3VyZ2fSAaQBQVVfeXFMUDFIZFdNakJIOVRRdEVoQ3NnYWZZVEx1b2QtN19vYjhvamxHRHA0M1ZabFk1UXp4cnh1Rlp3OVRXMkY5TjhPLU1SaUQ2X3hTV3A4bDdkX2tVZGNfWFUyQkUwSUhSSmVQTkpfQ3I5Y3lOQUhjWnRoS3pETERROFJ1Uld0Q2d5V1pPbERxc2R3WkxiWFBEb1ZzcmZaSDIwNWx4Rk9EVzY?oc=5","Al Jazeera","Arab","1782636538000"
"Iran solely controls the Strait of Hormuz over the next 30 days: Araghchi","https://news.google.com/rss/articles/CBMibkFVX3lxTE1UX0tOUmo4WWoxQlZxTGVEd09sb19OUGp5cnFnb1pKVW1OVEZxLTVkVWQxaWliUEx3RXhhNFJiS09rVUV3RzlqaVhRU2hDY1NENnc3ZWlHdVJuS2pRaWFGaEtWY0o1VGIyVW45UGxn?oc=5","CGTN","China","1782636105000"
"Iran’s foreign minister thanks Iraq for ‘support’ during the war","https://news.google.com/rss/articles/CBMimwFBVV95cUxONHp4cDJ1TTF5eUtoRmJmZnZpSGxRVG42RlNBVzB4VkQ2Qi1rVWttMG92QVJTX2RxNklOQmQ2QmFUS1pHUWR4LUxPdldSenVidWw4Ymdfc1FaUWdSd0JWVEhLQXdqcmdNdlBfUU81NEp2NjhPaFZKNVBtOExTRmZkZlNxT3pZYW9NVGNvdW0yakV5OHpTeVFvS1huMA?oc=5","Dawn","Pakistan","1782635860000"
"Iran says determined to defend sovereignty against US aggression","https://news.google.com/rss/articles/CBMivwFBVV95cUxPblVjU3RmUzJRTkJHRDFLQVhhUS1tLW9VdE9mdk9ubEppQlo1RXd3SkRBZFp4TVFYQ2xsNHdzcUs0cHZwMlpQd3hBb2FtNllVcXU3WFFpWFd0TE5FSndsWTNpMzV0ejlkRDJ5RGhYRTNkVUlKLTVabXRtR2JTZk5xd2N0YzdETmhUcVU1MzVpNUZ0dlpnSWo1WWJKMmZKZm81YjF0OWx5ZVV6VUl6dmVaSWNCTjBXd21McHR6eWMzWdIBxAFBVV95cUxOZmJhN1d2aGlzOHYwTVg2aUJFX09VQi1LNkducDdUcFlqSVRfOVdrcHBNRW80THozZ3RjV1ZxMEYtUXcyQkQ1aGNmZlhHNm5QLTZXM191bi1RcmRTdExJU0V0S1UweXJjS3lWWnR3MjBhb0NXZl9pQkJyM3lSNzRkWEh0TWtOS3ZRWXIwSXJkS2ZJOWtXOERtRXlZajJfMThfYnpJZm5fZ3lNYmQyeVY5UjU2Z3ROWmNRQmR5dnBFYVdKeDFX?oc=5","Al Arabiya","Arab","1782634380000"
"CMA CGM says its Galapagos container ship exits Strait of Hormuz","https://news.google.com/rss/articles/CBMirwFBVV95cUxNU1BUaTNXS2FuelJzMkNtdE51TFNHYTFtNlRNMnNsMUljZmwwWDNSNVVuVFVVY0NBZkRPT3pKZ2R0ZkVnMDRraGdBMlpmQm14Q0MtVjVveTRvYWJBM0Z3dzBOR0YtaUhoT0N0QnVCNUktTHFhdkZCa2lwdVEzNXVkV3BpZWF5QUZGYUpCcm9hQm42OThncEJONWtyd0dDcjVMaXJyX3RwX1p0R3BfYXNR?oc=5","Reuters","Global","1782636130000"
"Iran targets Gulf states in response to US strikes, testing fragile ceasefire","https://news.google.com/rss/articles/CBMipwFBVV95cUxPeUpYR1ROMnRrRm84SGE5ekhfS2Vac3lldWpVZUJYNEVDN0xTZWQyQXBGNHY4Q3dGemV0RjM2R2dNLVJfelJtb0JLUl9mYlBVNEh0Vzg3WUhpOHpkbGFaZ1g4dzJwSlp0dXFCc04weGIxRmg3ZHJmclcwS3dhYTd0Q1lZczdrNkJJM3ZPQm9TRTFwc3U4Q0s1LVpiYi1nWTBrdXFTMzJIaw?oc=5","France 24","Europe","1782635014000"
"Donald Trump threatens to annihilate Iran after crossfire over Hormuz – Middle East crisis live","https://news.google.com/rss/articles/CBMi3wFBVV95cUxNNXZNQlNMNkxJUDVfUGRPTVNvaUV6RGlLcXFxN3RoMHJFWUNnOENyODI4MW5IS2gtOXc1MTBMaS0zdmtXbTdTcjNYNkJiWW9QNC1KbUhrWGc5T0NKa25PblRtelFLazdwTWxvc2FEYk9lTWZKS1pKeDhNb1pVd3VuZFZXWkVkQUVMR09SS3NwUHctZk1lRnlqdEFobG42YkZDMzZpMl9jWF9fZGhBRG02R1BQdDd2bGh1YmpUV3IzRzZFbkFsNW9oaE1HeWpOTndZOVBoOTVkQ3JNU3YzVUQw?oc=5","The Guardian","UK","1782636399000"
"Gulf nations under fire as US-Iran exchanges escalate","https://news.google.com/rss/articles/CBMitwFBVV95cUxNUWJDZ0xmZlhaRjNHSWttcGhyQXhpeTZ2MS02WVdYLWpPTXpNb2VpRElGZ3p1ZmpwUkJsNGl2c2RmZ09yRVNNc0Rwa2RBUkVZQW96VVAtVFlBaU85S0dKY2Jyc2dMb3FOSDZIOUdkOUZHT2F5UEhaSllvZW1vSFFJMTNOcDZOX2xld2lEWi10QmxCT0NuLTVEZ3VQNVdzOTE0TnpKTW95OTR1YWgyOUU5c0lIdFFieEk?oc=5","CNN","US","1782638220000"
"IDF chief Eyal Zamir talks Iran, Lebanon with CENTCOM commander Brad Cooper","https://news.google.com/rss/articles/CBMibkFVX3lxTFBoVEtGZVNGdno4bTU4ejVwOE1La3F5Vm1xVDljWVBxYVhSVnF3ek5fMXlPVHh1UzY3aVF4Q2FzYmhBcmtUdV9IaHExYkZOTS02MzhoTkVwa1RienNXMWNHN3paTnN2aC1kVF91cEFB?oc=5","The Jerusalem Post","Israel","1782638640000"
"The US-Iranian Agreement Through the Eyes of the Gulf","https://news.google.com/rss/articles/CBMiiAFBVV95cUxNWUlvXzdjdkdEZG10ZnFpV0ZfTFo0NVE3UGVZUEJJOTJnblVoUDhZUzhudjFYY2w1NF9ncXQ0NERQS0VqeUhmQnJmc0RoTmc0Vk10bXE0TmhBVmVpbm1kUXotZ29GR0RyNGJDOFlSWVN2R1lIVFBiY0Y2MFRSS2Y0S0VoaXNiSmV6?oc=5","Asharq Al-Awsat","Arab","1782638255000"
"Attacks on Iran reflect US’s commitment-violating nature: Tehran","https://news.google.com/rss/articles/CBMilgFBVV95cUxPZXpaX3NaUGhTbmJtanptcW5JVk52VlU5THBBOUo5RWR3LTJIM3JoMWtlTE0xRzhBejBjTHljdEFabFBFNFR1dlE4emdSNElIN1lFRmRHMEdHMkMzNHk0YndRMWR1WGhabmFkWjNqQkJrMnV6dDR5RTBlQV9sMjVpeWtPc2xza01MU0dPNFZDT2Iwa3E0ZVE?oc=5","Press TV","Iran","1782637860000"
"The attacks on Bahrain and Kuwait have put the US-Iran deal under stress","https://news.google.com/rss/articles/CBMiwAFBVV95cUxQaDRSa19OWjhzYXpLOHVQd3VpeGlFeF9sMlRMOGdJemh6VXZBZ09VU0UzQVFGd19mMXQyM3VNYVBwTUd6R0xMcmtHckNsWGpFS0lobExfYVJpbER4YW91TmtfREUwb2RPaFAzeEtRXzlUcVNxeUVGX1JLYXMtSEJ1cDFSbGZkWHRUVzZSVXl4bTE1MjFLZ1ZST0JCVHNJcXFZUUpWd0R1cVJTUndFWElGNUJSRURHY2VyRXpBWjlCSXo?oc=5","The National","Arab","1782640034000"
"FIFA World Cup: Round of 32 bracket, schedule, predictions, Iran’s exit","https://news.google.com/rss/articles/CBMisAFBVV95cUxOMHhhWTMtc0NVLTl4aXF5djJsTGY4UjhOb0tLRTdKdVZnMWJ6WkZmMG0xMHVmRDBRcXE5MHo2VEw0VlRBZ2xQZVRXLV83dzVLRGh3dFV2Sk51T29TLV82TVZsQ2VQM2NxQ19scDNmYlZkc0dOcHY2emp6VUdnQ0syMTVDdWd3aW9pbWpRdUR4T3hoZXhsUUdhaTdZWDJjYnlFQlR3R3NWcklpMk5rUzYyX9IBtgFBVV95cUxNd0dVbHdxOWNkU2xTdDM0OXNiQ3JRUmZkd3ZhaUhZM0xZb2UwTUtCZVFDSnFtNS1CeEJLZDFWTW1kdTlNcVYyN18zcDV1dkJIV0JIS081VGNUVk02d1lpWEZraFJDQjVlRi1Vd1lqdHBPVUhRZ0dLMGhVTEFYcHYyX09yWWZ0dUszQUQ1S1NpaVVpT3Q1RXZIYTdKZVFTeU55Z29KNWtBSTBrWGh6WE1VbGE5Vzh3UQ?oc=5","Al Jazeera","Arab","1782639900000"
"Iran's FM calls for security framework with Gulf nations, just hours after attacks on Bahrain, Kuwait","https://news.google.com/rss/articles/CBMi3AFBVV95cUxPWXE2d1JBLWFxNGQzTkVjbU1fYnBpNXdGbm5nekVhWUJMdzFTYXQyUE1uVmpXenhrRW1NMmRmQThNV3NNZUk2WDhJUWhvU3AtUUl6dGJUVTFST1JjM2Nqcms1czdEektzOGlZZ0w2LVFMd05NNVdQelVTWGN3RXc3UHRoTWFmeTltS3IyVnhydm1UVHZ5Zl9vUkVIWFlad3ZmRDBjMWx1czJxV1R1TmU2UTk3YnhUSEZiV2EyMzdZQ1JLX202cWlPbDdHZ1lUWnlER3E0U3NvblFTVG5W?oc=5","The Times of Israel","Israel","1782639301000"
"Middle East nears regional chaos again as Donald Trump threatens Iran","https://news.google.com/rss/articles/CBMibEFVX3lxTE5LbjlYa2FLSXJSNXJ3UmNxMDJITExBazE2MVF1Um01cW5lcHFTR2p1VTh5ZHBISWpZemxlbTh6cmYyUlpVbmlPSFhuU0VFSDlUYS1HWkV2aDRoNVZ3dm8xTVo2ZHNjNG8wemFoSA?oc=5","The Jerusalem Post","Israel","1782639141000"
"Iraq foreign minister tells Iran counterpart Hormuz should reopen","https://news.google.com/rss/articles/CBMioAFBVV95cUxQeW5PMzBOUFN6NkdxbFVCVTlpUmQ3UWIwTmJWcWJWUlJ3MndMamh6TkRzZWx3NmF1dnhUWEZFa0JhYm8wNC0zUm5JbENXNmFGWk04NzVvY3VCeGhzdVNHTHBhVXRQME1nR1N1bU5GR08zUElSWEVtRUQ4TW12dTRLNlFXclFqMWZwRkRKMEZmeGd0ckRBYkh5dlNzZ0l4T2gx?oc=5","Dawn","Pakistan","1782638371000"
"Iran’s Araghchi urges US to push Israel to stop its attacks on Lebanon","https://news.google.com/rss/articles/CBMipgFBVV95cUxNOC1LUHFybkZjTHplaEtCN3NxeFE5eVZPU2xhb1pxcGkzMnNvdXA2RGRCMEpVVkswbV9HN2tiODlwWkRTRTFZaXFCS3k2ZTJ3MG0wb0I0R3VtXy10bDE2X3gxNndpTkFnc3h5ZnhIcVlmSHNjNmx4Vml6aFFOeWdQYTFpQWdFWVhNbkRCYUFTSUVSdTRDcUlHYktvMmJXYmhZMjQtQ2xB?oc=5","Dawn","Pakistan","1782637877000"
"‘Trump wasn’t victorious – it was a major defeat’: protestors inside Iran speak out","https://news.google.com/rss/articles/CBMirAFBVV95cUxQM2NMLWd0bkJwRTdFWkcyakdjOGJFbDl4RWdKT2VMVGNtNE9WVkhGYk52aVNUb29rcnp2dHBpU2JOQnBQdUJhVlJkTy1sYm40TWhPLVZVclNYUnNqWHNONThVVjhnM0ZialVvMkFZbEtjLXF1Yk1jelRqWjItaV9JTGF6cTFMUjVBWXBSOEhRT2YwNnRfSU9NVzRia1BNekdUWjNTM013dmU3WGRa?oc=5","The Independent","UK","1782640800000"
"Iran FM warns any challenge to Tehran’s control of Hormuz will ‘increase tensions’","https://news.google.com/rss/articles/CBMiwwFBVV95cUxNRFlGcldTTlZ0bVJfN2YtMUstR2NyMjhGVVI1U2lTbGQ1eF8wR1ZSMG91R3JNY3MzT1hoWlQwaUpIc2EweDdFODRuaHJxbnVMbnF5RHFGVFNmTUVKSWJxM2djczVKaHdsRjZfYW5UZWYzTjNFV2lpYl9kX3BzMzI5REROSGx2NTdCWWRMdzcyWk9CanJBUnd6YVpiVzJONmdrQ0xXSVR4Z3V5Z2Q0eDVCTVU3a1pQbWYwMTJDRllVRGdRWDg?oc=5","The Times of Israel","Israel","1782641401000"
"Residential building damaged in latest Iranian attack — Bahrain interior ministry","https://news.google.com/rss/articles/CBMiXkFVX3lxTE9TZFlNWkVvUFAwMFktT3lmaFQyVVRDYzFyUHh5dXV2LUdSY29RVjZKNmc0QmhCSzFONllKNFhrcGlFWDhPSHRHcEhmUGVxQTlaNEk4YU1IaWtNNVN4bkE?oc=5","Arab News","Arab","1782641211000"
"US leaders have enmity toward humanity ‘embedded in their genes’: Iran’s judiciary chief","https://news.google.com/rss/articles/CBMiwwFBVV95cUxPdVVZN3NFdV9iNmwxRkFlN2s5eWZWM1duaC1nancyTmIzc244VFk2M3lMZEQ4YThyWWJLYVFOZVZ4RUxWaHRDUkpZVFRYSzZWSEJQcWQwRUtFal9oV2VSb3ZkblV0LUlhbjhPX2I4cTVhWEUwdk90YWZQcHRJMzBfSXNTakFLVDk1djBkbE1hYVMyS1RPZVo2X2JGRFNyamNJOWJQWGpjYzR3YXhQdU9XY2NPMllRaEJCY2FGbHJ0Y25DWVU?oc=5","Press TV","Iran","1782641100000"
"Iran, US continue escalating attacks, recriminations over peace deal","https://news.google.com/rss/articles/CBMipgFBVV95cUxQanh5VlN2ZnhwcFZlNWY2b3NNX2UwNWRlRjVoQVk3TjhOVVcwSW1nNlNuNEtxbjVMVTFrM3JWa21mX1RZY0J6VlQxSFZ3bzhkWV9Ja2RUNHMyVkNwQ2M4RV85TU83T25iQnhDaFhfTERHNmtVOUE2b3VHek1VWF9uMzNHYVNPNWtIbFpkVzdXQU43ZUZ3ZlA0dmM3cG1qM1VWWklBY1Rn?oc=5","The Express Tribune","Pakistan","1782641040000"
"Leader marks Judiciary Week, urges legal pursuit of crimes against Iran","https://news.google.com/rss/articles/CBMiugFBVV95cUxNVWNhWFpjTVZVM1N0eUtnWFJrWEZQSlJxclItRzAzaWM5VlVwRFBQSEEwU20zVmVGbWN6X0s5SkV4NUdoUU1rRlVWMGlZRFQxOXMxNWgxcUduSTgxRE9Fb3JYeVgyUGd0WlJaWUc1cWhuanFQcUJrZGtJQXdxSE9fekV0dWJqYW5JYThXLTVnSF9iQTFnb2ZqMG12R0JRQ21hNEc4RVdUV3hDbUVTY1pXZWZGOHVWSHg3WWc?oc=5","Press TV","Iran","1782643740000"
"Iran FM warns any challenge to Hormuz strait will 'increase tensions'","https://news.google.com/rss/articles/CBMiowFBVV95cUxPZVN4Zm5DaFFzYkV1R2lZUmotbjJTdmZVa2IwckRkZE10STNFYS1MNGxSdjhxNTdMNXh6OHNHbEtGU2VvWXY4d2F1YTA3OGJMWVFQN295RVBrRjlYa2tKM2lleVBvR2Q4N2xla0RVR3A1V1RSTGdWYjB3bTQ0VVI3RGhfS0k0Z2xxblpKWHV2TFBVOHVRNWxLQlRsQWc1VUxVQU93?oc=5","Dawn","Pakistan","1782643204000"
"‘US trying to find its way out of MoU with Iran’","https://news.google.com/rss/articles/CBMilwFBVV95cUxOdHJXa3U0aGlBOWFXVGMwU1hrTTVDNEtkNlF2NDQzV1JHZjVsb0NjOFBsbWpEaGlDY3RTUHdBYThuMGhBMHEyNUZUOVd4ekdhX29VdWFZWlpfVWdOS01wLWE3SWhtM3RWSFpCTWN5M3lNWkV4dENhQmZpdnlHMjJTRzRqMWJCRmxJSE9IQ1c2OXRoM0xRMXJB0gGcAUFVX3lxTE9sTDRvclBkY3BBNEtRVDd4VnEwMExzaWxuNTIzQXJ1WUhyckxYTi1FdXRzbzZWbGl5d0FTSnJJa2RSMW1NcW1JSzRLclNZZlRaVDNsbWUyX3BWcGstV3FTS3lYTHZUSXNUSXRIZDZDcDRoLVdVNEN2X3JxaC1jQldOVWxESWtDZXZoRjIyNUpKYTVNamk5Q2RIcFZOWQ?oc=5","Al Jazeera","Arab","1782642658000"
"Iraqi forces raid Baghdad Green Zone, arrest officials linked to corruption, Iran-backed groups","https://news.google.com/rss/articles/CBMiwgFBVV95cUxQQy11dVNUTWxjNVR2VUFoSE4xVm9mNVBNNktPdUtPdTdyNmdTbDZpS3p2azVSMVltbFlqNjlaT1Z4d3YyTUJtNGE4RTBTQUlHR3pVLTVGNTZFdGF4YTJ5cEVCOUs0a2lJd2RLY3FkOG5fWEJJOWx6aVd0NTlTaGxUaXFaeDR6czNjallzbmVyYVlLQmZsclZWZnNNYTkydG5RV0g5WVpBSGUtbC1LX1V0ZEplVkI1NHAzelFhNTBYMWpid9IBxwFBVV95cUxQZDVvc1lram1ydDRKeXpXeTFnQ0hLekRWYVBhY1pVMGRmb2hrU2JoNF85VHhJR3VKR01UbjBXaV8takdzX1JvV0p1ZVhSek5Ob1FncDlGNnI3d3F5VGdCWkcxU3hudUJGNU0wT21Na2ZvTVNQQmhwelFBMnhBNzRDNTVxYXI1bDVJdHpRbHhWVlkxYnRHU3hNcU9qT3RuWXN0dDBTZ0FrVVd5dDEwaVlLbkdjNnVjVG1lWk5ybnQtOFZwdFRoNlln?oc=5","The Times of Israel","Israel","1782642304000"
"Iran FM calls for a security framework with Gulf countries","https://news.google.com/rss/articles/CBMilwFBVV95cUxQWmpnNHRmbWxlSzNlajZ1dV9jaXpIbURKSE1PTzVCZjFLb3p3RlowbzdXaTZjbVY4WHV4STZLRHNXWkV2ak01R3VlQmJaOURFNVBRZEluVUMydkFxSmNxU2s5cnpBaHNmdVR3MVM4RTM3V0ZtS2ItZEo0SUJScl9TZldwcU9oTl8wQU1TWVVKTnhUUTY4VE9N?oc=5","Dawn","Pakistan","1782641883000"
"US, Iran Trade Fresh Attacks, Venezuela Quake Rescues, More","https://news.google.com/rss/articles/CBMipwFBVV95cUxOZmVibTVRWW9XQkVjVGZWRFNUZEFqVm5aRW96UFpTLWE0YmJYTUJZeFhTSV9FVV9OQlBJUi1hb3p0a01mcVVnRGc1dnBDNzhNQjZaSUdqTUlfY0FabGs0VEMwVnplNnFocWlyZ3ZhU0ZCdHg2MTdqazV1TFczY0ppZDBwVHkxZWdDempCNDRwem1NNVpscVFtbFN2WW5LMVhqRXVEbk41aw?oc=5","Bloomberg","Global","1782642683000"
"US releases footage it says shows strikes on Iran – video","https://news.google.com/rss/articles/CBMiqwFBVV95cUxOazdmQ1BZTUlGdnQ1dDBHUURQNDlsU3pmYUYtQUZqak1RUDE2d2lTZXNlbHM4YWwtNk9FWGpxR19UT0RONlYtT0Z5VXBFU2dKMlpCYlY0UDZ5WlZnV0JoZVhLY0dmdEd0WWFMS3ZVZTdhRUpHdndtdTdDVll1S2VXYXEtMzBQWldjcW1XblVtemVXdlM5WUxrMWRNTGtEZU15MEU4TGV2ZldCejA?oc=5","The Guardian","UK","1782643320000"
"New US-Iran exchange of attacks threatens ceasefire","https://news.google.com/rss/articles/CBMihgFBVV95cUxNamNwWTNnWVQxcHk1R0xHeXB3TW1oc28xWmJDYUpPRmpPa2x4NWRXY2ptSVRpOGVJYkFxRFJGdko4RG9kWkJSdmR5S2J4S29IT0hzWm5neXRSV3c4dGNfV29FMVBIY1ZmWW1xc3dDZ3dQcm5scUhBNDRFM2hObFQxMHB5RUR3Zw?oc=5","France 24","Europe","1782645188000"
"Only Iran in charge of reopening Hormuz Strait: FM Araghchi","https://news.google.com/rss/articles/CBMijgFBVV95cUxPVW5BQm5rU0lSTEwxYzhWMEhDZ1VxQVVKZnBDcDFzT2dCNVVtWFUweDBib3JvWC1pR2hLNk5MQ0VhWDJZX21iS1JuZC1LUEhvS3RCQ1o5dnNvQm50ZmhoUVg4dWdNYnFWUlVkQUU1Smloalh4ekgzV2VIZ0FaSGtKWnd3bXY4dmZDT0FNNXB3?oc=5","Press TV","Iran","1782645960000"
"Iran built more sophisticated weapons during latest US-Israeli onslaught: Army spox","https://news.google.com/rss/articles/CBMi2AFBVV95cUxNTU56RFBhNHkwNmlSNjk1dXIxOUtpRjZROVN5WUE5UzFUNTJULWljcFhVd1hzelhVdlVtVGttV0JQQXZWc1B2elJlY0RQdjRybC1MMGoxbW56cWlOY3FRYWdlalU2YWtaeFZOVWpfd3EydXQxb21fWmFhejhleEZnYVBWV0ZXbWdCYmU4NVRwVmoydUVya3MwYlJCRlJVY2pmM1BNTkZHWG9QUDNKRk1nNGUzMkFhc1JJZDJ6a0dwVWtFR3h5WGI4clJ6YzhaSkVBVXR2SE9mTnE?oc=5","Press TV","Iran","1782645780000"
"Pakistani port handles record 54.7 million tons of cargo in FY26 amid Iran war","https://news.google.com/rss/articles/CBMiWkFVX3lxTE1jb3J1SjdodjFxZFZYUUZJclN0b0lfV1RaamprQ1JWX1pZYXBBZXR3NENBdFJTUFhDQWZHMkZUMnBGZEJSRzlEWWxsOXV6NG9WRFlLS2pBRWNBdw?oc=5","Arab News","Arab","1782643439000"
"Iraq pushes for GCC-Iran summit in Baghdad as Tehran backs regional security framework","https://news.google.com/rss/articles/CBMi1wFBVV95cUxNcmU2STZnSVd1bzR1WTViQ3ExTzQwV0duejdvVVBKLU94QklWTmRKaHNwaFprNGh2WGFDQk1YTzFxcnVQVDNpVmtVNUtrODlYLVZsbEhkX0dkNy1YLTVxbXlrVURFazlrY0pCdEFTMlh2QlY1OFJRcUhkTTN2czEtanZkUVRHWVVSRk0xdExCblU2RnNvb2wwUWNuRFlWQTU2bnZBdW56RnBjZmZvLXlqNGlPQ0dyU0lCbHlzLUcyS1ZhSWhtTGkxNmpQU0NGMXIxZjhSRkdzVQ?oc=5","The National","Arab","1782647325000"
"UAE condemns Iranian strikes on Bahrain, Kuwait","https://news.google.com/rss/articles/CBMihwFBVV95cUxQcVZzNjZTdW5CTGpPME4wWWx3NTdHbURuLTZzQ0hwVE9sN3VCYUZxc1lwdlMtaUQyeEJlRDFkaUVwUFJsREtFMEo2VjdVRjMyQ1cyNU1qdGNUSkpTOUw5bkFTbV9sb2ExNnBqOU15dl9JMDBKUUl1cU1hejYyZ2FpNTlkNzd1Z1k?oc=5","Dawn","Pakistan","1782646474000"
"Saudi Arabia condemns Iranian attacks on Kuwait, Bahrain","https://news.google.com/rss/articles/CBMikwFBVV95cUxQVXdEeUxjNzZaUEVnZE40Vm1oUGxKODduTUJaYnRqTkdqS0xkLV9TOXdiV2s1VzB5bGtMNk5UamZhSVNaUFNCQkNhQVBIQ0gzc3dmemVhWEJYQ21qejY3LWxCTjZuU0lJdUxHR2h4TW02VVVWd2ZsMXFIUUQtcUV6Nm5Ha0s1UzdSdE1ralRlMzRoT0E?oc=5","Dawn","Pakistan","1782645691000"
"Tit-for-Tat Attacks Test US-Iran Ceasefire, Hormuz Traffic, More","https://news.google.com/rss/articles/CBMirwFBVV95cUxOZzVCTFAweUUtY1ZQSWVuZ0sxaEFkZmY5ZzJPY0I2anU4aWM4SWJtQV9FeS1IdlVSWlJuTU1QMVRzZFVHV19xeTIxa1ZOWGRZZl9iMUVWZk5VWDRMVHE1WUdfNWhsWnhmcDY4YlBtMTVvOUQzQnMtMXlrVVg0ZzNVamhuYXBkYldNVU1kUmhOQzU5SXpuc2gwXzN1Qnczajh4MHl0Qk56VjM0RmxZRjhB?oc=5","Bloomberg","Global","1782647286000"
"US STRIKES Iran after attack on Panama-flagged ship","https://news.google.com/rss/articles/CBMiVkFVX3lxTE5lWXFySHpnSkZUU1czaTZfakRIVXNFbHNmUG1RN0MzZHM3ZFhqZVR1dUVJdGZzeWkyZGVSTldlRnZ4VHI5ZEtLQ2ZmOGkxVERLbTVacXZ3?oc=5","Fox News","US","1782646686000"
"Strait of Hormuz","https://news.google.com/rss/articles/CBMidEFVX3lxTFBrWW1YRGJsNzJxQ2lMZEY3SG9WMWlGSElWMXBrRVlYTXFsamk5RkNucUlFVzdTaHdWREVhbXk0UnVORDlMS2hNNU9rOTlKc2pSRXZjd19ZSXZNVFI1TXRvWThIVkNUcEZtWE1yLXJqTFdCYTJV?oc=5","The Guardian","UK","1782644892000"
"Iranian researchers develop blood test kit to help detect, monitor certain cancers without biopsy","https://news.google.com/rss/articles/CBMi3AFBVV95cUxPVXB6TEJYUGtxdVN0eUpJRVpLMTJPUXU4M3EzS1IxRTYyRnY0WjF2Ml9rUWJCbnZRa3ZoQmlOWGdmMDB4LU1UYXVhQ0VhRHVTN29PRTlneVg4WkpZbGVpbGlrUm1sS292WnJCS2p0QlJCQzg1UDN4b3FLS0d1cWV4NktsenVjVmExMW1MUlB1NUJDd2N3bUFGMGRfQlBDSEM4TWYxRVJxekYwREJSMU95UnhFVHlLeFpVaDlXSFFPWDBiQjZKUmxIQmIzUVhYMmM2YlFOaDBMWVNIbGRk?oc=5","Press TV","Iran","1782649620000"
"US strikes Iran for second day: Is it a violation of war powers resolution?","https://news.google.com/rss/articles/CBMitAFBVV95cUxPZXpjSzgxUHdZZzIzU0JCczJuZ1ppcHBnUTh1bzNSUDA5Ql9UblVJaWxBZEZFcGVfT0l6RWY1ejlPbFF3cXFFU1lPbmNGU1RBckhXX2lOMDRRRGdGd00xMnBKTXBYdDJ5ZF9ELThJRlVtM0hQbi1TTnBRYS1TMzdMX2tLcHZtLWM0a1pSRHJldVBQUVBJNHBIV1NXVUxxOXg5RmhiSDV1anNhSHRRc0NJRTJmeTbSAboBQVVfeXFMTW9HZ2Jrb01kT18yQXZYUFpCVXBMQ2dudUk1WGhiYVF2VW83Sm95ZThlZ1UzdXI5WmxfUmRtekZTVm0xVFRqbmFfdm9MdVRNdDlFelFGdU41QTR6YmMtSUd6TTdpZHdMMnU0Y0ZzbHlaeC1jcnJmT2l1dlRrdmNwcnhrN1EtdXJ0ZkFLSy14MENJd282TS14MUNoVVZpZXkwUnRBYi1UdWpqWi04QVV1empja0ZNdGlyU0Rn?oc=5","Al Jazeera","Arab","1782649155000"
"The scorpion never changes: Why Iran cannot be trusted to keep promises","https://news.google.com/rss/articles/CBMiV0FVX3lxTE44eEp5d0xnUmI0azdNRG5sWlhpQk9DYm1yc25kQWRXNmRNMWVZT1A4b3hBMnd2S0F6RmlMNXEyN3drc203NzIwQXlXUHZxS19tZ29DWmtTcw?oc=5","The Jerusalem Post","Israel","1782648000000"
"Experts: Iran continues human rights abuses, repression","https://news.google.com/rss/articles/CBMiakFVX3lxTE5FSzZBSkdSY1Q1UFRna3FhYmRtMXhfc2NPRXVvWXNkZWZPdTctcm1wS2pjX2JIRWsyYjVITFRHQ3lfWFFJVS1pNThHaWZHTEhvSjJsWXEwQldmeDhlX2tzNFJIakh5Nk1fTGc?oc=5","The Jerusalem Post","Israel","1782647282000"
"Araghchi: Strait of Hormuz remains under Iranian control for 30 days","https://news.google.com/rss/articles/CBMiugFBVV95cUxPeWsyUVlJNmtHNUdfRFo0M1lSdkZZRG1zWDVnbU1HaGl0WkVCazFCWEVIS1VyRm91WjFteFF1b1dQMk5fSkRySGFicjBUck5pQk8zMnJMa1Fqc2RmeGlfZG1zeFVINlZMejNvUk1tNUQ0Wmd2QnBqSzNmY2ttQUZEeDN5U2pvc1BtNDd1YTM1RElkSjY5bjQ0MHJzMDhIalB0R2tCdkx5WGNhTE9SU0M2cjNrMVhoeGJuWGfSAb8BQVVfeXFMTzNBU05RbW10VTZrN1pPWFBpeXJ4R1YxYXhsYzlFQ2hfclptX0dncktOeUh1amNVRjB3emZxSWJRU2pDZUllRUlpckdGd1VqR3lCU0xlVjFOQUdZdTBfWDRZQS1rMXBGOG1LeFhQQXVpd09PdkhZQ3JnLWlSZ1VJd2EyZUZGYlBXLUp3UGIybFk4M2RHSUFFM2FQOVlTNU1GYmZSTlpWV183VUZ3ZllaZGNwSWI4VVY4NTFSaXk3WW8?oc=5","Al Jazeera","Arab","1782650700000"
"Iraqi PM affirms support for diplomacy, regional stability in meeting with Iran's FM","https://news.google.com/rss/articles/CBMiggFBVV95cUxPQTdDN1IwaExRNFFrWmQzdDZPVXFzUkRMazlPd1hZWWdlaVBKZ0pnVFlKRF82TVowRVJxb25zZ0RBM09QeUt1OTZOWHgtN0hWLWZ4bE4ydVBWOHJwSHIzVU1BVFg5bnN2M1haSHNnaVlpOUZyaWlXS2NEYjl4MU13c3lR?oc=5","Press TV","Iran","1782650280000"
"Iran demands clear timetable for Israeli withdrawal from occupied Lebanese territory","https://news.google.com/rss/articles/CBMi1wFBVV95cUxNOGkzWlBHRzBiY0otTGo4Um9UeEhITnN1WWk3MXRLMGpkdUhOZmVzRkxIMHJqQkFqNGNKc3k1TkMyU3FIcWUxdUZDOGw2V3JySXh6NnRCbjJ5eUdsTlNjNDFmRGxDN2JjYzlXcTFyQXVZcXozaDR5M2hWUmxtVEVoQWxqNFU1Z2MweldNTUtNRWVpNnQ5ajZJZGJRS2RBQVFweTJ3dzVHR2VqQlhFdnVtZm1JZDN2YldiZUV2bHlrU2pZMU0tM2tUa0VaZzJQTV96dTM0YUxPTQ?oc=5","Press TV","Iran","1782650040000"
"Mojtaba Khamenei says child killings, war crimes against Iran must be pursued in domestic, international courts","https://news.google.com/rss/articles/CBMi2wFBVV95cUxNWU4zUlRLQm50a3lyTjZzRUlYYmt0MkZ3NF9FaUUyalE5emJSOVI3RWozRmNsYWh3elNheGYxTUl0VGZkUWFrQUFEM0h0TEJiWlZRZDVLLUo2UkFweEttSzFtNVdaeURPcE1KU1RqYXVQcmozTnVRSjRiMU1ySGx1SmMxaTN2Q3czNmUwNHY3dWVSUXlfR1c5cnBqRW5hS0Jqdmc3UHpDN3RtUFpXdnFJWGNtdVJBaXFCbGtxZ2JhVllhbW5MSFdDbW9VakFlc0VQYWlYWTJOanIza28?oc=5","Dawn","Pakistan","1782648363000"
"US, Iran Trade Fresh Attacks, Trump's Latest Threats, More","https://news.google.com/rss/articles/CBMipgFBVV95cUxNWVRiZ3Y3SnFLYXVBVHZSWnlwcFEweGdPUllOQjZFdnlGUnZNdjFpVk1MR09WMXlOVFQ5TlpyTjcyX3A5YXU1YjJpLTNQWnd6NDc1QWkyMWNrMGVUQ0xGaS1VZGFkaXJ1Q1BTYmhrVTg1NHNJTF8yaDlBZERaeFFRQXd5YmV5M1NiR3hVTmU5a25uZmgwQmxGVy03UXEyMW1wOXZTUTBB?oc=5","Bloomberg","Global","1782651143000"
"Araghchi insists Iran will oversee reopening Strait of Hormuz","https://news.google.com/rss/articles/CBMiuwFBVV95cUxPdnA3YUFpeEhmMnpjYUV6UnhLYnlGeUN2TE1rLURtYS12V3BKY29fQ2VLcmRsOVJhREVMRUpYeU13U3VXVHVLWnBYREtCX0xGYmpwVEFzT0ZKNHhISjQyMWo1eFYzT3EwZVRMZElRcG45YU9fYnNucndtdE5fREhPcVpKOUZqVzZwVlBkZGZyaGZGYWtTUWVGQVE0c3FwYnlOS3NpV3JlNzY2dVRLek1DWGQ1R2FGQ2Z1eHlJ?oc=5","Associated Press","Global","1782650940000"
"The goal that sparked chaos: 110 passes, Mahrez finish, Austria panic, Iran woe","https://news.google.com/rss/articles/CBMilAFBVV95cUxQSmFneldDOVpqZ09QMmctSmRsdUF5RGxBRW5YTm1JMnp1cmxVTWQ5OTFmM1ZyQXR2ZEVSOE5sejRYTkpFa0tFa3JpRU9Gem9pRF9OTU9zZy1IX3F6X0YycmV3TlJ2akE0dkxFczNncEFOY0xqYmdrcl9IY1pxU3NGd2cyeE5zRWxZUVB3Y0plc0ZEYjlF?oc=5","The New York Times","US","1782649793000"
"Why is Article 5 of MoU causing confrontations in the Strait of Hormuz?","https://news.google.com/rss/articles/CBMisAFBVV95cUxQYURWUjJMTTRvSlpDdkVnSDNDVHJkdFN1elNmSTFsdExZN0lSQ2FCdWZzWGUycV9JSklnVjJ6RFA4TEhwdDd5X3JFcHhsa1lMaWVmQ3JmOU56N2dFdE1iSnAxVjJPR0pDYjR2SU9MNVJZNVZJZEtLdkhELVZLWGdCVi1xMExwRXJ5M3I4Tm9jaXhjSVd3ZnFyM240RUFJRHFfMnppb2JiZU1FLWlCU2xPRNIBtgFBVV95cUxOdkpnZTZnekQzTlZEVWJzb24tdUpVNmxVQVo1OXRzQ3JpRmRMeVBBRTFqeGJkVEZWM1dfaTBUZEI1WENtQlFrLVIwTl9mZzlPOWthMnNDZ1M2OTZzU05CcHA2MGprSTlwLXVEeHRqYlZhdmhOLW8yc3hfRjJ1dVpZam1NeTB1ZTh6T21uT0VfVGxlTkJjZFBBRlJTX25CaUFHUGFYVXZaT2VHMkhLUmYzNzVEMHlzZw?oc=5","Al Jazeera","Arab","1782652725000"
"Americas carrot-and-stick gambit backfires as Iran asserts Hormuz sovereignty and asymmetric deterrence","https://news.google.com/rss/articles/CBMizAFBVV95cUxPQm9zdmYxUHZQNXQ2aVRqM1NzQ1Axdk5NTTVXV1hzSWVKMUM4bEttUGljYmcyUjdfSlQ3ajBtSlRkMEotTXI2T0JoeFFXN0dkaHkxZnJhdlh1WGlDdU4zdEFXUkhzRkhZTE9oa3gwSFhoYkd0YUNUeldOUmUza0k5cVRySUVjNFRDMnd3QUtmTy1WU2t2ZGoyc2xDcnU5aFU3WWpPZHNUVVQtb2JaaHJTYWI3ZzZjckVEaG1vZklnTTM1OUluQmVyQjhLdko?oc=5","Press TV","Iran","1782651660000"
"The strategic mistake of underestimating the Kurdish movement in Iran","https://news.google.com/rss/articles/CBMiV0FVX3lxTE1Gb092by05REZ6S0djdXVwRjlyQWtRc1d0SVJZcnNoR2xoeEV3NVdFa2VQNllPUGt1djhOTWdVQjdGY1oyb0xTUnpWSWpkUFVqbzVqWldpMA?oc=5","The Jerusalem Post","Israel","1782651600000"
"IRGC warns of stronger response to any US-Israeli ceasefire violations","https://news.google.com/rss/articles/CBMitwFBVV95cUxOVk82NEJMWUUwSlBUdW9aSzRyZERTWGQwS2RKNU1yX0ktSVZLQmJvTXh3ZTRsVnp1LTRyUXo0ZGVaLVp0ODIzQ3NDUFk1a3VTejQtcEN5V0tpMkc5NVlEUGx3bVVmTDJnYkZZZm93dzNaU2FydFE2VlRRUGszS1lwdFVlRm1qVndhWV9Da2VqNVF5QmI2MnVSaXdSUDEwY0h0SFM3QzVKR2ZtZmY5Mm1fcHRENkgwYjA?oc=5","Press TV","Iran","1782654720000"
"Iran attacks Bahrain and Kuwait following US strikes, threatens to end negotiations","https://news.google.com/rss/articles/CBMiswFBVV95cUxQcGFQZENaSjdPMXJrN045U2liWDBvRkNfWFo2TnhyRUpmNVdVUkg1YXZpMkRRMmltR3dRV3VSTXQtMzBtZUZEVTdmSExvWGFFdFJ6RGk2U1NXcFdlZ1czRTJVZGFZZWtMT0ZLRHlZd3k0LWRhcUNMYUZ2azJ3dTM2c0xYMDViU0JiNXVBa2tFdXEwTEZueVVGVkNXdEVEVFVXdlVLQXZzRkFsa2hocWo0OGVtZ9IBuAFBVV95cUxOdEV4VVdDbW1PQmNTRXpQQ0JqcXNFbFpvYmNNUk5yUXFET0FTcWFYVmVxZHdlLUktWFVWZlptNTI4QTVYRUJtOVh6eWVsNmRHTFZQYnYxeFl1RlZ1eUpyVGFNMDE0TXlUOFhhX1JiUjZaSUVBTkx4d3NpMFFCM3p4THVTQThvY1FpTno5d3lmMXhmRWphWHVxX0M0WF9SYmEzM0twSmt0azlEdDNOOW1zdWpNbTBpcGNE?oc=5","The Times of Israel","Israel","1782654604000"
"Saudi Arabia Condemns Iranian Attacks on Kuwait and Bahrain","https://news.google.com/rss/articles/CBMinAFBVV95cUxPczE1VmNIU05OVlpWMFdaOHU2OGVYcElVYkFpWlcxTHk4ODIwMW1fQXlfU0tOZXhoMXBDeVZGRld4ZDlRSGltYUpFdEsxZFpVYl9pZm5SRGVMZzhtMFMyUzNmWXU0SXNYT1FrNkZvS2EyYjh2cF8zblZKRWRvUVB5eWZqNWdXS0dWdDRveE1UZGFva2NEazl4WnVVRVM?oc=5","Asharq Al-Awsat","Arab","1782654088000"
"GCC ‘strongly condemns’ Iranian attacks on Bahrain, Kuwait","https://news.google.com/rss/articles/CBMikwFBVV95cUxNdHc5V1VSMld2NXM4S2xCeFpTUzZReUNjNEhEOFhBbnhVbU5ZOEJzb21qdnYyc0pHd1AyNGNPZ3YzRTNjczhBa1Y3LTM2U3ZSQ0lXV19kbEgxTllocjBXNDZFdHVQRjFEcEF0T3JndEFXYnJQTHBla3RDT0c2Wi1lUno4YTRhUnNHZWppNXNQMWt2WjQ?oc=5","Dawn","Pakistan","1782653242000"
"Tit-for-Tat Attacks Test US-Iran Ceasefire, Hormuz Traffic, More","https://news.google.com/rss/articles/CBMiuwFBVV95cUxPbHpJUmU1ZFlxOFJkOGZLOGE0MGE1ajZXaWJZeVhQU2V5V3JuTnVUVFdUYkFQMEJxMEtodlFycDdUOUNURE5OdXVfWUluT2JtOVVBc3F5c3ZWdUl3LVN2NnVLS2kwQkdZVzVmaW0xcnNNbUE3enVVcWMwUjJQdjMzZlVvRXJtbW9STFVPVnVGbWtqYU5Hd0RaeC1qNFViMWM1dk92ZXhYQmIwV2RwWFJmdU53OXkzU1paSW5N?oc=5","Bloomberg","Global","1782655040000"
"Newshour | US and Iran exchange strikes straining fragile ceasefire","https://news.google.com/rss/articles/CBMiWkFVX3lxTFA5YjdGR3Zja0dpMERJSnU4OWJTenJxdV90NW5ka3dSN1h2UzdGQURrak5MQ3NHMEtJNjlmRVRoZjVsQlhVNV9GQ3YzcG5UeDBobEFkMFRxN01wUQ?oc=5","BBC","Global","1782653930000"
"Gulf markets mixed as US-Iran trade attacks","https://news.google.com/rss/articles/CBMimgFBVV95cUxPN0w3QkJTYncxeTYxQlBfSFJ4TDRIRFYwR0tmMTdnUXFVZDhudGpnOG9aeXBNMWZtYzF5M2dkaENRU2p1RVVuVmsyZjVPWHU1NHloT3duaTRuREwzX292VzVuYXd1RW5tZ0NjYkQxUnJYOWtLT1RVX0I3Z29QYU1SZ241SkpScnBNdWF0dm12REhmR0ozS1BzeXNB?oc=5","Reuters","Global","1782652303000"
"Behind the scenes: How shared fear of Iran led to an Israel-Lebanon deal","https://news.google.com/rss/articles/CBMidkFVX3lxTE5Tems5Vk1mcGxxX2lkZnZfc1NHWnRLWS1oRVZQMXEwdTNudC1JSU1WRGFYSXV4cV85bnJ0RTM4QVpIM2ROOVNpMUdDM3ZTZjRPczVXdnZrdlR5NF9Zb0VoU19RcnRONkZ0d1ZrT0pfdy1HNk1yYVE?oc=5","Axios","US","1782655521000"
"Iran attacks Bahrain and Kuwait following US strikes and threatens to halt talks to end the war","https://news.google.com/rss/articles/CBMi3AFBVV95cUxNWHIxMFE2bTAtSWROMGJKRHp4V2g0eE1QeTRUbHdiLW1qcWhlWUNCa2hIWUhUSTlQdnYyRXR3RnVYZ0FJU0ViSmg0dHdoeklaZ0RSUWZsZ05ZSnBLdU1wNVM3SzRiWmpmcFkzUC1JLVZ6S0tXTi1RMEVEd3BUOFNYUjhXSk9IeHkzOTI4ZGZWbTFKQUlVOXpnYkxnZXRYUUdtc0wwNF95NXFBM2NXMHI5bjNKVmNyaVVHTk41QVpFOGUxUVl1MHZEQ1NDVzR5N2lEZ01TZlB1M1NZV24x?oc=5","The Washington Post","US","1782655503000"
"U.S.-Iran ceasefire could go up in flames","https://news.google.com/rss/articles/CBMifEFVX3lxTE5CY2RaYXRnMWFaRFdKRlVCM3FXc0FKdEFxZGZrTFlPeURmTTYtWFJIcGlTSWgzN2t5cmZuMVBaMW54VXVYR1dVeVdDUUdvLUhlZWpYMjRDVXNzRmtzS3RsV084UWljNWVUZmd6THFtUVZOX1daSGVMaFBBWXY?oc=5","Axios","US","1782655209000"
"South Africa vs England could be played in half-empty Ellis Park because of Iran war","https://news.google.com/rss/articles/CBMiowFBVV95cUxPY19vam9pUkZzUTJzbU4wMS1ENFhBQzZEOEtleXMzaHRXUzFGYzJkb2pnNzY1cFlGRWtrRjdtMG1JZ2pHb2MtaFlOM2JSTGRoY2kwbGpUYnJfRm9neGlXTWRRQi1laVc5OVNja1NiNnpkc1A1cThSSGgzRkRiUWs3OVZwY0c1T0pVY0VncndwWTVWZWZHS2gtUGVlUmh2U0FHbUJj?oc=5","The Telegraph","UK","1782654900000"
"Escalating US-Iran strikes threaten interim peace agreement","https://news.google.com/rss/articles/CBMiqAFBVV95cUxNUjMzVkxxSXh2OVNqNEhNQ0V3Njh5cGdkYnE4VUdwaE5xRU1hRzdvXzRmQXpNQ1NmdE9BbDAwXzBWa05KbnlDU2xLRVRiY2NpdWN1T1RFSk16cHBjSlR6Q3lER1FNblpLd1ZJRlU1QmdTejNpTU12NGxYenRWRlB3aVREX21RRVdwaXkxdVBvM2doTEdZdXpJRE9kZVNMS01WZ2xfU2U1cVk?oc=5","The Guardian","UK","1782654360000"
"US strikes Iranian targets following ceasefire violations","https://news.google.com/rss/articles/CBMiVkFVX3lxTFAteUF3eWNPNndCN3AxVU5XaHpVaDBmaFR0cW51UG5nS0VJUGN3R2RqZmJTeGJUQm5sa0gxc2owekpfWjFLQlloaDdRRWJRbkFZV1VFMnRn?oc=5","Fox News","US","1782654089000"
"Iran must develop nuclear bomb to protect 'peace and calm,' IRGC media says — despite pledge to Trump","https://news.google.com/rss/articles/CBMi1AFBVV95cUxOalVRZVVBV0RwS241akIwRlY5ZGNrdjJSODJPaEFaYVBmcUhjTDFJNzFhajRpdjZhZDFVbW5vTm0xeGZBY0M3NmlVZUFWMm5BY2IwRVd5SWlocDdzcl8zc05rbmZmWFB5LWYwZzFZaWFyNEVuT1d6djZvR01VczQ2eGJKQ185OS02OXhrREg1cjFXajRrb3h5SEs3VldiQkdoeWRzcl9KNlNpMGhmNmlYaEhURnRlSHg4M0YyRlZuTzBqWTlmLU1lM2p4ZEdCWGkyZkthdA?oc=5","New York Post","US","1782653460000"
"Iran needed help to save their ‘disaster’ World Cup. Instead they got more heartbreak","https://news.google.com/rss/articles/CBMihgFBVV95cUxNaFE2ZFByZkVNU0JfTWhjMzJsUTBxcXRIVFFWNzFxREVYbGt2a0g2ODFzWUNRaF9teWJJSmktTUpWcXl3UWRrSzgtb2JReXhjNzhmelJmQkhmZTRKanZPbHR3VmVRdU9nSnZQLU9obldDcDViWUxzdmVaSWgtU1BWMy0xQVQ2dw?oc=5","The Guardian","UK","1782653340000"
"Psychologists helped Iran manage Trump. Israel is now at even more risk","https://news.google.com/rss/articles/CBMipgFBVV95cUxQRlJMUy1JR2J6aEtYMWdnZkZtUkVHNVRhbHJvSFNtWTYxUE9HbG8ybDgyV2ZMWnY4cU5fTWFXOWEwYXFoYi1WVFd4NTVvMThPZmZhZ0pMWDFiZnllTlY1eGxMZWNrcHQ4WFVPU3RFMUNXRmg5Q3RSWXpnM1BPd3pPZ3lrbTQtbDRRWERLWmU1cjZWWGJ0RHlOaXFNTXI0Q1Z4T2VwUVpn?oc=5","The Times of Israel","Israel","1782656580000"
"Power, resistance defeated US plots against Iran: Senior MP","https://news.google.com/rss/articles/CBMikgFBVV95cUxNMXFLVndmTlpPSmpmUzdvelJ6cTQxOGZ5Z0JwTktaNmlDVXVGazRkS0ZNTWFtak8wSEJaSVlxZ3ZUanhRbU5BWkhqS2JCMWk5SWVIdGhMYl9FbmVqSU51eUdmVG9zdTl4a2FyS1hlNTdVWkU2LTRncDBWa3V2VDZrNXZKX1ZVRFZuZ3JZUVQteVVDdw?oc=5","Press TV","Iran","1782656220000"
"GCC Secretary-General Denounces Iranian Attacks on Bahrain and Kuwait as Violation of International Law","https://news.google.com/rss/articles/CBMitwFBVV95cUxNODZsNFRwSGNRRGdDZGFzSHdHYXZCODRpa0U3T2FZMXVjeWRRS3dRVUdzZmw3VjFjZllhU2YtZDlXVkM0emJTakdtdS1LSV9oV1hTSlUtM1owR0pKYTlIUlU3YnptVjBRT2t4cjh0cTA3ZkZLZnI2VUNoVTZ0S2xNTWUxQ196NFNKY21RMVVnRTRoUk5STE1oaTYtc0VCVzY0Wlgyb0FDV2JGRDJZT1Z4VkJManlnd2M?oc=5","Asharq Al-Awsat","Arab","1782655859000"
"Iran, US exchange strikes as tensions rise over ceasefire deal","https://news.google.com/rss/articles/CBMiugFBVV95cUxPdmp6REdNcGFHZ1hDMEVUS09Ja2pXZGtzTE95OXFfS19KVnpNSE9pc3EyOVQ1c3I3ZlhqM0RmOWllRzhTZ2ZXRFBUWlNVWmI0Qzl0aGlEMDV0eHFjQTB4eXJmVVFrTER4T2xxNlBrdmFoYXZDX3R4eGtOS1A1UkNBSXZxangtOXl6dU52NFI1a1RpQWhEUUhrZ0MwM0t0Y0tGcS1DUWd0NEhIZzVvTS1RMmdjY3Rjc25uU0E?oc=5","CGTN","China","1782655849000"
"Pakistan designates Taftan railway station as customs facility amid efforts to boost Iran trade","https://news.google.com/rss/articles/CBMiWkFVX3lxTE1WVk9LZ1Vsc2ExQTI1SXVFNklaaTFta0xpTmFLOEE3cy0yWTRYSk5FQWgxRngxalJBSldKN2JMX3hvZ2s3blNLdGxQZ0ZLTFdPTVo0eG1vQ19zUQ?oc=5","Arab News","Arab","1782655785000"
"Tehran’s Hormuz Hypocrisy Threatens Gulf Stability","https://news.google.com/rss/articles/CBMiigFBVV95cUxOOVVPTV9nc21Xb09XZy1BaG9aallZVkY4T196RkhNbEpzY3FuTlVkYl9QemU4NGc1UmZMUTdfT21JVE5xRlBxRDBkUXViajJ1SXFuRF9LMFFXLUwyQThKa0lWSVRJWjJRQjBESWN2MXJRUFF3YmpLOUZ0RG11RHhLcGRqWmtuekJZaEE?oc=5","The Times of Israel","Israel","1782655500000"
"The US-Iran MoU: A mirage of an agreement","https://news.google.com/rss/articles/CBMijgFBVV95cUxQbnFZZzkySXg4TFlzaTNpekRpRTFFSTVqX1Y3UVVGeEVIZnZmSzlZamJUbEhyTmUtbXQwNDFBV0ZnNVpkMlRXTUFpQkxhaXZXVHpLRGxVdmZqeUp5Smg5WVZDTjRZcjAydUU1Z1ZydlVINEY1eEk0ZFU0QWlXWjZ6NmQwVzdFOFpSM2hqcUl30gGTAUFVX3lxTFBrdG9JOUhGb2dxR3BKOGR0QUt4T2kxQnlXR0hObkVtLTZBNktaZFdOTGx6QzNiRjVfZ0owNzVNZFloQWpnaTBZVU9JRHdSWkk1OTZuM1hsOEwya1NBYjBjdko1ZlYtdmx1azRzWEwwZDZkUFVYc2xtWFZmMEdhMWtPSHdtWTEyWVBkV2oxS2FWb0hMYw?oc=5","Al Jazeera","Arab","1782655499000"
"IRGC doubles down as Iran-US MoU jeopardised by Hormuz strikes","https://news.google.com/rss/articles/CBMipgFBVV95cUxQWXhaa3JKU3UyX3FOYnhUTVhlVjcwV2hvdmZrdnZadHA1RnQ0TU4ycEhoeVVyZmFCeWxKMTJDY2Y0ZFZpYmllSkVUcE5XSFJYVmxDWW5ia3drMEJnTHl2ZnN3cXlTNmpQSFNvdEtvMmNaMU9wNS1jcUQ4NU5tS0pONVhRY1RJLUJJS2kxcnB5Um5jdVFVMWJaZnpsN19zR3lJOVlsWk530gGrAUFVX3lxTFB0cDZxdEUwUy1OWXV6TVg5WXRGZTR0U25lSFJ3Zk4zOFFMTW11NkxFdnNiUEgya21IV2VfQUdCMno2bVVLTTB2UERSMWQwZUVmSzBlaEJaU2hETlZHTW9TSUlVa3ZxU25OSkp5bkZKQ0l4SHZ5OTRfQW9nUmJyZFQycHBLM3IxZFg5UzBzWmFyOC1aUUZfVzNlWnpOYmZzcDdxZXN1RXRUeVZRTQ?oc=5","Al Jazeera","Arab","1782655441000"
"Pape: US trying to ‘squeak out of strategic defeat’ after Iran","https://news.google.com/rss/articles/CBMiuAFBVV95cUxQd1M5ODJGNDVPLWVZVHBLRXNheVBhdFFUMEVpbkhWMDRXZ1lJVlVFNFJMOWt5LXgyWllnd3V4a2JkN19saTh0TmQyeldCdVhheVM2b0VhVUZYX0dJTFBiTmZqU1I0dHZsZlljaHJmLWNTNm45WTA1dE1vbGM5bG5wWEN6dEw1WEo2bTVkNGtNWmItenhrM0NGaThNV09LdTNvMVZsYzJYNDg2TmFKNnlRZm9oTzBsekRP0gG-AUFVX3lxTFBkMFRDeV8zV01jTTNpM1dFcnhYMkszc1RVaUYxbFZVemtpUWV0SDdwZkJzWC1kZ2dUNy1XR2xMNEhRRjhYUGxVRTdJdUdZMF9ieXk0b2kySC1SbXAtVjVya3cyNTNuNW5RRUlwdzRza0JFTHp3bWN3QWViOGZVdXVsb2FYZ2VXRlRTYlJ4VlpJTzRFSHZaR0Vpdm4zQzhreFBsQnpZXzhtbDBpTUpoSmp1MUhxRkJfckxLYmRhWWc?oc=5","Al Jazeera","Arab","1782658621000"
"If the MoU is so valuable to Tehran, why did they renew attacks on Gulf states?","https://news.google.com/rss/articles/CBMiakFVX3lxTFBvdURpLUVrVkc2VmQyODNKTVZBZFEtb0Y3MjRHRDBWOW1meVdtTzRoNEtBelBkRjZqOXRaSTFoOW5iMWVac3l2bjVsdjJwVFhwWWRhUGh6SnRDODQ5TkpwN1JoT0NJZjNwVFE?oc=5","The Jerusalem Post","Israel","1782657028000"
"Italy calls for restraint after Iranian attacks on Bahrain, Kuwait","https://news.google.com/rss/articles/CBMioAFBVV95cUxPODVGUURXWm4yUFVfeWtGOXhGS0QzOFZKRVRHbFhKZm81U0RLeGk2UkhxQXFFQmhjS3VWYUhVRzh6Ykh4c0dVYklaTFNSNXJER0lCUmwyYUlMXzlaRHNXX3V6aFc2QlRKUDJNLWZpLUxQMzZ1OFladnFCSXVEVW1yckRBS1BRQzJSRnUzbXdNbFZ2ZDkzUVBQUk5XalUyekha?oc=5","Dawn","Pakistan","1782656287000"
"Hezbollah is the true guardian of Lebanon's independence: Mojtaba Khamenei's advisor","https://news.google.com/rss/articles/CBMitgFBVV95cUxOUlRKaFhYblJqVkQtRFREbWprQ3BFeFRJVEx5b0VybnhUQ2UxZXRGNzJPQnBEdFdveGRYXzZWUlJHd0ZzUHQ5MGFpV25BRlNYdUw3V1VncFNCR2N1S1BkN0N6UmQ0V1RYUnJfbVkxclF4NGVYdk1rMFpkTi03ZkxXczdlNFpLcDl1SjJXX0VmQU5fWFdobk1yY1E0S1hjcFhyVnQ1d3VJYmxTc21jbm43ZTVHSG0xdw?oc=5","Dawn","Pakistan","1782655771000"
"US, Iran Ramp Up Attacks, Trump's Threats, Venezuela Rescues","https://news.google.com/rss/articles/CBMiqAFBVV95cUxNQ2FrSklDUlJJX3ZrNUdEdkVna3hGd1huLVc3TVpFN1BqdGdETWNLYzNIWkpxNnJmc09lWTBpMUt6VHpIU0lUZWZMbWNBMlZPRjNhVl9QbW9tdDBCMU54cVZaYlJfU2VlRno1Wm1ia1pnX3FzMzUxZWpuc1BKOUJEbHZPTHo1cndVTURYYTNCeUpOXzBib2RRTjY3SW5YU0xMWmkybXhpemE?oc=5","Bloomberg","Global","1782658395000"
"Fresh hostilities in Gulf suggest US-Iran memorandum was too broadly worded","https://news.google.com/rss/articles/CBMi1AFBVV95cUxPNDEzcWNLdW1BSnZGR3RvM1laV1l3R0pBb2paMzF2ai1HQm8tMXdGaVZweXRmakgtXzI5TGE4dDdwRy00UFdOT0RaMExkYVBfS21ZQnFqSXpjZGFHV2pjMHNoeU9HV1hrcmtfc08teE5aalFGV1NVRkx5V3U1QkJqQW1lTzc2UnpYZ2JBRjVyc1V1LS1IbWZxd1ZQbVhXRGFEVHhzM29MXzlvbmxkU2J1TERaMERzUVV5ckNaVnJ1MlNQSjBUY1NLTnR6TVRIOWdlRXlzTw?oc=5","The Guardian","UK","1782658920000"
"Iran war fallout puts UAE on tightrope between Jerusalem and Tehran","https://news.google.com/rss/articles/CBMinwFBVV95cUxOV1VSU04tWjZHRmFOLWJ6R3VYREMtWDRlMktPbS0xU2pBMC1uWUp5THowYS1CbkNISURZVEJodmpIV0dOTGxCUE8yRzhQUlJLTzhtNkd4RkhaRTRVcE9uY1ZWUzJmR1BrOFNzcFFUX1djNktncktoaUEzN0diSjlyM3FjTnluc2RsZndxdWNaVWRtRXJhVE5Nbk40NFE2MWvSAaQBQVVfeXFMT0Iwd3Fya1hWdU5PamVaQlFweDM1SFBVZDRUaW1WbENEaXB4Nms1NnZjM05rUndRMy04U2Y4eDUyNV9VYXptNHI0T2xpcEk1VEFGeUs5YnEzaGl1QWZnVlozMm9fRlRFTy1HYWZqNTllZkdVTWVOLTFXLTd2V2lNN1NZTTZYc1BIa2dmelJ3TTV3SUJRTWFQVWtVRk55SkE0TmtwdWs?oc=5","The Times of Israel","Israel","1782660004000"
"Qalibaf: Ending Lebanon war, protecting its sovereignty key parts of Iran-US MoU","https://news.google.com/rss/articles/CBMif0FVX3lxTE9iZGp3aXcxTUlGbUpIb0Q2VFNiVlhNV2dfVF9KNldreFl6V2ZqRHBNdTRDZmZhQ1lONGZocnZUdEtTTkVKUFhMOTVibzh4WjJmMkhNX0ZPRk56ZjZ3bjFYLW1Wb2czXzV1WHd3SHFka255c1I1YldWdUlFeHl0STA?oc=5","Press TV","Iran","1782659100000"
"America’s Iran Debate Is Based on a False Choice","https://news.google.com/rss/articles/CBMihwFBVV95cUxOcUtJdnllSWVWV3BmU0UzRDNNYXRUWXlhSlBicDhwYTc1bFN2N25wYy02d0t6NHktMFVFRmlpcU1OQzhlY2ktUmhXUXkzbFh0NWN1ejE4d0pHLXQ2QWFycExXNG9zallzUFJiM0o3V0V1YnZyM0tsSEdiVDNTcWFkb1RTLW1wd2M?oc=5","The Times of Israel","Israel","1782658620000"
"DR Congo advance but Iran out","https://news.google.com/rss/articles/CBMidEFVX3lxTFB3LWl4OHRwbWFZdWVhZEZZNHZuN1czT2s0TzdYRGFKeHZQa25KZ3RJX29zckhfQ2tYWElWT21UZFNMejJBUTBiRmZjT3gwajUyT0R2QkJwNkZrcVVMQ2M0V1dvUXVCS0k0RE5STEdHWDNwT3pj0gF8QVVfeXFMUDRjYkM0dTR3amFnTlFSWFZ5NVowYnM5bjN5Z0Y2ZzVxaHp1eG5yWDBYcmE4RjV4ZV9ieWpIaFc3U0hJZmlGdHljTlJSaGluZDJENmEzcFFEQzQ1bnJFX2c4QXRRVW5DQ0w0aFEwNVNfRzhHVnlJMUM4OU9hWQ?oc=5","The Express Tribune","Pakistan","1782661500000"
"Pakistan mulling purchase of cheaper oil, gas from Iran: petroleum minister","https://news.google.com/rss/articles/CBMiqwFBVV95cUxNVS1ldTlLZGpfTWswQUZ5THBQQkVwTVJhQW9xQllWM3BNa0Y0Z1FrR3U3VC1qYV9oLUtTZkMzVWtWbThfNHJoWk1mU1I2eUVWeXJUbUhwazFNSFVSMkVXTEg0b2dHUk9xdVA5LTRvNTJpNVRMQUNiTWplZ1dVRHRfSzNzaWJESXJROENBek1lVkNLejNwMjlHSTBiZUxCb3czUXpNdm9mb1YyQkE?oc=5","Dawn","Pakistan","1782660395000"
"Iranian, Lebanese parliament speakers urge Israeli withdrawal as ""conflict control unit"" set up under Iran-U.S. MoU","https://news.google.com/rss/articles/CBMifEFVX3lxTE1DUlhlMzM1R05QbXV5X1MxUG5TZGJXSE5OVVhoSUVydFBhRjdFT0FZbmNtclFvRmgtcElQTzBVMU9oREFrS0JMV1hoVmVzbEhsbXJWbWZKNFVHLWFoWG16dHdYbFZ1WHNyRDcxcHRHeGFwcGJpREYtN2tpVUM?oc=5","Xinhua","China","1782660391000"
"Iranian lawmaker says others must 'submit to Iran's directives' in Strait of Hormuz","https://news.google.com/rss/articles/CBMitAFBVV95cUxQY01iYjhOVzI5MUREdHp5RXA2cEhaS2JzSENzMGdnV1hIMnEtczlwMFNRRUJZcFhWeWoxUm9BYk9Ed2RFb3otZzBfWlhsSzBBTnRDanQ2Y1JfbkVmSmtZTzkyYVpQS1NTRnk4bHhlN0dVWlBfZzZCb0ZvQW8yMldkRFluRjVTMWh2X0xod1Job0taMTJDVmJuVzJ1N192M1otMUR4WE95NnE1Tkc5bFp5aWNkR2Q?oc=5","Dawn","Pakistan","1782660231000"
"Tit-for-Tat Attacks Test US-Iran Ceasefire, Oil Flows, More","https://news.google.com/rss/articles/CBMiqAFBVV95cUxNNU4tbXVYcm40Q3F2ZHkwRU5ocmhjRHMzMXljcG83eEhFZk8wZ0otYTdnaDhaaFpHVDJDMFNjLWctOXpTR2hGRWZ5eEZid2JGaHRfMkNiYmVQTVhlcmJWbUlYd2kzdlFHTjZPUmZXbDRPRTYtNl8wZEtMVnVJenVEVE9ha2hrbUJoa0VYOEEza0ZEUmRyOXF0a25zY3d5V2VmalNSS3lmc2k?oc=5","Bloomberg","Global","1782662404000"
"Iran Asserts Sole Control of Hormuz, Warns Challenges Will Bring More Violence","https://news.google.com/rss/articles/CBMiwgFBVV95cUxOMVZpS1hFREs3VDc0QzBrVXM3QVZtUG01eW9raUlmQ3dqaU9xcXEyMTYzRXNiSG1nMmtza0dNZXY2YWRqVHhqNGtFNjd0dTZiWExMZ1RlVjZFbC1pSFd6dUx4RHVOMjZEWVFMckdmWTFQdENpSVhsQm94Y2k0d3REUFpVbnZBemNvbzN3ZHduYWdfb2c1QU9jaUxBSjYwREEtR3ZQZFBqZ01qM29Uc0xaNFdkdUstQTR0T1lZMGprOHFOdw?oc=5","The Wall Street Journal","US","1782661380000"
"Secretary Rollins discusses US agriculture's role in Iran plan","https://news.google.com/rss/articles/CBMiVkFVX3lxTE1kVkpMNHlQV09UMFVSMU16MXVLYUNzT1A4U1NLT2JnQUhia01qWW83UkhvMVZuWnNEUUN2Qlo4MC1BcGNhc1Zxc1NDZ2ZEM2RyaUF6QXp3?oc=5","Fox News","US","1782663640000"
"Analysis • The U.S.-Iran talks mark the end of the U.S.-Israel special alliance","https://news.google.com/rss/articles/CBMihgJBVV95cUxQNzRSZXJNZG9JckMyVjlYN0g3bzEtUVAzX2pvRkFEYUp3LVQwVHlEZlR0WUVVRFhuTC1WWndleWlYRDhhb3B4dzNuSTB6b2VQOUlhc3NpYzEtTDMxcnNMd0lienJHRkt6RVZvN2tPWndudy1CcDh6V0RHTlhGUWd6bHhOSnhRalVrRnVMVG1kQmZxVmNfYTZMTnVTeGxURHktTnJMNGNOdVlKNkpocTkwLThGbkFDZEdiWnJYbjRWZmw4T0EwZ1Jfc3lKVDdSTC1vUjJQem85YXZMNGdOMGVjeWpUQjBMSHZMNm5icEJDUThtMHJfUWdwdmVaZXduclVSdFFTdG1n?oc=5","Haaretz","Israel","1782663180000"
"Pakistan mulling purchase of cheaper oil, gas from Iran: petroleum minister","https://news.google.com/rss/articles/CBMiqwFBVV95cUxOb3Rja3FoTkE5NGVRYzZoTVQ2bE1ZeU1HOUtLaFFmd2o1V18waUkyOG1pS1NpMmhSZEhhMFlPTFpFZFJiajNveTR5TVlYZ1N1ampSeHlQRHpfM0FfSlBrU0U4aDVOTWs0WFVJZDY1dnJlUWgyN19mWWVTWXZHVDdraUhtVFB1WThOcFJfWDZERmJpYm8xdFp0OGk5R3VOM0J5S0N1V1R6MGdMR1U?oc=5","Dawn","Pakistan","1782660728000"
"Iran's supreme leader says legal cases must be pursued against US, Israel over 'child killings, war crimes'","https://news.google.com/rss/articles/CBMi0gFBVV95cUxOZTRrLTBZY3VlZjdBM0Njdk9HYUpDckNyRV83NTQ5ZnV3U3lPS3RMQ3lRZFlXaFRveGNjbGpaN19qRUNkbS1fcWVJU2p4LWgzR2dYakIzRDRxeU1tZ0Ruc1EycGZ5LWRob21qRUt2MklDNmhNcE9ubkt0d2ZBSU9nZHpmODB6U3BROGN1WXRZeXppeFNUWk9ULVotZFdmRUVyV2Q2dmZKZWJEWU44VWctSm1yTVBheF9pX2pEb1MwdFJtNUNwWG9qazVqeXV2Z1ZSZmc?oc=5","Dawn","Pakistan","1782664248000"
"Tehran is committed to ending Israel’s war on Lebanon: Ghalibaf","https://news.google.com/rss/articles/CBMimwFBVV95cUxPLURvUXpjYW5JbzlXUGN0SkpPWmJfb2xISUpFSGF3QnNubE9BVFhaVWNvb1NHNU5vNnVCRDBxM3MzcldCZmtUcGJCT041Yk5yYUVrOHlDTkU4MFNVUWluM1MxeElfUzlCM21oaUlNX1hnOF9XUnYyMkJQd2E4VGtQdmJQdUxuQmdqUzJMcTNpVE1FdWd5Q0hnZGl6aw?oc=5","Dawn","Pakistan","1782662604000"
"Sen Rick Scott says US is 'doing the right thing' with Iran","https://news.google.com/rss/articles/CBMiVkFVX3lxTE5JaGt6Q21fOEo2d3oyMWFaaERZckdvX1I5T2VjZEVJSFFtWS1JYk9YR2N5ZEZLS181bU95bTlJZXBCc0dGeXlMaVFQSHU5VDZ1YWY1TW53?oc=5","Fox News","US","1782665386000"
"On GPS: Jake Sullivan on Trump’s agreement with Iran","https://news.google.com/rss/articles/CBMihAFBVV95cUxNWGpON245UlBXZHh4Sndrdm1nck51SzB6U3hfWXZQM0haQjhFaWQtTm5zbXZSYnB6TjBxdDRtSjVqRTRnMDlsNkZLUmZ0TnFEZzAwMVpNYzk3bnJwckozOVlSakJ5RlJVVzJPRTVLRnduNks0STZpazFEa1VBYTlBX0p6LXY?oc=5","CNN","US","1782664423000"
"Iran strikes US Gulf, Trump warns Iran 'will no longer exist'","https://news.google.com/rss/articles/CBMiZ0FVX3lxTE1hMUdwQ1RqS0JicHB0Yl9qUFV4RTRKZkdUUWFOazVxeU9OM3RDNGxWVXlxY1d1cFF5bGtFUnVwaGpuQmg2c0JjVE1lbl9QNDdhS2VMZmpTamNTT1B6a25ldVZQWEtuZmc?oc=5","Reuters","Global","1782666441000"
"Trump threatens Iran with military action, says nation will 'no longer exist'","https://news.google.com/rss/articles/CBMiVkFVX3lxTE1Ta3p5bHlMSWFmSkZaNDRWX3prcnBKV1hFQkg4U3B6cnZJbjlmM0puZTAyZlhRN29rNzU5c0lVRDNXaXA1Ti1EYWpWdFlDQW5DeUhqQVpn?oc=5","Fox News","US","1782665969000"
"After Iran drone attack, Qatar says citizen killed from shrapnel due to ‘military operations’","https://news.google.com/rss/articles/CBMi0gFBVV95cUxNU2k1TUc3THVRWjNwbXFCMTZBTFQybkhHUElEOUtqMnVpTS1WeHNsUTV2bEo5SGZtM2MyYkdUSEJvdDM3VTJtakU3dUNRdEgwLTF3UFBPbDNJX09QWTM5QWR4WDlYTlcxNFFWUG9JR2h5eXF6QTdaQWFLNGpaSW9UZnVyQ3FDQ2ZkeGZOZkU0WFFuaU02Zk9DeDU0WFBpMHU3ZXhsU0U2MkZGaTRBRElneVdTb3JyS1JXbDhKMFJfSFdnTXpvamN5V3BmdlpBQ0VzWlE?oc=5","The Times of Israel","Israel","1782666902000"
"Source: Israel-Lebanon security annex preserves full IDF freedom of action; Jerusalem remains wary of Iran interference","https://news.google.com/rss/articles/CBMi9gFBVV95cUxQaHpHWlZJS19Edko4UGZvZU5DMnhJcUI1Rmp2dW9sM1ZobnctaWt0Zk1UQWpab0JjN0ZZdkUxQ2JuTl85eGdISUNPVC1NRi1kNlhBbEhiZzdGZS1RRV8xdGVRdGo2NGxwTEVDQUluUU5tMnRTYU5ySmQtYThKQkVwWWxzbEJDOGdXYXpMVUNsbm5TNC1sS0tocC12TjhoY294UXd6eFVidklCR001bjlESE92LXZGc3FCam83Vl9OaVhycW9yNzFOd09Wd0RuZ3pRcWQ5dFA1S3l5dXpJWFFqcHBfYUI5cjhGLWFLUV9xdTRJb3huTkE?oc=5","The Times of Israel","Israel","1782669638000"
"US, Iran Trade Weekend Attacks, Trump's Threats, More","https://news.google.com/rss/articles/CBMinwFBVV95cUxPcEN4YjhBUk9Hd3huanF2U2RFZUN4alhqbkpaSmRtcXBqMEdVTmFabC1zb0Npc3JqTUhyLWdPd3dlOWpHamYwcFp4RE53eFZkbC1YbG4zWVBMN3hrMENNRmJpRllEOUk0VjNob0dHeWlmODUteXBRQUM4SUttRlI0RkxwUUNmbERfZ2JGaTJIRlp0a1VxdHMwaU83RTBjSEk?oc=5","Bloomberg","Global","1782669498000"
"Iran doubles down on control of Strait of Hormuz after weekend of violence — as shipping traffic plummets","https://news.google.com/rss/articles/CBMitwFBVV95cUxNS0s2SklmVFM5LThDWjQ4OUY1VkVSVFJWb0I1Ui1IN1VDcWZKaEhJOG9YMVJETmYyR1o2VEhtOUpzNXI0akExbFZlaXlkLXcyVXE1UG1pWVgwMndJQ3ZZMjF0eUZPQXJHcC1BeUFWSUtTMDFsT29vUExGREZrb0phTzF3Z2k2dlpleXFtVVEzcHJEQVhqQklFa05mbENFZ0d3Zzd4SE5Uak9XNXd0UDdVaHl5S3htcGM?oc=5","New York Post","US","1782669600000"
"Trump outlines plan to leverage US agriculture to anchor Iran peace strategy","https://news.google.com/rss/articles/CBMiVkFVX3lxTE9uTXM2X3IxRFowWGFMSHR1MFZFazRRNFREeUxmcDBEN2gycGo2UGpib3hKNE9xUS1GZXpBb29lTXBXVDZFUFdETkRkOXFCOHJKUVRmV0R3?oc=5","Fox News","US","1782667767000"
"Iran Ta Sake Bude Hanyar Jiragen Sama Zuwa Dubai","https://news.google.com/rss/articles/CBMiiAFBVV95cUxPQWtkNlp1cWlJZXJRejdLUlJxSFR1RVVhaks0T1pvLTBVdmdESDRmUnV3SW5NeGNMQ0JDRUs4X3U3MVo4eml5UDB3aDNlNDJOdkxuOGZIWmwyb2xjRUtJXzUwTEplODVRdzZDY2R2Z2tsRG9tUlVQRUp6cFloQk9aN1BYS08tOFli0gGIAUFVX3lxTE90eFJnWEMwSmI4VVd6OUFEZEhuTUNiUUpIS2VOY0lycXJ5czNVN05PLUFjSFBaZkItWTJlcnotTGZWc2w0RlVEb2NmOXlNSDRhdlZIb0xxZmVhbWxGLWF0VFcyc1k1TEJJb1ktZmhwc1NFbkZQTXZDcDdWWDVXaW9aYjk3aHBGV0E?oc=5","DW","Europe","1782670465000"
"Trump warns Iranian regime is 'pushing its luck' amid ceasefire violations","https://news.google.com/rss/articles/CBMiVkFVX3lxTE1BM0dhYTJyNkZHTUZfblpLT2Rid05Rc1NaZlF0ajNkZnE4NHJBd09FbmtxNGVSNkR1TmFsNk1CQV9vRm13ZTh4M24tMEItVkM1YnJ4MnZn?oc=5","Fox News","US","1782670093000"
"Trump outlines plan to leverage US agriculture to anchor Iran peace strategy","https://news.google.com/rss/articles/CBMiVkFVX3lxTE1HOWlaXy1UV0w3R2p4OUxJdjU1MUpoWTNCRDQwN1VGekg5RDhreUpQaC1YV2xoTVBXdEw4UUduNjROZ2pKT1cxVXhwWUVVbWh0cWJva3F3?oc=5","Fox News","US","1782669493000"
"US, Iran Trade Strikes in Persian Gulf, Testing Fragile Ceasefire - Video API","https://news.google.com/rss/articles/CBMioAFBVV95cUxPT1dBRmxKU3NpSnBJaS00YU14SGJoYm1hdjY4WklnQVlidWMxYjJ0SFh0VzdhWUVOdzBJZDNISWJfX0FUbFItQzJxYkp6X01CYVBiTXhaWG5LUXc3TG0xalJNRkdOZmlGXzRNa2Uzdl9tWmJrYjNFSE9WLTUycVRyaVBjWVdFYlBxODhFTHRrS3lXUXBZTXAwNkZTS2pjbFZz?oc=5","The Wall Street Journal","US","1782668395000"
"US and Iran trade strikes days after peace agreement","https://news.google.com/rss/articles/CBMipgFBVV95cUxNNDVfZEhjVzFDWmhvclVOS24yUl9tZlFyRTcxNTVaNGRGcndMR2gtUEpxTWdXVVFScG5ZbUpCSlBFbEpaOW43MXdmbk5WMnBHVTZ2cFYyOWtFZndpbHdSX2pTLXdQbm1zbWVBOE96NUNTUE8waU9hd2tpSEVONG5EVndfaU1MQlZCWFRXSGlweHltSDlSRWJwVTFUSk92NmY4NlBINjdB0gGrAUFVX3lxTE5DODJUc3VaWUNzQUtHcFdaUW9ienJtMkI5bXh0VGFZUS1lWmxqbEt1Wi1Ga3NTLUtDUWR4U2staEFZR0ZHb25NNjZNN2piUVpZM181QXZIN3BtUGdxdnR1RTA4cGd6Tm9rSmt4MXhZM0NnVXhwdUR6MHNENDlsRVBQNXpBYVVnWmxnRWVrajNHcnNvYl83WUdhWlZFYzFZVnoyV09QMVQtUXhobw?oc=5","Al Jazeera","Arab","1782672982000"
"Iran FM holds meetings in Iraq ahead of funeral for martyred Leader","https://news.google.com/rss/articles/CBMimAFBVV95cUxQcHhiOTAwR1V2SFpuclphSkF6VzRKc2VrVzV2aUNCZ0hXNjdKRFhpNkpkdlJfN255dFhwVjVzMnFfX2RYWk9MeDYxOWJaQ3Z0aTBqc0xOVHNScC14RmprU1ZuZUhRcFBhenhyeTAxbm44dWF0cU5XX1BISzh0bW1Denhnb3ZrT3NzS3hDMU5BODdlRnJNbDAwZw?oc=5","Press TV","Iran","1782672660000"
"Iran urges US to set timeline for 'unconditional' Israeli withdrawal from Lebanon","https://news.google.com/rss/articles/CBMitwFBVV95cUxNc3h1UXVoZENRMDRKdDA4VkZ0aDBfUGE0OEFQTHU2akU4bXh5dFFDWks4Zm1KOGJPeHBNa09oZnFBT3RUYzlIak5mZ1lnSlR2QjBHaEE2el9BRlhlMXN2TmttV3J1RzZrY0I3OXFSbFAxVDhycVBjQ2c3QnJnU2dsd0hfbXg4dVRhNnNwNTZxWHF3ZUpkYkpySWxBazJVbmo0d0J1NHVreFc1VVFTTzI1ZldDdHZvUFXSAb8BQVVfeXFMUHVXS0gtTncwVFRSdzdyY2dTMzIzRDZPck9iN1lfMkFJTmNCUXJ0NWFNeDZ3NWh5N3A3ZW1FRFBIY0xhMGw0MzNpYTFkSzM5QTlhbXZPcDZUdkZDMFV6bkRJVERBRjFKdDFKQVdrR01rM3lmTnRkenU0cmNRb1k2Rkc2RUx4UUJpb3VDNFVYaWotUXRfU1YyUkVmNHNOeVJHUkZpUjBOY3lBQ1YyaVduUzNpcWJNNWJwSEFKV3lKU2M?oc=5","The Express Tribune","Pakistan","1782672300000"
"Iran demands clear timetable for Israeli withdrawal from occupied Lebanese territory","https://news.google.com/rss/articles/CBMiugFBVV95cUxNX3hVcHRXN3VWUW9mRXNubUtLRU5YOUtlSXVDY0RYS1VXVW9YSGV6NDFsYXJ6R1huUHVGdVR0Rmt5N0lZbURVRTY3MERaeS1WR0ktVW9yX1BqMXJHdnZxa1F0X0s1aHk3cW03eE83Wl9Jb0F4dFlOeVNINWwwcUNGMEdvZmVLSTQ4bmxBbG5kSWhKWFdFTWd4QmN5bHctNlA4WHVJUk03amxHQmNadFNqc2d1dUpXeUw4Wmc?oc=5","Dawn","Pakistan","1782669946000"
"Iran threatens total halt to talks as US warplanes circle above Hormuz","https://news.google.com/rss/articles/CBMiswFBVV95cUxNMVY4WnV3T2NaNGNUN3Z2OV9wcDdMYVRKTF9USGlvRi0wdWJTak95bDYyZWtycmdVd0NUM1lOaHJnVnFqSWh4NU50eHJIaDk1M2Q4S0FwQmxrRFMzMVByY0luWTlFRFptTUtEUHpENk02cng5RExUNU5ObnhYNGNHbzFpNnY5Mk9kcDFKY3pBUDYxTm5nX1hzN2oyTE5aWHhYZk5YajRuaVI5dHZ2VG9XaG5Ebw?oc=5","Euronews","Europe","1782674259000"
"Iran Risks Peace Talks With U.S. to Maintain Leverage Over Strait","https://news.google.com/rss/articles/CBMikwFBVV95cUxNX2FOWVlPNFRIdEZESUpTeEk5Z2lhYzdrNHhPbExhcEROS3pQZG13TVdEbjN1QkdzMmNRRXo5cUE3ZExTajRBQ2VtOEtTZ25YQmtPWFN5UnNJR2JGdG8tM1cxa1lPdUpod1BBRmtMb0pPUTJmd3ZQQnpfMEdlSTdHS0hUekZZdWlfRG5PTUQyNHo0SlE?oc=5","The New York Times","US","1782673564000"
"Iran follows missile strikes with new Hormuz demand","https://news.google.com/rss/articles/CBMirwFBVV95cUxOUE5janhqX1JCenRMS00zUTMzRnlkakkyM2c0SmFxTklfNHlFU1VVRXFUYjhBREhvczV2SVNKZTdnQVRKcnY3M1d1RXZlbEkyckk1RzZUMmNjY1phaW1uRlhoemtrTnJKWkxwZkFxRVZuOHBCNDRYX09hM2VqcWZudjN1Z2JtWXk5ejdkZnZOVU81S1Nnaml0cFNpXzB4REpWajB6S29SLVgwcFJyaDhF?oc=5","The Telegraph","UK","1782673020000"
"Iran canceled participation in technical talks over recent attacks, official tells state TV","https://news.google.com/rss/articles/CBMi0gFBVV95cUxQN0gwbmNKNDhjMmZKUGs2RXB0U0lxUnljTTBQTnlQOE5zMUFNc29RUHhOVl9qd3hNcHlMZmJIRGt5aEFRTkY1X0FUX2pqdVVSd1MtclJsVFMwRXotUkNyTE1WZHl5cVhHbW5aN3R1cW1odnN5RVNYMWVKOXFOWU5Pam9ZUzlCcXVLVnd1XzlXcUc4ZVdiMjN4bGMzYkdLUFJ3MmY2Wmh6UFNHTFA2RGkzNEEtMm9CZ3Y3WndTaFBXSXVWWDNsdWNDRExwUXZjUWkzUEE?oc=5","The Times of Israel","Israel","1782676502000"
"Iran canceled participation in technical talks over recent attacks, official tells state TV","https://news.google.com/rss/articles/CBMizAFBVV95cUxNcjJ0V01LU0UwTXVYdzY5LXk2SURZV0t2cVhsZ1NyWVlHUklkeHVKZ1FQTHQ5bVdwcWFQZ09RajN0YXFsY01qR1J1OVNJcF96Qkg4SndTX1hzU0REN29aWDZfMHNkVGhzZC1qdVkzNlJtX2dscC1EZU9yM1lBSmNxZ3Z4cF9oSEdXLXRHc3hkSjU2NUN6UGNEM0ItSjl0OEJtcjR6VnN1czEtTEpRYzlTOTJ0dVRjbTVlYWZySkg0QW0zU29uR1VUdXJ1d2k?oc=5","Reuters","Global","1782676424000"
"Opinion | Iran Is Winning the Battle of Hormuz","https://news.google.com/rss/articles/CBMifkFVX3lxTE5YbEFIWGhGWkl4bHhWUjJic3RKc3NuZlNTUlUyQ3IyY0tNWWUtSWJHVGdFLXh2T1gtdzg2TUoxamNjWVlkdlpsX3ZBYmFUdGRnNDFxTVhzMEh5UFRodEgzd2tPcVROLWlUaDAyRC00UWJXb0tqcVRfY0pmSHhHUQ?oc=5","The Wall Street Journal","US","1782676560000"
"Iran insists it has sole control of Hormuz, ignoring Trump’s threats","https://news.google.com/rss/articles/CBMisgFBVV95cUxPSm9KZGIyaU5OUVJQZXBweE5GZWc4dklaNVBxNlVrODJ2RV8yb1luSk9wUURSbDloVlBvMjBUeUpRVkpIZ3cybWRXZVNwVzM0bVNSZWNmWHlpa1ZCMDd6eHgyWGFnODdtb1pnS3JXa0VNY29xV0lRQllqbGdFUmRyZmJFVkZwdzVNenRiWDJFTjhnNXNqN0tfNkc1ejQyYzdHRW9Yc1RpaDVwdl9BbW90ZDdR?oc=5","The Washington Post","US","1782676353000"
"Ceasefire between US and Iran being tested","https://news.google.com/rss/articles/CBMiVkFVX3lxTE0yd0F3OW5SNWQ3OGVUdHZlSGsxUWJzR3ZRYURRYXdWRDh1dFZzNXRkVWF6dWhpUXcxSllBZHo0Z0RyZkUxWHl4cEkyUndjZWRqWHd4UGhR?oc=5","Fox News","US","1782675557000"
"US-Iran Trade Weekend Strikes, Venezuela Rescue Efforts, More","https://news.google.com/rss/articles/CBMiqwFBVV95cUxPOE9yN0RsYnAtYnk3X1FQdmI0NnBlY242SDA0d2NfNnVpQmFYM2FDMU1nZGxIM3BmZmNmS296NkFMMTNuM1E2WVMza3haYWc1QUFaU0toczRqNWlhaHJoTWtXODNPQ1RuSjZ3bEpPREwtYTkwTWlNaUcxMXdnMVZfRFJhbTBsWnExdHFYMXFsSDNpQ2FXZ2ViWlY2WXV3bWN2LVEyZ3dCQ3ZZMEU?oc=5","Bloomberg","Global","1782678264000"
"U.S. and Iran to hold Strait of Hormuz talks as ceasefire wavers","https://news.google.com/rss/articles/CBMipAFBVV95cUxOckhYQlFEYzQ1S2MxdVVvVlg3U3RPemtZTVNNWV9HM1BJU2xSank2QXJHQjlDencwXzBvNkRzZm9sZ3JQbW14b1hUV3BKWkdPZG83UVJQNXB3OTg5enRaU2hkTUdVbWYyMWxvR3RKczZUUlhnelVJNlFPRnpfZFBHUUgzR1lkMEt1RklaUjV5SzIyRGo2Y0dlUnN1VExkaEFDWVRfSg?oc=5","Axios","US","1782678144000"
"ESPN honors Iran's World Cup elimination as 'remarkable' despite zero wins in three matches","https://news.google.com/rss/articles/CBMivgFBVV95cUxNRGFqb0NodlE5bklrZGxtNzJ5NEpKa3dpNDVfdnZteHA3aV9sRGFuYkRzVGxEcnlJVzhzclBpRlpHV3dLdXZoa0w5VkJWeTZiRWZiMEwyVUpod0ZkWmhrSnlOSWw1SjU4NEhJSTYyaUwzZDRkQzNyeVNEWVMweWtFRzhpU00zaURfT2ZWZHVCa0VKeENzUVlJWlh0bDcxVVpFX2plRTFaak9Sb2hucFVhMlJLbzZETlFaZmV1M3pn?oc=5","Fox News","US","1782677565000"
"Iran says they've cancelled talks, US says they are on","https://news.google.com/rss/articles/CBMiX0FVX3lxTE5GbWFWQ3JuRDczRXcySjJLNEFETGRNdHVScHVNczZsbHpTMEpOUmJBdE5XOXQzU2VOekpCamNpYjduTFEzUnBhMlVEYUtzU2VIY2JMMWwwNVVlZXo2Q2pJ?oc=5","The Jerusalem Post","Israel","1782677885000"
"Mission unaccomplished – Part V: US war goal of Iran’s zero enrichment produces zero results","https://news.google.com/rss/articles/CBMiygFBVV95cUxQdExfeF9jVS1hN1NSYWZNYy11c3F5ZVFRNDhvNFRLRUlWdFFrdVlkbmR1NDliRnRKa25qZHp4eHhiV19XTlBKTlBfbUN5R1l0b0RhQUQtMl9qcWNsbWJzUm14aE1fMTRUTlRNMHFNU1dERGhoSVBERWRibC1Pb2NYRENnZzhoVllrdkV5UHZveVVjV1VxbXdkcndNR1c1X3RKM1kyZzlGRFVSWTNpLU1CMWFwX0VJYkJ0cG9UTlFoc1JEd3R3aFlpS3NR?oc=5","Press TV","Iran","1782677640000"
"Iran canceled participation in technical talks over recent attacks, state TV reports","https://news.google.com/rss/articles/CBMi4AFBVV95cUxONmJVbElFSlFpeEFVdUhlZ0ZMeXAtNUxjOWNXTDQwRkJXbU1uNEhsV3pGSFkxSWwzVG5tSEg1V1VOYlFfSE51ZW9pNGJ4b3VuaHFObGNJa3FTYTNXVTlWc3VRdmpod2NBTHFROUY1bS14cHFRZThLbTZXaHFnNDNCVV9NT056bFlLQ3gxMUlUalRPc0dsZC14a2RwVVRUSkJlTDRVUVdfaEtUUDZZbnNWcVRMZHdNaHJNS2MzT2U5MENMU01CeWFfVXNzVTBSWVl6OGVMaWZsU0NFcDl2TmN2StIB5gFBVV95cUxPUHcyTm5KWl8xQXNybmEyV2ZwV0FlSkxPS1Fad3pTMl92aHZ6LThLU1FSbHZuc3F6ZzM4N25sWVFaZy1oQlVJWDQxRy1RSXY5VkVzVWtsMVd1WFhsLUwxTzFGWnhtdmd4bFZJTkFKcUFuT05YaGhaQ1dWUzZIRGxCUzB6V3hGWHJsajNzN05DN0hVdTNxczYxc1ZFZDF5M1FaREVWckRSZjEzY1VWWmpuX0htWlJLdVRBRlJmVTRvTUxMSWRSZ2p1WktNX2xCWnRrTUtnbE9LMWtGb2FZTDNKNVN6Nm9YUQ?oc=5","Al Arabiya","Arab","1782676758000"
"US, Iran agree to halt Hormuz attacks, hold talks about strait in Qatar on Tuesday — report","https://news.google.com/rss/articles/CBMizgFBVV95cUxOMlR6aUJZd0U0VjdGeHdzSmdRelNucmZWWHRuN21OME1WZkxpeEZtN1dlWTZxTUxnVzFkZDl2TURYUFVQdl9KZkxIa1pKRk9rVFgzOWhKVG1NYU9DWmJwTkVUZUh4VnpZNTRMS2pKd1plcHRNYnFYZ2lQTWtnS2t5T1V0QzlObHlSWkdQR2xyZHZUZUE1eXFpMVlxeGpzV3cyTFZ3elpneHVrTlVMZ3FqTmZydHpoNVliWXFwbWY4Rjk5Y0REMk5pSDVkcjRMQQ?oc=5","The Times of Israel","Israel","1782680102000"
"Morning Mail: One Nation election finances face scrutiny, Trump’s new Iran threats, why your super already invests in AI","https://news.google.com/rss/articles/CBMilAJBVV95cUxNT2FheF83Nl9JUzJodnR3VngyNWNZNHNxY2dTR005NTVyaU9HY04xb1BfZjZnWjBPV3I2QVBLV2FjVk8yQ1JrY3hEQ0NrZkE5RTJPRjBNUjBYNVZOM0JtV0Z3ZlAta21tN0MySVhBeVNFbmpUVlFLenlZOUx1bWJYMmZ2RnhlYXpuZnlSbGtkN3RoenpYMFZROHYyclNFMktQOERQMVRvUGIzYXdRTkdyMjktOVRIY1BwSkd5cElqNGZHcDRNZVR1VHZYUkcxeWZOeU11QU1ldF9FbHJnWUVYNmh5UlFUa2E3QzZFLXZCMF83dndQdTJXT2I3Sk83cndVVzJMbVUxeG1uQTZtejdaajh5ZHI?oc=5","The Guardian","UK","1782679500000"
"Iran targets US with psychological warfare campaign to manipulate Americans, embarrass Trump: experts","https://news.google.com/rss/articles/CBMivgFBVV95cUxOU09kT1ZwcmdrRElTVnYweEY2Vnc1bEdENmwwT3gtTnVwS3JVbzB2d2NXR0Z3Wm5QbGJLMHhhckotOG1CZjVkNXNNa2dVWHJsdXFFbGE5WnNDYjhKb291Sk41R0hvbk9iS0VhSUxIU0VDNXBSYjZQcHEtZ21ibloxYnpkbmFENUpVNlZQTEFfMnlrRVRnMnVFTWg3aXN2U0pXVmUyRGNxQlZFUVpHVHpOSUpWM2FCMFF3b2liN3N30gHDAUFVX3lxTE9wZkVQWWI0bFdyWXVTeGx6Q2VZRG5pUHFzU3h1cDlxcmltaTl5b3BQdm9rejVvVmE1THNNUXJmdzdWR0J2OGpGREROSVVZeFI3NzZGV3V2WTN6aVBLSExmcUN3ZXI5bjZXc3dtWDVPQnFxNUl1QVJTaUFVaUc2Mm5SVEYwV0lpcHEtaWtzeXRKanJzcXNJaVNsaDZLMXlHMmgyZ1hkZURMV2ZBM1R1NzBfbVlta3lsc3hzUXQzRV9kZmpmMA?oc=5","Fox News","US","1782679054000"
"Axios: US-Iran to Meet in Qatar, Venezuela Rescues, More","https://news.google.com/rss/articles/CBMiowFBVV95cUxQamEwMFBqNkNtM3F1RlIwU09EVTFCZUxVeC1BU19HbUdpMU5uSlliMDFBQmNrNTlmWVNZMWJBTEJHQkMtaE43QUxMUS1hU0diWkdXTS1TQzB2M1FmQ3IxMDFPeS0wdDlsVVV6eHFPcVYxNjdSUUczQU9xVzdZeXRzRlV4VEd0QktTOER5WkVQUWdFaU5LcERtaGFQMDlNTERHN04w?oc=5","Bloomberg","Global","1782681492000"
"Iran strikes US Gulf, Trump warns Iran 'will no longer exist'","https://news.google.com/rss/articles/CBMiZ0FVX3lxTE14Y01SNWxHMXRINEplc3dSTmIyWXN6cUtFeXl0T1ZfRUo1VUV2dGZZSWVQakZCUDk2eWNDVTNidi13Q2s0WkRCMjJXbmMtdkVWOGU0enNnQmlOYmZaNkIzcFhncUNmOUk?oc=5","Reuters","Global","1782681271000"
"Trump warns US may 'complete the job' in Iran","https://news.google.com/rss/articles/CBMiVkFVX3lxTE4zWWlZVVEweVFtRXpiMjQ2bklJaTVxVGdTMTJOX2ZxZHFDY3F4OUJXSzJOZ2RacnJWWk1MNnJFUkZ2cG82bTNBVmJOV3Z2aUFJcWU0al9R?oc=5","Fox News","US","1782681217000"
"Heightened emotions in Iran after Team Melli knocked out of World Cup","https://news.google.com/rss/articles/CBMisgFBVV95cUxPeFozZkF5V0FxdXA0Sll5a2Y5TkxVc3RvQ3dVaHpjVzA3eEt3TERDVE8tVGdoaFlPbGlOZ09RVE0wTDhZR0p4dHV6TXFuTkg1S1k2QXJCWlRSeDJXdlZYNVZUb0ZnY2JPbkxJTm1SUVhRWDhBOWJ6YjdkTkdNQUczWUxSdmhEWVlLRnFOMVBTQTdSTEp5SGJSUVZheERYWVdKUkg4REU1MTdaM2hCTnZwX2tn0gG3AUFVX3lxTE0yalF5dlF2cnFnd081WmdNdXhfVTlGNTZPcll3ZFdQVms4amtleFNMX1JOV1FFQjF4MXJHTEtsWXUwTWZPVHJhSHJ0YUY3MkJ1YTZUNVNSZGhQekxNendoTjJTNm5hVGlBNXZoM1dZdEljTW1wa1pfVXo4SUk2NUE0RWxLMDJTNVhNUmM1ZlB0SFNwTTVxTjVVVFR5MW9VbjJNVllucFQ2SkdrTjhEcnBzUU5tVDliOA?oc=5","Al Jazeera","Arab","1782683902000"
"Iran marks 39th anniversary of Sardasht chemical massacre, demands accountability from Western enablers","https://news.google.com/rss/articles/CBMi5AFBVV95cUxPbVVMZVZXVTYySVoyNDFWdmJYYmczRUdhaWNSV2NUYlo3anRLREFGZVdtaURkelpvRHpFU3dDN3NoY0xLX0NkV3d1Uy1BMGZKNEMzampBdG1vd1lJR0RHSldlOWpXQWZLYU8xU1Ntd0JzU194OUNNRkNPRl9jYWMyc1hWSXlIdlpuRzN2dm1VMnpsV2JGNG43b0xGWHNWTjdEZXp1VnBRbzhiR3Z5OTY3MEg5YnlSbXpBbHZjeUY3TlNqWUlVOTNsZi1aUHU4eTdTa1djSzdpYlJKeUlsYVp3M2JCN1Q?oc=5","Press TV","Iran","1782683760000"
"Axios: US-Iran to Meet This Week, Venezuela Search Efforts, More","https://news.google.com/rss/articles/CBMirgFBVV95cUxPd2ZJenBDU0c3Tm13TnRacVgyRGQyM0RBSzYtNVlJTDBmOHI2WndKN0Zoc1gwa0FQS01rQmdYUzhCR1lLWGkwSHg5ZzIxZHVwYk5jSl9WSHVtVUNuZ2xlZXU1SjhfXzQ1T3ZWV0JlaG1XUW5qMWt0OW96NmcxSlRfV3J1aEtnNWNxQ1lFWm1STTNBTVhnUUc5UEFKdWJFeS1qa21XeElSNmhCOWdTelE?oc=5","Bloomberg","Global","1782684195000"
"US and Iran Agree to Halt Strikes, Plan Qatar Talks, Axios Reports","https://news.google.com/rss/articles/CBMiugFBVV95cUxQWnczaUJoTGpyLTEtVW1Qc2l2OHJYRlY4bGRzQ01jbzhlUEZvRUtYNk1FM09oSHk0TWJyNGtSSnJILXhoZWtwQk1BdUo5Vi1fQU8tWmVackJwZFBTV2dOSDR2WDVyOGVwNUw2eXFvSTlyYm50X0dIWXZ2cU1BZ0tyaHNiQk9pY0JRQWZ2dTV5QllNY3BaUnhJVUIzWGYtSWxqSllvX0FqWXpHY1ZtNmtVNkxRUGpGNUJqY3c?oc=5","Bloomberg","Global","1782682499000"
"How US turned up the heat on Iran with Hormuz, Lebanon before ship strikes","https://news.google.com/rss/articles/CBMitgFBVV95cUxNbTFKT0tIN1dWdmc3UnJTZG5kcTBIb2I0YTFnd3loMVcxSU5XX0JiYVcwMkN5R2J6MEhmRl85MUJjRUY0OEJYajAwejdhWHlxdlVucXdacENtbEJra3JfVDkyNjN5VVpQZ3RUM0RHRHpfZGFFREMzb2d6RWxwNTRHbGNFb201UndYU0VtczZaYzZMQ0dmLUFia2F3SUt6a2tvekNpMEVWMjlMWmRsM0plOUVKWl92QQ?oc=5","New York Post","US","1782683940000"
"Here’s What to Know About the Standoff in the Strait of Hormuz","https://news.google.com/rss/articles/CBMihgFBVV95cUxQZHBjZDU3RnVZcjMwQ2F1RWdmM2VER0RfY2U0Uzhya1JRNVpaU3ltWnJTNW4yTFVWdGhUek5JTUs4TnZEVkRfajJXZlJYUS1iMWhSNDFDSW9fdVVLbzltaEU2eVc4TThpdU1YbGItdXJyeTlqY0ZORjdkYWg2cGEzSjNWU2E0UQ?oc=5","The New York Times","US","1782681920000"
"Oil climbs following renewed US, Iran strikes in Middle East","https://news.google.com/rss/articles/CBMirAFBVV95cUxQeVE4MTEtZkdxUjFqY0VNeW1uZ09lM01DRkRxcVRkTzNFajVCMmx6QWVLdG9NQmRaMFBIdmswQ09GaExRMnNvV1lvS044S3oxQXVOSjYtcmhVelkxbmxJZ0JxOXRJOWNQbmhmSFNpalZUTVEzRldFZ01XdTdtYlhOZDdCazRjeHlJUi1ReEctQ1hfQ2toMnpZQjJXd3BJOWRBNWR4NDczX0diZ09D?oc=5","Reuters","Global","1782684943000"
"If Iran wants to hit us, we'll hit them back 'TWICE AS HARD': Sen. Kennedy","https://news.google.com/rss/articles/CBMiVkFVX3lxTE0zQTNfUDRDVEZZVDgwcW85UktZb0ZtYVJtYmZoeFVjaWFTcUNkWGZpUU9zVUd3RHc4QTJvLXQ1M0tsbG5lSDlzbDNteTl4YTJ5X3pieDhB?oc=5","Fox News","US","1782683792000"
"US-Iran truce hangs by a thread after fresh strikes","https://news.google.com/rss/articles/CBMikgFBVV95cUxNTWNURGdpQUptTFBtNGMybzhzNk1vUGxqWkhjeEVLTHdxblNaRFFmYjFnSEJwYjcyUDA4VWRORzhVcnpyUFlZZGNSSTNWTzhrT09nVkd6V05aUTVyQmpfWkVtZmRtdHBGN3VLUmN0WGVFRjEtWjNNd25HbEd3YTJSZlZCTDZFeGVvQXpFRDVjeDkxd9IBmgFBVV95cUxQSEFpYVk3UTdxdFVPVVFiTDVJV1dXM2JsNC1FOWZOaUNrUktBdlpjcTR5OFlCSEEyWWFlQ00zcTE2MktRbkJEbzFLQTBDNXNiSTlNV3FyNUZOaUt1bGlUYzhiWDRTanN0TUZ0MUs0ZXRMYXotNFZkajlkQUpKdGl5NDR6TVdlMm9XYkFXOTZqaGNkMWcwdGFkaXpR?oc=5","The Express Tribune","Pakistan","1782684450000"
"Putin says US negotiators expected in Moscow once US less busy with Iran talks","https://news.google.com/rss/articles/CBMiwgFBVV95cUxQS0U4ZEFZM3BRTUkxOFZaVnREdHk0SVRyTjg0eW9PUTBOd2QxSURCYXlxQ3g1NlRVTXBIdzh2cUhkeDJ1WFotUW53VmtZMktEUTktSFpWUkhBTnFQcFN6NV9GZ19PWWVsNmpOTm1abTdRc0xtZ2JSc0hMMldhWkdKMW80UFJvZW13ODVVOUZfNTd1NjZiUlVFRHQweHF0OEQ0OHZfQkZOUW9uM3pBeG9YdHJoYVpMUTR3aEtFNldUa2huUQ?oc=5","The Times of Israel","Israel","1782684060000"
"Iran-backed Hezbollah claims ‘right to defend its homeland’ in Lebanon","https://news.google.com/rss/articles/CBMitAFBVV95cUxOcTNKS0tJQ1ZJRmw4bFg2SnNpUzM0ODJYQ1dkeUw1cC1xWVhHY0VIUEV0RDFaVmIzQWhncUZXRC1OWVNLVXh3M2ZGck4yc1FCcHNBQ1N6djBpTS1Xa3VleEhnT0d2bjB2MTNLSzM0Z3g4MGVwbDFUTVRzM0M4SWgxTG1jdUs5S3MzdVhLRHB1UzNJWFFLdmlxbXpLY0d1RzM5bHRkSGZDdjc4NTB2bkhYak54YVk?oc=5","The Times of Israel","Israel","1782687240000"
"U.S., Iran to halt strikes ""for now,"" to meet in Doha over Hormuz Strait: report","https://news.google.com/rss/articles/CBMifEFVX3lxTE5NNTJpeUdmQUtOZ3VvOHlWOWZXX1FTS0huWGpiTFJ3U2pKOERrUHlOd3VSbjZnWjZtcWo2bHR1Q3RjSFNfX2ZlOEREUmpMdzJBaDA4czJXYmRDY2RYRGFldkRWZjdiWFZlZGlrY3p2Q3pOdnNGOWw4WFl6a1o?oc=5","Xinhua","China","1782686505000"
"Axios: US, Iran to Halt Attacks, Venezuela Rescue Operation, More","https://news.google.com/rss/articles/CBMirgFBVV95cUxQcTdIaUJvSnp0OHQ1LV9XdkJ4MU1XVzFKQ212NTY4bVk1TXZLaEhLNktTLUVuVVpScERUMldDSUVOTkRXR1lGVFp3RFN3R3Z1b05QVThFRThKVXo1MG5jejVDMUlMTWhRQ3QxenduQ3Jkd29NZkZkeU5ZYWFfUHQ1cGhFM3Y4VDJnb1pVVkJZTndOYkhvN0FXRDVoekFiWEhXUnB0UUNfano4R1pWNnc?oc=5","Bloomberg","Global","1782687563000"
"Live updates • Report: U.S., Iran agree to halt strikes and meet this week, U.S. officials say","https://news.google.com/rss/articles/CBMimgJBVV95cUxOaVktOU5YV0VYTHlKSTNIaGE2NmMydUZTZV9JT0hqMWUwbUFmcW1KUG5ocE1oQXg5blMybXI3Nk1RX2dwYWYwX195ZjhhYzRIOWtKbTZRZ3FTRENvWlpnOXA5QjQtYk9aWkNnU1BZRk1HS3FmTVNXZk1lX0x3S0t6MXFnbzBWV0NKenVPODczOXhJSklSN1JZanlkR3l4RUxGaFdUeU5QZVIxbnlHeS1iblNldDgxNkZhYXowVjNhc096c2lkQUUyT2pOZUdJcVhCU0RaX1dCdXhxdGlDSmN4Vk9LWlowX1lwbk9fc0h4V2ZZc2U3Q1lWRHBlelJkRWRzMXZjb2lkdHlfektCeGczZ3E1M0FPanQ2cUE?oc=5","Haaretz","Israel","1782689220000"
"Iran war live: Tehran insists on control of Hormuz amid reports of US talks","https://news.google.com/rss/articles/CBMiwgFBVV95cUxNVWk1WDFoM25qQVl5SldLdFNLX3dPTVZTTW5oWjRwOHI5VkduUXllelNCXzBlSFJvYjFJdmM0TGRFeWN3N2s1TEM4MkRnVlRUNVk0Sll3STVWRVUzWFctczNNZUpQeXo0TGluUnFKOFR0UlFXX0l4NG9MdWFMUlljMmt1Y0tvT0F3RG90TW5xbDBFbkJSZERoeWNxSUI1TXJUNGF3bnNya0lZcUZBbG8xNUw1d1NDZjFla1pqWVRQdGQtZ9IBxwFBVV95cUxNU1NPMFdjcnlWeDVSd0dMZ2NyMmRKTTJNaU9UaVVTaWtYR3g0QjUyYmtIQmpkNjE1TFgtY3hXeF8wdHJXQVZTOEp0THBpYnU0R1V0VWxCSHpMS2NjRmlKSW1BekVaSjl2aDcwejFPTzZOTWNZM2ZoUEJwMkR5bFkycFVnODVQOWNKeFRIeWRoTl9mZ0htaU9IMnFxMDh2bS1JcE9FX2ZlUmN0VVIzZGJvMlg0QUZyOVNwYk80TVpqM01zRW53Q3g4?oc=5","Al Jazeera","Arab","1782691165000"
"TECHNICAL TALKS WITH IRAN ARE SLATED TO CONTINUE ON ALL AREAS OF THE MEMORANDUM OF UNDERSTANDING, BOTH SIDES WILL STAND DOWN FOR NOW AND VESSELS CAN MOVE FREELY -U.S. OFFICIAL","https://news.google.com/rss/articles/CBMibkFVX3lxTE1jX2I0LXctc24yLVBlOFlQbjVyZENyZHhhV3BSeFJ4Y1ZTZzJUSldteTdhS3Z1V09sbkNQdmYwS0NYQmJtemNOelhrRU5ZbkFDRldKRWd0M3VlODJxQVBuLV9VdE02Y3I5di15OFBR?oc=5","CGTN","China","1782689049000"
"Sen. John Kennedy says 'we can't back down' against Iran","https://news.google.com/rss/articles/CBMiVkFVX3lxTFBsSWZhR25jcDVXNzItTDhwZ1JSQm5nRlUwZkZFbnJVS25fdHNHTmlLWkd4V0xZdHZ5bVJUcXcxczh2cUZSaXNoYnh1RkZGSEFTSmFHam5B?oc=5","Fox News","US","1782689248000"