headline,link,source,region,published_at
"Iran says reserves right to self-defense, protection against US's hostile naval maneuvers","https://news.google.com/rss/articles/CBMimwFBVV95cUxNWmNXdUlCUjJ4bTAyR05RdExDbzZCNU5zS1ZSSmdveXJ5Qzg1Mkh2dzYybEFodGtsZ285dU51YjNaYW44aTdDY1ZXM1MwRFFZRkVSVkZLTzVWbV9RVWpnUmJvQXBENnFhYzZ1X3hSVHRseHRiNWVINloyQzIwLUJhZ2lMMGtBcFlCRU5XbzVEdm91Y1ZuZlZBSDluMA?oc=5","Press TV","Iran","1778284500000"
"Trump says expecting Iranian response to latest US proposal ‘tonight’","https://news.google.com/rss/articles/CBMiswFBVV95cUxPY1NNTHc5RUpGbDNTWTB0Ym4wblNSeExYNFhFM1Ytd3hqM1NlWndhU2hhMF9ZVGZTNV83ZGdnSkNVNFFTem9McXpGU3k0bVpxS1VOdTYzNDhUbXN3Q2xxeXFOTElRVENtOTcwSXROV2N4eXRvTUc3ZUVFWVFYejIxTWxTbTM1UDRucUJubTRxVm8zSHh1ZFBUY2R3ampBZ2Nucnl2aGEtaE9YY253Z3QwcXpaMA?oc=5","The Times of Israel","Israel","1778283060000"
"Trump says expecting Iran response to latest proposal 'tonight'","https://news.google.com/rss/articles/CBMibkFVX3lxTE9DNVhvLVVtVWtud0FxUHFaU1FxUlhKam9uMHFQUTNReDJhNjM1MzE2Q2ctWDNzYURTbHNpb0szQVJyM0FDZmtIbnF0MXFQVjJBNzBlVmZMWXZMRlV4YlBlUExHQTA1M21seFdkTlNn?oc=5","CGTN","China","1778282391000"
"Newt Gingrich: Every day the Iranian dictatorship is in power, it is a global threat","https://news.google.com/rss/articles/CBMiVkFVX3lxTE96Rmx4NFBoQ2pWQm1CaGVPN2x3dENRWkNFd05XU3JyQ3VFUFhMcUVweEs2czF4c3A0OEpiOEZRM0xTVWdBMFF4V09Va1VhemdOTHRZVlFR?oc=5","Fox News","US","1778282255000"
"U.S. Targets Iran’s Missile and Drone Program With Sanctions","https://news.google.com/rss/articles/CBMigAFBVV95cUxPU0tHNlJ2WmptWHBrM3NMamN5dWVBcVRkU2tOaFJiNXRXbzZUVHRzZjZUOWhMbEI4ZTJaOG5kVWR2R2JYVnFkdDRuaUtaMzBhZmhSZ25TeTlwY1FrWnBxYklUN1hfZ2NfaU5teXo4ajRvT2FOS1NOWUhxM1RFVlJDMw?oc=5","The New York Times","US","1778282050000"
"Rubio questions allies' support on Iran following Italy talks","https://news.google.com/rss/articles/CBMiZ0FVX3lxTE9XX0FLYnN1Ym5pdWtkQ3BCQlVIeExtZUQ3TVFPdXk3UllXUGNPcEhxbWRRc1doaUJyTjVpaXY1bjJwY2k3cW0zQjdZLVhiVzJITERnZDN5U0luTC1MV2FXMW4yWWZDeHM?oc=5","Reuters","Global","1778281154000"
"US awaits Iran's response to peace proposal after exchanging strikes","https://news.google.com/rss/articles/CBMiVkFVX3lxTE9TamRYY3NQVjFWclpIT1dGWllIanhsSnZ4RlE5VWcyY2VLSm1SNVUtOFdJTE13QXdETlNOZlBMdGxfSWNfSy1TelJ4RUo4TGlpRHpnVGRB?oc=5","Fox News","US","1778280445000"
"Foreign militias brought in to enforce Iran regime’s crackdown","https://news.google.com/rss/articles/CBMinwFBVV95cUxPX0ZrNENFaVA1S2xrd0x1ejI0dW45X1gyVWFaOWRxOHBpZVBRQUtZMDMtblhvd05rN0ZNQ2tjMGx2cVA1Wl9aUm1IQ0RsVVhwTnVYdzlpNkpudmtTS0E2MmJYRGh1ZHE1d2RXeEhfa1lPVUlJZ3R2bm96MjBEaHViV3hfVVd2X0xYMl9UNjdUcWI4QWRjNzhtb01GUm9KTGM?oc=5","The Telegraph","UK","1778280120000"
"Pentagon releases video of strikes on Iranian oil tankers","https://news.google.com/rss/articles/CBMiqwFBVV95cUxOWGFlOEtoMDdxWkZDa1dVMDQwY1FQTjU2bzIyMFlqeVU1T21rTnJ0cE9PeGhOeTN3MVJDajN3bUJxbmQ2aHJwTE1yWmQyVWdOdDNfN19GUFhWRTBKZ050LVEyMUxMRmtHUWc2LXVtQUJTNW9pOUtzbmJ5U09TVVQtLURwR3FfVlZ0MGdLOVBiQmhIa0Rlc2dCVkNydVFRWlk1SDlJeGlzTTd1QjDSAbABQVVfeXFMTnFqTkhFbG9YaUxueEwtdUtWaWhEaXJwMDRLU010V2s0dm5qMzBnb2lkczNGVWNSaGNPbURsVllBQ0RZcExnSndJUG5VeGFSbkNzZnlEQjVKMy1tNzdWMko1TjVCUlpzZWViLTVsQXNkeEJyWFVNT1d4dHd4VlRFeUpQLThZUmRlZlR5Rmg1Y193SHZvRl9yZ1VNN2VXVkVKSWxuNDJ6OXVFUTFxVzZERTE?oc=5","Al Jazeera","Arab","1778280055000"
"War-hungry IRGC clenches its grip on Iran as US holds to fragile cease-fire","https://news.google.com/rss/articles/CBMivAFBVV95cUxNRV9CWW14ZmV0aW5jMWtMLTFfc3lhd3FJZmJLeVB2T1AtQ2dFaDBiYWlqOE9WS0F3XzJsTUxNUjMyRk80eVd3RlBFZk9JNW9rd0NmNGVHSGZvc3lKM1F3bS16TFJDdDdQRzF1NFRqNklxMXppbGo0ZWtIU0lvb1dlR0c1SWE3Z19jazlwZHlITkZOajhDNmptYXZ2dk9LcmpqVmVjblNvb3VVazZTdlVFWVBaQ05XdDdkcU1reQ?oc=5","New York Post","US","1778279640000"
"Iran’s injured supreme leader out of public view but still shaping strategy, US intel assesses","https://news.google.com/rss/articles/CBMif0FVX3lxTE56Q0Z3YzRxbUl5Ty1lWThZYXJJUHFmTnRkdERySW9kTkVES1NXTHlRTVFhVmU0RzlLRTNnS3VDdzdWWFczc3ZuVVpkd2pMSGw3ZXBnc2dmNzVZalBTRHJ1WDl1TDU1bDVBVTIxME9DTmQtdzdLTVJhOXdZTmpYYUE?oc=5","CNN","US","1778279227000"
"Israelis a literary ‘crime’, Obama’s secret gift to Tehran and other commentary","https://news.google.com/rss/articles/CBMitAFBVV95cUxQOGZVVm96cXZTd2kwb19raXplbTdGMW93V092OHp6czJ5TEdkY04wMzRKcmJRM0ktMUxlczNZOUlmelhBSENuRl8zWjZJTzlMRWVwVFIyVnMxVjVwY3FQQ01JX0xfYXBvbzN4MXhCb3gyVGwwLXZ5ZVlMcWFTMDAtV0p6S2FUUjJ3NmoyNm13U0FuYlBjblltZWhnZGVUVENRUTRCVjBHT1VuWGVaakZwUDlQSGo?oc=5","New York Post","US","1778279100000"
"US-Iran Waiting Game, ABC’s Pushback, Cruise Ship Exit Plan and more","https://news.google.com/rss/articles/CBMikwFBVV95cUxPMWJCZ2xfV25jbE9GdHpTSkdlcU9mR0t2dXAwbE9MUmRYV0RyYkdCSUxyRlh3dXRsLTlUWDhZTXlobUdidVdEa1QyVGdIZjI4YlBlanFpMnVTV18tRTY0X0FfZjc1eTVjV1hyc2JaZWRjaVVGT0VHUzBEWHJTV3ZqMW9GaE1aOGVEenBLLTBMdXlnTmM?oc=5","CNN","US","1778279011000"
"May 8: Iran inflicts damage on US naval assets in Strait of Hormuz as Trumps desperation grows","https://news.google.com/rss/articles/CBMixgFBVV95cUxQaFE5TzJKOG1EZGVTNnQ4cHlzSUM5YkVLZFl6V0hfdkZnWUlDS3pmejRhOXROYnZHLThzelI5bDA5SDJjajlkRUlPVFVIOFVCWG5EVWtVcUgxMHBSM2ZzNkhCd0c1QTZmcG5wVHFlNHFzZUNfV1ZKZDBNTnNVRTI5MTgtMUhudWtwcENDSjBaNXdVWHIxQm1JbnZoTzZrSUlhMld5c2s5UzYtUzUtbWZkSVVkWXlYUzJOWUtlXzI4OWRRMEpmNVE?oc=5","Press TV","Iran","1778278800000"
"US sanctions 10 people and firms for aiding Iran’s production of Shahed drones","https://news.google.com/rss/articles/CBMiwAFBVV95cUxPSUw0X3E4NFloM0FCQktPVTAxTmllcVFpczVkWVZod1lVLVVqNUpmd194R3ptLWVrY0U3U1p4SW85ZV9UdTBtcHhyaG8tWUFBVXJXa1VTeDBPTkVIMGdYZkVkWmY0V0pQMndZb1F4OGs2bUYzMXdHWDBoQ29vWE5zdW9ueUI5NndlRW9RN2NNdXhMbEMzLTQ5V083TWxnaDFsXzM0bWphcDJxZjJuUG1KX2lXQXNWV09DNlkwUVpGY3Y?oc=5","The Times of Israel","Israel","1778278020000"
"US-Iran deal hangs in balance","https://news.google.com/rss/articles/CBMidEFVX3lxTFB0eWVFeHA3TWpWcFpvTEFzNFo0OExEZGhzYjc3ZXhzUFNNTUVnTFJ6bm1lSVFzU0xjT0Q1RUZDV0FEYzdhN2YzTGFJT0NFNW9pQ2NQcG1rc3ZxY2cxVy1yUERaY2tQOVZJRDlnWlF5eGJDR3Vn0gF8QVVfeXFMTVFEMi1Nb2xuSUZsem12UUFLUi1XaU9KWWlNblF6YnlJVDhmaXo2dF9QLW4xTjJWbjVDVGYtdmM0Z3BBenZ2Zk5DVlFIbjdKU0ZBdENIbTE1UEVfY1NMQ3FKVU0ySnpVajJTVDRPRkdhUjFXMHk1MXFlcXB1dA?oc=5","The Express Tribune","Pakistan","1778277716000"
"China takes lessons from Iran war ahead of Trump-Xi summit","https://news.google.com/rss/articles/CBMigwFBVV95cUxQZXdhVmlxWWtsWEo4cl9lVEc2VXlOQWRhSnRsQU1CTEpUYzAxSDgwcnc1Y0VydFhld0ZCODVxbVo4MlFGOGp0UUlQQXBQVEZiSUNISloxTS05eURkMW5uTTlCUkQ1Y21TbFlLeWp5bUc3c0dqczE0aWlETnFxZEJHUzJsNA?oc=5","Politico","US","1778277600000"
"US revises UN resolution on Iran","https://news.google.com/rss/articles/CBMieEFVX3lxTFBNWUk1WUdsOTVvVkhWYkRpQ216TC1LdGRoc005T0NydDRKb2dJNVRKUGJqanNnZXo0ZGdqSl9FUmlZQUstejh0WUkyTEpOWC0zX0YzNlVaMzlndEMwZ1hQMTNqLVVOUFJ2T2hTMmllcF90STVrX2JvStIBgAFBVV95cUxOMDlwZ2V1eVZ0SlV1Mkhjb1YyMFQzZ0t5VUdzVEJET2d2X3pUNEFQLWE4V2NTeWNJWVMxSzN6bjAtNVVlbk1CckV3STVJUURNN3YyU2FHZGlLLWFpZWxDbXRjRG5GUHlqS2xQVE1MeFg2OVYwQ0hwYXNJOWx5cTVhRw?oc=5","The Express Tribune","Pakistan","1778277395000"
"US imposes sanctions on 10 individuals, companies for aiding Iran's weapons sector","https://news.google.com/rss/articles/CBMivgFBVV95cUxNQjcxaGc1MXBjOWVtZV9IVkVtNXgwQ1lka0R0cFRDdWxhRzQ4OE5ZaHYtOHg0N0I1ODNJbnBxamNuMVNoU2dSbFhHdk44ZUdlNlY3X3RGbFRJR2JPQkxuWlBWLUhTWThjTExTbmVVSXEtUUtlbEJlemhtU3R3RjNKb1pEV2M2SF9Yb285M3cwRXIzZlNXQ1d1S0NJazRxbUJjdkRMM3VpaTF0QmlpYnBXMEJSXzBuM3dtSk5pMVJB?oc=5","Reuters","Global","1778276723000"
"US, Iranian naval forces clash as Washington awaits Tehran’s response to latest proposal","https://news.google.com/rss/articles/CBMiuAFBVV95cUxPa1EwVlNIQWdLZjdfU3RxRndZTjJ6Z3hSRUtrd0UxSWd3OGxsRkZNOVNYYnpqWEhEVnlpTkxwakN4bEZRbWRvUjYtUmlmSF9XVGZqVFNCMUJwOEhUcEZGQnllWFp1aGJfZVNMSzFBeV9WSXJGbnNKWlFmZ1BHU29Ea2YxSW0tUm1NTlE0UDdfTmlaYlJOUk9mN3kzcEJpZVNGVkZCU2lLTlhpRWpwOWw2b2JUZHItel8z0gG-AUFVX3lxTE9lM29sa1BYSFpraXNmZWVnanJ5SkZ1em5VUU96WUdyVlNMZmRjUmRZc3hHNlFfRUZTNm1td1FFa3ZlekhhUG1fM3RVZGhqbWY5WW8tQ2VjdHFkdEhUaXl2U3dqSDFodnpGemMzOUxIV2k0YktSaEUzUzdjQ1pTdVhvaHBVTnZPN1dHVWl1WEYyZDVkbldBZWlmcy1hNmw0UU8wOUtiQUhreVZRSW16WHVsNmoxeXhtc2xzZ2NBX0E?oc=5","The Times of Israel","Israel","1778276400000"
"Iran Tests Trump’s Will to Fight","https://news.google.com/rss/articles/CBMigAFBVV95cUxNWDdrc0h3VXhTMVNaXy1zNk9qWWRoSnRETldEbHBvU2R5V0Fsc2JGNDZDc2VvbC1oS3d1QWx3dTJsREJFQ0x0RTZZNGhxbmRQcWY3MktFWUtaVW5qODJNQnFsQl8wbFRnVXBLcloydmhRQ2Q3aGxUbWdYcFR6Z2JCdw?oc=5","The Wall Street Journal","US","1778275980000"
"Citi says oil could rise further if US-Iran talks remain thorny","https://news.google.com/rss/articles/CBMitgFBVV95cUxQVk5VSEdQN0h4cDhZbWVINEpZeV9adFhWRE1oTVZGMF9FUTVQaFIxbFdSUVlKY1dpSkVTdFdUTnRkOU5xajVlcTc3aEktb1cxb2lDR09zc25oUUwtelFGMlVhYnFocWNWMHF3ejMxUWVlcFZPSm9SQjlhRjlxWTdBWUdjbkZUU1ZURFEzMzR4RTBEaEV2ZUJQdXQyV1hVa2ZjeHdKTVJtYjdhWjl0RkNrajFPWFVuUQ?oc=5","Reuters","Global","1778275689000"
"JPMorgan warns $5 gas looks far more likely as Iran war pushes fuel prices sky high","https://news.google.com/rss/articles/CBMipgFBVV95cUxPcnZYXzZoWmNwejJub05lV2lSYzdQdFdsNnVXcl9Fb1lncVhhM2NoR25EUFppNVB0VFFJcE1xRnhjaFFXcnlEQm05dWpoMHNsSEF6VjVnVmZuMWJickZPb0s1VFNjaXFGMzZrRDFmMjFIN3NUNGIxR2hiZHoxamFhQjhyTF9QRXFEajI5XzZHakFudDVnTVZ3MmZ0VXFCSFljNVFJU2d3?oc=5","New York Post","US","1778275380000"
"Russian FM tells UAE counterpart ‘to focus on supporting’ US-Iran talks","https://news.google.com/rss/articles/CBMitgFBVV95cUxPSjcxNGs1UDVFeTdnRndteWIzcklqeDZFTmRRZnNUQ3h6ZDZsN1VzLW1qQ2NHY2lzX2l0MlI5NC02eTZ5LW1RbkkzaEllQ29jd0FqQ05FRnBNZk5CNUdsRnJmWDdoc0lWaTNCanZOTkpOX1p6alBIOGNRWDNVS2tJTnRyay1lMEZFdmU5Y2xmMEdNcERRQk94T2VESk9VUXBaNzRGRVZVbHBQd0h1UHhMTU9tYXItUQ?oc=5","The Times of Israel","Israel","1778275320000"
"Russia's Lavrov tells UAE counterpart of need to support US-Iran talks","https://news.google.com/rss/articles/CBMiuAFBVV95cUxOZFZHOFJQSnlKcExQSnA1cWJzcmFhQ3E5VkNKejIxVEExMnJJTlhaRlJuMnBYNTZSMG1MZkdpXzhtMXJ6azZUcktyRWJWOG1obDlfUVQ5Tmc4MnYtM0RVU1lkOHlIdWJFWHl4UTlQNGRvVVNtQzJudmhwUHFMWnlnUUJOdWRqNUxycTFMWU15dHFrSFZNNEVJczJ5Vk45MHV1Z2pLRlo4TS1zY2V5NEhYdUpUZ1F2dVFz?oc=5","Reuters","Global","1778274729000"
"Iranian tankers struck by US Super Hornet for testing Strait of Hormuz blockade","https://news.google.com/rss/articles/CBMiVkFVX3lxTFBwVVpOLW10Z2V5YXJFTDRoNkoxYWstdnhFSVY1aHhPOHd6TUk0cVZhQmxZVUJDVEpSdnlwLVlBalZTeU00XzZnb0hzeEpxVXBQcjZ3SFF3?oc=5","Fox News","US","1778273594000"
"Oil spill uncovered off Iran’s central hub at Kharg Island, satellite photos show","https://news.google.com/rss/articles/CBMiugFBVV95cUxNUUhqd2Zpd05BaHYtVl9mZ2JGZ0NMRWdiRWlMVGpfcGdNcEdQSVZYY2RHTkZHX0FRUTNpUE14bHdkaVJsZ3V2d2VmUTBPejBscnZmak41MDVmTnFfUEJNYmgxT094VjBqeXNhbkRtS3JDb2R3Q2xUSjlLY3Z6SnNqLVVGVF9rREkwajRPbkpxR3A2cDIzX1Q1czlTazdnSTFybER3b1NsLTdoR1JYdjFLdXZ4T0Nod3J0M0E?oc=5","New York Post","US","1778273580000"
"Trump Punts Thorniest Iran Challenges in Push to Reopen Hormuz","https://news.google.com/rss/articles/CBMiswFBVV95cUxNVkotRTNORnNLVTczZXE0RkxtNlBrWVdLNE5ubnB0Z0dkNERuWFhjQXM5LVdhTkZnQ2VtYWZPYlZ0TzJvWEd6cXNRRGdtQ2FrYjIxVmVCcVRnSWdwMmZGY2ttcU4xdlhVcGFwMHRpVTBUMmdkdTBCLXNQUkNBa1NCZUZBR2M2MklOVFVLaG94RmFxS19XOE9VcnR4UUdqbmFjNk96RlBkMXh1elVCcWJqVkpjQQ?oc=5","Bloomberg","Global","1778273508000"
"Bulk of this is just rhetoric': Iran doesn't have capabilities, expert says","https://news.google.com/rss/articles/CBMiVkFVX3lxTFBaWHJLUGNvYTRYeVNfY1V0dEl3bVJBOGdhQnZuWnZEWXZnYzhnRC0tbWhKM0VZMUxTOWNZV0ZfZ2pjTEtuRGpLQU9jOThMSEE0MDlvSUFn?oc=5","Fox News","US","1778273257000"
"Risk of $5 gas ‘can no longer be missed’, JP Morgan warns amid Iran war oil shocks","https://news.google.com/rss/articles/CBMinwFBVV95cUxPSkpXWFVaUXF1b1ZxSk1hbHZkdEgwelJaZkhUQ1pqTHZoeU5tYWo4SWQ4UXlpRDBmUlhrZW9CalNqRzVPeEVoME9PT1pfcXVMUjByeGJaU2c0N211aWEtdm00VENpdWZOOHhja1dQTVNDcEZLbkJQYXhXRUlidk54aWhETFlEcjZ6WXRCbUljYk1VMnQ0NkcyUk14cVIyTTA?oc=5","The Independent","UK","1778273040000"
"3 US war ships targeted by Iran face nonstop incoming fire","https://news.google.com/rss/articles/CBMiVkFVX3lxTE1Kb0I3bEo4cE1FSE9uY1V2cndZX1YxbzdGdno1Y09GUTBkLXFFNkIyWUhydzNOeHo0Nmc2Vmg5ZV9yMXI2U1FfOVVSWEJUazJ0QllhVlJB?oc=5","Fox News","US","1778272435000"
"Iran is famous for violating agreements, former State Department official says","https://news.google.com/rss/articles/CBMiVkFVX3lxTE5MWTBSbTRTUEpfRXU2TTAwZURNcVF3T3hNbUZldl9zOW10bGY4TmQ0cGsxOURJaUg3bE14Nm42cjg0ZnlvSWJLbDVHOU5ZbDFRRDRtQXVR?oc=5","Fox News","US","1778272247000"
"President congratulates Iran youth weightlifting team on world title","https://news.google.com/rss/articles/CBMipgFBVV95cUxPOWc0R1pfemxvcjc3MFlkRjA3cGg5dGRnWUFlaVFYUzhUbHN0aVZ6OWhZa0w4OXpTSHRkaXFMUi1vYkMzcVdtWlMwUXVjNzZ1Yzd4VTJtNEJ2NUNYNldEQ3FrbUFLaFZWZm1VR3RSbWdqVjR5VmFPVXBCYWxKWmJGSExsX2xBVWh0RDRpUXZxSEZfV1IyVHBFWWxZLVNBX3J2WTNKMUZB?oc=5","Press TV","Iran","1778271960000"
"Investors book gains amid US-Iran tensions","https://news.google.com/rss/articles/CBMihgFBVV95cUxNZEhBel81eDRONHYtYTZiUFBnTXAzeXJsMmUzckpGbGxxVzgzVndUamlTVmNNVGxnbmdjbWRITVB4YTYwTnFRdE5MZGNNOEEyTG5qM2xNa1V4dFhoRjVQZzc1eGFLTFJ1RkJ5aDBnWkxTU1dTd2JwQkpwTEdWYXF3MjZQUFFld9IBjgFBVV95cUxPVy1OeUlYN2hHc01rdnFvS3lFVjBpOElOT09BTVhFNHRNZmo2Rk43dUQ5dldHUWEyR0Z4dXRBT2FNRXdZUW1Yd3lHRzJmTDEzVER0UUp5amRkTTNrTmxRcWNkZFQtcjZOdnk2eVNoQTdFaFFNdm9qbEIzZG5oVzlDZEJvZDlyLXp1dEwwNjN3?oc=5","The Express Tribune","Pakistan","1778271948000"
"US revises UN resolution on Iran but China, Russia still expected to veto","https://news.google.com/rss/articles/CBMirwFBVV95cUxPZkw2aVVLZUxWTVBVMUtXV2xfOWk4eTVUMVlXajVtSzVQcERTckdRS1RIMUpzUFVvbTZ4NEZOZW85bWVrT3hEb3dSbmxVSE1yUlhOV0V4c2Z5V1JVdjh3RzFCVjk0UURDU2wta19PRk1RVlJoc3l2X1hONTJiaEwzeEhGal9xVVNXQnZCajJnUUJBSkVMTHAwRk1CaFpndWY1aHZhNWhIeHFzaVo1azNF?oc=5","Reuters","Global","1778271569000"
"Russian, Saudi FMs discuss situation around Strait of Hormuz","https://news.google.com/rss/articles/CBMifEFVX3lxTFBtR1hENTZwM01kaFBNZ2NLQ1RtQ01TS0VXRmx0dDVlY1BIZzgwaThhSGVJdWpybmh1aDdzUVVZUUs4UnFqM1JUaWluUkhsa3k1ZVpLUWVHTkxPNGpRdlF3WGMtSWdxeEtmMVBuN0R3TnFSWHVuV1VhcG4wa0w?oc=5","Xinhua","China","1778270715000"
"WATCH: A breakdown of overnight clash between US and Iran in Strait of Hormuz","https://news.google.com/rss/articles/CBMirwFBVV95cUxPdDI0TWsxZ3Uxc05WN3RHUkpMd2ZHZFZDai02VWpjQmhwaWRCZjVlR0ZBelpXR2RYM1hLanUwNF9peXFkSWtwTUFCcWtoU3QzOVBNaV9nQ1JtcnA0cWwzMnNQV3BpcXdSQjRTUXBhR1gteWg3VkhQOGozUklFTktsZlFkaEhqMGZtY194Y1BvNTZkY3RvUXFjZG11V2Q0cUhacHZPMk9Kc0ZRYVozeGdZ?oc=5","Dawn","Pakistan","1778270403000"
"US employers defy shock from war on Iran; add 115,000 jobs in April","https://news.google.com/rss/articles/CBMioAFBVV95cUxPU1JzY2dTVlNnTkFOUmxLcnZxYVVhcmx5cldUM09DcUJORDVGYXVva01GMHhsNTYwZ3hEYmVNNklmMjBVMTJndE9EdllKeXRHUHVWQ3B2cVRRU0NfSHdBbWdBLWV6dS1uTXJfTi1CUEg3ZWFyNGFrbDRyc2VlNGRnTzF6M0VFc2ZzQ2NYcVJ3OXBFZVJnMG92cE5ENFN6Z2lK?oc=5","Dawn","Pakistan","1778269504000"
"Trump blockade squeezing Iran so hard regime may be dumping oil into Gulf, experts say","https://news.google.com/rss/articles/CBMiqwFBVV95cUxQa2VzakRPc0pfZjBNXzc4S0dLbVJ5LThmVzZGSzFQWU9GeklBY0NMSmM1V2xlY0p1RG5VaC1lZmptV0wwSXRBRFdVRFUyMHJyWHp6RVExOGNRS2xNVDFpa01pX3dObVRTcTg3al8yOTlJTHhsY29CNEZNb2xTQUVydXhCUzNINUM4Rm9OSkVERjI3QmJJN3lOVjZhVUgtM1FPcmVXU1NCWklUVlnSAbABQVVfeXFMUG50U2RTb1BNRjUyeW1ZREtXOVNpVHk1LVpMX0Zhbkk2TTdFNElsVnQtNHdxdzFjSWg0azVXVktOTjQyUVNWWUtWQ1ZLbTZ0WVZRMnpZNVUyZTBWOW9SWklMSnVFc3BPX1Z0Sm1KdG1nYTFoWDNSaVJSSGoyQnl0Ui1mdU5ZampLZ0FWd0hkQ19qNUZ0eFBDa2ltdUtZanhKMElkU05KQmdhcEtnM1N2ZUg?oc=5","Fox News","US","1778269348000"
"Pakistan raises fuel prices by Rs15 amid Hormuz tensions, global oil market volatility","https://news.google.com/rss/articles/CBMiWkFVX3lxTFBxTEZyS0M1aGhQdEdSUExZSzVvYXVOSWQzVHZzQ09RQm1tN04zRnhTZElDS0dyd3MwQUw5NlllWTNCSXJKOVUxd0tVUWxERXA3ZEhDVmlVbkNfUQ?oc=5","Arab News","Arab","1778268690000"
"Urgent: Iranian lawmaker says U.S. naval blockade measures to be met with military response -- report","https://news.google.com/rss/articles/CBMifEFVX3lxTFBZamc3REliQmdmOGNuQjdhU3NkZkF0eVNDU0FhTUQzMlZ5U3M5cE5ZUFdwYUo2V0RfaGRUXzFFVG80MU1kUWJSZVpyLVp2eUZsZFJtMnRDT1VlSjhjLXJiMG13blZyYVFuYUNJSk8zeUF6ZktUcnJucXc1bkk?oc=5","Xinhua","China","1778268195000"
"Iran is testing the limits of this ceasefire, former US special rep for Iran warns","https://news.google.com/rss/articles/CBMiVkFVX3lxTE5QRzlydDFpSWdZeEI1UHR6czlBY1R0dVlFU1h5UGlJV0w5Z080U2h3QUlyS0ZtWmhBc19Ea0g0Tmd3QmZ5Q3FiV19YeVl5SFBIOUtXYXRB?oc=5","Fox News","US","1778268014000"
"Pentagon releases video after US fires on and disables 2 more Iranian tankers","https://news.google.com/rss/articles/CBMi0AFBVV95cUxOODc0dFU0VUlhNUNSREF6eXR1RFIyWl9fOFRNSTFFQU1mZlpYTlYzRGRxREtPcjhhN3dqM0FNQW5mNFphQXRoQjVFSFVtYmNWTEs4dFJxclRmVW5yczV6cDhUZjNQdUMtTVRxbVRnN25Fb0xMbWN6OThFb3p5Q3RCRGM5T1VnNWFySWhUakUxaXhIel9iZ3hqc2R4ek9tUTg5czRwTGI1S2I2U1UtSC1NdXV5S0N3dEIzQUZVTDJMdy1YXzRfMEFmLS1TbV9rMDZW?oc=5","Associated Press","Global","1778267925000"
"WATCH: Tehran residents gather outside Spanish embassy, express gratitude to Madrid for support","https://news.google.com/rss/articles/CBMixgFBVV95cUxQd0QzNkt2MkhtUDNqV0pGeFhtM3lyeFpZOFBQaW5xanNKWXlaY1ZqNW01MzZpQUsyalgycHBnRDRpNjZxdmVkWUZXbDQweFU5cFBHUHdRMk01ZDlvYkRUWE51RlQycmdON195V3phSlNPZkkySlRHWVFHVGkyQzcweTllOEIxR2FmQlA3eEV0SmkwOHF3dVExaVFEOVk0b1JaY0diWEZYRlU5SVVlSmY3cm5qcDRFMHlzeGFiTkdHdEhiN1ZnM3c?oc=5","Dawn","Pakistan","1778267704000"
"US scrambling for European backing as allies abandon Trump’s failing war on Iran","https://news.google.com/rss/articles/CBMi0gFBVV95cUxPZ2RrUGFDeHVFeXc1WHBnWERxbjBac2tLT3lLZkhneWFpaXZPQUlJMFpLUzVJaU1oR0I3SS16SjJiOGtsTjdRNF9PNkZaNFhJUXZiWl9zVEdHNTh4LUpORDhMMnVSNlpNcERLUzdoZlFpdDF4cWJSVHBkUDQzUlNPQXVyZk42clo5Vmd4UEFJNm1wUGZnZEVQdjJyT2k5NkpRdmZOSjFKR25kMUVCTnAyek9jU0FrZ29NdHZyLUpXZXJiOF9tdGhBMTIxUGRkTXFKU1E?oc=5","Press TV","Iran","1778267340000"
"Balance of Power: Iran Response Due Amid New Clashes","https://news.google.com/rss/articles/CBMiqwFBVV95cUxOd2tYRTdzdElZNXRIRllKV3pEWnN0ckdLblpVa1VwY184ejBVZktrVGNEcDVXR3NEVmZ6bERxdnVkSEhzSDFmc190N091UGVVWngyVEVyVDF5N25rRWxyLXk4dGgwb0U4WE81QlcwaTBlWTdIMW4zNkVxa0lhekNvX2c2azZub3dmMzlkZ2lmNjdlaDRObXltOTNCVjNwejNiWS1UdzQyRHQ1Rkk?oc=5","Bloomberg","Global","1778266787000"
"How Iran Is Gaining Ground in the Information War","https://news.google.com/rss/articles/CBMiekFVX3lxTE1idVUwdC1LWHUzVGFZeHJpM2RaWUZoY0xDS0dyd2pZSU01RUhURWpBTFRJMFg1cFRhUHhGMkpTbjZTZm4xTzJnaXVwMGJGQXRUWFhnY1hCd2RkR2FRMGt1c1VBUW9BMl9LTkU4R1lTVDNuX1hNU1VKckl3?oc=5","The Wall Street Journal","US","1778265540000"
"Tehran warns of 'decisive force' after US attacks two more ships bound for Iranian ports","https://news.google.com/rss/articles/CBMi1wFBVV95cUxQcXVSNXhZMFQ4SFRFN3FrTzRWYV93V2tUeWVoSGVXWHF6NXBoWWZUbnUtNUFQYXg5MGo4WUxCa05iQmhLeTZkZVlWUlo5QWhSdlJmNEdRQ0lpem13SU1jWVUyb3lETmF1cGZ6eWlWM1RlNWFJYzh1UzZJQ0lFQ1dZbm1UYVpmN0lVOV9zVTkyOW80dkRpcW1UUFVhWDFnWUxEcERoa2lGZXJHeTlxX3hYMDd5MWN4Z3pEZk1yOWpKZzFfR3hKZ2dVRU8wUFk4NTU5UUFmTVhSbw?oc=5","The National","Arab","1778265354000"
"US Waits For Iran's Answer, Trump Plans to Fire FDA Chief, More","https://news.google.com/rss/articles/CBMirgFBVV95cUxPTnVkcHFMVGxfMllsajRWWVhEaHdqY1pKTmpQeWEtandhWW9jYVFxVlFuS0FzQWJiS2VxNG14MC1fT0R2ZERpejV0ZUg0ZF9RQkVBUVZ4dGFTUEp1RUwwMVdQclZvcURaam56NlFHMHJwaDZKS09SOXNxaE56VlQyZ0VrcWJFQl8ycTZZdXNmakVmQVhEMnF0M0dPa3R5ci1NVmZEZHl0VW02Vk5zbnc?oc=5","Bloomberg","Global","1778265003000"
"Pro-Iran coverage exposes the illusion of neutrality in Qatar’s media empire - opinion","https://news.google.com/rss/articles/CBMiV0FVX3lxTE5RaGV0S3BjOE1RZTNjSTNMZ1R6UU9QZkhOMTMzQURxMGhJX2VqSVZPbVkzQnVjRDNwNVBNMDg0dHdfbnQxQUdGMm9FNXhlNHdYWERfSVN2aw?oc=5","The Jerusalem Post","Israel","1778264992000"
"Saudiyya ta ce ba za ta bai wa Amurka fagen kai hari Iran ba","https://news.google.com/rss/articles/CBMimAFBVV95cUxPU05FdlN3UElBMFg0dTEwcEJGalpJNERHOHpiQy0wclVEeThIWDFldUdRTy01bUcyNVEtaDNlODQ1UjY3THBjSXJYT1BKT3J3WWpyak1XbnlaZ040WVpzcnB3WXZhakJWVUJDZVZGTVF3WmxYdm5MZF9xbXppaVBaSEV5YjJFLTFHN2ZJdHUxSnlxaDUxUnVGR9IBmAFBVV95cUxOTFFtSzNxWDFaSUd3anlzSTRwWW9nSU9nZHBLQzBraVVXc0w4OTAtcGdadVlVMVRhdG03bUp2MFJMN1U4WlN6VnRyOWdCVzVJRFNWMllGVUhnSEY1MWluOTY4SHJuRS1IMnk4Y3pFODE5VzQtM1JaeHlmQ0hTYU1INU0taVZHUFo0dTltQXY1Q0pfWlRNeGNENg?oc=5","DW","Europe","1778264980000"
"Iran says trade routes, border security remain intact despite US blockade","https://news.google.com/rss/articles/CBMiwgFBVV95cUxNblVfSDNoYzN4cjhQNHR3YndtRVIyZldzbnpUcWVleHVZSG5BNTFoaEhwaEU2T2NVYjhuZV9QTTUyX0t0RGNnVXZXdWs4SjlRR05zajNLSll0dW1ScDhGNS1tb1h1Z3RBTTJaQm9jaTBnUXN2dDdTYVNrc0J3eENpR2UyZG5ROS0xNFRwWDBsMjZMSTA0eE5qNHpBd2FxS1QzR2dxQWs4RGNVVGhQN3JlYkpCZTlSRTA4a1VpMzlkSXBTdw?oc=5","Press TV","Iran","1778264700000"
"The World This Week - One Page Peace Plan for Iran? Starmer’s Sinking Ship, Musk V Altman","https://news.google.com/rss/articles/CBMiywFBVV95cUxOU3RCYWl1cTRYS2F5UEJRY1J1V2lSTTctNnJMUW9DcEFFSy1zNjE3LU5FOHZPdkR2NG9oQ0Z5NzJhV181NFpXSi1yUVlENklDZVpfQnZpTUZNSXMxdmgtOEdaRW9iSENQOXpfTG9obTE1TTV4d2lBY09ITFlhNXRFV0xrLS1CSGJJMHNCelNXOHN6a3NIM0wwRXhtRnU3TDdVSE9KUHhGV2pidmtGUTBEUVhOSldSZ2U2SnV5Ukp5VWNzZ2hEV3U5RWVRbw?oc=5","France 24","Europe","1778264539000"
"US Navy strikes two oil tankers attempting to breach Strait of Hormuz blockade","https://news.google.com/rss/articles/CBMipAFBVV95cUxONEx6b1RzWVlyQmFnSm03N2Q4eVBlSlZHcUU4c0NkdjVHV2g2ZWNhLUdxUHQxVFV6YU9XSnNNdUJveTBzVjdNcDZKNVh0N2NVVzVMVWdrZ2p2eFRtR0JlN1pDRjJKRkY5UEpUWDlERGtPamFQMDMwRk9pR1YzUDVvWnRwVG9zbWlmQmNBSFVfUzhUWWtrZjJGQl9ndW1wMGlhVXRLMw?oc=5","The Independent","UK","1778264520000"
"Leader’s advisor compares Hormuz control to atomic bomb, vows Iran ‘will never lose’ waterway","https://news.google.com/rss/articles/CBMi0gFBVV95cUxPeXJfNDhsZERLcGFxM0NmM0J1aC0wZUdXQWtMRVhwTWg2YUlaaU9CQmhGdzE5T2p2SEFfYUYwY295SkVQMHVvUHA0Y25GWk85Rk14Z0VaQlZpaHRZUExKbEJFdHA0dFVRWFBMOHhtNWNmTW1qX1F2b2dsazF2Y0NVRU9yU295enBiYUtQR2s1cUNxXzR1NUJVUE9jb2RWc3E0eFhsT2UzT2pISG5pWHk0TkZ3SWl3ak9LclFHY21OMnZ3YW14dFo4M2Y0eGtEVFlvM0E?oc=5","Press TV","Iran","1778263980000"
"ASEAN leaders adopt measures to ease economic pain caused by Iran war","https://news.google.com/rss/articles/CBMickFVX3lxTE5VOVMtU0E0bjhFdmNtcjkwcDNlSVY0NWxTeEVGWHZtSDZ0RnNiaXpoU2tqejQzQ0F4R0U0S3M0c3BGZE1mNEVVdU9VX0pTdGhObjJERmNPQXpTalA3RDNiU0g1eUdlNjM5Y2lteE4xWUZ6QdIBd0FVX3lxTE1vY2ozbDBLV0tEdjI3YVBmZERzb1hWUEdRbUZYNnQxT3hIOVFwSGEyMlY1aE9VQWgyWS1sU09lVFhfODN3LV93NU92V0tNZ3l6VmNhakd5UWpjNHNiclpua255NV9UNG1HNTQ5b01FRFhGTmc1Yl9V?oc=5","Al Jazeera","Arab","1778263875000"
"Russia reportedly planned to aid Iran with fiber-optic drones and training","https://news.google.com/rss/articles/CBMiVkFVX3lxTE9naDBxekFCdWkycDlnRDMxU0pSRTkwMnNORTBHYnJ4ZXRqTGgtYXBuZjF6T2E2c0hvVE5nNWhNVC05TVdVak9ac042a0dzMDNYZmIyd2NB?oc=5","Fox News","US","1778263831000"
"The Iran war will not succeed in changing the underlying mindset that defines the UAE","https://news.google.com/rss/articles/CBMirgFBVV95cUxQS0lVdmlvZEdFU3lzYzBCNHJtZlE4MzRQNm1YQTBuVjhmRk9BLWlMR0JjS2FtSDhkOGZOUk5DenJmbTJUMnFjOFVwbko5NlRac1QtbUNzVDFOempjVnZ2MEhWTmVkMXh5Yi1ZUWRJWTNOT1VzR3g2cHRsUEJ0TDdBSWx6NUI3eFZsQkhSTFFoN2dsRGxKQnBmQnQ5MjBmXzlYNHMzM05zYUI1S1R0eHc?oc=5","The National","Arab","1778263498000"
"Khawaja Asif hopeful of US-Iran deal, says Pakistan to be major beneficiary of peace","https://news.google.com/rss/articles/CBMivAFBVV95cUxOSzZqNldScUVDbW9TOWpaVThlbHI3d25xWDRFLXpISEgtSWNFZ0VVNFczTHlxRlh0TFpldFNLeDU1M0RkOFR1X0xQeWlnZDd4N1UweXhHZ0xQSlh4NHZPbzU4VDV6a05Qd2pRVl9vd3FoWGI0WXlVaTI0cXFvWnhrUXplRXZKczVXaGY4ZDZZWTc5NzRwX3NPbHBpMkdoV3NTd052OENYNnJHUFlWRTZFR0NpOGRlUDBqVGZrQtIBxAFBVV95cUxNYnoyNkRERHY1Q210cC1zcFgxWDk0SUFIaHhLRTkyd0JWX096M3BaT3ZWV2hvMF92OHlwUVUtcF95RUpMSEdMSjVMbEc0eG5vYk56SXBWNk1Md2J4TFg4S3ZhdEo1WDF3NnBoZHhOaE1vYTNaMU5QeDdBLVRWYzUyYlNvMEJheVpxUjg4TGlvdWRWMmlpMGpaa1VraEVVRzUxRHh2ZERjYlRiYzJLZjJrVjl5bDN4Z2FsSjZNS2ZWNlpJNnlH?oc=5","The Express Tribune","Pakistan","1778263461000"
"LNG carriers test Iran blockade in Strait of Hormuz","https://news.google.com/rss/articles/CBMicEFVX3lxTE9lTjk1WTB1Q2pDMnBtWm9wRWQ3QzZzQkZQX0ZOMU9nTUdPOEJ4UmpTQi1PYm1uSUViMGJwNkMzc2duY3JtWW1LY2N4NDJjTkdLSk4tblFZcWpSOEdiT2hGNmZ3ZS1pOWtuOHVrelFlVlE?oc=5","Financial Times","Global","1778263153000"
"Iranian officials condemn US attacks in Persian Gulf","https://news.google.com/rss/articles/CBMiakFVX3lxTE0yUEQ3M01zODEwMW1xQVpIZkxXZ3pScFljRkQ1Y3c0UzF1TkxqaWVPR2FmNDdqbFkyTUN1THowMktqbVJGUTNlWDZkbm1heWNxSElQVVNCeGdsSnNRdkJiRzhuSjNxeXpPVHc?oc=5","The Jerusalem Post","Israel","1778263141000"
"UN chief urges maximum restraint to avoid further escalation in Hormuz Strait: spokesperson","https://news.google.com/rss/articles/CBMifEFVX3lxTFBWSndPVmoxZE4zRGR1RG1MUWdlNERhaFg0QjdvZHI4c3cwbkxweVBBem05RkRwbnNQZTZfTEc5S28ydE05UE0xWm5OeVhiRkZNQS1EZ0pkby02MGJJalZjVW8zWE0yVnA4TmgwUWRVNDRDeGFRWDVQa3VqTXg?oc=5","Xinhua","China","1778262735000"
"Gold firms and heads for weekly gain on US-Iran deal hopes","https://news.google.com/rss/articles/CBMilwFBVV95cUxQbWt2bFVxZ0VWNFpOdnc1aHU2SWxJOGNWRmNud2xTT0lmVmxBLUdvS1RQd1A3MFdrMzBJb3V3V0UxcTdsTm1tNFpzanZCLUhYMWlfZ2pvYnNGQXdWYzFqUEZ6MlNPRDdtNUNZSE1nVDlTalh2ZGJhckdXakpfbmdJbmdQc2YyX2lmaTFKZ0ZJb0hXTVFGU2xv?oc=5","Dawn","Pakistan","1778262495000"
"Pezeshkian: Colonialism has no place in future world; Iran seeks ties based on mutual respect","https://news.google.com/rss/articles/CBMi1gFBVV95cUxQazZOejRJUHBpSGFwQTVNTlZFTDhvYnZEQnlzMjhKREpTVlFfbjhmMEZjUENQMXBrUVlGS0l5N21GSVdjRFg4TzZ2SUdwNTdoTlJVSDRCRFg3Sll5UzdCM21EN0tfVWdISEZIXzl0TnZwODRiNVFPQTdPYVBvekRTQ1QtV1ViSjBzbmNjU0FISHRiY0h1eGNUNmFmRlN3czk4Y2N5MFJQb3NfQWQ2c1IzaGd2QS0yQ3k4ejFaQmdoOHV0Y1YxWTlZYlVnblFWN0c4ZTZiU2l3?oc=5","Press TV","Iran","1778262420000"
"US warships seen in Middle East supporting Iranian port blockade","https://news.google.com/rss/articles/CBMiVkFVX3lxTE9aWG5RZVRrRXQ2R1dLSUJFVkQta2ZsTVhwbmhWSlJnZzhPNDVDRUJUeG53Q0dnRk9XVTRqVGxBRm5TV0hwQ0ZIbW56UFpabU44V25KcnVB?oc=5","Fox News","US","1778262255000"
"Rubio says he hopes for a 'serious offer' from Iran","https://news.google.com/rss/articles/CBMiZ0FVX3lxTE9HQXU0NFhLLTZTVUdQbENwZEtOdW1hSm96eWdTSUFJRmNPRnI2WVZ5cVdueDBLcTN3OFZrRFVtRm9PZ1RPdHNSWmxsZHlMVHpWaU96RlpYdEtEcXBfZXd1Um11aE1HVmM?oc=5","Reuters","Global","1778262013000"
"U.S. strikes two Iranian-flagged vessels as tensions continue amid ceasefire","https://news.google.com/rss/articles/CBMimAFBVV95cUxNMElVeDRTT2w1dHJyNjc5TG5wNFd5SUVxdHVMdnJiMUhYSjhnYXRSRE1EcUZFYThPUE5sWWJCcTN0NkJYZk1Sd1E4QUxMaDNQSGs5NU9SY2lNS2wyMWlFV3B5Q0Q0djZkOXZQdlJFZ2cxdXE5cjcxN1pJVVc3cldVRWYyaWtjRng0cVRKc1EwWXdnYm92VUg2Rw?oc=5","The Washington Post","US","1778261927000"
"Frustrated by Iran, Trump at last seizes enriched uranium – but from Venezuela","https://news.google.com/rss/articles/CBMihAFBVV95cUxQaGZvZExtZXI3ZmZZQmQxMlByb1hPUUZoR3dEVTdhTXRacFcxelotbGtUcEZZNW9QN1k5c2pZVmhVYl92clhkS2hhR09tbm4zOHNLZTdaZV9qVXE5TEpOWVIwMGJmd3NLQlBzMmJuV3lyOTBuQnNNeFlybS1ma0U5RU1fVWU?oc=5","The Guardian","UK","1778261580000"
"A Large Oil Slick Is Detected Off a Key Iranian Oil Depot","https://news.google.com/rss/articles/CBMigAFBVV95cUxOTkFRNW5vb3g4cTdNaWx2LXh6Q01hZVprdnV4MjY5czlENl83UGplOU1EcXVPSm4xRG93cEQwTGVCcEZPSjF5TS11LTY4V3FwRTFhX2xrSkNwWDlYU2NQR0xxWHYyeEJkUDU2d21TNk1nck1UVDBtVXJzX0ZnaEwyNQ?oc=5","The New York Times","US","1778261522000"
"Life is so expensive for Americans since the Iran war that even CEOs are worried","https://news.google.com/rss/articles/CBMimgFBVV95cUxQVFpYUkZsX19RSURUS3NCRDJ2blBWdndLMkFNemRKSUU4Y3RhTVllYjUwU3RpVU01c2pmLTRZSWtqa1VRRFVXeXRycDZhaXJWanQ3QzRlRThaMVhFbGlfcXdjZU1BNkhDeUlfZUxBZld5UjdpakFsNnpuVXF1eFBraUtEODFwdlRBZGY3Y3FpWUNkcm9aRFV3c2ZR?oc=5","The Independent","UK","1778261280000"
"Amid confrontation with the US, an Iranian museum exhibits anti-war art by American artists","https://news.google.com/rss/articles/CBMi4gFBVV95cUxQTG8tdzROVDF5SWlMaEd4cTNzSFJwVGpBbVhQYjJEOTNlUlhBenJub3hvZElxa3lQRkVXZjdQZzR3Z1dDNVMwOERsMWxTaEt2d09QQXNjNkRPbEUwZDFiZzZ2Tk9xdkVhMm12Y1BVUDQ3OFd2TEM2S3lKcHpWeFNEOXlELVN5NEFJaTBOeWZIWDA2cnRRb3VjUl90Tm9BOEZVWFZXX182YmM0UEl2NE4zVnBMOG9OTTRXcHZKT1NNa0pBX3VGMllXZFQ3bHE5ZFFqRWtEYVR1My1CcTQ0Yjk1aFRn?oc=5","Associated Press","Global","1778260500000"
"CENTCOM releases video of US forces striking Iran-flagged tankers","https://news.google.com/rss/articles/CBMiVkFVX3lxTE0xZUVXWkhEdG12djB4aUZRdXJxNjhDejY2MnRJaXo1emk3WXdKd3pvTnhYM1JCUVF1UXQ3X2R5Nkp0akJiUW4yMlg5Nm52N2JZLXZvSWxB?oc=5","Fox News","US","1778260406000"
"Adviser to Iran supreme leader compares control of Hormuz to ‘atomic bomb’","https://news.google.com/rss/articles/CBMiugFBVV95cUxPVDktYW16VVFVVnczcU50WVVnVmJzRVNEa2hCOGhsSWFGSlhoOHhKdGM5LUhJNTEzdkVoTk1JYTd5ekFoRUZncEdLLWM2dS13c1dKU0pRbEY0eFN4VFVieE5XSnRReUdvbzZsRzF5WTA0dVFSVDN1eTNQZngwdGV0OUhRYWRvdTNhanN2dDV0c3hEb1FnT1FmSXc0RHZSMkRwallrUnU2UTNvaUNPRHNzSXBYQm5vYUV5Znc?oc=5","The Times of Israel","Israel","1778260379000"
"Adviser to Iran Supreme Leader Compares Control of Hormuz to ‘Atomic Bomb’","https://news.google.com/rss/articles/CBMivwFBVV95cUxQMEsxS3pheVVMV1k3dE5BbmpneWt5TC1JQjRMUHdJclUzdHllRDZhamlBUURZUGRxbXJJRUNHZk5QdmIxdC1sN0VXWWpTVUtsTWZ0cVFjaDRSaVpGYzF0S2RTdVFMVnRwbGRQNWxoNkh5eTJZWXZVY2dRSWN6cFJrNmRMc1ZjVFBMMG1zbzRlRU9qUHM1RnU3YmNyZHpXaDYyTVZLMjBOa1BwQVgyOUpNZ3NpUXRCVEZHZlVoRVhEaw?oc=5","Asharq Al-Awsat","Arab","1778260373000"
"Middle East tensions escalate as Trump awaits Iran peace deal response","https://news.google.com/rss/articles/CBMiVkFVX3lxTE9VdzF0N0o1RDA4dUVaOEcxRDl1UDNVeVAwYk9sejlWeTJNRHNkUkpnUUFZWkU5a2JuMVpMUnhMWDI1QVNwLVI1aV9fcmNmTzUtNGk4SmV3?oc=5","Fox News","US","1778260312000"
"US Expects Iranian Response Friday Amid Clashes in Hormuz","https://news.google.com/rss/articles/CBMirAFBVV95cUxNQ0RmaEhwVkloMEZudXFnTTFPMXVHVHpYMTJxekU2Z2RjT3FiTk5aZUFDNThEQk8tY01HOTVwS2QtVWVoMTN4bzNHX3dLY2kzQmlRNUkteFpIZmlWQmNNMVJHUmItcmlJTVRCV2JFTWZEbDB2WVNMYzhTY0tpME1SSGhrNk40aFVuWmtwTkNCbkc5VkVfd3JpV3Faa1BLWXNGQ2taR2MyUUFxMjRq?oc=5","Bloomberg","Global","1778260071000"
"Rubio: US Expects Iran's Answer Today, Court Blocks Va Dem Map","https://news.google.com/rss/articles/CBMirAFBVV95cUxQMXZlbHBfMTRTU3RYTUxXZy0zdUpyZGFGbXlkVjl3dThJYlk5V1l1X0dabnF5VUhrZHJ4VTZ4RVJEeEstVlF4eEZqeE0zZ3JQM3VibF9sQzdHV294b3FnYXVxMWM4c1JwU1ktS2c5UFN1UkpuYjI3SFpOajdXZjJyTlZ2RzZCLTFCMHNlai1jTTlrS3VBY2liWjRYZzVVV0ZmZGxTV0hYZTZNZWo2?oc=5","Bloomberg","Global","1778259821000"
"2nd LD Writethru: U.S. forces strike 2 more Iranian-flagged unladen oil tankers","https://news.google.com/rss/articles/CBMifEFVX3lxTE5DOVdiVndUa2NObWVTWFdrVXpkOXJiaW9yM0FvcFNiZjlWbHJyd2RQVHNFaEY3WFE5eEd5eFRJVjhKY0h1MTdzc0pTZlUyZUZDd2N2b1dBT3JMSS0tNnE5TUJINXZuRXdWM1JXS1RRRTIyRl8tME1XQmJCQkE?oc=5","Xinhua","China","1778259720000"
"US waiting on a response from Iran over proposals for ceasefire deal, says Rubio","https://news.google.com/rss/articles/CBMioAFBVV95cUxQZVkwelMtbEU0cDlZQTdoZVBVRU5NSE5ta2JZejN3RlE1NU5IWE9fNTIwVXcxbWhSalJhRTlRMS1tMldva0xMRFF4SVZIMVJNamhaa2Zhd2o0WnhBZVJJc2I5bVhTeTVtR1MtUmpyZnhlX3NGbF9rWXBzblZ2YlFGSlFZZC1xMkNqY0VTRTBpOU9UMnVtdGcwLWVJcTE1NURt?oc=5","The Guardian","UK","1778258340000"
"IBN: A Strategy to Resolve the Iran Conflict Through Regime Transition","https://news.google.com/rss/articles/CBMipAFBVV95cUxQRHIzYjE3LWlrWjNQbUZsdU85NGFZbHlCTVBOOHo2ZEtSbDNQWl9HTlJzVnZ4LXBlTlRGcG96VlZDbVZ0N180YlMyT1E2dTlHTl9OdS1za1RBb0t5bG92Y0Z3cTBONnFPSFNWN2h5UVE0NFk0WlJPZS12YjM2LU92TmgzdUlNMnVRaUVZbWtGaFJ5c1lLMjgxNkRVcEFXYVJzaHZLbQ?oc=5","The Times of Israel","Israel","1778258100000"
"US VP Vance meeting with Qatar PM to discuss Iran, source says","https://news.google.com/rss/articles/CBMisgFBVV95cUxPU1JOcUxyWUhEcm1qNFdzRVlhQ0R4WHpySHlHQ3dZaHRQUzdkZ2tTdE1rYlV1QTFEYzJWSnBtYUE3cmxfX25jZEtFdnI3RDZXejF4WjlyRnM5QnMxS0k3RFVaVTY4N2dJRklaVnlpWUx3VVJrMzdhSDVsMDZDWXVtbldBV3h0VE96S0w4T1BqX2pkLUc4RXl3dWE2RHo5ODRYaEtfQzBEOXlKb0tYbXc4UkdB?oc=5","Reuters","Global","1778257990000"
"Iranian president says policy of colonialism will have 'no place in future world'","https://news.google.com/rss/articles/CBMiswFBVV95cUxPV0RuelFGUWZ1bGpsSXBXV24zZlJMVWtnOS1CX2JOWmFVWHdod3I1aEJzWWpZOUJraXlmZks5dVlnY21pUFBmUDVMQUwzR2hCSDMxRzN3M0d2alAtblJndkxyVFlhM1lGa09tcE1YOWItWlZUSmcwSjNrWmE1LWx1emFadWM3VU5PLWlxNEtzSk1BOGc0VU9WYUpQSDh5dU92SXA4S25pNDhEcWVucVN0MDVBMA?oc=5","Dawn","Pakistan","1778257190000"
"Saudi Arabia Is Making the Rules for Trump's War – and Iran Benefits","https://news.google.com/rss/articles/CBMiiwJBVV95cUxPZm5tbmgzODBycTBkcV8wV0o2Z05qRE52cno1VGtnNW1VenFZU3JiYXhBckNJVHFOdDlPVkJZQ2wxZjgyUktBRGNrX2tEZnd3bHAwc0lYa25Cb3hweUhFUW9tX1lfZE1jTUQ0dFZXakwtSHptU2IzRlY0N2szUC11SEgza0x3eFVtOFl2UUlMaF9oVjBjSmFkbWVfQklmeUlqTGQ4d3NsOXdXZFZSWG1kUjhjaFgzZXhzalhTbVo0UlZCS3dGV2NuZTRVaFl4QkZQVEw1a0l2ZGY3clpFQlNpQ2JPYzRkb1QxQjdOV1JVdENKcHpQUlhRYUh1M3h3ajJhSkh0SVN3M0c1YzA?oc=5","Haaretz","Israel","1778257140000"
"Saudi Arabia denies opening airspace for US aggression against Iran: Report","https://news.google.com/rss/articles/CBMitgFBVV95cUxPWGdyaDJlSy1lUFpta0RKQWVZRXZvOEhQM2NPbG9EMGpmNE5paDhqcHdhTjZnZDJrdWl5VmlyRnpmemRZbnhsbjA3VDFGZ2djdmVmc1F6ckQxQWpraTB1UzVVbzV5UmlfOGRXTkxNZjBxdDNLQkRzZW9CbDFVT2JDaThuOHdtUUlLRjY4bWpub2hSRWE2U3pNZWltNjlnbnp3VnhVR2p2cnh1S3RyZExzbENKRzQ1Zw?oc=5","Press TV","Iran","1778257080000"
"US, Iran Exchange Fire, Virginia Supreme Court Blocks Dem Map","https://news.google.com/rss/articles/CBMiqwFBVV95cUxQaHpheEZyQ2pCd0xPMkJGQnlxbkgxZ1E1UVZuMktpLWRjTUdBblQ3S1hCd0ZPSVliQ0dsd0NveEJ0TEJfYW1UcXZFZE14eGRFcEtPbTRhSlNHcHdONG5VM3BsbDdzWnlyZEkyYjZMVWtIdkZTOXp1ank0SEtmc0syY2Q1UlZVeXlDY1RZNVFKdmFfM0N3a3Y3ZnhIbDJubG9qRW5UdU8yVG5GREE?oc=5","Bloomberg","Global","1778256971000"
"Rubio Urges Europeans to Share the Iran Burden","https://news.google.com/rss/articles/CBMihwFBVV95cUxPZzFoRjMtNmdvX21XU054M2RwNFRrT2FXWHlncl9tRUVhME0zTF9GVVlteC1OZ19XSDNKU0JSR2cxNmw1YkIxc3lPWFFNX1gzX2Z5RkxUanJIYkd2MkRzUjNGc3o3OTd5RzByTEx6VEo3VDdfZU4yVXpNVlNuMEJleW42VGhvTGs?oc=5","Asharq Al-Awsat","Arab","1778256394000"
"US awaits Iran's response on proposed deal despite clashes","https://news.google.com/rss/articles/CBMizAFBVV95cUxQNzlESFBjRnROZ3prSHlKWWZUeGd6T1ZQeHJSWjU2V3RRWEJnalBYdnNVd3VFX3VHbHVwb3ByTTQ4cThicXlKY2NXTW4xY0lfTXRkRlIyaDhubTBYOFJfUjVqZkMzWm9zSWlDUmUzWnhQdFhETG1EcmpnZnE0ekNNZVFxdDdnZVMzVmFlODNXSVdMZEpRZ1A1U0syMUZaNkxIRDRDdlhfZk9namZ6eXFjS2VyQ0tyVlQzSUhrbzlKMk9fR3FqN0k2V1pHWFM?oc=5","Le Monde","Europe","1778256220000"
"How the War in Iran Is Reshaping Air Travel - Video API","https://news.google.com/rss/articles/CBMioAFBVV95cUxPVmlGOExqNHIyWFhGd0tFNmRoTk5oNnBFa1dZbWFXVkdFRVEzNndrSjN2czR5MC1Kc0IzMW5jTHpMSTA1dG8ydnZkb1BzZGd4ZG8xa1MyQnF5MHhrYlRGbzU3NHZkaUdMaXB1T1F3dE9EZ3hWUWtGZG1nVUxlVWM0T0J4Nm5KZGhOVnBZenQ5M2dwaEN5ekFPS3Rlc2JaWUk5?oc=5","The Wall Street Journal","US","1778256113000"
"How The War in Iran is Reshaping Air Travel","https://news.google.com/rss/articles/CBMiqgFBVV95cUxNV3RaM1hfemlWMWJLd2dXRUwyYVdGMlZNWEhnU0ZMNlYxczlMajNVdml5OTNZbkZnUnl1c0k0TzZPaTJrczJlRHRSbW9oNVY4RkxlbzZXUDZHUWJja2tyMFM5bkFDeEFMZkY1Y25KUmZmOXZXLXlYTko5MlZibGNXTTlicU1Wcm40RVNleVBhWF9LYzBmdlpuWDV4c1hTSnZYQkQzX2FnckFsUQ?oc=5","The Wall Street Journal","US","1778256084000"
"Flash: Iranian lawmaker says from now on, U.S. naval blockade measures will be met with military response -- report","https://news.google.com/rss/articles/CBMifEFVX3lxTFBGNDJDalJlMUVweWFlOGs3RUVXZjJBckFqdENWOXVKaExfdHRMTFl2SHFJOHU2aDhYQ3JtaU44T1JXMTUxbm56dVpCalphanZXNEZ4VDV0Vmt3ZHF6N2ZPRkE3RTk0eVFXTEk1bjA4Qjg1MTlsaGVFRW5kX2E?oc=5","Xinhua","China","1778255565000"
"US Secretary of State comments on efforts over Iran war, relations with the Vatican","https://news.google.com/rss/articles/CBMi1wFBVV95cUxOMWMzNTAzVHl4elg4RDQ2UXNhUkZra2h5ZFVfSDF3Z243aW1MV3dJN1hSc3FjNnRWbF9MZDBSQ19XYm1wbW5Hd3hrSW5jNjhqd0FDXzVha3loa0hBeE15SVdJNmRNZHdGcnVZd2tpalByUVRRSzF3UWItMDVzT256Q1BWRlBwUllLc2RJbnJ5U0FXV2NPd3RMcnA5TzlCZkdMNUxjcERlNDJVZ29Gand4S1g5eFJhYXE2ckFfT2RTUjJGcndiVUVEOFl4VURSc3JvcjdDeTM3NA?oc=5","Associated Press","Global","1778255520000"
"Vance meeting with Qatari PM at White House to discuss Iran negotiations — source","https://news.google.com/rss/articles/CBMiwwFBVV95cUxPWHYteFpCbmdUSFRkUDBTQVdiSzM2d2s0QjBNT1VXRWZMN1lnNmhVS05sNF9yWjgzdHhoUVJQa3U5WE10ZkJWVW9SUnhXU2xudi1JZ0NpaUJZYk9ZUzczOU5lYWcwQ29OTjVmZlFDZmxoNDFTOXdYZTJaM21GcTJmeFVpV0p2eWZyMG8tVlNhVzBlMHY4VXpBaXE3QWU0ZGhsUHV3bGJWelZZWjZhVUo2b2hPeVZYUlJoZWJYUEpibHNfa0E?oc=5","The Times of Israel","Israel","1778255279000"
"Rubio says Iranian boats firing at Americans will be ‘blown up’","https://news.google.com/rss/articles/CBMirAFBVV95cUxQYmNoNFRtellDRm1kVl9JMXNSbG1RSV9yV2RMQUxfazEyLTJDQzMwY054bTR5MTFOSmFLUW5qUGowUklweHZLcHhYOGtVR1gzTGZnTHNzcTEyZndWZnRDZE14cUtCUjN2WWxnT1JKNENERUxYOUlfSUhiOE1qTEVQMERKUjNpU2d5WVV2VHNMcld2ZEhnUXZEbjFBajBGc0RlcmVaMXB5di01Unk30gGyAUFVX3lxTFA2dzlGUkN3OGRrMHJxbUtEYUNHdE1Sd2J4NkJGbTV2MGdGWHl6aGlMRERKLVk1TGsycEU2WFloR19GbDhUZ0VFaG52OG1zcUZXQlA0QVNuc01raUNYLUEwS0MxbjFVUWtwMmh0MzdKU0tBOXpIc1l1S3pNenR1V2tXeDVnLUFzWkxobklyVUxiY2l2SjhjbHZmU2d0dEpwbVZTTjJpV010LWVDcTN3QkswTXc?oc=5","Al Jazeera","Arab","1778255016000"
"An Iranian museum holds a rare exhibit of American art, reflecting on war","https://news.google.com/rss/articles/CBMilwFBVV95cUxPbDdfUHZpV2VyY1RjbnRIajNBMjVTR1E1bXB0aEtiZEY1bEdSdjdFbEVmUXlzZXFBR3lOZ2xoMWcyU3JmY1ZkQk50UDkyS1JLQ0FCSUxGZHRKTHBDSHNwN08xWm12QUFBNi1IRmhUQUZYbTlkVUNCZkFUU1NZdUVKZG9WbDRBZW5wc094VVJnVm5pQzNwTF93?oc=5","Associated Press","Global","1778254980000"
"Rubio says US expecting Iran to respond Friday to peace proposal","https://news.google.com/rss/articles/CBMiVkFVX3lxTE9ITzBvRER3N0FiUHpsVExiamN0NVhJN0xsRGFSdmpKTE85eERtbExwZXdoY01hYV9hNG9TMUpoUTJQeDhTWHpiME9Rc3U0eXRjNHdNR3h3?oc=5","Fox News","US","1778254974000"
"If Iran threatens Americans, 'they're going to get blown up,' Rubio says","https://news.google.com/rss/articles/CBMiVkFVX3lxTE9DQkVYUmFDdnNrVlZxUGhyS0RoaC15c3h6SVpGZm9BdjM2YVV2anFPMzBOQndVTFEwa1hMWC00ME5sc19UeS13dW5yNEdqM3JYZllCWm5n?oc=5","Fox News","US","1778254949000"
"US says ceasefire still holds after fighting with Iran flares","https://news.google.com/rss/articles/CBMiZ0FVX3lxTE9OamdybS1qN0FmaXNEN2lnSU9ZOUl6NjV5bnpPdERHZWRBZGNKOU9wOXExNHBiMi1DSWx5NFo1R0VxUVlLODNpdEo2UU1OUnlKNVdFNFdkOGRkT0lqcHV6UXB5UDJVaTQ?oc=5","Reuters","Global","1778254831000"
"Iran Says It Seized Oil Tanker That Was Sanctioned by U.S.","https://news.google.com/rss/articles/CBMif0FVX3lxTE15eFg4T2UtcFlSRG13eXpZNlBKTFpUdHc5Q2c1THZqTVQ1RmtObm8xeTBvUmtxbHV6aEtweC1zckg5c2xIcWJna2Fqc2h5SGhob25YazRGSENfazdyZTcyRktwSHpreFZQekhGWmZSWmVXNU03aFptbkZiR2tYR3c?oc=5","The New York Times","US","1778254633000"
"Rubio urges Europeans to share the Iran burden","https://news.google.com/rss/articles/CBMipwFBVV95cUxNMXNmczVVeGhLejBTbjFLTGN1SkZBdFA1RGlCLVlMaDRYZXJRX1ozWF85VTJpR281VXk2LVBtWG1zaldTNGRoVFBVcFphMVF1Sm9sakxLajNhbEtnaTVNTnB4NXF0Q2JGdFQ3c2Fsd21OdlItbUl4dHhVeHFweTZLbzU2RHNSMjZicGd6LW5BdDNhalhqMmlodVdIaXplX3g3ZzMxUkt6SdIBrAFBVV95cUxObzJ4WlJCX3d5V0FwWHFwR3k2bkU2SVdqcWROb2VRMm1mOFlrQzJYM1l1VkNwc1E4bmhxUTdTb2NJMGhfS3RnMkMxQW00aDF1LUdwTVpXckFZY29FS0xTNU44N2Y3amFjc3Bralc4N1V2Y3k4NURlMHBYZmxiWlNxY2hWODRDLTRkbWxpem1XZXA4bHR5Q0haYlNUNUFOMC1rLTRwM1ZqRFlnSVZx?oc=5","Al Arabiya","Arab","1778254500000"
"US and Iran trade fire in Strait of Hormuz as tensions escalate with ongoing blockade","https://news.google.com/rss/articles/CBMiVkFVX3lxTE5Ta0xmS1lZUkVTVjBXTlNEZ0psc2VxNzBhRGtLdWNSeDJnSWZqZ2o4R2I3TEh5ajhHY3U2TFhTcWF5eEQwbUR0OFpaTWhJb0dRMFhuSXNB?oc=5","Fox News","US","1778254374000"
"US Sees Iran Answer Today, Back-to-Back Job Gains, More","https://news.google.com/rss/articles/CBMiowFBVV95cUxQM2JzNVBkZG9aYmkzUExKLVpwV2pIRVJoN1piekV2LTJGT09CMHBKaUtEaGYzRHd5Yld5d1BmQTZ2aFp5WkFHaVJmY0ZSRkFNTFJFVk5qU3VJNzBMZy1adFFfQVFJLXR1d2wwVnB5YTFZREdvcUZWUWp1dzJyYUoxWlJCMFlVVkpGM2N2U0dQSC1jb2tTanA4aGJ4bHJGcXhGV3k0?oc=5","Bloomberg","Global","1778254264000"
"Iran still reviewing US war-end proposal, dismisses American deadline pressure","https://news.google.com/rss/articles/CBMikgFBVV95cUxNZUNNT3I0VjVhWGJETUx4X0hfckpPTHVQZjhLYTh1UmRiNVcwLUxuMXhfNWU0bGpIUmtvRUV2Y0JnZWNUeHp6Q2FROGE5ZEtDSUhZN1JQajB0WDJFOEptRk5JNzhTTVMtNmZkRmRMQWVWakN0dUk5eUNYU2hhUnAyOVpVQl84Tm4zLWY0U3FnbnZ4Zw?oc=5","Press TV","Iran","1778254080000"
"Iran’s Aggressive Posture in the Gulf: Risks to Regional Peace and Global Trade","https://news.google.com/rss/articles/CBMirwFBVV95cUxQbEE3ZWhIMnVpSDZnZTNrR1o0LUhkZGt3cEFTNW44cnJ4QmIzY01RTzJEUldxOFlQaEhzbTNUNEpHdnRuWm43d3JIRkdKSl81czRRYU9Wdk9rUF9GUDV1al9kbWdTUU8wZGhjRVVJM041RDZvVy1XR21JQ1FHTmlPeUl6UTREdjEteURPTDVva3ZYZFFOdzFiTFhMaHlIYzh4Tlg2S3NCOFhZRGpKZUJn?oc=5","The Times of Israel","Israel","1778254020000"
"Oil spill detected off Iran's Kharg Island:Windward","https://news.google.com/rss/articles/CBMifEFVX3lxTE1kSW5pV21yYWpFbUV2NFBJYnBBOGpsNUdTSVpuaW1CT3Q4bHlXaDBpUXZWeG5TYi1zUDB2bl9lckJMZ19mRDd0VWhqajNNUEZ6c1BsZU9jLVJQd1Foc0s0MEV0S2pwc1dPRncwNlY3UmNsNGQ2cjFGV3FzXzQ?oc=5","Xinhua","China","1778253780000"
"U.S. Expects Iranian Response to Peace Proposal on Friday Amid Hormuz Clashes","https://news.google.com/rss/articles/CBMijgJBVV95cUxQdzdYZ01tdm1mYVdPcU54SkFHaGR5UVFRSndYZ0Y5dWswQjFWUWhMVGxMOVB1TlFrT0loUjBtQ1lOYnBXR0hhV1M1N2F5Sm9JbktkY1E1b2lnQ0c1ejNEb0tPMmxHTEJoeU9UY1ZXaHZvQk5FR0k0c253U19haWpUVngzMXIzTDRfd2swRXlYcHVmSnNvcTRFcHZwMmlpRjREYVV2RFVSMW5WRGxLUEhaMWJBclpvT0g4MDhGQVR0Y09reWZWNTduU1hRbUlwOGYxMks5NlpZV2FIWGRtNmRZWTgtOWZYVnpVN1gxM0loSnl3QnhWbUFkdXhSWEFpdGFhcHhFM0ZBNHVmLVFqZ2c?oc=5","Haaretz","Israel","1778253600000"
"US VP Vance meeting with Qatar PM to discuss Iran: Report","https://news.google.com/rss/articles/CBMitgFBVV95cUxOa3Y2VGQxN1N5WS1IYXZPUG53X3RwWE1SZ3haZjBOZDJ5ZTFxdF9KSGFUWHBDS3E2amRZcnc3THpEUFpVTUVUQkxtVmlSOU5WZnhweXRjM3lLZVJvcFBLUGZiMlNWZ2tqWllNQk9RNmVoUGNRYkc2SlZIazF6QUtUcjdHWm96NHM2OU40N1VZX0NlN1FPQXRDRFI0dV9BRjBRRHRwT0NCcXJVWGI0WXRSOHZTZUN6d9IBuwFBVV95cUxQeE1kRlVHbW1HTEtCY0k4WGIyWVNEN3Y5dTFOMkdTTk1MNThYcWplNzNuRVFaU1IyWndPUDYtMUlyNE5Gdi1QelhxMkVobmkybU1qYkQ5VmpRWUtYWEc5RXdCYzd2U2prODdyUjBMWjh1bmxUZFlLVWYtNEtHMUJMem5xS1JMN3BzX3ZNdG8ybmdoZ2VBc09UVGhYQUM3bXBidXQ2dTdFMjlJaDMyQmRRRFhLRm5fUjJZRDNv?oc=5","Al Arabiya","Arab","1778253480000"
"U.S. forces disable 2 more Iran-flagged vessels in ongoing blockade","https://news.google.com/rss/articles/CBMijgFBVV95cUxPejg1T1gyWE9SNHdlSXRFTjB0MWE5S291LTMzZGQ1TGN1SkFVVXRMendwbXBXbkhvN2Yzei1lWGRYM1VBUmxsSjN3eTZYU1Rab3Y4NV9MX3JibDByMFJlSnNjbXFnZDlTV0hzWlhxN28yNlNUYXdtM1dzRmFodV9GWk94blBLdWdKTVFkQkxB?oc=5","Xinhua","China","1778253420000"
"Will Iran play at the North America World Cup?","https://news.google.com/rss/articles/CBMiqAFBVV95cUxPV0ZBSG1mUVBwX3lNaFZILXBFaUYtaUdiYmt6Z0sxdHR0VGlHZ21WTEZ2ZlZFNmFWcTNKNFpQUWItdkdaZWhOX1JWbHFTX1dGY1Z6SFNWWHVmM2dlVWc5TzNRRWotLWZUXzhJb0ZPN09mbVRVQXN2TFJWTTFHdFB0UDZ6cUktM3Q5a1JmdW8tNG5QX1FOcEQxVExwa0RCcDAwVUI1aFRrZjc?oc=5","CGTN","China","1778253297000"
"US Fires on Iran Tankers as Talks Hang in Balance","https://news.google.com/rss/articles/CBMiiAFBVV95cUxQc3cyNzlCVWVYamlQV1pTa3ZGdW5abjZwLWFmNWZqYXRrakdFNms2NlhYb3Jod1R0V3VySGMzTUgzM0RZVmZqRzJZR2JzdWY1d0VsQmozSDBfbXNIT1Jmd0E0S3oxQXVIWG14YklsYUhYcE9NS0tzbnVnanB5Yzg4bVJuS280ZXVt?oc=5","Asharq Al-Awsat","Arab","1778253278000"
"US military disables 2 Iranian-flagged tankers trying to enter Iranian port","https://news.google.com/rss/articles/CBMiVkFVX3lxTE5HVnc5blpWV1dkd1NvN3BQWkVVRHEybTRuSFhYRjRKUVp6a1NCdmE4Qk5WRGRYc3FDUGh0MkxhUlVQN3M5OUlPM1d5ckdqZ0dZVk9wMndn?oc=5","Fox News","US","1778253221000"
"Iran’s Baha’i minority community facing increasing arrests, torture and execution fears","https://news.google.com/rss/articles/CBMitgFBVV95cUxObHUzYWItb3M5QmZQcEl4cXl4bHU3RXpPSVpCOUFwOTZEc3pWNXFWSGZLU0NjYTRUdndWRUVLUk1EQmJlSFBEUmNDZXBTdm5BRnlNWDhPR0Z2NW1kaENndnljZERGLS1DNXZCZmFRNHIyaUpYZVByVV9PV1NBZVFVZ2Z0V3drR0VEaG5zRVRsYWY3T29EQmpkMksxTzBNZjd0Ym53T3VjYzhMbDVGZWNiZmt3MmktUdIBuwFBVV95cUxQMDNLbHF4V09pdFZFUHBobjhVMzNHWGhLM2NBLUEtb29Jb3VNTGZ2QVktUzlVWGI2RVF6NTk5clBlZzVYdWxyeWFUTXJwOGtXNUhDRkxZN3hwVEk3Y2oybHdsMlEzWEJqNnJERkFtWWtac3NaTzVfVGxNV2UxMW8ybHdRXzBkNGg1elpLX3F2LVZDTFJtMFdjTkw0NVIyQlA1V2NMN0JvaWlsTGF6MTRtSTZ4NmY1TFQybHM0?oc=5","The Times of Israel","Israel","1778252430000"
"Middle East war back on? UAE responds to fresh attacks, US and Iran trade fire","https://news.google.com/rss/articles/CBMipwFBVV95cUxNaFFqTm0yVDVHMmdvVi1mQ09nMExGUS1IbFJEelFkb0lNQnlDU0xYSTdzZnhkZVo4WnkyUHZjUUlVM2QtaFJtcWg3UmREYzlYUmdmTmJvLV9abGRQYTV4YzZIRlpyZVBVVEZzd1FJTHhfYU9JTzFPQjA4MlhfOHZRWkFUdmx6ZDdnZWVldC1UZm1HazZtNEQxeUEtanp4TDk5b0M5MnZHTQ?oc=5","France 24","Europe","1778252313000"
"America’s Iran Deal, Israel’s Existential Risk","https://news.google.com/rss/articles/CBMiggFBVV95cUxNUkEtODA1SzByYkJEREg2d0todnZNVl9BR1VEcjRhUnNFSVBmS0xtdGs1TFJqVkxpbDVVZDFqN3Y5QThBeUtSM1FhUXZEQi01Zmx5dndCdkxuTWxXdzJpQ1JSM2cwQmZtZkdSZHhVcTA4T0VPSFR2ZVJjMTN6dWVleUdB?oc=5","The Times of Israel","Israel","1778252220000"
"Urgent: U.S. disables 2 more Iran-linked vessels in Gulf of Oman: CENTCOM","https://news.google.com/rss/articles/CBMifEFVX3lxTE91UG1kS1E4Q2pDc08weDRtWm04Z1VOaXFDZlJzTDFPZFFpVTVIbFZzeWFUaVBoMjQ4YkZRYk9hd2wxRllDMW9WWnU2VTdQUjVKd1h5VmZNclp2SHhIc0w0VXIwOHc4NkhGSDQzZFExV3BnZjhxcEJBN0hPcks?oc=5","Xinhua","China","1778252085000"
"Military options questioned as US-Iran negotiations slow","https://news.google.com/rss/articles/CBMiVkFVX3lxTE5qT25mS3RMUWIyWjA3ZnZXUmdWRi1tWVd0cHV1RTlJUFhHbE9YMzFqd0hEVm9uMERrOFlETjJLOEZ0TTFkU2p4OEFEbnpaYmpUZzBuVGdn?oc=5","Fox News","US","1778251978000"
"US says opened fire to disable two Iran-flagged ships violating port blockade","https://news.google.com/rss/articles/CBMizwFBVV95cUxQTGVvUWRYRHZpY0NlbHo2Wmw1NXB5RWFFM29KbEduVXNaZ2IyZzJ3bG94VXJJNXlabFR6ZEdJWDExZ1BXYi1yRTVSS0FsVjAzZlBveThqTXBEX2s3dGpNUW52S3JCb0U0Q2pYYjIxWnhCMmVfZXVnWVJRWGVYU2pIYjNCd0Fmbm8yRGJNQkZZZ252a09fdExsZkpUWUlHLVlUUXFiV2doclVkcEc4TmFoZXhPWGs1a3JZWnZ6bVEweWJ5YlV4bDFKbFNIMHFEUEHSAdQBQVVfeXFMT2x5U2Q1SWFFYTZfbWstMjAweTR3cktEdGZ0NWQ2SWQwSm96d0hmRmQ5SklQaGxSSmp0QjdURnE2RDd1VHVYWjA1eHh0WVEtd2ZZdFBfV1JRWHFPMU1jdHhMVEE5dUR2MldldkYydVVWU3hhcllscmFDdDh2dU9xTkQ1TEtqSk5WMWZfc1dfVzRZY0NlSHpXbFA5VlBzVTRXa0Qyb0tFYS1qUWdrQUhEMmhfUEdUdTFVa0c3MFFPTGNkMXZ6M2xuSkFaUERDZjExdDNtdmM?oc=5","Al Arabiya","Arab","1778251680000"
"US forces strike two empty Iranian oil tankers, Central Command says","https://news.google.com/rss/articles/CBMivgFBVV95cUxOMm9uUVVaam9aUzBNT2x5d1R2MGJSN2dZVllZOFBzd0llQWNOdDk4N2d6aDRRRVV2dDh2dm1WOFc4NVpUSktMaEotSGNnYlhqajZHZDltXzBwUF9lTjFUUUtJNy1XSnpqdjlvd0RCS2RNQkJMbW1LVS1LcXAwd0wtY0xQWEZwU3llUTE4NDVYTUtQV3BWY1prOWtPbzB5VUUzSUIxZ1R1ZkVYNG9GS1U1d3NxUXBrVm1nNmVQTm1R?oc=5","Reuters","Global","1778251576000"
"Hormuz Transits Halted Since Tuesday as US, Iran Clash","https://news.google.com/rss/articles/CBMisgFBVV95cUxOa2NudUNVdTdfS2RFc19CWU1hMVA3Z2hvWjZocGFfM0dHTVhqbVFkNWhjbnVnZzc0elZJeURENExHTm9MbHRMV1daMnhTdHpQNGRnQ2RMdnA4SWxWbTQtczZVSTdpbnd6SEJwbkwyMkhDZUg4ci1rOXF3eE9rMnc0RlpBWnNMd2VXUC13Z094SU5HeXVRdy1oSGlFUXhRMlM5a1otN0w0YXVQQTF1Y1Q3U1VB?oc=5","Bloomberg","Global","1778251183000"
"Iran War Tests Wall Street Firms’ Addiction to Mideast Money","https://news.google.com/rss/articles/CBMirwFBVV95cUxQOHlfUUNzTm1CTFpTVEgzQkV2S29rNGJhaWFHdGF5aF9acG9kREtFZHgzWmdrZ2ZrQlFVVUdabG9EaXJxZzZpMThSbG9hZFEzQ3hOMGI5Q0RLQVZQYklZRzJfZXZhZThPcmVMYmpFSzBweTN5WjJQTHpqUmpIRnRHYTdQVnRtdjZSX0lfS0diY3VFSmd4Wkp2T3VKc2lWWFhra2hiU09NcVpoUWRxYzZ3?oc=5","Bloomberg","Global","1778251180000"
"Iran media reports new ‘sporadic clashes’ with US forces in Hormuz","https://news.google.com/rss/articles/CBMirwFBVV95cUxQcU9OeFdUNGR4UE9wYWRTZERJS0t1UkhoYXYyRkVSOEhfZS1oZjdTbnBRVDJjX1l3MDJRY0duQVhpYmFaT2V3UTV3U0NQY1Vpa21ZVWZOaFFPMUJnanhwSUhha3o1RmRoQ1JYWXVWSEZkNlUxYkdvR2syMVI1cW5heUc0ejB3LXNtUXhOQmdHS18zLWxTMHAxMEJ1Q0pzcFlqbGwzeXJEQUtVdEE1VzBN?oc=5","The Times of Israel","Israel","1778251091000"
"Consumer Sentiment Falls to New Record Lows Amid War in Iran","https://news.google.com/rss/articles/CBMiqwFBVV95cUxQU1k2RFF3Vjd5akxPSXZIR1RJdmNRbF9adW1saFVLVU9LWExCdjcwSE5PUXVBdEk3VkhpOU93dklDRXNNaUxVbmhDQXhTbTNDc3J2Q2ZUX3FNQ1doTTJhTDZVOWtJV1h5T19fQ3lsa0dLVmdQNmtMS2duQnVnNmJmM1VsTElnV0tvYUZ6eVJ3UzVIbVdpZGxodWxwZEpsaTN1SW5KdUhCb1VSbTg?oc=5","The Wall Street Journal","US","1778251020000"
"Russia’s secret plan to send unjammable drones to Iran","https://news.google.com/rss/articles/CBMijwFBVV95cUxONks4YW1rVWl5RkVoLXpQQkdTZVZsVksxQWt1X1UxWWR6RFNSMzhJbFVXNlkwYzVjVjc4b0JpWXVGWHg0T3lHcUtUWlVfSEZPUDJIUWtWVHVCUnRnd2laRHFYZkZqRDZ3Q2RlZEllUXdmYUFKOVp6X0hHMi1DOUFvcFF4djlPek9NM3dNMmJvSQ?oc=5","The Telegraph","UK","1778251020000"
"Iran still weighing response to US proposal, foreign ministry says","https://news.google.com/rss/articles/CBMioAFBVV95cUxQSFZYYUVGc0pOUUtaY0ZoM1BaZnBDX2hTc0NaREF1dkRoQXRLdXJGVkNzQUUzZFVmM3IxSVI0b3NlbGVYczk0b1VBS1RnYjY3VC1ZTVJkT1ZBMzQ3WHZLNEEycnNjU1NLYzJTWkRGczBMZVJyYjkzdUxXaGhLODlUVUd2cGhDYWtESkViUUVNWVNsN1JsYVhaaFFidF82UGpQ?oc=5","Dawn","Pakistan","1778250784000"
"Iran accuses US of ‘blatant violation’ of truce after overnight clash","https://news.google.com/rss/articles/CBMiswFBVV95cUxQZXJ1OEp4dlNtLWZVeGE1Q0NqVjUwYWV6RkF2cHY4QUpxY2dEbGtuRDNPcDZJb1lQRVJkdV9oMU5LMlM2NFBCbU1wclpZdDhDSmhubEx4bVZsdFlMXzJCR1pGQlMwYUs2TWk0b3pYZUkxekJLWEtySmltdjFDYkhBMzdqUTFqTXZXZDVYa0UtQS1IWHV6QTlja1VsY3ctRU0xeVJkY1M3U0MydDc0RzRMTDVJWQ?oc=5","The Times of Israel","Israel","1778250779000"
"New Va. House Map Struck Down, US Hits Empty Iran Tankers, More","https://news.google.com/rss/articles/CBMirAFBVV95cUxNb2ZXSnBqU05pTTdkOWdWTnNsQWg5bkZVYUNWTzRkcVRsemZYbmQxckdHUzRJT01zZnBWYkIwdk9pRzdBX0VTOFc0OGNkOHdsay1scTd3cWRDWkpOYzZvNmhYMXZtNUdGV0J1bS1uZHNXNUNTb1UwenZLYlpCdFZIMVpNbzRiZFNHNy1PbUUxeEUxSTdRbi0zU1ZVQl9VTUdqVXQzWDhMN2REbkN6?oc=5","Bloomberg","Global","1778250654000"
"US confirms strikes on two empty Iranian oil tankers","https://news.google.com/rss/articles/CBMinwFBVV95cUxOU3pGV1Ftbl9fbzlTWWRPdk9KUFBKVkVhbUpYckFteTNudnZjT1hkeUE4VnczczlBMWFxVEREVU1GaDl2MnNid0M2OS1pQ2ZuNWNiZWhFTVVwQ0pqaUJ4Zk5qY3R5RVF3ZlNyS2tENXpKNDYwZ1pKX1ZZc3JrWk5mME5jelU3SC1EbHd3RlFZcUNDNWI3VzJiZmw3ZnZWTVU?oc=5","The Times of Israel","Israel","1778250479000"
"Flash: Sporadic clashes between Iran's armed forces, U.S. vessels reported in Hormuz Strait since 1 hr ago -- media","https://news.google.com/rss/articles/CBMifEFVX3lxTFAzSTFYbEZuQXFDaHVZQ25PeFBZcDdqRWtWa05xcTB3QnVVZk00TGdpZUpRTmlWNXlNZk1wNUdFYWtoQTFmMHJIbUZuTnFvOGRnWDNCNGQyMnQ0V3dteFVqdkFuRE1TQlZDcEstOG1OdkwxZFFFX2N4MWJQaUc?oc=5","Xinhua","China","1778249700000"
"Iran accuses US of 'reckless military adventure'","https://news.google.com/rss/articles/CBMiWkFVX3lxTE9oWTd2ZWN6UUJwcUtoNjF2V0RzdlFkckFsNU92NFR5Qlg1VmZ5NHZmUjV6NGFQdHpUMC15RGhfTFBUNVJkOTdJelBlb1pJTzFlS29Zb01UeTFKQQ?oc=5","BBC","Global","1778249664000"
"Opening of UAE’s first casino to face ‘modest’ delays following Iran war","https://news.google.com/rss/articles/CBMitgFBVV95cUxOVExybkk1QjhKYmZVOExFcW03TkFoM1Z1TW9ERlZ3TmpfT2lza1BVNkxQY3Ezd1JodUg5QWtSSm5zeFk3OEFYdHlpVllOSHduM29CZmZvRE1rNWJ6a242RFUwanRyYUZ1dmxuQUtZZURnTmdGclZYV3p5ZWpyM3M2SzYxeVhrTlo5T21nZEp0SFN1OTl5UFFKNWV1MlBhTWphY0VhcXRZX2VEQ3plWV95RHFfVjFydw?oc=5","The Times of Israel","Israel","1778249579000"
"WATCH: US expecting a response from Iran, Rubio tells reporters in Rome","https://news.google.com/rss/articles/CBMipgFBVV95cUxNdTZpdzBUS0FUZTB2WmRsRmlubk40dlFFSk5SRDRBR2htOFdZcy16SzdwdXdHa0lyLWtrRDlPYXN1OF9RUUJld3FaQjNxNXo2N0RKR01vV0tSdUcxcUJia1hhbnd5bE5faktDQnJmWGJqOVdtZ3hGM2R0TDk1cEE0OE5DNzJqYkhNbWRCYUpfVHliWHpDRkcwdkUybmxOcjg3a2ZNTXpR?oc=5","Dawn","Pakistan","1778249572000"
"Rubio says Iran expected to respond to U.S. proposal on Friday","https://news.google.com/rss/articles/CBMifEFVX3lxTFBGNVQ2dTBGTUd3a2dSeU1fTTd3dHJTa2I5MGF4Q3Nzb1BBRXlYT1pSRjE3RjMxOWtSRFp4UW5jUk53UUFFemZ5Uzlub2ZfYnRhTUZCNGo3dU83RmxhNmZSUDJua1dJcXBKUkJuU2hTdFlkOGxsVnM2NTcyUGg?oc=5","Xinhua","China","1778249520000"
"Consumer sentiment declines to another new record low as Americans fret over Iran war","https://news.google.com/rss/articles/CBMigAFBVV95cUxPYnVrZmFwYnJQWFp5Y1Y2S0xWLWFoNllMLXNSVmpHUkhGbHJhbk53eTU3bmFwczJ2SHl4Nm81aWM3R0NKbzNwcnNfQk40SUhCdDdhZUdJU3p1NzlIN1F0ak9PbnJNU09YSXVoS1lZWTV4c3ZWakVOckRQSUZiSGtzcA?oc=5","CNN","US","1778249263000"
"US CENTCOM: U.S. forces disabled M/T Sea Star III and M/T Sevda, May 8, prior to both vessels entering an Iranian port on the Gulf of Oman in violation of the ongoing U.S. blockade.","https://news.google.com/rss/articles/CBMibkFVX3lxTFAzM0RBcGluTkVydWc3WS1GelM2NkI4T28xM0NvZjFqd2Nua2JsYndRTGk0TjJkaWJ2QVVZTTBSOEtrMzFYRkxVcmV4RVVrVy1sMkpKZkhGQ2tsM2pWcjdRbEFZWXBoZUp3MndGV19B?oc=5","CGTN","China","1778249217000"
"Trump snaps at reporter's question about projects amid war in Iran","https://news.google.com/rss/articles/CBMiVkFVX3lxTE1FR2p1Y0FvQ0JhQTFlMnRkUGtaemdFQ3p4MWM4azc2WDNKTnRsa2xlblNLZmtmTzdpbnRZbFg3VWpTamhwU3FEUmQ1bGprb2lhMU12bGtR?oc=5","Fox News","US","1778249168000"
"Iran dominates 2026 World Junior Weightlifting Championships with six golds, claims team title","https://news.google.com/rss/articles/CBMi2AFBVV95cUxNbDcxMGRaU09NUVV1V3lSbjN0Q3dnNkhvRzV0TkNJQXpoT1V3M1NiZkJLOEhxczRFSUtFWVBHeXFCQ19CQnU2cUNHT0QxQjU0Q3BvVVdhcXVOTGZMN3VjMVNUVjdiNmtQNXlhdFE4RDJ2N3RIYnVRdHRaU280VHM1OVpUaGxUWURXdXlYNi1ULUhOaDNrMFpXWkQ3azVYaV9BRFpUWmU4dnhpM3BWTE9tTWhuWUJIOXRVc2hjWHlPZXlJdU04azBWWEdhOFFMMFF6RlNJYnpydEo?oc=5","Press TV","Iran","1778249160000"
"Hormuz Woes Seen Lingering Into Second Half, Goldman Poll Shows","https://news.google.com/rss/articles/CBMiswFBVV95cUxQRVBBTUdXWTdIVWliSzQ5SDJERzlCRFFtSVFjTm9rVmo4VGdKQzN5ZE0wRGo1VlhMNXZWQzMtRzFWRUZPTzNTdDVuOGJMbzhLNHFLYmMwQWcwVklPWFE1YThkUkZZSmNCTnVXS1hYVHdvNmtkTm5Wc1ZzTzl3Y1ptWmpYSV9sN1A5Y2kxUUZNMENuVGdUYUptZHZfOTI5TEtuRE9sb3hZLTIwb3hQZDU5Mmsxcw?oc=5","Bloomberg","Global","1778248800000"
"Iran says seized ""offending"" oil tanker, slams U.S. ""reckless military adventure""","https://news.google.com/rss/articles/CBMifEFVX3lxTFBwVFJubXJGOW4xSFRUWFVyYzhyM3kyLXBRd2d4c2sydjQxam9VY3FnemM5b3RMbTJ1RVpkYlVaMWJVN3NYWjR5RmVEZUdIOUd0MXFLLU5VZmNXTHp6REkyc1F1dkpmUDJUNklabTg3bzRUWWxYSDM3dUpPb2k?oc=5","Xinhua","China","1778248800000"
"US launches airstrikes against Iranian targets in Strait of Hormuz","https://news.google.com/rss/articles/CBMiVkFVX3lxTE8tMDk4N05OejF1X2J1N0ttSWNzODhjYklGckluQ2NidEJ0emY2eU9GSWM5bmFDRjViODNqT0pKQm80YzdZWm1zeFl5a2Y4OGRhQThkakhn?oc=5","Fox News","US","1778248498000"
"US, Iran trade fire in Strait of Hormuz: Gen. Keane on next steps","https://news.google.com/rss/articles/CBMiVkFVX3lxTFBnMjhlLWwydG1zdTJZMVJBQ1NiMWxwQWNMQlp6M2hHOE9QaWxGOFktck5DWnZtLVRJR1R6S18tdzNpVC1Za0ZVd1VUdlJ0UHVWRmlYOGZB?oc=5","Fox News","US","1778248473000"
"Rubio on Iran: ‘We should know something today’","https://news.google.com/rss/articles/CBMipgFBVV95cUxOVlpSTlVNSWlDUlR3Vm9WdnFOR0RyVnMzUE5kNXVZU0M4TTJoaWRCNGgwa3pFRmVWTTNVVDJKR0VOV05QZG1Pb0ppSF84N09zWWZMMDlLNWpJNUViM25tVmdfa2hOTlozdTBrbHhzZWtGVkZ1dUdHM3VlVlpWMnBZWjhsWmxieVZFV205NDRTaWRwNzZiTmVHaThsNGU0YVEyMTRUaUVB?oc=5","CNN","US","1778248380000"
"Sen. McCormick says gas prices could fall as Iran conflict nears end","https://news.google.com/rss/articles/CBMijAFBVV95cUxPYW1RUllrMUNSWEJXWmFCeE1PVlVyVVFVcE1PdURlRG5HbERiTHUwa01EdUVpR2p4Z3MteEY4bjZDOGxaWEZjWllHOWQ2V1NMY3pQMFFhVGlXdndwUGIySHZQNDF2azZIRVR6Q3Mzc2RUSExqNVVDRF95bEpkcG5NLUNEWERORVM2S3JQWA?oc=5","Axios","US","1778248200000"
"Suspected oil spill seen on satellite images near Iran's Kharg Island export hub","https://news.google.com/rss/articles/CBMiygFBVV95cUxNeFpHNXpHcWFYR3d6eTczRXVLekdoWWptdmNNczRrZnc2MDhhUnFneF9paGY3YzZkbnE2ZGprMXY3d0VJRU83RERrU1JKYi1Jend3ZkpieS1rcG5tUzQ1MENnMHNnc1IwSnlyc2FqSEhHeWIxN1Y2eHU0enE3QnRxZTRySUZxLUl3ekJ2UFNsUG9CTnNDbml2NzBMUWpvWEZTTy1aQmFlNEVKbFQ2YWFIRGd1clNaakZHVl9RUlBRbDBfSzBmSGRsY0Fn?oc=5","Reuters","Global","1778248163000"
"Suspected oil spill seen on satellite images near Iran’s Kharg Island export hub","https://news.google.com/rss/articles/CBMi1AFBVV95cUxONmc4WXVCNkdTQWt6bEJmOXh4NTZGSzhwRHdVMW5iRm5CWUhvT1hEVUFtVHhadzNNcXhMTFEwd2JMNW8ydll3RGgyX3pEYXlEZWZOOURRbmVFZzQ1U1hudi1ZRTlVanpqbUF2YzZ6c2xsNHVCUU5jMU1yTEVjYXRIYl9yWUZUbk0wbUFLa1RWOWxGcmw5UmUxSHJFcFZXNXAza2U2Q3lhSzBRa1owajVMaDNpTmNKejdFb3VtYmF1cEx5anhuWUlST0hsSGVyZHhVVkRfWNIB2gFBVV95cUxQNjJqWnlPZHlXNG5SQXAxY2ExTWZ5d3MxRVNWbXFjN2w0TVQ3cWNhSjJIdUxLQ2drVWMxMl81RVcza3daNVU4S3pHdFpYOTlCNEFpWkg1SWZXQWloWVhJakFlM2ItQXAzY3BsTWpNS0VNQnBDVHNYaHhXbW42NXBtNlJCZm5uVTAzdkN0clozUFhfclNFTWNuZnFFaWtDSWFGNmR5Z00yam9LSzJ3WnNOdUR6NzA4Y3VQNmk3dWJEWk40VS1pX2NyRlZLcXJqcGxPa1lXQmJ6REN1UQ?oc=5","Al Arabiya","Arab","1778248080000"
"Megyn Kelly blasts Trump on Iran: ‘I don’t trust a word he says about this anymore’","https://news.google.com/rss/articles/CBMiswFBVV95cUxPZFUwYUJmSjYtWllGWk90d0dVaHRhTC1FT08wREI0U0xfaVZ1Nm9iZ1FkMTB0TGpraVQzbkh1dXFJS2pjbjNIUTVETkpUTkJ1ZzMzaGhZa0I4X0RCOXJBdjFaZVdNSXlma2F6aE5xaU5CQTFYWXpLeDc3MFR4T09rTFZBY3BiNlVDYk5VbTNnajdDeDZ1NFdTV21ZNkdJbmlqNWdiaTdzTDlGUFd5S2twWW5BUQ?oc=5","The Independent","UK","1778248020000"
"Italy-US ties strained as pope and Iran war dominate talks","https://news.google.com/rss/articles/CBMinwFBVV95cUxPNnl6MlR6YUQ0cFdpMVUxUnlnNnhoYTBSWVVWaWs4a2ZZRVhsMDBEMU5lZTFidHZtb01YcG9vT2tLcEdJV3RjM3VlcmFBdTJrS3pDZklTd3JCWmNsMnd3T2EyQ0R6WXhYRUFVd3NoZ0NSQjdXN05kanE1cUpMX2JBVnRSTUpOUGxkS1pxUnhOa3cyZnRHTVRpcHQ0Yzg0MXPSAaQBQVVfeXFMT3YyRUVaUFlRMmpXV1EwR21qZC1tU3JEbjktSmUtSk9VTk1BWW9ob3dqNmxTMElUV25xRmtrTmZuWXFfY2JObmRzczMxTjV6aC1TM0oyYlljNU01OEpwTnVsb2I5bmhiTml3U1RhdlRxcE5WVjhYTzBxLWE4cWJDVndBTkZDYTZlRERUQ195RnBSdjUyYVc2UUhNazJORFRfd0IxN08?oc=5","Al Jazeera","Arab","1778247890000"
"US forces hit tankers trying to break Iran blockade as military says embargo has stalled 70 ships","https://news.google.com/rss/articles/CBMi1gFBVV95cUxPNHFZREpZa2xIR3NUb0h2cE1yT19IbXJoeVJKNXdBN0drMkpUMWZpNkgzWkgzZThJVUlpWjMyQnhqckRURDhsNHUtQWV3UHY0cVZOd0l3NnFweUtsbEQtMUFxZFNwVEQ3RHNGWVdVamZEelhGVEUxUU84QmhNWkFTaTBtTk9yVHNuR0E2UUN3S1AwRzBpcE96Y1NWQ1d2X1cxNlNZVmJvNmNFcmJtWnU4WUZuQlRXbXA4ZW0xOVJMbnN6SVhWWDNBNGxnd2l3Vzl1M3J1bDdR?oc=5","New York Post","US","1778247840000"
"Aramco, Adnoc Sneak Oil Through Hormuz as Iran Menaces Strait","https://news.google.com/rss/articles/CBMisAFBVV95cUxOTjJXVWYxVFpPbkVpN05pZlh2Um5GQ0ZYQUQ4VlBjU0hVdzhKcm5lUWtIZXcyZnZHWmJQOVpBU21zS1QyT05YcnNldW9rYnJzam9XbGZWMGRUMHpxOWRKMnllRVFpMVpZNEFLZWNaMkFKUjhfcUZrNS1UamtrTGZvd2tDTThEalUxZ0dCQ1VfbmF4c01rblhFVWNNU3lneWpicURiVjdTM2F6dkJqUHBHcA?oc=5","Bloomberg","Global","1778247827000"
"Stocks Rise, US Awaits Iran Response, Hassett: 'Rip-Roaring' Jobs, More","https://news.google.com/rss/articles/CBMiqgFBVV95cUxPZTZqMFpZaWZaTkFfWkY4Z0Z2SFhlbVVUd3FyaHdpSXlwOEdIR3hTWU40XzRWeTBtRGdXRzA3dGMwM2hBeWNpVzd0N29FakVxd19SVzB2cEhIQ1hTMS1HSVkxeTZ5N3JqOVd3QUZ4Y0JNTHpYel9sV2pXamRsS3JGNC15T3dxNXBiOHRPWno3RzM3T1RuWmRwTk9nVjU4TDZKY0pscnY5eHFBQQ?oc=5","Bloomberg","Global","1778247551000"
"Potato futures soar 700% in less than a month on Iran war speculation","https://news.google.com/rss/articles/CBMiswFBVV95cUxOXy1rZ2FfYUVFRWhDZ0tqS3k5aEZRT3JPSTBWWl9sQnluM2hyOEZxVURXYjlIcmFhT2VOR3FTOTFQdHlBQXdac1lDNE1RMGRfS0JxMVN2UlNIcVhQVHZtUjNLLWdxUW5iTE5oM09uZU93bWRmREluVjhhb2VHT2wzNHlOVTdZeEhNdXhUTXBLbUFLUHp6WlVJekgwRU4tR1Z2QV8xLVkyUkVLQ2k3QTdEMWRKSQ?oc=5","Euronews","Europe","1778247208000"
"US economy adds 115,000 jobs in April despite Iran war","https://news.google.com/rss/articles/CBMiWkFVX3lxTE80WVRJTUpjbmxKUmxlekJhajJYdnlsbnVBZzdGWF84bDNkMW1iT3VPR0NCNGktc3NWb1VTamFyeXRJS08yQVJtdDUxZXRzeUNPUzRuVE94YnpnZw?oc=5","BBC","Global","1778247046000"
"Iran launches missiles, drones at UAE, FM Araghchi disputes US intelligence","https://news.google.com/rss/articles/CBMiakFVX3lxTE1QYk5LUUI5QWR6N2s3OGVlLVR6b2ozRXd3OHdOVEs3ZU15VlBSczV4MnVlSVpiRHVDOW1aS0hVMFR6SnNoSG9taEsyNFdLeHdhOXNvaG52d2x0SjN6ZGNLREFMMWF2bXZQQ1E?oc=5","The Jerusalem Post","Israel","1778247006000"
"Iran blasts US ceasefire violations, says Washington trapped in ‘self-created quagmire’","https://news.google.com/rss/articles/CBMiogFBVV95cUxQYlo1RHVGX3JvR2ZpTDk3LWlraVF1TUxDWTFic2lGVE0xb0hZNzBva0NRMzVrRnB4R2YyUlBiMnNyX0FHdlJROEpkQzI1V3VvUi1uREtQcEQtM2VBbFNOTWJKOXdSNDJqb0UzWGI5SHVhcVI3cENyNkNPTWtWN3ROVFZCQmhjUzZnaFNtV3dzcG9fNUlkR1FDaE9leVRaRzhCZUE?oc=5","Press TV","Iran","1778247000000"
"Access Asia - Iran war hangs over Trump's Beijing visit","https://news.google.com/rss/articles/CBMioAFBVV95cUxQaGF0RFdEOEFlSm9YeVVseDFRVGVSSUFWOXJQZDhqSjQzUXVBenk1VEFBc2tOdk8zVWkwaVd1Z3pKaTl3N0JURXRZbVY5QU9SV1hlWkpjOTBiRS00TGJRdk1CN05UNlBQYW9oYjAxQnFiNUcwYkZYeEV0QU05eWRTcXNnY2Y0VVYtRFZrTWRSM0wzSl9xS0tOazdsenRwVE8x?oc=5","France 24","Europe","1778246998000"
"Loan deferrals and relief for more than 65,000 UAE bank customers affected by Iran war","https://news.google.com/rss/articles/CBMi3wFBVV95cUxNd2dJRHhWVk1UM3c4V3VXNGkyNGRFNGVwSV9CSGtYQklEek9scU5sSmhJZlRKczVWNHgwbVJQRU5XdFdLNzVPVTFsSFZyWkhCUWliTGtkYzM0U3FjUnVtR1RuMTR0X0FWc3g4TEVDNHpEVEkzNDBJcmNoSHRXR0JubTRhenNpcUtPTjJxWm1KRGJMVHhrWjdUQV82V2N1bG00YVFicXY0QWh3bVFib0lJZ052WFpDemJjaWJMVU15bFZVQzdESTV2Rm45U2xabnJUdld5VlpXRlN0S1ExLVc0?oc=5","The National","Arab","1778246389000"
"US military said to strike empty tankers trying to break Iran blockade","https://news.google.com/rss/articles/CBMitwFBVV95cUxPc2RYNTFGQlNWQ3R0a19mc3psd0lsUW4zWnlWMVJLYTNjN2hNOEZ4c2VtV3NjeWV3LVZ5QjlkejNXZ2JzcEpEOFdWcTlCT3hSdERkbUxtN0w5bEdmVVdqbkVtQmlQTVczSV9CRmlqTGRxWFFCUFBLV3pJNk1UYTR0M0NqTzloc3RVMWU3WmJfR3lyMzRTWndWOEp1Z3VWOHFMa05yQzNSTHRzRVVtQUp0d09EMHBTZDA?oc=5","The Times of Israel","Israel","1778246279000"
"Kamala Harris launches into sweary tirade over Trump’s war in Iran","https://news.google.com/rss/articles/CBMiigFBVV95cUxQb3RCdnNWcW9saG11bkZibV9BUWd5Skd6R183OHRUU2RmeUpocXZyOVlKSFcxdmV2YUt2OXJpS0JIYkw4bDNiSlYwNXk2eWpZTDhyZmdnNXRzcGphNWl0dXctS190VURwM0RPSDFfWkgyb2pCc0RlRWxEZXZ6b1BIaWNDY2dnZFpRbVE?oc=5","The Independent","UK","1778246220000"
"Urgent: Explosions heard in S. Iran's Sirik -- media","https://news.google.com/rss/articles/CBMifEFVX3lxTE5DZGN1bFFiTEpmNkZjTEMyS1RodDZMM0czYllVMENUcGpzUFFQZ1k2YW16YzNiWVJiLWJuR1BZdGtWVVNZNDFGdFJJRkZ0Yko2X2JFczJXOXE5RGNYeWhBUkhnXzE2T1FCeDY5djRVUW51cmdaRUZCcUcwUWE?oc=5","Xinhua","China","1778246190000"
"Yaƙin Iran: Wace ƙasa ce ta yi nasara?","https://news.google.com/rss/articles/CBMiW0FVX3lxTE1JZUNFYkhHcmQ3MTFEY2dHLVRZWVZ1cFJJUmstSHhKYk52ellNT0JabUx5ekRzNlB5OXUxa0h4Q1I3amk1TE9aR2cwWjAxV20xN3JxdmprODR4djjSAWBBVV95cUxPbE1EU1NGU3g3MmJqVW5HVUZoOUI2bVBVUDRaMWwzMUhqQkVXVkVURUFEUkFFak1EQ0t6ZnNkQTFNVXdSbU1xN2tWanNjNEI2b1owdmFwLXRYTkpXaTJjb1Y?oc=5","BBC","Global","1778246000000"
"Flash: Explosion heard in S. Iran's Sirik, near Hormuz Strait -- media","https://news.google.com/rss/articles/CBMifEFVX3lxTE1oNGd4c2JicnNqR0w2R3oxTUJJeEJJMWJtSUZlZDJENTdGcno4bkd6cmtRekt3RDN0NmFkNjZIOWZVSkVzbV84ODFHT2MyRm5hLU5KNTBJUGtuOEJsaHo4UUZnY05pWjdyRWVmNzNpVU9qQ0FwTmpyczU2azQ?oc=5","Xinhua","China","1778245665000"
"Rubio says 'unacceptable' for Iran to control Hormuz","https://news.google.com/rss/articles/CBMijAFBVV95cUxOTUNObDFlRlBLdTVrRVhrUzRyVV9hQmtiNE1vNWlrT21laGJkZmtaNUJFQTVMNjBMYmhoaUdQNUhOUFNsSVpsenoxaXZTQTl0NzIwU0hpMkh0QXR1WWNnMTQ0Vm56UDk5Q2JUMThtR3dzeEQxVVRKbFR4WXc2RllfVTc2RE52eU9sM0hDSg?oc=5","Dawn","Pakistan","1778245563000"
"Rubio says expecting Iran response to US proposal on Friday","https://news.google.com/rss/articles/CBMiqgFBVV95cUxPWHVBU1lXRk8yekJBMjBVdHNxb19SOVg3NkdhTmpBN1FwczNnTDJHT2wteURuUTJlZUdPYzhuRVRzbkRydG9LbkpxUkhOd2JqcW5taU01WG5nVkRhRzgzVFNfdFNQcGFZMDFXVExsTE55N2NmY3FoMU9Vcy1kcUFCYmlmRU9VTnBJcXo0bG5CWWJjRERUenVhckxrNEM4NEkxeXB4aHRmVWYzQQ?oc=5","France 24","Europe","1778245519000"
"Telling the truth about Iran is more dangerous than ever","https://news.google.com/rss/articles/CBMiqwFBVV95cUxNcFo4TFB5SU1jQy1GdzUxazIzTmJLTzBqZkQ1WnRfdGx0aXFmdFNYMWkyY3RGdG1yWlJWcml4aHBabHFGZ0FFSDFMZFFDWmxDV2RKYjRKMGkyNl9pV2s1Z3NzQWRuX0psNUpjQXlLR29TZ2RUX3hHelRfLWRwMzlPTy1UNEFRRmEyNzhGSFZGNFh5WXpGYWFCNVUwU1AtV0NmM1oyMUxsTTBMREU?oc=5","The Guardian","UK","1778245320000"
"Rubio on Iran: 'We should know something today'","https://news.google.com/rss/articles/CBMilAFBVV95cUxNZVFxQ2hUU1E4eEl3bXpCdGhSSUVZYXJ2aXhObm52VmlDZ2RqbFpEdWxZZWNNU0ozM21sVnRuNXFEMHJyTXl6MVpmWWRGaXBWQWlIdW9OcV9VZjVBNjlnN3I4eVozTGY4TFltTzNDMkEzM2VUMHRRVG9LMmNyODNLaVZ5WWpubXVmdG1lMEFzZ04wb0lm?oc=5","CNN","US","1778245173000"
"US added 115,000 jobs in April in surprise gain amid Iran war uncertainty","https://news.google.com/rss/articles/CBMidEFVX3lxTE1PSUhfTGVMdWNfbFlkWXRvSzNyREdyelRiN0hzd1JLUGRETW1DNjBUUXlBN0VZWVozc1pkTDJlTlRRbFkyQ3YyM1RDQkVDQ3pvMjdYTmlHM0tfNHIyNjAxWFBCZUJhTUM4MGdnbmZBempDRmdC?oc=5","The Guardian","UK","1778244420000"
"US: Iran to Respond Today, Jobs Post Back-to-Back Gain, More","https://news.google.com/rss/articles/CBMiqAFBVV95cUxPQTlfZW5SbFZiMjJQYjM1dVdfZk1XOGlBeXRuUVh1VmktR3FHSi1MTUs2T05ialBraFhkU0JUT01RSHpaZmFoT2dsWjQ1ZU84VDJCWUtjd1BsY1N4YVNEYXRVelZSOXMtcEdEY0QyZ1ZzQXQ4NVA1MTVzVG9pZnFEaUtzV1AtbFlLakZFUjR0TE5SWG1SdVdQeGxwVzVHZWtEMkExQlJkdzM?oc=5","Bloomberg","Global","1778244269000"
"Saudi Arabia calls for de-escalation after US and Iran trade fire in Strait of Hormuz","https://news.google.com/rss/articles/CBMi1gFBVV95cUxNNUJxWFkzVGFlSVRyNXBBS09nWG1lUjFYekxDVUFQVVl5WkFSY0FXWHJDaFV4clEwZmU4MkIwWVlLWm5hODBZYTVOZ3VvcXJPaWtLM281RmhhTUN3WTU3UUJNLWhEdTRTX1FEdHlkclJ2RkhVOEZReklqUTVSc2hiekh4MERlU2dNaG0zQXJiOC10T21kZkd6Nzg4SU9LRi0tM0JXT1FrX2xrcGRYUW1vQXVqZmlpdDZNWElISWZHcmdfWU1BN0QtVFVRWi03MXRQVXZSb25B?oc=5","The National","Arab","1778244220000"
"US employers add 115K jobs in April — another surprisingly strong report despite Iran war","https://news.google.com/rss/articles/CBMixgFBVV95cUxPczJ3V01DbzVnNmVjQ1VQaXNOWl9lOWZCYlhCRHhBM0pSRTBnQmVNeVg1Skhvd1dQVFBTN1BqaEEzdXlkejJoNlZYTHVNUC1VQU5mM2U4S3l4eFA2Zl9XNUFuUjFUVTNIa01IUk1IaWt5YzdZcDVXeWd6WFBKanVRYXBSWG11dk1IU0pxLVQ5dUhZdzlfQlRleFNvZHZmaGFNZ0g1WW5IMTBPS0tzN3Jta2xWRE5Fa1U3enBvREVFVmVZUU9nVFE?oc=5","New York Post","US","1778244120000"
"Insider trading behind Iran war bets, California professor tells RT","https://news.google.com/rss/articles/CBMidEFVX3lxTE9yenE3RGlVT0xUelU4RnZiZk9zYy1xenY2VnBtS3hyU0o1cGpOMVc0cWYwRVJoVE9nQlpCQlNzTzA5SkIyQ0V1d1NVS3lNUktkWTVCRkNIUFctTlhTRXpuaVRiMGVsYXhjWm5LaS11cFJZaFkw0gF6QVVfeXFMTmpaeEpUMXlTczVqRzBPYVhMdDVmekMtMW56ZHdSSldDUEVJN3N6QkVtbjR3VnZ3bTA3ZG1veEVSZ2NDdTUzbGs3TkZoUnkzdF9mUGVyUFE3ektKOXpRR3RfcUVNdnBJOERUOGxscUFPT3prY3M0QndmcHc?oc=5","RT","Russia","1778243940000"
"Iran Navy seizes oil tanker Ocean Koi off Oman over violations","https://news.google.com/rss/articles/CBMirwFBVV95cUxNbHZxdjNCNGpzdXB1NDd2LWdHajZUS0hPUEN6Rm56V2VCeG9XRWhPZ1ZQSGd0NGFtU3NMNmMxcmpndm9iZjdZOUpOcE9OM2YxdUVPaG9HUnJ1R3dnYzRYekNwQUdhZ3p3NDFiOHVLbGVnc3JGRmNxSGlJckg4WTRjRF94M1g0M3k4ZXhxUUh0YUZ3bTV3V1hKZGJHUXhRWXFSem1MYmlGT3NMelZmOVRN?oc=5","Press TV","Iran","1778243820000"
"Trump goes on 5am Truth Social blitz with birthday boast and Iran war post: ‘Lasers: bing, bing, GONE!!!’","https://news.google.com/rss/articles/CBMirAFBVV95cUxOT1ZyVV9CQ3FpZUlsZGlTT1J3M0drY3UtMFk2QW1wV1phdVpnWF9hX3VDR05RUlFmdXpWRmE3dzdXb3lETUpmWDF2X1p0Q2poc0QtV2RqdWMzTE5raWV0djVqeFVwb0dNMkJISWNadHVqczN5dTJHSlFLa2tDOTRrSHh6SFljU2J6eWViVEZvQmlfMVJtdzdTQzlrOTlkMk1STk5EX1V1dE80bGdx?oc=5","The Independent","UK","1778243820000"
"Fertilizer crisis: Africa's options amid the Hormuz Blockade","https://news.google.com/rss/articles/CBMioAFBVV95cUxOakRzS2FOS2hZQkFmcFZhT3BQTC1ONGlNc3UxX1J5eDhCZWlVSmRBWDRLa0JXZzQtdFpITVZBWHpJSks0SkFXUUpwdnhGNm9NaGRlQldQUjdGZ3o3Q2FObmE0dTRmMmxzczhrTHRDSW9JWkt3aEhDaWJYUmpkdk5GMVN3ZDU0M01oME54UzhqZ3M0UkVWbGNFdFk4cE00UzRz0gGgAUFVX3lxTFBJR1IwdlFMWHR1XzZCQmk4RndnRG5BZWJwdmZrcHE4M3kteGtKWnJiUXhyUHV2dUZ0bU1nRnFTUTY2T0F2dGhYQnBGeUlTdU96WEREQU9EcWo3SmlobnFvUFZhSk0wZldieUlReHJPV3p3MFEyWGdJNUc0OU04cFlEemlHcnV1cURVbmJvcWlVUnNuaTVfRkRfWHRGdnRyM0U?oc=5","DW","Europe","1778243284000"
"Iran claims to have seized ‘offending’ oil tanker in Gulf of Oman","https://news.google.com/rss/articles/CBMitgFBVV95cUxQbEVibFpySEpYNWFra3hNWXdxZXFKZmFlMnN3ZmItbU1QY09FOGNDQktZSVZEUndCQWNydmx4RVJPSFNWYVhzVUwxbkJDUjBvaU5IRlBDaUFYT1JiSC1UdWlfTjhBdWpnRHEtcHpOTlR5ZmNrRF9UOTRIWnlSSVFnVFBUUDg0bnRVc255NmVXbWVuT2pEUUJiV2FORFZ0SEo4RkJqdlhpQ2w1TFBoMTF5NXZWSmo5d9IBuwFBVV95cUxQaVlqM0g5TlpJWlZSa3lfU0Vfbi12VjhaZW9sRjhHc1FrNEZNNmFDUjdVbkV5ZDU2dGVKVmhqdS1FcmtDOFhIbkpmRzR5ZVlHNEtJVXJyMlBGcDBneUZ6aFdLWjA0UDJzQ0llaVAtMkFsLWR5Yi0wMTd5cTRMZWJQV09EbWdkSldlcnVISXdUZHY2YWRrSk9xc2YzN1g2N0RFYVRLRTFJSm1fWFZzaFZUeEJ5VjBjNUVqTlVN?oc=5","Al Jazeera","Arab","1778243052000"
"Iran seizes US-sanctioned tanker carrying Islamic regime’s oil in Gulf of Oman","https://news.google.com/rss/articles/CBMiuwFBVV95cUxNZlhJYlM3M05wUDRBTzRBYmx5Y3I0bW1BMFZYNlFvU2lLMzBWQ0tzeHM3Z2toT0FwQzlNNm1SWng1bnk5Q3F2ZlRjT0ZILTRoYXlnQ0h6cGVZWHhDdjZ5NGpwUlZaQ0o3dUVXNm1QQlpWRDZRWF9LX3lrNi1RVUVBX2RlTW9leHZWNjlPOVYydXMydlA0MHhDUGE0Y0dZVWc4QTRiWUFXMXo2c3dvZktfZWtzZ0xnWkZ4MDlJ?oc=5","New York Post","US","1778242980000"
"Rubio says US expecting response from Iran today on proposal for ending war","https://news.google.com/rss/articles/CBMivgFBVV95cUxPQUVVLThUZ1RRcjBaeU83TjJTaDMyWGNsRzNCMzJRMjZ6c1pCUl9hVDhlUHZ5VXZUaVoySmpIU0NTdU9KR2J2NV9yR2R5MXhNRXVMTVRKdXlIVDFEaExtODQ0VjhuQnkxamEyZFV0RmZqdjVEVUJBUkNjSWl4WHgxSUZneUpLVTR0SlFMa2EyRzVvMVhLSUlET0M0R1ZWQnNoZXJ2cHNVRmx1UmU1UGNDdnR5bVhINnJIczNtSU9R?oc=5","The Times of Israel","Israel","1778242679000"
"Iraq Denies US Claims Deputy Oil Minister Helped Iran Evade Sanctions","https://news.google.com/rss/articles/CBMitgFBVV95cUxOMFpIYVFUdlZlQ0FaNVhIbEZpaU9EVGpJWnJDS0FLRFV2QnpMeVpGeDBWZFdDc3JDc25IQlVBNUtsdEdrLTNvMlVnaWhncnJtQWg4WnpxWndQOWd5aVZOeDFab1pvRHA4LUlZQnlVSlhoelNxRnZnRGNQZUR0bnVZX1g2RGdDdE5aMVB4bEJfcHZkVXBTUmF4Z2RVOWhhNVJYczA0cHlWZjFTTlFlanBGdEdGSG5xUQ?oc=5","Asharq Al-Awsat","Arab","1778242657000"
"Iran war costs Toyota £3bn as prices of materials soar and sales fall","https://news.google.com/rss/articles/CBMiqwFBVV95cUxQMTdwOFBBdjh5eFRuUElqZmtkS3R2VHFXckYxX0tlYldvWVFnVXZSMnE5bHF0dmZWTWRPelIyMFQ2dERRNHV6WDVrclo1MXFuTmdSNlFOdDYzem5WNDZST2tjRzB6YnVpVXgwS243VWFkUTRLNUxiY19oMW9ZeFh5bjZHb1hNWGk1dWdDc2NtUkVUMGhDbUlISHNoQVloT2VoZlFFSkZQcE5kS0k?oc=5","The Guardian","UK","1778242140000"
"Iranian FM accuses US of pursuing another 'reckless military adventure' instead of diplomacy","https://news.google.com/rss/articles/CBMi0gFBVV95cUxNN1hJNURfd2xsVVhFdGZoeUtQYTBTcjJ2dzVVV2tZY3FWNEJzS203d0ZOS2kwZ29kQ1BlaldYZmlVS0RvOG5lNVEyU05OMThxOFMxN1kxVW00aVc2aGhiQ0FfcVR4UWxqTzcyajFBSGl1SlQzUE9KMnpmYmJsaU9GcTZFbndWelBSQzlPaUlGZXdrUFpEOGpvd0FNbHdlYWlTX1ZfYUJnZHgwSVhwd2pzMHdyc3NZWmR0VXFpcVVVVEVMd2dKaVh4THV0SGpHSmtVM3c?oc=5","The Times of Israel","Israel","1778242079000"
"Rubio says US should get Iran response on Friday","https://news.google.com/rss/articles/CBMiqgFBVV95cUxPUkFpM2xLeVU1VkFGVVg3c2RhbkdpQlJDczdKVHRneVZQcjJFLUFXeW11OHpLeVNKR1AyYXNBMW9RY1JwUFVqdDFqX2I0eG1DdE5tb1FBRzh4cWNRbzFrRjhjeml5YjNJNFIyS3A0Qm5Ub2l5UXFabGlvek5BSUpxcGhUSHAxQTJ0TVBFZUdqdHJlTkhvSWRfdmtwYi13YXVJUmV0ck9KYm50d9IBrwFBVV95cUxOd3M0NnAzajQyZkh2NkxXY1NIUVdTSkYxclpMdXoza2pLT29mQkFyanNLR1c2ei03STJ0ZGlxUURwcllyZ1R4d3NnS1VEYVNfalNIZEJDTzRhWUFZaFhiOWxOWk1tV0Z6djREdm1BSUlUVXFyYTl2SlM1TzRPTDlHTGg1N01RUWxUZjFQUHhXOTJnS2ZPZzRqZWotd19Hb3dTOHNWLVFEYjNQeGVwN3Fz?oc=5","Al Arabiya","Arab","1778241960000"
"US employers expected to add a solid 65,000 jobs in April despite soaring energy costs from Iran war","https://news.google.com/rss/articles/CBMipwFBVV95cUxPSXhrWWRxUWFGSEIzanRZV05INFN1NXRRajlnUjZiazlfWnpnRGFCWjN1eEJYVi1IbDJ1RUFBWENTdXhfQmJ6YjU1MlFIVmhoZmNYdFB4OWxOMlNCR0FwblVhOEVUZHhuSUE1bU1yYkVhcnVrY1lfNnc0NEUxN0NybExhQ195cUMzc2duaTBWQlB2MmVTVnZLbTVfeVdJcEdJOWVoV2JoTQ?oc=5","The Independent","UK","1778241720000"
"US CENTCOM: 'There are currently more than 70 tankers that U.S. forces are preventing from entering or leaving Iranian ports. These commercial ships have the capacity to transport over 166 million barrels of Iranian oil worth an estimated $13 billion-plus.'","https://news.google.com/rss/articles/CBMibkFVX3lxTE1TZ01iNkotTWJzSU12cE5ZaTM3alZ3SUVzdUpvbjRETFpmMG80R1ZrN2FYVk1YMVNZUUxjUlo3RHFEWlFjYW9YX05acExhNzBPSkwyekJjb2dib2dGcGM1RzA2d09vTGE3cVFYbFRn?oc=5","CGTN","China","1778241648000"
"Ceasefire on the brink as US and Iran trade blows in Strait of Hormuz","https://news.google.com/rss/articles/CBMixwFBVV95cUxPeTdERnVBYlZMbkh4dDlSSmFydTA1SllxeWVQVE5vazNYeVpYWGpTcXBLR1djZUVONXRCOEVYNFRoajh5VmM1S1JlaTlTT2J2ZERrQ19ZV08zSVZaRXhFOTF0UTBFX2g1U19RRlVlNjJvMy1zenI5UVFUc0s1MEdBNGRuU3VCWHBPMC1WeUo2am12Qi1pWXZrZzdfUUFmay1ab1hweV9jNklMcVNHc2JvZHMzdGRiXzU2Ui11ZHJaMHUzcjNfamQ0?oc=5","CGTN","China","1778241571000"
"Southeast Asia Boosts Maritime Ties to Avoid Hormuz-Like Crisis","https://news.google.com/rss/articles/CBMitAFBVV95cUxNVGg3WXcyY01zYVNpUUxYQ1l4bHY2YXFEZUxoSlFhUjZmY3JFNlFpeFUyMzE4Ym5PTy1kdkpSc3BOcFhmVUhxdElib3pKVnpvY2dEajlyT08xZ1Z0RFQ1YkpRQkxpaDM2QXlKQkNTQThFYS1nZnZ1b3lCRnFOOS05ODFEamhQTFY3QVZEaGdyemlQT0xlbTV1eE1HZ1Z4THBSbTBWNTg4dG96TVR1MTkzalVUMGw?oc=5","Bloomberg","Global","1778241307000"
"Dollar Set for Second Straight Weekly Fall despite US-Iran Clashes","https://news.google.com/rss/articles/CBMiqgFBVV95cUxPZDZVLUVYUHM3eEdIWGxWUGhWend6MlA2aHpSdW9kZWtFUjUzX1RQLU5MMFZtRUhmdFUxblotTXZLbTBtMkJPRTIzd29ZX3EwTVNCSTN5S29mOWNaZkJYQ0JPdVZiWWxmNUpEdnh4dWdod1gyVkQxMXdNTE53WWxaa2tHMVJwWEQyejdZbWR0b083amExaUZ0M1p5NE13X3RzYmcwZ1MwbW1MZw?oc=5","Asharq Al-Awsat","Arab","1778241081000"
"Three injured as UAE engages two Iranian missiles and three drones","https://news.google.com/rss/articles/CBMiuwFBVV95cUxOLW14TkxyS2RPVXZzc2VJenFGMFlRcDR3MU14NG9rSm10SzdhUm9pTURIOHRKc1h0cksyYllEREFYRVRWVnJ6a3Jla2FYME5mODJqcWp1OWtwTmRaMy1pc05HQUNrMWczaTBVVnBFRWVZcXZ1ZGtvT3ZxVWlxWHBvaTNYS0ZCd0syc2VEVVFBMzc0Ymh6OVpNRGt5dGlPemgzUVdrdm11dDNWMWFGUGJhQ0dzVm1FbTNLVmw0?oc=5","The National","Arab","1778240925000"
"What we know about Iran’s response to the latest US ceasefire proposal","https://news.google.com/rss/articles/CBMirgFBVV95cUxOWUdHU2FvTzI5VVFDaTdnRS10dUg1cmtaMW9zMmZ0RXlKclQwRVN6aGpGbkoyTWdEaDBPRUZHVDBZQXdPbTBWQmstX2ZxYWlUUW5qVW5NcDV2Tld6ckc2ZWZ5WndLc0JaYkRYX0RlZjFwREZRZGtkRnJIR1ExNllZVXB3dE14WDNUdDJ1SFRGaTUzOU5GTzN4bUktd2R1Q1pjRzVHZXBVTVVSNkFrWXfSAbMBQVVfeXFMTVROR1drVG5sVEliUlVuUFVRTWwyX3Y1UjdRRW8tWEpUZ2thRWNrcVo5eEIyQ1hheWZCY2VyRVd6SlBzRGZCWVBXZGJoalMzWWdXMXpwNFR2cmExRDJTRExoemtKZzVBMXkzSjdiaWxkemhzbnZFcjNRY0pldENnVGJhYlJUcDZBQW5lOEdpVGE5YkJpN3Bpbmt1eC1FZkRZSFFIckNQSl9UTC04VndRbmVPMjQ?oc=5","Al Jazeera","Arab","1778240925000"
"Iran Seizes Sanctioned Tanker, Trump-Xi Summit Still On, More","https://news.google.com/rss/articles/CBMiqwFBVV95cUxPOUtsZklOYkYtWmwxZHhNVnpCMTFYM2tRUXFnSmtCbFR5S3hnd2ZSaS14a3JMYjhQbndBS3hNSnMtUmluTVo4YkF1RGJxT0tZazhycXFyT3k4aGJaT3NRUmJPUDVpU3l4OThndV9ZaF80b2ZVRl9hYWZzZ1BvdXd1MlZZQjc4UUh3QTFzQnBKcURZYmlHcEdfTUhSNVlBN0RIZjYtbzNmVmxFa0E?oc=5","Bloomberg","Global","1778240823000"
"US Futures Rise as Chip Stocks Rally, Iran Ceasefire Holds","https://news.google.com/rss/articles/CBMirAFBVV95cUxQcUNRVURQbW5wNTdVMjQ0MzdERnJYNXlFOHF0SHVhQzdHTWkzd01RNThLcWhuaXlPckNEZ2hLUF9zYm5mNTZ0OWNuaDdaTGx2Vjdlb1NVb3hCUWxxeFlMSnR1U09xR2NRc0RneHdBc1h3aUNxU05LcHdIQWJuczRCbjdZc1BPbW85cGxqSkJ4WVlnUktLVGZuMUNXaU5MaDZMeVRkS3lmWmxPaXQy?oc=5","Bloomberg","Global","1778240538000"
"Scapegoating': Iran's Bahais feel brunt of crackdown","https://news.google.com/rss/articles/CBMingFBVV95cUxQUTZzS2V3RktkUjZZdmhnaVMwV0I3STF1U3o0OVhsYklfUDFXTzVacWxRbVNXRDdydk0wUTRiMDFOQ2FWQUh0eFk1VjRnTXJSYXgtZHR6bHJFX3VWNEdKNVlIWFVjWlJ6cUUtS2R0eVdia3NNOG5pMVFYX1FyTDFKdjUxWW96YW1Vd29na1hHM3p5SFNudDBZY3ZHX01hZw?oc=5","France 24","Europe","1778240361000"
"Iraq announces huge oil find near Saudi border as Hormuz crisis bites","https://news.google.com/rss/articles/CBMitAFBVV95cUxPMlRjUk11N00zbWdRYUhkNGZVYzZKSzJ0eWJEMTUwa1VBTUNZdDR5MDh0clYwb1pEVElmcVBHSXhlYlJhOGI0RUdWM2R4ZDFlUmt6bHFaamdrUFdFTTBESWFNSXhGbW1jQnpiQVNJN1hTWTZpdGx1OVU1X3hoZmtGclBMY1FzWUMtVGczaHRmRGhCczczR3YtUGZNUGFUN3ZKcWRweENDMnJ6QzRDeTVTMzRuXzg?oc=5","Euronews","Europe","1778240291000"
"Crowd erupts as Kamala Harris criticizes Trump’s ‘unauthorized’ Iran war","https://news.google.com/rss/articles/CBMijwFBVV95cUxQZmM3VGxnMjZycDNhNVlzT0ZldGw0TXBhZjgtUzZYZUF0ZGZpV0ZMOXNmMHcwaDlBYXA5Zzljc1NvOFZYWWJULVdKendfaTdLRU1rSTZTWWwyMzh3Z2tZSXlSRU1sOHo3MU1ubnRVZUIyM3ZQbmQzNWF0aDdXU2ltS0RrOFVwZG5WZkdtaDNvZw?oc=5","The Independent","UK","1778240280000"
"UAE says 3 moderately injured by Iranian missile, drone attacks today","https://news.google.com/rss/articles/CBMitAFBVV95cUxONGVXS25nZTB2NDRCZ0ExYTMtNktxWGVNRTNna3k0MWtsdk5mWFRPSldfczI2a01JNXQyZUJKTjkzd2poNVdva2p3Q3RqYko5SllWa3ZMR3pzUUhOZjJYQk4wc0pLY0YxNFFDcy0xNm5JX1VZTGFpSEhqTTQzemczM0FjRlM5cDRRbVpFeFRoQ3FOaVlaWXdkZHlEc3ZLT2lLZ0stWnhfdk12QkhMVXVPcFRzOGY?oc=5","The Times of Israel","Israel","1778240279000"
"Trump warns Iran what will happen if deal is not reached to end war and more top headlines","https://news.google.com/rss/articles/CBMioAFBVV95cUxOeHdqVjhaNDEyNkpBRF9JLW4wYWxjUjRWaHNsa1dlTUtXMF9YSGdJRDNwcXo0ZEM5QmVQQ1A4eE54NEZ6ZnFRV0NBRS1mU1l5QU52RjV2dlh0bHd5Q2k0VFYxUnhBUi1tczM0OV9nQVRZQlVnRGMyNC03QVY3X0Zsb2ptRXRyOGNSTEJJdEVZMFdCMmZJUmgwajZ5V2QyV0VX?oc=5","Fox News","US","1778240043000"
"The companies getting rich off the Iran war as recession fears mount","https://news.google.com/rss/articles/CBMiqwFBVV95cUxPX2dsTXcta3lSRVdxNUV4Ym9xZ3l6R0IxeHBFN3REVzBMS1RwY25rQ0RGdF9BbE9QZWg4c3ZzVl9KWmMyaUZPWnZHZl9yMHNZUnY4ZW54UjRhUzRjd2dYYlhzTGFYbWx6SFlERjhHWG1mR3RwYnJKMEs0enhpVk0yZHFPdml1VktvQ21UOXZSNWhoX3pLWTdVYmRzeDMtOW5Fa203T3gtdm9XYkE?oc=5","The Independent","UK","1778239860000"
"Urgent: Iranian FM slams U.S. ""reckless military adventure,"" says Iran's missile inventory, launcher capacity at 120 pct","https://news.google.com/rss/articles/CBMifEFVX3lxTE9ydGpVaV9oVDZxQXhRR21TQmxsTVdtUEJhdTRxd3FEbkw1cDBwa1poMXF4MjJ5eS1VZGNEbkllYzhuRTJUbkxWdnBYNXdsV1NWWlZYN1BRb0tYVFhiQjJ4QnY5Z3NubTVPQURIem9ibld1anNQcFlVWnlEY0g?oc=5","Xinhua","China","1778239830000"
"WATCH: Iranian naval personnel board, seize Ocean Koi oil tanker in Sea of Oman","https://news.google.com/rss/articles/CBMisAFBVV95cUxQaGwwNUhCTWdTRE1uVHI5b0c5RURaU0EwZEc3ZVJ4cC0zN3ZwS1RTNGNkU2tyNWlOSWNiVWEtejVHZ0k5UTQ4Y1FFSHk1aW9SUUN3STFtSlljYUV4d3IyVkZaUnBiWHVEcWc4Y2dvUlpKOWh3RnQzQ0pzUEl2Z0FId0tDYmtPMHRxZEthcFBnN2kxb1AxQmx2X0tMQ1J0ZnphektvVmRMLTNFT1FRLU5kWA?oc=5","Dawn","Pakistan","1778239805000"
"Opinion | The Iran dilemma Washington refuses to resolve","https://news.google.com/rss/articles/CBMioAFBVV95cUxNdk10ZlBDa0Jvc1MzVXZhQmxxbG9XNGhJN0lrU1diOHVSV05LR2tYY1NSVHBLZlFDT0I0Z0liNlFjdktlWWVEREVrT2NWRy1zRjllTjAtOFdNY2ZYMXotVkpScHRlRVJxUVk0aHNGUk1nUDNNSjlGSEpJQUl5RWx6VjdCTklOOWNLZzJaZ1F3bndsckFOTmFTNUNyZWZxQ0xp?oc=5","The Washington Post","US","1778239760000"
"First Thing: US-Iran ceasefire at risk after exchange of fire in strait of Hormuz","https://news.google.com/rss/articles/CBMitwFBVV95cUxOYjVDY1ZxVGtabEhueVBhanFUUnRlUHdfdms0SXI0NnF3OHkwcXJ3LWZhMXFlYkxaRUhzNzRsMUFabnlfVHpDcUYxUWdlUFgyLXFZZmVTdm1XQWROS05RWmJ5cFRNNVFobTZSaVNmVUpIOGRiV1JPLWd3Z3hvVXBod0ZJVTFld3ltcGNiM05kSDk1N2dfVmJUdEhlQVpMdjl1N190bjBBaTBZWE1MVEMzWnJaMFBrWjQ?oc=5","The Guardian","UK","1778239440000"
"Three Israeli soldiers, one settler face charges of spying for Iran","https://news.google.com/rss/articles/CBMitAFBVV95cUxQUXRuam1VeHJMRDFaYXNCWjcxMGZiTmd6bWVlbXpXcUtUbnNhakQ0bzgtUEhJZTM5QUdpWk1PajhDSl9iS1BhVDFDcHFVX0FRZ2Q1UXo2dGpZandlX2dYU2NYRDdlalJRUGxzV19QSkRZUG8wSjM0ME40R2tadWRGREpYb2kwQmctX3hKUGFQSWU0RWwtdlJnUnMwbDM3RE5Yb3pvYWxDVEItQ3VrS1ZhdmJ3RTk?oc=5","Press TV","Iran","1778239380000"
"Tech Optimism Bumps Iran Angst But Durability Questions Linger","https://news.google.com/rss/articles/CBMitwFBVV95cUxNNDJ0U2NCdFBINFlUSXFiVjZweXUybS1PMEstY1ZMRUEzazAxT1NoSXQzT094WmJGSEE5SnRiMUFwdHZWSHc3U1lrRlI4eXNiSkhMbjdyejJrMVFCY1k4VktOTXZ1UmhJNnNjVTY2b1RnSXdIRGJCYTNGdldJcDJNT3dCcE1Wd0RtRzJ3dUEzb1JuTk1SNHJocDZsMnU3NWxwdUY4YlFSVWo4SzQ3LWxmTHFyajJCUWc?oc=5","Bloomberg","Global","1778239113000"
"TN Map Protest, US and Iran Trade Attacks, Doctor on Cruise Ship Speaks and more","https://news.google.com/rss/articles/CBMikwFBVV95cUxPYUNnSHpaZ0JTQ1BHcFJ2UWRGZE1nQ2o5aTZyeEFnekxmRW5ZaEItckJlcGh2dXA2bzYyYUFEN0RnYWh2akFMZ1hieW9kN09aLXBvVTZleW8tR1JSeUYzT1NfVExzWTZGcG5heEVxYWh1NmRQSHF5UWJRaEllYVA3R2tjQ256SjFybDhKYmFQZjJIS0U?oc=5","CNN","US","1778239080000"
"US congressman introduces resolution praising Pakistan’s role in US-Iran-Israel peace efforts","https://news.google.com/rss/articles/CBMiWkFVX3lxTE1kSUw0X2NIdXE2cU9jRXZrVUtlYW9WbTJuM2FUeXBwSzRtV1Zjdkp4OGY0OVV1dXhrN0F5aldKWEhXTnAyN0wxMGNxclBkdmxMa2tFb1J5NVV4Zw?oc=5","Arab News","Arab","1778238729000"
"Flash: U.S. chooses ""reckless military adventure"" when diplomatic solution is on table; Iran's missile inventory, launcher capacity at 120 pct -- Iranian FM","https://news.google.com/rss/articles/CBMifEFVX3lxTE5QRjJocEVudU5FNlBuY1B0ejJFOUwzQm5zQnpEYUJrYldtMXVjUXJXUGQ4UEV4S3FjSVI2SWZlbHJRMW1SM0Vhd3VKdFBIOXZOSEs0cXQ2TERmYndhRExhbU1uTjQxbGNRc1NERHlvQ2ZxZDV2blVWY2d6ZlE?oc=5","Xinhua","China","1778238480000"
"Friday briefing: U.S. strikes Iran; Trump’s tariffs; election maps; Musk courtroom drama; AI clones; and more","https://news.google.com/rss/articles/CBMigAFBVV95cUxQNEhvSmkzVkRRTlhBRnAwWGdiblEweHlSQkZlLUxySnktVjZnZlF5cEdXaGlUVE1wOWI5V0R6S0NUZ1JLTVRZQnc0LVpKWHp0SXctbzdyZUZjZ0N3NDZLMFNoQjVOVm9sSkRFOWF0QldyazNQUzBtalN5NWdtaXZOTg?oc=5","The Washington Post","US","1778238378000"
"Iran says oil output uninterrupted as tankers crush US blockade, Tehran eyes new revenue from Hormuz","https://news.google.com/rss/articles/CBMisAFBVV95cUxOaFlteTNTdXlucGY3Rjl4V0JqaUxlcEJ2MTU2MnhLN1A4TEFzUzd1UFBHbWlMaURVTjl0cjdaVnRZZGdlRFlqX2pJRjBkNlZiaWlZR1ZNZ3pXU25ROVJ4LUduZjdhOEI5cTVIMzl2MF85LThqU1Yxc1VYc2lsX2lVLU9WZWt5b0VJMVlmNTRzbXBJa09qc1BkX3hkeUxRVHA4M2ZpbEdxU1NnRW9tTGY3aA?oc=5","Press TV","Iran","1778238240000"
"‘Everything went black. Then fire poured down’: one man’s terror onboard a ship hit in the Iran war","https://news.google.com/rss/articles/CBMi3wFBVV95cUxOOFJhWXo3aVNXQ3lyS25DLVpLR2lHQVdyZDhEWklZMDdIbVdWQ3VtbGZjY1RnSldrNlBaTkJ4TFl5bTdwTEx6M1BVRHR5V2pmZ3IzM0JkSV9jV2JRd3lQRTNrSEhUVHNMc2FVV3NUeVZPTmRUZkx0bW1IZE55a1hENFFaaHd2dHNyNDIwOHU3Q2NVM3Y2Y2p6NGlWMWZRM1BZcEtfMUcxYkNHM01ZLUUzd0lCbmV0a1M4UFFOM09LN29pNmNrbzJ5Vi13cmtiNU9OQTlwR3dBQjdFZHF1OWJn?oc=5","The Guardian","UK","1778238060000"
"Trump Asks Workers About Iran Nuclear Weapon","https://news.google.com/rss/articles/CBMingFBVV95cUxPTEtIU1BucF9EUkJBYUZKTlo1WTIwMDNkZ3VhNjMzdFdnVmtnaGp1THhLREVKNHdwOUI4X3lGU1NMQ0FSUWcxZWRzaXE4a3NOc2VxUXR1SFo4ZHJKNFl4NURzVlhmVGFvbU1OVDFTWEsyMFhkc2hQV2hlbEVoLU1CWGRqa0VwUFlWRGp4RENFNDlZX2hXSS1SY3Nib3FlZ9IBowFBVV95cUxQQ0FwTlh1c19vT3ZrVEJCb2xRVG9QSEhhaEo0ek04eWpFQzFjbmRJODhid2RDaVAtWjEwZFBnM3Zfb24xWjVaaUYxRFpRUEtkRDF3enVCZ2RVa1MzYnNoTVUxZVJZTW4tR1piNVBqeDJmQ2puQkpHWXhnVThZN29xeXpjamkxTEo4X0Q0RTRFV0ZOUnlsNFZQMzZpeU1nOFRNNlJj?oc=5","Al Arabiya","Arab","1778237949000"
"Iran's internet blackout hits 120 days","https://news.google.com/rss/articles/CBMijgFBVV95cUxQbjEzbF9hRWI5dDRycDZ6YWFhdXYtaWRIUkQybWpyV1lmQzNXWW9ySTlZcWF5WlJRX1A2TDhoNlJsS3NPSnpKbEJURlpHblN0NWhHamR5d0d5NEZiWVVwQmdqUjZZOVJMWFd6SkVYUU5WaFVPZXdLVG83dnJ3TjRfVi0zZVNYNXQ1QTdxTjdn?oc=5","The National","Arab","1778237693000"
"Tehran says it has captured oil tanker carrying Iranian oil for trying to 'damage and disrupt' exports","https://news.google.com/rss/articles/CBMi3wFBVV95cUxPbWxWNnR4OVZFRWpaU2d5Zk5heUtpellrTGgxdm0tb1VxSHhmWGNfbHp1QngzZVE2WE5kWHJKbXp4bTZfQTRvUXotMEFKa0dzMVR1WEgyRmxMUWxBekd1WVA4Q3VxbVd4TU1VZjdqM2dSSVBtdWExOWd1LWk4cEdSOFBWdF9HMmpIZDd5ZXc4YWNLd2pTMXhyLW5lQkZMVmlQX0J2akViczkyQ3ROMG0xdEZmTjIzQnRud1R3VERsYVVTRmR3VW4zWDIyTHZTMUFkSzdWSU5mREpZTy0wRzZv?oc=5","The Times of Israel","Israel","1778237579000"
"Trump’s drug boat strikes kill nearly 200 as bombings quietly ramp up during Iran war","https://news.google.com/rss/articles/CBMirgFBVV95cUxQRnlUYVJpU055VEk5MjA0S2tFbkhhMVBjS0R2alZsZHNCYmdhYVpxU1RHOFVTVkp3Yi1pYlFYdGc2R2k2OTI2NGtQR0Rrak9vaXlNdUhJTnAzZk1hdEZlU2x6TkN1ZFA1ZS1tLXBySWFpeUZmMS1CRVZBclN0SVYxREI1bG92ZklUc0ZvcW0xcVdxOG9IMEJyLUdFNUYwRVFnUU9aOEVib1VlQlVYNGc?oc=5","The Independent","UK","1778237520000"
"Singled Out by Iran, U.A.E. Doubles Down on U.S. and Israeli Ties","https://news.google.com/rss/articles/CBMieEFVX3lxTE9BcDVjWXZHOHBwQ2NsU0dWNGtpelNMZ0dGUTVLZTBmamlKYmpueERGT3pVbzI1Q1NpNWlaZ3dKXzJjNE1nMTBiUVRPNTZ6bmJZaVZtTnlIeUdYN3ByOGlodWFsRTVEdlNiVk9LVFJiYjUxNVBrdFFBMw?oc=5","The New York Times","US","1778237137000"
"Iran seizes oil tanker Ocean Koi in Gulf of Oman, state media says","https://news.google.com/rss/articles/CBMiswFBVV95cUxQY055dVIwM0R5QmY0VFNaTlZnNGF1cVdvR3FRUkE1Yk5jdDR0MHM2ZG9qTWpQaWYtNkZsTUtWSV9JR2pLeDlUUUh1MnNRNDRlb1ZvcGg3MDNUYkc0MThaQ25LdGNnczA3UVItcnRicXBmMWpEa0ZhVkw2QWVLWVpmSThzMFl6Nk1JWE1ESVJlMWFIenFvakdCVmpJWGFHcmZVdmFPVHhvMnVIeXBadmNOQ3pPVQ?oc=5","Reuters","Global","1778237060000"
"Asia LNG slips on US–Iran deal hopes, weak northeast Asia demand","https://news.google.com/rss/articles/CBMisAFBVV95cUxOdFlfLWI0WHA0U3BtYkFXcWJZZjN4RWlid0hGY2pZUmtFTHYtTXR4Ukd0elVUSHRPMWV5LTFsc1lOdl9qUFNhU3AxQklHa3FEN1dGRzNGQ1BDcmdSOEp2UlNOMU9abmx5QklDNl9NaVBpQkFJZ3VFRURXWFFzVDhqZFhRU2xCWk9YVndlcFJGRDFsME5qYnh5MG4wc0R6anNSNWpjU1RYRXZicl94OENIRg?oc=5","Reuters","Global","1778236954000"
"Iran Says Redirects US-sanctioned Oil Tanker to Its Shores","https://news.google.com/rss/articles/CBMinAFBVV95cUxPLV9Tc2ZVX2lNdDJod2xPcDExck1JQ0xZZzlFajQwaENYNjdtM2ZBQjJpLU1JclVDNURZVGUxbjFxZ0wwOVNBbUpQSEpCUTV3d1JvTVhwVEhFWW1NY044YUZSVmdmczVvNjFuSVpYOVEyWjlGTzRMZVV3TVJObXJTb3RlRWxpdloydVpxRGR6R2hfaGp3TlpRY3hvYV8?oc=5","Asharq Al-Awsat","Arab","1778236717000"
"Meloni Meets Rubio as Iran War Strains Italy-US Ties","https://news.google.com/rss/articles/CBMilAFBVV95cUxQdF9adkxmRnJ2Zkh6Tl84REZrS0pnYmdvcHgzaHVHbGw0MU11Z1VlWTktS1Y3TGdTZy1zSHVYM2JEUG04emdfZWxRd0JvTmk2bmx1Q3NoNFdYNEpjSWVCUEJnZjdxa3BESms5X1VuSWJLU0QyODhLOG9JeUZQZThrb0xtODdqbkxvbWpYZUFIV01SNTVM?oc=5","Asharq Al-Awsat","Arab","1778236475000"
"Urgent: Iran seizes oil tanker over disruption attempt: media","https://news.google.com/rss/articles/CBMifEFVX3lxTE05SnZwek5mYTZBak5nU0ZyTFZRV1BqTWwxc1JweVVrZEJqWDhCRzlDdVZVdDE5Wnk1dU1iQVJ1MXQ0SHFGcGI4RWFtaWZIMmdWcWJhWmtoSzFrNHo1YzNKVm56R2ZyTkkyVzZIU1AtdDBZb3h6a1NCcmY2THQ?oc=5","Xinhua","China","1778236230000"
"Meloni meets Rubio as Iran war strains Italy-US ties","https://news.google.com/rss/articles/CBMilgFBVV95cUxQY0hJakNXX2htd0RtTDNZbW5icEZRTkN0RVBjdlRZbDh3TUhhaTdOMFo4UE9JQlRQY24xZzI2TUVjVUpQeGVBYXhjYnZQNE5DSlhCXzd0aWFNVVdxWlM3WVhSYUdXQ0M2MkV6ZjAwSkpSWEhIMHpiU29TZzdBb2lRMDRUZ0hCWnFiQnp5OXNmWmVUbjctU0E?oc=5","Reuters","Global","1778235825000"
"The latest on peace negotiations between U.S. and Iran as both sides exchange fire","https://news.google.com/rss/articles/CBMihAFBVV95cUxONU0wY3BPakJmajNrcE5BZ0FLMFVrWmNLc3FzSXAzeUhBTk0yZjhuZGNvdlMwaUhnTldhT1Z2and4ckhITEc4ZVdpWk53dmJ1SjczdEVWd21MYW83S3YzdEhjTVAxbkNiYURQWmRzSVNYQTdCU2RkREpWVGVPandBVmszNG8?oc=5","CNN","US","1778235318000"
"Xinhua News | Iran seizes oil tanker OCEAN KOI -- Tasnim","https://news.google.com/rss/articles/CBMifEFVX3lxTE8yeEJvR3VIWTFBLTBOVjc3NkpsX1FBZ1dhUVdhWWRhVFV5eDB3NFZkNWcyZDIwc0pOWmV1eW13UWl5UTJRRVlvNnlpS1FHTFJXT1p3SWl0SXY3dDFWeXNXUXZlWExWVjBoQUtkVXJBRXNuSzExRmhPQmV2Vnk?oc=5","Xinhua","China","1778235255000"
"Wall St Week Ahead Data, Iran, US-China meeting in focus for scorching US stock market","https://news.google.com/rss/articles/CBMiwwFBVV95cUxPVm1NRGVCTU9VOWx2YmpPRV91WVVQeHh5WGhFeDdfTVVodi1QdUgzUVNScHlCRVY2c1ZkbVZHQlFlVHREWG91c1YxMkhkSTNfcXBtazZfQ3NReloycDJMYUlKWFRMMTd4dXJnTWtjQ3RCTXJmbmNab21xQjgwd2h1TDZkeU1zNzMyVkdxSU9vcTRzUnd5bnVqZG9tb2lrSXpsSG1CUS1WekZJcVNMODFGRlA0RWx2MEVvXzV4UkpXMENmT1U?oc=5","Reuters","Global","1778235174000"
"Iran seizes oil tanker Ocean Koi over alleged attempt to disrupt its oil exports, state media says","https://news.google.com/rss/articles/CBMiywFBVV95cUxPWGlVcjJqcExjYjdpZ3Roa3VibHhYQzlFNGRSM0NRaXlCTFBRQm45MTF2WS1LenlXMWVjUmFINmJEYUIycW4zUnpsSkd2T1hxMHZicWI3bHdWVEFtQmZ4TGNBeGpBZjhjOF9yVUZqMmNQajZveElUcGI0T2xoV3pmZTg4amxJNEJBNVhUZUZRci16QllaNTN2V0pZVGpHcFRDLWNxaV9URkl5MmQ2a3JzZHhvSkVxZDh3RUtIbkJ1NHhlQ2pEakIxZzJqOA?oc=5","Dawn","Pakistan","1778235123000"
"Oil tanker arrives in South Korea after leaving the Strait of Hormuz","https://news.google.com/rss/articles/CBMiswFBVV95cUxPVklveEo3S2c3S0Z3OFR6Y1VUc2lwel9ZTjdqQXNqaTc2TDBBZzlPbS1Sb2g5ZVpUdzItS2JDRmU3ZFJTRTlsQmk5XzhiaE5KS3p1OFFUMlNaRVhTUDBqN3NfWmRTS3hvTjVkeURHTXFKdlRlekRRejhRTEZsMU0tcHNXSU15TTQ4YlFwWktpemk2MEVVM1prbzhIREpsVmMwdzRxR3F4a1RnXzJQaFBsZkhCSQ?oc=5","Euronews","Europe","1778235082000"
"Trump Says Ceasefire Still Holds after Fighting Between the US and Iran Flares","https://news.google.com/rss/articles/CBMitgFBVV95cUxQQm5QS0RuVllOb0hyc1pWanRBVDF5Y0NMV1h0RUJ2MXhoQ1gzRUZqbUNaRWFvMjV6TS1BenRIekozZHIxNHg5Z2VmNFVuSVNKSTZEV0o0UmNJOEZaUGFNaGpPZU5jenhDY0NZUjJ2ZzczV3hSZ0FOa1pObW55c0ZfaHd6V3VHdTNUSHF6Qml6TlYwaVY3NTJ4YmIyMHEzTmUtRjFsOFBGRVdDaktIa1NiMk14LU9aZw?oc=5","Asharq Al-Awsat","Arab","1778235032000"
"Iranian Army Detains Oil Tanker for ‘Violations,’ Tasnim Reports","https://news.google.com/rss/articles/CBMisgFBVV95cUxQVFJ4ZnNOYkQ0UDg2WFFkS09MRFpXWUxOQXc3TElVSDNSZmtkOXVUbDVoVTFrZ05KLWQ4TTBxNm5SYkF0d0RqZTFYbFJYbG5HeGVJY1lsVTVqM2d6Q3JwR3pKTktZRVRkYjNzQzQzemhrV0JoOUNNTVE1blpaYWZJOHJvRlRwbEJicThORWZUVGZ2ekZhUmJXeF84U2pxcHh1T3RtNnVKX0tVRUk1OU1hNHRn?oc=5","Bloomberg","Global","1778235022000"
"Trump warns Iran of ‘a lot of pain’ if deal fails","https://news.google.com/rss/articles/CBMibEFVX3lxTE9uWlBTbHZOQ0dkTnJIa3MyTVpwcUEtQVl6NXNwdU1nbF9Ucmg4Nl9lampmR0NIdy0xTExGUk9hTDFBeUI2MHlZT3lZQTlkeS1USmVBaHFmb0hyOFBSc2xwQy1PMVN6X01fRjltYQ?oc=5","CNN","US","1778234880000"
"Iran fighting flares, oil bets, UK votes and Attenborough turns 100","https://news.google.com/rss/articles/CBMiqgFBVV95cUxOa3BYUlRENFNwbTUyYzF3YTRMdVlyUUFVcGJ4Mm55RllLU0FwWXhXcXM2Um8xek1NV1lsQjNmRnNEdm9aSk1zOWVidWMtcTgyT0t0ZF9FNzU0bGRJWkJxakNyN0ZVZHV4bE1UbHFGdW5HOFhLem1sLU9VZXlXVi1Da2VPNldyTVVQSHV3Z2cxdTd5eldQb2JRY3BzeGRVSUtydTlhZWhPWUx2QQ?oc=5","Reuters","Global","1778234633000"
"US intel community agreed before war 'Iran wasn't developing a nuclear weapon': ex-counterterrorism chief","https://news.google.com/rss/articles/CBMizAFBVV95cUxQUGdqdVJzYm9JaWNSNUtoU3lGZHMtZVR4Zk9KTS1JZ3dHSV9XUFp6ZU9xTFNIV0FURFBUbV9lR1R6NDFQb0pkWTU1QWNfanp0VkV5bmRYbTgweUZqelJ2aHYxVDBQajViMXJGaS1XR3pBODZKbDFRM1gxMnpfS0JadUhHQXdKdDRDSlBhcTdXcmVUZ1lDcURhaTloUU15TzllU1FxTG9jdWVuY1RRalBhNjdvYUUtMzh0TTBNMWkyVTdleHBSV2sxcWZTb1XSAdIBQVVfeXFMTmRnZWRGQm5Fc0xTbl9lM1hwQWd2YURpeE16aGxaMDBPZElacTFiVUprTDhUVWh0ZTFibV9GcmltSllSbWxQd3kzbEo0b3RGR3VJdGY0SmxBX3lLQWx0RmQxOTdRSWN1ekNFR181c212SVNnckJJSGVZNlFhOUEzeXd6aU5FclBPM1RVVXlRYjhDV2xuRG1wZFBFLWtIUlp4ekVUZkhwT3ptYk5nRFVSWjc4WHFBcXNqakZuM3JvMjFwZ0ZneFFUV00xejB3ejl3Nmx3?oc=5","Fox News","US","1778234626000"
"Mossad hunted Iran’s terror operatives abroad - so why are British Jews still under attack?","https://news.google.com/rss/articles/CBMiWEFVX3lxTE1ZV3Y2R2NoWmZpUS1lVlZ4dEc5WHpBbURPbFdIbWJNa215ZUhvMHoxLW1kRDI3WDFBSGNzTzY4VTJuQ29xNjE3QTI4OVltTGNxSFhObWV0TFQ?oc=5","The Jerusalem Post","Israel","1778234623000"
"Iran fighting flares, oil bets, UK votes and Attenborough turns 100 - Reuters","https://news.google.com/rss/articles/CBMiiwFBVV95cUxPWUNmUUdqZHhyMktkUHA0eWdKaE9aU3RFRllYaHpwZlpHei0xZ0d1VWk4b0ZkWUpTRUdQRk9aT2l2RHNuS1ZTMVF3SkVwUVJqTWxHUnJlMXNGbWpXZnVGTDh5czA0UDA4UU9ldFRHNW1rcVFVRkJ0MkMyRGlyUThEUmw3Q3A4aHV3dVBn?oc=5","Reuters","Global","1778234580000"
"Mapping the Market: Iran optimism could set up the dollar for a steeper fall","https://news.google.com/rss/articles/CBMijAFBVV95cUxNZVJEcUlmYVYzMEtVMDVjTW03akU4MUk3UDJDeGpCTXRGT1d2Sm96ZGpYdnVhLXN0SnkyeERXRU5ZXzhPRDVVQWdNOFpMMUZVdGtMcHVvM2FLSG1QSzJQbTN6dEEwY2ZfeENxZ1V3M1QySXpJMlBxU3pub0Ezc0U4RXFYTHgxLUlTWHJnYw?oc=5","Reuters","Global","1778234510000"
"Gulf clash threatens hopes for quick US-Iran deal","https://news.google.com/rss/articles/CBMinAFBVV95cUxNTmstem9QWTZVNklkZGNhd0JVRVhOZGtTVVJHZWdNLXN4Y3ZYdlFVVWNwMUdUb2VHREhRRGtQQ2U4ckpGeXNiaGRYU0lxbHdkMWpubzJiU1BTd0ZaV21ISGdyRm1zek9hVkZIQ1BKNk9kWEROcUlyY3llTWlxUEF5RHV3QzYwQkl6RTFJdW9vb2ZTdzc5TnVnbW56Qm8?oc=5","France 24","Europe","1778234474000"
"Israeli police say Iran using WhatsApp, Facebook, blackmail to recruit spies as latest attempt foiled","https://news.google.com/rss/articles/CBMiwAFBVV95cUxQVmQ2RFg3V2c4LTBrVW5XblFQRTN0Y2NWaFFXNjlERUtHZjA3OURwVnU4WDhoZzRPd2Z4LWV6TWd1ckYwcEhtcEFwbU5od2VhMml5OTk1cWFlSnNEXzlKYkdtOVEyVVlGQWxIX0ZMVFlNajBjQVdYX2toc2l4Y2N3dmlqeVhVZ0VQckhfZFFjc1kyOFptdUlkb0Z1WE0tckdtdDU2RzBKZ2lfZFhPZnRxcjJjMmNSQUhQR0tpQlpDVVPSAcYBQVVfeXFMTkxleG9JcWJjWG10dDhzSmp2QS1MMlVRaHZuNGtKNUtCNXZEaWtaY2Z2VmNDQzBQTUtkV1NLUDhSODFSLW1wUE9zaEpJUVY2VXhaa184VVJKZzdtcFc3dmVHZVhfb3lnYzd2UUJmMkt3T1hVZ19hcEdFTHB5dzM2WHdIVnJXRHdiWUtJLUtxOWFQSHN2Z21LbXRIdUtIZUVMN1BDNVpLVkpDUUU5UWFHbWM1Tk8wVnM3TXA3RXVHbTliRUNZamlB?oc=5","Fox News","US","1778234450000"
"Trump Calls Iran Strikes a ‘Trifle,’ and the Latest on the Hantavirus Outbreak","https://news.google.com/rss/articles/CBMiowFBVV95cUxQcVpCNWVRcm1JSWxIdDh2X2RtUHVSMGxVM1VjRnB3cWExTWtESUJHSTZsbm95TjdrcFlkQlp2VVgzZERHLWp4TEtnM0RnT3lhS29NcTRXd21GQ2F6UV9ncVMyMVdZZF90VGxXZHJ1MVo2UWRXUXNpT3BMLTBjdFBSaUlvRHluemctZjNQVE1vT05PcGlIZk5keEtxQzhzLVN6MW9R?oc=5","The New York Times","US","1778234409000"
"Trump’s looming defeat in Iran is a personal and political crisis","https://news.google.com/rss/articles/CBMingFBVV95cUxONWlsSUlIbkJiT3E5ei1uM3BLOGMwNDRJYzIwQVM4dXVRU3BKTEp0TldBREFWT3JQa21aU1pESWx4QlpoWlk5VFJQZDcta3RRQmNIODVVdGFzNFZ5aS1MLUpsMHhlUVhVSXlWVHJTTjQ2NGJ2Z1dMNDl5REJHbnA5aXYyYXBXdFQ0ZjFFVE5NZmxwRHQ5bllBZnEyMWgyZw?oc=5","The Guardian","UK","1778234400000"
"Iran seizes oil tanker Ocean Koi over alleged attempt to disrupt Iran’s oil exports","https://news.google.com/rss/articles/CBMi2AFBVV95cUxQeVFZTnl5TmM4cFJtOTBKS1dGU3VnRzdCdmZEVHl5bzVGbDFTSm9VdXNoR3BtNTMxTXpyXzNWNFFSekxlMlJPRy1ZeGZuM09Sd2IxZTNJN2FLazFCTmw5R0JvcXZkbUtNUWE0QjNsVzczOU8xSHRKbVpYUXV2enItMzFxVDBEVERselVHTVd2V1pmNnR5QmI1c2pDbDZvSU9Gb0dTLWdHRW0wMlZ5NkxETDF0ZWhkeWNUOHpwd0JXVm9jbkRDZ2NuZkpJZWZkSlFxbjFtVUVvTXbSAd4BQVVfeXFMTmgwUkk5SGkzMmZJOHVoYlR2Zl85RTNwak1xT2hxb1k4SG80UUFmdDNXQ2FfR0lBMnRxZ0d1SXoxVmo0OVZlRWowNkZ6czViTmdYaHA1QTlfcjRleFZsaDdSNlkyb2N2OWRQNjBIZUFkX05iODllR29ZNlk0dWFnOWVFMGJmQUI2bWZOVjRHWnBCajBWWDRYdE9ReDJQaGJ1REhqR25qdUwwRDFQNDBab0tXeC1hRWh1RkJNem1GcTkxMktrS243dDhfN3JKUmJNR0VlOGlhRXNBdUpNd2Z3?oc=5","Al Arabiya","Arab","1778234340000"
"Flash: Iran seizes oil tanker OCEAN KOI -- Tasnim","https://news.google.com/rss/articles/CBMifEFVX3lxTFBocWlFZDNOODI3bkk1X0M3ajNmUkJmNThoQVF6aHdOZmlnOWhtRVh5QVBzb05UOG1wN1NJaGp4X2JjQWROcVpQY01ZSHBacVkyckRxd0RaSC1PZmV6TVFDTjNSQTh0bHpmVWZSeFJtMW5hZXQ0QWpXU3FmcVM?oc=5","Xinhua","China","1778234180000"
"Trump compares length of ‘Iran Excursion’ to WWII and Vietnam","https://news.google.com/rss/articles/CBMijgFBVV95cUxOQlBNcmRyU0o4dm1MSDdYN3dkRkZFLUJMUFJhVGtNQlZqZTVQUHhOZGFPT1VGcjhGLWdxRHlXd3kyUXFnTkVZc21EWDNlU2ZvVFNaNVZOTGdkM011UmZDWmdhR0txdnBxdTIzNWk2aEFaMHEwVkN5emRRcUZJVHJVU2xsTDByM0tNbmJrNENB?oc=5","The Independent","UK","1778233920000"
"Bloomberg Daybreak: US-Iran Clash","https://news.google.com/rss/articles/CBMikgFBVV95cUxPWTFQeUdSc1lxaXYtMU1HTGs1Y3p0UTN4UTRiMHpBNnJrc2xzeE5GdlZPRm5YNE1QNGwxS0hoQ2NHbTByYW5BSXlCNUMxX05NamMwTXVjc29qb2lvYWcxcmd2UktkcW9xcnNIWVJqOUtFNnlGV0x4S3hEUV9zMndIUVk4LVJYbnZONWtjTXoyR2VYUQ?oc=5","Bloomberg","Global","1778233917000"
"US naval blockade against Iran considered a war crime","https://news.google.com/rss/articles/CBMiowFBVV95cUxNM1JNNEhGOTk5Z29tR1dxSEwzTHc4Yy1IcGNNVHNQcEltTmwwVHdFdXNBWVdNSzZmOFFzdU84Mnp2NWgzUnJLYUxZbFZaV1pCd21NSnVqV3lLMVhHYlJPbkVpN05MLWh4WGtiemIySzNYS0VHNFBvVlJCSjRQd0tZN2ZtWWZnRWFQSnZZaWZhclh6QlJlMkd5VmlWVExvWEFWSXRN?oc=5","Press TV","Iran","1778233740000"
"Iran’s ‘mosquito fleet’ means its battered navy still has bite","https://news.google.com/rss/articles/CBMijgFBVV95cUxQNV9KTWhuZzNWN19KdVM3YXJLSXJ2cFBEaUQzUzNXQ2VpandDQ3JsMU5vbEc5dG9mZGVneXdqWVYzWEFjelJCa0VaYVdQeVdOOGt2N0J4M1pQbmRSQVBoSFIzZlVXcXNnYTRvQ19ISkY1UWZQLXlDWUdIcUo2TVgzSG5sZVd2ZW81em5CbEx3?oc=5","CNN","US","1778233672000"
"Islamabad seeks Singapore’s help in repatriation of Pakistani, Iranian nationals aboard US-seized vessels","https://news.google.com/rss/articles/CBMiWkFVX3lxTE9vb19TVFQyV09GbzkyN2ZHb0tORmlDVmh1OWZGVmt3Yng5SUJGeVZCbTBUWms4YVo4XzhqQlVrS05uQmxEM21VQnpmZ2VtRlpvSC1RVTVRSVJMZw?oc=5","Arab News","Arab","1778233667000"
"Iran war latest: UAE responding to missile and drone attacks after US and Iran exchange fire","https://news.google.com/rss/articles/CBMijwFBVV95cUxQc2dLZWs0Zi1nNjBVdXFsdU1TR1dVNUxndHd5aXduVnk5RGNFeHBYdGZvcnhwd0JUQTN3SG1qbVJLNG9EemtVdkloNkVmYkVvM0tWQWNfZklreFdmNWFhUTF3bzRrQ2YtTF9FLUVZRGFpYUlPLWdESGo2VGR0T21zWXpPWmcwbFpOQ2h2ajZybw?oc=5","The National","Arab","1778233454000"
"Donald Trump says Iran ceasefire holds despite exchange of fire","https://news.google.com/rss/articles/CBMicEFVX3lxTE9tanlZSTlkbW5ON2VNVDlvV2h1UWFlSkVuYnFuanprZ2lVZkRiUVJRTWUyS0wtOTFmTkZON0pUVjVkUW1MZnJiemVkLTBvdTAyNG1oNTlodGgxRWY4bDlNUTJKVW9wbDl6dDJOM0NmclE?oc=5","Financial Times","Global","1778233394000"
"Iran and the US trade fire over Hormuz, Trump says ceasefire still in effect","https://news.google.com/rss/articles/CBMipgFBVV95cUxNTkxJUExxYzRJU3JaZ3F0dnVvand6Y0xGUjlUX0sxaVJScEduMGQ5ZTFQblUwUlZOUHZvQXBsVEg1Z1hBcXZ2WE4xLW1BTmVtVGNEckNCMUxfTU00MUcxOUFtYm1PUTJuRDBGOWtvRlRfcG1IVDRDUXQySDk2YTVEbnZtdDRiWXBGOGszUVluRV9KME8zTGRMdy1Db1VtZW5jY1dVS2Rn?oc=5","France 24","Europe","1778233338000"
"Iranians risk arrest at Iraq border to escape Tehran's internet ban","https://news.google.com/rss/articles/CBMiwAFBVV95cUxOeW9yNDZ0eHlURHVaZlhac0hJYjE2NGRETW5rR1JBY1Vqbk1vZkdFTlE1M3I5WXlpOW9ScUlOQS13TlhfT1hnV3pvc1ZIektMaHA4aEtqeU8yMko5dHZJOXEtVGhIUEtjemN0Y0xHb25nS2NHN2RKajhnNkowRzUyenhTU2tacTdzSll5dkZlQmtic1hKRHBBeW5QY2xOUjlwRFBHaUtMUkVCWDZVeGhINHBQZGpNakM5SFNUeldyak0?oc=5","Euronews","Europe","1778233301000"
"US and Iran Clash Near Hormuz, Trump Tariff Challenge, More","https://news.google.com/rss/articles/CBMiqAFBVV95cUxOYUdtVEhYdWFMalJlbEZVendnQlpxSHotQWJsczl3R0YzNVh5YnFwMEpWZFJJUS1Ia0N4NnRGWWRRU0pvX0JLVWI2Sk55T0hibGNqWHFvSjBPcV9GRUVidkxuS3A3bmFKbXk0ZWFUaWk4SGRrS0tiUHJtd0ROQ0R1Q2QzSzFGaGVPckl4Mm5lWkhBR0VXSVlHMDU5VzJhQ3dhRGd6WUFDcUo?oc=5","Bloomberg","Global","1778233263000"
"Military force has got the US nowhere with Iran – here is what a realistic negotiation would look like","https://news.google.com/rss/articles/CBMiiwFBVV95cUxOZVVBUjFhMG9sQ1Y1QnBfX2RtWVNFek81M2lwZ1cyOXl1eDY0a01LWlR0WVh5Z18xWUtBcHFidHdnZnJISk9pZmFEQk1pc0NHYTdFYUo1bG5kWU81WlZxRlZETW4zazVHaFdJRm8yTUJGSG4wVkxndGJpcS1haUtDTTkwV0laX3Q2OE5R?oc=5","The Guardian","UK","1778233020000"
"Trump: Iran ‘Trifled’ With US, Ceasefire ‘Still On’","https://news.google.com/rss/articles/CBMioAFBVV95cUxORnVsMkpZUTEwYzhPM3ZTVi1hMmNIM1V5Y0JZT3FwanFKUlBodzR4RUxIUDBWREdBb2hKbHFPNTI5WGRNeUc3elFRQzdKWDVJd24wMWpNMVdyeTFwVmFVT3hZdjgwdGJ5UTZPdk5kWVZFdzlVcjNkUTg0TW0wUVN1eVVyNHVVdnE2OE9OUjVYaXlZM2ZWRkdyRE9pQk1nOFN30gGmAUFVX3lxTE1uRVkzRU9MNl9ZSk1tOFBZUlcwY2ZqNU9hcVVQOUw3dEliMWZncjNaUk9Ocm5sZmlWZzUzVm12RXFjd2pwUDRMR1lOdnRManRrcF9kdEJfRnZMTG0wYk5pVUk0SVBRQldIVzNEcFRRNGVMdzZBazRxcUs5Qk0zVlJYSW94VFNuZlhBbENSSG42OHVEaVp5Uk9tcGR1dmRUcUFXaUhnTkE?oc=5","Al Arabiya","Arab","1778232791000"
"US, Iran clash in Hormuz as war escalates: What happened, why it matters","https://news.google.com/rss/articles/CBMirgFBVV95cUxNR1BKQ28ySlFfYXJ3MDJXNTQ2cGtlM25GYVhrUFd6QTlWd3JFQzRoeGVYNHpNYXNiSS02NkkwNUYzbUxIYWE4SHpZTmNfaE9sZ0htSGR4emI0NGlCU3JkbmY5ajdsdTJiX1pjNWF6T3RZLWdWVWlIRUxTcmNmYm1mSUYya1ZBTkdQVkctbVNUZ2N2c3Q4al94eEVZR3NOUDNfUDhaTDZJSzQzR1VaaXfSAbMBQVVfeXFMTi03WnBwbWhvLWNuejdobWNaSWRQS09DMEdZM0NfMjBuMkxoOGh6NzhVOXJ4bnVaSG13c3VhYnZtV2YtWHNHQTJlOGhESENFcG16c09IQTQxLWMzZkVtQVRuVHlQX2xKMHVEMzU5T3MxQlJQOGNFblpZMFZfMFAzSTdBLWpXWmFLZGxxY3VSb215VlNaWEc1WFM0WWdXV0c4VEI2NVVkZjZmUmpBNTExNzJ2ZkE?oc=5","Al Jazeera","Arab","1778232262000"
"China confirms attack on oil tanker in Strait of Hormuz earlier this week","https://news.google.com/rss/articles/CBMisgFBVV95cUxQc05ZZzhnR1p0NnBOdXUtRnctcE5nWm54d1VjQVFuOGZDUTNHV3BfQWJHaFpaSzR1c0RPY1FEeFA3aTBneXRwbTE3QjI0VkxoRGpZejJkTW4tVE1va25ZS1VZUDktS05tdWxNVUoxT3owWTh3Mm1vM3I1eF82SkRjTjkzM0pSajUwSDBBNkZ0S0d5azFEVlhWRHBwa0NJWnNyTEtDYlo3c1VkaThhTkQtcTB3?oc=5","Reuters","Global","1778232226000"
"Trump downplays threat to Iran ceasefire after exchange of attacks","https://news.google.com/rss/articles/CBMi1wFBVV95cUxNOEtBVXpiLW5LX0QwYkRQMnctQWdENGk3TEJEa050WnJqRll6YXRmVXRFVGVVSzdrdmNSMDlqSk80OWUzNGdjZ1o4Q3JwWndZSGprdkJISUNXN2VPRVhIYW9rVUtRRVowX05CeC1TQWo2VGZFYjMzaGFzRjVMZlItTE55TEFxQlhnSTFZYTdrMGJxeTREVnVBNndxTGxjdEtDOXg4bUoyNmZtOXZtMVQ2S0NCQkNNcHlaUEVyQlRTc0JyMEVHM3lXa2poaXk0UUhzU1I5TXZtcw?oc=5","Le Monde","Europe","1778231864000"
"Four arrested in Israel accused of spying for Iran","https://news.google.com/rss/articles/CBMijAFBVV95cUxPbWhVZDV6RWozYkZmb1V6X09YazEwcDNjVkV6c3hDcVNOOV8xYS0tZDM5U1pLYlBKUFQzSWREV1JJY3JNclpjdkg5X2xXeE9NX1NxU1pwSmNyeTZtcE9rek9Cam9oWktnVVFhOE8xLUU3c3lBQzlpdzhxU2F4eVhTUVFNMWhyN1pKVm0zNA?oc=5","Dawn","Pakistan","1778231817000"
"Oil Back Above $100, U.S. Futures Up as U.S.-Iran Tensions Escalate","https://news.google.com/rss/articles/CBMirwFBVV95cUxOTndIaF9VQV9CSGJQOWJYc2pQYmxiZE5xRkg2azN6aFNYbUxmbDdJU0F3b21VYVFBd1N6dXFWVmE3VzB3VFRvTEhzZDdSQ05nQ0ZndnA5d1ZxWXh2ZUFsLV9HY21PeV91ODBjZGFER2hXOEt0TG04dDdWbVhId05ycjFTd1dqRmhILXNoWlBTVU50ZnRZSFNtRVI5ejk5WHZBNEpKazZJNlhldU02cU5Z?oc=5","The Wall Street Journal","US","1778231700000"
"Iran has 70 per cent of its missiles remaining, CIA report reveals","https://news.google.com/rss/articles/CBMijgFBVV95cUxOVk1Sb1RpSHJMNURQUkppLVpxRmswQXNUU0dUVzZFWEpXcXh5d2NMOXplc0l1eGg4bDNTYlQ1bmtZVl9NRURfcUgwSnlnWjZVUktsSktKcDlhbHhNbWlDUzNUUjI1aWVGNWc1Qm1pVDQ3aHZHNHhUZXZHZjZrUXJadVZjYy1mbDg1WTRxVF9B?oc=5","The Independent","UK","1778231700000"
"Iran MP hails South Korea’s ‘wise’ rejection of US operation in Hormuz Strait","https://news.google.com/rss/articles/CBMirgFBVV95cUxPbGhUTDZxWUh0TmhVeUxfUi00NGctQzkwakRyQW14bkdHdjlvVGY3bmJkTzZ5R1VjazFvRGlIN1daMmJ1OER2YldqVWhEd3JkVlV5YzFaZHFGRnlIOGRSV2VwQlQwTlMtY0N3RFV2ZWJWMDc5VWdSM3lJWjJnVmE3MFNwbENmMnlxVjVJTGxxSUctX1pXTktJb3dzQ1lTVVYwUGR6bmVmUmp2b2cxc0E?oc=5","Press TV","Iran","1778231040000"
"Trump: Iran wants peace deal 'more than I do'","https://news.google.com/rss/articles/CBMiogFBVV95cUxPc3M2bzN2dzFLM3V1VlpSa0NJRWc4S19VRTdCTXoxT3NhUDI0UHlFSDJ3MVRuWFI1UWh6U0pQbmJsTENFcUJESFczRjZzMUU2WGUyRGk3d2JxV1hJQzE4bHh6ZHpfMzB5RFluOS1iVkNYSElsN0g3SXBLdzljX2FydS10WjhfaXduczlsVGVXRlpxMDl5UG4wMGNhODBwQnluMWc?oc=5","CGTN","China","1778231034000"
"How rising prices ricochet from the Strait of Hormuz to your gas tank","https://news.google.com/rss/articles/CBMisgFBVV95cUxNaUVFbkVyQ21sYTluZzdnUFJiUFNXLTdVX3ZmNXZKM0lZa2Q5eHFaTXh3WmFXU0ZoaER2UWJMN1FqSDc2VEY0ZDZFVkVnWWctODZla1hZRGZxelF4Z25PaVIxVUhYNXdCZG16OGxiZTJZaGk5Zy1lZm13c3dYNnk2VU56V2x4UXcxQWdzdmZzQUhtMGhQNk4telVjLTNaQ2JOc3RUV3RUTGoyazJSMTZoMEhB?oc=5","The Washington Post","US","1778230990000"
"Report: German intelligence officials unhappy with government’s approach to Iranian threats","https://news.google.com/rss/articles/CBMi0AFBVV95cUxNMTMzRFVJbFBCNkJ3Q0k3UDBpSlNyVTlTNkNqQnk4MEFjVHlVT3E3ZVRSZ09tTks4NDc3ck5fQ0NBNkxRTGg2RGhlckY0UDJBaTBRLTRaYjB1LXZQaC1hY0FCWDN4OTIwanVNdUFNaHFXMXk0Vy1QQ2lkbTRTbXVYM1EyanpESGhQUzZVWHE5VzZyeFB2UkY3dXlXeE0wcmxGd2pVckZXRU01LUNyS3EyaHo0bmZjcVIwRFNaZktMVmZITnJia3Q1alI4U19xNkw1?oc=5","The Times of Israel","Israel","1778230979000"
"Trump polls construction workers on Iran and nuclear weapons during surprise visit","https://news.google.com/rss/articles/CBMiowFBVV95cUxPc2VUMVhXRWM4LXQ0elBWOEs0czY5Z05wSU1FcG1rSGJWRnhpVTdBaEFhSjIyQndTWmpsckhyZ1M2bzhLbkZOeVN4RHFfRlJyV3Z3Ym1mM1o1aXA1MjM4SlpyT1c4OXBCb0duLWNTUVRzLVI3WUxVTGZLOWhrQ1Rlbzg5TE40QzNpYy1Fb2VSWHppdGxzVm9jZDNjd2wxQkhVQmRR?oc=5","The Independent","UK","1778230920000"
"Round one of Iran fight went to the US military. But ending things is much harder","https://news.google.com/rss/articles/CBMimwFBVV95cUxOcEVRckZ6NFRmcDd4bUJnNi1tcnBBbTZEeDJNbi1PX2xxMFJFTWd2NFR2QTRJTlEyTE43dTUwMTlnTjRvaHh5QWZkbVVIVFFITDAzV1R5UEwzRktGcUNWVjFKVUdPWDJKM0lhSU8taGdHWlFqVXBrV0lSVEpyOVhNZGxSLVd2MlloVFFJbVprVlBndzNqUlMzZFJOZ9IBoAFBVV95cUxOZDBHMmNCYjhtbTlCV3Y2RXlTcHFUUlo1Sjl0SmRoOG1fS281YTZnUXFhTGR4a0lXUkFUTVRPeF9JRHdJaXRVY2k2SHo4TzJBc1loRUdNcmFoeHI3NzQtU3A1SXVieE9ZZzRCZWwtMnFZSTViUGQ4ZHBsQ1l3UDJFYmx1eEV6NGdjMFRaZ295UDhMd1l3Z2xBWGYtWGplUno1?oc=5","Fox News","US","1778230816000"
"Starmer Vows to Stay On, US-Iran Clash, More","https://news.google.com/rss/articles/CBMilAFBVV95cUxOOEI4cnl2bEx4X2IzbWFIYW10LU1MM3BJbzRIUXRDZVIxQ0lQR19kWF9NdkNDUklnZ25Zd3RzSVlQV3RIazBKS08wNzlXdUczeDBTQ3BnVmdFM3ZIczNORkdKOGZieXlFWjVLSWZ4clNYWUhhbDY5bFpOaVJ2V0JWeVJVczFISG5hU09Td2MxSFdiNTFV?oc=5","Bloomberg","Global","1778230687000"
"Starmer Takes Responsibility For Losses, US-Iran Strikes, More","https://news.google.com/rss/articles/CBMirAFBVV95cUxQZU12cjNuOFRxY19kZ1VqTGxqeHZWZGNmVFRIX2E5VmlhZmlCbWMyNnp3a2IwT1BncHdiTHR0NGMzRGtwNEdZQ2pYcFlyNGxRS2Y1dXBwaUsxS2IwMTdVRTZPQTZtLWpLamRHNVBKcUJfa1ZEc2xWRmVUekV1MXVJUUxqc1ZibzZacUgxaExVWk1QX210aEd5YXoyemR4ajVpcm1LdGRTdEEwWUda?oc=5","Bloomberg","Global","1778230581000"
"Did Donald Trump liberate the Iranian people ? Iran on the verge of economic asphyxiation","https://news.google.com/rss/articles/CBMitgFBVV95cUxNMWhmcUVycFJVUEFwNmN1RW80NFcwSjlNMDY2Z1RxSm5nbG52R2tydmtXcVhQRGtxcGdxMFZrcDQzU0QzVWJFVVk2bkhJNHBCQTVmbk94c0JTUVh5UzUzYndkekpnSGEtbVdlemNvSTZkNGZTT1dqRzNrcGJxSHl2bWkwT0lmWnE2Y3ZMd0k4US1XOTNSckFUWWhjZWpMOXhuSFlGQ0dZOFJSamtJNmtGdF8xUjdRZw?oc=5","France 24","Europe","1778230180000"
"Gold Set for Weekly Gain as Markets Focus on US-Iran Peace Deal Prospects","https://news.google.com/rss/articles/CBMiqwFBVV95cUxQZndndEdBbE1vSnR1RUhaVUFzeDFwaWY4SmZpUlZvaXZmbk9iSV85eEJwLWJKZlJlald2c3MxNlVWSmk5NkRRLV92aXF1eHpNRVFEYmY0ejB4MGU1bm16eUhTWVVVVzQxTEg1NTlwU0VFamtrNnhfWHVOenRZdEc1ZnM5blB6ZF9oMkhuTHAxWWxRS2x1S1VUMmFZNVBTdUxzbEVfbWR3emNxaHM?oc=5","Asharq Al-Awsat","Arab","1778230179000"
"Video: Trump Dismisses Iran’s Strikes as a ‘Trifle’","https://news.google.com/rss/articles/CBMilwFBVV95cUxNWnlvdElNWV9DOGxEbkxtTGRQX3lMTnVETWlSVmFwc2JIODZ2SHZ4d2M0ZDNuakpaOUFLVFlWSHdRaEZHRUpOZFAyZ1c1ZWdpR29IVlBDRmc2ZE5UckFOV0V1U2FtaU9lbnZxNnBPS19PemYyYUJlanZWWTR2Z0lGZnRuV1R4eGs2ODFZWFU4QmVOdXZJU2V3?oc=5","The New York Times","US","1778229994000"
"Urgent: World food prices rise for 3rd straight month amid Iran war impact: FAO","https://news.google.com/rss/articles/CBMifEFVX3lxTE9HOEEwZTQ1Vk1PRVJHZ2xodmhOeFNVaXd5OHNsWmc3NnpNV1lTMjdRdW5Ga2xuMTVBcHdHWGtERmxlQkx1M3NPNHhncWc4YlpRS01sNlVKXzhsTFVKbThrQU5pWjJlcUNycnhUd2ZJYnFXSzlPUGl6WjlvQU8?oc=5","Xinhua","China","1778229739000"
"South Korea begins probe into ship fire in Strait of Hormuz amid Iran dispute","https://news.google.com/rss/articles/CBMixAFBVV95cUxNcHQwRDJpYkdGLVI3a0l6UUkxeTZpQm5OSDB4MEo3OXI0WkdjamxxUGFzZWdKT3FuYkRYc1dUMF8xTkRfa01oSlkyMDNtck1jMFg1OTQ1UGFkZWxuWkNEQXE5ajZjZ3FQVkw0NEluUjd1ZXVJUTdqUWhTTkpZeXN3RC1POUl6NmRMZ0xkZ1NHMXlQdm5Rb0xJUVhSenJwWExTRjQ1VW9tQXNjbFZvTGJhS1lMVUQzZUQwMXV0WTZfWGtmTGhN?oc=5","Reuters","Global","1778229609000"
"Commentary: Hormuz Crisis Fuels China’s ‘Energy-Yuan’ as the Petrodollar Fractures","https://news.google.com/rss/articles/CBMizgFBVV95cUxNMTREbjBNYjdrak5uSDl0dm5pTnBnMW9KWlRmODBuR3JJWmh4bnctbldzM0tVaVFnT09pYjNYaU1hUGxuLTNvQzJscmlPU2lNQ0VwWFl4V2V2SjlzeHBXNnY0R1AxczBGZXpxSkF5aXNsY2k3VzNWcUphWkgtZWE5cnFtaGxBektvWFlPZ05KTU1ZazZXRE9vZTJoWEZOYmZnSGxveUJPRGJKY0NyRzY1VDM0d1ZTS3lHQkQtWEU5djctNFJEUG9iUDJuUElIdw?oc=5","Caixin Global","China","1778229600000"
"Iran can withstand Trump’s blockade for months and retains 70% of its missiles, says US intelligence","https://news.google.com/rss/articles/CBMiowFBVV95cUxNNW95cF9qS2szc2VwYzlLTmV5a0JwMGRILU9WazZqM0hoNk5XWG5ob2tPUGJiTWx1ZzV3QXRpRmVlRWRISkxvWFRCMXhxQkhjM05QMzR5QlBlOXdqeGNaM1hUS0dRRjh5VGI2WVlLSWRKN0NQYXZaRTlTOHowOWI2M2hYNEp6cHk3Vk5jMlZxUW5WdkUzRzIwWjJSWkhYLW5TaDJ3?oc=5","The Independent","UK","1778229480000"
"Three IDF soldiers and a civilian set to be charged with pro-Iranian espionage","https://news.google.com/rss/articles/CBMiwgFBVV95cUxQLU12RXBHck9uYmVFVWtxM3h6NE1WTm45U0RQeWZ0b191Q2lQOEpIRVhrUXMxeVVVWXVxZUVvbjJGMmlBZ0ZTaC13bm1QTllIMlVVYnJLUEU5dUpWUjJPRFhIVWQweldETXYwU2xWSE9XVlJLMlZWc09TWGk1RkVNM0NCei1aNG5Hbmp5OHpRVFVSdTFWNGtIMGY4Q3kxdHI0M0VTVHNPbnp1U21COExTYVRFN1Fjd3BuR2ZFVy1ER2dWUQ?oc=5","The Times of Israel","Israel","1778228811000"
"China confirms attack on oil tanker in Strait of Hormuz, no casualties reported","https://news.google.com/rss/articles/CBMi0wFBVV95cUxPSFc3LUoyc2pjTThUSXUtci0wZXIwREtYaVNMT2JyQWpjVmpOQ3VBLWk5Ri00V1phTEJ2Q2tXYUl4NjNlb2RxZlNETC1kM3dIVlIzVkVveXl6ZnpUY0NPSmUwOThGa0RITWhuVW1CLUZmR3M1VTgwVEw5WlVCVnhId2I0bWNYb3M5ZF8wellEUU5pYjEwNHZPLUh1Y2k2Y0FraHFobGFhMnJiSFlqODJIUEdOMGlZNVhYMW9BVWZhOXFHY2VlSi1rWHZhcnY2Yk5LYlU00gHYAUFVX3lxTE1QdTlXVldOcW5vX0RZcm0xMTBsUFBocUJVTXVFVkRMVWpUbUpfTl9QV2plUC1Rd01qenNjSmJnSFNXSGwtdm5xdkxQZ2drRWJyWHhmMGlFM3dkZXdCQlQtWWNaODlabFROM3BHRGppdkpjbmVjeFNYQTJXdG8ybmw2b0kzN0ZrOXlBbTFsUGdKZzVxeHRRT0k0M2xJVUFHdlV0SGVRV2l5RzY2X0pFeWxLX1Bud2IzakV5WXctV01qVEdzcUNnSUhjdEpYX05ZZlRHWjZsQkN2Xw?oc=5","Al Arabiya","Arab","1778228640000"
"Civilian, three IDF soldiers indicted for spying for Iran prior to enlistment","https://news.google.com/rss/articles/CBMickFVX3lxTE5DVmFqVjJEbEk5cjdCbnBpM2U2TmxPbV9KSzg1SkZqeWtRUHB6Rjh1dnZhMlU2S29pTjR3NnJfTmtoNXpLb1piQ2J3dE5aNU1SMDVkSnE3S0tqVE1JczNKWGJoQW9KREQzcVhzajd4a2lPUQ?oc=5","The Jerusalem Post","Israel","1778228530000"
"Trump brands Iran’s leaders ‘lunatics’ as US and Tehran trade strikes in Strait of Hormuz","https://news.google.com/rss/articles/CBMirAFBVV95cUxQMUxhSXc5U19VQTg2c0hBNXZLMTU2NWlDMDBJQXdpN2FQU3RTTjJUaENiRExjX0d4NFRRMEZHNjV4c0FMU3JJZDVxYTM5MEhnN2taS21XRl91LWEyaVZjVkVrMkxTd09JV091bUlTaG9hazJoeTdwaUFwbVI5eWJyTWJUZHlDUndSVTd1VHVMbXZrYlZfcjF1enlXc3gxUm44SGZ0N0RUbDhjODFI?oc=5","The Independent","UK","1778228400000"
"Whose Wings Get Clipped When Hormuz Closes","https://news.google.com/rss/articles/CBMigAFBVV95cUxOYjJ6Y3hES0I1RWJMVFU3MXh3RlJVWno5VEJ2blUtVm9oV093YVNOVUpZUm05dDZXaXRISW1oYjUzWTM3enRPbEFHUDlQZTUtTjJmVHdUTER2QU50Mk94VUI4LWFDbkp5ZUVYYkJ3SkZUX0pLVlotX1FaeXRtdHFOSA?oc=5","The Times of Israel","Israel","1778228220000"
"Oil climbs and stocks drop as Strait of Hormuz escalation threatens US-Iran truce","https://news.google.com/rss/articles/CBMiekFVX3lxTE5xLUkydFJHTmNPUUpsQ3FOQWlRc0dvVEI4LXJ4TXZxN1JXM1BEMnZJX3AwSl9zRmhuVFBqVjZfUmVENFNHbmFaN3JvZ1I3dEMzYkxwb2lBT3pPS2FnMk9FRERFcWRkZzc5NTJmQ1lNZ1ZPOFFJLU93aXdn?oc=5","The National","Arab","1778228193000"
"Euro Little Moved by Trump Tariff Threats as Iran War in Focus","https://news.google.com/rss/articles/CBMirAFBVV95cUxOM1AzYmswTW1UeXlHS2hHRlByN3UtLVNFRVY2N2dKUzNKOGFENGYyTVgyTkhTOVNWWGJVbmt0MVpaMHZzdnNoWGM2NE9MZVF3UVRfQjA1SzFFdEM3elB2LUtGUHA2RXo3U2NMaUlORjhlYjZFc2dkZFFaUFBwRjB1TGRjekZfakMwVS1pT1h1SkZObmxDa3BjUFBpZWlCd1RfUnQyUlFZSENNOTFT?oc=5","The Wall Street Journal","US","1778228040000"
"Iraq denies US claims deputy oil minister helped Iran evade sanctions","https://news.google.com/rss/articles/CBMixwFBVV95cUxQM3haaUR5cW1aRFp3eHhUcFBzM0xuUWRMQVJIWXlFWUg5YlRXVkt1cWxjbVNGSWlhUUhFQnBZYVdScVhvTWViRkp6SE04RDRmUEFMam9aOGdKQ1J0dlY1QmJ3SE1WajVISE5fRFhqeHlXQUZ0bHBRcHJzaEhfZjJFWHF4UnRJTzdfUHljUlJ2Q3VXQ2QyYVNZOExwVGNaV2w2d1lJbkNlQ1NNZ2d3NW5JRWFCRDJtdkJSeUhRRGdVT01nZmxfLWdF0gHMAUFVX3lxTE54dVREX2wwZ1c0aGRSdzk5YWFiN2RZVlNEM1N4VDN6Q1VkTTBsaUFMODZQNTZsWm5uQTVmekI1R09fOGp0UVpMc1BfU2s5OFo0emhOdmRpMmYyOGQ3MlktZXVEeFYwLXJoMndRdXlnTExad2JoVjc4N1Naem1oU0NaMXk0MEo1c3pteUQ1NTJiLWswaEZ2em5ER203Mm5zVXB4ZVVQZ05UdUI2a2N5emw1WVcyNjlxZ3ZxVk8wM3pER0xaM0VqZTRabmQ0OQ?oc=5","Al Arabiya","Arab","1778227860000"
"Iran’s latest bid to control Hormuz: a quango","https://news.google.com/rss/articles/CBMilwFBVV95cUxPdUtsZnVsa3RWS3EwWENtZ3BuVl9SYTJ2U2JiWWJjRVRHOHJIQ2k1YV94TUl0MHN0bHl2U3BIMXpudjJrOG5ubFBvYWJ4NFR3c2J3ZTJ3X1h1U1BEMU1CajRzTzJVbEM4NExXbllYcUJUaHJ4SWdvcXNVaGwyb2lWM3ExT3o5bFpKRTI0QnFSbXFud2pKSjJV?oc=5","The Telegraph","UK","1778227200000"
"Food Prices Rise to Highest in Three Years on Iran War Costs","https://news.google.com/rss/articles/CBMisAFBVV95cUxPTnNpQ0pMOWhDRE1EZTFTbVdrMWU1dE1PSy05eEZYcjFpQ0MtUnUyVEY2YThlbi1VVWJETEVTSURkX2ZfZF9SM0U5WV92SC0tdDQ5OTZkSFJoWGpXeUgyY0g3bXY4RmlyMDJzYnFaRUlJMVVwaktJNjROblR5cDJfQVNicWlCQzQzUUNocVl4VXNYMzBNdnktXzlOVjk2bC1LMk02Y1FGUjVMcE02cWtEeg?oc=5","Bloomberg","Global","1778227200000"
"ASEAN leaders meet to discuss plans to ease Iran war impacts","https://news.google.com/rss/articles/CBMimAFBVV95cUxQSE5oMXZSTnU5MWlNRHVORkJ5WjlSVzUxYVV2LXZTNVotV08teFdRR3B2Vlowdl9BNS1kc3NwbFctcjRNTnFPWGwxdXN1M2NtT1N1OFg0clRzUVBWdTBQeEtVNzRjX3VtdFE0XzcwM29WYlU2b01lb0N4SV9SQUUzbkc5dklucGh0LWpEYVRrS05lNEZWckF0WtIBmAFBVV95cUxPVjJ0MFhkWVZYWlJVOGt1LTA2NU1vQUEwUURLdXo0QnpzaWlZYzc4eFhyR1E5VXYyTUhWM1JQbHlrSWk2UThvUy1NcDNIeTdjNFZxV05EUTJoS2MydkNmM3V5RnU0Yzk4dDJZRHRhbzU1UFRHV19IQmdJSkRfT3ZmTTAwV0NGcG9scGZaX1YxTThPTk5TQUJtNg?oc=5","DW","Europe","1778226850000"
"Iran war briefing: Missile attacks on UAE with ceasefire under pressure","https://news.google.com/rss/articles/CBMimwFBVV95cUxNYUJCQkNRZ25lbm16SnlkRWVyN2dvZzBqd0xpWHdCR1V6NFg4N1ZHSXFrd1FrRHh3azI5aXNVLU9jSVUtVDV2OHA5YjdGSFg1ZjZKWllhTjZoeTN5MENENHpBWnFlaW1paWZsLUFicHdrRXUwLU1ULWdxeUJkbFRkSDNPZXplVkt6bm96NVJKXzA1eFl6bE1vRnRRSQ?oc=5","The Independent","UK","1778226840000"
"‘Bared fangs are not a smile’: Iran Navy repels US destroyers from Strait of Hormuz","https://news.google.com/rss/articles/CBMi1wFBVV95cUxOazJoMERGNnVULUZsV3htekp5bjF1RUU5cDdDR2VQT2ZtU0hvd2k5b3FtQjhHekRNQy1ScFJBTnRlYnQzbkQweE9ILWZYU3hLa2xJN3pRYTVNZVVWbUNWTHBMcmFjMnpabG56X2VHd2ZFR0xBSUg1TTBKVGFKaklrS1hsb1B6SHlBeGtYN2lUc0x3OGhNbWE5amFIVzNXZ3hRdHRndGlQYWpqWjRwZWNyUmI1SHEzREc5dDdRdGpETkdCaWpwNERxbWlyY2Zjd25rdGxhSVRNQQ?oc=5","Press TV","Iran","1778226600000"
"Rubio set to meet Italy's Meloni as both sides seek to ease frictions over Iran war","https://news.google.com/rss/articles/CBMivwFBVV95cUxQSlE5ajVYSXJJWno1NFRYN3RITVZjN0NpREJ3WHU0dEg5WlU1MkYtdW1lR1h0MXY2ZlVEYjBQdUFhMUNuTGs3QVVHU3FXMzFQV09PdHBBQWFsdVFPMEpJVWdwNnNRZzE3cXM5djc5czAzbkZ6bDR5RGlhOEloX1BELVdjMlNVaXVNUndmejYyVVBGMjFJQ3c4ZzNhZ0M5bW9fX1FnZFhoeFdnUHY3bmM1ZzV4SzVpcENCbEtMU08zNA?oc=5","The Washington Post","US","1778226162000"
"South African rand gains on weaker dollar, optimism over potential US-Iran deal","https://news.google.com/rss/articles/CBMiwgFBVV95cUxQTVlFWC1YSGZlaGpoQUVzaGhTRUwySk1rbi1yQkdmZ2ZHcnlhSGxHVDNTb29oYXJ0VHNEVFdSUDNUbVpUbGR4eG8wSlFRZFJiOUhhakVLWG91T0hDMEY4TkQ0UDZyMzRDcEdCa2s0WTBlRTdRUFpDVy1kNWVra3JHbm9UZ1JtUTVjUGRnSEhRTmt2Yjk2cGNzWjlkVXNYTWstSldja2F0cEVZVGxjNk9Kck16eDVLalRoaWo0emMtRDcxZw?oc=5","Reuters","Global","1778226009000"
"Iran Turns to China Rail Link to Try to Bypass US Blockade","https://news.google.com/rss/articles/CBMirgFBVV95cUxPYmo1ZWhGdVlHLVg3YkNRbjhPbEFyZGJIeUxWbm1qLUNlZkg1c19fSlJvSC1ObnRQZW9OTzVPa2YwU1o5Nk01NzU1SDlGWWpSVHpfaEhDUU83el9FbHp0MWhPakQxVEpVWkFKdTE2a2xkeEpVeUxkcklWekNkOGtZeGpUeWQwcmlBYS1sbVE1YzhlclRvaFdRN3lqcU5XMjBZQUpiTGxiN05CSjFqVEE?oc=5","Bloomberg","Global","1778226000000"
"KAI TSAYE Yaƙin Iran da sauran abubuwan da ke faruwa a sassan duniya","https://news.google.com/rss/articles/CBMiVkFVX3lxTE5hRGhjOGV2aDVxY2FJYkhvRlV3elRqZExfQkRvLWttX0M2S1ZvQjB1eG5fSGFZVmNmdkNpbkZlejJLbGlkN3l5UGl5ZEJmSjBGWlF6MjF3?oc=5","BBC","Global","1778225905000"
"Rubio set to meet Italy’s Meloni as both sides seek to ease frictions over Iran war","https://news.google.com/rss/articles/CBMijwFBVV95cUxNSjF3WVZMdjIzSHhyRVVCREk5UlN3cWtwWUN1cEQ1aExTdG5GR3JNN0h5dGtvRy04Q1V5bjNjRWhjTVJzTGZfN0ZlMk5VTGt0Zlp0UDdvSFRyX2lac05XdjNFeGNHNlJERFoxNm82dG45NU9McHc2b3RGVEs1bVB5dTd5RzVQVHR6SXJ3S0U5Yw?oc=5","Associated Press","Global","1778225632000"
"US military says it carries out retaliatory strikes against Iran","https://news.google.com/rss/articles/CBMiwAFBVV95cUxPNWhXQkpYVm9IazN0X08yckgzT2pGNHA4OWRmZExOMEtJRmNuWTdHajlpRDdPMThiRTZqXzE5M0ZHLXllS0t0bHpTSjhRT24zeTZDYk45T1J5TGh4MGFqWl96Wmh3N1hKazVEZ1UzdE5CRml2WG5JNWJ2Y3c5aFF4RFF3VF9VTmxfTE9mVllybDRvQVB1ME9mY0hEOG9fRGw1TnhJSGl6cGVjc3VmTTJOWXo4OURKTHhRajExMS1FLUnSAcYBQVVfeXFMTm9LdHNZMklRSnlfTFoxc2NSZDluVldLRFRZVGV5Ml81VDFjdlR4Qi1BR2wydzY0enZLM1VrWXNjTW5EZmFmYzFUS3FGN0l5d000MkdYemNNcjJRS0w1RTJaM1NRMFYzQ1Z3WmlIVDB0TlBkdHVEYlBjSEdTS0Nwc25YMThVNTJPbWNYbm9jNERvb3hBdFZZX3lnSTlsamg0ZkJHSThoQ2tQc3hfTF9TVUNuclplVlRVNUVXMlVOalZMeU1GSHhB?oc=5","Al Arabiya","Arab","1778225580000"
"UK house price growth forecast halved as Iran war fallout hits housing market","https://news.google.com/rss/articles/CBMiqwFBVV95cUxPbF9qNUdXY2xtOTdsZ01ITWIzcmZwSjBIVWdWYmlYRzRaUUZzczRYbjhORW9yRzFHaGhFTHF2OVg2YWIyemNIckMyN2MtT3oxVVVydjVMSUJnekNFU3NIN18wdUZWSXVGdTc1NHJlNjJzVFhqVmdfSC1nN3MwUkhkVkcydXIxamtWeC12SGJ0M21IdXhnQnBobG9CWUpvLTRYRkJZdUpwSWFkTEU?oc=5","The Guardian","UK","1778225520000"
"Iran's internet blackout enters 70th day: NetBlocks","https://news.google.com/rss/articles/CBMiiwFBVV95cUxNbkIxU01rVnVPZnV6bUYwVzZ2MWxLSEVrS0h1dGlFeXB4aG9sX1g0cXFlMW5QOC1DUG5wN29nTkRNVWwxNmJBRVZmUnBlYUxvNll4QUhidllIOU5UYUlfdzZrZGlobk5vQXZabmxyNFhrVzF3U3R2VTFjSXBOS3gxLUZRYUs2X1luNjYw?oc=5","Dawn","Pakistan","1778225505000"
"Iran da Amurka sun yi musayar wuta a Mashagar Hormuz","https://news.google.com/rss/articles/CBMijgFBVV95cUxQa2pSM1pjeHVnbEpHbGcwNG1OanloU1VfTk1DRC1JOEREWVpoRkRWMnhRLXFEc0RoVWwxcXN0LUVNOVphcjdfUk42cER3X1BSTkppbDBLS19pTHI2djluU0Y5NkhzUk9zbDFCRlV0TFF5WFVDdTY4RjZsV2gzM0Uyc1U0UHdfNGtmVHdnNkFn0gGOAUFVX3lxTE9fWlN0ZUdPREE2MVNkVnpmb1Ntb2JyTmVFNlJyOGlveU9wcVdrSUI5S3M3NGxFdDhJdlQta3JYV3J2OUViZnFjZ2ZFMVVQOEYwaU9FSzlLWVFPN3pRRDFXQlRTc2hORWIzeXAteU0yS2FZelU4OHRHb01oU1FZelo3aE1sR1ZlN1NvZUYzMVE?oc=5","DW","Europe","1778225361000"
"Southeast Asia’s leaders confront fallout from Iran war at ASEAN summit","https://news.google.com/rss/articles/CBMiswFBVV95cUxPeTh6MmRWSTdmLU5Uak81NnRHUWNfWnYwYjdkd0ttWXRnS1lNRTAyZ19XMjdzWHFFNUVYM2I4aXBPWXZYMlM1R3pvNHhTbkJDWHA0dHV4TW53Tm10N0hYSHM0TTFKMEFkQW9ianV5UUo1MTRubHJCMGVRS0E5SUl1WWFBUVpkd25DdkFYeURsTHB6RU9JWHVJQ005WHh6UHJOamxTUGZfT1FnSE9Hc1NaQXNZWQ?oc=5","Al Jazeera","Arab","1778224425000"
"U.S. and Iran Exchange Fire Amid a Declared Truce","https://news.google.com/rss/articles/CBMif0FVX3lxTFB1RWdobm1aLVIwaTlTTzFoMmhVMzIzdDdiX0FJRy1Ud1ZLQmpBTmNidzBOUnlCQzdORFRUTjBDRzl3eWE2dDhfOWFybEZJUGRlcXh5N3ZUMnV0dVpYVDNqRzdzV0REem9CckpYUTZkRjFWQkZmaF96UGZaVEZ6UGc?oc=5","The New York Times","US","1778223960000"
"A lack of comment on Iran’s recent attack on the UAE shows Iraq’s self-imposed isolation","https://news.google.com/rss/articles/CBMiqgFBVV95cUxPRGlndzdZU2J1bTFyNGVrMjE2bndyYWM3WU4wODlqSkxlOF9DbVg3Z3dlQUMwMkpScjRlVFZ3THROTnFBMERubG0xeS04VGt3RjN6U19ENkFVemZIejNsWkJhdE9jd0wtOTJMMjZMNUJFcmZleHN0T25KMVFSSXQtM0s1N3RVV1NWOXdROWR6dllfNW5ZbFJYR2V2NjdUa3NSZTlLNWlZRkx2QQ?oc=5","The National","Arab","1778223847000"
"Jimmy Kimmel mocks Trump for Iran strategy that ‘mostly consists of flailing around’","https://news.google.com/rss/articles/CBMiwAFBVV95cUxOWG1ZSlNDblMzanIySE5oaTZzOE5YdXFtdmdtSkhtRUx1bnpGd0c3RXV1Vkp1RTY0aFBsT1hNUHNubk5BajAzd0gwS3ZtUnpyeDNBOG5SdHJNWGlaR3FJdHR0b0tkcnlnVDQ2dHFyeUtRQmlXWU5kVUVvNXlQc2t6RFZmWkFWMGVlZUplc0NKRWRUYmd1V2VkUEhzdXktM2djczl5VHNkNFgxbGFGMUdQNmp6YkdERDhrbEt5LU8zSmM?oc=5","The Independent","UK","1778223840000"
"Iraq denies its deputy oil minister helped Iran evade US sanctions","https://news.google.com/rss/articles/CBMisgFBVV95cUxOXzZUaUZSRjBoLTdENHBXcHg4WmttMG9rU0pDck9pUjQybkRPWDkxVHFjZGpQbHdiZmhfdk5jck1ZRmlVdkg3REJ5TDIzSFpRcjdMcF9wUU5mWWw3TUZSVXBVcjBRbEhYNTVMaHRqR3RjcW9aTnJRYllhZGFJR3RuV1Z2MlV1ZFVaS2dyQXVvcUJaYlZ3ODdJQURFU29sNWZqc0I4UF9xcHF6LUZtT0t1OEJn?oc=5","The Times of Israel","Israel","1778223479000"
"Farage Racks Up UK Election Gains, US-Iran Clash, More","https://news.google.com/rss/articles/CBMiogFBVV95cUxQNEIwbVQwRzFIXzliN3QzZ0ZCTUwwdEk1cm9PejhheEYxRk8za1R2bGE3aHpXRmhrOGZ0d3BDQWt1c3UwSnpYLVlBa05obFNFVmhqcVdxd2tpX0hhZ0l4elBQRTVHenh5WERWSTB0bmhmWV9FVUMwOU5sVWt5ZGgtbjVraXE2YlVLeW5MaW1oS1ZjQVlYc0UtWTI3cDZlTmZ2SUE?oc=5","Bloomberg","Global","1778222760000"
"Starmer Faces Wipeout, US Bombs Iran Targets, More","https://news.google.com/rss/articles/CBMinAFBVV95cUxOSXBPQjNLRVZPTHk5Qnh0a0FrejZKVHVrdnB1d3hMcV80b05SQXBPakxQeS1XZE9hUW1FMlAxUFlwR0FLamhCa3lEWVlfOE1JNnVtSzlXbElTMzhja2FKbU5MUjdYTG83RFBTVERwcDlpRW5NQXdDZWdtZS1udkc2VFBFaVhsckxNdjBLa0pvSXktMjA2dDh6TVZyam8?oc=5","Bloomberg","Global","1778222700000"
"Iran war day 70: US, Iran trade fire in Hormuz amid ceasefire tensions","https://news.google.com/rss/articles/CBMirAFBVV95cUxNVTczVHlnVjF3YVZaT1NHZFpIakZpYU5lUWZuMTM3bU4tLWpZYWcwRHg2TWg3OG1hODNXN2FMa1lqVXF6TmNjbzl1VlY2U3RxZWNVNzJkYUZVeDlVd3ZyN0tSdkN5OWowZV9fUGRxSVNpUU9EQXhwMjNkOEtZOGlqZGRqaDQ0SGZSb3h5bU9MeFVzZWluT3ZsODY1OXg1Sy1XSHVieDVVOC1FX0hH0gGyAUFVX3lxTE9ZeGJTeGQ4R0ZvNjU0b09ONjZxVWVSdHJ2Vmh6YVRZeWtMTEhZODFNUTlIWUhpVWMyanFqT2U0dU9uOEdtM0JsbVp1STVpd1djNzVUXy1xYzlfSmdFR3RZay05dlJaaWpqTUxyZk55aXpGdDRnTHZBX1J6NXV2dUtMenlpUkM3UmVBbVQyM3YySGZxYkhLR2JBSFFlMXh6cURaenktNnhURWZUMnA0Z3BIQWc?oc=5","Al Jazeera","Arab","1778222138000"
"Oil tanker that passed through the Strait of Hormuz last month arrives in South Korea","https://news.google.com/rss/articles/CBMiywFBVV95cUxQLWNVbE9VSk15cFBzalBybGxXa3BPempxR2F5TFAweUFmXzgxZ1RyWF94UjVHZzQ4aEZPcFdJalVOQnE1WlRpN3JMYkV6ajduajhpX0Q4c19LeGExN05IV0ZZQnlUS3Jpb2pTYS1YakJsclR4QmwwakZ4TWRHajVZaF80NnRvTW1adExwdnU4UjhYdFl1eUtUS3FoM3dVbW55WTRKSkxjNmFabVNqb012eURoeTlYRmwzX3FtaEpzZmItcFk1TjRNOHEzbw?oc=5","The Times of Israel","Israel","1778221975000"
"Iran starts reconstruction of B1 bridge after U.S.-Israeli strikes","https://news.google.com/rss/articles/CBMifEFVX3lxTE1OM25tNDRXRUs0RmVlWjdmSXliZ253Yzc3WnBpaVVaSDhEZzlaUy1lRzd5TjdKWk1aSTg2NThoQ1NBR1c4OEdWQTloUFRsVDBQek1YWGdGbnloVllYWGdya0NmX3Rnb2s1VzJrakdsVHpWcmk3MkxVRm1RbFM?oc=5","Xinhua","China","1778221936000"
"German Industry Slumped in March on Outbreak of Iran War","https://news.google.com/rss/articles/CBMimAFBVV95cUxOT00wRjRJT1lGcHFxNnJwYmdVeTVpc1BpeTAtWUN3eEUycWJOSmZPN0h6WThaY3R3aUppa3V5U2JYTnNoZWlYcFQ3NHM0c2xWUUZDNEhBZS1xUnR6V1N1M09USWEzREYyVzgxNnpORXhsLVo2bkQtVjF0OEZMbTF5ZGRBUEVTLUQtdzVpSFU4Y28wWnpVcVNjQg?oc=5","The Wall Street Journal","US","1778221680000"
"Trump says Iran wants peace deal to end war in the Middle East ‘more than I do’","https://news.google.com/rss/articles/CBMi0AFBVV95cUxNb1l2eEJ1N2pabHV1dzRNclpZUEtUS1c5Tk1Wdm1sMnJ4UURIdlkxMXdteV9ocEptTXl0ZmJuZ3RRN3N5elBla0JDTTRVb1N6WXlNcWtiN2tXamEwVE1MVlhLZWVXcVlYYUNjRlNDejVnODN2MWVvR3hQSk9Yc2NKVENKb0RFSmlwdjk4WG9DMTd5bndrNF85QTZiRHF0VmdGZHl0dm82V29wOVRkUHhWTUxWbjlCeDNYYzlVWGtQdUptZmFiMTdVRWRoNF81OWNW?oc=5","Associated Press","Global","1778221380000"
"Iranian media say country's forces exchanged fire with 'the enemy' on island in Strait of Hormuz","https://news.google.com/rss/articles/CBMi5gFBVV95cUxQb0VUcDdtQWdnTE1xbk9hb01YcGdGcDBOUnp3UDJ2SWVBcXdpWlpHWkZJN1F2bmVBUzVLS19HeGkyWVUxdnh1TXVaMzNCdnc1aEpFWlpZdlRnZjl1bDFuMjhJY09hb1VFUWZDMlpzYzc3ZTJqZER0WlRLVl9RSzBDbXZiUGQtaW0xWDAzQVZGb2JlV19KM1Q5b1YydkF4S2pvMUJuMUtGTmVIaWVvQ2w4S25sMkt2NnhSUzVuYVFwNWZpQlJqSnVFa3Q4RklQSGJ1TVhTcnpwX2JqYmV4WS13YlR3TC1Rdw?oc=5","Associated Press","Global","1778221380000"
"Oil prices jump on renewed US-Iran hostilities","https://news.google.com/rss/articles/CBMiiwFBVV95cUxQbUxSR2NJeVZmbE5kXzJ6MWFKU1UxSjRfS3dDS2FIeDVQY0RiM3RzS3Ntam5vMUtxNkUzVnpGYjRDU0FzVnV4MDlQNHFFLXRMTzUtN1lfalZmUm9sdTBYZi1PX01YdERnRURVR3Z3R3FPZmEta05XdjZnc1MwX2NMc1VBbU9kVmpIaG5n0gGTAUFVX3lxTE9SZVFoYUFWNTJWMWJYbVZzdnZuZGxWWW8ybXNWeC1veFl5Y0lmNXEybkVOZTVEQjA3M0Y4U2lfRGJCQnluNUptWmM0MVZxelgxWnd3cmFaNnNWcHZUNWZlMDZiWWNUcEpyR0ljMkN0TmduMVhxTmI1RU8yQ2R6YUlsenV5alhhMElzVUpyMEt0eHpRWQ?oc=5","The Express Tribune","Pakistan","1778220207000"
"Iran condemns deadly Israeli strikes on Lebanese capital amid shaky ceasefire","https://news.google.com/rss/articles/CBMiuwFBVV95cUxPS0NMMDg1YlFNRC1nUThpRmktZzlYSzZQNFVBQ2tJZTh2NlNWSFU3b19SeHZqRWkzeE80cnRUQXVkNFE3RHc2TDBqclR0YzdtNkp2Z3lqSWdsam9vMVpMQVg4Z2FDV19JR3YzRW5EckFSUjYzcGpIQXV2U3BDcl9mZVgxV0txRHNYMFVQRlU4anQzVXV5LTV5bTBqU1ExV05UMnBnV2ZVVmNnc1p3YXpCVXFyUHF0Yi03cy1V?oc=5","Press TV","Iran","1778220180000"
"Trump says ceasefire still holds after fighting between the US and Iran flares","https://news.google.com/rss/articles/CBMitgFBVV95cUxPN0lNVjdSMTB4UDZsX2FxRXAxeTR1NkgxbmIyX3NuWWJrUG16QWIwUGtDemVGcXBjQkR5cFNNX1VUZ2FGalY5Qkt1aVF2WHJDcnliOGV4N2xkc0hCMnpGNHRYN21DcHFYVXBzZG5sQzlncWNPRHZSNEUxQjFUWnpyNjFoaHhsWVdVVWk2bmZkZGREWjd4T05aU091WjREbkhJc2kzbURKc0RubW5OTXlWTmc1RFRLUdIBvgFBVV95cUxNV0NDUHE0elM1Wjg3S0lyem5HcVhCLTFoaEZwa21CWlZESXV0S1k2R0pSaHY1c3RROXZiX3FVRWwxa19FcXNFQk1KdkU4VTRHbTVaRzNDN0w5M2JGNmF0TUY3XzBzdXBMQWNOWk4yZWo5VVJySXlIQkNGRzFNZVBVbGNSbVU5YU8xbHZHNWs0a3k1YXVqZ0hPSVQwQlFiWHNXZmEwRUNZelBKYWlqaUp5b2JFQW5FYXI4MEowWkhB?oc=5","The Express Tribune","Pakistan","1778220000000"
"Iran warns UN about 'dangerous' US-Bahraini resolution on Strait of Hormuz","https://news.google.com/rss/articles/CBMiugFBVV95cUxPS0RWMVppcEJwS2Fjb2RmOFMtQUM0SGJDQlduMHRvNTlvRVpxa2p1MGFCaWVSVzdHYWdGRWcxU3RxVWd4UWJ6b25NdGRVelhKM2l1QV9wWkNILWFGbGtveWVPazgyZ3RxYWZBa1hLVnV5RUpXRnlRZHBCVlVhekNvSDJVbFlETThPeDBESWJNN01sSVBfNHhOVE9vY29HeWJQSUNWSGxxOW05SkVWSERUNGxjTko1d0dtcWc?oc=5","Press TV","Iran","1778219700000"
"What we know about the latest exchange of fire between the US and Iran","https://news.google.com/rss/articles/CBMiswFBVV95cUxNX0ppbXExa05Bc1J2b2hDLVJFVjctT19PSUZZajY3Z1BRNDlra3VzVm5TQTFLNS1KRTRZVzV3UmxETC1GbjFFTWdQb2x5UDAxM3JwSWR5Vi1WbjNkNnRVbHp5V1J5dms3Q0NuLU9XSDRKX1A3cld5aHRpYmNrQXJUQ3E2MEZ4ZDZTSlR3V0ltc0lpUnZqcWN6WDg0YTA4MnRobXdYQkR6YkFyWVFGaW1rdWk5NA?oc=5","France 24","Europe","1778219692000"
"US and Iran exchange fire near Hormuz, the UAE deals with attacks and Lebanon prepares for talks","https://news.google.com/rss/articles/CBMi_gFBVV95cUxNT2NibERWV0pOZmY0ZXhvT2YtVWFMTFl6aXF1Z2ZlQ01pcGdMM1k3SFEzbmQwSkFSOVJWcHE5TGZjcjdmMUQ1bUN6MFB0R0o3clBFdTRscXg5ZlQyc0NJMXVTeTBReUE5YUEwV0ppazFvRXNzSXcxVHVoVFA3ZlZsUnBpYjduaGVjenZORXdkX0lBOTdwUjZvTk11WW5BZGt1ZUZsUW94OGk4eThBVHkxZEFId3lrVzVOWnNnR0JIYlhVUTgyUE1EY1hVWXc1QVZEeU11eUhzaGE1TnZqdHE1dVpRM0JnTVNPQkZwaERyZEFWTVdpZzVoM2ljd1M2dw?oc=5","The National","Arab","1778219600000"
"U.S. Carries Out Airstrikes On Iran","https://news.google.com/rss/articles/CBMifEFVX3lxTFBCX1pyTTZnYzNSN19UcnpxeVowa0ROVVVuNmRNbXNlTHp6bVlRSkt0cnc2M2FwbmtEWFdIbU0wWkN4SkN4dy1sQjFPTU5sQURjRjlCVEY4UG5JUm1nS2RVS0F5MzBhWEIyazRfTml6bmZtOW5IVmJqY05LT1o?oc=5","Fox News","US","1778219107000"
"Mitsui O.S.K. says its vessels did not pay fees transiting Hormuz","https://news.google.com/rss/articles/CBMitwFBVV95cUxOSGhaQk4wRHRlWnlfWVNPbEJ0WUthb2VBeUk4MlFoSFl5cmJ1TlVwVFNvOVdKbk5neVpmWGs2emhDcnFyam5YOHJ0dXgyc0ZkVUNscW45dFZMaWJtYjZpVWMtb1BPb0dqVXpyRnh3Zk1EMy0yNGxsZW13OG9Hd3J4Q1lTdjIxZlhZUkc1Z29UYWduZzY0OGxob1JVUjNCaXZnTHdXVm9tN0w3U193VmpKM2lhX2M1ME0?oc=5","Reuters","Global","1778219040000"
"US, Iran Clash Near Hormuz as Response on Proposed Deal Awaited","https://news.google.com/rss/articles/CBMiswFBVV95cUxQZldGMEdCTWswY1VFZjNVN1ZiTEVGOTNjb0pQNmxwTlhCdDEycmxhQ1cyV0JhemhXTE5JNWVwRkdVVmZEZWhreEpuRnVPSGxNSTE2STdhOVFTdG82Q2dsZy11LUE4MFhxV1BkbU1OOHkwamtrQklFdF9JQ05UNkNqRlZhQ2REa3dkVG51SW5nRWxmZWNqRnNNUXdXZThVdWRrVlpOUGpueUN2RXBDOFRKeHowNA?oc=5","Bloomberg","Global","1778218980000"
"Does the US Navy have military dolphins in the Strait of Hormuz?","https://news.google.com/rss/articles/CBMiX0FVX3lxTFBiYVI2Ni1VWS15dDNfRjUtWU1VSlI5aDNQU29vRUZGSkNvc1ZIVWxfUjlJTXB1QzNzd0VIbWo4Tkw4d2FmalJoZ25Ub3JCZ3NrTlp3WTVBV2RRVkQ4a3Nz?oc=5","The Jerusalem Post","Israel","1778218889000"
"Iranian state media shows reported missile launches toward US ships","https://news.google.com/rss/articles/CBMivgFBVV95cUxOQmI5TW96RU83Y3pLeFFER3c0UFlVcTBfdHVlN3ViclplYlJyNzk2TmFDa09TSlZEUkgtSFlKSlJHdW5CMHBuaXhRV1VXZ3RYWHBsOENMeG0ycE1POVJ3SW1NUU9uT0FCYnBjY0locURqbUNrN0ZFM0tOT1RpWV9WM2tmanVEUTA2aHZWVlgtQzZOTUx5a1Zma05tY2FzVDdJNUhTNUQ1MmwxREVvZW85ZmF6bTMycUQ5ZFZkUVFB?oc=5","CNN","US","1778218743000"
"Iran War: Cup Moving Toward the Lip?","https://news.google.com/rss/articles/CBMifkFVX3lxTFBhN1dqZngtSmV3WXZBaE1yNC1kUjBzcWJYX25CTkZiQmNLWG5mVE9ycWNuNXA4WE5VRjZtM0dZNXV1enNIOEY4OEQ2eS1ZeVR0UUY5WUJXUkFMWjV0NkJyU1JVS0VxUE0zV1NxMS1sQmpLamM2ZmpaamV1MnM3UQ?oc=5","Asharq Al-Awsat","Arab","1778218396000"
"US and Iran exchange fire, but Trump says ceasefire still in effect","https://news.google.com/rss/articles/CBMiZ0FVX3lxTFA4TC1teFhWTTdJd2o3SUNhbEdFeUQzM0g3Vi1rdUxGVDdNVlBZNjI0NDdveHJ2MzJ4d3V0TWV6Qktqc3VSdC1fdUpPQ0xUTXdLVk5taFRpNUNzWC1DRnJ5VWFXeW54dG8?oc=5","Reuters","Global","1778218268000"
"Oil prices rise on the back of US-Iran clash in the Strait of Hormuz overnight","https://news.google.com/rss/articles/CBMiwgFBVV95cUxNNHBBOXVOeTE0ZDgweWF3OGNNWWJVSDZZRVFQd2VRbUkxR2dvdTl6R3RzUWFnMVlnWVdRLTBMa0kzMFFhd2tEVklwX3k4NHhsMzA2aDNvNmppem8wcUJncEZkWTdERDl4R1M1Q0RLaFhxTXhzUUdzSUJKNG5lZm9ETGxMX1VoeDI1MUliQU1DT0tGSnhEQ0I4UHJDaUZlOHl4OFhSRnNXRkZCWXBNUEJSOU9yLThHSHFnNU1HRnV1R2pvQQ?oc=5","The Times of Israel","Israel","1778218079000"
"Oil Prices Rise as U.S. and Iran Test Truce With Military Strikes","https://news.google.com/rss/articles/CBMidkFVX3lxTE0yNHJOck9ubVFya09hNFFNSGNYbTVqdl9tOHNsVjJNMXlCSkNYdWNBZUJVamp5bUhUekxNM3ZZMEwwb2F1dkxsMHZEOWRKUHk5aGp5SnZzWnlRZ1lrX2U4R3ROdlZqc2dRZDN6aUxPZFFNMUF4WlE?oc=5","The New York Times","US","1778217636000"
"Toyota sees 20% drop in annual profit as Iran war weighs","https://news.google.com/rss/articles/CBMitgFBVV95cUxQSmpLMVc2WnQyMWdudGxDV2FFdFhmX2xFTXM3a2ZhNXJsZUoxUkR2Vm9WZG9JUGRycmFZbEZXQzFqRFRnSGtjTzZmT2ZZNm5oU0dIeE1JWm9qTklYSnJYaVlWQUk2Mm01bFYzOHJwT0NmSUI5bFgzcHdkejZWX1luaWdQbWlwZzYzS1Z1VkwtZy1rUm9jRWc1X2xoRFNzeUF3d0pTU2dScG8teURDVkhacktjdXNmQQ?oc=5","Reuters","Global","1778216880000"
"Oil Jumps, Stocks Fall as US-Iran Clashes Spark Peace Talks Fears","https://news.google.com/rss/articles/CBMiqAFBVV95cUxNUEV3WU1iVXZ1V3FOSEhKQVNRXzVOTGsxUm9DblZ4bHFGRHZfQ0VMaW1NQXZFYkZjMDYxOW5VR2Y2RWVWODVCbUJVSnNhQThBT05TUlBxVzROM0cwdkU1SGwtY3VWYS1tcTljYU1oV1VLTTE4clNCNmJ0d09fVUtxV3dWR2hETlZaN1d4WlkwNmFRSGdPbm5tb2w1eHY1ejY4VXBkX0Fpc3U?oc=5","Asharq Al-Awsat","Arab","1778216665000"
"Iran price shock highlights limits of inflation-linked bonds","https://news.google.com/rss/articles/CBMisAFBVV95cUxOV3Fua3dDd2N1VEo0UGc3WkdvTmhpbWNEQnNrUzNxV05tSzY1ZHRYeHBDaUp4Y3AzSHl1WmxtTXNhMkM1cG81RXZRTHhLOHNRbmFILUJicm1ZNVNqeWMzNEJTeXhDLW1VbU1RRUlLSzA4RC12d1Z4a1h5aFpGTy00OVJIRHNQMXdmbGdRWUVRRE1MVnFUS3lDODlBMFRYYmx1NWJtVmRSN3RxbUtkSklkQg?oc=5","Reuters","Global","1778216640000"
"Toyota Issues Lower Outlook on Iran Conflict Supply Impact","https://news.google.com/rss/articles/CBMitAFBVV95cUxNaVpCSGo0RE5UeFRTNXhFeFB6ZUVNWjJWTmxVLXMtUHhSY2VOeHFGaUdPMC1UanNuMmI0YkNjejhTVWJZb3hiM3B5eGE3OHlRM3hMbE9iOHY1bmhON0pMTEZsTXllX2JFQ1JoVVJJd2FXT2UzSjBjVEtVNF9NcVBMc2M1RkxRS28yNkk1RzJKa3lVWHV0eVF2NFpfU08tTmhrV1M0UXFGSE9OVHZtcnhtaWNQSHc?oc=5","Bloomberg","Global","1778216460000"
"From oil giants to banks: The companies making billions from the Iran war","https://news.google.com/rss/articles/CBMiWkFVX3lxTE5PSEk1eFJGS2pmM19NUm9lZDRKVkN6Q2lYT1NjZGVJZEEyTkFVMk1yOUY1Z0l3Nkp3aGxzS21TY1pYUFZsZzhuMFY2bGdTRkFveFdrSkxfR2g2QQ?oc=5","BBC","Global","1778216429000"
"Gold vs oil: Which inflation hedge works in the Iran war?","https://news.google.com/rss/articles/CBMixAFBVV95cUxNQTh6TFNWY0F1UFVUOHRuYVBoeUlROTRIS19adVEwWVVEclFzekJSUGRYU2xIdXp2aVBpb0hIZ0tBN2RJVnBsYm82SHFpckpXYjJSTFZyaE9Bcm0ybks1TVV0eEQtd0hYMEFNbTNhYkQyX2NCYlpDV0FWWWdleXhuTnJqaWVWN3c4azJ5bmltSnRJMXJPbkZsSUQ1OTB2a1liU3VEZ1IyQ0JUYTdKNXM2WlByQ0xkMkZNX1FMelJCcmRPdkVZ?oc=5","Euronews","Europe","1778216428000"
"The US has fired much of its advanced weaponry at Iran. It cannot do that again","https://news.google.com/rss/articles/CBMilwFBVV95cUxPRjhONVZscTZ0WmtHa1VLcWJsWFZLY2VBVnZZVUFTeHZyY1BvZ3BwU0tqWGxlTlpMa3oyN2ktMzNtYVF5LU5kVFViaXNlbFB2UE56NmFhM2lTS1dTNjBUZ2JDUE5nRnVmcmZOTExvLUt6VVF5UkwxUE9fTFlUa0VIT2szMTNqVUJCVFlBZDB5Z0RfMXhEU0ww?oc=5","The Telegraph","UK","1778216400000"
"Pakistan Shuns Spot LNG as It Bets on Potential Hormuz Easing","https://news.google.com/rss/articles/CBMisgFBVV95cUxPLWNaV19ZOWx3WGZyZFFjb0VVYmRKa0NMMXduSmNJV3MwMkdPMTN2czd1TTFTeHhUYkZZMGlta3FLWFExNVpCUklFdjdBdTFwNm5lT0pxSkI5UVl2UXpYNENoN1RHTDRqTThubGVFT2pOUW8wd1p1bGo3VllGblVKd2lYSFZhY1piLU05cXpzbV9mOUIyVWk4NUdaaFpMRkdsMGxvaklVeWJpYUdOWXF6WHV3?oc=5","Bloomberg","Global","1778216400000"
"Oil tanker arrives in South Korea after passing through the Strait of Hormuz in mid-April","https://news.google.com/rss/articles/CBMimgFBVV95cUxNZDRiU2VjYkZCSFdOODJaYmhPR2E5Zk82bk1RWE1ibzNoU25ndlRGUDlrU0xaUkZ1ckx2dnljdHdOdm1HSEZvU0FHWll6UURzV2dJNFVUdEpqbC1oLVQ3bG5wZkFuclR1VmJkdm9lTmJuYUFPX1BZZGpaYUlCVW91QVQ3elJWM3FFd3hFZEdXOENyZmo2ZWZ0U2p3?oc=5","Associated Press","Global","1778216040000"
"Asian stocks fall and oil prices climb after attacks imperil the ceasefire with Iran","https://news.google.com/rss/articles/CBMikwFBVV95cUxORjVDVjE2VlNQOTdFWUNMbl9FLWp0aDJoYm5XamJrTmpNdzFmU3JsQlBOaXpGMWk3ZVVPM2xmdmdqYzBndmNnZ0dqT2syT0VseGtkTmRrd01QaXptMDJfVGR1QUgtck50NUl2TVFPNFpSMjM4Ym9RdnBOdnk2WUJIa2xZRlZ2VWZaRk02U0dPSmNPSGM?oc=5","Associated Press","Global","1778215980000"
"Trump says US is negotiating with Iran, despite exchange of fire","https://news.google.com/rss/articles/CBMiZ0FVX3lxTE9VaVZiRzRGTG9jVGNyTEcwVjBwc21WR2tIOVJ2ZmhZRWg1VmtSWGthbFg2ODZUeXBpVHNkMGZCM0djeEZ3QTgxbnpQbEpLTTZPeWt1WThob05aVDNLbWhjdjNzTl84dTQ?oc=5","Reuters","Global","1778215948000"
"Oil prices rise as US and Iran exchange fire in Strait of Hormuz but Asian markets make strong weekly gains","https://news.google.com/rss/articles/CBMioAFBVV95cUxOVHhac0hCbHc5ckN1MkZ4OEg1VmwtOWNYUVViUTF6RGdFRVNkVndpQTdIbmVmYnU3WTVDMWVxTUJmUlBVMHFHS3FTUHVuRDRabXNTVUVaemNsYWMwOWd6Q0VBd0twTHNYVEFKcE9vUEprUllZb0JWWEZWak9IWE5kOGt0S0t2MVFrVDlqdllpTm1nN0NtM3psR2ltLWpOeEs2?oc=5","The Independent","UK","1778215860000"
"UAE Reports Drone and Missile Attack as Iran War Ceasefire is Challenged","https://news.google.com/rss/articles/CBMiqgFBVV95cUxNQm5sQjJfSWtWQ2V3Z05KbnAybS1mcVlLam95c1dOQVBIakhCV1lPNnh6eUo1Ykk4Q256UGtlUUkwaHFRQ2JPOTlHZ3RYcDlqcWwtRWpWalA4OVBOZmtJSk1YYU55VFJUY1hVTTVPSjgwNDlhR0hEMEoxN2FPUzgzRkxFMW5vRFF3c3RlOTZPYkZqS2w1c3pIbm92TzdoUTQ0dEUxb09FRnBndw?oc=5","Asharq Al-Awsat","Arab","1778215735000"
"China Sees a ‘Giant With a Limp’ as U.S. Drains Weapons on Iran War","https://news.google.com/rss/articles/CBMiiwFBVV95cUxPR3BYMC1vMkMwWVF4TFBrcUdwWHBGeGlyY2Jmd0xMTUhaOHNnMHNZczBTa0JTbk8yODVrZGVGZkNDX29KQzFSVldpNXVpUV9SUU5xa2FvMXQ5Q2tON3dHV2JaX1VQRkxqdklVRzhEOGktdWR0LTdndjNBOWQ0TjJ6OTQtMlFiLTF1R1Br?oc=5","The New York Times","US","1778215418000"
"US-Iran Tensions Escalate in Strait of Hormuz | Ceasefire Under Threat | Middle East Roundup","https://news.google.com/rss/articles/CBMivwFBVV95cUxQSFBlMm9hcHp5Q01aVW1mOF85dzdYbU1Qc3hDRE9SOHB5bHNZTW9YSmtKOTVVMHp1eUVobUtmeFJBLWNuY1Y4VHRfYjBNemFsbUtEVG9VTU01SE5VLWhKSlpUZEF6QlRjaGVCcE5HQTAwWkEzU19QMG16QVJ2dk9jZ215Q2prSDZnTWJIWmRreS1GMXNLWEt3Z3hiMUd0bUM0cDAwUG9uOHdLVGNUbi1rYjkxcWhza3h4NXRRSzZ3Z9IBTkFVX3lxTE9tTmtjbUxYOTh2bEdsNUwxRHZtNVhLYk01Q296S29jQ0RUeU9LeE5LeDZjbDVOWHNGNnczVVB6eHQ2ekU1RVVLYlg2TUxPQQ?oc=5","Dawn","Pakistan","1778215214000"
"US, Iran exchange fire in Strait of Hormuz","https://news.google.com/rss/articles/CBMiUEFVX3lxTE5hV2UySGdXTGd3cjcyRkltNFM1N2NLaXVNTlJHNmFQZGRlbTNfYk53ZnBwUlJzemNIZWotRXZab2Z4M0o2THVLaGtRQU1GSWNr?oc=5","BBC","Global","1778214630000"
"Trump says ceasefire still in effect, but Iran ‘better sign agreement fast’","https://news.google.com/rss/articles/CBMiuAFBVV95cUxNeXhkNEZkQnBNcE9wVElmS19adVRxdkVQd2JDR25TbVA5R0h6SGhtYWsyaXdGQklVWkdBSEVJQ2xSMExFUC1qMTJHVVJueklNODFCb0FzLU1kdGF1V09ubHg5TjBDQVZzU3I2aWVhSDlaakxzVXdIb0YxbGVySGdTZ0F5dzFLR2pfSFl0VHBRYmcxU1RjZ3VfWmU2MzdpVllsVHMwNHB6RmRLcVBWb2duU3RPQUpqT0pQ0gG-AUFVX3lxTE5CMU5rZE90c190ZzlSZlgwSXJiQkFXUm1tM2liTnRmd2dReDN4QmMtRnlMTUE0bDQxY01OeWs4NVNXMjlIemF3MWtjQnExZUNWa2I3cFpWZ1FLWXhKemlmbXd5SFRoUm5oa2dxT1dVWTBhRHdmWWNaME9RVVpiRGNrNFpZbi1GdnJqZU5mcEV3V1FsOWZoaC1ZdkFfaXZtaDFneTBEcy04YVBUaGs1ZTFEaFM0V013RXY4dUFnN1E?oc=5","Al Jazeera","Arab","1778214510000"
"FIFA World Cup 2026: Iran's participation in doubt as US co-hosts upcoming tournament","https://news.google.com/rss/articles/CBMieEFVX3lxTE9ZWjhwSXIzcnRkenFLRE9rQTF2TnlndHpJYkhJdGd6RXZHM01LTm5URkhEOG41Q3hGMGV5WjIydVRFMXVnWWFtQkhTNi1SU0h1YlFOUWthUTBkclNwWEtpbGRGMUN2aUpoSzlTZ1FnZjZJQ2tnS0txNw?oc=5","CGTN","China","1778214477000"
"Trump is not getting what he initially wanted from the Iran war","https://news.google.com/rss/articles/CBMib0FVX3lxTE5qaDVZMVJ3WDdsTkVNYTUtNTNDeXIwVzFJQk5rRnk0Tk5OY3REeGRCenM5RG5mbzd3YVdMRHlRQ2hRSE1wVFNvUUl3bjNiYU9OVmhSZ2hNaXZsVnJzV0MySGd0anM2akJuYXVDM21nNA?oc=5","CNN","US","1778212911000"
"U.S. employers likely added a solid 65,000 jobs last month despite uncertainty arising from Iran war","https://news.google.com/rss/articles/CBMiogFBVV95cUxPMHBBQkxUMTRRLU1SSDBZcDdiZzZ4eEdQVVNuOGlhLTBVa1A2Rk9zZ01reDJzWjJXc2Vnbm0xNkNQa2ZNUTRzcTZ4ZG5hMkxDSW1Zd1hjV2xTSm95dVVzYVBfZ09yTGZSbkpNUm9iblBtLTROYUE4WmZubHFPYzFyVG4xRkpqTVpTRVRSWkxhZVBUOWR2d2poaXJMV2lPWEtSNnc?oc=5","Associated Press","Global","1778212860000"
"Trump brands Iran leaders ‘lunatics’ after attacks on US warships in Strait of Hormuz","https://news.google.com/rss/articles/CBMijgFBVV95cUxQRGdQbWhrQWdKSG1pTW0tb0tTT1hfeU95cGtZX2sxSDhVZ3pKQTZqMGRlMEZlaFFjVHZkRlVGQnV4enZWeTdSWDRXX3VkSng1NjlFTFNYbzNobzQ2dmJxTnZ5N01fWTRsczJnMmtVOEp4TkFRYVJpUmJDdTRjQkZVRlYxSkFMZThUQVBIX2dB?oc=5","The Independent","UK","1778212560000"
"Iran beschießt US-Kriegsschiffe - USA greifen Militärziele im Iran an","https://news.google.com/rss/articles/CBMiugFBVV95cUxPRHBzT3ZZU1Zuel9NTVlHaXUtSU5qRGZzV2lXQ0JqS091Zk8xY1duMHBST09GWm5mMHd6LUF0bHBuUjVmLUlnQTV4dUFOTV9yNDQ4RVJCRU4wcTFCV1pJczdFQkZGRlYwU3RfbGlpQkVKVHlnQ3R3b3BIMFlwQlZBYWxudkZzR0drNGNwR0pLT0VNX1BnWkQxeW5iaUJQU0VlSUllVHBBbUdMTkVGeGJ3eTktbmRtRjc5MFE?oc=5","Bloomberg","Global","1778212320000"
"U.S., Iran clash again while U.S. says no intention of escalation","https://news.google.com/rss/articles/CBMijgFBVV95cUxPYnBLMHlBSUV3UVVPaE9TeWtWZ1hkYkkyU1o1SUlHMkpKRW5FM25ZNjFBV3pqQkh1VXNFZll2SVR6RGdKYldhT1p2YmVUT1VDTEQ3TXNkUERZVnllNklONlRlNmNYSXowR2U5Y0ZUM095NHhJMDFOR3I2cDFPc0h6UnZTa1Y0dHo1RlFkcUdR?oc=5","Xinhua","China","1778212140000"
"US, Iran exchange claims over naval attacks amid push for deal","https://news.google.com/rss/articles/CBMiugFBVV95cUxQM0xJa0lYTGpKODRZcFF1bmN5QUtHcWV4aTZaSWpaTXNwdnhyQVd6LWNNNkh3ZEpmdmdDODdsM3ZieDBhYm8wbFFFNzdyY1pVelhmYW1za3YtY3BLNDkzanJ3bkR3RURuc2djQmNoOEMzTXp6WWtSZXBLWFBpOUtyNjQ4SDB2Rk55Y1VKc3FJNXRDUHRBM29BWWgwM1UtUW8ycEhRT1VxN1RFUmdENVRnc0xqaVdreFFQV2c?oc=5","CGTN","China","1778212038000"
"From stalemate to strikes: A dizzying week of US-Iran negotiations over the strait of Hormuz","https://news.google.com/rss/articles/CBMinwFBVV95cUxQaVZTX2dXMUlHYmd2WHJEY09RRWVHd284RTcxSjRiRGNZXzhnVVRuNjMwVUhpQWE2azZtamtPSGY4cEhTQ2lWNDBfNm1QZmN5QV9mYWhXQTV0Y1hpSDBlVVR0LU5neEdOSGVNVF8yZ2NQYks2SHA4dkNtX2hjZVNDRWx4X0FPSHVZMGluajM4b1lyY0VHUHl5U2J3MFU5TmM?oc=5","The Guardian","UK","1778211960000"
"UAE says it’s responding to missiles, drone attacks from Iran","https://news.google.com/rss/articles/CBMiqAFBVV95cUxQcDhDU3E2YnZXWlNCbDhPbEdvMktIbXByQ2cxM25fRXlTMlZtTnRwZzhwbVB2YTFPRE5Td3JqRVQxbkhQUzZEb29mX0NnQlJ4c2w4VmJIWGgzbWZyYTNJRnRMY3RVOWVYMkxlSFU5QVppc2NXUVJDbnh0UnZYN1NJWDhCTG1Bc1dHVWQwT05wemhzMmRhc0lWODg2cjRYN25mWVNMNU9jNW4?oc=5","The Times of Israel","Israel","1778211779000"
"Trump: U.S. Destroyers Weren't ‘Hurt in Any Way’ by Iranian Attacks","https://news.google.com/rss/articles/CBMiwgFBVV95cUxOa1JvQU92QjctZDhmMEhwcjVyR0tBeGEzSFRHZm54N0tzd3NNek4wRjZ5bjZneHp4OUFkT0JRTXg1dmh6LURjZTZ5LWxHeVZKZV84UDZhbDRaSmhzcDVuTHhjbXNKTmJxLXMzei1LWnlmRjNKSkw5Nk00SkJwUE96VTdsMjFwcm1NM3JQeV9FaWkwNUxlcFE2d1VGRmx1V3dsbGc1a3ZrMWVXOVhsU1lkRUFkeEVybmJudWExMjRvRFI1Zw?oc=5","The Wall Street Journal","US","1778211737000"
"Southeast Asian leaders seek strategy to ease impacts of Iran war","https://news.google.com/rss/articles/CBMiqwFBVV95cUxORUN2eVpZOFVtaGhyRHZCdHNTWVJrMmVzOHVJbzZ0dnUyMVh5UTJlVjM3c0x1b1pPMnp2bWpwdXdhc01LdU5taGxQY0FMVU1hMjV6VjhoM2tvd2Z6bVR3NDAxZDJQLXlJdkNZUFRYdnZPTU9VQXVQak1rblFfZlM5Y2F3T09vazFzOEFDc3J1OVdSUkhEWHVuWlA2emtjNm9PNXRKeWoxQ1MwZDg?oc=5","Reuters","Global","1778211720000"
"‘How good a president is Trump?’ President polls workers at Lincoln Memorial reflecting pool for support of Iran war","https://news.google.com/rss/articles/CBMiwAFBVV95cUxQcDNMRWZCUk5xYW1TMExOVDVtZ0g3M2xJbjdRLWJrY29ONGNFTlBJY1Y2VDRnSGR2OENIaGNTREFzSkhQcnN1bjZrWHFOX2lrV2hhTU9VeWVKSVJ3M2QxUTFnNktwSlNCczJGeVdkSllCOGpRc3g1OUNhc0tzNm5VRDN5OTRVZlV2M3JLN3ZwY0lZdzB2OWFENGlNVW5uVWlsOEJRVkNwTzdnYm9yX2ktVWRyVDNzOG44Ri14ZUF1b08?oc=5","The Independent","UK","1778211720000"
"UAE countering Iranian air attack after Trump says ceasefire still in effect","https://news.google.com/rss/articles/CBMixgFBVV95cUxOaG9nWFIyNS0xRHQ0VDZFdnNHQTZtMjQtbzhOUS1HWjg0MG9CLXBBb0Y0WjNFVGppR2hUWjllMllXSjNJMGdfUEluSklFNktiR1FQM1VRVnlDa1JVUmZsSFpZRDJBNGdOZzk1clRKc3NIZGpOX0VQMTlha1R3TVUtS0daUGQyRUNHVEtqa2txSFlmVEtqT0wtaW5qRGpxeFRxWnhxWlZkcTVOYnlsR2UwNHBvVmJTRXZKM1k0UWlFLVRTR2xCdUE?oc=5","Reuters","Global","1778211540000"
"WATCH: Ex-US VP Kamala Harris calls Iran war 'bull****'","https://news.google.com/rss/articles/CBMiigFBVV95cUxNUkkxeGtDdWF3QzVtVU9COGh3VUlNTGdBeVh5MmNVTFRpay16cHRVcXpkeUpOWlpvMTFoZVJXYldvbWtTcUZzYTI4WFYyYkwxZUc1WnM1SnR0TXhycGFWNFhRQktKdndhczNzNmVrT3BJV0VQQ01Vb0R0bENWY0gzRWJ2OFJxd0l6S3c?oc=5","Dawn","Pakistan","1778211399000"
"UAE says air defenses are active after US conducts 'self-defense' strikes in Iran","https://news.google.com/rss/articles/CBMiVkFVX3lxTE55ejlLZU1yNk1nMDgwMm42SXlyUVRrdWlsb1FKcklrYnh2UkdSY1loM004bE43SXNfYjF1Zks4Y2xBXzg1N3pYUnJ2NXBCdVhHVEZIN0V3?oc=5","Fox News","US","1778211329000"
"U.S. Launches Strikes, Iran Fires Missiles at Warships - CNN NewsNight with Abby Phillip - Podcast on CNN Podcasts","https://news.google.com/rss/articles/CBMisgFBVV95cUxOc0RZZnJuSDdMZDAtb2RtUmFoRlN0dFZYeUIwWFNxb2c5NUdTaEZnb1JVY0t3T0lCSGtMV01RQ1dkUDh2QVNuWXowT01GV0k5VjJZdlV1akpaYnFTN1VWRXBDRTNRQWxFNjJ1Y01uUEx2LV9tNWkxRTdVWkc1aVVxWGJOLTJ1U2YzOHQzRThJd1piN1U4V2VTbEFxenZVUzNWMDBFQnJNd1NwdVByblgtVVpR?oc=5","CNN","US","1778211264000"
"Iran-US war live: Trump says ceasefire still in place despite trading Hormuz strikes with Tehran ‘lunatics’","https://news.google.com/rss/articles/CBMixgFBVV95cUxOeWttc0VTU2FsWGFXby1EakdDNHFTMHVJT2ZwaVBucDNtQ1IwRHBXTmJRMGZNQ3pFdllwcENaWUJlUWdPLTJfWDh2R09sQ0xpS0F0bko2bFdxWjBxVU8xdzRBSFVieVNqbGp5bkxNZy16R2x6MnZ2aldHTUlucHlDakFMODBGalp3eVNRVWZGdUpMOWd0dFhYdVQtc3kzZEFSSmdwTkQ4dFRvUlpsdGlCRVVVUTI0dnpVMXAxZFB4NXlla2VXU3c?oc=5","The Independent","UK","1778210760000"
"US Fires on Iranian Targets, Trump Demands Deal, More","https://news.google.com/rss/articles/CBMioAFBVV95cUxOekVlRkM1V05TOVlnbURFSzFDWllaTDBSTURrUHRNMk9RbkRBS0UzNk1TLU8zMC16bVdKb0lEY2s1N201R0R0STFSNXlqOWl0RmtVandtNENHcG1XZFFvZkhRNHlWTUx1RjNRSWRBYVZjZ0hHY0xnNnVqaEhFM2RqeWgySmczZDBpTUNnN3NPMlBNWUNXWnliUHB3Z3ZGOEMx?oc=5","Bloomberg","Global","1778210633000"
"People attend rally to mourn for Iran's late Supreme Leader Ali Khamenei in Tehran","https://news.google.com/rss/articles/CBMifEFVX3lxTE1OTnR1c3Z5cUdYMk8zYktHTW1uc0hpV0FhXzEwWTc5ZmdNa1VSelQtV1c3V3lYcGZTTkxONXcyYjNPekRhelZMM1dnS250RzFzZkNxMFlVc0pETUVHajUtOUdjOWhWeTBKSWNIb3VmbnBTY0Z6TFI3WDVZMG4?oc=5","Xinhua","China","1778210385000"
"China's exports likely picked up pace in April on Iran war stockpiling: Reuters poll","https://news.google.com/rss/articles/CBMisAFBVV95cUxPeVluYmJ0a2txZFZBSVRKcE9iUDRJX1FKSlUzNW9RS18xZDU4ODBpekdjSHZ0T1NxdjQzNHgyZzZHQkRIRDFzcGlLRV9iY1dRd3lsTUhrX3lMaHJSU0NpRmR3UkxrMmU0QWlfZkhvRkZqU2UtcE5VeVVjazE1bzlfRTFudEpIampGUXdNN0dTNFN1dVpKa3NHcFI5T3RKMHRzTUdXUmlvT296cURabW8zVg?oc=5","Reuters","Global","1778210100000"
"Oil prices jump as US, Iran trade fire in Strait of Hormuz","https://news.google.com/rss/articles/CBMiogFBVV95cUxQV2lma3B2X1hJTVJOUUpHZUpSTWNXd1Vjbzd5ZDkxM1hmSkhacFAzN3ppVW12akg1S09kQWkyM0VfVHZ1RnVrbHNGckh0VExoNzBQaV9iSFdZdjRIX09JQ0M5TGF4VFRGeXJGN3o5NXNpSW5FSUZ5Vm4yNkxLYzdZQ2hUd0c5VFViNjh0ZDdXSjJoaDBleUF4eHBIeTZndEQ1RVHSAacBQVVfeXFMTlJxZVF1ckRKQ1U1bXBYMDY5ZGtyZF9qTjJnWW1mNUUyWU8yT3ZqQjQ5ZjdjUXFNcjZjOEdNNWpnb2hKVlNDUklFX3Z0SVptYk4xTmU3cnBLYUdjWEVpMThKdmJzcEdoZjJlMTgyQ3laVnhWN3AxZEUxNzVYVjBlUFFDcVFrQ1lhOE5wTjlyb2ZIbjFrR2pCNG1pVThtNnJKeTc1ZW12Zmc?oc=5","Al Jazeera","Arab","1778209773000"
"UAE reports drone and missile attack as Iran war ceasefire is challenged","https://news.google.com/rss/articles/CBMikwFBVV95cUxOcExZcVpZYU4yU3oxSEpmajVmMktveG8zd1V3anRxdHhneVR1LUFuSUtSZGJpZUEwVEZTNkNZRlBGSzRQSVRkZVprMkp5dzhVUFJPMkdmTFVQMF9tOF8xVng2Qy01ZDlWNW5oTEhjeVcxd0ltQ3h2LUVBNVg1THRtUFp5Y3Ezd1MwUkR6elNoWHNDY00?oc=5","Associated Press","Global","1778209740000"
"Trump Wants to Cut His Losses and End the Iran War. Israel Can't Stop Him","https://news.google.com/rss/articles/CBMimwJBVV95cUxOM0szXzBkM3JweU91a0lSNDJCUzJMUWFtOTVNZ1dsbEtTU0dZczZxMHFXWUNMWk9icmIzb3JWb05oTEg4U1o5NEpIZWJqSG01RkhIZnRWSGg4Rl9xcTlkYmNIXzdBc1oyYjFPNG5hejdmUmVzeXB5UERrZEJCZUE0S2pILW10cHJ5YjdvVTdPNUw4QzdUbV9tbnRtUXJFZEhrYnFBckZsU1ZTYzVoVG10TVdkWXpKMnBIYm5leVZKanUzUVQ3Ujczbm5rclBtQWxQVTB2S2VCcWRhdGs1bTFTSFIweldHaGRncWhnb3pXbkljdTExaXJERXVjdE1Fa04weGJSRzg0R1hGUm5IdVYwMTUya21TMzlXR2pJ?oc=5","Haaretz","Israel","1778209680000"
"Oil rise on renewed US-Iran hostilities set to fizzle India rupee rally","https://news.google.com/rss/articles/CBMiswFBVV95cUxNQzhPS2pXMlBIZng3SHA0djlGWlJmTWM1SEN3ZXdpT0tPYWhjX2JmbUtCMUo2Q1lIU2tGYTF6YVM1UDVwT051VWliUHAwUHdLcjNlTG8zLS11SS1qclhydnhncHA1cXczdzhCVC1yZGpSZzlUTlBscGw5NzRoUTBJNTRsRzBNbVZULXE5dm1VOU5BeWJPT0V4cTFsNFhMWXBzQUljaWl4bzdBM3ZGdV9nQ0Robw?oc=5","Reuters","Global","1778209200000"
"Iran War: China's Invisible Hand Is Rebalancing the Oil Market","https://news.google.com/rss/articles/CBMitgFBVV95cUxQREdxOFE4TDl0WVJHZWZuUEU3YU9iOG9iLVdpMGJXd2dYT1Y2SjhpREtqanNFbU1aLUlrZEV3YmlWT1lPVVdva2l4cjNlMVlkU3E3eW5FRVNmSU5WUGo2ZGlHU0d4SkhvNjZKTDlfN2N6ekZ3aHhaWENVaUcxUlJNa1JpU1BrTE1nSWpVb29NbTVmeVFlb0F2TXMzRUsxN1dUWXVFaDlFenAzRUVtN1ZaYjVDZHY4dw?oc=5","Bloomberg","Global","1778209200000"
"Israel's self-defense cannot be infringed upon, even if US, Iran reach a deal","https://news.google.com/rss/articles/CBMiV0FVX3lxTE9JYnZfWW82NEdqeko1Z3NnUExFUklsY0tqRlFjSmE1THZnWmdMSHd0a1M2SlhBYUFDTFhrMW1naExCYWtYc1F2RDMxM1c0TnlLa1l0OXVGNA?oc=5","The Jerusalem Post","Israel","1778209194000"
"Some 1,500 ships trapped in Gulf due to Iran war, UN maritime agency says","https://news.google.com/rss/articles/CBMiuAFBVV95cUxNV1ZuUUhHcUxtNVFKUGpGNVZLSjYtUHdRQ2R2eHFrblVvd0dFcFBsTXVJcXp2SktqTWlvc2pDT3lvTlJkVjQ3eDk0T013UGRkdDNlVTMtaHV1YjdJYUVMNUliTUx3SzFNaFNiVXJwTnpMYWNtN0pxcXZCQlBfbHRVTk9QNEFWM2NkTEpnY0NoMXNxZkZxeU5jX0lrbWYycEVjcVcyWS1OQllPOUpDOTNwMS1NeWFXbWVC?oc=5","The Times of Israel","Israel","1778209079000"
"US-Iran Exchange Fire Around Hormuz, Trump Says Ceasefire Holds, More","https://news.google.com/rss/articles/CBMirwFBVV95cUxOZnNzUEJ2RGdNQjh4U1RFa2tIZF9FSEh4LXVTdDJxb1l3TVNYUGQxX0dMYjVkNS1kTGVOODBuYlZKZ05sYVBWdHdZYklWeXltRXpScHQxQ2x0NXJmelU1bU0zaVFqZkc4M3UzbE1sS3ljejFMXzBVWmR1b2ZVTXhuT1ZzeUFyQ1N1UkFJbEVfVEtET09OcTRGVnFfLUFOWHVTanJqX3dNd2N3dWpTUHlN?oc=5","Bloomberg","Global","1778208837000"
"Oil jumps, stocks fall as US-Iran clashes spark peace talks fears","https://news.google.com/rss/articles/CBMisAFBVV95cUxQaTVVQkloSURNQU5HTi1TN200WkNfRjcxSlBudWZMbWJBRktOQXRGQzQ0VHVHNXphOTBueWtOekxoY19lcUxMMnQ1S05EQVJqcWxDMElGRDU2NmoxWXd2dzljS2RwX1BqMGh3RFFKcnRYZEdNZ2hBWTlIQmwwZUt0WFBxOTZBVFhpbjR4dmZ5ekkwdWJkeC1KTVRMcVdwc3RLZlB3ZGxfYktIdGtsUnlqSw?oc=5","France 24","Europe","1778208790000"
"Trump Says Cease-Fire Intact After Trade of Attacks in Strait of Hormuz","https://news.google.com/rss/articles/CBMikwFBVV95cUxPMWRXRm9hc1FYSlVfMzA5bENMMlFOcjY1blBPS3JkbHhjaVhhaW5WNGhfSHNROUk3REVGWXpjbmRYMExKVGxyRVBHRmJGbkF6THdlb0Jxa3o5X2xyVFREaFdnWlY2aDF6RUxxWWVTWVpYcmVIcE5GYmE0bU5yRFJreGt2MHdTaW56RnBWbldhNDM4YTA?oc=5","The New York Times","US","1778208666000"
"U.S.-China Summit Could See Beijing Step Up in Iran Mediation, Analyst Says","https://news.google.com/rss/articles/CBMixgFBVV95cUxOd0tCSXp3WTRLREQzYXdweHVtOUd3a1V3ODhwaUkwTlBSN2xTOTJIVzVQWjI3YWhpX0xON1c4VkxDOVp6TG5UcFlYUVI5TGxScXA3cmtEN2JWQ0F4TVRELVo4dV9sbzdaUmU1U3JBNUFhTTRHVEVwdGtQWWRJWVhjRGpZTEVEX1FUSHRCajloTDhyMnBNMUwzZ09VV2dzMXFJd1djS3B0dGxCRGdoRG1MRTFwT3ljRVlIcE5GVHN1LWMyWENnRmc?oc=5","Caixin Global","China","1778208540000"
"Iran's military accuses US of violating ceasefire","https://news.google.com/rss/articles/CBMiigFBVV95cUxPNlRmRlVZLTRvYkxhUGNCWFlHSFJjSm5VUjNhdU42SU1JOWVrcld2ZG1IVWpjTFl3ZDJpLTZaYWV5YzZ5Sjg5YzMzMVJNN0NkMW9fVlBNOEE2QU8teFc4NWw2YkVjRFl0amlvLUpmR0YzZ1dNZ2NZdDdmT0o1bWZJck1fRDlPeVdtOHc?oc=5","Dawn","Pakistan","1778206559000"
"Trump says 'great damage' done to Iranian attackers","https://news.google.com/rss/articles/CBMiiwFBVV95cUxOdFJsYV9Wb21zdU8zNXQwUElpNEhyMFZweWZXSFJhMTBBQnMwWmNDOEtHaGlBVGs4ZG1HNWx2UWxEcXAtWTdwRXFxTTJwZGNfUHQ0bHZ4TnJHYW9QVUJfa2g4YTV3Y080RWVqRl9sZnhrWDFwNnpBdHpMNnRQaWkzRDJtZ1JzczF5QU4w?oc=5","Dawn","Pakistan","1778206503000"
"‘Saudi pressure’ led US to pause Hormuz project: NBC","https://news.google.com/rss/articles/CBMiiwFBVV95cUxPbEsyR1hzeUlqemNxLUZ2bDBrUUMxUkdtSEt5U3BFSWlESC16NWtKT2hlTVRqb1F1aXk4VGpQV2R3YXM1aGZOZ2pLMHl5LUNSUlhjUTl6WE96V0hPcnI3YzVlSmJZZUd4eWo1OXQtbGtrSWR5djAzQlVfcTViX0Vfc3hQcDRrUkpfRWpF?oc=5","Dawn","Pakistan","1778206384000"
"Pakistan remains ‘positive’ as Iran mulls peace offer","https://news.google.com/rss/articles/CBMijgFBVV95cUxNVk5CNy04eVVIbnJqMkJuTVVKMXo2ZVp0aE5XVnNGOGI2UlFIREsyVGRwWnZsWmZnQ1dJc2phMG1jbmJzczc0Z2otWTlzMTlkNFZuRGVwSU1NZHhyWlJhcHJLZmxHQ2ZHaU5CM0E4TGx4eEwyMlNxaWg3TkNIUkxOWE5ENXZJYmJ5WE9xSDBB0gFOQVVfeXFMT1VaZm14dWM2bUlDalZ2QVRXMHhGX2FZLXBsNDd4b29jcWdSRjRuTzNxcW5qR3NJQkw0ckJNby0wYkZQLUZzY2J4bVhmV2F3?oc=5","Dawn","Pakistan","1778206233000"
"Trump says US-Iran ceasefire still in place after exchange of fire in Strait of Hormuz","https://news.google.com/rss/articles/CBMiWkFVX3lxTFA1d1FYcDVjN0tXdmdaSnJJSVpIc0I5ZGdQbF9ZcG5QU1NnU3FqMXZvVmN4N3NIQUJiOFZLSkdkQng5LUk3bVEyWm9rTnNHZ0R3YktzVEZCdDdoZw?oc=5","BBC","Global","1778206074000"
"Russia rejects US-backed anti-Iran resolution at UN Security Council","https://news.google.com/rss/articles/CBMitwFBVV95cUxQR01hQU1XRGhHNWp5bU5mVnVLa0R0Y1hodFFyTjV3WE9EMm1RZU41a2pxWTRmZElFR280N0Ruak1ZSTN0OGQyY1FzM1hpUVg1WGdNVVFST2c4MUlpZmp5ZW5PYzlBdHZGUnBtemZCSXNnOWdVYmFwZzZWX3FNTlNZVDFyczd4MWtjaWtybnhyZlA3cjQxQ1NkcGY4OXRsZzVnX2FxQ1ZPb0tjMnNzdWpaMFhaUlNvMEE?oc=5","Press TV","Iran","1778204760000"
"As US and Iran weigh peace deal, stranded seafarers wait in limbo","https://news.google.com/rss/articles/CBMipwFBVV95cUxNa1ozNFBnLVhUSXl6TnU0c1BqeEdBVlBhTEVqZkJ0SlFBT2puX3ZSUnA2S3B2TnI5YmVrRmVybXRmTEQzZmVKVUVPMjVGNnpZVy1pVVhLRmJCQmM3T0trQXptMVkwNEZQbG9PWTlSWDdNSmRaNnVkU0VLMnlzM3dsNzliZ0xyTnZ6U2EzOFBvd3NnR09kaWd0WDJDNnhaMzhnMHoxMUY0aw?oc=5","Al Jazeera","Arab","1778204747000"
"US Fires at Iranian Targets, Trump Demands Tehran Accept Deal, More","https://news.google.com/rss/articles/CBMirAFBVV95cUxOdjNxVm4xTGpvUnN5TlE0V0hfd0w2Y01xOGptTUExa1hwUjhEMi0wX085OERtZk5SendqUXNKY3pZSXNfNTFoelM1VDRnRTFmdE9MRXByV0dZeTdaYnBmbnZRNVF0a3NrTmcwMGtwUzdoN1N4MG1uM3RERHJJVGphVElWOWQwbGJTWnhJYVVEeHF1czVJa0Qtc3pIYlZOTDVsZDBOOE8xZVNhdVBI?oc=5","Bloomberg","Global","1778204485000"
"Rogan suggests upcoming UFO disclosure is cynical distraction from war in Iran","https://news.google.com/rss/articles/CBMiqAFBVV95cUxNb1R3UUNsaGdWZXBtanhkdEJuaXBQOEZDTWFZVzFqQUVNWVRlaDVaM3hRUXlDU1pqWFUyaXdZNDRaZXhiT2lpOEprcEJFWkUzd1Jtcl9YNkxQeUVlTDA5c3pQX05pQXVMd3VDUzFGOGJzS0hsUVRGNi1TQ0ZqZkxUdV9nTmFNYnI4M1NMTVFKTGJkWDJCaV9yVW1SRlBFclpVWHVBNjlJZ1LSAa4BQVVfeXFMUGdCSXZRdkVla0V0eHdobkFjZ3lFZDZ6aG53TWFCVmJPZ3h1MFVHc3NqSk4wNUQ0ZFIwc3Y2d0ZMcFEyeW5HQUp3X1doVmY3cS01c0Rqb2VJLW5wX3Q3TGp6bzROeC1SX1ItdGNnUjlaSHpBYUlzRmEzR01DM3prdnlvMVowM2kwZW50cUstZXNPWVNobDlXR1ViRUpaV1o5c0lUM2NCdW9HaWhYaDZR?oc=5","Fox News","US","1778203820000"
"Gold on track for weekly gain; markets focus on US-Iran peace deal prospects","https://news.google.com/rss/articles/CBMiswFBVV95cUxOZXM5QVhTWjRwT2VVN2NHZzlpdFlfTXM3ZDBEMUVmNmx3dlg3aUtfQXVnR2ZBRjNlWmtVVUpSNXlRY2RDQkV4V2tlYnQtR1JwQWtnVFlrajE0ckpiMDc5eGViWVQ5WTU1XzV6Q3lfbXJpOEx3N3EzcHNzMGVtaVpCeVBCUTdBUWt4MTkwZ2VkU2VFOG4wQjM2d2pjNlVURTNucDJwNHQ4Z2ZFRU1XUDZReWpjVQ?oc=5","Reuters","Global","1778203680000"
"Trump news at a glance: US and Iran exchange fire, which president calls ‘love tap’","https://news.google.com/rss/articles/CBMihgFBVV95cUxPTmRhejd4UG9PaTVPRVFEQmRqejIwUXNjLURISzd3SEZQenNDZlg1QXBlWGxnbFptbENxZ2RYQ01DbHZodmI1amd2dEY3Q2hkVEFGamtCNXg0S3l0bV9CQkdFbS10dlJLWUpyZllsZGNjTUVodE9JRlhYWUNpU0wzV0VQUWpHZw?oc=5","The Guardian","UK","1778203680000"
"Dollar firms as US-Iran hostilities flare, yen steadied by intervention risk","https://news.google.com/rss/articles/CBMixgFBVV95cUxNd3NZN05xVGplemF2SDFVTGVETGVBazE2b3VyUTVhS1N0TXRoRjFFdFNwNUZKbGhxSlBobE9maGJMOHEwTzRBb1k4YkFPVExfVkJvYk9jd0QzNmc5aWFTclJmakViTnVyY2F5N0ltTWRxdjNuWW1oM05yZFZUN1A1ZlpaUEZYOFg5ZXMxYVdGSmYyTzFONXRKNlpLb2VUVkpFdmVPV0I2S0dhajBSaVROR1FsSW9MLVZMVlZMZk9lMzRLb2ZlSmc?oc=5","Reuters","Global","1778203500000"
"Trump calls new strikes on Iran a ""love tap"" as U.S. awaits Iranian reply to proposal","https://news.google.com/rss/articles/CBMiywFBVV95cUxPaFFPR1ZOX05FdlJxRHhucTNGY1ZTNV9BMjlSWEMzRlZtb0R6R2Q5cDh5bUpQem5KaEJlQkF5V0c4RTNZNmR0REwxTFZ4czdFazhETVJtNlhSRVhmLXE2bHltQ1pKZnRVRHJ0Uk4tdDVXbVZ3d0xoMkE1WXBhQllSVDF0NnJRRklETHd6NnVMLUpsSXhrQW5aUlhScVMxclNGcDJSVkFCWWFObHN5dmpzb0VMX3FaVU1mS2V4ZkU1d0NCQk0wSGU4SGxrZw?oc=5","CNN","US","1778203448000"
"Trump heads for Xi summit overshadowed by Iran war","https://news.google.com/rss/articles/CBMingFBVV95cUxPQ1FRbVFKSGR6XzA3SThFSkhXdzJSU3NwcDk2NWhoaDFWVmtzS1U2aTF2QVVubzhDTlozbWxGak5adzdhbW1ObHZYazM1bDFmcmR2dG5UNFpJMlB2Q1dYSjMtXzhGYWFYV1pGdVRkVDBKekJqNHJPNzZvdERuWnJKVXJpRHhzYjdQOXhBNWN2OUx1aUZtUlNFYVpkSDVJZw?oc=5","France 24","Europe","1778203270000"
"Trump slams reporter over ‘stupid question’ about Iran war at Lincoln Memorial visit","https://news.google.com/rss/articles/CBMivAFBVV95cUxPSDVuaFNGS0hKS3pxNXktS1lOMmlwQVZ0c0pCRE9EZU9DVTY4ajVseWJTWFZDTnhlTERzVWhaNEZjR2dEWFNIR0dtbmMyYzZwYUJUVm1PVnBkVkduUmxPdTZSdjdoZUs1cGZJX2xmUDYtN3lmc3l2OGFqS2tNcUQ5bmNJZ1VsOFF0NmF6UTJwSEphUGJmS0xCb0pOTTRYZ016Z29aZjVlM24xWW9RMFYzcThneFBTclk5bFVsOQ?oc=5","The Independent","UK","1778203020000"
"U.S. military hits sites in Iran after American warships were targeted in the Strait of Hormuz","https://news.google.com/rss/articles/CBMi2gFBVV95cUxQZFN0M3JLbzVSUG4za3gzdG1KWGVDbkk4LURtbXRITnZJX180YkpVVXE3dDlvRzFYVVJUaUFIWnlQNUhKWmx6NE9SY0R0VUFTaW41NnpnZEk1ZEp1aEZaNDdiUXNUOVZta0xiQWx0Zko2YWpyTFoxbm9rU2JxRU81Z25vdFQwV2V5MnlkQloxUTUza3pYMXFITzBQS2wxTUR6TWdTTjBIbm5rRWk1N1pkdlM2RTNRT1ZWeEhfcXo1eFRvSGc4M3VscDR4ZDFiRUMtc3pIMnFTMGU4QQ?oc=5","CNN","US","1778202835000"
"US-Iran Trade Fire, Oil Climbs Following Clashes, More","https://news.google.com/rss/articles/CBMiogFBVV95cUxNcl9nc3NTVlR3cVNTTi01bzJYb3VPZDVPbTRpLVhlU1pDcW96dFU1N2gyNm9GZnVXdkFFazF1ODdScmc0TjNaVlU1SXBRdzF6UHg0RmgwNlpNTXp1QTFMdDM4Mk5vRGJNWlFDbXFmUXlRbFJTaDJzZVQtejAyVDR1QWVtSzhTb3B6N25NNk1PTmF2UXc1Q1FNMDVTdXdxM1hESEE?oc=5","Bloomberg","Global","1778202577000"
"Trump calls Iran clash a ‘trifle’","https://news.google.com/rss/articles/CBMigwFBVV95cUxQZDFNVXFEYThJZUduN2tYR3pENGpvOGRwY2V3RnI3cEVyMTU4ZERMWk5yNlBlcDJuRlowaXdIMkMtemxRSVBRLTMxVDc2cE4wYzZFZ3BnQy1XelVpd1NqZGFZYnJiZzBhWjIyWGg0aHViak5pZ0xLNmZMWFhYWmRpdENsYw?oc=5","The Times of Israel","Israel","1778202450000"
"Watch US Strikes Iran as Trump Demands Quick Signing of Deal","https://news.google.com/rss/articles/CBMirgFBVV95cUxQLWlQbUE3SzlCNTJtcW5mbkwtcUpHUHNoNDhwcTNBdmwyNEp0LTBjN19TOGQzYTM3ek9SQlNYV3RQQTA5aXc1bi1BQTUxcy1pRHdJUnBKM0ZQd2RBSFhnZWV3TlBCVGEtMEd3NU8tV0tlU3dTeU9pTEVfZGFjTGMzNzRDXzA0RlBkNS1WVkwydjJqVVlyLU9CTVg4WXNWZ0hsV2pJUWptQ2lYWE5ZS2c?oc=5","Bloomberg","Global","1778201602000"
"The Explanation | Unspun World: What’s at stake for Iran’s regime?","https://news.google.com/rss/articles/CBMiUEFVX3lxTE1JSFE4R3E1Y1Q2UnljYXc0VkRZWHJGTzJ3V0V5bmg5c2hfYW1JbHFxZ29RY21tNmNTU3FXSllRZjA1UUREaEdROTRzbVNKc1lT?oc=5","BBC","Global","1778201525000"
"Trump says ceasefire is still in place despite attacks from Iran","https://news.google.com/rss/articles/CBMisAFBVV95cUxQb29yLXppYXlCZ0Y4TjBNM0J5R3c1c1Vfclh3Q2taVWJVeFRSU1BsV2R5dThRS3FyRXRQck9iNTBkeC01bTd4dnBIbmpzMkxvS2ZGQWlzdlEzUWVVRjVMcjhRUFNvMERPa29GN0tvV1RFVEdoOGtJWWlPSG5kVEpmamp6WjdZWWMxTUVnVVlfa0RLU2lOZEpHdF9RNmNrVzZGeFRveWFzYUR5aDQ4ZlZnQw?oc=5","France 24","Europe","1778201384000"
"Iran’s playbook is to talk and then fight, Lt Gen Keith Kellogg says","https://news.google.com/rss/articles/CBMiVkFVX3lxTE1zekwwTWh5aUdzbFRpVFhtYlFUZDROZXRzZnpmOEhVTkhRd2pCT3MwekJSUGpUQzVsdmhrNkVRdHhKcHVSSDZCRS1UbHFFSVNVVG5WYkVB?oc=5","Fox News","US","1778200372000"
"Watters: If Iran doesn’t sign this fast, the US will be a lot more violent","https://news.google.com/rss/articles/CBMiVkFVX3lxTE4zcHFFeUtTTThCZTE4UFVCd0VjS1JMZnl2R2dScHZJNUd3eUhwUUN2V0pYaHBxamVRaEVoQmpJbHprYkxPbXdKWHpuVEZ3aklaa05VSjdB?oc=5","Fox News","US","1778200177000"
"Oil Rises Amid Signs of Rising Strait of Hormuz Tensions","https://news.google.com/rss/articles/CBMiswFBVV95cUxOZFBVY3F3TGFjSzY0dHhFN2c3R21wbi1sNzZTLTlveXRhUVloanBEM1NvdVRIS0lTQ1RhV3VocEw3MTBYNEtMLW9TdmV6YW1VdElaSklzRzI5TUJWeEU4b2hhVkdrNGstUGo4UjBYTjZmQ2U0ZERjX3lqc2pJaE5INWZ1YlVGdzlyeGRENGNMVy1mdWQwX2pVOW44NExKUlV0ZEQ3QTVlUGhSQ05lY012U0NzZw?oc=5","The Wall Street Journal","US","1778200140000"
"Oil prices rise after US and Iran exchange fire in Hormuz strait","https://news.google.com/rss/articles/CBMiWkFVX3lxTE9pYnROWUJqNWhZS0hHSzNHcEZfcUhkRDdtYU40TFJqUFQxem5Dc2J4T1VZdjlldGkwSXRnbDlueVhvamlaUFB2RDE3OEVONVprOXJidENZcVpyZw?oc=5","BBC","Global","1778199280000"
"US strikes Iran following clash in Strait of Hormuz; Trump says ceasefire still in effect","https://news.google.com/rss/articles/CBMiuwFBVV95cUxQcVdHT0xlSUZOZnpvdHU2bzh4M1hJZU14WmpENG05b0MtLWYxU2NQQzBGQlNBSHNwTENSNHIzUjBGNWlOc0FYaGpTTjRNbGU3YUZZTXFtN1lwRmRIMDJBa0J0UEM5V2JQNUY5TXFBbEhVWGMxZXFRQnpITFlKeWItaWpqWGZ3VEl6T3ZPdDdOUFZFZ2lKUEhJb1RXZGtVaUZEX3UyZTVxVHFGYzByZ1hQTnc1SHNPYm1kM3k40gHAAUFVX3lxTE9DaWF3Q3poRTZvUFRUSU9VeEN5OEt0bzdtS1VMV1ZZbFBvYzJzRmFzZDBvWDZMbXBmVDNSeEd5VVJaakh5UlJPVVJtQ291SEd5b3A0WVJZb0ZyM2kyTzZENkJyM2pyOHNXOU5PX0ptOXg3NFI3amdOMm9oM2M2NExVM3ltY3JzZ2FVT1RNWUFuNjlrWC1TdnFDbjA0WllVUHY3ZHczUFQwb1J6dWJiV1hfMnZiREQ0QzVvWmo3c2ZpLQ?oc=5","The Times of Israel","Israel","1778199199000"
"The Interview | Hanan Balkhy, WHO chief for Sudan and Iran: work continues despite conflicts","https://news.google.com/rss/articles/CBMiUEFVX3lxTFBJc0llN25zajVoNV9abFdYWVN2NmVzLTRVb1AyVVpvUXVoWkNDZVEyVHhibTZIR3lmWjU0cmlha09mdUtnaXZtSE9WdGtQMnZL?oc=5","BBC","Global","1778199130000"
"Trump says US is negotiating with Iran following strikes","https://news.google.com/rss/articles/CBMipAFBVV95cUxPOVNMSE9wMjNoMnpMa1FjWkdxRjBWS3hEUDdMZG1zWFJSend0TXhTaTNBdkRGYnZIWG01TXR4N29GTjdaRVp6eUkzdlVrcXBEWlZXNTgtWWtneUxyeVR5X2c4d05VQy03Mkgyd0VCNzlOUmgwVVN0UVdjTmstWEpCME54bkIzTUtFaTRiY3FoWGhqSENSeHpDcVkwMlZGQVVSX25HWQ?oc=5","The Times of Israel","Israel","1778198879000"
"Trump Reversed Hormuz Plan After Saudis Denied Airspace Access","https://news.google.com/rss/articles/CBMiiAFBVV95cUxOSWNlZUlLSmlZRE9mTjdieFA4SHZVTkR2ZnVuYzVQSU00ZW9tT2ZkaWdWMHlUME1rd25WRUNVU1prUnhZZ0ZmN1BnSE1VUDg2STZVMDFaak1Qak9JX2Q0VXpoZzhIRk5EN3RuMUdwU1ZSU2tFUEJuTno3N3hwVlRPZEJ3NGRwaEEt?oc=5","The New York Times","US","1778198680000"
"Watch Reports: US Military Carried Out Strikes in Strait of Hormuz Area | Balance of Power 05/07/2026","https://news.google.com/rss/articles/CBMimwFBVV95cUxQc3I0Wi1OZTFVU0VUMDlwMmJ4Ym9aQ3EydU4xMWlSelhiNE1pUjdzc3JueWZVNGxSanZmNlFJNUdrNVVrRlBmbW1HLWJScGxpNFo0cnpPaHZHRkFsVm15RU9GbWM1bGdYaXdkV2hrbGc3V0FSbmFtdUhTQlhQd2ZhS0RMMU9COWI4aUU1VVJacDNSdF82cVVELTM1MA?oc=5","Bloomberg","Global","1778198400000"