headline,link,source,region,published_at
"Jordan reports no casualties after Iranian missile attack, says most projectiles were downed","https://news.google.com/rss/articles/CBMi0wFBVV95cUxPaDlEWC10Rmtia2UzWm05UjZ0SENDa2x3M2ZnSDZ6Q2x6dTVkYnEwRWZEUEhMWGwtMUdWREhFUkNKYnRqMmdoUl9LelVmTi1sZzZNOU1laTdMbnVRVmh3SEtyeWNIRnliaHVRdUpTQWFnSzZ3ZC1yS0xRdkZXWUhocWk0cGlWdUNuOTN4MFZzM1BORk5OZUVUcU5yVFkzQzZNVUNSNC1fSGx2M3lSRm1BbW1rVHNfVllmRm5CMzQ0V0lCblRJSnR1T2xyeUVsZkkycnNV?oc=5","The Times of Israel","Israel","1788913008000"
"US destroys five Iranian tankers, Iran retaliates with attacks on Jordan","https://news.google.com/rss/articles/CBMitwFBVV95cUxQSVZkSGpmVEVQUWxwTVJzMktrLWQ1R0RESXZqbktnZlo3SmJGM0prNEs3dVg0UUp3WWlzQVdZaUdONHQwOWFwVFU0R19hbm1zZGIyVVFqWkJ3S2c2dEpQQUJ4SHd4VE52UXBwa2pHSGZjWFd3U0xQeTFLQVIzZFBQdS11Y1VoY3NzVGlsTF9WYTduYVVZaUhlV05ob3c0RWFWY3M2Q19zSnlYdkpOTW13LUZrdFpKclnSAbwBQVVfeXFMT3pFYTcwbEJBMkxXWEEya3hZRFhRbzV0dTg4SkFIay1nWkthZFlEY3pFTUNVMnhuRnpTdTZkSzcwT0tmNjBncmpaNzk1akNsUldnWEZkVXNrejB6UEUtMXRpTXhQbHVQYkRiSDZxclQ0S1BUdVc0d1lUT0FmNGdfdzVLLU80czBXSHIwSXJCT3lqTXBCc29qaE9KZk5xM3JjSXBCSm1XX0JEd0VqNjNnY19DMHo3S2M0aWZQWU8?oc=5","Al Jazeera","Arab","1788912864000"
"Jordan army says shot down missiles from Iran: statement","https://news.google.com/rss/articles/CBMiogFBVV95cUxNaDBTbFBLaFFiRlN4TWZDa1RuODVCcDJ3cTlDbzRFODZMYlh3QVlrbWFOSkVnbWlMSkRQckw0ZGxvNUJWY0R3N2lEWXJ4LUZwSFd6SEdNYmxRSDZ1UnJzVGU3OU5peDBDQThoTzYtSWxSQXJOQUF6Q3ZvVWlnb1RLS3U3RmNQQ25KNlo0bEpSZHpYWV9Oal9jbjhyUXdtcGdpbmc?oc=5","Arab News","Arab","1788912386000"
"Oil jumps $1 in early trade after Iran launches missiles at Jordan","https://news.google.com/rss/articles/CBMisAFBVV95cUxNUzVwcURFOW5QT2VTVW5YdFV2a2NPRGh1YkFoaTV2VUE0MXhES2gwR1ptSldNN29OZUZOLUQ2NlFUZUNpYjRFV25nTTR5cW03ZEFmX1BzMzViNGI5VXhWMWhtZHU1SDNxQ1Iyc2lDcEZOYnVpU3JMUVE4Uk9IUkVyYUdjd2ppV01LbDZESEQzWDBaZHZyOEpCem9yRkw0YUhnTVpuSVlzc01jVWszdVJSWg?oc=5","Reuters","Global","1788913380000"
"Iran's IRGC says struck U.S. base in Jordan in retaliation for attacks on Iranian tankers","https://news.google.com/rss/articles/CBMifEFVX3lxTFAtUEY4VkhUWVJYTU1Jb2lkV3pWbVlzNmJaRVdUdjE4RVB0LVZ4bUp2OUFwbngzRDhFUWU5Uk9LWnpEaG8xYXlFM0xkMEdRQTF3dzVtYVdLeGs3RlVEenBfMWozVmFMTW9ZSS1hTTNnY29DaXAxaFduMlJsZm8?oc=5","Xinhua","China","1788915195000"
"Iran captures US unmanned submersible","https://news.google.com/rss/articles/CBMif0FVX3lxTE9WMVV4Y2d5RG1FZWJ5ZnQ3bENUaDNHbVVJb2szTmxUV3VxTmlCVEJCSEd5MnBEVC1Xbk1iallWclhUX0ZERzBXWDlZNm13THNJYTNURXRhZEJQUE9ZbEVSTVBMWF9ONEMwbVpDVHpqdzZpTHNpanBiRHV4YUV1ckXSAYcBQVVfeXFMT1Z1N2pySEpLQTY3aGpIRUx2djZZamVDckZ2MmN6c3J0OFYySmg3bmhOQWVNWnhPU3RoZDQ4WnNTTklkaUgwUk9mOVBUM2JienVpRlZRYUdyaU5udWJOLUFtTmVyUEhHcnowV2pjc1QxVG5yN0poZzVuWTVNY0FZRmw4ZFVITWpJ?oc=5","The Express Tribune","Pakistan","1788914269000"
"US destroys five Iranian tankers, Iran retaliates with attacks on Jordan base - Al Jazeera","https://news.google.com/rss/articles/CBMi0AFBVV95cUxNVmFLekw4OHg1ZUpaLXplSVFsMTZMQU5fWHNxdlZGbVNGSHZTME1JdWdvazlpNmNDdDUyRUhvQnA1c09FdHZoN0x5cTM0OUx3OGpnaTl0TktwS3RQZ3NVNUVONzZLY3pnTTQ2TWprSHU3VUpwRW5mXzJYcU1aNEhMdE0yZFNBS2FDZXE5SlZYeXRHX1BrQm9SLWk3UEt5SmZhWGFGbFdXeWhGdDVqNmlTYkJVQUljQkdSX25ucFhqSjEyeGJGNGJpNkdhLS11TDh0?oc=5","Al Jazeera","Arab","1788912938000"
"US bombs five Iranian oil tankers after its navy is attacked - Al Jazeera","https://news.google.com/rss/articles/CBMiyAFBVV95cUxNbkJSVGdtazRNNUFjVlIzcVZ5Uk5hOUdBRWU0M2FEZF9kYmo4MG55QjExZEp4M1BhTmIxWDB0SHJORFFMaHZYYjlZZndwV1YwV1pOc0tvYjllM0dnLVFiV0prbWphNUlTQmNqT0Zqb1lET3lnRllpWHdkUkhlWksyZFlGN0NzMFVucjR6cjRLTEZkcFZfRU1SYU92S3J4NUhEa0NQOE4zdTRITnFubW1mVGdoRVFzdFpJRWNUWHRiLUFjdkJYSEpJRw?oc=5","Al Jazeera","Arab","1788912457000"
"New US Strikes on Iran, US Slaps Import Ban on Some Canada Goods, More","https://news.google.com/rss/articles/CBMisAFBVV95cUxPZzVRUkVkaWVDMHUtcG1kaDY2Yy1pOEhCd0xqQ0JHdXRhMlZydVQ4MDdheWRpRFZmS2tWWU1EZjBnYzI5SlkwMko3WEN3ZXBfc2hvZ0dlRTZNTWFwaERkNHlEamNMTE5fXzNONUJjTVpsZ2pJV2Q2Uy1QcGJQZFVkSjgtZUFaenA0b1BGa3R3dmFpNXJZR2NjbDBZYk1nRDdTdE1YSlVqbERacHNSVjh6eg?oc=5","Bloomberg","Global","1788915567000"
"US forces hit five Iranian tankers as Tehran targets American base in Jordan","https://news.google.com/rss/articles/CBMiWkFVX3lxTE1YNWJtUDJmUXdQb2JLMUZpVFNTU3llRTdfSHkzQWVPMjdfb3lJM0RhaTJBWk51RDY4QWlQS3IzemgyeU1EcXBVMkRlVXlySHZzQWFRcFZ0eVFXdw?oc=5","BBC","Global","1788914513000"
"Jordanian air defences intercept Iranian missile barrage","https://news.google.com/rss/articles/CBMiqgFBVV95cUxPUUdMekdhc3IybnNueGdjNjF4My1lZjM1eldjcmxHbVJJRTZxMDVHd3hkQUk0ZEJBR3pqR3FwY1NEakN0NlBCT0lGUGdOdjZnTWRqaVhZcTgxQXUzcmVyamxXQnEybWd2WmFZdlBQeDBWSXYwVnVPeEhZb1hqWUY0V2FaV3FpZ1lQQks4LWtKQ3B2emNuX3JfQ1c5eEV0YzktR2NHWDFHWVlYQdIBrwFBVV95cUxNZlIxbTQwbjFCd09XSERad1duYmlyUU5ETmZQMFhVWFZRUlFweUVHUkNGNmNZZTBtU0g3d3VUS3dwRkNONkRsU09qMlBtTVVESEppZHdzR2t6WjdMVDFKOGUtbGdydkRadUpSaXVmc1l1M1RZempsT2syNEJOS1d4a1Fpb2szc21iVEZTeUhyVWdvVkszaHJVaVVCdDhRMzVmYS1fQlRmbjF0UHFDWW9F?oc=5","Al Jazeera","Arab","1788916121000"
"Huawei accused of supplying Tehran with surveillance tech","https://news.google.com/rss/articles/CBMiakFVX3lxTE5zSVpuWHc5OTdLOUcwaTdHRFo3TG84c2tHQlAxVEhNdlhKaUJUZGVJbnBzNGFOd3BKYS1UZTBhc2ktOFNTc3oyOXVSbEM2N2NGRmN0UHJtT0lxc3ZxaU5fdmRpY3lLTDdid0E?oc=5","The Jerusalem Post","Israel","1788915868000"
"CENTCOM releases video showing latest series of US strikes targeting five Iranian crude oil tankers","https://news.google.com/rss/articles/CBMi7gFBVV95cUxQeEt3UWlvemx1WG5yOGdaYlp6MHFEdzd0UVdIdENKUGNlQmd3RnR6ZnBIejdHaFJxR2dPZ21XX1ZGUkxENjdZdWhnRWxZQUlMLUw1V3pjXy01QVFGX0gzQkZMSXA4M0NEMGY2SkNTQnIzUjBfTEJlTThSM2J5ZTN2Vzk3OWpLMzhTdWpmbExVenJDUW9wMVNDTnRBSDlLcEVhZ3NxX1BLN210aHBrTzBBeG5KYlVmU2ZPUDBfel96MTE1NjJkVE9pRGpyY0EwUDd1OHlFb2ZrQVpmQ1VzMUNURHRybmNTdVVUQmVKb1p3?oc=5","Associated Press","Global","1788919920000"
"Shipping traffic via Strait of Hormuz stays below 10-day average, data shows","https://news.google.com/rss/articles/CBMixAFBVV95cUxQbXlWYlQ0MW1KT1g0U01lVldVbGtRWFU5U1FNVDllbEIwU3U2WElRSmw5QUg2Q2w3TUVUNDBUdWRSNWx1emlYRXdjLXY2NFk2VVgzTWExUHM0TTBHRGxKdlJ6Y0tPSUlvTXFoQzU5THV6b2dLbExKbkxaV1VtamZkRkdkMnpZTlAwNXlxVUxnNkZOdzRwX0MyTUNvN1lWVTV5WmtCX01iSmR2QkdESzl4VWlwbndRVkNfQUVBZm9DdDFFc1BK?oc=5","Reuters","Global","1788919680000"
"Latest developments in the US-Iran war","https://news.google.com/rss/articles/CBMijgFBVV95cUxNdjZEcXVpZjVVYUczM2pJTzBfTlJ0ZTMxd3E5V2xNVGpGbjZGVkE1dFh6WE5GMy01NU1qTkt6YzA5eWVMY1dqcS1JTFBvY05KclI5ZWNITnFieWp1LUd3SldDTnNxbDlEdElLRzUtOFBvTVdYWHhsS3AxZU5ncl94SjRSZDBJT1VfNjhZZmxB?oc=5","France 24","Europe","1788919514000"
"Iran attacks US base in Jordan as Hormuz impasse deepens","https://news.google.com/rss/articles/CBMipgFBVV95cUxPX3dxNjNQRlNyNzJTRmlsUU1rZVJaR3IyZUkwSFJqaG45VUM4eDhfOEZVNFhGclpTUWNvNzZLTkhQQzI0OTJmYlBkLWhwR19zd25oNWtRUDJ1M3lfYmtqUjM5RmlORlV6UzRfT0tnOXRhbUNya0hOTFRVNVN5Yzk5NU9iZmN1U2hMekdKaVVRaDE3QUhDX2cxRFNIdmNKXzdHUXBrVWF3?oc=5","France 24","Europe","1788917955000"
"Iran strikes U.S. base in Jordan in retaliation for attacks on tankers","https://news.google.com/rss/articles/CBMifEFVX3lxTE5kMzFQVVZzUlg3czc4VEU1YjlMN2hRRFZLc0hoclQtSVVtbEtyMF94dEk0VHV0N3dfejAwaVRuVlRWYnJuUUFPbVNGREEwaE9yYkJkbjFNTkNZaGZjOVNQeXpUWHJhWlFrQ2xGb0VYSEg0UHhDREo1LW1sNDY?oc=5","Xinhua","China","1788920850000"
"Flash: Iran's IRGC says attacked 2 U.S. vessels, 8 oil tankers in Gulf: media","https://news.google.com/rss/articles/CBMifEFVX3lxTE9DVmFZd0pqdnhjZ0lrbnBRbVpsNjFUcktwamlaNjFHaFdtdC1COG4zT0tLV1FUTE45dDlaTFRhd3h4SktPRkRTaEl5cTh3Uk5uNjFQTkVhUG5yYzJqN21aYmNvTXFpUnpWblZuTTBLcmo4QjlIblZabWNPemc?oc=5","Xinhua","China","1788920340000"
"Jordan army says shot down missiles from Iran: statement","https://news.google.com/rss/articles/CBMikwFBVV95cUxPQjVESGZhWnlKZXNQaThlNVRDa01OTm8zTFNLa1NEQkxlR29UV1o2aEdqaFRmdF90Vi13V0pwbWlZUG9mQkdzWHlOQ2EzX2oyanNUQl9jRFFpX3JWQWhnSm04aTdTcE9SVl9yQW1QMDRqR0JQWW9vdTVSQkhHMEptRk9fODREYWlpUjg5d2hKTHZRZ2s?oc=5","Dawn","Pakistan","1788919804000"
"Rubio says Iran will lose tankers if it tries to hit US Navy ships","https://news.google.com/rss/articles/CBMiogFBVV95cUxPc3U5YWUyWnpiRGpwclBDOC1LVFpucmVxaEc0T0lWZ2x5SkE4MTd1cTVoZTFXa0NRQThwX1Nma19uRTJ2eFlsZUUzb2piQTBiSk5ZR2drR1dFSXYyUWRKTllvd09HTU10SVVjV0R3bUFzTGJ6OXBsUDdTbFVvS0psam5RS0txbzhxVEVVLS1xS21iVkhOa2xBenlOZVYyY1ViY1E?oc=5","Dawn","Pakistan","1788919776000"
"Iran Guards say struck US base in Jordan: state media","https://news.google.com/rss/articles/CBMijwFBVV95cUxPQ3VVMXNxNW1KYnlUdTRzSVE0R1VzTkVIX0htVmNBSDBlQ2g5cm5PVUYxRExKZjJaZTQ3enJGS2dBQmF3aW1aUUE3allNTERjRnFKdS1qaU81Q2tYZjd3YXo2WnQ5aDFMdDBiLVBsYnl2Mk00dE1IalVTV0lJQ1IydU5jckZzNHdKWENURVJ1MA?oc=5","Dawn","Pakistan","1788919644000"
"US says it destroyed 5 Iran oil tankers after attacks on American warship","https://news.google.com/rss/articles/CBMiqwFBVV95cUxPRUkwcndGVDYxdG5Fd2dlSDE2OWRpVFJRTjlyMXQxOTFCNTNNZ2w2RHBMNHg5TGlyRkFYRkJBV1NlWHpYZTd5NTV2Ump4MDBVQTVCWjZEY1ZWLXdkLTZxQVotUEpDaTJENi1qNmxVUDRwRkhtRmJUMWlfVjZJcWNWclEyd2oySUFIN1NEQUxsZ2xtVDlld3poOEIwTWd5UGNVSmZ1QUdyR3NCdUU?oc=5","Dawn","Pakistan","1788919637000"
"Iran launched an attack against US Navy Ships on Monday, WSJ reports","https://news.google.com/rss/articles/CBMiowFBVV95cUxPSE91SG1OZ1BfWjJvZ2tjMzk1YXBxMkZ2eWJDcU1jNm5OUkRRd3lnWWxZLWVtRjVPUGVvTFRFZlpieVJ1blptUWw2ckVRSEZxeGtha3kzUEVobG5CMWVhOXhVaF9kSV9HN3ljLVU1bmJGaHhJSWVYbGRlQnJBZzl4SVBoU3Z5c09VcEp6NVFpeXhyUU5vTmJlckJWNzRXR0gxMzB3?oc=5","Dawn","Pakistan","1788919588000"
"Iran media says US missile struck Iranian tanker off Kharg Island","https://news.google.com/rss/articles/CBMioAFBVV95cUxNZXhmQzhoT2llYjZXZVdUUkFyMmMxbzR0cGhjYXJPeW03TjFMeXFFa3pmNVRJZ3M4TVFOTXJBOVVXM3B6WXh5ajF0LU5hWk5jel9JemFjWUpoUHJnS0xIYURreGpyRG1JQk83dHR6VG8yMnRXUTFrUnBWUFRMellvQkZ1czkycUgxSDl5MGljUXdXdHhDRGNOZkZEUE5IRi1B?oc=5","Dawn","Pakistan","1788919158000"
"US attacks 5 Iranian oil tankers, Tehran retaliates with strikes on Jordan","https://news.google.com/rss/articles/CBMitwFBVV95cUxQSVZkSGpmVEVQUWxwTVJzMktrLWQ1R0RESXZqbktnZlo3SmJGM0prNEs3dVg0UUp3WWlzQVdZaUdONHQwOWFwVFU0R19hbm1zZGIyVVFqWkJ3S2c2dEpQQUJ4SHd4VE52UXBwa2pHSGZjWFd3U0xQeTFLQVIzZFBQdS11Y1VoY3NzVGlsTF9WYTduYVVZaUhlV05ob3c0RWFWY3M2Q19zSnlYdkpOTW13LUZrdFpKclk?oc=5","Al Jazeera","Arab","1788918750000"
"US efforts to choke Tehran economy are working, WSJ reports","https://news.google.com/rss/articles/CBMiakFVX3lxTE9kRGpFMU9xZ25yT0Z1S1p0a20yalNyaGlER1Y4VXZ2aE1LU1dGR1F3d2NFckViMGxhZmpFOGdTZ2RZbkRHa0lDN3NuakdOM0dlb0YySWVKNU5TRHh2YVJ6N1FyR0ZlRVlxa0E?oc=5","The Jerusalem Post","Israel","1788921918000"
"Iranian Guards say they attacked 2 US ships, 8 oil tankers in Hormuz after latest US strikes","https://news.google.com/rss/articles/CBMi0wFBVV95cUxQbm9ybkNBdHpNLTlmYVBYbmJBYS0tRk9ISVZ2b1Bac0RGLWlmRmI3T1BBRXJzQVJ2WmZmS2RlZ01MTDhHeEJrR09oUURNSzBpbmFLUk44WVhkUnh6Q3JiMGNQVVNrUjBieE5CUldEYTNLMEt2eGpKN1pNN05vRmU1NEVYVUFrODlBd1JLaW1pU2RmbDZaT085eDh1T2Y4eG5yUFhqeXJtTG9ldkpNbVowb2s3c2gzVi16a2dzaDRIN2hxaUNrbjN0TmZzdjJNc3FMVEJR?oc=5","The Times of Israel","Israel","1788921903000"
"Urgent: Iran's IRGC says attacked 2 U.S. vessels, 8 oil tankers in Gulf","https://news.google.com/rss/articles/CBMifEFVX3lxTE5YVHVLaXpWeGlNRnFfeFQtTkFsakNSMGJuRUFOeDNPSnViSm45STduMFNhSmRyU3ltX3NGRGpoUTNqQkd0TmVJQjZuS3hyTWxpOTR0Ykgzei1vVjI5NG55bDc3ZVZ6NjZLSS1oSXViT3BGeWkxUUVmY1BBZVE?oc=5","Xinhua","China","1788921525000"
"US targets oil tankers near Kharg Island","https://news.google.com/rss/articles/CBMijwFBVV95cUxQRHNZWHd0TEJhd2E0UV9YcjdpY0FHN2luQWQ5bnlDY2Vlc01OZUYwb1FpMU5OdHg1RHJKVkVIUnZRTkpSS2dmZWx4cUVtSzJrb1dkRC12OWo5Z2FOUzNLb1JhNzkwNVdnMDhsQkJHUkdtY3pLbTBDbnVLQ2h0Y1gycHNSTEtNQXFjNThjVkw4NA?oc=5","CGTN","China","1788920678000"
"South Korea Sends Team to Mideast as it Weighs Hormuz Support","https://news.google.com/rss/articles/CBMisgFBVV95cUxQN21pdWFzUXVJdTVfaHp3SWN4bUE4dDRYc2p6SFZITktYbzdveFRiYlozMHE2dERONUF1WXhwa184UHkybFJRNXFrRFlyNmVuRXlVTVJLWndILXAzZFpyWnRtWjVIY1F6YTdSd0t5N3RuRndhdktBbWRtdmptRktSd3dYNTlvU2U1N1AtMnBuOWlSYUxkOG9xaWo3UWZHanNXb1k2Z0ZvR0VqajkzNlRIRWFR?oc=5","Bloomberg","Global","1788923280000"
"US sinks five tankers as Jordan intercepts Iran's retaliation missiles","https://news.google.com/rss/articles/CBMixgFBVV95cUxOdk9TRVJmNG5GSW1SOWRzRDRlRzlaU1k3QXk1MGNKNzF3aURUUDZOOFFnZ3VueEhrNFFDc0hyM0pFZ2RCU05mdDlveWFpcUZxLTRBcEk2QktmZjlnb3QteEJaMlU2TEtwNHBLaWtEZU5BZlVxUVlDeGJoTHJYOEcwU0ZuMnN5RENaTFNhVE5ITmtxZmNzY0ZJMmktUXpmby1tOVFfU2JjQnVjZUh5UE95SC03MHcxT1o1R2tMUVBaTXF2N0ZyV2c?oc=5","Euronews","Europe","1788922957000"
"Oil Climbs on US-Iran, Trump Bans Some Canadian Imports, More","https://news.google.com/rss/articles/CBMiqwFBVV95cUxNUmQ4LUYxWTBCUnk1UkRXcnp1QmpFQWtfZ0RtOEFNTjdPTlBlcXktbXY4elZ3YjdmRW5mVXFFN3U0VUhPTGtpa3NRQUlqVGVuZk9IT1RaaXR6NFdYQTlFcVpaUkFXVm05b1YybHYtOVpCNEswOVNWbloxWkxMSC1IaVczZEZFcVVDYWpLR0ZEOHBkSjhwZjBNTFhXTUI0Wk1nN2xvUVF1anRaeGs?oc=5","Bloomberg","Global","1788922788000"
"Iran’s Guards say attacked two US vessels and eight oil tankers: state media","https://news.google.com/rss/articles/CBMiuwFBVV95cUxQTThQdmxuZ1djSEV1dUJSZjRmc21SbGNxalRPU3JfR2t0dU1ZVl8yZ0x4VG8tZHJNNTJiOGlOYkRDYWlrS09saDlyTUZ6MGxjRkdPSFRuQjFBTlpQN2JpZDh6eGRDdHlzNlVEUGxzYUlhMU5ucDJRMTlSakJzNkwtcXlUVGhuVkh4ZmxUamRkR09NNF85RDVYN3ZFSERtVXZyR3VWcWxKZzJVbnJlNG5pU0M0V3RTeFdaWEU4?oc=5","Arab News","Arab","1788923801000"
"WATCH: Iran launches large ballistic missile attack on US bases in Jordan","https://news.google.com/rss/articles/CBMiqgFBVV95cUxNZnVlamttVmtHU25EVGFKS0tGRV90OHZSa21NS050Ul85dEVJVWM0cFQ5SkxrT1BKcEtVYkE3VjFYYk9XM1RVYl9jZDNFN2JRSmowbTNmcjQ0cG1Ta0EtN3czWXIydDR6MmhJa09SdUVwM3F5WE5ISnZ3ZG5JWnZ4WWVZYzZVRWszNzhnem01d0JmMVJWNk5HY2dwZ2FXaVJrOExrcmREOENqQQ?oc=5","Dawn","Pakistan","1788922929000"
"Iran turns to crypto to get around sanctions","https://news.google.com/rss/articles/CBMicEFVX3lxTFBzN0lFeTJ3Q3Z3X3dQMjJMS1VkSG9zejdDc1VRd2VVMXlmRi15Wmlyal9EcUQxYUFwUGRRRVZlWUhHYXkyQUVYNDJpNEpha2tOSzRvWlp3UUNBOFZGRGhJRkZBb0d5Sm1hM2o0OEFNczE?oc=5","Financial Times","Global","1788926407000"
"Watch Brent Pushes Toward $100 After US Hits Iranian Tankers","https://news.google.com/rss/articles/CBMirAFBVV95cUxNc1RXemlBYXV3VFFBNGFRblcyMmNBNHNEMXEtN0VpQUdFcTVVM21Bc2NNT01ONG1OWGw2Wm1pNGhNSHd3Z0RmTmZKMWhvaXJJSTVjYmJhNjBuV3JxaHduZjRLeEpPejBJNDZpZlp6NVhPMGlUUmdzOXg4bFJMNGZvVnpraHhYWnNuZmhRbW1WNkNncDlPZ0lKQWhrNl9XZlpYbUJtanZQTHRyM054?oc=5","Bloomberg","Global","1788925442000"
"Iran attacks US base in Jordan following attacks on its oil tankers","https://news.google.com/rss/articles/CBMi2AFBVV95cUxQWlMyZ0lLWWI0WjN5UERZeXNoY0pjVFQ2V09kQlQtdHVfQ0lyRHNTRHcxQUlidWxNVGNCQTFKVFJfdUxLQktnWURNVHJEQVZzaTBpbVlzcHZUeWg2eTY4Vm9mUEU0d3lGSmRuRWhXTXdaS0wxUXhfb0pxVmNCeENfb0V6V08tY0dBWk8xTEJpZUh3cFBRTnJYYnczX1ROOWtMRlB2MTlBdlJhMl9qWlcxM3RhOEQtelptTllJRDFiZmY5Y0NLY3lVRkFUNnA5RWhwcWpVQ1ZmX1Y?oc=5","Le Monde","Europe","1788924441000"
"Iran war live - Al Jazeera","https://news.google.com/rss/articles/CBMizAFBVV95cUxQZE9hNFlCdkpBc3FYVHlrMklkMm5oSlF6X3V4WmFYMFV2NnU1dTNUUzg4MzJoUXBpNkxNUEtzLW1WNXVkcUJMUGxTc0FtaDN4ZGM2YUNkbFNEOGNnRFZNa0tybEtZRjVBRDdsRTQ4emxVTFg2TE5RZ1RyampiaW9QR0NIRlhSNmNENTROdHVMVkVZN3I5V2xPVzBVbmEzeWM5c0d2UGpUc1ZDUTl5ODgxUWxMMVR1NUlHeDhCVkZSMFlFM2JTUHdtNGM2Zmg?oc=5","Al Jazeera","Arab","1788924753000"
"Iran says it captured US submarine drone in Strait of Hormuz","https://news.google.com/rss/articles/CBMioAFBVV95cUxNMmI5LWFCdUphVVBua1ZQNjJDZTVXdU5yVm9sQlFuUXdLcWE3a3ZQTHotWk9EQi12Q3pMTFBXX1pITlEtZ1NLcElDdkpRSzN1Q3pHVjVTOU0yRmlmbk9rd0V2TGU3RFFxeFJiVXZJSkpJMkJpa0dVbVNBcTI5S3B0WWlLN0IzQmJsSnNpMDBLWFZGb0podE9mYUJDV1VhRTdM?oc=5","New York Post","US","1788926640000"
"Iran Signals Readiness to Escalate War With U.S. Amid Rising Economic Pressure","https://news.google.com/rss/articles/CBMijwFBVV95cUxQdW1lN2hjSFlvN24zcWNhcTlQNGUyb3pkQ3JwZTdIeGU3eTB1bGJaSncyM293ZWRGM0F4QlFoN01FeHFOUjZ6d1k1cHJ6ZGVPdlB5WDY5YTBPV1hYUWRMRVNXNi1aNjlaaG9EVG5NbTlEMS0wbER6X3ZaSWlUNGFtYTd5NWhZR2VwNjZBUTloOA?oc=5","The New York Times","US","1788926466000"
"Iran-backed fighters in Yemen and Iraq are joining forces to threaten the Gulf, officials say","https://news.google.com/rss/articles/CBMijAFBVV95cUxNSjAwQW03RTlmS252V0pNYjVyS2ZCWjVKUWpDVmVSVnNGSkhwQ1ViRzRfVEFmdmtoQ3UzZFVoSkVvNG0zTGtzS3BwTTdvSXMyM2RmX2N6YkpnNms5amxFb2tZLWg5d0NyMXJRNGVxYVMzaG40dmxFd29kMFc0aThIbjI3VzdSSzhTVmJaOA?oc=5","The Independent","UK","1788926340000"
"US strikes destroy five Iranian tankers: CENTCOM","https://news.google.com/rss/articles/CBMiVkFVX3lxTFAyUkp0TkNmRmU5NFkwV3RiUlhmUEZGSURLOWU5cW85RGktNXJWSG9tZnRKekt3Q3ZCNURTSm5ReElwM1NpUUgteG5JX0wzeVk5MXZmdjJR?oc=5","Fox News","US","1788925986000"
"U.S. launches strikes on 5 Iranian oil tankers after latest attacks on warship","https://news.google.com/rss/articles/CBMizAFBVV95cUxPYXl5NEhWdWhSUHJZanQ3LU5Jd0dyWHhUN1RYVVROUHFWcnV2WjEwNzl3VWtjX0cxanNGanNUV1NEZGZTeXYwNDh6T0tIT0hQYkVsTzZGNzA0SWlONVZWOEZwRmY1OWdGUmZLMmkyNWt2Uk5fQnFNWVF2ZlBXcmdfdmowSG9fUWJBWFE1MHU1bXdwYUpsb0EwSEVkSjEtYWFvRWpwd2lvdUpZZWdXOWNlRm5wRVV5N1plM1RUMGpXc1BwWTEwcWYyaDZ6emk?oc=5","The Washington Post","US","1788924974000"
"Iran-backed Houthis claim attacks on Saudi energy sites","https://news.google.com/rss/articles/CBMiVkFVX3lxTFBQOXdEODZZX3VlTm9XN2phalNDLXEzdUw3dmVqZ09BSzFmLTFFVXZaS2xHblpOVWJCSWF1YjU0R0w2MHN5ckZKenFtcWdhTEVkUWZZbnB3?oc=5","Fox News","US","1788924897000"
"Iran attacks US base in Jordan, ships near Hormuz after tankers sunk","https://news.google.com/rss/articles/CBMiugFBVV95cUxOZ2FPaUNRYjRBWnd2cmxkT044cmZYbENZYnhTWXAzUGxadUpEZ3N3aHpVSEtodVVsWUt6djBaeFhjUm5JOGVrNEE1SXlaUkxoSzBVaUpaWjZTdkdXZzItRTFOaGtMZWVtbEhpdUFSUWgwczNXa2VqZ3ktdzVhajBmYllFNVJIaUxnMDBLazE4S0VSTzZSbVFxMDZSUVY4aHIxVmhkcUpZeF85TzZYV2tqWkE5bVNWM29qWlE?oc=5","Reuters","Global","1788926820000"
"Iran turns to crypto to get around sanctions","https://news.google.com/rss/articles/CBMihAFBVV95cUxORE16aWlUYmRpRzFwb1BEdjdILTBhTkNTSGpvZm0zR1JRNlUzSmtLT19yWURKRjFDejZOS0hEeGk2bU5TSXpPQUlOWndVRVRVVC1XVWk2ZWpQbjg0ai1WUU0zR2VmZllWS2lKcmN1N0hjZ1ptRlRVejVNSlhtaVhfVmZHTjA?oc=5","Financial Times","Global","1788926457000"
"Iran-backed fighters in Yemen and Iraq are joining forces to threaten the Gulf, officials say","https://news.google.com/rss/articles/CBMioAFBVV95cUxPYUlhdGF2S01mUGpTS0hvUFVxM1U2LXIteEJDM0dXZTFVQW9ZUnoxdklLdXlOUXhpTWwtN2VpSnhwRU1SMFE1QVF5UEF3bUVZaW1pUUZUV2xSYmg2bjE2ZkM0QVhvd0N5MVRqZFJCMHNSRzNqM29uSkdVc3R4a0NtMU9yR3U3azlOZ0JOSTV6eWFrOVNraUtxNk1STmZoRE9h?oc=5","Associated Press","Global","1788926340000"
"Iran, US Trade Blows as Hormuz Impasse Deepens","https://news.google.com/rss/articles/CBMiiwFBVV95cUxNZldEdFNZaTB0OEhnV2RocF9iLWFHd3pHNWlzY0d5MTdPcl9Gdi16MFlpRGlBdjUzY1o3TUluanBYalhQQlRGQlZpQTJTM1lWbDAtQS1yMU8tLXVxMEdBeTNjR1Vwalg4R2lkcGJxMVoxd29RY0ZTelRkMUFkSG02ZUJLOGI0Y2NXalNn?oc=5","Asharq Al-Awsat","Arab","1788928026000"
"WATCH: Jordanian air defences intercept Iranian missile barrage","https://news.google.com/rss/articles/CBMinAFBVV95cUxPcEthYzhvbkRDMjFaT28wRU5qWFREcENRblltU1pKc0l1UU1TN20zVmhqNjJidHkzTjkzcWwyc05RRGdNREN6UDZBekZqRGJ1b0htbXdyTTJocDZSTTBnMXFfcVhBVFBHd0NIaVo0b3pGQkNBbUpGLThLa0dzZmhvOUl0SHByUVdBRmcxMms3ZDZDTW9JT0lxMnhiV0w?oc=5","Dawn","Pakistan","1788926403000"
"Huawei heads to trial in US over Iran dealings, trade-secret theft allegations","https://news.google.com/rss/articles/CBMirAFBVV95cUxOUkN2S0JCeEI4UHhrSll6YWdORVpERWRTYlg0QTM0TzdXMVV5REtpbHpfZ0F3LS1hRWVaRW1YQl9STHhjU2NoOHVUclhDcHFBeERRQ2NNdUhDZERhcVpCS1FUa0dwejVsQTlZOFRqRm8wOTFRMDE1dEQ2WVVTdWt6Qi1SZzJ0cWZFVm5mczJIdVVpZTdyS3NzSDg2MF9hRmFZSTUzV2gxcVdEc1830gGyAUFVX3lxTE1KaTcwTGQ4ZkZmZjlBTUZFazZ3UHFNczVDMFF1REhncTJBRXVLbHluaUJNVW45R0Z6a2FYNVNyWXlCVUJaaUdTLXg3NUJ0SDMxX0lVaWc5NHF3ZzFxc2plUDNrTXAtZF9XRXNMYlJPaHdXd1R2enNlNGVyVmQ0OXctYXRLZHdZZV9Ub25IVi1aYzdmNmkyTW1LcW81eXNacWFRY0RuMVN6bXB0eWRKaDZ4OHc?oc=5","The Times of Israel","Israel","1788930006000"
"US-Iran Conflict: Rising tensions in Strait of Hormuz put shipping and livelihoods under pressure","https://news.google.com/rss/articles/CBMieEFVX3lxTFAtUFVTMnRrcldRTVRyMGZ1TDl6dHdOVHJXdFRFLUpwZ1V0Z0JoRW5Qb1FBanlzNmhiYldYYVBwSTVLUGRRTG1DZzM4NjhxRkk2bEhmOFlBSHRBeXljMkZMaG1hMXVpdDJ2bHVCSGFpQXVicnpHMVBpaQ?oc=5","CGTN","China","1788929722000"
"Yemen's Houthis joining forces with Iran-backed Iraqi forces to threaten Saudis and the Gulf, officials say","https://news.google.com/rss/articles/CBMi5gFBVV95cUxPbWhBR0d2Q2k0TXVJNzFONGJNR2k4ZWZhWkFCV0RsbXRVVTE2VjY5Z0FKVlhuVTBWc3ItQnFYNlh0VkRudmRmVjBac0dPVXB0VW84RFhEbmwyMl9IbWhGbFBueWlpdHpiaUpvM3l2VmI2aFZHQUhnX09KY3ljRWFkZlExS1RtVEFXd1U0T0Vic1FfeXluVU5mNE04TTZvai1JZWdfY042bTU5ckFTUGpjQXhBWF9fU0FfOF9rUmJFd2kyd1BkU0lnMGN1VHQ3cG1oR283bWVMNDFMVWlwcGM5QTJ1LXpQQQ?oc=5","The Times of Israel","Israel","1788929446000"
"US-Iran Conflict: Iran warns ROK against military involvement in Strait of Hormuz","https://news.google.com/rss/articles/CBMieEFVX3lxTFBiRTBRVGNOd2Vzd0wwMXRwWmlFU2hHM1BTdEhvSWg3ZDVIdDg4a2VMTGEwbkVMclhXZlFpWXpMZWZkWkk0dkhma0Rld1ZfX1VSc25NWUlPLTUzTUdxdWh0b0lhZEhqdkRlNjl3Z0E0cU5WTjNYZE5VeQ?oc=5","CGTN","China","1788929121000"
"Iran attacks American base in Jordan, ships near Hormuz after US hits oil tankers","https://news.google.com/rss/articles/CBMitAFBVV95cUxNc1Y3MHdEV1J3dDZuajJ0VktZZkE5cjlESkVuMThyR0RlaG1FdDBOd0RlSVhsRUcxcGV6YkNzN2VSNFZHSFFkajZSWnEtbXpHTUw3RW1EV0huUF9wU0F4Z0I1Q1F0bDRzeEk0eTR6bWZKYkVHZE4wb0ZQOVljLTdfU05hWW9rZ0Ixdm16RFVkTTlsRF9jbDFVNTBZMHl0cmtXSnlrVlRkcC12aVg1TkdYODJaTHTSAU5BVV95cUxPSnR3SUNVNkVJRVpZa2xMS1RLeUdwejdXNFZTUEJ4X1FKZWZsbjJmOUFXblVFY2phTXI4aGFiejZRYVNUblhRdUc2SDRuVnc?oc=5","Dawn","Pakistan","1788928410000"
"Family of Lindsay and Craig Foreman mark 600 day Iran detention","https://news.google.com/rss/articles/CBMiWkFVX3lxTE5oUTJDX3pBTEdJMTFvWXZEV1hZbXdTUGM5SF9rR2VrT0wzNkdRaFNiOUNNSW5pZHlhRXh3NlBneU9RVk1qMXJ3SzVtNzhkakU3UWV2cXpJaTZjUQ?oc=5","BBC","Global","1788929997000"
"Mareykanka oo duqeeyay maraakiibta shidaalka ee Iran xilli Tehran ay beegsatay saldhigga Mareykanka ee ku yaalla Urdun","https://news.google.com/rss/articles/CBMiXEFVX3lxTE9ZWU9RS2NSMURxYzZUSzJhOWxBV3BaT3lUd3hzVjg0R1BJSFBPa1hFOHotWEMwVTF4U1o4MlBvZFlGY2RLUFRrLXZId2JxWENmYmlZU2hzNjF5aWRw0gFiQVVfeXFMTmJqS1kwMEE1MDB3U2xDVzBaZUFIMmFjM3R5dGk1aXJFQXRxbUIxMU42RE1wd0lPRkIwaldhUjRvbEZpUzlBSHNiUjB5LXEzRXU4dmpHa0hOV1ZrU19UdUpMRXc?oc=5","BBC","Global","1788929995000"
"Families grieve in the ruins of an Iranian school where a US strike killed dozens of children","https://news.google.com/rss/articles/CBMimAFBVV95cUxQUzlLLWt1b1Z1U20xMEx5YzBkS2tDX09mZldObGFUQURPQUdDVnRpcUdYU3BiUDVDbjl5dEtpZC0xbUtwWHNDT0tYcW1ERjd6dnFVdnZGY3JyOHdpM3NBcFZkX2FqUDZfbTF1Q3pNQV9zUEk0dFVjMFE5VjhZWU5uZ0gxQ3JJTXJ1SmFsMzZTRl9ZWklLcXZqag?oc=5","Associated Press","Global","1788929880000"
"US-Iran tensions rise after tanker strikes","https://news.google.com/rss/articles/CBMiZ0FVX3lxTE85amtPZE02NmhVWjVVZGhfYmpSVGlMWE9NZC1WdzV0QXVKaWkyeXpCeE9nNUM1R3djT1BqMFV3al9mZ0RXc3B4VDAxMk1Ka0l4NzJFb3lPUzNIQkxDTFVFMHljdGZra0k?oc=5","Reuters","Global","1788927840000"
"Iran’s Parliament speaker hails IRGC capture of US underwater drone as ‘knockout’ blow","https://news.google.com/rss/articles/CBMiogFBVV95cUxQRm5XZHBYZC00Z3dxVXZ4NE9nQmlWVGVqbS1wS2FsVWRpbmVzQkZ3bkNxdElmckFmU1doUzg0SFhBNGJoLVh5eFVvUFVZRnNreFRpdnptRWxRdGJyR2hTbm5MZmcxaWVORXNtcnJGSDdLM2NWdW5DZzBuVDBVYW1LMFVSalgyVVZtV3lMam9hNjdGTngwSDJpd1BRb01rSDdJSGc?oc=5","Press TV","Iran","1788932160000"
"Hate Speech and Attacks: What Is Happening to Iraqis in Iran?","https://news.google.com/rss/articles/CBMinAFBVV95cUxPeVg0RWRwQmtFZGJlMmlzSWd5VzJqMUlLSWdjeGR4a05lZHZpNVRmbFdrdUR4RUU0Vkh5eV9Gc0xMVmNrM2pKU2gxTHJodTlDYkItQzNSenpvNHVwb08zYTF2LUkxRXA3VUZsZTNvZjJGZnlkWkJBQmxLZC1tOWRkay1WMThzMThVNm1laGJsek5sdi1mTjYzZG5WTTk?oc=5","Asharq Al-Awsat","Arab","1788930979000"
"Iran attacks US base in Jordan, ships near Hormuz after tankers sunk","https://news.google.com/rss/articles/CBMipwFBVV95cUxOcWpNZmZpMjJrbnR6VzRPNjNsUExCRkI4dXRBU2docng2OHRxVGFWeDhFbmkxQklQdmpQTUNyclpJY3k0NnVybFJSQXE4bTY0M3pxaGJOYjlJN2RlMzNpTE9Td25aR2xYMUlteHNuM2lRNmx3WjJkQzIyQmxYRGstbEpIblh1WWNoRVJOelJveWNWaUVPQjRmWE96ZndrWXZySXFZZFEzZw?oc=5","The Express Tribune","Pakistan","1788930923000"
"Iran, US trade blows as Hormuz impasse deepens","https://news.google.com/rss/articles/CBMilAFBVV95cUxOZ3lLdGVOMDB5b19UckpHVHZyQ0ZDWmQzQmgwRVFHMmhNakd6M1pOaWlYZWtaZ3FoLVVXd3IyaUhFWDhwdzdKaVYwQ2xES0lZTjlrbnJjUEx1N0lIdWVQVUxlTmpPOHBuWDRLVHJKTUhmWWZ0azB5UmNCNmFJUkhiRVptVzBuSXBnY1F0ek9xMFc5Mm1t?oc=5","Arab News","Arab","1788930690000"
"Iraq Weighs Moving Factions’ Weapons to Iran for Storage","https://news.google.com/rss/articles/CBMipgFBVV95cUxNMEhJbERmR2o2RDVSa0ZPRzc5VDdFYzNrajNwSS01dGdfYzQ2N0h4ckZXRmxuVEVYWEpwa3ZpNzFidU1yZ3YwTm5yV3RrQ0tSSzJEZmNEODJjNUFBR2lYX1I5Q3hJdl9pUEFiX1NxalBGN001eUMxeGVGZ2h3VV93MHNIRHZ0TzJXSzNCclVYVXBNUC1idzBlbi1YaFFPbGtieVlyVHlR?oc=5","Asharq Al-Awsat","Arab","1788930603000"
"Japan's Taiyo Oil raises US crude buys to 60pc of imports after Iran war","https://news.google.com/rss/articles/CBMiqAFBVV95cUxPR0hVaHI0ek1MZ25TUm1Ec2MxOXo3ZjVndkNBMHRESG14U0x6OEttSDhFcWVvd1NSRVpGQUZXS3hYSWdndmE5OElOajJ5R0lWdFVoVmhDaWw3c2VPUi1QTnpKRDd1QmdiSEt5U0d5SVNZam5mWm90WVkzLVQ5c3VzUzZ1RXo5aFN1YkltMGpsOXVaUV9zcnR4Zkd2bGVrWWZtSU15b0ptMW4?oc=5","Dawn","Pakistan","1788930123000"
"Families grieve in the ruins of an Iranian school where a US strike killed dozens of children","https://news.google.com/rss/articles/CBMiyAFBVV95cUxPTHhKd2ZEdjZRcm44Qmt0b3lGejlHZ19SVExKODRzSUpvYnFrd1R5U05JTWxhR2tiNF8xNUJ6WjZ0dE4tU3hpQnZhQ3VQSzdNYkY1M1ZRc0x6U2lzZUhybUxaSXU4RjBzQmRIcTFZTDZKcXdOU2k2c3NjcTE0aWY2SDJjRTh3QWZSWDJQUVpiT3pibXNKQVNMeHY3amh0bk5Na0k4MWxERVIxbmFnMWRpRHFCTjZmNUJnR013dDFjdFFNV3ZKNFlkbA?oc=5","The Washington Post","US","1788930836000"
"Watch Oil Prices Closer to $100 After US Attacks Iranian Tankers","https://news.google.com/rss/articles/CBMiwwFBVV95cUxOTWd1SzFSYks5ZlQ0UEk5aW5KaWxsQlNlZklRdTBVemg1TmNsTWVQWkRrVnFLSTA3Q2JESnhpcHFtODV1YnJ3bjE5S05ZR3NUa0s3NERIVEJoejlTNE1abV9mRFBCOTcyMkZ5N0x2WDFGODdfNlg5UzNMOExIcGtwZFgxLTAwcG56YjFKcDNka3Z3R3UwV01ITjBMWG1EYm1ZWjBVZENqQXh2ZENtemRVS0hPRDlzdEZOR2FKT1RCZkZja2c?oc=5","Bloomberg","Global","1788931492000"
"Pakistan Gets LNG Lifeline as Stranded Shipment Transits Hormuz","https://news.google.com/rss/articles/CBMitAFBVV95cUxPZVBhTmhYem1YcUMwTTRJSnhMcWFFNndnazZEUldpWldUQW1sWnhSbG9OWHNVX0RyS0cwSHBSbloxU3JGSHQ4UnZmbmdTMkI0clVpNTMxbVlmTUdpTFdMUXdJVWVqU2xyQmNTQ0NMWm1hdnBaZ3RweDJnSEJqcHdSVXUtb19HN1ZJMFNwR0dBRDY1dXpPT3BHNGYteWxMY0hrUnRibnlqSG5TZ0t0ZDNhRDRuQk0?oc=5","Bloomberg","Global","1788929460000"
"Why US-Iran war over Hormuz is threatening the Gulf’s waters","https://news.google.com/rss/articles/CBMioAFBVV95cUxNT3BYaS1wRXV4OVZnNUNWSExtbExoTnZMSjZmdlozVDhscmdZcktaMFhMeVNYekJqdXZMRVlXcUV3WmZ5Tkd6M1F5RlZjaVA2c1EySVNsbVlUZGY3X1NhZjN0alpYQnlRZ1dfczZ3TEo4Y2Zjb1NTeGU1UlVFTmVUMVRIZC1TUGZJYU9DakFYVS1zY3AwZzlBSDB3Mnl1UzZm0gGmAUFVX3lxTE9VbkdXOGFwRnNnVE5fU3hZcm0xMDZ0QXF3b0VjWUU0UXR6THJ6dXlCYWJ4NDFuT1E4WjVzclFWbWViMUI4UndCQTM5clUzT0NLWFpNZGRNLWdVVk5BdUhIZzB2ZTJBMHhDWEZlSmthNXB3WXZvZjZCREg2ckJ4cUEyanp5LWUxVElnaXR2cmxCM0xUSXF1Xy16MnFueXhNWUFjeVdlOGc?oc=5","Al Jazeera","Arab","1788933152000"
"Jordan army says shot down missiles from Iran: Statement","https://news.google.com/rss/articles/CBMiswFBVV95cUxQU3dQcExCN3h0UGxHcFl2Uy1JaVduZnFCa29kNjgzaS00RDNqVkFHVjEweF92LWhlUDlibC1HT2I3SU5YeFZsaU9qcnNvcXNYOXdwY3BscXlUWEJXVmhQajNaWDVUS0t6THpkUmEzMENHMGpvZ00wTVMzRURsRk85eGx3ZWZfS2d3azhMeVU3Mk4tMkhQY3cxV3NMcVptZEN4SGg3amNLMlF2ZlhQN0dWSl8xQdIBuAFBVV95cUxQY1FkRTlsazh4T2ZKVFlBZkNxaVRrYk5tTlQxUjRHRWRCWEFIRlhfTjY3Smg2MEtBRHdHTU9pZE53LXJPZUFldFllSDZ3VENlRVpsR3VacUVhbE13ajZTWGZ6X1FaMUJSUnhrLXc5aXIzNF9rS0hleTdaenBnY0VER1k4ZW1peEhRbFRDSXJzaDg4WVhsZ21aWVRKZ19yOEVtT1pVT01rT3o4T0EwWUY2YWs2NEY0WGVk?oc=5","Al Arabiya","Arab","1788932940000"
"US military strikes five Iranian oil tankers","https://news.google.com/rss/articles/CBMiowFBVV95cUxQblQwQkJqVGlXOGt3LXM1dERyc21DXzdLc2djc0d6ZVRoanUtZFRJV3EyUHl0U3hBT2hXMzdzS2ZiNlE2QkdjOFp5TWRhNXU5THluclJEakdjYXhUS3l1bXlUdUoyRFh2M3JKUE9DS0pRSXY4Vy1rVzJhSmJjeDdnVVowU3FvOUNlQTlxOEhjZ2drZGhJdzk0Qm02UGdySU1oYUxN?oc=5","CGTN","China","1788931408000"
"Photos show what remains of an Iranian school where some 120 children died in a U.S. strike","https://news.google.com/rss/articles/CBMi1wFBVV95cUxPR3hZRUxwU0dWUGNid1phZWo1V1pFTnQwZXFTdDJKWXpEaEFoYkl4a3ZUS0t5WHF6ejJPZUtmOW5XbXZlVUxLc1JRLXVtOGN4Znh6M2dyQWdpWDZPSHFBRkhMNTExanpKWFd4Y1lyZDVEbTFpOHNmVmF1SndVWDhFS0RtSDNaLVBoNGNXYnpjY0sxNFpodU1uNWRpVmNXVTdZYjRIdUZNaXh4dFppY1Z4dTJ4TWFFa29INnUxLVhCX0xYUHpoOTMxcnJTUmkwdnFCRE1SN0FHaw?oc=5","Associated Press","Global","1788934200000"
"Watch Oil Prices Closer to $100 After US Attacks Iranian Tankers","https://news.google.com/rss/articles/CBMiqAFBVV95cUxQZTM0emtmbVdBQ2dJS01TQkRWT1lrYk5NbmwzM3VwYkZuTGhJVV84UG02WUF2OXdqbmRvTlRVRmZFMlBWMkxyWURkckV4aXVnOS1yc1Vzek1aYTJKV2JPeW9rYkJQdFJneU8xUXEzeGtPT19Ic2k2dElfRmZZWk9TT1BZYTNJUVcxMV9PeEJUUkJLdmlpUlhpZXFaaHlwMFU3Y3hKM1BDWk0?oc=5","Bloomberg","Global","1788933731000"
"COMMENTARY: Oil prices fly blind as the Hormuz enigma deepens","https://news.google.com/rss/articles/CBMisAFBVV95cUxPWHRWamh0dmRPM3B6NjlrWE5YbnVtMGxDVll0ZGdKalVwOXh2QzMyUmtmR0R6UWg1Sk4xRjV0MVlwb0c2bzJKYWwxVUU2VmszZnpYd2NSQ2U2OXRNZkgzZVc1N3Zaa05IV0hKX3pKSlM0d0JoUnFFdVlXUTE2dXdMaHZhdDdrd1RHcm5tTzlUaFI0VDBxMzNINkw2eEVSREowcmJaOTIzSlQ5ZHBzU3lScg?oc=5","Reuters","Global","1788933600000"
"South Korea Says Hormuz Talks with France Concern Contribution Options, Not Troop Deployment","https://news.google.com/rss/articles/CBMitwFBVV95cUxNck1sc1VxaWRjbi0wVkE4TzFTV1E2dURFZ2k4Sjctdnlabll1NHJ1bGlhclJ2clFVVTZKSVhiM0lkRmQzV2h6bXRzSVBLOG5yMXBkRHVfSHNGaGYyT290ZTJxUDFHVFpmU2UyR19sQnZZcjZxaFlMWjA4djdEVHh6NDdmdFlwekY4ajJxZzR2c1I5VHJMWEZ4S2VZaUZhb2VobWZTSlhOY1ZndG9jdzVRVWtoM1cyTlE?oc=5","Asharq Al-Awsat","Arab","1788935579000"
"Iran attacks Jordan, ships near Hormuz after US destroys tankers","https://news.google.com/rss/articles/CBMivwFBVV95cUxOcG80RVYwYzV0OXBiSlRjblJjV0VPVlgyTHhMblphSURueHVnclZWa191Z2N2cTZQWU4zeTJSTTdZT29jc2RQSmRzcG1FS1JoOHpMUGdJX2tIdGk1SlhmVDVVa015bDZXUGdxakF4dU53a3pZNVJmVDJoMTA3ai13V0REVnU3aW9MWlZSdk5DUVdmQkRtbHpzMXEyVExrTXR6R3VlNGRaWWJqYUh6NW04YWRveXc2Y1U3bjloMXlTc9IBxAFBVV95cUxNSnJjc083eG1Ec2VPRkZxLS04dy1NMGkzU0lmeHM1Q19obTlZd01rR3poR1h3aHY3dFBKdVRWS0dheFFQTkgwOE02djNQMjA3Ul94cVFYRUNzOHRESmJuVnFsMDI4eTUzV29DN25tMHBsaDZ4eTZGZDNjYU1xRG5pS040SkV3ZG1UQ3d4clQ1cGdoMExWeEdid1pIWVh0REhBNUFfUHp1aTBFN2dSanBEQVlpYlFCTHgzOGQxV3FuNkxiaHg4?oc=5","Al Arabiya","Arab","1788934440000"
"Oil vessel transit costs through Hormuz escalated after Iran war, Enoc executive says","https://news.google.com/rss/articles/CBMiugFBVV95cUxOZXBESkZJYkhqUDR1cFB4VHNxeklabV9NQ2JjQ0hBQVFoMEdVWXItMlRXQlc4bE1QNnpnQl8yeTlybzBxTzdrRHA3S0VuNjVVVHdwOXViRlpDNU8wZHhQQXJZRDdodnhMMUFZc0pYRE1PSmRDWjRnZTRVaFQtQmMzLXpEMHJCVktldDdIM2FMM2dael9GMllfaWszcUxhY0NYYnBZd3VzUFBXY090ZkJPeGkxNE9ac19Ea0E?oc=5","Dawn","Pakistan","1788934306000"
"US Destroys Iran Tankers, Bessent Dares Currency Traders","https://news.google.com/rss/articles/CBMipgFBVV95cUxQOE1vclVjRWlqQ3hpbzlKMnVKMkNHUWtTQlFIMF8wQ3piX3JqNFJGb2w4WWZZSFBEdlk2VEpYRG56cTNfU2FOVUxNa3otdlE1Qk44ZUdKMEFsVWNSMmJEUmt1X3p1RWpkVjY1NnV2SElnYndlaElmTFgyUHZTdmlJQnZUakZnT2twTExEVWNrQ19IcXdBQU5NRzJoSVNnVGtIX2FwNDRn?oc=5","Bloomberg","Global","1788936482000"
"Protesters urge South Korea to stay out of Iran war","https://news.google.com/rss/articles/CBMinwFBVV95cUxPa1hWNk9BRjk3V081ckdjdjlkWmRQaklId0FQeFN0czZfalhBUkhnYkQ4RWJLTkRMaVF1a1N5X1Z0VVRNa2tuc04yOUNtX1U4eVBST0VzNHhhczNzWDBKUXdZRzJEbW1kWEs1R3FwakVFc3RGNVB6R0hwSEY5UXZPQ0lldWVSZlVRSndvalNiZmhGVnBCcVpOMlhOc2Q0Y3c?oc=5","France 24","Europe","1788936071000"
"Oil vessel transit costs through Hormuz escalated after Iran war, ENOC exec says","https://news.google.com/rss/articles/CBMizgFBVV95cUxNdHlPZEpNUC1MaWVNQWdvWmhnbFNmQTRITnd3T0RaVVhJUVJuUHZQMzAzLWcyWm9pS2l0dDd5aEFYWjREcnlQU3NTTGVMVk1OZVgteXNNdUlKYjJ0dnhSak9KRDhGNUh3UTgzcGI2SGU4cHdEa3VtaFhpZHZkOXJ3Sm8xYjZlOHgwdlY4T2dZUHczZ3ZCSmRPUGlTQjhRZmJscFNiNjNTYURvaVpvZEZpa2JJa0Jnakg2NGJsWlBpNWNUQkFoTVBJQ3JYZ1pDUQ?oc=5","Reuters","Global","1788934740000"
"Photos show what remains of an Iranian school where some 120 children died in a U.S. strike","https://news.google.com/rss/articles/CBMib0FVX3lxTE9id19KSl9taEVhZjhZdjhWWXBGTl9DT2hSR0lBdGpVdlNRcXBZZU5mdUxyR0dWNVpDUkhOTy00SjhBVTdoWVc4cXo2c1gyRlNWTlhkOEZHeWYyT2hpNUJGTkZBVTRyWW1od1N4WnM2aw?oc=5","The Independent","UK","1788934200000"
"Live Updates: Latest from Israel, Iran, and the Middle East","https://news.google.com/rss/articles/CBMif0FVX3lxTE9xX0xkdDh5US1IYnNvckhwVEhmRnExYk14Yk94S3hHSFZURnhuXzNSdHgtX2lPR3hkeVlBRmpsY2hDdWh6LXJ0c2JkZnNGS2lSRzBQRFViVWZGX2JDOXlyaU14RVlXZkltdWlGZ2oxSGxpb1lCR2VqVEhOdzlNZ2c?oc=5","The Jerusalem Post","Israel","1788937205000"
"Protesters urge South Korea to stay out of Iran war","https://news.google.com/rss/articles/CBMilAFBVV95cUxQZ2lZclgwZ1RKeXZWd0lfNXJUM2NTQTJBbjZKdUxaVFBKMmY4dW9QdkRQcjYzMHliQ3hqd2N1S0RNRnVDSkpra1E0N0RGa1V6VXFmLTdiYjZETURjRXlCRjRvaXA3a0NuZ2FYWWNZeEVQRV9RclUxdGVXUVJSa3ZmcGZWalVmZE4yVUI3cGVuWWhSbk1w?oc=5","Arab News","Arab","1788936451000"
"Shipping traffic via Strait of Hormuz stays below 10-day average, data shows","https://news.google.com/rss/articles/CBMizAFBVV95cUxPckU3YVhSYzJ0VEh0UVVhMEpLRW9aSDBoendrSDMwYXBDcWlVcVh0aTluWTBKOGdJZUFtZ3Uyb0xhUDR6RldJT091bGVibjEzT3R2SlVPUGFqOWo2b3poVlFDeU51ZDNUblBiaFVMajJEaXRURkxLb19Yc1JKV3haWXhuSV8yVFdPUDF5U1IwWXlyRllxcXRTaUdmSHBEX19NbTVtWjRfbkQ3UmRaNjloWGRSdFNuOXAyQktDSWNTNkdoeTFMYlAzUWVwUkvSAdIBQVVfeXFMT3ZVa3FCRV9CSGE5WkNnSUJDUm1CWjJsODk2LXlyNDhhaWFhTnRENzdETG1td1dmQU5mVkh0YmktQ0lpYy0yMEFqSEwzVm5nUTBLb1NpdFVhdktWdjFFeVV0NnZwSXFIZ0RscG1SWlJuOHZJZjMtckwyYVVWem1WSldkN0pDaVlQMXNMd3luTE5NMXd2UV94VWtUQV9FS3AwN2c1c21Ca0gyRUYwX2RtaEwwZ0l1NEFXLUc4UGxoTzZMQVhGdDZuNDhFRi1URk9DRXZn?oc=5","Al Arabiya","Arab","1788936180000"
"Brent Rises to $100 After US Destroys Five Iranian Tankers","https://news.google.com/rss/articles/CBMisAFBVV95cUxQTFhDNlFBazM5amt0RlpueGVEcHpIN0VhYnhFaWNrNHlfNW5UcDVJUmh3QVpOdDBXakhiSVk1NFFrTTdWMU8xaVhrVFdCSXk4QURYU1dOT2g4U1dIWlJ2dDRqT1UxdnlDeXpRTFc1dFRHTFJGb25ieVlxbTBESjZyYTNBU01aUFJxR2xra29YaDF3aGF5ak1mMUtPNkU2TTFtZHZDSE91VWpIcXAyTVF2bA?oc=5","Bloomberg","Global","1788938415000"
"UK Food Inflation to Hit 6% Next Year on El Nino, Summer Droughts and Iran War","https://news.google.com/rss/articles/CBMiygFBVV95cUxNNjduTTRGemc4QjFFMWJ4RUp4WkVJY05Wdm9OUERlNWZZOGk2V1dBOXJvSUJXeVZna3ZDdVZOM0FFOHJRTnlFRlJDOGFuNmVEZ0RJMnUtaDVyZ0w2Y25mTjB6X1NoRHBhQUpWM05penJBNGJDMl9ycXhJd3hZazktQ1dGZnAySWYyZ1V6cWJkSXg5dTZWaThxU0VJMi1IQzhIckVoUDBsV21xdzdyUTc2algyS2tKZWxzUGR3aG9JUGNBVWZfNHd2eVpR?oc=5","Bloomberg","Global","1788937966000"
"Zara owner brushes off heatwaves and Iran war trading pressures as sales jump","https://news.google.com/rss/articles/CBMiiwFBVV95cUxNSC1JY0ItNWdJeXFsdmVfV0VQSkVhYTIxSnkwLWRjeTE0bnhKT2NZX2gzd2RxMWtLbDlQM1dONXhXV2Z4U2VEN3FMT1RVTERMNkd2WUpNcnFGWGVpSl9QcXJFM3Q5QW5ZcXBEa2tSYWpnMkJ2czJVbDZyOFpPLUREVlBMb1F2SDczUXB3?oc=5","The Independent","UK","1788937620000"
"Oil Rises as Escalating U.S.-Iran Conflict Stokes Supply Disruption Fears","https://news.google.com/rss/articles/CBMitwFBVV95cUxORDVpM3I5V29ZOW1vb0ZvZ3UyOVpjRWx0T0JacE9iOHBCOUlGd251QVNNRG9HbTA3cDVVb3ZfQ2VtMW9xY21MUXJaSmkxRG13aUVtUGF5T2tDZXhueTJxVmZaSE1TQkVPa21qT1R1M1pXYWJjUTlGeE9wX0VPY2tWREZPeE1qeTNHYnZGa3ZrdDByeHhLb2tLUHF6UEJNcHNlQ3ctc1d2LTFKU1ZlTzlnNldoVWxIY3c?oc=5","The Wall Street Journal","US","1788936979000"
"Medicine shortages grow in Iran as US tightens sanctions, blockade","https://news.google.com/rss/articles/CBMiqAFBVV95cUxOZXhhMzgzU2tDTWZJMjhIYV9SSVEzMmpEOGpqdTYtY2RfV3Q0dmdNSjhtMjdrSzhIZHVyek9oc0FoQkdZUHRxemk3STdVMDJ3bU1zT2lWN3hoTHlCbFpNSUdlNUI3X201VDctam80SVZseUxMdkROSHBGRXN1QzJEZ0RWLUt5TUt0a00tVnFaYVZ6LTlvX1lRd05PMEFOVE40ZE8xUy03Q2fSAa4BQVVfeXFMT2FPWW5uSzdsZ0dPOS0zWG1JSnpQTlBnUnNzc05ZNDQ0QUFxVUpKWWFqa0tNQURwcjNSNEhtb0V3a25aVWpyOWM4d3pJeEZxMjVfRXJNRVJ3N1lJMlVDN0ZrcEtCSG90dmx6THV1anNxWTBSdzl4eDAwckQxRndlQ0NPcGwyblBta1NucHdGTHFxV0x0WEdKSmE3YnJUaDV1WnhSb3FEbTA5enYyZFZ3?oc=5","Al Jazeera","Arab","1788938325000"
"US will continue to hit Iranian tankers: Rubio","https://news.google.com/rss/articles/CBMipwFBVV95cUxNUXBXdXBKa05hTHVSMEw2bDMwd2JIcm53N1o0SmFKMjB0RWFyZnhrd3VLSDd4QTBsdlMtazRhN0VGeTRsX0NPOElTbUNCVTY3NGtqYWk1Um5xWDFYQzNVUDkyZnd1bEJhUXF5RVJjWW51YmpBWGw4U2ZBT3ZXYlhpYXZQdnhNTlNPZG5OQmRJN3R6Rmx6WWFuZ25FLVA2a3VsTHQ5bWVza9IBrAFBVV95cUxOemJ6YzJEdUxBYkpYd2JORW5xenY1R29SMUFhRE9DQ3lzbTRlS3kzQ2M3N1RVMkNfRG1TM0lPY3hzTWM3SG5HVHBVcWFDRUJxVFFnc1haQXo0aGxBZ3pQQWhnQWRndUNycUVlYlNLdUZJdDhkdzZseTAyWDc4dWx2eGZsWFZ3eWtXcU9lUjVMSWIxWUgyb01mcFd5QkthQjJKb2xmRHJMVXl2aVVO?oc=5","Al Arabiya","Arab","1788937380000"
"Protesters urge South Korea to stay out of Washington's 'illegal' war on Iran","https://news.google.com/rss/articles/CBMirAFBVV95cUxNWlV2SVNaOFVmNzNNYW9LdVdvdDJBNndjM2tfd2FnR29URHZ4VHEtckxDd054MXBsaXRNRFhCV0JmZkFwbm1Qb2hPNGlLdU94aVFUX0hSbWNEd2hjLUJUT2ZaMkM4ekhrR0d4aUZObGxUcDUyQ0JpRGVRcC00eWpjNFA2SGxJTmlLQW85WUtvQnFqOEpKVm05QkdVUlN1ang2b0dGQlhaWnRWN2pP?oc=5","Dawn","Pakistan","1788936798000"
"Iranian families grieve at school where US attack on first day of war killed dozens","https://news.google.com/rss/articles/CBMi2AFBVV95cUxPSnJ1cXRDV3QwZXZOSG1lejVXSlNZc0JvQkc0TzRBT3ltMkFDZmZabXRTc3k4a09senJPdWZVWkcyUVZRWVdSZHhrUVVibHhKajBoN2dHSTN6Q1NVcGpEbzdxUnJIMjNnYS04R1A2MTNJYkU2RDJGd2VJYTZ1MkZsNjIzdUZOczBZYVFZN2ZlWHMzdjFEdjc0TktXUjBqTnRoX2lYME96MXpXSnFPaG9KWmNEbXBUX2cyV2FORjQ1NGJRdjRmQV84dTZrYzNaeE9ZZFM5aWlGSGc?oc=5","Associated Press","Global","1788938940000"
"Oil hits $100 for first time since July as chaos continues in Strait of Hormuz","https://news.google.com/rss/articles/CBMitwFBVV95cUxOTDFNU0gxaS1KQTY2ektCMVdmbnFpb2E0MUstdTJ0QWMteGRXMjFQTlI2MXktSzRQWjdyUUFyTUR6clJJQ1hfYi1JOVYwdTlhN2pIUXpQNFlmcjZxRlFhLWhIc05MY3k1dWF4dG81SHhaaEt1eWc0SFA2cHp2WFJVU2Z3ZkpJbWhQWkk3eDh4M3lVYThSQXNUYkJOZXBLZnEyMVFZQXl5bTlPazFnQUlWamdOZEROSkU?oc=5","The Independent","UK","1788941040000"
"Brent Hits $100 as U.S.-Iran Escalation, Houthi Strikes Deepen Gulf Supply Fears","https://news.google.com/rss/articles/CBMiwwFBVV95cUxOb1U4eTNZZ0F0VlUwYkJ1clV6eWxWWnV3QzFiVjBwTzdNNkJhMGJZN3hjQ0hCY3cxbFlabEc2UTc2WUg1dFpSZV9zZ0VvNURCeGJER2lkbTd5UWE1VWNvaDN1NDdlclk5c1RXR3A0VnZzSHRZY21HdnVPWHlpck5zV29LVVlwQlVoSmdHMXF4V2Z3cTdnWllHb0F3R0pYX3Bnai0yLWN4MkZuMHV2aTIyT2VQV2JYeVA4bHRmMFFPMGdPRm8?oc=5","The Wall Street Journal","US","1788940350000"
"Oil prices rise above $100 a barrel for first time since July as Iran war escalates","https://news.google.com/rss/articles/CBMiuAFBVV95cUxPLXZ5YktKTkY1bjN4dUc2eExWcFA2YXFIaU5TWldqT2VhUHNvazFpcmQxU0NxdFNaT1MzQ1FlX1R6Qnl1SUdwMjg5bEVtZG5VRkJlczZDTUNoZW1mWmE2TXhhT19GZFo0RHJUZHgzMWYwVFpyV3NSenJPUXJXWGhZOVJBaVBNMXdwWFVFZmUyYmozOEVnZ2dFdTBVWnhPWTh2eFluYmtpeHJINC0wVmxoc2FCNng1dXpM?oc=5","The Guardian","UK","1788940200000"
"Brent Marches Toward $100 As U.S.-Iran Attacks Escalate","https://news.google.com/rss/articles/CBMixgFBVV95cUxPejBxVFJDamd2bjlxby1vZmhhSXc3bERlOXJLTVdia2dYWUNpdEhNU2Zxdk9mTHV0RFpSY1lSNFFrYXQ3RDZ1QjVWSndZMHFBRERLeEktalp5eDFYRlEzME9ndjZDYzEzSFdCa0s0RGRsQ09wR3V3akg4ejFpaWFSQUwxUFBnSkpXZW1yLVdpZHFwejBFX2pTN1RwNTYzanpaTmhIUEduenY2bUs4Z0NsUlA3SmZxZ0ZYekRnRzkzVHVXUXdZZHc?oc=5","The Wall Street Journal","US","1788938940000"
"WATCH: Strait of Hormuz traffic after Iran attack on ships near the waterway","https://news.google.com/rss/articles/CBMirgFBVV95cUxPUExpclBhbGVaMFlUVENpOFY3dXVYRV94RmtodHp6dTJEMXFJcGFkVnpwcHRCLVFQYkhDV0o2ekw1VGt5UXdMOThzejFSNDQtdk1SSi1jbXVzRWxLeFZCVF92c09iaVRWLXRUam9lc3VaNElTSHpZX2xFZVZnQWVOTXVEd2oyakM2TXFCRjFkU3g5MTJ2UU1aY3BuYWtWQ0w0VlE0dk1VM1JNMVdyeXc?oc=5","Dawn","Pakistan","1788940804000"
"Families grieve in ruins of Iranian school where a US strike killed dozens of children","https://news.google.com/rss/articles/CBMiywFBVV95cUxNTUhJTXBGaG9sS1plYVlIdXdQVDBWenZjcjNhUUxuODl3bTF5cUg0bDdQZlJXRl9oLTgzbkNZdExUREZfT3BxVDJFUHhrMnRPUG9zMUdJZ3pwY3Z2aWdKX3o1TDJTMUlRbjE3aERUSS1yclRoVWtsSndzSlpsSk8xT3lFMFE2QmVKMzgtMWpSTWh1MU5HLWMxVUs4TXRRbUFSczVid2daakVYSkpUaFoyYTZweTNTbzFXdHBVZWllVXFqSC1ZbTdyNEtVSQ?oc=5","Arab News","Arab","1788940511000"
"Iran attacks American base in Jordan, ships near Hormuz after US hits oil tankers","https://news.google.com/rss/articles/CBMiSEFVX3lxTFAtZXFQREpWZV9KMEQyZnExTmtHWEtrR0J6OFp6WlNQT0V5cllEeTNJY29tTUdJWTdIUzVSMm02QldoWVFzNk5RUdIBTkFVX3lxTE9KdHdJQ1U2RUlFWllrbExLVEt5R3B6N1c0VlNQQnhfUUplZmxuMmY5QVduVUVjamFNcjhoYWJ6NlFhU1RuWFF1RzZING5Wdw?oc=5","Dawn","Pakistan","1788940394000"
"Oil surges past $100 a barrel again as US-Iran clashes intensify","https://news.google.com/rss/articles/CBMirAFBVV95cUxNalpCZVo0dU9DYnh4QUNxVXB2YUJUYzhWek5vb0liLUhNRVR2cVktbVFSZTExejl6dWtJcTJ0Zkk1UWR4S0ZGNEJXMEtrajFHdWVpNVBmVFZQYVpSR1dtbHh5NEFVczZVeEFMdEtld0h1Y0dDbmpMVEY1cEhEdmU3TkJCQ3M0Rkw3ZDNxaDBPZzlRZjJsQ3JscW1NMVFMbDNVQ0xHMWEwLXNsQl9U?oc=5","Euronews","Europe","1788941794000"
"Iran Accuses the US of Using Nuclear Watchdog to Justify Strikes","https://news.google.com/rss/articles/CBMitgFBVV95cUxQOTBDcGRYcW5zQlhQajlIWkx3QUZuYWtoTVdxQXNLb0J2ZlZYU3dFMFBRQ1FwRmc4RjJsWGstQ1VZLXAwRlo0OGRDeWs4Z0xVWlV3a01fWGppY3VaaS1XUGV1WnpfdU1pMEg1bWhDQlA5UFhJdExWcVNpV1psOG9XT2JCaXdSZ1h5ZFNSYjBsVkNZcEx3RlZQdV9PMU0yTkdyQ1FsU2I5LWo4QUNuRzE4TEN1SjBlUQ?oc=5","Bloomberg","Global","1788941640000"
"Iran ta kwace wani jirgin karkashin ruwa na yaki na Amurka","https://news.google.com/rss/articles/CBMirgFBVV95cUxOdWFzSHRqY0o2ZHVHSUNvdHhsdTFzNzhZNGJtaWpGNWMyQ2JQSmtzbVVUeVRxVU1Ma2JGX0s1eXZKbnJRQl9UNVVhSHZObjVkLVl0MTJOTlJGRDQ0NWxHN25sUG1JVFRBVFRCSXJob2lqUFRGb2R2Z0lfb1o0by1ZR1M1c0NuTXJyMEZJa09sbHliT0N4RERSTDZqay01eGhHSmZ2cVFqQk1CRGRqYlHSAa4BQVVfeXFMTkd5VFZiTFJORkQ1SkNVRVUxcmtjaXR4dTEtMkxyWmtRNlpuZlZhLUdzbmRXNS1hMVJwMVduVFIxYWRNSEF2eVZOYTJYSWJkZnNpamR4ejdZZWNUVkllTmtoLTY4Rzc3SzZPVGZnY1pqRUFmNFU0dW91aTNzTEZaOENkN3lTaGVrazBUQ0xfYkE3M1V2LUxPcFlXMlBvM21qMUZkX28ycVB3SGx4d1N3?oc=5","DW","Europe","1788941113000"
"Oil surges to $100 a barrel as Strait of Hormuz tensions continue","https://news.google.com/rss/articles/CBMimAFBVV95cUxPZGw5U25IWHd2V0dQQkw4M21ZTmdhTm9jd0FOYzBwdWNoajVfdllLVVBHb0E0ZVh0VmNHeDBIQk5Wb1lnQUJOajFrQ3l0YnpkaGFCUFZCbl9Dak9MSDI2LVBlUl9VZkZoSk9xam14dFhwVGhGYUtPQUtEeTRXVmdmLW5TcWM2cU9YS0JwekY3OE94bTF0NTJNaA?oc=5","The Independent","UK","1788943260000"
"UK gas prices hit four-year high as US attacks Iranian oil tankers","https://news.google.com/rss/articles/CBMingFBVV95cUxNWncxV1hNY2NYTU51WnlaQUszdjF5Yms1RVZBMnJpTGtuWnhwU2EyYVNUYWg1TEJNQWlmd29vNTYxV0d2WmVrVHVsa3R6YThyRXVwSE02WEJqbURCWkFtZm1NaXdvcHhPRnBzaWt5YzBUWnJrcUFldmowcVdybW4xRDJhSXhvZ0dmb1A0VWdDU2duLWtMWTZ1N1dEanljQQ?oc=5","The Telegraph","UK","1788943080000"
"Oil prices surpass 100 dollars a barrel after US strikes on Iranian tankers","https://news.google.com/rss/articles/CBMimwFBVV95cUxPRnZCT045cVpsdlRzVG95Y05RSjhuY0M1dE1EeDg2Wi0tY1RKZVkyNnRfZUpBdlNvR2tZSDhoWnRRelVRTkNCR1F2NTRKbUJfR05teHRLMUQ3MEN0UG5PSFd3WndZZjJJRlZHSElDUTdzV0JIVGIzNy10M21qWWQzdFlXb0E5bGhWVm9qaDNBdnBmRDJ2Ym5qVGRJWQ?oc=5","The Independent","UK","1788941700000"
"Zara owner brushes off heatwaves and Iran war trading pressures as sales jump","https://news.google.com/rss/articles/CBMiiwFBVV95cUxPVVRreFN4aHVoOVNpcTd5RWZQVnlmZ2docGt1Q1Q5eTRXeXpVTEtHbW5iMkptWFhRemxKWTN1X29EYzRpcWx4cTFJemRYSnBxS3YwNnVQMWVSTEM5dlVMcGl2ZF9zbUFyQUdJUVA4dGN6dHhUNFBrelVFZFVIenZybXp4NUh2LWcwNEZB?oc=5","The Independent","UK","1788941640000"
"Saudi Arabia condemns Iranian attacks on Jordan","https://news.google.com/rss/articles/CBMimAFBVV95cUxOc0dhbWx3U2hLNlhNTVRpM1FkUlA5Y3pMa3l1YmpqRkhhSFlObWFhcTE3dlpiYVlSNmd5Um5oclFSSEY0SjlCejFyNEs2eGxKSVlfajR0U1luZ05naG5LVTUzMTY5NzI3emtleTdtR3hGQTNleXZzUC1OSEZFSnAzNG0wZjZOU2R4cnJxY2ZNUW14YWw0TUdaQw?oc=5","Arab News","Arab","1788942497000"
"Jordan Says Air Defenses Intercepted 18 out of 20 Missiles Launched from Iran","https://news.google.com/rss/articles/CBMitgFBVV95cUxNVkc1blFsODNVTG44T3JSTUlhOWtTN1NzLUxodDBJd1A2WnJ6M1QwdlRSM1FYNjVTazFSZGtqaUl5bHNUS0U3X3RWZ05EOGNoRzhJNnJHU1N0Y3JSN2ZmV2ZFMXl6aHlCenlzZDVyeTIwcF8zdkVBQ25xZnRUT1ZxTk5uTmQ0SHlIaVFLckxpcW1NU09NZjhSWUVPa2dxVUh4MDQzWmp3Tzd0U3BwSm5wTk1HU2pxUQ?oc=5","Asharq Al-Awsat","Arab","1788942382000"
"PSX swings amid US-Iran tensions","https://news.google.com/rss/articles/CBMieEFVX3lxTE92NlB0VEY1aFZUcXY0VzY1RHVNQTAtMVBON2ZWNHU0UUdEQ2hQNEpqcHpWN2Y3VnVER2tndmtybjFpUkFoTUczTi00MF9GMFJ1czYzRERSS3BGNHRMZzN5d3B3alBtcGtiQUdpR0pqdzJQVHZJNnl1T9IBgAFBVV95cUxNQTlhSTNCMVl6WnB5bUtrbDZMRXItMERDYkJ2QXR5djVSNGlFVk9LTXJBczdpRURwdUU1MTYzb2JJRHBJcnJuaU1nRUI2S1JaajUxSXFOUzUzMkd5Qy1VSlgwc1JiR3FwQWFGajAwYnZxZDJXTFRkZjRxWG5NVmFJUw?oc=5","The Express Tribune","Pakistan","1788945262000"
"Iran's IRGC says it attacked 2 U.S. vessels, 8 oil tankers in retaliation for U.S. strike","https://news.google.com/rss/articles/CBMifEFVX3lxTE9UTWc0OFhUak1oM3RNWWNISnpnWENxeU5ZT1c0QTFKYTc4eTM3RjZ3bkM0YmUwRTlUb3hNYzFsUHJITFRRR2FQYk16Vl9oTHFBU2g4ZUVHQ1JDbWpEWVAzcUV5NjdLNnI1ZElvTjRYZHh2V0I1cFc2TkVFd0M?oc=5","Xinhua","China","1788944355000"
"Saudi Arabia condemns Iran's 'unjustified and brutal' attacks on Jordan","https://news.google.com/rss/articles/CBMipAFBVV95cUxPV3BrMnFocmRGMjltN19HbU4wZmE4ZDJtT3AtMXQ0Q1k0c21IdmRybGxlQWg3RnFHTGhWMFlaZDJPQURyVmpvaFlXUVp1dWk1d0E1U2lNQlc4MzBWTUswekFKY1d4NlBkd1lMVndqdU41QVNlUGE5eHJEQXd4MHVNN3BjOWVyNmQwdDJfSUdtaUFZQldHS01WX3M1d3RmSXk0eFBQSQ?oc=5","Dawn","Pakistan","1788942188000"
"US disputes drone captured by Iran after five oil tankers are destroyed","https://news.google.com/rss/articles/CBMimgFBVV95cUxNN1F2MHZySGdPSzNqYzd6OS1DRm11TUpSNXpVbGkzanZ2TWU5V2haVjBLUjRVcVpzUjBEM1pvYlVqaWRQcjAzSmxaSi0tem9JM3V2eXRVRnZ5NF9zdVFVVkRpOHhlaGRfNVh1SXotVmhqWUdHb1BJZy1idmpzMmlTdkl0cktXaXZpSHJCQXYzbmNXaHVtcmhYQTh3?oc=5","The Independent","UK","1788944940000"
"‘Surge in construction’ at suspected Iranian nuclear site, analysts say, as US considers ways to strike deep underground","https://news.google.com/rss/articles/CBMiowFBVV95cUxQVDFpdHc1TzhMNHE4V2hIOG5IamF6aVBKVS1fVG5TX0lIZUFqVXVPbVhVV2tnWkZ2ZnM5WDNwWURYUGg1cGNqVDB5RmtSd1R4VEVPalh2bl9rb2ZlUDNXcVd2dnJxbVVZb05zdXRONDBZZDduS2hXUkh0S1VzNjNfYlRPbTVMUjV6b2FjbmNWV0llTXRFdGtsQkRzRFl3UFduOWFF?oc=5","CNN","US","1788944429000"
"Record gas prices squeeze Americans as summer travel season ends, midterms loom and Iran war wages on","https://news.google.com/rss/articles/CBMiwAFBVV95cUxOMTNYQXNvMEJGdVdKS3hMRDc4R1pDd3V4cEhXV255VmlqbFB2MXVOaE5jVmQxNXJmdTJZN1Foa291dGtES1NvVW5IVHM3X1psbkFTMk0xaHZMTlF3OGR2U1lreVllN1FvOENIWkQ5eVItMUFfTmRYWko0cGxjdW5pdFptR0F6TUhuRDRTZ245dGM2RUFxVGVZUWVlQTh2NXhmU2lyRW40aDFDLTk4OWg1cklWQWRFLTBQaUtGUS1PNGLSAcYBQVVfeXFMUDlWZGNzaENRNUlBMThMNGk4eHVHWF9BZjNJcHdVamNaU0lvSVFwQmo4MzBFLXNGbkZ0QUlSZW0xRlNLbnlRVkMxNkt0NktSby1EeWJwRnNIYjJjQ2tvcGJDeV9MS2FDdFVTNm1TMHVjWFFYTnVxdzZ1LXBObEJITnhDd21TcVpyTk5RTWxDazg3S0NBVDhEMUp2ek9zU0EyRWlQcU1GOUZIMkhNdTJmVEV2NEVLemV4MWlER3h4eHFGb2JmSlNB?oc=5","Fox News","US","1788944422000"
"US Hits Several Iran Oil Tankers in Response to Warship Attack","https://news.google.com/rss/articles/CBMiswFBVV95cUxNSzZjTllMbmp5eWZmM2tpM3ZZc09CS3laNzFnMVF1bTRZUTd0cW84Y1VOd1hXZUsweGRaQXlmSzVsaW1IVFFyVGR4OHdsUjdtclpzTHpVSzUzNjdDOVBHZXFTeTlWVi1kQkVTajNibWdiV2pKR2M5N01DODR0eTJ6UWdoS1dOU3ktMlBLclBWNDJieHNiQlpJT3BYMVJXSzI5N0ZBQUcwNWJBWG1QbjhxVWE4TQ?oc=5","Bloomberg","Global","1788945483000"
"Iran fires on Jordan after US military hits tankers","https://news.google.com/rss/articles/CBMiVkFVX3lxTE1naDIxdGNzNktWckNVby10N0pBV05rZHJiOHJMWFhFSlo5Q0lVdERTd3hLZF9pTHNZYTRiUUcwbncwem5KbjVtaUoyZUdlMnZSeEMyLVVB?oc=5","Fox News","US","1788946760000"
"Sunni Kurdish cleric killed in northwest Iran, Guards blame 'separatists'","https://news.google.com/rss/articles/CBMivgFBVV95cUxOOGw3bVNNSTFWakE1d05oRGdPdUFmVWt6N09pRGQyeTZkb3ZVb3J1aGVYWldqTzkzSmNJLWZqcWVmRHk4c0l1dTUzWWVvMnBobWRKSWdhZW1tY0FKLUZjVjl4cXJ2dW45NkJPZ1JDRHc2aGlQOTN6R0pfdHJ3a0d3d29YRlpEYjlLUXFTM0ZnblgwWWwxc3o2eXcyR29SRlRVaHhvMVlKNjloRkpCb21rNS1Nb1c3UlpDTTlvSUZB?oc=5","Reuters","Global","1788947789000"
"Hormuz impasse deepens: Iran retaliates against US targets after its oil tankers destroyed","https://news.google.com/rss/articles/CBMizAFBVV95cUxNMmFNNGY0SEFLS1JsVVFCVU5jVmFXaFozR1ktNVRpUzJJbDd4YVFpUHAtQUJpaGdRYVJFd29pVXJ5RzJ0NlM1WEV1OXd3b2J0c0V4c0U0T0NCUWdjN3FVOEVVbHlvSGJIZUhreTJSN2NUUmIxUk5ES0dRSnRsdXlMckJTdU1HMG1jSzFzZGRnZDBqTEtubTgxY0ZUQU1rMVMwWk16N2pqakJQb2cxb3VoQlF6Wk9LeUdjc21aT3RoVklzVmhCOW1hQkJDTTE?oc=5","France 24","Europe","1788947628000"
"Oil Jumps on Iran Tensions; Apple Unveil; More","https://news.google.com/rss/articles/CBMilwFBVV95cUxPb0Q2QnhZa0k0S0ZKbWFoX24tcEo5M1RVQUpFSFJ2dmxVS1pGYU1CZE1UQWVVSnZNbDdfTWYxU0tTbkZmbzNXZ0VRb0dyX0hfNk1vc25FVFRLenJTa2diYmlyTTlPOGZLZnV6VU10VmtiOUJTYjIyR243WkszOTQ0bTBWSEpzZTFGVWZzcVo0XzhXSXNxWkVj?oc=5","Bloomberg","Global","1788946949000"
"WATCH: Former Pentagon official says Trump wants to limit damage in war on Iran","https://news.google.com/rss/articles/CBMisgFBVV95cUxQZTYwUnl5LVpWamRTaWxZdW1aN1phb3liUkJEYnpFc0x2dnBsMlgwc0VpRFVhV3o2Tjl1c3hhalY1TnNoWVloVUxyTU9HZEtjOXpMV0R2TGRWWjBfaTlSZHBDTlI3Z0d3dW1Gb2xSdzhfaHpQXzNfZ09VRWVMaVhodFQzbGw3S3NWMEUtQk4xM2lGSXc1T25yUTJfMHBrUkJQejVxOTh3MFlYRzBtOE9XZmln0gFOQVVfeXFMTVRGUHdlN3JnR2NkN0JZUExEUnFNdFVfcFJBNGRkZUpzS0lIQjVYaDNpbDB1a2xXaEZfMkdNNU8tOFUxNDZoUjJiZTQzMHVB?oc=5","Dawn","Pakistan","1788947524000"
"Iran Targets U.S. Base, Ships in Overnight Barrage as Escalation Intensifies","https://news.google.com/rss/articles/CBMihAJBVV95cUxQM1JreURFNnZBMEFjZnZHMnVZWEdZdThFNjhLY0pZOWVmRXNmeTE1Sk1RUm5WYWFCakdyZzhySW5ic1I3RDBpY25wbGFFTlNEM2p4U2NQWmN6allGTzRmaGF2Ul85eHhBN0ZrSWVjODlKRGVVS1BtRU9nUkI1a3pPSUhRV1owalpwdG1nbjQzbUxKcmdCbHh3MDlTWV82OFYzM3NuclI2NlRsQWhDdmxCLVBGYm5XczdMMmZEU19UUjJ2WnI0aWZ2TmFZVDEydTBLNFN1bjRVaEVXSUNUajlNd3RXOFY3SU1ZQkczc1VHM3dlRUhLVFRTRzRYUnB5SWhCbUwtcQ?oc=5","Haaretz","Israel","1788947400000"
"US AND EUROPE REQUEST IRAN TO ENGAGE IN UNCONDITIONAL TALKS.","https://news.google.com/rss/articles/CBMibkFVX3lxTE9KMVdwT3l6b0c4ekozLXFKM0ZiMGZoYV9velB5c25COHg0T0FucTZhTlhPaXEwSlBIZllHUWN1ZUFtcGlQLUhCbFpYUnB2R1ZjQUd0SlFfUTF0cVl3SF9uT0JTOGJ4dXphUXNqWmp3?oc=5","CGTN","China","1788946547000"
"Iran and the United States report that vessels were struck by gunfire in the Gulf, according to the British maritime agency.","https://news.google.com/rss/articles/CBMibkFVX3lxTE82cVpLM2N5R3pldFdXazhmUnQ5Wk80LTFGeElrQVBLdFRiV1lFbmM3cGE5Sl9peG92R3VucWJGdHJrNUMtcjdoQnNmS2FHdUs1dVhEUUZ1UTI4ZHR4bGY3NnVNSFhfTFA5STVJSy1n?oc=5","CGTN","China","1788946412000"
"Wednesday briefing: Iran retaliates; the best way to exercise; New Hampshire primaries; and more","https://news.google.com/rss/articles/CBMikgFBVV95cUxQZUE0c3BLVThYalR1T3VoMWRLb2p3c0luXzNtODVoR0dHX3haRzlUX0gydXp5NFZ5c21xZnFaZlJKZjdfUUxoV2ltcTVWSWpzanlDMnVrUjhxcUlRS3Y0a3lMaUtEUWJTLUFnOHNzRDE4MlBmLUFJT3pSRjkwdGZHNldCYUNDOTJzZkVncmFVVnNkdw?oc=5","The Washington Post","US","1788949132000"
"Why Trump Is Gathering Republicans in Texas, and Iran Targets U.S. Warships","https://news.google.com/rss/articles/CBMipgFBVV95cUxQcDVjQUp0VklhNUIxeW5qQzRkR1RGb3FYUjVoUE9abG1DZFhmMGVtVTJSTmpJVGJTTEJxRlBhSU51ejkyM1M3SUU2aVNuOXc3dUFoazhCaE9USFV2MHIxV1lIaFB1bHdzdHE0eG9XUFctempIUUROemlVYzdQMjliTlpWMVFqSnVzejJjT0tubm1peEJSWk1vSW1BeGtoNmtPZnNKamhR?oc=5","The New York Times","US","1788948012000"
"US destroys 5 Iranian tankers, Trump’s $45,000 holiday gifts to his White House aides","https://news.google.com/rss/articles/CBMia0FVX3lxTE1nVlhIZ0NtVlFHd2FXemVpTVlDZHRTRERSeXhIT1dwa0I5SHl4bVlzWTllNEZwRm9iTDRMcUhGSVl6V0UxTU1mMmhVWkRTWnpTT1R6TmJhLXFPcm1kTm1LNlA5a09KeUM0QnBJ?oc=5","Associated Press","Global","1788950340000"
"PODCAST: Iran escalation, GOP convention, Equatorial Guinea and Venezuela’s minerals","https://news.google.com/rss/articles/CBMiswFBVV95cUxQa0ZINUNQMjlNSm9ZMlplQ01xV0F6QW1hS0hEWW9CaGhpdHNpcTdDQnBOWVNKSGs0cFhidHdPY3BJQXRESUltMmRCbjdTTnZMaXFfZ0NZYWdBNUs4UjE1TTBNbHpXam1vN21Oa3F6U3I3VEtRSnVyLXM0MTUxOGl5RldWaTNjaXc1MGNLTkN3ZnlTVmFVa0NIbHdZUE1CLVZ4QmZRSXVlMmVzbDFaQWhoSE9RZw?oc=5","Reuters","Global","1788950228000"
"Iran claims Sunni cleric killed in country’s northwest by ‘Zionist-American separatist groups’","https://news.google.com/rss/articles/CBMi0wFBVV95cUxOR1VMUi1kMDE4RjZ3dWJPXzBmenZsQVcxTFgybE9sT0JldTdENllXdHg0TDFURGFqRURqWUhuTzdNeEtBbTFEUUhfZEQ2R0NBb1JVcDhWckZfZEZZZ1d3MnpxdTdSWUVuZUZsOURVal92c202cHAzYzNRaERYWUV1S0hNTU91Q3Rtcm5Bb0QxMzhxakxBeUExYU1WMTEwcG1HYjV5czFsSkI1UUdHb042TnMydVkzbllKSmQ1V1VwOVZ6Q2tXYi1zX0dZd2duRUhvT21J?oc=5","The Times of Israel","Israel","1788950748000"
"Saudi Arabia Condemns Continued Iranian Attacks on Jordan","https://news.google.com/rss/articles/CBMimgFBVV95cUxQSnZWVVZuM1FSNlRyOUhLRFJPM0hYc3dWRVRfdFdlVTZPSmFvLXJSUEtJdVJLcjg1Q3QwcnlCN2x5dU91dWxEOVk2QzI4RzU5Um5qWGZCMnJUekItcGdHekgweWZmQm1LRzduMm9Rd0lyNWU1N0RjNHVidmNJM0l0VW5XMG81enhqLTFqaXh4TU9Ic3p3aVI1SXJB?oc=5","Asharq Al-Awsat","Arab","1788950436000"
"IRGC official warns of more ‘unique’ surprises if enemy continues aggression","https://news.google.com/rss/articles/CBMi3AFBVV95cUxNa2xqajFDQjZsaDdiNExFd0pNLTNhZXlTXzRWeWoxZWRvS19JZjFldTRwVmZ0SW9nazM2cnMwZEZ2XzRBd3I5ZnMxUHlMLW1SU21TZWFEejUtakp6eWM3cDIyNGdfb0NUQ1lJZzI1aU9JcDFlYzJ6dm9GeWpWSGNYdnNETTI1Q0M5MzJrYnNKZ0k4RTVJMEFJRE9jaE9yZ3ZBX05ybWd0aHBWYnZMazAxUTVTLUpSeWotdlAwc1pvS0laZXEzSGFYYll5OUlRMWRhd25yUnJLMzJ1Z2xU?oc=5","Press TV","Iran","1788950160000"
"Iran's attacks on Jordan show how the kingdom has become frontline state - analysis","https://news.google.com/rss/articles/CBMiXEFVX3lxTE1wR1k4QkJfVXVCQkptdjlMRUpGb3VHbkxnUlJ6a1hJNGxBUlFTOUFPR0dobUY0bEY5QlNfc3pZX2R0SDRzUFFSTHliYXNYeXpGVW9abVkyODNMZ2U2?oc=5","The Jerusalem Post","Israel","1788950096000"
"Kuwait Petroleum offering ship-to-ship transfers outside Hormuz to buyers, official says","https://news.google.com/rss/articles/CBMizAFBVV95cUxPNmdIdVVuZTRSSzUtenlITlB0dkpCZHQybVMtaExYQS1zSHJaOGswTDBJVXVQX1pScmZmWTlyd2lTOFMzWmM2TWdFZHkySk5BUzV4WGpoZ0F2ZjlRVGxYcWhhTUVRTlZrWkxmb1lOZXdfR0xHOE5tNGotaEZ1T09BbUo5ZTl1c0ZnQ29YemFzTGpzM09jTG5jSDhLNE55bVY4QTBDTUlfMmhyNzNJSUNnWFZCY2Y3S0NtSms2eVhnM1AyT0Q3NWtibGVWcFQ?oc=5","Arab News","Arab","1788950071000"
"Families grieve in ruins of Iranian school where US strike killed dozens of children","https://news.google.com/rss/articles/CBMitgFBVV95cUxOYmx6aXd2aHFKdUs4RU1PQllzZkVBbGlkSlFTYUROOHMtMjFQeFZXZGRkOEtjSkFhR2syRGlXZ2dCY0ZITnNhdm5Wc3RnWWxZeWxvSmxLdlZKbHh6YzNPTWl6b1VDNG9zUGNFa1d6VHd1QlhOMUN6bFFMVGM0RHhtMVo5eGN1aTRWM0gwcVBQTU1wblM0Mkt5cGVpTlFxeVd1RnBMeGFMNnlGQzV1WXNVSE1rOXR3QdIBuwFBVV95cUxNbkN3ZGFmQlJjRmVsOW9Razhjejg0OE53YndELURPY0prVUlYRVJHNzhwM2plU1o5UWhua3lybDl1NzE0QklpcHB2bWhqcEpLcUxmVWlzYm4yMXV0Zks0UlB4SnRGTFFXS2RHcFZNSkQ1OXFYaHppY2xjRzZyUk5vVkE0cmFNb0VKY2NFRks2ZjZvX1ltY1JBUHNqVWh2aTZaQUptQlBHUXQ4N1diclkydVQtREl0QXQ0aUhn?oc=5","The Times of Israel","Israel","1788949319000"
"South Koreans protest against sending troops to Strait of Hormuz","https://news.google.com/rss/articles/CBMiqAFBVV95cUxQLUhMRHNhN2hhYjdXeW1tdHZZSnc1a0xpdnJ1Ym1ZaVgxUXZzZ19PZVJKOE5jN3JIQlBobmNreUFXcDN3dU1iVGtXenNJLThEWEpKZWtUMFBoa3luY1ZaMVB2dEU0WHY0ZXFnd1d5RFZyelMwLVhXTER5Q0hOT3RNdjBHb08tMC1maGl1N1NUd3FUR29WX1pYR250RGJybVJyVmlZcHFXcnY?oc=5","Press TV","Iran","1788949140000"
"US destroys Iranian tankers","https://news.google.com/rss/articles/CBMikwFBVV95cUxNczl6NWRoeS1fcEJEUHRpT1lGUERTUHAxZXFKVWNDcnpxWU1OSzRyclp3X3plWlE1NVlaVzZ2TzE2WlI2Yk5uZk8yMXN4V3VlUE9LREdrN3BnSDdQNHpCNzFDWVliaFNiamlJNFQ2a21mMEw4ZVp4VV9rQTdfVnhOUTJCTDN5MXExMlNCYWEyZW1leE0?oc=5","CNN","US","1788952343000"
"The Morning Risk Report: Iranian Airline Favored by the Regime Is Defying Sanctions","https://news.google.com/rss/articles/CBMi0AFBVV95cUxNUWlMbFd1VDNERjV5ZkEyalUtNTZ4bFJiWFZKSWVSUEFfYmt2QUd6OVNfbUVkUzdSODFTS0VyM0MxSEpyYlNUMEd5MzhxUW5ZX1gzeGpGNXZ6YXdjM2ppQm1jQTJiaElUWFVReS1FbWc2SkNLOVRrTEZyc3FKWEhoTFNKdmlwT2VUZEF5cGg3NllLeTRzMTFvbVpaV3N0U3UxMXdsdEI4Nm1RalZHSEREeHJPdHhjaGJqcm90X0QzWVZ5cmNFRzR2d0dhcWtFZUll?oc=5","The Wall Street Journal","US","1788952140000"
"US achieves 'extraordinary tactical success' de-mining the Strait of Hormuz","https://news.google.com/rss/articles/CBMiVkFVX3lxTFA3UG9za0pCeXVuRl93Zlk5cjl6NDQyQ01uZU1vSUNreFd4bUJ2YURubjhWR1Q0WmdfNnRtaEJRdTlIbWpPRlpRTUpaclRDaVZvazFZLXFB?oc=5","Fox News","US","1788950132000"
"Urgent: Iran's IRGC announces new maritime restricted area near Strait of Hormuz","https://news.google.com/rss/articles/CBMifEFVX3lxTE0wb2Z1VThjUmdXWkRIdWk0NGNhckFFOEpkTm52dXZFVkM1bG1rLVZ5ZEh5Vzd5aDVwUDh0NE9lVGlLaEozM3ZNSkpmbEVtRnJJRTZYSjZhWGpVZUxTU1RJdVU1cmo3dTRvbVFqZnI1VDRQQVVNZjZsY1EzSjI?oc=5","Xinhua","China","1788952336000"
"Has Iran captured an unmanned US submarine? What we know","https://news.google.com/rss/articles/CBMimwFBVV95cUxQOHQ3Zm1HN1JyX1BVNldtUFRBbFFQOGlVeGM2MFVpRjBXUlYzMDdkN2l6czR3dlJmUEw0Z0QtNVVoNHQxM0tWcllsREZDOWZLOWFZMDJXM0pRUWtYdkIyUTNDanZfYjlaQ2o1VDFaQUoxSEl1WHNfMXdic2NJdnd3YS1YbEpjWWswMHc1dlhYcURnTGNXcHo2azFiY9IBoAFBVV95cUxOX05JZ29TRENtOVFxMDVUWFFwOTdTT1l2Z25fQUo4Wl9hMS1wZW13SDhGaEVZaWdTMV9CU1RIb3NlQlcyZHozVHg3QTg0TWtldW9nMktDZHJqRkpnZVpNS0hiYUdKa2EzQWd4cjRxWFRtdnItbGMxWjJQR25qaTg5TXBnaVItS2FhU2plMXczdmtJUVZteVgtanRCdzUtcFQ3?oc=5","Al Jazeera","Arab","1788952255000"
"Trump’s Iran war leaves him struggling to find a way out","https://news.google.com/rss/articles/CBMiV0FVX3lxTE00eER1Vk5zZld2Vkx6aFVKOTBMdTA4Z2MydmgzVEpyZkMzUm5DT2J5QTAyb1VUbnQ0ZV9EVUUyTW1kdVU5SlJRd2ZsSDREUVlUM0lSWVVRUQ?oc=5","The Jerusalem Post","Israel","1788951600000"
"Kurdish group kills Sunni ‘traitor’ working with IRGC, source tells ‘Post’","https://news.google.com/rss/articles/CBMiakFVX3lxTE4tSUNZQ2g1ZDlSOFJhNXNKQVJybWR2X09iUS1uQ2h1RnBpbWRMVDdNeWVtZmsxbzZZdTV5MG5QOTFKMWVhZDZJaE9vZUNpSXIyckRfUXZkdkJFMmw3SlBuQS1pdFJvVlVKc1E?oc=5","The Jerusalem Post","Israel","1788950934000"
"IRGC says cleric killed in Iran by 'Zionist-American separatist' groups","https://news.google.com/rss/articles/CBMipgFBVV95cUxPS21TSm1LdTBPSkQyRDJxM0xLVWlLa1VLR2xwYzdHQmxrWnNNbmNwUEk0NVFjT255NS1ydTdfVjJXMEVoRWR2UVJxZnM2UFB2dkRsV0VMOUtEVkpUU1dhVUU4MVV3aE9IQWtMSElmSjZCODBmR3VSUzI2d0pidkhvZTNfRkN5cjNFRUVTa0J1UG5OMTl5RElTQkZnYno4ODdiMlJ2Mkxn?oc=5","Dawn","Pakistan","1788950525000"
"Iran's Vice Speaker of Parliament: : The knot of the memorandum has been tied to the Strait of Hormuz. We reached an agreement with Oman. - Iranian media","https://news.google.com/rss/articles/CBMibkFVX3lxTE10UnhEZmpybWRmTmdteDFjdy05RnlfWTRrMnRaMk9ZN2xDbnNIMkx6bVRseVd1Uk9neWotQU1DcVZlYWYzVFRRMUZJcXJEOTBoYTVlZUh6VGZ3cE9SNE1TOTZicUpWa0V6czhscG1B?oc=5","CGTN","China","1788950164000"
"Centcom denies Iran's claims of hitting US ships","https://news.google.com/rss/articles/CBMiiAFBVV95cUxPaDlzdU1RUVNrSmxpUS1sQ3NhME0yc05JVWVORlBXTE00T25hSktBVWdwdUNNSkl3STZrNUduTEpMSjRsRndQUjlNcUFVaktqQ3laZGpLSm5wc09FS25WUHhGcG5oTzl2RFp5OUZHUUtaN3E2UkgtZ05LU3hZOEY3d2pKS2psSDBh?oc=5","Dawn","Pakistan","1788949747000"
"Haldia Petrochemicals aims to use more LPG as Iran war threatens feedstock supplies","https://news.google.com/rss/articles/CBMiyAFBVV95cUxPVmxnaG1LdkcwbXVIVUZIaFdLWHpmbWM1SElCX3FmYlFjTGs0Uk1OX0FON2M1ZTk1VDk0OGM0M2FURXZmOTVIX0dWVGVEeDFveXRNZm1DV2Z2RHJQVlNMbTZIUGZKSV9kOWpFMTZMWWNiQXpNM254cW45aXJ6U2tnMWwzZDZ2bXQwSVVobWJ0X1JjS0lFMXBJaDZRZ0MwUTJwWFlfUWY4MVA2cENLUUlFdkxaQ1Q4aVdkUHB4WjdjNzJxZ18xQVBXQg?oc=5","Reuters","Global","1788952591000"
"Watch Oil Tops $100 as US-Iran Conflict Escalates | The Pulse 9/9/2026","https://news.google.com/rss/articles/CBMifkFVX3lxTE54d3NyRVJGNTJza0toSE14UkhqTHNfcVE4cmxOZU9TVW5FRzE5VjJaOE54RXpUUzZ5UDVST3pMMnBESkt2M1NKai1tZXZkTGhJVzVsMV9tTXlRenhaVFpReEFFb2dJSE1HbDRsdkxVWnBycThRaGZPSVRtQkx1UQ?oc=5","Bloomberg","Global","1788951872000"
"Brent Oil Hits $100 as US-Iran War Shows Little Sign of Abating","https://news.google.com/rss/articles/CBMitwFBVV95cUxQUFNXeG1vLWs2Umx4VlFMWF9sUnhudUlFSnp6REJ3UDIwTTlSN0ZvTEZMTW9rc3lmZUZNR0w1amxrazdvNUxLVkpDSC02d1FhVnk0UC1BSlBmOV9tWDYyRVA2RlZCdWlBdENRTHZZSXRmSGVDYVh6U3ltVk42SUhmTm1lRTZnWE9kc1dFcDJCTXFCOE1hV0Z6RnlXMGJKVUp5NWdXemJtMkFXS3lzVzZHTnJhVkd0OE0?oc=5","Bloomberg","Global","1788951822000"
"Petrol prices rise by 5p over a week as Iran war sends oil higher","https://news.google.com/rss/articles/CBMiWkFVX3lxTE9weUpyZlNyLVNNTHRkUE10ZjNwRm9sUEVnS3NQR2xxanVDcWNHYXI0Mkc2UXBZWTN2NmdiZTktMVp3ZTlvZmFxSlB3dG1qU0gzQzZadHBKdXB3UQ?oc=5","BBC","Global","1788951435000"
"US military strikes five Iranian tankers","https://news.google.com/rss/articles/CBMitgFBVV95cUxPeVBLYUdfbndfdXhlQ3l5dTdiY0JCRm9ZRlItcWY0Z3VIdWI5YnVWeS1hRHg2OUFabEVuaWJMaGdQUEpycWFvSmV3Ni1DYjRqV0J5N3VNWDBDY1NqVlJWY0RfdEJTOUhyTm9NMkk5OGtlQTR1THdTNDdRMHV0VlBVSFc2MDhIRmExTVMydnlfYUIwY0lSSUFINHc2VnRmWFpweFk2M3Q3LXYyemF5TW1aWjNsSVY5Zw?oc=5","CNN","US","1788952980000"
"Iran fires new electro-optical missiles","https://news.google.com/rss/articles/CBMilgFBVV95cUxNS05HdFVxMGU4bmU3RVl6aU9WQV83T3VWaXk1ZG9oQzMzMEhNRFdIbVloRUg5YnNuOGNQd3JiUnVGWmk5YzhUVEhMbGJ6ZzVmVEoyQjlSZFJqLUg2cktzNkZCR3ZjNlBaTGdZU3EtSkRmd3FuVDhGck5FUVdzSnYwOW5nNU1vZWJGQkpoX21EOXhKTkNidnc?oc=5","The Telegraph","UK","1788952020000"
"Trump's cash gifts for holidays; Iran retaliates; New Hampshire primaries; and more","https://news.google.com/rss/articles/CBMifkFVX3lxTE5RdVE4VFNnSjVSYjlMUjBIS3VGREhGeURmNVFZUThyMkR5dXJCbkwzeEdjM0hJMUhBMFJRdzBQTEpvcFNQUFRfeTNMZlVtYnRFMDVBQk9oZ3d2ekdyYTA0cTlyVGZ4Y0s0aTZndVJIZmtydjVWTnlNdEkzYVZmQQ?oc=5","The Washington Post","US","1788951540000"
"Iran condemns US attacks on tankers as threat to regional security","https://news.google.com/rss/articles/CBMisgFBVV95cUxQYlExZFRZWTJVRTgzSHpoQXpkUG40dEVicnNjZXlTVk1RRmpfZkNTRzg3bTJVUkx3aldfM2lEUkFsdklIdlFkNE0zbnRySEpfMU5XMkR1cW5kcVVBdUhLQ1IyMEhIN3drTnBiczNrcWNKYS02Rnc0Mk15OUtoNG1FTXp6cnM1YjhERDlRbEJaZmNxVmZsNHQ3RUUwV0pTZUtlRDdDQldOMWNPSDRIczltTGxB?oc=5","The Times of Israel","Israel","1788953737000"
"Iran’s IRGC says maritime restricted zone to extend into Gulf of Oman, Arabian Sea","https://news.google.com/rss/articles/CBMixAFBVV95cUxNeVp0dkpfSWlEbk1KSS1mdVE5YjBma1hPb2gxMDAtaGwwdDhTQlpOR2QxMWdYQ1R4YUNBaFVBMjhWeUxrR0NXa2hUdXQ5MERYY0plVlpvNHp2UFhtUmtISUEyTl9KbExVbkxEZlItanJGclBQZ0lrMWNIT2dZcUtHNHJ4Y3piSzlpQ3RtSUxrSGRlVHZoQ2JVdEEtU3dwVjJwN2xGdW9yMW9hZVFoYU81a1NoOEU4alVBRkdNaVRzd2FKbHE0?oc=5","The Times of Israel","Israel","1788953685000"
"Flash: Iran's IRGC says maritime restricted zone to extend into Gulf of Oman, Arabian Sea","https://news.google.com/rss/articles/CBMifEFVX3lxTE14WlJPMDkyYWZ5VFA4X2w1eXJUaDVqUVlzd2V6bmRLSXI0MlAyYWx4cnRKSExITERpdGVmVEF4amNoTVNSV0xoMXowWTY3NUt0ZkxFUEdDMjdHVDZVUk8yMzJjdW9VNjlnUjdjM1UtR05vcTI5ZTZ1bGNFeWE?oc=5","Xinhua","China","1788953130000"
"US sanctions will not halt Iran’s aviation industry: Civil aviation chief","https://news.google.com/rss/articles/CBMiugFBVV95cUxQRjkzSktFOW5Nb1BQeDhqdE53NnZTT1k4TDU0MWg4emZlejhfQmt1Vk9vQTZnanhOR0RZUzNmYVhMclJudjE4a1NHV2NqSUI1ZkZ2NjJ1STRmeHVoelFmTE53RDlXUWpKSUt6ZHJoYmQyRkRaX3E3QWV2LWgzcmdtZnd1dGNwV2pLTUhBcXVxNFFXV29YSHRzZkRKTUo0MkNFZ3diT3F1VUlYX0tGcVdMaEN4TUVNaGVXZVE?oc=5","Press TV","Iran","1788953040000"
"IRGC condemns assassination of Kurdish cleric by 'Zionist-American separatists'","https://news.google.com/rss/articles/CBMi7gFBVV95cUxORWpya3F0ZjhNemdIbkNoSFZzRklZLW54X1g0YTFSMHJnTGwwSzA3Ync0aWxVcFV0dml4eHRfNk1wTFdRaFBLN3kxY3BMY3dwSHNEQ05WWVpuRER5cmNzWEVfYVJZcnlVcVRsZVlKRW8wMUpHMDlaNzhCNW8zenU2b1JTY0xIZWxwZkZHMUs4N1JmQmpfRVhSUXpJV1ZRMDBBVERZazhVMVZUT3g1dmt0ci1FbjR3WXA1SVVubnh6RzZuTzloZ1VKOFJqZjFZSmQ3eS1nS1BfSGt1eTNvUFdHZVgwaHdJQWJEYUFHS2p3?oc=5","Press TV","Iran","1788953040000"
"Watch Brent Oil Hits $100 as US-Iran War Shows Little Sign of Abating | The Opening Trade 9/9/2026","https://news.google.com/rss/articles/CBMiiAFBVV95cUxOWWxZVmp0dE1CWVFtaW5aVnl6SWxmdVFnZWMyWVRHVHh0YndvQXRVUDV2aTBqbkxmeVZyakhSOTFzd0RvM0VxaFE5T1VwQjBOVmhNbzdTQzVWTmt6Y01kRTdsYVhoSkdYZy1WWkhTV2JIN05aaUQwVzhqTnJsVVNNbENsMEtFUTFK?oc=5","Bloomberg","Global","1788954048000"
"Iran attacks US base after American strikes on tankers","https://news.google.com/rss/articles/CBMingFBVV95cUxPdTJKQlpNUzBzUXp3Nkl5aDZSZXM1eXJpdy1DXzRPeDZ5bEttUnIzVUtTU3Q1eDZkNllNVXZnemRGbUt4VkVpTlpsUW5qYjBBZkl2YjBmdEVWdkthWjJzOVZjQjhhQTVYQXBDYUdjS0JFQnk5UjFnWjlJQWg1c3loWHNkdUVhNUNFamFuOVROTGNHc01TZjJXR0ZRQk5LZw?oc=5","France 24","Europe","1788953974000"
"TSX futures dip as escalating US-Iran tensions stoke inflation fears","https://news.google.com/rss/articles/CBMirwFBVV95cUxOMDA5OEEyLVQwRUxnLUt0TlFydkRDV21DRDBBN2QyRzNmUnppSXVnZlNEclhnX3dIUWxXWHFQQ3RwRUgzczB5MjVSVzlZRWdIcENCbmRHazRaZFR1TXJnQzdEMjE5czZXSm5zYUZDY0MwdXZZSzBZOXFGNnRmU1A0QXQ3MFZpRmNzQ2FuaWIwTC1Kd1NlUjFCMUxNQVhCeFFmOEVIVVFfY1RDWHd0Y2c0?oc=5","Reuters","Global","1788951599000"
"WATCH: Iranian oil tankers deteriorate while anchored in Strait of Hormuz","https://news.google.com/rss/articles/CBMiqgFBVV95cUxQLVNmdmxLbUt2bmdJcXYtQWVaa2VlWVNhS1E0eTlIemxiNVBucXlsVmstM1lOZEJFR2RrY3hKVk9feUpTbWFSRWs5cWR0QU5fY0o5czRCY2hVd19qQVM1dXB4VENTWkQ3Mk9KaDF3S0huMjY0c1NESXd0OXpqREVKaUVjY0Z3ZGI4YS1qWUxGb2RuZGVxcGpfTVZCbTBESjVUVWtFMjhFWmFoZw?oc=5","Dawn","Pakistan","1788955443000"
"Qatar condemns Iran's latest strikes on Jordan","https://news.google.com/rss/articles/CBMihgFBVV95cUxNTS1pZHpWampRckVtNHY3SWxzWHV4UnI1c1pRREVZbkd3SUdEdWd2R25jWHU1VHVPdndmaHpjOVEyQ3l4aWFrNEVWNkVqNEhfQldaTENHaXZjTU1WRGhuZkh1YU5fVFFRVlRPZkIwLUN5c2oyZWQ1V3NtRnoySXBJU3lqU1BtQQ?oc=5","Dawn","Pakistan","1788955044000"
"Oil tanker hit in Iraqi waters, as vessels get caught in US-Iran attacks","https://news.google.com/rss/articles/CBMiyAFBVV95cUxNSU02WHJRb1hadU9BNF9UWGtRVEpKWm9zay15T2ZJR3l2RGNzVDBXbkZjaVlobm12dDVUaUFIamhCZm1wbkRBdUR3RXJCMGJReGNBXzJOWFdYd1ZfdnV1RmUzVzU4N2IxN0NIbFlqb25jZ1lTN1RfM24tNWQwb2dtZF9XNVFySGRGUVVPSUpYUFRzZ29waW15VnhYRXZ2dnVLYkYzNzVBLXJyMmpMNmNNdk8yNzBXY09sUml6QU9TajVkbTh1RzdLMA?oc=5","Al Arabiya","Arab","1788954506000"
"IRGC Spokesman: We Targeted the American Aircraft Carrier at a Distance of 500 km","https://news.google.com/rss/articles/CBMibkFVX3lxTE5BMTNJeVgxanREc0pUWjloVnVEVXhLQnZJTkJNc1MyN3M4eHg1ckhCa2Z0MGJtVl9xLVZkSE1sV1RKOGlSUkpnNWNpRmlTMldoMzVvQmgwcGdRbXRWaFdGVlp4cnM4RXI2enVCeFl3?oc=5","CGTN","China","1788954356000"
"Iran condemns US attacks on tankers as threat to regional security","https://news.google.com/rss/articles/CBMiogFBVV95cUxPTUx1LWI5NjltQWgtOUpVRnRtUk1rSlhuZTZtbXR6Q2FxVGNwYnBTLVdEdjBDV3hZcDRwRVdQZzV3T3JkRV9KRUNsWWtYYTFXcW1JeTNXLWZGQW1saTMyZnVLZmU4RE5PRzJYblBPVVlUcWJWcDhWM1VTU0xLQjlabGlPSW1neGFXZy11cGcwbElBNDBiNG5ucnBiYjRNcGZtV2c?oc=5","Dawn","Pakistan","1788953435000"
"IRAN'S IRGC SPOKESPERSON SAYS ANY SHIP PASSING THROUGH RESTRICTED AREA OF STRAIT OF HORMUZ WILL FACE SANCTIONS IF NO COORDINATION WITH IRAN","https://news.google.com/rss/articles/CBMipAJBVV95cUxNWXJpNVVwZVNJU1hLa0x0U0JmTEI0ajhpRERHcG5DTTNFaERFLVN3RXhkMmYwd1BaLWVqUWdwOVZQNXFobjNHMXVTSnU2a0FOMC1EV0xYNTNaQTRLRTY4c2F1YW1wajVNemhQN2Y3dE52VzZMbUkxRmNRSFhnV2Fwa2c4NGNlWkhKWlluZzBUMkRfak1Kd0hNNDBpYXJubUlFLVgwaTUzTGNFOXNIWk5xMDM5dVNHLW8tdTlCM0xDUmQyb2NYa0dGTzloRE5WNHN2LVJNMHF5RTIxTW5FUFhjMW9mU3kwVTA1S3BWN2l0MXBoY2VSby1mSTRBZ0t6c1JQM0ZUYlZsZDlDS2NRNHo1dnBHTmhaMmtkQkp6dHVWWlpkeU0t?oc=5","The Independent","UK","1788955025000"
"Analysts: ""Surge in construction"" at suspected Iranian nuclear site","https://news.google.com/rss/articles/CBMisAFBVV95cUxQWUFlbGZYcHNoT2JTaWlyRHN6ZThjd0pMelhJejI1dklhamt5aVVOVkNLbmJNR3VvaFdlLWtENFJxUVZwdm9fVUVYanhNVVBKemplSzFQTm12UEF4ZGhHOHdfQ0xURG1SU3B2YW4wNEF6bUdubkFLS3psaWNGazk4cmN4MU5lT2RybDVwOVRPVEN3b005MnJYODN5cjQ4WlliVWlXTjhiWS1ZT3ZrbHlubg?oc=5","CNN","US","1788953471000"
"Iran said to step up work at Pickaxe Mountain, with US working to devise means of striking underground site","https://news.google.com/rss/articles/CBMi5wFBVV95cUxObDg5UkdhQ0lsNXdpc2g2eWxLc3BWRTNsbGIxOWhkOUNERjF6WEQtc0dJQks0RTF6dVY0V05vUVhHa2lhS3Z6UUFlb2JsZ09DSTZKZjhlVW9UY3d1dkhwV2h1cHJTc0x6bWxDcWVYT0tjNUVXZkNPVWFjRHNFSG4tQ0FEajBUbktGZjV6ano4VC1vcEFhSDc4bS1jWHZ0b0Y0aC16UWxDUXhTcjNaNEJMNGhtM2pVb3BpQU5mS2wwTHdCSUQwUm5pWWtoNlhlVlg2a3FBbTNfMjJxc1d4UkQ3Wk1OZ3dpblU?oc=5","The Times of Israel","Israel","1788957819000"
"CENTCOM confirms all Iranian attack attempts on US military failed","https://news.google.com/rss/articles/CBMiVkFVX3lxTFBSdEIwNFJaNFdRRG1iUC1LMFR5dGRZQVRSZjFSNkFyUXBPemxxclRqblVnZWlaMjRsQU1TdVVVeXF0ZnJnT1dyVnZyallOcmc1YW5aWlJ3?oc=5","Fox News","US","1788958230000"
"Iran war drives oil prices to $100 per barrel as Tehran strikes ships","https://news.google.com/rss/articles/CBMitgFBVV95cUxOU3ZmM25tMDV0c1h6N3BKY2JMd1NRSVgxR2hBSnNzbVd3c24zalhQOGZIdXRWcXZHaW9sUUVxYUgtMFkwTGFrNVY0RVZNbTIxRXJ5X1Bxc3hoa2FIT0szVkFvU1ZMU1hDNXIyVGRXQnRKYVRhRHpnVnpUSVFxWU9oRGJDcVF4T3lYWThZTjVBOXM2RnBhSVU2VXhYcXVUcnFqMVdsallnV25yRTVBcmd3WmJ5VU5YUQ?oc=5","France 24","Europe","1788958270000"
"Why is US ally Iraq unable to disarm Iran's militia allies?","https://news.google.com/rss/articles/CBMirAFBVV95cUxOY2ttRUZYdjdPYWJPMXFfMnVwbGRzdlJseFpkSDN4cGFmdFF0TzhYS2hleG5GZW1FZVRDSFhzNmlrVjh5dG1PV3FYcEJ0TzFXa2l5TjRjS2FYZlJqV0g1UExRd1hOVzBmTVh3RGVaTWthcUMzX2N2bFpDbmV1RnpvVllEMFRKUkRPWTdSVEJjM0dpSmluaElFYVgxandYRDZGTTBmc3gtSHVXaGlG?oc=5","Reuters","Global","1788957323000"
"US markets point lower as crude prices breach $100 with the conflict around Iran intensifying","https://news.google.com/rss/articles/CBMipwFBVV95cUxQU1FDWlZxem5yejRWekJjdmdOVW4tU2RQYWpQX2FDWmlHZ3lBOVlYNjdEb01mcUFvM2FhaV9fMG5kUno1VzRjY0F6WkhKbmgxTzUwZXdabXprUjdGbTBuVE5jR2s4QVJqdkt6cS1QTVcwMW82d29FYjBvMFoxdjVrdkxwS0wyY0toNWNYaUpqUkJ6ZkM0bFZHdDk4RU1qWm9Ga0VUQ1J3WQ?oc=5","Associated Press","Global","1788955740000"
"Middle East on brink of World War III, says Iranian lawmaker Kamran Ghazanfari","https://news.google.com/rss/articles/CBMiakFVX3lxTE5xMFVVM3BVa2dLVy1qaXBhQXc5bEJrcVdNME9UVlJwQlRVQzNBX2tMYm1uRzM4M19zdXZNTDRRdmE4Tnh3d1Mwb0tGWllXNTJjTVItR2NlWXotU1dWUHBOS3d3THhpLVlZZXc?oc=5","The Jerusalem Post","Israel","1788959785000"
"Iran-US tensions rise after biggest shipping attacks of war","https://news.google.com/rss/articles/CBMiugFBVV95cUxQM0xiQmRxOXREVmE4M1MtY3djOXZHTjhvcnlhUmlnMGRzUmlmQTZsdU5iQkgzTUxBdDJpejRLcWJmMDF2Ul9qZXBVSzVJY0sweHM3NXd2UGQ0c1h6UnNiS3JsUC1Id0xJS1RPTEt5Vy1aWkpROTh3R0t6REI1clRzazZhamR0RWxublZJdldnakxrOGV2T1pCWThmbXpYSFdtNEY5dGdNNGJSRFppRTY2V05YYlJZYW0xUUE?oc=5","CGTN","China","1788959455000"
"Iran’s Rahimi wins gold at 2026 World Archery Para Series in India","https://news.google.com/rss/articles/CBMivwFBVV95cUxQNG1EQTdIbmljc1V0aU1sb3g1UkhvVEdZQzdsQXEzN3draWFONUNDMmNIMG9SMmZSbHJmWUQxQmlEZjN4Ylp0SUZuTVVnWVg4V0VnS0lKbkZmR1AzX1NiWHRLWlR6VE5BNUdEUWJCMFRfN21odE9FV08yd0dNalk2WWVTYzFORGg4ajVNM1c3LXV0WVFhd3RBaEhIdG9NdmJNaWdzQXVOSUZFRlRJZ01GWjcxZHh1QmtmLWdrVWh6TQ?oc=5","Press TV","Iran","1788958260000"
"Fearing midterm blowback, Trump avoids Iran war as Tehran seeks strategic gains","https://news.google.com/rss/articles/CBMihgFBVV95cUxNSzgybHNwVnhYbWtkcXNiM3o4NUNxRjJXR3pmWldYU3l5TFE5M19KWkJqbjEwZ2pmRVVxcmZyakE3N21qQVRyem4tVDcxNEVDU3BfczVUWG8tMXFOX2ZYWGxFVEZSM2h0cENJNnY3WmZyYlVlejF5eTlFT0NDTDVCb09BdzRVdw?oc=5","Press TV","Iran","1788958140000"
"Surge in construction at suspected Iran nuclear site: analysts","https://news.google.com/rss/articles/CBMimwFBVV95cUxOQ1JPY2w5bTVXVlFuSUI5SnpOUlk2T0pOenEtZkFFeHl6eUpsMmVsaUs0R29jS21mNEk0YnRrczdqam9wTS03TFV3Yk5weXcwdlBaQ1pPcUJzaTA4MW5ETkNRR1pwOGRTWFAyakpfaEkwRkRoclVpcHoyekdoYU4wM1lDRlZSNXNJQ3ZhaUg1eGs2RkZyWVIyNldyRQ?oc=5","Dawn","Pakistan","1788957448000"
"Brent crude surpasses $100 a barrel as Iran, US escalate attacks","https://news.google.com/rss/articles/CBMingFBVV95cUxQY1o4VE5UNk5MRWQ3UFJkakZFdDFuNUw3Z00yNkFrdW5Na0luMm9oaUlDRkItVkRkZExuWGEzR3p5d2pUVVB5aEU2bHdRWDhwUUxFM29kNmp1MXRtaGpqMVJXN3VzbXFaMzFWdG1pbkxfRG02RzN4bnl0cTloRGhOdTJLaDVzZWZvRU9BdldmN0VTbV9xTXA0N2s2ZWVxd9IBowFBVV95cUxQc09RTEM3dmF6TUw4eDU4SjNNdUV6eWpRVUFGUmFUV3ZsSzFYeVJiNnM5RUdteEdjSDMzbm5TWDZfX1JUX1ZIa0RvSjEzbW9SQ2JWSm11czhSRnEyckZoWnhNZFkxakJJeURWU2g5NUJuLXVFVDBtczRGWWZXVnB1aWZ4RG1pNGVVbHZpeUF6SkhuY19oMll4Z1Fsem40MWJ2aGFJ?oc=5","Al Jazeera","Arab","1788957056000"
"IRGC says war can end if US halts threats, meets demands","https://news.google.com/rss/articles/CBMikwFBVV95cUxQazR3MzdPa2NTR3ZvRC0xRzU5WnlyNm9WZmdmVkNCVGZBZkpCeHR0OFNUTGZuOE0xUWFrUVdQMDlGQkdORmlLeVVBYXhhVjNDU2phUFZTYXBkVG9rWGh6MGNRN3Q0Yk1xek1vaW56cFkwVHpXbVk0d1RIU3A2Qy1EdGE1M3ZiM2xCWm81MndiTmxIdkU?oc=5","Dawn","Pakistan","1788956903000"
"Iran claims new footage shows captured US submersible (Video)","https://news.google.com/rss/articles/CBMihgFBVV95cUxQTjZaeVlYRFRsX3l6aEtsMDE1SHN3OGhMX2RmemlaWjJNYlNjc2J0cU50Q1A4X29ITlp5enNiZlRIUFlRUW1ZSktkdjRTUzVpWHlOeVVjZmtUSllreXBiTGQ1eS1TaU9laG1pSUV2bW9XQzhHVWtKNDREbElGUW5Sc3QtcEpsQQ?oc=5","New York Post","US","1788960739000"
"US forces DESTROY Iranian oil tankers after aggression","https://news.google.com/rss/articles/CBMiVkFVX3lxTE1QRUphYU5rQ05kNEpqZDFvbXpFNTg5NFE0UmxKQnM4cEM5Y0NQdDJ1LUxUc2JQeWpYb016MmNVa0JUZTJ5ZGhCblVhcy1Ja1hsMUp0WlVn?oc=5","Fox News","US","1788960062000"
"US RELEASES declassified footage of strikes on Iranian tankers","https://news.google.com/rss/articles/CBMiVkFVX3lxTE9LQkJPR0I4c0RsRmc5SVhNeFo5SklSaml2SnRQZFVQRkJuaEpNR3djakhWb2NmQzJoNUFVcFNZM1pJMU0xOE9SeUJBaEk1WHNzc0NhaXVR?oc=5","Fox News","US","1788959847000"
"Navy SEALs reportedly spend four months de-mining Strait of Hormuz","https://news.google.com/rss/articles/CBMiVkFVX3lxTE0wN3ZJTzZ0d09kRnU1eXBJNkNEREozdV9WUy1lenlqck9sODhiSnpGbWsyY21OcS1Nb3ZPNTBoQTZPMTF4VzR3OW9BdHdxWFhiak5TZ1d3?oc=5","Fox News","US","1788958994000"
"Netanyahu in Syria: ‘We are very close’ to defeating Iran, won’t allow terrorists on border","https://news.google.com/rss/articles/CBMizAFBVV95cUxPQWxkV0RnT1pWRk1vVkxPajRwdWVyRmx3a2JmbThKYTNfRmxfTk1jb1RGZlFjXzJaOTN3Q2F2ZGliUldydVc4Ul81RmtlNk9EellIaEtWdHNhbFBobUV0VF9GM25xSTRrcVNadUxrbWxIUHV3REZNeUpVeGJkYTUwR0tPUUlVbDFzWlVsWThfRHVIZEp5dmNxLTlnLVdPT3BHTzlVSmphcWtyWGhfa2tiLTN1U1RNLW1NZXRhMzUzb0FiQUlWV1Nibi13bGw?oc=5","The Times of Israel","Israel","1788961780000"
"No troops to Hormuz': Seoul activists rally against US pressure","https://news.google.com/rss/articles/CBMiuwFBVV95cUxNSlhmdXRPNFlnVFBjVmdDVi1wYjFESWhaZzZkYUZOOUZYOGg3Y2ZGLVJHU0VrZTNObFQzbUU5YnVmQUVWYXFycjNXV2VSTHFndk9NbHVNa2tXbWxxS2lZYTZDRG1vSkZteF94a3h3a2QtSUZnYmpqTDdzY2VGRV9Yak9SbW5zb3BCdHlhOHZxT3ZGX2dieUphQXZOYUoyWmJ1a2RQWWp1cXJqZDdRWG1wdGNoOTdWSE5NU0ZN?oc=5","CGTN","China","1788960851000"
"IAEA report in May 2025 became pretext for US-Israeli attacks against Iran: Ex-IAEA inspector","https://news.google.com/rss/articles/CBMiwwFBVV95cUxPRjR1NGRMWnl1ank3ZFB5WFZLQXhWNXlWYVhPb1NJNkxmak8wYkJUeE10S05Od0ZpcmgzX1dBejA4UmVTdFM5b3NQeFNCclVmT3VkV2w0cWZhM3p0T2FGeDNmRGExYTU3ZUxPbXhnVEpfbzVhME40Y0RFSkMxdFp3QWNsX1o0OVFYRndtRUpETjhvdGE0a3BqVV81Tzc0M1d0WlBRaGdpVkNhU2ZMVk5hUFMzZ2FwRjg5bWhjR2dsc2FSdVk?oc=5","Press TV","Iran","1788960600000"
"IRGC says war can end if US halts threats, meets demands, Israel exits Lebanon","https://news.google.com/rss/articles/CBMivwFBVV95cUxPYXBVb29QMU5ncUJWVmcwam1fZlZ3LU9oX2tVaUxGdkY3WjhRR2JReHBqQTRkUlkwQmNCV1hkYmtZcDNYUTJ5MjVvZHQxZDdZSlVQaTFISllZb2R2a21aWXR0TWZRdjBRa2N0emI1bXFKUlExVkdJVWZ6ejYwYUFzZEx2ZHdkWFNWNm5JaHFFS0NPUFcwWjV0cE9QSEFMYkxvbkN1cTY3dGVYdWVhZzU3ZGZhSkNkUHEza1NQeFhqVQ?oc=5","The Times of Israel","Israel","1788959278000"
"Oil tanker hit in Iraqi waters, as vessels get caught in US-Iran attacks","https://news.google.com/rss/articles/CBMirwFBVV95cUxNckd4WVFmZEhoNEFkVzRzdE9JMVJ2QVUwMmk3MDRuUTA3NHc3N0xrY2VLZl9GY2Q2WU1ybzBodjhINEQwaV9GQmpKS3FSdXpSY3B3M0VUY3V6NUJvSU1zR1NPYmpLMUtvN3ZrYlZEVlZVNmhZTWZhdnhpM2dEaEZJZzBlbDN3cE42cXNsbDdnYmNkT3ROZTVzVjdBZUJ0NjRCYW4tQUdQQk5NNTV4NFIw?oc=5","Reuters","Global","1788960958000"
"Trump’s pressure campaign has Iran reeling. America can’t hesitate now","https://news.google.com/rss/articles/CBMimwFBVV95cUxOdnBsZG9SVDgyYWZuN0FJWF94UEVMVC1GZjJvejV1Nno5ejc4TTRQdS1yQmlicDFSLU1EMlFSOFVlWnBjV01RZ0JXSWxFUVg0Tk10OGw5clBpUjdNbUhPaGh1cnBKc2lRbTFJLXFEZ3IxMlBBSkZIQTU1emlLWjVjZjRkeUp3anh2cGZlVl9XejRyR2s4dDJTd25pY9IBoAFBVV95cUxQVDZid1lfczRNX25icEpVWlNPaVFhUDRwOHJWVGpIN2x0blA4MFVSNVA2czZFYlZ2dC1rclBtMjhQOE9BQk1DMi1PVTRQd29yMUlqYWltQTR0WjlfZUtDcFV1LVVvbnZaNTVHUTNSem1IQmk1QmItWUdEWW1mSnI3MXRjWjhmN2dqRHZnOEFvb0F2T1ZSTWQ3SkM1ZHRJeGpD?oc=5","Fox News","US","1788962420000"
"Five charts that lay bare economic disaster caused by Trump’s war in Iran","https://news.google.com/rss/articles/CBMitgFBVV95cUxPaUhvMjJISFlnVVZKdXN3M1lJV3JpOTVPTXRNaHdNQlBWOVFwT0lzTm9jc0FPOWFTRm9kTU0tT29LUkRqd3hOampfMWNvdDBZNkdrM094ZXlsRjBTTEJRWVFvdnJNeERmYi1iRnJTWm9yR293U3RlR01hdDVEbDdCRkRVUVZsWWtaaGVXMXR1OVFWY2M1UXRwN0NBbEpaRTdoY1RnMk9XOHhzSTIzejQ1bENjWnE1UQ?oc=5","The Independent","UK","1788962220000"
"What is Jordan’s Al-Azraq base and why is Iran targeting it?","https://news.google.com/rss/articles/CBMinwFBVV95cUxQXzVDV3RtSEZ6czJtd0tjYmxDREg5WGlSUzI3cUJndlBfMTd2Nks0WTYzNEJoN0ljSXE0SmpFNDMyR1hSTnRtX1cyWmtnbXJ0Z2dpSVd6R2FNcER3dXZTSkJfdVJ4bk5Eb3dVVTNOSjI3MHR2b3dXZTI2VTV4ZDNVWURIQWVNTUp2Nlp6LXBtX1dzM0thd25Hc1hsNkdIOE3SAaQBQVVfeXFMTTZrNGlDWHRmV1JybEdSaHVfXzQ0VTR5VGJjOXo2VDlBWVcwNXlUbnF6ZkU2M3VCa0E4MXJsUW81UWVocHp0REZ6Ry0yRXZyVmxMTUN1SVZpbGVRRlpPM2l3anF0U0N3OXhNZThuMm5ZMFBQdm1DME1fckFJbFRWWllNeHhPMXdOV1lYYk9HcUI3MHlsekVtaWlZWDY1Yk1maVhtblQ?oc=5","Al Jazeera","Arab","1788963595000"
"SEE: Diagram shows locations of overnight US, Iranian strikes across the region","https://news.google.com/rss/articles/CBMisAFBVV95cUxQamFsWWM1Vm5VMEtLOUxUaXp3cFdWckVTVjJJWUIyYTRmbXQ5SGtkdGpqblZvNDJIMnZCVFMzWFNrYV9wUTQ1R2Q2OEpLdURoRzlDOGh4NFY4bkFHZG9UTWhCRDNpeG0xeUxZb3hVS29ieEVXXzBKRjAxa1dreEU3X3NIMGJIOWd0TnZYZXdKUmhLMTBHYVhMNmJIWXBRSDJTbGRKNEdjal9yS0MtRDB6bw?oc=5","Dawn","Pakistan","1788962184000"
"How the Gulf foiled Iran’s fragmentation plan","https://news.google.com/rss/articles/CBMijgFBVV95cUxPYVgtZFhOLUdTQWdMX0w4V3BIT0tPM3pTM1ZHV25CaTBHSVhWdEtMbV9STzJZRW5UZ2J5RktBSkNaZDhVR29ZS0sxXzNQTlN1Nnd3VGhSRC1WMWlRZDQtSEpDeFAtSmdadmw5NFVSZGIzRm45NGJ6N1p3ZnVNQlZXdWFPWFpVSC1zUzBlQWx3?oc=5","Arab News","Arab","1788962130000"
"Iran war live - Al Jazeera","https://news.google.com/rss/articles/CBMizAFBVV95cUxQbVI0VU1CeWYtRkhaS2VtSTdGUXRYRnhYQlJxb053SjZfTmx0bHdvY0tHZHdySWM0bWhzVXYwai1VdEFYemgwd2lPOGl2UkV0X1VpWjJwQVFqS01obkJMaDVab1lUQUZOMGd4U2JKejJadi1qekpEWkJHRnJnZnhYM2ROaHk0YVdmOUdLY1JGdEFTa3dJaURfQzdjeFpNT2pCNVVWUEhoSkV6WnZUZ09pWW9ibmZrTXRFQWpQZFdPSWloV0ppSE1WZDBlVk0?oc=5","Al Jazeera","Arab","1788960778000"
"US Hits Iran Tankers, Trump to Headline GOP Convention, More","https://news.google.com/rss/articles/CBMirgFBVV95cUxOa01uYVVURWctVy0wSXZyLW9mdHhiaG8wbjNKNC1jRk5YdXZ5YjNrM3E0bW1lODk5UktkQWxlVW9iRkJjMldJRE1uWnBWN2hYZHpONmFWMTh4UkpscDVubk5qMEdXbzhwYmhjZmw0NlRwd0tRTkxBX0c0bFVlNDhHaDRpUnlUUWluZS1oYTR6N0hBd2NDbDVsUklJekZadHpqaERicmhoaUVSMDZ3V3c?oc=5","Bloomberg","Global","1788964621000"
"Oil pushes past $100 as wave of US-Iran attacks exposes dwindling safety net","https://news.google.com/rss/articles/CBMiwgFBVV95cUxQWk83eHNVQXFWUEdoZGxYdmRpdnhuMFFKM3JfMkRRNDMxWmM0c1JPVmpkRWhQVVBvX0VLdjlhZ296NHpDVDdUNS0xZl9jRXJEeWZ1N1ZWSnZGUjVueEc2MzdjNTAwUTNlUFEtZWZ5el9Jc3dBYjJzVzN6R080aFJLLVlYWEVqUTU0WHRGX1hMSXQ3cnFpaVNHeHM3enRkYjZDcEUyb0Vic1JhMExzU1BCZVBvZlh2dExCZ3dRTVBlNWxNZw?oc=5","Reuters","Global","1788962171000"
"Iran responds as US sanctions squeeze economy: 'Seriously?'","https://news.google.com/rss/articles/CBMiVkFVX3lxTE52NWRFam9xa0poZGxrNjR0V2dTZHg3T2t0akljdmUwRFVqRmtTeTdxV1NHSTZfYmJ5ajBsTEtLdzZsUkdEX3loUDdwbzNBdjdxdDNHWV9R?oc=5","Fox News","US","1788965101000"
"Is Iran going to ramp up the war ahead of the U.S. midterms?","https://news.google.com/rss/articles/CBMi1gFBVV95cUxPRjUwcHBmd2JWRWJMR0xGQWc4ZDFtZkx2U2pQMnh2TVlQSnlmaUtWUlpkQzNVUTdNSkVuSVlxajFOY3dlUm5MSzZDQ1BISjgxU1doUHpJb3phblUtMlBVNlcyeXNwbzM2MUdPckZyLUVTU2R0N2V2cGVJS1F6TUpKeURtQWdObHBWYWJIc2RzZHkwSUlSZlZlUTctY0YxMEY0azMxSVBsbFA5YjRIQmhNQUdLY1MxN0FMYUx4X2s1UVA3bEdjdWZpcDBJRE9DV0JibmlZMlpn?oc=5","CNN","US","1788963766000"
"Netanyahu says Israel has ""absolute control"" of certain Syrian area, vows to topple Iran's gov't","https://news.google.com/rss/articles/CBMifEFVX3lxTFBnRGhwR1pXTnpqM3lvVVV3bDlYVDB4bkJwNGFqNWpDbGZ2REJLd0JTTDlDa3hvQjVfVmRGd1B6cHRnVmcycnVPYjczaGdic1JsZmd6eHhmNEc4Y1pzY3pBYmxCMTVEalMzU1d6ZExSSHFxbnhELTRSS1M5VDk?oc=5","Xinhua","China","1788965055000"
"Benjamin Netanyahu vows to defeat Iran during Syrian Hermon border visit","https://news.google.com/rss/articles/CBMibkFVX3lxTE1tYk1TNlVSN3hOMnAwU3BxV1Q3MG5XX0Ewb2pmSS1HcHJJdnNrT2JaNExNNzViN0VtaGRuVjA1ZUxoYmQ0T0FQUVF4Uy1UT3BBNXpzSmxGQnh2QWR5cXVTanFLcmpnc2Y3djZ1NVdB?oc=5","The Jerusalem Post","Israel","1788964325000"
"U.S. airlines resume flights to Israel after Iran conflict","https://news.google.com/rss/articles/CBMifEFVX3lxTE90SmhtUnAzM0d6VzRPcVFzRHZNT05tVjFqcVZuamxaQnB5anJUc1VaSWk0Z0swLW0tbTY5cFVRNE5VOWpDTmtfSE1GTld5MkVVRnk0WS1ndjcwWkNDeWhZRVZvQkZUR0FuVEpYaVV1d1lLcVpkZ2VucWlSaks?oc=5","Xinhua","China","1788964245000"
"Netanyahu on Syria visit says ‘very close’ to toppling Iran’s Islamic republic","https://news.google.com/rss/articles/CBMivAFBVV95cUxPbTBuclN4NVFPN050ZmFjdXFpN2d1aFJadXZ6eTZkckFfbTZNUnd5OWtYckh0MFBTNG1QcjRJcm9COVY4UWdXRVZzZ09pWGIyV1FTdHZHUlFVbHh1dnlDZWs1bG54S21uMlUtN2hEMzFGWnFzNDhJajRsMkRrV09BVFViVEJTNVBUNmNHN0dFcUVZeEVRaXpSaDVWbktKT2tTLVRnZFpNa3JpWHhaNGIyOHNhQ01OOTRiU2RuZA?oc=5","Arab News","Arab","1788964191000"
"Iran's IRGC says vessels entering ""restricted zone"" without coordination to face sanctions","https://news.google.com/rss/articles/CBMifEFVX3lxTFA5aXc1aV9teTJBRVRfT0NxZTYzZ2R6UUFOSTg0Y3hRSzF1Ulc2cHI0Q25xVGx5dE1nWnpKaUMtYTFZYUUxVVJMMU1oeG85Q0UzdklhMTlsQWZOYjFJUmlWS2NDWnAyQVVNUGxIR0dQeXhnWktoaVhTNUxkZks?oc=5","Xinhua","China","1788964095000"
"US says Houthis, Iran miscalculated by underestimating Yemen’s resolve","https://news.google.com/rss/articles/CBMixgFBVV95cUxNaHl2SUNnRmI0ZFFpTi1KbGUwZC1sb2tCX0JHMzFZdnJzQzEzSl9uSzBzRFBJSVh0Z1F6QTZESENrd2JlWi1PUVZwWkprZmN2WnJsdkI1dGpUOEFISEZZODQyWEhkUWV3d0tvWDF5VVBDTGlmemdoclJuZzE4MWlaVzE4bXlNaWhHMmc5OXM5U2JRZTVqaTJUWmhZNjZJbVF2UXNMeXRmLTltdTktbHVrZGE4c1l5a1dmOERDQk1SZWVPcUZvTGfSAcsBQVVfeXFMTlJiNTQ2QkRycGNoZnNYcnh1RUFsQURsYUY3bEttNVAwa0E0SFE2NW81VlJfWHhaanFlY3NLMkZOemoyVzNMLWRqYTlWOXhoUlp1bUt2X1VaN3hjaGI0clNvWkRxSmZyWnctRDNBLVdkVFIwZHZjSHg5b2tFanJYTEt3eWJDNjJUY2Y0X29oQnh5SzZHNTBoU1RYMFNZQ19GYU1yQ3ZCQ1R5dUhmLXlRZ3JQQWRDZ2czb3oyZTBzRWdSR0NPTS0xNkJUSFE?oc=5","Al Arabiya","Arab","1788963780000"
"Netanyahu on Syria Visit Says ‘Very Close’ to Toppling Iran Regime","https://news.google.com/rss/articles/CBMiuAFBVV95cUxPNDllVjdWbFV0S2pldDdOc1VFQ2w5c1pCRTlQNktUWVhpVDY3UUtOV0FkWnpYcjM3cWZmVmhCVWlCOHVpUVlFd2ZtSnFseHlfY0s1TWdkeGY4UUFiWWVJRmI5dUtaUlA3TXk2Y05YcVVRVks1bUpkWjhUNnRHUW1fV1hmSEhwaTBGanJpZHc3QXlEdFJaV2ZNZXVuRnVDZlJLa1F1RDl5NDhKemxhRVRQRFVKZk5uOXlN?oc=5","Asharq Al-Awsat","Arab","1788967543000"
"Iran strongly condemns Israeli aggression against Lebanon, urges action","https://news.google.com/rss/articles/CBMiwwFBVV95cUxOSjJkcHhKejZ1NmZ4dlJaTTVwbzV1bWFKQjJRTWFEeHpzejhaQmtUWllTdDEwdUlDMVZxdWVHZzgtZ3JMcUlxZlI3ZzAxb2VjTWlyZ1h5VlZwYUhiSHR2NFZzMVEtMGFmMHU1VEpPQWJXeHZmUEM5NGx5el9IRGg2RXpKbXZoODVrU3JqaXRvd1RUdE5QTlEtQV9xU3o0cEFMVndMRng5VVg1SExYS0E3SmNjXzcySmpSWFo4VTc2dUFDWGc?oc=5","Press TV","Iran","1788966600000"
"Iran captures US sub on secret mission to clear Hormuz","https://news.google.com/rss/articles/CBMirAFBVV95cUxPb3JuT2NKSHZpQXlYTTJRS043YU5pdHg2cDZBOFNUajZMdTRYTkx3Z3RZeTlPU1R1SzUtWGxfMHp0Um54U2ZRYkFtZFM0R3cwOW9TcFVuMDlsUnlDSmxqNXdQekREc0V2NTM3VzAwa0xZa1hldHVNS2RwNTZBb0o2X3J2em1BdHBJREVRYThfOW5adHpoeko2bzhZS3pnVkUzdTFHTzBWbG9odS1O?oc=5","The Telegraph","UK","1788967560000"
"Iran tightens social control with crackdown on cafes","https://news.google.com/rss/articles/CBMijgFBVV95cUxPWHE0QkxSSUZURVpESVNwRTlRZVlYeFQ4MUNmdFlpeVZRTl9iU0lQRXRYLVQ0ZGN2bnRiWjY1ZFk2RUtJYjdjR2x6VFVfX2hRN2ZCMjFybXBSSkhWZ05EdWtaOUhESFlfcWdTUnh5N2l3b2pjaEhTSmpINDVpVU5oSXB1RWhtazVxYmJMV2Jn0gGOAUFVX3lxTE90N1c5Y1o1QjNDeXRYbjZpWHZwRmpDVG5fTGItWVZuRUxvVms3WG1lWlY3VlBSUndBWnpJOGZhNjNHYnl1N2g2bEVNTW5kRERCN2UtenVnb3RXM2VId3BJd0J0bEpXOEJNbGswRDlvNWJLRmltQVRoLTloQkxnejFuZlVFc2IzTnhKZ2FEa2c?oc=5","DW","Europe","1788968781000"
"Crude Tops $101 on Iran Attacks, Treasury Triples Buybacks, More","https://news.google.com/rss/articles/CBMirgFBVV95cUxQOURSczBkYndQT1JGanhwQnBLaFZvNHpnZDBDZDdVejlYR0hSUmU0VGE0dTFTR3hCeGs4ZkppV2V2MjZJSUlrSlZjaGNxRGc5ZTFFVklEaVA0MUJZUWNOcHUxQV9xQ01MWm0xY2RpNnhMR21aTjcwWTNpajVUVmdsdnROZm1ZcXhCZ0dnYVVzXzdIYndHUGlKM3YyMlpBZE9kVjRpR3hRRVpPcE5wSkE?oc=5","Bloomberg","Global","1788967453000"
"Report: Surge in Construction at Suspected Iranian Nuclear Site Pickaxe Mountain","https://news.google.com/rss/articles/CBMilwJBVV95cUxNWXZrUzIyM0JDOWNqSGdCdkFLVXV0NU50dFNfQWNwRjVoR0xfLXZjZjJFNUg2WEd0UkFIb2wzZy01WGI1ZzhDemtFVUQ4N01acDVURlRsT1NyY2pDWTM4V0tzcE9iVTBHQTVKWkh3eVlPNVRyNDBxVnNGNVFNN29ONEtQdHV1NG13WkdVS1h2WGdTckdEcUhpQWR6eFNlU1A0MzBuRHFHMDd1QXVKMUFRMVpjdmNBczNRbERWMlZYaHpLT0ZnbzQ3Y1dpdndtbFQ1ZFctb0RCQThnZ3hVanV6Mm1UM05UV01tRnVjeUxINDNqTkdWTDNUTWpvRjZtZ0laaUw0X1pCZWVvcGR5YzFDc0tkRkJwWEk?oc=5","Haaretz","Israel","1788967980000"
"Oil Tanker Hit in Iraqi Waters Amid US-Iran Attacks","https://news.google.com/rss/articles/CBMipgFBVV95cUxOM2RJbDFzLUVmV0FnZUxZaDJPaWo0NTdvbmkxRGdON0hxelZVQno3U0dneUt5c0llNzN3OTRheTlWLTNSTW1OYmktUkNlQlBYcVBoYi16WG5MU1RoZDVER3dNNmcxZzlxZjdjWjN4RVFoSWY3Unhvd3RUOEtXM2tvZWY5NWpGM3VmbkQ0NHpIOXZRUUJ6VDdNSmluNV9tM1JGdjBMNTFR0gGrAUFVX3lxTE5QdGNmeFhOQ0hQVlZySjJTYlRFVHpvYTRQeUJlLVpvbC1DbWJJS1M1QmpaWjVDMkQ0UFViQjhacE1GMERSVEJ6Y3lnU3VlREJuLWN0ZTYxNmtKX0xwVXVTZTNRNW01NDduT00tcGpoR29Kd3k1bXRmb01EdUFWOXRxbHZwdWFLUGVOeE5wMUNiR2FRZ1BPeVQ4NFFlS2tlQnRDQThkN1VjOHhEWQ?oc=5","Al Arabiya","Arab","1788966835000"
"CENTCOM video shows Iranian oil tankers ablaze after US forces targeted","https://news.google.com/rss/articles/CBMiVkFVX3lxTFBrTFZOcWcydlZHSTVBMTFRdjJNRGlhNGFaZlhWdzUyc3RWRFFYMnZTY1EzTmZVMTZ2ZFpuYU1UMEJVMlBMMWotM25tOHlNQWdMUmtWWHV3?oc=5","Fox News","US","1788970013000"
"Iran sends Trump ‘World War Three’ warning as tensions rise in Middle East","https://news.google.com/rss/articles/CBMikwFBVV95cUxPU0VVX1Nsc3hGQmZ5SW92S1lkR3Y1WkhpM2Z6QXFnVE52eDdSX0JwXy1CNVdxRmV3UjVxNWxlZjdHeEZPOUlITW1GUXBBZkVJZVFmZ0Qzenh3Tkh6Q0FGWEI3UDlqaFZfd0EyUEpOZnd1N3IyanlQY0hSNzlrMUVDbURNbmlLQVhBNURzTVFidVdLNjg?oc=5","The Independent","UK","1788969000000"
"Trump blitzes Iranian oil tankers & how Russia supercharges Iran’s weapons","https://news.google.com/rss/articles/CBMirAFBVV95cUxNX3JReHREWGFFWVZjZENPOWFZMWIwWmFfMnFMVlJsMERqWFJwUXctU0J5eEpZYzFhczFrSWpQQk1rMGNrQkJTMmxmcklfekc1Z1FLVFB1cXZRVC1sN0Q4ZHlUbXNmYkdPOUtJMFkyVUJYME45QjRJQ0djNGRRZTlxbmFsRjdXQlBnc1VUVlpYUVJ5UkxCc3pvUF94TUJ6SXRPT3hnbS03dlJhZWw5?oc=5","The Telegraph","UK","1788968820000"
"Iran claims to have attacked 10 ships near strait of Hormuz after US strikes","https://news.google.com/rss/articles/CBMivwFBVV95cUxQN0tGcHN6eVRuV0EzMllYUTYzOHd1ZDhFeWpJczVqMjB1a3JWWWpnRjh1RmV3Mm1Ya1ViQWxRRjhLRjRfWXlhVHVhM1ZOWlZyZkE4LXRTVDdQZ3RxQ3l2eEM5b1VkLVBySjVITFJMc1NjenAwakdZeEp1ZFBWV0UwcHBoQVdhTHhMRVl4bHdOVWh2X0IyNE5CMGVqYkxqbGtUd0xhY0d5UVNWVVhmTG9IUkROSnNlNDR1ckhkdEZ6dw?oc=5","The Guardian","UK","1788967980000"
"Saudi Arabia Runs Out of Easy Routes for Oil to Bypass Iran War","https://news.google.com/rss/articles/CBMilAFBVV95cUxNV21kdlFZS0pSTkZWUl85WmZnU3BrYWZsd044REEzVmgxZG1ieS1uVkt3YjB3c1BOYVJSd1lFLUNCN2RWRFRfM2V6aGJkNFZLeXg2ZHJBNEJuTk81UDRGN0JyUVhPRjR4YlVaOGp3VG93Y3I2TFpYODFhdUZxMkNVZXBPckd0MEZINF9YQnZEQnJHNElZ?oc=5","The New York Times","US","1788967839000"
"Iran Ready for More Intense War and Won’t Relent, Official Says","https://news.google.com/rss/articles/CBMixwFBVV95cUxOLV9hTGNQbXBKNzdOa3psU1N6dDR2QTMyUnJPYVloUVJ1NGVtTGFYbFdhTUMxYzFNY2w3RklKcXVmdTljTUx3dHRvNnptOEY5YVJDUlZzQnRzN0RJdzdWTThFTzdhMGwyNUptS002ZjM2emMzakM3bmRZay1DUGVlcURjTl9BZEVQLXk2dWtyd0d4Z1FzVmtubEQ3NDFUYTBKMFhoT3Q4V1VUT21LMnlIdm5VX3MxV2tYUng4UF9OZFNvODJEUzAw?oc=5","Bloomberg","Global","1788970131000"
"Iran Attacks on US Navy Show Limits of Tanker-Sinking Reprisals","https://news.google.com/rss/articles/CBMiwAFBVV95cUxPdzRkenhxSGZKR055bDg2WXVYc0R3M0JvS1c5TnNkN1luMmc4RFlXY25Rc1FzMlNRMnN1YlIxd1A2VnhCWHRlRFBId0JMNDJCVTM3NXFiYk5Zc1lnS0xfNWtKaFFvbTdfNFB4Ym5SZ2J4c0k5Nm9kYjl6cmFkOTRYa1dqUXd5ci1lYzY4cnBYZVhBVm16cllqUkhHNEQ4RXZhSjZNYkJ3YzVrdDZiajQ0YTkzNF92dHRpc1ZWT2xYWjk?oc=5","Bloomberg","Global","1788969930000"
"Ex-Mossad operative Dvora Bachar says Israel can defeat Iran under Gadi Eisenkot","https://news.google.com/rss/articles/CBMiaEFVX3lxTFBxQnNjSUFlT3FrUHhtNmJpckY5WGM0MlpxbUEtNXVzYXZ3Nm9CUzBJNUtVTkNWOXJNN0lLMHBUUTdmRG83alpQR2hLQVFHc3JTZUFhN2lqcXhEdHZPempnSmxCUlduamxl?oc=5","The Jerusalem Post","Israel","1788970140000"
"UN nuclear watchdog board reports Iran to the UN Security Council for the first time in 20 years","https://news.google.com/rss/articles/CBMilgFBVV95cUxOdm16ZkoxMzNxcjBDbWlDeldETmJQWXJMbUZtenVCS2syQWNvcVlWMWRCT0ZQOXJFcXVnME9uQmdCMGhCc0E0Szc0ZHk3NHlVaFVSa18yMk5MVlNtZEo1TXMtM3hHN2dheUpZdDQ5Y0lqM0JDQkZpRnd4SzN0RlZGRFVkWV93bS1pWXI0RnVfYmZJeTBnMlE?oc=5","The Independent","UK","1788971880000"
"Iran could face sudden economic ‘collapse,' retired Marine colonel warns","https://news.google.com/rss/articles/CBMiVkFVX3lxTE4wdXRUbXU4LTBmUXo3ZFdrMmRvNEpDYUZURDRlYml6VDR5SGVNUFo1aXhFYW9rY09vc3RnTEw4ek1YNWh1TE92eF9pa1otTGhQQXp0czRR?oc=5","Fox News","US","1788970348000"
"IAEA board passes resolution reporting Iran to UN Security Council","https://news.google.com/rss/articles/CBMisAFBVV95cUxQbGpHbldkTklJSVV0eE9TRmRzTEJBWDNEMXhIM2tmTDhOZmtJVUNBNkhPaTJ5QTBHS1puTFFYbXVKVzlZQmZRRWpsbjlGbEdDdTdNZWJTbXJ6U3RyemVZSzhWNlY5a2M4NHlRUUt4WUhKUFR2OUs0b2huanlVYjRZYXBKa0F5c3ZaTGhPMWdjcmhqWmJvRFlDaUUwWDg0RWZWNld4b2gxYVk3NUdNTUEyYQ?oc=5","Arab News","Arab","1788972720000"
"South Koreans demand government stay out of US war on Iran","https://news.google.com/rss/articles/CBMiqgFBVV95cUxOdEZTQkJsaFo2VjRCaWdvMFJ5NXVISmlKenhCZEpEdUhTRUo2UFlUbjg4ZXdOSl96d01nd25XNVFVOE9DRjNOMmJndUp3STltRDIxZXFsTS1tQ19IbGVfdHdhVk8tSEVhaU5ZLXEyRVpVX1Bfb3VTcnM3QTlSU3Y0Sm1MZ0Qza0duc0lyQ054Y2hwdmE4YWkzWTFRd0VTcGhqV2FTYjJseFh3UQ?oc=5","Press TV","Iran","1788972720000"
"Russia, China join Iran in dismissing IAEA draft resolution","https://news.google.com/rss/articles/CBMilgFBVV95cUxPdzNwZFZFazlYbXVHY0tXT3g3U3hkR0ZSSzd1M0ZqeFJsV3RWWF95NGxKckNLRDdKN3U5WUpZbWttN2Rqa1lfR1JsY2xRUWh1TjRobGxEdDQtal9rd3pSTEFGWDhyeDFEUXI1QzNaajBhRUFQQ1lvTHdXODlmZmhtTmdtelNaUE9EMHQ5MHpRaEhPOFJYRHc?oc=5","Press TV","Iran","1788972420000"
"Routine nuclear inspections ‘impossible’ amid aggression: Iran to IAEA","https://news.google.com/rss/articles/CBMiqwFBVV95cUxNeE9jeUxQUEFXbnpFb2lfMFlBbXdBckF0bnc1dDhrRHI2bTgxYUw3WWw3cm9paXp6YVZpdFZOMVNkNXJoRUhqSGtaWDhLZHFmeTBQX2NSaElZZDVNaDlVWDVmVEF1UXRjeTV4M3RkQ1NNTEFRZkxxeUJWU1F1d1gwa0ticUhOSU9pUWhtVWtJd182MlIzX0hSUGhoSGFpYjJnUEpQUHJYdmFfMjA?oc=5","Press TV","Iran","1788971640000"
"UN nuclear watchdog board refers Iran to UN Security Council, diplomats say","https://news.google.com/rss/articles/CBMivAFBVV95cUxNMGp1M1FtQlR1UUVaVlF0V1pmR3BEbzU5aFNPWU9SZXZ0VkhNWExjcVZXVmhuVkdMS3N1UHJsbmtJaTNtbnhEdnZ2QlFNN0Z5RXFGaUR4eE1meU4xVGRqSkxXTzc3eExkdWN1bE1XbTB4aDVoOXRJZHQya0lnUlBfMGhfVVJQZmJTQkxfVno3aWZTQXVfR1pZcnA1eWx6WFExekJkOG5BS0dNUzhxZzAxR2FRZlBXa25fQmp1Rg?oc=5","The Times of Israel","Israel","1788971621000"
"IAEA board refers Iran to UN Security Council, diplomats say","https://news.google.com/rss/articles/CBMiuAFBVV95cUxQMnpPNW1BamdKRXpiMlNPS05wVzh4Q0hZbmw3QlBDaENfM2RnRlFYVDBWUDduTXBFTTBjcnZxNXpUbG1Ha2tzZ0dLelNnR2VLbmJqNkJpTzRoV3g5OEhhc3ZqWlZuNkM0RWpQMzlsRlRvVGtjdHRORk5LajBPSjNEM2MxVVlNRy1hSnVzbnYtMmE4NlB1Tnp2ZlY0QVoyYTJEMjU5YXE1ZGhWc19xVDNKajBxaDJXemlx0gG-AUFVX3lxTE1lekRpNEIzcDN2aUMxNnhlMEpSc216TDdULVBldGZYcU5PVU9XdTZDNmZtamxlUktjX2toUFVJYmtIblpEZFRiSi1mcmZJVFRNV3hyR0s1YU55amJuSG9ZaFZOUkE2Wk9hbk1fc3Y3LUV5N0RrZWZWbGl1QjNadjZJTFV4VzUta01oc3h0R2RIQVJ1VDhtUm9zNV9MXzNQME9yd1U4XzZCMm1ycEFlWUFkSHRVUDA2NWYtcmp6alE?oc=5","Al Arabiya","Arab","1788971340000"
"Netanyahu says Iran ‘very close’ to collapse during visit to Israeli troops in Syria","https://news.google.com/rss/articles/CBMixgFBVV95cUxOWnVfelg3N3hKSFVjRF9RMGZiLTZVQm0zdDdyUXdUSEdMMlNlWnRTeVRRUTE1eXdNODhoTHhzU1pJdGJmLTZUUGNMajRjLVhBRklVZkxRNmkzYjlLMU9BM2pUTGFjSFdZSVB5NnFfODBENGxoMGNuaEN6QXB6cFZPVWJGRE1QT3lzT1dLeUJTUVF1UGxRRll3S2Y4cy1FRzJ1cmpNRVdQMk5VY2ZDVGFQQXl1RjRRNDlxdW85cG5MbUpfd0l4MkE?oc=5","Arab News","Arab","1788970786000"
"Watch Crude Hits $100 as US-Iran War Escalates With Tankers Targeted","https://news.google.com/rss/articles/CBMimgFBVV95cUxPYVRKc19hSkR1Qng3Sm40enhtWXdlaC1jd1JHN1kxTVRZZ25IOXhNYUR2aWFaX3pMUTB1bF9QbGNxZy1nZlFBMW5sLXZGT2hEdkQtczU0Yjh2VkJlN0ZqbkNGa1pWWHRKMTVDUXExaEh1cHNjeWNIeERUNkJvaFRWdzdNLVR4cTBhN1d5VzJqYU1KRV83cjlBdGtR?oc=5","Bloomberg","Global","1788972952000"
"Watch An Effective Mediator Is Needed to End Iran War, Mahbubani Says","https://news.google.com/rss/articles/CBMipwFBVV95cUxOQW9Ra2xEOE44eDZXSXBKS1M0UWtLdjdyOUVXSmpzY3pRTzBrbFFzb1NxSF8zMW1rYjFHc1ZOZ3c2RkZhemxsRHRQTFVZRGZOcHM2XzJIVzJZd2FhSnItMm5GSUdVXzZBNS1ZTXRCT2djbU9lTFM2RnQxeEppSzZPX2RVWkxobFdpbFZCOWY5eVk1cGZjUlhVZ1dVb050d0tjcFBDMnN4Yw?oc=5","Bloomberg","Global","1788972344000"
"IAEA board refers Iran to UN Security Council","https://news.google.com/rss/articles/CBMilwFBVV95cUxPTjEyeWVJQ3AtMlpJSFNSM0NFVVVITVpnVmdJcWtJbFU0Z0EwOGdEQS1odjVjQnV6cGFaLWlJMUZad3JlZ21FQjN5ZkxIWDh1UzB4NC1MbnFjWGZERUJ3NTgzVzNkaHpuaXdkc3BiYTZPVGNJV1BrM2VUVEF3aUk1SzlIelN6Yll0U096S2NZS3FDQ3ZIVnpZ?oc=5","France 24","Europe","1788971714000"
"Iran Attacks on US Navy Show Limits of Tanker-Sinking Reprisals","https://news.google.com/rss/articles/CBMitAFBVV95cUxPblNxQW51dEJ6eWJ0RXdZamJlU2JON3JhNUhGRjZqSk1XMjlXVHRBZlZjSEZPVllvVUY1Vy0xb0hfQzNpM2hnTFVmVlBkN1o1d3BkSWdERm94LTJVQkw2MGV0cmExVFc0T0d4bHVkOW12OXdEdFl1MlpyRjFUR2VDT2RnY3FnZEh4dnlfYS1PbFhiazBCa1V1ajAySmwyT24wVjR6eDZENzhxTTJfaG9NR25EbVY?oc=5","Bloomberg","Global","1788969930000"
"UN nuclear watchdog board reports Iran to the UN Security Council for the first time in 20 years","https://news.google.com/rss/articles/CBMi0gFBVV95cUxNUXluOEZicVhlejYwZFgtMVhCS2stSDVmWGsyYVQtaGNwQUdQSDVod1pXeGdzdjR6bXFidVBsSkgyWFNlV05nZ0x0RjJRbzVOQ0pVMFdPdUl6TFZXNGgtaEdSNjUzZHVGRE1PQjZvQThKYURkeDF1VWFHSTRwM3FRd2lGalNFbUpBQjBmbUp0blpNbmtzUWpYbnRXNDNZQU5zbVVJR2ZlcWNDblZpdzBYUmxhMjl3b0E0cW5qMDRjZ3JVR0pCdm9Od1FBaE15bzFnYVE?oc=5","The Washington Post","US","1788972670000"
"US military carries out strikes near Iran's Kharg Island","https://news.google.com/rss/articles/CBMiVkFVX3lxTFBlMDVzcXZQZXFXYjg0aUtGMTBqNGV5YjVKQThSbmdFTHN2X0NnMjRaejRwRkRhQUdvNnpIMm9za0dTN3J1WENwNDlDQ2pXOGRjTjhmbDJ3?oc=5","Fox News","US","1788972095000"
"Iran’s Fars news agency says explosion heard around southern Jask coming from sea","https://news.google.com/rss/articles/CBMixAFBVV95cUxPbE5vdTZOaE9ITzNjUzRIWmRHUVpuZzFxeVMwdzFwanVJNHZ2bmR3WUxETHc3dW5jeEkwWkJ5ZDh3c0JGR0gwUUc5M0FKRy1PME9SOHFkMWlEdmdWdFFzdEFBWFVZWkdHU1E4RjV0Z0VqWXJzR1ZQN3pWaS1iSXJ6SUlraWZLTDdVVTg5akw0WE9lZ2EzeElHYms0UHplUlFjUUU3REh1YXdMYUhEM3NHZnJZTWdHYXBWVUdjVXc5Rm5sZ210?oc=5","The Times of Israel","Israel","1788974439000"
"US EIA hikes oil price forecasts as Iran war drains global stockpile","https://news.google.com/rss/articles/CBMipAFBVV95cUxOSWtoRmt4R1ZLMlZhN0NvQk5VNk5XanNFNUZiRFc2Y2VpalJKWVI3Tk5Xa0FFQi1nd1NTTW5qUW52TEdCaFNSWVpQZ2hzdzZhRjVEYmVZczhSQmlQSndudE9sNHJWYmo2MzAwdUNsMjdiV1V1eFI5eGRNdVRtd0RnZE5OR3dLOVBZcmlSTktNbnBhMHN5R0FHdkhnVTc1MU9BTzVZbA?oc=5","Dawn","Pakistan","1788972762000"
"Iranian media says explosion heard around southern Jask coming from sea","https://news.google.com/rss/articles/CBMiqAFBVV95cUxQUkZ2Z1Z3bHRmLVhfWksyaUNFUi1ILUJYQ0JJYnI4QTlBUUJjbGdBdkExODFzV1NmZ1NnVEs1VnlOaGU2TFA0LVpJeERIUlRwUzRVeUJpU1dERC0wa2VvV0lOWWE5eGphOU5jLUpMTERHZjI0bmMwcFF0cnNqd3lSVmFqLVNPNFdfNFVDaWhJMDVRWTZsSndSM0dNeV9kT2hsUXREUFpvOVk?oc=5","Dawn","Pakistan","1788972427000"
"UN nuclear watchdog board reports Iran to the UN Security Council for the first time in 20 years","https://news.google.com/rss/articles/CBMiogFBVV95cUxNN3lJSHppY0liT3lJTDhwYml2Z3BTT3NNVW1WN3BPdVdlc3lJcXM4dTBKZ2sya2l2cVRaOHdIOGlwd3N5SVVtR0JfN3ZRbVk2bnVHbExwcmVNdG1iMkk1NHRUQ2FoZFVTVnpFY09DY1BNeDZ6dS1DdGtRS3JXOXpUSTlkYVg2V0FhclZFSXBpTzN3S28zbkE4MEhNdG9zRzdhLWc?oc=5","Associated Press","Global","1788974400000"
"Iran Ready for More Intense War, Apple Product Launch, More","https://news.google.com/rss/articles/CBMiqAFBVV95cUxPaU5vNXJoaFdER0dZZENxM3p0Zy1SVzl6ZVYtZk92WGdUeEZxQ0gtMmFFbFZwUjJhUFNLYmMzbWtkS0luRzFaRXRrMFkxSkxNdnI5WkdXT1pmNFJKVUNwUDdsRDdFQm9sOHZweHZQcW1VMVltOFRmNW5MdUQ1WEFSWk5LSjhNSlQ3UVJVcF9mU00yZ3hCYzlMQ0R1dWZRSEJ2UTM1SmljUkY?oc=5","Bloomberg","Global","1788974036000"
"Trump’s Midterm Pitch Clouded by Iran War and Canada Tariffs","https://news.google.com/rss/articles/CBMihgFBVV95cUxOQW5SZG5jQ3Z2STdOUDVUMXh1Vm9pWTNtM0gzTmE5eUNjMkxESklVUlpsejZ1WEtSTTBzcWE4YkZuck84RlBIelVWSnlQMHJQNHoxaTB6cS1YRkdvM1dOTmFMamkzME45UUdpQUk4MTUyTmFqWG1uZFF1eTc2WUdXbEtVSGp2Zw?oc=5","The New York Times","US","1788974601000"
"Urgent: Explosion heard from Strait of Hormuz -- Iran's state media","https://news.google.com/rss/articles/CBMifEFVX3lxTE5LTEZmX24yWFZmTUpmNU5WLVVYakRtcUF3UmtKU29zc0xMcFVpZUoxQW5NMmI3UTBjdmVpVmVEOWpyZV9oc3hZYUE1Q0lCdHVZaTcwQzc0SV9kaGpVb204U2w2Z191ZndoeU55SVVwVGo0dGw4VWxPbzFCR3o?oc=5","Xinhua","China","1788976080000"
"Iran says ‘prohibited zone’ near Hormuz to cover parts of Gulf of Oman and beyond","https://news.google.com/rss/articles/CBMiwgFBVV95cUxQWUNnem5YTjVHRnFKSmRibFBhSVVSUWhFY3NyR2xsS0VKc0l5V1FEel9qb0g0ODBYMFIwejhUZ2JZcldRUE9PWGptSTRGMGFyRGZoMWI5TDQ5NU9JekFrWXhvdWM2QWJIN2xERS1ZNmpZTVdxdjB2dGh6TS1RZHh5d3NnSzFCTEJtMzBrYlg4RVhtLXRDbUJHVVZRQjA1WjY2N0g0cUJ5SVhDdFhNQTc4YTlDOF9tRjBDNzFmT0VvOHp5dw?oc=5","Arab News","Arab","1788975430000"
"Iran's deputy FM says IAEA cannot 'achieve anything' in the UN Security Council","https://news.google.com/rss/articles/CBMirwFBVV95cUxNZVctV0dQTzJXQTZ2S01qMS1yUkM2dkkwc3FYd2F0cDN6UDYwbktDeEwzTUZ2Y3gxdDZJeGFPVEpLTTFIendlOURlS0JNYXp2UzAtOFlMdXh4NTVjTDZfcWh6YkZrY3V0S0FhaDJQQ3JjdFpheFpzMVY4NjhfcklRMnFkeXk2aVE3bTZBZ2oyNFJra1NaZVRveTVNRzB6QjRRWVZ1RHdWaFB2MWp4Tl8w?oc=5","Dawn","Pakistan","1788973723000"
"US EIA hikes oil price forecasts as Iran war drains global stockpile","https://news.google.com/rss/articles/CBMiuAFBVV95cUxPdHpwc09tV09ycWstSVJVekIxSmNUSzdkUFVxTjRzRTJ0V2szUkpNbzRrdnEyMzhfUXJyNHgzQUN6SjVKVHFmNEZqT3NWM1U5Nm5ZRWFQdk9KT29DXzg5YTlOQVEyVWNRMTFVcFpUdWhuUWdfVTR1aHMwZ29mbWJGRHl5SnJNdmp1bkU2R0dGWXFHY2paZlJGQWFPR3R2S3ZiV19rTTVFVHJlSU1PRkFHeUNaODJ3emVW?oc=5","Reuters","Global","1788975943000"
"Turkey takes note of US/Iran-related sanctions announcement, finance minister says","https://news.google.com/rss/articles/CBMiywFBVV95cUxQZEc2WXdwT28wZUJZR1NCTTYxbWdneDRaZy1fRlNodXVIQzBVNUt1NjF6N2ZGaWo5cjU2S040VnliY0R1djNtZlNNWm5ocFR0TmtHYnp6Z1NHLUlJZTlTVWJoRlRrVzFsLTVMdWRlbHFzQkR3R21GM2J0U3FVMWktakxteldKaGxUR3dBbVgydFVOMEp5RWpveVlfS09hTC0wM2VNZDFqLXpJSV9aUUtBT3hscDVDMmR3QmR3U2RZYW5yTnUtLXlaam9CNA?oc=5","Reuters","Global","1788978752000"
"Iran strikes ships, expands no-go zone outside Hormuz strait","https://news.google.com/rss/articles/CBMikAFBVV95cUxQcC1mOUJGOHg2WDdMREJITDkzdnhHbC1UdGx1Uk1UTllwX1BFVGNPSVlHa1JIMmFZMDhGRUJfS0gyNnBpd0hKQTFJUXQwamZRRS00bVNOLXNNSTA2ZmdyZ3dZRmNlcnFURnZwZDJNaTdtRXhTcXlaeE5GZ25nb3BOYnI5TDBzeE1tSmtJbkZCQ0c?oc=5","France 24","Europe","1788978314000"
"EXCLUSIVE: Pakistan warns Iran to rein in Houthis as Riyadh strikes back","https://news.google.com/rss/articles/CBMiqwFBVV95cUxOQjRjUTJjbW9GMXo2aGNZTXVJTmxOQWhON20ycG5GTGxhcjlSZWJqOWFkSGdCZDVTTldYMnBSeHpYT09GTU5fS0ZVSTVLamF3cDFXc21KTzJaTE56cEdZc2JjNFk4WG53UTQ2OURwMTFrTUE5SHFjQS03M084UExUZlRTOWlURlpDVm1aRzBBc0QxeV9pQy1IUVlGN0xaVW5KMFc0Nm90VFhWNlk?oc=5","Reuters","Global","1788977872000"
"Trump says Iran war will end right after US midterm elections","https://news.google.com/rss/articles/CBMimwFBVV95cUxPT0l2M2VkNmxjRkl6UktheFIzR2dUbnFFd2dIaUpTdTUxYXE1T1lBckI1SFo3dGNNLVFGdUxPOEpGWXZMc1k5UHhLLXpmRkp5bGp6N1lqSDNsNzV2UWlzQTNNVUJUVWQta2lrUTM0bnRKM1BKUHpKeDROX3dNVUxLbnBiQTZLMXI5SjRlV2Y5Vk4ycnV6UGp6bVIyZw?oc=5","Dawn","Pakistan","1788979620000"
"IAEA board passes resolution reporting Iran to UN Security Council","https://news.google.com/rss/articles/CBMipgFBVV95cUxQZHJlTU45UHZpTkxtbHJoSFRDRTJpY0NZZFVONGsxeWx4bzZlOEE5c3JzaU84N2VXTHVuaDZCVThCcW9rVnl6S0czNjMwY0tGMnM4WjlNb0FkNE9DTVJ5LXlzYjE4eTY5aXFrZE43Z0Vaakx6SXA0WWN5X3RWNHQzQVFNamNwcXZBR0I1OWN2cEF4VVl2dWtlM1BwcVVqZnRRZGZ1WERR?oc=5","The Express Tribune","Pakistan","1788979506000"
"Trump: Iran War Will End 'Immediately' After the U.S. Midterm Election","https://news.google.com/rss/articles/CBMi-gFBVV95cUxOXzhobUZiUTV5SVBzT1VtYTNpOGI0TVF6ZmE1dGZtQnYwMkpmVVRtdGRpTF9hRzVsVC1IajhKSzd0TGRzZERkRTJSS3N2VWVod185dGpfdEl0cXRzdkN4NmN2RFhGWEttcU92bkkwMTUxY19BZkxXZ255dEYwbUNTQUs0cE5JY0E4Y1NBQklINGlFWVBpeHBTcHJiZTVyMm0xekpRWlloeDlOX1htRXBkZjlsbkJUNkNNcmhYMVlUbmVHUjIxTmtEUzVxdXVZdHF0T3VKV2FjZG1MVzVfTHc2N2VXa2ZHb0dYR0FyRUl3QnE5bmN5cURHSjBR?oc=5","Haaretz","Israel","1788979380000"
"Pakistan warns Iran to rein in Houthis as Riyadh strikes back","https://news.google.com/rss/articles/CBMiqwFBVV95cUxOZTFiZGZRelJ5QVFQRUVmYlR2dzdqVnZ3TUx4bzAxc3NDdkUxX2xhRjMtMGc4bF82QU9OWTZHYmZsbVdEamNYSkhESUNyZnRXYXBaMlBwa3lwYjZ0VUEwRXVGX3hzcWtsYVBXUWZJYXFwU2VHc2dGal9Fb3ZacXp0ZWV5anFsZG8yNFFLT2t1UTB6Wk94c1dPalBnOW5uZGNDSzBQLTM3bUR5dWs?oc=5","The Times of Israel","Israel","1788979268000"
"Trump: I think the Iran war will end 'immediately after the election'","https://news.google.com/rss/articles/CBMiVkFVX3lxTE1UdjNzQ3hldk5Da2R6VGtjSFlkeUJJTE5TZXQzY3FvMzdfYVdicm42YjBXdEtmdnRpQ3VmRGFHRV9QcWw3cjRQbjA4R0dQbzZqLV9lNUJn?oc=5","Fox News","US","1788980626000"
"Trump says Iran war will end after the midterms and gas prices will fall","https://news.google.com/rss/articles/CBMidkFVX3lxTFBKQ3lJOWc2X25vZUhlNThFMlBPWndFU1QybE95bHZKekFTNVN2dERxREcwb2VlbzdZdHcweDNtZEE4NXp0MkdnZVp2d040c29tLVV5YjctajRlTnpuVVd3UXhqWExIUmxuT0N0aXBzbC1haTh0NEE?oc=5","CNN","US","1788980457000"
"Iran wants to 'create problems' for Trump going into midterms, expert says","https://news.google.com/rss/articles/CBMiVkFVX3lxTE5mODFONFV3NVJCUUp2Y3YtMmtZR1JwZnZSWG9ESWZXb1NvWHg0UG1uRzc0S1FvdjBPV3c2UEkxZThFQlhqQ2FCd2pkQXVRYk42TUtCdHVB?oc=5","Fox News","US","1788979634000"
"Oil surges above $100 a barrel as US and Iran launch new attacks, while gasoline prices also jump","https://news.google.com/rss/articles/CBMiogFBVV95cUxQdGg1NEo3VVRGTDl0eEFZVkVVWjVUTGtmVC1haUp5c2kzb1NYcXMzNFlVZk9rQl92VTNFREZuSDlBTEhYQ19Lci1ZV2tCTk1tLVRDMEcydzk4ZEZOY3dEMUhhSlU5eXdOVnBLQWRxUlk1bXl3QjNQWklTYm9jdVZ6NHB6V0FkamhIUFJJYjhsMVk5XzlOWnZfbm1IVTVmR05TYmc?oc=5","Associated Press","Global","1788980880000"
"Trump says oil prices that spiked because of Iran war likely won't come down until after midterms","https://news.google.com/rss/articles/CBMilAFBVV95cUxQMXltZEtoQUhXVTQ1bWJMekROZWpIeXVtZmljZlVNejktRWE0TlZEdWY3X1hGMnNQRXVUUm9mTGN1RUFYOGh5SlF0LWRnWnZCaV9sYllTLVoyekU3TWlxNTYxenMteGVNSEw2d1ZmMnhOVXdoRGFmS2I5R2ljdTdkN3JwamRjbFJlb2JST2Q5YUgtXzRw?oc=5","Associated Press","Global","1788980160000"
"Trump says Iran war will end right after US midterm elections","https://news.google.com/rss/articles/CBMiqgFBVV95cUxQOEVqLWdEd1dlRnVnMEZqRGF0WDh4V2xYU1dnWXM0ZEU0TFFwRE9QV0R6dUtYWm4zdTFoMWhveks0a1hYSjdxY21XRHRXZnlDYTdZX3lpUThJYUhUajdsdEJfZlZxc3lLTGFOY1h4RDQtYVRyRlZPdkliTHF5a0MxaXhqSVhZeW1GY0k3aXI4OFA1ckswc0JycUNJaVp2LTctMUNKakNjb1FfUQ?oc=5","Arab News","Arab","1788981996000"
"Donald Trump accuses Iran of influencing midterm elections","https://news.google.com/rss/articles/CBMiX0FVX3lxTFBMXzNlajIwazNpbHRxQWR0ZjB3MExiWHY1Z3hpejU3dnAyZEJNZ0pURV9sbDBWb1RRRXVWOFBkYTFRX1I3WnVwd2RvQTJGdDllUVY0dnJISC1CVFZkcU5R?oc=5","The Jerusalem Post","Israel","1788981859000"
"Trump says Iran war will end right after US midterm elections in November","https://news.google.com/rss/articles/CBMiuwFBVV95cUxPdVpMLXpBTUNtMEhmcUNvMGRkTlhBSEJsb2x6a1Q1cF9Nbm54Q1ZabDRnbW5MRDNfTXFZTF82OGRjT1o3VWlVdHBTNndDUkxkSWE4d2pUeG1NT0dpZEhBbjhfM180eXJHLUZ0bGdSV0liTEtHT3pCQlFLWXdTQUJERktkZzFvdUtoY3dHU0ZhOVVZZjZXVFlpeFVmT0ZNQ29KYUpYOU1QSnpCbmMyOU1Pay12OFI0WlNqbVZN?oc=5","The Times of Israel","Israel","1788981679000"
"Trump predicts Iran war to end ‘immediately’ after US midterm elections","https://news.google.com/rss/articles/CBMixgFBVV95cUxNZHJzMFRZQXlRZDJBV3R5d0o5eGd3OC1MWGt4dUV6YVNFSS1tUnRkc2JNXzdlelBSakM2T2VwZGp6clYxUEMzUnROMVREdEZhM3AzbXpSNVI2U1Q3SmN6TGFnZzdqVjluN0ZOSDNQUlJLWDFnYi1hMUVScXZha25lVXVRYll5Tk5nQzZwZVByX0dNQ1FDNWt3YWpqb3ozaHI2YU1hSmFNY1U3RG5BNlRRbDA3dGFTLWR2Z0hCbHdCbDQ1UFNNRlHSAcsBQVVfeXFMTTZSaFpSaVBOVEc1T01iSUxtR0pmZExKaTYzQWliVXU4U2E3WFprY3RRY3FEYkpkNkxSREZWQTFtRHcxUy0xb2JVd3g5U2wzUFBHMGNMTVpPdFVWbFJtWXMtNFNuRU9YLW40SmRRR1UtejN3SjBheG1pQm1SZVp6b09wTHgxbE80WjEweUtXdnpVR2FtUU85d3BwOXNXY0lGZldqWldmYzZJMjA1VDk5anQzN3dLRG9kRl9NNmtIVTFqUEJ5QWxsY2hBZVk?oc=5","Al Arabiya","Arab","1788979380000"
"Trump says Iran war will end right after U.S. midterm elections","https://news.google.com/rss/articles/CBMitgFBVV95cUxONUt1ZG9kcVg5Q3VMUjZuM0JScHFocjZZOFNvTjRsYWNRZ1lBQUlLUm45XzBJTEh2dnVLLXVqeDh1dlh2aGFObVVqN09PTHFtck02aUZrX3VZRWFLVURzeUt3eFFXc25NcFoxVFNSMHdLSmQ1alBaWGRsOHBpc2RTTy1ULWUyZEk4TXNKc0FxX3NlWXhYS3hVMERTb2R4RVo2UjJPRzRFN2w0a0hhbHE0d0EyZmZHUQ?oc=5","Reuters","Global","1788980864000"
"The impact of Iran's military operations on the US","https://news.google.com/rss/articles/CBMijwFBVV95cUxQdFlQckl4ME9hWEhBNlE5U0NHN3huakprWlpwbkFKYnBSU2N1ekhKRkdDR3o0dHNTMkdDejNyc1BmNUhFTHpGdkF6SGRfNWxMYWwtcXFNYWZVSmhZWE1VVVRfVXJoQnA1WmV3cXBpdXJLcThNYmRwZjM5ZXJTNUpGVGc5V3NuQVFySG51ZnZ5a9IBlwFBVV95cUxNVmRnaUZKdmJYRkpuMEZSRnluQXFGQ2gzMmszSVp0MnhpYzkwN2V4R0x1YXhFcktsRy11cUh6T2tBMEpRdDRVa0tXQjhPcEljam1NR2lDZHBscm9TTlFYc3NTNVlSa2VuQlJWTlgycXBiVmVWOEtIS1ZfdDdidHpxU0tRQ2I4dWE4cGhLNUtWRFBGTENvX0xn?oc=5","The Express Tribune","Pakistan","1788983166000"
"IAEA board passes resolution reporting Iran to UNSC","https://news.google.com/rss/articles/CBMiakFVX3lxTFB4X1h1UDllR0xhQUFfeWFFQnhwb3ZxR2dRcFpKelVhXzMwYXp0ejNtZlhSQUVGTW9zQ0ROSEJMb1hfanRjaF9EQW8tVGVKbkc4aC1YX1EyQnhtSUJSTldCMjNaY0xCUjlKaUE?oc=5","The Jerusalem Post","Israel","1788982517000"
"Nuclear watchdog refers Iran to UN Security Council over 'non-compliance'","https://news.google.com/rss/articles/CBMiWkFVX3lxTE5LbmZ1VDRzWU5kbndSS0lTbFg0c3lWOHdoWk9lcnBrTVJzcHZTaTB4SU83ZWtaYWtycnY3TDhmYy1Uc1NDYl9VVDc3elVUZTZzanljb0N3MDBoUQ?oc=5","BBC","Global","1788985371000"
"The Day with Brent Goff: New Iran war front in Yemen?","https://news.google.com/rss/articles/CBMikgFBVV95cUxQT1M1bGNhWFdiY29hbllNTmtuaHkzMFNqN0FXU2RudWZZMzg5MmRRcUc5T1UyWlZNVVFiUkZNV2VuQkhNbHF6VzdNSV92dGpIZjUtTk8xOGRmR2RxOXNlRzY1M3NMX1BlaG8tbjNtUkFCd1g0Vnl1NzJYUFJZbHhaYV83V2VYSzJ5bmhlbnJrLU9Cdw?oc=5","DW","Europe","1788983537000"
"Energy Department raises 2027 diesel price outlook by 33 cents amid Iran war","https://news.google.com/rss/articles/CBMiigFBVV95cUxOSkxJRG9VdDhuaHQtUWs3eGg3YXotNW5RZS1WSEpxUjhBejJEdk1mTUYtaFAtTEY2Q2t5MFcyQkI5ZGpDb3ZSQUdNWFgxcDBReWIweURvTUZYdDBwZHlFVlE0ZUN0czlDNUdzaEx5aWZvYk9XbC1ET1h5R09ONjVOZjN2T0R0YWhBN1E?oc=5","Axios","US","1788982588000"
"Iran’s Strikes on Base in Jordan Caused Limited Damage, U.S. Officials Say","https://news.google.com/rss/articles/CBMiggFBVV95cUxOSm5aMEItZThnUzhQRXZkZVh0RWxDOFZ2SHgwdkE4cTFGTUkzVTNDRFR2bFlja29ucXNfZ0MzbkNFYWVfY1VMOGlzenlOTXJOVUp0TmxLSURyVTMxdTRZbFFSdW9lTGdLVExHWkdRWHNPUjhtQU0xZ05jTC1kRzBweGlB?oc=5","The New York Times","US","1788982443000"
"IAEA board refers Iran to UN Security Council over nuclear ‘non-compliance’","https://news.google.com/rss/articles/CBMitgFBVV95cUxNdlVfbzlqYjVJUUlqNDViaUhhcHVqNVRuWmNxWVBUdE9jdVdoMzlhOEhuYTdrdnVHYVJaRHVsVUxMSzBvRFdpTHg0enBkRmZpcElUcTRzLU1SQnVtTDdvYVZhM1BCYmdWMmlwYWJiTHpJNGpCWnFwNml1NG5oeG9zdnZaOGJydFNuUElpRzNIc1Eza0NvMnpIbVU0SXNzLTFBa2Q2eDZVRTlNdEFKYmpSeE1qX3RJQdIBuwFBVV95cUxQNnE2REtycFAzZzhsdTg5NExqdUwtQW1CTmFFRktFMXMzS1dlUlRzazJKNlNTMnN6N29mZ0dzUV9hdkVJdjRrYmxqWmFEVnBtaDdKcHpkaXVYVWJOdjQ5TjE0MTJQOU8xVkM3Z1NreTVhSl9vR3k0bmVhZnpWS3FwS1FKNnZneGZVX0pRcmhrMl8tRjVDQnB4Sl9QT0tEZzFOWGNMV3R5UjR1ZHhOREFCUHk4NktVQVEyeVlR?oc=5","Al Jazeera","Arab","1788985518000"
"Trump Says He’s Doing More Than a Nuclear Deal With Iran","https://news.google.com/rss/articles/CBMirgFBVV95cUxPVXpQQUxuSjN4ZGpsejVndUV1WG1YWk9vRm1YQ2NZWkItM0Z6anhDcnF5RVpiLW9SUXV0NUI1aU4wTjFLRllJN3VIUDFyU1FneUhlTm5OOVQyRDBmQjFOUmNCbDNpX2ExVXJzcmU5bjBZSVlxemQ1VnBpbzJjUTN5eGlfeDQzbG1jR1dEdnNobHJKNEhzNWEyc2oxenA1eHFYRUFUeG9WWkdIZGpjMmfSAbMBQVVfeXFMUHlNUDh1QWZiOVN1SHNCNURRd01yVDFYZDF3czZkaUx4SGltOHVMVFlDRWU3RnRSRmdjNjE2TGsyVzZzNWxKOHpZWV81Ul8xUzh0SmlvV1l0bUYtbS0yQzM5dXI2VV9HUnZhazM5b0dRaFZlM2lwYmtFWU5Fc3k1NXRQb2Z6eTlQc3Mxb3pJY2U5eWlySm95UkpvSkYwVjNxb1diUGRpaHI0X09wWWQtUmNWWDA?oc=5","Al Arabiya","Arab","1788984902000"
"Trump says Iran war 'will end immediately after' US midterm elections","https://news.google.com/rss/articles/CBMieEFVX3lxTE9lRzVKTWtMSmoyVzJEZHk4RlV4dXNEYzBQcUhBUEtQUGdZVkEzVnpydUVTV2FDdEYxeGRLdDA3WnUyOEtVMGtOcldfdnVqVW9wUDA5dnNZa1NadDRTQlFjRGw4clZadFhfSC1iZE9QLWZ0aTN3TWNGSQ?oc=5","Reuters","Global","1788986288000"
"Iran and US strike tankers in biggest shipping attack since war began","https://news.google.com/rss/articles/CBMiugFBVV95cUxONjV3S05rUzF1TDFqaVVmTkJIT3FnX1I3RUhwVVVWQmdnSUM0d08tWUxlUy1JSW1zMnJFdUY3eGxFT1JyTVBaaFNYdFB4dy1MVjZPYXlwbnV3UEdOUV9wUmh2WW9ZMk5tZkhmSnYzUFcya3VhOURyaUVzaUIyRUVSblRmWUNvMXZhTklJcmpNdk44VlQxNWhRa2RjLXFuZml3aF9DV1UxT0JVY2RRR3FNNVdSUlNYaGVxQ1E?oc=5","France 24","Europe","1788985891000"
"Trump says Iran war will end after midterms | CNN Politics","https://news.google.com/rss/articles/CBMiogFBVV95cUxNWFdPNGQ3RWQ4SjNBT3gwMXVUQVlyTVlVTXV3elVXUzB4OGVXd2VkWXVlbmVROW5PRTFYalVncXV1U2FMV3RhcEZLZEh4Zk5WbVBaeHRMQXp1X1dtOWU1bFpSWE1tVnVqMjVTc1h1dlBPUEdVbjhpSGF6Tm13V1AzYkNMSHRqZEhSY2NNWWliTFBGMi1BT19jeUZwQ29WRFFlTmc?oc=5","CNN","US","1788986400000"
"Stocks fall on Wall Street as oil prices jump back above $100 a barrel after Iran war escalates","https://news.google.com/rss/articles/CBMi2wFBVV95cUxObEM5a0wzMEtkRFFVQlFWbFN5NG1tOUNvNzB0d29lQldkMkZiYmhnaHNpSURsdXZSQlJ2bno2SkxTa3dYdTZpVnhlQmZMNFdOS3AzY0VoMXk2VEdqNzlmaU42d1lYWVZLdXgxUlBQNHBrWlhUNnlyMU13RW9pSV9BMmlWSzZVWW5XVFZLRWc2bDJoV242a2ZXQmRlNHc0OGtpYnQzUW55Q3pTdHVzWkVNdXNqTkh2Nkl5QTd5MGgzVE8tTF8tUGtpNWVqczJyNnJOeWoxOThCWWIzSDQ?oc=5","The Washington Post","US","1788985853000"
"Trump claims Iran is waiting until ‘immediately’ after the midterm elections to end the war","https://news.google.com/rss/articles/CBMimwFBVV95cUxNNUJ0Zzd6bXlERWpYYTBxSWJUMVprc2VweXVGSlZ1bG1pM1pMd21LbE0tOXQ2Q2w1dGJuUUNGVUQtUkpRWlEzUGtmcXU5RWozY1d6NWdvSlhzenpUYTNMNm9BX2MzRU44eTAxUkkwUDJKT3NSeXBTdGxkVDFKNzFWbS1iUjczak5DZUVxaXRITWl6R0ozd2ZONlVIbw?oc=5","The Independent","UK","1788985680000"
"‘It’s just a matter of time’: Ret Gen Charles Wald makes prediction on US-Iran war","https://news.google.com/rss/articles/CBMiVkFVX3lxTE1rTlFXUm8wZzN4M0NtME5ydXdBRkh2elFsNUx5S3NlSzdLNElaWXRaMWl6bHMyS1VNZ2hQQmVnUEtEVzJoMmUya3owLV9ZVmdRTmg0elNR?oc=5","Fox News","US","1788985661000"
"Trump: Iran War Ending ‘Immediately After Midterms’","https://news.google.com/rss/articles/CBMipAFBVV95cUxOYnRzU2ljaC1tUmxpRFh5MDI0TGJEMHROeHhlb21qSW1GSDEzdXRjYUk2NkotWXVQZHVDWVRhUUhNRzBzQV9xZ0h2SDItTnRueTRKUGZpZHlTbTRQaGpDdEgyYll5UExZMGxXMVRDOTQ4MUxLTm5xS05zR1U3dDNlNmhXRGNoOFZfVGtoZ3pqNnExcnpjYWNwNVlaS1d3RHlBbzRCeNIBqgFBVV95cUxOMGRNMWwwRm44Q1A0T2hoTGROYmNMX2FoSFh0OUVMYk5LaWMwZVY3czRBaU1LOVlMQlhJUWJfSHQwMWIzSExBRzdZMi1pMnM2SzYyX2dXLVMyVm1FTy1vaHNiSzF5OGxoQmN3eWh5cUZuaF93NDFuU2hxSTVwT095Z19LX29BN0xKV0g3RXlFWE5BRjhobjd0el81ZGwxbFZjc015Y2EtbXZ0Zw?oc=5","Al Arabiya","Arab","1788986125000"
"Iran launches largest attack in five months as US interceptors run low","https://news.google.com/rss/articles/CBMiyAFBVV95cUxNM1RpZTJrc0plM0NldWxwWGhpY1RxMFZ4Nm1oZnR0MEZuQUZSZE1GUW40aTRzNEhvb3FDMzNtbXB0NklBRVlhQ2tfVFEtWUYteGI3UE8xU2xnbzltUUhlMzNpV3diNzFxTHVtX1hZOW5qQjVMSDdzTElJbHhMVmoyZ0tEc2ZRRTB3RzhFVTZrNXNMN25rUk85QjFTU09obDZHeVZiTjVMTmVyNEo0U05XX1Bwa29tVU82NFN2Vmowc3VTaWItX016Tg?oc=5","CGTN","China","1788985613000"
"Trump Says He’s Doing More Than a Nuclear Deal With Iran","https://news.google.com/rss/articles/CBMiswFBVV95cUxQeU1QOHVBZmI5U3VIc0I1RFF3TXJUMVhkMXdzNmRpTHhIaW04dUxUWUNFZTdGdFJGZ2M2MTZMazJXNnM1bEo4ellZXzVSXzFTOHRKaW9XWXRtRi1tLTJDMzl1cjZVX0dSdmFrMzlvR1FoVmUzaXBia0VZTkVzeTU1dFBvZnp5OVBzczFvekljZTl5aXJKb3lSSm9KRjBWM3FvV2JQZGlocjRfT3BZZC1SY1ZYMNIBswFBVV95cUxQeU1QOHVBZmI5U3VIc0I1RFF3TXJUMVhkMXdzNmRpTHhIaW04dUxUWUNFZTdGdFJGZ2M2MTZMazJXNnM1bEo4ellZXzVSXzFTOHRKaW9XWXRtRi1tLTJDMzl1cjZVX0dSdmFrMzlvR1FoVmUzaXBia0VZTkVzeTU1dFBvZnp5OVBzczFvekljZTl5aXJKb3lSSm9KRjBWM3FvV2JQZGlocjRfT3BZZC1SY1ZYMA?oc=5","Al Arabiya","Arab","1788984902000"
"Watch: Trump says Iran war will end 'immediately' after US midterm elections","https://news.google.com/rss/articles/CBMiV0FVX3lxTE84dHFTZUp2ajRGcGFzRzdJV3M1SmJaODBodGN1OXE5cFFkMGZNMlJvSXF4ajlJbGhKa29RUVRYdTdtNDgtTDZfNWlDWW0zTmxJSWF0UjRERQ?oc=5","BBC","Global","1788988332000"
"Trump says Iran war will end, oil prices will come down, ‘immediately after the election’","https://news.google.com/rss/articles/CBMi2wFBVV95cUxPd2VDX3RJeHc1MkZIbFM4YmJoNUJOekVPV21fdURUeHFUaEZ4b0xRWXB5T0RaTFdQSDVDbHVsN2hYV01DeU1EOTdnOGdoZG1VeFZsbFJZc3ZiNHhza2dZenV4V2tLTG4taTA3b1I3dmk4bzhDeURUSWFfc3N2MHhER09nSEU0Y09MaVdHX21IM0ZlME9hbjhSM1dKaXJWX3B3SmFBZThCVDJTRzhZRjY5a1RlcnFJRWF4RzR1eVdLMWhlclAxNkJPZUNtUjgtd1lkR0NNem5XNTZEbDg?oc=5","Associated Press","Global","1788988080000"
"Trump says Iran war ‘will end immediately’ after US midterm elections","https://news.google.com/rss/articles/CBMiqwFBVV95cUxORjlXYnh6SC1CYy0yV2NYM1lHLTJEaHoyNmNhQ0tFWnpnWDBPLVE5Q1A2a0hDNEJHT1V5QWFlZGIxbGlfSWVRQmNmQUFXM2pJelRVQjhxNVlwRkN0QnV1Y2Rtb3VzdlJOWDFvSTlQMGdHS0hLM3FmMUhfbExodjd5eHVXZWp2VEZiUmZyTmpEUmpMRjRuRTJKdTlLOHJKNmdZQzhVbWVYS2VEQUnSAbABQVVfeXFMUGxTOHpwQkh6Nll0Tlo5eHlndU9XNnBrU1pRZzNMUGtuSFRkQlZqd1JuRzhPRVN2RmxGaWxXSVpIZ3hBMGM5ZzFUdzFKVUhZZ0VQS1c3Z1hKakxqS0ZPakpBa19YdHN4ZUVFWmtpZ3dPSTFXZkZwMkZXOERqLTZvWXJvUmdwckZ3aWxRd0V5Uy1tTlh1eE1YWGNwOVJfeHg2V0dnMEJjWXIxcmY3TnVXblM?oc=5","Al Jazeera","Arab","1788988619000"
"Iran Attacks U.S. Navy","https://news.google.com/rss/articles/CBMia0FVX3lxTFBTQWJFbThxYmpycDFtYnFIMHdOclBvS0wyVGNlX3l4SUE3eWhoTG0zWkEtRDBoQ2pzLUo3LTBnUjZKWjg5Qi1pYllOVlUxZGdmYTdvLWlfeTBta2FnRERXenMwTTNNejBiQTVz?oc=5","Fox News","US","1788988689000"
"ECB set to hike as Iran war fuels fresh inflation fears","https://news.google.com/rss/articles/CBMipAFBVV95cUxNZzZJOUlHUzJVTF9DZ2dQc2ZUMHlVckE0OFR5Rks1a1lMYUNfRUpEOXFObkp2VEFtTk1veHdKWHZrVTJBMlVBT2xucWZUVnVXVTZPMm4xbzdyX0QzN1RsM2x2WEhJcGt5UTRseDZBdTdZaVFzdWI1d2xlXzR5MVhrNWlQNnRDd1NOZTlxM2tDd0Nob0NfWDJkWk1FeDdUdmpCdzExdQ?oc=5","Reuters","Global","1788991423000"
"Head home while you still can, senior Iranian lawmaker advises remaining US forces","https://news.google.com/rss/articles/CBMimgFBVV95cUxPcVQtcDIwU2htaTRUYUxFY3hkYTlDcWltbmFHeXlxRkNLcHViN1pVbkc0aUlWTk5Ndkk4VHg0aXRoVkNvaXM0TUMxUWtJM3hfWFlOMXloQ3loYlA1c2pGZDZxZDlPUUZhNkxNOVJvZzg5aXRxX0pUaEUtMGNKNjFNdkxneDQ4dXNaU1dhZUlaRkJGYnBrd2tSWjlB?oc=5","Press TV","Iran","1788991740000"
"Iran slams IAEA board resolution referring nuclear issue to UN Security Council","https://news.google.com/rss/articles/CBMifEFVX3lxTFA2TE9CTFNUYWRfeThCOTVKMmg1OGQtRGVhckVSZ0hDZ0loVHBvaTljYVJPb3RCbXdZMEdoNXBTMU9UNkpWejFpa2NMamtkQmpVUkFWYkVUd3lfalVDdXhwRjRJQ3l3aXJNdnpHQ1FWWTdwdkpYaGdmT0x6N3Y?oc=5","Xinhua","China","1788991710000"
"Urgent: Several explosions heard in S. Iran -- media","https://news.google.com/rss/articles/CBMifEFVX3lxTFBycnQxRDhaXzhzc3hVVV9TbDVFbWpoTy0zREJiRmtTZl9ZdTJ3UUE0MncwYWRVWTBvUHAxdWYwS21XN3FPTHdkelpVaHNmRWpRbjdHUG5WVHV4NUlIbEdIZkNGRkVCYWlMRFc0SGFsQU9vRFhTSjV2TzQ4WTA?oc=5","Xinhua","China","1788990510000"
"Several areas in southern Iran's Sirik hit by projectiles","https://news.google.com/rss/articles/CBMiakFVX3lxTE1ROUFQSWNGV2hRTHEyd1ltbU5uLVhVYllaOFNhU1E3Ulp0cWJ5RFZvd285ZjZZSXVwaGRDUTZtNEtZT24tTzh6YnFENXNxcDN5WHpjMzdha3FwUU9uZkQ0d1lVcnhuaFhWcEE?oc=5","The Jerusalem Post","Israel","1788990046000"
"Live updates • Trump: Iran war will end 'immediately' after U.S. midterm elections","https://news.google.com/rss/articles/CBMinwJBVV95cUxOQ0ppSUNNakxhRWJuWllfV0YxVjBaOXhKc0ZsV1NOWTRNd0VpYnVrR2hoSjNWb1JEUWQyVDhLOV9jVXhTN1ZPNlRQNzF2clRlUGxjSWRDWkNNNDNGdi1BQUNweC1qSGJHVWFLcFU1aHNwVS14RGZvVGJnWVVuTDRFbzdEbkEyMWxuMGZrQlZvb3ZkNGF3dXNXSm51dktKV0E4QTJKMnJTeFNhOVlJNFltTnktdFlhczBiRlNkY2lpcjBHVFQ0X2pNREo0YXVtVS04U3dUcndVQWJNZUdFWXZyc3pDOUxKbUV2WDE3T3JPallCSXpWY3BwcHBtUzFncGdWei1fNExoSmU0Z2RHUnNzN3paMjdvdGhMX1NteThocw?oc=5","Haaretz","Israel","1788989880000"
"Iran War - Al Jazeera","https://news.google.com/rss/articles/CBMizAFBVV95cUxPZGFXdVl5YmFubHJ6dU8wbUlMZG0ybS12NGJQYThMSUZYVmhZYkNHeXBJNmZDSS16TW51eHJmZ1Y2bWJPTU9xSm83RExOT2N0RnJER1pVWUxneDJZWkR0S0NGZVF4blNWVFN1U0hJeVNET1EtUmxYZUpwNHk3SUltQmlhbUJKaDlTbDNLZ3dUUHhlaXVHcVF6RS10THVmdkFfaU9NMEFPeUc5TVJaRmdVVmNtNFljSVBudmJYeDY5YXlFS3ZmVERRT1B1Ri0?oc=5","Al Jazeera","Arab","1788988895000"
"Several explosions heard in S. Iran -- media","https://news.google.com/rss/articles/CBMifEFVX3lxTE9JdG1IWnhmaGJuVVFDY3ZWaFVmd1NQLXlub1dzczFiSW84UmlOaHdmOEJoelJjYmtlVEhRYWsxX3ZpWVdYaFBoZE1IZFplWjdjbWhMU3UxQXdBTlJVTWVNVW5Db3VSRDUyVVg1b0lKdkN5c0llVEViNjhFVU8?oc=5","Xinhua","China","1788992310000"
"Iran War - Al Jazeera","https://news.google.com/rss/articles/CBMizAFBVV95cUxOSEd2dVlwRDJRTWZIT09GSTVrejRudTdqZTQ5cTZ5M3JrcW4xd2JmRE5MdHJIU0lHc1NVUHA4aFdvR0M0YUpVcldoTEtUUjlndVVTbGVISkN3Ynh0aUZBakNPNDlIakYtQTF3Qm5wYjRmZU5ON2MzMVBSMENjN1R1RFZKTy1mNmE0Z1RWYjI3cnBSWERtWVcwRzN0MXVOMEZnOEhyT1E1Sk13WktIWS1yZXJaRXpGNjdFNDUtUDY4NzRwUUp6OUU3RzBzUjI?oc=5","Al Jazeera","Arab","1788990454000"
"Trump says Iran war 'will end immediately' after US midterm elections - Al Jazeera","https://news.google.com/rss/articles/CBMixAFBVV95cUxOVWowM1gxYm9jQ0Q4TU5TNXdDZXkxRkRwY1ZFQ2tfV3J2eEM1QVdXbHNhaHVJU0JwNy1uNTdoVHprVlB1bnJiV05kTERBQ0I2d2NlUWJHTlFRSmRVNXBxQWdoUF9xaW5paHJTMS03Xy15a19uUkFzTDFGZTJHeU1vNmpEYmNrWHQyelFNS01BeWpVOXpndzFOdF96ZDJSc245VTlDOXZQZVlRcTIwcU9xa3N4NFEzTEhpZ3YxMFZsUU5kMWU0?oc=5","Al Jazeera","Arab","1788990406000"
"Iran likely to reverse-engineer captured US underwater drone","https://news.google.com/rss/articles/CBMisAFBVV95cUxOSVJXWnFxd25USERSYUk0Nmt5N1RFUzMxbllBa2NqNkJGUVplYkFJVEJYRThSdkxCa3NhNDVLdV8wRGE5VGpGVlhhVzRKdUpOeHExUXRONFprbmtaTDZNaEhuZGZEdGhta3FrQ1FBZDAwSXQ0TV9wMWxGMExaT2FURVpsa0d5WjdwakhhT1ZOVDhzRGwwS0tUUmxxVUk3R2NrcGdlRGVDNjZCcS0xZTQ0cw?oc=5","Reuters","Global","1788992320000"
"Oil Extends Rally as Iran Says Ready for More Intense Conflict","https://news.google.com/rss/articles/CBMinwFBVV95cUxQVy1GQmhVUF91Y1pFeG02SF9pOVZ4NklBelE2YjMxNHdaTU1reElSTHJMZmpIX1RscGRQNC13aklYbU9lRnJZV1R0T1lUNlVDWkVWN0FwRVV2dE94X3lGRmVHUWo1V3R5VWhFZHlCcjFGaWh6SlZlcExJeFN1ZzZwX0ZzV3BDc3l1djJrNElsaEYya01uRnh1a243RlpTOEU?oc=5","Bloomberg","Global","1788991496000"
"Oil price spike from Iran attacks intrudes on GOP’s midterm convention","https://news.google.com/rss/articles/CBMiswFBVV95cUxQejRybzlicFo4YXVQU0M0YjRKc1ZIRGF0VXdTNW1tSlA1Sk42WkRYcnZsN3VOMHdUeWx1YzJrZmM1YkZ1MDBiQlFUdjVsdFpveHhhMDVfZnI0UmFGVzJuV0dzQnk1dDN4NlhMcVI3RFZjeTE3aEY3UkpkMlJWdGV3Z0otdXM1bjRMejExVXZySDcyYjNia2JCZTR1OHhZdkt1QTRESy1rTVpDSVBpTFNreDl4dw?oc=5","The Washington Post","US","1788994271000"
"Iran plans to escalate tensions with US amid midterm elections: Report","https://news.google.com/rss/articles/CBMiVkFVX3lxTE5BV0stM01TbGY2UndjM3NFUnQ2ckJ6aURYTGdJcXV6enoydDViSVdCYjJCaDJlQVVEZGxjUndQUDhlT1c5NklsQXdzYlN2Q2wzMnlEb1B3?oc=5","Fox News","US","1788993907000"
"Iran fires electro-optical missile for first time — aiming at US warships: report","https://news.google.com/rss/articles/CBMirwFBVV95cUxOeG1ENFEtankwSlp1N2xoN2hySzJUeFZ5Nm9MMld1NTBiSTVYSEZfcFM1d2U5WkU1QWpsQ0NSaGE2VDlHMENTRlRnRnQ5S25GcTNweFBncXhtUWVNYjhGQ0NzWHRzSTlzdGZ6dVN0dllSeGM2VHRQYjJpWGFQUkRaSDFWaWdGM0RGbkRRWklhemV1T2lXV2tVMUZURVhsVXFuWWx2Z2VNYWJ3cURVTGh3?oc=5","New York Post","US","1788991800000"
"Trump said told by top advisers that Iran conflict could last beyond his presidency","https://news.google.com/rss/articles/CBMiyAFBVV95cUxPUC1tQ3BHRi1teXpaaUh0Q25mZ1dLV1RYNGhjZmhTMDdyT0l4MHlzNkNJbFVxY2xvRFBpVDdNRU9DSEFFNVJQWUpRcm5EYmNWcXpwX1JfZ3pNUlhwdFdobWNWV201Vjg0aVM1Q1diamVlaDAtYnhVXzhBX1lXUHRaT2t4Z3pmZUdKVWM4RzhkWm1vWFRvZk4xOVMxcEJSaS10ejdRMGNRZV8wa0RQN3BSX0lUeUplMmNTXzdncnFzLW1UYTYxbWhvWg?oc=5","The Times of Israel","Israel","1788996646000"
"Iran likely to reverse-engineer captured US underwater drone","https://news.google.com/rss/articles/CBMioAFBVV95cUxQWnBJd3JZc0hsTzhaMlFRbGtCNm5Ec01WdWNRLWgxRGVnSDlIbFpoLU5EN3p5VzM2cFZfaFVLUjllQzlhdWNfZkZaemRxLTFFakZJTW9LeFpPdmpwNVBzRHFZX0tuWWpxLTNUZkJfa1NwaTEwOXBnelJzLWg5V29pc3F3eTdLZks3eW9udE1LdmtQeUthUjM2ekw5aU14MVFp?oc=5","Arab News","Arab","1788996310000"
"Trump says the US-Iran war will end right after midterms","https://news.google.com/rss/articles/CBMiqgFBVV95cUxPamlwWGZlSXRiY2Q2eDFfeEhuWXV5R0dlNW1lYnlmUTgzYWtDcTNwQnJzYlFPSlBrWjVFR25YcEJBc3Q5QUdMUFJ3SWJmLWJpc3N2YnlMSnZnNl9lUlloYUsxZUZPTGIxeEwzWDEySFZRWHFuVlAyVjJkbUhGRFNJcmZqSU04bFpOMDA1Z19WOGx4dFRqampoYlJTY1gweE5aMm9OankyUHh1UdIBrwFBVV95cUxNdnkwLVZqeWVtaWZ1UTNFcnEzRkpCRlJlTG1mS0V6bXFQWFZud3JNUEZJV1JvRjJWZFpRS2l6ZmtoLUtYSXNaZllwcFlKNWhyMDIxR1o4eGRaMm5RclcyenVUTGtNNDZUUTUyR0dNUTM2WVp3TW1hQV81TlZBbTRwUjFiSkJRdlB3czJYbkZwTHktaTBQalB4WktBVUk5UFBvQTNDNHJiSG1aSk5mNE0w?oc=5","Al Jazeera","Arab","1788996187000"
"Iran war looms over Trump at Republican midterm convention in Dallas","https://news.google.com/rss/articles/CBMirAFBVV95cUxOZDFEOXpsb2VodFRMV0RzZ1dfRTlwTDRrZVRwYzJVQXZVZzlhVUk3LXB5RG5IZHNkdkFtMUNERzBJMlU3cmRMM0RQOVNtSnFYQTVjdVhnM0J4WEgyWmRDRURvdUJzWXZGNmw1cVRxQ25IeUEwZ1hURU5tV3J2M0wtNnRRUnlVamJjLVdoMXpjQVNoVFMzQzM5MmM1aU9CN29ac3MzUWR1QW80U09s0gGyAUFVX3lxTE5tNlZTdERsRElpbzVsY2FNeFZMZlV5VjR1Q3RQMWwyLWtONmxERHkwdExOTTd2Uk8wZk9SYUdMelpGcm92UnpPbzlvZUZGZnk3UG5RZDFtUVFkNWFJSjFpMWlFTGlNNGpMOG5IM3BOcHpGTVE0anVXNk82TWpnSVpEQUtvRkJuNFo4LXRkbVcwRFJsaUVNUHlqbVJjVXptc3c0dDZiUmloUnMyWXB5REtaQVE?oc=5","Al Jazeera","Arab","1788995952000"
"Iran War - Al Jazeera","https://news.google.com/rss/articles/CBMizAFBVV95cUxPYjlaZng3aW9SMlpiZU9GMkttYjI2ejJJOGpnbnpfMkdRa0dvUTBOeURhQ0FNYU95a1QyaTJSSnR1T2l0d0VJS3I5YXkxbU1qRnJMdFExUkU1Wm9UQ3ZUYlRYeHpubk81ZjVMNFlzSHJHNml2X3JtVlFubDFPMmFldmdxM3A1NHB5STJDMW50c28xU0ZOeThuSXRTeUJLa0R4OFpPYXdHbTBCOFBCekFZeUpuRTNsYUtKUGhfYlZfbHZJRGp0V0dkLUlYMEQ?oc=5","Al Jazeera","Arab","1788995056000"
"Iran war won't end until after US midterm elections, says Trump","https://news.google.com/rss/articles/CBMiWkFVX3lxTE1OM3F6X1RpZkkzWm1UMFFfVXlQLWFLSG5PNHZwVFN6ZnNNQzYwazlBamZzRkhoNmo3OEFNT25acm9PTWd3Y0pCLUdjWGxhZVAycnVtWEJ0UnFxQQ?oc=5","BBC","Global","1788997566000"