headline,link,source,region,published_at
"Iran Deal to be Signed on Friday, Hormuz to Reopen, More","https://news.google.com/rss/articles/CBMipAFBVV95cUxPMmFldG02WWROeDNiZVVkQ3k1b25leUFBZVhOZW1FM1MtTWxia3Rja1VTdVM3TjJwYU85U0d6SkowaU82aXM2NmZTNGVRdDNwNFA0LVpZdUlldDlTMVJJdFBCMF9QQklDQWU3RUFSc0tQd2NCQktRYjExanpCX1QtVnc5cW1ianBoNFJIbzQwX0tBSE5fSTNxNFZXZEtyeXJKLXFZMQ?oc=5","Bloomberg","Global","1781481813000"
"Much could go wrong before Iran deal is signed: Ex-CIA station chief","https://news.google.com/rss/articles/CBMiVkFVX3lxTE1WbkxxRlZNZzBUNWd1X2liYldBc0FxdVUtTkpxZTMwNnNoQ0o2Nlp0RjF2NTVHaHpHanVEZHQ1a3o4SXd4SzFBRU0wak5YVTFZWEZ2RXlR?oc=5","Fox News","US","1781481886000"
"Iran's World Cup experience is less joyful amid war with host US, team captain says before debut","https://news.google.com/rss/articles/CBMijgFBVV95cUxNX3ZPeDRiSVZFamtkc3p1ZVdVNmRkbDJJSWdnSTV4OVRGaUpLQURNVmlQWUlFMXYyZnpoSmFEN0hBWl91T2tjZHVwcFBIRHhQSVN2Sm5RV0xLQjk3MmgtMEwzS282V29QcXM4bXpUSmxONEtQTVotQ1lMdHZIWDQ5bnZPM2hSTGp3WnVYcnRB?oc=5","Associated Press","Global","1781482740000"
"Dollar hits 10-day low as US, Iran reach peace deal","https://news.google.com/rss/articles/CBMirAFBVV95cUxNejMtS3JFZU9GNXp1dF9iVjU3V0hyWDQ1M0Y2NEZlbVFyd3JQXzVCek5kbEdIRHltT1RiX0cza051RzJVUm1neDQ3Q3V6SGJIVE9LVnRNNGFKR1JXTXRjNmMtLTdqNGh1SFhpTzE0ajN5aU9jUG0xUG44dTVEYVdFWFpuQXZpX2NKek5tMGtLZmFVeGItV0xjM3NOc2JCNUZqMURPVDNfMXZRNzBi?oc=5","Reuters","Global","1781481846000"
"Gold gains over 1% after US, Iran reach peace deal","https://news.google.com/rss/articles/CBMinAFBVV95cUxQdDRBZ2VtTERRLW5oS1J0MVZvWlJBTkNiNFJpcGJ2RmM1bmYwQXMtMWI1dlFVb1ptZGpNYURkZ0VGaFRZeFNPZ3NMZkVRMzZTV2hfYTlXOFFQMUpDQ0c5bnFjeXR5bDlXYlRXVFlvR3NUNkRBNklJT2wwREhMN2I4aXhNMHp4SnBoS1lnR1NjaDhvcUl1R2pULW5PbE4?oc=5","Reuters","Global","1781481720000"
"Iran's World Cup experience is less joyful amid war with host US, team captain says before debut","https://news.google.com/rss/articles/CBMiyAFBVV95cUxQSXlUYnpyalhIVzdZbHl4dW5oYnllN3I4dGNxVk9lQkU4ZUJ4WFktZThjdS1EbUxFUW1aLVMta1VPUGlaVHRNaElEMmo5R2VjdUtGUkJxQ0JyQWpUc0VOa3ZzNzBKVThZUGRleDFTWU5BSGtxc1NwaEtodkFQLUxJWUpUQUozN25YeTJUc1JWSk84aUk3cFdfdXdCcDBzeXU2MzhGT3J4UzJIMWgzNUhTaXdZN2UwUjNjR3hOUHpZNkRDc0tRR3VYbA?oc=5","The Washington Post","US","1781483301000"
"FIFA facing last-minute verdict on pre-revolutionary Iran flag ban at World Cup","https://news.google.com/rss/articles/CBMigwFBVV95cUxPRng4bk9mNUhLZWs5Zi1vSnRHdlp1NG94OUZySk51aGdzYnFQQ2NDdHA4cTI2aUxNZnRiSzN3OVR6SFNMaG1wMVEtZEtxYmRRTXZWLXhYU1Nfck03T09LS3FfNldKLVhGTW5vbk1LZlpGZEhlWkFndlRNOTZJeGFQbWp5WQ?oc=5","The New York Times","US","1781483046000"
"Israelis slam proposed US-Iran peace deal as a ‘Bad Deal,’ say it fails to address security concerns","https://news.google.com/rss/articles/CBMikgFBVV95cUxNblR2bE15QVFYd1FnYXF4M1N6ZXFJeHpXeWlsQVFaRnRDZHpkZlBsajhVWHdIT0pvTjBjRFdERkIzZEVkTmZiUlNxaXVLRGV4Rm5NLVF4UG5xeUZGeTdRRmNtYUJLVUVCSGJibURLVkNYX250S25MdEtDOENHdy1vYm1Qb3RmUEZOeU5OSjMwWFkyUQ?oc=5","New York Post","US","1781482740000"
"Asian Currencies Mostly Strengthen on U.S.-Iran Interim Peace Deal","https://news.google.com/rss/articles/CBMiswFBVV95cUxPeHlISDY0RHJHTld3NFhzYWx6eTRNQjIwRmxwYzhYSy1QVloxMEJfalFoM0tMdGlTRDRtRnhjS2RrbGxaUVpISGFHZFhKN0p4VkVYQ0dLUEJGNm1sdTR5M25UM3ZpX1VEcDQ1UldxcFZzc3pINnVkbnFjck5xTW5UQ1NmaWRhU3RTSU0yakFNSi1zMm1YRzRzNnI0V205Z3U0MHNYaHdCM2xmdE5aX1JST1JjVQ?oc=5","The Wall Street Journal","US","1781482680000"
"Oil and gas supplies could take months to return to normal after Iran deal, energy experts say","https://news.google.com/rss/articles/CBMimgFBVV95cUxNY1B0UTR5dG1KMEV2a2tvWTlMX1UyWi1rT2hCYnBRemxDQ0E0bzNaZmlWNkI2ZUxra2Ziem91TzJzZ3llOUdUV0NDNnBTYjllQXpFejJnb2FtQUdEVlJGRktBTUMzazUybHV4anBOMVNNZXlFSUVTbUhQcnFreXE3cXdfMTJfS1VCdnNiYmZ2TXA0SVNnTDRNbnhR?oc=5","The Independent","UK","1781481960000"
"Stock markets soar, oil falls as US, Iran confirm deal to end war","https://news.google.com/rss/articles/CBMiqwFBVV95cUxNTkIwZ3BGbEtQVlpMd2hsNjBRTGo3ckloaWxtWEV4dFF3dUpzQzVRNjNuY0FGd091UXJSc2xmLUt4SU9Oc05yQm5lY3BJYW12MFBLSHdVUFJWV0hGbm9odlFXV2F3Q2VlRmxMQUY4NEJDYnpoQm9sQl8zZWRyN0JCV3YyQU9yMmJiaHp2aDJWYmZuWXhoSnNxVmg1ODlybzdrSzBYbUZKZkxTZG_SAbABQVVfeXFMT3diT2hnTFBuekVmOEpUSkh5d3FITjBrVndZM0g2UVZXczl1ckJYbEJMcEdreUREaG9ZOW1TN3pNTzFzNC1QSFNaZ1BPUjNLYk92allOZnhEY3RqY3JBVV9xWk03amxWUEhVakpZdlNHeU84ZFBvV1Y4amZsTHJBSWl0ZGtxSTROdVh6OTI3bDFtSDRoTmdmSGhxeFUtRnNaZkEzZ1YtMExKaHlGOUJsOWg?oc=5","Al Jazeera","Arab","1781484608000"
"World leaders welcome MoU that ends war imposed by US on Iran","https://news.google.com/rss/articles/CBMirgFBVV95cUxQbFMtRVVvVUQ3NkU2blNTdlBFUXpXZXZsX2lVNWF1LVY1MEk1d3Nhb0tZeVdlWEtVSUpVR2poRFhWcm9DZG1HeGFQOUg3SExBM1lyUm96RHQ1eC1tUWlsbGU0R3JxVHhZSmhZSWc3UXFuT3ItM3NMQ3hqdUNCUWhZVDhQOHZRdFRac1Q3enVBSlM1Rmc3dllIcU8xMU1XcktDMWJLUnVZZmk4TTRnN2c?oc=5","Press TV","Iran","1781484360000"
"Iran’s Ghalenoei, Taremi decry US treatment before first World Cup game","https://news.google.com/rss/articles/CBMisgFBVV95cUxNLXB2ajJxUDA4R1NkVEo3ODRwb2tORFQtNTI4SXV6QjV3dVp6UkhQYWRCY3N2S2pCejZ4c3Azb1NmZW5pZWZTVmxBXzk1MDRXYVFDUHNJNldfVDEwZHk3M1Zac1BBbUVVZkNhVEsyVlF5OXFHYmFneG1NU0NlUzdHNHZ4clI5QU56U1B2b0dMQ3pmLVJZczVkZHRITnNEaGJmWHNDZDVURXVJT0RvbXJ0eW5B0gG3AUFVX3lxTFBTUkZmak5tNE5JWFU3OWZod1lEVmp5VFF3cld3UlkzYVdpVE41SjZCRUlsSWdabHUwODM1STAwVmk2b1BydlZHU1FSMjgydG40a2JxYXJoUHRXX1ZpQWpLYlRjZjRHWTVZQ0tyd0ZDeDVYdHdndU1vMkgzVkdlS3UyMWxIMnNPN3A0R1RBeU5KXzEyWEZpYWtIWU90S0pwNXNQWHE4LWNNWFFCczBxRUJueVRGcWluMA?oc=5","Al Jazeera","Arab","1781484322000"
"Live updates: US, Iran confirm peace deal, official signing on June 19","https://news.google.com/rss/articles/CBMiowFBVV95cUxPbFNXM0JwcWk0Ym5PVEtkQkV1eVphTEVBZkxBa1ZIWHV0WFI5c2VJQS1BcHRzR3BqN1o1WTRNUXhFTzFDRUEtYnpxVGJsYkx2Rjk5MmJibzFxbTY4cFhIQUZHOWQ1SUJfRGMtZXljZHp5OXl6VTVad2VES2NKXzZCbG1lRGF6aDFvUTlYcmwzbklWVkhpNXQ3OHFfMGxhVU5YWHNj?oc=5","CGTN","China","1781482134000"
"Bloomberg Daybreak Asia: US-Iran Agree to Deal","https://news.google.com/rss/articles/CBMiowFBVV95cUxPUkZsbVZ4RmRlME1fWHR0ck1KLXdzV240cTNSQXdoLVM3REtEZU8xamI1anZka3FQM05Jc2dPendaaXdIYVY4UGcxbjVVNTJvSG1jQ1NMd25SYkpvWW96TUlUNlFIeHdzcHk3d2U1SElGWFRRcGo0Ukh6Wno5cnNMNHZmelRjUExDaVZkaXdzcjlzRmt2LTVoaTJreG5tVk8ySHR3?oc=5","Bloomberg","Global","1781486778000"
"Trump's Iran announcement may ease pressure for now but uncertainty still lingers","https://news.google.com/rss/articles/CBMiWkFVX3lxTE1aZ3hNcjNEWnFUWGhZRzdKVDVMRmNKMTZ0TEZkclRackVTa1Z1RUNBSVZfRTNZYnlSQXZ6MkkwRnZrdHRfQ2RSRWNHdlRPeXl0LTJyQ1VPNkRjQQ?oc=5","BBC","Global","1781486561000"
"US and Iran agree to memorandum of understanding and immediate end to military operations","https://news.google.com/rss/articles/CBMi1AFBVV95cUxOTjN0S1RPUk1PaEhkZE1uR1Q0OEJweEhXWmloNWpTN1lkYjI0YXNIdTNfVUZhYV8xci1hbjROaDdhZ2N0TEVHMzJSUFJCUXlTU1dfTFRUMlZNR2R0X2ljR0dfRl9RRTdiRVFFbmVubTFNTUlBN0ZlQ0RpWm96T2owMnVZVnlxM1ItYkhOOXVTTS1fRFB5WHJpUnRNSkpYQUtrQjlrNF9lcmpGLXRXUHRTYjd1OThSY1FlWk55MlNVTjZ0Y056NHhQSnozbmxiN0FqakZxZw?oc=5","France 24","Europe","1781486348000"
"Treasuries Rally as Traders Trim Fed Hike Bets After Iran Deal","https://news.google.com/rss/articles/CBMiswFBVV95cUxPaVE3c1I4bnM1RzhLbHhHQmI1QjZCY2RQQXVQajN0RTZvU19QT29hdHJfU1hvNXltLWxTRFhXeU4tX3owVmJST2RkanFrV2FXbVg2X3dQQWNyYnRqS201Z0dKTjNPeTM0QjB6bE1CWWNMZDA5NXVLR2ZLLWM3RjJBOVJldXFtZ1pRR0l3YWg5SHdKUEFVSFhKRVlNNExEN2ZWUkEybDlZV255dWhBeDRKUl91bw?oc=5","Bloomberg","Global","1781486100000"
"Deal on ending the Iran war sends stocks soaring while oil prices fall","https://news.google.com/rss/articles/CBMimgFBVV95cUxOeEpBS3hYell3T214YXpEUUJXUmFJSXY5MVA4WFlHaG5XbjNLdnVsQVZLTHYwN3lGS0tMUGdGOG9YSTNZY3hjQklBX0t2NGx1VTRrQUpnTVhjX0NYbmZlSjk5RW13TFpYZXNUVVd6c3JUeVVsTjdta0dKa3l6TklwVjBWSVZHVDc0dnJLR3o5bldSbmlSeGR4bTNn?oc=5","Associated Press","Global","1781485200000"
"Crop Prices Drop as Hormuz Reopening Would Ease Farm Input Shock","https://news.google.com/rss/articles/CBMitgFBVV95cUxQTVNFdUg3UVMwbmNFRnNTMWdWMG80VEZra1VuZ2xlUnZYXzlUb05RT1Y3Z2FUbjNMZDJVdXF3Zk5rcnlzaFpiS3ZzMjJZRWpMcEJhUXdfOFlvRGhMOUxOeUFlVVpRX09CbVZMS1d0aFlyclo1QU15T1Mwd1ZHT3Brc3lCRXg0VGlHdFhxUXdrNldHVlJ5M0kyZjZITHVUR1hHVjVrekpBVXRoakc0MTJ5QUREN190UQ?oc=5","Bloomberg","Global","1781485200000"
"Iran World Cup coach says 'impacted' by politics but ignoring 'hype'","https://news.google.com/rss/articles/CBMiywFBVV95cUxNTnJINkRaWjBac2hmOHNrSnhTWmo0clVKTHd0S29lZXpUNmtMYml2dFVlYm1HNVNYLXdvak5OQnptMWZWVEc1TnpBTnoyYXF1WFBIZXVMalpQSG15c0RycmNjc2dfYkJXZzdERWl0TlNGSGxvMUtfZU9XM1UySlZTblRiYkczTDlmcEZkU2hocmU3R01IYVkzX1psS1Y3a2Vtd3d6bV9abTkxTVNta2VGSzcxb01ndDlHb1RPdWdyVF81T084MXlSaXZ3Yw?oc=5","Le Monde","Europe","1781484888000"
"Live Q&A: What Comes Next After the US-Iran Deal to Reopen Hormuz","https://news.google.com/rss/articles/CBMitAFBVV95cUxOWndsZUc3MlVDeFN0RUNsQ3ZJTnNyOVlXLV90aGRaaVVlYlhVTWNmZWFyMnBkVUU2ZFZHaXVRYzh6ZzNnaWt5UHNtblFuOFZfUWEzQWNqZkVWaFpualNBUDRGYnRQaG5ram1Pd2xLZ3NDWW5Pa0ZJa2JQblNqR214aFY0LWpJcS1tbk1KdGt3a0ZnSUx1eVhvNGNvaEtjREJmbDhPc3JQT20xWnFMV0R0Qk9jQlg?oc=5","Bloomberg","Global","1781484851000"
"US and Iran Agree to Deal Strait of Hormuz to Open, More","https://news.google.com/rss/articles/CBMipgFBVV95cUxNS2IwaFNsZWhHb3BoaWE5M0t5dWVCNUdlY2lwUlJoUjhnZVNaLU1OcHFTUUZlNDR0OVpubm9ZYmNZcnpfZGR2WGxBNHJmRDV3QW4tdC1WLVpYclh1ZFFVRVp6bjI5VGRYWWFkVDhoM2tSY2tiYjFBSGJRcXBfWUtyb1o0SEN6NWhYNXdxbFJUQ0RtRTJCcDNxdk11dWtOZzU5V2UzczB3?oc=5","Bloomberg","Global","1781484494000"
"New Zealand brush aside politics ahead of World Cup opener against Iran","https://news.google.com/rss/articles/CBMiugFBVV95cUxPaEpuaTR2ekRoV3JqTl9JNHVoQXRDWkhiOUVnOU1VbmVFMk9UZWlyaDQyRm84ZUlfRmtCT2dWdUZCa2FrSk9pc1JhV1dQdXdXRkw1ZUZZMEtkYzB1dy0tTl90M2U3cEpCc3NINlpRbkpKbDJCVEsxYlVkX1BINHRSSnJrOXk4QWl1bDJWNGM1U0RBQ0Vtdl9qSzVBLUIzeVQ3MXlJQ05EM0lSSEI0SjMwLTZ2WHN1UVV0d0E?oc=5","Reuters","Global","1781484240000"
"The Failure of US Policy and Iran","https://news.google.com/rss/articles/CBMidEFVX3lxTE9OWUJGSFlDZVgxZkUzQm9zY3VZRXpzZC1xbkwwV0VXazY0SlM2cXFIdkZQYmhaVklsV0ExeHZubFdtRGlhcWJHUXBPMFBoYVRNclE4RlZiVUp0a3duVjd4RTNXZ2J0V0xaLXFSWnpOVk8xY052?oc=5","The Times of Israel","Israel","1781486520000"
"Iran Is Not Receiving a Pardon. It Is Receiving a Deadline.","https://news.google.com/rss/articles/CBMilAFBVV95cUxPZ2lJd2hPTVdhLWpvb3VUZW9Fa0ZaOFNOaWdHT3dmVVdOa3JjUGo4MHFMTEk2blFEUXFsNVYzdFNlSG8xUFhXRDEtQVV5aW1BNDhxSkQzZHhQajVKTWR4X3Zsb2lZTFJQZ05ieTRSMnVGWjU5dDQ5VlVOTjFJZW1NZmVYa3U5YkhWQ0tVUlAwV3lqcnc1?oc=5","The Times of Israel","Israel","1781486460000"
"New Zealand welcomes move toward U.S.-Iran peace deal","https://news.google.com/rss/articles/CBMifEFVX3lxTE1ycDV6TzlvaW5YRUxfRGZpNmkxRkx3X3B4Z0tXNzhDQjhJQmtoSHV6NjRkSjlGb0ZIS09TbGJtTWFPNENTMDl6VUhGZTZ6cGdoQjA3RGFXVU53YVE2bDZNbXNBS21HYkN4aVZEcHczaG5ybEc4NV9ac1hTamk?oc=5","Xinhua","China","1781486445000"
"Trump allies cheer Iran deal announcement as Democrats call for clarity","https://news.google.com/rss/articles/CBMisgFBVV95cUxNdEhtUHg2MlJzRHlIMkZOdV9kemFEbGxUZUFuLUFwYUdkeEZzSHJ5bVJ4WFp4cGZKbjB5dUtlcENyaTlBRFMzQnZDQkRqVC03QjJQMXpBbEpfemhEZkJMV004aG9lZ0ZVTWxTVnlZR1dFaWcwbWpJLW5uY2htNUhEVDZ4SG5MU05FaVU5YXp0eE9DZElrVUYyal9McDA0UGJ0NjhqQWUxNGZERjhJanNmZUxB0gG3AUFVX3lxTE1VN3hYeTBsbHEtalVRUUhtdUtxcTVIUmZxcHZnZFBSYk9iSUlxeDE5azhJeWpDQ09nbGZqbGltQmpGaGFzR1RNX2RMVmJPSC1vMHRUMEVaT2p3ZWNTbmhsRWtPemhaNGl3UWxydEp5NDl4N3M0ZG5CT2pIWE9odE5yMHhnVzJ0dVN0N2Qwc2xHc1JGZ3hLbzA5TVlpQ2hVbkN2WkNlR1ZuQVJiVC1sV2ptdlZid0Fadw?oc=5","Al Jazeera","Arab","1781486325000"
"Deal on ending the Iran war sends stocks soaring while oil prices fall","https://news.google.com/rss/articles/CBMizgFBVV95cUxONkx6YzJxWmNrLVFfNjV2dG9jX0Z3bVB5SGFjNUx3TVRGZXJ1NlhURWNCam5kTzU3dWJ2UVAtTHN3eDh5OFplZVJseDY3T2JZV2hyZ1N1ZUE5SHE1akJ4T0oxVkNadkhieVRSazVGRTUyXzJTdGFhLWNRa0pCb2JoODNsclJrbHlRcnVSdk1rUk5SUTIzNC1kal9xQ1hlODFPdGlTbHJJNGVadXpHSEQ0RUdxcDRuM2tOaHo1aXB0aWNWQXNSOENpLTZvSjdSZw?oc=5","The Washington Post","US","1781486592000"
"Iranian soccer team touch down in U.S., feeling the ‘tension’ ahead of World Cup bow","https://news.google.com/rss/articles/CBMikgFBVV95cUxPZ215c1pubV9mc3ZQb0diVWN0RWpaMXE3NDVYUnNuajhfZ01FX3FQcVcyWTNsS2tFbFI2Q3RpOWhHV0NoeDNyUHk2OENiSTI4aVVLakZqSVpXMnF6NGl6ZjJIZGJZMjBRbGwwcXlwMnlodjVPOTFJa3lqY3hYWURmYThtbE5VUF9pcTlnUkJpd0tJUQ?oc=5","The New York Times","US","1781485920000"
"Trump says Iran deal will bring ‘peace and security’ to Middle East","https://news.google.com/rss/articles/CBMiVkFVX3lxTE1LQmJJcENEZlRQNUU5cHFuNm56eFlDSUJ5NGViOVJCYVRiLWdJdTRLUmxJUV9nTTVOeFZDQncySTRJdVFOWi1zODRkUWhEYWk4dEUwNzNB?oc=5","Fox News","US","1781485241000"
"Mark Levin: We are supporting the ‘liberation’ of the Iranian people","https://news.google.com/rss/articles/CBMiVkFVX3lxTE53cVBJclRjbE0teTRGVHpsbzQ4emhSaW56ZjBrMkd1RU54aktZZXoteWJvT1pyd1Y5dmx3N25EWVV0TFViaVJsbHVFQzJ0Ym9XMnl1ZFhR?oc=5","Fox News","US","1781485131000"
"My vote has always been 'pro-no Iran becoming a nuclear power': Sen. John Fetterman","https://news.google.com/rss/articles/CBMiVkFVX3lxTE5OdFdPMk8yMlZlc2lrZGJhQnlES09EVUdQLVA5eG9aTWFhd1pTal8zVDRyLWJwTVRaUE9ROGt5eXJJRFZaUVBpNHdPQUw5dExtMjc3d0xB?oc=5","Fox News","US","1781484980000"
"Van Orden praises ‘glorious’ US service members killed in Iran war","https://news.google.com/rss/articles/CBMiVkFVX3lxTE8xWURRNTMzWUNLcjF2T3c3ekpuTllGbnR0LXdja2tIQ2l6X3pkQXNLeWdfbUdjLXp6dWo3cTVrZFNJVmNDdTVmeHh2RXNIYlFHR2xtaXhn?oc=5","Fox News","US","1781484577000"
"US, Iran reach deal to end war, reportedly including Lebanon conflict; Trump: Hormuz to open","https://news.google.com/rss/articles/CBMiuwFBVV95cUxPVzU4bk9tSGU1ZTVPSndHTUx5VmxfM2hqdzdKTmFtaEw2TWVDcWwwZnJIOGZDM1pqT3NHQlhfV2lpNlByRmNHVlFhYU5PbV9KVE9rZ1VIRVBSdVFTNl9pc19PcFdNMi1yMmtHWFAyTDd0b29vWnphOHl4RlBNdElUOFRKSmRwWGZqRDFBd0ZZaGZidnN2MzhMRXNBaHZROE1jVHJYdFQwV0dPd3FPWGJ5SkoxS29fX0JGLXNR0gHAAUFVX3lxTFB2NlJ3NVZoVG5HRlVmTzFybE5UQmk1c2NoMHV5Q1FkaFltQkh5VXRiaDZwYlpCNmpSWEFzWVNkM19TY2hyMjF3WWpMc3hJT3lVNWF1T0ozOWZub3pxODBaOVpsU21Fdm1FQWJZUS16QkpLRnFQN1NkQVBFT0xLcGhqWnpkTC1Qa2VVTURiWm4wcE43dFdnZ0hIQThndnFhZWRtcGd6QWI5cGVMaVhzSmticnhjb2dFaTFkaXNydVNSQQ?oc=5","The Times of Israel","Israel","1781488149000"
"US-Iran to sign a ‘peace deal’ on Friday: What we know so far","https://news.google.com/rss/articles/CBMioAFBVV95cUxNdGN6dlNZdnJET2hldC1yd2FHY2lsLXF2cU82TllSX2dvTkt2T2JuS0YwUXN2Z1dsVVJVNTNJdmsxSHN6RUxJMHJHekJidlp3cmlIVWN4WUNncmZyUTRqcWU5cWhHd0hhR0FaQ2hjelFJY3dGdjBzeHo3eGJSTEZOQmdZVWhtM29rM0hWMmdJdXo3QjhDVVEzbjA1eFphLUF00gGmAUFVX3lxTFB2QVNtQ0ZyQnNrMC1YMHFZdmpQbUwxcTVLUlk4OWY1eTFUcGQ1OFdUM3NSdUV1SzlESmRVZk1WVUFYRkVXZWgyMDFodmJ0cHZkd1pwc3RwSlZVQ2ZOcmRHbFQzNk5zaWJKQ2NnVmpUeExfTzc4bjZLSGRqaXRuaXJtRzBDaVZmZmJoandpaWtJYjNPMlVGVV9sR1dmRlphcjZZZDhEOXc?oc=5","Al Jazeera","Arab","1781487834000"
"Japan welcomes US-Iran deal, hopes for Hormuz reopening, PM Takaichi says","https://news.google.com/rss/articles/CBMiqAFBVV95cUxQai1TQkNBWUNab09CR2QtMlVhcTl5akV5VG51TlRKM1N1U1lmYkJRdG5lNUxPaUNKTmpLczZwY1ZtYUx6Mkk3YnZyREptaF8tUGVhbnNrZWthb19ibGhva1ZEc0dBQjNPc090UG5wVlFoOUtpb3o1Z01HbzVzeHFPUlZBM243WGc0MVBjd3hTMFdmRHA0cUdvUmo5dk5JeE5LUGdLdlBzSEQ?oc=5","Dawn","Pakistan","1781487135000"
"Oil prices down more than 4pc after US-Iran deal to open Hormuz","https://news.google.com/rss/articles/CBMingFBVV95cUxPNC13ZTRDdEN6RElqUWlHYlpQaDA3VDZOZTFDbjVFSEl0QW11Z0l6elVqZ2RqY0xNTEpZMFNKdzNCNzZ1bHo4Q0hPY0w1dzVDWHlDaFVvNEt3UFpySV9jQTNZTGdURjNrTmticjV6SndBV2hQQl9TU0k5bVpwYk1maUtTYkpzUXE5anNTNHlWclhhZ0t0N3JMQ016ZlZ6dw?oc=5","Dawn","Pakistan","1781486969000"
"Britain, France, Germany, Italy welcome U.S-Iran peace deal, ready to lift sanctions","https://news.google.com/rss/articles/CBMifEFVX3lxTE5DbXRVS2VUNi0zWHIxcDRYTmxWVzJCekNVU1NBTVZBQUFlRnd3cW1wZlBfM2hkSHRLMVJZUFZJdkMwdXVYNldNMzR0NFJKTm9OQ212ZFhkUVh3bERxNWxPSEI4RmYzUE1oV19XSnRlYl8tdVkydFprazYwS2o?oc=5","Xinhua","China","1781486940000"
"US to release $12bn in frozen assets: Iranian media","https://news.google.com/rss/articles/CBMiiwFBVV95cUxNVUxha2M5ZDhJNUhWMU83R19ub0M4U0dfbjJ4VmJwcGU5Mkd3dS1vZUNybFZMWV9CSUhBcG4wYWlucng5ci1jWFR2Y2RvWXhsbDFSaFYyc0NmQkpRWlh3amhRT0g3b2dVRWswTTdNRV90eVZlMXpBOGtmWmJSc183eGtNbzhfS2RZcHJz?oc=5","Dawn","Pakistan","1781486592000"
"US could resume attacks on Iran if nuclear accord not reached, Trump tells NYT","https://news.google.com/rss/articles/CBMisAFBVV95cUxOb0N1R0FwWWN1Y1BZMW1zWE5SR29UazBOd1U3RkRMWVkwbmFVYi1jZUtrczVXUWdERWpBNFhiTDQwTUw3V1lTYVAyeGdqd0pqV3o0SVVoNGJ6a0VKUnlRZWE5MHNFaGJhWkdTNjZIQTZ3OGVnb1RNQ1BSbFlha0ExWW14cjEyVVpGbElRbTNwdWl1Zzg5dGUtZGM2VVJmSGZkTnJuT2xWT3VlUWJGcVBrRA?oc=5","Dawn","Pakistan","1781486472000"
"US-Iran Reach Deal, Includes Reopening Hormuz, More","https://news.google.com/rss/articles/CBMingFBVV95cUxQSmljcXNHeFFZc0RKaXpOZ3hIN1BOem1RMlE0My1qajVPMlZoT2drYkk3ejJRVDB4bnhCbTZnVG1KampMLWZsWTR2dTR5dnprV0NNZm50U2NhMFhodmNIMW1OQ255b1U0VGphS3BNZnFxSUo4amZDZDZDVVI1dDdPUk5VdlFMZmZ0OFVIUlFPMkh2RlJ3QkIyaTBpV2tsQQ?oc=5","Bloomberg","Global","1781488223000"
"Trump veers toward exit in Iran war but risks loom","https://news.google.com/rss/articles/CBMikgFBVV95cUxQcEZVelNtYmlvYmYzR3RtY1ViZ0EzNzU2LTdEcjctWGo0WnhBejRXVG5aVXNBT2VGQWdwWHhNdW90djhTV0VHN0FmcmZjZVJSYThHVzhPcTJ6TDlEdV9NSElZbk9fVWNEN3VlazRLeWtTaXEwb3Z4M1VMeTRTOGRCMWJ3MFByc1dmamxmVklVWVRYUQ?oc=5","Reuters","Global","1781487660000"
"Bitcoin (BTC) Rallies to Two-Week High After US-Iran Hormuz Deal","https://news.google.com/rss/articles/CBMiswFBVV95cUxPWDZEUFh3S1Rya2gzdTBENjVFU2tNMk1qMU91dDJmbHJMUjdRbk1BaVMtVy1HeXlRbFBMUTBvb1F4a3pzYXJPTDhrT3B2X2lObTAxVlBNNVhnM012R21NdEROUTF5bG9tMFExNEtfWGJvMjBfOVJZTmtyMVRMZElnTzJxTDI0WGRjc0hoMVdTQ0RLRlduVU45TTZPYzZNLVBZSXNpYUY5TDI2MTd1eW5fZkcyUQ?oc=5","Bloomberg","Global","1781487540000"
"Trump turns 80 with cage fight, Iran deal","https://news.google.com/rss/articles/CBMikAFBVV95cUxQQWc2LW1EeDhPbW51R21HeHJHc3N3UFotSGxvTlo1N2x3WXRMNGZqRk9GWUM2dm5nbm42RTh5d3l4MmNCd1pzTWFmVDk3ZXlQb2RGWWliS0RNSDNnTWVQd1Z0WENGRGpCSTdRcWxWTWJacnlGOFFETC1TSkcxZVN2Z1RGV1h3RlJrUUFVVWZFOUo?oc=5","France 24","Europe","1781487437000"
"Deal is reached to end Iran war, as Trump orders stop to US naval blockade","https://news.google.com/rss/articles/CBMiywFBVV95cUxPUWlQLTRvZnF2NkYxOXlkbjZBenE0WHk5eHNKNGdUX2w5U3lKMWRjemtJU29DM2NvTE85cmRYdnk2ZTM1QUlfTjB0djdCdTA3YVZJUjdWQjZQblZHTnBoY3c5QWVVbGJfQi13UU1RRmt2cW9aSU5fOUExRV9SeHRJSTZxNHdrUWhmOElFbGY3MUE3Qm5oZDZzU0JfYjQzOU1jeVJJT2lveTZ5bUd2SGE3M3oxQ1ppbW15cXBuUDRmbVpOaXdLVndiOUlscw?oc=5","Associated Press","Global","1781487180000"
"Iran's manager, striker pledge to play for all Iranians despite protests","https://news.google.com/rss/articles/CBMiswFBVV95cUxOdlFyaXFBVDZhRUM1cVl3dWYxUXRYeENHbFBicmFhY3JoWEs1MC1PNEh0Qm9vZ0NYU21NOWtfeldEUEdlWEpqLWJIYjdhRm5ieFRsS3piS1hlU0tXenhMSTk0SHBTNzJ0V0l0U2k2SG9RMXNhZG9hZ0EweERTUHdVdnN1QW9lZkJOZThWWGpHQkFwSEVmTDNqSDZBQzVkQ1lEMFJNTG9YUmZOVnBUZVpuSHN5aw?oc=5","Reuters","Global","1781487120000"
"Iran deal is ‘opening the door’ to a new Middle East, former deputy national security advisor says","https://news.google.com/rss/articles/CBMiVkFVX3lxTE01WE9tLVR1X3FZaV9XckFWUEp3YnpnSzZiSzJnQWxOWUxJNnhCdlVOaVhteUhtRl9tN05FTEtTRmpxWE9FNWx0X2NrU2h1WWozWXBoRkZn?oc=5","Fox News","US","1781488382000"
"After 106 days of war, how Donald Trump and Iran finally agreed a deal","https://news.google.com/rss/articles/CBMiogFBVV95cUxQd3JydTktS2dBZjVDWTJXZG1hMXpYTm5TbzQ2azhsdjBBVHdFQnlTZG5qX1hOLWJpNDdDeXpCdXFpbTRQaWxJOVo2dXg4ajdmTHl4Z2ZPZ1piZWdyZFBzbFdQWkJlYUtRQUdmeUdESUx3WlJuUjM3by1kVk1YMzdBRWZfT0FncW5tZTNELWFUWU4yM0x0bEduYnJQY2dDVHQ1Q1E?oc=5","The Telegraph","UK","1781488260000"
"Iran’s footballers arrive in US amid peace deal but admit tension ‘undermines joy’","https://news.google.com/rss/articles/CBMitgFBVV95cUxQU0c4ZU83clJqQlFVS2xwaVlPaGh2QXlYYS14aU05ZHhWUnZwRXhsOUdYdU5ETlRvcHk2WnpsSHhULUtlN3BIOWsxOTRTRmlDLW0tX1lUbjktTnJUMG1keVMwaHNsZW5uSGNDZkE1V29KOHVOQ1ZGZUgxbVVIN3RrOGlXRTJyd0ZWOGNzWHNRcnlySmwwQ05xRDlMZ2pTSmJSc1puVXJJc1JRUmRDd0VPcFR3OGZtZw?oc=5","The Guardian","UK","1781487720000"
"Iran War Timeline: Key Moments and Attacks In U.S. and Israel’s Campaign","https://news.google.com/rss/articles/CBMiigFBVV95cUxQVUlkQ0h6SC1RMzl4aW92c2FhZTJualhoVTFaZmJyaUt2cmRxeWlIZGNBeXF5S0pzc2xpVF9wM0doSnRwVmtmTDVyN1hZZjFXd0xhTjJKSVhkRlFvODZ2VEZwNldTUGJUcEhMM1F1a1V5WDBsXzVYdmJBbDFvSlJoOF9FWmkzYnBzTnc?oc=5","The New York Times","US","1781487176000"
"Iran deal 'isn't worth anything' without enforcement: Former Ambassador-at-Large","https://news.google.com/rss/articles/CBMiVkFVX3lxTE5hVFRnZ3NQU1FCWWZIZEdOWXc5NlpaY3hqc0FZRTVtNXF0eVlwbWZlRzhaVm1RRWFYM2UzaEtxN1ZBLUh2ZzI4cE1nNkZ5WXlYZlRkUnZR?oc=5","Fox News","US","1781486990000"
"Japanese shippers await details on Hormuz reopening, mine clearance","https://news.google.com/rss/articles/CBMiuAFBVV95cUxNMFVUckxfNkdaRWg0bXNxNWtDS3NobG9VMVk4djA1XzA3cVNBT09QSjJHNzJzdGZ1ZElkUi16NVZBSHNFRENmUmk1YWRQTl9NYXd6S2JoT2tIdXplSzZyTzVsNmJHZ1gwQWxGOG1HSVpmX1pZT1RHWWk4X2RwRUl4N0djV00wTGEwVDR3eGc0WnNRajRhZGs3bW9jTTFRUXZrQVlQdHZCSTUtLUVOTV9UQkZuVjNkLTRu?oc=5","Reuters","Global","1781490240000"
"Trump Leaves the Hard Part for Later in Long-Awaited Iran Deal","https://news.google.com/rss/articles/CBMiswFBVV95cUxQSHhCNWxpemgxOVFQQVRVaWYwbUZWRWUyVEQ5TGVhSGFwZGRaM0FHYW1JRUJYTGVhOHpOQmJYTXdtUTVsblRQNWdBTm5YZ0tJdWhpeEJfWjdvUm1mUlh3UkMwdWRNX3gtcTZFRXg4VTNkVWx4NXdLNWcwa0l1ZTdlbERNdmh1cnN1UjlsRkxJU3lBbFE0NnNiaHR2NGg5WW5RUkRCWmZUSXpONkNDZHhwaEx3aw?oc=5","Bloomberg","Global","1781488680000"
"Iran captain Mehdi Taremi criticises Fifa over impact of USA war at World Cup 2026","https://news.google.com/rss/articles/CBMipwFBVV95cUxNdnRfa0JuMkRmaTJzT3NXY0dMekVBLVJSQnlvT1VRU0ZFXy1qZHlFVlN2Y1N0eUl2cWJ6U3Bib3lsbWFIYmVaWEhRRElBUTlxeW1scy1wdWR5a2RUOTU2X0pLLU5telpaOEFiS3pVajRjWnBOU1ZuY2tvRzZkSXpVTnZleVFIOUhQR3hpQy04SUFEbnY2R2tDa2d4OTdRLTVRSjFPVHpTZw?oc=5","The Independent","UK","1781489640000"
"U.S. and Iran Reach Agreement to Reopen Strait and Begin Nuclear Talks","https://news.google.com/rss/articles/CBMijwFBVV95cUxNYkZvU0V5WV93UzRoRU1iNnRudkEwS3pUR0JteDZIdXJOWXZPbW5sNVMzd1NGa2VjUGctVFRSa3FpckVURjZrZE1RbHh6ZlpRdm9RUGRVRGduRzVKU1UwcEJTSFhSU29rM3RXTEdKQVRPNkRiSmlKcHhpM21CVmM1eUNkUWhCeS1zY0kwQ3lqaw?oc=5","The New York Times","US","1781489606000"
"US, Iran reach deal to end war, reportedly including Lebanon conflict; Trump: Hormuz to open","https://news.google.com/rss/articles/CBMiuwFBVV95cUxPVzU4bk9tSGU1ZTVPSndHTUx5VmxfM2hqdzdKTmFtaEw2TWVDcWwwZnJIOGZDM1pqT3NHQlhfV2lpNlByRmNHVlFhYU5PbV9KVE9rZ1VIRVBSdVFTNl9pc19PcFdNMi1yMmtHWFAyTDd0b29vWnphOHl4RlBNdElUOFRKSmRwWGZqRDFBd0ZZaGZidnN2MzhMRXNBaHZROE1jVHJYdFQwV0dPd3FPWGJ5SkoxS29fX0JGLXNR?oc=5","The Times of Israel","Israel","1781488149000"
"Lebanese remain sceptical despite US-Iran ceasefire announcement","https://www.aljazeera.com/video/newsfeed/2026/6/15/lebanese-remain-sceptical-despite-us-iran-ceasefire-announcement","Al Jazeera","Arab","1781490380000"
"UN's Guterres, world leaders praise US-Iran peace deal","https://www.jpost.com/international/article-899405","The Jerusalem Post","Israel","1781490369000"
"Japanese shippers await details on Hormuz reopening, mine clearance","https://www.reuters.com/world/middle-east/japanese-shippers-await-details-hormuz-reopening-mine-clearance-2026-06-15/","Reuters","Global","1781490240000"
"Oil and gas supplies could take months to return to normal after Iran deal, energy experts say","https://apnews.com/article/iran-war-trump-deal-oil-supply-strait-of-hormuz-42bdd71d5afa6fb5ac5d0c3e7857de6c","Associated Press","Global","1781489640000"
"U.S. and Iran Reach Agreement to Reopen Strait and Begin Nuclear Talks","https://www.nytimes.com/2026/06/14/world/middleeast/us-iran-deal-strait-of-hormuz.html","The New York Times","US","1781489606000"
"US-Iran deal welcomed by many but scepticism abounds","https://www.thenationalnews.com/news/us/2026/06/15/iran-deal-reaction/","The National","Arab","1781489025000"
"Iran's World Cup experience is less joyful amid war with host US, team captain says before debut","https://www.washingtonpost.com/sports/soccer/2026/06/14/iran-world-cup-challenges/03436a80-6850-11f1-830e-133d20cadd28_story.html","The Washington Post","US","1781488701000"
"Trump Leaves the Hard Part for Later in Long-Awaited Iran Deal","https://www.bloomberg.com/news/articles/2026-06-15/trump-leaves-the-hard-part-for-later-in-long-awaited-iran-deal","Bloomberg","Global","1781488680000"
"Iran deal is ‘opening the door’ to a new Middle East, former deputy national security advisor says","https://www.foxnews.com/video/6398424032112","Fox News","US","1781488382000"
"Bitcoin Rallies to Two-Week High After US-Iran Hormuz Deal","https://www.bloomberg.com/news/articles/2026-06-15/bitcoin-btc-rallies-to-two-week-high-after-us-iran-hormuz-deal","Bloomberg","Global","1781488332000"
"After 106 days of war, how Donald Trump and Iran finally agreed a deal","https://www.telegraph.co.uk/us/news/2026/06/15/how-trump-iran-agreed-war-nuclear-strait-hormuz-deal/","The Telegraph","UK","1781488260000"
"US-Iran Reach Deal, Includes Reopening Hormuz, More","https://www.bloomberg.com/news/audio/2026-06-15/us-iran-reach-deal-includes-reopening-hormuz-more","Bloomberg","Global","1781488223000"
"US, Iran reach deal to end war, reportedly including Lebanon conflict; Trump: Hormuz to open","https://www.timesofisrael.com/us-iran-reach-deal-to-end-war-reportedly-including-lebanon-conflict-trump-hormuz-to-open/","The Times of Israel","Israel","1781488149000"
"Australian Dollar Should Hold US$0.6979 as Interim Floor if U.S.-Iran Deal Signed","https://www.wsj.com/finance/currencies/asian-currencies-mostly-strengthen-on-u-s-iran-interim-peace-deal-78c42dff","The Wall Street Journal","US","1781488080000"
"Deal on ending the Iran war sends stocks soaring while oil prices fall","https://www.washingtonpost.com/business/2026/06/14/stocks-markets-iran-trump-oil-musk/25d9a298-6856-11f1-830e-133d20cadd28_story.html","The Washington Post","US","1781487908000"
"US-Iran to sign a ‘peace deal’ on Friday: What we know so far","https://www.aljazeera.com/news/2026/6/15/us-iran-to-sign-a-peace-deal-on-friday-what-we-know-so-far","Al Jazeera","Arab","1781487834000"
"Iran’s footballers arrive in US amid peace deal but admit tension ‘undermines joy’","https://www.theguardian.com/football/2026/jun/15/iran-world-cup-mehdi-taremi-amir-ghalenoei-fifa-tension-peace-deal","The Guardian","UK","1781487720000"
"Iranian soccer team touch down in U.S., feeling the ‘tension’ ahead of World Cup bow","https://www.nytimes.com/athletic/7361193/2026/06/14/iran-world-cup-players-opening-game/","The New York Times","US","1781487675000"
"Trump veers toward exit in Iran war but risks loom","https://www.reuters.com/world/us/trump-veers-toward-exit-iran-war-risks-loom-2026-06-15/","Reuters","Global","1781487660000"
"Trump turns 80 with cage fight, Iran deal","https://www.france24.com/en/live-news/20260615-trump-turns-80-with-cage-fight-iran-deal","France 24","Europe","1781487437000"
"Deal is reached to end Iran war, as Trump orders stop to US naval blockade","https://apnews.com/video/deal-is-reached-to-end-iran-war-as-trump-orders-stop-to-us-naval-blockade-a7adc6df4edb4dbbb1c45c305348d739","Associated Press","Global","1781487180000"
"Iran War Timeline: Key Moments and Attacks In U.S. and Israel’s Campaign","https://www.nytimes.com/article/iran-war-trump-us-oil-hormuz-key-dates-events.html","The New York Times","US","1781487176000"
"Japan welcomes US-Iran deal, hopes for Hormuz reopening, PM Takaichi says","https://www.dawn.com/news/2007962/japan-welcomes-us-iran-deal-hopes-for-hormuz-reopening-pm-takaichi-says","Dawn","Pakistan","1781487135000"
"Iran's manager, striker pledge to play for all Iranians despite protests","https://www.reuters.com/sports/soccer/irans-manager-striker-pledge-play-all-iranians-despite-protests-2026-06-15/","Reuters","Global","1781487120000"
"Iran deal 'isn't worth anything' without enforcement: Former Ambassador-at-Large","https://www.foxnews.com/video/6398423184112","Fox News","US","1781486990000"
"Oil prices down more than 4pc after US-Iran deal to open Hormuz","https://www.dawn.com/news/2007961/oil-prices-down-more-than-4pc-after-us-iran-deal-to-open-hormuz","Dawn","Pakistan","1781486969000"
"Britain, France, Germany, Italy welcome U.S-Iran peace deal, ready to lift sanctions","https://english.news.cn/europe/20260615/f35d43e1e89b449f95c42e694fbca65e/c.html","Xinhua","China","1781486940000"
"UK, France, Germany and Italy prepared to lift sanctions in response to 'verifiable' steps by Iran on nuclear programme","https://www.dawn.com/news/2007960/uk-france-germany-and-italy-prepared-to-lift-sanctions-in-response-to-verifiable-steps-by-iran-on-nuclear-programme","Dawn","Pakistan","1781486900000"
"Trump's Iran announcement may ease pressure but uncertainty lingers","https://www.bbc.com/news/articles/c9824e0rz75o","BBC","Global","1781486849000"
"Bloomberg Daybreak Asia: US-Iran Agree to Deal","https://www.bloomberg.com/news/audio/2026-06-15/bloomberg-daybreak-asia-us-iran-agree-to-deal-podcast","Bloomberg","Global","1781486778000"
"US to release $12bn in frozen assets: Iranian media","https://www.dawn.com/news/2007959/us-to-release-12bn-in-frozen-assets-iranian-media","Dawn","Pakistan","1781486592000"
"The Failure of US Policy and Iran","https://blogs.timesofisrael.com/the-failure-of-us-policy-and-iran/","The Times of Israel","Israel","1781486520000"
"US could resume attacks on Iran if nuclear accord not reached, Trump tells NYT","https://www.dawn.com/news/2007958/us-could-resume-attacks-on-iran-if-nuclear-accord-not-reached-trump-tells-nyt","Dawn","Pakistan","1781486472000"
"Iran Is Not Receiving a Pardon. It Is Receiving a Deadline.","https://blogs.timesofisrael.com/iran-is-not-receiving-a-pardon-it-is-receiving-a-deadline/","The Times of Israel","Israel","1781486460000"
"New Zealand welcomes move toward U.S.-Iran peace deal","https://english.news.cn/asiapacific/20260615/f48c4974abc346fb9d6b58f39c4ec0f9/c.html","Xinhua","China","1781486445000"
"US and Iran agree to memorandum of understanding and immediate end to military operations","https://www.france24.com/en/middle-east/20260615-us-and-iran-agree-to-memorandum-of-understanding-and-immediate-end-to-military-operations","France 24","Europe","1781486348000"
"Trump allies cheer Iran deal announcement as Democrats call for clarity","https://www.aljazeera.com/news/2026/6/15/trump-allies-cheer-iran-deal-announcement-as-democrats-call-for-clarity","Al Jazeera","Arab","1781486325000"
"Deal on ending the Iran war sends stocks soaring while oil prices fall","https://www.independent.co.uk/news/iran-bangkok-asia-strait-of-hormuz-donald-trump-b2995617.html","The Independent","UK","1781485980000"
"Deal on ending the Iran war sends stocks soaring while oil prices fall","https://apnews.com/article/stocks-markets-iran-trump-oil-musk-f2ee51f1b0686688b3e50068b4b71d70","Associated Press","Global","1781485200000"
"Crop Prices Drop as Hormuz Reopening Would Ease Farm Input Shock","https://www.bloomberg.com/news/articles/2026-06-15/crop-prices-drop-as-hormuz-reopening-would-ease-farm-input-shock","Bloomberg","Global","1781485200000"
"Treasuries Rally as Traders Trim Fed Hike Bets After Iran Deal","https://www.bloomberg.com/news/articles/2026-06-15/treasuries-rally-as-traders-trim-fed-hike-bets-after-iran-deal","Bloomberg","Global","1781485140000"
"Mark Levin: We are supporting the ‘liberation’ of the Iranian people","https://www.foxnews.com/video/6398421403112","Fox News","US","1781485131000"
"My vote has always been 'pro-no Iran becoming a nuclear power': Sen. John Fetterman","https://www.foxnews.com/video/6398422268112","Fox News","US","1781484980000"
"Iran World Cup coach says 'impacted' by politics but ignoring 'hype'","https://www.lemonde.fr/en/sports/article/2026/06/15/iran-world-cup-coach-says-impacted-by-politics-but-ignoring-hype_6754478_9.html","Le Monde","Europe","1781484888000"
"Live Q&A: What Comes Next After the US-Iran Deal to Reopen Hormuz","https://www.bloomberg.com/sessions/2026-06-14/live-q-amp-a-what-comes-next-after-the-us-iran-deal-to-reopen-hormuz","Bloomberg","Global","1781484726000"
"Watch Vanguard's Wang on Iran-US Deal Economic Impact","https://www.bloomberg.com/news/videos/2026-06-15/vanguard-s-wang-on-iran-us-deal-economic-impact-video","Bloomberg","Global","1781484707000"
"Stock markets soar, oil falls as US, Iran confirm deal to end war","https://www.aljazeera.com/economy/2026/6/15/stock-markets-soar-oil-falls-as-us-iran-confirm-deal-to-end-war","Al Jazeera","Arab","1781484608000"
"Van Orden praises ‘glorious’ US service members killed in Iran war","https://www.foxnews.com/video/6398421390112","Fox News","US","1781484577000"
"US and Iran Agree to Deal Strait of Hormuz to Open, More","https://www.bloomberg.com/news/audio/2026-06-15/us-and-iran-agree-to-deal-strait-of-hormuz-to-open-more","Bloomberg","Global","1781484494000"
"Live updates: US, Iran confirm peace deal, official signing on June 19","https://www.cgtn.com/special/Live-updates-US-Iran-confirm-peace-deal-official-signing-on-June-19.html","CGTN","China","1781484383000"
"World leaders welcome MoU that ends war imposed by US on Iran","https://www.presstv.ir/Detail/2026/06/15/770458/World-leaders-welcome-MoU-that-ends-war-imposed-by-US-on-Iran","Press TV","Iran","1781484360000"
"Iran’s Ghalenoei, Taremi decry US treatment before first World Cup game","https://www.aljazeera.com/sports/2026/6/15/irans-ghalenoei-taremi-decry-us-treatment-before-first-world-cup-game","Al Jazeera","Arab","1781484322000"
"New Zealand brush aside politics ahead of World Cup opener against Iran","https://www.reuters.com/sports/soccer/new-zealand-brush-aside-politics-ahead-world-cup-opener-against-iran-2026-06-15/","Reuters","Global","1781484240000"
"Xinhua News | U.S.-Iran deal reached, Strait of Hormuz to reopen","https://english.news.cn/20260615/5a2493bd750d494a864749bffb33f8d6/c.html","Xinhua","China","1781483177000"
"Iran World Cup coach says 'impacted' by politics but ignoring 'hype'","https://www.france24.com/en/live-news/20260615-iran-world-cup-coach-says-impacted-by-politics-but-ignoring-hype","France 24","Europe","1781483114000"
"Live Updates: War returns to Iran with Israel, US strikes","https://www.dawn.com/live/iran-israel-war","Dawn","Pakistan","1781482784000"
"Iran's World Cup experience is less joyful amid war with host US, team captain says before debut","https://apnews.com/article/iran-world-cup-challenges-ebddd27c7508e07f3291f8994105924e","Associated Press","Global","1781482740000"
"FIFA facing last-minute verdict on pre-revolutionary Iran flag ban at World Cup","https://www.nytimes.com/athletic/7360921/2026/06/14/iran-flags-ban-world-cup/","The New York Times","US","1781482740000"
"Israelis slam proposed US-Iran peace deal as a ‘Bad Deal,’ say it fails to address security concerns","https://nypost.com/2026/06/14/world-news/israelis-slam-us-iran-peace-deal-as-a-bad-deal/","New York Post","US","1781482740000"
"Iran's World Cup experience is less joyful amid war with host US, team captain says before debut","https://www.independent.co.uk/news/world/europe/iran-mehdi-taremi-inglewood-mexico-los-angeles-b2995612.html","The Independent","UK","1781482740000"
"Claims Israel’s Beirut strike pushed Trump on Iran announcement","https://www.aljazeera.com/video/newsfeed/2026/6/15/claims-israels-beirut-strike-pushed-trump-on-iran-announcement","Al Jazeera","Arab","1781482734000"
"US to release $12 billion in frozen Iranian assets under deal, Iranian media reports","https://www.timesofisrael.com/liveblog_entry/us-to-release-12-billion-in-frozen-iranian-assets-under-deal-iranian-media-reports/","The Times of Israel","Israel","1781482149000"
"Oil and gas supplies could take months to return to normal after Iran deal, energy experts say","https://www.independent.co.uk/news/oil-iran-new-york-strait-of-hormuz-investment-b2995608.html","The Independent","UK","1781481960000"
"Much could go wrong before Iran deal is signed: Ex-CIA station chief","https://www.foxnews.com/video/6398419764112","Fox News","US","1781481886000"
"Iran Deal to be Signed on Friday, Hormuz to Reopen, More","https://www.bloomberg.com/news/audio/2026-06-15/iran-deal-to-be-signed-on-friday-hormuz-to-reopen-more","Bloomberg","Global","1781481813000"
"Dollar hits 10-day low as US, Iran reach peace deal","https://www.reuters.com/world/asia-pacific/forex-dollar-hits-10-day-low-us-iran-reach-peace-deal-2026-06-15/","Reuters","Global","1781481780000"
"Gold gains over 1% after US, Iran reach peace deal","https://www.reuters.com/world/india/gold-gains-over-1-after-us-iran-reach-peace-deal-2026-06-15/","Reuters","Global","1781481720000"
"Watch AGSI's Roebuck: Iran-US conflict turns diplomatic","https://www.bloomberg.com/news/videos/2026-06-15/agsi-s-roebuck-on-us-iran-deal-video","Bloomberg","Global","1781481600000"
"Watch University of Chicago's Pape on the US-Iran Deal","https://www.bloomberg.com/news/videos/2026-06-15/university-of-chicago-s-pape-on-the-us-iran-deal-video","Bloomberg","Global","1781481600000"
"Xinhua News | Iran, U.S. agree on ceasefire on all fronts, lifting of naval blockade: Iranian deputy FM","https://news.google.com/rss/articles/CBMifEFVX3lxTE41Umpmb2xPWHB6MmFnZUJVclY2U3ZEU0l6elBmc0tnMlQ4ZDZLa19sdXRsQnNYTWhudHR0Y0s2eU12Qm16clZFcXRmWGc2Y1lNOGtFMEZLVlZ3eUdnVVdCcXpOUVNFb09kaHFzNXJUSjQzOEhoQTFwdmd3cGw?oc=5","Xinhua","China","1781491996000"
"Lebanese remain sceptical despite US-Iran ceasefire announcement","https://news.google.com/rss/articles/CBMitgFBVV95cUxPMTE1VWpFZ0I3Z2hKR0hpR2ZuUVNPck1QaGU0eFJtNTQ0TWctbWlyZGJ0Tk0xTUd5RWpQc3E0TWRPb3dZbEFwdFNqbjkybHM2YTJjNzBNazh4Y1VZczdZSS13X0NpdGI5RURCQk9EUHpQZ05TMnpEMjloV2RTTTk2ZWRmcXFiejFhaVNoZVJYNGV2THRqYkZXT21aNnBaVkhzNGJBS3JaZEk4TnRqNUs0UVpLNTBmdw?oc=5","Al Jazeera","Arab","1781490720000"
"Britain, France, Germany, Italy welcome U.S.-Iran peace deal, ready to lift sanctions","https://news.google.com/rss/articles/CBMihgFBVV95cUxQLXVWUXhjS25MM0V4TGt6aWxZeUdFYjl2RkMyYlk2d3FjOEo4MmRFc09ETWo0UHZsRWgtM1Rjc3pyNENOQ2NxRlFrc2R1YzYtRm01dUNDNzF4N2VTM19VUkNZWHQ1TE5jN1RwQzFROTh1VHVqc2dCQzNaMU5vLWFPdXVRdktXQQ?oc=5","Xinhua","China","1781490570000"
"Australian PM welcomes U.S.-Iran peace deal","https://news.google.com/rss/articles/CBMijAFBVV95cUxOcXZJRUNQQlgybXp3aEtBS0RJYmZfWG94dHRWQjZfb3VROGFMdnotVnRrV182cHRZN3l2WE42b196a3g5WE93NkhYanpkd0NORkxnc3RwbjlNYjM0bjJFNXBhS3U3aXVGbF9kal9ZQndkbnRPRW9qX2RPY0xsRmJLbUNKWXBEWjhadUFEOA?oc=5","Xinhua","China","1781490525000"
"US-Iran deal seems more of a ‘stopgap measure’","https://news.google.com/rss/articles/CBMihAFBVV95cUxOYkFXakkxMnFZR1NNeWE5dElvTTE0M2hYckpOcTVNcGhGenB2YjkydnlmUEhQTGoxZ2kySlpLaTlhb3p3R09ZRmoyRjFBU0JUeUxKMDUzLVJtSkpIM3VHSnN6aElkYXY2RXZFdEt6cmlKcURHcXlaWmdaam5FbWJibmZkV2vSAU5BVV95cUxNRlE5NXBKVXdjamM2YnN1U3VSclZLakJ5TnJyY3N5ZFM1V3QyM2x3ZjJZeFNGZmZoYkQ0YnRtamlPWGx4SDNTOFBHLXhwYkE?oc=5","Dawn","Pakistan","1781490148000"
"US-Iran Reach Interim Deal, Paves Way for Hormuz Reopening, More","https://news.google.com/rss/articles/CBMiqAFBVV95cUxPN3VJRkk1QnhHRGhLeFlHakpMRE9FREUxLU11ZGZYTnZPaElnMFBRZURnMF9kSnJydXF4MTlROFZCRkNWTWd4dzFrQU5UQkVHUmYwVGZFOC1BV0pWRW5FM1ZJQ0pCQmxJUUVZZ0FfRVF3Y2x2WG04U0Z2VzJ3czlobzBFeUtaNTNnMkd5RnBOZXpnbGgtVVBOMmNKbFBfQzc5ckhLX1kyWGI?oc=5","Bloomberg","Global","1781492478000"
"US-Iran Peace Deal May Keep Rally in India Stocks, Rupee Going","https://news.google.com/rss/articles/CBMiywFBVV95cUxNQTc4dFFvclp4U2t2T1VxQ05EdXNxXzBPS19pQ0ZVYTBoRmlVR2JQeEVnN2pXZWZ1eWE2WS1YRy1WU3UzTk9NV1BaRWUzWkg5N0d5LUxKM1ozR1U5LVlPUWtFZHEtQk1WaXJRdWhNN01qc2pOOHN5NUV0R3MxY0xOWUtERzF0eHZHOGNLUkVIaF82RHBEcVo3NmM0cW1ybFB4R1F5b3dZejhMYjRGNHZ3QkdpMTlqZGpWTUVXNzlOaUluWl9JNm9hYmRkOA?oc=5","Bloomberg","Global","1781491620000"
"Indian rupee, bonds to get a boost from Iran peace deal, eye Fed move","https://news.google.com/rss/articles/CBMiqAFBVV95cUxOQzRSMnlWcktIcVV1Wkd3dnVTdmZxTTlXaERvOENhaFB3N1FkUWxGMzFvRk9JZTFOQzZWeFlDX3JTY1hhYkJ1SEZYVXgtdmFJMU5FT0ZpVE9wSDUyRVl0dGI1MkFHOUFxVE45ZzVRRlh2NHZ1Y0xRakplQzdKS1dvcmdDN0hTcFk1Z3FRdUNVTVU1TklFQ2RKT0VTdW4yTXFUUU1GdHM4RmQ?oc=5","Reuters","Global","1781491209000"
"Shipowners Seek Clarity on Hormuz Deal as 600 Vessels Eye Exit","https://news.google.com/rss/articles/CBMiswFBVV95cUxOMVJfS3BoZFBQM0J5MHJjMzUzd3UwbDY3NUhvWGd6b2NZQzlLV1BlM29XWHkyZTVjQjg0VTNCMVgwN0NCWHM3UVBrVE5kSFNjdmRYQjM0UUdsaG9hREhOaVRyU1BGQmlrMGFJWFVVcENpbUJxc1hmX0JjdkwwTDJKc0k2LVZYLWtRMXkzSm9JVjkwNmdUemx6QUloeUJmS2pEcVhjTDRqT0ltcG8yYmJHRExBOA?oc=5","Bloomberg","Global","1781490960000"
"The Iranian leaders killed in Israeli-US war","https://news.google.com/rss/articles/CBMilgFBVV95cUxQSlRoX01LOGpLdm1MamlxR3ExWGhkUDdubkhiaHFadG9ydHljc1Z5ZFc1QlpNUktFcUpaUTBDU1ZMdk1UR1dTOFV5dFh3WUo1Y2RGa0F2X2otYjVCd0FGRUNJNURyMnNwRzZfVGFMMjRMaHVvOWswbnRjbkh1UWNPc0VPdW5LdGhRRWJ0ZUNuNEtEOUVSLWc?oc=5","France 24","Europe","1781490553000"
"Copper Pops Higher as US-Iran Agreement Puts Bulls in Charge","https://news.google.com/rss/articles/CBMivAFBVV95cUxQbUxYU0ZHbHVWTUN5clc2d0tMT0VzS2NadGloQ3RTMGpId0hOdWNIVnNkYXYtWjhmRk9GSVh4aElvVjB4cC0tSURodDdKN2VubUx2LUdYS3J1d3FseUlYOW9sV2xZdlBjSFR1Tngwakw0T2FuN1ZqMkJNZjcxajV3Z3NBaGduS1lOX0FGSjR6dUNFMnZPVDZINHBTZXZ4LWx3dG9pbktaVmlOcFpQU3NIbGtiZ2NXS1M0ZFVkVA?oc=5","Bloomberg","Global","1781489880000"
"Ghalibaf: ambitious 'public face' of post-Ali Khamenei Iran","https://news.google.com/rss/articles/CBMipgFBVV95cUxNaUs5ZzNoMm94cklPU1VPajNFRnJ0SDhCNjJVSk91N3pqbUl4VE9NdWxORHk2LU1XcV9qd2hRNUNjc0pTUG1WQXBfYk5ZRm5JZ2NraVdXWXNQVmZyVXhYLVR6UjFsNElOamF3aWxVUmtoTUFvRC1adTJ2TERTcmRTX3lnaHBUTFVId2szdmlsdHZGZHhEYmNZQXpSU1F3S1Q0b1NKd3dn?oc=5","France 24","Europe","1781489121000"
"Hormuz Reopening Would Offer Relief for Asia, but Economic Scars Will Remain","https://news.google.com/rss/articles/CBMidkFVX3lxTE1FWWk5UzJub243aVVpMHgxaDB5QzZremFJSVR1cnRnaDFkcWNDRUJZSWxseDZvcmM0ZUhoQ2ZDb2J3dTRVQ2lWYl9ta3ZLdUtuaGFQY3RSMlRvdkhnbndnT3ZmMUNJMWhjVUZQd0JNZTBjdUZVRGc?oc=5","The New York Times","US","1781492127000"
"Trump news at a glance: Fate of the strait of Hormuz unclear as president claims ‘toll-free opening’","https://news.google.com/rss/articles/CBMikgFBVV95cUxNd1dvYmhGbG43YWt4VnNiQmhDeGdacldLT2UwTnozR0xPZGVkdktmVFRCUVQxS19NY0otQm9ZdDhxcmttd200NUZRYlVnUWV3YjR0Z1hsUDZGNElTZldmcEE1M0tqVDJqZVFXUlMxTUdHTWtVeUJDd1BRQjRWZkFUQm9jbWI1M1dXQzBrY1F3VzBhdw?oc=5","The Guardian","UK","1781491540000"
"What do we know about the US-Iran peace deal – and what questions remain?","https://news.google.com/rss/articles/CBMi3gFBVV95cUxOc0Q5Nnc2RUxTakdhVU1GYVNyYnRka0dCQldEZGVPdWJpRk9wQnlRanlsOXoyMDhkV0dUMTZoN3dKOGtodUl4Zm1Oay13ZUUwdXBnOFlsNlo0bk9hcS1XZmxObkIzdTI2cXBnelF3amV1UDdJTVlFTjRKanN4OUNnWGtUTThyQ1pvcEs0QTd5ekRuMkZ4bDRCQmRIcHViWU03UGRlaE9LQzdkcVJZSk8za1FLZS1XUjZqNEx6ZVlTR1p0UEZVYWFRdnZpUzFfWUtDOXE3V2pFblBtUzlyUUE?oc=5","The Guardian","UK","1781490622000"
"BBC's Global Affairs correspondent on the US and Iran deal","https://news.google.com/rss/articles/CBMiV0FVX3lxTE5nV1JBUTFhQ1RiRmw2by1ESlpHSzZXbzVJN29SYXFMdzd0RDdfWDhVWk15bFpyaS1uZGpMZVJFOEdYU1QxVFlUUTBGbjItSWRiYmxNRVVQOA?oc=5","BBC","Global","1781493077000"
"Rupee poised to surge at open after Iran peace accord kindles inflow hopes","https://news.google.com/rss/articles/CBMitwFBVV95cUxOcVR4ckdycm55eUZkQ0RkZ1BhVC10VE9kanZ3cU9heUtNVmxhM0d3QXlPd0JTRVhGak9kcHdLZFlQTXNBQ21jV0VYSFN3V3p1cFVUd2tZR2VJZkF3U0NQdEw0Nm9OY0JSMzNSYUVvSVBvTXF6ckVqcktUVkZDTU5oZVlkY2V6Y1NCZWpYUVhDOEFPZmJTbkFjRERUM095U2tsaE10VU1DU01pRERhSkNJdENXRG5KNEk?oc=5","Reuters","Global","1781492460000"
"Breakthrough U.S.-Iran peace deal opens path to lasting regional stability","https://news.google.com/rss/articles/CBMifEFVX3lxTE1iLTFVODRPeFRUNVNOSlFFLTN3ak8zb1QtdEVsMmRpaVB4Wi02aVB1aTdiSWRET3NzOXRuQkYyeElTSVJXQWtWRWx3bDB5X1R4NDJCWDRhWTJYYjk5UFJiZjQxM09CcHNZcVpLUzBXM0FpTnFGMzBKbF9sSlo?oc=5","Xinhua","China","1781493916000"
"The Iran war has bent the world's metals industry out of shape","https://news.google.com/rss/articles/CBMivgFBVV95cUxOZzduM1NON3d3U3ZCUlVENXEtcWkxZkk1QXNJN0ZaRkN6S2J3NlY0NEhNanYzM3l0ajRiODk4dWFfRWFrS0FHSlpvU0tUOXNKQVY5TnZBT21YLW1VSEg4NFZEb0tHTVZVRzBQVmNaTUhvM1VVbXdvTXpEYTlPaDlheS0yOG1vZ2pnVGxWVWg3UW1sRWNQYThjT3dFVnA1QzI4d05YblduTFBiQVZ4QWRVZ3AtcWVLWVF0VlVPM0hB?oc=5","The National","Arab","1781492976000"
"Live Updates: Latest from Israel, Iran, and Middle East","https://news.google.com/rss/articles/CBMif0FVX3lxTE5MbjZ2T25XX2pYNnpYM0ozamdvaVplMzZjSnBvcVJBNHJvY183MWpFX05qd04yY21nUURDUzhiVTI4U1NFZnhkQUpSRkJMRE5DVXlSQjNBV2FpTGpETWJlZG1pTlpEenlwUEQ0RldnZ2JJUU0tV2dnVVVZZnhkYmM?oc=5","The Jerusalem Post","Israel","1781492405000"
"As Netanyahu Tries to Hold Off U.S.-Iran Deal, His Relations With Trump Worsen","https://news.google.com/rss/articles/CBMinAJBVV95cUxOcHhBTmw5Q2FLZ09fSUFtMmtrX3JOVjYxMXV2NmJoNFl6bVhoTTN3Wkd1NEpMSmtoUWdmREVpUDVKQ19wNXhHaXh2ZXJCTEM1S015LUp2NjhWNWxWdlpBbGh3MUo2QmNzNFVqMkYybmZYM1hMR0hLUW92S05NcFpuNDFrXzJacGdCZDVmeGNwd0tRQVV5bFhPQXd2T2VNc3RSTWlUcjNnQmpOeHpYd1kxcDJmRmx1U0hrcGtGcmhJYU9hM0VhTjJDRWVVZkJoakxxbU1KUXdhdUprVlpDdEd5enpNSW9xUzFfQ2xHUkU0ZlBKWFhLUExZZXAtQmJNX0NiRFFHVmo0cmw4ZDFDX0dsWHVaTW9QU1pXZFgzUg?oc=5","Haaretz","Israel","1781492280000"
"E4 countries welcome US-Iran peace deal, ready to lift sanctions","https://news.google.com/rss/articles/CBMivAFBVV95cUxQbHI1eG54Qm50UzVZamNyS1ZmUl9JZXU0bXNOcnljQmR5bExLb3V6VzBjbHgwbUVOcmlxcWZxdll6NFpOZGxXbmJNUU10OXpFZmVSMDRQRmx1VFE3N29Obzh1c2NUQTFQcENtaWtUYTRjRDBJX3hIN3hfcjViVGk2ZGVONGducTEybFBlLWFHdWU5a3F2eHotY2JYdmdYcDlTWHpGcExldXNOdGtvdElKMG5lZG1MMUhiTHVQdA?oc=5","CGTN","China","1781491965000"
"Iran World Cup coach says ‘impacted’ by politics but ignoring ‘hype’","https://news.google.com/rss/articles/CBMiVkFVX3lxTE0xd2lldXk1TGQ2eHRvZDJaTm5YNW1vVUFhU3NEc19MZ3FmR2EtUzVBSm8xTGZUREZfa3BCUGVoRjNnWjh5VDBjQXNOWUpTQTBtSENVZnlB?oc=5","Arab News","Arab","1781493964000"
"Can pave the way for the recovery of the world economy': Germany joins others in welcoming US-Iran agreement","https://news.google.com/rss/articles/CBMi1wFBVV95cUxONHRZbjFELW00Z0M2alJtRmE5Z2pVQms2c0hEcGpHTGRtbVVUaVVXcktIeEUtTGZPZVZ5LVRoSXlNaUxBSFBHdlp2YjdEbFo2a1N3WERieXJSWWY4Z3ZwTjJxYTVuTWZVRkRVOU1IX2pDUktSTkdpelFISEdKYWRnNDcxSWNwN0tqRVdDOVRnd2FiazRUcDZVN2dsYVh4bWhHQk1hSmVxNTFMb1dZX3hETVdpa1podDk5QUxYd2s0bktvS0FrWW91eUNGd21mZmNwUkNZZ0NIaw?oc=5","Dawn","Pakistan","1781492965000"
"Asian stocks soar with ‘risk on’ rally after US-Iran peace deal","https://news.google.com/rss/articles/CBMicEFVX3lxTE5EMkdjcjQxS1dVZFNIcUxsSWd4NkdvUVBSTVVXY2tqZ2IwWi01UnhxMDR0a1hQcmFLY1FId1pMVW5Lbm13WG5NaTA1UTEySUV4Zk5BUzhhQUpGemg0dXVqSzVJV1JiR3pubE0yNm9Jclo?oc=5","Financial Times","Global","1781496025000"
"Israeli military strikes Beirut suburbs in the lead-up to anticipated US-Iran deal","https://news.google.com/rss/articles/CBMi1wFBVV95cUxPR3lHYlhuVDlfckQ1MWFyc3ZWRjRpY1pQN0NJVkJWcHZ4OXJrRnE0ellrSUl1RktoZy1SQ09rR3p5ZHQ0SzRiSk03SUlWVjBJNGpQUlVDY1hlcTZ5cm9OenFMcWtJYk9OMVVIaDVZTFJpOGZfSzZrNnhFTmwtV3llLXZ1STdKaFpnSTFBX21XQ3p1VldTeElpM1FkNWFvYlVISkw3ZnNkaVJmZ3ZOLVlPY3BuQW8waTdVYm5BeG5sOFVLS3N0OTY1bm5jaFNEU0tMbGpQV0NJbw?oc=5","Associated Press","Global","1781495520000"
"France hosts G7 dominated by Trump, Iran","https://news.google.com/rss/articles/CBMijwFBVV95cUxPT281bGVWR0MxS2RKNWRiOVo5UGlhaDBvc1cyLXdZSnNZVEdQV1FDenYtN3lGUWdMUkd5LWVnazQ5WWI0R0hUVmxoNy1La3RIS3pUU3JPOVBadEVrNjBHM1hCRjJuM1JGLWlWOXZOdDdDRjJSNnRBc2NPanJBU2NoemtQWWtiUHEyVU1tZHMzVQ?oc=5","France 24","Europe","1781495237000"
"Stocks surge, oil tumbles after news of Iran-US deal","https://news.google.com/rss/articles/CBMiZ0FVX3lxTE4xZy15cDRnSGxLQ1pPR1I1UVdOZXg1eGdyUjVZVTlvUlBudExLczJnYkN5bENKLXNpYmw2Zm1uVGtIZ0N2TUVodDJpa0l2OW02cC1pS3hZY0J2X2RYN21Dbi1Ub08wRVU?oc=5","Reuters","Global","1781495182000"
"US-Iran Agree to Deal, Hormuz Set to Reopen, More","https://news.google.com/rss/articles/CBMimwFBVV95cUxOengzYzB6c0gxSVMxNmR3LTdCSHh0WXBHZXhLa0tJN3M1YUJ4OHdVSUpfOHRsSjZPNWVNcTZ1OFhiOWFBUWdadnh2MF83UUQtV0tyckprQ2ZHTTdQZHdRWGdITXhibDUwLUtZWWJMVjV5ZEhnTFpQNlBXZ3N3cUV5Q2VGOC1HTHNVZ2t0LUYyMnlXdm9USi05YW1jMA?oc=5","Bloomberg","Global","1781494741000"
"Crude prices plunge, stocks surge on US-Iran peace deal","https://news.google.com/rss/articles/CBMiowFBVV95cUxObEZ3Sm9ocWtyZlpmakNUNFQ2QmZEaU1aU1J3VXR4REJIZTY1aVZwWUFoOE04RTJ2QV9JRUh4TTlIWVdMMXRnVDlJM01qSUF4Z01xeG5ueGltZVdXQXhZUk5neWVwOTlHU19CWU9uZWRteHVlMmJTOHNWMDFaWjJJQWpCUUFRQ0VVUG1KLXFGMUZxTzRZUTBPbGhkMXRIR3d5WVEw?oc=5","France 24","Europe","1781493673000"
"The true test of Trump’s Iran agreement will come only if the fighting stops","https://news.google.com/rss/articles/CBMikwFBVV95cUxNUjB3V3hKSnlsYWt3aTBJdDJaZUJJa0tjMlYxVkIzd3NqSDJTa0NLZlNUeHBxWHk5OEhGNkdRS0dzdm5FbWxndm01WUx3UDkxc2w1eEtEWlBleU5halExa3ExWnI2eEhVVFFHZVc0QXhXT2VZREtRTG8tc2hCbHFBWEhBaUJzRF9DVTNhRXFPbUR1ams?oc=5","CNN","US","1781496007000"
"Transcript: US, Iran agree ceasefire deal as Trump heads to G7 summit","https://news.google.com/rss/articles/CBMicEFVX3lxTE9NSjlnSlM1ZVhfWUkwQjY5N285OW1ldU5LSUR5b1lVcEZVOXlWVWtuZlFTQ0NaVE5nYkJzZEd2dXp6Sjh1RlFkUGhrR0VIUTZ6ZF9icGJwckF4b1RIVHVnWDNzcDJ5dGE0b1VqRHkxRzM?oc=5","Financial Times","Global","1781497238000"
"G7 leaders meet in France after U.S. and Iran declare agreement to end war","https://news.google.com/rss/articles/CBMirwFBVV95cUxPSGtVRXdXck12Y2VTLVJSaTBZOHBwcElNZWE4SGs3TS1OeEh0QVhsQTM3cjE3S2JuQktheXJxQzhob3F2c0xJakRBeld1TElLaTg5OUFoYlEyMDVWaWdWWENMbE1QVUd2NDUxZWFJN1VISE5sdk9CZXFyYmhWSFBZTW1zbXRGOUF0MzREYk5NLXNqNllIWkhlMENVZ2NfSlZmc2I2dTUtMjBmTm5wWTdF?oc=5","Reuters","Global","1781496180000"
"Trump heads to G7 summit with wind at his back after announcing agreement aimed at ending Iran war","https://news.google.com/rss/articles/CBMikgFBVV95cUxOSnFWNXBOU2RxYjZkSTBuTjVWdmtySDQ4YU5IODFVeHM2aVNyUVJVYURrQlczOGFiQnluOTlZeV9MUzZ5Mk1DWmpzUURoc0QtWE1ERkJpX2hMTEM5X3ZzNzRrWjNGZVhFT2hDRnpBZHhqbVVOWHMyRlJCUWpNLWs1SGU4aUZhNEsxWlZIZS1qM1oyUQ?oc=5","Associated Press","Global","1781496060000"
"US, Iran agree ceasefire deal as Trump heads to G7 summit","https://news.google.com/rss/articles/CBMicEFVX3lxTE1CM0pQZDJGSmx0SUxjMXdHSUw1Y1FNRlBxRnc4T0pldkdOdVRFcDMtdEdSLU9pQU1QaWc2a1JVMklBZ3ItY3VuU2lzeC1TWTFDU29IaWZDUWpUdlhtZzRJdEpiSkFFemJBVWk2U2FaYWE?oc=5","Financial Times","Global","1781496000000"
"More Bank of England Officials Set to Back Hikes as Iran War Frays Unity","https://news.google.com/rss/articles/CBMiwAFBVV95cUxOa3hJWnV3N0ZYdXB4QXVnSkZiTUVJTzVOZ0Q2MXZnTzRfSVloS3BFbjl4Z3lfSkRJQnQyRGxrcmx6STRGZkxONkR5dG9oMDMyb05GOTduSVZWRmFVQmMtTE5NUWVpeVpUd2JRT05sUEEyVzk0cFZIT1doWk9VbXdMMkp6eWYtd3VRN2FZcE95NHh2eW9ydTlqTDY4ek15RWtfd3dmMDJYSjByaW9Tb1BkZUFvb0xsdFRVbzNYYkprSTc?oc=5","Bloomberg","Global","1781496000000"
"Iran's World Cup opener in Los Angeles comes as US declares peace with Tehran","https://news.google.com/rss/articles/CBMisAFBVV95cUxQd3htOTNSbmthSlpHVFNLQVN4ZFhrVmwzWGtEc3hfREhYZ1FLX0NYUW1UUlotd3hZQ2I2YkRBZXNkdEVobllnQTYwQ01pVzJmRFk3SUJrYUpmcldCaWp3QVZ4NnhNRG5BX05VTGtydEIyU3NMQWxlMjZfRk9ZR0x1MlRORzdGTC1ET0xfbVMwYlNOX0ZjeC1OckpxbDVIUHFMX3ozYktlS0NKc1o0djV6ZA?oc=5","The National","Arab","1781496818000"
"A Tentative Deal is Reached to End the Iran War and Trump Orders a Stop to the US Naval Blockade","https://news.google.com/rss/articles/CBMitwFBVV95cUxPTkJ0VWw5WE0wLWNnQ01GMDk5d1NfcTU5dHlMYjIxSE81WEhXRWRwY0VIMEFsUXVaWHFleEJfeldHOFdWSW04WTVId1ROVTVOeGpBZy0yMU5GV2pEUmVMVDBjSXJKMmxBcS1SSjJkSWU0U2l5NDFaWV9NNHZUaVRISG1oS3I5dlM4ZmxkcHBRU0pCM3dIRjNQR21uaEEtQUZNRFRtcTA3eVFmR0ppbTI2N2pqZjhBcUE?oc=5","Asharq Al-Awsat","Arab","1781496255000"
"Iran team arrives in the US for World Cup opener as peace deal draws attention","https://news.google.com/rss/articles/CBMiqgFBVV95cUxPVEEyZHZnMVFCTkpyeExDbkxfc3oxNFk4RFV2QVp6ZmZuVElIUmpNZlJ4TmNtaDgtR3oyRV9kMkxSVW5xZVBrMGdRWmZNTldpYXRCWWlUcjNaQnBXMkQ5VHZ0Y2RMeU9QYW9RbW9HTHJHazdsWmxhUGZvU2k4MkJDWi1KODRFOGJhZVhxUmhTalRvclJMUmtuR2cwc0pZRFNGZFVnc2lUQXA3QQ?oc=5","CGTN","China","1781496095000"
"3 killed in Israeli strike on Beirut before US-Iran deal announced","https://news.google.com/rss/articles/CBMiwAFBVV95cUxPZEp1QVVJVmtwY1ZFeEk3aUZxNlBMdnN1VEZRc2lkT0dXVm92aVF4ejVjb0EycGVqTVBnWWUyU0NhMU01V3h6RE5wUmxFN1N4bnVRV19FZl9KZlJjcGVGMnBwMHNSU2xnR3J3UXRySmd1dUlNZmpZX09iMV92MEIydW5FN19vVlpKWUVKRHo5eXR5cWhaZ2VJaVFTb2ZPa1N6dWk1Z0hid1hLdk90eWtUeEFiTHdtdlhnRFJrdUNFbjE?oc=5","CGTN","China","1781495080000"
"Trump sought to break Iran’s regime. He settled for reopening Hormuz.","https://news.google.com/rss/articles/CBMirwFBVV95cUxQUjdLeFFxZkF6VnpSc2IzdjRRaWtJOFRHRkc0M2JZOHJQRW5sOGZpZTJITlU5S09sMDR1Q2VQaFJGUUhDQnFxczkwVjVPZGJMdnZTcXFtRlJaZ0FDanlMckRfWXlTSHlOVmxMVlA3STNiMm1XbVZJOTBiSlZXcDdWUVJFUjZKQ2xfZ000YjNZaWNDU0t3cUZlcFcxMUgxV09VWmhOVmJ0eE9hS0l2djhJ?oc=5","The Washington Post","US","1781497518000"
"Asian shares surge and oil prices fall as US and Iran near deal to end Mideast war","https://news.google.com/rss/articles/CBMiowFBVV95cUxNTzFZWUc4U0J3MXNPZHFTbXhaY28yNy1hUmN2bXBxRVlFRXJZYnJMM3JTM1N4MVd4dnNHdlpacmtNcHN1RXczZGx0RXRHZldhOFB6M1lqV3pWSzZrb081RmEzU3BCMmVUejZWUUgtRVMtdHR2aGU1OFkzZWFyM0R2VGl6QzMxeFVWMDByYTItNU9Ld1d4bk9tb2JVRkxSdkhfWUNv?oc=5","The Independent","UK","1781497260000"
"Trump heads to G7 summit with wind at his back after announcing agreement aimed at ending Iran war","https://news.google.com/rss/articles/CBMiwgFBVV95cUxOYUdXd3dyUmlhNmk5dFo3TkRkX3dmV1lDbHF5MmJYN2h4NEVsU1ZGWHRndmFUSXFpb01sTWpld1p6YWl1UThDb0dNNlF6enRCSE8wZWlxMktsOHd0elQ1VU1EMF9RT21wZHFqWmVJdGsyeDJlYjNfU1F4U1U1TmdIbGx2aGUzVnlTLVVEandGdmE5enRSZGxGaVpGNTlXaUh5ZXNPbUNCQUk4U2U5TWgwTFpkanZldk9Lek5DYkZGd3VKQQ?oc=5","The Washington Post","US","1781496919000"
"Why is Iran’s best player Sardar Azmoun not at the World Cup?","https://news.google.com/rss/articles/CBMiiAFBVV95cUxOOVpPRFR2WlEyTG1GTWR5VVRBS042Q0tkNFZWQVViVmxiQU1EWnl3SVdSN0U5YVlLUHZfeC1MZ3VSbnlLTDBxdng3U0VCUERsT3JvaDBrMkdQaUNLUGFGTVNWNEFLZEswa2h4WTJfQkJaWE82SVhQQkRiNUNlUUVzemJZZXVxdU5r?oc=5","The New York Times","US","1781496651000"
"Oil prices tumble amid hopes strait of Hormuz will soon reopen","https://news.google.com/rss/articles/CBMitwFBVV95cUxNeXp6QmltYmFGTDliSTBXRWtKdi1MTVhweXpyLUF5QUFWcjFqRk9OVHN0VnVhRnJscElYbTZBWXQ0c19RWXM1U2htZWJnelIydWpmaGpvTHdBLXhIdVBVVjg0ck4yQTRrQnNfQjhBeGhUaGtVeTZlaWZlTzRFM3Qyd24zdUxoVDN5dXpCOUJvdmJGQ3ZEdF9NNEplWnBPYWlLUmpiazRCekhmb1VBZ3FXU2hOaENiUm8?oc=5","The Guardian","UK","1781496360000"
"Iran condemns Israel's attack on Dahieh district near Lebanon's capital","https://news.google.com/rss/articles/CBMifEFVX3lxTE8xTDNYcHZXbV9MNjZtZVM1WmMwVGRfUFhRcVV6RjgzWGxTNnFzTTFiMmVFcUpNdmZKNEU5QTJWWnlPeC1TYkZIcE1RYnNuci1GYnpQb3MwOEtLSGJjYXNfVXgyamUwODg0M0ZxNHQ0dEZhaS1LWlk2cE1qOUY?oc=5","Xinhua","China","1781499480000"
"What to Know about a Possible Deal to End the Iran War","https://news.google.com/rss/articles/CBMiiwFBVV95cUxObkxvWFVtallEcWd1OHhzaXRTOVNFTkQtOVN2Zm1KOTFnbmt2U3kwTG9HSmF3dDJkQ01JOXpnRzN6TzlSV0xNanNXQjhrOHdrMFNBUi1sOXpfZDU3SU9GNEZLMVRwZHEzOW1PYV9VRklkMlpUOTljUVRvZTFmMWFKUkt2dkZLUElfV2Iw?oc=5","Asharq Al-Awsat","Arab","1781499420000"
"Oil Slips $4 as US, Iran Reach Peace Deal to Reopen Strait of Hormuz","https://news.google.com/rss/articles/CBMiowFBVV95cUxPeVZlbG1HT21uXzdfbEFILXFoVnRQenZTeWxSdFVwREVJM21OY05PcW92N1FvamN0WWlNRkFyYVlrc2RpeG51ZHJNbTlPNDhmOWIwclM5TVJwWTIwQWFUQ2FaR2szMmk0UDFyNTdZbUVNVXNvOWFnV0ZqeWNaMjFMSVNmSFpacVFPRjN6Q3ZGWUpqNGJMUnp0UnRsUzlMbV85TkpN?oc=5","Asharq Al-Awsat","Arab","1781499154000"
"G7 Leaders Meet in France after US and Iran Declare Agreement to End War","https://news.google.com/rss/articles/CBMiqwFBVV95cUxPNVljUlphOXMyZi15RUl2cE14RHdYU2lKbDBJR3czRTA3T21WeUc2Y2x0eDVhSXBYUUVUdjRuTGN6SGZkeDhWenhReUtJQ0J1UTVhbldKc3dCaThrNW5zc1d6blZwNHhOUzFsaUFCQUVqVFIzczhHUjJfRWlldXE1VUp1d21MbnBvZVRjR0hEN2tXZmh4bHhWSndocTFFUXM2T2F4bVkzc2JTR1U?oc=5","Asharq Al-Awsat","Arab","1781499106000"
"The Mirage of Peace: Why the Reported US-Iran Deal is a Nightmare for Israel","https://news.google.com/rss/articles/CBMirAFBVV95cUxOU19wU0t3b1pwUVUxTDcxakxTSmZrYy1IbVplTDNEcW1Ua2wyTjV0a2ltLW1PSkFmdmVwdzdaTDdWM0tMcFl3Skk3alN6OHZzemhNU3p0UnZIQklDYXFfMlNsZUZZemkzYk1lM0EweUlPWDNCek1xT1BQajRUTlpSaTZnMm8zRFJFSUFWSWl1Y3NkX29sVE5wR2w5ckRSbko1b04xRThRSVlkTlYt?oc=5","The Times of Israel","Israel","1781498820000"
"Iran Is Playing Chess, Israel Is Playing Checkers and America Owns the Board","https://news.google.com/rss/articles/CBMikAJBVV95cUxNX2ZyQkxlcW92aElLLTlxOUVUck10dURTYTRLaFozdk9OcjlJbGhidFVXd3JRU0NGQVpjWlNUTHQxQWZCNmtNMHBiay05OHdQOUZ0QUkzMm5XRTRkbEN4OThycnBrT05ZbVBoSXExUmZ1THlPSkNXSWx0NEJpUlpoRldvemFVb0RrUW5ZNnl0a0pXd2M2by1xWmJZbktxdFMzOXhMZDlWMUhZNWFRN2x0cno2UU9ISTNJNXF6TU9fTlRHa1huTTRYZE5XbUNsamVIbnd5SXc0S3hIZVdYN2ZLdm5GSU9TZ1RLSThxR2tFY2tRYnR4RUQyR3ZZVlZfTTNSTFJob3BLS0lNTTBGdDFBTw?oc=5","Haaretz","Israel","1781498400000"
"The US-Iran deal: A lasting peace or a temporary reprieve?","https://news.google.com/rss/articles/CBMitAFBVV95cUxPRkMyU1Y1bnhZTkxsc1BZSHBsMDNsMFprTUJKTHpzVzRlUUZSX2R2XzltZlB2OFNOamFlWWhKZl9SLTZ0WkJYaUprX2s3Q2c2RVNFTUtaTkFJQjF2czVZMlpRaDRQYXZLTXdOVGttMTZKM1c5VWtGSzNzU01MSFhsOWlaNEtFSGtHWk1JM2luS0JRaVBONWhYZzJSLXEzVjRCWXpuRDI5SlloaWlwb2IwN2FFa1I?oc=5","CGTN","China","1781498179000"
"Dollar hits 10-day low as US and Iran reach deal","https://news.google.com/rss/articles/CBMimgFBVV95cUxQbVlFekM0RWhvdlU4NjZGNmgxNWUyeEtJRm5ZakY4aTk0S0JncGNieWdxd196UnI2dGlKQmZscHcxenZ3TFNic0RFMkZaS0s3d3FGdFB6b2RqM203RFRfVnB1QXBCRmFNOE8wUGFxTnlCaE1wVzJVVTMzaXROVDVRY3E3d2Zzd0htR214N3Z5VnpObVJHZkl1OWR3?oc=5","The Times of Israel","Israel","1781498050000"
"G7 leaders meet in France after US and Iran declare agreement to end war","https://news.google.com/rss/articles/CBMiVkFVX3lxTFBrUGJwWUxVUE1mTC1JTVluT2NBS1VuVHN0REVnaTE4WXpWVHU1aW8xeXBaUWU2NkhCZ3JSZ3RDbXZ0RlZBMnRHcEE3UjRkbzRwS2RLMGNn?oc=5","Arab News","Arab","1781496597000"
"Strait of Hormuz: What the US-Iran Interim Peace Deal Means for Oil and Shipping","https://news.google.com/rss/articles/CBMiygFBVV95cUxQdHRmNWg1aTJmMzUtbzA2X3dhNVhES1pYMDlHQlRxcXZLUklJVEE3WV9CUU83eFpWT25oZk10TFJTY0NUU3FOVl9YNGYtNDV0UnVGUXNLTERmSjVOWVBfODJReEdRWlo0NnBpN3RxRk94VUNxbFlCVi1NU29Xci1QaHVxSGhIbFFKajh2a3EzR05XbWFQc0c2NlFIRjhUVTdGOHFSd0xlczMxS2sya09GOGtsaHo0UzExWVJ4N2dpdk1ZWUNHNmxpMmVB?oc=5","Bloomberg","Global","1781499795000"
"A history of Iran’s nuclear program and tensions with the US as an interim deal is reached","https://news.google.com/rss/articles/CBMinAFBVV95cUxQa1djVzlLNHlZSl9vTTQ0M1drdlV5Y0F0Zm9KN0o1dmNUaklWTFQ0WWxrVGZHX0k5SzM2ZDYtTGt3bHJSVWxucWd1Zmc2QThHdDFSS0htMmowbk9tTzlhMUlyTzRjZnhVZHZZMFZIckhZYk9hTlNvQy1fdng1cXZkTHE4RlFWYVRwS2Y3V1lFVU1mbldGX09SU2hCMFE?oc=5","Associated Press","Global","1781499180000"
"Energy experts warn of slow oil supply recovery after Iran deal","https://news.google.com/rss/articles/CBMitwFBVV95cUxOUDNuQ05xdjFKUldOem1OcVRpMXFIalZIS2dpOU9FVlVoTTF4Z2pKalkxaXdjY3hqVk5KMVlLSzRfLXh2X0JtZ0xkNjFpYkVjWGo0SjExdEFwRGZOWFVWLW9WczFqZ2NPTWxmalJEUWE0Wi1XZEgxRWVtdHV3c0RrZ0ctMk1OYnVkbmpIbzV0T1BjWFhiY2RSNXdhR3RsLUZHeUd0SGsxTHM3MDZ0RDgzTmFsTTc1R2c?oc=5","Euronews","Europe","1781499110000"
"US and Iran agree peace deal","https://news.google.com/rss/articles/CBMiUEFVX3lxTE8yZmFLOWJaejVET1FzcDhLX1o5MnluR01UdzlGa0J4ZjFMa2hVU3NUZzdIblBKQWxkOXBuV3I1RzhrNVhkVlpTcEsyb1FHTHB4?oc=5","BBC","Global","1781498414000"
"Iranian Americans plan protests and watch parties ahead of team’s World Cup opener","https://news.google.com/rss/articles/CBMiigFBVV95cUxQRFhnM0dBbExwd2Z5dlM2NzNySzdVNEFmcC1xWE5XWDd0TWxxejBpS3NEYUJNRC11SWRHZW50cTMwMmxPY1FGLUlHMzdlQ2h1YTZkSGhBb1hVSnJuSUZrRGhfSHJiR3NyZV8yUUNnZHZpcXZQR3QxWlRsZ054alBadHRPOFJfVWpjTVE?oc=5","Associated Press","Global","1781498280000"
"The Iran war has reached a tragic new phase: the fear, killing and upheaval are all normalised | Nesrine Malik","https://news.google.com/rss/articles/CBMiqAFBVV95cUxPcDRDLURMVkRkMnZmQUxadXpLNTZrWXVjM05hcF81TVNVRDlWZ1hLRS1sMHNOMmNJcGpKYk1aRndKS0o4NWU0QThhb2VyZmlQWnh1bU5CUEU0d0t6ZDN5ZzVqU2NwMXhYUGEtOE9qSUVoWHhaRUt0VDlCdHc2Y1J1TUYyNnBoSFpBdUc5ekRoT19lb00tS3pOT2t5T01MMFREa1VnRk1ISVo?oc=5","The Guardian","UK","1781499600000"
"Iranian Americans plan protests and watch parties ahead of team's World Cup opener","https://news.google.com/rss/articles/CBMiuwFBVV95cUxQdm5qNzJZM1pPZHFLZnVGWHFUOUxvSTVxTlRUd1ZMMGhwTkVXN0lSckkyN1h3T1RnOEhjQ0hEUWx3TWtDT1hIUGFZRkxNZUpBdG5yZmhRSV9BZGVqRGVkejBmNnFVUW1QMzlhX0M5MlVXYXJUVGpvTVVvMEtFYktfVTZRRUdNaVd5OW5WNEdrNVBMdTh0aWV5VWVJbS1XUkh2cXJ1ZHNiaW4yNG1JTWxHcGpfOEhBdEJSX0pn?oc=5","The Washington Post","US","1781499198000"
"Trump wuxuu ku dhawaaqay heshiiska Iran laakiin su'aalaha - iyo khataraha - ayaa weli taagan","https://news.google.com/rss/articles/CBMiXEFVX3lxTE5vSWJGYUc3TUxfTTdIMllBb1VIVFg0WkJZMXVxMnpud3E0S3NQWVlvejdUUVhxTTdfRXhna3MyRWt1VHFPS0ZVVjhrb2FlWHlvZ3gzZ3RnVUw1Q3dH0gFiQVVfeXFMTWtxYkdvWnVMWnU2WXduSXllWlJ2RkhRc3NLX1p2TkJ0cTVlMWpCZW4zQmpVR1RKMlJDREpUTDZ3ZlNGNm40d3gzWGFla1pFU0EyaDNuVnFscTNZalNJRnE1NkE?oc=5","BBC","Global","1781500259000"
"How Iran became the World Cup’s biggest nightmare","https://news.google.com/rss/articles/CBMinwFBVV95cUxPRVA5WFRvUEJHb3MzQW9jMHdRM1ZRbk1jai12Tk0tang5ZXoyUWQwRjZqenQ5NXhseWw2UFZOTlZMRGxHYm1iS2diTVFFbjhQNnRyb3ZhQmdjRERDUVA5Y1ZkZmJQaGJZTEROLXRHYkYweUloM3NJemY1cmdINFVPbk9yMk10NFc0aUVkeFhqekRDa0VCSWlMa2ZCaTd2Tkk?oc=5","The Telegraph","UK","1781500200000"
"Iran says MoU with U.S. finalized, war stops on all fronts","https://news.google.com/rss/articles/CBMifEFVX3lxTE5vUVhGdW5JMlRFQWRoMHI3Y3A5RExsSWozUUZKYW5weXBUeFVmamFwLWtTRUpFcFg4aDNvRmRIdlFqMXJ2YzA0MVBtX0ZSazg0U2U4Z2VHVjNwbUE5MWg3Nmt5UWhaX1VxZWdqUXMwNEJ4S0FXUkVRUGxzcjQ?oc=5","Xinhua","China","1781501025000"
"Trump Turns 80 with Cage Fight, Iran Deal","https://news.google.com/rss/articles/CBMiggFBVV95cUxNbHVLRXpyWUU4Qm5fdEVTWEltb1Iwa1JSUExOa1VyUjAzbjRDejhJVlZ4YVBWdUlkZEtaZjhPOFBlaTJzVDZyS0ZHcWRiRXVlUWhCN1RXT21rRC12MlF1VWVnNUVKSG40cTZlMUQ5V0hhdHRIeVEzeUtYdmpkUWRTVGFR?oc=5","Asharq Al-Awsat","Arab","1781500863000"
"Iran face NZ in politically charged opener","https://news.google.com/rss/articles/CBMiSEFVX3lxTE5pNVVJN3p1MHBOZjZGbTUzNDJyOHVuWjFtMUVIaVd1X0cyLXBOcVpCUjloZDJ5Wl9Ca3VmSXJBWFR5bEU5LTl1M9IBTkFVX3lxTE5WaG5aQjkxNnpTSTdrUjM1THdmNDRRSDEtSU14aWloRTNQMTQtdkhzYzdjNVhnUTE5MFFETmhDRV82R2VabDhjbXdlUllKZw?oc=5","Dawn","Pakistan","1781500494000"
"The Iranian Leaders Killed in Israeli-US War","https://news.google.com/rss/articles/CBMihAFBVV95cUxPamdPeWMtZXZUTmlCMUJjSlBGRkpqZG1vcjdvRlNhZzNSdDVfaWVTUWZJSHgyblpCWVZ2NkJiQlZvUjE0RVZrUlVFNUktcXhTX3N5RTNHclQyVUlLaGhZUUlHNzRDcnpHbGNIR252N0pCNlU1TUxrUG4tWUI3clVmVm1qYzY?oc=5","Asharq Al-Awsat","Arab","1781500191000"
"Gold Extends Gains After US, Iran Reach Peace Deal","https://news.google.com/rss/articles/CBMimAFBVV95cUxQUV9sYXNfLV9xX3F2UWdfUGtPMG1YbUdQLUZ0VG1VSFJEOFZ3Q25vODJfemdtNUlRUjg4ZDJvblRRT1JPbHJKLXFSaDU4OWp1N1pjdU9SU1F6ajZCeWpZZFJlcExFUzVUNGpkQUlUdzUxZnpvZ3VRUEZ5UDZ4Q3dIR28tOUZONVJ0ckg4eGN0SXpJUHp0RDRaLQ?oc=5","Asharq Al-Awsat","Arab","1781499904000"
"G7 unlikely to bridge the US-Europe divide over Iran","https://news.google.com/rss/articles/CBMirgFBVV95cUxOU3BlOHJ5XzdESzg5VFh4anU0X0lDbTFXa1QxcWVRUml6dDBEYnpOdlRYU0lxSUlXVlhpUUYzUEhZX21BaFhXWWtFNkc5ckFTNnBEdVM0a1c0M1RkU0dCd3d3OGpIa2JFSl9qaVNoWE1jRVlKV0x0R2pFcmwxV29WYXYxUmhWaWxFLTBfb0diVEE1cGdZSVJTcXlxQ19sVktTaFNOSnRGeWd1VW01MkE?oc=5","CGTN","China","1781498897000"
"Iran's Strained Economy: Central bank releases one-million-rial banknote into circulation amid sanctions and blockade","https://news.google.com/rss/articles/CBMieEFVX3lxTE9PUUxRUUg2dGIzWDFEWE40Sk82VUQwMUl0SFJjdVZsaXI1SUpmRzRLS2J3WEwwUDVHVzM0dmNwUWFSaWlNN0o0X0ItUGFuOVdCekRadlJDdHc0OC1ZMmJYWHAtTzYwNjFTV2g2ZUdhT0otNlJFWGo4eQ?oc=5","CGTN","China","1781498776000"
"US-Iran peace deal reached, signing to take place on Friday, says Pakistan","https://news.google.com/rss/articles/CBMiU0FVX3lxTE80SXNQMXdJWXNCOEtOLTJNcUN6OHJhME1UWjg2MERoNDYwa29telRhN0ZvTGZ5Q3pZLXMyeGpBd1JWaEFrVVAyNkVjOVJSUW1Nc3Nn?oc=5","Arab News","Arab","1781498470000"
"US and Iran agree peace framework and set plan to reopen Strait of Hormuz","https://news.google.com/rss/articles/CBMixgFBVV95cUxNcWg4cnRJZWYyNHloR0ZSbnlQNVRCZGJtYXpzak4xdDE4a1A0MHRCcnpjWXVJNkZ4TmduaDA2bTFFeXlYQVNsUGxzRGxEd19tbFREeUY3enJtbWJVSmlsV0FVMVFvUGREQldVOHJQY2RUTGR5NkVxUERrb2hreE1Xa1FvY2QzZmlxLU5Td0NXcWFwTmE1X3RKQjFualJGSTNfd2VRVHUyS3plWGVwY3k1c3djaVlVOVFyQ1JPM3dZa2IxWHdHbWc?oc=5","The National","Arab","1781502590000"
"Trump's nuclear deal could be critical for Israel on Iran, Hezbollah","https://news.google.com/rss/articles/CBMiX0FVX3lxTE5nR0ZmTktfOUQtWU9nMXItSzR1YW9lS3JoaDh0RUJpaldUM0JranJFam85bTNSVWtlcnFyQ3lnbTF1WHQ3UVc1eGZOMTJKTW9xdkJWMU1ldmpaSThTY1Zj?oc=5","The Jerusalem Post","Israel","1781502373000"
"G7 leaders to meet in France following US-Iran ceasefire deal agreement","https://news.google.com/rss/articles/CBMiX0FVX3lxTFB5dG9zUmdYaWJHRlZtYUlPU2JrWFVOQktITjFXcG1jUWFYR0pXd0pWTEN4ZVdxV1RFQmVDaUpidWxpd3hYUkRNTWxub3lvSkhlWmV1bG9WV3ZLTXI0VU1z?oc=5","The Jerusalem Post","Israel","1781502232000"
"Iran, US agree to halt war and reopen Hormuz, sending oil prices tumbling","https://news.google.com/rss/articles/CBMiyAFBVV95cUxPZFFkMkNsakJYYkFUZEEwVTlWZUZUVFJ4WVRuemxUMkJLVUtpUHU3UklYb2FWZW9hVmZfTVpKaXJhM1ZycEdzUGt5YThUY3dFeXJkdnUzMzRLSFhwRzVtQU54VnNpSlpDbXJaMmZnX0xZTVhjZmMyWWM0SU9JV29aQnZKVVRnWDN5MnFRWkZfMF8zMmFuNFBPLTB4OUFfRTdaUmNSWjdLb3R5LUR2eE1nXzdwQzJGcWpDTEtOeUtyOXZDYzdJNXJtQ9IBzgFBVV95cUxOclZZSU5IXzdoMzg2bnhRT0g1bUl4WVh6M1FLcV9jb04xZ1QzTVJ2QW55d05mb0ZSY2ZReE9RajRVclREZG1ZcHpZU0VsY3FicjNxNE95UGtKS0JBR1hBMjF6QTg0ZzZjMmFVN0JOOHA2UkJrdW1ZeTlZQXcxQS1seDlMdXVDaUhfWVJUUFFzdVl5dndWNWJndGR3NFhnLWZlR3ZaRzJTbjBLVHdWNk1FcWRIOHp0dV9CNTdtbmh1bDhoR0ZRaHptbFgwak03QQ?oc=5","Al Arabiya","Arab","1781502120000"
"US, Iran reach preliminary agreement to end war, signing set for Friday","https://news.google.com/rss/articles/CBMiqgFBVV95cUxPbEozeXFnNUhNR1hIbjlaYXhOZXlRWGw3M3BxN3VUMDY5RnhXUEN1ZmNfdWJ5SnR6d1ZWbFJSLW9vX25ZbDVfVEVvTVNGV29pU2RUNmVZaXZYZGs1cmc4RDBGME5oNTlhc2JZOXRtNHlndkNkZGk0cE8yS3RyUTk0bnlQa3JtODN3LVAxdUdINGtYc0tRSTlzQUEwUzI2a1hPdjY2b0hzM1lxQQ?oc=5","The Express Tribune","Pakistan","1781502084000"
"Deal on ending the Iran war sends stocks soaring while oil prices fall","https://news.google.com/rss/articles/CBMiWkFVX3lxTE5FTTRxTTBoVUR2VUFjaVFCcm1vZnVXb2h0RGJFTzdzN0UxVnJ4aS04ekpwVURBTS1CTDNaRGl6TGhUQ0pZdzRhUDJHYW13XzQwckU3NkxtN0c1UQ?oc=5","Arab News","Arab","1781501346000"
"Karachi Port records eight-year high in ship arrivals as Iran war reroutes cargo","https://news.google.com/rss/articles/CBMiWkFVX3lxTE96UWVzUmFkY0ZuMXBrUDhTYXVHMHQtN3RDZjFRb2NhSDhjeHhHb1FISFVGemhEc3dpd2VXb2YzbWQxZWJiSnRsb2hHSzZacFRzVkJLS1lseGt0dw?oc=5","Arab News","Arab","1781500324000"
"US & Iran Agree Deal, Stocks Rally As Oil Drops, UK Social Media Ban","https://news.google.com/rss/articles/CBMiogFBVV95cUxOWnV1emlWUVlSb0YtOTRVVlRscGNjSWNZdFFtNHFKOEkwaktSa3I0bEhwRDRjUmpyRFV6RC1kYUFpSVZPS3JpcmphWU5MdWNsQlpreHJsRkJpYWMzenk4TUNsOXNBcjlDR3hNMUxBTlBOQmNWbDhmWGVyNzg4ZXdiOGhIWjk1dEllMmZJbzM0dWk4Y1A0dTRIVGx6dFVRN0RGdFE?oc=5","Bloomberg","Global","1781503008000"
"US, Iran strike framework deal as Trump heads to Europe for G7 summit","https://news.google.com/rss/articles/CBMiywFBVV95cUxOdTFxZ2pRaHY1UHkxem1zTWtEVER0MEFYQVU0MzBScUpxX2RpYmlkVmQ0dzlpMkFLTTJDdmVHUHh6WjZrWXU4V1N3QWRaMVFfQmZIZWpFcVpaSEtjSUJTNktGQk9lbTUwaElSNXMtbnFmRjRHVlY0VS1hSHBXakc0ODdWZmFnZmlpZnNsSDRWMDB1UmdBLUpoWDVNRngzMHZpZW0ySVc5S0dwSnRESzc1eEpqNEdhMVI3YXdzRmJkUXlubkFzd2pjSEpvRQ?oc=5","Euronews","Europe","1781502703000"
"Hormuz Trade Will Take Months to Return to Normal, Analysts Say","https://news.google.com/rss/articles/CBMiswFBVV95cUxNWGlHNEtBTHhER2RyTmg0RzdzcFVmS1B6OXhmWGt2d3F0YUtVeVN6RzZHRnNWMnhxejRrQW5QeWs5MDNKQzlHREVTeGY3YzRFaGFGOXBya2RwaGFTRW1ZUXVXSFBLQTJhbHdIU0NlOThWREQ0VU13RHlVSzU0SXA4R1hDTVQxY0E0a1JVVFpyQ1NrX1NhZFBmdkhlLWpSUk9GT3hyY05PM2s5ZHNsaVFXb0c3cw?oc=5","Bloomberg","Global","1781502033000"
"China bonds emerge as surprise haven as Iran war reshapes portfolios","https://news.google.com/rss/articles/CBMiuAFBVV95cUxQMGVJeXVydy16cW1Bak93RU1mZFRoNy1zZnVWS0tIVGRpTEEteUpUUlBOanpFUnlrWV9qSU5mRDcwa0dnVGpQZm9feWIyRmszckFfa1dGYlpyWnh1aHljdmJoaFJuSzJPc0t0WjFobGZOcHBKZkx0TmdMRHhpRG0tQV8zXzUxalZScHJPQjhjMWlSWXVFbzUzQzdRZ3dCWVRUWDdGVURndDZkQkIzSU5aS09tTjhGQ2hq?oc=5","Reuters","Global","1781501220000"
"Iran, US agree to halt war and reopen Hormuz, sending oil prices tumbling","https://news.google.com/rss/articles/CBMiuwFBVV95cUxOcmEtalo0LU0tcVFDaV9MWHlZSVZYQnhla0d1eF9uR0hmVGlnX29sMWVHckNwbDV2cVBVYnpTMEFDVFJJcnlybm5jUGk1UURjTmdGdzEtUlVmSmVNYUdkY3FpV3c5U3BDb2ctVnFiSkRYMFRIaVNRSFd1NnNjbmNnT0h3ZjZDeERwQTBXSzh5bDJXV21WX0gwcGZraG02ZHdNdURNT0Q1dG1QaWVvdV9VNm1HTFE3MEU3SEs4?oc=5","Reuters","Global","1781501160000"
"Inflation Worries Keep Markets Wary Even After Iran Peace Deal","https://news.google.com/rss/articles/CBMiswFBVV95cUxNanV0SUdTbElzYW5ndjREU2hRM0thRTQwMDQ4WEFRcVlYc0V5UjNqY1JMZU5VbmRjUnh4QTlTUVdzOWFuWUJoRVVaR1JJblN6YzY3NDZDUlJsUlAwZDNGWUNTWGhCdFlJamFXRmhnTTlvbE8tczFCMF9ZbjBIaEZqWTdpM09WZXdBUThQVEd3dUJ1NTBJNTZlM0xkSzF4cHZpN1hZbnQ4WGV4NnpFeG45LUl6TQ?oc=5","Bloomberg","Global","1781500440000"
"Asia’s Oil-Thirsty Economies Cautiously Welcome US-Iran Deal","https://news.google.com/rss/articles/CBMitAFBVV95cUxPdmFwOC1yMUpETWZjdmNOckRDVEJFajJaRFRvN2N4V0kwakdYc1MtNFZLUzhtWkJDN2xZQk1HdFJiZ3JXWDFweWdGdTNPU2R5RlF4WE9GRnNtZjh6Tl9haXFLZWtPcjR5VUFLMFU1YnRHb2ZnUmc1N0NYeGlpMzc2RFluV29rYU8xa3lJc181Vm5xNEhNMy1iM0FMUTNrTWJMUUdCRnhvVXlDMHNQMmRvaHFndm4?oc=5","Bloomberg","Global","1781500260000"
"USA und Iran einigen sich auf Abkommen - DW","https://news.google.com/rss/articles/CBMipwFBVV95cUxNaXFBQ2FSUnkzMkx1aGtYSWZ3MlhjcmhfRkhvbVRHOFRwd0JKOTljWlVFUUo3N3p6OEF5ZUg5LU0zdmhfbWY3blFRMS11UEhtbXlHSklvNzhxVUFrUHFfd2VmdnV0Yks2Z3dqdEJJcXNhQS1MMEJ3dGExRUVLd2V1Mi1yQlE3ME9WdkJuNXRESHZKb05tTzR0ZVFnYXc0S0NsZ1l0Uk1KVQ?oc=5","DW","Europe","1781500182000"
"Monday briefing: Trump’s late-night deal with Iran","https://news.google.com/rss/articles/CBMiwwFBVV95cUxPT05takJSYmJmVWNRcENoU29iLU14dkdhY2tYWngyUVcyTm1hWUFFUk1MMXExbmVKbHJEcUY5N25ST3EwaFJNQW9NSDh0aUdxNmlOdHpKcy16aHJWbW16OUY0d2tNcjZVSjdYbnRGQWVDQlU1RGZyRE9ydDNZM0E0d2pKM1IyNEZZVzBJTkpPM3gwN01VdnlsaGF1ZWxtVEE2WDlsb0ZJQzhOa20tc2pDRl8zN1ZjeWNJa3F5X1YxbmpmS1E?oc=5","The Guardian","UK","1781502924000"
"Trump announces peace deal has been reached with Iran and Strait of Hormuz will reopen","https://news.google.com/rss/articles/CBMijwFBVV95cUxNNHVaamh4aUh0em00aDRIakRtU3FfbFFORlhVWkJvVGRmTGhvNnlqdTBmdnB4ekpXZDRvNFZnMU5JYlRBX3k4XzU1eDZleWRqdVNEQTZZWjBZVEVYMGw4N0thY2ljVURZUzNlTHpoTkVCVGlLUFZxZnVzblN1eWNydjRqMXhIUldWdFJHYVV5MA?oc=5","The Independent","UK","1781501700000"
"Trump’s Iran deal will not lead to long-lasting peace","https://news.google.com/rss/articles/CBMiogFBVV95cUxOVnV2NU1IOHZjXzFNeUF6ODhZbDV3MVFlQUZETGl0dXpONGhJbHV3bEliVWlBTjd1MHpDWWUxZGZHMnFfUHNnNEFDa0RMS3RvTVZLejFqZzdubkMwc2hCLWpWZ2s1VEVWNkVkNWN4TVJIaVM3UFluTEFLVDNnUTgxTWNkblpPSjlhcDBOVV9GTUljLVpxMjczUGVBOW5ZMExfNUE?oc=5","The Telegraph","UK","1781501400000"
"Hedge Funds Reopen Pre-War Playbooks as Iran Risks Recede","https://news.google.com/rss/articles/CBMirAFBVV95cUxObXJUSkd0M1V0T05jYmYtZzl3RUFjdGJVdW1Ec3lqaHp1UTVCRFRhVjZUT29CNEllUEUtSDNZMG5sbHdodkp0RjNHUlNOd3Nod2I5aDVLelQwQWs2MzhteXU0Vm5HVmE2WmF1VmlxeG9URmFjY2FnMlRYcnhvbGtBR1N2X1dMRDVGOUp6eFBJbUc1ZFJYTkhQc2k5NlpUYnNaQ1RpWGRqTFRUa1dJ?oc=5","Bloomberg","Global","1781504280000"
"Iran, tech and Trump to top Macron's G7 summit","https://news.google.com/rss/articles/CBMilAFBVV95cUxQQnlYUE9pbl92Q1ljZTFkTUFYRTh2X0dycXZwbGowNjN2OVZlYW9BUW1wUGxaQVV1c3dGeGRPRmsyLVY2WUxvcVpfYzljR3RTVlhxS1J3OGhKX1o4LU9tOXFoeTFnUms4WmNWNnZUdnFEUGFxMXYtMXFjTHFhWk9fUl8yTUk1QUpVeW5oYWxTakJlSm1P?oc=5","Euronews","Europe","1781504023000"
"US, Iran Reach Deal to Halt War; Stocks Rally, Oil Slumps","https://news.google.com/rss/articles/CBMirAFBVV95cUxPQUxsSUlQTVprUXlsdjZZSThnOTdnUklpZHYxeW9JQVdtUGl3bEdLT0prQ1lfSXdzQjk3VDlJb3BpeVhpcVBRYUhjLU4tNVh1ZUlpSnpHUEtfUlNIZ2pXSXNTM0xud2w3NWN1ZTRhVmxqcWlBdEU5S2RhbmFwaGpRb3lNaVk4cTBIeU0wd3dBSm5yWlZmcnNsclZpR3dIcjFHOXdKcUxuaEo1WWZX?oc=5","Bloomberg","Global","1781503980000"
"US & Iran Agree Deal, Stocks Rally As Oil Drops, More","https://news.google.com/rss/articles/CBMingFBVV95cUxPZWV3RmZOdV9yaGNYdUdEVG5EOWQ1enlwUFJLMml0ZDF2cENQQ3RiQ25DTlRoUWhSTkRpaG5oQ0w5dHJpN19IQkpoSU9NRjNJQnlPUDZJZzdXNXJJVGZHVU93eFc5Q0NqaFo2MmxCaHJybjVGT1hqeXhVVWU3ZkNNRk1tQ013bnZIanJxcmhFQU5DOUZmUjhJRGZpcVBndw?oc=5","Bloomberg","Global","1781503952000"
"What do Americans think of the peace deal framework with Iran?","https://news.google.com/rss/articles/CBMiV0FVX3lxTE9UWmw1YmNIN2F0WTM2d1RCMGs3NU5VQXRWRTZjRTg1bDlDTXVIWUdOLW1mNmdITlVtNFhyX25BUVNIanc4eGh1dWtRYmsxQnNsRVdvWkpfZw?oc=5","BBC","Global","1781503279000"
"Video. US, Iran strike framework deal as Trump heads to Europe for G7 summit","https://news.google.com/rss/articles/CBMixgFBVV95cUxQYkY4V2RKY0JQQ3FndVBLRmVWTGVUbloycTlBaDNiTG1mR1BnT0JYeWZBTHZ6dzg1OFQ5SE9ScGFRaEFlSVVNQmQ3NU9TWWhhU29xVlFtNW1hcXZQeENpOXB0bnhWSy04bzJzWVVHNnhjS0MyV3ZkRVUxc2MwUWJOekFuOHNXZjZXcHV0U0VrMGJUS1ZURVFJaWh3RmJJNnVVNUwtaUlxVWFGZVBobGFPU096dzRNUDE0TmctaFBwNnNQUzhCTUE?oc=5","Euronews","Europe","1781502703000"
"US-Iran Deal Should Immediately Reopen Hormuz Strait, Von Der Leyen Says","https://news.google.com/rss/articles/CBMisgFBVV95cUxNUEdtWWhTZEttblI1cHh2Q2hodjMzNHQzUThJWGV1djdjSjlkeDJDamFqRnZXeUl6X3FCWDlQeTVuTm5mWWlOWnlvVmpScGFRRV91SzN6UGdBR2haR21sYWYyOWhrY0RIaHo3YzFTV0JYeGhoRWsxVzVsZF9hT3VSQVRRcUFIdkJTS0FqUmJNMjVodlJMYlFrZ0MzSVNUY3dUVm1RQnRfa2hBM3R0QTc2T2RR?oc=5","Asharq Al-Awsat","Arab","1781504317000"
"New Zealand Brush Aside Politics ahead of World Cup Opener against Iran","https://news.google.com/rss/articles/CBMirwFBVV95cUxOMnF4bDdJYlVFb3kwcnNxTWpia0hEQlZCZU5QQ2xhT2diU1ItdkloeGFoR21ETTZENUs0S1JLRTRQdVdzZ2FNeXh2cG9GR3Z5STNUWHhCVE03ZDdNcGV4Nk9kbldGTWc5dTN2V2VUbVl5clppTkphUmluUEdiV2d3cTJOSml0aHdLUUVyQVpNN0llSkpqcEpVY3ZfZWsyYnJJT2xtUnYtckUzUjREUVI4?oc=5","Asharq Al-Awsat","Arab","1781503960000"
"U.S.-Iran peace deal reflects commitment to dialogue over confrontation: Pakistani deputy PM","https://news.google.com/rss/articles/CBMie0FVX3lxTFBrTC1xRl9yTzRMY1NKSnJ2UlhiSnpDLU44dXByazBlQ2VaTnByRXhaNmJ5UmUxMFlhbHlUS0NtTHpBbUJ2V0ctUGViT2tObFUyV0xVUHExMktDWkR2a2lNTDEyMWhGNGFzaUNLcXFyYlVaYVhVNHlkVWpnbw?oc=5","Xinhua","China","1781503757000"
"Did Iran, Donald Trump, or Israel come out ahead? Winners, losers of the new deal","https://news.google.com/rss/articles/CBMiXEFVX3lxTE0wWnI2eHd4ZW5NanZYTFItSGU4TzBVOUFuNUZ6S0g4Q2cxQWE3UTRzdjZUQnhqZ29MUFZTNDg2a0R5Y21nZDctRkVmUTNlMV85YXhFZXBkUlRRNzIz?oc=5","The Jerusalem Post","Israel","1781503393000"
"Ghalibaf: Ambitious ‘Public Face’ of Post-Ali Khamenei Iran","https://news.google.com/rss/articles/CBMitgFBVV95cUxQdks2b1QzSWpjM3g0YmJ4V0pQTUlzU2RuOFFBaHYzVTM3Q1U3TFpfb1NYYUR2NmRpQ1lpMkdnU3dZdGxxYk93QVlUVkVQSF93XzE1cExxbzEtdGlYLWZtWnJWVnN5ZVRESmpPWHFhajBhZnl1SnhlZFdDME1JM3lpRGZNcks1ZWlTcEwtUWV5dnBzWGoxN3FJaG1HLXdfRl9XMkVoS3RIZ21YQjZTNmdrcW8wY3NQQQ?oc=5","Asharq Al-Awsat","Arab","1781503322000"
"Oil slides nearly 5% as US-Iran deal paves way for Hormuz reopening","https://news.google.com/rss/articles/CBMiuwFBVV95cUxNejhzMXZQczk3WDl5TWZpNmpVLW03R19lN2tSeWNwTl9BVGU5eVVVWmMzQ0FDNjRETEtCSWlMa1MwZkVlTENJOUZGRjhzSWY4U1VlakdveV8tTHc5aVNlaTRfZk1PWS03dzFIUzlqczVnVVBUR0wzS3RvSlJXbGNZNjl0VWR5d1Vqb1lxc0FhTk51VlFSQl8zRWRsc0ZVcTRodzlJNXVUMVFoUVBxRm1fOTk1UzgySUNHLXJZ?oc=5","The National","Arab","1781503310000"
"US could resume attacks on Iran if nuclear accord not reached, Trump says","https://news.google.com/rss/articles/CBMiygFBVV95cUxNM29LRkxKWWZ5UHpyTnlhYkxWcVlkNU5rdm5nTVJrZ3R6Tk5QZmQxYmlFU0tpOTREbUtXQWUtRWRIaENvR0lNQkRGTEF3SmpFZ1ZGSlhvRjVKck00MmdCZ2xBc0JQVnl1ZlZYczlzVHlyUHJWNkdGZ1hnWFVoUVFSYmpuU29RTTBta2RHUmlaaHpnSjJzWGtkaGVGeV90SkFiWkVaUWE4em9hRDVBXzhKWk55OW54WFZUTHJpOWhxNnlsX0hRSFBYLU5n0gHPAUFVX3lxTE5vS2FTZnVXTDdOWmY0c2NfQ3RwVEhwbzE5SER0ckh1MlpybFJGdm5sckp2UnVlTm9mTUxVOHg3dFo1bXRyTDZ1TEJHaDZDcl9mU28waHpEbHA2anZud01peFA0UkZmWVQtampKMXlRMHZySExVWDA1OWlTZHNWeUlLbWRmR2VldFZiZGprT0VqdnNwT3djRDlScHMybWFNbkdJek9aSWo0Mk5udDNqejJKcEkxVHBsT3BVNF9RT0VuX3A0M3VkRGRHM1JGOVhrQQ?oc=5","Al Arabiya","Arab","1781502960000"
"EU chief hails US-Iran deal to end 'costly war'","https://news.google.com/rss/articles/CBMihgFBVV95cUxPd0pNVlV1Zi1IcUlLOWtKTGZfUVdGQ2h5UE1BbER3Ti00eENxRGxtWTZINW1aZXBWUXNydUdodnRKYzctT205Zm5jQXNCYmFrX0V0djduMlotdTRteEU2TTRhYVZEVUt1RWlIa1FNb0l1ZG00VnhvUlVtMXN0SXBVNWtySnVMdw?oc=5","Dawn","Pakistan","1781502841000"
"Shiptracking Data: LNG tanker Disha, carrying cargo from Ras Laffan, Qatar, has crossed the Strait of Hormuz heading east after the US-Iran peace deal","https://news.google.com/rss/articles/CBMibkFVX3lxTFBfTWhqUWZ5VG9aeS00blZ6UTl6dEZFUXpfVGExcUZkU1RYVjA0NGlLeHcxbVYtN3RoTWZWRnc2MkNEN0hyZ2wyNE5IZnRHWmc0c0xaWm9wNVBnVnNDYm9peWhoUWlkaHd6eWZaQU9n?oc=5","CGTN","China","1781501579000"
"Macron: French-UK Mission 'Ready' to Aid Hormuz Reopening","https://english.aawsat.com/world/5284193-macron-french-uk-mission-ready-aid-hormuz-reopening","Asharq Al-Awsat","Arab","1781505078000"
"Spain welcomes US-Iran agreement, says free and secure navigation through Hormuz is essential","https://www.dawn.com/news/2008000/spain-welcomes-us-iran-agreement-says-free-and-secure-navigation-through-hormuz-is-essential","Dawn","Pakistan","1781504357000"
"US-Iran Deal Should Immediately Reopen Hormuz Strait, Von Der Leyen Says","https://english.aawsat.com/world/5284187-us-iran-deal-should-immediately-reopen-hormuz-strait-von-der-leyen-says","Asharq Al-Awsat","Arab","1781504317000"
"Hedge Funds Reopen Pre-War Playbooks as Iran Risks Recede","https://www.bloomberg.com/news/articles/2026-06-15/hedge-funds-reopen-pre-war-playbooks-as-iran-risks-recede","Bloomberg","Global","1781504280000"
"Iran, tech and Trump to top Macron's G7 summit","https://www.euronews.com/my-europe/2026/06/15/iran-tech-and-trump-to-top-macrons-g7-summit","Euronews","Europe","1781504023000"
"US, Iran Reach Deal to Halt War; Stocks Rally, Oil Slumps","https://www.bloomberg.com/news/newsletters/2026-06-15/us-iran-reach-deal-to-halt-war-stocks-rally-oil-slumps","Bloomberg","Global","1781503980000"
"New Zealand Brush Aside Politics ahead of World Cup Opener against Iran","https://english.aawsat.com/sports/5284182-new-zealand-brush-aside-politics-ahead-world-cup-opener-against-iran","Asharq Al-Awsat","Arab","1781503960000"
"US & Iran Agree Deal, Stocks Rally As Oil Drops, More","https://www.bloomberg.com/news/audio/2026-06-15/us-iran-agree-deal-stocks-rally-as-oil-drops-more","Bloomberg","Global","1781503952000"
"U.S.-Iran peace deal reflects commitment to dialogue over confrontation: Pakistani deputy PM","http://english.news.cn/20260615/7aed2a72455a4b128596897b9f92b694/c.html","Xinhua","China","1781503757000"
"Did Iran, Donald Trump, or Israel come out ahead? Winners, losers of the new deal","https://www.jpost.com/israel-news/article-899423","The Jerusalem Post","Israel","1781503393000"
"Ghalibaf: Ambitious ‘Public Face’ of Post-Ali Khamenei Iran","https://english.aawsat.com/features/5284177-ghalibaf-ambitious-%E2%80%98public-face%E2%80%99-post-ali-khamenei-iran","Asharq Al-Awsat","Arab","1781503322000"
"Oil slides nearly 5% as US-Iran deal paves way for Hormuz reopening","https://www.thenationalnews.com/business/2026/06/15/oil-slides-nearly-5-as-us-iran-deal-paves-way-for-hormuz-reopening/","The National","Arab","1781503310000"
"What do Americans think of the peace deal framework with Iran?","https://www.bbc.com/news/videos/cvg711lx1q8o","BBC","Global","1781503279000"
"US & Iran Agree Deal, Stocks Rally As Oil Drops, UK Social Media Ban","https://www.bloomberg.com/news/audio/2026-06-15/bloomberg-daybreak-europe-us-iran-agree-deal-podcast","Bloomberg","Global","1781503008000"
"US could resume attacks on Iran if nuclear accord not reached, Trump says","https://english.alarabiya.net/News/middle-east/2026/06/15/us-could-resume-attacks-on-iran-if-nuclear-accord-not-reached-trump-says","Al Arabiya","Arab","1781502960000"
"Monday briefing: Trump’s late-night deal with Iran","https://www.theguardian.com/world/2026/jun/15/switzerland-anti-immigration-referendum-vote-rejected-population-cap-10-million","The Guardian","UK","1781502924000"
"EU chief hails US-Iran deal to end 'costly war'","https://www.dawn.com/news/2007996/eu-chief-hails-us-iran-deal-to-end-costly-war","Dawn","Pakistan","1781502841000"
"Video. US, Iran strike framework deal as Trump heads to Europe for G7 summit","https://www.euronews.com/video/2026/06/15/europe-today-us-and-iran-strike-framework-deal-as-trump-heads-to-europe-for-g7-summit","Euronews","Europe","1781502703000"
"US, Iran strike framework deal as Trump heads to Europe for G7 summit","https://www.euronews.com/my-europe/2026/06/15/europe-today-us-and-iran-strike-framework-deal-as-trump-heads-to-europe-for-g7-summit","Euronews","Europe","1781502703000"
"US and Iran agree peace framework and set plan to reopen Strait of Hormuz","https://www.thenationalnews.com/news/mena/2026/06/15/us-and-iran-agree-peace-framework-and-set-plan-to-reopen-strait-of-hormuz/","The National","Arab","1781502590000"
"Trump's nuclear deal could be critical for Israel on Iran, Hezbollah","https://www.jpost.com/international/article-899420","The Jerusalem Post","Israel","1781502373000"
"G7 leaders to meet in France following US-Iran ceasefire deal agreement","https://www.jpost.com/international/article-899419","The Jerusalem Post","Israel","1781502232000"
"US, Iran reach preliminary agreement to end war, signing set for Friday","https://tribune.com.pk/story/2613248/us-iran-reach-preliminary-agreement-to-end-war-signing-set-for-friday","The Express Tribune","Pakistan","1781502178000"
"Iran, US agree to halt war and reopen Hormuz, sending oil prices tumbling","https://english.alarabiya.net/News/middle-east/2026/06/15/iran-us-agree-to-halt-war-and-reopen-hormuz-sending-oil-prices-tumbling","Al Arabiya","Arab","1781502120000"
"Hormuz Trade Will Take Months to Return to Normal, Analysts Say","https://www.bloomberg.com/news/articles/2026-06-15/hormuz-trade-will-take-months-to-return-to-normal-analysts-say","Bloomberg","Global","1781502033000"
"Trump announces peace deal has been reached with Iran and Strait of Hormuz will reopen","https://www.independent.co.uk/bulletin/news/iran-peace-deal-trump-hormuz-b2995678.html","The Independent","UK","1781501700000"
"Shiptracking Data: LNG tanker Disha, carrying cargo from Ras Laffan, Qatar, has crossed the Strait of Hormuz heading east after the US-Iran peace deal","https://news.cgtn.com/news/2026-06-15/news-1NZD5TtrLe8/p.html","CGTN","China","1781501579000"
"Trump’s Iran deal will not lead to long-lasting peace","https://www.telegraph.co.uk/opinion/2026/06/15/trumps-iran-deal-will-not-lead-to-long-lasting-peace/","The Telegraph","UK","1781501400000"
"Deal on ending the Iran war sends stocks soaring while oil prices fall","https://www.arabnews.com/node/2647206/pakistan","Arab News","Arab","1781501346000"
"China bonds emerge as surprise haven as Iran war reshapes portfolios","https://www.reuters.com/world/asia-pacific/china-bonds-emerge-surprise-haven-iran-war-reshapes-portfolios-2026-06-15/","Reuters","Global","1781501220000"
"Iran, US agree to halt war and reopen Hormuz, sending oil prices tumbling","https://www.reuters.com/world/asia-pacific/iran-us-agree-halt-war-reopen-hormuz-sending-oil-prices-tumbling-2026-06-15/","Reuters","Global","1781501160000"
"Inflation Worries Keep Markets Wary Even After Iran Peace Deal","https://www.bloomberg.com/news/articles/2026-06-15/inflation-worries-keep-markets-wary-even-after-iran-peace-deal","Bloomberg","Global","1781500440000"
"Karachi Port records eight-year high in ship arrivals as Iran war reroutes cargo","https://www.arabnews.com/node/2647205/pakistan","Arab News","Arab","1781500324000"
"Asia’s Oil-Thirsty Economies Cautiously Welcome US-Iran Deal","https://www.bloomberg.com/news/articles/2026-06-15/asia-welcomes-us-iran-deal-s-pledge-to-open-hormuz-oil-lifeline","Bloomberg","Global","1781500260000"
"USA und Iran einigen sich auf Abkommen - DW","https://www.dw.com/de/usa-und-iran-einigen-sich-auf-abkommen/a-77551674?maca=de-rss-de-all-1119-xml-mrss","DW","Europe","1781500182000"
"U.S. and Iran Agree to a Truce","https://www.nytimes.com/2026/06/14/world/world-cup-iran-lebanon-trump-birthday.html","The New York Times","US","1781499420000"
"The US-Iran deal: A lasting peace or a temporary reprieve?","https://news.cgtn.com/news/2026-06-15/The-US-Iran-deal-A-lasting-peace-or-a-temporary-reprieve--1NZx8jcSGXu/share_amp.html","CGTN","China","1781498179000"
"Oil prices tumble and Asian shares surge as US and Iran near deal to end Middle East war","https://www.independent.co.uk/news/world/middle-east/asia-shares-oil-prices-iran-us-peace-deal-b2995660.html","The Independent","UK","1781497800000"
"Pakistan: Pakistan warmly welcomes the understanding reached between the United States and the Islamic Republic of Iran.This significant breakthrough reflects the power of sustained diplomatic engagement and the collective resolve of friendly nations to ch","https://news.cgtn.com/news/2026-06-15/news-1NZxEGOSw4o/share_amp.html","CGTN","China","1781497013000"
"More Bank of England Officials Set to Back Hikes as Iran War Frays Unity","https://www.bloomberg.com/news/articles/2026-06-15/more-bank-of-england-officials-set-to-back-hikes-as-iran-war-frays-unity?srnd=homepage-americas","Bloomberg","Global","1781496407000"
"Asian stocks soar with ‘risk on’ rally after US-Iran peace deal","https://www.ft.com/content/8a6849de-b27c-4680-a80d-42b85b0e77eb","Financial Times","Global","1781496047000"
"Proud Moment for Pakistan': Finance Minister on US-Iran Agreement","https://www.bloomberg.com/news/videos/2026-06-15/-proud-moment-for-pakistan-aurangzeb-on-us-iran-deal-video?srnd=phx-markets","Bloomberg","Global","1781495808000"
"EXPLAINER: US-Iran ceasefire announcement raises hopes in Lebanon. But, we have been here before","https://www.dawn.com/news/amp/2007978","Dawn","Pakistan","1781494339000"
"Xinhua News | Iran, U.S. agree on ceasefire on all fronts, lifting of naval blockade: Iranian deputy FM","http://english.news.cn/20260615/f8867589ff97456e80c5a8497b137dfd/c.html","Xinhua","China","1781491996000"
"Gold Rises After US and Iran Agree Deal That Would Reopen Hormuz: XAU/USD","https://www.bloomberg.com/news/articles/2026-06-14/gold-advances-at-open-after-us-and-iran-reach-peace-agreement","Bloomberg","Global","1781491860000"
"Shipowners Seek Clarity on Hormuz Deal as 600 Vessels Eye Exit","https://www.bloomberg.com/news/articles/2026-06-15/shipowners-seek-clarity-on-hormuz-deal-as-600-vessels-eye-exit?srnd=undefined","Bloomberg","Global","1781490960000"
"Qatari PM welcomes US, Iran agreement on MoU, thanks Pakistan","https://www.dawn.com/news/2007965/qatari-pm-welcomes-us-iran-agreement-on-mou-thanks-pakistan","Dawn","Pakistan","1781488063000"
"US, Iran reach deal; signing on 19th: Shehbaz","https://www.dawn.com/news/amp/2007937","Dawn","Pakistan","1781485094000"
"Political leadership welcomes US–Iran understanding, praise diplomacy","https://news.google.com/rss/articles/CBMipwFBVV95cUxPdnhyZHFINi1ENWI1a0FiME1ZU0VlTjM3Ni1pRmVzcUhqNWJLOHVBMGxrc1otMG9Gc1dkNEYwMWQ4Y1pHZTVwdl9EZEt0b1N6OXBqX3RwV2VtMlh3aG5mV09NaklPUUtueFNUZ2VaYjhYM3FCTVk5eDg5QWZoeEo5VEVhX1o0T0JHdEx2R1pELUxZZ19FMEFlWFdoakFmQlBaQ0NZMW1aTQ?oc=5","The Express Tribune","Pakistan","1781506659000"
"Trump's deal does not bind us': Israeli leaders decry Lebanon’s inclusion in US-Iran deal","https://news.google.com/rss/articles/CBMie0FVX3lxTFBnSUhMRlZSdDNyU2Z2ZXdsdDA0Z3RwdVM1VTdNci13QnEzWEJvc3Nid0UwN0E2ZDNBcFJabnRfeHE4czBsRFNGQTJJalB5VkhfZnpqaGItNV80TlNhLTRHeDBhVFNsaFpQTzFmYS14TzB4YkhtbHBrekFkMA?oc=5","The Jerusalem Post","Israel","1781506151000"
"World Cup: Iranians in Los Angeles divided on whether to cheer or jeer Iran","https://news.google.com/rss/articles/CBMitgFBVV95cUxOdjh4d0RuQjJYWWhFMWFKZm05Y01FUGFpdWc3bFd0VVRmdUxuSGZFNk8waGpiMGwwSDNwRGdLd3RBd3oyNHc5VEZNaDNqeUhNNjd6UEpXS0U4amVyaHU3Wkd4WDRMekZWMy1ZS1BJX2lSNVlaMHJWc1NuWkhhS3g4ekJSWGhOWmVkMG95aGlhYUt0elJOa3B0R0pBdG5fd1JyTzNOZl9kNENJdU9WZG9oQXIxX3FFZ9IBuwFBVV95cUxQMHRwcERWRV95aVdnZm5IWDdLSXo5N1NnVUpYRnRsb1dkODRmcDl1Z2twUl9qZE04NDZFbUdOM04wNDlMNDhzSDJ5MmhlNTZGVVhXaG9wR1VOV19ZaVV4c0R5TEVIM3dadXppSDNrLUxCdTIwMU9OWUN0ZWl2ODJHWGNOcS1wRE50S1VHQmZuZjd2UlpOSGlSbm5ISVh0V3p1QUd1anhPUVNqWmo5ODIxQXlBbDNobjdqS1RR?oc=5","Al Jazeera","Arab","1781506138000"
"Pakistani president welcomes U.S.-Iran MoU, hopes for lasting regional peace","https://news.google.com/rss/articles/CBMijAFBVV95cUxPZ09vSDNFNldnT1JqajZEYUxKc045V29FeEZqdnBtdHp2M1J0dDR5ZE9WWjRJWUNSaEZtdm9DRE9GaHpacUxyandIbm1WZ040ek1BUk8xMXpjTlNIU2J3TDBFd09acVBHTUpMWTR3OGJ0YVNCRFFXdUJacFgwMV8tRU14aG1hZmwxTlF1eQ?oc=5","Xinhua","China","1781506020000"
"Oil, gas prices, supply problems could take months to return to normal after Iran deal: Energy experts","https://news.google.com/rss/articles/CBMi0wFBVV95cUxNV2twRUxWUXNFeWxBMFJKWGQzT0hxYVdjSEFhUmF2MjhpUmtEYlJtQXhveEZlSU1BNW0xYnU2ZVM2RjhjUENsdXo4dTJiQ1MteXNGcHZtTUUtWFBWS1lQY21RXzJYazZJVDRNTFh4aVRSTkRQQW5nUk1ZTFd6Nlo0YVpJR1dLdlB6MTZvUHk0V3VQNi1TTnZPQTRlMXR4SHY3VzJ0aHdBcTIzNFh1RjBaU21uZkRZYlBIdndQTjRpQmtkRnJNWTVZOEFSeml2OWdyeWZn?oc=5","Press TV","Iran","1781506020000"
"US to release $12 bn in frozen assets: Iranian media","https://news.google.com/rss/articles/CBMirAFBVV95cUxPSjk1NjEyR0VvLUYxNmtNMXdydlo5dlk5T0FVcTduRVRISGFibjg5WjdpUVg0VG5lQ2hUQmpJTjU5UEhLdm9oNk5UQWVtN1Z0OFhsdWZvMEpUMElNQjd1alhYeTdsTF94TnRESllUOWdqbVhxUElWcFZZcThONWItendwRTZ0QXkwNF9QTTYxMFZzY3p4SmswWkFvMzRVSU1kaHU1Q2Zya0xXV0Rq0gGyAUFVX3lxTE9lVFJNdThsRzNwT255SG1lbVFZOUppeER0THFMT2dMakFQb01KQTFNVGpNVDdvTUhwVHpGclJmaGlhMl90cEswMTVPNUU1MG1pRl9scjNiT1M2RUgtVUVsR01qN18wOU1tQ0VwLWxqemtFSF82R1lobzNEVDlNSy1lTTRIcWozU0IwWmpxQXZQYzVTY1ZmdDlSclZzNG5kY3BUWEl0dy14RFUxV2RnUllFdEE?oc=5","Al Arabiya","Arab","1781505360000"
"Macron: French-UK Mission 'Ready' to Aid Hormuz Reopening","https://news.google.com/rss/articles/CBMilwFBVV95cUxNd0xpRXZrekpTa25ob1lqckIyeHV4ZldKQ1pJNlFLTlgxN0MzaVhnSmZhWGZsYjNWV0ZVcllPMVk5VHQwUmV3eHVUdExvVUE3c0lqRmVPZ2RjQXY2WncwRXhzb0E3aWE0eWk2TXNlOUt6eVdBR2JaNlh1R2NCY2FKSVRNOFFfTlU5WFA2WE1WWHpGcjhjMjgw?oc=5","Asharq Al-Awsat","Arab","1781505078000"
"US must cut military, intelligence assistance to Israel to protect Iran deal: Ex-Trump official","https://news.google.com/rss/articles/CBMiiwFBVV95cUxPN3VsaGFTOW9teDRGT1hUS2Rlc0ZubHJOZW82OFJuR2FtaklNUjBPeVlIMlVrRFBnS2lHbWJ6U3lfM09hUFNSYzFvRWkwUEszaGI4Y3BsdmRnMU9aWVdVTlhtMVF3VVEwYnRQNDEtalhHYlNVbzBBc3NEM05ISkctNktaaUZVd0RZaENn?oc=5","Press TV","Iran","1781505060000"
"Spain welcomes US-Iran agreement, says free and secure navigation through Hormuz is essential","https://news.google.com/rss/articles/CBMixAFBVV95cUxQS29yQnJJWVdKTlJLb0FsZXQ4a1h1Y2RMTS1qSHQ1UG9MZGlDTzRKekVrak1RVnY5M0MwdFh2WVQ1TU95djFTVFFEX1pHVlFBQzlEbWhLcTZHRm0tVnZpOUd0ZU1YN2t5bHlNMUNRTlVHT2U0NzFQNVNEVjJjdWtpSWdfaHZ5WUxIUFh4ODBrWTFRZWgzdzJORXpna0F2ekd4XzBTUUVza25CaUxqa1A3dVo1bzlYaGRMOXhGZjNaWE9lQ2Mt?oc=5","Dawn","Pakistan","1781504357000"
"Vance says plans to attend Iran signing in Geneva, ‘possible’ Trump could","https://news.google.com/rss/articles/CBMiyAFBVV95cUxOYmJ4RU5YOEUtcGZPNjNXODl4OXV4Yk9rMml0b1BubzRVSmdIZXRBSlBKVDE4ejB6ZUFWaW5JN1JZNGc3cGhpNkhxaGQtMVdFWHdaYkJRcW80RmVubmh0WXNNbGRiaEI4c29HXzRrZkY5Rnk5bW9NVWNxYm1mbG53b2hNaG5rVlhZMFlmSTY1VnBwckhqcERJc2dkWUVyZ3BfN1NZUm9JRkVmUFJWYXdxdnQ1OWNqd2NRY29sRDhlNEZaeDlweUNpOdIBzgFBVV95cUxNdXpLTVBFMEhHTW5obEswTG4wTU01TUlmU1VVempxbzBfVGJKQVItckFsZjNfYW1Tb0hxNXdla29LWk85eXhxc0RsTGxRaGFYSkJhTFhfckNsNzAxUGg0SDhrS2VWSm9XS25VQ2tyeE80bXdfaGY5OHRKTlRHLVl6QjgtX2ZBR3lZanVGNDFGOUpNMTRESTVOU2RZTEtpdVFsTUVKdnBjV0U4aVBZNUstNHlvQkxmdjNESzBFMTlFVHFWSmhnSXh6M1pvNEE3QQ?oc=5","Al Arabiya","Arab","1781504100000"
"Iran - World news, culture and opinion","https://news.google.com/rss/articles/CBMiRkFVX3lxTE5CWFFnRlJlTEFNYWhzXzZJY1Zxa25mWUxtUjhsWHg5QkJRVDFfdTRyTXZSQnNXX2lyaGtTaEY0TERCWTAyNEE?oc=5","Le Monde","Europe","1781507005000"
"Strait of Hormuz","https://news.google.com/rss/articles/CBMiUEFVX3lxTFBlVXpqWmtzbXMtZ2s4UUNsVEZvUnNvUFNoRWNVei1nVkhsZGtmVDd3ajJTaUJoYmRsbHZDM1hoaGlVV25VVDNsTDdhOW9aVUdV?oc=5","Associated Press","Global","1781506940000"
"Watch US-Iran Deal Triggers Rally in Asian Stocks | The China Show 6/15/2026","https://news.google.com/rss/articles/CBMihgFBVV95cUxQSjdfaGFDUENiNVJNS2ZMcVY5aXlLRV9tSXBSTHZKeEwxblI5RUhDcW1NTV9sQUNLT3l0YVIwYzMxMEZSOF9tV0EwTlJvc0dTa3Axb25DZW5mRUQ2RkVuWkZMSGFiQXpLNS1JVU5qam5oN2RYTkdIWGJSSHdabnJMUS1zUEtPdw?oc=5","Bloomberg","Global","1781506630000"
"One LNG tanker passes Hormuz after US-Iran agree to deal, shippers stay cautious","https://news.google.com/rss/articles/CBMixwFBVV95cUxObWRDVWZoWlpiWXdWckhpc2Voc01ZeXBuMnN5SmE5MkZMOENCejE5bjZ1UDFDM3BUUG0tdThmZXh4TzExMlZKdVgzTWNJR0NSUmZHa2lTV29DWFBpYVhJSFBSUl9aN1g4aXBnQUxGNlVLT3hSc0JydjFxMkZUcjVsanpNOE00aTk1UkhaRkVoVHhteTlaWTNWa2t6SGhQU0Q3VV9MNVRYWlJxSlVRaHdZREp0RFU5TlVSdHJCYUxqemtBTEdjaGFV?oc=5","Reuters","Global","1781506500000"
"World Cup 2026: Political tension has 'undermined' Iran's World Cup joy","https://news.google.com/rss/articles/CBMiZ0FVX3lxTE5PTmxXWkI0bHVSeGE3aDFZVHo2V0ZGTHJ4ZVR5TzBqOXFqMWUtZHo1LWF1WC05X1lTSVFHTXRqaUhrTndWZVFndU1IakFuQ1FKV3FKQzlGREdBWk9HakRNSi10TlliTVk?oc=5","BBC","Global","1781506246000"
"ECB's Lagarde welcomes Iran ceasefire agreement as 'good news'","https://news.google.com/rss/articles/CBMirgFBVV95cUxNeVA5bncxY09SQzRpeFk3N0RqN1lmb3h4LW9QSmdwOWJsR2Y5STFVaUltVVJYRXRBMHJUOFhjS3l0V3pLSFNLZXBrdXZSR0xCQmNxb3dvcjA1Yi05a0pKbUxfR0tkTEdZZG4xTjJFRTUtNlptNlhsaWlFajZpUXJ2LUJrNUNha08yUGNqWmFSLXNrSTAzSEFNSWo3ZEhkQzZtQU5YZ2xvdHhCME1mZFE?oc=5","Reuters","Global","1781506183000"
"European shares set to open higher after US-Iran preliminary peace deal","https://news.google.com/rss/articles/CBMiswFBVV95cUxOakJFV0xEVGgzbDNzSGljTk1seThqUDgyZTR1Sy1nRlhrY251dm5sRXdxZkN6LVhJWjh1bThYbm0tdi1uX0JBSzFwYzk4S3hOSWNpbFpNcVc2YUltVUQ1QVUzeEFsLWhFYTJHbHk0QUo4N3hGN1hfTDZ5R2R1RVRnNEpZdkxlTUk0U2kteE8yc21rQXZIYnQ1c0RRLVo2SlQzQjdWLTZMcGlEaTJlWEVsMHNQQQ?oc=5","Reuters","Global","1781506063000"
"South African rand strengthens on US-Iran deal; inflation in focus","https://news.google.com/rss/articles/CBMirAFBVV95cUxOMk9ZYkJsLVFBc3JTeHg4T1ZfRmJqcXRjQmsycWgxWDl6bVdsUGtudGVuSC1ESV9fV0otWVFwYXVOc0JNVy12Q0xNazV5NFhhREwxY0dRMkZnVTUydS15LWFNYlhBd2ZYUDFVWmJpN3VkQ3pWZlg2TTRoSUFPRS1nUnFJLXpKcERyTlRQVXNBSW9nWVZuSHkteEhtN0FUM0pWX1ZyRTlDMHRhNC12?oc=5","Reuters","Global","1781505729000"
"US-Iran Deal Poses Inflation Risk If Chinese Oil Demand Recovers","https://news.google.com/rss/articles/CBMi0gFBVV95cUxOdG80OXpCcVR4SGh1Mk1UZFdPZWtfN3Z5SmxtaVhmLU1pQXVWQ3ZXMHN4U1NRZzFHY2FQQm12eGtoUG5SZGEtTEdTZ0EtNnIwU1I1Z3cwS0NPb1V4VWRlWS1rcGFndUJZOHFESGI2XzBuVzl1bGJlZm9La2l1eFhnMXhVZjJNckliX1pvNDZkbXYyaTZFR3cyUE9kZWdjZDJQNk84dzNYakdEQU16bG95LTlieXZPeWpERmowa3UyM1BILTFBb0NMektGbmNvNWR5S1E?oc=5","Bloomberg","Global","1781505397000"
"Why an Iran peace deal won't pull the yen back from the brink","https://news.google.com/rss/articles/CBMipAFBVV95cUxOc2d5REQ1dUg0T084TGFDUnZkS0NYVFM5X1lwaXlhQ1NyRDg3MXVwM24wc2RXSXBxVWV0a0o0cnZnVjJBRkJrS2tSamkwSjFjUWlaTGlTUmxHdzgwdWlXTVZaVzI5SlJVaDlhTGY1anctOXdjUXZubERZbXVlNmM3Rkw1N290UVhKYlcyOGRPNVpkZU9QTlhGTUJ1b2hNc3A4MUZHbw?oc=5","Reuters","Global","1781505360000"
"Iran announces 'immediate and permanent' end to war","https://news.google.com/rss/articles/CBMiZ0FVX3lxTE9vUGUzMUVFSlBkeVBscUxMS2IzRlBtVFQ2WE94VE5wcUY2dWZtTXg5cEEydklpVlAyUGJSWWV4U3VpT2JWakY4ckFuOHZhMWc1ZmhqMXVWWXU5RjA4OGN4V09UYVMzMWs?oc=5","Reuters","Global","1781504771000"
"Eurozone Government Bond Yields Fall After U.S.-Iran Deal","https://news.google.com/rss/articles/CBMimgFBVV95cUxOb3Z6VzN5cm85bmVVbWpUTU9OYlZfQTFKVkNTcmJuaFBHcDhtdTM5RW1ia2w1RzRjNVJ2VUV1d3ZpYUJnY0FzNTBaMUZhb2p3SGdrallka0VlNzdPNi1oWHE0SGk1STcxdVRfVEdOS3QyZXFmU19ZdGt6amxJMG1DY0QtazJVY1lBNWdYaEdBa1JlMWtZVzBRanRn?oc=5","The Wall Street Journal","US","1781506560000"
"US and Iran agree timetable for peace deal as Trump says Strait of Hormuz to reopen","https://news.google.com/rss/articles/CBMiWkFVX3lxTE54NjFDN2JpbVBfMkp1QzZXZWdhamNlZWd5UFVrb1FIVUhaRjVrMS1DNUZEaVl1UERBX2cxUWhiWF9YWGh3YmE1Mi1oOVFmdW9OQldwa2xvSlBMZw?oc=5","BBC","Global","1781507453000"
"US, Iran reach agreement to end war, signing set for Friday","https://news.google.com/rss/articles/CBMiZ0FVX3lxTE5hTkoycW0yaVBMX2lXeW1aUTdVai1DdGxCbmJfR0lMa00xb2RLeVE3VXBCZjdhMF9nWnBDaEQ0aHNVTnhnQ0JtS0d0TTB5dlp2SWxkWlgzOGZ0bWppNjRXNmkwMld0X0k?oc=5","Reuters","Global","1781505900000"
"US and Iran Agree to Halt War, Oil Falls, More","https://news.google.com/rss/articles/CBMilwFBVV95cUxNVFd4ZjZ0WnhMNFlPVXl5UWV2OVBjZEZCNXBqN1lhd3V5UXA0SjcyTjZSNlNOV2otWnByaG45WGhVUC1hcHVlNHVYel9hQ3c5cTVzVkpRZFY0ZXMxQ1ZBbXVHSV9mVWMyRzBvb0daMjBCNThkN2ZyNENneTFNZ3pVWk9zOUJnVW0tTmJZbXZmZUJFREhOa0tv?oc=5","Bloomberg","Global","1781505859000"
"US-Iran Deal Poses Inflation Risk If Chinese Oil Demand Recovers","https://news.google.com/rss/articles/CBMitgFBVV95cUxQMDhISk0yV1UxeGJhaXAzSExkSWRnV1ZTcG5CTzJ5Wmp3VVdGZXFCRnlsQWdJNlRBandEeDNHeHlHTkhicFlnMXhXcHJTWFlrNFl3bHJkNE1xNkluTVJZbzNVdkw1SUZtU2VfS2l5QVhkOFZKc0Q2VXRTMnJGOW1aalU1Y2FvYlFhUktHVEtKakRQUkh4bVNic0xRb05zdTh6dVNhNXo0bDdvVnV0RXdJUm1yQ1M5QQ?oc=5","Bloomberg","Global","1781505726000"
"Iran team gets Mexican send-off before traveling to the US","https://news.google.com/rss/articles/CBMiZ0FVX3lxTE9tY1BlYWlzRnNxVnpqR2dhOHNsWDNFbnI0YzhROFZSVUJ4enk1X3NnemgyVGNkSjBlUEI0VFJ6QXMwaFRtbnc2YzlUOEE2cFUxTUZ3QjYwLVZtLXBVYnNZaVZueXlGMjA?oc=5","Reuters","Global","1781505049000"
"Who won the Iran war?","https://news.google.com/rss/articles/CBMif0FVX3lxTE5iU3piU2pMY1hRSTZmbmhLNjBRMGp2LWFQYW1KWURNY2Z4Z25pZ3BSZjExWGU5YU40M08ybkJoOExUQlZYQ0VxRUpvVW5hcHlnMGJ6azJrT1hWNEZHMl9lak5OejhVMzVfeENDUFR4THdacVFVWEFlenVsN0VrNEU?oc=5","The National","Arab","1781508355000"
"Defense minister: Israel staying in south Lebanon; if Iran strikes, we’ll hit it ‘with full force’","https://news.google.com/rss/articles/CBMi1AFBVV95cUxNSmk0MjRlRTNRemxacll3MGVXZ3E2RDJQdU5kaURCemRpdDZRY2ZuUENRYW5Pbk1OM093Rkk5VE4wbHN0bVoyNlFFNm44WXhjSmtfRGlEZWdBVEM2b09OSnN1TVB1bTdFMHJxbXFRT0Y4M0QtbWVILW5HbG5wcU5zWUZGdzBFRWdoTXo5YlNNbTVVdm56aGdtMUdHSlNVX2o4SUE2QnRGNU1Fd2lmZllCaktfVFhoX0ZPbnUzVnhjbXZhaHpUOVh6MUlMeGl1MjdyVUVnZw?oc=5","The Times of Israel","Israel","1781507950000"
"Five potential scenarios that may happen with emerging US-Iran deal","https://news.google.com/rss/articles/CBMiakFVX3lxTE42QnlhRUlpWDA5YlV5N2VJYnlxZWktbTRQZWxBZ3B1X3QxWnljZWtQMVdKN2VVcHd1d2hwNW1tUUhQVDh6ZnVqRVJzQmc0cXdUbGlMdll6NDZpNHlwc2JSdWNmV3o2NzktWlE?oc=5","The Jerusalem Post","Israel","1781507612000"
"US, Iran to hold preparatory talks in Doha before signing deal: diplomat","https://news.google.com/rss/articles/CBMibkFVX3lxTE5yY3dldmVLVXllZkxmR3RkUHN4Z1BjUVZneFVVaW9ncXdEUF9kUFFkNVZ2bEk0QXZDZFU2UVdVSXF1U2ljT0NMTVNwUjlJRzk5SzdkMzVqOXNhTTBRZ3ZtT3dMRDg4UXVDTDFYWlVn?oc=5","CGTN","China","1781507411000"
"Global relief as Iran, US sign deal to end war","https://news.google.com/rss/articles/CBMijwFBVV95cUxOSThlcS12emJiQVd3c1l5aEFLWTI3VF96cXFIRFdUTGtDbzl1d1dzZldGQTV1dkZHZ19DMUota2pqTmFidkU1UFFfb1Q5MnpHN0dmSjFrWGhvc2lQX2Vud3RtWUN2X202Z1VxSWkzTWFHd1hYd1AtTzVGdmF5TGZSUUJyVFRmdnlyUHJtZ1lSNNIBlAFBVV95cUxQX2ZTRXIxNUp5M2c2N1dwWXVpd0pJUGpKRHJkd2FrZmFNQ0pSdExDYTJsRE5aM1ZXWVZnLTI4OUZLNENLcUdKRDJFS3UtcU55QWFjMDZVeDl0Y3Y5Wi1vTDVyUXJaU21ocjFnX240QnVycmxKajV1NzdiZkh0ODZlUmFJMjlVeFVTeGtHRmw0a2RIM2Q3?oc=5","Al Jazeera","Arab","1781507338000"
"World leaders support US-Iran deal, Israel strikes Beirut and UAE launches AI authority","https://news.google.com/rss/articles/CBMi8gFBVV95cUxPUEk2UjdZQ3ZNNGpldmhiaW9nU1ZCQ3M5YV85LXVFdGN6YXF5LU0wbFowWXB4ME5yS3ZSRVlQWWFYRkRNMXBIVFRJLVhneE9TS3g3OGZPUFh6Qk9RWl93SnJ5TjNLZVlUS0E5RFowalA2TWdvWkpZSWR1amJVVXVvSF83M1NPMEthRTlBZ2pEVGxna25YQ1l3RkVMR1dNZVZ2ZGc3Unk3bk1OYWJOaUpMMTZoNi13QUkyVnVXYk9wNWw1d3dnT1lGWEg0ZkItVF9zZVc4WUxSdHRhaHpCUkVrSnNyYV9PZ1ZJSmUxLUwxdi1DUQ?oc=5","The National","Arab","1781507250000"
"EU will weigh role in Middle East after US-Iran deal, Kallas says","https://news.google.com/rss/articles/CBMirwFBVV95cUxNWmJiZHpwb2pZdDE2ZVlsWmk3U3AyeVhnVVRVbUV5MG5PcHZFWVpVNHhUdkFJdzlFMDNVWTVKbEhYYnlxdnpSS1ZvLUc5ZE4yT0pfdWFSd1JySjRDZEdfTUh0d1VwTnprUFgxa0lSemJDYmJiZEdWd05xSWRaZTQwTXdNaWlma283MGZxOGtTUXNzUUNQdlFzSGNTT3FQcUJ4TmcxQ25FVXN2UG5udk1J?oc=5","The Times of Israel","Israel","1781507249000"
"U.S.-Iran Deal Excludes Missiles, Support for Proxies, Iranian Media Reports","https://news.google.com/rss/articles/CBMikgJBVV95cUxPU0lzck5nNXYyVHhXdEtfblRQYjVodmNaeEVOZUUxY1daakoyc3g3WXdNdUNjaEJvRGh1T2UxUHFDc2VFdFhQU0lPVmU2Q0ZRVElCOVRQLUFUQjN0cF95bDNwMnNFM3U4ajYwTE1DRE9vWWQ3T1hsNHo1X2lpYVlZMHR0LU5TNmVJV3M4Y3FBQm1raTJsZF95emJYX2NyQlVLTnF5aWVxNFZvZjRCRHhwbXZQX01ETmxYWGRMMFFyejVIdDNwQVZSRzAzc2FmZjYtTUdfTUlzMHJEeExhVWFVenh2dXUzMS1RV2d6dFhRdW9Pb29NbmhGWGItdFNVWW1vSk9MVUpwa2VGNHBiSjlKV1pR?oc=5","Haaretz","Israel","1781507220000"
"European Central Bank chief welcomes Iran ceasefire agreement as ‘good news’","https://news.google.com/rss/articles/CBMivAFBVV95cUxPb2czbTFFWWlPUzBmVURyN01Vd0JBcDZZYUh0T0NScm55cHFyTmlXNlRxVDdLQmNMZnR4YXl0TklmWDlDc0pjYTJrS2RZM3FfT3YxOFNqSm9uZmdudGU5SEF1NE50dTBKVzRUNmRwOHE1RkpQZTNhTGpiTUNQNGgxQnNoWHdWaXJQNDJIZXVUQ3Zwal9KTXFHQjhsZVRfRWc3Sk9kRmlMRlM3M1hjMGh1VFlib09aSEE1ZldVSA?oc=5","The Times of Israel","Israel","1781507085000"
"Israel Concerned about US-Iran Deal but Does Not Want to Anger Trump","https://news.google.com/rss/articles/CBMipAFBVV95cUxOeHJCSW9kcGJvTGl4TjlfWm1hQXF2YTdTVFM0M0d0eUo3M283ZUN5Um5iaFJyWHFJQjBYdlh0Ql9EUS1NcndHajN5elZ2U20yX2tuUXo2eEI4MU9pdEF1aXRoS2loRXQ0d2Z4aldxSDNLdk8yajdfM3NBWFhFWVppcExfZWRoaFZMd1dLQzRQS1MydFI2bVJRTjJXb0o2SmJiRGV1NA?oc=5","Asharq Al-Awsat","Arab","1781507076000"
"US and Iran agree peace framework and reopening of Strait of Hormuz","https://news.google.com/rss/articles/CBMitgFBVV95cUxNRERscC1manFzd2Q1LXZSdGozNWZDX1hnVExTQ0tjUi1FVlZQdF9FQWh6VUNoenp4bjJjdHpzcUZCSml6dHd0dzFSbzZUby1pWkZJV290eFk3SURPX1l3LXBWaDEwSE13Q3ZtOXZ2Zlllck02NmU5eDJicHEzZWlxM1V2Q3pkMU1kbzVTSnYxdTJ1Mmh5SzYzVW1vdFExckhROFk5MTRPOGZCM1ZaZDhUUEVPdllVQQ?oc=5","The National","Arab","1781507029000"
"World Cup: Iranians in Los Angeles divided on whether to cheer or jeer Iran","https://news.google.com/rss/articles/CBMitgFBVV95cUxOdjh4d0RuQjJYWWhFMWFKZm05Y01FUGFpdWc3bFd0VVRmdUxuSGZFNk8waGpiMGwwSDNwRGdLd3RBd3oyNHc5VEZNaDNqeUhNNjd6UEpXS0U4amVyaHU3Wkd4WDRMekZWMy1ZS1BJX2lSNVlaMHJWc1NuWkhhS3g4ekJSWGhOWmVkMG95aGlhYUt0elJOa3B0R0pBdG5fd1JyTzNOZl9kNENJdU9WZG9oQXIxX3FFZw?oc=5","Al Jazeera","Arab","1781506138000"
"Israeli far-right minister slams US-Iran deal, urges stronger campaign in Lebanon","https://news.google.com/rss/articles/CBMi0gFBVV95cUxPY3p0ZU9OMmhaNmppdHZUY2UzNDRqaWp2TXVzbE1OUWwwbEw0OW5fZUNQSnFXV2xGc2xUWHl2ZWdrQjQybzVlUWVrNWVmVzQwRWhtVTN1N3lzd3F6WmlkUmNKQkM4TE5RdzZTVTNIMFFQRWlVTUhFMXFJQUZxS1JlR21ucmFHYXhtdVYzR24yQmg0YVFKLXZzVkxJMGIyRlBJVEo2QUwxQktnTU9jeVNFSmJmR0Ztc0tjdm5XcnhuSUdpWThlVEw3SzdDT1RWX3NtR0HSAdcBQVVfeXFMUHhpS1Q4VEJLNTAwTTN6NHlwckw4cmwxdDI5SUZlQTI4cXFuZHFUbXdWbkxGSjJfbWJXRzBIRTBNMmNDRFZ5eGxMMlktMzBYc0FVT1VLUkRQWlhpclBoa3hOTWY3SURjRml2VFkwbkV4T2gwNEd0bEhidnVGbjlmZE9ScTBzYl9uUlE1ek85QzZzVWU4WmR5M05FYkhMdXBaRzFiT2lHQm5lT19iYUtuNm56T21mcHR3MHJ3QTdKbWlXdmlxMlpaR3dFZ2Z6LWx6TFpEckVPMm8?oc=5","Al Arabiya","Arab","1781506020000"
"Israeli opposition politician says US-Iran deal ‘erases’ country’s achievements","https://news.google.com/rss/articles/CBMirwFBVV95cUxNMW5ySThETGxWUm0yWG1kcTlkbHdoX0NGeVNNVE91cXlseEdpcjNENFh1Q29GZzdLanY1N0pDXzJud001TGFUNXRtaVoteFF2cjViek80b3BKOC15Y2l2THo5YlVLZHZZVUVMVDcyMnF2ODlnSlcwamJpZjdqX3VxSW5ZUGlPMTRYT0V1cGVSb2taSjVYTFdRT2sta2d1UF9IcURDVzFwZE1ibDViN3Ew?oc=5","Dawn","Pakistan","1781505727000"
"US-Iran peace deal marks a ‘potential breakthrough’: EU’s Kallas","https://news.google.com/rss/articles/CBMimgFBVV95cUxQQk1qQVFpME1VbXNUUXl2VTBvZ2hLMlhzNTFuUUItTVlpUXN4VjVKYnl5d2hLYWdST1NWcW9JMGxjRUVSVi1scWhwN1Jienp3TERwTVc0SmZMM2pPWEFiYUx6ckxyQUgyZGhZTVNrMXpWQUo4ZVZwQl84NWhBQU0tWlZtTXI5RWRXVGp5Y25xVmxsaVl6cWFUeFdn?oc=5","Dawn","Pakistan","1781505487000"
"Saudi Arabia Welcomes US-Iran Deal to End Military Operations","https://news.google.com/rss/articles/CBMinwFBVV95cUxPQkFNMTVzc2xrS3h2RGRqcjBEa3Q3SjhXTXRBWkpQUTF2aHlheDhqeVdfR0t1dzlRMmhrNHE0d2Z0V1p6YU5IaWw3TERuaUhMWl9USXVtTlB1MG5jRmRyel9KWkZhUklNY240QUFLLTRMaFZxeDh0THQxbXh5LU02dTVVSi15MlRPMnA0ZlZ1czdFM19xVE5rMjhNS0NFRGM?oc=5","Asharq Al-Awsat","Arab","1781510238000"
"US and Iran announce ‘understanding’ to end the war","https://news.google.com/rss/articles/CBMiogFBVV95cUxQUnp2NGd6X1RUc1FvZWFvb2VSZG5lZ1UwTVN1ZFNFdlQwdzJ5QXNIRW9vRHVLOEpadXhMcXBsY1F1czRiYmxfM0VwUUoyZUJNcHhiT0QycmY5SVVSSUZTRjJ4b0pZQnNRM0JpbzVXQ3BiTW5vajhTY1htX0JHenpVUDFxcWxNOWRLYUN2ZFFualgzcUlTSlpoTGRBWTFFcmFsbkHSAacBQVVfeXFMTUlDTXY1YnpoVkJPcGJVbWllM0RIMV9IdDJZUDlTd3JicmZPNy15NmVyTHdWMkV3WFBrd2ZiOFNSUUM0eDk3aVFsZTdjQmhSamppeXJnVWhmSG5FaVJiNVRxRHdIRjMzdmttbVZLN0czS0V5eVFGT3ZGSnZTaTQ0RGpudngySW1XQVBVMmVDSllMNGhzcVQ4WFdJTGQ5T3hRUWduZm1XU1U?oc=5","Al Jazeera","Arab","1781509760000"
"US, Iran to hold preparatory meetings in Doha before signing deal: diplomat","https://news.google.com/rss/articles/CBMiXkFVX3lxTE5Cc1hOLXdHWmlBRmFPV0JxTmpISy1Yc256ejM4ZVpEbjZaei1VRkhzRS1tUEFxeDdtZEJCSmdFLWMyYkloejdkV1FnRHduTGtvRTUxVjdhV1BLR0I0Z0E?oc=5","Arab News","Arab","1781509606000"
"China Says Welcomes US-Iran Deal, Commends Pakistan Mediation","https://news.google.com/rss/articles/CBMiowFBVV95cUxOOTV2UDJoWldyYnhkcEhWSkVCMDFKWF9QamZoMjBXWW11d05ONk1vTk51NGpQY2xmQlNNTlRuOVJkOVRRSS0xbzBSMUhSX2lRVERRUHdpZ3lkdnlIbWsxY3lrck8wZ0N2RHlHc3hjR2tUYkRIYlMtelZxTWNQVUJHQnJLbnZoNURud3dFcUhRbENLX2loZlVvT0g2dS1pYnNkNDNz?oc=5","Asharq Al-Awsat","Arab","1781509557000"
"Pakistan to host U.S.-Iran deal signing ceremony in Geneva: PM tells parliament","https://news.google.com/rss/articles/CBMijAFBVV95cUxNTzVUQ2hQLWVRTklKblI5Qndacjh0YmoycUh1cDBmaWY0YkY0MFNReXdDQkoyQV9hMVhuRzBaRUs2R3JyOGdnOTU2ZzF5MHd3TXd1b0VXZnNiZEtTejJmOW93ZERYZU9vOE14cEJVUThNX1NSZXlTanE5WmVGUzZaUTNVbEpkWG1PUEdlNA?oc=5","Xinhua","China","1781509365000"
"Saudi Arabia welcomes US-Iran deal","https://news.google.com/rss/articles/CBMilwFBVV95cUxNZE80NllONnZpeXVHN2RqVW1wOGxVSC0yWVU4ZWRjMWJ2YjdCVE15V0Z0QWVBUlhnblk3akp4UURsYloxV3d6RmdXTjdiX19TTVZkY3VVSEpGbEYwMC05My1aZEpmRFAwYmpBeGxpNVYwOFZ1dGpJamJkM0lXRWtTeGVlaUxGcmNVMUd4bnVoR2lxUTRxWmw00gGcAUFVX3lxTE41eVhoallJX21EVkhQOFlUYVlGVmVsN3N3RkplV3lIM3VDSEpFekRYZWNwRElrOWtZNkpORjVaWW1wWmtRYXZJLWdxWjBvREFlN3ZhZU1kQlRMc1NhY1J0RlpweTVOWmJpazRVd0VUbzhEMnB1LXVNS3NBcU9fYzFqam5kRHRwSnpaMDUxSmYzUlZzZXJPTFBoSXFwbw?oc=5","Al Arabiya","Arab","1781509200000"
"We are all shocked’ by deal, worry that regime will feel it ‘won,' Iranian source tells 'Post'","https://news.google.com/rss/articles/CBMiakFVX3lxTE1jWFo4cVhMT2syb09SaHhxQ1lkQmVydWpzX3lFMFZCbERldndpQUZzbGJnMnZsdk5tRzJhcEdoNmh6WkNERDdoaS1Wb2NyUElzTDVSVGJ4WHBadExhelZUOUtEeTJDeTlwRWc?oc=5","The Jerusalem Post","Israel","1781509116000"
"Xinhua Commentary: With U.S.-Iran MoU, the hard part starts now","https://news.google.com/rss/articles/CBMifEFVX3lxTE95YTUybUo1S0cwNWNvbzJaelpENjJkTXRSb01memZnQXQ5SnBudnR1cDFzS3pUYlpPaEppaXNlek9ZUlpGWkhkRmZWOW0tRHlvVGRueU1aQTlsZVpaQmxSdTd3WWdJVG5FemFEaWZ5RWkwWHkzb3AxLWllU2o?oc=5","Xinhua","China","1781509099000"
"Iran's soccer team arrive in US for FIFA World Cup as peace deal is reached","https://news.google.com/rss/articles/CBMiX0FVX3lxTE5ka2lwenNxSnJWNGpFeU1MVmdvX1NabHRSNWp2QXRiZ19ZSzNYMWFONkRnSHVvNFFrbnE0VDN6TXk5V2ZjRjZGRTVlZWdMb3BueXFOVXpXdG05M1BwRzl3?oc=5","The Jerusalem Post","Israel","1781508873000"
"China welcomes U.S.-Iran MoU","https://news.google.com/rss/articles/CBMifEFVX3lxTE1hbXFWSnA5azcyc0Z4emxOSnczdlAxdzhseldnUjFITklPRTdvc004ZzlTclg4RGFHSE9NUXNMWHhleThNNDdVcjEwZ3ZoamlYUjRiZ0IyazB0V1o4NGdYeFhvN19qTS1fS2ZNQUhjSGFBVEkyYXp0Ums1LUg?oc=5","Xinhua","China","1781508810000"
"UK, France, Germany and Italy prepared to lift Iran sanctions: Joint statement","https://news.google.com/rss/articles/CBMizgFBVV95cUxNWlUyelo3UGZvZVhMTU1TZWxKUzBwNmsyMWktWHhOMktfV3htYkpzZ1NMSHlQeXZFR0Uzc0VKeHR6dEM3aXZZUF9COXY0LWU3UTUtWVBfbDhXT2ZvQXo3bk4xRUhkTHNTUDd5NjYwZ2wwZnlPWXlzOVlqVkdlZFVyQ2JZUnFib19zRE9TaDZGR2p4b0hCRG1yUnZBbzUtRlZsM3hrWEdvYnJGbnBCZFVQaFY4MWpyVnFoZXZfMVhDdmZFWGpnNk81MFhUSmJud9IB0wFBVV95cUxORmFfMElSU0hIYzVQczR4RXpGMmVrbXZCclhiQzRfQmlWLUkyYVFGcEJHN0RabGpUdFA5VEJaU1lpMkdyTmNPQzNGQzZBWVpiQUlFRjNqS0N0NlJ1NlRxQjI4SmViNW1mTTJ3V1NIbGIwRk9zUTFGM25NSG5KX191ZWRnZmh4TUF0bTN6MjRWY2s1aTc2Sk1RT3Q4eHRxREEzTWoxM2dCbHdZS3NhT2FKOTJFNDRiMGkwb04yRzNidWNiOVJpcnA2NGdjX3h2dGN2Ynd3?oc=5","Al Arabiya","Arab","1781508540000"
"Khawaja Asif lauds PM Shehbaz, CDF Munir for role in US-Iran agreement","https://news.google.com/rss/articles/CBMipgFBVV95cUxQVkthQ2tZaWE3WWk5OTUxQXZFTnpmdmFRdkJSbU5wcHFBZUJYMTdfMnp4WlVicC1VcXY4RlBBb1kzZHR0Mk9pMWxuNmY1M0NQYUVzcEZ6T0JDTUo1dVpydlItY2w0NmNRLUR3RUt3THExejR6TFF1ZDdyODdudGhfTElncW5DU0kzUlAtcVhaM2trMFZmWjVYNTktbWlMYWpNNzc1c2JB?oc=5","Dawn","Pakistan","1781507644000"
"Pakistan sees economic upside from US-Iran deal in FY27, finance minister says","https://news.google.com/rss/articles/CBMiWkFVX3lxTE9TY3dwbHBSNjJIYkNsejNjRkJRRkFrWUNfTlVEamg2QVR5dGdNV3p1RWVSNDg5ZlV0LXQ2bHpRU0FNYzhjWGhzLTRkbEFEeGR6d0dyU2hvdEJmdw?oc=5","Arab News","Arab","1781507385000"
"Oil hits 3-month low as US, Iran reach peace deal to reopen Strait of Hormuz","https://news.google.com/rss/articles/CBMiZEFVX3lxTE9UT3c2QTVacWs3VG9LNVJaeVFsTWRBdHNHa3hLcXhIbGJmbDBLcXR0UGpTUlVpVW12MTBvMzF4Q3FfVHdOSE55N09fTFBYQWh0dExQR1UzdHJJS2w4N0VpWUo2cEU?oc=5","Arab News","Arab","1781506990000"
"US and Iran Agree to Halt Near Four-Month War","https://news.google.com/rss/articles/CBMiwAFBVV95cUxQNlQ4VDR3N0FTYWpfNkhmbjhDZjhDVkNXaEVoQzFzZlBVZHJDMU1FVkxrX2NoVmlQZm9YNnhvSGNpNmEtZUJ5M25Ga0kxMi1nRXJmS2xxME9tX2JJaGEyNVdrNjJUNU1ITlEwUm4yYmVBbjdEZE5IOHRSbGYxMkxWOUpMT1FUb1pmc2N1WkRsMkRWUVNqRjA3cDVERV9wanlxV19ROGlmeXdvTVpia1dsUy16OWY0Y2ZST1JKekhrTjE?oc=5","Bloomberg","Global","1781509844000"
"Ibex 35 tops 19,000 points after Iran peace deal","https://news.google.com/rss/articles/CBMingFBVV95cUxQZG1fZzZRN19BR09SR2V2VnpSaEo3UDBuUW1iVTl2SlliWEwxNk9tVGxZRUYwN01yQ3E2enFVZzFCTGgwR21Ya2ZrQ2RhUV9iRFlZT1lDb2pDNklhM3FhWjBRRTdwUTdBUE5wZ1lkXzdpMGdXRVgzZ1ZMTjN4RXpMY01BajNtVm5lVjRlOXdaRU5tRVUzLVRnVHZVaWE0QQ?oc=5","Euronews","Europe","1781509746000"
"Oil Drops, Stocks Up as US, Iran Agree to Halt War, More","https://news.google.com/rss/articles/CBMiowFBVV95cUxQWWJPWnVnSEVYdnBxWldQRkY1dG5RRHRTV1VOQVJlbDdDY1VtdHdpcEU5dXg3aEJCdHVqTWJRLVdYSW5veHU3YWZvT3JJMDV5aDlodEJjbVB6MWc0Q1R5ZElMY29pV0lXOF85R3IxenI5UVlnQmN6TEd2QnAxVXlGVk4yYTBfU2NSUFVHYnNVbHNmREFsOWZHTHdZU0dybTRiUDFJ?oc=5","Bloomberg","Global","1781509432000"
"Most Gulf markets gain on Iran deal","https://news.google.com/rss/articles/CBMijwFBVV95cUxPUmotbGl4NjhkeHVKN3dWMlI5TkR2bzM5aUROTzFBY1BxNUg4WWVKVU9EejVsZmdxSmpRSzdsSzUwMW52VFpsZWdILVd4ZW1UUVRJNnYtLXVYN2JWQWllWnBEU21HREZWRkFCSkctb2dYc3llc1U3b2IxcE5BSG5admJoSDRHUUtOY1RGQUdpUQ?oc=5","Reuters","Global","1781509289000"
"Iran updates: World leaders express optimism for peace deal","https://news.google.com/rss/articles/CBMia0FVX3lxTE9tRG5na1BwMUN1Tm5UMG93XzI0N3VwTFBDYUJxSUNMRG1oQlVGeHBxakNjb2xsUGRRYzhTRUxLazJXNThGMGtwa2M5cDNhMV95blY1REZBVlA3dGNrNWFIUzNnNEpVaG9UQ1E4?oc=5","DW","Europe","1781509275000"
"Tentative deal on ending the Iran war sends stocks soaring while oil prices fall","https://news.google.com/rss/articles/CBMi1AFBVV95cUxOSmJRbklyRFlXMXhxMTBYVkw2ZjBoc0NsWHMySU41eVdTY2w5QXpQN2tNMmtKZng4Yl9jaHN5ZC1FNjBCS0pqQ01DM082SFRoRDUyZjdId2FMZS1hZjN1U2thRDlMVmxsVHVqMzJMZFFjM0toWU5DTGt1U2tGWndVRzFFSUVwbWUtSm12Q2NFTGlnelJlaFlsNGY4Um4zWnZqbmxWMEZ4dEhVTGh2WElEODc1bUVUUjVhV0dQb0pfZUp5N1J1R0h5NEVYWTJxUjBNa0t3MQ?oc=5","Associated Press","Global","1781509200000"
"EU ta jinjina wa Amurka da Iran kan amincewa da yarjejeniya","https://news.google.com/rss/articles/CBMilwFBVV95cUxNM09NVjk0MjB2UWczX3ZxdV8wa0R2ZmhMa1ZMOTFZUnNXTDRQYUdrUDBleldsRHhXQnc3ZjF4OVY1cElWNHdycWlPNnp6eGN3ZGs1aG9TSHZVYW1KZjdfUlZiX3czRk90M01Lb0dMaVY2dkd3NTZSRjVfTGRNd0EydmlwRnUxckVzZng4MzdmS0M4c2ZwN3Fv0gGXAUFVX3lxTE0xb0p6TFhyTWt4STVnV3V2YWl6eG1MSGRwSTdhLTcySXc0aXpIRTBuV1NIZlNHSXVVWTVzS0x2N3ZoQlBVWFp1NFR1YVNoTC01dWZ1OGtwUklyTFM3cm55R0Y2UnBjZjYycDN2eTNjVDk1QVNCNll1Z01rNEJ6WXVaNXc2TlMxTUhmVDJLOVJrWjBPMFEyMG8?oc=5","DW","Europe","1781509158000"
"EU leaders welcome US-Iran deal to end 'costly war'","https://news.google.com/rss/articles/CBMi0gFBVV95cUxPS0pCNEp0aE1yVm1sN3g4WUJxaVF4cFh1akNtMUpfOXZRYnp1WVBxZjZlaGc3R2JvV3BRbkFQdkJtY1JReXRvRVNzYm5zcFhoSkU2YjdWQ3FXOFJhU3pHSURwOEpndWlycGhpNi1vZ0hHYU42d0xYdjhnd1Vpa1V3Z05vNmZDUGhTbUVuSGIybi1xWDRrVzVOWHlOUWtpcTg0YUp5SFpFeG5CVXJGUFhwUkJxWTN5Wk5ScGlLc2trOGJ3bldvSURMbFZJVnJ6d2gteXc?oc=5","Euronews","Europe","1781508798000"
"ECB's Nagel says no inflation relief in sight even if Hormuz Strait reopens soon","https://news.google.com/rss/articles/CBMiyAFBVV95cUxQbkJjX21FbkRCbWJqUTJCSzEzSnNVOTZvN0kwM1ZWekNNWnp2ajk3UFMwSlVhN1RBRFRIXzZ1b0tzTko5d2hIcmZvWGlwcm9GLW9SWkUxYU5LeEdOR05zdkduZ2xGY205Y2ZpVFI5MDR6cTcwQTZtaXZZLVBOejlXYnVacjQzdkdYNWZsU3lVNkFhbGhHSFpDaF9ETVFYZ1dtQ2hWYWU1NWNDQ1ZvTWduczE2UnNnYm8wLXhITThkdFF0V1RjejJYeg?oc=5","Reuters","Global","1781508703000"
"Global stocks power to record highs as US-Iran deal ignites ‘risk on’ rally","https://news.google.com/rss/articles/CBMihAFBVV95cUxOQk9FNE41R0hfSHpRbTJpYjBGMXRPTTRON2hrY056MlVsbDZWRjZKNHI5dlBSV2JiaHpBcENBMnVCNUo4dWE4cGl3NF9OcWdzZDlGdi1Oc191U2k3TzdUU2QxMXo0TmlmZ2ZjTDlIeVFxNW9fUVRKUEdtYkdjM1FBdllQVGg?oc=5","Financial Times","Global","1781508600000"
"Body found in parking lot outside Iran’s World Cup training base in Mexico","https://news.google.com/rss/articles/CBMipgFBVV95cUxQWGItdkktczZVY2xuYzJPX2V4bG1OeFFWU3lWSlZYamNSQlN2RkdlTHFCbDZRdV9HZ01rTHhaTVMwQWN4MFVEdlhzenI0Tm82amkxZ2pIZ2NJRFlGbmNzWFctQ3N1WmU5NlJYN3l4ZExZMjVKdndlMURqcVFpMzBVV1U5WXpWY0ZxVHJPY1ctN0hmbEZWWUYzSlZuV2dxcVloNFZaUUtB?oc=5","The Independent","UK","1781510760000"
"U.S. Futures, Global Stocks Rise; Oil Prices Tumble on Iran Peace Deal","https://news.google.com/rss/articles/CBMipwFBVV95cUxPTlJJYUY2TzY4Y19kQXFjSUpVQmVIMmxLenBVbVVmeXB6Rk5XZm1lYm9pNDhvOTRENkJKX0hncXJSXzZFa2JWT0hKWkl1TEpKY0RwbENyanE0LUM2eXdTcUJTTVA5cHUweEl6NFRPbVE3SFRKQkl2UmE4SHVHdjRiLVltTU1MWnVZVndBRXhFLS1hVDNLSVBMS2VyQWRUQmMtbWx2b0U1cw?oc=5","The Wall Street Journal","US","1781510359000"
"Video: U.S. and Iran Reach Framework for Peace","https://news.google.com/rss/articles/CBMijwFBVV95cUxOMU1RNHJhMGtBc285cWN2OVJGQlQwZ3BBUWZZbVBPdnJRWll3WXotWms0bHpKX1otbEJuR0Rrbzd4TDhQZXFSY0NyZ1J1dklLWEg5aU41dDZaRmVwUXU1VUdpdXB5Q0NvWGUyUVg5d0RORldodV8xbGlkS3llMEszMzM2STFyR2k5ajQ3NWhVMA?oc=5","The New York Times","US","1781510351000"
"Afternoon Update: US and Iran reach peace deal; shark expert criticises Tony Abbott; and the Socceroos’ it-bags","https://news.google.com/rss/articles/CBMijgFBVV95cUxNYTdReFYtbDdpWlpOM0hNTUNNaHp6XzNIQXVOTW5NOHhoRnp1Q1FvamItYU5GY3NDRVVLRzFvdG9reUhZSWVjZzVORW90MF9DT1VjNHNFU1p3SFNiUDhVWVp3SEVQSF83cm44RVBPemhWa2RVZ2wzYk5pYzJQTEVfR296dEJpVW1meWRjdnNn?oc=5","The Guardian","UK","1781509200000"
"Lebanon warns displaced against rushing home after US-Iran deal","https://news.google.com/rss/articles/CBMiuAFBVV95cUxOVnUyeUdkRldVWWtYZmp2bWRwemZDd1d3Q1otckVFSWVFTWZrQkpPNENPR3gwY1dESVNQLU1YbHVMdE11QzNpQThheXBYMnU1aWRHU29RMXhYSEZCTWREZDRNbC1Ga3BldkdkOTN4Y2xUcXhzbjBVSldoV09Dc0ZvdzFnZi1HNklyS3dneHU1YXZHUXl5cG5KY3ZBeWFYT3lGV2Z5bTdPRHViU3JGaTBBSDlKUEJGVzYt?oc=5","Reuters","Global","1781511434000"
"US Stocks Set to Rally on Iran Deal to Reopen Strait of Hormuz","https://news.google.com/rss/articles/CBMiswFBVV95cUxNeE9sNTliVjg1Zm9Ucm1COUpsc0dPOE5KTVZMZllaTnduSHVCWmJ1WlQ0SVB6QU9idmlPWndMQ2lEVXRibzZRRjV5OUE0akhPVHFBOGV3SmpSY0Fnbkdpcm1RdFFIdy1RQl9EbFo1ZjJzUTExWUM4MW1PZlh5LVJkZEo3VmpOZkU3MktYdXpJbjNDQ1BZZnlIdi1mSkE0N1NyUWxZVGJBSFl4bl94dm05RDViMA?oc=5","Bloomberg","Global","1781511367000"
"The Iran war in seven charts","https://news.google.com/rss/articles/CBMicEFVX3lxTFBSclI3S25BSkZUWkdaTVlFR1JKVDk5Um8xdUtXaVdudFhFbFMxcVlueEJiSGx6TERqQkczQTNkOWFoWEhaTVVHVzk3ZTg1RHNPUHRKOTRjeWZlRzN2QmtZT3hwS2pTN2VQTHZvX1ZCVDI?oc=5","Financial Times","Global","1781511081000"
"Oil drops to $80 a barrel and markets rise as Trump touts peace agreement with Iran","https://news.google.com/rss/articles/CBMixgFBVV95cUxPRHJGMVpmX3A0dUlEMjRfd3E3MzVOcGVRVWw4WUVnUWlYWVFIVEFZWC1OdnFWbXZFUmUyenFJeXZLQU9PUk5vNTlmcDlpR2lrWV9NcHZKUm15dUkwd3ktVWppUC02V3RWN21ScXpEVDNPdmxOMmVqQjI4bFZQX3dzMC1HYnRGTnJfQXpTY1NJdHo1OUpidVNvTm52WU82R2ROZjJNM0tPcnB6WlAyV2Z5NExTRW05aGZ4cFlpQ1lmajZfYkxfaFE?oc=5","Euronews","Europe","1781510942000"
"Iran, US announce framework deal to end war","https://news.google.com/rss/articles/CBMitwFBVV95cUxPbHI3MmJ6Mm4yODJrcjVjWVhxV1RPQmNBWU5MdFVjWnlCVmxTTFJOUEdDWnJvSFRjWGhCaExIUVRZRFEtZmhObkhDdnd1RFIzS2hWblBpazR6MnoybWZUTWRGLTlyTnU5TEZGMmJlVmpCYlV5WE9JUUF4S1g3dnlWa25qUURPUHlaamQxN3kyT0xsY0t1VEFzSWF4VEllbzBUSXN3S3NPWHlvTDJaQTl4NDVtUnlfbmM?oc=5","Le Monde","Europe","1781510821000"
"Ibex 35 tops 19,000 points after Iran peace deal","https://news.google.com/rss/articles/CBMipAFBVV95cUxPMVdPbW1WM2Ezc2wtSjJBRkM0QlhKa01IeVRiVGlOaWI0ZENEaHI2cVBqZXA2WGtGb08yQjhyV1RTRjlMXzAwZUZwQ2FpdDM3Wk4zeGdpNDZ2UjNydGFTdWQ1Vkh6VGxYUWNocHY1eFpXV1FhQ3Z5Z1Y0YlhSZzNMbkRMdGdPUnVfeURxRnpQczhXTmpOejZiWE9qVXRnTkRUZTlETA?oc=5","Euronews","Europe","1781509746000"
"FTSE 100 up and oil prices down after US-Iran peace deal","https://news.google.com/rss/articles/CBMiigFBVV95cUxNVm4wZ0VnMUk5a3ROM2NyRTFralVaZF9oZ0gycWdJMGhXcC1KVTJWWGN0aHdwVXN5aVBaRDVBbWhCNHpTM0ZhbFpFNHFVWnZGaVpvaFBha3BnMUFXOGpFYlFqdl94T2h3NjVSczhzMWp5anFJX2RhOVU0TkUwdDVvV3pTV3VTREt4X3c?oc=5","The Independent","UK","1781512080000"
"The Latest: G7 leaders likely to discuss Iran and Ukraine at summit in France","https://news.google.com/rss/articles/CBMiywFBVV95cUxQekR4czU1QTBVWDlCSURsZWtadWVHMTJFWEJfVkZTOFAwdmlXWlI2MzVPN0M1TWJnNzhkTXNTVVpmajh6MzFqSFZIbVU4ZnYxUWtEa1FxckkwbEtKWDEyaTZEQTdCeTdGU3JZWkxFSzNTWDdybDl3bnIzdWJUR0UyNVRzQ0kxSFFIREJwd2dIelFOaUZBb1BkRXQ4R3RwaTRZaDZaUG4yY0dzLVNEMHloeDhjMFB6N2htazF3UklvLU82czZTTThjRm9Tdw?oc=5","The Washington Post","US","1781511302000"
"Trump’s Iran war costs UK drivers £4bn in higher fuel prices","https://news.google.com/rss/articles/CBMitwFBVV95cUxQYk1XMi1uUnNLNC1XSHktd2NWRTVKZGRfNGlBbUJtNndlR0RuWWY4VGItUXVxWDZNRmVLMlR3SzdLcG5MOEVGRjMwYW1oSDJ6RjN5T1Etc2oyc1p6ekdQUktsU0FVcm5mQ2NFNTVHclRVMmVNb2huekhPU0EzdlNnWk1ac3VZNHVfUXd5ZlFpeENNczlza2hON1p1RklyRVVoN2dTbWdZWGZ4R0ZGQ2FfWFNmdWp4WHM?oc=5","The Independent","UK","1781511180000"
"Saudi Arabia welcomes US-Iran deal","https://news.google.com/rss/articles/CBMihwFBVV95cUxQS2ZyWUpNOTc0eVJUWXlkZmhYSWZ3QTYyYi00OGg1OGFDVDYyM1FtaENzM1pDRXpZN2JHMDcyNU8tckQ5cWR6YnhtT1B3UGV4YVk5WHFpcW9TQVpYbC1FWkdJemhBajA1b3RYUVBiWkxZLTJ2WGthc012MjNvczBBVmxJb3VFWDQ?oc=5","The Times of Israel","Israel","1781511550000"
"Global Leaders React to Announcement of U.S.-Iran Deal","https://news.google.com/rss/articles/CBMi7wFBVV95cUxPdFRnYXNjNmxEeVF0SjBsclZic0tZX01VVGNHM1NyaE5yQjNDYnZWSmZwdmxpWU41Nl9XQ1c1TTN5anlDTUd3bkItXzFtSk1iWS1acmRlWnZkcS10RWF4aXQ4X2FabnZpMjZPTWg1NEI2RGNhU05fTFdjWVo5d0NPRnROWFdTVHNGbThOWTQ5cGJEOVh1WGtHYWYxM2ZvSU1FX0h1eFVLTEFPWU1VY3RQOGF5QTdSNEdtNnRKTVduMlZTUU9laXZ6MWZsMTMyN0gzRjQ0dlZMQlZMaUNfbUEtb0t3SnBTNEVaM01fbUFRWQ?oc=5","Haaretz","Israel","1781511480000"
"Lebanon Warns Displaced against Rushing Home after US-Iran Deal","https://news.google.com/rss/articles/CBMirgFBVV95cUxPRE1ZaVN6UFRBOFVpd0RkMXJIdTRsandfaGNiZTVEWkRuNk5LYWNjRzNiSS1hSWs1ajlGSFhod1h4TlRGZ09GUXhMakdBdVMzQ1lTQ3RwRkhBb0dmaEpKdVNTemVLSFNJMDlwLTJnNmJMMDNKU0tSX1FjaW45VF9YNlBUM0RNcXJZSXkteFJmaUJvek94ZVBsUzQxdzVOTTBNUUpvMGZndnlSdDlaU1E?oc=5","Asharq Al-Awsat","Arab","1781511374000"
"Lebanon 'not informed' of terms of Iran-US deal: official","https://news.google.com/rss/articles/CBMikgFBVV95cUxOTHd6VkpiY0ZjZGRKWjJwUUs5RVVEaXRoZmZaVWk4RGpPUEVIUkRYd1czWDgwTElMdENIbnlUdDJhX2s0TWhKOFh4WnlhS2w3NnVjSjZadG84SEwySGcwOGIxUVByNVM1czNBaWw4TkVIQTNJZm9GX1JXaFJkZUx4b0JCb0U5bHd3WEJNYXN6TkxoZw?oc=5","Dawn","Pakistan","1781511137000"
"What still needs to be negotiated in US-Iran ‘peace deal’?","https://news.google.com/rss/articles/CBMiowFBVV95cUxOYnZZZ2M0ZmNyWDJ3ZHFoeWIyOVdfa1Y2cVJraTYzbDhaNm5VUW9oQ2ZwbTJucEQ2Y2YtU2V3cHl6NlNKeldyZTlNMHZUUzd5R3FxS3JSeU1Nb0F3U1YzUXhxQ2ZfX1M3V1RBaTAyZ1ZBMzNORzVxRFg4dVBEWkpXUEMtNW5EbVBSODZhNmRGYnlyTlRMbGx3ejVoTjY1SFlaUlJV0gGoAUFVX3lxTE5YekUxckh1X3YyQTBFY3lYbmdpbndTcFh2dTdTNnVhVHNwclRjby1QeTUtTGwtOC1XUHpqMUFZbGpmZEFLTDdnX0s4eWZjSkxLWDJFaTBsTnF3ZmFzY2xtZUtSbWk1czM4UHI0NUR5OW1ESDg5c1A5cEIxQk1QZWoyZG5uTjRtaGllQ3kyM1c1M01USmJnVjV2cXo0S29HbUt6aExKVnpmMA?oc=5","Al Jazeera","Arab","1781511079000"
"Pakistan to host signing ceremony of U.S.-Iran peace deal in Geneva: PM","https://news.google.com/rss/articles/CBMie0FVX3lxTE55M1R3VzZSRUVLNG43dG45TGVRRjNMd1BKem9Ha1h0ZVZKbk1VaW5mcFl0NlNiWTZOX0Y4Tnljb3VmVFNVQ1V3anNxMEgxTG01Q1B4RmFWU0N4eVNNaUVVTWR6YUttd1pSYWpCSVV5SWEwZXB3eTcwX3BXSQ?oc=5","Xinhua","China","1781510880000"
"Iran war day 108: Iran, US reach a tentative deal to end conflict","https://news.google.com/rss/articles/CBMipwFBVV95cUxNd2hsWWpuZmV0MHJmYUdNZXNZeUpRQ0FqalB5VmtWNG1jdlUzUVMwRTU2RlFQN3hJbWdJanpPQnJ4V1B1WTB0blZOMTkyaFZaNjBYV3EwS1V6UzYxbWw1VXdTYzJ0UlRXMFdhSUdWM044WkljV0Rpd1ZuMnNzY1g3WWFHdXZJQnJ1emVGcWs1VVAxU1o3cURWTUxJWWdWSzFORThIYmdrWdIBrAFBVV95cUxNQ3RsaDFrTmk0QVIwX1ppeWlXaTlSNE9Ra1J2VTF3U2trUlFwbUFWT2hqZEpKcjVULS1FYy1jUHZ2VGZVX0ZURWt4bDlLdEdFY1ppVG1QQTZ3Y2tiSWNZZ1N2cmxnVFIxcXItU3BGUWI0YmkwX3JYdllaWWVCSGl2d2k1LVZZZ0dHbGNzcHFyM0hPTzcwdW9Wclo4b3FCZDNZb1dLSDNFYkNvY0pF?oc=5","Al Jazeera","Arab","1781510621000"
"Egypt Says US-Iran Deal Could Be ‘Turning Point’ for Middle East Peace","https://news.google.com/rss/articles/CBMixwFBVV95cUxQRnY1OHBDZy0zUk94eXFzTVpmWURLY29fd0pvNDMtQ3kydGpHeWlyWl8zZG5FOEI5VG9fdG1zRFh6Q3NqRUtTMTMzNkV3WkRhazN2TnFIbnUtakh0ck0tcENfMUVZYk10VHB1bHI2MzVKWWowNFA3dmlJbnR2bTNlSTI5b1hKVHlwOWZqSTJWNEtTajBUSzNyMk5uX3hBR2gyQzFFbkZMNk1KR09lLXR6Sm9vSlotUGUyS0d4MnNiX1A0T2g3SVRv?oc=5","Asharq Al-Awsat","Arab","1781510509000"
"We Talk: How do Mexicans view the World Cup controversy over Iran?","https://news.google.com/rss/articles/CBMivwFBVV95cUxNeU5FNWxfd081QTRGYzByX0Q2eVpMT3NUcWRLR3FlMy1nM3ItUldzM3pvaWptYnFvZVdHNzZ0TmFVOFJIemJpbDZaOHhINnVmNkZVbU1YTFFaaEMyekIxY2VjZ1ZiaXNwNk15RTB0Q0ljR3NUaGFnTGFMSzZBZUptR0l1WGIxNFRfNDRsLU42RzJhaVNCNnp6YzZGQ0tjOU9uZkNncWZZZ19DcVhpaWRoSC03NnM3LW50UHpGckl6dw?oc=5","CGTN","China","1781510460000"
"Xinhua Commentary: With U.S.-Iran MoU, the hard part starts now","https://news.google.com/rss/articles/CBMie0FVX3lxTE5fblczZmNkRjY0WHd6eDNqYlFVcDlNUTFVVXBoeWY5SmtPREpZazZXWEhld1lwVnE5WkluU2ItZTFtUV9qMUx6a3Nja0ZjZFlLeEhaend5d184NnllT0wtdFNTQldiSk9fbUFLMHBrdm8teldtQ1hkal9POA?oc=5","Xinhua","China","1781510250000"
"EU welcomes US-Iran peace deal, signals engagement in next phase","https://news.google.com/rss/articles/CBMivAFBVV95cUxNa1otZEswc3hncFVEYktUSkdub3ZLYTgzN1BocUhLanN0dHZIcWNmSmIzVXp6Q2x4N3lJLXlldHBvSGpMVXc3NzJUbnN0dXVjZWlCYUlhekhFalBseF9kY0dHaFhGX212WXBTSERWclB6eXExS2xvTVlnLTlNbjZHMTJKYnpOcl90d1JYYVViNzkxWHZtSTVJOGlwczFVbFZWOUJpazdUR2RHdVVLc1BST1pBN00xdEpYNDhFWQ?oc=5","CGTN","China","1781510073000"
"US, Iran to hold preparatory meetings in Doha before signing deal: Diplomat","https://news.google.com/rss/articles/CBMiywFBVV95cUxOdC1qdGl0eWpyOV9LM1gxRnBnNW5HOEZyZFFoQ1B6QlNBakVNeU00LWJ3czVfSU5sNHZ0MkVacC0zNDRJYXBkVk0zQWVjQ3JMTFJUdnRSd2ZQbGlHeHphYUdoRFVUeDY1NVBKQzZqWmprMGVId3NLUEU5OENKa2ctYWRMLWF5NndzcnNxVHBKelBITElaNTMtN3hzRnM1TWY3MGUzN1RsSjV6T3I0SVo3WmNMWlJET0N4RExyWGRJdUtDMnFpdkRzczRqd9IB0AFBVV95cUxPZlJ2Q29vN3hsVDhGNUZJYTJ4QVJWRkVqcVlrMlNDUjFEcDFLMU4tNEprcUpUNHNiVnF4YnBzQXg0QjlDd0djRTRXbmpiRENfMURDYzB5bzkwOVNkYk8yWFU3MEdpWjEyeE1ES3NfWWxnbEE1QzdzZUl6aTFMX2hKeHBwcGZPQ0JZLXl2T0xCQ2JxZWtVSmhpbDUtTUhwNG5ST3ZTU1U2VUR4YnZyMmFsWllmV2IxZlhBbVRGQ1BubDlpQ3k0S0dCY3gtZ01oVHFF?oc=5","Al Arabiya","Arab","1781509440000"
"Israel vows to stay in south Lebanon; if Iran strikes, we’ll hit it ‘with full force’","https://news.google.com/rss/articles/CBMisAFBVV95cUxONkVqNGtpMnkzYzVNWDZ0c1lXcXZpSG9TUUxzWk1KNm1nRDlQal9tM1A3SGNUb1p0cE51MDFZbTMtY01ud1gwNEJVVDUzOHBVN2lVdklIcUtqTG1RYUR5a0RxR25kMDFFM3p1Rms2UDFSWHBlYjMtMFBkdXRjTHRDbzhwNzJfa0NEQ3Z4UDJlTnhDdFJ5S01oei1nN3RESnQ4SjFKVF9BVjdJVjg5RkRyedIBtgFBVV95cUxNVjNIRzBnQjFQckRBTVNrRzIwMWdONm9GdURISFJhV3ljN0RWQXlSZlJGa1ZDTm10UXNKbDBZenBYclBCOWR2by04ZVItLTJCODlPMW5yZGJXSTBIR3hYQmtmTDRDcFBaTldub3R5WTVxVE5pU0lKd2UtaGpITjJiUUo4c2NCZ3lWZS1SVmlvZzlCOVUyLXl3NFdyWW5sR2JPNG9YeDFQcUpER2tGbF9lU0VmNWxMZw?oc=5","The Times of Israel","Israel","1781513985000"
"Most Gulf Markets Gain on Iran Deal","https://news.google.com/rss/articles/CBMiggFBVV95cUxQWkkwbDVocFlTNnd2dk1BM2xkYmVqTkZRMThaNGV6OFhKX2NDNVRnX2tBVHNadlBXLVlLQW5VWF9ReFFyZ2RxNlJET2s0bFYxUnF2eERwQUtjV256ZTd5UjlQd0YycHBRRXMzcWwtMVhFTmttNlZjbmhHREhwRFplT0lR?oc=5","Asharq Al-Awsat","Arab","1781513661000"
"Pakistan PM says US-Iran deal a ‘historic step towards peace’","https://news.google.com/rss/articles/CBMiqAFBVV95cUxNV2ZvUmx2bXhhZlBGNmc3Q203OV9NaFNfeXhNUHZEanBLRkJ0Qnc5VXBEYThTT05hQ29YNUx3di1kSWJRS2UxbjNWem15MnNGOW9tU1c3NXFsdW5nMk9rM29kNkNPanRIX28tTHZtT2NrSnljck5Za2xFV0Y0M1hHekRTZ2FFTHlGLWJhQ19WdEdaVTJ3elgzYlJINVFPeDNEb1l2czZTSUQ?oc=5","The Times of Israel","Israel","1781513650000"
"Xinhua Headlines: Iran-U.S. deal brings hope, yet deep divisions persist","https://news.google.com/rss/articles/CBMifEFVX3lxTFBvY1YtNnIyU3M4RTdzdjNtdURsa3lQOUtRMkZSQlJjWkE0UFRfanNmODZRLS10Y0xza1Z0U1RxMU54cENiSzloZ0JndmxoX2pyV3d2Vl9pUGFMZlRudWM1VDZoTDVNQlFiU3kzRTFRcUd5NTJOT3FuVnNZX2I?oc=5","Xinhua","China","1781513536000"
"Lebanon warns displaced against rushing home after US-Iran deal","https://news.google.com/rss/articles/CBMirgFBVV95cUxPcFlnZzBPbFNJUDFzdGhVX3BoZklzcklxc1NSOVVVZWpqbUNSM2RxZU95RTYycUpxN3YyWmFqdjV0SGhvNTRRUmNWVG5IVHAyVFNaeXVfRDRndjZKeXlXdlNXaTFKQVJMME1qSmpMd2g1ZnhMZDB4VmFqbHY0b3V4X0M5WGhKU2QtYTJrUGNOdFBYQVNfbmFoVGhYSUdVRllJU0dSaElpMEFtWmFUM0E?oc=5","The Times of Israel","Israel","1781513350000"
"World Cup round-up: Tunisia thrashed, Iran reach Los Angeles and Egypt vs Saudi Arabia kick-off tonight","https://news.google.com/rss/articles/CBMihgJBVV95cUxOeU55QlVzUlRFd1Z0SGFMRGJYcXFHZmF6U1VLQXNGazRvVzhZMy1maHFkTkN2cXVPYTZOUWlhY3dSWHVYRmdmZl8xTnYwbDVjaE05SEQ0Zm4zU1BaeU5PY1VVSnR5NF9DbHlhRG5EV2w1SU5aWGlqTmdmN1J0aEstZTFWMEdvWGh2NTE4RFQ1c3lkaFZqWDZEeEZNakg5RFZWcldPUHhuVGpFTVhFcC02TjZGVy1zeGdDWUpFVVZfOGpybkVkMkZTWXNJRGctWnlmU1U1bU9idk9LQ0lWcUJvdDlCdmtMUWVWalhEdzltOC1FSFZ2VU9jSERlV1MtR3ZHWnoyT1Fn?oc=5","The National","Arab","1781512947000"
"PM Shehbaz says Pakistan to host US–Iran signing ceremony in Geneva on June 19","https://news.google.com/rss/articles/CBMitAFBVV95cUxPYk5haWlSQ0lwVnFEaC1NRGExSlZzV3dZbVRPa3EwNjc5Uy10d0J0bGlkaktGQm1teHRuYm9ZWXNtZ1J4SmlacHRmRzlQMWZYcWx1RjNhZGY0R2xUVTdud214QXJzR09SUHhobFpheUpZOFo1bS10ZkZoRFdBcmtlblZ6UjRrOXBMemhNdEpUTEltOWNIWF9oWV9HSEU2bWw0aHNfenhiVzN0dVUyeXk1UWsxRUg?oc=5","The Express Tribune","Pakistan","1781512614000"
"China welcomes U.S.-Iran MoU","https://news.google.com/rss/articles/CBMifEFVX3lxTE5wbVlPM29UbVFIZ2FYQ2dnbnZXc0lJYjJHM1pzMUZHUHJ6amRkOC1XZnpObnZNUjRzSmxZLUcwZzhXMGJkdVFFSmpOR0RIWkFuYXNtd3MzNWd6ODZjaUc5UGRRXzlBWEpIU1ZXbHBxd0RKNWg3ckY5R1ZaR0Q?oc=5","Xinhua","China","1781512380000"
"China hopes for early resumption of safe, free passage in Strait of Hormuz","https://news.google.com/rss/articles/CBMie0FVX3lxTE1BQTJzRkJDOUZDWnh2dVpVRThhU2U5WmIwTll6c3N3LVdRZFpBa2VlcGJsaHlVM3pfczF4MUNiUDhVTTh2V2REY0ZfRHFua3plRExLcHZjNXpzbXBySmI3NmYyV05OTC1LZFJhSVBvQXZYaVFmc3dINW9zWQ?oc=5","Xinhua","China","1781510970000"
"Pakistan says will host ‘historic’ US-Iran peace deal signing ceremony in Geneva","https://news.google.com/rss/articles/CBMiWkFVX3lxTFBUcTBSVndLOXV3OVFxNHROUXZJXzhsVGdRZEtkeDk0cmdTY1lCaENHUWJtQlFJVkRsUHhaMVdRYW0yOUxyZHk5cE5SYzhTclhvZzMwMEszQ0lKZw?oc=5","Arab News","Arab","1781510774000"
"Europe Says Ready for Hormuz Mission Once Iran Peace in Place","https://news.google.com/rss/articles/CBMisgFBVV95cUxNN0I3ZjNXdS1sZy1Xa25fUVY4aGdYSkFabjF6aG0ySFRWS21qa2gxUnp1MUVzTFJRZ3Z0eDFDQlF0Y3Y2aGpGR1N3QnJ0WndEdzBiZDdwd2R2dExVb1NmNHRtUDdjUGNaWS1oMHFmVGhlVC1kY1ZENXRDQ05TaWFBLVRyeUxoYm1vMXlzdl8wVzNlQVpRYk1UcDRoQmd3ZkROU0lObHZSSV9SSlVkVnBpTjdB?oc=5","Bloomberg","Global","1781513075000"
"US & Iran Agree to Halt War, Restart Mideast Oil Shipments, More","https://news.google.com/rss/articles/CBMirAFBVV95cUxQUHFBbmJkdkZJdlZyeHRiamNZelJFbW9sQ0RJdXRac21LU0hpR1BLQVNYVmI3a3paMkR0dXdmUXFoNEF1NHJYQVNXS080ZjhLR3ZaaUxWSTZBdUN0TjRtZ1A4akNKSGxOQ2F4OHUyN2Y3OEp1X3dxTzVxc19NWFM3YjBWaVRaX2dnX0FFNDI5LTlsaFVmd2dROVFlSnFqTjhKd2VGRXJHVXVPVWIw?oc=5","Bloomberg","Global","1781512555000"
"Wall St. futures advance over 1% as markets cheer Iran deal","https://news.google.com/rss/articles/CBMioAFBVV95cUxNajR4UzdaSXRuUjREVE5uZDBySzllNTdibzhobEdmbXJaMDNBX2ZmTFBnUUxzRy04WkZ3RUZCSEJkSURNcE5vUERPbGlBdVNwNDEzU3FwUWZmTnhreGRVeU9EeEpCTVZQT05fNk5scUZ5Z2RGY09idlFCRTY1T3NkQ2wySllpNXlSZmg4MUI3MUNIbGgzalRFUlNZV08tTktl?oc=5","Reuters","Global","1781512517000"
"Residents at Lebanon shelter celebrate news of US-Iran deal","https://news.google.com/rss/articles/CBMiZ0FVX3lxTE9qbzI1ZUFnRUg1OTJfVkdzUkJIb3NkUWpHN1ZYY3VkbjhOazlsajRnYVVieXV0VmN4RnBCam5NczRLSzZJZkdmZlBtTW1obFRKMUo5am9TYUZVNFotYmlqUXB2RjE4WnM?oc=5","Reuters","Global","1781512321000"
"Traders Cut South Africa Interest Rate-Hike Bets After Iran Peace Deal","https://news.google.com/rss/articles/CBMisgFBVV95cUxPZVg0eXlJTFR4UEpIRTFxY1NYMno2ZThBLWpjdk1kekhlcmUxQlVFR2hCM1VXYzliYTl4UFVEbmlKU1RRdkpleFd3TUhsZDNCV0otcGhaOWVudWVEVVVzODltV3JSeXdMNmMteUtua3dkRXVVUjVzWUwtN2pUWU5zbXdidGxPQmNHckh6SkdvZl9NbGFCRGJPRjFMWFFhaE9NNmp6ZnYwRUNsUnFnX2gxTTd3?oc=5","Bloomberg","Global","1781511453000"
"Iranian Team Arrives in U.S. for World Cup After Months of Uncertainty","https://news.google.com/rss/articles/CBMilgFBVV95cUxNT01ZellWbm9kWXFjQVctZHBBSHdtWDQ3bkdRWHlJaVpCcXZLajN6ZHM0YUJONlFVTzd3cEN5MG1wOGtSN1ZJQWEtMG93WXBnUWtPZDcwd2xRaGJvVE9DZjZoX3I3ZVVkNE11M0lJQ2pBeWNRdnlvV3UyUUR4eXhXWXJlbVhVYzc0dTNjSDBmVHNjSGk4cFE?oc=5","The New York Times","US","1781513235000"
"How the world reacted to Donald Trump’s deal to end the war with Iran","https://news.google.com/rss/articles/CBMipgFBVV95cUxPTnlFYVRDRDAtUXU0RzZscXhtcmxrSkhEc1JlLVIycnJCcmlEelJXOHJkQjM0OW1SeGxOQ3EydWhKUHlBQkdrN0RmNkpGVkZoVnh0bzRmS0pIN1h2U2ZWcHpoVmFOMTRhbGJOaHpmZUd2dmJCM1VDOS1fdXd4MTZGbFRnWTRwS1F1dXZsUUhMM2lyRnFIZ3hlQ1NvMm50TEpGbVhlZUhB?oc=5","The Independent","UK","1781512680000"
"Is Iran vs New Zealand on TV? Channel, kick-off time and how to watch controversial World Cup match","https://news.google.com/rss/articles/CBMirAFBVV95cUxPcGF6WVRvNE4tS0dsY1hNMDVnMklDS3dGend3akhJMXFLZURYUzNDdGNWeGpLS2Nia0YyS0xrQXNMelpCX0w0aHZGTk1CSWVFXzBZRVFRWjhNd3pKQ29CNGdtTHdGTmdwTzRnZHliNUh3MHVHS3BjbUVuTmpIWGhVbzIzX3diT2h6Y2F1RzVqbm5hd0x3Mk8xUlQzZnBBNFdFckxEQ2NjeFZoNEJa?oc=5","The Independent","UK","1781512200000"
"Trump is turning victory in Iran into an American humiliation","https://news.google.com/rss/articles/CBMipwFBVV95cUxQTUNaVzktMDdIdU1POGRZd1JBWl9OZmVvOWo4aFVGdmpVTTNqOHN0eVBsQ3pTNGZDd2NqQXVnQXoxV3hKSFBqQmhZTjZzZ1hJTDV2UVpjOVZoSW0yZVUxRkVaUGdnb3l6amZadHB1UTVoUFYtOGV1NjRBc25sQy04anVDTVFpRU5ObHNRbVNydmZCa2ZONzhRWnlJdXB2czRYaUhjenBfYw?oc=5","The Telegraph","UK","1781512140000"
"Iran","https://news.google.com/rss/articles/CBMiTkFVX3lxTFAydmJjUTFIU0ZmcHNnUmptSERNYmhyRC1rbzdNUDlNN0loNWpvSE1BZENZeHNNd3VQX0dGeFlFMlFhUE9YOWJfNW5mVEJIQQ?oc=5","The Wall Street Journal","US","1781511833000"
"Deutsche Bank Favors US Over Euro Corporate Bonds on Iran Impact","https://news.google.com/rss/articles/CBMitgFBVV95cUxNUF9JTDNCUVVxUkVrVUU2NVRwWXBXU0tUNlZmR3E3OHo0OVJXcEc1Q3RhWGdiLS02ak5rbWhnMEljbHExRkFtUlJBQ3BFVzRMcDRsdFhrLXhrdzFKNXhZNmZnVlRHVDBFdnVrY1ZLZFZaOVl5VWFpN3ZlNk1GY1RoTkMxczc0WjdDc0U2SmpCY3EzR0E4SVhkOXMzU3lqMUZNSEt5WHl4X1NJN3BrNFhJRWFqellCQQ?oc=5","Bloomberg","Global","1781514726000"
"India Trade Gap Shrinks as US-Iran Hormuz Deal Lifts Outlook","https://news.google.com/rss/articles/CBMisAFBVV95cUxPd3B2V0N0cVQ3cURUT18xSVBZSEIzX1lHQWtGOWVxOGVFcDQtM1Q2RHhLb01tNloxN0lPb21LWk16NHRtYTlQSklaRWhMVzFubndvN1puaWV3UmtZSHRXeDh1TTZuMXBzRWhpaEdYcmtDZUlFa05yRFhtVjgxQlFSZ1h2aUtyaVNsYS02b1JPdEVKcHR4Ti1NS1ZLWTJSVlhab0x4a19Dbmt1dkFQWUMyeA?oc=5","Bloomberg","Global","1781514696000"
"US-Iran Deal Spurs Broad Market Rally Even as Questions Remain","https://news.google.com/rss/articles/CBMitwFBVV95cUxOcTIzeExuTTRNRm5IUkRQWVowR0xlOXdsWTNmLVJFZFJHZ0g5OFNhdXBLVE9iS3l3RzFWUHlJVndncnFCT0U1d3ZFNTAtRmRvXzk0VlpCY3Vzd3ZTd2Z5V1RkWjhUV1V0cXZZWEUwS05KWF9BN1IxemVnbXhLNWFmMTkxT2dDdEh2SDNINHV5a0oxLTZ0UkRmYVVsN2Y2NVRpWjVEXzE1S3JmRE84RU4ybVpBYzFkd1E?oc=5","Bloomberg","Global","1781514253000"
"UN human rights chief welcomes US-Iran deal, urges restraint in the region","https://news.google.com/rss/articles/CBMizgFBVV95cUxOWXJ4ZktIMHBkbnlCdHh0MndNbWwtUzhWR0tVVGVpdVpXdnp3RHJmUkVzNkRnNzFKS1p6QzI4cE9YT3FTTzU5NDJlQ2NGNUdyWVFCbUhzMmNlTWRUSGctZW90eHAzV3ZPdnBUblJuX0lKWlNSYWRYbGpTZEJsRFgwMkwtSkpVbUxJMUFNLUw4MFhJTy1fcHMtNmlsNHRlaV9OcXk2MGxhZHRpeTJzRllaNEotLWVsbWNHeDk0MG1LUXRick92TTVZeTlaQjItZw?oc=5","Reuters","Global","1781514223000"
"Pakistan to Host US-Iran Peace Deal Event in Geneva, Sharif Says","https://news.google.com/rss/articles/CBMitAFBVV95cUxOMzkyU3g5aV9FbmU1dzd4RnA0VlY4LURTUkdNOHlWVHZkdktfVkVYN21qRGxVMUVsRnY5bzg5TlYtc1BhcGtkV2JiZ0o0U2VLSzRsR3NScmt3dG40VHhTcWRrUTJTdGR1UWZEdHlxdnhhQ0EzeEM3dU1zOTMycUxWVk4xb1doTTA2NmQ2VzlRSTEyaHFqVXdFd3FhZmhpbnllZlVDekxDU3l6bmZZNWZRVDI3Z3o?oc=5","Bloomberg","Global","1781513413000"
"Iran, US agreement: What's included in the deal, and what's left to negotiate?","https://news.google.com/rss/articles/CBMiuAFBVV95cUxPUzJMYlZONWVfSHVOWFpjYnhuZ2NqMEZmTWxxSE55TnprVF9ydzA1ZlRTVk1ua1pjeGpTTUFDOWpZSUxudnk4VXpYYWpzdmVJcUd5TnlrM3lERVdqV0xCOE1nVFNYTVhvbUktb3ZSSjdXNEo2SURYeGhwX1VoZ19MclVsdFhkYVN6WU01VG52aW13NXFmeFhPRms2UmNXZkJCSkhJUk04ODhXN0wxekVEcXgtWm9JS3hk?oc=5","France 24","Europe","1781512976000"
"US, Iran reach preliminary agreement to end war","https://news.google.com/rss/articles/CBMikwFBVV95cUxQaUxPYXRHcGQ4TmFiWHYxQ205LUFNWVh1bTNTVy0wZThHaGdVWk1uN2Fiek5TNkFMWTYyZnNVT0JhY09pM1VUSnFxa0tOX1VTX0tTMktXSE1qQmljNnZONUduVE5ySEJ6NkNfbzA2ZnkzYkRCNmlzXzIxelc2dXZEQ3BBS3hfMEJmb1hSdDl6cDItZkk?oc=5","France 24","Europe","1781512648000"
"World reacts with hope and alarm after US-Iran deal announcement","https://news.google.com/rss/articles/CBMijgFBVV95cUxOVHJrWDVsVG5XSklNX1JZWWpGaVRtdnRQUnF5OVUweVJfNzNlYjJEMFhNQzd3TnBfbER6bkhrbFpCSmM2OVE2NXB5SmFBckU2Ty1rRzRidW11aUgtODdocERpcmNkQ2ZKeXhvQ2lsRGtwcHdWbUttTGwzTW54Y1lxSmMwT0c4X2QySDZhYTJB?oc=5","The Independent","UK","1781514540000"
"Lebanese parliament speaker praises Lebanon’s inclusion in US-Iran deal","https://news.google.com/rss/articles/CBMipwFBVV95cUxNZkNkODB3Y19zS2RKeXVtanl4R0pKQkZ4cXgyWGk0YUZNWVZ2anRFWXVITkdJUC1nS0JiNHdfeGFLQUtBM0puczhJekFhZHNWRlgwVTU2MFNjemJNV19pQzlFU3Z2TEgwMU5JOHdrUFdVS09GbnU2TUtkTkRlek5BWkJtUFdla05IZXJnazdpcG1qVVlLVzJnVmZXc05XcjZCWG5ERzV6ONIBTkFVX3lxTE1KUWJwNzVuNmdaMnFaZGNRRC1xX0Z3X0xYMlZCVkZkQkV4MnRyVFJzVzF4TjdyUk5nU3hnM0lpdDFpSVhidHpMQkNSSlZhQQ?oc=5","Dawn","Pakistan","1781515228000"
"Switzerland hasn’t received a request to host US-Iran signing ceremony — official","https://news.google.com/rss/articles/CBMiwgFBVV95cUxOTllyOTZTRXhSalp6OEQ4ZXZoQlhBRDF0VmVCRTlZRTlFbV94bGxFbm1DWFlLU0w0dU9IRWxJT3Q3ak9zNUxCM2QyejJjTGxZMGxEOXFEaHphRDdUNG5yblo1MTJoVkJYZEpUclBXWG51LWE5ZVE0b1lKZ2dxem4xWVZIWllvNVFNMUw5ODlSVlFTU29HZDUwU0pyQzNZZmtHMkwxTWF3OUd0bUdyRGk1aWg1d0NUWU5nS3dyS1k1ZHpfdw?oc=5","The Times of Israel","Israel","1781515150000"
"Oil prices fall and stocks soar with announcement of framework for Iran deal","https://news.google.com/rss/articles/CBMiqwFBVV95cUxPS0xpWkxvUGpMWVBLWXA1cmJJYnNsZ2JqSHB4ODRxMUx4MnFncGNELTI5Zm12UXdNcmhGOW5YN1lLZ3FDV3RMVmJaWkR1LUFUb0tNYnRyVzlkRENhTUZzSW84VDFmbVd0a1BzRnZyV2gtNk93dklqZUN1WjBxZS14OXFPTGRFSVZkLXpmWGFFRFVVNGNNdmhmSi1vbEgwcnpaN2JqSENmVTdmcUnSAbABQVVfeXFMTllHVmwtc0NmbnVwdi1sUXFJampkaXBXeTRGTm9Yc0RCZ1RFVGZtV01Zejd4QVNTX1hoTjJtN3N1Wnk1NUdIQnVYVV9XaWVLMUYweVpTTGdzOWgxVm82Yl93NWhYVThhRVkyN1ZPZzVtYWJySjhpMFBaMnVaMmVabldEN3l1cldaMVhTMXZQMkN3T0pBOFRBRElhYk91LVpVd1FvZXFleVFCZFBzY2VxM1E?oc=5","The Times of Israel","Israel","1781514850000"
"Seafarers’ advocates welcome US-Iran deal after months-long limbo in Gulf","https://news.google.com/rss/articles/CBMitwFBVV95cUxPb29rUHM1bGs3Zzh4U0hMZll2NjltRHQ2TVBxaTktc2Y1OG5LU0Y2M2FfdGVOejViNEJGQzVKRjkzcW4zYXZGSmJlWnI5RVczM09PNVdDSEF4VW9abHhfRVBtZkZVa3o2eG9aZklwdTZxelpDdkxOeFZtZGFDWGVaelV3VGcweThnT1llWlJUQ0ZhNkNYS2NIYThCcm8xdEpOak9KVkZjZm1qbDdud3p3RldLeTYzTkHSAbwBQVVfeXFMTzk3RlFxRTVFazRJMGY2SlFETV9GdFVnZXJWUjE0TDc1aFFMT0Q1al9pR3dGQklva2JsT2NlOHNPWU8ybVN2cTdMbk5CRUlKYkUtNjhoQkZMYjFqUU1JeHdDUDlCaG5kdWVmaWFfbVMyRnJFQm5lVi1qekllTkJKTDd1MXBoZFluVDIxLXd3T3hrcmZyazZ5dW9lSmY3M2gzR2ZLcDNfLUZ4VkN2aVBhczZ4Z1c0UDg5akttVkM?oc=5","Al Jazeera","Arab","1781514833000"
"UN Human Rights Chief Welcomes US-Iran Deal, Urges Restraint in the Region","https://news.google.com/rss/articles/CBMiqwFBVV95cUxPQnVHdklUZUdXbFVLclBVcDRTWVEta09RMTZrR005VnFXZG1ucVd5VlgtcEkwTm9LRW1rZ3FieWxXeEh2V2NsSjY4dldUTTVEUU00NmVZVW1SaWN4anlEWXpxMGtDTmtFaUJfc0hnU2NlNE5fRDF1UXVLZWlqeWxiNkJBU1YxYTM4UVdGc2ljVnFEUWNxYUJubE5PN1R3N3lWd1JWbnFTdmJzbTg?oc=5","Asharq Al-Awsat","Arab","1781514697000"
"Israeli analysts say US-Iran deal ‘political victory’ for Tehran","https://news.google.com/rss/articles/CBMioAFBVV95cUxPNVFVbGVZRDh3UE5aSFp4dzlHbGlkV3U0ZjJjUGJmVzZxb3Q0dUUzbUZPaF9rYnlkaDJLMFhpLUN5VXh2anQwdnQ5WVpfYjhBMEplcXNxb2FZZm00eVhCTU9wbnUyLVo3RUktdU5Ec21ac0s0NU5xSmJjV2hjTEpLaFlmMk5TRGswbEsxb0RrU2tjZkdrckRHR1dFOS0yMjZY0gGoAUFVX3lxTE5kV2M4Q2J4V2V5dy1PTmZLODZ4bldvMGtBQXhZN2Q4WWxJN1U5ZEZtSklOSmotcW1lM3JiZGo0M1ctWjhKRkpZSGpWdjhMVnRQZXc2X1g4ZjZvbHZLWWhOcU5kWEk5NjJoRnExZzFOdHBMNTM4ZFk2djhlYTJTX3JNcFlQRU9DZGloMVd3YUxOX0VfYWdYUXYxaVFDd1dkTm9ybGx6YW03NQ?oc=5","The Express Tribune","Pakistan","1781514675000"
"Israel continues to raid southern Lebanon in open defiance of Iran-US deal","https://news.google.com/rss/articles/CBMiugFBVV95cUxQWWRwdXlZbUpMMFFWaDNiQ3l2anNBak1rR0NVM3gxeW1rcmYzODVGbG5oaDk4enRJRHQ4TnNHV2pZd1RaU0Qzajg3YVJUX1hZd2FYYy1qaTdrUG5KTzlYdXZwUEFlM3c1WGxfMjFxRFVRZDhMVlhDZTJ3ZVI4R01GZXF4Mk9rMTBKTkZCb2hSbUYyMEZERklnQTVwUU5rdU05WWk5aFJMekdPODRDRVpwbklHMFRaX1V0VVE?oc=5","Press TV","Iran","1781514660000"
"Shippers wait for guarantee on Strait of Hormuz reopening","https://news.google.com/rss/articles/CBMiakFVX3lxTE9UeXVLNGFZazVCZDBUdm1ydWRBSlkxbUhNRUlTMEkxbHY5eEtGMlBuTTFyZ2JoeWVuS1dtYmpnWnJzdGFRWjEydVVhWXFCekMwVXNHTS1qRVFON2ZWWjlKb21JTzEzdEdYckE?oc=5","The Jerusalem Post","Israel","1781514427000"
"China welcomes US-Iran MoU","https://news.google.com/rss/articles/CBMiiwFBVV95cUxPUktyUlViQWZXQ1VxVnpTb2lydjZfTC0wcEtyby1ISHI1Q1NzVVIwcF9JTS00SmZJY1loZjU5VTVQeEhQdV85NFg4NlliazdNMExMZlhkem5VdFRLTDdJVmk3RzVXMElOdFFXWlRMZ0Z1NnJnLWFxUUxoT1VuZ1BRWDh5MURJVUx1VnlZ?oc=5","CGTN","China","1781513450000"
"Indian PM Modi welcomes US-Iran deal, hopes for 'sustainable final agreement'","https://news.google.com/rss/articles/CBMirAFBVV95cUxPRDhZdGl6TE9JSGNBeFFkbnBDZ1pTZXpNM2thVWh2N2VZNWJvX1RHTWxsVG8zcHpEZXBrZVFQeDh5MnhpV1p0em5qTVJ3T2YxLXlvNDFydEdBdjhLR0s4bHVQLTE3LURtM19iNGtyNmpiNjdua3Y3WFhXRkg0YXo5R0VXMXUta1VkakV4RWROYVk1bVBCQjRNUXUwRmVwYzhUVkJKUDRSV0IyaWQ4?oc=5","Dawn","Pakistan","1781512369000"
"Iran executed 18 protesters in 2026, UN says","https://news.google.com/rss/articles/CBMikwFBVV95cUxOZW1nZEdtcjZiajE3RmRDN0hCc2VEdmhWSGhuREZDbDREUFFnZWRwN2ltRTFfclJLUlJ2ajlsb2czaDVjRkU2UXlKX1RhQXM2YVJvT2ptVF8zck10ZGhFeUlMTTd4UDRHNkxvM2FqRjd0ZGhla3hZQjY5azZLMVZveU9GdERkVUtSS3o4VndWZ3dtbVk?oc=5","The Times of Israel","Israel","1781517550000"
"Iran to hold US to account for implementation of agreement: Araghchi to counterparts","https://news.google.com/rss/articles/CBMirgFBVV95cUxORzhneUdGN2FYMjEtbXV6MGZLR1JMMFBXVlJsbVVyRWcybC13MDZmWkFhN2puT2ZzTF93NVB2cFM0RTRIcEFwZ2FKa1dsY2N5VFFXc2JCMTJ3czEyU0FCUm10MTVHTTRramN1QUZtRFdjZGEtbXM3ck1iQUxvUHhxc25qT1BkNzRSRDdxcGpEWXBoN3FtNk5NaVVZUWVlWUhOX2MtSWRFUVNpYXdaVkE?oc=5","Press TV","Iran","1781517300000"
"Lebanon’s Aoun hopes US-Iran deal will put ‘definitive end’ to Israel-Hezbollah war","https://news.google.com/rss/articles/CBMi0wFBVV95cUxQZUo1N054OEV3RndFaEZvSlk2TnVCRm03TjdfZE9EdHpJdjZyV3o2UWVQZnZReXpic25fX2M4XzIwdkFDWTF4ek5iWGJ1VmtfQ3F1U0hyRDZTT3JmSmtaY3E4WUVSZ1l3QXo1ZnFUV09LYWl4SlNlaEZBYVhzYzUyb0U4NjRDeklHM2hNMnF2R2RkMkVZNXlYcVFGUEFnbG5Uc2stb0pJcEdLM01HOUF0b0ViUU1rVTg5aUR5NFU2U2l6ck1sMTctelV4V3A0V0NDYVVZ0gHYAUFVX3lxTFBFLTNQR3VwS1BYSGROQUItcHlia3hSRndIQWViYmtLWWp6aF9hbXl6U1Jya1FvSUQwempvcFhNV2ZxRG02blYwMEtTMGhBQUZ2WlNtbDFxQ2E0ZUV2NlVCc1BsbXdMd2JNQUp1TWNCRk9YYVVMMVBuMzdLUlRTS3RBV0Z5aW1xQUZOTWFRRUVmRXJyOFM1dDJVWU9zU1QyY09LRmZkVGpvdlhDakpiQnBmUnFtWEl4VGplY3VTMDgzeUxZZHpXM0FvaV92YUU3ekVMUnRPRnh5Uw?oc=5","Al Arabiya","Arab","1781517120000"
"Iran’s Fars news agency says Hormuz maritime fees added to US deal last minute","https://news.google.com/rss/articles/CBMiwAFBVV95cUxPLVVJUVdPenYyUEI2eWV0U2tqX21RRjNlczFNMG1YQUlWdktTY1oyeDBLT2FxNjlVd1NENHBtcUdOY0ZTNXI4V3lHaXlhLWh6VW9YVVVnR2EyUjFXR203a09Wc2YwWlJtd053YldHcXVLcHhXWTFiQ1dua1hvXzdYRHBveDltMnRZMnI1TTd4ZXhIVF9DVVdqWDZGdmxObFZ3VGdJNVlfbTdyN3NNUzJjeHJRVm1wR2tZMVpfb0JBbmE?oc=5","The Times of Israel","Israel","1781516950000"
"Timeline: The US and Iran have reached a preliminary agreement to end the war. Here's how we got here","https://news.google.com/rss/articles/CBMixwFBVV95cUxNVVBWY3U3Zmw4dTUzUzBNcVJlUUF6WFRHQ2dqRjEwQkIyM05vSWJuSTM1RG5aMXl3MVNmQmdzZ241a1o3dWwwclRXak0zcUg3VXFpMlVkejJkS1lCTVQ1QWx1UXUyNHdVbm8yaXFHSnp2NTlxc3dUR2p6WnBvREplZS14SThtQ0M2SWIzLXhhX0tDbFRPVjZFZTQyRHVwYnBJQkVBOGQtN3hTdV9tdFZHNWVuTnRydGVFTGRUOGF6ZVBUWS1kUm1B0gFOQVVfeXFMTlpoVnR1OUJta1N3aE1GTnBnM2FUdlBWd2lUekl2N3Jld251eHBkRlN3LUI2cnBBSS1GeTVaM3pFRzctc3lEY1VJajZFQmZ3?oc=5","Dawn","Pakistan","1781516054000"
"Lebanese speaker thanks Iran for including halt to Israeli attacks as part of deal with US","https://news.google.com/rss/articles/CBMilgFBVV95cUxPMktZOE5uTEZldGJZc25VcVJsajZueWFSUEJrQVZMNkRfOHlhNzlnZXJnTFNNV0E0X1F4Y1Q4RFN2U1N3V1dSUnNRRE9TUi1HTGRhSXphdmpuRXhjVUpFLTB6Mk9uUWNYb05uT3VVLThZT2h0eUN0c0ZDcm1iRDRJTTBMYzVNNkQ5Tk5WQTRTVXprYl9HUEE?oc=5","Press TV","Iran","1781515860000"
"Israelis fear polarization, internal conflict over Iran threat, survey reveals","https://news.google.com/rss/articles/CBMie0FVX3lxTE9NWFJEbUVvQnc0ZURzTkZvODU0QW1iTzgtQlBHQkh2b0pTNm5HZlFXdWdwXzJxOXR3RE5rNDZtOGdYTTJGbW43MHB5bWFNV3dHVmZzT0l0Y280cXlrNHN3Y2pxQ3BOd2d2bDQySjlUNTZqMzNNNWluczFxNA?oc=5","The Jerusalem Post","Israel","1781515772000"
"Trump heads to G7 summit with wind at his back after agreement to end Iran war","https://news.google.com/rss/articles/CBMiwgFBVV95cUxNT0h2OEVvS0VWeE10R1pzVElGRHk1RlFvMmo3UURTdHlGQ2xGZGZiT2RNNklBWjFrZDBPSDJaUXo0TWhlSENOY1pPeFotSDA1NWtiVWVSWUdUbHFuRDNyTzNXdDQzUjVDMVczMUFEck5ETDhRQ1JtOWVmbHFrdWJ1ZzE5dTVmUHlRM1I4YXFUSWJNZkJvM0hiQnY4ZHBDbWRVLUl0Q0JIUXdfeXdSenl3R1FWOEJPZnQyQ2RKUVJ3OFZNUQ?oc=5","The Times of Israel","Israel","1781515750000"
"PSX rallies on US-Iran agreement as KSE-100 jumps over 3,000 points by midday","https://news.google.com/rss/articles/CBMiswFBVV95cUxON09pQVRzZHFUWnF3SGNxc2lLSXFXNWEyN1BCa3RndlRuWnc4SkVacDUzZG5jRzduQ1RMMl96TWc0d2ExNzVNYWRaakNxeG1EQWlYMERrbjlONlBtU2VNeDdtUGtsRVJMV3RzTWdRWEZsWXowVU1tNGxtdFdKU0pLS3RqV3RHR01hR2xFVXJKTExfTE9JbE9lakZJS2hPQXRHa29PMFpUN2Y1WWp5ZG91WFlfUdIBuwFBVV95cUxNREs2Q010dlM5akNhZWNEWERKNHJVOURBUlNJVTdhREt6Rldzb1pITVhneUtZMVJac0lTclhMMUZiQV9UektSWV9rUHFLTlR5Ty1WeWtBVmFTRS1UemYyWFhOMGNfY2pENFRtV3pLS0ZNWHlzTjZDMUlHY2tuR2MwMkxFcnNWMUxYM1BJRmNtM2JnZFVpQmdVNnU4Y1V0cVo5MzVob2daU1p2NFhfUXdoSzdaVzlaQnctU0F3?oc=5","The Express Tribune","Pakistan","1781515572000"
"Iran's Fars News Agency Says Hormuz Maritime Fees Added to US Deal Last Minute","https://news.google.com/rss/articles/CBMitgFBVV95cUxPRVZkRUMzUTAwenRZR3FlUllxSlMwSDhUcnIxY3N2aXZGWllfeTNhMF82M2dUN01lZnNWbEl2T2JsV2RqZmo0Q2E3aUZ5aU1NcFl6WGlPdlFwMDZoa2NWY3F4WUVVaVlET21aN2RGNVNEQUdid2EzYVJLU3JhX0ctTVFTSGVGbW83QmpZamNnSHl5RnhCM09heFV6amNuNGJRN1NMRUdLWllERnBpVUs0cXhvVUp6UQ?oc=5","Asharq Al-Awsat","Arab","1781515552000"
"G7 leaders meet in France after US and Iran declare agreement to end war","https://news.google.com/rss/articles/CBMiwgFBVV95cUxPQXdydDRYRTRiaHRQRUZBczRtRGZkdTZyS2RQZDQyQ0drRm9wa3VBdmRVOVZkcXRGSGpsVXh3N1plNzBIR1c4dHBsRTdZd05YSGMyYU1UREFZbTBhcGkxMGQ2MHB2NEhEd2lKX0kwclQ0NUtnYzBPM2tqckZUWUVvRUtZeWdMY0hrVTRIZnVRcmJSbFBuWlVhSDN0VVJOZndleXJoUnlWS3R4MjhlempRYzZ1N2xSaGtsZlVjQ2I1RnFQQdIBxwFBVV95cUxQeTl2M3lfckcxWld6ZWJFWFBMSGhBRlpYX2YyLVRiaXp5WERqbkRJYjRVMjZSNExtMWNzR2ZxQTRkdzVfNTd3UlprSE5DWjF3OUtJTmVZOTFWcjZCVjlPMXl0emF2czg0c0hMTTc2bG4tOUFhSXdRcFhUZktyLVBVRnR4TnZiZkJRaXVlLVFtTWlkbUdBYlBuR052YTB5VFVjZTBKbEprQklVTzhpSTNkRlM0VlpiVEFDNjBSbW1BaFluY042YXdN?oc=5","Al Arabiya","Arab","1781515380000"
"Xinhua Headlines: Iran-U.S. deal brings hope, yet deep divisions persist","https://news.google.com/rss/articles/CBMifEFVX3lxTFBHNkZNRWNYQVZEWVNzV3pIUkNqZzR6RGZ5Unc4Xy1SemVxLTQ3QXdnREZRRlkzYzIwOFlaWUJMWTZGZmpWXzRlNlotQmdTc0V2ZnNjanFTQmwxdGMtOFRJbzdUYnFSSkxpNWZzdXNZWmc0d3YtUHBNM2JQUms?oc=5","Xinhua","China","1781514915000"
"Renewed hope for stranded seafarers near Hormuz after U.S.-Iran deal: IMO chief","https://news.google.com/rss/articles/CBMifEFVX3lxTE1QR0dBUnFheXhKakY5SmpYaXpReURneU5oV2Z5S3NCV0hRYnY2dHZDNVZZWUxjMmstV2tMMXhSVzlnckxEN3RtR2xUTnRSbTRZbUVJOUhBX2ZIOGRvX2ZtX0duR3pqbUR4X2JzN3FZMTROMDk4bGFhclB4UVA?oc=5","Xinhua","China","1781514795000"
"Hopeful step toward stability': Dutch FM lauds Pakistan, other mediators for US-Iran agreement","https://news.google.com/rss/articles/CBMiwwFBVV95cUxNTUh6TXhtdTRsc2tNNXMtQmg1M1JTbjkwbmFaNmk3eV9FUG5oNzVzM2J0b3FaS0JMak9rRUg0ZUNlcmo4REVZQUYyOGpGWDF1Wmc2VnBfa3lPZ01KZE1Ed2szUDNSQ3VVYkhjajJsanNEQVVpMU5tZ2dnQ2pBTUsyTk90T3V6cUlrUTNXdWgzUXBtRDZwY0ZEQ25TdVFoTHV3LUtkWGZfdHBOSGF2amVlZkh0aHlYUWF2TnBJaXFrNW9HSWM?oc=5","Dawn","Pakistan","1781514548000"
"Iran deal leaves Trump fighting a war at home","https://news.google.com/rss/articles/CBMicEFVX3lxTE9NYjBXeEpJZ0ozSGFEUFQ4b3F0OEl5U01HZlhpQmxBOENRa0lNVmVZWDdfZnV5bGtySUlTYjRSNEtSWlVUeW9zSkVseGk3RDJMRnBhMjVHX2w4dGg4WlRQQ2pRTlN3MFVGZDZTeUZVang?oc=5","Financial Times","Global","1781517608000"
"Iran-US deal, G7 summit and Iran’s World Cup opener","https://news.google.com/rss/articles/CBMilAFBVV95cUxOS1JzaUFwVnNER2hRTVZHZ3BuQ1R1N2V2NGlsc0NPc1BvNlYzSmxKTktHZjQzclVNWmFZQWktWURIeUNoaTl6ZGZBSGlQWnk0enZYUnRzdFhxLU5vb1E5bGZMMTRXTHIzTHJya0ZySGJRY2FqRmxNMlc1V1Ayc1V6TUJ4SjlWWnkzTm1oLVpJYWZQUTYt?oc=5","Reuters","Global","1781516970000"
"Special Edition: Iran deal","https://news.google.com/rss/articles/CBMilAFBVV95cUxPYUlHNGJrRnpNVHBnX2lCSjlrcXZaVUxBbk90RzY1NFhaOUgwalI3OHhNX2RTSVhpMXdWS3R1RWlsRTBicVhnVzhrTUFZRGVGMDdWZnJzYk42UkU2Um9CSHZmbmhBYTNJWjF1aXdJM09qeE1fTTdWR1lTYXAxc0NOSzd0NGhjMjYxaEtKSlM3X3hDdERV?oc=5","Reuters","Global","1781516799000"
"What the US and Iran say they have agreed in the memorandum to end the war","https://news.google.com/rss/articles/CBMiqwFBVV95cUxNMVZkSW15MTBUMWNMMFBnNkZUYlVfamY0Zlg0RmtCLXh0aXlSdW00dmdHeGJWY3dreXBwclBiRFlOdVpLNFBmaFNDTHJxRDE5YXBidFd6TkdWRVZFVFJmUGo3YzlQZFlheUVQMzdDNkJpRjEteXhwOFVFVktRNWRIbUNWcVQ2alVHSWdiSWk4dkplcmxsMi14SWxDX1EySEVjQUt5S2FlbkhoYXc?oc=5","Reuters","Global","1781516704000"
"Bloomberg Daybreak: US-Iran Deal","https://news.google.com/rss/articles/CBMikAFBVV95cUxNOVBuVHREc29ZT3ZuTmRzYWVhRGFfdnNZaV9wRGx4Wk4zdjk4RXRYeTR1VVJPdmJkckIwYnJsaFFjUmpUYVZ3NFFGd3lZd3NLMFNYcnR1NmdiSUt1Mno1cFhmS2ozTDUwWlNkdGI5QVdLMFFiaTBYeHdwd3dfd3NyRXhmb2dfT3JGcUl6S2wxQWY?oc=5","Bloomberg","Global","1781516440000"
"US and Iran Agree to Halt War, Stocks and Bonds Rally, More","https://news.google.com/rss/articles/CBMiqAFBVV95cUxOazBCT3dEMlVGbFM3NElNZ01VZU9EV05hMjNSeWVJeFJCcGZwQmpJNjNjWXFUUE4wNm1XN1FjMnExV2pBSThsS0poSHpjZ212NER6dXAyMllqMFUtQW5WY1I5dW9ZNVBTLUg1OUxQWkZGQzhzc0hrQUxMTHotNjVZN2VGb2h2eEcwOEh5YjVHZE5fWjd5cXh1ZXpEaXBJc255NmdVOGJ4NEE?oc=5","Bloomberg","Global","1781516173000"
"What does the US-Iran deal mean for the oil market?","https://news.google.com/rss/articles/CBMiWkFVX3lxTFBMVEJCQ0l5azJ1U01CY3lsU3prYURucHVCX19jRU1NMEZQT0kxazVuTUVMMXdRNjhaQ1R0SWxUUnIyV3liQlV5Q0NZVkFIdGNDdHd0bW96TXNkZw?oc=5","BBC","Global","1781515970000"
"US and Iran reach deal to end war, reopen Hormuz","https://news.google.com/rss/articles/CBMimgFBVV95cUxNZl9vamVyQ01rQlBsQmc5T1VzbDJvdWlpczM3Q2JrbHNPS3ppV3gxaml6bVhFNEE0WVdTZzlJZmliV0hfYkduY2lqYnNaVWFycW94Q3lFSUNfdXBya1FKRlFPZVgtYXc1ZVdraFIycnR6ajBBSDliNlE5dVdLMUMzQ000b2ZnbFQwV0VUSkxZRmV4d3dyU1YzQkpn?oc=5","France 24","Europe","1781515751000"
"UAE urges full implementation of US-Iran deal, stresses freedom of navigation in Hormuz","https://news.google.com/rss/articles/CBMiywFBVV95cUxQT0dSYWlFY0QyUXhGalhLLWl5bXNYdGFzSDlXMWJ0M3Iyamw1NkZfX3JVRkhnSEhwWGNGcmE0M1JLTGc0dWR6TzEtUDRpMHJ6NV9UMEN5ZzQ5UU80MDYxRXBMMnlyeFFzV19qM3luYWtwU1BLYmpWSVQtenJ1OGtheDdHMHJTcmNRY1hWQUtQY3dxcWViY001OWJCNmFKcXJYX2xzSnJJNkpVT2VYNGJGYkpySjRiMDh4ODh2TTRERkZfSjlsaFZJR0xWQQ?oc=5","Reuters","Global","1781515662000"
"Inside the U.S.-Iran Deal, and Trump Hosts U.F.C. Fights","https://news.google.com/rss/articles/CBMipwFBVV95cUxNWkZ5RTdvVGtpeUV2TjFJb0ptZkdSc3dmNUFVVkhUY2xkY05sWmhMc05DRHB1UlZWZW5RSDY1UEpNRWlzcm84XzdkNlg4aXJKTkdsRHg0ZmVCV041UVZKT25tU1N0VloyaDZIeGxHTzhySm45VEFpdmtvTHFaUXhZT3IxT3EyRGtSTGtwVzYzZVRfM0U3RmhmalRkUWRrSUY4M0VIWWt2dw?oc=5","The New York Times","US","1781517625000"
"Inside Trump’s Deal With Iran","https://news.google.com/rss/articles/CBMilgFBVV95cUxORnlWV0hqR040OWlaREpjUUR3cm1TWXhWS1ZDdnI1MEJHcUVmdFBmUm51WGh2dTM5enJrME5XTXJEYmYxaTJ3UmpHTWVhbktjdHhTeTZuR0JOVkFvTzloc0Y5MWlLWnJfMHEyeXNCdl96T1RpbmVHRC1IMFJvM2dJcnN0ODIwV21QNmJid3lOOTd4X1ZoQlE?oc=5","The New York Times","US","1781517610000"
"Israelis denounce Trump’s deal with Iran","https://news.google.com/rss/articles/CBMikgFBVV95cUxNMjVMbmFQZzVkZ3M1bDNVc1ZPdVhhY29TUy1OYTZ3emRhcFY0MWN4eEk3YWsyVGwyalNQV2RMdnNVSldrNDR2ZEVNeDRRVkRnZWoxekY1T1pCdDk1bXRkeE1xeDNKQ0d0LXBDakpzX05yWGdSMXVWZXItV3pjb0xUS0hfZjhHZTF3Q0wxR2lVSU10UQ?oc=5","The Washington Post","US","1781517028000"
"Starmer hails hugely significant ‘breakthrough’ as Trump announces US-Iran war peace deal","https://news.google.com/rss/articles/CBMiywFBVV95cUxQQ2MtRnFOTDd0eUZSUVlzb3JHM3RGZVBGM3dHV0lxNkN2cVcweFJ5WFprMFNQZTktb2E3SGtHVVNtSkpxbm9pSVk1Yy0zNHF0QW0tY0JPX3o2RktkczJoaVRmRFl0RzNxSkdLcFpfYVRYLW5tUUxYc3ZGZUtzbHpvNWV2cElZMjBsRVB4SFJoM0NqejRyc3Q1MjdWTjdURUV4c3BNbEowN2pnRThyUHBmS1R6R1Fldnc4NHhkSHA0T1hBQUJ2V3Q4LTduZw?oc=5","The Independent","UK","1781516820000"
"Questions About Trump’s Iran Deal Set to Dominate G-7","https://news.google.com/rss/articles/CBMioAFBVV95cUxNUl85OU9ZanFFX2J0MXZWbjNjeThjeDh3eERNYzl4WExTZ2ZRdGxJRXQwSXVGdV9UUW0yRk03ZTlrN3BrY0ZaNU0zM0xyMi1KTVRSMi15cTdRVER4MGU1ZW13VTJNakU4UXhJX2hHWmFKT3VuaHNjdFBWZ2Q1eHJyYUJ3SVJRYzBNWVR1Uk1XaWdxWmRESTBXY2c3X09Pcjg5?oc=5","The Wall Street Journal","US","1781516160000"
"Iran and US reach a tentative deal to end war as Israel rules out withdrawing from seized land","https://news.google.com/rss/articles/CBMixgFBVV95cUxPWDJHVFF0UEJWa2Q4VHVuQVhQdXB3SUEzSzJiTlg3SUs5UXZUZ1M5SHZFVHpyb0NBdWZwUWhxYjlKdWlfWnN4TFRnQ2hHbzZncTRocEFTOG92aVlib3dUNXNfbVl1dUlxV0JTT0lxSmd0SVRiRXZrelJYV0ZyS0MxWVd2LWs3dGs5cmo2ZFdBSTl3TmNyT2xuM0ZUNTJKMzRIb2w5cURwZklHV0JKUGtiejVHR2wxS3RDMGZhT0xVVDVGcHBOM1E?oc=5","The Washington Post","US","1781516136000"
"Oil Below $90 a Barrel After Trump Cancels Iran Strikes","https://news.google.com/rss/articles/CBMisAFBVV95cUxQaVhSU2I2TEZXTWNXR1RKbXdBbDI3bXdWNllsX1YtbXJ5VmhlV0twazZlUVN5TWd5NDllNkJvWEpOOFZ4VW92QkZLcVlRbjZpOTVQeUt2X3gzOEhUalpQS0wyN1FnVDQ5bjhYazVQQ0dkOFhZVHlRSWozclItOG50Y2hDZWROZmFXTFZzNDN1b082bzR4Zk5iYWhuZzBrTmRQbXhENGhHRFBLOWNkT1A0dA?oc=5","The Wall Street Journal","US","1781516105000"
"Turkey told Iran it hopes further U.S.-Iran talks will support deal","https://news.google.com/rss/articles/CBMiuwFBVV95cUxOZkRQdVhPMW1XS1RJdEd6QW80cDJmNldYYjFxU2RzQzd0b1ZmQjRvQXVoR185VERZcGoxUmJZeHAwQWpoNDJPajFUcmdFMVY5U3RRaUl2cUlaaVUtdnNzdWxRa2hWLXZDNTdMYnJ1c2VJMDk4c0tmNGRuNFRXc25yOGRrM2JsTnhvR19WM2FrZWw2MFNOak51UW50VDJRdWI1YkcyMk13cXpVVkNwaEhURWp4UlZTUkIwcjVF?oc=5","Reuters","Global","1781519172000"
"Iran, Fed Take Market Spotlight Away From SpaceX Frenzy","https://news.google.com/rss/articles/CBMirAFBVV95cUxNWVRfTG5NaVdYUUFfUEJ6QS1jdXRXa2ZkOXUtdWdBNGIybWFZY3p5UGNlRjBpLTgyUFZBdEJGRFE3Zm95bTJZdkNjcFVteHVnand4ekl1QVcwbEJZejlQdzcwNXczNlA5V3hmVnk3d0VRRXNXLVN0Q1dpUzdpdk9rT081REQ1UFJiVUpWN0lYdGN4Ym15bkRRUHRDMWhaNmwxOFdNR3FNX0M3dnds?oc=5","Bloomberg","Global","1781518649000"
"Energy shares fall as Iran deal lowers Hormuz disruption risk","https://news.google.com/rss/articles/CBMirwFBVV95cUxPWGdORndSNmJ6YmJOQUVzbVJVTWlJck93NG5hMExyLUZ1SFNHTk9NZmRJdDRJaElsMklBTnEyMUJqaDFneVZ3QzBrWVJ6WFNoTXMwQ0xzUmJfYzFTRGs4UWJlZ3FENktZeTg0elNGaWpPT1AxRTFQb08teXlyRDZFZGdOQ21jUzJGOEVwcWN6dkFJS09WaGJtT01KbHo3MVNwaEVMM0E3WjNyWENWX1R3?oc=5","Reuters","Global","1781518612000"
"Will the Iran deal bring prices dow for ordinary people?","https://news.google.com/rss/articles/CBMiV0FVX3lxTE5tcjgyckJuNHFVZUFuRjZwWmtQS3U1UlJ2dE5NYWdjSjhSUHRnUEU1X0xaNEJVSEdBaWY4eXFBeF82LXRNaWhXd3J3NXF1bDlkZWt3alZYMA?oc=5","BBC","Global","1781517751000"
"US and Iran Say They’ve Agreed Deal to Reopen Hormuz This Week","https://news.google.com/rss/articles/CBMiswFBVV95cUxQMUYtMXNsSHZXLXY5eHZ2V0FFZkZCaXZ2N1ZZUmd1QkJKMk1mSHhkdXhZbk1MVjBYMnMzUHBEdTB3SEE5S1NQV0JqX1hYVWdVSG5IUU0ydUpwNGJSSm5Db2dQT2VUX1E2bFFEZTdTNjh1QmtPc0Z3VlpGem56ZS05OXQ1eW1wMHU1c0dlanJzWlV0ZGNXdDlyNk5TU0FPckM5T1ZBczBFeTlkRkdsTEpsZmM3cw?oc=5","Bloomberg","Global","1781517292000"
"Monday briefing: Iran deal; UFC White House brawl; Mitch McConnell; reducing muscle loss; dad jokes; and more","https://news.google.com/rss/articles/CBMigwFBVV95cUxQM1lqdkhMX25EUjhUbVROWFcwVFJPV0tjMnZ2UG4xZ0VfMW9qcDI0U0pfUkc4dUd2MWVmejBmUnhrbUFUczFUNGYzT1BzYUJBM3ozZnRtVGhHUjJ2bnduY3dEX05pR1BhNC02OWNIdzRQYUJOS1BMSF9RWkpvNmUtQzBoQQ?oc=5","The Washington Post","US","1781519325000"
"What Starmer had to say about Trump’s Iran war peace deal","https://news.google.com/rss/articles/CBMilgFBVV95cUxNQ2RJbUo0c1NEeklZVlc4Rzdma2xYWllGdGJMdVN5VjEzQWh1eXdJRUlpRDViNTlfcWlUVE9FUlZyZjJFMUgtTDYwNGdJWUdiOGFlUTlaWTZHVVlYZXpWaERvRl84R3B3UU04TjhCZXNWVHp6cmJla1dxd0s3dXNvRDdSTXlEUWhuMk83dmthUDNoVWdmQkE?oc=5","The Independent","UK","1781519100000"
"How Iran’s World Cup preparations have been disrupted by Trump’s war","https://news.google.com/rss/articles/CBMinwFBVV95cUxPVnZNS1VES21GRGZqMlJLRVUySlY3aGZCVllpTGhuMjVjOFNDQUZXVEwyYWx1UkZrUUxFVUktNHFGUE43Wkp6WHltdEVZYVkzeS15ZG1RT3JkbFNtdjBsVkUtSXV6YTdiWXJiVEVMYndWY1c4dk9ycUFad1R5ZzRxTGVrSi1PUFNESGpHSGUtVzNVMC1JU0E5RmU2WHNGSDg?oc=5","The Independent","UK","1781518680000"
"Iran’s regime spins nuclear and Strait of Hormuz deal with Trump as victory over US, Israel","https://news.google.com/rss/articles/CBMipwFBVV95cUxOYW82RXFFV0FDQmJTSVN4R3JMMFhpUDJoNkF0bDJpXzN3TUJTaFFXWjhVMnVubWZmVy1yZDFSU0JYMXg0MnpHck05cHU4VTQwbXhqVG1TczNyVUVHWmhfWXZURnh5WTZJRk1WS1dEcU93YWJXeFo0dDRtMmVONk4yUk5mcmNldUd1UlpscUtONTcxVHo1TXZlVFlnRHZpT2R6MVJhZWxSY9IBrAFBVV95cUxNQW1zME5ELTR1SGQ3WEV3aXlvVlV0WkoxUGdUUmdyZXJrY3ZVTFRSdnFpT05BQTVXVXRqMVZCS3lpazY0NWt4YmlsNDRBd1pTWlpiTmRMVGJmNGhjclVPQTVNTmhPYVBqQ3llSEJzTXR1YnpZdGprallSMEVsY0pmdERhYWFVTGt5WnBMU3luODFoNE16SnFfOF81aVlhazEzUXFkbEswbHpVY1BR?oc=5","Fox News","US","1781518477000"
"Israel refuses to leave Lebanon, vows to hit Iran ‘with all our might’ if Tehran attacks","https://news.google.com/rss/articles/CBMixgFBVV95cUxNaVV1aVBHa21yaDZyVlA4dXdZVjdnRmxkNjQyeEZUZmszdTA2N3RJRkJfQTZsMm8xUFhuOU9hbDF0M19MYl9ySE55Y0FBRVFhSDVacmd2ekFMTHMxOFc1Z1J6MmxDdVBiLXpjVzFsXzNIUVRyUWlmbkdzTVBXTURvVzFXb083cmN1Y0xXS01obHR2aUpGNDhSVDY4dWliMmdkeW5JOUllQ01GLUdoZ3ZkbkZrazRMeWhGUDhxempiR0tJa1Jva1E?oc=5","New York Post","US","1781518080000"
"U.S. and Iran Reach Peace Deal. But Israel Won’t Withdraw From Lebanon","https://news.google.com/rss/articles/CBMi2wFBVV95cUxPRndaMnFMQ3J4VDEtSTFpc2c0aEtlUzZ6cXdIaVhfLTFNMEFoa0RUbDl1dXJHQlNiXy0xTHpNeUJ5OEhvVms0WWtYVmVnQWlWS3ZSMmV2VmFRSy1pTVFWNS1kMG84c1p3OFNWd25ZN2RKZC1NNVJMbDJ3WGZBakVDY0pZcExQS0hjOWRHNVFibXlNVXVQMHo3TmVhNlJfVHU5QlZkeGFLcVlxQXhqSU90ZEc4SzFIdENaMm9RYVlXMEMtRFE1M0czcU9hSkRrNmE4S0pOLXFieWZLeHM?oc=5","The Wall Street Journal","US","1781517960000"
"Alex Gray: Obama's Iran deal was disastrous, Trump's is opposite","https://news.google.com/rss/articles/CBMiVkFVX3lxTE91ZERoMHdFc1RaLVVZdWFsSkV3Y3lXUF9XYXdoUFh5czJ5SHdMcUh5aDJJenI1MkpCbWlwS05nXzRuMjFDRFc3MC1OckI1Mk1xSnhwN0JB?oc=5","Fox News","US","1781517733000"
"Which Iran, Which Iraq, and Which Israel?","https://news.google.com/rss/articles/CBMiiAFBVV95cUxPM000aEowcHlkVllzeVZKcXZycUNNUEJkTm9kTXh6VWFrUHNKdnRoWTlpX1drN3EwWUtCeUdXeFByUXp2WktZbm9XVG9Td3dETVljb3Uzem80UUdFd1JkdXBhQmx0aUh0eXdsa0duQ0FFaWpNaUNVNDFpMUZoNlJSR1YwYzNGN1BF?oc=5","Asharq Al-Awsat","Arab","1781520977000"
"Iran receives first $3 billion asset tranche as part of understanding with UAE","https://news.google.com/rss/articles/CBMikAFBVV95cUxQdUtQMzREVmhXcEEwbWowVWprTEJxbmdSWjJLYnJORU5zU3Q0Rl9Md2JuZmx5cmVhOHFGN0JhQ2lZc3BtR1R5UmRkVVc5OU1iRVRrR2tWMXQwdmJ1OWpQX245NW5PMG83QkRsSWVpdUlmUnU5SXUyck1tQ3VJLTFuX1F3TWQwRnFmM1NMT040WG8?oc=5","Press TV","Iran","1781520900000"
"Searching Strait of Hormuz for mines could take weeks, delaying shipping return","https://news.google.com/rss/articles/CBMiakFVX3lxTE9hckdKUXNFcTBZSEpNS2FCaDFnWEJVc2UwV1VzUnRuem5iMkZncVhCNktncFdtc1JsaDNCUnd4OS03MmFSS2hQZnp2U291Z2NWdThKLTNJbEZKUWI4U1VVV0ZReE1EZGRiZ1E?oc=5","The Jerusalem Post","Israel","1781520778000"
"Turkey told Iran it hopes further US-Iran talks will support deal","https://news.google.com/rss/articles/CBMivwFBVV95cUxQVGRHV3o0R1VHLThndWM0TzZLN3VONWVDZGR6NHkybTdFVmJDWUQ3LWtTYW12MXNwVW8wVFZFWFMwa0NiRzR4WXpURklZSUtpcGZWMW9GQm1fdmpXdnVwRVlZME5OT1ZCU2JmU2VuaEMwSlJZODBDUE13RUZ2X3VOeE5uUEpFWWdNeDVNT1NLUkZiV2dFbDNrTDQtcGpiMFg0MmxrS3BrVWZrc0U2U1QxNVpOZnk2c01nNk5iR3Y3Y9IBxAFBVV95cUxNMGc2TDJJRm5nQUpLNVVRS3Y5T0gtWF9FZEowRjJDcUNIb2lkOGJ2RlpDSDhLUElnTGhKV2xOdDZiNFMtZm9wYkJ3OVhFWUw2Q0JzOVJsUjZNUHJJOUoyVk5zRk5rQks4QUhTVmVJcFoyNExvelVXT0h4RE9OMm9QSFNPcWEya1NNSEp4R0oxNnVpbGNKSTVNTjByUEk1aHF1RURUeDI2Ty12dVJPNXpDeWs3UUQxN1RrZENUeGx2YWRrT3Mt?oc=5","Al Arabiya","Arab","1781520240000"
"Benjamin Netanyahu won't give up on Trump's support despite Iran deal agreement","https://news.google.com/rss/articles/CBMiXEFVX3lxTFAzaGVOWFhDemlIOFJzUW9NYThHQ05KUEt3RFR4blZwWEtHTmlodGhhbTJrQS1tYmpwQkcycmdrNUE3aW9DREJfTEFkZ1VJZ204TWU3X2F6TE1Nc3Fz?oc=5","The Jerusalem Post","Israel","1781520176000"
"Pakistan will host ‘historic’ Iran-US deal signing ceremony in Geneva on June 19: PM Sharif","https://news.google.com/rss/articles/CBMixgFBVV95cUxNQlZaQUJnMjRWRVc5X1R3c2c2c1RibzljT2VBckRPVHplRjlZdG9BSzdlYmFESnBUbTMtOVg5WHBteGpieG1yMV8xQTVZSVhfbEtGZWNvNFFKejAza0dfdjZGRWgxeERNWUdfZU1ZRnpKcERfX0wzZnk4R0l4Ri1JWVpPZktCVml3MG90TnlObFpzVnU0NDZLWUdmdHdwUUVZaHR5MDEtTUNPbUxDMkdNYnAyVW9oS2VqajJOcjRSVVFfQzR4NGc?oc=5","Press TV","Iran","1781519880000"
"Pakistan PM Says US-Iran Deal a ‘Historic Step’","https://news.google.com/rss/articles/CBMinwFBVV95cUxPLTJPdWFZZXNqcGsyOXV1eFNUV0RnRjVES2lFdldlVXpRZk5feG8wbVJJZEY5VDhvaU5tU0Y1UEV4VzVkRTZCOHpjN2VSNzV6eHppVmIwQUo3V3FwbThLZXFldXFjSUVzcFVGakoxbVhKNzBmbzF4WVpwd0szMExLcERVdTZZQnFzYWFsUUtYYzMwNWd2dnRsU21iMU1HVVXSAaQBQVVfeXFMUHhuQ0U1LS1PMUpJa3pPendtaE15alRaQ3FMTk1SNGw1VEpCZkZ1U3ZsaGpQSWFGS1JOUGdhS3k2bkNpVy1TWm1iZUFTZ010TUp6VzdiRk11U0R0ai00MGMxSUlrS2tuVFRuY3NxTlBuY3lEUFVlc09qYkNwSTMtZWdXOXBxMThsRjJPUVdiMC1kUHVydWhrNGpja1BYRUJxWEd0WWo?oc=5","Al Arabiya","Arab","1781519810000"
"From reopening the Hormuz to securing critical minerals, this week's G7 summit is all about sharing resources","https://news.google.com/rss/articles/CBMiwwFBVV95cUxPVFdGT3VOT0VjSzB4Vi1zaXJaX09sbXIyVDRGbDRtUm53bmEtbnY2SkVuT3JNbFVEbTJmeWs5bHllQ001bHUyN2wtTDhtYmxWNk92UENMYldSZFZqZnJSTDVwaEczNnVkd3Bkb0xCc2F5eVJLUWJiaXlCTm95MmFILXpibnlURWtza3diZ25LLVZOSTgxbkpTYnZIOTBjM09LUy00SkNWckJzbllDQnJFNWswLVBqM1JZdmsxUFRxeU1YaTQ?oc=5","The National","Arab","1781519754000"
"Bennett calls US-Iran deal product of government ‘incapable of decisive victory’","https://news.google.com/rss/articles/CBMiwgFBVV95cUxQSHl1LW9iSlM5LWd0SFBISkdnS3JFZ0NNZHZBSW8xMnlTTlFWQ1I4dDJSSF84Ukk5ZUp2cllRcGVWNVJKcmdEQkRsN1lWTmlVRW10S0c4ZFRtQURBRXNtOTBLRE1LbmdOUzdVYjhROFlKbV9vMmVJT09zTjFyODdTb2NZRm0wd244b2txSkpTdDBHTWo4R2tRYjVWMHZSeUlHYjViSjNwaDc3SVBJSVpRSlRfdTBzelhkNDgtb3ZDZlRSdw?oc=5","The Times of Israel","Israel","1781519650000"
"Finnish president urges 'lasting solution' to conflict after US-Iran deal","https://news.google.com/rss/articles/CBMiqAFBVV95cUxNWHhGRWdlLU1Oc2Z6eG5kZzZrdFlyaE9vdjlNdnZYUHI4a19hU2FWY3JnbTFjUkVyOW5LTmpQT1o0anZYbE5IUHgtdVd6Q2tQd0FzbHppUUh6YVB1Um53Y252eVhzT0RiMTFPdXNWeklCN2tqZU9WT3RLdXVnYUdqcF9DdFpyT3V3TEpJUWxXazBjQTNuYzFOazlZWWZzQTJ4bHlxeHRLNmw?oc=5","Dawn","Pakistan","1781518589000"
"US-Iran Deal to Reopen Strait of Hormuz Bolsters Central Bank Doves","https://news.google.com/rss/articles/CBMi2gFBVV95cUxQRDI2TlhmcHR2cGtfMmk0TWo0ejRTOHhwbzU2T1RTdGFJSExkTDNkVnNZRWlBb1luQ2I3NTV5aU1RQ3p3TGhzOThvMmF3SlAzTjBTM0NqTm1VVEtmWkM5WW5Hb2tuNFRTY2xwQmpqWlQyU3plTFYwMmszemZVaEpoaUhTV1ZuT3NhZ0RaYUJteHhxb0dXR3lUN0o5bzFXcmU2RHpmNlFRQXhYaVh0YTU5NFVneW5QYzBOcmJReVZCMjRyZHI4SVg1WEdaR0pMVUVRTENnN1FYMmpydw?oc=5","Bloomberg","Global","1781521201000"
"Sterling nudges higher as US and Iran agree on preliminary deal","https://news.google.com/rss/articles/CBMinwFBVV95cUxNZzJ2TVhvYjZmR2h0UXpVdjdCNW5HZU1YR2RRMjVWbHdZZW1vaGt4Vk55UWU2b01xVjRLYzUyYUoxTFNUcjVtU2pEcXg5MmNUMndHczBOME5qMGZzZHEzYS1KRTBvMG10d0p4UkRmTmF4RUdKOE04MmpFUFJNV05oRlNQNm9fWms3MWlsNndQT1I2bzFfMV8yT2x5NzlURjA?oc=5","Reuters","Global","1781521125000"
"Watch US and Iran Agree to Halt War, SpaceX Jumps | The Pulse 6/15/2026","https://news.google.com/rss/articles/CBMif0FVX3lxTE1GVjRUMURuYnNkeDJaRFp3eW9BM0NjRlk1aURUUHFlSUpLd256NkszQ0VjcU5RcjBNOUlSUUl2dFlILXEwQ0tiLVlqQ0lUU1BRWm5sbTZxS21kOElzaUdnTkUtVGdRSjdPc2g5emJrOU1IYzFtZ0JvNGsyWjBVQ1E?oc=5","Bloomberg","Global","1781521031000"
"Live Q&A: What the Peace Deal Means for Trump, Iran and Markets","https://news.google.com/rss/articles/CBMisAFBVV95cUxQSm9Yazl3SVVNeV9NMTVaaURvUE5PRTd3dzlJb1FZWmItNTFOYmdFblV3NjVnUURlcnJhN3BwaHhOQ3NvSjFuRXhFbzZrOW4wOHBYUThfc2tPV2EzMjdLVzlTVVlmenR3b055cTFVQjUxNnpUNGxXaDZ4UG5yUUdRY2tpQjdDbU5IZEJVdC1yX0tHN1hZdWFOQzVrTlpoemwwV2ltQkcyU2x3VndsNWNRbA?oc=5","Bloomberg","Global","1781520842000"
"Iran US Peace Deal: Trump’s Iran Truce Has the Hallmarks of Defeat","https://news.google.com/rss/articles/CBMiuwFBVV95cUxQOGI0YU40dXpKRXJRbUhkdEtrZUdGeVYwQmlnU1E3UFhSZ2NKRUZhNWZuZzhIWTU4bzU5dGlpbkU2Z21paldZWnZ4RVZad29pUG1ycnAyaHNtZXZ2OFlfRUpzcHFEVDc0WVEydlo4M0Y5WWtFVFg5MF9SejAwZS1ZNWQ4RkN3NjBlcWlRUDZvSFhmTm1PWDFQR3R1Q3JKQW9kLUl0d0pTdDN4Y2sxMmFKOWFzM3lZdjZjRTZj?oc=5","Bloomberg","Global","1781520720000"
"US-Iran deal: When will oil prices fall?","https://news.google.com/rss/articles/CBMijAFBVV95cUxNNll6V3VIZ2wybzkxU2VxRzNHYU9mN0Z2MUlFdG1xN0RFTGpodHhEUjExRVJoc1BXdkwtSjNMQVIwcW9qSUdzN2FROXNtY2xpdjRGTm43M1B4LUE3ZmNTd2xhd2d3QmtMWW1lcWxXQjh5ejZROTZnMmJuSEd4ZFRpVGxORjR0T3pMLUY2QtIBjAFBVV95cUxOVVJQNk5VdGVfem5iMVpqdHl4LXhhUFdUY1pzenFjYk5zVHBHMEVfNm81UFRnSG1BbVJfN2dzeWQwV3RjUFF6QUNOTDJBZ3czbFdySnhpVmg5YXYxeHNoYVo5enNyTnl0VThqRTFfZWtHV0pYSjZQQXo3am5GSm1LejZVNWU0aVRxNXNZNg?oc=5","DW","Europe","1781520538000"
"Iran war – All Content on this topic – Page 1 of 11","https://news.google.com/rss/articles/CBMiXEFVX3lxTE1LREdKakJYWVdHNFZYcXV5ZVBQODFMaWJvQjY3QURnX255cTA3Q28xZE5DczdyUW43UnJQcjdKTlpVbENhdk1RY1MxXzhhRmpuQ2tVb01DRGxMekZ5?oc=5","DW","Europe","1781520424000"
"Scouring the Strait of Hormuz for mines could take weeks","https://news.google.com/rss/articles/CBMioAFBVV95cUxPUjZWMjhsRk5kcFhHYzNzcGd0aklxYUJjcE55WGN5cVpKbVNvQW5POEVGdVNBQzVQcG5jOEVfc3JBQ2J2eUs3dUI2VWgzOU9WSzZ2ZmlQOC13dzJFdU13X0lyNkZtWUxwMmUxLWtDbm00LVlNMXc1NUZRXzFKZkpMeU5zTEdSem9lQWw5VVhRTFJRckduU096UFpYazNqZlBj?oc=5","Reuters","Global","1781520081000"
"Iran declares victory and Israel digs in as US deal faces first test","https://news.google.com/rss/articles/CBMiswFBVV95cUxNRlpXemJZTEU2dWk1R3ROa2JBaUlvalUtb2tJRXZ1Q2Z6MHdWcy1JQ2JzWVh3YjJmOUdCUk5tMlhoYTl5MUJsX2l5VTR3ekNhNldSdGxGT3Z3WVlSMjlrellVREpWUTcwb3RkeWZoYnVDYUN0aUhtdG5xZDNsVHhLamFmN2wwZFJaclVDWmFuZFZ5ZzdNSk9hYkNLS1p5eDJMOTNOYkNjWVBENk1kQmFYLUw5WQ?oc=5","Euronews","Europe","1781519590000"
"Relief from world leaders as US-Iran deal announced","https://news.google.com/rss/articles/CBMimgFBVV95cUxOcnczMk96MGQwWld0Ml93TndNSjRoVlZCZzF1bVR1V0NtQ2VTUjRnUThLRElrSG9KRlFLeEc0amhfM2dRSU9sNXNWZTkyQWxZcVlEeFpXbENTbGZLUXZqRUwxX0RpeUFscmZkZU1sMUtlMXhpTUhneXpPMzhTdUgyb0pGemVUU0w5NGV1TE9FWGp4TTVsaGZoTHp3?oc=5","France 24","Europe","1781519561000"
"UN human rights chief welcomes US-Iran deal, urges restraint in the region","https://news.google.com/rss/articles/CBMivAFBVV95cUxOaWJKZzlkYlJrak9vanZpTEtNQUllTC1MZ0JoX3VyVGZ1RFVDd0F2bGdhVzgtQTF1eTNIMHRvWWtoRE4wTUNHbHRtS0xmd1I5LTcybm5GLVRza0QybE9oNE93WnQ1c2FsODdEeGdrSm9MVnZRTDFFMEpOTjFtLUMtUnhBXzRVLU5yeklRNFEwWlBpaTUzWS0wQVVMY193S1NsSThab2wyYjNDcVo2a3o1bG9JWUtKRHdkTDNlaQ?oc=5","Reuters","Global","1781519317000"
"US and Iran Agree to Deal, Oil Falls as Stocks Rally, More","https://news.google.com/rss/articles/CBMipwFBVV95cUxNNEFmcGpUdlFFOVBCa2MwbmZYYTJnb05xT0pvNEhLci01ZTZxdFZTNzhXb2hWdk02cmdRWUlrQmQ2aUdGOEI2STAyYV9yVThCNGhUaUJFSXNnYkppNGJ6VXRGVkFTQUhpR0kySU9jZFNYSUwtbGU0MHFrTUZCLWlrUV91bGdoUGU4QnVpMi15RkUtQlFXS3R3LTBnVEl1cW9vVVhnQ0xhZw?oc=5","Bloomberg","Global","1781519088000"
"US-Iran deal 'what Tehran wanted'","https://news.google.com/rss/articles/CBMif0FVX3lxTFA1dl90a3hNSlI4ZjA4OHRRNktZemVpUDNkZldWNmVSaGRaaXloR3pmUXMtUExKZVA5cUgzWi1MTThlNzRYZ0JodXNWdGVhd1YwRkstQmI1OHBEMVZzRjgtekNLSl84U284Z2tqalJLcGQyQTNlU3FPTXF3MnZ3QVk?oc=5","France 24","Europe","1781519041000"
"The surreal possibility hanging over Iran’s perilous 2026 World Cup campaign ahead of New Zealand clash","https://news.google.com/rss/articles/CBMiyAFBVV95cUxPMkp0dnJQc09mR1dxb2R1N2tlTXBuWjNQTFk1NWJNZE1FcXJCVEUwUVZ4ZzY2b3JMd3VtYWljbjhOTVZxRHJaN0Q2Q3BjcmlfNkJ0ZkItZmMxeVRUZm1XaWZkQ2Qwc2duMndmT0lKT2RNSE9oMzhwOFlaZ3ZrUEQ0THhzRi1xUkVFcUtvUkJTcUkwaGJoWVpPWDdpejk0dk5MRmNrQTNaVVBLeEhlMmxaeU9ZT04zd3Fxd3VfS1hRWk02a3g2aFpLMQ?oc=5","The Independent","UK","1781521440000"
"What This Iran Deal Might Mean for American Consumers","https://news.google.com/rss/articles/CBMilgFBVV95cUxOUDZMVlY5TV9fclJRWm5Ld19nb1RLS0NhQ2pXQXBmeWpRZGoxckJDRVVoZU0yUm4ycHBMM3owWlhadnB2U3JTSXF0MDkzTVByRE95OUVNTFFhcllCeFptLWhQX2h6ckF6dXA3Q08tQ1hRcEpzUk11UHcwa1IwR0RiRGNBU1l2bWNjQUJOMHdWRW9IRkt5YWc?oc=5","The Wall Street Journal","US","1781521080000"
"President Trump announces Iran peace agreement and more top headlines","https://news.google.com/rss/articles/CBMilwFBVV95cUxNakhaXzNvbGV3YkFVZjlJTUMwUmNFZ2FDX0NVV2wtdmdfNmVuYmVvSGxLWk1ld3Z5bFNLRW9mdDd0SGhWUTBHMjBwb0FMdzNYOWJzNUhISFBGamMxU21SNUxmeF9VaFVTb0VXcjNmekVBcnR2a3JvU3huOGlNMzdwNWN0V2JpVDlNS2VDRHFSa1NKZWZQeFZ3?oc=5","Fox News","US","1781521022000"
"What to Know About the U.S.-Iran Framework Agreement","https://news.google.com/rss/articles/CBMieEFVX3lxTE9zSmNucGJMd2xvbHZ1ZDNDYkktRGJJMDRuNG1Bc3hud3pVNFVWVTd1dlExT1V6czBHTnVtSG9IRjlwNHVEVXlBWWNsT3c1RERpV01IdWJ3TFFHMW5VTUJ5QlNzQm1VMWdPdjlrWFV1M0xyekFBajVxNg?oc=5","The New York Times","US","1781520680000"
"Trump’s Iran peace deal in jeopardy as Israel vows to ‘indefinitely’ occupy Lebanon","https://news.google.com/rss/articles/CBMingFBVV95cUxQZlg3SGN0SVdyLXAxX0Jyc2tMbXhlMUpHZUZWOVRyV2d5UUxha1RzTFFSWWlxSDcwZXo0Q29XTWxncE5VMDNTZHdxaDhmclB4dHV2bV9YWl9sQnFuOGdwcEptSEhwUmdiU1JoajhjTXpWVk9mNEdxVGhBc1FKMEs1SnhuOWNYUW9FWVhVUWFWbzgyT1otLUcyVHdkWXZkZw?oc=5","The Independent","UK","1781520660000"
"A Deal in Iran","https://news.google.com/rss/articles/CBMicEFVX3lxTE5WR19qV1VJVGxSdTQwdzM3bnVwVnFEcjRmc0xxaDlEVzNZSjFUT0tQQ0VKeHRuS0xiMDRjWU1jbGd3LXc0cnhnM25pdFRNeERzSWFmYjVQZmQ5WnAzWkd6M1ZMUkN5Wm1DZ284U3dkbG0?oc=5","The New York Times","US","1781520646000"
"Trump says US will remove Iran's 'nuclear dust' in coming weeks","https://news.google.com/rss/articles/CBMiVkFVX3lxTE5rVmdZZmV5aHFxRXZsOU8wcGpXZjNXVzRYbWtMVkRyQTA5VnRYa1NsMExrdnktSmpNVVc0TC1tNXVHUXN4enJsTTJ3N0pOZmRhaC1ETFlB?oc=5","Fox News","US","1781519114000"
"US-Iran Peace Deal Boosts Stocks and Lowers Oil","https://news.google.com/rss/articles/CBMiyAFBVV95cUxPSzh5dV9wTTAwdzI2VkJkdDlFTElycWRUdjZldVR4UDUtQlBiSDlhbXlvY01SLTdTcUxaNWFibmVVQjlDWkp1ZGVCUGtpb2kyNFRYS2dhZmItOXRMZzFKUWdoak9WQmlleDhkVHcyVnBTaTVTY09rQWU5bEdRR0w2VXBvNjlwSTFQLTRHeDRfck03WU9GaUFTd3lTYTVQVjVWby0yV1hxWllYM3ZUQzVGWGlkYVQ1Y0U5N08zYzUtdnI5OW5rX0pIaA?oc=5","The Wall Street Journal","US","1781518800000"
"Questions Linger Over US-Iran Deal As Trump Heads to G7","https://news.google.com/rss/articles/CBMizAFBVV95cUxQYTFCRWpORklUQ0NCWVVpaUJ4TDMxVGIxWmI5Tm5ucVVZdm1oV0ctdC1zUlh3dU9peTRVWXFmYjVmQlRqYWNaMndqZ245XzJ0WjFMSkJ0YWlmNV9VZ1RScGFwZ201amtBVWtLX0czcjVSVkN2LXZqTllEYmM3WDZnNlVic1phU1p4Y1J5RjNEZ0hMXzc5SWphTFFFWjBfeGp3UWNBTlRWZTJHLUVWVzBYZ0tPanQ4b190TGNQTWMxczRqTFZYeHdSQXlua28?oc=5","Bloomberg","Global","1781522834000"
"US-Iran deal met with hope, scepticism in Mideast","https://news.google.com/rss/articles/CBMimwFBVV95cUxQcUx5ek9sX1lNRVNNYzlrT3NueUFBdUJkSEZFcHIwWkxya0hyVkhYTEpqa2o1NmxjNzhFZ1FnaWh3TERRRGFqVXFUbml0cWdfWmU4VU5UbG9nLTdWZUpDMzVXMzd1YUJ5dWtRTHNFRjk1RmlNRGVXT0RkNEtFaXFvNmJaZGV5S3UzSHBKLThZQTk0eXQyQjhYaU91VQ?oc=5","France 24","Europe","1781521755000"
"UK stocks edge higher as US-Iran peace deal boosts sentiment","https://news.google.com/rss/articles/CBMipAFBVV95cUxNcXFIeVVWamI3N1Y3R1pHM1dSRkl2eWpKU1ZBRmJpN3NfN1RWREx5VTBybDgyczVpWTlXMFNIdzdiRzRlcWdPV0xza0pONTJSdk5ZTFU1SWtyNjNnUmdKdkpOUzdUTUtNMGY5c0JUNDhKV0JJZUhVOEk2bXdmYlo4am40b2NfMnQwVnczNEF3VVRxcF9yZXRyTWZvWXBxUU1hVThCXw?oc=5","Reuters","Global","1781521569000"
"What to know about a possible deal to end the Iran war, UFC cage fights at the White House, Trump at G7 summit","https://news.google.com/rss/articles/CBMiZkFVX3lxTE9pU21mbk9aVWRHaDlmSnZyOU8yZ2x6S1VwTWpWREphX2Nod0RCbmxCdWFENHdPWUhtTHpRWTFiRWxGcUo2OTRDQ3B3VnpGenUyNFMxb3RUbHROeTFNeTVZd3JIY3psdw?oc=5","Associated Press","Global","1781521500000"
"Iran War Diversifies Gulf Trade Routes in Ways That Might Prove Lasting","https://news.google.com/rss/articles/CBMirgFBVV95cUxNdXppeFl6ekpOS3R0cUlwWFVBZHAzUTNlaUE2ck9JXzNkY25yeFFhYldXUTBqRDN4SjdMRWhXU2l5cEd4RFNxSVRCMFBkeXhkMDJNLU1QMG1JLVZDWlpWZmVjMG1YaHdzcjlNUUNzYm9YcHJnQWJGd0Q0anZqemFNWW80R0xnSl9OWWJwWTBkZ3dxTDdjNGg4NURXbDlxZU5HLTljSE90RWtxbTVRUVE?oc=5","Bloomberg","Global","1781521407000"
"US and Iran Reach Deal to Halt War and Reopen Strait of Hormuz","https://news.google.com/rss/articles/CBMitwFBVV95cUxOTHVlekxHTkc5Sko1blFkSjRTc1RZbW9YMGxheFltTWRkRUlpY05Da0M4NFI2UUFhUjJUMFpRZEJ2UHJRcGNKaUlPZFVvNHRBWW9NX0tJRHpfNlBhWTFVSHFveXBra2FSdjh1RjUtbGFGVF9KUGFJOTZNbFlnb2R2c3NOQVMwWDdtdGExUmFyR0hmbTNoZDdTWHg3a19TZXdVNUc4azhrblhscHg3dFZMQ0xOSFV0VUE?oc=5","Bloomberg","Global","1781521300000"
"Pakistan Holds Key Rate as US, Iran Prepare to Sign Interim Deal","https://news.google.com/rss/articles/CBMitAFBVV95cUxQZk1nLW02eWdLZzdUOXpZSXNXNGxvek1aRVpCQktWTUFFQ1l3SjF1QTJMVXJrX1BVLUEzWmlET2VxT2wtZDRsVVJJcTk1VnFSck5GZlZaeEdSS2xOVWdlYjFlS1NzcDlhTm5tMHBtWDZ3bEh5cEItZWJtbkgxVldsWnlrMi1XVFlDWUpSUlFNQUU2QzdvOTNacjBtN1FZME94NTRldy0zT3JYalMwc3BDdHlyT0c?oc=5","Bloomberg","Global","1781520487000"
"TSX futures climb on US-Iran pact to halt war","https://news.google.com/rss/articles/CBMijAFBVV95cUxPaV8xS3J2VDI2S2xZZWVfYUp1alFvYzF1eGVRVFM5Sk8wQm9FeW1yWWJlSy1Rd1pNTVgycjJKTkZ3NlNsX0hGRnF2WDMzVEdaUE1tZkFoc2huckprUjR6eEQzVXY2OXZrSkZDRko4TVQ2UEJXUGU5OF9xaHhZenEyV0hkdXNma3VGLTlqbQ?oc=5","Reuters","Global","1781519615000"
"What is – and isn’t – in Trump’s mystery Iran deal","https://news.google.com/rss/articles/CBMiqAFBVV95cUxNVzF1RmtnRFBEOUVLVUJlNHd5WmlucFZsSVpVUkI5LWR0YlNyUXJPWExzUlpKNWpTSkpxajM1UjJiaWJ0Q002WE5QRExuZ2VtS3F4cXpuQzdoSXRmeEc4alNmSUpzYkxCZm9QaTlEa3BfcE5vTTEtNF9iZ2pEN3pzc1g4Wmh0cHJnclQySkdKMlY2SWM1QUZ6cDNZeTVqRXpnWUxCalZmajQ?oc=5","The Telegraph","UK","1781522460000"
"World Cup today: Iran start campaign amid backdrop of war and unrest","https://news.google.com/rss/articles/CBMimgFBVV95cUxNSHBacmtLOHEwLW5VZk1sLWVzQkJLXy1pMlBFZkZTQmhTYnVPWUVPYXUzOGZ4SVlYdkZRcmVEQm82d1ZWMjRKdGM0bjBxMmdTTkc5eVBwZlA1R1QxM1ViSC0xdExpdzNrY2ZCaFpnYjV4MWRHb2p3ckQyZWo4YkQ0RjAxWGZxWGh5amdmQUV4MnlhN3pTQi1kcDV3?oc=5","The Independent","UK","1781522100000"
"Pakistan wins global praise for brokering US-Iran war-ending agreement","https://news.google.com/rss/articles/CBMinAFBVV95cUxNejF1MVowU284R0l3bERvZG4wc0I5ejM1WEo5RmtTZC01OVZtOWhhYkQzcnRabEhyTkNFNHNWUm81SWNQTGo2bElWNUl3N2xSQ0g4YUpDTTgxZDB6QzMwa0tGUkJTcW9KcEd5MWJacUlqTGZmZllLZ1hvUEg4WGFieVV1MkRTTFNXQTBwQWJOeGxTYVR4SlMtRkRhd0M?oc=5","The Express Tribune","Pakistan","1781522696000"
"Pakistan to host US Iran peace deal event in Geneva, Sharif says","https://news.google.com/rss/articles/CBMivgFBVV95cUxPLXcxSWI1aVlES1dXNXQ2RkVlSTl5ODhOU0xzS0trekNkZFY5VG4wNTZPUWRlRUR2amMxUjNoMloyVzJZZHE0bGdUakxEMFNtaXFPMTVXblMzVklDZ0cyRkJ0cjlDcmJWb2FUcDRjZmRMRERrUzREazYyT3pmMGtLV2pNcENJSXZhN1VFeVNkWUFKZExzWWpNdzRPUlhhUGF4RWlvazllcDZseFhSU2RWdFdnbUkzUEpCM0xSU1JR0gHDAUFVX3lxTE83NWgyZ1VMOHZPOFhkVjEzRzZEb3oxcXF5Mlhyamhvc24zeGlORkd4eUpYMmRfZzVNbUZCcktWYi1aNXFYTXhITnpSSi1aOGYtUWl1bDQ4MWNhNi1sNUpfQ2ZKZFVWVlRoTm1fRExtczJzY0NCRS1fWE44OXp5aENCTWYwR1JEcmo1R3R4dkp0T3hwU0U0bzA5OEhNZC02SUw4V19nQVZxVExpT1NLTDd3M0pNdUxqbW5Uak1IbU15cXJ5UQ?oc=5","Al Arabiya","Arab","1781521800000"
"Mystery surrounds death of Iranian AI pioneer in France, with fingers pointing at Mossad","https://news.google.com/rss/articles/CBMivgFBVV95cUxQSUxMdWljM2NyMHJpUGtkSUZZQ2xfMkhRUUR5cTAxNXkzQUN0c21sTXF1WGV4WFAyWTA2WGlmLWZlRUZ1RF9YRXlfM0o4Y0xMWmhXSVZHLWFDVW9aRmVic0lkbmxoTWpzdV9IS3dKUTVpdEJ3SFhLTXNuY2FXaTJPb3ZhMXF1Wl9jRE5ZNTRVNTZjdDJUYzE0V1VXd2dWUHd3bWFZWUhZdXRad08xbDRPSWJ4S2RWSUY3MnpsODBR?oc=5","Press TV","Iran","1781521500000"
"Iraq welcomes planned reopening of Strait of Hormuz under US-Iran deal","https://news.google.com/rss/articles/CBMipwFBVV95cUxNeUNybWx5Qm5hSmc0SVFlYnQtNk9KVDd4dm56Q1U4cE81dFVLV0Q3anpOejBpVlBOcEJVbXRJOUVDajUwb1d1aU94dE50NXg2ZWlXNW5TcW4xVVNKNVF2emd2ZFlFX3I0Skd3MTQ0ZUItMVlDTU5Fd0lyU0NCa3NoT2FTME9fLVVpOXk4M2REZy1ZUHUzcXAwanZTcXUtemxwS3pmY2N1MA?oc=5","Dawn","Pakistan","1781520745000"
"Shukriya Pakistan': Islamabad's mediatory role acclaimed as world welcomes US-Iran agreement","https://news.google.com/rss/articles/CBMiSEFVX3lxTE9NTzFxVmFTaWhNX2VPMnMyV0NxenQ5NVVMVGxwejV3WkJEZ1JybnBUMlNic0czZXVZVE0yWnFwaVdlMWtpVDQzdtIBTkFVX3lxTFB0VnlBbFJJNTMtRkZCM2Q3cVFKN0RfOWxLaTNkQUN2b1FoNXRPcVZUSU1RbklNZ0JpRWZ4OHFiY1AxQ2lTa0p1UHR5aFFsZw?oc=5","Dawn","Pakistan","1781523993000"
"China Welcomes US-Iran Deal to End War","https://news.google.com/rss/articles/CBMilAFBVV95cUxPMG11Nl80Q2ljWTIyTmlzUW1nN3QxbGtBaEE0d2FRa2Q0aTRLdlZfeFNQZlhFTk1PSjdJYk56WWpHSUFrMk9sOVo4UDFHRGp1NjZMRnJtQUdvb3NqSUNKelpEMDlEUWlleDRqSGxJMkc2ODNvaFNDZzRpdDFLMTlnQ0dKeDBtSE9peHBUd0Vvd3lSeW5G0gGaAUFVX3lxTFBDdmRBQ01jdHZZQ2ZpeWVKYloySWs3UVR1RUdva3VzaF9ZMUNJWUxha2xyUkNTVlIxTFFmTXU2UEhEbU1LWnNvYjhSdHMtV3NodFpRd1VqMDA3SWhrVVNxT1Z4ZW1ibkowN2RXUmxyczZJc2NGRmNaa2lvNVBCb0JYTDVrMmxkSmhtOUlJR2tyYnFvSGo2S3ZMQ2c?oc=5","Al Arabiya","Arab","1781523784000"
"What we know about Iran-US deal to end war","https://news.google.com/rss/articles/CBMioAFBVV95cUxPNWQwVk9ldHZoOUtCWVJvaTJRemdiTGVlZ0FsSUc1Y0dzV2ZwbGEwRDVITERBNEpkelBiSUlrc3ppVFpfMDFDU2puZHZ5S1NsX0xqYnZaOV9wbEpPSHlZWjVQOW9lbTRSTlJKNWF3WS1tMWVoZmp6eFBxM1VzVDZ3c3RaZzJQeXo1cHJ6QldxSGM0U3dDQmJ3MkM2RGhqaS1Z0gGmAUFVX3lxTE54d3VnT09JZm1qVFdZYlFZRVZUQ1VtQmZNNzhnWmtVSVYwNDhyajJkbUk5eTNPUUNTT0NNeUlCdmxzSzBseWNjRzI4aUdpQWxfd1lxMXJQczE3UnNMVlVPSFNXSUU0OEQ1SF9ZSGVrbmZFOGJ6NjFlVUFyd1pkVm1ScUxGeklCRDVzU0FBdG9Ed1lnbktTU2RsU2dfTnlXMzNLZEFTR1E?oc=5","Al Arabiya","Arab","1781523480000"
"Swedish FM says U.S.-Iran agreement important for Sweden","https://news.google.com/rss/articles/CBMihgFBVV95cUxQTVZFZnZPZ0pubndud2ltRG9uZno4N2I2V2JiT0tuVTl4OVBBMzhGUnVtWURHaUhpOHhhWEJUN2o0YXQ4U2JRamxxUnBha25ZT3d2Y2dudmNIb0VMNVZqWWRLbGVJNnpEeFFoWWNBa1poYU45dnY3RnZtNmtiNWE3U2NTcmNzZw?oc=5","Xinhua","China","1781523180000"
"Nation’s steadfastness defeated US-Israeli ‘evil arrogance’: Top Iranian official","https://news.google.com/rss/articles/CBMi4gFBVV95cUxNa2gzbElhSHJfanBzM2Vhb0FXYzQ3RnlQMkRvaFA5eDhkQno0Ty1MalprNFZFbk5qSVg4NmJWYkxnWW1hTkRZWGVKZ2JMOW5Jb0h0Rk9ETTJ5aUZZZEl4QldiazZwMW4zZEkyVG9fY3FWZGVydmhWT0xwYXZRdy01Y2NBQ1VXaVFQMDZNSWhOVTZSUC1uV3FxemFBc1dNWVo2RUM4Y2V2Wng1NVkwWlA3bHhFMjhtWlcxVDBKWmJBS3RmbGVCajdESlV5TG1OVFdGdXk2b0p0WXhiRHItN0NLcEhR?oc=5","Press TV","Iran","1781523000000"
"China welcomes US-Iran peace agreement","https://news.google.com/rss/articles/CBMinAFBVV95cUxNd0U2MFZFc0NhNm44MXBnMDZIUlM5cDZNckNEbmxiTGwwQ3Nscksyb1k1OEhhc0tQYVBxRFpsTTdQeWx5NVd1bnhkOU1RbkY1TzFBeEwtaDVWakgzVld5dloyUkRsV01XM0ZXeEFvRGJ0S1pMUE9HbHAySUVfbjNjSEpVOTl0RDlWLW9XLVc3Wkt0a2c3cDdMbmFDSUY?oc=5","CGTN","China","1781522214000"
"U.S.-Iran deal significant development for global economy: Pakistani minister","https://news.google.com/rss/articles/CBMifEFVX3lxTFBfQV9KNlRsRnRwUVZsNEZXLXJqa0VXNGJNd29qRm1tZ2tGT1RYa09uMDVKZjVrSGgyMG5QcGJ3MDZrQWRkT0JUeU1HaDh4VGZIdXNlVEFTeVNwRWkwblZFYkdKc2JGcGljTGRvUlNiQ0VFMUFmZS1zMm9OdmI?oc=5","Xinhua","China","1781521875000"
"Iran envoy lauds Pakistan’s political, military leadership for role in US-Iran deal","https://news.google.com/rss/articles/CBMitgFBVV95cUxPMF96VzFFODhSVG5MQWRnU21GTnZXcmYySnd4SG5pRkZhUkIzZFo1WGpJMGhReGpEZjRwTFlPU2tMeG5KcjNGUm9FVVZvb3pYRWNyN19Zeko3bVNON2xtbW9fQTlsanBiVVJyVDlVQ0JrUVZxekNTVGl1TDJ5SFRZcUFNTDZGZThSZTdBdHkyTUFCNGE2QzVXMU4wc0NzNTBfRnA5ZFpNRHE1b0xNbjFYU3FOWXF3UQ?oc=5","Dawn","Pakistan","1781521813000"
"Strait of Hormuz, the Strait of Power and Authority of Iran: For more than 96 hours, the IRGC Navy has not issued any passage permits. Until further notice, the Strait of Hormuz is closed to all vessels at the entry and exit points. - Iranian media","https://news.google.com/rss/articles/CBMibkFVX3lxTE16MjFzaXJ1QnJONUFXM0hmSzUyT0NCZklqQjlVbXBDY0p1M1Y2cHdiZ3UteHZGU3JYeW5qOFZQRlZGU1R1ak9OdzZWYTAybnpSbHFjaXdPQmR6M0FuSF9ZMU85Q3E5VWhmUDk5QnJB?oc=5","CGTN","China","1781521411000"
"Hezbollah has not carried out operations since Iran-US deal, Hezbollah official tells Reuters","https://news.google.com/rss/articles/CBMizAFBVV95cUxOUXROQ2hrb1pXdDVqM21UNUIyeU1CNHZJSDZhcXNjTDBzalYyeGpxXzlSNUR3ZlUxeUdKQlZsSUNkY3UxMF9DVkVCWE40TTBTRDV4RTc4SnZvRU9IQ0tyN2hfMlY4bGhMUF9qR2h5cXl0d0Y2YUlzMWJvZXNjWGNZYmhwREMwcGU1dlB5RTEtQ3hsdG8yTm8zRWhwaUxoekc1dGJCcVRxdWFIMXVLSVBWZl9GdE5IbzdtRkd1dklFQU0wY1h6dEFfLTF1Wjk?oc=5","Reuters","Global","1781524067000"
"Sixteen India-bound ships loaded with fertilisers stuck in Hormuz strait, government says","https://news.google.com/rss/articles/CBMixgFBVV95cUxNb1ZnaF8yYkNsN3VGd2ltMkQyM1VEQ3hnTDBhVDZCVS10VXNMLVRqYkQ3SEx5djlQTmtLYldoOWt5M1VQUnIxbUZPVmdmbkNFTzRiMTktbHdJcU9KczNOSzQ0V1FrTHF6dWtwWWlxMVlOQUI1U3NOREp1dURUOThWbEtVbmlBMlFsYjRtQVFGT21oOVRFN29zZVlFZkdnR3RZVE1MamNtWGRXTlNiUkNDZEdYVnVtTWxEMnJRcUFVNHppbGNhamc?oc=5","Reuters","Global","1781523724000"
"US and Iran confirm deal","https://news.google.com/rss/articles/CBMiV0FVX3lxTE5XcWlOS1BrMmhieWxocEdZUjg2Z3JuLWxXSU9zY2JHOS1zR0FlMGNKdm5XQkdMQlRac09vSlZmSS1odHFDUmVZNXhodzNnVnJDd3pTMXp4OA?oc=5","BBC","Global","1781523521000"
"Iran-US peace deal leaves many major issues unresolved","https://news.google.com/rss/articles/CBMilgFBVV95cUxQQnozajZvNnJQRlE4bms1TzhENVI3N3lZVmFDbVJKcHVZYklWOWp1RXFxWU9EQkIyT05iQmREQV9HdUZJcTM2R2RTYll2UFUwWDRCV0FGdi0wTlVsMnZqa3QtTWZSbEpmaDYyVDhTT3loSUN5RXliR1QxU3M0QWdOWlVGZEtpWmVKZm1QRVdBcjdLYU9UdlE?oc=5","DW","Europe","1781523442000"
"What you need to know about Strait of Hormuz as Iran and US reach a tentative deal to open waterway","https://news.google.com/rss/articles/CBMi7gFBVV95cUxQU0hqRmZrVm5wTlhLcWU0c1FDUGtSQmNtc1R3MlhHaFNpanUwV2JXV3ozN1NaWkU5RXJRdFduSjd3TFYxMkVUSnh4MkJxV0p4eUk5eUFXVTNBbVdpRTAzbHJ4M2lGWmV0U19HMU5sTEZGY19XNDVKZzloZDAtQV80QW1CbFhka28xajc3RldCLVM4MFhycUdMeFludEtzSG41SmtiWmRSaFBkMkZoRndKZU0tajNPTnA2a1FpR0dpNXVHTDJ1VlNDZTBJdUxaRXFiaGJrMHJVVzA1X2V4S3g2c2k5aVU1QWlOa094MmRR?oc=5","Associated Press","Global","1781523000000"
"Iran and US reach a tentative deal to end the war and open Strait of Hormuz but challenges remain","https://news.google.com/rss/articles/CBMikgFBVV95cUxNXzBOb0pzYUExM1g5aXo2ZDlTU0RJQllLdjNxUTZMQjViWEJFWjlTRTN0N1pQeHBaVUYwN2E1Rkw4dl8zQTBQQ1dDMDhUWnEyRzZMLThDNkYyd2s4S2ctNGx2RXphTjlkTDU5OHRtMTFEV1RjNy1tUS1YZE5tZ3VPR0ItaXJ0YXBOMWlnalNiUXFYUQ?oc=5","Associated Press","Global","1781521560000"
"US and Iran reach framework peace deal to end war | First Thing","https://news.google.com/rss/articles/CBMirgFBVV95cUxPaFBJaUR0Z2RHbTlFdExGcmV1cnRaRlJXcnBBYklZNEF2TVJjbWZod1pJa2l2M0hMR2htUzBuOHpoRW9qejNKbS1WMWhNRV84bUQzU2psTnRQWjJZU0VEb2dhM3JPQW1Wc2g2LUh3ZGd1cHlfX1R1WGFZMlMyOGd0eGtod3duandxb2xSbW1XczR2R2hSX2l6d2VPWjFyaGczZVpFbmgzRV8ydWp5Mmc?oc=5","The Guardian","UK","1781525100000"
"Shipping Firms, Awaiting Details, Are Cautious of U.S.-Iran Deal","https://news.google.com/rss/articles/CBMingFBVV95cUxNQmdwSnk4b0FSeE05dE83SzdWdTRINUNLanVkUDNzdG1WaVdMT1BOOWVydmR6enFBeGtybW5ZOW5jSmZCNktCVjBpNHVqbUZrRUxMV3YzT1duZVlzQzZuaHVLcVF5ejVrQlN2bF9CeW9iODVfTUFsMU5iei1oOXdNQjhUNXBTR3N5emRzbEpfMHZaY0xYM2tQLWhlV1dDUQ?oc=5","The New York Times","US","1781524392000"
"Kyiv Monastery Attack, US & Iran Agreement, Deadly Skydiving Crash and more","https://news.google.com/rss/articles/CBMikwFBVV95cUxOTl85SzIzV2NlUllzaF9UcmxvQlljbHhKRzZ0TTBaSEFzYUlmTWlQWXg0OTJHSFpwNmNGTDdiR0hJSXpnbklvdThMdVVYYkE4aHdOeVViR0l6SFF0UkdPUVcyMFI0WHNEXzVJczdRSGd3X1FoRTZCVUw3eEpNTC0yYTYtaGtCV2MwYXZCd1ZDME1hcUE?oc=5","CNN","US","1781524329000"
"Trump thinks his Iran deal is genius – but China is the only real winner from his $1 trillion war","https://news.google.com/rss/articles/CBMijgFBVV95cUxQZnZjbTJSUjhJMUhSRFlzSk1EbmVsSTBISjdocmFYdmlxRXN6UjNfbzdWRDVaeXcyeGZHTnVnV3d1UEVLZlhhT2wtUEJ0SkprV2pyd3ZuOHNFNGY5U3FMX0VMMFJOdEFVWV84ZGpIRi11WGU4YXFTZTQwR0xsRk1DcnVyQjUtc1RTeUdTSTFB?oc=5","The Independent","UK","1781524260000"
"What US-Iran peace deal means for UK interest rates","https://news.google.com/rss/articles/CBMirAFBVV95cUxNYWYycTJGQ0R5enF0UXctWW5rczNxMmI5TGV5UGFVaWVuUjFFODFvQTB6bGhBTGJHYk0xLXAzdTJwUEZaeUZHWFlNcUx1SklidlBJY2tRN0wyYktNMUhmT1NneWNPT1NjVl9nUUtBS2tLSm5qTVFsbkx1aGJDQlQtX1hjMzNnZldoeV85Z21MUS10UFQxTGdqeXREaFoyVmg5TF9qV0xjTzRnN0o5?oc=5","The Independent","UK","1781523480000"
"Hormuz shipping recovery reckons with mine risks despite US-Iran deal","https://news.google.com/rss/articles/CBMiygFBVV95cUxOUC1UUy1DcFRUd0R1VW1PZDM5WkpEOVpEdjJUdGdsZ05ldm42MzdjNTRJRDN1M2hmdGswekgtbmlFc2R2LXFXWHlxSUk4QlRTbWJLOW5uNlhFUkhMSkgyYUtOeGZhclVvYU1WZmozZ3NJdnFRX01iTUR4UGFGNTdnbmd4THhneDhxaTB5NUJzdVVYa1Z2d3hRbGVybHktdDhvSjFDeUpFanZXN3BtMmVseF9TUGZGektxZ0pCczRIWk9aV2JfeGdxWi1R?oc=5","The National","Arab","1781526074000"
"Shipping giant Maersk welcomes US-Iran deal, but no change yet to Mideast operations","https://news.google.com/rss/articles/CBMiyAFBVV95cUxNVFRaZFpGbmF2ZWlGU1dUX0MxSVVJYzBRT1I3bjFpbjg3eXctalRaMzBDd2N5NTJ1MlBPM2tPNnk1TkZGV1JMRDZIUlJHdkd3RC1lMlJFa3RKSVBzSzZVR1MxQjJRQU1iM2VTZUZfUnl0Q0dhRzVQNDFjXzlOX0xrbUlWOUNBTlE0OGs1MXNjS3NoT3Z4bjlDYUtwRXBqSDlWOFlEYUxHU3hrSjduYWotZWdzbnY3YjFYcWdUM2NMWWxTdmdMSUZvMA?oc=5","The Times of Israel","Israel","1781525950000"
"Iran says US committed to compensations, releasing frozen funds under deal","https://news.google.com/rss/articles/CBMibkFVX3lxTE4xV0s5YU5hZHkxRjFVOVJyN2lSaWxyN1lEb3l1VUxhd1AxQWRud2pvMExDTkNfb2YzRkhrOFFoVmRFVnZrMTdIclhEeTQ2eXpwb2tLNEhWdlZLLXFpaHJydjFOV0h4N3pwQ09aRHVn?oc=5","CGTN","China","1781525934000"
"Iran’s enriched uranium should be ‘neutralized,’ supervised by UN, Macron says","https://news.google.com/rss/articles/CBMiuwFBVV95cUxOMmhQUzdxRmlCRzN3eTVUZWVWMUFyNS1kYTRESHJoMzRtNWxoMVMtYUVjSnNuRHZzdmc1M2xGSmR5cnZiczZPWElqVFhaSkNiSnNLSy1LZzYyU0xWYXpldWtUeUVnOWZXVzFSeWtpeF9xYU9hUjFRMU9Rc1lVcVlGc0dVOW9zS2dNQ1ZwV0xVZVFFWVZqS3BRc2FKNXVSdm94MFZqVzg2dXJUeDJYU3ZaV3d3ZTVrQ051a3VZ?oc=5","The Times of Israel","Israel","1781525650000"
"Ending war in Lebanon 'part and parcel' of US-Iran MoU: Baghaei","https://news.google.com/rss/articles/CBMimgFBVV95cUxPLVg5UTNPTExBOUdnU2hiTmxTTnkzelh5d0JqYTIxekRPRGtsSmxPUkF0T1MtOXdYbk9obEtRNHI0U21wZVhuc21CaWN1Mm0ycExrVEJCbkN6RUEwMVVjVEhuX1h0dkJVRkliaHhNS1JxRmtGb2FXMHdjQXBwQk1qeVBXMmQ1WkhRb2xHdDJILTZqQjcycmdFcGhn?oc=5","Dawn","Pakistan","1781525247000"
"Israel insists it will not leave Lebanon as Netanyahu flounders over US-Iran deal","https://news.google.com/rss/articles/CBMi0AFBVV95cUxPQ1I5M0dKellaZGI3Um0wQTN3OUxYVy0yMWNPbFZKdWJFWV80VnZjOHJZUHBQUXk0alA1NmNYLWtGMURyM3h1SHVlQ1Z4d2l3eFYtT1B1Nkd5aEJQU2d4blhpNy03c2ZTYlVpMWlpSnFlenF3WWFOZHVlT1Z4dVYzUHJady1PN3FtdURGRjVxbjR6Q1RxUURuVmoxa1Z1a2paYS1KMF9ZYWNsdW1NRnVHd3JkQUMxMU9sN09XUVhxZjBuaHNmMHFENXNVRU9IcHlj?oc=5","The National","Arab","1781525108000"
"President Trump, it's time for Cyrus Accords between Iran and Israel | Opinion","https://news.google.com/rss/articles/CBMihAJBVV95cUxPYUdiMTFVQnkxQWkxWEJmVG5yVlNZUlY2MnA1cGRMV1RWX2QzVU1ycGl4WmtHWkw4WlM5UXhYR1gxUzhUQ3ZFbGJHZ2t2UVB2aTJnZ2RWdFhuWGk5a2Jfc3VSdHl4ZnBEbDVXZklEV21kcDVQbWtUZ2MzVW5MVzdtbjdwcEE4YUxhSVU5bmMwc0NCNkdCaDZ2cFJZRi1leHp3WG1HdDFRbjJ6VGh4ZlVPUmJlOVFfR2JKNndrQUpTVENwSWR6aEZvamEyVDRPazAzU0hKRlRfVmJlcF9ObTRZcEI4bkVENHhOYVJZaTRBWE03NVBlaXU5SUhyUFB4aU9zSGtkNA?oc=5","Haaretz","Israel","1781525040000"
"Obama: US can't ‘bully or bomb our way’ on Iran","https://news.google.com/rss/articles/CBMilgFBVV95cUxNa0ZZU3lNSFRTY3Azc3JldzRtYWNPZ04zV2hBS1oxN3BOemsyYVM2TURqeUwyY2VORTJCZThycnZ2b2o1Ti1pMEZqaTFqQUVwQ3h1dW9XVkVLdURQQTJ3TUpyaV85Wmc2T0p0Y01TRE5kNzBmaElCOU04TzNBWlZNbHc4ZmFXZWZ0MzVGVG56enpzNDhteFE?oc=5","The National","Arab","1781524941000"
"Hezbollah has not carried out operations since Iran-US deal, Hezbollah official tells Reuters","https://news.google.com/rss/articles/CBMiXkFVX3lxTE5yS3pKRlZTX0dSWmR5dFJ6ZmJ0Q1BjMkdUMTVWWE5RZ3RWc2ZEVWhyaGJNWWY3MXV6S0pVS3JiLW1KU3VVaXRjVXNxcFhkNDQ1RS1TSDR2T2JWb3BQYUE?oc=5","Arab News","Arab","1781524600000"
"IRGC: The Islamabad Memorandum of Understanding was approved by Iran and the United States in a situation where, contrary to Washington's initial demands, not only did Tehran's ""unconditional surrender"" scenario not materialize, but the framework for fut","https://news.google.com/rss/articles/CBMibkFVX3lxTE9FOHZDOUxLbnphcjlTeTNDd1VlTmdLTU5ManFaSDBJWW1rNk80aDJ1LVVXUDF1d1h1cGxINUdkVWRaMzNWNHhndlBDSVVjQWV6bVdpc0ZWUU1QNnB0QWwzOHNpMFJLWGg5ZHU5ZVJR?oc=5","CGTN","China","1781524305000"
"What we know about Iran-US deal to end war","https://news.google.com/rss/articles/CBMiXkFVX3lxTE1FelJaNVMyZ1d6alBqRDdWVmduaDQ5clBIalA0eVNNNjMxYjExdHlsTGRmZzhWckI2Z0U1UGhCTjlVMmpkUGtrai05eHF1R3ZOTldTakY1UTB6NWEtUWc?oc=5","Arab News","Arab","1781523594000"
"Will the Bank of England hold interest rates now Iran peace deal has been agreed?","https://news.google.com/rss/articles/CBMimAFBVV95cUxPYTg1SmpVNnVvc19mWDNtUHg5MU1lWElyS3pfVnk4XzVCbFpIR3JXR1ZzT3BCc1labmh1MzlzbnF2YTNGeG55S0ZDdzVoQ2U2bEM0XzFoSS1jakd6V25LQnVNZTA3V0h0TU9mSVp2dG02ZWtkT1NuTmpvWjVZeWwxaG5KZ2Z4YWRZNThUeXl3bVNlWXhRaWo4Tw?oc=5","The Independent","UK","1781526480000"
"Trump hit with a reality check over claim peace deal with Iran is ‘now complete’","https://news.google.com/rss/articles/CBMitwFBVV95cUxPM3pRbjVYNjdxY1BlNmE0UDdHNmNBWTFud19BaE1qc2RHdEZTRXhRM2RDUm9ZZ29VUlc3Vkx0a2F4N2tyS3VkekZLeXBMdzN4UFNzNzFTYkZuZV9sWm02cWtTckV0N1FnOXBvTUZnTWVBaDNtLWZZOHQydl9laHF1VXRzMmJsMkxtMWwyYWNqLUlYbzVYVzZfb1c4YmM3VkI4N0xwVG1nRUxyc0xxVTJVcVBNWVdYYlE?oc=5","The Independent","UK","1781526240000"
"Israeli officials 'NOT HAPPY' with Iran peace deal","https://news.google.com/rss/articles/CBMiVkFVX3lxTE04U3JuNGRHbE4wU1FGb2FvOFE1Sm9oMnl2RkhjSWdJRVJOUnZlUnVNRklScHBYOG0yZk5MUUkyUVU3MzZSWnBWQ2tMWU5rMVZPYzhoUkt3?oc=5","Fox News","US","1781525754000"
"Global Markets Rally on Iran Peace Hopes","https://news.google.com/rss/articles/CBMihwFBVV95cUxPaUQ3bkx1eDNQeFdsU1NqSEQxd0dxbWhUWVFZSndmcXA0N2p2Vl9BSWV0XzBOQ1FIcTBVR2o1U0MwYmJ6SFIyajJJQlh6WklXN1lla2pFYVZob1QwTHd3elJvdDA0cEVoc21ibnRmUlRGaUxWTjUzSHlUTzNEaGtPSGNxTG00akk?oc=5","The New York Times","US","1781525664000"
"Sand in the gear': Retired admiral reacts to new agreement between US and Iran","https://news.google.com/rss/articles/CBMiwgFBVV95cUxPSzJCMnhocUR4a0Mwc09zM1Z0NjROS2dQaXBKVENab1hQeVlmVy1PZnFfSkJ0THZVU2U0bGZXVnVxWHU0M3BCaE56dTVwSGJDYmtqeU0wWFlXaDE4aEExa1B5X0NwVkEyeUVIdHZjNEJ5bkhUbVQ0RlVIaXoyLW13MDVubVh4M2NfWHcxd2VQZ1FfVkthSmJMUjVuQjE2NXRWUXpzSmhpT0hIUFZaY2FTaGx3a3FiRTVPZDZ2TUJVMzJ3Zw?oc=5","CNN","US","1781525351000"
"Obama casts DOUBT on Trump's Iran deal","https://news.google.com/rss/articles/CBMiVkFVX3lxTE1LM3ZlME5pSU1wU2VHU0h4NWVXTU1RX3FXanBLaldsMmo0Z2FHNUI5OFRZeTk0UC1rUWhkakZTM1d2MjdBUHk4X1RFMkN0QndyVFhJeFBn?oc=5","Fox News","US","1781525022000"
"Trump has achieved none of his aims in Iran. His ‘ceasefire’ can’t work and won’t work","https://news.google.com/rss/articles/CBMipwFBVV95cUxPMnJtX2I2M29hVGNvb2VTOVBWMWs3ckNnYmlMa24zTmMyQjRWeTRyTFBOMFNaTjdDNDJHVVloYlJ1M1NkV0VlQUVhRlZkemttOHhtZFotSlZ4TW0weF9nT3NPWndqRDlQTS1PeEZaRzl0THA5bEkwSzBzeGlhVXBUTXh2OGF4UWhKY0lZWTJjb05xSGhqZENMNTlpb2tKLWYzbFdXZ0NsRQ?oc=5","The Independent","UK","1781524980000"
"Hezbollah welcomes US-Iran MOU, thanks Iran for including Lebanon in deal","https://news.google.com/rss/articles/CBMiugFBVV95cUxQSVpvQXRkS1R5YW1hZnAyZTYwOEE5WWpnVGJZVDVHWlYzRkVpRUxGc18tSjgwQTlSOWhSelBPR1ZLV1ppaDVDYUNYdW95Q1Q4d3VVRER6Rkp6MHdfWUNTbnZtRFppYS14UHFBTS1pQ0RFWEhZbnNlaGFCQ3REakVoMmZEemFaQWR1Y2Z0b3g4QkdBSTBRaU9XeUJXYTYzM2paSTEwSW5VUnh3TDJPYjBJQmJSSjZMRF9vTnc?oc=5","The Times of Israel","Israel","1781528383000"
"Arab Parliament Speaker Welcomes US-Iran Agreement","https://news.google.com/rss/articles/CBMinAFBVV95cUxPMWo0TDRVS3lISmhnTlc1cDhoOTVIb0EtSHRoMXA1Mndqc1dnYjZnVzA1RVFRMlBSbXVXQkJ1UHpINk4tSEN5RTFRcGRSa21xX3lkeEhQdVNidVYtM2JHSld6M2c1dzBqUjJGajJnREFHbUF5NFpLa3Y0cjZkRlFWekhNRW01aWI4dXpfQU1WSnotanlvdUtDVGh1TU8?oc=5","Asharq Al-Awsat","Arab","1781528374000"
"Lebanon is a critical part of Iran-US peace deal, Iran FM spokesperson says","https://news.google.com/rss/articles/CBMiakFVX3lxTE1EUEpFWWpXZEFDYTRZN1h4aVA4ajRCclU0TkVDOEFaQ3E1eTRfSTVkQmVfc2t6Nnk1czM1WUJsYm5UaHBMNGdoY0podWwxejZkSUhJaW5kbnZfWTJMUkFnY0V5WWcwWmZWVHc?oc=5","The Jerusalem Post","Israel","1781527873000"
"Lebanese celebrate news of US-Iran agreement, some try to return to homes in south","https://news.google.com/rss/articles/CBMixgFBVV95cUxPY1o2Wm1WTmc4UzdXTl82ekNfam9GS0FydUVuQzhtY3FZX25sNU5sYzl4bkRjQTZOU3U5cFBnNE5JM1hJRGxlV3BUM3RvR1ZfdWl2RTBDVHpCY0FHdUN0SHlfTUVxSkVCRGpsaVNWeFYyMEpHVWo1a3Zyb2VnbHdabno4dkZad1R3Mzh1VnlOTEZUUWhUeDhscDdoZFYwU2ZlazhCMDdWMUZ5OG9QLU50eUpCWFN5Q3NtbUxoZ2RrcUFxbkRPcGc?oc=5","The Times of Israel","Israel","1781527750000"
"Middle East leaders, Gulf states praise US-Iran deal","https://news.google.com/rss/articles/CBMiXEFVX3lxTE5GblR4YXV5eHl4aW5Qa1p1N1EwRFBZdnhOczI1U0pRXzh3NGJYVW9zMnExTklRbnRYSExEQWNMYVZxX3BlWXpQVXBQWjBKUjVXN2Z6cVNaTnhVRFVD?oc=5","The Jerusalem Post","Israel","1781527735000"
"Vance says US expects Strait of Hormuz to reopen ‘toll-free’","https://news.google.com/rss/articles/CBMitwFBVV95cUxNcEtOejlRNXlCT3BiWS1ycGc0RDI2T08wOXVtUXQtSU1DSDhTR2tpVjRyVE5neXltTF9iM3RnOXNpTHdndU5pWWM1RVJlbURTRDdoanFvR1AtNlJOSENlWjNVY1Z4T1g4S0JTdXVnb253YTRHVElESmpGZFEtTUZOQ3RHQlBiVmtlc21KdFBNWDZZTWdkSzZoWFhtTnExTnRkT3hxdmJuN1NoM3pndHZOc2UteGg3UWfSAbwBQVVfeXFMTnctMDdGZm5PSm1NUlR3RVVTUnhFWHFqUEN1ckZpQUYwQlhCaG5iTWNaUHRsX3hwU21UVmxFUW50d29wcVhGbzB2MVNOeDFDUXpZRHhkd3pVUExfeVlyTU1PbHZwX2V5SkVLSWdVTHRDQnZQZ1JpbXZUUDhubldXejMxSVZtRGxfalY4MTZlbmNFY0RJelVyQ3lzSXhEV0VBTEd4TjBjQ09jdVFJWVdHa1NubVVONmtwWmotc1I?oc=5","Al Arabiya","Arab","1781527680000"
"Urgent: Iran says it will charge Hormuz service fees, U.S. seeks toll-free passage","https://news.google.com/rss/articles/CBMifEFVX3lxTFBPVkhVQk8wVzNWSTVqdzJNbEZkbC1WQ21JQzFqUDdfMFFQU2ZFVXRWRVFDYlJhcU9lX0wzY2w3emlQV0FrSlBsUERETFJrZzU3NXhlOENRX0NFVkRGWDZMbXpocFVaUUU0djZtRHl3ZzZwY2xLLUNpSE95aWI?oc=5","Xinhua","China","1781527665000"
"Iran-U.S. deal brings hope, yet deep divisions persist","https://news.google.com/rss/articles/CBMifEFVX3lxTFBaNG9WQVk0T3VhcW1Fc0g4bXV5S1g4ZHpvc0FaaVlsdE5SZlM1bEFPOE8tT0ljT0NvQzZwOGlOVGNSZURnOEIza1F6VXo5YTF5dGxTekM4OW9xS3JIeEczNV9TUnJzYkhzcUpHZHNRSWU2ZE9tMjRPWTd5RkM?oc=5","Xinhua","China","1781527547000"
"Urgent: Iran says ending war in Lebanon ""inseparable"" part of peace MoU with U.S.","https://news.google.com/rss/articles/CBMifEFVX3lxTE93UVRRODNlMHhja3RqcVVzS0pmWlV1TnhRZy1XdHp6ZjU1ZlhwX1pFekVuWU5CSERpLTFvc2kxN1ExX3NZREZuUDdrbU1sOE1HeHJGNDZpaWRQdEdyS0RIUWxkQ3lvbUMyWGd6S3NYNHZEa0FPWUxzaHBSY3U?oc=5","Xinhua","China","1781527485000"
"Iran says respecting Lebanon’s territorial integrity is part of agreement with US","https://news.google.com/rss/articles/CBMixAFBVV95cUxNM3RzS3BRbzg1MUJFLWVSNndWQ1RFQjhOMTVkYlU1M2Vqd3cwalhFRTJTbUpzeDY1TnFnY19QUnFWUlc5LTBaZ2Y1RWV0QVNCQlpubTZoUW1CMlIzV3piaHlncjZzcGh4MUNYRjZTWjFveWZqZUd2VkhPbFFYakpXRFJXZTZraVJVY0U4UHVWQVRKNjVLQWpYdnFweno3WGpiREpXcU41SlVqNzJlRnJMV3JWUGswRkZnZDh3bWVCUWNVN0Ut?oc=5","The Times of Israel","Israel","1781527224000"
"Tehran's $12 billion asset unfreezing claim raises doubts among experts","https://news.google.com/rss/articles/CBMiakFVX3lxTE0yXzV1UVFGZ19nMjlucGJxXy1Pc25UNm4yeUpKSGpxWS1CRzhybnZfRklCWjR4YzNIaFFieFBaTFk2MTBDaTlIRlk0MWNUT3RtbGxXeExRZFd0dWhhVVZHX253UUVKaGhDQUE?oc=5","The Jerusalem Post","Israel","1781527128000"
"Iranians have no problem lying': Israeli expert on Tehran's nuclear program says amid coming deal","https://news.google.com/rss/articles/CBMiakFVX3lxTFBUUXFNblRHdFZzbFF3dkRWOUd6ZXVXcEV3Vi16b2piS1FSbElDUnFPbVdIVllRTF91YWdKLURqYVFpS2JPbDJoVDZFdkJmWFFwdzJuQkVwTXVyRkxKNWMwX0F1TWYtN3dWcUE?oc=5","The Jerusalem Post","Israel","1781527097000"
"Urgent: Iran should sell oil with no obstacles after signing deal with U.S. -- foreign ministry","https://news.google.com/rss/articles/CBMifEFVX3lxTE9YbFc3aElQOGp2cnhpczdUUFFOa1A1dGlXdnpHOWtUczNzd3loZ1lIY1Atd29BY1pvcFBrMkNhZnN1MGVOUTdnQTdYV184NXdtU2s4ZDFtYlNnSzgyUWtqY1pRdGtTR1B5cWVxbjJfelR4bEtjVmpGY1k2Rk4?oc=5","Xinhua","China","1781526960000"
"Saudi Foreign Minister Receives Phone Call from Iranian Counterpart","https://news.google.com/rss/articles/CBMipAFBVV95cUxQUUJ0MVRhWkVGNEJEMGZzdnZ1OFJCY09jMDNnNUxJMEhWQW1xMjZuWEJRV0kxUVdOanZETVFhQ3ROcFhHb3hVODRQc2xBVFA3cTUwVl9HTDVkc2h3WXAzYXVQNE5KeVBBeWxfbHA3QWlGdGVYRFZEVGNFc2JTNU02a3FyWm1sNmZCekZuNDRVRjhwM215VkJMUEgtX0tmRlJGVWY4Tw?oc=5","Asharq Al-Awsat","Arab","1781526769000"
"UAE hails US-Iran agreement and calls for protection of maritime routes","https://news.google.com/rss/articles/CBMiwwFBVV95cUxOb1d5TktIdUhGd2wyQW55QzF5dW9PMF9GOWZOQlVkczJHYU5KcjBIQjIzT1BtVEkzWG15YkZBY0NyV0ExUzZYOG05dlNtWE5teThBaXp6RUpVaC1VdUp1ZnQxTlRfSUtaRFhBWl9RMWZZZWhsUC1CaUU1c1JidHVYUzdESS1BTWJ6V1lJUWN2cndFay0xeFdGdnhoM1E4ekctaTRvSkpjS2tRRG1VLWluUjlMbVFpdmZBSjBySjhjVFRmX0k?oc=5","The National","Arab","1781526680000"
"Iran seeks focus on football despite travel, visa hurdles at World Cup","https://news.google.com/rss/articles/CBMifEFVX3lxTE1tZUNuZGx5d2RucVhlSWVsZEJLX0hkbU02VDMwT2tOalJ3SVd5QkV2M3ZrQWR2RFlBQzdKTFpocC1kX1U2SU1ESDFac1gwUjE4UE9VSFFRWFNjMWFrZ2NDTWFBRU5lSmNTS0pybmlWS08teTFpMURYbVdUREo?oc=5","Xinhua","China","1781525178000"
"Indonesia welcomes U.S.-Iran agreement, supports efforts for regional peace","https://news.google.com/rss/articles/CBMijAFBVV95cUxQeVN6V1ByaUh4b19tM20yNnoxYmU2eHpSZTdUVnFaRHk1Nl9sRzhfVGlnV3g0cFFuZ205VEVyTVQ0emptVDBjVkxldndVUDhLbnY2TXNBVlVXQlB1eVUzb2xzOGpGcVVuVGJxbVpHRDZ5V2NYajd1Q2l2VUpQVDBpcjlIa01Dc0NiZmJhbQ?oc=5","Xinhua","China","1781524920000"
"NYSE Content Update: Stocks Rally, ICE Brent Crude Drops to $82 on Iran Deal – Company Announcement","https://news.google.com/rss/articles/CBMilgFBVV95cUxNcElWVUJyeklrRS1vM0NxQ3RWdVo3VmVlY295VVhKMVBvVm9xTmNvYy1sTGJKSWdvdlljTkNuZWNvc3FfVWZobGk2eFhBOVdqcnQ2eEFlTS1pRUVFOU1hd29tWS1ZMFRnUFNBOXlzV0pCQWJlQjk3TnZGX2FrTm9OdmFCZ0FibXFMVmJGazJFNE1iUDlIbEE?oc=5","Financial Times","Global","1781528100000"
"Stocks Rally as Oil Falls on Iran Deal, Russia Hits Historic Cathedral, More","https://news.google.com/rss/articles/CBMirgFBVV95cUxNU3dpLWZYNElaSXd2RThvN3FINFRXVE5hUlFlUWcxVDk1TkpXdndYNmdlYTJVUE9WaWRJdHBIdTlZRkVYUXUtMzVJMnowSF9oSF9RdE5KSDhrVU5PRElTZklrRTBFT09lYV9TUGxRcGx5eFJUZVB5VDc5MWdVblFwSF9OUWI1NGVOU05XZ0xCTGZ2YXhrdm5GVDNIVU1ac0FSakx6dEs5bDdYeV9RRUE?oc=5","Bloomberg","Global","1781527856000"
"US-Iran deal a 'catastrophe' for Israel, analysts say","https://news.google.com/rss/articles/CBMingFBVV95cUxNSXlwZXNRMkUtV1lZWmQ4aTA1ak5rellNbjhZN3VYYk9oX2pBeFNkbTloZmlUdjhvU2FyM3M0UFlPckt4VXFWb3lER20zeVZKdy1WekE0TmRJN2NoRkowSHNMcjd1T1pHMXlHaHQ1ZjUyM0pxYktGRGt3RzhZN2R0dHZ2dWhzak9FdHBCLUxLSUtYSksyd1ZyajhhenZpQQ?oc=5","France 24","Europe","1781527748000"
"France, Britain push Hormuz mission as truce nears, but Iran’s stance key","https://news.google.com/rss/articles/CBMiuAFBVV95cUxNZndtUDJBOFZ4Sk8yZkJlUzZObW41azZvaTdCeDBOQVFxM3lmdG1hMHc3UUxfWkl6M3Vmb3R0Z0xtNWpPLUFLbVMwQWE4WEI1LVY1clFMX29OYWUwY3FpdDNVY0ktN3NqczNfR2FVNS13MzVId3dTaUV4aTFYUzJ2TXN3SF8xZHBoc21NblN5am45eld0ODlDMEFKSkc4ZTVWN2hOTWNUUXBxdURYX0JMcDY0bzlTVTRl?oc=5","Reuters","Global","1781527569000"
"Gulf recalibrates as Iran emerges intact from war","https://news.google.com/rss/articles/CBMimwFBVV95cUxOTTB3ZjN1VGhaQWVwLXZsQ3pmSXdtS2dfV283c3N2b3NRMkVObzNadjh5R3lWMl9JVGxRS3BBNHd5U3VYakU5Mkltdlo4R3JTVjB2QVJCMGhmem11X0xYSlVKUUJtMk5CT25nT2xDY2h5LTBpV0RVSmx2cWcxellhdElwdXE1dTBMNzYwaXlwRUR4ZFBuZkJNRG1LNA?oc=5","Reuters","Global","1781527170000"
"France's Macron warns Iran against imposing Hormuz tols","https://news.google.com/rss/articles/CBMipAFBVV95cUxOMlhQcmtCQ1JtTG5uZFBrRGF2NW5ndUt3eHRVZ0dQbmxiSXIwTS1PWVA1MUFQV3ZRbU9wMmF1aHJpVnMtd2dLd0RkSkprSEJEUHpLTGxKSkRZdUpmcEdPSXZ6VWFPb3h3b01UQ196eVlIOHJEUGhqUEJhR3Rzc1RWTWRiX2FwZ2RIc2R2cXpfZm8zZ3doaTBkSm10U1dVNlpwOWRWaw?oc=5","France 24","Europe","1781527149000"
"US-Iran announce framework for peace deal as G7 gets underway in Evian","https://news.google.com/rss/articles/CBMihANBVV95cUxOZW1ETGVwM0Jjc3k0ZHF3b0VBT3dIV2ZyS19LWG9iRllObzB2Nkdua3g3M0xSOUJ6V2lyb29FNXVQLW5rT0lTYndEN2g5UXlEUC1tRHlOOVRZV3ROcWlTWTVQUDRCaWtiVnctcDMxUnlEcXp4bWl0TnREOUVJMkFzYk1kUXlxUUtwWVZEaTJKd0JsTHE2QmhmX2E1RUVzcTVqa1NJVTIyQU9hT3AwR1h2TWFicUp5c0lJT2hMSTZsclpjLXpBc0pYLXFXZk91UVJJaVcyd0ZueE9mUlgtTG0zQVF4dzlLY1BKUWRTc1NKb1c1T01lYjQ2ejBMR0U5dVB1QXowRFM0RThLYmlBUDA1Z1JUS2RUNFBFY1VPcm1pNTVldFlpT3V5N0JvbDdLQnlwcXpTaUtnTnZ3RG9taERIWjFUXzJjY0N4eVJTV1VhZEdXaTNjNEhCMTg0UTNvN1lVZlZ3OEtOVkMxeDJkQV9iNEFJaU5RdXA2NVNHOWtWVjA4bV93?oc=5","Euronews","Europe","1781526668000"
"US and UK central banks expected to keep interest rates on hold amid Iran peace deal","https://news.google.com/rss/articles/CBMitgFBVV95cUxPT1BIRDFVQ2hyeWl1dUJvZkdiNnYzWnNmTG5YQ2daSkFfelBpYmhFaExvc1RrYU5Sd0oydGlINXpzWGY3YkFuNWdhYWtlWjZ5NWxQZ0U2aDZDWmVlUUdqaTVEbnpZTkRqU3ZRRzdjcVJ6SjR2UDF1NWQ0dlJ6VGkwcG1IUGpxT2VpeTgxLVpVZUhiUnZYMzd0cUpEZjJyYzQxS3VJVDhfc3lqd0Z6M1pHYzZnVVhIZw?oc=5","The Guardian","UK","1781527440000"
"Netanyahu's Israel grapples with Trump-Iran deal as details remain unclear","https://news.google.com/rss/articles/CBMimwFBVV95cUxPRzhvSFA5cURyWk1TSXB6Y1lVQzRfVlZ5c2Nmd2Y0UVVSajRFclRGRHo1dXBxemxpZlVud1JkcmVBSS1vV0lGQ1BiQXFhajNuN0VZeDB4X2NjU0RRRHUxOEF2WlR1QW80aUFTd09WS0VwZE5sNFdjZVFMQWkzcmtqdmJ6SzRwd1JjdnQ2bktmaGNNUVdncC1wMm56ONIBoAFBVV95cUxPT2hqWC0wMGVYel81dDFRWFlrdHFGczdnS3BZY0Mzc3p2QkZXYkI4bzdiVVNzOFc5bHM2SzVab2FJVjlFMmlyVF9acjN1Zm9zTFo1ekRsRU51MjlYY0dKZUVpVzBYN1FMT2VlOXNGWGhvWTZXUW9LQTVZamNnempCdXdZSm9pcGI1RnEyM0szZGFmZV8tOERRX01hTk5kTUlZ?oc=5","Fox News","US","1781527218000"
"Trump Iran deal: Obama casts doubt on new nuclear agreement","https://news.google.com/rss/articles/CBMiVkFVX3lxTFA2NGhpUExZaVBsM3NzUTBOd3ZvTmU0TmV2elRMVXIwbDFMSHU2T2lQbzRBQXk1TTZ0VWxKdndsUGZoM3F4WUNMNDdjeXR0UWF4SFpRb3dR?oc=5","Fox News","US","1781526502000"
"Sand in the gear': Retired admiral reacts to new agreement between US and Iran","https://news.google.com/rss/articles/CBMixwFBVV95cUxNbzN4Q1FxdndQYmVaaVJrcTljS2xNaExPS0RfRldvUUNRdHlHWHVKVWNPNFAwWXllSU1yNmo3RWRTNmU0dmxiUTA2c01MTWpNX1NPVHM2Vm5CT0o0cWdGbFJmOGx3S2JDTzJUbHVSdXVoUVdQNGQ0VDllSDN4RU5SQWxrdGxYMHVJb2o1MWtIdS1ob09TRllqYUdaSEVrcEpndWIwM0lBekU2MmZDN0RuOGI1b0JpSDBEd2lDSmp6TVhyWU5mbnVR?oc=5","CNN","US","1781525351000"
"Trump says ships carrying oil are moving out of Strait of Hormuz","https://news.google.com/rss/articles/CBMisgFBVV95cUxNQ3V2TEFUZ0dCSzk1N3NWZ0ZKUEpnUG9aOFFwR0NpZlFUUFpRcERGLURrX19pMUZVTnVpU29vS2xNbHhEV3NNVnlMMFQzT2dsUllrLUlGeHoyRkhSX2ZoX016dlhRXzNOQ3N2MmRndkQ4RHEwdzlzbE9GYmVmNm1FTUlveC1ITVh3ampQdU13ejRBemxVUGVTZjNRaHNCdlZ0U3Q4TkNhV2dnNk81VTBsMENn?oc=5","Reuters","Global","1781529729000"
"Netanyahu and Trump on collision course as US, Iran agree to halt war","https://news.google.com/rss/articles/CBMirgFBVV95cUxOVTdPRTlRSUZXM2ZEc05FTzM5NEZSalItZ2FYSlNfSVdFcUY1UVZhVXJRZFVZd0RvMlFsSEthdHlDeDJHdWQ0TUVUMFRxNmQyaG5zUDNiTjRRQzVLWGVwVXRSWDlGSlVudk9DdDRORU9CM2ZVb05Oa3NpU2hOR2xrTzBQdTFPVmpfdFhtWWlRS3BMNGY0WlREandpSGpvUXVLaHlDS3dhdXBBeS1SQmc?oc=5","Reuters","Global","1781529146000"
"US-Iran: Reported peace deal sparks both relief and anger","https://news.google.com/rss/articles/CBMikwFBVV95cUxPYkZtX1Fad3pSczYzcmRaYmxTclhlZGdJUDAtbmRjRURONUVBTG5IM3NNQ0dKdmNKQTVNcUNGVE1EWDFPUTlpSG9FQmlyVEtwYWZfSGd6WUZ4ZVMtSGRyaXcxbXhWLTN4M25xeGVjUXZKeWREZDZkdUdoS3I0NUFiYTNXcGVqbGNKaHZDcll4VnJlc1nSAZMBQVVfeXFMT1ZSTDY0UDEtem5vTEhSazF2cWxudlBieDJZUVU2V3dVMXVnVElYWmJMT1VSMjJDcHF2Z3Q4SFAwX3lFX3RfbkhYejZ4dW9TSFV2RDVDY1lpNkRoVVl0ckxpbGJWcWFoS2Nva1Q1MU5BREU2RjBzQlRMWXNGU3NRSG1Yc2gyMHNaeGV5Z19FWHpxcmg0?oc=5","DW","Europe","1781528808000"
"Vance says he hopes to release text of agreement to halt war in Iran this week","https://news.google.com/rss/articles/CBMivAFBVV95cUxPek5uRUlmd0xObEpfZlZ5RVVwM0tiNGNHdzFOZmRfU1l5U1gxN1lxTllLYTI3THhSczBCd0pIRlJLbEx3alFVck1TLTc0T3RReE1VNVM3V3ZDY3czakRTX3JTdml2a0tQRVdiYndvZGthY2o2WUpBRnBmUE5CeU1wVjRCYmU4U1RsRGFQQ1NsQUpEWUcwSHAxWXZMNmZDMkx1aDVteFRRaWpXUDlFMHNJZEN2RXhLVXJBNXQybA?oc=5","Reuters","Global","1781528623000"
"Mixed emotions among diaspora as Iran begins World Cup campaign","https://news.google.com/rss/articles/CBMiqgFBVV95cUxPQmV1Sk9fTmNHNk1TTzJPTVB5Z00wRngtMUlueDNMM1FPbF92eVlCWThOaW1yWi1KQjI4UVVTNDRyTDJ3MG1BRmhmNk5ZOWQ3UVR0TVVkU2haYVFYUDBmdmJYTGRqeHlhREc4dTRlQWpzbU9FdlJ5OVBuN3ZkblRpYWo2ZFg1X2hxY3hnazlMY0kxU3JocEdyVFo5TEw5VnNHbjVHUndPdXlkdw?oc=5","France 24","Europe","1781527109000"
"JD Vance unveils next step in Iran deal the world is already cheering","https://news.google.com/rss/articles/CBMirgFBVV95cUxPd0IxbjRHd2s3a0JRcmtKT3NyWWcwUE9NanY2ZkE2RTdZdk5TTF9td3plOTI3eC14Q3Qwa3BrRDQzT1haMEpFY19tVHVQLWRBQkZPemdKYXoxVTc1ZkdGRnNYS3hzNEswdXhGajlGWWtyRFlmOVB2eDFDSmVVazhib3NkTVhVRkJFVm8wMlo0aE1wY3FqN09KVWFxcEVTTXJmNnplSnFodXVZVTBjb2c?oc=5","The Independent","UK","1781529960000"
"U.S. and Iran Reach Framework for Peace","https://news.google.com/rss/articles/CBMicEFVX3lxTE1MUHZ0QlhoQWdnbmJYZHBITkxyWmlrNVFMMTBRUzY3T2FyODc3RDFfRXFtYVZoZUYtRzRaYUo2WlBrbWhLS0dEOWU0eWM4WUw1Q1JLWUlhU0s3MGVQTUl5ZG1rYVFXeUV3dXdCQV95eHo?oc=5","The New York Times","US","1781529600000"
"The Latest: G7 leaders likely to discuss Iran and Ukraine at summit in France","https://news.google.com/rss/articles/CBMitgFBVV95cUxPcGFuQVJ0Zk5xbTlNZS15WmdWaFJ3enQ4YWFacGtiU0w5ZE1sWUg5VVEwdWh2dGVFU3ZpRFRhOERMbmQ0MGkyZEZFcWVYMVQxWXlsSWdjc1FVbEJ6dWc5dVM5amZISDd1VFB6a085TEIwaWJkUVAtNHVfU3RYTWtMMmRpSU5yeThoZkh5SDRJOTFIQ2hGQTdBWmhhQm5LaDZKc21XT0xHUGtfTkVnM2VOSDNjMzVmUQ?oc=5","The Independent","UK","1781529360000"
"Return to pre-crisis oil and gas supplies months away even if strait of Hormuz reopens","https://news.google.com/rss/articles/CBMiuAFBVV95cUxNWU45NVQ5dkNpUzlweDg3UVlyMkVKX1hVWS1NbkxqNE0wOHBLWEFYZk1zYUFnX0hGTXRURk1ITTlFSHZkUnJpUXlWUW5ZXzN1YVhvQXYxTFZ0Um5EOUZXTFptRFJyem9RMjl6VjBnUVd1NFRRLXlfMlRZN0dQUVprRnVFRllLbHl6ejhzS0NHZ2FIRHZXQm1sc3VoSFd3dnF2VGdTRENhQ0p5RkduanVKLVlQRENYQThX?oc=5","The Guardian","UK","1781529180000"
"Israel Counts the Ways That Netanyahu’s Iran Strategy Failed","https://news.google.com/rss/articles/CBMitwFBVV95cUxOWko1ckZJdW4zS1djd3FJWEpIeWxvb0NFZGVCYmktdFY0OVp3Q2pTc2dLeVdVNDNrVWtYWWp1VnVhNlRGYWpGTXRJbE1ETXVLZ0NFN3JpZmJxN284TE5pNF9NVVMtbFp4cnNZd3AtWDJwcUFXbTFablVveEI2bUQxRUlySHNpWDRabWpkYldwY2tGalhET0JNX0RMajVhd2I3OXRnbGpnajJ0N2wxdjZfMUNkSjUtVzQ?oc=5","The New York Times","US","1781529088000"
"U.S.-Iran Agreement Leaves Lebanon’s Fate Murky","https://news.google.com/rss/articles/CBMiowFBVV95cUxQUVg3enlveXRQRmgxWURTaWZBQU9KNGNxbUlzdk0wdnV4RHpidk40WlAwUnc1UkZaUnBVaHAxU0p1M0I4UF84QzZFaUJLU1ZQay1vTVdMczhoSG82TU9OTEE5YlZhcmR3X2lpdDhRRkJxOW5RZDZ1UjVGc194X19FVlc1ZlBWNTZzOFh5YkZ1aVJfZTl2enFqclpxV3Y5V2hicTdz?oc=5","The New York Times","US","1781529088000"
"Marc Thiessen compares Trump's Iran deal to Obama's","https://news.google.com/rss/articles/CBMiVkFVX3lxTE1oRlRtNWhoaThQbF94RTF6dU04Zi1pUTNHN1FnNGszZHBCRlZyY3EtTmNKa3JrbTZ1dUM1ME5DTE5QaXlmNm1sOWE3UUQ3czBYaDJnd1RB?oc=5","Fox News","US","1781528726000"
"Deal to Reopen Hormuz Kicks Off Long Effort to Ease Energy Crisis","https://news.google.com/rss/articles/CBMimAFBVV95cUxPVkktcjdHb1d5YVFMTTBGaDJmd2hNWkF6b2hJcnU1VzdyQzd5Y1RvenVmY3hsV1p0VXNwa1MtR09QdmxxOEtQRlJybXA4bHVTT21NcXZTQXZRTUNsMG1vWnRCRzJCTGZ6eUh5VVdVZTl5UVRqMDY3YWJja0JHbUtDdENwajVCdkVYLUM2ZFRUUl9wZDI2bm13Ug?oc=5","The New York Times","US","1781528630000"
"Iran's FM discusses U.S. MoU with foreign counterparts over phone","https://news.google.com/rss/articles/CBMie0FVX3lxTE96S3dHcWlNZGtKczdlVG93Y25jakJveFBOV1Ytbk5WT0dqUkwyVGJLOEkxWk1ZQ0ljSTJZVURncXllSmlUOGRHT3RBMGhzT01CYUFXcEJNX3FQSmU5RWxjQzI0TXNHWi1TSlVhNGFmUTc2QXNVNTBtTDBBcw?oc=5","Xinhua","China","1781528655000"
"Iran’s enriched uranium should be ‘neutralized,’ supervised by UN: Macron","https://news.google.com/rss/articles/CBMixgFBVV95cUxOZEhPQUhBbUsxd19YVHpzenBMOWEzVGRNRnRZdFhzMUVYZ0ZKOGRwV0JobjgxTWFUS2lmMWlxMDJVbWdPamV4WWJTWEJXekdUT1Z4TUNuWGNGVmVMRkZqaVBqOWtVTlhacGc3UHRwdnllamxYWGNQZXQ5LTBWUXhRckxlMUhZVW44YTUySncyQlBucmhDOHdWcnZXdDBMX0ljZFQwWWhKUlNkeVFKRk5aME9DOWZtQmRzbUZ3RjljcFV3NUJ0bGfSAcsBQVVfeXFMTVRWc1E3eXZnNkl1dkV6WDQ0aGJWYVNYVFE5UVR3Z1hRVmxPUUZMZUxfMm1rOHU5d1VGMDBtS2o3b0JycFJqSFZPaU90SzV1X0xmYXlKd3d2aVNJYWtqdHF2OGY1NXVJbjNVdWpJZm1rcTBLczE2a1RodTFSZDFXdnQ1aVNxV2hjejM0ZE5pR1V4T3d4SHBNVDkwYmJwTjZUVHNIa09jVnNfc0xMREJNdmUwUXZEZjFDcVYxUkhlYTY1aE5LUGx6Tm9uUzA?oc=5","Al Arabiya","Arab","1781528640000"
"Hezbollah welcomes US-Iran MoU, says Lebanon's inclusion reflects Iran's commitment to ending war","https://news.google.com/rss/articles/CBMixwFBVV95cUxQWWRNTnE2U2NpN2V3N0lFcFZZclVkZWpwM2xLbVVzT3FxdWJTM1RHcTh3QjFtLWpLU3pubnNmZG5rX3RTZmY4Z05aQWJJUU1DLW0wamNkcEVjZ2lQQ2FrM2Q4c3ZLSHIyaVhFbmVTMV9vXzhzeFJrZkI0OV9RTkdQLTJidE0zc3FXTDJlNlBmSGdHT3g0Um9xUXRVdzZZLWlKNk1IYnJMcGZiTTdtbWNQMWt0dEVrU1RGcEo3TTJvOEExZTktbzEw?oc=5","Dawn","Pakistan","1781528463000"
"Iran: The great game, part VI","https://news.google.com/rss/articles/CBMie0FVX3lxTE5hWHlnNkpPV0FtMWJvTXdkV2E3dWVwd3ZONjVCT0pZXy1LUzJIRnBVY2hRV0VHUHpCbUpXYkdjdWJuWDFkMHF0bGp4QkVSajdyRmV5VG5Od0RIS0o4QUNCWDd0bExmdGQyeTJLdHc4WElnQmYtdDBaX2JZOA?oc=5","Press TV","Iran","1781528460000"
"A historic opportunity to confront Iran's regime and terror network","https://news.google.com/rss/articles/CBMiV0FVX3lxTE9NNFVaN2VYUWFRMnA1RFdxakxNQWVwVnBrQTk5WGtBTGtGeDE2b0YxWjBmZHZmbnNDWHdXaWhkUlJ1MG9SU011eGtZa201Q3lRN2J5YlBidw?oc=5","The Jerusalem Post","Israel","1781528400000"
"Urgent: Iran says not to impose tolls on passage through Hormuz, but will charge for services","https://news.google.com/rss/articles/CBMie0FVX3lxTE10bVcyQnhMTmc4cTdmeHR3bHByQ0dqYlc1OC1OZlRjWnctdXB6LXJDUkxMTUp6Ri1jSkZiMzQ3UHFad3Vzc1BSM3gxR25mQ2ZDVDlDUnFJUTJLVk9EaDZpSDVfQk9nUF8xRDlqd2Nhc2w1OTRLNHhxM3Nwdw?oc=5","Xinhua","China","1781528387000"
"Hezbollah thanks Iran for insisting Lebanon be part of deal to end Mideast war","https://news.google.com/rss/articles/CBMisgFBVV95cUxObUZsRlItQnhxenVVekxxUnN3X3MtMENnZGJhV2c2OVZCQW9PR0lPeGZlTlRaQWQzbXV5MS0zTTdCVjBfQ0xmZHhaN3diUXNTanh3Zm9SdzNobVNuNmRwRExQYmFsMzNnb1l3UGNpbklrRlR2VGVzYnBzbHk5SFZDaXEydmtOY0JtNW5tNmlsaDNIUF9rUGFyT2VMaFlnV1VoMGQwNTVWNDRwNUFUUkd1MDB3?oc=5","Dawn","Pakistan","1781528098000"
"Israeli politician Gantz slams Iran-US deal as ‘strategic failure’","https://news.google.com/rss/articles/CBMinwFBVV95cUxOSXBMbGxNMW9GRHRmeW9qR2c5c3JLby0tMVI5czJhbTFtb0pVVEhBaWY3dzVDRGw2X01JWUpRNHBNWlZmclVsYV9uRFJmaWJiY25PY3hlWFZTQTh4N1daa2NwMlhkcjBYNy1CUE1MMGREeTk5aHNINmRiOHdaZG5vd3E4ODhnOTlqZWk3SU5pVHJZZ3dTR2UwbVNReDN4bFk?oc=5","Dawn","Pakistan","1781527804000"
"Iran and US reach tentative peace deal as Israel rejects withdrawal","https://news.google.com/rss/articles/CBMixAFBVV95cUxNUkdrMWJKY2JXWTdhUE8wdllyRlJ3Q1NfVjl5b0NOUVd2aTd4TlVmSDM1RFdQM3RyRGN2cEFuOEJzLV9BVzBCY0NncWNoTE9nYzV3WVk3TXp3YnBwOUZyTGZBZS1saTFuRTdWWmhHbGpPUFlUMVVybl9wRWc4RUx1d0hFWVQ1U2hRcXJ5MFY3U1JmdEJKTFZGOEFWamp6Vk8wcDJzYzlzejdHbURsdFFCeEFTaTZRWDc4SDRDWGJnWktaeTU1?oc=5","CGTN","China","1781527552000"
"Iran says US must ensure Israel stops war in Lebanon under deal","https://news.google.com/rss/articles/CBMibkFVX3lxTFA4ajZ6YzZEOGhzbkNMekhVSmttUTJjMzZMZ3I4dFctdER5dkI5RGljcmQ4XzBSbkJpNzFWWkFkeFZweGVMb3BFU3dyMVdvbGhvQ1JMbUpNakJpeEF6M0xmeExleExTdmVXWWxIZExB?oc=5","CGTN","China","1781526807000"
"Iran says US committed to compensations, releasing frozen funds under deal","https://news.google.com/rss/articles/CBMiqwFBVV95cUxPM2FDX2JlLUxTb3F1cGtTZHFPdVhFSFpCMXptSGJfaVhNV0J1UkdLUmotZW93ZjNPT0ZmUVJsVkdhVmhEOFcyM2M0Rkd3ek1hWkZXSV9BWnlDWkdDYXR4ckdRcXpOQXdSdDhMOG9NYmVRdkVNc1JNVm45UWhFRXduYU9kM3U0RXZlcV8tMWpVd280aXowaHNnZnZGUUNZNXJFTzZlSUpGenYxYzA?oc=5","Dawn","Pakistan","1781526767000"
"Lindsey Graham appears to lay groundwork for distancing Trump from Iran deal if it doesn't pan out","https://news.google.com/rss/articles/CBMi2wFBVV95cUxNZUxYZmZ2aFNGajVRclR0ZENHeGFIcUQ3LVg1TDMzTWd6QzlsUDI2QlR6N0dMMGVwaXZ3a2VBYUYtS054NDBKZzFLR1F1TjRraDlnN0hQNkk5TmlKYW5OUW5yWHFhbXYwRE9tUjd2UU1feWJjMEZaNko5M1dfdzJGSm5MZWVLeWpUekpqT0tpZHhJTkFNTGxkSmQ2ODlLaHpBSExadkh6QlVjREpYNHlwUjE3U0VVeGx3c1NIVHAtNW01T1NnX25LRnJYWFBrNjh5TVBUcFdBdmtDcEE?oc=5","The Times of Israel","Israel","1781531986000"
"France's Macron calls on G7 leaders to back Strait of Hormuz naval mission","https://news.google.com/rss/articles/CBMiyAFBVV95cUxNX0tZMTZwTG12REt0Y0QxTHlyUTF5TW9kaWI5MDB1MWFYVUFwVUhoVFZuUE1DLUpzalR0Snp3WnhvNlRCeTFLSDhiNGdBNkt2ZlpQSzRWdUJlQVRXQmZzWkR0Qjh6OFNPTkxxd0I5Wm92NDZRZGxmTG5neFFaVFJTNTJFcE5lYTZnYS1jNFl3TjY2anIycTFuMGdFdkVBQ2dVS2Jack5EelZfb1I1NGNsdXpJS0FSMldPMmVpMlRPMEZEaFRIaElZNA?oc=5","The National","Arab","1781531620000"
"Vance: US ‘expects’ Hormuz to be opened toll-free for long-term","https://news.google.com/rss/articles/CBMiqgFBVV95cUxOVVM4aUZLZWxBMGExd1RuWjZ1UUYxR1BaMWs1Wk95T1FCNzNCYVFVRFNWUnB4SmthNk05ZkNVNU1pOWN2Wm0zVVZOMVRHOXBKQjZvQmdsTGVmTDhiRUVfQTd3Uk4xaHpkMHBrVUxmNjRRd3BIZlhYQm04VTFvVktqT0lCbTJFOG5LeDBDcEZuY0tSQWdaZVlpUEdhVE5LdHlNck91U1NETjVhZw?oc=5","The Times of Israel","Israel","1781531350000"
"OIC Hails US-Iran Agreement to End Military Operations and Restore Hormuz Navigation","https://news.google.com/rss/articles/CBMivgFBVV95cUxNRHpWWjlvelNma09IQWVma0lPMXJzV2NTWWpEMEZzQ0tlSlEyZEdNX2hLNlM3andKdkhYZVRZOWlZeEozNVdmZk1vWHd3UWJyMXB1WTEtVWVneDJ5SnZjaWRkVnpaV293cVdHRHZOa2VHYnc4bFhibFNlVEhvVWRMRkpwN2owUlpyRWNXSzdMWFJ5c2VNT2lzOVAxNnJ4WHQ3V3lXa2pmRVQ4Yy12cUZrbmxlVWlScElSQ3hYRkxB?oc=5","Asharq Al-Awsat","Arab","1781531205000"
"Arab League Secretary-General Welcomes Announcement of US-Iran MoU","https://news.google.com/rss/articles/CBMirgFBVV95cUxPVjBsOXJqWFY4eVNYdm40YmoyTlpfdmgwX0xaRTBvNm1aSlluVkVaUjhTbVQ0Tkt0QVo0ZHZEWUVpeUFHMEN6ZGQ4TFE0XzcyM05oUV8tenlhV2N6Tm1tLWFrTDB4cjBHN0p5UlMxbFJDM0wxZzFiVzBpaGtzMTRrVjJLNGZaNFFvQWkydmxMM3hKbmNoRFl3RzNnTzZKWUwzTjhlMG4zMnB6U3dweEE?oc=5","Asharq Al-Awsat","Arab","1781531109000"
"US-Iran peace plan offers hope for thousands of seafarers stranded for months","https://news.google.com/rss/articles/CBMiygFBVV95cUxOajRia2taTEJoWnhWSjRTWExkdDZXN19Nc3dhNTV3RnZCWk1GNFAta3FhTWJWOFkwS2U3VlJVbGljMHlwby1CNlNGT093cWZwY1NLRFd2WkRKMmdRWENubkVmcVlTM19ITDJ2cWZkYWcyY3pQaDdGZVJTV1F2THJtd0Ruc1gtMTFXWW95ajJKMHhEbktTQXRJbVJ3dzZMQzFNZ2ZxelJ6cng3ZVNrSnRJcFEydC1sZ2tZdnBJcU1PTVgtZGxIUUhxcnp3?oc=5","The National","Arab","1781530768000"
"Smotrich and Ben Gvir pan US-Iran deal, say Israel should defy it","https://news.google.com/rss/articles/CBMirwFBVV95cUxQc3JnSVdBT2V2Q2VPZGhNbDhpUy1mMnFfc3Bub0stME1WZkllTnh2SzZRcFdlNGtXTUpqX1AyVEhqTzlKWFk0VW5VZloxaGR0VVRJYk5Hb0UydW9wQ1dJZFN4NlNKU0FOY0hSdUQxVG5tTnhRRXdISHp4SHZ2a3ZTQjJQUHozeDJ5OE1oRnBCMzRzTDZnUHZmN01kWGtDQUIwOVdqZzFWSkp2UHFSUzdv?oc=5","The Times of Israel","Israel","1781530739000"
"G7 summit: US-Iran deal, Mideast stability and global priorities take center stage","https://news.google.com/rss/articles/CBMixAFBVV95cUxPd19mWE5CZEtPVVRZZlZaWldQTkJlNkl1Z29nVjQzWDM1cTJ3c0VqX3JxWlJfVlczYThEV1hwajg4NU9GWnJ1TGYzMzBNRERrbUlyMldVbHFfbFdBUnp2MmpCSXJEQmFmcVM0RnRwb3NEdTNzT3VUbnNoTG5VRVpraGxmcTJGdGxPN3ZXdHVGc2xLNEtFNFlvZVB6QjlnSFhJWDVXVi05aGRvbnMyTDB3bXliLVNVWlo5aWN2WklDNlFodnRz0gHKAUFVX3lxTFB4MHdISGZSQjV5Njl4bnhRUUsyVTc1LXFCV3pValJYdE1lbTlqaDlfdmNZenN4SkNWN0hLY3RLWVFTcURvNnVTX2RsbmRpQmttNTA2NE8tMU1LMjRNY29TYUl3bGVBTlFnZFdlQTdwUlpRZ3QtQ1JqcGRVUVo0bzhUejBGYTR5MlQ1YllueHJLREpOQzJJWVloSmNRRkNYNWZwVmxfMU5fcG1OV0JONGJmV3dfZHRHeUxqcW9YbGVmVS1jRnRsTTVmX1E?oc=5","Al Arabiya","Arab","1781530620000"
"Iran’s foreign ministry says ‘deep mistrust’ in US remains despite deal","https://news.google.com/rss/articles/CBMixgFBVV95cUxQdjNFaDlsdFJMYkR4WjI2X1BMbkNYUEd5TEFaVW80a1ZQaEl4WUc3YVcxRUNCTUlGU29oOFV1RTU2Z085OUNYYURQY1lTR2ZjaXltOWs0N2ZHT3A5RjI4MzZBb01JSEdLbEdJZ2d1N2ppbFVmT2VjaFY3LU9pOGVVQ0tBZUNZUE5xdmc2Ym1aWDc3emkwb0VENGZQTkxfbG5ZQzNDMUluVldvRlVSV2IwMTQ5M3Vyb1JsaEVIMUdsV21mNEhULWfSAcsBQVVfeXFMUEN1aGVhc3RNaFhFWGVUbEwxbVdLc3RCTEMydXJsY2xTTFNaNGZyT2FJX3JYOXJubUFPbllKVHlFNmw4ZUQ2SGs5Tm1lM1NrWWhGYy1ZWGxiUUhNWl80UmhmNHFNY3JjRURuOTk4UEROTTgzSk9NT1VkWjZ2SFFGS01TdU1JTE5lcXlrN0VvZ1lmRENFSlk4TW05bEpoMkxRd2FvZHhJN2U3TkdlSF9iZTFMLWZhaW5JczBpRnh5RU5UZDRGNzl3cW9nNFE?oc=5","Al Arabiya","Arab","1781529780000"
"Trump says 'ships starting to move' out of Strait of Hormuz","https://news.google.com/rss/articles/CBMilgFBVV95cUxOWUJXWWptLWdleHlaUjc1RzRwek5VcHRMOUZ3d2ZPOE45ZWJEWFNXdnJ2RXBLT1dPNU1wYldGMVdoSTMzdXhvOWI3dHYzbjloTzBmNFJlaUI2MWJKQmd0RTRfUnQ0d0llLTNldmpKUDVhRE9pU083anRpNjJ5dW9WQlBhc1p3OHBiNjVzb3laLWpvQ2NkMkHSAU5BVV95cUxNYUlrcHdTTFZIekJGN0EwZ1hxWFQwSFhSX1AxTzVteWx6U2thd2YzemxiV0gxWHVDVW9EdnB5T3RTLWFYWUlBbHFRYXNSekE?oc=5","Dawn","Pakistan","1781529239000"
"Bundesbank chief cautions against optimism after U.S.-Iran deal","https://news.google.com/rss/articles/CBMifEFVX3lxTE9IY3hQVURrMGpvLWU2X0w2d1ZKMGtXWVVKaXVSRnFwSmI0cWZTcWJVbjhZTVV2ZHF6RGhWVGRhMko4Z1p1ZVBvTjc4RDZ3MTdTX2dJMklvajdlLU9ESXNWVlRZTDJPTUlpcG5lTkZiVUFRbUtETTE5T29nWmI?oc=5","Xinhua","China","1781528940000"
"Stocks Open higher on US-Iran Deal, SpaceX Shares Jump in Second Day or Trading, More","https://news.google.com/rss/articles/CBMiqgFBVV95cUxQT3Rzckl2Vkt5SUJ4UUlTcURvaTVtTml2dFVmXzU5Z01FNEl4QnB4elZlaGxBTF8wVUx1Nk5lVmYwY3lEdHIxRGk4X1dLbGJpWkJmNGJ2bnNFOW1BelJ5aVpFcHo2TmNQY1NnbGRzZklHYTUxZkRVUVIyc1VfWkNEZUxKU19Oblp2TEhqOTFhd1pKaElKQU9KcnN5N2RUc0JocncxQ1VzYlF5UQ?oc=5","Bloomberg","Global","1781531816000"
"What does the US-Iran deal mean for Lebanon and Israel?","https://news.google.com/rss/articles/CBMiV0FVX3lxTE44ZjRoUW5lbEJTNUhLTW5MNlNndW43ZG9RX1lDQmU3LW5ZTjdBbzhITlI0MXY0S210YURPMEhiQ2pSQktfNi0tOWtOOUVWcDFkNzNzSFZWYw?oc=5","BBC","Global","1781531439000"
"Israel Is Alarmed by Trump’s Deal With Iran","https://news.google.com/rss/articles/CBMie0FVX3lxTE52ekVyNGZuQ2EtY1Zic0FfYXFEakpUc3NzOHlLdkxnVnJwS3dzMW5sUk1MeFZfVHZDSkk0Q0xicVVyWFNfR1ZCdGNpU1c3ZDQ3YnRSdW92VElDS01kdHlxZnZ0VzNzeFJEUlh6RW12OGFGNnhiVzgxcUNFVQ?oc=5","The Wall Street Journal","US","1781532000000"
"Oil prices sink to lowest levels in months after Trump touts Iran deal to reopen Strait of Hormuz","https://news.google.com/rss/articles/CBMi0wFBVV95cUxPX25ENmFnR0NDOXNxT05WU1ZDU0VvaGZDUWxBT3BBamNJeFdtT0k3WThhbjNHaFJ6Tnl0VHJ6X1hxT0NNcFhvNkh3TENaX2dHZG9uQkExTGFvVWRIVDFmb2dSYkJmQnlSTThiVXRycjRYMmxsckNycktfRFFyeklzS09WSlBxWG15S05jQng0MUZhSjMwWm9aaDFfZWVMeDgyMldmWTZHbElPSE81NDR1TUtZR2hNemNLYzlmYko2aGc0ektBeHVjUm9Nd3E1N01oUFdJ?oc=5","New York Post","US","1781531580000"
"Tallying the global cost of the US-Israel war against Iran","https://news.google.com/rss/articles/CBMipwFBVV95cUxPRndNdE5lQmQ1Zm40ZzlqOTBUUHNxWDRGZ0NHVk1GanVJVDVWOVgzXzc5MnBvamtiTWlLV1IxSzloZHVqd3Z2MTltZUVYdWxrRU9YdGcxOG1YUmhNa2Iza0VIYjNIdEFzbVF5LU9FUTZ4QXhnREF3MGdTRGxOSnhDSllEcy1yNElCS2hWeW93c2VIZkZmZWt4SktBazloSjhKNzFXZ2k4QQ?oc=5","The Guardian","UK","1781531100000"
"US, Iran ‘already signed the deal digitally’ Sunday, Vance says","https://news.google.com/rss/articles/CBMinwFBVV95cUxON1NMZVB0MGp2alhBczFMVVBmR1VKNzlSY1F4Z3JVY184VWVDekRMQkJUUnY3WmlNT19HZUJtT3k4Wno1N0tHcE04LVZhbmVMeVZnVFhSSVlIakZudTliUkRUelVQaW9iNV81Z2t6TlpjbGVJdGdRMENOVWRQMWpZRFMyaXE2eXpIYWQ1ZG4zZDBBY0Y4WFJubzVRcnVIc0k?oc=5","New York Post","US","1781530620000"
"With Iran Deal, Trump Celebrates a Win but Much Remains Unfinished","https://news.google.com/rss/articles/CBMijgFBVV95cUxPaVhQbEFyVl9CWkdFOHhkdUdYU1RjYzBuQ0J2a3RweFlucXdNREU4aTl4YVpPOExWaFBNcjQtTVRJRklDa0ptOEV3aUlIQnBaRjBLT21wQ2N3NFRLeHBBS19GMm5QanBjTjBXX21NM0d5N2xVTUU0Rkd4V2lDV09xV3JwektZcW5CVklWclB3?oc=5","The New York Times","US","1781529981000"
"Israel Counts the Ways That Netanyahu’s Iran Strategy Failed","https://news.google.com/rss/articles/CBMikgFBVV95cUxQc0J2RXkxMTBHbkNPdW5PVnhucVJiX0JFb2RHMVpzVjZDSUwyWnVORHY1MGdvSDJIcHBHYjhzS1dsVHNGejhLdmxLRkZHUWhhcVpVUzkwNHRaT09mdzJocjJfTXhXTk9ocV9iTVozU3VTOFZJR3pnaXhidFNGVFhoNzlULUUyYzBLcUFLQzE2R3dodw?oc=5","The New York Times","US","1781529088000"
"Bowen: Iran deal ends Trump's war that revealed limit of US dominance","https://news.google.com/rss/articles/CBMiWkFVX3lxTFBSbi16U3FSdmZNNFhoNWczbDI1YlhYTy1wS2N1dVRWR2Y1d01rOE1iX19KOGg1WTQ4Mk9KRERXUHRKOEdhOEU1V1BYUEZWV2RtakN2M2hxTzZ1Zw?oc=5","BBC","Global","1781533588000"
"US-Iran nuclear talks must address these key issues","https://news.google.com/rss/articles/CBMioAFBVV95cUxQT3l0TngxSGtXWUh2aDhyV3BCTkNsRzlUZTc5N3U5WHFmRS1Hc3ZVS0pzbUIzRDV2U3oxNzhQU2F2bTdoalAwVUFKS0U3LTBmRmNWbGJ6SVh6eTZsT0dOZXRwOWREaWlnd2FnQUhIRHhJLVhNRzBHYTRKQVZZd1N4RVdXV2Z5dzM2VUFQemhsa2FVTUttSjNuMW54RnJOZWYt?oc=5","Reuters","Global","1781533489000"
"What we know about the US-Iran memorandum of understanding","https://news.google.com/rss/articles/CBMimgFBVV95cUxOdGZSZ3BIclRzYVJ6T0ROY1JMRGZReEt5R0hjZHltTU9LaEJ2VFlNQnBubGtab25JRjd6aWZPdWNMc1BfY2xmYzhBU25fdms1RGVIU05DZ3hqV3dEQWRZemZvQWh3MHJwMWVQNFRvWWVqR0ZDelNiaHN3aDVVOHNMN1J3YzdPY3NrZjFSTnZwdklYQWptQ1NrdEZB?oc=5","France 24","Europe","1781533245000"
"Stocks open sharply higher on tentative deal for end to Iran war","https://news.google.com/rss/articles/CBMivwFBVV95cUxPeGNZSzVla2kweTZzaDRXWlA1NDY2TWtGOTdJWWdsMHB2VWh0am5fZzBxY3RzZEJNamFqaHZ4eE8ySFpLcUUwbGIwVEtJV0stcEFUUEx5aEFaWjd4VWxxUDJVVWd5NzBobjVlc0VNVTRUSi11VGZ6QVhJaDExOGZRYVh5VmxUY3JUdm1xemxmSHZPXzlwTzNjZURnNnlvbXI2VU5YNGg4WTdKdHhUMU9WTFNUck8zM0FlMEhUMkpKMA?oc=5","Associated Press","Global","1781533140000"
"World Cup 2026: Iran face New Zealand after months of uncertainty","https://news.google.com/rss/articles/CBMiUEFVX3lxTE9VOFU2X2ctRTNTS2FtN0E3QkpzMGJvUmtCM29Vc1gxR0NoSWpuX3EySVJrOFR1T2ptaGlCZWhXMlJnRlgtWnRjRmxwNHBDVVdu?oc=5","BBC","Global","1781532799000"
"Mixed reactions in Lebanon and Israel over Iran-US ceasefire","https://news.google.com/rss/articles/CBMipgFBVV95cUxNSjFOQ19WYmhWMVkxNEQycDFoczgtaEptazNZTmxYSnNZeFo3WFE4WEJRY20yWFYyclYyX1lVZkFYNnJtZkE3WUdCX3pya0tuR3IzVWRPcHpzQWV1X0ZKYUNHTE9GTldmMEtSWGQyU0V5UHJMNF9vQkJrNHhkRGxuSnBvMkhfTkR5OHh3dHM1OVI4alZWVGFOZ3pMTEdfUUNBLWNHTmxR?oc=5","France 24","Europe","1781531810000"
"How Quickly Can the Strait of Hormuz Get Back Up and Running?","https://news.google.com/rss/articles/CBMirgFBVV95cUxNV1dSRTY1VW5EWGxNeFpZYV82T29tUUhEUHVQMVFqcVVOb1MycTVCVW5obC1mVmc5a0lFWHpFMGtLUFFxZXhpZHFSLTRUUWJxMWZhWW91V3RnMzlEd3VaTXRvb0FfbWt3cmdkQmNqcFdEYnI3cFByMDZtWU1FMDA2SWJvVHV2a2ltcnE3aGFCOWRSSW9pbXBBUER2dEl6VExuNTJLSXdSX0J2QW9YX0E?oc=5","The Wall Street Journal","US","1781533569000"
"Trump’s Iran ‘deal’ is a warning to Ukraine","https://news.google.com/rss/articles/CBMiggFBVV95cUxNcThjOWZjZWg5VmJMa2FZVncwWU1JSWphSHpxdUY5dlBlSE5kTDdMeUlZMDNKOHRiNzFodHFrY1dMbXNWSUZoc18zRENHSDlMNzk3OHhaTFdpeGtWMTM5b0gyX0xhcWNweEtqTkFQWU45NGdtbHJGUkNGOC1Rcy0xMUN3?oc=5","The Telegraph","UK","1781533500000"
"Former LA consul warns about Trump's relation with Iran, fears 'new Middle East'","https://news.google.com/rss/articles/CBMiX0FVX3lxTE9WczZFd1dVcUpNNlNHd3Y5QjlGR3NDUUhUcXZHanJjcW5qZTVUaWlta055MWJEeUcyeEthRmkxc0ZtdmFaWDQ1d2pHSEptYVA1bmdoVzQ2ZldURXIzQzA4?oc=5","The Jerusalem Post","Israel","1781533197000"
"Iran seeks focus on football despite travel, visa hurdles at World Cup","https://news.google.com/rss/articles/CBMifEFVX3lxTE83dzJTRklzcEVqbDN2ZEQzMXdrRG5NMnZOTndWTGxJUHIyS0lZdkhtN1h3SmpSd0lXb2tyb3c2TTd3amFPTnpQUG83SThnb1Q0R1NkVG1DYjktR2dPam9oNWJ3WHJRNEgwSFRCVmdVV0VWNk1hdVVMd0ZndHI?oc=5","Xinhua","China","1781533095000"
"Maritime advisory says U.S. blockade of Iranian ports remains in effect","https://news.google.com/rss/articles/CBMifEFVX3lxTFBhMFNDczAwdkV1cUxKRlRkRDlDM0pDNjViNTJFQVVKbGxJckU0a3VyQzhjdURpOFY4SkJGTnZfWTU4ekNNcmpDdXFDYUFnbnV5R0hwOTBBd3VxOUlUNFFaLVJGdzI2TkRyY0JHOElGRUJKSGgzSXlYS1ZfdFc?oc=5","Xinhua","China","1781532901000"
"China hopes for early resumption of safe, free passage in Strait of Hormuz","https://news.google.com/rss/articles/CBMifEFVX3lxTE9mbm1xZldfdmFodXJSc3k3a3UwYnlFN0ozRnZSa20xUTBzc050bndCb3N2RGpyYnYzSGtxRHUxaUxOQmtCZ0xtcU9qaHRYM2s4X1hmSER1aDMxR0EtRjNKU2dId1FFS3BPZXpJMVVGVVBLa3FOV0gzZDYyRnM?oc=5","Xinhua","China","1781532900000"
"US VP Vance says Iran deal was signed digitally on Sunday","https://news.google.com/rss/articles/CBMilgFBVV95cUxQenlSM1FUY096R0lTZExCNnF2dHRCZlc5cjItME9UTU9QU1ViVHQ0NXF4VjgwZ3N2SW56TXZOeW1wQUZvNjVsbHZQbHdQTi1icU9YTWNHOWlQdVVBZHIwLUZJd25ZbTVSWmZiNjQ0ZmVwQmNkZDh3OTlRRWFQM05GbmRpT01USlJhQnFGbVFEWjVmX2d4YnfSAU5BVV95cUxQWF83Znl3RE1ocmlhQXhlQXlHcC1rYkhEZDdtTmJSYnpTQjBJVml6M01fWkhrRm53dVdvamlzek1qQ19wSVFBa1BsLXJ1MWc?oc=5","Dawn","Pakistan","1781532781000"
"Lebanon runs the risk of becoming a forever front in the Iran-Israel conflict","https://news.google.com/rss/articles/CBMi2gFBVV95cUxQQmlaaThxMThQRV8tSkp5Q2dHNWF6Q25WYkhZMkxfV0Q2eFF0RVdvMDJYM0VCYy1LQTNvWGxGbmg0dkRneHp2WWZCY3k2UXpVel9rZUFfVjNBbl8xLTYzVjFVaW5hRVYzSTl6a3Z3eXBtMks1TEZRd1YtMkhFNk5wOXdzWTIzeFgyWjZPck8tMGM1RVJQT2pNb0cwLXJOR2JzZk8xeUtwT1k2SmIxVW5FYW9KalpvTXhVb0tCQkZfa3RDUzRCR2JTd2VrTTdIdHRMYkY1RVhNZjhpdw?oc=5","The National","Arab","1781532190000"
"Germany's Merz says Iran deal could stabilise global economy","https://news.google.com/rss/articles/CBMimAFBVV95cUxNOVVZWVBMU0FLdXJBZVF5SzE0SWV5NDByMldDeUI1eVJFRkpvS0oxYUJ6MW9CQ1c5WEpMRnVSN0ltaHp0ZlRUN0xtLXlfeF9wc3hHaC0tbXZsRjJ1NE9nYW10dHY3cGotWWVZTER6UGFUR0RpX3U3bVAyc0FKRC1KUlhrNE5DTkp0bXdiOG1neFAwNnFQM3o5dQ?oc=5","Dawn","Pakistan","1781532116000"
"Iran, US agree to halt war and reopen Hormuz, sending oil prices tumbling","https://news.google.com/rss/articles/CBMirAFBVV95cUxPN0pvZnBldzc2YjdvOEJoQWVqQjg3Mm1Fb1JfVl9CbVNDQzl0YlZYZUVTRlhPdS1JaWFaWVVkWFNtTUdOcFFQenhtTVQtWG9CclE2NW1xeTFIYXY4bDhrWFhkR0ZvNWswR0xyMlh5RzByOEJ1ZjhXREVqVnRKWC0xdHh4WklaSTU5NVZHTHJoUFl2M1BkaTNKRV9tTXFlLUdyLTBJTGFTMmxUanE0?oc=5","The Express Tribune","Pakistan","1781531863000"
"Feature: Lebanon's displaced pin hopes on Iran-U.S. deal, but road home remains long","https://news.google.com/rss/articles/CBMifEFVX3lxTFBRdGNGT3Z0WmVLYS0wQkprbXJVNERqMnVJU3BGWGlpYi14RkRGR3h4THJrX1ZMeDRkMUs3Rl9NSGJ4Yl9rMU5VMEVsSVBBbUxZd2g5TmRVUTdGNXF5M2ZuT1F2VWlfc1NBUGVlbkUtb2tJUnd4MHBQSkZDdG0?oc=5","Xinhua","China","1781531715000"
"Beyond Oil Barrels: Hormuz Breakthrough Reshapes Gulf Economic Stability","https://news.google.com/rss/articles/CBMitgFBVV95cUxQUTAxcDdLX3NaeUtMaURKMlBRUE45Q1I1aU1wcHpuOFoxZDc4eUtNQllFcWs2OXktY3R6bHJqcmJwVnNBVVNIVFFRY3RhRHJRQ055SjNrQlFwVU9pRDhTSjFoaEYySGlEYzlkQkRCYlk4NF9UTmhTaXdReTJrRThtUXp1WXdjbV9EMHVyMS1RVGl1OFRlT1VlM1R3LWpYSkhBUV9FRWJnd29zWnRRNGhRcktZVldjdw?oc=5","Asharq Al-Awsat","Arab","1781535527000"
"IDF, Mossad officials largely oppose Iran nuclear","https://news.google.com/rss/articles/CBMiakFVX3lxTE1LTVc3eTRKUzNtcjNJZ3dOWGdORV9zVGNjamdUQk9aOHhkNVNGdjJWVXFZOEhTeUlxMUkwZ3ROTmdIZlowYzlYMkQ2dUI1NWJRM3JZLU9WWkVianhua0RCdmlDeUxxYzdjVmc?oc=5","The Jerusalem Post","Israel","1781535401000"
"J Street welcomes Trump deal with Iran","https://news.google.com/rss/articles/CBMijAFBVV95cUxQczhWNF9HbGZjTzFjSUpqdGJ0YnhaeHdRdWw3QTQwNHo2QXRnOVdWb1RLYXYxcFpWQXJTMFE5MlQ5SGthTmMxRUZFak9xLUhlRXNDTjQtOUJIa2p2QkJ4MURVNzdlSEZaM25qZnRvcmpqZ0FoSzdOUC1DSThkVGd6WWJtdjdBeEk3SngwRA?oc=5","The Times of Israel","Israel","1781534950000"
"Gulf recalibrates as Iran emerges intact from war","https://news.google.com/rss/articles/CBMijwFBVV95cUxNWTZESVZ6b0JoZklWX2x0V0g5OXJzMmloSXVKRndsZl9rczJFazdNQkFlUTdCb2VGYTRwR1NGRDVDUGZ1bkRoa0dhWUE4bV9QR2JzY0tIQUVfOExtd1NCLVBsR240QkJjRjNhZGpTYWRkcmpGVEJjclhmZVBxLUVkeEdtVkFGbTZPUVpnOWV2c9IBlwFBVV95cUxPdENYNXdjYmtZWmxyYTJsenM0MlF1T044dmJxNml3OTR5bUJrcEZNOTMteU1zWTBOSUQ0aVNjY1ZSWW94dkJSbk41ZWR5NDFoMDkzcUJjLUs3MUUzQ3NMLWxaUnI1RWVnamxIS0V0bjdweUc1UC1WdUJMVVl3MjdtTU1tQVgyRi1PUkx6aDJvM1RXdW42dDhV?oc=5","The Express Tribune","Pakistan","1781534925000"
"Israeli strike kills one in south Lebanon in first deadly attack since US-Iran deal","https://news.google.com/rss/articles/CBMi1wFBVV95cUxQcGw4cDNNczhGZFNEeTQzdFpZanVBWTdkY0JONjFlSUdmMHVrRmVUSmtwNnFObU5tRHdBRV9nZHhodlVJLVVoTTlSTmRPV0dIUDBWNzFTaG81bG94NDNOVHZ2QjR3d01KZzlqRXBNTGpiay1wV3Y3YWxHQnZJZUNQbFZVS2dpMW9DNHRfRDNJMXFxVHhyUU8zeFpXT1ItZTF1SjNicTA3blFOUExCcWhUaGpIQ1BSYnRaUXpPRklBT0N5M2hHSlMtWERCMDE3bEQwekxLbmFRMNIB3AFBVV95cUxQWjZ4TmlIbmtPSXFIRHNkOW16TWhBZjJiUTU3YmJfVThUOUdROUEzTjVrZGRxQkpma3IzSjhjSloyUmdidnJwRE11RmIxUmpWcWdmUEFEMFVEWTdMSElKdS1vNk9PbVA0NHBBUXVOOGlMa0gtLU1janNqczBoQ0Z1MnF4bnBKN1A2Mm8yWFFyaXM3NlU4U2JMMVYxRnBTU1ZvTVdoWTV3Z2tFdHhIMGh0aGk4VDN1QUZwYXNUaTYyTVpSbmtpYVZSQjYwYkg2b2ZDX1FELVpVM3JOVzJN?oc=5","Al Arabiya","Arab","1781534880000"
"Deal Ensures Iran Will Never Have Nuclear Weapon: Vance","https://news.google.com/rss/articles/CBMiqwFBVV95cUxOSHJ6WXFOaVJjcFdMOUVwSmRTWFRDbW9qMnhWampWTnJBT1daelBISlZoR3JES3p2QVpKRVh5M0I0SVFUMnBfS1hkTjZhRmwtdndmMUNMdUdHM056SmVnWjFRRzRDOXluYXp3ZHBkbnEySXdRb3NFU1V4MF8tX3RaR2ZvdFRqaDQ1YmZLa2tiSDlFZ2pqWlFFcGV0N0dSUEJZMFl6Zm53a29ZOVXSAbABQVVfeXFMT0tVLXQ0U1VYLURMOEFnNUN0S3M4dFE3M1pBOTdsZnpxeFNWY1d2YkVaNmVtV2ZzWTUxZlFJT05OcU5RV2g5OXo1eld6Qk9nV0xaOEM4SVVEanJYdnlsekpUOWpxd1BUY2kxNDVPRHVJcDIyeHVHV1k0UGdsekFzdlJFcTQ1a3VZRFdRYmZpa3ZpWGYybzc1bTZWLVpFNENlRFo0dU0wbms3VUs5RnBsV1o?oc=5","Al Arabiya","Arab","1781534574000"
"From battlefield superiority to strategic leverage: Iran’s post-war doctrine takes shape","https://news.google.com/rss/articles/CBMiygFBVV95cUxOMGhPNS1UV2lGSEJwZUxTVmh3QUl4UzI1eGpaa0tHd2JROUdBZk5KX3VQV3VMNUJ4aXlfeXlJWEZPUHo2Ym1ZWmJnRkxJWE85SFpLQUZac3lYS3Q5V1ZxSkcxWl96T1VsT29YUkRKRWFGUTc2N0llQmw3OWZRQ0VrbXRBYUFUU2t3Y0RFU05rM3FuRXI5LWtTUXl3VVlvSlhuZFhGbGYyd0tLb0NZX3dsRVlZaF95WjJ6d2p0Yng3Sk8xTDJZTXZkYkRB?oc=5","Press TV","Iran","1781534460000"
"Muslim World League Welcomes US-Iran Ceasefire Agreement","https://news.google.com/rss/articles/CBMinAFBVV95cUxPRFVKeGU0RlNaaTRaOTlpZ3c0WEJQTHdJb2JzTUNSRnl5VW9tajhfS0VjTmlkYU5BOFBGaFJaRVk0RVM4SFctUVB4ZWRBLXlxYzVObGhkclJrRUxyaDVjNzVlMk43Vm4wTHVuZjdYbnFrU2kzNFg3aGZUZHcxME1HdU54TGZDaEdnRDRVb3djNlQ5a0lyc0M0UWtKOWw?oc=5","Asharq Al-Awsat","Arab","1781534269000"
"World welcomes US-Iran ‘peace deal’ criticised by Israel","https://news.google.com/rss/articles/CBMiqAFBVV95cUxON1Y3d2RYRW1WVUtDWTBjd0E3aUpmRWxBYVBlVTVuVm10TUlmSHVUUEhVaThPV3NFUzktYmxLVUVHbzhfNE1rZ0lqVGdYeUdvLWNudVk0NUk0dVlJamk2cEUxbUxlWVc5a3V4V19zby1qdFNlbG5BWVN3dWotZWpvOXB2Tm9WU0ZWRW5DaDdqVWNmSWZFdjFpcnY3MXYxX1lsUFMwNDduZTLSAa4BQVVfeXFMT05tQ0RHYy0tc2RSRFB6a0FVWWljVDZoZFMtVjZIOE03UExmcDdzbVZnYW8zbVJ2SmJLYVJkeVRCdVFjeDdFSlJBazI5V2otQ0RkcEFaaDJaaG5oZE04bVViSUNOd0lCWVpXQnItWWE2ZGxSaUpjd2hxOFEwTFRmZFJaQVNvYVVlUTJ6NzZWOVFFa1dnM3N5ZEVBcjhCNWg1NW9BQm9MVUZIcjI2WUF3?oc=5","Al Jazeera","Arab","1781534243000"
"Trump says ships ‘starting to move’ through Strait of Hormuz","https://news.google.com/rss/articles/CBMioAFBVV95cUxPQ3Jtek1FdTVKUTBIRG1QZWMzN1lLNWRZd2xUaTlHNFRRaTI0d3V0ZnhvNFZOZzJXTUpSRG8wZjdYZ3N5UzF4MGZ1T2tRRHhtN1NoYnZSSjR0QmVabVM3MFYteHlNSk9wVDZLazktV2JzREZlQ0VDRnRmQzdQa29JRlJDMkg2UnBaRXlCTlJ3ZVRaS1U2QU51eko3VHdQZmNx0gGmAUFVX3lxTE5WZXUxNTRVMVBEYzFEZ3EweGRYVndPMFJrOG5reW4xeDlSbGxSdDQ3NDZRVHh2X2RpeUlmMEdTSXhCUUdNZmNFV2s0Y2J3Q0Y5RGV1c0s5czUwWVpNVHdmM2JhYmZrMWw3aGdvUEJZSzFnZzRrWFFqQTdCT1ZTWXcycDZlV09laDNfTTNVekY5YUpnYzJGVm4wRjdDOW93b1BOQzctbkE?oc=5","Al Jazeera","Arab","1781534120000"
"US military says blockade of Iran ports remains in effect until deal is signed on Friday","https://news.google.com/rss/articles/CBMizwFBVV95cUxNc0pzS2tTY0hYRDUtUE9KN1dqNGt1Sm1tYTNfUG00OFFyUkdpbThEUFBXalp2dFQyMGFFcV9INmJiMXVhWkxsOXktWGNnLUtuelI0Z3RzQVBkXzJ1N256andHWWVhbGFqaUQ4aTFzQkE1cUpuRllzblEzNTdjR3ZKREM0Ui1qVmhBYkRqVkxYUU9fZUFkUUZBak5NenpDQ0ZTRUlhTjdwc0tiV2E3dTV1UGk0QWFyRU1waG1EVEQ1alJkRXdoTUJUUUxmZGRMSU0?oc=5","The Times of Israel","Israel","1781534050000"
"Iran says it will seek UN Security Council ratification after final deal with US, as lesson from the past","https://news.google.com/rss/articles/CBMi5AFBVV95cUxQdDJUS0dwQU9xU2dTRXF6YndtSGVid3loUXZXMzc3UGlhQkNocHVnMU5BcHJNTnJrVVJuUFhwQnJ1VXlUeFJQRkxKSmF1d0ZRUG5Obmg4OGdWbVpJc3dlQ25KZWpxeGF5bFo1Z0YwTDBYMDRnYnctQ1QzcWxQR3BoeWhQd2xULU1mNEliVVU1YnliMjF2VW0tREFTbjdMMERVdzhsM1ZxRzlMTzVueXkwYWdXRVA0OFRnYU1TSzdfMDZERlJrcUtyN3VRRnZEWkViVUpZd2VaQmxDY3JQQTJrUXF6aWM?oc=5","The Times of Israel","Israel","1781534050000"
"Iranian president confirms deal with US will be signed on Friday","https://news.google.com/rss/articles/CBMirwFBVV95cUxNeVBKUjRwamtTbG5ZREtjY2d5WGNydndRcVl6VkN4bmFvMlFwU00yLThmSGhhVHg2c25tR094WW1BS05EX3dsSnBOMDk0bjk4czQwVGkzRGZSTXVpdUlwRDd0YVZvRFhyRGpiUWNaTHlvT1ZybGNBLU53ZWJuQXozcGtZXzl2akZjSlh2LXNQR2RNVTF3YkFqNEhfSnM5Q1B2SjNzQTk2NEc0M0ZSWDJB?oc=5","The Times of Israel","Israel","1781533750000"
"Iran says end of Israeli war on Lebanon ‘inseparable’ part of understanding with US","https://news.google.com/rss/articles/CBMikgFBVV95cUxOQ2R2MUc2NjlwdlA0dkYyUTlhTE9hT3loTXpxVHBSNXprdjhEWk1tWkZ2NzhzZU1CcjNMTUdwXzRHbnozRVNoOXM5Mkdldk1hcGp1SGstdHZpOFdIRjhxTXB1RGRGZDlFR0JuLWxIeG5pb0dBMjgzMTdsaDgxUUhUX1pkYmJtNnl3LUxCZjF0eTFJdw?oc=5","Press TV","Iran","1781533740000"
"Merz welcomes U.S.-Iran agreement","https://news.google.com/rss/articles/CBMihgFBVV95cUxQUWVCMWZRZ2V1Ynl2azJpbTB6N3p5TE5rODNtRE5ua2hBdlJJQ3pRWXRmMlBkVzVBbUR1bWlOMUM3aDlQTUlpZGhMV0hEU1J3QlJicW1VaVk5bENLaEU1Q2Y1U0lBVTZUSFlycXpFSkZOWkNEczRSbFZRcU9TTWlxT2tDc0VHQQ?oc=5","Xinhua","China","1781533560000"
"U.S. BLOCKADE OF IRANIAN PORTS REMAINS IN EFFECT PENDING COMPLETION OF AGREEMENT WITH IRAN SCHEDULED FOR JUNE 19, U.S. MILITARY ADVISORY SAYS","https://news.google.com/rss/articles/CBMibkFVX3lxTFBQMzMyMU9aWUtHbVdRQzIzWGRsR2NIWFpoc0Eta09hbDZlREZfbkMyRC1Ka2F2NU9RWjctLTBzZjR2a0E5SWhoZ1dDdzNOT3lPdTVQV1J2MFBIUTFLU21fSkVrSXpSUENFQi1ieTZ3?oc=5","CGTN","China","1781533140000"
"Iran must change behavior before any EU sanctions can be lifted, EU’s von der Leyen says","https://news.google.com/rss/articles/CBMi1gFBVV95cUxNUTJCaFNTMm9IMER5Z0pnemFoOGtHR3hXLTI4NU1rbmx2NUhBZFBoR1VjcmFiY3E5VU9Ib05KWl9OYWpzdW5mRTRwTzh2SnUyWFZseGNFWmxWcTZ5WDVHNldhQlJmVXJxcHNkendmTmdzaGpyeGlUdVg3TVZJNV9DbUgxTDdPNThKUVRUcmJkRHdJbWxFMzJYdkNHUjZzMzNyWTllTEZ6eGpQVG5lbHBFbEJfdDZFeFMxMUo4ay10WTVyT2VSNTNzajB5V0sxYWRtZkh6T1VR0gHbAUFVX3lxTFBnLWlONUZ1SVpvUFNTdVJHSUkwN3UwMG9UczJZSGliRFF6QzhtemZMWG5BYlkxaUZKZjJmd084QWRsSkhHQVF3UWZWSVVzLUNUR2JSTzhDcXNlc2d1Nk8wUk4zRTVtUzItUDdMcWM3NGpfS3dWcW9XajA0d29fLUNsalEycXZLNVlQWHhueWZwVHE2dnpDdDFWYVQwZUMxZDBCbkhHX3JaZ0gycDB5T0U2VDlSVnJlQ2VyRHM3TGpjS2hXaGNtUHl0Q2YyaENWcXA0cDBXalkyT2NCaw?oc=5","Al Arabiya","Arab","1781532180000"
"Watch What the US-Iran Deal Means for the Strait of Hormuz","https://news.google.com/rss/articles/CBMiqwFBVV95cUxONE1sXzVrSWU2WEY1Y1dOTDBTMy0tdEdlSHZVNU90dTU4V0tjYnU0N29xTGxFWjJjMTRGUGFwYWdXV0dnLU1iNnJRZzFRRGpGMXdyekp5YlhkR1dHOTFhOUZ0T180cWRNQU40YUhLT2JaNUViUU0ycmh3S2VUT2NPSUI4NXNyc2NibmNFRTBNMG9DZlpxVkE2aHpwZ3hJVUhUZjlKOTNBakhVVzA?oc=5","Bloomberg","Global","1781534535000"
"Benjamin Netanyahu faces domestic backlash over US-Iran deal","https://news.google.com/rss/articles/CBMicEFVX3lxTE1uU2xRVF9kOWZDZ2JKOHBWY2U3VHpvTDVpMzNxRkNIemRWeWFpN3dQYzd3bXBnVmZiQy1LeUplZ3A0RElJdm10UkoybW1jTzFESDJMbFItMVBkdWQwdFE1RHk4YzZtbVpJYlBmM2U4aWU?oc=5","Financial Times","Global","1781534262000"
"Iran war: The price of Trump's blindness","https://news.google.com/rss/articles/CBMirAFBVV95cUxOb2FaZjdvU1ZfNGE2d2ZWOUtMUnNXYS1XajVERWhXWlA4a0puNGQzdWxXRW5VUVFyVDFwdTg2THQ4MTk3R3VXOGZzcG9lWUJCLTQzZkVfanhadk10V1dIWlJkVThZT0ZySFlCMXpkWjJQUnBVaVVoSWxYd3dka1RpX3FBM3EwaVhvY1hNTml2LWlBMnFnV3J5Q19tbjNHbF94aWJzb3lSNmprZV94?oc=5","Le Monde","Europe","1781534017000"
"Israeli strike kills one in south Lebanon, first deadly attack since US-Iran deal announcement","https://news.google.com/rss/articles/CBMiywFBVV95cUxOQmJCOVNQRWZWLWhqMGRudVJOUWdvand5a3R3VGQxOUk4WEJRMVF6ZUNEWFBCUDJEWkVuOWNJZVlzaGFYWEFfbjU1ZG4ybGEwb29aaGJzZlIwSzdacVhXUzRnRU9XaVZqLVNCX29MYlBWeDh1bnVfY0RVNnRNUnhXcU85bXRSQmNlSkRzYi1ONG43enhjT3AyQWx3RGN6NWp3a3B2WnktZ0RjU2RtSHNYS2w3enJpbEd3ZVpZU3kxdzhrdFROemJCcEU4UQ?oc=5","Reuters","Global","1781533801000"
"US blockade of Iran ports in effect until agreement with Tehran completed, US advisory says","https://news.google.com/rss/articles/CBMizgFBVV95cUxPLTdWV1RmbkFENEFQLWw0QU5hYjFCQzZJQk96N0ZEazc4XzB2dHAyM1lTcmhseV9oc3lPYXZIUnY1OVhRczBjd1FIOTRNd2dYTDNRektOZmhBbWJtcGdGejRhQ1NqdHZ3OFNHRnBFZ2tRZm1vbjRSd2d4U3NWQ3VWOUdycXZsY0RvcHhWZ0lwa2p3amZTWUZpT3dyWm5Wd3VIMDJ6Z3d1VGh3T05XdlRkZXdaT0xGZDRlY0N2NjhnWGlJMmVuM0l6Z190WmlmUQ?oc=5","Reuters","Global","1781533581000"
"U.S. Says Iran Cease-Fire Deal ‘Very Close’","https://news.google.com/rss/articles/CBMilgFBVV95cUxNejFJcE5Jd0hGbEtWYVNHaUNCVzJLVjhkYWFNRVlENGpQeFFmRFlYd2syUFBVRzUyUjJGQ2ZuWnB3WmVDSXJlU2JNZUhjSV85Tm5WYlk3bV8yTnV0REpOcHdIWnN3V1J5VkJTeHJqUUlwVFFYaURfN0YybjFITHBYWnJSMDJFVDU0UThpRUk0SU5VWUZJLUE?oc=5","The New York Times","US","1781535660000"
"Why the U.S.-Iran Deal Might Work, and Why It Might Not","https://news.google.com/rss/articles/CBMilgFBVV95cUxPZ3F3N0xDdEFOM0FOU3lQcTFnWFBFRVB3WXRCdXlIcG9FRU92Nk1sWm92N1E5N3MwWUhuUzVLNnpfQ3A3MlFNOGNUTnhCV2xfTFNHWWVEc3FNVl85eWxla1hDUEN6RDliRGNxYUZKNWQxUi1kWWkzR05sSU1ZYmVETkNqMS0xTjNPZTdjS0tKR1pKM2lVOGc?oc=5","The New York Times","US","1781535050000"
"Here’s what’s next after US-Iran agreement","https://news.google.com/rss/articles/CBMijwFBVV95cUxNUHlwZlF1NDVqSkJPeUtlaGFpeXhvekEzSy1yYTUzWU40MUlUZUhVSkZZNk1yTXk4YUNmWnFhMzhhN2RrNEVYMjlpMWpPcmxhNEMxcHpPTGxQQkE0SXUwcVhzaVp3LU04bUdmU0lyMmFacnViakxqYnZjdkRlcERxTFVWWmxsbG1DVmZRcTBoUQ?oc=5","CNN","US","1781535000000"
"Why Strait of Hormuz still hasn't reopened to shipping traffic — despite Trump announcing Iran peace deal","https://news.google.com/rss/articles/CBMi3AFBVV95cUxNLV96eHBkRUR5dDQ2ZEhnMWpfZTNNV2VTa1hWcGR2M0VidUVjd092T3ZSTUJndDhaSmlnVUZneUQ2UlQ4ajk2SjlwUmFiOFVyelRuYUZ1SmJLR1hpa2piVkZLNkVEeFRZVlV5WVlKMFNyaGZHd0FJaURxenA2MEZkaDZGUkhTTEYweldaem9lNkVIdXB4NHR5c0tBQUpoZkIyY0lQSnFhVEdrT1lodnhWMWJfcERrSENsVHJ6SkN2YV92eTVnZDRtRUVWOXpkekwtUTEyN3JrYVNoWU9z?oc=5","New York Post","US","1781534460000"
"Vance says landmark Iran peace deal could change everything","https://news.google.com/rss/articles/CBMiqwFBVV95cUxQdTc1MWw4WVFVX3dFNmRfaHlRcGxhU1R5VnptWDRnWWpTR0k3aW5EWDlfaWpWa2hmYnA0Y2FTem9SWE5WQk1NZW83cktXTTZIY3dnSDV0aG5XU01FUjRpMmVFRS1VMTFoSjFaT281czVvcHUtdFNfTEZGNDdRY29yaE13TzZNYllXVUY3eTZISnZqR0wyVFJ3clBkVS1URElnUEpIdkw0NWYteWM?oc=5","The Independent","UK","1781534340000"
"Jack Keane weighs in on Trump's US-Iran peace deal amid negotiations","https://news.google.com/rss/articles/CBMiVkFVX3lxTE9OYnVudFdlWV80X2pzQkthQks2Um5aN09kdFlrOGRkYm5nYTloTUZSZGwwSWs2ME9BM3BUcEh4RjY3UzJEVEhxN1pOaTFvc2dNWUlkcFZ3?oc=5","Fox News","US","1781533911000"
"Trump heads to G7 after securing Iran deal","https://news.google.com/rss/articles/CBMiVkFVX3lxTFB2VEZJaUREYmxka3duZm4tOHM1QV9fOUQ0Y0U2aHp1bmQzTHJvNEpwdUl1MkxqMThCUzc0QnNqM05wMU1hNEp4aFpLQWVndm9ZUzBORmtB?oc=5","Fox News","US","1781533909000"
"U.S. and Iran Find Ways to Claim Victory on the Nuclear Issue","https://news.google.com/rss/articles/CBMiiwFBVV95cUxQc2lZSjdZMnlCa3Q5TG0tWWVlOGg2V3AzVGVMcUtsNUhqMmNlR3h0ME1FazdWOGFDVVZKVHZmWTdYZ3BHd3Bsc0VabUpWbUtIS0liMmRCa09OSjk0QThmbnNZRDhGX3RCUkptNzJFX1ZPdnJ4dFE3Nkt6eVpBanRoUGhPYnp6TlRRRk5r?oc=5","The New York Times","US","1781533869000"
"Hugh Hewitt calls Sen Reed's Iran deal claims 'absurd' and 'not true'","https://news.google.com/rss/articles/CBMiVkFVX3lxTE8xcTBVTXNRQWJ3SG5ad1hUSEE4Z29FbTMxQzBQTGJZNm5CdVZ5dUJMLWpJM2hPOFdoZXB6eTljMHpCQnBUUmVUYVIxb3R0RmR5OXVkRThR?oc=5","Fox News","US","1781533359000"
"Strait of Hormuz reopening won't end shipping risks","https://news.google.com/rss/articles/CBMilgFBVV95cUxPV2szNUd2NnRidXZPb25INEJsZjhRdmIxaHJ4Vnh4N3prYi1oSDdDekVXQy1wY1liQmxRMmk2Ui1mdjA4YTl5UmpsVXlpcmE4cFdrNE5Hc3lrdjJUNXBtVWFRR2JISWtlVVBjTnBWTlVSdjUwS1lTTTAtbTV4WGRSNkZCSXpZSnJKSlFqQ1NOeTZKWmEwR2fSAZYBQVVfeXFMT3RldWlxYjFCNDhraTU5VUFOLXZNN1FRYWpNMlJJSV9md0ZLZFdtYlk4ZDBRc215QVlTcGs3ai02RkFJUl9fQjVKX203dS14VS1BQ1V1MFB2QTJNMjA2YmxCek1tVWZLcXZkellnY3lOZWtGX0RFdEZxUExxS3lSWmdvUVFNT1I1aUNWd1VEOGc1SFM5RTJn?oc=5","DW","Europe","1781537199000"
"Industrials Stocks Erase War Selloff, Hit Record on US-Iran Deal","https://news.google.com/rss/articles/CBMitAFBVV95cUxNOEl0d2tSSGVuZVJ6NGdMNnlqeTE0eW9hVFRIWl9ETUxmcXNTQmw4azBGbHlvanh0c0JIY1lHbHVCSFpNQmdRQVpoVkJJSGNRMDVrNmhIVzU0eXRNeThkMldod0phQmhwbEVXNnRDN283XzdsRGxmQW5OOUdzLVdHajM4N0ZHdXZpcEF6TGUyT3VWcnpUVXJkeWNJcVRpM3RJa1R6dlc1S1FCdl9rZThrdkwyZHI?oc=5","Bloomberg","Global","1781536703000"
"Imaaraatka oo badalaya guud ahaan siyaasadiisii xiriirka wadamo uu Sacuudigu ka mid yahay Dagaalka Iran awgiis","https://news.google.com/rss/articles/CBMiXEFVX3lxTE1PbDdhV25yVTFHbG9xcDZmeTNUbTVlYWRqdW9mbjlhUmF6MERJZzhIRXpXdi0yZl9xdi0xcjFTSDQ2eFRfRzZ6NnVsQndCMHE5Y1VDOVZfeWU0NTFF0gFiQVVfeXFMTk9DYTZOSVhzckU1QktFckhfd0t0QmxkZUNFMWliRE5qX3JESEVVMER3X3ZwSTB3RUJzaUFiVmZCMHFpRkJSaDczblZWV1pGTEtGS2l3UE5oa19pbVVKUUVLUHc?oc=5","BBC","Global","1781536408000"
"IMF chief warns energy recovery to take time after US-Iran ceasefire","https://news.google.com/rss/articles/CBMitgFBVV95cUxNdFZHMmpPZ0JBUmRTNTA2RUNrTGstR3VJVGFRZFBsRExoWTlSVTJpLTJCVlFjUFVzb3l0MFRuSXhUd2RHMmZVcHRiSVZuT2dEenR2UTZEQVhhSUp3NS1ONUNTXzF4U1BXN20tLTR6TWxINkttbDM1anpJMHJKancza00xODdQYklLdWNjSmhqejVWV0g2VEU0RmxtSHhSUGc0Z1NzcS1nNG5LQ0E3VlItMXpkMFprUQ?oc=5","France 24","Europe","1781536152000"
"Bloomberg Surveillance: Iran and Warsh","https://news.google.com/rss/articles/CBMimAFBVV95cUxPT3EzZ2JGN2RrSkUwaUoyNkZqUnFiWHVBYjBoTmNuN2kxNXJ6S1dfOHZFVnRzV21FMUVOTFpVLW9Ncm1keWx2OVFXRjJxeEZxbGM0T1VIUTlEVnRFOElxX25LZ0xqemVOY0txVXRyT05USGhZS3VjcmlYdk1QSlJTWm93ejU5RldwY1p6enhiN2kxd0p5eDZpaA?oc=5","Bloomberg","Global","1781535911000"
"IMF Says Still on ‘High Alert’ for War Impact After Iran-US Deal","https://news.google.com/rss/articles/CBMiswFBVV95cUxPcXZ4SjR1NUhGcmc2VjdUNThxZ1RVa0xKOVBidl9MelNaa1dVQXgxOVM3cV9VZ0hXM1hiR01LT3UtMTJFMkpZYkxRNlliNjhMRFp4dmFlUlpGemR3a2hnM1BKRHRFVkluaVA2Y2tjQVV3TlBIYU9OSURhUl9aQjRUZHQ2bnBWb1RLTnlGdFhVYnlsdjJ6ZTFKSVZVYXFCN3pEdTNUZ0RKLU5BeFNCSmV3QU1DZw?oc=5","Bloomberg","Global","1781535600000"
"Iran take World Cup centre stage as they arrive in US","https://news.google.com/rss/articles/CBMinAFBVV95cUxNdVpUenVrUDZKM2ZDd0FYRjZNRXI3dEVwNFFubDVhakVPUmY4YWRjNUZpeGJmRXVKbVMyWUE4NW9VaHpfSnRybVRXODF3V0UzcWlkMEYtcVVJS3ZTMmtFQ1dvM0JxOGE3RUtIS2MyVzFFYl84NnZIbHc0NjlubjRSV21rZnZxZHJ1XzJQOWFSMGhmX0pDNHUxYktxSkM?oc=5","France 24","Europe","1781534759000"
"Confusion in Lebanon over US-Iran deal","https://news.google.com/rss/articles/CBMiiAFBVV95cUxQcmlNNWZKblNudTY2Y2RyMC12MlNpYmtaRDJQc3BCejg1MUhTbk9Fa0wzY3h1c2laZWIzU21iclRCSHZvd0lfTXZVb1FQQTNxQmwxYVZyMHlkXzgtYkdsOXBDZ0FKMGNiX3BXNzVXVGctYTFfSmNwckY2RjNzenJxa2hENndFTnhi?oc=5","France 24","Europe","1781534455000"
"Maritime Service Fees Will be Charged in Hormuz: Iran","https://news.google.com/rss/articles/CBMiqAFBVV95cUxNcGpTczVxUkxJUndUMEZycHBiZUlybHpoQnB4LWVoOEt1RmRMd3FMY2NHRVRVdFRXcHJNemZVcjdFektjSGFRZWhIOV9uaVhTNUtfRmxKZzdfUWhLOFktR2RpRDYwTDlPNHlIWGFFRzh2RHNYeVh2Q2k5UkE1U2xieHVHdERFakt0VXNFdUFvV19WY3gwODlWZDRGT1MzNzdVRnJ2bFVTQlLSAa4BQVVfeXFMUG5PZkxjQVMwRGlLbzlxcVpheWdidHRISFpKS2NvQTRnMzhWdnJVZ3pkS1pxNGhQaDgwdUZtZ3o0UU9EWllFanJ5c1FUU190S25pWUpiUklWZV9LOUtLMFl6bzRPTWZPaEJaYnA5V0YyN0RNeWo5Yi1GcVZGNnNWRDBBSWxHZG5LdzI3WlVtSG1PR3F2aEJuQS1wWXFqa081QTlfRWVBRTRuVXhTdEV3?oc=5","Al Arabiya","Arab","1781537086000"
"Expert warns Iran presents agreement as strategic victory despite domestic criti","https://news.google.com/rss/articles/CBMiakFVX3lxTE5HbFpNWTJSaTNaX3NSc0Q0a210eG42UEVuVDB0X0VEX1AtS1dRbllES0tXMFJtVzhMMF9naEVNQkhFNmZINHNoOWtraE9qUDdCRFhOcWozYXVKYVZFdVlDU3Y2Slo2b2R5V0E?oc=5","The Jerusalem Post","Israel","1781537037000"
"Is Lebanon included? Country hopeful for US-Iran ceasefire, despite doubts","https://news.google.com/rss/articles/CBMiswFBVV95cUxPaUJIbWhITElUS1lTMFdqakM3RjIzdWJKYWhTbmZJdFRIYU5NUW9EemdPWkV2cjJRMG9KUVlqSkhtS1E3Y1M0WkFNSjhUQkdUT09BWnN1ZzJwTFQ1bGdvc3B0OGZiem9uUjI0ZWJ5cVV4MWpXbTh1RHg0eTVDbW9pVFJtNjVRV2xGcFFDdmdTT1JLOGZMX3NjYmx5bzdYbGxNc3ZpU05kT3RFSzNFX0ZjZUlUZ9IBuAFBVV95cUxOMVVnbkxEeHdoektKOVh2T0pVRVc5OTV6NnphVm0wU3VlajhrTzBvVUdhVkdYOXlxMXg1V0F3VGs4SWNERk9md0IxVXpkYjBuemNwN3BiczZ6d2Y4LWpUOWNqbW9LaS1DdEZwek1OYWx5ZmlaWGwyRllaUzQydlFJZHFvZmt6dFhZa0hKVG03dzZubk1LUjQzdFlYV1EwUzY3c0wzSE5rV29KY0tZdmpQdTNDTy0yU2Ju?oc=5","Al Jazeera","Arab","1781536950000"
"End to the Cycle of Violence': Lebanon, Egypt and Gulf States Welcome U.S.-Iran Deal","https://news.google.com/rss/articles/CBMi8gFBVV95cUxOVlI1Ti1uZWcwczZUQUVfN2cxY1ZicnpKeEQwbDhqNmFPazUyLWNlbFYyQk9yZlJIR2NjZVFOWFc2bXJacU0yYmlLb2prWlA1ajk1UlphVE1rR0Z6ODJEN2pJc29CSW1HbGRudXY1c014YmR6WWRGRW1XUXotdldDMHNTOWR2MjdZci1mZnVZd0JmWXFlTnd5MnFKbUU1VEU2UHlFUXFieGxHYkZiZTZuTUpFcGlLa29tdFpOSEFlcFIteE5UanVqNFVBeGVZWmp3ZEFMZHcwMVJhOVIxeEs4UzJROGx0TVVTTmVlYTdwNWhkQQ?oc=5","Haaretz","Israel","1781536560000"
"Vietnam welcomes U.S.-Iran peace agreement","https://news.google.com/rss/articles/CBMifEFVX3lxTE5ETVFZUnJRdmxpZXdYMFdvQ0h2dGdZc2QtSU5idHFxNGI4eXlHTzZ2NU54UDdqbWg5aTJkWmdvYWhIUjdFUDhZalN4SGZZWFI2T01xMmU0R1BIdUMyRTUzSVQyTUk0MEt0dlVHd2NhQkJJeW1Jd3VXYjV4Tlk?oc=5","Xinhua","China","1781536410000"
"Iran says ending war in Lebanon ""inseparable"" part of peace MoU with U.S.","https://news.google.com/rss/articles/CBMifEFVX3lxTE9KOWIteGxBdGNITnhUQzNwZHItdW1OZmdFaDBNLV9QOFB3OUdIQW9lRUZQV3d3Um5TQTE3MTV2U1ByNGdDSXAtaERvNi04RHE2SWxEMTNXamF4a3MxTU1ka2RuSUVNRW5lLW42UkN0ZUZIYVVwRm5scGFTdzg?oc=5","Xinhua","China","1781536395000"
"Ahmad Vahidi: The Man Behind Iran’s False Peace","https://news.google.com/rss/articles/CBMihAFBVV95cUxOY3FhMTJJQldjV1NyRnJFRDRJLURiT2ZaUGZDazJfcnZteXVCM3JDekZFemNZU05PY1o4YUd3a2pOV19DN3BhUV94YTN3T0YxT3JlWDBFdUhLWFp6VUUydFU2eHRSazJRVC1xYXhfT1k2T0tuMjZhcmpvbHc0cm1WUDRzcFI?oc=5","The Times of Israel","Israel","1781535900000"
"Iran regime change: why the Islamic Republic cannot continue","https://news.google.com/rss/articles/CBMiV0FVX3lxTE5PaHoyajJKR2xGQm1tRVp0SGpoeExLYzVoX1hWdlZLUmdKR2FJNF9ocUtUem1OS3BFTG42NVpVV3pyZktDbXpoN01aMUxqbURUTldTZmdnYw?oc=5","The Jerusalem Post","Israel","1781535600000"
"Update: China hopes for early resumption of safe, free passage in Strait of Hormuz","https://news.google.com/rss/articles/CBMifEFVX3lxTE10NFBMNllLeVdjWS1idGVOd2ZNU1ZHYlVvd1F6VV9PSldjbmpuS3l2NVNIZFpITnhWWW5hNjBySkI2d1MxZU04SmtMX1BBN2ZQQkFoaFo4cWdwNUZKX3c1d01FOTBfdzRJQk04c3VCYXpKcGFhR3EwMDh1MUk?oc=5","Xinhua","China","1781535195000"
"Iran says it will charge Hormuz service fees","https://news.google.com/rss/articles/CBMibkFVX3lxTE1OUk1vME5OczB4WGlPZEl0WGJrYVdfd3VDd3NWYXFJUTBQc2E0U2ZqU3gtemY2Y05SWm41aFdsOEdyWkVndUs1MENvakFlNC1VcnVmUGxKcHFrSlVlQ2lSVENMc2ZtMU5Za0ZkaUR3?oc=5","CGTN","China","1781534949000"
"Oman calls US-Iran agreement ‘win for common sense’","https://news.google.com/rss/articles/CBMiiwFBVV95cUxPSTRxd01SRnlSNl9UTzlqZGpUc3JJNEhCRksxcnZxTk92ZjZzOGdsUkw5aHM2X0Uycm8yTEh5bzc0dVNRZ296QkM2aGJ3cDdDWkNlczFheGtpM2RZMWpGTjZEVnV6MnhVcUJUb1liVUxDYWo1TE5tM1N5akVndlZGS0wzZHZ2WVVjZlNn?oc=5","Dawn","Pakistan","1781534704000"
"Ships off UAE's east coast as US, Iran agree to reopen Hormuz","https://news.google.com/rss/articles/CBMiuAFBVV95cUxNZ1lpN3Y1bHNvcVVFbk1STm5WNFp2YjR6b0RWV2piYW9rWVdJWHNqSkVtd2tBSHVEdlRTRGs0MVpOX1BjWWh2RHpjOWFjM0NFcGRjalNMZzJVV2NhaWZ2MkVERVBQYzYxUnpnQlUyN0FkYVRxTFpfeXF4U3VmUlotbWowak1CczFXLUxwci1WTHRmSFZkWGNoanRGM1o0MlM5bUVQa2NfVzRXbkZrcDFzNV9jUUU0dXBl?oc=5","CGTN","China","1781534654000"
"World Cup 2026 – Group G guide: Belgium favourites ahead of Iran, Egypt and New Zealand","https://news.google.com/rss/articles/CBMisgFBVV95cUxNSDZWbkdaUXQ0R0hNT0U4eUhqdHdxUTRKcjFaNUp5U2xBRlVMU1lPQ0hhMjIzUlBqRE5yY28yUWtDUWtIUzdmdFh3TVBwN3dQODVjWUJUNkp2SU9EM19LUldXdlpubWRZcGdhZmt4M1JpRkNEeGt5R1lHX0FNQjl1cFp3Zzdkdk1qcms3RGx3cUNHSmU1SnZ4d3BNbXlaR0JCRFJDWnpxY1RVUDBPMUR6Vkhn?oc=5","The Independent","UK","1781537160000"
"Iran prepares for World Cup debut after months of uncertainty","https://news.google.com/rss/articles/CBMicEFVX3lxTE9DWUtRNzNuTGdPRFNQSmhHMVZIRVFqSnQycjRDQnhoZVl4SUVoLUxzRWU3SWpLTEN6ZFFPZUh5VXJoY2hETm9yUWlTVGY0MG5QVENRQUEyZEpjY0lHbHFxMW9Ucldkbi1ZNlB6MmtsYks?oc=5","CNN","US","1781536815000"
"What was it all for? US-Iran agreement brings bitter rivals full circle","https://news.google.com/rss/articles/CBMifkFVX3lxTE5pY2I1UHo2SjVia1FneG5uQWhXR1BVSndGNFQ1YTJ0bkxmM21SVkdkVEkwQjZIQXZ6NkpGMnA0NWlabkxxcHEyX095T1J6WjZ1b0tESmJWaFFKNm11ZTBOZHBTM2hnWmVmLTRqZTIwc2o4bXZETHlZSXdVNlZKdw?oc=5","CNN","US","1781536693000"
"US-Iran peace deal hinges on shipping, sanctions relief and deferred nuclear talks","https://news.google.com/rss/articles/CBMizAFBVV95cUxPeUg1RGtxdkJoSnQyRE9yWkEydDFadm9PZGc0eWplcWFaN1dES25rYVdOU2xrTGFxY0c4bXNNWGFBWXRCazl3bldSeE9qUkRfeExiN3RaZW9pcGdWZ3p3MXhyR3NhZ19ZRjIyWVFKbXVkMG4tNVFKekk0Y0F3UUJ0eGJkMXFuQks2WHJXc0FacF9JUmZFRmwxdHFXQ1VkUExld3NMM2t1NUZNTEZZd2VGZF9SVnZDU0tWT09hQTVkcGUwa1A5My0zU21HTnA?oc=5","The Guardian","UK","1781536260000"
"World Cup Updates: Iranian Team Arrives in U.S.","https://news.google.com/rss/articles/CBMiYEFVX3lxTE1JbXhZa0hCWUdvZ2FlSXk5VXB3bGxhNkFldmo5QmliZHdUYTY1SG5yUzJnUUtPc1ZYRUZVdmRXZ2p3a2E3TXBhRV9xNjFQQmtxVnFEaWl5bnNEZ0czUkJyVw?oc=5","The New York Times","US","1781535900000"
"Vance says Trump administration's key objectives have been reached in US-Iran deal","https://news.google.com/rss/articles/CBMilwFBVV95cUxOWGJMbkZjQzdiTm5XdFZLREh0NWdzbXA1b1hIOHJvU1J2cVEtVEROZ3M0X2tZZGhiSEhreUVjUjIxQm9HR19sR2NfdHAtb252aC1OWUQ1cjhzZWQ5amlZcVpZZ0t1YzlDZjJVVGJVMHBTMHd2R1lxa2RCbE9KMmJ3Zk1oYzR1TXU1N1owdFNYaUh6SEhMX3Rn?oc=5","Fox News","US","1781535834000"
"Israeli officials defiant over apparent inclusion of Lebanon ceasefire in US-Iran deal","https://news.google.com/rss/articles/CBMioAFBVV95cUxOWHR3c3BfVUhqUEl1czI2ZWxDZzlvTFFfWmw4aHFwRTNITlViQkVHelNHVjYwTjBCdFZrc0NTWFZxNlFvN3U5NzRzbG1UejI2VmxxdTdzWWp5RHdPZ1BGQWtqdTFxMWNwRGl1NmJfZEN4b0lZZjVhbk54cjgxUjFzaEo2ZWZMdnZDNk02VVhuZm0tRm13TnM2Qy01Q3NBSkZu?oc=5","The Guardian","UK","1781535780000"
"EU Sanctions Remain Until Iran Changes Behavior: Commission Chief","https://news.google.com/rss/articles/CBMiuAFBVV95cUxNSDh3bXhfRWF1ai0yaEthRkUwenZiVUdpd1RVSHFGM2F2aHRhOXdNdG0wV21ienktZmpXZ3ZzRFlic3gwWUpVOGFsUnpTU01nSWdwemQyc0JDQUg3dWl6amQtcmY5dGFXa1dHYk1NMnlBdDhaUU5IVWlyNXRTSG5NWXF3aUFzc29yZXctZnFYZjZjem1PdjlOODlyb1FaLVphWXFmZWtOWXJTQlNSaDdyUjhFNXRZZEsx0gG-AUFVX3lxTFBRcXJJeS16R0FiNm51YkNidHl5VTd5NW5PWWN1cDF1QXhDbWx4cVlWb0Y2ZjB4TG0ycU1vWDJhM291empiQmhIUHcyVTdlU3N0WkxxQlNSbm96aENsUkNGYXBITlVQNnRkN21tQ1Zrd1RWQ2lPT2RkUW1BNHZOMElUcHFudDJ6amJBY2tYS3RXMHRuYjhxaXlmc1liQy1FdnRLS1ZUMGQ0M1NXOHVtVWdfRE1DX0k5X3Zld0lmYUE?oc=5","Al Arabiya","Arab","1781538890000"
"What do you want to know about the Iran-U.S.-Israel war?","https://news.google.com/rss/articles/CBMijgFBVV95cUxPVEU1VnNHeHlLQkZGY0tDUWZ6OGJBZ0NIakNJanllUzlVU04xQXc2TUpmYTA5MTVjSTYtN1RocVRWaGFTczdMV0k0cG85WFg5WXFiYjlDd2hRMHZ4ZlFfb0RfMUNtcnpkM3JzWUVLQ1BweDZ0c2NpX1VqUlg5cDYzd2RhdmdqZWdNa3BVVUZR?oc=5","The Times of Israel","Israel","1781538723000"
"Israeli politicians slam Netanyahu, call US-Iran deal ‘greatest strategic failure’ for Israel","https://news.google.com/rss/articles/CBMixgFBVV95cUxQTW1OTEt3amFnLVJjdk9Na1hvZXczRGtUMG5SOFo5eGFrLTFkcVJ5YzVQZHJzcDJzdkRFWDNwSVpVUTd4SVZlYnU0Mm5ZR283NzlwcXBJamhiREVGWHBLWjA2dDZWTkpmLWJlYmVJZzF3dTVXcGZBVFBzaW5GTm5PSlNKUDRNUnFVRmEtb1IzY003dDJPanZFTmd5QUh4Q3RzWTQwRjNaZmpmTjl2UUJJM193clFQaEZLNTNnNFBVMkRFcnY3N2c?oc=5","The Express Tribune","Pakistan","1781538657000"
"Flash: Trump, Vance sign MoU with Iran's parliament speaker -- media citing senior U.S. official","https://news.google.com/rss/articles/CBMifEFVX3lxTE5ad2dWU251U3VNSVVyb1otUEh1cm50U01MbVFfSEI1UG4tUVprZnR1UHd1bGRsX1M2LTEzaXN2SDhXMEVoRlBSd2hDZWpMRmZSZWtqQ0tfcnI4M0V5TWNXWkRwM2V3LVU5eG5ZUXVDWkwyalFjZ1FsYWY1NDA?oc=5","Xinhua","China","1781538195000"
"Iran says Lebanon, assets release key parts of peace deal with US","https://news.google.com/rss/articles/CBMitgFBVV95cUxNaTQwTnEwMExzU0tqSDJJWE5vSUVuZW50eHI4T1RwaTFsWWZreTV0RV9Vcnh3ODJPVzlaN2hLSDFoR2VHaHdWVWFfTkRGcUZvbjZ2NmtZb0JpNzE1Z0JWc2VCQkp5NThjSUVXS1ZXYzVpUjdXTHpydzlNMDhvZEMzQV90TzRJOEpxQ0UzZnFCRUVQNktOWlVQMloyM0ZjQUYzZ3JKdm96X09KdUE0OXBSS0pVVEo1QdIBuwFBVV95cUxQVmJDRmJYOHh6bDlWSlNoaWozWVBHdFA0V3pPazQtNzVIQnhpTElpdlBtOUttTmZsYTdtcWxsQlZXVFdFMnY4U3ptYTN3M0Q3ZmxxMzhxTEk1alJMcHRNcTBzVWxYQUR5eXo5NUZTWDRyVnZyX3lxbGVvNUNwcVItUGl6UWZzb2p1UFYzM0NaSmtNRHA3VkNGMzNfelVIc19rSGk3OTVLeF9RdWQ0X2Fzc3d2MzJQcGJoMUdr?oc=5","Al Jazeera","Arab","1781538171000"
"Vance says US-Iran deal was already signed ‘digitally’ yesterday","https://news.google.com/rss/articles/CBMirAFBVV95cUxPNWxZdkkwSm5TSUY4dG5EbE8tMDI2VjJ0Um5ZM1JCd3MzWGZaUWtwczBPeVNlQl91NVJKM19odncyVG54eVE1RG0wOUgwQ2RYQkVBQ3hiMUpMQzlHT0xoVzhja0hQLUNmU09Lb2FUdmVCdFIzbHA4N2k0R092SC1POWhpSm52M3otcEJRUjkzdGxtWnp3ZS0yTzFSSnNwSURjZS03b3FGa1FOOW5T?oc=5","The Times of Israel","Israel","1781537950000"
"Flash:Iranian FM says first round of Iran-US negotiations to be held after MoU signing -- media","https://news.google.com/rss/articles/CBMifEFVX3lxTE5BUkpsTVZJMm5HclNPaXVTYV9Dc3JreGVfZjRKY0Z2RHlXVGpFaDN0VlNILVhkRTZyX3EyRlBLUV83cloyWWZkVmtZVjJuTk5rdEpvZWlTY0ktQWZBaWxpUEF0YkRWWVY0T01jNFBxWHdkN19hNjBZbGw4Sms?oc=5","Xinhua","China","1781537835000"
"Iran reports three femicide cases in one week amid domestic violence study","https://news.google.com/rss/articles/CBMiakFVX3lxTE40TTV5eWxJMEE4eEpUU0FKTkY3d1BOeWNJY2lsTXV6WXR5TC12ZVMwSm9pbS1YM3NGVzBFaXFudmthUkgwYV9yOTdzUE1nZUoxWW53WnFaS3B3LU1QMGtaNm51d0dnblBILWc?oc=5","The Jerusalem Post","Israel","1781537342000"
"Pakistan Announces US-Iran Peace Deal, Raising Hopes for Regional Stability","https://news.google.com/rss/articles/CBMiqwFBVV95cUxOQnRhZEo5eHl1am1nR0wxRmkzSjE2LUN3S1dYV2NmS0tQS3lyR3BSTWNWUFBuN3RxN3VuQXRlM2I5ZlpVOHd1RGVyX3FFeFNRZjdXbDlkYVlfSGdaNWt4SzMwRnYzaXllVUtBTzhUd2N0dHlPdVRsVjZHcHJYOTFQV1NsekRyUTBlZVNXRXp4b1BmRnBhc3pLaElHRDBIOS1yU2pJclJ1ZnBvOFE?oc=5","The Times of Israel","Israel","1781537280000"
"US President Donald Trump signals concession on 'zero enrichment' in Iran","https://news.google.com/rss/articles/CBMirAFBVV95cUxNLWtqWDEydmlHblY4bjM5b3JVNXp3WXVyekxhSHJuZVc1VFZMWHU2aWcwVFc4b1pKM3pWQXNuZlg3a1luaEM2bk5NSVVTY21uQWhFN0VuY2QzbkMxb290V0hOOHhFbjRZSE9SVTlDbGVCX1RaNF9jdVN1Smx5dU83TjBoTlVpTkRvWFpBNjFtRUVIQllGSEdLQmJRNWlRelpKdDRUcnlqeE5XRHE2?oc=5","CGTN","China","1781536993000"
"U.S. officials says Iran pact signed, Hormuz traffic will rise significantly","https://news.google.com/rss/articles/CBMiowFBVV95cUxPZDJhT0VaNUlNd1pMYXYtN29wek9uaVdXTTN5RXRvZEw5Y090THB2VC1FNFIyb2FWbXJnNkRIb3RaUjA0U2N5TkNyZnJic0hfZlZUZnNHa254ejhRMVJhYW1wYXpsTzBLRXFTT2JtLVpiRWNMdGpSNFB6TnlHalU1cFhxQ1FUMzZya0J3TG9HVGVfWlN2enJHRlBaUUduZUhER3Z3?oc=5","Reuters","Global","1781538829000"
"Strait of Hormuz will reopen says Trump","https://news.google.com/rss/articles/CBMiUEFVX3lxTE1WLUQyb0d3QkhHYlk1R2MxVDl0RXRvbjlFc0pqV0x6Tng3ZVN0M2thZmI2VGRJSi1PX0FHa3IteGxoYldlc2hSZFN4UjJyU01t?oc=5","BBC","Global","1781538679000"
"Markets surge on deal to end US-Iran conflict","https://news.google.com/rss/articles/CBMiWEFVX3lxTFBaNU9xcmV0LW8tQ2g1MWJGcGJJWG1jS2pHeElNMVhRVDZJeWRpR3V6TnVRYlZJekVwZEhDWUY3MEZGNWFaVW5SaWthNDBWdzJ2ekJnSVZueFY?oc=5","BBC","Global","1781538632000"
"US-Iran Reach Deal to Reopen Strait, Trump at G7, More","https://news.google.com/rss/articles/CBMiogFBVV95cUxPT2N2ZGlRTXhLZGRRZ1FWNWtVVjdPZmpmcE9uSjZHLU45M1NHaVBIUG9KTnlvc3YyNmFReXJpVHFDY2JSMGdINFBxVUFGTHFxZk5tczc4TFhhQjRjNi1DZ0VqZVIxZjZNQlZvYVNZUmlvZlhVWmpvLXBwUmM5MmY4OW1hOWo1Z0haTmJUNUdoY1Badmg0Y1ZCZElHRWh6dmZJaVE?oc=5","Bloomberg","Global","1781538353000"
"Trump arrives at G7 summit after announcing US-Iran deal","https://news.google.com/rss/articles/CBMitAFBVV95cUxPaXVCYnU3REZPSkFqdFRESEFhb3hpM1hONEk2QjBLQnpVYmpTdF9ZMldOdGJiLUQ1RUtoU2tBeW9tQmsyZXAyb3Brd01KMnFSWUZnQkgyX2QxNEhEM1FtSTAxNXNHOVZxSnhpOWw0b0NGU1VMNE5YQWJFeDlQd21QbjBqNWwtMThPQjlMa2NzWFdkcmR2blNKNV9uejdsdnFKQlRlZkVKU0plRTVUQW80aThoUEI?oc=5","Associated Press","Global","1781538000000"
"Imaaraatka oo badalaya guud ahaan siyaasadiisii xiriirka wadamo uu Sacuudigu ka mid yahay Dagaalka Iran awgiis","https://news.google.com/rss/articles/CBMiYkFVX3lxTE5PQ2E2TklYc3JFNUJLRXJIX3dLdEJsZGVDRTFpYkROal9yREhFVTBEd192cEkwd0VCc2lBYlZmQjBxaUZCUmg3M25WVldaRkxLRktpd1BOaGtfaW1VSlFFS1B30gFiQVVfeXFMTk9DYTZOSVhzckU1QktFckhfd0t0QmxkZUNFMWliRE5qX3JESEVVMER3X3ZwSTB3RUJzaUFiVmZCMHFpRkJSaDczblZWV1pGTEtGS2l3UE5oa19pbVVKUUVLUHc?oc=5","BBC","Global","1781536409000"
"New US-Iran Agreement Uncertainty, UK Social Media Ban, World Cup Drone Crackdown and more","https://news.google.com/rss/articles/CBMikwFBVV95cUxQSWtYXzlBM01BWkw0Z2djYi1HcnkyczAyWmRzZThxdllQQVM4SGI1c1ZtbjF0Q1B1VG1vLWdJZnJGX09vQkxYWGs5YjZxbFZrcnFDNWd2Wmc4SHNWZlJoSDA5TUJSZm5HaUFEWHJRdnhlMlVFamJjNlRyWXkzYlpfREpXSExSMXhtRmtyUE5CSEFiNms?oc=5","CNN","US","1781539352000"
"Iran deal already signed, Vance says, promises full text this week","https://news.google.com/rss/articles/CBMigAFBVV95cUxNMUJJZ3BVSmNmZ0twTmgxcDBnVUxpX3FtTWYwTlBUUHJJTTdlbG9VbV9EODdReVJSLV9yZ3M1Ylg2V1ZNX3o1d0VQeGpWc0hYNW01ZXpvMndyZTdhUUk3RndnalFocUFYcDlsb1VDX3hicUhsLUZ4Y1JRSkhtTUhWRQ?oc=5","Politico","US","1781539163000"
"Video: Iranians React to Preliminary U.S.-Iran Deal to End War","https://news.google.com/rss/articles/CBMinwFBVV95cUxNQ19vdnZqdEE2OC1aTGZxTklDQUJ4RHo5bXU2RV8zN2N5Z0R2eEc5eEdEYzA3NUxicEZMX2dvaENHalE0QXFPWldodEVpUEJRX2w5Y2hPSHBHSVRkZHJkM1F5dVhPSGVrVEdqbFZhM1ZWdG1nbVptQVJCMXlaVXA2REplS1I2VndRWUxPUDk1SENQU0xKYWxSNHI4Z2UwMFU?oc=5","The New York Times","US","1781538857000"
"Will the US-Iran peace deal hold? – The Latest","https://news.google.com/rss/articles/CBMilAFBVV95cUxOU0dOWkJLU01FejhfeXhHbldkU2F6LVFkOGFlakMwME1FNDBnZWdsV01YdEhfekpNaklCZG9JckhfRjZWLU81Yi1QM0hnUTJqM2dvbVRtMzZOcWZLQ0Z1amZBMDN0Xy0ybEw4NEw0Q1dUVHI5SG9kTnBTX05oRkdQRG5xOW45ZlV0RzJhR1JFOW93Vjgt?oc=5","The Guardian","UK","1781538641000"
"After news of Iran peace deal, Lebanese return home to assess wreckage","https://news.google.com/rss/articles/CBMisgFBVV95cUxOZEltQUhoVnNKZE9OalN0ampENDRqTW0tX3hBaUlwZFctQTd2NkJKdjl0dlVyc1N6cTlqN2JBblpobVJEQ1V3cFU4UnJCVXlpak9rNHhfMGNHTS1xQVFHZG5fcEw3SHhwOGN5RWxXR2owMXczbGVSMnZra1FLcGFsa2JGcmd0ZDBjZktmSEdzd1p4cV85X1U4NTFYcUo1OVQzSnIyN08xVkVSRkNFZWI4Wjhn?oc=5","The Washington Post","US","1781537635000"
"Trump heads to G7 summit after U.S.-Iran agreement announced","https://news.google.com/rss/articles/CBMimwFBVV95cUxOUHZRRjFkSW11RGRCaHBQV0FhUHR2dkFLc0tDLTl6M3N1YmQ5ZjllX1pjNDB1Yml2UU9GVUZlZ1NKblJUNHNmRTNIZXJETlBXR2Q3UDZONmpoZWJKYzNybXVPREdUVEk0Z1EyRGUyaVZ5UEg3UGVPSmVOdndUMWh2akxZNjNfYUZJRDBuNGZOZWhIbmt1MWs4aExWTQ?oc=5","CNN","US","1781537148000"
"Trump’s peace deal: is the US paying Iran to reopen Hormuz?","https://news.google.com/rss/articles/CBMiowFBVV95cUxNbVRfY2xNNnNoQ3piT2c5aTJITms1ZDNOb014aWN1RmlIMnptNDB4eHg1eUZEcVZzZUlFUGVmTlN0Tks1WXFOWVRiX001aEh5MXptaEZBNUdFWnhLdVBDNmwzcXlxWEhKZUU1aExCRFIxVHRhRU5zdVo3NGJ6QnVYWnJ2Q01PYW5SV3RPNlRpSkFEZk5MYVg3Um4yekZXUEZqNnlN?oc=5","The Telegraph","UK","1781540580000"
"Trump’s Iran peace deal already under strain as Israel vows to stay in Lebanon ‘indefinitely’","https://news.google.com/rss/articles/CBMirwFBVV95cUxNM25TZUlFaVFnbE9pMDkzUk9rNkNabVdtcXVrbDdJUFY3UmFhaXNFVTlhXzA0SGpha1hWMi0wMVlrYXhVcmFUQm1CZXVzRTl5NFBHaVpxRVFFRWZDeTRFUXo5OUxpTkljaUstUlhoYzk2bHJNNkhpVjE4TmFUOGZka0FpVGhEeExBRUFPTFFIZjdKRFBGU25KdkxiNVhuS2kxVi12ekRpWE1kQWRJR1l3?oc=5","The Independent","UK","1781540580000"
"Still a risk': reactions to US-Iran deal on streets of Beirut, Tehran and Tel Aviv – video","https://news.google.com/rss/articles/CBMipgFBVV95cUxNZjg3ZVAyT0s4YXNvbkcyUW9HbmtqcUp0dXhpRUdqRlM1RHZhcmhzT3lHbG91T015YXloX19jVXQzRDFVR2o1VUQ4R3hHekhROE5BazU0Wk8tNlIwVjZGMmRtZEowUGozd0hUanV1dmx6cXpGamNPM1BBczZSZXZIcUd3LUM0Z1dpanR2TDRCd3VpUFpvaE9CbjFyTzFjeXpkQkcxZ0xR?oc=5","The Guardian","UK","1781540100000"
"Impact of Iran War to Persist Despite Deal Offering Hope for Peace, ECB’s Nagel Says","https://news.google.com/rss/articles/CBMi0AFBVV95cUxNcEFVWlJVQTZkV3p3TzBSUjZqb014VnQ4ZmFpSHliSldXOFBmenRSYXJkcjI3RG4xY2NtUFlENldkalJ6c1JmQWtjQlNMeE1nLUIxaUVWOHg3eTNuMHBFdnFsLTU2NjM1eWstU3ZHVUZaZlpsX1U5RUt6UVhaQXItRFZCZE83eDc2b3RWTTgtdTBQVktuTDVRZks5VWRSSWxTRDd2aG5kYks3OGxBOU5lWjNxMjl6cHB6MzNwaFlEOUhjdldTWGktZS1ZV0hZYkdw?oc=5","The Wall Street Journal","US","1781539860000"
"Iran agreement: Bad, BATNA or both?","https://news.google.com/rss/articles/CBMib0FVX3lxTE95Z1RlUVR3aHFqNXNVMGVSZTBoT1k1RlI5Qko1dVA0bTdMcnF3N0FKcU9FXzkxdEUzOUVMQndldHVKcVJ3RFF0bzJnOVByRGY5eFFHcXZSM01YZFN6YV9aSE5Zdlg0NkFka01iSTg0dw?oc=5","CNN","US","1781539803000"
"What a U.S.-Iran peace deal could mean for energy, inflation","https://news.google.com/rss/articles/CBMickFVX3lxTE80bXFhZXRhZTh1dndyaVNGaWVkeklZWjVyMHU0OV90dzA0RXJ0TFItSG51U0N1cTVJRUFWZVZzMGxoU0IwUkpuTGVmOUNaWUkxQ0xUblJjUG82cFNvb2xjWjV0Sl9XSDVuX0xndmlhMkFqdw?oc=5","Axios","US","1781539773000"
"Trump carries momentum from Iran deal to G7 summit","https://news.google.com/rss/articles/CBMiVkFVX3lxTE0zZ0c0aWZfdkpfemk5YVRjQXUtNDUwZ0xOMURSb0RnNW95MGlRRkpXQXdBbWRYdFpPTjhXd3U3TlRaLTk1a1VZd1pzMlJ1enQxYW4zOWVB?oc=5","Fox News","US","1781539397000"
"Trump's Last Minute 'Deal' with Iran, Still Secret, Drawing Criticism from Both Parties Concerned About Nukes","https://news.google.com/rss/articles/CBMi2gFBVV95cUxPajI2QThEaTBDOFpiZVZEYmlLNkUzajJLMmxNcXdUT04yZGZQTTFBNmpSS045SHRuOEVlSENxTWo2RXFxVVJSUFkzcmV3RkMxM18zemx6cFNSN2x3VXZrNEFRQWdYYXg0MWl5VUw0NUw4YU9kbzZsVThFV1ZDTGk0TEhXd2Y1NTZaRXNiay13U2lzUWtxT3NOcFlTX05zM0FhaHFPb01TalFSbl9QTjg3Zjh3Z3J1ekMyNlFTdWV4WGNBVFo1cFl1OWdPODVyc2wxQ0huXzBpeWV1Zw?oc=5","Fox News","US","1781539229000"
"Iran has three power centers but one goal: Preserving the regime","https://news.google.com/rss/articles/CBMiV0FVX3lxTE9pSmo3Sk1BdkdQTjFKME1IM0xNcU5ja0V2Y21LR21Hd01DY0VTbzR0RlBKVlBhaXdnT1JESHlvQ1NqZkJySWRXQ3NRRWJpa1ZKMjViTk9RZw?oc=5","The Jerusalem Post","Israel","1781542800000"
"Top US officials say yet unclear if follow-up nuclear agreement with Iran can be reached","https://news.google.com/rss/articles/CBMizwFBVV95cUxPMTk1MlY5cVBWbHR3Y3RoV25odGRzSmczZEV5RWpFTHQ0ZmVEUGV3bmNSdVNkLXg0VjZNYjVPbXloRFVuMzJ0akx3S25jRkR1N0RkVHFhcHdzS3RHOGhEVGF3cGZGaXpqakpLS2ZsX2hhVHhrNXhaNTFSUHdfRG9JMG1KbXNaQVl3RXljQzV2b2N2azNiT0k4eFR3VDlrZUhIeDFZSGhPQk5oRFg0dDR1THZPN20yb2lkd1czZ0d1cUtXbjJ2aHE4cWFScnBxWEk?oc=5","The Times of Israel","Israel","1781542750000"
"Trump, Vance and Iran speaker Ghalibaf electronically signed deal: US official","https://news.google.com/rss/articles/CBMizwFBVV95cUxNaVAydXdjeWFQZllkd0xCb3VUNUs3aGNVa2NMLU12NTh0ak95YUtiRGpCUnJzT0FsRHNJYTNpOHRGU2dQMDA2aEx1N1pNSU9DdVJLejNvRjdiQjJEbENGU3RweUpnMHdjTHdOWE5PMjFES1picXpjY3pBQXNwT1dUZk9xLW96V0h3a2lZRDZzc1prMmVWaV80Q1Q1eHhfcHZ3SjNmUlk0d3Q5NkFFcGdXVExsdlBPYktCcnlBdDJYUGJVVkpuY1U1S3N5UXQwRGvSAdQBQVVfeXFMT280eUVlVTd6NWt1VEhsd3JueHUySXdMb2dDbUw4aVlrb19MVzZGTWVXVjlEMXFHUzA0aXRxd1M1THB4TU4xUWQyVzlVc0VfaHJQS2EySTJkcGdIRlNEb183eVp0bEdqdTJaejJDQ3Y3U1lET3lHT2d5T3RSSWo2YWNPS25HeVRPZkozWTFNN3htQUdTdVM4Q2liNF9QSmZrVWFGZ2tVdk9kdDYxWXF0bzRDeFBfcUpJajRpZDVqdE01MGY5WDVRdHdVajF5aDhVUTRjUkc?oc=5","Al Arabiya","Arab","1781542200000"
"Why the Iran-US Ceasefire May Be Destined to Fail","https://news.google.com/rss/articles/CBMiigFBVV95cUxQWTlGZEFoNUNfX1ZNdWxTZ1pfa3ppam5VdmN5aGhfTnVxRkVQSUxEOFFZUDBTcWhkMXdwcmxCODBFRDQtT3lFb21HLVlYWlFONnVRZXY3V291bDFDYk5EMFAxUjlUcDZGbEk5M251ZXpoLW0wV3lYWTJ4TXZGX2NzMlItTXNsWXRqTEE?oc=5","The Times of Israel","Israel","1781542020000"
"Trump and his aides differ on whether Iran deal text will be published before Friday ceremony","https://news.google.com/rss/articles/CBMi1gFBVV95cUxNejFEVm1qQ0FQY1lsUEdkM1hxaXJER2U1OEdHUjZDVlRwSEhBSE9JYnNzT1FiVktobm5rTnVDMGx5TFUwaTRuajRQbjRLX2wtdFY0aG1oSHUxdnh3RmQ3ekFJRllDcnJpR0VUdkFRdm1PWWVKZmpiQmJnOERxVkl1ZmdKRTJZSjJkbnpGRmE4RGROQUcySGpJOGtsRFJsQmdGOFFkTVFJMERMNmpZM0o4d2ROZi1IWUdsRndJOTVIdl8zRi1WN21UbzRzMUFTRHltLXlmWmp3?oc=5","The Times of Israel","Israel","1781541850000"
"1st LD Writethru: Israel strikes S. Lebanon despite Iran-U.S. deal, killing 1, injuring journalist","https://news.google.com/rss/articles/CBMifEFVX3lxTE5JaE05bUUtMkpBUVEtM0xHd3hBQXZwd2VpdDBreXVyV21qdlllTG9mVUNodVQzLVV3bUFTclQ3TmFpOURiWUREdXQwMU9ZWG4zZXhQM2ttS09hbENhSTloMnVfMXhRZkRlX05zMDVBa2dRRTVjcml1Y1NkRUg?oc=5","Xinhua","China","1781541735000"
"Trump: Hormuz has partially reopened, will fully reopen on Friday","https://news.google.com/rss/articles/CBMirgFBVV95cUxPeEhRcTJOMlpwUWFBS0Z6amU4UXYzLVROa0R3cTFDRVQxUkJEeGJ2RXMxVklCc2tGaUMzaGRfTFpMaWFhSm1pNDZqN2FPbTZiZDhKcXdaWUV1YUVKMnpzWUdVWGNDdE9CR0tQYzlnUG1ibVU4LTJWQk5lSV9wZC0taTNwbm5uaUVnZW96MnpuZzBhYXhtWDgxM0VJbHUzamtYMUNjV3U2cEw2dHNPNlE?oc=5","The Times of Israel","Israel","1781541550000"
"Trump Arrives with Iran Deal to Meet Wary World Leaders at G7 Summit","https://news.google.com/rss/articles/CBMinwFBVV95cUxOV3JLOHNNR1k2bUpfSGFRcVVuemI5LWp4b3JhNGw5M2QxVnNKX0hDbkhZMzh5NHY0SlhBVTZxRUlZbVZfekE2R3JDaWdkS2lQZHA5S25hanhIdlQxcF9CWUNOb19leHFzZi14ZXdQNTk1YWZfMmtqTkxqTzJxdzhFMlcxQzZkcFdtMWcyRkpJc2hrS2d3YThqOUhjWGowQ1E?oc=5","Asharq Al-Awsat","Arab","1781541210000"
"Israel withdrawal from Lebanon is not a condition of Iran deal, says US official","https://news.google.com/rss/articles/CBMi1AFBVV95cUxQUE1rcTBXeVpLcTM3ejMwYVBtNTRvU1VGTU5SZ1pDZFdkVHlOdGM1MFB4NnBJWDRsbkE1WXVOMlhTb2FMVktZSXYtc2trY3FrRmpKYXQ2R2lvRTZObC1rMmxoUFEzdEdZZ04tbG91dkNSUGg4Nks0aF9mbnd2MTY0Mld4ZzVNTGpkaFc0NHIzRUs0Y2pEVjdXVVdlUDhqYWEwRWQ4c28yVzZKNElKYlY5ajFCUG0tc1h4cVViZHFUSHZoWFQ2OEJXeXlpZ0N0TFQzRmdYYtIB2gFBVV95cUxQSHZ3X1dCaUUzWGlTbFU2cjMyUnEyY2xPb3V0c21BRjgxdEFLUHRranU5ZnJmVkZtbGZwdTladUtoX1pwSWhwckk4RTJrR25CendpNHZuSWZCVzdnYUZ6eHRlLUN6c2tVX1JnTjlWUElBSDF5dng2ZjEyZjJDQVRSb2M1S0JGQ0R1cUpWVEwyM0N0aHd5dF93LXNCQWkyWTEzM2xpUk1SRDJSdVg1SkNlWlNCTmxFMmZOUG5SZm5CVkp0X0N6SHByRnBuQkt6V01ST2hyQW1ESEZZdw?oc=5","Al Arabiya","Arab","1781540340000"
"Will energy prices come down after US and Iran deal?","https://news.google.com/rss/articles/CBMiUEFVX3lxTFBKZHJpbk5pYnpCLXg2dHpNanlOX3hlS29icG5rLVZncE1HX05oTjM4RVN5UnpwUl9iTzBWZjNHRWZUVGlvOThwOUNDNTdCaXRM?oc=5","BBC","Global","1781542930000"
"Trump says Strait of Hormuz will be 'completely open' Friday","https://news.google.com/rss/articles/CBMiqAFBVV95cUxNcEFUa0VYYncwZzNRZVA5TGNXeWpLVlZfcWdqX3F6ZlFTZjNqc21teXFvMmthY0NTdTZwakZseG1vYTMtMXFVLUpjSk0wSkRBenN0b3RKUjQ4RXN3QV9lcHMzOEhMVzlhaFFoYjNFVlcwTkNpdlpoYUJ4RlVJMWlza2JIcnR5NTQxV3QyM0tVVUc2bUZEMVFjWEFUWHV6MUZ3MzVTTHZaenE?oc=5","France 24","Europe","1781542749000"
"Interim US-Iran peace deal sparks anger among Israelis, who lash out at Netanyahu","https://news.google.com/rss/articles/CBMilwFBVV95cUxQcUVIMWcwSTlKT1FJRG1EQlh2bmhkdFFqY0pTNFFVcDEwY0lFWDBCaVh6MzhVOW9yakQzaE4yemhBbXBSZmlUUnZJTE93cDBRbk1VeHAyRVJzRVV3dENEajFDSGc1U2NkSFFIU3UxcExNakExR3RrZVZnV1o4WGhhVFYzc01vd21ZOXAzNFNyaEtRRnZZNTRn?oc=5","Associated Press","Global","1781542620000"
"Even with a deal to reopen the Strait of Hormuz, it could take weeks or months for oil to fully flow","https://news.google.com/rss/articles/CBMinAFBVV95cUxNci1zUm1UaEFGLURKMHZTbGxsV0F5c0VsdE96bjVINElKanNpWXZiRVZxWlduejlFSkpOSlptZ0FZWUNkNkRpUVQxR192b29LSm96cG9jb0RENlhKZlNBNWtuWFNGM3ZYT0tPRkNFcmdBVW1BMUxZdk1FWUpfY1k4Zk8yLWllVlFZOE5ZT1B2aE94Nl9xRXJmQV9jYUs?oc=5","Associated Press","Global","1781541840000"
"Empty Sanctioned Iran Tanker Moves Toward Gulf, Testing Blockade","https://news.google.com/rss/articles/CBMitAFBVV95cUxQdzdtSmxLbWgzVTRHN1B0VlhVNkV1cDVoUlRVQWEzaFk3Q3B2TXQzMjN5aEt2Sy1XQ0c1TEs1NUZQcXQtRzF1YjNfZ1g2aUdvaVhwZTVHY0hjNVJROGtkZVBNUHRlNUFkS2hZTXJfbHhRUUEyNmg5UnVIeWI1VGY2MWczbk9wRjcxU08zZElkVkZndG9yTlhGbktvajlBazRnLUdmOFNHeENIQkVjT0s4a2NDYUE?oc=5","Bloomberg","Global","1781541302000"
"Amateur saboteurs: the young men carrying out attacks for gangs, Russia and Iran","https://news.google.com/rss/articles/CBMiuwFBVV95cUxQa0otOEdqZ09kUXB3bTE5eTZYSHp4QmQ3bXNRWW1vTkpPX1k2QnFScjBCdHhIeEZGeDFuakNDbFFLeDFLMC1PdjI1Nm9lZmtLdDRZQWRpZ2VnM0E1TXR2WW54QkRVczFMd095SG83dVVrMUdPSmJrWUFjaDNicGF0dVIzdFNIbno3eHltRFNiM1hOOUROeW42LW1XdFBZMENxb2FRRE5jVHZDNlNwVUpQX0tfQkxqS3MzYUdZ?oc=5","Reuters","Global","1781541067000"
"Even with a deal to reopen the Strait of Hormuz, it could take weeks or months for oil to fully flow","https://news.google.com/rss/articles/CBMi0AFBVV95cUxNbzJjNTAwQTZnRDloNlp3WUpWRlZKZWswV2g5OXhDR09SODl3TW5GMTFJanF0d2F6M2pZQllzdnQ3ZjRPSWQ0M25sWXI0MnV4OEgxbGhGZ0d5WVRnY0dUSkJpWlVUc3FYWDJHdjM0RlBmbE0wb3FHQnM1dTg2ODRTVWdtWHhhUEV1ZDF3RHFKSldCaWdiN20wNVJ0MWdad1FEMW1fSDVyMmZ3dVdCR1VhcFJjelZBcjVSb182NnV2VFR6NnhacWZscnc5WnBiXzRx?oc=5","The Washington Post","US","1781542359000"
"G7: Trump says Iran peace deal has been signed – here’s what happens next","https://news.google.com/rss/articles/CBMirgFBVV95cUxOR0xPTE1xMl9ZRDZGNFlwMm84THJIQVppdkprTlA3STJ2Tk5Wa1duMHpOMzh0WnE4a3NHRzBLNEMzRTc0OElUNkZUWVUxYjIxcktvLWEwbWhTQzJMdkhRMzVmMWdhd2g5SUttM1BjMkFtRTdMN3lwYnU5eTVRb3M1Nk1kMWRoNWRjS09IU19XTDNQZFV0R1czeUkzaUdkWjVuMm9BcjJKaTZzcnlzMVE?oc=5","The Independent","UK","1781542080000"
"Trump touts success of US-Iran peace deal","https://news.google.com/rss/articles/CBMiVkFVX3lxTE14UlRzWG9OSXpxSHQwLXk3NGRWS2FRTTN6UXdWTHFYS281dGNDNnNiTzhwTDdBN3ZndWZjTFpyYTVfY2pyeExOVWRQd3RuMXVYaFlqSFhB?oc=5","Fox News","US","1781542066000"
"Trump carries momentum from Iran deal to G7 summit","https://news.google.com/rss/articles/CBMiVkFVX3lxTFAwZTF3dXZTYVdUZ0JqR3Z1TFBqNzZRTHZVZE5lOXJINEZvUFZidVNlQTdUNzA4M2RzTkh5SllPS050OUtTbjdua0d4RFpIVURYbVRZTFVn?oc=5","Fox News","US","1781541773000"
"BREAKING: Trump says ships moving Strait of Hormuz","https://news.google.com/rss/articles/CBMiVkFVX3lxTFBsdU0wb0E5T1FkU0EtdDVYWFZrbUZ4bDRUMldHdkMzSmo2YnU0Xy1fcXlEVlAzbkQ0bU4yeURIeXF0QVhEc0prUHZFV3I3bmd0YWVncTZ3?oc=5","Fox News","US","1781541510000"
"Trump reveals when Strait of Hormuz reopened and makes new oil claim amid Iran peace deal strain","https://news.google.com/rss/articles/CBMilAFBVV95cUxNQ0NUTGVvS1lma20xV2FiMFJfWWIzaUZpQ3FieVhseE1VMmd0azg3T2xGU0FrVVdQUEV6RVgyLU9WbE9WcF9XcGh5VXZ2S2JBQnBJZ0p3WFF4TG81MVJnV2pQZ0tIODRjUnI5Rjl1Qzd2eUZYUlFZdHR5VFROYU85SmYxbUZaalVVcXJ5enhFVDA2YURs?oc=5","The Independent","UK","1781541360000"
"Trump may have won a strategic pause in Iran. Now comes the hard part","https://news.google.com/rss/articles/CBMiigFBVV95cUxNR1NxRURuTDhYenJ5LTRqcE9iWHpCR0s3X0F5TS1aakJTcEVWQ2hFZUl2ZjZEVHNZanI2NlJtVWd6ZUFxUWI5aU56UE5XZWxCYWZqcTc5LWVKMTdRX3duYmU3cE1kTUNiXzZtUlRhNko5NnFDUFZ0OXhRLU0zaGs1OFhfZzl5Y3h6NUHSAY8BQVVfeXFMUG96LVlCR1BaajFlRHRJbGVzNVcxZ1gxdmkxREJlOVR3Ukh0LXI3azd3NVJMY2FtdzJDdFBJUlNvWFhVN2NsNzViQTFxT2VzU2xKdzhieXl4NGNmbEVLdkxQZmlDb016ZHNuSkVrTTVqZGtZYVU0dmF5TFBjRmxVMkZrc1liR2ducHBzUkJXYnc?oc=5","Fox News","US","1781541337000"
"Will US-Iran peace deal hold? - The Latest","https://news.google.com/rss/articles/CBMilgFBVV95cUxNUTNvQ005azVsOXdhNXBNcXN3X1hIVl9ld2VxbWt0MEl0MERESnVhSFIyZ0pETXFwMDVDZ0ZYSm8wcTdXbGJJdjI3ejhBcUsxV09TSkZwdkpkZElxcnZfVWZFS2cwdlhpRWdlLUxIRmVxLVcxbV9KU1pnN0xWYWNIcGhVWFRiNllWWVc2dFlCdVVQeENwUEE?oc=5","The Guardian","UK","1781541240000"
"Trump: Strait Will Be Fully Open Friday, Signed Deal with Iran","https://news.google.com/rss/articles/CBMirAFBVV95cUxOeFlvc0s1WmdsdThXOFZWc3F5R21ueU9RckY0ek4wbFJwUDBuUElVMldBU25CQ1RrQjN5MHpLQXpXbHZrWkM2Rl9EeElnOXZhY3ZXMnRfMlk1ZlM0clN6eVVWT0toWjBMSmVQQi1JWU81MWJIUU9TQVNUb2g2LXh3M1ZwZ0NoN183djQxRndYczkyQy13aGx0VEZLUTctcG5oaFFXTERFZDZKMzJG?oc=5","Bloomberg","Global","1781543865000"
"US at Odds With Allies Over How Easy It Is to Reopen Hormuz","https://news.google.com/rss/articles/CBMirwFBVV95cUxOQ3EyMm5NY0RyVzk1TnU5cVh3NUdBNk1WbEhUYTlJeVkwbVFuV3ljTXhHR0pqSDlndF9VcnpIcXZsTWNzU28xdXpLSkxhWnh1TS1wb0JTV0VPcVRYaGpGTFlnWURaWnNoOGxRcUpNWWVmNTZqVHNQaC1EVUxBY3MxX0Z6cUo0aEw0aEFEdkhuR0wxSHV3M0VxYXRPNXJ2OU8tMUswVzVuZl9tNkZQNXRF?oc=5","Bloomberg","Global","1781543757000"
"What have Iran and the U.S. agreed in the memorandum to end the war?","https://news.google.com/rss/articles/CBMiZ0FVX3lxTE9YcUJMM0cwalp2WUtTVmhGQjRUUkY4N1VBNjU3MUk5VEVpQ0xtTUJRZE92a1BKM0pVWDRBeDNRSTdQMDUySTE2WHpJTlQ5Z1gxY1BmV21COU5xbWRiOWdfXzZUUncxaW8?oc=5","Reuters","Global","1781543647000"
"Amateur saboteurs: the young men carrying out attacks for gangs, Russia and Iran","https://news.google.com/rss/articles/CBMizAFBVV95cUxPOVNUeFJtX0pHdWk0NkZsNDd0TEFtanJHb3FxejI2QmYzc1ZnRS1aQllZOE5QU21CcV9vUmZyTnhqOXA1dXVmbzZOc01RM3RRQ05tcFJzU0NiZWZrSkRYeml2TmZQcmhUSFJrYnNEcFE4OTlmdXZxTm1aeFJfQUhXNDNSbVZPeFBOTUJkdjJrN3RHR0FNWGFia3lhLVFTNzEtSzk5VlljR3FMWWs1a0p2U0FQdVozSEM5b0JQZUh0QXB1MFlVQkNDX3lVckU?oc=5","Reuters","Global","1781541067000"
"America has lost its war with Iran","https://news.google.com/rss/articles/CBMisAFBVV95cUxOblFKbERlUHFhNktNQmhkVHgzdGZldS1ydHJTSUVlS0JQMnV5Z2F4T2VqdXVDeDU1Vk41bDJkLXJuc25SX1ZILXAzeVdEX01rTE5FSWx4SmNqMjNqcm9LLVhGTXRkQ2pVMnM5RnZBWFl5dEdoaTlDMXJIMUZOc1BLd25pNnVaY0lnY0JVNHlNb3B3SU1pZk5qM0hDR1NUbnU1WjhYbm5renVKRVhiYWM0NA?oc=5","The Independent","UK","1781544180000"
"Interim US-Iran peace deal sparks anger among Israelis, who lash out at Netanyahu","https://news.google.com/rss/articles/CBMixwFBVV95cUxQeEstNTBQMXZTWVFhX3JGQnMzYXAzb1A5YlVMX3RyWEw0Sk5HeXBoZHgweUViSnFzblc5SV9yQ1g0S3YyeEtGVVdKOWVOLVJWS01Pc2VoVGZaVk5EWGp3aGtBUmRMTnlPUjFBOVUwdkdDQXBjZnNFTnoyamx2UVlVX0tVRFIwVW5kajl5SVp1S3k1QkdyS1BKSTlONEUyX3czQ1NZbUdMT1B0RXpWX2Q4cDlFaVlYZkFJb3ZvVk1xaHBNbUNScDNj?oc=5","The Washington Post","US","1781544025000"
"Trump says Strait of Hormuz will be ‘completely opened’ Friday","https://news.google.com/rss/articles/CBMioAFBVV95cUxPSXo0Q3ZrbkJWVVBiOGphQUdoLTR6TWg5T1lBVWJsaEVCWTFBZ0xmZlExMUltZjNaNElvWHc3aVBSNF9tNzdMbl9FbDg3NjlPcFJkLWJiYUwxLVRFY21pQVRFT0RKTlNwYTctZFNoR1hfNUZtNVVMWjlEUzgzM2ZyaWZiZk9ZTDE5WmEyLW9oT09BUnVZeWdkakQ2S0pyVXhy?oc=5","CNN","US","1781543700000"
"GOP Rep. Brian Mast says he'd rather not see the US release billions of dollars in frozen funds to Iran","https://news.google.com/rss/articles/CBMi4gFBVV95cUxQdmJRSmZqVkMwYU4yQ1RBeVZ0aDBPanVJVHJBbzNIOUZxTlY3WXNrRXhrQjc5cUFGUy1IQlhjaFV1ODVHSXdRcFBveTVjWVRibmdHQm9KV1U5MmZYTWxSTjN1R3Fta0d4NVVydWZHSlpOTlY0MUoxSXk0b210ZlJjbEEtakFvemNPZzVXWVZVRU9KSm9fQ3VHN1JJZ1lxODBrMEtGNXhyRXRlN3dGdHNrc3RrZHBBd0xqeEc4dTBvQzFBUlNLSUtTTnhYSldxZlhRLU96Y3ZNMWFGbkh4OVIzMUFn?oc=5","CNN","US","1781541410000"
"Pezeshkian: Israeli anger over MoU with US ‘clear sign’ of Iran’s victory","https://news.google.com/rss/articles/CBMiekFVX3lxTE1hWTZ1bUx5YUp1QWo2R2NOMURrN3l1U0FZUEtiOXdsUHJLSVJ0NXV5Tk94WFN1OGFoYW9DaThCaUVhTTBzMC1KVV9HVmVDRVlaZHpPTjViZjFqdl94dzh4d043TXFWWDQtMlJCa1Z3NlRabE0xQmViZ2xR?oc=5","Press TV","Iran","1781543340000"
"Trump Says Iran Deal Has Been Signed, Text to Come Soon","https://news.google.com/rss/articles/CBMilwFBVV95cUxOclJDLTlFc3pxOXlnT3NCTjFvWHhZUFBRN1R4WDBKYUxES25FdDNucnVjSlRpU1R0SDItaTNCSnZVUXdBd1hudnJuRVpqNUYtb2NTalIydmQ1RjFQQ2RuMHJBOXdTaV9Db0tZUjBuZGtJZjdaaTFzX2k0c0pNcHFLaHQzQXdHSk5yWG90NnZiaWxrOFpXS3dn?oc=5","Asharq Al-Awsat","Arab","1781543234000"
"US-Iran Deal Leaves Major Lebanon Questions Unresolved","https://news.google.com/rss/articles/CBMinwFBVV95cUxNUDlzLVFrQkZUXzRPdUw1a3hVU0NzMWxjalVLem0xV2wzLW15bVhtV2Z3dlF6ekJKbVRMX0hzUHJZRjlrejFQZFkyd3dBcXRaYlZzV29tMEdFVEJRbUFVbDJlTmtnaWF5NE5JcUJNMFBWOUZuZndVNGUxbldBbF9lbUp4OVdYanowaWVTc0tiMWl5QThUWTBxa2lvdkQ1dkU?oc=5","Asharq Al-Awsat","Arab","1781543163000"
"Trump says Iran deal ‘all signed’","https://news.google.com/rss/articles/CBMigAFBVV95cUxOR2RQbU1HTk5KNzctdzg2U0hDQ2JiTjdOSVp6MG9NTmJ6eGF4ODhEdlNzOE84ZFBkQWF0R0NTY2lLQ0dvSWxadk52aVVyMDRRNW5fRXpZOFVwTVdra0Zhc2YwN290QlpNS3ZZbHRGblFjaWMxNkFFcHp1YmRGYzRHTdIBhgFBVV95cUxNY0dTSlhrRE93VkloQ3YyR19Ka0hBR19adzA0bnhlS0M3SkhJYVBENGNuS3J3aTRqQWhBdHFwVllDYlpMTFdiSXhaa0wxQkJiVFhmQ1V6djR4QkVHMlRQTXZZQV9ULUp6bUdaSXJTdVRKNGluY0ppUTEtZEM4ckFHMVJSTjZNZw?oc=5","Al Jazeera","Arab","1781543007000"
"US says 'zero' frozen Iranian assets released so far","https://news.google.com/rss/articles/CBMijAFBVV95cUxQTDlFVnEwWXBfbXBGT0VZbnc4VXRkQnZmbll6c2FTZWttUEFDMk9tTWUzUWQwUnV6T2V5SWRDWWdBMmt4Qy1XcXd1d2NTUW4wQ0UxSnpPYTEwVUtzaVFHbVkxbGZWZEYzY3VxUHRyVkt6ZlN3QTF4N21IOWdzWTY1MkVXUk54T2dhX29WSw?oc=5","Dawn","Pakistan","1781541144000"
"Prime Minister Benjamin Netanyahu to give statement on US-Iran ceasefire deal","https://news.google.com/rss/articles/CBMiXEFVX3lxTE1oZ05GejlSM1Z0ei1TcFZKMEp5ZEtsNTlla0Q0R091XzJuOWctRU91S3BwallWQXNIR2loNDVadko3UXlrU0llSXlXMExOdXRIdlhXRTdBck9KQVVE?oc=5","The Jerusalem Post","Israel","1781546330000"
"Senior US official chastises Oman for 'duplicitous' conduct while mediating previous failed US-Iran talks","https://news.google.com/rss/articles/CBMi4wFBVV95cUxOMUhlSEJkSmlIRHg3Yk1TUGplYUFwaGNyUVZNY3dLUGZiVTdUVW5XRlYtbUotbG1ZRDduMTRxRGhaTllIbWU5NTU5T1Azc1BJVHNzUTZYOUJPdkxnd3RPSlF6blVralZMVlhzamhDR1k3QTFyWmRnOEY4S09NVkdCMU85NUY3WnkzQ2J3bEtkb2h4OGdXN2xFaGIwaC1ZU0dEVjNKSlZYQnJYcUJzNFktcFVNSzF3UDdkcURReTlOb3AyX1puYlZrbHpEM3dYMzlWc3o5TG9XQTFUaTdGSHNLS3Ntcw?oc=5","The Times of Israel","Israel","1781546051000"
"Iran World Cup opener in LA draws protests from Iranian Americans","https://news.google.com/rss/articles/CBMiX0FVX3lxTE5ibXdWaGFkV0JpZUhMUDM0N3VxUEI0bWtPSi1CY2hJX29tcXpXNmJsb0Z1Wm9GNF9KWGZhMlhnNFYyTEYwMUE3eDhMRXZXcW9HMjJqRjhUeEk1djgyVi1F?oc=5","The Jerusalem Post","Israel","1781545977000"
"Urgent: U.S., Iran electronically sign memorandum of understanding to end war","https://news.google.com/rss/articles/CBMifEFVX3lxTFBPVUF3MUtHRkZtNHNwQnF6TUFrdlV6VFNUN2Nsb1pqaDU5blcwa1I3aEpjWjdBUTI2alhGNXJUOVhBQ1I3a29nMTR6b3YtTXpVdHIxamVFWjkzTGhVcXQ3c0FKdnVJY01acmJlWklVMzNGVV9hOEpCTlN0WF8?oc=5","Xinhua","China","1781545635000"
"Mass return to southern Lebanon following US-Iran agreement","https://news.google.com/rss/articles/CBMirwFBVV95cUxPY01xLVotSmttaUNYRmk0TFlLWEk0eHhBZkFQZzdTb2s1em5VU2N2SnhxWG9wRllyNl8tTm9OWW44eWtuRkxiXzBTVW12Sl9FU29RV2tSMWYwNGFkWDJPNC1HZUpYMFM1aDRZZGZnSHhRQWRoc3M3VWswWV90Y3RReW51OVRlUWdwWHpBX3RkaUVOLXhvQXdldmMwcGF1TzRRNU5vTHNReTlPdl91YjhN0gG0AUFVX3lxTFA0b1dYdWo5dGxRdzJ1ODBIMW1BYTdXRWJlV24zbUVhZHExc0lpVUVwcF9PMmJVX2VyYjFaUzFFR0Z4ZzB4TnlzUHBGa0V3QWZPRHlmWkFHT1dZeU1hVEdMcllOVFpZV3pQU01UaGt6TkhDUG9haTYtNEJGZV9zakRvd1ZYQUY4MHdReDExTTJ6M2FEMk1nS3p0bG40SHJ1b1NZZS10QTNvQzBGMG96c1ItTzlQMA?oc=5","Al Jazeera","Arab","1781545295000"
"Top US official: Iran deal isn't conditioned on Israel withdrawing from Lebanon, though the truce does cover Lebanon","https://news.google.com/rss/articles/CBMi8AFBVV95cUxQYVN4cFZSdEFmdTl3aVBxaFNTWFdQNjdwel9CS0RYR3NDSXA2RmIzR2VwU1k0TlRnSkYtMHgzT2ZVUm84RjNCVmI5NExIbW1URVRIR2l2TlkzbXFweDc3UUhLWFNSSUEwTHpTLU5BYUxobkJta0xuWVJpc2FpWFlyc1lKYXFjZXgyM1lUSDNMT1ZycHBiOW16NEpxOFpaeTV3anNlWTJraUI5S0NTS2hEZkpUeXRNckdtSjgtVXVvNFowSFg0OFJWcEFXZXdpVzJtclI3cnJnNUpHUElUcnNVNU1WUGt6QXJYVjUwM0hGSVM?oc=5","The Times of Israel","Israel","1781544551000"
"What You Need to Know About the U.S.-Iran Deal – and What It Means for Israel","https://news.google.com/rss/articles/CBMikAJBVV95cUxQanRZQWt2Ym5EdWc0ZEJVT3l4b0VNRjdIcEZ3cUx6YUhvV3NtRmRyMzBFUVF1UDlNTUFxeXZ3ZkE1dFBTQThFNDYwVjN1YzY0N0Y0WG9iUDFaSEhJUzJjbEtEb3pUMWxGZ1Y5LXBlM3lNN1J3eEQ0MGZWQWFhWllXNDc3bzlJS3VNUFV0XzdrTzJRZzBwUjZDam1xTmItYUZZaHZVM2lYMjFud2lUSHZETWZEY1VCMThqM0lIbWEydjlFTzR5WlI2ckg2YXVBb1o0dndhUUxuTWVxVlVnYlU1YllLWEhYWUJqVkdHMkx2R2hPU3hNSmV6UzZHbG9aUzR5MUZSVWpBQnFBdFVMNGNFMQ?oc=5","Haaretz","Israel","1781544540000"
"TIMELINE – How the US-Israel war with Iran unfolded over 108 days","https://news.google.com/rss/articles/CBMiogFBVV95cUxOWUI3bE1WYlRHd1dDZnFCb1RhbDNSbm9MZVp6Q2l4TnpzZzFWeVN0RXFVWTlJTzhqUmtOZWF0YllTRElQZlN1STZyMy1TNlNaZ2o1QVlRSnQ5b0d3bFVpT1d2MGVUVHdid3JSeG9NZ052RmNZWDRkbnNvM3FuUUhXNGtwWEJhSHRWcDZkWFZQcDVvZnR4cEVpdDVEUmNlcE0weEE?oc=5","The Express Tribune","Pakistan","1781544389000"
"Siyaasiyiin ka tirsan xukuumadda Israa'iil oo si adag uga falceliyay heshiiskii Iran iyo Maraykanka","https://news.google.com/rss/articles/CBMiXEFVX3lxTFBnb1dnZXJVc0dCWHhFcHFMNk05RHplcG9rR1hzR0xJVmNjeS14TjdhWjA4Q3JFRFVkYncxUFFWS0hNalMtZDd0djVhZ0dkeEZVOFNXRy1Ld1UyVG5T0gFiQVVfeXFMTTJrNWprY0FhdHExUVhoZ3RqRE8zQ1lDRnByOXY1N2pCdnYwWThFU2ZCbUFvZXlQS2RMbEx3TElfejZMZk8ybVdUTEFTaGxld0h6R19pUXZsRGctNDBESEhVUmc?oc=5","BBC","Global","1781546339000"
"Canadian dollar edges higher as preliminary US-Iran deal boosts risk appetite","https://news.google.com/rss/articles/CBMiuwFBVV95cUxQRTBFN1o4WUdDT2IybEt1WjlNY3FLSVNCX200VXRTVXN0SEhzamhVV1k2a3JhMERlRXdQb05VU3BBSTJVLWctb2txb2c5b3NYLVoxenlFVUQwUWduaVhkSm4yZWRWVkNPT3hvTks0ZGt3NzdLWHFEUXRoZUhZVlphdHkwNDluWTltQVJRQUVjM2tOY0lHYmJzSTgtSlZ6TElnNFhJLWhXY1FnUFFtZWh1VVlFcmtVR3h0NS1n?oc=5","Reuters","Global","1781546103000"
"Trump says Iran deal is 'all signed'","https://news.google.com/rss/articles/CBMiZ0FVX3lxTE13MHhQN0lpMTJ6VW5vTDQ3bXh0dGR5amJ6RGlQbElEd1hqU0xiZDBHVDdOcEFPSnJ2Zm5JRDFWX05QWUpOVTNTNVNibkJhWFNBOEcwZjk2cHRuX2JweTI0UlVHZWtYMnc?oc=5","Reuters","Global","1781545978000"
"Trump meeting with France's Macron, says ‘great things are going to happen’ discussing Iran deal","https://news.google.com/rss/articles/CBMi5AFBVV95cUxPaDdNSkRPSWozZnFJOTFCSi16UjBsRktzZG9TdFpEVGNRXzQxUU1JVjVLYVNpcE5zbW1QRTNPNW5TRDRkUURhUENqZlJFTXNhRC1mZmZqNlUtSnBIUWhaUF9qVkI4bUl0ZVQtWkR0NDlXOHUzdDRhLVFwdU04a2ZxQm15Tm1scU5aQktkV1FETWpvdDNDQjJmbWNqOGVIQUZtdDBpQXdpc1hJNE1LbERCME9iM3dxWkF5OGRJZUJQOWhUUVh1aUdQSlJTSm5JdHpYMWR5XzVKVU44dDZhdFAyeG82NlI?oc=5","Associated Press","Global","1781545920000"
"Netanyahu Pays the Political Price for Iran Gambit With Trump","https://news.google.com/rss/articles/CBMisAFBVV95cUxQNWR6MzM5eUlPal9fTno2S2RUcjZaVWR1OTJ3QVRaN0lJUVNxNFlZZ3E1X1EtMGFpVmxHU0RmUkl1WndPcVdxWUR2RVJTUmVBVEo4WHk3SDlKWlprQm9Dck5mOUFYeF9pT0dEREpXbmdZcDkwQ2pRVlJodEJUcjhqN2RPcml0M3FzSnNxdXpwU0lIalJObWwyY0stSzRFTmt4dkR6NVRNSTdaZkJiaTF6Nw?oc=5","Bloomberg","Global","1781545784000"
"Judge grants asylum to woman adopted by a US veteran from Iran after deportation threats","https://news.google.com/rss/articles/CBMisgFBVV95cUxQbXRLendmTElwYWk4ZGNGR29QSVVUNWJPZm9zVmlKbWI3SXpkYXF1Yl9uRnE1eVZqZGd4Q1VsRDE1ZXVHMDFLZzRyRlA5cXIxTnRmTTV2NnJESHZlQnR5SnJacTdadjRScnZ1eGN5Mi0yengwWmRXUUMxVE1TOXNKbHBpb25oNVlOakdfVVRmNDllN1JCWUlHaWFURnhTLXk4QTFwUmFheEVKV0pTQXBQd0pn?oc=5","Associated Press","Global","1781545500000"
"G7 summit begins, with Iran and Ukraine dominating agenda","https://news.google.com/rss/articles/CBMilwFBVV95cUxNcHgzV2RmWHFDM2VfZmx4MVNQV3F1TThHanhkWXc1M1ozV1FJZ052ZTZLdjV0bWVUbldia25WMmRpWFd6MmRJOXpUcGZVRV82MXEyZ0Z6ZTc4cmJGc0FpQnNudlFCbldfODRfTVVzZXhPbl9WRXhIXy0wcmpCdVNpT0dmQV81eWQwZU1RS253RGNSMzFkSW5F?oc=5","DW","Europe","1781545275000"
"Lebanese return home to destruction after word of an initial US-Iran deal, in photos","https://news.google.com/rss/articles/CBMi0wFBVV95cUxOdUFLcFAzNjFEelhDaTZEYWFMR3l0LUNLaXd2MUhwTDAxS3NBV040SzctZFpUVjRCREd5S3dnYkZvZzdScG5mZ0p4QlBydEt4ZDZSbWJHdlpYRVZTU2wtajhhZEtXRU95c0hYeXVCMDhqazQ3YjdhM3NkZDNoX2dodXUzTW9pZ0phTXBoNnhXaHVBbGZ4UWZ5OW53UVRvQTJjcUIySXZBZlJMVk9FWjhVbC0wTGpuVlRRV2ZaZmMtbFFBdzhvUlo2alUyMTdwYzNtR2d3?oc=5","Associated Press","Global","1781544960000"
"Iranian Americans plan protests as soccer team prepare for their World Cup opener","https://news.google.com/rss/articles/CBMiwgFBVV95cUxNclFZVzliN3NBaFNjQ3M1NS03S1cxRXVVVlpYQjFwU0gwamRrTGxXZVZxamdxNlhETE85MUxSZFVRd1VGOVZLcnY0b1lvZ3lYd2NxZnhmZDdyamRrcHZ1M0tsNExGLUtia3hta25lMWxhalhYS0NYMWVVek5MVEVZbU5nNTgzbzl1MG5nZXJjd3pJNHhvcXdxQm0xbk4waE1MQUlMOEt1YTE2UE5YcV9iRDhyVnlUejlfS25kWEZXRkhrUQ?oc=5","Reuters","Global","1781544351000"
"LatAm airline shares jump as US-Iran pact knocks oil lower, easing fuel-cost pressure","https://news.google.com/rss/articles/CBMiwAFBVV95cUxNX2tpdU9TcWhIVkRCb3JNa1JRVnozNEdzQjhreUM1akROWFUtS2d3cGpmbWNqQkhGZzJRTzJqMVBhWHZVMmtVX3ViWVQ4UkxZbUFKNFVkQU9oS1NpUlpncGRjWlZ2OU9sSFhJV2xyMmd5cnk2MlFqQ3FkUzFrdHkwam1tcmN0Wnh2d2pGZDRvb3lvWWEtNkVwTFNFUTNuWVZhUTkwbk5rbDlabEtiZ2JYdi1qbEZUck1FMzVtTF9rT1g?oc=5","Reuters","Global","1781544204000"
"Trump says Strait of Hormuz will be 'completely open' Friday","https://news.google.com/rss/articles/CBMizAFBVV95cUxQVVV1dmFyUUVsZ2p2TnZFUVdXTUd1OVFmMGloSGxTMW5DV0s0a1pfUjh2em5Tc210dXhhajlMeVJSYW55SjExWW1nY1JWaXVoY3lTamhpRXNHUGU4dHNZSThXTXEyTGhQdTdYUXVmYTVSZVVORWI2ZnhBV2t6REtpbG8ycmtNQy1YNk45LUNWU29SS1hDcWJFN1dHWjlKczhPQzJmT3ZPQjdiZHhFdFVGOE9MRVJrZHFqZmh4RDd1WVkyelNVcjk5SFY5SkM?oc=5","Le Monde","Europe","1781544109000"
"Judge grants asylum to woman adopted by a US veteran from Iran after deportation threats","https://news.google.com/rss/articles/CBMi5gFBVV95cUxPQnRjNUt5SkF5NlRpRkNoRnQxdmkxUEo4ay16THhaWWNpVm9BRXRsOXowWFFfTklqbzRLX2tNSElYNXRBTnpfVGlFZWljSDliWkNFTU5PRm1tbjQ5Q3BYYzMtb003dWRVRTRhUlhOOUlKUDZhTTNzNENzT3VSVFZmR2IyaWVISUxTVU1YSUc3Z2xZWEM5S3AwY1JIa1Rvc01NX1M0MV90QUpLSy0wY3dkLXBnNnhhM1VrUndCV2J1RDNLeXEzSWFRX2l2U1FPbFdsdE9TbzBJbmdORHZ4VFNabXFYZVI5UQ?oc=5","The Washington Post","US","1781546499000"
"If US-Iran peace deal is signed, nuclear talks can finally resume","https://news.google.com/rss/articles/CBMimgFBVV95cUxOLUFIMXNZdDVwTHZHMmpHUXFIa0NVcUtDZFc1YzY1WUpjLUFYeU5FdnE2VmszSTVxRlRVbFlJWHNyUGVxb2k0Z0hxRFgzcGpCVkJPU1JFYmdTeDNzb19MTzJmME41ZXA1RWhKUE5HVktNMkl2aUFNZzh2cEZralhSSDVtYUlRTFdzYWFlWW9Hdk03LXFXU0o0UDBR?oc=5","The Guardian","UK","1781546460000"
"Obama doubts Trump’s Iran deal will be ‘significantly different’ from his 2015 JCPOA","https://news.google.com/rss/articles/CBMiswFBVV95cUxOVUp1aHdjQVNsNmVOQ3FISkpZMnlCS3lxc05RMm9aODhJazNkYkRfYjE3eGlJTzRfRE9Lc0o4aUVpY194anJEX0RJNkFBUDY2b0h3WTNjNy1icG50UlZqclA1YXFMeEtlNjBSN0xHU2c0dEJPbWpzc1g4ci1OZUtWQmJXaUU1SjE1Y0VTQlBHaDdsZHRCRHhGb0ttcmxpbHRIQUdXeFJqMm0wQ3ZCclBsYXFHdw?oc=5","The Independent","UK","1781546400000"
"US, Iran Reach Agreement - CNN This Morning with Audie Cornish - Podcast on CNN Podcasts","https://news.google.com/rss/articles/CBMingFBVV95cUxQTXh4NDVSdmtHQmU0NTAtdkkxUWlUZGRSSWtlMXdIMkxxSFNZdktzTnhUWjhRdklJMldaU1o3cFpDRFhCd1Z6VHczZ1NTM3ZWRWhMcWFVTnpIeUNESmdpR1lGM0lVMG40VXVQOGRtMDYwMk1aSEpMd0ZzOEpnVmx1RmVOMTVQVmNmZnZiZWQwRUs4MFI1NkxVaFJ5Y19Jdw?oc=5","CNN","US","1781546184000"
"FIFA’s pre-revolutionary Iranian flag ban upheld after emergency hearing","https://news.google.com/rss/articles/CBMilgFBVV95cUxOZTZaR0NWS0dCWWk3MW9kVVNRakVFam0xZ19xMTAzUFMxTXVZTnh0WGxRMkNVU0dRUTJ6R3QzZGdJaTVNUlhsMDBIc2hDTUM4ajNvWWxtOWVBSXVtejR3UEJ4WENkNnYtajVaVGVEX0VwUDlYaUhnM0hFTm1hMHRHb2pmTnRHVWlOdTloM2Z0LTdxelQyN1E?oc=5","The New York Times","US","1781545803000"
"Trump makes a deal with Iran's third set of leaders partially opening the Strait of Hormuz: 'Very smart'","https://news.google.com/rss/articles/CBMixAFBVV95cUxNR19pLUhYYXlzNk5UbVlxTHN3VTRsQWxIYzEwbHR6aUVueThxOHBuZ3dRc05rYmlabnBTaGNEQ0lHNzFNSU1rY0hRdk9WNDJEcnZnNXhnMXZQcnFpcGljWXdwMkhsR09pM0w2VmtHb3VZeElMeDBOVFJSY1NaVmFieU1yanBvUGROYnZ5ZzVMVDU4aGNIeUdoUVFzYUdlVHdOblBuLVlFZFY2R0pRT1llMnh0YjJEQTF5aS1sVS1mTmFlVkFI?oc=5","New York Post","US","1781545795000"
"US-Iran ceasefire offers welcome respite but true peace looks distant as ever","https://news.google.com/rss/articles/CBMilAFBVV95cUxOd3VyZmNkaWdFZkpxNjhEOXo2ODZnYW1UaEt6UFIzUGs3YzdrN3FCTklXbGU5Z3BwYlM3NUR0dWwtdW5mTmRRRFh5SC0zZkJ1OWh1SXZTbkxOZ1EzQXl2VmdYTzBwRUJOTEE4bGFCaGJzRC14Tzl4QzdhcVF4QVdWTTRvSDFiNjQ0OEI2VHVkRjVldXNT?oc=5","The Guardian","UK","1781545740000"
"Peter Doocy reports from Geneva on Trump's G7 meeting as the Iran deal progresses","https://news.google.com/rss/articles/CBMiVkFVX3lxTE5HaXR0aVFVNkZJLVRKck82b2hSMy1MUU1uV2JRc1h2WkRWaW1QdElKcXJqU0xsYWNWWFNDci12eVpwaUZZMUlqcFBfR3dBbmZvSDlvV2hn?oc=5","Fox News","US","1781545715000"
"Iranian-Americans face complicated World Cup","https://news.google.com/rss/articles/CBMihwFBVV95cUxPUGQ1cXlqalJxMzRHX0xnOG1wdlc3MEdXd3ZWOVNYa3BJU0VvNXI2NUVRQTNraFNNLVJxeFN5aG5aN3RTekZXcnZ2U1FJQlUtcUpHYjZPazA5a3RkZlB1QTh2QVo0UjUtNERRX29oMV9Zc1RnN0RCRWF5MVZMSXd0NHBCQzByVTA?oc=5","CNN","US","1781545080000"
"Trump: Strait of Hormuz Will Be Completely Open on Friday","https://news.google.com/rss/articles/CBMiuwFBVV95cUxPN3dQTUp5WjU1WVJJLTJOdVlYakN5VHZxV1NkOXNjVzlWRGUzbGZNdUdOSGpFVXNvaUlKSDc0OGZKZFgweGxRSkYzaUhxcFpRZmo4eDNPNEhSeUxaNTBxdWFoNmZFcmdsLU4wU2xBdjBiSjVQd20xUDVERlBqSE9reDVfVEFZVC1DbzhqUTdTalBqVmE2bWtyZDk5YmFvYVhwT0ZOcC14VkhfTTlqTUdabWhlM2xVM0dva0t3?oc=5","The Wall Street Journal","US","1781544941000"
"President Trump says Iran deal is 'all signed' and the Strait of Hormuz is 'partially opened.'","https://news.google.com/rss/articles/CBMiiwFBVV95cUxOLWh5RW5QNWplWS1POHd2b1BTQVk4NmpnSEYxeEV5Q21RWmFrYlZQb2dKY2tpTWt3OXBpUXlCdW1VTTFncFpwWkdkN2xwMjU4X2h5ejFBTy1ZZnNkQUpQclgzN3piazRoeXA4Vm5DWDZ1WVFxczlIcmxDLUQ5Q2F6NDBQZHU4ZzQtY28w?oc=5","CNN","US","1781544927000"
"Business Rundown: The U.S.-Iran Peace Pact, The Fed, Space X","https://news.google.com/rss/articles/CBMimgFBVV95cUxOZE11WlFaWTY5V1BHMzNHQllRMjFBcE45LVh0TE80NkFNUE96MmlKZGx1Zm1iUWprRjgxd2RXcjNaZnVzMXFqVjFGMHk3WmhHbEROdWJUb25JVU12bTFwZDYwVUl4cFlWQkFzaTBFZS1PMUI0ZzJQaDR6X19tSEctZ2NVNlllWjBtZ0plcXJmVUNKaV9QaTVCYzZR?oc=5","Fox News","US","1781544903000"
"The Guardian view on Donald Trump’s Iran deal: a pause is not a triumph | Editorial","https://news.google.com/rss/articles/CBMiwAFBVV95cUxOZlFiMFJWaFM1WWc0Wk54clV0Mjc1djNOX3RMZ21NTjZERXJOQkVyNm5FR1ZnV3ZGWnZLVFppbU1LcHFtOVpyOU5nSWEwU21HX1JCRGJRb3hVVXAyaFVZbVJKWVJqdjNiSEV5MmZOQmtPRmhwZ3l3U01BazJtQUJxYVVLMGZCMVJNelNIcVVfR2NSOEtqQlVCTWJEVzZ6Y2FxV2pMSjRrUDlnUkFNeEYwazFuWUoyZEpBdExtRURCcGE?oc=5","The Guardian","UK","1781544840000"
"Trump is urging tankers to sail through Hormuz. Vessels aren’t so sure yet.","https://news.google.com/rss/articles/CBMid0FVX3lxTE1BaWhFUXNQTE84WW9vcF9obHdRVE9VTGx0eEFWNUI5R0t2aFhWQWJyaHZlUHM2NmU5UVRzUldjNkY2M0xUR3lIczFOaUcwQ1NwYlFuREQyNFpwWWtfM3VMemRmUlVqUDl6dkJDeE1zemVZQlZqd2FF?oc=5","Politico","US","1781544600000"
"‘Nothing justifies the enormous price tag of this war,’ says Iran expert","https://news.google.com/rss/articles/CBMijAFBVV95cUxQLU5OMkpKcE9Zcm5QYmZLcTFnTHNaNkIyZGFTN1BlSVo2WEp5QVZmd1c3OWJGNVBnNHhCMHRvclJEaTJiNW9ESFA0Rk1BZDBJLWRsZEVEd2h1eUttV2pZTVNSSHdxU1ZhdFFZOWdLN0RXaVVZOU1hOWRvT19RSkROZjVFbExmUXU3SUh3aw?oc=5","CNN","US","1781544116000"
"How to watch New Zealand vs. Iran 2026 World Cup match: TV channel, streaming options","https://news.google.com/rss/articles/CBMiogFBVV95cUxPQ2poaG5tc1VucEVfMFJpb2REV1YxUzRhZFdoeFFXTXVzR04wdG1KQWFFS3p0cHpEaHN2VXdLSmxJbWdoN1Vfa245blU1RDVJNmp5NnNsbUtseS1SU01YalRTaUJObXpYUUt0YzNGV1drUU9wY0FKRDhTZ3NRd3hWUi1QbzBGZVBvUHZWNl81V3hiblZVMm9mSUh1aDl2bWdseHc?oc=5","The New York Times","US","1781544086000"
"President Trump stated four objectives at the beginning of the war in Iran. How many have been accomplished so far?","https://news.google.com/rss/articles/CBMiqwFBVV95cUxOUFZwT09QZVFyMTlTR2lrUy1VZ1ppRkE5ekZsTWdDYjhYOElZQWtzRE44VGFELVRGM0xHWTRKUzlpdC1GUGpPaDEwcm54M1VSdVM1X0pWS0x2aFJsT2tsc0hKYVVMZmp6bld1dzduSjlqdVJoc2NsMEMtcXBtY284alh2ZldYbm1wT1YtOW80a0k0b01KWFJSSDNlazIycGJyY0pTX1pHVE5rXzA?oc=5","CNN","US","1781544021000"
"Asusun IMF ya yi marhaba da yarjejeniyar Iran da Amurka","https://news.google.com/rss/articles/CBMigAFBVV95cUxPSUVTcUF6OEJyNE5IazdheU1kUmVXRnBNTnBJYnZkZVNmNnUyUDNoeVBiTk5xRlNOcTdQNjFtM25maVhzUllSbEtUVk5CdHp3SFNvMzlRS0NKUlJJVGp4S1Rua3lPbzNGUzc3a0NkVlg4ckIxNWVTQmNVU1pXT2E2TtIBgAFBVV95cUxPUENFOVc0dFFwOXhDbl8wOWVrbjB0TFJPUjFXb21YZ0MyWDBvc1BvTzFjNFVKWkE1XzRseXFuZFFqNGE0STBwY0pJYVNBdm0xNXY5TjlnS21TNUU5TFpxdnZHaGpUSVdxaWJMVWJVeTlsVUR2YTRPRGQtS3RjODZSUw?oc=5","DW","Europe","1781547861000"
"With war likely over, Iranian rulers must face demands of angry, embittered population","https://news.google.com/rss/articles/CBMiwgFBVV95cUxOeV95U1RzY2FBVDV1TG9CX0VkcF8xck52eE1UZlFEcThNZ3ZPQlAtY1hOaXdFS3BiaGc3V0FvTkRSMUYwQTRDWkpERUtUaC15WkVXYkRiMW9rZkpWa1ZZbHY0T2tVQlY0VGwyY3lhSEwzNVVVUk1tRWd6VTlNWFZhTmpRa0JTSkl4dW9wb1hrZmJoRzhVYUtzXzJTS2JtS0tjaWU1cjU2Q044ZGR1TUhGTGhFcTlxZUd0amRVcHlPOGRFUQ?oc=5","Reuters","Global","1781547404000"
"Iran deal presents political nightmare for Netanyahu","https://news.google.com/rss/articles/CBMiWkFVX3lxTE15Mk8tZE5BLUc0dzVsTmZtUzQ3aVBXSFdUcFpid2R5QlhzU1dQXy1ISTJrblBFOHN0aXNpTS11VDQ5R0lpTTRUREV3NGExRGp5NVA4NXl5M2xIUQ?oc=5","BBC","Global","1781547330000"
"Spain held by tiny Cape Verde at World Cup as Iran make bow","https://news.google.com/rss/articles/CBMiqgFBVV95cUxOU2E3Mm9NS2ZFMWJ1a09oU2R1eXlwYmJuMkhmNGNLZllMZE1UVUVyS1RGdWhIZTZHWWwyWGUtMUxQU2pkUGpCUjZSMnRNZW1Kd1REWlFjS2ZONWQzWnFPcmk1OHNvRHFBOXZfWU5vR2tWWmVkUWd2c0c2Q2pneHBqbnlLMG5JaGc2ZXdPYWhtOGlhT3pEZmhHVkVUS292N2tYdEF2TmFycERWUQ?oc=5","France 24","Europe","1781547320000"
"Let the oil flow!': Can US and Iran actually strike lasting deal? - The Debate","https://news.google.com/rss/articles/CBMiugFBVV95cUxPY1lYbHpXUGlLX0FQR3UxaVN0WWxOYVVZWGxZNUQwZGN1MFJlV2VKelhWaU00RVloc1Blay1wN3VBclFHSHZRanItM05DQk4xSTd3c1EzanRPaFFteUhkelVXSnpWRVU5V0lJblowN1d4REthMjdlczNIaXNMSlFmUmUyTm5nU2gzVE1ydDByTkU2V2hOZFRpREVMcG1yM1ZjLVZGMUJ4ZDFBMmJFYmQ3NGswUWlQTmY1NGc?oc=5","France 24","Europe","1781547102000"
"Trump: Hormuz to Reopen This Week, Signed Deal with Iran, More","https://news.google.com/rss/articles/CBMiqwFBVV95cUxPbFBYbm5ZTkM3NHJwZnE4bWFYMVVrWGlvaHkxNGNUTV9vcXNQUWVYdlBTNVRnLWdyVHdkNnMzZDBzWWVXaVVZQ1huNGt2NHBWRG5veW9HYmxvYW8xMTlXaWJqSmFab2Z4S2t0WnRrNTlTdnpLM0ZBVFhoVWxQUHBtUUV6LUlKNTVyVHNjYU9tMlF5dW1pRUpGUkFlTFlERXdzTWlNcEhQa1ZFM0k?oc=5","Bloomberg","Global","1781546749000"
"Companies Rush to Borrow Cash as US-Iran Deal Spurs Bullish Mood","https://news.google.com/rss/articles/CBMitgFBVV95cUxPSjZLN0tzd2RVU3V3ZjNSb3d5SzlCT2NxZlRVUVZKTUlBQjVTZU5WN3l1Zm0xaUJlWlREeFJfUFdsMkpkcUxjanAtQUNNQzRCYnVKR3Nvb0JKWm1VSVJ0UkpjRzBMT0hZZFhmVDBOWGs5YWhYTUVZOU5LQTVXWnBGeFRNeEp5ODdHcGxxX2RVbXFWY2w3WXd1RC12VHQ2VXFXUEdMdEZGeGhLWFdZSFc2YmhmS3hvUQ?oc=5","Bloomberg","Global","1781546463000"
"Assailing Netanyahu's 'historic failure,' Bennett says Iran regime will only be replaced after Israeli leadership changes","https://news.google.com/rss/articles/CBMi9gFBVV95cUxNa0JrTTExRmJnNVF5ejlmcWp6ME5vRGM2bTI5UUtnVHVXNHJpN0toOU9jUmFLZUVoOXB1aXlPVWU3Vnp6RkpDMy03RjJxa3hLbnYtLXB2VVBCdk5vY1RkRWxsZFRWWVF4M3BMbV9fbmhtVFh2Yk5HZnZSYlNrbUJaeV9OcjVLaks2aElFcWVnZkc3RVBxeU9jOVZSQzRjUzl6RlVJUHJFRjN5TnJfYTMzVld4QzViMEhybk56TVduemNDZjk2MmdQMjI4V3A2NktINDdkdVNCWnNobE5aYmNZVlFhNTFiMkRGZlZ1bXpmQnVFemtzcXc?oc=5","The Times of Israel","Israel","1781547750000"
"1st LD Writethru: U.S., Iran electronically sign memorandum of understanding to end war","https://news.google.com/rss/articles/CBMifEFVX3lxTE1ncXRoNlZuS1NpLUJ1Q0hZbUJzNnM0bW1Vb2NyeUl5YkZ0UkZSV3ktLXNVdzIxaVNoQTJYakJMZmJGVFhCUE03ZUtuRzFhX0xGTDZ0aFBRQ3M4OEFnZGotbHdMSWhvTWs5bGJtTTZ4RHVYeG5ianIwUjVLUlo?oc=5","Xinhua","China","1781547690000"
"US official says Hormuz will be open toll-free for next 60 days, but unclear what will happen afterward","https://news.google.com/rss/articles/CBMi4gFBVV95cUxPZTNCVmN0NWJUelVJczJDejJYSGI2Nk80Y01qWUNjcDBCeTR2YlhNXzI2blBJbTMtalhtamhsMUoyREZtNjFfZ0xLVXBnWGhDakJzNThaVE1uY3VOQ1pxLVVjMVNPdjlTMXV3cTRfQUY1UUM0YmtBUXhYYlZlbW1PX3J4VE1ZZ09YQzZ5bERBZXRnUXN6VFE2THc5bTh2bG12aEZKSXJyTnZISjBvVHRPRUJVYW1QWUdJZ2U1bThHQk1OOGF2UjRSd21Pd1R4enAxZnk5aEdJT2NvSTJhcVo1T1BB?oc=5","The Times of Israel","Israel","1781546951000"
"As deal is agreed with US, not all in Iran are convinced that peace is here","https://news.google.com/rss/articles/CBMiugFBVV95cUxOS3BPS0Y3eFYzenVEaXYxZGxoc2Q0VE1ncXNKSmwzNHFydGMzd1FSanVFR005aU9udE5Ickc1SWMtcFpjbHVPNzlXNWo0Vjd2N2Zod2dPbU1INURGNHpKM0hkWEdCWUhIWTh6NVhkOVRwVEJHODUyOXhsLXpIcmtaY05RMm03TzB0UUlVYm1RVnkwdXZrTHBpay1kN2hPU3h3b1JwNTBCbHViZjh1dXE5c29MZklOckxKbEHSAb8BQVVfeXFMTldLRlc0LU9uVHFHMUkxRm5IWk1yNnBGRlZzakgzNTFRaUNCQThSM1VkNHhicy1tQnJsaDg5VEFKeXBrbk0xM2hSaUl4U3F6aER4eUUxYXc3Q09CMkxxZG9FMGh6Yy1kd2stY3JqLU1MWDBRbUlyczZwdGNFay1rekFnWXFFcHp5d3NLMHNYVjhhTUFBM2hhei1BUEN1anRoSjlSWjUyTHZYUWxNRmJzRVZfOGQ0cFZ4Qmt5QkFQQWs?oc=5","Al Jazeera","Arab","1781546504000"
"A document of pride': Iran's Pezeshkian lauds negotiators and diplomats over deal with US","https://news.google.com/rss/articles/CBMivAFBVV95cUxOaERwZnZTRTd0VVhrdXRrRms3Z2RwVHR0bGJpZXdPSXdXYmpOR0ZYTEZtTDZDLU1ObW01cHV2aVBNY2liRTd2M2x3VG9MVWJJbnc1WFg0YmMzTTE5alRJMWlERFRwVW5TRXVWSGdfUm1CbHRqdjJWUWhtUC1pcVQ1bTE3U1pLWDltUzdlMUdpd25sOEdUQ0NtejNwenFnVzZ2MER3OUw3S3ppZFdQdElvRkZJME0ybnd5SE1aMw?oc=5","Dawn","Pakistan","1781546357000"
"Iran took ‘great step towards final victory’ against aggressors: Parliament speaker","https://news.google.com/rss/articles/CBMif0FVX3lxTE9BSU93ODcweENxUGdBYmNBbnNXQ1BxRnBmSUY3d20tS2RtWmNPMHZHd2RTRk53SnB3b01BVTFhb3p5dFBBRDFwVTFKYUZwWjVxd2ozZE56MHVJNS02MEl5U0pWRlV2SnFhT0RGb0tWWmw3UHV4b3NVZnItUm9BS3c?oc=5","Press TV","Iran","1781545740000"
"Iran's Pezeshkian says final signing, implementation of US deal scheduled for Friday","https://news.google.com/rss/articles/CBMitwFBVV95cUxQRjBUT3lOaUJRbk85dDBudXFFbEhYanMxS3lIQVA3YjRLR1VJc01VV3NOZ0lLbnpqRmdIMlR2NUg5b3BHS1U5eHZsU0N1TjlwbHl5MzN0V2pjaDh3X3lxdk9FVmhIRkYzQlkzZGxSUkRxWmZmTmxmZk9kanl4S2R1a2FPWmNiUnpQR1g0UjF6RWF2UW1vUk0wMjlGMmRQUS1jNVFwUldCT1lxdVo1RXlYR0dKNDVlWlk?oc=5","Dawn","Pakistan","1781545536000"
"What Iran and the U.S. Are Saying About Their Deal","https://news.google.com/rss/articles/CBMinAFBVV95cUxPUmxxZmFVSzNBZUlaaFhibUY0LTVwMV9vS2xYX3BxZnAzajhxakJOUkNoT3N4TzJDTzBKUzBjY211dnNFVHBwWEF3Tk9kNkItTDg5T0E5U1l5M3loR0hXT1Q0MlNrMXhrUmtSc2hpeTc4dHJSTTRQa05pZ2JuMDQ2Y0hQamhzNGUxN1NoTzRfdFhsSWJqTGdrSXpHOHM?oc=5","The Wall Street Journal","US","1781548020000"
"Trump says the Strait of Hormuz is reopened. But most ships are staying put","https://news.google.com/rss/articles/CBMigwFBVV95cUxNUzBqSmoxZFVHZXNzZ3N6eEhmTGo0ZzEyRnZycHBhOUo0aXRGaHowaEY4UVpWbGYxaGlmS09YQndUcXg0b3JjM1ViT1E3blA0R0NNSGpXdzhSRE1ORTJyTFFHNjAwdUZVdGNsTlgyb3dkZEwzN0xWZU01dGs1RVlpZi16dw?oc=5","CNN","US","1781547651000"
"How to watch New Zealand vs. Iran 2026 World Cup match: TV channel, streaming options","https://news.google.com/rss/articles/CBMi0AFBVV95cUxNQk1xTFI3RGNBaUFfOHl3bkJxOUMtY0c0aXpxNEpDSXpIajZRYXp6RlBtOGJyNkF4UjhacW9lcURmQ1NqcU41UW1mWGFnNGcyWC1LemFYS3g1emV0LUQ3ODg0Z0Q4M3JOWExpaFRMcWgyaTB5TV84X2NVZ0d1cjk5Szd0SHRSZlBGOFhtV1ZoZHJOYWZ0YnlXc0d3Q3Q4TVZSZGpYeXI5V1lXc1NOV0ZXeWs2cXVTSHhfZ0Z1S3NlZkJCOWw3MXRJQS10amxLclVk?oc=5","The New York Times","US","1781547591000"
"Vance highlights Trump’s efforts to ‘change our relationship’ with Iran after deal","https://news.google.com/rss/articles/CBMiVkFVX3lxTE4xa1p4SXYtTXdXQWhIcjZzdndZRHgxUlVubkhiRFZ6RmtHLUlZQ3dsODZMQW9fSFUtVk9iRXlrbVppU1REdG1QMU8zeGxmUFRDQno4VGtR?oc=5","Fox News","US","1781545910000"
"Lebanese return home to destruction after word of an initial US-Iran deal, in photos","https://news.google.com/rss/articles/CBMiY0FVX3lxTE1ibjhpT2E4bFItSERZbjJRTHhCdk1vaFhKS2EtdW8zdVRBTzlkSWxvUXhIcFNqTjZfRUxZNGVyMXpsMEVLZDhvbi1STDBtcC15azg4QVRnS2t1enRlQzRHY3d6WQ?oc=5","The Independent","UK","1781544960000"
"Netanyahu claims Israel, US removed 'immediate' Iranian nuclear threat, 'saved State of Israel from anniliation,' but fight is 'not over'","https://news.google.com/rss/articles/CBMixwFBVV95cUxNeHBYZ0k4YUJlUk1qY2otS1pzY0RSaEtzSkRaZWx0OTZPa044d002bW9RSHFkZld2OEh6enFxUGR4cjV6RVg3Q1YyaU1QbDl3VDBYdGttZkFXTERzQlZoSFFZQkI0QmpxaFJXbEZ2Q0gzQ0NlekhRODdBcGdiT2I1VktVeTFKMG1mMEtOSUt1dkwzRllzaTAxYjE4c2dKWjc0aUM5NDhkUVpxaGZyQ25maVhRalJxUkdiNFQyNnp5R3NQMUtGQmhn?oc=5","The Times of Israel","Israel","1781548751000"
"Israeli withdrawal from Lebanon not part of U.S.-Iran deal, WH official says","https://news.google.com/rss/articles/CBMioAJBVV95cUxNZGtQcXJka3JDQU9mN2otakl4djdZSW1BUlpVZTgtaDZKMklHYlAtdlpzdVR6Z2V6TGdkZ3J1ZFY1MHZRWlVzNy04WDFka1VHd2l6Yjg0SHBaTGkyeWhOeGxlblI3UklGQUd2TUdfUm0xdU9uMlpTUXc5OGtRalhBUnpmMC1BVVl2QU1oZXg2d2M4SGVuMFhhVy0tV1ZrcHRQaXpkOGhXeDRHOU9na1hyQ0trcGRybGtJQmU3V3FHQlpVSXJMMzhXNzlnOHBFeWNicWN3QlpYNFUya2FKalJCbkdLR1pNZUs2emZFdUYtR2I5aDU4NUdycThLSS1DcGl3MmNzQ19kTFdDNHEzZ3psVFUtN25xWkpSb2NsYUVFVGI?oc=5","Haaretz","Israel","1781548560000"
"Germany’s Merz Says Hormuz Must Be Opened Now","https://news.google.com/rss/articles/CBMinwFBVV95cUxQdjZvTEZXZTNEOTJiODVHUmpfTjBoRkU2bGYtcjdnNGtPcWhrT1FjbE1BYnlUYjBtLVBaeVlDNmRwYXZqN21SWTBZdmJEc2tFTlhPSHVBdjVtRUlGcWhwcDJPRm13T3lPMXdDUHpkcXExUVhDUnltMnFCeVhVWnJHZUtPSk11U0J3dUxWdHFxczFrT2pWcWwtZ1RYc05melnSAaQBQVVfeXFMUDZCWlFSX1BST19RbHROQVdjM1VTZzRyd0VhMEJScUliNzMxOFVXamphS29VeFROMEpQTnNuVm96alNlOWllcFAzSWZqR0ZJMUgzakxHX3VxcGpMTU1GeEJUeVVXZkxDMmVxaHdjay1Qb2luODJ5VkhOaDlkWm5TSHJmOGdXTHduck5TdndqSjZiT2w3dVdmOF91cmx0SXdGRWVVbUQ?oc=5","Al Arabiya","Arab","1781548201000"
"Citi cuts Brent forecasts as U.S.-Iran MoU points to Strait of Hormuz flow normalization","https://news.google.com/rss/articles/CBMivwFBVV95cUxOTUp6VVVIdXBqZm82cElHMFpxWnhVMXRkcmVtTFlNTDlTQVJCVGk2LXR6WFNHUFZzNHFQOUdxTmYwSWVraVBJNzNpeU1LNEx0WHJkVVQ2bjZjYkNyckJvQXFEX0V4Y0dWTURCNDk3dkEzY1Zvd3dUOVRHbHdlZEtkY0RfeGJWMkZsU0FKTnllb1JwOWI2SS1vZ3kzY3pYSi16WTBmRXhRTGpDSV9vMUt3R1FINDFpNkpDMHh1UzI1bw?oc=5","Reuters","Global","1781549746000"
"Interim US-Iran peace deal sparks anger among Israelis, who lash out at Netanyahu","https://news.google.com/rss/articles/CBMirAFBVV95cUxNLTRYRGZ0SGhFOWE4eV9DcXFzTDc2bHQ4V2hSckpkMTFJUDRZVE9Dck9nTXd4Y21ZbDVmS0Y5Y2xpNk1fS3VpaXJPNUdhSjdXMVRxQWZ6blliWlpRV21ZYkh6OUltNnp0RWhqekg4QjJFN1MzbGs0Q1Z0aWcta2xUbnVDVmwtX3RmODNTUkhiTjB6TE95U2lXMXdjN2hYN2xpVzZlTzBUcXJqTi1u?oc=5","France 24","Europe","1781549306000"
"Trump at G7 Hails Iran Deal Even as Divisions With Tehran Remain","https://news.google.com/rss/articles/CBMitgFBVV95cUxNeWo4VWZJZzFmMmJtR1VPUTFiMUdMR2pfbEtnTU95b1BuTWNVUVpweHptQlpBNkJMb3FRc3doLXJfbnJjU0l0YUFHN1FTZ2dTVXBSX1J1WjZXMFIxX01HQXZJMjdZMnVQRHZRRkF5ekdyejZGZm5jcUNJUEk2a1FEQWJhRHhmMUZSdk5KVk1fVXFNYUQ5anVMblh1SldXcXp1dVZIQmNxTzdVd3ZoOEN1VzFfUHBmUQ?oc=5","Bloomberg","Global","1781548935000"
"Iran deal allows Tehran to charge maritime service fees on Hormuz Strait transit, ministry days","https://news.google.com/rss/articles/CBMivwFBVV95cUxPUkhfclNWcER2aGkzUXJwM1pYRkNoc09YRWJkM3dWYlBnX1hEQUVOYmlyclhLWUMzZG1IekxDWXltR0xPamx3WnNDc1NrY3hQUHdRQUxROHVRNXJHWGY5UVR5VmM0eTJPUWJweTJteFR2bGNFTExXNDdZQ0NjZXRXcGZwcE9TNk9fcWRnVXQ4VnMxWmFaeDBaV1g5R1RKeTJwWlpUNDBTc2drQmlrXy1XX294UHF0VnQ0T1ctSF8zaw?oc=5","France 24","Europe","1781548859000"
"US Spot Petrochemical Prices Retreat as Iran Premium Unwinds","https://news.google.com/rss/articles/CBMisAFBVV95cUxNNlVKclV3QTc4STRQRnQwQjR2aHZtb1hTVXJZOGMyZGR5amlMY3hURl91V211alNSeG42WUsxeGdiT3BvVngtcXFtNllRekM4Z1c5Rm5zaTJXQmpiM2FRbklleFdBSFBMOXBuV29xVGtfVXBuS29PWkFKWmZOUU9oYnF2UVdkdkU1dW1MTVUzLVdoZEczM0JsS3dhZWhfZkdqb3JSYVhNbVdDaWdXX1JsUQ?oc=5","Bloomberg","Global","1781547869000"
"Iran's foreign ministry says 'deep mistrust' in US remains despite deal","https://news.google.com/rss/articles/CBMingFBVV95cUxOYlpZbUZxNGtidVZXTjNEWjVEUmN3T1dlRkpSbTZxTTNnZldhVXhFOFU0RFJQTHZvWTk2NFhYWXVhTW9iMUVOdlNrczFFREdiWUg4bXVIUnQyRERacUlxV1lrYWw5ZWQ5LWk4eG5oYTA1anllNTJJRlZmbDdaRm5lRjhZMVE5cXF1MWp0allGQjQ1RHpQTGhwWmhycTRSUQ?oc=5","France 24","Europe","1781547769000"
"US says Hormuz to be toll-free under Iran deal","https://news.google.com/rss/articles/CBMimAFBVV95cUxNejJadGd1dWp6NEM3dEFjUjg1WU9HU3NTQkpBOXo5NDk2bjJaN2xsODdzcDdMLXdkY0M5MVpnNnlPOW9CNVNWanJ0QWFmMllKUGF0STl5ME1WcmV3MTRBS0FxU0s3Nmo1ZlNrZ0EtQkdyRERvbXo0NGJWNzc5alJ0Sk1ZU0ZaclBveVpvemRLYWpZbEhESjlmbw?oc=5","France 24","Europe","1781547428000"
"The 8 unresolved questions in Trump's Iran deal","https://news.google.com/rss/articles/CBMie0FVX3lxTE5GYmJEakhSOGdZN0JxME1sNFdEWnBXZENmSVR3RzhXRml6MVlHLWZQOFkwV2xQN0xpeTMyX0U0TGxEOVR4dllaeDRTa3JMWXY3bHdPSmtNZWdhT0Z1bzBrYVZrSExNUEVfelFPb3daOC1sNF9pZlVfcDVhbw?oc=5","Axios","US","1781550290000"
"New Zealand vs. Iran World Cup prediction: Odds, picks, and best bets for Monday's nightcap","https://news.google.com/rss/articles/CBMiwwFBVV95cUxOV0lwLU1UZVZlMGNncjVkWXpLc19NVEI3cWQtam02WTdIX25yQnUwRzI0QjNVN3lPMXN2cE9ZREJVNlpqa3k3aDBneFUxRkx0U05hVU1udHR2cGxvWW1zUm5zRy1SOG4tVGVBLVNWODlXcFdJVkZRZUZPZjhkajZNbGhQT2IzT3ltMjVQYkhRSG5TNVZqMXN3ZldRamUwaUNGWXZmZVlwSXdqd0N0cFZVZE5SUG5wUUd3S1JxdGVUUWxkaXM?oc=5","New York Post","US","1781550000000"
"Exclusive | Iran's soccer stars sneak into LA a day early -- as insane security measures at team hotel revealed","https://news.google.com/rss/articles/CBMizwFBVV95cUxOUjc2dWhLRjhEODNna0E4R1pCYlNRVnlRMGhmeW1HWVdoMURwaFhuUTNLQmMzbVFoSW9pdUJwTkZEZUozQ01haUxrYUhwZ2p0SG1BbVdWa3pVOHRYbV9JUGdyR1RUd21VWFVubE51bFY5aWN3bWVYdkUwQy01Nkh5RS1qcmpNOGtPMVptbHZNS0J6bC1MNm5UNV9WdlpjMUhoOVVkTkg2QVdteG0tWElkdldianFSWnV0RDdrdmxyV0NvSHBMa3kwMXl4ei03NHM?oc=5","New York Post","US","1781549820000"
"US poised to keep military assets in Middle East amid Iran deal","https://news.google.com/rss/articles/CBMiVkFVX3lxTE5obXE3R3F4NkhmUzBUa1RVOHZZR3NLMUFaMmI5dkc4N1VfYzU5aGJVX1JmanpGNExhd1JiNS1YdGtacEZqaWtibHdLTWw4TUh4TXZDNkZB?oc=5","Fox News","US","1781549628000"
"Trump expected to give a ‘call for action’ to G7 leaders amid Iran peace deal","https://news.google.com/rss/articles/CBMiVkFVX3lxTE51ZVVVUXg5Z0NJcE5Oa1dvaF9IX2pzdVBRMV93TDE3TzFGSGVfcHZUR3ZvdUdWOG5lUU5SNEFFSk1ZZG9JQmpNb1FQT1BuLWU4azNVSFVB?oc=5","Fox News","US","1781549548000"
"Trump Thanks China and Russia, Partners of Iran, for Diplomatic Help","https://news.google.com/rss/articles/CBMid0FVX3lxTE9YSDVTR1ZOMkRfZ21ZQnNER0poLW1vM2V6ODFMU0JFdEpRNEFtRWQzUm9OcVEycW9LUUJWWElXdF9qdEE2bU5BYkJUTFZhRzNLY2lYbW94OVNyRXVFTmgzcXFvMWxhWURVQW42WnFBQTN4bUNGTnFF?oc=5","The New York Times","US","1781548799000"
"After Iran Tensions, Europe Is Just Trying to Avoid a Fight at G-7","https://news.google.com/rss/articles/CBMiogFBVV95cUxOZXNsM29XSXVOTS1VcU9Ra1hOX3k5TXVSR1ZKYnRyLXhaeXRrd3JITzZGS19QeDZ6WC1XMnpXM29Ka3Z2RmpDNnRPSXQ4bG4zYlpGbzZobGdkRnpqdzFRdTkyelZxbV9YRVM5MmtjamtaNzhaVDg5amRvdjlnZjFyclRUdnEyNHc5MERmblZjVncwYkRNandTZjJrcTJodkt2N1E?oc=5","The Wall Street Journal","US","1781548320000"
"US-Iran deal leaves major Lebanon questions unresolved","https://news.google.com/rss/articles/CBMiigFBVV95cUxQRUFEWUlEbE9PenpZdkUwNkFtMXp6TzI3Q3otYTBTVVVidG1OUUlMU1ZiYXZsbTczdUduaW81SzlKT29yWGQwb3FhbU53NFNVSVk3aFd1WFlNYjRqN1QxclEyTEJVajVuMTgtaFROLWd1OWR3OVE1Y01vVVFVX1N1RXlidDdOMGI5WGc?oc=5","France 24","Europe","1781551285000"
"Balance of Power: US, Iran Reach Hormuz Deal","https://news.google.com/rss/articles/CBMinwFBVV95cUxNZ1YxY2FIMUQ2NjVvV05NaElnc1hsTDFIb1JtMzFVcExHN0hqcE9scXNObkdHRmNQT3RxX3Q0RWlNQUJTUXZhVEFmaS1acEJHNzIxYkxUcUpoaXFTTGQ5c3h2RjdxbkNNZUF1TTRpZm5qRVN6NUlGMUVxM0VtOEZCYy1uV1llaDU1YzVfR2dzTmg3c0R2aVZRQXUzM3VFNEU?oc=5","Bloomberg","Global","1781551005000"
"How the US-Iran deal came together","https://news.google.com/rss/articles/CBMicEFVX3lxTE4yVEhZZlhrYkFEWVhUem1jOWExaFR6QnBDRVdrV08tdDlYSS13U2k4UmV2cnpSQnE4b09OSS1ENTkzeTZUaFFyalJMRTE2NDBHakFleVhRVFI5RGxuZG5fT0xpTXV6RGdEX090OE45Qzk?oc=5","Financial Times","Global","1781550998000"
"Trump’s Iran accord offers exit from war — and fresh political risks","https://news.google.com/rss/articles/CBMinwFBVV95cUxQa0Z6X0JtemY0SDZmckwxQzNoQWdEek9SU1F1bFFlOWtqVVZHaEdhWm1GMW5vTnUtanBpSHpJOHhLdVoxMm54cVZZSVFXajdJUHk4VGNZR1hMc2lORkt2dWxsTUZVRzUtVGk0amFtU3A3R3RJYnlEeGdVVVNOM0RLYWRNQVphb1R4eUNqTFVxX0ZsLUZBckxBS2ltRWthVHM?oc=5","Reuters","Global","1781550404000"
"Watch US Oil Reserve Hits 43-Year Low as Trump Tries to Limit Iran Fallout","https://news.google.com/rss/articles/CBMipwFBVV95cUxOMjFBWXg3ejJ3aWNIb09pajAySmE1TU50YVNTZTV6cklxYVI2V1lwOUsybjBiT2xXWHY5RmFkeUNwcTByYktEZkc5WVZIQkdaNDlXSWZuN2pMSzA3T3dMWHVlMzV0V0hxWmtELXNKZVFsaHZPNndicXhvT0lJbERrSzNfdk1VZk8yX0NZcURuUWpWQlZrRlRVblBhazlONk16ODhkOFdvOA?oc=5","Bloomberg","Global","1781550379000"
"Polymarket Traders Clash Over $345 Million Iran Peace Market","https://news.google.com/rss/articles/CBMirwFBVV95cUxQaDM5d0ZaZGVSeTlvTXh5RUNQdG9TWmdnc3pMOG5yLUpULU5VY1N5eGZxc2tGR2c1WndNVDNCWGlpQ2FzWFVzMWg0TDVjalpfMEVlMGFud3dsWm5Ba3VhYVpkN3hKNE1sNE5LTEhSZ05zN0tTOTk5WFJLQlBiTmprSTlkbzJVYk5rS1ZNMHRubi0tREpFaXJGUGNDZS1hc0JBeEtEZnFaejd5UzBFU1NV?oc=5","Bloomberg","Global","1781550154000"
"Iran says talks with US to start right after signing of MoU in Switzerland","https://news.google.com/rss/articles/CBMijgFBVV95cUxPcFNMSzFLblNTektuZVpCUXBwekRfcDhjLUdiUWNJRENxR1IxaTYzX0d3dkdrS3R3T1lJeHRFNGFtLV8yck9ZbU96dWNIYkJJb0wxSlVhd21Odzc1cmlNQTJBcW9iS2dVVFM3SENsUHExam1xMEgwTGNoU3hPSVBVZ2x3QzdraU8xWkh1RE9R?oc=5","Press TV","Iran","1781551200000"
"Hamas welcomes US-Iran deal to end the war","https://news.google.com/rss/articles/CBMikgFBVV95cUxQMzNrcGltOFBXMlJ2VEt2XzlNVXMzYmNHbDZkMk03YTdxZzBUbndUaXltMEMwRWhfWkxRNjlZZWdHMVVneVdFdjhIbV9GZlhvekZFaEduTEwzM3BaWTZUQ2VKQXUtQTBiNFRJOGQ4R2E5T0JQN2J5WlBKSUJLT3R6Z3ZBSzVWeXpmbWtIeGNNaVQ1UQ?oc=5","The Times of Israel","Israel","1781551151000"
"US-Iran deal hands Tehran a win, at least in the short term","https://news.google.com/rss/articles/CBMirwFBVV95cUxOcGItOXdpMl8wSWxndU96SUZ2V3NoUFcwT2RoQzBmZnpLZkgwcVREYTdOa0xFZWpVVlNZLWdGRlEwRnRRaUVKUmx1SjVuSmNqcXgweGdsZmtMcEl0X0ZXcTBDNWZ4U3hBNllhbWlxLUppaVk0OTJuU05oc1hTZzU3TTZycHpCYWQ5ZHozRl9nSzBOcDJCVEFmcmV5WXFDbWFHSGxoZDdXRFlvR0drMVdV?oc=5","The National","Arab","1781550757000"
"Analysis: Netanyahu and Trump on collision course as US, Iran agree to halt war","https://news.google.com/rss/articles/CBMi0AFBVV95cUxPd2x1dkNuQVQ4b0NBUFBRZEczaTBEVkFpck5XQzBuNS1tTWNtM0tHZ1FwOXAwQ3M4TmY3N2psQUdHMGoyUUx0SlVWRzFoNEJyRWxIejZXUVJwdW4zckhjS2JtYS1QdW9GMmJWZjdQeEVWeEltQ0NweTBwM3VtTU1JOE1KQnhDZV9xcVAtVmVWLXhiWUdCOWV0a1hxdWpWQzdIcEtiMm8zYmVKSUtpbE5WNWJBelUwbGt4UjlqSWhsam1xLVFCa1VqTGFjbF9pZEpB0gHWAUFVX3lxTE5iRjdqUE13N25vV0doU3FRRk10Uk1HRko3NFgzWjJQdlJLMnFNMkZRVGN6LTBCUEFvWEQ0QVh3WEx6UGEzYVN4NzJkWll3bDZMRXNpS0V4c2pFaHlTZkloNldYOWJLazBiVTdMbkYwb0JVTGloU25ad0JMTER1UktkSFcxMTlwa3k4am9CRU9HakZSSWFIYWg1eHpRa3YwY3hWeHJaMWJSaEE3SkxTTzRKRGhmMjBIVmxiT3N1QWwzUmRaaWl5MWNUeUFRZS1UbkN0Q3pNbnc?oc=5","Al Arabiya","Arab","1781550660000"
"Iran Deal Text To Be Released After Signing Ceremony: Trump","https://news.google.com/rss/articles/CBMisAFBVV95cUxOQXk3R2tUQklEYlg1ZUNHNHBHUWNTVXNqSGFaUDBORjRuMHloTXFZcWZ6YVIyOVFZSnRZRjcxS2pUWm5RSkE2aThJa2ItWXlQdS1yeUtCNUdrazJhVlVWSTZPbi1KZ1B2Rlh1ME5OT0lBaWtTYlFDTm4taU1VY29nY0dUbFhCVnl6QUlPaXZveG54blhJa3lhdGxFOFdBTGFnUDNLX2dvcGt0cEFnTnFZSNIBtgFBVV95cUxPN3BKdk1mc01nbE9fbkY1emx0cmM1RmFHNzg2NTJkV2otSE84cmc0cjg5bzVzU0VXQjFPY1hVSHVVb1MwbEZYem9Qc3NvWXRidjBLNmJLUW44amhtcGZheHNtWGpCSlJjT3NqRzJGcTBiQlF2VXFhYXRuYVJpc2loNndvQzFCVVNFOHM3Q251Yk9lSFFwaHl6S3FGTzZiSXVnUk1CX3NFY3FnaVY3SFVfeFlDd1lNZw?oc=5","Al Arabiya","Arab","1781550593000"
"Netanyahu says Israel to stay in border buffer zones after U.S.-Iran deal signed","https://news.google.com/rss/articles/CBMipgJBVV95cUxNclo2YzRzWTFvNDl6Z3Rjalk3Z29IWGZITDF0ZXlBaTlBeDJqeWpxLUg0SEpTeFFBcUVDR1BiT1ZtY3VkTFhkcTBGQ3BTbmljQ2pqMVhhZDFhOWJnejJwMVVVcHNiT2xaSnVDMzMyOFpYMm5kMm1kTFA4UUQ3Q1Y1Mk1WYzJQbUFXUUQ5OEgwbkFnd0RJYmRvSkgtSXRqRjJjeDVwb08tLWNhMEJldUgwX09HWVZZZ2NSUDY2d2d3cDYtd3ZBY2pSX0FwT0E4VVZublNOVVU0T1dmLVJmT0h2V1gxYWlBRF9uVE5xZXhZOGFaU2dWT08tZW1OS005TlhKd0daLVhpSF9SY1BYNGRpZHZ3TWM1ZElEcm9MZ3BfdGtoSlRLV0E?oc=5","Haaretz","Israel","1781550000000"
"Netanyahu says war with Iran saved Israel from threat of ‘nuclear annihilation’","https://news.google.com/rss/articles/CBMi0gFBVV95cUxQUzdReWVsVGctY2RSOHBpWFplemV5dGVXTkgtMGs5R3FZcTRhQUZRdHZGcWYxMnc0ZDVNUmFRa2NfMGxWbGZfcW5NcTV5ZXlnV0c2M2N4clZOcEFMMWt6ekZwNHltZGRsZXJWdkdvbUVYb0F2LU54RE1RY2VScTRWSDJVYnpfaDQtejJDQ1Via1Q4dzNKSktCTXZWNTQ2dVl0R01PT01JQUpYMUh2aGprM25jeklqaVBhVGZ2dFgxYUJqNUIwZWdWUWhaOXJZSkgxT2fSAdcBQVVfeXFMTjJObkRaZ042OFNOMGhvQUU4QWx6QVYwVXZMMi1feTJyWUt1am0tUmk5czFnTXVDVVY0YmdsMFdSYkZpWmQ0OUwteU9YRlp3TUMtYVdtOG1STUx6d19RRVBpQ1kybmNsMUFyMUdVYWphQWVteHFZcXQwVG53Rnp0aURYZjVwMTUtQVBqaTBHOXQ3WWFjN0pBdWI1ZWt4OFVrZ3BVd2VhS0lqQUlFSnpCSlNhcncwNHFteExTYlEyd0xETGdldmtvQjZ2WnZXYUhXSVl4OGdndWs?oc=5","Al Arabiya","Arab","1781549640000"
"Iran's FM says negotiations with U.S. on final deal to be held after signing of MoU","https://news.google.com/rss/articles/CBMifEFVX3lxTE1mQm9nS29sQzJzSU1SSXYycDZQQWVhaTIzU1RFR3ZIdUdScWxrZVp1bDRha2lnNG5pMFRTQXNpdnppZ3VFUUptZUE3ZVl0TW1qeUhJcmpKUThpUnpWU0toLXY3bHQ5OFVpWFFvVEdhUGt4MmJ1YjN0SWRIOW8?oc=5","Xinhua","China","1781549475000"
"Lebanon president welcomes US-Iran deal in call with Iran FM: statement","https://news.google.com/rss/articles/CBMipwFBVV95cUxNMHNZdl9sRHBaaEtZT3V5alBUbWRDYnlzNGxEM1NHM2M3alZRaHNkLU9zbnJIbFMySlhlU0JpTWdLQTdoWV9QM1E0NjVMU3c0aFdUdU8xUkFKeGV5N05hU2NJbm04M0trQ0ZuU1JXYmdQOXlWUVlkdTQxTmtUOWt0UmlVSndmVUFjRnhOWWRGazNZSENfY19paGpmVVVERklhNUFTNlQ1SQ?oc=5","Dawn","Pakistan","1781549163000"
"Netanyahu says war with Iran saved Israel from threat of 'nuclear annihilation'","https://news.google.com/rss/articles/CBMisAFBVV95cUxQQi1ZcHZuakZmOWM4T2Y3MldWQmZGbVJsMnFvNV91eVROVTJyZlY2LTRvVTNnd3pkVjhsZ2MyS1VkdXdzT1ljUXR1MldOMjdtTGV0dHJCNUdNdVlIbm9sbFdrWnJZLVVPZWZUckVnUXI0Y256X3UwTW1EMkg5WS1vWFIxQThoZEdkN3JiT2FnQUJ5SXlWY29NdDhhQjQ3aDJKdklnNWx0UWlVMnpZS09OZQ?oc=5","Dawn","Pakistan","1781548508000"
"WATCH: Displaced Lebanese return to country's south after anouncement of US-Iran deal","https://news.google.com/rss/articles/CBMiuAFBVV95cUxNS1RUZGphdnNsOGlXMExORkQ3QktIVkpGN1p4eGtuUENjc09kX1hFcG1yWlgtUlFRRkxFQlZybFczMFJNdDJ0U1VkZ1g2SFJWT1VsVTZsZnhUbkx2cnhBMnVaQnllcF9NXzlnRngyU25KWFNZc0h0YllfX0xoS3VxUnA1WXZUbC0yRHR1dHhkWTdVSUxoUXBqbmJKaEFUUnRMVWw0eFEwRXotMkFRY1N4S0tSUlViX2sz?oc=5","Dawn","Pakistan","1781548444000"
"Trump’s agreement with Iran is the moment Netanyahu has been dreading","https://news.google.com/rss/articles/CBMiiwFBVV95cUxQeUJOcVNZZkJpeFMzTkFkM1FpTlQ5WmU4cEJReHZCUGJKcERJdVcyMzBMaXpIV2ZCVHNSRF8zU2JISE9TeHVUSE1mdUdFQW1VVklvRG9DMnhZZUxwOE1GNUtqNnJhczRpYjU0QUF3N1JCMzBWZkpiVnZYY2x4dDIwQjhUNzVoSFFNVmtV?oc=5","CNN","US","1781551081000"
"Iran deal could be 'deadly' for Israel, former Israeli ambassador argues","https://news.google.com/rss/articles/CBMiVkFVX3lxTE0tMk1wVm42Z0pVVDF6em45cEVzTDMxUndONllWaXhubFhzZFRQVGNnRy1wTWZJelhrUEZnMWxjVnpLcTVuUTV3M19uMGNzdUFHM1R2ZjR3?oc=5","Fox News","US","1781550690000"
"Trump declares US-Iran peace deal ‘all signed’ as G7 leaders battle to tie up loose ends","https://news.google.com/rss/articles/CBMimAFBVV95cUxObHF4bl9kMjFQdXNqV2ZXYm0zVC1faTVidDJxX2poaWNTRFRRVm5MdFFaLVJRalozMTJCWnV0a3NtX3dhMWpDRUZGZHY5aHhqZVo4NkZIZGZpVWpFaUNyUXVXVTZScEhyaXdOaFBrb1BqMTZobjZMeDRJdkhXeUUwZ3RRQmFlTTFKNFhyOU9XaVdXUVIzTGQ0Qg?oc=5","The Guardian","UK","1781550480000"
"Netanyahu says details of US-Iran deal aren't yet known, rejects comparisons to Obama's 2015 pact","https://news.google.com/rss/articles/CBMi1wFBVV95cUxQdDJiOHotNlV1elBfWUhhZ0Ftdi1jMUVsMGxfWjVVQVROV1lxd2ZoYkhuOHUzMHlWNVFiNkZhMll3TUFadFM2R1Zjd1JZMzdXeHRCYW1CQU10ck1UYXRRUUtTRGwxSGQ4Y1YyWjc5ekk2ME53LWIzOUpUc0hjZEUtbzhac3JxZVZrc1RxSGpaTENzdEF2VDVsRFFDODFfR0d6YzdiOXZYd2J4bHhNSkFPS1p1UFY0c3ZuSVZTRC02RENROURtaDN2czJydGJTa0t3WFktcjFyQQ?oc=5","The Times of Israel","Israel","1781553551000"
"From the Frontline: No cheers in Tehran on Day 1 of Iran-U.S. deal","https://news.google.com/rss/articles/CBMifEFVX3lxTE0tUV90Z2FyOTlrR1NMTXluQlk2THQ3QzllQ0NKUmhmR0d1b2VyOE93bmFkWHhNa3pEcmc1LU83OWpSc0c1ZENQNnVDcmg3RjVEbjFuMWQ5a2NzMzhQbkxvQ0pvUE55MmMwZmhNQzhVVGZzVExTY2ZUZ2JBQlc?oc=5","Xinhua","China","1781553435000"
"Netanyahu claims Iran war's main goals achieved, says they never included regime change but 'there are cracks' in Iran's rule","https://news.google.com/rss/articles/CBMi-gFBVV95cUxPNWJsS0hKLWtMY2h5clRTTExBRGQ5NnpDNFlwNDhqYkJsb2J1ZVZBYlFTZWw4aWpWbUQ2SzAyc2hpdV9ZVWZVME5DMDhnVUFpdHk4bnRhai1WaHBCQUYzczdsajBaQlVTQkdxTGlKRGUzNDJLQmZ1MWlWMFFyZ0UxRFpVYVNTNFdJdkhpZm5CbjF2bk55a1M1Wjl6VXBObEloOXltQXdSUDNfY0lRUGQ5MmtDYUxmRnJBd3U0TWRBLXp3Tll1Nm5veUJwSzQ5R3RWNHg3RkJuNjhBU0d6Z1VkSjJPUDU3NVBVVEY2aUdJaW9ZaDVwN0YtSFVn?oc=5","The Times of Israel","Israel","1781552351000"
"Iran deal: Trump is back to square one, but the cards are now in Tehran’s favor","https://news.google.com/rss/articles/CBMisgFBVV95cUxOQ2JJblJHRzlrN0pMeGppMm1OeE9jbGItV1hNY29mWmpuZ3hTN1Vpdzg5OTV3QTFFS1YxNlV6ckcydGdSeGk3SGRRdWxhOVRkbEdqaEpVNVVzaUYzYUk4ZHlGTVNYcUt6eFRXTEtDek1OZTR5MVVPUkZaUnpwd1RkZlFfVC1TeWMyNW8wS0VNMkV1RXE4X3RJNnNkWFd4a1M0YUVsZEdBVUhhZ2xQZ0RhOEFR?oc=5","France 24","Europe","1781552584000"
"Average US petrol price falls below $4 on deal to reopen Strait of Hormuz","https://news.google.com/rss/articles/CBMicEFVX3lxTE1YY0Jzem5xbldFbFp5ek5kbzNHYzNOQmNxMjZ1bzllRnNsWTdadUtackktakhRR3pDRnlKcHBwUlplQ2sxX1VPeUhrZms1TG56aHRiaXFEYXhzVm9XOTY3eTY5ckdfVnNYTTJBMUdsUGg?oc=5","Financial Times","Global","1781551831000"
"Netanyahu, Trump on collision course as US, Iran agree to halt war","https://news.google.com/rss/articles/CBMiZ0FVX3lxTFAzTVIyRVd5dDlTWlNOaldjZGdnQ19FbTRvbmIyVnM1LVhoVnVheHNEQU90TS1EVkdwNWtMODdLMFVuUGtJdkVMT2tzck55ODN1STlsYnNSYXYyUHZteGRiaGNtekpST00?oc=5","Reuters","Global","1781550815000"
"Are the US and Iran negotiating the same deal?","https://news.google.com/rss/articles/CBMixAFBVV95cUxOaVdLaWNHRHF4UEY5RTdPZ1RvcEFSSERXS3JzblNCMjFJemtKa195bzJDa0pCMjFodjdPRG9GNlJGOEp0QUFCOTBrR1BEV1BnYmlIYlBaNk9vQXJzYzhvclo5T2k3MnRBUGw4aDRsMjhLN3lmTjJoS0xwNDdjdzNMZDhhbEhvTEtQRHdFeHItbklHNGFwcVRoMExWVWxha01ZblpIcmNqLUdtYnRPeHB6d2t1M3M2MlRZdDdLT3JUVTVOV25P?oc=5","Politico","US","1781553604000"
"Obama casts doubt on Trump’s potential Iran deal","https://news.google.com/rss/articles/CBMijgFBVV95cUxQdFlhVVI2RkZiR0R0WVpVTEU0TEJtZjVMeW1CUnFiYnlhTG1SRkxTWHlCcjh5ZzlKWWY3S3F3MVBqV0NNZVcwamw4ckU0RUR2bGxaZHozdHdOS1hNbVpCQUJsQ3ZjY1BhODdwa0xlaWF3U2JXR0Ric0tzazNEbTRBbnd4Q2QwSUwzMXk1NXRR?oc=5","The Independent","UK","1781553000000"
"France's Macron finally ready to help Trump with Iran -- with one condition on the Strait of Hormuz","https://news.google.com/rss/articles/CBMizwFBVV95cUxPX3V0SkNnSWRWVXBycFdzTmh4YXlqakdiWDJ4VVBfQ3lIRWJYc0RMRk1CQlRMSHJmckRvVGxHaTJyRDk4LW1wQXp0NUI5UTIwcXVHTWU3TVlTUzdZdGdoLVJ6aWtSSm5PTWNUQjVKOHNaZ1lsM2VKalQ3QzRweVNQS3U3UC1FZ0JDc0owemU2X0g0UnRLMXlvTTZVMzlvNUxkSnQ3YXU0UU01N0g2UlJwM01JUUVHQXNCYnJER2ctWGF5ZmpadmdpWTluSnIyM2s?oc=5","New York Post","US","1781552820000"
"Iran will unlock $300bn reconstruction fund if it gives up uranium stockpile","https://news.google.com/rss/articles/CBMimgFBVV95cUxQT0lKZTNLLVltd19sLXFKQjFxVkxkQ0RQbENUMjBCb3ZPN2h5UFhvY3VyQU0xaEZBcU1OclBqVW5HX0I0bWM1U3R3ZFlzT002VzVFM0xSVW9YQmE1WVBoMXlJNTNIVjFwSHBDa18wVlFtTnZTdFdYMkdHMEFZT1RZOVJrd0NZQVNjMzFKV1p6QmRkclRPZTQyRW5n?oc=5","The Telegraph","UK","1781552340000"
"Sen. Ted Cruz of Texas tells Fox News Digital he has not seen the details yet of the developing U.S. deal with Iran","https://news.google.com/rss/articles/CBMiVkFVX3lxTE9ZNVVRVm1ScVVWNDZHelMzVngwcUxrWVhTMUNnMHg1a1d3d2Y3dFZQSWNJMlgyc2wtQU5XeW12WnZmenN0RFBUQmlrakRNUTlLQktWWW1R?oc=5","Fox News","US","1781552075000"
"Opinion | With an Iran Deal, Trump Returns to Realism","https://news.google.com/rss/articles/CBMihgFBVV95cUxPalQ0RHdmX1NBMy1rc2tVck4zVEs3ZUVYY2FMOHY2RDgxQzlzb2xlMkZXRkFkRjVKQkVzNHBrdVliTEk3aUFyY2VfVmg4eXNwaWhELURTOTNKajVlOHR3WkttMFBPVWdFQlAtQ3k0VjJOX21tbE5kaXBoS2lzMFpUVERDRWYwQQ?oc=5","The Wall Street Journal","US","1781551920000"
"JD Vance Becomes Face of Trump’s Iran Deal — and Its Risks","https://news.google.com/rss/articles/CBMiugFBVV95cUxOOVRFYi0tQ2kzU2VXN0R5YXdVSWhuc1kwTXJwdWFsckZ3akJvY1dkeFdVLXBfc3V1ODZaNEx4S3QwOHBTSDNlYWd4OWZ1TmotMkZWaEk3UE1OWi1NakVZdTMtdW9kMDlQMWRVR0RUeHBERm9tcHZGNkpOTTlqLTRIVXJEUzVOa1hzbEZNNUxCR3hKX3k2VnR1WjVid3hUVGJPcGllV1ktYm5kcmRvOHRwbVJWQi0xVjl5NVE?oc=5","Bloomberg","Global","1781555175000"
"Zimbabwe Is First in World to Cut Rates After US-Iran Peace Deal","https://news.google.com/rss/articles/CBMitgFBVV95cUxQQXVnYnh0ZU13QUtEYnBOUXczMHM3UkpRTVhpNFoyQ3lVMHRraUZFTnEtX3lVQk13LXNFUGVVQWFmRGl1UWtnYWk3WjRSMGpNcDRDbFRsNkM4NGpoWGFzdS1DTGNYdWR2SkdNZUtyS3VVVkNOYUYzMmdZd0Q2WTFqTGp3ZWhnOFBXamRzaWkyTWNpaHFGVGliWm1QR1hvMDg3dFFxYmktR1Y2d1RvY1VOX2hEbFBPQQ?oc=5","Bloomberg","Global","1781554976000"
"Worst of US Inflation May Be Over If Iran Peace Deal Sticks","https://news.google.com/rss/articles/CBMirwFBVV95cUxPY0lvbm13SWFEb3dUNkg1YkJ0Q1RGVmZFa2FMS1RyM2hNR0hrWk5UbUducUNaMXlXdDNBVXFZcm1LamxxeS1XdmdERnlCTnBQc3Ffa29iSGpvc3h4c1YtdEd3V3I4aE1sZEg5bGU3ZEFSbFZUTDFRbUsxZnFpU0pRV0pRWHAzY0JWeHJmRDB3M25ETkJmUTRkU0t4cjROaDRia21VcTVINjFBTlpieThB?oc=5","Bloomberg","Global","1781554934000"
"In US, Trump's Iran deal receives mixed reception","https://news.google.com/rss/articles/CBMimwFBVV95cUxOZ2d1MXFCZ2RmNTM0dW1vS0ZkX19NWV90R0xGaF91X3pEbzVsRGNfWEdCbjdfTXJhMXJVdW9XMTAyOUJjbHhiM1BFQmhqM09Od2dYVlg0TF9BMTZWYjd5RmJTT0RucUhsZlBWZG5mZXJId1o3MW1QajJHQ2tqR2dibU5NaUtKU3gtX18wR0ZCNC1MdElHczlaaWk0RQ?oc=5","France 24","Europe","1781554628000"
"Iranian team sets up FIFA base camp in Tijuana","https://news.google.com/rss/articles/CBMiiwFBVV95cUxQZGdFOWtnSWQ4OGxaVkFOV3EybzIxMFE2ZDFUb1BTSXQ3SUk3Mzh5UHlaWGJwZTN0d2o4T01CWGZKRWZHdVdhWjVuYjdJWHRlbnZ0WWp1Q3RLWFNmczRVcDdnWno0RUNzVHFNRGpnQnVfbnl1R2Fmc05aOGIyaVB5eGV1WGNiRnlfTnY0?oc=5","DW","Europe","1781554039000"
"Iran deal could expand market gains, with consumer shares, small caps seen benefiting","https://news.google.com/rss/articles/CBMiwgFBVV95cUxPMkVOVnpncmxHNk5qNUJtRDVaT3BxNS15YlpYX2xLRzhJVktGWUtGTWktNTU2WU1QNGUtTEVoRk5sZ0hmelB2U2cyX1pCWVFmV05CVkxXUWNWR2hQNGJQNHJtSFMwZ2FqaTFYQVlUMDBSMEVJY3h6SFpjS1pfVUdtMHFRaGw5bElVTDZjcjJDRTJwWUs1R3J1bEVYRkVFNFBOQm1vLS1kWVc4M0lmb1pXMV9rdXJMZEtTQWFtQW9VaDZQdw?oc=5","Reuters","Global","1781553612000"
"Trump touts Iran deal and Ukraine ambition as he arrives at G7","https://news.google.com/rss/articles/CBMipgFBVV95cUxQQzR3M0QyZjlRM3VqN1ZBbm5YaUhSdVFfTWlCeDhzZnJqdUZ4NnVhcGtGdldqMlk1X1AwcnpZeVViMzdXQ0ZST2UtaEItVVIxZUgzNGdSQWtqRkUySHNSMzV0bXB0WGFwN2JMVUZtazhCN2l6VmFjaDNBYWVzWnZhTFUxNEF2Ti0ySXZLbEpRa1BoenRVTWZzWGRfMEJRclJEN1hmZ3Bn0gGrAUFVX3lxTFBPRlJtd1czUUJDRk9RRFZEb09BTFRnbjBCdUtPLTFLYjBiTXVIVnFDdUcwNS1TdXZ0LS1uWmxMckRRcEo3WEpNaThvRy1kNHdmTGp3azYtVmNfeWFWenBLSUgtNWdXTWZDS1ZpTXdlb1FIa1hKbkZpeU9FaWFlVnBpQjI4Mjd4cC16d0wyWXROaFlqQURzWUJxaGw1MUpieGpkc1ZWLTJZVElaZw?oc=5","Al Jazeera","Arab","1781555244000"
"What Israeli leaders are saying about US-Iran ‘peace deal’","https://news.google.com/rss/articles/CBMipAFBVV95cUxQY1BYOEJiNjh2dnZ5enhieTlTMTlEZDF4emR6VGdEUnNwS2c1dlhlY0E1c1g0eWt3ems1dWxEY3JaR0xuRU9xVUJrMmdXeHZxY3p2MFFySWRSWUtDc3o4ejFDZlFCSzlCZEFpeXAwcV9ZWG1pRHdWMlR0aXhWeE1XT0Fiblh0a2wtRjY2RXJ1VmYzUmtUSWZjRm55ZDFXTlVYU1hQNNIBqgFBVV95cUxOS1BXU1hnZnh5N1NyanlWdzJoV2FaeFlQY3Z4NC1ZeGt5dnRXU08yVEo2ZzJoU1NqaUwzNTFnRUtTd0o2TFdmZTkxVFpxQ3g4ejhMQ01SVUsteXlnWFhUSEdabndVemM1TzRQc1FrY2N3RFNtcmhNeThVU2lYYUlzVGk3aHptNXBnWTlfcTdCaURfMkNKVTNweWxNMHRacEJ1cG1PN3hseWNvQQ?oc=5","Al Jazeera","Arab","1781555061000"
"In US, Trump’s Iran deal receives mixed reception","https://news.google.com/rss/articles/CBMiqgFBVV95cUxPVXdkdVVXRVJrOEhXRV9DNDctOEV5NkFwU1ZFSWQ1cmE0dEtHYlY5c01hS3pQWkdvRnJEWm5JdHBiejh2Yjc3V3pObjlUQnlmYzh1NnJBU2NNTzB0NEJMQ1AwV3l0eGdYeG5FaFlBX0JxOGY2T3E2Um1WV1BPY1FlV2tsRHVvRmVtclFPaFlscC1sckMtb0FsMmwxS0NMTHlaWU5JMlJkTkRuQdIBrwFBVV95cUxNVUpCQ3dvZUI0dVJ5dWFpMHoya2ItY0l1dlRyU1RYemNWUjNKMThxWE5IU1dtVVpaazNBeFAyMUYwdUw4RHNuTUI3SXI3RGRITDVtTm92MlNQMzJHSERBT3FTS1RDZ0FadVZpc1QxbkJJRXhEOUNETjhLbEpwWjBqRjFQUUVtMjJYakwtRmw3RnFQTjhobzhYQVlydjg0c2dJQkZiREhzUWZHMW16UDRZ?oc=5","Al Arabiya","Arab","1781554740000"
"Iran-US MoU ‘great victory’ for Tehran as US failed to achieve war objectives: Former diplomat","https://news.google.com/rss/articles/CBMivwFBVV95cUxQNW5FTm5Da3dtUDRCY281Qk1vQ1dweG5HVEZveVU4OWtnaFJudHh5eGlsUHF1M01aWWhPaUxpLUN4NTE3bV9ibmpLdDg1enpfczlkLWlVQnFtN1RQZXEwZzRmX0pYS1o1c3ZsWDZ4M3pyYUIzd1RRMVVWTHhicXJRMW5ERm5LX2YzVDhuQ1pGSXlNZTN6QWxucld3YW1Lbmc1aGV2WkxVMEdBUDJXblVuVU5YT215TTZ6RWwtV1BDZw?oc=5","Press TV","Iran","1781553900000"
"Fifa's ban on Iran's pre-revolution flag faces tech workaround at World Cup","https://news.google.com/rss/articles/CBMimAFBVV95cUxOcTFQU01KNkMwTnJseGhKdWcwZGJLdEg3T050bm0zRmoxeXZzdEVjN3B0b2d0cnJkUEZneThYcVhaa0xOUE9nVXQtTy1FV2R4bUIyNW1aeVFPckdwNnRHeWUwQ3FhdkFsY0t4YjhaRVNtNVZNM0xxXzFhUU84czhUcjRXVXcxLVhzbHFlajhuakVjS0xueWNSNw?oc=5","The National","Arab","1781553852000"
"WATCH: Trump touts impacts of US-Iran deal","https://news.google.com/rss/articles/CBMigAFBVV95cUxPcGlrRVdFYjhsdTBGZ2thRVhIbTB6NVFKaVpmeHQwc01qc0JDek9Td2RKVnlDYkxMR3hqZWRBeXU1emhBMjdjZ2lpQUFmVVhBU0h4MVd5Zzlpa21pbjBnRW1KUVdQU1d5dkVxaTByN0dJeHpaSWhUa1Q5TUNIVGh5Sw?oc=5","Dawn","Pakistan","1781553783000"
"Iran's FM briefs Lebanese officials on details of MoU with U.S.","https://news.google.com/rss/articles/CBMifEFVX3lxTE5taGthSVNLQXg2OURhUmhhR2s0YnRtOVQ0R2E2cXBOc3RzWUlmbTA2QzhIUGU2V2czR2ktX1hjb3MyX1dHUmtURlk2M1ZsWHAwQkc4dnhDd2ttb0dEX1RyaG9lbHZTTTVkSXBoRjE5M05saC1aTEl1TTFsN1I?oc=5","Xinhua","China","1781553555000"
"US says Trump, Vance and Iran’s Ghalibaf ‘digitally’ signed Iran deal on Sunday","https://news.google.com/rss/articles/CBMiqgFBVV95cUxQWllJR25PRkUtNmoxXzVqWmZHOHlOT0hXT1RWUkQ3YVRjUlhPQkhIaGxaUC01S2s5NzAtYW1aWHFkREVIWWFsRTBUZ0t5ODJETXNhUlZHYWlNX3djWnlfNWJyRmJpVzhzQ1ZsRFFWbG5MLUtVMEFKS21VLU1VMms3eHdxNkpwZVh0b0c0WjBGbkg0c2phNGhwN2xTZnVndkFTcUZvdVd6MU54UdIBrwFBVV95cUxQOW5jQy03bHBIcS1MdG9zYk5fVEFPOUZrYkcyeDZVMDUwN0pUc1N3WHk2OGZXUVFfUTNIOEFXd0RIRGI5UkljNlh1MHdmMDh0V1FRM1hvNVZTYlNEUXh6NXpZUmFNRVdYUlZaTkpFLUFqdjZ3YWF3NUJvLTdaSElHeUVUTkFRMUxDNVpXN1J1UmtIM1RFWEZGTDdjcTh2Y2NBRThhQVdobmh1cXJxZlFB?oc=5","The Times of Israel","Israel","1781552951000"
"Opinion | ‘We Cannot Trust Any Iranian Promises’: 3 Opinion Writers Dissect the Iran Deal","https://news.google.com/rss/articles/CBMic0FVX3lxTFB1OHgxeW1vcGF3Nk1maTQyaElBbFpCU0pKd0RVWFBYTTdFM3o0a19EcXNnVC1hdnRnUDNaa2RSOWtwT1JrME9GakVuaUdsNVJQWmxrRGprUTUyQ2Z1TmYzM3BVelppcnVBWTM5ZnY1V0ZVdU0?oc=5","The New York Times","US","1781555256000"
"Opinion | Trump Stages an Iran Retreat","https://news.google.com/rss/articles/CBMijwFBVV95cUxQVHQxVXNzX3pCdWJxWEVmajNaenA2WGtqTmVkb2l0ZDlVTnVuN0dQejRuNDZ4cGo4Tks3X3VJV2t2X19VQld2YXhzTW1IckNMRE1lS2tTNm5Eb0s3bXhqU2NQMXlvOXd4a1VmRlgtNkdQTUlxRGpLeXY1RER4aGRxZjZmYmUzc2trVUxxR1ZEbw?oc=5","The Wall Street Journal","US","1781554500000"
"Iran has historically ‘sabotaged itself,’ Middle East expert says","https://news.google.com/rss/articles/CBMiVkFVX3lxTE8zN09aaWhfdlVYS3lTMmVXRUthYkNvTTZBMUhmZWQwaDhOamNXZTNaLTRSVE95LVNsSXNfTk9qbk1lbEYxbzRDZHQ3VDF6TV9rUGNrNlR3?oc=5","Fox News","US","1781553791000"
"Report: Senior Israeli official calls US-Iran deal 'terrible'; PM refused Vance's request to scale back IDF presence in Lebanon","https://news.google.com/rss/articles/CBMi_AFBVV95cUxPX29fLThmVFB6QUs4XzRsdXY3VlBEZUIwRFlVamFqOXpnSTBFdlJMYjZPOU1oTDJaRFdQWWV0aTdHdEN0eDBkNnhvNk5zTWRLRDhUbHFiOWd5NDdDSkExdEJId1A3QmZmMVEyOXF2ZWV6Z2d3TV9RQ2Q3dTA3Z1dDVnZxanROZ21hcWwyUWF6UTdJNGluY2I3ZFFRMnducHpOYWcxSDVNd0FKSEpCZndoa1ZoMm5kd082N2VzUE5TZDRGLTVkQWo1TTdWdWlCUVFRaFJOcWVSMlE4RF81MVRfelNNdlZDMGFKYl9ibWowdDBBcmg5TnJDTmpkY0Y?oc=5","The Times of Israel","Israel","1781556942000"
"Opposition leaders assail Netanyahu over claims about Iran war goals, saving Israel from annihilation","https://news.google.com/rss/articles/CBMi3wFBVV95cUxQcjRoLW5Yd1IzbGZKQkxkNFdyYlJkV2xlM3ZuQVJVWFVmX1Y5WlFheHdUc3NUQWRaNzB5bVBKWGVGZVlyemRpMUFKSWRiU2RXRTBrUlpzalpXZk4xakZYT0J3ZE1wZTd3VExXMXQ2cHQtZXRDLWZJc0FjUjlieHJ3VUNlNHZiY0RvaFhELVV0WDBGVTVMSWZtTnMwMlRSdDBSSi1LMURfNkhVeGRmelh0UjBhRlF3aG05cjZvLVpwVkIzYndKYVI0b2k4OFpndkR3YWRzWEZMY1hVOU8yUE5R?oc=5","The Times of Israel","Israel","1781555951000"
"Trump’s Iran accord offers exit from war — and fresh political risks","https://news.google.com/rss/articles/CBMiwgFBVV95cUxPVnlfUUhjT05Xb1VRWWlycHVXWjIyU0ozZkJqLWw0N1AyS0xkaUxqUGR6VlM5c002VXhmWHVvTHFHckhRZmNxcko5WGVvUUN4cmhRQjlMbHdPaVNpdGlMWGMteGtqb0t2Vk8xZmlMdlNZUlY3SXBYQlFObVhlUmNtTjNZa0F4Q3J5WkJKOS1ldVpVck1YZTZjSmFEdXNrc2hFWVlnbmx1MDhHZ2lpRllBTloxNUh3dlRUMmw5UXBIRlVqQdIBxwFBVV95cUxQeGVCRmRDVG5yZDJGbXBwcTlhWWFlYzJqcnk0NGR2WlpiRUpMLW9jRi1udXMxNmdTTzJMaXJvVGRDU2I2cG5YUGVBWUZNQzdqWEx5WEFVczdKNUY4Vl9IUi11NkhnZ3Y4NXhZU2RTSVVzUzJmZUp1N2RtOGNjakVfMXRqaHRrZlNLUWpnZm1LZVE5NjR2eXBnUmtPZU85ZEJyeHBLU0ZKTk82eFd2VnY0OHFrMGNWSW1xc3ljX1lPczVxdlhkMlVZ?oc=5","Al Arabiya","Arab","1781554980000"
"Iran's FM says negotiations with U.S. on final deal to be held after signing of MoU","https://news.google.com/rss/articles/CBMifEFVX3lxTE9mZHhvRzR3Ykd1blg0b3RzX3NfNzRKei1ack56V2puaVc4MndqNDJoZ2ZfRm9FSE8yaEtBNmVrOURGMHozS3cxb1NLOGZSOGt0bnBWTkw4TVl6ZlhBU01QY1AxUmhCWU1fTWl6LUMyUnY3Z3Z2b04wY3dLc3A?oc=5","Xinhua","China","1781554035000"
"Trump says deal to end war with Iran already signed and details to be released 'pretty soon'","https://news.google.com/rss/articles/CBMiWkFVX3lxTE9KWXpLSDRjQ213dEplSHdRcktLRlN3cmJGZXlWb2xuMWJTdDBiSnZ1SkR1SW1VdTJUNVFfZzFUN1hnUVVqaWs2MGxON0RxRlVralAxdC03V19OZw?oc=5","BBC","Global","1781555634000"
"Opinion | Trump the Iran Escape Artist","https://news.google.com/rss/articles/CBMic0FVX3lxTE11Q1Y1REFwM2V6X1UtUjlEZElYbmZKWHltbVdzUWhhV0pmUnB6ZVZ4Vmx5bkRoUWFnbWNyUWd6cGoxeUYtM2psZlpRNDYwS004OW5YY3BvTXk2NnRtZDFrSC0yZHJ6ZGszdlNnR0N2ZkNqMFk?oc=5","The Wall Street Journal","US","1781557320000"
"BetMGM bonus code NYPNEWSGET: Get up to $1K in no-sweat tokens for Iran vs. New Zealand","https://news.google.com/rss/articles/CBMiwAFBVV95cUxPaGlxMEhjcUhVWTVXT01JaWx2QW5qV0tmcjdwZm5zQU5QQWNjN1l4SGdqSkFwWGVOZ2pPeEdEc3Fpd1pycnY2dzZBeDE4azgycGkxcG9nZEVrY2M4ay1hX0xURE1TOXJ2ZUN0RjEtVkgwMTJPMDkxYzg1U2JYVFU1NGZCQXh0NmJ1T1ZIRVlPTnhoc19BOUlXM2t5NktOX3g3OGtvQWprRTBKcFRwOXB5N0Q4cmM1YU9iVWh0OUI2YkI?oc=5","New York Post","US","1781557200000"
"U.S. and Iran Sign a Framework Deal, Leaving Major Issues for Future Talks","https://news.google.com/rss/articles/CBMikwFBVV95cUxOQzAydl9TcGtrZVhPNHR2ZWZsNUV5NXpWUTltdUpWd2syZGhfQTZwQkNXY0plR193Z28yY19FNmJ3cE1admdGVjJ2UnVpUlZrV1o1X01hdjA0UkRCeWppYWk1QkkwVm55aHdVVW5ERmktcUFpTW9BVlVtYW1uVm1ueGNYSGlTeXdkdlVkMFB1UVVxa0E?oc=5","The New York Times","US","1781556342000"
"Questions surround US-Iran agreement","https://news.google.com/rss/articles/CBMiigFBVV95cUxPamhwOWswVUhBcW90WDg3QTlVbXFZc1NpSVMxaUdrMkZBNTVPMDBBanYzVjYxVno2a1pZSXAzZmFKLXJFeVpFb3RieVVFRUJTQkU5TnFSYzJLSjVRWUlLOXRxekVuQjBVa2NxWjlHY1dVaGZ0Rm02WXJuUnF0OVRLSzF1WVVQbWMxd2c?oc=5","CNN","US","1781556300000"
"US won't move troops despite 'signed' Iran deal, as doubts linger over Tehran's next move","https://news.google.com/rss/articles/CBMitAFBVV95cUxNOTJkakNLT3FQd0gxQTFGZkFkMmFRcjAyS2tGeExlQmw5YTE2a0I5aXhDWHljTE51TUthelNEbUhLdHFybmRUaF9qdmlBWVNIM013aFAxZmFnX3o5VnJVdzB1Tm9SWjQycmJrRjFKT081bzU0SmoybnBkSEUtRko2R1ZRb2cwX2ZKd3lnOG54MTlKZHdnbTBSTHllWUM1QUNjY1diWVBucERfZzJhQkRPZ0lUdE_SAboBQVVfeXFMT2pDOTFfbUVydkhPMTVrWWRxaXBpSEhCZWFqdFg5QXh2Y1FjNlEyRXdfeWxMbjJoNlF4R3laSkV3c1UySDh1cXNJX2FPalVlNWZmX1U0cnFOTEFHNVUtbGY0TkxZWjlwVFdnYlVNekJfdTVHeWRiMWQtYVNmNjZrTl9kajNxYTdOUEtMVFVjSDZJeW5JNmNPOFFQSVBhQ2dRdDJlTDZzLTRMa1VvaGU5UnhwempiWlEtTVdn?oc=5","Fox News","US","1781555713000"
"‘Trump has surrendered to Iran’: Some prominent GOP hawks fear Trump just caved","https://news.google.com/rss/articles/CBMib0FVX3lxTE1NQmtZNVZKOE1pdFdSdjFJVWdpMk80Ml9laW55akp1LXNOckZnU0JuUWg2cGhFazJaNFJNQU52TXVFWFdpRVMtc282akhVYnpUbUlPVHNHNzVNZzhEX2xyUDlEaFpJVUs5bzlvbXVXbw?oc=5","CNN","US","1781555543000"
"Is Trump's Deal With Iran a Good One for the U.S.? - Opinion: Potomac Watch - WSJ Podcasts","https://news.google.com/rss/articles/CBMizgFBVV95cUxObk9BRXg4cFlHWDRRbmZmRUptTUhhNTBBUnljNTdHc0RFc3dBRGZld3ZrVVZNa1gwdkZkeFB6V1FFcmlfMjl6TDI1YjNPU1l0aUxwaWFVR1JJTEdlR0RrMlJHMXJrS3lVTGFhdmpfbUV5UXNDOVBKZElyV2g2RHBjRGZyT0lILVJJdFFJVktiOGY2dEZwZWd0NUZRd3Bkb0J1cHloSzJSdHZ0VTBCWVdUNFlPVEtRanJOMjB4R0VTdUlFWEVYM3pfSjMtMXc3UQ?oc=5","The Wall Street Journal","US","1781555220000"
"Gazans voice frustration over their exclusion from US-Iran deal","https://news.google.com/rss/articles/CBMiZ0FVX3lxTFBxelBGOEY2MDFMZV9WVVNlcm1wTVpCdFlEaEYxVVQ0XzhVcGNuVFVTRUkzWk1BVmVLbHRuUWFMRGxwY3dKQW82S0lycXhIX2tUTzFlWGlFMjlFZEZaSGJ5Y0J2a0stU3c?oc=5","Reuters","Global","1781558269000"
"A propos - Iran war 'has been a strategic disaster for the State of Israel', analyst says","https://news.google.com/rss/articles/CBMiygFBVV95cUxOWmxyY0FybEQwaDA5ZGRVczV3R095SWQ5RnpqQklwZm5MOEdId3FPcThRbGI1S3N5NUNhZkRvV29BN0QzR2JkZ2pTb1JTSHVUTlQtWHhNSEFELXpDckpNYWJRTk5ZU1Y4SlF6dFJsempuQlpyRkh6T25Ic0JlVTAwQ2JlWkZjMXByLVVJYVg2eDB4SzBFU0VQbldPSk1uaEs3SWhnMWVJSFZicXRfMFZpZXpNczl4RVl0ZVUwT3dLODEtYmNHM0pkMlBn?oc=5","France 24","Europe","1781557901000"
"Trading Day: US-Iran war halted - now what?","https://news.google.com/rss/articles/CBMimwFBVV95cUxQUU5SZ0w5dlptX1A0Nk1FNFI0T3VnNVZ4eHpMTXgzNlhlX2o5Mm5wQWN6QjRGSjNJa1Z0YXo1eVVSQ3doRDktYjRuZm12ZHE5TDRhdWtrMWlmZ0wzMWt5NmNCLVFfRVF2QjdhMXdlNm1zenRwS2dTaFR4WjZlWFpjaDdENXhNcEszbC1QelFBbnhWSFhBQkwtaUFYOA?oc=5","Reuters","Global","1781557576000"
"Trump administration considers $300bn fund for Iran if deal is upheld","https://news.google.com/rss/articles/CBMicEFVX3lxTE54Y2pZNU1fY3hWOGlVYjBmenVJZjdmUGt5SXpwVlgwTXhKR21Rc2s3U3NwbFlMaTREWVEweTRkOTdLSGdsZXlWS0tGZWJfRkl5emw4SjhNeWJwV0JSVzc3dG4zd2Q4YTFMa18xVTFwcWI?oc=5","Financial Times","Global","1781557429000"
"Roundup: Mideast countries welcome U.S.-Iran MoU, call for full implementation","https://news.google.com/rss/articles/CBMifEFVX3lxTE1tRmN1VDBzLWZaVFc3eE52N0Z5NWZmVDEyVGZkcFJkMkt5Mm1HenRxSmdMNFY2N3piOG1nTkgwQnktcHA0MW00Wm5LQ2ZEQ2JoanhuRVJXSll3ZGNmQm4xSnVPTkZkMmswaC1TWlIyMkFwT1BhalQ5a0U3RTQ?oc=5","Xinhua","China","1781557260000"
"New guise for old reality? U.S.-Iran deal raises questions and fears in Lebanon","https://news.google.com/rss/articles/CBMipAJBVV95cUxOSGRiSmd1c1hxX2F4NHV5a3RIR3NsdnRMTmdhZHZzS0JycElJVF9MdXFRRXp6aFFHSV8wQVZaekRqQkpPbUcyRExOMnYzYXlQdEtKczFLSEVGUzBwMW1TenJwdXkxVnczYWpVcEpKRkQyZnprZmlzS19RUTJGblYxRGh5b0RKdld0TmIwWUpkTFllbEVIeEhiWWdPcDk0RUc5VHZJNDM2NDdvSXVoSkQwNE1EQVJCNktTVUdhRGtBdFdJSEtxejdTdmpzNTI5RGlPZUxGdHo5UWV2UXZXdlFISmhGcTBfTmd0a0V1YmdOVHBGdHBuWTN5MV9Ub3lhMUlOSmJ3dkx4ZGhmU3NWUTROM1gzVXdaRVAzRHZiTWxXRnNJc3M3?oc=5","Haaretz","Israel","1781557020000"
"Iran today is not the Iran of four months ago: Lt Col Chuck DeVore","https://news.google.com/rss/articles/CBMiVkFVX3lxTE83Vk5jeFRvdlJCNS1vNFJLejBKYW4tWlV4ZWFCUHZWR1R4MnMzNFhqcHVkYzZUZ0w1b3pBTEJYUGVTZmpMQU5rNEloWHNiSVRMUzkyU2pB?oc=5","Fox News","US","1781558234000"
"Will the Iran Deal Stick?","https://news.google.com/rss/articles/CBMiggFBVV95cUxQMlphX1FtTDg0MlFiRVo3S0RJaGhZdXlWUVNCV2xSUUxXWmc1MHF4b1dYU0x4UlVHY3laQmZld3A3eng3YWVUTENlUDVQUlBKbHBiZDd1cVlIV3BKRHFNaXVIUWhvZWFCajFQLVVvNGZDNEZWZm05N081YUw0N2NVNHln?oc=5","The New York Times","US","1781558187000"
"Is Trump’s Iran Deal A “Lifeline For Terrorists”?","https://news.google.com/rss/articles/CBMiiwFBVV95cUxOd1ZxWTV2Z0VyZkFXUlFuZnI5eGlpXzMxMi1kQUxJZGFEcnF4YlZLRTlaN0xVQ3VBRUtqZXZhSUdEUDk0RGN0OUFMS0pzWElSeTlUbFBuWXV1djIwV0phNTU2MXdPNDBTakY2cmFoREFjYVZxSXg0ZklZS25iXzYxWWRnQkxGVFlNV0xB?oc=5","Fox News","US","1781558090000"
"Trump claims victory over Iran, but deal is silent on nuclear weapons","https://news.google.com/rss/articles/CBMigwJBVV95cUxPT0lFNFFPc0Z6dlVEWGlBVGxNeHBtcjRUSmhBc191ekpYLTU1ZDlySmpvMmF2dTVPS3Rhc0k4UWNLRmVwNlJaWGxVQXN4a0lpUllQbERVR0pHc0c1QXd0cUdldl8tSUEzNlFrSE5hemtaUXQxYkUxbmR6ZGs1YWNSMlZnUEFxcWVuajhIQ3F4amVGR3B1blpoSktiNUhneFVNNnVBMUxZU3VwSFVIX2Z4NkVZdDVCUFNJTGRaa3NZcHpacUpMbUwwYVZGTnJ1QmV6UFpnQWt0OGR0Z3UzMlRhWkRIYVA4ZEFaSEFBWVJ0SFlNcGk0WWJTZ2c5OTJuTEJHb2cw?oc=5","The Washington Post","US","1781557872000"
"Explainer: U.S., Iran reach deal to end war -- what comes next?","https://news.google.com/rss/articles/CBMifEFVX3lxTE0xY0J1aXQ4c0d5c0JnZzhJcDBFSE5vdlJybGI1ZDJaOTVVZTVxVExpRjJEbjlZYmlPcVM3N2JWY1FJS3RDZTNLYXNnLXhheDNoNmd5OXZjZy0ydGNRcHZXM2VMekx5X2VMUjI3Q0tuYm4xU2FKRkZNanpQaGw?oc=5","Xinhua","China","1781560354000"
"Mideast countries welcome U.S.-Iran MoU, call for full implementation","https://news.google.com/rss/articles/CBMifEFVX3lxTE1rcVZ1eDdMd2NJN2NJZHlLOTlpdS1jNUowZ3JuTXpyTVhieGxXUzhfcTBGNExZckR5aXVQMk1keXMzUnJqM1dIZUFQY0FvV0ppQm1IYmhZTUdvZmJGWGo3V1FFcm11eXBYQldIUEt4NW5rT3ZLZ2Fveno4VW0?oc=5","Xinhua","China","1781559795000"
"Iran’s army: Any violation of MoU will be met with swift response","https://news.google.com/rss/articles/CBMivgFBVV95cUxPQy0xdENaRXMxdUFoeXlTUGd0RVZ2bE1uMldJdDNTeGxiV0YwbE1RRFlZTXVzY01KbGV6VDJWS0NqQWlYcUZqMVRNdXE4M1ZKcmJrSDBHeHFEVmVIT2IyOWNuV19xeGYtN09pSFlwX3VJOUZNZmNvRHYwbHBMWUs4WjkxUkEzVUZGX0xTdV9xdUJFRkFyUi1obU53VEdHNnc1MG42TndVT0dkVTh0RFhnbUQwbzNWUExaOXJrVFdB?oc=5","Press TV","Iran","1781559600000"
"Vance says US-Iran MOU is a ‘very general document’","https://news.google.com/rss/articles/CBMimwFBVV95cUxOZDQ2OGwwRWxZeXRIS1FiODB1MWZmZW5nYkdMeEZjcEY2ZWZyOVRTTnMzSGdkMlI0ck4yWnNyNWFPWnRKNi1DMmU5MmZrUTgtTVF5SDBTZ3BGWFQ0eTY5aXJrWTRXZ1lUSXBVakZCUVZiUGRSNXlCdURtZkNtYkN2bG1sWk8wTTl6UXA1eGhNYjVFUFhFOWpsaURlSQ?oc=5","The Times of Israel","Israel","1781559240000"
"Report: Trump administration’s $300 billion Iran fund to be for companies, not governments","https://news.google.com/rss/articles/CBMizAFBVV95cUxQc0xsemhiSXU5V2FkdzlwMk5wZzhfN0ZVRC1oTHJ2aWdMNHJSSlNhVVBlcGN5eUR0TURDaGFCV1FDOWlqLThOcFNPNkwzSi1XNThlRHRoVmdvRFFEaTc3Y0ZIU1R2VnhKM1dhX2tpWFIwNXpOTTN1NUZ4ekRxYTVDVC01eGNidGhPZkpXNmVaSkV0dUV4eWtmWl8zWFVGUUlKbGk3aEhDNjJMSnNZTk1IZXhvYVdWbGRuY3VVRlkteEptajk2aXRJZndzTEc?oc=5","The Times of Israel","Israel","1781558940000"
"Watch How the US and Iran Might Spin Their Deal to End the War","https://news.google.com/rss/articles/CBMiqAFBVV95cUxQR0xLSzBzamZyXzlOZkFzX2lyM2FJdS1EYW80NWh0aDh1aGdGU2E0MTJmV3d0b0RpRGFxRU5fWW5taWZtWHdEcGdhQ2dRRDZJeWNpajZNWGtaZXE1aHBIRnFqUzJ4WVRnbWZ3aEtNODlQd2pMWENJRjduelRNOTAyb0NscGkxWjN4LU5lX0o5Vzl1N1V5SnFHckxoZmJUMnBQZnY5MnkyXzc?oc=5","Bloomberg","Global","1781560857000"
"Big Take: Where Israel Fits in the US-Iran Deal","https://news.google.com/rss/articles/CBMipAFBVV95cUxQT1p4dklTam9rdTdtTkVMZ3hzMzh3bGlFeVcyQ0Y4RGJhdkdXeU1ScnFkSzAzcVRGb3JQVTgyNWg3MFQ1M3NzT2xNMmJIc1dvYmUxOVIxb1loM0NUT3M3MUstNzlYZ21CWG1XR2ZrNmVLSEVrMEtUTFVyRWR5OUxDRkJaNXNZSEhscnh3N2VCcVlJMWNER3R3WHMxOUU4SXNkUENjXw?oc=5","Bloomberg","Global","1781560260000"
"Trump’s Iran War Deal Raises 2015 Obama Accord Comparisons","https://news.google.com/rss/articles/CBMixgFBVV95cUxPNXRZdlF6dWRnNlpXWnhSaDZIWTcyNldvUHlDMnM5WEE3ZndwU0RRNy1wZTJvVGVUMmV1cy1iMV9lak0tUXA3cjV1TXBxY0d0aVdLN1B5Y2ZLaV9hbXp5dE0zcFZndExwdnNvTzFaaF91cGQ5Z3NfazZJTERsX2hRVlllOFB2NXJHZ2t3bDBTb2hXRmhub2lvMHdTN2FXdDZvNkdKYklUZHNhSkxieHVDanQ1cGZCcUI1M2YyQ2lzdmFpZU5sRGc?oc=5","Bloomberg","Global","1781559768000"
"FirstFT: US-Iran deal sparks global rally","https://news.google.com/rss/articles/CBMicEFVX3lxTE9PaDNnM0lXcjRON3pVVEh5MkNtTl90Zl9lc01vaFVIaWpsRzFNaXR2WjhqZThUOEhwZzVTNDZzMzFNcmpGdmpKbC01UHFGRmJhU0ZXM2hxWXI0ajBWSUVwTGwyZFRuSUhJVnhBcXBPQks?oc=5","Financial Times","Global","1781559759000"
"Where the US, Israel and Iran Stand on a Deal to End Months of War","https://news.google.com/rss/articles/CBMixwFBVV95cUxQS1dNUnlLUWM4ak5PdVoyZ0tCb0E3LWZzT1cxVmNoWk54bWwzYUhkMk54Slk3U2thcHV0S21FTW45amhsdHI3R2lUT2c4WElFUU5EcVpINlp3MjVNMzJtSldsb1pVdUhUM3IxMlpfUzR1MkFzejlLRlhTWjZfTng4MjU1Ri15OTE4bEFyMlhRRm1aV3prblNNZFVadVhtTUZEazFIZG9MYm1UVC1DZ1A3WlBoa2E0Y2thY2lxR0xMb1dkazZHUURz?oc=5","Bloomberg","Global","1781559608000"
"Trump Says Hormuz Strait to Reopen by Friday","https://news.google.com/rss/articles/CBMinwFBVV95cUxNMHRxR2taal9BbXVRLS1saDl0NzUweVptQ2NIUU9aYmlCdW8tcFBKdHVLeVZ5UzdGejd5OVBSdUd6S2Q2ZkZ3bENvbE9QSm5URlVkcjJmRkllR3FOM2c5c25YemNzQ1h5cEU2eGtOekl3NTg1aTF6d0J3WDNoYnpzUXpJY3czUHdfTUZ3cWtsMERwaHRRSzZCbHgwUkpJMkU?oc=5","Bloomberg","Global","1781559065000"
"Stocks Have Even More Room to Fly if Hormuz Reopens","https://news.google.com/rss/articles/CBMihAFBVV95cUxPa1ZKN3czY2k1eVVZTUxnSHJzZ21fdHBoVUxJaENDRzU3eVlCR1lpV1kzVU5oQU1xd1Z4Q1dPeWYtWk44N1lmM05RR0tyY0N5RXFlVk5MdnhaVW9hS1l1S3dvLVM1NXdHUGphTm9VaXVubTM3aHVyX1lFQW9QWC1OSmxKRTA?oc=5","The Wall Street Journal","US","1781560920000"
"Opinion | What’s in the new Iran deal?","https://news.google.com/rss/articles/CBMinAFBVV95cUxNcU45QlR0UFlvVGJOMUlWNG82RmJtT0lfcENLUHEwWFJtYWdJOHFYcUlxLU9VUkZLWVdXSXVVanVMbFpyUWtDR3M5NDF2QU81aFlHb2dLOWFxWl9YbWwzTE40VTVheksyTE1IZzBkSEo4RFZEUUpKQ1RIQmRUbE0tRmlqV1pFZFRzdFRKbnB0WWJoVDltWV9kd01Sdmk?oc=5","The Washington Post","US","1781560811000"
"Terms of U.S.-Iran Deal Remain Secret","https://news.google.com/rss/articles/CBMiigFBVV95cUxQTVh3VGhsZUQwb01IOW1QT1ZDTV94aUJXM0lTRWM5MXpYd216Vy16aXNIUlZqWW1oTXVzc05uaXNFUmc4TWo1aWttVW83MDZ6RVVKd1lFTHlqMHJsQUwtM0E1YWo4WkdrcFkwMDFydUZkT2tnS3F3QnhyRVN6OUluZmRjRWlfTkh6OFE?oc=5","The New York Times","US","1781560604000"
"Iran Says Strait of Hormuz Won’t Have ‘Tolls’ but It Will Have ‘Fees’","https://news.google.com/rss/articles/CBMilAFBVV95cUxPdWZvNDlQX254bHNKbENKYmNvcUJaWW1Xd1dUZ2lHR1YwbWg0YkdrTjBVOHBLNW96MGhycVN4UC1YLTlOZTZQS1RELW10NUQ5SHdIYmdDbTg3OGhxZFFNSUh1UGUtTGpwcjZ5Q2ZlU0p2ckdoemVnMW1SWHhUcUtwV3Q0ZjYzbUdScGxmd2ZrLXdnU2tG?oc=5","The New York Times","US","1781560164000"
"Former VP Mike Pence reacts to Trump’s Iran agreement","https://news.google.com/rss/articles/CBMioAFBVV95cUxOUkNPWXZ0WU9PMXJWS2RyelJic1kwT0hZSEc5eFVzLUFnc09hVUJ0VlkxNVlLM0toZEpzRDFuVVZFYU1DUWo2R2FsTGhNRWYxNEZFVlMzRzVkQTlNbU14YnB5bWxzSVRKSDdjSU9lNTVocVdxVmVDMnljZDlCRkdua0tnTWV1SUtlU1cwa0hMY0VaZVMzcE5QYm9pT2Q1V2RY?oc=5","CNN","US","1781559939000"
"Netanyahu calls Iran peace deal ‘Trump’s decision’ — but defends it after anger from Israeli pols","https://news.google.com/rss/articles/CBMipwFBVV95cUxPbHZ0VzExS3l5c2UwQXpPM1QxNHBVUHlVZVMwM2syVjNfYVI4aWN6QWdySF9EMmxhREpROFl0OVRYYS1yUHhoRGtJTXo1ZTZoUkJ1YlAtMGpKMEkwMldEN1A5QVB6SGNFUlFtdkRjaEN4XzVsNmZHNTZKWFg3QzN5MG4wd1YwSlpWd1JXdVpWalQweVdMcldCZlFMWjQyWVk4WS1IWDEtOA?oc=5","New York Post","US","1781559900000"
"Trump promises a better Iran deal than Obama’s. Here’s what we know","https://news.google.com/rss/articles/CBMikAFBVV95cUxNTDBxTTYyN1ZHT1Y2bVZuWTNjS0lCdndZR3pWU3BmdDBRRWxCd3BjOTdCb01OTUlmWlVPV05yNGdCSFVuQU0yZTV1V1V4TWxqYWxONFE4RWMxZXRwMjI0TnE3MXNJdEdkTWlKYlM2YVFGQ3ZxQU9kbWlDMENoS1p4WjFhY1kzc1VtU2hua2ZlNGg?oc=5","CNN","US","1781559547000"
"Strait of Hormuz to Fully Open by Friday, Trump Says","https://news.google.com/rss/articles/CBMijgFBVV95cUxNX1ZkUUxqeXJJY0p4V3BKaEhNRWVJeklPQUFxMjNMWDdYZUNqZTkyZTlHQ3JoOUdGQjRyRE1zcDhvcFFLeGZGMFc4bndjdUpnQlVReUtac3BmUWQwM2VrNEhNc1BNeVI3NVpjX21iX2ZIeWk3RTAyMnN5eWpjZGh0WEdhWVJ3aC1zU2E0TjJn?oc=5","The Wall Street Journal","US","1781559300000"
"Trump promised no Iranian nukes. His deal doesn’t do that yet.","https://news.google.com/rss/articles/CBMihAFBVV95cUxPNVppd1Z0S1R1TU4xc2JrbExlb3FLRE5WOHRhUnFCOGgzM1lKdEZYTjRWVHNCckFiZnIyX2hTeE5zNnV5d3JDNTFXWkdYODBVdmwwby1QbUUxRW9uTnViTnF4TTlsRkxLU2tkdzc1TEM3dnA1YW5BNV9FX2lwNWdSaWpRZ0I?oc=5","Politico","US","1781558645000"
"Tapper presses VP Vance on specifics of Iran agreement as text remains undisclosed","https://news.google.com/rss/articles/CBMingFBVV95cUxQMWwzTTVHblJ1bnRSdEd1TFB2aTlwa1dQZXZXcmNNckk0Z0pzbnFPRlRLR3ZHRFZYeXF5ZkZKUmI4Ml94RFJuRGVmdVNHamhXS21EeGJPTXFPWTlIMDJIUTkwaWtMaEtRWGo4UzhVV0lndXFlR05wYlkwOUhnTTlpTjN5b3JiMDU0ZXpob0dJZUl4OExDSWg1Z3A2Z1JIdw?oc=5","CNN","US","1781558459000"
"How will a US and Iran deal affect global shipping?","https://news.google.com/rss/articles/CBMiUEFVX3lxTE45bXExeEQwM0lDTHVUM3YyRTlIeVFMNXc0QjlyLU5xRkNzVDRmMkVIQWhOR09ES0RiUzlMV3JCOF9iemF6VTZYMlliRWFDSVdw?oc=5","BBC","Global","1781561555000"
"Oil Steadies Near Lowest Since March on Outlook for Hormuz Deal","https://news.google.com/rss/articles/CBMinwFBVV95cUxPSldYMnIzeHV0MER0enlQaTdvZlFHOEtyN0tST002Z1FYV3FWSHFkbEVyZmdSUEJ6dEFpUVVNaE1ENVJkTUFiXzZDWGxNN0l3UGpRNFF1N3c1U29rckN5THJvanJiSW8zUEZVbUdRb0RKVWFIXzRRQ3BNMVp2TVh0ekMwVzZUbDBxYndhczlVeVBWNFJGazNCVlNhWFNFRHc?oc=5","Bloomberg","Global","1781560878000"
"Explainer: U.S., Iran reach deal to end war -- what comes next?","https://news.google.com/rss/articles/CBMifEFVX3lxTE16alpkeFFUdXVvU29ZTGpsRHVvQkNiTGhWcExaWjh6U2NBaXdHTDdMQ1dyQy1vdmhodUlDaEVVb0dMYWZYbmJVVHd0R0tvWmt0YnI5TXd1cXczMDBJZVlITnlQeWxMTW5iVFBNVDNWZE5Lc1BOSmtsUktUdkg?oc=5","Xinhua","China","1781560815000"
"Netanyahu avoids criticizing US-Iran deal, claims war’s main goals have been achieved","https://news.google.com/rss/articles/CBMitAFBVV95cUxPX05Ha2xNQ3hhRHktb1VuclNIaTVJTVNYY3FSckNmV3BmODl6RVdaTnhRYjE0SURfWUs1WjlVV0wtbVpBZWRaS1h0SHRWcW1LQjRoLXdlOHRWSXd1S1VyeDlQQVJkZWh1aWJlU2dJVEtUYkMxNDZFY0NON2lXcmtCR21YeDRpLTdNN3ZOUWdjRXNjNG1RWS1SRVV3NTRzU3o1LXhjSTBvRjc5c2ZWYTg1OWlycmbSAboBQVVfeXFMUHhyWFBmZ1FQQjZ0akJtaHR4UnRCeFQ0dS04aVJxR0gta29pa3lJLU5IRDdNeE1jR2ZZWUxwTG5RNEF3R2U4Q3V1RjNzaVhWQ3A4d29IczZXcVZUVGVnRk5qVVplQmZzMHg1YUt1aUZRNjVUdHJweWFNeUtORmQ2RjZUaWNQT1Q5X0ZJdk5IVnRkMEEzWUlXeGozU2tmYS1WcnFiQnRZa3RsWUZzRlR0VjFkaHhVZkJTSnJB?oc=5","The Times of Israel","Israel","1781560320000"
"Scoop: CIA director doubts Iran's intentions on deal, sources say","https://news.google.com/rss/articles/CBMid0FVX3lxTE5jUGZSOXdDSkJ1c0g0NkJNc0JjSVI4cWdHZVZfVTAtWkd0RlZUeHVRUXdWZ01JTVVLSTBlY2I0QnQ5cm9LZFRyZ2FaMnlnQ0VkNUhPUUwxU01OT0c3ZXFpM1U3SWE0WGxEbDZtMjdTeHJnLWx1OVRv?oc=5","Axios","US","1781562088000"
"The (Mostly) Unanswered Questions at the Heart of a U.S.-Iran Accord","https://news.google.com/rss/articles/CBMikwFBVV95cUxOdWxQLVNEZ3ZfVE9RbTBtOFYwRml3N2xscHNtUVdnSDJka1hOTnh1cXpZcUhsRjhPWHNTaV9iaTN4M0NvZU9pdHpldV8xU1FybXQwQjVGemFvX1JRb3NnMElQNXV2YkoxaWw5Vm1tN3Y5TnJiaHlmWWFiQjVTbVhIaV9MOTlVZVlWOEQ2akZPOVlHZUE?oc=5","The New York Times","US","1781561846000"
"JD Vance defends Iran agreement from Republican criticism","https://news.google.com/rss/articles/CBMijgFBVV95cUxQT29wWjlHSGNzVnNTOEVQYjI4dzlfUnlyOEx3YlQ2c1JVRGJfcWVCeUVwOUF3cF9JUlp3eFZ3dTNjczZIb0haOVJYZHVsY1A2bVRQaUNnMWh6TWZodGRNX0gyWGRqLTE5aFZiQUIzZXIyQ3lfNTlOR1BFUTIwS1F5cThka0hCdS1wNTVXXzF3?oc=5","CNN","US","1781561400000"
"Video: Trump Praises Peace Deal Framework With Iran","https://news.google.com/rss/articles/CBMioAFBVV95cUxPVm5IYm9obmRCNTdHdXIxMXo2bHJtWkt0VUlMaDZ2T0FTZ1o4dDZoVmZrdGdSZnRlQ1VGdEJnX1RJWG10YklVZDF1Rm16b1Bfd2twRlk5MzFkOGlnbTYyc3NOWFZIb21qYWQ5NDRyOXBXajUteXVraEs1cmZuQWtFVzl2VW03QXdWdmkwMVVGai13d1RQZDhvOVVnZTNUVUdF?oc=5","The New York Times","US","1781561250000"
"FIFA's ban on pre-revolutionary Iranian flag upheld","https://news.google.com/rss/articles/CBMiZkFVX3lxTE53aXNjbDdiaFpjM0NCVjg0b0ppNHM3UGNxS3NHYzZXSzNaemt2NVplSnhtRF9qRHFuZUZ5a0Q5ekc0aDJFTmpvbnB0WDJSS2FnQXRUUDhJZC0xVEQ0NW5ncl80QkUtdw?oc=5","The New York Times","US","1781561124000"
"GUY BENSON SHOW: Chairman Bryan Steil Breaks Down the ActBlue Hearings, the Iran Deal, and the Future of the Save America Act","https://news.google.com/rss/articles/CBMiekFVX3lxTE51VmtVRS15MzFOVXBBd1FXOUhpN2Z3bnFMZFEtYzlsTm5DcFVTb2FUOHhqOVppMEZrX0RtZjQ2TzBSLXFnU2hfemU3NHE5X09hNVJWaDBPQVRIRzJtSWhpR2pxRWhjQWNCeG0zWFQxQ0NvS1N3OHRVbC1n?oc=5","Fox News","US","1781560820000"
"Former VP Mike Pence reacts to Trump’s Iran agreement","https://news.google.com/rss/articles/CBMimwFBVV95cUxObGVwY0ZrNlBNV0V3LXBXOUh6cGhScUhLWVdfZmpxM2JxMG85azlZU2hha0NRSjNpNzZESTI0ZzctVHlEZ2c4ZTRhRnZQR25pNmNqRkcwMWtDalA3LTdnMUZYZ0xRNF9LR3Iwc29ZenZRNkFQc0RNS0FTWWRHQ1gxZmQya0thdUdaSm9fV0M4WFk2Nk9SUnNnR3hTWQ?oc=5","CNN","US","1781559939000"
"Trump claims victory over Iran, but deal is silent on nuclear weapons","https://news.google.com/rss/articles/CBMiswFBVV95cUxNWjhzRnprbG9BNkR5Vk9KNVNLWWhXaUo1alprZ19hZEZiQ2hNZFZYdDdzUGRLaEdvYm1DTmV5TExOSkMtQlRyR0VVbXJKMkkyWEdWX3pUSFh1R0NOclc5TE5vVVFJWDhqYXgzejEtbU5qMHBDNEZ1ZUJoeGc1MDZOV0h0UTZUdXBrbTVHMXdGdldKb2lFdjFMbEsxTzYtUU9Vd21hdGpoS25jZUVMTnJNSjVDUQ?oc=5","The Washington Post","US","1781559279000"
"Vance says nuclear inspectors will ‘absolutely’ return to Iran under terms of deal","https://news.google.com/rss/articles/CBMixAFBVV95cUxOVHlfMkFEcUt0LVF5U3ROSFJkZ2ZIM1F1MnNIcUxkSVBocThLQ0NsX1BPZ0gwMFc0VDVvanpmZC15TUkxeHMtRmpPbEg1NEZ2bW9UU3hmeWJ1RmRXVlQ4VXgtU0szS3NiN2N0Y19ubWpWTTJlaC1jOHJ0bXZEMGRMSzJhenZyWXZFeTlEN3Z3bHdIbkZQQXV1N1FDQ21vZDU1YUtZenFQVWVULWlTTWFkVXhFNW04Qm81ajl0SmRHWGY5VWhm?oc=5","The Times of Israel","Israel","1781564100000"
"June 15: Iran-US MoU to end imposed war is widely welcomed as US lifts naval blockade","https://news.google.com/rss/articles/CBMixAFBVV95cUxNVFRGcnhCSFdNa29icHd2OG1SOVNmc3RnVVpuWXVMdGtEU2hmX0hrck5DNkZ5U0tGNTl4a3RWRlFBRjh4UFVQWUl6TmVrWFpHaUlOemdhVEYtSkNKbzhlSm5tWGFoQnJlUlVQMVQtZndLUnVCcGZtZ2k0RmV6OGU4X3JOTjJNaDU3aGRtMXZHd2hLWG5rNVczY1Z2elBjVFJ0SzJTeDNqRWVESGdTQ2NXMDlOdHJmSXpTaWNrenhjcXFqM3c1?oc=5","Press TV","Iran","1781563560000"
"Wall Street rallies, Dow ends with record on US-Iran deal","https://news.google.com/rss/articles/CBMifkFVX3lxTE51RnEwdGpvd3RKR2M1VUJ2VW91TTlrUXJ6d3BtQ1RuMk1vZHFEeUFZSS1DYTFiaGhKNEREbWp3UHVLVm9VREFRUFJWTXphVmpPcFo3NTJUd3pDeWdXSC1wU29aaW9IRmQ4UWs5MnR5N3RYVVJYMHZHTzExbFhHUQ?oc=5","Reuters","Global","1781564388000"
"Gold Holds Gain as Trump Touts Reopening of Hormuz This Week","https://news.google.com/rss/articles/CBMisAFBVV95cUxNVzhHUk1obUpCZTBuaFE2VGtWcUQ0M3J4UHNrV05qMG5sbGJuUjZiZk1XVjJFc1JzM1JSNU1vYmdTYXotM3k4aWduXzBGNXBUQXpTeWhnT1hkSXBsdTBkYldITXlaaHY3TEJVbTJQcWpQZjZFX0E1TUVaRUtYbTZ6S3dSck1EVEtYemJlYnhObFBBUlBSNHdxa0JNVVNEcG9BLXVGVmVBR3BGRG1OSUZsZw?oc=5","Bloomberg","Global","1781562911000"
"Iran - New Zealand | Football","https://news.google.com/rss/articles/CBMifEFVX3lxTE9GSUllSXBPcXlObmhFN2psRWtjVm5BN3FqOF9CR1lmYkgxQWJsWkloUkRKT1VjSWZSa0FwZTl3N3M2aThBVGNHMEJkVEw3WkxadnZjZWoxOGN6MmRhS01Fc1ZNVkhHQkVHWWZXOWppY3hva2lYWXZycEZoMEk?oc=5","The Guardian","UK","1781564484000"
"Bret Baier details Trump's global summit on heels of Iran deal","https://news.google.com/rss/articles/CBMiVkFVX3lxTFBfOHV0d19RUHJWYlVabHJldlUtanE1RmlBN0JkeG9oUm9pM0ZCVjBnaXN4X040bHNBU3pMU0cxSzZScUpzbGRXVkhlZUhROVMyM1BUdUhB?oc=5","Fox News","US","1781564210000"
"Evening Edition: What President Trump’s New Iran Deal Actually Means","https://news.google.com/rss/articles/CBMipwFBVV95cUxNbGRuc3dITFlkTk5iNmZFRUYwWVhrclRmRl9pZ2ExMzJMejFiTDVuM3pYQVJaeExmam9iMG9zMmtvXzc2VTNjY2sxZmNmMzRidFl5MXo5NGVfTjNPU2EzZHFFNm5Xbm8tdEp0X3VaY0dXM2pia3RLdkQ3VnFqdDhHNFVhN3VvWEZKQjR6eTk5RzV5VVluTHZrNjBhRzJKS2NYeWROQW5HNA?oc=5","Fox News","US","1781564103000"
"President Trump praised for agreement with Iran amid some skepticism","https://news.google.com/rss/articles/CBMiVkFVX3lxTE5HVjNQS3J4VDZkMFVaYmdMMWN3Q0dlREdFM0R0Q3VSOWRXRVZfcXJNSDN1UkZvMk1iSnYyWk05Y3BDUE1qQ0ZTbGtYWU5KZlVCNTA3SmxB?oc=5","Fox News","US","1781563419000"
"Do not forget the Iranian people who still suffer, President Trump","https://news.google.com/rss/articles/CBMipwFBVV95cUxQZEVXVU5zVml1eGxPcWQ1d2JHUHVuSEQ5Q0VTSHpGOUFtTTZoZ3llYlhyYVY1ZWNJWVJHQjhCYWJCWHl4WkFaRkRVY0I5LXJRZ1ZuanVOQWhfV1prdGw3cVd4bTk2NGtsT05Dc2RqRmpJRkV2eXNCYy1QZjZZNXhTVFI3NTFodWhnYXJ1R0hwZG1fYXNxVTRENGdaV3BLalFXYll6RndXaw?oc=5","New York Post","US","1781562840000"
"Iran could ‘access’ $300B for rebuilding under US deal — funded by Gulf states attacked by Tehran","https://news.google.com/rss/articles/CBMikwFBVV95cUxOakVFNkdaQ2MyWG40OVRCcGZVM1RoOXpTcGs4Z25XcVJUQWk4SW9pclR6dmlUY3pldkxDMF9fXzlnbHFvZFoxWC14R0lzZUhORHR4WFlZVkFfQ0x2dWdRVnZLd3J6X3hGUnJzckt0TDBSMjZHTVpwRFBiMVV0MDl0cFBXVVlnanF0TndyRUpLN0xVYmM?oc=5","New York Post","US","1781562600000"
"Iran is ‘desperate’ to make a deal due to their economic demise, expert says","https://news.google.com/rss/articles/CBMiVkFVX3lxTE1xOFc5VG9fLTFsdWhfRDV4VVR4emwzemVVZy1Za2pXQkFNSmNwNkkwX29jU3JTZ3Y4OXlVeGVnU0xsNFhuVTd4RzNKTnNiQ3dPT3l3LVhn?oc=5","Fox News","US","1781562558000"
"What did Trump do differently to Obama on Iran?","https://news.google.com/rss/articles/CBMiV0FVX3lxTFBnb1BwckFSVXQ4SHQtb3hKZ2dtMFN3SlNlMHdSUkI4VnozWDlQdC1tRjY3SFRxeno3Mmkta2d1UmVNT3BnSThvQmJKM2xCeEhYTGY0MTBKSQ?oc=5","BBC","Global","1781565085000"
"Belgium must beat Iran after disappointing draw with Egypt, Garcia says","https://news.google.com/rss/articles/CBMivAFBVV95cUxNN1l3LTRob0NZV015UFZ3N1hqUUp6TTFXellCVks3UHJZb0ZfVlpIM0F3MVlsb2F5X0d6Z2hZRVM4Q2xvQkpYbUlNWUU0eHdpTXo4dnMtTXVRLWFQUGh3UkxUYnBvUGdxalVOYW9ydHJ3VTJrSTZvQWwxTFZTY2hUM2F4NVJWN0NXNVdOOVR5NG1ZbkZLd3RsdFp5ZVBmS3VSSnZVWU1DYzdVTkVfQlp6d3JUVVRtR1RacldjeA?oc=5","Reuters","Global","1781564983000"
"Trump Hails Iran Deal, B-52 Bomber Crashes in California, More","https://news.google.com/rss/articles/CBMirAFBVV95cUxNNGxIeGJDS01XdTVfT2lBSzZyVmQ0OFlkbk03YnpraV9SWklJc1c5Q2VSRHByMjN1ZW1CYmRGOFZvNkJVaTF6RnhuaG1HWVZCVmdCa2dadU52YTRpOTdXVzJRU3ZSSzdFcWVEYzJUVkw4aTZCM3ZYNkswR2ZET1F4VkxUa0N5MnNLMFVLV252aEZYWTZEU2VoQjlLeXk1UkVSR0lEdWFjU3h3T1hB?oc=5","Bloomberg","Global","1781564944000"
"Wall Street rallies, Dow ends with record on US-Iran deal","https://news.google.com/rss/articles/CBMiZ0FVX3lxTFB6cjFodGNmWHlYeDk3b1N2VUNCd1pEbVdxbEpoVG5MR1gxV2tDYk80ZzNZNGFCWUp0YnRqU2RGcGZHYzc4UjQ4Qk1yR3hRQlA1QUpOdW1RNkpXM2IyWUpwNDJ5MERlU0U?oc=5","Reuters","Global","1781564388000"
"Fast Takes: Trump abandons Iranian people, Becerra’s disqualifying legacy and more","https://news.google.com/rss/articles/CBMiugFBVV95cUxPUGEyeURrUzdTbEg4NnR0MnlDSVBzZzh4WVhLTy0zYVdlaDFMcnExd3ZQZW9VZ2dzZHpfS20xNE9CNkZSZmE4cEVCWkhfWndwY2NRQnNDdTZxNHBFOFhYUTlHVWJHbllFLWE4d09ZZ195RXRyaGliV2JSV2xMcVd4ZnhwWEgtc0pfbkFQS3puQU5aYnJzTVg5SUN6bmI2d0ZnY0lwWEwwN1JramFFa0Q0bWVSQVZlSnpGMnc?oc=5","New York Post","US","1781565600000"
"How Trump's Iran deal differs from Obama's","https://news.google.com/rss/articles/CBMiVkFVX3lxTE1vS3gybGp5NkNmenBSS2V3MkcxVVBEX3d3ZE5rZUJsTll0bTc1ajloaVk3YU1ITTlNbllYLXNUZENZOGlBVmd5OG9Dcnh2aG90cGJOWnVR?oc=5","Fox News","US","1781565531000"
"Iran football team finally in California","https://news.google.com/rss/articles/CBMioAFBVV95cUxQRFl3Z3k3Qm8zZHMzZ1lkZGxwTnQ2UXFEd3diSjExY01ZREtCcFpEUnZ2UG5sQzZoa09wSERNQk9EVWtocEVZRVV5Z09yVlZqdG9TYUwtNTNsMUl5MlBtdzBrNzJVZFZYYVU0S1AySVRUNmszSll2TWJwV3UxQkpTdTdEa2xlLXJLaEYza3h3MUVFeFF6cHFuS1JtZ3NBaE1D?oc=5","CGTN","China","1781565298000"
"Trump declares Iran ‘has agreed to never have a Nuclear Weapon!’","https://news.google.com/rss/articles/CBMiqwFBVV95cUxNZUNRY3ZDTmdSQkJZbkdzdHJCU2Z1cmdfSG9hSFp0UF9yZGNnLWprbWRXMlcwNEpxaTZNaUZfVzIyazlRZmdRV2l4MnZCUlBLblJCbGh0RnQ4WExBcmprMk1WRjFQc211N0VqeFdGQWFLNl9MOWl3UFdPQ2ZKWEZWeF8xVmx4c1cxMDR0TUYzYnVRZW1XemtZWEM0dE9SVjBpelFwV1JaVXhSeXM?oc=5","The Times of Israel","Israel","1781566650000"
"CIA director reportedly tells Trump Iran won’t actually make promised nuclear concessions","https://news.google.com/rss/articles/CBMizwFBVV95cUxNdDl4ZzB2VXZocWhPczhiZmF5VzlPWGEydEItdnp6OHRPQ1FmOEpRckhkTHVxRkxNQ21kMmMtRWxhdm9jdXBrZ3pKZnhZTl95RENybnc2djVPWmpjVktQbDhqRkdWd3R2aHJVTmpicV9HMUtOckRIY3I3RGZnTFFDV3VKZElWZHluVWdfc3NnU0tnSDhJaldkelJWNk1oYzg1YVM2RE52VFZiR3VJR2NzOWp3WlpGakdKLWRCSWFqU2Z4LXJib01yYnhGU2JRcVk?oc=5","The Times of Israel","Israel","1781566020000"
"Letter: Here’s the test for any Strait of Hormuz deal","https://news.google.com/rss/articles/CBMicEFVX3lxTE5kbjFhQ0Y0eHFpYlRiOUxJWXFKa0l4bGhJazV3ak9CX0F2dDEybUhtblhVZVA0bzVfSFNaUmx4Njlqekw1ZXNkbzlIWEl1SklfekZhM2JQZFlXYk5pbUpGajkwSW9JY2tnSS10bUwxMno?oc=5","Financial Times","Global","1781566586000"
"Gazans voice frustration over their exclusion from US-Iran deal","https://news.google.com/rss/articles/CBMiU0FVX3lxTE9KcFExU3IzV0hqRVctRnF0cDJLUFFfN0hGRktMeVQyc0tmVUNrRHd5MVQ4R3RsVG1HS0xET0FjV0NnNU40RnYxLXR5bDhQMC1EczI4?oc=5","Reuters","Global","1781565194000"
"In the Dark on U.S.-Iran Deal, Senators Refrain From Praising It","https://news.google.com/rss/articles/CBMihgFBVV95cUxQZDNNcTd5WGExcU9vbVNRT1Utc2l1aWpuZ0ZzbGRocjdCbGk2TjZhNFZfMkNDbWZ2TzNjczNVdGtWN1BNVFBqcU00YTU1M1hoREt2ay03WmpTbnVkeWdmQVlaUUhQN1FrdVpxZHV5RkJvRnhQd2ZiSnNuTlJCMkhFSk5mekUzQQ?oc=5","The New York Times","US","1781567005000"
"WSJ Opinion: Is Trump's Deal With Iran a Good One for the U.S.?","https://news.google.com/rss/articles/CBMi5AFBVV95cUxPTjEtWkxMeXRyd1k0UGhFZ2JJUUItQ0U2TzdhRHkzZ25ka1c3MnBhRDlLcThQbVpQVVFHbEJ0ZFFBRW5yRXczNU9yYllPVTR1LTlsT0pCeUFwazZNZnhxekNXemVCQThpMWJDSlZ3Unh2OF9vaUJraU8zTU5uOUR4U3M2aDlNdWNJLXpicEZNOFNDMmVKXzFBeURsOFcwNkh6bDM5MnByWFBvX0Rnd1NfZ1BhZ056ZnNiSEU1MHdOQkpJcmxyN2t1Q3Uxb2dTODVKU3pnSGpxMURfTW50TFpGbnFlTDA?oc=5","The Wall Street Journal","US","1781566471000"
"Peace deal with Iran seems like a ‘setback,' says Ben Domenech","https://news.google.com/rss/articles/CBMiVkFVX3lxTE9MZ2lzcVE0dGU0SDJqT3ZELXk0VXFtQ0lPYjc4Q29DUWVheWd0Vjh2Ql9YUkU4Q2dpZFBNMENyam5oa0Jzdmdnbnc3Y1JCWXBReTBScGNR?oc=5","Fox News","US","1781566353000"
"Netanyahu Says Israel Will Keep Forces in Lebanon, Despite U.S.-Iran Deal","https://news.google.com/rss/articles/CBMihAFBVV95cUxOSWhIdnVDV2JWbjJmX1EwZ0ZpUXE1NndkVXl1OHZ2cUxZUkh2alJrdi1jenU0TzJGbHE4bnFBc01mZjRtRDF0dmF0UUVTSGRIbXR3VW1JOVl3eFpDSW9pb0pfWmVvZGxCX3hnRmFCZFNGNjZuZ3VyWGtFaHUxVEd2V2t6X3E?oc=5","The New York Times","US","1781566312000"
"Taremi leads line for Iran against New Zealand","https://news.google.com/rss/articles/CBMilwFBVV95cUxOZHgtS2RIaWtHZ2dNSUFFbmFXbW95REs4aDVkcU5aR3FBYk02aGhVMS1oYmFhYUJDZkxkVjBRNGpVWHFGYUZXNndBbTZ3dFdWSjdPVllCcEZ2SGdaZThlYkxialpKMHlZd2pPWXc0SXBqc0x2WDBaMmlOVEdxYWkyTGdtbUdBT0pVU2U1SktUTmN6cTNZTHVF?oc=5","Reuters","Global","1781567984000"
"Hundreds protest Iran's 'regime team' ahead of World Cup opener","https://news.google.com/rss/articles/CBMirAFBVV95cUxPYlQwN0dFamN1Sy1hUzFoMlJ3MUFpLWRabXR1VFhQMmNmNzRzdVpLd2VUMFg4YzFFNzcwRnhVRnZreE1YVXlaTlZVN25kUENxRWxWbjNqX21KZXh5RzNfYzlqcVFrVjdLUFFVUm9kUDloVWtXT2tOVkd1eHZNV2JZUG80RUhBSXNxOVJXcXd2eFpUekMxamM3TmtFcW1RNUczVEVrM2ZBYUlzMHdY?oc=5","France 24","Europe","1781567820000"
"Wall Street rallies, Dow ends with record on US-Iran deal","https://news.google.com/rss/articles/CBMiUEFVX3lxTE4wV0N6QWFMeHk4Q0ZrZHVUOHZoUnBibW9PRGg0TGlTTHlTemoxb1F5dHUzRmx3dGpTYWU3a3UzT1FoZ0dJMWRwNW9Odk9rUHZs?oc=5","Reuters","Global","1781567169000"