headline,link,source,region,published_at
"Bessent says high bond yields, energy prices are 'transient,' will ease as Iran war ends","https://news.google.com/rss/articles/CBMiwAFBVV95cUxNWk5KQnZiVkZpNlVDT1FmOGN0TWllZG81LVZNMkpRZlpGNl94bGFNSEJhXzVJajF0X0RlX3RINjlYcFVmRTBRVDdYTF9pMng4eVNyQTRJeGpmdVJ5bDB3RGM4ZUtLVGxEaHhhazdKWUVqQjdFOG5TS3VtcHlieEZ5OEJ5N0xCZUpfbnlJamd1MGs4b0VveG1lZlAtVVcxRXo0a0VHWlZBSFFZR2tIcWhxc3RsTHByUkU5SU1EWXZBeng?oc=5","Reuters","Global","1779321009000"
"Republican resistance to Iran war grows in the Senate as Murkowski flips","https://news.google.com/rss/articles/CBMilwFBVV95cUxNOExxSUJiM3ptREFKbmloTVBfaWJ5dXBMUW1STkQwM2xQREU5X3NGMTdKaVhZS2hnZzBwRlcxZ3RCZHp4TGh4U2xaWGpheGhCUjZDdnR1SWRIZnMzM2VYTE83cndlR19jZld1cm9mQ29nRTJXcXNVbjhlOVZNXzV4dTRhU2l6d1RkVlh1UFIyZFZpWHFMd05B?oc=5","Associated Press","Global","1779319225000"
"Trump and Netanyahu diverge on Iran war’s future in tense phone call","https://news.google.com/rss/articles/CBMifEFVX3lxTE9QX2hlaGsxTjdCRjhoMHNuZ2xFZ1lCb3JnRlVXTi1PU2NNXzgtNWY0eXhiYk41TmZSeFYzS2g5eWVtUmdxV3otbU91ZGF1VTFvSURzazZUNEtvLTVER3E5QWcwTjl1aEptU21IWENpWTRIR3pxQzF0WGc0Nng?oc=5","CNN","US","1779318636000"
"Why reopening Strait of Hormuz is ‘too high’ a risk for merchants — even with military escort","https://news.google.com/rss/articles/CBMirgFBVV95cUxQckM1RjBTOE1hNzdQMDI0dVJONi1yTjlJQU1sbUNBbVhvX21sZXBmUlR2Yk5vdDA1dXF1X1FTcXNmUGpHa3ZJV1RKRmctT2doWGxOSXlLWTdjQVQwWEtDVmRRQ0JjWGhtb0FjZVRKNHNTWnc0UmRmT0tHUmN5a0NhZmFNRkx1dVBCME12emZZc3lVVzYxTnpUTHFZRndZTlVNa0Nnckc1WVNmTEFzd0E?oc=5","New York Post","US","1779318540000"
"U.A.E.’s Secret Attacks on Iran","https://news.google.com/rss/articles/CBMid0FVX3lxTFBlYzdMaExDNUNMQ2FfSXdyVklMaW5OaWV0OG5iWDA1SEE2bzhuYTdsY0pHX0wxQndKOE5CM2ZGeDFVb2JHeXlFekhQRTFWTHdQcjJVemxXblRhclcwUWE0YXdZSEw1TDJEU1ZjRWhzaWFMSkx1eTJV?oc=5","The Wall Street Journal","US","1779318499000"
"Consumer confidence rises slightly following signs of Iran ‘de-escalation’","https://news.google.com/rss/articles/CBMiwgFBVV95cUxQaDNxZDQzb0hrN3lMQ3V5M0lJN184LWlKVG5hSVZUZ0lYZmxyRjdHVFVSSWloTTlxLWJtS2xBTTZrRGlnRXNoZmVvWHNJMWxxWXZ0WTNYaWtSX29NQTk2bDJOOGRHdEFETFFJM2Jjb3pvSzNkcjA4czJqb0Zoc2x4QTBLNmREUDhYV0lKLU5qNkJRR2lsX3RnejQycW0yaTNFRjlKSGJZWGdtT1hHVzBZV2dsS2VlN1RpOV9XZ3VUVmxIQQ?oc=5","The Independent","UK","1779318060000"
"‘Good Looking Men’, the Iran War and Déjà Vu at Trump’s Coast Guard Speech","https://news.google.com/rss/articles/CBMimwFBVV95cUxPWTN3VGRHR2RCX3o4M2pPRndVSXUzaDU4MW10QXR5UVRzZ0FrV1JwUEpnMVU3UHM2dUx5ZkpMNTFOOXFZd3pHbGU5OU5qOU91TEw4dEJIWVItdUh0RFJLSU45dm9lYnJqa0h2WU80YVpDN3FfaDI5TUpaa29DdzEzYkRBSDFpZG9zMlFRS0d1d2JTOExCTzJzcFF1Zw?oc=5","The New York Times","US","1779317597000"
"How IRGC’s ‘permit’ threats may impact submarine cables in Hormuz","https://news.google.com/rss/articles/CBMiSEFVX3lxTE1yMTdMeEk1VXM3cENmQmpIbTh3NmRrR0swRG42ci1LQW5PREMydzVrczlUMFhsUGNzU3VRNDVYUzN2QnZBOXAzVtIBTkFVX3lxTE5qRVNCT01HeGNLTWtYYWVYVFU1V2txTGhSR0tCbW02VUoyR3dvMEpzOWFqSHpORzZ2dFVlMENpdmNaN04xMksycXdabm01QQ?oc=5","Dawn","Pakistan","1779317238000"
"Can Republicans Win The Midterms Despite Trump’s War In Iran? | The Big Ben Show","https://news.google.com/rss/articles/CBMitAFBVV95cUxPMjRWWVBfel9iS0UxT0JNaEFURDFUdDl3SHJTWDZwS0JEaGZ1Y25janJVU2tmcEdISzFMWG9uMUJCelAycF9qUVQ5OXNLOGhJbWhyYy16OFRTQURWVmswZG8wR1RvV1B1MURvaE51NG1adUVrTlRRYXJhVHp1ZG1vd0g3ajRqVVRxMEx0bmN1dkszazlxRGRBMDI5aHJYS1A4VEFxOXJHNFRsbGNra2MwR2U3bWs?oc=5","Fox News","US","1779316883000"
"Gold Steadies as Hopes of US-Iran Truce Lower Odds of Rate Hikes","https://news.google.com/rss/articles/CBMitgFBVV95cUxPN1VlOEpmRk5zaGdLSmVHLWR4c0VySzBiX2s0cHY2ME9sZTlaczd2X0J3TzRGVVFONTNqb2lGTnkyM1RfcjZXOVVvSGN4Y28taWdiSVJGMGV5aU96cTVGZDJWLUc2bUZ0M0gxNVoyOUpEM29rS3lNbHJCTEdTX0dTQjkzb2J4OGNmcWp2MlRPWndZUm9xaV84N0Jzd3RMdXRTV292MVlnbVZZVDQ2SDJGWHh5SENUZw?oc=5","Bloomberg","Global","1779316707000"
"Trump faces growing risk of losing key Iran war vote in Congress","https://news.google.com/rss/articles/CBMihAFBVV95cUxQeHctcXVReFBaMF9scGtlNzNTMWtFcUFFUnZsNUdjcGQ4R1BJX0lETlloSzlWMVByRWpzd2xrNS1HVTNVV1A2SXowbFJiM0xUSHAyUTh1MDBzNDAwdTRvZVktZHRwOG1RNGtacUdrdnFMcE9YR0pIS2NhRlFPVnAzREVkZks?oc=5","Axios","US","1779316344000"
"Iranian oil smuggling surges again","https://news.google.com/rss/articles/CBMie0FVX3lxTE8zeE9hVGdoUmlFWm5RSktNS1RKV1BKenJWbDRPZFIyeVF6ZEZLbVF6TEN2a19tX1EzVWRXUm1fWWJnS29yRFNfZGNuWWx2YTE1UHhrNk44NUNtZVIzM3JtVVJLc2dfd00tb0w2RE5sNHd1LVZZYUlmdlFlONIBgwFBVV95cUxQUHZEWmlyOVkyamk3cG9nODM5Z1hBSkVlX2M3REx1cE4tbUNEVkV2OUZRczdpbllyVEVKanc1dTJrVmRQcHhkaHdMdUtoT1FpTXF2b1R1R2xpYl9wTDl5MkFXVHlnWUlJU1cwbWpPMGZWcEpyd0FxNXRsMEl1TnFnUjZfVQ?oc=5","The Express Tribune","Pakistan","1779316200000"
"Peace efforts gather pace as Naqvi returns to Tehran","https://news.google.com/rss/articles/CBMikwFBVV95cUxNdWNjT1ZBUEVqSy1weGZUbkRXMW10X3BwcGsxV01QajdvYll0RkFId3ZxaFo4ZmhMQ2hLbTBORUQxcWRZNWUzTjRja3p4cmQySGV1QVBiMTBSc2NxZmNRODlZOFpWQlE3djVwaW90aDZ5V0JjT3Axc3djWlpHZHgzS2lPdUNxRzExYjJia2Fhb0V1eHPSAZsBQVVfeXFMUDQ3WjgxXzZxT3otUnYta3p2MTJuT0Y3c2FQUFJVeEtHVC1GVEZlZXJIT2ZlLVRHUWlFczY0bkhQdWNWdWhFLUdLRFRXOFg1LUdOOVdGWFhqUGViQVI2R3hiQmRmSEpyb09yNWs3S185UTAxODczQTBxSWtfU2RRMVJaelJ6ZVRQTzdxeFFWUnhJUE0tOTBoWGlyekE?oc=5","The Express Tribune","Pakistan","1779316200000"
"Trump Denies Oil Sanctions Waiver To Iran Amid Talks","https://news.google.com/rss/articles/CBMiqAFBVV95cUxPNUZNWDFCQWhXdW04eUVOMnN5TmMyMWc3U0VLNnZvRFFOVWp6WUFyZ2RRNmIxUlF4OXdyVmt4UFBnX0QwUkF3THJiN1ZYakpCcWRFeGpBYTJ3RnpON2ttc0NRNERhSVJTVUZYejE4VGw1ajk5RHZKcmZGY3NzWjRLbnpFbnB2YjItNjFBMVkyeU92X2RXcGVhSDN5eEI2enBydWJmTXpWSDfSAa4BQVVfeXFMTjRhZXFINUpXMzBQVW05UGtmbWRaNzBRN3Q1T2pGZlROSkg4SVZCWnhpMk8tVVpxOU9sR0pTcW1MM2hjbllQZXd5d2hDdzhfNWs3aEVnZEN3SXFwQVlGREtIWEdxQXhKclZ2Vk1ETkVoTDkyaHg5QmcxZ2RKWVh5SGdJUWNyTUhFZVlNbi1MTU5mTU5rNm10NXJ5SlBsWUVXWEtYR29pZnFqUWVSM01B?oc=5","Al Arabiya","Arab","1779315454000"
"Oil Edges Up After Plunging on Optimism Over US-Iran Agreement","https://news.google.com/rss/articles/CBMingFBVV95cUxPYmIxX2ZSVllHWks3Vmp3aU5wdEFac0drTk9FdmlYVTBfRUFRWE5IM1NqTVVlWW1KSkFIbWtWd1B4ZXNoUFBhUmZVOTVITzlud3hHZkk3TjVOWUs1YmZKcmNvQm1MVS1zcWJhdUNhSWw1VldZUGladlNqRzVuVlRXbUlIZlMxcVZxSGJuMmd0U1FSZWNfbWI2aTRJdjk3dw?oc=5","Bloomberg","Global","1779315113000"
"May 20: Iran warns against any new aggression as Pakistan ramps up diplomacy to end the war","https://news.google.com/rss/articles/CBMivwFBVV95cUxNOEtURVhxTHhXdFJQcFBYU1dWRDJXMjVrWmd4N0J2bEZET3FEYW9mMDBqNUIybmVGTWVfY1h4cElRSHFBUTBmV1NlcGpSRlpVbmE3alA2SlBmQ2pGdlYtcVRka0EyNUtPVjNCRUlXdTduLUJVZFd2MmZ6NnVGSVlya0xRb183TUk3Ym94eTh4djRWTjZ1UE96TkUtRHVsdmRIcW9oenhidkpWanhFb3hFR2NMWHdKUGp1NFdIMGd6NA?oc=5","Press TV","Iran","1779314520000"
"""JUST KNOCK OFF THE NEGOTIATIONS"": Gen. Keith Kellogg Calls for Resuming Action Against Iranian Regime","https://news.google.com/rss/articles/CBMidkFVX3lxTFBDTm1wcDNqczA3Z2llZl9EeFZuU05MUXBpd1FxUDZlMnBVTkpoZU1SRWxtUjZTcERCQ3hERjJJNFhHbDNzZS1vSWp2NGt1M0paSkMtcU9IazhtOUlyVDZkbEJhSjB2aFFDZzYza1BPajd6ejBWNGc?oc=5","Fox News","US","1779314414000"
"UN Secretary-General ‘alarmed’ by Trump rhetoric on Iranian energy plants","https://news.google.com/rss/articles/CBMiyAFBVV95cUxOVXJvU0FLTmlUNFN0QWo0alZWUFFXVzRJVHozNmpKcnZTbGtzZlk2bWtIUWZ3RHZVUWJiSE9ubDlaZmlOOWZheS1QaUVJLS1XREl6UnBBN1c0b0M1OHRFYTBheU1UT1BRejY2ZUpkUHRVTjM5eEZPUjkxUTdUd01tTmVrdmhpU3NUcnhLOHhETVd1UlNxVkNveWR3UkFObVFMbHFlWGJvRlVPZENtVDhSOHVuM1d3bjNQMzk5Y3dFMFNrbk4yeUM3TQ?oc=5","Associated Press","Global","1779314020000"
"Iranian regime hasn't changed its stripes: Vice admiral","https://news.google.com/rss/articles/CBMiVkFVX3lxTE9XcGZhQkVCbHJJRHRyOHRFeTRKazE0MkJuTVdpWEpFV3cxclVteVlOTWlIdlYyNGRxZ2tfSy1veW1FOHdfU0UtNUptekFsdnpMWXZXMW5R?oc=5","Fox News","US","1779313787000"
"Iran's Strait of Hormuz management authority defines supervisory zone","https://news.google.com/rss/articles/CBMirwFBVV95cUxOd19GaG1NOF9yR0dPNnhxbnBRdGhOVzE5MmhxZmE0TGFhRjJ5cC1oVGlvWHZyLWRLenljb1lER3QwMno2VUozM2MxRV8zdEZFN0I1OE5HWEFjM1VheWplS05kRExBU3k0b1kzckR0UDRidTZ6LWRGTEp0RVBvbHJ3WEZCRzhoQVZQcmxJdkdqN1JYOGdQMXRoSU56NXpJNUZLX2MtNHhBS1huOE5rS3hR?oc=5","Press TV","Iran","1779313440000"
"Iran says reviewing U.S. views as exchange of messages continues through Pakistan","https://news.google.com/rss/articles/CBMifEFVX3lxTE1CX1Y5ZElfRDNFc3E3RUtNWTlTdHd2M0VYeVJ5VUtUZkF4VTd6OHF4dS14Tk9UcGNkaXMydlM2Vm5SeFNtanhRbjdkN0t5MjlVaTA1OGYtbWQ0N3JfbFlnMnppUi1EaC1OZTZ0b1JVQUgycVRmTHVoMXhjTUE?oc=5","Xinhua","China","1779313320000"
"Opinion | Trump Reaches an Iran Crossroads","https://news.google.com/rss/articles/CBMieEFVX3lxTE5PeXBRUTlNLTV1a1lsb2lTeUh0WHhnX3V4c1V3X2JsMVJVaEpGNUhLYkpEWnBIUWVNR1hfdFprQk5nU0IwOTJQNEVRclpCWnNRdVVBZEJuZjRzVXJVQXlIdDNmTVN6NmV5XzducEtCbGlFSEZ3Nm1Ycw?oc=5","The Wall Street Journal","US","1779313140000"
"Reeves to Set Out UK Cost of Living Plan to Cushion Iran War Hit","https://news.google.com/rss/articles/CBMitgFBVV95cUxQVjFYU2kxcGhrbVNNSHdlUktlSWxoYVRIRGZRcUM3aEdDTEZUYnY0N3h1RTA0NUFEZkZZaEc3by1IVWdISHRCWWlobmNMWWw4anFDZTg1LWNHRDJocklhcTdFd2diQ1BoakJaNkM2Ymd4dDk2OHJjelZKRnQ1alprTDk1OFRJTzRNcWxoZHNWS3dJYmxfRkloRXpSQzdMUlVvUWViemNxazhoMkpMVG53VkFCbmloUQ?oc=5","Bloomberg","Global","1779312600000"
"Experts raise eyebrows over NY Times report US, Israel eyed freeing Ahmadinejad for Iran's new leader","https://news.google.com/rss/articles/CBMi2AFBVV95cUxNb3VveHhxV1g5bkFXczRnWjE4RWMtS1JRZHMyc3h5T0lJSXdSSkR3UkF1UTdTYWdFdDl3QkZnREU2Zk42REpZREp1c2pfelFaOHpscS1SdjhvUmpESnI1eVpuUHFxZFNzOGxVYWdyVVprNWlrZHZBMi1lQmh5NFVvZy1XdGlOTlZFUG5aMDR3QVdKeUNJMVpJRUxDR0FBSUZBTnhGOTRWNTFTeFpGLS11ZS12cUl3cDR0VjVkbUE0dkpJTGxOd0dfSm8xc2ZFNzBLQVFBWmlfelE?oc=5","New York Post","US","1779312120000"
"Mojtaba Khamenei using ‘bin Laden template’ to survive, learned from Abbottabad: analyst","https://news.google.com/rss/articles/CBMiqgFBVV95cUxOcnpOS2JaNU9iN0NhUVd0d3JfcHVvS3ZTZ19NeHdXa2ZETXV3S3BaN3IxendLaTJ0YzRCUW1SQ01VeFhCdC1qa2lBSGl6RDZ3dmhUYXN4eWxVWW9zVjctU0ZXRnRMaU01c0c1Z2g0XzZ6WXdnVWFjYjZWQ05Xc2Q5TjR0MkljVTBHX0c1NU1aNzhZWlhMVXhva0NIa3pmNzNJdHBOZkhLZ2xod9IBrwFBVV95cUxPTW1pYjVYX0x6RThXVjVfTUpmcnFzcDI3V1dYMFV3aGZqYXZkdGhQTjFZaUFMNXBoMUtQRkRGWVZWei15X0F4VE9neE9oNkFja0RPQUU5aDJlU0dsemxaWmtTblZmYkhvdVhSQ1VhdXJaN1dGUWVUMUY5Rjk4RDJiZ2hybnY0Z1Zkelg3eE5oSkN2QmJBTUhnbUVOZUI3a2JPb1A5cDlaaFZjcnl2S3hz?oc=5","Fox News","US","1779310900000"
"Trump says Iran talks ""in final stages"" as U.S. waits for ""right answer""","https://news.google.com/rss/articles/CBMifEFVX3lxTE9TRkpEZGk4OE1xdndkQ0F4SHBNVFRQRFpPWDFrcG9KOTgyOENFVmFGaVQxWFl5VUE2eDFQUXdaYTJrb1FXdXY1aHI5dm43U2tvSlhvS2psMEJBV3RKbWFoN3QwVmNWaGs2endKMW42aDAwVThnTHVPQzdBdDg?oc=5","Xinhua","China","1779310860000"
"Iran’s newly-created strait authority discloses ‘controlled maritime zone’ at Hormuz","https://news.google.com/rss/articles/CBMi1gFBVV95cUxONExkcVE1cEFrc2kzcXNnREpBcVFLQjFaa3J6cU92TW9HZTZPVVZYSnVINDRaZGdnX1FPbWFHVkh3dExXWWQzUU9HWWZYaVhzMHh0ZjZrcklqdzhVbGxsREMzcTU5b1ZjOENyeW16X1kzYnRGQWdKa0lfc3RuQ2RHbVN3SFEwYV9XdGpxOERJbUg1Tl9MNTE3TVExLU91M3FSdzNfb2NTTHl2SGZfNW56V3FrS1lvN01MLU1WLUQ4bTRDQ1oxQkFRZmhReHBtNkwyY3dFWG9n0gHbAUFVX3lxTE5vdnhEM2E3Zkt3SDNjN0hfTk14ejZyc09kS1NVUkR6SldaakJoOTVuNUVKbDZnWE9lX0FHM3dORlZ3NkdmZmN2dnRMT25DaXdnY094eTRJMUpMYllKbXhUMDlsb0FGRk1tZW5kVXBDTDgtVkFNYUNhX0RGLWdXR3lWWWZPUzVfVkJIb2hwd242cVZOWW5NeVNLcUZHLU44U3ZHQTdNOVN3eUpqdl9yLVpnLW5qWGM3T3k3NVpIWVYtU2VOUmcyZHlBbnY3Tzgzai1WTHAzVnlwZGtpRQ?oc=5","Al Arabiya","Arab","1779310800000"
"US filings for jobless benefits hits 211,000 as the war in Iran drags on, clouding economic forecast","https://news.google.com/rss/articles/CBMirwFBVV95cUxNXzZsQzVtc1ZzcGw4azhwZzItckJ0aWh6Q0xFY2VmSEpibGxYc0psZHkxVlZmN0IwcHZ5TTVuQjQxeU94NEhhRFkzY1Z0Wk5LaHpTWWZKLUZ6dDQxSXZjVzEwbXY3Rm5ISjVxYlAxbndPeTRsbnpNMzFBWHFyTHRkaDJoTEJsVFhfR0hxYWxoX3BiVHNnTHNOeFZxVi1EOXhybDJYTEpKTGtuTUY0bFAw?oc=5","Associated Press","Global","1779310639000"
"Iran says it has created a ‘controlled maritime zone’ in the Strait of Hormuz","https://news.google.com/rss/articles/CBMivgFBVV95cUxPNTJLV2NaMTBMZE9CZy1IVUMycy02dHRTcS03c2VIMmJTOEhvUUZuRGdLeWFwczBLWXBhV1NaUWJZazNuNjBNMFgycTJMRTJ3WHF6MHFrV2ZZa054YzVmTVpfa3EyR0dRM25ldEhxUGhhQjNUSWlfVDhUWmNMcEFpdTZfdFJJWkg2aGhLc1RNMFp4OUwydWJIdzFfd3VUTmZJTmNyS1FWUWlLb1g1bU9PS2JIQzRIbksyenNncGNR?oc=5","The Times of Israel","Israel","1779309362000"
"Forcing Iran to surrender 'an illusion': President Pezeshkian","https://news.google.com/rss/articles/CBMikAFBVV95cUxOZC1idmhJc1QzcnI5NHpSbXR3Rk5xdm1yNEpyc01DNWVraWQ5M3A4NHhTeG9HUGx2b2lmNEw3YWZIX3FvTmcyV0Y3b19kNGlkNXhnX0JpNFNEdUlXN1lRYUpTUXBXQ2NUQlVHS1RsTGxpdkhQa3J2TUpsTDZlYWUzbW16b2F4TnptMjh3bDVlZF8?oc=5","Press TV","Iran","1779309180000"
"Feds probe suspicious oil trades worth $800M made just before major Iran war news: report","https://news.google.com/rss/articles/CBMixgFBVV95cUxPQmxVemxTM2pDU1ZHUGFBOS1XU3JDVnlSMC0tcGJVS1BJcXlOb3ZKalZJODQzNEUzd2VxcGlfU1VhR21YSk9TUExkN00xYzk0eVpvbENpWGNPcGhxQnZKdkMzS3N1NmUya2Q2M2RKc0psbDNzcjJsWWF3UlVDQ0ljTTlqWDFQUm1UVFhwTnI0eGJvbzFrb0poMGZRMVVzQVo5YlFMbTRHZEpCNUQyQVBrbTA3cm1YNzZUYV9TdHBVWEtiMXZLUEE?oc=5","New York Post","US","1779308280000"
"Lessons from US-Iran war - shifts and changes","https://news.google.com/rss/articles/CBMihwFBVV95cUxQUUlRWm9paDF6S21Ca1pfWHV0X1NjTW5jWDJmTEJEZEwxeS01RVJObUprc194NV9FS040a19lUklnUWFVckV2TG11UVR1MU9zYVM1TC1HS19ZRlFYdWtkejJuM05vUkJ2T290VEk2b3VhSmY3OE40U2R0TnNuUGxOSmdOcklFc0nSAY8BQVVfeXFMUEU4dDRqb1g2OUh2YzgyTF85bGxmcWpiRm13U1A0emg4dVZ2dzFTQW1uQTRJNGd1UV8yT28tUzhyQmtCT01DbUljQjVoYU9WaGlHTm8yU1ZONF82Y1JFY0MwU3RuM3hEVU5wcnBXN3g3allQR2syQWdhUWY0MktST3AxZUpVVEpsLUJkZ1ZudGs?oc=5","The Express Tribune","Pakistan","1779308269000"
"Trump: Netanyahu will do ‘whatever I want him to do’ with Iran","https://news.google.com/rss/articles/CBMiVkFVX3lxTE8xQ2s0OXh5MUhaeTRaZmZDTXFHTlhkWGtCOW96ZVNyQ3VwUXRoWG9VY1JDSnktX2RqT211WTBzOW16cFk5Rk5zV3l2bWFaYjR3MEhEVDZB?oc=5","Fox News","US","1779308161000"
"Turkiye's Erdogan tells Trump issues with Iran can be resolved, Ankara says","https://news.google.com/rss/articles/CBMiqwFBVV95cUxNNVl0MFJxVlp1R1ZyVFZOSWhBOW1qSVpIVGMzZ3REWVJjUnlaTERhTnVCNGNEc0JvQVpTWTFpZlUxTUlzdXVhRXBUbWhuQUZTNlpGOGFPUWltUktYZktVanhsXzFYdjF5N3FBZEJpY3Zmal9hTjg3TlpRMTU2MmtNOTA5WFU0TGh2MFJMUUxOYlRRSk1oa3pQVVo5dXctS3kyT1BQMHl1b2RnZFk?oc=5","Dawn","Pakistan","1779307924000"
"Iran Threatens to Retaliate Beyond Middle East If US Attacks","https://news.google.com/rss/articles/CBMisAFBVV95cUxORm9LNkVHZGlQUjNCZE9ZaDBySUZoaGRkb1pHLXFIT1k0S09faExDb1ZhUFd0MUtCZVNoV3RpM0lGbjdVYTBiRTVxM2trd1F6dzhWSlNSY25xQVBWbjFFbE1WaGlsVE9HNlNwRGNQc2NMc2hIRWJUd3VvNTVKT1VmMEF0WEtRTzVZY3Vaa0RKdFdkWHpIaUFtOW0tN2xpY1lCM2ZTMlF6VVhKSlFFckYzNA?oc=5","Bloomberg","Global","1779307867000"
"Elf Beauty forecasts weak year, flags up to $20 million hit from Iran war","https://news.google.com/rss/articles/CBMiwgFBVV95cUxOSHcyNGIyd2JMc2czUi1MQXljMm5ONElVSUd0aGpkR05idXlvUVY2UnNOd3FfUVd4eGdvblcyaGxjVTJyU2puZkdJUUpWc1ZrNmVLaFlYMkdJcG5Ra1pyaGthd0RmOWlqVVpWSVpTcjN6QmZud0RMaFgwRXk0NUk5d1lsa2xsLWxOSnJsWFY5bjg5bGxGZlpSLWhfSFhadE1Kb1FERW5MRXp0U1NGR3JhVXZwU0JUeGE1RzVBTEFhZjg0QQ?oc=5","Reuters","Global","1779307844000"
"Trump Says Iran On ‘Borderline’ Between Deal And War","https://news.google.com/rss/articles/CBMipgFBVV95cUxOeEdxQXoyZFdlWnBzc1ZxRFpvbVNqbTBxWjAxaTg3NFc2VTMyRkg1QkpKM1pkRVhNVHdWalJUdGtFa1lBNHNmUkZRVXZlWkJmNjlBSHJHQ0FrZ0lTZ0pITzRRbDNfa185WklXd1o4bkxiUUNWTTBEMDZwa0F6N3lEeDBOYW1mWWpGNWpYUFdOZmxHLWpwVkFiMVRtYTAxdjhjbk1nNGNR0gGrAUFVX3lxTE5ONVJYNGhYSXJxNG1DVFBYNllDNXVMS2RNZzltbU1KUm91WmwzWDBIcHZSb2d6V1NPN2NjbEtOVndiaEFUYWhGczJKVWRMRjNwS0J6VlNMUFZNclZMQm1WM2twNHo2bG8xa2RHd3FIdG9fQWN3dkFmS19fTzFITHkxMlR5UEN3VWlnSVFueU9Ca19lNXN6Sk9QY2p2dFUyQlRWSVEtWW52Z0RLbw?oc=5","Al Arabiya","Arab","1779307636000"
"Iran's IRGC media operations finds a UK base","https://news.google.com/rss/articles/CBMilgFBVV95cUxPWHRqTW0yZXllSjVta2VlZjdvLVdHbVNDaHU3VW9XdUlyM3pneGM5dmRhV3R6cDVaSkJVYm44dGlVVS1ENEs4Rjl1dGNERGtydHE4V2x3M251RWt3THVhRnY5YWNXMXFyc0p5eUdPTkVvcUtQWkswUWVhR09ibmEzaExmdWNuVG44T2hic3RVQWNYdDI4dGc?oc=5","The National","Arab","1779307503000"
"Trump says he is willing to wait a few days to get the ‘right answer’ from Iran","https://news.google.com/rss/articles/CBMiwAFBVV95cUxPbVhoNm5hb0RJM3ByYnhpQy1IZ05mUE5qWjBvb1RWb1hrU3oxVDI5bHM2czZUXzRjSUZiQmFid1hXRDB4NVRYdHNJM3ExcW4tNG81blMxWWs0SzhBTEZjWlhXTDNOaFhEYXRVWTFSNVlpS1VId2xhVFJabGE0aTlHa3duekhETTM0MWVscC1oNVpLM2pIU2loeFg1Vjg0UVE1NHJxZVdjWHZaWExpeGpfMjE3cGZMQ1dwMnlPNllTVnM?oc=5","The Times of Israel","Israel","1779306906000"
"WATCH: Iran FM Araghchi addresses memorial for martyred foreign minsters","https://news.google.com/rss/articles/CBMiqAFBVV95cUxQaXJwU2dYblFnZUVmTWMxRjZ6T1dQSE5vVWdHeU9pYnMxclRYZnNfeUFmNkw3ZkhhSm1KRllaYThWdThDSEYtYzUtZEhPSEFDUmZzdUFkQnFJdjRLOGY4cVFNckZtbi1aaFVQTEthOVBUQndyZHlDWnFkc0hFUzI4QndtQVFfanZfbU5WWEFpbHFrTkRhU3pJdzRKZG50T2JIQ2hMNVZSWG8?oc=5","Dawn","Pakistan","1779306543000"
"Trump says Iran talks 'on borderline'","https://news.google.com/rss/articles/CBMiigFBVV95cUxQUGluMXZ1WFFHZXdvaWVvdjhyNklVMzlMS19FaE1kc0RmaHVPZVFiYW5YRE5VcGhwN0Z3OUxjV1ZOUmItTmFVeVlrcjV2UmJRQkM2dTJiT09SRFZNc2pBaVB2c0dUVTd2MHdKMDJzUHg2TjdSOGZfTGs5VWFsenlOVkVfOVBLNlgtZnc?oc=5","France 24","Europe","1779305949000"
"Bibi's hair was on fire:' Inside the call between Trump, Netanyahu on Iran ceasefire talks - Axios","https://news.google.com/rss/articles/CBMiakFVX3lxTE1YdzVRNmFkalNmeS1Mdm03YkVmZ2JjUlRpTjZSbHVuSHhmeWVXdUdtdTlfeDd4WUJMRDFIMVh3UGhRMEpyVXVmWjM0MWFqZHNWaGU0RWRQVmpQZzdQdGtqRklnNVFDdXdKdEE?oc=5","The Jerusalem Post","Israel","1779305721000"
"Hormuz submarine cables face Iran threat","https://news.google.com/rss/articles/CBMiU0FVX3lxTE9pbUQtaUVVckxxeGZnMU9yUHkwSEc1TUVDOFB3QVBRa2tvbGs1SE5IUEhlSWJiSmlVck9RTHJ4dm5fUXJyNzdzcEVyLTQyVXVEOGNr?oc=5","Arab News","Arab","1779305600000"
"Erdogan says he told Trump a ‘reasonable solution’ can be reached with Iran","https://news.google.com/rss/articles/CBMiuwFBVV95cUxPQlI0ZGI3SnZaME5oalhEaUFKRURpc2lrV0JVNlBITzY4OTRrWW16bmNucW9XbHVaREJNVTVyTWJ0eTRjdG5LWGprVVc1N1hUeXpIbjBwUVB5RGZNdjJ0SElWZk9lQldUeWo2Rm5hVEtoMkxIcUVGd3dBaGVYWTNXd2JyZVBuNlVsOV9RZEhDSEF0Um8zOHBoQzR6QmU0VXhCRU1mM2VvQXIzSmN4VE5hQ3N4aDZNdVZBMjQ0?oc=5","The Times of Israel","Israel","1779305406000"
"Michael Bay to direct film based on US military rescue mission in Iran","https://news.google.com/rss/articles/CBMidkFVX3lxTE4tdURBa2NhUW9lT09nZTFYUTdOLTJHQ2hPNTRHTEJidTNsOWVtY2tqZkxzOWUwY25GNVZ1bGs4Tlc0bU1kZnVsV012b1dydlF0dkFuMW8xWnl2Z0xiUWN0VDQ4amJ2M3ZJNk5KdkpuTnY2VV92Vmc?oc=5","The Guardian","UK","1779304920000"
"Digital bottleneck: How Iran wants to use internet access for leverage in the war","https://news.google.com/rss/articles/CBMiyAFBVV95cUxNLWh4NnVQNEdUcGRPY1JBbktJbHdNMXVwaXFLS0JLellINlZ4NGFxX09zWTVBbWZabzYwQngwNEE3a05xbFI0amZTaU1ZM2h6ZlJZNnFpRUlXem1YeDJVSC1EN2pyWGNMN21WWG1PZkc3X1V4X3VHVkRWeGt0VXh2QmNxLU50RGh6M0hoYjFvaEo0b2VpZ1ZKbWFQRHRZczNJUGNoREc1bDFwbTM4S2dqT2ZVRmlkZjBWZ1BXbEtFaEVmUWVJeVYwTQ?oc=5","France 24","Europe","1779304726000"
"Iranian Reports: Tehran Reviewing U.S. Peace Proposal Submitted via Pakistan","https://news.google.com/rss/articles/CBMiiwJBVV95cUxObmRwSDhpSk9JWW5oYkEzc0ZVYVlPbXZ6U21FNXUxdjlmYmFOVWVYWENCeS05Z1VOVkFIcVpIaVRvSjZ5dUZ0QlZiblV4YXdwUi1LR2RMaGhMNUQwTTZYNmllM3IxaExYRW1JTnh3Q1U0d2dYODRtWU1tRGQ4ZnVmSnJvcVlLVm9FQ0JnYi1DVEFfN3FLeE02bGtmNzk5aUJnZ0FzaV9yWGdueEpDVVI0VE4xdGhpS3g1LVRLUjVIaUpRUVhBWk1MaHhKamVuTFlaOU1fZGxtUjJkRmJ4MUp5RXNJNnpjbVI5Tl83MkFGZGZ1a2ZZOGZGQWlvY0w3SmNTeGhFb2NLLXZfOFU?oc=5","Haaretz","Israel","1779304500000"
"Trump Says US May Have To Hit Iran Ever ‘Harder’","https://news.google.com/rss/articles/CBMiogFBVV95cUxQamQ4Y1JNSTVTdHY2QmlLZFhWVmFkSzdHNGIxSHpLdUxKWVhLSXNKT0FpVmEwZzhmQnBNamNBYlQ1U04tUG9xb2k1RzF3dUhsSXJzLTl6bFk0STNaWXB5WEIySnhQbk5qcnJsaWk0TlFIUHhrcHB6TGJvZUVJUUFfM25IcVpmek5SSklIbm9iSXlRUXV3WW9RUU5ETHo2QVd4bHfSAacBQVVfeXFMTkFtUmJSSURsOHdtaWhzNE1CTnNrYm41TG1oQTkzdENieVJWZ0V3RVNDMUlfcGhoSUdZejZOSWp4YVkwWEoyVUtHMDI0QlNnTmlkcUM4VVFZVlFnVzFuTXJhdDRpaGF1LVAxdkcyVmI2Z0gtMG54VFdhVzA5WEdNTE8yMmhjalNHenBIT25FRkl4cnVyeldELVRJaWF3aVUtSVRRcDNRYWc?oc=5","Al Arabiya","Arab","1779304025000"
"US military boards Iranian-flagged oil tanker in Gulf of Oman","https://news.google.com/rss/articles/CBMiU0FVX3lxTE9feXctcWZKMWt4cnpXcWt0c3NzeDZuYm00TENvYUJvWjE5ODFQOEs1bS1CcjJYWVpZSm5kQTVFcGRVN0VMb2xzc1g4Zl9zdXl0eExZ?oc=5","Arab News","Arab","1779303948000"
"Reactions to Massie’s Defeat Prove AIPAC Is More Dangerous to Israel Than Iran","https://news.google.com/rss/articles/CBMirwFBVV95cUxNaG93ZEdiYVBycTYxX3hFbk9MVDJDeklwTXViTEMtWFZwV2IyU3d5UVFpTDFrdFA1M0hQdUV1QTk1RTV0T1lRVXc0OGt2ZkFRRDI5MzFhZ2Y0dDVHTmFDVExPN0lnNmVMQ2NhR3dqMVJITzcxWGpIVmdLMThnMUVGX05MMzgwLVNYdkxCTkhtTUFMckZBdHp3Mm12c0t6STZ5ZW9uLUNmWG1jV19GU3k4?oc=5","The Times of Israel","Israel","1779303900000"
"Regulators looking at firms over oil trades made before Iran war announcement: report","https://news.google.com/rss/articles/CBMiqgFBVV95cUxNQ2pIVVNKZzZESUZhaGxVMkFpOExZYzZXZDZabTdlelNNWWJKbjZOYm9ZcWlQVElhaEhVUm9ldFhtaWF0aGdLYk92Y2V3dEdaX2VPS24tV19XamVoTlFaUmx1UTVTYVhkdnZkZWEyeHlWejhzaWl5a2dTbFdBazhvbnFKdVF0c1V0a2UxZGZTaXpIYko4QWZSdWJTWXYwY09vNlFycC1wUG51Zw?oc=5","The Independent","UK","1779303840000"
"Turkey's Erdogan tells Trump issues with Iran can be resolved, Ankara says","https://news.google.com/rss/articles/CBMixgFBVV95cUxQN2x4dUMwZHFRcFFwUE9jbkxuY1owNlFzaFh2LVkzZXRjODk3N2FrSXFMSEFKTlRFZVB3anlDWjVkM0NTaGR5VHZ3cWNSYjJOZzFJdEtYWkV0U0paVU9MZEVYbl81b2tZVTZGcGJjVV9ReGV5anllTlUzNXkwTjZLcWJmSFRpZGRTSnZPVFdLbC0wZWl6Q0ROQ1VOTFdBOW9aeVZyd1BWdHVya2pXdFIwdDBaZXFObU1uLWc5RkNEV28teHp6OWc?oc=5","Reuters","Global","1779303266000"
"Trump: US in ‘final stages’ of talks with Iran: ‘We’ll see what happens’","https://news.google.com/rss/articles/CBMipwFBVV95cUxQTXJyRHlxdC12UjBWWU9ZclQ3WjRub2RiRHZ3YW5KYy1LZXFhU0xMRjZnWEFya3FGbEJJTE9WTm5KQWk2QkF4U01FdEhoUGlHdXRlVUNfVXctMm8xQUs4WUQ1MV9IMnEyTTFXU3QwcDJYUDhNcGJJNE1VM0dQd0o3M0pwWVA2TDJiWHhObU1BWEw0Wkh0a081ZS1MRFJJN0RzMXdzS2M0Zw?oc=5","New York Post","US","1779303000000"
"Pezeshkian reviews Iran-US talks in fresh meeting with Pakistani minister","https://news.google.com/rss/articles/CBMimwFBVV95cUxPX045M3Z3ZkMtanY2SHZib0c4QUw2cWdCLWFOT3ZDLS1ZNjFDbUhJQnYtd0tmTlhMbnFRdUZvVThFMVYtRGhadDdVbnFmWkI3M0RCM1dpUlcwSEhBU2Q3dmN3c3daQ29HcDd2ZHJNaGp3U3pWTUZjLTVURDVpSnBxNFZNS0lnWUljdE4tR21WUUtNdkpSUmYwSTBKcw?oc=5","Press TV","Iran","1779302880000"
"Oil prices fall after Trump says Iran negotiations in final stages","https://news.google.com/rss/articles/CBMif0FVX3lxTE53MDFMMlhHYmlodzAzdzl2bkNGblRCazdxYVBSNUpsT1pBX3FmRFRtbTBNM3piNjh3TjRXc1BhQ3RyVDhPNXNnNmdzQ1pWdUNONXh4bFRmM3d0ejV6NGRubWh5MlZ3YjBjR3UzRnJCU1poTnhKNms0NllRZTNyVW8?oc=5","The Guardian","UK","1779302880000"
"Trump says US needs 'right answers' from Iran on a deal","https://news.google.com/rss/articles/CBMikAFBVV95cUxOeFRuSWlFbzIyQ3JYaHZJbGZILWxTNEFOV2dDMVkzOFRlSTdvYUJSc1FjV183ckUza0ZMN2s5d3A3U3NiaEpqS05fQUNPYjZtNmRmZ2FXRDN4QVhRSjZLaDR6LVpTOEtldU9VYVd2SEFyQmE2TEQxUEZKUzhEYkcxUTZRMjU2VmVBaVZpNEJReDU?oc=5","Dawn","Pakistan","1779302857000"
"Iran says examining new US proposal as Interior Minister Naqvi visits","https://news.google.com/rss/articles/CBMipgFBVV95cUxOV0x2UllUWGF4dmRJcnM0M0lxWGtOQ3Jybl9NMGV3bEhlcUd3dTVHYkhuQS0tZWxJLWlXWnR5OTBRcnBCei1GSGFFX00yUXN6bVhjandtMHZVY21JSzZaZm1UblhaOEtRZGRpTUFnZWF1a3B2ZGpqY3VPdEZLem8xRUlpclMyeXA2VmhfYS03RmwyX29YdkZVTWNHV0tET0dnR1ppamtR?oc=5","Dawn","Pakistan","1779302224000"
"Gen. Jack Keane on US Marines boarding Iranian tanker","https://news.google.com/rss/articles/CBMiVkFVX3lxTE1OY3NGTlVqVlFLc2JjRDlXQlNhNlAzSHlFNUhfcWNqZGh6QXBJY2pTYVVJc3FST3ZZZDFlSk1jeWFBdTJqQ0FsZlpxMDNKTnVpRFpsTzFB?oc=5","Fox News","US","1779302149000"
"U.S. military boards Iranian-flagged oil tanker in Gulf of Oman: CENTCOM","https://news.google.com/rss/articles/CBMifEFVX3lxTE1ESF9hZTNfazItcGJ5SktMSlhFLTd0U3IxTTBoN2NJSTJvN3VqZUNMX0p4Y0tzb0N5S0NSdjJHbFRYbmFJdkZaVjVCQWRoa0tfcGZaMVJWWTAzUFZ3Wmxsc3JXMVppWUVCUzFLeUdDel8wMzFIanhKbDR1Nk0?oc=5","Xinhua","China","1779301800000"
"Turkey’s Erdogan tells Trump issues with Iran can be resolved, Ankara says","https://news.google.com/rss/articles/CBMiywFBVV95cUxOYmZzNVREZnJQLVJVUjlWWlV5S001Qm5vR1h3b0lkeGNsMTlXQmVCZUtEV2ZoWGgxTzN5QjRGTTVyeTJ2QktKbVNsejRqaGxQTG8tUTI0emw4bUhwLV96UndiOVlHMFFNRTV5Z0NkUVdTUkM0RDhYRnNpbjNpWUFkRjdGR2tzLWpBTF93SGhWQmh5WmZuSjFQLUFaTXpmQmVQaml2VUs2ejV5X2RicU9CUktZU2J3eVhxb000Y2Q1UEtKOTI0b3hlTmF0UdIB0AFBVV95cUxObUdUTXNsenZYaGR3aFdSTGdqR2t1YW4yam5uYTlTVFpKTmFaSXhIekowcnk3elNuREtUTU0tSDFNaklkbEpXc05wdlpEMXJIMHZXYXNOX2dDRUlGQU9oR2RFeENKTE1IT3BrVFhIZHk5TFVlOWs3RGdJZmR2MWI0QzFRSjNzMlpMcVlUQlQzeFdnci0zN1BkbEJ4SV83Z1lxbnJwQ2FndFJFWWdMaUh0UnVyT3lVSTVNdGpFTllCQTBiS1NVejdBMlp5TF8wS2Z1?oc=5","Al Arabiya","Arab","1779301440000"
"New UAE pipeline bypassing Strait of Hormuz nearly 50 pct complete, says ADNOC","https://news.google.com/rss/articles/CBMifEFVX3lxTE1QSUVhbkR6Qi1vdDhBS3ZwMXZIdEVfZzJXNDBCZVhCd1Rqd0syRjljbm00N1lBZVR3OFFhLVdfS0FOaG8yeFZYTXlFV0ZhaEtkZS1xeWNsamI5emxkMHFOcTVWMUUyMldHZFZNZ0tvLWV5WDdWVTlZOFZNa0k?oc=5","Xinhua","China","1779301275000"
"New Iran framework sparks concern from Netanyahu in tense call with Trump — report","https://news.google.com/rss/articles/CBMixAFBVV95cUxNZERpWVNXT0h1NVRvZmZjREpFdk9WVW5zQTY3QzNIcHNyNTB0QzdfbWRNTDRuS190ZjBJMDlTUUZxUFNpMW9QZS1MRE9xcGR6M2FDUEE1YkxHR1FRSG5yN2ZLVkJzUlh4LXdXbkVjOUcyam8tRjZ6c1Q4S2RrWlI3YkMybHV4OWNYYk96eEl4TEhldzE3dFluaF9rV1B5T21IYWk0ejdmdkc3RnZYNW92cDhMUUxuNVhaNm1UX1RubEJzOUg3?oc=5","The Times of Israel","Israel","1779301206000"
"Iran’s ‘hired thugs’ laughed after stabbing UK-based reporter, court told","https://news.google.com/rss/articles/CBMimAFBVV95cUxOWnhzU3FpLWlOVDV0ZWJUcGljRUtvSGlOSjBDQXc4dDdCc0xnS0c1dFltTmV6cGo1Sk9IUTZaNkhrQXlsUm1aVFFuUkNweUx2NmJWaEJSa0JWUmllQmVKS0NjeVpuVHZOcENHeVB6dDdkR2RUUUpVZHVJM0YyUkc4TmZ1VUpEQkdfNEppNDk4ZDQ5c3FxUzcxOQ?oc=5","The Telegraph","UK","1779301020000"
"Trump says US may have to hit Iran harder, waiting for a deal","https://news.google.com/rss/articles/CBMiZ0FVX3lxTE92TGgyNWRZOVZpMTlWeVFpc0Q5WXBTSDM2cnExYnF4Nm9VMzByQXh1enRTN1ptMzNJZkFNZlBVVEtqc3phRlo3aXljZVMyMUlqMERhQkpNbjhjSWEzb0ZWQlJpLVpVa00?oc=5","Reuters","Global","1779300631000"
"Mahmoud Ahmadinejad, the US and Israel’s unlikely choice to lead Iran","https://news.google.com/rss/articles/CBMiswFBVV95cUxQd2lrZHpWWHVCMmFZQm43NDF0TklfclltRHFTV09LVVdYci1NemFPZXkzY2JlYXpzeXF1bjJFYlZWM3pYTUUtalRHUlFnRVlMdW9nZWJZWEFYV2kxM09vSGYxNnF3eGNGNzh2bm54WU5UZDJJUFVjYVc5LXdXWnBoSFhyQnhJbVBrSTZwMjJMX1hka0xkQ0kwc0kweEZUY1VURV9PSER4ZE15U19ORXBPMHlMZw?oc=5","The Guardian","UK","1779300600000"
"Trump, Netanyahu Hold Testy Call Over Iran","https://news.google.com/rss/articles/CBMikgFBVV95cUxNWkM3VjBJLWw3VDZyS3N1dU1vOXMzMFluaVhaYW5pTlFqcE5xNGpxdWhJWC1ael9XdWQ3MjVTdm1PcEZnZlRGWUJicVV0aGh4ZndCQk85NHRoTUV1MjlyWFBDTjVWLWxnTjVzQW54VnhLWVgwTUVFS2ptTlgxSFVTcy0tbnVDLXZCVDI2aGEtQm9tUQ?oc=5","The Wall Street Journal","US","1779300480000"
"Trump and the Buried Iranian Enriched Uranium","https://news.google.com/rss/articles/CBMihAFBVV95cUxNQWFvZUZpanBsNHZhZFRxaTRkbjl3MU14dHlveXhhS3lCZWdnMnlOZnNOV0E5cWotZHdqTGZVUHR4RGdXdkdVNmZCajNaMzBxYmVDbTEyUXp4WkxURGRBNE5RMWMzQUpMTnFFc3MtRHl6ZElzZGdGODg5LWVlUTVIODhHdWo?oc=5","The Times of Israel","Israel","1779300360000"
"US Marines Intercept Iranian-Flagged Oil Tanker","https://news.google.com/rss/articles/CBMioAFBVV95cUxQdS12Z3NvLVFzZHFzZ2hCSGVDY3pkRGZtLUFhM012OEdSTmUzalN1ZnJSamRyQ18xZEd1c0RZaVFlc0FncVIzdDhYYWxYUWtTOXZaa0VxOHdvMHFKX1ZaWnRKVENuWHNFZjhBSHJqRkJnamJ4TnJkQkhRc3FzMFVfOFRVMWIxbVZVMVZSenowN2NhNkN2djQ3T3VES2lwWXVk0gGmAUFVX3lxTE5LeE1sbXQ5RDNPV2hyT09lSEhkNmpGY1FXTFlRakRXSGRLVWp6a2QxeUFtbklueFhyNzgzTGpUVFQtR3lGQnZ2QmZvS2tDOFBYLUNkbGlwOXNZSkptZlBxb0ZMTkNsdUVrd3h6NS1CRHJOS1FBUkREUG5kS2dCS0dubTNHWkx2blJkSVJRNnE3dEJtVHZTWGFYYlE1NnBBOVJld0RwTVE?oc=5","Al Arabiya","Arab","1779300086000"
"Iran says it continues to exchange messages with US through Pakistan","https://news.google.com/rss/articles/CBMitAFBVV95cUxNVW5PVm5BQ3dITm02NkdGTXJDalBrRzdWWEtFUGNZQmJhWk91WDBQa0ZLejZ1UF92NTUxNkFjVGVlZ09SUDdFNXp3X1M2c3NlOFhHcFoyRHJqb0RTSlh2aVdZcW05bXRQazlJNUZ0Q2szTUxjenlaSnZfZ3JLYTdJd0VBSlNCbGM1YWlCci1VQTRXYmNvZTF1WmFBMllaaUxRdVRpaUowQjRBYk9oS0dIOE84elY?oc=5","The Times of Israel","Israel","1779300006000"
"Cannes documentary 'Rehearsals for a Revolution' uses personal lens to chart Iran's history","https://news.google.com/rss/articles/CBMiwwFBVV95cUxNWFYycy13UGRlbmFSRE5XOVNyaUFyT2tyM05EVTltUENIeU1yWkJzV3l5SVEwSEV3Y0tkVXBDMDZxQmhZc0hreldFQTNrbUZ3ZFJvVDdLUkFENll1SHhBaWhuVkg1UVduWEFQaDY3YlRfTmhNamJ4cGZqVF83WEV4OHoyU2tuZEZGbzBjamdvTVl5MmpEcGtUTE12WlR0aElvb0xQY2Y3WmdWdDZSTDJRT21oNEVOazFCem5lTEVNZThZOHc?oc=5","Reuters","Global","1779299626000"
"Trump vows US won’t let Iran have a nuclear weapon and ‘blow up the entire Middle East, Israel’","https://news.google.com/rss/articles/CBMiVkFVX3lxTE1iR243Q2VJQ0FReFAteEVQNVhYNDlYTzRCYXh2UmlJdnRfdE4zR1JCckVPOEpGcUx5VTE1Wi1tTXZkVzVNaDBzVmlZV1BOUG9YNkY3eTZR?oc=5","Fox News","US","1779299388000"
"Ghalibaf Says Iran Sees Signs Of New Round Of War","https://news.google.com/rss/articles/CBMipAFBVV95cUxOTHdVQTFhbDc1LTc5bk5yeVFuMlNDbU1BNXVfelNIa0Z3b3UySG9ZWXBDQ25NRmdUckhXR09HaWlHclI3Q1FEYkdpYU43eG5KVHU5VnZ3dHFqekl1RGJmU1FMUzd5VmxfYmJzQUJKeVEyeld3ODR5MG5uX21OYV9NZGFhVUIwQnRMdU5CX1BSbGtTRU1DblJtcXFlTnlpNHU5SWNOQ9IBqgFBVV95cUxOVkxpd2t2TVFEeEt6ME5WLXRhQUs2d2YyVXA2ejlQSmJoMTlPMmZ1Uy04Q0VxcVMtMjhHdnlUa0VPNmhKSzl2X19IOHhNQUtvM0xJWk9wRUtYQ2pkamc4aXkyNzNCTlhZWC1MZXhSenU0MHdoYW52SGh2UlQzM3ZJRjQ3QnJlRkRfMnJ1NVdPR01BX3hVTFM5cGV5NUhYMDhaWkFBRERPcGt4dw?oc=5","Al Arabiya","Arab","1779299163000"
"US military boards Iranian-flagged oil tanker suspected of trying to breach blockade","https://news.google.com/rss/articles/CBMiogFBVV95cUxQYk44NDJqQmZtaTZFYTNxdzNHdkVnbmJBQ29hWFRpVjFHbG9oalk0ZGNhX3o4RUFDbkFMb2c0dkxpR0ZfMWxwdmVROHM3QlVfTS14eExMWldjMW9lUGpwRERGWVRXYVI2NGkxSTdkZ2tnc1lneldYSDBPektTZGNIcGR3aTlGZWc3Tnk5c0dUVjZoQWd5NV96ZkZKMGs5M3JWemc?oc=5","Associated Press","Global","1779298920000"
"US military boards Iranian-flagged oil tanker suspected of trying to breach blockade","https://news.google.com/rss/articles/CBMihAFBVV95cUxOeUVjLVBoQUtzYms1aERaUzhZM3JDaS04Y3YtSEVwcWxiM3dTcnZvdkY2cG1Mc2NTcWM5dC14VEVyMzQ2bnI1RFJ0cnhIeUVlNHpfb1o3b1hQckFRMmhpdGJfa3ltWGFwcjJNNVI0U3pPTWcxZFhkazF6SmU4bU5pZTNfOHQ?oc=5","The Independent","UK","1779298920000"
"US, Iran making progress in talks, though military option remains on the table","https://news.google.com/rss/articles/CBMiXEFVX3lxTE1zamFrZVNTc1NMa09xRVdKSHNyNTlfVjJsamdZZHF2U0d4MFo1TldhSXNzN0lYRUVCaE9odGZIV0ZrclREMWFEYVhFQ2ZZcUprZVBPdTZzbWpESUFL?oc=5","The Jerusalem Post","Israel","1779298588000"
"New Iran peace proposal triggers tense Trump-Netanyahu call","https://news.google.com/rss/articles/CBMieEFVX3lxTFBtQjUxSjhVVnRRZFU2dHJDNjFyV0tFX2ZKSUUtbEN0bFFxeTVQTjROeGo5cU90dTJHcmJCSXgwc3pveGpFaWUtQkdyRkZYbWVWUHJQTUhveHc0OVBLZE4zTkUybExueVllN0x4ZEhhekkzSWp5c2o4bA?oc=5","Axios","US","1779298564000"
"US military intercepts Iranian-flagged oil tanker trying to violate blockade","https://news.google.com/rss/articles/CBMiVkFVX3lxTE9MM2M0SndITHVTa3lnUVFhSm80ZHhXMUU0SnZQTnd5c0pIbmpMOTJZVGJtYmlBNTJ6Z3ZKUHpmWktfNDBGakJMM1Q0UXpYTmVka2dMZ3Jn?oc=5","Fox News","US","1779298441000"
"Iran seeking mechanism with Oman over Hormuz, foreign ministry spokesperson says","https://news.google.com/rss/articles/CBMizgFBVV95cUxPVWhtb2pob0F0bVI1Yk9yWFlRNnpWSFg2d0p5U1EyYlFnOXZneVNyWEh0MktpUU1udUVFajdMM214UG1LRnIwN1pvV2s5VzVaMkVpb2tNNmpHOEozYlNlaU9HbS1RQ2pUdjRjYmZYZHZ4S1lUQW80V2FaZ1hab0xKVXRzY3FsSkM0SWxuYmdQVl9ZYWppV0xuWDlPNmZfR210QWVPeVFza0IxcTM1Y0R2MUdmV1ZiVkFFTUpuVkFjRl9XbG9OWWppSHc1OGt5Zw?oc=5","Reuters","Global","1779298303000"
"Iran seeking mechanism with Oman over Hormuz, foreign ministry spokesperson says","https://news.google.com/rss/articles/CBMi0wFBVV95cUxOOFhQZzc0ZXFjcXFzbDltdEpZQnQ1d2dWcEhLMkVmbnBLcTFJSVN0TmhVcmxncDZFOVh1bDVJT3dlMWVrVFBzbmZEMl94cnpqR0xKVGJZUnpLUF9RTWVCZWVDR1U5aGZydm5DaS1qMzJGZUEtQ01MU0p1cmktaWxVQWpWM3VnMGV6STEyZ0lGNnlaajFNYUNhclJwcUxSNXU1ZXpUdGtjZl9RR2xLZ2IzdTd3RkFDczJtWTNJU2dpTVRkSWUwYVk0TGp1dGhHdjhuVlFF0gHYAUFVX3lxTE1VaENBa2lXdGltVG1pVlJCV2QwWnNraTFqdnFQelVUbmpvelRTS0JhdEZ1R2I0dG1ta1ZjNTVIc1REd0JiSHdaTVFfMkVtcUk4V1l2YnJsSnNYaFVsVlllQU0yYW9EMXZfV19JbjJpeklKalJydHV2ZDdRWXl6ZEw4RTFBY2EzZnFLS3g1MWRrVmp3RkRrV3FtY0RoczFhcTVoWmNsVm5kcTZNTzhTSHpudFQwSkV1ZWpzR3IyWFh6WktVR25zZ1VtYXBzX081akpsczlyOTVnVw?oc=5","Al Arabiya","Arab","1779298200000"
"US Marines Board and Release Another Iran-Flagged Tanker","https://news.google.com/rss/articles/CBMiqwFBVV95cUxNQUlRdC1pQk5xNGZaZ1d3SFlSejM0cURpM01za21uYVBuMzJhR3JjWk1DS2xwdTNpZTROTGZyQm5UeDR3ZllKVjlXMF9WTUdhNENJblllT0czb3Z6ME5yamdTa1h0REJ4ZzRtYzBGRS14WnJBcHo4QWVpZTlNd3hvcXR6UTJkX2ZhVXMzcTJyeWN3M00zWW5qQlpCNG5MaE01RVhuN25kQ1htdEk?oc=5","Bloomberg","Global","1779297949000"
"GOP starts to sour on Trump's Iran war","https://news.google.com/rss/articles/CBMijAFBVV95cUxORm8wdWFOR0VacEt2dXROck93T3dYX1oyek1HOEFIbVRHUVNWSWdJTkdrWEozZjJlc0VraGFGRFoxQUpRbnhkaHU2UkQxWmtYUXE1TXRuT3pMMDYtR0ZMQ2gzc0stYlJsNUM1bk1hOXRrekFpOEVpZ3ZUSFNrNlJlSW5vT2F6QjFPZndNTQ?oc=5","Politico","US","1779297634000"
"US military boards, releases Iran-flagged oil tanker in Gulf of Oman","https://news.google.com/rss/articles/CBMiswFBVV95cUxOWFlxa1BGS051NUNyVlltbnZ0WEJKOVhVRW95VXNVSzNMMk53cjExN0FxR3o1M1VGMFFPd1JyZnVaSndWeHFWU0xUVzBfMkdaa25SX1BnTUlFOEl3TnVNY3NrTzFyakloTFRMVXdsVE1iamtva2pacGdpMlpEa0I1dGwtUHZkSFhjWEpiRDY5Wm91ZmVCSE5qUjdQWXhHTTZFdGhoZlVDaU96Z243Zk5DYUVqaw?oc=5","The Times of Israel","Israel","1779297606000"
"As Washington, Beijing, Moscow, Tehran and Jerusalem Converge, Wars May End","https://news.google.com/rss/articles/CBMipwFBVV95cUxPSENNNGVEUjZpNkZCRmhmTnl0OVMycy1UVEkzNDVFX0VVVjROMlNxcjd6YjI4NXNvVlcwSGd4MFVCeWhhdVJTS2pBdE03OGQ4d3Q5c1NrRzJMVmZBaWpCMjU1T0NPb3d0bjJpQXFGdWVrUS16dzVlT0E3eElGNUtyTHY4bXZSUURTQjFfVVVIX2FhLXNuLVZrX2xiMi1lTU9POTN4M3AyVQ?oc=5","The Times of Israel","Israel","1779297600000"
"Controlled reopening ends Iran’s lengthy stock market shutdown","https://news.google.com/rss/articles/CBMiqAFBVV95cUxPMEJ0dFJKZVZ3NkdBSWNwTEhPWk5WZDJmdWMtb3hteW5zSTY0azdiaGFveVNKeVBBMUoydFlqeXZybDBONlJIbUFLYmpWWTktc012NG5hTXAycnBVZHZFNHhCb0gtcmttdTVPaE11UnFCRVVwXzMyclJCVl9TWnpHZjk0ZDNSOHZKVDBKNDNHZ2cwVGF0WEJOdzRjZXhRODJGdTVwdU9Fb0bSAa4BQVVfeXFMT2k5YUVtYmQyd3BkVmpNQ2JDNE9ZclJXN0NEUVRCd040S2hWNUJJUDgxT0pRTWo3WTc3OGQ5dUhuVEgyNlBxclVtdkFiZUlqUkU2OE9kdUQ0SGtsOWMzTGtCYmI1S1o3S2JaUWNRWjJYdUxNNzM5VHh2V0J1aGZCUXNhR0hvRloxbWRqdXYySWx2dENEbG4wNXhja2I2ZGtVdEhuUHJOU0tHZk1NUUV3?oc=5","Al Jazeera","Arab","1779297563000"
"Ortagus warns Iran trying to ‘buy time’ as Hezbollah blocks peace in Lebanon","https://news.google.com/rss/articles/CBMiVkFVX3lxTE9zSTM0ZFFjeGJLR3JvUXA2WDN5SFVzQU8xb1hBTzk1VHdFZ29NdWZhQ295T3A0c1NzR1BPSDU5WWRFc0I2RW1XNklaaFlWaDRCbTlfc2VB?oc=5","Fox News","US","1779297366000"
"Hormuz closure causing double-digit surge in food inflation","https://news.google.com/rss/articles/CBMisAFBVV95cUxQaG5Nb0w2cHVDa3lSZmNpTy1mTzNMYTFFQzRQb0lvLWVqSFJ0elo0NTRyRUYxUlFtQWxkRHdwTGlUUzdmR3lyWVdrUDEtaDFvcEZscDFvbkltZXgwY0otMHI0YmRBUDc3US1sTGx3UW5CeTRsQ0hUTG9oZ1hYcGNMWjBjM0ExUGQ0dVNpYm8zanVUSWNJbnFsX3NZYlJOZ1JBTmp0MHBPTThWWGpCaGtPbQ?oc=5","The National","Arab","1779297300000"
"Iran Warns Retaliation, Dodd-Frank Architect Barney Frank Dies","https://news.google.com/rss/articles/CBMirgFBVV95cUxNMnBpUy10cEV1SzVUcVRpNElBTWVRUS1fVUItenBMbklxNVFZQjQ2dmI2c2hNM0hmbVllbWlZc1VFaFpqMkFEZTJGWFUwMEo4NmpaZGtBdkFWSjNzS0lWTVc5NnZkYlVZRmNTZmc0SWl3clpFR251dG9zU09Fd0hQX0xTQWYwcmF4RzZVMi0xekNqTFFSVjJxVmJPQVVlWWM3cnFxcjRRbXlZTVFXV1E?oc=5","Bloomberg","Global","1779297210000"
"US military boards, releases Iran-flagged oil tanker in Gulf of Oman","https://news.google.com/rss/articles/CBMitgFBVV95cUxPV2FiRzJ1V2FEWG40d3BPcVJnU2JoNFZ4cWlBcUtZeTlWbWRoNnhSaVJpTFI3bm5EeXdSd3hUeF9nSXNiVTlTdEMtQ0NJejVfSldNdEZ3aE5SLU9rS19sdzFjTXZVN0VoTzNLRmhsUFA4dnd3N1dDMmE2ZGNLWVl4Q3pOcWRzX29rb0dNT0dqeEd2cy1QcHpUTS1UVGxqdXpCMjdEY1dnQkZRSEpLSUZEZHFqVV9WQQ?oc=5","Reuters","Global","1779297152000"
"Trump says talks with Iran in 'final stages'","https://news.google.com/rss/articles/CBMiZ0FVX3lxTE9LeUJhcEQtbFBhU3daaXJKdFc2eEJpaGZlUzkxTElBcnhFZWxlYjNwTzBCMFFlSEZOU3hlZDVxUExwbk4wZzdJUklUSGdUTFg3OFBZdTBMUngzYzAzR2hvbWpGX3hHc2M?oc=5","Reuters","Global","1779297006000"
"US Marines intercept Iranian-flagged oil tanker, order it to redirect course","https://news.google.com/rss/articles/CBMizAFBVV95cUxQc1l2QUxBSU8tWXpnbDFxUUdwb3NuSFdrNzh0U0twSVN5c2pzTUo4dERJZndfclFrR3lIM3hFOWl5Y0ZQVGZGSXZuMVA0VmJ3aWs0TnEtTEhYa2FXaFRmcC1qUnZxZGJxaXJJOHlHaWtEV1hpMjFCV1hIVUdxU2pxRVFfTDBHdzZmcC1mQ04tYTU2aXpNOHJ0S1NNVXhOdmF5dFBnOTBxLTJ6ZVNCaW9HczR2cjN0YXp2dGxrUldhZjR1MFFnaVVMdTZhaXHSAdIBQVVfeXFMTVVUVi1NakNETXExTXUzWXUxbzRETVlBandDUDhJUk5oQmZJdDM3a1I2ZzhTYTNuZE9Ya2pGTmVwb3piUUxBTV9XaVJSVWI4dnlKZHZfZllHa1NTZ3JTY2xkUGh3cjNfSVpTVTc0MG9HSTRUM2VSanZaWkJDZW0xTXNlNWU1NFU3QjNwdjNoT2xrcDNWSGZ4djhiYTBaMmdVTjJmVThYd2JhX2MwM1NVUy1aWUVIaVdhR1hvTVdwODYzbjdwaXJDUFhsdTZlT2tDYU5n?oc=5","Al Arabiya","Arab","1779296760000"
"Three tankers cross Strait of Hormuz as Iran negotiations enter ‘final stages’","https://news.google.com/rss/articles/CBMitAFBVV95cUxORmpybTk3YkZrTTFoWUY5THB4bVVCYWllZ2ZjaTlrV1I1UklqVnBaNTB4dlBvVHNKZ3hwRnJwYkY2MUxYZ1huME8zZnRJN25VVzZ1WkdlTlJIMUpDZEVDR0dMZ1pmQzBRQnFydW96VzRnZGE2MjNLTnJLTlphZV9OTjZFNGlYTzJnMWtwSXZNZ3VqVnFGYnJJM3FUcGRRcmZvZ0NEbTkzMmFYUlpyeEdCVERTZ2Q?oc=5","The Independent","UK","1779296640000"
"Donald Trump: ‘Benjamin Netanyahu will do whatever I want him to’ on Iran","https://news.google.com/rss/articles/CBMiqAFBVV95cUxNQ0FrMG1kRWFnaWtzR0ZfclVETm5EY29jNl8yQzFaRWtPTjF3b012XzFFVGdJa2YwbU5uWmdIbmN3UzNqclZqWmhiV1FxckxXRDhoc2FrZThxM09pTUN4VTJEWlBLUjk0TmtQUklYZlNwWFBfbHBPdWkya1VUejBxODRFd2NYek5FdUlJRE1Hem5MRTc4MXJURF9EX3BNQlFYRFBIaWhkb2g?oc=5","The Telegraph","UK","1779296580000"
"We may have to hit Iran harder, or maybe not: Trump","https://news.google.com/rss/articles/CBMiiwFBVV95cUxOQkU5Q1VjbWtVd192dmVmTWF1OHl5ZTUxemhuR1FaZW1hRXQzQ2dpUnBHQ05SVFBGSmtIelZQYjBodTZBV1pieWwyQ3B1RmcxWFduM0ZjLUZpamNDTWszZUROVmxPRk5kaDhSNTgtMmRxZW5yc3R2SmRITGd5dEFtUFVIcEYzc05JMlNJ?oc=5","Dawn","Pakistan","1779296552000"
"Trump says Netanyahu will do ‘whatever I want him to do’ following ‘dramatic’ call about Iran strikes","https://news.google.com/rss/articles/CBMiowFBVV95cUxOQ1ZhXzRUc0JpNGF2MlpCdkdOeTl1ZEZ2RnIxQWdsVkJ2U1FDMXN0V3VVc2FOWFZuUGtTNEwtMDhPTld4dFY2bGU2NUZLMGIxY1FtOF82RlBha3hrdlMzQnNmY1dWMmlsNy1NRjY4cVlhSGhSY2g5dzVfYzRucGFXZVduSm5PdEFRNklYYzA0UWxPcDNVZXVVV0IwVWJfbjl4QXU4?oc=5","New York Post","US","1779296220000"
"Opinion | Why Would Anyone Trust Pakistan to Mediate With Iran?","https://news.google.com/rss/articles/CBMikwFBVV95cUxOekg3b2UyOGNsejU2N0JYYmVGbF9kZVY4M2UxQlBzLXJDUENmdDZwQlFNVHBOVE1GOG5BQzlHZnA2a3ZrUUlUMEhmUDRuWlktdzJ5Qzd6MDRqSWRfelF1b3JKWkhjTUNmWG14T3VXU2FzQ2YtbXRfcWdxM2pSYmNwMFZ3STlFWndQOFp0aDFqM3JRX28?oc=5","The Wall Street Journal","US","1779295860000"
"‘Don’t complain later’: Iran MP warns Persian Gulf states to expel US forces","https://news.google.com/rss/articles/CBMingFBVV95cUxQR3ZQa0R6UzBPc0VjalV1VzhOdDJTcTdFZ0pHOHFkX3U5YTFqRnlvWWlfMkhhMW04WnVBbFIwUnA1cXFFd3BzQmswNzJzcF9nYWVNMjRaenZEZDVQNFRaa203Z1RNWnJtMEFsVHplTmdhcmdSMS1NMG51YUVjaVdMYlkzSFZ1TERlMl9mNHJKOVA0SVBGRU9uTUpEM0IzUQ?oc=5","Press TV","Iran","1779295740000"
"Trump: may have to hit Iran harder - or maybe not","https://news.google.com/rss/articles/CBMijgFBVV95cUxQR2oxOWRTdlB0bllSbFM1UE1YdFh5TlJiazU0QUgyN0RzbFFzSTFJTVVpWWZKN0ZzVEZOSXlRaE11V2V0LTYtZTVzM1JueVZ4TGhIXzdXYXlJb2s3QklWMVdUbkFTYUJwdFpxZDBFR3ZjSzhiSGdHVExHUkJWZEZ3TzZZaGdUWlBzc0tOZXh3?oc=5","Reuters","Global","1779295448000"
"Pakistani Interior Minister Meets Iranian President","https://news.google.com/rss/articles/CBMipwFBVV95cUxOWkZVMHJfdGRMbHBacXZsYmQySVF6dzBCTWdPa3NDM2Uzc05qOEQzRGxKUnVQWWwyaGhrNjdER1VpR28tQkU4ejQ0V0ZJQzRKNzhQbUVCczFsbUFjd2xQYVdCTzk3aHNaei1ZdGE2LW1WZkplN2wxWEphR3NRRHFxWEJ2bU10RjQxTkJCLUNvVlo1eTlRQkVSU1U1YmFoWUppUlZ4NDB3MNIBrAFBVV95cUxNNzJlRDg5WlpCWHd0cDNKakFsTHprYkpCdmpNSzRQOVR2X19wRUtjTzRSN3RXRW5nbGt1OFhvOGxNZndSdWxibWcwVmVldC1aTU5FaE00QkdtZmJiaTY2c3pSQVp6ZjZqSWVCbGtJYnpxTVQ5elN1M2dseTZveHNrXzJucDV2eTZxdWxReUxLeFlGNWt5UDhYZ2tnemRWQ1V6ZHphYVM2RFFGNTBJ?oc=5","Al Arabiya","Arab","1779295309000"
"Trump says he's 'in no hurry' to end the Iran conflict","https://news.google.com/rss/articles/CBMiT0FVX3lxTE9yUGZEdklDMFVGeHNrY2xhVElyN1FqWW1la2FZeGVQNVl1R2IzeXIwSFFZRGI0SlJIb2xzX0duZlhmeGotaVlJVkVBcEo2aUE?oc=5","Reuters","Global","1779294987000"
"Iran claims it coordinated passage of 26 vessels out of Hormuz in 24 hours","https://news.google.com/rss/articles/CBMisgFBVV95cUxPUnFmWjlicTVSMFR5dTE2UVlCNzFLNWtuVlpDU05zbE1Jc2hTWG5zNVA0d2o0WWUyeDVjRVdFdmlFc19MMUhudS1GdTVyVUlobUR6bzlONGxXZXpZakZoMWtxTXlybndaaC1kQzVJNU9PdDFDWEFkWmhOeUk5emtLSm5zN3hEaFFkN0N1NlRjVFNmMjFiMkFqeHloam1nNzJzd3dYa3VlUE1aS3EybThNZjVn0gG3AUFVX3lxTE1pbGRzYUxOZkRWUWozdFJJem9Qc25CV2pWV2ItUmpmYnZUY1hRNV9lZlFBX0JVWTV5ajV6bW40SENIbm42cUxjYTRLTDFNeHlkaEl0bDF2V19JX1RjQVEwbWIwamt3OHhjSDhEUFcxVGtEdU5GRW1fblMzRkxUdVB1UW93VVFMVEtRSkRzZklONHJSWWZpZnYyZ0pBcldYNWs3SV9TczdLQks4U1VOSTRRbHRxVERlbw?oc=5","Al Jazeera","Arab","1779294944000"
"Iran’s football team still waiting for US visas for World Cup","https://news.google.com/rss/articles/CBMimgFBVV95cUxNSC0ybGlwc1FKcnVkVHY3Q2RCS0E3bVVITWk3SEZmTTdNNUtGX2hkOERWdmIydjVLTHlDYWJlQXFiYmZpUXJsTEt0V19GUmJ3Tk1KV0taLXR3NkMzdUZYS3NTUnFPRFY1UENBc3l2UnhxaHgyRDBvbzlDRloyYmhnS25TeS1fUmwycFdCQXdXcVV4RzhXY0dDaC1R?oc=5","Dawn","Pakistan","1779294871000"
"M&S in fashion as stocks climb amid fresh hopes of US-Iran peace deal","https://news.google.com/rss/articles/CBMilwFBVV95cUxOQm52TnFyZE9vU2U0SXhic2NlQXA3TFRPOXlsZkwzemd6WGotZmVDem9jblM3NXgtd3dPdlhHV1h4RGlmcnFTd0tBWmJQcDdqZU9FNUh0ZkpVMGRBQ09uWmtkMlYwcllqZWlkeHU5U2dFdklTd1JjWVI3bzVlVU5Db0F0TGZqWVNBZkpnRDRsMFpEdU8xbmVn?oc=5","The Independent","UK","1779294780000"
"Trump on Iran: Do we finish it up or do they sign the document?","https://news.google.com/rss/articles/CBMiqwFBVV95cUxQcEhMRWs1Uk1qWExKUlEwVUFvbDYzaDU0LUtYVHk1VVZ3Vm9ZWTMyYm9reVZvUGpRekhwUGlEUFkxMTlpaGhuazhpSTBBTzRFMzZtaW1aWDFDSFNLVjRhdWwzeHJZTllBcUhaZHpxNXZXbDFRb3pMaTBJRVRrS0NRNFBZSTJHbFRUTjhEMmVodFgtSUNTbmFoSTFKTC1tSC1MT18xcXRhUHNwTFk?oc=5","The Times of Israel","Israel","1779294006000"
"Oil prices slide 5% as Trump says the Iran war will end 'very quickly'","https://news.google.com/rss/articles/CBMixwFBVV95cUxQS0N2VWNhcTFrbnB0V2F2UUhWcmRFbGdRY21RRzlRREFUWS1JeUtHeERTRzJvNm4zYkNiWGhtSTVtX190ZE5OVkM5Nk1MMXJoRTB6V2ZlNXhIMFN2OXBQVGdlYU9mUE9rUlFwVnJMYTJhNllVZ3RJbW8zMWpZd1VGT205U0hGNHprU0JNbVVTR0EtWjlnY2NjX3dHTGJPcm9MMmpJTjk0d3BveVE0LWQzX0F5V0NHaWZHS3JEcFhtMDB5bEVzYmxJ?oc=5","The National","Arab","1779293946000"
"Trump says he's 'in no hurry' to end the Iran conflict","https://news.google.com/rss/articles/CBMiZ0FVX3lxTE1xLXZGTzFGLWRmV0xnYXB3T0RSbERvdlkzTno0d0ZMNjRCSUZPT2szbUZTRFVtRWlJZjBScjFBN0N4TXVnaXdwZzFLV2UwZ0dXelVQcFY3aTdrbVlwcE5QLUNTSWFnUjQ?oc=5","Reuters","Global","1779293450000"
"Do we finish it up or do they sign a document?': Trump on Iran","https://news.google.com/rss/articles/CBMimAFBVV95cUxQd2p6ZElkR0pGNm5VWjJPNEMyU2JNWHZPSmxfTWlnbDZRRXVGRmM4UnFyVXZLc1UyUWVXM054aTJVMERhVHFnR1BkQ1doR3VtUmNJRVlucUpELUdDTUdLYWFZbDlhdl9hVVZ0WDlSUmhNRGpoalltZ25xV19BUE0wZ0lDb0MyN3VOb2FfbndGYXRPZ3RqNElGRA?oc=5","Dawn","Pakistan","1779293242000"
"Britain clinches $5 billion Gulf trade deal in shadow of Iran war","https://news.google.com/rss/articles/CBMipgFBVV95cUxQd2ppMXBmM1ZJQ09KaWF0X3E1ZHdSWEttZEdBaFpCX1dZRW83ZWE5eF9mdzNjdkFIU2dnWENwRFZ3R21qUGVhOHk3Zl82YmQwWUZjWExkaktEOGpfMmVmQldZWE1KcVFwLURNdm03UHBvT1VlczRHZjVyUlZPZF9FSEZTdm1va29INVdSb0poUTM4VE5SZjVpQjFDdTludjFGbktVeHhB?oc=5","Reuters","Global","1779293144000"
"Trump Romps in GOP primaries, Vance Subdued at Podium When Asked About Deal with Iran","https://news.google.com/rss/articles/CBMivwFBVV95cUxOQzRWR1g1S0Y4MkRHR3hsLWxSMDU1UVIwbmU5LURMazBTNzhqLUsxbGZfMUc3M3hEb3JuY25UY3lfYzYxTnVGaGNiV09pdGVpaDRmbGc5Sk9wUUZOdEdTV1VXZGlFX0hnbW1VLWFJNGp6a1Y5ZjNWUXMxMkVQWEVNTlBEWVdUYm9JdkRNbnhDWmdVdXVybWZwZVVLNHdiSkxXaENROW1PeUpORVIxeWU0cU9IOXlONzV6ZzJDQ1pGRQ?oc=5","Fox News","US","1779292831000"
"Iran Warns of Wider War Beyond Middle East If US Resumes Attacks","https://news.google.com/rss/articles/CBMiugFBVV95cUxPa3ZMcTg3Tm9fdjZtZ1ZoZHBHVTZoOEFkeUxvQXNxV0RfV1VrTGo4bmtQci1mTmZVX291OFZHQjMwSkoyVmxxbnJqclZvai15RnEyQjRoZ1VNZjU5bXBQc2VuZVdfTk9kR1lhSW5XZlg3OTZOLWo4Tl9OX0ZyQ3hBd01ndDZqZEF0X0JvUUpJWU1TZS0xbUlhcGpldktwdkpNSTM2RFRnMVVuU1FaZDJsOUlKTkU3aU01b0E?oc=5","Bloomberg","Global","1779292801000"
"Iran's Revolutionary Guard threatens ""war beyond the region""","https://news.google.com/rss/articles/CBMiqwFBVV95cUxNNmZCbzJWY3BnX3B1T0NKTUY1UGN4WlZwUjB2ajd5UmZYOEVqckRyRS1tR1dfSGZnZmFUbGk5TUx0V0FZTXg4VFhQaWpxZ2VoUjEyZVZwcjNRQS1HMWtkbFNITDNOc0NWTGZhN292VFZ6NXdDUTNveGhlZG1yUy03MjhyQnk0SFlyb1JqbDhsSVh5dHN6Q3lXeWx2blNpVEphZXNBM3dXcG5pWTg?oc=5","CNN","US","1779292585000"
"We may have cut interest rates twice this year if not for Iran war – Bank chief","https://news.google.com/rss/articles/CBMitgFBVV95cUxNSXZOa1hFNGJuMTU5a0xwR0IyYnR4M0J3WDJjOThndUhPYm15X193ZDd3RG5tQ0hjaThGMk5ack5pS3RhVUdwM0ZtaEFIMURpYVRSQVJvX2ZCdnZXU1dTTDRXYjY0OWI0cUFFN21SYkZVd3BfTEJVcDNyX0ZjRGR4R2R1aXR3NndKZlhxd0JKVlR3VzE0MmVHbEpTM2xPX1VFMkNjQ2JnRVhjNVVncG9zWUpkT1JWdw?oc=5","The Independent","UK","1779292440000"
"Iran Chief Negotiator Ghalibaf Says US ‘Seeks to Start New War’","https://news.google.com/rss/articles/CBMiuAFBVV95cUxPcndCSEdnOU00WFRNSFJ5bkVRX1ZXZVg0OXJpN3hBQmMzd180M0lQdHpuYW5CNUxaRmlGM1htME1rWTdpNDJPdlVSRnR1Z1E2am9kd2ZKSzRhTkJhb2pOYVhZelA3dHg2VVZsV2xEcE51MUtNVFhwMWJHY2M3bWFlYWJfSzJXamNUTG54djR1QmM5Vmd3SjlzSDdrNDY0Nkg2Z2NzQ3ZuY0hmUW1WQnNUSGlRY0VxQ2FV?oc=5","Asharq Al-Awsat","Arab","1779292303000"
"US, Israel must find way out of ‘quagmire’ sooner for their own sake: Iran FM spokesman","https://news.google.com/rss/articles/CBMivwFBVV95cUxPZ0NTb1RiSnpSRmNEVW81OVVNeGdwbTJBQ3h5RjFIUUpoZS1DS3YweE5SS3lBTnpBRVYtc3AtOFR5TVVTaUJNclVqMjRoeHZJLUhmX1ZPMGhSVy1SN0toOWN2UnRVMkNkQ3dLbXo1SjFVNUJHYkRtRFFISEMtT2FXcFhRQ2o2dnBJZFphTTlCMk05elZicEhQU3drd0Jyd0MxOWNMU1djYXZTdnRtNnV1eDN5aUxBWXB1OGRaSHpndw?oc=5","Press TV","Iran","1779292080000"
"RFK Jr’s daughter-in-law leaves two of her government jobs over Iran war: report","https://news.google.com/rss/articles/CBMiuwFBVV95cUxNX0Q5YzQtbTlYb19pR1g4bm1ybVlSaldhbmUxV0MxWjVxaXJ6ZFJzdVVkXzN4WTlqSHR2cUJfYVBfX1lXN05QM21lNjdXbW9UcHpZM2lWY0s1VWRGWklBdzV2TXdmZ1hTa21WdEVIVXhRTDIwT1pzNHFfS1gwV096VDdmUlRLcGlQT09lZUQ2cFdic3JfRy1CdFNYNnRKdWhGbzNuRVByaFJqUTdaazZFc2hOajJKUmtoV1JV?oc=5","The Independent","UK","1779292080000"
"Israel Army Chief Says Military on ‘Highest Alert’ as Threats Over Iran War Escalate","https://news.google.com/rss/articles/CBMi0AFBVV95cUxQSjB5M2dwUTVSa3k1bkRocmdfTFdvaEdIOFpFN05uTm01Tm0tQWpfX0lRRWdaUExhRmFQT2Z5Wk9vdDFoRmJscDRySWowdExqNXE3TE54SWZMZjhfb2hLUzhTYllmMjNrTXdNWkwtazh3ekdBNE9TRTBxWkVqT005bzFwYWJJSFNGRk05VVlTS0dPYzFXQV85cUR6RnZ3MGxUZGN2TXBNalRNZWtpcTFBN2FZS2YyUVUzWksyTTczTXlRVDBKM1VNMWlYcGRWOXZ2?oc=5","Asharq Al-Awsat","Arab","1779291979000"
"Iran warns Trump: ‘We’ll take war global if you bomb us again’","https://news.google.com/rss/articles/CBMirgFBVV95cUxOa2N4X0NBYW9lV3h3SnR1R0U1Qlc0MTdqekh0R25odWd1ZUpiY0lqR0g5SFBVSDZ2dUR3MldFU2dodWV0emhIbzAyQXgyMXVEWWJ2N3hmR0l6WTFrTWlQZnFWYUdOTUVXOEdINDFYcVRUVkhLRmZucDJmcGFuRTU3OG4tM1pac1dfdGJHYUx4SHg3SXgzQy1vT1dSSTlsLURPMWwtVmJiT2VDcDdpUFE?oc=5","The Telegraph","UK","1779291960000"
"US 'locked and loaded' if Iran talks fail; Trump ready to strike Iran again","https://news.google.com/rss/articles/CBMiVkFVX3lxTE9LbkFqVWwzUXZKMWQ3TWZaZFhkbjJSbFpBUTFmbmk0Q0pCcWcxZ3hiRjBVTlFlaHhkeVRRV1JNa3dsalY5N0NLZGZQeG1hSWVoYnB1Skh3?oc=5","Fox News","US","1779291955000"
"Trump Says Negotiations with Iran in Final Stages, Warns of Attacks if Deal Fails","https://news.google.com/rss/articles/CBMirwFBVV95cUxQbUpxRjc4S0xpUkhMTE9wRWZ3Z181QWZ4dG93V21oUy1iTzllVXJyS0JhOVVoS240bm9JOXZ0ZVNJenJVOEJ5RllJVEhMUDkxSk5PcE1OZGdtTlhIRlhuRWNNelQzSzVMWTRoa3VLZ0NMQUo3REFPRjdpcVJYdmQ3djVCcVEtdWxUNTI2MmRWY0JQU0h6QWRUZWZ3NTRYN3NfdzdkRjRhaFlETVBMdmg4?oc=5","Asharq Al-Awsat","Arab","1779291748000"
"Opinion | The Iranian Regime Was Always the Scorpion","https://news.google.com/rss/articles/CBMihgFBVV95cUxPT1A2Zk9lclYxOVY1VXNoNWlkQWFtTWdKNlZTeHZqNTRoTkkwaXpoUkRCNkNkeXI2RFpoNjdMRzA4c0VoUE9wTHMybHhpeXd6VTZ1SHE1Uk5LZldfQlhLMHUxS3RVQlRYb1k0UWRkVG5PaUpMdWZ4dGtJZUJuQXRGWmpBcmxxdw?oc=5","The Wall Street Journal","US","1779291720000"
"Saudi Arabia appreciates Pakistan’s mediation efforts, urges Iran to avoid escalation","https://news.google.com/rss/articles/CBMiU0FVX3lxTFB1TmJlMFRGSWc4a2QyX1ZCLXRMYjU2U1FwcEdycXdjQWwzWkVVQzhRMlN6STJrelpiSVhXc1NkaFlBdU9FUi1CTUVkMk9uNkxkLVhv?oc=5","Arab News","Arab","1779291608000"
"Two Chinese Supertankers Exit Persian Gulf as Hormuz Traffic Trickles Out","https://news.google.com/rss/articles/CBMixwFBVV95cUxOY0JZdEF0M1lRR1hmYjhiQW9JejJZNUxzNF9yQkc0SV9fMm9zMG9LbE5oV1BEZlk3dW5lMFpJQTB4OHZpeU5RSUVHZkd4enUzY3hCVDhTZ3RKUUE5dmNDWnhWN2N6VGVxejNSYll3Z0MtMU9FXzZsY3NSeGpXc2d6VTFMR0ZzdFZYR00ySmZIVHNCNHotR0s1R0E2YzB2S3k5dVR3enhqaVdRRFR5bmFoZTJmWkc5b190OWxQMzRwN2l2cTl3UWRr?oc=5","Caixin Global","China","1779291600000"
"Trump: Iran Talks in 'Final Stages,' Jan. 6 Cops Sue Over Fund, More","https://news.google.com/rss/articles/CBMiqAFBVV95cUxNS0FiTVlVYkpUMjBiRmR6RnF2QkxsWnFUa1FEMGszcktyeVZ3dllTandmT3cwcHg0SkxleUFRWTZHS0lXRWowam96NnJ2SDF3NUNsTWEwOHQ5R2ZCclZLdFl1NzFjNzM4OS1rQ29WYy1zd09UWW52dHdYTUx4aVdJNGNhSjBSR3ktT1luTDdkWWgtbkNzVUJDbmpkWllyX1huTEtjWVRuMEI?oc=5","Bloomberg","Global","1779291588000"
"Oil prices fall more than 5pc over optimism of US diplomacy with Iran","https://news.google.com/rss/articles/CBMipgFBVV95cUxPYkdPOU1mdU9wQS0tUzNqX1B3STd3S3VqZ3Z3WlJ5X3lGWEE4MTV0bnN0ZnFCa1I5bkZtWjc0VDl3ejNfSGEydks5VzZkSDZfelQtUUowSG1WVWE5ellHcjlGaGhUd0JUNHZQbXZ3UTVSOHJWUGhDUjFrZmlwZTA3cHduWDVTLUZ6c2dTMURhSVFUUWN4blJxOE96LVVzRkRCelJycmpn?oc=5","Dawn","Pakistan","1779291516000"
"Saudi Arabia appreciates Pakistan’s mediation efforts, urges Iran to avoid escalation","https://news.google.com/rss/articles/CBMiWkFVX3lxTE5WQjNTbGNOVWZMM2ZCVlR5N18xX2ZYRG1OTDNPaWFuUjAwaHRfMVk4bm1Nc2o0VjliRTBkYTlkX0E0cGhQTGJqU2luSzhoMWtMT09kOEdPZm9RZw?oc=5","Arab News","Arab","1779291477000"
"Attackers laughed and smiled after stabbing Iranian journalist, court hears","https://news.google.com/rss/articles/CBMiqAFBVV95cUxONEU0OE12bmpiek9oUDNTWmViU1VDQ2p5cVp1NE5XM1pnQWU4SHg3LTdVV09tNU5iN2VtT2c2akZjR1ZDVlpxb3VMTl9uX2poTFhMQUZ3QzZ3UmVVbU9jaElwaXpzam5zUDh0bTFabUlaYXB5Y2Rpd0Y2dHd1alNiY3o5aGJlTUhTSEEzV3JMZkdSSm94R3JBV2M1ODFZZHRoSC01MDJYWFc?oc=5","The Independent","UK","1779291420000"
"In Iran's capital, an influx of weaponry signals those at home and abroad as war threats remain","https://news.google.com/rss/articles/CBMi5gFBVV95cUxQTFJydjRYcS1IUWlSN1hfUHNoUXZNakFsTVpwU1Ezb2V0a3U5eWZyb3VZUDFVZlRCY1hjenN6MV9xS25zZGdsY2kzRF82UTBrRFd1YWhsQmUyN2FOUE9saWhEdlNfOXM0VUR6d2ExUDA0cWs5TEE2Um9qcmNHVU52b2MycGZIWUtmbS1aQUJReGx2U0k1YV9NUVNJMmxTTW1Jb29KbjVZTl9BdXcxdXpMZFFNOVlzYXJOalUwc212VzJSajBBOVhETlZReFpadUJrOEdPZjRvN1Z6eFZwa2VLQXZGaXo2UQ?oc=5","Associated Press","Global","1779291217000"
"Treasuries Rally as Trump Cites ‘Final Stages’ of US-Iran Talks","https://news.google.com/rss/articles/CBMisgFBVV95cUxNRUR1ZmotOTA1QThuNkhmbkhHNzlndlBkNHY2Rk9zOTFGREYwOHBGS25lR1gwRU02VERidk5fR29Wam1oUkVFNV9taUVQQzBLdWRocXppTF94QjdKTU1WQ3Y2QXFyQk4wX2ZBQjFHWkZaWXZDR00tN3JFLWVzbXJQMlJONndaN1lTVW02VWU1cnNIUmFGeFVxNWZUN05LMGpXdmdObml3eV9vR19WWUNlOFdn?oc=5","Bloomberg","Global","1779291114000"
"Seafarers in Arabian Gulf lodge PTSD claims after Iranian guards board ships","https://news.google.com/rss/articles/CBMixwFBVV95cUxQWi1CeUc3Zzdjd1dQR1ZUTGE1UklMVlNzbTdwTGpuQ3RXcENIMWExSDdHZ2hxTWlzUE5uSjVQU18wRHdJcGdISmxPWUlMRHh4TFNJWkRVOVB6TXpqR202VlhTaTdvYmlRemZoMHNrT1V2S016TklxZlZBNVoxODJTUWRpbU1uRGgzTTZuaE1BUjVXQ1FLY3lNTlhYd1BuczlMS1QwbmhfdTJBc2h0ckd1SmNPdFI2MUVJbFBVVmQ2elh0UVdfS1c0?oc=5","The National","Arab","1779290820000"
"Pakistan, Iran interior ministers discuss regional situation amid renewed Washington-Tehran tensions","https://news.google.com/rss/articles/CBMiWkFVX3lxTE54ZUYtTzNSRERtZ3pTNEVEVXRtRDJHR0VqTFdTZjZpNnZYUUg1ZEtoWHdKOGhjSmpBWlBsVFpqd2lKYU1fbVlWT1QzOXU2eEVralptMmJ2a00xdw?oc=5","Arab News","Arab","1779290613000"
"Iran jails ex-national team goalkeeper after anti-Khamenei post: wife","https://news.google.com/rss/articles/CBMitgFBVV95cUxNREs0NXJVVTJqQXlDSXVOYUxzdEQxVU1KTC1JQzVWVmt5QUc0V3hoLXE1MkRNWFJMcVJHZjJ6WFllODl4Ymh3bUtwclhIa2ZGUU1xNVdKYjNsYTRweElSVzI3VEhucVN3UGhYVmpZc2RqQnFjekJXbkZ0dE1PRGxmd3RUcmNSRklnXzZVa0FtQ0NOWjhIR0N6WXpCQmRKXzJrR3JWeU9LazlTQ0hSSmJneW1PS2Y0UQ?oc=5","France 24","Europe","1779290351000"
"Mohsin Naqvi meets IRGC chief in Tehran during second visit in less than a week","https://news.google.com/rss/articles/CBMitwFBVV95cUxNSXlXYnJDaFFIWFRYdXlSUDVrWDZ5LWREbGVrVU53c0Z6TG1wOWxsSlktcG1ETldUcTJQT0hCWERkaF9BQzhIV1BjcENuZzNOSHQtSnZOTVA2N184aXE0MW1QTkVQWDVmYzFPYmMzaE45anVUT0tlb3l5RDhXQWZheGowem03NnpOOGgyVUgyNG91ZjNuZU1zd25UNkV3TTNFTXhOUHBIUnBvd0IweXdrVDJxVWsyR1XSAb8BQVVfeXFMUFlWUU9YRzdFVFdoUVRmc3hLM2JKel9wc00wX2J4TFVlZ1k4X015emlvc0FDUG0zdWdBUzJBQ2lfaU1ZQXNJZlBQUk1ydmQ5ampvQU9yTXBXdi1vaU5iTHZaZVNOanJOTXRpZzAwdFVoQ2FSQVlPOXFTbE9yRUg4MVdBOEJqdUYzemNGLXFfeVhCc0dFVlE2QW5YbnhpZWNHa1kzQnJJbFUzSVN6MFc5U0VyWk1LV0M2SHNldHp4Snc?oc=5","The Express Tribune","Pakistan","1779289875000"
"Trump Says US Suffered Fewer Losses In Venezuela And Iran","https://news.google.com/rss/articles/CBMirwFBVV95cUxNTWRGTXczc3IydGl4WmFEWlRybXRNR09aVUMwMk5tdWlyWDB5Ymlab3lTWm1mZ3ZQOGp4Z2s4NlZxWGVBS2xQaGl4YWhjTk1HSkFEQU0zc2xHZ3oyM3d2Yjg3bUY1STFfaDE1bmxPVnVBek52RGNLRy0wOHdjcWFzTmhDOG1HNk40cmg0UXJlcFFPSlV2ZmoybndSUUFibkJvWUVEdzFyVTdLQndVRE9Z0gG0AUFVX3lxTFBXZnVUcFBheEo4TjE3cWFBUXF1dGduUFo0Sm9HRVBuQ1FYLVY3TnJhWWJoYnlta3NqVjd4dVBXR3E5REdXX2xQUTBFQTNyN0FLbDUzV0VNa2JMSWVIM21XQkZoXzBOd3h5eTl0Y2huaTRnanhvdUlId0UxRkgyTHRDa204dWVCNng5aU1FWGJweEw3ZHkyWDRwZkx3dDY3X2l2dXRBbk5JWDQtNEQ4VzM3OWxEeQ?oc=5","Al Arabiya","Arab","1779289600000"
"Pakistani Interior Minister Naqvi Arrives in Iran","https://news.google.com/rss/articles/CBMipAFBVV95cUxQMFlmd2Q2UlJrT0RFVVg2NFozT2dzdzk0Z2lBZXpuWC02VE9ncDlJcG9sM2VicGZISHFnMUZSX3V1WklEM2RfZmh2cjZYakw1by0yeWFQMHpWTEJSSktZa3ZZVi1tejFVTmdUT3JlWDM5VFFWX0djN2VxYWE1OF9MaTRlb2xqZXpFakNPSnRfWktBeF9aUUVvUHo1Q1o0VGFwSDRSNdIBqgFBVV95cUxPNm94Q2FXejJ2YmVwZ3JIOUxIdXdYNVFnZGhiQjVZWEJ0VkpDQVRuRWJ4dGUwRW9XYzhVTTdVa2Q5YU81SnZvcUFadDJzZDFXQ2VGNjZfSW05UXljQTBqdFdRS1dGaEdaNDB4RjdkUHV0RkhHZFUxMzZfOHgtUE1aeU1rLTJzYTdjU29tZVlnZUVlNU9zYkNaVUJjd25JUTBUTXV3Y1pad1RYdw?oc=5","Al Arabiya","Arab","1779289566000"
"Oil Pulls Back Despite Sharp U.S. Stockpiles Draw as Markets Monitor Iran Talks","https://news.google.com/rss/articles/CBMitgFBVV95cUxNWktLeVctdVZPX2RoZlRIc2lvOEF2M25ZakVndlVpRnVxZVUweURFQ1piaXIxLVFxTlJLd1d5X2xqVDFTSXNORl9YQUpiUXdfd2piMlhRY0xsajlPOUd6R3BRS29CbU04ckRDb3o4M3llN3JqTUx0c3JsNE1aYU9fbVZiMFAzcmR1X0xCOE5HSElJd180LVZXQWlzVWR2dzhIS1hYSzItZ1dpSUphRnIzcmVEbXVsdw?oc=5","The Wall Street Journal","US","1779289380000"
"Expert urges US to ‘flip the script’ and 'empower' Iranian people against regime","https://news.google.com/rss/articles/CBMiVkFVX3lxTE5oa0VuRDdUd3h3OUM2MDZBWlBaWWFsSDRUQjFMQlIwTDJaMzNUY1VIeVBGa2ZEWVFDMnFpVlowVzR5Tk00OWZDWFdPRDN6dmZ5ZWJHel93?oc=5","Fox News","US","1779289143000"
"Iran chief negotiator Ghalibaf says US ‘seeks to start new war’","https://news.google.com/rss/articles/CBMivAFBVV95cUxQd0ctbFBRTlVLYjNMcUhOSllFT2VPRmhnTDdnckRZV3VlNkR0Um83cTQ2d08taEJjcEhfeTNTWTJCUExGUFg5UDgtMk9CVDhjV3oxajZDUDNxQWl1TVdZQ01mOG5GVWpLZTczSjJ1Y2JaaDRBQkpmLVEtV3hidDJuRTZUY2pLNTJTZjIyZmxROEx2RERFMU1rdFNOSF9zZGRUb09SUXpxVEttNjJPQjlpRUItWmJaWnBjdlF4ctIBwgFBVV95cUxPX2M3YzlSc1NqYkZjdUx3cHhEMmxNT3NOM2llb0dvRlF5eW42Qy1SQUQ2RWo1UVFsdVNkMWdmWklHSUo4SDhsZEd4X3Q1NEpYOUhoMjdLT0xNZTBfWG1jc3VWaERPYnBsVmNkSi1wNXlDZWRBN2RwNTRjd3p2VHBWVEYyN2c1U2hVMTNFZlBYRjczeEJQelBnNVFnQ1RZeXQ0MVBJSHM1UVdPZDZtVFFkelpSbWpNSm8zc0FKWFdGdzlkUQ?oc=5","Al Arabiya","Arab","1779289080000"
"Protesters face ‘imminent’ hanging in wave of Iranian executions","https://news.google.com/rss/articles/CBMipAFBVV95cUxONjdpUUpnU3lvUzZ6cGszR3R4TjhFQk1jZ1JUN1ZlaGNYNWEtODVqVUZ0cWEwMlpMN1FkdW8tMXFMQ3B1cVdfRDJDY2k0UFA2cjRaTUhlNGpqX1FMeUhub2lJUWd3OF90Vl9Rajdsc0NtSjh3Qk4xMkJtbWQ5TzJBZ1kzbjJhbkE0Qm12SUdnMzBuaTdWaFF6UU9xOUFaN3RCV1dQMA?oc=5","The Telegraph","UK","1779289020000"
"Israel army chief says military 'on highest alert' as threats over Iran war escalate","https://news.google.com/rss/articles/CBMitwFBVV95cUxNd1MydzZNZHM5cnpOVjUtS2VUUjNTbnNtRVQyLW1WbUpHYi1wSDVCejlrbUtlbDY2amc0MVVxVkxDVVFiODNWQVlBYXl2Z2w3NEY0ajdPOUtVVTA2NHpLTlBtMzNtVWZlbEttaENxRy1SdjlGUnI2eVczWTlkYUcyWURMam5RRVJTZ2txeHV5aFAyQWVGeVBuNzRWT1FiazcwaWJKVzZMTG5CSDgxOEYwV1BPV21sZE0?oc=5","Dawn","Pakistan","1779288783000"
"Iran reportedly teaching civilians how to use weapons","https://news.google.com/rss/articles/CBMiVkFVX3lxTFAwS3JzVERQSTQ4N09fb21rNTVYMDBoUlJ0RXdpTFJWQTJxQXE2SG1kR1F6cWxwUFh4eTlVVUdwV3Q1NWlQOU1YTmdETklWd0VZSkRjcXVB?oc=5","Fox News","US","1779288569000"
"Trump in ‘no hurry’ to end Iran war as Tehran threatens to expand conflict ‘beyond the region’","https://news.google.com/rss/articles/CBMinwFBVV95cUxNTE9obDBjX29Db0xrLUFDQnRhZzBiekJmVkg1R3VoV1U0U1dVOVgwZjBGU0pkTGlYVS1RZjJRSk5BNm9reVBDSC1ES0p0UzBlaUtEeU1tLTZ6dVFCSTJlSWRWLVotenVFNWpLOHJHQzFtR0VGZWROVXNjVk9nZUhrbk5DQ3kwbWhZUzVWd1Y5UFhXTmUxa3VTSU5BZGVyVjQ?oc=5","The Independent","UK","1779288480000"
"Israel army chief says military ‘on highest alert’ as threats over Iran war escalate","https://news.google.com/rss/articles/CBMi1wFBVV95cUxQMFJIUWoyOWQwTi1jUDJNbTEtRlhTdlpocjBnem41RXdDTDNpYlJhakxLM2dBb09oRHFKTGluZVczalFldWlQeGNkQ29YSVd1c283czBkV2gyV3N0cjB6WTk3aWVDRFVINFRvQ2ROY1RGZXlBN0dWbzRXN1M2M1kydlRsYzNBNXJ5TVRIeHFRQTRsSXlid2tCYzBtZ2xYSVBmNGlzdnI5N1M2cGx1TG8xY0NyemU3MUk0N20tSXNFNVllbTNjZjN2Z0VGa3RFY3FqMXRUaWIwZ9IB3AFBVV95cUxNanFBT2hVSjNWSXNhclRkbmJKaHpwckVXRXBoUHVxSWhwbW1lSV9zanc2RjI1M3dFN3JmSnJZUHdoUk0tMkRnOGNDZlhKS1VOU1ZxU2UyRzVsMzZVSUJ0amdLbWZ2RjVCRTlTSFM2R0x3elozRE9jZUlCa3JGazgxaXpIUDRXVVVucmN0SW5KM1o4dHZlSmlMOTdzZUhCdmxPUTNZd0dDYjRqcjIzWUREZVJka29RUnNSaTJQcm5td1llcFpKaDdocDgzdVJuV1d1d1k5Qk9GQ3hYZkxF?oc=5","Al Arabiya","Arab","1779288421000"
"US and Israel ‘hoped to install Ahmadinejad as Iran’s leader’","https://news.google.com/rss/articles/CBMipwFBVV95cUxOY1lLQ2ZGektvRnU1ZHIyZDRiNVRMSVh6dVhTYVhNUVpLMUxkVlJrSGlJTWRDdDVKcGNTUEJoX0dtME5kY3pQZjhpckxlTnRvS2Jjc2FiV21leTBiY0E3WDdyR2RDb1BsX3BqZk9RTmJYQUVfbm9zX1J3UlJLT29GZkh5SEZMUkJFYzBOU2FDVU52X2lPMjdHOEo0YlpnMzNPa0hnTEFrTQ?oc=5","The Guardian","UK","1779288420000"
"US-Iran tensions mount as Trump readies military for renewed campaign","https://news.google.com/rss/articles/CBMiVkFVX3lxTE9zWW01MGJmLXQ1Z2hPampZTlZLSnczVlcxSEdyRGw0ZVNTOXdFR3MtbDB3bmhHXzVyTkJ6M3pYY2U2eE92aE9zVEh2YVhLNDA1SVFQa2l3?oc=5","Fox News","US","1779288401000"
"Trump defends Netanyahu as 'wartime prime minister,' says they're on same page on Iran","https://news.google.com/rss/articles/CBMiVkFVX3lxTE9may1FSFc5ZHNudWJDRUxVRTJ6YVlpMlpXWmxyaW9kNEZwbTVxTWUzOG9VbkVnTnczYVBMWG4zeW1NcUtYRGVlU1NBLWpVeGFuN0hoR2lB?oc=5","Fox News","US","1779288348000"
"Iran's IRGC says 26 ships pass through Hormuz Strait in past 24 hrs in coordination with its Navy","https://news.google.com/rss/articles/CBMifEFVX3lxTE1xc2hzTzZGX2d5ZWx0TU5TU0VMYS0tSnd3UXBaYlFHN0pHZDZmUVZLcHhlblRrRDhNenVlX1B1M2luazlsWC1SV2dTSVMtbURPUHdHVVd3bnlJMlg0SEJWeGlheUw0VHFhd2xwQ0ZQVzdqNmM1RGRadGhMeFg?oc=5","Xinhua","China","1779288255000"
"Trump Says He Is ‘Not In A Rush’ On Iran Deal","https://news.google.com/rss/articles/CBMinAFBVV95cUxORVZPc2VIaUpKU0diQ2s1MDVZUk9jMDVaUUZscTNlYlRzNkY0LWR4eG1rcDRrRF9XTTZqQThjSHR4bDR0RW5NalIwaUo4RHpVZEpyM0l2Ty1BbVNYbEdwMlhkT3psYXRlbHMzb2haeFFhZlNRSjZsTnU5aXN2RkdHN0MwNW4xZ1g3bEd6d01JLVBzZ1U4WjBaOEw3R0zSAaIBQVVfeXFMUFpLZlk2WlJsNmNja3pDOWhkVnRIX0tkYlpmQThjNWFCUFRWVHNPTHd5alJFQ085emxUYnVaRC1IWG1zYzNBMVc3MEFNdkM2Mk11UHE0eUVLU3BQbTBhSENWdEhWLV9NVXNoTDRfMFFyNzFzR2FwYV9Dbl95RXhKRnI3dW9SZm5pd3h1bVQ4ZVp6UmVwZ1N2UmM2MjN0RjlMRjNB?oc=5","Al Arabiya","Arab","1779288019000"
"Pakistan, Iran interior ministers discuss regional situation amid renewed US-Tehran tensions","https://news.google.com/rss/articles/CBMiWkFVX3lxTE9ocnhaQmJDc0kzOXpjV1MwN29mU1gtWnFVWEpCazRfbWRVMUxadUROalNqU0lleks5XzFkMndxWXU1aWNBalBnNXRQQThxVTVyaTUyWFV3Wjc1Zw?oc=5","Arab News","Arab","1779288006000"
"In Iran, internet access becomes a luxury for the few","https://news.google.com/rss/articles/CBMijgFBVV95cUxOOG56M0IxZG1mbTQwcjZRRlZrZU9CakdFbDVsb1UtdUpBYS1CXzdKTWZhR3FLTEpvNmJyVVFnN2NTUUM3LWtpYVVEbXY0MmVRa094bWdlQXVQRF9zRnVSLU9ldTRQU05uNVFuczhpb2RqX2dHdVhueXloWjlGbURERU42VnZUVkJwNUduWG9n0gGOAUFVX3lxTFA0SWJpRHdGWExKWEUyc3g3eGRUdW4teTJHcTY3TWZxSXRnbUFFYjdld0gtVDNpd29odnRZVnBJdlIwSjRYYXB5cGxCMmxnODRVU25wQVA2elZ4b0owSkU2WXZZV0pNWkxqZGFVN2UtbVRxQ0x0RXJVR0pIaUdkZ19UZzBDVFc3bkU3UFJxanc?oc=5","DW","Europe","1779287980000"
"Trump on Iran and Taiwan, Barney Frank Dies at 86, More","https://news.google.com/rss/articles/CBMiowFBVV95cUxNdTc0MEhMNVJvd05ZYXpDWXVlN3k4U1N1U2ptcnZ0bkhzaFU2MF9SemU0MlVOQjlSTzJfdEN1MV82Y3NlZDdtYnBKMjVBZ2M5Z2pzdjl0cGhFYnhGN1hTMThzeUw0NFE2RXVyV3VGQkMzNmZlRl9jWmswWEcxZElpSmtZa1pYUEpuQmlVTzM5RXRKTWZBSGo3UFdlMUQwT2Y5NUd3?oc=5","Bloomberg","Global","1779287934000"
"With Trump conflicted and Iran emboldened, vital bid to end regime’s nuclear drive is being botched","https://news.google.com/rss/articles/CBMixwFBVV95cUxNRnlFYm5WTG9mc0JjcmNLNFJzYlBDeXVVdGNwRUVnTWZOU0tGM2hNeU1GMmFYczV4R1pJcGpvOUUyX0I4dlhqQS00djlTMTNENkxfc1JmX2JkUG1SVlktdlB1dlA2ZDhVV1pvWHZHeXBIZUlLWWFPUkRIS2dDUFVmQzl6aDNtVHNrUFdQMWpvenJYOW52Y2FpWHE5V0xDRzRjS3ppVlR5QVVuaVdkM0NGVXRhTWZDZ3pka25FY25OQk1mOVgwcm1J0gHMAUFVX3lxTE93SUlpRVo3WkdPZjJQc1pCa29kRHZ5dzFBZWVXOTUwVTB0UG05Slc0SE05NHhUeGFOd01uUW8yZGFCNkMtZU5ESUdDU28wWGVhYzRRbVhuYzdPNXZBbVg2c3NMZ01zV0l2ZERQTEJGdGZPcE84XzUtY05MMXE5RXpwc25jc1YzNFRadFlEdExTQjhiclRQUmdzV01CUDMwMUlDMXZxUjh4MHNHRVYwVW1iV1NaM0x4aEVOc2hESzdIVmdNZWZkcXJXNTBiTQ?oc=5","The Times of Israel","Israel","1779287175000"
"With Trump conflicted and Iran emboldened, vital bid to end regime's nuclear drive is being botched","https://news.google.com/rss/articles/CBMixwFBVV95cUxNRnlFYm5WTG9mc0JjcmNLNFJzYlBDeXVVdGNwRUVnTWZOU0tGM2hNeU1GMmFYczV4R1pJcGpvOUUyX0I4dlhqQS00djlTMTNENkxfc1JmX2JkUG1SVlktdlB1dlA2ZDhVV1pvWHZHeXBIZUlLWWFPUkRIS2dDUFVmQzl6aDNtVHNrUFdQMWpvenJYOW52Y2FpWHE5V0xDRzRjS3ppVlR5QVVuaVdkM0NGVXRhTWZDZ3pka25FY25OQk1mOVgwcm1J?oc=5","The Times of Israel","Israel","1779286975000"
"Why Trump can't reopen the Strait of Hormuz without Nato's minehunters","https://news.google.com/rss/articles/CBMikAFBVV95cUxNc3BJNnFTMVZGdWh6ZjVWaHlOUi1YcXc5TEh0WTV0TTB4dVdrUG83WWdjRndtampjbDZDY2tvS3RTc0drd1FYM2dsYm5vOEV2dl9SQmdXRk1hdEZpdldnWm84LVRpM2hIZUpQVzd1LVV2MGJ0NVRFdmFoQy12b3BJRzVtdi1LTFFaODUtTms5MDQ?oc=5","The Telegraph","UK","1779286680000"
"Pakistan eyes strategic oil reserves as Iran conflict exposes energy vulnerabilities","https://news.google.com/rss/articles/CBMiU0FVX3lxTFBnN1BodFJtTG5jNk1LRWFTRDBvdUpnYWxkSm90VjRRRnRYMmc1bjgtRkhHQWNyUk1ZRVh6ak54WUg2aVhCX1J3NjJRNExxXzlwVmVr?oc=5","Arab News","Arab","1779286612000"
"Trump: Netanyahu will ‘do whatever I want him to do’ on Iran, I’m in ‘no hurry’ to reach deal","https://news.google.com/rss/articles/CBMizAFBVV95cUxPS3NxY0JxNEo3Xy1MRlplZkNXX0JnS09QV0Y5b3VCRGR0Ql91Y01vTFVMd0RhcnBZRlBueUlsRmRuM1JWdkRJcjdiSTZsV2s3OGZObzNodWRzcmxVenh3WWdvVTlPbHZwa3dKRnNSQUpoeUhGOVV5MVlWZmpwcEhhazViZWtROHFKZ3BmZy01T3pZY2l0MldvU3ZwX185YUVVdGpRaWI0TE9CZkJ6QThZdi1xMUdtRTJ4dmFJTkJNaUtMZjZrZnNYXzdqaG8?oc=5","The Times of Israel","Israel","1779286500000"
"Iran's IRGC says 26 ships pass through Hormuz Strait in past 24 hrs in coordination with its Navy -- statement","https://news.google.com/rss/articles/CBMifEFVX3lxTE1Rb0ZlX3Bna2VtTmd4dWlwWjVhNng2bmVnMkZ0X1hRVmtaem1qWE1LVnBkdktSU2VBczNkMXRRM19QNDN0bVJPWC1tOGhEeFUwOEZwNXJiVEwzRmQtU0cyWGtFX3lfUHIzQllUeEFta0p2WTdyVGZjOUxTNDE?oc=5","Xinhua","China","1779286290000"
"Donald Trump on Iran war: 'Benjamin Netanyahu will do whatever I tell him to do'","https://news.google.com/rss/articles/CBMiX0FVX3lxTFBJekp5NEFpcF9vc1RSN3R5WF9iTU1fZ1BsQll4SVpxSkRvSUVFVDUtT3l0N3VFbHJzUzBIUjdaVFVEMHVFWko4VndFUGRubWZ0dWVYVlVJSDVzTGJXd0Vz?oc=5","The Jerusalem Post","Israel","1779286256000"
"Iran says US wants to 'start new war' after Trump threat","https://news.google.com/rss/articles/CBMikgFBVV95cUxQcV96NTdRMV95eVo3RXhqdWxSX2ZzSkZTZHhPb05zOGJYRkpla29lVnBsOG9mNWMwU3QwMjJ2c3dCc2RZNVM2WUVzemNvbGEzbjRfSl9wVkVpUnFINTdyWjdlRjcyWWNqS2Y5bkYwREtjeDZ6cG8zdG1VZmFmOXI3RHoxQVRKRkhiUDNJOEF2WDRSZw?oc=5","Dawn","Pakistan","1779286162000"
"Saudi FM praises Trump for giving ‘diplomacy a chance’ to end Iran war","https://news.google.com/rss/articles/CBMiX0FVX3lxTE9yWXZSTXo0My1LcDcyUzN4QnBISHhFZmc1NzBPQjJJMnBWZUNEUnVPOVN5aEFEc2NkUGYySzlXcFNaZmIyUnZYM0FQQTR4QUpnTTlxYTdrY2F1TW5NaDRF?oc=5","Arab News","Arab","1779286116000"
"Trump says not in hurry to end Iran conflict, says mission goals come first","https://news.google.com/rss/articles/CBMizAFBVV95cUxNQ3FtNGZVeU9jQ1FfeVpjYjBIZmsxMVpMR29wbWJVbVJYai1NQlJPaG1XVkxBTW1GZU5aQXdoQnZoZGZqUmVVQ21OUUdscG00UC15VFgzcHFwUWRnTXJjUVRxUk83MVJ6WWFkNTM2blRLU1d0LXJlOXJEOGw3QW5Sd25BNFdxUjlFa3J4RmlhOHZzcHQ0bGs4Ni1hSzdvVTNoTzNjbE5WMmNFWXRqeURiRlJVSEJaLVZsQWd5NkpoTkdsbVBRcktReXVDX1fSAdIBQVVfeXFMTzVjX05wMWlvNHNIeXh2cTNoalFyYmR5NUJkZFQ0eXNJZ01fMkZHVE1IcDBRMjREMlFDM2d5ZUdpU3Vjd2hxLW5iQy1sbzVwNjNkZkpVMG44VUh1dWF4eVZQR0pUZlU0QW5lYXNkVjRKclByemY1YkhSQ29IQmExS0g2WkR1TkJyX3FOWDk3VUkyWjlMSU16NWMxbi1YaHJOTTBiWUsxald2am9NckVjaTk2SzlwYno3R2puOTR0WWJRVExDaUY5b3lBcWRDaDhKckhn?oc=5","Al Arabiya","Arab","1779285960000"
"US 'essentially took over Iran' in Middle East war: Trump","https://news.google.com/rss/articles/CBMikgFBVV95cUxNLVhHNEI2Tnl4dkxQajRQWkNDWURjb0owSTVOSjZ6azdhT2l1cTh4OEQxdlJmZzhsaXVnU29ZZlpHOVZReUJRMHBKRjdSTHIyckVyLUdhclMzdTRVYndSc3pzQmxPVnVDMTNQbFhLVW5XTkhDQkdEaFY4dy0xN2FJVy01VDZkTnhsblp1cmltQTByZw?oc=5","Dawn","Pakistan","1779285918000"
"Bank of England has time to gauge impact of Iran war, Bailey says","https://news.google.com/rss/articles/CBMirAFBVV95cUxQYzg5WlF5YUFPek10UXJYSXdrMnY0dTVDUnJqYUZyWWdKN3J2THFFS0pNUjFobkVZV3BjSGpKRFExM3UzWmpPNW44dkQzeEdYSDJ3ZzdqNm14M2Jua01rR04yRTlFOHRBNHp0SU52TFA5cUpva3NKSzNUM3FWT3NDYTZNQVM4ano0SXd2RDJWTTZXRTZTQUZ1T0hKazNtSFZ0ZUtmVGNkU2cySTR3?oc=5","Reuters","Global","1779285312000"
"Iran’s chief negotiator says US is seeking to ‘start a new war’","https://news.google.com/rss/articles/CBMiqgFBVV95cUxPdlB6bkZoa2dRazh6TkY5UmhwbDhManZMRXBXREZNTHRjY1ZuclhScjA2OWR5ekRYa3RTYU52REdOYWtJZWIzVHlaN20xcVVycVVFZTRuQ2h3VmVuNWpvZDN3VmUybTF4SWROc0k1VVVTWUY5ZlNIVHh5Q0FzZE9lOUFLMHRWZG9BWWUwMzAyNnRKRWhxZVpucnN4UWlyOVFaRFRld3ZtczlKZw?oc=5","The Times of Israel","Israel","1779285306000"
"New UAE pipeline bypassing Hormuz now 50% complete, ADNOC CEO says","https://news.google.com/rss/articles/CBMiugFBVV95cUxQb1EyS05JUV9zbW1BTHAtVzFQMXd3NXM0enZJOGplMEpsTjBNNkpGNEQ4WlB0YnFjZjM0TmlnTHU4QUlDM0ZaRGdUVWdpR2w4QXJzX2ZFU3pFOVhpVlpSRXdfY3J5X0dNdU5YdkdITElYenJHZDNFRmFpTHowUTlrUGlxZ29YQ3pJNjNrR1ptdy1hZnB0dmEwMTFzZHNCdHpZZ1RTZ0hxY2tPRHFQZ3dBa2MxMlpyMURITEE?oc=5","Reuters","Global","1779285288000"
"Iran in 'historic resistance epic' against US, Israel: Supreme leader","https://news.google.com/rss/articles/CBMivwFBVV95cUxOYTZhbXhPRlhneTdFeU1xYWZ6UEpZMkt1NjVSQUNYV2diN3h1Um9hclViblp6Vl9CbXMzQmVjRENaTkpqVmNySWdBS2NLYWN0RU96NDRUUTEwLUk0dl8xVFRPVFFDNDBDU2dBemxXREF1b3Y4NEVjWjdNdFN3LWNNbmt6TXNaQzV3eGhNOHg0MVhWbXNBQnl0LW0zX0ttTXZGSlE0dDU1cGFHajh0aFRJdzFlVjY4amdlY3p3SFZiUQ?oc=5","CGTN","China","1779285256000"
"Bikers ride through London to mark 500 days in jail for British couple in Iran","https://news.google.com/rss/articles/CBMiygFBVV95cUxPTXF4aHpqM0Vja25sVDJ2TUJMOHk5VVlCSWJIa0lnRW1HSGtHZ1A3ZGpDN3QzbTNVZ3RGVm1nR1lHYTJTWXlPSF9wMDdVSEdUV0hOUFJmcnc4RVdXbWdVc29jN1hqWDRPVFlLQW4xajZURTZwNmFtS2hTTnVyaHdmR0tnRkltUVZuVUVVNEN3ckVMTlNyTjRBNmRDbzN1cEVHWklEUGJsQTZWNlVocFNSM2JYUWxTMUJscjBEQjlodHNfMThOblVTVEpR?oc=5","The National","Arab","1779285089000"
"Saudi Arabia thanks Trump for giving diplomacy ‘a chance’ with Iran","https://news.google.com/rss/articles/CBMiwgFBVV95cUxPczlRSFVZSzNKeGlqQzdvZmJKNU9ZZzBaMkxWcG1HU3U2b01aQXIzNFBGTHdVVGpzZU1CaVVIRWpBM2VjVk94UkJGeTJJSE8zODNHSS1EU2d4aWxjTW9UY05LODNWVWwzbDduNWdrNTdHemVGLVBlLV8yS1BseEpRZXZPeEZvVTN3bTlNakVXZkNBR0pjYWFQOGpXOEYtX2w5TmdoZ1VJbkppZFFQa2I4bFVVbUlqSl9XWE41OUdSaDFzZ9IBxwFBVV95cUxPbUJuZVhibE51S2c4MzhXZ0N0OGl4eGdQVEJwSkFNd1B3QkxxV2NkSEw5bWJuRXYyZG9HRF9xWWdZbGt0blI4YTU4TmNuRWZ6SFRIMWJtUVBUMXlKcmN3QVlTZHNzc2IwS2g1aEZ2X3dsTk5rSVpSMEhfVzRycGxmX3hUTXIyc2xvLURjOUgzQWVZVnBVSlRITHljaHdLelJudnVraXdxNDZWWnAzQ3lZckdWdFdTWk9hOGdMd29CTjJOMUpvZnFV?oc=5","Al Arabiya","Arab","1779285060000"
"Iran warns of war 'beyond the region' as Trump repeats threats","https://news.google.com/rss/articles/CBMiuwFBVV95cUxPWHNZRDZGY1JYNU5FOVBOM0JSc0F6MlQtdG9kZ01adFhCb0dCUUdqcTdRSF9lVXpxNVhyQVF5bmttSDQzZEoxUUw1eWprd19MblBXZHhWQm8yNk9fejhnV3l4MXBxS3NLMjVMY01TQ2ZheENjWVpCM0I3TEhtUUZVTklqMFk5UWtidjE0TWpYUUFkaTdEYm5EVjhxQy1MM2YzQ3N2b2lIenVtNEx0bDRrZ3RCVUZlSXdJb01V?oc=5","CGTN","China","1779285043000"
"Iran Stock Market Reopens: Trading resumes after closing in late February","https://news.google.com/rss/articles/CBMieEFVX3lxTFBKTmZMX0R5QW92RWhZc0xaNzVQQVNHeGowa2lGX29STG9Ydlhjam03T0VDcnFLZktkSEZqTDJSMHVZNFZDMUhtWTV3V2VWQldhdWdIdzFwNDBVR2JJekNMN0FsTzdqb2JkcWV2TWY4VmNIcjhnYkNYQQ?oc=5","CGTN","China","1779284929000"
"London bikers back British couple detained in Iran","https://news.google.com/rss/articles/CBMinwFBVV95cUxNV3hIblhsMFR6UFZjTHQ3Y1V6ZTBPdjRYazBsU1diaTNGSTUxMGoxOU9FQUZqYUI0X29ubmNDYlZWQm1mVEJtYzl0UTZDc09wblk2cWRJY1ZmTlBjNV9DRUNRem00QnZFbl9CV2EzWGt0dlBLdDJuUFFfQlotU0wyTFFMa0NjZ0FrLUJva09RNTY2M3R3eVJXbEFKUlEtajg?oc=5","The National","Arab","1779284860000"
"Who is Mahmoud Ahmadinejad? US and Israel’s pick to lead Iran","https://news.google.com/rss/articles/CBMiuAFBVV95cUxQMDhabnpELWI1RWJKSkhFNlNvbGhPcjZlRjVkUVFUNDZNWnNLeE9HUU1lU3p3R3hTZ3hvRU4wa0NETGJ4b0d0cHE4ZGFSRmJVTmNBa051STBUNXVOQklVNXZnYkV1R2RSNkxzdnNSMVA4WUJPb2pITExiUDFqeEFwM29WbXRkZGt4YnJ1amV4bVR6YjlBbnNocmJoMWRuaUVwcEM4NFJveXp0UnZQNDBFV29WSnhQSzda?oc=5","The Independent","UK","1779284820000"
"Trump says Israel's Netanyahu will hold off on striking Iran","https://news.google.com/rss/articles/CBMimAFBVV95cUxPa0JDRFhuMWxHRklZeDdjSEVEMVBWVERKcXE0VE1VNEFpaE9hd3FEcFczdmNrQ0pWMTdKZXlOSUk5WnVOZ1FScFZObmVPSkJua3N1T3R3V0RxMEdjUl9ja2l4TWVwZWVxaEZkRFVWRkt2b3N2UlJidVRBQUFyakZlOXdjX3FzX0RCdkVCYlBzdTNEUWYzbmtZbg?oc=5","Dawn","Pakistan","1779284810000"
"Stocks Rise, Iran Threatens Retaliation, Trump Seals GOP Base Grip, More","https://news.google.com/rss/articles/CBMiqwFBVV95cUxPUGt1eVVaZGdqV2pOVnFLWDhHNW5tMWtVbHpPUVUzRUJMMzBVM1lFa3VDVHVHbFVISU0zc1NwVW9VSFUxOGFURVdDTnd2MkVtZnNkVjA1bk9mbklzV3dvWm9mWWp1WmM3NXdrbEZUN285eC1KOUdlWmNZN0FkZ0NCcVN5d1BRNk1QS3dtaENIdnRFWHo5Mms5NlFMWUVpYlZMZXQ3aXZqSkZhZDQ?oc=5","Bloomberg","Global","1779284584000"
"US nuclear propaganda, designed to justify endless aggression against Iran, lies shredded","https://news.google.com/rss/articles/CBMiwgFBVV95cUxNX25oc19UY3lUZzZhSGQtdVkzMF9PdXFENmJiR1lpT0pDV1Y1dWxQSDJmZWhzTnFidUlJOVpSU3dsWGt5RGhSR2ZiS19CWjN5YklWOWM1Wng0NTQ2S1h5bHVKMFl3aVZNcWdLaUhrd0Q0VnczdmNfV1ZDV2N2M0JVQkQxODdMbk9uOXRBRWx5SXlyeHZxa0t2MWg1cTFmbG9iS0FCUzM1Q3gyR3NZT21WUEVPTzZicG9kYU1NcDlwZTVpZw?oc=5","Press TV","Iran","1779284580000"
"Trump: We must reopen the Strait of Hormuz and I am not in a hurry","https://news.google.com/rss/articles/CBMibkFVX3lxTE5jTWhZNnhaZXQzbVFGeDFNcWFPSlcyWHROWGMybXJxbV9DUzBHZnVNM09Zd3RFSTJwZ20tRDRRMjFyZU94NGhtcnVUa0RNWnVVTFoyLU1YVXhJaF9mbjdMQjlDdEVvQmNKdWFtOGp3?oc=5","CGTN","China","1779284539000"
"IRGC navy says 26 vessels transited Hormuz in past 24 hours in coordination with Iran","https://news.google.com/rss/articles/CBMi2wFBVV95cUxOYndPRkNQY01wYkNOX1h4UFJzYzZ6ZUtTQ1ZHdU9aa3g0bVIxR2t6NG54RGRONEpmcVM5THdSZXVPMWgtSTdVZ3JlU0ZIck15R0d5OExqR2UyR2dtQ1pHUDZhQmRSMzk3eEpseEtIdTJfYWN4OVZaM00wcm5pR2htTDBFT2NvMVNGa0hBVVF6VU1XN3o5a0ZiWHFscGdXOWdMaXQxc1p3NVhScnNHRWhMX3NyVWdrbnZxejEzN2VLRFRRX1JpQU9ueUR4cm40bXR6RzZpcnJHM2lvcTTSAeABQVVfeXFMTlFKN0ItcWpTVlFiRGNLeGhyQVZRWFpnbzk1aENCSzNyZUJQYzdoYkNiMGZjMXVlTk9nd0otYkI4MHF6aEpweS14dGlzNkFJRUNvYzBYbUVxcTBKQUJHX3hfQkVYamNkemNvaDRuV2RkYkc4SzVub2xEX04zY19zUHdSYmxobnhXRXJucVVvQVAtZW9FY2VFRmgybnpUOE5GZ3kxUmpHaUh3cmNZYjg4Q3pUeGJGVlFscFVlV2s2NENURGtwcGlPOVhFYUxKVm1lN2VjdVNXRUdqSk1Mdld0eks?oc=5","Al Arabiya","Arab","1779284040000"
"Would More US Strikes Force Iran to Deal?","https://news.google.com/rss/articles/CBMimAFBVV95cUxOZmJMYUQ4d001c21VUmxnRmpXdU9ZLWJzalBIUm5QY3JlQ1VUSTFGcEg1N1BZaDc1aGpFc1ZsMndNUk0yVzl6V01lSExFeTViOEFOUVhxZHJXdUVSaTFBWXg3YU9ZeGNibndrQlNta0JoS2dtcWNLVjRuNUNBemFMM1R2Q0FHM1dPaHhZQS1hSk1xQl9zOHpfUtIBngFBVV95cUxNZVRvLWFhMGs2cXRya0V1MlFZTGREOFVOZnVBM19HYVBYdTk0UXRCOE5uOGt6SjRadm9mUG9uLV82bjBjR1FlZGpudjFiajVZMmU5U3dyQ0RoQWZ2al8yaGpHWmRKTXo3Xy1ZZEFtWGZJMjhyaDZYQWViN2VQWnpZMFZlSmI0MmFjYnlTQ1p4RDVWNzVHQWVxU1ZVQ2JaZw?oc=5","Al Arabiya","Arab","1779283469000"
"Iran taking control of Hormuz via checkpoints and diplomacy","https://news.google.com/rss/articles/CBMiakFVX3lxTFBqWC1XOU9TYW5sSUZuc3BIdHF5UjFrS1pXX1p4YVhTUGpHYnBRbUZGS2xQVUY1eVJaYTktNEJ2Q2dWMUttbjU0dmM4N2R2dDhjSmVKelQ4NkM2MmhIYmpYSHc5Sjg5azI2eGc?oc=5","The Jerusalem Post","Israel","1779283262000"
"IRGC Navy says more ships transiting Strait of Hormuz under its coordination","https://news.google.com/rss/articles/CBMilwFBVV95cUxNS1dNdmI4a0NlUnRmSnBOUGd3WHp2czhrbENnYzJYdDdkN2JYd05hVmpyTDFmLWxzQ29NRm1rM1J1dHNISEdGeHkwQ2hScm5rMlRNeW9KUXptTklyTVFLUWZyRkRjREtNRVk1MEo4VWFqTWpUMkRDRHhTMmdZeFBuOFl6SGlEb2plb1kyRzJoeGxQV2pKTzg0?oc=5","Press TV","Iran","1779283200000"
"Iran Guards say they ‘coordinated’ 26 ships passing through Hormuz since yesterday","https://news.google.com/rss/articles/CBMixAFBVV95cUxQZ01jZGFDbnJIRFZaU2xZd25sclk0dWRNdXpzZnkzdGRUOEJvQi1xa0liel9DZDZIeEowY2pyWk9OS2dXQ09LQTkzdEZsWkNUcWphT1g0b2JuUFdydXowekxsOVZ0UG5PTmx1aEpuTVF6cGgtbWZRbEJSTGdMOVRhUFd4YXhKM1RPSV9JVzRVNnVpQkhFdnRyM2hWYmEwM2ViRmR6X1JBWDdiTENiOWV1MXcwMDdFUWd1eWRYQm1jWTNYSVBo?oc=5","The Times of Israel","Israel","1779282606000"
"Could Iran Be Hiding Internal Chaos?","https://news.google.com/rss/articles/CBMikgFBVV95cUxQZUU5bHNSWTRCQV9ZME4zcmtwSWdia1F4TFdwUDJ6ZWgwcVg4Xy1KUHVuSUE0cjdwZDV6NnZvYy1JSzgzNlJONTZyZ0xOVUNmZ1ljWkVoZTkzMHYyY3NiUl9SOGxIMnNvQmN6ODRINHludWQ5d253NFA4VUJxQ1Y2QTAzS3U5ZmkzVmV6NXc1d05LQdIBlwFBVV95cUxPWkUyWnJuNjY2UjF3emhqU0pyMFVIeEdOVklrUERDN2c1Z0I2ZXRRQmJMYjA1RFUwR2hlUHBsTC04UlcwQUg0SmRadU5fTVFBWGRuTTJaTk8waWFwWl80bVo5THdXM1VrdFB0VTdVYmp5QkE5c3lWeVpHYy01Ull6cHN3QWRhcXRuTDhrcjJQbEtLTlQ5dFdR?oc=5","Al Arabiya","Arab","1779281968000"
"US and Israel planned to install Iran’s hardline former president as new leader after war: report","https://news.google.com/rss/articles/CBMingFBVV95cUxORlVhOFdrTmlaWUx1c3VJd0xHeU12MmZxR0lYYW14YzRfLTFCams4WG1sUy1jSzFGckxhSVplMWZFNDlEZHktVi1NRU5PNmlaRWJUWVY1Y2J1NzVXQUJVWlJUOWNmeVdGdXliYi1keGJoWW1xeHhmOFJ1Mms1Q2lZb3Z0cElwejdfWmVlSlJZTGVrZlh5M3piWW95ZkJ3Zw?oc=5","The Independent","UK","1779281460000"
"Trump Must Play the Falklands Card on Iran","https://news.google.com/rss/articles/CBMigAFBVV95cUxObTEyWk1jZHE3ZnpxVHpoUUVjaDJFbGxfdjNxY3pRWkxLckt5dUE2eVh1ZXdKWkRSdEtBdUNrc2lYVVNhMGEya2dfamJHT2tfdEMyWTJsaXRqMlVvMG9tZ2R0enpIMzMyc2FSNnp5VVdaZGthVXN0MDdNYWZXQ0xQZA?oc=5","The Times of Israel","Israel","1779281340000"
"Iran is consolidating control of Hormuz with island checkpoints, diplomatic deals – and sometimes ‘fees’","https://news.google.com/rss/articles/CBMixwFBVV95cUxOMzNJZTNOVW9ScHNEZjlhenY5VFdwa3ZmVXhCVk9MYWgxY0hnRlVmVUFUNERHS0ZsVlBJZXNBSEw5c3BHYTJxUFA2cDdlZjBBMXRsTDFFN2dXMEJybG9ycU44d1c5WDdwZ09EdDNCWm5kRE8yTW04clJnY05URDdadVZzanZTSFA0bkxFVF90Ym10a1RUYUdmYWNmN2dlNXc1SGdOelpZLU1UQm9aV0RXZkJZeEdRamlmbEl4SlFveEs4RVA0LVlN?oc=5","Reuters","Global","1779281247000"
"Urgent: Iran's IRGC says 26 ships pass through Hormuz Strait in past 24 hrs with coordination of its navy -- statement","https://news.google.com/rss/articles/CBMifEFVX3lxTE51RVF6dTVzemNOaEVPT0VwZTAwS0pwdnVHUks2SERHOEl3TjN0dFloLURubGtWOWhPeW5Gbmp6anlNUXhrZ1ItaVdHTkNGSVZyMjBYMVhUcVg3NUozZXE1bTAydzlyUENCX3hBejJJdkQ5M2NJZnFuenRRQ24?oc=5","Xinhua","China","1779281205000"
"PHOTOS: Iran's foreign ministry hosts event to commemorate FMs Amirabdollahian, Kharazi","https://news.google.com/rss/articles/CBMiugFBVV95cUxPamJGNFBlS2NsNERuc2ZQa29NTzNBcWtmR2o1U05GZWM5NXVOZzJVMGJwQmdaNUhHN0JBX2Z4d0lBcWlyUVM5bkh3NFBiaU40dHo2YU00cnhvbTBVcFdJSkk2TlBpaTBnazcwRFllOUNOVzlrMkFieHBGOGNLRU1CM3ZzMm5FVXpITU5WcFdYNFd2NGVOT3A4amx2V1hCRTRqRGNIVEhiSE1MSUpUdlNFZDVaTDBOTkQ2RlE?oc=5","Dawn","Pakistan","1779280977000"
"Flash: Iran's IRGC says 26 ships pass through Hormuz Strait in past 24 hrs with coordination of its navy -- statement","https://news.google.com/rss/articles/CBMifEFVX3lxTFBYVk1IZVBkX08zV0RpRF96VGo3ZUV3N3lJbjZoZzVRelBTb0VSbUI4em50Nm1qdWh4eDlILXp2T1pMeXprZGNiSEE0UC0tLTQ2RXluaFh2VHV6RDRxdGdzWU5wTVI1UGhvdHdRY2hXV25vb0NSV3Vtd19IdlI?oc=5","Xinhua","China","1779280590000"
"26 vessels pass through Strait of Hormuz in past day: IRGC Navy","https://news.google.com/rss/articles/CBMinAFBVV95cUxOMHVGNXp6ZmM3NTctLVlHdUw5NUJnVFl4cFlZTWNhRzB5eVBjeVVkQmdrZngzeE9YSmk1NWFLcnRBaGJUMi0yaGZIam1IMlpYeVhwNzc5LVEtcWU2b3Z1elpXaU0wYlUzUkVYTmJ3QnF4SzlMUER6bmhfOHN6bTR3MllpeWlkVlZxM3Jkd2h3c3NkdnVwcEpqTEtac2k?oc=5","Dawn","Pakistan","1779280553000"
"1st LD Writethru: Iran witnessing historic, unprecedented epic of resistance against two ""global, terrorist armies"": supreme leader","https://news.google.com/rss/articles/CBMifEFVX3lxTE9RTjltWVdnOFQ5ZndUZEdnc0RFdDlQa0gyTFVSRjZENEZUWTFrX1JiazZtV0s1RUw0Y3dRY0pWSF9IZEVSN2tFUXU5dnNST1VTVS10RTUyYU43NEdJb3FhVnkyalhtWlJrdE5WZjhhMjZMYjhZbGdiWGhCLUw?oc=5","Xinhua","China","1779280425000"
"IRGC threatens war will ‘spread far beyond the region’ if US renews attacks on Iran","https://news.google.com/rss/articles/CBMisgFBVV95cUxOejAteS0zSTZsWlhwbnA0Y29CYkxkNVRqY2RiQ1NLeVdIOXM0dUJIVWN2ZGNqSkc4Y29rbHVZbVBRNV9pNlQxSE5MWUU0SzlQc0M3RmN0cFlzYnd4UEZ0cS1pUmNwb0Q5eDBrQmV2Q1kyT2FBcTl3OXh0Z2V3R05zR3NFaWZmSDdEU01ObjRtQVBGenhVTkNnRk5BQ0tocnFvb0xhTGxWdzV1Vjg3ZEladzNB0gG3AUFVX3lxTE5Jb1BGaXJMNDQ1dGxBSmZQa0s5SmMtdmNjSXZoQXdIaE15WFdEcm9BRTZIUDFPcDZNd3YxcEgxZkZlUlhwNUNWbnBTcWVzTmVwTjhLbDlXQlhpUE1rMnMtdl9OZWwyd3JXeDRfcnptOGJncjRSVU45WTlCS0tJU2lXX1JJR1lQemxNT1R2OGg0SS0tNnFNWWhZNXN2MGs3SjhiYW1CR2Z2c2NGQ185dWhucnVSQ29EQQ?oc=5","The Times of Israel","Israel","1779279826000"
"Pakistani Minister of Interior meets his Iranian counterpart in Tehran","https://news.google.com/rss/articles/CBMibkFVX3lxTE4xME5xd3F1UW9fV2QtTkdSVnVFcU5hQmpSdzhqOXVVamg4RlpOakdXYlFfODJLVldVZ3BBRnozWVAycEk0cmtwSWlnVWtsU3ZQNVpWRUstOUVSMUZoMVV4cU9raHY3akNkbHRpYjB3?oc=5","CGTN","China","1779279789000"
"Iraqi resistance groups caused collision of US KC-135 tankers during war on Iran: Report","https://news.google.com/rss/articles/CBMi5wFBVV95cUxNVFU3S1JWWm9odmkyYzNfR0FiSHVmU1FSVGZUODM5Q0NZWmV1UTRYekJsSkt6cWxsRjhTcFFMWE1GWTVLdlJWQnJ5ejVPSEZlaUxrVkJHRi1NTTNaUS1ybXZzQlVrUURiOGZwODlodzF2TzNWc3NBbnRwX3FmOEFKWDNRRDlMMF94NzlVWk9lWVZQQTFUYW5QUURqU2FvbC04MUVJRGpReGs1ODJvLTZRVElpSE0yay03dnI1MXBKSU9HQWpvejFjLWVKM01tWlBadm8yUHlkdkZkQVhSbTZBdFlyRFFCalk?oc=5","Press TV","Iran","1779279060000"
"Pakistan's interior minister leaves for Tehran for second time this week","https://news.google.com/rss/articles/CBMiugFBVV95cUxQZDlETWVfcHdYWFp2N2xSUHVXOTU2cVQ0ZUtTczl3eDN1OVNCVWVJTUc5MXFMejJVbmMwVVFrUWNlZVRMTzJJUUt1eEdCakxIbktSNWljcVdqMUxsUFhBaUdzWmZ4UlQ5QVBXRkZMMWZRTk5ISXBQSU5KeExWWEhjOEQ0ZUQxQ0t4dlZ2cnJobGhnVGhSQWFKTnc3MWtObU5SX0hwT25YRWlsNWV1c0Q3ZXJZcTA4c1AwSlE?oc=5","Press TV","Iran","1779279000000"
"Russia’s Putin, China’s Xi jointly denounce recent US-Israeli war of aggression against Iran","https://news.google.com/rss/articles/CBMisgFBVV95cUxOM29mVzRHSU1DT19kQzRseHpBZ1o3ZUtyTmROVUdDRHZhNnN1UnhuTUZ1Q2ZKZkM2Sk8wa2YwaGlYQWFGNnJXQzcxdDNQeU1DUDVCNGpiSDZPcDlVVEVMbnpmQnlCTG1DWGZsSnpLTXd1SEp3MGRoZXVhYzU5LWhfbHhUM1M3MHJRaWlESDhYR1IyVDI4ZkVaYmQ0S1EtaWxJOXgtQm5sbjFDNHNyNUdtVjV3?oc=5","Press TV","Iran","1779278880000"
"Europe EV sales leap as Iran war pushes up petrol pump prices","https://news.google.com/rss/articles/CBMiZ0FVX3lxTE1OVEw0bjd4ZkVuVndrc3VLWGJKaEZxdFgyMTY2VG4tQzY4b0VwMXFjTDZrOU5idWtYWFZwaU9KZ2ZDOF9RNHJBQkp0NjU2cV95WGVMV0wxcFRDcVZSMDdpMDlWMEQ2TVU?oc=5","Reuters","Global","1779277512000"
"NATO Chief Says Allies Are Informally Discussing Hormuz Mission","https://news.google.com/rss/articles/CBMitAFBVV95cUxNNDZhQTE3V0phY2FoT3R5c1diUkwxMFI3ZEN6RFpsUWM0YzBCOURQSXpnbURCdWp1Y0Z5QXJrSTk0N1VGWlhqSEp5aGMtaHRNYVN1eHVJQ1dEdzdlOVd0aVhPc0pLdHhvc2FhbnYtblNaZnA1OFdFWTY5b182T2pacHBjY1B6WWRwdEpjS0tueHpkQlVDbXV3bjR3V2dQSk1YbjA4QU1pUGlwNmdCTFd1UFNoWWk?oc=5","Bloomberg","Global","1779277244000"
"Putin pledged to 'do everything' to serve Iran's interests during Araghchi visit in April","https://news.google.com/rss/articles/CBMivAFBVV95cUxQejVBVmZ2TXN2WENScTZmbktjR2lXUnk3RTA0TVhyZ0Y0NS1qT0dYYmE2YmdVSk53amhfUndlaGlLeHpnV0JWWHVJZC1rTk84bGF4Q0FQdEFpN0NfR2U3OFRMT2tNWnAwTUxQR0w1ZVVtVkZjelNmUDJtUWlKTlUwbzV4dDRub0NZMWppY2JnN3VlTjlDOW5Rbm5nU0ozcjR3clpvMmhKVUM3RFhKV0o4WThaRlhQMGdaOURhTNIBTkFVX3lxTE1xSm9YemNCRFdiMUNIMTZidUg1VWEwR0NzUTd4YmhlVnZlS0ZJemM0bFk3cVpoY3pKbmhYRS1ncmVKZXdCWE55STFHOGR5Zw?oc=5","Dawn","Pakistan","1779276943000"
"Could Trump Launch Surprise Strikes on Iran?","https://news.google.com/rss/articles/CBMinAFBVV95cUxQc0N1QU9jQlVDcHF0YmJIWjlkcll3ZGEwSTFLZjdCbEN5V2UyUzNBQ2IwUjF6V1YyeVNoQnhnRkVaQ3U0TXZwVVB6UGdKTmNJWmlOWmg4T0xxeUZpUTN4YW9NM1Z2d1dma01CMEtBZDhRWWlGRUEwVE5LTkFBSzluZi1UVmJTaE1oTFo0Zk1POWNYNGItbHVKVVBRa0vSAaIBQVVfeXFMTzJzTFdVZl9mVllHU0ZXc3hjVGQzNjZrbmFNMTdrVjhQVDBoU1NBUlhNZWxNVU9KSGkzSGdBMzYybUlvOTE5LUxFd2tZUUtIX0lDdktMT2VzSTJoQ0tZd25CYldTUUpJSWlrM2syMzRraXJfSXRQdjl4bnpBa0xvVUNvZGtnN05ENm9PRzNhVnktTkFmZ25XZDl3azFBS3pSaERR?oc=5","Al Arabiya","Arab","1779276828000"
"How could Iran's threatened internet cable tariffs affect Europe?","https://news.google.com/rss/articles/CBMixwFBVV95cUxPS3p1dlpWLWl4dUJZTFBhNE1wTlg2T2JZbldMSTdCbE1QRV8zRnpQbFprUE5qbmpDTmtuajhvbnJTOEJ0SENzMVhOa0tfbGJCY3NjRmVuMlg0MnVQd2J3clpPOFNaNmYtdklyWkdSVGJiRWRPbHlydEJBUW5ZTHZRUll4Z2tjbHJpM2VJUG9FZF9wVUd1MlZmQVlKdFVLR25Jbnd2QmgyVjZGdDVpOVJvaklQN2dyekFRYlhhM0x4TU1aVS1UNEJN?oc=5","Euronews","Europe","1779276764000"
"Strait of Hormuz crisis and the illegal US naval blockade","https://news.google.com/rss/articles/CBMixAFBVV95cUxONGVBS1BBa2VWQlU3ZHduQTFKWnFxampJejIyR29KYU8yNXR3Rng5TUIwZTZJUVVpU3gtcVotXzBkeHc5QXMtb0RueHY3cjZMTVZZWlFBUVIwZVMtVmlMWk11MlNGNlRkXzA4bnVPZG51WG94ZDJVeHBZT2dUMGNfOHFfYXBvczVtcjQwSUl4cDgtejVWUWN5dGR4QlNVUWVrQ2Nra1JPRHhaYVkwSldFRXhMa1dPbGd5bElNQV8zVlhjTDNV?oc=5","Press TV","Iran","1779276720000"
"Iran threatens war ‘beyond the region’ if US attacks","https://news.google.com/rss/articles/CBMirAFBVV95cUxOdnVNOWdCRWljeDlUQ1ZDZm1qZmVRaGNXRENBYzFvRS1OUXBpQzlIOW5aMDhjZnBRazlqeHl5NnptYXZNeS0wMmdVTkxpQkV0ZGI4bld3UnhvbXVTWkJjb090YXFOZ19Vb3hfQUdwQnJkQmxFSEFjWG91UGZGUDIzdzkwNHc4d3dETmdiSE1GZXlLVE1uTHhQdWVUQUlDa2djd3owWnBwUlJ4OW9L0gGyAUFVX3lxTE5RY0pqUTVfZHY1RWdyOWJ3OHBfYnFqNldsdWl6SVhUbDFhN1Qzc3Y3Q3JHaGFHRFhGR3hhZmVSMk40RjdTY04zeVNqQkkwamtCclBuQV9pcVZqRG9sMWlIV2kzdTRGdDUwMDkwaHlKMmVROEZPaE80eFRsNlZvYWh1R0llb0FLNEdDaTdHeVhSa2lNcC1BWmlsQ1lwcTNqcmFmTENXbHlDX0JCakRLZHYwMHc?oc=5","Al Arabiya","Arab","1779276600000"
"Iran vows to attack nations outside Middle East if Trump follows through on ‘big hit’ threat","https://news.google.com/rss/articles/CBMizAFBVV95cUxQN0JTeDNzcEdKUHc4OUhtdnpZbEZ0d1pYYzA3eVVMZ185ZHp1OG02SGxmUDd5OUNrWXBrMk1GQkFtR1BEc01wR1FQVHk3Yl8yS29lcnhVdldyMXNkaGJxYkNtZGVfdTNSUlozZlNsRnFSMmVSeEg5VERFZDg1LXNWNDFkYTJPdlhVdmRnazZxQVdIN1dpV0R5Q0YzUmVMS0g2TkJDRFR4dFlDMXlLa2dwSmIzREdSYWNUUEo0d2VGMWNFTFdqOHdfd0FsMjQ?oc=5","New York Post","US","1779276540000"
"Iran warns war to extend beyond region if U.S., Israel repeat ""aggression""","https://news.google.com/rss/articles/CBMifEFVX3lxTE9KRzZudGdpWXNxZ0JYcjVIRHk3U2l2RTZDZmtubnZYeVRqYzZfb3h6UUFQMW9SeV9GZ3hVbGZpYW5yRGtxVEJ6M21lTGs1OVJqUkJvNEZ3TGdLcTU3eE83dWdKSF9zblQ3LXBOUXp2NjdlcTV2UU1QZkN1LVg?oc=5","Xinhua","China","1779276510000"
"Will Trump attack Iran again? Does Tehran want a deal?","https://news.google.com/rss/articles/CBMisgFBVV95cUxPamRPdzE3ZW1nYW5PTkR0aUNFdHh4TmRXM1R6NG9nTmtyUFBObzVkUU5falhOMnFuVjlLbk54VFJCUXFwSEtVNllvWXhEaHZSNEdhZnhEVWxvYlAwZTExWTNpb3M0Y2VySHFVVzNPcXJNQUhPMmpCMkFNbnBPZXRQNnc0a0tTMWdWMjlZcUt2UHllaVdvUVV3MDZvM0lsWDJJWFgyUzdFR0p0NkNqQzI4cG1n0gG3AUFVX3lxTE9BX1h6MzdVdWt3MjlRYmZZcmVQTUQ3YWpKVWVsTC1VVXRlNWh3NF9ITDlYeEZvanBkOWtwcHRydDFvVFZqMnpPeU5laTFmOHoxZkpySFV0WmdfRnNVa0lzQjhrYklWS1ItNkk3aHhaNHpwRHdIVFdFeHlLb3NvTlFhMWlYX28yaG9Pam5uQmxIR1ZGZDV3dFZVN0RySl9Yd0MwMzFISkNxbnNTZ3NjRFBCSFFvcUZBYw?oc=5","Al Arabiya","Arab","1779276300000"
"Are Iran’s Military Threats Real?","https://news.google.com/rss/articles/CBMijgFBVV95cUxQYVA4TmlKSEd3QWh1WUg3NFZuX1AyUFFvbGg1SjY5RVVpUlZpSF9FamlqcmFZUnNtUGstQzBsa3g1RWtidllmU0JLQ0JXMmJpV1I2aWo0b2Y1TXF2Q2d4VDYwSlhVZ3NQMmE5ajRxUUtNOHpJb29fZU5YbFE3NWgycXBVa0dnSVA1QUJPZ0ZR0gGTAUFVX3lxTE92aEl2Y29qdDhZS1VTSlo5c3EtcjdnWUZlYW5IRjdJSTFfNVRablhEQ09NenVSbmNURWhnTG9WTlRZcjFMS1kzdk5YZmNTRmRWLTI0WTB6T0doWnNlZUs1M0VHeEZUVlpvQVZPVldfaVpUakY2VDk4TFRsaFNtbE1QWVJjTUdpYnF3N01xTmoyU2ZKSQ?oc=5","Al Arabiya","Arab","1779275980000"
"Reuters Iran Briefing","https://news.google.com/rss/articles/CBMikwJBVV95cUxPTG1YRjVELS1KOFYxUURsSTR3WWdIQjRsR0E2Y2ZwcVp6VnNCSkNka1ZDaTBUeVpEY3JpNlhhb29VeEVTbS0tWldkMFF2YXk3SkZVNzJVU0YxTUtma1VRa0x3THBOTDNQOE9IQ0hfR0ZaMWg2ZUdwMjY3SWdGS2djVWxuRkdScnpmQllodjM0YURfQmFEQk1FdEZSYklPdzdUWjlEaDl4b1ZWNlJPT19TYTF3LUt3akhGZ0psQ1gyTWxlbkFCaUhWd3NlaGdPdktXYk5PWC1DRlpwdlZVZmJCZVJIeDRpbERNQUNDOGRxUF9Wa04yUHFnd2hCcGt3NS1RcnhqTGh6MllWZXN6NlRpekstVQ?oc=5","Reuters","Global","1779275976000"
"US Vice President JD Vance says ‘a lot of progress’ made in Iran talks","https://news.google.com/rss/articles/CBMiywFBVV95cUxNV2VuUmJMU0NCQW9BNkJ0aVZkNFlxNjQ1WkpqLWJzdnBJZ3VZaTA1TGtlVjE5QnpiaDR2ZjdNeWpLcWFMbDlrZ1Fnak9nR3Izd1B6UEtXTnFOZ3lfSVAzMjRQV3lBcWxmejF0cW9ueUR5enRfamktWE9nSnhXMGNoMjAteEFNQVJjSkR6akFJTXJmbHNVWmp4QW5aaHNhUGxEcFRmbEZuVy12aEtvZVcwVHlHNVUzTXFYd3duRkxRT0VxdVF1VlZBQ1RzWdIB0AFBVV95cUxOcW82UVp4YlhQcDVXVXZWcDdaelNWampnYjh1R0JXWW43bGdGaHREcEhoVkIyM2dXa0dpSjdiQU5ScVcxdU1Uc2ZmRWRRUWszdjQ3TG5aeVktRXdzbGVhcXNQNHVHUFhQNlp5Q1FtTENITEo0RklrMS01cU5JMzZ3dUI5aFNCX2k4RTk2M2xkWHk1OTh0c09sLW9JNGt4dFBlSTlCNkhHWDgzbE0yTXZYQUo5WGFhaXdZdy12eWpRZmtadG9jUUV5NTBCV0pRM0hQ?oc=5","Al Arabiya","Arab","1779275820000"
"Iran announces that 5 oil tankers will be allowed to cross the Strait of Hormuz after coordinating with it","https://news.google.com/rss/articles/CBMibkFVX3lxTE0xMWc1VFJKNmhaUlhlQ0FHcE9YTFBOLWV5R3k0clVGM1NVczl6Y1dqTVdWR1JTdnNwY2IwSnAzdXhLc0ZmT1ZtUm9rN1lFQnNMWUNsQUpuUEgyUDcxM3JPRjVuLWs4Zl9LUkxITzlB?oc=5","CGTN","China","1779275743000"
"Iran's former president Mahmoud Ahmadinejad is back, at least in the headlines - analysis","https://news.google.com/rss/articles/CBMiakFVX3lxTE0yYjdiSkw0WE5UWEQzNkxvTEFWNHdvbUxtWWlOTjR0MEM3NzJVRGdOampmblRRX2R6V1Rra096THhOaEJROU9VTGhmaTVhZHREdHExUjRBZE40SE90SW45YWVvQ0RTY3hWRWc?oc=5","The Jerusalem Post","Israel","1779275626000"
"Hormuz closure could trigger 'agrifood shock', price crisis within a year, FAO warns","https://news.google.com/rss/articles/CBMizAFBVV95cUxNVURfdHpGUVJLa3N1RkgyZm1tS0pKUGFlWk5FWjI1RG5nM1NaODVfZ1RoaUxFNUMwRkdxZzJwY1V6UnhqSGdwTTFIQUdDQlMzdkZjR3M1OWl0aC0wa0F1MFpjZkpDSDN2WnlvR19saHJZdk53dHRfb2lVYU13Sk5FdUV5eURTX05UUkx4QTltTm1BTnpPNVViZ2xVYXdOc1kwU0I4U044VEpNX19KOTZqcE5STkVsSVNEQ3ZORXVpaTlfNE5NV294RkJXaXE?oc=5","Reuters","Global","1779275623000"
"What’s the biggest mistake Iran or US can make now?","https://news.google.com/rss/articles/CBMitAFBVV95cUxQTTJWaWp6aUllTURmY1NxUWFnaDRIZjlZdnJQMkdrel95VUJIeHZFNWRJeTVFYkNWY1lzYm9LWVlxMVN2SlZvOVk0R3Rmb2xnYkVGbHpUTmdWUElEc19EcnBINXJRazNLVHJKLUZWUjg2VjRGcmpnRWFCQlRTZWJBam5oWVJwTTh2SjI3clROTG9SMDlQYWRpaTVOTU40Y1pla1hmdVZPNm1jNWRZbU1vRE9oTGzSAboBQVVfeXFMUEg5VTc4M2E0N0g2OV8xOGdxaVN4Z2xyWjhzS3hpY0liaGdQTGsyZUZCNUV1MWFsR2JmVXBsejFSTUI4ZW9Qb2dwSHV1RnlRZDFNblZNYTl0LW5YUnpQUm5GX09RdURjVzRyOWc2Q1gyTXRHMWZxT1Q3YXc2QlVTNFJXZG01T2RNLUJZZG9RdlFSQUNvTlNxb2stRWJSNmRjMGdGd0dzaUpYZEhxR3ljMlAtN3NSR19jZURR?oc=5","Al Arabiya","Arab","1779275520000"
"Iranian Foreign Ministry: Araqji received an invitation to participate in a meeting in New York on issues of international peace and security in the Security Council","https://news.google.com/rss/articles/CBMibkFVX3lxTFBqc2U5MTNjUVE5T2dWaS0wR3gtSXNWdERUb01ZU2ZZa0xna0dTd2xqWEVKM2lXNWlMamIxa3daOEVMS1ZCQndmLTl1R1RkajY0Qm5wY1NWajdNOFYxal9iVFFSQllhVHVfV3lpdlR3?oc=5","CGTN","China","1779275296000"
"Urgent: Iran witnessing historic, unprecedented epic of resistance against two ""global, terrorist armies"": supreme leader","https://news.google.com/rss/articles/CBMifEFVX3lxTE9RcWF0VHRHZlhBeV9tbDNHXzdWY0hXZXNSVm5nN3NVZG93ejYxb2g0cXRCbkNGUWtfSXRwX0EyLTJMTUEzbkxrWEpfeW5BSUptam5YenMwWWNkV0V5dXV3RkprTi1CdWhwZXA5eUtPSTdrOG5LQjE2bzdwaEQ?oc=5","Xinhua","China","1779275265000"
"Iran Threatens to Strike Beyond the Middle East if the U.S. Resumes Attacks","https://news.google.com/rss/articles/CBMijgFBVV95cUxPSTVDc1kzbkZUUmdIc0VLYWhNSy1zM0JEbkVWVDYzaUtFb3BsZzFRM19pY0FBQ1UtRXcxMkdycEhOSHBFMUNOZU1JamJfVGQ1LVpub2M0Yl9qM0VzMWhpV3g4TmszNml4ekkwbjRkU3ZVaF8zbjVBNHVEV2NKdmlDZHZVQjFQTmhNX0U0Q3RB?oc=5","The New York Times","US","1779275217000"
"Tehran's tiered internet leaves most Iranians in the dark 82 days on","https://news.google.com/rss/articles/CBMipgFBVV95cUxQTGc3R25Eck1hRmFRVzRJNjA4WEFveUNLdzVkbUV2WjRJOE5PU0pqekI1cWZnTnNJSDczcmZUaXBtcnAxRjhubzZCMUxKSW8yMWtJTnJ3VkE4TFc0TzN0Tk9nazJoc1VGTWl2dFhrZHVyaGdFYlZINHd1QzByTEJ5WXA5YXUzSDRDT05RUHpHbFh3ZXFoVUVNTkpSaC1JUzZjZVZpTmxn?oc=5","Euronews","Europe","1779274954000"
"Iraq marks second anniv. of former Iranian President Ebrahim Raeisi’s martyrdom","https://news.google.com/rss/articles/CBMioAFBVV95cUxOdzFqNUVOWWhIbzBmZjNxbkFKNHZXVFZ4aFoya0YtczQtbW51a2pHMnBWaFhOcklpR1o5UnF2NWVhVjhMZGFqa0JYZFhzZEgzdERTeUE1TlBZZk9hUjVKa0J5YmZjZlphUlFPcGVIRXI4Uzg3NGZGMHBoajJlWEdQd09zZmpfSDdrQzB5Vk5WWlNadEhadXlfN0Fibmh6WjFM?oc=5","Press TV","Iran","1779274920000"
"Why It Might Take a Slowdown to Undo Hormuz Closure’s Economic Damage","https://news.google.com/rss/articles/CBMiwAFBVV95cUxNTjgxUWREbVZhQXZNaFMtazNZTmlfRTluMUU0RV8wMWduREVPRTRVUUdYLXNFNkZEWjJRaENrSjQtQVUyZXIyZFMwU29XZExadlhSRno0QW9YU2pRVTdvSVRaa2dPc2FEQWtTTUhjdHdxNlU4ODkxWkJuYjVYblgxYmg3NFpBWUZXTTlwMVRGQ1ozYW04NGpLZW5oWlVna0VZdUZBckxrU1podEl0LTVFOWtNYV82cDB5ZklsMjJVd1U?oc=5","Bloomberg","Global","1779274801000"
"Iran Threatens to Retaliate Beyond Middle East If US Attacks","https://news.google.com/rss/articles/CBMitwFBVV95cUxPYnJFdDFTTEtvUDI0SElSQ1BmTmFPcXhyZ0lCTHFLVEV6TF9qNnNicXdvVkhMX3R2QzRGVWg1RnNFdWZERFY2cXJMUVpQVHBuQVdwV3g1S29lcFVQdGhlSGtpa25STVNYaTVsTEw1aWQweDY2Undsd2JDWllMak5hVTBoRjB5ak5nekxoUkZyOE8wbUhqSEdTcTlUT3FTdThMTWl1N0poWE44RmNVOEhFT3BaR3NEQzQ?oc=5","Bloomberg","Global","1779274219000"
"All 50 states top $4 a gallon gas as Iran impacts linger","https://news.google.com/rss/articles/CBMigAFBVV95cUxQWWlXMVlId2NnNl9pX2dXQzJGakhHekFWZmNieWNvdW45NkJaelNQWGJxSEFMeWpqbHJPdEdHRjA0eFQxMzd0VEx5RUw0by1UeGcwNGxCVHY2ZDl2RlFoRUNDbUtZTHJhWVpfa3RpamJ0WWthNlhraTloTXNoT3BLcw?oc=5","Axios","US","1779274187000"
"Pakistan minister in Tehran amid US-Iran impasse: Iranian state media","https://news.google.com/rss/articles/CBMiwwFBVV95cUxNeVhnVzg4azNlaWxvbHp6Z1dzRkRSN0ppaGVzaFUyZnBhRUhNeS1IeENUV1lhdXl5UGVuaElOTk8xNXp6YWR2OHJuRnR4bzRRa3hBNG5TaUp5TTlZcXpnOGV3elFTY2VDVDR2Z0pTVHZmSWNDSjhIMDdSMVZQQ0lCM2NUMklXT0swcXVNWlhSMnQ4UEp4REtUVzk2YlBSQTZPY05TcXJxcExqUVdTN1lmdzVCcWJLWVV0U3lDTVVIOElUMVHSAcgBQVVfeXFMT2E2OUlXX2NWRXEzOEJKSDFQVngwdzI0NmhVTTVxLWNZdHhpVkNnemV2VTRNcTVWbDJ6WDFlSkxwTmNYNHdLdGl1VU1nVlQ4Sng2R2tVWmN2Yk5Pd1h0NHRlUDFLellNVml5aTBMb2R5RngzeEFKZk1oNkpjbWY2VGI0RUJRYl9PUmtmMWx1TFNDYjJUSV9BQ2lQNzV5TVFkY2hJanFMc2g2N2pJTC1qSXJvblhOQ3VHbDNDZ2R4SjRuNVcwWmNoTWI?oc=5","Al Arabiya","Arab","1779274020000"
"War beyond the region': IRGC vows new aggression will lay enemies in black dust","https://news.google.com/rss/articles/CBMiwwFBVV95cUxOWm5Cbnh5bmM1VllnRTJheHo1OFdfYjNCRWlOSUFRdzhUX19PcFVfODlMT0F4ZHlxSndfekZjZDJqVXJmXy0wY29wZTVwd21XN3ZhTlNmazl5bWlUNGRyRTRQVi1nanV0S2U0ak5NUEdTSWhLUXhzQnljTzVGelI3ekJNTjdiZy1mTEw5bklYX2FZcS0zTUxiSklYNkstZ005ZmNaMXlvXzA4YS16Q3J6dDNhbWx5dlJLSzhYRHhUeW1YS00?oc=5","Press TV","Iran","1779273960000"
"UK inflation dips in only temporary relief from Iran war impact","https://news.google.com/rss/articles/CBMingFBVV95cUxQNGltSnF2NHRwaU8tNlNadWhlXzlEMThVTEVRVkdhbXlBeThhaklhS1Y0OWZYOHBiTXJ2Si1ZcVk5aEFzWWcwcWhyaTBic0tMRE5WZDJoWVlLWmZsdkdHa1ZWN25qeUVFc21BRnJrb25UQ2h6TGt4aXVMTU01UE9OOUg0aXhIRHloYWNnS2paU05MdVhYMzNEUEpYdXNIQQ?oc=5","Dawn","Pakistan","1779273832000"
"Flash: Iran witnessing historic, unprecedented epic of resistance against two global, terrorist armies: supreme leader","https://news.google.com/rss/articles/CBMifEFVX3lxTE04X1ZwRDMyRDVkc1lzak5xS29fVU96OS1LLTNqdW1Oc3htTzI3Uks0ek5kZ0xTSm9Id2dlR0hFbjZLX01fbUJ1VFJreDIxS3ZhenBsS3BJQ1d0T3ZGVGgwd0g3V19BVUx2Rmg2bmZQektCRkFyWEVtdXVYRkg?oc=5","Xinhua","China","1779273690000"
"Senate advances Iran war powers resolution as beaten GOP Sen. Bill Cassidy changes vote to defy Trump","https://news.google.com/rss/articles/CBMi1gFBVV95cUxOenQyMnBwM2k0U05RMWZoejZ4OERCSmVlM1dJRmYwaVp2c0VTVVZkNnJkZjVMVzNGVmdRYWNOWVNsd0NkdzRMaGkzeDd5R1kxc2NUXzZnakpIZEVKSERoTnJGVGxCckZEMU01cEdiRC0zQTJ2RENfRjB1X0MtOWRuSUMtVy1xYnBneVJ4Q0FiRXBrbDVkU3JidWxTaU1LNlZYV0ZCNWVHdFJCMS1RTThoV3BxQms5RGltcjROZlRNTjVFMl9rVVBLR1JrQzRQZklqUGdtSHZn?oc=5","New York Post","US","1779273540000"
"Tankers exit Hormuz as Trump, Vance talk up Iran deal prospects","https://news.google.com/rss/articles/CBMiXkFVX3lxTE9XT2M5RXJrMS1COEpmbF94U0N1cVFnNmF0SDloNU9VWkpGbmhOLUtQSGp5enpzMXFwWVlPNjlyY2tqVXlOYTBGblQwaUs4SGZZbGduOWJBWWNXZ0E4c3c?oc=5","Arab News","Arab","1779273070000"
"US and Israel planned to install Ahmadinejad as Iranian leader, NYT says","https://news.google.com/rss/articles/CBMisgFBVV95cUxOUDQzWkJnOFUtWExBWHZwaEpqMGsxdkZ6TU9JVmlfY1VpRUpVdjhuQTdONFEtRjlJZmlQVVdQMVBOLXV4Y0I0aHdPbkE1NFRWMHlFSGNMR0M1RzZHZHBybWowRjJ3NEpOMnRkWEljTTRUeFQxeGtmOG1CQWlTdlJfeDRoNG15cVNFbURQSG1KVjBGT0RhRDhhQWg2cDdYbjdua01Qc0o3N01kMjJXWTNxcFpR0gG3AUFVX3lxTE1RMmFqekpvTlZZMFZ3dV8tc3oyMXVhaFV2NHFqX3doQlZxYVMzZkY0NUpXWjBzQWM0X0J2U1NmaGNqamV6TFFxQ2NiVEZOTmRXaENGSFlOS1RKdnZLeVJLcDFGTHZsTzJsdU1hUk15S1lGYVdhdU1hZWRCLXhfa0NCY0NRbGlEQ09ya1NRMFlmQ1BkaGRMeFA4VVBnY2VtbEZVNVF1eXd1eHFJeEE5M2xvdENkUTFPcw?oc=5","Al Jazeera","Arab","1779273000000"
"Trump’s Iran War headache grows as new poll shows approval tanking","https://news.google.com/rss/articles/CBMitAFBVV95cUxQN1JZVm1TaFlLczFoa0h2TGktT3ZBSDNid29TTGZ2Q2xaYXllNl9Fa0tLNEN2bm5CUVdVb2c1cjlKT0d5Qm9FWWl4bVV3NTZ4VVpMRG45OUhkRFVfVUxCSzE1S2FFVlZ1WlBZdmdaMGc4Rm9ZNFNyVzJRbUJLTHNjdjhhNF9GZkJGS09qaFBYVkg0aER3TTA3N3EyRmVfUEJfOVBWWFBjVVE3dHNJRW8yNk1TbW0?oc=5","The Independent","UK","1779272880000"
"Who Has Time On Their Side, The U.S. Or Iran?","https://news.google.com/rss/articles/CBMihwFBVV95cUxQX3JRamlILXZIVzRuOG5nTTlpUnRPYzhKbi1Ma2RST2lMU3ppSWNKUHRsdFlZMVU3SG1uV0hibEpZZVA0ZVJkd1I4MklpdGR5SFk2WDlqQWRWVmkwTWtIdHJycWRoRlJiNTZZdkNDQXpGWjRqZXVKSkZjV0N2Szc0WktLOGgyaGs?oc=5","Fox News","US","1779272705000"
"Primaries Show Trump's Political Power, More Iran Threats, More","https://news.google.com/rss/articles/CBMixwFBVV95cUxQOUN5ZHJMT0g0UXdtYWNWbVBTckk0ZFhCQmhSTUt6dWNxMFo5NUloakxOdWdETjdKUTNqaGY1Y3dGWU1Pa3RIWGRKeXd3UkUxUS11dE9ROU9hR25QZGRlZGtzZXdCakZiQ2xVNjctVGhKUFlSTlhQMlFMb2tWdG1MYld0MDVHTTY4R3JBcDEyNFRxRVI0ZnQ1aDFFOUZaZzZwOV9lYmxUTlE5cWllbXhvMURYN2w2Xzl0Zm0yTExoaS1CMURMSGVV?oc=5","Bloomberg","Global","1779272622000"
"Primaries Show Trump's Political Power, More Iran Threats, More","https://news.google.com/rss/articles/CBMirgFBVV95cUxQT3lwS2s5MEdVWHdGUVBZcW0xSGI0RnlFelU0VnBjRVhKN0I0Z3Voa2N1eS1qbTlMQTFJdWZEYWZaNjk1eUZOOHNJU3ljOVZNTGFYLWUyNU4zMnNuU3VzcFlycEYtRkpENWc3TngwRi16TElTRlV6RENtSV96cENQb2UwQ2VScUt1dFY0ajZ4R3h6QUZzWWZSWjM2cllLdGliQlhfOU9nSUNqSFlBYkE?oc=5","Bloomberg","Global","1779272599000"
"Pakistan interior minister visits Tehran as US-Iran tensions deepen","https://news.google.com/rss/articles/CBMiWkFVX3lxTE5UVURoTkxqdDR3NHlTVUdaMXNPdDdBY1JRclFONGVJSmdjbjNLVXlLcVJRSzMwam8yT0pXVXdMZ19xT1ZLQzFHeVM4YzhXV1NoOTZlaUNuZWNPdw?oc=5","Arab News","Arab","1779272421000"
"In the wake of US-Israeli war on Iran, BRICS bloc stands at a historic inflection point: Analyst","https://news.google.com/rss/articles/CBMivAFBVV95cUxOV21sakxqeF9fd05oNEExZHM2NERlM21uU2ZMZC1wV290WUpWb3pWbHdhRWlvVklKU2ZxVmhiTFZ0VlZzaGtHWFBYbFJ2a1JPM1l6M1BEMXcxZUg3Mi1aVkZhY0dOcmJudHBqb3pxSDZmTnZHUjNQU0tQVm9Na2gwRm5NZGdZdVRsWmd3UHpxaHN3aW9zTkh6a2lSUmVlamhnS25QZlV1d2k4aERXZ080OTczdFJuWjA2ZFdwZA?oc=5","Press TV","Iran","1779272340000"
"In Iran's capital, weapons demonstrations send a signal at home and abroad as threat of war remains","https://news.google.com/rss/articles/CBMi3gFBVV95cUxNTmdCQ2o5VTA0X2ppeGxzVDJGV0w1YmtOU2tQSEdFczVJbTZnaGd4bkZ5Q2VvQ2I0M24ta2xRay1IZ3NzM2xUQndNZ1VFZ1htUVcwWlpteUtuSEFnUGlxdjdYRWxjWjU4SGFNblJjcW5jMWlyaVRiOHpCWEhzZVQyM09SbXZDSndyQzRMRzFQTGZqUkZ5b05ic2JlVlpGNFhWdGpBRS1mLTgxNUdPUm9NVHZ5ZVd6dUhzaFdIT09raW4tSDEwS3QyMGNSYnZ1cmVKeTdwblA1c0hQaW9qZnc?oc=5","The Washington Post","US","1779272258000"
"Am I out?' Drought and rising costs from Iran war deepen pain for US farmers","https://news.google.com/rss/articles/CBMiugFBVV95cUxQUjd6MUMtT2xpUUFRV0QxUjN6TkJFQ0pxQnBrX2t3aUVlcmJHaUZmYjRSdzE2NU1jZHdjYWV0a2tBWDJSY01hWFFRd1ZSRHF2a3lxYkh4V2RoZXJCY3l5RXUyUi1mcVNzZnRPVjlSYWFPNUZYOGNQYWJzcEU1QV9lSVZnM1JiZ3ZLMGVvOVpfYnpCOEljMHczRk1mM3gtdnFNUG1LU1RZNVJCc2JvRGgtcFJlZDVEUXdzTmc?oc=5","Reuters","Global","1779272095000"
"Pakistan Minister in Tehran amid US-Iran Impasse","https://news.google.com/rss/articles/CBMijwFBVV95cUxPNnBaSUEyeHJIUzRwZmFNX2FCMmtsZW9kSmZ1LVNIZm9rNjRlNlVYVVp1LU9QUFBqaEZvS2EtaFZPa0ZaOW9ubVphQldqLURDV20yc0NCR0VLcXp4SlF0SHQ3SnhDbFlnb29ta05aOUZEQ2c5cWRDMU5jUHN6dDNHNVJGc0JUb1RQcjdTUXhXZw?oc=5","Asharq Al-Awsat","Arab","1779271936000"
"In Iran's capital, weapons demonstrations send a signal at home and abroad as threat of war remains","https://news.google.com/rss/articles/CBMirgFBVV95cUxPcDFDUm5jSzlzY2p4QVlMd2R2TlVTa2RlY21hbkV2RkRqeGhaOGw3SXBUaEV2QS14d1F6aUZjeDdydFoxZTh5UkpBX3N4MXpYUGlIeG9TYm1PckpmLUFpbWdudDNOOFZWRGpVWWtwNnMxelJXUDlrSXhRUkRhOTRGRnV6SVdrN2lOTnR4MFcweldPdGZtNGpSbTZkbXhaU295V3NGaEZXeHpHMnpTcWc?oc=5","Associated Press","Global","1779271740000"
"Russia's oil and gas revenue seen up 39% y/y in May thanks to Iran war","https://news.google.com/rss/articles/CBMirgFBVV95cUxPMGloY1NkaG12OHhldFNOZ2tJcjkteXdvTmJwajlIejRyaklPMHVPVmRuTmZnaV9leE9MVkVqaUM3b0RRMnU2N3pfaGg2SXBTUXdmTmFoNEZ0WTBHTzdSZzdVWkFvbUVlTU9MbFJVZXRWRmszSjdVbnJzcnlyM0ZPWTB5bnFEdDFIbTRUVXVDb3hzYkI1RjBIZll5bTJwZ28wZWNiQnFTMzRFNG5lOHc?oc=5","Reuters","Global","1779271663000"
"Iran Guards warn of war beyond Mideast as Trump repeats threats","https://news.google.com/rss/articles/CBMirwFBVV95cUxNUjIta2ljaldNdHBheXBJVE9qTEVxMTNQTXpoa0FUUzJVdTR6ZF9uMXRscVg2c0xZVHNORGhBaUNJQzA2V0Vva2VkbGNmNjdIUkVNWjFFWnJpQWVqX2o0ZUd3YjlHMndVdUtSTmFvYlhaTFFkSi1WMjNTTTFteWJHVFdyNTFubzI3X1lWdmg5b2tFNHZQQTNWTkR4WUJIcE9rMVRwU3dmUTYyZmVfLU5F?oc=5","France 24","Europe","1779271517000"
"New Immunity for President Trump, and an Audacious Plan for Regime Change in Iran","https://news.google.com/rss/articles/CBMinwFBVV95cUxNQ2JBM0VkQUNLN3JGeGhjYzFkY0pEcUtRd2NaRmtPb1FBU0N4RmdBb3ZOLWNYYmUxaDRMOUJrQmd0dzFaUXJ6Q0daU1YtNFFmZlVmYTZ3N1o2LWQxcVM1d3JtVXVmQ2lLYXVhTWVhLVZqS25NV2ptZGhUTkJ3MTVJYkRUNWh6OW1RNXVvaE9RNTFYbXBOeTNBb2hnZnR3Mlk?oc=5","The New York Times","US","1779271209000"
"Hormuz blockage is forging a new overland energy map for the Middle East","https://news.google.com/rss/articles/CBMizAFBVV95cUxOU2NtWUp0Wl9YMlRnb3Q5Tm5YS1FLSG5oV01mczg3SUtWSTZnM3VFM3NLclpzT0VvX1NuU1RVbGpDMVcySzRESTlSRXpaN19ZUktyN1JKUjBjb0NicmZBMmRuUTRlVXJvZlhGYkE2bF83Skp3NTdtMWV2OTlQd2hRZDliZnRGWE1vWjljZk9Rdjc2NjRsZU1CYTBuRkJiUzJadzNqb1ZfWXVjeWRMNVkzd3MxVE13NGNLTk92eEIySE1PNWNnSG9uT05EcFo?oc=5","The National","Arab","1779271200000"
"Xi Warns Against Resuming Iran Attacks After Meeting Putin in Beijing","https://news.google.com/rss/articles/CBMiwAFBVV95cUxNNnBqaTFVZXZsRW15NG1IclBndjlsQWZadFFOWGl4SXNVT2RicXFYUWV3bXpIUG93OXVMZ0pfbG9lM0RYeVZJZ1VETDBSNC1ITHAzVXZXOWFmdXZpMlV3UWlpWEdRWlBhMDJ1T0lqdmVpamFVcGpPbkl6VmQ0YmZJZzVFYTNDNUFzUGVZLXkwUFdPdU1YMmcyRVRZQ3dFVUV0cEN5VGx5VXhwcDU4RGszbUVuejN3NGtHM1NqWEVKdkc?oc=5","Bloomberg","Global","1779271162000"
"Interior Minister Naqvi arrives in Tehran: Iranian media","https://news.google.com/rss/articles/CBMikwFBVV95cUxQeGwtOWJNUFV4S0t1STJWeUQ4NEV2Y2pEMm5sLV9neEMzVUU0a2x3U2pESHVoM3JmbVc4d0x5Ykl3T0Mzcmx6REpkOXk5SzlGcW5JZV91MFBqR0Z0aXhNWHZyc1ROWkhzMjFNX1Q2RE42UGo5ZUZqQzFJSVhpZXd4cG5VU1B0dGllU3owTHB1NlRmSlE?oc=5","Dawn","Pakistan","1779271051000"
"Middle East: Iran says any new attack will widen war","https://news.google.com/rss/articles/CBMikAFBVV95cUxNdzhLakhGcXlQZGI2a0xzaUtWOElqUHB1alBObkRBM1ZkVU1yMElRU0tDamJZUFBsWXNSUUxZSGU0UnA4MjdOeXB6eGFIYmNMVXBRb3Z5Q3FpYVlXQWd4QWJrXzNPQ1lvODJhYmg5X2pud1pYemFiZ1lMdFdsZ082clBBbmowaVg0UkVYbXBCQmE?oc=5","DW","Europe","1779270122000"
"Iran Threatens War 'Beyond the Region' if US Attacks","https://news.google.com/rss/articles/CBMikAFBVV95cUxNSkNjZm5KT3FxV2pRNC01eEJnR1lzTDB1bGdleVlOeGd2cURMZ2dEaTZZc1hMaVI0Y203RjN4bjVsOFhqSDFlUEwxRjhlMnFtZlZrU2p5RVNXZEREbGNqVE90U2otQmgtTUVNTEwxWmc3YmtoZzdBZzZMSEFPTXZRUnZzSmhmN3Z5aHJQa05xRkU?oc=5","Asharq Al-Awsat","Arab","1779270076000"
"Three supertankers attempt Hormuz crossing after Iran tightens controls","https://news.google.com/rss/articles/CBMicEFVX3lxTE8xYTJBWUdtd3hYZWh4Vm1Ob1BJYWVCTW9iMnc4dWNkS0IwdU9kbHJmSTZNZ3FJejVENjRpTjdJUF9xTFpLVC1wMmN4a1NlYk9LUE50WUFrUEVKWUJqc2pNYm9WY3pzR1pPcGZreVZYVS0?oc=5","Financial Times","Global","1779269761000"
"Trump Flexes Grip Over GOP, President Threatens Iran, More","https://news.google.com/rss/articles/CBMipwFBVV95cUxNS29CYnItTGJPbkh3M0JzYnFPWDhmTHpiMVJBbXp4Zk40VzUwRzVCaGdrZ0FzMU93eFA4VEJNR2dmd0ZRYlRJVUtjS2MtaDFCdklhVVdXNENFWW83NG9CMG85WFpEU2lQX0FvYXh1aWxaYlNLOXBhRUxpLTVYR3Mxb21YWDRMUkNxSGUtRmRfejhwUDZDNUFMTmFuYk54SzdtaFl6UzdEaw?oc=5","Bloomberg","Global","1779269106000"
"Gulf bourses track Asia lower, US-Iran uncertainty weighs","https://news.google.com/rss/articles/CBMisAFBVV95cUxNY29kRFhKMGF0RENRRVB2eWZSSHhkUjlBUjlyWXVHRzhkQ2hnMWlfZkhTdGZVZFR6ZkhLNjk1NlFJNzYyaFJSSDhyb3VVcFg1WjBhSGVKemhOVzZQZUxNZERZV0dDZWN6SlFMaVhkXzR1eGZaMXNDNnpMeUE5bDhqVXVMQ2pyV1BCZjVpX3RLR1d3VnhIS29FNEFCN2pFUTlzTlNxVkRBd2U1MG9VcXZTTQ?oc=5","Reuters","Global","1779269090000"
"US aggression towards Iran dates back to the 1953 coup, Iranian FM spokesperson says","https://news.google.com/rss/articles/CBMivAFBVV95cUxNTXVNaUVqS0VlRTUxZENpSlo3UmtvVlQyYVN1TG5pdDJtcHlGNDJSbGJMMUpMVGNsYmxVOGtzZE5ER1daaHhTYkZUZFFDRjRPVmIyUDdzUm1nZzZPQjVwY1llWWdiV1liUi0tVWVWaXJ1OTd3djN6c1hnVVd0aGd4anlJTGtmY2IyRWw4Rm01WTZqXzlqS0Y5U0JIYVQzbnVYWHRhX1R4YVhQdHAzdE9EczlCSk4yTGJPUU1hX9IBxAFBVV95cUxNTmdrZkxoeGloWnBsWVd0a0N5NGJSeXpxMjJZOVRKWEx4M1E5Ykt4ZEJ5QUlhWlJPMmpqQzdmd3JtX3FoRm83NTl5UUstNVZGTVBlTG1jc1FWQ1VrcmZMVThQOXU2U3ZoNnlLZWV2Rl9ZMW81YWpCeGViNEdkdVdpTjhvVmU2MkVKTkZpTXpDZTdEMEc0dFpEZVZkWk5lZ2hSOUVSVHFMazBSVENUN0k2cFRpZ3RHRjE2N1lMT1hTOHFQMlg0?oc=5","The Express Tribune","Pakistan","1779268987000"
"Iran-Krieg belastet Gasmärkte laut LNG-Riese Woodside stärker als erwartet","https://news.google.com/rss/articles/CBMiwwFBVV95cUxQZVo2bUFnXy1TX2FMMDVhTUZ0OWNYbEtoZHQxMFdDanhseDdKMHNZZGFTZC1GYU9FZ29ncHJRTl9fZTdSMUhQWDFKSEpyMTdUS0VYMTVMby1IR2tNWDQzQUFUQW1TeU41TEhxMUZrcERPOFNIYXRCWGMwZ2tFX3ZScVhfeTFYRHRvdGRZemFzRXI4Rk85blBzZDNremd6ZkVON2ZRMlpvMmhGdk9JUlBrRTdYOS03R2RaS3ZmX0tkT2Y1U3M?oc=5","Bloomberg","Global","1779268814000"
"Ukraine ally Britain eases sanctions on Russian oil as fuel prices surge over Iran conflict","https://news.google.com/rss/articles/CBMixAFBVV95cUxQMEluMTdNanIxc2F5c01HQ0d2TWtvbFgwemZoWURNeW1jSVlLQkhSTTh3M3M3UFZZN05tbnNQTTlhVUhhNmJQUmZ6RFVzaXpGclRWcFNFc1VGUlJyZ2R3OGFZUko5U2VIOTJFTnBZSk80ZVBoRVBqVGJZYzB1R3VGMWVfTS1SbWwxVFh2MUJqaXV1SFdiZEs5cWNNWk9hcWhYY3owbVkwMG4tUHVEZG5vQ2hGaWQybmw4NHY1ZDRFRnNnb2pI?oc=5","The Washington Post","US","1779268646000"
"Ukraine Ally Britain Eases Sanctions on Russian Oil as Fuel Prices Surge Over Iran Conflict","https://news.google.com/rss/articles/CBMivAFBVV95cUxQOVJwYmpnLWtGdU9OM1U4ZnIzUkNJVVlvelhzWVdhYmpWcWswLXZFdmZPWGVQRE1CUU1BaHFlX3FEbEtoTmhNRTZZTEdfUTFHYUFCUk5jamVNWmUwUWdWZTRiejVJM0NfX2pqb21zdmp3QmhRc3QtX2xibm1paTgzTmdDZUdRYkVlMzhDZml5U2VSajlaajFfUFlOV1M5ZkFqeDFnVDlkTW5QSm96N1YzMEdwWGx0VzFvMXRNVQ?oc=5","Asharq Al-Awsat","Arab","1779268429000"
"Britain eases sanctions on Russian oil as fuel prices surge over Iran conflict","https://news.google.com/rss/articles/CBMiygFBVV95cUxOeTZTdmN0OXdqV2plSExncU82Z2tiREd0RjJHaXU2eUhDVFJqa2ZzUkloTVp1QnRnZ3pzeWJHRDlvUTdMUmY0UzFxM0V1WnRSUVF4cUVIOUhkU1lHUEx0TmxWQU5kbkoxOFE4QVlGVFVyX1p5MHpQblYtRERvcUV3SGEzMkxuMERFUnRxZ2lxRWV4OVk3LVQ0Y0V3YTNGazRITXhQSzVWc296b1NPcU5Nb19kSlpRZUxSaUo0NzVWOXdqWEJUWW5feEhR0gHPAUFVX3lxTE8xbl9ZRXpVaWJSYWlXSlY4ZlRyelZYRXZRMEp4bU0tN1QtTTFua3lnck5YMlFHdDdrRldJUGxobWJXOVE0alYyWWdjclNRUW85N1JyNFNkaEFVRUVNOFQ0dmkyaVJmMDRZeDJreG9yODhKY3ZKVHVfajlGemRBOWNYOGZFdVBxR0p6YktWNlY3WkwzaERZYVJLclBFRk5SWTAzLVRKMUM1RDZndUhBLTZmNHl4Wmx0ZEUyNVRpSFJiVzViX1V2MlJjTTlxSFV6VQ?oc=5","Al Arabiya","Arab","1779268380000"
"Iran War Oil Disruption Prompts Nigeria Producers to Lift Output","https://news.google.com/rss/articles/CBMitgFBVV95cUxPSGdlUnNYVHc3aEYyejZtZHFlSEVGMERhNkVnd1NENUVaQmotVEpwUHo1UVZBLUVaZElyZ2ZtbTJWMktWNURSUWpabzhKYnJDenByRUs0Y1ZsaG5RbHNTbHVzdDAwdm9LNnhuWGVfLTE5bTJDaXFiTUxlNDMzZDZIMURiN2ZHZVU3OGFUa2NZa2o4c256N1pDbmNybmhIWUNJa2FrN3U0N2o4QmQ2U1B5ZVhudHJOZw?oc=5","Bloomberg","Global","1779268263000"
"Iran War Oil Disruption Prompts Nigeria Producers to Lift Output","https://news.google.com/rss/articles/CBMi1AFBVV95cUxPZk9VdjY4ZW5vV25BbUdzYVl4VHpIUzVmWFNfV25XOVVIR2dsNDByRWZPMV90YTIyR041MVc3SjR6a0p3dFl6Tkg0RXNrRFg0MUE0Mk1MZ3ZOM1FDN1JJX3R4SXprY09XcGxIMGVrZXFKRk50UmNHcWpCTENJVUp3RFJTZkVDbUg5UDJBVk1hUmp6NGltc0taYl84Y2VJNDBKcGVzV0NRRnNPWHV2SlJYZzF2blJXRTZMNGMzc0hEOHBfdUtRZmJRVVAwUnFpcUIzMDRzYw?oc=5","Bloomberg","Global","1779268263000"
"Ukraine ally Britain eases sanctions on Russian oil as fuel prices surge over Iran conflict","https://news.google.com/rss/articles/CBMilAFBVV95cUxQaFJ4MGxZa1VrY3lKT0l5VXpfZThZTXBSc2dibG5oeEtCNDJZZ2tSSnZBOWRWSnNtdkpIc2hENFE3NVB2S2hFczNMblBLR2gxQk1QOFAzeFR0S3Z1ZVhJQUFjZ2taT0U2WTJwc1g3cXZXUUFZc0QtbUFwODZRcHI3RHlZYk1BTk1rYzVxczFITzVUNkRP?oc=5","Associated Press","Global","1779267960000"
"El Al posts loss in first quarter of 2026 amid airspace closures, rising fuel costs from Iran war","https://news.google.com/rss/articles/CBMi2gFBVV95cUxQSVFCRWVHN09zWTNTQzBfaFpwRlJac0xOUjRzTFY1Z0lrTFQ1bzFoT0lVLUlGZGVuNlBRSm9UZEFkT1RCMi0zSWg4RmFRTTZYU0wwYXFySGVCQlRrWU1oREF3ZjJRTTlNb3d6RDZXUXhXNS1qZmQwM0FjOWlpb1ZjRUw1T1F6bUg1elJMdXRWQzFyTlM5eDJ0X0F3OHRUQVR3ZFhBZ1RhbXRSUXpNUERIeDlWWWYwT19nTUNKTlpNZXlyRWhaYm04N25Rc0hYQUdhaXNtLUxoRmVlZw?oc=5","The Times of Israel","Israel","1779267905000"
"Iranian missiles","https://news.google.com/rss/articles/CBMiTkFVX3lxTE5JOHF3d1BneEN2bUFObTBrenBWU00zam12YVJpVWRXMFh3TzI5OVFuODVOVkdKLUk3SmVndjRGcXV3VVlSeGlHZHl4cFlLZw?oc=5","Press TV","Iran","1779267776000"
"Iran Israel War","https://news.google.com/rss/articles/CBMiW0FVX3lxTE9kaTRtcWVfX3lGWG1zN3Fnb2xCZDQ5WU0zUksyUEM3WmU4bG9zd3hGZmxwaVRxN3lESHFDUG9MWE9FM1lDd1o3Q0dvQWtOS2xPTVJQelZGUm45M2s?oc=5","Dawn","Pakistan","1779267751000"
"Iran is gambling that Trump will cave. It hasn’t gone well for them so far","https://news.google.com/rss/articles/CBMiggFBVV95cUxNTTRYbzMxaEk3TlpqTEhiNV9OVWlMWHhVMS1vMVFVRC1VZXFhUkt6amp5RUVuQjgwWTJLclFsRjNKYzh4Q2xQRmx2bkZlZ1YtWGtmMWRZOFNIQUtGZGVfNm9sVW1rbkF6Z1VqTm1VVXIwYlJCX3Jfck1jMVJNZXlWZk9R0gGHAUFVX3lxTE11OEhnZUg0QmtqNHJVZnRfQW1nSFUycF9IWkY5emtPRkZKTlVKbTdLZVUwVWNxblZnTldBTDIxQnY4eXdQMGhxemtoWVRWdzZPUnhhdS04a1BiTFFRLU9oM3JHeG9HVGhKMXhFRzA1NGtCUUJkeXVuRlJTbmFHanBSV2hLUVdUaw?oc=5","Fox News","US","1779267648000"
"NYT: Israeli-developed plan sought to have Ahmadinejad run Iran after Khamenei killed","https://news.google.com/rss/articles/CBMitgFBVV95cUxPbTB5YXJfREVoN0dad3d2SEswUXY3Qm5pWld0VG9YMFJMWHE3TW9hYnFhWFd3bEIybHJpa0tQRzNUMU1McWVJRHBPVXdVTzhuTGRkVkJ1WmpHNDBtYVgwc05NSnZMM3BMRlZFVkY0eTluSzctdU9LS1ZycWxZdUZLRWh0NTBmb0ptMEduVU9IZGw3QnRDUE1teWNJMmprbjVGNzFCOWtYSnlJX3N4ZWVGSVBSa0Q3UdIBuwFBVV95cUxOaGFiaUtFVkszdER2NE1lNVJkOUh4amw1d29seWZCZWE2SEdCZVRTRm55R3VnVUtweUVyNDZ5cUJYZXJhZ2RiRTJEd1Rna3phekVDdm4wSWVlZl96TXBRRks5UHBiVkI1S2JXVERqQXF5TGczY04zR3FtcGpSRTgzczRGOTkzRWUyeTE3bHRKNVZGb3ByZzJoekhKS2cxdHpDMWRNcEpqNHVfcDdVNkRMUnJ1UmVmdFBpWmlZ?oc=5","The Times of Israel","Israel","1779267643000"
"Italy preparing to move two warships to the Strait of Hormuz","https://news.google.com/rss/articles/CBMi0AFBVV95cUxPbm94QzItdzdoWEhDMTVRUWdxSTlSZG9Vc1FpaWZfNWFaV18tQ1JBUjBWYm54QnQ1a3pGajc1VU1kMGRudDFPdUhnaERrZmlOb1RWNE9uWUFVbVluekxucjM0UWQ5TVE0dE9QM3Q2bFhLcUJ2VlZ6U3dJaktUcmJHQ1VKRHdSdEp5bzdfZVRNNVU0WHhHSjRudHlELXpKNEg5ZFRmMHd6MTNSb3FXbWVrM3BQTmZmajFyRWN5WENfVXpKTHIzNGNYd1BlQnZzM19y?oc=5","Press TV","Iran","1779267300000"
"Pakistan says it remained in constant contact with China during US-Iran-Israel war","https://news.google.com/rss/articles/CBMiWkFVX3lxTE5TWmtsU1F5S05IYUlIWEswOC1keld1alc4YTd2VW1mdDBtRFdfQkFFMmt5dlhsMXVlaHJHdDRXbGZWZ2dIdGZ3S0hDX1NkNlZvODB0bXNkcFdiUQ?oc=5","Arab News","Arab","1779267037000"
"Trump weighed Ahmadinejad as Iran’s next leader: Report","https://news.google.com/rss/articles/CBMiswFBVV95cUxNaGVFaTNXbFl5NWc1cm80MGVlOTdJZjZLRi1wNGJVWFd0MUpxdkIycXc0VjJ1a0RXcERiTzg3UWN4NkpOSjE1V2FTcHlESDZ6RUNlcnJYNHE3bURiLWQtQjRQLXhwbm0wR1lNOHpjYW51WFdKeFNta3BaajE5ZGRoSkJpbzQyVERvdGRsOUdJa0t6ZFdXT1NwWGZ0MEpiN2pFeWswdnZucENmNmFiU2E0VXA3TdIBuAFBVV95cUxNWVZ2d1dYQWowSFh3NG53NTg0UllwNGdTX2NncGlGOXg1cUpuU3RfSlRJaEtVMkpubEpnNnBONWdBamV6SFM1RXJYOU4teUVlZG9JNGlWMU1GV1lXNHZlcjhXUFdqdlNfWGl5R1J3TklJdnNWai1sZGtUNkJ1bE5lczA1UFlPYjZmcWtQM0NtUE1FQzJiLXpzQW1kS0kyMWtWckZzbG1XazQyWDJTME5qUC1zZmFfT0hs?oc=5","Al Arabiya","Arab","1779267000000"
"IDF was caught off guard by Trump stating he was 'hour away' from attacking Iran","https://news.google.com/rss/articles/CBMinAJBVV95cUxOVkxkMW5sVWc2UFdnTVRiSkVhcUoyREVXY2pFcE9Cck44cllzX2pfZDRkQmtZblBORWpxWFczd3ZXY2M1UnlQYk9CUjA1NnZKd2lUY3lsZlZBZVFXR1RkZVlXSWJSMUhhMUlxU0d4ZUJILTVVUVE1c0xQTnA2bVlsWGY2NGhPN0tyLWU5RkE3dzVqV2hlTHhzS1UyR1FneWdOSjVVLVMxMGcyLTFkMnVjd3hZVTFydEJmaUNNTHM2RVgzMVZ0UVo2SmxoRDZJUGljeGlPSGdHa1BfYWd1RjRxaE90V01OaElTS1I1eVJOMTF2MEMyclNMWVJvTUhoSE1abzRkRGlvS1FUdE1YbWsySE8yWnROY3VRYnhYSQ?oc=5","Haaretz","Israel","1779266880000"
"US, Iran exchanged 'formulas' for Iran's nuclear program for first time since start of negotiations","https://news.google.com/rss/articles/CBMiakFVX3lxTE5rSVY1c1RsclVYRWFvUlFSYzZWYkY3TGd2MTdWcWhJZlBFemtZVlhhbm9jc2J0cEpZb1ZkUDRlTjJZTWtEOXhGd0VxdjhNdlV1eHl2RFRMOHN6VDhHQ3Q2WjZkTHhRcmduakE?oc=5","The Jerusalem Post","Israel","1779266720000"
"Judiciary chief: Martyr Raeisi dedicated himself to serving Iranian people","https://news.google.com/rss/articles/CBMivAFBVV95cUxQaFU3bUVJVXA1b3Y4NmJQRmhPeVM2NUl4aWFWUXhUMFJiYU9hMlhXUmc0M2JRajlfMWlycWZ0Z0F4a3ZMdThabGFRMnVra2ZVRzFvcUgtXzEwZHB5bWk0c3BfVUUwbWVzUGlkb19CcEZ0M0VmcmNISmgxSW14OXRMYzRFWWZ2N2hpUDk4UWZkajRiUlo2ZjViVldtSFpTblJpV2VibFRuekxyajFqaHpwOFFrQ21ZS0dXalRLNw?oc=5","Press TV","Iran","1779265140000"
"US Admiral: Iran school strike ‘complex’, site was missile base","https://news.google.com/rss/articles/CBMiZ0FVX3lxTFBXTldiV05LelN0RDdSSWZxUWxtcDg1S2N0QWlSbXExWWtZbFpwclA1c1JLT2ExZXF1VmhZY01tWmRUMEh2NV90U051ekVHUC15cXlVVjZSLTdoOTExdEZ4bmdMUk9LU28?oc=5","Reuters","Global","1779265065000"
"Video shows oil spill in Iranian island after attack on a refinery last month","https://news.google.com/rss/articles/CBMi0AFBVV95cUxQcnc4ZjBsbzQwTlpzdExtQmNLYktBRFlfQW5pVERlLVIyN3Vtcmd3MEdNWjNtY2FYcENneUNvS240Rnc0RmlMVG94WDVrZ094dnpTZG9MUDY5X0pDZC1kenFwaVFSb3F1UFpobkFKajVLdllWVXN6bDh5NW1LSl80SmpXeVNtRmxfZmpQN2tsQmIwZVpQRjJiajJnOGJ5SXpLM1N5ZlE4UWxzTGNGZzZDckttX1I0UzctM3pNYURnakRaMHh5Qk9rWmZ6VTRnSW03?oc=5","Associated Press","Global","1779264720000"
"Qatar Airways works to rebuild global network after Iran war hits profit","https://news.google.com/rss/articles/CBMiqgFBVV95cUxPbmoycThGV2FHUmo3eldOQUNER1VhcGpUVkJSajhnWHJWTXB6aGpPLTFuY2dUbkdhbzUtNEE1RDFOOVItMGVkMlBiSmp4UjlGc0lYU0pnTVNLUkwtTGNoWUI3SEdHOS1kZk1FS3JmWHJNRXlmNVZNalp0VWR6Tmd0VWluTm5tQllRS1dZdm5DdURqcFdtaEdOWmdQVU5DS3U4cDVnWVY4R0ktdw?oc=5","Dawn","Pakistan","1779264246000"
"South Africa Inflation Hits 4% as Iran War Lifts Fuel Prices","https://news.google.com/rss/articles/CBMirwFBVV95cUxNc2JVdVRPOURYZ3BiR3RYOEswdXJ3VmZyZ2Jwd1VZbDRmaExzaXhPMVRWSVRYUHhoQ1JRWmg1a3IydDRIM2lFYXhtWVdmMGhYZkU4YUJsTm1ublk2VUVEbEdxbmZrVFlmanhrWmVFaW1zZXNtZ0ZGSE15aGpSSjdzOWJleUl2eTI0aGM0VHVJazZMajJIYmpDN0Jxc1VYeS13ck8xUXEwaHdLMzBsd3k0?oc=5","Bloomberg","Global","1779264080000"
"Iran's Revolutionary Guard warns war will 'spread far beyond region' if US, Israel resume attacks","https://news.google.com/rss/articles/CBMi1gFBVV95cUxQa0p5RmhjdDA3UnFoZ2cydzQ3eTY2ZnZITWxxbjk0R1ZZdUJibjFfdjQ4MlY2N1V4bGlRN28wbDlCMWRLTFMyMGpZSkstcGlZQm4xYU1mLVF3MTAxa1Y3VmtReExES2dCQWRhSTZwWllYd0hOT18zaThhdUpmNFlQeWRoMDJ4cmFackwzTmlwSmhIbWcwUWY4b0RIZTFna2dZVVNucWFQdnlEOGpMdFp5RDMtYUREMGg2dVBlVWZoLWFZd3NXOFB2RURQOHVTOUdHRUdUZV93?oc=5","The Times of Israel","Israel","1779264005000"
"Iran Guards vow war will 'spread far beyond region' if US resumes attacks","https://news.google.com/rss/articles/CBMiqAFBVV95cUxQeE03YW9mRldXT1JCMEZsYlhkR1lVejFLRlpCaktzY2FuU0pSLWxVVHp1cUZJUm82R2diTmRHcGdFa3ROWUoyRVoxM2lHVjFGR1RLeUNtbFJ1azhEQ251Z0ltUE1lUFRMV2lwRU9YMWlLVFNqbnV3Rk1uQU5qNGd0OWlIeEFlcW5ndWdRT0pVRTV3dk9hSTQycHd3ajBkNHhDU2lUWHhpMXk?oc=5","Dawn","Pakistan","1779263994000"
"Trump warns Iran of ‘another big hit’ as Vance talks up deal","https://news.google.com/rss/articles/CBMisgFBVV95cUxNUVEtVExXM2ZtSGhqbmRiZHdfOVJkcE80aFBxRjAyZEw5OUNjT01ERGs0VktlSFJrSkNjOHY0YktrRTl1MVY5Sjhtem1Kdk5OaU5iYndfRi1SVW52Mm9lZ2RCVE9BekM1YVNiTVJLZUxKXzBVVlhqSmV6Qkl2aFZqUURGUkhsZUVzLUpsUHZmbXRER0JvZTR4ellBWnhHMEdUUVRCSUxCOGZJOWRlWHRJVk9n?oc=5","The National","Arab","1779263944000"
"Chinese supertankers exit Hormuz as Trump, Vance talk up Iran deal","https://news.google.com/rss/articles/CBMiqgFBVV95cUxNcXJsdFFnRzYxZ0xld0VXUWRrdFhKcE1nLXVoVTJ3MnNaUEhuX090bFlsM3NBVWJoOEEzdEp1MkFCOGs2VkRDVk5sbWNVVlc2bHpRWVJ0czZ3eGNOTTJfdW1mU0FNUWg3YTZQdHVXR0ZQcEt5WjNmOHNPMWZBbHN4WmRDcWgzVmYzMDRrZEwwQkt3MUYtSDRaU3BxX2l0d1A4cl95M21sd3V5d9IBrwFBVV95cUxOdm4tcW13aHNCa0FTQTRjZEJvRHdsSnN3T19ocm51V3Z6VmNxQTlnRkF2eFVrNmpfZVdsRjhZNWE2YjJHUUh3TkJkVzJuZGkxWkV2Tzc2bWNKTGFELVZBa2l5ZFo4dkwtTlQ2MF9xWjVCdG5pdFZ1NVA0b2JjYlpiQzdTSENDRzBKSzhkWWF2SS1BWGhwbTl6eU5GdTlGcjZHNXpCeG9xVFNuZTNGa0VZ?oc=5","Al Jazeera","Arab","1779263461000"
"Cool CPI Buys BOE Time, Xi Call To End Iran War","https://news.google.com/rss/articles/CBMiswFBVV95cUxOUXVjeE9BV3FDRVJiemYwcU9IbTRjRmVSM2VCU09fS2FJc2REQnhsX0JQWnExTzA2eEc4Ul90Rml0bzc4TWV6bkZBQ09LZFYwejFZckNRMHB0UUwtYnoyZnJycXBia1hvWkRQaHFMcFNGQzN1VHllS0ptSl8ySUpudG1fVVFXdEs4YkRzbGxzcHVWT3UySDNlcFcwQWlQSUNDRUZJRDZxZ2JZenUzV01GZThvdw?oc=5","Bloomberg","Global","1779263284000"
"US Senate advances measure curbing Trump’s Iran war powers","https://news.google.com/rss/articles/CBMitwFBVV95cUxNN2J2bXZ6X2ZrbHVYYmdFU09aOTZNRDZUU3ZRZl9WdzhMSUVTUVZ6MzFnbWd1aU5rc2RxU3djRVp0RE5PWk83ekVIcXhIZ0UwUU1uS21wdlpOYVlVcURQT2c3TVZZa1diZ1AxN3poaElxdzEtcEJDZjVfc0lIT3hXN3NDd1Zvak84MXp0ZHZUN3RIc0ZhUC1MVHZMZUtUMXJLTmZqenotelZGeEhEWmduOG9TX0JGWDjSAbwBQVVfeXFMTUN6dk9Bd1dtdlRWemlKMDlNQ2k0NWw2cXRxWHFsYnA4T3BSLVYzd2Y3OFZIenlKdTc1ejdqa29GOWZmWElkQ2FDSnBSc0w1UnRuUFlPajZpNDdpN3F1aXYyak1tNC1jSVBlMXM2OVJ0OE1UQXZpNmpISl9BNjdLWlcwSmw4TmNVd3VBMDhUQS0zZFlBZ3A0clFDMWRiTExSVG5uT2RtWk02cXZqUF8xWW1hT3hjZFpqcGVkeTk?oc=5","Al Arabiya","Arab","1779263220000"
"Iran ‘prefers diplomacy’ but if there’s a war, Tehran says it’s ready","https://news.google.com/rss/articles/CBMimgFBVV95cUxPT3RiaFlEXzFjcmZ1T1U4MjVwYVBnYUFjWWl1bDFnb3VIUVFaTjQ1aU56X3BlMHpoX2NFNDM1Q2VRcjBZRWNOVmN4NUVSQXJPc1pBa0hpekRQZkJiV09yOUFkVk1hZDRzTWRmLXpkTE5NV0lKb2k1c0ZZa2xhcXlTSzROaUZ2TEZPLVhfanlJdjlhR1MxbzRSUnNB?oc=5","France 24","Europe","1779262693000"
"S. Korean oil tanker leaving Strait of Hormuz after consultations with Iran","https://news.google.com/rss/articles/CBMifEFVX3lxTE5FVzNFbS15NEpIZzA1ZXFnLVJ6NUlFY3czVEF1UWZnRkVkNTZvODNnMktocFFhSVFwTHg3VEpjUUpMaW5QcmZwNE1nRWU1ZVhaWWpuWHVVYUs5OVlDdWJXZU9PWVU3d1JqczdpcDI4UExDejRsZm0xWUhudVI?oc=5","Xinhua","China","1779262470000"
"South Korean oil tanker passes through Strait of Hormuz","https://news.google.com/rss/articles/CBMiswFBVV95cUxPaTBkdDZGWTg2cGJCWUxWYVdwR1ctYWp1SXRnWllId01VVW42OHVvdnFreE0teThWSTJDbFF6cHJfdHFaYkgtMTFqeWVrSFBCTTZ0SWJVeHA3SkpXajIxVUNMdUZxWFlDQzN3U0VaNVhBZjRwem54a0x2RkVSdXFrTUp4bXlzMUFGZTl0cHcyUzFTX1JQbEpSMm42WWZxbnZEUklHNGhqdkdBdW00RU5kM3hOTdIBuAFBVV95cUxPQl9UTkt0bzdNeXZiaHBEQzlyWUtZYWdsRGl6eGxSRDdnQzFxS1FCbHBod19LbEhST3FyYjJHRWNuRGdjRUVaaUdVbXhVNnRFT056RWlNYTBYSUJGYUVkalFsMFhlS3BNY0d4NUJYSTJQVElNRDhFaTlveFdRQ3ZPd29DYUJuSnZ0Y3JTWlk4S2NEMkJmN3o1TE4xN3l2M2ZjZ2ZPX3ZadzdtQ2h2MVZ3RkgyR0RLdDQ0?oc=5","Al Arabiya","Arab","1779262200000"
"Hezbollah Rejects Lebanon-Israel Talks While Backing Negotiations Between Iran and the US","https://news.google.com/rss/articles/CBMiwgFBVV95cUxPX3lFbXQ5UGpGR19mdmxsVkw1ZUk0QjhxZmd6MF9fdFBfMk5Kd3JIaWZXV0oyZV9IV00taUd5OW9TaF9xYTRrNHpPempaZGVseDBkNGppZDF4OWtOcXpPT090azRuaGNEVEQ5SzdOTGotMkV4X2JmN05rM1Zkakt2SHV0QURpVXhWX19lQllCOWcyZGRDb2FEdkVaRUZ6Yy1sakZVNE5YemQ0MDByREUwOHhTMHMzZVB3VklyRTVOdGVwQQ?oc=5","Asharq Al-Awsat","Arab","1779261566000"
"Iran war day 82: Tehran warns of ‘new fronts’ as Trump sets deadline","https://news.google.com/rss/articles/CBMiqgFBVV95cUxQVEZNUzNabzBJS1RidnRPSEdaNmJzMDR2NlVKd2FmejZjX2h0N3BvT3oxNkF0R1g2YnNLcE4yQ3lSSHFjQ3ZCYUJQdlkzd1NrQzFQUGJVa3MxYUhxajJDYTBvc1JPa0V1dTZ5TkY0eW8ycXZzaVNid0dVRjZvWExOVkhBYlNNdGhMQnZOU3VCeUdobEFTZTd4bjZfbFVsR0Y3T3B1blFSY2xOUdIBrwFBVV95cUxPQlpsZGlZQjJMTzVuTWY5a3RzSE1XUTJ6VkJ6LWl0Wl81SDN4SjlxMVQ2LTdMNUtZNE45NXV0U0xlM0QxbjlaTVRkanZINUJHUVBDRVliUU9kc0dJdDBUZFZKakFaMHY5VzUwTWdaU044SldBUmpYeTRVeVdSMWpZSjd5a1FxeGF0Q0o3M1RWOGw3YTBWaGVURk56cUxvLXlzQUVNZjQ0c0p0bDRXMU00?oc=5","Al Jazeera","Arab","1779261525000"
"Iran condemns decades of US hostility towards Iran, citing 1953 Anglo-American coup","https://news.google.com/rss/articles/CBMiywFBVV95cUxOWGhUdW93WlFWR3Jld0xYbFRycDRnM201TDRKekNyS1hFX1I2dXQ2Vm5ucnFFODlSWExBMFBDeHdUQmctT053UlRobDJXeXVDLU50OEljMDdKckdIUlcxYUNrSTNDQXBxM2RKOEt6VnY2U0JvN3Qwek5PaVFoSmNiX2JRdm5wTHVHYWNDQjQtdFJBQnJGSFdSU1lnWmxkTDhIVzA4YWhuVzF1aHlZczhVQllSYkdjb2poVk9hWkYtdFBwSGZkV0pXaFhqSQ?oc=5","Press TV","Iran","1779261360000"
"Inflation drops back by more than forecast as energy offsets Iran war fuel hit","https://news.google.com/rss/articles/CBMiuAFBVV95cUxOakxha2FnM01UMmlnX05SMzlNZUxFT04zbXNNd1FCa0h1Ny1ia2pfRG5WeU1zVURnT1FZWHRmcE85Q1FTUDdvVVBPRUNWdjZFY0Q4ODluUExjWElnN1MyWmpYLWRRQXhoSE9MeFJka0FkaDA0dEpvZG9JcnNTd2UxcC0yclI4bVBqWGhVWVd0WnVnN2w0dmlpRW5JRlZmYUVLYWZyRld4amc1QzBhTUI3anhja0dvdmQ2?oc=5","The Independent","UK","1779261000000"
"Pakistani lawmakers pay tribute to Iran’s late president Ebrahim Raeisi","https://news.google.com/rss/articles/CBMixgFBVV95cUxQckxCYjFyT2F6TmIyQ0xad2ZXYmdTY1Rub19EblBKbGdFWUw0TkdGNmpLWjU2VDJ4VWs0OUpiX0t6a0ZrdUVpOWxxYW9nbUlKYS1mNWl6b1E4Tks0NnYyVGF3dHlyamgwYnRPMG5yT2xGZDR0ZldVMmJWS21lOElXMUZvRVJXcnlSU29SaUN0UkVEVnFtQmxIMHBBMFBjUzBSczRpdmpTVWVYNEdMZXZ3UlVMa3RXSWVtQUhZOWVBMXl2UmhVSkE?oc=5","Press TV","Iran","1779260880000"
"Iran stocks rise nearly 1pc on second trading day since war","https://news.google.com/rss/articles/CBMimAFBVV95cUxOYUhYcnFwelcwV2ZDRjg0NDFTVUl2QXAtVlU0aEJzMGl4RTMtT1VNaUdDUEtRd0t2TzM5VkxlQ3hLYk9ERmtaNURtYzUwWmI0N0o5VF94TEw2R2lWN091dTZiRXhpZWMtQ2lYWmNNY2VBZVJtT1lRUkRiUUQ5cUM0NnhYRE9MNjNpY215SEZOOU1MekRmY1NicQ?oc=5","Dawn","Pakistan","1779260800000"
"UK quietly eases Russian oil sanctions as fuel costs surge amid Iran war","https://news.google.com/rss/articles/CBMimwFBVV95cUxPRnhjM3ZLNm1qMDJhcnNrTlJvT2I2R3FjY21WZ21RWHloMDFyaWdjd2lScTU1VkxnS2h4eFV3R2tndkZ4bWhId0JiOVN0cUVqcVA0QTRYWFNWMW5BV1VqUGtiTlVPMF94Q1JnNWlTZkpJV1dzbnVEcFd5Ti1vTEhuV01vbUMzVUlxWEhuT2stWEt4dW5aTzRUekpERQ?oc=5","The Independent","UK","1779260700000"
"Israel's El Al Airlines moves to Q1 loss on Iran war","https://news.google.com/rss/articles/CBMijgFBVV95cUxONjBGbmY3RG9GbW1pNHAtcG1pbUxVLTJXTUFuWkZwV2F6MEhrREhuaThXZ01qTnR1aTFTdkFpOXIxVE5yNHhsYW95Z1VORkZPMVpwM0o4R3ZzVnFJWVBjcUNBaUxxaEhNNVZvY1hRbXN4WnNXLXBZYlNhanIyUXpjbkhiQVlEeFlBNlBEVzV3?oc=5","Dawn","Pakistan","1779260413000"
"Iran Museums under Threat: Conflict and closures overshadow global celebration of unity","https://news.google.com/rss/articles/CBMieEFVX3lxTE5yRnBQQkF5dWY3Y3RMcjRYZm94TExoT015TFExbjlReTMxMGV1dEZ1Vjd3WDN2OXFSWkNGTnFfMl9QdDc5dlB0QU1tT1JUYkl2cFE5OVN6Sjh2Y0NOU2t5MkdYajlkT2padDVSYXBpbkl1WTNfT3Y2UA?oc=5","CGTN","China","1779260175000"
"Iran blasts CENTCOM's 'shameless distortion' on Minab school massacre","https://news.google.com/rss/articles/CBMitgFBVV95cUxPemdUbncycVY2SzVYSVZ3dUZ5Ujc1MWE0NTA0YmJDOGlnUExvWFI3eU9TU3JndFBtdHZMX0d0TU1TZVdGZ3d1Y2R1UU5tVnJBbUxWaWNhajdxclJPVE50eHNvb0txNEtiN1VXS0pVbjM3UEZlUnVfd1FfTmpsTjJwSHVnZExRSzhfVWFlU2IwZGtGemlTcGIyYllIV2g5dDRRaENkc3hiRnZWeWo4TFNhVHdybWJsdw?oc=5","Press TV","Iran","1779260100000"
"Iranian couples hold mass wedding in Tehran amid war","https://news.google.com/rss/articles/CBMiogFBVV95cUxOREhYbGdOYTFjeTlPWm9NU1ZJUC1HaDRVVmxxTTdNUHpIZU1kNG5USFJpaGNCT3lna2YwOFRBQnE0U1Z1Y19HekUzWWZSbjRybmZrZTl1T0REb3ZTMFdMR3dNSWg0YmxFMmk0dWVzS1UxSnc5UVRiV0JLVEk4TkNNMFlVR3A0T1dVV0xBN2szQUFuVUExSGdSYXVaby1DVzNNVXc?oc=5","Press TV","Iran","1779259920000"
"Israel's El Al Airlines moves to Q1 loss on Iran war","https://news.google.com/rss/articles/CBMioAFBVV95cUxPUzAxUllTZExidVN2c21HYm9KalRXUGtnQ2laREdGQ2dzWlZ1V2JyTzZpM2Q2VzhnNDdXUTZaY0dJdi1uRWN2NXR4X1pGNjA2cDRnQkxYUS1sOTVyeS02ZXFDVVlCRGNNdm5kRDNtTld4MXdBamh0M3MwcXNDbGVZWVItSzhEUmdhQzBRV1Z6aDZlVXE1Vzl1LXJ5OUVBb2cz?oc=5","Reuters","Global","1779259800000"
"Oil falls after Trump says US will end Iran war ‘very quickly’","https://news.google.com/rss/articles/CBMiZEFVX3lxTE5GT3kwXzlaSTFIUkwzb2ppeDV3UWlOM2xUcjloSjdtaGJDWnR2M2ViLU1FQzRFMXNueUVwMG8zNHhJRmJYMVlxUFpXNk5UMGVfLXJMa3IxQkF2WU5KdDJveVhKcUQ?oc=5","Arab News","Arab","1779259556000"
"UK inflation falls but Iran war fears fuel warnings of summer surge","https://news.google.com/rss/articles/CBMilAFBVV95cUxOVzVHek11empPRVJvZnZtSzR6MzdmVUxhY2NqdWdRb0lCUzh5c211Z24zdUdRSHl6ZDk2RG1TdThYdk5wTXJnRV9INzFRM2xwNjZ5WXdwZVJWVXBWZjB1UUpUMTZfNUtHZnQ2d3pfNy1lSlVCek5fLVlIRUlIVmFKb3JwNThYU0MxYkE4eWRZWmdhUXVs?oc=5","The Independent","UK","1779259260000"
"Iran war briefing: Tehran warns that Trump faces “many more surprises” if peace talks fail","https://news.google.com/rss/articles/CBMipAFBVV95cUxOTDhCMzlhSm1pX0ZuUTY2SklxSC1uVFVYSjdJSXAxZktNWnlIRDFld2JWTU84dUJhX3VWNzRhYmRaU0NCLVJ3Ri1pRDUtWWptYjdnZWRIN2VlTTR5UlhtclVleWxMdjFHMkUxYnNMT3ZGaFRvVUVxOHBCbklCUXZ1bm1XZjI1NHFZcXAzdjl0N3I5ZVJmcmJFd2JOYmJNdDl3OTY2Rg?oc=5","The Independent","UK","1779258900000"
"Middle East Conflict: Tehran says ending war remains priority amid fragile ceasefire","https://news.google.com/rss/articles/CBMieEFVX3lxTE95Vmk1LWVaOVJ2aUtyaHY5RjlzRGdYT1R2OTB1NmVPajVrM3ZLWERaS282cjNhcG9FeWI1bUdVR0RZc3FkVVF2eXl6Z1BGUURKb2RBMF9NejdXYVNyTHJWM2F0U3psUkRfS2Y0M1R2bGR3cUpXSDctdA?oc=5","CGTN","China","1779258507000"
"Russia slams UN double standards on Iran after UAE attack, says US, Israel responsible","https://news.google.com/rss/articles/CBMixAFBVV95cUxQMFJ3c0xFNVdxYzUwcnY2bXdtcHVhMk9XODh3a1BXYk8wWUZaSUhWU3lkRnJvcXJ5M011LXFhUEVxNTRmdUhGYVNwYUR4MWZhS2tvTnUyOGtXSm9kY3BiZTJsd3BfY1VYcjQ2MVdJTzJ5d1hJTk9WRGNNR3ktYkhWZmNULWFlclM2dEtmWkVUQ0RIRGR0aEJzejdLRHlmb3VlTll4MVdhSVU1SXNJcy14UVk0QUNwb1gtVkhrVFhmNlhkc3VO?oc=5","Press TV","Iran","1779258420000"
"Inflation drops back by more than forecast as energy offsets Iran war fuel hit","https://news.google.com/rss/articles/CBMiuAFBVV95cUxPRHZwcGhzUXRvRU9fQXNpYmNnSmlxREMyMUc4TVYtNzA3WDljRFVtR0NhTUozVXdBQjE1NkZXUFUtS2d5V2xLNGEwY0MzVmFTMXJBWkNFajYyS25wSUFfYXNDNzdNSGhiOVlnZTNScHRGN09qM1hEejVjX2pEWDVLb1VuM181U1ZXX2hGR1plRFF3bnhsM3VDSkxyV21hUEJ1RG1aUFppVmh2ZVIzQU02eWJjb3BFd1B3?oc=5","The Independent","UK","1779257940000"
"Iran war boosts US shale oil but only so much","https://news.google.com/rss/articles/CBMiuAFBVV95cUxNelA5Q1NNZmJEaGVTRUU5ZE9BanRSZlhEejBYVDR5ZWhkN2NpV01Qdk5uV1FtcXFHUUpEZ1ozS3BSa3diNTY3OHcxTWs0UlotekF2bnNfczlydl9yTDktU3BXRVBobmZnSVhOdEhOLWpWeFk3QUxiUlNPbmVFeFlwTThxR0FrREY5WHBtLUxkZVhkUE55VGQ4cDNtZ3AzZDNHQjNuMXdCa25rMVNYV212M2JlZFlTY0Yw?oc=5","Reuters","Global","1779257460000"
"Late Night Could Set a Clock by Trump’s Iran Attack Delays","https://news.google.com/rss/articles/CBMijAFBVV95cUxNN0htQmNsVzdtVld5UF91YmQyejJra2UxUDk1aGJsc2tOR3VfTzBHRU1XTDJsVHM5cXdUUkk3NTZidEJOdlZQRWQwMDNuWkVvYkExQ0p0UzViY2JpSHF1WmRRUDBqYnA4RHpfVkh2LW9PanpMQnlJazlrWEtCVVBUUWNqU0tmbUdWY0N3WA?oc=5","The New York Times","US","1779257395000"
"May 19: Iran reaffirms defense readiness as officials warn against fresh US-Israeli aggression","https://news.google.com/rss/articles/CBMi3gFBVV95cUxNanpPME9fQ2duRFVRNnVHQjdxQW4tT2xFd1RORzZtZEMxeG1BUk5ZbEhyWlp1aWJWb2RPX1Fid0VWYmRzTmVRRUotdUk5TV9KX1R6dEdEZW41NXBwN29Ud0d6c1RzdXo2dG1kYTNyV2prd2pjbjZxRnhrTXd5dHZUUnpHYWF1NDZ2cVU1MHV0SGVwaDRuNEwyUTZzV1N3Z1ZtcjAxZkthajMxR1Z4VXhfR0tsa3hLX1BzaGI0QkI4MFp4TVdLMkdXRTlKbnIyZXowV2dZeFdlNXhpc2RwcEE?oc=5","Press TV","Iran","1779257280000"
"UK Inflation Drops Sharply in Respite from Iran Energy Shock","https://news.google.com/rss/articles/CBMisAFBVV95cUxOZDU4OHhBbXpqZUx3eHh0T1JUcW81WlJpWGhvTWhOR2tVZVdyRzUxVU1aSVpMRFVXOXNJTWt2Nl9rbU9ScGNBeVh2bGRtZGcyeHI1WlBpdlp1alk1R0JGMnlzd29oY2Y4eDVoTnNoMGhJR3BBOVItVUpfaGZpYlBnNWZ6QWJpVXpWRFBMWTVJVmF5NHZ2SzZoTHc2eDgzdE9xbHltWm1JZ1lmbnVyQ0tKNA?oc=5","Bloomberg","Global","1779257100000"
"Flash: S. Korean oil tanker passing through Strait of Hormuz after consultations with Iran: FM","https://news.google.com/rss/articles/CBMifEFVX3lxTE5rTzFHOGs5c09KZU9pM3JGSmpKcnNzbEFXY3MycWRLcjg1VGRzSGtZLTR0WmZuZE9QaEx3dnhzQ21ZdlZGblVFNzh1ZlVBSUo0N1BEQkhzSDZBdzdGalhpdlFnN3NKZGpPd1NpemJUbzB5ZnYtUHl3dGREMWU?oc=5","Xinhua","China","1779256740000"
"Barakah attack dubbed 'red line', US Senate advances resolution to end Iran war and Ebola travel bans begin","https://news.google.com/rss/articles/CBMiigJBVV95cUxOdWVycDNLbkpsYnBlc05OdndleDZIZjRzSll1OGtTdG90UWJnb0VPZU1zSjVlbVZJRld6dS1jWWJMRDMtYy1GVkJYbHF5MmN1NjlhRW5FMlg1Ul8wMC1sLUZyV2NBVmU3OHJHVWJYLTNaLTJsM0ljRi1UclN5YTZuYThWT1FOclA3cUo1X0JmeG1nd3dpYTR0YlFaQjJkUW8xTktKNV8wWkpPZF8tLWJoVEh4dDlpMU9ZRC13by03VXJxZkIwcFpVd1JHTFJNaThJVUZBVndNYWNIUmZrdl9xSFloTkZOMGdGdVZFWmNrc2VCaXJWc0VJYTRhMFY4TXZVcWdRZHFXUTRMUQ?oc=5","The National","Arab","1779256023000"
"Indian rupee hits record low as US-Iran stalemate stokes global rate hike wagers","https://news.google.com/rss/articles/CBMitAFBVV95cUxOaXRObkVJYW1EQnJIS0V5YnBEeG9hWlEwNUZLRUh4N05kWTdUM1NRM0xyaEI2VjQwOVBVbXkzWTBMclpvaE5oS3I2UE9YZ2FHVjFRM2padzZDVHkxT0hpQzJmREF3aUZGWkwtcmRxNm9YMFFhdTNzdDZWdjNNZUpSa05Qbi1ZNWxuQXVRVXZTemczcG5yemZyY195Mlk1clBaVVhrU2I0MzJOS0JHWUpVY0hfZWHSAU5BVV95cUxPUkRzbTNsVlhQdkdJcHhIemt3cENIT0hxM3VEb1d3ZDNqTHN0Yms4WE9UMmg1eUVSSTdEZVpDUExuc2JnMndyWk9pLXJEd0E?oc=5","Dawn","Pakistan","1779255939000"
"Magnitude 4.7 earthquake strikes Southern Iran region, EMSC says","https://news.google.com/rss/articles/CBMivAFBVV95cUxQSk1PSXFIQlAxejYtMk1xTkRvNmNPNVd2MlhYWkN4S3ZCNUl0Zl9NSE9CN3BfbHBlLVRueTM3UVBURGF1dm5rYnBwdlByUGE5MGpLS3BudTFCSTVFU2JvZ3B2RmkyMUFyS2RnaEtDdU9JcmVsS2x5Wkp5Rld4aE1oZl8xT0d6YnM2SUd5TTZ2U1BqTUstVDJnbDFRWFhxUmJKa3VuUkpIenJiZ1RtSUk2S1FtbDZaMWhvdW5JadIBwgFBVV95cUxNclViOGFhVFFmZEl6Zy1TRUMzMEppNWxrVC1lMjc1OVpTYWM5TTMtSTA3WWNZVEdQYkRraVFKWEpxWlBPenNGTW5wSnlmRkM5OTQxX3FaRUR5MEItZ2ZMT0Y3dThkeUhVZzJiRFlma2VScWVWUDZHRmc3a1ZTNHNFcm11TXNJVE5EWkN5d09BSHptT25fTU1lRzQ4bzZERVc3UDc4MVI4a2RybVcwemJFOFNlanZJSGZPSGpjQ09iSzFlQQ?oc=5","Al Arabiya","Arab","1779255600000"
"Israel, US tried to appoint Mahmoud Ahmadinejad as Iran's new leader","https://news.google.com/rss/articles/CBMiakFVX3lxTE1uUmM5QnBaLS01aHBFSEZsNXkxRVd5UEp1dTlYcGZtNW5PMDkta1R0X2hGYU1XZWxqTlNIUG50d21qemlKZHhpRGdaWFFiNVdFNms0ME0tQkFRMXVoUjBvTTZBbkxXM2lBS2c?oc=5","The Jerusalem Post","Israel","1779255454000"
"Trump Threatens Iran Strikes If There’s No Deal Soon","https://news.google.com/rss/articles/CBMixgFBVV95cUxQZWJOM2dDYnNidTI2X2Y5cFVuUHc2Q3hYMzhhcnFtMHlGMm1HdXZtcXhrQnpTdVF4WkNpbVAwU1l3Y1EwUnZUbk1rWHpoQXoxZ0haUExpQzF5T0lUWGZqZUFpUU1qbzd5SnVTdmh5dlVmbTBYaWtQQjJZWXdwZXlqeVRIY0JLT0s0Z3lJTzc2MF81djV1ZVhpNmxzQjR5bDQzNk83dERKZjJCeWIxOVpIRnAzTVgzTHNqYjViZ3JlcUtoZkc5TVE?oc=5","Bloomberg","Global","1779255312000"
"NATO not drawing up plans for Hormuz mission, top commander says","https://news.google.com/rss/articles/CBMiVkFVX3lxTFBXekxvUXl5S3FqZDk1RHRiYkc2OU9WNnVITk1xYk1aaGZmNWN1NWxDazhJd2U2VmJMR3cxcW5ZZ1pjbjMxT2VyblV1aERCWFpqTTlvVElR?oc=5","Arab News","Arab","1779255188000"
"Report: Israel, U.S. Planned to Install Ahmadinejad as Iran's Leader During War","https://news.google.com/rss/articles/CBMijAJBVV95cUxQMlNsRFltSVNGcEtsX2hnNTYxVHdTWVl5eU42RERzeEtiSlA0S3Q3Smw1V2U4Q3pCOG9ZQkJ5YWk2Y21USVc0RjdEdk9uWldoV2lsQkVGRkFSWWFidFZwZ2lrVjRyVmxUcjhxM0d0WTJSVnYyWEczSnlJYkRsRnpCUE9jT0pPWHpMZ3YzNVJlbko3Ymc2b3dHNzdmUmF2Z2tPeTl2bVlyZWlxUExoUDFfN1ozTW5jZ19NM0psWTI0Wi15NE9hc2JuWVFQVmt4UjlteDZHeUs5SHBHZHpxbnNwM0duZ0FGcG1Ddkk0cTI2OHowdlE3LUpLR0cyZU9XR3p6bE5Fb1Vxa05BM2tF?oc=5","Haaretz","Israel","1779255180000"
"Shipping traffic through Strait of Hormuz rebounds, report says","https://news.google.com/rss/articles/CBMiuwFBVV95cUxOVkZDcXdlODd5dkpLcXJyT2htaGl6TnFHdEtxMHIwaWJwMmdId1otQmtZMXlqcUhGSlVhX0ZvMGUyaGR4QWYwVTlVMEhkWDZVLVNoQXgxVDlmRHp1QjlyQ3ZZNU1SOTY0QldXWEdELWEwSXF5UWw2Ujdob3huLVhHMkdNZWMtX2NOYUJsVTF0TW9KWGN2RDE4NEtkRU5JVHRJQ3hNZVNlLTNickpmdGpsZVJodGcwR2cza2Jv?oc=5","CGTN","China","1779254883000"
"Tankers exit Hormuz as Trump talks up Iran deal prospec","https://news.google.com/rss/articles/CBMiswFBVV95cUxPOFpBa3gydGlhanRnUTJyRDdzNGptNjRTTUtnLUVyRWpsXzNmZUZHcUo3UEw2Q0Nva0JRQzBxcEk4TGFLdDgwTFpvS2xkZjRlc29uOURMazdYUDZPY0IzdnFxT2QyWWI1T3I2U3hNTEc4OGxvbzlNV1c1Y013ZXhiR2N6Y3FjQ3QzNzlXWjgzbjJlWF9LR3dyYXpCQUdVXy1KS0hwbjBIV0FuSmpnQmdadEpwZ9IBuAFBVV95cUxQdGtEamJtZ0RoUmNkUF9iOXU0em1sMEN0cjcyN3FzMkxlWFFEbzNKajcteXEwaEcwSGxkaVRxM01tbGUtQjA4WlJXYmZscU0zMlFjM2pvU2FzWmE1QXA0Z3hRNTZRb1FSRnhuVlpyeFFfdC1GcUJPUGsySUpTOE9LN2Zzb1Z4eUNHaW5uWVVjTGJFeVpqY3hjMUcxNm1xbW0tV28wSnlmY3lCc2VhOC1yQ05qaFNmWmRm?oc=5","Al Arabiya","Arab","1779254760000"
"Markets Roundup: Asia Markets Fall as Bond Yields Surge and Iran Tensions Linger | Dawn News English","https://news.google.com/rss/articles/CBMiywFBVV95cUxPVS1KTzJuN21aLUdRbC03NzZNZlVnM3ExQnlhOWFtc1pWUU8ycW41T21QTVpVYjBlSVZodmcweHJKQ0hhYWJmN1pVRDdPVldNSmhlam1iSkhQMEtfNFJvelI2WExNaExrQWN6d0ozZ283dFJXOEdYSWlxVGJmcFRBWWRLLTMtXzRWWnZvRk90X0RwMEJ1TVVJdlhtSXVJZEtBbDAtbXlYeHRCendNV2x0anQteDFGemFqTkVFaWZhaTJqemxhQWhNWFFJTdIBTkFVX3lxTE93ZURWTGdUYzBQeWpsUC1nOUZyakFITk9VSVRpV09TZDkyME1NdzVrSnhlM3hFZnBsdFYtTzViZ2FjYmJacm5VWVJrc0hVZw?oc=5","Dawn","Pakistan","1779254710000"
"US Senate advances measure curbing Trump’s Iran war powers, nearly along party lines","https://news.google.com/rss/articles/CBMiswFBVV95cUxPSW1SYjJNX3dldE80RU1nQktnLVhyRjFlSEhfT3ZDdEMyN2FOLWR1NnhYTVpDQTQ3bUJlRHhxYWFHdU1HZzVfZ091dmxlZzB6UWo5WHBYVEVqWmYzOEpTQ1BaSWRCRDdGcUJwb0oxRTZBdURqZUYydC0ybFI1U0trcDBlR3pPQnpaMjNNa2NoS3hJMXFkTlhSbkhCYkhoZVh5NGVvZG5JNHpsam9xMTRWaV9FVdIBuAFBVV95cUxQandYd0FIU0FvZHEwWTM2eTZ3Y19zV0E0NmNRbHREWDFxZlYtWkZ2ZXh4Z1RrdXdMcTJCNFdrcmEwS1psVkNKR1V4cXQwQVdkaHBDUXlyeW1EaW1heEhYeXNIU0s1OFU5WHJ4djFWeFNXQUFQTFZxeXFGTVJfU1NDV0RXR0ZvQU43ZzZRZ05LT3M3MzZlZGkwQWdvS1dWTHJqSWRHRXlCZ2d6el9RWTY3bDJYSUpOMzJX?oc=5","The Times of Israel","Israel","1779253536000"
"Europe EV sales leap as Iran war pushes up petrol pump prices","https://news.google.com/rss/articles/CBMiwgFBVV95cUxQYV9heDh6VEtBeDIydHFJV3NXZ0dsYVFweU9zUE1ibWlIU1hTMG9nWlRhVFZ1WU83ajY5aGl4ZS14T19xVnBsQkljTHB6U3RReGVvT3pFMzFoTXdpa21SMmZJZWZRQ3N1S1JEQWhMNGRTS2FDVTFfV2U5aGd6QVlQdHRZQmkta1dnSkdvUWVITXI1ckpJSDQwNVBsSGdzRUJXaWdBcGF1TmFrYUZaYmpJYWlPbTVSLTRGRzh6NnkwdGtYZw?oc=5","Reuters","Global","1779253440000"
"Europe EV sales leap as Iran war pushes up petrol pump prices","https://news.google.com/rss/articles/CBMimwFBVV95cUxQY1RONHJWeERXNkRBNndMd2VienBueHB2cFE3eG5kMllvQ0lMMFVxLTNVemc2RE1odWpQXzd1dVBCcVFBT3IxWlBYS0FXdzVNTTRYdjFYUHNhY0M5bWFzV3h0Vk1ucDRIcVRkMndCb2c1Z0JtWTZDYW5nTVkzUUdrUVdKODNibjlfSGhzRDBSTWs2TUtzaFROQmpHMA?oc=5","Dawn","Pakistan","1779253342000"
"Tankers exit Hormuz as Trump, Vance talk up Iran deal prospects","https://news.google.com/rss/articles/CBMioAFBVV95cUxPZkFxSll3Q3p1akNfdDRFeDlRV3RkZHF0MXd6MWdBM2lsU2hnYXpSOW14TTgwRHI4RHBtTVBYSzNlMEwtdnBkNkx2SkpaUnBUbWRidXp1M2JZd2ZqVG5CV1EzLXl1aGZmX1hnUDB6SnNOaXVacExGM09JTC1JckZZZGVQSFBBYkVlSG43VURSZVhXMjZmTlJRWE50NVFKVEU50gGoAUFVX3lxTFB1bmRNTTRjREowQkpURWx3RFc2YWtwNDF0NTlTMmlqWHBTS2dRX2haRWlueEVKcHNxYmU5SUpRM3VrVkFscUoyb2FmMW5CcUxiWHBFbExyMWxYWVpBZFhZS2Rnb2tTaXRZY1JveVhpYktjVC01N0xQQVEtSXc0d3JZSEZfdnVULXluN1hzUXNRNVh2c2F1TlV0aFpKQlZwSHdjTFpxYnBHSw?oc=5","The Express Tribune","Pakistan","1779253297000"
"British couple on hunger strike in Iranian jail, family say","https://news.google.com/rss/articles/CBMiWkFVX3lxTE0yVndNandGTG9zU0Z4cGx0ZEVObWY4UUpZV2U3UEtidjRyTmk3OENXNTJ5QldGOUxLeGZTajlySTF6YjBQdmhwaElrb0RlVjhybE56MU05MTBWdw?oc=5","BBC","Global","1779253269000"
"Donald Trump approval falls to 35% as Iran war causes Republican support to slip","https://news.google.com/rss/articles/CBMiX0FVX3lxTE9OU1ZRYkZra0ZWSzk4OXN6aEYweG4tYzJLekF0SXlkTlpwSnQ2Mi1IRGpPMzdNc0JWUjhsYlFwYU16bHNiY2hfY1k0c1FlcHRuOTUyemhOOWx4MzNuUDJB?oc=5","The Jerusalem Post","Israel","1779252562000"
"Trump says Iran war will end ‘very quickly’","https://news.google.com/rss/articles/CBMikwFBVV95cUxQSlpSamJFcDg1czJMNHNtWmRlejl6SDN5dTdBOHd3dmFTekZnVXpoZHM3Ui1aSFY4RlNMWFo4N2ZydmZJU1RJSTFORF9JZ05tbktGb2pyTEJndkJMZGU0ejBqcVBZZVlfS2ZEbkUzUlhSVG8xVm9DSGp3Z2xIckFyTnJnMlN4eG9WSko2aURlTFV4MFE?oc=5","The National","Arab","1779252389000"
"South Korean, Chinese Supertankers Attempt Strait of Hormuz Exit","https://news.google.com/rss/articles/CBMitAFBVV95cUxOZlVJc0xEVUZQenFicmpuMlhCN2FuNTlDRVdDWlBvZzl1TzBfaGxlc1ZxcTBveWVDWG4tQ0Z3SS16YjFLTmR3ZjRfbWhIS3BXQnI2cFh1ZzVNcVR6WlVXTlVXNDFmb3JQdzRTcEU0eWJRZ2NkNGRLQmlhUExYRFNJLXc5cThER3VHNnlxV0daaU9HZklHdzMyczFZSjFvVnlULWk2RS1UUHY2MHd2cm9ERFFKT3M?oc=5","Bloomberg","Global","1779252180000"
"Tankers Exit Hormuz as Trump, Vance Talk Up Iran Deal Prospects","https://news.google.com/rss/articles/CBMingFBVV95cUxPZGVqUXktVVlhc0FpRFdmSkZoaEFaRFRwN0pQc3RURlhSSW9LYU5pZllFMFRJanBrQTlmVnp1VzktQWkxa19tTVpqenRBWHVUeXpvUHBYZEtkSTMxQnJJYmlhLW9oMDZWMENfeGdqMHk4T1BjWWJqd3Npakt1VzgtY241QWtrWVBPNUU2aUVjcWFXVGE2bUR5SEdwbnN3QQ?oc=5","Asharq Al-Awsat","Arab","1779251467000"
"Australia's LNG industry worries it will miss the huge opportunities from Iran war","https://news.google.com/rss/articles/CBMi2AFBVV95cUxPSW95XzJHWDJ6VkNkTUlhdkkyNjNJTnRPRTZyQ25ncWl6Wkl4elo4UTIzamFQTF9ZNVE0bXVObDZ6aURnYXVmOVlfbjhMN0dVMlFSTHdYMmtmS0k0Nnd3bFVEZ2E3NEZnZXpod1hVUDRRTk5lRlRYNHVwd1J3MDF2NGIzZGZEN2tiQ2p1VUJMTVdsNkRRMEpNNDY4UGJiLVB1UW1ZTGJ0bV9FT0RhTTRhQ3ZyUU1sMGRra2VCUTVuOXVZTXNGUmZ4bTJMUXJ6a3k3TW9Eam8ybG8?oc=5","Reuters","Global","1779250740000"
"Iran-Krise: Indien will Öltanker durch die Straße von Hormus schicken","https://news.google.com/rss/articles/CBMiuwFBVV95cUxNQ2trN2ZocW9EWWVmb25GRXpwbjJHWE96UGFtMXQ1Nlo5Sk5UbHRPSl9qSHFDYWUwY3lGRXJKZzhpaTR3N2R4MFd4STBYcm9GY3pmZGVZQlBfVFAtOGxKdXYxSlUzX05SblJ5UnVMZ19nbjdUZUNnenhiUmxLeG1FTWNKZEF4OTA2ck81NDJFeGJ1Wi1Lcnd3ZVhvUkVnTkJBNU1KLWhmZ0hUTjgzSlZrVmhHdFVnaTROYW9Z?oc=5","Bloomberg","Global","1779250500000"
"UK housebuilders suffer £8bn hit from Iran war","https://news.google.com/rss/articles/CBMicEFVX3lxTE1HcFh4bERPc0FOMHptanhfVmZ3Q3NjVzFIQ1BzaU1mRFlrcG9wQWdGREF1aWZZdmx2Vlcyc01zdEstSjRCVkR5ZnJQSUJZa215QTh5TlNKR3lGaFhxVW4zZndPSjlRM0VuYW5fWlI0UWg?oc=5","Financial Times","Global","1779249633000"
"How Iran Gained Leverage in the War","https://news.google.com/rss/articles/CBMijgFBVV95cUxPeUE1OVBhVk1CczAyNzRJX29HODdKRFZjSGlJWHBabjQtNU5UWkNsbUVWTDhYcXdwTlJLbGtsT1l0aTdQX2dkdzJDNmFEU1gtQllNRGxIcGt5alB1a05VRGFHN2RFWFlZR2lvOGx3ZE8ySlNpSm5kR2h3UDR1VmpWZEFQOWdVaVJjVV85WjJR?oc=5","The New York Times","US","1779249605000"
"Tankers exit Hormuz as Trump, Vance talk up Iran deal prospects","https://news.google.com/rss/articles/CBMitAFBVV95cUxQbGtCOC1FeFNhRG9yNTFpSUMzVVFkN2JFRXJSWGhTLUZ4SE1ueklHTzB2cEdSWGZOTy0ycE9pQkFKNDl0SHY5Y1p0UHIxdGxqZG0wX3FjS1VZZFFmcnZzU18xczQ1eUk4VGJWelp1blVYNjJMOFd6elZ2NWMxQlNqMlo1SUV0TkF0RlhFeWpyWTU0czUwM2JLLW1pUDFfQTZWUnRRNmUta1p5ckhBb2hmM2RCcDg?oc=5","Reuters","Global","1779248640000"
"Iran, South Korea in ‘serious discussions’ over attack on ship in Strait of Hormuz","https://news.google.com/rss/articles/CBMiswFBVV95cUxPWHNtSVFNUGdoVXZaRGFOUEIxQUliMHZTZXVhZXdZMEN2U2lsT2JmYy05MjNoSlNtZDlJeHRmNWlESjhpbVpISENBOU4wVFlhczh1MWJ4TWhCblh3LVFQdm1rbmhNcTAzOHhITHZLMFJJSlVBZWpUNUtoeHlNNW0zRlhrbEF0RkdGNUpWcnRQMXRsWll3WnY5NjNka3RKOU1wWVNKYm5scmk3M1psZWowVUd5TQ?oc=5","Dawn","Pakistan","1779248584000"
"Oregon voters reject Democrats’ gas tax increase as Iran war causes gas prices to soar","https://news.google.com/rss/articles/CBMiygFBVV95cUxPYXJPSXhWZFdVUXZ2cVE4WUhKLW1BZXlqbHRlclZZQVdGOHJ0RUVQc3FWRlBMSlppNTY2RzVJdzEtaHVMbzhicVZoRnJfcWlWb1p6RjgxSGJoX19ielBUMWVZaHV1cGNWci1oa1hYSjFiZmt4WFJnbnJsOU5DUjZOOWVBTjZseWp4QzgwTFU4d3VXWmtpWVFOMnpXemR5YXRrUC1kcDBxNGR6blhBdXMyZG16bjg3eTVPYlUzUzlzV2xlejdBN3JZOHF3?oc=5","The Washington Post","US","1779248317000"
"US Vice President JD Vance says war with Tehran won't be 'forever'","https://news.google.com/rss/articles/CBMiakFVX3lxTE8zc3NGdVFwem90TjZIN1phRkJxcG1IZDlXdnlHNmxraThsUjBJUm5xVzAxZkQtWEoxejNXTkQxQ1FQSWpaR29wbkVhM1Z2QmpQQVdOV1F0QmVMX1VXUXN6MW1ablZlSWRCT0E?oc=5","The Jerusalem Post","Israel","1779248116000"
"Rupee tumbles to record low as US-Iran stalemate stokes global inflation fears","https://news.google.com/rss/articles/CBMivAFBVV95cUxQcnJWb2twbUxjXzhOTTJfMnJEWklqOHNfY3ZzNlM5NFhSbVd5WUxLdGpwYjQ5VEJTQ1c0ZDBBMFNxbW93WDFTTEdUMkxOTnY5a2l6RFg4VjI0QnBRSnFXOEtWSjF4Z0tNQkNQRENlbEN0ZHlySGpHSDhEZUpQWXhKMXVSY3pQRXZrRGxVeFJaUUd3eUhVUnJ6QVNiSnduRndFZllobXhKYzd5d0J4OGMwUXRqTFd0ZEJQTTJnRQ?oc=5","Reuters","Global","1779248100000"
"US CFTC probes spike in oil futures trading before Trump postponed Iran strikes, WSJ reports","https://news.google.com/rss/articles/CBMiwwFBVV95cUxQYUVyREFEZnRJTlR4ZVdOVnZvT0EzOVp3U2RMalJVbUkzNTVieGZ4UF9CRmwtNDA0RFpMcW53OXh0THg3cUVPdkxiSzZ5SVVaZFFWSFloZXlQM1I1MmJqcGtJMFNzVl9jU2RGV3kwSnY0WVFURzJWTDJHLUFTall3Ym83eDNJT2wxTmtqMHUtUzl5NUI2RnVlc054Ul9PNUZlNTRDMU12LThVTHp5cWluQmZCc3Y1MDlaeFFzN2ZhN0dXZXc?oc=5","Dawn","Pakistan","1779247939000"
"Doomer media’s Iran spin is blatantly wrong — here’s how to sort truth from lies","https://news.google.com/rss/articles/CBMitgFBVV95cUxQUlp4blB4UWpQQUJOcGxiV0ZOWG1takJEY0E2c0h4MjcyZnd6ZTZLNTlHelpBSzVSQmM2OWN0bWpPWllBMFliajZWWmlucy0xYjF6R1VlaUVoWm9zejBuUXZfVXFEcG1wM3RzZDZjRGdCallORlVLWjJHMzNOYV94N0JNMGIwRGF2eWhVWTUyRFktVTFsMnRVeW5mcTBZQnhoVWtaUmFMeDZMUkRURWszbGp6Sm5sQQ?oc=5","New York Post","US","1779246360000"
"India Prepares to Send Oil Tankers Through Hormuz for New Supply","https://news.google.com/rss/articles/CBMitgFBVV95cUxOZEVDNEREMVl5V2RMS1YxVmR0VzlHYlloeDdkX3E1RkhVbmd1VHUxekNOZ052Mi1tUU5RbGgtV1VZODV2eTVILXZSVzQtMS0yWEZ4VzZUazV5SkRVQjl2M0hqWVAwck03QVNmbDg3SWRZc3FqQ1FxWkRBQmprUkE1SW5LY0pHR1pmVkZGTjI4cXdVN1NxenlRb0Y4SzkyZzYwNnh2Y2pqbHpwSkQyUjl3V1I2bUNWZw?oc=5","Bloomberg","Global","1779246240000"
"Live Updates: Latest from Israel, Iran, and Middle East","https://news.google.com/rss/articles/CBMif0FVX3lxTE1UVXF3ZTl0V1lLZGwtcWpnTzRhWkVnSmFnZ1BGNmROY1pjYTN0b0hUZjNEMGZDLW8tYzZLUmY3aGNPZ3pmWlF4Q1JsSkxqSUVPNGpLZEtqdTc1Tm1hNWRmTnpiV2kxeWYtMHFfc2MwMTU5Xy16UzZnSktOWl9qTTg?oc=5","The Jerusalem Post","Israel","1779246005000"
"Oil prices ease after Trump says US will end Iran war 'very quickly'","https://news.google.com/rss/articles/CBMiogFBVV95cUxQUVFpUkRSRFdqSTFrVnRDUENJT0h6Y3VXdEx0bnVfMDZiSGd6TnZDV1U1bkE3dEs5ZjNlRW11bEhPMHQ0ODRlRjNacGxxbUlyRTYzWDl2b1ZSZk8yaHlJbkFWaV9DMzl5WE50ME95TDJxdm9IbkJuaHpnOWdneEkyc092V0o1alk2T1BVdnFWV2pQXzVpS0VueENQOW9oX04zclE?oc=5","Dawn","Pakistan","1779246004000"
"How Iran Got to the Nuclear Threshold on the Watch of Three U.S. Presidents","https://news.google.com/rss/articles/CBMiggFBVV95cUxPcmNoX1Bsbmkxa2RkN1VEbUhWT3NiaFVsT0NvdFlKSVE1MmFkdmY4ZVdHamJpV2NhdEpqcVhPQUpRS3hRem5NUUNUNjNBYVVkNTdscmN4cVF2ckNaWlRXM3FpRGlRU1AycURRcWNTSkFhWGljSm5DMGxPbFRnVGE2czRn?oc=5","The Wall Street Journal","US","1779246000000"
"Trump: War with Iran will end ‘very quickly’","https://news.google.com/rss/articles/CBMiZ0FVX3lxTE5iWTYyall4Nk10dUp5RmFQb2lHb0dUMGlVUDVGTkxSazdvTXFTN3kzcDRJRTlfcEN5UHpiR0pKQlBDT3o1OXQ3YUNtQjVoU21Mb1FQTUI1OGZCeHBmclZxd3hoVUppLVE?oc=5","Reuters","Global","1779245847000"
"Russia ready to help out with US-Iran talks, deputy foreign minister says","https://news.google.com/rss/articles/CBMiqgFBVV95cUxPemVZWldZN2pKTnRUYmVKV294OWVUUjVsQ01UbmJqMVpfWHp2UF9rVmprUWVlV1hUd2QxMEVVcmpXZnVfYXdvUnF1SlFDbkFSdzlMdzNUa21NclRaOFphNzBscHdIWERWNy16T0Fkc1Bxeng2QlE1YnRGbjB4OF95TllyNllyLXBXTnZPQkFxRzBJSHJMR3R5ZkJiWi1FX2c0Q09pc2R4LWNtZw?oc=5","Dawn","Pakistan","1779244803000"
"Indian shares seen lower as yields, oil rise on Trump's Iran threat","https://news.google.com/rss/articles/CBMiqwFBVV95cUxOc2FBR1hTVGw3dDVCVld5YXhPNnM0YlNHZE1WOEpfSEdubU9zV1JyZF9RaTF4TGtsQjBPeFNQWTNFcWJhdEFVRWtJZ3NYdF9oamN3UFNJUUxfUkIwam9ReGZvUkFCeERzcS12Y1B3M2VlQkNUN283dTZuX1VYZHd6bnMwelhHV09XYW1Db3NRcHJUSFRsRHVoU0RuSnZfZDdHcFJsLUtWdlJCNUU?oc=5","Reuters","Global","1779244440000"
"Michael Goodwin: Trump's steadfast approach to 'no nukes' for Iran shows his unwavering resolve","https://news.google.com/rss/articles/CBMiygFBVV95cUxQcDF4Q2NnZFhEY2VzVHhYTnhJM3lVVlRSa2s0SDV0c29WX2pTek1kcnk4NVFZajQwUEg2VVlwczBMVUtQOEFxTm11NEFOZmlXejNfQmZXRnNHWVlZOEpWY08wY2N0Sl9ITXlaemV4Yk5tMEZ6SVRxdnR3LXJZdEhMR3ZoT3dmTkRtak84RHZ2WnpybzM3MHVVU0ZnX1FKaFhPNmZWelM5RUJJd1NLQXo4VE11dnI0S3FKaVAtNGRiUUZWd0VnWEM0ajh3?oc=5","New York Post","US","1779244380000"
"FIFA’s Iran flag ban is an insult to America — and gift to the mullahs","https://news.google.com/rss/articles/CBMiqgFBVV95cUxNNmRWYTRxZlZRSHpRbXBCVUp3b3ZWN1ByS3pCaEc1Ujk4RnkyUl9EWnRXNC0wVFlQbDQwNDZCUWwteFQ5MmtwbVRIcEFBU0U4X3hDMlYwWnFYcEJPNm0xU3UySGhnalpGZEpscE5Eam5DWHFET2p1WVpxeUxMRHNRSVBCc1ZqSTJxemlBN05FczJwLVFKS093a0Rid0lSazEwVXAxUG54R2t0UQ?oc=5","New York Post","US","1779243720000"
"Trump says Iran diplomacy space is shrinking","https://news.google.com/rss/articles/CBMiiAFBVV95cUxPVk9xT1JoS0trWEdmTTJYV1lRYThWQUU2R0dsbW52eVRQWGQ2NUZCX0NKak5JT1VJank4aDN4TGpOS2xzQkZLckwyTTc2NXRGbjZ6dHg2OGF1S2NRY0FNT1VDeW43dVloSWVrTzhwUnFWNVhuMUJYeFB6WEpIZEluSjloaVJsQ01S0gGQAUFVX3lxTE5ldWprWGt2ZW9UMHNhOGJDSU5PVzFXUm9YeVlSNjF6Z05xMzY3UVdlZG5TSlE5ZHZyVklQT2tzSjFReXN0VFNZN1c3NU5HM2VpV0VjcXlaeXc1d0tFc2tuR3EyTFlEYzdtMVBDRlZzdDhoVGdybGZFdHF2bE9IblZCWlR4bUczbjdxdkplUXFUeA?oc=5","The Express Tribune","Pakistan","1779243560000"
"Shipping traffic through Strait of Hormuz rebounds: report","https://news.google.com/rss/articles/CBMihgFBVV95cUxOUWFfRmx4eklYa0RzSzIxVjFDYWJSTGQ1VE5SMU11TVBxNmpnOUN1OHdvTUJvcEhFOEl1MkdlQjR4RGMtOUVVWjdKUmk0NFhOeVY2OXJ0TElibVZ3VzVNWDJOd1Noa2c1SzN4eXdhdnBlM2hIT2c1UldUeHZ2RkFtcU1keFJDdw?oc=5","Xinhua","China","1779243450000"
"Gen Jack Keane: There are limitations to an Iran deal itself","https://news.google.com/rss/articles/CBMiVkFVX3lxTE0tOEhzXzVzalN1RTRWM2NUR1czcGtDeS10M2VlR2wwcUhpd3FxeHBNaHFxQ3dOZmhrNzFkbjNXQ2FaSEg5ZjhBaEtpUTh6QVhycXRxWVRR?oc=5","Fox News","US","1779243107000"
"NYT: Israeli-developed war plans sought to have Ahmedinejad run Iran after Khamenei killed","https://news.google.com/rss/articles/CBMiZkFVX3lxTE52SEJraXR2QU9ITVZOa0d4NmlXZWkwNVBPLVJfN3F1Y3p3MUc1RnZWNmZ0SEF5cW04V00tbVZxa3FEd2d2S2VST3RGVVM4U01tanFMcW1HY0JTbUdtLXlMV3JQei1WQdIBZkFVX3lxTE52SEJraXR2QU9ITVZOa0d4NmlXZWkwNVBPLVJfN3F1Y3p3MUc1RnZWNmZ0SEF5cW04V00tbVZxa3FEd2d2S2VST3RGVVM4U01tanFMcW1HY0JTbUdtLXlMV3JQei1WQQ?oc=5","The Times of Israel","Israel","1779242942000"
"Trump says war with Iran will end 'very quickly'","https://news.google.com/rss/articles/CBMihwFBVV95cUxOVS1PWHNGNE1RUXpkang2MFhkVFBJQ282TkNnWU5GSFFjUXc4M3kyQ3ZPejJycmpmeDZMdE5hZFJ3ZWRmWjQtSmhvVGVfNXdyN3hleHhNbWFnSnBlMVg4aDlwWEp4WUwzWTlwbDJLaHJwdUk2MUcyZUVubFJsbllnN3haTnM5OG8?oc=5","Dawn","Pakistan","1779242703000"
"World Underestimating Iran War Impact on LNG, Says Woodside CEO","https://news.google.com/rss/articles/CBMiswFBVV95cUxPOTBDcXcyWUlsbm1ib2xRRnNFM0lPVndXbkFzVm1FSW1yVW9ldld0QXdibURDV0lmd2l2ak4yRkEyY0VnQXFaMERwakFTZ1VFVWQ2MWZ0NFJwR2dLcmdTazV4V3hiWlhjVDZDbXN3VmVSSG5ualYxWmVjUnN4TWE4QXExT1czYnhfVmxVY1J1cUpyQ3RtV05QWmNMSmlwWksxTjFxTENKMlIzNUhnMnZ0UjBtOA?oc=5","Bloomberg","Global","1779242520000"
"Iran warns of new fronts as Trump doubles down","https://news.google.com/rss/articles/CBMihwFBVV95cUxNd1UxNjdqX0g3VG5ZckluenpkZXdZcVN2NmxTbDVSejhyOG10R0RBQWlRLXk2bTVVZHpwaVZQMEljZlROZWkzcjZlM29LeUlxOGV4aTgyZXdBU3lkLWhkNVpEbjJhTm85S2xJQWJFZ2FkUXhmQW9pR3pWb3R2NzF3aUo1OEs2RU0?oc=5","Dawn","Pakistan","1779242516000"
"Inside the Tiny Oil Sheikhdom Cut Off by the Iran War","https://news.google.com/rss/articles/CBMiogFBVV95cUxNcno5ZUs5a0xia0dBck1FY2pWMzIzZEg3MUxpbUp0UDIxVENMYVZ1Rkt0UEpCTF9LY0tmSXVWeF9md2swM0ZzRVlCWVBQa0twaERNWVQ1SzRzMjNVMHViZlF2YWwycXE3VzhzXzAtMWZhTEt6OG9SU2pubFcwRWl2YnJyLXJjX0hGVHNWTjFVN2dOdDhOeWdURzR4U1ljdDczN2c?oc=5","The Wall Street Journal","US","1779242400000"
"Vance: US ‘locked and loaded’ for military action if Iran talks fail","https://news.google.com/rss/articles/CBMitwFBVV95cUxPQU1MN09Vam9RTXBHcHI5SXM3WlB2Q21MT2d1T2ptdGtSYTNYZTJPazBLOG04N2F5Z2FvRS10OHY2R0JKaDdFOVRWT1F1Q3VxaEQtdkdRZUJnclI1UGtTQlo1WWZwLXZqT2NMXzZ1YTVic0lMTWJnaGFHR2Q5eFdwOXhTYzF4QTBHSm5QQlJQZTJRQ0pGbUVkOWltaG5yT3ZfMFhnWVJpTlA3ZG1DV3RtZno4blpoZE3SAbwBQVVfeXFMTWJJMzVkcGtrNTRkNTFfaFgwZW5mMlJ4UExKNVFES3puaFBlQ2d1bDlaelhHU0RCYTI2TE96alhjeFJTSE1xRl9ZMUFaVV9KcC1mRDFFZUllejgyNFRFanpYV2RDWEczeVQ3MkN4LVA0OS1Sc1RBTjNkMzRiem54Y0ZqY2JMbXNxRjhkM01oVFpDdXdoSktCZnZWTHdSbmVSclN6RGNpZG5KMlNYSlAyWHZ6bHg5SDh5T3RkcTI?oc=5","Al Jazeera","Arab","1779242179000"
"Vance says US-Iran talks make 'a lot of progress,' Iran reacts to Trump's military action threats","https://news.google.com/rss/articles/CBMiqAFBVV95cUxQR1VnczAzRGVNMlJmekhPTzBnLXRlc3BlRDJoX1J3NXc3XzRCRGJScnNqbWhjS2taNmxMZTk2S09jN0tkczNPaVNIZUd5QWg1cjJWYTNqQUNsajRod2oyQURhTWxGZzhSOVo3WEwyNzE4azh6M0dzZnFVbVdnY19VVGNpaTl0SU56S0M4RW5JTTBKV2N0WXJ3VWpURGR0Q21zckJPSEx6Ynk?oc=5","CGTN","China","1779241932000"
"NYT: Israeli-developed war plans sought to have Ahmedinejad run Iran after Khamenei killed","https://news.google.com/rss/articles/CBMi0AFBVV95cUxPanpoNW0zMXZTUDZ1M2otX05VTkFLaGxhRU1fOXpHeFlHOC1zZUtYem83enNwdml6SUVHSkVfM3JkUkl4bEdJY3dMQ2g4YUhHUm5FWlhjTEFHWHpwZHVyMzBRQXJ3Z0gyRUE2SlF6QTFsT1hJUFMyZnFaem9DT1pHVW5odGdCRUxMdTFSdmg1OF9IX3dnbGI2NXlEQXBJX2RXNW9HcXpxY2F2aW14cUx4VXpScVE2T3J3M3pveDcxd0hmaUdxbkc2YWc3WDdaUzVx?oc=5","The Times of Israel","Israel","1779241805000"
"Oil prices ease after Trump says US will end Iran war 'very quickly'","https://news.google.com/rss/articles/CBMiugFBVV95cUxNbTZ0TjE5WjliV2w5YkY5aHlEUHVnVkdYNmx2ajdNd041OEZIdjA2MEpsT2tPaHRheVM1a3VaWmJSMjYzcEpENmxnb21Da2g3QVkxbGptaGJFOTRTcnpMVHZIUkgzRWVYdHdfbFpMSUZHZEhReV8xcTJzdXFGbWEzVzNrS0JsQjgtejAzSWM5VDFUTVZXdE15Q2xCT21QQzVfakp1N3RPUVpoSkxWdndXclp6Nzc3VktBeGc?oc=5","Reuters","Global","1779241140000"
"Dollar at six-week high on rate-hike bets, Iran war uncertainty","https://news.google.com/rss/articles/CBMisAFBVV95cUxPWlpMNmFpSU54eHZwMjNnUkhyS3dQOEZDQVRLNDd3YmZqa2JUQjNUajZna3lXSlVTTVppbTBrLUhTM0EtRUF5T3NfdEFJRUdPUHB4UjZzLVByUFU2NUkzZEZRZlVpQkpselNfVDVkVUNFSWt0dEl2SUNvTFRfamhRempTQ1lCenFmS3ZVNUlveUlkZGxIR0ZtQkpFRlp4TERtWFByUkwwY1N5ci1sc0Jqbw?oc=5","Reuters","Global","1779241140000"
"US Senate advances war powers resolution on Iran","https://news.google.com/rss/articles/CBMif0FVX3lxTE1IMk9BTXVsS3RfOGdNdXNnY3A1NllmTno3bUdWaU9zSHlBQnpOdngyc0RfWmJSb082VjFPZzYwcEp2YXZ4c1dVWmpvRkVVYnJmNFdvc2RqWVh3bldPemJHMXNyWVpZYzJyWi1ZZ3hzbGwtNjEwYjlyQzRXTHlRQ0k?oc=5","The National","Arab","1779240404000"
"Senate advances vote on blocking Trump’s war in Iran","https://news.google.com/rss/articles/CBMipAFBVV95cUxPbVFBanNTVzJXRUR1d0FSTG9Id1Z3WXJ5akYtUVpzamRhcjEwNER5eXVIRkRaLW5xU05ITEh6d1M1a0F3SWJ6bzV5Vy1DOGkxZVhrZ1VGOV9INHNFSUR1OGwxVzdSbGNGQ2VSS2hDRVlWaFdBdkp2Q0JDdXZKNTlTOUpnRXB2TXN6R3BNdWRrbkVKTGdYa0ZRTEduc0NsbDNyWDA5Yg?oc=5","The Telegraph","UK","1779240300000"
"Gold rises as interest rate fears ease on US–Iran deal optimism","https://news.google.com/rss/articles/CBMipwFBVV95cUxNbUk1OGlic0FLQWFSdFFJZkdXdWNnSzNhV3ctREFlVnlfTWRQLUsxOHJCN1dtMllxUFlGbjh0UmR6eTN5QTFRV0cza0NvUWJJeVNRRjNoeFJ3cV8tcVdac01manNkOEVpc250SElfaVZxRzNzejFVd190VHNsbHVWTmdibXVuSWVJVnFNZzVWMm83dkdreHBFcS1qb2h5cVhJNjM3V3FrRQ?oc=5","Reuters","Global","1779240180000"
"DEAL OR DETONATE: Israel enters HIGHEST level of alert as Trump warns another Iran strike could come fast","https://news.google.com/rss/articles/CBMiVkFVX3lxTFA0dkQwZEU2RVRfTmxGeTY0SEtlU2hRU0l0aE1vMkZ6dWxydDZkR29uYjBKeExWdEltRDkyVlBFeC1yd1BPMjVra1BKOXhBWlJET3pjamN3?oc=5","Fox News","US","1779240159000"
"US CFTC probes spike in oil futures trading before Trump postponed Iran strikes, WSJ reports","https://news.google.com/rss/articles/CBMizAFBVV95cUxNU2lfM3dDd3V3NTRuT0VBUTk0aFR4SlZOX0prRTEtQXlEckwtbVVlZ01jRlo4bWJ6TzlIam85cmdLVGdReXRvd3dsaFZNWDNiNG56cDVrb1l4WEpFdFZKYTM3b3M5MGNYWTJLYS1TNzMyVFRuSnZWMFpvYXhMUG5TOU9WVjZNS002WllvRmQyUkxsWGJCWEpKVE1RMFlTbXNaMUs0bWNDeGxuUUdiWEgwMy1QVDZMRkQ1SklNc0Z1N2ljVUEtRzVBeElQUDk?oc=5","Reuters","Global","1779239940000"
"Ten mines laid by Tehran in Strait, US intelligence says","https://news.google.com/rss/articles/CBMiakFVX3lxTE5La1ZGMmRBZlBEMmRzSzZtVVl4SC00dzBQVkxtekV5b1kzVTlQcF9TVDFBUy13RFJ3dG05dTVwMHFJUm5vMXZObHVRd3Q5eURPY2Z2TmxzMElBb29LVTNkVXlKckQzT01WeXc?oc=5","The Jerusalem Post","Israel","1779239455000"
"US Treasury Secretary pushes for more sanctions on Tehran","https://news.google.com/rss/articles/CBMiakFVX3lxTE0xbW1zbXRxM0hGVi1oTEdjNlgxVGVCVzdsV05FaElQUHdZZVpEM0lZR3ViVmxLbTY0VlRmejNMYlVoaU9hWDg5ZDBEU1FpN2NoOFhrSnZxRC1xZTJ3SEVqQlZwNWN3YmlCRWc?oc=5","The Jerusalem Post","Israel","1779239354000"
"Chinese tankers exit Strait of Hormuz with 4 million barrels of crude oil, data shows","https://news.google.com/rss/articles/CBMiygFBVV95cUxPVXNrRTVhT0c5MGxfUmJneWZOYWpMblUyU2pHRFUzS1czM1ZWaTY5XzVCcHZKUzZnMnBpZ2wydzdSSS1uNExYd21adTY2QlkwODBIUmNpeHBtTG1rblN5dzJOUkxjLVFzYV9xQUctWmxXcWNJTTdNVGpCbnlqYkZTQW5RN084YTU2QklES3VuX21kTUJBR2Y5akFzOFBUd3BEVE5HdkYwdk5wSktsS2pvZHM5QUwtSUhONkNqQ0UweE1fNWN0emdQZTZR?oc=5","Reuters","Global","1779238600000"
"US Senate advances resolution to curb Trump’s power to wage war on Iran","https://news.google.com/rss/articles/CBMisAFBVV95cUxOTUNvM2FQUm1UNlNsdmVjV3FvWjNYNnZBT0d5bGxYNnB1OEFUS08yUlJrSHRRR0VHb0pHdnZhNlhwVGhyd2czMHQxMnFkM1VUbHg3Y3N0bld6eENWM051QVEtMUF0VkVBZnhCVjNBdUtkTGRkVFNZUkRWRm9zSHZaLVUtZG02dmtLXzFyc0VLWjZsNjZWaTY2ekIwUjE4ZlBXOV9DMHZtQ1NOWFBLc1MyU9IBtgFBVV95cUxOVWVlQlBGNGF6aExjd240MlpxZGhQTmp3UlV3MmcwWE1EUkVIcWpJT0EzRml3WXA3OHpSLTBGTXFOaG9vUVpmZXVENVZ6R1MwdW5JTVlaeExHOGRhTUFEelFMWVZ0M2RQc1hDUWxPSUo2Yl8wVGtkdlRqeXQzZzc1dVlLa0lpQ212MVB4T0M0a3RQc1ZHck9lY3BrQ0JWMnFNYzY3bHNHU0R5WG4yVk1XMzM4MmZJZw?oc=5","Al Jazeera","Arab","1779238548000"
"Jesse Watters: Trump has to change the status quo with Iran","https://news.google.com/rss/articles/CBMiVkFVX3lxTE50ZHdIamN3Zml3Tk9mTkJjbVhKWU8zQ1ZEYmZBMnliOWRNclVPb0xDNGxOV3FuMTh2dUsxZnNSaDUtZ01kbVhRbjkxMjJHQWFlUzFrX3Jn?oc=5","Fox News","US","1779238106000"
"Return to war to feature 'many more surprises': Iran FM to US","https://news.google.com/rss/articles/CBMiiwFBVV95cUxNRlI4bjV4c2xZcUpseFZ4b1JqZEdMVmo3OHA2VHQ1al9mN1diX0dWQlRDTElnNlI1dVEzdDV2eXRYUFI2NGkzX0FnRWRPWmpGTk5QbFQ1aS0tekg2eGt1S0k3MUdNQi05MGVkTTZkNGplR0tZT1AwS3BUSEE3UVMxS21MUTQ4M0pxSkFF?oc=5","Press TV","Iran","1779237660000"
"Trump says Iran war will end ‘very quickly’","https://news.google.com/rss/articles/CBMiiwFBVV95cUxPUDdNdlVnM2hyM0NLTG9wcGh2RGVNT3lTSkR4UTBzT0hqRU1lRGtQeGFZVjlOOGd0LVZwRERUWEJuTUhXUm1EZ0JRTElwdEl0T1ZFUEg3YXRfeVRMQU15WE9nR1FRRWpUdU9CcngyNThhUlBjWGxYNGNZWmUtTURWelh3a2RsRHVRWm5J?oc=5","The Independent","UK","1779237540000"
"US Senate advances measure to limit Trump's Iran war powers","https://news.google.com/rss/articles/CBMilgFBVV95cUxNaEozdjZ2ZFVOMUNkVnJ2OTRhenFJeFByc2FKUENfMVFoci1pNW5iZkNBZVFBNmFFdzk0UmlvQWxFV0FxdWJSR2RsTlVJNGlZTUdJSjJUOVhDcnRZbkpPenFhZk5PM2ZXb3ZKdEgxRGNERlJydmZZTUhPNWg2NWF6Z2h4ODRjUkhQWVNsRTVDdTJrR0IwVlHSAZYBQVVfeXFMTWhKM3Y2dmRVTjFDZFZydjk0YXpxSXhQcnNhSlBDXzFRaHItaTVuYmZDQWVRQTZhRXc5NFJpb0FsRVdBcXViUkdkbE5VSTRpWU1HSUoyVDlYQ3J0WW5KT3pxYWZOTzNmV292SnRIMURjREZScnZmWU1ITzVoNjVhemdoeDg0Y1JIUFlTbEU1Q3Uya0dCMFZR?oc=5","DW","Europe","1779237391000"
"US Senate advances measure to limit Trump's Iran war powers","https://news.google.com/rss/articles/CBMilgFBVV95cUxNSUpjYi1BbEh3ZTdmNjdhRklCX1R2MC1mVFc0SVBMd3NxT1VxaHJMbGF2NDZTMzZTUWw2Y0JmYjVzQ3p0RTV5V0ZTNW5idkozRmZNek12TVF0ZVpFU0xxalFkbklmdmpSNGpZeTFOal82WFRMMFNDUExIQU1sZHZTRVhnQ1FYTzBTdkJUaUxtVjhnVlZkQlHSAZYBQVVfeXFMTWhKM3Y2dmRVTjFDZFZydjk0YXpxSXhQcnNhSlBDXzFRaHItaTVuYmZDQWVRQTZhRXc5NFJpb0FsRVdBcXViUkdkbE5VSTRpWU1HSUoyVDlYQ3J0WW5KT3pxYWZOTzNmV292SnRIMURjREZScnZmWU1ITzVoNjVhemdoeDg0Y1JIUFlTbEU1Q3Uya0dCMFZR?oc=5","DW","Europe","1779237225000"
"At White House briefing, Vance says Iran war won’t be 'forever'","https://news.google.com/rss/articles/CBMirgFBVV95cUxPRVIyVmZEWVNiN2xvanpuVWt3TWp1WGIxUDlZLTRTUUZtNFdpWW9rbW9HN2l1SnVLNVcxQlRRa0pkaFBvQlVyVl9PYm1oeXk3QnhXbXlvOHhMQlRKM0g5MDZ4ejlTVmEzdHpnMjU5WnZua2VqcUFtV0pmYzVHdWg4U3ZEdEpVSTlia0xtM0RpZjNnTk5ndXVST0MzWHRHLWZkREZIU2JzZlJYbGNzNmc?oc=5","Reuters","Global","1779236383000"
"Trump says gas prices are ‘peanuts’ compared to Iran getting nukes: ‘You want to see the world exploded?’","https://news.google.com/rss/articles/CBMipgFBVV95cUxNaXUtaEE1THpJc2F2d1BrREcyYk1oS1lNQ0VJUjZ5V1U3cW9pbVF0OUZ5UHZsRnpReEpBUVk1UTRBT0g0ZFJJeExEcTRmbndlMENfYlhKNjlNTVZfazlGRk02MU12eDdrSmQzcjZaX1NkaEp1ekJ2MzdFMVFLaHZUUHNBdXRZQzBjbWxqSXQ2LU05VVFpVV9hUzVBV3ptS1pzU1Z2QmpR?oc=5","New York Post","US","1779236340000"
"Rubio heads to a NATO meeting as European angst over Trump reliability, US troops, Iran grows","https://news.google.com/rss/articles/CBMivwFBVV95cUxPRWJSZW1wYk5fVUJuc0FEZXFfbTlBWUwyMG94c2NZNW1MelVVWXVNYVI1elF5Wl9iZEYwQ3dQM191Q3Rfa1NaUXgxWUs0RTBoWjJIUmtRZC12NDRKMVktNWV2UW55aWs5cmp6aVJFVFI5TzNXNDlkZ0FSQUphcEZ0clNRb0s0TERWQm5adnowQmpJMUhBVUc2SEVmeU1UaTc2YjhtNERLZThfaWdhUFQ4MHNrTlZyb3gtcmFCdk5HMA?oc=5","The Washington Post","US","1779236308000"
"Treasury pushes supermarkets to limit food prices amid Iran war fears","https://news.google.com/rss/articles/CBMiogFBVV95cUxPa2RXckhoRmQzMEJhSU96eGFDNUxVWTBHdFFZVU44a1d3Q2t2QnVmVklfeEh5TU5PbV95ZkY2STRnY2x0enVJS3FnT2Fsakx1Wk5tdHA5ODFCRGpiVEhYaXoteHB1Tm1lZVVWZ2NVZURWa1NXZEllQ3VkWjduNS1hZ1p1ZTZkRDJ6bVE2eDhGWEdFSGtFMEMtc2ZYUG56LUpuRVE?oc=5","The Independent","UK","1779235380000"