headline,link,source,region,published_at
"Trump says U.S. military operation guiding ships out of Hormuz Strait to be paused","https://news.google.com/rss/articles/CBMijgFBVV95cUxNUDMwZ29RUlRkREh0YmVUdFExQldTaGNMNFVmdUVfVDFmNlJOcVNVLWM5d1R1YktpRzlob09KV1FHLWFyZnJzTUt4SjZTZzVETnJ0YU1ZNS1uT0NORFRoblgtdWhualRhT0VGc1hPZjV6NzVaYjBSSkpTMjFiX2pNd3JMRXBCblBKeDNEaXlR?oc=5","Xinhua","China","1778025285000"
"Gold Rises; Trump Pauses ‘Project Freedom’ to See if Iran Deal Can Be Finalized","https://news.google.com/rss/articles/CBMizgFBVV95cUxPYnZkQ3htX3cxN1RNS3JyS0ZaUFd1VDMyajFVY3JWNlNCWExNUlgza2FtSENfaDU4Vk1kb2t5NVJKRGFIeWpiQTFvRFZSdTFyVFFkQlFOV08wdEhlb05ZbktjVmw1dkhrZ1hZWXA1VHpReDI0cGRKNEt2TVhkM2tqUm1ZRlRudGY0Zl9nTFFqcl9UZmVGbXRjUnNrd00tblpTMUVlSVNOdS1zZEhJTkJuQTlMdHUxbEdJR1owR2hvWUx2YXlSVE04dVVaX081UQ?oc=5","The Wall Street Journal","US","1778025060000"
"Trump announces pause on US operation to reopen Strait of Hormuz","https://news.google.com/rss/articles/CBMiqAFBVV95cUxQMWQyLUxOQm1qeGpfYUc4T25yS0w1cFNJWFZuTFBrU2ZEN29IVndZbW9IQllTN0ZYMlRfZkpIVlpKbVBzOGVWYXVMdnY2ZWJDLUVPbmlweS1iY0NiQndhRVBkZ3NvdkdYZU9FalRJcFFJZ2N3RUtyMk5HZ3JYR09nQVo3Nkp0RklZM090VjZfOGJpcy1NMzVkM1ZCa2RBMEVUVGsyQW00Nl8?oc=5","Al Jazeera","Arab","1778024525000"
"Trump Says US to Pause Guiding Ships, Waiting for Iran Deal, More","https://news.google.com/rss/articles/CBMiqgFBVV95cUxQSC1LN1FmN1lRTWdWNTdUbENPRDVEN0VFUTYwdHgteXRrWWNkRmV0VjNPX1RSeGUyQUM3MXU1RTlkMUp1ZmFQVU5FbmJzZDhJdGtzUlctalVjZTBBSkloLWVVRnc2LVZJSHRlZDFPTHhRMlpFSXdHSGhSYW1faVJMUTFjMTFJN2ppNlJIaTB3Qjd0cUZocmVYNDB3eWk2SGxiWDVrd0RNclI3QQ?oc=5","Bloomberg","Global","1778024123000"
"Trump pauses operation to reopen Strait of Hormuz","https://news.google.com/rss/articles/CBMinwFBVV95cUxNRlE0RmQ0NjVURmNubHN6WHp4Y3BkVlBmckpWQ21qZjgtZ3dYZFpvTElRU1NQUTVvM1RnX3JUSzdJMXVMWVB1TDRZdGlWWlVnT2xWVEI4OGpVRlNjdXczb2hDdVpPV1l1a1laNVVDcEZjZlNKVHFUMWhDZU1lZVhOSGEzM0VEb2lGYmtxenJwdXkzMUVtQ2dJWWRRN2laSUk?oc=5","The Independent","UK","1778023860000"
"U.S. Military Establishes Safe Travel Lanes Through Strait Of Hormuz","https://news.google.com/rss/articles/CBMiqAFBVV95cUxOSXRkRlFPWnRoYUZ1enhUS0ZSWDFUR1E0cWcwNE1jcUxfOVNLeXdxSjc1MXBwSGZuWENmcFEtTHp0QUtFaEF3UGt5dS1RWlZQVGZFVXUtZ0M0bXA3SzB5MEZNSDdyQldpUV9ZS0RXZnVuWlNGOExNSXhIV3RETUJlZlhRVVI3c3Z3enhVTjJfODlMaFd1MkF4NkxZbVlCcmhYX2w4RkUwX1M?oc=5","Fox News","US","1778023806000"
"Trump says pausing Hormuz operation in push for Iran deal","https://news.google.com/rss/articles/CBMipwFBVV95cUxQTGNNU2JOcmN4NTlOcXE1VEhjTXhubEw5bDdOVzVXUnlnXzg3dFBLbzVyazNyZ2V1cm5ET0ZRSWZTdEoyWTdWcWpTVkREQkE5eUFXYW85YXlnQWthZDF1UXpFS0hQU3N6VXVzQUNVNDFmUkI5X0pLSlVlWS10TmxyVXpLaWpCZ1dnQWhIUmJUS25tNjFDb2pjRTJoM2FIaGZKSVhDVEhkMA?oc=5","France 24","Europe","1778023620000"
"Rubio says he hopes China talks to Iran about opening the Strait of Hormuz","https://news.google.com/rss/articles/CBMizAFBVV95cUxPTjhFLS1fVlJUSGJ3Y0VKR25LSlJ2R2t3S1BUZnU4R3F6eFhXdUxldDVLR0NFNVdKVnZ1ZENxVGs2ZURxMzhDTk9IM3k5RkMzYm1YRnVEZUpoTHhJWHdMY3pxMnpWRi1IY2tfYlk3X015dV9QNUhwQWExNzczS2VEak5LTFFSb3RGWm5SMlZaRXByS2RjdUR6OW94ZnpaUUpHdFJhZGJKZ0tTQ1p3aS11cEEwd2VqbGk0ek93X2o0eW4zUWF6SERsUXUxeU0?oc=5","Associated Press","Global","1778023200000"
"Trump advisers step up their calls on China to help open Strait of Hormuz ahead of Beijing summit","https://news.google.com/rss/articles/CBMijwFBVV95cUxOb01PalUtaGktcW9WYmtkbWpoR2VrU243djl1UzUtZk1IbERhVkRvT3NmaThYc1oxMFlKN1cxUHF1NEhvWXhUV1VkR3ppdFRTbTZlYWhwU3YzZlViWnBOekVsbTlQelUwd0UxdGlPa3VyYjQydXpYc2VlX2k5UmJwUTFBd1p5OVpPaGZtS3VLcw?oc=5","Associated Press","Global","1778023200000"
"Iran warns UAE: Refrain from aligning with aggressors","https://news.google.com/rss/articles/CBMihAFBVV95cUxOdDlLYmdnRVBZa1ZmcjFGV1pKQ2taNTU4MXVidVNtNEJrVE1TbVY4OEF5N3FHdFFiM2R3cGZybkFZRlNBanZuaktadHlOa2QwWmhYNEdOdzRYeC0xeTN6YV9wVERiRHFxRjdJUGJOV3dtUHZRSk56eG5PS2R6QzBXSlpTZmQ?oc=5","Press TV","Iran","1778023140000"
"Iran war: Will tensions escalate in the Strait of Hormuz? - DW.com","https://news.google.com/rss/articles/CBMitwFBVV95cUxPOGRNYWN5S0R5Y1lLMDF6M2xDOGJ6Y2dZbEI0UlJlVTB5Q3FQOG1ab21TMmhkR2ZnOVRDZl9DUXdKbUYwSHFMeE9NQnFwNnA0SHl2aV9fSl91ckQyZzFQbGdrVHJjQm4zc1pLZ25MVW9GWjJscXNqZXpQdFhNMUhZRlZHYlc3dHJJVFJRZ3REUDk5NG1Zc0lDLXd6dThPTGxxWWYxeC1UMnRRNTNiWUkyZ1Z2NGFKR1U?oc=5","DW","Europe","1778023008000"
"Claiming ‘great progress’ in Iran talks, Trump says US pausing naval escorts in Hormuz","https://news.google.com/rss/articles/CBMiyAFBVV95cUxNZHdhdTJTUEVZWVB2SmVJb0lIV21yYTdheVkxSXF3MUNrMUZjaThuUXM3QmJCWndWRklQbzV2blQtcm53U2lJU3dhaVJUZkppaVM5NjI3R05vOUxXb19WeDVTbTNKNk1uMXk1Qmx3ZXZqMk9PSE5WM0dJTU5abmw4VDc3WlhwZmMxblBLbi1ZSU5zWjBWb1g4TF92SWRiS0M5MFJzbEZyYWNtbmdLTkN2S0g5TXlldkF2V1VsVGVIS1lZZWpNOEVIZg?oc=5","The Times of Israel","Israel","1778022780000"
"Trump says operation to reopen Strait of Hormuz will be 'paused'","https://news.google.com/rss/articles/CBMirwFBVV95cUxPRThBWWVHdGdiN3dET0g1cHdKeTM1QmZsVjBDY3BPMUVzY2lpWDZUSlVwYnNfck94d3BnMnNNNEh6SHdoV2o0WmJzY0ZybUZCSFBJd3g5T1ZsYmpHX1hMYThTWGZkVlBiODQ4YlRMNUxadzZOcjctb2tMaEZKbzlEbmExY0hGSmV2Nm9VekJ4ekxTSENfY3g3YWZQQ3VfeVFsVUpQelFLQkZhcmhCTEtn?oc=5","Reuters","Global","1778022704000"
"Trump pauses ‘Project Freedom’ initiative in Strait of Hormuz — teases ‘great progress’ in Iran talks","https://news.google.com/rss/articles/CBMizwFBVV95cUxNc2xnMVJJd2s4OVVXWi04Z2duR0NTSjJEZzZOWFNmMFY3bEdsYUhJSVlKeWNoQk9zU0VDM0tyV3NtOVR6aTVjTmFYemtIR2lTaGJBa2ViR2xMWkx5X0dnbWRIa1p1QjU0LWdFU1FPbk13TzkzeEc1ZVJKQS1JY0tHRE94S01yalNPVHZuay1HY0tRd0czbHdDcU1aWEo1ZVhxTUR5M1lFTE16eHp1WmIzX29sM08weVBqbXpHTkh4Z3kzYWl5SWx5Q3VHeDg4UTA?oc=5","New York Post","US","1778022600000"
"Donald Trump says ‘great progress’ made on US-Iran deal","https://news.google.com/rss/articles/CBMiX0FVX3lxTE5ua1hUMEhod01ReHoyUUMyNTY1bFd6aWlfMXN1U0JaU3lIR2FSX1FzUW5FR3B5NFVZdE1mTnRqNEZ6UHZocGo4b2Rxd0VTQm53N2tuV3NCazdlTTdwYnBZ?oc=5","The Jerusalem Post","Israel","1778022536000"
"UK government must act on Iran war impact, retailers warn","https://news.google.com/rss/articles/CBMitAFBVV95cUxNZTVyTXJ2NG8xRHpHVTZtdmgwT2RLZXYwd21PVTRTbE1YN1V3OGtwOWFTM2lYUHBJWkNiQkRaNzR2YVFETG51UnFTVk1zdkhUTlFLd3VLVGozQmgwRzktSTZHSGZhM3FFMDV6SXZUZWRFZ2ZDZC1ONGV3V0tVejBuMzVFZ1BkMjdqTERTX2dGM25MVEdmeU9pOEJrMFl1YmVjWkJPbUxnM3VuUnJ0b0tWa3RPVG4?oc=5","Reuters","Global","1778022343000"
"Trump suspends Hormuz operation, claims progress on Iran deal","https://news.google.com/rss/articles/CBMifEFVX3lxTE1WZjE3VlUyTG0weHZjd0h2N1E0ZlJWb0duNkdneHJLbVN0SlRiVDhVVWEzc1kyS2o5ME9ZTHB4SHVhRHpPd3FVaGJSM2lWOHpMM29PZXpucmNzUmdEcS1OODV5UmdxT3lveXU3by1JdTJUbGh6a2VEYklDTUQ?oc=5","Axios","US","1778022272000"
"Rubio: US offensive against Iran ‘has concluded,’ goals of campaign were achieved","https://news.google.com/rss/articles/CBMiYEFVX3lxTE5TMVhoRHdSOVhUbXJQeGZoNnA1WXRMTUNqQnlFdFNBektXaEdMdnBBcVJ0X1JVUDhTV0xRM1F1cUhIdTFMdFQxMG9iNWt1Vzc2ZnNtNWJUYW1QNkdPbGYtTdIBZkFVX3lxTFBlVS1DUXhUZ055aXdJeU5iMmZqN3VtbGJHUV9IWERiTE9KUVZqOGZ3aWs3NkxwTGFkYlRGS0lEY3loQnRfYkZaNGJTeS1rUHdiRmNKN2txLXprcmgtMTVLckNuaE1PUQ?oc=5","The Times of Israel","Israel","1778021940000"
"Rubio: Iran combat operation launched in Feb. is over. Here’s what we know","https://news.google.com/rss/articles/CBMimgFBVV95cUxNd1JseTJrQmt3aXh2Q0c4c0VoTFRZWmd5Uk9aQngwOFVQSDdvMDN2dEpFc0Z3ME5aLTFRT2EtUHptcUpaeXJTUjZKSzFYS3o1YUlHSkNEQ0Q0b2gyVDVjWGlvc09XXzVuMVk3dzBTUlRiVnR5cjhmODJNUzRTYkVqNFlYcjFCbHA3NEJ3RUZCbDB3SnVLZEp2ZlB3?oc=5","CNN","US","1778021400000"
"Oil production won’t return to normal until after Midterm Elections — no matter when Iran war ends, new analysis says","https://news.google.com/rss/articles/CBMixAFBVV95cUxQbGw0VnZFdlp4Z0FkdHJtYjhnbjE1THlmQUhNTDFFNi1iX3ZIeDgzSWpGZVJmRFpnZXh5OUhRd0FTeE1lem1TVzZwc3RzcmpCMEI2c0RxQ015VVU0RzJvUVE4R3pfTGxiYkJpRXZESllocUJzdWNKZ2FxUlBvcU1ELVhEcm55N05sYVUybC02MVhrMkV5UXZqUDExanFxd0hKZWdseXI3dFpZRzdlNV9USmgxS0xQUmhXVzdUenp4ZFB0N2Fx?oc=5","New York Post","US","1778021280000"
"CS Anthem chemical tanker was second US-flagged vessel to exit Strait of Hormuz","https://news.google.com/rss/articles/CBMiakFVX3lxTE1DWUdHbjMxa1ZsWVpXMTZzaXZqT19neFVpTnJERDZtdmFUX2RUVi1vWkc4M1FERk5NTWd5ZVF0VXE3SnBZMHd4T2NUUmNRX3Mwa1JNd20tQ3RfXzVzZE9kbk1rdmJxM0otamc?oc=5","The Jerusalem Post","Israel","1778021212000"
"Iran threatens Hormuz shipping, as Trump said to shelve strikes amid diplomacy","https://news.google.com/rss/articles/CBMirAFBVV95cUxOMkZEekZJRnlUc3Z4czNKYkN6b25QeHFGX2lDUXRvdVg1c3IyYkZzS01xenIyOTR1RFJQWWFFbktVZEdtY0FjTVRvR0ZuaUhWakxHU0xrN3hqSFJQOUxMN1FuSHV0YUFVenhVVXBzbUhldWpMd2RNem9PSW50RDhrX0pZM1dhOTdiMmE4WFdVM0Fqa0ZMLVg1N3laWi0yRXdhWWpsMF91RzA2Sm5Q0gGyAUFVX3lxTFBUM0dYLVhwdjdBRndoU0N0X0k0UXlMWE43eWtNM0d0Q0NPWmlKM0ZiY2pfRVBwUEhfN3c4TERiZ2h1eVZjVkZ5elpfT3I2M3REWV9SMHY1S05wNm9CcHF1WjQ1eTZramhDU1VhaHpnVWhrV29NS0txYXRXUTlnWi00Mm1QV1MzaldRcEtQQWdqbmhySWNVS0QtMnJGTnJYVW5JSHJrcE41SzFiSzQyaWJhMFE?oc=5","The Times of Israel","Israel","1778021100000"
"Iran war: Operation Epic Fury is 'over,' Rubio says","https://news.google.com/rss/articles/CBMiiwFBVV95cUxONlM4RUQya1A1dk9yVS1QSHdHSWQ2WFhqNTNkZlRUZWJIYWwyM0g5OTBudU9fMWZsVmItN1ZTQUdJYnlpRXI1cmVEX1E2bllMcWhVbFdDTjlRVmc5dTFqcGxySEtVcHlUT0NTUVVqcTB6c2F1X180MFM3b09LdGdMbTl6WGFEVDBaR1B3?oc=5","DW","Europe","1778020887000"
"Israel and US preparing renewed airstrikes on Iran’s infrastructure: report","https://news.google.com/rss/articles/CBMitgFBVV95cUxQb3UwY0VHSllmNXlvaGREcjhqRkN5NDlRZG1IY3pRekR5TUlzUGlSMmYwbDV3S1c4QzRIMGVBbzJIVU5wd29FcnhndExUdHRCZ2JmNDA3NlZZYlA5Y2NTMVZkTDN1Q09MTzU1QjFmY04yR2p2WWVVTnpWUlF2cjRaRlpFR1dWU0lSOGw3V3gwM2M3bldSSEJZV1dBQXJpRDFrcl8zQXdneGMxWklhYzR2ZDJPbUdfdw?oc=5","New York Post","US","1778020860000"
"UAE says Netanyahu among world leaders who phoned Emirati leader to condemn Iranian attacks","https://news.google.com/rss/articles/CBMi0wFBVV95cUxNZ2Y4V19wRV9zXzF6SkdqSWVpaWRIMlBRZlJ5cEpEdnVRNmdObmNOVnI3bXlPZWs0YzJ4cXVTSnJfbmpzY25SSVMxaFdNNFpLQk9YWDJabWhGdFZLSWNSMlJGTGl0UzZwb3FQRHBrZF9GU3E3YzZCd3BfLXB2NjZmRWIwYU1wM0tyYktKb3JfYm5TQktuSi1hU1ppY05aVXlpY1NTVlNqbU92dDh4MUpETFBwTUNJUDhfWjVaZGVjRGptMTdUUEJLeFBLenZuX3RqZng0?oc=5","The Times of Israel","Israel","1778020800000"
"Rubio says US military has completed offensive operations in Iran","https://news.google.com/rss/articles/CBMitAFBVV95cUxQS1hfRndJTnBod2hZNENLcHRlZDJ3UkluMU5fZnhEMldfU2p3bGRLdHlGWTd0eEJiS1RIOGF5NGxlUnpsajRhN05kZjczMzlsMk4wcTRORS1LbjZvUkV3UkxkNEFxd2tKbEJCdUFxQW5YQ0s0eTBaYWdEYXltU2Vlb1RmbXl0cnVkT3FMTWh5VnpyQnlpRFljRkt3OHR0d3lZdURNcF9yR2VfZE1mTFMwVDJFakk?oc=5","France 24","Europe","1778020740000"
"Project Freedom' takes hold with 11 ships transiting Strait of Hormuz as Trump refuses to telegraph his redline on Iran","https://news.google.com/rss/articles/CBMi8gFBVV95cUxQQkRocnZ6Y1ZmSlZqSU1hNEt0OEVycDJwc3JtRnpjOEI3dXlSd2oyWTVNMmFHb3loRktCMmtUa1ZnLW9OUjBwSTBnQk1RblJENUsta2NUbGlDcXRYY0FmZVlNaFdVVjJKQUhsRnFXdFRDT1ZDTWhWMzZSZTlPc0JDUldTb0xmcXE5RUhuQ21kN1JIeTByNFB6RVFjTXpNMFd3dFN3M0c5VHVaZnB3RFVNbFFZcFJjTG5tblR3Q3ZEVVdEaDIzZ2VYMjZWV2dIQkhfSHVNU21JcUQ3UlFCU0pZdXBwcFQtWXY3RFZ4eGplRThhdw?oc=5","New York Post","US","1778020500000"
"Occidental trims production outlook as Iran war weighs on operations","https://news.google.com/rss/articles/CBMivAFBVV95cUxQM3MzREJNRndQbjduWkdOM24xQmctMWwtRWxBNnBUbjBlV1RTeC1mX0xsRGs1R2ZiTFUzTTl6aHVCWmd2TnlpZHlpT2JjSlhIbVNhOE5uV0V6a2l5X3d2LXJsZjB1a0VKUjhLU00tOTk2UUpzbzZlX3VzNmQ4aGVfOC15YnpGWlZzX1V1X1dTQVdNVC1OOG9ucld4UndERGVnaFhaQ2QzcV9CdEg3YUZEbU9MM2xtaFZweW1ZRQ?oc=5","Reuters","Global","1778020241000"
"Trump presses Iran to 'wave white flag'","https://news.google.com/rss/articles/CBMif0FVX3lxTE8yNUwtMG1ZenJRSDhUQTc5VGk2NFREcWlVems2a1R0dS14cHZZclBxeFE3R0pPbTlWeG1oVFJDeldoVVZUSjNsUUxoUk54LTV0ZnhfYkNhVnEyY3hRNHJNbS03LVNWTXZPQXJfVzNkTjMyd2NxclJJNE5zTXlYTWfSAYcBQVVfeXFMUF8wQ01zUDZaanVZVVZVU0ptZjctYUk3MUJfLWc1NjZYN3pwem4taWJyejAzQWY2S2JOeTNLbl9Dc0lpcmhVdmJXbVdVVTFpbWFTektiYVVJM2J4M1oxdWVGaFRCMEhCMTBINXJJZDZocThkWVlXSkhmeTJNSjN0YWRSNHFTdTNR?oc=5","The Express Tribune","Pakistan","1778019892000"
"Offensive stage of Iran war is over, US Secretary of State Rubio says","https://news.google.com/rss/articles/CBMiWkFVX3lxTE1Jd2hoRlNObjFkbDZuR2FRMDRUSVZGR05GYkRjTjdYd25yZUZjSmRiUDVvM2F0ejJtZHBIVFo5d2FUNm05bjJJWGdrYm9maFV2clFPS0RjV3M0QQ?oc=5","BBC","Global","1778019464000"
"Dana Perino: Iran seems to have an ‘incredible death wish’","https://news.google.com/rss/articles/CBMiVkFVX3lxTE5PR2k2RENMWkRsTEVyUlF5aDZ4bktVcXBwd3cxWVF4ZXJtX2s0cm1VOG9VWXBoWVpOVUQyaDU1OXIzLUltWGVUSGpERjQySXl0UlAyeGd3?oc=5","Fox News","US","1778019282000"
"Trump talks about Iran War with kids in Oval Office","https://news.google.com/rss/articles/CBMirgFBVV95cUxOdW1JS1NWLXJVR05WbFJNLXdWSzlQY29OdVF4dDBDUzV2Y09naTZUdkpnWURpM21NWHBGbkZjbGdCa2hSSWVKYmZSUzFyd1h4Y3VoSTBtN3B5NkozbzNEYU9qbmhJeXZsa3ZHNE1aZ25UdVdmVjJlakU3QVhlMUcwXzFEcWNoR3hkcXZuYnpDVVlPbjB4MC1iczUwN3FBai12T0NYMHRmQXE2RzBjVmc?oc=5","CNN","US","1778018820000"
"May 5: Iran activates new Strait of Hormuz transit system as US blockade ends in failure","https://news.google.com/rss/articles/CBMi1AFBVV95cUxPdlZfdnExeDBUUzRSd1VsN1VOZjlFeVZjd0J2VzdDZ2FUVk9BQWxzeWtjdG9FLWdTejJISFo1bGtHYzY5Z09WbzdQWU5ZNWJvZjNuWk53Z1N6d085cHdBYW5jdm9iTng0OE5fS1UtVGJSaXJFZDNiajhYY19Ga2NqX2Vsak5uQnpLOG9FanFDZTl3azRUcVpneHpURnNCS19SUFpfSWNfT29HM1R3NENHNW5NdUVZVlEzemZDV01CMUJxRlZuc2VCeWZURFdwTW5HandIZQ?oc=5","Press TV","Iran","1778018760000"
"Oil Holds Decline as US Says Offensive Phase of Iran War Is Over","https://news.google.com/rss/articles/CBMinAFBVV95cUxQZFZRTGEtRmxKUmZtRHcxVkdjYVhtMW1QY2Q1R2NvVXhJcENxYTV2amYzU25xaEJ1YWduSThnMzMtbXRzMjYyQ1gyeEVlZzc0YkpqZm0wXzVnTE9TR0taX3pudklTQzhBM2p4QkgtUHNSQndEc013YXQybUhXclJ6aEM4MTNhRkkzR3QwRjdVUlJKeEFoLTBZejE0NDA?oc=5","Bloomberg","Global","1778018565000"
"Update: At least 3 killed, 26 wounded in huge fire at shopping center near Iran's capital","https://news.google.com/rss/articles/CBMifEFVX3lxTE5WdUd5d0RCcDEwMTk2TTZvVE9DcnFJUnh2MkoxZ2ZFdUgzTG9DTEdOMmd0SmR1U042OXBzcVhCLVBPYThmLUNDblkwM01uTWd1YVJoa3B0WXFjN0NUVElRVGlRSmJ4YWhCcGVhVndUakFLcEZ6cVJyV0VTYTQ?oc=5","Xinhua","China","1778018265000"
"Rubio insists US is ‘very fortunate’ as Iran war pushes gas price near $4.50","https://news.google.com/rss/articles/CBMigAFBVV95cUxPcVJFc1VWdFhKeXdUSFdHTGtFeG50ZFRVYTJNUmtXclBSUzZJUmZRVXVJV1M2eXQ1bkZnR0ttM092VGQ0ZWJ5ckNhR3d5TDAzY3J1U3M5bWxqTU02SEt3NGNmUF91LUNrd185MVV6MFF0eE1sMGJKY2V2NnVEdUkwag?oc=5","The Guardian","UK","1778018100000"
"Rubio says U.S. military campaign against Iran is ""over""","https://news.google.com/rss/articles/CBMifEFVX3lxTE53RTNJeHhsWHdnWGtoZWJZQmFYVXRMOWdiYktPNFVOWFZ1M2JrQzdYOE4zbm1ma2hRRmVjUXZSTE90QktxOUJVc1VfUkw5aDgwaG1YZ0QxV2VWOWdTMlZWRVF4Ri15dWhscTRpM2JMWnpHOGpXZ3U4aVlfRUY?oc=5","Xinhua","China","1778017140000"
"US, Bahrain push UN-backed action for Hormuz as Washington seeks maritime coalition","https://news.google.com/rss/articles/CBMiXEFVX3lxTE1NaEdHTnpXOUVRY3kzODBCSUllRmRJWFVaQ1pCQzZpTDRBbXlpak9aMFFVMXNYWDg0cGFZY0xtTENpYnU2OGhNV25WeVZqekEtaERPU21tS181V1Bs?oc=5","The Jerusalem Post","Israel","1778017019000"
"Top Iran Official to Visit Beijing as US Downplays Clashes","https://news.google.com/rss/articles/CBMisgFBVV95cUxOSkNJM01OOGNZZmViaDdMTzRyU25tT0dqSVdWM1hvcndUR2QtdFU4MHRNejNBLVRuQWZGdEk4ZzZJcDRVZHF6VTJWNE94MjRJLVBqY3pjbGN2MmtaX0NNeTBfbDlGSnJBdzZwRzh3Ni1KR3RYYU1ocnA4dk9ydW95YnZibXc0RXVlc1F0SGI3emJHUTRxSWFNREliZnFTZk5uN2s2TG9OeVBOV2kzeUpwUlNB?oc=5","Bloomberg","Global","1778016909000"
"NATO, European allies have not shown ‘commitment’ to help secure Strait of Hormuz, Medal of Honor recipient says","https://news.google.com/rss/articles/CBMiVkFVX3lxTFBIVVBGQnBPZWFRSF9rT2lXUGNFYkllQ1Zvb1ZuM1l0Sm02Mk0zRTE0VlNzdWVDVl8wVGZkWmhDaFZCMnpaOVZsUGJfT0g5Tzh6aXZIcFVn?oc=5","Fox News","US","1778016789000"
"CS Anthem chemical tanker becomes second US-flagged vessel to exit Strait of Hormuz","https://news.google.com/rss/articles/CBMiywFBVV95cUxNSDVQeC1WUkRic0xoSVdVTVdnbG9ISDQxWTFyZVdWSDlZUjhkQTJaNzJ0R0pEX2FITFdYcENCNXFpNnpmQUItTWpTUktSZU82V3ptRm9ma2l3RW1GWVAtaEI2Vm5WZGdPMXllZGM2VnRaN2drRjh2RlJ5Z0lNODdHSEtaR2ZfdG1OMXA0OGVaUUpYZGI0SWM0WGRmOTJPWk1na0JZV1dld0dqVEUxSXlHUXJRazV0bDVYXzdnNE1HLTkwc1djb0lrMjBxdw?oc=5","Reuters","Global","1778016677000"
"Iran will never submit to coercion; threats, bullying to lead nowhere: President","https://news.google.com/rss/articles/CBMimgFBVV95cUxPZHFzYWFlMnFjbkUzYjZnTHMwQ3JLVWJaeEx2R19CNUQtVURpanp0emJ0WTBDTDdLMUJKOFZzNHJVTS1rbG41M1ktakYxcUxvNElOM05mNEV4NjNRWEJxVmtzRU9UQlVrNVMyS24xU1d3M29xMGZEdzZPUUtyYzZHeXBoWTh2cU9aSFhZNHJ0NDNVMkhqa18xT1N3?oc=5","Press TV","Iran","1778016660000"
"Rubio says Iran war ‘has concluded,’ insists US accomplished its operational aims","https://news.google.com/rss/articles/CBMiwgFBVV95cUxPSk5YZFJrenJseTYtNFI2cE5PMHpDRGFyamF6S0NmYWZRQllpbnhFckdZU3R4eWVkdXpxOGVJbjBkcFhoUjVBR1ZWQ2NVTVA1Q2paVklXWkM2UHJpZTA4clJXWmRLRVdfZVdWcV80T09uVkI3RUlNbEhMNFU1OHR6SU9seVJmZERiU3VBWTB1NFI3ZzJ1SVA4cmxyUThCS1phN0JLWDdIZnZmMGc1UjFHZGFVc2lYSk9iQ1FRTWJpckhSUQ?oc=5","The Times of Israel","Israel","1778016465000"
"U.S. Says Cease-Fire With Iran Is Holding, Despite Attacks","https://news.google.com/rss/articles/CBMiigFBVV95cUxPMWhNSHVpUHB5dWxmTUgzSmJLUWFUdlVCOTZNaG9PSExQM1B6Q2t3S1o3LTY3WkhUQVBDU3U3VWtLVXRCa1Q3b3JubmxJVW5GaG9VX1VIX3BCTXBfVFFEUkY0M3FnZGhlLVlRQmVTclBPTk9IREg0YVVBVFhXZG5FMEdTWnlLQkU5bXc?oc=5","The New York Times","US","1778016369000"
"US, Bahrain push UN-backed action for Hormuz","https://news.google.com/rss/articles/CBMihwFBVV95cUxORXYwYUtXRk1sZmgzOEZ3R2xLS1JCUzJ6a0pidDFCQkhqdlpYUmhHUmN5WDVnOHl3LWRJV0FzQ3JVMFV0ZV95T25uN3pBTC02VWQzZkV3WkhIMW9nWnVyU3ZSbjhsWjA5ZFB6T1VrNzE4akNPVk5CSGl4dDNEeWlCLUNJMWx5Q1XSAY8BQVVfeXFMTk9QQnRVa0pDWUQzWHl1emdScnQ1UFZPNU01X3lMQi04VFZVckQ3YklzSDExM2hseTF2Um9HRTZfZVc0Y29ZdnA5ZW5aRTRkQUJMbW9sSUh3RlRCcF8xUmduUVUzVXk5T2RDNm9fVkJlX3FCUXo3ZnBUODRiNzZaTnhtZDhoc0pDanBWREpHcDQ?oc=5","The Express Tribune","Pakistan","1778016337000"
"Goal of ‘Project Freedom’ is to rescue 23,000 stranded sailors in the Hormuz Strait: Rubio","https://news.google.com/rss/articles/CBMivAFBVV95cUxPUlVocVlmeUlsX0dlNktlVUxoaUdIQi1aLVF1ZTc2aWFSWlFpZ0NsaGREMnhib0N6RVhvT3p1bU93R0JBTFl1UnF2NURwRXVHOTd0aEVJd1Q0Z2pFa3NOSXJUMVN3N1A3YmZsMUkzbGZES29yWFkyOS1NTlRDT01jejlxV1R5MTNrMElzYmZNZ1FxNmpxWHJPeU4tX1BBUkc4OFppWDN6VndrVEVXWjZXYjlJdDZCZ2RCQXVCeg?oc=5","Dawn","Pakistan","1778016313000"
"CENTCOM: ‘Safe path’ through Hormuz is US priority in ‘Project Freedom’","https://news.google.com/rss/articles/CBMirAFBVV95cUxNNmpBaXFLWTVXUjhUQUJyeHdfcjJWb0I2X05qVE9qY2JpcnFTR3NZdEZLc2RtOHJWQlBwYWN1OWJOakFZSkkydFlvNjZkOXpnXzluSVlpUC02eWtvUnlzTEwtUldnOU96ZFZQUEJCMTdOcWo0R2N3NGdTd3NRQ3QzMlp1LTI3djBSYV9YZUFZUlpUY0lMRXZ0WHdUd3BWNDJ0QnhVZjBYekhZUUxm0gGyAUFVX3lxTE1KN3lDS2Zhb3R6YzczRmxqNnlSd1hLNE9CMGtxVjlkaUJPUmM5a2kyTDRTOHJ0X3o5Q2xTYWRLaTZDTzYxb0pkQTEydDJCOGRnX254OWVnTzZYX3dkaG84OXZpRkVQM1IyS0w4OE1oVzB4Z3VkTmViTUlVLTFVUmhpZ1VLS1dSSFA2LS1KRUU5NGt1ODF0R1hNcU5la292aFNpLTBqblF4RlNzTkc0N0ZDS1E?oc=5","Al Jazeera","Arab","1778016150000"
"US would continue to defend freedom of navigation in Strait of Hormuz: Rubio","https://news.google.com/rss/articles/CBMirgFBVV95cUxQS2Rod1JtYnNxMlRlTkpQb2xMTE8xaW5WM01GTFlzWHMtODQwVjVRVWpuZnZ4TU12UUNBMG5RNHVPeWRUaEtxOERoMmNGQXk3NUhMMVFUTXIxV1dMNDZDank3czhlYXFRUkxDOC1DVVBubjVMWG5WTVEtZTR0VGNtbkp3aWJCZm9LcEQwelBTWDVRQk5QVFY1VUNCMmhwUDkxRWFzcmZvRF9HX01LaFE?oc=5","Dawn","Pakistan","1778016094000"
"Pentagon Says Iran Attacks ‘Below the Threshold’ of Restarting War","https://news.google.com/rss/articles/CBMi1wFBVV95cUxPVlZMMUFSbVhINEJhelAxMTJDVGtXVVQxeW5wMy1kX3pFTlBoNW44bUcwbDN2LTZyM0NWY19fLXZRa3RBRnZQcmJGWnlCaWNtRndxQ0FUTVRmUFRxbFV5R2VtTnFvTGJpV1poR3BOQkZhODVWWDNYVkl5M3hoOXhvZ1czZVY1XzJ6cnV4dGNzMERBMjJTQmtDQnZQQjNLcTNwclZYczRHel83QUtuQk1MMTRMY1hnM2xCaGQ4RFdXNERmck5UcHd1dUE0al9QbzR4eVkxYkstVQ?oc=5","The Wall Street Journal","US","1778016000000"
"Gasoline costs 50% more in the US than it did before the Iran war","https://news.google.com/rss/articles/CBMinwFBVV95cUxQWXZHM2N5Y2RUeWhMeHFkT1pIcEo4ZURYMFh6SmtBdElkNENKMmlfQk10SDdrX1hOWUpYbkMzRzZIeE5tV1FpalU1a25iUmM2WGtyX2lnNV9vN3JTdkxQTU1ERjFkd2o0WE1nblNxSzEwSU5JVVVLaVJhdXBxdmhDMDN0STlPemlLa3Q0WEZJUU1RWlJsSUd6NUV6OGtxV0k?oc=5","Associated Press","Global","1778015940000"
"Iran warns US after Strait of Hormuz attacks","https://news.google.com/rss/articles/CBMiWkFVX3lxTE5IRXNhRmFBak1Yd1ZnQ2dNN3hkRkEzVHVnU0dKdzZqTGVCTm9mVTFRZnJSVmp2em9sZXRFTFVqd05RLWpHUTM4ampsZHBwbkFXNGFRVHVfU0R1Zw?oc=5","BBC","Global","1778015876000"
"US Says Offensive Phase of Iran War Over as Ship Hit in Strait","https://news.google.com/rss/articles/CBMiswFBVV95cUxPeTF5UmRfaHBzSTV3U2VUOFVhX3pDbEhEeVpOWjZPbzVlUW5mVFJaR1N6Wno3SzFJbHpGMURkX3VqNVlpcGNLMUFwSnk3VjVFblZIVUJOTlZ6ajRtd3hLTmNLSFcwbExhM0RpWXlDYUtSbUUxZUVXcG1obGNJYWc0ZTQ5aVRjZEdTaU81Q2gtS0NIVkpjYzh1c1RLWnkyTi1fX1JIa1pJaUMwRE1zdWE5Sm53cw?oc=5","Bloomberg","Global","1778015320000"
"US to Ask UN For Backup Against Iran, Says Ceasefire Is Intact","https://news.google.com/rss/articles/CBMirgFBVV95cUxNV0cwcXhXazhFZ2pVbGZrem8xMHdVLWNYVDhsUE5hY2RXVktzcHFOZEw0c2VaaXVDcXpjamkzV2tVTEMySzV1ZmZ6WFpwRnBmWnBKeEJ3aEJEVDFFQUpYQnZVQms3aXI3WDBiX1AzeVB4ZzBYdEhGcUhUanlqb1BUM19RZDJHWmJwakMtYTB3ZUIzMHIzOUZ4S21NNG1DU3UyTUQ3TXV0NWdlUXFuanc?oc=5","Bloomberg","Global","1778015019000"
"US Army says ‘Project Freedom’ in blockaded Hormuz has ‘just begun’","https://news.google.com/rss/articles/CBMihgFBVV95cUxOSVdxZFJxM0xhLWlmaE41LWNNQ0hEYnRBUjdCOHZfQVcwRzdJaW9WTnp4REd6VTFjOHF2dEFSZGQ0QlFRQTlZUGVROHlpNlE0QU5NQ1VQNDJPb0VjOHdYcEpGV2kzQklDQV90VGZxNTlyYXVzZ1lBWEg4eWRxb2NFcWg4bnJnQdIBiwFBVV95cUxNbi1RUDltc0tsSFd5TEFxcUVZdEhISVdCYUJzczdIR1lsWWJRVl9wdkdjUmJBSkJickE2SmJuQlNVOUpCQW5yVmpQWnFJUWM0ZHBCNHZCNzZkV0I5ZVBINmVoZ01HOFg5ZkxtT181cXdKNEdBanFHWFlCNmVlWVBRNHYtdEtPMU9iOS04?oc=5","Al Jazeera","Arab","1778014012000"
"Sec. Rubio: Iran Leadership is ""Insane in the Brain""","https://news.google.com/rss/articles/CBMisAFBVV95cUxNeVROWjRJZVZLa2NvMFNGZE5hT21vQ3J3bVp3OWZPYVBEcXpkOGVDaTlycEhHZ0FVd0xsM08tczBmeUZLR1JqTlVhOUtnNndiWWJwWlBPc0ZSTGw1bnR6aVRKR0F6cHR5bnN3dHdmTlhnUkZ0aDRldmJQazVuNTVuV0RLbkpKdDdTT1BJMEpJVmhITGFOTWFnc2prYndQZ1UxSGVJU3JUZWR6NWRLM1JfZg?oc=5","The Wall Street Journal","US","1778013951000"
"Rubio says 10 civilian sailors have died in Strait of Hormuz","https://news.google.com/rss/articles/CBMiZ0FVX3lxTFAwaUdaSVIxQ1VRSDJpVlplSnBMUWR6d1gxeDA0bHBvUHhZRTNFMkhkWE9BdDNoQ2FJVnhhVkU1clFoaUpBdDJrdU8zNXF5S0tEOXQ2dzZVTlloZ0g0RnJvNVMycGNWOVk?oc=5","Reuters","Global","1778013640000"
"Outdated Indian cargo ship fire footage misrepresented as Hormuz strike","https://news.google.com/rss/articles/CBMiWEFVX3lxTE1XMXJSSlFacWFwaHRocEJYUnpnOExpLUhnWWFLQnBISGh3cmFNeEVWLVBwcHctYjBMVHNSdGktS2paQ1ZLOTRxcldHUTlQeXF4bmdSWVNIVWU?oc=5","AFP","Global","1778013294000"
"Secretary Rubio: The Iranian regime cannot dictate who uses the Strait of Hormuz","https://news.google.com/rss/articles/CBMiVkFVX3lxTE5uWTBUNC14MVc2anNPMFlqV3FSNVdMU1VZWXRMTXAzNmZRUjZRaXdUekxNOUdzcnpXQkNzUzdEQzBqWlRybmd3c2wyNWxPQjQtQnMxM2RB?oc=5","Fox News","US","1778013049000"
"Rubio: Iran should NOT test the will of President Trump","https://news.google.com/rss/articles/CBMiVkFVX3lxTE1kRW5nSW9pRU85Z3hEeXNWY054UEJaMGxySzcySGhrOU1LdzA3WThwd1oyRXlVaTA5eUJ0dGVtRWZOQTE1Q1NSYU95U01UZktORWdiQjhB?oc=5","Fox News","US","1778012723000"
"Urgent: Rubio says U.S. military campaign against Iran is ""over""","https://news.google.com/rss/articles/CBMifEFVX3lxTE1CQjRUOUdQY3VTWXhSU3BLSUlqSlJPS1cyRVYxRXAtc1QxVXhDZmQ5c0FTNDJaX1ZJTzlBMW9SZzhYRmoyMlU4YlRqam13eHlsQ3hYX3dXd2ZPNk5hdUp1c0VPazNDZFZEeXBxQkliMFlOZ1lGMVh3eFR6Znc?oc=5","Xinhua","China","1778012700000"
"Rubio warns Iranian leadership to ‘check themselves before they wreck themselves’","https://news.google.com/rss/articles/CBMiogFBVV95cUxPdGFmVGszMnNCaVFjRGpNTW83WTRaeUx3ZExXRGZJckl2REhCYktaMlhya2JuUmVTQXMtS2hfOFN0b0JCZ1Z0V0VxMkpJeHJGWGdua3pfRDVEXzJoQWxaYUtzZThZdlRfVGJzYm5QelUtSmxpU3VHV1hjb2pPVzJ0Z1BzQTR4SGV6YUR3T1dPdDRERW9kTlh5dW8xWWpEYjQzWUE?oc=5","The Independent","UK","1778012340000"
"Urgent: Rubio says U.S. not to allow Iran's control of Hormuz Strait ""normalized""","https://news.google.com/rss/articles/CBMifEFVX3lxTE9jd29jWVYtMkhtTFhDQlpCZEZMNFNxbnI2cFM5UV9KRUZiMlI4QUg4UThzQ3RtSnh0b3UxSXJSb29DNHRKdHFMV3E0NEZGLU9UcEExTGxRV09HMVlZYkJlcVBvcU94MDJsZTFWR3RJSjZFY0pvckUxZmZPNFc?oc=5","Xinhua","China","1778012295000"
"Rubio on Iran: US Envoys Working on Diplomatic Path","https://news.google.com/rss/articles/CBMipgFBVV95cUxOS004eEpvZmRCNVVOVlJCaFM4VzdIQmRWYzhSTzhyWjZwWTFLZlFVcHJaOGkydDYza2k4Y1UxSXpwa3FQekhhdWUtcUtJUHhUa3pPZ2Z6N0FaOElYWXI0TnpJNmxjNS1keXZVX1dGWVNEVFFVWHdyUzYwUDBZVXNXdktjTDBIU3BaM2Eza3NmQ0MxZzdEd0E4c0RHZE1TZWViTDlTYU9B0gGrAUFVX3lxTE91eklmTTJRbmZlNUZIV0czOG9zd0VyMExQc2FEekJKQVExdldkOUlLWkI0OC1oMXV5MXJmUVNnMlZ5ME5WcmRER0dHcUNZVlBsXzN5NTBPNnZqY1QzS1F3M0FYRUh2SlFldGxYN0RZR1R5M3NaWFZ0QTR6TGFSWVNRLWVMcklCUUEwcmllUjdacHRIV1pJbHNwbUlFTzlfSnpxc3Y5TmhDQVA5bw?oc=5","Al Arabiya","Arab","1778012159000"
"Current Iran talks are over a framework for future negotiations, says Rubio","https://news.google.com/rss/articles/CBMivAFBVV95cUxPbEJBVlJzbDJ1ZTFvNmI3b1lmejB5VndQU0xBZGt6WEFkVFk3QUJWeHozMVNoS1B0TU9WZ2JlalRzckFlZFRTaEs4eXBzdTdYWnJ5RHJFWGVEZTNKcmE4MDdYbkYyR2hCcHFFNjlYc2lQNHZNc0U2WURZczF2MVRWdGZscFdQY0g5dzJaSXBQR3JCTUdZUHNFOUNueUlaME5GdnA1di05Zzg4VFBXTWNnejhSWFBDem1Hb3pDSA?oc=5","The Times of Israel","Israel","1778011965000"
"Stocks Close Higher, US Calls on UN to Force Iran to Open Strait","https://news.google.com/rss/articles/CBMisAFBVV95cUxOaEhJc2hxTUJOZGZmMDZHUmlsQWt3Z1NIS0dZaFpBMkZ3ak92UlBuTlhpRVhrX1l4SUpnc2JlQ1FOU0hMcmJicVNlN2RONFNBcTVERkpaME4tQ3VNdkd0dC00T1ZDNE5rU1NzemhTVGlUaXlsNkd1VTl4RFRqeHNZWjBJWDZONXRlVEs0YVNqd21mSDRJRHZ1TGVDTFhlZG5DZVYtV3F0cGpfWFNxaldwMA?oc=5","Bloomberg","Global","1778011931000"
"US and Gulf states draft UN Security Council resolution on Strait of Hormuz","https://news.google.com/rss/articles/CBMixgFBVV95cUxOSm9tVFVyQjd2V2hVdGhkdTB5MFhHVnBkTTcyekxJS2JkaGFCbURvMkNMZWNyV1BQbTRTYnFrM1ljODhWcjFRZkJOYmp5ZTlhXzJXS21rVTBGblZnS2ZZNFlFbTZlVGlPZk5EdEc3bUFfdDdoWll2ZXRGRWowVUFrLV9rRUs3aldDcmdXemRkLVVibGpvWTVCcUliTnY2c1NReVZpNmRNdF9ZVktiZ25uR0JpVU5nRDh4S1hBRFpGQTlXMUx4VHc?oc=5","The National","Arab","1778011869000"
"1st LD Writethru: Iran has not attacked UAE in recent days -- top military command","https://news.google.com/rss/articles/CBMifEFVX3lxTE05Vk9yN0pDbXpRd19LeGg4V2o1SFlWb3VlMTItN2VOSnljS3lNTGxFSUhKQUZQbXBJZGF4RUdveU9ybmJfanZnVmNXbGZQUlBGZ1EtdE01V214WklHY3luTWxSUTZzZ1BPYWNTY3ZLVlRvSUpRbWVBRHBGRE4?oc=5","Xinhua","China","1778011710000"
"Flash: Rubio says U.S. military campaign against Iran ""over""","https://news.google.com/rss/articles/CBMifEFVX3lxTE8wcVpQTFc5MmlERF9KUnNpXzFnYnR0RkdiN3c2a2lJMlNrZFFWaFJwdEVacXd0Zk1PblhkeHhfeWpPWGxUX01CV18tXzBndzB1Sk5rVk1ST3NvWFBzQlBPbldGa2NSb3FZd2d1V3REYk44RTQ3Qnl0ZWoyUjM?oc=5","Xinhua","China","1778011635000"
"Cargo vessel struck by projectile at Strait of Hormuz: UKMTO","https://news.google.com/rss/articles/CBMiuAFBVV95cUxNUDgxcmlzWWRfa2FORkp2YkE1M2tlNW10VzdDV3VGaUxleDhUbUlwQXFUY1hEdkpNelNxQTcxNnRFNjlCc0FyWW8tSXFneUFBb2ZsRkNZWDJTTWNMOWhfNDZYUmowM1JmU1lpVFUzRVFuWkpzZ0M5cWxjeGlRNm1iSExOTnlMUlVwUVc1YS1hYWZsTEp5ZTU1OWtyWDRpUzNYSXFmSU5hSjJSeDVGTWhsNmluVXpmQUxz0gG-AUFVX3lxTE9CeFZhMkc1Ym9pTXUzeWJCOWhoVXZyRW52Um1yM21veWVqTkc0a3hWT2JTbWF0OGVKck5pdGpudEVVRDVQbWNTOElqNDJFb1B2bU16dEdPblEtbVpOZS1VOEtSQXBXWnE5emN6cmFPazQ4b09OTnowQ3RUZkVrLURjX1pTcURpRkVKTkI0SUkxV3VtdDlENkljTXlMSFZWejFsblBNdm9aT0loUDJuc2Z1clhBRFVrcHBRc2lXanc?oc=5","Al Arabiya","Arab","1778011620000"
"UAE comes under Iranian attacks for second consecutive day: Ministry","https://news.google.com/rss/articles/CBMikwFBVV95cUxQbFQ0UXZtM0UySE44QlhvZ2wwYUJOVTB6WnRxOHF6Y2Y0TDdTOFIyanF5YVh1cU05Y0h0cElzaXJXTUJPZnc5ZEVaNlpVXzUtb3JUOU9VUlFhMGhNUG5KdVUzRW95QTU0aWdzYjNhUHhua28tbkhvVW5Rc2NEV2tpSldzYUhkM3M5c0NkeGg2cjB6MGfSAZgBQVVfeXFMTUFYLXQzamU4Vjk1bVdadkdPcWEzWEpfcjdxS2JiNDlHdkszOEJkOHhZam1pclNLMFNBNk5fSmQ5U2Q2ZlVRNWhnREItNGpWbEFORXVtcFo1cE5pOXlZcmpOQjBIbUozNk5Ock9vU3JfMnpuRmI2czN4d19taXZ5X2dFSUctbjc0VTBiOE43cGJqckJLTHBpRkk?oc=5","Al Jazeera","Arab","1778011304000"
"Rubio says offensive stage of Iran war is ‘over’","https://news.google.com/rss/articles/CBMiqAFBVV95cUxNTWh5djBtaUU1eGc0aXVCQVNuaEZPdmxIbFh3RUJ4UVVhS3RqS2g4bVdQR3JMQk5lRmU1WFpqcWNOSnl5ZkR0WnZfMWdMbG1JRERYSUl5WEJTSTk3SXlRZ3dNNmJkT0c1Y1ZyamduNjRXa1Q0NjZUUUpSWnVZaEJpY2pnRk40Vl9VR2lyRkhnUkNnMnFGalpYS0RnTHZYVFZjdWdvOWJjQU_SAa4BQVVfeXFMT3NrT3c1d3RkbEhDai1GWWlIMlVQTDJCVTF6eFJ5WGQzUkhkVTd1SkItRW4tMTBENE5HLWRya1BHZWo1a202dGh4MjhLb2taS3I5dk9WTWhnenhDMTEyUEZNUjB6MWpwZDNtZ1dwYU9ES0lPRUpQckt3NEQ3NU5YZFNwWWlhamhUcTFTbjNxT045MGRtX2JfRHRyRWpwM0IzYU1ubTBfZjAxTEtSRzFR?oc=5","Al Arabiya","Arab","1778011080000"
"Miscalculation over Strait of Hormuz could ‘bring an all-out war’","https://news.google.com/rss/articles/CBMirgFBVV95cUxOMjUwX0Z1emJHaE1qTFhod2hUWWZmRzJ1TU54dktGMFc2bnFGeHRvVjJmRFNxMkJiS2p3bDhqSmZGb25nN3NfOUpDVVo4YldGRUlnTDRFSFEySFBoWDVfYmpaNmdyZWo1THF5TUZ3X29Ka0V5eld1UkNqVzg2RGx2OG04TVJ4NFBaVE50UTA3bnp5NURXV0V6N2pJVEt3X2lMUmIzZHQ0VFFCdGhVOGfSAbMBQVVfeXFMUFBldTBiZUluRkJyVlM5TS1Zd0dtSGVlaFhBLUJnSkRHa3RyNmV5T01TSFhFLUtoWS1DLUhFdF9GVUxPVEZVb1VlRnZTSVlIbVJsNjlMYkVXQ2x2YXZyWDZkRjFRekFRVHNOSGlVS0dmSkZkTkpNVXRpTlYxVmJZcTZacHhzX1g5bjJsZXY4bkNIdVBnTU9WbUNiTkZ3MVlvQ29tLXFGRThUcFlrVS1hMHI1Sms?oc=5","Al Jazeera","Arab","1778011006000"
"Rubio: Around 23,000 people trapped on ships in Persian Gulf due to Iran’s blockade","https://news.google.com/rss/articles/CBMixAFBVV95cUxNdG5vV2YwS3NPbkxtWktvcFlka1hIajhFdFNJQVlqR0tKOEtYOVNNWVBWUkVaV0FLYlpNZmJsZVNmVkpMajZBcmM0RnZLMGJKZ3o5S0hDZW9nLUJIQjJCM29hbjQ4WlJONTFXd1Atb2ZsVGdxeGdDcF83SzhLa1dJWlJkLVJ0b0RqOEhIVkYxMlVZYmxQYnNTWDBPX0haNUs2Q0xRcUJKU2xZdTEwb2o1b3FfX0hhajNSVEZYMkx6b1pPYlc4?oc=5","The Times of Israel","Israel","1778010936000"
"Cargo vessel struck by projectile at Strait of Hormuz, UKMTO says","https://news.google.com/rss/articles/CBMisgFBVV95cUxORUlGMExYcTlWSVN5MG4wS24zUmVobU1YM25OR3JOMkQteUkxd2tZbzYtN3lBZzlHS3R0RXJhb2ZEdDJHN3Exc0FEbGpWMl9GTHdNLW1paExxYUpFTm1EZDRHT3lFRkZHVUZhdDBrYkN1OVF2ZXNiWHgtS3FlZWJHWHlYczVTSE1JbHFudEt5RWEtamsySnRYMllwYXlreG94RzZxeVRfMHZsYU5GM184bGZn?oc=5","Reuters","Global","1778010936000"
"Marco Rubio defends Trump’s false claim that Pope wants Iran to have a nuke ahead of meeting with pontiff","https://news.google.com/rss/articles/CBMivAFBVV95cUxNSEZYUWV5VjNHdFVFdUZKSjFTUUprWUpxZ3Y2ZlhvSXNVeEdOS05iUnE2cmkzN1J2bzc3V3p6bWZMWTFjWFdPRFViN3dkVlhmZ0VZY3RhalFUYTZlNkx5YS1RbTF3bThHbEYtSmFrV2FPSmNHTUJ2endWdHZJcmoxZ2NVMUtlMEs5SkptQW5uUUswRTh4aGkybmNkNUxNLTNVQXhDcDdWR2k0UHJIWXR0bjJNeVNpbFFSMEtFbw?oc=5","The Independent","UK","1778010840000"
"The US is Trying To Force Iran's Hand","https://news.google.com/rss/articles/CBMivwFBVV95cUxNQ0NXc1dXZjYzblp5dlkxMWNicFdXUnExb0ZYOGJaaC00TmE4Y2doYVpiQmRNOHEtdEVqR09fR3FEaVJJOWZIRi1mazZwVGlqQ0VQb3ZzNHFEZXgzZGJZTDJ3VUhYckNfLWxOYURrdDNXS0R1bEdXQ1ZDX0s2X1RIY25KZzNNR2FlRkRZckNDYXVlaVItb3kzeHdUOURDYkZqV0g2d29LUG9lRUpBc1BUV3FYYlJvRmV3bDhCeTU3RQ?oc=5","Bloomberg","Global","1778010768000"
"Markets too optimistic about swift end to Iran war, CIO says","https://news.google.com/rss/articles/CBMifkFVX3lxTE1uVTR1NzJ1WkprbFpQMHdHLTBXcUQxanV6NVh1WmhydUFoTHZMbTJ4T2tRSzZucFZkeDhERFNEVldoYnl6NTk3UGZHdlB1Z0JJb1pOT2FBeVNEWjFQbEx1VEdKRnNFc2pJeU9HX0FNWEtWZVBJRjFrTkxWX0NxQQ?oc=5","Reuters","Global","1778010667000"
"‘Insane in the brain’: Marco Rubio quotes Cypress Hill hip-hop classic to describe Iran leaders","https://news.google.com/rss/articles/CBMiuAFBVV95cUxQWjdrSnkteWhsUm5JNXhyNDJRdDZtalJjc0hfN3A0Tl9tLTdMY3Zfc2E1Q0hDbkRXRHpvV05hZ21WYlhoNjdIRllxanBpMkhtUGRicDJkUWtIYjd2QjVYUFBQaHVCaG1BRkN0d050NlBXSWRucHhRME5XaThmSDExcmdSUEthNmFiX1ZnUHptR25BNnczbGdyTFR4RENfMVY0LVF6SzJUZTYtNFR2UUR2YTF6eTBFaFZq?oc=5","The Independent","UK","1778010660000"
"Iran War: Rubio Says US Operation in Hormuz Strait is Defensive in Nature","https://news.google.com/rss/articles/CBMitAFBVV95cUxNMlNIbWt5SUY4bXNQcDBIVWZrdFlYTklCUjFrSnpnOVQyd2ZDaEhCTjJxamFQdnc5dDZBTkFFekhrLWFyYXJzTWFwQUhuWkxEYklSRHZlZ1A1SDRkdmVBNGhVTFJVaVUzd1hZSU1EZWtCazY3RmlTRmVHSDA1WXFFUF9nN0ZDUVVoZjNyODJ1R1pWYktyZzc1cDVEOVhuelIyQjNIT2JMVDBSUS1FV3A5YmlmMmY?oc=5","Bloomberg","Global","1778009900000"
"Ten civilian sailors have died in Strait of Hormuz, Rubio says","https://news.google.com/rss/articles/CBMipgFBVV95cUxQRXdCakJLZTZ2aXMzNmN6YjZXSmJJa3pfcjZyMDN0ZldIcDB6ell0S2YyWlZfZ0V2cHdlcTFkZ3ROdVE2NF9SRVNPa3pKcHNHR3RES3RJSktOUlA5RTY5Rm5WM2V0bWMxTGNTdnhIamIyM0loZW8zRlZSN3JLVkVSd1NiZnRyQzFOcjYxdmtjY1ZwazhyTGxlT0JRdTJMSzdNZW8xcDNR?oc=5","Reuters","Global","1778009679000"
"Iran tests ceasefire agreement as US prepares for possible resumption of combat operations","https://news.google.com/rss/articles/CBMiVkFVX3lxTE12OXhZdFpxRkNlSFptSUtXVUJ5VjVYOW1yYzJsak9KQ21zZFlHT1NEb01mVzVQeVMxY1UyRGJCX1l4cFpNTTJMNC1DMEhEbTMyQVRvQ1Z3?oc=5","Fox News","US","1778009169000"
"Newscast | Is the US-Iran War Restarting?","https://news.google.com/rss/articles/CBMiUEFVX3lxTE9hOGx6eW55NklJNWsyaUNWcUwtQnM3WFFCWjlSZ1RZOTVGQTNDX1p3ZzFhTXJrb1hwU0JESjEyUGJ3dS1ZOEpub1Y0S3VTNkE3?oc=5","BBC","Global","1778008988000"
"Israel ready to deploy ‘entire air force’ against Iran if needed: new chief","https://news.google.com/rss/articles/CBMiXkFVX3lxTE55OE4wc0VyT0F4cXRiMmdlcmR3TWZWZ1VoVFV2M0J2VnBlYk5xUHFEN1VqZ0dSYTVfbURpZHBiS1ZmcUxnVDBYazdGRjJMSGlOTjl0eFFlYzJ6UlhKYnc?oc=5","Arab News","Arab","1778008481000"
"US-Iran truce teeters on meltdown as stalemate takes toll on each side","https://news.google.com/rss/articles/CBMitwFBVV95cUxPbk9xV01MYUNfQk5kTnBqREVsZl9tQXdjYlN3bHdZSE04eDVSaVoxMnNOeTdxNHZiMlpMRzJTdzFuLTl6eE8zNnB0SlZicHJQeUVYdmRHT2FUQVVnVTF2ZTZfcERmUHRzckRHTFh6NlFIRENTSmNTYktETE9JYXBOYU82N1lWbWttQnUwdjhkaE1DUVBfMmYzanlpMC16SUhKd1dQNGJNYzdFY2g1SzIzZzRldGtlZEk?oc=5","The Guardian","UK","1778008380000"
"Trump’s plan to break Hormuz stranglehold stalls after only two days","https://news.google.com/rss/articles/CBMiqgFBVV95cUxObzlWYmxWbHlldm5PYmZxc19kd1paM2ZUdmJNcXFlMlVGZ0FkNjZuOWItREpwRWZxS1JFdkVFcjdwYURRQmZ0cFNVYk5nTE01R3p6cWppNzB5Y2VkenZzYTM0ckN4dVFQYnhqTUNwWmtoYzZfSWVFcThsYWNTLVMwajRxdVE5VVYxYUswYU9hLTF0cG80U3h1X3czYkFQcGwwN0N4ODFETFFQQQ?oc=5","The Telegraph","UK","1778008320000"
"Are military dolphins working in the Strait of Hormuz? Probably not, but they have been part of the US Navy for decades","https://news.google.com/rss/articles/CBMib0FVX3lxTE9ScWlRRTlSd0JHcXdEck5qTXNScThhMWhIYTlsZUVSdTdqT1QyYXRWQWE3dXNpWEVXcktkaGxRMXp4NW1aLWhpLVJndGpXU0tYMXNya3ZiaFFtSjRiNzd6LVg4Z1VzVWQzYXAwdF8zRQ?oc=5","CNN","US","1778008309000"
"Video: Trump says Iran should ‘wave the white flag’","https://news.google.com/rss/articles/CBMinwFBVV95cUxPZVZrZWZNRVFKSk1LUW9oOW9IWkwydVZ5Z2FmZWVFMVhycFp1M3J2VU5jbVJaWGpob3BINlY5QWN5U1BHUjVUV01ON2Zoa212cS1yUkNmUGl1djBYWWJ1cWRWREpOSE5MVUk4aUtxRWFaemZJeFo4XzhZVzhDYlloUHFBR1Q2aEp4RG5oNmRUSjV4NU1JUE5TSTJ2a0pxVmfSAaQBQVVfeXFMUGU2Wm1XMzU2aXdYYWdaMTNCZmZkNHhiSXM1aUtRRmQtU2hEa29vYWx3ckhwa0VvUkVUWURwUy1VV2tIRnIzRnI0NjRIbllnb3M0R29qQjlFLUVaVUxEd3NmVVYwbzBleFRkRFFqTjFlbVp1SEJySTJESEdpQmE5c21OSTlqT1JhVHNReVBBakJENDFWeUNTZUd2RTZ0VVhFeF9EbUk?oc=5","Al Jazeera","Arab","1778008090000"
"US Downplays Return to Active War, Iran: US Demands ""Impossible""","https://news.google.com/rss/articles/CBMirAFBVV95cUxQQUxmN1p0d0EwY09jbmhHMHAwNXI2dXFiRHJLZmRvOVBJN2tmMWQ4Nzlpa2lMLTlEWThOdnJLWloyck1vYmhCWEViREZoQTMzTDhRVzlzUm12bXdxalFJdUlZUnoxSlJHY2ZCLTF2LUhBWXgwN29mNVB0RUtrWmNzQW5UN2xHUTNFQlBvTWZMN2JrdnhYNk84UURFckFqbWtmWUFnem9nR3RmR1Iw?oc=5","Bloomberg","Global","1778008084000"
"Draft UN resolution threatens sanctions on Iran unless it opens Strait of Hormuz","https://news.google.com/rss/articles/CBMisAFBVV95cUxQTlZNdzl2QmRFYXo4V2d1SUhiRTYtNHZhb3VpZzkzdUFQZUlhcm5RR3JDbjhhTDd6VmdQOTZLaFdEa3o1MkJXRGx3aGZuLUhlZkY1TTJGNC15OC1ad2RhQ2o2UVg1OER3RmdEZ2RYXzlibHIyLTZzUG5Xam96TEV5UmpBdDlNZ1BSYVdBeHFJOXRtVkgyeXBXVERhSXh1cGV2VXpTQW5CVTVHZ09nV0xBa9IBtgFBVV95cUxPQ0RTTnpQZ2xTdTZ0c1FoMFNHNFRzLUlzUEhaeDFpZ2VKWTBOcXdwbmQ1bWczUHBIYkVUakV5REdFTGEwX0JOUmtDTFFHaGdmb3RKYXBuSl9oOE5OZ1BlWGRORnNsVEEwcFFQVk9jRlRGaUw1U3k2b0xlc0gxeExPa2FhelFkanpCUnlTTm5wZkwxelhtV3ZWY2FvenVITVZZd01RdWZJLVc4NVpVdXp3RjF5ZDh1dw?oc=5","The Times of Israel","Israel","1778007943000"
"UAE air defences engage missiles, drones; Tehran denies attacking UAE","https://news.google.com/rss/articles/CBMitgFBVV95cUxNeTMwVFFqRDBsTzlWTk9fZkljc3NJYl9hSkhrSkZxRVNfU1hMeWVGcXgzdThfZWhXaEJ5b1dkc3JfYldxZUJFNzFEaURzdXl3ZTZSakVRZFhYazJFLVIxMnBFb1ZzS3JrbjBVTm1XR3ZhVnNUeVdEejJsbDVMRko1a1BOQm5wYXpWY0dvWFNmVFFMXzhJWXRobm1Td0hISHhfcmwzWmFoUk1BbG5JMWNkekVYYzZZZw?oc=5","Reuters","Global","1778007895000"
"Trump fears may not get better Iran nuclear deal than Obama's","https://news.google.com/rss/articles/CBMikwFBVV95cUxNUmFYWE5hYlZxOFZFUEtna3RVRmxMaW9ydzA0aTFOSG5vNzJ3ZUR6YlJQVFZMWGdsZzdJSUpHYjcxc1pxbnpGeHNpOTV4ZEFNcDgyenZ1VmpSRWgxNHpUMWUyTmZvZmNpdWpuVTVqemx4VU1PUzV5WVU1RmRkUm9ENXZ0NFFiUTFuZWlMcVZvbnNfbTg?oc=5","France 24","Europe","1778007716000"
"Iran launches new system to regulate shipping through Strait of Hormuz -- state media","https://news.google.com/rss/articles/CBMifEFVX3lxTE1UclEyMUZuM0ozUVhDM0pGOHBHNV83U0tUTVFQY3AxRnZtWU5ESTNEQU11bzJnbER3RjJ0YnVjTzdZdzUtZkVWaWVDVkpMdjJ0U1hHRGFnWU52WWxvYXh6alFzV2IxX0l4dS11Vm1kaDFrMVU2RDRkNmNxWnQ?oc=5","Xinhua","China","1778007495000"
"Fact check: Viral video of Iranian attack on UAE oil tanker is old from March 2026","https://news.google.com/rss/articles/CBMiugFBVV95cUxQMi1qTmJHTVdIRTRjbDJQd0UwbnNXS0JTdjU3ejFTMnM3ckFsWGNQRkFuYng2Y2lmX3hSc2trUFpmZWpHR0NySE1RWUlaVVlGM1VXek9QbDlFdDR6UHVOVVI1OHo0WjZzTjBvU2hSQnJrVWhIV0VaS2R0S2h5Vzg2Zy16MTJwb2YwNk8tTXpadDdaVFA1a09GbUlCN2pKYzNoWk1YSUhIbW5Cd0ZJbU9VcTJUZlJxYkdiRHfSAcIBQVVfeXFMTm1NQXRTREF1ZXdOM0NUQ2I5MzJCTFoxbTJ5R2FRODI4eEt5UXo3RGJDVzFoMTVETVdxOHRId2FWeW5janFjcW5vTzd6R05VVE1TNHROMFFOUmE5enNpV2kycDNKQ1RYV2VnMmM3NG9EUnJBUkMxNUp4RFY3UGdEemlOMkZlYktYbnRRdnBTRS1NU1BGS3A2NlRwUUNjWmlGNHVscVh4aWVCbi1kMnJscFlzbzZ5Znp1bUtYWF84TWFNUVE?oc=5","The Express Tribune","Pakistan","1778007375000"
"US Seeks Support Via the UN to Break Iran’s Hormuz Chokehold","https://news.google.com/rss/articles/CBMisAFBVV95cUxPOE9DZnhMX08tMEdwSHl2Z3FuTnRuekM4T0ZkbVhZdmpqWHh4NlBONFpsRDBLQmpFOTkyS1pYNlUtLVpXcy1jekg2N3dOWXhwbE0zcm5SMXRuQk1VSWoyZkJKb3hNbG9rT1UxU3J1YXVHQjJzVVZscUhnNWwyV1gyeWRLMkhIN1dsZ1VsRHJqZl8zTU5pTVAwWWhxX3B4b3hyeW1mWWcwQk9rT3BJZzQxaQ?oc=5","Bloomberg","Global","1778007020000"
"Iran issues warning of ‘crushing response’ but denies launching attack on UAE","https://news.google.com/rss/articles/CBMimgFBVV95cUxOcllwWHhJYkpHMzF4N0tLa09zSURVdGl0TFZETFhjZ21odjF0X2FWWWc5VFhUUlRmZWp5S0hIal9rZW9pV3Q0QldITnBYODRKV1NJQnZpMzRreUl4TTRQTVM4OFRzbnU1YW4wMGFKaDhNNXBhbEFVOFIzdjJNQUZOQTBubVExSGl0aTVLYlF2ZlJvR1h6elN3dUpn?oc=5","The Independent","UK","1778006880000"
"Trump Looks for a Silver Bullet to End the Iran War. There May Be None.","https://news.google.com/rss/articles/CBMihwFBVV95cUxOTlBwV2JPVUZPR0dGRmtQOW03MXNNbVhYOEVTRzBlWXBnbnRSV20ySzdCXy1WWmItcXh0S1ktRHJlV1dGbVRZOVo2eTEydy1BbkpUTXBFR1oybWZhaGhoR3ZGTkpXTG5tVERrZnQ2MEFSeHluYkt1YkVPbDEzODlRdVc2RVkyeW8?oc=5","The New York Times","US","1778006877000"
"Video. Gulf braces itself for potential escalation with Iran","https://news.google.com/rss/articles/CBMimwFBVV95cUxNWEQ0cy14emVkYllaemNSUE10ajRaNG5RV3V6NzhNZHQwY1pKT0daa2I2VjJjMHd3dUlOMWhqc1lCY18tY2ZhNHFnQ0hZZHlUaWRHRjNGTEZ0MFlHaHZPSFJaYWR4a1NGWXhVMm12aW51VlY3emJfS19kSllUY1o1TmlfQklxNndsdWpEZGpBc3NURFV4S3ljekZONA?oc=5","Euronews","Europe","1778006832000"
"UPDATE 2-Ten hurt in fire at shopping center west of Tehran, Iranian media says","https://news.google.com/rss/articles/CBMiTkFVX3lxTE5YQkZjX3lBTjhvMlNQM1J6RjJ4MnZGMmFha0t5bWppeEEtQldXTWc5a1NDYzJvUE9BVzR6RE5vcTVkai1QUFVUd3VxMjBsZw?oc=5","Arab News","Arab","1778006796000"
"What we know about Trump's 'Project Freedom' in Strait of Hormuz","https://news.google.com/rss/articles/CBMiV0FVX3lxTE9feWNRRnVCZU9qeUhreVJiUjVEbXg1dzh2X1JQdW9TMFhaMkI2aWNCcjBBMm1qOFpCaktuR3M4WnFVZTFpVjllQ3lueUZPQlJfSXNRMHdhcw?oc=5","BBC","Global","1778006563000"
"Fragile Ceasefire, Rising Stakes: Iran Tensions, Global Hunger, U.S. Rights, and Political Violence","https://news.google.com/rss/articles/CBMikwFBVV95cUxQb0JpZDljbWtPdlAxcFdKNGVyZmVDRm42NXZuV2VxOTNOX1RkUlg0NmtJOXQ5bTU3b1JFdFdWTDE1cnhNbFRiRHNwMklmdVpGOVByeW5rbjJ1WE5XdUpoVmFGTXFMRzFCNjFvMS13ODBtMWFNNllrRExreEt5cXhKem15SmYzMUdnWWE5dkFSLXdadXc?oc=5","CNN","US","1778006443000"
"1st LD Writethru: At least 10 injured in fire at shopping center near Tehran","https://news.google.com/rss/articles/CBMifEFVX3lxTE5raHpoTldIZ1FhNnozYXJPMG5hRmZTMXBHelRpcF9QeThTa0pwYlZCc0lHbEZtQXlIMlIwUFZUM0R3Y1BQeF81OTJFdjhZYUZxa2E1YnItZTR3My1kZzFSd3FDMVBXRDloaXZ2Z2czTHNfelUwN195eG93S3A?oc=5","Xinhua","China","1778006430000"
"Iran warns UAE of 'crushing and regretful' response if attacks are launched from its soil","https://news.google.com/rss/articles/CBMiuAFBVV95cUxNbXp0enlOa1JlYUpLZy11dDhCU1NRQnBoNi1zcG1ibGlDRXd0RDlYbG9JSUthaWU4QTJGTHRRZDJobmZsb2paeGcwdXl1b0xYWDREOEhIRHRpS2IzZGxDN2Q0a3pKMFZfUjhNa2dFWWhQUi1nMm5Jd19XWnZHZFdkNnJndlF6RDBJb255ZDEwQ0w0N01wWEVlcjlvd3c2LTlCZWpFX3NBUGw0Zm81MEZTcFcyOU5weENP?oc=5","Press TV","Iran","1778006400000"
"Iran war: Will tensions escalate in the Strait of Hormuz?","https://news.google.com/rss/articles/CBMikgFBVV95cUxNdGxHR3E4aHNvUXRReFFhbjFQQlhTY2hpWVJOYnd0Z1JpQkFwTkRhRklnWjZfenRRV3hrOXJDamY4YVlneHFpdHd2T3h0dTBBRlF3UWJrU3BKTFcwNWtwcFJqMjVFdElIMDAxSGJPNExUczIwMjdpYk1lZWFpbkRlU0Q4LWVqNExrc0ZjMjdZX1Q4UdIBkgFBVV95cUxPd2o0eVkySS1SaXNBNXJmX2k4ZTEtOG1kV1poVEEwVGIyY0JMYW81X0hPOHJIRTNrOVVfNGdZYzFEcjRrZVdRMV91ZkVvQzF1aHVMT0QxcWVPMVB6WHNSNjcyNG9iOTVYOU53V253amx1LUdvMHFKZWtsUUQtZzRiVDc5ci1mbkp1d0FhS1V2cUNPQQ?oc=5","DW","Europe","1778006383000"
"Precious Metals Inch Up Amid Threats Of Iran War Escalation","https://news.google.com/rss/articles/CBMioAFBVV95cUxOQ0xrNjRzeDcwbG56bnh1Rzh3dDNiNGFZLXJPVDNVYmE5RjR1bS1LYjhiUTEwMHFKVFFDVHJHdnVQNkhFX2xFMm9iSUxaUGo0aEctUkJjdUxRRnRGdm53RUh4ZWJVdkQ5Z1dxWDE1TXY3eWl1aTJGWHRqS1o2c01UQTFnQ1o2ckVobmY2cmlKTlNqcjFsZExEdjJtQmVFNW1G?oc=5","The Wall Street Journal","US","1778005980000"
"Iran denies carrying out attacks against the UAE in recent days","https://news.google.com/rss/articles/CBMirgFBVV95cUxNTHNaeEg0UmJlaTlCclVBb2dpN09jMTFrY2c0Zjh5bVFuekltdHRrVm5mNERsM1JuQjFWWnVIRTNXUFJmZ3lnQ01uOWtSdkhybFdTQVV6Zzlpbk8zWU1NY2NreGRvU1lBSkI0eEtjbEk3YlVIZDlJa3NwUUtZa0lxa1MtOVdhYlFmUXpGWDVGNm02NTVLM0FSNUU4em1BXzBwOUd3ZFo3RENremdaMnc?oc=5","The Times of Israel","Israel","1778005965000"
"US-backed pipeline proposal targets global reliance on Strait of Hormuz amid Iran threats","https://news.google.com/rss/articles/CBMiswFBVV95cUxOTnhJOWZtUUs0MUJYQ3R5TV9yNWQ3czNuRzJTOXk5QV9USjl0bGlpeFE4TkFZVG1FeTJSVkZ3RlJTZ3Jvb04ydndUcTEyaW91RThBTDdyV1NDY3JON0MyT1RHM2F1ZnV1U01FbTBxSjF3OEJyMzJJQUJkN21NWERTdXRqUG1KREZTd0M1NkVFVXZLSXpFN1ZHVWl2MkRoMHk0WUdjenFCdGZkc3p1eGlrSkNiUdIBuAFBVV95cUxQcGxfOFF5UTVhUlg0MFBmc3FJcFRzQnUxZVIwWWY5M01iMEt4ODNmUHZtSmNNSWl5aTVyeDV1bUxWSGZVVmRUZmxkcW1TN2EwYklfY01VZGUxdnFlSndCbm9EbmVGQUVzejczWjBkYnJOMVRpcUZkSEc2UGlNYnMxNzFtTmlTampYaGs3SEVrZTdoYlhIZEVkanpLTE52TjJMdXZRM0swdVR2Sm1xb3EzSlMyak95MUxV?oc=5","Fox News","US","1778005938000"
"Israel's air force chief says military ready for deployment toward Iran","https://news.google.com/rss/articles/CBMifEFVX3lxTE80T3NoZ2Jha0tsRzNVVldFbWh4YVJJY1FoYUQxRzZZdjZPQ0xNbFRMVmtueG15R1F2djBiLXE1dk1lcFdZaVRfZDY0SWpXM1dLbW0tRmVoUjNKQ293ZW9ERklnZU5fWk55cWpHSUluUzBNZm1Wb21IeGo2Zms?oc=5","Xinhua","China","1778005875000"
"Iran represents ethical, responsible power in world of chaos and piracy: President Pezeshkian","https://news.google.com/rss/articles/CBMi2AFBVV95cUxQcHZkelhiQ3JITmF1SFVna1FSOUxLdENYSW55ZTVMUks1M3ExU0daTWhlNHk3elFETnhUMFVPdUgzU1dUZHVZYkwySWYwTDRta09CUTZzQ0JhV2Rnd2tUWTlnem5DSUdPZXNxaFdmY1RvRlZjd21kY0tqY3BJcFQ4SW5Ib1hKVDY2QTRLU3R3b0FPNUVtbGczOGtlZ0NmZXBDM29RQmhyWVNhcWd3M1BMRWp6U0RKNjFpRGFSMXZ0c3lIWHR3bHY5U0lad09wenphTWJHVldHYy0?oc=5","Press TV","Iran","1778005800000"
"Captain of stranded ship in Strait of Hormuz tells BBC of 'pressure'","https://news.google.com/rss/articles/CBMiV0FVX3lxTFAxZk1WTDgxdWpLX25zci13TVhzendubXBFUV9nM2ZEb0R4cnRlUXI3Nk00YnZETUVKU29lRnhtNy1IcFlQTTE5SUY3eWJLeFp4c3RZZmQ3QQ?oc=5","BBC","Global","1778005715000"
"US, Iran remain deadlocked over nuclear deal","https://news.google.com/rss/articles/CBMiVkFVX3lxTFBJUi04OUFieEtiR051dXJsWEFmSDducUxPcndLREdLM085LWllamV4VEFLOEdIU29SQWJQNF96aFNVWVpaV3hIdDhJU3lMUzlXMjctcTF3?oc=5","Fox News","US","1778005467000"
"Urgent: Iran's joint military headquarters said Iran has not attacked UAE in recent days","https://news.google.com/rss/articles/CBMifEFVX3lxTE1aRVA1QVRxbTRfX1R0YWpQNnZheDJVckVEMTExWHkxRVRkVGxJQ1J3VjJMM044TmVydmR1ODNqd1puTHlaYmQwYTRmdzhnTG9BSGxnVlQzNm50X1ZRUFlRTXVtbC1MWTlxZllZc3ZYTHhfNFpELVdyNDVDbGs?oc=5","Xinhua","China","1778005335000"
"Iran’s nuclear capabilities remain largely unchanged since last year: US intelligence memo","https://news.google.com/rss/articles/CBMisAFBVV95cUxPY2JFSlpkR3hIQlJVU1JTb2UwVEEzTkVOaWJoWl9QLWpSbXdLa2ZCY2F2YTg5bnFEWlM5ODhRTVRfVnk5N21DYUc3ZFhXSkdZLTh1RjRjVVA3V1Q4VEN6V2pDSFQtb2h2dE9BQUJPVnNYTUJZQWxBcEF1N3B5M0Mxak5xRG1idWlfWHZjUjdGZ2dheTVCU0RJT0FGOVZodFplNUk2a2JfVXV5eGxybXRaWA?oc=5","The Independent","UK","1778005260000"
"Trump Urges Iran to ‘Do the Smart Thing’","https://news.google.com/rss/articles/CBMilwFBVV95cUxQNUZ0UFhuR3Y0dmIyRTRxd0thUGh0eE5sSlB3SEpoYlpCanVXd1IxUzUtZndYaFdvYTdCQl9LRWw5c3p4M0xLWFhleG5PYWxUODdDTG5ONlZ3dE0xYTJlSDZnUk5ybnE0ZHhuOVdMWFBTc0xRV0hSSHhKNjRpbFdlUTNQb3JvX21xY0hKb0RJRWp0RUJnanhV0gGcAUFVX3lxTE10VS1YdXd0ZldpUjdhN05GSnJDVHFVWnVkMEM4UXA4MzliSWRRa1h1WlgtYlRXdWNOY0s1M05URk5PTTNqUE8tQ1RJWXpxUzJWRWhpbThkQ3czX29NcVVIVE9mQ2hOVXpPS1Q4anotR1NoNzR0ZDBpeW4tTGRnUHhEbzdtMTRGS2VSQ0dpRWxqQWVqQ3k3NDNhcHR2Qw?oc=5","Al Arabiya","Arab","1778005217000"
"Sick Iran Nobel winner Narges Mohammadi at risk of dying in custody, supporters warn","https://news.google.com/rss/articles/CBMisAFBVV95cUxOR3ZlQUpfb012WG9xUmhTWDFIQUIxeDlIZG45NmZDYlZuR3hJbHlwazYwN3RabDJiSjhMYzd3TUtVc1ZyQ1djbFhONzF0N1c5Vk16SU83Y0pKR0kyMU1KVzZMR3dMb19acHhNOWwyOG1WNU0xRGN2dzZGZlZLQUliNzMtc0J5WGs3QkJaUUVnYkI4dWdGZW81UGszYnA1YXBYb1BmQzZFMk1nWnRvaW90Ug?oc=5","France 24","Europe","1778005011000"
"Flash: Iran's joint military headquarters said Iran has not attacked the UAE in recent days -- media","https://news.google.com/rss/articles/CBMifEFVX3lxTE45V0FPZ3E2Q2NOcVdMSTlIUnRpb1ZUR0FnRTlmcGcyWDVuNnI3U2xVX05vanBwREVyQ1lNME1hbHE2UkJPVm9TUUJSTkJwOFZDUUZkTG4xRDVUV0NvMmstMVFGd1JJLWpQQXJnUUV3ZmJYZHlwNV96YXhxMFo?oc=5","Xinhua","China","1778004810000"
"Poll: Most Israelis think ending Iran war now not in Israel's security interest","https://news.google.com/rss/articles/CBMijgJBVV95cUxPcXgzNG05cGlOT1ItXzRoX1RiOXJjZUhzeExqdV9GNWo5OHJGR1NtYjFDNXBPOWYyVE94LWRoUzRPekE1eFFYajhRUnJjSEh5T3RkdkpwR2w0Zm4ydndkRmR1YkdJQmdyMHEyc0xkbFNmMThXRVUxNFpVMHpMbTdfelJDeEZBNW1PMUtrZUtHbFVld09vbkFPMXptaG55a05HYmhSblROQW5uRDl5anNmWEJFMUdZczEtZnZVLWhWV1FEWVZnM0dHbEJIOXdhZjRoNHRjX2VGc1NlNkYzUVpTLWgta25pM3BSQWtoZ09HYTBYRjZJZDNKc3RFZmpwU25mTFlVa2ZTbGxodVpVZGc?oc=5","Haaretz","Israel","1778004780000"
"IRGC warns ships must exclusively use designated routes in Hormuz Strait","https://news.google.com/rss/articles/CBMimgFBVV95cUxOd1lJeEtRZG1mVTA4b1FpdUc2THhZM2tVcDNyNE10MjVBX3prdDhzTUo4QVRMc0lYc2VlM3RPclA5WVk5aEhkQm9VWmhjMUJlVWxfVDBzWDhaZGhGc2R2WEZyYXo1cXlNdHNhX1BtRGNaWE5meklVTGM5TWpjS1lJeFc2OW9udEZtLWlYODVHeHE4VW54R0VuZW93?oc=5","Press TV","Iran","1778004660000"
"Iran says X removed verification badges from its foreign ministry accounts","https://news.google.com/rss/articles/CBMisAFBVV95cUxOSHc3YkJMc08ycVgtTGhGYXNkcGdPYVdEZ0hRV1kwUkVYY1d0TmZqNDBmQ3ZBZ2MwcUVLWHBJbmNzd3MyMUI1UTV3TUxmd0NxWURZdEVlNkZUOFpvUzN2Z04tTzA4Uk4xZDM1eVdhaEdSOFRpRzczZTlwbG53TlNHM3Joa0VLNjFKanpscEdQT2M3SkRoSlNmdktFaUNvdEsyX014SVczaUZya1pYZVJTQtIBuAFBVV95cUxQajJBUV80X3MxcG1YYlNEdzNNTHl5OTBaZ1NVelpoa1JXd0xidUVpQzZYU01IenVfQVhFa0x6c2tTLUI2dFhMMmJTcjRWNXFiaHNUZm9kemVHWUFDSjU2TENvaVpOS1ZZWjZCNlRfaXpwMWxtd1lxUnJsUW5OOWV1RTFqQjY2emNxeDZ3bTh2UmIwNHhiaEo1ZUhPbEIxR2J5OUhid3FYakM5M1l5RHVnTHI1TklxSE1E?oc=5","The Express Tribune","Pakistan","1778004641000"
"Strategic neutrality: How Syria is winning in the Iran war","https://news.google.com/rss/articles/CBMilAFBVV95cUxQOG1nMVFZdDN3QkdBQmFzVXRaQ0hLdVFpT3NHN2JXelByeWZPak1TTXljVGxiRUxYeVlabzYtcWVhYTFnZHczbkNUTGR0NlhoODR0OW9BcnNxLWYtS3dnQVZxTkYwTTlYT09zOVNCajhZeDQ5LU9FR2RJWGw4UGFqRzRrUkRYblQ0TERUMnlyMGVpRDZO0gGUAUFVX3lxTE9jblFNemZ5Sm43UVdaTm9YLVlXdzNVVERBNkJubFhFeHl3Nkh5ZUZPTE1GR1BsNWQ1b2dkcDdQTEg0OVdWVUxQOV9ZOWpuU2NmTkJtX3B4di1ZZFFXb2dweTNLSEdyblctWUhWbUFucEwzS05Ta2dZWFRFZDZNaUFmYkJQdXRCYnRLNEx1MV9TTDlvazk?oc=5","DW","Europe","1778004331000"
"Hegseth: Hormuz Mission Is Temporary, Trump: Iran ""Plays Games""","https://news.google.com/rss/articles/CBMiqgFBVV95cUxQQWJsaDRJVXpVOHFQNzlTdXZJN3NwUDc3OEY4Sk4tTHVIRnRmOHZaV0x3R3g1TXlpS1VwS18tOUdNRWhLakxPTHEzaHZ5N1N0dS1WX2xLQm01T0NNREJLSkh4ZmZCT0dqS21OTlZkVFhZUW4zTV9vWkNyNVVFblVmQ0VZNGthRTlDVXpjUFhYWGdaNzdPdzlHdWp1ZFMxOUc2bERHaVZfaVBEZw?oc=5","Bloomberg","Global","1778004298000"
"Trump’s New Initiative Shows the Limits of U.S. Power in Hormuz","https://news.google.com/rss/articles/CBMirAFBVV95cUxNNmZGUVVPUTZGWGU0NGI1N0IyWjJDamh3cGxyYUcyT1ZnOE5zbDFadGpGY2tqdVRKd0E3ZzdPSG1MRmtGSHNTdkljWGpITGR5N3NRTC1lYjVzTnU1WmVPcFRQVkthdDVzSlJUM2ZzQWFaaHFSTy0wb3FjT2gtRk5ZVXotYnlyVWIzRldVaE1QMUVxOWYwMUw4R2NHSWNKSFJOYUFpdmktdkl4eWwy?oc=5","The Wall Street Journal","US","1778004240000"
"Trump says China not challenging US on Iran, touts Xi as ‘very respectful’ amid Hormuz tensions","https://news.google.com/rss/articles/CBMitAFBVV95cUxONGtUWVA0SGFuVml4VWxpQzVlVnVGcTBuTkxPWm54bFBkTDRFS2VqaTkwR1N3M0xGN3lVVmJ0VzBaMEthVVBKX0JGMUFLTE1SYjQzbUh0YkZiVTVqamdCYml2VDhjWW9nWl9NR2dOSncyd01tWF9iRXZIR0tGV1VOejVTTGpvdmo2aHhGMHdrb09FejEwOUZJTl9Tc1VsUnN0LWN2Tjlzc0dBcjhLS0ZBakpKTmfSAboBQVVfeXFMUEF5V2NqQTlYYmkzVC1NM0liNUlwZWltYVJxNktZcnZLc3ZSTnc1UEVjRkcxbkc4Ulh2ZUVHS05vNGJiRWhTb0ZBZUl1dWdxNnNyZG1sZ2p0clgzYkt2SE5oOGw2RTh2cnBkcUZiZ0YybXdfOGVIdTFFOXZXaC1CYzV2N21PV1ZhNDNnUGRWZlR1eU04dDlVLWg1ZndScDdWM3dnREJDY1kyNVdIS2dya1VCNGhSd01MWHFn?oc=5","Fox News","US","1778003702000"
"Israel ready to deploy 'entire air force' against Iran if needed: new air force chief","https://news.google.com/rss/articles/CBMitwFBVV95cUxOQWtBS2VXRVUwMWFhUG9UT19ibHcydmhiQVY5c1V4bmVhcmY4N2ZoNXYwTTNydXFwanc4UFM5UDJueFJLNHVTcldzNUtNNTV1T2Fndmc0R3VNNkp0NlVGcDVWVEo0QXhMeV9RWV9WaDExc2dpNnBsM214RGtwNDhjY0thM25HTHpJSFZYMFZ5QVZSZWh3YWFfT2xZRmxWcktkd0Zxdnc3SDNHbVZnd3BDcUR3WGlGa0k?oc=5","Dawn","Pakistan","1778003643000"
"Iran war: US says ceasefire still holds despite clashes","https://news.google.com/rss/articles/CBMilAFBVV95cUxPOHYtRFYxNlFYeW52TnpXd21NSUx5MHhwR0tBdlAzMThZOExTb1RYdm42VmRXd3JHWGk3bVdZZHlFZjVvd1NTTjlkdTdXQlJwWkN3M3d4UWJZSF9BREtWV05ya2MtTTE5YzNUeU0zMUNEdVlGT2lzRTExMEdtNE9hSzE3N1V6dWNlSFhFRE1EcDdOdEs2?oc=5","DW","Europe","1778003528000"
"Trump says Iran stands 'no chance' against US as economic pressure continues","https://news.google.com/rss/articles/CBMiVkFVX3lxTFAzbTM1TUhLOGNqWHY3MHNsa2tfZ1ZrbGlmM1E5M0Rfd01uZDNqcDZyZWZhUUhyMkdqbTRVT2tvb2Z5SGV3SEwzWWhrczRvcXJXZFhZV29n?oc=5","Fox News","US","1778003471000"
"IRGC Navy warns vessels to solely use Iran-designated Strait of Hormuz corridor","https://news.google.com/rss/articles/CBMifEFVX3lxTE5zMV9xNFdISkY4dDZJQTNUd1dseUFMQ1BGbTZKNmxaSm9HVEFyMjdRTTFWaG5SQ2pwYWZlQy1xRU1iYnNqUkdnY2MzTXh5N3BmRXpXUHcwSnYzNVF3X1U0cmJsTXRIdUp6RlpHYjBjNjFmc0h0djFEeUJZTTA?oc=5","Xinhua","China","1778003340000"
"Iran launches new maritime mechanism for vessels transiting Strait of Hormuz: state media","https://news.google.com/rss/articles/CBMivwFBVV95cUxPb2lYa0hnRWJBT1J1MXlGaklYNmR0TUxneUNKS2EyUS1IMjE3VUR4d1ZkRWtfVVhJbUFYblNpckF3Wk43dTFnWmF2M1Bjb2JIeldNVFZFa1hfR28xQWlKcjYwQXpVLVAwdlVZLXNMbVluekJHV3h6Wi1mVnZlMGVKWTB1czZBSk1LaVo3MzFLYkJ3WmFFRnluajlZVjF6TU0zWFZ6Ul9YcXJtQUJ4ODI3T0JrUGV4TjdCSnJ0NVpxWQ?oc=5","Dawn","Pakistan","1778003043000"
"Iran Guards vow ‘firm response’ if ships diverge from declared Hormuz corridor","https://news.google.com/rss/articles/CBMivwFBVV95cUxNV3FfQ1FKWTVpdWZWWkU0RWRPNUl3RUI2Rml3NUsxUUtWSjM5N19yX0JXWTREX0VRZFhtOVdyU2U5aXB2THZvaUQzVENGdE9wUkh5bTNkVTJvOTVWcm1zQWFqUFJ2Q2lBNVVGcTh6MGZvVjFqbk9QandZbFg3NGlaYW9EbmxMR0Jxd0szNUpuT09Qbmp1SVlXbWZRRXBHMUhwVzV3clJzMW9rbG0wVEcxNHVXbTRva0ZEcHJUXzZ1aw?oc=5","The Times of Israel","Israel","1778002965000"
"Iran sets up new mechanism to manage vessel transit through Hormuz","https://news.google.com/rss/articles/CBMiuAFBVV95cUxNN0NSNjJhWU4zcy1MX25YN3hVT1J0QjBEa3pNWU5POU93NUZKUllNaUtaeXpfZjZZa3FQNnh2N0t5QVc0RnM3SmhwUl9HM0NmT0lRTktOdFFxVHV3ZDl3YU5FT2tmNlBSdWJZRVV2R0dpSGwyM1JYMEE3SEVRS19oNU1xQnEzZmkyZUFMSFF5MzJjQjRuSEtJT2piR2thSGpZVThUN2NIZFZoc3p5SWp3eFE0SEkybFBL?oc=5","Reuters","Global","1778002932000"
"Trump says Iran should wave the 'white flag of surrender'","https://news.google.com/rss/articles/CBMiZ0FVX3lxTE1yTGVIck9VY0NFcFhlby12SG1aOFI2ZU5lTndtQ3FRWmd6b2U5V0JnNUtiaFQ0bVJ5OXVGeFlEOFBIV0kzMmdSRFJXbzFNdTdpdFJRNm1YLTRSN05pTmNYdVJqMkxUVDg?oc=5","Reuters","Global","1778002897000"
"Hegseth shoots down Iran 'kamikaze dolphins' — leaves US question open","https://news.google.com/rss/articles/CBMioAFBVV95cUxNM3c1SGZSU3hKQXozTzJSMndwNUdHYkVGMFUxWHJ2OXY0WkdMTDN0VTFocWJ2dnV0QlJuZkZwTjYxbjl0dXlfbWpnN1E3bWttWndlMUxuTmFRZ3VLRmVUd3otVnFLSVgzZGNRRFJXQnQxZmRnd1FDbXFYNjJ1YkhiRjJjeHdnZUpxX0gyZkhiWkRGcUs0RUVPbDN4Y3drdkkw0gGmAUFVX3lxTE95SC1TUklXa0IwTVdXc3FvOEZ0bkgwajBUalJzMU5rRXFJNnNIY292amVJV25kVkN5eGVjbEV0TzVyQzFITERwLWpJdDVHU01GMWIwbHdoaFNoNTZTTEtCaWRvVFZRMk1Id3pSSUtKaUVoRy1UMXZhQUFFWDZxZTA0VF83empfb0NYYlRBUGtsQzBCNFVKcjE2dEhsdWhzTkJtM3JYb1E?oc=5","Fox News","US","1778002823000"
"Israel ready to deploy ‘entire air force’ against Iran if needed: New chief","https://news.google.com/rss/articles/CBMiygFBVV95cUxQSWRkSjltNGY5TElKVm9yYTdpUXZnaG1oaEJhdGhtUEpsZllZM21TcmU4NDhNR1dzVDBFWlJNeDBVdDZHdDJPTThfaXB2VWJtMFhUYkxjeGNMWV9DcXlMQThHM2taY2Y3WXhCcVZWUUNuZWY5ZVdKUGhwVGZ6bE5mZVVpaEFENzVEVXpvMS01ZjhDd0tMZEZ4UDFPNG9vemJrejMzRGF3TWZfZThFV1ZJYzhLWnl0X1Buc1Z0Y2xvUUJsYlhXLTBmUGtR0gHPAUFVX3lxTE8xYzBuVUVEa2Rpb3FDRVRCSnJWbjRPWjJIVllIMXg3TXJscUhRN1JVcVAyVG1qSl90YjJmWGZfZnBQZkxTWEJndnFleVd6OGNpemt4a2JoSThwZ1Z6UURWVF91OU1zOFZFaVRVcmxfSGtiZUJCbU1McFN5aVFIWk5NMnk2RTAxdHhfR0RYVEpzbGpJMWlqc3p4bDZkZ2kxWkxtWDRscFdPaGFzLTdpWThSQWlLWS02cjBnUENXWkp1V0Q5YmRpQml2cjlYS1RKUQ?oc=5","Al Arabiya","Arab","1778002680000"
"The Cheap Guided Rockets U.S. Forces Use Against Iranian Drones","https://news.google.com/rss/articles/CBMie0FVX3lxTFBEamMwVWZMN0ItZ0VBYzY3X0JIcUJadmJFZGM4SU5HZGgtaElEU0RiOEdqSjRNUEZhT2s2bkkwNGJyNkp4SHYxLTFYZzM2SGdsM1plTE1wZHBxdVc5RmxaeUUwVVFBaEhkUmNkbUFfNUlqTGU4cXA5ZEJYYw?oc=5","The New York Times","US","1778002518000"
"Trump hits out at Pope Leo again over Iran conflict","https://news.google.com/rss/articles/CBMilwFBVV95cUxNVmFPQ203ZnRuQVBib21Xdmhid08zYWd4ZjUyUlA4THhTMGoxLUczSnREdWxxcURFM01pTUs3MHJhZFBlLU5YbVNuanNRd1JsbEx5WUF0NHluS01jeGppYmk3VzB2SFI5MURVYUNGOHBtRGlpWHhHMDVzcUJISElQd0oyTFRDcWVnSFpyeEEzdnByVHlfb1E4?oc=5","The Independent","UK","1778002500000"
"‘We're helping 1.5 million people fewer today than we were before the war’ with Iran, says World Food Program executive","https://news.google.com/rss/articles/CBMibkFVX3lxTE1vMU45c2RpQzBmWFZpZmZSVnBOT21ZNWdLY0FoYUYxNlo4WlEyVWR6cnhMQUNmMHhuMmpsNlIzbEJUUVBsX2N4TlNRV2IzMWNLUnFod3kwN2xma0RUZXh6MWtBbEZNaGluOWRDeDZB?oc=5","CNN","US","1778002306000"
"Video: U.S. and Iran Make Competing Claims Over Strait of Hormuz","https://news.google.com/rss/articles/CBMilAFBVV95cUxPQ0hGcXRTSkJjMlFnVXM0QnZFTGlZbHRKanFTcl9ycVJLTVpqWUloTFc0UTliVkMyNW9GR0tpUDlEbUhyZE9scnVkSjdQV0ZDVTRJUXdkNDk4VjBzU2lUVDdqTzFDUW9RNk9wbkQyT3NaV0lUMk9qWG1yeUZUUlBTTlBqZm5NM0dfbGtjY2RacENrRXlr?oc=5","The New York Times","US","1778002209000"
"A veneer of normality has returned to Tehran, but fears for the future are rife","https://news.google.com/rss/articles/CBMiwgFBVV95cUxPWGdiQnRkVl90aXZZa2I5VVBtMmlFWkZKeXJFcUFyVFRrdEI3WnJORGtaYzlFYXNZWDVPSk1BdENJUTNPOUVvMUROOEpreS11eDkwV3Q5TmZEVXdnVEdtMmRuakdrcGRYX3ZNUWhUUlNyQk9qTHpEREFPZ3Ytd2gtdTFuenUtc1doczUxN0w3UEFYeUpKX2QzaGlSS0dXajBER1d6VmUtOVhMR0lTdnFhTktkZHFJNmJMN0hDeDZheXdYZw?oc=5","The Guardian","UK","1778002140000"
"How We Forced Britain to Finally Name the IRGC for What It Is","https://news.google.com/rss/articles/CBMimgFBVV95cUxORWtRTkdwd3dIbVF0LWhMRnNGak1pbnZKR0NpR1NqWFhSck40TEcxUkY5RTdyRFpVQWd3VlRqUG9yYTQ5dUVub29EeERnVVoyR1Z6TmUwZWtSczVMU0ozQWtHLVVFcGZSLTdWVlNwWE9Nb3A3eFlQZFRZdk9iWnhwTE5xT0lBUFJVWXVYdUprem15bVBVTkFsdlBB?oc=5","The Times of Israel","Israel","1778002140000"
"World Business Report | What's life like for seafarers stuck in the Strait of Hormuz?","https://news.google.com/rss/articles/CBMiUEFVX3lxTE9GVFNqMWpkQ1A2ZzRWR2puLUp5QmpvNDFsb2tsVWtReFdVZjFtLUF2anA5OW1oZ1RGaUloY2NCNFUtZ0h4djFBdlF1dzBkMkVL?oc=5","BBC","Global","1778002099000"
"Trump skips ceasefire red line, claiming Iran wants deal","https://news.google.com/rss/articles/CBMifEFVX3lxTFA0a1dGVnlIV2t2dUNXRmVoSzkxOTZNMkZoa0MwVUdfdkw0N2xEQXdCbF9xeFJHandwSmR1RnFPS1NUVEtBTGd5N0p3SjRRS2M1b3hPZFFncHE5S0VPZElxcjd6bTZrR092Y1M1SmRCYmV2aWtXZ0UzNTVsMTA?oc=5","Xinhua","China","1778002080000"
"Report: Trump nearly ordered Iran strikes in recent days, but held off after new proposal from Tehran","https://news.google.com/rss/articles/CBMi3gFBVV95cUxOX1k4MjU0U2xQTVBHYkV3WUpFZHQ5RU9hUlJGcHN2SnVxdHc2bmg1Wld1ME1tU0xEMkNwVHRKYXQ4MV9UbXBGMDJwcE0yRl9PZW9xbk9jd3F0bjVOVHRkRlhPeW83OXN2eXFDaDhJNnZMZ1N1SDZER0tHanRYc0QtMEd0dFhfODNUXzZNWnpGS1lMWmlDUDN0NVFuN1hqX0otUi1Idl94VVQ3M1p5T0dQUUxNclNjTG1XbzZHdTEzU09rbUVvM2Iyc1JHajlEZmptMDhhSllJbHBMUTlvcUE?oc=5","The Times of Israel","Israel","1778002028000"
"Diet Coke parties' boom in India as Iran war sparks shortage","https://news.google.com/rss/articles/CBMiowFBVV95cUxPX05seHJQVW9jVVE4YVJOVjFRWEZMaGdiQTBrb05fWHl0cDNfY0xDSnpNRDBIcnpGYy0zdmd5bnlMOE5vMWV1SmFwaTdqR2RoTDJXNVB5M0dKY05IQm10c2FHekE0MGdKLUhxclpiOEx2eV9qUDI5dzRCUFA4bzc3VGFYRm1FMU1WNTlOTDlkdU9rVHNaUzhtQ0FvS0tPekdNV1NB?oc=5","New York Post","US","1778001960000"
"Exclusive: Iran launches new maritime mechanism for vessels transiting Strait of Hormuz","https://news.google.com/rss/articles/CBMi0wFBVV95cUxNeE1hcjgwYTJRUER5dEhvQWdBTzNlZkZ6XzRkVEtvY0JSamY4cHprR2NQdzZvYXRHQkJncWVDMGd6Ul80MWZEWGFEU3A2T18xNWJtT28xMlRHYm1qaklxZDZSTTVfNVhtQThNdWtHSEZ1RWV6b0RweERsa245Z0VHVzZxMVBsNWxkakxzQlphcHp4cjVKeTk3S0xlNHl5WUR4ZHNaTUxXcDJsNEhxVWY1Z2tsQlhNODJ1aWtJZ3dKRllWQjJrZTZNSWVUX01qMTFRQlo0?oc=5","Press TV","Iran","1778001900000"
"Iran ‘weighs up sending mine-carrying dolphins to Hormuz’","https://news.google.com/rss/articles/CBMinAFBVV95cUxQeWNrb2pRUzNkSFlBeDd6T1hkdG9DYkR4YlZxVGY2QkRXM05rVndqSThtX3JwNXMyTGUwX0JQcU1sQWh3QjQtZHc4QjUzZnE1LTdhQ2hqZnBwb3hFVF9HZUdJSGZMM2pPcjE3cWxnU2ZvdGRsTnY4RDR3N1VyTC1lSzA5SWFlWlpYQkotR3hqZ3g1Yk9WbVR2ekJLZFk?oc=5","The Telegraph","UK","1778001840000"
"Middle East ceasefire on the brink as Iran strikes UAE and warns ‘we’re just getting started’","https://news.google.com/rss/articles/CBMipAFBVV95cUxNaGhRMUlvV2djQ0VYZlVYQjBwR3NsSGlIeVZLeGR1TlVKQWhOOFZHQjJQN1NGSFFNQkNtVldiSk55bWxpRmJHSENENkFDRnB0aldfVnp5R2xzQ0dmcTZLX3FNUDhoYWxoWldCVEZIWlpVMENrd1VTdmNUVXZBZW8xcC1oQUNmTE1COWc0dTFXVk0ybW44T0VXY3V5aXRlTmdOVHl6eQ?oc=5","The Independent","UK","1778001720000"
"Bypassing the Strait of Hormuz","https://news.google.com/rss/articles/CBMicEFVX3lxTE95aHZIcFhvcjg5ZS1jbFpIQU1kNDNCby1ZYjZnU2ZmUzdlUTNic1VUUGdKUHF4X0NCWEQ0MVl5ZTB1VVNXdjRVckJXb2hkajh0STNwbEJZMHk0U0xaVm50TW44emZXTTRsbUVNREZ0LWI?oc=5","Financial Times","Global","1778001637000"
"Egyptian, UAE presidents discuss Iran's recent attacks on UAE","https://news.google.com/rss/articles/CBMifEFVX3lxTE9UY3I1Tzg3MWNVdmxDNUtLbTItbFdCLXpLT0prYW5wYjFFTEhkRjFEQm1yTml2U2hpeDQ0dmhOSVVyczJWdS1SeElKQXVtQUR6d2pXNDlCcFFPZXFOSHVPM1h1dHNPdFViMU1YVlRJWDlCSEl0a3pXTmI0dFM?oc=5","Xinhua","China","1778001585000"
"Democrats urge Rubio to acknowledge Israel possesses nuclear weapons amid Iran war","https://news.google.com/rss/articles/CBMimwFBVV95cUxPUGZmXzJjUG55RklkMG9RWjJTMW1PVDJ2Tm9lV3ZPcHJKTldlXzlHbGxhdXR4ZkhvRGJLQ1ZpWHlIY0VkQmVUZ2M1dmJGVzJyQ1JzNGRWektib1VKQmVITzc5dS16LVI4dHBLRDRiZldEbVgybEZ4cTVHOVdhOWNNV3RQMXlpcDhHaldTNEpDTlFwaXZfbC0tcm9KZw?oc=5","The Guardian","UK","1778001060000"
"Iranian officials united: Strait of Hormuz would be unbearable for US","https://news.google.com/rss/articles/CBMivgFBVV95cUxPSnBxaTdRU2l5VXE5a2xuNk8zdkJobHB5cFlKNTdodkZWdnY0MTQ0QUVnVjF4dUE4bEMwa2NIYkxOSHRmMGtaRXZpMndPajBGLTBBRXdDeklFTmNhTldVTmg2NmpDNko3N3RoTHhtT1FJVjVwbEVJWWROS0pucU03aFByUjNQal9kd1BkanhYREU4bFFXVkt3WGhjY2FtY3ZxS3NyX2ZrUmJMdWN3WFVCTkUxR3gwVm44SDAzSzJR?oc=5","Press TV","Iran","1778000700000"
"Proposed UN resolution threatens Iran with sanctions over navigation freedom","https://news.google.com/rss/articles/CBMizwFBVV95cUxQb1hBaHJOS3l0ZVpSaDVZczFQdjFjZ0hUQXV1MFhxdVFyNnJsVWhGQTRfZXVLVW41NUgtNzN5MVZrWGFxRXJpajdXRHZXVUR4cWtZTVBjYWZUUXBweXhPYUVaREFqYUR4Sk0yVDBHVWx1Z0xCc3VybnZYWFhUaFo1UVk2aWRmbUlSdmJxb0hGb2lRSTg5WGdKeVFCSndBZzM0MHBEV3ExYXNLeUZybEw1TWFNc2xmMUh1OWlfRUEtcW5LZUlLNW4tQjIzd2k2QU3SAdQBQVVfeXFMTXgzOTU2Q09yNVNpd3E0MFJ2UU14cWdhSDBrdV9ha2FBMFlKYTI4d1NfVXg1amtkdHV0MVUwLWV6cWRZeHVldWhmMzhLdGl1d05Vb2ZvN05vbzBqRnNkaTFCeWhNQXFJblZKWlZBeWJaU1o3SjZzcU5Mdkx3NVJXeGF3ZzhOWlp1N1dkWFR0ZW96MWdWTTJ2RTVHVXE0MExJRE9ZRklzbVdMQ2ZDOEU0OEJlZ1BKeFFtZGhZV1VQbmxZNUNNQnpuOWc2VVpzWkVTcUZEY2w?oc=5","Al Arabiya","Arab","1778000520000"
"Donald Trump must defeat Iran’s terror regime - opinion","https://news.google.com/rss/articles/CBMiV0FVX3lxTE42bWxUUDRVMXNBR3F0QzRDaENCY25BTDVUNjVZZmx1SjFkZVBWcWxlZ1BzSUpDRV9Nck9yZ3FWR3pfUGluNTRWemN6WEZlZ0tSYnEwZ08tZw?oc=5","The Jerusalem Post","Israel","1778000420000"
"Trump calls Iran war a 'little skirmish'","https://news.google.com/rss/articles/CBMifEFVX3lxTE9ZbDNOUlVmSldPamdZWklXSktoS2ZJcDQtOFpVczRKVDV0ZDhOcXNxVmZhV1I3RzkzdFQ0ZTAtVXhNWENLZ1FhVTRnTGYtTFdCemJjNWxDRm5sNG9YU01zVjRxWTNVdGl5WV9EeFJYNWRMdkhxTGg5T1lGSkQ?oc=5","Dawn","Pakistan","1778000417000"
"Proposed UN resolution threatens Iran with sanctions if it doesn't allow freedom of navigation","https://news.google.com/rss/articles/CBMiogFBVV95cUxPRDhvYmZiWXdNeVFkR3pFZzhMdEhrSndnSldMT3hFUkFQNnk3eTUxdzlLNzM1N05ZUnhabWVPNWtQeVUzRkFpY2xjREFxbS1sV1Z0Z3RRY3RvUEpZUlNOZEE1dnZ4SWwtN2x0c1hRTjJSS3BtU0FQcmE3dkVTN2RFajhGUm9Vb3EtdWdkQ0hjenpzWV9VcW1GVDdxZGlicnEtanc?oc=5","Associated Press","Global","1778000340000"
"Ten Hurt in Fire at Shopping Center West of Tehran","https://news.google.com/rss/articles/CBMiigFBVV95cUxOTGt6VzFMby00ajRMazcwNHQxMWh6eVhBelZtcW9RcUs4aW0zcnB2bnhnbl93eXM1VThYeHhoVlpjcWppZjNmd0duM1NVRTFjdHhHZWJ2dDBPMElwY2p2VnZ6MDhHTXF1WXRUNG5VSDRrRU5uZldicWdrRHdZYzFudGNoUG5RSUwzN0E?oc=5","Asharq Al-Awsat","Arab","1778000310000"
"UAE comes under Iranian attacks for second consecutive day","https://news.google.com/rss/articles/CBMikwFBVV95cUxQbFQ0UXZtM0UySE44QlhvZ2wwYUJOVTB6WnRxOHF6Y2Y0TDdTOFIyanF5YVh1cU05Y0h0cElzaXJXTUJPZnc5ZEVaNlpVXzUtb3JUOU9VUlFhMGhNUG5KdVUzRW95QTU0aWdzYjNhUHhua28tbkhvVW5Rc2NEV2tpSldzYUhkM3M5c0NkeGg2cjB6MGc?oc=5","Al Jazeera","Arab","1778000109000"
"X strips Iran foreign ministry spokesman of blue checkmark; Tehran decries ""selective censorship""","https://news.google.com/rss/articles/CBMifEFVX3lxTFBNTXVjN0dsaGUxZlduQk1pQ3BHMExTR1hhRVVabXhOY0xQT1BjLU8xWVlacFFaUHZ4YXJWRlBFanBiXzhrRkZZRF91WkpMcWNFcEdqZ2pzcml0QkEtQUhqWTBKNTlzSUdWRDNaeFc0ckFlUnZZb3VNV09DemM?oc=5","Xinhua","China","1777999920000"
"Trump Praises China’s Conduct Amid Iran War","https://news.google.com/rss/articles/CBMinAFBVV95cUxOZXhVLXZoTEpuZXFOaERpc0ZJRkk4bjBxY2tITFprNjBETUNIVzFZTEdrcDc3TVFIRGFReDBRREpMS2ZmVXd5aEszMzNJdEN2M29Qak5acXYzbmxHajI5ZDVHb2hRd0RXTDlTd2VRVnR0VDFKa0k4YWFkYTR3WWxOcFVGZmxKSGJYc21UTk81bnhfVUJPWDA4ZFNabTnSAaIBQVVfeXFMUHo2NVI3YTJOU2V3M3l1UFpzLVo4ZVd2c2M1ek81S3g4aWg3dXlFRTdnN3hjSmhvVjNXaTh6eFZUbzVDMDlGZmRiVm43cTRQMUYzN19WcGU4OTAwZXZRa0ljcXZqeXZieHN2UnJMOS1UeU5nb284dzBMV3BkWTBmTmR3Wnk1MC1mSnZrYUhZZVB6X2dBM3hFQ2hUX0RzblhmRnVB?oc=5","Al Arabiya","Arab","1777999906000"
"Iranian strike hits UAE as Strait of Hormuz crisis widens","https://news.google.com/rss/articles/CBMimgFBVV95cUxNSUlfaGkyRUQ1d3A1ZTB1SE4yUlVsWVVqcGxKV2Z6NDhMUDB5ZHZVRUg1YkNFMEVHVFpNS2REdEpfdVVCMHU3QmhOY3lMMV9rek00Z285allBU2RQcFNfakNXSWJtZXREUkVsQjdOUkJ6WkpDUTFZTmt5M2R2enBBU1lXMGhfaDhLaXRMZWtyQ3F6MHFPTjF1T1hB?oc=5","DW","Europe","1777999880000"
"Trump says China has not been challenging the US when it comes to Iran","https://news.google.com/rss/articles/CBMiVkFVX3lxTE10d2RzT3pKQWNhTmtEdXI0eVVhbFIzajE4dlEzNThIUlpiZlRKOXBhUWRFLURCMHRxdWlhQVVPQTRFandwRGZuRUFsWnIzT0pxM1dWYjZR?oc=5","Fox News","US","1777999845000"
"Pakistani military urges restraint as US-Iran tensions rise","https://news.google.com/rss/articles/CBMiqAFBVV95cUxPblB4UFlQNy13c3RGVWFwS1l2N1dwdjAwZl9JaXlzcnQ4SUlOb1JsMVNNbDJnVklUSk43VEp3UlZZZUV0WkpNMUJ0VF90NnRWRk1LbWpMcUE4Yk9NeC1SQnpDVlhTYmppM0NSSXJwV1psTlNpdVJUQkRlWDY4RmlrcHFWRlNaVS01MENqRHJJN1V0OHVYNHZxN1hFMDlqUmxJbmx2eVRtbGg?oc=5","The Times of Israel","Israel","1777999627000"
"Trump says Iran 'should wave the white flag of surrender' as US has completely destroyed its army","https://news.google.com/rss/articles/CBMizAFBVV95cUxQQ0pSRXZ6eWN4d0FsbnZLVFYxUkVtM0pGM013R1Y4S3hhQUxyMlh4TUpIY2N3M0ppblBIWU9WQUtlLWlhZDBPSzY5cGpqSHIxUVRzZ25CemNMQmFCajNnYnc5OXJxcXNHWFpsNkFySmZ6Rk5HQzRrUW9NaGkwRnVmbDZHS1FJVUdmYWRLVWNsUzVLU2lpeXBIc2xoVVdCSV9IbmRXUExjUjQ1cG5PN2N3VUVmN0VBS09fWGdJOURWdEYxN08zZ1pGUTNiQzfSAdQBQVVfeXFMTy1ENkw3MFEwdHBIZHRBbUZNeXp4cy1NYXNSLWdOelpZdmkzZmtGZE1FNDNPbDVTYzh3TzBOT05weTJBdzlISEJDZFBuS0tOa1RvQTJXaDhfV19aTXZJczJpdk1tdEtjM1oxeGh6WlR1TE5XSXNEYmlhRFlydmlMWG5fd1ZoSHFQSEJFQ2JqUzczd3hPTWJNTGlZMUp6NkFHbTV0c3dYQ25KV09DY184SGhsNHU5NHZQbVZBWEJESFBSR3FlczE3OC16NkRjdDJEdlh2S0Q?oc=5","The Express Tribune","Pakistan","1777999465000"
"Jailed Iranian Nobel prize winner Narges Mohammadi ‘between life and death’","https://news.google.com/rss/articles/CBMiuwFBVV95cUxPWm80TkdxaHJDYzVjbzIyblZLUlJYYmVxdEkzbmhud1cxaWVic3FUb0YxcnF3emkyeVZMMnIxVm9yNVo2NW90am95c2ptTk9wUjhXdWRmYllTSDZ1WUpRYWYzT3ZoaVVVMzlkRThIT1lNNWl0NHJ0NXBHR25GNFZPSFZRWUNhSEpEaG50ZkRhZVhpckkwSzFKVWdUY3pBZlE1dWtma0F3WXBqWC1tQlhEQUJST01wZ2FKNE9J?oc=5","The Guardian","UK","1777999320000"
"Iran Ceasefire Holds, SEC Introduces Semiannual Reporting, More","https://news.google.com/rss/articles/CBMirgFBVV95cUxNRFVKSUp5Q1VxbXpoZFVXUVRFWDRBREg3WFdjTEVYR2ZBZUVLcGdKbGY4Q3MzY2U3blJrWk1GZFFVUXZZdVJjVGtTZkFVZmUyVVpVc0xFeXQtb3FCaTJoeFFwaDIwWFJ3YklQMmRIZ013czEyeUQteV9WeHg1ZUQ2MTFsUmVjdGZENTc0ZG5sTEw1dVNlclhVNGpZSjF3TXpsOTJaRUhPM0ViNk1TeGc?oc=5","Bloomberg","Global","1777998836000"
"Trump: Iran 'should wave the white flag of surrender'","https://news.google.com/rss/articles/CBMiXkFVX3lxTE1raVlDUHZUbldIVDJzaDFGYXFZVE9qeTdhaVR1aF9ybzZ4ZmNnc2V1c2JkNllTMDJsUWZDWmNfVFZOYTk3blpGWXA3dDJudFlGbFhuUmtqeHlTSDdxRHc?oc=5","Arab News","Arab","1777998733000"
"Trump describes Iranian protester shooting in front of kids at Oval Office event","https://news.google.com/rss/articles/CBMioAFBVV95cUxONzFWLTh6ZU9vV2N6VWNzaF9kenIwaFM5RF9rbDZYNkstZnhidmY5Uk9FWkRzLUpUV2J3MTVwSXozNjlVMy1pbjAzZnAzMnk0UDJBSG5sZ0lrWjJha2FySjhHazEzMHNxRERzTnpLbG1uTkc0cEo3WEtkX3BJMjRtT1dhVC1lSkt1Yy1yZzg1U3l4bHhyTVdrYm92bzNQdGVD?oc=5","The Independent","UK","1777998720000"
"Stock market resilient despite Iran war","https://news.google.com/rss/articles/CBMiWEFVX3lxTE9ZVnJ2QzYwU1U1QVc3aWlYdDcwclhvck5GM0M4WU5aQlE3UnFrYVp1X3NFSnFlcWxqTFF6RzNZeFVuQ20tY0YxUEh0dl85cm5QM0szQS11bFo?oc=5","BBC","Global","1777998638000"
"Iran’s judiciary vows action against ‘enemy’s mercenaries’ amid executions","https://news.google.com/rss/articles/CBMirwFBVV95cUxQT28zeS1Sc3J1OTV6ZTMyZU95ZUsxLXFBdVBjQ184dnQtcEpuT3BfY09wOW95Z3VMaHdGSjJxaTdvdWhibjBQVVdZRUdGc0RHV29fSnBkQW5hWWlZajhzTjJ6LUVOUG5NdnNuNXBROEFxdHBmWjl6T0FPT2lZT3FPb3VhTjllRE45aWMxdU9OWm9fWWc0WU81X2pyLV9KNTBLZ2czenRxQkZWVjEzdVpV0gG0AUFVX3lxTE9LWU10UFV2RXpfS1Ffd1FKV0pPRzhjbVROTjNhZXU3NlppRmp3dzlfLVFoV28wZHBMd2g5UThkX21VOEtKTXBiM1ZUbVBhZ3VWeEFYVUpJdVZVU29wZXNkRFE2UFloNlQzX3V6aS02N1ZFa093MS1CR3FSaGdaRWVveTkwcXozbUYyck5vYWx1SGVCTFJpRUh0bS1NR0RkM0lqT2hCc2Y0dFlHOFl2aFM1eUlSdg?oc=5","Al Jazeera","Arab","1777998522000"
"Proposed UN resolution threatens Iran with sanctions over attacks on Strait of Hormuz","https://news.google.com/rss/articles/CBMiywFBVV95cUxPM2plQVdza3NZSDAzUWZkeUx4NUJUMDZ5RVZlTkVseG9nVmg2RmVQNWNVczRmcUw1azhZYmhuTWxSeDZQZXpuRk5iR1lFRjJOSlRyRXpVUUNGT2lQLURIMFBzWjU2MGNYeG1UNFFCT1lta3JtbjNOem9JN1Y2V0hLUHliRXpZSnpxU05MYl9UT3lOYkxGVFQ4cTg3MzNMYVdpamg5d3Vabzlacy1YSVl3YzNTdXZjeU5Ec3BjbzF6OTY5b1JOdjZ6RXF6cw?oc=5","The Times of Israel","Israel","1777998422000"
"Hegseth ‘war criminal’ and ‘murderer’ over Iran boat attacks: Ex-UN official","https://news.google.com/rss/articles/CBMiwwFBVV95cUxOeGM3ZjRXcUtXVTZmNzBxVGVnNW56OERualdJbVJPR0xpcURJWXRmOHhlUDFnQ0ZUWjdkdUtXZjNlSkt6ZU81aXgxSXpDYnVlX2lySVEyWjVxWE5mTHdsOVFTR0szdXlDQVlwNG5oakxxYU1LNkdYTHZVNm1IVFJudllHWmY5b1AtVDRKQ3J3VnNJcWlUbklVSGl2UDdmRHY2UnBRUU9RdzBlZS1teWEzeUlQUFJuY2czUWVSb2RPX1hQcGM?oc=5","Press TV","Iran","1777998180000"
"Iran reiterates warning to shipping firms to avoid Strait of Hormuz without Tehran's approval","https://news.google.com/rss/articles/CBMifEFVX3lxTE9IUjd6Y0U5Ul9FV2VnVGEydTd2dTRQSU8taHZoOEJ0clNTaVF6eVZGWFRQUll3TUFwSXBzQ1pWTjVjZEZvRlBleGxvTHNaaFBHQ0RWbjlITkNITW1VdHNEWXVYblpkTG0tTmtIeXNTODljZzNYUm1MRC1jY0g?oc=5","Xinhua","China","1777997835000"
"Trump describes Iran war horrors in Oval Office full of kids: ‘Right between the eyes’","https://news.google.com/rss/articles/CBMiuAFBVV95cUxQcGJrcnBBLU1FdS1VZjVXQm5hYzZNLXNQMWQ5Unl1M1haQmNiN19PVHIxS3NrX294VnR4YW1nY2xCZ2ZIV29TWlFwdUlpRDV5Nkhsb3gtZTFldzhXYU90d3pmVjE4T2RZZkVFM3J4YktMSmhyY3lDVUEyQnNkdEE3TVV6THh2dDBtcGdjbnlrYU1HSVNCcmo3aHJscnc1UTRaVnBVY3pkMzA0UVZ0ZmlxNFhYRlNpYUFl?oc=5","The Independent","UK","1777997820000"
"Has Trump’s ‘Project Freedom’ reignited war with Iran? | The Latest","https://news.google.com/rss/articles/CBMisgFBVV95cUxNMHlQZ0xHSm9rdUZaSHhpS2szaDNUZnhxZzdMZFktWXN0bWduQUJIVC0teXg1UE9RVlpHckh2eEUyMUxNTXZpZGxxQ1AxaE9OM2xBSUE4WDZYZXRZUkF3ZzBFMlJGZlZTZ2lGZGFJSDlRNC1GMnI3YXhnY2hDbVl5dUtVOEF2OU4zZk0xWEdBM2J1aWZTUllpS1VyRVF3UWQ0RkN1Vm1mNjM1eTNSU3VZTk13?oc=5","The Guardian","UK","1777997520000"
"US 'not looking for a fight' with plan to break Iranian blockade, says Hegseth – video","https://news.google.com/rss/articles/CBMiwwFBVV95cUxOZjVPWmh6bDdkV3pYdTJ0NlQ2NkN2d2JvdzJ2QzVhbkFQalFFRWVMQnNBN0pyU3o5c2RNcVhFS2xYN0NrblJlcEF6MEIxMnNoRkRaMWtkVHZOUm4wTzlxYmdIeGliRnY2elRuNFVzRE5CWVdCcWprTWhMZ0NyYU03NG1odi1MUDVWajhXTkJvQXFRWV8taDZvbjJaV1N2dFIzRTB3ZVRETkN5LTROR2JRWEY2c2ZBSTB6S2lNb2c2NmRNRm8?oc=5","The Guardian","UK","1777997340000"
"Wynn Weighs Delayed Opening of Its UAE Resort Due to Iran War","https://news.google.com/rss/articles/CBMisgFBVV95cUxOWTZTMGhWU1NGTXRuYzNFNEhLRHV6VFFvVmY3aEVVYnl5YlZkR2V4aThtSE5tTThoeW9ZRXc1aFg0Yk13SzBxYTBCdlVsWTF1eXRrV293QkhMT0tkd0NpVVZzMEV4YjJuOVp6WGFxUXlybkVIQnhKdzNidURHQWdzZFdISE9aZmQ3TkFmWkdCT2NLQl9uWWtQbkdZTEJiSVZHTHhGd29xTzZ0bUZ4MnRjMG1n?oc=5","Bloomberg","Global","1777997255000"
"US Says Iran Ceasefire Holds Despite Exchange of Fire; UAE Under Attack","https://news.google.com/rss/articles/CBMirAFBVV95cUxNcHNkeFBSLW5zbUVmRzBpTXpINFh1RVZfeldFcGN6cVdLOWRReTExM1pLRGxSQ2FSQmR5WFRNOXIwTlNicTVYNGgwNy02TDdxYkZCOTBneHZ3M1FQczlwLUpBMGg1aHpxeVpGcU5uODd4cXo5QkYxeDZKWHdaVl9na3VhUkV0NlhmcWF2V2lqc1Bra3ZOZmFvZkNZZjRaSUxEd2xDbUV5Qmk5U2Zh?oc=5","Asharq Al-Awsat","Arab","1777997103000"
"Trump Says Xi Has Been ‘Respectful’ on Iran, Downplaying Strains","https://news.google.com/rss/articles/CBMisgFBVV95cUxQaHE3d19oZ2tKOUxEWWpzOEhxNzNaZ3FqdmJTR04yaGpfMXdialktT3JQZjZoMnBIY3h5SGVjMEtHUWZ5cnR2XzdUck52M2hJaXh5WDk0YnhNaXJLSUFyNXZXRXRyTWl2QmpObVhDb29yV3Fiakc2dmVTRk5CUEpxUDZ2bkJBUjdRS3RsekZWS2RrRHZVMWxnT0FWUHd5NFRiNEY0bEljbklNbEZEaXppeDhR?oc=5","Bloomberg","Global","1777997073000"
"IDF chief says military ‘closely monitoring’ Iran and prepared to ‘respond with force’","https://news.google.com/rss/articles/CBMixwFBVV95cUxPdUVkeC1vTmF1bUFteDlHOFBzWndpRFVTS3pqU3pRelRXTVluQk9ORUU5NnMxVWIzZ0REaEZJRnhrb2pVZWx3Z185RU5MeHRnbzhLQ2xfRUp6ZXJveFFOOERzLXN6WGRsNFpDOGlVNG9WSzdxYlE0VElobDdzWXZNeVQ5dDJWQ05qUjdjRkNjOFU2aDNldFdSZURWSVlCMFJaMDduS0lHUHRTbnE5OUoxaHV3VHc0dngwYkNSRXl2T0liZERhclNr?oc=5","The Times of Israel","Israel","1777996965000"
"Trump says Iran ""should wave the white flag of surrender""","https://news.google.com/rss/articles/CBMipAFBVV95cUxObTRROEttUk9SVUV2b3pBY0NPMEhqU0RQZVE1OFNfTm1kNHFib2NVTmcxcUdlLXF4dzFZcFB0UVNacGdpcHRJR3hOS3Qya3dSemVobGMtLU84OVA1YU5xajB3UDZIY21SSFhhM1ZDUXUwNXAwNkhHODVHbzVFbmh2VzdtOEo5MU5hYlRJQkRKNTBNbGtlb2NnM3FGamkzd21SR1EyTg?oc=5","Reuters","Global","1777996932000"
"Sick Iran Nobel winner at risk of dying in custody, supporters warn","https://news.google.com/rss/articles/CBMiswFBVV95cUxPdHFWcWtoVE1wZ29rQlRRMUstX2pJSVhJbzN5aE1xSERuQ3JwOElIa2lfTVEzR2FZbzJGMTRFSmhNeGZGUHUwRXNzZjJSRnNaNEQwUklIWHRVamdnTjZ4X09JRmJYNllTSy1CNzZxQUdRckRrM3Q1Y0VseV9NdjQ1LTZDRnhPV3ZlMlZxQWpjZnRidk95M2FVbURwWGI2Z2dTdm5rUjRQOGU1Sll5R2lBWVotMA?oc=5","France 24","Europe","1777996751000"
"Iran to US: Abandon your excessive demands","https://news.google.com/rss/articles/CBMiogFBVV95cUxQRExQc3E3d0ROQ0d5alFqbjl1V2xBSlBtU3J1MGNwT0RnRWNuOWZ1ZjUyM0ZkWG1XSU1Zd1JJTVZTLVByTktEWTNIZGFHYVdJOC1hM2t4U290OHpIQVBmYmU2VnE1cnlOcUNvT3JodGlWZXhYU042Qkx1X3JvTkZqQ0dHcWwtM29ZUGdDSlNiUllwV3Bic1hSSkI0SFh6VFpLNEE?oc=5","CGTN","China","1777996731000"
"Trump says Iran knows what not to do in terms of violating ceasefire","https://news.google.com/rss/articles/CBMixAFBVV95cUxOTjhMSnRmWU82MkpRU2ZvMlNYRWZxVHAzemlINWc4OEhhVjgzYWN2TzZDVmZObk5SWDRycTdkS0pSMzUtYjhNU002NWozT2hpNHk2ajhxY25IVUNBVUhVMXRmc3E0azE5MHpsZEVLSUx2OUcwV3BEOXJfTHFRTTAzY0YtZEhOWHF3SHBteC1PQWhENW5lRko5VlpRTFg5UnBYNTVCMzg2a0U5WS1FY0dMT3hocnpGUEdfSFVtUmRzelNfdWUx0gHKAUFVX3lxTE50MzJ5Y0I1YVFRQmtnWm15QXNJRVZlRHRMb2VNbVY4NGs0ZDFNakhXbDUtY0Y1ZXdHQ09zM2pGTFdGcGtzMWVlN292NUp1cl9aclpaOGtjbnJuNE1QU21hSlA0elpGRVc3WEdrOXhmMEtnRGlxTlUwQS11TUExT1ZpUEZ1UGNwN1ZxcVBxX2pxRlNjZXo5UmxSelRuSE41TFJYV1liTDh4bU95ZEVhOFVLbVV0bEJXTFJRVmRmSS05LVA3bEhPaGJWZVE?oc=5","Al Arabiya","Arab","1777996380000"
"Incoming Air Force chief says Israel ‘closely monitoring’ situation in Iran","https://news.google.com/rss/articles/CBMiuwFBVV95cUxOOFNIX3U1N1R2eC04dVB4VDdMX0k0bllNQUVGNmNjRHJVWWNJazc1YkJpYXR5NERNaHFOQVM2ckl4UF9hdGtFcDBRNXVuUkplZFhYQV9BcDlfWmtxa3prYldIYjctcnR1eFB2SWlQbkJ6S0owekJYbTdzbDFNcjNxUlQ5SkpYUTlDd0FIWUJEdUxVYXo1c3E3dkxwczNTSkFZaG1FcUswRkFYTGdzTmZwMnVxVWtGT2ZoOHFn?oc=5","The Times of Israel","Israel","1777996365000"
"US says it redirected 51 vessels from Iranian ports","https://news.google.com/rss/articles/CBMikgFBVV95cUxQeXlTbG0zTWtNNC01d0tnYk5YOFlEY25kOXdNZm00d0lHNGpnRm5iYUh2V3FLWW1VZldGTmlBUENuVDYwSGM3QmFvNTdpNU9YQm85bnhTanZpcjA5WDVVVGs5UGZRR3B2M2wzTnA3STZMUjJwSTZnUUdDZDQ1WEFsNU5kSmpFQ1kwSWlKSEh5NUd3QdIBmgFBVV95cUxNbTJCQTdQa3ZLcUtMMnN6bC1RWXlSR0xPLTZoVE5weHRCSkxqNmZDaHFvQUprY1dpb2dRQl8yMkE0SWZYUFMxR2FZLV9BeDJfaXlWMkV3dXRNQ0NPb29Md1l2N1hyQTN1YURrVWs2QnlOUUg5d2lfb0FfMXQ5SUhid2NrZ2RtelZBWXltaXR5MkxVamtJX3FLZkpB?oc=5","The Express Tribune","Pakistan","1777996255000"
"Has Trump’s ‘Project Freedom’ reignited war with Iran? – The Latest","https://news.google.com/rss/articles/CBMisgFBVV95cUxNaEtOYzlzRGM2YUxCeVd4UFdDLVE0OXI2cUY2Y2pZZFE0dnF5R2REVC1hUzJHcVJqZEdncW8xU180cEktc28tYUJfdVBaUHpjeGNhb0psUnNHUXNVVXRnd2NuVUgzNTIzcG53bkxEbE13TURKLXEzRUVMZVlVNXVSa1FHWG1ESjFiLVNWNkZIZ3gwTE10YUZSbTAtQURoakl1X0J4WTA1aktScW11cXRwOFp3?oc=5","The Guardian","UK","1777996200000"
"British drones could clear mines from Strait of Hormuz","https://news.google.com/rss/articles/CBMipgFBVV95cUxQWVZoeUFEZXVVdE9zTXQ3bjF1QU4xZDV3QVQ3S1JpcllEV1Z4Wnl5cE5UZWRPaVlybkFhRVZYakpjcWVNXzcySzl4ajY4WGJJTUdaQ3Nsd3l5UHNBV0g4S1hVaGk2UW5lRklqT0NjR3J5UG9iZTZVMVB5d0c5M2wzNDlqdVppZ3ZoQ0NOb0gyWm11MWluZ19rMmt1TGhhbmZIMUJmeTFB?oc=5","The Telegraph","UK","1777996200000"
"BREAKING: UAE RESPONDING to new Iran attacks","https://news.google.com/rss/articles/CBMiVkFVX3lxTE5tdWwxeFl4UDNqWF90cktKd1BpeXdpVHctZEFoNm5pdjd5Q2dXOWJlN2dIY0JBZFNXVGpOQzgzTlhCNWUyMU5xQnlaM2J4ZC11R1ZUYUlR?oc=5","Fox News","US","1777996155000"
"President Sheikh Mohamed hails UAE Armed Forces for confronting Iranian attacks","https://news.google.com/rss/articles/CBMizAFBVV95cUxQblN6S3lEUzFyM0VfZkJtU0xqVGhVRm9zbzBLUUQ4b2VHTE1uVHFKdmZvd1hUc0NlOGhxVzJSUVhxaFBJdVNWcmFGLXc2U0hiWnpKdVdYd3RwdkJWZEs1NzJjTDQzUU1yZlJtYXBibXZkM2FnOUVFN0E4aUtnV1l2Z3hlUWdHSTdsdEwybnRHV2ZkSXFpYzZfMWhyOGh4VDhCVWhCSzNuZ2VuV2h4Q285ZldiUUNEV3NTUGhESHBBRHAyTmR6aGJkRVVUaTA?oc=5","The National","Arab","1777995955000"
"US Says Iran Ceasefire Holds, Job Openings Fall Slightly, More","https://news.google.com/rss/articles/CBMirAFBVV95cUxQbzlsOHRNSlR0X3AtLVhnY2xPTHZwZ1VCXy1tb3VqMWtNWEtkQlU2aElwdXY2emoyM0V6M1NQMHZiTWprc00xVk1vdVF2ZGVub3ZPckRLVk1ZUFNjcGF4R3hVSGtFYlUxT2Y5dzNBZVMwUDNtZUJfT2ROM0VrNjBJRnJEb1hPVDRtS1F2dVpUcDBXM1pkWXdzdmM3YnZ3b2pNVUlOWG16MHNnUlNB?oc=5","Bloomberg","Global","1777995696000"
"Iran Nobel Winner Mohammadi ‘Between Life and Death’, Say Supporters","https://news.google.com/rss/articles/CBMiwgFBVV95cUxOd2tzUmVBSG9PSXJVNC1RdTdYd29ULWwzeDQ2bkJlNk9TQjIweVlvcGdocWIyMjJGeUx1TjF1cXV3M3BuUzdHSTJ6eGkyN3YxYnk0MkR3TVVkUkQ2dE1fSlQ4YVdraDZfMjdTU2F6cGhNN19qQVdsdFpOdVlsNlNQRjFkbE5td2U0cm42QUViYVBFOFA2dTA5SHloUV9wcnRGQkppN1docGtMR2tlNTVYQXg1dkxjM0dkV2NHbHUxMW1fUQ?oc=5","Asharq Al-Awsat","Arab","1777995667000"
"Iran ceasefire ‘not over,’ US ‘not looking for a fight,’ Hegseth says after Tehran fires on Gulf","https://news.google.com/rss/articles/CBMivgFBVV95cUxNSV9UOFNWY3QyRnM5dWZzbl9xcTRfMFEyMzlhQjh5UkRxSWhwY0h6ZTE5N1VobXktdUJnMmM5bUFoNDNpSC11eFhSWTlPYmNIVXhkQTZ0a3VIUi15dmRXOG5PQ1NMZnhTTFNycUZNcElzRWtEU3RBOG5nNE1waTBnN3dNcXR2WmFYMDJoWlllOXp0WURWWnZzUGl4WURoWktLRW96em85WDJCZjREY3p2RmpiQUJSNll1SmJmMHVB?oc=5","The Times of Israel","Israel","1777995658000"
"Outgoing Air Force chief: Israel worked closely with US on Iran, but won't cede independence","https://news.google.com/rss/articles/CBMi0AFBVV95cUxPRU13UnpQRUoycFR5Q0VSajdTVHZHYVBfNl9Ddk9ZaVROU2dIY0N6ZDNnMzFIR3RVVjJLU1oyV3EtY0hPZEU2SU5DaUNGWmxrZFhfMzNhMXFQbFRVbi1wbkhMVlBqYjNZcU9BZVNDczU0Q1JyQTd6VVdFdFYtRGxURFdSbXBlYkFpRTYtbXdrcEh3TTNLdFhHSjdEZE02M1kwemxraERZTlNOYlpCZFB2aUtXaVd3LTBHYjNIZzF4ZGxiRGVJNVBmUDVYR2YwdFh5?oc=5","The Times of Israel","Israel","1777995465000"
"Euro zone bond yields inch lower with Strait of Hormuz in focus","https://news.google.com/rss/articles/CBMipAFBVV95cUxPcVRTRmdxVzlCSUM3NU9IMVM2dEY0NkY1MUpWdlRvT29VS2p1VWRHTnc2XzU0MzhVaUFQdk1VRHlGRGQ3eDQ3OWowUDdtQkNDbjdQejNQQUxJYWRDSnRmR1ZsTHE2TUVkd0tmQWViTkpBSVk4RWZoQzBYTnBIQTJaa0FucnJWUXZkRGktZEZhQnBsWEpBOXZDblRTYmk4aUtXZVA2Rw?oc=5","Reuters","Global","1777995345000"
"Americans have spent $24bn extra on gas in two months since start of Iran war","https://news.google.com/rss/articles/CBMikAFBVV95cUxQUUJwM0otOHlEaHpudmYtbnZ5MVJXcFY5eGo5ekJUMmI3Qk5KOWxsQlZNWi1JWElzLXRqcG5fSnljalB6REhoODhGNUFvZlNSLWZmLUwzWXlvdzFhMm94NElmbUx2SF9YVGdMS1ZfVmtqRmZiaUFmYXpOTXpUMUV2eGx5em16S1Q4ejZrTHFiVzQ?oc=5","The Independent","UK","1777994940000"
"Hegseth says US ‘hasn’t capitulated on anything’ regarding Iran","https://news.google.com/rss/articles/CBMirwFBVV95cUxNcjJZQk1raGRGNnh5X1F0WkhpV0xTSWNnSVE4d2laek1aQUdJOGxCM1FxeUZVWmtzcUQzbHlrYTZmSGFXNEE3T2RZODh4a3VIOUcwZU1IM3dJcFRfa0Ztc3BjeGxCX2pjakRQR014eXZxMlpCQ2M4cTdQaXFWdVlXVnJ6YjIwS0F1dFdmTGJ1YnJMOXFsRjA2ZlNVc1FEaDVQbWZhMThvRTFzNVZmZHdB0gG0AUFVX3lxTE1fWkd0WFRRWURJOFF0eXp2ZTVGdnVwOC1xYjFNalNoOGFPSG9NOGJ6RkJrUExoSEs1NjU0emVROEtRX291NzZvMXRSNHg5YVNkNHZ2SlpjaFlYQ3VLMXNhMkhpWlZObzF3S2RIVU0tcTluUFd5R1VTUEtkUzg1U21vNU1sRWxRZXVUTHl3VEFfcWhnbmRhOUJpdi1zZG42R0MwUnFuUzllXzRzRUFDd0JOZEZTNA?oc=5","Al Jazeera","Arab","1777994752000"
"Safety first: How UAE schools made swift return to remote learning after latest Iranian attacks","https://news.google.com/rss/articles/CBMi4AFBVV95cUxORjVEQ2lsODMtTUt2NndlQnUyOWU0VVBva3dHd09YcTZRYmYzYlBFT3FyY3dldmg4ZFVnTU1Ocmlxa29ZbmlPOUxNT05XdDZRZVFqaVI5Wm9zMS1vdHRJR0p6Z0d4YWpLQUdMWVc5S04wc3VtVFY4bnB4Z1RsSm5LRW9zNWl5WVV3Q1hSY1FHRGM3V0xaZUNndTNTVEo1bnpJLTZZRnl5TWE3bkx5LWxsS21ZRjNlTlNMNm9nWmdyM1VtX05vWEJZRjdLdWNTOUd3aW4tNTMwX2hHOTJqakU5UQ?oc=5","The National","Arab","1777994660000"
"UAE Air Defenses ‘Actively Engaging’ Iran Missiles, Drones","https://news.google.com/rss/articles/CBMiswFBVV95cUxPTmpROUgyQ2tmUThMWjNsVkZrck5fSVJOZjB6OFRlT0k0b1dwU2R5VTNkRmhNYTBpRUt1MnhPVEdfVGpyZmIxY1dTSmJRUHRMdlR1cVRqa0tiWkxMZEVnMUN5TEtHUURKRng5X2U5Z1ZhWWRKeHdkaG5KcnhoYk5DMXR6Smt0Rl9VcUF4TlNWOWlkb1UyWi1QUE5kU19NWHRYcXpvOUppMTkxNm1WUl9Mc18wNA?oc=5","Asharq Al-Awsat","Arab","1777994492000"
"U.S. forces guiding ships in Hormuz ""temporary"": Pentagon chief","https://news.google.com/rss/articles/CBMijgFBVV95cUxQT3BZY2FkdWdnMmZBZDh3WWkzT2N6TVhKQ2FCM0NFOW5rdjdfMkgtSWVrRV9hdzV0THBnX3YwVXFucTRRZWdDbFlEN2FOZnVpekZ6RUVEd3pLNXY0Xy00OEwxUFY4QWxxeGc4cXN2ZmlYZy1USkZvWFdiRng4RjFYZTdDYUk1X0Itd3VnQW1n?oc=5","Xinhua","China","1777994235000"
"Will US Respond to Iran Hormuz Threats?","https://news.google.com/rss/articles/CBMilgFBVV95cUxOY3Jyd3gtTEJxZ0laNHlWMTQ5Wl9OWEgwcWFaeGdsWUYyTHBKQVVydUZ0Rnd1NUJod3dWZW9lSFhmTXY5NTY2ZjA3YUU3cUpRQnZ6TXpvQUhOZ0NraVVvaDFSRjdGdzdydkZaWExicWVLLUxuQWVtVVBiMUs1ZmZjNjBxQU5WYzJPQzRNdUZCUXpWdGVibUHSAZsBQVVfeXFMTTc4QUpfX3FZY2xEOG56SlJrMjFwOUNVeXBtVmFHb0FmU1VyTjc4dzE4QVBhXzBoZ0JHTWNEckczX2EyWXpvYkNNbkE2YTdZR3poRTFhLTRiWkNOMDZQODFwZHpXYlBZbjdIRWJBQUhuU2plX0lVdWlla1ZTcWZ1Z3BmOXZXWXRiVXFZMk1MM1RGLW1qSy1lZlg4OUk?oc=5","Al Arabiya","Arab","1777994142000"
"What We Know About ‘Project Freedom’ in the Strait of Hormuz","https://news.google.com/rss/articles/CBMipAFBVV95cUxPSUQ5U2o0TVpIRGh3WmFieDlqYzNoaklRWW1OenpBM19UZk1FQS1falh5S0FDcHdldkNCTXBBZDJmcDljemxiRmF2aTd6Nmd4dkZ6QmNmOTlKSE4tVGdDejRoX0lHRFdJWUdyT0hqUW9STGM2dXEzTVQ5SmNUUVJiMFJMNlFZQTBqU3NmUUtfc0N5VTEta3ZFeENQdWpzOHgweGpnSg?oc=5","The New York Times","US","1777994066000"
"Americans have spent a whopping $24 billion extra in gas thanks to Trump’s Iran war","https://news.google.com/rss/articles/CBMijwFBVV95cUxPZ2txUXpJTlYyZzExS3kwTGVmQVhxZ2FtQ1BlaXphUy01SHZnNFV1czR4VnJnRlR4eFRXTkJHWkF1RGEwWmx4ZzVNa0JITmNGdzlONmEtWEY4bEl6WDlDMVZOYm1IRGs4MU1oSmNWMzliWVA3SlJ3RmctcnB4U200UG96NGFqQk9fbk00ZDBZcw?oc=5","The Independent","UK","1777993680000"
"Iran launches missile and drone attack on UAE for second day as war escalates","https://news.google.com/rss/articles/CBMilwFBVV95cUxONUtrWXZuMUhBcUFCN2JVUUE5MS1CWVZDMmljQThQUWlURGJqNWhoaTZRWE5lV0JoZ1EtQkxUa3VRVVlzUnNSR2RzeHRyclhKd1FReDBYSlJoX29CckVsSzRtRzk5RVR0YTA5NnZFLUV4MUw3cVhDVTJJa2NhSV96Y3FiLW1XaHhDczVnQzZ2bHdlZnRQMXhV?oc=5","The Independent","UK","1777993560000"
"Trump Accuses Pope Leo of Endangering Catholics by Opposing Iran War","https://news.google.com/rss/articles/CBMiwgFBVV95cUxNUHJIMkR2TThYREpwSEd4TnRadE82M1BQV1hIY0J0ckZzemJBNTl6dzk2c0hYbUs2VVRmNWhmb2NnaWQzSVA1NHBsRXNrRTFULXlNdUZVaDR3eFJvci0wX1N5X1pDZ29DbGRZV3B4QVpwNi1vbVlieXJIdmRvdGtlVWtyMzBzVlVMLU53dWNNWEYyZkFTN2RCc01mbnNsVU95NW5oWm1aVk93eXZLYVhUMDFDVHRyM2QtSUJBQ3p6LVhpZw?oc=5","The Wall Street Journal","US","1777993440000"
"U.K.'s Starmer Calls Meeting on Antisemitism, Warns Iran Against Instigating","https://news.google.com/rss/articles/CBMi9wFBVV95cUxOTHQ4WDFJdk83bzJyTVlOQ21zZDdEQnMyYWppaDQyOWNCenBPRjgwZV9VSFVZQ2M2OHdLckFoVGpiTUFQVFZrd2pucmZnR0JXaWk2S01BakgwekI3LVIzMDJOS3hrNG1LeGlna0gxMVVYeEZFemNhS0pNVmhYWDBCMTNYMlhIeDBsNnpRMWtJM25EaTJpWWRudDhrdlljU3N4ell1LUJEYzNiZ3BlVUFiclRtSlAxc2Z1NTZWVlNJY2ZCWHJMejNzeC1RWmRFZWp4eXBId2xyNlp4VHZvdUR1OHdzclJjcmNsVm9PVlFKVGdLQ1NpemNv?oc=5","Haaretz","Israel","1777993140000"
"US-Iran ceasefire holds despite Hormuz standoff: Pentagon chief Hegseth","https://news.google.com/rss/articles/CBMirwFBVV95cUxPdG92US15SmNRWEZ2Q0FVT0haQkMwaDJWWXpYR0FVWVRDWWFJZEZzZWhYUFVTNlQwMHFTbHd2dEdCSjhhVGRLaGxlZ010U1p4X1p0cjc1NE40R0tMTm45bDRnY3I5dnFWR295TS1KaHplaDRRdGJDY2QtTDQyOUpIYV91VWcyYkxsUEMwcXcwcExlc1YyTDdha29LamJueGoxQjUzb3JfWHF2d242bi1N0gG0AUFVX3lxTE8yRHFnNVBEeHFpOWFwdlU5VlVWbmM2Q2RHUmJrc3pPUVhsdnE0M3p2N05nUWlrMFZiMnpPdVltX0xzNGxoUUFwRi1sck51Wml0eXZSX0hnQ2Z5bTJIdEswdk1SWWtBVmxWUmRBODdEOVJWc1ZjeEpKdlFMZUE0VlQwMkREMUM2M1htaFRHSjkyZFNOa2JkVXlDMXhCZ3VDVEo2SFYwWmpvVFc5Mi1uQWVpemxWbQ?oc=5","Al Jazeera","Arab","1777992590000"
"Fire breaks out in shopping center west of Tehran, Iranian state news agency reports","https://news.google.com/rss/articles/CBMi2AFBVV95cUxNQnduOVBrM0JBS0FONW1GTWk4Mnp3VV9IQmowd044TjFUcDNBbmlsUVN1YnhpYk53NmFGcUo3YlEyNWxTMUJtS2NaYjdIR3FXVTlQQjBBRHBHTkZvRkdBWGt6VEhUVV92WVBvOTBZYnpLSUdHZTNlTWZMSG42ZnpGSzN5Y283SmtZeG4wSUpXaEtzLVdFVHYxb2ozWjJkdTd1SVQ2UzF1REpQMXcybnhOTXpxbzZ4OVZldkcyZm50Zi1MQjRPQ1BuMExaaFEyZFVNQnhCN0kwejPSAd4BQVVfeXFMTjFyUEktNDl3cTZWTVV0Rk9UQVVCbFY5ckdaWGxWQmhvd0xUVVRMTVZFUTJqQjVMWGJZb0oxeG9ybXE0OHFwdU5vMXFEX1VVTW5qZnpiWFY2UVVrRXBvYU5CM044VEpJeDZzclNlbWt1Q01YS25fNUI5V1U0SXFRRWEzQTdqNW0wckg0dFlKc2FmSWNvdDdicmZwMVlSUVJaZVNneElGal9adHRULVdhRnhfTmNxLVBfUlZXRGhYWl83Mnp1RWNDN3dfNk5CdUlKTWp4QmQyb0JUSGRScHJR?oc=5","Al Arabiya","Arab","1777992420000"
"Iran tensions mount as US ships enter Strait of Hormuz","https://news.google.com/rss/articles/CBMiVkFVX3lxTE9KVVV3WGo4eW9tN0c0S1A2LW9wWHRDbjRRYklMX0F3b1Y5TFhuWEFhZHFoZzhkb1FlTjc3LUFvY1JrZ2lGYjlJYTNFTEJqX2daaHhweU5n?oc=5","Fox News","US","1777992397000"
"Hegseth says battle for Hormuz is ‘separate and distinct' from the Iran war","https://news.google.com/rss/articles/CBMiigFBVV95cUxOZEQwQlNqRHM5WHZzOEF2QVhaNjlCcU5TRllOQmVtVDVoaWFPM2haYmVRLS1FanlNUkt0cjdrZEpRNVlTeXF3bzR4TXNvdHFZZ0d0TW5hcjE0aVF3NkZyZEpzMzNXWnNTMzFmTmlGWkRHdlBCZjZpSzh4MFFmaXhtNzk2OENOZWtxbWc?oc=5","Politico","US","1777992111000"
"Nations with ‘equity stake’ in Strait of Hormuz should assist, says US general","https://news.google.com/rss/articles/CBMi1wFBVV95cUxOQThBcVZIbm5DVTVwMXRlUllKdHR4YzU0ZGtyTTRrS3RibUlkMFpXRVIwNnh1czJjY2dHWVBjT1ZDNG4tbnVUOUFLd3ZBUTFTOUFlM1RlejRpckFGbWs4RUN5U2xSekNEaFNsZW9jLS1ZSW85WnJxSUdmbzNZd05kZWdDZUx4cVFLd3otUDVibUJoWDhHeXVLc1FCQTB1dEJ3RGFTZDFPQkhhakhBQUVaWlU4X2VGVDlqM1NEUFhJeW1wUWNsUXF1bnd1dlhxM0s4V2VKZ1lLdw?oc=5","The Independent","UK","1777991760000"
"Iran hits UAE with drones and missile attacks as Trump tries to reopen Strait of Hormuz","https://news.google.com/rss/articles/CBMiyAFBVV95cUxNcmh3WVRtYTRfOFZ5NENsUGRWZmVqM1dacDRBVE12dXdON3NwNF93RV9KRGUwLWVqZFQ3c1J6QTFHU1JTSjlGZzBMOXpoVTBkQTJFVzFDcW9LOTRsLVpHSFE5eExKMzdwWUtxdGxIYnh1ZlV5bzR4VnFXdTdEOS02cUpaVl9mYXV4MTNxYkNMeGJUeF9sbDFNOFdwYzJ6ZlFSOGtCVTg0cTFSa1dMTXdyVm9GeW9IT2VITXE5Z2NzOTBvWTJBQjlQLQ?oc=5","New York Post","US","1777991580000"
"Report: Israel, U.S. Coordinating Plans for New Iran Strikes, Trump to Decide","https://news.google.com/rss/articles/CBMiigJBVV95cUxQLXRNRU01c2h5UE1ORDNSRG1zc0pwTW42eTM2YW53NWlNbnpBMmdKNHRFMVkzXy1ILVNoTzNSTVlHVVFONkxPMDNVdW5kU3FLV2VNcDlGdFVIT0xxcVZTRDNYNWxDVDU4M2hkQmlCcnQzeGp1TlcwSlBhQjVnMnEyLTI2ZE1ORXR2S1RCS0ctZEZERS03RmVMNlUyVkhpMklyNVhHRjA0QlduUUVHQ2ZoMUVpUVFSdllrOEgzZmJfOUdTbzhvay1ySGFfdTE1VEFON2ZCTkdTajQ2eHVwUVpjTVdVbG5NWHZWR0FGVWsxRzhmNE9LMm9ZbFR5VGhNaTlRWXd1cXlFVVdsQQ?oc=5","Haaretz","Israel","1777991460000"
"Urgent: UAE air defenses responding to Iranian missile threat -- authorities","https://news.google.com/rss/articles/CBMifEFVX3lxTFBFNEgtUlZpckVqekU1dzRfUkxRNVd3ZFZQdU5NZ1VIbm9rb3o4YWxDZFhvRU1CSjE1Y1poc3ZkYnpFMHBOa3d5V2hLQnFkUWJha0VfdDdLaDg5U3k5X0h1X3RUVmNUdDJkRmJRUnFuRllOMEh5LTJpOFhuMkY?oc=5","Xinhua","China","1777991400000"
"UAE air defenses actively intercepting Iranian missiles, drones","https://news.google.com/rss/articles/CBMiXEFVX3lxTE5HOEV5UjVzbExyYVFfZ00tR0lhS2tIcWJpOFRKNVlaYVpPZUxpSWxoMkZlQnV0MHZfc0M1RVlxS29zNWlzZ3QweDBVdG1tbUlHcmRDVEs4eTdXZFlt?oc=5","The Jerusalem Post","Israel","1777991361000"
"Iran Nobel winner Mohammadi ‘between life and death’: Supporters","https://news.google.com/rss/articles/CBMiuwFBVV95cUxNNWUxZFhlQnN5eERTUWstN3VvRDFubjNxUmtOSkhqazl3RDlNYkFZdEM4UjFhdUVwOHFPamd5dFFYR3lPRW5xcFZMejd1ZG5iT3F4aUZqek8xUlJaTm13czc1b1JrOEZlaENhcmU4cm9ZQlJycXlVRkhVdmdkS25ONmMtMWJSNnZSYjdWOGpYNjItckNUbXdaT051QVVQanlPb1U5U1J6ZFlmVVc3OTQzRzE5cnZESnU1OGZB0gHAAUFVX3lxTE1ZYm9Fd0o3M1RTSTNrRll0eHBiOGc5Z1VGeWRDS0VCUlhJajdVaVlwenp6N2NyU1RjQzNZVXg0eGlfQjhiaWFqbXVIRUd3SHNlTHdyY0k1N2I3Ylk4bjE4UWw5NnVyRzlxWjMtUWdBTmlLaGxuS01qMG1UTFVjTzBXRW1WRWprX0N2RjUzVDdOb1p0RXhpeFZaUG01NHFwOU4wMXJNWldDWVlyaGpVc013TE1xMlBmcTVLTXR5MkZJRg?oc=5","Al Arabiya","Arab","1777991160000"
"Urgent: Fire breaks out in shopping center west of Tehran -- IRNA","https://news.google.com/rss/articles/CBMifEFVX3lxTE1mSTJkX01uck1TOXZhOTN3WFB2UjVoTzM1N3ppeXBNNnBLVldLQ3JxdVZ0SUFKdXVibUhXODhmRkl4VGpBaFNQb25uYXVRWnJQYlkyR2p2bGVOV0I1bVFRWm5RUDZWRk9BOFB5RDQ4MHoxNTRSeWI1Zm45cDA?oc=5","Xinhua","China","1777991160000"
"DuPont lifts forecast as price hikes offset Iran war-driven costs","https://news.google.com/rss/articles/CBMi1AFBVV95cUxOdERZUzQ5Xy1PNm9TWnNpMmdCQ2hlUzNld2xRbDAxb3hlY21nNjM2aWhST3ltcXNFOGRjem1zeWE2ME90bmNjaUdMZWpOallQX3N3RHhfaXVQWWdhTHRmazF2TWx5MFF2RGxGTEhVU2x4ZWJWNEF0b1c5NGtxUlk0SHJqSkhJWmZrMjFROVJ2TGVnZFpYYUp1YWRmSDRJM0NEVExnazZnZFpQRm1sLV9xTUlwZmVRWlo5cG1HTm5YQzk4al9ITFUyazIxSVcxYUR2US1KUA?oc=5","Reuters","Global","1777991143000"
"White House gave Iran private message before new Hormuz operation","https://news.google.com/rss/articles/CBMigAFBVV95cUxPZzVYejgxQWFsOE00T1p0eFVWUTlOQkJXc1UycDlVMFFKRGdoVE1QbGtJcmd5ckpGRDFlcmpkdTNLVVFDckhCbUtUU0RMLXB2a3ZmMTlCaUhtM1JaalFWSFhpVUpzeUVWN1pPTXFha2tPT0g0RGx1Y1BTZER6X2laTA?oc=5","Axios","US","1777991090000"
"Flash: UAE air defenses responding to Iranian missile, drone attacks -- defense ministry","https://news.google.com/rss/articles/CBMifEFVX3lxTE15eGhKMldEdEpyckRWSS1CRkxrYkNGS3BUc3VQQWd0eDhKaTM2YnFtbTZVZ1llNEhVZXJnbXQ0MUJ4OHpnM0ZxelYwTzRMNFdYVUlxaC1DVHJXaW5HRE4xT1JLVjg2WDhzRDRjRjRKLVVmb2tjaFJnS1dKUW8?oc=5","Xinhua","China","1777991040000"
"Rachel Reeves ‘clashes’ with US treasury secretary Scott Bessent over Iran war","https://news.google.com/rss/articles/CBMimgFBVV95cUxPRFRHdkdCNEFVSUJvVXpIbXNlazlvckROUFdaeUZ6VVU5N3BlMjVqV3dtNk1Hdmt6ZFNtcE1LcnVZal9ROGRYQkRwUkFjbXlYSHkyRHJZUDJTbnVYb21VT01zbHprREhuUXJzVWR4ZVRaU0E5TjM4V1B3QzZUVklzMnkxc1FNRS01dmZOOVc5QWtzQW56MTNmRUtB?oc=5","The Independent","UK","1777990980000"
"Hegseth says ‘ceasefire is not over’ despite Iranian strikes","https://news.google.com/rss/articles/CBMitwFBVV95cUxNM2NoWEQzNDNYRnJ4Rjk3UzIxMjlGNUhldndrYVVXWU1XemRnd3oxZlhoMXh0QTdyY2VDZnVKU2NIdnpqY1JIWFVXaTFzaFk5RE9CZUZyUEJPMTdPSjhqMi1jR2JQWjVGWWlrNHlQUzNXX2tzYnpvOHVKTG01YUN5QXJzNGgwd09ud1d1R0Fxam1jdzdfTXkybUlfdW92Rk53bko1SzlQYk5hTG9SclliMzZENGNNVmc?oc=5","Associated Press","Global","1777990800000"
"UAE under attack from Iran for second day in a row","https://news.google.com/rss/articles/CBMilgFBVV95cUxQU3IyTmVGZVN4MXVESXdzVkV0bUM0VWNRejJ2eGZseUhPTWhoc2tvSVQtT0s5RUMwYW9wV0VGQmkwMGZwaWszTHA3d0RNMmN0c3RKTWJ4WTlOZENZLWROSndkelFfVXg2UGNrbGY1NVd2aG1zdE5mWkMxV1laWFdfRnUyTFFhN2RYS3plZ3pEai1fWVFJeFHSAZsBQVVfeXFMTzl4aWRxaVZJSmdlRjFtVk1SdzdSTGdhODMyT3F6YnZNZ2l5WHEzM2tDWHZrRlpzS3ByUGVMYVNvVVB3eHY5V2NocFN6RHFyOWVsT1FmajdFblZQcDJGb0V0SGhDVU15ZkZmQXJSOGZoak5PUHFrTThQR2Iyek85b1NDbkxmUENxdkc3YkIzSlNZcnpEZTRVbk9JeGc?oc=5","Al Arabiya","Arab","1777990740000"
"Iran Oil Tanker Likely Beat US Blockade, Satellite Tracker Says","https://news.google.com/rss/articles/CBMiswFBVV95cUxQREpuMENuaHpsNUFfUlVJQjdFbHRINFVIQ0xkRGxSNUhhNGliY1lXYzZsbnBxd0pPbHRaZHk1bUlZV3pFRDVWRTBmMXVXbDZBaFhHN2JMYWhaYUU2bUM5U01CWXFxODcwVF9LeDdOWkFHTHotWnFzSGFjS1V0UVh3Q3ZHelc2OU41TkI2YnBwY2NOODdMSFBHNFdGbVU2Y2pyWlZGVFk5eHhOV1VWTHkxXy10TQ?oc=5","Bloomberg","Global","1777990515000"
"Reeves ‘argued’ with US treasury secretary over Iran war","https://news.google.com/rss/articles/CBMingFBVV95cUxPQklxZFVuS2pNeTNRb2o2d1BSMUo1eWw2NFJpYmF0NmppRldxMlc5Ym80Q2JDYWFVNjZldjlCX2hkRFNJaUdzdlRaNjVSbVhOUHhneXJZOEdBUDRlSXN1anREVkxLWTdLWnNGZXZkUE5ENmNqd0hzbG10US1uQUZ0QjUwTDVSRlBaVWVLZEphZkpFa2lDQ2s2QkJpeEZLdw?oc=5","The Independent","UK","1777990440000"
"Jennifer Griffin details 'Project Freedom' in Strait of Hormuz amid Iranian attacks","https://news.google.com/rss/articles/CBMiVkFVX3lxTE9VS2hscUpMdEZzRHJOSmZ6SElScmh1ZFhRMlNZY3Bsc2pWMndTWUFzbGtjcG9BMTZrWWJlTTZ5UnRhOWZ3X3Y5TDhiaEQ4S1pnNFR1OUxR?oc=5","Fox News","US","1777990381000"
"Are ‘kamikaze dolphins’ Iran’s secret weapon? Hegseth addresses the claims","https://news.google.com/rss/articles/CBMiuAFBVV95cUxNdm1iRG5leXFmclVpZV9Xd2xvZmwwOFo0Q1dwN1JoQ3d5UTMwS2loMVEtZEFvWDU3Q1prbnhqcnZXeGgxWG1XQnN1UjFjT2JVMFpidG50bm9SYW1YYjFvM0x5OEpYSXJRS1RSVzZlLWpva243TFdMZGVjaTQ2RGxDOTJEWEZpWWRVSWVmQmJ0V3Z2RWRPV1lvMTN4N2NHV1ZaazFTVjJ3UUhNREFLX3o4aG12Z0l3Q3dv?oc=5","The Independent","UK","1777990380000"
"Lindsey Graham urges US, Israel to arm Iranian civilians in 'Second Amendment solution' to topple regime","https://news.google.com/rss/articles/CBMivwFBVV95cUxPSnViLXNYVUF6dmdUeTJPMi1WRzZlTkcxNk0wVnozanNEeFloN0dpMk5GYVR5WkZ2LTZRX29PNTVfbUtmUnRLdUhoQXIyMjQ4NGx6RG5HVWlVenNpZ1VDNVlUNGxraFloOFhGSTVrVV9BeWFvV1lDRDktcWsyNVJtbF9sQU9FMjRpWFR0d1kyWDlpazdPeDlyN1JVMVJfZ1lCUDZfeXpsR0dvMFZxaF9XVDZBTk1OTUcyZ0JOWnptd9IBxAFBVV95cUxPXzhIYWdFam9JVU5EY2g2VU14T1BxT3E2MVZ4WjZpcDZKZ0k5bV9ENDYwdWE3cUhIUU5kTlBMVnJSQUxfazA5d2RZeHFsck1SUjRuRHNGWVBNUWJEMGdSNkFQM1M5X1JZYjFQamo1NGFXSms0TTNVUTdyZkh4UUx6R2ZyREtBMGdGQ3NFc2VuRF9LZEFQM3F3VkZwMVBSUGwtSHlXNWJ5bDA5YThjLVFUV0VMT0k0WVdXdUc2UDIwWTFtNElK?oc=5","Fox News","US","1777990206000"
"Hegseth denies Iran has ‘kamikaze dolphins’ — but suggests US might","https://news.google.com/rss/articles/CBMipgFBVV95cUxQaHdnM19fcFpweEJWeTRQUTRPNFlMcXh6UUUtYnBqOW03NDJjRGI5LURadXM1ZTFMZ3pOTE9rVlBQQlNsYnl1ZFpOSmc5V0tXa2V5U29Dcl9IVkJNLWZfcVZkYmtlNU1EQjcySU4zal9VaGdiNkxhS19mVHA5OEttNHRUcW4wWFgwaHlkUUs3M1NVNHdVczFqdTdfZWN5TTk0cGFTcUF3?oc=5","New York Post","US","1777990080000"
"Iran war unresolved 'because of Trump’s mistake': Expert warns US, Israel must return to fighting","https://news.google.com/rss/articles/CBMiakFVX3lxTE5WZTA3eTRsbFBmQkM0YTZDeTdVRnhGa1I0NWo2c0lHUUQyRUpPakZETUNKZGpzbGNfaFJrVzdnY1hyclBSaldPZFN1bU5Ga21SVTZ6MUVMOVNNYkg2ZGRNN05qZTVNZ3FZV3c?oc=5","The Jerusalem Post","Israel","1777989997000"
"Isesengura: Ni ibiki Uburusiya burimo gufasha Iran muri iyi ntambara?","https://news.google.com/rss/articles/CBMiXEFVX3lxTE1fZjlYWXdtZmx6aXJQeUlub2sybzFld1MwaldGWVY5cTJTcHlvUU5oSXVYS0c5ejhfNlVWMmtiNklMM3RaQWpKUE9xN0NUU2tlMlNXMU1zNFNrRERG0gFiQVVfeXFMTzZuODRRRnRlVE5pcDZ2Tm56enNtQmZRclpGTnJtNTM1Z296aURFcVhaV0dGTnl5X0d3VmdYZnpXSGl0SE5NdHVoUzh1NS1DNWNWWkFuVmdjWjR3bzAweTFkT3c?oc=5","BBC","Global","1777989920000"
"Gulf, European Leaders Urge De-escalation After UAE Accuses Iran of Strikes","https://news.google.com/rss/articles/CBMilgJBVV95cUxQbDRHci13R2tfV0ZpcGJoYWdWWm5mck9GN1BlQV9RZ0hrQU9Zd0h0YnJEWnhpZENKeHBmTmtaRDZZZTNzNTV3bE9BV3JEY204cnhfU1lqdm44S08zZEZDUGlzbEp3MDJRY2Jva3k1X0N2NEVPVmtqMDdZMVFKN2tuR2JQMnVVakVuTy1tOFMzMDc3OHNXcUlpS1NsS3VVTzdIVEk2Zm1XZFZKbzE4eV9IVjBxZlgtZjlxUG5zcVJHT29RMi1kNG9jMVBGSldQVEk3bUZ2Skx5dmxxOWRnWVBaUGVkQUtNS0FyZXFVRkhoMFFTRDJMaldPVzNEYkZJLXFZUXV2amoyMFZacm5sQnFrN2hLRE9pdw?oc=5","Haaretz","Israel","1777989840000"
"Hormuz Remains Largely Deserted as US and Iran Vie for Control","https://news.google.com/rss/articles/CBMisAFBVV95cUxPa0pSZVZwbW5JODcxZ0thTXJETXdLUzdtNWFfSlJRendiTW1OSHphdGFkd19MNloyQ3NnUl9RV242TUl4cWZwT1ZxMjlIYkUzVGdkRHlXaE9yVGNxYWNuWjFSTTk1aDNHekNVejFtc2VrODNfa0pqd0ItYm9VcWc2eEZFUkRKN0RuV2FhYTFra2VvazZUelYxY29IV0hYX1A5RjRHOUs5bEdETlcyQ1hqTw?oc=5","Bloomberg","Global","1777989707000"
"Jailed Iranian Nobel winner Mohammadi ‘between life and death,’ say her supporters","https://news.google.com/rss/articles/CBMiwwFBVV95cUxNSkdCUk5IS3FwTU5SQm9KSER4SjgtcnhTckpIaEtGRWpmcFhFblJuMDltNDZzQzVNaEJ0Y1A1eHcxUUJJTGdXYzVfMFVYdm5NQmxhSHNvUWJWNWM5UklVamZuNjdVV0lpc3JRX2ZjZW9sbk9BdlY0ZWtmU2xqMm9wR1JSdVg0UDkwV3p1dW00dWNtQnB2Mk91aHl1X3FJZmRZd0dSbDdTR1EyWVE0MXNCeDhvbnAtZ2h1SmpCRnptTkFZM0U?oc=5","The Times of Israel","Israel","1777989491000"
"Trump’s war has done little to slow Iran’s nuclear capabilities: report","https://news.google.com/rss/articles/CBMiugFBVV95cUxNLUxzaUNFU09KNnlsV21YMElnVmZLbXdYVTJ0V0lIbnpqdnYtWmUyM3k5ZHBBNk1UcWlZM01JTXpHV2VDaUFoQllXVlFJUGZ0SmhRZWJBdnkxZGdROFBBYVAxRjlqc2ZCWTFXMWktM1hTTW1Qalo1ZE5xVDE3QzJYMmxZN2Y5UW9oM2I5TjFFVEV6aWloaV9SRUtPODNpOWVLZ2QwR1BmcnUtQngyQktfMjVOVzVDWEU5NHc?oc=5","The Independent","UK","1777989240000"
"Failed Strait of Hormuz blockade forces US pivot as Iran’s strategic patience and leverage grow","https://news.google.com/rss/articles/CBMiwgFBVV95cUxNUExkaW5fbmQwUUVqY3RuQXBPRmxfM0FZY05DdzdiamlET24xT3RJYmw3QnE3RW1JV3BnRmhkLWtBSEFubDB3enU3QjhNQldkRFd3TUU1ZFVpYkNjVGhYZGJtSkU2amtUMFZLeFFlMWRCT1N3OVJIRjRjbU9DMXA1Q0FEU1duTWxCb0xVcXpnRmZEcE8zNFhWRUNkdTRVU1R4dm80a093dDh2VXI3VEY1ZlpiZElnaTJVMDhWWHh6Q3cxZw?oc=5","Press TV","Iran","1777989180000"
"President Sheikh Mohamed discusses Iranian attacks with Gulf leaders","https://news.google.com/rss/articles/CBMivgFBVV95cUxOVW82M1NVRXo4MmdveWwtWHh4R0NFR2FvTC1vdVNUMW5PR2VDSERmUkxmdnUwb01pRDVFa1J3cVhJSlUwdExuT2o4bDVIZDZQOUw1cWhPQWVyNUF1SDFrTGoxOEcyTjZsVndmZXUxaGJnTFlMSUxIZ2wxNWQ3UG40V3pLeldKV0ZpSmlmV1FkTGJZUVRWNW1PUm5HNU9KNFgwenRZVHNQNVVocGw0V2MzaloyNnFSZUdoaHFXeFRB?oc=5","The National","Arab","1777989150000"
"US threatens 'devastating' response to any Iranian attacks on shipping","https://news.google.com/rss/articles/CBMipwFBVV95cUxPbV9KVm1mcFNQLUVYeWNGYXJrWlpTNHJ0cVlMS0FyeFNyLXFDUXotVWJIMkJGSjZLdEZycDEwWTRNUExQSTBsbUlKb19PVkp6RUdFM2FEQjRrdzY2azFUcFQ3WERFR0FVb0hOOXk3Qkd3QURrM2ZDUDNiUEpNalJoZl9lTzQtemQ5QkxJMlM5SUZ0OWR5dnU1TEdpY0xhenZPYXdNSzZuQQ?oc=5","Euronews","Europe","1777988942000"
"UAE Reports Missiles and Drone Threats; Trump Says U.S. Will Guide Ships in Strait of Hormuz","https://news.google.com/rss/articles/CBMid0FVX3lxTE83MmpZTm5iSHpxNF8zRDhXXy0waUxVQ3A3TDFkdlNsV2Q5SjgyaDZ3NUlnVTMwTHVMSmx5aW1sdVJUWGczWTAwb3ZrX1FESDRWcVB3UnA5M3d4b1Z0YWNhZUN2Qi1OTTNFcUF1WWhkQV94Z2tCQTFZ?oc=5","The New York Times","US","1777988940000"
"Sen. Lindsey Graham suggests loading ‘Iranian people up with weapons’ to rise up against regime","https://news.google.com/rss/articles/CBMipwFBVV95cUxPYjlQbFJEcjd3TkFJaHotcGFvSmVCQkRDM2JKXzE0UEFpaFF4ZGFscHAtT2tlRUduMW94OVRGa1VVOE1QSVhJTkxQbFNaTm1qSlJTZURSSkxWM1VYMy1DRzdqS1ZidWVSd2xpWklhaFkwa3k1TkpSZHBxYjNJNkpTMjR1UkZQWVByNjNVQ2I4MGZfNlVaSHZMMkI4LXdET1JJSWRfdGhtbw?oc=5","The Independent","UK","1777988880000"
"Pentagon updates on Operation Epic Fury as Iran-US tensions escalate","https://news.google.com/rss/articles/CBMiVkFVX3lxTE42SUhYQ2tYejJ2Z2xZLVhYQ2NsZng2SHRuZ1N2QzVfY3B4aWE5T1hqNEY3Wi0taldSZExKMEtsMnNfdFJQTDJlTnlYdFM5OGo0N01URmt3?oc=5","Fox News","US","1777988843000"
"Saudi Arabia Posts Biggest Deficit Since 2018 On Hormuz Closure","https://news.google.com/rss/articles/CBMitAFBVV95cUxNLURUQVN2el8xdjBURXJyeWc5UzdGbTNLV0dReEJNQ2RLbVdVYjI2dDFJeVhVZ2RHZjd2dGVQbVJETmpZYzdqa0lmVkdzRWljNDZlT2hDdThjNEdnSXBPVVFsZWFWVUlYNkhJSHVJMGF3bkxWZjEyUHRkMmV6N09uVmk5SkNBUzY3cG42TDJXUGtBUUljT2t3Tk1xMjl6dktUd3dEVEFYbU5lbWltQklzMnJYbjU?oc=5","Bloomberg","Global","1777988739000"
"Yaki ya barke a mashigin Hormuz","https://news.google.com/rss/articles/CBMiaEFVX3lxTE9sV1d2UnlMamFWa1ptWHRLYkNWanNWZHZHak5TajY1eFg0eUFIZUFVZ1Y5WjBkZFFDdVAyRGRvekU3eGM4eVY2d1V4UFB4RWRfdlhlXzNUcWxleGJ6WFp1Qng2VXVCUy1Q0gFoQVVfeXFMT3Zkem9TeXRfUUp0azFoOElZM3VzS215T2xwZERtVzRNMXZWdm8zelpCcWR5b004cTJWdk1kbjNDWms4NjVkNDNhc3ZRRjRLUDBXRDNJNUZRX21tdzE1bkFpVFVCS2NJeFE?oc=5","DW","Europe","1777988575000"
"Macron says he will speak with Iran’s president, urges against escalation","https://news.google.com/rss/articles/CBMiuAFBVV95cUxQQ3FMbHRHbkJXWERzN0ROYWdMZmU4c0RSNVdoQVZYU2xLN1RKRVRlZlZMWkNxa2tfWVZYbkNHUDU0OXRnUGQzTVhxbUFQVGFKbVBueS1BUDJaQjRFSnRqODhLX1RkVFk2OEFla2JJTGs5RmhLZi1QSnlRbnlETEZjbGdjdkFrbElFVXlOQmo5NzljSHVMWG5WUHBycHNYREh6WjZnVENMMWZGaEtXRTJOVThuYzVUMnBL?oc=5","The Times of Israel","Israel","1777988543000"
"CNN analyzes dozens of Iran’s nuclear sites to determine how many have survived","https://news.google.com/rss/articles/CBMilgFBVV95cUxPbncxTzdYY0xhT09HY2lvRUpxZk9lTzRHWHBBMVRUNTl4dHplWHNqQnBWVUd6V0xYUTFzQTlxcnV2SGtfN2QxU2FPWW5lV1d5bnhRa0kxVXFVNlA5SmxzQzdPQ0h1WDFaM2hqTWxoMExndDlNdEVCbGNtbUpiY2stdEY4c0JhamlqNzBwRGJmY3lHWVlrUXc?oc=5","CNN","US","1777988520000"
"Hegseth: Iran Doesn't Control the Strait","https://news.google.com/rss/articles/CBMilgFBVV95cUxOUzhIT0t1VzBaOHkybnQxNDF2cVdrM0NYbmFnVWxZOVZIbl9QNmItUEoycUNBMnYxTDJmQ3RUQVpweHd6RUpLUjhOSVFnRmM4bUU0Y2lKUzRwTUlmcHc2OHNvLWNEN0xxbE1tYTBmb2UwRmhabnZwdTFXb2FfYXJXSFRRdnFGeW5ycWRLSDR0ZlJXb2s0RHfSAZsBQVVfeXFMUG5wOWkzWmJSM0pXc09Qc21taUNFZDdpT0hKVVo4WnEwRHZYdUxxRVBHWjVNcnhOU2ZxSTVxd2xybmxQNDdhSERIMlVrQ2YzVWRSck15Si1KOTZFS19va2I0OElhRW5xLUJXUENTTE1YdDVGamR2SmVocHZVMW1oSTZ5cmFxSjBWZjM3aWRadEpUc2tOM3JnX3dZaHM?oc=5","Al Arabiya","Arab","1777988386000"
"Brazil's central bank warns of emerging inflation risks as Iran war drags on","https://news.google.com/rss/articles/CBMiuAFBVV95cUxNQWRxZnFMT1VqeWE0cXRoUkxGNGQtNFFNTTVqYmo0N1N4anh6Ul9idGVxQWJhaHFBMlJLVUtVQl90RlB0ZW95U1lyT3NvNnhIc0d3dGxVaWZrNmJtdlhiZk50TVEyZXVRSmZRWmdxblI2Z1QzYWVQd1JLU3JnMTBnX0hBZXI1eko3UTVyTzFYcTJmSWtNOVhlRzFCa3A4NTluc3BFTVVFYTh6bmxnMEpqcHpETU9SMHZZ?oc=5","Reuters","Global","1777988264000"
"Jebel Ali collapse transforms Iran's logistical position","https://news.google.com/rss/articles/CBMiqAFBVV95cUxNMzZmbXJwVXJ3ZUZpYndnVzhsMkQxeWdnTTUtMnJVTkplOHI4bEdPVHByd0VKU1FrVUtRNkZmRi1ZenA1SEQtd0k2ZlBoNThXcHdPd1VNME02X1NzY0Jvd2h5VnhHWGRhaEtBMHBMbVdqdVB0OEJBUGF1aWtScTVqYmJCdW81dUJyWXFRLWtNNG9tZ2daQll6ZXBnMXNfS2FtQlFmZ1VtUFc?oc=5","Press TV","Iran","1777988220000"
"Fmr. Rep. Kinzinger on the possibility of the President resuming strikes on Iran: 'I think he's scared to death of it'","https://news.google.com/rss/articles/CBMi3gFBVV95cUxPWmxrbFNOQWdzZFZuWjA0cU5kZWhUNHAxZTVVQWxNTWtNU2g3djdkeWlhTk5aQ0RFbEwyYm4zSUhnQWZTRFhLTzBIZTFpbDh2VzBaSG1JWm5mRU1kaUpoUXVNVkFrZ2hEYWJaZUNqM3BHejh2SFpfMHd1MkhkYmEwT3dPRDFmSmFVcG9kcVE2VW1LdVRMaW0zWG91cHlJR2s3RmstbGVTQWItdmRULUZjbTh4Wk50UVN1VVMyeWZEZnA0RFNnd201c2ZiWGNwZXBGNXVuOUJmeWEzV3dIeVE?oc=5","CNN","US","1777987895000"
"Hegseth: Iran DOES NOT control the Strait of Hormuz","https://news.google.com/rss/articles/CBMiVkFVX3lxTE9yODdYOTRyTjl3U005Y3llLW10Z1d0TjhOb2tjTEVvajZGNkRsN1kxOXBiMW83SGhWcFpaRFY1N21TdndnQ3FqaWo4cVQ1M2Jvd2tuVlVR?oc=5","Fox News","US","1777987789000"
"The US military: 51 ships have been returned to Iranian ports since the beginning of the siege","https://news.google.com/rss/articles/CBMibkFVX3lxTE1WRmx6Rk5WRjJCdXRMMGc0WERvejR3Z0VLbkdwRVFiejFBUUFBV3BmdTV0UDBCTXhCTVRxcGhYZFNHOG1QcW5mMGZlZm90UkFjX2otRTY3LXlPYy1BRldCS2JieS1JVXV0MFBnVnFB?oc=5","CGTN","China","1777987771000"
"Project Freedom: The ""Bold Move"" to Reopen the Strait of Hormuz","https://news.google.com/rss/articles/CBMinwFBVV95cUxNYThzNzdBVUxFTGhHUmg3bU90SnpyYU9QUDRuSHZkYVNjTmFXeGNtWFlnd1RLYTJyWjl6OEU3V3dvU3lfTHFwWmxpVVFIcEdaNU1nR0prUU0xdFdNQlRGdlR2QmJNNVNOTU9aZkhHcWRKQ25KbUhqVGh3ZmZMUnZwdVlreFYwc2FpQ0hJQVl3SUJOVmJObDdfVHppTGkxTlU?oc=5","Fox News","US","1777987704000"
"US establishes 'RED, WHITE AND BLUE DOME' over Strait of Hormuz","https://news.google.com/rss/articles/CBMiVkFVX3lxTE8wUHJtaVV4Ullocms2NmpRQ3ZnT2x1eGVCQ0JrZ1NFOEhNMGhhOHVKZmY5bmp2TUtFeGFwcDhrVmFEa3Fkdzl2a0R2N1IzcFA4ZXNvUkxn?oc=5","Fox News","US","1777987692000"
"Rob Spalding on Trump's 'brilliant' strategy against Iran in Strait of Hormuz","https://news.google.com/rss/articles/CBMiVkFVX3lxTE9mTDdpVnRlNDU0b0JQYldZTVhuM3lONk1pTjUyV3h2X3JFVVpyYUkyb3JWQzVFTGpvTV8xTTU0bGxmaVRia2V6clBFMFlCcWx3TVo0NnRB?oc=5","Fox News","US","1777987675000"
"Iran Nobel winner Mohammadi 'between life and death' after hospitalisation, say supporters","https://news.google.com/rss/articles/CBMizwFBVV95cUxOZWhUTjNBZ09SeWEyaHJHcmRqMGEyZUlsSEZpQXhXdGoyMjRwdklmcU9KZ2FxT3l2TFRsaFRvZUpmNXF1VnpjSmdsX1VmWl9idzNrRkg5Q281T3RxTUtncHBRUTdVcGpOYWUzVHlQSXg2S2V3OVhhQlJWNmQxTDVXSmltLW9keU0xVURMM3c4MkhqdjZqa0QwNDA4TkY1aElTQldnVlp1UzMtUEo4SG9ZOEtJNzVjelpndE1qbkNFZjdIeW5keWhXYkNibWpTLW8?oc=5","France 24","Europe","1777987448000"
"The Latest: Hegseth and Caine say ceasefire between the US and Iran is not over","https://news.google.com/rss/articles/CBMitAFBVV95cUxOS2dPWlF2Sld0bFdfS3VOMnFTcVhDMm96d2J2S1hvRTZ2VUx5SV85VVVOR241M2VTM2NONXd2WFpzcXp4N0pONW1yQ0dfYmJrMVNTMFJobVU1QS1xc3MtR1g0eHhQNXJXTU8ycVdWQ0Q2NzlyakVYMV9idkxIVFg3NndWd0pXWnVCZjJiaGI2ZXdESTc2VlhWcE9GRHZoZWdTNGc1emMyRV9Zcl9vUjRCSzg5MC0?oc=5","The Independent","UK","1777987380000"
"Dutch gas prices edge lower as US moves to open the Strait of Hormuz","https://news.google.com/rss/articles/CBMivgFBVV95cUxNVjZqUTNMdENRdXdDcEoya1R3bHpCTjdLODdHUzRQN1VOZzNOeFlpLXF2YjRyRHNRQjRWWF9qbEszRlBLZDhLdkF1WC1uT3FTWGxCWlpRRzdGRU1rVm4xQkhvZ0otblc1Y2VBVlI2dlpDUl92ZDVFYzU3UHU5OHY3MlhTellnYVJ2ai1XRHR4dC1RMks0VkJCbDBYQVFhbENYeVR1QjVhcWdoSFB2M0N3WlRYaFZYTTg1TU5QQUhn?oc=5","Reuters","Global","1777987339000"
"Hegseth says US blockade on Iran ‘gift to the world’","https://news.google.com/rss/articles/CBMimgFBVV95cUxNb3VpVGp5ZXA0SXJlWnVXN1FDRTlPOEk0TGRqVzVGa3RIbmxudTczMU44MzFuOFdHNmwtOWpuZnlaQUJIcUZPYjdIbVAzbVM3QUpqa01QTk9IZUo2SENBRXg5S3MwUHlHRWlSdEVCTlhTRmRlZHdjLXc1d3hDWjc0TFZTbHBLTHJFSHFBanJNUUcxWEF2SU8xVzdB0gGfAUFVX3lxTE9ZTnk4WTZQUHRUSGktNUlsaGRxcno5d1NmanBKOGRPdGo2MzFQVEZGRXB3LVZxekVKdTNVeGV2MVpIQmFPcDZjNXU1ejlPY0c5SFNqSXhjU1hTN0pvUUJNc1BlLTJmbkZXRzRCemJkRXh6c0pjLTBWRTJ5VGp3a3p6NEFDMGg0N2NsaVpEbWs0NFo4TjVuMXdqTlRLMXBVOA?oc=5","Al Jazeera","Arab","1777987195000"
"Top US general: Iran’s ceasefire attacks have fallen ‘below threshold’ of restarting war","https://news.google.com/rss/articles/CBMiygFBVV95cUxNVUp2aWdVdEtLY1BSdFdlcXUtdWhuNkpyWkZKZGV5ZUVCTGlXemNnZFUxcnVuRmtZelFzZ2FsY1ZKT3RIc1doN2RDZE9PaDZKWHFLaEJMQ3RNcXJodHRUUTlyTjdFQTVKdk05aWJqcXBnVVdLaUhjeTBmaGM2V0puRUVhTXhCQldwSzdsRWlCTUVlU1V2SElEcm1RZVhDdnM3V05lVlVROW1GN2ppYkVfYjJESEZGVUlzOGdjaTNpUXRKSHdzNjI5LVpn?oc=5","The Times of Israel","Israel","1777987092000"
"Rachel Reeves and Scott Bessent argued in person about Iran war, sources say","https://news.google.com/rss/articles/CBMiqwFBVV95cUxOOG15cmZudVFsb3FsemFSdU9kRTYxaTlVYnNQc0xpV2prV1RRZ0M4cGRNM18xNUd1Q0FWak9OVFA2WXRXZy01ZjZzNk5uNUhqc1FFMEtZVjliN0lCRG5Ocm0ydVhQS0NpMnFERHl4ekxXQXpVOUIzOEpWbEEtcHh4clNQblN3SFVwdXNfTlhCY0FyVlg1c2RUdlFtWG9FemZUejE2ZV9sd1REQ2c?oc=5","The Guardian","UK","1777987080000"
"Iran seeks China’s backing as Hormuz clashes push ceasefire to brink","https://news.google.com/rss/articles/CBMivgFBVV95cUxNdVJkNjFLSTVxaU41UXAzRVd2OHZZU2xPSE11eFcwSDlDalhWN0RRd0tCMlN1LV9TUnJxUXRpUzZnYmVlSGRoRW1WSlRnVmVrOGM3RjR1NGtqNnBicmNMT2xXRjczMnZkb1c1QmhxaGlvTFdxMVVPRjU1dm1BQmJVenphWkJOMGlLbnhCcVlJbFdRdlBrcjhsc3NseWJwcTNDU0hFc09ZWDhQaGJSMTI1aGdsbHFlMzhMNURQY1ZB?oc=5","The National","Arab","1777987075000"
"US threatens 'devastating' response to any Iran attack on shipping","https://news.google.com/rss/articles/CBMisAFBVV95cUxPeGRWQXZROFc3ZERhbmdFVWthREdfZUtIS2YxSXk4bzc3b1M2ZFFHMHdOU1dTMm8wM1NxSnBvR3V4RmhFd000dEtlc284bzlpU0R4ajhEby1hMFBBY3FJU21pNXk1b0t0TFJTU2NEVmZMemMtbC1Nb05xUUpGZTkySDhaLWxxY2pDRUlTOGpPazFMb2M0R3RPTkJxMUpsa0t1TlRRUGdKanNvanFxd3hkUw?oc=5","France 24","Europe","1777987031000"
"Hegseth urges Iran 'to be prudent' in actions they take during ceasefire","https://news.google.com/rss/articles/CBMikgFBVV95cUxNeGl3Mng2QjJsdUpZeXF5Y2F3YzlHTG9WZ2RZcFM2c2x6Sk1nY015b01uTV9xc2hFaHdtLXo1cU1ITVZfLTJGczJiaHI0d2FKeUVzQjIzaEcwWWdGV1JpS081bHNLTGprdVhRVV9tMkxQS1dRMThwT0lvaEhOR3NNdkF5S3NLR2ZrWnU1RzNKcjN5UQ?oc=5","CNN","US","1777986927000"
"Hegseth: Iran ceasefire ‘is not over’, the US is ‘not looking for a fight’","https://news.google.com/rss/articles/CBMitAFBVV95cUxOckZhSTFJWFkxY2tVNkQ1WEl1U0lkT2RnUHFtcDN2M25icnJZM1lNWEF0a2xSakpxVm03ZGFmeHdUWVBnMGRsTGVRQlZscnFUMHZZOUZVcEFlUURad3FDRzhtSUtOTjZNOWx5eC0tY2ZkejBxa1JWM1RPWHhic19XVk5kNWs4cEZsNVg4bGxnY2VqOFd0NWRHcmZjZE01amU1RWRZWC1yd1djdUdPdWM1cDBjbS0?oc=5","The Times of Israel","Israel","1777986722000"
"Iran’s football team shows World Cup readiness with social media posts","https://news.google.com/rss/articles/CBMisAFBVV95cUxQYTd1cnNxR2tLcUNvc1AyLUUyVEY3RTd1a2hheHpCYUF1SFBmS09wNmNKMENQZE44dXVqSndYM05QdkY2a2wzOXE2OFRtNDZBaHJ3cXQ1QWR5b09zMHhzNkdVT1Vhbng1eFZHOHhzNHlpelRGMkt5LXh1aDJxOFlfOW1kLVpIVDlLeHVFMndBSG9XenhSN21nWXgtZXc1TnZmaDJMUXB6VUhRNC04RTFHdNIBtgFBVV95cUxPNEg3cUEtbm91RTcyU2g5VGVLNFJPR0tOOEZUZUlCUXRaOFprdGd0N3NlVE5KUzN5OE9kMjBDQlphSG5BTGdOZm51TGJFRzNscnNCZ21GNkE1MGdfSHhEM0xfUF9aTlN5TXM1aDZhMlQxMlZtV2hKS2RfenNGQ1I0UHJzWjZjR3VHUFIyeDV0SE40VVJWNzZENlE2RnRzbmdlT0ZTTUxWZUFNM0JRRy0tdE5BcF8yZw?oc=5","Al Jazeera","Arab","1777986719000"
"US forces ready to resume major combat ops against Iran if ordered: top US general","https://news.google.com/rss/articles/CBMitgFBVV95cUxQczFmTzZUUE1VelVseVlSUkdqcHlxVC1JRDV4czVXZ0RGLUdDRkhTbjlCdGlueElKS3VSLU5raEMyc1VLT3pxOUNVMURGNXJRNWM0NUpJU3RkTmJaQnI5Q0VsaWZrTUFRYlRWVHhrdDZXdTBxelRPUmllb0xpMzFLM3p6WTFmZzdhME5IUGRoaUJPTlFCVmNaV3JLaGRWTDRhZ21EdzVYeWlWdjh1X3NoN2NrYUJxUQ?oc=5","Dawn","Pakistan","1777986484000"
"US says ‘Project Freedom’ will defend shipping in Strait of Hormuz","https://news.google.com/rss/articles/CBMivwFBVV95cUxQRkIzemJqNVRPbVEtR2FaWVRjUUZFRTVsRzdINjIxc0lmcHNiVGl3VGJYSERxeS12QXVCdmxzVHY3ZmNJdGhqcE5CUk1VZ05sa3I0QUxwdlJ6eDVfbk5GRGJRQUhsV0t1WnYxUVdqUmRRQXFmQ2ZQcVlncks3dTlKMGRCUFU5d2l3bF91V2xucGRfUVM3YkdLcFpPUkZpTWctR3BxdThvYmJJMmF0aEE2dW1xR2hLY285ZFZsV21ETQ?oc=5","Associated Press","Global","1777986360000"
"US, Iran, UAE trade Hormuz attack claims: What we know","https://news.google.com/rss/articles/CBMilgFBVV95cUxPZmNLemhoWm1sUloxUnQwM1BralVkVHo1SWlMY2ZPSWVEVTc4S0xHZHVnSGFoVEtXMGU4R1JXZ3RuejVfMTJzbUYtTU1rUTZYa3o4R0VSekk5TmdqQl9adlpYOUt0dFZnWnVuM3VGUTNSMjVQWF9SNXNNbVFYS3ozZGRXM3NpUlExWk1vN1U2U1VleW9GUXfSAZsBQVVfeXFMUGZyYXBIazZSakt1a01lNlNVMXlER3U0WTBLY05naTF4WFptNV9RcFVGZnVNNG5vOFY3Y0QwN25PWkYtNGZxNTVpVk9BS2dHOHFVcTNjcVc2cGpHeWdDdFhtVGlHaTBab29aeHNHT3EwZWtUeFJhMm9mTWpPUUdoTnVKSzNmYVR3UVdlMXFEdXlYNy1wXzVvY0lGRlE?oc=5","Al Jazeera","Arab","1777986171000"
"Donald Trump should address America on Iran strategy","https://news.google.com/rss/articles/CBMiV0FVX3lxTE5vZVpzZ2VtRndKYkxfTUItSXpjX2Fqd1lpS1ZmV0VIZ2dETzlPc3dlNm96WjkxZ09jT0NFWmFXc1phT3F5bFpkRExBcVpSa3hWWFhGNmNFWQ?oc=5","The Jerusalem Post","Israel","1777986000000"
"Fragile US-Iran ceasefire on even shakier ground after latest strikes","https://news.google.com/rss/articles/CBMicEFVX3lxTFBmVUZkQjNZaTBtSlNRUUhwajVValQ1eEhtZG5rSmQtVmoyLWtIcFAzOWd1Nk41bVRRTk9UeFp3VF9zS1cwQVhzM2JRSFlHYXZ5a1JMbm1ROEZETTJ2VkZySTg3YkVyMkJ5QUhEazJBMGs?oc=5","Financial Times","Global","1777986000000"
"US says Iran ceasefire not breached but warns of 'overwhelming' potential response","https://news.google.com/rss/articles/CBMigwFBVV95cUxOblZDSXZWSXZCSW4wY01GWHBtVlpGM05YenhaNUxNcWZyd3ZESWdOR0NYdm9FY053cTRjblR3eHJtYTZGWi1ITDFJZkU2UVhIV0h2aUNFbWtWQjk3OUJvZC1OSjNKTzd1ZG5Sck4ydkphWlNYcXlCM3pwdGxtcVFjc0o1SQ?oc=5","The National","Arab","1777985935000"
"Iran pulls out of Venice Biennale amid high tensions in Middle East","https://news.google.com/rss/articles/CBMirwFBVV95cUxQdnhTaUJsLXZtMHE1a1VOOTFaVTlyWi1GbG9MeWI5UjY0MWxRNGQ5bFlxWWx4aU1UWWVjaDJoaWoxU0lGYzFRRVJ2YnVGeDZhRU5DRGYtaUJzbUtUWVo3eElwYWdxVUEzSGJ3azBpYUZqcDc3TlN4SGhqeV9NSXNuXzM1eFNDR3VBRkYyMlNzbWx2c0JvYWxob1Q5a2k3UlhYMmNldVdMU2VCQ3R3UG9r?oc=5","Euronews","Europe","1777985708000"
"Hegseth and Caine pressed on ‘kamikaze dolphins’ in Iran waters report: ‘’Like sharks with laser beams?’","https://news.google.com/rss/articles/CBMiuwFBVV95cUxOamtFOWNVTTQ5NmE1ZVZua2dLeDRTWFlBcFoxSi1ZM2NZQnV4ZzRfX0JsSXRkRy1PSjB0eUh5OEtHRW90dE8wSGJIY3R2SmtaemJudnpuVGEyS1hyY19DbGxMcDRjbkxFeDBvNkJqUXFVUmI0NU03TjlqdWdjR1hLTFVmbGt5eFlXUHd2NW0zOEl3dlRxaXRSZGY0VGxXSHR2d2QzR0hPdmR3T29NeGhtUGtQdHZlZm94UVNv?oc=5","The Independent","UK","1777985400000"
"France’s Macron to speak with Iran president on Tuesday","https://news.google.com/rss/articles/CBMiswFBVV95cUxOdktjWmNhQjRLZ1kzYXE1cDlrSVRjX3VlWmpXYXV4OUh0cHk3QU5FbkxMX1hpc29UZVpoRENqczFna2tuTWZQbjREc25qLTBlOFl2SktWZDlFSXprcDd5elJaMTMxTjFZMlRidUZ2T1B0UHNNM3k1a1Izd0s5Wk1KaDNOTExNRV9ZRjB5RE5wdVZwS1dsc193VnZGeVA3Tk02SW55MmJoWnFWMlNjeDdLblh6NNIBuAFBVV95cUxOYTdKSGZob2ZCTHpRMXBZbERnZE11UjJ2UDFWOTZ3ZURTb1lUZGVyS3FfR2JlZGotNTFfaGFjQ196QlpzdlFvajJzcDdiWVMtNUY5UHZkdWxLV3pPUU9Sc3l2NGtTaTZCNS1MM1g4V0s4dDU1OVc3dWRzLVFmUzBicmRnbnhNeGhGQ21VY2xpc3QyZWZIcnBOVE4wZmZIWUw3UnlEMkJiX3ZtcV90dmhrWmZLMm9YRnBG?oc=5","Al Arabiya","Arab","1777985400000"
"U.S. mission to reopen Strait of Hormuz will be temporary, Hegseth says","https://news.google.com/rss/articles/CBMimgFBVV95cUxQNDRlMENvY3ZOb1Z6ZTczSThUWjYxRERjNktLS3oyM1hIdkFBTm5ITEVVdTZkMF9ZaExxYkFsbU1QOHl1YktFVzlNS1Q3emdtQjRKWEdGamlVNWRQMkUwTTdRVU1tNEhCU3g1Q05IVDhxVWJuSUlGaENmeERYcUtxSkhQZm5wc2paVlBOTGlNb3VOTjdWb1E1RHRB?oc=5","The Washington Post","US","1777985330000"
"Hegseth Warns Iran Over Commercial Shipping Attacks","https://news.google.com/rss/articles/CBMirAFBVV95cUxNODFuY0RxdUV6dmxGYk9mY2lIWEgxNW85QnhOU1VVbGhoZnZPMVloUnlmc20xNWkxSW9IdWp4X1V1V3hzdWh2LVhFdmJZYlZlMFJhOFNhTnNrUlZlQnU4WG1Hd3gwRmgxVm5wMnZ1UzZ3OHJLNEg1RmM0aDNwRUQ3SXo2amNjd0FaY1ZIeVVSbDg0eXJkNWlReHZWUm9kR2Q2LWZtR2JuY3c0dkhU0gGsAUFVX3lxTE04MW5jRHF1RXp2bEZiT2ZjaUhYSDE1bzlCeE5TVVVsaGhmdk8xWWhSeWZzbTE1aTFJb0h1anhfVXVXeHN1aHYtWEV2YlliVmUwUmE4U2FOc2tSVmVCdThYbUd3eDBGaDFWbnAydnVTNnc4cks0SDVGYzRoM3BFRDdJejZqY2N3QVpjVkh5VVJsODR5cmQ1aVF4dlZSb2RHZDYtZm1HYm5jdzR2SFQ?oc=5","Al Arabiya","Arab","1777985303000"
"FIFA invites Iran to Zurich headquarters to discuss World Cup","https://news.google.com/rss/articles/CBMiqwFBVV95cUxOU2drWTA3RzlmVWlKUVpVR2lUV1pRU0R4b09qVjlZYnBvNWF0eTg2akRWQlNLZkFSanp6V0xJYndvMnJGYjJrRC1sYmFuSndRSThBbExqdlctaUVrQkIwZy1ybWxmXy1pNFhxRHZoLTBwWVR3SElSank0SjdyY2tQQTc4elJOWjlrMnlSUHhfd0NWR3hobE5RXzNIM25wZ0d0OVZ1TkhjeVhRY0E?oc=5","The Times of Israel","Israel","1777985292000"
"RAC warns that highest petrol prices are yet to come amid more Iran turmoil","https://news.google.com/rss/articles/CBMilwFBVV95cUxQdXpfU28zQ2ptMk5BaTFtQmtUUnlSNFhoT0NHODhaYVBEbkdlbmlqaDVJOHpUUVFjMVprWkJjcEJON3VTcmV0X1NqclIyS2JxcVpkZWR6M3N5OXlVNERGdHF3QUJMSDkzeGNUVTBxNEU5WXR2dmgxblE1YlBnNzF1U0hjOENpZzh1TndGWG9yWmRfbUttTXdr?oc=5","The Independent","UK","1777985100000"
"FIFA invites Iran to headquarters for World Cup talks","https://news.google.com/rss/articles/CBMipAFBVV95cUxQaG5uRkwtUGsyR0RMc0F5SGYwSzRoRTF3Z3JoQ3RTWmI5NUxuNGJXaTdRTGFsMk5KODlVamZKOThORU0tNGh1Ymc0YU81TFU1Z2FvbWRya3pTY1FVOTdGMlFXdkhGeURVcS1OOEpKckNHek9EM3o4bm9QLXFFZFJpaGlZemY3RElDNEZ3MUlPaDVhejJicllYR3hybGE2MklEYnNlTNIBqgFBVV95cUxQQ2tLaTVSX0tqcjNOTjFpZzhoRzJ1TDZvaWxxaks2VFVJaEdVamQzZU1jTTJhSUY1NE1QZGJlSGcxYmY0TnFkX216bHVRQmNTN05Cbm1PcnZGM3N0NHJjTzFuNlZCQzBxZ1VsY0t0aVRYVEJwb3pQd00telB6bE56ZWhfajhKa3BDVGl1REI4V1NrZW9pVjdRS3A3Q045MXZaYTBFUUJpWGJTQQ?oc=5","Al Arabiya","Arab","1777984920000"
"US and Bahrain push UN-backed action for Hormuz as Washington seeks maritime coalition","https://news.google.com/rss/articles/CBMiwAFBVV95cUxOcExoM1d6aklFTjE2XzI0aGc1ckRETkpybV9JVHZnZzVSY1NES1JpX2ZFbXdiRzZwdW1US1NmcC1hTHExTklKZllaTVl1dDdlbm9sNlAwZkFIcnhEVjdFYlRia1VDZ2tSS1NDNnM3V2h3VkdURXBuM3F0MnBfSU9oX1lUUHpJSkd4NE56ZHNzRnNzM1EyemU2XzlCNkVJWXFfeVZrc2hfLWQySFJfZjVEVWdPVmU2OEM0Nmlra01QdnE?oc=5","Reuters","Global","1777984913000"
"I know the Strait of Hormuz well. Opening it will be an almighty struggle","https://news.google.com/rss/articles/CBMipAFBVV95cUxQcjAwUTYtSnNPaDF4cW5HRTZUVjlXbHJJZkp5em55WnZqVFF5NWlCRW92bWVSeE15QXY3d1pqT1pKUGV1b1VIWGVXTE5xcFI0VnF3UmdQZUJkSG1ZWjN4OFI2SF9lQklIYmlmZmQ5UjdXR05ZWkdPVWw5SFdkWmk3UzZvbXZ1ZkVKbjBKeFJpY2dKM1h6U255NGh1bV9vWXNPNHFvMw?oc=5","The Telegraph","UK","1777984740000"
"Reeves Enjoys Good Ties With Bessent, UK Says After Clash Over Iran","https://news.google.com/rss/articles/CBMiuAFBVV95cUxPV0hsWGNsdXpJLVgwU2l3QnlHb1ZaVG1iS3NLaEJhU2swbFNqSDl6cTllNGtlUGFHYUw0bGZvdmFKVEI4a2pOMFZfWVRnLUVXSkRyVzlYRW1NdktnWmcxamU0SGJULTAyVUhGbkxMajktdG04NnR2eW8xdzczeDZtMWVWLWMzalppRjFKYXo3bER6bEI1TENIRzlzWDJhZXpfNmxXUTg1TjhQMzlKbmdXZllIOENucVc4?oc=5","Bloomberg","Global","1777984688000"
"Pete Hegseth: US to provide overwatch for 'all peaceful vessels, except Iran's'","https://news.google.com/rss/articles/CBMiakFVX3lxTE1jdkRXS2ZEa2VHWUVCQnlnTUljRktqSEVsQlpHODYzZWR2bWN4YkF1d1U5UVBVeXhuRU5Fd2ozdWpSV2hnTlpManAySHZRYjR3YWVfcVV1UU9MTVk3aFZNaWxrNjVHREo1T1E?oc=5","The Jerusalem Post","Israel","1777984687000"
"Hegseth insists cease-fire with Iran is ‘not over’","https://news.google.com/rss/articles/CBMikAFBVV95cUxQNXhhOHhoNHRpd0Vzdm4wQ2s2YVJGa0hWVHVIVTZfN2RzLXppc1ZCRE5nTzBxdExRcm9PY3hpUjZWZDBzUVJkVGlKbFJWMi1VXzl4LVlmRnlCcWQ4RXozLWE2cERmcDFfRWI3cXZzR3V3dHYyZ3hDRlBfdzVHbVVocjdpaExjcnJxUGVsTXVlTm4?oc=5","New York Post","US","1777984680000"
"Flash: Ceasefire with Iran not over -- Pentagon chief","https://news.google.com/rss/articles/CBMifEFVX3lxTFBKUXB3clo1NW5iTzNPUklqc3ZUQjVxRzFrZ3BfVURvT1ViY2E2OGNrOXd5YXd3ODlIUFR6VU8wTGZqenFiSUs2MmxRN0pMNmE4Zl9tYlBNWllpRDJzRHVGTFZXSW81Q0duVFFoaFVLNm90WnFCdFlQNGh5Mlg?oc=5","Xinhua","China","1777984590000"
"Trump’s latest threat to ‘blow away’ Iran show how few options he really has","https://news.google.com/rss/articles/CBMirAFBVV95cUxQdzJwVG9qdlZjbm5JYi1XS1NkY2x1NmR1V3ZfQU0ySmlIWjlBSFUybUFPMkJRcWV1eFU3NFBuNklnNGRzbWpoeE1QWEp4aGlZQTR0ODlHZG1iVTN0WTFNaHFXUDRXVDBPY1pwdUIzU2lUSjJLTEY3SDJUV2JYbnVDcldRWTE5ZkRxUkd0UVU3TWtFOTI2SnQ2T20xcnc2bm84bU9jWU1FYWt3TEg4?oc=5","The Independent","UK","1777984500000"
"Iran’s attempts to stir up violence in UK ‘will not be tolerated’, PM says","https://news.google.com/rss/articles/CBMi0AFBVV95cUxQS0pZYmllQmw3Wlk1SkJWbzFjWnRqeG9kNTlmMzBBelFpOFhkWWNkenF0UzBOem9Keng0Y29mWEFfd1VUNU4zd3RIbVlPMTdkNzRld0tYYWlBWGR3VXI4eUpMcFJyc2hYYjVCRnh3R21zV0w1OWg5V3hvcnB3YlF1UVlHNThfa0JnWW16bm1wdHZuYmRod0NzSzVqajhRcENkemxKcjlZZ2V4TE1JTDJkRGxkbi01RHllUlBWN3NRSUpzYURoWUliOG9Ga01CUF9w?oc=5","The Independent","UK","1777984380000"
"Inciting antisemitism will not be tolerated, Starmer warns Iran","https://news.google.com/rss/articles/CBMiWkFVX3lxTE5iZEkwLVZMTVlMLTdidU41aEp6U2Z6eEZVNHRfa0pjRTczQzNjOVVIRlB3b0hxQ1U5aDRZLUJUTXp6UlBIZnRUbC1qX21KMnRiRlBZMHFEU2FjUQ?oc=5","BBC","Global","1777984339000"
"France’s Macron to speak today with Iran’s president","https://news.google.com/rss/articles/CBMinAFBVV95cUxPNXdSSDRjWm9qMGFGWXYzTTJjVjJPUDJUczVIa28xaUFTcm1pd1dKNWR1TjJmclBQZUluZ0E3bm1Jd21YUVVQLThONk55ek8xaDVjUmlHSUpvMnNsYm5oUGpERFlkMzlFWDZYbEpxYVdPSHhJdjVpWXU3WDltdVFrcUtvRHkySTh2cmIxUnhCTlpTb1VsV19fMkw0ajU?oc=5","The Times of Israel","Israel","1777984052000"
"US Secretary of War: We have eliminated Iran's nuclear capabilities","https://news.google.com/rss/articles/CBMieEFVX3lxTE1ZVzlPemJhSjhfZjE2WHg2RTRtQldOZG1LOVZKWXExQUxnZTFUcVpkRGNNbWNDTlhXRWh5U0Y1aUZlbEJXWFhUTldQVmxqMDhfbGliSllzSGtrQ3VBNnNYZ29FUk95NnNHdlE2X25NeEFnaExuNVBNVA?oc=5","CGTN","China","1777984047000"
"US intercepts 6 ships trying to run American blockade during operation to open Strait of Hormuz","https://news.google.com/rss/articles/CBMiuwFBVV95cUxORW9FMGhrcWZQbVlwMFBCSFc3VVVIaUJnSDBFcjNiZEg2ZFJKY1Y0YVJBa3Iwd1FDM2lFelFQS2JTRk8xRWUza1hRNHFFYVBvOU9ZX3RsUG9paFg3d0w1ZTgzSmRpM2pZM1I5bVhBX21sT0xiUEZsQ3VXRk0zU2dZcmoxdVl2ekVEZGVLNy1rWHBweWZfdzduckh1d1B0T1ZiQmhLcW9NQ01oSzRvQjVmQnk4VWtDeDB4cU1z0gHAAUFVX3lxTE00V1hCQlgwVWstdlJMQmlWWWZGNmFMaHRLWXMzelpFLS05ZDY3VFZLNXRBNHllRlNFNUk2bU9HZDNKRG1DWWtpSGRBWkQ5cFBlSHZwNEVwY1RqYmc4SFA1YUFzQTFSdExGU1JaZENzTmJQY0tQbjBlNjFWVVoxUEVSM25OcmRKcldVc2RpbGxKXzdCZVVoR3lOX1lUMFQtNEZYQWpHbUZvX0NyZUdNcXJaQWp2VGVNcDlWN1NuZUVNMA?oc=5","Fox News","US","1777983980000"
"Trump accuses pope of ‘endangering a lot of Catholics’ with Iran stance","https://news.google.com/rss/articles/CBMixAFBVV95cUxQdmJHSFpYTnVZNFZrR3pOWmxTQWRRSnhrQjlMVm8tZFQ0cGhVMGNhbGI5Xy02aDNQSnlDMElLYUs5aVREVGk0YVpqbnZPMzhXSmIyNTA0WHpySXB3Wm92bHkta09uSk5Pc0RmZWtfbmpoN2ZudGhsOWhxdUFCbTFmX1EyUHJxTFQ5SlJTZDJ6QnZycmFEVEp0Ny1zN1c0MVJzbzhHN180VnRpNEtLbjNSWWwwMDI1RVdPTWJLOUdneUllSVl6?oc=5","The Guardian","UK","1777983900000"
"Hegseth claims Strait of Hormuz actions are ‘separate and distinct’ from Iran war","https://news.google.com/rss/articles/CBMiqAFBVV95cUxNUWVtX19EcWZUdnNTV2JPOEV0RFRCWlgtNkhrZFI1MXZ1MlZxalBfTG9KVXQ2enB6WVduYmZtWFVGYUpwb3IwTVFVZWEtcUtoeS1zZXFTUi1XZnlqTzhmdS12bEphY19yUFVaMTdZUTN6UVRjN25yUVhZVFI1Q3labmVmSmVMbWctdmMwUHJpMnlWRTNtaE5vVklFVTdSUEthSDBJU3NJMUM?oc=5","The Independent","UK","1777983840000"
"US not looking for a fight with temporary operation to protect ships from Iran, Pentagon chief says","https://news.google.com/rss/articles/CBMizgFBVV95cUxQQ1RWYTVuZTRJS0VjZjRqdXR4aEJMc2pDTElIRFN4U1hXOFRsUFFKX1FyYWhIWkdhVFB3QjJMbnNjcmdDZzVISERFTjhXUEF5NlhkUklQdDUtTHF1dGNxbTd3Nkt0aVd6VVBORVV3TkhpZXdCZmdUYVNoY3FUMW5TV1FaZmNIRi14U1plMkxVTkc2aGNvS29hWVh2cWVVOXVUUUhnY2F4LUlOdnRYTW5UcllOLUx6T3JldGR2NW9HeUc0ZFlrWE5VbU85eFlkdw?oc=5","Reuters","Global","1777983814000"
"Iraq offers discounted oil to tankers willing to risk Strait of Hormuz","https://news.google.com/rss/articles/CBMiqAFBVV95cUxNWEpra1BzRzkzMXJ5U2tkZ2Jqa1lJTVRNS2tvWDdmWUhXYlpxTmh6Wkp1V01kMmh0SXp3dkFZQ2gwZXVrcUdreXZmaTBJc3ZYMXRyazdrRXFfR0hOTDNEVGd4anlNVjB5aDhnNkxVZlNrb2dzS0NEZTJiQmRFbXRoR2dZYUxPOGF3UFhWWlFrOEVTMnc2N094ZVpOUkRHdzN4OXZlZFFRNlo?oc=5","The Telegraph","UK","1777983600000"
"Flash: Joint force remains ready to resume major combat operations against Iran if ordered to do so -- top U.S. general","https://news.google.com/rss/articles/CBMijgFBVV95cUxPOEpPWXhMbzFmN1JyeEotaVY2ZHpfTXZxajFmaDlCVk94bW8ycV9pOEtmV2F3VkpDOXVPWVRyRjdwYzhIRjBaeHRvc0FVYVZpM0lyRTlaMndZaEVHTmpDdW1wVnprTXRiQk1hWU1mUUdnWE5fMHRyV1F1VFpuZGxIUGlObEdEYTNyZ0xEMHhR?oc=5","Xinhua","China","1777983585000"
"Iran winger Gholizadeh out of World Cup after injury in Polish league","https://news.google.com/rss/articles/CBMijgFBVV95cUxPeWJta3NUZzREZDJxZnNQRWVmcGVZZXlkLWtWOThBX1Zqa25xNTViSTdKcndZdWRGX2FmODBkUlpBMFIwbnhydmZEbVRNczFsX0xWRXB5SzF5NU1xTW1XVk9CbnRDWnV1VEtQM1duSFRjbVJ3RUtObHZZcjg2YkZGUkY4OUI5VFdNNnJoSVRR?oc=5","Associated Press","Global","1777983420000"
"US attempt to open the Strait of Hormuz tests Iran war's fragile ceasefire","https://news.google.com/rss/articles/CBMi4AFBVV95cUxQUjJLRS1pTUptNTJjZXlwbzFOTlFBNnJKeTlZWFBkMC1oMk5DU3FVMGhJMzZ2U050YWJuV19hNTlQRU5FcV9ZNmtRMVB4djJBdGo2dnB3NkJTNUNyckhTMTE1V1U5SkVGUUxxcUJrTFRhUWxKaUJsSGtpWUNxdnc5OTZJZ2lPQ0diSUNjVjh1WU94S0tFNGFEM25NQll4V2VCeExyM0hzOUpEVENGVmhnRjIwQW9KZmV5X0Y1akxrYUExb19yTUVKMzFsTXNDa1RLcjRHMHNhaFRMcGpwaEprMA?oc=5","The Washington Post","US","1777983381000"
"Flash: Iran to face overwhelming fire if it attacks commercial vessels -- Pentagon chief","https://news.google.com/rss/articles/CBMifEFVX3lxTE9Memx1YUlnWF9mUUE0NGVIT0xFU3FJalVsZ0dQY2JmVENmMFFabFVWTHlSMGNQRWtieXpEUS1YbTBBeUliMkt4QmxMNU5HZW9iYmgwYlRoTWpSSFlteWpkZ1I0ZzJuMVRwOW84SElxb1NuZ1NwZUEyVVg0SDU?oc=5","Xinhua","China","1777983360000"
"RAC issues petrol price warning as costs near highest since Iran war began","https://news.google.com/rss/articles/CBMiqAFBVV95cUxNMldlM0hhaWJmWTVucmlUT09ZSGU2VTN0RUpuaWdKOXpXWElNWjhfdFE1LUU3d0d6ZGJzNXZGUTEyVVo3TElmdjZLcEFzTDBhaXgtTm5vVDV5MXBfWW03bG1KS1F1VXdRTXVMQWItLWpBOUlibFR6bVBNN1M1RjlCSFhjakpDT2VHNml5aEdNNjI0ekJjTzVhanNCeXVZN0FTeUgwSGV6TmE?oc=5","The Independent","UK","1777983360000"
"How Are Americans Reacting to Iran War?","https://news.google.com/rss/articles/CBMilgFBVV95cUxOOFVncnM2b09ybkFTQ2VwS0VGMDNoMksyZWpVclNqQjFFemRJN05NWVlpQTgtR0VsSVVKMC15dmNhdFRhV2VkMTRGX1hhU1FUT1dkWnJFWk10VEt5NElkSDdZMDh1NmtVR04yVGVYR3FmMzI1eGxUZHo0aXpEbzNQU1dIMEM2Q0lKQXJDWDVMcnhhQjdDOEHSAZsBQVVfeXFMTzhVU0FmMFdHYmt6NjR4cWwwQWhvNnNrc3g1ZkFDcDhPeE9DWTh2RGtKLWdZejJ6VnlHT0xTV20tZGwtbUNRT19SdlRLSHQyTkdpNHVWNUNiSWNhNjZsanVabnNZR0NPanVrcHN3NVp5a0xlczUzbjFHU3QxR21zMkduNXYzSXpDZERZQzFFS1Z3RW1iOG9XNWVZZlk?oc=5","Al Arabiya","Arab","1777983208000"
"US aims to protect ships from Iran’s aggression, Pentagon chief says","https://news.google.com/rss/articles/CBMiwwFBVV95cUxQNTl1RXZDQ1FBbWdKN1VFbEpvLXE0cEc1LTRGOHR3ZFhNQ094RVlRY3RBWWdMaFlCdGJyYWpwUmZ6MVNmcGJBQlQ0ZG9fREZDbkJvXzA0SUpUM1dHZ2t6Q1lLV1dkUkdtTTgxSzNzOGVwY3U2bi1NTFRGOWd6eXAtanU0TjFldTNyX1lOczZESHNRY1plaVVYd2NueVBvbnpDYlNVSjR3U3NJaGo1QVdqRW5McGo2cGs1Q0JkRU1QY2JNQlHSAcgBQVVfeXFMTjU5dEM1SkFLaGMtZlBBRVpheGtRLXJZbUFsdnhfWnU1V3BaS0JJTnFGWGdzOXVXVEdjWHF4djlCR2h3a1NZVF9kNzRVMFdvaW1KRUxfNmJzLVdfaTlHNWdFQkxmQ29QU1ZBT1Q2NkI4VEVRQUdQUkNCZzlPM0ZheGZVUXhGMEdFSWVlZjNTVThpNUJNUnpJaFR2cG43OGFxLUtRZEpKLUdYRTA3dTlBSFJUTDBHTGlvVzZDZHNSUUhoWDZSOVNTVTM?oc=5","Al Arabiya","Arab","1777983000000"
"South Korea considers joining Trump’s ‘Project Freedom’ to reopen Hormuz","https://news.google.com/rss/articles/CBMilgFBVV95cUxPZXNzQ2YyMm9nRHZfWFFZZzgwRkExQ0ZCQ3dIQWlPZ1dhYlVRbmg4T0YtbVE3VThZVk50Q2FfM3lEMDF5RHFaZlNKaktIN2dZNk5SeE1XZ1BOamliMkdjNmRseTQ5M01fckk5UjFTaXAzVzR3dk1HTDVDckVIRHVqNW9uUGU0N05HN01IVW5yNjlTSlVhZ0E?oc=5","The Independent","UK","1777982940000"
"Oil Traders Navigate Iran War Impacts With Niche Spread Bets","https://news.google.com/rss/articles/CBMisAFBVV95cUxQdUdMb2hZUndKOExBRi1qNlFoV0pKak4wUGlEZ2pBMkw5cnhjYThsc3RIMWhDQlQ1c1F3Z1B2QzZURVRYeDVVdFlSMFV3MGpYZUNUbENkSFljLXRJX0lSc3hqSHpKbk5idmlUM0JNam5tdG5sSkRGTmxmc0h1RmR4OG5KUXdZSV9naFNoemZXSGhDLWZMTlRlOXloNURycVVoeTNMWDlFWVBaY2V5RzRENw?oc=5","Bloomberg","Global","1777982894000"
"WATCH: Pentagon chief holds briefing on Iran war","https://news.google.com/rss/articles/CBMimAFBVV95cUxQX1dnT2VNbW5jYlFEaUFQbzQ4Uy1mVi1YRmVuMkVaaXVrOGlnZHczU0VMN1FwcmlxWXlwanBQQmNrV3kteFVsdDRpc1FMMmpQamVUeWY0VXhkRXVJRTVzNFhaUEFmSjkzYmI2US1tSW5EYllXbExZeUNwQ19ZcExtTkd2ckp4dzhrektFM3FSbXpsdF9pVEpJWQ?oc=5","The Times of Israel","Israel","1777982892000"
"Saudi Arabia urges restraint, support for Pakistani mediation toward US-Iran settlement","https://news.google.com/rss/articles/CBMiwAFBVV95cUxOd2ZGTzB5ZTc2TF9LdHMwT1BONGplQ0tnbmNmVXU5QlN6M2JhV1dHVTZiVHM0NEJCcUZBUGhaUU1HUUhxUEswQWZSaDBkX3ZGN214Y28zSXdxZTFlSmFxaG5JY0hwMHJrdmxDakJyUGNqaUl2dlBfdzJfLWRFYU95NjNZNVpqZ3ZkalNkd3MyX2N4TWxjcTV4ajVXZVNENG8wbDdJRGJiTVFtTW9iNWFKd3VUeFM0MDQzTm5XYWpKMkfSAcgBQVVfeXFMTlByWXd6dVFnVDVTWHI3UEFFUmJoUllJanN2YXI4MVNPODlacWtKQURHU0xvNV9Sd1dWYnlFRVZKSHhOcGl1a0pKZ0R0aWZZandCT3dsRWxsM1M4dEQ4ZlptR1YzS2JfZkxhblpsXzc2Tm9LcFVlN1JxS20zcmE3SHU4X0NSTDJyMkxYUTdEbUdrV05BMGozMHFLRDdQOVREa2FEMlFLanZJSU53VThYa2ktQnd0Z2d0UnpoczczY09IZjI0NUdYUGw?oc=5","The Express Tribune","Pakistan","1777982879000"
"Update: Iranian FM to visit China on May 6","https://news.google.com/rss/articles/CBMifEFVX3lxTFBPM0kzd1ZtTHBnQl8tWWdMMnY3NnNTX1ZGcHF3c1luY2E3eXNvWWVTOE1wdlN4TWtMWWtCd3B2S2IyM3dsWWQ5ZEZTc19Ma0ZoNHgxSmlsb0NkVGZqTTQwdklWVUNEN1FPWnhiYTZTanZvaHM2bG1pX256Tlo?oc=5","Xinhua","China","1777982235000"
"France's Macron to speak with Iranian president","https://news.google.com/rss/articles/CBMihwFBVV95cUxNQW9WVUpRTEhMWldsOHAwQnBTQ09zdGlmbXZudEN2WHJRdFAxYUNDQ3VmNS12UUVpUTZkYmRvREtkYnRHS19ES0dfQ2FiMklSWVZXeXpFSmlmcWZibjFkV0N6MjAzWjVQNV9mSUc3TkhfbkNpUW12eUVtVW1Jb05QOWxKUXNpZ2s?oc=5","Dawn","Pakistan","1777982124000"
"Why Has Iran Not Returned to Talks?","https://news.google.com/rss/articles/CBMikAFBVV95cUxPTGhtYnpHZV8tSlptaGVUU1pIYy1sRW1MOUotLVJEQnlCSndqQl9Mb1BaclZsQ203NDdPbmc5TDdrUkRDYW1Hb2Ffbi1US0J0X0tJYUpFNS1LZl85ZE5PVVhuZlc0Xy1OMUV6Rm5xdDZ4MHZrcVBCX2hhMVBMMVRHaTNyVWNVY0RnMU0wV3VoYUvSAZYBQVVfeXFMTk11VXBpX2tWUDgzWEs2U3RYNHJ3a2JyeUQ5QVRpZ0RqaXhJWmNWQTA3ekNPNDItamczNFJBbjFBUVVVdy10bHhzaXQ2Ql84aG05Zk5Eb1dQTHMzakQ0T1l3WmcwTU04bjVJV3BHd18yN0ZEUG5Ud3FIbWNXamk3dXNXN20yQkFuVUlyc1U4YlU2SDBWNVhR?oc=5","Al Arabiya","Arab","1777982053000"
"US Stock Futures Rise With Eyes on Iran Ceasefire, AMD Results","https://news.google.com/rss/articles/CBMisgFBVV95cUxNQ2RfcXJyRV9mRTlNZ1lQU3ppWnA0Ui10Sm9KWmoxQm5oZnh1U0FQNFJ3cmVYYnd2UldrVHhJUUZ2UVh0RGRoWUdHNm1KSzRObTAwc2JSd1FhQ0diaGNwSlhDOXFheko3SU5SSmZxWWZfMkV2dnM3bUZlSHZjeUlQUDZuQ1B1UldtODI1aHhUclNIOVNTVmZKVmw4bjltTnFKeDgwQ0VGRU0tWm5NTFhJMlBn?oc=5","Bloomberg","Global","1777981914000"
"Met Gala's Best Looks, US and Iran Trade Attacks, Lively Settles and more","https://news.google.com/rss/articles/CBMikwFBVV95cUxOUG1yQjhjLW9Sc2ZrVkFFUzlvMUVPU1N2dV9IRmthM01uaXdkWURiclVBeUdIeW9wYy1Wb3RjSEpTek9GcHhiVFROd0VxWFJ2RjY0U1VEdDZtRFJIcm5kaWVwN20tbjl4NTI1RTk1T0IwaE5PeTB4bTBRY3F5V0FQOG1tMUFURFUzOGJHOWhwa1pnZDA?oc=5","CNN","US","1777981900000"
"Israel and US preparing for potential 'short campaign' to pressure Iran in talks amid truce tensions – report","https://news.google.com/rss/articles/CBMi5gFBVV95cUxOM0Vxb250YlBJYjJ5X0pzYmg4eUtlWE5KYUV4YmFlajlnbkVmOXVZWG9YbjhRc29xUkZYYXlqSnVvVEhTR0pqVjljZ0FYWDM4WmpzNHZlc1M1UkllU1VWQm5vZGVtNVhlU3F0b2hiNV90eDlmZDhvZmR3aWFQejNJZ04tYzVUbG9tZ3B4MmxRY3pCZXhjOHBwZ2ZXYng0MjNzUFQ0ZlJpWXE5ZjBXWFNfMjB4R3pabENvTVNBN19EVE9PTGdiU0dGSTl4NUd4bzR2WVAtakVULWgxNDF1a2JwNVR6N3ZLUQ?oc=5","The Times of Israel","Israel","1777981692000"
"Iran strikes UAE push Abu Dhabi closer to Israel alliance","https://news.google.com/rss/articles/CBMiXEFVX3lxTE05VDJXWllpdW82MGdqTE45aVFXOWpXbktFcWtmT0JwV19hLUd1MEE1T0UtTDg5enlkOGFTazlCd3Y2elNSbWhYZVhqdDdjeHAxSmlSbnhsTHlLMTdf?oc=5","The Jerusalem Post","Israel","1777981562000"
"Iran's Baghaei calls on Gulf states to stop 'borrowing security' from powers outside Middle East","https://news.google.com/rss/articles/CBMixgFBVV95cUxPdzByN3NHdnFneGxFUTNiWktXY1dwc21LUzB1U2FRV3RDWUxQR1p6Y1h2WTVpSVBGZTZPYnNTMHliQ3F2Vm0wdmdkck9jNEFiaXhhX2FYNnJQNU1RZFhrZ2JjZ2lwbm1qY2VObkdKa0xUSW9nZnVPZk1GZWpCMldmQ3BNRGUyMFV6Ti1YRjVtUXZaaEZjZE05UXc1SVc1dkNSb0VWQXZRMU03dlVTZ3BYMUdFTi1Lc08wMkxBNGp0bV9HSURZNGc?oc=5","Dawn","Pakistan","1777981554000"
"From India to Iran: How Hitler redefined 'Aryan' for Nazism","https://news.google.com/rss/articles/CBMijAFBVV95cUxPNTZaY0NwcHNqUWV2aUdocm0yWU5RTXV2dk9iTHJBUkdUUFMyV1pvMzhxbVdTSC1ERDNpU24tLUxBcVBpNkFhelRFMU1OdUhTTlAtYjhjQ0YwM1J4RG05OUpvVnBDZk96QlRpMFlFT2JUTlp4NWpHbU85OXdSTGMyTnB5Z0FZQm9YNHRJb9IBjAFBVV95cUxPMUZhXzhkR0QzdExyWTFoeXZodU1TY2x4aVl2ckpoLTBXZFNVM192cnhVd0hCakNMQ3JNSXUzZnZSamlSV0dMSGxBd0dHdnF3czRIX1NOR3ZsQUYtdDYxX21rZy1yS0VsRjA2Q09ZYXB1R2RBU1BzNFBCeVBULTEwcHVENENhUlU4bUF2dA?oc=5","DW","Europe","1777981074000"
"Iran-US Skirmishes Only Enlarge the Oil Supply Gap","https://news.google.com/rss/articles/CBMiogFBVV95cUxQZVhQb3NCbnhrWXBqdjNDTURjMTZxWjI3cXgxMEFjY3lVUFhfa0U1T2ZTVXZBeFN4Rl9XS21DUURpTnlWME1taVktdWJnekhwUm9GNHdwS2xOWEpxZHpPNUIwbG1Ja3JYZ0xpekx2UmN4NGhVVzlqQldIeUh1UlkzSHA1RDJJQWMzclBCY2RISEU5VWdhYmNVQkhkR2l1UVZzNXc?oc=5","Bloomberg","Global","1777981042000"
"UAE CONDEMNS Iranian missile, drone attacks","https://news.google.com/rss/articles/CBMiVkFVX3lxTE12d0s5LTlWdlVka2xzeXZzVDBCWDJmS3dkYTBVU1E2MVB0aEF3djQ2dHgwOU90Tk9UVk55UnRROVBLc2lpOHBOUjFDNFJfX2dma1B0WWxB?oc=5","Fox News","US","1777981035000"
"Iran propaganda video depicts Trump in Super Mario consuming oil barrels","https://news.google.com/rss/articles/CBMihwFBVV95cUxNYi1nUkNIVTA4eTk2eVNwVFZnNk55X3BUQlFXYXA3OHNodnd3UXlld2wxUVhHYnJMVkd2ME5fVlNFbjhHUlFWUWNLOW5nd1NwRjZDX0dsLTFwU3laWnhpRi1USFphd2d1SmQ2ZGh6N0Q0T3B5djZpbFdfOXprZkdfX085VDhiWEk?oc=5","The Independent","UK","1777980960000"
"US and Iran claim attacks on each other in Strait of Hormuz","https://news.google.com/rss/articles/CBMiuAFBVV95cUxOUUZWWFJSOXQzbldmbjA5YlBvRk1iVUdrRU1LWTE3VWdIcTkwalBadFhNaVZyTU10YXJIRzZoS1hUdmFUM1FtSlNFcnJjZlAzNHdMMFNTSDBzV1Z2Z184cy1kYXBSdVhJZmdBVS03bGlIWlNZRG9kZHBvVUJfOVFzUE82SkFfS0VIX0tXZXlKTXNyNUZHNHZZaVF2V2dSamRiNE9EWjh3U29zUFhnWGJleWszb0RId1g3?oc=5","Associated Press","Global","1777980960000"
"Lindsey Graham urges Trump to flood Iran with guns","https://news.google.com/rss/articles/CBMiaEFVX3lxTE1NTnNEaDE4T19hVGlRcGlTcmN3UU9IS3dGc0VGZ3lyVlZfTmFCN3VPNHQwbi04XzZxd2FGcTBFU0QxUkpaTlNxMDhxQktyMHl2SFIxQlo1bkJqNGR6cXBrQW9BZlFNSjNJ0gFuQVVfeXFMUFpyWFptYWljdXlzOGt0ajdvTmNBNUNQYkhPRWxtOWJGSU5obS1yMHhBM01kTmdzODY4QTlncmxZdlZmejJNckdFZmg0a2cxSy1wNDZwQTk0ckYwWmFLMWg4bThpaHRKWFN3bFFRN2c?oc=5","RT","Russia","1777980720000"
"Trump: If we return to war on Iran, it will take 2-3 weeks to complete","https://news.google.com/rss/articles/CBMitAFBVV95cUxQSW9ub0pvYjdtU1d1UGI4a1lraEZhSGFZR3ZfRndHVTg2X0x4Mk5sM1hFX1EzblN6TXhITER0SG8tQmxfTEx4ekxYMnozbHhTMEItNGhEbGtSam5aTUJ1WGd6OS1lU0RJcXVEMGtrV2tQWWxJSVdKbnNUWVF6c215cWdYRTRFdjRyam5hQ2RvTzdEaWNyQUc2WnIxeGNqYnIyMzJ0NDN3U1NVSnlLN1hNcDdsaDk?oc=5","The Times of Israel","Israel","1777980192000"
"Iranian FM Araghchi to visit China on May 6","https://news.google.com/rss/articles/CBMiogFBVV95cUxPdTdSRVY4aU0wcWRNWGJIVGtXSzVOeXNaejgxbWp5LXRYb05BdmUzZEJQY29NVUVwUUF6dW1ySzV3NXlEckVzRE5SQnBucjVob1IwVS1wTXFpVHd4NjJjNEl4S1k2SUg4cVpYN3IzYkh0Wi1zZkswUkY4ZGk1THVZeGcwcHpCOWZtZWgtaThaRW16V3RDMjBlMmpyOEJ5RERPWlE?oc=5","CGTN","China","1777979379000"
"What is Project Freedom? Experts say Trump’s plan in Hormuz could backfire","https://news.google.com/rss/articles/CBMirwFBVV95cUxPb1dvb28tWmRadDJSTWZ3RnN0WXNNekRaSEFGYmZlZTlxeDY1ZXBiT3c1NzBzSXBMdXRGZWRQTmFqSlhlVnM2NS1QeGdLUU9YV3A4d0RRQl9IWXQxVGJGM2xkUW1PUTBiOTJLZVQ3TnN6QTNtYXV2MzdqZUlweHlKQ20wN3VjdWZXVkltOXJYOFk4aEdRd3pMeW42NjF3Qng5MmpJMVRtckh3X0twVW5J?oc=5","The Independent","UK","1777979340000"
"RBA Leads World With Third Hike as Iran War Adds to Inflation Pressure","https://news.google.com/rss/articles/CBMi3gFBVV95cUxOOHppNFh5bFRSM19ja3Y5VWlkM19KanVDUjgzSzVUelNMY0lrYmJwdXNLRUlEb2Z2ZF84eHh4TDE2LVNZMFhadmw1VjlzQ0g2R0M1d1B2c1huMHNrckMyZ2Z2T2l4T2lCSDZXNms1aXV6SmRzYjZaLV9ROWJUTDE3ZEpPekx2QUdHSXlDeThjQXRfbGVIdktkeWxKRnNsbUxQVzVLbklNeVdXQm9MVUNNd1pRcTNoN1BaM2tzdGdOaTNaNW5FSjZrSWswUTBGYlVTSHpSTzM2dFItRzdOQ0E?oc=5","Bloomberg","Global","1777979234000"
"Trump suggests Iran war could last ‘another two weeks,’ ‘maybe three weeks’","https://news.google.com/rss/articles/CBMirgFBVV95cUxQZThZOEpwRDFjazBJR01kNEV6aFZ4anJmT2xMV0czYnpGcjBVSHpxN213OUJwY2EzRnJjLURZT3RhR01mbmlza0ozMXV4NzdkY3JBc0VLN1lLbUFsUlpLRlNHZXJyVk5nTE9LLVFlRTZYNTRYaHRJcFJUbTNCRnBzMzhQSjdPdUhjd09Ga2RndWhWOC1KZ01BTW1FSk9ERDNHMkRUWV9hOFE3TFYwNkE?oc=5","New York Post","US","1777979220000"
"Iranian FM to visit China on May 6","https://news.google.com/rss/articles/CBMifEFVX3lxTFBadzRaWUE1dUNzWkpNekFNTF9vcndEOW45ZXVXWlpiMjd1VmJualV4cXZrQ3dXWVBCZGJnZVFhNXR1Tndyd2hSTU52a1B6b3BuVW5IN0VRa2drT2d5Wjh2QnRBbmtLWGpHTVF3VXh4ck5rcS14Q3dRZEN3dUY?oc=5","Xinhua","China","1777979175000"
"Live updates: Iran war at risk of reigniting after US tries to force open Strait of Hormuz","https://news.google.com/rss/articles/CBMibEFVX3lxTE1UWHdGVzlPdHdxSHFycFVPaEhJU0pFaXpicHcyY1ZWMFRqSWFIZVA3WlRHNnFndEM5b0wtRllZMkZ2Yk4teFNDVGR0c01sR052LVFIYjE2dFhDZ2YzUDJhYWpza29iMjRxWUJUNA?oc=5","Associated Press","Global","1777979160000"
"The Strait of Hormuz and Options for Future at the Jeddah Summit","https://news.google.com/rss/articles/CBMikwFBVV95cUxQWVVLcjlNdzZDT2R4R250YUZsOHJseGN1TXQ1ZTJvc295SVI5MnI3SUYyaGRBdGlOOXhjOGNtTGZ5cmNLSThyS3lzbW5SS1UzMEJ4Nk96UjJhUm56STFoQWZfTlRkbXlEUk9GM05qdjE5Zl92eExqQi12MDVCUjUxcHVqQlJQek15eDZjNk9sWi0xQ3M?oc=5","Asharq Al-Awsat","Arab","1777979149000"
"Oil Prices Settle as Iran Truce Remains in Focus","https://news.google.com/rss/articles/CBMipAFBVV95cUxNSFNFRTBNWnRURU9fVkFPUmhXdjAxbUdibE1YNkV5b2dxTXNJMFNYOVN0cmFBYWFuZ0tEYlFoRkg1QnMzUlpMQTJ5N29Ca2pqUXAyNm54em85TmotMGYteUxXMk1JVHFGckRyRnpKdWJ2eXlDRlRWb3dJV3NzcFNRZGhKRDNJci1NMmFEekI3bEt1X1pib0xjMVg2N05OYUtCM3BNcw?oc=5","Bloomberg","Global","1777978984000"
"Iran introduces punitive visa requirements for Lebanese after Beirut cancels bilateral agreement","https://news.google.com/rss/articles/CBMiakFVX3lxTE1oa0hGVGJqZkJTenZPR0JyMGxlQjVIa0FaclVxUUdTZ0I1eE9lX25zMVBQTHI2SWpIYjlJckU3TzViUkxxRW43UlpJLS03R20wN0FPVDNOdUlCLVBkSkpXbXVBQm5kSHpOQnc?oc=5","The Jerusalem Post","Israel","1777978777000"
"Strait of Hormuz tensions rise, Finance Minister Bezalel Smotrich makes comments","https://news.google.com/rss/articles/CBMibEFVX3lxTE03NnYycnNhd3RWODdWdUxnWEkyWkZLZ0tvXzM4ZEY1dXRMOEJzYmtzZ0RvczFseUdjZ2JpNnZLTndVQmxLYjZyTGx4LXpRRk8xb2FoRmxHVXN4VlRHcjRHdmtfMkV0UWNDWWJLNA?oc=5","The Jerusalem Post","Israel","1777978223000"
"Trump opens Strait of Hormuz with ‘Project Freedom’ and more top headlines","https://news.google.com/rss/articles/CBMikAFBVV95cUxNZF95WGlROUYyTGkwWnpncXRYR0k3VUdVdG1Ydk8wcGpHckNqUzVETjZOTnVEOUx0amVIVldqbzJ1NlAwOVZma2tVUVFFTUJVdV9fRk5IUXU5bmJncGVrV1Bza01Mc204ODdVVV9XaWtLcnd2eHZVTGxmZGZ6WTV3b0dMSVV6eFNlUWEtc0RSQ3A?oc=5","Fox News","US","1777977988000"
"UAE deports tens of thousands of Pakistanis, seizes their savings amid war on Iran: Report","https://news.google.com/rss/articles/CBMi1gFBVV95cUxNOWxoRFFKSkFMVkdSOVVBSnZtazVzR3RlaTNSYm1RYWR6eGNZblNMdEZqR3pfcFVpaW1HaHBRb1RqcnBJcjFzd0JDeE9hUGpYY1VnWGliUGpZQ1RNcnhXdnlWSy1BYk92SkhHOUh6eUEwaERzbGY5UmxSSzRtZXZqWUNON1FadTZSN25pU2t1ekR2V2ZJUDAzNWpPU0hjdkMycm1sMzBTU1NLYWh6ZkhpRXhCcEZNNWMyc0hwWkZVQ2o0c0JVa2hpNUNTYkVyUWczeWd3bnRB?oc=5","Press TV","Iran","1777977840000"
"5 things to know for May 5: CNN debate, Trump’s approval rating, Hormuz hostilities, Cruise ship lockdown, Met Gala","https://news.google.com/rss/articles/CBMi2wFBVV95cUxOT241Wk84dk9wbzhSMmRSS2tvc3RVdzZ6c2l5UTZFa3U0ejJQYThNcEJKb1VfU280bkhsVkp4dklBZTBCb2wwRkQ5ZDEzU25hVzR1YW9rTDdaN3AwRlhDZDZGbGJheXNzblZTNnBzUnRIbFlsb0dGMkt4LVpoNnE2V2lqQjBTX3hwblRkcktJRjlPTUFPN19SNHRIQ0hKTkVMYWtDeDJwY3dIVzRjQlQ0ZzVQZmRSMVlscE5WRFZ1Q1g5ZEVqdHlyRnRqYXJQNDRnZ2xqcXZkMUlTWXc?oc=5","CNN","US","1777977802000"
"Is the US-Iran ceasefire starting to unravel?","https://news.google.com/rss/articles/CBMiqgFBVV95cUxPQ2dNWV8yOU95aDQzeUJIMnU0TDk1WWJmZ3N3WUliTGx3NG4zMXVNMDY5VEFyUkNwb1JSRm1WX09oSElCVmVTamRhUjJQOURrLTlRY2xRUWd6QUdzYTlNaE1vdzJoSFJXRlRjN1NmWklSTzFCaE1wSmJVTldlTDB0UWJ0bU14Nzhkby1adkpqbHloM2FpaUVLMnBISERrMm52dERoSlNBUmcxZ9IBrwFBVV95cUxPQkNCdFZYNFJRRnlFdk9zaTN1TXd3THBhbl94Y0VQejNWSXB5eE1aRGJEZ3pqVmNPQno2NUo1eE8tZ0NIUHVzYUZrUGdrUnBaSjJndnNvZ2dRZmttN3k0Mlc1a3ZCdW9IT3lFdG5adlBPQ3Z4S3hTM2pXbWlHLXlXZWlkcFI2WFJfSTdtYlpqUlF2eXozS2hMVm1UNkY1SHRPT2dYZEw5TW9nVW51akRZ?oc=5","Al Arabiya","Arab","1777977720000"
"Iran Between Fragmentation and Change","https://news.google.com/rss/articles/CBMihwFBVV95cUxOV0VvaXVZNWc5MjVGM2tuRTl3YmphV2s1aGNrYUE1LWtESlBCeVB2cEEzbndES1hGSmhRVzUxUzFGeDdVQlJTanRDVXJqdURfaDdQRTl5N3ZtdGpSLVQzUWZBRnZycGpvYy1IS2JDbEMyUWp4dmNjRDNBOHFDeFV6dG04a18xQ1E?oc=5","Asharq Al-Awsat","Arab","1777977644000"
"US Attempt to Open Strait of Hormuz Tests Fragile Iran War Ceasefire","https://news.google.com/rss/articles/CBMipgFBVV95cUxOay1nU2FMa1hCdUxDV0FkUGZDa05udHQ4bE9aUGg4V3JLU3pKbGZCMF9pbTdrZXJVRUpYZThMbmxxM1dXUHVaR1JlX1JuVF9SS0lONWljczR0UkZPN0xsT0VRVEFMekdyaFd1SjFJVjJZcFJvOFBOUUdGdmsxN0plTnFBSGY2SHFTZzJ0Ymgyb0VVYzQxMG9UeUVoWkVtZ1lydTk5T3BB?oc=5","Asharq Al-Awsat","Arab","1777977581000"
"German minesweeper sets sail for possible Hormuz mission","https://news.google.com/rss/articles/CBMioAFBVV95cUxOZVUxdWFQSmZWMzM0UTNBLVc5dWxUdlMtWnBCZ0o0ZDZLemdWMEc3MHJLZVhVYS1BcGtQNDhsMlctWXdNdXVqM2lQM1huNzFlQndZOFFCWU1JY0lYWjg3RFdqaG9fS2YtdFltVVRVSVdSdy14UjFNaVVNRURyM05YbXNBT3Y2SXQtbThJZWtXNEpmR3kySnFkVkJTaGo0TFZq?oc=5","France 24","Europe","1777977459000"
"US-Iran Ceasefire Holds, Oil Slips, More","https://news.google.com/rss/articles/CBMijwFBVV95cUxOTkJQZ3BzbXVpQXU0QmVxNC0yX1dkM0xtelNVYmxXSnNwRUllOUg0b3FnRTlDa2ZCbWVXc1Fxdm1qdlk0Zk4zTWdiNVJXWjVjclhmYUNjeU1mQXhsYW5rVHFzUXM0b2lNVWVWX1MzVDF3eXNKbzNMdUpWaDRidkNyUko5RHFjUDUxODV3VTEtWQ?oc=5","Bloomberg","Global","1777977437000"
"UK electric car sales leap ‘could be hit by Iran war inflation and energy price rises’","https://news.google.com/rss/articles/CBMisgFBVV95cUxOSWVDc1hCcWVaeFg3aFlKS2s1ck1NaC1TRHhza1d5ZkZWSDdDQmhOYTdMbzJ0SVhmTG1rYkctOEVYZlR5Rm5CVERnc29HZEs2dGNEN29vRHRocHZGWm11dkt6Q3Q2VkVkdnp2aDF6LUxuSGFNNHJCa2ZsUFRPcGcwdlduZTM0TEhqeVhaNGhkS21USkhaR09WdElpUklsWWdEeHNMM1AzZ2dvR1BDeFgwTGZB?oc=5","The Guardian","UK","1777977420000"
"UAE intercepts missiles after day of claims and counterclaims in Hormuz","https://news.google.com/rss/articles/CBMizAFBVV95cUxPbTc2ZGhzMUN4dk5EWWJoWlNhcmNKdEMwZGRZcjdLLXNnblo0T3hZVWZwUnJJRlFMcVlkZ0wyX0h2ZS1zZ2xpRDNOcExTQ2Yxb2RLX1dFYXMySTdFR091aXdVN3JqSE5yMXJIQWRaSWpnRUZDR1VIdlh5N3RWd3MzeW9ucFlwbHVlbzVOV21ES3ozbmczNTN2a1VSUWktZVdTMVBOQXJWTkFGN2RkVEhVcjY5cDBFalFkQUpWVzJSdEgyZHA4QTF1NGZkUmbSAdIBQVVfeXFMT3d1NUl4bVR3aGNxd1RQWU9xZE5Yc3ZWNlgwN2dmYmM4Y1gweWdDQk5rekVFam5SZy1XMUNGUmFmbkRBaU83TEp0cHVaSzB5elAwbk92WE5sRU8yel9QdzktcVJzS0xjTm5tQk9OVVdPRUdaRHVydWM0dTVQYUV5dHBoS0NCN05xcXZJdXJwV1NjQVdoZlc1djI3MS10Uy1IVFcyX1hHU3VRYkpnQkdyaGpLejdJZExzRnN3Vl9ndWNMSEFOWnkzUEYzdmhVYjdQaEtn?oc=5","Al Arabiya","Arab","1777977360000"
"Hormuz ship traffic stays limited as only 4 commercial vessels transit in 24 hours","https://news.google.com/rss/articles/CBMiuwFBVV95cUxNM29uT1lmdE1Ra2RoNWJYUTMwYzFnUU1OLW42WUlzSmw2dlF2cF9TX08xWEFYM3JaM0txX2cwdVlfNzBZa1lBMUJQXzFNNFJJUTFTcndZSzJqdkFucFFsZlRtRHQxZkxUMFl4T0F5eUVJUVE4QzczeHRPczNEejBpMTBfVlh1S0NnZmVpUTF0RXFmcFQ3RlVxOW9hZDYzc0pqSVpkYlhmQ05VWldEZWQzVDRKZUs1UWtodVM40gHDAUFVX3lxTE5Kcm9TcVQxUEdkbjJoSDl4VTJKVnlJS05BVk9VenVVV09qTDgyVnlWdEdidzhlY1YtbXQ0dWloLWRTdmIzZExrMzZQY1hTRTNqQjE5Vm94cnY3ODdiak14YzViQ1VNeEVvaERYSmdKb3BKdlhTWTZEM1IxTkN1Qkt4dURzYTY2Szh0RmlFbXdjT2I1QzN6WUJOQWxGVlI3LVhDelZQbGFvdGFyQ1FOTjk3UEE0VVA3SzBqSlpHcGppWU1nZw?oc=5","The Express Tribune","Pakistan","1777977276000"
"Tuesday briefing: Shaky U.S.-Iran ceasefire; White House lockdown; microplastics; Met Gala looks; and more","https://news.google.com/rss/articles/CBMic0FVX3lxTE41Yk5JNHpMNWNtTTJuMVJMUU1hT2Z5OEhNS09nbkdOb1RUR0dJbUxmWUlUUUNxS19YWGJnOVVYbUMyZUk3SVY1NWtudXI5aUZjclp6NHh5aS1VTTkzaVJiV0Y5ejhOUG51WUpoZ0hheDZMY1k?oc=5","The Washington Post","US","1777977218000"
"‘Iran is risking encircling itself in a ring of fire’","https://news.google.com/rss/articles/CBMitwFBVV95cUxOanR5SEJBNGJ4ejV0RFRJWTB3RWRXYXFNV0xGMndON3plNmFWY3hxaGprMmlqdDNBVXNpR2g3Zjc3cDcyNmZ4djV2QjRCaFlpWENKUzJpV0twMUJWZFp2dzNWX1BCVW85WTdvTEZLV19tWXBRa0gya0VBS2J2ekVUOVZyUjdRQ3R6UmlKaElJTjU5bUdVaHpTM0hnbzVuZTUzSmpfZjVZOHgwdGxka3hyS1Y4OGVQT2fSAbwBQVVfeXFMTjFlTFpXTDRGME03eS1VZWhKX1JrV1IzTXgwNjZsLW9ubHJ6bzJYR3dSeEtSNnlldHlLaXlrc3N3MTJJMnNPSEF1ZXpNV1ZOMGpDU21zWWV3dG5JZmdyRU0zMEt4NDItbkI5NWc0aTdZZ2FwZS16Ty02SXBMOEpzSTJpMHFocmlkQnVDenljNFZnc2U2TmV3X1FrUjZ0RzNEZ0tWSVllZlJuOVlPM01COGFqRVRhNWlrUkZuMEo?oc=5","Al Arabiya","Arab","1777976820000"
"First Thing: Tensions rise over Hormuz as Trump threatens to blow Iran ‘off the face of the earth’","https://news.google.com/rss/articles/CBMi2wFBVV95cUxNYUZFb0xvVlk3Zngyc3FKbUdQenpJYmZwMUVPbmZNR3dYekRYRUhTemZhVUF1d1BLbFFaYXBRNHEwR3hvS2FvRjdsdENJRG9rWmdRVy1NWlVWQ3lqajNMa0xWaDlNajhvUDZuV0p0My1QT2FLTjJjc1FHMUR3TGFqblc2NThZWFRvb0tCMlQ1RXU1QUZvNnNRMkxPbGZDRFhadTFRNFZCMkkzVFg4cy16azlxYnI4MUc1VWt2RU1NWlVZWmFkYlFuTlFUMjhKaUxiYzNOREQyVXFPSTA?oc=5","The Guardian","UK","1777976760000"
"Iran feeling confident in attacking after month of shaky ceasefire","https://news.google.com/rss/articles/CBMiakFVX3lxTE9UcVBTLTZCRElkYzJ4cmNiVHJEeEhXX3RrMUFjSDJOOVg2bXVHRmp3dGQ2aHM4M3p4RjdIa0xoVDlsTVJUby1ldk02dllvQmRZVGpSTmthMTNYbjExT0NkVWF3bWE2YUtjTFE?oc=5","The Jerusalem Post","Israel","1777976544000"
"Iran fires warning at Trump after ships attacked in Strait of Hormuz","https://news.google.com/rss/articles/CBMimwFBVV95cUxQWElyOFJHdVU5bThVZlQ3YlNKd3I4TnROZG9yWjBhbHdwVnVtOUtHMk5hbHpfM3ctZXNrM09Sb0Q1MTJtTDlfaGNoeHAxV3k4NmxHQjlId3NCaHZDU0cxRWx4elRaM2lqdDZXMWxwZnpVOGZ6NDJYenRpWGFCcDN5aFVUV3ZTY2g5Skx1TmJaU3V1R3FWLVp6VmV6UQ?oc=5","The Independent","UK","1777976520000"
"Is Iran’s regime losing control? Khamenei rumors fuel command crisis, expert says","https://news.google.com/rss/articles/CBMiXEFVX3lxTE56OXVHc241aE5mM3BmQy1nX2g3QjNpU2ZOZDdiSzBzdmxkSjFZRGZ5cHkwU2NDQU84cHFXTkRrd3R4anJtMnF4S2RKeTJYRjFhS1lrbnJKODNlVjV5?oc=5","The Jerusalem Post","Israel","1777976464000"
"Bret Baier On Iran, The President, And Navigating Our National Division","https://news.google.com/rss/articles/CBMiqwFBVV95cUxNbE5BUURTQVczWmhsaTVDWVp4NUdtREN3bDFuRjBQNVphYWlkNGJSVjVvUV9KZmQzUkJZTzl5ZWlhNmhiRE5tTmYxNmkwdmdFY3FpdzlhZlpzZXpLcEs0bUhlbVRvd1VJQm5kdWJZX3JxblF3dGpFX0R4Y2FUc0xNeVhFR29OV2swY3ZlOXpFckNnVUk4V3ZTOFl1MFliZm1FRlZ4ckEtd0p5MHc?oc=5","Fox News","US","1777976404000"
"Iran’s Foreign Minister Heads to China For First Time Since War","https://news.google.com/rss/articles/CBMi0wFBVV95cUxNQTdONUljUm44ZkpmakRBbWg5eVNMeE1XajE4UWhLNGhYV0dwM2RUdTNic2JoaEJ2RUl4T1d5S1RWUHd0elJfc0dRSmk4MUlrVTQ2Nl9Lb0RkTDViSW5LQ2UydXFSdG5WbDhWeG5oRzktRjM4MTRINngtZGJfXzMxWFM0cUhqSzdaV1hQX3ZLS3VEVzJucmFyZ1k1RmFfYTRVTzdBektETzN5b0hMU2l4N2QzMzhnS3o2SFVuUWU2WkpxU3RuekkzbGR4S01EdEtrYXZv?oc=5","Bloomberg","Global","1777976381000"
"People in India are hosting Diet Coke parties as Iran war causes shortages","https://news.google.com/rss/articles/CBMimgFBVV95cUxNbWJmZ3Q0QjljNlozNkR5d0RPQUcyNkRCX0lYSnRlejd6WUtPblI2dExvVXBoTi02RjR5X2hxU1liZ3JMUzZBRkZmR0JWVDNTR25HU2JvX0podWgwMWJoUnRJdVpJYmo3VFlDWEpuN0N6N0FmWjZjTlVacHB6bkI5cnJadnBCZG1lMlRKWUQxTmFycGEwUHYzSW5n?oc=5","The Independent","UK","1777976280000"
"Philippines to Deepen Japan Ties While US Focuses on Iran","https://news.google.com/rss/articles/CBMirAFBVV95cUxOeG5Zb1ltT2o1ZUU0ajhXd19WWFdxc3l6WXR5MFludm5rYk5YZ1dIdlJQTXVBUFZxZVpTVWFOT05PSlF0bVc5NEs0XzlsUVpQWjJLZl8zYjFZb3ZUNUdXMmNQV0JFaE9SR1VzRzY2MURPYkEyMGdaOV9taHRMNkhWclM0YXNmSnpNZ3EwVGlUZFNHelRaa0UxN3J4bUdlTEhrTVlTQWIzOXVEWkNY?oc=5","Bloomberg","Global","1777976260000"
"Sen. Lindsey Graham floats idea of more US attacks against Iranian 'war machine'","https://news.google.com/rss/articles/CBMimgFBVV95cUxPRk1jZndzMFlhXy1RampySE9hRjJTQUJJMzkxZVp6LVJEbzZuYVZQM01BcU16LVE0WDA2endNWDdfMFdBSWZkd0pINW5QenZoSG9nTlNHVHdWSjZDZHFKSGFrS2VJUmNSelg4MDR3QjdkT0h2V3NfTGVVSFJTdm5iUF95V1dRLW10S3JvcXMyVUJRWWNRQ3dHNTRn0gGfAUFVX3lxTE9iZE51eHV1TGg4bDkxdUFkOENBODR0TGRLLUFiZ0Z3MmpHX1FINjlKQnlqSG4tSzhfVEFuSFh3UlZtRVM4R3hEVUdZMHV6MHhCN2FMS0c4elFBQ0M0LVZrMDc0MHozZHZRR19QSllJaV8tX1FOcnZmcjRlR1dnaWRhcFVudTh0WGRVbnRJZmpPQXJJZlR3NUZ4MHBqMXg3dw?oc=5","Fox News","US","1777975806000"
"US attempt to open Strait of Hormuz tests fragile Iran war ceasefire","https://news.google.com/rss/articles/CBMirAFBVV95cUxNQUphWmJGWDlNOU5HMmpzRjNObTlVVnJ6SzNUVkdVWU5qWkc0YzUycFplYnlkdF8xdE9yV2p2SzIxeHRYNlM3c0R5Q2VReXN1Nmk4WWl5YjlYQ2FzbmhBSTZQRGdfeTR3a2ItN3VpNTFOVFUtclcxOXJrR1VEV2xEaDM1cDZwVHJaOHBmY2tHWF81MXBibDBCOTNnMTZTLURIQ1BVYmhybThrN21k?oc=5","Associated Press","Global","1777975800000"
"Iran's nuke timeline, hantavirus ship, Met Gala and Pulitzers","https://news.google.com/rss/articles/CBMioAFBVV95cUxNcmJzSWtmSndaaEdkcGt3SVlwdlNrbTM5SmZGZC03YzFHZ3JyQVpLb1p4WUQ1aDhFZTFQQjdJUzVPenNfdUZZMTB3SUhQSi1RUm95Tm80MW5leVE0VUpXeThubW1YMnJ1WGxRd2s3Nkw5OHk5M3dRdm5TV00xR0g3Mm54MDJKNWMxcVBIRU1wNWU5QV9zeEQ0c25aU3Q0NWRL?oc=5","Reuters","Global","1777975521000"
"How Trump’s timeline for ending the Iran war keeps shifting","https://news.google.com/rss/articles/CBMiiAFBVV95cUxOTWFqb2c0QXUyUHZVNVVWNHBfZU5GQWtJeDNEYUFFOEQ2NUpaNElIV19SUjNXQXQ4Mi1oNWhrd1VQaS1MZHR0S1BCUnNHdG9lYU5qRDBtN2lJNlM1ajF6bFdQVVh4NHU3Mnk3M2NqSXY1RTBxMHVlQjRPN0FEOVFlMGtLZVdtc0dk?oc=5","The Washington Post","US","1777975351000"
"Ships Under Fire in Strait of Hormuz, and Kennedy’s Pushback on Antidepressants","https://news.google.com/rss/articles/CBMiqgFBVV95cUxOTk1RT2VNcXR6TFZScFNrUUJPVnhOQ0tOUDVtXzhEVUJXYWVYaVJzY0JOWVpkS0FlMWhfUjRnYi1tZXFJR3c3U0FXaWNYelY0R1pnV204T3VGVXdEZU5jVUFhOTk3eXJjaFdqdS1oVHdWSnJMY0lrN2V1aEZ5TnM3UHhJVko3OThmelVucU8tOEM4bHNRbzRnRUxkSUpwUjRRUlJ1MmZmOVE0Zw?oc=5","The New York Times","US","1777975211000"
"Trump's Hormuz operation could boost diplomatic efforts to end Iranian impasse","https://news.google.com/rss/articles/CBMimwJBVV95cUxNMGNDb2lyTzBFX25HcEE1THBmNUhLX0ViQVNaLWx0TFFKM2ZDRVN5Q3NfN0R1cWtySHk5bDZpN2JPWmtYRW90MUV2dkExYzRMQkRBNW4wTmNBdElNMURvcTBWd05wNl9pRmRHOFA4dlczRmVPZWp2aGIteGZSRVJXRkVMNE9jQzV1c3VvM0lYTjdTdjJ0aE1NMFB0bVJkS0F2aVZPZndZVVNQQTUzdDZ5MVR0eEhWS2c0aGZOTVlxQ2ZJREo1cXF3Z3JOM094aDBJTGNIazJPcHNCS2g3T1RuaHBlZzJ5M3M2RnIwaE5wbzE0WXBldC1YY2NPbzVoN0ZQV3JuT2xtSmRPbXIya0kySEZTZTVNTDl6aUJv?oc=5","Haaretz","Israel","1777974900000"
"US military closer to resuming combat operations against Iran in Strait of Hormuz","https://news.google.com/rss/articles/CBMiVkFVX3lxTFBNOHlHN2RjNzZqaUZSb2tTNjMwYjg1emRTS3FvZHN3UEVEZEdBdnFlU2FXLTBOYkxJMlI2Wld6RmptWFowbkI5aHMtSWMxdm5uMzdubnZB?oc=5","Fox News","US","1777974591000"
"UAE says oil facility hit by Iranian drone strike as attacks resume","https://news.google.com/rss/articles/CBMirwFBVV95cUxNZEVaNlJ6NGltVl9NTElNeWN1Z0lVdHZsa1k2UWgyWnI4UndJTkpDUXkwalhOMmlpUlkxV0RDZHdJYW1mZUZHRE5nT05Bb0JpLU15Q1gxZWw4elhPSkNnMzQtOXVzOENmUnVEMFZKampZQjhDQzkydjlrbjBlaFIybkloSzZIdW1kaDc2MEE2MUtxa3FzWTc4SEhRclBQTDUtNHJERGN2MkFZWGc2Z1dV?oc=5","France 24","Europe","1777974532000"
"Ratcliffe’s Ineos Markets New Bond After Boost From Iran War","https://news.google.com/rss/articles/CBMizwFBVV95cUxPTnM1NkdnLVp5LXlHa0djS2ZpS3dlUDNoUFRjMzEwR2htZ3FiZEQ4UVpYNkJYWlRwdm1EaDhpSWtXcHQzNUNiTlJDVUFVWnVsbWlGREpJRUNNejJzckNEdGYxTnllaDBWcENhQm8yNmNTd1YzRFpvOGZDQ3psQ3I3YUpHOHI5N2ZINTh6U0FnRHJsUENmWVZNelA2SXRmd3F2WG5PNk5RdG43MzVaM3QxdzhVQkdicUJGTmRkcnFXU1oyRWk0RUJ1T3ZEby03Q28?oc=5","Bloomberg","Global","1777974503000"
"South Korea says it could join Trump’s ‘Project Freedom’ after ship set ablaze in Strait of Hormuz","https://news.google.com/rss/articles/CBMipgFBVV95cUxPRHc0aEprTDRZRnJlV0lWRE5XRW4xQldZM3QzZDdyNWNIMGUwTTV3ampJVUpfMzFPd1lhTXNfb1R4eW5sWlZzckJJYk1abG1lQnNfNXlLam5LRkpRblZpSGdoTDc0R09IbE9hX3RsNGRfN1RjUFlqLW83bXh6YXJFRFlSd19QS3lHNE5nRFAtTENFRkhhYU1oSVlQeUNMZ3gzT0VZZU93?oc=5","The Independent","UK","1777974420000"
"Bloomberg Daybreak: Fragile Iran Ceasefire","https://news.google.com/rss/articles/CBMingFBVV95cUxNdHhGS2xOcEo5Zk5mREc1QUNQWXdZY3BwWjFhQ19mcDVmYjJCRzJ1ZFd0elFxZXBGY21vdEpYcUdTOEhLT0JRU1RmcFM0d2Q1TkhNRk5TUVZPNl9hbHRKd0Q0QWpta0ZGX2E1TnFLSjM4TFo2UzlFS2M4enVLdjRvc2tBLVl0REZFRlZLUzE1U3FlT2JPa2VyVm9VSzJvUQ?oc=5","Bloomberg","Global","1777974279000"
"Starmer Warns Iran Against Encouraging Hatred Against British Jews","https://news.google.com/rss/articles/CBMitgFBVV95cUxNM3NKWVJYTlBPeDRYQ3NHN3lkM0ZUNGNZS0psSk5sMWtTYnhDMEFYa2pYYWFydldHUlJEbHp6cUtRTGhjbE9CcUFud2ZiMGRFNFF3dWFFZ19SNHVIWDhpMTh6ZEc4MlVZMzF4a01fUndaUGRoNjM4T0h1MXZNZl9YWFFETWlRUzYybnVCNE1mOGZ1LVdTMnlUQlFvNlZjckI1STlHMUhpV05CaTVPV2xCMTA5dHJRZw?oc=5","Bloomberg","Global","1777974145000"
"Iran warns 'not even started' in Hormuz","https://news.google.com/rss/articles/CBMijAFBVV95cUxQM1A2RUd5THdCUzdwVzdUd2otS0RXZ1NhbFBZYzgwTXh5eklSTzlvSF9URHp0aTFRVGllX1UzMm9PTkNMRGI2T3MtVHk4aFRtT1JQT0VTMmVkVzl3SDdUT2J3dmJFQnUyNzYyLTF1em1zYy0wSkZqRHY5blRiS1ptaTg5N0ZxN0Y4ZWxfUg?oc=5","France 24","Europe","1777974087000"
"Iran foreign minister Araghchi to head for China, ministry says","https://news.google.com/rss/articles/CBMinAFBVV95cUxQVDVMNUhKUXZfeXkzQUZRek9NNTJSTXhUX0drWjBHQ3dKMkN3Z1plTldIUi1wMVJ5QTRiOTNkYlBWRG1UczVxOHA0M1pyZW9jdUdWZVlaSXZ6NnNNbVRYa2tPbW5NMlByLWk1eFJkUWlsWmhjR3N6eWVIQkpLb0ZxUTBQRGNzdjVRN2REb0JXYjc5bFNLaU1yRjZPbWU?oc=5","Dawn","Pakistan","1777974033000"
"The highest tensions have been' as US, Iran trade fire in Hormuz","https://news.google.com/rss/articles/CBMiqAFBVV95cUxOZ1V1d2N3TUJjSEdVb25ZVVdDWXg1aHd2azF6aVh5ZGFabmw4WUZlTmFpU1hiS2NvNmpISjY2Umk1VVA3MW15cWV4SFd1dWpEcFFycUk2ZVZTT2tkVnh2Y3RiX3Z0emRTeWJNODBaSHFoWXJQZEVFSVhQM3JoQmdKeXJjeTNRSFNsV0RrOWh3X2N1QmtUU09IWjFiS1VMTUxoQVdUUDZLVVQ?oc=5","France 24","Europe","1777974008000"
"Watch The Iran War’s Clean Energy Lesson","https://news.google.com/rss/articles/CBMingFBVV95cUxQZUhJNFNwc2NKXzJJbll1VXM4a2VxYnk0TE1mbURMVXp4dGNQM2ZUbXlDczVTSlVlOWpmV1Mxc3BxVk9aaEQ4UWktLTYzalhtMVZtN2JMeV9uS1lKR0VGQ2xrLWpMQURzLUxQSWFLM0hnRndFVkF2OU96UDI5Zm9EMW5iLXphcDdkdXZ5MFNIQjFvbzE0Smlwd0p6STl5UQ?oc=5","Bloomberg","Global","1777973932000"
"Iran’s top diplomat to depart for Beijing to discuss regional, international developments","https://news.google.com/rss/articles/CBMilAFBVV95cUxNUmdRREVNQmp4TjM3UW9KLVk5Mml0aUZEWWJTTmFNZzJmUi1jbE1UUmk1LWd0WnVvU2k4WFhBN1dPd1ZVUGVJTEZDNUZ6OFNIYkNJaGxyMTVLVXFnTUxyRDVCOFdjbEh4bTcwVFUyNnc5aTdoQ0ZwNDBTYWVKLUhhZWRIQ2o3V08yLVZLNF9yYzc5azBU?oc=5","Press TV","Iran","1777973700000"
"Diet Coke parties: Iran war cans crisis fuels thirst for cola events in India","https://news.google.com/rss/articles/CBMiqAFBVV95cUxQaHk1Szc4MmdpbTk3MnZMWnY4Qml1cVlpbkFBTHBBUE1NY1RTTjNKR2M3N3ltaVRTLUlhbUpnVFUyLUFRWXFBSnZoRjA3QnRiMU16OGdCeTFfTzZVS0VGUjRqMTd3RjFRMU9LWmRvUHFYdml5SkNQcUt5SWFWWHk1eGthNEs1RHJ5VURkR2Q4RktGU0o4TWQzaXRsaGU5N1RERTV4VThqaVY?oc=5","Reuters","Global","1777973700000"
"Fire at UAE’s Fujairah port not a planned Iranian attack, says Iranian military official","https://news.google.com/rss/articles/CBMiwAFBVV95cUxOUlFZbDdoN1VaUEFGbnlqVXhPM2c4NWFqWXQxVXFINlc1WlRqVUQxTHVrOTJJSEw3ZGluNF9yVGZsQWxERnNmY0xrNzlWNy14azF4b1pSN3VFTEdHcDVVZWo0TGIwODFJZkN2SXJBTWlibks1cVlJVkdZTFVoQmc5UnZKT3lYcFRjVWUzcl82b0FQbnVBTExiMEprQjlacU1rX01OMlZVWDRReHMwVEhuRlViLU5jamx3bnRoU0xZU2vSAcgBQVVfeXFMUGRKY2Y5UEJ0aDVmajlxcU9GLTNlaXpyRTNzUlcyX2djUkZpNkVoUjg0d0lUak1vTm5PNGhvMzdtYXVIdVMyNE5ZMTFzby10WXNFOXh6X0ROUHJSZWlqNWpXU2FTSDM5aFJLZmVTQjhoc3VSalo2eW1WY2VsdVFQUVhURWkyeThFaXJFY3dyazJBNjFacTJFX3BpX3BCODg3X1E2TDU2bW9qb0k3c2lEQUc4WF9ublo4LWtkZ0RFdUlIY21ueGJ2OHQ?oc=5","The Express Tribune","Pakistan","1777973670000"
"US and Iran Trade Fire in Gulf, Oil Drops, More","https://news.google.com/rss/articles/CBMimAFBVV95cUxPVzZTeXU2dVBwVnlzLWhTTmFRUlFhRDJUQlFNcGxod3hMX3dGT19oeWN3b2tjSEtWVkRJazVKWC1WMFRMWkltRnBJV0tFNFM0QWhFYTJZdkdhWUZtWmxfak5sOWVNYjc5ZU9YS0E2VHQ3czJDWVE0LUNPSVVqak1xNmhJb2Z4bEtqQzYzUzF6U2JDWElqUVFaMw?oc=5","Bloomberg","Global","1777973508000"
"UAE Restricts Airspace for Jets After Iran Launched Missiles","https://news.google.com/rss/articles/CBMizwFBVV95cUxOLWpuX3dza1RRMkJEcnlCUklFOW5Tb1VPOGVob0lnamE4TlE0eW1JN2ljWkh4MTU1SmVqMUhQcWlEREJaYzZjOUpPWFAwdVp3cDFXMnFCWDcwOWt0ejNRbmlIUnFrc0wxWW5hMG1rT09EWVBXeUd5VnZ2bHVsR3dUNjNxNXJvZVFkWURGOE1mTV9lZkJYMjRLQ0hCWkV5UklYeG5YdjRaRTg4NldvUFRVSE5FenhaTFdLeERLYnQ1dlh3VGtvRnpDR2Y0SHJzTVU?oc=5","Bloomberg","Global","1777973412000"
"High Court allows Bazan to build new power plant after old one damaged by Iran","https://news.google.com/rss/articles/CBMirgFBVV95cUxQWFJYOTRiNHhVUXBqY1hfYmhTSG4yelkzU0pYV3RDYy1iTzR3UGxyRjRwbXNMUDY0MjY3R0NjcWFMazBGS0dSbjZycHZNQU9IN2VqSTk0SkxKX0E4YmczSkFCSU1oT2hVQ0VoYVdCQ0NsTWg0a0o1c1FGdkxWblJaLW5NbnpydGdhUlNScFhCdFVRNXphT1pvUXBoNFZuRC1wVk9pVTVOcWRwNWE0SEHSAbMBQVVfeXFMTWtjdVV0N3g4NXlBQlZNTG5HbmY4amdaa2lIUEdicS00MTNNbmREa3F0V2ZFeE1TcS1sbXlPZTFkc203U1pCcjRpTXN3bDkxMjU0eHp3YWxLM2F3M0FPMFVIZjhxNkg4Tzl5TEMxanJNdkFmNFo3VEtBcUxtQmtrQVUzR0pqeDFEaHZNcmJPMDJ4R2ljRjRzd1I3WDRIeE5veWgwbE5VZmNVSzNNWjVaTmxlWjA?oc=5","The Times of Israel","Israel","1777972692000"
"We can and we will strike': Iran threatens European military bases amid Hormuz escalation","https://news.google.com/rss/articles/CBMiwAFBVV95cUxQMUhBVTNKSnFzN2Z5V1l3bnRRNmo5WXpJaktJNU1vQ0sxY3VlYmNsQ2RfMUdPMVRMTmFFLWJFS1VSUTYtTlB1Wk94OFh2MzJzYjU4TGJjU3Nnel9EUGFjNDUtU3YzTF9MZnJUQnE1MUpGb1FLUkpIMlFEZGkwY2RRMmdQNG5ORmdKWUFNS2IzNExSMGRQYUlFYlc2eWpUdTV2dmkycHVxTGFSeTd3NGV0VUNUeUdLNGtYZ0dyalQxQmE?oc=5","Euronews","Europe","1777972614000"
"Starmer warns Iran’s attempts to destabilise British society ‘will not be tolerated’","https://news.google.com/rss/articles/CBMioAFBVV95cUxNbERtNXZXYUxzakRObUdKUkZsOUhXUG5Zc3dfNjZsUFpvTHV4cGFSaUZiR2dOM0N0Z1JTZWp3bDFtVjNqWnB0bGN1NTVHVDRDcWx6azR3Y3ltMGFfM1Y2VUZSaVMxY0ZzVjFiSDZmcm9PR2ctZm00LUNsM2Nuc0NzMTBuZjVzWFhIeGRJdGQyMEpWbk9Bd014OTlpSGhKalRm?oc=5","The Independent","UK","1777971900000"
"Trump opens Hormuz under fire with ‘Project Freedom’ as Iran warns of attacks","https://news.google.com/rss/articles/CBMingFBVV95cUxNR0xzRVd0U3FZVGN6YkZzT2I0SWJraFk0Y0FqV0YwVGI2MXJpWGlPSDJVamNlNjZOb1BBRVZxUXVKUDUzdEF1Snp1QUllQkdTOXpDdlRnZnp6d1BjOWstWTJZS0ZMcXBEVll4Z3R2Q01rVS1kVWRPaVc0aXR4bi1tSXpRMVBsbWtOQmp2S2xkMVk4eHlSTnlJeEZ0aFNxZ9IBowFBVV95cUxPaXROUUdJdUJPbFpzQVlpQzBvcEQxYlZIcG9JNlRXaXhuaEtmUjRFdkVKYmx5NTA3dXdhSEpDczFmQURWWlA4S0hpclV0YnBWOEgzYUF5RG0xZUlsTUpsTHdxcHljUHpTMU5LMXlORmFjQi11ZGg0WEtlOGpoelUxcUVjenRnR0otcWlGMkpRVnRuUE9UZUxLUVhyNWxyMmFBWjhV?oc=5","Fox News","US","1777971600000"
"Iran between fragmentation and change","https://news.google.com/rss/articles/CBMijAFBVV95cUxOal9IeFhTd2R5bC1UNVRDX19vMVM4MW5xejQ1OV9WLWtITGtjeFdYVnRrajRXdG9qWmFGU1A3cmVPMTNNN1ZjOWxCTG1KZGVfZzRMNWNDNU1kZHRCcXhXbFhSYTBTTWhHZ1ZNWDYtLXUyWXJFX2RKSllZOHBPbklIa1hBczFKeFJCZWUyWtIBkgFBVV95cUxOTDZrRzk1dHRPT05LYm5PZzVIS04tekl2Y2hFdGYzdXozcjhnVjJkTjBIWUdBdDUtT3hWTllqdHFGN1NIenNzeGFWWGh3VjU4TUpaTkdyU0Jrd0x1TFdacUlQb2FWZzZzdF9PLS1vUDNqcmxSOGlYWGR0M3M4eVE3dXhsZnRzX1F0WmFjaTZKb1JTQQ?oc=5","Al Arabiya","Arab","1777971600000"