headline,link,source,region,published_at
"World Cup 2026: Unbeaten Iran will go down in history, says coach Amir Ghalenoei","https://news.google.com/rss/articles/CBMiZ0FVX3lxTFBjWnBVclJTWEFnS21IcERJRVVjaXAtbG1DUnQ1QnhBXzFrWGdQYVdvZGxEWlRrYm52N2U5T3U1WHAwT08yUU5Fdlhta0RlTWFwbVZEOTJndHMyaEJRUHBrcjl2TFFhem8?oc=5","BBC","Global","1782087864000"
"US-Iran talks go into Day 2 after Trump threats, Hormuz closure","https://news.google.com/rss/articles/CBMiuAFBVV95cUxNZWY0di1pSncycGtYTEtHQm9lQXhCWUxRSnlhMHlKdnJIdzdxYWlCcjdPVF9TeWJ6YXZQYU1oVjh0d1hRajdRaklhYU9CMHROR3VIbnNnSTFSaHJHYk1iNUJmLWhpVWU3VDN0cEE0UVZXTmFFQjYzUFZ1eUNNUFh0MmtDWmxWaUhFTjN0aWxMNGlCQ3Uyb0hBSk1Bd1h5cm9lN0RtOEdZSHdRdUlILVJueXJIQTBoMHMy?oc=5","Reuters","Global","1782087480000"
"US-Iran Talks in Switzerland, Trump Threat Angers Iran, More","https://news.google.com/rss/articles/CBMiqgFBVV95cUxNdkFvMlRVN3A1UkZiM2ZPMjlValBaRnJlMFVJS0hZQm91cVZnc1p4VnNOenZ0dko0SUoxQmhrN1ZDNzk2dUJERWJqeHdmWjRodGtEYnF0YWZOSFJJRWZJeTY1YlJPTjZaVkUxLW9NNHQ1MXFaMDk2eW1VLTFKdnRtYWVreDNkcklNd19tTzhnLUs0bDFJMV9aNWNySHc1dU5sNnlCWHgzbnVwZw?oc=5","Bloomberg","Global","1782087043000"
"Iranians gather in Tehran to support team in critical draw against Belgium","https://news.google.com/rss/articles/CBMiwwFBVV95cUxPSzFhOXJpTVRtRUpyOEx2bDRUeGxQek1jOTBIZ2J4OVpLUkhJVmxONmN6QzRtOTY5aUQyTFQxcXhhbDBvMDBwa2cybXhnWl95WDFCWUwydE04amNDV0tMVVRuLWtIZ2QxT3hwUG03LURLTElLRGR2a3BuUVVFZnVKdjgwS09aWnBGSmlfRklPU0pUc2h4cUhHamNFNkxwdmJtdVVfcE5PWlp2aXJfd3pTWUVhYVIwQWFYa1VQZDc5R0JMcnfSAcgBQVVfeXFMUFlwY2s5ZU1yZkd3bl9HdEdrZEpXVWFmUUItbWk0OUREaWJYNDlraTVuSnNHeWg4QTVtOWJXWmYtRVFtWGE1Z0s5MDU4Slh2NWZuWmp2S2pqenlkTWZuaGF3Zmx1Z3A3R0tUZG5udnZ5SUlJdDFZU0NYXy0wazRlTjJ3cFMtOWZOdFR0WXRyVXVFVEd4NzJCQTdUd2VIOHZaX3FkSmVKaHhwWmFWSi0wcDRXdXp2S2owU0NJYVhLY1lFV01Va2o1M1I?oc=5","Al Jazeera","Arab","1782087277000"
"On-site | Iranian delegation walks out of Switzerland talks over Trump's threat","https://news.google.com/rss/articles/CBMifEFVX3lxTE9GcHFwYW9hTmZWUjYyeVhnX1FrTjhrZWcyeGJpeG5lM2JRYVpZcFViNWdELWhyX3MyZDk0M2VsbHF4bDVYeTl5WnU5STBVdU1FTlZjX0E3bGxHaDZRdXlLc1hMUkl1ZVNkV3NEdGpZWnpkU1ExQTROVmE0UDc?oc=5","Xinhua","China","1782087195000"
"Why Donald Trump risks trading victory over Iran for a Nobel Peace Prize","https://news.google.com/rss/articles/CBMiV0FVX3lxTFBwb2ZLYTB1c0lsN0RQS09HU0dyLUZoVGFPZjFLVktidFN6US1aQXNIdGozcDlRZy1tSzgzTUx1dHlWSDNmMjFVd2kzMHZVay1FRHdJdlJVYw?oc=5","The Jerusalem Post","Israel","1782087036000"
"Shipping slows after Iran says it has again shut the Strait of Hormuz","https://news.google.com/rss/articles/CBMitgFBVV95cUxOVTN3aXBhSEFsMWJySmdyNF9ITllTWGtJVmcwVy1NWGMyN3U1Xzh3X3B5SVh1RE1wSklnQWxwRi1VcnNEVTBmcjNEZHBpcFh3bjhWdHpkOG0zNG9lb18zclFSc1NIYk4wSlh1SDRrcDlubk03Q0FZSV8ta3BTMlQ2aGo0bzRaSnZSMEpXVFNpUGtBbmJYNGVBZUJvbENNS041WkN3VExnd19hTXFuT0J5YnZxVEZ0dw?oc=5","The Times of Israel","Israel","1782086851000"
"Flash: Iran says document to formalize peace agreements reached during 18 hours of talks","https://news.google.com/rss/articles/CBMifEFVX3lxTE1ELXAtZ3dEdHo0bFE1dGdFWnZQVTdrMmkzQy1NN3d4TF81SjdxX3NSWGNkMGk5VEttdjlibmRRa1hXTTRVc1J6Vkc4YmE0VXZibUlNWmdxemNMVTlGNm5iQ1NoMG8yUmtaUmpacHNsSzBvckpjVFhpN29la0Q?oc=5","Xinhua","China","1782089955000"
"Flash: Iran's Foreign Ministry spokesperson says a text will be issued by Qatar and Pakistan, which will include general points -- media","https://news.google.com/rss/articles/CBMifEFVX3lxTE8zWUo0dWhXa3kzenA3ejRsVkNnRmN6dllVcDJTX21reFVPZDhpNXZiWGFIT0FIWUdDT29vbjlIVE5IWVRpQVRuMnNnTGIzSkhuaFI0NFFsUnBETTVmOEVSV3d6T0VjVkJvbmpEXzZQVl94eGVmVnhnMm1XS3o?oc=5","Xinhua","China","1782089910000"
"Flash: Negotiating team's work has concluded, but technical team will continue working, says Iranian spokesperson","https://news.google.com/rss/articles/CBMifEFVX3lxTE5BbmtnUkxfM3B3c3kxOW5mOERtZlhJb0dDUXVMUjhlaUtPSHFvOXpjTElMNS1JVHl0OVI1WjhwQUVCd3ByTHFkRWV0dmVGUGRZZ2ZhYjlFeTI4NHgzVjlNWDVNdFVrcFFvUEZUZVlaT1psRXE3S3hTUmkzeFM?oc=5","Xinhua","China","1782089850000"
"Two South Korean-operated vessels passed through Strait of Hormuz after MOU signed","https://news.google.com/rss/articles/CBMizwFBVV95cUxNYnptR25GLUVoNTJ0Zlpva0N6X2s1S3ZhVWRobEpCakdkWmluZ2dtYVltREJqNFZSdkJmcUYwTW9pcnZPeGRFUmdybGdwZ2VzUFJ3bnVYLUhsNVFSa0JZeWpSU3dYZnhTNzNKaThkOEl6ZVhpbGR0cFFNbl9rZDIxdEFDRHlXd2ZOUmU5T3l1NHlQNzNOYVB2TmJCQ0ZjUTVkY2taQlFoZE9USU0wYm9PVFJTVFRzWDg2Wmx3b21SUjNxSHc0Tk44dmE0Mm9VV0U?oc=5","Reuters","Global","1782089280000"
"First Day of US-Iran Talks, Trump Iran Threats, More","https://news.google.com/rss/articles/CBMinwFBVV95cUxOclFMb294czNxZ29tMzZzU3l2MkN4UVU5MWlsaUlWRUZOVGtwYW9DZHkyZlNHcVRtbXlSejlyd29Rd1otVVhjRkR5UUR6SkxTbmJIbmxtRTRybUFKUTRhOFpmcDBEV04zb3NPb0JaWFkzODJsaFBRZzdJdXNnVDFMb1Jremh2enV5SEZrdWh2YkE3QjY4ODBNZjV3NDRuRGs?oc=5","Bloomberg","Global","1782090414000"
"Treasuries Decline as Trump’s Iran Threats Stoke Inflation Fears","https://news.google.com/rss/articles/CBMitgFBVV95cUxQWkZqMk8yVk9MWkJuOE1TcFVHS2lpb2dNUjl4eWo4aEI1LTB3bFdJNlJVVEVUNm0yUFNOU1EzMVc3N2dGblBNM0FDMU1JOU9DNmpRM0psMlJ1czBLVkN4Yzc2NWxwdjRrNkZzb0hUVUQxNW1QS1I3bkZsSkNMbGMtM1ZLc25MYnhaNjFGbDZiblU2WTZFdFNhUW1vRWVnYkxBYkhZY3kxc2VsZnBkdk1UR1F3WmJIUQ?oc=5","Bloomberg","Global","1782090240000"
"US, Iranian negotiators agree to 'deconfliction cell' for Lebanon in hopes of ending 'military operations'","https://news.google.com/rss/articles/CBMi2wFBVV95cUxOS2ZvSTc0QmNVcW9sMGkxb21LYjRCamtodmVuSy1RVXhBMHVFdkV4WURELVR4ZXZqcDJDMU1TQzlWU3N2aHJNbkx0NlZsbzlOU3pPR0owWnBEaU5MaGtoVlVVbjJ5eHEtcVlNaXhTdDVrd3NXSG1lT3JscHo3M1hnQVR2Q20wZmptejRRbGdCWnp0RVFjVTNFV3JpUDJ1aFlBWGFQS0dMWnNLWjhxQU55ZzVUZEJLcjNPVGtpT1h4bzRwNWtDcms3M1lfVWoxU29mclZ5SjFJbi1wczA?oc=5","New York Post","US","1782091440000"
"Gordon Chang: China emboldens Iran, acts as 'enemy combatant'","https://news.google.com/rss/articles/CBMiVkFVX3lxTE1JN2FGRHR2Z05WdG54aGNMcXg4aGVmZlg4b2UwRnp5XzdxM2pLMml0QWxBVkdiQzBRS2MyZzBDTUNSb1dnT2ZSbEdiYTlBVzNQX1FZVHFR?oc=5","Fox News","US","1782090455000"
"US had the 'upper hand, leverage' over Iran: Ronald Reagan Institute director","https://news.google.com/rss/articles/CBMiVkFVX3lxTE1QOG9SYjI5ZzdvZXlsYVFzbzJlZW1FS2xSM1NIRXJabFRHMHd2Q19qd2dPVEg5MWNxUGRNYW1kbjBWak1GTFIycTYxQ0ZiWXlfeE5MUFN3?oc=5","Fox News","US","1782089930000"
"Oil Prices Rise as Doubts Over U.S.-Iran Peace Deal Grow","https://news.google.com/rss/articles/CBMisgFBVV95cUxPZXJJX05QWEtlRnkwX285cU1uUG9oUlNDVHlwclhNcmhwZThZNnZZRkd0cUtGVTYtWktZSjdqTDNfR0RhbnNNRGl4aVRhZWFvUDFGTHZNei11SkpEdE5tblNzUDBDYXA1cVlSLXVCajhvSGY1ZmtFMHh3dXI4Z0RwQldXakdEOXY4ZG1ia0xaa0JwM3ZBZk5xeDZZZl9EZWRpVFh5Sk5vdE5KNzhleG4tendB?oc=5","The Wall Street Journal","US","1782089700000"
"Iran coach goes on angry World Cup rant after draw with Belgium","https://news.google.com/rss/articles/CBMitgFBVV95cUxPckRUeVJKUng2a2IxM01uZ2YwMEo5S2Zac01OWnc3MGJRWGhoN0hZTGpwQU9XaXB2MU8wSkZfbDdKSjBzOXFNWU0xY3lYUDl1VXdyajRibHIzT1RkdE1XOU1EZ0xwbWpZVlNRVWdZQUVXd290U1hsLS1ZWU9SbEVLV0tVQVh2MHFhU0RLZzVTN3B3a0J3QlU4MHFtZGRXLUFSX2xsak1FVW5za1lUMFFEdE1UTE1lQQ?oc=5","New York Post","US","1782089340000"
"The amount of Iran's uranium growth is 'evidence' they weren't abiding by the JCPOA: Joey Jones","https://news.google.com/rss/articles/CBMiVkFVX3lxTFAyTkNRS2NoVG5jSlhRQjdSU3laZVFHb0VOZFpVR1EyMXE5Rm8wd0Q4cUpVY29xUV9vb3FyYXNrZVh4ZFhzNUdHMTE1dG9CR20xdGtLbmtn?oc=5","Fox News","US","1782088336000"
"Iran FM spokesperson: At this stage, the work of the negotiating team is complete, but the technical teams will continue their work tomorrow.","https://news.google.com/rss/articles/CBMibkFVX3lxTE1MVmVnZU5vczNoRnNfbjNZYzBZZlhpLWdwQ2ZraGN1djlFQ1oyVlNIb3FJLVZaYXhlNXpZdUlaV2pIaE5wdGFIUzFRdElHQTJsb3hzX3FYdGJWZ2pmaHR5VVZyUlBBY3c0SXpQTjNB?oc=5","CGTN","China","1782089590000"
"Iran, US to set up ‘de-confliction cell’ to stop military ops in Lebanon, mediators say","https://news.google.com/rss/articles/CBMiyAFBVV95cUxOWDFDU2xPMGUxbVR1V280aXV1TE5aWUF0V1E0LUZXV1FjdVZwcXRRUmRubkRrWVRvQ3REcmlPQUlrUlkxRFByZ1hONnR5LVdsQnlqRm8xZXZuOEZGS2dsaUNRdFNUN2FpRWpZWUsxQWQ5ZDZqNU1qdG9EajVmcnNsak1KMXlNZWVEV3M1Vks2UkNLeGV0WmZ1WkhCYnhNV2ZKNVZZdHRuc0pfeHk2OFNHNXBKN3ZYbEI0dGlPTDdMZHN0dFNKNm9oeQ?oc=5","The Times of Israel","Israel","1782093152000"
"Ten-man Belgium held by Iran in FIFA World Cup Group G (updated)","https://news.google.com/rss/articles/CBMifEFVX3lxTE54Y3pHbU9iRDJMNDdrbm80eVRjZEZyaXJzRGxZLWN2dTBnbFIxNHRXZy1zVnV0R2dCS2pJdEZHU2tWZzhBWFlnUzlMQ3h2YS1ZVU5idkxiUjdMUEt3ZVRoT0g2QTY0LW1sRFQzdE9uVVhuMTNBVE9hajVobWg?oc=5","Xinhua","China","1782092940000"
"1st session of U.S.-Iran talks concluded in Burgenstock, Switzerland, sees progress including mechanism for follow-up technical discussions: statement by mediators","https://news.google.com/rss/articles/CBMifEFVX3lxTFAwOVNRQU9rRUNNWXZVYWVtTVNrRTdiLUtzQWdLbXBhRnhnNWNtQUhGd1FST05rMnR5WV8xdGYteTQ1T21XWGlOTTJxblpfUUQ5akNlRmY5Szc1RjAyb2lJU1pwTGNsakxzQlpPcUJKYWMyY2tqWTF5Y0VoVEI?oc=5","Xinhua","China","1782092850000"
"Urgent: 1st session of U.S.-Iran talks conducted in positive, constructive atmosphere: Qatar-Pakistan joint statement","https://news.google.com/rss/articles/CBMifEFVX3lxTE95MGNDeVl5cFZHTWhGNW9tNWR3N2VlejFtbGpxYWtpLW5IZVNSXzRyM2UzdFNkX2swcVQ0cFRfTWE5eHBIcktFQmM5UXBjck93WHl6Y3FjMUZwU0VZSHAyT0tZMkxabE90c0dyNWVEaVk1Z0wxREJNU2ZvMWw?oc=5","Xinhua","China","1782092760000"
"PMSA repatriates eight Iran nationals after sea rescue","https://news.google.com/rss/articles/CBMilgFBVV95cUxQWENlOGJFNlFncFVZamI0LTBQZEQxODU3MWZKald1ZWZ6LWh3RExNUzc5S3ZsMzdUWkZta0ZNYzNTWG9oQVU0eE5lUWZDRm9jeTBPTHk4OGJjRHQ1bDlSVk5GNHVLR2dCTk5KcjVzSnNraWZmb3FoUWNDbTNGU2ZUQ2Z1alNWQUxxc2gtdUxQOUpnWnRzeVE?oc=5","The Express Tribune","Pakistan","1782092721000"
"Iran, US agree on roadmap to reach final deal in 60 days, talks to go on all week, mediators say","https://news.google.com/rss/articles/CBMi1gFBVV95cUxOLXlnYlNtYWthTXo3RFlVbGh5ZTl2bXhhVGRCVFphZk5HOEtTZGhtLUh3STZtcDB0TUpYX1ZFUGg1b3NSVXlQX0M5U21FUHVzZzFjYU11S0tSOWs0X0VIcy1vazV4ZF9rRHhyUVdOV25tLTN3YXpqNnlGNEF2ZW5tbkVrbnJrNEJ1R1p6Mk9Zb09kN1k0cGh1QUlaTTg3RkQ1Szg3REdqN0tpTDRQOFRwN2FVZGptdzZBdVV6TFc5TjBTZ0tXenhJTE1PTUZBRW1YTllka3pB?oc=5","The Times of Israel","Israel","1782092514000"
"US-Iran talks said to be ongoing after reported Iranian walkout following Trump threats","https://news.google.com/rss/articles/CBMiugFBVV95cUxQODliWXZVNU1oLXRSaklGWGFRMll0V1NQMDNhYUNTeHI5ZHJ5ZFRkUVlvSGJIcTA3VTBFTm00MUl0aFJHWWNSV3lfV0g1dUpNMllJcDNFOVZMWG1SWHZ1QWZYUW5DWWVRcEVyeGllU3lvRmF2a2FOeThEdTE2TFBOak52cnBGS2JOT3VSSXFzQ0ZRRUQ1dkxQWnptdHpQUUtnM1hBdlNGQ3VuOHZkenhaeXlnYjJjNGNmOVHSAb8BQVVfeXFMT3B2RXBpc1FKUkdSZE42ZVMwS2YyRHJ4Q0JsYVZzOTBOXzVjbmxjSjZ6TkpxbGZCZFJDMU9TdmFTS09JOWllRTRTN25xZDhTa1VDVG9qSjVlWEswYTBYSmZtdHBJZnN6eEJRd0lOcHV6ZlQ4TXdsNF9qZHhNcHA5ZjA3bkVqc3N2VWlWNFFTSVFLNzVldW0zN0VqOE9KOXFoMm1fbWxVZmo2WnVSRnVzT296UGtHM0llSkxZM1JrMXM?oc=5","The Times of Israel","Israel","1782091955000"
"Day One of US-Iran Talks Wrap, Oil Lower on Iran Optimism, More","https://news.google.com/rss/articles/CBMirgFBVV95cUxNYkRkRG5Eb2VkazdOVkJua0VRVjlnMllnUHNsaHpXT3dQVXlTa3I2eWttdEFpQmRiMjJha0JKSnI3MWR0Mzg2cWRKUkZxQm1XOHZYck9vTVk2S0hneWNqWUZlUThrbTB5c2xDbFJLZ2g3eEdmNU5pUC1ENk1TcllrYzBvQXlJS0drMUZfTHJVR2dJYmZfSlRUTkN1ZHZhSmdqa2l0QWNnZk9zRWFsR1E?oc=5","Bloomberg","Global","1782093520000"
"Pakistan Seeks Diplomatic Boost With Key Role in US-Iran Talks","https://news.google.com/rss/articles/CBMiswFBVV95cUxPQ3pONU4zWkFRVGQ3SzU1ZkVmZE1XVDdWc005dkVGSXFEX0lMdW9wU1pPV3JoR2J1ZE4tVmQ5a3VNM1hEUjMyT1RCU2FMLWNrNmtZcVp2OEh1RlU0bDlSeDBJQ1FKQ3V0dV9BTFJxU1lmZTdmb24wU0hkUGJiMFoxUlJZT3NQZXpEYW9zNjBsMC12ajYxcEhZZFhFdGNFM2gxbFBhbmVzMUlURHMyQi1WTFc2VQ?oc=5","Bloomberg","Global","1782092580000"
"Gold rebounds from one-week low as Iran cites progress in peace talks","https://news.google.com/rss/articles/CBMiqgFBVV95cUxNWG14bzR3eVBkdmFpZ0VoT0tBUzRBbG0wZVUzWW9wN0hqbDV5SDlYUl9WRWxSZE9sZGsxc2ZCVEhHVDdhQUp0LW5MME0zOTRQM2NCb0h0eGlzZzFNODFVc1NBSFdVYkZCNzg3UnZiYUhpOWRCb0tfUFZaNVlrRDFRX0c2c1M1b3B2U3BROWwwQnlXT2N4LTZJOTRpbUVxdFhycXhQNkp5MzYyQQ?oc=5","Reuters","Global","1782092100000"
"Iran's foreign minister says 'Pakistani and Qatari mediation has delivered major progress to end Lebanon War'","https://news.google.com/rss/articles/CBMiYEFVX3lxTE1uclpjaFBfaG9kYXBPX0RPYWVBQnNLUjBwcFRVSkdQaWRvSlBYbmx5OEpVZm9UN1lrTE93T29DYmhhRGR4Q1R3b0ZTOEplNXJUakVUS3RRd1J4SHMzT0NZcQ?oc=5","Associated Press","Global","1782091380000"
"Mediators say high-level Iran-US negotiations over in Switzerland; technical talks to go on to reach final Iran war deal","https://news.google.com/rss/articles/CBMiYEFVX3lxTE9KVnNmMDlYdFdoR2JKNjA1RERBRTdGNjJIeHZIbEZ5bDNnUm9pXzhrX3RfcE45UThMMTRoUkY4Q3lOTjhyOTA2eVpBMVYzNVRNeXRzT2VMOTE4QVNXMXhzTw?oc=5","Associated Press","Global","1782091020000"
"Past and present World Cups collide as Beiranvand first gives Iran inspiration, then hope","https://news.google.com/rss/articles/CBMimAFBVV95cUxOSGk4MFozVGpNZHVCTnZpNGZUUG02N0dXR24zX204V0xYT1M0UVFETC1lYUs4WU8tcmdtbjRhV3hNTUtmM3VXTHMtSzVwMG5HemxQdHFWNFg4RGhOTnNFWnpPSERwOVRKb3kyd2xxMWNVM2d4cnFFLWVrRFBINGd5VVhCLUNzTU1rLU9BaFhGUndFLXZmUExtaw?oc=5","The Guardian","UK","1782093970000"
"As War With U.S. Eases, Iran Steps Up Hangings of Dissidents","https://news.google.com/rss/articles/CBMiqAFBVV95cUxOTUhZQ1dHb1N5WE9NM3Y5bWNLcGRkREFMODRHbWZiNVNkSG5xQmNsQWthRVVsUl9YYkZJbzlHTG1rbUpjbDVsTi1vRUNiMUgxYnYyOUhzZDlUamhPSzVkUzVTMmxZSjBMMnhxOFFhNXEyRVdMcmpvdFdCeF9qSmpnMTk1Tzl3Yy14ZU1USGd1YV82emhRT2dfNzhIVDl3ZGNhTkhUOFh4MEE?oc=5","The Wall Street Journal","US","1782093600000"
"Mike Pence: Iran negotiations should be 'verify and never trust'","https://news.google.com/rss/articles/CBMiVkFVX3lxTE9vNklSZjhvd0dYWVg4MXlNNU93UzhHSXNXaWZRYVU1cGpUU0l4Ym9la0JUeGNSUHVFVVd2VnE1YzYtUHUwS1VhSjExdFpEZnRJT0dmQmt3?oc=5","Fox News","US","1782093229000"
"Trump and Vance clash on comments about Iran","https://news.google.com/rss/articles/CBMidEFVX3lxTE9MXzdVYndRVU1MSVZDVERUaElaNjhmcVM3UWpVQ056TGs4MHU0X3Z4ZzVvQUg4NWhVLUczSUYyWXdDWDh0VHlBQVhYcVhnbk1OUHJoekg3UFJweW1mZEc4SjhrN1BuUE9MNVlPdElIbkFXTk5z?oc=5","CNN","US","1782092024000"
"Gordon Chang: China emboldens Iran, acts as 'enemy combatant'","https://news.google.com/rss/articles/CBMiVkFVX3lxTE1jeUtyenZXajlZdG5lRjJxZFBPZDBEbFhZYXkyb3djY2llSENkZXlDT2l0aDNDeHdiNXZqd3Q5U1RXWFUtWTJBYy1VTHVZVDVBSWFOWGxn?oc=5","Fox News","US","1782090812000"
"Trump news at a glance: President threatens to restart attacks on Iran even as Vance cites progress in talks","https://news.google.com/rss/articles/CBMikwFBVV95cUxQTFdSZVdpczNpQzluR1hkN2NaV3dPeHMzeV9pWFBqbWFfSkRXNFltOE5lODlyVENSNk1ad0QzeklYaG9zSW5wSzZKc0NEMmhCV1ZpWkd2eEs0NDJBSkxSYlNBWExiNlNqMy16eWszZXhidUVVa0ZTTWtBZFE5S3RCNmRBYXJfd0FfeUNRZWd1d0xoWnM?oc=5","The Guardian","UK","1782094543000"
"Shipping stalls in Strait of Hormuz after Iran declares key waterway shut","https://news.google.com/rss/articles/CBMiuAFBVV95cUxNVk92UEtzMTNiY3lnUklHTnpqUXpNSm9RZy10enFxd3BYRk1ndVhkWllWd3VuSmk0bS1nQ2p3S2ZVbXRjSjR1MjRWbVcyZnh0bmV5ZDlJM1lhWU9WRVJUX2loMzNlY0xrQU91MzliXzV0eFAzU2QzVGVxNmRYam9heGRfdzNhN3M5S0czeEpReU5QOFhSSTZSVTJINW1sUTFSOW8tQzZXdmFnNlB6UWc2dU1MTzR2a09j0gG-AUFVX3lxTE1ad2NDOXVjVTU3WV9raHhwQ2laT01nRlZJLWFPZXV6OFN4WUhfR2J1Nm1kMnRoMkJRY0gtRm5FNGRiTlRQTkVvUURRaDVFb09Rbl9BMGh6a0ZfR1NWYkNxd25pajRxZVpJY3dtYnFHYkF1MVhpMkxIMHpmeGZvQktPTm1TWVBMV05lbjl1UldpeUFMZlJMc29CTVpIQ1RDSHlSbmdPVlNsYmpVSTF6RU1vQi1DRHNpb0FrQV9RRXc?oc=5","Al Jazeera","Arab","1782094186000"
"Mediators unveil steps on further U.S.-Iran engagements toward final deal","https://news.google.com/rss/articles/CBMijgFBVV95cUxOWm5JcDBCbE1LTGJ3YUpfOGRVVW9EczdkQWpwRENQOEdSVjFVTXM5dS1fZjhUQXNnVnRSR3FSZUxtNXEwOFV2cl8wV2Y2RzRLN1M1QzZJc0swa3BVcUlfUk56SnF4d0Y0VzZlazdUTlVOTURzdDc2Yy1rdVU1aFoxV0gwVWxMZEo4X0t4MmJR?oc=5","Xinhua","China","1782094035000"
"Iran’s foreign minister says ‘major progress’ made to end Lebanon war in talks with US","https://news.google.com/rss/articles/CBMiyAFBVV95cUxNR2NJQ1BjWUl6M2p0TnM2ZHdHOW9pdUtmUEY3a2tfVFpPNk9tU2xGMUtleVJuWTc2QVlDU3ZrSHV2b1M1RWFvUEJtcmc0NElpcnlhUlFUSV96MVdMaWI2UGJERDM2V001T0hqdzZ2SVdreF9TOFV6YVY4MGdiR1RIRVlsMEd0aTY3ZDNaYUgyTFVWVGZyR0taR2F3YmRFR3p3T0lRb3d3ZE9DZHhMTmU2a3ZQY2hGdk1JMFY4ejRkejYwX3RXZWpmYQ?oc=5","The Times of Israel","Israel","1782093958000"
"Xinhua News | U.S.-Iran talks continue as U.S. team expects overnight negotiations: report","https://news.google.com/rss/articles/CBMifEFVX3lxTE9qUUY2bG5saW0zVTRqR29TUEFONW52NHgtUU5rRVBrMnBKMGhGbUtWYURBNVJhcHhjMjhSenBUVm5SX0IzdzlINUNPbDZ6T1BzazNpZW80Tmt5Q1Z3LWxKdXZOOHdud3l0RF9QN3c3eFZfaTUtNmlETEtfZGY?oc=5","Xinhua","China","1782093932000"
"Urgent: Iranian FM says Pakistani-Qatari mediation delivers ""major progress to end Lebanon War""","https://news.google.com/rss/articles/CBMifEFVX3lxTE9TcVpuZE9SZjF2ay02Z3hNbkV5ck9Kc0ZzZzF0RFVEQktWOFNDbV9WYmN3SGlqTjd2cFNTRzZZREFqeGhGT2ItSGNjYy1vTjk0dDYya0ZFVDhNRjBDYjItR2x5VXd0TmlNczBoczhGU2JMTnp0ZTM5aVRfT1k?oc=5","Xinhua","China","1782093870000"
"Progress made toward ending war, Lebanon ceasefire remains key test: Iran FM","https://news.google.com/rss/articles/CBMixAFBVV95cUxNeE5oVTZCZUhrLVVXb3NuRENxSHpEMVhBMUhKNVVkakVwTFdzLUFDTVhaNmFBYWg4WGZ4Mm1OMWVSQ3RtQmNFY1V6cFFIWF9PMm8tdnBrSWx4M19KdWtCM0xEUXl2MTVhQzh3U0d6dlVjUlZQQ21yLWxVcS1aZkJxTTN6Vm12MkpVMFVZTVltclRkakIyVWh6Nkh0TXdXUXc5QTh3RDQ4aW1oMjJrbWQ3QzdYVVFFaGN4ekhjRmZWVV9Rak1U?oc=5","Press TV","Iran","1782093780000"
"US, Iran hold firstround of 'fragile' talks","https://news.google.com/rss/articles/CBMigwFBVV95cUxOaDdJVGl5T0F6VC1ydndxRGRkVmZvOUNla2hBSkxfRlV2bzBfd0hTdnlxR1VDNEF3R0hkT1lQRkh3OU1QNllqLXdHX3lLd1hxRlFScTMxcjdyTGpGY19FY01VYWZqU0pRNThTaThJZ0N5TENaY3I5c1pXRFRCNXQwWjF2MNIBiwFBVV95cUxQS3k5NGhwejNGbE9wX2NhUTJOVGlvb0FRNXloVktHWlhnZEgyV3ZDZmt0LV9Zb25TdDBoQ3VJbHNFMDJzUFo4NnlSVW50YkFfS2lsM0pDOTRILURVTno1SFNtSUFCN2owYlp1OTczVXIyMXpWLUItdTBBWm80V2lBVXI5VmllTU5yYmhv?oc=5","The Express Tribune","Pakistan","1782093681000"
"U.S., Iran agree on roadmap in Switzerland, aiming for final deal within 60 days: statement by mediators","https://news.google.com/rss/articles/CBMifEFVX3lxTE1fWWNGdTBQcjFDdXBkZTVhMndTWXFhV3RsRE94Y1BiZDNEOFh6OHNNNXVodF9tOXdidGtiVWd1NFo2TjJxTXpOT1ZHQWxtaVdIX3JSSzlUbG1TRi1IN1BEMnlESUs5dVF6bkQwbWdzTTd4WDkxQUpndlc3X1E?oc=5","Xinhua","China","1782093165000"
"Israel’s security cannot rest on incomplete Iran-US deal","https://news.google.com/rss/articles/CBMiV0FVX3lxTE9LSXM0eEFhWUpjZE9jY3ZOVmNTMnpJRXVJQW4wRXVCYVhkZUdVQk1uSm9HSGw1Q3Q3Vy1odlZlY1hZOWxXMFNSLXBKdWFTOE5HbVZJdDRidw?oc=5","The Jerusalem Post","Israel","1782096824000"
"Iran Clears Chinese Cargo Ships as Strait of Hormuz Sees Chaotic Reopening","https://news.google.com/rss/articles/CBMiyAFBVV95cUxQVzBvVkJWQW1jaEowMDJKekxvVkxTMzZkQWQ2bktsXy16WUI2ZVBoZGR2TWhUYkxWVV84Vko4cWNlckk0d2xwd3dtVU9XcTVaUHVTTkE0TWw2U29ZSjhYaTRxLWlyRFBnX2tfNTNCYlpuN0ZNdi1WdlM2V2VNSU4wcGxrcUZMWWV0ZTZZZzNYYk5iNFVtNzZFaHotalMxUDZ0T1AzS2U5NGRPNFRqU1FPaEVwc0xDZVZlMDRhTkR1TS1TMVlOM2RuRQ?oc=5","Caixin Global","China","1782096720000"
"1st session of U.S.-Iran talks conducted in positive, constructive atmosphere -- Qatar-Pakistan joint statement","https://news.google.com/rss/articles/CBMifEFVX3lxTE83a1h6QUZhVFpLWkx3ZUZxaGo1bXdnOGZvOFFDMTNIeEY2UkdXSTZhWEhSVWctMmU0TzEtRDdPVi01NzdSMDR6X05hRldvZDdVc2Q5Tm4wWmtUaXBCYjI4MjNzV3hicU9lNE4xd1ZSd3d4a0JFNG1XclB2Nmc?oc=5","Xinhua","China","1782096468000"
"Pakistan shepherds US-Iran peace push in frosty climes","https://news.google.com/rss/articles/CBMikgFBVV95cUxPcVlKNDYzZzU3YU1MZ1NLU2t6NWZnLU9XV3UzRmVXMUNSTmZOSDhaV0syUHpEUW1rakhUZGNNUFlXMk1LOHFHM0pnSkJ5N3RuZ1J4SE8xRFlJWmxkVzl0UTlMbERucWIwNEVTR0FRVWIyU040WmlVbGRKYndISC1tcTduQTJpc2VfQm9fVWU3YVNTdw?oc=5","Dawn","Pakistan","1782093786000"
"Iran hails ‘major progress’ to end Lebanon war","https://news.google.com/rss/articles/CBMicEFVX3lxTE5IbGdmbG5zYTRLYkVMZTdaSHNBX0ZObTloS0RwSEFfYzBpZk94SHR4dWtROXkwVy1UR3FUNlJmOEkwUWFpT0hoZWMyS2dKcXJTLUFLbzNaZzZESmp3N0VfYTNLLXptSG4tX0Q1U0xqT1I?oc=5","Financial Times","Global","1782097339000"
"US-Iran Kick Off Negotiations, Makes 'Progress' in Talks, More","https://news.google.com/rss/articles/CBMiqgFBVV95cUxPbjRHc2EtRW1pa05Xek9jTklfZHhkZUVIUFZ4SXM2S1NRdTNFNS1sSmJvOXFfd1lPRzRXNWZGbDlJSVZiMTdMbDVJOW5IMVFQVmk1ZlRtUGNPNGpUWk1LeXhRbHI3VHNTWDcwMEpJU3hUX3dhekN6X2RGaHU5M0hZYzB6Y2RjcEQ0WElvTGtkZkRJOW9ZUDF6SUlEN2hTYWFsTlVXQnRNZjBidw?oc=5","Bloomberg","Global","1782096467000"
"Indian shares set to rise as US-Iran talks progress, oil eases","https://news.google.com/rss/articles/CBMipgFBVV95cUxPQnl3WUZuRzA2cHZxX3Bsal8yQlJxUEtFM2NDUk9NcXVXNWZfdVVTazhJTkEzd0k1S3hCc0x2U0dDbnBsQlNPaE9hRFZwV3RzVkJId3UxVmJYbjBPci1hU1JJMTF6M1Njd3dJOEdTVndxcXRINFFLMzVaaHhNMUcweFl5bEZkNExuUXl6OGZLRzA2ZXhxdTNQeFFKaTdEWDI4U0FDOHRB?oc=5","Reuters","Global","1782095280000"
"Day One of US-Iran Talks Wrap, Mediators Hail Progress, More","https://news.google.com/rss/articles/CBMiqgFBVV95cUxOcFFiZ3FYMlcwNWk5SUdDTUdZU2s0Z3N5aE9MakRkYk5TM2p5TGg4cVIycHFqNWZTejdXLWpWQnI2am5xanE4TFk5Nk9kVEhQeVV4TkEyNjVHYTl6VzdMUEd1SldveEE2Mlp1X2tPcVB5WHNTNURPUzlxdFNGbWQzZTZPN2JYS2c5R0x1YzhKbnNMQ0FsbzZlbkd6ejVPUWpBM2R0YVBHcHVLZw?oc=5","Bloomberg","Global","1782098752000"
"Rupee set for boost after Iran flags progress on peace talks","https://news.google.com/rss/articles/CBMiowFBVV95cUxNa2NHT184T1JKOE9jMlk2cnZ0VEFZTVA2X2ZNZ0M2V0JXSGJiSTBBT29JS1Vlejl3eWdqMHY1QlcydVl5WjVUblVsMll0X2hLS2J4Ylg3QjZINnRXZFJHUloybUIxdFNmYzBuX2pfckdSc0FpOHVpZ24wTWdPOFZCcHFMM2Nja0tyX2xjLUNiWFN6V3JCWDlMRjRnY2xCNUNOaVdr?oc=5","Reuters","Global","1782098121000"
"Bloomberg Daybreak Asia: Iran Talks Progress","https://news.google.com/rss/articles/CBMioAFBVV95cUxQTTAwSlJndmRVTmlCOGl5aUJuWnlPMmk5MnB5LTVtWThBeHJJMjBaNUYyUzlUeEJrTE9kV0JwQ3BOZVZlZWxUQlNoajdnWmtsTEVhUjRlMlFUR1VwNVh1WFJHb1NwcGlQM3JCRzJJWElsUFpWU0lCVXowMng2Qk8zUXNjUy1HYXpZNXVzTC1CdGc2MGx5QmhjbkdkZGNscXpE?oc=5","Bloomberg","Global","1782097870000"
"Crude prices drop, most stocks rise on 'positive' US-Iran talks","https://news.google.com/rss/articles/CBMiqwFBVV95cUxQeV9YTjdSQTRIWGllbDJRR3ZLOFZUNko3cVJyajY1QVk5dkFucWZ6bHhCejZaSmdWX0Qtem1CSlQwLVRSOE1vRnJyQ0RsVktUOE5wOFpuckp2eHYySmk3VkFNWmFaOEpTQnA3NnYxbXBaVk9XRWx6bzBpR3BpZTV5ZmFwQkZlU2EtblpMQjlKdG5DQkN1eVFwb3ZQV0RWQ0IwMGRPUm43TnJLRFk?oc=5","France 24","Europe","1782097275000"
"Let's hope the VP brings that same 'anger and defiance' to Iran for the next two months: Brian Kilmeade","https://news.google.com/rss/articles/CBMiVkFVX3lxTE1iTm9mRXdLQWdkVGlIa0hqc0hYWmFTWWRYTUtXcWlsdExieGFVZDJscmNnbWp3aDJPeTctVWFxLTBJeEtPdjNqal9kNzI3RkRsbHhzN053?oc=5","Fox News","US","1782096726000"
"Wall Street Journal columnist warns economic relief for Iran would make regime ‘tougher’","https://news.google.com/rss/articles/CBMiVkFVX3lxTFAzMnNuU0JZUkRSMUZpaVlRbFA5NXpVb1lWdjQta19UenlEWTMwVjYzWE9nNDJGNEhNS2lXYTN5RmJXdDRqbERFc1BSTVEwVzF3WmZoSGJR?oc=5","Fox News","US","1782096130000"
"Iran feels ‘oppressed’ at this World Cup – its players are battling toward history anyway","https://news.google.com/rss/articles/CBMijAFBVV95cUxQMWpFNG5QcXM4Z3daVEFiN1psRzNFQTNWenV2MXdvazhocUJURENRZU9zS1BlQ0VCMEtkOXU4cVp0SHhGRFdaZkVkOXhCSEJWUmY3Z2xBa0s3eEJ4Wkh6NHFrOTlEREZmRldvUnppTnVHWmlIbHJHQjAxWGRybGZKWmt6dmNhLVY1ck1BNw?oc=5","The New York Times","US","1782095843000"
"First round of US-Iran talks end with 'encouraging progress'","https://news.google.com/rss/articles/CBMisgFBVV95cUxONkltNWNEdl8wYk5zNDJDdTBqdVZYN2hsMGNQRG1hVlBha2lYQXNWLXVQWmZfRmVDUzlqVEhtc3hyR1NjUTdsV3ZSUTVqbWpXZm1jaXJOR3JITzJ0OURLLWdxdHA4bG44VS10NUhDRm9NcFhYVmRNV3lNQkZPN181VDB1QWtkdXlYdXFSR0tWUmFKTi1DaVZ0ZDlpVEdtd3J3RFBZTzFQem5UdkVobXdyUWJ3?oc=5","The National","Arab","1782100507000"
"Iran hold Belgium to stay unbeaten at World Cup despite ‘worst conditions possible’","https://news.google.com/rss/articles/CBMi3wFBVV95cUxQRE9JLWhEOGZrZUtOejAtVnFRbENDVVk3cTRsNDdhQlJTZU5jbVNtMUtKbldKUEMtZHNNUVNyOWN6RVZZbjNiSTNMWHV5V19VS1A4eUFpZEdHUDlaSnh1dWtPRHdUb09qUGhNUkFjUXFjMTU0d3BfYzJ6d0dBQXJNaWxYcGJwZHhLbWp5c3VCM0pPb3J0ZHNCenRuY2ZRMnlsekJLVy00QjBrLTFUVjdEVjRvQnVGX1NXZkRLMnZxa3RFUEtOS21qbF9SR1BfV1BpZnZZUFJlY0xWU2MxM21v?oc=5","The National","Arab","1782099887000"
"Trends - Israel Iran Conflict","https://news.google.com/rss/articles/CBMiXEFVX3lxTE9ncHBLeHhmREJMSmhJMlU5QzJPTWd6NmFPMlNyV2syVkNCc01ZRjdWaFN1VDVXOGlrdlhyVTc5WVlNb29zMEo3QzZtY1ZlaHpuMDJLcDRvQl9TMHV6?oc=5","Dawn","Pakistan","1782099763000"
"Crude prices drop on 'positive' US-Iran talks","https://news.google.com/rss/articles/CBMigwFBVV95cUxOLXNZSmh6MVZsV2thSTF3Ty0zVTNMeWFhdXlpTjZFVTlVeDl2T1UzYmptamhvVXlzM2JTazRveGxlNXdNQ01TbElXcGhlYXR0MFo1MDJDaGItc1oyelFZNDJLUEtHN3ZlS2wzLXo1ZjBEX1YyUC1FVXBYYS1NQjVsRmRsMA?oc=5","Dawn","Pakistan","1782097633000"
"Two South Korea-operated vessels passed through Strait of Hormuz after MoU signed: reports","https://news.google.com/rss/articles/CBMiwAFBVV95cUxOenE2U1JUeHkwaHlpMnZvQWNTZlRnZVFPb3RTaGVJVTRDNGtRYkRVLWhXVjFqTHNaZlEtRW5hS3l2YktVaEE2ZDVIbG5YSnh2WXQ1TXVZckFfWFRjR2RHdmhpMU80aF8xdFVJeHRmbDZMNUlWVk12NlFqUDRub3R5S0t4X3BfUnVmeExWWVRjTUNJYmUzVmxIZ3Z0QWFWNlRkdGc1OHFhQlMzaVVab0ExQzFCNjVWeHNTQ0RRNm1KZWQ?oc=5","Dawn","Pakistan","1782097543000"
"Iran war supercharges electric vehicle uptake in Africa","https://news.google.com/rss/articles/CBMicEFVX3lxTFBlVXZlX3BJZ21PbEwzNUZBSGdZTW9CMWVZWXluN1lsUUlBekROTFRQTUkzMWZrSl85MW1IakdTVmJ0MWZmU3RLMmVEWUVUdnloZzBjZXdZaXJtcE4yejBHejVHZVF0cmNqZEhIRV9JMWo?oc=5","Financial Times","Global","1782100817000"
"Iran War Puts $124 Billion Gulf Remittance Lifeline at Risk","https://news.google.com/rss/articles/CBMixgFBVV95cUxQOXRjVHV2ZFpGb1BMTVZHZVVvNGN1OVBPOVhtTy1nclZlcldDcmFIZHAwMDdkUzZaQ1dtZ3o5MlhZdE43S3lpd29TWnRIWEdydlFCdGZVczdaSG5aNVBSMEZWYndnc2lManZnS3Y3UzdYaVFhaUE0WVN6YXNVN2tHdlo0VDlyU3J5bGZOZlBFT0sxdG5tYVhuekp3X2JOQ0ZDc1JUUjBNX2FxT2RNQk1ndS1OdWpNamNHRmVMek5ZZnowQXpsVWc?oc=5","Bloomberg","Global","1782100800000"
"Stocks jump, oil eases on hopes of progress in Iran talks","https://news.google.com/rss/articles/CBMiZ0FVX3lxTE1PMlQxRF9CLVppYXJoZTBKa3YxWEwxQURIN3BoMkh2dWhwdnhEelI2RHVMZlJDTjhkdXpqTjhtOGlTVkVzcmQ4dmJ4S1liODNHelJfY3lybXJwMnpqc3psdFF2VGZjdFU?oc=5","Reuters","Global","1782100528000"
"Kuwait Adds to Signs Hormuz Is Reopening With Offer for Products","https://news.google.com/rss/articles/CBMitgFBVV95cUxNeHRnLV90UnBjUzlHUjk3OFh2T2JQUHZzUEVHNDJmWUc5T2NKZU1vRzlUSzNmaGtjMTJuYXRFRlYyUkFabmcwUkc3bHJuQVc1TkR1Z1pCWUVxX1lSbDFqNGwyUTJUeEtUZUpDb3NPU0w3MlZfTGpJT05pZWxhUlJhZDc0X3pmSmFiekhTVzRaa2M4aUI2Umlzd3RHTWc2Zi1YWm93MlNLN3RJTGgzWXh2VGtlQk9Ndw?oc=5","Bloomberg","Global","1782100380000"
"Chinese Oil Imports May Never Fully Recover From the Iran War","https://news.google.com/rss/articles/CBMisgFBVV95cUxOVXBDZlMzM3o2Szc4akZGbVAwaW96cUY3Z0haSHpVODBONGNKM0F2cHppa21SSGFJeXVzUnhmNWJ5dTZqeG1jNjlBSkR1eXRXSlJFanpfUHpndXJYMndDY3EzRmpwcDJTNnk2ZHlCZ0ZqT1h6Q2h0OHdqeHYtcTNTS0ZnVVlHVDluMlRHMjFUb3V3LXdXbS1zZGJ0a290UWZfcnYxQVVfdHZidmpRQ29NeWJ3?oc=5","Bloomberg","Global","1782099600000"
"Araghchi hails major progress in first round of direct US-Iran talks","https://news.google.com/rss/articles/CBMixAFBVV95cUxQU1JxbEZkMGhtSjctTFRjODlKU2Rnek9OUGNQLW9Wb3BHcU1GSW9Cd1dCWTgzQUpiOXk0d2xsamdzb3NUM3dEZFZLTHBPNWlId0JJVFk5Yzd0TER5NTBDVnZOZHhRckVPLVppOURId0pPbjNuUlpXYmwwVkwtaWlaeGpTc214ankxQXdtWnVxWHVEb1JaT3dYd1dkeWxrSkM0N2tRSllHb2VwMWt1bk9UeFJLQnQ4amZRVk1aYXIydkQySFBP?oc=5","Euronews","Europe","1782099405000"
"Emerging-Market Stocks Mark Fresh High as US-Iran Talks Progress, Oil Falls","https://news.google.com/rss/articles/CBMisgFBVV95cUxPZjNLSk9YRFZVVDk5WlFCN09pelI4ZVRHWGxvVXFzVml2N0hRenRaMWFpMVhYMTdMeTRKNU5HZmNwX1NPV0tMTjRKa1hIVVNHRVNBX201ZkpOejg3WGVZb3hza0ZiOFg3V29SeGlYN0QzUmdxSDlNNkZMckUzVnZDVXdtb25jNzczY3hFWDdPTDFIa19QV2UxejNmdnBTTWhqSlZuU3FoVEdmcnJrZ0FlVzVR?oc=5","Bloomberg","Global","1782098880000"
"Iran shows Trump just how hard making peace will be","https://news.google.com/rss/articles/CBMibkFVX3lxTE96WERqRHZvZUd3TlZUM2VxNldaTW43NVFVUWtyNGN1Q0s3UkYydmdiSUhVZE14TDRNQ0NENlFhUG1JSUM5Qy1YVFVneFpyS3JPVXlFNk9LU1dveXY1RWVld3hta1dxV2JDNVlyazN3?oc=5","CNN","US","1782100825000"
"US, Iranian negotiators enter 2nd day of talks after rough start","https://news.google.com/rss/articles/CBMipgFBVV95cUxQeUJQNlpPSVpIZmFCR1pnckJLd25Eblo1OERBRFdscDFOOUZHbURVM2tNd1hPaHo5aHIxeExhbGt5R2RxZjFDMWhENm9GQnpadlRNQVg4QTN4ODBwRUNuVGNYLUt3YUdBODJSTXpEZHF3QjN0Zk1iVlVzdnhEblh3N0JkZUNTU3Q5QmxKdUEwTVc5LUd2czMxTC1FQVpDdnVvaWg2Tkh3?oc=5","Associated Press","Global","1782101340000"
"Iran War Puts $124 Billion Gulf Remittance Lifeline at Risk","https://news.google.com/rss/articles/CBMisgFBVV95cUxNWXVVQm5IRUlXdTRFV3JTWEZTSWZiR1lfYXJfLXlVdlZWOWV0TlppNG1BTUN0akpLSlNXekIwN0VUbkhHdF9Fb2x3enhlZzFmcExZRU56bG8wbWtLbW5SUExERVJFUzNsLVpGRlNTSl9GaUFnTXA5RUxER2JlVTl0TlkxZmdiVkF2dkpVZ3AwMndCUzB6bU9CX253TEhtSGRQbUhrWGhXenBYQlQwVGx2bUxB?oc=5","Bloomberg","Global","1782100800000"
"Wareegii koobaad ee Iran iyo Maraykanka maxuu kusoo idlaaday?","https://news.google.com/rss/articles/CBMiXEFVX3lxTFA0QnBxY05VdVRfNVZTLV8zZU5SdzFGM1U3WGRRZzlKQm9YcXVvaG92V2FvcWxLcG93NjNONHQ3S1FoaWtNZHcxMmtJLVRCM1p4ZTAzUXZKTXpaNUxu0gFiQVVfeXFMTjVkTUJBR2ZxcFBkWkJzcS1TNjJmVWQ2R05RcmVKQnltRDVobXhYa1laekRmS0UxOENYNHNWaTNuNlFGU2VWVG91RW9CclQxSTFlbUVUeUNfOGUwaHo1ZUlMNmc?oc=5","BBC","Global","1782100480000"
"US-Iran Negotiations End, Technical Talks Will Continue after Trump Shakes Talks with Threats","https://news.google.com/rss/articles/CBMivAFBVV95cUxQUkxfSjJYdHRpbzNTNDFURGYwRUw4WUYzaFVwQTQtbW8wYU5kWFB4X3FZWGlQZTluaUFicnY4czg4VnRRSS1VaDI3c0RKMlpaNU05WXZsRWxRRUh5dW0tTWx4STNnX2FQZGNJQ2tZV2xVVm9iSVBUdE1HQXczT0VraWxoVWlReERnYjVWajBDcVA0M19qbTBGS3p2ZmFocXZFeVBtU3ZnM2k2SXRVdThUN3pmSTlUQ2FWY1FHcg?oc=5","Asharq Al-Awsat","Arab","1782102078000"
"US-Iran talks make ‘encouraging progress’ as parties agree on 60-day peace roadmap— Pakistan, Qatar","https://news.google.com/rss/articles/CBMiWkFVX3lxTE1OR1cwOUQ5cWk2bGxjempOZFFfOVdvak5uUWhrUkxHQnlDZ2lCWlIwSGVmeUxfd3RLM0FEMG5PSV9BVG1fMHN6RlpqMmZKbHlKRFlfakRUaldQdw?oc=5","Arab News","Arab","1782100566000"
"US, Iranian negotiators enter 2nd day of talks after rough start","https://news.google.com/rss/articles/CBMi1gFBVV95cUxNR2xtSXlRdW1aX1Bfa0tKUFlIQ2xXU25YU1lFU015MF8xUFlBNUh5YzJabFMwV2xDZlJVcVhBVTl2RllfamVDVkNDa3ZGelAyUm10Q0ZBTkQ2b2tCRFF6UTJkQUJMQ0l6Mm9jRXRoN0plYkNQNDNiM0JrOVlJUmc2QU1nWmxNcDlGc3VrZF9XUUNGLVVuUVp2azN6LXFCSDBiNXRxc0JjbkZfTThrREZSYldGUHNacDlJYW9SdVRKMHBTYUVGMmVYNmttY1NUYzJZX0xnTS13?oc=5","The Washington Post","US","1782102118000"
"Belgium’s Garcia Laments Wastefulness Against Iran","https://news.google.com/rss/articles/CBMiogFBVV95cUxNcXdOR0NGdklmYll3RXdkT05nVXVQWFgzY0JoV3lqZGRiT2EzNzJaNHZlLU5jd3htTy1DeWgySExOS3NUbVJsQUxsVnh2WjlMRmpKeWZzWEFTMGV1aEpZaXY0ZE02WHRxNE0tLU93bHUtSHBEMjA3YmdmWWJ1ekZnZE1ieWpTNnNlMzhBYlA5VXVuZC1mSm0zTXJ6eXdzYi1oNVE?oc=5","Asharq Al-Awsat","Arab","1782103971000"
"US-Iran Agreement: Ex-Iranian economy minister sees rise in economic growth, jobs and investment","https://news.google.com/rss/articles/CBMieEFVX3lxTE9PWm9maXBvSFpSN3F6eEtaSU5uSzVVaWJ3VUktNWpCVE11NDhYVFBiS0MtWTRtX1FNQkluN2E5Ukc1NVRHQTJoWDZUNTU2ZVBiNFVKYmpxelVWek96aDdLT3VKbDRNUzgxX1BSc0JsaV9YcElTbFhSbQ?oc=5","CGTN","China","1782103950000"
"Beiranvand Heroics Help Iran Hold 10-Man Belgium to Goalless Draw","https://news.google.com/rss/articles/CBMipwFBVV95cUxPemxpbzl6YjBjVGRGWU1KXzFtM0FBQWFtT09kczlXLWF2bHRpWWNMSkJOcmd1dHA5ZVBnbnZmYTJvV2plejN5Q09sZmFXdmJ5WW9XNGVHelRidDBQa3JvdGRFcHRXSnNPWW9BX2c3cFpyM2wyMWhUUlVONXdJTjBlSElOcFVIV21xZzdqZkc3VHpBandwUENOeDlCLVlMakVqcGhGaTVRVQ?oc=5","Asharq Al-Awsat","Arab","1782103844000"
"Iran says US negotiations entered with ‘power and caution’","https://news.google.com/rss/articles/CBMisAFBVV95cUxQTmFlRHZnQkJEa2F4YnloYzFXODRaYUg3ZnlTanpnTnJRZF9Yb1l6TnNmRW1NbFdlNEJCdTN3YWQ3aXFlYUxDam5WRWxoRGYtU1QzaXVWT0twakJQcWdiRnFxXzMybFVNOENPVzF6NkZrTG0wdXJmaC1pRUc2UHVTT1NIS1NFR3M1UDBYc2NiQmN4V0ZJY0pZWnJZcERvZzNWLTEyd3U5T3A4TmtHc1h4cA?oc=5","The Express Tribune","Pakistan","1782103275000"
"US-Iran talks make ‘encouraging progress’ as parties agree on 60-day peace roadmap— Pakistan, Qatar","https://news.google.com/rss/articles/CBMiU0FVX3lxTE83U2xBaGk3TG5QamlkcXhQWnhOLWlCQmcwV2hzSnVVNWJkN1FmekVjREtTLXlWMTRXdDlHYjJZR1hSWVhOWWZJS1RSV3JNbks3WXdV?oc=5","Arab News","Arab","1782102061000"
"READ: The US, Iran MoU demonstrates the failure of military force","https://news.google.com/rss/articles/CBMingFBVV95cUxOalRKSnZXeEdmVDNyOGZNdFVjNFE2bHc5RElqaWY4aXpSWUUtdHR5ekdHYkZuNExua1pYZlRQZ0VOSGhzOV82ZnBPX0VwalA5SFBSTWRsbTljTmQtVG9PM3h1STFkb2ZIVjdKazBob3l2LXN6clBCNXRQc29oOUVQRzE2NWc3eVVGTHA2VVp1bkFvbmpCSmVhM2o0cFpJdw?oc=5","Dawn","Pakistan","1782101304000"
"Belgium and Iran fans react after tense goalless World Cup draw","https://news.google.com/rss/articles/CBMilAFBVV95cUxPbFVERFlkaFo4OUhXd214Q0xESUwzMFY1VF95R2ZlNUhxTHRtOC1oM1FlWTk0MWhldEJmVmdlcGRlemsySmQtVEs1T1hhSmFuUTVNS201cUxXQTR1d0pEa0FfZlJCRmtxVVFBeEJ3VUc2dFhIY09lTmplbFN2eTlKUWdiQzFIVDdiU1RNR3I3Rk1PdC1I?oc=5","Reuters","Global","1782103433000"
"Morning Bid: Any progress is good with Hormuz at stake","https://news.google.com/rss/articles/CBMigwFBVV95cUxNSkQ4M3ZNbVhwQXp0OVE3RmpiZjU0SkRWTmdJWGlTNVZjSkUxSDFKeDJaOUJUYy1xZzVkSTIxZjB4clRTRVpISWxKa1NtRmVZMTlEN0t5UjU1bXgtampOMTNmZGtTeEJDT0w1Z1VRY21YNG9PQ2J5S2tVRzNaSkJrV215MA?oc=5","Reuters","Global","1782102720000"
"Iran leave note of thanks in LA locker room after draw with Belgium","https://news.google.com/rss/articles/CBMisAFBVV95cUxNMmdpVk8ySmlSOWJRQjJ3YXI5VGFKcm5DUkZab05LcjBXS2t4bG9yaFdORHJxcXRRc0Q5cGFPbG1tTlVfY3FSX1JwRXRMNEZydWxsVlZCMEN6MXRQTUhlZ00ydnBVMXZtZFRzTWp2WjBfM1ZBYlVHTFpQNVFGRVFvS1plRXY1ZXZBNHQtdjF5SEZ4NTRLRXVxQVFtYWJOdzVwRU5wS2p3ZkdmZWlOaUotZg?oc=5","Reuters","Global","1782101820000"
"Oil Prices Fall as U.S.-Iran Talks Show Signs of Progress","https://news.google.com/rss/articles/CBMidkFVX3lxTFBxdE1qUGxOQ2JFUFVNMTlfZ0NKVl8xSUtCWF9oTmRjb0FzdkpXZlJta3pKSkFIM1FjeWN4Z1FkU3BGT2l1ekp6WDcyaXQ0cWNxeHdfbmp5SDFONk1XNlVPV2FwRTVqRXVwYzlKNENIUTRNdzVSOVE?oc=5","The New York Times","US","1782102851000"
"Asian shares are mixed and US futures fall as Iran talks make progress","https://news.google.com/rss/articles/CBMilAFBVV95cUxPYXh5LVVwTHlFNXRnUm9ya3VFdzBtcVA1eXJHYWJaTlRXUE5oMHUwTVc4ZVFVSVBsSDhkcVdkRVVSSHYzYjM3amVlcGNwTTJOb294dTdzQ2JuMGZrQ0FSeC1FRUNZMjgxM25UeXZVRUx3VWREOEdqOHZOVGliZ1ZNbDBNN0paTkhQQzRCY0ZIZlpnSGg4?oc=5","Associated Press","Global","1782105840000"
"‘Encouraging progress’ made as first round US-Iran talks end","https://news.google.com/rss/articles/CBMirgFBVV95cUxPN3h3eG9NNVhpemxrUXJOdk1JSVVTdW5QOUtpU1JKcVdMQjlUQUlNeWRMR3VSNG1qQ3UtN2tmZlFtYTJFbHR0TUUxdmF5LVZFSklkbzRDWklEaUszVnRfZHBTNHkwdWpKYTJkNzJBWG1NYWtzTjRRR0N6NGk2ZUlyTF9IbEpOUUhTaHdtbDVJN01Nbll1WVdRNEtZeWtnOUZPblJYMFpuR213TlVTeWfSAbMBQVVfeXFMT3R5TjRRTEw5blVBSWI0dWQyM05kbXdSN1o0cjBJUUQxWDhQaVNwanVUTnV5NUg2QUNaRkN0LWM3dE5iYm9CajlNaUhPN293VjVSVVVlb09nME90VGhDS0IwZWpUcHJKeXZYQ3M2eS14VFNTYXU5dDV3NGZLZTdSUWdLd3J2OFVPTEw5SnJ6NkNjdVR4SkFNZFh0NUt0V3g1YjBLaFhCemRTOElqa0xPLXJtQ0k?oc=5","Al Jazeera","Arab","1782104827000"
"Iran players leave note of thanks in LA locker room after World Cup draw with Belgium","https://news.google.com/rss/articles/CBMi5AFBVV95cUxPS3V4Z2d0X3d4c00yVldqUkhrNDY5SjllUk9rZlZUTlVQVkQwb3ZWTzVGcGRtaXNxRFBkT2VZclMwS3NrQmFvRnN6blVBaUx0UERvZHJqSGYxWkp6Y2t5OXpTR3BOOXJ1SHUwcGdzOGM1QVI2QTRwNzQ3UVpndDhkTjAwb3RleTFzbVZuQjJIZS1rdjBIUlJGOGdoTXNwMkRLa0xmODhiYUxFTG5UY1FyajVOVElTcE1UTlhITXFrZEZGM05pX2g3X1hKa2laYlQ3WnhXay1wYUVyRFlxZnpET0lRVlg?oc=5","The National","Arab","1782104559000"
"Beiranvand's seven saves help Iran battle to draw with 10-man Belgium","https://news.google.com/rss/articles/CBMixAFBVV95cUxPZUlhcUxEVTA1Z0NJMHN0OGJydjd0Zk53TDZRYm5fT1RIZ1VwdTNJbjhfWmVIRXVrUV8xYjZPeFFFd0p5VzVhNTJTcWpkQWYtOG5qaVF4dzBxQS1Da0N1MlowUFdPMElUSjg4T1ZoUjZoZVN2cWdSdmZzc3FNNDZiZzRmaC02emdZdDhXQlZCR1V4cVRzMVJPR1MtdDVJci1EZGhqTWZXT1hvYkJUZGQySnNYcEx1b3ZOSTNhMDBNV3ZIUnBJ?oc=5","CGTN","China","1782103562000"
"Report: Former Shin Bet chief Ronen Bar and wife whisked out of UAE after alerted to Iranian threat","https://news.google.com/rss/articles/CBMi3AFBVV95cUxNMEp2QVkzQjAta0hfTGduR0tPVmktMXhwZ3hlZGpmMEtPam1OMVZ5SjlBVjdxMXBIU2NsMUdSZXVPZkN3WFdMem1IdzhkMU1Fc2xDRW5wMmVDTkl4VkdlMnVaMnRtOW9wbjVWdDBiRFdIUDFhNGxLaDV5cXpEeUJXdmk0NElvTmxOT3I5RUFqOFZaRnJkT1hpQzNyVzZKbGZJZ083eFoxWUZQc2hiQy1tZ29qQU1HMmN3YzU1UnRZYzE0bzJZa2g1WFo1cVJMUjBpT1VJTVI3ZXNsbVRI?oc=5","The Times of Israel","Israel","1782107553000"
"Europe Today: Starmer set to step down as US-Iran talks and Moldova summit unfold","https://news.google.com/rss/articles/CBMixAFBVV95cUxORlJ3YzJzT1hUVmxMRHhUUVdKbWpHMnQtcFUyY0hZTjNiakFBS1VUR053czBnQkttNjI0YUs4U2sweEd0RHRPVEFRZ0VsZm9tOXlWSTFwQVNNaEVBRmFXMEljY2lIY05xTFlBeVFkb2dqNXR3WHFGS3ZxWWJEdlFGTHJ6YklBMzNTSDZ6Y1VTT0twdVJ4bktHLVJPTHNGbEVaQ041VDBnMXk0b2JCUmRyNUNicGZZaFNEc09CZUtGci10elY3?oc=5","Euronews","Europe","1782108141000"
"Philippines Slashes 2026 Growth Outlook on Iran War, Graft Mess","https://news.google.com/rss/articles/CBMiswFBVV95cUxPMU5yQXlLYmNjcDJDN1A4bDIyQ0NRVUwwY3BsdUZtdkdmX1JxendrNElfU2xFaUlaZzg3NGRNWVNFU05jMWdrTGNrMVh0eVVJNlZWc2wxc19YUTRhaTJVN0Vsb3NsR0JlSHNYbW9jWFdXZWFNN1NrMWRNbE1WTlZfLUFJdzQ5TzFFQUpCSFUtRl9xdzNRYTllOXJlYW0wOGM2NGtzbWs0WnA5QWU0aTdYUmN3RQ?oc=5","Bloomberg","Global","1782106920000"
"Starmer Nears Exit, Iran Truce Takes Shape, More","https://news.google.com/rss/articles/CBMimgFBVV95cUxQSWdOdUtKMTZHanFYX1k0TkM3UnpfQTFfR1o3ZFRhVUstWS0tRnMtYzVNYzc1dTNZUWRPSUNwMGVmS1M5R3huQzJ0TF9tZDB6ay1zYmJtNjRoV1BHU2taRklEdk11Q0o5R2tYa3R4dW55bWliWWNZRF93X0FfQldSYy1NREdybTR6NTlFQm5jS1IxLTRremoxUWlR?oc=5","Bloomberg","Global","1782106155000"
"Iran hails ‘progress’ as first day of talks with US conclude after shaky start","https://news.google.com/rss/articles/CBMinwFBVV95cUxQajlvaXFWNHhOd3JrNnYxTVFzRTFGNmUxbDFIYWszNW1GM0hOaEtTdFdwV2h1YXA0UXFyaHR5UHM2Mml5Vk1FbnR5RnhfdktnYmlyV2lGZDBqLU1qeHhzS2FiSzNBRTdhcVZKQzRmRUh3RFkzaHNjUnd3T1R2U3JhZ3pJQ25rcWItNFNJbzh3VmtoU1pjbE5SMDlpa1VyT00?oc=5","The Guardian","UK","1782106140000"
"Asian shares are mixed and US futures fall as Iran talks make progress","https://news.google.com/rss/articles/CBMikAFBVV95cUxNMU1tTUswNm83a0Z6dnF3NmcwTmZkNFJ5NHVVQW9WQUZoQUVlX1NSXzRpMzl4ZG9DSE9tRVBWY3lxT1JMUWJfanZpUUhVd2xEa2k1T1dESjdlWlZNLW1SUFNCUE5kM21fQlBkQVYzbHhoS1dxZXlJbmR3Qm5qVzJkYzVxajBuNllpOER5RjhDa20?oc=5","The Independent","UK","1782105840000"
"Starmer On The Brink, US-Iran Talks 'Progress', More","https://news.google.com/rss/articles/CBMinAFBVV95cUxQSmxWSFFHQUVvYUhIRDItOS1xbjhoRVctdG1JUW0zZ05qSzZlVzNYaS1xd2dKdWhLOV9KZk5zUERVVnkyYng1ZFkySjFXdWhzREJKR2dERHktc1dnTjJpcVN0RFBFY0pEanRwdUdyc3FUcFg1WVloblBZMF9DSXBCamtTRmhWbUI2S1JTbE9kNG9qeVdnSmJQRWFUZlQ?oc=5","Bloomberg","Global","1782109722000"
"Oil prices slip as progress in US-Iran talks eases supply concerns","https://news.google.com/rss/articles/CBMisAFBVV95cUxOMDI2YnFJSjBYWDNpUU03X2NLel9PMUdPQ2ZWaS05emRSbGtNcDdCblR2andfUGc1RzRjWG5uekF3MkVaeGdvQWp5YWJJWU40UjhvYjlQV3JOVTZsVndIVjB0QnBqYm5XUFF6bU5VMXNWVTlDaFRjRVdGLURiODEwdnFIeElJV25Yc0I3S3hFN2N0WVhOcDltc29iMkFTd05HSGRhUXdTUS16ZjFCVWt2Vg?oc=5","Euronews","Europe","1782108904000"
"Iranian Crude Oil Flows Via Hormuz Surge as More Ships Transit","https://news.google.com/rss/articles/CBMiswFBVV95cUxPemNsZVlaOTBXU3l2eVI4OW5NMmpaRHlPdTVyaVFNYzYtazhwSGdIV2NlemJUSGUzd3dsYWpxRTF2eVdTTGRqVk9DMjJnWFFpb3p4eEw1RnkxS3JNR2FYQm8zVlo0c1RweVZEQV9mYTVJMWFZVnNCWFZtY2ZLZGpVQ3Z1RXhhRG01aVRITEY5bWxoVVNScGs2OFB0VzdVOWVSUmZ5UDlTdmZQQkt5YmZlMVZrOA?oc=5","Bloomberg","Global","1782108540000"
"Iran war triggers global race to build oil reserves","https://news.google.com/rss/articles/CBMiuAFBVV95cUxQZ2VKQXhDQ0hnaDQtUUhLb21EZUhxSUVsQnBwUXBQMUMxYzRNWHM3ZkZmUDJubXFQZDBzY3JzTU1fdmtxNTBEN3RzazFRa2FHTWtfNnk1R3F1eVFmWkFyVG1sX3VPejFSNWZoU3NYZUJQZFlTWHZVZlhfd2FLcEJwUXpjVWhXYWJYOEgxZTROMFZQTDhMT3hfaTVyTGZGSHlnRXBkT1hQc0pvR2w4ZC1FdXRfQ1pYak54?oc=5","Reuters","Global","1782108360000"
"Video. Starmer set to step down as US-Iran talks and Moldova summit unfold","https://news.google.com/rss/articles/CBMivwFBVV95cUxQZjA3Y0pxUGtxYi1UeVBmLUk4azV6NFE2bjFVY3gteC1DYmpvUWxING55cHFMelY3THRoaGFYQWIwSnZqemh2d1NuWUxOOTVLSW9iV0RxbDNPc194QWtEUVFLZzhYaU1VQzF1ZXRIOGdTWnY2M1ZNbnhiZHNrSjZTYzdkMnlORkozYlZoSFFWeC1yT3NBamMzZEU0RlpPa0Z1MG84WVpONWZaa1Q0bHkyUWJMOVdTaG9VejZHbHQ1dw?oc=5","Euronews","Europe","1782108141000"
"US and Iran conclude high-level talks in Switzerland, mediators say","https://news.google.com/rss/articles/CBMipgFBVV95cUxPc3dhUlhmVFMzd1ZraTY4cU9oY3o4VUU1SlU0eHlDaUJOY3FYTXdhT2RWSURDNG1MclE3TUFRamd0cDJpa3hqTnRZam5ndXk0ZXp2cVVudWczUDR4VHpMU3BhSmNKeTA5MHlzTWxCRVZkeWxvYzJERzVsMERCRXVCaGYyamdldzhvSDBEUjd6TFlCZlNVOVk1VWJJaGRQN3ozOU02WWxR?oc=5","The Express Tribune","Pakistan","1782109191000"
"Former Shin Bet chief Ronen Bar evacuated from UAE after Iranian threat","https://news.google.com/rss/articles/CBMiXEFVX3lxTE5FczhTRVctVWhNbExjLU5GOTNlZXdnckhlWm5odW1KbjNaOVJPS0JJYjNDRXRtZ2ZyRjlnVkI3bWJIMVdGQ2VUeGUzd18wYV9UVUVoNDlGemtmUmI4?oc=5","The Jerusalem Post","Israel","1782108307000"
"Key points from the first round of Iran-US talks","https://news.google.com/rss/articles/CBMiqAFBVV95cUxQVGU4R0Z4MDB3MXFsekFiQXdjMHF4QUFUNm50clJINkphb1lCREk4UGFoM2ZvTFdjSlFRVDF5eExZeGFPOEJSbkMwYjd2cDlTWllDT3ZPaUVvM3E5ZkZNRTEzWUpiNjJUOUp5RmR6T3JtaHFBRzgzTjdQQ3JCOV9BT3ZuRFFRX1FYSnBhc2lQZFRCdmhfT0Fib3E3X0tXMGxULWtMc1hxSUPSAa4BQVVfeXFMTkZMdnlPTGFwV3daYTFZdlFFdldLUENhNzlHVW5BbHJvZnY3NE9yNU13eTVNV0czLUwxVENseWdCLW8yd09ab19FOUhQZURlWURscGpseVJfNmtXOUI1THhaMlJBTFctdUJKc29oTk5ONFU3Q0J2ZkJiNDFYX2VDeG1vdENpWHE3UlpURV9vdUNpTFVXTzRWZHE5dXRTSFJuZmh1RWd5emtYZGMxakN3?oc=5","Al Arabiya","Arab","1782107760000"
"Brent falls after US-Iran talks conclude in Switzerland","https://news.google.com/rss/articles/CBMiU0FVX3lxTFBTMnhraWYtQkV6SERXcVdvd0RldUU1c3J6Nmgxd0xzbDBfVU9JWkJOeTQ3Sk1KeHl1RXlGeEhEZ3BFSlBETGFWLUtXUTdYeEhKcWJn?oc=5","Arab News","Arab","1782106449000"
"‘Progress,’ say mediators, after Iran-US talks towards ending war","https://news.google.com/rss/articles/CBMiuwFBVV95cUxNdjZZR081REt2aWxaZW5QMng4MzBJd1NZWmxuVzNDZUZJZWp3TlV5ZHV1WFdySEZBTTFtcEVMSFRETHpqQ1JrY2UwOUFaR2UyUDlLaTFmdWlqRG82UjMwS21zZmtQaEVhaXRLbTBCZ3M0Z2cwUTNZTXVkQ1pZalE5OFpVSXVOUVZBUHRwajRiTUFCbV9zVjJIRXY3cWJQMndBV1lSSzZIREoyb2s0eHAwU0R2c1lTZzktMUUw0gHAAUFVX3lxTFA1ajZ0VGxKQjI3OFRlV2FpcW10ZVBvUTUyWmdIdUM3VXpYR29uVlVhdTlyeDNXWjlaRFRlWkhRUjV2RHczMU0tdS1NUTVMSlgzTklNQzJFcXlRVnRNVXJ2QVJ5a1lGSVlGb3F3dzNvVG9HdUZWRFRDV0g5RUlnbi1XUExndmpyRnJTMmd0SDB0SzRfU1hxSUV3S3NMYzQyaEtoNC14SlJybFpzcmZyRUlBM1FRd1k3SmEydE05MU1qVA?oc=5","Al Arabiya","Arab","1782106440000"
"Key Points From the First Round of Iran-US Talks","https://news.google.com/rss/articles/CBMihwFBVV95cUxQNFhmZlNVdkFVcjA3bU52a2QxMjVvX1hhb3lkWkpvTTdtMUt6OVlBMTBia1Y2UWI4LUNQQ2NjMzlGN05tZmU4SEd1T29qQ1hyYzJ5dkVTVVVfVVhzS2drWE9pQVNVaDJ2ZHRsMy1KcDd2c1BPellxMGxrTmVyc2xtUllwdzJkcDQ?oc=5","Asharq Al-Awsat","Arab","1782111374000"
"US–Iran talks and MoU explained: What happened and what’s next","https://news.google.com/rss/articles/CBMiswFBVV95cUxOY1J1a25qT2lreXF3TG03aExkS1gxZE5QbDNWTzJVRG1qVW9kWjA1Z1NpME8xcGxmdHFVVlFVRlotVVZoS0c1c0xfRWJoaWxkODZSTklSZHNfcHVtOF9kdllVVHU3a1VISGVEdG9Rb3JvS0xDcVlmRzR5c0ZxUG90anh0SW1LUWVpbHJ0YWcwYl8zZ2JrZGtfZHhiVTVFOWRDTTYwUmt1dThqWHFmM2N6YVJDRQ?oc=5","The National","Arab","1782111366000"
"Gold Rebounds from One-Week Low as Iran Cites Progress in Peace Talks","https://news.google.com/rss/articles/CBMipAFBVV95cUxOSmViSDRqemJwX3RJbjVmcEFqS2paeDBMQm1vTVg3UzBucWdia2RzMTJOa0RGcUZkY1g3Z1JaeUl1bW8tYXNTc05TMjRhQ3FUQldFOVM4TVdpMTBCN3ZhNkwweUJ5eFBmWk5DT3Z0VlJkS2IxZWFjNEVYNmRpaTZra1R3d3ZmenpNaGZyOUtEOTVYb1VkU19Fc1FWY2t3VnhULVhObw?oc=5","Asharq Al-Awsat","Arab","1782111173000"
"Iran, US agree on roadmap to final deal within 60 days","https://news.google.com/rss/articles/CBMilAFBVV95cUxOYW5nSFFPSTFIUDh2RDhfekMxRjBVRzE2RFJ5clNCeDNsajRGZXJ2dnNrTmZPVE9Dcm5pUWFOMjc5QjV5cFhQdU9fckxLQkY1NWhjeFFVXzNhajdleTVmR0kwSDVQUnRnaWtyTHFrVkRwMWs2cF9IbWhRQVVXZkJyeW9MSkNYRFhvLVZUTElpeXpzdThv?oc=5","The Express Tribune","Pakistan","1782110840000"
"1st session of U.S.-Iran talks conducted in positive, constructive atmosphere -- Qatar-Pakistan joint statement","https://news.google.com/rss/articles/CBMifEFVX3lxTFBOS1ZvckgwM3ZsSFF4MkMxMzZsaUo1ZFloejBmSGRoTE0xMTdNbEFxWXBuWkdGYTBaWHd3Ynl5S0dSMllJV1RiaHVIWnJzOEJpaUpMOFRyX21ibmhaUWhDSzQwVFVUV3hmUmNiRDN3anVkd1kwY3k1b252LUE?oc=5","Xinhua","China","1782110732000"
"Reformist politician backs Iran’s negotiating team","https://news.google.com/rss/articles/CBMiiwFBVV95cUxQN0F3eXhZZVNnZU1JNkQ5ZUhZS1MxcWhtVWZSRC1qaG02bUM0a3U1dTZfTXB3dWZqYjlIV190cU1fWXFzVDlDOS1EQzFrV21QaUthcE9QQ0VjODQ5UHl4bXpnUVRETWhVbVNXS25GNzdXUm1FWXktRkhlU2RLQUQxUmRESmEtczYtX1Rz?oc=5","Dawn","Pakistan","1782110445000"
"Iranian MFA Spokesman from Switzerland: Following the conclusion of talks by chief negotiators, a new joint monitoring mechanism with international mediators was established to ensure a sustainable and permanent halt to the war in Lebanon.","https://news.google.com/rss/articles/CBMibkFVX3lxTE5PM1RHa2lSRXNpN2FpWDhZRTJGVFZoMW42MlBQUHktanhJOG9kUjBGUUZzN1UtMDhVd2puX3AyR2V4N2FjT2k3WHRkamNwdzZoSFJJM0EyMFYtcTlIQS1tNUYyQkRuTndEYlNNaGxn?oc=5","CGTN","China","1782109333000"
"An samu ci-gaba a tattaunawar Amurka da Iran - Pakistan","https://news.google.com/rss/articles/CBMijwFBVV95cUxQeTZzQ2d1MFB3WHNvSEQyczJzdWNrLWtoNk5kVFhFRHVOQ2FUWGVvakRBNjRHRFB3MVYtRjVycjMtZDNIYkpOS0tBNXlZRWRncDk1eEdJVmJ6eHJncHU3WDlZVWFkMHF5aFUyUUZCdGJUVkxYb3BYZ2tVRHNSMmRlNUUxWFJiMlRUQ3JUN2d5Z9IBjwFBVV95cUxQZmViemdjMm1reVc5WmJrM2s1dGZ2dGl1VHc1QTduM0FMOU5XUGpzU2pNOTdFMDExekFjOV9reXE2Zi1YOUhDQ1BwRVhybFZBWEFPbTBNeTZaYmV1enRERnBVMDR3MXRuT0U3bmZXOThLTExaZ3ludUg0Ul83UDVjM1F5U2hWRFlra21UdFhiQQ?oc=5","DW","Europe","1782111309000"
"Iranian Crude Prices Slashed as More Shipments Exit Hormuz","https://news.google.com/rss/articles/CBMirgFBVV95cUxPQ2s0eFE2SldhMU11M0hTMnhXcmNZNVJyS2dSY1d0ZzJ3cmExTk9PTFhJNThnLUZNUmlibExta0ItZHEwa2xyZjZEbzEzbnhSLW1jRGViQ2tEMjdPRGVjelRqWnZhWWR0Q29DSGc3ODQtWFlZNF9XLW5FUFl0c25Kd3JvV3lfV0pxLUdUNmJfOXRKdVdsLTFXUERzQTJHd2xXd3VxcVFlZlczOVhfMGc?oc=5","Bloomberg","Global","1782109680000"
"European Gas Edges Higher After Rocky Start to Iran Peace Talks","https://news.google.com/rss/articles/CBMitAFBVV95cUxQdUtFRXpLV1o5cG56dXRjb2xWaGNPdDlRaVFkc1ptNlFYcjhtYjZDb2dWeVJVRU1xcG5hV2tnUjFNbUdud09UZHRqQTJMZ0M4MkEyMU53LVQzRkJZdjVsX2F5aGZmNDNNbmR1UlVfLWEyTjl5SzV2YVVVeE9MclUxYzVuUWY4c3gweFVDYVg5YmIybWhpemJrMi1sTFZDejBUYm5nbW9wZDYtQ2FycG9JVVhtM2E?oc=5","Bloomberg","Global","1782112492000"
"Airline ticket prices may stay high as carriers bank fuel relief from Iran deal","https://news.google.com/rss/articles/CBMixAFBVV95cUxQZVB4ZG5yUDVOYUpKajhiSmwyOWRRUi0yQkw3SHM0Sm83Vk0tWV9QRUV6U1BjU3ZubVFwZ3BkTWMyZXVEejlVenpfZ0ZnUlBSdTYtNUFSd1p2QzZfUHJRa3FLMXR0VFF0NS1CV0duMk1VMll1QUY3TkJkU1RYb0FDNlduUE0ybmpGSkVRSG5kN0xmdDdYT1p5ZEsyUkl0dm1sWEg4ZXgyZ21KWFRmZU1IRjhJWkZ2aGlCWWJ1U2hPNldwaGt3?oc=5","Reuters","Global","1782112149000"
"Middle East crisis live: US talks with Iran set to continue despite Iranian walkout","https://news.google.com/rss/articles/CBMi1AFBVV95cUxQQkp4bGUyVlJmZlN6OG1qb3ctYlpyYWxtTDZEOUVkOVVfVDE2cGFrejVOZGNoemNVX2l1RzZVQVB2QlBhVEpiS3ZLZlBwNFpPeW9RZGZ3Q3M3X25SQTl3THF3dldrRzE2S3ZRNG11TW5Oa2Nldi1XcWk2TkRrSzNTWFVFemp3Q2tqcjJhaVNTRWZBOG8xdlNhNUxsY3gtdUNDcFB4QzBsdkJMY3RhMTUxazVpTllNY29uTXU4NWw3WlZpYktSZUs5bjY1dFZ5ejZNZTM0Rg?oc=5","The Guardian","UK","1782113345000"
"Iran’s regime survived the war. Can it make peace with its own people?","https://news.google.com/rss/articles/CBMingFBVV95cUxQcEN3Um1FdmNTd3VzQjlzUTFHNUhVdWVUZmpzRE92bmc1aFY4YjJURUw2Y3JFRGg2bXpRMVUwTURNb1dlREVlMGR6d2hTSW9QdmNONmZiNUNEZkxaU29vREhrNndsODAxMG03RDRJUERxVktxakkwZ1pLcmVRb0M0bVV3SW5PVWJZb2NXcjVfXzBSQTJweGcycDhhTUdfdw?oc=5","The Guardian","UK","1782112800000"
"Gold Falls As Traders Weigh U.S.-Iran Progress, Hawkish Fed Signals","https://news.google.com/rss/articles/CBMiuAFBVV95cUxQLVNmTGtwU01Oa1ZSLTMwYndiMkJtZFNPdVc5Q1pSZjlxdzRrZHA1Z3ZINE1PR0ZWVm5QZ3lVNTh0QkpiUkZaTDJhVFNGcTdPZjkwbk1aZ0pmWkdmUEwwM2Jsc2x4NWNqVHVGQ1pBQjh5eU5oWDZEMEJzd084NzM5ckhNeGtFT05CWHV5Q0pMaFZGdUJVSzhrckNjN1pDMGlhZjRSRVJpRWJ0VlAxU3BZbkJUZ3VLb1VR?oc=5","The Wall Street Journal","US","1782111660000"
"US-Iran peace talks advance, Lebanon remains sticking point and Qatar gas plant explosion","https://news.google.com/rss/articles/CBMi9AFBVV95cUxPR1ZjSUdkcGhyY0wza3loQ2I1UDNQSkpTZzVLaVkyelJFb2xOVjlwY2dIbGZMVUYtTU8wM19WSDNVSGtkZ1JyY0JkNGoxWWF2bVlJUHdTSi1JOTkyOXlTUXBNWGVDZDNoa2toVXdXUnhCeGJjTlVXcDBNUENMcDdydGxXOEJSWng0WUIzeGRFTjdHU2VzT2xnb2dURFhLZFJ0Sm5uR3Nzcnhud2M1VC1sUjNBREdWVm1RenJMUm1nenFDTzZDWTQ4MzlHUHl6UHgySWtmU2RBS3o3OTZjV1R1U21DWDduYkpBS0RNZ292SUNpOEtT?oc=5","The National","Arab","1782112571000"
"Iran FM Araghchi says ‘major progress’ in US talks","https://news.google.com/rss/articles/CBMiqgFBVV95cUxNaHduRzVaUW1xWndDWXJlWHBZM2JyekY2ejlMRllFeHR4TFZlRHZYWkJnemVULTQ1X2VubEp0TjhoSklWZUR0d1pPenoybXNjenpRLXRyVlk5Vl9IelROUzZfdEF5SEJZYmd3dmZsRWRmQ0FPLUw4QlZDbGlJU1A1eXpHMTRMREJ6S0xFQlVrTjZFYlpzbmlMV0dQOV9DaXhPTUw5TWJiRFZFQdIBrwFBVV95cUxPS3Mtby1icXVYTDh6dGdHRXRRb1ZkQVBvQi02bkIzdDc5Ymc4MGY1YVJYS09UbndleTZHTHNpSEVTajlGV2J5VFBGT09wMDlRSEdjMnV6bU1TWjZZeWYxbmoyalNXMWRVUGxKbHhXMTRjWmFMYllSZGk1Zy0wNnloQzB3UmtQR0tCMDQxNE5nZVJlT2c4ZlVvVVJzTW0wQ1RGYUVWN3ZpeV9JMFBUM2NR?oc=5","Al Arabiya","Arab","1782111360000"
"Iranian delegation leaves for Tehran after 18 hours of ‘intensive talks’ with US","https://news.google.com/rss/articles/CBMiwgFBVV95cUxPZmZqMXVBamJmS3lsZ0ViaE5nbDBNTE56V0xTM0lubzQ2UVJoTURKX2FlZ2pNSTRTQVBvaS1LVGtuMWFoNm9rdE8xZHFyaENVZUphRmdvMFhWWk9QNFVUcWRLNThtTnJRQzJvV1hJbGdWTzBLSTEwQW93d1F1aDZGRDdLcE14THA2SXRoZ0daLWVrSzVya0NKSFhESjdDVE1LMF9MSk43REtid0E3ZUV1MTJENUx3T09nck1OZF91ZlZ2QQ?oc=5","The Times of Israel","Israel","1782114755000"
"Manus on Markets: Iran talks hopeful but Hormuz uncertain","https://news.google.com/rss/articles/CBMiuAFBVV95cUxPcnl2dDVmd3MwcU5uS0pVTEZvTHdvMTBDeGVMc0JyU2cyQnJyVWhMV0d3SjN4YXZaWTVuMFJBbUxaTXpGNDB2QVl4MUM0TXRGR2NUWVExTTZvMFZ4MzNYZVR0dmcycUl2VmZSek5VTHRpOU1qbVZqWFZlc2o1VmZnaHBsa25IWm9qckE0RnhyQl9mMHZfZ0FSbGFWbVBqZkx2di1XOGlNRHJOZlBiMjlQeEpERHFjcGVD?oc=5","The National","Arab","1782114729000"
"Crude Prices Drop, Most Stocks Rise on 'Positive' US-Iran Talks","https://news.google.com/rss/articles/CBMiowFBVV95cUxQUTZRVjE5dHR2Y1dmYUhLR21YbDU0T2xvcG5nN1hrWlBKaENBc2NiLWpXdnZlaEFsandyZ0ExV3dxT0E3cmxYMUVjZXVJd2tfb19tdVc1dkl1LWMwWlNkOUJTeWhWeFFMcFIxZzFkdU5SRGlEWjluSE1mM3Y2SU13OGpVclpZNFNDLUdQMjd5N3VicmNVQ1RiWmNFQlpVM2dhQW0w?oc=5","Asharq Al-Awsat","Arab","1782114721000"
"China hopes Iran, U.S. maintain momentum of talks: spokesperson","https://news.google.com/rss/articles/CBMifEFVX3lxTFBXaWpJLUlRRmNob3NUNU4tWW9xbUVXV3Qxdl9YQUFoWVNteW5jNVdBMF9SV2FHXzdFUWtQTmlfYmRMQ1RVNDAxZkJ2UC1xQ2F1ZXI1VTQ1MXhIeEdWUU1YQWNaTU5kazZMN2VKQnVkdGxfUFBqTjJ1d1Z1cHk?oc=5","Xinhua","China","1782114615000"
"European shares muted as investors weigh US-Iran talks","https://news.google.com/rss/articles/CBMikgFBVV95cUxQMnZPMTRod2lOTzVNaFhEMkZmVFg5Z0piNmY1RXVvaU4wbm1nT3JKazlmUmU1U3NYZkdFc3AyX0RqMW1UUEJoVHdqZTBJTkNZczB2T2V4YUFNSi10N3FEYTdIRl80YjViYUs3VFRacjhmZXZ1TkNOYXZPLVJncHRzSktYNmI3Y25JcHhkdGV3cWlXUQ?oc=5","Dawn","Pakistan","1782113715000"
"World Cup roundup: Spain cruises, Iran frustrates Belgium","https://news.google.com/rss/articles/CBMifEFVX3lxTE9MWXI3dTEtWnozTHg4RnYzTW0zblh2Qy1ZOHFpSWJzeXVfSmNRTmthRVBjeVEwRG9QVTJHVExWSTZjOXJfdTdrV0pkdW41Z1hmNnJtMmtOa3gwUkgyUlFzUmhuSzZGZTlabC1DazFtV0xNNVdjcFVLXy1sc3U?oc=5","Xinhua","China","1782113235000"
"Iranian FM: The Iranian delegation left the negotiation venue in Switzerland for Tehran","https://news.google.com/rss/articles/CBMibkFVX3lxTE5VZjY2d3BSRFIxZTd1Z3lhNnpMVUlaSTI4eVMyRWxHcXZTUlJaTmE1cGtTTEhLbmktcG5IRTZnb1hCa1ZnMVNRQW9ZVEtmcU5mdXMyWWZIclZYUTZkc1c1OGhlUjgyMjZETG01WUtR?oc=5","CGTN","China","1782112666000"
"Iranian lawmaker says Strait of Hormuz part of Iran’s ‘sovereign waters’","https://news.google.com/rss/articles/CBMipgFBVV95cUxNT2RLV1RqcmQwVFJDRURYVVBNZF9rZEwyU1FtR2oxYl9XMHVyMDR1YmNHU014TldTZlBTNWxaS2JrZzNXX21zd1J3LVZBVkd3RVVYTzBkaGx3VXU0cmpBZXBvQ0Q4UG95Wkx1cmlNY09TeXJaNTdaZF9RU2dlbUU1bUQyRUhIMzFkLUJKeFF4TWhqX2pmdFh4RlRBVU52dFhDYWhBTW5B?oc=5","Dawn","Pakistan","1782112445000"
"Starmer Resignation Watch, Iran Says 'Progress' in Talks, More","https://news.google.com/rss/articles/CBMiqgFBVV95cUxOVkc4WnJGUy1vVTRJMTBtS3V5QjJJWGNsRU1DNUQteHlkN2JhOTlLNXM5NUhkbVp6VWktMnplcmNNVGVTRVRsNHN4Wk53c3U0cndXU2hVMDVhdTdXNlpicGgwVGxvXzNxTmxrckxuUUNZRHpHelJqeUFoc3ZyU2ViOWN6Y0RfM2xCcVpOSk9acUQ5bXJ1dDA2TUlpMGZNSW5vVGItamplLU5fZw?oc=5","Bloomberg","Global","1782113584000"
"European shares muted as investors weigh U.S.-Iran talks","https://news.google.com/rss/articles/CBMipAFBVV95cUxNNDFvY2xfY0xGSDhHVGV3VHdkSmdoeWtyVkdqenNCR2dvbWtBVFhqZlkxcEMwbzRIbFdNMnZqTFd5YnNjN0dyT20zdWpEek5SMTdHMlBEaGdaX2ZoeVFNQi1wcTNHWkFTMjBZcWZtQXJ4SEZ0MDlXcjA2cGxNTWNIRFV4TzdYRVZGVlV3QUpzNkVLcm9ENGI2SG93NWp6MmF5SlZQNA?oc=5","Reuters","Global","1782113342000"
"Iran Cites ‘Major Progress’ After All-Night Discussions With US","https://news.google.com/rss/articles/CBMisgFBVV95cUxOWDNSemVFd0FqSlltOTQyUTlDbGZFcGRMZG9mSFJac3ZsTXRUdnhWVy0zT2NNdVFVSVFiQ3c4WS1zRE1UVEJrYTN2Rlh3NjN1dDN2VFNfelg4dEF4QzFBU2ZrWmlKaVFNZmQ2bno0N3N3T1RWdlh3VXFxZUdMbFQ4a3RLN2dSWlROUy14eUpWYXYtZGtIQ0xCeEl0NUpxX24zWEpnbUVtaWVVUl81SVFwZjdB?oc=5","Bloomberg","Global","1782113242000"
"South African rand steady as markets weigh progress in US-Iran talks","https://news.google.com/rss/articles/CBMisAFBVV95cUxONmJyS0VpNEVfcmJZSFV4c05yMVVTdW9QUFFSNmdmZWJYRXlfYlRoMmFESW9QbzhjcklOdTAwQmJsenp1X3VkakwyeXJxY0M3dFZyeTdWVlFFdmpQcVg5RWo2V3BEOWRKZVRSWGFQZ0c2S0I1dEJkdjFIQkVMLXFwTUtPQnc1eXZmNHdGZXBRQ1RpenFjMjRpYnpTSjlpUVF6Q2ZsWW1yc0lHMThXWFJEUg?oc=5","Reuters","Global","1782112905000"
"Trump sends new threat to Iran if country attempts to close Strait of Hormuz","https://news.google.com/rss/articles/CBMingFBVV95cUxQc0pkS3N2RGs0UUVQbTRzOVNyTURyOERISjBuOVBJbEpPZWhwSTdnZUF3SXZHVEE5UzQwMkM3bElrcW1mdTc5R2NfRjVtTl9DWHlENnh4M2hLMl9HV1lJYXZXM2Vxc2JkNk96N0U5djk1MWVoZkZIZXpaWjFWY2RiLW1fQktXeEN5VkRlUlRQMU5sTXBIQzZYVDJBckVudw?oc=5","The Independent","UK","1782113760000"
"Video: First Round of U.S.-Iran Talks End, Mediators Say","https://news.google.com/rss/articles/CBMitAFBVV95cUxQcGtUUnJ1aG1GQ2Ricl9fdUx1MWEyeV9BdmhhdDNpbUJqME85aWMxUjJYRkVxTUtrTV9vcW0ybXBfRC1yUk42Y0tZRDJqNTJvR0lsNHBFbWtTb2xwcGRzZHljQkw3MTZQV25La2dueXJoLTdSQjZZZ0gyLXZmempvRTE1S3lxeHdHb1NnbXBTR3hrNERvdWQ3UTREaFlXUXk0SkJTOGVBWm9PY3RYZkd2RGlvNXY?oc=5","The New York Times","US","1782116536000"
"Qatar PM appears to snub JD Vance at US-Iran peace talks","https://news.google.com/rss/articles/CBMinwFBVV95cUxPbF9aeUdRSzRmSGlDaTlBanVmMHRwMGxaeXFNbTc2cXFiLUg4bVBydWl2MkxaSVVPUG9hREhwV014WVV6UnVaLTA4bDRLY2w5V3NmOEl0NXp6cENmTm9sSzBMNEU3SWJRQ3NpYXE1YmY2QU1kVkx1TnpCN3lMTjZXb1BhVUpMcGFLRVpHTmYwQVdNR0hHZlk4TUM1M1ZwSU0?oc=5","The Independent","UK","1782115620000"
"Iran delegation leaves for Tehran after 18 hours of talks: State media","https://news.google.com/rss/articles/CBMixgFBVV95cUxPUmlKXzVnVEN0Z2RJc2FKVGxSeUZkams0VG44N1RrUG1RWWlSaGxJeXJmT2VTM0R0N293Z1ZPTkRMQ2dWS1hNZW02aUhNVk1uN29ZYW9nd2dXMWVwb0I3NnYyMUtmaW85eUMzYmRnbHFYVktkUmpsTDRiM09JcWNUSTFkcjZ0dVllOUVJRkRtTlBvU1F3djVuQmo2aV94ZG1uajB6Vk8tVUh2UDFMSHVaaVFLTVNBal8yLUFBdEhWV2VDSzhaM0HSAcsBQVVfeXFMTVVHNU01bEFycGxiVmRyOE9GZU8xc1l1OXZxYVBXNmE2MEZaZDROOUxRek95Tnd1alZKWm5aT29HM2JsaVVWeDRUbGdGSUVOVzFfeDFvUmpaUGtoNHpLbWZmVG5wQ1NSdmFXRGk0YkZOOW5BQ1lNeE9PeUNlcDNrclRRRW5tVkpPOUFWZEt6Y0MzaGxxMXdROGpBamppcGdVcldjOC16cnNGTXNwSG1rUHdRck1pMGNqSVUzcnh3cnBzNkxlcVdKY090M3M?oc=5","Al Arabiya","Arab","1782116160000"
"US, Iran agree on ‘roadmap’ towards final deal in Switzerland talks","https://news.google.com/rss/articles/CBMiqAFBVV95cUxNdVJBb2EzVElRSUpOSWxpa3MzcUFpNzdQc3JRWHpUdDY4THVGX2ZsQUdsak9TNEhfZU13V2RFYjlaMGMxMmJCNmJ5Y3VUajRBX2xIVTJPM0c5WFhZWVVVQ3hyU2RSelpfODNpaXlrcGRPQnVCQkRuMlBfRWo5THg0ejAtcFp3T08xNThrNExBbDdYUzB6Yzh4RjNlaGVCWkJMTnVRdmRXdjfSAa4BQVVfeXFMUC1pRmlpWXNIbVpRdkdvNW9nb21xcW1OWE9KMmJaSW5Vd2FRUGZ0TWdwenNiX3dOeXZDN29ZRkpGQkFzckN1WG5xd1Y3ajl4MTE2Q1R0WjQ4NjVUcHhuVmp3NWhMYlhQU3FPQ3d3MnQ3UGFBc0pyd2dYNkUzSU1zbWhDU0tSWGFjNU9tRlF2ZDN3d0ZjRS1PZnhLdkg0R09KU3Jac01iWWIyVkF6RWJn?oc=5","Al Jazeera","Arab","1782115425000"
"The High Cost of Hormuz: $37 Billion Shock Exposes Iraq’s Economic Vulnerability","https://news.google.com/rss/articles/CBMiwAFBVV95cUxNS0pDd0NUUXkyNlU2TkY1V1JnSi0wOTQ5dkNIQmJvY1BqaVJiT2E4M0ZuVXpsWWFMYVFCWWNzSGh5SUdQWlFtMk84Nkh4dTRNU0RZZzFjbEFFMXhBakZvaDdCM1dKdkxRUndRQTUwZFdwOVVJMWRUa1BvRlR1czZVVy1mNkpqSUZFaFhLVHpzcHlOVG5USGlzODd1UjlWXzZaaG95WTVfZjZVc21YbFNxN04zZXptN3NfLVB3NDZWMEY?oc=5","Asharq Al-Awsat","Arab","1782115422000"
"Live Updates: Latest from Israel, Iran, and Middle East","https://news.google.com/rss/articles/CBMif0FVX3lxTE50TXFGZGo3X1dsV3lfMnlTOW9ibk5zdFhUbTNMcmZZMmNLbnIxNUowckl5YVh1VHlPajlsNnNQR19WZlNKVFhfZVBlX25BSVEwS3FFRVhxa0RPM2NkWlBLR2FGcUQtMWFZMDV6dFNINDJmQk5XUEgwUDBQaDA0bEk?oc=5","The Jerusalem Post","Israel","1782115205000"
"Iran says negotiators pressured US to pledge halt in Israeli attacks on Lebanon","https://news.google.com/rss/articles/CBMilwFBVV95cUxOMlZsdk95Zjc2aGVVNmRMVlU2LUpvOGYwQjJuMlZXVjh3M25YNm11bEZSTUJGU3E1U29TUmw0NTNrWDN0M3dLdWxlcWdpdzIwaHZ2NFdtRHBXLTIwM2d5TmNpelJudktfdzhIVjZzTmpoZDZWREFoLTM1WTBobDZoTkZtV0NJTm9sa1ZqMi1jYXU2X2x5enZ3?oc=5","Press TV","Iran","1782118740000"
"Iran to hold six-day funeral for martyred Leader across country and in Iraq","https://news.google.com/rss/articles/CBMisAFBVV95cUxNN2JyakdYMERMQ2F6VU1NY1pURTJZZ3lZazl6dk1yWVZLU3YwYzk5d0tUbWRma1lyaXdpWlFQWXNQR1ZVa3VFT1dhLXUyZHFzakNJcnVZRm9SLUktdm5MWU1tS3ZvQlBWanJYOGgteTNTczR5MkhyaWQzdkxvZXVNc0VLUk9LcFl0bXhHdmRXTVFzaTc4UlJmS2xBSVM2M3FNTTl4dzlvLXE0eXFwbVg5eg?oc=5","Press TV","Iran","1782117720000"
"World Cup roundup: Spain cruises, Iran frustrates Belgium","https://news.google.com/rss/articles/CBMifEFVX3lxTE9zdHM1TWRxR0lJQzhrNi04VXdqQktYZWg2cWFsWGpFTXNLZWMtaDlVLWpRckFoZTdYeXdFQ0paNDZUNGEyMktRX05UZFZobEhUV3ltNW9uUmFpbUtUMm9HS2k3M3o0YXRNQ0thWkNhTkVrVDV2MnRDTnF5SGU?oc=5","Xinhua","China","1782117255000"
"PHOTOS: Convoys leaving Burgenstock Resort after US-Iran technical talks","https://news.google.com/rss/articles/CBMiqAFBVV95cUxNQ2Zwclp0SnJUYVJMRU81Y0RXZEQ4bHBKM0RqTUFNZW5fbmxiNkxQdi1nZjBZZjJTcTBHQW1LT0N1OUdrNlZsMnh6eUg1a3NhUzdPY0dpRWloeE5Wb3dxSFd2dFFVX0xRTWFxYWxrUTBjejBCS1dLbHdMM1pMQzZsSHZrMVdRMGtkWnNzVmhyT1ktdnp6RG80ZFlVc2U5MGFVSnpEN3hKbnI?oc=5","Dawn","Pakistan","1782116561000"
"After Iran-US talks, Swiss eye ‘immediate resumption’ of technical discussions","https://news.google.com/rss/articles/CBMizAFBVV95cUxPRmlrRmxiUzJ1eFlrUXVpMFZleFFTdHdRbDdYRUFPbEVuRXdVM1VLU0ZGRnptdnJ1U1hWcnduUkJiUHB4a3pYRXk1aUo4UDJVU0lmUGRsejdUSDN5OW5sb3J4Z3JyOEdKVEhhTmpjZVhnMnNCTS1PQXh5a3lRcklwc1BwZ0lLWGFYbGVvSnZRMXAyTVlnTzExdGVua2wxSWlIbklTOHFCc2lMLWxERFF3bktBRW5fNnFsX2Zzdzk2X1FudXdkUTVhd1RkbGjSAdIBQVVfeXFMUDNhSk4ybUREZDVHRWdEdVIzWlN4a0F2THRSSjVqdVZUVHcxTzFDUGhob20teHVlblI2TXlSVTF2cG1NVHIwWDY2YXFtUGYzR0R0d2t3Sm9raldJMlBLX1ZEaGEweGdoeXhrQ3I2eWRZaEFNLU4yQXhsb3hyLVJCY2JveWxzWWVoVi0tZEQ4SG1zOFdaalBsZ1NWNjlzb2djV2puXzdrcUNMOHdiOUVRc08yU3F1MU0tcjFXeVBxRUZNMy04VlY0NDBCS1Z3SFNPeDRR?oc=5","Al Arabiya","Arab","1782116520000"
"First Round of U.S.-Iran Talks Concludes, Mediators Say","https://news.google.com/rss/articles/CBMidkFVX3lxTE02WVYybE5jRkpsTHA2RDFPOFMwSW9ReDMyNl9MUmhjVmdrMFROdVl0ZVJfOFVnVm5lSGpONU9Eay1sYlJ2a09zQXNHTm1JaHJuR0pXcGFYNzd6RGlIYnBZM21vQTZyNVN6dVZIOFZPTDVRLXRyQVE?oc=5","The New York Times","US","1782118620000"
"Trump accuses newspaper of ‘treason’ after it questioned what the Iran war had actually achieved","https://news.google.com/rss/articles/CBMirgFBVV95cUxNcHJicWNnZUs1UVRJQkJ3dzBGU2ZRLTdVYk9aT1hJNmRUV1EzcEZRWkRSaXQxeHdUX29BdVQ0aTlRZVF0ZFdub2M3X01XbVktb0dXVUpaZlkwYmRUeXZpMzE4M0ZITmdBcHVwQ1Q0Tl80alZwV2hIY28yMWo0WjJ2TTdCblcwVVVwQ1RXNGJveGJoUjBoX1pGVlQzSDBtZ1R1Y1ZlYzY3YmphUDdpc2c?oc=5","The Independent","UK","1782118440000"
"Wall St futures muted as investors monitor US-Iran negotiations","https://news.google.com/rss/articles/CBMiqAFBVV95cUxNTDQxcFBhNUJhWlNpLXhmbHBEcUMxSG00alpWU2t3bGpwWU82RUFLZmVFWklDZWpJSjg0a2dYdm14bkoxN3BYanhxUTMyZGprZ25rVlpCXzNQV3NaQmlUcVMydlp5eEdUQ1FMWU92ckNXWjhzTWt5R3NvNTV0UmFtbkhjTExKRm1hWlNPWThBemtwMExrWm9jcFFac2VHZVpmMmFYRGx1dWc?oc=5","Reuters","Global","1782119983000"
"Talks between Iran and US concluded successfully, Pakistan PM says","https://news.google.com/rss/articles/CBMitwFBVV95cUxNeUd1TkUtQ2RTNmZWcDNhUkRKNzdzeE40NVhQRVIwSElGdHRwc2JyXzV6cTE4Wkw3WmxTWDQ2emFyQkxqZDNkdTlOdDUwN1ZYZmpmTFdtZDFqYkpBS0xQQjNySkxMalJlZ0VsUFFYbERCQUkxMl9hM1ByUVB5VXpVWFo2Si0wQzFyUUZELUlRSndYOFJDR0h4NnZMVmpFTDU2cnhwTmdOUks4UmtPNWs5ZGJZcno0eU0?oc=5","Reuters","Global","1782119795000"
"Keir Starmer Resigns, US-Iran Talks 'Progress', More","https://news.google.com/rss/articles/CBMinAFBVV95cUxOQUJzcE1lYTVWZEY4UVhKUklPRFU2Qkw1bHRDYW5Dc1FON1NfRHA4Q01kYnQ2b0hRTHZqdng0cGhkMGhhd3JoS3ZBXzdEbjZhVFF0SDlGSDNwM3NrS2oweklHNjBPTDRyRlYxaFNiMms0TGk1ZHhwZ3hBS0QyR2w5SDdQT2M3VlgxU29tSFhQYXdNNUhudXdxazhXSG8?oc=5","Bloomberg","Global","1782119135000"
"Trump’s Iran deal is a fantasy as long as Tehran’s terror network exists","https://news.google.com/rss/articles/CBMilgFBVV95cUxOU2pqOU81b3AzeUF3R0E0d1RzU3BaRF84WkM2NU9DM2dzSFpXYnkwcE10T2wzLVFMR1MwQmhoaW96T3I4d1U1Qkh5cnF5NE1CNmVscU05TVBwT2V1ZC1WY1NEelFZVTlGUnNuZHZNbVFkYlVESm9JTzBBZktTeG9wTHhPMU5VbG8yVTJVR1BRNGY4RFpJWHfSAZsBQVVfeXFMTi1wMUZiaXRaTFM5TjM1X2s0LWVVZkxadFZaRy1oXzRSOUY4WWtFOUQ0cVNfQWdfLTZBc09FSHZYci1IZnRzdWdOOUwzaFBQQy1Lb0ZDcFdKblJTY3VVMFZSVUdCcmIxYTNqYzFQY2YxRkxLS1cyTEE5aF9kQ1N3Nll0NGhZQjBCRV9yblo3NkcwRC04WE9Vd1B0eTQ?oc=5","Fox News","US","1782118802000"
"Flash: Burgenstock talks make encouraging progress, roadmap agreed for final U.S.-Iran deal within 60 days: Pakistani PM","https://news.google.com/rss/articles/CBMifEFVX3lxTE5XUGt3dW42ZVU3cnVqSmdvNzJRSWlfWjZmQlVlNFlmX3pGRmVBUkpkZzFqbnBCTDRycUZ5cGg5SWxBVFFBTlg5M0g3TTctaUxOOGFBTkwtaFd0YTN3cWIzd1hjaUZRbGdYN0M1VHM4T0dYT25CamI4Mzg1X2Q?oc=5","Xinhua","China","1782119715000"
"Iran says it held ‘brief discussion’ with US on nuclear program in Switzerland","https://news.google.com/rss/articles/CBMivwFBVV95cUxNQlpoMDQtSTFzUXNxNXZaWnBqYUJPTXdZZzV2c3BmWmY3Uy1LSmg1S2FlQllvaUphOFFFb0lTXzc3T2R1OUt5b3hDenBNcWdZNXIxU1BlYmt6a3RfWTFfWTZ2MlhaOTFxTHFpd1VmSGI5NElnTmUyLUN1RXRQcUlvbU1mNzV0eEJOQlUzU1ozM3pJSGJWUUFiYmdWMkl1dkp6eU1VcVVLSXNVSC1FcmNsS1o3eE84M2I4bzY4RmxfYw?oc=5","The Times of Israel","Israel","1782117769000"
"Report: Former Shin Bet chief Ronen Bar was whisked out of UAE after Iranian threat","https://news.google.com/rss/articles/CBMiswFBVV95cUxNNzdnMzBueUhDWWtPQkZnTUpLVXRLVzlmTE5HVXRyMlBSZy0wQldIWHJ1em9fN2Z3bC03LTJndjN3NXpzYkFGNUVLbFFEcUpwQ3BBTmVOTTc0ZmlHSHotUWR6S1ZaV3VyeEx4S25faVBlZVlJOUctSmFySWtRdk5YS2NfVTJDVzJHN1RLbWRuS0k0OHlfeHNqWFpaSklRalJFT2kzbFRDWXliUWw2alBJU2J3UdIBuAFBVV95cUxNX2JSUkc1SWdTNWwxQXJPa2dyT0tSZ0Y4akNWMlNFTVZTRVZvRHNua1RqeHZGWkpfcGF4YS0wSXp1aE1aQ0llMkdRbW1WaW9iR3FodWJnY1ZydmI2WS1STFdkOTlEZzFnWkRRaDJOc0pUdmt2WXNuR2k0SjV4anNyT0NEUGxTRDhoLTk4ZjlQLV9sMVJuVklqcGJfdG9TSURuSjFjbGtfWFdhM3lCUFVEeEdCRjMwOUxw?oc=5","The Times of Israel","Israel","1782117755000"
"Iran says held 'brief discussion' with US on nuclear issue","https://news.google.com/rss/articles/CBMilAFBVV95cUxOTTJyUmtwd09zNVhiQUlOckFHZHowZENTQzB4azBzTUNaQjJFWnQtQnY0OXp1Z1IyUDFKMDFkVnA1VG0xTWRxM2stbGZYLUxvMkhJeGJVUXZGTHViOFA4UFBEc3RiNk1JNGRFekZCTzRGY1Q1SUlPTDdsdDdfeHIyb24wYldSelNoYVZPa3pwNWhTLWhJ?oc=5","Dawn","Pakistan","1782117340000"
"1st LD Writethru: U.S., Iran talks in Switzerland make progress toward final deal: Pakistani PM","https://news.google.com/rss/articles/CBMifEFVX3lxTFBST2ZZcHp0cUttdGJWcmxvOUEtZXFvdmJPOTRuYk5UWlpQTktjY0VxOVpUcmNiaVdnMjEtUS1Zb0FpVGZyMVF1ZGNfNFB2V0p4cUV1NVhWdkxocGhIMHh6ekVxSzFwaGZjLWQ2bEV6TlJjMDhSQWZJNkE2MVM?oc=5","Xinhua","China","1782121425000"
"Architecture of endurance: Understanding Iran's defense doctrine beyond Western spin","https://news.google.com/rss/articles/CBMixAFBVV95cUxOdE9MWUNmY0NKUk9jRTlheTMtSDlQWHB2VklCQ3JGUllsUFdrWW5lcTRlSVRUVjNyMDBNMWlHS2FHUnFBRmRrNFNrOWhqRFlORlhPOHBNZzRGb1NGSnVxeVZ0V1VFRS1fTGltLXVoQjM3MklpNWh1M3hLXy1zRll5V0lTN3RHZXgtWGk3Q1p0cVhIQlNaY2FCdmpKdmJtbWlzRzE1ZWlUQjVXR0djWE1sVm1VSThHMU9XR3BMVG5xYUJCUFda?oc=5","Press TV","Iran","1782121260000"
"Iran, US to start technical talks in Switzerland on implementing memorandum, says ISNA","https://news.google.com/rss/articles/CBMi2gFBVV95cUxNbnRmTmJqYmRWaG9sWkM0UDluRjg0YXFEWjhVTXh0TjlPS2dGdGFPNHBEanJLUHhST3pPMVp3V3RnVXJDcDdjTzIzdjZfNzdUMzFUVE96SzA5SkFicm1HdXNDWWZwRHBUbDZOdXBuWk11TnRka2VuS3NwMzBIWWg2eENzVmlXbGk2TlR0QU5SZEIyTWJoYU5WbE9Dc1lia2w3UXgxRTR2eXFNbG9MbHp4TmpGNFkybjFkNU9ybHU5QVpkQjh0ZHVrMlJwWjBKVl9pWl82b3hNZnVOZ9IB3wFBVV95cUxOLTN4MTVGY2tLVy1GRkxrOGJPTHExOTZybnZ1ejVIZ1BQOEdQNWhyQWNSNXB3NlpCWld2TERWLVZpbG1rS0tVdkl6V1h6NXFnS19kcFBpMy1pdGI2Z1J6Y29QdjNGVEZUT0FIZnRFalpNOXJwVEJvN2E5RFJqZmhzVEtDZHUyVHlSbHoxdHRZX3R0b2k5NlUwT2JTY3JoWEdnR090ZjVxZWlIa3JFZTZFcVNqN2Z2ODVjRXVkanBkQ3F0VWxrTl9Tb1FsUTZWNjNOTDZEYUZHbzZ2bjhwdy1j?oc=5","Al Arabiya","Arab","1782120420000"
"Iranian President Pezeshkian expected to arrive in Pakistan on Tuesday","https://news.google.com/rss/articles/CBMipwFBVV95cUxPREhjcFJtMzE0OWg2MVBtX0FPUnFERnRKLWNkaTEtQlo4WmpvWWp2VERBTEU1V2JPWGFnc2g5c3dvXzhzWE1xeDE3WGRsZmQtY3pBWXhhclVxQTVfMVBzaGw4aHFRVktUZGpsZnRPTWpma25XUFFKbnN2MlFRekRoRnZ4aV9reUlvWGdrQVdJaU9ZUlcxdFVTUTNycUdoRnBNQUNjUl9LYw?oc=5","Dawn","Pakistan","1782120382000"
"World Cup 2026: Iran leave message asking for peace after Belgium draw","https://news.google.com/rss/articles/CBMiZ0FVX3lxTE1aLWpFc3MxVmJWYVlPQ1FydVRzbWN2ek1VcUlEM0RXUDRtSnlsYWZGSm9UX2V0d2ZhMFBfZVlqUVBwc0lkSi1ZZHdzRFFuSWlFZFlpVVBfTEpLTDFyNGRpN01maEItUG8?oc=5","BBC","Global","1782122049000"
"Mediators hail 'progress' in US-Iran talks after lengthy opening session","https://news.google.com/rss/articles/CBMiuAFBVV95cUxNeXZYSEhaTnhQdVhGNWtHcTVqWU1oYUt5OXE4V2ZHTmlzSXdTc3Z2UkZMNUVncnZlTjd6N0RmV1V3VmFHUklIVnp3cHFpbkhFeXlWbVMyY0ZIWkFsVUczTG8wd3dxQ2FIZ2ZMTFVldk1uUzZEX2ozM1lKOWlrMm9STGNpaHZicTNDUjJKaHU2aXVncU1Qam5Qdkp0cVJGU1YzaGlzY0lDN2N3ckNHZVlCOElENVVXVXJz?oc=5","France 24","Europe","1782120920000"
"US-Iran's first round of talks concludes despite Trump threatening strikes","https://news.google.com/rss/articles/CBMipAFBVV95cUxQZExqbHg0SGpzQzRiUUJrVTgyMXFnQkR3dWEyU1JhTGVUbm5zOHlPa21xTHo3b0tGUFl0NndlZHZfNGRPNmxMSTd3SlNwSnNGTktnQVBZQVlldllDY04zS0w5aXlZczhGY1p5eXVKc0NURU55Z1lxZWhXdzVFdTRLSVVfam85RWRFT255N19tTGVGYVBGSm82bUl0TWZ1SnpNOXJmVw?oc=5","France 24","Europe","1782120742000"
"US-Iran talks 'off to strained, asymetric start' as Tehran hails success","https://news.google.com/rss/articles/CBMingFBVV95cUxNYjliSHU4VXYwdUxuTXdNMlZLdXF1Yi1SdmJVeDZYZGtreUhiN3BtRmItc2J4VGY5WDQxcDF2VlZDMUQ2Z0xQQTRGSlcwNlpqR29BOFNSRGtjYlQtSkNQYVd2RGlscmpMTFpBREJTWmlIMXBXYmJzeGhVNF9WblRxUmo2M0dPeG5ZRWVvU2xrbUhCRnAteFlib0RFbTFMdw?oc=5","France 24","Europe","1782119556000"
"The Key Players in the U.S.-Iran Talks, and the Deadly Rise of Giant Trucks and S.U.V.s","https://news.google.com/rss/articles/CBMi3AFBVV95cUxPaTRvc3RBVHlvTFVJU0ozNENnTEE1NEpwNjVfM2R4RHJZOHpsNWlTenJVWkhUN3dHaElqaEJJZnhHYk55XzF0VmQ0aEtwbXZqdDFJQ1lMRTRQVzUwbGQ0R2dOSlZvbktzem9nWEJ3emhoX2J3azd1T0JmMWplRHlkUHR6OS0yQmtLbGp4NXVyM3N5Qk1nOHJ2RnNDX3JVSDNvQV83OVBzT2FjYWsxV0VSZ18yNmF4aWRvS2NWVjNRcHJVdmRtRjE4Q1hXdGcyNnNuMjRRX0FkWUdKbnpt?oc=5","The New York Times","US","1782122409000"
"US and Iran wrap second day of talks after rough start","https://news.google.com/rss/articles/CBMinAFBVV95cUxPbnItNTZQRFVoN1ZCazZGR0s4UklVcDlDbkxQZFpJRW9Eanp3WVJlSTNBSloxYks4Uml4VDREMk14RGJhcXp2Qll3dTBjTWFSbGhBZk1MLWZ4RTF2RkJkcllMVEpocFFaVDVmWWwwMUVpeUxYSlB1eGN6NHZXWnNVemFub2dWX0JnNE1qYk5Bbnh1VkNmLTJXdnlSV1Y?oc=5","New York Post","US","1782121320000"
"Number of ships passing through Strait of Hormuz plummets again after Iran closes waterway","https://news.google.com/rss/articles/CBMiowFBVV95cUxOeE1qeVRwdEVyN25FYktUaEMxcE9JQUtGdzdFWHFIS01iTHI4aW9VQjhaRk1HT2NUY0xnVldpN2ZWWDdzRUVGUEU2dThkb2RsU3JWalA0TVZ5VFlKclk2b0NIbTNnS0FPWlAtc2ZGWHgyeHJpN3drM1E3anJSaXl1QVprU2MzbmhkdnNMWlluX01FXzhINmt6dnIyVlRySEs0d1Y0?oc=5","The Independent","UK","1782121200000"
"Trump attacks New York Times again as Americans doubt his Iran victory claims","https://news.google.com/rss/articles/CBMirwFBVV95cUxPT242RzZJQWtfQnN1VDhXS1ByR19BMU5NNEhvUkRudnhHWmV5OHlOVFNfQTNMRzJqUUx5T1Q0bkstVzJtYWFZbG96dDE0STZ6SHUxUkJaMUtnNTQtSllZY0l6U29RTVUyVXRJYUVVeEJaWE53V1B1VzlOS3JCNlFXcjRDbUJTSkdrb29CbVJrUU5CRlFOMWZQWUl1ZFhpeHl0Q3JtcDlTa0c2SUdNZW5v?oc=5","The Independent","UK","1782120900000"
"The Nerviest Race at the World Cup: Iran’s Sprint to Leave U.S. Soil","https://news.google.com/rss/articles/CBMigwFBVV95cUxOTEx2N0Fzd252b3YzMlVDYy14UEJ6N2xXd2hsd1VnbDQ4U2pRUUtrQkpCTlYzOExDeFRva1lFT1E5RE03d3AzRVhsTDRqMTBGLWlTU2NRLWRoLXREekRlalJENG9BLWw4VU9FLWxVNzU3WEpIYXZiVUZSV1huUERmU1dIdw?oc=5","The Wall Street Journal","US","1782120600000"
"Trump talks about making Washington ‘beautiful’ more than the Iran war","https://news.google.com/rss/articles/CBMijgFBVV95cUxOOVJuSFNVaGpfV3k5eXUtSjZCbWtlQlFCTzQ5LTRWZndOUzBpbjNVc3FPT1JGNmJ0eFcyenhHWmd4ZzBZcDgzX0drYnRHY3NLaGZYQ050alBKS1EtOHE0NjlndFA0OF9pcm5va0FJZ0pTNW02QWZtclZDYkZyQW5OblZheDIyaGVRYkFubnRn?oc=5","The Telegraph","UK","1782120600000"
"Iran plays 10-man Belgium to 0-0 draw at its second game","https://news.google.com/rss/articles/CBMiqAFBVV95cUxQajdFOTktc3dIUmp1VGx1MURtSGN0d3AzVG5vaFpYdjRleU5zcW9KaW9ZaEM5RmJnVlBkeTlycEFxYVFHRV9RUThVYW11N2ozdGVURmdVMWlQV2l1eUZLdlhfQXAtN09VWG5TSURFclludkhnXzRGbGtUampyRkI2QnI2d0JrU1lzLWJqQTJSc2pkZ2tvUFo3R3BwWjZKT0lyZ2VZeS1VU3Q?oc=5","Press TV","Iran","1782123900000"
"Pakistan will continue to play 'honest, sincere role' in advancing dialogue, says PM in first remarks after US-Iran talks in Switzerland","https://news.google.com/rss/articles/CBMi-gFBVV95cUxPTGJEdm1BRWEwY1pfYkNzbE9QQ2FuZjV1ejJnM3lCaFBDYzhwNkp6T19OZUZNckNNSklEYWZIQzFtMnY3Q3Z3QS1mRmowaUw0VkVzRjRWd1ZaLUtVWDRkeDFadm9TMWxvTTRJR3J0SHdXelIteEg0ZmRrMG11OGduZXBuVVpoU01yaU5kc0pDVm94X284eWZJdzhoNmhpTlF0NUJ5VlhhYXMzV1otTF9YU1ZxN3JjMHM5WkVyaDlYbllQWU1XNVVqQXk2VG9mU1VUZ19oWTQwSVBwYzJna2thaTlmSEpTeVl5RHg2akZsVklZbUFiRHE0WUZR?oc=5","Dawn","Pakistan","1782122515000"
"Pakistan, Qatar say US-Iran talks produce roadmap toward final deal within 60 days","https://news.google.com/rss/articles/CBMiWkFVX3lxTE4tXzlpaWF3SFVnT25penBwU2FjYjY0NURiTTBSa3lUcUxza2FTeTJSVFN6VlFjR2czTW5DeW04aTBETFV0eEVESUREazlhd3NRc19FTjQ2SXk3QQ?oc=5","Arab News","Arab","1782120681000"
"‘We leave with dignity’: Iran players write heartfelt note in SoFi dressing room after World Cup draw with Belgium","https://news.google.com/rss/articles/CBMiqAFBVV95cUxOMktGbmJxejd5REJuSFlqMFNZc2FIR1JkV2NDZjBKbTFPU09JU1V6LXVUZ191S0N2NnpIUldRQzNDUFhGdlRZTkFuNW14QnFaTmFTcTNrSUliYzNRZWlxNE9naXdFWlNqOTBvNWpiZVpIVGVVb1c1TW1hV2FjSTF4MURZUUNEUEtqRDdKTmtDUFNTbHhBUVpONndUbFBMTE1HNEJKVV93Sjg?oc=5","The Independent","UK","1782123600000"
"Monday briefing: Iran talks; Keir Starmer resigns; Reflecting Pool; sleep disorders; dad jokes; and more","https://news.google.com/rss/articles/CBMiiAFBVV95cUxONTdqYkthSjZpVmxkUU1tWDc1d2txTDJtVGhLVjhISGJiTEFCSmRyYXBsMWpsMGpfMy1pU1RzaTVWbHRNdGFrTm5fR29UYmdIVzRhTC1nVkRIaG93WWxwWXMxVWI2VXA0MTNxMDdKMUEtc284VGhkZWVOSTE3aERIYnJJaWdRMXc0?oc=5","The Washington Post","US","1782123393000"
"First Round of U.S.-Iran Talks Ends With High Hopes and Big Challenges","https://news.google.com/rss/articles/CBMifEFVX3lxTE9kMEJzNDdUVWU0UTlMdk42Qi1ucXVzeUgtNFNSNXlIMXh6Vlg4NEJzc1lDZmFFeC0yNlRYUkhtUDVwQlliZEZONU9sVTB4NERQWVIxTTR2NnFqdGhZOFB6U2QzZ0V5N1I1enpOdVlWN1hVVVN1clRBb3RoR3A?oc=5","The New York Times","US","1782123352000"
"US and Iran aim for final peace deal within 60 days","https://news.google.com/rss/articles/CBMirAFBVV95cUxNcUpGNFBMd1ZyRFJyQ1FuYi1XOXRfaG1sVzBpcXU2VDE4ZkVGT1lGTUtZX1hKUzFsRUhybWgtdVhHR25YZjBKNzdDa0dzQnloRGE4bmYxQUw0SUEtaHcxclpWeVBwY1pWZXduVUtWVW5rNUUzanBMQ29UdldXa3RkNkVDem83Q1g2WnJneGg4WUZaOUV1dUY5WWxDVnhOWEtDZGthNUdSWmNjSzNH?oc=5","CGTN","China","1782125166000"
"Iran: Disarm Hezbollah Before Israel Leaves. Deal?","https://news.google.com/rss/articles/CBMihwFBVV95cUxNY2ZWM1BrWkdiQVBXSlp3ZG5qeWVnRDVhbGtEbGN5WDRQRjJCbXZyOUZMbXV0TjV5VDJZMGpGM0MzR0lfTk9vY2NmMEU0bHhTeG9DTTMtZFJhWl83SDZSY2IxUGI3WnE4bFc3ZWJrekdmR0NOb2xCdWNqcHlVYjViN29YOHpPX28?oc=5","The Times of Israel","Israel","1782125100000"
"Herzog denounces ‘derogatory’ critiques of Trump after Iran deal","https://news.google.com/rss/articles/CBMirAFBVV95cUxQM0xIUHVJODBKUHl4bnE5LTd0dkNweE9WZ2RWWDZRaHdNVGN5a25hRGNxcURuRzlhdjJ2Ym5QbXdYOGJZM056S2QtS0g5aHFUV2RXN3NmTG9GX0JDZUJfSU9jMUNGUjZKdS1RMHAtbVRpbXItZ2xfX0pqVl9ySDFMNldtTGhxS2o5YTN2eXVVcFMyTUdQQUhvb2VROGctQnBYbWtaZ3BrcGZpbkM4?oc=5","The Times of Israel","Israel","1782124955000"
"West Asia tourism hit by 14% drop amid US-Israeli wars in region: Iranian official","https://news.google.com/rss/articles/CBMi0wFBVV95cUxNYjZBOUtYMHh1Q2V4aE5QYjg5X3hfM3oxdHd6dnV5NVBESUFKdUpraXUwRnI4enBCcndWVXZ3MTJPVnhmVGtXRDRkU0l0ZUdBeXlpUFc2VElpOEp5dkhsLVdGSmVfVWNLeG5ITnM3YjRSa2xocWh2YVl2SURndHk2aENDbHJnV1Q1d2hBOV9kVVhONGJCa0JwWUtwMFdVVTZJN3FiUmZVUnZlUzFyYXJxY0Vjelo1N1hMUjB6bk1QYVllLXRoMnZpRGRGYXRBbTZDMWhr?oc=5","Press TV","Iran","1782124560000"
"Iran World Cup players leave note asking for peace in LA locker room after draw with Belgium","https://news.google.com/rss/articles/CBMi7gFBVV95cUxQQ1NjWDA1Zkh1YjZ6Tndhc2JVWFlGdTFEWllTWW5ITldib2YybGRfYXdtRTBWZWJyNFVPV0xtSkJPd1ZUN2kzS3NJSnVjWUxrQUpvSTJ2MTdwb3pjeW1GMzF6OW5Od2c3YTdSbmlxOHM4Q1Y4RmtnMlRMZ0RIV1NNSHNXUl84Wmczdkl5WmJFd3BEMnB6T2lVZUN0UVNTdFpKWURxbUpfdldsZnE3bWZwMzFYU25GbXl1SzNSenNmQ0FFRi1qOXQyRmVjZ3NkbnRRQTBIY1BuclF2N21lQVhuWUF4N1VGcFFJclRJX19B?oc=5","The National","Arab","1782124517000"
"World Cup 2026: Iran hold Belgium to stay unbeaten despite ‘worst conditions possible’","https://news.google.com/rss/articles/CBMi4gFBVV95cUxNMHpSak1KX2dPbW82VzNPOEhyeVc4UnpKR2VkZ3NIdnpnWkl1MG52VENSTjJqcHZ6QmRxMlZ3UzlEblcxNlBRQUdCQlZ6U0l6SERNQ0c4ZXIwanBVeTVPM21YUmk5REJKTHVpTkhHMnpVVlBSQnhGSWpySzFJTGVQSFhhLWFMU1Fmal9tZlpvY0ZUZGlia2NGMVFzcHFqdGd0Zmc4UDd3ekZHUldIRWI3bi1CU05EX09HQ09FRmo4N2ptb2pUQmhmNDJxZ1BiOTdEc3U0SDZNSGVkYlR1NXNNeXNB?oc=5","The National","Arab","1782124517000"
"Switzerland welcomes ""constructive progress"" in U.S.-Iran talks","https://news.google.com/rss/articles/CBMihgFBVV95cUxOV0hrUVNSWHFaRDljMU91MDNXODRWMUpHZWx5QlNmMnBKTTdSRTh2UUV4aXlOTXcwTFhxcTFBVng0T3ZDQ1BRMjIzOVFFNkZzSWF2LVNOT2g5bmJVdWRXMEFIbnBoMkc2X1p1enVuNFNxYzk4Y1pTcFRwVC1yY2piMjFNWDdFZw?oc=5","Xinhua","China","1782124485000"
"Iranian media: The second container ship after the blockade was lifted docked this morning at Shahid Rajaee Port, Hormozgan.","https://news.google.com/rss/articles/CBMibkFVX3lxTE15cERDdXRuZ0IwN1U2VUJhTkI3RnBfcktMbUZqQWZtWmhGWkN5ekJjazBvc01qN3B0VzRyekliY2RXU283T3VaTWd6T2Y0QXdwbWtZQVlldE1XYmZIU2JERWdaVVFsWm5EaWZmRDhR?oc=5","CGTN","China","1782123188000"
"Iran Cites ‘Major Progress’ After All-Night Talks With US","https://news.google.com/rss/articles/CBMirgFBVV95cUxQN2hNd2YxMmVDc1FndmNJWHVoOG02Q2FiTzlQcGNfdWJpWEdVY0xaSUVxWE0tcjlNaEN3TmRqNE5SOEt3TXFxcjc3RlFMdC1DZ1U4NFM5WHZ5bnh1VFd4aWxBR0lWdk5YY3FlM0szMFdIMnJBMVl5Y2huY2dyOWZsTlEzUXNXalk4dTRCTHVtMzd2bUI1NG9Id2JnYVFuVndxdXNlUGlVSmNDVnhuUGc?oc=5","Bloomberg","Global","1782125609000"
"Starmer quits, US-Iran roadmap, IRGC winners and Cape Verde stuns again","https://news.google.com/rss/articles/CBMirwFBVV95cUxPRXRUTmxLZUtTZ3NRLUpVS3gyUEdZeXpwdXZERUNXNnpLOFlwMm5PYmFESWw2WmxpaGlBaGVDMmMydktjWjYwT1F4MExkNHJ2SnlkM21uTmx3d3VXMnN4ZlVMUGhLWFdkazVRaFB0VFNBX0xKdmpjbGtKOUhXbUlJX1F6c3h3Y1JpNlk3OWhCQndnaG1TblVIMHdEbllWU1FZdlRfSVNoMWlTaFdIYzc4?oc=5","Reuters","Global","1782125440000"
"Pence says Iran agreement 'smacks of the kind of appeasement' Trump rejected in prior term","https://news.google.com/rss/articles/CBMirAFBVV95cUxPMG5nSDMtOFVXQnpOc0E3VThIVHNqVFJWOVI0MmxZczJYb3Y0b0pJZTlZYjJJN3FVQzBCY0VUOVhjZGxrODlEcDVpbEM3MG44WHhNT0ZPNkxLbDJxekhCc2dIWGFIemVEWEFBSmNEM3BOYkx0Y1VHckVBWE9iNDRCbFllS3Exem85TmFhU01pcE9OVHU0VXJwSGFPQ2lhbm9yOHJNNTNnWE9JNjBZ0gGyAUFVX3lxTFB6QVdKb0gyX0lGSlJTU1EzVTlGcFVsNWY1OHA4QWNVeXJzWTFvMnp1eTVmNE1oWGVzSTVUODM1bjFXVW9XdEp5bmkzTEJodVNnWWFBOXZwYzNxUUhwVnJZUERFWWNXNXZ5Q0dja3VTdk5Ic205SW1IV0Z1Wk5TUVNmRjY4bUlqZ1EwS2hCaXFtaWJQeHNCWkdEeEdQUk40X09QVnp2TjZFYldWTmpyaEl0R1E?oc=5","Fox News","US","1782125800000"
"World shares are mixed and US futures fall as Iran talks make progress","https://news.google.com/rss/articles/CBMiyAFBVV95cUxNNU1VQmFfSklrS2RMZ3VfTWFrdl90NWpIM2d5eEpCMm53aFBEVzlGTlFXZDhXOXB2ZFJOVUlzOXQ1SlQtVEhKVV9VbTA0WjFhVE1hVm1za3A5Y2tvWEZjbWJYQXItVzFUSUFpVzVWNUc2ektDbVExaTNlZWZ6RmRwY1RqMGlWWlB1UFcxVllOcUtyV1BqbDNmS2t6cV9GTnlENHpGamd3cFZmakRDS2tiQ2xVYlFqTlRpS0FjblctTFBqOHphY1N0cg?oc=5","The Washington Post","US","1782125456000"
"What is the progress on US-Iran talks?","https://news.google.com/rss/articles/CBMirAFBVV95cUxNNkNSZ0UyVDhwQzNkV3loRDZsYlNhN2tLUUk1aUVhVHNFOE9hYlhYNVZoOG5GODZCY0Z0Q29xVEphOTM1eWhNN0xOSjhiQmtsemstdmwweW9jUWlHT2JWNFRRcGFaUmlaUS0tN0xvTk9PcjlCZThNdXdHT09nLVE3YVZSbUlkS1V1TS1lSENMM25oTEkxcjd1LVpfdTd3QXJLOWk5RVZQREFOaXZs?oc=5","CNN","US","1782125160000"
"Oil prices fall as Iran claims ‘great progress’ in talks","https://news.google.com/rss/articles/CBMirAFBVV95cUxONC03dDF6a3NYeTRCcnpYUEJ3Wi1hbFNWZFJ6d3Y3OTI2aWlNUmxSMU1IeFFHRHdpSzZMQmZ0U19BcWJ6NXdaSFBBelpVVy1FakN4MzhlUWV2TGFYRURxdGZOeVpRYnhhd3lvN2tZSS1OaXdtU20wZ3MwRFF1S1JuRm1xS0h1NnZrcUlhUmpZVEFpX0NURGVHSHJzQmhnWDFuT2xwWE1qM3RCczl4?oc=5","The Independent","UK","1782124980000"
"5 things to know for June 22: World Cup, UK prime minister, Iran deal, tornado outbreak, reflecting pool","https://news.google.com/rss/articles/CBMizgFBVV95cUxPRG04RU1famROalBfdlRWUFNlM2tuYkVmcFVMUUNzUTR1bk5nNEtha2M1UTliQUUwSGNTMXp6SkFGaTNkTXF1LVhwR2l5NU45NWdFT1dGdWdCZXJKZzYzU3dKQ2ROWHltMm4tQjBaUjhFZExoX1V0am5nakVQaG84dktFNTZHSmtPb1VoQW5qNi1ZMjhQNjJUUFlPV0xSS0dZLTZOQmozQW84Q3VLNzB0cXl6b05ibWUxaV9pV1FwdmMwaVh3VWJiQ1p5NFJUUQ?oc=5","CNN","US","1782124819000"
"Trump’s Iran agreement embraces sanctions relief, a policy he and his team once denounced","https://news.google.com/rss/articles/CBMigwFBVV95cUxQSDViNldWckphY053UlJqVS03QlJyRUZBU0NVV0lfOGZMSkZzNWtZYUxrY2l2SmxNbE5ueE5WRXBfa2NpdVpoMWZlV21LekVRR2VoY1J2dG5JMTNmWXhmQzM3M20xN2FNMTYyS21sR2N6UzdOZm1naFRGelFxbENVYnpGQQ?oc=5","CNN","US","1782124225000"
"Oil Weakens as U.S., Iran Talks Continue - Minute Briefing - WSJ Podcasts","https://news.google.com/rss/articles/CBMiuwFBVV95cUxPMVZEeHVWM3F6TWhCaDlKUUs3LXlRR1JYWl9COFFidTc5ay1aaGp5MmJIN0NyU0RoMEJZUjFFb01US2ZKWExtTmJmNHVBNmN5dl84YUc3MHBRQ012Tjc3c3pqZ1FZbnpMVy12VzhJZ19nX1BDY3ptOWFPVG9pTFpXc2pVQXJqelBJMFdyclA1WmQxMWYxNWxZbzhjMm1NSFpzbWdIUXZ6SU5sNE5GaGI3RE5sRXVvNUR5NTh3?oc=5","The Wall Street Journal","US","1782123180000"
"Germany’s Strait of Hormuz mission hits delay at Bundestag","https://news.google.com/rss/articles/CBMicEFVX3lxTE11Vi1oNjhicnl0NG9QTUNXa0lkc3E0OTktMlNCdXZIenFiY1g0ZnFpYVBBNE5JNkJoZUhJMTJfcnV3a0ZzNnd5bEg2NFJoeEFUSV9LaTRUb0hIczdyUmFOZjc4SFVHM09HNTR3YjFRX0w?oc=5","Financial Times","Global","1782127727000"
"Replay: JD Vance addresses US-Iran talks","https://news.google.com/rss/articles/CBMidkFVX3lxTFB1ckV3bVh0YTMyVl9nWHJTR2h0TTJUdGNyS0d5bzQ2a25abXJ1MWg3WVB0VnF2d2JWWGszZk90NFpNOG9lNUNtRTI0UVJZNWdxVlJYcmlGRUVBVDZRQ280dmhud1NLLXNjVW15WVFzNUJNdXNjYVE?oc=5","France 24","Europe","1782127317000"
"US-Iran talks: Mediators hail 'roadmap' for final agreement","https://news.google.com/rss/articles/CBMipAFBVV95cUxOQmxGTFU4VmhFMjlBQWJ1NjZHWUM3S0dnWjRjOWhvbWJCM2JaWEQ1cUlRSC1uSGRGWmgwWWJyZmQ1UkZpUDZRS1o3VUVCdlRBSG1abjlhaHlEejExUUhPdjhLaDh5TmJrVGZHV0MyUUNLdUFKTENzaUxhVnpObUczcHNqS3prQlJWZ0lkN2VKRy12OGFqMU1lalhEMmRuUGNteHloMw?oc=5","DW","Europe","1782126763000"
"DEA permitted staggering amounts of fentanyl to hit streets, US and Iran wrap second day of talks","https://news.google.com/rss/articles/CBMiZkFVX3lxTE9kMEJOd1ZrWnJ1RWxZcnZQbWkzcko4dTBnNWF5TzJ1emJERDg2dGlSajBXSWlFalozZHFmMXg0VjRmbjdjd28wWjRkMVJTeGFuSDEzS2RDTzUyMTdLRmhsUXJ0OGhOQQ?oc=5","Associated Press","Global","1782126060000"
"Vance says talks in Switzerland laid ‘good foundation’ for final deal with Iran","https://news.google.com/rss/articles/CBMiwAFBVV95cUxQOUk3RnhONkcwSXJMUU1QQnRUeVlBbHZwY1VuUjFFb2ZydjRNVVlSbElxYjQ2cVFwbU10eHZKUVJSeDgzVVRhRVJmYlkzOW5EUi1JdGFxdlp4dGNWRDNnNndUOGxJSmNOMGd4cG1RdVZhMktDdndoa0JXVWFvM1c3QzZLYl95eHplb0NsUmxqWG42M1lmeW1tQmFlR2I2ZDJiV2hFT0FNRmgzR2x6cEc2LTM2aTVRNnNzeTR0dU1HVW0?oc=5","The Times of Israel","Israel","1782127655000"
"Urgent: Vance says Strait of Hormuz open","https://news.google.com/rss/articles/CBMifEFVX3lxTE40Y1dIUWh0NnlsSWtxcTlDSjdTZGdJRmlrZVdMNDVQdGJMWU43SEF1ZXVHQTBNLThIaVpkdF9aaGc2Nl9ObmxvOTFSMndHSUVTYjhKUUZLU0RLOWFncHVjbGk3RTFzaXBibkZoTHNPNTc5aTB4al9RNGdqSjA?oc=5","Xinhua","China","1782127245000"
"WATCH: Vice President Vance briefs press on Iran talks","https://news.google.com/rss/articles/CBMioAFBVV95cUxQNEFIYk85TVhLZF9hdDhOR2RNU0J3WmtDMFRIa2xFRVVCcE5UUkNEeVFBTEUyZ0VpdGJwcUNkMHEzT2dCVS0yTXFRZWh2Y05aa3Zpdi12dWxpdU1HWndKNDZOR3FNYksweEhvcHVwN0N0cXJCYWVjNS1xeFRGYTIxSl93S0dGTmpLb3djNk5Tci1pS0FMOGlXbDJ5aHVTR0hE?oc=5","The Times of Israel","Israel","1782126755000"
"Flash: Iranian president expected to visit Pakistan -- report","https://news.google.com/rss/articles/CBMifEFVX3lxTE1DNVhoeFJrNGZiMEs3RjZubmxTRDdVNFRVTEdXc0JKeXVPeXg5MTFGcDlDeHNoUmplQzBBZUV4RjNoZ1pmUWtBX3p0cmIwUzJCaUtQcVpSSWlLemMzTEFhVTRtMmRGRkVNYWhHUlJhR09OMTlvcXc3akpJblo?oc=5","Xinhua","China","1782126405000"
"Flash: U.S. Vice President JD Vance makes statement on U.S.-Iran talks at Swiss resort","https://news.google.com/rss/articles/CBMifEFVX3lxTE03NlFCZWFrNUdrcmgwRnc4a0tvTmZuTUkwSURJeUdIQl9hdlIzMzh4b0IxeXRhLXhEenN1WXViMk9sLWh6WFgyQWNMRHI3cDJGdmNKM3FXbkFBRy1EdHpsdjlYRVVKNVQ5Wjh4b0pmWmNEdEhsY3Ywb0ktcGk?oc=5","Xinhua","China","1782126330000"
"Iranian president expected in Pakistan Tuesday as US-Iran talks produce 60-day roadmap","https://news.google.com/rss/articles/CBMiWkFVX3lxTE9fNEdWS3VHUG5tNmh1RGFfeHZKbmd1QWlCdllnenRVLXFTeHhFWFBTYmtBTTFoT3JRTk0yU2s4Q1hfcWhDTEpRRGlDQ0ZwdG9FRW5aeFZXaUdXdw?oc=5","Arab News","Arab","1782124385000"
"Iran to allow UN nuclear inspectors back in, Vance says","https://news.google.com/rss/articles/CBMiaEFVX3lxTE5Fb2hOZWg3cGtDYmFpNUNfQWQzalpYbjZoaWU1R3YwbVhNNmlqX0JadjhpdHQwVHVnM3QxX2RGZ284MFU0YmZXZ1RDRnlhZTJBWHE5MlNCMXZXeDMxdGlKWmo3X2NwRWRQ?oc=5","Axios","US","1782127748000"
"Stock markets up and oil prices fall amid further US-Iran peace talks","https://news.google.com/rss/articles/CBMiowFBVV95cUxNNFJSRnFVTVp0QkxyYWxhcXJ4Z2FSOThkaW9jd19jRGZrdWRYaDgtbkZvMGU5UTZaQ2h1T1dtOFB1NkZtVDFMa3dfNXMtLUIzU050eDZRT2FpQnlDVEhFLXhSN2tVWng2T2xxLTF4c2dYajQ2cTJraVh2ZzVERzJFWWdMWGVUcGxaOVNvaVljQ3FsdDYxeHNtRk1NVFJndmdwRDYw?oc=5","The Independent","UK","1782127680000"
"Vance says Iran has agreed to let UN nuke inspectors back in after two days of Switzerland talks","https://news.google.com/rss/articles/CBMi1AFBVV95cUxNd0ItSjYzTTdsSEhPTTVfNHc5Z00xZWtRZWtDXzIySlJYZ252TGlhSXFLTUJMNU9QQjR1V1liSi1MSldWUWN1a3dJQWhLemF3MEtvNWhGNnREY2JBSnJ2c3FaNGpjZDMzSTY1X0NiT2F1Tm1BNEotSElaSUNKRGxlMnVOUEZFOFA5NUtlQWctR1NQb3hDOFVTZVRRaEd0VTR0WTF4UWRVSUJDbkJSY0NjaXZOYnFRNlNzVk1GcEJHSmJMU2xWOG5fNEZPRE1acHdWQ3JtcQ?oc=5","New York Post","US","1782127200000"
"Dave McCormick talks Iran peace talks progress, Strait of Hormuz control","https://news.google.com/rss/articles/CBMiVkFVX3lxTE00X0RiR2k1T2hmNjFmd2FGVU12ZzFhZGlUVlo2QjB1cnJwQWdxSXJkWHUwSUlrUXFoeVV1dElSZi1MQmdROWdUbmowdDh4bXEtQnFWVUR3?oc=5","Fox News","US","1782126941000"
"Iran players leave message in Los Angeles dressing room after anger over World Cup travel restrictions","https://news.google.com/rss/articles/CBMipAFBVV95cUxOYk1zQ3FEdWZzeWVzMmFIOTRUTnZXMVFtc0RVVUZsMnduekdDU2xTMkZmUGJtVTBxRXdVWE5NYWUzMlhTQXBpbFh5TEpndDJ3V3hDRFRGX25zd01kWlhNMnVRZEhabXpSdkNVVXpCbFpsNElCbnZUWE1BOWlrUVZXSjJqYkdKelVYZFRrV3pBLURsZC13OFdZN1Z5TVN4bC01MDhpcw?oc=5","The Independent","UK","1782126660000"
"WATCH LIVE: VP Vance speaks on US-Iran deal from Switzerland","https://news.google.com/rss/articles/CBMiVkFVX3lxTE9XZ0Q0ZnZ0OUxiMnBtQjA4NXBNU1VobXctNWd6ektvS2NxdUNoYS0wTVNLQ0dKWTBiT19PLW5GR0xuYnRNYjc4TUhYRDlyVFBqZ19rUm9n?oc=5","Fox News","US","1782126264000"
"Strait of Hormuz","https://news.google.com/rss/articles/CBMidEFVX3lxTE10ODN2R01MdWlLMjlKWGhZZi1KaFhqMGNuTk5oNFE3OF9ZdXd3emNpMi1jczhNQ2NIeXdlRXlIbVFESGJxT280X0ZoQkhGdFpxWkMycU54SW16V0xOX0tFa2NPVDVBUTRrRGs4S2FOaUU4Y2tR?oc=5","The Guardian","UK","1782124578000"
"Vance: US-Iran talks set up mechanisms for keeping Hormuz open, preserving ceasefire in Lebanon","https://news.google.com/rss/articles/CBMi1gFBVV95cUxPc05xQU1FdWR1SFc3MFJpSUxJYWpId3FZWG5qT28yQkVEY1QxclMzRFJWX09Cc2g1T2FXU0tCQXBWUzBhbDM3SGpqaGk2cWZYcFh4cXo4X05OeUpWdzE3dDhzSFY3TTdSOUJpZXBveHhqa0FCMmduZUxDVXpzcXQ0Nm1QQjNYekVkVjJqWDE5TU1ndFZtelJBajVuTWg3NVdkZUN1MWxuWlJXUTdpeUgybzhZakxrVkxQNTFsTUMteEZUaDFaSXZqeEltQ09EaDZVaTNvN3B3?oc=5","The Times of Israel","Israel","1782129189000"
"US VP says there were 'threats' but Iranian delegation did not walk out of talks","https://news.google.com/rss/articles/CBMisgFBVV95cUxNZEhub0VBYXJ5UktPLW12Rmc2NmNwLXZYTlZDS1RqLVAwX0VFTkRzWU1qalVRaUFaU3Z4eGwzcTBUajVoaklvRzI4SkYxSW04RGVWdU5VVk1NdW5JNE5fUURQb0R4bE8wSjE2dGQtbVVfZ2U2QzBhZEs3bVY2OWZIOHF1RmJWYjRDZXFVOUJBVkkycGplQzNhRzBVNlVpQW4tdzJqNmdYWnhiWmUtY19FS1dn?oc=5","Dawn","Pakistan","1782128261000"
"Good foundation for successful final deal' was made during US-Iran talks, says Vance","https://news.google.com/rss/articles/CBMiakFVX3lxTFB3ZEhvVE5hazJmSll5UFY2TWZyNTZLb3hqd281VlN4UHhqTkE1WHVvUm5DdXcwNkh0bXM0c1dpbkVFbmRFVHNFNV96QXJVZ1dvSWhUbWtURzJwRlJ0bFZ6T1hQbk9IMjFuR1E?oc=5","The Jerusalem Post","Israel","1782128183000"
"Iranian president to visit Pakistan on Tuesday: sources","https://news.google.com/rss/articles/CBMifEFVX3lxTFBwY0F2d2lpdVp2NW1rZHk1VHdETDlIcW5falJCam90N3dtaDBseDhfQ1AydFJEUzljUDVENTFvSzlHX1d3Qk9LT3VEb2ROYUtIZ0haTVNhbUpYaFdtR2IzZGdINnVNcWFqNkpDTzA3aWdyUXdSUjE1YTZBdmE?oc=5","Xinhua","China","1782127875000"
"Iran has agreed to invite IAEA inspectors back into country: Vance","https://news.google.com/rss/articles/CBMiwAFBVV95cUxNWG9DM3dIQS15SWVpbGFPLVB3VUUtb1NRYWJMbXpFdnF2eTVWNWZDV29rNW9fZjA1Q2hMeHEzd1pOY3RiREZUZlVIWEE4aUgydm9MNmU1WTNKOFdMR1pQaFBHMkl5S2JpSWhFbTI0SV92QmxMMF9NWU9VdUhodkRaOVFfYmRnMl83djFuRVdhVVNCRGxiZDNlODJwQUZieXQ0ajdNZC1RN1ROdy02R0ZxSDRlZnVtNjZtQWJTaUVncVLSAcYBQVVfeXFMTlUxc1VTRmdGX1lMUG9UWHphVFVGeVh5SktacVc4NkVJbEMwU1VITWhWUkxzQzBDVzZKem50a3BpU0F6bE5LdXlsM0hORmFhckg4VFQ0eDlJY0FBRnFYbmdPVGl2MUtxS1Zjam9RZHBibEdaNjFPaC1SWDZJc291SEpyQ3ZjZVdpcnRzWGFXNFBiYTJLaGdseFFlY3JJMDQ5NjlVY2lSUDFQSVI3bThnc3pRbnc1Z2RfNnBaMUtHU2kzb3RLQ0d3?oc=5","Al Arabiya","Arab","1782127620000"
"FM Dar welcomes ‘substantial progress’ in US-Iran negotiations","https://news.google.com/rss/articles/CBMingFBVV95cUxQT1c2MzItTlBydjJ5bWhxa2daU0djLTRyUW1VVHczVFZabThJWkdzS1ZVT3ViWXh3WElQdUxadFZVZGJ4RDI0LVI1UGJvcDR4N3o1dVVoOG9HZS15TDZkNVFxZkNtOWN3ZU9FSmExbDFFUThiQkxMT0dNRjZGbDZCTXBfOVVRWlk4YXRUUnNpdGJYYmg0RktRTG5TWE9wQQ?oc=5","The Express Tribune","Pakistan","1782127575000"
"Pakistani FM welcomes progress in U.S.-Iran talks, vows continued support for peace efforts","https://news.google.com/rss/articles/CBMijAFBVV95cUxQVFVrUEZWMENxZUZJYU50Y2t3Vm8wZ3lna21mZE5keF80aEk5TS0xUWsxdjY1OUpHRnlLMXRHeWZDQkZxam5VNFVPT3ExT2RjcmZ2SEpvdTM2elNodE5FMmZnWFNGcTFocVRLUmdab013Tmx5Y0ROQzNIT2VQU095ZlZPYTdUc2p0SjJjZg?oc=5","Xinhua","China","1782127006000"
"US, Iran made 'a lot of great progress' in talks on nuclear issue: JD Vance","https://news.google.com/rss/articles/CBMiqAFBVV95cUxPN0x6bWdXdmdMdDdxT1NxTXpSQzlKN0M5YTlJLThMLW8zZFlmdVFrU2VYZ0NUMXU1TzI4cTBPWWZoWDA4U0JkajdfRERpRGNFdVpORTkzazJuNmtOTS1zUmd6cjBUSUhBNkpPckxWd21DYmU5bW9OS3dPV0dNbTV4b0szWXZkekdpT1FpUkd4UW1XaHl2SHAyUzlOcWQ2Ny1BbkFadEJMTWo?oc=5","Dawn","Pakistan","1782126552000"
"Hundreds of ships wait outside Gulf for full opening of Hormuz Strait","https://news.google.com/rss/articles/CBMicEFVX3lxTE5VT1dVN3lWWk0ydm55Z205TnZzN0g3bUZSQ1NtclZIa1FVaGVZRWhsUzZDalFuRjVDckkzRmM0NUxSZUVrYXJqNFlCY1RWODZSc3M1R2hXSEd5ZHdjZkFUX09nRG9KWGhhNl96OGZoNWk?oc=5","Financial Times","Global","1782128514000"
"Even a partial deal with Iran will help the slow journey to trade normality","https://news.google.com/rss/articles/CBMicEFVX3lxTE94TWZSWHoxdW13Mk9KWE90UlB5VzlNYkx5eDkxd0U5bHkxRENNSjRCY2tONnRUdmpjSFlTdUJjVy1PVGR2ZlpnM2dZY1IyOWxTZ3pXNnl4aDdlYzNvdFpJc2RJbndDZGNXN01GRVZQNW4?oc=5","Financial Times","Global","1782127860000"
"Iranian tied to paramilitary tried to enter US posing as World Cup soccer team president: DHS","https://news.google.com/rss/articles/CBMizwFBVV95cUxQYU1nQ2dtcXE5bmNjcXlZajNmMlY1R3N3SGxfbk10TTFGNUtJWEdlV01IekZDaDlnYURNM3ZkZGpJdTB2anVGVFI1eFFfWWk4dkZlTDFhVDhGMFVmd1g2OEt2aEpTWndna00zN0s4Y2N5dG9PQUZmbWNKY3lIdUtGTmUzWUVyVlUybElvcUVnMVlfNnZYMVRsbEJhWlNLQmRUdUxyMFM4M0gyR29VdnBqVEs3OC1WTExZVkw1MVJRRHlCUWhKMWpka3hLWFk4WTg?oc=5","New York Post","US","1782129420000"
"Dave McCormick details 'pay for performance' sanctions relief for Iran","https://news.google.com/rss/articles/CBMiVkFVX3lxTE84UmZ1YVpUMEQ2S18xeklvMVZmVW55N3ZZc1lCa2lOdXc0TjhRZXJkNVRGZXA0eEtDOS1sU2F5dU1vd3lzZVFHcHN2TkxPOUlwS05DZnNB?oc=5","Fox News","US","1782129119000"
"First Thing: Iran says there is ‘progress’ in talks despite Trump’s coarse threats","https://news.google.com/rss/articles/CBMipwFBVV95cUxPMVFZVVliYnhDVWhHcGV2djJINTZUYlNYaDlLNUg2NWZxMVYyWFpaUGhlZTUxaHRiWnFOcFZXTDNUY2FBZm05LXotSlVZdFNnbjV2UWhWMG1yaEpjNEw4dVp3SVBHa0ZOQ2ZzRjNZUkMyeWFQbjNYcnN1SzBpdWF6djViWUdDZ2hiMzhJM0QxRFV0b1IyRWl2dnpSZnBWSUZ1andablVPWQ?oc=5","The Guardian","UK","1782128040000"
"PM Shehbaz says US–Iran talks yield 'encouraging progress' in Switzerland","https://news.google.com/rss/articles/CBMiqwFBVV95cUxPMzNFdzc0X20za1I4SUFSUTRoaHRkbkVZZ0xNOU82U0ZBcENwYUk4RDVlY2VRVnF5T2dWWFU1QXZoaHpmRGdkY0Y3bmRPamEtSGdDV1ZJWGxrLWFXNzNjX1Q5ZDhzVkVFMnNJajA2N1dmWTJXQ0thczg5X2VnMnRpS0JGSGtWU25lbFBudEN0R2hlX1lsT1FXcFBITjRyc202a1ZBbFhDMm02U1U?oc=5","The Express Tribune","Pakistan","1782130917000"
"Vance says US made 'very good progress' on Israel-Hezbollah 'deconfliction mechanism' during Iran talks","https://news.google.com/rss/articles/CBMi3gFBVV95cUxQenZJSHJ5MHU5dTBnaEFqZ3JwYmlUblp4c0VuOHgydmpYN0QzdFl3cXBtbEpYeENldkFUeGxKd05NRHZKZndvYmFXSmUxVmJOU0JOM2Zta1J5UDFHSzFHNXVFM09rQ0hHQ084S0ZObjZWZkZUenp2MWNob1RkcWJqdmJpLTJrUE5jSTFudzdUTTQ3blcyWl9EbnB1Y01mUE1seEtRN25ibUI3dkpvUTRmN1cwa2U3QmFUTldYSjZNNVpDd19OZWdERzNzNFIwdlFIU0NuR3d4NXl2OUNHVVE?oc=5","The Times of Israel","Israel","1782130655000"
"Wang Yi: Implementing US-Iran MoU helps bring peace back to Mideast","https://news.google.com/rss/articles/CBMiwAFBVV95cUxPV1YySFBIUG01ZnA3bkhJSllQSVh0OEt0OWs3ZE5TdmNmeXluOHJjdGNvcUNUMGxDYndET3BUc0JIdjh1VWtjTXktQ3c0MkFyTm54M0x5TElXOGFyd1NSTjQwZnN6aWpiNnphSldlYmFGYmNlNHlBWHZRSnpYX2dJbXI1THB0WjBDcGVHNGZjb2doVy1Ub2dUNHNZYVhIUnlHUmVwS1pIdzhmRTBETGxHY3U0anhuNU5xbUJ1MmhqMVI?oc=5","CGTN","China","1782130638000"
"Iran president to visit Pakistan on Tuesday: State media","https://news.google.com/rss/articles/CBMiswFBVV95cUxNTkpBazF0cWd1Wm5nT3lJdDM0NXRERENsdHdfTTRHeWcycnNpcHFmWUJ2V19NX0cxeEppMVZvR1RWcVFHdFlabGxaMFpWcnF0dkxnZklVdWF3OTdoRFZqNnFBTWthQzlfQ2hvbVZENFE5OUJFZHRGSzI4amZoc2NObFE4RXlfZ096QlliUlpXdmR2NWQ3WnhyWkJ2MThWVENBcW96SXRUSEhBSFNnM0lleGlkbw?oc=5","Al Arabiya","Arab","1782130260000"
"USA, Iran, Israel, Beirut: Historic Principles of Sovereignty and Non-Interference","https://news.google.com/rss/articles/CBMisAFBVV95cUxOc2pCc0JPYVMtNDF1dnFlMTRUc0lHYldfSzRNOXV2UUhMaUNFSmN3Tm1UV2czaW5zZ3pDdldHV0RlQUZmUXBNTWl6azEzdUlmUzVsY3RYTHF5WGpNLWU1RzJxUXZmblloV2ltclZ5RzJoQy1RdlltUkQxc2lYVllsQ0xydmxld1lzQkp1Tl9zVXlsdGx0bGZySkg1bjhTOTZ0REdSRTgwVml0eXNEak41dw?oc=5","The Times of Israel","Israel","1782130020000"
"Vance says Strait of Hormuz open, Iran to allow IAEA inspectors back","https://news.google.com/rss/articles/CBMifEFVX3lxTE1wbGQ5UlZFZVlSWkNVMWYzVE13WV9kZ19ScVhPei1paHA4c19CTVRjVFU1Z2tVZ25oUXNYNWxrRnVoeTFNVjVoYk1MZlZRV2Y3MjVTcTVpZDRRQlhLVXo3VUp4RG1CX25Pc2l5bUdobURmUUpPS3lVVGhER0w?oc=5","Xinhua","China","1782129931000"
"Chinese FM meets Iran's Supreme National Security Council deputy secretary","https://news.google.com/rss/articles/CBMifEFVX3lxTE42d0dnMWluT0pGQjR2QURMZDBUaER0RG1KZ0Rib2pRUXBrbkFhcTZrYWJGY0RKaXgxNXNVb1VNbWhkcWN1bDE3LXhlZ1dNQUEtMk9BeGlKNHZFaWNwYjNrNkQ0ZHpnS1cxRlRSM3hrcGNoYURXRzdLTlR2OGo?oc=5","Xinhua","China","1782129750000"
"Iran’s AI Propaganda War against Israel","https://news.google.com/rss/articles/CBMie0FVX3lxTE9sdUJ3WlNpRWNLYUtiN1F6Z1NQVnQxQklyTWZ4RUVrUkJPVDhyRUhXQzdKck9ib3NuUHh0OUN2YjA2OU5GOFltNGd3UnM5MjV0R2I1eTZqbzlwYTF4b2E4VG42bFphS3c4QkVfX3M3ckl1c1cteXoxWnNINA?oc=5","The Times of Israel","Israel","1782129720000"
"FM Dar announces safe repatriation of 8 Iranian fishermen rescued off Pakistan coast","https://news.google.com/rss/articles/CBMivgFBVV95cUxOTUYtbmVRN1RwRXptcGxXMDlsZ0puUmo3VEJQQWE5cHlLN18zQ2hDbGc2dFBjcm96SlhBUDFzdUxJMjByYUl5VkwxVXVydnktcE4ybE1jRW43WWxuVnNqbnJXdzJrVUN2ODdpM2ZTSHBGWnNHVkhCQ2pCdEhJczFKN3FZeGJWYUlFNGQtOHduYnZJTjVWa2VVTWEtc2RTYmtrNS1YRmpWdWp3bzBVa2QySG1ZSmhZODAxRXM4VWRR0gHGAUFVX3lxTE11a1I2UjNsblBPcHA4bnJIRlMyN1hqZkk4Nktkc0JNa3k2Tk1UdTN2cV95dDdLR2J1RE1lejF0bFdYRzhBeXhhcllzSlc0U2pLRDFvcDBLN0hGUVp4Sk1qdTkwWjhoNFhSbTRPZUktdlJzRjFwX0VPVVZCUDVCRXlFWDRrRG1oc3pRcDNxbEcwQW1pMkRRSnItNzhwcDBxaGRsZGEtSzd4SGFFSzNHdWJhdlJId21WVHBLNmVUNlhyY2lVZ3BGZw?oc=5","The Express Tribune","Pakistan","1782132505000"
"Vance says Strait of Hormuz open, Iran to allow IAEA inspectors back","https://news.google.com/rss/articles/CBMifEFVX3lxTE1kZ3UwQ19SMmw4QUM2Q2U4UlB4eE9Xb0hSNUg1ZEhDMFlBNU5MMmkyM1Rvc0pkazlLeVU1UXJqMnFBZWQyY3ljcVYtdUxYV1JoVndJT2xOeXJEamhWOGtvb0ZKNDVuanhBclRfa1N6M1hPTl9rQlIybmxQVnI?oc=5","Xinhua","China","1782132075000"
"JD Vance touts progress on key issues in US-Iran negotiations","https://news.google.com/rss/articles/CBMisgFBVV95cUxPUlJIaFR1LWU0SHFDUGcyc2pER0E3MEhYeVJFbUZmb01iU1BZYkljcEFRQXRXMUhsSXBlZENTQlNONndyOVh2Yi1ubkI2ZE9fZ05YemxKeW1QLWp0RkRBSlhIaWUyaUJwRGMxQTFBRUZHaUIwVlJZV1dRWlFNdXF0a1lzM1JTcml0d3RFOTFKekZEWFJ4ZGo2U2N4ZTh2amRfTE56TmRCM3FQNUU4Z1h6YmZB0gG3AUFVX3lxTE1JaDlIZnVYTUZfSVZHVTNWeXJhSUFET0R1QmMxa1FTUlJ6Nl93RzhsX3pTNEJXbHdLTGF2blNxaG9Kb3FGTlRGQlQ1bGdpUkxLYjJ6WlFwcW5tWFZ1NWdzUjUtSl9QYWx4US1tZlIwbDJtZl9HRHZ1d1VGay1VbzNiT2liVllTSmJZdHNsVFVFLUU0MjNERG9ldVRrTlVaRXJhcGwzelhYNFo0VVloazlRZndGSE1BWQ?oc=5","Al Jazeera","Arab","1782132036000"
"Iranian president to visit Pakistan on Tuesday: sources","https://news.google.com/rss/articles/CBMifEFVX3lxTE5NVkpDTXBDazEtREZkMWRGLV9SMC0wZHZhN0dBX0ozVVlVOEVRUDVoamswOHFIczhYMWdaTmZfODRtYV8zdXByd0xlVlNFUWRIdnlFT2tPdjRQRU10Y2l6ZWZfakhYV3h3eGkwSVlLaXJlR0Q0MTVCY0M3X1E?oc=5","Xinhua","China","1782131625000"
"Vance says US, Qatar crafting plan to direct unfrozen Iranian assets toward American goods","https://news.google.com/rss/articles/CBMi0AFBVV95cUxPaVVTdVgwR3FGV0FkSlFXdENubUFSYXRfZHpJcnhoY1dacWJ3RUtKUV8tYmpyQTFXSWZIZjVXeFJSaWZOMlJNajQ5VlA2dm1fLUdfc0RNMUl6czhDdXU1ZVB0NjNDZUVJYUN6cGNOc054SHViZ3J3MG9nbkUySC1OOXVVdHhNcEtmLTJMaTZDM0FnV090Z2pyU2xiczNiRUE5d3F5RWluUy1jQksxcEhsLVQ0b1VkMHNXZ3N6d3ZtR2hlRmlGVmRmT1FFcExwVV9S?oc=5","The Times of Israel","Israel","1782131555000"
"Iran War: Tehran seeks to expand authority over Hormuz","https://news.google.com/rss/articles/CBMiakFVX3lxTE5YMldvbHpYRG9SMjFBWEQ2ZDRPVmM3NmpXSzhLQkpRcXBGY2VYU3RqVTZyVjNkekJxSUdfLVlIRHlSZ0JLbElQNDdfTDFjbVRERHRJQU0yNi1ZdXBjNE0tZm1CN21wY3Jla0E?oc=5","The Jerusalem Post","Israel","1782131509000"
"WATCH: JD Vance says Iran has agreed to invite IAEA inspectors back into country","https://news.google.com/rss/articles/CBMiswFBVV95cUxQdzZJUWJ4dDVjN1ZmdWxqNHJhRWllOW1aZ3NrdmRkT3FmcGpURGZBeWcyT3NtcnRTdjN2cTE0MVZ4d0ZzVXRmSGpueW5kYVBZMUV5U2pMUE9XQ216ODFiZEhkX0RLVWpaYmtRZFNNcmNRQlF4V2RSTVpkVTBObGdFZzNBVHVGY1NhQXJpTkJENnoxWTBMd2xKUW9LTlpBM0JmaHdXWTZhbkRKa3pJa1dUcUkwTQ?oc=5","Dawn","Pakistan","1782130921000"
"Iran Cites ‘Major Progress’, Starmer Quits, More","https://news.google.com/rss/articles/CBMilwFBVV95cUxNa0hPZ1JWN19QM0FMOWpHRzRwRkFuQ1pYWUVjcGxBUTNnY3E4SFFDb2ZvMXVWUEpORkVidlNCTHM0VEo1NU42OXB2YkVJR3V0a3lqWGNvNDRyV3JuMEpOeTBKdEt5dGlNQ25xT1ZCcW15blotV0hJSi1zTFpuRVg1OTBseWpBVFZCRzBaR1dOVEZfUVlTcWUw?oc=5","Bloomberg","Global","1782133142000"
"What do Iranians think of the Iran-US deal?","https://news.google.com/rss/articles/CBMiekFVX3lxTE04OW5EWGNscWRFNmxCYzk2ZHdvS0NDN2l4SVRRVW12Wm1GSUNhNkM3YXZzeS1XeFQ5SFJwWllscWpCakpsbF9KZXdfMmFNT2ViNFJvZjNfVmpLaks2d3B0TlRHMzZwVDBJZjZROVhGeHcteGVLZUtOcG9R?oc=5","France 24","Europe","1782131781000"
"Oil tanker traffic picks up through Hormuz","https://news.google.com/rss/articles/CBMinAFBVV95cUxQaHlxenJFdEF1NHdsVVVwWm0yaFNYX0ZtRWxNRkZFd0dmNF9senMxQ2h6S0hrTjdsSldRMm5UbjBDckZnT1dhdktteW43WXduTkstWThMUWsyTnZ3WnVZMnM1SGF6dGRWd2FpRVlTOUg0bXB3SFFNUmF2SUVEclNDWWRYLXNWbTc0bEpwUzV4TGxiSndjaXluUjNQYXQ?oc=5","Reuters","Global","1782131512000"
"Sen Sheehy: Iran is a 'murderous' regime that wants to wipe us off the map","https://news.google.com/rss/articles/CBMiVkFVX3lxTE53elVHQ3lvRGN3X0YzdW9GRkVJakY2V2dSb0ViYV9lQlA0V3hEUFlNaTVpWTRxaGNjQ0xaTzVvRzFJaXMtbW9uNTJMb3RpWnlaYVRQYVdn?oc=5","Fox News","US","1782132930000"
"Dave McCormick details 'pay for performance' sanctions relief for Iran","https://news.google.com/rss/articles/CBMiVkFVX3lxTE9qOGg2WWx1eEFObGZ3YmR2QVlhRUVEZEtHdTZORTJMMFkxSjZMRGtYX2VMVTBhUXJBR0tvTi1VNTlTTWJCTGxiazdQTDFtNHY3VUhWN2VR?oc=5","Fox News","US","1782131667000"
"US issues Iran-related general license for oil sales","https://news.google.com/rss/articles/CBMiogFBVV95cUxQYzdZaTNrdXFNYWlPV2hKM1g2TDZkUFRmM3pMTE5HZzc1NnRuY1Y1cEdkLWl4bWpWOWFHdmZnMDN0cS0zdFdOeVIzalM0cGN1Yk1PV1lmc0I1NElkUjI5cWtKQzVvdHVqZFFNUm9nT01BZDdlYXFJdnVPM2NiMF9mUFduSFhlcUZWUjV0RVJtY0NFcFVmSElZSXk0V1IxN3ZrLXc?oc=5","Reuters","Global","1782134535000"
"Iran War, Xenophobia Threaten to Sever a Key African Lifeline","https://news.google.com/rss/articles/CBMi0AFBVV95cUxQWVdxLXJjeTlrNUlLdHFhRUFhSXFJcnJzV2FZdDA4NGdwUENCTmhkYnlQdmlJYk5GWFlaUElMRkdSa216YWppbWhlejliUFJfZHdPWTkxcG5ibVRrSFY2Qm9hdTUzQTNiSlN1cUlrOVpvLXktd0t0OHpBWHR4SjFjRERXbEYzbUptdkNxb1M5TnJzMXdHeTA2ZDMtTm52WHNMTXJ0WVA0T2RSRHI0Y3dWOS1yMDNLSFl2WklyYzFMVkdNTElxWGprdHlsT3NlX0ZG?oc=5","Bloomberg","Global","1782133767000"
"Any unfreezing of Iranian funds will not finance terrorism: Vance","https://news.google.com/rss/articles/CBMisAFBVV95cUxPeU91SWVzRWRKMERoVk90aDE4djhJMkRwSG1DR1pTN1ZGQlp4U2x4ZGxnWFhmd3hxbW5JYXhtRHMwOW5rWm9xRHA0ZDVmbFI3enpIREdBZl9xTFZmRFB2YWphSjNlZUF5cW1SY3JDSnUyVFNQVWZDVng2OWlUaXFlMFhicnp4QjFoSnAxWHNQbm0wLVpYYXVLOU5CQW5ONlZVSElJWVJhZG5CdWJZM1ZOMw?oc=5","France 24","Europe","1782133274000"
"Lagarde Sees No Need for More Forceful ECB Response to Iran War","https://news.google.com/rss/articles/CBMitAFBVV95cUxQZ2xTODRTR2lSVDdGenpFQWRzdzRob21XbS1kS3NBb0JMVlVjUjh0a0QwQV9LbDFXUlNjVlU1aTRWVW14MVJ5Q0NoUmN0OVplU1NuWVlZUWlGX0JtNDZ3azJ3Rjd2anZKdWwwRDJxSlVvY21LM2dhUU9Ya2hTZ3hLYm81TTA1c2lqMkhoZnBVc2N4ZWdtRnhEMXpETUVXZ3JDZVZuVFFHQktjVklNM2dYcE5OeWQ?oc=5","Bloomberg","Global","1782133200000"
"Iranian leader criticises his negotiators in secret letters","https://news.google.com/rss/articles/CBMirAFBVV95cUxPTUhzdDJvWlFGM2IzalA1Vml1eTZhOUFkMjMwY0RReWFWTTE2bGUzZkduZzZhUDNaLU9PVnRrMjROYTVMYzc5bmY5SnNsUFpBZjJhaU8taVdyUlI4MjZyR2lCYVpTVWRxZzJITTAyTmIyNzBmNWlINGI2VHNudXFoX1VGcEtWSk55UWxDUkRUd3VsMjBZREx1RDIyTzVyRm5uRWhRZGcycC1GWGVG?oc=5","The Telegraph","UK","1782133920000"
"The Latest: Vance says talks with Iran set ‘good foundation’ to reach permanent deal to end war","https://news.google.com/rss/articles/CBMixAFBVV95cUxOX2s3Wk1vbXgyYlpBMkxsbElHZmRSWUdnUFdpZHdxV3dqN0htODcyMUtiNVY5M2w1VTYwdmZITjJZZ1BKTVFJWElZN0VydjJZRVZHZ3Vjd2hWbkpNTl9MMTV6M0dFVzQ2bmFaZ0lmSEg4YVl0eHRNZWlzak9GM0FTWnd2YUFuOVNaZXM2QmcwZDE3WEtFbmtLSTNNSDM5a2RyRml4WUtubjNtQ3c1bWxTNklsdFFxamtYQmE1WFpWWHZsblpo?oc=5","The Washington Post","US","1782133878000"
"Iran confirms start of technical talks with U.S. in Switzerland","https://news.google.com/rss/articles/CBMifEFVX3lxTFB3M0ZZZHpIUUpJZjk2OVhyYXNrN0U3M05XRFR6cjhrNnBSdzVmaHRPdkdzYjduQl9zSUd2VGxKc0J0UGdwNU9nWkQ1M2ZzX2NhcW1RUUZuQWJrQkJMUTlWOWFoY19BVFcySDA5TXlYZTA2em9xVlFlU2htUks?oc=5","Xinhua","China","1782133785000"
"Pakistan repatriates 8 rescued Iranian fishermen: FM","https://news.google.com/rss/articles/CBMijAFBVV95cUxONktOWVphZW12dU5QdzNKVm5qSENSdFRFclV3UlA2SGtqNEdTUVlCRTFPUGNOdl9EakZaUl9yZUNxWXg4VnZabHZ5X0dOU3VMUXAzZWptdWVNUXh5MXYzWnU3Rm5mdVoycE9IV2hibWpZVlRDRktVbm9XXzZFUW15eFZmV2Q1OVd0cThTWg?oc=5","Xinhua","China","1782133650000"
"JD Vance: Tehran Agreed to Allow UN Nuclear Inspectors Back Into Iran","https://news.google.com/rss/articles/CBMiiAJBVV95cUxQdzFZelhHYktSYnJqZmtIeW5xS0pBVWdsZDhzYW1DNHRGT0hnc1AyeEpwX1Y4WXpQY0pkaGZIMzZfbDVzWFJXYmp2cTlVeGVuTmwxdlUzdFZsSFFGMXIwVk1NNmdqOXN4OUIxNy1oTGYxSElrNmFZYUpQT2ZCZzlGVnFzcjRPWTFMZ0Jsd3IzaE52cmdHRkYtdGYzbEREYmtpSGVrRGdZdHNBY2VMcWo5UmlQak1SQjBkVDRBMFdyN1ktckNkUkhtT0FVSFFGM2xFbi1hbl9KcDJnUmtvc0pFNjVqMTZZbTZHak5JckZiYWxqQmxUcFR1dm1hSjBLV2doSWdva0ZETmM?oc=5","Haaretz","Israel","1782133440000"
"The Iran peace plan, and what it means for Israel’s upcoming elections - opinion","https://news.google.com/rss/articles/CBMiV0FVX3lxTE5xb0ZUS0NLdzFlNUlfclNpRXp6MjRLQkE2VUN1bTJwa0F1SnR4V3drUDE5TUJULTF2LXFlMlU1bmZlZnRBSmNkRjdRZm9XWGp6emtaOVU5cw?oc=5","The Jerusalem Post","Israel","1782133200000"
"FM Dar announces safe repatriation of 8 Iranian fishermen rescued off Pakistan coast","https://news.google.com/rss/articles/CBMivgFBVV95cUxOTUYtbmVRN1RwRXptcGxXMDlsZ0puUmo3VEJQQWE5cHlLN18zQ2hDbGc2dFBjcm96SlhBUDFzdUxJMjByYUl5VkwxVXVydnktcE4ybE1jRW43WWxuVnNqbnJXdzJrVUN2ODdpM2ZTSHBGWnNHVkhCQ2pCdEhJczFKN3FZeGJWYUlFNGQtOHduYnZJTjVWa2VVTWEtc2RTYmtrNS1YRmpWdWp3bzBVa2QySG1ZSmhZODAxRXM4VWRR?oc=5","The Express Tribune","Pakistan","1782132617000"
"Oil tanker traffic picks up through Hormuz","https://news.google.com/rss/articles/CBMiowFBVV95cUxQcEFUQzl6aDZQSGdsOUl1MHZBU19mSUVwOThTY25BUC15QkVhSjl0SXRfeVFOWHNjclAzclNpZTN3dUt0VXRKNWZuVVJKeDhyYWtfMXlncjN1S0tFVWZJYUdQd3dTQ2dDT0wxMllQblJSeGhFSS1HdWVQZlZmLXZHbzlBM0ZFLUtyLXlXMXBWRk4zeExNejJsT1RBX05RZF9EaGE00gGoAUFVX3lxTE9mNXgtbjg5YWVkMVdtYUtscDJBOVJuTzVNMktIR2tNVkRzRUxlM3lYamM5cTRtWXFhd3c0WWRjb3pIM2lPVUt2TXdqNUNzVzQ0eHJIRnh1OVZoVC00V3JJR3FnZWpHMVh1VERCSkQ4clpxT0ViUGN2c2lILWVVTDBrWktCcFRWQm5hVEtibzNxM2tyUVRWTG9XU0R6YUFhRzJPRmRkZ3BTag?oc=5","Al Arabiya","Arab","1782132540000"
"Flash: U.S. issues 60-day sanctions waiver on Iran oil due to progress at talks in Switzerland: media","https://news.google.com/rss/articles/CBMifEFVX3lxTE1nTXhiWUJHUng0dnV0WU8zX21KdFRONWlVNWhHanNKcUw4bUQ2NWlreTE2ZXdGTVVPS2RGMDdkelhQRVJYUk9HZEdUZFNTXzlfM0x4ZFRSNjg1VXljSUhNRWNwNmZncEhKUTZnM3hwMnlUeWV6cGVxZ3U3Z0k?oc=5","Xinhua","China","1782136440000"
"US Treasury issues general license for Iran to sell oil, petroleum products","https://news.google.com/rss/articles/CBMiakFVX3lxTFA3YUtId2lFX2ZuNGRuOFgzckM4cUF1N3F1ZFkxcnRYUVp4M05pcGx3VE9SRkJxQmRLcGJLc25mSlljcnh2bFdHLXN5N3BFN0xwUUV5WTlGNDJLZTlacE5nS3dETWU1cmx6TFE?oc=5","The Jerusalem Post","Israel","1782136012000"
"Belgium held by Iran as Ngoy sent off","https://news.google.com/rss/articles/CBMif0FVX3lxTE4xZTlYSU9STExxamF5T0NCVVphanBUMGZTenNRQklwakVqanRPTENvQzNtT2otX19XT1RTblo4alRScW80Q0FzVGREdUd6bDZ4YndPV01VWDE0M1NxLTBoV1hLRXNnbng2TGRueXhCZENIYXd4d1lzMjRkRDFraWvSAYcBQVVfeXFMT0wzXy1uZ2ZmdDJNZzJEc0ZRd01HbE9GX2FMNHk1bjZLeW1JUFFzWVlUazJyNFdjV1ZSTVFwRGR4VE1NazRldmhxa0RudkVxZXQtYnZ0bFpsaGt5ekZzWHZTMVJicHpfc2lva251NlJXdzdya2hpSzNWRWlYYjg3TTdYY1ZtZkE0?oc=5","The Express Tribune","Pakistan","1782135965000"
"The fragile 60-day agreement at a crossroads for US-Iran relations","https://news.google.com/rss/articles/CBMisAFBVV95cUxNVzRZZHdtdU0wVTlCdVkyanpXUTdXV2ZqQVN3Y2ZXb2lRYVNwdzBFWU0zMGdoS1VpUHlXSVBzYXo5NDRWUDRRbl9CSm5zWlhmOHdQQXM1aWJrSHhudmtQQTZSNExIMHNGR3pzN1lKSnlIaXo5c1VrNVgxRlZBNk01bVdRbFk2M0p6ZWl0WDZ4SjE3ZGE3ZTB4NU1rbjJJNHZkY1FlSlN5dlA0Z2VZd0oyctIBtgFBVV95cUxPdW5tVjF0MmthZVhjMTlvVDllcW9PY0dnOUlpNF8wSXBmbGItbnc5bXJZeV9QT1FRanVLeGJXVTZWTEk5aEFnY0dtS0QzcHppZ0xBVEs1OUJaOVNnZTFySkJBd1g5WG5VV1dIMWdhY2VWSmx4cm5HV3BfZ3ZRaFpVb3RsOWpRcUoxWVVESlVRQUxucE5QeXh0eEh6VzI4MHJ2R2xrQUFhT2xVNTFCdm1kSjdSVFcxdw?oc=5","Al Arabiya","Arab","1782135240000"
"US issues Iran-related general license for oil sales, as required under MOU","https://news.google.com/rss/articles/CBMivAFBVV95cUxOd0NudXcwNmVIRVlDOVpaQWdqYUhwVmJfbkREWDdObHpEQ3M1bWptSElYbVpqNElMTGtVcGZmVDJ6LXRQMUZRenV2X2llUjl0VF9leVVjcXU1Uk9XZHA0MDZBbHJ6SE0wbmI5Znhac0M1YjBiVGVnMHA4RnNTSlYzczJQbHJUSE5MWHVMUkc0MnQxbDhLcWloYkk3dFFOcVdpQnQtUUktNmxPT1JUUFRhRndwVThaTXEzNGpuWg?oc=5","The Times of Israel","Israel","1782135155000"
"Vance says Strait of Hormuz open, Iran to allow IAEA inspectors back","https://news.google.com/rss/articles/CBMibkFVX3lxTE9icEFqck1LbVJDam5yWE1xRVFZOWEzWmVvSWZUV1QzaEhRUVpyYmxWWVlxczFwMUlxUkpmMnhIRW54Mnh2TkFibWNTREx6TVptTzFhQjRLcTdXMVlYU0wzR25EZ3QwVnVWTlZVM3B3?oc=5","CGTN","China","1782134720000"
"US issues Iran-related general license for oil sales","https://news.google.com/rss/articles/CBMijwFBVV95cUxOX1FkOENSaWdndVJKZDRfX1dtNTlyOHZKdm9XQjV4aS0yck40QjhxVmQ0Rl9LYWNpaEtocElqUXZ6elFpY0pPT0YzbUVkZC1GM1h1RDZtVFJzcHJnUm13WG5IRGJRN25MRXMyaW9uODE4TnVHTFY3LVlNQ3dhc3JrYi1CenU4UlQxQTBnaUZMQQ?oc=5","Dawn","Pakistan","1782134688000"
"US Stocks Gain, Oil Drops, Progress in US-Iran Peace Talks, More","https://news.google.com/rss/articles/CBMirgFBVV95cUxPWlRHbDdtY3Z6OHh3VVFOSkFmdmZPQlo4MXhHMXdES0g4c1JXbVoxVG9taVg0eUMyX050aUN4dUpzX045WTVHVHhkeUEyWEItTmJZcXF4YlJlWEItck52X3VFc0JrRFhVTmJQUWhORnVCQ0htT3d2SUFFaEJscXFkcXFaYkE5UWRlY0ZBcHFpbTdsWEw0cEhXM0xZY192SXJUY0Nuemc0UFB6aXJwSHc?oc=5","Bloomberg","Global","1782136815000"
"FACT FOCUS: Netanyahu's claims about Iran's nuclear program run counter to public evidence","https://news.google.com/rss/articles/CBMinwFBVV95cUxQZ0J0RGhaQWxvT2lBOHJ4RXFtWVhubjk4RWVFNlNjeHRDSzU3QXREVktpZXQxeFVrRUFvWlBtSmlwVHhpWWNDZWtZZ0EyR0hzSmlhTWNJM05UTGhSVmVnNGt2YUtfQ292dGp3aDVWVXdUdE1yS3pQZ2ZzNkZJeW5MTWs0OHYtSVlKckNud3hpQWo5SV80dGFuV2JJelJVeEk?oc=5","Associated Press","Global","1782136200000"
"Gulf markets mixed as Iran reports progress in peace talks","https://news.google.com/rss/articles/CBMitgFBVV95cUxPbTlET3VJUjlLQm5NWWJzUWZSQkV6TXQ2bVN6MUgyTjhMQkxKMUNDeDFQc2hiNTc2Wm1rM3A0M3NsdVlzN0stYXlodXBYZnUzRVNIVmZTcVh1ZlNHTWZHWkFQd2Myb2dnUEJzRDNQUUR0THV3dGRRQ0lMOF9NN2lUbDZ1bzRybEtjUXQta3BtSmU4dmgyTUZXRktrMlJjTTNFQl9TZl9mdXBSOFJnWWlfY3FJV3ptZw?oc=5","Reuters","Global","1782135958000"
"Iran and US make progress in talks despite Trump's explosive threats","https://news.google.com/rss/articles/CBMipgFBVV95cUxQcE8tOFctWXJ0R1ZnUUx4R3N5cFBnRTROSVlqeFZZYzB6WTE4TFpON050c2JkckJsY1FUUEttWEp1ZnBUN21LSVdrLWhfdkdxU2NXdlF5elRoNms1VlJ0LTA2MXE0NVY4QWVvUE9pNnd3eDJHRjJUczdJQWg2SGVvNzRZelEzaWVfME1TUVYxWUpPbWg1ejB0cUVCQjJTMnVLUGQyaGRR?oc=5","Euronews","Europe","1782135682000"
"Trump’s Hormuz headache","https://news.google.com/rss/articles/CBMilwFBVV95cUxOOWFlcjM0akFrdUhsUDRnMDRMczJCUkNfeW0wLU9UX3ZBS2Q3SUdQS0JXaThrNENReno2eTVxRjc1akE1b0hZcm1hN2g1NGFFaW0yajhaTy1YVkE0U1dLVmlBRWM1UWVDRFZhSzdTelQ5Ni1KOEZoSEExQktsM2NHVkJoYjB5VDA3anNxYWpOeXdvZ19rc2hr?oc=5","Politico","US","1782136800000"
"Stocks Relatively Muted After Tense U.S.-Iran Talks","https://news.google.com/rss/articles/CBMingFBVV95cUxOZ0FxX1pSQVNiZUs0U1RKTFFzVk9RQUFJYkJYa3RqYnhXUWk2Sjg2ZG9fcWVSR0I4U0ZwV2Z2Nk9aOHpxWmczTzhFa2RKNERRS2FSUkxGaXo5SjFIdDVDV1NFRFNQb2VqM0VNY2lJZUxnZUFUWG9MNHNuUnVJb3hOOHlwMndKYkdIQzg2bnIzMTZkNFI2aGRUeEtYX3dUdw?oc=5","The Wall Street Journal","US","1782136320000"
"Vance: Iran agrees to let nuclear monitors back into country","https://news.google.com/rss/articles/CBMi0wFBVV95cUxPREJkZjB1cTNPczhTOFlFdWdObFlVRW5hOFoxYzFtTnB1ZW5LNjFPSDFTQXgzQ01LSkEwYmw5Q1BVM1pYM2pPLVVsUlZCSkg5U0hQSE82WE1UNElCaEk3bHBSZExaVGRXSnhYV2JlUTNqLTR5QVFmRFhiZEVEWS04YjVQUFF2eWxFdWR6bG5WSnVOQ3I0aTRVejUySlZhLUI2anpRRjdXcHpkcXdUc205bEJ0cVJrTWFyUmw2clh5RzRWZF8yZFcwbjlxU0M4RGJOWW0w?oc=5","CNN","US","1782136230000"
"FACT FOCUS: Netanyahu's claims about Iran's nuclear program run counter to public evidence","https://news.google.com/rss/articles/CBMizwFBVV95cUxPc19WMmYyQ1JqVU14cEphLWkxNFduSFJPMXpYNVBxX2NselBXS05JSG03QkFqQVNkc0tNMUhTbXlfbXFHeldlYmRxYVp6ZW0zSWZLYkk5X3NWV2FUVlZyZktyT2pzdlVQdGlfbEJpY2Q4amRhSUVVd0YtNjB4UjV2Vm1pQ2JTYmRtNmtEczE4NFdaYWFMQ3hXT254YUZ5UjRvbzBuTnBJOHo5OWdwRjcwNkF1OUdMTTQ1ZWpIaWlKejBRZ1ExSEJQTmFMRXBQVzg?oc=5","The Independent","UK","1782136200000"
"Dollar Rise as U.S.-Iran Talks Continue","https://news.google.com/rss/articles/CBMitAFBVV95cUxPUHlTN2tWSUVPa1pUd3VuS0pkakpVMXJ1eXRUNHItU1RPYVRHc3NYTDFnRHQ3Qnk5eWo3OUdnNVJucGtWVmxuMjI0THVsSk9PRzVTc0lEb0JFNzVDdkRvdU9ndDFiMFpXdXVySFVmQlNLV29PdG90Qk16QWZweXRGUXFGenJYUDFhdkJ0Q2ViaHlJMFhfeG5OUzdEWUxVc3VtZTY0Rm1JNGxtbTgwQ3RSMDU4QTU?oc=5","The Wall Street Journal","US","1782135600000"
"Iran AGREES to allow nuclear inspectors inside country","https://news.google.com/rss/articles/CBMiVkFVX3lxTE12TTg0a011YlZHUnFvbEN4OC1JallwZFMxOEI2N25hVzYzbkQ2TVp4YkMyQ2JDOXlFaGdHa0JERnU2TGVweTBxQVNOVTVab1VpY0diY0Nn?oc=5","Fox News","US","1782135399000"
"Vance WARNS Iran against 'TRASH TALK'","https://news.google.com/rss/articles/CBMiVkFVX3lxTE4tNWhrT2NzdWJNTUNsbkFWS0E1X0xTWjVrdW1FZGczQVFiOENDSnBxeW9jYWQ0TWgzbjJ2OGxRWVd0RkdZenlDcWNESjF2T0NudTV1QU9B?oc=5","Fox News","US","1782135378000"
"Treasury Yields, Dollar Rise as U.S.-Iran Talks Stumble Along","https://news.google.com/rss/articles/CBMimAFBVV95cUxQQlVDUmZyR3JUS1R6M1JpdWlKaXBwaW5HTFFtSE1uQUUyRTI2VFdmd2R0dDl3YmN6UU05RWk1MmFkc0RfTE5hWUVXcVhmNkJwM1RBdmVYdmxkOTVMWFE1LWE2NkVscWo2NF9vU002OFBwUzNPZ05ZQkhaYmdtRm1XNmZiRHVad3F5eFkxVXd6T2w2SnJ3cDRBdg?oc=5","The Wall Street Journal","US","1782135360000"
"Vance Says Iran Agreed to Allow Nuclear Inspectors Back In","https://news.google.com/rss/articles/CBMiqAFBVV95cUxOMGFya3RELVpqdFpZZVNITE9SS1N2aUVjM1NMYkxzNTBJY0ZvcEYzajcwaTZKQkp0ZmZoZGlWQk1tU1N3UGZyS1BqX1pYTE9ialIyNVlxZVNZZnJoVGhscW4yZjZfc0tlV0tjNmVzZmpXVml2bmd5b1lRTW9FOEhneGZvOGdSRVdxYldmWnR4VTBNWlN5MEpjcEN4emYteGt4RGQ4RzdPX1A?oc=5","The Wall Street Journal","US","1782135120000"
"The Guardrails Designed to Protect U.S.-Iran Talks","https://news.google.com/rss/articles/CBMiqAFBVV95cUxQSDRwUEtaSUtrSV80cHRmZkVQWkxHcndhVEZFMW9HYjUyNVJDUEExZGhVc1NlV0xiU0tDeG4zUkpGOUNBWjZET1Q0V19lM1ZpdUF0SE9lOVQyNnhWU0JNMnEweVdnalVnakdPNWd0LVZ3S0tiSXVsbnQ0TmxCX05uSW81emM2NDBWbGVEMjMzaTllaVVTWjVWZ3pHWTdlNzViOUVhUkZYOHE?oc=5","The New York Times","US","1782134878000"
"Sen Sheehy: Iran is a 'murderous' regime that wants to wipe us off the map","https://news.google.com/rss/articles/CBMiVkFVX3lxTE1aNTYxTG51UjJsNmk1bGVIdUF2enpPaUdybFVTQ3lTUE9tUGZuRmUxMkdBaXlNWXpkUTZNSVZSVFJBXzdYeTRaSnZXaFhCY00tNTVuWFBB?oc=5","Fox News","US","1782134391000"
"Vance says Iran will allow nuclear inspectors back into the country","https://news.google.com/rss/articles/CBMiWkFVX3lxTFBZRnY0QjZ2NEVVYTNtQU55X1ZNdjN2ZUVhcUFjY2V6ZGhoaVNVOGltNGkyV0JZXzJwN3UxX2NXMmM4NmozaW5rb092SG9nekxmVV9GOFI5NWRQQQ?oc=5","BBC","Global","1782137899000"
"US Allows Sale of Some Iranian Oil as Part of Deal to End War","https://news.google.com/rss/articles/CBMisgFBVV95cUxNMkZQWG1TOW9MSmZzWTVZcHhJQVJCSzBCbzNiUW9WSFpZVkhBTktkemtIUE9jVWp2QTlibmdWaTVnUkVwTDNOamFFbGpJNGtncmJNOXAybEdycEJxdlJzZWZLMkJwM01fX3Q1b2xUMVpJMW5pQ2w5eG43STlFUVV4cHFjdUNTQzVESGlibzBOc0stdTBKeHdERm1MbUJLdHU1a1YtODJfdUtuLWZBOE81eXNn?oc=5","Bloomberg","Global","1782135934000"
"Iran War: Gulf Oil Floods Through Hormuz at Fastest Pace Since War Began","https://news.google.com/rss/articles/CBMiswFBVV95cUxPNVpNaUhzSXZIU2s4cDBWYTRUZ1g2SzMtWmtCcGt5YVNUMWJYV0ttQVJyZExoNi1Ed3FMMmZwX3BOWVVWYWVCSE4tMGotLUh2OERTcGF2elI3bkZudmU5VlFQMTlOVjd5SG1EckFwc3hzTHYyZTcwcG5ULXpMTXJQaDJzcjJhWWU3MzQ4d09DVWNGa0dFSnltYzZlVV9JbUNKejdWaW5uNHNfT2JCcHIyMlFmOA?oc=5","Bloomberg","Global","1782135280000"
"Vance says Iran agrees to nuclear inspections, as under Obama deal","https://news.google.com/rss/articles/CBMisAFBVV95cUxPdmtUc3d3TllBOUNyVU1SMVRoeWY5Wk5PMGl5eEpOSnJPSmY5aHdJM1NaVGYwZVZSem43bUZDTmRMaHplb3ZoQjNKSUlRYXB2blFGVWFtYmNFQVJkdmd4aEpHazkySkFFVm10a0xVc1ZMSXNTZ2Z1SGh3SThNSGlSLS1KYkdoQWY4U1A1by1ucmYwdG9ZUVNvblNNTEVzN2NuQ0ZXMHdjR0JReGZyZ2JfcQ?oc=5","The Washington Post","US","1782138134000"
"US, Iran agree to 60-day roadmap for final deal as Vance touts ‘great progress’","https://news.google.com/rss/articles/CBMiVkFVX3lxTE00dnlhZm5lS3FJV3AtZ0FoM2dybEl3aklqSTEzNEs3R1h1UkJ6SFQ3V0VpWV9lY3JLSWxZUTZvSkMzci1nTkIzTE52TGppa2NKVGp3MU5n?oc=5","Fox News","US","1782137634000"
"US waives Iran oil sanctions for two months","https://news.google.com/rss/articles/CBMijgFBVV95cUxPckZnQ1dhdG54OExxX2NJeVJ0Y1F5aV9oX0RhLU5MQTdwSlU3cUNlWlZUNjR1RmZPZWVRN3h4ODBhbWhBaFB0cEJ4ZWREd0xkN3MtenBxS1pFcTJOTTRkM1dSQzFKVEZYaUZRd1VpZjVBc09MdDN1djFtSW1mUDFqRmtNdzZ6RlBVQlQ4bUN3?oc=5","New York Post","US","1782137400000"
"China's top diplomat meets Iranian deputy security chief after Switzerland talks with US","https://news.google.com/rss/articles/CBMiwgFBVV95cUxNUlVtTmFVaDY4R0F3Zk5ZTG84bktmelV3WGQ1R1dEM21lQ3lvRDZmRWh3NUVUaFByd3EwclZPVFVldUY5ZDlHYjdIZVItQjVpc3c2SFBDaGpydVZFU25Ra0xrdHg0VEFtNWlTbjJvWVpCM01XTGRSMVRzdWpkd3NIc0c5eEx3bVBHQmV1V0EweTFfNFVpOU1Xbm1rbms4eW9PUjByemRjc2NPaUZGazNXWUlMeFA2U2U3MjViWUxBUHliZw?oc=5","The Express Tribune","Pakistan","1782137109000"
"Encouraging progress' in US-Iran talks – but tension remains","https://news.google.com/rss/articles/CBMiuAFBVV95cUxPNktlQWhWWHM3WDFYY3V1cE5hMC1kb3lHSEw4MnNaM2xxOEl0SDN5cDRLUGtCb3JkVUxIUWRVWDJ6QU96c0RQbmRWRVFnaVFLSnZRb3YwSTYxQ1REUXVIamxHNlcxd1lHeEpfRlNUWXhZXzhCajFpUzZ5UERmaTliT2NXQmZzSkk0a1dSRDFGdW1Ndk9nZC03aHpSc3JBM2tyRXhLaU5sdExiM3FHMUt6YzFBM2dtYUU3?oc=5","CGTN","China","1782136579000"
"US should have seized Strait of Hormuz during Iran War, says retired IDF general","https://news.google.com/rss/articles/CBMiXEFVX3lxTE5QWHNRal9aM2E3OThfaTFQVW8xa3ExOS1ySVlDMHdnTGlfUzNxdU53dVZwbnI0RjJnYmE4S01LVV8zOWVrQ0xwUklYcUt6MklKTmFrLUhOdDBsN3lK?oc=5","The Jerusalem Post","Israel","1782140149000"
"How a Qatari-owned Swiss resort became the backdrop for US-Iran talks","https://news.google.com/rss/articles/CBMivAFBVV95cUxQaFJtZkJHNVBlWmk2OUhXNUVMS0R2N2l3Y2s4QlRQUW5BdHJ6Sml5YW5jUTIwV3VzVUVFQXFnQnVhNm1YQjA1dDExbmdLU1hPWWtHX2RYakUtWmJQejBiX3dvbnc3OXRzdmk0eTI4em9Cd08xTTBwM2RqVWtvbEFsZUplS1ZqQnllWm1nVnZRR3AyOTlJOFMyTUdZTGxEMGVYaFhzc3hyV1Z5UU9Ec2xYb29POGJldFltNFJHbg?oc=5","The National","Arab","1782139577000"
"Traffic flows in Strait of Hormuz despite Iran’s closure announcement","https://news.google.com/rss/articles/CBMitAFBVV95cUxPS0k3Y0t4VHpyakxQbVlQbk5oU3VUbld6WjJBRk1YM2xqcHB5UlFISXFNWk9FcC1rdnA4aF9kM3RvRXpTM0pFY3ZMcS1qU2h0RGtVQTlteXFBTWN4R0g1NDdjTVBTbVR6LXB6Z3BjNXRkc3V1SGg4R19tMGNHQnM2LTZwaXJISFpZU2VWbVlFenUwckxfRjF4dG96dFNwbXZ6dWJra20zZ2tUT29kMFpnSUxwUjU?oc=5","The Times of Israel","Israel","1782138791000"
"Iran ready to respond to any potential threats: security official","https://news.google.com/rss/articles/CBMinwFBVV95cUxQR3g3dkUyaUIya0pDOEFtMHFyekgtMmtCcEppM05sckYtUklNbW9CcEpMSk4yc1Bpcnk2UElUenVWclQweHIxUFFqeTkyYWhmbU1iVE1ySGVSMkR0c1gwOE5MLXEweHB2T2k1b2ZpNXVkR0E5bThDREJ5QVZXUHBfTlhSWkIwVnRlQVlYRmhjMGRkSG9LWTZjSGZhQ1RqWVk?oc=5","Dawn","Pakistan","1782138116000"
"Vance Hails ‘Good Day’ of Iran Talks, SpaceX Declines for a Third Day, More","https://news.google.com/rss/articles/CBMipgFBVV95cUxQNlZ0Yk1xRGJGRXNWVE9MMFk2OTktNkwwVEhRM1RZMGdKWUlwRmlSQTBENkFVM2xaZUNaV2Z4R2JVcHpXSzRJMzBIWFNKR1pBRXZEbWpRRDlVRGw5bGg5cjMyMDBaeVZxbDc0UDcxNGN1cXRONmdfcXBzLUREZTZOUTZtbkJlT1NHSnJDY1IzNEdIWnZoSmFBam9qTEh1Y2RyMmhWREpR?oc=5","Bloomberg","Global","1782139684000"
"US-Iran deal: Pakistan's diplomatic masterstroke?","https://news.google.com/rss/articles/CBMihgFBVV95cUxPWk5KR1l6bWIwX3VDT3l3RFo4aUFKMTJpTGdBYWM0c2FaeTBGTF9reUwzU195U1ZXMXZLQWc3aWFYME9lMDl5OVAxeXJvTDBiemxUQzhqdnFMdWpLdWgwYjZfZGtCNXJvT1dNeFNWb05GWTBCYmRhSlJId3o3U0NhMndwbW5hZ9IBhgFBVV95cUxONXJqVDg4NE1UdXBIaUFJdWEyRlVjWXYtVzV2SzItT0F2MFNOcVlCQ1I0aG1IQjZJNnVKLVhhcUJYaW1wZzZLakxwS3FyckhYS2J3Mk45cmk2ZXNUc1ZmSGNKRm1ycDlPanQxa2ZzUGlKb3lFNE56Slpfc3pmTS0weTVkZWVadw?oc=5","DW","Europe","1782138742000"
"Vance Hails ‘Good Day’ of Iran Talks as US Waives Oil Sanctions","https://news.google.com/rss/articles/CBMitwFBVV95cUxPRVZqM2xZRDlxVXkza0JDQWloVEx2UXYtazk3MXlBdTlQczhRYkowSUJlaEdMaWxGTmo2RUl4SjQ0aUN0bkR4TFFLT2JTNEQ4WU04eXR1OWltQTlCS3hPNHUxZU5qV2lDLUtMQVVTaWZua3A5dVI2NXMtYWRnLUc1ZWhXOFYzN1hhclN6SjZYVE9XZFVyb2JveHFReGpxNDYzeHlKSVliVHhGNUdRV1hKcGNiVEttQVk?oc=5","Bloomberg","Global","1782138271000"
"U.S. Temporarily Lifts Sanctions on Iranian Oil","https://news.google.com/rss/articles/CBMikAFBVV95cUxQb1ZuV3lfd3dsaHYzU0VTLUdnbU9LbkxnNDNlTC1YYzFRVWRtMjNUUk5vdU85UlNFR1hnZ3NXb0RsZFRGaTE2Tks1MS0zOFZRd29IVmtMX3F3WmR1S1ZXdWlvNzZQeThFb1lqa21zM0V5YjJVQ3ItVTBXQ3hwc2pVRVp1RE9jZVF1ZXphNzE0Tk4?oc=5","The New York Times","US","1782139398000"
"Iran energy crisis will drive global electrification, IEA chief says","https://news.google.com/rss/articles/CBMiuwFBVV95cUxPRHhkYkJwRlZ5Qk0zZFVZMGJLR19WcVBUVUhMVEtPZ2NUQkotNXBHbVJ4SlU3YXZRdHVuTVdxRVBiTk1XcGFYQUVsMmtZTE1KS08wRjhzZVNsN215cGdsY2xSMTRtM3EwS1ZjWFhfczl1dTA3Tl96Y3d5aFhGdkViWXdzYnNGYXNLUUhTMEZtS1dTTnV1UmFzemNKSzNESmZZRmIxdVdaYUdGTThDRU5ONGN5NU01S0haYmdR?oc=5","Reuters","Global","1782141823000"
"US hails 'good progress' with Iran after first round of talks concludes","https://news.google.com/rss/articles/CBMingFBVV95cUxQY2h4ZEc4NlJIS3FOaXU4eG8tUjk0RTM1cHp5SjBmdG9DWV96S0pYN3VIaXh0UldSM3QzU1ZqZkFEUV8zdlVURUhpcFViZWNhdFIyX1hRZzJiaUhNTlkxT2xxTHJoV1dsOGVJeTlVUm11SVBMQ2dDbVh5NG4tek9DTGhEbTlpdi1zRm1RR0VvbFV2elRWdmdiandmYlktQQ?oc=5","France 24","Europe","1782141122000"
"India-bound fertilizer ships cross Hormuz, government says","https://news.google.com/rss/articles/CBMiqAFBVV95cUxNYW0wdXY5LXFPMU1Pc2hfYTM0S2lTVnJUSGZVdTY0SWtSVi1EWlhQT01jSVY4VVg0TjhldWVmYldONlFmNEFOSHhIZ25Ka3Y2bXRxdTZCaWg4dlBEUTZSZ1VTdTkzTUViTlloWFIwUXhkLTdCb0NIQ3h2YXE2RE1GNVpmVWVqWjBwZTZBRXVZdHFJUWxpaGZSaHBCTUhjMS1HWHV6ZDFBbF8?oc=5","Reuters","Global","1782140666000"
"Rubio heads to UAE, Kuwait, Bahrain to discuss Iran deal with Gulf allies","https://news.google.com/rss/articles/CBMivAFBVV95cUxNa3pPeDA3VWswbEdsWVBhVWxMcE54bWlTbTd3RXJiajBUeDR6cTFqMlVhTHQ4YndKeTRkRDE0Vmxpd1F4ZkgyakNPSHdrQnRuQXpvZk5wLWRRa1hRRVo2a053cFdZOUM4SWZtOFUwQVpkSTJNeHpRcFdIM3BVUnlhMnFyUExELTVhbEc2WTlBd1BzM0ZNZjNmT3JnVm5sNzBWT19NY1BKZ1ZmZFcwckFxXzNrSDhFZl90clA3Sg?oc=5","Reuters","Global","1782140645000"
"Iran-US talks to end war beset by tension, mistrust","https://news.google.com/rss/articles/CBMiiwFBVV95cUxNd3JNWDZ4ZzJjLXFYZ3NVemJYX3ZkcFZvMzNZclZnZ0JreGFyTVk2X3FneDdxRzZFZnZDalFYQXBpV3dWYTJQMmxCSTRmd2d5TjRyem1SZXhNVjdGWGxJaW01cFI4RHYzYTNfX3hVb3hUYWF0UEp6Z3hQU2VOWUNZLWlPOVpsZWxqcGFZ0gGLAUFVX3lxTE13ck1YNnhnMmMtcVhnc1V6YlhfdmRwVm8zM1lyVmdnQmt4YXJNWTZfcWd4N3FHNkVmdkNqUVhBcGlXd1ZhMlAybEJJNGZ3Z3lONHJ6bVJleE1WN0ZYbElpbTVwUjhEdjNhM19feFVveFRhYXRQSnpneFBTZU5ZQ1ktaU85WmxlbGpwYVk?oc=5","DW","Europe","1782139465000"
"US-Iran talks end in Switzerland, mediators say - DW.com","https://news.google.com/rss/articles/CBMirwFBVV95cUxQS2xaV05BUmRHY2R3aTdBR191OUF5enJnd1A0aS1Jcmc4TW1fZzdWTkxxUVVRWExNc2FEMVFUS3ZJZl8yMkNWcUUtVnZXcmh0ZWpTMGZRV3dCZHFCWE43X05lT0hYSDduZTd0TnExdGpQS2ZxbVJmWGFmaGlLWm5RRkZ4VlRRSDFjV1Zxdjd2WGw5SWI1Q0kyRnduZzRyRjg4TlJZVXZYRDJxcXZpWnhJ?oc=5","DW","Europe","1782139463000"
"Iran... A Story Similar to Iraq’s","https://news.google.com/rss/articles/CBMiggFBVV95cUxOOF9QbElzWDdHeUlCUHBUMzYwbEo5U1o4ck1NUEJaZTRZbFREMVdqcHR2LUowci1GR3lqUGVUQmJPRW5HS1F6N1kwMEdsM3RSSTBMN0lreTdJbGdPSUJNT0prLXRRRnM1aWJRcU9JblY4b3FTUE80UDFsazd5TUFLNFlB?oc=5","Asharq Al-Awsat","Arab","1782141615000"
"JIJ report urges prosecution of Iranian missile strikes as war crimes","https://news.google.com/rss/articles/CBMiX0FVX3lxTE9jZGRodWVmSi1pY1cyLVBURGpiT19UX2w2WEFlQzFhdTJNRHh5TW1UN0R4bEhKczJQVFFyVG45OWtvd2xhVzA0RXpFRjJGdmRKUktSeVFQVk1FcFFtUnNj?oc=5","The Jerusalem Post","Israel","1782141582000"
"Marco Rubio travels to UAE, Kuwait and Bahrain to sell Iran accord to Gulf allies","https://news.google.com/rss/articles/CBMiX0FVX3lxTE8ybTRmTHBUaWp1MG5uTm43V1NUTGlzNk1DaGltTE5yS2VBRExGRTZNemZMSm9HQUk4Z0hKbHlwM0lwVndDc0VkbU9ONnVRNFR0SF9KbzA2SG8xZjl4MklZ?oc=5","The Jerusalem Post","Israel","1782141561000"
"Hebrew University: Most Israelis view MoU as Iranian win, Israel security loss","https://news.google.com/rss/articles/CBMiXEFVX3lxTFBWV0QtWmRlN2FXWXQyemZMeFBTZmdBSnJBREQ1NnI1VGZrTmVJMUZraV9mM3o2X211T2hpNm1WbXNIUHYwNzlGLU5vSDAtU1VHenBZS3VtdXdzZnpE?oc=5","The Jerusalem Post","Israel","1782141457000"
"Who Has Changed... Washington or Tehran?","https://news.google.com/rss/articles/CBMihgFBVV95cUxNa0hfNGdfTkIybmE2S0w4N1Fza093bGdMS2Z0TUFLZmdMRUEwVm5ieHlNVnZlRnBpWDNFUXVwRllfNkdic3hSNDZmck40RU4xR3lHdkRXcGIxSnJfU3E1bW4xLWRfNFlhVnh3WkotZHhiNWFBenRPV3ZkWGw1MU8xbE9ST25VZw?oc=5","Asharq Al-Awsat","Arab","1782141316000"
"Ship crossings halve as Iran closes Strait of Hormuz over Israeli attacks","https://news.google.com/rss/articles/CBMi9wFBVV95cUxQN0daWTJ4aGtmUnlMRXhjVHJwaXJyTnh3R2dIczlLSGZkTUJYd05zaU1PT2hUZHh1WlVDR0hDNHlvMXlaWU1qMzBfVjhLSk9seElkWTVqX01DQ0xQVWd0RUhGQ3Uwd214dWdnNXhfbWxiaUpvWVB2SkdjRmJDY0p5T3B1NE9KWmtwMzBZS0pwVUxMa3A5UGxNSVB4cmktbm9hZkZ5ejJyV3FQS19JcGV5NjdaUWRFdFd6UUJHNDhjT0ZlMFExako0MTJQOEZqTzhIVkg5dy1YR0YyZURKUVhfSlF0SklEbGgtTTI2S05iUkJaTGQzM05V?oc=5","The National","Arab","1782141075000"
"US issues Iran-related general licence for oil sales","https://news.google.com/rss/articles/CBMipwFBVV95cUxNOGstcFJ2bXVVUm5DMFpTQ2NGemlsSFNWQ0IzVHplRnJFdFlEaDZod01QU1ZPVXpGa0U3YzFqT3R2ZVE4U3l1WmllM09BZVZVY2lDR2kzNTNRTklaQzhjMUNnbkpfLWoxTkY5MFp1OEdYRUg5c2kxakR5TDlTeEVReTE3U3lGS29rY2xrMlJuWDJpS1VPVXRheHhMLW1xRTNfWDFCZ3NIcw?oc=5","The National","Arab","1782140899000"
"Qatari PM urges caution, says ‘external circumstances’ may affect US-Iran talks","https://news.google.com/rss/articles/CBMiswFBVV95cUxPYnAwRmpSLUxabGloOHhCaTg4NC1BZ2xJbFhrNUI0a2pOUmt2aEtlWGRVc3BKUHpTV0ZLNEJxRDJ0V29oV3pjZzB6bkZPV1J2UG5UTU9yd3JLOEN4UTZnMGpTRDMyZEp0eXMwZjFLYlpPR25rVzI0VF9sYXZtUHU0eklUdFk0c1Y5N3dBdEJHMko5NVBHTndLb2d3T0E1THpRaW5XdGR4cUF3azRxVzhVSFVtQQ?oc=5","The Express Tribune","Pakistan","1782140690000"
"Airline ticket prices may stay high as carriers bank fuel relief from Iran deal","https://news.google.com/rss/articles/CBMiswFBVV95cUxQODgtYzRSaVFWQ3Fac1dEVlkxTExJX0dvVUZaQzhIc0Y3OHFnRUVYU3FZaEFaUVZfMWZQaWFyREtCT0xVLVlLWVpsVjNXaGMyNGRyYndER09oOEdJeWJDX1UyTWxBZzl3b0VDRnJMS254bWtqMlFsMm4tQTFPY3UxUDZGMllGTjd1b0o4YVg1R2FZLURBbDlzd18zVVpqRTZfQlhsalhHY1VsNGdYOGtLcmxtTQ?oc=5","Dawn","Pakistan","1782140628000"
"Burgenstock Resort: How a Qatari-owned Swiss resort became the backdrop for US-Iran talks","https://news.google.com/rss/articles/CBMi1gFBVV95cUxPRTB1LW42M0gybEU3OThrQ28ycFF1aXdJLURwYjNyWWNDdmttMWl5aVhObV9PQm9MRjhMMTJIN2R5ZEI2OEk2dHcxb3lFRUI1eDlMZGNNRHNnNk1FS1ZkaTZmb0o2X05CMDZpQ0FBak1rajlEMS1GeDZxNko1NUtWWWdHbjNzenNFNEZ6bFVXWmgwbVNNcnNUbzdET2VDNHRYWVZOZHlfbzJuaWhUZXlJOVRJVzNnRE03UWp4WkxOYWVZR0hfWTBNUzk3dV9EVDJPclNMTHJR?oc=5","The National","Arab","1782140597000"
"The limits of mutual assured destruction in a nuclear Iran","https://news.google.com/rss/articles/CBMiV0FVX3lxTE80TjgyT25aTzA5d25Gb1RtaWxZN0VVZGRUTUVQNzFBbm5KVHBTdHltV3kwdWkxLUpZbGxLM3NPOWlJeEM0NkNtVWFWMENWMmFBWm96NFRYOA?oc=5","The Jerusalem Post","Israel","1782140400000"
"Iran World Cup player: 'It's our culture, when things get difficult, we perform better'","https://news.google.com/rss/articles/CBMi1wFBVV95cUxPQ1ZONjJ4elE0SXRLaUpFaG11YTJYandreDY4Yi1zanRidFBxNTk3SEZMR2w3M0Z4alBxN3Ewak5GSF9meTc4SzNFN2duS2JCZ1BtUm5zbmFuZGNuRE82TUZTR0Q4eG1SX1ctSFlZQ2sxeTZFMnZ4X1JMSWJ4WGV0OVBMUU01MVRxR002LWREVzFxVE5wY2I3STQ0cGhNOEV4MXFUaVhfdHFCYm5wSDI4c3JmNEFmYjJhd3dyODRITHhpR1VCYkhzdFZUaVNoWXJEMDg2TENXbw?oc=5","CGTN","China","1782140084000"
"Vance says Iran agrees to let nuclear inspectors back into country","https://news.google.com/rss/articles/CBMihgFBVV95cUxNcExucFp3UThuY19NUE5ScE94X2NaZ09NUHRxRlJKNi1CeHFzVGJqaEJkc0NjelNRakVhQm9JWk9tVDg1bTlaZG1FMDJUMmRBTjd3bjV0Tmtfa3FQcEc1OUZIY0EzcmRmNXlPaXI0WFZ6LUhFLWlUSk9lNUVBbVhWV0F4bW16UQ?oc=5","Politico","US","1782141930000"
"Keith Kellogg tells Iranian dissidents the 'window is open' to force regime change in Tehran","https://news.google.com/rss/articles/CBMiqwFBVV95cUxQR0JYZFZwSF9DMEJHNUxpNF96NFIxYVZMbW9DbkJ1RGFVNWg3Yjg0RDBPZ2U5d0xQWVhjcW5ydzBGMHlPemg2d2JSaW0wV2t4WW1fdmJUb1RtU1hVMUtsZjJOeXNBeFBlMjdHNzJ0NTRjVk9CeGJBMk1aM2xNdUduSjhxYnY1b2p3QVlWalFUZHBOZlNWd3hZcGRndWc2anJvdU9reDFTNC1ZSE3SAbABQVVfeXFMUGhMaGRLeGFSNUduT0VMMktFUXJwN0JLc3VYTVU1UVFoRTRfc01wZVg1RGhsVkd5RWdmRlR5YTlzUUYtelRZOUF3c1YzcVMtcENGa1NSVl8wcEowdkw4NnBuM1ZaUlFrREZDTEkxN1ViUy1FRHQ2V3k5OHU5QUh2VVJWejRDTHdFNHR6NUFCdHpQZXhlb2lOVXJwRlRZR2hIX05YZjVldlh2N3RjTU1ENGY?oc=5","Fox News","US","1782140975000"
"Kellogg addresses Iranian opposition group in Paris","https://news.google.com/rss/articles/CBMiVkFVX3lxTE16VU4xLWVfMzJEWGFFWW15eUM4OEQ3cXdnM1RxOW9YaUhjblVDNXFQTWxqNVZKQzQ1ZEFiSXFPb1Q2TGJRelF0Umh6elZPdFh6SkNDY2Z3?oc=5","Fox News","US","1782140400000"
"A long-term effect of the Iran war","https://news.google.com/rss/articles/CBMi1gFBVV95cUxPd3hvMXEweWR1NmJLb2JjaFM5OXFqZEUwLXNVVTZTMTBGclV6YzVmTWF0R1A3dUE5bDBuVDRRcHpQWmRVUzZKRkI3Y0NrcEhyRC1MaG5vNUpQZHVLdDR4X2dBdkNGQzFOak9VVjZXcUw1enFpa3hDenhtNldsMTZhSFpqVjBQS3h4U18wMnJVODN2ekJaUENheUNKNFdkZlEweERqRDZSeDRzSFBrcDk5Y21EZGs2d3JOSktTLVJlUy0zZ1dYbU5NRmgzbUUwU1luSGxWanNR?oc=5","The Washington Post","US","1782140100000"
"Rubio heads to the UAE, Kuwait and Bahrain as efforts intensify to end the war with Iran","https://news.google.com/rss/articles/CBMizgFBVV95cUxNNTVkSUNfRE1lYTVhU0VXVzRyZ0dZTWdJWjcyNlR4Uk1sMjQ5Tl9LaTBDNXltWWZHZ3l6dE5oRU1XbmUwZ0tCa2FMWU5VNkNlSUN1NmZBX3RFdlZ3Q1JwS08wY2RTNWNnaVZCLUozaDhMQWtDeTY0US1CZTIyTGxFSVFfZWktRlZSNHlvY0ZzSW5oSWFJaGxYUFFBRFp5NVo3cnNUTWh1OVdQSjBJeF9vQ0M1QmxpUk9SVi1PNEEtb04tcmNneU5LOHdhbWpLQQ?oc=5","The Times of Israel","Israel","1782143855000"
"Iran says it didn’t make any new commitments on nuclear issues during talks with US","https://news.google.com/rss/articles/CBMixwFBVV95cUxNdHBFNEdMMjVsSDhnaDNBVDNxeDJHZEhiQmpfb2xTYkliYWdfSmVTVExMWUctbmtUZXdlSGFVdW9pX1JxNlBHU1BNZDg4Vzh5SWd0QXI4U3VKeTVaMGxGWE8tQkx4eDRaN3NlOUwyRFpOZTFVV0RyazU0OUxIWW9ybkstWmJuUU45T0dzZGVScVdlVm9mWEt2SmtVaHRuOFk0MHdmNG83M1lQcXZIdjA0SWl2ZFdHdjk1TGhDcTRFUDJZR2ttRmtV?oc=5","The Times of Israel","Israel","1782143555000"
"US Authorizes Iranian Oil Sales Amid Talks on Final Peace Deal","https://news.google.com/rss/articles/CBMiogFBVV95cUxQOEtNdTh1bllEVmg4Zk45U2VzNUxUa2FTRzByZzYwc3Etc0pQaDZfd01MeXJRTHpseERMbmhNc2ZmZHRyQ3lQaEJMTTBZNlBzMzZ2Z3BwSVZlQ2Y4dW5PR0pGREk5Tjg2ZzBMUklLekJJVVZfSDJ3TUtXbkNmdlZtUkstV0NXWWlJa0tBSGhMRXJQR05pdDhvOXlCVEdDOHNaU1E?oc=5","Asharq Al-Awsat","Arab","1782143338000"
"US partially lifts Iran oil sanctions amid ‘encouraging’ talks","https://news.google.com/rss/articles/CBMiowFBVV95cUxOUU9JUFRuQUZpYXZHOW41LXpUcGJGUmh1c2J2Mkk2Tm5FbUROWVB5WllmdWMzalk2dDNDLXh2MDBWOVk1MmRmSEIwQWE4Z2dJcGd3U0J5VGR1MnJKR0VJaE84ak9LSEhVU0s3eWJjZjZzRjhWMWdRWEhtNUxuODNITUJ6OHdsV3VuUU9IYkpEUnJMMG0yWWl2NElBOENRUndNdENv0gGoAUFVX3lxTE80M3kxY0J3d2lVRklaSVUybGtNQjdqVkF2VWJza3ctSmRoamdnMjE0VktNM2l2ZmdXZkRFMEplYVJCWFJBSnViVHBqMFkySFNPemw5QzlpWGdfV05QZmNUb1BXeGJxS0ZTY2Z0RU4yRXZ3Mk9wTXdhc1RiVVhfcFFmUFFWMXpEcjNLOGE0YkZUendHSllDcUJhZUFSbndPRWFENDZ0WVNsNg?oc=5","Al Jazeera","Arab","1782143100000"
"Analysis • From the Alps to the Litani: Iran secures a foothold on Israel's northern border","https://news.google.com/rss/articles/CBMipAJBVV95cUxPeHpzdnEtcEpwWWdYY0JkMkp3RW5ERlBxZjVwX2ZEQ3hvRk5lN21tLUgyZDYzMjZ0TlFnZGczVGd5QkVNa0FNQTBtem1uNnZtWlo3dVhEel9TZ09QV3J5TmJ2THRZUWZTRUZnbEdsd3lVanBHTGRaemZ3aVNXWERVejYyR2RqYnRtdlN0V0VPYmlKMnRnMWo1MHR0cFU4NTNwanZoT3JmTmZFd1h6UXhHY3FYYUVacTZjTkhrQlNWMUNpUGxyNzZ4d20wRFdGTnV3MGtnc2I3UEtrckhhNl8yUGdsWEx2NHd3b1NjTFlfc2RXUDlMYW1BeHF0Y2hLQUVidFVWS3RnZFVSRTdKZ0FmTnd0SUpPWlNsZXlWWEE3cGxkT25E?oc=5","Haaretz","Israel","1782142860000"
"US says suspending sanctions on Iranian oil until August 21","https://news.google.com/rss/articles/CBMiuAFBVV95cUxNWjNhb3YyZXFhRENpbXFiOF9kd0lJR19rcVZlZVFyZkRtZ215S3hINGhnU2c4aEpHckZRS296U21vdkVXSm1LYjVhZEs2dU9rS3lySmM3YTJ3UnNwNDBjb2V4VHBxTWM3bkVCNUFJa0MxbnVaMDFQd3VNbjQ4cWhwZkJYaHFtLWdjSW5aMV83dHBObGFuV3k0Y0ZXQnczRXpGc2tFSXNmNVBCMWsxaElqMFhEa2ltRHEx0gG-AUFVX3lxTE5KRmY2d3piYURjdWdlUGZJSFpidmdLcXEycG5DOXVtdUpzeTc2R21CdDdTWVQ3Sl9qVlNzdno0RGdPY2JYSHFPU2V2VG1nRjJMM2txb3VwdG04c0xpUWNmSDFaaHRoaUZZdHJyYlFEM0NVazlVMjJ5czZYMTlpV1B5Y3NPWnBYU0hzTlpRZWRGUERiRUYyLWN1SXdoN2Z1cHIzWVlPbnpZckY2Y3M4Wl9uVk9hbDczVjB1QzFneFE?oc=5","Al Arabiya","Arab","1782142680000"
"Vance says Strait of Hormuz open, Iran to allow IAEA inspectors back","https://news.google.com/rss/articles/CBMifEFVX3lxTFBnSTFTYzI5ZGJvNzRaZTV1UDZpUEwzclMxSnpubjFsNXpYTHZiMTd3RkxyUHhnTnF4TnE0LU9LVVJOMEs0YWxzcWpMcFRsdExxYkJfY3B1UWN2TExUUlNZcTFVYVZnN3V6cE1CZ2ZSUlRfN1FQamdWYk9pdVg?oc=5","Xinhua","China","1782142215000"
"Urgent: Iran's interaction with IAEA to continue as usual: foreign ministry spokesman","https://news.google.com/rss/articles/CBMifEFVX3lxTFAwYU9iU1N2NzNyVEJvN2ZvRzNCYlVNZnJjN04zUEUwX2IwYWRzTU9WSzZLdTVxQ3Jrb0l4cjdYdlkwMUFwZ210dmZ1cXE5Z1Ftb1M2a3hWVVVScXZpdHVEbE5qbUU0Wm9ueTY1QzY0OHNJbFl3Y3FWaDBwSjE?oc=5","Xinhua","China","1782142065000"
"Vance: Iran invited UN nuclear inspectors back into country, in ‘major milestone’","https://news.google.com/rss/articles/CBMirAFBVV95cUxPVGI1QVV0MkltekU1RlVkWmhHOEdmUDQ5UDJZNkpyTER2Z3U1Z1pNZExaRTVFbmhWSzlaMFZZdFVDSzM5UzlnRVRGb2c0aWtqcUowdDlXNnA3TlhUM1hCRWpESzJ1MTVNdHg2N1lnQWs3YWlpZFhReVhFamFaVl9aTnMwdUg0cVRURHY3U3p6OWdSYlZUdHhNTXBZcXZoY25aQmdmU2FrR182ei1t0gGyAUFVX3lxTE5UeEstd1VjdUZRdXFpR1pUS0RuaENERm9GQloyc2R2aGxKUURhU0w2NGRVZVl0aThrYUxNTzFpSTZxZzJNX2dWLWpTNEgwQW9WbG9Ha3JTLTNxT3k4QVUyRDljQ0doU2NvQkwzYmFvTllIT25BQXkxWkN3bFJ4WHhwbW1fUjZSelBUOXB6RThIMzU5MXlSUkNxazlYNWVWLVUyWi1QaDFXQndGNE8xNnZyUlE?oc=5","The Times of Israel","Israel","1782141749000"
"Iranian president to pay state visit to Pakistan on Tuesday","https://news.google.com/rss/articles/CBMifEFVX3lxTE9zdi1Td0JLMWVsNGI5eXlrbHk2YkJMbXlZQnR1ZTBVNlJzNjdJTlNGWFB4QnZuSU9kZGx3WGlIZVF3TzNsa01JX09tWWFhbUtYTXpQRF85VEEtTmtvNmJza0xrOGNxV2t4OHZ0aWllTUJsZU1ZWlBpT0tkUVU?oc=5","Xinhua","China","1782141450000"
"Explainer: What to know about the first session of Iran-U.S. talks in Switzerland","https://news.google.com/rss/articles/CBMifEFVX3lxTE1UbVhSWnNRcmhHNk5pQUtNNG01YTBiWHZwZDlSRTlhSWZHZmhWb1VpMjNZQ19fc2l0dGFOWDdxb1hRSDRJRzlDbkxwUk9aM01jcUF4Rjd4UlVERkUyRzAyYU1uUGRKYndzWGdiTTJCUEZObkdNSDlWSVRheEU?oc=5","Xinhua","China","1782141360000"
"US authorises Iranian oil sales amid talks on final peace deal","https://news.google.com/rss/articles/CBMinAFBVV95cUxQLXYxMkN4U1pSbUFrbEN5aWMycFJTcjFDeE9iWUUwODFjcXlYdjhiQUQ3TXVrSE0zZ3lERjRQQ0Y5YWk2emdnaHNVR1NiQXFrUC1qUllzQ1F1M0xJWnFCclJrRVVnZ0ZQWVhvdUxqb1IxZlJzN0QxYXZoUkhYRjlxLXZlS1U2NEg1allzZjQ3dHV2aVd6alNMQWdRQmg?oc=5","Dawn","Pakistan","1782140883000"
"Egypt, Pakistan, Saudi Arabia, Türkiye convene in Cairo to discuss U.S.-Iran MoU","https://news.google.com/rss/articles/CBMifEFVX3lxTE9QQk1PYTdIbVBIaEsxZnphcmQ5WHBFQk8ySUVDN191OGtBaUJyVElfYXBydVlFT2tZQUpDeDdCb0sxRHc1NXhkUnJ3OXBqeVlyZzJkWUYyUHBkRVRsb3N6TlM0aWFVcmZVbjJEVkY3U29BZmpqYnMwMnRvUkU?oc=5","Xinhua","China","1782140672000"
"Why the Israel-Hezbollah Fight Complicates Resolving the Iran War","https://news.google.com/rss/articles/CBMisgFBVV95cUxNN3lJZ2RQWUNJeUkxc3hIVlRGamhuMnBIc2RTUl8xUUJ0b0kyRGJvX0JFT1dUcmhOSkxBa1dwZ1d0OWFtUTlibEJGelJkQjlmRU8yeHd1R3NwMDNRdU05MW1MZC1hQ1gtcTB6Q0dsV283WHRjbGp2c29xQ0owanl6amE3OWhhM04wWklwYnNUT1FELTNXMkdReE1BamFkcmJJZDBUT3ZnVXdRcktJRm44OFhB?oc=5","Bloomberg","Global","1782143113000"
"Vance: 'Good Day' of Iran Talks, UK's Starmer Resigns, More","https://news.google.com/rss/articles/CBMipAFBVV95cUxNMkZPb0lrc0lqN09PYVhWSUMzZnU1NFV5WlZjcTljQTh5bnhrN1RIUmNfZGhCeENvdl9mekxHdTN4X0YxSnRfd3FFR2l4dnhzSW5mSnYzamxFb1ZZT2p1dmtjWEVNU1BfSkg1dmRJa1NzNkRfN21faUNTZEN2dU9oZGNRMUFTeDI2cV9GaWZvQ1FTTG13YjdMRE1kRlpXRUlicURxVA?oc=5","Bloomberg","Global","1782142475000"
"Bulletin world briefing: France’s heatwave turns deadly and Trump threatens to take over Iran","https://news.google.com/rss/articles/CBMiowFBVV95cUxNaTktdHBPYjFKQWNLeVpYSGNuWEZObXF5UE9lVzZIVThjZnJCRUVJOGZnaFBLMVJxQk9NM0J4a0hjYk8yaEVrOXBWUGM4anRqSnl5SnI0X1JTLV9zTmFaQTh5MlVTeVdVSXVickpDRWdaSjU5VXRDZTVxbTJaQ3poU1NSdWdRb1ZfRmY2YTNERVVPT21ienpqaFVEQmpmaVpkMEpz?oc=5","The Independent","UK","1782144240000"
"Retired Col Mike Jernigan: US military provides foundation for lasting agreement with Iran","https://news.google.com/rss/articles/CBMiVkFVX3lxTFBLSHU5MGRQRndCQi1fZlpTM2MyejFXalh4ekVtVEhUeHZNWUVURWVFaU9yQ1hwX1J6Y25SRk9yWkUzbEwyMDJNVGdMRXZwSGcwTno0UDlR?oc=5","Fox News","US","1782144048000"
"As Trump Feuds with Italian, U.K. Prime Ministers, and Threatens Iran Again, Peace Talks Seem Stalled","https://news.google.com/rss/articles/CBMi0AFBVV95cUxPazJyN3RzWXdjTVA4Vm5GVERQVGtPZDFyQmxmbjRNcjZyWEVjTkVjMjgyNlcxVnBXalRGWUt1eWxzUm15TGxsMTZ6bmVvaDBFSU5DX1o1RHdmQy1rcG1PMWVJVWJOd213emtDX210Xzk1eUU5Sk00SGhwcnVhYV9XS1BZaHFKbGJyYllZUE9MNVVKQ3JxcVowTXNPNl8tY0hra3hWMXZlUjhTcTRGcXZfdGRBZXR5aDNSbmgyN3NDY1A5Wndod3ItU2NjTkNmV0RE?oc=5","Fox News","US","1782144017000"
"Iran Talks Progress, Alan Greenspan Dies, Serena Williams Returning and more","https://news.google.com/rss/articles/CBMikwFBVV95cUxQLUhKMGxKWF83MGx1cDFRWDFLRW81MG4xai1idUJIQ3NhMy1CdDJwbUFXSWNXcEpvYmJEVm9fZ2VBbWc4T0NiMlF6dGtyY2NrS2FnQUtIRFRlVDc2NDFvenZqTXAxTm5yT19CLXlxVUZzemY5bWZCdzRoYTlwZzRRbmxSRTh1alRSLW16b3RNSXFjYzQ?oc=5","CNN","US","1782143876000"
"Retired Col Mike Jernigan analyzes military's role in Iran talks, Rubio's Middle East visit","https://news.google.com/rss/articles/CBMiVkFVX3lxTE12cVg0bnljOWloSVBXaHlQUWVwVGU3Y09CcHRMQlJGX0JDWEhZUGthakNiaGk4QW9reDBQMFRiYWdyT2V1d20tWWNOMHg5akFXRUNDcHN3?oc=5","Fox News","US","1782143157000"
"Rubio will visit Gulf allies amid scrutiny of his position on Iran deal","https://news.google.com/rss/articles/CBMiwAFBVV95cUxQdVJRMnFLNTE1UUxMOW1PZEhxdUdtUnBTM29IbXBQSjlQYnBkLW5zaFJWd3B4VzE3Mm9pRnY3X3QwZ19ZNHBFN1l5aGxjX1FPVE9yZG1qOFJGWWlHZmMycEc1NkRnMjJibUh4c3lMLS1rZnBhOHVDOUl4dTRYS2hBWnFRNWQxTEdpZEQ4MDZrS2FoVWs4S1licmdUNFdNbWJOSHZBeVNPY3phdXBXZFozb3FlVVdrdDdMaG1nc0k5WV8?oc=5","The Washington Post","US","1782142352000"
"Vance announces progress on nuclear inspections, Strait of Hormuz","https://news.google.com/rss/articles/CBMiVkFVX3lxTE4zWlJVd2RRUzdOT09pblVPSTFydnBRVTdOMTV3dmRIOGpuajdRcnhrQ2FWdXVUaXpnZkp6Sk5FV1dJSG1VcWllcEllSmxueDJNZndJNnlR?oc=5","Fox News","US","1782141804000"
"Vance and Iran Cite 'Progress', UK PM Starmer Quits, More","https://news.google.com/rss/articles/CBMiowFBVV95cUxOR1QwSnFmSWJORWhud1lCbEhNUmJwSmNzZEV6bEFsQWlCVXVCYUNiMHpHWjcybDJUZE1NZktWUUQzYmZ1TXFRM2s2b3psdGdXY09xZUdDMXFOQm5WckNHR1NEQmhFY21MY0VRU2xnb0lnT05zb2d3ZTJkTUxjb1gzRXNoNHpLUEw5dXpYRDJqbWtYenZFMFBJc2JVN2V5Wi1SUC1r?oc=5","Bloomberg","Global","1782145005000"
"Vance says talks in Switzerland with Iranian officials set 'good foundation' for deal to end war","https://news.google.com/rss/articles/CBMi5wFBVV95cUxPenZIZDRSOXZyYXZ0Um9NSHJwSmlFeExjbHhTeVU4c2c0WDBUa09YX21WdjlydTR5aXZTSVBEcUtUVEl3MUxnODNHcHcxVFdMVFBCRzU0cjRVcW50blVwVURlT1JxZDlWbV9uMGIyOENBNmc2bkw0U2ZWX1FDY0tlV2xnaEU4c0l4MU5yZGhkNF9jYzBfTTloTV9OVHRJUDdUWmRkeDNoak9kVHltTXBXMmphZTJkQVU0VEtIOEhMT051bjRBa3NLTF9qZ2NJakRSN0JHSjVPWnBILV93azMwM3h1R2VNaXM?oc=5","Associated Press","Global","1782144600000"
"Rubio to travel to Gulf amid Iran talks","https://news.google.com/rss/articles/CBMingFBVV95cUxOc0hiUlZKYV9QRmlDaExTR3R0WUdoUFZGUVNEeWkxUlhTdE45cFJqM0hNcXFiZDV2YlYtZFZMcDVUS183dzhVZGFsQzQ5RS1ZNVg4UU9VMkw4NnVoaVFrVTMtdGJwT04xOFRjdGhJdDU4YU1Pci05clp0Ym5aODR3ZkZVbklhNzlOWDNkM1YxS193eHVZZVdtSENBNmVxUdIBowFBVV95cUxQMzZ3N0NkaDMzb0dQQ2NzbElfdzk2Ukp0dUNFOUtqU3QzVHVKd2ZKRTJtT2ptbzlIbFBtWV9mYTdpZlcwTXZNOE9ZZXZLampwSGRwcEx0REhQVEUzaWcwRVF0TjUyaXk0VDVyQkk2MGQxSGtMWUJCXzJ1WFdqN2tVT3Q5SVVXblZmTjBYc0h1VG1hcmN0aGZsSl9PLWZKekdYdUhV?oc=5","Al Arabiya","Arab","1782145380000"
"Iran did not negotiate nuclear matters or add to commitments in Swiss talks, ministry says","https://news.google.com/rss/articles/CBMi4AFBVV95cUxNdmRhS0VNanlHSGIyck1EMks0Z0JvR3J0Xzlpd0hKR3FOZTgwR1dfOW9CUzdNSVAxWXR1cjlZalhOUlhYTW1YRFh1TDhoZU9lRWJ1YldxSnRUWGt5YmVLU0pQaFpEdGJ0YnF6cFdqYTZFY2ZmeEtfVnhnZDA4SkppeFYzWEZZZGc2bk90blhnYlVZbDdkNE5KcEthTF9NbXZrMVdBU3lKX2twNFJNLXFCZHZBOGdYVUhMTmZYUDhQZzEwRjhvOVBwQmh4czFsSVBqZHYzbGxiMmt1SXNmTENyNNIB5gFBVV95cUxPbFFlSDV3Uk83Nmhtc2tMdnNQZjhyTDRfMVRtdnM2cnpka3p6NVVzTHdVaXZjZXE4NXVXN3lZR2xmeEljd1lyYnpFTWRTTU5rckk3SENhQkpWdF8yUEkyVnRPblhCYjRvY0d2azFpekhRd3EwRkFlT28wMnE1TVVwdVFiaVE4Y0h6RXFmRGxUZnNzTlc5dlRxd25yN0tUdVB0MzZMTXNCTzRoNzhPM2JDZENhLTktbngtd2UzTWs4Q0E5dGVUSHFEY3Y5ZndZZGk0cWFKOVZvZUlCdF9XWEVzelJEdlY2Zw?oc=5","Al Arabiya","Arab","1782144420000"
"U.S.-Iran Talks? Israelis Just Want to Know When They're Getting Bombed Again","https://news.google.com/rss/articles/CBMinwJBVV95cUxQb0d2TC15dWZVdE9xRWZ1WDAxM0cyYk1KUDloSFkxTGMtUnRPSnB2YTVYNW8wLVlDcG01RTV4dUtYd0ZPUV9TZmMwRi03Z2pGdGNQdWRMR1JjbVppNk1xY2VqWVpNT29mT1d4UWJRMzJzUVJwN1BxU3lYUVk2SWxTVm10SzZ2dWllbmVrRVR1QV9uem1uSlNIdGFGQWRxUUdaUTFDNDV3eVJvU2JxbHY5d2RTLVZpeTJyTkVEWXpTbFlURmFnNi13VjBVbURvc29RdlVvWElGS2I2azE0d2JrRmY4MndoRTAwWGZhRzV4TDNwS01CRXloZUJFb0pzNEhGcXFGcHpEY3dyOVduRmpFeFN1WFlxNHZSZUh2dUZZQQ?oc=5","Haaretz","Israel","1782144000000"
"US authorizes Iranian oil sales amid talks on final peace deal","https://news.google.com/rss/articles/CBMioAFBVV95cUxNZkRsMTU3Tnc1R095T0IyQTVxUDlqQUhCcnBjUnMxT0R4UjBrT0xlajYxZmwwU2pDMjhHbHZ5b01ZNjUyMy11UGlSMGxTVTdPM20ydHA3aHh2a01uakN3Tmc4LTRLSDRTcjV0WllfdXRZdlN5Vmp6REJFUi1EZWhFT19CNl9WVl9HQlp5ckxWeUZBZnFYa3RadDA2TWlZbGVp?oc=5","The Express Tribune","Pakistan","1782147282000"
"Iran energy crisis will ‘boost’ global electrification, IEA chief says","https://news.google.com/rss/articles/CBMiowFBVV95cUxNR2tuc2xmMTlfTmc1RXNVaFlnWFU5Q2I5b1I0TFJGTXBVTTdONjQtRUlYcFNmdHc0LU1yQlFfTGh2bDctcEFYMTZCS2FRQnlEQjkzeE9mNVBLbDBUSS1GejNoVG5SdW9TdmF5dnR1QUZxeDVBUS1QMm1DeVkxQ0gzSnlLdFc1YXVRdk9mRUpUVk52VFFBMk8xWlZhcGRnTEZGNktr?oc=5","Dawn","Pakistan","1782145660000"
"Vance: 'Good Day' of Peace Talks, US Waives Iran Oil Sanctions, More","https://news.google.com/rss/articles/CBMiqAFBVV95cUxQQWc5YWdrckdjeUo4LS1lMGYxWEFMekYyNkNjTFYxaTZQZnBiVEtQNTdfMjI0ZTNwUUdGRWo4aUZ4QjlacEQ1cHpNc2pqeXpqclFlWXZkNHIyamNEdzZOdEFISEQyaURWd0I2R3lSS3c3Mk5JSzFEUXQ1bEg1X3VKbEl5ZFdiLVhDdGN0empWRWxsdWl6OFN1R1pwMk5ZcGZVMFBOeWxScHQ?oc=5","Bloomberg","Global","1782147822000"
"How to bridge the impasse over Iran’s nuclear programme","https://news.google.com/rss/articles/CBMicEFVX3lxTE1KRkt6MlAxbmZaQ1FWZi1GbTlsaV9rUFdyTUo4dVVMa0ZxVEJWakpfdE1ZYjFMRzZCUlZESjU3a3k3WmozLW1lOTJ5OUtzWG5pUHRXYURNZ3hoMHRkdFNLRWV4aWZLaVNfOVBSREN5d00?oc=5","Financial Times","Global","1782147359000"
"IMF director says Iran war fallout creating 'difficult moment' for Africa","https://news.google.com/rss/articles/CBMiugFBVV95cUxOVmpTLVgtODBWdWFGb0ktcTBsdGtTb0FGNnU1UXFkRUFtT0FnZHFLZTVxV0tzUFZMTkdhS1BidXEwTHZlWG03aXhFQ3d3ZTZLX3RIYnJEblc5SkVCbDJOWmZJX24tUmFad2ozczdFcEQ5ajg3QUxrN3NaQTBBcFVvUGN6eXR0aTQteVFrM0Nqdm12RGdjaWxQR1A0T2x4VDR5b3MxaGF1Q2dkU09yZDhJcTloMmJEU2laQVE?oc=5","France 24","Europe","1782146829000"
"Hormuz: Traffic flows despite Iran's closure announcement","https://news.google.com/rss/articles/CBMipgFBVV95cUxQX1Q4Vko4eWd6eXdtM0NNM1c3NVg1Sm9BT2p3WVRoTDVENmlNNHBuQkpMVXBuRDBRbEtoXzk5b0duWkFrSHJ5aU9BeXVPMzR1ak5EWGxvV25nNkJydTF0UlNEVElMOGlBV0poUldROWM5MnNtT19qTDZJalY1SnJoajZRby1oTEhEMDc1dFIyYnVfUFBhUUVWRTlSbUJ6TU92ZThNcW1B?oc=5","France 24","Europe","1782146592000"
"US lifts sanctions on Iranian oil exports","https://news.google.com/rss/articles/CBMirgFBVV95cUxQSzVkQkJMUm5ZX1dMT1ZBa2N4R0FNZzZuMVdMNUJOZHNobFFpa0x6a0xhakNLa2IwVW12TllvQ0VnY1hwbkZZR215SDNHQTN6WmhQZTdSS3RrMWFPN3Z4ZERaTDRsaWNUbXFCcy14ZzdKa09KNVBsYjZybG9oM2gxSnZNYi00YlVielUwRHVxUERwSGtPVGc0TEFfbzhaTThBMWdxbFR3M3NTQXBTMWc?oc=5","The Telegraph","UK","1782147660000"
"The scale of Trump’s political blunder in Iran is coming into focus","https://news.google.com/rss/articles/CBMibEFVX3lxTE5NNnQwamxmanFPSTRPTklDYnhhSkljSjZ4Ym1JTUhhQTdNcHdudVVDendaeXgydE1YZS1zN3VYTTB5Z1V2TkxHclVxVGJLWnJZbE5vS2hRdDhHM1h3akdrcElmbWQ5ejB5THgycw?oc=5","CNN","US","1782147121000"
"Vance claims Iran will let nuclear inspectors in following ‘great progress’ in talks","https://news.google.com/rss/articles/CBMiqgFBVV95cUxOZzM3d0dUd0hOTURsMDZpQ2otd0hwc0M4ckZSRFhLLTNIUExKVzlHVTRPbW9XZjhJcjRHRGM2NHc1QU1CUnY1djRqclVUUzFycVZhV2RSTnFaOEtPZ1VJMndTV0Nhc1FyX0gyOERTWkpLV1NtNG10U2RQaXljbVA3X1l1UFA3VWl3N3lBTEo1X3hmQ0I0WXAtZ2tQb2hKMWZRckxmN0JjSUFZQQ?oc=5","The Independent","UK","1782146760000"
"Trump threatens to add NY Times' 'treasonous' Iran war coverage to $15B defamation lawsuit","https://news.google.com/rss/articles/CBMirwFBVV95cUxOWUZ2SFpvMFg2OEYzQ0tkMmJPazREOFdlMmNEOW9zTmY3SG54S2swdHFkWWZGZ2dsUl9IYVlOZEtTOGhBVnRZSHRhN0FlUHJTdzJKRk5LTTBvS1NSRDc5bW9NcDFobkxfaDdlckpkVzFWS2k3eGowV0l1S2hoU0xCZjdUdnlQS3JMV1dId0JNUG1VdW5kaXpacDlDS3RvYjVITU1DRGlDajFVZF9Cb1I00gG0AUFVX3lxTE1mU3JmV0VTYjNOaUEzamRmeHdWVUMxY2xnUjM4VWJtRGUtb3Jjb1RMLVIxdElvaG82a1ozQ2dFOWR0UGY4RzRkd0t3NTN3djdwYXo1WlRFelJHSjJNUTRuN2ZGdkJXSGJYOVMzb3B6Yk9NcTdnMGpBYmM2SWVUWG5zYm10UHU2M3NXMDViN2VudDlWQjY1dFZYLWp4LXkwd2ZGT2k1cllUdW9MeThpNlV4WkRBRw?oc=5","Fox News","US","1782145974000"
"Retired Col Mike Jernigan: US military provides foundation for lasting agreement with Iran","https://news.google.com/rss/articles/CBMiVkFVX3lxTE9HYlNOUEtuZVJDcDdUeWRPcFFZaXZFM042d2lHWHItTjRWcVRVRlhDcW5aZ2piM1BaWXp2eV9VZXVnc0Q4eFZ4My1CcFZjQkJmUzVJSGxB?oc=5","Fox News","US","1782145969000"
"Vance Says Iran Will Allow Nuclear Watchdog to Restart Inspections","https://news.google.com/rss/articles/CBMikAFBVV95cUxQa2hiUDd6MFpwU3pSYjViZVNtRHU1LS1zM29MMFo1Nmp3V04tVjF1OTZ6VkxlbmU2QmdGVnZiWWxhZ251NVFlbEowaFhrSkpWN1FuakZrTGprRlVCR1IwUXJ0clhqcVNkRV9ZVVNUUUxGN1lqZUszdE1YSWhsRk8wNFBqRkpLUzZleTdhVEtSd2o?oc=5","The New York Times","US","1782145756000"
"WATCH LIVE: Vance departs from Switzerland after peace talks with Iran","https://news.google.com/rss/articles/CBMiVkFVX3lxTE9xdWkyVmROUnREOTl2UVRLUjQtZ2hiYmlJTFRYellEZmhSRnd0TnJfNFNlaWN3MDlzSnRuNThxNk1kZmkxRm9kT0trN1p5dUc1UGJmWXZ3?oc=5","Fox News","US","1782145715000"
"JCPOA lead negotiator gives his take on latest U.S.-Iran talks","https://news.google.com/rss/articles/CBMi0wFBVV95cUxQeTBuU1RYSmdLaFNIaW0wellOQTB2RVl1STF5ZFM0ajRnWkFLQ2pIbDVyb3NXYzhzeWprWHFFa0c2eko5V2hEX2RPTmZGVkxuMWltZWpEdVBSUjVJYXJtbm1WT19aazV6SE5lMEZDMG0zMFRTTHpLdmdlMXFxVWRVRi1SNmxaaFdjdzlORV9GTDIyQ0IxbzVRSHE4c1laUE1hMzVaS04wcTFrUEVBTnVHZWVWWWU4b2Jqd1BsV0Z3OXJ3NTduS0owSDdlZVlDR3VqQjRr?oc=5","CNN","US","1782145685000"
"Iran threatens to close Strait of Hormuz, impacts global oil prices","https://news.google.com/rss/articles/CBMiVkFVX3lxTE52c1l5ZERuQzJlblZIMDJROUM2UE9UUDgxOERXcGhWSlRMNlU2NlIxaDl0TWw2a1VZUXVjYUEtcXRNS3FPVVkzNDA5aTAtM0FLbi1ialR3?oc=5","Fox News","US","1782145453000"
"Sen Sheehy warns of Iran’s ‘murderous regime’ as nuclear deal sparks debate","https://news.google.com/rss/articles/CBMiVkFVX3lxTE1VbEtxcG93SjNVYVh3MXVZZkJTN1FzVjZZR2V6M1ljNjdRUDdhVHpFNHBkaEQxalpQOEd3d0JrWkVQYmllcm9kVnZNN3FsMF9BT2VJNFF3?oc=5","Fox News","US","1782145107000"
"Trump allies defend him to Israelis anxious over Iran deal","https://news.google.com/rss/articles/CBMitAFBVV95cUxORDBYQjhCNzJZUDdMSjk1SGZiZ1lZbnhGYllrWEVMMUFibEFKNS1FVEpPZGxfU2pBLWxMcGdNenpyM1Vsc0Y2cmpDc1huZVhuN1VtX2VSWk01VnAtMGFnRVhFcGNXNndSUWlGNTltN1lJTmJ0VjhxODFsZWtmdXVxZ0g3MTBfTnQ3Nnl6QV9adTJ0Q3lRNF9SOFdYTHMzdDNGOUdhRVo0a1FQM05ITnEtQ2pZUm8?oc=5","Reuters","Global","1782148871000"
"Trump says Iran will agree to long-term inspections to ensure ‘nuclear honesty’","https://news.google.com/rss/articles/CBMiwAFBVV95cUxQaHJWMmdBb3Y1ZnlrRkZCQjQtS09DSWVTZzlkZ0ZGZVdyUjhTNS1qQ2lOM09TS3E1Q1NhTWU1REVUT2ZNWUZBcEoxclBfT3BsRlppbDRRVzFBczlXcHhEYmRIYUZZRDBCb2hZMUFab1FPSGFBZUNzeXd3OWxweE5CU1AxN2JqbDdqenp0cW5YR3lveVM3ZDNDakM1Q3BkbG1VX0x1V0EyU1p6cDRRMC05ZERqZVdWTmdUY1hSVTY4dGo?oc=5","The Times of Israel","Israel","1782148355000"
"Will a US-Iran deal transform the Iranian economy?","https://news.google.com/rss/articles/CBMirgFBVV95cUxOSnhJT0dTNVZMTkdLWE8zVzUzSVd5UExIRUw2Qm5LMFhiOFFYZ1pDd0pnUjFSM3R4NFNZY0RWZWsyaDc3NFNsVG9YSFpfSFJodjBIRFZaSGQ4aDV0YWdkVUVNdTVoaERLMWt1aURYOTJ3RU43SXg2dV9BazhFUFRxakhtLWluQmlVVkRBMkU1Yjcwa19hTmUwZlZrWGt4WXJmLUg2X0pGS0tGNVEzYVHSAbMBQVVfeXFMUFNiWGVUWVpzMHdETGtldXNIcURZWllQQjYzVGZIYnp5VVhYYlF0RzA0VW1peHpkVW9weFVqZkliZ291Ny16S1dfc3ZLRWFsSW1GWEZWX3IzQTBLaXBrMVAxTmlLUzhJYlZpVkVNM0lBeWJrUko0SjhSamxvU1JpRF9rdW80M29TNVRBc0JfSEV0ZnlHNTFqQjdTbDV0YU80cUdDeVlPSHJZaS1rZnFUU2pfU28?oc=5","Al Jazeera","Arab","1782148300000"
"Marco Rubio heads to Middle East to address Iran MoU, Hormuz","https://news.google.com/rss/articles/CBMiogFBVV95cUxPc1VXcGhZRnBORjF6NFBrRjZDd2poZHFDOUE2ZzJIUVRXUXMxYnZrYVczUDNlcDBaN2ZLRWlBNnJpbS1YbmY3QXlCN0hrWG5fNEoxekZzNWVMR0JzbVhucUpuTWpWTzN4M29ocHlURk5zZnFXNW01cmFsQWVsbThrbTY0TEJ2emNUTmFzbkJBOXB4dG5tQVYwbFVFWkE0d2xVSGfSAacBQVVfeXFMTTM3ZVRpYWR5U0JnWE1EN0Npd3pMcTg2U3F1bnplcGlNQXZjb2dRZE5PRVNOdVlnZmxmYXlSTUJibmVUSGJ3WnUzSmdoLUJaNWwtZWVfb1dHR3FQY3p6aWhVTnFHSm1Ra1N4VVVOLXBhSXdXZDNFZ0cwU053QzgwMm9BZmw1RkcwUWRVZHFabE92c1ctc1Bhd0R1SF9EcjB2amhvNHdNZlU?oc=5","Al Jazeera","Arab","1782148125000"
"Israeli attacks on Lebanon nearly derailed US-Iran talks, Pakistan FM tells Al Arabiya","https://news.google.com/rss/articles/CBMi2gFBVV95cUxNLXNpcnVIWlhMSjJoT3ZyQUxkZEl4SEFOOE9zVjVFbHZYcTg4cFBDeFR2WW5NdFpxaGZuVmo0TUtqV2dpaGR3aFRySzJhcU0tVXdlTldkTGdKU1FKNXhpOGhxRFYzNTlHN0w2T2IwVmlKQjBuUWtiVXpfNFY5NHEwUW4wbFVZV2N1VEJuSHU2Y2EwRzh1ZGRZajdUWXBaRWU1bUVXVVBKQ0Vpb2ZMQk5ScEI3VjdDQlpkTkRZRGdwNmh5amVHOHMwZTlpRVRzUEUxVzc5dlduNFFZd9IB3wFBVV95cUxQclVSR2VEZUdBWkxqM1J0YmpabjI0VWpwYkJDeEZjbUc5UkNoSTU3RUJlZFVBTFh4R1dsMnBZYWNrb19ZRnBWWV83Q0VGVF9mX1k1UFRWbzJsc21ac0FobWJMOFh6aUl5a2dscmFqd1REQTU2amJ5dU1PRlA1d0VYOXhVVjNaajRYQ2tldFB1YzJubjhWVmJTLUpGbzh4cGtPOERMeC1adENnZ2xveTZ0WTBnY2I1cXg4YndxSUVoOWM5UVNHM0F2b2JYdDlQWHBXSkhIMnlvc0IwWnBEWXBB?oc=5","Al Arabiya","Arab","1782147960000"
"Vance Warns Iran Against ‘Trash Talk’","https://news.google.com/rss/articles/CBMikwFBVV95cUxOdENpZVR5UXNLRkxVZndpdmxyT0FhQ3QyQ3NVRWljRHpwOEZMTVg0ZVc3X2wwME1TUTRkckxzWnZKUFc4Mzc4ckxiNU1YalhBXzNfNlhxRkR1cVBoNGJmTjJRa0taUURBV3pLcEpzcDRmX3VmY1UzaV9VNURHU2JKOXRnMUhNZjhvVGpxWWp5RzFfekHSAZgBQVVfeXFMT25EZmx2ZDBDLUd5Z2xhSGF3Y0tXeU15UkNvUzItbUkzZFREOWJKQ3dDSU5wbHNvR2Vocm1neDU4b3FTU0dmamVRSjBJUnpNVmxrOFRPbTQxSXpzdFZlQWZRSFZfbktiMXljcDNldkRDckJkeU02eDUwYlQ2SXB1c2VFZ0ZjcUxXdjlSTi1ncHRTRXdmVllQd0Q?oc=5","Al Arabiya","Arab","1782147751000"
"Freedom, Iran, and the Future of Islam","https://news.google.com/rss/articles/CBMieEFVX3lxTE1oelgwcXZhb3lqSU5NdkNXSElTTWV0dnFPZmhuZFFQcHJtSUhpc1VBWUx0YWZlUjRNbEF2Y3R6bjdXQU82dlU2Q2pCNVBmZVhnQ3hwaWJhOFhkRDFZMEVOa01uN0M0VXExLTcxVFQ3OHozb0FYSkRVdw?oc=5","The Times of Israel","Israel","1782147480000"
"Opinion | Israel Isn’t a Party to the Iran Deal","https://news.google.com/rss/articles/CBMifkFVX3lxTE1pVjhVRXE1T01lWERqRzhpRzQtYWpFYTRZenl4RmI4NHlCVXB3VGZrRzZRWFNXN0ZIb01FWjVQRnN4ZlpxbHdjTlpYMDBhUl82aGpNR0RNbjFxQkVtS3NTamFVekFTMGZxOV9qVUVZNFU0OV9YcC02R3JYSUszdw?oc=5","The Wall Street Journal","US","1782148740000"
"Iran peace talks hit an upswing","https://news.google.com/rss/articles/CBMiogFBVV95cUxPTkU0S0ZxWXJGLXFOSlkwcDNWTkpuMm0xSEF3eDBJMlQ3eHBsOGloTUsxcUtkV241WEloMXJldDVtT1poNHVDZU9XUFZmRFE4Q21FQzZDdmcwWVNkQUc4X29oYmM0b015NkdEb0lrdUpjZmp6ZGx0cC1jaF9ZTm5HTl9QQVNOMkpXX0dVTEpxWHhxQ3hUcHFDR1BOSWs0TUVoX2c?oc=5","Politico","US","1782148654000"
"Iran THREATENS to close Hormuz Strait as oil prices drop","https://news.google.com/rss/articles/CBMiVkFVX3lxTE9DLUpWOHRhdkN1SUFCNUdWcm9nbEpTZDdWOUNhaGJTUGllUzNmVUVIUFpSNkVkQXpudkg1NFpjZ2paX1J4ZXp4eTQtcTBHaFRoeHM5Q1dB?oc=5","Fox News","US","1782148111000"
"Opinion | Taking Trump to Task Over the Iran War","https://news.google.com/rss/articles/CBMib0FVX3lxTFA2UndFWWdMVkRGeDlxanQwakM4dzRhbVdsWTFvYU9GTXRadmd4dFBQNmdoMkE2bUxtYzhFUWh0aXgwM1UwVWxETzdmZVdnTkFhdEtKSTd3MzRTcHdIVFU0aEpUMXNtYVFPSHlyNWtWVQ?oc=5","The New York Times","US","1782147684000"
"Vance announces progress in Iran peace talks, new ceasefire mechanism","https://news.google.com/rss/articles/CBMiVkFVX3lxTE1jcXVlRGZBNnV4NU1TUk0zVndoaHFXbFN1aFBOSk1PZHc4dlV6V19zbmFSanNuVV9uU0dLdGVWTWJjLTRtUVN5c1VJZU1EV0pjU3hIUV9n?oc=5","Fox News","US","1782145981000"
"Iran to continue IAEA cooperation under existing framework, SNSC decision: Baghaei","https://news.google.com/rss/articles/CBMiwwFBVV95cUxQZ01mU2h0WW53ZTZ3c3JmcldZT1dTcFlGM0hwREhWY24zZ2RuX3VWR05nU3dhck9vNGhhTEdsTl95cW1TNlBjVDVHYndyUjJzREwxYVNRMFEyNXRVaGVYQnE3ZWd5Q2RmTzByeUFkdTg5TmFGWlMtekd3a1dYaHNoS2FNMXhBYm9SeW9pdXd6eGE2VlRjOXdyTUV4U09rX0dsdW9KRWNrck1oeWx6YVQzSUFEN3B6OGc0Z0IyTVNWMThFVVU?oc=5","Press TV","Iran","1782151020000"
"Hegseth: Houthis Shunned Iran Due to US Navy Strength","https://news.google.com/rss/articles/CBMiqAFBVV95cUxQNlNoVkN0LVI0TjQtNXBTT216eUlwcTFmd2stOFpmeTZ5SDcwdWp2YVcxNldLNHRsZ24yN3o0WFAwWFVTdUNSMEZQS01aRWxrMWdwd3lKYkt5Z2F4eWNIRHdIaHdLQXJfbWhTb2FpWFlKZUlpLTNUdExuYjNLakRpQm1xb3VLeFc2aS1QT0hpSHhuSWo1cnBFb3pVZ3hWanR3OGRKRzdRZFXSAa4BQVVfeXFMT01Ja011YzBxa2c3U1F6QkN2UlBaTFMtWUdaa2FDQ2dFWjgzWnFPYVdlOGlKcDdhNXhtZlRYM19fMlBvYTNhdHo2WDFPRjBNYm56T0lkVkQwTnlzVWVRV05QLTNFdVJ0QWZsa19sdldCZ3B6SnlwbXNBZnJfbG1yV09IQmZBZ0V3WGd1Y2pQRi16ZzFOU3FCWm0xdVdJTHo5dlB0NWdmbWg3RFhzcFZB?oc=5","Al Arabiya","Arab","1782150753000"
"Ben Gvir warns against 'weak ceasefire' with Iran, Hezbollah at press conference","https://news.google.com/rss/articles/CBMie0FVX3lxTE85djdUVnBnQWJJN0toNFFjbWJfRG0xWHVmNXhDaGY4WDZfWV9Ca0R5a3dyZVNJWE1jSml4Vm91cmc0Y1A3LXhXbHJ2aVJ6SEU2MVBXVzRVV2FiWFJFR0owYUljMDhUY2lXWEJOZEhpR3ZaWUVLbjU5NS1BWQ?oc=5","The Jerusalem Post","Israel","1782150473000"
"Iran top negotiator departs for Muscat to discuss Hormuz Strait cooperation","https://news.google.com/rss/articles/CBMifEFVX3lxTFA5X3laM2RIN0ZOMU9QS0NTbjFHeU91c2pDZ3RENF9KTGFua1BpbHZhZmhmbXdYQTJPNmtNMjQ0SF9DNF9YR3Q5SFYwWXc1ZHZMYlFQRHR4dXA1cEl1b0NCc3M5ZEhBQmxORmFZQkR3dEZaNWhnYmFybGE2YTE?oc=5","Press TV","Iran","1782150180000"
"Qatar’s PM tells Al Jazeera progress made in US-Iran talks","https://news.google.com/rss/articles/CBMirAFBVV95cUxPRXcyazA5UEZMM2dvZWx5MzFSMmhIWF96a2NLTkZQXy1aUmFqQ3FJdV9fLXZIQTl5SzAzemVQRk5uNGJ5U0gtM1FSRDU3c0FFcEpzUzBrZTJDQXlTN3hDcG1aMmNJSExfQlVGcHpUTjNOTk5KX0ZEdGF6YUdYdkt4ZVVKUGlTNjVrQXV6VHJOMmEwVV9xcUVzQ3pYYWRHbVFWaC1fS0VXNzlIR2VC0gGyAUFVX3lxTE5fcmRPWkd3cFhOLXZvakZ1ZHZoTGNWaVZtMkdqRXUwdVlTTkRvWWJiM1o2TTZvWWNOWC1SWUcwb0dQWWh5WTNhSExRSGMyeGxFa3p5RVhjN3hNMVpfbTJubTZrcHRBYTRNZ1BPbmZyUzhuR1lESlBFMkdndmktQjJCQ3czTjNaZVFPLUlyekxnazhLLVRJUklqMVE5MzZyTzZERDhKQ3BDTVV0cEs2Y2d5eXc?oc=5","Al Jazeera","Arab","1782150175000"
"What do we know about $300bn fund to Iran under the MoU with US?","https://news.google.com/rss/articles/CBMinAFBVV95cUxPSTNqT1BoRWx6UWowWDV6YTBQVkFwSzQyUElZOEdDSXl6NXVCR3h2VGpRbWNVYXhyNHVINGEzbTIzMmlieV8wX1FFMzByNGpUOFhfYWdyNGtfbGRGUDFDd0g5LVdSSjMtNExqWGhTcThVSWRoQjlNbllSRHNjRGI4VkExeU5ZUHRQZ3NXYm1zZG81YTdOQW9fZmU3c0s?oc=5","Dawn","Pakistan","1782149863000"
"Vance says 'very good foundation' laid for final Iran deal after Switzerland talks","https://news.google.com/rss/articles/CBMiuAFBVV95cUxNdTh0bzZLb0k0OU1ZNUxrS1h6NjRWaThrVkZoMVRzNnM1aHNSNVAtaVQyM21jbjBPTElKWTlNVUVseWwyT2NubUNDOXFkMzI4X1lhMWdEQzlubWdqaW5iYkNvUzh2bWFuaER2cERZMklFc0dtVlFUSVpvYzZZY1ZyLUZhOXRCTURLSG9NVkhmYlUyTFdjblpHdXV6SzQ5VnFJM0JJR2UwV3VTTE8zMXNCLWRvRTFkZGFp0gHAAUFVX3lxTE5EZFVxbHBBWWd2cG5XeGNmdTRtblBqNUpaVzNtN2Rfd2JPOHdqcml4MUhaZl8zU2g3T3FzWVRDMDMxSFhFTWtOZXhxdzhuazZacGZLQnlKckl5VU0yTENxZmdIM0NHZWlsWktqVk1JRDJ5Vm5fUXNlRlRrdnBEWndNd3ppWURmYWotWDdvVTRwbndEZm4xZVhGUERPQjFldUtpX3ZFU1pUdXkxRmhTUUVJc2V0aHhuZnlkUHhCSnJEWQ?oc=5","The Express Tribune","Pakistan","1782149850000"
"Senator Cory Booker’s Iran Deal Dilemma","https://news.google.com/rss/articles/CBMie0FVX3lxTE9hR2ZLU2JfWE1UbnpyY2xXaG9PemJ2aklaZnpxT1J1bzlzcVQ4a19JRENPbERONGNGX0xaNFdEbE5nR3lCYVozbmVfa1lIMDhRY29XMnM2UGkyalRPRk02UlduVXZaZ1dtVG1XVlFKdjEySEJEWW9RLW9UZw?oc=5","The Times of Israel","Israel","1782149340000"
"Trump asserts Iran will agree to have weapons inspections to ensure 'nuclear honesty'","https://news.google.com/rss/articles/CBMiuAFBVV95cUxQTWVzeDVzemZiVFBMenR3ZFY1ZUxIWGlIRW1SQUhtVkY1UEdRWXNxZEMzSzFQUncxM0c4XzVKWV9FUzhFRlMyTUl5eWM4LTNjeU9NRWxuMGNXRkRKaHp2dFNvZmcxUnZZal9Zc3ZaQnpiQTJvRFJrMEVHamxqblk4VHFGUWhtTGFsZlZzdWlpMHhjNGhOSzhyQXpzblhRaG9xRlBNRUxpMExQVG1ZMVk5WThSUnhCY0JY?oc=5","Dawn","Pakistan","1782148574000"
"US-Iran Cite Peace Progress, UK's Starmer Resigns, More","https://news.google.com/rss/articles/CBMiowFBVV95cUxOLVRSQzhybWZCaEdiODlsMUlhNHFPc3NJZGRXZW41akJYaWxjWXpvQzZfZFF5RV9EVE5WT0plYUlrUEJ2cnA0OXFLUjRXNGI2TE5OdTVrUW1WTzc4UEk5NzRjelhSeUNvYW9vcHBlelBwT1hKMU9SbjFubUhDUzhxRWlmbDdPN0U5WGFwcmdKSmVGc0lLWU5pSF9CNTkzaDBIWTUw?oc=5","Bloomberg","Global","1782151309000"
"US and Iran wrap up initial round of peace talks in Switzerland, AP Explains","https://news.google.com/rss/articles/CBMizgFBVV95cUxQd29XNU4zMFNuOGlJMEZnS0EwRTBVVklTQ0ptekhoaDFiYU0wM3RRUlpxamlLeENCc1ZMNzlIc3pZeFNiUmJ4dUdKRnhXSmI0VGRra21PRDVxRVVoU2lraTRNeVVScGRscW5QNUtJWkFXMGN1cWV3dW4zMW9oU1BySnhYSEsta3hJZnJzU0ZoMDdYMFlUQUN2YTVBQ19Ibmp2ZzRyRHBMZkVldmM1cUpXQkQzVVV1OThRQUhOSXN4VE1UeHdtTmo3ODM0a1RYQQ?oc=5","Associated Press","Global","1782150240000"
"Iran Shipped 30 Million Barrels of Oil in Week Before US Waiver","https://news.google.com/rss/articles/CBMitAFBVV95cUxOSXFsMHQ4Z3d4RG1vR01BdkxNZU8zNW1ONUsydzUteTdsc29xNjAwN3g4aGVudjVvRmJGVkMtWjhnM25McmZsVVl6R1lla191SkJReWxBT1lad2stMXB4QmhHLUppUEIyTHY2N181VXhKM3g3UmZSLXhydUVBVmJSaHBNQW95c3BwcXFYcTJ6d0dCVTVwc3NIN1d5Q3lzRHpFWExhWWFrMUtGS2x2NHRSNkV4ai0?oc=5","Bloomberg","Global","1782149599000"
"Vance touts agreements on open Hormuz Strait, IAEA inspections","https://news.google.com/rss/articles/CBMiVkFVX3lxTE9zRzNfZWNNamFLTFoxb2tKSC1CdTJCUzFqbVBlVWFHcDlEOTRkb2RwTWJpZjhlSERsYlMtVVFCaGVqWVctSmtXVXVTTkxFY1JDSXVPUUhR?oc=5","Fox News","US","1782151327000"
"Opinion | Can Netanyahu survive Trump’s Iran deal?","https://news.google.com/rss/articles/CBMinAFBVV95cUxPWkxTaVF6MVhHRUVPWE11VXRWUG54WVRJSXhHY1RFS0w0NldvMlRZR3NMMTBLR09DbTNUdkpkNE9EOHpyVG5ZUzFHRHhiM1FaRzd4dVlNRWQ4N29fSU1GbUliWGJXSDhscFdVbWxqSWdaUWdsUHNVVHJpcmVEYlViYTdTMGo0YklsNlhNRm8tQWxvZlVpNmFySVZRNGc?oc=5","The Washington Post","US","1782150269000"
"Easing of US Oil Sanctions Opens Brief Window for Iran Imports","https://news.google.com/rss/articles/CBMiswFBVV95cUxPbnBuMm9fVmIxZVZGYjRSMFRpNlBfWlFvaVE5YjVnU0Rlc2djcHN1ZTdFd0wtRzRYN3BkU2htNFF3TFc1QmEyMGhLbWZaaGxHbDJ4VEh1Tm9LcXpDS3d1TWpXR2FHZXpJNmMtZzI5SmlWdkVsV3FsYkNsdlhha1lRa0ZJQmFLdjhTeFI5dWZWT2hndzNUbWI3TVo3QWdKNzlsbjczc29iUV9OY0lWcTJxb0VMaw?oc=5","Bloomberg","Global","1782150879000"
"Vance says US-Iran talks lay 'good foundation' for final deal","https://news.google.com/rss/articles/CBMiXEFVX3lxTE1RdTI2dDFLeDd2YjdyZ3lIVGFibFk2ZlIzSWRDOVVDSkQwMnQ0eFdiSHdZWFFmNWt5b2FIbnM4clR3NjFKOExSeE5HQWFUYmJTY01WSjVpa3lJR1RF?oc=5","Reuters","Global","1782149765000"
"Opinion | Will This Time Be Different With Iran?","https://news.google.com/rss/articles/CBMif0FVX3lxTE1BcHJ3c2FWTE1JeTZYWmluRUdtUTV6ejB2NTNhSURENjR2cmNDM3RqS21vR0hobmVJcVlBVDR0WDA3TWZJZy1FbGpsQmFOS2tzWTkwRndtZllTazY1TVBKUmV0bE9jNzNOQmFqRzViWWtmYXZzLUFOdXk2TTNtVDQ?oc=5","The Wall Street Journal","US","1782152580000"
"Trump allies defend him to Israelis anxious over Iran deal","https://news.google.com/rss/articles/CBMiX0FVX3lxTE5BVlhVY1V5NzFhWFpqWnJnXzJqaVNYUGNUbHFIVFo4WVFnRnpVTE9CNWo5ZGZQcU9LXzlLQ1N2cjRQZFBreGJPTmRsQjIyUlJVcDBlTEhPQTRFZ2lLeU00?oc=5","The Jerusalem Post","Israel","1782151594000"
"Report: Netanyahu 'in panic' over new US-Iran Lebanon oversight mechanism; US official denies Israel excluded","https://news.google.com/rss/articles/CBMi5gFBVV95cUxQTlAzNXB1ZlN3NW03bENYUF9ZWTRDTS1mNlZuQ2hVWFhHTk1KaUNqd0hMbk9IaGsyc292OVdWVGNaYjdzUUdjY0g1VEIzdExROFJmRE1zTmFiMEtBRktwWmI5ZUZ6b3MxaTNXWXh4T1pxdWhZSUxmeXBVdU1DZUJxUjNIWUg0bS0yelBfa2kwakE2MVV3Ql9sYWlISEVtVmtxa0NlbzBSWnBOWW5iLWF5cGlHV2FuS1JiVk9xUENKYWlndDNlUklnUXBlNWZOdkNqOUJiXy1zeTI5V3FsRDFabnZodTJSQQ?oc=5","The Times of Israel","Israel","1782151355000"
"Iran agreed to inspections, 'can never' have nukes, JD Vance says","https://news.google.com/rss/articles/CBMiX0FVX3lxTE5CVTFLNTRRU3I2X0wtRWVSOVlpTk9uRTFsNWRJeGNpQjBpREViQzdVN18tRlpINVZLY3VlZEt6akcxM1ljbGF4eHRGLXBQa19UemIwRG5nWFlrLW0zWEtB?oc=5","The Jerusalem Post","Israel","1782153962000"
"Iran committed to diplomacy under international law, Pezeshkian tells Erdogan","https://news.google.com/rss/articles/CBMipAFBVV95cUxQMTRGVlFyLUxSbVRkbElpZ1hzbHQ2MjZINjNmNkV3VUNESHVvc2ZpR3l3ZFJlQVNHd3puT0IyanFaVnRuX3JybFJYa3ZUQms5ZVVsQlp6cXF5UlhxQldNZHpxcDhabXVEeXI1OWFpNHBtNkpZTWp0Zm9vS1IxSFBjTkNVbHhGTTBJTGZjZHVxNTRrNEk2ZHh3NFl6aENNaGxKMUJGMQ?oc=5","Press TV","Iran","1782153780000"
"1st LD Writethru: Iran says interaction with IAEA to continue","https://news.google.com/rss/articles/CBMifEFVX3lxTE9Jd1lHLVRfMEtkNlFoMjlVLUdtOFgyZ24xdGdoVkl5Z3dUcEJVb1BienpZTEROcDdKUXptV2lweFM5ZHowWW4tNllhZ0M3Z1NUUTZ5VEE0WWg2U19pQ0k3MGxyMWZNa1VMLTdEWG95bTNmSGw2ZDlSejk1Q1I?oc=5","Xinhua","China","1782153615000"
"Vance says Iranian assets would not be frozen unless US sees progress","https://news.google.com/rss/articles/CBMipgFBVV95cUxOalItb2hBMW1UbGd2MjR3LTRjeEdoeWZYekNCRkxrUi1MTWtkTE94LXk5bFY5SV92dk1DN1VmdkJ4UTFYcnNpOXdnRXhIZG5ualNoU2RxZ015VmdfdEM3TzdyMXRvbVJhUjk1S2ptbWpiM21NTFE0Rzh2UHJjMjRGdW9tNm5RbFlZbTVOa0xRUWlQMVFqTmpNMTFPb0NyTWkwWTdWMG9n?oc=5","Dawn","Pakistan","1782151983000"
"READ: What do we know about $300bn fund to Iran?","https://news.google.com/rss/articles/CBMihgFBVV95cUxNZy1kMUQ2OWZVQmFvVXNjUXdLc3hrV3pyeXhKM202aVNKTm93Skp3RkxoSXN4dEhWTkhxNU51eDFhcVdKdFlGZG96NVE4MEJrenRoWUhacGkxeW9nUV9pWHI1RHBQRjBkQ0NTM2lUektzck5DamJObkFkdWE3cnFCN0IzX3hodw?oc=5","Dawn","Pakistan","1782151504000"
"Vance and Iran Cite 'Progress', UK's Starmer Steps Down, More","https://news.google.com/rss/articles/CBMiqAFBVV95cUxQaGU0YVc3NThlU3JfYzViYVE2VWVzTjdzZU9waHBSeUNaNzFsckFfMkNCd2h5R05PMHpRVl9IdmJEVnJFMmJ3WVpOWU9OZWlkOGRFZzM1bTVsUHFTLVhzX3FJcjhLU2JKOHdHV1lWcDNnOU1fdnp1d2dVbEZOQjE0SE5TeEg5eXZvbVZsMWJvVnJ3RHgyNnlfbXR5T29uanUyZHVIUS03SmI?oc=5","Bloomberg","Global","1782155009000"
"Iran Will Be the Next Solar Boom Market","https://news.google.com/rss/articles/CBMimAFBVV95cUxOWlZnZThZY2pUSmZrOVZPTExpekpRckxnSXBIbFlGUkhnSTJsLVZmd2RuNFRHVmF4RzQ4YlR0ckJZckVTWmRsUWNoWVdDOTZWR090czhiT1BTNE1SWmFQLVJUUXFfUXM3eW1IbTNyTmlqa0kxWHpWVDZsZ1NqSUFFdlQxc1dHZ3oxTzA5d181TGNPdlB2ZWZaag?oc=5","Bloomberg","Global","1782154815000"
"Why Jeremy Doku left Belgium’s World Cup squad before Iran clash","https://news.google.com/rss/articles/CBMimgFBVV95cUxQM3haY19XTW1oZFpBbUZ0bW12VmpseEU0a2NKRnhLdGlhazVfekRkU0Q4MFZma1NPZGVuMXFWc2dnUi0tX29pVXQwcHVoWmRMYzBadjhmU0NGMGIwVUwxd0dvNVZGZ0hmdG9jN0NLOU1mZzFHcHJMcEQxOWdlQ0hMMnFWYUc1Z1lLekdDa2N5R3hIcnhwTG1NNkZB?oc=5","The Independent","UK","1782153720000"
"Vance Claims Progress in First Day of Iran Talks","https://news.google.com/rss/articles/CBMiigFBVV95cUxOZlRxclFYSlc4YkltbERtbDdUOUZ1U2pkR1YzMmtwVzdYTmk1YkEzY1hrQUpHNmgyNVhJMno5REgyRzRNWTZvNzFyZWZrVWhKSU95ajQ2LUowR01KUi1kc2s0eDdnbzRCa2lIMlFUQkN2VEgycFVtNWtmRXNEeHJPZU9fb3VORi1KV0E?oc=5","The New York Times","US","1782153006000"
"Vance leaves Switzerland, but other US negotiators are still talking with Iran","https://news.google.com/rss/articles/CBMi0AFBVV95cUxPNDczdzJWWC1pMGN4OWxtc29ISFhYaENFWk9pblBDVF8wM0VPSGFpRllqOW9Ra0VEam85dVROYUQ5Tlp0ZGVUQkk3dlRTLW9vQWhUR3BSX0FkVjJFUDlUaUN1X0w5SFUtcEc3bWI3YnZpa1lMSnNiX0tSeGt2NEgyZmRDMmZkVXdndXpLMkZFUFJDajRya1VBaGY3dzRoTzlQakEtWFdIei1OYUEwaDl1WHZFWGJyaFdiZTVNSHhNX2ViSUE2TTJvLUo2WklYeDQ0?oc=5","Associated Press","Global","1782155700000"
"MAGA base fractures over how Trump ended the Iran war: Poll","https://news.google.com/rss/articles/CBMingFBVV95cUxQdFA0WHVPSldlUEhzam9aWXhOXzhyX19XRG9YN3BlcUtoWVpxeFFpbmJLUnh5MzhYT1BMN21TWWo0WmNLbTQwNWJDQVJJVXRRLVIzX1I5WnBZQ0VIb3pOQ1hLWi1pQTFSd0VhLXJneG9sQ1lnOW95cTZWYjQxVFp5Q2Vranc1eXEwazczeGlxTVh5cXlGTkxsU2dpRWExQQ?oc=5","New York Post","US","1782156240000"
"Trump threatens Iran as Hormuz drama continues, Reflecting Pool vandalism probe grows (Video)","https://news.google.com/rss/articles/CBMirwFBVV95cUxQUnd4ZUt4bU43Z1EtLU15YzZwTFVDQ0lUZHJiSFgzVXdXSC1GVThySUFOR2hrSkhjVE5sVmwyV3d2YWczUm8xclZLNTYwTmh5SUdZVjhyYUhYanE5WUM0djBodjduc0xTSnJya3IzYzYyVHhLanZZaDBIOWRaZE1yZWRUQ1BRZjFTQkwxX2VLTFVCa1cyYXNsNDNtMHhUMnNNUjFWZGZMd1BXTUdLWTA0?oc=5","New York Post","US","1782155667000"
"Trump just handed JD Vance a Kamala-sized mess with Iran. Can this veep rise above it?","https://news.google.com/rss/articles/CBMirwFBVV95cUxPbDhjenJtcDk2aVNxaC1GUU45MkhlTFc3aDNXc3kwMlRpaU9nMlgtU0pHdWxwOG5fMWRTY0J4NFlPQ3hkQThkMDc1SldzZlRuYzdwb1pET3BYS09PQVF6NldfOElsbDB6bUlZRVMzTUxyZ3J0MzFyam94aVhrdmp2Nkoxem9IMmQxNmZBU3FEQ0RGaFhXSmJLXzFNZEFTRHFLczUtMFUzeENkSWlJMWtR?oc=5","The Independent","UK","1782155100000"
"Vance touts ‘major milestone’ for America as Iran agrees to allow nuclear inspections","https://news.google.com/rss/articles/CBMiVkFVX3lxTE1RYWZMUVhGdkk2T3pyM295RkFjV09ONm4xMnZoX1d1V2FGRHdXVnZqRUZ2MXV0eDY1aXNFV0hIaUk5bEdyMkJzVGs5ekMtTXRLRktmRk13?oc=5","Fox News","US","1782154754000"
"Backing Ukraine, staying out of Iran and riding the Trump rollercoaster: how Starmer handled foreign affairs","https://news.google.com/rss/articles/CBMipAFBVV95cUxOdXp0T3hiazM4dzF6dkQ0ZU96c0h4T2tQelF4M1pGYjZleExXSFB5LWo3VC10cjMyOW1fSnd2eFlZM1JxcjVFaEVQNlJCRVBxaEZiZ2Q4RGNEaHZ2aGVxVHllbk9jaWl0RmF1LTFfRzhwU1FqWUU0b3JOV0dnQVQ4aHBpcE5ycjdPS0EtUWR2Yzlhal9Wc1ZBTWxZT3pJYTNwSU9YUw?oc=5","The Guardian","UK","1782153900000"
"Balance of Power: Vance Hails ‘Good Day’ of Iran Talks","https://news.google.com/rss/articles/CBMiqwFBVV95cUxNcFhLa0tMaHp0NHNEdmNjWFoxaS11VFhGVmtTemFnQzlRN1ViS2F5d3lnY3NCZ1FTRVJLYUlXOU1tVmVTZDVlNlhUaEVTcXdaRy1sbFBqWHk4M293b2tCcUxyZnJQUWFXTUEtWWVETENhSThFN1BXZFZyY2h3LWVXYWptbC1hdkFhR2w0alpTd29TMjFCMEpuSGRKZURkTEp2bXZpc2huMW1IRW8?oc=5","Bloomberg","Global","1782157104000"
"Markets Close Mixed, US Offers Iran Oil Waiver, More","https://news.google.com/rss/articles/CBMinwFBVV95cUxOTkZiMkpIVTZka3pVVTFtc3FIQ2tOUWhVOHJ1d1pEb3VCZTRGWGxWWG8yY0J3TXFzMkdBQmFjRU5oUU9TcnVOWVZYcXdfVU1jQU9nSFJGYW5SaVZZZ1VMQm5YUDNhclZybjIwU2JIYTBhRXZuMzhnSWlxd3BTLUFPa1YzN1VfUG8zXzUzQ2FMUmM1a3U5bGpBeE40VnJYWjQ?oc=5","Bloomberg","Global","1782158898000"
"Oil Prices Drop After Iran Cleared to Sell Crude in Dollars","https://news.google.com/rss/articles/CBMipgFBVV95cUxNUWUxV0theElrNkJfZ2RYdDEyNmtqdzlObkFwOFNsUEhFTG83VWdKZnlPdnFBdWZrTGRzOWNjSDNqQkZDT3l3XzNBbHNvX2V1Nk4zTV9SNkZaUUF0bUc3eU9SdjFodjlxZF9WXzMwcDVYRjBENkxHSE50NFBuekdTakpZdVNvRlU0cjVVN1llcnV2cldtNWVrdkUxZm03NWRMdHdVQ2dB?oc=5","The Wall Street Journal","US","1782160080000"
"Cruz on Iran negotiations: ‘It's not in America's interest to be giving billions of dollars to lunatics who want to kill us.’","https://news.google.com/rss/articles/CBMiVkFVX3lxTE5Xb1VpQloxUXgxblh5a2lBZzVDZDZmbWFoTnJMV25ENXlQUDNrRXV0WkFoN0lxWTFRU002SmNDSEIzU3VSRmEzT0d4akhwXzR3b0tvUmVB?oc=5","Fox News","US","1782158680000"
"Round One of the U.S.-Iran Talks, and Another British Prime Minister Resigns.","https://news.google.com/rss/articles/CBMi8wFBVV95cUxQU0U4ZXJkbXVuVWs5OEJyZ0VVZWdWV3g5LTMzSnBmNWZWQXYwaUwwMjQzeWdvMlItM0JKbnRyY1lyQ0Fmc1VQcGZVNkxJazcwWmk4Nk8zSXFZdXJIdXNKdVltcmcwNnpaU0tNakJrTUlleEhoTGdYenc3OEV1ODY1ekk0ZjRoWmp0SFY4d2s5Sy1CcWt5a3hiTW95Q2U4aXhsbEdsX2ppT3pyLWxhdG0yNG9xWEg0M3JhMEN2bENRc1R6R19kdGdVbTRJT0JhY2xMMUtfQU93a2pYZEsyaUF1eW1PaG1xdm80YzI2R244REgxOGs?oc=5","The Wall Street Journal","US","1782158640000"
"Mexican fans rally behind Iran","https://news.google.com/rss/articles/CBMidkFVX3lxTE5yM2VFQzlBTFRGbkFLZlNKc3lEMkpTem9zaS0wLWhmcGY5TG5Ka1dSeS1hcEdyZWNjWVpaRGttZzZBSXlZb3BTZHp4T2hSRmxrTm9CU054MExya0VzaWU3QmV3TjNGTW02R1h5WTBNa2VrTm5ESkHSAX5BVV95cUxPTnpGNmNMcThjQi05amtoZFRVSDVfUk43bnBkd3Vpei1NY3ZhcHhSMUFTdjdCSVpsd0NBdDVFTEhkT0lLaG1tbGxoNXFjaHVONS1EU0J5bEZLa0lOMlh5RlBOS0txRk1iSVpDTDZmdVFpY09BR0NGY1Q3N0dodnc?oc=5","The Express Tribune","Pakistan","1782158625000"
"Iran to establish communication line for safe passage in Hormuz, top negotiator says","https://news.google.com/rss/articles/CBMiyAFBVV95cUxQVWxrdXV1cjQ5R0Mxb01IendEYTVzSW1nYjVpZGduYWxWbjdjT2N4NTJSbDNxRnZpMk04VWI4TWhhWXZVX1dJVFRXNWF1Tl9ndTh1NHY1OW45RGZIVGhWZGhqZmZLZ2p3T3BZYzRoQlJqNzk4dVpuWTh5MFI1VW1zalZNNHNSVi1mMXM2cnQxY2JNeExQYzRLT240RGx5V2ZqRE96RmNFZTBpbzNpbXMxWl92eGRPcEhmTWtpbHZqWmx5OFRCdHVJVg?oc=5","The Times of Israel","Israel","1782160655000"
"Trump: If Iran doesn’t live up to agreement, I will do what I have to do","https://news.google.com/rss/articles/CBMitgFBVV95cUxPbWFPMUh4UWZHcWdueFZZVDB1dnMyRnV4dWpicDlTaG00SmhMUmFDc0VpU0w0eXBnYlU1bE16ZDBqZWxnck9iVFNXUzhuUlhiclg3S2gxWTl1dUN1a0JpN2JwVTdmUVM4eTlRZ0s4ZkNzQlhDYjdSMkltelRWT0xKOXVfd3dndEdkQ2lZNXhDd0RIS2RkZ3p2N01ZdkxIampsbDZIVWVQT0UzYUl0Wll5RmcyMTd0Zw?oc=5","The Times of Israel","Israel","1782160355000"
"US Waives Iran Oil Sanctions, SpaceX Falls for Third Day, More","https://news.google.com/rss/articles/CBMirAFBVV95cUxOQ0docGFNWVFmVW9hRV9GeUdJUy13NTA4SEtRZXFBQ0R5U1c1dFdkQ01XdGQwMDIwek93RXFJU1dvdFl3OXh0bzZzMnhvOFhYelJGNkE2dDhnTUN1TVZ0M3paOGV5NlRsRUFOX0FXYVZDMEZybHBtanVaNGxRWTBVamMxUnNzRGNOVlpENHByZ1BPWlFFV3ZOQ2pVSWpDWmRYd0Jqck1BRVR1SnIz?oc=5","Bloomberg","Global","1782162015000"
"Hedge Funds Piled Into Bearish Oil Bets Ahead of US-Iran MOU","https://news.google.com/rss/articles/CBMisAFBVV95cUxNRGkzM0hES3dTLVVwUHNvaENMQU1VWjRmTEFJZGxrTG5BelhmQk5qcnNWOFUydFRoWEU2UkpnVU9GMDd2THE0aVVodGRSNWhUYkFrN1Y0aDFOREsyTjJQMm5OMEJOQWVaMnpJU2d3Yk1YZ2h6eTYwaUZXaVlQYTJ6X2NMbnFjSkxfdXBIR1ByVFp0U2lPeHZ1SDg0WHJ6a3Vza1k0QmVTNnFvZ3dJc0lKag?oc=5","Bloomberg","Global","1782161931000"
"Trump: 'I will do what I have to do' if Iran does not stick to deal","https://news.google.com/rss/articles/CBMiogFBVV95cUxOMWlPQmY1RnVVZlNjT1l4eFRRTnBnd1NPZzdLdU9EU3gybERGNHlJeFRpNTVxMzliRS1MMzBOMW03NU5GeHVmMEN1Zm0xeHY2cjVSV05FbmdTdFl6cXhvbzZnZ25NdVJQQmhxZ3FjLUZWVUFnNGF6RFZwT00wMjVHbXBTNkNUWFdLMTgtNWRFV3AzdXlqRWdOT0NVTFVZbFhDbnc?oc=5","Reuters","Global","1782160986000"
"Iran to establish a communication line for safe passage in Hormuz, top negotiator says","https://news.google.com/rss/articles/CBMixgFBVV95cUxPWEIwcjR2bFh0WHMybVBDNjVkeUFOOEgzMHJJS1l1a0x5Z1hBLTZuWExGZld2TUJZYlY4a09JSUQ3X0RjZlp2Qk1FZG1Ubkk2T1QwRWhORnMzQ1VPWUM2MXB3Z1hMU0NtXzNwNUtScnRnOVVUaXAwcHVVM2o3eUdtaGx0WnJCNE9oUWVwaEFXTE9aLWxaOTNWQzQzekJaM3VqcndRQ2hXR1dLaUgyb1AzS1hCdkdVMXNCeTd5SHJqcWJSVmFXYVE?oc=5","Reuters","Global","1782160693000"
"Inside the quiet insurance racket Iran is running in the Strait of Hormuz — and how it will devastate Western shipping","https://news.google.com/rss/articles/CBMiswFBVV95cUxQQlp0SlBFa3lzcmMyZ21lNEVFZHlWWHpDQm9hNElvamVhU0VTajZMbEkzMjg5OXpmUExvTVhkcWRsX25rWFJEZzZ5WmZOd2pFazF4VWFCa0xwSnd4VngzUW1MOGtqMi14dkJta215T0dudGtaYTB4WHNONlJzbjJBcjJFcnpZYUZNSkVnOWQ1NVBYb3FnOFlkX2ZhSmxPRnUtYUJFYzlHRnp0bmV4Z08taWJiRQ?oc=5","New York Post","US","1782162180000"
"U.S. Temporarily Lifts Oil Sanctions Against Iran, Citing ‘Productive’ Talks","https://news.google.com/rss/articles/CBMihAFBVV95cUxPeE9NSGVjUEtnSWVnMDMzRjJrd2R5X1FYaHl1NUhxb0toRzhTZGc0SFpuTW1xT21raVBEOU9NanRNMXIwRldOMlp4cVFOc0NsUkc5U1lOS05hd3ZNMXR2bEZLcHFZQW9SYUtWYkxBQTYwbFF4SXM5U3E5MlJKeWNzNS1hMXI?oc=5","The New York Times","US","1782162005000"
"The Iran war is worse for the world than Covid – Stateside with Kai and Carter","https://news.google.com/rss/articles/CBMihwFBVV95cUxQdm11b1B6eHRVd1d2anFaT1V3ekhPcko4Tzh6MEdTOU5YSkxFQlZDYlBGWWpjaTVJMUp5ZVdYTVIwUmtST1haLTltWWQ2ajhianJlUS1MMzdEMHotMlN0bWpheTBGRk1VdFpTNDdueFpMMFRGUDR2NHlzY1FiM0RNalpIOTBsRTQ?oc=5","The Guardian","UK","1782162000000"
"Travelers unlikely to see immediate relief in airfare after Iran war deal","https://news.google.com/rss/articles/CBMiswFBVV95cUxOZ3phdVlvZTR0LXViV3RhZzloc0hTc1lfS1ZqalBmZU1McVlkaTd6SU5VcXRrNURrZlNBa3V6MXVILUl0ekJUY09MMU9GRHB6aE1TVjNQTGp1RXFna1d3NkhnbGlPSkpWN1EwdXZudUYxYzVrOVRVWUhJZ0hUcnRZMTdoeFh0bDRabFZuclE4NGRlV1RxbnFuRkQ3aXVNeXFvc2dpVGhnd1ZZT3NXVWgzd0xlNA?oc=5","The Independent","UK","1782161700000"
"Video: Vance Says Iran Has Agreed to Allow Nuclear Inspectors Into Country","https://news.google.com/rss/articles/CBMingFBVV95cUxNQXBYOE84aVJER1otVFlsTjltN0EyUldWM1MwRkhrSWxVVUc3aXNwRERpN0lkX2ZuQXp0Nk95bTJMUVl5SVNKREMyZE1Xc0tEQlFqUVhpTGVWcDZzY2FtRERKYno5NmgzMTN1eFVTdV94TWxqZ2U3NEk4UHZiU1hQSlZrOTdtWXl5elc2OHAxdFNNVFh4Z3hjOUVqaEdJZw?oc=5","The New York Times","US","1782161213000"
"Trump: Iran to allow inspectors, ‘nuclear honesty’","https://news.google.com/rss/articles/CBMiVkFVX3lxTE1COHpLRTlwdHBMVUk1Y2tiT2ZvZl9OeTdfZWFPXzFjZ2tJRzF0WVlpWGYyWi1qQ2gwNUZHdVNfbDB2WklKVEJkcGdPc2VFTllwQUdEdUpn?oc=5","Fox News","US","1782160680000"
"Trump scoffs at reporter’s ‘stupid’ question about Iran’s leverage","https://news.google.com/rss/articles/CBMiVkFVX3lxTE8zUVlNa0dBSURycGtjMlltWXNqOF9IMmdzOHhicGZUalRkOW5xVU1LWDZHZXlaYWEtTzJ4TUtJN3ZvMEYyc3NBTV82Tm1WSUpEZTZOR3FR?oc=5","Fox News","US","1782162682000"
"Iran disputes Donald Trump claim it will buy exclusively US food with unfrozen funds","https://news.google.com/rss/articles/CBMiX0FVX3lxTE5hV252Vy1qcC1GNkZ4Smw2cExhajFDbTZJakZGQ0lwZUx3U2tkQjJLRHg4S2pYQVNfMF96LVdscVo5Y2daSlhiQ2dWanFrMkNQSkQtTndwNmtBWU9HbG1j?oc=5","The Jerusalem Post","Israel","1782165199000"
"Speaker Qalibaf: Strait of Hormuz will never return to pre-war status, Iran will administer it","https://news.google.com/rss/articles/CBMizwFBVV95cUxQUDJKSXlha3M0LUM5ZEM1WlgyRUwxTDJTakpoYjlzR1RhVVNjd0xXSzR0dGlYblhpY2JxVkdUZ19GUjh6YnhpaUJvZXg4RGY0dlBwSW01RHpVcjlvYTJzejFrVTdXYUZ0THlYSGRCZ09tNUhLaEtNMzFpcnJhNzVtOXN5MVNkMVlfQVpoUHQ5MnFYWmJkMFJSVGRYRnhqN2pjYlY0bDgtM00wY3FTQlBkM19GOUdRVFFkOUFpMkJFVkkxZ2Viak5PdkxjOU42Wlk?oc=5","Press TV","Iran","1782164940000"
"Iran’s lead negotiator insists Strait of Hormuz will be managed by Iran","https://news.google.com/rss/articles/CBMitwFBVV95cUxPZjBWOTVvYUNHbUhYaE1iV0xDU05PUnNpR3NOSGJkZmdEYm10VXU5Y2FRN2gyX0ZDcWtILXkySDZ4MXFFY2hLOE05YXBadHlXSHdBVFFwdzZhbExaYWNHamNHNjVLdEszVDVXNGJyMEFBNzRMWk05M0RwMjRhNWRSanhERnhRUkNFVWhwWVlsRi1rUkRMMldzM3IxLUNqaGl6Z24zZzNGQUdXaG5EUmNsVTd2ZkxaR1U?oc=5","The Times of Israel","Israel","1782164820000"
"What will rid Lebanon of Hezbollah’s influence — the US-Iran MoU or negotiations with Israel?","https://news.google.com/rss/articles/CBMiU0FVX3lxTE0yal9iMUVPUjJjdW9wb1ZwaURjMFJRX1dvOUVVVWFVQ0ZHY0wxdmtEelVmRXlEOFZNZmFJU0Jlbnp2cXhqWGg3eUxsYmF6MmVfVnFn?oc=5","Arab News","Arab","1782163014000"
"Vance says UN nuclear inspectors will return to Iran as US suspends sanctions","https://news.google.com/rss/articles/CBMixAFBVV95cUxQcUxBRWRaVnU3T2Z0Rl9iWDBkZnhNaXV4TWJxWGhvRlIzczVRaWtIVHFMdVZEZjl3NW5BbzA0TUItRDV6aXUwWXlZdDJzN1JlSnVILTBWNmtyZGVSZGpqOGNySDFfS0NVNmJtcVdPbU5kZ01JOFZiQ0tPSVhFS3lfZHJlSXlWRGsyT1dMZm5WUm12MG9GQVhoOHRTWm9nVUVDbWEtYVo3RWMtVzc0WTR0VElNS193QmVVOHNZOEhTeFNHRXlr?oc=5","France 24","Europe","1782164959000"
"Rubio heads to UAE, Kuwait, Bahrain to discuss Iran deal with Gulf allies","https://news.google.com/rss/articles/CBMioAFBVV95cUxOZF9CN1F2RndBeDJqZW9LVUNCQXNiUWh3anF0VmFhMzI0a002ZkNrVUwzaUtxYUdqUE5zdGZWZFdEWDc4eEZiUW5ZbE1rZEc0aXVmMVNmaFRIUkNPaW5CQ0s1ZnZNd0p2UWVzOHZlTjNuc1c1cDYxWVFvc1NLeHNfb2dxVEE5eTJnY2dPSTRfLTYxNEsxcU5WYlcwUEdLZEFB?oc=5","France 24","Europe","1782163166000"
"Vance says talks with Iranian officials set 'good foundation' for a deal to end the war","https://news.google.com/rss/articles/CBMivgFBVV95cUxNb3RnbjJDVFZXZzRzVG1SS0U3dWNKeFlXYXJXd05LblQwREZXS2w2YjVBRjNzT3I5OUhpeDV5RHJIYUZ3S0hGaTYyVzNWbEdtemNkU0tjUzVwQ0lkSnplcWFERFBrcGJ6VHNDejZCRzJlUjhxbTdWYWM2VkRaTFBLUWdLMWlJUFJEZEpzLUR2RjFZMUlCVEJlalAtYXNJYnNEc01UcGVRaktVRE1FUk1RenZ0ejNRdk5XUi1HV3Nn?oc=5","The Independent","UK","1782165720000"
"Trump: Preventing Iranian nuclear weapon 'supersedes' risk of depression","https://news.google.com/rss/articles/CBMiogFBVV95cUxNbzd0TzFqTkNEODB6dVR3R20tUTRZOUJQekZ3RU9US1Ryb2VUZzBnT2UxTEE2enFLWjZvMFJCWjFLY1JXVHgteGMxYWFIWjJ3NWdqODVlVWZiOTdzX2ZIbU9nRzhzeEN6bFhXZW5ETko1cDVzd1I3N1UydG5BLXRKMEZXTVRYa3Rac2cybXdXTnJ1MnhCVW03U0pHTm1ZSmQ3cnc?oc=5","CNN","US","1782165480000"
"U.S. Eases Sanctions on Iran’s Oil","https://news.google.com/rss/articles/CBMihwFBVV95cUxQYjhKWkw3VHZwdnJmLWJsVXpBNGJVSHpCX0d1VGFza3lJM3BwbEpfa0hDdm9qNTh0bEZUVERkeVltZzRjMlNTbjR3OUloWFFJTV9nRkRGdjlCWmN4czNHNmRrblp2Z3hEMFRmMHZqc0hOaW9UMGhBOXA2R0hTTTAxUkI2bktVRmM?oc=5","The New York Times","US","1782164856000"
"Israel fears Trump is strengthening Iran's hand in Lebanon","https://news.google.com/rss/articles/CBMiaEFVX3lxTFB4ME1ZOERqaU1OY1VuOUZQSVlYMV9EczJDR1JfcDA5V1NHQk82QnNUbU1SR0dZSUNKcHhaT2hVYkUxeEFfUlMzWWZEZTlxQk1Ua1Iya2M3UlpJeGNiRklWZVdrb091RjVT?oc=5","Axios","US","1782164660000"
"Opinion | Iran’s Regime Gets Its First Relief","https://news.google.com/rss/articles/CBMikwFBVV95cUxQaE1saU9PU2dlZDVmRUNzYy1MZ3hELXNRM3RjUGs4eTV1OWdkeVFXX1hjRFhnNlVrNklNMjl3V3Rwd2tCY1ExSVVmdk1JRkFGcXcxQWlmdEpPejhBOEdUY19qd3pjZzZxd3A3THBnX09FV2pYNXNjX0N5U2Fld3M1YXhEYkJXY29aWXp3U0tLU01HR2s?oc=5","The Wall Street Journal","US","1782164160000"
"Iran seeking ‘time and resources,’ former NSC deputy assistant says","https://news.google.com/rss/articles/CBMiVkFVX3lxTE1JRlp1alNWQWgtUGdmYXloWU1UWHFfczh4LUt0elZlX2ZZM2ZIM3lTMGkwd3dOamwyNVNjbWJ3bnYwbWJhQlN2RUVnLWVPUDI4b29ucllR?oc=5","Fox News","US","1782162864000"
"Iran says Israeli attacks on Hezbollah in Lebanon violate MOU","https://news.google.com/rss/articles/CBMiVkFVX3lxTFB5SW8xLWVCdHpKSVQ3MGhnSi0ycjJ0STRJb3VOOG8zM0UwOTZNLVBqQm1Tc2pyU1Y1ZGxEUTBKUVY3cUh6TVJIb2k3SlVXYlZnQUk3bkNR?oc=5","Fox News","US","1782162783000"
"US-Iran Cite Progress, US Waives Iran Oil Sanctions, More","https://news.google.com/rss/articles/CBMipgFBVV95cUxNMV96WUtNbThYak1ldzhEZEVaRkdSZDQyU1ZnT2VYTGppNTNGRzJZLUMta21Na0xBNEhDbURkQXNnQzRvb3V2VWlmWjhLSUJ6UklobU9UYTIwU2hDVWItRkxpVHg4N0trN0tYVjVSM19oN09ZQWpDcS1zSGMzLW5maDcyVEJZMFFhRy1fQ0c0ZG04ZEtrRm4wWVAwR2hFZGUxVTJKTDNB?oc=5","Bloomberg","Global","1782166872000"
"Oil Steadies as Iran Sales Waiver Signals Peace Talks Progress","https://news.google.com/rss/articles/CBMinwFBVV95cUxNRS1oaUtDUXJQcXRkOFNiS3luSG5pYXl2R2VBaDVHSnlYZ1hyV1ljLVRCMk9WajVzeWtJSDhrSTMxbHlQMTBoVExPUG83Wll6TDNKY0hKVFQxcVZLTGZveTVjUzhGU3I3ZFhtbFdHUXk0dkpJeWxSY1otNEJaZFJRYkROMGFxQWtsZFFrMEVtMjVTc3ZLMW1WYkVnTXlqcGM?oc=5","Bloomberg","Global","1782165743000"
"Opinion | Opinion • As a Palestinian living in Israel, I'm afraid of the price of a deal with Iran","https://news.google.com/rss/articles/CBMikgJBVV95cUxPYWJKckU2TDZXdkVmVTNWcFdaTFlKRmNEWjVLR21JMlZZZHp1dWRkWmxRNllLUW9ZOUhNaFkyZ2Y5NjhCbTByT0RVRzdCdWVqOE5id0ZDcmdJLWltZHdQMlNmamJ3bFl6VF82c3JmajFVWlU5aUxzYmdfYXlma1Q4Sm82SjhWMUFCZEFYdXN0bmZXQWMzMWZaSUIzMVQxaXA5Rmx5bHdtcGhqSmZhcDU3Zkpfd2RvemlTZkpyRVN1Z2tpTUJuSkZRU3E2QThnLU5CNWp4emNYS09vcnNmWldLWENlSXRsQ2NVczJ5Y0p0bEE2RV9sYmY2dzBKb1gyTm5uWmxpdHZwaG96cmx4ZG9FbS1B?oc=5","Haaretz","Israel","1782166740000"
"‘I Will Do What I Have to Do’ if Iran Violates Deal: Trump","https://news.google.com/rss/articles/CBMirwFBVV95cUxNbjhDNGxyMHpHWG5YQl9OeTg5SjBhUkticmpScU1jLWdUVUQ3MDlWUl9LSnNOejViSnNHeG9LYjRTZTRvT08xb0dnQTg5dWgwb3ZqUE1PMjhFWmxpZ1NxS1ZWYndSN1JReVdKaVlBTHhSS0ZPYkp0aDJ1Ql9FUW50a3hCaDhicUpMM0VZMVYzSU9WaG9RTU92UDFWNDlIempSU2dsS3h5V0JFUE04emZv0gG0AUFVX3lxTFBVTlFVZnNtczFKbzU4V0Y4elZhelZWNng2aGVGNkczS2RMa2tUc096X2ctYlh2aFh1M1lEVnlXTU5jSVV0NERUUVYxNU4xakFhcGYwbjd3ZlBHaUk4b2VydC1rWVFkYXNXLTVNd0ROa1Q4QUxSR0NzQVBsb1dVMklSRXZELWJLVU9RVm54ZUhmX3ROaTdld3hoY0YtSEZoT096MXRQX1VJUXR5NDNLWlVFU2dBeA?oc=5","Al Arabiya","Arab","1782166728000"
"US energy secretary falsely suggests oil moving through Strait of Hormuz at pre-Iran war levels","https://news.google.com/rss/articles/CBMi2AFBVV95cUxOM3JvRUxwdklVNVpBTDBTd0E2Z3padjg0YzNHOVhndldaSFRPUGYzWHNXbktZUTA4RHh6dFVNNTYzNW5NaXZyRGs3LXJNTE5mcFFuT0R5d3JOSFNWTkw3NlZab09zYjkydDFGdDBkOXFrQTZHbjNRZ2xFdVpGZ0FnWWFFdWxKNmdkdGh0RjRJZ19UZ05uY2xwWWpBQ1diUWhQX3NJSnczSk1OWlNodmV4XzBXUUFBS1d6eHNad0FpbHZCMi1ZRFdsMVBpVTh1VVUyWE04WGM4cDU?oc=5","The Times of Israel","Israel","1782166200000"
"Team Iran thanks LA for hospitality after World Cup game","https://news.google.com/rss/articles/CBMiswFBVV95cUxQZXZiZjhDeloxTmpFT0Y1Y3c0VzNURG5nb3pSc1dWcmtSOVA3NGthbWQtdjZxT3B0RlNpdTdkWDAxXzd0ekJ5SU1LQkcydlRoSmExN3RoQzNfMmlnQ2U0M3RMQk9zZzY3cTFwQVd5VkxWdWpRWkRKRV9HNHpsQTllc1pJSDFwOWdrZl9Xa2tKRXdfdkdsdU5RaTBVWnBoMDVtQ3gwN1YtMVVTalo2QlVYU1VQdw?oc=5","CNN","US","1782166740000"
"Iran has arrested more than 3,000 citizens for ‘collaborating with the enemy’ during war","https://news.google.com/rss/articles/CBMixgFBVV95cUxOMlpSSU5JcjV6aVFDc0gycXVySGItOWk2bnZZa0ZOYVo3OE9nZ3JUMVhxeWt4T1E0RlNJWlltdko1eURYVjgyRnNpcHFxWWVGY2tieTFYaVgwU3JzODNOQ3cwWHBmYklJMTdPbDN3aXRvbDZZQXVBUzMyenhSdS1TNkR4aElxMGp4VUhxVVhxR21sWFFOSkd6YXdJcFZJT1J2elV5YkRPT05KdEdVbkQtb2Y0eGpZeHJrbFFwNU5PNV8xZHlIZnc?oc=5","New York Post","US","1782166560000"
"US eases Iran oil sanctions with 60-day waiver","https://news.google.com/rss/articles/CBMiiwFBVV95cUxOSTMzQ1FPdXo1cHBYZzRtRUd4X2xRa18xczFBaG5FQjhPS1hXZ3hXUWxfV3Qtd2N4WU5pSkdDazBYcXlRcE5PcVFkallnSnB4Y21NaHZUXzBQb3gwZXBXakh4YWo4a3NuZnJLUkRlTTdRVTNSVkZJUFF4eFJ4eWpVMGhLR3BwOTdTS1lz0gGTAUFVX3lxTE14aFpSdVE5WG1uZ0E3SXFJZExQbXltSnJKQ2dFU0pqV1dDMzJVVlhiX2Fzb2tqbVh0NzRPTGRoQjU2dk5DX0hmSU5tOHl6cmo0eF9fVU9heUJuWTFDcE8wTTQyMHBHUDQ0MTNTM0stQUM0RmhwWUJKOU1XSUxCUldDTzZZZERrMC1XejFVcUwxOE1hMA?oc=5","The Express Tribune","Pakistan","1782167387000"
"WSJ Opinion: Round One of the US-Iran Talks, and Another British Prime Minister Resigns. - Video API","https://news.google.com/rss/articles/CBMioAFBVV95cUxPZDZSWGRJMktnbU5qVGU0Y0JVWnFVZ3FncXZjaEcyYTBOTUFVWmVBVkkybFAwX051LU56SjVmdHBicmhDUERjTjZNUTlYRi1JWTRsaUNTeGZNejh6Nm5wTFkxd3RaMTRUaGptLTFKUElRaWFsbGdDZGd0WGk5aGw4dUlSMzE2NXJTVVpDOVR2VTVNQTRIVG5CQzBQNUhEbzRj?oc=5","The Wall Street Journal","US","1782169293000"
"Trump has done 'more damage' to Iranian nuclear program than any president in history: Marc Thiessen","https://news.google.com/rss/articles/CBMiVkFVX3lxTE14N3ZzTktwdUtUWEtTLU1tYmVfZ0ZSTTNSUk1PNUctQThnc05YS1djaldsdktSbTNzU0xFRUxpQTJRS1paNFh6OWtKQURMUGVLOGc2MTJB?oc=5","Fox News","US","1782169053000"
"Treasury Department authorizes Iranian oil sales amid US-Iran talks","https://news.google.com/rss/articles/CBMiVkFVX3lxTE9SbkI1YXQ5LXNQYXhrWHpDTVFiR1ZaV21KVENRZUhNTU9BTjVudmVNRC1keGM4T1FRRG9NWktIRURCMXB0T1FUUEZMdmxkY2xjbE5HcVZn?oc=5","Fox News","US","1782168920000"
"Iran Team Leaves Locker Room Note: The ‘Spirit of Iran Remains Alive and Steadfast’","https://news.google.com/rss/articles/CBMikgFBVV95cUxPd3RPRWg1NkZRdUdDa2IxZ2QwMV9VRDF0b2IxWnRYenZwNlRTNUFBU0hydHhTWTVzVFJrWVdUSUdCYWM4SDM0OWx3R2NXWE5kUFdLVWlVV2thWmxHMmdMbjQ5VWZxNTZHMVVHZFhLdXV3RUROS2dSQ2h4WGxvQjFXWS1FbHdJcUU3b3JUSmV5TWYyUQ?oc=5","The New York Times","US","1782168447000"
"Charlie Hurt: Critics of Trump's Iran deal are trying to ‘rewrite history’","https://news.google.com/rss/articles/CBMiVkFVX3lxTE0xNnBVckhyRGlmWGVBMEdSQnhwQWlrUTJRa09maFhURXhSTzFlWDZCdnotc2hhbk1ST0I4TWVCOGRWYXFtWWdLSFZoYmtSZGJQNWdqaWp3?oc=5","Fox News","US","1782167585000"
"Gold Steadies as US and Iran Flag Early Progress in Peace Talks","https://news.google.com/rss/articles/CBMitAFBVV95cUxQeENnTE5icWxuRHFNNVI2Q005UWZFbklIcVJwVE1oS3YzdmxjMVZ5MF9tenY3d3JBekZJcUFRdEN4QnVsU0pIbjlkejlQMTR4dG9LeDVCVHFIR0R1bVdhR3ZSaGZadFdYbVltUFBNTmlLa2V5THd4bjBLSFF2RUZJOXF6aFd4RTVxVkJPTjVLd1M4ek9oS01qdVNEUTdCWmRLNEdsUVd2Z1hITXQ1VDRMSUJRcTg?oc=5","Bloomberg","Global","1782170365000"
"Trump warns Iran: ‘I’ll do what I have to do’ if deal is violated","https://news.google.com/rss/articles/CBMiuwFBVV95cUxNNDdoNlFyX3h0Z3lqRktmdkZNdkVHejNZdXpDS2JoaG0yMXlNTS1QLUZTYTFkeEpkbzQxRmFILWRPM2ptUEhVR0Q2NFkzckxyNmE2MGZKZzlUS0dTa0VUZnhsY2ZfOGZlNGFoRWs5eG9rdFFFSW40LXV3djBNSzRBSUROTlhlb0xDZlh2LUZCSEhzU3pQV1JCdTBzbWJDU2s1T1RCamFCVFdvSUpEYlhkU0N6LVRvY2NoaGpn?oc=5","Associated Press","Global","1782170340000"
"US Iran Oil Waiver, SpaceX Falls for Third Day, More","https://news.google.com/rss/articles/CBMinwFBVV95cUxQUVp1My1Yc193ZzRVOVdwU09lT1pUdnlOQnVOVUN3Vlk5czhoTXpYTDlZZWZFZUMzZmpGVE1JN0taQXZROXIxWGZ3R1pqSjhvWmZvd1lPbGtDdWRjcmxoem1QMlBTLVpHLXB5dlhKWHg5bHlMWDlZRjllcUZQV2ZvQ0h2WnVMZEctMDZ0Ti1vMl9mOTdqbU96QlhNaENxR3M?oc=5","Bloomberg","Global","1782170017000"
"US stocks end mostly lower, dragged by megacap tech; focus on Iran","https://news.google.com/rss/articles/CBMiZkFVX3lxTFBtWXFXTGZCWUFNdUxsMFRPakF5cHBTQ2NxcEJQMW5KamozSVk4VGNra1gzZ2RjaF9tZ1pKelg1ZUhiMDFldlNMa0JDaHFMY3VCZEpBR1N4SkRrcmU4NDl0R1l6dzUwZw?oc=5","Reuters","Global","1782169670000"
"UK Winter Power Supply Secure Despite Iran Disruption, Says Neso","https://news.google.com/rss/articles/CBMitAFBVV95cUxQT1RRTXJuRWJ3NGdHZTIyWU1vS0lBcTlBWkowcGhzanJEZ3BQZ1ozQjdFQVBURk1SRWFPRVpBUlVjWUlCTlM5LWZnZ1laMDY4MFdtdFo3NU9haUlJdFFZVm5RQzlRMUdLR2lacjJabDRHX3l3NlRFTDN3eW9tdXg4VzRsZEhLRWNOU2ljQmJBeWhuYjdlSWk0U3JKTXB3Vmo3TkZDd0lGN3FHQ3JjczZMX3NmNmQ?oc=5","Bloomberg","Global","1782169260000"
"Trump hits Starmer with parting shot over Iran","https://news.google.com/rss/articles/CBMimgFBVV95cUxPcERFM2pGU0dmbUJwNjlaLXF1TzJScDB1eGZtZ2RkLUdMcDU3RUtHal9yMDJwakotVWIySVZ4UG9lNEZUTjI2QXQwdTd1SWJOb1lBNmxrZGQ2MlpfdTd6SndneTJ4QXppSUlBOFViTXAtVGRQNGc0RXUyd0RVdTBMbVlfNHhubXpNQ2l5WmJzNWxTOFAza0V1VW5B?oc=5","The Telegraph","UK","1782169920000"
"Britain to have surplus of energy for winter despite Iran war, forecasts show","https://news.google.com/rss/articles/CBMiogFBVV95cUxPZ0hkZGMwTnQ0bkdTNVpSd3Y3UW5oS3pxeWZNU2pCa0NoUklFWGdENkVfd0tZVVRhMnc0eWVfb0tGM1RLd0JNQThpRnJjZTRyRHp1cVRLdUFLbDVHeElNRmFyLW53Y0dLWElhYXBzZXJ1a2JlUXZXVm80T2V2bzFzc3dVV2hXZUU4amZqdE54X0pwY09HQzJHS0YyUERWaUwwTUE?oc=5","The Independent","UK","1782169260000"
"Charlie Hurt: Critics of Trump's Iran deal are trying to ‘rewrite history’","https://news.google.com/rss/articles/CBMiVkFVX3lxTE9YZms4cGZXaVliV1I2a2RRUmpwQmJFc25vNzd4WmpJMlk5dnlYZkhBVzdkQTVNanNjXzllZVBsZTI2QnVucUtMNkUxR08ybmdYemlHRXln?oc=5","Fox News","US","1782168388000"
"US maintaining presence in Middle East during 60-day negotiations with Iran","https://news.google.com/rss/articles/CBMiVkFVX3lxTFBSM2F0RFJEQU1oTlZzb1pCN2FacHlHYlVxUzdoSjdtVU5Gbk52dEVRcU85WFJENWtXTVZMWkdZblRKMTRWY2x2Y0RMTVNTa2t2bUdTc0NB?oc=5","Fox News","US","1782171380000"
"Trump has done 'more damage' to Iranian nuclear program than any president in history: Marc Thiessen","https://news.google.com/rss/articles/CBMiVkFVX3lxTE5HcGpPSHpkdFBYTGk5NjFud1RhZmE2aWZJZV93YW0xTlRxMFBuUUlBbTRIaGVIdDFwQzlBbVZVTC1Mck9qcU1EM09Qem5ld2dvbG9rN3JR?oc=5","Fox News","US","1782169738000"
"‘A mechanism’ is being created to always keep the Strait of Hormuz open: Vance","https://news.google.com/rss/articles/CBMiVkFVX3lxTE5QS2lUcjBnSGtjbGdFWmVaaHVPRU53eUx0aDFJVE9yQmtHY0dqRWxHeHA4cHNSRGk3SkdORld6VXRlZTBYSUM1YkZqb2dIb1ZXcGQtUk1n?oc=5","Fox News","US","1782171575000"