headline,link,source,region,published_at
"Oil Falls on Possible Position Adjustments Before Potential U.S. Sanctions on Iran","https://news.google.com/rss/articles/CBMi1AFBVV95cUxNbnFqT3hpUmxhWm9CZ1o0RVlfRUw5NVBxYmItMXg3QTJrQllqMXhjVG9UdXQ4UXRWVjItMDV3N19RTy02dk1HT2VRMXY3dG0zUGd6NnlFOV82ak5nSTFxaXZGeHFib1FYVmhDeWhqWk1VbzAyY0M2c3BuRkV2OTBtTEVrUkN4cUVDNm0wakJDRHlpTHhFaV81UTdWX2UyaTVnSUwwTXhINEp2NmxoMlJWWFhNVWxRQzBadlFrX25qcDVlWnBlZmp5UXZuYWRLYmZtdEJDSA?oc=5","The Wall Street Journal","US","1787530920000"
"Canada Sees Long Trade War With US, Iran Economic Pressure, More","https://news.google.com/rss/articles/CBMirwFBVV95cUxQRXZTRkVOSkE1UTc3Vk1hSjd0ZFBFZGhjLUp2ZnhucW1idExxelViWm5YNEgzbmNiTlJBYkRhYVRlaXlpWktJT3R3SzRxSmdwWTJCYkpaTWlPOFJibGpXWEN4ZDRQUVh4YmV1cDN6V3lzTWphbTd0N1dsQW9YbTBUTXRxMDZzbUJweU5BeWluV3RHdWhQaUk2c3RZVndxNkE0WTZIY2hHLXNGdkkzZTdV?oc=5","Bloomberg","Global","1787533004000"
"Shares flat in Asia before Iran sanctions news, Nvidia results","https://news.google.com/rss/articles/CBMigwFBVV95cUxPMG83ZmMxSkVxZFI2eFdsTkhlblVtbE82OFd5SmxFekFOZmtQZEVLSzZOZU1tckZxd2QyOU9vYmRuWGhXeDIzVDhkQ1RaUF96T1hRZkg1SVRHWHAxcGVMTWxmMXBsSjVONURWaEFhMWp2dWdKM0piSGtyWVF1bkJ0YWFxWQ?oc=5","Reuters","Global","1787532540000"
"Iran announces major gas find in southern province","https://news.google.com/rss/articles/CBMifEFVX3lxTE9zak5MaXZmRDA5SndvUmk3b3ZJSEdjSUE3VWFVWXBFWDZQYUNNRk1LWFcwdGJJdDVWNnoxaWtWMFhINmJkMjNFYzdITzhtWk5PUWtVTVBtbHg1ajRpRUFtb250bGtvSGcxcjFuMFQ2b0kwa3RCWTlOSVg2ODY?oc=5","Xinhua","China","1787532975000"
"Treasury Secretary Bessent says US entering 'endgame' with Iran, will sever economic lifelines","https://news.google.com/rss/articles/CBMiakFVX3lxTE9kTFZ6Uk92dWZETExfeUhrWHhoQWQ0TmxMbjNBYWo1cEtvVjZkOGpjVUVJazlaTXl4c21pQ0JrN3F2d1RvTEprWENrUU91cmpwMUVURno0SkduSGFfX0JoYmp4ampERURaYlE?oc=5","The Jerusalem Post","Israel","1787532328000"
"The Hormuz crude volume debate masks the real shortage of refined fuels","https://news.google.com/rss/articles/CBMiyAFBVV95cUxNdWt2QTd6U25aN2I3V1VZTmhVdVBPNTdYNUx5OXlNQWcxcFo4TEJwUEo3Z2R0MWRBRnVvT3FqMms2NURIQURVdWtZVlEtM1d3YlBEVDh4b0g1SmlFWVVGRDRJYVVvbUI5eFRGWmxDRXF6eWFVVXF5TktKWS11NFZhUkU4eVJNY2ljcThUQi1uZ21Zc0NhekVIMmxDcUhla0xPSFZlV0VlSTJJOTdQU1hXODZwMmxPM043dmV1SFdCSDRlZ3BNMXJLXw?oc=5","Reuters","Global","1787534220000"
"Iran announces new natural gas discovery as war and US sanctions hamper production","https://news.google.com/rss/articles/CBMiswFBVV95cUxPc3F1aWE5SDZnUUlJa2kxZzlsN1dUVENPdnZqQ2VjeWxlVTRmZlZvVmQ5MmRNNldZMjVFZ0k3VTZ4WXQ1YV90SEtoNUlldEtBSnRFOFQ0V24xeTc1al8zNEhkT0pYYVo5cHRvQ2ZHUGxpTEE0NFpSMXFsbXJPZ2pVOGJEQTRqUXhWUVdEWTZxdkRWQjlDR3Y3ZTRHWHZpVnRRNjBjQzhSZEExUzJVNFUyUUVzd9IBuAFBVV95cUxNbGt2XzF5YWJid3BXd2cyRVFxck5CVnR0cGNQNjZ1UUF3bmJEV05nTkRPbnZ3NTI5alhxeXo0aXFJNmFoMUhmcGtpbll1X2RTOEZNNG5jRzB3QVRlYnBFYmxTdWl5RVplRlVhLWZONXREelZEVUJ3VkVPVU9zMEZqaXA4Q2hUckxHNEZmOVVfSDFqTkRMVXZkRVhQeUFjYW9HbVRPVzQxM3ZJbk56T1VXdnpoMGEzaktf?oc=5","The Times of Israel","Israel","1787534322000"
"Iran official says support for new sanctions would be an ‘act of war’","https://news.google.com/rss/articles/CBMiuAFBVV95cUxNd0t3NkVveXVDdjdJRnM2T243UlFQbFpSNmFzUGF4Wlkwb2tUZ19zRnViOGhrOVM4cEFmdjEwSUdyLUlEdkthV29FTTFnUW5pYi1Qc0FLMXZQWHZRTkNRaXMzMHVmSUotUi1qalZHaFpzY3VDM01sR2I3eFdVOTVfZm5SWG9YWEhfcXc4VGlTb2RCcXZ0aktuVk4zQ05CS1Y0YkQzWmZRdlVKUmg0OW91bGI4b3lPRVFx?oc=5","Politico","US","1787533500000"
"US-Canada Tariff Fight, Bessent to Announce Iran Sanctions, More","https://news.google.com/rss/articles/CBMi3wFBVV95cUxOb290dEJwejVyTlROWXJ5ZnNxQnIySlhoWTFkZEFnbVF0eVpfa3V0RXpYTVRKOVRveF9mNFBoaDJKOEgwY0ZHcElZWFZaX2JOVDlZU3REWVFxVWRHZ3FramNUd1lUbGgzZURwLVBFa2ZOUjRPQkRoSE84dzRhaVNTS0h3bkJMc1JicE5IQklLQ0J4dnRWZzJqblNFU052Y3JxZGkwbWdNLU1wbnVpUng0UzFHd1Vyd1huZG5kWExudDZNbmpJVnBxTTZFSVR4cXhMazlaT3MzUV9xQkRDZ1Zj?oc=5","Bloomberg","Global","1787537320000"
"LITERARY NOTES: Iranian scholar’s Persian work on Iqbal translated, annotated","https://news.google.com/rss/articles/CBMirAFBVV95cUxPUkpCZEYzOElOaW9Cbkx2S3JYb0s3Ui1ZQ1JNdk5hZC1aOFBGc0J6Sno1YXd2ZkVmZlFHZEc2b1o2OEhVbUtKZU5mbGU5VF9FWnE3RmZ2TnNzSDJ0WVVrWWV6VW1XVW1qZ2FHcWxnWHlqTzlVZjY5YVUyZ2VtZUdxQ0dMR1hVbHBHUWo2X3FXNkQ5OUdvbzI0T3RwTy1kSVRneUIxX0dJVllEQnpm0gFOQVVfeXFMTVBLSzZNVHU2eS12Z3cyajJMN2VPUjFlZlB0NDZGYzZqREFOQk4tZDRINW05bVJ1ZlVIUTFrR1pLWHp1dVVoQjdLY2RGTDNn?oc=5","Dawn","Pakistan","1787537025000"
"Iran announces discovery of major gas reserves in southern province","https://news.google.com/rss/articles/CBMifEFVX3lxTE9femNIX0dXZUpQT1lGUDdpVXVKSlJZaEpTYUJwdEJJSE9WM3RTUTJDem1xTjZRZ3dKSURrMjhBczRmQTlYeFBvcVJuVy1jV2FWWFJYY280SkZEVmFOaU1GcWdwSTFGNFFkWTA1TTNudlc3eGcyUWVhc0o2RS0?oc=5","Xinhua","China","1787536695000"
"Tracking firm says fewer than 20 ships transited Hormuz over weekend, though figure could rise as some switched their transponders off","https://news.google.com/rss/articles/CBMiiwJBVV95cUxNY1h3dlV1YVdBS2h2c0pLMjJQd1piUFM1QXRKTzAzc3FCdTJ4UVpzd19yN3dHTmhvcnA1b2R0andOeW50clNqRnRsbjF1dE8ydW9LTHlNZW1JWHJ6UnAyM05lNEwxdGpyNmhvTUR5d0pFTXI4czVwTmh3azBQaDlPQmhkS1BZbGZ6WWtmNzFTQ2NIdy10UnBCaTl0RXBDczJtWUdNUHRlRkY5MmZzVlp4Y3VpZmp0YzJIWm15NjM5SkpEcVpTVTdfdzB1amJTVWNSdkpBZFAtNkN5bVVaSlJWaVlCUjBZTVdEZHphTzhuZVpnbEhZRE03XzZKSlBVenVWYmlycDJubklMXzQ?oc=5","The Times of Israel","Israel","1787537566000"
"War-hit Iran finds massive gasfield in Fars province","https://news.google.com/rss/articles/CBMijwFBVV95cUxOZ2dGSXdzQ3VSMlNOdjljTE1OTXh6Y21HdjBBRU9FS1JCek1qcE9lemdXTVAyZmhOUzB2Y0lTWkQtc0VOSXY2TDM1eTUwY1NhbkxVSG1lbXdScEdCUzQ0MUhKZ1IyU3BNTHV2Ni0zM09iejBZVm1IajRRWW5XX2FDMG5xX3RTdHNCMklYMjVXRQ?oc=5","Dawn","Pakistan","1787537045000"
"CDF Munir in fresh push for diplomatic end to US-Iran war","https://news.google.com/rss/articles/CBMilgFBVV95cUxNaVNZaU9hMDhxX1pNOENBMVRVaUl2NHRuZl9wdGJKUzdhSzVqV2pnc3BzSUxNa2VKV0lHSE5abzBFOUNkb0NRYkotN1NkY25uZkFicFY1NWM3c1E4dnphNFY4MUtoT1d3OHpoRDFhRW5hVVVhNjFNSUdWa2s2U3JZc2ZrRXB4c3JjRHp2VEtsTHJfVldLd1E?oc=5","Dawn","Pakistan","1787537013000"
"Live Updates: Latest from Israel, Iran, and the Middle East","https://news.google.com/rss/articles/CBMif0FVX3lxTE5EUXhiQkdzeVpmMDJqaERfOXBSQXVaWFhHNUhGc3RUSGktZk1LRTh4aDVSdTBZdlpkb21mZS1YLVRNUHpNbjFrTDNyVk50Q2dZTkVvdnpuOFN3WWxBa25qVnc3dkxZczRON2p1SDRSOGNUTnpqRUdmZXY0Y29LN00?oc=5","The Jerusalem Post","Israel","1787536805000"
"Iran war live - Al Jazeera","https://news.google.com/rss/articles/CBMizwFBVV95cUxNTHpqYnJJQm83RmJuWm1MUnRfOVoxYkRfdUJMUHVwQXdvZktlcUJ4U1BjY3lfSV8xVGVZRTlMdGJrWW0xN2puaEV2RVcyZE1LaTEwS2RQMTBxU3Y3RDRvRkxFY19OQzRObGY2clFFb3BBQlZ0dlpDN25sb1hZSjQxcVc3OW5zWUx6MVdGMWdXYlJmbFZCLWxWenFnMTl6S21hQWU0NmJnYlFvMkw2OElwYm9CZTBZOTkyVHVsZ0lya19lenlCU0Q5UGxiNmx5dHM?oc=5","Al Jazeera","Arab","1787536041000"
"Indian shares likely to open higher; caution ahead of new Iran sanctions","https://news.google.com/rss/articles/CBMiswFBVV95cUxPM09QeWVZWGJNRTU2Y2hDN2lmLVhsZDN1OHVDeG1GODlEY2M4cjdMOUM3YkJBbzRYTXJkMHVSSkdpdXE5dllmcy11WVRPU1MxMXVxcnZMZHFzYTFCdXpfYWZJNU51TC1jY0ZyQkltTVhYMTRsYWpYYXBVWWstalVXTktkTlBiblNrSE5iZjRnRXpsNnJQdDVUT2ExVVRKSlgwOWcyU2F1bVJ1dG9IRUdqVzd5Yw?oc=5","Reuters","Global","1787538120000"
"US-Canada Tariff Fight, Bessent to Announce Iran Sanctions, More","https://news.google.com/rss/articles/CBMiuwFBVV95cUxNN01HT3NWR2l0QkF3OEk5VFF4cGNsTnc0Zll0NGlsVU1CVnRUZE1OLWkxdTNJaDdJbl9veUV4X09MSDVKcDJzNDRHTnJnclN1TC1WUDFXZHg0RXdMX296T0k3N3V4NWt5RldvYTR1S1g4bGJmSG1nNVNTZ0VYWWllMzViYXJnaldRR3QzZDBDQjNWSE5ZbzExeWhlQ0FoSXNXNFByd0VMN3d2b2tTSHItMGhRLWV0OFlqZUVZ?oc=5","Bloomberg","Global","1787537320000"
"Fewer than 20 vessels cross Strait of Hormuz amid blockades","https://news.google.com/rss/articles/CBMiakFVX3lxTE9VLVJ4MC1PUWlUYVZJNVQ0UVFES294X2FCcml4SnVQUG5QTjJfXy1QTWdwYmFsVGE2M2NYNGNadmczZWZwWHhVUExLaTBEazltUXMxbndsbVgydHNGY1d6bHNSNDJ4Rm1kR1E?oc=5","The Jerusalem Post","Israel","1787540001000"
"Watch Arbroath Group's Smart on Iran, Geopolitical Risk","https://news.google.com/rss/articles/CBMipgFBVV95cUxPSE9ZY0RTZUFfT0I3R2RKMEJydUxEdElIQnBaSnoyaFcyR3VSTGM2YWI1LS01bnhxM3BLZjVoMEtQenZrUDlLd2ZuRHByTXpMQWlkNkZyRlB6RVlFa3lLV0xFRWlmbjlpOU5EdjlFemdHa0cwb051QmJuaW1VZ0tRS28wMkFhVGtETDFYTGVMcG1JNkZGcVl1UGRVRW1wNmVIX19DUVJ3?oc=5","Bloomberg","Global","1787539557000"
"US-Canada Trade Tensions, US Economic Pressure on Iran, More","https://news.google.com/rss/articles/CBMiqgFBVV95cUxOYkxsSVBXMUNpQVY4VFl2WjdwVEdzeldtdGNWWE1mUUp1TkFHUDFCZy1RdkhDOFREcVQyUUphRG02TnZyakNlY2JuU1dTaUNnTFhiQmFHNzVvMTZveVdWQnlQSG9INVFCRUpjOF8wRjRSSjBaek5DWTl1Wmp0UHBUcEFuN1kxdXFDWjFMb1FmX2V1Y1piYk91eERDcDFtREdNOERaaXJJZUVHZw?oc=5","Bloomberg","Global","1787539555000"
"Fewer than 20 ships transit key Strait of Hormuz over weekend, data shows","https://news.google.com/rss/articles/CBMivgFBVV95cUxNTXNxWm1BUVFUdWZuUDJoWi1GRUk1d0RXWTRwR0tQTXd6MXQ2V2RBSkRmMURzajdURDdIQnhEQlFTVVh4TG8yOTdfdWVIdmd4U3AyWm5pSlZ2Y0tSaDNKX1NjcGd1N2dqVmtPUU9rZjMwa3cxWDRLajBjYUhYUDkyY0owcm43TXcyNkp2WlJZUW9ONDA3ZlNlbHlOS19CSTRpYzlOU0pmcVhvaDB6SUsyVU5mM1cwQ2Q5TkwtTmlB?oc=5","Reuters","Global","1787539320000"
"Bessent warns Iran that US set to launch 'the single greatest financial offensive ever marshaled against an adversary'","https://news.google.com/rss/articles/CBMi9AFBVV95cUxQNkIxWEJkQ3RoV2VlYk5kVXhMRnhaRU10Mnc2eVlfZjBLMk5Fc0ZRNWIzX2FFWVc0R05odlp5RTcxX1BDSTVhRGZyUG1weE1LaEl2UzdGZVRCNWlqTXlaT20wTDJ2TjVfVHBDVFFLdnREdFp0UDNOb1NrNjg4Wl85VDNlQ2hPVDVwbHVsWWQ1a2NYelkzOWM2MmprcS04VUQwUG5tNHRMX3lUOE92LTdzNE9DeFdpNmxPWE5KUUNZZXRoVm9KMFpKMFJwZmU4WnNXc1FxYVBjdzNZTndaZ25QSzh6dFhwbU9NNTZtTWRsaTFCVzRQ?oc=5","The Times of Israel","Israel","1787541465000"
"Canada Sees Long Trade War With US, Iran Economic Pressure, More","https://news.google.com/rss/articles/CBMiuwFBVV95cUxNTXZLNUxlc2I4ckRpdnZ4M0xkakoyUzBhVnBYTmQ3VjBuTllJR05mdXpFR0lxTVlSY3ZQZm8yR3FMWlVaQVNfSHhaM2ZDQVVoU200NDVuWF9uVm5tLWpsWWZCd0JyNVpITzBSQ2tmMllwYTNuMlNXS0pMM0gyUk90OXJOUENsLW9MdE9kRFNWNU9SbG5WZ2djc01udHpoazdGTHFLU3c4NkN5QkZod2ZrbnRvZWlzd1RCOFlj?oc=5","Bloomberg","Global","1787542185000"
"‘We know this movie’: Iran mocks latest US sanctions","https://news.google.com/rss/articles/CBMiogFBVV95cUxQWm9Lc0lITVA2clJZLWJ2b291RFctNElleUQzYks0WHRnZ09ackJtdDc3czJPcGMtd3JyNDI2ZDJ0RjVLMUR2T1BxY3RrazRvN0pHdFZxSjBaYVZ1N0c1YWVLSUd1LVpvbEdqb3Z1YjFZM1lxdUlxcUNiRUtxUDVSc1hsbTgzQzBlRzlES0xHaHZ0REFJUFJmWUdZM0FaRXlfTGfSAacBQVVfeXFMTWtZR000OGFfY3BQUEV5Ym1Fc1lBTzVtM25ZckRMRjdDRFAtb2JBdWF3T1JBbzR6dkdjSnRMUWtlVVdXRndiRjBwdzdRTnJyZVJUQ2JyMUlUN2Z0VmpzdDdkS29hQ1ZONXlROGJRb1lwVE9DZDdlNk1kY01aLTI5ZnliUHRGblJGektvcURTNTFKUk9UaXVRLXBDYms1bUc4TUxuWDBoeTg?oc=5","Al Jazeera","Arab","1787544256000"
"Iraq delays militia disarmament as Iran-backed groups resist","https://news.google.com/rss/articles/CBMiXEFVX3lxTFAxQjdtcTZUMkZQT184MFV4cGdhdFR3UTRfbVktbTItdzhpOGdOMWJlUUFieTc4dkRMZ0FSOWV6Yno1WXloTmlSdEV0Xy1xcDlQQmhxd0tIVThZUGxx?oc=5","The Jerusalem Post","Israel","1787543598000"
"Iran warns that ships violating Hormuz transit rules risk detention, seizure","https://news.google.com/rss/articles/CBMirgFBVV95cUxOU1prRlVhSDBWVThWLTRGcnFGT0JYRjhyVTVCb0pnbWJ4dVpybWNMMXJ6VDFKUm11OVR5bFZ6X0NfcjVDV1N5dlNQTjQ4SDVJZHVnVkw5SFpwQ2hnNGtWOUpvQ3BfanF5dkZqeXNPa2hqMnhvenFlenF0RUduZzJKVV9oTFJVSy12RUJrdVhjdGhxNXE3TVNBa1otcGhndC1ZaHZmNkg3QUhwYnVzOGc?oc=5","Dawn","Pakistan","1787542744000"
"Oman foreign minister to visit Tehran on Tuesday, Iranian foreign ministry says","https://news.google.com/rss/articles/CBMixgFBVV95cUxObkJfZGxYQ3dRdFhQNi12SXNHbmhYcjV4UHlnM1RwSm1Lcmt0ejJWTUh6OUlQRnBLbWh3YlM5V2dKVkNPNXBiVGI3b2Z6WUFGeWdCa0wwc1RTX2NHX0FaSzBGOVQ4dk1SRzFvejI3SXRUZVNVWWMybXVpWEJrY0poNExaQ2lEZjBvSDM2UWNhZGxtb3RFRWxZaFlYTk5EQXVmNFNEb0MxSWhVRl9tT2RJcjd5OUo3WTN3QlVPTFdFbno3Nk0xNHc?oc=5","Reuters","Global","1787546520000"
"Top Oman diplomat due in Tehran for talks on Hormuz, Iran says","https://news.google.com/rss/articles/CBMiqwFBVV95cUxQNnRYUV91VV9DbG1mVlRKQWtBUHpTSzZGYmJPUDFQV1FOTXdJQlBjbFctQXU0a2xuS2lkNllKbFFCWmNVRUdkWVNiNVZXWmtGeHpvMmkyQjVEczdBaEo1SW5mN0tsMXdhUHNHNUhROWF2X1FuY3h0MlJqanVXOGUwNjMzNmx5bnp0aG5wdk1qZkZFYVhoaTg3MnBGdzBoT3daQlFEWXgzRk5LNzA?oc=5","The Times of Israel","Israel","1787548065000"
"Oman foreign minister to visit Iran, continue Strait of Hormuz talks","https://news.google.com/rss/articles/CBMiakFVX3lxTE9xN1VuaWFHZUJpUlNaTEk2cGRSSk16QWM3T2U3WmZidFk1S2RpOFVZOEJfYnItSEF6djAzT3J0WlJrVG53NGpOSm40eC1FVkI5dkdIa2tQNU9xLWR6cFY0VFBZZmJtRzJQZ0E?oc=5","The Jerusalem Post","Israel","1787547303000"
"Iraq proposes joint security council between Iran, Saudi Arabia","https://news.google.com/rss/articles/CBMinAFBVV95cUxOa1h4X19JNFhCSDNxLXdYM0NXMTdteUZYOVllcFY5c1ZJWkV4OHBNbHFPc25rNjRNbWZHNVRTQWJPTVUxd1YwX21ILVZ1VEo1UnF6eUtiem04cXI4Q1VhbVBySThlYWRsQXAyQzF6Z25tMU5TMVd3bFRPRkk0dEI2UV8wRFhMVk1xSVFQVE5OY2tuSFZzSmk1b0Nobzg?oc=5","Dawn","Pakistan","1787546943000"
"Iran war live - Al Jazeera","https://news.google.com/rss/articles/CBMizwFBVV95cUxQU2xLM0RtajNFU2tXbUNHUkc1d0hvUFQ2Z3hxOEcwV2F4VmQzd2FRbWptYU8tdDhYLWswN0Z1S18wRHpyM3NKTEpoSzR4dmNJWmtWOEtNMGd6cEVyTTdqeVJVQ0ZsSGQ1YVVoR2VmN0lrOVIzSXdBNTlwSWdJMTJwNmVsNnFIQWY3UFJuR0cyUVVuQXc4QnJMWktpWmNiYzVaeTh5dXNyaEVzZ2dRN3pPaHVGSVBpZjdzZ05sNU9iOUhKQ3NLTEN3emFMVTVDb3c?oc=5","Al Jazeera","Arab","1787546500000"
"The Blogs: Palestine Is to Israel What Persia Is to Iran","https://news.google.com/rss/articles/CBMihAFBVV95cUxNZ2hkQlBVVHpJYVNQS29PeDJYSlNkaFpCOFhIWWJ2Z2ZURFZMdlYwamU1WTd3LUs5b3NhSVZtV2d3NTM1NXRyWW51Zlk1VFlzU2x2WFdiUE96TkQxXzh1ZWFBQUdfeFJ4eVA1dGtvMnJ0TlZoNXpqRkJkUHFtOFZDc2J2ZDY?oc=5","The Times of Israel","Israel","1787546160000"
"US Vows 'Economic D-Day' as Iran Threatens to Halt all Oil Exports","https://news.google.com/rss/articles/CBMioAFBVV95cUxPT2RQX2paZTRsZzdGTUx4OFlMWnMxYi11eDV0dDBsWFo2RVJJaVp6T0JzRXl2UlFZN1U0NjJ0Z2tjWHVBaEYwQ3BvelJjczNld1lnVTNJMllNaUdZbkRBZVh4QWlUeURVcE5sa2tJNEJla29fSFkwNzduSHFKNGxWZ1pHQTdtM1BuMkJaRWJKUi1VMVgxWUFyT244MjNpc2NQ?oc=5","Asharq Al-Awsat","Arab","1787545915000"
"Opinion | Let Iran Control the Strait of Hormuz","https://news.google.com/rss/articles/CBMihgFBVV95cUxPWDVjTTVCT1g2OWlUcFl2bmVmNWR3VWpXLUFEUjlJVjhFWXpZTm9Qa2pQenJSQm1PRFhtdlZxeHNBS1Eta1BHT1JsaW9QLV81WnhXTmZ0MDNLT3E5enE3MDBPNnZPdXFaR1FKZXZWSW1HOUhLTTZxX3NJOHd1cjI0elEteU1sdw?oc=5","The New York Times","US","1787547605000"
"US cancels joint marine drills with South Korea over Iran war-related force constraints","https://news.google.com/rss/articles/CBMiygFBVV95cUxPd3JEYi12MkZSRkRCaEIwR2FaNjhzSUZueTgwQzhWSHlhSnpWRVU3ZkdrMXdrUTMxMjVmdi1NLVBleGFDTXFRRDFVWVA5RUdVV1Y0dXlUWlJTcmJ2eHZuYTR4Nkh1T3k3cXplTmc4MVJUSGl2bGpWMllzRnBMaV9oMXR3T0RGd2dRR0NWaEkyYUpXX0tBUnBTcVAwVlVQQjBvOURvN3RpOVo1b2RRVEFZSFR2dVRlSm9GZTNBUmttWUhibWl5X2JPc1FB?oc=5","Reuters","Global","1787550720000"
"Trump is trying to tighten the screws on an Iran numb to economic pain","https://news.google.com/rss/articles/CBMie0FVX3lxTE5iM0ZmUVI0R2JNV0NLYTJMMDF2LTQxMjl3bldPZDJhNFBzalJCWDEyeld0RFd6MzNaLWxjSHVBbU1fUWdGaUdsRTNERWQ4ZzJIYzBMd3B5TWZyS1RrTHlPQ3JJQURsUnNYRkJaYTBKbmEzWFRYbktvakhoUQ?oc=5","CNN","US","1787550696000"
"IRGC Says it Prepared Scenarios to Avoid US Sanctions","https://news.google.com/rss/articles/CBMilgFBVV95cUxQNGg2UmVuWmd4aUV5VkJTQlpnQWpDLXJqYTV6QkhkeFBaVVZoSWI4cWhiNUQ1SWo2S21UX2xyOVNqZ01BcmdPWHlPWmt0YTRLYlFDQk1vVURqd0xrdlZXYlcwU3RDOHVlcENjN3Y5YVlwR3NXaFN2cGZTUHJPYkVrWVMzMzU1MHBSWGphLTBJbXZrSEZBOVE?oc=5","Asharq Al-Awsat","Arab","1787550996000"
"US Treasury secretary says Washington entering 'economic D-Day' against Iran","https://news.google.com/rss/articles/CBMirAFBVV95cUxPUE8waFBmQWlmSFE1eWppSVRIaW85R0YtaDZVWDdrQ3VYazhKeWdZdldTRmtUNDVudjNpSnBhRF8tU2VCdnlBSWJYOWJNU21aYU00enB1MFViR3NUR1ZNdVZMZVAzYWhNb0J5RWJRSW5lV2xIQ1RaWGw4SUY1TjZ5SE9aeHpFRm5sNnhKZkZKWW1VWER0bEt3ZW9hREw3T0pNcXp0QzJTWHR2SWg2?oc=5","Dawn","Pakistan","1787550046000"
"ECB's Cipollone sees stagflation risk from Hormuz crisis as remote","https://news.google.com/rss/articles/CBMirwFBVV95cUxNSVFLQVVJbDNxdGRPMUtvT1hZNXRWS0J2aS1VV3ZEZ0xocU5QUURyanBaSF8tNlZvU0NGSlpZaU9MaWtxQ25nQjJTNEQxbXMxNGt6UkdJenRMZU1GUk5neGJ3R0VORkFQdmwtdVE1UEJjMlJIdnB5N1ZiMWRnUkdqMnVTSEZBYnl0MmIwbFpVYlFvTGlTbDNPR042Y2lnQ2xOc3FTUE9kcnR2NzI2dUpn?oc=5","Reuters","Global","1787552580000"
"Kubera iki mu myaka 500 iheze kugira ubwato burengane mu muhora wa Hormuz bwategerezwa gusaba uruhusha?","https://news.google.com/rss/articles/CBMiXEFVX3lxTFA5UXNJV2EzdjNCMTBtbE1Ed2hHalRMbFk4blZRZGhzYWRXYWtpVkdiemNZOV8zRUItTjFuMGRmMWRUY0VseVNlXzBVSldzaE91aFdCRkNqalMzanpl0gFiQVVfeXFMTjl6d0t0ajkzWVVKekROSGJ0blFQN3lQWFp3U0FEb1NtMkhwYXE3bUNubWhzMWRHUnNzZUs2ekY2UjByRXpjTllnUnNyRV84VDY0Q0ota3Y5VHlSMk9PeXh4VGc?oc=5","BBC","Global","1787551652000"
"US cancels another military exercise with South Korea as Iran war ties up forces","https://news.google.com/rss/articles/CBMipwFBVV95cUxPUDM4YUJrX0w2Y01jcnFVeC1YS0VQOG9hNjNmMWxqd1VSckZrNGhFZzZpUTZySDBaOUFpMGJXZlZ6THU3bUtYbVIyUE1GRXZETFJNQjBXMnoybVNqVzBIRGVNUzQ4Y2VaSnhydlM3ZUZBampZLXFTeklqMWcyZ3NGMWV5dl9PSkFvdHJPZ1p0dGltTmoyVEViS0phTWp5N1ZSVThxUlRtdw?oc=5","The Independent","UK","1787552340000"
"US scotches joint drill with South Korea, saying troops needed for Iran war","https://news.google.com/rss/articles/CBMivAFBVV95cUxORW9rUi04Wm9LWi1sYVdlZWI3emY0cmxaa1VaRDRjd21EYkRBTTRpVzBWV0pOcHk5MW1fb2NySTVYSk1DLVM0TWNSWHlMRll1RUJPemljOEZud3dPTTd0VWUwTmlZRjFVQ1E4WGpxaFJtUUE0dWJxckVrMjFCVkpiTlcyMDRjSmE1SGFCZWo3RGdHMHhpWGJqX0pHTG4tS0MwMDBwRkFqRE9NdXktNlRUVTV2U2ZFWVJqNnMzVg?oc=5","The Times of Israel","Israel","1787553970000"
"29 wounded as bus overturns in eastern Iran -- media","https://news.google.com/rss/articles/CBMifEFVX3lxTE5oNXBNendvaG9qb2YtNjlaOFlqbkpHdmtTNWdmempkMGxhN0hmazhWZ2d2eUgySGx0XzBIWU5aeURXM2JIYi1ld2NNak81cG1CSFZaaW00RGdjY1Q1UWZTVjRIRTl6Q1UxM2IwZjdaREF4dHJjd0FVRndvOHg?oc=5","Xinhua","China","1787553825000"
"Pakistan’s army chief Munir returns to Iran: Can he break US war deadlock?","https://news.google.com/rss/articles/CBMisgFBVV95cUxNY0lXa0lXbGMzcVFOSjljdDNQNTY4Zkg1WFJlVlY2VFJCT0FtbjR3STdaZTBfMFdiNkhpN3UxLXBTUXR1SHpFNGlSMy1YVmRBNDdYTTBuVlFOTDRJTHBZVlZ3RUFCRkwwNkFWT3hMTGEzWmFtVVFKNGt6WXBVLXQ2UUYtSGt5YmJhUTlHYzNMUzhpZUQ3UUtSYXl2a3NnRjhQMFo5cnZpV084bTdEdnNDMmt30gG3AUFVX3lxTE00UV80TGVvWWZwbkRyNWpIUklTcUxuWkNWSUp1bjRPYU1adDFZZXhQYTBMMTBjOUZQSkdDRjl4TGptT3g4Y3U4UnRxOXBmREluNEtGX3hUdDVZMFhIUFdUSE81d0tpdE84Vmp5Sm50Z1lPM2dxei1iQWFNa3RtZkJMNXdSS1AyRzBXNHczamVpUWNjTFJMNXV2aWNNM0w0NXBVWVJvY3VhR1pnRWFhSF94ZnFnUWMxcw?oc=5","Al Jazeera","Arab","1787553225000"
"Iran’s Rial Hits Record Low As War Pressure Mounts","https://news.google.com/rss/articles/CBMiiwFBVV95cUxNb3IzYkpKX0tvYnd1QzFZSHFTbmMzVU91X2duQVBMalMydlZVQ09VbVNBcXpuMXYzWEc2VHYzdjg3QXYxRDN0NGRsTk0wMHh0THItUnM0eWxiaGdCaHBsVllnSVR1dVJCSk9mMWVtV2dWTVBtNDRubHZxR3Y2bXlGYmtqRnZKMTl0VlRB0gFOQVVfeXFMTWZRSXMyUThGVnRRVkVMcHlkcHU4Y1FBUVBGeVZlNGVhUjZQQjBRTEE3YXZvQnRKZFFUNGV4ZFFDbGlDdnQxVzlUMTNnNXRR?oc=5","Dawn","Pakistan","1787552408000"
"Where to kill Barron?' Iran airs video offering $10m. reward to kill US president's son - report","https://news.google.com/rss/articles/CBMiakFVX3lxTE9IY3FpTWs4R3ZOVzNsdFFmTFBHaVZhWml3WENMNjhydE9pNVEyM1p3TnJjYVlNWHNKMVJjZzNEU0N6LXJBSDh1QkZFemVOYXZ4RkNsRWRpWUFOYWlJZks4X0d4MHZaQ2lJcFE?oc=5","The Jerusalem Post","Israel","1787552195000"
"Iran Oil Cargoes Dry Up Even Before US Acts on Tehran Threats","https://news.google.com/rss/articles/CBMisgFBVV95cUxOeHYtZGNoOHdFdDQ1MjlvUFcyMDJHSGRiVWY2T01lOXIxNkx6QWg2dWg2Q2FPXzNrRF9FNWVBdzdUak42LXdBdndncS1udFpNRVh0eTlrQmlKMWdScGV0X0JEZl9DMlNQaTVrOFNkSXBrZjJZMUM1dXRKVVlTbnloQWROLUNNcXpmaUNEQV9HNmlJdGpjUWdxdTVYNGZGekJNb0ZFMG1RdVVZM05XekJCd29B?oc=5","Bloomberg","Global","1787554560000"
"South African rand holds near multi-month high as Iran sanctions loom","https://news.google.com/rss/articles/CBMitgFBVV95cUxQZGQybU1aeHVscjllZWFSNjREdlZJNWJFWWNVS2VzTjJSWmw2cGg5RXJhTHhjSUhCbEYyQlI4Um5VZnBjRUVmSGVQeUtQZ2ladmN6SHd2REdQRThiOFMtT3oxTWNuYzQ2RWRlOTVqa2RzX3lBNk5LalBtRG9Ya2VnM0VWUjdIOGkyN0ZzdGtRa1hNYWJJNVZuNFFTQm50a0hyUEtkQnNNUU93c0V1OG9CRGc3REpxUQ?oc=5","Reuters","Global","1787554440000"
"Poster | War with Iran pushes U.S. fuel costs higher","https://news.google.com/rss/articles/CBMifEFVX3lxTFA0N05fMDZLTnF6NEg2czBpZTJuMXBRVEZhQlNBQlhmN3lQRVFOVXdubjNDZWFlbFg1dnoyWldMcnVhcWpEbUt4T0V6Rl9lU2dLTHhjaGVMX2RjMnd5SGJNZDBKYVNuZlM2WlA5Nm9IMU5ZTXg0T1ZHZ1Mzcm0?oc=5","Xinhua","China","1787555775000"
"1st LD Writethru: 29 wounded after bus overturns in NE Iran","https://news.google.com/rss/articles/CBMifEFVX3lxTE1DQllXa0tsYVpTRnJESS1xajd5ZlB3SnhHRVZlUllLU3RBaVJjUERqUjBZWUFFc2RwSGJPV1ZWZXR6X29IYmpUNmNOOUZjWEJqZTJJeVVGSWcxenhIT05FcThPckh0NEI3eGZ2U3MxcFBWS2YwN1FSUGVBWjM?oc=5","Xinhua","China","1787555730000"
"A response to The Guardian’s open letter: Opposing the war on Iran means rejecting war propaganda","https://news.google.com/rss/articles/CBMiygFBVV95cUxQSnRmemZNVkpsdlU3S0NzOTVJOTEzN0dpQW9pVGwxdnBqa0R0MnRvVmZhbFFnVDlMSzJmcDdfMzExYU9fd2N0RE9RY2JFTXBGUzNyVHhUODNUQlBvT3BqbDR0SEEyTm9KM0ZxMWlraFhXMlZCM0x1WUM4Q1h2WFRrd3pWaVBZa1RhT0xpMmJPTkNUOUR5SDlfaWZYUXF2UmdudlhRcTEyVzhGMk5DMUQ3cnEtVG1fbFB5bDROZkxrLXM1YzhWMWRPcV9R?oc=5","Press TV","Iran","1787554620000"
"Trump’s economic D-Day sanctions come into force amid Iran threats","https://news.google.com/rss/articles/CBMimwFBVV95cUxQNmd3MUFydm5pYzFpMUZaQ0NpTi1pTFQ5eFh3N09HSFdIYkp1aWhkUXp1VW1BU0tNOG04TFRXdjFVeWRla2RtOVVpVlJNOENiVG85N0ZXVVJncXhNc0Q2STlYdUZ6OGc5YVRwTE9hM052bDZ0MkpHckxtVXE4MkN1bzAtSmEtemhiVUlvX0tzcVgwY1JWY3drTWdfTQ?oc=5","The Independent","UK","1787555460000"
"Amurka ta sanar da shirin kakaba sabbin takunkumai kan Iran","https://news.google.com/rss/articles/CBMilwFBVV95cUxOZDM2LVRPSHVXNDBIQmo0SFBmWVJsMzFTS19YYm1fYnZiX3A1YUY2OTlCU2VNTGJwRzhvTi1SakhlTDF0S0ZSa0E5WS16b2d0dDVkWWZ3Uy0zRnVxRGRGNTBVbjVkOEtxeVZQOVZxbjE0MkYxemJmNTB4TkxTMGlxYkM3X2JfeXhPaDRacWVldGl1ejYwRlRV0gGXAUFVX3lxTFBoZUROTlRTN3RUVjM5emFDOGJneVdUa29UWHhGRzRvb2hPeEIySk9taTdpWW1VNG80Y1hsS0hZcDZuOFo0eHdWYWRRRlhPV0lJLXRfU2pqbEhDNVFxY2tzWlV6dUtoYVBKLXE2ZlI1cjJaSW9CWTl5cVRLN2NJS1lpRVQ5X2kteXAydVNVTmZ3djI0aF9Wdk0?oc=5","DW","Europe","1787557664000"
"European shares slip as tech drags; Iran sanctions in focus","https://news.google.com/rss/articles/CBMipgFBVV95cUxPYUFOcHRycnRBVzJHNi1CM1o1TWo5dHJha2xIcmFFbEQyTy1PQ2x1WWFSdkpWYjQtQ1RxcW5TYlhJbXE3TGE5S3RqazhrT0dMRjdVbW5rMEdPUk5BUWNrMkJqY0NILVpTNkhQeEJhcjBkc0NwS1ZkVDUyM1BSZkhrakNPUERDNk54LS1kd1BxLWRuVWRiQ084SHhQOG1GVW9GNm1EckhR?oc=5","Reuters","Global","1787556659000"
"Iran warns vessels violating Hormuz transit rules of fines, detention","https://news.google.com/rss/articles/CBMiuwFBVV95cUxPR1A3TzVlaW92SHFPcHNmUjdQZ1hIYi0xZWNCdGVpcmY4VmZBUHNneElLRnE5dDFwZXRRX1FfcHFkMDlFMm5kdGh2aldsWnllaGZSVWJ2SFhzUVRRU3FyNzJNeWJfb3lrQnhqQ2g0d1c0ZUo0dllmTkd4QzAwWTNZV05sNlc2M3c5c3d5Zi1hTF90N0ltX25sUUk4T0RURUE3akZuX2VrMEFGcXFIMV9FRFU5VWI2UE4wREV3?oc=5","Reuters","Global","1787556215000"
"Iran’s Currency Hits New Record Low Ahead of US Economic Assault","https://news.google.com/rss/articles/CBMitgFBVV95cUxNT3NLZHRfWUUzUFdiU0FlM0VsWFRval9WZ2xsYlBMbEFkSkg3ZEpCRUhhR1QtQ3dmZlRpWHNoUnI5eVYxdEs3X3lNLWE1bVJfdF9oQXdpcmFXNjBmWWltYlJYQWFpRVVCQnNyS0FaUXQwT3VjMGVhRzFoU1NzUzh0bnY0bzJhbWJLWWc3Z05lNmZOaFRDRmJMSHNsRDMzYmJ4bW9IeFZlUTdTVkpacE0zNFVIMmoyQQ?oc=5","Bloomberg","Global","1787555600000"
"Greece Moves Patriot System over Reported Iran Threats to US Bases","https://news.google.com/rss/articles/CBMipwFBVV95cUxPWFpMRVZCZUhiSExCZ3ZYOTVaelJBSkJqOEFXLWo4LWFjdWFPeTBYeW8xYXY5ei1HUlhkb3hueGFwUlRzWlN0NVhvQlgxTmFmQnBKdy1DWjUtSEVCdWpfWVJ0Ri10bkdCMTFJS3FXbUljR3U4SkxVQV9rOFBkUGktQ2hjdm11LVVNX0tIaWlfam1sdjZUb1ZLNkZ4N0lMY3BYWTlpWUhYZw?oc=5","Asharq Al-Awsat","Arab","1787557668000"
"Greece moves Patriot system over reported Iran threats to US bases: media","https://news.google.com/rss/articles/CBMiqgFBVV95cUxOQm9iZVZ2eklhLVI1TXZYbHE1cFNFa2ZXY2s2THJ4VlRWeXBOVVNUbUhHSEwxdUtmOEF6ZkI2WUZELVV5a0VsM3BGRG5MS00tQndacXVCX0ZwelRxdnF1WXJsdDZNbG9KREYxM0RXYjU1LTRucEFWUU1hLUJFcDcwZ3dPNkRvN3VjdU9uQmZ4bElGejIzMFhwMTRVbG5DN0FkdUNodTJvOE5odw?oc=5","Dawn","Pakistan","1787557330000"
"Bagheri: Iran and Oman to Discuss Security in the Strait of Hormuz - Iranian media","https://news.google.com/rss/articles/CBMibkFVX3lxTE82b2xhaXU3YVN1dGlHUzhLeURSUDUxcUpUbnFveWFDcDhrZGdQZVItclphZkRfcXJYalpWXzQteThnQ3RETEo2Ni0wWmpOaWotYVk0Z2QwY3U3QV9mczUxU2tBNEJVSDZIdmMyTGhR?oc=5","CGTN","China","1787557109000"
"Baghaei: Iran and Afghanistan to Expand Trade Relations - Iranian media","https://news.google.com/rss/articles/CBMibkFVX3lxTE5ERzlHWGxHWFkxcEpmLTFpRlpNUWx2bDB5SlNvaXJCRFdkVGoxNVhMMUVTTWYwSFo1NkExNDFRQlhTM0ktRDcxWFFqUF9Pako5Z2luSHptNTl6SF93WXh4eHFsaXdHUVJOVTRUaFhn?oc=5","CGTN","China","1787556786000"
"How much more are you spending on petrol since the war in Iran began?","https://news.google.com/rss/articles/CBMirgFBVV95cUxPRlRHcXJZQ3lkUXFmTE9nZGh0VVdEbkxSd0dja1luT2F2LWkzaWRzSHR2LWM0Y2FvUFROelozX0Z6YUxGb2dMd2dYWnp0eTFwcTFQdGUwMUZJOWVxWUMwa0Q3S1BVNjFVbEpSNVlUZGZDSW5BOHFsRFlNZkJ4VmVGWkFQN1BEUkhvY19aVGpKb3VVbl9sQjVBb05LLVpDdUc2eks0d0hhZ1FCT3JaY1HSAbMBQVVfeXFMTW5VN0ZFYUw2SS00SmNvSzRuRVh2Um5fR3pnVUdSSUM1bGZGOEsyUHFUNFBJb3J1QlQ2aDk4TmNvWmVKRWYtRnlBZFQ5OU1kaF9BZ1BPVHZRY3NRbktMZHFEek9QbW90RGJTUUJvcFNJSTJ6bHdXQnl3MzNjeGxuNUI4dnN1czFjdHhDRDlCd3BKSEhQaWdVejB4Vjl6UG9XVE01RndKNVgzQU15SV9lMHREeTg?oc=5","Al Jazeera","Arab","1787556600000"
"Baghaei: 'Iran will target the source of any aggressive action.'","https://news.google.com/rss/articles/CBMibkFVX3lxTE9VTGZWc3IxeEJhTjU3OEdIbkZZY0hVOWppaDNxa0JLaVBTYU9UYThUcnVSdGRVRV9vTHU4bzVtVFFVQk5IdzZRODVUcjUtcmJmeWwwRkNhemJNQUZud1hfejk3dk5VOGN3Uk5YTzd3?oc=5","CGTN","China","1787556500000"
"China vows to protect its rights as US readies Iran sanction","https://news.google.com/rss/articles/CBMipAFBVV95cUxOQVl6Z2NfVHEtWVZtei15eVVoMG1mSHJQZXdJVnJFZlc3QklQS1c3NVcwWHhaYXlDYkNDbDNhM3pCNkV6ZmJTMXFMWGxUTVZCdXJ1aGlqckJibFo5cDFxYzlKYWVmaVNGeElSdHBLbkZvOWVGbUpvSjFUUGdtUGVHYXVSUTF3T0VQdDZESVBHSE1PQlZkS2ZiZmpxcXRObWYxV2FDdA?oc=5","Reuters","Global","1787558738000"
"Baghaei: Iran's stance on the aggression against Syria is based on ethical and international principles. - Iranian media","https://news.google.com/rss/articles/CBMibkFVX3lxTE4wajdEeEV0VkRWbkNkYXN0OGpTbENfMGo5dmMxS3AtcElBaWNnR2IzeUhzZ2J5c21xa1RhOVJLZWRGdVh2M3pWVXJ3QWcwMFNhRFBkdTVhTlZsY0ttRkplaV9mdUl0NHJFREdhdUF3?oc=5","CGTN","China","1787558992000"
"Oil Falls as Trump Pledges Economic War on Iran","https://news.google.com/rss/articles/CBMijgFBVV95cUxNMnlqclRiY1VwREFEU0Flci05Xy1OYVJmeTJZdnczRjV6eVFndjFaYmx2TE9qdW9UYjhzTmNKbFRsZTdHM1ByQV9xNDZvS21iVkJpX3BlVC1Ba01OSWJ1czNOMnE4RTh3aTNHRk96dWxuZ3BMcWM1S0tacER3OXZpT2VqQnlyY3l5anhXcnhR?oc=5","Asharq Al-Awsat","Arab","1787558974000"
"Diplomacy Against Peace: Do Not Appease Iran’s Clerical Regime","https://news.google.com/rss/articles/CBMimAFBVV95cUxQZmR0em9Ib2lwLXJzczlMRi1Iamc1dlo3VDJqNEw2NjNZT2k1N0R2RzhhRDlUamRtWGM1VktfZzRYSGVMVmJ3TUcxdVpWMC0wY2hPTm5VNkM5Wm4yRTlweVR3VlBITU1HajNUeThITTN3Nld3S0dDN3pCcE1uX0ZSMHYtWXJNX1JUYU02V3JtYU5GMWFTWmVnaA?oc=5","The Times of Israel","Israel","1787558640000"
"US vows ‘economic D-Day’ as Iran threatens to halt all oil exports","https://news.google.com/rss/articles/CBMivgFBVV95cUxOU0psTmNTNjVMWUcwMF9mdHJPR3MySmkyMkplelczTE5uSkxseU10dEJzdnd5QkI0VkhUTEJLR2QyY0JCLTZOTGowZzlLMm5YNGtqUGh3MWwzNmgxa3R3WVVadGRNcGwzLVFmNzZnWUw5VU1zLTBhVkZ4WnNxQ21HSmY1WHk0eTVPY0hEX0p0blFHdlhjajFvQW5MOEZFcFJ3QV9ESUVDcmNRMGtRd3FHWGFwNmhxY2lBRlhScGVB0gHDAUFVX3lxTE04ZXJRNWtUSVd6dTJRdHhGUkkwWnNULXVBelNpWnJWVkFJakJ5bFpzWUpyNlFtb0hUZjAxTVR0V0Vtd1NzLWhVSTZPN0NmdW1UMjctWUJwVUNqb3hINUgtZ08ycmVacG9VTmwtcVhvRVVZQ2o3VlVhblV5eVF4MEh5c1o3eFcyNGZJYUw5Q3pTZEhZeTJLd0laa0J5dFlubXhvNGtsQS1hb2JRNWI2T3RUR1UzMTR6WEt2R2lFTlBpY3BkNA?oc=5","Al Arabiya","Arab","1787558400000"
"Oman FM to Visit Iran to Discuss Hormuz Strait","https://news.google.com/rss/articles/CBMiiAFBVV95cUxPc0JZNWZETkdwWkJ6bDRVV18tOW42ZDFDcnliVi1MdldQT0lRQU5STkJ5M1o2dXZtVjBqQU9JbmJ5SXAzTkRYNEN2eXVCamtISXZLMTdjSUc4YUhMY0M1UGotcHJtamVFNExyZ2l0X0puT3MwcWhDV1cxdGNFLTZUQm9yZXN3aGF0?oc=5","Asharq Al-Awsat","Arab","1787558303000"
"Iran warns non-compliant ships risk fines and seizure when transiting Strait of Hormuz","https://news.google.com/rss/articles/CBMiakFVX3lxTFBKZGU5VnA0ZmtmYjBYMUwxei1OSDk3TlhoTGtCdkhGVklIVE51OUNITnlwaDlucjJqYlVHckFhOUpSTUpWUFBndVhaZ1ROWG5NVE1vS3l4NElFcWVoNC03cnpXQlM4eDV6cXc?oc=5","The Jerusalem Post","Israel","1787557736000"
"China vows to protect its rights as US readies Iran sanction","https://news.google.com/rss/articles/CBMiswFBVV95cUxNWFB6eXc3STlSdmY5cTgyMkYtUlVaSERGZUxraGtzZm9PUmQxdERUZElxUGtNdEVFTkVES18wTTUzMjhncWhqbHRzanhvSDVsNkpNbTdKeFlfaG1pX3ZiUGVvcFJOczM5OTgwQUFncURyQzZkeTBlTm51VlB0V2kxX1pINVdwZEhqazF4Q2xtR0NzQldCS2xheXREWFNTSm90cGFCdVFVSjFsVE8tcmVZY19zWdIBuAFBVV95cUxOd3ZNbXhOeTNDeENOVUxOc2lrZVl5blptanlHOHE3M3hodXdScE83N1BfTExiT0VzMzMzOVEwUGF4QnRCbGNUTTBqSEJJc19BbUlQb3VPVEdwa1dVY2FVYlR6dDNvX2dVYVRUenpNSDNtalVPVkQtdmV6S3BpTUIxUzNjVHZ2elNVQ2NDbnp3c0plWVl0anlzSmg2N2NsMUVwMmlERjR2RjdSMFhEbHBUWUlRUjI3cUh6?oc=5","Al Arabiya","Arab","1787556360000"
"Iran’s Currency Hits New Record Low as US Prepares to Announce More Sanctions","https://news.google.com/rss/articles/CBMivAFBVV95cUxNRjdJUEJpMEJMZERsWHk2a2hTSTRiNzk2LWV0RXN1VDFJRlh2LTJjaU1ocmhWSWM1ejVoeW1wdV9SRWF6QXphS2Z5X3hZdW9QQ2lLY1RrRWhjSGNFNWxHd1c2Z09mb1NHXzRvb1pObWFNcnZkTFNuTHVhSHh3WElQUjBZT1VTOGpGNEtDWklCME42MEJVZTFacGFNSEpZTmJJLW5ON00zX09JLU9BYVI2V09UbFFDSlk4OHI4Vw?oc=5","Asharq Al-Awsat","Arab","1787561006000"
"Iran Dismisses US Threat of 'Economic D-day'","https://news.google.com/rss/articles/CBMihwFBVV95cUxNcTR1UkxEU2JSWXVhbXQ3QmlmejNkY0lLQnREVGtKRXlUTGdSX2FXd3FsVlBITkJBOFFLcGx2SjFEQWo4Q3A1YjVBY040X1NHWE5aNjM4eGlNS0RqRmM5azlkX1BlWGVyTGtoUExGQ19qNVgxTExyWG9oeV9iaXVpQnZDX1BvajQ?oc=5","Asharq Al-Awsat","Arab","1787560565000"
"Iran dismisses US threat of 'economic D-day' in response to Bessent","https://news.google.com/rss/articles/CBMioAFBVV95cUxOYzF3UERScXp3UlJVRUw4SG15Zm96d1lBcE9GQ0c5R3N6TlAydkJvbFJIelJrQ1JRMWZHbWlVUzdFLWJpOUVObFFMdDliM3N3YW1za2c3X2txejE3YmYwU0MyU3RmdDJoYVVsQmdsV291WTRIbU5BTWRFZFV4bkJQcXZkdll1VURIR1hsZ09OY3NvTWQ5TEN1eHp1a1lYVlpj?oc=5","Dawn","Pakistan","1787560351000"
"CDF Munir, Mohsin Naqvi depart for Iran amid efforts to promote regional peace: ISPR","https://news.google.com/rss/articles/CBMiuwFBVV95cUxPUzE0TGhJRDlyZjY2ZUFhb2ZJQl9uaFFLZjRxbzFRdmZDZUpfWkxaWE9NLUYySEQxakFaWHduTF9KRDR4TU9mOXFfd1h6MjVvLWxnTkRNUjlFQTRwc0Uya2lyY2JJM2IxXzVSTzlvdjRDQTljTkhSYzZEYVZQT1lSWlZGV0Q1MmpUaGxDUDlTOVNYWjA5enpfYUZNdjAzOUZ2WW9xN1FFbFlFTVl2bHFuNVRsUDZtTVc2MHpj0gHDAUFVX3lxTE9uU1I3NlRxY1JSYW0tMXFhVTZHWElXZnVWZ1dmNFpQbkNGWWowaFVsdkV3TFZTWjJSeHlxcXYtR1ZzY0dLZGdTX0lDSkVGQVlud3NzUXUxMUtFOHl6QmhHQVdPZ3FtNGhLY0pXLVpPcjcwSTJ4WDhyMTZSY2xjSkVYTnk5QU5vWDBsc0hNalZFekRCSUpJRTBmUE11SXZLQ0lLYzNBVkg5MThaRUNrSUNDTnNfak5zVU5zWTJkQTd1eERqYw?oc=5","The Express Tribune","Pakistan","1787560278000"
"Pakistan army chief spoke to Donald Trump before Iran visit, talks","https://news.google.com/rss/articles/CBMiakFVX3lxTE8zOGZTYlNsbWl6bDN1amYyUnU4SDRPVTBDNlZiZkkwN1hnT2k1TG9UWnZIQXltU3dnT19abVA3WnJzMXVHZnVfbmVnVV9FTlREM0RaUTlVMzBSN3pSQkt6c0QyUDY2UmtWWXc?oc=5","The Jerusalem Post","Israel","1787560040000"
"US Cancels Joint Marine Drills with SKorea over Iran War","https://news.google.com/rss/articles/CBMilwFBVV95cUxQS2JIQ09POEpEMnBuM2dlVmpodUxkS2RUV2lPN0tscVh2Xzl2MktmNWVqSTc3LWlVTFo4Y0ZNbzJmTlNWTUtqRTRFWFN2Qm15SkJWUDE2aU0xbEx4WV91bnFMQndMaW1MWHBJQ055UGNEdjhCLXU0WjRPSXJwRUh4bzMtM1ZVUm1XVEV6OTA4cDJRcmJ0a3Mw?oc=5","Asharq Al-Awsat","Arab","1787559736000"
"Iran war live - Al Jazeera","https://news.google.com/rss/articles/CBMizwFBVV95cUxORUROa0NIR2RYSGJPeXN0T0tKaFQwOXpNU1o3NnpNLXFoQ2pWRTJBOWx1YXJfYjhwWHBSdEY0ejNnTWpYb3JmZ2lORVcwdGE3N29CdUVNMnBBcHlwR1pjeWNQdjZiTU8tRkp5a0QwdEpKVVI1Q054SmFPcWFZdlRJQjQtN0xwUnQtN3lNVG0tQXJNbW5vNWJfaml5RzI1bWxuOHVnYUlnaVJjNVB6a20yN3E2eV9BRnBLdk1VV3dMR1BCUW14LTA0MzVtYkpHWkk?oc=5","Al Jazeera","Arab","1787558022000"
"Pakistan's Munir spoke to Trump ahead of Tehran visit, sources say","https://news.google.com/rss/articles/CBMiswFBVV95cUxOOEZ5bXpNWkVOd1I2LXFQZHl2ZldvaHo2ZnBnVTMtUjlicmxnRlBCVk5sMjlsM2RjTkk0TkY3SlYzSnVUOTRKYXc0aW9odE5GX2NUVVBLdS1NMkdEQlNCMVdKakRDbURxVDVpX0tra3lUVWtNT3pMaEtnMkc1a3BXdm1IRWtGWnFBUWZucWZiNUJsYzFBVGFaQ2xNQUdRRncxbHhGT1ROZEk3cTl3MnhmQi1rWQ?oc=5","Reuters","Global","1787560569000"
"UK briefs energy chiefs after Iran-linked cyber attack reports","https://news.google.com/rss/articles/CBMitAFBVV95cUxQRy1UV0V0SjJTWmFRM0VUNXc2WHkyNjZEU3VVU01nWkNDODRBcEd6eFhMZlZZQVM0Unh6bFZzOE5HSXJHV0NxN1hhVF9RMTBOWEJ6OUN1cjRmZTBEQWpmQjlyWlQ1ZDlFVXFHLVh2b1NrcXFqNXF1R09JR2JFbDJjdi1keUdVN1BHRzhwWmMtUlBfMlZnQkpnZDZLNndkWXhZZ3dNOGhJUFRfLTJUMXdxYzBReWY?oc=5","Reuters","Global","1787560519000"
"Iran’s rial currency hits new record low as US prepares to announce more sanctions","https://news.google.com/rss/articles/CBMiqwFBVV95cUxNZlROSkFsYjg2RjA1RzJfY1VYTWNZZFhPcDVqSDJrRzFWR1pXQ29uS2NvaEhkVWo1d3dHeXF2QnlWTnNJY2RyVlJJWVQwcG15V0wtbEtwdUU0R05YWVhhbHpyZnZvT0tuMXM1RlJ3YVBxSlc4SGpHazJzSndyRkNqbXF6YVF5U1hqT2t0RmpCUnM3SDNXSkxtS2t6T3RnNGMtMnNiT1Q3X0VXNjg?oc=5","Associated Press","Global","1787560020000"
"Greece moves Patriot system to Crete over Iran threats to US bases","https://news.google.com/rss/articles/CBMivgFBVV95cUxPUnp6eEdLSG1xVnRXSzFWX0RYUks1YWEtV0FOcG9NaGtwVmZ4clAwd2k1UzMwcTlSSDlUWk5fNDU5MEJkeDhuR1FYQ21rU1FGOG1NYko1ejdSb1F5QnFxbHV0NnhiSkE4eEhOVmVOaGN5RlN3d2RHZThCcGE0RjBRRGdTVGhCSUpYY2Nrei1xNjM1SkU4ZWxhTGNsU3ZMX0pfMDVUMXg4Q3FVMTcwTXMzdV9GN1dMc1JKMXpyLXRB?oc=5","Euronews","Europe","1787559631000"
"The Countries That Could Be Hurt Most by Trump’s Plan to Target Iran’s Economy","https://news.google.com/rss/articles/CBMihwFBVV95cUxOMlNOS2ZESDZUU0hlMjhiRk40WXI5UkVoOGx0eEZ0OUJKTkNvQWpfckJickZvckx2RVVVMjZDa2ZjMkNlQnNCVzFqUDZEaVNGUnhHZmUyOWZ4QkpKcG0ydmlNbkdDNndMX3p2Y055dkdQdkpseW9HeWFDQ3k1T2pDak9SVlhURzQ?oc=5","The New York Times","US","1787561388000"
"Where Iran’s Young People Gather, the Government Sees Threats to Its Authority","https://news.google.com/rss/articles/CBMigAFBVV95cUxPektZTWw1TWF5Um1TVWxCTlYyODdPUndKeHR3dC1GRTRDM1hLbGFnS0dMcUxEQ045YTZHbHVPajlIVjMwLWN2cDYtcm5xTHFQUGlFNUc0NUMxNU1hRmNxblFoZmtZcFE1WEZsYnI1NjB0NHZtOC0wMmdfeWlybXNHcA?oc=5","The New York Times","US","1787561241000"
"Iran's rial currency hits new record low as US prepares to announce more sanctions","https://news.google.com/rss/articles/CBMiwAFBVV95cUxONkQ4bkIyZ2p4d0hvU0ZreG5JbWpqRzBvbTVBOFFEOHNsaWFkQnVPVnlGLU00MlVVVWhNUUczWmk1ZjhXa2pVTlQ5eXBWVTg2eThRSHNfM2hqdTJha2ZvcXYzcUlhMlp1VVJFMFFUbXNVb2hEcmI3bXFjcGgzbG1lNFNYQVdVWmhTeWt0Z0hJTGJFek05Uk9udG5ZaHV2Yll1Vnpkd1plb0ZibVlfMnJpWlZCLXVINGNMUE5oeUJpUXI?oc=5","The Independent","UK","1787560500000"
"Oil falls as US prepares to unveil new Iran sanctions","https://news.google.com/rss/articles/CBMilAFBVV95cUxNeElUcTVNOS05RV9jMG9pNDBtWkltQjFQS1o4czhSQVVsazBMLVNGbDNZSHRyMWR5bkg2dEY0OU16WkYtdmpSU193SnVDTFJ4bUltMWhXaUhnYWRleTJNZWFoNFF5NGVDMnZ4VXY3eW40aFlGQkFTd3hmMXhyYWJaX1gyNUF3UEJmdjdoVHVVdkVYbnda0gGcAUFVX3lxTFBCRzlnSDlkcGY3OGk2TzJMTHhYdWdrZlAxMEIxYXJmVGxIMV9PUExQeUZEcllPYUd5MGJnVzFrZThWaE9BVzlQSllDejlGdGpGOG1qbDRiZW9fcGd0OFVKSkhJcmVDdXdMOUhqV1JCSVRlSi1rX241ZDlGazBYVk1ENzhJTEkxbzJSQU9oS2FBQWlGYjljYlJ2b2JrYQ?oc=5","The Express Tribune","Pakistan","1787562653000"
"US threat of ‘economic D-Day’ for Iran tests Trump’s China detente","https://news.google.com/rss/articles/CBMiqwFBVV95cUxPUVZFT0QzeHhsdVV3NzUtWURkN3VCR3pYT2dzeXNET1pyU3pfQzFCeEpBVnM1UjZjbkViMW9RTV9MWEYweGl2NEJBMzMtNTdtREVpLVQwTDNVd3hGZExndVBTd1B1a3VUQUFrN2VyYVRobVVZZmpHVGh6ZE5pdjc5d2ZOMTZkTGVaT1drcGE2b00yU2ZpWGQ3VHdfSUxveTEzUW16UUtwOC1PS2PSAbABQVVfeXFMT3lRWkVkN3hIQWJLYXFDUmpDVVpUV1JGR3R4WHlSZlRCWGJycDVWaTc5ZmNwVmN1Nzkzbk96S1hyWlBwU0xWM0N3VU4ydGJNMHRkblJTSVB4WERBMnRJWUgxSUxJRjB3SlNsV1VhX1ZDVi1MUFo2SGpkdF9OM1pEVjZqei00RVhKRVkyYTFBa3RQOVI0SXFrdTVFamwtRENiSi1uU2Jhci12aFVrUHNYNkg?oc=5","Al Jazeera","Arab","1787562636000"
"Iran Says France's Move to Expel Two Iranian Diplomats 'Illegal'","https://news.google.com/rss/articles/CBMioAFBVV95cUxOcldaSWRPT1RMREpVeERvMzZsX2pzeWdOQndDT1VjbkRBV3dkU1lFaUhienRIQlpuckdqMTdZV2dGYmdsWFFDdkMzNW1GRXlselRjS085OXpRaXV3WjN1UF9RVzRBUy1VWWFUMmNCZXBiZGk1UlMybDcyNlZXQzhld0NlWUczUEVZRVlBX1NQdHV6RkNQaVoyMUNpQ1p1ZXRH?oc=5","Asharq Al-Awsat","Arab","1787562398000"
"South Korea says US cancels joint marine drill over Iran war","https://news.google.com/rss/articles/CBMibkFVX3lxTE9vZE9UVUxwN0Nqb0pib00yS3FycnM2aUNCRDRUdTdMUUl3Q1hjZ0ROcWpXYTNQYmxMX0JwVXFxWGRHYkpERHlaNzVWSkRZQ1Izem9mQzhuMXA1TVVzNUxjcEJXTzU1bmwwSWo2VnBn?oc=5","CGTN","China","1787562265000"
"Oil falls as Trump pledges economic war on Iran","https://news.google.com/rss/articles/CBMipwFBVV95cUxOZ3VIN3pxMTdwRDQ5QUM5Ti1HQzJEaVk1el82eHNvU0FyWlRnZEZhMnVOZzJJT3piUnlYVE05RERuYl9HLXpvcW13a0dZcm1QTWJNTlVvQVB1QXNhclRNS3Z3ZmhQRjhPTWd5RXJ0VG1WVUlyWFVWU0tiZnBLYjVhdGI3eWVpVkhmVHdDNkxMZ2l2bW1FODhlTDJaV3BPMnhUSWJtYjJPa9IBrAFBVV95cUxOVDFrNlNSYUFPSGVtRGRHTGc3X096SUJXN1p2TC1ZTENOTGk0WGtxeHlRc1VPQ1JHVGJILUx3Q3Z4R1h4YUxqZHFIeU90TFJ5RENNX2tjMlVpWkJCeVdlbzZBMTVISlhuTXMwci1zaVl4Z2JQbm9RY0RXNkpwSm9FRG9vZlVhRlhXSGlKTE51cV9DWlBWNkNWbnRnNF9nNUxQVnFkNWNkbDNMdUEw?oc=5","Al Arabiya","Arab","1787561640000"
"Pakistan's army chief departs for Iran to promote Mideast peace","https://news.google.com/rss/articles/CBMifEFVX3lxTE55RHdVMDJSci1lcGJGemR2YWlzel8xOEpFdWN5N2dtRXJMWXRRSGVBbE44RjBnXzZBazg0dWhIVl9Cay1qVlF1ZGtqNzlXajBsOE9iS1JiQS1ncnpnVXV5c3BqTjVxR19lR1BINzZUQXhJbXFYR0hsd0hHckc?oc=5","Xinhua","China","1787561625000"
"Iranian rial slumps to new record low as economic pressure set to ramp up","https://news.google.com/rss/articles/CBMiuwFBVV95cUxOQTRiTEl3RmxLbzE0RmtDVWFKRng5Qy1EdUMyT0FtYkd4ekE0Vjc1anAwbXVlVnBwN2pxOFFlMWRyVXdNZ29SMXhkSDU0a3hDMGJRN3VtWXM0WDVwN095Z0F1TDNFeXBXMmhkWk5QUmdGczZQMnVxME5rRjhQeWQyOGk1eFlEWi16bzRWaDZYNzVYQm1xeXcyZjFIQkowVmFtX0N4MDNvamdncExha3l1T0Rqamw5WUZDT3cw?oc=5","The Times of Israel","Israel","1787561566000"
"Iran threatens ‘consequences’ for countries that join US sanctions push","https://news.google.com/rss/articles/CBMitgFBVV95cUxQTFhidWIyRW9DVE4zNDRUNnhSQnd0M3JoT2w5VGVzQzVsUC1SY0JSUXBtMkhmV1F2WEdkZUEyZnpVbF9ILTlTUFJwZ1ZGRVVoOVBHLTd2VGNCQkVwMUxienBkNWJoa1RKNENlajMtVmotMTViU1Fha2w2dFNfeENwWUxISnpIUzBRU3pJTE0xS2FodWJyZ1drMkJuRmdVdTJQZzlTMi0xMFBnblRXaXE1T2Z1ZlNIdw?oc=5","The Times of Israel","Israel","1787561566000"
"UK energy chiefs briefed after Iran-linked cyber attack forces British power generator offline","https://news.google.com/rss/articles/CBMiX0FVX3lxTFA4Z3lGdnZ3ZEFDOFlqNW9lNVJPaEYxQno3SEJ3Sm91T2lUR2VHRXpKMmFSb0VBSm5HVGdVQXhXaXl6V05nUTZMb21RT1hOY2VQXzFaR2dxU3NHN2xCOUJj?oc=5","The Jerusalem Post","Israel","1787561407000"
"IRAN'S CURRENCY DROPS TO RECORD LOW OF OVER 2 MILLION RIALS TO THE U.S. DOLLAR - TRACKING WEBSITES","https://news.google.com/rss/articles/CBMibkFVX3lxTE9mWXRuNjVhdHJ0XzdKZXFrRGpFUWdBa0RVVURvc3ZMdzdZZF9OR1JsUjU4eVNrYlpvNG13MWxMWV9qWW0zWmo0OHNmVWFxS3RIR29MdUdxcjA5UFVwQzNDenJ3Q1pHaXZiOF9UQ0hR?oc=5","CGTN","China","1787560914000"
"Pakistan’s Munir spoke to Trump ahead of Tehran visit, sources say","https://news.google.com/rss/articles/CBMiwAFBVV95cUxPSkFrRUwydDgwclFuc2IxemwwdGpyQWhSSzVxZHVlTlBhSjhWekVSMU1ManhKdzg3WWc5RloyNTdxXzRkNmljdzRjU1JoTndmckZDLWl4UDFTeS1UT3ZtbnVVdjRSZGZ3NWEzZ25ETW5hRUQ3bkxyODVpYzhaUjI4cnlzOEplcG82bHRTeUZFdW5tNm5mdmt2NmFzZnIzWkVXd29meGl5Y1hoUGJnd3kxYkhOWWFNMXZ1bE9CWnFBblnSAcYBQVVfeXFMUF93VU40LUFlVHpib3FOdEYxMlF0cnkxU0x0N2ZXb3hnRUVEOGdCcVd6eXhQRTh5ZUNrblVnbUJZalVEX3NtLXJQN3BTZHNfd2RXZnpta2xrZE1Wd0FiTE5FOVEyQVVMNDRNclRwZzRtdi1scWNTV1FmakxYenlxdTdraDdxTTBtS0xvbURLVE1CdHNEQlF2X1plNVRDUWFiZVR2bU5PTVRrT1ZUemd4UXllbklOTUU2TUdHTjhSNTkxM2FxRmRB?oc=5","Al Arabiya","Arab","1787560560000"
"Iran war live - Al Jazeera","https://news.google.com/rss/articles/CBMizwFBVV95cUxOQzJLTHR0eXQ5VGpMZzdSdjNYa3hrazZkaFJoU043QnVBYzkzMjFGM3ROM01KUTBWM1RhODBrSXpWMXBOa0FTNjVTUUJRWWYtdko3X05aZk16Y0p5dDlEUXV3eXJxY05KcC1DS0tZT1RjcXY5Q1ZuNG9uMXFpMkhzWFRaWHNCXzJYMVdjbHFnd1BRUGUxQ2pXTnZIQXdEY0M1VVlHX25YbG9MUGt4M0hkOHQzVHZRaEtBVEd3Qlg1aDJ4WFRuNmpOeFlhall0WDA?oc=5","Al Jazeera","Arab","1787560305000"
"Explainer: Looming US sanctions on Iran put China oil buying in spotlight","https://news.google.com/rss/articles/CBMirAFBVV95cUxOT1hfY2RieU1zQWlvd1p0M1ZhdzdkU2ZGYmZ4TUlUdG9IbXRZWjlTbTctdi1vMHBJTEtWTG40aW1sOHRqT25MaFNleGZIdUlyU1NnZC12Z3FZT2FSU0ZxNmNra0pCZXpOQl9DUmVOZ3l2MzZLc2pkZndoR2pVUUl6dEp1TXRHMkNBeXRXNkMyNzhXejZuSS1aZGpPWHJETTVuUWVqQUhyay1kcUhU?oc=5","Reuters","Global","1787563186000"
"Pakistan Army Chief Heads to Iran to Boost Mideast Peace Efforts","https://news.google.com/rss/articles/CBMitgFBVV95cUxPWkhHLWN5RHJlTFg3VEY5U3RPZGxtTDF0RnM2QVRsZmwweUZZM2pObVNILU1UQnM1NFYxemJtem5QRUFWTkx1djB3Ynk2Q3lEUVF1aDdBNXczRG5EeEttWFlITGg3WlY0U014MHRtWFJqLS0zVjNxYk9sZ3YxVXdkWUJTRVdKV3VTXy1fLU5LcEIyOHRPa280SUpsOW5JWlp0WkV3TjF6LWFfbW81YTRoVEl2dzhFUQ?oc=5","Bloomberg","Global","1787562005000"
"US threatens Iran with 'economic D-Day' as markets await sanctions announcement","https://news.google.com/rss/articles/CBMivwFBVV95cUxQYmU3c0hSVmI2U3RpdG94M3psRDZqdW9rRjQwU3paM3VWd0VTZUxoNE1QMkdoeU5IYVc4YmF2b1dHV0RpS3lHSHhVbFVUZ1M4cFpJOW9LTTFGS09TOWNVVmFEaFhDRFdUbzdVQUxoR0FsR0p4QWV6eTFOVVJEcm8tVXR6OW1qUzZpelhzVTBzeUdmbjNmZlNrYWtXaHZKS1JmRk01SjFXUmJhYkdObDFIQVdidjV5SzlIMkFJdy04cw?oc=5","Euronews","Europe","1787562003000"
"In Iran, spiraling health costs force people to delay care","https://news.google.com/rss/articles/CBMijAFBVV95cUxOZS0xNEg0MGsxVThpZEhpQ3NReXI5dDJ1Q0RXOFNGd1lzVzBNUVlia3VBcGFaTE9odnVOUDFGTlV3aEozM0Y5VzFfa2preEF0UG5zRVpwcHkwbWZGMncyLUVib2FCMklKc2hQYTI4b3NKVmJORUNTTnA1SFY0aWJBYnRrRkVIRDctc1lYcdIBjAFBVV95cUxNcV9paGRwNkFucTE1eU5za0dqQ29tVk0xVF9YcjdZWFhFME9kZ2kxSUpsSlVYWTNpRnJtMVdZRUJQQkVlMDdGcXp1eXNGT2VSVm1Rc1BUVE9VMnQ5ZW9FVXRKQnpPZGdUSEstYXBLZnU4eUF6bmdMcG9SU0pyWkpjRDFUYzlwZURIWndEVg?oc=5","DW","Europe","1787561591000"
"LNG WRAP: Bangladesh Seeks More Cargoes as Iran War Drags On","https://news.google.com/rss/articles/CBMirwFBVV95cUxOSHdsT25MaHBmNVJrazk3ZkZ2aTdsZnhhYVdrNDFQVjkyUUFsci1VREVxU3I4eVdJanZYYjVxVjdzSHpoMTJsUkFUVkpLZFF0SXllZ2FZaURlMzFiR2tjVlZ4T2c1bkVhbElzcnhjNXNCbEZRbUxiSkxrYTBWU1gtV0lmc29ydHNBYTJsMEdiRlBtS1dPcUJQUkJmd3V0cjEybGd2NkdnUmhUd0gzZG40?oc=5","Bloomberg","Global","1787561038000"
"U.S. Marines Cancel Drill With South Korea, Citing Iran War Demands","https://news.google.com/rss/articles/CBMijwFBVV95cUxPZGRIZHk0elE2ekEwMWl6ZWI0Sm5lM2xkVHNYcTE4TXd3bGtJYklQUXdZNGhHQmQxX1EzLWRfbjdFRFdYN0pIN2tmT1V5bzd2X0E3LUJfY3A4TjJYLXJnY3YwS3hoTWlIUEp1UXVGejU0ZVZydWxNYkN3eHBqRmhUU0phZW12U3RnSWtVMUtuNA?oc=5","The New York Times","US","1787563186000"
"Iran denies receiving invitation to join Mecca defence agreement","https://news.google.com/rss/articles/CBMifEFVX3lxTE94RnR1T1pEVTdVVS1uREF6UkF5eUpOZXBHVHFiYVZnaGlaM2tqSmJwNUhJSGh2VGNuQkF4YUlEdGxOaTlNODA1Vk5NMm9ORFcxV2xJRmI4VWtncXBwbkI5bm4zM0JUbjljUk41WmJ3UGFJMHlDUzZHeEFhU2k?oc=5","Xinhua","China","1787565090000"
"Repeating failed US sanctions against Iran will not yield results, says foreign ministry spokesperson","https://news.google.com/rss/articles/CBMizwFBVV95cUxPQnVjeExvQ2Zndm9pT2p0TWpSQnptM19Vd1dHYlNzNTBSY2xWdkxuUk5LV1BraVBiNFpfa21EUndqMklGVFE4RG9CNGJySFNNQVlRWVRvVV80di1FeGVreGpIUkw1ZnBHRVFWSk42M3FfN0Y0cUhrU3hHdW9jQzVxOXFDQ3B3dDJLTHd5bU90R0hXeGMya2F1M0ptc08tZGlVaTc1TXg4dUJOWmJ3ZVF2TjFwa1hZNjNWdXRtS0t3RUZQbDJZUzNmbThKYWc4cms?oc=5","Dawn","Pakistan","1787564115000"
"Iran arms smuggling to Hezbollah fuels Israeli debate over IDF role in Syria","https://news.google.com/rss/articles/CBMiXEFVX3lxTE5BTWhnR2M0Y3JJRDRwaFV5TjN4WXNJZVljeGI4NWlveDhVbldBQjB0ZW9DblZ2bHRzVHV6bWZ4RXF6R2VYc3Q5ZkdySE9NVHdTazZOWHotZE1pbnd5?oc=5","The Jerusalem Post","Israel","1787564101000"
"Trump spoke to Pakistan army chief ahead of Tehran trip, sought resumption of talks -- sources","https://news.google.com/rss/articles/CBMi0gFBVV95cUxPNDhsM3N3RmR2dEpGRXU0Uy02YUNTZ0NjRVZKNW90SnJxcE15VmNURHltWWlaZU5ZTDJmMWtPOC16NjQ0WFVoSDFUcW9KTE81ZEdtR3NwWDVpUUgxUndsU0JTYkFfUWllVkpKRS1pWmhuR1BRWjRmTHQ4bHM1WU9ueDBjeWpfLVRYZGNhRGJmeHRjano2bkVEcEFZNGFLR080dFFMZFFrLUFQUXBOc05oNTJoNF9qNl95QzlPcmZEWms2OEYyVVlvekY3RXUyeVhZV0E?oc=5","The Times of Israel","Israel","1787563366000"
"Oman top diplomat to visit Iran to discuss Hormuz Strait","https://news.google.com/rss/articles/CBMitAFBVV95cUxPS3oyQkhNQkJoMWRjQjVoa0NZX3lhMHlTeWs5b1RXNlZHUGN5eEh6cWs1cTJYaGxHdjctc21sTm1zTU15YTFaU2NhRVVDcG9aaEkxejhRMmhtRkhGcmtwMnF0TWRSNEVITXBOcENBeUdjZTFCaThSSTRLOEVzX3owb0ZORE5wdmxaeUkxQUdHb1pjYzBITzhaZGs4WDdFZ04takgtQV9KR0Z0RkpXbkFWQnBvRU3SAboBQVVfeXFMTldseHMyTnJfZWFTWVRVQzk0NDY2NWNsek1UNC1zSUljUTJoaHh5a1hidzhOSnpkNTB0OVdiLTVQaGJCYlZUNDdiRGplM0ZESUlCZlpzQ0NNQXFRSmx5bHVXZmZnWHQ1TG54TV9tQ3luVjgxanA0MHlWNFNVXzdvelVKczJfUmxFUGJCOXRUNlBzYlhRcHFaMzNYWC11bTgtdTJ6UmNFdTBKSFY4ajh0UXM3VkNZRTB3UXJB?oc=5","Al Arabiya","Arab","1787562660000"
"Iran's currency drops to record low, tracking websites show","https://news.google.com/rss/articles/CBMilgFBVV95cUxOX0dxRDdvVExrVDd2U21jWldKZXdDRE5xOVlxbGEzSUotakFtYU5YZmprd0lIZEZLdkd6dkdReGRUZ1d5N3hBOEJDYl82Y1ZsVVhFQ2pCb1JXMExwNzkyZ2tFajM4SWNzaWRnSkFIQ1ZwLTktRFlzYTlfb3EzUTFucW9abzB1STVKYjFPem54VEhXMC1HZlE?oc=5","Dawn","Pakistan","1787562032000"
"South Korea says US cancelled joint marine drills over force constraints from Iran war","https://news.google.com/rss/articles/CBMivwFBVV95cUxQbHlRb1dfVHVXLUZQTS1kcUctcGJYTUF4TWtwUmRremRlal9lN01TSU92TzhHejJFVFcweW9SMGI5YnFCbHJscGZIcklnYVlsb0UzeGdiZWx2SUZsSEtUdTdlNjMyZTYyb25sYzhYZW5uNjlkeVFZUG5NWkk4bVZvQ3pUTFNSMjRIajFfVkRtbkVPSkwtS0YtV05nYk9fMThfMlhtaEtzc1hzdmI3N2psSm0tUkRQbXd2bmFGSElGYw?oc=5","Euronews","Europe","1787565724000"
"What the latest US financial threats against Iran mean for China","https://news.google.com/rss/articles/CBMiZkFVX3lxTE5uckVmOFJiaTgwYVFJQkMtVFk4b1VMUUdoUUJUdWptcXk2Sk5ldlhMMjd4SkZPRDh5UDlwc0ZpZmVsT2NwV252d3dxNXRJU1k4V3Y0cFREUE50N2cxQVAyUjdKN1RkZw?oc=5","Reuters","Global","1787565688000"
"Iran threatens 46 ships in Strait of Hormuz transit crackdown","https://news.google.com/rss/articles/CBMihAFBVV95cUxOakEwa2dpWkhOOUNySkhjblVGd2VqSlliSFVHMG1HN09JaG5PSTJUQXk1UU13U0MyOEgxbk9wckZxNzBYMl9rOTNpN3BtR2JPM3ZzNll5MHpFaVZMTjRoaHVYM3ZfMlRwOUFaUDl2TWl5UVlsYnRKdmJTc1pxc0pBY0w4blM?oc=5","Financial Times","Global","1787564910000"
"Iran calls France's decision to expel two Iranian diplomats 'illegal'","https://news.google.com/rss/articles/CBMitwFBVV95cUxPdzY0SmFTMlNZN002QjdoVmFzZXIxaEhoNlgxRVViX0tsTFJuUU1mLUJrcHhIWXByQnd6bFJSR1ZDbzJCLU1VZEh5bmgwanhLLWdlS09oa0tMSXpXSDhTTk1TbGJqM0kzWkJPaTRKQ1Zvc0VyWGNwMU83blNFM3YtU0cyZk91bzFsd3hSSTFXdzlzX0pkODJuNmd4aEFQdmFUNmhBbVZNRmRybDRtLW5zZng0cU9RTjg?oc=5","France 24","Europe","1787564654000"
"Canada Sees Long Trade War With US, Bessent Iran Threats, More","https://news.google.com/rss/articles/CBMirAFBVV95cUxNWjhtVlRocndMazAwc2JOZ01rVTQ1RWc5QUhzcktrcElvR3lsM2RDZkN5ekdWNWtoNGluVy1jT2V2RkFZdkNVRk1IU3BTSTNCcWwxWFZjMzMtRlZldURfdG5pTF9ETnVRRTFZNjZXNWlRNGNReGx0dXNEX1FwUHpZWmxEVFMzSzVVRS00b3VzZW1UaWViTy11c01aWlRsNWFtQlUxZXNhOEVoUWRp?oc=5","Bloomberg","Global","1787564364000"
"World shares decline as bond market pressure persists, and Iran's rial sinks against the dollar","https://news.google.com/rss/articles/CBMilwFBVV95cUxQM1dReDZpZnhwWEQySC1XMWxPbjNmY2Zaa3pEbUJESmZHWkVJd21EelRubnpIY2d4Ulh0QTRRY05wQ1hGRkliWTdlbGVqSjlGMUFmRUgtZXY5ZnBXVVI3clJFcGZVQU5wclptaUlUTmdaNTJ5Q1p4bFB6V1hJVEtJZDRyZ1NmNjZRejdFNDNWQV9oMlhaRnNN?oc=5","Associated Press","Global","1787562480000"
"China vows to ‘protect legitimate rights’ amid US sanctions threats over Iran trade","https://news.google.com/rss/articles/CBMiugFBVV95cUxQNzRzZkFVcG1uTWk5TnZqSE9EMmtFQVB4ZkozVHQ0cVZUZ2EwdzAzLUx1RU81aXRpMVBJcjNRbUtEbldzWERDUnAtdGx3SVZkeXo3NjF4UXQ0aVpFQzlwTVdxaWZZR3d0LWVBYWk4czRYbGF3VG1aanFXd05objNpOEpYM0pERkhfaWVCWUhnZEtFdkhhcXlvRng1ZVJES29TSmpKRWRMdVpyTTk2QjU5UjNPY2YyVTY1b2fSAcIBQVVfeXFMT1NVRGxKY2x4REZRV0cyUE1jUmFRRUsxZTVNeGZnNFpmd0paYk4yU1k4UHlENkVGUkV5bS0tenl6bFlZVGcwVnVVeF9UcGtteXhFZlRkRkM2RGZzRENHVF9DcW4xdXhwbml4V2dfdWpITTM0OTkwRDlVYkdiWFd0RW4xZjd2T0M3N1QtNDhYbG51N1g5cnFjSkVLUnRsLWdrNFJBQUU4akx2UDRCTkJ3Wi1ERHg2RGdpZHo4WEoyX0tYWkE?oc=5","The Express Tribune","Pakistan","1787566545000"
"Iran’s Baghaei warns against cooperation with US, vows to counter economic sanctions","https://news.google.com/rss/articles/CBMi2AFBVV95cUxQUXM4LV9RUm5YMGtuOWZxaTAySUQtMko2ZmpIQ3ZOaWxfZ253MHVGMjBpLUhtUEN5REVvRzJMUGpjMHZaOE9XcEl5eUZWM2FGNzdoMTZGNXJpS3UyREhQTzh5Q3pDYzBGaC0wTEZTb0Rkc2VtYjBWMmNudzIzSDVxVXR5a29KeFE0YUFWT2ZabGZxelZhdG5UczM5VTR3SHA0TFNMd25ZdVY5WUlZaFZPQVpnUlBydVdVTXdrVzVjWkVIYTcwZ0pzX1preDlPMjFTVkNXVW9YUWjSAd4BQVVfeXFMTjRkQ1JlVFZ2WFAxNzRUQ0xDUDYzOGlBT1VRQ3ZBYVpHbDloc3hBeElrckhVTFIzQUpnV21YWVh5VTM2aFJnMllUbkczSFZOYmFzcDZ2ZmpOSVdjMnV5eVNMdDFUNmhYYnpkeE5EcGpZajdFaTNsVWpJMmNkRjZnOHl2TjA0ZDhidU1QSTJxeVdZOUdDUnowM0RydVZ4eTlET09CRmhXRWt5VWVaUGR6VjVFdjJON0FsYU1MRTg3bW9zdlZVMGxUalJRc21ZNGViRHVpUllORDJoT0RPUGl3?oc=5","Al Arabiya","Arab","1787566260000"
"Report: Pakistan’s Munir Spoke to Trump Ahead of Tehran Visit","https://news.google.com/rss/articles/CBMipgFBVV95cUxObXV2OEhONEhCSmR4a21IbW96NjlraUpOR3dxX3dfNU1SZWtQbGxnbEljWi1LZGlyZ3VReXRKZDN2b0xlb3FqUFIyUjZRMW9ocm1vQnRuYjU2OFRwX2FEdUdzempZdmlCLTc0cGVBUkJtRGVxVS1vRE5leTg5X0gyLVk2T25SY0lGVFpMQzJZTE1KRDVYbzBpRmtIeEloeloyaXd5MmlB?oc=5","Asharq Al-Awsat","Arab","1787566166000"
"Fewer Than 20 Ships Transited Strait of Hormuz at the Start of the Week","https://news.google.com/rss/articles/CBMimAFBVV95cUxPRWhqLXY5bDRNSG1ESHllYlgxNXk1bFhVWUIyVUc1aklGbnJrNkhuM1VTVHdJWEwwMEk5UGhScHM3VGJvbGJodElfVEZfYVhUOHB3MmFiZTdPYjF1RUIzSzlzckdwNkhTNDdoX1ZGU1pZV2F2TDRMbEJiZFR6bzBPYVBpUDV5akJLS21QOEJibU9TRnF1NlZrTA?oc=5","Asharq Al-Awsat","Arab","1787565921000"
"Omani FM due in Iran Tuesday for talks on regional issues","https://news.google.com/rss/articles/CBMifEFVX3lxTE5yUFZub0lQemZFWXVXcTdNWUlIczUyZENQSVQtVVpzQjdKRU1rR2liUG5SbnJDNXhXbVNRUHBEYkRWQ3dpNTQ3RWdLRGFiS2x4bHNVY1Y3MGpBdlJ2OW9iazJzOE9yOGd6S2JYaHZmdWFORExzaEM4Y1BxTUY?oc=5","Xinhua","China","1787565855000"
"Trump policy shifts from military action to economic ‘D-Day’ sanctions: Will Iran endure?","https://news.google.com/rss/articles/CBMizAFBVV95cUxQSGEwVHBQRVRMRFEzRGdTenFhQnV0T3JSUmZqR0JWUFR6a3c0VVFCeHd1bDN0aUl4UE5UZ3o2cnVJNk91ZXVpTy1tUkVoSnltV3lWUUEwLUE1S0d2dnBNa3FVc2U0U3c4UnpnX2poZ0kxaHVYQVFVQTdXZnFLVkFlQThKd1RER2ZXdjA0OGdPSUkwYUljMzZCamlRbG9oM3NZRHNkeFZ1aWZlZ0JGT21pcGkxSDdoQUxTV013LUVmRmhsVlFlZzBjbGtQYlTSAdIBQVVfeXFMT1c4WHR6cUlyNVdDTkxWcTZtNzZrUmNYZjFPVWhiekRIeFRzRXJhTkI4a0t3aDZ0NnpVbERQWnRJLUQ3VlRwYUFUVjR5LV9JWHhWUGdTLU9Ha0JLY2VCVjFNTnhZR2pGZ1U0bklZMS1tZFVPVzBtWVhhd2FIVmVSZXJ5S0dzSVpOUTBMNXUyMVZfbThZZDNKT1k4dFg4YTZCRmJtQjJEX0dnVFo3RVkyR0h5ZzFSWEtlMzdZWXAxekJ1MDZOMHk0eE94SW82eldURDVn?oc=5","Al Arabiya","Arab","1787564160000"
"Iran war live - Al Jazeera","https://news.google.com/rss/articles/CBMizwFBVV95cUxNVXF5bXo2SjFmbEdta2R5RW1wM3o3VlljbWQ1RzVHeVhDX2VHaVdzdl9NbFptWGw4Zm1wX1dtRmcwUzIydmJWbGgyUzgxRHNLcW42QmdiNVc1ZFVfYXZlUWNBUXJMLVMxSnVGRFdXUzgxQmlWWkdHVkxWZ0tpODN4Z0xNdEZOT3gtSk9hQ2xuOEhQYklMOVE0d0EyVW1JamxZRHZkZGtRVmhDYVNjbjVtT05sVWRxYmhmMFg3bGhzOWp4ajlNTkFGbUFvZ2xkMDQ?oc=5","Al Jazeera","Arab","1787563663000"
"TSX futures subdued as investors weigh US tariffs, await details on looming Iran sanctions","https://news.google.com/rss/articles/CBMiugFBVV95cUxOSWhnSG1vc1o4c1hYdlRqSWhaRDVHZ09CbHlWTlg1V0FZd1Y4WEFDdGtMY1F3dDliS2IwVGc2anlzdXFUNjVUZXdDczNZYmNVV3B5V3lQaUZIaWRyLTJMWjk3QXBKVmNTbXo5WmhlRl8tLV9hREJSYkFCYlhqX0JwRTdLYXYtSTVZXzYzeUpNSC1JM2ptTVU5dFNtYXNhWXMwcWpIdE9RVnJkQXBXWS1VeG1DX2RKQW9DSEE?oc=5","Reuters","Global","1787567529000"
"Canada Rejects US Tariff Deal, Fresh Iran Sanctions, More","https://news.google.com/rss/articles/CBMipgFBVV95cUxPeG12WElQQWxRT2hqSUxtOFlCQVVMTGlHeWZ1a3dCZEJJbVR6NVlKZldtT1FqZ0lfaktRUW5SaUNMQ1dNazNkRWNVVjNzdVZZaVpWdnZBUTNacElTNUgySlVTQngyaVd6VzlwVTBPb2dFRjFBTG1MUXBYdU40Zi1IQl9HNmRTcFU3TVRnZGt3bmp1RHBxX1BHaTRmUW5hVW5ibTBtZkxB?oc=5","Bloomberg","Global","1787567212000"
"Sterling pauses after four-week rally as investors brace for US sanctions on Iran","https://news.google.com/rss/articles/CBMitwFBVV95cUxQV2kyQWJvcmZMUVBVOWY0S2FkellsUGptYktWT3MwOHFSY2FIdDJuS0ZWeUlYYUwybEtEN2dCelBIXzdaeWVZVWlPdXJzcXg1ZDNXaHJwNWpOenhqSWFOSnhFSTdlXzlUZFBRYk5yVEZucXA3Q3lKY3lJTHJ3cjg3d3RDRlJBRm1EYnpPajB5RlhMUUFkS0tVM0FQVGFmd0VFT3ZpWlVyc1I3YWxnSEpFQVRCOWpmRGs?oc=5","Reuters","Global","1787567023000"
"Iran condemns France's 'illegal' move to expel two diplomats","https://news.google.com/rss/articles/CBMizAFBVV95cUxPei00WVllb0U5WC14X2NERGtERzlBZV9mUGh5WFJwblNXbXE3WjRKSjVOSTdUaTFGbnpXTHlBd0JETVBfczA4YnJxMWdJX2VGS0tRMjJTOUFZM0x5c2xjT1hRa0s2SmRDbTh1UjJYTWNCM083c05fVm9GXzlVbUZQTUxZTlpNVFZTX0xwS1lhZUNTSFdfdmtpZjRmV2lTN09TMnVySGdsVDhOX0pFY3hQcEJWekdreUlIc2ZRX0pGSHE4eV9HQk0yWXlRMWQ?oc=5","Le Monde","Europe","1787566326000"
"S&P, Nasdaq futures slip as markets await Iran sanctions, Nvidia results","https://news.google.com/rss/articles/CBMisAFBVV95cUxQZmVCQWYzaWpzTVpmVFJPV0xRdEtUcXg0N2JKZHB5Z2JFZWpWRHFwS0Q3R2NtVHp1c29rem5scXhwa0FZMFZJNGtqM3ZCRlVOa1doNGNtWEcxVVZCYXFDSXlEbmJwODhKbG5Kdk15RDJpbDFleUFpWkdmbWEtMkhGWnF0U1FWWVpmSnp4aXp4UzlPc2hzaFNTWllwSm5UVWlpNWtWQlkzX1dqOHJNbkg5ag?oc=5","Reuters","Global","1787566211000"
"Iranian state TV airs video targeting Barron Trump with $10m bounty","https://news.google.com/rss/articles/CBMirAFBVV95cUxPQ0JPY09XbTl4OHNtbUI2ZVpkcGFnOGU2Sm9tWWs3OHdGMkJMYk5ab1R4emI5MkE5Z2dPYjRiR2Q5UHNmSnVia0xpemRTd0tYUGtjRmE1QVBRdjRKb1ZfanRpVU0zZzBxTWw1UW4tM3VHWVhLRVZuY0lWTWVGR1M1bUpzNmNiTElHcDFIZlpyMGV0ZTlLdW5mN0htRjBfaFZINkgwa0dBV19vZllT?oc=5","Euronews","Europe","1787565931000"
"What the latest US financial threats against Iran mean for China","https://news.google.com/rss/articles/CBMifkFVX3lxTFBMNnM2aVRrRmprZllCZnEtbXExUzR5QkhPTE5EUVM2ZUtaYkFWNEMxSzFRY1NHdFZTMDFyZ0JQZ2Y4NHhhVjB2dEV4RWozTDg5NjYwVHVjT2lodEV3akpjMllkN1Zzb2JnMTRuZnF4WktsdnFHVDhhcjNfWGJ1QQ?oc=5","Reuters","Global","1787565688000"
"US Set to Unveil Fresh Iran Sanctions as Rial Hits Record Low","https://news.google.com/rss/articles/CBMisgFBVV95cUxPbFlhMHVfMGg5Z0x6a2JHMTdfeVZrbGJkSUxYV1kxV040NzJEbG13clZTaHFveWNUWXQtdGFkbGlwZlNvY29CSnpwUjNtS3JhVG1obFZhNnZjd1JxOGptcDBiNU0za0ZoV2VxQmhZOWh1Vi1Ea01VaGZkX2xWbFRKQXRTWGRPTjN5eGlvT1BzNFVpcllqRTRYUDVNcGhVSVppbWl4d3djelBDYUVaMDVmdjhB?oc=5","Bloomberg","Global","1787565590000"
"US threatens toughest sanctions yet against Iran: What we know","https://news.google.com/rss/articles/CBMipAFBVV95cUxORXpKN3hfZGJqR05JX3RKRUtiLXFNX0ZWVFpPRWwtR2tsLXdZYTdyVjJHNU9YWmxvcS1jbFl2S29DNy04STdMdGlrUVlGeE53MGhuNndObjQ2RnZvcXlOeVNldjBOX3ZBRW1saG5ienVIRXREM09fcDlHb3J3eTNaaVVzb0pubm94cnZkaWl3S2FGUGE4T1JYRnIwUTBNeGo5eVV3d9IBqgFBVV95cUxNc1RHUlpWRGVXdHcwNXVPQkZQaFoxc3RkVFVIM1ZDc08xZm1oMXhhSEVXNEhVZDRfczVpWTVSLXFraDBENWdZbk9rUEY5Y0VPdWdXdUVUWmJ6S2haLW9iX2d3R3FIVTg5OW5nV19reXRZc1I0NkVmUk1hM2J2ZV91a0F0VTVZRC0zUnBaczQ0MFRUOW82cHozcC1RcThDVjdsd3Q5NVdQdDBuUQ?oc=5","Al Jazeera","Arab","1787567147000"
"WATCH: Vessel traffic in Strait of Hormuz as Iranian, US blockades restrict traffic through the chokepoint","https://news.google.com/rss/articles/CBMi1AFBVV95cUxNSDNuWHd6OFNSMFEwQVU1MnFJcEp4MHFOS2lSVGM4Zm5NWGdtR2NseVdodFMxWlByYXZxNGN2am5ZdzBValhEaXRWeWE3YzRvcm9pZVFyUnVFYjAzaFd0bWg4R3VwQVpBcHpzc2h6WTI1aWQ0SU5GTWNwMEs2dC1WY1E0amV2ZTJfNTBoM1ZhT3RPUkc5TVlMZjZwYkhjdjYtRkpGTDFUODlfeElDcmxpQTBOMi1FcVgtY0FmYzhLZ3drUU1fWWtvMDZrTHZiNEdMQTdLMQ?oc=5","Dawn","Pakistan","1787566400000"
"Iran warns of a harsh response to anticipated US sanctions and other Middle East news","https://news.google.com/rss/articles/CBMiqAFBVV95cUxQcHAtclMwUWNPc2pwWHp0N0Z0ME8yQmNmZlYtQ1pHdDFWdkJQbWphQ1lNb3NjMWZGdWpmaFJYay1tTDFCcnFqNXN5S3ZUQTFtQko3N3JHUzdZTXZOdmZqSHZ3aDVHajFOQVJjb3E5STlxVnJibm1vdmRfZ0lGcFdMcklxbk83WUV2RW8zSWR5bzBnM1RrZkIzc084SUtxZDI3cnhkcGtvM1Q?oc=5","The Independent","UK","1787568480000"
"Iran's rial currency hits new record low as US prepares to announce more sanctions","https://news.google.com/rss/articles/CBMi3wFBVV95cUxOUl9uQWdfRks2bDAwdFRxeHc5dF9vNkFfZXpXejlRcWJ3WjNUV003cUtFZzVMeHJDUXJTQjMyLXptQjUxM290d1JIRWFJc3JtV1RiNjZpemlTNk1MQ1Z6ZktQbnp2WUM2OExrb3lIVFpOdkJfdHFhYkltazNoRWRyV3RPblRYV3BBRGhROW1uamt5QTJ2bUNEVE01UVVxWnd3bXNCR1JGZEMxOThfWDAteHpPQXItRTF1MnhiR0FNY0NwTDRJUk1CdGdIQXF4enlnQjBjV2d5X29aRGRFRTlv?oc=5","The Washington Post","US","1787568180000"
"Trump’s ‘Economic D-Day’ for Iran arrives - but he is running out of cards to play","https://news.google.com/rss/articles/CBMipAFBVV95cUxQT21OQnlLcUtGRElpVzJ4WU56LUpUdUJvd05VeDhWMDJHYlhYN01udGMtUGlZTUpiVmZrOVNhOF9YaFBtOXFkZ3NEX2VYQjF1cEFwdzU2ckQxWmdDRElUekE5bzhwOVhXZng4RUdydl85eDZsM1hxdmpyUVpWUDl1cVlkVDU2M1ZSOWtXeC1IYktuVEdBYXhqWnRuY24tWHJIOXViVw?oc=5","The Independent","UK","1787567700000"
"‘Economic D-Day’ sanctions against Iran will be ‘single greatest financial offensive ever’ Bessent says","https://news.google.com/rss/articles/CBMitwFBVV95cUxNekFseGdCLWVvelBDeGZLTFdpT1RKaHdJb1ZURk0xN0hIMjRLUUU3VW5vdERQbDVyMHg1N3pqalNoNU15N0FmVGFiX2oydUJ3NmxlRWo5Q19OcmN6WHIyenpUMjF5WlRkcmFxMG9peHB3RDlwMk9jTEViLVpVYVVJTGVqOHdrbk10LXlsVUx3NDQ1T2FIdUFOZmFYWGF2NzZscDVMVEFHVWkzcUFoRFN3LWdFQnQ4SWc?oc=5","New York Post","US","1787567400000"
"Oil Prices Fall Ahead of U.S. Vow to Intensify Economic War Against Iran","https://news.google.com/rss/articles/CBMifEFVX3lxTE5fY1BXeFZGMEw3NDdPSS1WSE1pV2kxN044NHduM3FIRmo3SXc2SFFybk5UWS1Bc3VEVUI2Q2VRcEtseEx1dG0zc3ZhdHd2LTVleXRfXzA5QTR6ejVhRHU4UnBoUHdyeE1jZDNPU3dJTVlzSUpTQlNPTU41WUs?oc=5","The New York Times","US","1787566511000"
"Trump’s Fight Against Canada, Iran and the Bond Vigilantes Meets a Common Response","https://news.google.com/rss/articles/CBMifkFVX3lxTFB5b1Q4UUZqWkhmQ0dNT3QxSTFtUmFTbk1hX2VhcmpmclBYMXJXR2JnV2hnWGtVUURvU0Q3N09wX0RwZzk2TktLRWo5ZkdoamwyVk5sS19ZLUtIanJiVzJQUEtVbXdQczVvdExrUDl1dWNsV0FDTVhUb0h4ekFCQQ?oc=5","Bloomberg","Global","1787569201000"
"Tariff-Driven Inflation Risks Return With Trump Moves on Canada, Iran","https://news.google.com/rss/articles/CBMixwFBVV95cUxQa2U4ZkJpTGtHMkQwUkpNNUxiVnM3bHN6azlxa2tWY0twTGMyRVNXYTFNNlo2REx4TDhEYTZmX2s3QlNnN3dsZXpIaVBfTU5sOU1aZzVXcGVVdzhNcnVTeUJvRFRoN21QcHdFQUpUYlIzZFVfRk8tWTVUUDRMZjA0NVA4VnRfZkp3eGk5eGJ4b0JPSS1BR1dveDdYOWdsRzBaNFk4WGZIYUR0ZVhHVXBJajQ2YmFiYjc1ZWRYeE1TbHA0U3Y3NWxR?oc=5","Bloomberg","Global","1787569201000"
"Iran warns of a harsh response to anticipated US sanctions and other Middle East news","https://news.google.com/rss/articles/CBMipwFBVV95cUxQM3VzOFY1UEwzVnN2d3pDQ0NFZWZQVEJNcGJ1VlVKbmczYjVBeDk5S3NTOGtIS3NKNDFUdXFDbjRUTURPd0c2YWxZelQ3NnFxVUtfM1NzSk8yQ2ZXYnlTZGpiZFBxTTZXUXN5czJ5VnJqWFprcG9NcTFnOUtmNU54cHIwRjEtblZINUs0bXlxTVZrRU9ZNkp1OUVyUTEyOUZzRXBaTnhhRQ?oc=5","Associated Press","Global","1787568480000"
"Iran faces 'economic D-Day', says US Treasury Secretary Scott Bessent","https://news.google.com/rss/articles/CBMiWkFVX3lxTE12TGt1ZGswTTBIUElrYUtUWWZoWDUybXVTQXh2M3o4Qm5WQnIwTm9pNnhKLTFmSUswc2NGNFVPWjA2TGswMHV5cXFXYXB2bEFWbFFTelZ5cEdudw?oc=5","BBC","Global","1787567963000"
"What the latest US financial threats against Iran mean for China","https://news.google.com/rss/articles/CBMiXEFVX3lxTFAycjlja3BYbEdWVnY5eG5MWGNtUE1lR3ZxOU9uUkpUYk1NNHFua2NyQ1hWLTQ4VjQyNldGWHlHZWZSS1RaRmZuTng5eXYtZEIwSWJSbFlyc0h1eTdP?oc=5","Reuters","Global","1787567700000"
"Iran blacklists tankers it says are helping funnel oil out of Gulf","https://news.google.com/rss/articles/CBMisgFBVV95cUxOY2FGd1ZpaG8xaXg5aFNtTU5CTTBRZWttbnRqd3RFNU12VGdvR3REa3pBcWZoZDhES19nOXEycWhRcnh4TTdleXpjYnpoeEZzM2VITlczM01jTktJWkFNUXJKYWp3Q2Z2bG1rcTJtbnFvcW1McDc2bVUtTkx5UEVXMk1RWXVaemFUY05KZ0piRmhjMnljMUZtM0dFWm5ZZzhVcDlqT2RneTdQMFRoRXBlZFdn?oc=5","The Times of Israel","Israel","1787569666000"
"US warns of ‘economic D-Day’ for Iran as defiant Tehran set to hold talks on Hormuz","https://news.google.com/rss/articles/CBMisgFBVV95cUxNSGIwMm5hODZZdDZRT1lCMFJZYlNybVhSb2JENTJMekhzWjZnTjJ5eG9xSUFveEYtWnI5enMyUXB2NU1ZZ1BnTDE4R0pCOEU3Um1EWGFSYkVFNGljWklydThRdllMdWptdFVvODJrVW5xMXp2anVZY0Y4SktCTHBmOUxyVTBKY2VWSlpna3Z4QjRWaHRfWm9wUVdoS0NJX1ZKazJFTUpxTXJmNHZLbHFxOG9R0gG3AUFVX3lxTE1ldUFIN1FXOXl4ZlJrREZYQXdhTjdLV1hGTjgwTlVZRmkzWEs3aGF6Q1g2X3hTdExDZjlGWjdfaTNiaFQ2cnVxMmI1aVlvd0h4N0U0aWZtd1RHSEpkZTBoYURhUUdyTWtiNi1RcUZhbnBkTE9QRlRrVGhKQ202ZFFHRHRzUHJOUHBGZmlTdTl2UXh1WGp0U19qcDA4LVFrQnByNUN6SC0tdUpvMDJrMm5sYzFDSFJscw?oc=5","The Times of Israel","Israel","1787568466000"
"Trump administration to roll out new sanctions against Iran","https://news.google.com/rss/articles/CBMiVkFVX3lxTE5kZzYzV3BNdjc0THdCTWRic0lWRmVQSzhoeG5aU2Q2T1NtcE1vQ0pzV0JiWW1YYWRNSk5TZ1daQlFRYjFBYk9ZUFZMMTYzVjZoSkxwYjJR?oc=5","Fox News","US","1787569674000"
"U.S. Says Oil Is Pouring Through Hormuz. Trackers Can’t Find It.","https://news.google.com/rss/articles/CBMirgFBVV95cUxPeE5tdi1WV2JCLV9DemhyX2NKRk1YTHZBT3RqSmFuZEVoaEVBNVdPV2tpZm1HSVM3VHJTOV9hVkdIRXVCUUV0YldsSlRJWFFZeUdNLUNacnFKc0VOMGFvMVVWYXFpTVNtd1JDQ3BwVVhVekRSQnFUZURFdVp6dE5zUWdnUVpuWmNSWGFjbzZIMzRGTDg5NnVfLTZfUWZvNWNaMHo1cXhHV3ZyQ2VHLUE?oc=5","The Wall Street Journal","US","1787569260000"
"Pres. Trump expected to reveal details of ‘economic D-Day’ against Iran","https://news.google.com/rss/articles/CBMipgFBVV95cUxPeDBuc1hvLTFsVGlQelBCM19FSldYX0RKWnNVSDUzSWxmY1VyOTZvRTV6N215WXAzTU52ZTFpWW9GdGtkV1lJRUx4cjJfUTBmOU5Ddm5hX3o0SVhpYXc2OGhHR3pnbjlWVlRSVlhsUjU4Z2dkX0JrUEUzLVNjVTFudVZmeEx3VklzXzNBbV9yVUplc216dDBwdkFqY1I3QU82elNfYUNR?oc=5","CNN","US","1787569130000"
"Iran’s currency hits new record low as US prepares to announce more sanctions","https://news.google.com/rss/articles/CBMizwFBVV95cUxNN1J6NHRjbWlsUVZTZWNyZXlwQmFtQjUwdEhUamxyRk9vSWZzNUxiN21XWi1ORnlpODRqeUwzSzlpQURyYWY2ak45UlYxVFh3akNSR0FxUlg2cE51LWFZTWdKNWJPMU50SWtpSXJMbG5BdXRQdFFoUHFsZHhBeC1hVkZrd0JpNkpyZjUwMnV6OTBYS0lMRlBidHhMUlZUaTRDNGV3a0F5WVNkbTVIMHloZnF5VWktMlRsbGR0TU8yQTVsTlRkbGdhLU1NZWlYOGM?oc=5","Associated Press","Global","1787571660000"
"Iran calls US financial threat an admission of defeat","https://news.google.com/rss/articles/CBMivwFBVV95cUxNbkgwM3pxRFRhQW8zenpzc09ORV9fZndJM0V1MndmWGFDNzRMOG9kbThSUTlPZmdVaEtsbElXM09pM1ZRRDdIUVp1NEN0d1RoWWtrLWtFQWdEdkxjU0RjVVNTdU82c2F0cFI2cC1kY0JnSnp1cmxFRkZFNzZzYkVyZ0dBOWNGUXM5a2xoYUQ3X2Z3T2dfUng0NGktZUpPZnh0Q2g5NGlsTjJiN2RHWG5QdGxCLVRaSzNTZDJqZlVGcw?oc=5","Le Monde","Europe","1787571083000"
"Hormuz and the limits of destruction","https://news.google.com/rss/articles/CBMiY0FVX3lxTE5tNVNhTFo4NTJObC1lT2VKRWprOUt0MmoxdzdqYm9xb19naTM4M3VDWkNvNXdSc2dwdWI0UFhsaEJ0TGQ5QVlvd3RxZEd6RS1BNkF3UGZBWWd5eWRaZEh6TjY4MA?oc=5","The Jerusalem Post","Israel","1787571353000"
"US threatens toughest sanctions yet against Iran: What we know - Al Jazeera","https://news.google.com/rss/articles/CBMivgFBVV95cUxQQVJnX0c4TTBfd0x4SWdMRC1ZaVotQ1piZmIyMVRybU9NV2NGbXA4aHNXdTd6VzA1eDlWVko2YkFMcjhpcHpQSnZNNzI1Y2RGNC14RDVKM1p0X1Y1Q0F5MWlDWUY3VkEwYVFYSTZ4dEVjc0w2X1JsZ0htTkUxaDBhTk9iRndicW0wLUJJZ3lnei16X0ZGR0lOTTRPaGlyOXcxRG1Gd20zaGlMYi15d252R1RXZFBWSWp1aTJINU5B?oc=5","Al Jazeera","Arab","1787569400000"
"Iran vows to retaliate against countries that cooperate with fresh US sanctions","https://news.google.com/rss/articles/CBMipwFBVV95cUxPak82UEwxTDF0OGtaQXNfNlBLbGhQSUxOSGhqOWJoczRoTUh6YUE2Tkd2dkZlYllib1RtdGVqblNzRGdSU1BXQWxjSXRjbDY2R3BwN2RKZ3AyZG1KSVUwOC1hTTU3OG00LTFlV0pUaWhrenFOcFc5cm8yR1pKQl82ektsRkNQMnZnMXRlRDNNZHVUY29BNEZKZW1pWUtpR1RnM01VbUVFcw?oc=5","The Guardian","UK","1787572440000"
"Iran warns of a harsh response to anticipated US sanctions and other Middle East news","https://news.google.com/rss/articles/CBMi2wFBVV95cUxOOWJWVkJhZmJuZVRuRDdONEJVbzJQZzFXUzdyNXNkUFcxdktzU1pUMGRVU09ERmhnYXVMQ25UMlU2V1VneVZxTHJTNDVmV1YwLWRMUlZXRTlVX2szR0tPY3Brd3ZmN2U3TTBvWWFNMlJPX1M2dGVsYWZJZ3Jac1BFamRVcUFsWWpKem5GWWFOSFhRektrb1lnRFU1ZHhEWHBuSnZSdE5GNmtIWUlTVy11T0cyTXQtbFVVWUlfS1JXLVlZZVlDQ2VUdDlpWEowNkgybWtyNEx1UFcya1k?oc=5","The Washington Post","US","1787572119000"
"Hormuz Oil Flows Are Going Strong as War Drags On","https://news.google.com/rss/articles/CBMipgFBVV95cUxOSF95bjQtVEhPVTNuakdkeFFqbXh0d3hTZ1U3WTlTbWkwMTlXVVFGQm9GNS1zcFk1Z0pmemhUVVp6X0txXzNCQ0tZZU9QVDhmZ1dNazZCSmVDLVlqX1o0emFQcXppd0Y5RkdLTEkzb0Eyb3U1WjBzRmVvQ2s0RFlxS1ZlTmJETExIay0zMUxLTmZiT1YzNTYxOE96bUZaUjRyMUJXY2x3?oc=5","Bloomberg","Global","1787572609000"
"Canada and Iran Wars, Treasury Could Fund Buybacks with Cash Pile, More","https://news.google.com/rss/articles/CBMirAFBVV95cUxQdEh5dUtqSExpQWNsdGt0NUZKbldTQ1VmLUlJSEJtNlRuc0J0MEY2bkEwSEo1a1A5THVGZ0U3cDF0WS1nTk5UREJFZHNVcnB2YjhJMnhqNzgyOVRCWFhwWHpubFhhU1Y3ZmtPemxqWmJiY1hWa1E3WGswWmpUOUtlamRtS01QNkQ1VGI0ek1RS29QUWN4bTBnSDVTMTdJaDhUazBGOGpkQ0tULWZT?oc=5","Bloomberg","Global","1787572523000"
"US to unveil new Iran sanctions, says war entering 'endgame'","https://news.google.com/rss/articles/CBMilAFBVV95cUxQUXVOdHdUNW51Wi1qNTBfMjdtZTJKY3NHTXFNSGkxa0xxRjZLUXNmT3RfOFRoekloYXUzN2tHal9kYUhMei1abU1oUVk4dURZRWtKYWxUSUViTkMyLVpkbVlQVnVwbHFhbXdWR2FNNTgxcFpSZjJ4TVBMRzRha1AwQ2YxZTNseGExMmEtY1dvMXhWV1d30gGUAUFVX3lxTE9XQ1BJYXczV0ZsM2JHWHMwWXFhVFhIaGszNHhPWVRVaXpMbjVZZHlzWWNKM3ZTb3p1WFFKYy0tR3JYbG5mY3lhVTBmREhzN3RsZmhpeGp1OTdudEJsRVNhb1BWeTRfQ2VvNl9oMFRNdEMteVBkQjd3cUJHS2VqNElSY1RkdzZRRmZpbEUtcnhRcVBXbGo?oc=5","DW","Europe","1787572236000"
"Iran Warns Against Cooperation With US, Vows to Counter Sanctions","https://news.google.com/rss/articles/CBMiuAFBVV95cUxNWkdHaWlUVTA1Z3ZfejBZbDc3R1pJRkg5T01zalhSdUFyWmpZdkkyeUp5Y0FSeEM5dUxsa0xPS3dVYXN2WEt6NG83MUpZQWs2WUFRSHlGNlhKclBnN01kUjJGM25UdENPMGJ4S0xVV3hkZ2t1dFpvbkZrbTB1ZUdpY001R1FQeGF1NVdnWjUzLTFhM3lpakpMcmFVU2xicUE1eFdWcXVLbmN6UXl2Uzc1MlhmRmptSXNy0gG-AUFVX3lxTFB1TkJRNTVFZzhKZDliWGhvU1JtOXN6WVhsYWlMa2llRHI0TGZld0JXREVZdElPS0JCdDd3TWx4VVZTSEs2UGlTa0FhdHZzY1lzSktULU1JX0lpT1luek1GRnFSQWhBa01HZUpsdW9rbEp3NHp1OXhrRGJLQlpDUEw2VWpiTm52YjNxdGN4T1ZpamRkbDdtQkVFdllIS0lsRUZjOUQ4eFl5U3JWbkdMQ3BFVnE4WUZDd3JtQzNvbUE?oc=5","Al Arabiya","Arab","1787573122000"
"Iran war live - Al Jazeera","https://news.google.com/rss/articles/CBMizwFBVV95cUxOT2czN1NEZ1phLXZOSVlfM2lNeTF3bjdTMmxKcjRhUk9URkpMUmxfczRSQWJZUTN0RjJxUXZDTVJjX0JsS25JSjk5Tmctakk1Q1lra1FNRWs5RmFxMzlaaHBnei1jbWlpMUJlYzlVODBFMmpWZ1AzMWRxS3RUWkFKMDA5bFVIdXpNY3Ayd05SMFhMbnpZelFIblFoWmlKdjhwNG9LNHdMT18td1lIY3gyVl9UT2w2cnQ0RUQ3ZWthUy1UcDRmZ1VVTGNHS2VOcVU?oc=5","Al Jazeera","Arab","1787571115000"
"Bessent SENDS WARNING to Iran: 'We are entering the ENDGAME'","https://news.google.com/rss/articles/CBMiVkFVX3lxTE1yTnNXb0dTdFlELXlHR2lPcUFvNDBGNHZZUUozdl9iWmd6eWZISXlBWDdiRzFRM2EwSUNOM2dLYWYxRDZRUkNBX0VoZWxWMnZ0UGVHaGdB?oc=5","Fox News","US","1787575398000"
"Iran broadcasts sickening video claiming Barron Trump is 'fully monitored,' places $10M bounty on his head","https://news.google.com/rss/articles/CBMijgJBVV95cUxOX1hXV21HblNaUjhLbnFUZXEycGVSaDZFRWNQS2RISFlIaF9oVUU2STE2MFlPM1NiYjNWMFNjbnhDeWZkdGlJckZKNkNQSDJPb3BQZ3pxcG8zVnJkTzdLRlpSOW51TVBLZFRRRzFxVUdFWVU3NmZPc0wyd1Boc25zYXhvcDA4S21Xd2VoTFA4LTBmNnExRUVLT1lrajZHODR5dVBiYkNtQTJiQzQzVjUybHBzLV84QWJXNG9MODhQTmRtT0ZYNWV0ZE1Fam9jZWtoSmtVZFNjSG9jcWdCNkZnUzJMQnVkRHptT3Y5dlR6VjRlSnJKVExod0NScFZ6bjNkSnBCQ2p5RmVWYWlHSXc?oc=5","New York Post","US","1787574840000"
"Donald Trump: Iran 'completely collapsing'","https://news.google.com/rss/articles/CBMiakFVX3lxTE9nMXlkdThqNGdTLTNWUUJSbzVyc1JJRXBUN1N5TVpYZFB4U202THMwRmh4eTMwTGtabXVHSlJNbHBxYVJKTzNHb3ZTanNvWGtfTHg2LUJEM2ViOHJuemFxdTJMNFJuRkFWOEE?oc=5","The Jerusalem Post","Israel","1787576160000"
"Analysis • What will Trump do if Iran joins the Saudi-Pakistani-Turkish defense pact?","https://news.google.com/rss/articles/CBMijwJBVV95cUxQcG45Sk1td3VwXzRlbGk5RWNQLXRwX3dfb3p4ODl0STFINEx1ZkFIa1l4YVhoNFQtY0N5dm1jTThuUElLNUNBUGltc2ZOUTZ6YXFBVFU0MWEyLXFBRi1FWUVGMVZ6Y0J2bzl5Sks1ZnRJdTFfbHNzNmN6MWVwVlBCalo1YXpiMDRyNGk2X2Z2aU8xNy1idjJReGczWnFXVU4tNWF0eXdLejBlQzBjWHNNNTNLR1hWMWtMNC1US1VkOTN1NW1KaTZKMFNGTThDMU9FYjZRY1JXRk8tVjF0WGNsd2psWlpHRVJKaEZEdkthbHpiNFNvUUY2dkdTRzRvVzl4MzRSaWVNQkQ5VjFxOUE4?oc=5","Haaretz","Israel","1787576100000"
"South Korea says US cancelled upcoming joint marine exercises over Iran war","https://news.google.com/rss/articles/CBMitwFBVV95cUxNWWZVN1NJSUEtMDZZWTdKWnEyb3dUd3ptM2kwbGYwd1VOSE1QX3RvMDhIcGJkOWhKUUoxdkRpTVNraXBDMlpYTWhzV25sSG90NUlUMGRocTFxMW41QXRZYTExd1VvbjhJdHI4eUY4YU84eUxRcHpKQVJNa3B6aW9YVEdnM1AzUm1tS2ZzYTJrMFVsTkFSZ18xM25GSW1TbGxUclhsQ1lGcVVOdktrY0hMZEFndVJQLWfSAbwBQVVfeXFMT2pLM2tzZkh0Q1NaZEp4MFJNYVh6dzNOTFlNN1NGbmhFcUUwczR3NW9INFBlVFV1NTBTQXhndjJzNmhZMmVoNlRNWlJoX2FJcWlwQm5MRUstUzcwRFd1UjZXa19selZ0VHhKbnpoZHhUSV83dnpBNUxTS0tQemE0aHFENXRFY1FjODlzWmJYd29aUUJNbi05UE5nRnFNcVo0c3dkdm5SMnh5Q0lfTlNwcC1SaTBhOHY4OUxfNGs?oc=5","Al Jazeera","Arab","1787574973000"
"Iraq delays deadline for Iran-backed Shiite militias to hand over weapons","https://news.google.com/rss/articles/CBMipwFBVV95cUxPaGxTRFBkVmFWaXZEallid053NWRFWnRRTzJ2MWFTUXJsX0laend4V180M2czQ2s2ZDVGV1lQVVg3Ujg1NVlES3ZVVXlwTWlmR29qUkVDYV8xWXRUVW9JNjBPMWlYd3E5WHV2X1NsUHlDb2hLRXQ0T1ZodDQ4SlhfZUgwTFVheGloRlh6TDM3WGRfNHFkSjVpUGRSblpHb1locFYxUWpBTdIBrAFBVV95cUxOT19WMzZyUDl5M0JuT1Z2QVJaMl93cDJmYjZDZzFlRk92TDB5UVF4U0ZUOEo3UXNKTXdZcmhMQTVmNlJiWmh6cFRYcVFORVY1UXc0alFxQ01oUG9QUXhYVGVWSHp6SFNoVGhKYmVhQW4yVHFDSXpaYkNyVTg0aTZxQnNvRHU3eGUyQjdSWkJFRVlKNC1SV2dvSXNNQlY3amd1RTZIQkt4bUc4V3dR?oc=5","The Times of Israel","Israel","1787574825000"
"Iran ready to fight for '20 generations': Iranian army chief","https://news.google.com/rss/articles/CBMilgFBVV95cUxNUGxSQ0dnSnU1WVE4dEdWLUlKVDVCZzRLM1NkVzY5cXRRRW9yOUFpVmY5ME1rUEczellWVld4LXhCcERxQ2dUQi15Vm9mUGFEWFBET1ppMXNsQ2ZwRTZDVVlDMVBUbFJQZlJ4a2dSZ1UyeTNxRHdtTWpfakhMX1pnZzhKZWVvRWwxTWp4TTVCSEVyc2l0ZUE?oc=5","Dawn","Pakistan","1787574425000"
"CDF Munir, Naqvi meet Iranian Interior Minister Momeni in Iran as part of Pakistan's efforts for regional peace","https://news.google.com/rss/articles/CBMiSEFVX3lxTFAwTXJBbDRySk5GZnpHdU1xVU1OZ1N1TlJmWm5Nd2RRVU1MenpyRS1iMl9UbVB1UFF0QU9JcWkyN2JHdDJFaGpqaQ?oc=5","Dawn","Pakistan","1787573575000"
"Iran denies invitation to join Mecca defense pact","https://news.google.com/rss/articles/CBMickFVX3lxTE1DOHQ0a3VDTmlzZGduRklwVW1KUlptbVJXRGtXM3lTNHBjbmRoOHBwTHd2NHVGNHhHOHY2bHlLZlVRck5OWnlma2dBdHVhaVpqZjdFaFVHWFRnNE9KNUh6V2otdGIxekhaanRjOTNuWS03QdIBckFVX3lxTE1DOHQ0a3VDTmlzZGduRklwVW1KUlptbVJXRGtXM3lTNHBjbmRoOHBwTHd2NHVGNHhHOHY2bHlLZlVRck5OWnlma2dBdHVhaVpqZjdFaFVHWFRnNE9KNUh6V2otdGIxekhaanRjOTNuWS03QQ?oc=5","RT","Russia","1787572980000"
"Trump says Iran ‘completely collapsing’ as US set to announce new sanctions","https://news.google.com/rss/articles/CBMiuwFBVV95cUxNbHBta0RqR2tPWTRQZXQzT25YcktqcXFBZTU0LWJzQXhRNDhOSmM0MWZCbGlFTlFlSy1VUXRzZkZQQ2NJNkU0Q3ZQZUIzcV9EQlExN0dXcDd5RzhFeGVGSnZGX2NtclZKSWtKRlFrT1dBUEpSZDg2eEM1WndfR0lXOVU4OGJEcGRNUzFoQ3Z6YXh3M1Q4Rl94aHpiTlhXN3VseEpUSE9QZEExcmNDRFR6bnVtbktSMXA5V2hJ?oc=5","The Times of Israel","Israel","1787576868000"
"US Treasury to broaden scope of sanctions on those who do business with Iran, source says","https://news.google.com/rss/articles/CBMizwFBVV95cUxPRkRNeDdOdEMxeDdkc1NSZjF2a09IN29kRG9IeDhlc1JxN2ZVTG1pZklXdmFLOS11bER3TkVFbG9yV2c0cUdrUjBwaThFbTNwRlYtc3ZIMFJqSEQwVGZRNnRaU0JrSTNBemFkRVYwVjUxa1preUoyWmpCdUJvYlQxZ0xmcUtEb0VVandQWXF2eUx2VTVDUnlTVWpEZlFQQ2FHcDVPSnFLMUx2MUpqbkxUc0hEWEM5X0lnXzhKMVF4ZC05QkZ6LTlwTk0xR2pJQms?oc=5","The Times of Israel","Israel","1787576568000"
"China, Jordan Call for Maintaining US-Iran Ceasefire","https://news.google.com/rss/articles/CBMimAFBVV95cUxNRVNpenoxMXdaRDVRQk1qZUdmNWdrUjBaUWtKRGVzb254amJQdFZfQUJPY2VlQVlJVlFqajIwc3MtWVcxc1RXUFVYMkNhNTJDWkhuTEdkZWJCWHRwN19LSlF1Q2VCVU16R3IyV2YyaVYxMGM0UTZkamJXX285LWNBYUdFaU9zNjdKcGhpRlhVZW5aM0NPRjkzOQ?oc=5","Asharq Al-Awsat","Arab","1787576419000"
"Iran’s Iraq militias are a proxy army built for war","https://news.google.com/rss/articles/CBMiV0FVX3lxTE9nR0FuNkpIeHEwMHdySllvNjJlSjNfZl80S3lGYmY3Q2xvUTNWbWpWR1RHaWkybktlblBwMk9lUzBJMmhMYVFPemJtNm5YeEhYdl9Bek1uUQ?oc=5","The Jerusalem Post","Israel","1787576400000"
"CDF Munir visiting Iran as bilateral ties in strongest stages: Baqaei","https://news.google.com/rss/articles/CBMipAFBVV95cUxOQmZIVmc4bWQtV1NoaDJ6OXhtTzZZTmdESW5YQy1Jc00zR3AyclN3c2t0UEx6cjZPZ3hnUGU3Qkl4Y2g1WGE0bnFjb3Z5VDhnZ2ZhbDFCeUlpXzhPSGF0a0Z1RVBNd0Izbk92RVFjRzRxbjhtaWhWaVFNaThIWExjUzdZYkdHOThoS1JTZkhQUnhaa2tfSU9Vb3ZZUzJ2RW42Mm1tNQ?oc=5","Dawn","Pakistan","1787575519000"
"U.S. TREASURY EXPECTED TO ANNOUNCE IT WILL BROADEN SCOPE OF SECONDARY SANCTIONS ON COUNTRIES, ENTITIES DOING BUSINESS WITH IRAN - REPORTS","https://news.google.com/rss/articles/CBMibkFVX3lxTFA3eE5DcUJNWXRBN0lfdEFLcElrZ1Z1Z1NMdTAydkc5eUdyUklwUmNBOW0xbzFTVlhNeWNGVGRJUF9PbGVTOGUyTzd3dkpTekh1ZVNYUGkwTnlxV1loZmd0U3o1ME4tN2p6OGpvRHVn?oc=5","CGTN","China","1787574800000"
"Can Iran survive Trump's new sanctions?","https://news.google.com/rss/articles/CBMif0FVX3lxTE1MTk9lSXJvYzFESWRfMDVBYi1SR3o2bHVDZ3FTM0dsWFFqMW9kekhMeW5JWXM5azluTmdTNUFvMDZ0QkZob1N4Z292V0p0ZW1qTTR2LXJVNmdVejh4SHZLRjV4dmtzdTdmTDdERU1BM3pMZFJvSnJVNDZ0TVJkaU0?oc=5","DW","Europe","1787579749000"
"Stocks Fall at Open, Bessent's Economic D-Day for Iran, More","https://news.google.com/rss/articles/CBMiqgFBVV95cUxNVExrV1p4WmMwemZWbEVjWHhSZlEtVlZQdUJUaEJ2QkZaNTRmaktLUmZPNEQyYXVlREN0ODV4WGhoMUZnVnFNaExCYWtqa0dFYmNvc0NrZmNnODhpdTQyZkpiXzlEd3pNSXI0ZWZET0t4bUxyeURwSzBmeGVXNklSbFhhbjJQQl9kaHUzajBfTWFMalJoanVlSlVFY3lkT0tPd1Z6c1dSRkczZw?oc=5","Bloomberg","Global","1787578837000"
"Trump claims Iran 'collapsing' as US threatens 'economic D-Day'","https://news.google.com/rss/articles/CBMiqgFBVV95cUxPV2pnaUNGcjUxc3RtaWotbmNtUGFBUkJ2Z2RYZUZkVG9Rei1YdUVjU2J2Tk1mTzBPRVdqSUZnaE93ZzRxcEtuYjdmVGxNekNIOUFNVnJuX3h6RGdfRmMwaGpzYTNwVlh4aExrZHpNU0ctR3oyaVQ4Q3N6SXVFS1NjYnVUdXBzd3dvUGhCRVJWeVB0dnAyREFiNzhCV2FoNVBKSG9uR1pWMlVxZw?oc=5","France 24","Europe","1787578030000"
"What could new US sanctions on Iran entail?","https://news.google.com/rss/articles/CBMiekFVX3lxTE9NZ0FyV19NNHo0RTN4V3pwOF9NbnI4dXVTZFZpMmFwSC1Ga0l4ekdJeER4ZVR0LWp5REgzZTJucmN2U3FDNHFsSlhuV3lUS0hmTmtFSm52dERMWFJxX3ozcUlXV2Y5WklvcDR1SWtrcHA4ZjRzRXVpOXhn?oc=5","France 24","Europe","1787577207000"
"Iranian spokesperson warns of 'consequences' for cooperating with the US: state media","https://news.google.com/rss/articles/CBMitwFBVV95cUxNY29aNkVJdTZJQ3hjMHR1bjdtcFFoQTZCWHJjOXRHZy1zQzhKZjNxUzVYZkhxTnpDVEEyekgyVjJMcGNDbEJhZnlRd2RtaURwUEpIak9vMm0xR1FnOHdjS3NxOVV6ajhWSU4tWmlHRHdLRDJDWjF4TGxsV2dUeEF5UEF1c1Q1c0F4VmpQVEVWcm8wSjJjUzJIUC00Z0JuVWtWOEFTMVZoN1hZQVpwNzEycG1NemxfS0U?oc=5","Dawn","Pakistan","1787578171000"
"Iran war live - Al Jazeera","https://news.google.com/rss/articles/CBMizwFBVV95cUxNQmw3WVFyeE5kbDNxc19XQTBPQ29pMTNPTFRQWTJCdV9fV09mcURITy1LaXd6aDJCQmhjdVREb1FvaUtHQTJ2dWhKTVZQTk9hUjF3dHRtVEZtdEdyLUpKM2VrZFMxcWV5bDJNTzByTnpRcENJVHVPUzAwd1VIc0RsaE1uNlNKR1dQWkMtVi1JSllkcHZ3dEpqZzY5NklsVkNsTEs1VmlDeW55UE5QbEpSZE5zMVkzZVBUT2h3bnNCbXNYaUVtTklWWnp1bzFXelU?oc=5","Al Jazeera","Arab","1787577354000"
"Bessent to unveil ‘economic D-Day’ sanctions against Iran","https://news.google.com/rss/articles/CBMipwFBVV95cUxOcFhKYWdzQ1RSVzB5dEs3NDRxTmZ6MzBPZXpidVhlSmp1YXEyUXhXa1Q4bEZTRC1NTE90VmxfT05ZMFZUXzlrNHA1Q0xsQmQ1NFUxWUNmdE8xUGI4UEZIbUM1VzJxenp6a3RJU09RY1dQRmtlb2VjTXZqMDdCOFg5X2w1S1JQdGVoRTJ6dDFxcW5QSWs0LTBBRlk3aW51Z24tall0SzhqYw?oc=5","The Washington Post","US","1787580227000"
"Iran broadcasts sickening video claiming Barron Trump is 'fully monitored,' places $10M bounty on his head","https://news.google.com/rss/articles/CBMi2AFBVV95cUxOUllNUUtGTlY4V0NCak9yNHQ5ZDNRLTJhWi15SDNSS3NQcnBpdEduM3B5N3dCVXdMWm1YRXZPc1J3a1NaN1RVS2VybmVlM29sQ2llaFVzWjhtdU03cVp2S3R2dXM0WUdXWF93YzBSTkJDZ1p3ZzRwWFFVYk5fRUE0V1RlRlVJNU9fa1RfWkxhU0dhYzNha01kcmtrSzhQdFhEc2ExX3BmUHZVSmRocTNDUjdLWThrbldCeWRkb2xObk5jeXU2cUI0MDBXeEVTbjlqSjY1QlJaVjI?oc=5","New York Post","US","1787579463000"
"Iran’s parliament slams Trump for distorting Qalibaf’s remarks to conceal military defeat","https://news.google.com/rss/articles/CBMi6AFBVV95cUxQak1wNmpPQ01fZFh3anpseExKOG1VZHFLVmpPMHY2SEpjZGpDTkVEeXJpbktKbjlXb1A1WWh1LVhWTmRLaU1HNHZMWWY3ODVQUXJNTmZoUzhCN2VSUXVQN3RoR0pSdlFhZ3lsMUg1NTlQWURlRnlGRWFlaUlocVZzOXRNZUJuV09BRmo2V3pDZEpEb2czU2s4WGRtWjJyS1pzQV82WXA0allnT29zcElESTk4MUk1eVJiZVVwTUpxZWV6OHU0MDNUNGpidWoxd2RxYlI5QmJjZnZkT2tXYUg2QXVCY1cwUXNs?oc=5","Press TV","Iran","1787581500000"
"IRGC: Iran’s missile capability remains intact, production continues","https://news.google.com/rss/articles/CBMiggFBVV95cUxQZ3I0YjJ2LTNsUWtjLVNXeVNxdHNWdzhiNkVTV2o4ZDdWRWNmcW1FRTlhYUE0WURpckY2eG1hbGY5cHhQQTJVSWNXX0lyR3VJUzZ1b0FEUzYwZDNDdHNfMWotSzhqbE1DYTNuRG9CY2w4anVBTkpXSlpWOWFrVXpuRUl3?oc=5","Press TV","Iran","1787580960000"
"Trump says Iran ‘collapsing’ as US threatens ‘economic D-Day’","https://news.google.com/rss/articles/CBMitgFBVV95cUxPS0MzY0R2NXNQZDdfLUMtOEVPaHZDZDJRX0FjV21uRTBCRWpPYWhSRU1XRmlqV1JLTUVMdEVEUFN6ZGRuWVJIRmpkVlJiUzFTemlKNXR2NUdwWG00VUtndVNlbnE3WDdTYlFGMmsxOWtkWHZXYWxqaEMzWUNacXF3SmhUdmRrX19jZy1MSTdkdFlNRzdUczQ0c3hyZnhZYWpCNnRmdEM3X0FBMTFWeTFyNWJoOTZDUdIBuwFBVV95cUxQMS1GQUFzMTE2SUw5YmN4Y29MTXRMREduRW16czlwUHp4NWk0aEpmOUlNUUttbWtNOEljSlQ3TjRlSE53WUlKMVhpMW9vU1hHLUdHRXZzMVkzUk1DZV80dTI5MHJvM1JydkZtQlIzTHlvLVBxR19TV2wzS3ZicWtVQ2hKeEFBQi1fcUlPTkg1ek5GakljcXRsbFZyaDI2cU9mN29NMjEyR0pscE51dkxMWlZWWmpzT0xzSm9R?oc=5","Al Arabiya","Arab","1787580540000"
"US-Iran Conflict: Iranians brace for more economic stress as US threatens more sanctions","https://news.google.com/rss/articles/CBMieEFVX3lxTE84NDlYd1BuSDZGQ3hyVjVjQTFJblNtSmxScGdpb08zSWgtMklCclBPQUNDMWFaTGd1dUd3Q2tGNXgwa1Axb0tpakotN0FhM3NfX2dZVTZTRVc4NWt6SncyeFV4cGdKRmtnTXNyNGR5Yml5cEFOVTlMVg?oc=5","CGTN","China","1787580390000"
"Looming US sanctions on Iran put China oil buying in spotlight","https://news.google.com/rss/articles/CBMinAFBVV95cUxPa1ZkeUVEa1FIdEZFUmxGaGZNaEpvTE12Z1dvV3dva1F5YzdQbDZPZ29OR3M5ZGQydW8zZklLc2FHcThfQlZYZHBVYkZLcDhwMmc1SkJVT05FRFNwMmRmVlk5cmQ2SkpKc21BZ3JxNEpCU21Mb015bU5IVy1Pb1NfSkM3R29kcEsyZ01YQ2p1cjFkOEtYc2pWeVVVNmvSAU5BVV95cUxNU1FsdURRNWVFUkJCQldiUUtHbkVHQVRGVUZwNnU2WGdDYndMcjFTWEdZcFFYcEpmMDhuZXF1N0JrQzhkYm1YOVpvdUptekE?oc=5","Dawn","Pakistan","1787580095000"
"Iran’s biggest trade partners could face new US sanctions pressure","https://news.google.com/rss/articles/CBMiwgFBVV95cUxOMy1tUUVua21nZUhxdnhJcGRSR0h2TE1CU3JnZmVyLUVfeHl0ckZIbFlLZzhPTkF6bUlaOF95Wi1pSFRNU2JLT0RLb01mT0pqaG41SFZ6RWswUFNqTU5RelJfS2tTeTFhclg1YU9Md2JJZVBfRHltcm1Ub090Q1A4VlEtV1lWdjNSMkVxaDNDaWo3LXpqNFdUbzVqTUlBeUZPc1JYdnJTdEdGNlhDclQyNm42Yl8xaWw1TUlsOTZaMmZpZ9IBxwFBVV95cUxQRFU0U096RXBCMTAxdTVzT0V4YWRxb3QtblZzS3J3N19JMmh0d0JTUnc4TGNsTTVmaHVYS0cwWjZoZU42bmdBWHFXdHZZeDZhbm9ySXBlZWVPVDZ1MWU1YlZ3RkEyV0xxVWI3cmpfcWtDbDNIRnNBa29rMTlRZUdoRzZkOGZ1V3BDOVFpRTlFaW02bm5nbUlPWjdNMmFvQXR6REJENVdVeXNkb3I5N2pTVTBTRVJjTmM1ZFRDYkdGRzh1NHRYUDlR?oc=5","Al Arabiya","Arab","1787579400000"
"Can Iran survive Trump's new sanctions?","https://news.google.com/rss/articles/CBMigAFBVV95cUxOVGt0SEtsaVFMUzhOVzQwZnN2MDZMcDRHZUtkZE9SVlVKazVKZE9jdGwxa3JfTm5xZWhwUjR6Q3RHYzFqcDdrOWhCeTZXbE1XQzh2cXU2TzhYU1FUcWpVX3c5LVlXb3dTWHg3QVp1Nk9WWkxzaVo3cGtVQXlNTWJfWA?oc=5","DW","Europe","1787580434000"
"Iran protest victim: 'They were shooting to kill'","https://news.google.com/rss/articles/CBMihgFBVV95cUxPemp4bFM3YU8yQU5FaEJvYi1FUG1jclAtV0R3VjJFYzg1aUJManFnVHlvcjBxeTBZeVZxNVByTldsLVh3aE9rWFh6NFBKVlNGODB1VnpYSDJORV96MWlnUndwMk1iaDZ0c3A1N0FkQjJZbGh2ZlJZTm9tenlhMVNHYmpQQUl2QdIBhgFBVV95cUxPNnhITEFEaVlWaGVIWDF1dGZwdnVBOUhyODU5eFg1cG42SThpa2NjeEVWM1hyWGhrN294ZHNkTVV1Q18wU2UxNGNEQmU4LUZVRndNREFEVndMOWxpbFppdG04YkN2TnBxUlo2bWozbW5wUEF0ODhzUTVCdDk3WGhRbFJhaDFyZw?oc=5","DW","Europe","1787578979000"
"Iran claims there is a $10 million bounty on Barron Trump","https://news.google.com/rss/articles/CBMipwFBVV95cUxNWktHRWVrT2dTY191ZzlLZVBmdnZqTmNVOWRRb05jX09IbkRicEgxcldfbmh3YWVJUjlUSFFNY3M5TjZrbkNhME5OOXB2RldFeWNnVDQ3R19iLTRCWTQteFNqaXRKYW9RcUFKWHFrcEdBamRmdGRzZmV2cThFMFRMOTF2NENTRlhUSGRwRkxDTnFRSnpubnJ2ejd2cHVralZXLUdZYVFlTQ?oc=5","The Independent","UK","1787582160000"
"U.S. to Unveil Broader Campaign to Cripple Iran’s Economy","https://news.google.com/rss/articles/CBMikwFBVV95cUxOakdJdUtkc0szdWhNeW1MUE5BQWNzT0RoVE9EdjlhUGtieFVVS1VIQmpkbmtMeVVBU1IxSTFMME1YSmg0dHVrdmxUS000QnF6bDVRaXlnV0JEbTlhOEg0VzhUY1hsaUwxajk5MVBxSklGMVF0QU1aT0RheFNjeTlNZVBYNmtWVmlFWEJCR3N3U1dhRTQ?oc=5","The New York Times","US","1787581051000"
"Iran’s rial currency hits new record low ahead of US sanction announcement","https://news.google.com/rss/articles/CBMingFBVV95cUxPU3kzb2NRSTYxSnA5X3pjNzlsblpSc3RzMUgzV0dCcS1NYmJUNGxNRkZRTmVrWFNEMlE0TGhtOHFYVzNjMkZHVy1nQzNUYmYyUjBhY1lIOFNOUGVjWUZMZkxDNmlFaDVxZ0daSDI5b09nV2VsWHJGbzR5TXFTR2NmZU8zbVFJOTlkTV9Ycl90aUI1bzFyNlFqM1Jjd3ZkZw?oc=5","The Independent","UK","1787580600000"
"Iran Pledges to Defy Trump’s Escalating Sanctions","https://news.google.com/rss/articles/CBMikgFBVV95cUxPU0pia2hzak1iekswTmZ5QnVwV0F4bHB3blluSkozY1ZXMU5NUFFySFg4bE4xUHdwZFBKSE9sZnpIUmxzXzc5RmJUSV9ZMWt5Ni0taTRjSmJWSU1Gd2VteHpTSTFMZmw2YzhkRXU0cWI4Z1RyRi1RM3JfU0VEaXlhU2xFXzJDY2lRbjliN240NXY3Zw?oc=5","The New York Times","US","1787580250000"
"Iran says not to let war end based on ""aggressive"" parties' conditions","https://news.google.com/rss/articles/CBMifEFVX3lxTE1BMmZMWlY4OWQxcWFiZ3pHZnFsVHBNbDhSRVkweWFEM3V6RGQwb2s0SDltR0Fpa08tQldoaThpa1lXamZQRlhNYkgwMWgzaWo3UE8tc1VUOU1EXzZ5NWhmaEtJSE82VEtuaTdYSkJ6VnNwX0hseHBiSkpfVVc?oc=5","Xinhua","China","1787583315000"
"IRGC: Economic war main battlefield in confrontation with enemies","https://news.google.com/rss/articles/CBMif0FVX3lxTFB2b0xRS1R1UFhod0RDRUxOak5KM3FYQVFvY0NBNi04UV90YmJZZFdnSmU0NUxSQVNDSHN1ZnowMWR2dGVUczQ5OV96R0tlMGp1QWRNdC1QVnlCRU5oRzdFTUpveklGVUUtRWJTU3hOT0NNcFQ3S3ZfXzJFZkNYQ2c?oc=5","Press TV","Iran","1787582460000"
"Trump says Iran ‘collapsing’ as US threatens ‘economic D-Day’","https://news.google.com/rss/articles/CBMiuwFBVV95cUxQMS1GQUFzMTE2SUw5YmN4Y29MTXRMREduRW16czlwUHp4NWk0aEpmOUlNUUttbWtNOEljSlQ3TjRlSE53WUlKMVhpMW9vU1hHLUdHRXZzMVkzUk1DZV80dTI5MHJvM1JydkZtQlIzTHlvLVBxR19TV2wzS3ZicWtVQ2hKeEFBQi1fcUlPTkg1ek5GakljcXRsbFZyaDI2cU9mN29NMjEyR0pscE51dkxMWlZWWmpzT0xzSm9R0gG7AUFVX3lxTFAxLUZBQXMxMTZJTDliY3hjb0xNdExER25FbXpzOXBQeng1aTRoSmY5SU1RS21ta004SWNKVDdONGVITndZSUoxWGkxb29TWEctR0dFdnMxWTNSTUNlXzR1Mjkwcm8zUnJ2Rm1CUjNMeW8tUHFHX1NXbDNLdmJxa1VDaEp4QUFCLV9xSU9OSDV6TkZqSWNxdGxsVnJoMjZxT2Y3b00yMTJHSmxwTnV2TExaVlZaanNPTHNKb1E?oc=5","Al Arabiya","Arab","1787580540000"
"Shipping Oil Through Hormuz Costs $20 Million, Total CEO Says","https://news.google.com/rss/articles/CBMiygFBVV95cUxQT29kZHA0QmR5ZUp3alM3YXZqckJZZ3JXVUd6NlFJUjJOTHhmS203U3hSYm45RzU4S3VVY1RZNjBKeUVoeE1JU21Gd3JIck1kZjFhUk5ZbFM2eEIyVjBYWmx0OFkxdDAzM0xLV3V4VHgtZmxvR2gxYko4LVVOOWd2allFaE9teHRrNWtjbXdUSkFYc3hXYlRjVUEyWDhIOTg1bFVRU2tOSXp6ZndUTUNPWTJ2WkR5RHV3TFlCSUJ1dm9zQ29wa2xfNDFn?oc=5","Bloomberg","Global","1787581993000"
"WATCH LIVE: Sec Bessent holds press conference to announce new economic sanctions targeting Iran","https://news.google.com/rss/articles/CBMiVkFVX3lxTFBJUzVvdVRjYWlIU3dIMnNNWk82Q0NvTU1rblIxNVowTU9wREpyM0lSRndRSy1ETWNCbldhVTItSThzMkpNOXlIUC1qVG9WUHNvWElnUXJ3?oc=5","Fox News","US","1787584233000"
"US announces 'Economic D-Day' against Iran","https://news.google.com/rss/articles/CBMiVkFVX3lxTE1lSlVSY1Y0UHMxQlU0dzUzcWk0a3JhdTVMYW1JZFFWZmU4eE1lNmtGNUdRc2dkYkJQb0lHQ1VKX2dFckkySnF0RlN4ZEdCUENTWklGLVB3?oc=5","Fox News","US","1787584123000"
"Iran to face ‘toughest sanctions in history’ – what we know","https://news.google.com/rss/articles/CBMilwFBVV95cUxPd21QWEMycmVvRjhVNWQ2dl9rUnYxRFkzQmR0Sjl1bUtua3hiQVNvdmVXTG1Jd092cEg1cEMwYjJSTE5qZE53Y0g1VjRmY1Jqbkg3dWZUTk1CX19MN1dZRUdMZk5IYThDUXphSk9Laks1cVM5WkpQcWd3ZFh6dVd2dTF4eENaV0NmMHhsd1BlR2VnaFg2YWE4?oc=5","The Independent","UK","1787583840000"
"Oil Futures Rise as Hormuz Shipping Remains Constrained","https://news.google.com/rss/articles/CBMiuwFBVV95cUxORkF6SjN6Wlp2enZxcjVZRUZEWnUtZVJ4NmYxNUFyQ0taT0loOUJSVVkwZzJ5UUZZOUM3Rm9DWmxDQTN6d1hTOTVpU19DbWRHYUVEWWxDUldaeVVJUktoN25JeGVMVWRPeUNESUF5LTVTWFV0bjBoSWF4MWxuQU55c3lVcW5xa20xLXI1aUdxdlpWRExQbFdUbEp2SndtMkRCbW9qdDZLeHJQMTd5aENBR0ViYlVhdUt4MVhN?oc=5","The Wall Street Journal","US","1787583580000"
"China sweeps Iran to reach Asian Women's Volleyball Championship quarterfinals","https://news.google.com/rss/articles/CBMifEFVX3lxTE1ncHZja3FCUUZfdjRRRVV6UjhWekpsU3dnOTU5YjAwWVVFM05INXN3ZDEzYzNKWElFcTBCNDVvbFBjNndGOXhLZzlyLXB4NDY5aHdoazktS0xVdERFajhYdkdPQkRTMmV5Z0F3NTdmc2VDN1V2UFI5dGR0elA?oc=5","Xinhua","China","1787585460000"
"Trump Threatens 50% Tariffs on Canada Autos, New Iran Sanctions","https://news.google.com/rss/articles/CBMirgFBVV95cUxPOW1aWTU3UU9WTjFzdmFRMVpBTTAta0ZVT2dSSmMwVFhjQkFGYy1HclBSajNjYWpyV0hFX1RLOTM1bWFjOVo2ci1Ha3lEc09ETXRyUUI3YU5RYWpLNDZGVEptbXg0aWtWR0haZmE1MkdodDFjSmNIN1doMUJvek1EWl9KTnZicUJTM1FETzJMM0Nub3hPQVIxUlVoSW1SZ3M3c0F4LWNSLTdzOGVPR3c?oc=5","Bloomberg","Global","1787585758000"
"Iran Fuel Shortages Spark Lines at Pumps as US Pressure Bites","https://news.google.com/rss/articles/CBMisgFBVV95cUxNMThUa3NGUkZSajdaaFR5UnRXVElQcEJoeG9FSE9qcEtFdi1VXzVmSjRYbGRCSHVaWDVCM0ZjXzQ0VU9hTUJnU3pKZFlIU0JlUmFibUdaMzc2SHppY2puVjQ4Skc0S1RhWnlqVmVVSldJU3g1ZDg1aFF1LThNckZUcXBHWUNYM1RDNE5oNU9YQXhRWllVZEpNMktzdkd0MGZRSjQtaTh2YUJOUUloVWVKLTNn?oc=5","Bloomberg","Global","1787585618000"
"US warns Iran of ""the single greatest financial offensive ever""","https://news.google.com/rss/articles/CBMiUEFVX3lxTE1RSVpLWEVsWnJWallfbDY5d01JX3hUWFprYkNrNlQ3ZFAzOVBRTmJPSm5YZ2l4eENpZEFLTVRGOEx6cEc4cGwzTFpGMkF4cTZD?oc=5","BBC","Global","1787585420000"
"Trump to unleash ‘Economic D Day’ on Iran as blockade bites","https://news.google.com/rss/articles/CBMiigFBVV95cUxPV2hDSVhMaHY1cUJYODEyNXBYeEJNWnJqVVhwc1BoQlliQVhDR0M5c1pwWDhQVWZwcm9jcUtUZEV0RzdteW9QU29mdk5fdEhrWnhqaUNKMXk0VWtwWlVuRUE4UEZPb1R0bzFTcnhOVWppMnROQlZTYndheUtwV2RoejM3OEFhN3BDUFE?oc=5","The Telegraph","UK","1787586600000"
"US 'entering the endgame' with Iran as economy targeted","https://news.google.com/rss/articles/CBMiVkFVX3lxTE5QYXZZblZiSFN5RkxGY2tFcGdYZGtMVDRFbmpGNnotcXBiVHgtS1BjMktUdERYNkdIRWQ2QkdjVE9QZFEwcWE5a212Z0FYbmJfLXpnR1NR?oc=5","Fox News","US","1787585389000"
"$10 million bounty placed on Trump’s son, Iran claims","https://news.google.com/rss/articles/CBMijwFBVV95cUxOR2FIdEd4d2JkVlBNTGF6c0QtbTlOSUQ5MUJPNjNFd0NzUGtYeWNSY1Rtd3ZJRVYtcGY2cGlUb3JzQ1BNRjI3LUFDa2lEXzZORC1rSFNMTkVsWHk1Tm4wcWN3cEFwOGl0Tk9BYVcwcHhFNmNrVTBWLTNVZ1VhV0tIbjR6VFpKYnBjNTA2YmdJcw?oc=5","The Independent","UK","1787584800000"
"Allegiance to Khamenei: A step toward consolidating the new leader’s legitimacy","https://news.google.com/rss/articles/CBMiV0FVX3lxTE1WNlV2dEY1RngyOC16c3hFRmhuRGJ6MEVnckE5a2Fiekt3ZVZNTlpwX19US3N5MTY4eW5YRThMVi12bWg1cGxxSkJrNU9kc2hwbEpqWWtMVQ?oc=5","The Jerusalem Post","Israel","1787587200000"
"Indian exports to Iran to further drop","https://news.google.com/rss/articles/CBMiX0FVX3lxTE8wTnloeEpqVmNuQkM0YVNHcng1ZWJPbkwtblp5cVdRa0gxSE9lWmZWUjZuYnhfbmRxc3Nteko5M3VNc3UxdjRBbDg4NjFZUmotb2FjVFB2VTNMY1FDNXJJ?oc=5","The Jerusalem Post","Israel","1787587034000"
"Trump Says Iran 'Collapsing' Ahead of Sanctions Announcement","https://news.google.com/rss/articles/CBMinAFBVV95cUxOTml0dXhreHp1M2xPcVpuc25mOEg5bnRLdVhvdG1lNzl0NjQzaDhZNHJOYW9BNVZBaDI0NkU0dXdCeWJjVDJtMGxWZ1UzUmdHQ2cteWZXQld0SkI5QVBmNTJnM0FPNEtjMjdkdFRBamQ2SEUwaWJlUGlZbVdUTG9ZM0MwamFvMzFmMGtkQkpzMTlVMUY3bzBlVkYtcUc?oc=5","Asharq Al-Awsat","Arab","1787585843000"
"Iran threatens 45 tankers with fines, confiscation in Hormuz escalation","https://news.google.com/rss/articles/CBMiqwFBVV95cUxPV2ZYVk5mQ2x4UWJsdGVCUkc1X2wwbGlyaGdZd0xCdmVXRFhvNGc4NnVMM3FSUVd3QjkybFMycFBKNjlCNVZodjJGNjhvTU4taDhuRUNBN2k5d3RjSEV3cE5tNk54Y0Z4UXNTNnpYS19rckxCWmNYMzF1OTd6RnZ5RElLSXZEdDFuaXczMTgtcHNDMUhSQnh4TzBpakNBUzlPLUpoaHFBUHR4N0HSAbMBQVVfeXFMTks5QkQ4SmxXNTBKV1ZoWjF2WmV3ckY1NkhCTjJfSDJCZDZhbnFDNVQ4MF9QUlZ1OVpydzhNbGFHaDhucno1RW9LeEtVc1NwR0NuLWU0aURJMUtudXp1MDFuVU0yeUMwLUU0aUdSOGhLU0U2cjlGZmo5c2tMazNRZVVsbzVwSjU3MFJqVEVBQmpZTVI2YnhnVlNtdk9kOGVrX0NvS2ZZNkYwODRRR05uZDluaFE?oc=5","The Express Tribune","Pakistan","1787585625000"
"Pakistan army chief arrives in Tehran to hold talks on US ‘economic D-Day’","https://news.google.com/rss/articles/CBMiXkFVX3lxTE9EdUh3M0pOaVFpTnNqN0RrdXRBbmJIbXB4YjBrdVg5em5XNzVObFJLN01MaURSeTdYSHNUX3c5Q1UzNXhWbDFURjUtUFNEWWtJM1NyU0JDRTJDLTluVkE?oc=5","Arab News","Arab","1787585105000"
"Iran’s Currency Plunge Continues Ahead of `Crushing’ US Economic Measures","https://news.google.com/rss/articles/CBMiwwFBVV95cUxPSFdWb2NjTDdDU0tPa2VzUG5lUlc0UUtTenI5S1JnRWJaTGc1LVZnbi10Wmp4bDI1WDFjWVFtTW92bTE2T2ZOd0E3ZUNBcDJzZ005MGV1dUUwRWhDQkloVnpReDRjUFhKVnNhbHE3YzVLdllZc09rZ3NaQ2l2bGRoMmxFencyMWtmY2F5aEJHVUVfV2RZcE1oWHhXUE5ObzhVczcxWFlLQU5ZOVRDVlVFRGc4eTdSMm04dDRoZUFNUmt0ZU0?oc=5","Bloomberg","Global","1787587201000"
"What are Iran's options to escalate further in face of US economic threats?","https://news.google.com/rss/articles/CBMiugFBVV95cUxOUGFGMTVQeVJDUktZSTktQ3J4a290eEU1SWxLYk1pZEdjWENHYUtBUkt2dVA2MDBpbmwydUpoYi1xbWcxQzg3QTRDdXlvQ3hTUkZxWk11RlFzTjNncmszdWtEZTgyaS1jTXdVc0pjVF9pSDFZYkhOYXVYZndWWTd2endMTThjcVBuMjQzVDhVU3U0VFlFZ2REVmtIcS1PMUZ2ZzhKZkY1dnY2T2RyUEwxRDNvcW9ZdVZLRkE?oc=5","Reuters","Global","1787586979000"
"Iran-linked hackers blamed for UK power plant cyberattack","https://news.google.com/rss/articles/CBMiVkFVX3lxTE9vNmlFTDd3VEVkdkV1QjJpNFAyMVdmUjh1aUtWV3RVRmhPWlk2X0dBWXBIZFRkbUY0TUFhZ09XeUlFWVZJNjBaQkFJaVN6cUo2TzNMUDRn?oc=5","Fox News","US","1787588046000"
"Iran blacklists 45 tankers in Strait of Hormuz, threatens to fine and confiscate cargo","https://news.google.com/rss/articles/CBMiwAFBVV95cUxQOHR3d0NBQkt0UTdHY2t2VmszOWZNbk15MWc2Zk93ZTFjV2M2WGt0c2ZBTk56QnBQMDFZd19EVTJiN245cTdfUmhKMkFMZi1ldUV4S0tsd1kxM3BRUEFqSTFDcm5zbFQyUnBGdXI4eTljai1uTjZFNDNHZlFwd19wQXMtRlhqMHJWWVFsU09jZzR1ZVMzZmJBY3FSTjByNGE1V3BGLUJIbW9ad0xMVkFuZHkwa25pNVRkMEVIZG1SY0g?oc=5","New York Post","US","1787587980000"
"Iran’s ‘Economic D-Day', Fire Evacs, WNBA Disruption and More","https://news.google.com/rss/articles/CBMikwFBVV95cUxQeFp5ZU8tdzhmQzZWT1dEWF82S2YySG1neWc1NFA2NUVzOFVEUG12Q0ZnQk15NzYxTTd1bWxaWGxSZG0xV0k0a3B6aG0xQUIyYnlQdDZwMi1ZMTlLc055SUQxTUpYSDlsMmlsdzExMWZIU0U0VFUtdmFjNG9LWDVaVUxvc3VQbHZtdWFVVmJFRmFEUFk?oc=5","CNN","US","1787587731000"
"Iranian court orders U.S. oil sale proceeds to compensate sanctions-hit EB patients","https://news.google.com/rss/articles/CBMifEFVX3lxTFBIQ2ZLc2pPcEY4SEtEYkpjdjI5LXh3cW81WUE5S0NTcmNBMnV2ekRTNk5GQm42VGNzNS1jUWJsZU5nSUkwVVV1dWxIbmptVXNhRnZQNVpZTk9DSURnNk0wSG03QzI4ZmM2cUU0cWJzakFXUWVJXzU5V0ZUbmM?oc=5","Xinhua","China","1787588760000"
"Leader’s advisor calls on US to learn from its ‘strategic defeat’ against Iran","https://news.google.com/rss/articles/CBMikgFBVV95cUxQbXZ4c29CcmllcFhoU3pYaW1RUHpWQ1VNc01ZVUNUNko5eFcxZlR3bkNtclUtQndsaVFtUFBFRDdMY3dPcUdUVHVUdVZCN1g2ZjJxMmlKRHdzcUlrMmYyTzRKUEI3bHpJYWl2Qi10a2FyZ3Faa3ZjSldvaU51TW96eDhuVzRHTmFyN1E2ZU9rTGJidw?oc=5","Press TV","Iran","1787588460000"
"CDF Munir vows continued efforts by Pakistan to stabilise region in meeting with Iran's Ghalibaf: state media","https://news.google.com/rss/articles/CBMi2AFBVV95cUxPSjlxNnJtSTRhclF0TXF1OFZnTjdnUU52bm5sUzdqOHcxZ2l1XzJBMlRTanVIWFVUVmlsdmtrWldoZnR3QjBBS2xBTUU2UjFkYU94MXpXSzhkQl84X2RzM25YdF95YVlMRkhPcWx6a2JCcWZqNDg0R3JpUlk4c3lpZ1QzMWNRSDJLdUhTREhzdEoxOHd6YjZ1cjZMWTFJYUtBNEotNkNpSUFOemY5V0htMXltWmo1azRtMzNUTm44T2R0bDZMRHNRWUxsWlJHb0NKQWJvV21IaXU?oc=5","Dawn","Pakistan","1787588202000"
"What to expect as Iran braces for new US economic measures amid war","https://news.google.com/rss/articles/CBMisAFBVV95cUxPcUkxTW1ndzRNM3NBTTNJZ3ZhQnpRNEM3bmJEUC0tVzFXUDlxSFBRdWJkZEdmUXpmTHZiZFgwNFJwRWloSnBmWjI2anhXS3ExdzBZT3ZySzNUWkxYNUlDeXRVUFNDVFczS3A1WE9kWE1UMjhSbEhpTVNycUswTWc5VUx2TnBjYWkzZmNhOXRXUFljaG1FQU9ZZ1NzazRmekhpbXU1blNqNnlSbl9FdHNwetIBtgFBVV95cUxOSndqTURrSXFacTdzOHo4cU0zUXlzTGs3SlZFTEpLX2phNEpGZUVqd1lldjhlYVpvelBnVU9NcmRPOTFENE81SVl6a2syZE5yMjkxY2tWVmw4ektlTk1Xb3ExV243dFdPMlh4SHR6d014VWJTNmVFM20tdHQtSDB5b3lxcUZYT29EQ1NoTGZteDVjaHRRTW5NODVvOXo0eUMtOGFsN1czTklNLWFoWHIyYkFMWl9Xdw?oc=5","Al Jazeera","Arab","1787587561000"
"Iran tried to assassinate one of my sons,' Netanyahu reveals","https://news.google.com/rss/articles/CBMiXEFVX3lxTFBDNXJNdTdIQ3FDNXlWRUcyUzA5cm1qOFJ3b09UaTJ6cWlXLTdtMXl5b3hNa2pBMUdqS2hoX1dNZUZKWlg3LWRydkxDc3BKV2s0cTlLaVpQU0dYVFp3?oc=5","The Jerusalem Post","Israel","1787590447000"
"Pakistan's Army Chief Set to Meet People Close to Khamenei During Tehran Visit, Source Says","https://news.google.com/rss/articles/CBMiiAJBVV95cUxOSUJlWG1GOUdxenlhQkxHYzFqcTZYa0l3aThVbjU1SlFOMXV6SVFaQXBFNFBsYUFmNGNxS1Zqakw0ZGQ4SFFCMDRHVXo3TFZoRHdpSjZmbmd4cTB4YUZ5SDBDLU43MW5wNG9wX0VxajhSWmRDMzhFOTF4aDNvSmlJVTBycnVxZ3JpUFAwSlJkRXNqcnJ5X0JGb3ZWNS1xQjBYdG1kbDZtYzBsRzNOVTJVVmdrem51X0w5bFFqVzNUeEw1a1hzN2dXR3d1OXRvb1pVUFhtUmdBckNWQkNSeW1UbU03REQyaTVRMXYzSHN6MDlQczF4NUNaMm9HMlVZVW41b0hjczlmSmE?oc=5","Haaretz","Israel","1787590440000"
"What are Iran’s options to escalate further in face of US economic threats?","https://news.google.com/rss/articles/CBMizAFBVV95cUxOVkpnSllmTDFqWmRtMXNDb2NNNGhpZzk4d0tId2UtY0FrMlhkQUFZZ3doc1lOV1M2bzBLQ0pqajk2N21mRUg4YVJCWTJGdDB3WmxNcEkyOG13TEVHTXE5M1pPMEIyYjhMQ2ltb1plU05RR0dNSDZDVVYzSzVydzZJNFpBb016SVM0MFg1d0RBWF8tSm5ieFAzMWxqa3I1bWhYXzY3aG5hRWkxb3pQdnlLUXU2cWhFSkltdWxrZmhXNHdlOGkxS2F2SGFFWDbSAdIBQVVfeXFMTzJoZUs5a2lfaFNWZnVETldUWm5VLUs3TlloSGhiSTg4N1d6d3VTS1l5Z2lkaWdfcGkwMnY3RllrcmlRWXU5YTE3UUtHd3JmaVhvRldiUEpwUjVGZ1o3YkdIV2Rrd2Z4OThsalRkQ2pZVXdVRDI0RFc4c1ZtSjZ0TnRZWlVTaGRIVVZUYkRmNEtqV2FzU0dfYXMxT0F6WHJ0SGRWZm5sa2ZoQ2NpWUJLY29ETFJxUUY2blFodTQ2eDBKQVhieXVFbG9waW1GYk92T3p3?oc=5","Al Arabiya","Arab","1787589240000"
"US Treasury to broaden scope of secondary sanctions on Iran, source says","https://news.google.com/rss/articles/CBMiyAFBVV95cUxQR2k0Q1pzYzZOX1FhYnVNLWNDTHBiUGlDN082NzhPS0pEa2wzM3ByZ2EtblFtLTU0aDBYUVM5dDhJOVpDakQzTkdtNXhuUy10QkhRN0UwM0VJTG11NHlBWXhoVF9jb3h0enUwaHM2bG96SHBvMmNkRl90Z1NwZ2ZaT3kwM0NmS3hPdUUyaFRCV25kQVpoUVhmX2ZOb2lSU3ZwZzZrSEtvYVZnd1p3ZTdwdU1JZ3ZGRllOY1FHYW9ST01tZ0ZqMm1yNdIBzgFBVV95cUxOZW9hMG1Kd0pkamZvQWpSR2RFaUFSTG44cmdjSGhLQmlSUGo5bVRNemFaaG9rNzZuRFhaX05iWTVLd21KZWRta2JtWnFzMUVsMlo2UkRibXpCczVJMUhEOVFnbHp3TEVpejB4cHo4Vk9QVVY5bTNuVHptWHFGT1R6N2V6U0djeTJ5bDloUDBSc0Z3RkIyRHlrb25vWEstMDFQVmh3bmo4NTBKS1JIYXI3UHd1Wmh1ZHVveWFubWZmelJVV0V0VUl1U2liNjYtZw?oc=5","Al Arabiya","Arab","1787588940000"
"Iran war live - Al Jazeera","https://news.google.com/rss/articles/CBMizwFBVV95cUxNeGhoRGdLdUdLbXZjS0dkYTFzY21pbGlScWVvbU1PaFY3WEJFb2hBWU9Gc3hxV2xBSjVEbm9QeDg3QWZNbFNoUHVNd2JxelJWTGpfc1BPLTRsZTZQblgtT08taTVPMDlOYVJsTmoyRE1menY4c0M5MjgyenNia2ZuNmFJRVIwUGFoOVZGc2xJb2FXTjZnZHlrU3RtUE1lc3hIcHo1aHdhVzJJVlpwc19zSzk0cWxZN2NzaWZjRWRramNQOExiTDhweVVMaVFQUHc?oc=5","Al Jazeera","Arab","1787588313000"
"Bessent unveils sanctions designed to cripple Iran","https://news.google.com/rss/articles/CBMiekFVX3lxTE1iRnhQekZOLVdfVWVKWDJ4bk9Rd1lBZ2NFbnk0ZjVYcXNFeDMwSmxzdy1zaGpqWWRNMlhmY29GWHNsTEI2MjduN0xnQzNwY3RLZjdvUkR0aXZTa1MyaHN1eldPa09rLUhxWUhKdy1fNmNMR0lZTVRlZy1n?oc=5","Axios","US","1787591212000"
"🔴 Mideast live: US unveils fresh sanctions to 'sever every economic lifeline' sustaining Iran","https://news.google.com/rss/articles/CBMi4gFBVV95cUxQWjEtemhwblVnU1J4UElYdGJjRjN4WFRzN3dzNXcyN0hCV1JvZ3hxLXd1ck1YMkp6RGZ0MDNKTlNJRTZuYjI2NnJEb0pUeFg1ejNSdjcwc1BRZFVZRm0tOEhwbngzS19sdzdrM016QXI1LXY1WU5wRm9fRG1vQVRmQjk1UmlaVC1lWnNnTUtQUzgtZ2p2VFhYaWdSQnlKU2xDSGlXUWV2RWxWY3luNHZqZFRpRGtaNVNMRnhHcEp1RElMSEtveFZJcHVKME50TjRpVEYtVVZPbzJsMGROTFdhY2Vn?oc=5","France 24","Europe","1787591765000"
"UK seeks to tighten security of supply chains after Iran-linked cyber attack","https://news.google.com/rss/articles/CBMihAFBVV95cUxOcUczaUxaZ1NmdDdFVlZxcjlyWmpjR3BYZndPYnk4ZWtpdk55OEhWRnFRYjc2UlFwZ2JRamhhZjU0d1JwZDFPSGZDcTFwNkhBOXlWN1lrYkF5R3RFOXZYZmdQdlI0TnpLdDhqNkp4UFB2NGxGbzFlVXJtbV9icWRpdWNkMVo?oc=5","Financial Times","Global","1787591611000"
"Bessent Pledges to Isolate Iran From Global Economy","https://news.google.com/rss/articles/CBMipAFBVV95cUxPMDBjUWhER2FqdU1MVFF6MVR6QWZEY194a29CcWRvZUtjQUtzcUM3M1RqRlpDbTFjRXVSTGZ6d3RQb3JZanNieDRMSS1qRHRqQ29PVzk2bUdob1RmX2ZXRXZITnVxb2ktNnA2WXRWVVZWRmthY1lLeWwxOTJobDhXV2pWZ0JvUUNKQkJpUUtjN2NYQXNySi1nSWdtSi1wVDY4SFdNdA?oc=5","Bloomberg","Global","1787591136000"
"US Treasury chief Bessent warns countries to halt Iran economic activity until regime 'stands alone'","https://news.google.com/rss/articles/CBMi3AFBVV95cUxOVU4yTWs4WWR1WUVjaVZ0WHpfeXFFZm5SMnlJeVlTSUFRMTlKdXdwZmZHNjZNcHA4bUN2bXVGSmZIYnN4M3RyVHhCNGVCYkJ3MjdBRzBZalpwa0pYYzRFWS1vOWdBY1JvZGlObFRIQVJKdUNodkJuWk9QdlR3bTBKWmZ5OXFFNjB3dS1tQkJEUDBnS1lRX0tPYmYzNUVUXzhfT2RzV1V1U1BLbXRQSld6cW52WHNqd0RHY1BrYnhvM1g5clo3M3BiNlA4S2FwOU9vbHgtUVlqeWRRU0RG?oc=5","The Times of Israel","Israel","1787592771000"
"Iran court orders $37 million in US oil funds for Butterfly Patients","https://news.google.com/rss/articles/CBMitwFBVV95cUxOZlRaYlhQeF9GaTlIUXctb09jaWMybHplZGlxcEw3b0JzSW9IVzBuV3JMSVROTnA1OGtRN1RUc3ppRzdIUEh2X21Da0tfbGtMSzY0RUJabWpMemE0TnhUb0lqZEctdXFaTzVtSlBLTzNETmFCZGFGVmYySTVmdlFuZ25BODJvQUZ5bF9qcTNZQmRWTkl6Rm8wTU5kVGZnV0pOTnV3QnRaeDA3bUpxd2p6OWFpMTN0MG8?oc=5","Press TV","Iran","1787592360000"
"MBS, Macron urge negotiated solution on Iran, discuss Gaza and Hamas disarmament","https://news.google.com/rss/articles/CBMi0gFBVV95cUxPYkl2bG8wd3pnWUVMeDhSNUpGLWJITTBZT1d2SmpjRWNaaUFTaUdrVzAxOUMteHBPaUxHZWx0RlNYamhhbHJHdHB6Y0hHM0lKbUpCemFoRzh1cVUyQlJkOWF4RGQ0YzhISndVX2xTbFU5ZjBveG1Qai1WTlJ3ZTNySXV1dHQ2YUs3bXVjOEFQVTQ1eGZUb05ONklRQ1FINlA2enpEQVFDNW9TQWJ3XzBTY3FDZnhoakowa29VZW1QazRMSVBpc2Ytb0c1OFpfOGdFOFHSAdcBQVVfeXFMTnhKakh4ZFgwU3ZvbHJway04MG44eXVvcmw1ZmpJTXgzODV3enpzRVp4VHNIYTFELTg3SmVuODlaLXFDVlQ4RkNCTGNCaEprZFNJOWdoa2txME5RTUlrZlFJNTVuUGRsYXRycGhLbk9ubkVPRGsxbHppNERtM2lYdGtzZFY4M1l4SDVwOHJRcEhWQm1MZXltOU42TE41YnFDdGpESGgxdGRQSTNNVzRITmZqMUNweDB4YUZJSnJYWnRMcUdoZXBTVzg5NkltSDh2Y3QtYlRHYUE?oc=5","Al Arabiya","Arab","1787592240000"
"No longer acceptable' for countries to facilitate Iran's financial activity: Bessent","https://news.google.com/rss/articles/CBMitgFBVV95cUxOLU9ZT1hMcjhGa2dDR1M1VHpBbDEtMENnMDdCWmlDSWtKaTFtY0p3bURKMHMtWjhoVDFFUkRrREJ6TWtWdm1TOExpcXVhRlNnZGhwT28zQ292OFFBR010emRvb0RRUGd5MzFxbmlhaG5HbVJNV3lKVk1zcVdtUmV0M1RMYWduSVJWcllsbktIbXZ5UHRqV2U2cHdEVHQtWHpVdll5QnJUbGplRHhBczY1Z3ltdzdkUQ?oc=5","Dawn","Pakistan","1787592228000"
"How will Iran respond to further US economic pressure?","https://news.google.com/rss/articles/CBMiYkFVX3lxTFBHc1Y5SS0wYWl0bk5ZNWY3ejlPRmRMN0paMDVJR044eXIxNXVOaDdRUUZJSHpWcTBTOXhjc3ZxZHZkTHRGaEIyZThPZnhhYUVaYjZKdjFuNG9CaHppQ1E2dENR?oc=5","The Jerusalem Post","Israel","1787591817000"
"Flash: U.S. to impose new economic sanctions on Iran: Bessent","https://news.google.com/rss/articles/CBMifEFVX3lxTFBJZmM3bXprNmNISDIyNm9mSnB2TFduZmpYYU5jVkc1N0lMbEMtRFRHRTBReHExRloxczY1UDZkTG50V01VaDl4QWlMc3FLS0YyZW5tMDBFeklPNXpOc2JBTXF4Y1NjR3VhWHUzd3NoOXZVRzJxajNiT2lCa0U?oc=5","Xinhua","China","1787591700000"
"Treasury secy Bessent says US economy strong enough to wage economic campaign against Iran","https://news.google.com/rss/articles/CBMiwgFBVV95cUxNYW1TZW1MZGRNbW1PT2hUWkNKT0t1WUlCMHJmV1ctVEFlal8zX1FYRVFIQ3BwRVRoZ1poSXhVeVFneFVIRHZ5NWFoVjR0RkwxUmdhTlJBczVBQ2l3V2FiMUV5MFpIX2NILUVlMWRzNjJGREM4OEdoVEhiUksyMXk0X3ZEalNDNjBHNGt2VXhMWXdiMXBWYkdCblNPaGhYZ1NVd3ZDZ3ExMzl6anNlVHdibXV0aXAyQkFYYmZtRWU1LUJzUQ?oc=5","Dawn","Pakistan","1787591679000"
"Trump administration announces global economic war on Iran","https://news.google.com/rss/articles/CBMioAFBVV95cUxPUHhONldpOG9TMnN4R3U3cTh2M1VNQThQa3hfaGpOaXFLQ3RQbWNNcVhYRHhoZDFhQ1VUR1JKUTNoaWhTS1VjOW9hX2ptcUxZWUx3alM3azk4SmpEejJaNkFEaDBjczdmU28tNDY3SFV5TGM4M0lvaENESVhWd3BUM3BucnJhZHc5UE1UNlZGdHF5amxhREpwdDdybFQ2QUF30gGmAUFVX3lxTFB1TUxBVTlRRDhKVHp2TnhsOFQ1TG45YS1fNWxBTmtHZzhqRmlMSXBTQWNHRVpMOWhaWm9VdmdNWnY0Zm9VYzBaankzYWNQaHU3anplU3JTY00xQUJOY1JXVmdsRmh6T2xROF8tMjE4QjhCVlZMWU4zZEx2ODFTLW1oT1V3NURDX3NiX0V0Q00wLUgtaklkSlNkdERiOWpVemZLak9WZlE?oc=5","Al Jazeera","Arab","1787591508000"
"Urgent: Netanyahu says Iran attempted to assassinate his son","https://news.google.com/rss/articles/CBMifEFVX3lxTE9oTzUxbTZoa0JUbTJ4Yk9laGVlTjVyOG01VlFGTVMxS3BuSHdja3ZiYWFhN0VqM1RydjN3ZXZVcUtCS0djcWxxa2lScFpQWGhBcE9VT1VaaW5BZi1IMnJ5UU5sa0hOUzhDX0J1SXFjVUNhT1JsM295b2s4amk?oc=5","Xinhua","China","1787591490000"
"Netanyahu: ‘Iran tried to murder one of my sons’","https://news.google.com/rss/articles/CBMilgFBVV95cUxNRkpBRUM2NllteW1DX0IxOExfTnZXakxDX0dUVFYxUHFJU1JJU25ESGJaaVpUSkRJTzNTMllObGt1Z0htRGNaOXU1NmFQNmswS1lzV0pxV2IyWnJRSU9IZDZwWUFVUXVrVUFUaGpiUmpla3NQRE15RVphT3c5WGIzcm5rRldmRjFsUmhVd2kxVHZ6YjBMdUE?oc=5","The Times of Israel","Israel","1787591342000"
"WATCH: US Treasury Secretary Scott Bessent holds press conference on Iran sanctions","https://news.google.com/rss/articles/CBMixwFBVV95cUxPNEtVY3R4LTJpSml6cHBGemxKMTB2M3VGdFRQbVZLQmhaQ01YS1NKWDc2UnE1bExHUnhocFJ3SmQxV1ZXZVFKVHUxU0l5UDJPelVNZko2RlhXUEdKbW9jU1kwU1VuTC04MFFNVm9hdURqSzBydFQ3TjBvSFVQd2JqLXdUejVDNDhmZFFQcG1qWkNEYy00QkNZclhqUFBoXzVsWElTbmIyNDl1QWxic2t6dUhGYnpBYUFpU2YweDE5TmdsQkNqSUZJ?oc=5","The Times of Israel","Israel","1787591269000"
"Operation Economic Outcast': US Treasury secretary announces 'unprecedented' economic campaign against Iran","https://news.google.com/rss/articles/CBMi0wFBVV95cUxOTVRLZVR1NWJmcUg1a0toTTZEemR3NjJwN0k5NUlqNmhMblVIeHByQkJMa0tMRElrUnlRU3VOTThNdUhzTXN3UGpQc05iQ3FEQUJUeHZSQ2xWamMtYkdfaFNEbWJkc3FJT2lGcGRFeEN1X3FMVjZWdVpGZ2k0MDc5eVd0c1RSU25XU29tOUVtTlhlblFsYUU1b0o5SW0tSkhSX2dBWWF5bk53bHZFWXBFb3l4MkhxNFVyOFBYM2NQNkVSOG1GVG9MTlp2MW5ycFJ6QjJ3?oc=5","Dawn","Pakistan","1787591248000"
"Bessent launches Operation Economic Outcast with new Iran sanctions","https://news.google.com/rss/articles/CBMiswFBVV95cUxNVnlaTEpWclpkcmVXZzFnc29hR1VLUjk1TVhIb3dxM2oxN1I1MW9HalI4eUpvNVRsVVNET0hsRDBNMFNqS2ZVQ1VyQnhuQUdGQS1CYWIzQnVPUkhfcktlMkppV3JwWmdrQVNDeHgyM3dmTVpCTEpaX1RLSnBzeVhWMjFCVFF1ZzdMcXVQTnFseUkydTF3cldLeC1aODBwZWhBV3R5R0xjaWtNWExWRU56dkJhYw?oc=5","The Independent","UK","1787593560000"
"Scott Bessent unveils new sanctions against Iran","https://news.google.com/rss/articles/CBMiVkFVX3lxTE9UV3JOelVTekc4bDU1VjBCNUttQVV6VkZVOWhPMURZQll0Nko0aHNGZi1LcDdDbE9LazNvVGVqdlF4b0k1a2Y3Rjl5ZlBrWldEQkt5SXlR?oc=5","Fox News","US","1787593504000"
"Bessent Launches ‘Operation Economic Outcast’ to Isolate Iran","https://news.google.com/rss/articles/CBMiqgFBVV95cUxPTGZNZEVVcUhYY2xmSVRzUlZPSVpwcVphcFZjcm5sS2dfdmE0MmlNZHFIS0J1NXJwcHhLdlFVLVdVTTBOblRDOTlLY25jajFoMmh6SjhmZy0xazlJdTRlTl82Z05sVEQyNHZBRE1HNnRZR2hRREFodHlFUlcxazF0TU43TTRJU0dxWURfLTZNeGZBUC0xS2xySV9xMVJmc3Zka010Q3EwcW13QQ?oc=5","The Wall Street Journal","US","1787593020000"
"Trump unleashes 'Operation Economic Outcast' against Iran as Bessent warns nations not to do business: 'Tighten the noose'","https://news.google.com/rss/articles/CBMi8AFBVV95cUxNZlhZMjMzZjdtdHU2TEZJalZYQTlNSVVrZW5rWEdRRkZhV2UwOGtnVHdnNU9jdi1DX2cxM0gweHNqQm1DX2hfR2dBbzFabm1jdjdkbl9LS3NEb011VDdITXN1SW5xejU1cHVteHp2SnJPZzM1UlVTYXZTOThNNHlpT2gyMk5JRW5RTk1pNWRyb1VaRmttWHBCaDJwNnJKRHozNFUtclh2endKRHNzakV2T0NhY0pVRDZnZnl6NEo1aGt1NWpEaXdaUFJkT3VJdFVKZXA5eTlERHBZZ2FqNTFHQW5NN0xwQnhIOFNLb0lXZG4?oc=5","New York Post","US","1787592420000"
"Iran-linked hackers suspected in UK power-plant shutdown after alleged Minnesota water attack","https://news.google.com/rss/articles/CBMiuAFBVV95cUxOYUNEX2tLclZDdFdwTXJHTll3YXlMRG1RY2FSRUxUTEVFY2V0OElyc09vN04tOS1PUmU1X1pTM29TcTRGNURNQUVjRWJIZzlucE5iWXNwZDV0elN0NlVSZHNCQ3ppc01Gem1hLUhrVnNJd3BDZ3hYR3Brdy1OZnd0amtSTjNfTzNKck4wLWtjU0NfR3lUc1QyVVBqRlRHTU93SG1SZ2FST29HRWdZME5OSE1fdFVhUllF0gG-AUFVX3lxTFAzX0J5V2N5NHJzMnY5c0M5QW5QWEJuMjdpbFN4bmtvWnN1bmZ3VTZJWDJpMEJGelpVRWVMTkRZMTBxWFpiem5fX2E4M2hqQUU2WHgzTFZEVGd1UTJoUVBDTFgtQUFlaXRlbjJlbXNPczgyWl9kd2E4Y25DUmpjQkNJS21yZ05GR0F0dVpIZzBpVjh1WExlWXdOTnQ4Z0xHaFZTT096VkhnTVNpaHBzU2ZxQUdoUTN6ME13cjY5akE?oc=5","Fox News","US","1787591751000"
"US announces bid to further isolate Iran economically","https://news.google.com/rss/articles/CBMijwFBVV95cUxNZnpuZ3RmTHNtUHoydWZDUko0QjU3T2J4VmxsNFlaZ1dMMnl5NWRWWE9ROVp1QjVzbUthazgyUk55Y2g3N1ktOERTRkhpalp4U1ZvTFZGdzloSWsxTDc1VzNEVUpIM2FwR0JkYnBkZ0RwSEV1MGhEdl9ULWRpdEpsT09RbzRJNC01djE4cndMUdIBjwFBVV95cUxOWDBqS3M2MldIZlA4NVNfdE5YWWt4Qml3RGZnZkJnT2FEcFdkN25kajJ5VWh1Wl9odlBsUHRkTHJhZl9mUl8tdjVjaGdoQmJDVmZVdjVaS3VpZVV3c2NJYXBaSFR0VG9DVm02clg3YzlXdzRNSDFMU2xWZUhpZ1BndmQtZjhmWU9PMU5RenFqSQ?oc=5","DW","Europe","1787593923000"
"US announces expansion of sanctions in 'economic onslaught' on Iran","https://news.google.com/rss/articles/CBMiyAFBVV95cUxQNkFDSEd4SHREUm04dkdpLWFIOVhkRWtNUlNmQW9FRHBOQ1pRd3VMdkNWYjRlQ0ZUUEdsaDNENXUyRllOUkdkLThFaEZ3SXNCMmkwRTZTWnp1Q1FWX2VicmdrRlhqYVNXd3ZEQjBDN3ptcS1LbnVlZGp3VEQ5X05uZGxkSk1kUmlOcjVIVmd1NlFNWlBYUWZhWEhtc1pNcEk3LXFVMFZucUNYanpQcDRnSk9JMUNUX2JrUkJFSjJtbnpGRS1IVmZNSg?oc=5","Reuters","Global","1787593020000"
"Bessent to Cut Iran’s Econ Ties, US to Hike Canada Car Tariffs","https://news.google.com/rss/articles/CBMirgFBVV95cUxONzFXVlo3Yzk3RmVrV3FUMGk0eU1sMEdmNXZGQldjbGRvSHJKS1JxN2wtR0JVNzltbmJTeTZ5SzQ3TE1ibkdHSU5DYkV2S2g0SDlQaVd6eDBWam5lV1dVMEFoWUxuZ0tFek5pNnhNZmprM1U1NFNZSGlDcVZsR2pvU2lZV1RydnQyVC1fd0I2NzJqRVQxTV9LYTNOUGF5eEdZQTR4ZUlaSUZUQk9wS1E?oc=5","Bloomberg","Global","1787593013000"
"Scott Bessent threatens wider US sanctions on Iran’s economic partners","https://news.google.com/rss/articles/CBMihAFBVV95cUxNTjBySkJ1UXhhWnJ1T0VCeTMzQXhtZmtmU3U2VW4ySkdVSXk1dkEwLVZRVWFFUGI4dXRNNHJjSlo5b0RrM2czMDlLT3Mtb05kOVdjbUpJVGZudEF6VlFvbmVFbjdEdkhmbHh6TzFLTmVUam13b05HNHJjR3k0WW5hVWw2aWs?oc=5","Financial Times","Global","1787592646000"
"Urgent: U.S. threatens ""economic D-Day"" sanctions on Iran","https://news.google.com/rss/articles/CBMifEFVX3lxTFBFQXJFT0h5SkpQM3dWQmkxRVUyMTBYUm95VDgxUXNNc3hzTllRYUV6cUVtUG1oaWpqYll5Rzg0QUJlNks2NjJxOHdYZEdyazdpVE9YTnBtZTJteFBwRzJ1MGxWeFRabHp2dDZrdFJDd1YzV04zUnFCR1JjVVY?oc=5","Xinhua","China","1787594595000"
"Iranian parliament speaker mocks Trump with ‘Make America Hungry Again’ post","https://news.google.com/rss/articles/CBMisAFBVV95cUxOYTllSTVMd0VWUEIyYnFORFFWOWs3WHNOMElGa1JIUVZSMnRhLXpwTEdnOHpCMHNYdWluLU5hZFl0Ym9RcFNLbWtpSGstMnlhM0FxOTVtdnl5Wi1nNXRYWWlueXV4Szd5WTZyWWhudWJrS0x1OVhNb2RSdnV1amJFbEJmc01EejQwMFE4d0lOTlIwNnd2YnVjM3R3azFBNUhaSFhuVWNpLTJ0R1dPQW92aw?oc=5","The Express Tribune","Pakistan","1787594101000"
"Trump administration announces global economic war on Iran","https://news.google.com/rss/articles/CBMisAFBVV95cUxPaXJ5VTQ2aGNWQlFQTnc1Q3RidzBzcmNkeGhhWlBzQjducGdCQWxmMGVCRENSdlpSMnVmSGN2bTJLSGtKOEtTRVd6bmx0TUUxWF9WY29RLWhvazY5N3NLZ29XWVRydjVkX1lKTUZHTHd0Z1ZyVHE3MHFZS1lYRG5kdGFMemNBLVNNbjl0MEhPalVUMGUzMGgxX19iOGJjZlpxZU1kTkNEOVB2QnZWdXFWNNIBtgFBVV95cUxOaVpHcXcwUENtRkhWRmMwc25MYmpIWTFMN01GelZ6S2VBQ3lDMGpzcDB1ZkpFSGtWZnJzOERXMC1heF95NDJfYTM3YUhPWjVmSzlUTUhNT2RWMUVVRWRLSVp2XzFVZ1ZFN09XYnFzaTcxV3k3cFp0VVo2MnF3cWEwaHhCcnpjT1g0OXUweEs3YXE5SjhHcmxKYUJVQ3JPZVVwR0xQMXBHbmR3UUxIRkhtaFo2WTE1UQ?oc=5","Al Jazeera","Arab","1787594001000"
"CDF Munir vows continued efforts to stabilise region in meeting with Iran’s Ghalibaf","https://news.google.com/rss/articles/CBMiSEFVX3lxTFAwTXJBbDRySk5GZnpHdU1xVU1OZ1N1TlJmWm5Nd2RRVU1MenpyRS1iMl9UbVB1UFF0QU9JcWkyN2JHdDJFaGpqadIBTkFVX3lxTE9JSkRLN2ZtT2FxZm1rUXJENDV3X2QzcXJsVU1mcGtTQWdNQTU5VWpEcUNZUS1iem1TLVA5MzBPZnVGeEx0X3NvQTlBVUJIdw?oc=5","Dawn","Pakistan","1787593657000"
"US Launches ‘Economic Onslaught’ Against Iran’s Financial Connections","https://news.google.com/rss/articles/CBMizwFBVV95cUxNSDlVXzBTRmxPVk1MLWFBZDR1Z2p6WWo1S042UDBOMkMxbjZyclhMUzVXaWdVZ2JYNW9zVEVGWkMwcFdHbzdtQ1ZYSHRTNWx2ZjJ0WHlLcE1SUXJrUnhMWmxrYWNsYkpodngzTFhYUXVzQmZzYUJRZUM0WHJxRkJUU1FwcnFINjhuOVFEcXcxVFJ0YnR4dERKT2pNM28xUmVUZm8zZE9TSWFpR29xYTZSU19zZTRlZFNDWHhkZ1p2SlMtLXlYZUxNM1RWMUF4ZGM?oc=5","Asharq Al-Awsat","Arab","1787593524000"
"Pompeo says Iran is losing 'significant' funding with aviation sanctions","https://news.google.com/rss/articles/CBMiVkFVX3lxTFBEWUZpZU1NVjdudjlrRHJHTGlzdlp1QkJiYlRYVkpfM0lYcm1CclRCcV91YUoxU0FLWW1TSzVadm1fcXFXb1NDY2xONkQwT09MWjlXSWpB?oc=5","Fox News","US","1787595463000"
"Iran tried to assassinate one of Netanyahu's sons, prime minister says","https://news.google.com/rss/articles/CBMijwFBVV95cUxQZHBiVnhUN1JvQ21vdlRObWwtRTBLMjY0MmpTSXo2OG9SaC1CZmpVeVZGQXk0c2pOMzdDSHhjel9tQ3BtTDlvcGUyUDRqNGpDV1lLOVk1SkgwYW0xUDV1alJqTVpENmJQWHVmamRQVWpmamczdmduMWtFNUlIbUk4bW1sdmh0d0FBQ3ZxMGVSZ9IBlAFBVV95cUxQcG9fX0ZpVl9yTlhsNlozNGxQZnc2eFZmUm1kQUJMSlVHODktaDA3TE1rd0ZVU1RPLXR5WkFabFFyME5RWXNjVjVKRENDVG5QUFk2T0pwZXg2VUhaV1YxTk4tR1BFeWdHS01XT2NnQ3JwS0dJTlljNFRnME9IbEZrVXR5enJyWWZxdG9pM0plY3YzcmZR?oc=5","Fox News","US","1787595206000"
"Pompeo reacts to US launching 'Operation Economic Outcast' against Iran","https://news.google.com/rss/articles/CBMiVkFVX3lxTE9LUjk5dllGX0x0djluUlpsY1k3bGM4SDlQeFZnaWJmWXF5UDBNUVcyZW1waENZRVNEcFFEVjRPcmpSMThKd0JyaGpyZzhkT3c4T0RveFJn?oc=5","Fox News","US","1787594623000"
"Bessent unveils new effort to cripple Iran’s economy","https://news.google.com/rss/articles/CBMiekFVX3lxTFBZSUdDNzhXRklIcm9fREFkdmUyODhwUUlsS1VsYmxiLU1LWlRTdGtVczR3SVQ4dDBGdFFVaU9PNmVtTnVubXRtTVRCOEFwSVVSa3UwM2tDeUxYXzlCa1JlYWwydlFtd1h4MVo0M3V2V19XLXJtaDktMV9B?oc=5","Politico","US","1787594220000"
"US to Cut Iran From World Econ, Trump Threatens Auto Tariff Hike","https://news.google.com/rss/articles/CBMisAFBVV95cUxQLVgtZk0yOEwzQUVNZmNDQ3B6WkNQTGRBdkpraERFQllkdklvT2duR0d4ekhvdTRNbnoteXNMS3RwTVJwdW1STGJ3QnFfcjNBcXAwTjZYUnowai1rdTg5bExUTHlLUlY1QmxLVGJZOGNhWWE4RGdYSXpZWkhNUk92YjRWWjcxWllTRTJrVlFPbnJpWmZ5ZEtiNHJSempTenJuTmFQeFROSkhmOHJJUmdabA?oc=5","Bloomberg","Global","1787594938000"
"PHOTOS: CDF Munir meets Iran's parliament speaker Ghalibaf, FM Araghchi during Tehran visit","https://news.google.com/rss/articles/CBMivwFBVV95cUxQQjBONWREMktJSnA5ZTQzcE45TTE1WXJGS1lnaF9teTFZd05vLUJEeW81bktLc0JEcnZYQU5ieHdFMmppX09ETHMwaVhDY1diRVh6ZEs1UTBoY2RjajNCSDZzMDRNYjhGb2dqSHptV0gwSklWZ1NBS2FHdEpFRkpwdnZqdVlqNU81bVRsYUQ3UXQ2YUVHMk10TFNWZkIxRVdQXzJTOEVkVkxZN3MyNjU0ZW1SdHpMOVNhRUZJR29UNNIBTkFVX3lxTE11dWdhMFdyYmhSYWM1eWU2SlJsaHhqbVRKX3NoRXMxbkJCTFRFdHo1WkRJcnZWTDJiQjBScVpSWkhWamlQeEVBRWlWTWk2QQ?oc=5","Dawn","Pakistan","1787594434000"
"Trump administration announces global economic war on Iran","https://news.google.com/rss/articles/CBMisAFBVV95cUxPaXJ5VTQ2aGNWQlFQTnc1Q3RidzBzcmNkeGhhWlBzQjducGdCQWxmMGVCRENSdlpSMnVmSGN2bTJLSGtKOEtTRVd6bmx0TUUxWF9WY29RLWhvazY5N3NLZ29XWVRydjVkX1lKTUZHTHd0Z1ZyVHE3MHFZS1lYRG5kdGFMemNBLVNNbjl0MEhPalVUMGUzMGgxX19iOGJjZlpxZU1kTkNEOVB2QnZWdXFWNA?oc=5","Al Jazeera","Arab","1787594400000"
"US threatens severe sanctions against countries with economic ties to Iran","https://news.google.com/rss/articles/CBMijAFBVV95cUxQR0ExcUY5UDhpTVlmM1p4T09acU5SVVk1eS0xVzZZa0N5dHZFam53SHR6RHhyWmVVU0RmaHk4blZoSFJ0QXR4Q3AyWTc5ckxnTFZXaVN0U0JwOUZmSl9zdDI0YWhrNzd3NUs1U0lhakdyS21KZ0Zlbk1tYW9VSThQZ29WOHJFRmprNTVzbg?oc=5","The Guardian","UK","1787597820000"
"Bessent announces ‘Economic Outcast’ operation against Iran","https://news.google.com/rss/articles/CBMiVkFVX3lxTE5ZbUZLaDRXWWZiVUlCTm1XSzhsRUNOckdiLTNqTHBodFo5MmVVVDh6WEZ2SWNDdTJ6U1NtUVFiczlKQ1N6YnlETHRTMG43djZiVGtXRVpB?oc=5","Fox News","US","1787596834000"
"Bessent SENDS WARNING to Iran: The clock is TICKING","https://news.google.com/rss/articles/CBMiVkFVX3lxTFBmNUhLQkxGSkw5MzJNbGFjTXlMdnRPWlpFNXZSN1hTY3hZb3B5am5IZm9JRGlJTnlZWmM5ZWFJSVRTMWprQ1NMQ3VsSmdjeUh4ZjlTV2h3?oc=5","Fox News","US","1787596248000"
"Pompeo reacts to US launching 'Operation Economic Outcast' against Iran","https://news.google.com/rss/articles/CBMiVkFVX3lxTFBlS2NjZ2RySm1rTm83VFdUcmwzaTQ5RUt6NkdVR0RDSTNwY0lwd3ZMaFFYZlZMODU3akNPVVE2b3ZnUEktaDBXckkxYTVIZThkUWxqZHNB?oc=5","Fox News","US","1787595752000"
"Analysis: Treasury threatens new sanctions on nations tied to Iran","https://news.google.com/rss/articles/CBMiowFBVV95cUxNNW9NcThwcW5vQU9GUUNDYmdKN25ESzkwUVJQbEpXdXV5VkM5TWlLTXB3Yl84OHFtRGlDNHM0OURNR09yTEtoYXFOMWI5c2IycUtvbnZSQURCaDRoRXhRS2VfZE1McjU1V3ZmSGJuVEhObkstQjRmeWoyYUdPVG1pMVhSZ3BMRWVRclpfLUlMRzhsb2NGT1Nld3dMWTcwNXlzbl93?oc=5","CNN","US","1787595617000"
"US to Isolate Iran, Trump Vows to Double Canada Auto Tariffs","https://news.google.com/rss/articles/CBMiqwFBVV95cUxPX0dQdWJ5bWtyXzIzYVV6Ukwwck03bkw0b21pUlNHNTZ6Z05iQlFrM284WnpjTC1FUktKZUQ0NlE1a1lZTElFd0VtM09EdU9vRXZ2R2FfNm1nRGR6TERESVAtV1drd0h5MHRaajBYMHFfS0NrSnJzN3lHYWgyZUxVUVVaVE1lY0ZEQ1lDZUVEaDJnMjJoYUFHY3g5aC1LS1RJT1ZoZEctZXQza3c?oc=5","Bloomberg","Global","1787598433000"
"Israel's Netanyahu says Iran tried to kill one of his sons","https://news.google.com/rss/articles/CBMiqAFBVV95cUxNcndkRXBGZVdHbXo5ajBPN3B4UUZPV05GWVV1UWxYVmtaX0JOeXJiN0I2ZzYxQS1TbjRWa1BITmtxa1RWQ1FFOEczbFFaYWdud3dqdkdwU1lTazd3ekZtNXIyWnEtT3pSaXJMakR6WHo5ZFFMakIyMVlBSnFYM2Q1aS1ySExGSmpQcnpDZlpZRTFwMFlyeDVvMDJveHliVDZZemVZZ3UwWlE?oc=5","Reuters","Global","1787597662000"
"UN offers to facilitate fertilizer transit through Strait of Hormuz","https://news.google.com/rss/articles/CBMiswFBVV95cUxPZ3l4OVA3eG9sM2taa1NLOUVFb2ozSmY2eEdQS1BMYkJRMjdCcEpBaDlKSEpjaEZTVGszVm9JeDlGWTN1Nl9qSzc5RzQ3OWEwdU1mdGhPMGk5V083OGhwSXlUR2k0WElJNUpkVll5TVRDb25VaUFjSG1aNktYaDR5ckliT08zRU9QTzRZa0dGS3pBNzk2VERwb2ZHb3Jadi1pQ2JhM0JNNTNIRFc5SDgwWktSWQ?oc=5","The Times of Israel","Israel","1787598178000"
"Iran’s trade partners won’t listen to US ‘big talk’: Qalibaf","https://news.google.com/rss/articles/CBMinAFBVV95cUxNVTBVdDF2UGI2OFZOUjkwa0ItY2NQY2FFeDVsWHozZFlGcWkyS05iblVJazJmRmxpTS1yeVJPUUtmTURmc0w5OGs3ejNSZUJLMkU5TW5TUmEtbDhvYl9MUWo3QWxRanJ3WjN6QlVJT2JJR28xTEtWcGI3ZnZaREllV0tCZXloSGo0aW94M3Q0bldMdXNwaXBJcWU0VmE?oc=5","Press TV","Iran","1787597580000"
"1st LD Writethru: Netanyahu says Iran attempted to assassinate his son","https://news.google.com/rss/articles/CBMifEFVX3lxTE1FZzZNQUZ6Ml9EcHJGbUxmdU1oUFJUSzJPTHp4SkhrdHFueXJpdUUzR0JabnNORWluMzBHRHpsNW1YR1h0SE9OMnZiNUVEWEdSOGRjc2FHc1JuUWFyczl5eDBQQ2tfVTk3NVlMZUdhX05CYWNDTTNfUnZIajU?oc=5","Xinhua","China","1787597025000"
"Bessent says US will 'move very quickly' on implementing new economic measures against Iran","https://news.google.com/rss/articles/CBMiwAFBVV95cUxQcGxtMnB0LTJDVGdUZGozOHRaaWUwV1dyRlA5NnVyQXFGNVJtNzl5WGI0YkQwUURfNVo5ekRpcW56VlUxWUZjSjFhenkyZzlZc19jU1NuWldJem9SUmlhRUo3S2oyQlRYU2NxZndoc3A3TlpWU0toVktDTFZ1OF9FYkxZRnRiQkdIQUx1OHdkWTlEQmdCVTJpYjdCT1lJUlpHNHFQQ0ZpdlJZcmFXcFBQNXl3ckZHZlRabGs4aXhWdXY?oc=5","Dawn","Pakistan","1787595488000"
"US launches ‘economic onslaught’ to isolate Iran","https://news.google.com/rss/articles/CBMimwFBVV95cUxOMkZqSU1md0dCWjlVT0xySC04Q0pLOGZycTNvQVVpNGdVc2dLMUZFeXJncGdjVHI4Sk9yQk5qRDRLLXpKYkR1THRVN0huR3NGUnZCZVFRYWlDZjFyOGNFMF91dTZSdVFKUndiYjFlUjZOVTE3SVdtYTdjS1Y3NmJGem8ySndPQlE2QkE5MDNmME02S21UMUlQaDJ2bw?oc=5","The Telegraph","UK","1787600040000"
"Photos of daily life in Tehran as Iran braces for new US sanctions","https://news.google.com/rss/articles/CBMihAFBVV95cUxNemhPc0tSNEU4S2lNWDBkSDJHcHI0Q0c1Z0tuQ2J3UDVURkJPRDhpRzRQNDRMTmVKNHl3c3I1dnU3X1UxaHFxYUEtS0dZSW13a0xDNUZSRlQxaTFTQi1PMXhHWXlPOWtBbEp0OHFGbkFrdlBlZTcyWUpEYTBzb1RmbXk1RlQ?oc=5","The Independent","UK","1787600040000"
"The Latest: Bessent warns the world to cut financial ties to Iran or face US retaliation","https://news.google.com/rss/articles/CBMiywFBVV95cUxOM3Znby00S08xVEczRHJTaXE3LWFnNnlYVjkxZzQ3dkJyUzIxMS1jVFdHem80QjB0a1Yzb0t3VEEwTWFxNEVvczZjdnVfZ29nNVREOHdpSUV0VjNXcmhoeHpDc0k3T0Z0bm5HMy1zOFd3ZDFLcHRrVjZfcGN4T2JFanZyMW51RHJjZVowYWpEZzBkSG55Y29wanZPTm5Zb3lDMy0wWGJWWDNVQmhkdmFkZUlMQmNkbmJVOEZrblVyQUFRZXhzcDZxZmVrTQ?oc=5","The Washington Post","US","1787599472000"
"U.S. Stocks Mixed After Bessent Outlines Plan to Squeeze Iran","https://news.google.com/rss/articles/CBMisgFBVV95cUxQUHAtRUpVTjZBckdEWkpuWVExTUhyUTRmYnZ0M3lBTE5yZUw1NkVCanVVaXFEM3RLREJtNklYOEd0c1kyckxzT3M3dXYtME9RMVV4R2VhRUtKeDBPdl9GRm1MUXhxYnhrNUd1T3F4Ukh0U1E0S0NtalU5RjFOTS1wRVRQZEVwLWltcGRFQ01vaU5iSnFUM0NRZU1OSDZJd0FKTURJSGpnQlFNNlBUUzFYeGFB?oc=5","The Wall Street Journal","US","1787599020000"
"Scott Bessent: We are targeting Iran's most vital lifelines","https://news.google.com/rss/articles/CBMiVkFVX3lxTE5pRzRIMkhaWmdRMFg0RDBpYTY3LTlybm93Y0dZUEs5WUxnTEowNnhwWFVHUFVGQ1BrTWNRRHdpd2o3Mmt6OHV4VGxCVGdkYnBHV3RzNEZB?oc=5","Fox News","US","1787597959000"
"Dollar Edge Higher as Bessent Announces New Iran Sanctions","https://news.google.com/rss/articles/CBMitgFBVV95cUxPN1FCbF8tMGp1Nm9sTWNVRlZ6UzhuRmxPTmZSZ2MtMFdFLXpMY1JyZHY5cjcweXlYVlpPWk5BUkRoTFk1em1pRllfd2tiRHZVbUk3ektpSXJWTnVfYW8zdjVhNDVKNDlDVHNzbE40aF9pdTZjOC1EdmVKMkVEVUhlRXpHY3FOa1VRSXEwSkdtS1BlQnRmb1JpNWNmX2htTTJBd3I2YmZXdDY4YjRhVjVrTnUwbTRaUQ?oc=5","The Wall Street Journal","US","1787597160000"
"Treasury Yields Edge Higher as Bessent Announces New Iran Sanctions","https://news.google.com/rss/articles/CBMiiAFBVV95cUxONG5FN2VwUW9rSm5iaHhNc2c4V3E5UXdSbUZmVENpOGxQQjN2a2RmQ2dWLW8xS2NPWkpQcERjVzhGa0d3STVBU0tSWUdMRVY2Wnh6cEVkM1Q2cHhJb2J6c1l1UWlzYTBDRWxxREF0U3NBU1VEM3Zzd3d3WGk0WmVEUWxvS2V6V3J1?oc=5","The Wall Street Journal","US","1787596920000"
"Photos of daily life in Tehran as Iran braces for new US sanctions","https://news.google.com/rss/articles/CBMitwFBVV95cUxNUE8tbXpZREY4R09ZUjM0UHBsTXNsYklGV0dDTzhFQTFzV2dTU0ZJNWxVamViUndic1h1bVhWQ2lqaElMRWNsZ0FaajQ5RU8tek9uWUM4eU9LdkE2M3dqbE1mNWhTTFNteTVxM1hwWjQxeTB0VVhlYjZ4Sy00UWhPQ1dhNzVaNEFndzl4T2FKaEl3VFlvOVJGd0tBdGVFaFZGeDRqcVBIUm41VVFoWnlIX0J3dkdENjA?oc=5","Associated Press","Global","1787600040000"
"Watch US Tells Iran’s Trade Partners to Cut Ties or Face Sanctions","https://news.google.com/rss/articles/CBMirwFBVV95cUxQSkNhWHduQ1JoeW9zdEJjY2Y5ek56T2hiUzY4d1JiUzZqRy1PS05RczFzZ3cwbDJlUjFoeUJUX1c1SE9Eeko1MndOMzZiZDAzZWNHV3ZpYkdiUnVmTWZKN3oxQ1BFQTZEQXVaZTNBdXhZNUtnMUJPSkZhakVkOVdXVkJZNi1YdHdqSDdmVnFqTy1paGJ5QmhEMW5WQkw0eEZhMTlOUUlMVkZ5bzlCRkNz?oc=5","Bloomberg","Global","1787599285000"
"US launches 'operation economic outcast' against Iran","https://news.google.com/rss/articles/CBMisAFBVV95cUxPNXIzUGNYaUZBNEdFa0xvOFVQTlhfaXVxbXM1cnUtN0ItX25USTFITTFIR050TDNETkdYRnJockhNUUk3YXE0VURUVm9yY2g2cEplYmlDQnBXSnNLU0QwYU11d0s3MXRTLUVCdGVkUGZ4WldxMk9Xd21DZVJyZUNsYzByNG1iM0VOeFRtVFQ3cDBSbEpJdWg3TkNiYWU4VTRJRHBWNE5TTlh2V0g1cGQ2QQ?oc=5","Euronews","Europe","1787598660000"
"Trump's approval holds at record low as US support for Iran war falls, Reuters Ipsos poll finds","https://news.google.com/rss/articles/CBMivwFBVV95cUxPYkRkNWJWcGl4bFZlUjZrZEpaMGJIMGljWUk3MTU4M2tuc1ZvcnZMMlNOMVM1NFlGUGp6eVRXbTBnSHVFVWV6YjJ1dmNGV1g3ajJJbWUzcGw4U0kyZDkzbjF5LTlxS1R2aUV0RkNKN1Z5QWVqY082ei1lMzFmSFZfVC1QLUUwbFY5SmlDdlZyZnhIRmN6Ul91cVhtbWRrdnl6S2ROc0JRMk9mdjZzaTBvMURfcXNMbE9OWnpkU0tMbw?oc=5","Reuters","Global","1787598627000"
"Bessent warns countries to halt business with Iran or face action","https://news.google.com/rss/articles/CBMifkFVX3lxTE52c3ZkYVVpajZaLWpEWExjSDNiOF9yVC0wdVVkY3YzOXVwWlhpV05EWXN4VzNqekVYZGdvU3hIWjVZYzU2eUxXZXQ2eVhjaFpicVpBaFAzVm9BVXFZUEtsRXVIZlRLQ3RHMWRUdzZTVGlieG90MzZ1a091Ui1fUQ?oc=5","Reuters","Global","1787598429000"
"Iran pursuing implementation of peace MoU's provisions: parliament speaker","https://news.google.com/rss/articles/CBMifEFVX3lxTE1CbmJsZ2FVNWtGVFRaYzNTdGhpZHRSYTNDZWlqSVZfUWw2QmRQTkNnWHp6NS1yMDQ3cWZYOVR2OU96S2hSTHg0OWp0NXRid2dGZTFKRHlmRWhtZ2lfM0cyMUNONTlXMG15cUV2VXYxVS03bGU5RUZYaFl6S0k?oc=5","Xinhua","China","1787600460000"
"U.S. Announces Expansion of Sanctions in 'Economic Onslaught' on Iran","https://news.google.com/rss/articles/CBMijAJBVV95cUxPand2MGpVWEo5MkpGcXVVaGFVTXpmOTViZ3ExRUdrN0ZxUm5jMWFJSC1qQWNJZUNXcGVWN01yM1dVUEp5WUtMYmYyU3NibnhQS0VWR3p5SWd4amhtUkN0cmJvZU1faXNtU3RidDAwTzI4Q2RfVUJpMUZYQUh1d3FRVVdpZDdhSjRTanczbTRyU0hBR2JrZ2phVFhKeThadVd5VzRRVWtoV2ZFNVpNb2lMWlN3R3dFdzZySXNvYjJ6TTUzdU1BZEpnVnBTQ0lXdEFtcFQwVnhVb3Q4QWxzV3Y3M1QwNlh5NWw2cUZ2NFVObHA5a0lYYWNWb2FzN05DN3N3cDNLV0lXNl9RSFkt?oc=5","Haaretz","Israel","1787600160000"
"Trump's approval holds at record low as US support for Iran war falls, Reuters/Ipsos poll finds","https://news.google.com/rss/articles/CBMi1gFBVV95cUxONUlVTEhrRERsWG5CV2VKV0NPSDdBRllOQVhmdzZHOV9jbmZuc3FKeXZiYk9xOFZSaFRaWFFaX0FUVkNLQkNDNHh3bm5yczNJa2JacG1BQjhDME5CMzJEVFhPQ19CSFBtYWZGQUUtYXBxbWE2eWtOOVBmbjI0VzZtWXA4amlMSFRkMEFKMmk1dHFxTkNuNG5tcjVmSFZuVDQ0cWRlTFpQR0RUWXZSelBmeklBSk01ZS0zWjlIQ1pQdEVHNVhRUVlRdkJzem9pNjVxcTFsZkNB?oc=5","The Times of Israel","Israel","1787599681000"
"US cancels joint marine drills with South Korea over Iran war-related force constraints","https://news.google.com/rss/articles/CBMiX0FVX3lxTE5kNEdUVUVfc3ZCRkZEcDJhQmVSdUt4Z0U2anZEM0hUcWFUUDhEMDR3a0k2Vi1fdlJyS1RTQUpBbGs3dDViWFhmWFVkclZyUUJxa1I0ZGNyWFlCV3J5aFZR?oc=5","The Jerusalem Post","Israel","1787599481000"
"Is It the End of Iran as the Nemesis of the Greater Middle East?","https://news.google.com/rss/articles/CBMinAFBVV95cUxOQ2hBMlRnVEV3ZmI5NTFSM2hLZ0pYd1B1RXkxOVBwY0FCZ3N3MzBLTVhDdmNzRmp4VVJWM19sUTFLcUcyakJET09YWnFQNkdIVnBud1FISWZUTTZIWmR4OEpKemhUalBQQUdidlVRYk9Va0VqLUJBeU9VLVhfNHhCeFJvUUNHUmNtY1JLOW9JTHQzMWJhdUc3emYxRGo?oc=5","The Times of Israel","Israel","1787599380000"
"U.S. threatens ""economic D-Day"" sanctions on Iran","https://news.google.com/rss/articles/CBMifEFVX3lxTE1qVFpkZHgzRW5vTS1hREoya0h0cTJVTWhKVU94RWdXbUpMY0FGd0VfODVXajFvRWZBUFpReWEtSklQRWM1eUtoUHVKa3pGaG8yaUExQmM1Z2FNb29YSlYwTmtqbGxTbER5dEw3eW9oYWhWXzAxRk1EYzVIN2U?oc=5","Xinhua","China","1787598555000"
"US military says 71 commercial vessels redirected as part of naval blockade of Iran","https://news.google.com/rss/articles/CBMiuAFBVV95cUxNM1l1SGZib2lTVUdDdUtSUlF1blpHUjZHQzNmLS1rdHZxMS1iYVlpcjVzQ1JrZEhoVmUya3lQQ1ZaNnA0LUV1SHkxNTdRd0lFU2ZZbnQ0a2RkUjNtRWhJRzI0YVBxaFI1WkU0RDgxOE1aa0NJemtOLVpCYkp0V0VfRFUyX2p3R1A1MkZuV3RCTi1Tc21hOGU0MDd0YTlobUdsUXdLeGQ3V2c0eUZZclRIRzBNR0pnaGdq?oc=5","Dawn","Pakistan","1787598543000"
"Hegseth says US is not ruling out military force against Iran","https://news.google.com/rss/articles/CBMiqwFBVV95cUxPSGEzcWs2WnVSdThaR25zanRkVkdKaWNFRkUyYUNWdEpIeFRhc0YzUEptM0JEZ0dqUldhQzdTZGdFd2MtcDdOdUNOcW5ENkFyQXprTVR3dmhWZHpyc2l0M1RNRHQ0Y3cwUU5NLUhSY2wtb3hKY0ZUVi1UR251TzdqcmozNjJBcjdsTjNxbVV3T1I0NG54VV8yQ2pKZ1E0VTNvQzk3d2g4QW1mV3c?oc=5","The Times of Israel","Israel","1787601481000"
"US expands sanctions in what it calls an 'economic onslaught' on Iran and its partners","https://news.google.com/rss/articles/CBMivgFBVV95cUxOUjQxZTJvb3BjX0w0bVZEN0dEU2xSODFGQmcwS1U3TDgyREFmYzdrVmxvcFV1TnJXYnlpWXdNNVhpTVhsZTA2YXlXa2REMWxDUXZwUHpBNDhaQTlJbXJ6ci1vRWxXYk1jYlhUTlE5TnlERTZUNzdPdmVRd2dETE1GSkVfY0ZfRkd0RU5yS1VGUUhZS3ZGNGF4Si01UVdBTWFVbVpsNERkLXJiZkg3WFlGcllTdWhSRXQxOXhVcnh30gHGAUFVX3lxTE5OSXF5NTB2a2dWczFLSVhYWS1GTFFUTHQxSG1Fem0tYWVIVkctWW1PMDdsd3VGczlxSDhNRHJEX1JXVloyaW0wLU51aGZsbU1aOVo3TzJ3cmNidHRtYVVRSjJVNjBERGwxcEI2anhHMTBieVZlQU5zUGlIbFdPVVk1YjNoR1RVQ3RuOEQ5UGEwcGp2emx0Mkp4c3VSRGlhMFFzUEQ4ZmxWNTlnMWxmT3pKQ2F1V3NCMFctT2V5eDRINWZubGFZdw?oc=5","The Express Tribune","Pakistan","1787601338000"
"Nearly 90% of Israeli parents say their kids’ education was hurt by Iran war — poll","https://news.google.com/rss/articles/CBMiwwFBVV95cUxPaktUNGM2dEZ5dVdIemJSQm1FaVlyaXQzVEc5SWRxSXNjQlJZVmlPQlZ3ZU5tckNVbXhQRXNRVXBRRUROVjF0VkMzN042dmVDU2ZtMVhxUEl2d3lIWkV4RlZlaXAxLVBlblV2UmIyWmd0VWl6NzNPd2VkZFl2M0htSjFEYl9oUWZISXVIb2F1N1dvWTZfVzUyX18teGNBcEFKMmtEaEJWeFU0U2xmTG5jWGMyN3hMbFZCcjN3bVhFUzZvUUU?oc=5","The Times of Israel","Israel","1787601181000"
"Donald Trump approval at record low as US backing for Iran war drops","https://news.google.com/rss/articles/CBMiZEFVX3lxTE9EVWUyRFlJTGotUWQyUER3VWx0WFRPOFVqUGFuTHppRE1RZUJNS3hTYWpCTUZVYlJJYXJaSk00SWszRGlxN3lGQjVZTjV5TXNnc0ZORlBuZEtpVENsNE1aYWZYMlM?oc=5","The Jerusalem Post","Israel","1787600915000"
"1st LD: U.S. threatens ""economic D-Day"" sanctions on Iran","https://news.google.com/rss/articles/CBMifEFVX3lxTFBKd3B5TlcxQTVNZEZVV1VFLXhoY1cyMjhjSEFQVnFHVFc2TVIyX3NHc05oT1FtaTllcUZXemNTMzhvMU1VSDFuM1FvbjlpRUNJMGxUNU9pbjlvNVkxSE00Qi0zUzJrZlFZc1UzeHN3dzFyeHh0SXZmUlJIOUQ?oc=5","Xinhua","China","1787600625000"
"Netanyahu praises fresh US sanctions against Iran","https://news.google.com/rss/articles/CBMimwFBVV95cUxPaGFqT3Y3YVp2cGFRanB0YVdtSVlNUVhkdzlMamlxa29ZS0l6R1VVNVhISF9MUENQZ0dZTnVuR253bzBlMkFSSnlYeEpOYTRxellCS1VlalU3UnVfN0hfRlJ0TjlmRmNQR0YxT1RoSDVkWDNwUDBoRTlCYk5OY3RrNzJJV1hITU9xV1ZzOWRXd2VqVEd1N1FpMDN2Zw?oc=5","The Times of Israel","Israel","1787600585000"
"Iran predicts ‘another defeat’ for US after Treasury announces new sanctions","https://news.google.com/rss/articles/CBMivAFBVV95cUxNb2xiYldYWVEwZXM5aEZRM3pOc2MwZ3R1YnFHTkVuQlJ0WnQxVHNyVERPSVFqMWtLZnNBNjJiMXhRRXNBZXU1N09lTDBjeDVxazd4b3FiVmxadnJBV3Jzckkxb2JhVFIwNElyTEVJbjd2a0s1ajBXeVRQQzVxN2ZNOXBZM2cwM2ZDcnVmRl93d1cwVkdGOEJkdnhYQzV6ZVVvdUJCZm5IRWotaGVKMzRCMXBOcXgteElkRDRjaQ?oc=5","The Times of Israel","Israel","1787600581000"
"WATCH: US Treasury secy says launching economic campaign 'to collapse every last option for Iran'","https://news.google.com/rss/articles/CBMixwFBVV95cUxPdW1fUkxYOHlFbVppampqTEY1S0RENk9YVGVKZkdGeFVIT1VPSVNQWG51SlNfWldqRndGQzExUXRteG42TEFTY2hzTFNMMUxrZ3FLdXktU2tGNUxOOG9Ic2IwQnpONWVCM2hYckNyTjJ3RHdTNl81RkJKQTEzcDhDUDNiSDUyODRCN2NMSTVNNHNzMU11bHIwN195cm4tWHF0QnlMTEl2WDhFU3o0eXNndC1uMk55VTQtMEhFcm0zVjUxTDhhU3Zv?oc=5","Dawn","Pakistan","1787599983000"
"Balance of Power: Bessent's Warns of Iran Sanctions","https://news.google.com/rss/articles/CBMiqgFBVV95cUxQWDhXQjdQWmZYZzlKOU5oYmVPYXNnQ3Y5d0JON1Q0UGNrUWQ5cFBsRUlzcy1kNlhXZFdSZURvMmw0bUZXWlZxa045Rk5SZjY4eWg1d09XMjJ4VDh0bVMzSWFabERJOHpzRk9sM0RkUjdzOXNHZF92ZHRSbmR0Y3NLQnk2djA1REh0Vy13UUZmR2dJenhOYVZZbUdwYW13U1BCMFpfZGd5Rm8xdw?oc=5","Bloomberg","Global","1787602411000"
"Dollar Gains as US Plan to Cut Off Iran Spurs Haven Demand","https://news.google.com/rss/articles/CBMirgFBVV95cUxQaDBMRTRoU0NudG5Sa0VvSnk2STdKd2dSNEUxa0Y4MENQZFFZenhuRHNwRVZseFpWTUFFdjJsQmplQWJhc2ZCbW8yeWdYbUY3ZnZ3elRvOVBzVmFETWl0MXNFV1oxa3pPaFljT21ndXpOUGJFdThqdzRJM3dyQXN0M1RoYTdLeGRUbTQ0QlJjaWVUaTdpVkpaQ2FsdFZidnNuMzFhWGYzRkphR0lFZkE?oc=5","Bloomberg","Global","1787601852000"
"Opinion | Iran’s Winning Strategy: Avoid Losing","https://news.google.com/rss/articles/CBMid0FVX3lxTE9pZFVKYm4tSndSNXFONEN6UGp1S3hsV3o5d29tc3J2bmVrYXMwckVqNE52T0JhclYwa0VhMW9FeGF2MUtaTGVfMUtXTzY1d3l4UHhqVXJ2cERvWXVGZDJyZWNKeWFRRU1TcEtWaU5HYmF5N2taNkhz?oc=5","The New York Times","US","1787602382000"
"Democratic Senators demand review of conditions on the USS Abraham Lincoln, other US warships participating in Iran blockade","https://news.google.com/rss/articles/CBMiogFBVV95cUxQVWhjVk93MWZGckZsb3RtSGYyMVRuUnhPaGk5SE9mODhqVEczd2VnaHozSU5wYXJYNHZ1dEMwWGVtZS10dDZiLXVYNDNSekxVc09zbFoxbndkWUdIR0NfN2RFajlveDFTOXRtWTBkT053aVdZSV9VdWktaDg1RVFKYUZTUTR1TWVpYXRFdVNmOERYR1NQM0FsT1huaF9rRnFsYVE?oc=5","CNN","US","1787602019000"
"What to know about an ‘economic D-Day’ for Iran","https://news.google.com/rss/articles/CBMiqgFBVV95cUxQZi11LWo4bGtZLU53aWFmZ1I0LUF5UkJWWm0xcjFQdF9qeG5EMFlra0xKMG5tdm1YX1dVZjQ3LWowaWptNXZucmhmcDNyOWUzZHJHZS0yaFhWVWV2RV8zMVd6dW5fVmlQSllLakI1aDJlUHBqQ0g4cXVReFo4T0t2VVRoMWhZNFdHQmdlRlEyQXdyekRfOWNUOWRRN1h3blM3VWhlOWRrZ0FjZw?oc=5","CNN","US","1787601436000"
"2nd LD Writethru: U.S. threatens ""economic D-Day"" sanctions on Iran","https://news.google.com/rss/articles/CBMifEFVX3lxTE8wQ25nQjlfd3VYOGFUaVBNbW5BQ2VzdERTT1ZBb3gxR2lTbmJtN1hFdzNLNTVaV3FYeWV3YmRYZXFoZ3ZQcmJidTJyU3ItUDNNcWJUN2lyMEFFNEgwQ0lsQkd6UFVQRkswUHNNaERMVGhVenF3aTdhNnVBUWE?oc=5","Xinhua","China","1787603475000"
"US can still strike Strait of Hormuz targets, Pete Hegseth warns Iran","https://news.google.com/rss/articles/CBMiX0FVX3lxTE9zV2hUOE10UmpvQnlWaDJwUjREeUw0bWdRbFdSelQ1Tm5fdUktWGdSME5WTG5NckJQamlLRDBfNnBieERmR2lTU0xiM2k4SDZkQXBMbXRDekFOeFNLLUow?oc=5","The Jerusalem Post","Israel","1787602829000"
"Stocks Close Lower, US to Isolate Iran From World Economy, More","https://news.google.com/rss/articles/CBMirgFBVV95cUxNRmZpbFV6dVIwUkdGOVM0U1BDVndVNVJ3NHc3N0Joczg2M29kMkwyZ0hDVldKQ21vbDEzQ2FZc0txOUVIdXJrSVdZWGRiUVNqUDFpckVKTV91ZTQ1elUzYlg1WWJXZlluTFBLWEs1TDBTV1RkYXc2OVBuc2F6Umwwam5fYmNibzctVUxjb2xvTHhhS2lmYkJOTTFKcnJLSnhNQkdGb2VFdm1vcGhxS1E?oc=5","Bloomberg","Global","1787602651000"
"Albanese faces datacentre disquiet, bird flu threat to seals, US vows ‘economic onslaught’ on Iran","https://news.google.com/rss/articles/CBMiigFBVV95cUxQZjZZaDl0MGFaeUlNVmppVktUX0xKckU0NWpWS0hFandjcm1XY0JBT0dqekNRcVVycTRRcHBpQ252QWJjQXN4RVhUenFEZFg5R3pxZ3pvbi1jcVBIa0drME5nbVA0LTdKNTJmejI2X1B1bTJQTzB0bUFXTU84SjZIeV9yOWVvdU5ZTmc?oc=5","The Guardian","UK","1787604720000"
"Trump’s ‘3 knob’ strategy against Iran outlined","https://news.google.com/rss/articles/CBMiVkFVX3lxTFBDNXhoSHZLeVhZZmhEVWlMUmp2alN3ZENCUl9PcnpjMXhYUHFyTXJvVVo5QVdlV0NiTWlicVRVZndPeFl0M3FuRlZEZE1nT3ZQWEw0TzRn?oc=5","Fox News","US","1787603891000"
"The Latest: Bessent warns the world to cut financial ties to Iran or face US retaliation","https://news.google.com/rss/articles/CBMiugFBVV95cUxQdlNkb2d0WG1JTGU1V3hLWkVGZ1MzVl83RnJkbS16NDMxMHR0dHVzb1g0cGRGWEN1WDJpT3ktY29FSmp2cWx6Rm9qRm1MRDk0TFZ0Sl9HQXp0QUk0Y0E3WFJFRC1Qc3YyWVo3RldraHZVdGxmeURiY0dVcUk3V0l6a0pSbG9aS2U2VVAyOWh6TVcwWlNyTGdWcmZUUTkwQ1BfdDFVNHVLQWpKZldwQ2lPUkV4eEFuZ0EzX0E?oc=5","The Independent","UK","1787603640000"
"Iran tried to assassinate one of Netanyahu’s sons, prime minister claims","https://news.google.com/rss/articles/CBMisgFBVV95cUxPeUxjdkFYOHp0ZDdNWG1kWjJJTjJnRko2NkJQakxMa2NtR3FMVlNZUWJHZWJERDNNQTlFenh2enlNLW1KLWlYNjJ6YU9CR2ZWV0VlUjREM21DcU5vcnNtUlNpcUUwajdZUWNFVUhvOWVmbl9vaHVKd1RZdmFfZm9rcllxTkM1SHJjei1sM2kwYWNLeDdOcDZ3Vm1Sc1pCdTUzSHFwLTRPczEwUW9kYmowUmZB?oc=5","New York Post","US","1787603160000"
"Iran's president says Washington must change tone, approach toward Tehran","https://news.google.com/rss/articles/CBMifEFVX3lxTFBPaHhIZS1pV0ZOaXNqU2xRUTNvRUM1MmstYmNucXBYb0FpVndrNWN2MS16ejJsN1VCZUczejhuV29yeUV2Q3VFR3RWU1BVNm01aEF3UF9Ja1F1aDBIaURQajlodW5rdHNmaXJ2UmM3TjFiSUFXdl8yYk5nb0o?oc=5","Xinhua","China","1787604840000"
"Netanyahu says Iran ‘tried to murder one of my sons,’ doesn’t give further details","https://news.google.com/rss/articles/CBMirgFBVV95cUxPZWlCQ1lxSlNzRVdTMFAyR2JNZlVDWHZlSlhsRGtrVm5DOGlTVnR5T3NEMUhzSXdORkxiOTBwazh2LVE5QnBpMXMzRGd0WkNaMEgtRzhSNExqMDJJR1EyVW4zTWQ1ejA0eVNYVEJaMWlMRW5wTl9zWU5zckVBZllrbXBhZHJkRER4NFozWVFPUWtWRHpkd2EtbzFPQ3VDcFlUdzUzbkRUWlMxZjFqX2fSAbMBQVVfeXFMTkhDR3N4QnNvWEhqUTFUa2ZNWjhtY3QwT2NtQVlhLWhqNDd6RmEzMktScW9YYjFZUkF6eW1Ddzc1Tk03WlR4ckgtUFVzWV8wbkR5dzI3ZGYxTTBhaFVaV2pOUHdaaXVVeFVUeUswRDFXUUd4TzdEZW03ak5ZbG9DWFRQT1UwVVc0TU54M002anZkdFlZT2U3RmZDa3V0WW1lbVVqZzZmT0VhSk1xTkhidzEwVTQ?oc=5","The Times of Israel","Israel","1787604720000"
"‘Economic asphyxiation’: US Treasury chief announces new sanctions campaign against Iran","https://news.google.com/rss/articles/CBMitwFBVV95cUxNY0YzdzJkTTZMTndXOW5FOEFjX1lTT05YZUc2RnR4YUlIdjlHUWdDVDRmdjIzZWEwMDY5VUlWTktEbGdCRW55Tjkwa3pwWGR4akRzT0VkOUZYd3o5ZWJsSlVpcHM2Z1dHSWlkRW9GM0hCSzZKQWZYTXFMWmtpUG1EdUlmVU9pSXVMbGx0Rlp3emR1SUlPeXlxYXlKOE9WRXltSzloVEhqNDNoQnNES1Zwc3NyUHg2LVnSAbwBQVVfeXFMT0JFcDM4Rk9VV25Xa3JsZTRKNU1FR3Q0a19qN3Rtc2Juc0QwcFRiNnMyaHdjdUdLYlZFYk0xdUNXRTQ5LTRSZWd5NGRQLXc2S0RFZjVUQ1VwdVJQUkNmQ2IzX25TczBON25NZGxhRW13YkwwWV9LNkFxU2tnazR1YlQwUll1dUJ0QUYyZmZTUVRkNTNlVkJzWlQzTkhJWmJWcVotaXV6VFg4R2g2TVFJa25kbzhmZjhaZ3dZckw?oc=5","The Times of Israel","Israel","1787604525000"
"Video: Iran reacts to US ‘economic D-Day’ sanctions","https://news.google.com/rss/articles/CBMioAFBVV95cUxNZnB6S3VqNDBKMjdWOXJCbVdVejVYQlNLQjBJUGVTS2Q2Z3BoWDhMYlhucTM1eE1WUENENjBmclVGUk1DLXlkN2VqQ3d0cTlVSE9sY0NuRWVfNnJhOG1PbnI4OXhvcmRBbUZsZDVfS3J5UlFnS2YzSmtwcE81cWJaMzdFaWloaVhrZ0Y1YzZrbXlzekJ3Mm1pTlpKbnlJT1gw0gGmAUFVX3lxTFAyNWRQaUV1VmhkRENxelRsUjEwNnlhMjVWaUNVQ1pETE9MRldCSFdZTUUxODBRYTlGbGJPQWVpU1NjUGpwNUR2SHZtMWx1WTlfM1dXUWtnTUo1Mk54RGtEUkxHR3pnSzlCak85Y3NMR2xTNEFhamFUanl4N0FEOG10TnM1MGpCZnExSy1nYWFrSFk3OXhWQXQ0dTdLV1BiTXJzcGRFMlE?oc=5","Al Jazeera","Arab","1787604523000"
"Update: U.S. threatens ""economic D-Day"" sanctions on Iran","https://news.google.com/rss/articles/CBMifEFVX3lxTE1DTmdrUk85d3p4Zk5HOXRaemQtN1ZfZXA1NW41YXYxT2NpZW5OQ1pHY2ZlUHV0WUF0UlZtV3kzMEZzQlFQUDN1Y1p6OVEzWEM0YjRXdmtnNW91aERueEh6VmUyeG9MaTNyeS1tQlFReS1tb2phOWJwQy1jeDI?oc=5","Xinhua","China","1787604315000"
"US to Isolate Iran, SCOTUS Allows Trump's Mail Ballot Curbs","https://news.google.com/rss/articles/CBMiqgFBVV95cUxQWDVIeEpBeEcxREtld3djdC05aU9vak9ZNlFESndQWG1Da0pCUE1oWS1xeXNleXdqRGVGV1Q3WUY3a1JJdHRiZ2RKTXFyTHBuRGFkNWxJNngyZGQ2UkNacll6UVlsOHFxSm1CaTRLeFdlNkpULXk4N2MxbEZ3MW1QblFBLVNtVXpzTWlqN0tYdWNweE1fZjNtRXFPUnppcUEyU1BnSjMtenkyZw?oc=5","Bloomberg","Global","1787606163000"
"5 ways Iran's economy is wilting under Trump, Bessent pressure","https://news.google.com/rss/articles/CBMieEFVX3lxTE1veVZZOFdPSDlQQ09KZlJWaFpvY0VhNVBGc0d6QWFxVkxobjZVX3FhQmREYXdBU2RnNklOdGpZRjEzV1htdXZ2M1BMaHptNUZvS1dnZWo0TTNHUC1RMGM0Um5zM19NYkJyWG01Smd0Q0F1RVFuS3ZLcA?oc=5","Axios","US","1787606318000"
"A New Effort to Punish Iran","https://news.google.com/rss/articles/CBMiiwFBVV95cUxPOVY4RHVORk03Y2RKNjRDb0UtNnFaVklKVnFzTGxPN3RlQUtOeFJZSGFsVl9kdjRyRlJOT2FUWXB6WlQ2ZXNmV29xSE4xZ3pQVndlWlNnQzZVVnZCalFCcnZycDBRUE5MY081azFPS3ppTlNhalFFVkZLb0wtY0ZUM3p2LV90TEZ0OG5j?oc=5","The New York Times","US","1787604509000"
"US public support for Iran war falls as Trump approval at record low: Poll","https://news.google.com/rss/articles/CBMitAFBVV95cUxPVEIwTjRsMEVZR0Y1anpISy16SnpnZ2ZXWURndm1UVlp5bml0TUZTQmRuNzVpTmx6Smg1ckJqVllBN1BxU0ZuZ0M4aFpuWGEySlNnMTZPVzlGLXJmVGtlaFMxREczNUVHTEtaVzdSRy1LRjM2TzdCR19TcnhKdTdja2NuRXNhcWdzMUVzZTNZVE5UaHI2eE1LY3BlX2ZhZW5QRXU2UzNDaHhIQldlQmtaR2x6Um_SAboBQVVfeXFMTzFBbU8xNXQ5RkxyNW1qWnhXWF9jZ3MtUXpkcnlvd2dLSElCUjNfOUlnSzF5V0tYbzhPV3YteERjMFdtZG9ITzNRNXZVNE9rVEZKQnFOdWxLQ0VDaVZqdnRfS3pDbk1yMHFscklSYlZpeHROSU1QSmFab2o0WExVSG11Nkl2LXNhemVyYWtvUGNmV0c1eEJWY3lRU0d6MWJPWjl0S0NnLWpxSzFmV1NxVjV4X3JkX2ZZNUtR?oc=5","Al Jazeera","Arab","1787607329000"
"Israel's Netanyahu says Iran tried to assassinate one of his sons","https://news.google.com/rss/articles/CBMilAFBVV95cUxOcnNrTXN0SDgydW1kcW9YLVZmdXN6SGhjcFUyY2pMX2VTbTFiYTIycjNqU0RiTGcwcUVGWjIyOVdaYlBIMHlOdEZ1ZmE0TkZwNzFuWHN1NnJtUWsySk5od1BKTm5xQWs4V05fN2JOdm4tR2JIcVpPRjc0aWdUbmpTeGRrWFU5aEs0d2cyb2RiRVJzNktY?oc=5","France 24","Europe","1787607511000"
"US Tells Iran Trade Partners to Cut Ties or Risk Sanctions","https://news.google.com/rss/articles/CBMisgFBVV95cUxNa2owaGV2M19mXzZzMU45blhsRWJYMlJNNXJNWU41N3UtOEJoeTJTZkJzcVVmZ0t5Z1RjTGpVMThJcDVoLU1yM3BWcFN1Z0dKajRIZFpXcUgwakstTjYzdExVOUtmSnhOcUt1a0VEa3hDQ2lWbHZKbFNEOEo5OENiQ25yUFZqTWhnSDJ2VGVMbFh5cVhoNjlpc0JSSkE1ZkpsdVJtSVVmT2Z1WHZEbnBrQ2FB?oc=5","Bloomberg","Global","1787607199000"
"Iran’s rial currency plunges to record low as citizens try to cash out","https://news.google.com/rss/articles/CBMi5gFBVV95cUxQZlRIVEZaYnZNN0dwWmlOeHJ5YWpqUmxfZVV2Qi04RmtyUGVYbXY1X09mZlFwTzRHNEk0UmN0eENRV1NXWWxjV3BJclZTS2xKM19xSEZtcHRxalROazlvQTVtRWF3Tm5iS19rdkpkM0pEcEx6bkIxSGNLZUhEbWFSNm04MUdzX2ZLd0xwdV9nTHRfNm12R18wdEFiQXBubTNqSFU2TXNxekp1OFROMFI5dHhjX2Q5eVdHYUZKR0x5TmFXSUJnS0NZbUk4MmxnZHVlX0dvODZ6anVCWVk4OWRrMVV0M2s2UQ?oc=5","New York Post","US","1787608440000"
"Opinion | Trump Unleashes Scott Bessent on Iran","https://news.google.com/rss/articles/CBMilAFBVV95cUxOaF9kR1pWN2Q1MzRNQUhDb0ZQV0hydERsdi1qSWJMRWpfZEFMZUx1M1hmX081cWRlNFc0QXlORWJLRUJmdUFuOWtzN0JMam40dmZBUjRJZXBZYVlXRWVsUzFRY1luNFRNOTAzalM3VEpNY3BnWnVEN3E0dThadGRCNVg2dWRTdm1GSEx0Z3VOY1hDMndk?oc=5","The Wall Street Journal","US","1787607780000"
"Trump Escalates His Trade War With Canada and His Sanctions War with Iran","https://news.google.com/rss/articles/CBMi8wFBVV95cUxQRVp3bXlZZ2ZpYmJtMUFUZ3I5S3JYOE5ud1Ata1BNSWxmMEF3RmdQR0RleXROZGptVEQ5ZlJXb2ZnQ0g0SGRFSTRuZzE4OWhRU3pJcGVwU2gyRHhOY292bzRPZzRjQVU0TDR1Rm1nbWc4dVZpaDVUTF8xRldnSzZXQUVJMkhvNlNES1VScEMzYWJ6UEhLNExRTVdvMUs0M0ZBdElwNFc0YlVxXzhib1JCRWpXcGtUZFJ2bFBlUHZjY3RIaFRPbGhESnI1dWZkZDA4d2d1a1V3Tkt2eGlnLW1FNTBWYlVIMlNfRnlaTTNvZ0NDVWc?oc=5","The Wall Street Journal","US","1787607480000"
"United Arab Emirates cuts off trade with Iran, nixing billions — why it could have 'crippling effect' on Tehran","https://news.google.com/rss/articles/CBMiswFBVV95cUxPSU9TNHFDVjdDSWk5eXFTMmxuZ2R1V25yWXlVQTVCd1VZa0pJakROVjlaaW9wTEtiZmNQYUJPbDdfeDJHdE8zdG9ubGVuN3N2Q21hR1pEVVhuSDlXdTVab2dqc2FIOU82MENoYmF6MF9ZSUZHQTVGN01pSWZBSVlTeGQ0UVlhT09IT1JHbU8xMnhqZks3WWRBNDY1a0NCMFVZa2JqVWdsSXVESktCcFN5dWtvZw?oc=5","New York Post","US","1787607180000"
"How Bessent’s sanctions threats may pressure countries to cut financial ties with Iran","https://news.google.com/rss/articles/CBMi2wFBVV95cUxPclYzb20tNWNrUjlBSTFLRjcxOUNTWWxBaGtSWGtrRFhfMHVaQmQzOEJXNUhSTGpYVE5iZl9wZkJXWXQ4N2VYdVZtc09mLUFyNkVVWlBFSG5xWHlDUUhhUUNXbkNzaWJfc216LVROS3JMZExGVXhNTVRBbnJKN1BMR3ROUGpIMEFqUmNSRG5Id2ZBY2tFdlBQWUVpa1IyT2JSQXFYVW8wYmFoc2dLdVVMdGlKdy1QWEtFLUtzRnp4cGpkcHpSbnFybVVPWElsaXNXUzhuODRpUWtfcmc?oc=5","Associated Press","Global","1787610120000"
"Bessent’s Iran ‘D-Day’ Seen as ‘More Show Than Tell’","https://news.google.com/rss/articles/CBMipAFBVV95cUxOVU9hVUU0RWxCZUZKQWxIMHdiWUF4c3pkZzR3aWtURkY3WXlMaWMyQmN1OHhSMXNyZ3BaVXh2OXd1VFdVd3JPREFfelh4MFFveTN3ZzZ6NFVtelMtZXptZUhoMTBrdTN5NW5nS05rMlJib21CaVJZNTB0ZlRHXzQ5YnRja3lTMWF2UmdEZG9hUjRSS1I5Y0FocjlFUG9uNWVzUmRQMw?oc=5","Bloomberg","Global","1787609808000"
"S&P 500, Nasdaq end down on tech stocks, investors weigh Iran moves","https://news.google.com/rss/articles/CBMiZ0FVX3lxTFAyeWtneUhENmZDWEdhWFltc2RVMzRKZHhiZXBiRVM3Y1RGcmtPZUNjbTJZVDVNLWRsWml3akQ0NHZjd0hUcW42WmNCOEJnMFZXMUEyX0F5d2xuLVYzdm84SnlYaXRKNzg?oc=5","Reuters","Global","1787609315000"
"Court Backs Trump Order to Curb Mail Ballots, Iran Eco Pressure","https://news.google.com/rss/articles/CBMirwFBVV95cUxNS3RQaGlfVHlmSF95emd2UE83TmZHQ09oc3U3YXhkNktqTmNKN2tjYVR4ZHNzZVN2dUxlby1zMWxxNXJpR1dfSUk0WE42UWhQVzEwZGRzR0pSSHhkUmtBS3ZHMmpVUXhaUmhBeXRYMU1rSGtkVmRWbFhsUERBZ0lITFB1QzY5WExzbXVtMDV5THJEN0dCNzZCZ2ZPc2o5QmxJZU5kR0huNFZzLTZKYzdN?oc=5","Bloomberg","Global","1787609046000"
"Oil Steadies as US Plan Offers Little Clarity on Hormuz Deadlock","https://news.google.com/rss/articles/CBMingFBVV95cUxOR25BeUp0UzFVQkhBa1RmdVRyWVJPS1NzblNYVWFWR3pDeTYwMzhHeXptRER3bkNiX3BfdUdWeTMtMmU2ejVlOEFpbFFJRFBMazJWWXVaYWxRZEpLcGM1RzM3QkltTW92SFNWMFhJN0h2dzV1QXVHUHZUSWVKT1R1UDZmUE5IMUdPRmRpdUx1THl5S0FoX2VEQXFFVzJnZw?oc=5","Bloomberg","Global","1787608951000"
"Video: Trump Administration Announces New Series of Sanctions Against Iran","https://news.google.com/rss/articles/CBMimAFBVV95cUxQMGU2Z2RQWnFQOWhMUXVza3lSY1lFcjhfWENoME4zR0Zoa3UxTmJCRGYtSlRpb3BwOXIybDdSaDlpUHptOVo1SFl6MDBYNXRqTm5mcFFhSG9ZcWJ3YUFaUW56MXIwZDZ5MnJLb2xBQzVzeHM2QkxyRTMtYlowNWNweGI0SThHWHgtUGp3T1c3Vl9kWUhxZ3RycQ?oc=5","The New York Times","US","1787610583000"
"Opinion | Michael Ramirez cartoon on Trump, Canada tariffs, Iran sanctions","https://news.google.com/rss/articles/CBMisAFBVV95cUxOTEpCcUh0aG11ZGRhM2F1a2pJWmRaRHFVTDZQTVl0eHNzZjlZb1VGNXpLNHZkRThSNm1lTGE0N0FURlR2Z1lqaTFyOW9sZ3AwRENDZHZ6STZBM3g4dm9fTnpCLXk0U3JwR19DeXVBMTgwU1NHOS0wR1h5VUpBWG1SVmZyWGVxVWdTX2hKX1pZc0gxSG9YVnpreUgzQTIzUm5ualFrVXhLY2UyMTY1aGl6RA?oc=5","The Washington Post","US","1787610289000"
"Operation Economic Outcast is a recipe for success against Iran","https://news.google.com/rss/articles/CBMipAFBVV95cUxOczY1cnNlTzN2ZnF2TWwtS3lQTFVTWkhWWEltbHZQM2dTVGRzcEx5R2xlQXZiU2lsTEFjblhrZ0V2MWhJaFdCLXZtNXFWLWs2d0M5V2dEY1F4Uk40NFBKRjFuZkRnNFQtdDB5OVVGQVozTG94bVJ4Q1QyUHFPdW9qVjJUckVLS0ptbFRvZVQ3TE1MVHI2QU5MZTVPNTBhTDctWG5haA?oc=5","New York Post","US","1787609880000"
"Iran's rial currency plunges to record low as citizens try to cash out while US pushes new sanctions","https://news.google.com/rss/articles/CBMisAFBVV95cUxOZTlFZWozalVaaUZ6UjVOLWFkZ3hnUlB0Z2tLTEZXYkx3YVRBdXJLcldWZlJ0bzRrUTlEcmswUTBIcGdRcXQ3TW9lRFdqMTNiODRhQ0M3UnBRalNOSk9uMVY1aTFob0tENE9hbmRwVlQ1ZGVvaHczVGJjQzNuUnVIcnRscFJRRFExZVVMajdsa2xIY2c3dGhGVERHOFZ0WVp2Zk5UeDhCcFlDWGppV2hwdQ?oc=5","New York Post","US","1787608440000"
"Power-Hungry Data Centers, US Threatens Iran Trade Partners","https://news.google.com/rss/articles/CBMiswFBVV95cUxPNEc2c193S3lEYk5sSEhlZnpxMzRwbFR2dFYzMjZWaEtaN0NZdzJhOUtDeFhJVkV0N3M5TUc1Z3J3dVZ4WjM3cHhGSG9FSk41bXA0MHVXbGNMYkNEZE04SmNYYlV0NE5aZDA4Y2ZsZE8zeUtIdHh3QXQyUEpwdnprOUVBb0dmYnFjMWtzVUxqSnExcWxQLWF5eVIwRFdKTVNrb3h4S2p3UjRZWnRKLXJLX1lXOA?oc=5","Bloomberg","Global","1787611084000"
"US threatens ""economic D-Day"" sanctions on Iran","https://news.google.com/rss/articles/CBMibkFVX3lxTE1Ea0U4SlhuekRHa3EtUzAtN1pPOWJIbndYMXp4aFBybkw3OXFpRkVXRG8ycXpLTGl6RVRNZ01uRTV3NTdtb3pQb1dWaVc5c3A0S3BjRDhRekRNUDQ2Ylp6dlQ2d2JNajFfeWpVQVFB?oc=5","CGTN","China","1787612698000"
"How US sanctions on Iran ripple through global markets and consumers","https://news.google.com/rss/articles/CBMisgFBVV95cUxQdWpWaXhDOTJpUzZGdEpoaUYwTnJCNExhTjhpam83N1ktempFRk9FSG13NFltWjdQWWxKVnhsODJfXzhpODNLZHlYbGYtNm5MR2tuTHlpY2FHa1JreElnQVVmWU5CeXVOOU4yOWVpX3R4aFpiMVNwTU4wVWNoRVhQb1VPRFpKLTJGSjZfemhYX09CWnpkc1F0TGJINXl6aU9CbjNfNE10TTE5ZkhuQmhIeUJn0gG3AUFVX3lxTE1RU0FZVVJ1Y0J1bkprcmhiLS1nVVpGQVRZMDFYbm1lZkxLZkh3clhCMHZnc1E3T0JZb3paY1ZqM1RXMjdrTEk1NEdacFZHcHY5dUZiMm9oQnVRcllBR09vaXFjRm1xdnJjVzBnU1JrUk1rUHVoa3QtWXU0SzNDcE15U29RQ2czZWJuV3c4UkpacWVzY1NscTllWnhaV19DeW1oaGdrRzhwVkpjUUpicXFEUG1pYnB5NA?oc=5","Al Jazeera","Arab","1787611653000"
"Court Sides With Trump on Mail Ballots, Iran Eco Isolation, More","https://news.google.com/rss/articles/CBMirwFBVV95cUxPZk85UGpUa2JxRVdLOFRVNVM1dW0xd2R0MllzUmVTUndSRmZHSVBTUWQyUm1sMHVEcnhwc2lOMXZjalJHcUZWOXVGc0g1cWkwRnFNYm5aMEpndThCZ3ZQZGZCOWJjVVBLLUV4cGhLZGczQXJLX0xFTmcwclpnR2Uxc0hzRWRsM1NyZ0VkeXBvXzViY1UzVFEyVWd5ZjY5X0YwV2k5aGxlWThhQW1pbHN3?oc=5","Bloomberg","Global","1787612911000"
"US State Dept. introduces sanctions targeting Iran in Operation Economic Outcast","https://news.google.com/rss/articles/CBMiakFVX3lxTE1vb25rMUF0NXZmeTVLUUNicXl0cmpRLVR4aDI4WDhjSHN2SmJGWUZIVmlOTnFyaDFpbEo0cm8zaTVTcVpkRWV2VlYxSERpQVcwdXBZVjZTXzlVdjRIU1RtNW14VFJ6a3Nuc0E?oc=5","The Jerusalem Post","Israel","1787614870000"
"How US sanctions on Iran ripple through global markets and consumers","https://news.google.com/rss/articles/CBMitwFBVV95cUxNUVNBWVVSdWNCdW5Ka3JoYi0tZ1VaRkFUWTAxWG5tZWZMS2ZId3JYQjB2Z3NRN09CWW96WmNWajNUVzI3a0xJNTRHWnBWR3B2OXVGYjJvaEJ1UXJZQUdPb2lxY0ZtcXZyY1cwZ1NSa1JNa1B1aGt0LVl1NEszQ3BNeVNvUUNnM2Vibld3OFJKWnFlc2NTbHE5ZVp4WldfQ3ltaGhna0c4cFZKY1FKYnFxRFBtaWJweTTSAbcBQVVfeXFMTVFTQVlVUnVjQnVuSmtyaGItLWdVWkZBVFkwMVhubWVmTEtmSHdyWEIwdmdzUTdPQllvelpjVmozVFcyN2tMSTU0R1pwVkdwdjl1RmIyb2hCdVFyWUFHT29pcWNGbXF2cmNXMGdTUmtSTWtQdWhrdC1ZdTRLM0NwTXlTb1FDZzNlYm5XdzhSSlpxZXNjU2xxOWVaeFpXX0N5bWhoZ2tHOHBWSmNRSmJxcURQbWlicHk0?oc=5","Al Jazeera","Arab","1787611960000"
"Oil Edges Higher as Traders Assess U.S. Measures Against Iran","https://news.google.com/rss/articles/CBMiuAFBVV95cUxORWdfMGZLcWFBcUdhdTRZSnVQbmtRR1k0TGFKQWpCckpFTnlBREtHT1huekpWOXZHVjRwX01SWmxsYURQRDJzbmI0c3VQYjhaQVJlbXVhcURKOU4xQlNMekdKR3F6QTR2dEJoN3pDRHkzVkFtWTExWTZoQlc5cVhpbkdVSnY1eEx5MHBnS1RXbGd4dXNuOGF0OUE5RFkzdFB6b19xaG1oX0FEZGZPdEtEa25aYzlWdlNI?oc=5","The Wall Street Journal","US","1787615160000"
"Opinion | An Iran containment strategy takes shape","https://news.google.com/rss/articles/CBMitgFBVV95cUxNRXpqZmdTa2lxay12TXdEb3ZmdjRxcUw5SmFCSUg1Y2VFSzl1NGg5bDJ1NVdSTHZzMk5fS2RCMDZqYUhCOGxNbFQwc1I2WkNyRTBkTUdpTURyN2M5MXh1alVJMkFVdzQ1MGRiX1JpYlV5VDlfU3VnV28yY3ZpLVI4SGo4a2FEU2hHbXJyd0pSTUxPOWFZOE4yY0R0dmxmWmxuZlNrbk5KLUt2elBFalhiQUFpVHVuUQ?oc=5","The Washington Post","US","1787613923000"
"Treasury Secy. Bessent vows ‘economic d-day’ against Iran","https://news.google.com/rss/articles/CBMipAFBVV95cUxPeGgwd19pUzBhY2UzMFgzU1pBRHJxTFdXT2ZHQnl6QzRrQTA0WVN4d19ac0xvU0ZsRHZrS05QZUQtcEdYNWgzeTlUdG5icTFZaWRJOEpmMG5xUWJ5RWJYVGVJaWVKRHpiRDd3OUZZVzNMSWtKTUtIclgyY2JBeXE1bWZNZGlCb09BbEI0SlpsZ1JxbmNvR1V5V2xJZFQ0UXFHQmRZNw?oc=5","CNN","US","1787613180000"
"Team Trump moves to asphyxiate the Iranian menace — hooray!","https://news.google.com/rss/articles/CBMimwFBVV95cUxNSVd5b25jLXVxZk5kY3d2UGpYUzJwMHgyV2NOSldkeGc2NW5veUhxWXktc2FrU3NlV1FrcGc5RHVNUnBUbWdkS2ZFeWNINk1UcGdNN1FiMVBEdzZqcGFIQk5pMDN3aTdLYWpIUTB6eTV0Q1Q0NjlrN1U1Y2dyN3ZjVkFrWWhfcXA2c280dnVKTC0xX0VvMmQ2OGU1UQ?oc=5","New York Post","US","1787612880000"