headline,link,source,region,published_at
"Oil prices slide on hopes of US-Iran deal","https://news.google.com/rss/articles/CBMiWkFVX3lxTE1iTVdLWFZqazZIZGJwQjFPdE94Z3phSzI1UUNzZ29Jc3lGWGJod056UW9CVTE0QUFkd0lRVDhMYU9ZQXZVcktKU1hQSW1ENlJZOFN5c1VhYWZOdw?oc=5","BBC","Global","1779665901000"
"IDF maintains high alert for strikes despite potential US-Iran deal","https://news.google.com/rss/articles/CBMibkFVX3lxTE9LNXN5V003RjZnazFzOFlfNGJFcDZ1dE8tWjlBWVpuLTdUZEFnZklCYXlhSHM0bFN5Nk0yT1B2U1N1ZWpPQldkV3FQZFl4a3d6LTlyMFZ5WDVIZ1VSMTI5SVZuR2hPaWdlWGlpUUVR?oc=5","The Jerusalem Post","Israel","1779665019000"
"Enemy fired 2,100 projectiles at Abu Musa island during war but failed to break Irans resolve: IRGC advisor","https://news.google.com/rss/articles/CBMi6gFBVV95cUxNaTkyMm1kcVFtSnNnSVREdzhUQnJwNWZHMGktZlZZRGI0RTUtUm9ROTlQLUx5TmlNNUF1N3lKRWpjYkdqRHlpZG4tUWUyem5hcktNMW1oMlZkUV9nQUYtUmdWLVJrSGZhaVZ4UzExaVRmeEZ6TlBFVVdLX2xJYXcyVG5qTVQtV2dCbUhsYkVIdFYyaTRNc0RXVE9uRlYzd3NGQXlNXy1MaFhvakh4UWhLUkRzd0lMT3VJQXI3bkExVEotMGZwa2hjTy1aM05KYlBXc083Vi1ncGRWMFhLRGozUXdESURJY1hpd2c?oc=5","Press TV","Iran","1779664500000"
"Optimism in US-Iran Talks, Push to Open Hormuz Strait, More","https://news.google.com/rss/articles/CBMiqAFBVV95cUxQTEpEdXJtMjgyVEpRU0dlLTVCaUFHSUlFSTNVTFBRbE1FUzFZWWcyZVRVcGJxU09RT0VfUzVZWmRnMXVIcEN3dW94WnF4M2tOUjFGZ0p2OFp5Sm1HQlQxMngtR083Ym91QmhzdktvbHJvWHNFbDd1UW9hYmZZWHFESk1PQnU3SF9KTUZLdEUtbERBZmxnclpxdzg5cEEtQ3VTSlUybWJRMG0?oc=5","Bloomberg","Global","1779663508000"
"The U.S. and Iran near deal to extend ceasefire and reopen Hormuz","https://news.google.com/rss/articles/CBMingFBVV95cUxPY2puSU5FbjhpX2RUWEZZaG9wV1ZKdkp4Z09sUzIzYVlTam1Ud1I2dmdSaXBBSVVDWkxLaHpBTG1VY0NBdEUza1NqdTZSb054dHZrRm5zdkN5N21GdDRNeThWMUJwNlh0LXZrREVwand5eGdxbEU5VXRmNTVMVE9KQ0d2ajFMeUktTWh1d2I1S0pyWGlrU3dmZjFVZlJGQQ?oc=5","The Washington Post","US","1779663365000"
"Gold Gains as Prospects of Iran Deal Temper Inflation Concerns","https://news.google.com/rss/articles/CBMiswFBVV95cUxPYXBqNV9pQTd4N2FNd2ZVVGpjdlhqU1kxYlVmNzY1Y1phQ2MySGNMc3czOTM0V19faS1hY1kzaXRzS0daS1VVbXdWQWdBVmp6ZGJrRzlVNU5CVG5fcVdBVlVDcURkeEg1aDl4emMtb0UyTmVaY2NYMkNGOW1wa2drVERLaHNvbmVyVDV3MHlNWUdURVluZGNKVmdyeTRWczBwWUhuVnRXVzdobTNtX3hScEtHcw?oc=5","Bloomberg","Global","1779663214000"
"Opinion | Trump’s Iran exit ramp is a long shot — but he doesn’t have a better option","https://news.google.com/rss/articles/CBMirAFBVV95cUxNczZZSjUyTU1TOWZZTVlxeUcyWTljSEZOdzJSa2g3bk8zVnFSRkpPRmlBcDVpOGQxeGxBUDltSndUa01qYnIzWHJ5VVlkWXo1RFVBNFh2QmljeXZsNWh3ZWJjMzRXc3NVQnNhc3FFeERiWEw5UmNQTnNxYkVnNHUxVDZwenJwbHNlUGRfRnBUdm9QbjhHbU0yQnNTV1FFZ1BxQ2ZSMlVaZGtOaDNX?oc=5","The Washington Post","US","1779662618000"
"Oil prices sink on signs of U.S.-Iran deal","https://news.google.com/rss/articles/CBMilgFBVV95cUxPZXZoS1U1dzU3OGVCNTBhd0JBVk4waDRfMkxjVm1PWXBUWUFOUy12Q1ZMV3daVFFFZkxkMTVVbGNlRlFURm8tbE15QWc4MU9xeUVEZ1gxNmd0ejU5RXA0M3d5RUxfOTRFNjdVeXJsOUNaeHIxeUxJclZJTVB2TUhpc2VNY3gxWDBVZ1BCQTBIeFFjQVFDLWc?oc=5","Axios","US","1779662606000"
"Iran deal to open Strait of Hormuz could take days or longer — if any","https://news.google.com/rss/articles/CBMiqgFBVV95cUxPYlg4YVg5TUp5YXFhbG1Xb1diem1Vam1FTmJubURSTHU0VHh5aXE4djRPdGJ0cVZzZGJVUzRGcUh6UzhPY19BVVUzWldJYWdxaU5OOUg1WENsQ2pQYkhfbnRKcDZGc1B1d3M4cWRKSXM4MFVzV2RzYlhnRmM0OU9YcFg4SUxBMWRVM25jZWJ4aHZkTW9mc0FiZTQ2M3JVSGRKNy1UcjBNVUxKdw?oc=5","New York Post","US","1779662520000"
"Oil Futures Edge Down as Ships Move Toward Hormuz","https://news.google.com/rss/articles/CBMihwFBVV95cUxNUmhHeFRacXpacmU2MmF0aXFaSHlzZ3UyVW1fMUlqY1A0REctbGI5WTRsc1JkN0x6NFV1QXY1UXRYcGhOXzVMbHVNQmc1cVdVQU9SV0xwUE5VT1JjdnYzR0lzdmx5QnBUaHZNd1pXOVpmSlN5X1B2ZWhmOTE2dzBOWlg0ZzdGRFk?oc=5","The Wall Street Journal","US","1779661920000"
"Bond Strategists Warn Yields to Stay High Even If Iran War Ends","https://news.google.com/rss/articles/CBMitAFBVV95cUxQenhtWVNkSkR5c2x6S2F1dGNCRGc3M1ZiTWcwbG5lcWRiOXNBYXJweFlNVjA1QzNNSUdjdnA0Z1JKNE5CZThWOFdENVJJQlNaR0ZCY0xsWGJ6MmIyTHREdFN6aGt0U240c2MwV0wzenhqVkR3cU9xeGZObWhja2Q5YzNlakYtQU9UbzVobjByLTdId0dHV0lqOTlaSm8wOGNwTjNGdVA3UXBmaWVNUVVDam9veUI?oc=5","Bloomberg","Global","1779661808000"
"European Gas Declines on Optimism US and Iran Will Reach Deal","https://news.google.com/rss/articles/CBMisgFBVV95cUxQc1FxLXJJSzJhNDJocHlTQ29tY0huZ0ZXeW9nOUttNy1JSnU0NUxiYUFKcWRPSkVhT24yTzRjNF9mVC1kczZkR0JBOU44b3lybXNuNnI3cmlpX1poY1BDN0ZscjV2MGpFcW96bERicHItQzZ1UlZNYmdLeW1SLUR5TUdnWlE2ZzhvUEp0ZUJuSHBnMzdUN0sxc2ozcFh6NjZ6RVB5Y0EzWC1FcTVfZHlTMDBR?oc=5","Bloomberg","Global","1779661737000"
"Oil Prices Fall on News of Possible Iran Deal","https://news.google.com/rss/articles/CBMicEFVX3lxTE1HR1A4RDAyRW9DaWlGWVh4dHNUMHMtbWk0OWlNWnFBVDdaalJTOXRBZlJuV2JTZ0xtQnl0VGYtMklTc1BEVWlvOXE5YjBMMncwek1KcFVONWdrcHJXVnZfRWs2NjJkaUlBa1NhRGJhMVM?oc=5","The New York Times","US","1779661494000"
"Iran is 'notorious' for negotiating in bad faith, retired general says","https://news.google.com/rss/articles/CBMiVkFVX3lxTE5OWEs5TUxHUWJ5b1BkZUh3Y0w1Ym5hWGJvQ3JkOGY4WmRtQ0JqSDRQd1BLTGc4TDRQLXRfUTNETFl5NGpvSmhjNm9nYXlvU2ZmRHUzc1ZB?oc=5","Fox News","US","1779660908000"
"May 24: Iran reaffirms military readiness for any new aggression as key gaps remain in deal","https://news.google.com/rss/articles/CBMiwAFBVV95cUxPek9veWQxZ1VsdmtUX3Zsc25TRUp0QWk2VkFfMnp3d1JXeFNQN1p1YnNDYzltRVFyTlJ2MF9xQ1F3TExEOWNHLWlkcF9TZHFMNWJlWXRpQ0FLWVJhS3RPZjVCNDZRWXB4b2REbGY0MDVDNjROTmlPaE13Rmg0ZDhVcWdhc3M1SzIyeEl0MlN0Q1VaeHd0VHJiU3BXVU5zamtudEpucV9Qalh0R1NESVRFcU8tZ0hhcEpXcmk5R2J2Q0Y?oc=5","Press TV","Iran","1779660900000"
"Oil falls more than $4 as US, Iran remain at odds over peace deal","https://news.google.com/rss/articles/CBMirgFBVV95cUxQZm9XX0ZzVmNoTnljTTdPaDRsYTRiMHA0ajVydVFGWjh2cjEteHJ0THhXemlXUmlzMThlUHU3S2RtNXRmRE1oUGlrWUFjdFBwSEpkN18zTTVzZWRzT29LZ3YwekNuVWdSZnpFRVA4cGs1R3laWFMtb2QwTVB6V1htQlpfRXJRQk5YVWg2ek94OWJSNTl6LWFVSThkb0s0QUMwOFY3eUhMMlkxQW1teFE?oc=5","Reuters","Global","1779660703000"
"Opinion | Will Trump Bail Out Iran’s Regime?","https://news.google.com/rss/articles/CBMieEFVX3lxTE5uRHJlM0QxRGFJYU9MN3pjeGs2TWJ0elZsWHN1dTJrc2ZuSVVtQlpaYkxiM09zUjY4UEdnX2tib2hTQkJMVnNCTDVpZzZnYlRoLUVGR2pkaFVrWjk5QWEtcUF1NXZtbzNDRTkxNHhYMjVxUVBHOGI4Sg?oc=5","The Wall Street Journal","US","1779660660000"
"US-Iran Talks Remain Optimistic, Push to Open Hormuz Strait, More","https://news.google.com/rss/articles/CBMiqgFBVV95cUxPSWlPYk9rcjA2MmtsaWJkWUJSdGpGcnRUbkxveEhicjZ1dm81MG4zTEdCOGNQRC0wYTZMaEhEUmhuMzRyZGxBU2ZJVUQzcjJ4V1IxQmljbmw1T21jd0NJQ1RYc21OcFduSXB4ODhhYkh3ZnEzX2pvV1RmbHBab2tPSmNJRmtHRFZhVFljMnVmYTh2WTJvWTBpZXU1ODI1UmZzV2RSMThzc3pvUQ?oc=5","Bloomberg","Global","1779660643000"
"Trump slows push for Iran deal","https://news.google.com/rss/articles/CBMidkFVX3lxTE5VNVRJbXZiSElMbVlEcDJjNGZBSXZTZWw2WjRGUE51N2VueG5EbTY3TzgzWURVaE1RcEZfd2xUbEZyMU1SQVdlYzBhRGVTMjhzeExpM2MxREg4YmIyVzFScWI5eDFUMHJPXzl4T2FhNVppSVNqdEHSAX5BVV95cUxPMk5KMmQ0UFp2RzVYWHQ4WXBXeXhRTmhxcjMweHp4QzNOV2xyNGx6VHU0SDl0T2ZOd1RxUWVuR3FhTG02Y2U3d0hSd0RJX1VTYnQ0TFR4NzVkWVVvSHZyQ1Z1RTNVNTJvQXZpNzdBbmVXa3BVSW1MeXRtTjBWZnc?oc=5","The Express Tribune","Pakistan","1779660483000"
"Oil, Dollar Slide on Optimism Over US-Iran Deal: Markets Wrap","https://news.google.com/rss/articles/CBMirwFBVV95cUxPVnFCYnlEbXZpNEs3dTF4OWd0c3JkZnNzRVFiX3M1LWNGaFZtN3FmOHlEWFd5UjI0cFRxa1J2X0JVc0d1YVdUSVBKamhIdFA4T1JDbUZRQ04yVmxfQndhaXlNOHN1U1UtWENMX3hBc1ZZN2UtOUVKMlp0b0NQSkNDcEdNdDI5el9RUFFiRVBQNUJEcGQyTXlPN1BpMnNKNnVkbFVmTDdLOW54NmZ2WnhB?oc=5","Bloomberg","Global","1779660477000"
"Oil, Dollar Slide on Optimism Over US-Iran Deal: Markets Wrap","https://news.google.com/rss/articles/CBMizgFBVV95cUxOSDBKVUJhMXBsMXZJSW9QSng5RnFSYXFyd3RGNEEzTEs1WTRUdHE3SFlJbnBocHhacEt4Z2QzbzVoSFNoZFdPcEVJRnhpRnI1Sm1LbG5aTU5uOUNHTjQ1S0tyTjJTMTk4dVZaSmptZVB0eXp4VXlzNTdBSE9lTzRTOTB6WUsyOHcwdFJ2aTRWUkdQZW1iVXBMWElScEhoMmd0MVV0RVoxeDExdTdvQXhKQ1o2V2h3cnJ2Z19yWmVabmExaUlUamZBaUw2aExyUQ?oc=5","Bloomberg","Global","1779660477000"
"Senior officials say Iran framework deal is ‘95% there’","https://news.google.com/rss/articles/CBMiVkFVX3lxTE03Mmx5bDZFVjNNRXp0ZjhxVmZ1WktZNWc5eUE5SWw4SGhGRmxyYVRrS3RRYm52TjVkNEFfaTl1SWhIVVZsbGotQTBPdGVfOEtSTDY1VjVR?oc=5","Fox News","US","1779660245000"
"US-Iran Talks Remain Optimistic, Push to Open Hormuz Strait, MoreUS-Iran Talks Remain Optimistic, Push to Open Hormuz Strait, More","https://news.google.com/rss/articles/CBMitgFBVV95cUxQMTVtV2VQUFpVMUl6RzBVbThuSlYyOGpWTi1udjQ1dUtRaUF5aXdNa2gwa0pBSkhYbHBuMmFEdGltb1EzMnFRSzc2MHhjbWVXUWVfOHlYbkFuYWRNMDlmYkNOcnBEVWdRdldFM2pXNHBFRTZWRktxUW5MZmZzMEZUUmM4cEVJWXZpSWwxUGNaamxNUWZ5QjZfZ1cwT0dPSk5RdnY0ajhKZVNCMzlxXzRoX1Jxdk9ldw?oc=5","Bloomberg","Global","1779660201000"
"Video: Secretary Rubio Says U.S. Made “Significant Progress” Toward Interim Deal with Iran","https://news.google.com/rss/articles/CBMimwFBVV95cUxNalM5aEQ1OGFMcjRmNDhidFpTcWF5eTJrdkVNTlphQmNwci1wT1dnVWRQc19EZTdhLU1EeGdrRnY1MGtHcUNxcTZ1YlIwdDVWMGVjemZobHZIVlVLakdGRjhHSG8zbVNkVWFuLUxqS19odk9lMzVZZXU4dTdDYmZsc0hoaXZfM0ZfQkdWU2FsMDhjRERKZEZveTFnZw?oc=5","The New York Times","US","1779660173000"
"Crude Oil Drops as US Inches Toward Iran Deal to Reopen Strait","https://news.google.com/rss/articles/CBMingFBVV95cUxNWFYtUjA4XzRlaW1Sc2VVNnY5R19xOTY5Q0w1azJmR3cyb01CaFBRRjJsUEJWYndXUHNaVU5iTnpQVmRhMmJhcVYtX1Y3Y0YxS0NTUkV1Q0JFT3l5V1EzbG5STjBMWkhiUXlOOWJWM2pFbGZaQWRqd2tveHpTVFpHRGdZSWUtVjZiLURTNUtDUlR5RlVsQVNDYmpYTHNsdw?oc=5","Bloomberg","Global","1779660084000"
"Pak hopes to host new US-Iran talks soon: PM","https://news.google.com/rss/articles/CBMihwFBVV95cUxNbmtBU2R3R1JUN2dNaUdDOG5iRi1XS2FrU2ZPd0EycGdnZnV4Q1FJbXFreDdmNU9DalMzTmlWUHNRWnd5TkJDQ05wbkVFUlhXd3BKQWFNYW44SzFRZ1N4dDVtZmpHSTVNN3AtNm5OUE44MDFjYVpQVXdUbDAwdm1aRk1hTDdKcXfSAY8BQVVfeXFMUHVaWnNxM1hNendxSFY2NXNUTWFDUVRSYmpGYWdMZEYzZWJoYTZ0WXFXbWdXUk9XNVVxdkJsVGltcHc4cGltQ01QZWNSaUZHVmpveUJVZ0NzUktXcUdtWnNCX1RQLVgyYmlycV84a2ZKN2pOekRzTlhmV1g4UkZUY2s3WWhlM3hCV0hLYllMTW8?oc=5","The Express Tribune","Pakistan","1779659947000"
"Trump Says He Won’t Rush a Deal With Iran","https://news.google.com/rss/articles/CBMimwFBVV95cUxNa3pmMkxBUVozZW13QWRzcXEwVGR1VmZNaXV2c1VVVHFIcmhldC1OMTZsc1BxWnZuaDhPUnNCNjl0eWF3a2NrSUlCZFZSbG81ZlR1TmFNYzF2bk16ODN1bGtrTml3MWI3YTZmVXFGLTJta09MUzlxSTkyR0p1bzNXMzNRZzlfTzBwZDU0SlpteVdMbUhidjc4QndEQQ?oc=5","Bloomberg","Global","1779658223000"
"Narrative has changed' since beginning of combat operations in Iran: Jake Sotiriadis","https://news.google.com/rss/articles/CBMiVkFVX3lxTE1TWmRtdzBYdURXeHY3NWtOSUFmblhzSk5GaWxLTFlLNEJTUzlhLUJxclJhZ1VtUllBRWJ5dS1McGJ3Z3JQSndpMTNicmd4VDRXdHI4ZzZB?oc=5","Fox News","US","1779658157000"
"Rubio says U.S. prepared for later nuclear talks if Iran opens Hormuz Strait","https://news.google.com/rss/articles/CBMifEFVX3lxTFBNbG9zTjAzaFZyRWl4cUh3ZUUxQWNnOWVfNzVUdU1taFZmMkRrZUk1d1R0blppTFltaXh3N2pDLUNDX3pYcHg5emFMWE1NOEpPam5xVUZuUTlaWlFtbjdTSGdqUHd6YVlxbnVNcFVPWktmRnJzZnUzSWp5dDY?oc=5","Xinhua","China","1779657720000"
"Progress in US-Iran Talks, Push to Reopen Strait of Hormuz, More","https://news.google.com/rss/articles/CBMirwFBVV95cUxNXzBhUTVFTzVFVFMwSG16QWFmaWpVOUdrN1ZpUFRNY0NiUnFWd0pmb2ZWVnJqYXVoNHVYNlpGR29iVUJTcVhxZlVGQlVrUV8tQzlxTXdYa1BOTHB3Z0RZWmJLelotazlZWHJZYkdXeGxyRkxTZVlQWDZseXM3SnJQUFlBc1g4RmM1WDdZLWcxcElVV21MWFE3MlU3M1hOWVNlTTFoMkF2QXB1LV81SFVB?oc=5","Bloomberg","Global","1779657636000"
"Reopening of Strait of Hormuz Still a Question Mark","https://news.google.com/rss/articles/CBMigwFBVV95cUxPQmhpY2ltS0pXZ1BJa0llVDduQ1Y4T3RpNXd1YmpvSlpNQnItci1DVVhEN09qQjZ1MXpIdlFDVm1yRHBJT0cxWl82V09ITkxGaFp0VmdxQmdVUnRWQ1VjSlo3cjFYZVduTDVTc1podDlsa2tvQ0R0RTFmeDZwOUNRcW9xUQ?oc=5","The New York Times","US","1779657094000"
"Pakistan’s Eid livestock traders losing as war on Iran pushes up prices","https://news.google.com/rss/articles/CBMivgFBVV95cUxNUElsY2Rhb3NvR3FKTnRPVEdrTEdlMFcyTHRNb1E1dlZwZ2pLYWhiMGRLdEJMYlNrMHBrRldYVDVKbWRMRkFuN0pycVcxRDJKd2hMMUExNUxJaGg1b3djcDd3Ti11SE9kaUFWWkdiR01TMktiaF9XRlVHNEhYejRhN3BMM3RKSjVoV181QTVNZ0hpcVlHLVdfQ01GeEFQUF9ZT180cWxXSnl3eGR5SjZOQUVfeEd2WnJKNDF6TWZ30gHDAUFVX3lxTE5VRDkzLW85SDVJNzVKeUwxR3VlNGtRb29YT3ZXenRYZVphRjZLQzVuN05WYkM5VFVUNWcxV2xMUWUtanRUdFByR192dTB5TUZNcXFBbTBjU1NhdExKaG5mNDRIVTVTWnJMMEItQmdjM2dvZDRwdmxuTWgyODhNT3dQVGZRc0duSXFzMnBmUHlYVFBfSXREN1ptMktONFpvd0FwOS1ER3dqV0FVX0dmMk1LUXJFOWQtYkxNcFByOWdMSWhDTQ?oc=5","Al Jazeera","Arab","1779656660000"
"Ousted Massie sides with Trump on Iran deal amid GOP backlash, confidently exclaims, 'Heck yes!'","https://news.google.com/rss/articles/CBMiswFBVV95cUxQZ3F2eV9Iczh3S1hmMjJhQjI2QkJkVkdrd0JsYURQTzBVejFUSGJiSXVEV1lxc3N3ZWNTYVRDbWN5WElBTkp0QzJobU9TSmZFNHZDMW5WNXNzNTRGVHJQYkh5cEgtVGFQd05tNXZJcFBaWWlSQndZdi03MlpqdmdpajVOcXJDTDh1VUVVS25DYTBITTJxM2lCemFKLVJleVJLWGpVeFBvNmRuNnBlbkZERkZ6WdIBuAFBVV95cUxPajZDdEh5VGtxMlIzT1J2dGFlYnVGOWRsSklJNVhQemNSZnQwTFNFOTdYcjU3QWQtaERmV0RhZ0N0UWstOWxzdnBQVl9JeFFUMzBNU3M1RHZIaTYyU3lDSHFib2VVU3BkZG1ncDJFTFlxRHFqc1RmTVBmUm1BWWNXWlliTDd3NFJKd1JMN0xUaS1ha2lGdk9LSl9ndHd1YmowVHNiU3RRU2h6MEtySF9sUE9IcVpIb2dz?oc=5","Fox News","US","1779656445000"
"Trump promises ‘good and proper’ Iran deal but says US won’t ‘rush’ into an agreement","https://news.google.com/rss/articles/CBMimwFBVV95cUxNX1pOUkJBQzh5My1WWkVmb1FMRGw0ZUoyYWlINVhWdUZNUVNQOGtET1NfTUhCRElSdm82WWxjUGh6MHF1OTB3NjIzcmpiQ2lNTDBGYjRwalJObUR1ZG1uZEtScDFYVExUaXVnUTN2N1dQNUYyaTVZaU5kd0tCNTdGN0RfbmtDSThOdVBHU1hDZHpDcmFoNC1JZjNVVQ?oc=5","The Independent","UK","1779656400000"
"U.S. still refusing to accept certain clauses of possible peace MoU with Iran -- media","https://news.google.com/rss/articles/CBMifEFVX3lxTE1qUm13ck1yZlNlaGVrdHpLdmh5SHNkVjNZTmVYWFJMeHBrc1ZQc05lN3ZrOTAzWk5mdnd4MUNLY0o0Zm1hUXlzRjBvSHVycl9paXdJVVB4dWpkLXEtenZVSTZOcXJuWlpLbldRZG54eHhPaW9hMm9MQ1h2RWM?oc=5","Xinhua","China","1779656355000"
"Bibi's hair on fire': Trump-Netanyahu public 'rift' masked unified front against Iran, analyst says","https://news.google.com/rss/articles/CBMivAFBVV95cUxNd1pGRlFzZjB4MFIyeUZLSkdFdkdPNE9Cd0lVVXFJV2JLaW01Rm9McEkyT2x4Yk5fczV5X0FDbG5Eb2RHUjlpUlgzOVFKeXVjc3RjaFhmcEpYSVlsRTRsVkN3Yy1IQTBCTzBnOVNoNTVkdFdqa3FzTUpUdFNyRXZSS1JOZkZfd0hESTZXdmxZOFBQY0xrOTdWSmlTWndZNnlnTloxX2I5MXhmb3VZcVhFRTBfbGZNdmV2d0hoUNIBwgFBVV95cUxPeXNGYVlmc2x4RGM4bkxjV0Z2SXlxaExYWVhTd3FDWk5DQmxDUExyNlBwOHNIS3d6OW16SFVtQWRjakg5UDRNYXlFdHdYRk1WTmFhaGdfaWJnWXpIaEtldUVSSWE0SWZRaVBrcmhnNmp6VERwZWJHNDgwYXZpRjZUSmJYb083WFFQZ3dZdnVGZV9MYTlyNE1RM05TNnpNenR5S1J2a29YZTBGU3pSYmg0OGtlTnFVcVJUcWM4R1htemZoQQ?oc=5","Fox News","US","1779655825000"
"Trump requested Muslim leaders normalize ties with Israel if Iran deal reached — report","https://news.google.com/rss/articles/CBMiywFBVV95cUxNeVh1dEhRR1dBR0JJYldFdExNZWtOTmNPU2lFalZoTnVHOXkxLXppa2VoYmdPTG1OMExxVXpiNWVOVUtXV0JNMWV4Y0xqQWJjWlBlWkJ0bm1LRjNra2RtUGdCZ1JtMW5ma1FreXhyV3FvWjBIUG5nbl9aNm43aV9nZkhQNXpXS0kydng1ODNjTHROY203Z3BTVjRUdk1EMXJ6VlNadWc1cTJ5ZFVWNFhNUWdrUW9WM1lXb3hNVnU3SmJlWTlybmZkU0NyYw?oc=5","The Times of Israel","Israel","1779655515000"
"The New AI Command in Knowledge Work: The US-Iran Crisis Illustration","https://news.google.com/rss/articles/CBMiowFBVV95cUxPYWVYZUxGTkZUNDZKa0RGZTlPNDgwVDB4UG9TUmQzc3ZuNk9jNnNCZEgxakpVRTVtY3gxU1FrZUZrSFZLbERPMDM0M3dndllmY1IySFVCUHFaZDZBY0xVV1Z0eFNFTWl5V2ljU1JzUkRuOFNTdzF2Y2U2U1BpQkhtUEJPXy1ZN2dMSXYzQWNMTHlYWnpGMVRGZkd5UWN5SUlIeXkw?oc=5","The Times of Israel","Israel","1779655320000"
"Why Americans Must Protest the Iranian Soccer Team’s Inclusion in the World Cup","https://news.google.com/rss/articles/CBMisAFBVV95cUxOTW1TbUw4SjkyQmZqU2ozTlhSUHZyWllWYmRDSEdQb3dfRE1kakVUdnp6ckhyMnJrY2NfRkJ4YjFHZlhnZGl6dmZwTXE2X3d5NGxGT1o1RDJYNGRncHZPWkc0MTFKRXVBeEh1NFNEZmhhcTFBQ0xSOGJVaE90Mjc4MHB2bmgzR0o4UXI3VjVGS3B1R0Y2ZzYwTFFuRDVyMllFZHM4aV9aUWJLV211cVh2NA?oc=5","The Times of Israel","Israel","1779655320000"
"U.S. still refusing to accept certain clauses of possible peace MoU with Iran -- media","https://news.google.com/rss/articles/CBMifEFVX3lxTE41bHZPRlltbW9DU0oySTJZVkNMeVVyRHlXVDR1RUowb0RiTzdaTkNReHRpMFpmTzRIbUVYbWo3allTVlJHSUpsNGdqTEk5eU5tcHpNbEExbHpNdDFodWJpb1NfUURLeHMtY2k1ajFISHlIUUJJY2hSZlVaWUo?oc=5","Xinhua","China","1779654105000"
"US-Iran Talks Progress, Push to Reopen Hormuz, More","https://news.google.com/rss/articles/CBMingFBVV95cUxQRVBDYXVoT1NmNF9OYnNwNzFBNEY3TUZpLTBqUHNKWEpnblAzNmtGR2ZBakxKeksxQ3Utalgwa2cxcHVNejRFQVVGMWx6MEZ6U0RhWWluTE1fRk15OWtndWFxYkNMeWY2SG9pdjBuUUljbU1yYndSNUZ2dm1meG9KY1E2WnI2RFVEZ2lDTnNsN1Y2YUdiRTZJSS1JdVY4Zw?oc=5","Bloomberg","Global","1779653710000"
"Mass tanker blackout rattles Gulf ahead of 1.35M-barrel oil transfer amid US-Iran talks: firm","https://news.google.com/rss/articles/CBMiuwFBVV95cUxORjFJVl9SblRiMnVpS0M3MWhra1dkVld4NktKdEs0OFMzbjNDREFkbGZBQkhLcjN2Y2JkaXJLS2RKYkhEZmI5eGljR2NjWEx0MHM3SExzT2dyblV4Z0Z2Rmxmbnp3TlZMOUpycDl1UXA0T3NraDYydjhzWUI0amhCcEs3elRwWmJRY3JYV2gtWVRacjBWeEl2VTh4MThoYzBoc2dScVdWU2Z5WXhrd0ZOUDU4SldfTUs3XzFN0gHAAUFVX3lxTFB4RS00eWlvSFluNDYyV0xtY0NGamZBdzN6NGNlZHE5a2RkczMtYmhkQktuWWtQTXN1NnR3MGIwZEpsUGxFNW9YZHplbGUyVWNkVFpiT3NFd2EtUmxXVE9fTGlUY08wSXNxczlzSzh5Uk55TVBpeUJBNGktcnpTU3haOFBkSkJNUG5PS1AtZ25MMHJnbzBHYVFNdUxWWEJuOHRFUTZKVnplMDFKY1NaRVoyQV9QS09OWk0zUHBMcjllVA?oc=5","Fox News","US","1779653518000"
"Trump admin declares 'no dust, no dollars' for Iran — Islamic Republic must give up nuclear material","https://news.google.com/rss/articles/CBMizwFBVV95cUxNLVZ5dlVhT0ZNMnFWWFpHcEdEZ2pyZThLV0R1VlRYaU51T3J0aXg5QjFNTXgxTHE3eFZ3N21zT21XNHg3QlNZcXVseTZKLVZCdEZRMFdSZ2VTNVo3V3RRUm9HRXlFREtJc296YjBraS04QW5rbXhBWTQ1d0FueEhJV21PSzRibVkyZ2c2RjY0M2FoTUtTbG83ZEVEYnM1SXVDcVU0d2VjWV85MXBpNlE4ZlpJNmhTU2dLVldpNWxuSlU5YlpGRThEQ3NocnJObWc?oc=5","New York Post","US","1779653100000"
"Iran move WC base to Mexico","https://news.google.com/rss/articles/CBMickFVX3lxTE8zT29lSjBUaGlrRGp1a2ZTWlpLMFdZd004ejZCQWl1NmJpTjBzZkFaWllqQl9xQlVXMVFNa29DMGtBbFZGTFJsTlVzOXlvcUhOaUJHMVBaaE9DXzVzQkJxT3Qxb2daZWNLS1JWTi1xNGc2Z9IBekFVX3lxTE81WXVCUWh6TE9waGVHQVBfYU9PYk1xZGpBRGRBblJnNWpNVHB0aE9nNHBTRUlsV2dRVnZNRHF6SWVFXzBnNFpkTUpDVGFSUUVXSnFaWHZZdko0OGxiUDVOOVk0Y0I2M0tneUNwRnhVdVd3bHNXQjFaY2R3?oc=5","The Express Tribune","Pakistan","1779653069000"
"Possible Iran deal divides US lawmakers largely along party lines","https://news.google.com/rss/articles/CBMipwFBVV95cUxNQkR0eWZxbEdjTHE2anFpNTU1RDA0YUZXQ3ZndjNWaWFBcTRzaUlwbmxfeUw5bDNfYWZQZXBXclNRWUt3Q3h0RktKb3BFX3RPUW4yS0xvdHpGTGllS2pIbnVaRm9Qb1Q1Zkl2cGE4YktQdUYxazJBUlJ6QzluOC1KcnQ3SVVXM0pFcjVUb3Yzd1NlUFZhS0hERXk4ZEQzZFVYTzNabG05Zw?oc=5","The Independent","UK","1779652740000"
"Israeli defense officials wary emerging Iran deal ignores Israel's interests","https://news.google.com/rss/articles/CBMioAJBVV95cUxNTnlqMHJmU2p6dEd6OUZNbGFac01JbGJzcW5yblFrS0k3OHJRSXBERlduTmdKOUp1T2xSRmYwbFJKcFRxM0RsQ2NveHJzcnRtR3czRGtmREp4RDQwZ1BBVmpFTUpDVU5kT1MwMkZFYXBjdGFwMGhaVFBPV1NIYjc2SWRhWFdDY0doLTZTbW90RXloVE04Qmdzb1hMcnE0TERNczhVc3EtZFFPZjBReW5iUkdldjdrb2ZveGM1VWZVRDI2eUVuTXV6eUdVWnNoVWFmNHRUNFl2VDVDZWFYbHJwY2R0UTExekt3TkFFMXpWbXJaRFE0bW1KbDZLdWVta2RyenhNaU1uOXZCVWtDaHdXVWppQVgzcl9pbFljUnlPbEo?oc=5","Haaretz","Israel","1779652260000"
"On GPS: What Xi Jinping is learning from wars in Ukraine and Iran","https://news.google.com/rss/articles/CBMigAFBVV95cUxPeW9HSkRuTDMtR05hcUh4by1RMTBoeGFrOWVyZVA2VzlvMG1NYkhhUk84ZnFpNVBYMndZanBwVl9qWThBcGRrQ1U4NGR4ZHpZTEFmSGVlNHdHY2Y4U1FBMVBLUFNHYXM5TEhxdXV3QjNuc0xPN3QwRmtvbHQybENudw?oc=5","CNN","US","1779652076000"
"Senate Republicans Cast Doubt on a Potential Peace Deal With Iran","https://news.google.com/rss/articles/CBMilgFBVV95cUxQVFVIOVhXcjcwOUFBUERKem1JcmMwNzVaM25FajJ6N3BmRkk4Yk94dzRlVklOcXBJaUlqeWVLV04zX1NMSjBSLUVWd1ZRdHV5cTE5bXU4QldDcnhGbm56M0ZqVFNrR05xVnJ1b2xDWmt3TlMtWFlpUmQzcnNfUUEtbjVpc000clFwQlA0M2pjSGtnRnhSaUE?oc=5","The New York Times","US","1779651636000"
"US official: Iran deal to be signed in coming days, wording still being finalized","https://news.google.com/rss/articles/CBMirwFBVV95cUxOYnBydWNIeHQxZ1FacWpOTkhONElQOHN2SlRYLUl3NFR6Wm5RYzJMSHBNTGpSQVhSMnVPS1ZBRHNldkVDNDl3bTA5aVU3S05KdGtubUpZZjZsX25vaW5tcFRyZW1DazZyem9TcFh1YjZSWlkwVkgtMW9RdzFoWUJKX05zV25tNThTWDNZRHJHemltZ21yX3FMWEtxdkt3VHJldnZRUFZJYk5HVFBFMmJN0gG0AUFVX3lxTE04cTFxWTBpajlYVGlrc2RLSHZaMGhRVFBKNjcwSDJ5TEF2UUtRX1kyQVFyZ0dVVFMzNFBSNm9MUDJsZFB3aEZ2QXg1VWh6dHpvWURRaWE2LW5JTHRCS3NneEdJdnhnT3dhZ2F6ZmxuNHVVQW5hY3FsY1M0aGVvVU1aMGxuVW5PRHpFelpLUXV5dllrNktpMTRjaTVGdE03eDRpelN2V2Y0M1ROTFdjZjF0Ti1hcA?oc=5","The Times of Israel","Israel","1779651302000"
"Iranian regime critic warns Trump deal could be 'lifeline' for regime, claims people are 'nervous'","https://news.google.com/rss/articles/CBMisgFBVV95cUxOSWticnhuRFJqZFYxNXItcWpvdlpEQm5uUXZ3dHRvQWFlaWhTUjFLcmMydGc2RU1XRUJkcVhfbXVCS1o0UU9YakdhdkI5eWlrdzN0Y3ZmQlJBOW1KU2EwM010a2hMcUx6bGNia3ZDcWJMVlo0MFVRY3dpek92eUMwUm5lS25DckxNMER0cExMS3JBNHBNSFA3cFhGUjhyU1dsNElzMTFhQk9MLUh2NjQ1RC1R0gG3AUFVX3lxTFA4WEJOR1NjOHFrNERYMmN2dnVPVTRvcFkzLTk3bGVtcW5KV3J0T0hZSkE4bjVMLUJ4SG4wWERhenhYNmMtUDNjczlSM3liY0F2cGtaQ3pDVl9yNzBoSnd0ZndmQlFLT0R1dTk4MVRMYkFPbWtBTzB3MXpCZlJsamFZUGlQajFwVzkySGNNUktrTTg0bklUVzY1T3dVc2VXQ2VueDc4S21BdW1DZFZrWFpjamtSOVlWZw?oc=5","Fox News","US","1779651051000"
"How will Iran war fallout impact upcoming US elections?","https://news.google.com/rss/articles/CBMisgFBVV95cUxPbXNpR25hUm1wYnEzZy15MVlQTXdvMGZQYk0yMmRPYy1iNVNIRDlTa3pybFkxb2ZIX3lWZkVCX2tvTVFXVmdNcy1RQlVFdzJXVlIzSGdMdnZXX19BMlJ1Ykg2RFVva3BPZGVzRTQzMllCOTF4d0lZYl9mUDMxMXNPZzJjT0hOYTZXX1ljaWhMMElPSlVoUm5KQk5QUmpXQ0ZHYldpUk9QY19DMEtTTWc4NG930gG3AUFVX3lxTE9sRDN4OGs1RE9ydjVWb2I5NHFkTzZEREpVckY5Sk96QVdOLUxrOWpVMVpyWEtvSEJYX0RnVHFCcXZmUVZyX09zVldXX1Rma214ZTVOdGFzYXVnX05OdUxNdlF5Ulo4WGpJU3E2dzY0dXhTVk1SWHFNcmtBTzBUdzZsNy1fWDBGcFQtSjctcGNGa1FmSUlsNUJlYlF4R2hpVzRGbHRMeXY3M0hCcXM3N3ROZndLMWpidw?oc=5","Al Jazeera","Arab","1779651045000"
"Panel of experts discuss President Donald Trump's potential deal in Iran","https://news.google.com/rss/articles/CBMiVkFVX3lxTE15bnVyWkloODZ5RTZleDRmdEJsTkZoZS1hMkM5YnpKM1d2eGJnYkZSdTlFa0tMY0FiR2RIcjdiMnpWSmxZcHNORzhkZkJseHUtOGdUeTJB?oc=5","Fox News","US","1779650434000"
"Trump says he told negotiators 'not to rush' Iran deal as truce reportedly nears","https://news.google.com/rss/articles/CBMikAJBVV95cUxQZEdNc1djc09DTkpIQ29pWWV5Sm5HaWprLUpueUg2NGs0Tk1IV0RQNGU5Smc4V2lialh0YlljMWNERUFMNHpPWmRUX0tBd0FZY3FYUFk3M0lRWlRUa1psTHowTzJOaGN2T1ljQTcwajhad2JYdloxeUZmQ0YzREhZZWMzVlp6QTVRSFBmTE9JNFEyWDNDamhIUEtldjFXdncyR0NjRUVZNFBLcDVpU1NnakhQeHVtNmEzY2haRHFYaW1Cc2M1QVlSb0VXSnloNFFlZVh6V1NJX0RZM0xHVVZiT0NkZTdVd3BMNzFoVkk1b0lBcVkxV1ZaQzhhNUNuTzAzWUJIUDZLSlZMQXZQR2VnUw?oc=5","Haaretz","Israel","1779649980000"
"Hassett Says Ending Iran War May Create Room for Fed Rate Cut","https://news.google.com/rss/articles/CBMisgFBVV95cUxOS0tZZnFaYVJGRDZEWEs4ekNmM1RIeTBWYVo5WWRraUxTZDI3dUtKMHNjVkVnN2RRa1d5NDlabnhUWV80c1pnQUZFQ2UwOEMtdnBUQXVQVzFXT0JkWVBoaHl0SzlBYjI0elNxQkpiY0t2QnAyMVhVbGZlSW9BSGd5Y2h6Mklmc1djdU44TXRkWGFFNVFMcmEzLTlkeWdTZ3FaNGxkaU9ybm1yOUVBa0U0cDV3?oc=5","Bloomberg","Global","1779649794000"
"What Gulf states understand about US-Iran deal","https://news.google.com/rss/articles/CBMiXEFVX3lxTFBXdE5oUTJvMm9UajB2c2VDWE84NHFadHpoQ0NIYzRYWno3U3dmUnE1RjhrM0xyYWhjUERkRDZfaWZsRHNzQ1V4Q2NENmdnZXkwM1lzVjlhTTN1a2Np?oc=5","The Jerusalem Post","Israel","1779649212000"
"The Iran War Is Coming for Your Diet Coke","https://news.google.com/rss/articles/CBMirAFBVV95cUxPU1BpbDg0cG53ZDlmREVxT3Jfbk40cXY1cy1BMVQ0bXlpMnBlUW9VX2dNMm5mN0h2T1BnN3c1ZlJsSmRUOHE2b0lGMXFaQm5vNVFyNXBmUWtYRzE1RG05LTNXdTV1c0lHc1I4RXZIUGJRNFlmdm56Nm5zamlsYkJfLUxXZGtvcW1ZWlc3YXdHN0dseXcwTThnanZHbDdTaEN1WjNjd3o1cDlNZ1Y3?oc=5","Bloomberg","Global","1779649202000"
"How Iran war is crushing India's diamond industry","https://news.google.com/rss/articles/CBMijgFBVV95cUxPWDZobHR6UjQxMG5nSzJMV29JMTRsOVhReF9heUgwa3Jkc21Yd28xQm8xMDNJVmN1T3JtX0NFY25oZmhicW1GOGg3eGFMLV9YM3RiNFR5ajNWbFBVN2NsM2QwTFFVb0FqN0hSSDZDamRLVjREZ2Y5NDV6MDAxV0VxRHhFWkVVRm8yVlBIU2FB?oc=5","DW","Europe","1779649093000"
"Republicans who have drawn a hard line on Iran pan Trump's emerging proposal to end the war","https://news.google.com/rss/articles/CBMiqgFBVV95cUxNSmYxWHhTZUNmRUNIZFVrakVCTVZVVXdqMHdrX1FzNER3QWktYlYyMldJemZ6el9fS2IyS0I0VmlaRmFOWFkxVkdpNW81M0ZDS1JZam1Pa2Y3ZkkxQjlkOVZneHNMdExNN2VOVEhKSHU2ODh0eW5ZVVBVc05SZ19tNFJpY1MxS0lfbUpaLTlmUV9xMW5sRngtaDBlYllJbjNJRTZ1TWtsUjhyQQ?oc=5","Associated Press","Global","1779648960000"
"Trump asked Muslim leaders to sign peace deal with Israel after Iran war ends","https://news.google.com/rss/articles/CBMikAFBVV95cUxOcUUzSnpHMG1BRFZKZVZyb05kc2tJQ3ZBdWRfV0FkOGJqNjBpOEdoZFN3bVNHc0tlR0YzbEo2a0MzYjlOWHRUNUhpSFJwVkJSZWFTRDZGOXo3Q3J0Vi1SR2hxWUtXa3ZIU3BVb01LcWlnZWYwUjJZUTV4OVVCOXhWV2NDUHg1QU9KdFR5VENwMmM?oc=5","Axios","US","1779648502000"
"Republicans who have drawn a hard line on Iran pan Trump's emerging proposal to end the war","https://news.google.com/rss/articles/CBMi3gFBVV95cUxOalJfaW5pMVkwRVQ2anN3MHNUYU04S2hCbzRqZmx6bUhqX1VjLThoTlAydGZ2T2RmV0VHcW55QTdvMzVfZTFKT2gzS1ZQejBNMDNFQ2dLWDMwWlpTdERVQ2F5VHVTX09Wa05URDRVWmpJeGhjUmFDRWhhNnJNOWdweXdPOVpXd2xLMm5GYU5RcnB6dklmTnl6bGEyQS14Vnh5N1RVQm1YOHQ0VVF6bFRRRnlGUHd5NG1lakNsczhieEpRY3QzRnpoenpKMk1kYkJaTjdsX1lvVkpNQVVWY1E?oc=5","The Washington Post","US","1779648356000"
"Republican hardliners warn Trump is giving up too much in Iran talks","https://news.google.com/rss/articles/CBMicEFVX3lxTE1xS1RtZHZqLWFwTlRvUm0yVjRRN0hhYmZUWm5IcHpjR3cwSDJPcFN5NHFsOG1oQWVBNDRGaUNvb3JReU5ublJwWE1CS1hhR2JkUTJUNkFUQ1ZyblBvYVpUZVJKdGJxbG5PQmUyMi1IOXE?oc=5","Financial Times","Global","1779648012000"
"Trump, after signaling deal was imminent, says he will not ‘rush’ deal with Iran","https://news.google.com/rss/articles/CBMihgFBVV95cUxQS3lOUkx4b0RSdEltYlJjdldaOVNQYm5wRVpmYW0yX0Q0MHRUN0dFc0ZXTE82aHI2T3ZiM1RUNTRSUGpYZ0JFV04yaG0xbFNCRlppM05TOWE2NWhwQkFoRThvOVplSENtVU9MZDc1Ym1VY2VSRmlsMU42dzlna2p0MWxlNWljdw?oc=5","Politico","US","1779647175000"
"Liberman: Any Iran deal ‘catastrophe,’ Netanyahu turning Israel into ‘banana republic’","https://news.google.com/rss/articles/CBMie0FVX3lxTE9hdXB6eEZQZE5YZDJCTW12bFh6N0dFSFZoRFNtOTFvWmRVU2UyQ1NNRnA1aVVKRGFLRXkzWEtmd1RKWTNSMnlLVzJFMFpMRkRNU2xtdjB5eUdMN1NWSG5rT1Ffelo1OE5JTTJVZkx0aDN5NkVfQlN3TWtEbw?oc=5","The Jerusalem Post","Israel","1779647153000"
"Iran nuclear deal faces roadblocks as Trump warns negotiators","https://news.google.com/rss/articles/CBMiVkFVX3lxTE9vdzlYd3V0VWpKejk2Sm1PdG8wUTdyS1Y2dGdlaVRzQ29KTmpvSU9iU2dDZ0d3UHZrYXUyOTczeC1DTlJPZVZXdS1aWGlldDEwZ1A3dllR?oc=5","Fox News","US","1779647101000"
"Iran, Oman discuss Hormuz maritime rules amid ongoing US talks","https://news.google.com/rss/articles/CBMinAFBVV95cUxNeEZGS0ZpdDhfcFdHbDd1eUItU1RqZkJncTZjTnNZNWdGSXowX2o4a2RVNWJnQkhzTEk0eVhxRnhDajB0M2M5bnozM0VTYzBsS2xWVDdqNHIzb1U5LUc2T0ZWdXA4VW4yLU5EME9sV2lxMzFnVmd2YnpxY1ZhMHBpVWdiRVI1b1Nuem9MUEtFcmxjYnFVQzVCTG9TMGM?oc=5","Press TV","Iran","1779646680000"
"Hezbollah Chief Says Hopes for Iran-US Deal and That It Includes Lebanon","https://news.google.com/rss/articles/CBMirgFBVV95cUxPMXBoTHBqZjBZNm84eHc5SmpOWUxsb0JaSmZZNGVuNUNDUnhFODdKczZSVndra0xfSEJublp6NEZGWEpNTy14OXgzbGlFQnYwWmZUUjR1YzZ3RFNDYXRFdjlkaTF3SUcwV09qRXdxQzcxT3ZubVhUMmdfaHFQeWpraXFJSEZRdExCbko4V1YxYnpvbkVmNlU2a2ZPTlE3TWZiNVh3WWNMSi1WNGI1Smc?oc=5","Asharq Al-Awsat","Arab","1779646589000"
"Iran suspected of using Telegram to recruit UK anti-Israel activists","https://news.google.com/rss/articles/CBMiakFVX3lxTE5NRmdBbzRHVk1DUDFvdGdCRlBGUUxwMEZZdXhLMjNQNV9zWGRJeDl1THdNUGJFOWtFNlRrSGFhZXJPRy1nLWlvRl9VM0liSUt5YWdqUndwTW9pVWQ3T2dJYS1VV0FFcmk5TXc?oc=5","The Jerusalem Post","Israel","1779646450000"
"Analysis: Republican hawks seem to fear a Trump cut and run from Iran","https://news.google.com/rss/articles/CBMiggFBVV95cUxOaWYwM011aDdPTXJsbGE3ekM5ZW9GaTB1eDBHTmstRlJJWEw2cW5QZDN4Q1YxVUlYMlIxZGJmLUFlN0p4QlJVRWhCRmthZnJqRkYyNHhhcFpfX2xBMU5yc01FZzJMVnFMOVdUd0JxWHNoY2ZyLUpxRWdSNTFWZEVwTkln?oc=5","CNN","US","1779646302000"
"Iran strongly condemns terrorist attack targetting Pakistan's Quetta railway station","https://news.google.com/rss/articles/CBMi_AFBVV95cUxQMFhyMS10d3lUYWNNNUUxbWwwWWI4OHZvNkE5dF85ZW5TaVNlTUhYZ0tVSjJGNGdWU1FJdk4wTlpWQW1SR2RHTnJBOEF6NlBEWmZMYXRUNFpOalg5TkZ5WUNZV1ZrWjl3UEgwYmxBUU5nVUY5ZHRxU2d4RDh5QUYxUWE5SVFFalJNS3ZtVldpRnNpakhSZ19fN1dkRnVGcUh3bm13ZUJuWFY1bGthRlZ0N2dqRlZ6YXR5Q2F3LXJDM002QVVweWVpSVJrcjV2RTRCZ2R2Z2RsVnljLUREVjZTLXVGTVJwbDZCaTJYY3g5elVQOXdqS0FNZi1Nb2w?oc=5","Press TV","Iran","1779646080000"
"Israel ready to resume intense combat against Iran: army chief","https://news.google.com/rss/articles/CBMifEFVX3lxTFBpSWFMUDRRblVBS0RsVXh3N29DSGozUkZYMkpyR1Yzc1dOVDh6T1djNmdORlhNM1Q1ZGlCYUp4cEtUTTloejdJWi0tR3lSMFlVakhEeHhTN091cWpyYlA2cl9ualRTSFFTYmRuOWx4cXlYbE9sQW52NHVIcVg?oc=5","Xinhua","China","1779646035000"
"Thomas Massie backs Trump Iran deal, warns GOP faces voter backlash","https://news.google.com/rss/articles/CBMiVkFVX3lxTE42eWsyeDJRWjFSWXFveXByOEJfSlhYSHJJN1ZVNDlpT3ZlS1JVYkF0b2laQnVBdnVTbmZaODFXSklENXVBVF9hcHZvTmFkMGVqbWVuLWN3?oc=5","Fox News","US","1779645978000"
"Trump Says 'No Rush' on Iran Deal, Tanker Crosses Hormuz, More","https://news.google.com/rss/articles/CBMiqgFBVV95cUxPOXl5TUFqTDdsdHZCMmY2cTZUcW9EMEZIQnhleVBWM2xPRGFUOUgzR3FjSHQ3eHEwUU1OT21UV1VHNGlDc2ExN3VKbHlGSWgzcmt4NnREQ1A1dkV1dkZXcGJjNFB4NUhYVVJ5bWY1NEtkYm13bG5oQXZJdUxlOXF1NnJPM1A3UWZmX3BJQzJLelUydXc5NW56X0kyckZoNkthQk1wUmVxOW9Cdw?oc=5","Bloomberg","Global","1779645010000"
"Trump tells US negotiators 'not to rush' into deal with Iran","https://news.google.com/rss/articles/CBMiWkFVX3lxTE5DSVo5eG94MnNzS2dRRGo1Y0dsNzBkV0JLNWh3QWw4ZFR2anZIQ3Y4bVh4WTNPd21tcTBmSjR3RGgtQ0kzZ2xaalRQcnlYbng2dk90UUYyaVNDZw?oc=5","BBC","Global","1779644772000"
"WATCH: Iran’s defence system shoots down Israeli drone near Hormuz","https://news.google.com/rss/articles/CBMinwFBVV95cUxPY2kyVmdieXNwMG1vLWlrb3phT3RMYlZ4cF9CaHdwQU9NQ18xbENseEhSSTltYy1Ob1A5c3U3UFg3Rmt2Sy1FalRnVHhWdWF5VTU0RFowdENYQ2FNMXRKbzJvTU5MQ2ZQQWdfbXBWUVR2bEtaMnVGM0hQMGJZRmhQYjZuTmZ3UEdhbmZDUXRGY2dkNUwwc3VmYWlsU2pNdjg?oc=5","Dawn","Pakistan","1779644437000"
"Ted Cruz shreds MAGA influencer defending Trump’s Iran deal: ‘Hush, child!’","https://news.google.com/rss/articles/CBMisAFBVV95cUxQTHdWd1p1ZmMzZk0yMHlWQVZLQzcwQzVBOExfZDViVnFWeHBiajVIWHpBRXBTN3NPYVZJTzBrYm9oc2xtSUR2MzNELXpnRlExekNOZGhmZXdjcmZkbGpXWXhlUDdjV3U2dlFyX3A1TkI2WVZKdHBaWUF0X0NOQThVV1lwQmlhMklNM2dsaHE4UXlwVThBbkxCRTNQLWpmZ2lqYk1hdzlxdDhkcGFCYU1oVg?oc=5","The Independent","UK","1779644160000"
"Israeli officials say emerging Iran-US agreement is 'bad deal","https://news.google.com/rss/articles/CBMiakFVX3lxTE9JVG43a2JURXFuS0xKby14bk5mMEFoNlBNaU5HS0NyQlFuanhqVEVwNTVmNVZmR3pzQVdSYWlsZFdwaXVCRXhid1VjOURtZ0xKNl96UzJpQ0pkSENXRjRSUXM5dk8tbEJHNlE?oc=5","The Jerusalem Post","Israel","1779644134000"
"Trump says US blockade will remain in the Strait of Hormuz until a deal is reached with Iran","https://news.google.com/rss/articles/CBMiVkFVX3lxTE5EZmtCemZpMzNkU21jVl9Ebnl4bUxWWkhvd0hYRFQ1TEVWQzJTc2hHOVlta2xtNTNrb3RhV2xkdVpLTWtOQU5LNFNXX0dURC1nZDh0QjJR?oc=5","Fox News","US","1779644125000"
"Report: Israeli officials warn US-Iran deal ‘does not serve Israel’s interests’","https://news.google.com/rss/articles/CBMivgFBVV95cUxOV1FrVWxDblVEeFFVMVllTkVabk9GQUtMR1J4Wl9zV2IxTl91SExXUWdUUmowQ09KeExhbzVSNTFaNjNDNGJVSGNVaTROZzhydkswQ3hEcGk0bmx1VFJsRElhMFlFdmFFbFI4d3BPNmNPMVdwNk8xN2xUYTIxZlJGb2tXeC1aODhiT09raElkY1AySWpQNUVuX1UtNlI4SHlacU94ajVkM284UERfZktha2d5ZXJiOGJSaUxpSmZR?oc=5","The Times of Israel","Israel","1779644115000"
"Possible deal on Iran divides US lawmakers largely along party lines","https://news.google.com/rss/articles/CBMirwFBVV95cUxNNU1ZY1RXSE9MNXdKM1NJQ0xLRlM1V3QycnFMRjVxWGZrd2ktVUNYTERGc3M0N2ZqcVhQUVNLMVFZY29GZUl6MVFrWXAwQ0dWa3FRS3FQQzNvTElvLVMwTnZpZmJiU0lwbVhvM203N0FIUS1FeXVwcFRYVXhCaXVQQlF5OWY3dGRJTEE1M21tOE5SSXRFOVBDcEZpVWFhLWVVRS1SaHNZSEFMWUtaVFNZ?oc=5","Reuters","Global","1779642584000"
"Trump's agreement weakens Iran, but doesn’t end its threat - analysis","https://news.google.com/rss/articles/CBMiakFVX3lxTFB3TFRNNlFwdFQ1Q1dpZ28tazNKN2tSM3VxWjdXSHBYbFlyQWxSYTFWZXFBM3hpM2phb25lTk1ud1huZ2p2bW9DY0l3c3ktLWVZeDQyZEhYREFxYnp5dXNtVlVOdUlzdWlRRHc?oc=5","The Jerusalem Post","Israel","1779642394000"
"Hezbollah chief hopes Iran-US deal will include Lebanon","https://news.google.com/rss/articles/CBMikwFBVV95cUxQWVdySzJ4U3l0bTFtNm5qYndRc1NTVDdhaGZqTExPaDdaaTVLMHhGVS13NkFTZ2o0dzN4cUJ5X291dFZHRnZDcHd2VTNKYnBMeGFCUzg2RDlZTFNDZWZuWWhha0N5R0JFbXRaRk14OENoTEVIaVlia1NCQTcxQ2FiNjZuX1o2TklaMnZKQm5ESkRValE?oc=5","Dawn","Pakistan","1779642313000"
"IDF draws up Lebanon plans amid concern Iran deal could curb fighting with Hezbollah","https://news.google.com/rss/articles/CBMitgFBVV95cUxObmdETk1Hck9lUzRReHh3YzhjUmZSMVV1OE1KRWVGSnY1WUtWNkwwR21IVlZ6d3NKaDhaNXZXMEp2dDFMU0g0YW1OR3FNN091U0FzX1A3ZUZtVTM1NkdLS0d6VFNjaEtudmhaX29vQ2Q1MVAxb1cxQmRXN040a0l6YWJVemNnd3VMa3ZldkFCRVF2N2tiMXh1TFo4UGFFc1ZtVE80bUg1aWotZHNwSnRPU0J3RnlRd9IBuwFBVV95cUxOQ1REMzdnbHBlYmFyelZRd3l4NHZRMVVWMlBWZnhSRlVXbDVDTTlNS0Y2RU5YOU01TWNLbnRhaVRXUGt2MnBLVU91NjdNR3ZiM1hmaDQ4RDJ4OEhkRy1TdzFiWXNMalBmTmc5WmhQQ1FaM1Foak9seHd6dG15eFFyOXJUVkJJaVpwQmFRaldZWVFTbGM4cnBIaFEtdVVSaGg2bGxoM09jWUtfVmg2alUyRmtrRW9teWJpRHJz?oc=5","The Times of Israel","Israel","1779642307000"
"Iran claims Hormuz control is legal right as Donald Trump keeps blockade","https://news.google.com/rss/articles/CBMiakFVX3lxTE83Z01tSWRXUGVMcjhjWFlOcU9tTlBkdTlyM3R6dmU0VTZSZmlWSEZrUDljSWNBd1Y1ZUw3VGViQnFmZFhZelBQRXpCLXVqeWVLOFlPZFVYMURNQXg3V1lXdllpcVBHZXlZZ0E?oc=5","The Jerusalem Post","Israel","1779642293000"
"Navigating Disputes: Trump, Iran, and Internal GOP Strife","https://news.google.com/rss/articles/CBMitwFBVV95cUxPYjJwVzR4VVhTVllSQXNsRWQySjJLQVEwUl9TSlY0ejdUTEc0ZXlmbTB4QWZZQU1Vbl8taHZJakxHOUtSUWpyU1M5cEVrSXMwbE50d1NHRXRYTnFLNS0tUGVhNVFyWFU3dDZLQlFGRS15azgxOGFQQkxHVTJtVmVyRjJxTzd4UXFSbkhLVnVDVkpZRkEwLUh5RThuSUpxSVF0VEsyeURCdWxTZlNwVWJ6TVFPZTgyTVk?oc=5","CNN","US","1779642095000"
"Former Navy lieutenant commander addresses Iran nuclear deal, Taiwan arms sale","https://news.google.com/rss/articles/CBMiVkFVX3lxTE5icm9MOFVBVFNYaG1VSk5oSC1YTkVrTlBTeDJKYWVoTWxGeFNtbWRmVWQ5SU9GRHk1Y1BPcmNhOGlMWFRNcjdqNXR4YUN0RDcwTHFGQmZ3?oc=5","Fox News","US","1779641931000"
"US Closer to Iran Deal, Negotiators Push to Reopen Hormuz, More","https://news.google.com/rss/articles/CBMirgFBVV95cUxQcnNORUFFTENFWElESnBKc2QydFF6cHZMLWFqR2c2dWRGR0czSS1QVUNOY2RrNHd0a1NBNWc1a0VpYXJyeTd3WlVQZW1PVDd1RHBidGlnMHJ2SjgzekpZOWEtdHJkeThqZ0t0NlpuQ1FYZEphalgyVnhrZF9QTncweTJBUEFyWkdpU1dlSFRmMXlXdXJmNHdNMVhublBhRmxTWFBkZUdySlhpVHNGT0E?oc=5","Bloomberg","Global","1779641308000"
"Iran team trains through World Cup uncertainty","https://news.google.com/rss/articles/CBMingFBVV95cUxPWkl6Und1YW5BYTRkZGhPX1RPazlpNUNhdnlualdwQl9IbkdhVFoyLXBTRERmU1N1dDEwUDNEZHpvLXhrYmRzdEhvYnlabzJIM2dyN19sTDQtbTVWY3ZQOVI1UTV3ZE1KSFJxVW5leXVlN3o2dGhQaHdRT3l3SENIQ21XcG45Ry10emtaVVhmMkNnVWVuaF85bnRtSjlfUdIBowFBVV95cUxPMkxKbTlTTUdtVldOMmtreC1WUThSNGk1d2ROcUpldWFFUnVLelZldElIc1RZaGJ3MTU0UWNOX2ZYUVZSNW5NS05hM3ZfYlNOZUtiXzN0NDBjbHNEVnNCOG9USE01RURvZkItSk9iNUh5T1hISWhUTGlyQjVvV3FCQ0JtYnJLaHAyZkpEUmctaHFNbWVPUlFvUEZyTTlCdVRsREcw?oc=5","Al Jazeera","Arab","1779640873000"
"Zamir approves plans for continued fighting against Hezbollah, says IDF prepared to resume Iran conflict","https://news.google.com/rss/articles/CBMi4wFBVV95cUxPa0VjOHZoT3FhR0hCeTJ0d2hXazVaN1A4d21Ud0xKT3lxc3F6bXJfaWdWbjJVUmd3XzZPSEZYRE1SelJtOWJWQ2pGVGhQOFBqZzNxMUpKOFViTkRMdUpWZTdYTkY0ZnNaakV4TFgzMm5iOFlqbXQ2YWVWV2dWMThNdU94cTB1QnlPRG9NOGpxQVVrLTFUdF9kbF9zYkJhd09nZWhuQ1FneU5CX05rcUZpR2N0NEl5RXgzUXR1VE9MVmkzRHY4RGpkQzF2ZFlKbldzZGxSRXk2QXltLWZMNWc2U3U3WQ?oc=5","The Times of Israel","Israel","1779640411000"
"Flash: U.S. obstruction of part of agreement continues, possibility that agreement may be canceled -- Iran's Tasnim","https://news.google.com/rss/articles/CBMifEFVX3lxTFBIR1lBRFJoU18wMngxSjczeUplQ1NJMHZfRDhHMFI2a01jSzFURDdURktkLUR4azFtZ1BqbklhaVRFSGRfTzNIWDJNQU9YTDJjNnZITXRXSnZ6LXduc0UyeFdHeWdZTER5Z3ZnLW5nTjhJa3JJWC1BNTBkeXY?oc=5","Xinhua","China","1779640365000"
"Let’s hope Trump has cooled on a new Iran attack","https://news.google.com/rss/articles/CBMigAFBVV95cUxNeGN6allWUDFnTndaeWVmLW0yR21WZk9yMFcwY0VjTURVeTczbFg5M2dibUc0SEEwNlRvRE9UN0dqVUJvWDlacEtNY0tEMExZNUFHY2kyaWpQZ3VBZFc2YS1MSFBtQWxZVS1zZ3JOWkZSY2tCbmJJSGVPRmZub1ZKeg?oc=5","The Independent","UK","1779640200000"
"Trump gives Tehran new warning on nuclear weapons as US and Iran edge towards peace deal","https://news.google.com/rss/articles/CBMinAFBVV95cUxPMW1nM1U5c3FfdmhqWkpoblQybzBEVWdkaGRZaUZCZ2ZudnBBYWVhNEtPNTBfN0JQTnU0U3NwcFN4aUQ4cmdHSU5iTjFsdFhTelhLd0xsMm04U2Z5VlNHN1R2UmR3SXcyWHNyVjBzMlZmektFaHlrSzkxTEwwVjVFYlp6dnFLV2NPLTZTTS1JRUNwcDZqbmJ3VnotU0M?oc=5","The Independent","UK","1779640080000"
"Omani, Iranian officials discuss Strait of Hormuz navigation, regional developments","https://news.google.com/rss/articles/CBMifEFVX3lxTFBLSEpTXzI5SGtEanNwNEpKVHM3V0FtdlhVVWhCaTVLS19WaThrX1FwVEZON0gySHg4RHNMN3lSWEdwOU55a3lXS0tkZnNQcWcwUGQ1Z2FyQlUxWTduTHc1NzQ2OVg5U3dEZURGUGNVZTZGM3BJTkpURi0xR3k?oc=5","Xinhua","China","1779640035000"
"Iran recounts historic battles in response to Trump’s talk of agreement","https://news.google.com/rss/articles/CBMisAFBVV95cUxPVkxzVXRIclp2aWdvVi1WTDBSeFdDX3M5VUNoLXE1bFlITWktUFNwci1ab2ZCTW5jeUN2VFB0VHNYWVRPbEdGUmpCR0tPQVktc3JvVk43dFlqVk9qYThnWFpKclgxZXVzY2t2N1ZabGpDTXNRbkZpSmNBaUZsM1d2UTRHaUVPazBZdVV1WmcwRER5SFJtaFlaUFMzSjJETGV1Tk1nU2N6Sl8tQ09GMG9YedIBtgFBVV95cUxNSmxlZGg3dHh1Q185WmVUYTBST3dsZlFlQnhyYWtHeXhWRWxYQXpMbUpUcXl1Ni1uUHVEaXFwcUhsU2xfUjBxSlIyajc5cHM0aV9xUVlrbHhRaUh5MFBMc1N0NUVfVTJrUWpkTUZPODBvZExLVkJyWjVPc19KM085ZEVxQWplSEFBZzc3QS1TN3c5RWJOQ1ZVeUpkVVVYeWpVTExoOHBnRTRsU0pzenZjS0lmQURQZw?oc=5","Al Jazeera","Arab","1779639651000"
"GOP senator says Iran deal is 'doomed to fail'","https://news.google.com/rss/articles/CBMilAFBVV95cUxOT3ZQYkdBQ0NoSVVYclRvMzhLUjBuZzNlVW0wT2JEQy1BaDlHNW56YjRrR3BZQWZmVV83QlMwcUxMb2YxZEtTSUhUSkoyRWpPM3NRMzhPWEZZN3RfWmltbFBaS1NvSjhYNFpYSFY1bUxnWlRPUGs0NUQzQXJlZ3k1bFJSX3pRSjI5OFpraEQzOG12LUdn?oc=5","CNN","US","1779639480000"
"Iranian people 'nervous' regime may receive 'lifeline' in deal, expert says","https://news.google.com/rss/articles/CBMiVkFVX3lxTE5xZG1NbnM0UWZ4c2dhdzYwbFBQOGQ4NFRtc1ZBcHdhS2hEMkVqVnM5dDhaMlpsZ1lZTDRKWDlXTFZpTnlla3N1YXZ6TzNYTXNQN1YyMjN3?oc=5","Fox News","US","1779639380000"
"Details emerge of potential Iran deal which would reopen Strait of Hormuz","https://news.google.com/rss/articles/CBMiywFBVV95cUxNMlFGWTN5ckZjWWFNYkFlZmFveU8xUmMxSGdMWDRPcFdHLXdaeXpSczV4U1Iyb1JSbk1jWnZGTURrRW81YUJZX2lwNnpCa1MwYXBuVmpvcV9RY185dTRmbVlIV194c1laVVpsOHljcWRFVHgzbllMcDFDYjVZcXRTSzY4Y1VZbDU4MkhpcUhKRW15VWhJRUpOZXlrcXZqMFBCeHBadEt2WG4xeWVKUVBieU0wU0lNWjMtT0ZQVUxpN2RsRzBjRHp1SExIRQ?oc=5","Associated Press","Global","1779639300000"
"White House says Iran deal could take days: report","https://news.google.com/rss/articles/CBMijgFBVV95cUxPUUJCNmtWcTlsaTBwVTlmS1pDMl9KYktYMzl0ZjY0c1F5UWNpaDRtRUhJUTFfVE16OE9WSlRSc09INm9RTFpNOEVEUzVqcU9kQWpDSEY4bXRrRVhPMVE2UzhaQldOODNrc2R3R1g0R1dZNkxzaGVBR0pOcnFoWFhmcm1JNHR6am5tWWFxbVpR?oc=5","Xinhua","China","1779639256000"
"U.S. and Iran Agree in Principle to a Deal to Reopen the Strait of Hormuz, U.S. Official Says","https://news.google.com/rss/articles/CBMiggFBVV95cUxQSjd6U1BqRl9fdVNBbmdTc292V29zNW04b0RWQXBZRXZqeFlnYm1DMDlYeGRUTFVBWEhWbTFUYTVRcHJWNWxvMUoyc0RNcldDZDJCalpJMW5vUkZKTnNGT3ZEdFpWcmRHcFdWYkdFRF9NRHhUb3B6QzQ2b2s2aFRKeEln?oc=5","The New York Times","US","1779639136000"
"Leader’s advisor: Iran will break US naval blockade, exit NPT if attacked again","https://news.google.com/rss/articles/CBMifEFVX3lxTE5xLWxyelkyTE9NQjNnb3l0RklRUnV1aHNvOEN3RW1Ua2ZUak40NTJUZWZGZk5Qdml2TThOd2hUb1VXUU5tT1VEY0JaY0ZrYUlOWldYcG5vRGxWdGZSZHFzQjltMlMwWjVUeU91ZVVwSWhiTU1xMHBXMkRKOXA?oc=5","Press TV","Iran","1779638820000"
"Trump Hails Progress With Iran","https://news.google.com/rss/articles/CBMid0FVX3lxTFBWc0Y3aWctLXNxTkdwZFRfcGhmOUdQTTcxOHVqSmVZcXBweGw1cEFMNC1BX1F2ZWNUTnhiUk9OUHg1elNiSS05dXdtNkMtSHVnOUU4NmV2SWhXMlJrbVU4WmoxN2dQYXBqWkpjbmdlN1lOakljT0d3?oc=5","The Wall Street Journal","US","1779638820000"
"Trump tempers expectations of a Middle East deal with Iran","https://news.google.com/rss/articles/CBMiqAFBVV95cUxObXVZdk9hbDE0TGd2bmVVYU1uUW5PekNIY2Ewc21XNVlpd05CMG5saF9QaUYxNTNzV2xSMFNZaGhyMjZ2MnpreGt2Z0lnTGJvcWhyRkI2SnVUUkxtV1dObWFWN0haejNSYkFiQmNfN3ZkUUdvbENWeTY3a2tVRDV1aWF3SHhBb3ljZElWSDQyRWgwMUlLNHJBcUdWV2hrUjF5d3czb2F3Tm4?oc=5","France 24","Europe","1779638715000"
"Hormuz: Trump’s Achilles’ heel","https://news.google.com/rss/articles/CBMibEFVX3lxTE1PWHQtT1ZsZi1vNHdKaUowY3l2Zm1rM2E4S3hJLTlza0tLeFhYQ0piRjRnMjREcmQ5eFZNT1JyY3R3dGwxSC1FMXRHN3FNQnZwMkdHZkFwRVV6VnpzR3dXUnNlNWktVm5WZjVFOA?oc=5","The Times of Israel","Israel","1779638640000"
"What’s in the proposed deal that could end the US-Iran conflict?","https://news.google.com/rss/articles/CBMifEFVX3lxTE52R2tmX3d6SlRTTl9uM2J3WGF2ZWtUc3pQNEctVk9OM0NtRi1KNlRscTJVdU85MTBlN3R3bGVnbmFjdXJJUnJzeXNzNGpGWFp3d3pZYWFmejBEeE5IbXBMRDVpZGtvVXRQb2RYdG9YLVZNQWpTUG90YkZhTU0?oc=5","CNN","US","1779638481000"
"Rubio Says Details on Iran Nuclear Program Still to Be Negotiated","https://news.google.com/rss/articles/CBMigAFBVV95cUxOaEdMNEdtT21aclVQbEI0UEZlN3NNMU5CblpOZkZMbDlqaHZNLUwtck1VQjJiUzQzajA3amp4b3ROSWZnbnA4Rmt0Q3lnUEVnVTMteWFaeHFaNldxb3B4ZVlHd2xmSThaNXFyYU5UM3BMaDQ3T09iSmlfTVhuZ0dENQ?oc=5","The New York Times","US","1779638380000"
"Iran agrees in principle to deal that would dispose of enriched uranium, US officials say","https://news.google.com/rss/articles/CBMiakFVX3lxTE9EZHN6YzFqZlhBYWhxdnRNbnJpZHl4SzJDU2puU2ZFV3ljcGZXNV9heUkzRTUwM1FiV19DeE5BU2pGal9WdTdFd2RKbFFOTVh6ZEI1dWh3QWtwZ1FvekI1VGlxenJiaXhzQWc?oc=5","The Jerusalem Post","Israel","1779638171000"
"Rubio touts ‘significant progress’ toward Iran deal","https://news.google.com/rss/articles/CBMifkFVX3lxTE5lUEtkbEZMNnZ2R1BPSmY0ZUFTcENWMHh0dUt3NEYtUmxlWWFaQ0dfMXdKRG9KM1JyNFpsRnNteVlTY05JN24xTGgtaU1WV1pQU3JGMmdNWVEwOHlJTk5TT3FFUWZSX3htX3RwZDY2ci1WXzdaN3RtN0pSbF95QQ?oc=5","CNN","US","1779638040000"
"Iran bought Chinese satellite equipment through UAE company","https://news.google.com/rss/articles/CBMiakFVX3lxTE9IQjdkclNkX3QydDVqU09Cd0VxSm15dTlwZ3BaMlpsdVRfcDZIMTZBd05CUEUxWVR1cHhPV0FCNS1WNHprTTFJaUJ2eDNmLWlOaUlzcVF1MGxlT1hIQlZCWlh2S2F0WWY1M3c?oc=5","The Jerusalem Post","Israel","1779637853000"
"Trump says US will not 'rush into a deal' with Iran, as criticism mounts","https://news.google.com/rss/articles/CBMitwFBVV95cUxPMlRPaGtiTHMwU0Z1V0N2Sy1pVFhZRUp6TGRuMkRxd0ZDT201dVJJdDgzUDRJYTFBUFVlem4wbnRYSXp0NW1ETzJJUjk5alFrdUgzMDVMSWRobmhWbnlvUXM0WWNONlhhaTNpVWd5c05tTjBCV3E2amswbEtTbmxaSDJUNUlPczhzYjJiVEtPQ0l3VFRGVGJZc0t3NDNlbXFRRGxvbC1UUF9VVFFvUFZ0RmRCSkF2OTg?oc=5","France 24","Europe","1779637753000"
"Senator Booker on emerging Iran Deal: ""Donald Trump is being played as a fool.""","https://news.google.com/rss/articles/CBMifEFVX3lxTFBQOXFnNnpISHFLVG9CcU9BQlFGZjRkdWVXN2tab083b0oxdExRMjFBb0RXOEgtV0JKTUNNZVZMcEYzbDRzUi1TMEh1Yms2UGxUNi1COXhtQXF3NF9wNHoweURmZ2h5czlnb1NWQlNjUEV4UlNYcmZ6c1l6S00?oc=5","CNN","US","1779637666000"
"Israel PM Says Trump Agreed Any Final Iran Deal Must End ‘Nuclear Threat Entirely’","https://news.google.com/rss/articles/CBMi1gFBVV95cUxPZnlSQ0VzdlpnVW1oanBodXdFOE1pTVFZVHk3bnNSYkhvdzQ4cEE5YUJwbkJ1M29uem5OUTQtRjJqeG0yaklFT0dUbkpWbnE5SEZTRUhMR0tYYXdVUkRtbnpWdzZJLXUyQWI3UGJhRkQxUnpZeHNXWkFQU2RlQ2JLdmxTT3dLZ2RlbVlCY24wa2Rtck9JXzNsenNGZVN2VmZnR3JxQzZzWXRoWlNFWEJDV1Ftb0ZGb244c2I2VjBtSTcxRHRWZ3NMa2RSQXRYOTllTFlDVW53?oc=5","Asharq Al-Awsat","Arab","1779637650000"
"Iran questions world's commitment to preventing genocide over arms exports to Israel","https://news.google.com/rss/articles/CBMizAFBVV95cUxPcmh1RVNLUlpqRjVTbUFBbXdSckZBZGpaNWJXMVVIdXZoN2RCcGI2WTFXRGVoUnc2Zk04a0F4YVBzSDd0eEFvNGtwUUQ1RGx5WndCMjlnRE9ja1lOSHdYdGZHXzlFc2dXR1BwUlp2M2dBSFRicTJsb3Ftc0tzU09kR1VFRzViVzZ6QlBTa1Jsc2gtdzNSczBkalpIR3F5cE1CY1poY0wtU2xCMXdJaHZWenFrMGlVT0lsYXQ3VnA2OFZhRlc0UlpvbUk1T0U?oc=5","Press TV","Iran","1779637440000"
"Control over Strait of Hormuz is ‘lifeline’ for the regime, experts tell ‘Post’","https://news.google.com/rss/articles/CBMiakFVX3lxTE4yQk12REZyYXI4NElkMVBFS01oSDZ5LVpjdjgzRjg1MGtSSjlvN0FZSm5yaUVycHI5TjM1WkxsOWdES1NxSU9NTGN5LUZyQVFHVUlVSGZkSzJ4bzJ4eVFMUlV5b1hCNlhpR3c?oc=5","The Jerusalem Post","Israel","1779637412000"
"Trump Says 'No Rush' on Iran Deal, Rubio Outlook on Hormuz, More","https://news.google.com/rss/articles/CBMirAFBVV95cUxPSXdKN0hadEgtV2NMYlhoVXprcVI2WWwtbHdmNm10MGZ4ckE4T1FhMkQyQlJUbThZWFdUT3Y3SGR5cVU3UHpDMmpPWUxkRWxnajdwN040azE2Q3VLNE56UEliYlAyUG03M0FwY1Z3cTFRS0hMNzlZSFBMdmVQbmJkOVdobEpJTWo0UGxxd0tlQl9ndkFyUjNyUmxvSE95eUZuczFSaVkwWExqdVpI?oc=5","Bloomberg","Global","1779637197000"
"Trump says U.S. will not ""rush into a deal"" with Iran","https://news.google.com/rss/articles/CBMijgFBVV95cUxNZF9QeVVHX3FHVGVGR1NBUlZXUFdudnA4Tm9reFZ6dkRVZnA4UWVFU0tGY1ROZkt0c0t3UXNiNWFJelVjeGNIVGh5WTZfZHpCbUhnQTBfNnNzWGUyQ2dVTUkzSW9RdXFzSUVrNVhKS1B6bTY2V2pMUWJ6N2JIa1E5TUNXbHdPM0ZVRHl1MExB?oc=5","Xinhua","China","1779637065000"
"Supreme leader adviser says Iran has legal right to manage Hormuz strait","https://news.google.com/rss/articles/CBMiqgFBVV95cUxORVQ2cTJhdWplQXVycU5OUjJFaDlQLTRnUE4zUHNNMDdldnFNdUFoU0h5Y1J6aERFeTlwUzhTbU1tXzlTN0g0RllmTWROTmFIak9UZDQwRzgxSEktRHhmOWw0Ym4tczR1eGdXNDVSVDVxVzBRZW5QX1R6eDhhZmg1WmI2dkd6dUpQdVA1WmFDV1lXaUVoNTR3QldqVE5RT3V4ZENpTldUSzllQQ?oc=5","Dawn","Pakistan","1779636978000"
"Netanyahu says any final agreement with Iran must remove nuclear threat","https://news.google.com/rss/articles/CBMifEFVX3lxTE9OallxeFhjX2l5YXZ0M3ZIVmJsVXZ6TXdROHJDc044TXh5dTRkbHVQcEt5YVpMdzQwNEUtaXlrcE03UFg5ekk5MjJnb01NTFlJbVR5YjdOOV9jeDBlZDRpUUlraTA0WWt2SE4xc2hmVWQ5QjRnYjFBUDFkWHA?oc=5","Xinhua","China","1779636930000"
"Israel PM says he and Trump agreed any final Iran deal must end 'nuclear threat entirely'","https://news.google.com/rss/articles/CBMivgFBVV95cUxPdkpXZXV3QTVPQUJkZGJMTVozM0ViQVBKZEo4MEl5NEVlVHhSMDBYQU9iN3RWc1JEVEgtS0tiaVp0RkM0Ukh2Nm0zMUdxWDYxNU9SM3dmMXlMcHZtVHJCWTByQUhRWGJFV2pTaXBNWWdPbXlUYUtiRE9nSjNQcTZFd01EZmdNRW50Mk9YSUs4N2JIMmdNX1hSZkhUcGlub2pfRDZ6a3ZWUkp1cktaQWdoRHZITGJUc2pkOWVwMHhB?oc=5","Dawn","Pakistan","1779636759000"
"Netanyahu says Trump agrees Iran deal must remove nuclear threat","https://news.google.com/rss/articles/CBMivwFBVV95cUxQRWxVZUV3bjQ4bnVPWjJyeHIycTNvakZSY1p2cHZIVENmN3h6dTk2cVBCNkdzNUhsUnUzWkVsajM4M1FCLU1MaTlSNktCUXdFU2hMdEdyNktxZkJJY3RYOEVUa3NhWHl5c0d3Ri1EZlRoSWFCVDh6OUVwWE9Cc2xrRXdMdUhCenNCTDMxeG0ySEQ5eWIwS2N1ZWdKSEdUYnhCMXh5cGlPakRaazVvWnlnSmJhSnA5UDJHdE5RZVVUNNIBxAFBVV95cUxOOE5IdHhNdHJqV1FxRnQ1U3I4QTV3X0NyQnQ0RHE0V3VuU1p1Y3MtSlcyV3c5cXpaay1TLTdUaEVwdzQ3dlZab3V4blI5bm4yd0dFcy1DbkFhOWZVVlhmNHVOTmU0VEQ4U2lEV00tcTJHdlNyWTlwY2VaWUhiX0M2dTJaekNRVUF4WnEtUk5mbHZPVUl2RjQ0Sm1PdW1Ec2djMGJKNU5VQ09TenlGcGtyVmR2aU54cXJVdEhkSWFXV08wYUFp?oc=5","Al Arabiya","Arab","1779636660000"
"Trump says US won’t ‘rush into a deal’ as he gives update on negotiations with Iran","https://news.google.com/rss/articles/CBMijwFBVV95cUxNVFRWcmdwc1ZkM1NDSWxsRjlZVUZUWWQ5eG04elNhOTRQUkd5R3oxX2pSaHZGZi15X3AyVmlYM25PaWpLei1UYlJpUjBhU3RrN1pKVTdrNk5hZXFCNGp4UDBXZ0NPWDFCMEREVGQ3TnNEdXFhV2FZM2JtLVZNUUwyVWV6MkhvVk1MNkZLZ09lRQ?oc=5","The Independent","UK","1779636360000"
"Iran's supreme leader has agreed 'in principle' to give up uranium as part of peace deal, US officials says","https://news.google.com/rss/articles/CBMi2gFBVV95cUxPVTY2TlVnbFhxa2FhaU1DQmhhWW9KczNzdzdTak5oY095QmJ1eUFXelhKOTBtejZvbUFQUkJvSEljcElwd1V4a2ltSjRiYXl6ZS1IdVhQdzY1OUFacVBWUklnMWxGLUQwZ1dEUjNGLUpZWE9vSmRJd0phTzlHcXhQVjA3dmVmMjh6aTZETzFTTFQ4MVRiNFRTVkFyY2J6aUd4eFlRLXVIbFJXbklkRWxNQ08zM2c0OXdUUkVRbVVTcTlMX2wxTzROc2RZd3pBWkVhY0pXS0NQN3N0QQ?oc=5","New York Post","US","1779636120000"
"Trump says US will not ‘rush into a deal’ with Iran as talks continue","https://news.google.com/rss/articles/CBMicEFVX3lxTE5hUTJ3M2VHRHRpa0FzMElXUTdhV2RZamZyM0ZwbU5WaUZqUjRiQlJWaW9UWjZyS25YbjJ3RXVhWk41U0FpemZmc2YzLXcwMlo0a19lWXBlbWt6QUhNYTQ4UXJ1WW83YkZrQk04ak9sU3A?oc=5","Financial Times","Global","1779635980000"
"Kevin Hassett points to ‘great signs’ of easing oil prices, inflation as US-Iran deal nears","https://news.google.com/rss/articles/CBMiVkFVX3lxTE9HdDdaSkJWWDlSb1F4cVVTWUFRRm9xcklSTE9OVWoxLUFOQzFiVFlUcjBITW1henVFd25KamNTeW04MmQtX3FCR0RIVXg4QmlNM2R2YkRR?oc=5","Fox News","US","1779635807000"
"Iran shoots down Israeli spy drone over Hormozgan province","https://news.google.com/rss/articles/CBMiygFBVV95cUxNcDJJdFJwZDZ3RDNmRC1icllHYU5BM2hRX3BjYThTLTRuU2ZJbEl3aVJMUkxBaG1nXy1TY3M4QTBCaDJ5bEJwR09Ob1U1VU80aXpDR3VMelgwWkYxQkg3SGhpZHBZNWJkZmhsSkFyTGNsUG5uX0ttUFo3b3VvYzNOaGV6NGt3ckhiOGN3NS1tOFhFRENoNUpMNmJ2VU94ZklmdGV2V0FtcGtfOHhLRXNqdWNiMmIyVHR0M2ZoSlplaDMzNlJIUThfMnZn?oc=5","Press TV","Iran","1779635700000"
"Trump Says No Rush for Iran Deal, US Blockade Stays","https://news.google.com/rss/articles/CBMikAFBVV95cUxPLS1PNFl5Wjk2QXpPZEx3ckxZbk5QN1FZU2xFTDQ1b0ZsOHlmZlI2TnZHSldxNzhET0RxSllUc1ZvQTdyLUx1dllDZVg3UFVQUmstNnJsMVJLNXEtcTJrWUFfVVFpVzZ0ajBkRnZlRF9uUTJCVFcyeDZBeksxaUt3RlZFOU9md0RIcFFXSkhOVjg?oc=5","Asharq Al-Awsat","Arab","1779635543000"
"Benjamin Netanyahu says Donald Trump backs dismantling Iran's nuclear enrichment sites","https://news.google.com/rss/articles/CBMiXEFVX3lxTE85SEhsZkdjLWl4ZjQxUkdpVS1NRHc1ZkJEYWJPNTJseWxhalQ3bGRJNlZqV1YzMFNxOU93X3ZscUJRa0F6WFA2dzk2ZFlwMzJVNDNPeW9XazNmeS11?oc=5","The Jerusalem Post","Israel","1779635444000"
"Three months of classes held online in Iran because of the war","https://news.google.com/rss/articles/CBMirgFBVV95cUxPQ3ExYnRQTVQ0cjIzdEhlR0cweFBpNTJtOG9CRzg1YmlYa0JTY2FCVUNIYUF4QW5ZR1JRZXpZd25zajFDYXlsT2pkcXYydzR0N2tLSnF3NVpnWlhjR2xNY2NHMjAyU2VNWDdKVjlQbFdqd21Rbm1aLWNqRzlFcG82dFgxejloSDEyV051TldMc3RrUlJGcjR1NHBiRUlrUW1tV1l4cWNPSEItVkNCV3c?oc=5","France 24","Europe","1779635350000"
"These Are 5 of the Main Issues to Be Resolved in an Iran-U.S. Peace Deal","https://news.google.com/rss/articles/CBMimAFBVV95cUxQOW1MTlhValpSeGM3aldFV3hmd21IWTlNRTB0UmVKWGpJcGluUXQ0QklMMzJ3bjdUbW9zUktlVmFncG9VQ3ZuVjdydkVGZkxsRHBaTm94ZXllSzBhVzl2MTFsZU1XR0FKNnhDUzVQLUFyX1lzRUJqLVl4QU5IWmVUYXFBa0l4aGEtQ1FBUDl6ZV8wYjBQNHRIZA?oc=5","The New York Times","US","1779635330000"
"Urgent: Netanyahu says any final agreement with Iran must eliminate nuclear danger","https://news.google.com/rss/articles/CBMifEFVX3lxTFBrNF9WMHk4NHB4eWhzVWNPeldEaW5LQXlBc0hyWjU2eGcxV0ZhNmNHTWRtR2E4bDhpSUEtb09YSEZWRzBQTENEcW44VWZIdTBGbFVfWGxJamJuSE5sNTBCeXdvZ0c3VHRIeHZTcTFMMUc0RURzWnhxckJtb1k?oc=5","Xinhua","China","1779635310000"
"White House says Iran deal could take days","https://news.google.com/rss/articles/CBMie0FVX3lxTE90dmNaTmtDb0xIQkRhQkNrUEF3V3hzNXlyUGxLbnNhX25VU3VRNERnc1plWUxPLVl6X2ZzdXpuc2hmak9GRHBTUlhUSmxZbVNXTzYwZ1l6RFhwSWEzWnNFYnpuemF0Vlh0X1F5ZmtXRDMtT21veW80LUJjQQ?oc=5","Axios","US","1779635181000"
"U.S. and Iran Agree in Principle to a Deal to Reopen the Strait of Hormuz, U.S. Official Says","https://news.google.com/rss/articles/CBMiywFBVV95cUxNUnVKYm42Vkt5ckVrU2dGZFhKUmJKMG9vZVJDSUxzT2FtZFRncEJ6cG0wcGhXYXQ5c191dlBQb19HUkpsV1poZHlIS3NSZXJHbHd0SWF6MnBHSEJNd2dnZ2ZZcWt2aUlsZ0d5TGJBblhVOE51T3I3MUlhZnZ2eE1DNzg0UWFrSU5mTHhqcFhMMmdOaXI0a1lZTVlvUnBBOTJMc2plcmowODBNN2dVU0dwQTV5LXNHSVo1U0wxc2VCNU9MWUI0TEVDbU9hNA?oc=5","The New York Times","US","1779635098000"
"US weighs unlocking billion in frozen Iranian assets in possible deal","https://news.google.com/rss/articles/CBMiVkFVX3lxTE5NN2pmczhaQWlIeWpMc0I0TGl6LWIxNmNuY3lMQWhFMm9Oc0xzbFNZQk53aktmLWM0M1ltZkc1RHJ1YnJmaF9pUTBGVVNVRldWMTUzRnVn?oc=5","Fox News","US","1779635021000"
"Trump: US 'in no rush' during 'constructive' Iran talks; 'perhaps' Tehran will join Abraham Accords","https://news.google.com/rss/articles/CBMi0wFBVV95cUxOZksxNVpISF8tOS1rYmV6VUNDSGhvSVJtS1FjSkFLOURhQkpHZkp5TzFBRzJ6ZWtSYmVkTTNNYnFBS1Y2XzhWLTNEWnUtVS1FU3B5TFVyY0pENlZ5djNTTWhQc1RQLVc0YzEtZU93eml5QnVTLTg4RVZ4elhPamNuU21WOENFeTVWZEl2R2dTVm9ZbXV4OEJpa3QyQ2pud1FTXzE0dXV5WlljWnBDb0M1WEo4ZkltZU5RdEljT1ZrR1B0Mkp1NERsSkJzRDg3VlR1Y0k4?oc=5","The Times of Israel","Israel","1779634515000"
"Republican hawks warn of ‘disastrous mistake’ as Trump nears deal with Iran","https://news.google.com/rss/articles/CBMihAFBVV95cUxPSlZ6RFAzMlBTQWhvcTNGY3FCTlBYUlpiTHkwOVlKaFd6clE5b1BfQm1vVVFNdkdSZEUxVjVwWXh4QUtuV0FuY2twQjhtblhaRXB4eHRyRDVvMEhieTFDWHRHX01qZ1hIaW0zcThUZEFOU1lhb19ldW9aTFlqTkxxalJtOFg?oc=5","The Guardian","UK","1779634440000"
"Sen Van Hollen calls out Trump's 'blunder' in Iran deal negotiations","https://news.google.com/rss/articles/CBMiVkFVX3lxTFB5c3JxYVJwX05iMENDc0hTbktKUEFxeVVnbjJUWjhHT2RFV3lDNVpPc1hTV2p0eGFNNmRqX3RPNmFJTDhQeUpvYnpSV2ZTWk42dWxDM05R?oc=5","Fox News","US","1779634412000"
"What we know about the possible US-Iran deal","https://news.google.com/rss/articles/CBMiiAFBVV95cUxQeGotYWp3MzRtTEVfVThIOHZsOVlRa2t3M0hBSVljUm84M185RWxsYWVTdDBzVHZTY2VWR1ZLa29pdlV4cVVVaTVzS1c3WEY3ZFVFOGhRZXctTTcxa2x3c1o4cU84Z0hqUTBkNXpBMW8tM09BV2dPdGpDRXJnUUgwX0tiNUd6bFlV0gGQAUFVX3lxTE42SE9SeGEzZTNqdnpZTkg2aHFwN0FmOXdKSjgzY0VZQ0tybHY3SklVN3M2TmxTS3Z1bVdXT1RJek1hTmhTc2lRWFBZNW5QMFpRYVJNNV9zaTd2c2drWmJGNUFLU1NndjNvYzFrbTdsYTdkcGl1YzMtbEtXb3FyN2NnREpOWjAzcFN1UGtaWl9KMw?oc=5","The Express Tribune","Pakistan","1779634318000"
"What we know about the possible US-Iran deal","https://news.google.com/rss/articles/CBMiiAFBVV95cUxQeGotYWp3MzRtTEVfVThIOHZsOVlRa2t3M0hBSVljUm84M185RWxsYWVTdDBzVHZTY2VWR1ZLa29pdlV4cVVVaTVzS1c3WEY3ZFVFOGhRZXctTTcxa2x3c1o4cU84Z0hqUTBkNXpBMW8tM09BV2dPdGpDRXJnUUgwX0tiNUd6bFlV?oc=5","The Express Tribune","Pakistan","1779634318000"
"Iran negotiations, Oreshnik missile strike and Enhanced Games","https://news.google.com/rss/articles/CBMiowFBVV95cUxQRlh4bEpZZ01aemtMbkpOWE9fRnI4QjBKaWMwUEF4REFLSVBwZ1oxYURFYUduSVFsRnVjUTQtTHRYMFJtMElCZ2lpOVdBcmxXai1UQVVHSEw1YjBOUlNGdGtTOHp5a1JhM09DSmtfTDIwZmtKREVDSmlRQ19aQnBkcUJKcTV2bm9welJRVWliM3l1Z2lwYWtJcFFDV2pKQzBQSGZv?oc=5","Reuters","Global","1779634177000"
"Donald Trump: Relations with Iran are 'much more professional,' amid peace deal talks","https://news.google.com/rss/articles/CBMiakFVX3lxTFBUQ1g0b1FFRTlGWXVhaElfZFBYTnE3LXVabHhqR1ZOZXdra0NzcFZobE02VHlxRlFQc0FkWFg4UjZUVmg3WjFzVFduNVpBMnVPM1ZfWVdIQ0N3UGN4NGRBczdneXZrOFVfNkE?oc=5","The Jerusalem Post","Israel","1779633806000"
"Rubio Touts 'Progress' on Iran Ahead of Trump Announcement, More","https://news.google.com/rss/articles/CBMirgFBVV95cUxPTEdzV0doMVZpTGgxUHRsbkxGa25mUlFTLWdEYVgyaVZPTC1wQ2RsY1R6SGNDa0xRdDcyV3RRdko2RTVkWFhweE12bm5wX3ZaR3pub3M1TjJabHdGeDl6c1ZqTTliY21hT3JHOG9xbDB2d003d3pHQ1ZzQWx6WjNMM2x1bkwyeWw0Y1B6VkRFakh6UUozeE53bV90eXhYd3FXN0JySjFJVXhOQU1XN1E?oc=5","Bloomberg","Global","1779633616000"
"Booker on Iran talks: ""Trump is being played as a fool""","https://news.google.com/rss/articles/CBMid0FVX3lxTE1CRDhLOWpmbVNCM05pUGZqeWJ4OFk2QVY5dkYyUWhaUGZMWmNJb3lFcFdJamJ4VHIwblE1Ym9VOGdqeVhoMmZjczBKSEhWTDhkaUZHVFR4MTdZa1hYSzNLWFVFTEtLZS0yQ0d2T2xXQTlWSVpGakVn?oc=5","CNN","US","1779633532000"
"Deal to end Iran war likely to unfold in three stages including reopening Strait of Hormuz","https://news.google.com/rss/articles/CBMinwFBVV95cUxOMWZtTXlzVWRUcXBWWktUSVcwUDFfX05jdTdzcl91OXFUNVFzYzJzU3FYanF3WnVsX0dJa2tOcG43a3AtLUNaMWpoakJSUGEtQmpPc0M1Sjd4QlVfRTNFVDNRa19WQTRKaEdSQl9JbFdtaTVhdFpyRlU4RVlxdkJqd0M4TVN6X2FRdGFyTFFWalV1bUNrdW1Hd0NXXzI0OXc?oc=5","The Independent","UK","1779633420000"
"Trump says Iran blockade stays until deal is signed","https://news.google.com/rss/articles/CBMirgFBVV95cUxQN3pBWEpPZzhXQzNvSTR0RmpUN1ZodTJGZ1dpRmlBUjlMSXlHTnhMRDhvcnpNVE90bGlFSUxIeS00MzZiSVlNSTBMMzl2bjR6VHdTcDh1bktnYmZTR0F1SnhwdkotVC1YNXBEaFcyQWJ5WWZNaXRQeHBub0NIM1lFVk5VXzFsZTRydHlZV1prZ1lwMGFzd2RnUVl5VzhHSjFSRlZEY3AtLTJnZDM5aFHSAbMBQVVfeXFMUFFKOXpLR1Y4LXdLRTd5TjhxcTM2NmtyQXU0NjVtNFlkT3ZxeU1wRWViSzUtejN1WUppLWtZZ2pvbzNQT0U3ZUNlanpybU56MUhJd3kxUTk0SEU3YWhDcFUwNHNZbWkzTl83WnRUNWFJVm9sRmhzQ2k4eUM3NnNRdEpQcEhWVVlYRjJZU0dhdFdSY1p0VE5XUnFlMGZWSF85OW0yakhyWFBUSTVzNUV3MUJJUm8?oc=5","Al Arabiya","Arab","1779633360000"
"Trump vows Iran can never have a nuke — and US will 'not rush into a deal' after GOP Senators criticize draft agreement","https://news.google.com/rss/articles/CBMi6gFBVV95cUxPbmdSRzhUYkZKQ2VPM3c5RGwwVE5pNkNHcXJmZDdGV0Zsb0VxTWwyS185akdIcm1wLThNZ0JySzZPc0xXWF9hcFZlMFNLaWFhMVJWcjVaaHU0TkMzMU5UeTk2RU9EejBXVkpacVMwSmtGdkdCMUV0UmFjaTltdXEzUVNBVlZna0dkWW8tWUZWU2ZNQkpsYk9aT0JYWmdIZkhDWGFXUjNIRGUweF9aZEwxR2w3emR0eTRzTXlGNnFRLTBJMWtuaU1FOEptUUpOeUdfNTJiNzAtUFZKSlgxTFhLOHFRWU5QcnI3UHc?oc=5","New York Post","US","1779633180000"
"Urgent: Trump says U.S. will not ""rush into a deal"" with Iran","https://news.google.com/rss/articles/CBMijgFBVV95cUxOb19rQ2RSQzJUSF9vbmZpbk1aNGRGZ1c0ZkhsWXZ0ekVDZ1pFdjNPNXFNVE41ZmtvR0I5ZkhLQ3dOQ0czVG5rY3VtRzhmZ2NNemRpaFc4azRpNU5zNW1HN1Y3dW5makctTF95UWIwd2lYUXpMWms0SGdtTk1Nd3NuMFFNM21ZczF4SnBKNnN3?oc=5","Xinhua","China","1779633076000"
"Senator Tillis questions emerging Iran Deal: ""It doesn't make sense to me.""","https://news.google.com/rss/articles/CBMid0FVX3lxTFB5aHRGX3dUVTFPVG1SNGNnSUNZY3J6d0lzeVk5Tjlfd2NxNFdwTWVfSTRpY1BjVVVYal83MGZnN1RoRVNWNDZRcUZOVVhGWlplYTBTVEZqZHJTMVRubUFMd3ZId1FNT1FlVW42T2hzZndQQ2lCNERZ?oc=5","CNN","US","1779632545000"
"Trump told Netanyahu no final Iran deal without dismantling nuclear program: Official","https://news.google.com/rss/articles/CBMi2gFBVV95cUxPaGdlb3BPVGpZSFFTcjRxQTQyYllyUGZVZ3JMb3JZNURJSVFoVU11RUpKOERPdUNhQ0dUeFNaLXJoYTRIcUVzOTlFY29IaEdhZlUwSFJNbmlLeUtDSndEMkpiNXVaRXd4eDJIRWZnZkZrYnJZQUlYWjA0WVpnZmt1WHhQZUEtV05ucW5jWXc3MXdQSFhFdDNscFpYM0pEQmROQTFqeWlYRkVFSDVFNVQ5LTZZVVpHTExOVVVOdDU1enVXU0JaNmJIQ0h6bDhCNDc1QTQwSUlfVFh2QdIB3wFBVV95cUxOMFZkVjF1RE5BWGdlNzhKa1QxRkcxVHhoUmFRV1VoaGJablY5ekhBeF94QTRRSW4tVzBhbDVSX25Da2wwcEtCdV9rb2laNnNUeERTNFFxc1l0d0Nna2EtaE5PNDE2VF9kRTI3M3hkNXpkX01DTXphTHM3eFI4MkVJdjZfbW9QNThOdm43VUhkMzVSSGEydlVLanlVd01MSVFELXM1alpkY05OYlVpcUFxUTM0TFJadTdhTW0xQXlrLWhEOXRsYVdENmZEa01DdkJXN0ZKeVpSekxtdFpCV2xj?oc=5","Al Arabiya","Arab","1779632520000"
"Iran-linked hackers targeted US, Israel and UAE, Palo Alto Networks says","https://news.google.com/rss/articles/CBMiakFVX3lxTFBIYUQtS01Yck1FN2lvYjdTZXFQZ2UtVll6SF8tRVRoamNQYmhycFFwdDZpQ01DRC1Hbl9tRkxsRTFjeWlzM0F1QjBYVXRfS1ZUcEU0RnlwMjNYQXl3OGoyNF9MX0NUTWpDd3c?oc=5","The Jerusalem Post","Israel","1779632471000"
"Bahrain jails nine defendants for life for ‘cooperating’ with Iran’s IRGC","https://news.google.com/rss/articles/CBMisAFBVV95cUxNQzVaMklzS0x2dnI3TnRrd3NpLWR4c2JRZmZMVW5hX3FJXy1HNTVQTkRJbXV1Z3BRZmVYN1NiSW5sd3BOcTdHLVVSQkVLR1FFdjAxVGFocHZ2NEZsY0NYTmM4d0hlZnZMSUphZVdOazduRkprWTZYblA2cWZRUFJ4NlZHYmt4aG1ld0xrT0l4azg3LUphNDZWdzFBT1FXZG1lMWl2MWdpaGpSM2RGSEZtZdIBtgFBVV95cUxPd3BPak1sQWFSN0t5bWRKMHZMYmxUMjNpeVI2eFZmNmRtWlpzcnhacS1BMVBBaXJoQ1VJZW56VVlPTXJmenlBSWg0OHo3YXRGTGJuMlRJYk1HQ0hxNHNZREt6MW1aMTBIcXZ5RVBfemZabjlyLXJXaU8ybnJLclVZOHBOdV9sSW1GaURQVUt6SVRTV3lNUHl0T0FMdkx6eGtfdXdZUHpRaTFYY0hrREpKM3lRZk5ldw?oc=5","Al Jazeera","Arab","1779632233000"
"Trump Says He Doesn’t Want US to ‘Rush’ Into Deal With Iran","https://news.google.com/rss/articles/CBMisgFBVV95cUxOTk43VHYzSnFSeTFwTEk3T3k4Y0o4LVR2S1lCSS1PTkNuSmwzdTN0YkJnc0VQQURTTzg1MmtoYnc2cEplendwRkVadUpvYVZuSG1BQTBZOUJPX1l2eU5YWmdMTkFtZm9TcDBhSC1FYjFCWkNzMmE4Zk14MkFscjJnYWszbFZUR0RCQUhDYzZZSFNLN3Y2QnprRk1BblRtUjF4YUFrN19HblN2M0VvR1pCNzNn?oc=5","Bloomberg","Global","1779632216000"
"Khamenei military adviser says Iran’s management of Hormuz ends 50 years of insecurity","https://news.google.com/rss/articles/CBMiywFBVV95cUxQeE5ZcjFkdU1lWEU2UVJudVE2ZjRjaElpTTRLTm5tS2JJNVczRTNuR01YSld5ODNhLXFUWlJHc0FqeFdUbktCOUlsVmViS0hKZ2xWbXNseVREd3ZEbnBnR2hQN1lzY2lrVlZMVWdQNlNTakRHX0lpdmR1YnFhR1g5TG1BN19haEthcWZEYmxMMXMwam5BdzhoS0lCU1oydTVWdWl3MXZkakQ3bnJ0MFlySGhrOVBQZUl1RUJMSEk3djVqeTIxRldIdkFoWQ?oc=5","The Times of Israel","Israel","1779631815000"
"Iran Projects Victory in Potential Deal With Washington","https://news.google.com/rss/articles/CBMihwFBVV95cUxOclJCWkViQWI0WVNNUG16ckg1SVNrWWM3aUgzT25NclZFU3MwRVlGTWUycjRrN0dkVzlqWm9VaDAtSjNNVW1WR2d6X1NmcV9xZEIxYk5OcEpZVzkyaHRCNk5meWhSVy1hZkx6ZlM5eGhqRVBmd21qTHlRcDlCUndXSXNrOHE5U1U?oc=5","The New York Times","US","1779631784000"
"Iran’s leader and security council ‘still need to approve’ peace deal with US","https://news.google.com/rss/articles/CBMiigFBVV95cUxNUi11QWR6X2dSUWhCZDBNenhDUEVsNFpFTDRYdzVNajFFUm02SG9kczhFdnpSUFF6M2pOMmVGVkxwMWxHQ2xKdmdqYkJPTVNwZGZIN1BmTnF0VDJyX0hVaVlDU3NPMzY4US1HVUJpX280dUx6Ukd2TG1yR01QQ01mRUEwUWNLdWJTWUE?oc=5","The Guardian","UK","1779631696000"
"IRGC reports increased transit rates in Hormuz with 33 ships passing in 24 hours","https://news.google.com/rss/articles/CBMiyAFBVV95cUxNZ1V6clVLZGdfNmx2bDZpZGJDM1Q0QjFVRWV5Wi1xeG9paGpTSzBXblhCZm42VS0ya0s5dl8yU2x2X05nZ0FRbWVxTW1wSmY1SW9PaGY0WktnUWhsYWJLNlFzQ0xBQkduUFlHU2ZDQXZKbFhiTEtEbFgwSHpOVnczUWx2UTRfemlua2VLaWxheUM4TFVWd21uU2JhU3ZwSFViM0lZejFJX0dqZS1sTDY2a2dFd2FKbWtKenUxcnZacjlQbFJST1lleA?oc=5","Press TV","Iran","1779630960000"
"Iran's IRGC says 33 more ships cross Hormuz Strait in past 24 hrs in coordination with its navy","https://news.google.com/rss/articles/CBMifEFVX3lxTE5NYk5sQjBLcUhZd3dpaFM5QWRHY0ZpQVBqMG5HZV9EdVJuT3JUeUFKOTJ3UWdseFJJZlhYMlAzdkVubjNhcFNKeHBEQ19iNXJRams0TDhoSmJNdlI1YXZYanVuaHRhSDZtZFFzQl9FYkx6dGlqbkUtWXJTczY?oc=5","Xinhua","China","1779630660000"
"Iran and US closing in on deal to end war, Rubio says announcement possible Sunday","https://news.google.com/rss/articles/CBMiXkFVX3lxTE9aVzhDYXJkVm9fYXg5UHF1b2lTMWx5QVdMWXFEZ3ROWktoSzFRQmFtaWU1VF9uMXk3TnQ0d19nOWg3Sk0wWjFxeGY5MFpGY0sxNHhSZU1tRlJ0bkxVakE?oc=5","Arab News","Arab","1779630633000"
"Trump: Reaching Iran deal ‘totally up to me; I don’t make bad deals’","https://news.google.com/rss/articles/CBMirgFBVV95cUxOZVY0S25QRDFNcDc4TkZEVWkwTjNPLUhvSDFFZXlhSmRRSFpWSmVuSFd1cHgzdExtbl9VbzA5RTRSX3ZHTmg4YWJfNE1yYzQwWVcxdlR4cU9ib3ptSUxRZUdodE90U3c2aHdfckNOQlFHTzVVRHBfeHlzWVZTeVhsMU1OZjdqMVpkcGhqYmtOVjlfWG80cmtXTUhwdVg1YTZvSi1KTDk0eGN0cTBMNHc?oc=5","The Times of Israel","Israel","1779630615000"
"‘We won’t know who won until final outcome of US-Iran ceasefire’","https://news.google.com/rss/articles/CBMipAFBVV95cUxOLU00aTc4cS11dExwRUI0blp2YzlDZlg2VU5wUWFidEJQdWtlMEZtT3ZTX0lQUXljSTI2Tk9nMERmZXI2TGRNeU1xUzk5c09hRFROYmFsQW5oN09yMnF1cnNVTEFtS2Z5bzdYd0g3N1NDTnlPUzJTVUZoUkgwUFRhcDZiemg5ZHlTZjdGUERsWEpURElCNkltLXJjZXdubkhlNjgzcdIBqgFBVV95cUxNaUc4ZFNxN1YwVW9PcG9OZjlpZjRrcnV0NHRUYVFXQnV6aUtZMFZqNlFPcUNWSlpCRzNUVU1CV2hNSzAweHFWVFMwZGlsdWpNWFlTRmNja1JyMG16QkYyMjRFcG1aLVFjaFliV2pGSnI1eUgzZUVSemhqZFE5cWZKS09ZQXpjLWN2aWV4ZXQ5ZEZuTm9hMHMyZjE0WWJ1cmY2VXRuX0wxNnQxdw?oc=5","Al Jazeera","Arab","1779630355000"
"Kurds fear new deal may not stop Iranian proxy groups' attacks","https://news.google.com/rss/articles/CBMiXEFVX3lxTE5VRm1RZjlvQ3FwTEFJREZpLTViWXhIM2cwdnNIWHBqNV9WRmJjYWtfWDZYdlNBdkdwRHhyaFgtNllLRW5wcXVGWVB4SS1yYnNkZGxxdDNQX1JZcERp?oc=5","The Jerusalem Post","Israel","1779630264000"
"Trump told Netanyahu will insist final Iran deal ends nuclear programme: Israeli official","https://news.google.com/rss/articles/CBMibkFVX3lxTE80am53OEEzbGMyQXhOZEFBUExDc0JVSkpUOHVDYlJKUVltWGNuZVdZX3Qzb25zUTAyWHZIdXU2ZmlmVnNwMlhHbW9UZ2d3TFU1STJHQ1pHYVNvLWE5WGZReENDTWwtRVkwbkVFejln?oc=5","CGTN","China","1779629735000"
"How Donald Trump's Iran deal betrays the Iranian people","https://news.google.com/rss/articles/CBMiV0FVX3lxTE5HaW5kNFp1TWVRTHQ0LXJVaGpwR2R4Y0lJeVh3Rm8tWnVsYURZRDlmOXN0UW91WGgyb1EyYkJwR0o1UlBaOEFiWDU5MlI0S20yTGMyQzE0aw?oc=5","The Jerusalem Post","Israel","1779629590000"
"Trump to Announce Iran Deal, Rubio: 'Good News' on Hormuz, More","https://news.google.com/rss/articles/CBMitgFBVV95cUxPd2oxeWw3SGJzY0pMa3hTcmMwSlZyMFZ2X1g1dkM2aU9kcTNueWQ4cXhQNndzb21BQ09HcWsxT19VZW5jcW9jQlhSMjFwYjRlcEJmYXNKR0FlQ0VWb211OFZLd1BuVWxEaTF5NmEzSXVrR196cHRHMzFoQmhrdFVnWFNMS19aNDZDM1dLdTFhUFRSSk5FUTBENHhkX2ZDQ0lBWXB6bmx4TG5NWUFmamRLSlJobDFBQQ?oc=5","Bloomberg","Global","1779629559000"
"Iran hints US will end war in ‘Persian-style’ peace on Tehran’s terms","https://news.google.com/rss/articles/CBMiuAFBVV95cUxPNVVzbUFEaExMOWNwbVFNTS01STdxYUQ4OTdtenZINndwRFFJNEJTV3FTd3ROUU1ETF9qX0pPa1dSX2hPSGUyYUhRclZCa01BZ3FTaFB0VkZDdnVGRVdvaHJtdkhsVTZZN2ZIWG1OMXFaaldoXzZiLTktamkzNUFPdWtZNzRva0F6Rl9Zc2FxWENQcTM0WWhMTktoY0t3XzJ6MmEteU52eXJfRUJObGFPcU1pa3BUMHlq0gG-AUFVX3lxTE4yTlViMXdQMFBrR3JUTk9pRUlpXy1zR1IyOWlOcVVJZTJTMXpHYUhLalBYYm1Da1JlWmp2Y3ZtdjRmRTA2dmpfOS1oNlhMZTExUXB5dzJnMmJyT1hCWS1xQjZfeW9xQXdCaGRtNF80V0FybzQtUGRBYzBtNTA4aGwtbVBpdEZ4aE0wYW1uSFgySG9SRUxpU3pXZmdvZ2ItbEgxU0VpZmRfd3JfanhNRFFPTUhKQVo5akdJWEZmanc?oc=5","Al Jazeera","Arab","1779629289000"
"Pezeshkian: Iran ready to assure world it is not seeking nuclear weapons","https://news.google.com/rss/articles/CBMiswFBVV95cUxQU2ZvUjFtN1h4dmFMZkRMd1RTY0xwd0g5Um5EWUJPalVuMXZ0Z0ZtX2EtaGlMcXVRRDZaamNmZXBfdjBEejE4QjBiZVhfQmdraXN1bzdvSGh1YUl0T1g3VndnQ0pkM0VVZHlQbW5LeTdYZWRkcDBvamY4b2NYdWViREx1RHRsaWV0R2pyVVJpQzVRT3NqOXN0d3c4N1ZiNzdXQXU1Ymt6VXY0YTFkbHNRNHMtWQ?oc=5","Press TV","Iran","1779628980000"
"Most Gulf markets surge on US-Iran peace deal expectations","https://news.google.com/rss/articles/CBMirgFBVV95cUxQNFcxbVVJUzd4cnlvMmZTZnBTa1dVS3E5VTJROFdYYzNmOWFtZEVldUZJem40dWdpOGRoRWNHdEZVSHZqWHQzV2QteG9Rc1o0dTEzSlkxSElseFYwTWVkWmR6MU1jc0QyTkNNOHFsVGdGaFZENlc1SENNNWw2WHE0WjIxeW15UUM4bWFaRmVPX2RyMmQwU2U3UGppOUlscUhNUTcxdW9kc1VCQ1NtZFE?oc=5","Reuters","Global","1779628689000"
"READ: What we know about the possible US-Iran deal","https://news.google.com/rss/articles/CBMiiwFBVV95cUxObmNaNkNoSDdteERyZlBudWFGcm1mbERLcmpOZ3owM2h2d05CbWZZalU2SG1uVktrMnVoWHJkZEx2b2tCT2szN3Jxb0dhVTdlQVQtdnIzdzdyUHZ3WHh4cTlFd2xzMGpqTnZIWTdqekZfbHF6X1BoR2NhOGtBSFpJcGJlY3BnUVRzQ0pB?oc=5","Dawn","Pakistan","1779628463000"
"Trump to insist Iran dismantle nuclear program in talks -- Israeli source","https://news.google.com/rss/articles/CBMifEFVX3lxTE9oa2lFVFY5NXpjbkQtT1RndS14akc2MDNCUkFoeTVGaHE4RlNqdXVqVTY0NEtTaGM4d0RCRlg5RF9NZzNnQmJMbHE1Y2dtalh5SWM4YWNPcTRIR05ud3JWbzZTMk1ZMElGM2pOeDdPSTNLYVBWUHNKOWZZdXE?oc=5","Xinhua","China","1779628425000"
"Leader’s strategies for Persian Gulf, Hormuz Strait to ensure future of region: Top general","https://news.google.com/rss/articles/CBMikwFBVV95cUxQaUdfQWdQenIzR3BoU0NNNlY0V3l2VFFNLU0xWHl0U20yVTFIRjRIeVh5ckpVZ1RtMTEtR1lfSFQ3X0ZKV1RwWjdLNE5IZVFGWXp6NFpKWUdGSnRpS0oxM0JMbXU1cWY2V0ktS1padjUtMWVqLTVXOW9PV29kN1gyX0hyWXF4eXdMU2VsRWtHejhxWG8?oc=5","Press TV","Iran","1779628320000"
"Mojtaba Khamenei pushes for baby boom as regime braces for incoming population crisis","https://news.google.com/rss/articles/CBMiXEFVX3lxTE9sQUxsN3hfS2R1dWVTOVVxRFNsS3RPUnVkMy0xMk5zU0FnZW5IZzhZb1RxTjVEeXI0MHhsQWtJTW15aXdjVGtBVWx4UUNCWTAyQ3hRY1E0N2didFNk?oc=5","The Jerusalem Post","Israel","1779628303000"
"What we know about the possible US-Iran deal","https://news.google.com/rss/articles/CBMihAFBVV95cUxOWURyQUZ1VUpMLTEzTm1aUjBRenN3WGNxSkVjekVPNkQwb1h4cEp1M0plZnZ5d1pFWkZQOUdwOVJqaEJVaUx4QTlHQzlCRVZkS2UyVUtRbGduY2tmUldOVkl1Wm9WemhwRzdzdlFZZ0ZEQXdjaHAtQzB4M1BlYzAxeVY0c0XSAU5BVV95cUxPSm51S2djV2RDRVZRVmh0TU5OLW5LY1M2U1VFYTdIUjlfUl9jUFNCVVVOUmtQQUNGOHgySTVBbHE1ZGVQZDFmQjE3LVB5SHc?oc=5","Dawn","Pakistan","1779628281000"
"Urgent: Iran's IRGC says 33 ships transit Hormuz Strait in past 24 hrs in coordination with its navy","https://news.google.com/rss/articles/CBMifEFVX3lxTE9yeUd3SGNpYWRlRk9wSVhndmZLRWNUXzlDamVZOXV5UFpLbUdFd1JkLTljN192amdzSTI4TDNGM1BYek5CNXdqdTZMQVp3eGx3bXdwdW1fVFVOcTRQMHI5NzRHSk5IUXVBNmFpVnYxTGJ6cVpfOTVCTFcyc2U?oc=5","Xinhua","China","1779626940000"
"British warship awaits peace deal for vital mine-clearing mission in Strait of Hormuz","https://news.google.com/rss/articles/CBMiogFBVV95cUxOZFdMb1BUN0VEaTVCQ2ZSdVRMSDQ3NWl2RUZoeWZoQmQyNlFfb2pLX19QUWxJLVliQml1R2gyblVZUlZtcTFDSjhBYnI3TFJneFBYYVg4em9fRW1ldlU0MmhHYmsxZUtkYTRxeU5aSmJTa3Nfa0g0TzVRd2lERnAwdTYzN2owLS1ZN1lsaDQ3SDBLTW1MUExJaWdDYkFnUWs5bWc?oc=5","The Independent","UK","1779626940000"
"Iran Projects Victory in Potential Deal With Washington","https://news.google.com/rss/articles/CBMirAFBVV95cUxQeGFXWGVwdUJRRjQ2SEtjNHM2TndKN010T3FPZ2czY0JiRV9QeEhoSWhWZlNfdWJkbmpUVFUxeEZWVmxwNFZfbHdoaWhKTS1zZDYzYWQwNFV3S2paU1pDLU8yT2laOTVWcmVxSnZpV1BTZDgwb1RDbEtTbHJKdjdhZUVoNmlRN1FldmRiQlVtdnhNbDNOWDNuYllwVjg0T1hyTXg1M3lMU0JvVVVr?oc=5","The New York Times","US","1779626784000"
"What really happened? Troops and intelligence reports suggest service member deaths in Iran were preventable","https://news.google.com/rss/articles/CBMiwgFBVV95cUxORWZiVmUycVIyMlc2bUlUZFhUMmJNbGZTRjE0OWNmV1ZLOUZ4Nml6NHB2YnFrQ0VoZG5IY2RiRUgwQ0xOaEZSYlpmQ2dRaDNuT0d6d3MtU0xDbVotTGJOQWM1eFloaTRIX25EVmp5ZURiOXg3UjlCN1JBQ2Y4Q2RXcHlOZHZiQlJpQnNXMElPZk1RUHBEUFNiVUtLYXRnVXhpNWtyWVB5TnFHMU05dzNlcl96SjZaRWRmeGRQRWR6YWdSUQ?oc=5","The Independent","UK","1779626700000"
"Iran","https://news.google.com/rss/articles/CBMiTkFVX3lxTFAydmJjUTFIU0ZmcHNnUmptSERNYmhyRC1rbzdNUDlNN0loNWpvSE1BZENZeHNNd3VQX0dGeFlFMlFhUE9YOWJfNW5mVEJIQQ?oc=5","The Wall Street Journal","US","1779626529000"
"Pakistan hopes to host next round of US-Iran peace talks ‘very soon’: PM Shehbaz","https://news.google.com/rss/articles/CBMitAFBVV95cUxQNDcyYV9QRnFQc2duZng2clFicmlLV2NNZktDRUpSc0FoNFhJbEFhMGM5LVlTMFBfUXIxd0pENWs1RHB6MTJzTjdoU2pFTUItempkTnFTYkhvc1FYOXdfWUd3ckgyRS1PMk1UaExvSjluWGxuQ1dZLUx0MFI5LVVES1N3b0hkclI1VHRzNmRqNTdrYlotWVd0V2xvaFVDRXR2bWZwbEFRV0xhVEVNNEpHMHFTRzjSAbwBQVVfeXFMT0d0Mk5SUTNMV1B3TTRSLUFYMFF1aFZOVzRlY0RPb1BVVEdlTUIzOTh4cUlKMnBNaFFtUVduYXU5Vmp4ak45cU5ud1k1d0xpS3dXZ0h1djUzdzdDOHM4X3F5elJtYTVJb1ZXb1hUNFIyQy1zWGlRX1RjdTd2ZzdJQ3BLMVI0OWh4WTRfVGM5aVBXTC1UeHRSRHZVZ0pqd0oxdTFHSWQxT0R0dE9rZUk1cUw4Zy03UjNRckFPV2c?oc=5","The Express Tribune","Pakistan","1779626496000"
"IRGC Navy says 33 ships crossed Strait of Hormuz in last 24 hours","https://news.google.com/rss/articles/CBMioAFBVV95cUxNbFZHOHpYTWhSU0hqU2Jpdmh3YUloNnpVX0prbFh6TUNkUHFVV3kya2hNbUk2UndHUEZsdjRoSXJVUE5OeXdvcVFKbTJYSDVoZUtoM1BBb0Y5RnJKNGJNd2xpQ0E4dDcxSmZVU013QlF2MXBMRVdhNkdNUFM2YzJuNFhKUG1ZVVYtT3M3S0RQMHhjTVk0QXpWSXVtLUhYNmVE?oc=5","Dawn","Pakistan","1779626448000"
"Donald Trump touts US-Iran peace deal while Iran denies uranium handover","https://news.google.com/rss/articles/CBMibEFVX3lxTE1iajYxYV9iSTlWcmVpbTg2T1ZFS3ZTU3dLNzUtWWRJbmhsV2ZtbmllTDlQOGlxVDhyUVlGRFBjU1pyTlpfcWh2NkpURjNmc19ISnp1V3ZMSWcyTFNzY0RuQ3dZcXRhUkxoMElZWQ?oc=5","The Jerusalem Post","Israel","1779626119000"
"Iran not seeking nuclear weapons: Pezeshkian","https://news.google.com/rss/articles/CBMigwFBVV95cUxOSDRGUWdqZkJ1MUttemhLUHpDUk50TnprMThhcEFkNmhjMFN1NnJ3WjI4T0JEb21kbzFjS1R1QlExajd6TE13Y242N3J6VDhiR3dFTUs5Y2J5cGFlUkZOTHUyTl93YUFIS3lscDdZLTdncFdNMkFmR3hGRW5wZ2tMQWE4RQ?oc=5","Dawn","Pakistan","1779626078000"
"Middle East Grapples With the Downsides of a Trump Deal With Iran","https://news.google.com/rss/articles/CBMisgFBVV95cUxQZzhqdWc2V3BRNEhtbGtIR19Fdk0xSmlwU0tDLWkzZ0tCdXh0MU1qaHMyU3pETkx6WVBqUV9xSDE2blhYREdqeFJ3dGgzTFBZNHVFYjBQSWNLS1pYellJWmhMaTZJS0Nuc18yMzR1QWxQV25XaHQ2TXpKQU53QVpMWVNvU05JVk51R0JmbWVZUTd2MDZqZEdGQl9XdWR6VlZoQW5hN2lqVVVFam4tb0M5OTJB?oc=5","The Wall Street Journal","US","1779625980000"
"Bahrain jails nine for life over Iran-linked terror plot","https://news.google.com/rss/articles/CBMirwFBVV95cUxQWlZFZ3JJN3Y1cGNHdGZNcEhDelB5M0pjSzRqY1RHRWpoa1hwbG9NSGVxSGN5UGxwNzZENHE0YUFjLW9rODRGbG1WVzBtVW1oTlJZR2ZnUGhLRGpmUmFfTFNQWTBqdUdZSWFmVnVvdkU5OHZqc183TUJkSExHSzRmU1FxUEIwZ3dSUzNYb0pNTTNyc2lNYkMyX2ZLVVpEa3hBS1UxZ01rMlJrQ1N1eFQ4?oc=5","The National","Arab","1779625904000"
"US-Iran closing in on deal to end war: Trump says it could reopen Hormuz","https://news.google.com/rss/articles/CBMioAFBVV95cUxQZlRUQ0d4NlY2b1RkVGh6aDByeGM1MjJoSWt4bkx5WE1iOHlrLTRwaWVBUUxNV3dHLUpVUXVKWUMtOGpVXzAwUWdpV1NUSTVqU3RNWjRvRXVXdlNtaDFKVUYtV1Fub3lVZUZhTTVFb3dHX0llRFEwa0NfMGFPSTM2NldKNDM0Y2JkVlA0UkdJVThOSDlKR1Fyd2o1cXpyN1JZ?oc=5","France 24","Europe","1779625276000"
"Trump: US 'Close' on Iran Peace Deal, Rubio on 'Progress,' More","https://news.google.com/rss/articles/CBMipwFBVV95cUxOVEVZU1drM3JZWG1UT1Y1bk5IZXFmdVlkQ2pFcXVtSGhzT2NmQ3NucDl0TGhTd1ZOb084ek1lUEVDZUppWEJyMmp4RmZrR0VBbGtyVlI1aWgyQUZ1NlFEQUpfVTNmbXFyT09nVV80T3NQaGVrOWgzd0hUNVROYTV5a2EzcUdqYzE5ZVZOczB1d01LYXdwMWJ5NFlzajhHdlduanRacmNZNA?oc=5","Bloomberg","Global","1779625107000"
"Donald Trump holds off on Iran strike as Gulf States push for diplomacy","https://news.google.com/rss/articles/CBMiV0FVX3lxTE5CMDZuQkxyZnM1aGVyUVp6Tklrcm1nQTdsN2xFQjhhclgyaGJNUnA3dGVTeUdEZHBFSnpZWERLMFVEMkZGcnpDME5QWF9yaXd5RjdMaHhZNA?oc=5","The Jerusalem Post","Israel","1779624917000"
"Trump said to assure Netanyahu he will thwart Iran nuke program amid jitters over emerging deal","https://news.google.com/rss/articles/CBMixAFBVV95cUxObVlGUjVVVjFaVmpfXzR6M0swNGZPcGIycVJoV2VMb1NveFJSZTdmZDBqMGI5OE5XYzZrWTVhVFFwRXBucG9OY0FEZHF0TkJmbEZ0bUpHVFRZTkhWZ1pKVGRLTVZmWFdOT3JSRXE3NTE1R1BGSkg2SERYOUkzdnhjZ1Eza0NXMXhqZFdDQ1VoVUJLc2JOYUgwNS1PU2dBNzJ0U2duYlYxcEQ3Z1J4bVpwMFRaVkRuSE9XRkZKRl8zNExDVlUt0gHKAUFVX3lxTFBJTXE4LVU0UzdlVVhiaDZqa05mT09ZQy1pT1c2S2ZWZGo4XzdmR1ZtTlFiWUNFQUE5TmUyUlFqQ1dzWTV6VFhRRmdkSUNkdF9vTFQ0UVBidWZQQWJUWHgwTjA1ZVc2RkdOMTFIdnJ3cXdib184UXNnVVc3V0ZPWl9ydDcxdXZJVDZybzlieXNoRHVGRVRweUNFeDRDTFNlMzFSLUEyRUx4czRpZjFSaldyMk9Ua2NPbFFyNzBFd3VldEp3YlhmSE16bWc?oc=5","The Times of Israel","Israel","1779624675000"
"Possible Iran-US deal: What we know","https://news.google.com/rss/articles/CBMiiAFBVV95cUxQRUg5V2dickRvdm5aV2pVVnZ2VGhwX2dLcHZ2enRqRU91Ni11ZW9HbEU2ZTg4XzNORVlxLTNQOGlMN3N0OUhUTk5nQU92SXFDWDh1VlAtTHNMclNYY0VFUWVtcURJTGFULWd0TmVIN3dGUlprbHhQS3k3aGhOQWNhLWFmRDVFTVRv?oc=5","France 24","Europe","1779624673000"
"Bahrain court jails 9 for life for collaborating with Iran's Revolutionary Guards","https://news.google.com/rss/articles/CBMitAFBVV95cUxNSGZCOTNLVkI5dkgza2Q2QnJldTRLYUpzTjI3TDRuMDhGY3JEOTIxY1dyaE41cmpLd0tsQmxEYzk3bTdiUE9MbThRYWFUWGs5RlRVZnlTR25nRzBOVGJYdFE2eGpPc2RjWEtwckhsQ1d1YURKcDNPLXE2NjJTZWxDM3p0RWxwWjNfZ19KMjA4b0tNamdzNS13WEI1ZF96MDJFb1BuRnM1a3F5ZE5WLWRZTjN4OEU?oc=5","Dawn","Pakistan","1779624422000"
"Iran’s Pezeshkian says Tehran ready to assure world it’s not seeking nuclear weapons","https://news.google.com/rss/articles/CBMixwFBVV95cUxQTmFuZmFsQ0dqcVF0SDc3TzZ5ZFBSTThJUWhlS3RfRGZQajFveWxyX0pTTmIzUEdlMVlWeDZCVHZCdlBkQ0lNVWJUcDNnYkpPV0NCV3RLaFZLbXB1S3VYSXVWSk1vVDFMTEJibFBJd2wxZGx6WlVIWVRhZXVCcmxhNldnY3dZcHR6ZjlWVDFMcjA5ZEpwU1AxTk41a0ZqMHJrMU1NYkl3dWRpZUdOa0V4N0ZMLUpfUVZVd1N2ZnozRkpocmFVNGFz?oc=5","The Times of Israel","Israel","1779624315000"
"Iran vows to keep backing Hezbollah as US pushes ceasefire deal","https://news.google.com/rss/articles/CBMiXEFVX3lxTFBaZi1NNTg5NVluNnlDYkp5VDIyQXJDQ0J6ak9vcWVXWGxRaDhFcHJMTmhTZjlHOWl2dzZJenBpbjNrdldpWmhNMDBQa3dFV2swTWJZOGo1NWhYb2Fp?oc=5","The Jerusalem Post","Israel","1779624170000"
"How US, Iran peace deal would reopen the Strait of Hormuz and deal with the nuclear issue","https://news.google.com/rss/articles/CBMixgFBVV95cUxOVk85b0hpbGhfYkM3b2hieXBieldBRTloSi00NWRESWlxNFlLdWVkMTFqRUNDbzlaSDV4aTBzT0pxRzh0SHY3ZFpEWnB3bkJrZGcxNmJ2OTJiN1lmRDI0dXRLcDk1TEJ3M25UWTczN3BIUGNWbTk0aHVWOFpYVzZla1I2aVMtUkNXSHVsd2h5eFJKUVVGc00tX1dSa0dNeE1UdUdLTkpWRDlhNnVyeWNRQW9UalQ2NkRDVzB6bUtIcER4Q1NfZWc?oc=5","New York Post","US","1779623820000"
"NEW details REVEALED on nearly final Iran deal","https://news.google.com/rss/articles/CBMiVkFVX3lxTE4tMXN0TUNPelp4bW0zZncwQkMzeVVXX1pSZ0JPdURUM0gzNmFaXy1HUWxWMm1rb210WDBwd1J2ZEVoTnVtNDRweWlJdUtZcml2dHBPMmF3?oc=5","Fox News","US","1779623752000"
"Sheikh Mohamed discusses Iran conflict with regional and US leaders","https://news.google.com/rss/articles/CBMivAFBVV95cUxOdG1tdERYdzdHRVBZQ3NPekhEb3pfRFBmWXc5WmVuVDFHX0xNcmozNzVsZ3Eybzg3NDZEZ0xRUUQ5M3RDOU9IQlppZmdSRElxQTIyVWJsUXp3LVR1Szc5bGFvcFZjVzNOVkVOZmZuTzdfTnFJOWZwYnBzYjhERDhEakZzWS15LXZhbHJ2ZzNaQlZpalVEaWh2OEhDLTJHcjc0NXliRXpfQXRxUTdJTVZZTDRFVFZwcXBjVzBBcw?oc=5","The National","Arab","1779623639000"
"India says upto US to decide its partners on Pakistan’s role as mediator in US-Iran war","https://news.google.com/rss/articles/CBMivAFBVV95cUxOcTBuME0tbFVXOU5UTEFJdzV6OWpYd1JUU3ZMaVBabUFhUnRwT3V5WXZLTG94eERmMzRrczh6bXdZS3NXZlRHbFRpQW1peEF6RC11WU5lcXhaNXRWQ2Q1c0FmdXZma2lHTzRZc2xCcW1jSkd3eF85VUNaQ19iUl84WGZBWGktRW94M3Z2Q2NUWmdBaG5Zc25rSnB4Y09sbzc5TGxKSjFtQ3NSUEtDQ2tOTEN2ZkFvTXIwUHlrQw?oc=5","Dawn","Pakistan","1779623621000"
"Iran’s leader and security council ‘still need to approve’ peace deal with US","https://news.google.com/rss/articles/CBMiuwFBVV95cUxNQ1FLR05keVhRb2tpU1NZWDBfUzVUakNJLXBXRzJrdlpVaUduV2xWaVJSaUJTS053dVFiaGVzNGNuTXQ4b09kUmF2ZnpnMmlnQ1NQbTNVZXZSTmxCb2xHN09EV1Z1RnJxVHNmd1EtVmJGZHc1cEhScWxLQldnSjdPbU1uVVJYaWtPMUJCeTB4VncxdnBYY1JYYjU4ZGRyaWZmd05NUktfTWYzVmxOazBzZjlSdU5QRHRnR1Y4?oc=5","The Guardian","UK","1779623160000"
"Live music stirring back to life in Tehran as ceasefire offers fragile respite","https://news.google.com/rss/articles/CBMi0gFBVV95cUxOQWVVSmtXRExoeW5hc2gwYnpBcXBWcDQtYU4zYUxtMVRwaDhBdGpydmdKeEw5VmR2ZTVtWnlvNGs2dmxYNURmNGMxTFQ5aHlfaUktSzk0blI4VW5sWlFySDV2bXNxM0dOM0NlUG5WOWxobFh1NzZZdldKb0NUYkttOWZPbzZkTUVmRGdScGNXLTZoaERnbzlnM0RPQ0lQcHlYR2ZKbWtjbTRZb0tlUkpkeFhMNjdwQWRuTGplRi1VRExEenFRNGJqMzlVY0F3MnU1eVE?oc=5","Associated Press","Global","1779622980000"
"Iran claims it downed an Israeli surveillance drone; IDF says not familiar with incident","https://news.google.com/rss/articles/CBMizgFBVV95cUxQOU1qbzM4M3l5NFA2bTM0MTlDQ3VpVWFLOHN4NEFTQ1RXYlZPOFRQTVlZem1oeWpIYXpDNFY2Y2I1RWhPakpaeUNWUW5GY2NhVkpFa29uWjNfZ1VGaThfU1I0clFZUG54dFlMVkdUdmVxRDRSc1diWnpqWDk4QU5zcW1DSEZPbDdzU3pRaWpjSkF4MXZmckR3Yk5KczlKN2x1LThVUXZCMWRHM19CRGZ2WktfOE1yR3BwYnhKbHJfQURFb1k0b0RWcFNKRjY3Zw?oc=5","The Times of Israel","Israel","1779622815000"
"Iran’s embassy says US shifting blame after Rubio accuses Tehran of threatening energy market","https://news.google.com/rss/articles/CBMi3wFBVV95cUxNZXJkYTZwWVc3QnN6Z0ttOGJjQ2doenIxWWVUNUZzbWx0dWwxb3cxYW9xSVI5NDRuUm1aNUpMTk9QeEM5VmJVMVp5cTVub0NNMF9jX1kzVlI3WHlvQVJRSmFMYlFndGx6NjJ0RFNxd29pbEs2WDFQM05MZXYyWm44YXJtdHVrTV9lY1dPbjhKNmFOLWFTN3hEU3NzVE03V09SS2JFSzh4aFdZSXlYNERjaEVEdXFQdUZsVkNBT0wtd1BVd1lvRGFWUWFzQ2R0cTNqTUtzWW95N1FkeGRKcXJ3?oc=5","Press TV","Iran","1779622800000"
"Iranian women, men train with kalashnikovs at nightly rallies as defiance enters 80th night","https://news.google.com/rss/articles/CBMijAFBVV95cUxNYXNoaEpXN2pzUjMtVnpyd3k5T291eEdiNUhWTHFrdk9hNWpIMTNuaUczNFppbUx5Sjdpd2VDWE1FQ2s2d1N1SWdmeUJOQnBnb01sY2tlSmZNczdYSE1ETVRLbDJVR2F5QW9STU5LdFRhX0ZCTk1CbW9HeXNGRU5xeFRWUmt5cUNZRmN5ZA?oc=5","Press TV","Iran","1779622320000"
"Urgent: Iran's president says ready to reassure world that Iran is not seeking nuclear weapons -- media","https://news.google.com/rss/articles/CBMifEFVX3lxTE5JWTNuYjRSQmt3bE9YZWpBOFp6MVRrYnhtLV91RGpCSVlsY1ZNMjRuaG1tc2hPNmt0dmd6VF90bzVaOTVTa3R2b054enRDOFFSYm1lcXFiQXZJZDJ5OXd6RzZTQXJNWV9NZUZlbFdOWlc0T3JRQ1NpRDczUE4?oc=5","Xinhua","China","1779622155000"
"Urgent: Israeli spy drone downed in S. Iran's Hormozgan -- Iranian media","https://news.google.com/rss/articles/CBMifEFVX3lxTFBOWm0tZ2FCVl8wUjVROFBRMFBsZ1lkdnZhTkNObE9pU3RFdU41aWpIQ0kzVVVZdExUTHdXSkp6N25valk2bUtLbGp0d3lJcGNtblI3aE5fZ0lQRDhmenZJb3hBS3lNSkVLWGI5NW1PNGd2YTUxRU1QWDVoRkk?oc=5","Xinhua","China","1779621615000"
"Flash: Iran's president says ready to reassure world that Iran is not seeking nuclear weapons -- media","https://news.google.com/rss/articles/CBMifEFVX3lxTE16Y3RLSUZKTVpNa2RCaDBINWlTR1h3YUhJR1J5WHo0VURKaWxnUVRha3B4M28xOHNPVmhzWk1ieTVXOXVmME0zZGh0THBpWFBqX3BSRkRZSml1Rk04U255YURJRWxzaXpUVWFwX3JFclBQMlpsM0dha3NPdmY?oc=5","Xinhua","China","1779621405000"
"Türkiye ready to support implementation of potential Iran-U.S. agreement: Erdogan","https://news.google.com/rss/articles/CBMifEFVX3lxTE9KQm5EaXF6QnVjTzJRSWpaNVZmcGg3TUFBTl94aThVQUdnQ1A2eGJ4Y2lsR2VkbDJKWFRXRnZzeEhCd0dFNnkwZXBwSmltdWRjZGpNSmF5NlhIRmZtZ09oamZIeWhOLVlXVFFIc3VheHRyZFRTYWJDQlJta0s?oc=5","Xinhua","China","1779621360000"
"The GCC should insure itself against the next Strait of Hormuz crisis","https://news.google.com/rss/articles/CBMitAFBVV95cUxNU3NLSXFCV1ZNOEhFczBEMTVGekdyZ0FVNjlyVnk2RjVzdlM5UWkyUGZLOVB6THlsd2VKNk1weHBZVjFaNG5fenZJdWhQUTJoa1JOYTJqVV9PdE56aDhVOV9xTVE0TmQxNU95V3pVWlpyMjg4WXBwVUQ4Nkp2bWNqd1JrMll5cUNOUnJuZVZ1NEVjeU1EMFVya0ZnUHNkTXBOR3Jzd2pjcEk1aTlYdzNFUW9LN1bSAboBQVVfeXFMT2Y0ckZwak10UERNSEFRQm1hY2dXaWM3QWVYb0VYdVRKekFUS2ZZeWw4YzdVN1R0NDJsRl9ZejJNaXlTc2JnME9CR3hGQ21JOWlha3hEUTFmTG1IMm9uSktHZS1iV3l3czZ2ZlBLTjJIdTVvcVdONWZtRzY3aXZ5R1lSUVFhWmhJc3ktNVQ3YkpzekNlNnhWSlFFazYyeDdmVWhzV05WcWxEQ1RMSVlJQTBUQ3MwaHlQOVZR?oc=5","Al Jazeera","Arab","1779621267000"
"Bahrain court jails nine for life for collaborating with Iran’s IRGC","https://news.google.com/rss/articles/CBMiuwFBVV95cUxPZnFmMEtYb3lsdHhKalV2Sko5dzRKc3pxZnhlUk9rWlRXcjZ6S3F1LWpqY056NUFuRVYxZDQ0aGNPcFpnaVhQd19sOUp1ZDhXVldaSllZR0YyTXl5U2VROE04bFhYWmNhYjJraXNCZHJsN3V1eTBJYkhUMWlkb2haLW5yeExSZlBkeVVkNEZiQ0xybXJrM0xuYzlNeHlEcmRjd3BhVVNtVHh3WWN5Y3dtWVRUQlRRME0wTzZB0gHAAUFVX3lxTE51NEsyM0tNalhudU41NngtQzhyX0VWbW9lejhtTDQtOHNzazJ2cXlNY3NSbVRNSUF4bXpSZUdiVlo4SHBJUmNBYWo2d2hjRzVpd3JzcHF6WWVPb2wtUjItdExYbFNvR0FTNEtRQ3d6Vkg3bzFwOFVveE5ERnRfYzVPNGNVSjZoUG5Ka2U3WVFoVHFlN0E4RmpFeTFHMnBRbkJwbTBYek1KUWdmY1I4RG9rY2w1LUJUTU5FMHRfUldDZg?oc=5","Al Arabiya","Arab","1779621240000"
"Israeli Leaders Say Little About Trump’s Potential Iran Deal","https://news.google.com/rss/articles/CBMiigFBVV95cUxNbHJCNTZXcUctLXhOMXhBejEtbXZFb0c2NGxnZXFUWUxrNjJiMUxYa3Q3S3RmUV95ZUQwejc4N01uQnYxSVNSbnhseHlCc3JUemdzR0xOeWR2OXp5YXRtWW10ZGFEem42eHNmcmxBdDU0ZlJoMFJFTDczNG5KcVJhcWNITXN4OHZFTHc?oc=5","The New York Times","US","1779621137000"
"Iran reportedly shoots down 'Israeli drone'","https://news.google.com/rss/articles/CBMiakFVX3lxTE1VWF8zLXZFWlFMc3NTczB4UVNKTlkwS3hTVlFrSjRjLUxMSlVRQVN5T09HNjk4WmdDLVFZQzBGaVhnQUQxSkMzLXNRRDVaTWZjT2xnQmRVaWtlbEUtOGRPSEs1ak9JM2lhaHc?oc=5","The Jerusalem Post","Israel","1779621063000"
"Bahrain court jails nine for life for collaborating with Iran's Revolutionary Guards","https://news.google.com/rss/articles/CBMiuAFBVV95cUxNUEVjRE93LUZZc0g1dEtaUGVHOGZWUDJ5eFBxSkswdGNMcmRZYXI4S1lnNXBaekpZbTVkZXQ5elcwcVhmUTVhQ1N0TmM3VWUwcWhWNlMyN3BKNFlCTTJCcGxncXYzQ21iQ2JMbEl6RUZabTZHNnFIaklVWVp4S1gwV3QtRXBCV0lXckI0eUcwLWUtRkJORDJqZHFteDIwdFdyTVFtZDc4d1VCRmd6Z1pMS3lJWmQwN1E1?oc=5","Reuters","Global","1779621022000"
"Bahrain jails 9 for life for working with Iran’s Revolutionary Guard to carry out terror attacks","https://news.google.com/rss/articles/CBMi2AFBVV95cUxQMnpkWV9PNG9wSVpPWFNjM0RlTmt3eGJPMUZiS2dzOF9QR0dERXgwVTlSX01ndW5tcWFCYklZbTFoWWRvQVRLbk5LSU5DZUNkNk93OTRKX3dEckxRVmoyNmE4VVB5TFBaM185dHlZak9RMzNKcjJ5VWU0RmM3c2hCWmM5TklOYlpDVVFjWnJHTjBiTWJRV0FkMEtnWng4aHZMc3QzdGlTVW85VWRuYWRlZjNLRXZvcW9vaFBKZ3BBODJqbTEyLWlIa09vTzluQjFFcHpGenAxMmY?oc=5","The Times of Israel","Israel","1779621015000"
"Iran shoots down an Israeli surveillance drone, news agency says","https://news.google.com/rss/articles/CBMingFBVV95cUxOcjhOd1JmS2JKaUNfVm45bDdvUEk4V1NaaDlOY19YYVgtZDhIRU9jbXVSSm5UdTRJeW1tNFh0djNXV0htT0dzcmZSaEZURzh2SG14UjhyRVZPUU1nbzlIdHlCTDVsaUxLNG10TFVZU3dvbjVXVUI2MDJWcnlJMHIydWdSWV9fc2tOM3dWamJBZ0R3dDJvcFFWdkVnUlpzZw?oc=5","Dawn","Pakistan","1779620979000"
"Iran shoots down an Israeli surveillance drone, news agency says","https://news.google.com/rss/articles/CBMivgFBVV95cUxQSjZiVUdEbVJFVnV1dFZmVmFOUWQ3YkZqYk5sVjg5WVVkcmh1ckUtVmZmaDJSX1VRWjVfOC1wRUIzWW1aM1V0UHBoQ19SM3RXaV9WdmVsNUQyai1pMkZMWHZLZG16SkVxc1RwM1J3TzRPcnlIcTNIeWluMjVjRVNUTFJuNk1IOVNYTU9OTEZIcHU1VEY4RzJSbjFvVGtaYlNIT0lTVUhHYzBkcXpzdGc0SkJCWldYUU1vUVRERGpR0gHDAUFVX3lxTE1WYnlLc01JMzNDeTNOaDRxbWtCT0E5blA2SG5NSWZWWnkyX2JwdXIwd3BFVmp0R1pueEplNTNQUkhQaUxmVUlMeG5DekdGRHpaR24wTVV2Uy0zSDF3ZlhwOGw3alYxOExZbjVWNENNODY0eUtWdTU1MHp4TWxSTXFEYW9TbzNxYVJWOGdrMmFQaXRMMXAxZEMweXhaT0dpaHBXcGxCMGNJT3ctekN5Qm9JcXpzQUctWVI5aE54VVhpemM0QQ?oc=5","Al Arabiya","Arab","1779620940000"
"Rubio Says US Has Achieved Objectives Of Iran Operation","https://news.google.com/rss/articles/CBMirAFBVV95cUxNcEg5aDlsNEM3Vkc1U25zYXU3aUFCQzFTTFI0YnB6NWc5bUJLNktnNjJGZTNLVnNmRWlNTWJlVE5jYUhpUWg5c3gzb3F1UHZlWElkVkVCU3Z1MkcyN3dFeVhGaEE5NkFDSU13ZGk4YzVzcVlUNFVJUzA1Vy1LenE4NGNhVHZvZnBSYThqTnQ4WENXall1OWQ4cVZEaWJUaXFLTl9XYkxwS2dqVEw40gGyAUFVX3lxTE1nZFQ1eGpIa3V2dlVvak1sU1Y2bjlpMjNiNFVpN0x6d0otR2xvZkVZN1BRQmNDelduV1BnOWdqbGZiUnQza2hzR09FcElwMk9hSnYwYi1GUVlKVFc0dHkwenVydkl5aDd2X3R0dkNUb0htWExzaWRqRWFUQjVyT2ZOTjJWNHZ6M21VZkJyQko1ZW80eWJGNTdoN1ZJeUhPSVNyUEZ4M2JaTzFuTGZEaDV5dFE?oc=5","Al Arabiya","Arab","1779620785000"
"IRAN'S PRESIDENT PEZESHKIAN SAYS OUR NEGOTIATING TEAM WILL NOT COMPROMISE WHEN IT COMES TO OUR COUNTRY'S HONOR AND DIGNITY","https://news.google.com/rss/articles/CBMibkFVX3lxTFBmVDFjWjcxU2U0cXg4LWZWcU0wZVFTSzVxRWY4c1hjMS1wdFVWa21CUXZzdDNBNmkwZHNvYk1CZ210UTZRa2h0YmwwSlM1SlJOYXVuYWdHTHlDTVc2cW9zanJYbzlxdno4VUlmYXNR?oc=5","CGTN","China","1779620533000"
"Iran war could add billions of dollars in interest payments to US debt","https://news.google.com/rss/articles/CBMicEFVX3lxTFBubEtUTWV0alVsVzVjc2JMNzQ1R2VRT01NTjNEUFRTMjVXRTE3TXZiczB6LVZBQWYzb3JtTExnWjk2ejd3cEFVS2hkbFhIVnRBeVdDX0stTFZvSHRCZ3Zja3ZfWVNBUUNwSnc5OUY1VHI?oc=5","Financial Times","Global","1779620407000"
"Tehran’s oil attrition strategy could turn against Iran","https://news.google.com/rss/articles/CBMiV0FVX3lxTE9tM28wWHN3SW1HU2dlZzVGNy03aGVqcDFmREhTME5XNzVyRjJTZFBqODJiTzNRRDFjZ2tPV180NnZZRVU1OXdUNjhxSG9LQkNFWXhFMGxmbw?oc=5","The Jerusalem Post","Israel","1779620400000"
"Rubio accuses Iran of being ‘world’s leading sponsor of terrorism’","https://news.google.com/rss/articles/CBMingFBVV95cUxQVUxGdTdNYzdPbWxRTG52dEM1TnowOFRQcTJjdG5UTUV0d3JkbVRfVWZFbW5zNDB3UGZMRk0zV1hFU2F0WV94bE13UVVNX0tCOUpjRmhRRWZUdGVGUFlITGVCc0dyc295ZGJkZ3pVOHg4cGJzY0ViSjlqdEk0dWFDUjl3Q2J6N0FtbExwSy1hYkYweC1uTWwzN1R2QWxzd9IBTkFVX3lxTE9SME9GU1VxNTQwY1Fta1B4REFVY3RYTHcyTlp5UlYtVW0wOENfVGI5Y2NkcENNZGdOUzJJdVhaZ0Y2bFV1RUpUbVY5dXdpUQ?oc=5","Dawn","Pakistan","1779620108000"
"Flash: Israeli spy drone downed in Iran's Hormozgan -- media","https://news.google.com/rss/articles/CBMifEFVX3lxTE1feTd2d0RHaDNoY1ROVVBPYWgtZGVzY3lPY2dJQlZWS3p6bV9hSTdmN0dxRXRKQW1QemhFc0xwdU9zTjlMN24xTXRIbjlCTEl1UmRqN01nMm9kVEo1VDFMN3V5cDJpV3hpdU15U1NPWjB1akpPZ3E1bTlVRGs?oc=5","Xinhua","China","1779620040000"
"INTO THE FRAY: Helvetian Hypocrisy& Iran- A glimpse behind the “chocolate-box” image","https://news.google.com/rss/articles/CBMisgFBVV95cUxPWm83Y1hQRERCUjA2cXg4TTNocEx3VU5WT1BPYXVjeGE2Vk1LMjFHcXpjOS01Uzg2TzZhZERRY2FHY3IySHpaUlY1T2NfNmNMRF8tb1E4b2ZWOGxiVEZ0R2NCdDEyWnVBd1p0SVk2TnZtaEV3TGluU3JmUTlPNXJLZXdqZUdvNUVVMmlHQkljUHM2TE9zQ0tRNkNlbV9UYktlRU93WU9XakI2Y2ZiRVh5WXFn?oc=5","The Times of Israel","Israel","1779619980000"
"Iran makes no decision without Leader’s permission: President Pezeshkian","https://news.google.com/rss/articles/CBMihgFBVV95cUxQazQxczNhS0Jrc19Nemc1Rm1velFtQ3JJb0RTcVdVMDh5QzEyN0dYNU9mcWxNSWxMa3BtLW5oT0RHWVBza2FJTUo5RHEtU2JnZ0tuak45N3lYVV9wclh2QmlLR1FmdGtfeFpsMURjQkJlRG51b0VtWDhSNVh0RE5KYzNwQ2NVdw?oc=5","Press TV","Iran","1779619860000"
"A U.S.-Iran Deal May Be Hours Away. The Nuclear Question Is Still Unresolved","https://news.google.com/rss/articles/CBMimwJBVV95cUxNVDRacEE1Wm5FR0l6NjhlTy1jSTBydFFEZGdHcGp0WGx0NW56UTdWWDNTbzZxRFpSYUdxMkVEaWViLVJEaHNHbklLNFYtOThneS1RbzRBUU5jcXdVR3FpdFNFcDlDelRsZXp5U1hWSmN1eEZKY3hhNHBXRGlrQjhyRWZVN1I1eERrZWo1X2FoM0QtY2NQOGU1WGoxOE1YWlg4b05hOWFVZ0NwaWJaOTlUemtJc0l3RndtenFmSmJrLTByYzlESUxjY3hSUEFPVWZXN3lXUk9UaWZySmVwUmxnM3pJc0Vla3FmV2FLbEhORTRCajhfNzJGV2ZqVGNRelh1V2trcnMxaGVESHRiU19LMXFzNnhtdW5UM2kw?oc=5","Haaretz","Israel","1779619800000"
"Roundup: Potential peace deal demands U.S., Israel not attack Iran, allies -- report","https://news.google.com/rss/articles/CBMifEFVX3lxTE1QRUhOQnlkcU9Ecnlyako0RTF1Y3hvZThyaEk5cV8zZTR1Qk16YmN5QnNiOXVnYWZNUGhkUXJOanZYMlNZYjZlREV1blVPcUlsMlF6Tzlqb2xfOWp1THEtbG1taUdVSzJqQzFvTnB3clpHZElqMHBsODk3ZmQ?oc=5","Xinhua","China","1779619620000"
"Rubio says Iran war announcement possible later on Sunday","https://news.google.com/rss/articles/CBMiqAFBVV95cUxPVWE3RjJIa3pnemJ2amVWSEJZek1JNm04QUlIWkwtdVVwVHN3UzV1dFpuLUY3VEo0dTJqMUpucTF3TklsRGRtdlpGUFBKYndDN3E1TE1wV2dtMUZuQ0k3bzdlMGNiVlR1eExiOU9EOU5aUzJmdkhoUnVMd2Jrc0xQZW5MSjRzNmlkU3BsZHAycHpyb1NCOGNkVW0wMlRhckV2X3RtbGw2dWQ?oc=5","The National","Arab","1779619447000"
"All we know about the latest draft US-Iran peace deal that could reopen the Strait of Hormuz","https://news.google.com/rss/articles/CBMiqAFBVV95cUxPZ2RVLUota01WUnUxc0QxSzVZM1JNdTNlVDh3MkNaX2h2NWdyQll2OEJxUEd2ZUMxWnpMak5SN0lLQy1SWHh6dUVVdnhVekVCaFFhRHJ4dVd5VW5Dc0ozbTNCb09YR19MSWxxTmRxQ1NwdVNUeFpCeGh3SXdsWWNvM0dJSl81TFRiY2VHNC1hc3FUV1k3VXhraFJOSURHc2tPZ0tPMl9na3I?oc=5","The Independent","UK","1779619320000"
"Details of US-Iran deal begin to emerge after Trump announces progress","https://news.google.com/rss/articles/CBMi0wFBVV95cUxQMURRSzl2akZYWnYwWUw2RXFaQ0FnRmo2dFNuUklnME0zY0dETDhlWTQ4blRObjdLTUJhMVhPLVFYUWJWcFRoSFRSU0pLOEFhRkNtUlNpbU9GcHZlRGJ4T0E1UjRheThSdWZ5U29aaXNLYTFlZU0yZUlrakpYb3d6UzZGUVVHWC1ZMTJQWHNrUmhhV09HZG42VHBYZzBjT3FWcFFoZjBiSWZ4REQtMXAzYmtTQmQ2VTdJTGhWUlBZYl9JY3JMTFNScGxncTMtbXdnWU93?oc=5","The Washington Post","US","1779619226000"
"Greek port hub affected as Hormuz changes the global shipping map","https://news.google.com/rss/articles/CBMiwgFBVV95cUxQem9udUM0Y3JrSnVJV0NiLTQ3Ny1qbE05dDdndnl3U3R2U3FZYlhya0lKaEs1b1VNcm5FWjJyc1VrYTN4VXZNZ2loZXgxaUF6NDBPQ2pfVTFoX1ViYzFYcWZxTlFsck1PN2NNYXRtVmZoUlRQRWM3V0ExamFfNG9uT0VVOUp5YWh4QWJUeWZ2b2ZEdUZGeDUzZFBMRGNCYllMQjNmWVJKUFkxM0swbS1GRU9hZ1NzQXZSbjAwT3pkNHFMUQ?oc=5","CGTN","China","1779619094000"
"Details of US-Iran deal begin to emerge after Trump announces progress","https://news.google.com/rss/articles/CBMiowFBVV95cUxNNFJLcXNSaEFNZkMyZGZOMWtkUHhjLV9aS0RobHJUMWtQckEtWTFCaUcyVDVUcVFCcHQtbW1LaVptenhHWXd5aHJ5NXNDZ2dfdnR5YTJ3MVBnNzZGR2JndEVoZUNJMmhmNy1BX2dWRzZVSEI1ZVRjZmlodUpsUVpRT21hLUV1bzI5bmR5TmNYT1FjS0lYUmdQSHdoRC1YV0o1MmJZ?oc=5","Associated Press","Global","1779618840000"
"Trump to Announce Iran Deal, Rubio: 'Good News' on Hormuz, More","https://news.google.com/rss/articles/CBMiqgFBVV95cUxOVjF3OXVWdllTWGk0SkdHNk50amJYaVhCdGw0LTRjd2Y2T1RIRUxyc1F3UXhYbURMbVZNNm5CeUNYOWRmREZZSFEyY2NGNE5MZ3l4RGtMS2pra2hzWlpvRFVCV0FHdkNnXzJJZGcxZE9TSWRvbkJnd0ZGSEFZTGV3d2YwUGtHbXhBVkc0R3JOTkpuMDdEMG40S2NRSDN6bUpsUE5fdl92bi1hQQ?oc=5","Bloomberg","Global","1779618760000"
"Rubio fends off conservative critics of Iran deal as agreement appears imminent","https://news.google.com/rss/articles/CBMivwFBVV95cUxNSFY1ZW1QR1poamFpTmlpZzlVYm9FTFBKVXlFUGtKVENPNUF5ZVJ6VDktaXdVQWtkTU10cWtxUHppQWZNM3hXNHY2Vm9ZdHE4blRJdEdXRlFEUEtTNmpfNEZxdkZ2endxUGtpbjJFYXF3bGVrMEM2bUpOM1hLV2lqa0Z2R0xOXzJGajlKRU5YVWFMX3dGNVpjQkktd3ZBaGE3a244YUZQV1AxUFpNUmRFVTVyREJUbGhhbDl2QWhmTQ?oc=5","The Washington Post","US","1779618736000"
"Iran war day 86: Trump announces potential deal amid ‘cloud of mistrust’","https://news.google.com/rss/articles/CBMirwFBVV95cUxPb2Y3V1VOSmhWbXZmLUdrQnJhS1V1ZkFyQ3d1NEY3SmYzUWRpWFA1Q1hPbXpiWm9LUnpJblZTbTNVWnFVTS10LW5IUm5sbWg2ZlVVaGJJZ01YeXRjSTh5OHQ4ei1XVmNkQ2ZDM3BldllKY2xjcEZpa0V4MTJkWjN1Z3hnbXFsZ2xueHlNUF9MaGJnbHFITjhLZXFtdjVrd0lLQlducVY3YnRGa3dTMXpN0gG0AUFVX3lxTFBqYXViMHEzYzBKWllmOTNLNHNpaS1OdFVocFhoTHlNcjZmR1VheWVQd2NhQ0JUbEtQSTZTUG5BNmw2U2pfa0cxNGtmR2RjamV0MXhTQkZla1RlZEt3dUs4X2syYzllU0VTWmVTRnBDckJpRVdjcEIwZVlGWjFpU3NaU0xpUC12czdCWTZ0SlgzamZBdTloOENLaFFVanhOTTRNd3Q3VVkyTTNCMHluX18xQVkwWA?oc=5","Al Jazeera","Arab","1779618359000"
"Israeli official: Trump told Netanyahu that final Iran deal will see nuclear program dismantled, all enriched uranium removed","https://news.google.com/rss/articles/CBMi_gFBVV95cUxPU0J6YTZQa18wbHIwR09tdGFmVXMtLUtSMVl0RzdoUUt5ZWE3a2t2cUZLNGdNODJONGEtTVlwcERzQUIzUHc0ck41V2RJbERodGNIZUVZaGlMb0hDbDZMcDZHbUtaMWU2TkpLd1hFdmMwUklCNGxiMTdSOWxYOGFzRkdKTEl4LWdLS1R4YW5lNDZQanBpS1hhTDI0WGoyelNvbkV4ZXA5YkVaMXdxaEZKaEZRbmwzaV9DV0h0b2liRnk0aWF6ay1fbm5QTkNUM0s1OUx1bFNVUnFhcEJVamhfcUlFZzE5T3F4N0dqSTNKREpMaEVPRVliUWw1Smg5Zw?oc=5","The Times of Israel","Israel","1779618277000"
"What is included in the Iran ceasefire deal?","https://news.google.com/rss/articles/CBMijgFBVV95cUxQY1hxVU1iNm9pS1ZWVGFfYVcwSWhxLXpqc2xlanVmOG11eUVRUUF4NS12N1pEejZfSjRaRVp5SWhIT3NzMUR5T0dUY1dreVExMW52bUNYNUR5UG5QOTFpVWRtcnMxZnQ5V0lzRzZkcGJ6a2tTSU1nbnFOQjF0Y01mczNEX2VZLUh4UDhYREFR?oc=5","The Guardian","UK","1779617820000"
"Daily Briefing May 24: Why Israel could object to potential Iran deal","https://news.google.com/rss/articles/CBMioAFBVV95cUxOdDg2QmxQNllfbUFWaFdLazd4X1JjcHgwU1ZYN2hueFBtbFI2OWJ0RFZIcTNoU2VkSGFNeG1yZmsxNHlQTDIwZ01xU2lzME9FNVlGS0R4amtna0FXd2VLS1U5NC1sZ3JsV2ZnbFIwSHBsYi03UEYwd1A0S2NGYVAxM01Fa0Y1ZkV6S1RKLVhiOHYxT1drRWN4WFhRckZlUjNR0gGmAUFVX3lxTE1NQmFvMHd1X0MxUFhvZ2wyeWlMMXlaQkJwMzBzam5ZcWgxUDRaSVdHVUhTbzZ0M2ZPNUZVeElsQ3hiNkpYZjZaVWR4WXpoTUdmQ0Y4Y2FrU1lwNWdZbmRuYlRhX0NGRkp6akM1ZVFuWkVRTzZrRE5HbGFiMkk1MnA5RVNHVDJSVzUyVzNGVXBHTnJCc0ZPNnp0OS1uVWJjUGxWX1FRY0E?oc=5","The Times of Israel","Israel","1779617715000"
"Rubio expects Trump to make further announcement after ‘progress’ on Iran deal","https://news.google.com/rss/articles/CBMizwFBVV95cUxPeFJXNGFQRHlQVFJZZUZTT084ODJsUFV2N0Q3LXRGb20tWUdlaU9MMDdDdndvUW1nQkRVU29aRC1LNU5LcHBMOEJvZ3JfVjF4N1UyZDNORWlfbHZOa2tVUVRJeDRYRTg5ZEZuT3RDOUxmN0Q5R0tkUC1GRjVFREVfMzM0WHVmQkg0RDJwOXIwR0pyQ1ltclc5cmQ2MjFrb1pROXN2OUU5cEZTQU5HZDR0MWxCT2U0c0hBMDZSWl82cWpZZVZJZGJxdHZtU0lHVTQ?oc=5","Associated Press","Global","1779617640000"
"Marco Rubio says 'significant' progress made in talks with Iran – video","https://news.google.com/rss/articles/CBMivgFBVV95cUxNWURCY3YyTklRUE9ibEZGQkszUzR5VlE1ZlRPNXAzMXMzOW9Kb1Fid3VTUE9iaXk3TS1xZzlxTlNfODB6YmdJTHBGNXNvUTVndHNxOWQxRGtfMmpBN3V5bWN5TTRvMTNKb1A3Z1pMdDVGbzZBOEdfYUNOZ0Q5VjZuSDY1T19DVlNjalozTklNTnhyRDFpT2l0TlpVS3RfVjlYaEd6TXBNaDFWWDVzRE1KVDBTVHZXeW9rN0lrb0pn?oc=5","The Guardian","UK","1779617640000"
"Israeli Source: U.S.-Iran Deal Preserves Israeli Freedom of Action in Lebanon","https://news.google.com/rss/articles/CBMimAJBVV95cUxQRzdSNU1nXzYxM3ZXUHpvdWE0WHhrSkl6QS1zaF9zZFZsd2ttWjYyRXRNOGEyQWFtdXVpOW5CUDZpQ3p6UFU4LXJqQ003QzJPdFBrekxBRHpyX2cyb2VvcVpGQXpYb0w1aFhiSmpiRWEzbDg3VWVrYW5LeWVCNXBKaTd3QUlDZFg1M2ZINkdBRExVYTk5VWZyVFlSTE16OUNnQU9fMmhzOG94Qkh0V01uUVhvUnl0U0Z3RWdwOW9nU1JKQ3NQVVh1RmJscDZldVFSM1ljTFVnWU9DTFg3OHFhUVdEdjJpM2ViS0NjUTFzN1kwUHhJYjM5R2Y1NkR1dkZWQjVlaEVpclV3WHpIMERuUmd4X2hKRjc1?oc=5","Haaretz","Israel","1779617580000"
"Iran and US Closing in on Deal to End War","https://news.google.com/rss/articles/CBMifkFVX3lxTE1jbnlnT09sUlNhTG83ZXplUDY5OVk2NURqWngtd193SHdhaWdkejc3X2ozQnZnXzFDekxIenZqOGJ2anJjTG52MzB1SkJkLTNOb1Fxa290U0VWODJpbUlGRGMzREw2Zm9NNjFkbm1HNk9SRXNhTTNlb0U0WUFodw?oc=5","Asharq Al-Awsat","Arab","1779617260000"
"Marco Rubio says ‘significant progress’ made in US-Iran talks to end war","https://news.google.com/rss/articles/CBMisAFBVV95cUxQbEs2dG02b3J2LS04LU1jQk9NNmcyRWxJdnZ5WUdDdXJfMGR6TDZjTEVLNDBtNTJKbWd1WWF1dDlSd0VNVDFPd2haa29CbGdIcjNLZ3cyWldKYnNHZVA5eHdNTEI3bVA2aVdEN3N0YllLMG1zNGZYcWpwY2lYVzQySEJZd3BNRkhxMUp3aWZfNmRBNDNFOEp1R3BnWjZ6Z19YZlZfM0lzSTVTamJOVEdac9IBtgFBVV95cUxPalFOQ1VObnBZTjJ3WjVWWE9xaEZ4YUltX3RselFQamVnUmZhTkVMd0k1QVZIQjdmcU9rRVA1R3VDYTdTUDNhU1BIWlRkRHJLT0xsVWxIQm9ZVVptNzNKTk00UDNBR05QOFJ4SDRDdVlBakRkVUR5STBiRURTYklVMzFGU1gyMWFyQzZZV2V2REhiRk1SdGh1Z1hHRlIwUjQybW5KcWlzTGJGc3RtM2gyVG4wcTR5dw?oc=5","Al Jazeera","Arab","1779617250000"
"EU's von der Leyen welcomes progress in US-Iran talks, says Tehran must not have nuclear weapon","https://news.google.com/rss/articles/CBMi1gFBVV95cUxNN0hLSUs0b0dULTkybU9mMkVNamlmQ25ZazIzaS1YWlVhMFJpQWpfRVdfbkRVQ3cxODNEZmJQQnJVYl9laWRpQmY3QVd1SnQwaFlDWFFsNjJyMHJpdDY4TEVXOGJTWFJFWGRNWnpvSVZWYWJLd3dBR1p2Ym5GSkZzREQ2QnFFRmxfZUpfZXBwWkRoRloza1hmV2s3UlFsd3lHRGsyb3JjQ1pmRGp2eWFUZGZ1Ym9UZjdoc1RSWFdGZ1F3TU1fWmt6RE0tQV9vWFROYjdtcVVn?oc=5","The Times of Israel","Israel","1779617115000"
"Pezeshkian on Khorramshahr liberation anniv.: Resistance, sacrifice deeply rooted in Iranian spirit","https://news.google.com/rss/articles/CBMisAFBVV95cUxNbzFaRFdxNXkzLVJ3d0lYSEt2czVaT09jYWI4bTZUVHpQQi0xZW1ORjlJN2RTVGdjMzg3Q3NDZUJXNXgzUTRTMTYwU2xYc2JQVDJWMnRVbGxrbXE0b1Y0YnFNSzhqeURrWFI0V0pxTEpyWGZQODN6Y042bWNmRnBsX0E3RTlUS3RvMXpHODVwRUl6dGJqZjAzRnJXcWgzS0NmNnFpUUZabFJIZHZXWC1JRA?oc=5","Press TV","Iran","1779617100000"
"Disagreement over some clauses of likely peace deal still exists: Iranian source","https://news.google.com/rss/articles/CBMiswFBVV95cUxPSkctNXA5ekJScDd3Skg4UUlRNm5kOTJkVTE1eTFCbUxpVFAwT0hwZzV5amt0SlBrLVJlc2F6bDk2eFY5c052T0tMR2RLc0MtNFU0MUVyZkhGNko4bFNORk5iSXZoUThOYzg0MG16NWxJbVBDTFdTYV9IU3NsUGJNZ0E4LS1VYjhnRjhZUWE4Rmg1ckx6TkdwdkJ2WUtub21LTENVWWNseld4WUFfazBlY1hwSQ?oc=5","Dawn","Pakistan","1779616846000"
"Donald Trump says he won't sign deal with Iran unless nuclear program dismantled","https://news.google.com/rss/articles/CBMiXEFVX3lxTE9vaHktUk9iVFh6ejRHNzVOamdUQ0JieDZpY1pxdUV1UG5qOG5KVHh2MG1yWHMzNXRFdm03Ti10YWRCSm5Pc2tUcFAwc2RSRnc2MXB1bkxsb21Qc0Zy?oc=5","The Jerusalem Post","Israel","1779616823000"
"World Cup 2026: Iran based moved to Mexico from US says country's FA head","https://news.google.com/rss/articles/CBMiZ0FVX3lxTE9EMmUweE9LbWlPeXBXWWNtV21uNUFFU0I1U00xOWwyWmpVNlhKZUZ5V1Y0S0Mzc0N6NUN3LVExWW1hZVZFSy1tYWQtNXJzUkZtSE4zMkttVmpXcTFzNUVucnFxWWhTRHM?oc=5","BBC","Global","1779616302000"
"What to Know About the Potential Iran Peace Deal","https://news.google.com/rss/articles/CBMiqAFBVV95cUxOVUtqSVVGcFZTcGJCWUd3RmJtSVlPM0E2cXpPaDBGQVhjUzBkVGZHLWpobWJocmZ3MjJMS1BkQW5hVGxleDVwY3dPbl9fbXE4WmVwcFhPXzRkbGNSOElQbXZ6QkxYUWVUX1V3X3N1bk9abjNkQzZwb2NSZV9OTUN5LVFaVnozVUF4UG81cWU0amtLZXREa2x5OTJUOW9KbEJuZWNGNmVLd20?oc=5","The New York Times","US","1779615884000"
"Starmer welcomes progress on possible US-Iran deal","https://news.google.com/rss/articles/CBMiwgFBVV95cUxONW96WFg2dzBYLWJwaF81SzhDc1FkeVFZUF9XZE95cFNXWHUyWThZTi13MEpYVjlUbmVTV0RiTjRuQXZzeUR1WDA1RVNnck5DeW1FZFpSWTBJTHZYUDFfM1NxMFVqZHJFSDVPUjVEZjZuR2EzRG9PUGxMY0dyMHhxNDdIS29WMVpJSEdPaE8wcHlwNHd4ZV9tc0I4RFdUd0NUZDQ4SkRRMnd0SlVrNDZObnBIdk44aVhCODl6S2djR2VJZw?oc=5","The Independent","UK","1779615720000"
"US, Iran inch closer to deal to end the war: What to know","https://news.google.com/rss/articles/CBMinAFBVV95cUxNNzBVeUFzR1hfSkpqYnRWNGlETWFibk03ZGJRMDRoYzRCRldOQmdrUzNuVno5U19DRnJMdTh3MnpNY3JLR0t2UDVtR2djU0pPSlc2YXpGX3kzbGlvdnRfTkNYeTh6UVdDbWhaUkRKTDVlNDZlYlFZRWY2dFhyajRtcHlsUUNOR2xiY2lZX3Z1QVdJNDN0eWtkRWV4OWTSAaIBQVVfeXFMTUFrQ2VuLTZXT1JPeHVwaFNDQ0JmNjRnT2dONklkdkpHR3ZzUUN5SEtXTXAzQ1pMLXF6aUpwNkQ1N0V4ZEl5bVFGclVyaDFwdG5jTEJnc250VW1WRlN6OFJucTNKRmRKa3FDR1ItcUdhN2xrNTFmRjdIbWtQTWg1dDRkNGNNVjVZUmN4czFFemlpc2tKc2hxYnBzMzZtZV9MSm5R?oc=5","Al Jazeera","Arab","1779615614000"
"Iran ready to deliver ‘devastating’ response to any new aggression: IRGC","https://news.google.com/rss/articles/CBMijgFBVV95cUxNeGpRVnh4Vk5weFkzS1M2b1V2VG1NUjl3RUdTd1hwdzdnRm9oUk5vb3J4eFlBUVRWT2xEanlWWTUzVzBFcFpMU3loR3VMNlM0aUtRVUlUSVNUUHZnam1DTzNRd2lqVVZLeDQ4S2xUWDc4cmVhQnc1M3Y4NnNLdmV6b2RLVER0UU5RNndHVC1R?oc=5","Press TV","Iran","1779615600000"
"Tasnim, citing an informed source: According to the provisions of the agreement — which has not yet been finalized due to US obstruction in some clauses, including the release of Iranian assets — Iran will restore the status of ship passage in the Strait of Hor","https://news.google.com/rss/articles/CBMibkFVX3lxTE5lMDBYX2xmancxNFJ4LXQ5ZzlkLU9EcEVzcEFMSXhMeTdhNHUxWGxCOGxpLUtiMDFPMmN6S2s3Z1lKMnpubkpRdzFwOXhKTkliUmk1UWNnWUVfQ004NF9CNUJEc3R4ZlN1MXVnNWZR?oc=5","CGTN","China","1779615439000"
"With oil markets nearing the danger zone, a US-Iran deal can’t come soon enough | Heather Stewart","https://news.google.com/rss/articles/CBMijgFBVV95cUxQYXBSRnFaOFhBWFdQaTF5TG1KWTV4clAteUxSNVhWdWo5LTlyV1pnbG9UcmtpMkdUSEhuWHd0eTFkcWNLLVVMdHk2VG8yeENkTkxMNzhud19tM0E2UkQ4SU8xOUpsSGRkbUZaaW1RVXZmWFVlZzl5Q2xocEZDV0hQWnZjUHdqdWxWTTlSQ3ZB?oc=5","The Guardian","UK","1779615180000"
"Republican leaders Lindsey Graham, Cruz slam reported 60 day Iran ceasefire deal","https://news.google.com/rss/articles/CBMiX0FVX3lxTFB5eXd5NFd5NmxwSVJrSlM4c2NZakZWOGJqYjVlUkVDTmlUZUlSQlJQeDNuSENOZkFHS3pSSzljN2xTSUJ1dWxidk9Idi1sRTAxSUZreGVRTTlDcEpFNW9R?oc=5","The Jerusalem Post","Israel","1779615092000"
"Iran Wants 60 Days to Build the Nuclear Bomb","https://news.google.com/rss/articles/CBMigwFBVV95cUxOUzVEUFAwa3dNVzY2M1V5RXJUbUdRTl9wWUR0WkNXemlzUnRBSDE4cUo4bE1nOW1pa2tqSGlRWGMwUzVLUE01UnlGNjM4YjNnTlBldzdWVWx0bi11WEFCaFlmdUdiQTVLTEhuMmFmUzMyZXRabml6cGRlZHdPS3E1Q2NZZw?oc=5","The Times of Israel","Israel","1779614220000"
"Iran executes first man accused of espionage during current war with US and Israel","https://news.google.com/rss/articles/CBMiswFBVV95cUxOYkVIaVhfeENKMjJCWnNvcTFWam4wT2QxNTdYcnNkRDlmMzZDUHFGeDZjTHd2TzJXSnNvMmtmS0NlZnpBd19mRDk0UG1nNEdSUW1aVHJ1QjVmdHhpTUZVZWpfLVRFSkZIY2l2ZHZMOGQ5bmNodFZXMThXa01qNTUxX1NKa1ZuZWtuVEZGUzE2WUo2eDJ2M2RSS1lyeWd5dEplU1p4Q0xVdzRpUkZxcjR4WmJhd9IBuAFBVV95cUxQVnl0NXRqYzRyTjdOWlctOFAwNzY4RTYxb1pkRWFaWks5NjRWQ3AtUDY2cTkxTXlKNlB6NTV2bnlPYmdyNmRhNlVHMWRlazhWeWtSU2JTZ0xiRFVGUWx6U0ZMZmxiRlhIWks1V0tXQnNaZ1JZZi1ET2ZKT3JZR1F6VmVOQ2FrZzZPR3VoWUx4OF9OYWR0Zm1yck9ad2RGU1EyT1I5SkZHYzlNMGNrRkZSTnE1NFVvNW40?oc=5","The Times of Israel","Israel","1779613804000"
"UK’s Starmer ‘welcomes the progress’ towards deal to end US-Iran war","https://news.google.com/rss/articles/CBMiuAFBVV95cUxNZGo2VjQwZm5tVVZHT0tNNFdQWlFOalJOcWFoem53Z3RsWlZzTWd1Zmd0OUVZQkJpQVMtSmFQNEF5OVdRUXlYWFRVWlpGLXNjaEhUVk1QRUNtOGJMRFdyY0VRR1V6NDFNLW44ZE81RkVaX09oZ2pPQm1uLVJXY2ZmNzJwcVdPbWZkV3hNcXJLTVVFcEw5Y0xUZUVVN2FWTVY0UGpwZlI3czhCVTBmclhjOE5URHlRaXdw0gG-AUFVX3lxTE5kTjFRaVdpZ3Zxd3hKWndQdWFTSnZxNXd2U0dnSFVhYU5WTmRMMXQ3SmFSOFM3Qy12XzFZbzhXckhKNFF5azFENE9LV0hRenBuNzlmeDI1a2FEZTh3WjA4WXRXZFRSRnktOTdpSVNxSU5yczNwYTBFU1Z4WFROTGdIY1MxeWNjYVBwQzg0ajF4UjRWdHdHcDIzMEtZUXVULTR5cWtpWmx3U0RKZkxZZW1JWnhfQktOY3FaWEZOV0E?oc=5","Al Arabiya","Arab","1779613440000"
"Potential deal could restore Hormuz traffic to pre-war level in 30 days, report says","https://news.google.com/rss/articles/CBMiugFBVV95cUxPOGpNR3A1ZFZoRXdTbEpjUGF2Y2liVGp0Tzl2aUNLaXpJSHl6dEtzTGtfbE5vTnEwb25IZHZ2Tlhvd0tlalVRODIyZVF5eU00aXhwdHE0SkNBNl9BTEJvREFxM0JJWWlQd2hJV1BhcGJjRnQ5cXA1UEtfOTdzNS1uXzZGbUlQWjRSclFEQV9mSDBpczJwTkpfck5SOW1hXzRpSXlEMXFJalVDNW1RWm8yX1N1MGdINU93dmc?oc=5","CGTN","China","1779613144000"
"Rubio Says Announcement Possible Later Sunday on Iran War","https://news.google.com/rss/articles/CBMimwFBVV95cUxOdnNjNGtyTUNOeUdNSHBoLWtuQS1VcUo2SGwzX0wwUm1fY2dNV1lUSUszeERXVUJHVUZEUjNCSGpienY4V1AwWUxHbFc4anJEQmtiZVFfU3NOYzZMWEVTZFRONDRLSTlrUEk5V192Q3FadGZQWEZkM2RSUnY1VU50U2tlc3JGX1JUSTkxWE02RlR0VGNERnY0dmdTQQ?oc=5","Asharq Al-Awsat","Arab","1779612721000"
"Rubio says ‘significant progress’ made in US-Iran negotiations","https://news.google.com/rss/articles/CBMisAFBVV95cUxOeTRHZkZlSW5uX1NrSFgxamU4ZEtMd3U0SjZtQV9tNFhIRlZ5UEhZOXFmeGRZX1hDRk5rbG5YcHFQMUloQ1dSOGc5emkzNGdiZTBVWUhkMmM2THFtemVrRzdCcG1SSW1UMTJFNTYtY05WT2M0NlFINW43ZG9KeGNGc3hCZVFVbURBYXFHeWt2elN5NmJSR0s1QWt2QzI4b0RrWWlRbXZDM2twSDZtS20xSNIBtgFBVV95cUxOLWtvUnE5dlpsMzB5RERNWDEtOXotLWpqeU9GNU5JVEtUdURGM2xMd1hfZkY5ZUdQSWZtS1J6elNPbHZSRmFzaHhzWlB4d0RjSmpuVzJ6Qkg1WDhrd2lLM1dDTDZ6d1dXbWJvbzhKb0RHQzFmb0R1Wmo2Q3lTd3ZISUhfb3pjQTVkN3BnRHhYSkFvOUgtX3ZDeU9CMDBCVkktV1BFU0VNMEVwbTQ5Q2xLR2pGSklkQQ?oc=5","Al Jazeera","Arab","1779612685000"
"Marco Rubio hints at possibility of ‘good news’ on the Strait of Hormuz","https://news.google.com/rss/articles/CBMikgFBVV95cUxQOUh3Z0hIVmE3SjBTVkowODl0b1ZwS0p0bFp3QnNjRGVCZVVwTDZoajJadFBiV1FZUFpOVDhFcXRBRjFXNkhaZnppeXBOTXRvT1RxSlhlclZENmJFMTNRUWtDOTVDWlc1Z3RwZEFnYVRuSU9vUnVGVmVBRnZsVkkwMXBYRGM3UmpkOXNvQ3RveFlPQQ?oc=5","The Independent","UK","1779612600000"
"“They don’t like each other:” Is Russia and Iran’s alliance falling apart?","https://news.google.com/rss/articles/CBMivwFBVV95cUxOOWZkTlpXVDUzbjl0Q2MxVVBUSGhBSEZ6d0xUU0xFSzZsVDl6NW56WjZxcFplbVRFeUFxSnJaLTRtblJRREhiMU1FVFlkSkhtZERKX1BYQ1lDU1FfRTJvMW1CQjczWlpHTGtrbTYxWGZ0c3RQelNJRWpGb0FwNVRoR2w0enNuWTlFYUZpNHdlQnFNU1d1eUluWkxHbzNlNi0yT3laQmFXNWZjY2cyM0xqSHNSUjRPZGU4N2dxSmJXWdIBxAFBVV95cUxNeHhsc1BPUWFJM0FFQmlyMVFvb2dDYjJOQ3J1eU1IZERPTDh5TmFmN2ZxWEQ3ajZRUm1KRVpnSWhrOG5mV1VHWDBkWVR6LXU3eVV6YXlBdkJ4V2stS0JSNm5oQ1RLa1Y2NTEtQVFTVV82a1FWU3RSbk5EWTM2RHAtdUVJcWRLZ0lMeTZ6Zmx2Snplbm94aWJudjdwRU1vSDVvOWpQVHQ0Y2NjUXpZaG1mUXFfblpKanpfOGJibHR5TWstSnRj?oc=5","Al Jazeera","Arab","1779612183000"
"Voices from the Arab press: Gulf tensions over Iran deepen regional fears","https://news.google.com/rss/articles/CBMiXEFVX3lxTE9nM1l6ZlNmVXl5RTVRekVhUm9Ub2FFejdmN0VYelhDVUU3TFJPUjAtaHJHcFV6d1N0cTBZZlVOYmlxdDR3cHA4WUxrbU9SRGQ1TE9xa0dUdURHWGxr?oc=5","The Jerusalem Post","Israel","1779612110000"
"Nuclear issues not part of Iran's potential agreement with US: reports","https://news.google.com/rss/articles/CBMipAFBVV95cUxQeEc5THp0ZnBha0l0SDh6TzFpOF8zbllRYUdKYVVYckhFU0pqQUxqNXFSQWNNTHhwQU82WDhZUDFYVHZEVWlWaTRFaVJSdXFhWFlpTlJ4cVZrYUc1bDBxR1M5NnFkblhyd1JtMEtZNlZ5aWZ2VmpWamxlWG1EZmxXVUZHa1RnZHVOYWZZclByN3pocjU4bjhSYS1QX0wzYndNTGRiMA?oc=5","Dawn","Pakistan","1779611764000"
"US-Iran deal to open strait for 60 days, Iran to discuss giving up enriched uranium: Reports","https://news.google.com/rss/articles/CBMivgFBVV95cUxPM2xoYUpMYWxuUzQ4aWQzaTF4d1RVYjBGUHVfMnhldHpQcXRTVFpvWk1uS2NSRWhHeUFocWxicExGYVhpcG9qOUZ2MmhMU2FCLVJfMkl3WE1xb0ozSWZEMW5HUS1FTWhwUTJ0eDZMT0xNRUVIc1pLSWRsZTNfeXZ2Q2tlOVktQlhFVW96czhxZ3BPTzZzVWtsNC1SN2MwWWR5cDFOWlIwZG1NSWRFdzVqZUhndUYzRzNjLU9Zam5R0gHDAUFVX3lxTE9HdUVDc04tX2pUWl92M3U4Z295cW5maThrNktoN0ZVaFpjN2prRWRtWUZvRjhFXy1CNWVzR2k1bHBKZThTZlJSbVR2VmVwQWd6UWZiSldjaTFfLWNULUFraElGdmFZMDAzb0J2d2xEdUdtaDYyUE0zQU00NVNvU1JQQU5BZmZFMk1ERkd1Z180eV8zMm5SdkJibVZ3T3JXQ0Nocno3Y3lBREpubFpieGxPRHlQcmxVeEp1OThpcHUwaW9MYw?oc=5","The Times of Israel","Israel","1779611715000"
"UK’s Starmer welcomes progress toward Iran-US deal","https://news.google.com/rss/articles/CBMimwFBVV95cUxPbjh6RUstQVdPeDY0R0cyWjlRY1VBWHZCZHNWUnJJWG9WdWtxSFVsQ3FIYTBvdVF2WS1CalBCb3lPZlpvdEVyNTU1YkotamVEVks5dk5MREpiemRmUGdKRl9uQVJ1OGNtUEpMWVZHaEM5T1BMcVZTajd2UmcyZ2tIRUlqMG9NWnh5NWdLWnpRbEU4ZjVUNTY2UXRhaw?oc=5","The Times of Israel","Israel","1779611715000"
"Olympic medalist Kiani rockets to gold as Iran claims three more medals at Asian Taekwondo C’ships","https://news.google.com/rss/articles/CBMikgFBVV95cUxNaWpIS2U0bzhXdmJRbHl6SXJXVkVxX3BZZGR2TUlweUlPcmJYYUpsdklvcVBFQXprcHhRdUFzMm00T0E4UTJacVpsVzNvTU1PZGJKZFBpLUNQaGRNNWdhWVRDVmlZalNoQ2ltNzlPU1ZfclplTWJCVjdfV194TFRDMWRTUFgzdkt2Y0plLUwwWjVSdw?oc=5","Press TV","Iran","1779611700000"
"Is there a US Iranian Deal Imminently in the offing?","https://news.google.com/rss/articles/CBMijAFBVV95cUxOQ3l6WXNicFJTanRPcUNyUTdyRm1Ec3pYNlVpc2ZOdC1oWUxqeHBvOTFFR0F2MlZLb3BoWVowQ0U5amRCU19GZnFETmRTb3JhYzJ6Y0ZUMHZTNW10dFoyR01TVkEyVkctTXBURmg2eFlUaGlBWjRPbkExYnZEdjhfR3c1Nk0tZHpOY0hDNg?oc=5","The Times of Israel","Israel","1779611400000"
"Starmer welcomes progress on possible US-Iran deal","https://news.google.com/rss/articles/CBMiwgFBVV95cUxObGJiZVdMSERHc1V6T3FyZlJlcUp1Z3BVQTlNc2RzVWNKbVgzakVFNnlXRDREamlJSXN1UmFOQ0J5NTExbl9qaVBSekhEZHY0LXN3YlM4QVUyaFJVUmNub0U5aU9VS0hzMDFkYkpYVGM2NVBldW05RjBpZkx2S3FNS19XeGpvdF82YUVrTTF0NWYzb3h3b0piMjN2bThwdUFDUzZmNTF1X1hvZERRSndTWDVPRkhtc3BYMDdqSVkxVUVQUQ?oc=5","The Independent","UK","1779610860000"
"Iranian report: Deal stipulates US and allies will not attack Iran or its allies, and vice versa","https://news.google.com/rss/articles/CBMi1wFBVV95cUxQRUtSV20tLXJXTnVPamMzc0J0cnI1N2Q4OWtUY08xYWtucjBrVXRzdWhhczFEOXl5NU5QSGlHRVJPVUFWaVJJRzNMNTZDXzI1TG5FeUhJYXU2VnNLQU9udFdoaHhwdTZqYUxGM1N2OTRpZldFQnpxMHIzR2JrNEd5eEFkRmJrMXR2M2h1NFVQVnF4ejZtV2xWajlFcmZidjZQUXEzaDlSWnZMb2llandWUVh4amNYZzBDT3lTemdOS1RTR0JFdjUxVVpnVXpvZVNkTUt5Sm9Tcw?oc=5","The Times of Israel","Israel","1779610815000"
"Rubio says announcement possible later Sunday on Iran war","https://news.google.com/rss/articles/CBMitgFBVV95cUxQVTZfcG8zd25iRlpaekR5eFJzMUhEeUNNUndpOUJNSGdrRDdlV25ObjE1S3dHb2xrRlFlMmtiV2pFcWxSbkFITUNReUpoUThQdUxQQ19PMURXTFJScjRxRlF3MEdIRnBXV0FHMWhfV2lpUWhpLWVmdWZXX0xiVzJZWGo0UmJWYzZnTjNKb1lVbE5JalNJamp1NGN4cUdjVjktMzZNeUhZWjBYRzQ2Z2hZNU1ZLTR1d9IBuwFBVV95cUxNR0duUk80TXY0N2hwejgtQ01mZ3pLeExfLTBPUlpScVhPMkNhaG8tbXducmpjX2FEVkt6eFlPd2NpRkVxS3NiZGVtY0dOWXB0bE02VmdUN2xSX3JlRjQ3OEZkUDhyMXB6MVNldlB0T29TT0JBTng2cVBCZDZza0FJbE9qOHh3QzFqUmgyblpfV2hONWRsd2NxN0paNWZQTXI0UW9KSWtjSGt5aVZKU0Y4N1pBMmU0d3NhZzhR?oc=5","Al Arabiya","Arab","1779610740000"
"No decision can be made without Iran’s Supreme Leader, says Pezeshkian","https://news.google.com/rss/articles/CBMipAFBVV95cUxPN08yVHA0OS11SnA2T0REWmxBVzZmcS04M1I5dEd5akxJMUdxeDhlWHpFeHluNnNJNk1VZUdjckp6OTlkQXFXN1YxdXkwUDJUT1dXM2cyXzh0Um9lQVBGZ3JSRURDMDl6VmFLeGpLR1ZVZk0yVE1JSHpnOEdFbHVUVVAxc0tJMkRoSFNrcUdhSGdwWHB5TE5ScjA3UzJaVS1yMnVoYQ?oc=5","Dawn","Pakistan","1779609906000"
"Iran’s young protesters are living in hiding for fear of execution by brutal regime","https://news.google.com/rss/articles/CBMiqAFBVV95cUxPSDBnY0h4d3ZMM3pxUVVrU1VoWHVEelM0Zk1nc1pvQTFHUHlvS3otaENnLUV6ZGtESFFwVDE4dFktaUtRdDFJcnhxejJZYlVfVmVPek5IZ2FhUVJJYUNTZkUyN0xiNDlPZUR4ck5xNl9Kb2UtVlZNQ3o1TFJwNVVycThiQUl0YnNRa0hfZ3I3UHRzYjBuX2hGeERsRlNtYTdla1JLbDJhTkE?oc=5","The Independent","UK","1779609840000"
"Iran War Timeline: Key Moments and Attacks In U.S. and Israel’s Campaign","https://news.google.com/rss/articles/CBMiigFBVV95cUxQVUlkQ0h6SC1RMzl4aW92c2FhZTJualhoVTFaZmJyaUt2cmRxeWlIZGNBeXF5S0pzc2xpVF9wM0doSnRwVmtmTDVyN1hZZjFXd0xhTjJKSVhkRlFvODZ2VEZwNldTUGJUcEhMM1F1a1V5WDBsXzVYdmJBbDFvSlJoOF9FWmkzYnBzTnc?oc=5","The New York Times","US","1779609825000"
"India, US discuss Middle East, trade as US cites progress on Iran conflict","https://news.google.com/rss/articles/CBMitAFBVV95cUxOVFp2U3d4U192dzF5a1Q0VVRfbUczbjhDc0VPTFhUUWJvaHktM1R3UGt0SVRXZ1RuRkxoai1XNnBHUVJ0bVlmcjB1TDRuTHlWUlVxRmlHcVZwMEE0Z2VPZXBXS09BM1VYMnRuSU5lMmxCY0VaelNIUlphSXJzcUtyRWt1NVFDU0N4RGhTVmFMNTFoNl9rSlhob25MaUtXMktRNUszNk45ZDJybWRRVXFoekE5aF8?oc=5","Reuters","Global","1779609819000"
"Iran hasn't agreed to hand over highly enriched uranium stockpile, senior Iranian source says","https://news.google.com/rss/articles/CBMi0wFBVV95cUxOS1gxR1JzR2xWdmZZcEUyTzdxVmZsNG1CdVlleGI0ZDFTb0VDVDVhZS1MV3I3M29MQnBkTjZ0bGNqRGZGM1BITndhekU1bXVISWVORkhEelVWVThaYm1GczNsaHNlUHcwMEpMUndqUU5GaS02d1NaS1g1UC1sUjNON1pvT1liakhUR2M0Sk1uV2o5Tnc3VHluNnVJV0JzbE5FMnh0eDNNSUF0bWFKNVU2dnYxeTA3YUVKWUFhZXlmUlVMZ2IxdDlxdTVjZDNTYXB3Qm1B?oc=5","The Times of Israel","Israel","1779609615000"
"Iran has not agreed to hand over highly enriched uranium stockpile, senior Iranian source tells Reuters","https://news.google.com/rss/articles/CBMiygFBVV95cUxPLTVwdlNITDVXTG5kaEY3VVFfRk9PLXlETVUwRnA5aGl3TFRZS19pR1l1MDdRc3lNMHdWV2M5S1JVdWZzTDJxOGM1aUNmTGVlMVBaTms2WWxtOVRpMDM0UGN6SFhtWTJLd1dEZWFFSEhEMUd4bURCTDJ6M0xDZEdVR1Y5cWRFdkMzX1JVUWx5NE5TVTFCNmF4NWhMZS14djRIUEFJRmtwcC1wUFctRDJSWk1GaG1nQ0kzQWRDMXp5OVhGQTJsM2J2WEpR?oc=5","Reuters","Global","1779609063000"
"Rubio: Iran is holding commercial ships in the Strait of Hormuz","https://news.google.com/rss/articles/CBMibkFVX3lxTE5qeFFTOTNBN0VQWkF5LUIzTFYtXzBjdE5TV2I2S3FtbDJJeGFVZGhET21zbktFU0RwbS1PSVUxaVBrT2FuV0JtRkN2WUVxbTFQdlMtcXB4TlZYZnlMNzByYUlLc0FxWHJ6MDBDNENB?oc=5","CGTN","China","1779609063000"
"Rubio says announcement possible in 'next few hours' on deal with Iran","https://news.google.com/rss/articles/CBMipAFBVV95cUxOd3RqcTdFclpGSFZDTVhtSjUwZ3kzUl9TTjZhb3N2dGlqV1BnUHBXbW9xV1prMzFfOGMwaDJBdXd6U21aYnJlc0lrQmNPd1NYQVVWQ1VwSlBuOTBEazQ1M3NNZndwVkYycFM1LVdHN25KQVZuS0VOWGlfd1k1Ukk1cVJOTlZnNWttV2VmVXVZZmNfNVFIRXIyUkdVRWp3Uk4xUEhvMNIBTkFVX3lxTE5lV21JRjQyd2xfT2FWY0xaSkZDMGE3aDlzU1pkNHVoWlpzVFF5dkZ0RlBJVG1TZjdCR25mQk1yS3E4X2Qtc09hQ3loN2hSUQ?oc=5","Dawn","Pakistan","1779608718000"
"Iran ‘will surrender uranium stockpile’ in deal with US","https://news.google.com/rss/articles/CBMirAFBVV95cUxPZXN4UkpUOTFnTzhMY05qT2lfdndWR3FNTExjUV9QOW1tME12a2ZqWUx2TkFaMkt6c183WU1oaWVFSWV5OC1zSWNIdXFtT3Y1ckZJVHU3TFI1c0kzR0ZuejVQUVU3ZGsyR1Q0aXdSZ3FOV1dRM1IyMGZFc25EcmswZ2NkeTE3WGRyb19tVjBySXFxT25PTkZLVnhBbjJhbFMxMjJuaUlvYU1TU1pR?oc=5","The Telegraph","UK","1779608700000"
"Flash: Rubio says possible good news on Hormuz Strait expected in coming hours, possible announcement on Iran war later Sunday -- media","https://news.google.com/rss/articles/CBMifEFVX3lxTE1yVEI2Vld2RGthWVYzcWpwS1dGUnJidXZKQndubHlsemhjYWFnbnptYkJLeWJSTE91aDNZZXF1Y0QzRk16V1NWQndsM1JDNUZJOVRXUXpnOVVOY2dZMnJuX2hxZFBpaEs2eXZtM3hteF83a25QdkNmLXhmTkw?oc=5","Xinhua","China","1779608520000"
"Trump Touts Imminent Iran Deal That Would Reopen Hormuz Strait","https://news.google.com/rss/articles/CBMiswFBVV95cUxQbVlfSlpMNlByN3lTME81NzZtVktySUhYdktiT1JPbjZzMG43QjZrY0RfUUlXLVZmTDFoWjFjaWU5M284eVdfcnVrWE4xWTVwU0V0SF81RENfX2pHRmxLOUQzVE8yYmJ4Um5meXVIRzBCczVmUWRoVTVOOWtuMUpyWDZfQXY4VUo0RkhjdVVZTXl4T1ZtQzNNOGRZOTFnQ3EwVnJnXzZrSnRfaVgweE1acmF0bw?oc=5","Bloomberg","Global","1779608413000"
"Trump Touts Imminent Iran Deal That Would Reopen Hormuz Strait","https://news.google.com/rss/articles/CBMivwFBVV95cUxPMjNxalhjRFZoX1dycTQ0TE5nN2ZULXp1WjFxVnAtUmJmV0RUOEI5MVZ6NFlGTF9pYlV0ejBxUmQ4RDhrNTVabl80dUItbnFMbzVkVktuZ3pWeE93OUIxZ08ydVVTM19xYWVyb2l6Q2ljb2NqRjBjeG9kYkNseGJxWjVOeE10MVFWcTZrZF9MdDdMcGQ3UlQ0NnF4ZFNYcDROV0VteDkyX1ZlX25LRHMza3dZQWNGODZPU0Z0TjlXSQ?oc=5","Bloomberg","Global","1779608413000"
"Hidden executions surge in Iran during US-Israeli war","https://news.google.com/rss/articles/CBMilAFBVV95cUxPSXJ1UHVOVXVHdTlBSXN6WEhTb3NIekRLR3ZkTUdfc2lSMV9NN2doaUVYS1Rxd2J4c2x1U05UMzBzUTFvVVVTR2xwcFpVLXAxODdacVRCdWpodlVWTVVIU3FadkZXeGMxX3BZTEZuejljQ3N6VXBpT1NOd1NiakhSVGNBYVdNWFVHbGkyaFJTUzlhNlZK?oc=5","DW","Europe","1779607674000"
"Iran embassy in India rejects Rubio's remarks as attempt to 'deflect attention from destabilising policies' of US","https://news.google.com/rss/articles/CBMi3AFBVV95cUxQb2o4SkZ5WkRxa3FoblpWTkY5Y2JQSXBCemNTdnFpNWNCS3h6MGNXN1VSY3htTkRGVDNZMU1CSEEtV3ZJSWlvQlFUQXg2X2IxYWRITUFMdHdTQkxKYk9sSnJha1AxN1JfTFM3MVlDRnd3ZUtDR2lZa2lFZUVtbHBMUy0xUEc1RTFnZHVPSldnajRTWG1MalZfY2hOdGtTLWhCQkdzSzdteWNWVWFDaUNiVHBiUWhTUFdXQ3FDVUE2dWx6Q3hlb192bC1pdHJrSjBoMHZ3TjFSWi1YdUhJ?oc=5","Dawn","Pakistan","1779607145000"
"Number of ships able to transit Strait of Hormuz would return to pre-war level within 30 days -- media","https://news.google.com/rss/articles/CBMibkFVX3lxTE5sT1BJb19aRkdFaGZwc0YyVmpDTUhLMkZYcHdWeEJZYS1BNUFlSUV1eEhnU21PUHUtYWVqUFp4eEN0Vm1WR05HN3k0RF82SmNOQzJtRDR6QjhaZ1hITEFOSnlnQ2hwbG8yN0lDRnJR?oc=5","CGTN","China","1779607048000"
"Urgent: Number of ships able to transit Strait of Hormuz would return to pre-war level within 30 days -- media","https://news.google.com/rss/articles/CBMifEFVX3lxTFBQZi1RUU1oc1MyTldMaEtqSFdJWjdCV0ljc051QkxmTDRzMnY2WXltQVBFUDFVdk55NnlBVUtjZklWMmF0MHN4Mm9IZnptOEZmU1U1UnN4UG5MNFFqMzZfZjItMXZYWTUxNXlkWlltUVc0aFJGbS12YlRxajM?oc=5","Xinhua","China","1779607035000"
"Intelligence forces dismantle foreign-backed terror team in southern Iran","https://news.google.com/rss/articles/CBMitwFBVV95cUxOWE0za29TLXNIbmdQTU0xYndCQzFsaVQ0RDdPeEd2a1BjQmtZd080NWMtRWNkY1pnV1ZpT2pnVzNFRWNicGlSXzV1blN2UUZlTDhFNjlDQnJNRnA2dkRLdXJ5UlN1cWlxN1B0RDBieGZZOUR4OGQtTzZzd0ZKaExLVjVPdU1XSkw4THN5SUwtWmlGRlMxYUcwczF3a2xrM1dIbnFIcjc0U1NjM21meVF3Z3RUMlBkMDA?oc=5","Press TV","Iran","1779606720000"
"Britain’s Navy Prepares to Clear Mines in the Strait of Hormuz While Waiting for a Peace Deal","https://news.google.com/rss/articles/CBMiwAFBVV95cUxNOWdkd0stYUw2cVFyQ2R3azdoOWQwemFWZy13bnk5RlRqbHlkYlMyQWpRMTZyZ0tvOE1XZnJERV9qQWZfNlJNSjE5X3AxOEw5TU9qQjQyeVVnSUVmNmJETnNrNTNpYmQ4cGZjYWtJeW5PdG9pUGZ3eU1ZYVBra3NlSWxOZ0dxdlphTlFUOVJUY3YxSUpFdnFRWEhWM01YcWRXNnJnZHB0Zk9ROGNzNms1ZXAxSVNnQkEzTWk5QXBSV1k?oc=5","Asharq Al-Awsat","Arab","1779606456000"
"ECB Faces Pressure to Hike as Iran War Feeds Prices, Kocher Says","https://news.google.com/rss/articles/CBMitAFBVV95cUxNc2RpZW9uZXFSeXhpMUEtRWFiV3lLNTN0UHc1YUJLV0FUNWtsY2luR0l3azBYWV9YOF9jbEY1UGNjYUYtUTNUd2wtYXB1Ym9YUm1fc1ZKY25WZzhQWXhGaGJRUTQ4OUN3QnhmOXVKZTBzX3ZDcnExdEFuNWVFQzJ2bjVVb1pMS3UzZHc3NXNydkxXcWRjS2lSYnliZUhWOFYyVGlFMjd2WFQ5WVpySWNMRHJQbjA?oc=5","Bloomberg","Global","1779606264000"
"Iran Hangs Man for Spying during War with US, Israel, Says Judiciary","https://news.google.com/rss/articles/CBMinwFBVV95cUxQQmJHU3U3ZV9LODBuRDl1ZkRneXhNUjY1ZGxBb01hUjRxRzg4bzJ3aVB4clo4dnhVdDZJamM4SDZPUVRMX183SW9kdjRsWHJ5VE8yejY1dEhaNGdtNTA0LWFsdXdxbVFHcFl2blkxU0VPZ21TcWNHQTJVOWx3Z0xCZURVNXJ6Nk13Uy1JQ1B6bVVIaG80M3ktOXlYcHBubmM?oc=5","Asharq Al-Awsat","Arab","1779605853000"
"Iran refutes reports of Israel being exempted from agreement with US","https://news.google.com/rss/articles/CBMipAFBVV95cUxQNnE5cGVWZVlxb3RHOVpTWWpMMXFEbFRQb1FaTzVQNTlXTVVQMzhDVUFsN0Jpc0JrWVdIZlZMZUMtZVdVZG9GbWNIaW16ZFI1UVM2UFdmc0RLbmlxNTFQb3JuVXJIRjdzWUt6LTZoQ25GdTBmcTZsMndsUnlwWDJZQXBDRDBVTWk3OXpFWDdKc2RUNEJGUExNMkdQOHlSVndMZlduTw?oc=5","Dawn","Pakistan","1779605569000"
"PM Shehbaz congratulates Trump as Iran ceasefire agreement nears finalisation","https://news.google.com/rss/articles/CBMitAFBVV95cUxOQWlyd0dkQms0djVLUml3T0ptdldkZlpZV09XMDZaWFU2em9iS053Ti1tcHFNSVQ3U1ZHNktiajZEXzBEQjAxRi1BMUhKbmNqZTFXbTJDVE9VMk11NkEwYVg4dEdwNVBiNTFwR1pDLXltbHRXSzFXM3I5dGt3cVI1RVhFYXZMWEIxWGhLbEVaYl93REtKalhuMWdIWGI3OWYyR0k3YTVSSWtUQVlOUjlxY25NQXLSAbwBQVVfeXFMTVdWQ3VJa1lTLU5FUVB4R1VUQ3BjSE9YT3dkRElDNWM4Q2hTMjZpM0RELU1NT1dJelc3SjVTeXVPWVZDZjZyVmtwWkJhMF8zbzgxQTZma0kzVUZjdVlwSXpwWmdQUnVhQmU0S3pXVzVhTTZRMDZabkktcnktSVVPdFdqOElnQ1V5VldWWHVYU3RkZVRRNVR3bEhuUVhDSkJMT18wUDBUUzh2U1NkRGdvSXhlWnBOdGtvVHdUZzY?oc=5","The Express Tribune","Pakistan","1779605069000"
"Pilgrims from the West flock to hajj in Mecca despite uncertainty in war with Iran","https://news.google.com/rss/articles/CBMiswFBVV95cUxPWUxMX3BUYm1PQWFrZkUwSmZVSmlHaDZiMFk3VDE2RW5JNFl2a216SjRwSzVXT3pac3o4RTFzc29YWFo4VjN4SXJjcUVIeUl2clNfeWlIOGFrSk5HVXVCVXRjWjZiejJTMWtJejNJNFFVUkNYZTlITzBzS1dpYVBVUW5tOEJSaC0teXFFZTd6QUtCbEpWcG9oNEs5eUxrdnhpVVNjM2xfWUFaa3pYMUVYMmY4Y9IBuAFBVV95cUxQQjNHbUNiMkRWTm84R1AwZUVDYjk1TFRnQ0JpODhTNmpHWElsNmNYSFdWZmtmcE5RU1V0alJfdlVfbEdpV2Y4eVNXSzFHSkVIZFBTc3k5MENFb3ZRODhmYi1qd00wbGRxU1F0VUNXNG56WmpOZDhwWkF1MTd1ZENwMTN4OVh0TE82bk03YXBrNngyT1VxczllM0FXWkdHOVR2cENkV3FhRjIyWi1KMTdqdUxRQ1JxRUJF?oc=5","The Times of Israel","Israel","1779604815000"
"Khorramshahr’s liberation, 44 years on: Iran’s defining moment of resistance, unity still resonates","https://news.google.com/rss/articles/CBMizwFBVV95cUxNUXpZU2U0YkRZbXp2Rl9CcklRcTh2di11WF9iTFpucTNRVVpuaVppSTk0bUIxMWk5M3BBd0pKTVNkRXA1MUhGYkJTTndUemFvdERBYzVfRDhqaFpRNE1NQVVTeURmdUMwTHFSYUdjVHFBczdqWDBNdlh6dFNFWEpNTkVHRjVVQ3dzSEpFTmR5YUF1RlMxVnNuaU92elAyRXFnd1A0VVJOa05PUU1GM1FseHlHNWtCTHUwU0s4cnZ0a2tHTEtSMGdUNlZ4UHRnMzA?oc=5","Press TV","Iran","1779604560000"
"Iran pursues peace with strength, diplomacy with dignity: Deputy FM","https://news.google.com/rss/articles/CBMigwFBVV95cUxNUWU4aWc3TDQ1VTZPRThkZXJ1NHBzUklwUjFwZzcyZzkyX2ZYY0VKU2tzTzBkVmZzWU11N0VDNFFIUW84cXVqVGVPSnV3WV9KY0lCdlVOQk44S1YtWVh6UVE3RXRvSTZCTjlCSHZtaWluVGs5d09sbE9xOUZnb2NqUGRlYw?oc=5","Press TV","Iran","1779604380000"
"Iranian Officials Say Proposed Peace Deal Would End Fighting and Open Strait","https://news.google.com/rss/articles/CBMilwFBVV95cUxNZFpRLWFEOUNyLVBCYU1faG5wUTNqVjlManB5dlBlZVRQYko2aVUzdmZIT0ZGMFlqa28zU2ZVdk5VbFlMc09KaDhtUHNWWmpWQTE0RHpNcFBUOFZOb3NmOGZCcV9LSnpYVXNlY21BSDN0aHZ6ZkpXTzFUcjdJV2hveVNJRTlBc2laS05CN0RDOVVCRzAtaUgw?oc=5","The New York Times","US","1779604261000"
"Erdogan tells Trump, regional leaders that Turkey is ready to support potential Iran deal","https://news.google.com/rss/articles/CBMizwFBVV95cUxObkpIUlBtWjNNa09MMXRab3FIQTBQaXVBcEV0R1NGN19OUWpRcUFRQmxkb2lkY3VfeHpoajRlaVpDa1VDUFRhUHA2VHJ2MjFnNUFzTGQ1UU5QRGplLWg4dE85aXNoTmNhSXctSTdTeGw1T0ZWTlFCLUxyMmhFWEZJb1pRSENIRWU3MTBTbDc1alZtVFEzbE9BZVhfS3dMVzFqQmM5M1Y3TGwwLV80UDcwZlJXMmNsT0RDYWlLdnNjUnA3anNzVFdxOWYzQVZhRzA?oc=5","The Times of Israel","Israel","1779603915000"
"Iran did not win the war. It won something more dangerous - opinion","https://news.google.com/rss/articles/CBMiY0FVX3lxTE5qcHRyUzNTLUlkNE1DNnlRdlRhWVJiYW0wd3k1amRfX1VDaE9ROHY4aDhKWmNhNDVSbXFtV1ZFZmQ1QjZxY2lUNWpjNkxFbUJWWEo2Y1ZZSDdFUTVFLTVWcG80cw?oc=5","The Jerusalem Post","Israel","1779602993000"
"Erdogan: Türkiye Ready to Support Potential Iran Deal","https://news.google.com/rss/articles/CBMimwFBVV95cUxQYUJlcllnWGc0a01wZzJWZy1hUHFLQWpHcW1XWXhvRHlmbERqbDRZMFNzejlqYkJzSXZqS1dzaVFOVGlHN3dVZlliT09ndFlkczVObUt2dVdSNzJQdElQcXJUaFlWaDg3dS1JRzZWU0ZDd29wNFEzN0JWMHBsY1Q4bExCcWg2WkplY1Nwdm9pRDJTMzNrUDVhd2JEYw?oc=5","Asharq Al-Awsat","Arab","1779602560000"
"Iran hangs man for spying during war with US, Israel: judiciary","https://news.google.com/rss/articles/CBMibkFVX3lxTE5xNFVzMFlGbmxobE1YNmV5VW9iT29sOVYycGtLdUtsZDB0UDlpVlF0SWR3UHc5NEU3d1duU1JubTNvczBwRmJMbk50dml3ZE1qNnZYUExKWXVObjA5VGc4XzgwMjZmajViV1h5WU5R?oc=5","CGTN","China","1779602137000"
"Pakistan's Foreign Minister Says 'Meaningful Progress' Achieved in US-Iran Negotiations","https://news.google.com/rss/articles/CBMivwFBVV95cUxQd1c0SUxHVU5EVzVFSU8yMFMxc0ZsM0M2SFQtRVQ4VUx2eDNIX0hoc2lONXYzQ1o2RUdZNVFVTktXY2hoOWRYa1hxbmU1VVYxNXJQRlZPRlhmRHBsM1NORWV5QVYwMm05RHhTTzhYNE9vemlhZGtWblhzUGkyUXZRU1IxREVHdERqMjAtSGZraWFKWFotZnlwVGdFMGczNlFpYUN4WXNXTzFXZk94NU1WMVN4Sl9fdXpFazJ2QU5jcw?oc=5","Asharq Al-Awsat","Arab","1779601703000"
"Proposed US-Iran deal involves opening strait during 60-day ceasefire extension: Report","https://news.google.com/rss/articles/CBMi2wFBVV95cUxQdkNOQl9VQU5SRUtjUTY3bWpWRGRwVFJybjRrSkl4a0lkWDlWZE1TcVdwNDVXTmVJNVgwbThjRzFobkF5cTJtYVRsbWJ0M2RCQ1dmeURGQ2hNV25pM2ZuZWEyLV9WSzd4MjZHdWRhVTFNcWo2OTJhakRPd3Bid05uN0Q3aTM2b19vR0pFRDluS3VhRWxkYW9IWTJaaUtqVTZETXkxYVRKbFFPUF90S1JKS1NFaXdhUGxRb3dMelVhYUIxZGlGdUhzSy1zVThHQmRYaVI0X3ROQm93SGPSAeABQVVfeXFMT2dGdWx3c2lyR0loMHc0S1o3NUhGaUs0LURoVGROS1l2RjZCb0NkMmowNlhjNlNPclotekFvX0tINUozMGxKMlJtSU5sbzdXaFZULUt3MUptOXhsR0p4ZmNfTjlFWVp0QUVvUVFaaFZDbU9mQUFHajAzQlp5MDBKQ0tuVmxDYlhOcEhnYUtuNmpaVEZOUzNVdDRXRWFJaWJVb2ZVS0p6bl9pVjZNZmMyd1BGY2d0SGZiYnczYjZRcHlwcThCelRFTE5HQ1N0N1d1N2NwaGV1c1ViS1hFTmxqbTg?oc=5","Al Arabiya","Arab","1779601500000"
"Iran president says nation remains steadfast against aggressor","https://news.google.com/rss/articles/CBMinAFBVV95cUxNUjJWdFJyeUpHX2FBTm9XSXNvRVdYOWNrZTJSZm8wUGVKdTA5aUtLZV9tWEhBdUs5NDFybjZ5M0RONzA1c21wQ3RGall1VVZrQWhUZmFnQ2tJQnZBOWc3UlMydGJTb2JuVlBWNE50RnVMclF2VEpUcERMcTZVQzBwbHZqR3YwdWFWclBNQWRoOHZxdkl6WXFWazNQQ0w?oc=5","Dawn","Pakistan","1779601150000"
"Report: Netanyahu Relegated from Partner to Passenger in Trump's War on Iran","https://news.google.com/rss/articles/CBMitgFBVV95cUxON3BlOGtidnlaNW5JeEFoMUJkNC13eXRCMFNDQnliZzBmMUU5dGNjMk85cTV3NWJvVXNOYTBucURYM3JwcFYtcGRqbDRQdWRnMENpLS1GcmJvS1B0TDlXNmY0SmZjbjA5V2ZPTjhxSkJtaGozSHROaTFQZzducnBtSU1jXzEzQnluUWJNQzV3X2t5WFpYUE5CaER6R2ZESy05dWVpaFZTaTFaVzBkcDhTSzlSNDU1QQ?oc=5","Asharq Al-Awsat","Arab","1779600463000"
"Iran moves World Cup camp from USA to Mexico","https://news.google.com/rss/articles/CBMiX0FVX3lxTE85YjNZNFozR1EtdWtzbGtzdlJEVWM4bkI3c2ZUcjVQbGVETVZtN0hHMkFqZXI0MFFBYy1BNlhhT1Jzem5TTWxqRG55X0J5eTdCamd2WXMzWHktYVhSLUZz?oc=5","The Jerusalem Post","Israel","1779599887000"
"Iran executes man for allegedly sending defense industry info to US, Israel during war","https://news.google.com/rss/articles/CBMiywFBVV95cUxNazJ4NXdFU25hbTI2SW5Xb1ZYN3czbjJLel91TThKUjNRWlZjYkh5ZjlvLUI5RTFyNXZ3eWdIa2ZsMmxVaEZwc2M5YVVhdFJJd2hMUEs5dVBqYVdodEowZVNNVlUxdERxZ0hYRjlqemh0MTZ0Y3BMYmRqZ05DdFpNaHk1RXVpR2UtVlF0VFBsZ18teHR2V0Y5Q256cE5yRGZPU1otakFUN0REZnE5MmdIbFZoQkJBUWhtZEV4dmlIZVlfbUYya0hnSWxuaw?oc=5","The Times of Israel","Israel","1779599715000"
"U.S. media say Iran deal may include ceasefire extension, reopening Hormuz","https://news.google.com/rss/articles/CBMijgFBVV95cUxPZDRqMzJBOUh3WXM1aXFad1VvekpfWWhYNkNxcEl1SXNlQWdQQ0RCV2VCSWNhRkg3UjRqcV9iOTdZNElaWUdCSC1jeXBQV012UGp0SUdRZ0ZNazdfMzl1TVo5Wms5ZG1tQU1naDVjU09rQVNZdTVDUzVVMDlxOXJFcW5HN2dWWlNRSWJubll3?oc=5","Xinhua","China","1779599175000"
"Trump says Iran deal ‘largely negotiated’, dispute over strait reopening","https://news.google.com/rss/articles/CBMixgFBVV95cUxOV3A4dzBvTW5hZ0lSeVo0WWg1d0UwZkVxOXctajVRVDhBVFpfQXA2b0hlZk93aDNoeV9sMi0yUFhEM0dFYTBtQ290NEdBcXVlSmVMaDl1N0lGT2lZNmJONU1CdUFYdWpCUVg2dGpLUDlsZlA2LUowMnhDQzVFMzc2bkgyZVFjRFVoV2xqMEhxYVYybC1Oa2Q3cU1DTERIem5JVk9hZ2NWWmZWcmRHb19GbzJzdUxvbmIxT1lGcVFya1k0bklveEHSAcsBQVVfeXFMTXlxRmtBT3B6aF9NU1E3ZjhpZU8zdFFjLTJqS2N0ZFFVOEQyWGpDQlZLX2dRX0FHZ3pXY0dFWnRBODBPa3BPZGtsb2E1QWVGZFBzR3lJS0ZRbHJ1SkEwcHRZcUhGYllQc3FXZ05KVTVCTHo1WWpyR2NwTXBuQkowVnFRUndBYnh3RXU3VG5DM3hkVzNaTnpBZ0U0S0RtZnFKZ1RJWFpENFBWQUpCR2FpX2JIX0k1VGV2RTRKLWstU1NQSHdiSTFSNmVYcTA?oc=5","Al Arabiya","Arab","1779598980000"
"Live Updates: Latest from Israel, Iran, and Middle East","https://news.google.com/rss/articles/CBMif0FVX3lxTE9XT0RmSUF3UEdVazZIbHRIT3V1RVpmdmx4UzFPTDl4Y0VoWHQ0SUNRNWpPSExMNkNMdURjZ2c0Z1lVelJYcHhpWThVRngwX0ZQNG93V2tSSFpVY1lmT210cmNyRGxSeEx1LVl1TUhkTS1NOERmNzF3eWNwRFNlOW8?oc=5","The Jerusalem Post","Israel","1779598805000"
"Editorial: Pakistan's US-Iran mediation efforts in their most consequential phase yet","https://news.google.com/rss/articles/CBMiuAFBVV95cUxPcUx5ZFZ4TDNxSGxQdExGZGRPU0pyR0JLQjJzQTZLRmYzNUdBQzl6ZFFsZUlNOVVnXzVyYzlocFpNMkNhSElqMVNjR0RoSnNzdFlfNEtCemR6RlNVOEUxODdLUUoyd094OEhVcmZ1TFdWVWM4WUdQT2o2NndnMlZQMHVSazl0d0l5R2xEM24wYjJzbjJmWVM3NHpuWVpKV0wzYi1iOENDbDVjTVk0czktYXR6dXB4YlJk0gFOQVVfeXFMUFdMeHdYUnVVWVVLVExPQ0liM0xuQml0M0p6UWtHRldyUnNjNWtxRmRJal9kNlh4VmplenV3SzZnNDNZVDRTWjNrWlZPWGpB?oc=5","Dawn","Pakistan","1779598565000"
"Trump and Iran: Who is responsible for the mutilated war and the wrong calculations?","https://news.google.com/rss/articles/CBMiyAFBVV95cUxNYTZvcmoyQTdJWl8yc3BRakZqb2ZFeTlHYU9QUXhiNzdZTzdScFZ0eTB5UExjSDBiRERaWnljazJBMl9wckkxY2xmUTdPWEx4NVFnWEc2ZkdPQXl0c2R2cGVkeHNXNnNzMlJTTFEzWWluU3AzbmptbkRMbVg4N1VhSXlHZklyNEdUbjFIcG9QWkhOQU5aLVl6SDlkS3ZiMzhDWHNYenlqblg2UXZwOHBOdUsyRkNndkxYS28yNnkyMkxkeDdHSzQyWdIBzgFBVV95cUxNUm9WY1FSLUtONTZkVzVpOE43NkRTUXZyekk1WVREU3hkTmQ5dGVxQnZLeTVNeW9wb2s3ZE9qLWFaZXVKd1oySVVpOGtMNlZQVkFWLWY5SDA4SW8tZ01Ub0dBTk45SFZlZmRqWFZJNEJBdHlGdVF3N2F4Z0g5MTY4RkxFTUsyS0lZeW81NG43alMyQmdxUFpVOVRHOVBjd253SmZaRUEzaUliUWJKaVZjMlpiLWYtWlUzUGI1eDFmb1NXRldGTU1Ba2FRNjZiZw?oc=5","Al Arabiya","Arab","1779598380000"
"Trump and Iran: Who is responsible for the mutilated war and the wrong calculations?","https://news.google.com/rss/articles/CBMiyAFBVV95cUxNYTZvcmoyQTdJWl8yc3BRakZqb2ZFeTlHYU9QUXhiNzdZTzdScFZ0eTB5UExjSDBiRERaWnljazJBMl9wckkxY2xmUTdPWEx4NVFnWEc2ZkdPQXl0c2R2cGVkeHNXNnNzMlJTTFEzWWluU3AzbmptbkRMbVg4N1VhSXlHZklyNEdUbjFIcG9QWkhOQU5aLVl6SDlkS3ZiMzhDWHNYenlqblg2UXZwOHBOdUsyRkNndkxYS28yNnkyMkxkeDdHSzQyWQ?oc=5","Al Arabiya","Arab","1779598380000"
"Trump says Iran deal ‘largely negotiated’, dispute over Hormuz reopening","https://news.google.com/rss/articles/CBMiXkFVX3lxTE9NU0t4aE1BWHd0QzNqUTJ4cW5aOFNQQ2xUUmtEQi14T1ZGNnRzXzZwLXVlR2ZFQTdtM0JPODRPUHFfa05nVEZiNXBfeDZMLVlUR1pjSUdvSFdnbmdCV3c?oc=5","Arab News","Arab","1779598198000"
"Iran executes person for sending information to US, Israel during war, judiciary says","https://news.google.com/rss/articles/CBMiU0FVX3lxTE9SanB4MF9tNmJSZ1V1djdsY2RGRGdUaDZDMTZ4U2NWVTlkNjFMMTNHTWx2RTVMTjFpMHFmclZyRnlyMUpndHpHVDllZnB4NGMtc2d3?oc=5","Arab News","Arab","1779597615000"
"Trump oo sheegay in heshiis lala gaarayo Iiran ' si ballaaran looga wadahadlay' ayna ku jirto furista marinka Hormuz","https://news.google.com/rss/articles/CBMiXEFVX3lxTE5oSXNJWGhGQUpMWi1hNzNhc0wyT0dRNW5kcEtBbU9KbEJsWUV1alBzR0pLeTlGTnlNQ2lQOXpHQlpxQ2lTWXZoRm5YQUJiRW1qdFlTZWJPc01KcGot0gFiQVVfeXFMT3k2UHhfUUNVV0VGTW1Eal9JNTE4dTEzeF82bkJTY3JtU2FnSzF6bDA1d2x6bjllQlVGUWlNOFNPLVJlMDVtemkxVTJWTEVUUDZ2d3g2MnZZeF9CMVNvRXZWdEE?oc=5","BBC","Global","1779596964000"
"Iran executes person for sending information to US, Israel during war, judiciary says","https://news.google.com/rss/articles/CBMiygFBVV95cUxPWEhRY25USjF5eDJsUHVRSGprTHFpbE84WlRfWjV0SVA3bmtzUmZkNVA3SWhfVVFtVHJja01Fek1ocDRiNlB4cDM5Z0o0Y3h2TUJGQ05EWEZhSWJyTGFHdzVxSmN0Sk9UTGs3Ti1RNG1yRF94TGRacEVvMkptZ1VCRnVJMnBYNEZRdlhOX2JpRW9COEg0Mm1pdk5VNWpWOHVxMlNOTTVBNHk5VGV4N0otQmNnYmdUa2dQT2hsYzlCSGlLU3A0alVYbjN3?oc=5","Reuters","Global","1779596880000"
"Report: Proposed US-Iran deal sees 60-day truce with Hormuz open, talks on highly enriched uranium","https://news.google.com/rss/articles/CBMi2gFBVV95cUxNem5QY3Ffa0dBSDlFWk0xRGJHMG1PY1h4NWkwc0F5VVVpN3hRaHBNZGRYbGc1NnJ2eTBQd1hGN2taVG56VWVESTEtNHRrS3VsekdCYnVjbEduaXE5RTRkOVRodTJiT1ducDhFTVVnVDRpd3hoTEN1OUpOQV9kTVFqbFNHbl9vWkJJZzJIT183TUR0eHpZUHZyMW0wWHlMZUhUSldMdFp6SVl5U3FsNWNJdURlTE11aWcyRkJoS3B6ajJBZWs1OTFpWkUwMkgxTEpTcXFHU3dodG0tQQ?oc=5","The Times of Israel","Israel","1779596715000"
"Axios says proposed US-Iran deal involves opening strait during 60-day ceasefire extension","https://news.google.com/rss/articles/CBMiwgFBVV95cUxPUGZuV2dzRVJyRkQ5aFhISnoxaDhkcTFhUDFCZmVfVmFFOWRFZFJUT1BERzdXYnJyclMzeXA1emh3S3JOSi1GT09pZnJNNmVzV2QzT0dQU3BKbThwdmlsbEhCaWpILXhvSDFUMWdPcnlmdTlzcnN3YllncjRKSnFBY01ldWZHakxxT2Z3Q0c3QkFyd0V6WkdRMDB5RXQ5QzJPSk50d091VXVDS281SkdwczVmS0NWLWpFX0V2QnNpRkt0dw?oc=5","Dawn","Pakistan","1779595625000"
"Iran’s Guards used UAE company to buy military satellite equipment","https://news.google.com/rss/articles/CBMicEFVX3lxTFBIcTBucU9QVF9YRC14Y3JiOFNUYW0xSlpEQlJYaGNyVC1BNFRueENtWmJ1NjF1VkxRWGxNbHV6T3RaY3lJeEJERzJXS0NQd21pWUxRb1NKRHdiOHdfNDZMbVk3RlRseFk5NG5vMmNudE8?oc=5","Financial Times","Global","1779595216000"
"Egypt deploys jets to UAE as Iran war strains Arab alliances","https://news.google.com/rss/articles/CBMicEFVX3lxTE5QcXZfT3lTYjNpZmU3Y0ZPSWt5TFAxZFJhd1NWV3hnUG5JYlIxaXB6ZGFXOEtvc3F0MWtKR21IS19RN0NiYUpYdC1JNzliUFd3T015OF84UXd5MGNjaWtCckZ5aEVRelJTcFZzWEd2MVQ?oc=5","Financial Times","Global","1779595208000"
"Axios says proposed US-Iran deal involves opening strait during 60-day ceasefire extension","https://news.google.com/rss/articles/CBMi0AFBVV95cUxOdUZnNV9XT05PSmhGU190REg2enN4ZG5IMVN4ODhCZDRweHFjejJGYlVfNDJzeW1NbHlJREJsZDJLX1lnMW5xSWcwTUE4WklGVjNYV0ZxVmZYNnN2dmEtaW9hRGdWckJUY3paX3dQRVM1R3dIcVFOXzRja0N5d1hoTGNGYjF4VHNCRVp1Qk9mYjY1WHFOaUtmNHVURG10ZnBMenZQdWNxbE1fVUlUQmppUDFQc0RoOUZpeE43VTRBUjBPbzk0VUZlelN1N2k4eTJ0?oc=5","Reuters","Global","1779595020000"
"US-Iran 60 day deal will open Strait of Hormuz, lift oil sanctions, end Lebanon war - report","https://news.google.com/rss/articles/CBMiakFVX3lxTE1SSEVnTUZiU3VFcThqX3d5Z1VUelZzSjlHWm50NHdGZzdJblpGRl9XMm5sUTF6ZkFKUmd0R2FCQ2NlbFNPemVaSVRrQ0dTNWdBWGZyRV96SlY0aURzcG54VHhWSzQ5MXdoc1E?oc=5","The Jerusalem Post","Israel","1779593856000"
"Exclusive: What's inside the Iran deal Trump is close to signing","https://news.google.com/rss/articles/CBMif0FVX3lxTE1KaXpnNk8yODVTQ2FWMWY0VnZDUFoyQWktY19NTElzdWk1dU1KdEtBRlBIMFFvMlZPNnBsNVFla0ZlaFR6OG96RFpXU3RJMTNNaUctcHdLdVVfNTdJYVNDTXZxRkZLUGxucEFnSm5Lb2VtSnd3VnZwWTFULUxIWkU?oc=5","Axios","US","1779592832000"
"Britain prepares to deploy to clear mines in the Strait of Hormuz but is waiting for a peace deal","https://news.google.com/rss/articles/CBMi6wFBVV95cUxOcTZOUzRsQmlBX0dQUllvLWExdmNMcjNFcUlHSnl3M3lvaGh4ZGxTUjhBbHNISUdoaHFlRGdMeHdkMEJBbVhiZ3JDMVdqODE3cV9rdXQ1RGVpc0dpM2VzYWhFYUk5MFRTMjhVQ2xfRTVEbWlGblpYb2JFd0FMRUgzbFdMWkYxZzFsUFU1ODJDVC02X1Uxa05leVFxRTNrRDh2MGhKaFdub0ZTTDU0N09IZ21WLUthOEtzT25vRTVBZlkza1dtZGRLSi1xeC1XR3NHbkpBT3I0VWVIQ2Fqd0t2TVFsMEtiOGY2WUdZ?oc=5","Associated Press","Global","1779591991000"
"Trump Considers Iran Compromise as Netanyahu's Influence on Him Wanes","https://news.google.com/rss/articles/CBMijwJBVV95cUxNYnFFYnVfZ2ltUjZJZkF0YnNRQjFaYURuaUI5ZGpKai1icjFYaW1KTVdzWEhHaGxkdEJqMTZGVVhEdDZzM0lEUnk0bmc5alludlBkR1FZQnNDQy1OQkhDVGM2S2EyWUxOVl91QkxvalplUzRraHFrTnFxMVIzM2dBT3ZranRZUUlwNzJDYy0xb1E5MktCZ0tjOGU5bTJ5UXA3UmZGUjFOMU5wdXlTeGEtZzdySTU1ZHdWdXF2OTRSZll1dDVDSldBZGllMGVyeEVuX29yTVlEWDdlRnhUVm1pX3NQWWloWlp5NURBNFFNT0tYRzdxLWRHWlRUZFNTTHNfMWRZWU1GU2tFY1M2WjlR?oc=5","Haaretz","Israel","1779591720000"
"Iran's foreign ministry spokesman evokes Persia's defeat of Rome in apparent comparison to current conflict","https://news.google.com/rss/articles/CBMi1gFBVV95cUxPaExVbFcwOXB1Mkd0ZHpjM0s4cEdzVzE5RzZYYXkwbWszbHFNd0JOa3FZalJkU1RNWHVONUVtNkpoeUhBNE9YUER3SzlFZzI5NENxRGFULVp4dkF1TmxvM29oalBndVBsS19XSVhWWW14aWx6SU5MQzFQakdyNUR1MjF3NG8xS2dOQUY5Q1hVcEVjZG96aTkwTWFSSE9FbXFmNEt1aDZ3aEtFZFFYeTZfaXM1eW9vaWlYcFJ6UXlIWTRaUmNNR083MGUtaDZMQ3hmWHlzTTRn?oc=5","Dawn","Pakistan","1779591664000"
"Iran agrees to give up ‘nuclear dust’ stockpile in deal with Trump: report","https://news.google.com/rss/articles/CBMirwFBVV95cUxNd2t1c0lLTXpHMExhWE5NQ3RlTlFlYUxFb2hBZGV4T3RBMEtWM0R3RDZFalU1RDh3Y1Eya29HVmdBRXpwNkFpUjF0dWxzSVlfQTZSakZwQ0gxNVZSMVBQNFlIdWVkZlJ3ZFR1TXRPQTFDQ0czaVkwamxwd0xSSUtKV09Mdl90a0Vzak4wZjV6VXhzYTVrV1VseUxFN2RFNmVUdkx2VnU4WERQdFMzeF9z?oc=5","New York Post","US","1779591120000"
"Iran media disputes Trump’s claim Hormuz Strait to reopen","https://news.google.com/rss/articles/CBMilAFBVV95cUxQd1RtYklCd19fRUlzSDhHY29LMHhlTTd1dGFuR05vTzFFemZYNjFiRHhmeWRXdDhTUHpEdURhUTNVMl95NnJkZ242d0FEUW1pYkFRaEluTDVrOWdxTjZrMXFvR1VNS2w1dDV5bVY4Q01GZm4zeTlnYmc5MVJlcTlFd0REa3BIeEdoVFBmT0laT2xSdk4y?oc=5","Dawn","Pakistan","1779591064000"
"Obama-era Iran negotiator says he’d accept current deal if it ends war","https://news.google.com/rss/articles/CBMipgFBVV95cUxOekNCQlBHazZPYmUxc1BFcW1jbEpjd2lZbWIyWXJfY0hEeWFVMFJVM0h0Y2lmWWRySGNCakt2QVRMeXFUQXhSMTlVRmhNc0pQMG1YcTAzREtpSTdOVkxnVEo3S2R6aTEwd1dGQ3ZJcHJoTW9tY2FSOGlqMU9USnZ0NjNFSlI5QzZvM0dqVDMtWS1KazZGTjhVZjFCRTNON1lpZEJhY3ZR?oc=5","Dawn","Pakistan","1779590105000"
"Pakistani PM lauds Trump’s ‘extraordinary efforts to pursue peace’ with Iran","https://news.google.com/rss/articles/CBMiuwFBVV95cUxONG5zbXJJNU1LS2VvT1BYamNmSEU0cWdLLXJnN2psWmhkVEIzTmtZRF8zZEhTS0FXYi1LOXN3MFExRWhYa3Q4Z1Jaa3kteFF4dHlMUndheEpPWDZqR29rRFB2MWFzYnJPN1hqOFQ5cUwtN1VZSy1JZkxtRzEzdDRjcnJPTmpSdWtmR2lhcUJ0N2c1T01Hc2hxT0pGbm9rZ19jcG40bUJXYnFybXI3N0otQ1VHa2JvTXBTSzFF?oc=5","The Times of Israel","Israel","1779589815000"
"Trump news at a glance: Does the president see a chance to end the war with Iran?","https://news.google.com/rss/articles/CBMixgFBVV95cUxNbEFpN2ZtLWdJMTNldk5fWmhMSVFlSHlCbkxHSmVEOVhNTERhaUJ4VUx0N2RSMGZCMGUtMDRxcTRlMy16NnpHV2t2bl9vZ3QyV0VWanY5X0E2MDJIMDVTMDB0dWU4WW54YVZXRlczWTZqQVJrM3JZRERhZWJGSzlNaFRHNHBoN0piOTgtNXhHWTlTWmFYOEM5YTBjaUdmTzVaZmMyeGtuREc1LUFieE9mYnJ3UFFlZEVMWlEtMi1oVVZ4ZEpTUGc?oc=5","The Guardian","UK","1779589451000"
"Trump says Iran deal 'largely negotiated', dispute over strait reopening","https://news.google.com/rss/articles/CBMitAFBVV95cUxONEJxbF9SbGFoS1FVQVkzUmhEaGpJLXdRLWlUNDhxZVJKa241dm45U25PRlVSN1dFcmlaaXkzTUdXSEtYYlczQ1VlZjZ0UlZyVEtacWl2clkwVHdnSlczYUI2dkc5eVg2Sm45UDFMZHlKTWtTblNYT2ttNGt2RUVKUFpCZW01RElkYzFPRGJtOHlOeXFid3dfX25kM1dmTXJsb3p6UGlmUmdlVlI3Y2NkbzlaaUI?oc=5","Reuters","Global","1779589200000"
"Iranian sources lay out Iran-US deal details","https://news.google.com/rss/articles/CBMimwFBVV95cUxNcG45bW1JS25ZZEdBT0k4NnBBOWVFQW1lOGlMLUNNOWxIZ01KMXllc2hsODdjdS1KOHR0Nm5YUXlSWUZhVEw2eDY5Z3UtajA1QnJtWHBoellMcFdEZTMzNjNDbU9qSE5wQWxyY3dUaFVfWGVGdFdFTzVuU1JKUGNRS1hGbjNWMHRGdjVqeWo3cllyYmJFUGljTExQTdIBoAFBVV95cUxQOFhSa2h2V1I2b2VkcndfVlRaTHJMWXptWGd5Qm1sb0Fldks3dU5SM0lxdzNTQzI2dnczVVpFUU15b0poU3hWcnNqZ29BOGxva2EwOVg1TTdKMnJIQWNHd2xfS3Y1Qm1OdHZPUmRiczA2RWswdXZTNmxuV21Eb0p2N25UZFd3Vm03UWNFRHNkanJkOXRtRDhVdTBvTkxUa29G?oc=5","Al Jazeera","Arab","1779589014000"
"Iranian ambassador sees new opportunities for regional cooperation","https://news.google.com/rss/articles/CBMiogFBVV95cUxNOU1sQkFoWkF6ZEF4MFFzcVBkQ01JMEgtcnJHZDc5NGwtXzREVTlWREUzVUdxdGk3aUxheTVPdjhmOUFKekpJcWZCeGJpNE10WEl2V09xaWVLeUdra3ZzODBZa2ptMndjV1ZIMEVEZEVEZ0tGN2NPbFN5b3Z6bnZFdmRIRldpcE1KX1hvWThXcExWeU56ZnJvRVJvWVA0RTl3Q2c?oc=5","Dawn","Pakistan","1779588696000"
"Arms sales to Taiwan paused due to Iran war, says US Navy chief","https://news.google.com/rss/articles/CBMinAFBVV95cUxNM3EwZzF4ZEs3S1BZdXpGNm41VllfMWhkX0dibXhlQ25lc2pyVnFZbUJXOWJ2ZjRra0dpcXFCNVJnRHNObVdyeF9LaDRkcmF6NHc3UUV1MTJQaWwxZW5MNXlETU9USTJNUnI1ei1RaVlzX09fanV0RTN2VDA4ZUhmQS1UOUY0V000MXhxQVgxNjBQZFV1WWdJajFGNS3SAU5BVV95cUxQOTNpRm5WU25Wam9MOGRDSHhQdGxQc0NPOGtDZ2tGRHRSTGRYVzB0cmxvT0tQb2FSXzBkNlN6QWNveDJCMkhXaFNlLVU4Qmc?oc=5","Dawn","Pakistan","1779587746000"
"Ted Cruz 'deeply concerned' by alleged details of US-Iran agreement, urges Trump to reject deal","https://news.google.com/rss/articles/CBMi1AFBVV95cUxOdnFVWVFMUW04bGNldWZsb2c3ejhOT3EtVTNoekw0YTR1VVdWdjBDVFF3VXVKTEtPeU9RNG9wSEF5T3VXb3VMdl9VbU93Vjh5ajF2ZUFqb0FhZVJyWk1ibEVTSnFyQlA4dkdlNDg0cjY3Nk5Rd002M0tGcnozTTZ0MUxla0xtNWtqVWlrMm5pNV95QkVFZ2tzZmtCNzd1MVBOUENpOUJSeHhmVWNSdnpSWVFOWXBPU0NHeTVoMEpVYWF1NVdMSFhySVV1SUU2cmZEMDhlQw?oc=5","The Times of Israel","Israel","1779587715000"
"US-Iran deal in sight as CDF wraps up trip","https://news.google.com/rss/articles/CBMiggFBVV95cUxPdVJkX1VMLTZfZ2xUa1lDS0dyWGV5VWR6RkxlRk1YS0lSR3IzT3dxbDhhbmZYV1FiTXhLOUV0SllWQ3V2T2lJNVYxeHAxeHNpampydXdsOUNGZkpPYXBGUUpWQVlIQWk2MHFYNmVEVUFyZHE3YVNNbnFyMUhPa1lpVGVB0gFOQVVfeXFMUE54TFdMVnNWTHBWSGFvZ0I1QnN2amZjZlRIZTNsclNLbWtKMUpMVXlJcmpObk5ibkhPN3Q4SmtRT05WZHhVN1NxY2p0VlpB?oc=5","Dawn","Pakistan","1779587685000"
"Iran war: Trump says deal 'largely negotiated'","https://news.google.com/rss/articles/CBMijwFBVV95cUxPLVJfQ05reWVHaHlpVExuYjdNTUtfTXRucXlTd1JKNGNrMkNlTy10cFowWTRCQVh3dFI3dkdGNGhlVHVOTWdzWW91YnVxb1pZeS1FZnc0UmxoZmhBOHV3c2wzMklPWGVweVdCWFNuUUJTT1FSTkdETlQxSlAwbXZ4Q2VBbFM5YUYyMzY2S2tDRQ?oc=5","DW","Europe","1779587614000"
"Iranian national team to train in Mexico during World Cup after base camp switch, federation leader says","https://news.google.com/rss/articles/CBMiwAFBVV95cUxPYmFNZmtuMlVBX1Q0ZGVPdHJvM1ZDR1lwMXZfX01HZkZ5dWM3MlVoWG9ySUtBOWJpM2NFMU9qTW1BZFNzWDJ1OVFmOGpjVVhqSGVhcXA0SG1TZWFzQ0Vyb1g4bHRDdzg0N1NDNTFua0w3cnZpZWx1cHBublQtZWJncjJJSWU4T1Z1VnE4SEROejBMXy1qWkRib0VVWFZWWEU0amtHQ0gxdEdYMFhndWV0ZmFZRTJXcHhVWXNkMEV5TmM?oc=5","Fox News","US","1779586805000"
"Iranians shattered aggressors' illusions': Iran FM spox invokes history amid prospect of MoU with US","https://news.google.com/rss/articles/CBMilgFBVV95cUxPQmxEMkdoUHg5YTFzYjVCSnBzY3pzQ1c2dFRKUWZiQzBMUXFHc2h1dDBaTlctd252X3dHSmhVSW5MUVR1bWlCUlRVVjRaazlXMzQtTlhWVml5OXFVT0ZmNEVqM3V0S0RKbTdtVVMxcXZZVUxpYmV4bEczRVJ6b3NJdGZRX1pFYkdULWhsS2tRYU9ja29zVGc?oc=5","Press TV","Iran","1779585900000"
"Iran War: The Phone Call That Set Netanyahu’s Hair on Fire","https://news.google.com/rss/articles/CBMikwFBVV95cUxPUDY3QzVwZ3EzX1cyU0dxeU1EckJFRUJNV1ZIYzhrNWJzVUp2NHduWUZwTEVQdWl6YjV1cUFaZC1zRGIxWU9XY3VqTlRoZThfSnFBVThHUTVzNVJKMW1xNjZSNmQ5LWZ1WU5kVHlZenVIMjdKYUxBWHhmYlptVVhQWE5WWldyV2V3Z3pTUzA5bUhLcUk?oc=5","The Times of Israel","Israel","1779585420000"
"Report: Iran has agreed to relinquish stockpile of highly enriched uranium as part of deal with US","https://news.google.com/rss/articles/CBMi2wFBVV95cUxQNE9uSzdOcW1EUVl5YXdxaGpyNWZPZHM4OXBQR1djQkEzbHNKWWY0RWU0M0s5bzc4NDN2WjdIeVFCUkJKcEV4RnkxbnBVWmNqOHFOYXFZM3U4UFNiVkRjWkh0Rzg4Qi1kVjVPaGNVYldObGNmWUViZVFWcjROQ1U1aUFJamFmTV8ycjYtd1FxeFpkeWllZlFtU2R5Z0g1eXNaSEp1MWRXQ09FaUh6TkVLWUhHUDdtZzFKUFotSXh0UVRDUWFOSTBOSG9EMkI3UUFvRDJkSWRfcnREbTA?oc=5","The Times of Israel","Israel","1779585015000"
"Iran Agreed to Give Up Enriched Uranium in Deal Announced by Trump, U.S. Officials Say","https://news.google.com/rss/articles/CBMiigFBVV95cUxNaXQ0VnFoUlVMQzhJUU5aSmE3ZzZJYy1idGI3dklucjRtOHRJMmktVXE4U2dBZkRDMkd4cGtLMG0xOHdIYWRyT1pCWFp0SmE0RzZKWEZMNE9wTFFzd05DWjVGS2RIalFhNlVXWXZldTQ2NlpISVpqbWhQSUwtUzFacXpJWXRMelFpeGc?oc=5","The New York Times","US","1779584204000"
"Many Questions, Few Details in Latest Iran Peace Proposal","https://news.google.com/rss/articles/CBMikAFBVV95cUxPYVRDaEwtbnB3Z3VuTi1wMWlGY0RGMXRVUk1Uc3ZKWG9SZTQwM1dRNFVrNVREeEJWdGk4UE5hZWc1R2YzN01pTFR4aWVKS3VFTTlVZnNNaFFHY1J2THEyeGlrU0laQjBrajh4ODZITkh0blVpU2p0SHg5UE93My0wYjlxOEswZ05iZDlRejNCLVg?oc=5","The New York Times","US","1779584176000"
"US says peace deal 'largely' negotiated, Iran vows to defend interests","https://news.google.com/rss/articles/CBMiwgFBVV95cUxNVjFOS1NTbHpHQ192VjRocXJPN3N3blUwWDVSMlVpTHRtQlE0dWxDel9nQks2R0JhdUJkVnNqcHhKQTJDbHVwQzhMQjQxb05LSXN2VEViYXF4a0VKZFBBbm80Y09pQmxGaDdZYzFvc1NlTHdqUmRVWTBpbEtuSHlTQjRPQWh0ckZsRWh6NnpSTnpwMmFHWjBtd3AyV1VFR29XNm1Za0Y2cUJfaEViVWJtNkozMjVpMXZKb0VOU0tULVpIZw?oc=5","CGTN","China","1779584121000"
"US House Speaker: We are greatly encouraged to learn a PEACE DEAL in Iran is underway — and look forward to learning more about the specifics.","https://news.google.com/rss/articles/CBMibkFVX3lxTE42bGZpcWFQeVBXaFo1amlnTjB5YlNWOXVhRlFRNEgzelRPUXJnMTlfQ0ViUVRqRlc0RmlJVHNKQWUzbWtrXzkzeWlQMUNJODJxbUVJTEZmbDFOY0ozN0I5aWJJNUVia0llU2RORnlR?oc=5","CGTN","China","1779583841000"
"Secret Service Shoots Man Who Fired Gun Near White House, Trump: Iran Deal Close, More","https://news.google.com/rss/articles/CBMirgFBVV95cUxNNGdRaGQ1UmluelJHblhfc3o5aUkwWnU0bjI0Nm1iNU1CeWlrNkM4aF9qcmlmOHMyekEzWVFoSlJwLUIxb3U2dGg5TUhVVlROLXBqVHNqa2lfUVZ1MUY5OXRydUdCdHhIS1dHbG9wYlBjUGtTWWg5Y21WM0ZfMHpER1pzUXUtbGQtUUR0Wk5ZOW1ueWZ2SGVOMERqMGRTWDUyZVBlOGdzZU9vcVloYnc?oc=5","Bloomberg","Global","1779583476000"
"‘Nightmare for Israel’: Senior GOP senators criticize alleged terms of emerging Iran deal","https://news.google.com/rss/articles/CBMiuAFBVV95cUxPNE1KZEdsc25VelN6ZkxMS0p6M05OZlNtZVlXVXdFZXdvLURvRkZoTzdqRDZXR3YtYkd2Mk9UbDY1cjc1UDJKdzRHYkhUUlpYSmVvU0t3RVBVeEtlaVBaRzJjcHVGdHlaVFN3ZHhrQXZWbkozQXNZNmc1VUN5czlGb1VHSlpzLU9IQXdMZUVWenk2U1oyMHIwVEw4Y2RzU3NLS3MzbFJ1cVRZU1Q0QUdrcUJMUHNGWFN50gG-AUFVX3lxTE1jaDMtSEh2T2Y2UFNSNE9MSG9iNXpaejAyVEdMODNsVmEtQkt0dGd0aWUxMFk0Zmk2aW41MV9mYVRDel9xUTlvX2RDeVB2Yk9nekNrTzhIUmpYYU05eHRlbUs5RllqVlJ4bDNmdTlXdnlFS2tzX0ZhM2szNEVKdU50S3gxY0VIbExTUkdhU0NDTHF1eE9pOWhSSUdBY091MV9ESy1OcGtlTVVhSE9GTkdWd0U0YWw5YmJHSndpdXc?oc=5","The Times of Israel","Israel","1779581475000"
"Britain prepares to deploy to clear mines in the Strait of Hormuz but is waiting for a peace deal","https://news.google.com/rss/articles/CBMi6wFBVV95cUxPek1lX0FEOTZaM3Z2LVBMWkxvaEluX0hsM09JS2VNWUZtZGFKajlUWDh0MFRYNURwdzNMWjU3T0tfOFB5MmNnSGdUU1JvYjZxZTY1TmJNZ2ppWVlHclp5bUcwM3RpaHZHRVBFRTl6YW1oS0U0NFJlMkg2d1hXYnlmQVpHYlk0ZEx1YmxzLVVCdHM2Z1BwYVpFZHFIdk0yZVQ0WGJsTVowTk1UZmpMelAzSk4yS1hnVy1xOWk0LWgxQ0hZd1lSUXYzMUd0RU9PUG52UHNEZ0tid0RnZW9ta1FmQkcydXExRGk1RzBB?oc=5","Associated Press","Global","1779581040000"