headline,link,source,region,published_at
"Iran, US to return to the table after fresh clashes","https://news.google.com/rss/articles/CBMijAFBVV95cUxQNUhELVJ4N3gtNVZ6MnBucDY1NzFNaUtTVFltWVB1TU1vQU03SUI3cXR5a3RlajV2REVkU29QWE5ZVnhJOEljYUVka1hVa1B1WmVERVhCLU56WTZ0MF9GRnltSkNCa1NHVkpSWUdqZXFramJ5SFdRRmM3XzMwakZadmdLLWtRWVZ0VFkwTw?oc=5","Dawn","Pakistan","1782778697000"
"Iraq sets Sept 30 deadline for pro-Iran groups to disarm","https://news.google.com/rss/articles/CBMilAFBVV95cUxQWlNxOEhreU1aZG9pOUpDMGl2enY3YVdxOWxDYVBkbFY3bldTOWZ3NVFHNlRjUDBzUEhJTHNXTGpZZEttVkV3anVYcWRSWDh4SHFyOXpRLV85WnhnRG9YVC10a0Q5UEdYaWF4clcwN2FueUFmeW94WVA3WjhkZC0zYUd0N202NHBMdmdTTE5NSlhpaXRZ?oc=5","Dawn","Pakistan","1782777687000"
"Japan’s Factory Output Rises as Iran Fallout Remains Manageable","https://news.google.com/rss/articles/CBMitAFBVV95cUxQbmtzOVU3XzJBTDNWR2hQOHpBX0k0NHYzcTRKNGk1T3Z2VzhqU2JhQmtjNXc4eW9yVDJza05UUURxYmdDeTQ1WVl0bFFJR2ZST2syUDd4RWIwcTFrSHJkRTFuQzNrSVlVYnBnRzNiMVhyMEVhenRrVmFkbzUyd0p4RkVBS0FEdGlsbWlPTXVsQVBKZy1EaHRTcXVPSmZCQU9WcldHTkdwQWplMUhHcXhaZk5POFM?oc=5","Bloomberg","Global","1782779880000"
"Morgan Stanley Cuts Oil Forecasts on Fast Return of Hormuz Flows","https://news.google.com/rss/articles/CBMitgFBVV95cUxNODg5RWJua3I5VGJncE11RVRoUUFtcTlwRjA5eUtfQ2Y0SXpTY0ZaUXlvU1BCdHdiNEk3YTFZNk0zYW5Tdm1KVEhkRmpoUHYya0FqRWlTQlBqc3pJNGdGNTF3ejJpMVpJZ0Z6SUxLdURZampwRmxwRFAwMVdrVlpuWE5DNkpuaHhFai04SVhYbUN3LTY2WXljam1jT0xEUTZJQzRPcW8zbDRVMUFEeE1oWDdmbUlZZw?oc=5","Bloomberg","Global","1782778200000"
"Oil falls as investors focus on potential Iran-US talks in Doha","https://news.google.com/rss/articles/CBMiqgFBVV95cUxNdDFWV0lhZFUtN1Y1N2hwRlNPWGZYVFQ5TXZxVjVpQTFib25IaS0walpsa3V6a0VRbVIxOEw5bVVYZFlWTzZuWWZrcFZtd2dUQVZEU00xX3VEVDBxanpod0lsaUFYbzFESXVJSWZKLUtmZDBNUVRXTk5ZaGw1SmRBWjJzNGQ0TzdXcmpsa3BhMXl1djBhc1hScXVxc0RaNzR1M1A2YzlrSWtVZw?oc=5","Reuters","Global","1782782500000"
"Netanyahu’s Hollow Security: A Green Light for the IRGC’s Rise","https://news.google.com/rss/articles/CBMilwFBVV95cUxQNFMzbEp4TVlscjhJdWJIbHZOQm1WeHgtd2t6TEdmVlNoR0dTUXNhaFFsb3FjRFRrUTZuVTctV0lSYkdmMDRSemNTeHdRemIzeFNySVJyd1V4NXdBM0EzYnR2MU02N1FYNDlhNlJoQzN3OUpvSDE4WXFhTmlyQkxxXzRuWXFQMTBsY2gzcE1jaXhLdDVMNy1V?oc=5","The Times of Israel","Israel","1782781620000"
"Hakeem Jeffries calls for unclassified briefing on US-Iran talks","https://news.google.com/rss/articles/CBMiX0FVX3lxTE9YajhFTmN2THdMYUtMclFVZ3FWSTBOTnhqSkE5WFVMbVRxYmxNNmt1cXJ1VE5uVE5lRmVNYWx1dkNkS29Wb0RQb0RJSTdtQ0RjWFdIWTJWdnFTTkVFWUdR?oc=5","The Jerusalem Post","Israel","1782784285000"
"Trump: US envoys enroute to Doha for ‘perhaps important’ Iran meeting","https://news.google.com/rss/articles/CBMiuAFBVV95cUxNX01ncEN3eDhIeWgyNnI2TG1GU0laY2ZPS3NhVGVSTTVIZ1RkbTZGNjN2anJVeGxJR3VDY1BiUVFBNW1MWENoY2pIb1k2bFJHSXZ3VXJ1aUZONm1jcmNsMkJFb3NGS1dGRVZkWmh5YmJyWENKUE5Kb3drMzJqOTNYWTFxSm5oSXRvWUtYQXlmQklHVkZ1eTZOdjgxZGR4dDZKQ0NEWjZQZ3RMOGFkRi1weVUzNXNPSW9B0gG-AUFVX3lxTE5PMG1NWkNRQzBoWjZ6aFVmNmRUbC1uVm1KR3psQlRoX0lVdjViVUF3ZDFNQmdRMGE3XzluRjkzNjRCWGYxVXdxN0JLLUlmYWV2R2Nra2ZybjRVTms1YjJMMXEza1VKVjB5T3V4Z0toTVV1dDhPMy1yZGdkWVhPS0FwNmRWMm1VRXhwVGRkX3F4VEFNdVVTNnlrVTFMZkdMY2tMdHVKcy1fNDY0emh5OEozWUpkNUdWT3VZR3hycHc?oc=5","Al Jazeera","Arab","1782787535000"
"Iran says talks on a final deal with US have not begun","https://news.google.com/rss/articles/CBMikgFBVV95cUxNdjNEUVV4RXphSmx1ZDBCcVlKN3FSWklDZnVtNTI5X1A2azdiX0ZObkdkbmtuOGh0d1poTjhCZTBnVjMtbjlab0lwZmFFcTR0R3o4RzR6c0FEaXprR2NTY3NWVndhekFtNnF3TV9ELTRKMWE5TW5YUTZYUU9ScEVnYmNpTnpweXBZWlhYbHhxMWxadw?oc=5","Dawn","Pakistan","1782787137000"
"Iran War: The US Is Getting Something Right — in Lebanon","https://news.google.com/rss/articles/CBMiqwFBVV95cUxPUFNQdVZjTnRBclJzbDRibVlKZ1FzcjlPOUhESWtYckFJZFhKYm16SkVHMjBNeS1oc01mdFlhbWZSdktIQVFJR2QxNnhwR05aWngxemhzTmdDSUhTTUZoNWhCZjk5QVNzc0owenQtQWZnaWladXVzOElDRG41V3FxeXJBU1dab3BJMUwtMjRRczVrOXZNTWdSb3d6ek9XX3p0NXhYakgzeFhZaVk?oc=5","Bloomberg","Global","1782788400000"
"Iraq gives pro-Iran militias until Sept. 30 to dissolve","https://news.google.com/rss/articles/CBMijgFBVV95cUxNM3lfYXJGZDBZUTNXWTBDLWpXM012OUxhT0F5UkZDNjFGbjVPNTg5YkN1WUtnV3JLeUpUcTlFeUEzaUF3bTY1cDZvODhGMjZBRFJKdlltM1lZdWdvOHI0ZEVzTFRBX3RYdDRDQ1dHVm5KWVlfRHdnZUNuMElSNnZGUEtvakx0Q0IwN1c2S0Nn0gGTAUFVX3lxTFB5ZXExV2NZVV9xS1dWU21WaWNiakg3NTVPVk1JQUFKczZMLTBrRDhoWlVQX1NuVTJRZ3ljWFA4aHV1ck5yNmhTQjdkeVNJZ3NPYnRfSmRMVG01OWdVODZfU3FwQzFDWmVmTXhtc3B6RGtVUlpyZUVieDFJS0R4eFZlM2dxSWVIcFJQcUU5OHk1WEFKVQ?oc=5","The Times of Israel","Israel","1782789075000"
"Live Updates: Latest from Israel, Iran, and Middle East","https://news.google.com/rss/articles/CBMif0FVX3lxTE02UHNwREdud3ZjMzhhVXd1TTV2QllQYVhhQUlyOHljX1p6akk1MGZVVkc2WHVaLWk2cTBWYVpwLXZSbzFiWjBzQTQ3RU1xc2VFZ1ZaVkRiNkprWU1LMy10Q3BkRzVWenVfQzdtV1RFRElXU2dMaHRYbXBNa0FtRG8?oc=5","The Jerusalem Post","Israel","1782787205000"
"Only two South Korean ships remain in Strait of Hormuz","https://news.google.com/rss/articles/CBMikgFBVV95cUxPVTJpSmotT3BrZUJZdlo5R25IaTBPU1B4YjgyZUN5V183N2NFQ2lGM2xDenl1U1plUjhrV0U3OGxDTVlveXNZVHFNekpYaDVrRkFmNkJKbWF2Ty1Ga1hRNWhOYzVjLTBTNllyUkNydXNnMXg3NjlxZjJseDVpbGVfRHM1RnZjcW9PbEJYRlZyZVZEdw?oc=5","Dawn","Pakistan","1782790762000"
"US and Iran negotiators head to Doha, but meeting uncertain","https://news.google.com/rss/articles/CBMitwFBVV95cUxNU0Q0MmJRdFY0LXZZTEVzcV9hTFVRczlFVDN0QnZtZWltRTJjZ3lXd3YxaHBVZi1mazh1MVNQT252R2hKQnJKYmFEX0p0Tzc3VnZNOC1hZi1wc1UtX3NVbVg5OUhXYkFEV3c5Y29iLV9RNTRjRWI1ejJoSDZndTNSaVJYRWFSSlVBZ3Mxak9FMnVOZE1aR1ZfOWJ4SUJmNE05QWQ5dnNzczJTekhOOXFKRktmTHBSRlU?oc=5","CGTN","China","1782789881000"
"Middle East live: US and Iranian delegations in Qatar, no bilateral meeting confirmed","https://news.google.com/rss/articles/CBMizAFBVV95cUxQc0JtOHdnVk1URjVYS1NXckJNbUdsamY5UHNUdTBnXzAycDJLb1Rqem1fOTVFZENSUjBLdU1UVkswZ0lCNVVJTkpObnBBeWRCc1hhb19GMVowaVlPcGRVeUVrSXgyT0oxZ3lrR2VVUWFhWmd6M09SNUxiblNGTW0yaVFJRVhSUjBBU2lkbUpVWEE1T0hpRWtoTVg2T3ZqRWpSdGNMSnhGVFVyRF83d3Y1Tk5sV3pxTUlBQVlHN0NYQUZ1MUo0ZnRqUUZFSnQ?oc=5","France 24","Europe","1782792054000"
"Inside Iran’s ‘disaster’ World Cup: Infantino’s ‘offer’ and a home from home in Tijuana","https://news.google.com/rss/articles/CBMizgFBVV95cUxOc2ZZbFl5cmRuMERJVEhGMFVta0dyNjhzUEo5WlAzallTcUR0Z2NjNjI3allwRjBUYU84azE5WUN0amd5MzNrRDRoVWFTbndmcjNJbnR2UnRPcnlsWk9Qei1xNnBjS21KU2U2Rk44QVVxWUtrc05oMEtOdkEwZnZUcWhmdlMtVFh5Y2xwRUtKeWVTazNuZ1doRTJCR0hBVnpzaFdFN3F1SlZ2ZWEyVnhNU29HcEpub0FFWFpjWVVIWjJFbS1VaXBYaGpKMTRXQQ?oc=5","The New York Times","US","1782792906000"
"Flash: 2 IRGC members killed in attack by unknown gunmen in western Iran -- media","https://news.google.com/rss/articles/CBMifEFVX3lxTFBUTUNIYWNZdjlUVV9tRllLRlozT19NRkNRSGtURDJxdTdnQ2JBMjZld0VEcXNmMXlQNkF4bTZYclhrZGl5RXlKRFd0WWpWOTF5U1JHbm45VFJNdWluTm11ajI4UE9pOXd1YzNRTG5NWG5XLUpiZTY0NVBQSDU?oc=5","Xinhua","China","1782795435000"
"Iran, US to continue negotiation in Qatar despite recent strikes, drone attacks","https://news.google.com/rss/articles/CBMiakFVX3lxTFA4dWhxSW1xT2lHUkx1SkJGQ25YelU0ZV9SV1hTU1M4YWNkYlI4eEd1UVdTYmJPN0MweWhHUHJGSFdFRnBUcHhnZl80dVp4Sl80Tm5mYWdfcjNWaTg3cUozaG5NMXpyQmc3MkE?oc=5","The Jerusalem Post","Israel","1782795400000"
"Heartbroken Iran exit World Cup amid silver lining of Mexican hospitality","https://news.google.com/rss/articles/CBMitwFBVV95cUxNeVJjbEM0c1M5dl91UmVydlNINndGYklZWm54QjVrYVlSV2NvVXp5RVFWT1J1a1p0NVdtc3ZkVldYZnFmQzFRSHUxQ3JzdTJCUW0tSUNYZXVrOTRGNTVrY3BoNUFaUGlDZlBrQ1lacTVoRkZ3S0gyQnIwdUtscFpKZzlzcjMzMFQ5UDc2eHZ0LVNPX2pqR09iTUtuRVR4ZUFxaGstWVhiU0l1VFlPemM1OTFCdDF3cDTSAbwBQVVfeXFMTncyd0dnSldmV0h4eUJHRXJLVFI4NllnTVJNNGhZcUhRUzFyRmNMamo4Y09aaVFLcWF6Wk4yVzhyZ1lCRDcxY0lralg0QlUzQmc1dGRyNkVSUVd5Y1BTNXhRVFVrYTlvNFQ1ZFB5N2RlWko0a0NicF8tTG5jSXk5Ri1SZHdnQ1hTY3k2X2hIQWtOLXFkb3lILUNOMHhvTUlTbHVJWVk5OGpXazZxTzh6eGNlNW5YVlN1Ui1Tb0g?oc=5","Al Jazeera","Arab","1782794555000"
"Iranian Foreign Ministry: Araqji called his French counterpart and discussed regional and international developments in light of the Memorandum of Understanding","https://news.google.com/rss/articles/CBMibkFVX3lxTE9kdENsMkhOcUdmeERTeUxIaFZpLVJDc19Zajc2d1NhU3dsd3RFMy1SNVZaWmlUb2c2b2dsOW1Ick1nZTFiMG5PUDJYWDAwSzlwY3l2Ni1KMC1ncmszemJMVmdKdTBDRUVlMFpGUVh3?oc=5","CGTN","China","1782792966000"
"Iran prepares largest state funeral in history for slain Ayatollah Ali Khamenei","https://news.google.com/rss/articles/CBMitgFBVV95cUxQVjVwWlB3dHhiV1g4bHZDZVJjTm4za3huY0pud0NTNzJUeklzbEhoZGJDWE0tRGY5ZXp0dk5vaXlrTnk4ckFGT3dvVlBnNkNham1EbjJIQ1RpeTN1SklqbGtfUzM1X0pLT3Z1LUlzM2Z4Z1J6OF9VUURZbXRSeE5EYjFiX3hRdHZBaURjVFNtSlE1M1QtZWppWHByOE41SUhzaEVEUDFEekgyeS12dmZObkJfaVBOQQ?oc=5","Euronews","Europe","1782795641000"
"Gulf states plan to cut the US out of Iran deal","https://news.google.com/rss/articles/CBMinwFBVV95cUxPMVdBM0RtSFJmTC1HdlNsN0JITGowMUdNNVUzbUUzTVNYdm9rTkNMdjlicWg5UkYxN193SUpRMW9iM2VQM3ZsVzdtdVVIMzgzNl9iZk1keGJOaS1iQUNwZFJzZVh4ck1jbmVxZFdHNjZTb1h0X2lIVndJVGdEX0ZvSVlXMjRQSUI0WFdfclR0a0xJNTV3SHFGdEdmbklKS0k?oc=5","The Telegraph","UK","1782795600000"
"Inside Iran’s ‘disaster’ World Cup: Infantino’s ‘offer’ and a home from home in Tijuana","https://news.google.com/rss/articles/CBMimAFBVV95cUxPcmxiOEh3eF94MUFYdzFFd3Q1SkxwUkV5SWdrSWdnc3dTMlhlVThtdnFCUWxHSGdDendFdGk4LVNiM3BjWXY5d2lZZ0x6WEkzYVhNVFlWdlRQN3dMR1BhZG1aQWJaZUZzSzdPRzN3WWhXMTVfSm1TWmJNcnNDU3V6Vi04ajNRMHZHZC1xWnJob1QtNGZqdzNsTA?oc=5","The New York Times","US","1782793719000"
"Watch Mitchell: Hormuz Toll Needs Clarity in US-Iran talks","https://news.google.com/rss/articles/CBMiqgFBVV95cUxNa0NBWVpjRVgxMHlxVjNnNDNjV0lOYkNuMU5LQTNILVVoY29ScEV2WF9zU2d3dGlyeWZpa3Jjc3FMMDRTS25GMnh3dmY3ai1qZEpwUFlKTTN6ZEo5REVXUHh4QnlwRFNEaHpFRHVSTVF3X2dSTFBtdTlWVTRnc0czNnFpdTdMcGFVT2tsbEViM2ZUWnhBMlZHMjV1QWduQ0lTdlZ5NWRJd2M3dw?oc=5","Bloomberg","Global","1782797084000"
"Hormuz Traffic Picks Up as Supertankers Sail Into Persian Gulf","https://news.google.com/rss/articles/CBMiswFBVV95cUxObHRweUpYNVhNNG0yZzI5SVpsWjJPMWt3LVdacW9UX0lySEZ0YVY2MElHT3o5NzU5SGw4Ym1zVmhJUFNWSWxaSzV3OGNVYzgzeUFqTzBxbElXMGdCRGRkcVBiX0x3TS1WZTc1amNWZUd5SGF1Sml2WEJYTXpfN0wxRy05VURGTmZyMjFTcmhEaEF4TWg0SVpOWHpLRlZkZEVzeldDVVlWbnR2T1dWTml5eWplVQ?oc=5","Bloomberg","Global","1782796421000"
"Watch Iran Ratchets Up Talk of Controlling Strait of Hormuz","https://news.google.com/rss/articles/CBMinwFBVV95cUxQaUoxNExObUh5TWtjcEthWHcyQURaak1TS0ZuZ3U2TTNKb0VrNTJrZC11ZUQtS2pQQzZ5dVFla09fNVZpVGI5X1BsUjlhYktKVHBmay0zMXpfVU1oc0dWMzZ0Z29oOXFSLUpTZFQ2aVpBRW9LV3lTUTk0REo5QUMydDRBcGZFaDVwX0M4N29YVENCUHVnUFdfTjJyWWlHVm8?oc=5","Bloomberg","Global","1782794672000"
"Iran’s Oil Money Is Coming Back. Its Main Street Will Have to Wait.","https://news.google.com/rss/articles/CBMiXEFVX3lxTE9GanladXZBUlBod2NpMGdHdk5vVVVETG5nM083Sk5uZnZNd2wxZUlFSFNqRE1PODVxd00xM1U0NGhMZ2h2eWxGX3MzRmtUOVlCLVRiNzRCeG93VzFm?oc=5","The Wall Street Journal","US","1782796148000"
"Meeting with Iran this week 'perhaps' important: Trump","https://news.google.com/rss/articles/CBMikgFBVV95cUxOTzBSMW8zZmxjTzdlVTNaQWNLb0NEUUFNX2wxQ2Y3c3VMaF91WXA4bmxtOFl0TnNaLUdhSnZmS2Nvdmc4WjZkZWY1eHZrZlZtMVdLY2tJQmFUWGJwQUhjcXhpUHloTjQySUI2WEZiSlA4QkRNVnB1ZzM0b3FMcmhqSnROSnRvc1hyZ0F5OWNRdkNod9IBmgFBVV95cUxNR3ZseWppa1o4TDNNOWhVbW81a1lSSGZGS18tdm5FNEQxbXlEWVVLNThDZzcwcUtZeGpOMkdqdWJ5d3BJaHJWeERGVGJHMWlKQ2ZxSVBWeXJndDkzUkJyM0ZGT1VjVWxkMGxpaHI1dFczRkp0ZFdyUFZDWmoxWEk5UFIzcVFDSVF1c1NEdHIyYkNvU2VLRVNHMHR3?oc=5","The Express Tribune","Pakistan","1782797175000"
"What we know: Trump says Doha talks are to take place, but Iran insists no meeting is scheduled","https://news.google.com/rss/articles/CBMi4AFBVV95cUxQNEFuNUhPOHprY25mSUpFcWFHNzBiTE85RGo3X3R4c3dhbVRKV25lMWtINVJjTzBlTlFqUTZCQ2ZJb2NOOVdqUzQyMG9RQXJ5c0Vxbms0U3RYTmEyOU5DT3hUODltUmlrc0p6US1yYVZ5V0JueVlyMjNuUS1VWWhVSUlnaDFnTkVRV0pfS0YzbjUyd1VzdHdtb0lDbmlYX2ppVWZ2LTRzanhHY1d1dmVabXJ1cDY2UGJuNDRjVkptRnI1XzNqbzVZeGpBNHAwWlhNNVNMclVkVTJIYUdkQldHRg?oc=5","The National","Arab","1782796491000"
"Live updates • Report: U.S. Special Envoy Witkoff en route to Doha for Iran talks","https://news.google.com/rss/articles/CBMijAJBVV95cUxNYWZrRnl2YnE3d0tMY3c0U0o0MVc2cUpXU3poU0lZbERWMEJFMEtNamNXaVFpaHBkV2NTVVpMRU1WS0haRXBxNkhJQnlGV1FESElmQjZlSERvSVdMeUZwaGlkUWdxSkwwenZKYk1NMVB5S01KeHhOby1ZM2dYWGFmUTllY0lubXZBSDdJWllWSnN5WkotYXY2NUtfNEN5bFBxd2xqdTNWRHZZOVFBR2ktZ2haY1ZTcGx1MUZqdW5tZUtCZGtwNUtyN3FXdHpucE1WLVM2SUM0MW1BS29yM0otLUlqNTR0REU1cUxvY3RBbmxDNHpjdXBWcHBvVkxIZzRmWHNDam5sczZUazBP?oc=5","Haaretz","Israel","1782796200000"
"War on Iran: Uneasy Truce: US official: US and Iran agree to halt strikes 'for now'","https://news.google.com/rss/articles/CBMieEFVX3lxTFBmaEpSeVdLVXV2YVlKQm5IbGtfckNocDRzanB6dTEyQ1JsdDhyeGhKT2ZjNWp6Si01eWI3RklDbjlWdWZTYTA3RzhTWW1sNHdkMnRLRGZYZlNESWVWeHRSdnI2R01DSXRyY1BXdndnNEpuVWhTVGxEQg?oc=5","CGTN","China","1782798525000"
"Iran, France FMs discuss Islamabad MoU implementation","https://news.google.com/rss/articles/CBMiowFBVV95cUxPaUJralZaVC1sWi1zZmxzWnVyTzd6MXZMdHRQdU1MNy1fcGk1bTVoSkxCOGczSFVzTjZ1V0gyUTVxT1RQNy1manJudmRpU3IwdjNkbkVzT01JeHpFczhkYVVPcVF5dlVXV05WaVIwX29McFJEWnZyRUFXeHpQODVPV1FIemRRa3JpeHQxV1NjOTlna3lKb29jVVJsRVBsS3pqTFdn?oc=5","Press TV","Iran","1782798180000"
"2 revolutionary guards killed in attack by unknown gunmen in western Iran: state media","https://news.google.com/rss/articles/CBMiuwFBVV95cUxPbXQ1YnFqTHJ4UWZWYk5uSWFLem1jclJzcnkwY0JrTkJrVDBadUxldVpDczFlaC1fMnRWQ0p4aEVWbF94N1NGR3RiQUc4Wi01U3BHalVMdU8xaTZISEhWWWFaVHA4OU1qT1RIUXVsN2NfZ09TY21iX0J4SHlpMGNTQzMxYlRFdlM5azN1RkVOeDJZMlFiZVJGazBfeGdpYUdVZm91WXI2UzExVGM0TmFicjFzMmV0TlJmUnc4?oc=5","Dawn","Pakistan","1782797405000"
"How ships are risking ‘safe’ passage through the Strait of Hormuz","https://news.google.com/rss/articles/CBMisgFBVV95cUxQMGN1bG1qN01pamowS1FaR3NhU2RGRWpYUWdILVNhNjV6UWNxWEpSQkhVY0pQdDNQY29lRkNSdWNmVENvVmtlSkNDVE1rT0pvT0V1SEZ4RkVHUGx2T1VVTHJkcnVqS3NpendhQXlhQ2NzMnVJUi1MUHFTSHd4ejBZVkdadTJRdE93YWFSU3JvUF9SSmxzQlh0OUNoSFlydFpnV21GNTFZbExta2NmVlRDZk13?oc=5","France 24","Europe","1782798500000"
"Hormuz half-open: tanker fleet prices in recovery hope","https://news.google.com/rss/articles/CBMiuwFBVV95cUxPZzJHSWZ3UnlJbEcxWjEwN3ExX3dac2Y1eV82MGtNS1RGdUhKMWpSWEhNb3dfZ09JcEVISC12bzR4c09uZVdGZ29BdGJNTkZkZjNRem5HQ3NKNW5SbVNzMzVIRFluM3dqSGNpOUZST01XZmp4UFRXWFFNYVFlemZsOV9ONnhJNmhVd1l4QlB0SlBqTWdUWThEekZJcDNQLURhd25MQ3Z4QkJxM1lXclNLR0Nmei1VVUd5enVn?oc=5","Reuters","Global","1782800040000"
"UAE rail service begins, confusion reigns over US talks and Iran rejects French plan for Strait of Hormuz","https://news.google.com/rss/articles/CBMiigJBVV95cUxNeXVlZDZKaDBNOFlRS1RCUHg0eUgzMWxRTUwtYXI2ZzFZMzMtc1V6S0luRmx6ZVRIRzVOcjVQMjdSb0lGOEUzS0xhN2xHQWtiNXdfTjBrVHEyWVpZR1gyWFlPdlhJS2FYVTc3M09QOHE3QXNrdUREMVFqNGFPYU01cUlaRWJjMmpYUDc0VlYzMmdSaC05c04zV3NOYzI2U1BsTEZhREViTHhUMHhEVVJyTlB3UTBzcVFKeHdIT0FiOElsSnFqUHZqUUUxTEoxTk85dXlHeEloWU52RF83elpuTXZIcGtESHVpeWVXR3ZrNEJ0UXM2bGh2ZV9iSjR5dnlrektnX29qUHdOQQ?oc=5","The National","Arab","1782800764000"
"Two IRGC servicemen martyred, two others wounded in terror attack in western Iran","https://news.google.com/rss/articles/CBMirgFBVV95cUxQX1NTNm5iak5CQ01DN0dSZGdTUGw2U2xvMTRxVFA1cGU5VmxQaURIRVB1aHBiQ3p0cllCeF84SlMtOFk0R01qNVlMYzh5REhRbTh3NkpYa0JtZlJMRHptbW9qNHVueTdhVnRuUnVjd05sS29MWE1Fd2EteElCTWZwZnVpazlKMDU3MHdta2xGdFAzTFFmUU1tRFV2UXk5UVFKNkt4VmhMOFZNekRiMGc?oc=5","Press TV","Iran","1782799920000"
"Oil falls as investors focus on potential Iran-US talks in Doha","https://news.google.com/rss/articles/CBMiogFBVV95cUxNamhjbUVqX0lWaDFsaFpTY3JQM3RzZHJIMGRBRUxQNjJfUXZ4b2VteDFyZEZvVmZnVnRnMWtzc1IyQ2tqMkh0ZVo0WXFteEJtN2lpT3Q0MV9Zc0plakJ6MGdpZHZ6Q3pyVFZmaUVJMjEzS29xR01VZXBjNVlkeWlDVjRMV2FUbjJRbGMtRDZRczYyVFl6OFdzclhRcWw1YVM4X1HSAaoBQVVfeXFMTk1EWGY2clUybUQ2UzdHZTdXcEhYa2R3Uk9tRVFTcUZsUG8xUlh2SWdFSnVNc3J1N3d1dFBRSGREQlF3MWpsTl8xbzl5Y0xwMGl1bjQtVTZoRFdnelU2LWFnaXFQa0RSaXQ3bHdWRjRfSW9ncERSLWZXcEJZMWNJUDFjNnE0eGFhSUlpODlFcDBKWHhxMXBXTE03VzF3MUowR0lIZ19Pcm9jSkE?oc=5","The Express Tribune","Pakistan","1782799875000"
"Gunmen kill two IRGC members in attack claimed by little-known armed group","https://news.google.com/rss/articles/CBMixwFBVV95cUxOd3VMSlNlcjdGU0huQ3VoVTd2U0pTa3VLY3VvOFNrUnQteHRPT1NFeV9FNVFJSzhEUF9FdDdKNFBoMll1VG1TYlBYRkU4VzAycE9zeUVJMXhWdWpELTZ1R1NkWVZDTWZMWUR3UlRsakpDbDhMYW8zLXVzaWZoQ1pNQTlMS1lLeEdLZVE1d2x5Nm4tdDV3eXQyUVhRSGJ5a3FFOXRtYXlDRFl2RlBfaG16d0pXTE1DMGprVU1XZWdsSmJyR0hJQThz?oc=5","The National","Arab","1782799763000"
"US and Iran negotiators head to Doha, but meeting uncertain","https://news.google.com/rss/articles/CBMitwFBVV95cUxNaXZsNnloUG1ZZjdvdnhkYUpWYzNMSmNoWmdGVWZPamtGMU1ScWJ1cnd0NFVGS0xLZHhKaHVGLWxKbm5yRkVpazlzajJTbk9qd3B3QkdScUs2RGRIVHU3ZmJHRGxJc3BvUFBrcHRsRXFUQVZUSlk3YmhiZTBzOVctVUlfVERFbzkyTEhTUFBjTHRZVnNsczB6RUQwNkEzUHkzMVNRV1lQbVJobXNOSEE2bEV5TDFvZWPSAbwBQVVfeXFMTXhfdUN2SmE4ZmJFX2NMNzNqNnJnM2Y1M1Z2M3lnODVwaC01UGlLOHY0NlZmSzdSQkNQdl9MZW5kMDlrYXRNdzBZVE9scFdMbjcyNEw0dlFSbHBXd3JvWXI0T3JtRmF0U05PS2VQSnE1OTgzczg5dmdEaUc2dENFNjZKdDJPZlBSOG5XWjhhd1BLdWE0N2FnR09RU3dSN05lVUZDQ2xnb1VLSm1ab3V5Y0hxMmlSek1qMmdFZm4?oc=5","Al Arabiya","Arab","1782797700000"
"Two Revolutionary Guards Killed in Attack by Unknown Gunmen in Western Iran","https://news.google.com/rss/articles/CBMiqwFBVV95cUxOeEdNdW9QYW5FbmNKWHp2ZTg2dDZreGhONG1ndEhlck8tdVE1M2E3UmhNYXg4cG5aTURBZ0FXSHliWFJlNnpCbVV6OTZPZWcyUlA4OW0wMlJjZUJkSW5uMjRFQk1nVGkzVnBwVzgtcmpBWGlqZEViRjVNYUkxaGpMVGhwdUthRUdzVnpvX0RkdUhDUno5d1I0cjA2M3l3ZHhHbXVNUWkzc3oxNWM?oc=5","Asharq Al-Awsat","Arab","1782802398000"
"What is Iran looking for in any upcoming talks with the US?","https://news.google.com/rss/articles/CBMioAFBVV95cUxOQ185TVp5cmxBQW8takNHT3Q5R2RsQ2pnVDE3UTJzNDN5MnVicEVfUGdxNnVKbG00WFVjRVJweU5pUDJaa2Z5MDJpZ1ZzOHhDQUhTeTdyRWJIZUlRbFRkbzJ3eEx6aTZEYTc4Tm1pODBwMk5OTFVFY1puXzVSU2twbUx2WmRZN29TeXVzWG41TnpSYkE3aTdibl83WG5iUGp10gGmAUFVX3lxTE11YWJaRmEtN0NJV1lYb1hwUm1jT3dIYzNaVGVFVkFmVnZfb1czT1o1UDdXWkxoZUVvb083Y1RxVjVGQU13NjlmalhULWNXR19iaHdPREpkOTBBZUM3b2ttMFREZzJCbk1wMVBlY3FMcXRydFBxeEpLcHVoS1BNWkEtVU9kdFFmY1dNRUpGVWhNTmVVMkpHNndfeDRGZ1FmaXgtcGlrY2c?oc=5","Al Jazeera","Arab","1782801509000"
"DHS secretary celebrates Iran’s exit from World Cup with ‘happy dance’","https://news.google.com/rss/articles/CBMiswFBVV95cUxNaFdnWkNOVjJKWkxWbTFWWTRMdWFGM2MwRDZPYkNGeEo5eGM1WlNMeHpKdGc4YXgxczVBMEU1R2UwRi1YMHEtVjR2dVJ1WXBPdHdvX08yMVJNWUNEdFpkbzdxM2hEdTJtLUNiRXpNSWZfckoxc2pRTGVzTUYtREFtRVdJUkxwTmNjcWhBQjMxTFJoNV9iTDhUejB6bTJOM0hvMmNsNUpWZldtbU5OdElFc1ozVQ?oc=5","The Times of Israel","Israel","1782801005000"
"India Plans to Add Strategic Fuel Reserves After Iran War Shock","https://news.google.com/rss/articles/CBMitAFBVV95cUxQamRGWl91TEhFWFdhNmJpTzRKMDRPQnNJeUlVUGxZQ1oxakl5ZDE5cE1RVXA0a19adUQ4bWY0N1FMQmtPY2ZhRjZuWlpmeUkwLUZfWXlMeUxKcUFsUXo3bFBmdlQzdzFtUTllWGFUdmtwaTRlaWJIaXB0UllmdU5iN2Z2Z3plckdRUXZpZVdIbnRsQjhUZnJVMjN1dXZwNDJVREhJMXJvMnZuRUhWbkl3TVBGU2E?oc=5","Bloomberg","Global","1782801780000"
"Shell Warns Global LNG Supply Could Contract if Strait of Hormuz Disruption Continues","https://news.google.com/rss/articles/CBMi2gFBVV95cUxOeUlZZE1iMnpTV0FxaEE4QWlKUGVnbEVZeldCM3l1TUgwTFNvanFKV2Yxd1VWb3NuSUg5MHJVcHdBZWQxTDRDMUJsa2Y5ZnBqbGxZNm1yQlpGUGluazdqQS02V3B1QnRzWDE1VWJVUWI1ZGhVeUVuMlM1X0hKeVJQMmV2VUNVZmpIckpobmUwSHVyYjdLR2kwdzExWER4UnQ2cDVLNnZpS3dHRjNfTmJDN0pzVzcweGJ2NU5nWFh2X25JVnB5WXJ4T3dnLXd3NmhiVEhJUEU5Rnp1QQ?oc=5","The Wall Street Journal","US","1782803100000"
"Sainsbury’s Posts Sales Growth But Warns of Iran War Uncertainty","https://news.google.com/rss/articles/CBMirAFBVV95cUxQXy1QNWVOcVN5NW1yY1NLS2Q1Y0FXRzNSLV9NMlRjdjAxS1JkaC1fS2hhVmlSVUFiaWJPUllSMTB6a0IzT093RUlBdEdtbFZkRWlHNmZVak4xWTE3OUhiTjJpVlNRam1sZEEyX2c5SWtZaXhWVkpkcjFIa09QX18tekx2Y2hSRWRhR2hBWk11N25wQThxVF81enR0MEQta2xKYUNjZW1NbW0zVjFj?oc=5","The Wall Street Journal","US","1782802140000"
"Sainsbury’s says sales encouraging but impact of Iran war still ‘uncertain’","https://news.google.com/rss/articles/CBMirgFBVV95cUxNWGgtTDRaMVJVRDZ1bTBieGZ3QXppR0FSc0I2UE1Pbm1RbkdLQXYwY1pHVmlWMDRoQ2JseDY1Rm1hZllCYV9BbVpzTjdqVFJBWGtfaGR0eEZ3U0pqYWtmYy10MFdoakFOeWk0RVFZSmJHenlwanRldktlNU1kb0F6eHBwbWZhVC1CaDNJQ01iSDF1dHNRSFNmeEZnd3lBYkNodkpJdDd5Q0k5QmFzaVE?oc=5","The Independent","UK","1782801660000"
"Middle East: Trump announces new Doha talks, Iran demurs","https://news.google.com/rss/articles/CBMilAFBVV95cUxOVVpYb3BhN3U1MDY5cnZCTlZwYVhZVzNtbEw0RDhiUHZXYzlkS3lremNKS2UzV0FmMGpXVVM4N2VBd0RsS1diNWZtRzk4c1o3aW8yVGVNS3ZaSlEzUVBMT2laN2dPNHhNekVQZlYyVFpjZXNwVjJBR2p4VktPc3pNa3JTajh1OEVmcENkaEVZM0VnWUt3?oc=5","DW","Europe","1782803749000"
"Iran war turns Asia toward diversifying energy supplies, undermining climate goals","https://news.google.com/rss/articles/CBMingFBVV95cUxOMXdFQ1VaUGlPaS0zYXFxOXFfTG5RcVRNVzg5Q0NuUXZES3QzbkV2ZmlrZVF1ckcxYXpzem84SE9uTEU1X0l2NFNobEFQVEpzcFNUdml2YVFJQUh2WVF0NGNCeUxMNWtkNXVFd3Q2T0JkdUZiM1dTelVhR21TV1JZNElhWDhqOE02TExWcC1fbTVtV3d2c1ljcldQdURyZw?oc=5","Associated Press","Global","1782803220000"
"SNB Intervened to Halt Rush for Franc at Iran War Outbreak","https://news.google.com/rss/articles/CBMirgFBVV95cUxOY1Ixd09WTDE4NEVSMldnYkgzRURrbGpGTk4tYldBNjlZSjE3dWlnSkRBck5GeHNycDdxUzR6Uk1VOHVVc1dBTFFiYjVJRFduUXNDNUpyM3JZQ3JUdHlmeGlwMTlRSml4Vi1udWVscWdHemhLRlg1bHpGZ0F6Slk5N2x0U0EtcF9WR1dReWhRSV9LY3l6OE1KcVM3YllVczVxNDA3TU1SOWIyOXpzT1E?oc=5","Bloomberg","Global","1782802985000"
"Shell Sees LNG Trade Flat in 2026 as Hormuz Chokes Supply","https://news.google.com/rss/articles/CBMiwwFBVV95cUxOdTI1d0dpcFZNSEM1OTM0ZnZOTjhyVnhId0YtajVSWXNXY3RmdWRwZ1JYeEhZSzloYTdZTW9USS1BbHh6VWFrRFlhZUJpcTRFNl9qZ1pHQ0FvekJycDVKRkNDSFo1S2lvSy01MkQyLVJ4OUwydXFYSklCclJBQU5Nb0xFdFlFdVdjeTF4cDdmQk5INzY3a0dfcU8tWGdCVW1yYng5eHdvM0FWdnJuOXdaQlhjVmU3dk1xalowdHp2Vl9mZFk?oc=5","Bloomberg","Global","1782802800000"
"Iran war turns Asia toward diversifying energy supplies, undermining climate goals","https://news.google.com/rss/articles/CBMinwFBVV95cUxQRlEtdHBrbUVtM2pON3g0OFFuZU1KQUdJZzJlN1FZclpKMVd1dzZrYVBXbG1YZENpR2wwS2J0QnNRUjNLYkJ6YXhhYWY1Q3Z4MlJTUFJlaDBmdU92ZFVsRWdUWHlId2M1S0dLRU13Z1BscDZFQ3UtdkdkUUxtYmFwRWVVejhkU0tXdVQ0S0VDclp6dzBJb0NwVjRERUoxUDg?oc=5","The Independent","UK","1782803220000"
"U.S. and Iran Negotiators Head to Doha, as High-level Talks Remain Uncertain","https://news.google.com/rss/articles/CBMiiwJBVV95cUxPYzJnWVFnanFFd25IUE9RQWJTdHlIY0lPOGEzdHFFUlEtbnZvS3JSSlVsVGlxN25EaWo0ZWZ6cTRtUFRuYVEwUVR1bEFCYjVtYUNyOEllVXpWcVJjTkRTeEN2Mk1PVjdTc2pvMjMtZUF3OFJDa2hKeFdjSk5rZmNId1lobnI5cVgxcU9xa29rRm92WWMyUDdZV3lzRTNMMUdoN05lLUsyWXNyZjNxSW9TSC1yenJETGZUMzdrc1dmVHdVZVFuTnNvQmFsZHIxMFRTMkFmd2tMZDZsT2txeW80SHN4WmNwalFtRVVjMkR3Qlh5LWdnM1VzM3ZJRlZOYlRQbDBpVnVxOEpIVHc?oc=5","Haaretz","Israel","1782803340000"
"2026 World Cup: Iran prepares to depart Mexico after warm welcome in Tijuana","https://news.google.com/rss/articles/CBMihwFBVV95cUxOeC1OQnk0QnAzRnRiQWowZlQybjQtS3BFbXNmZTdOR3E2TDd6bzNDNjlqZV9mbm5nQUFOV1hXR21OVXB2NkpuX2N4Y2t3eHZ3OGdZV0lRLWtsRTlkOVl4M2pGOVVwaFdrWExRT185ZmJfU245cGRRWHlPcE5KRlF6YW9Md1ZzbDg?oc=5","Press TV","Iran","1782802740000"
"‘Terrorists’ Shoot Dead Two Guards Members in Iran, Says State Media","https://news.google.com/rss/articles/CBMivgFBVV95cUxQZzREOHB6NmRkaFJWOXhNVWNFNWRRRHB4ejRWUllmVkZkMERDZUhtQ3dwazBNUlN3MHFLSG1wV2l2eHhuRHZGeThzVGtraEhvc2lpenJxMFpGdkdFcEw0MWV6QU1kdkh5alFGVnNKVU5aYnhUdXhQd2ljRmVPMEFfZ04ycWpJUTZZUzFvZ2E5dUNOZXNnWEdGMk1sR2IxV3JsRUUwNWsza2N6S0FtNllTdVctOFhiMGlDeXVsYlB3?oc=5","Asharq Al-Awsat","Arab","1782806298000"
"‘Terrorists’ shoot dead two Guards members in Iran — state media","https://news.google.com/rss/articles/CBMiqgFBVV95cUxNSDgxQ3hJaC1mbS1pQlAtSTY2VGs1NTRhSXNQRzJHYl9BclFJOVo5TjlmTnNpd2NfVGdGcGF5QWZjVHFzbDFPbU44UTdIZjZOY3UzVlVfZ1d1dzBCZWdfdktDMk44ekEyU1JNdTFzcUJZRkcyWXpNaF92cXItSE1IMXBrdzN1aFI2ZU51UWdKcnZ4YmpLMVZESlBDWUlILWNzUTlpRTVFZGVGUQ?oc=5","The Times of Israel","Israel","1782806105000"
"PHOTOS: Iranian FM Araghchi visits martyrs' exhibition in Tehran","https://news.google.com/rss/articles/CBMinAFBVV95cUxQRWlNVkRaUWVLUXJ2MThQSkxDS0tXWW96Wk9pQ1VKYUVVNGJsVi1wU2hERVJIeU9OSnJBSEFNZ01Ya25OUUpCQ3p0RlYyS0ZXR0NpODRBMTNNXzJPZ3dkZ0NfVldLRzNqVmVQd01lVlI0Q3hhdWtuRW5iN3BkTHJCNHhldkxEUHU0R3duNXN2SmFoeHVVU2VULWtuSmk?oc=5","Dawn","Pakistan","1782805380000"
"DHS secretary celebrates Iran’s exit from World Cup with ‘happy dance’","https://news.google.com/rss/articles/CBMiuAFBVV95cUxNSnhwNVJBWUozLTFQSmdRQzN5X2dJbDE2MnZPMmppSXZIQzJkcm1MMkZ1ZmpoZ3J1UDREX213Z0lvWVZvY3VQcDFLUWFfX0Q4UkN6UGJQX052cXhOQV9uNWY0dG9NektfSHlmWk8tTm1RMWRuZFgyanYzU2t5UG0yU3ptTXhpWjBUSmIxX1hmSHB0SGRGcTY1eDNKVWJ2M3NKUDNrWUZmTWx2SlF0M3ZDemNxRUtlTHZ30gG-AUFVX3lxTE4ydmU5UmllaExSc08zelhXZmdoMEJwd0tHWml1c0Nta09YblhpYVR5enVJcW9mc0tPUHlJZGlzQmhEZ1RRZW02ZnREa01ia0RmREMydWYwSkd3X0xONDlYd1NzZXZhQlg5VTlYSHJlTWJFNUdwelB0VUw1dm1pdUlmRXEtQkJOdm1GVF9fR3E3YmdaZHIydFpvWEwtMk9ZaHRERWp2amF2YUZGaE4wdzlRVS1QMlNyRHFrV1ZYalE?oc=5","Al Arabiya","Arab","1782804780000"
"Oman says responsibility for Hormuz demining ‘primarily rests with Iran’","https://news.google.com/rss/articles/CBMipwFBVV95cUxPOWFMemxPYXFXLW04U29HQmRzWV9DVmx6Z2xMRWVMNzh1TmpmczFxay0zV004U0ZBM3Y3OV84R1JqeHlHNjA4cC1fTnF5U2hNcmExOUVZTy1vOXBjam05RnIzMzNpdVpxM19ZMnU4d3hHXzJONG5zdGdkOXNaNmM4bDhhYjlQOUdhOXVCV0xubkJUWUVvcVdpeHFkMFlDTmc0MmtkbDVGTQ?oc=5","Dawn","Pakistan","1782803729000"
"World Cup 2026: USA security chief Markwayne Mullin 'danced a happy dance' after Iran exit","https://news.google.com/rss/articles/CBMiZ0FVX3lxTE5VSWdHa0JMSjVoOWlHRHFoZXFNamxJWjZIWFlfN2tVRmN4eWEtQUFiQWlWS1JYVk14Q19vMjByNENGXy1TYUpYNmFwVFJOWmhfbkZkVHRLbDZXM0hNOFVJMWxBS0FEenc?oc=5","BBC","Global","1782805666000"
"Sainsbury’s buoyed by grocery sales as impact of Iran war still ‘uncertain’","https://news.google.com/rss/articles/CBMijwFBVV95cUxNbndTaVlkS1cxSC1VVHBUMTB3b25EaUVhVnVYWjQzaWZ5SVVlcEh2bGdReGhxWGRNcko3ZkhueEhDajdHTGV6Qmh1eF9qbGRMX05MajA3LV9mbGFSbHdGeXdTVUJUYjJPVXZPN19OR0JKVzJfQ2F2cmtoVExOUGVjSXpCQnc5Mjg3emZQRkxGWQ?oc=5","The Independent","UK","1782805500000"
"Morgan Stanley cuts Brent price view as Hormuz flows recover, flags 2027 surplus","https://news.google.com/rss/articles/CBMixwFBVV95cUxQaU4wSjVIczhkXzZ2Nzd4Uk1pYUhfOVZnMzF5cTNKQ09YeFE0WXRBWHNFd2c1ME04aEJ1blQ0N0VZZ0pqZ1F6U2VLMnAzbFVaMFJGUjJIdUJXSG5HRGltRnJBUmM4SFNlOXgyVVBYRDJJckI5ZkdmUkxiTGpyaGRBS1ByUnF1N0VpZ1pSSUtEaDAySUNoZjQ5RGlzUEplc0czVzM4NWp3cVVtQWxvcUVkenZYcXZEc3FFckNYeENmMU9UMTBVSmJr?oc=5","Reuters","Global","1782806558000"
"Donald Trump ally celebrates Iran’s World Cup exit with ‘happy dance’","https://news.google.com/rss/articles/CBMirAFBVV95cUxOdFc4cFR5cmhHVTRTOW12TVZJWnVZanBQWHhmVlZ0S3p1ekFEbE1td2xPLW51azJLWmlPTXNfcVN2WUp6NEZSMnBoYkVaVWZmQS1zZnpBTW1jUXZiUHZVTG0zZUp6LW5PZUVjWnNZU3A2SnItLVZ1YWduLXE4N05Hd09lMEVQRWhZUXF1TGt4VVRKN25MQUNtQVZaU2pvRXRoS3dYcWVxMFZZSm5m?oc=5","The Telegraph","UK","1782807000000"
"Kurdish PJAK rebels clash with IRGC in major border escalation","https://news.google.com/rss/articles/CBMiakFVX3lxTFA1VlFqNmVXWVpFbjRFeFI0a3A3NWRDUVMwNWprcEVjQUREUnlMMUpMMDYzYk90dXNrSldrWHh1aU9GWTRpcy1jZnNRN3lQdnJ1OGEycjllS0FLSTg0MlRqNGtLdXlZWE9sMXc?oc=5","The Jerusalem Post","Israel","1782807761000"
"The Golden Route Reboot: How the Hormuz Crisis Birthed IMEC 2.0","https://news.google.com/rss/articles/CBMimwFBVV95cUxPa0FBNzhmT2FSRFRmSm5heTRxWkdJOVNJcDduYlVvUnU4cGhkZ25RcWo5NDN1aUZKY2dVV1RKeDlIclpFeF8xb2ZLSHYydHdEOXpOZHNJUFNpUHNpWnZZWFc3N3lTUTNKSHpfd1ZvbmNZUUZ6SDFqNzU2WEtEMS1DZHladlpMOGhiLXFlTEFyd3JKQ2dJZjFyaDVFYw?oc=5","The Times of Israel","Israel","1782807180000"
"UK Economy Grows as Expected before Iran War Impact","https://news.google.com/rss/articles/CBMijgFBVV95cUxNaG5CdmZSYnU1QVh2STB0UzdVMUNHc3J5Y3NSOXhEd3J0cjU5NVo5X09tSGhYTHBRNU9Ec0xudmVRR3pGMWN1bjZSUkVrQ284dDVpT0pmelViMVVRTkFkVmtaeHFxeVR2SktRNnl4WVpNTlJqbmVHN29ab2xmNjhLT2lVdHFiMFJubThWTXlR?oc=5","Asharq Al-Awsat","Arab","1782807054000"
"US homeland security chief celebrates Iran’s World Cup exit","https://news.google.com/rss/articles/CBMiUkFVX3lxTE5YeWxuU0MyaWgybl9ZUHJyazA0ak80VlMzeWRKNHYzRWVDMXhiVGUwNTRvQnV6U3pDdk9vS2JWeDEtMXpBTjJCZWtxR0NzVkM5elE?oc=5","The Jerusalem Post","Israel","1782806445000"
"Years to build, a moment to destroy': US and Israeli air campaign devastates some of Iran's most cherished monuments","https://news.google.com/rss/articles/CBMi3wFBVV95cUxONXF1T3cxRWs3XzFwOXZhNnJzWjNIdHNlLXc3NVJZd1Q2UThVb1JWek1XUUI4alhaRE1PTENHanM3UG5raEZvR2dpLVAzNlZGcFR4Z3RqaVhRRFFfUHVZZTExQ29XVzV6a0pJMWZMQmRkTkM5SnBZODNHZmVhaUhJZGJ0amdhai1xRFdXODBzMDJyNVlNejVfY1FBeDJSWXRKbjR4aXhFNk1uRUh1SUIxaHFhMlgtakxGd2xNLWltVG9RNDlXYzVUbXN6X2hkQ0IwMzVOUUJhdHZlZjhBV2pz?oc=5","Dawn","Pakistan","1782805869000"
"Two IRGC members shot dead in Iran: State media","https://news.google.com/rss/articles/CBMipwFBVV95cUxOc25vak5QckJlaEJ3QWdIZE02MnF3dFY4aGF6R1dNV0FiWU1xU040QmV4RVhlTjJhazlITjl5Und1SHdiYWE1TUpadnhwTlE4bldTWjJKYWZGNkRrOE9DYkh0Rm1tWllrQ19oQVNkeFJXRVBRdllScUxiRG9Zd0dQYkxtLU5ZQUpwOTFIQ1lfTW1QSWpaSXFBOXlvWnJPX3Z6OHhSY09Mb9IBrAFBVV95cUxPcXE5S09GNDdqNkc3U1FlM1owWGxoaDJWNGJQaG5FOUtwQ3J2ajNvai1qZURabWxva1VuVDJwR0d1T0xqTXdQYk9IZ01lLVBpYWRXZU9UekpydWt5MmIzZTVjMGlsdkdIUFJWQ3hhc2pwN2xqQlFfS0J3aDlTcFdxWUNEVVh4NVdYcWRoQnpUbU1IVGRNdkFBczRNMURYRlo1QzFPOEp5RGl1SW80?oc=5","Al Arabiya","Arab","1782805860000"
"Management of Strait of Hormuz solely Iran’s responsibility: Senior MP","https://news.google.com/rss/articles/CBMivgFBVV95cUxQd1ozNDZqemx4VmpnbkprMndzREJNU1o2RmlNWmlDWEZWMWRRLWVhTHU0V3FaRFpsOHdhWGRMWVZ5bHJGTzJqREFrdlZRZzRBN1NGVzBMWGdmMDJlZGJGQzh3V1dlQXg1d1hScWNILTg1cm15TnN5aHl6MUFQZE1RT1Q1T2xsN05VWUxRSXpFeXEyVUJXblRHeFV3THJKWllsaVR4YXZPTng5d01SUHlHN2lFd1dWY2YyWjV3dW1R?oc=5","Press TV","Iran","1782809280000"
"READ: Vance vs Rubio: Is Team Trump divided on Iran and Lebanon?","https://news.google.com/rss/articles/CBMimwFBVV95cUxOd3JYN1hhZlhRTjFLZmVFaXBOdE43d3JPczB5TGRlRnRZemNxdDBQR3NnMThEVGtPM1ZhVTQxUGxmZ3NIWUE4aG1UbzJNSk5pc3VULU5ib08weUY1enBXdk56M0t0aEZSc0ZkSk5Kd1BlTjBneGIzTjlKRlFjYVBzYS16dy11XzY4NmFOdDhSUndnSFhPdWVJOTN6OA?oc=5","Dawn","Pakistan","1782807283000"
"Iran’s leverage over Strait of Hormuz snarls Trump’s push for a deal","https://news.google.com/rss/articles/CBMiogFBVV95cUxOZ1NVSUdldGtJbzRleXBNU2JlNVBCOUlmNXNlcVBVWmFvY1BlQl9TM2RROTJrZDRhbGVIYXpKQXdRLUwxVUpoWmJtWTJ1Q1RHdlFGUndibXN5TGpKbEJEZGJKSkRZNFZPdWo3R1ladmZnUFZMRUhfdFNUc2FidjV3Y1RUVWJONFFyUHh1MWFjMzdNZjdaS0h0T1JHYWJvSkhiVFE?oc=5","The Washington Post","US","1782810359000"
"Trump's ""Swiss Army"" tools on Iran: Vance and Rubio","https://news.google.com/rss/articles/CBMibEFVX3lxTE1GTTVTYUIyc3kybTFNNXdRRnczUENRRVRzYm42Q0JRSTM2YmRwd0xWWUdWRTRQR0tRdG1WYnZhSkVwdVhYR2lINGkxWHQweVh0UjZzLWc5SGQtZGRLM0RTWEt3Y3RlZGtGQmRGWQ?oc=5","Axios","US","1782810082000"
"Trump again demands gas retailers drop price after Iran war he started sent prices soaring","https://news.google.com/rss/articles/CBMiowFBVV95cUxQN0Y4dC12bnFHQmM3UTdJYWJ1dEpBbDhubF8yUmJGRmlkUnA5SWRzMWU3WFliQ1hGOG9rT1ppc05lVDM1UUxzWkRJUWVfT01ieGRQREJmYnVseElJSURhMjNad3RmRWNLb2wwNUJHcG4tRzM2MjVITlgzdEJJTDhaOTlIeE9KTkJsUkJudUwybTBvVW9zWVY0N01mRTktb2Q5V0xN?oc=5","The Independent","UK","1782809160000"
"Iran Talks of Controlling Hormuz, Housing Bill in Limbo, More","https://news.google.com/rss/articles/CBMiqwFBVV95cUxPQXU2dHZ6U2o1Nl96TUJlaXd2QVF6U2FUY1ZNNmtRN2o0bTJ4SW1iQkxsLVdVaGREZTY1QWZoRnFhM0Z2TzM2bDZJY0YtWThXOFdRekhPVEhVSmNIdVhnY1FiTkJWdjYtOGROeElxX2VCellIenJJcFQ0bmVmVVNFdlladVdSdG1rSnp6cEV1VUgwOUdaLUZXTWVZRFp0bWhNc2hIcTRDS1YtbFU?oc=5","Bloomberg","Global","1782811744000"
"Oil Prices Hold Steady as Iran and U.S. Prepare for Talks","https://news.google.com/rss/articles/CBMid0FVX3lxTE1QaFZFVTVZM2xSY2RsbU9wSkVmclcybWhJZWxDYkxaYVhFMDRFQVc0RXcxdGZOUjA5TnZ0UzNYSVpPWi1xRTRiSmJzalk4LUdzVkIwTXhJWVNIY2dBUXI5YlJRSlk4dGQyR2VxVXVrZWROR0pFVXJF?oc=5","The New York Times","US","1782811449000"
"Lower oil prices after US-Iran accord to support Pakistan inflation outlook — report","https://news.google.com/rss/articles/CBMiWkFVX3lxTE42YTkzQnZ1OTB1Qlp1UWNZTGQyZm1jemhEc2p3cHp3azlxaVBtQzkyOEE3czB2VHZDdVpjUWZqRzVmMUlnM1hrdWJQM1ZQeHgxMXhLRS1kYkdVZw?oc=5","Arab News","Arab","1782808998000"
"US and Iran negotiators head to Doha, but meeting uncertain","https://news.google.com/rss/articles/CBMimwFBVV95cUxPaUN1em5MQm0yN0oyaktQd0hrcndMbmVTZjBFbFBCYlN6ZHprOTZOelFNNTVEZnJmSmw0VkItVC1kWWFIMENUTXlpZ0V2ejdxeWxZeEh2SDVyenRFeUR6NWQybEhmR25jc0FEa2k1amdWWFBHLXJVYXF3QkxZOVJhRm9oano2OW5UZUV2VjFlQzVyNDlyTExWb1c4TdIBowFBVV95cUxQSFFla3E0R0RscENFb3RoS1NTOFV3ZlVaRjczMF9Ea3E3WERRWm1EZXI0R3NtLW1tZHlKM1FHRVFQUVUzM1N4RHFLMFZqbllaam1IMU5keUhjcHFSMW9KX0hkVmJYVnVBemRrRHVNbVNaNVppNEZfZUplQlJ1Z1huQWN3VUZnSDlYS2E2NkludHU2aFpLcHE4RmI3LTlwSHVhLTg4?oc=5","The Express Tribune","Pakistan","1782812700000"
"President Pezeshkian says Iran will not 'back down' from rights of its people, national interests","https://news.google.com/rss/articles/CBMixwFBVV95cUxOMFFmcjZYUDJGTTFEOUJoOExWcS1yXzlrLUd1WHdRMkJucGZERHpoVHloMzczclBGU25WZXpCODVqSmlXTGM4WWZqX3g3LUVDQWxmTDhHNW55UTVEN0o4ZWhLSlExQndmSU5PcVZMWEtCWTA4R2J4ZWIxNU92cWVaR2ptYk5yX0lDNWRXNEN3a2lISHVBT0lEdDRpeDYtcmJyUDEyM3VjTHIzRDN0MXRJTVdlTWtFY0N5b0lGUUZ1dm1aV3h0RTdZ?oc=5","Dawn","Pakistan","1782811409000"
"SEE: The current status of the US-Iran peace MoU","https://news.google.com/rss/articles/CBMiiAFBVV95cUxOMG5vc3JLandlWGUtODNhVW42ZmlWSVBCek4xVks5NnVxLTYzSzNOT2ZIeWpXbzFyM3RhS2dsYU9DMEY4a3FwMTlqMnNlUzFBQlFld3RtN1NWc1owLUxRd29yRXZ1eFBGaDF4RlUtSm9aWTAtWXN5RElNYUhoRElOY1ZNTXNndC1I?oc=5","Dawn","Pakistan","1782810252000"
"Two Revolutionary Guards members killed by gunmen in western Iran","https://news.google.com/rss/articles/CBMivgFBVV95cUxNdmdINWVBU0ZneHJ2ZE5HZl9lcUROd3VtWjlZVDVBQTVlNy05RDdQamcxZFliMFo1S2NCM1phcFVkX01XcVR5djZDNUZwUUhlczdOTUs2N3VtRjNpOEwwb3FQY0tmUFJuMkVzRzZJSzJpa2NkVmRlNXdZU01ta1JudWVmbFppUUZkQ2d5c29vV0w5ZHFxOFN6VnpzMGozTFpxdzI5QnpReG5aSF9CbUQ3MG8taDVLZTJXbjFlQzF3?oc=5","Reuters","Global","1782812890000"
"Bloomberg Daybreak: Iran Talks and Hormuz","https://news.google.com/rss/articles/CBMinAFBVV95cUxOSXh2eXFMbnV4bmpfUm9Iazk4YWJRV3hqMGkyeXcyNndrMGpDNDR0WmN4VnRTbWRNYXZpcWM4b21JYk5iR3dmVUlWck9oMHk3S3pESndDRHFNOUNBU09FZ255T1haVHg5MERTNGV6RThUVTNYZ3VUUjdDdFQ4MHVhWnlsbEpaRXJocUlMWUhLRnpKb1FYMS1HSklyZ04?oc=5","Bloomberg","Global","1782812515000"
"Trump envoys sent to Qatar for peace talks – but Iran says they’re not happening","https://news.google.com/rss/articles/CBMingFBVV95cUxOMkhQYU9Sam41NGFnOHNURXQ0eXRhVnFzcUFBMGFDeU00X0EtZ2staXVLQnU1TnRVc2NvWHY3b3BmdDN3WmtHcW9xZ2ZHY0RkQ1Q2dWRzUk9xdEszZGRvUGV5SlhzWXlGUU9ZZnlFRVVOeEFCVXV2dXAtdDVDQVZYM013XzMzOHJZSGZ1WFNwblFFY2FzeW9rb1liMGtWQQ?oc=5","The Independent","UK","1782813300000"
"Shipping Traffic in Strait of Hormuz Picks Up Again","https://news.google.com/rss/articles/CBMigwFBVV95cUxQQTd0QVRXbkw5eEstWW0taTJKbC1QMC1WTkhtVDMtdkJTUU4wZS13Yk1UWTNVTW0wZXM2Uzg0S1JsQXhlV1NOcWdQQzg3a0p5SWxnaUZxaW5RQkRnVWxiZ1dzZzVySEg1TktpQzMxb2czYnQzWkpYNzdvVW5fVXo2elJIWQ?oc=5","The New York Times","US","1782811566000"
"Iran Wants Hormuz Control, Birthright Citizenship Decision, More","https://news.google.com/rss/articles/CBMirwFBVV95cUxPZDVTb0FmeU82S1FRMzRFTl9ncDJZNUN2czNzbVNwNk9zaHR5VHZrZFZNeVZNS196WmhmWnMwSUNxUm93ejZReExzV3FBclhYa2VhOFhQMUtsV1pKR3hYWVp3Yk80RTNrOVpETmF0RmlGXy01UGZuc24zOFdScEpJTFlCUFQ4S1B6dlNLYmIwSTR1V2h6R3ZrcndEUjVzdjlGTVA4cG5lQWlFeFdqQ29N?oc=5","Bloomberg","Global","1782815324000"
"Uncertainty over Qatar diplomacy clouds prospects for US-Iran deal","https://news.google.com/rss/articles/CBMitwFBVV95cUxOem1UeFBMZHJrM2tKRG9fdE5oTEQzWEpsRGxPTVNwZ1cyTEMta3laT2Z0N1NMYU1zc1BzMTYtSGJSSGI0VUVselZGZnQ4cnlKSk5MekZIakY2LUNMTzFMZU5oV0dxeFNLaEpsZzRLOFJjWVVoU2xDS1ZaQ3Q4YlE2Zk1DbjFrSnoyWnlZTC1zOTQ5bnpOR3RhWVN6X3BKcjNGd3I4MVlFajF0aFBiZl96NnAyclQtMWs?oc=5","Reuters","Global","1782815024000"
"Trump’s massive GOP faith bloc raises red flag on Iran deal: Trust him, not his team","https://news.google.com/rss/articles/CBMisAFBVV95cUxOQnl2SlJvOVhWM0dSYUdNYzNKZlRLTVByNDg4UC1zYnVpV2hUT2xKYllCSElPQUhyV1FsaTA5VGROR1c3VXFxMTFISnNIRTJBbEpheEJyT2NiSDl5ck13MkxhcGNvaWx6cm1lY2JRaVZmZ3hCbTNFalpkRVNTZWhVd1NHNzAxMXQ0ODBDdWc5VkxWdWNyUXBoZWkzZjJHTFVzcDh1azNNb0RXRTR4SU8tUNIBtgFBVV95cUxPMlJ6QUpEdEJfbVl4bXpRMjR0NmlLWGVIUzlJMV9vLTNMU3BCRzd0M0d6MVFnbDZ2T05ndTFYclZvWmtHc0RlYXZHaF9RSk1td2J6ZEdoc0w3UTRRTTV0NkpMWHVEVEQtMEJnbzhLcnpGY295NDBwTmhGUFVCVkNiQThzN2pzcldzbU1mdmhtMHFMVzhtcW5nLURqc255TzlKQkFrdkpHYUdfVGo3UnNRakwtMUVPdw?oc=5","Fox News","US","1782813648000"
"Iran fights to keep grip on Hormuz as US, Gulf allies carve new shipping route","https://news.google.com/rss/articles/CBMiowFBVV95cUxNanVsYWN2QjFodmgwQVREc0dPT1h1WDNLU2Zaa0s2SEhjYTQ2VTVyVi0xNmVTdzFUV1FQZkJnNTlTYkVTQ0VEbWhNcmhMYmlJZ3hMNUZUQndhMW1DU0dTUFhnUnNvMkJMeG9wVFBBUUZBbEdDRmpvSnl3TnJhTmZBQ1lXMEFjZXVaUzNVSjNfVC1pMDdtaVVhak9OMzNTY0VPbEtz0gGoAUFVX3lxTFA1bmI5akl2YVA1ZVF1alZYX1dWZDZydXNNWGhuU3pCLXhRTnIyTVBvV1ZlRG1XZ29zdXhYNVBkMExWdU1Ed2F1LVFVUndrWjcwaFUzTkhlT2tFT1I1RWlORWFFY2d6MU1ZMV9EZmRVMUdPdnhOdmZJaUxZMzk4UjFYSDF0ZWVYNzV2eUhhcVRBeGFYU0s3V2NQWG8yMzFzMVAwQlIyS2ZvUw?oc=5","Fox News","US","1782813633000"
"US-Iran talks resume in Qatar amid heightened Middle East tensions","https://news.google.com/rss/articles/CBMiVkFVX3lxTE1qMmo2VW5DTGdYTXRVam9XQUR6cUdsZ2hzLWs5YU1rRkRrNVR0OHc2bHBmNVNrNFFYbG42SGNEYTMwQWt5MnE0M0FZcHJvbGZBWEdCNnF3?oc=5","Fox News","US","1782813504000"
"IRGC navy deputy dies in crash amid escalating Kurdish border clashes","https://news.google.com/rss/articles/CBMiakFVX3lxTFBtNDBxbFFodFpMeHJDdlF4VEhuNGlvQ1FMWlNGa2g3ekFrTXFELXZ2OVFVa1l2WEJhWVNTczZGbzdiZjZUX21WOTRuTERQaWtnSlJjTWRMN3hfM2poLXU5cnVqUVNfMm80d2c?oc=5","The Jerusalem Post","Israel","1782814257000"
"Acting defense minister vows Iran will respond decisively to any ceasefire violation","https://news.google.com/rss/articles/CBMiygFBVV95cUxNdmZqeXJfeG9OMDQxckk1NmJvY1Q1MDZnZGpZYXd6QldhUWppeEVORlAxaWlBcjU3RUxEQnJZemhZU242aGQxcG1HZk92VnFaTXVGclczbGxYcFVpUk5XUlhIVDhsenBMV3FZN0NQX0IyeWVzWjdia0IyWlJpY0dNSVFPdjl4S2duV3JMUUEtT3JRT0stM2Q5STBIVllSci1YSmdIcHQycDk5VkladjdjbldfTW9RREwzLU1IaUp4VXZlSklpVi03Q0J3?oc=5","Press TV","Iran","1782813960000"
"WATCH: Why over $100bn of Iran’s assets frozen abroad and who controls them","https://news.google.com/rss/articles/CBMiqgFBVV95cUxNWkhrY0tibC15UDdzMmJvOXo0ZUdfVXpvaFBaWmNUUUlfbXJDQlE2Q1JTUjRHVDZYbFk3ckxodjI0TFFiMWhtX2NXc2s3LVUzdWdLUVNzTFpxMDlvbm9ISnI3ZzlMazc4a3Z3SkJQX0RMNF9rT0MyNFhJenRGZG14ODBwcVpFMGVuNXUwLU1ZWnRacGNZdjIxZ2ZIT0VNck1MWnJwS0tMSEZrdw?oc=5","Dawn","Pakistan","1782812404000"
"US envoy Witkoff and Kushner will be in Qatar, no meeting with Iran, Qatari official says","https://news.google.com/rss/articles/CBMizgFBVV95cUxObkFVZHU1c3Z3RVhRazB3bjlPbHNRSmE0bjBqZUVXSWhsQjVRYmR1MUo4cnFnYXdHM3hPRmdvMU02MmJyTC1WTDEwZm1RU1pMR19fVUF1UENQbnRjTmxtV0JiUzZEVUE1dEtGMjBnMG9LMG15Wnl1OEZmeFlhaDJaMWtKdHN1OHBSOE5NLWhBOWcwT0k1ZzFnV1RHNnpOaWdjUkp1X1czakpTME8tYTRtN3NmaWdGMlNQRFdHME5YQndGcWFKZ2M1NFBHejJqdw?oc=5","The Times of Israel","Israel","1782815400000"
"Trump Says Iran Meeting Set in Qatar, Despite Uncertainty","https://news.google.com/rss/articles/CBMimgFBVV95cUxNQWt4VWZfbklLTW5mR0Y0ZEdrekQySlFqZlRaSVdGalhJbTItQTVrUVBIblQ1SVFjZW5PSTc2a0Z0Sm9KeFFNNFp4cVByQmN6OFNocEZwS3hUTkQ0QTg2UUNxU1Q1dXFZVTJmbURSbTFKdW9YMjhUdGVXOWhGcEk0QndaRHlhcnN4Nml6Y25yRTR2ZEpFcmxnRDRR?oc=5","Asharq Al-Awsat","Arab","1782814704000"
"Any audacity of enemy' to carry out ground operations against Iran has been eliminated: commander","https://news.google.com/rss/articles/CBMiyAFBVV95cUxPeXBGejk2Q1g5cmF2dXFHZmltbmdZUVZtRXJJMndkZTZIR19hOWFRSHpQQmVvRHBnUENFSkJLYmxlcjl6N3VUenBBbjJaYnBoS0FJM05vVG5GNm4xaHVWQzhXeVBLYjFCWlpOd0dQVU8tTTNZaF9ReHVLeDZXdHM4OWd4a29YbjZ3OEhic0lBRXNfV0pLMDZTNzZuOWJDX3VReXdwdHJIV2c2SU53Y05LZUF1ZXRLMTI2S010ZkE4ZkZsVG5ua2o2SA?oc=5","Dawn","Pakistan","1782814023000"
"China’s Factories Show Resilience Weathering Iran War Turmoil","https://news.google.com/rss/articles/CBMioAFBVV95cUxOMVJQMWVkeW9BMnVaWXFISi04cjFtNFl1cDBTVjZndDJ6WTRWbGdZcjJ0dk16aFdmWUNmMEZNVlRCc1ZlZTFfRDd6SjFQQWdIYWxma0dyVmtQRU5RQ0FQRnJNZlNXeGFuNzJCeV96amVjdFZaYlpldlZqQXQ0eTJkQlpFU1RmTzF2cEk0bmlhQnNvSV9JTnM4VFBjTmJLQkto?oc=5","Bloomberg","Global","1782817201000"
"US envoy Witkoff and Kushner will be in Qatar, no meeting with Iran, Qatari official says","https://news.google.com/rss/articles/CBMizwFBVV95cUxQcGNVdFY5c0Q5TVhJNV9LalBTbGJtQVcwanpsVUF6SnpHVzEzMWNHbG5WQ0t5MXpDQWxBeUJqNUJkSTMyNXp6SXo2Yi10LWluN1lDU09PWUxIM1BXNTdLRW9qYnluSVhJdW56QVlGX2NQTkdoa2puRlFmX1lZbTNobHNPbUlRNGkzcUtsQTBHSmVPdHB3TkRfNzB6NFFXQzVRWXNWdmFicThIR25Hcnctb2tndkdVM0Q3cGVFbHZmelRwU3Nac096Mm82Wk1WTXM?oc=5","Reuters","Global","1782816583000"
"Hormuz disruption may have lasting impact on vulnerable economies, UN trade agency says","https://news.google.com/rss/articles/CBMiygFBVV95cUxNNEJzSFAybFBROVpLQVdudkpmeW1GUGc5bW5UY1RYQl9ZY2VJYmh3UmFtMWVxc1dDZEtiZnVPWEJoQjk1aHpCOXVtT0kzRzlrLVF4UEdmUm9lTElpMmFFVGhIUFREU01FdGViOTIydVpBbmtUUWZUcW81YkRYQXk5TEhEbUZfYlEtdGNnU2lRRFlid3FxcjNlY2FHTkRsVnFOY0hfNUJ4WHRMNzFEd2FwbjhKcU1BN2RCQk8tM1ZPUUI2WXkxZWd5eVV3?oc=5","Reuters","Global","1782816466000"
"Breaking news. US envoys Witkoff and Kushner land in Qatar for fresh Iran war talks","https://news.google.com/rss/articles/CBMipwFBVV95cUxOOV9tcjBuekZBUW92QTVBTVZZb2xyc19MNU1SODhsYlAzd0dPVU5RZ3phSzZEZHJrV21meHd5T3pvMHRwSWMwRGRSMnZkQkpPZ09Ed3ljQktxbUhENnV6WXhlejd0Z2pkOXhreGtBcUVuLXJVSW5OU2JRbG04REVCdkxEZVdLZ1dMWFJTTkJtOVNVVUl1UXh0d200MkRfWVFBY3VqZFBOYw?oc=5","Euronews","Europe","1782816206000"
"Hormuz disruption to stall 2026 LNG trade, demand to rise by 2050, says Shell","https://news.google.com/rss/articles/CBMioAFBVV95cUxQZkNhSEpvREhOODZSNEZOdmRRMzAzT2dVRC0zdlkwYWxQR3N0WUloTkZuVWg3NzN2N2JUcGdvZW9Hd3I5dFBJbXRQMm5jRTVpMmVfTURxbDdBT2JaWHRLdmRGR0pVbXpQaTNycUYyTkNsZkhxejUzZGpsNW1vRWQ1R2gtLTZIUHBhR0pvQjBZTzAxMlVLVnlUbjAxVDhfcFYw?oc=5","Reuters","Global","1782814833000"
"Trump says Iran meeting set in Qatar despite Tehran's denials","https://news.google.com/rss/articles/CBMipwFBVV95cUxPdzh3LWNWTUFrMXR5OVBiTExhTzJjbWEwbzRDMmNKdnFoUzFfc0JWQ0lRdXY3R0tHTEVFd1k3VEluM3gzelJkMEt6Uzh4SV9MTWpEXy02ZnB3WjFVYkVYbk9faWo3TWdRbmNrVVloNFA1LWw4M3VyMWU3TzYyc3J1blRpOW56RmNNSFJwRTlCLWZrWWJSOU1NR20wMU9WUU9iZ2JkMWVmbw?oc=5","France 24","Europe","1782814584000"
"Iran criticise ‘petty’ US security chief after his ‘happy dance’ over World Cup exit","https://news.google.com/rss/articles/CBMilAFBVV95cUxOM3B1bHVQS0hadXdSRm10OVgyNlRTQTIyUFozZ19DeUZkT3ZtT3ZneUdCc0FOclc4Y2ZTZWI5RF9TdGFyeFpGbGw3dFZuMVhtTTB4NkVrVmN0MnBreXdYaGh4UWJSWVJHX2NBeFhlVnRzY1pJU2V0d1g2ei1VV3lpNUkyZ21vemxEbFp3WmQyREJMMDZ6?oc=5","The Independent","UK","1782817380000"
"Top US government official ‘so happy’ with Iran’s World Cup elimination","https://news.google.com/rss/articles/CBMiuAFBVV95cUxQRTRNOGRySmg5cFNRTV9aemV0VTdjRVhXUk5OX2VPZ21NenQzd1d0elNLZmlkcWJmVHU1RmxYaDRFOXdXZTZ6WkYtUkU1eEk5OHpjS0stY1plMEdwMnlsNmlldmFodDZ3ajNEY0JTTFRrUDhsa0QwOEhldks1ck1VVi1tZ3YzbE9Ta1ByWkFEb0tUN1VtU1NKOEV5WU0ySFp1TlhWaUJ5UmR2akNTWVRudVcxZkxVUThy?oc=5","The Guardian","UK","1782815400000"
"Iran's inflation spiral deepens as rial slides and tensions rise","https://news.google.com/rss/articles/CBMirAFBVV95cUxQTk0xX3dVdHFNRGQyYnpTQU9iUS14WjVnR3RpbHN4elNCZDM3bzRwVlRGLVhwWEhSSjZ2NU1lWkowcm13OUdacUNCZ1Y0U2ZfOVVpR1QxSXdoY1FHOFRZN21YOUJnd1dhdnBfcHB1ay1yUmRnc0MwckhleUh4WkxvVm9YVHJJYnNwTm56WDZyMmt1dmZnQUVLRS0yemNUSnNfdklkZmpKM2NNMTNL?oc=5","Euronews","Europe","1782818452000"
"Iran Raises the Stakes Ahead of Fresh Peace Talks With the US","https://news.google.com/rss/articles/CBMitgFBVV95cUxNMzNlVDgwSnplTzBmZEo5TGw3U0l3Ry1SVmlMaldoY3g1QWtyVUpuYTBCMjlWd1FWeFZSMWZlbEZzNmJjVENjeWpnZzBNQVRoVTFhZzUwZ1AtZ0JVbl90clU4bV9NRWZTOHZrLW9oWkU1YU44MXc2QmVOZ3NxLURvdlpGZGxWOF9TUlNsQkpiZ25kNkp0MGZ3RVpqcjF5Y3laSm82eE5fSXBRN0FSOF95QmxBdmFPZw?oc=5","Bloomberg","Global","1782817552000"
"Supreme Court ruling expands Trump’s power, key points of US and Iran disagreements, World Cup sticker albums","https://news.google.com/rss/articles/CBMiZkFVX3lxTE1OZzR0TDFLWnZBN0hmaTRwWkdXcHdZX2pRdERrZWlRWHdqbEZKVzJlY3JGMjRtU0hmY2lJZDlJSU43RUZkWWR0TGxObDExcmdBOVEybUF6TGlUNEd6Z01aV2p3djBDZw?oc=5","Associated Press","Global","1782817260000"
"2 IRGC members shot dead at home in Iran, in what state media calls ‘terrorism’","https://news.google.com/rss/articles/CBMiqwFBVV95cUxOaDNKdUs2cXpYOGltb25PTVBpVlMyR0JNWF9hQXA4ajBUYnRneEdyTWg4d3duMFBJY19kbVZmOFhXdmRoMzU3aGlsZzVMMU10eXpKTVk3QWJMVy1uMzZqVm9VeW1sclNqdVlhb3ZCc05GeEdYVTFIdDJDT1U1aldkZTU0WGwxbmtaT2Q5cVNfZXhEcWxHeDQwNEtVZXI3Z1gzRDhkN0MyMWQ2ekXSAbABQVVfeXFMTzF5YV9tV2swSnlibHJTVmVYdk50UVNoRkZxcHR4Mjh5ZkhlSkhyUk4zNTZVcHl5ejdNeEtQY1RHODl5dFRYSFp1RjlhaWJtYmIyN09kdTZUTG5qUTFaWmNITHVxcjg3Wm1ibG9iTnJPODJfM09LVDRBZVR2STlLd0ZXQWFLQWRxNGtoT0Q4WU5KNW91ajI5Y1FwOWdmM0Y3RVdHZV93T3VoZElWWTNHNi0?oc=5","The Times of Israel","Israel","1782817807000"
"Did Donald Trump betray Israel in the Iran deal, or set a trap?","https://news.google.com/rss/articles/CBMiV0FVX3lxTE83SVRydHZ4bEMyZ1QyWkprLTlPNUZmVmZGQjhwOHpKQUdQSEYwdXM2MDBPYjFnYnNQVHhxenR3NVFlQTNoeGE2VEpGdWVYS2ZEdC10UXpfWQ?oc=5","The Jerusalem Post","Israel","1782817200000"
"Hormuz disruption may have lasting impact on vulnerable economies, UN trade agency says","https://news.google.com/rss/articles/CBMiXkFVX3lxTE5PZXVCNFJ4MTJfV3h4blZMa1NkMFFiZDU0cDc4c0lxSkhva2tTWVRnak9fbzZGMnY0RHcwQlBQU0tCRHYtU0x6dGl3dXhsLWJTUGhLQlk2SXV5ZWJ2Unc?oc=5","Arab News","Arab","1782817196000"
"Can the US Outmaneuver Iran?","https://news.google.com/rss/articles/CBMihwFBVV95cUxQelcxY2c2ZEVnVUY5M19HZWk0QjlJdHBTM21HSC1KUG5SdndFb2tfckZRS0FRNzZyQzlLUW12RlVuS0prZml1bWJ1WW9VOFdKREpJTlU0NS1UTEFQSUtSYTlmQkFvZ3l1R0FOU0N6RXVkSnZPUE9Qa0xCYnpUWkVoMzRPS1RzUmPSAYwBQVVfeXFMTW5MV0lET3R2VWlMMENYUWZWVWJENWd5aXpETFMweFlDUmZvRW45elVtNkgzODlkQWUwbHBIWEEzUmd3UGM5a25KRG1nYmpsQnBBMDhEQ0IyTVkzelBwYU1YcnpsYTRoYUJGUk1TbzNwcDdBUU1sLXd1VlVBOWRpNjE0SXV0aTdlSkVyeVU?oc=5","Al Arabiya","Arab","1782816452000"
"Iran to hold talks with Qatar on frozen assets — foreign ministry","https://news.google.com/rss/articles/CBMirgFBVV95cUxPTzZ5MGhPOHhtZy1uQmNRc3dYRzAxZ0N2Sk8tLVE3VXgyZlFtMHo3YjlkVnotQUJhcVlRRE0ydWFGRFFFNjZidEltMzE2U2ptbGp6NjVLWDgtLV9RRUxlRXNrRlBFTnZ3MVRjVWdjNXd6NTM5Y1ZYTGFHRkp3MEFwd0xaU3U4S0tPSE9OR1VpaUd1S1dwb3Q2c2pDQ1puZEVkWGRqSE5pNW11ZGJBUWc?oc=5","The Times of Israel","Israel","1782820805000"
"Flash: Dialogue with Qatar on interim deal with U.S., including frozen assets, is likely to take place on Wednesday: Iran's foreign ministry","https://news.google.com/rss/articles/CBMifEFVX3lxTE9iZ2ZsNDVlb1hZYkk0S2lyUWdvS1J6QkY1YzFCSThIdERka3ZRMjF1bUp3WV9mY0k2MUg3Mnh3YV9RazQ0Zi1qSUNWUFpZbG9jMjhiRTkxNklfcnFaVlZTUmVBSTJURVFBcl9KVmYtRG1ZaWw2UVY1cWZGN1M?oc=5","Xinhua","China","1782820471000"
"Daily Briefing June 30: Why Netanyahu won’t publicly take on Trump over Iran","https://news.google.com/rss/articles/CBMiqAFBVV95cUxNb2wyenpvNTVmUlBkdUhyX2doeUd1dkNtMjl1LTRxY085ZURXQ1l2OTlCQjNRRnYteFgwZ3VYOVcwdU1rSThjOVhVRHhLei1YeVhWYkZYRnN4NzRXaEJzSE15VE9GQjI3UWl2Wks5UFJBRnlGNHdMaWJJTFByc0FpV01TSG8yMEJQSERXVzM4cEltWjd1NTdjWlpJSF9Xbm9uLVd0dThvbVLSAa4BQVVfeXFMT0lEVUdQMXg5WDhyX0xKUnNxdGU3Q09DbHpzaTdIcmY1OUs3dm5yOXlQX3RRbEFLaHZWMGo1bDdsU2hIdGg3djB4bTNXeUlyMG4yeDR0cU5xOWdvdURXUkxtdjByN1dpSGtYZGJWOHllZ0VCbEp0Q0taY0oteHg1MElocTRiT0tEcDl4Qm1zNXpHc2tOTXUzUTRvZ0NmTFAwa0pSczF5c0FwRGpHLXNB?oc=5","The Times of Israel","Israel","1782820125000"
"Iranian regime imprisons political activist, two-year-old daughter","https://news.google.com/rss/articles/CBMiakFVX3lxTE9uVzgxYTF5eGlqeDU5Qk9oRjRqRVdIcFRpUktGTnZINkIzdW44Smc0ZHI1dzVkVFpzTzFsQ3pIalFhUFA1MWJYa2JxcHJGLTE0TjJ2VzFaLTVPNVdUblN0R25zZTJVNlpjQkE?oc=5","The Jerusalem Post","Israel","1782819740000"
"Qatar says U.S. envoys in Doha, no direct talks with Iran planned","https://news.google.com/rss/articles/CBMifEFVX3lxTE5oYkVFenU1bWJoTDMyY1F1dUFkRHdMTmlzQkk3Y3dFSkhVeHFsdGRpQUxWSTBVVkt0OG16M0ZlWWVXYkhFTTdGMmxJRkZFNl9uR1Fac1hlcEFRM2lDWk1fY2J3ekFPNkdEajRtU3R5Q0tMSkhMNmt2ajk5MVc?oc=5","Xinhua","China","1782818881000"
"Iranian Spokesperson for the Ministry of Foreign Affairs: The US has made a clear commitment to ending the war in Lebanon and must fulfill its commitment.","https://news.google.com/rss/articles/CBMibkFVX3lxTE16YTg0am9BMHAyNTFUZmpDSGJHdFpfZWVmbkYwVEZXZDRaSFU1bHRtVzU4ZW1qQ1dYdm1JN2ZGVkRvb0ZFT0RaV0xzV1RNUDhsdTFzb0tQQ29WbEJoZ2VWYXZiaHc4SEwzbThVRjd3?oc=5","CGTN","China","1782818765000"
"Frozen Iranian assets linked to US-Iran peace process: Qatari spokesperson","https://news.google.com/rss/articles/CBMiqwFBVV95cUxQa3pwLVpCak1EWFNidEZyNG5iRTlIWmNLYk1xV2hGQlM4Sl9sSnZhQ1RwLWJlTU92VFkyMGc0NllCWEtWQzBmYmxEZnJvblNfTG1ydFQzZURYeFMzVXBPZlIxUG9fNlpKaHNYNllkY0JVSEdLMURmc0poazhtalBVdlZROVBSeld2bl9OeDd0d19Xbi1ZSF9vVm5vT01id1BPNFNsQUw0ZGVheEk?oc=5","Dawn","Pakistan","1782817704000"
"Iran Ratchets Up Talk of Controlling Hormuz, Chip Stocks’ Best Quarter Ever, More","https://news.google.com/rss/articles/CBMipwFBVV95cUxQSnExLW9vdXNibHBiWjdUcFJ4eGxiWnFFTUFoVmc2aWJJdHp3cmEtdzJBRUh6bnBjTHNBRWZXMXNNc0Q1RXE2SmhoMGFaSGpRQWpTV1dXNlVBSnZoSHFueWQ5eWVzb3llck1mSWpxeXNjRXZ0b0NBaENHRTY0NGxBcGQ0clpzbHB6cFhmUU1OeUppMXFQU3RLcXg2cUxyLUlEdnJzWHpZWQ?oc=5","Bloomberg","Global","1782819645000"
"POLL Analysts dial down oil forecasts as Hormuz reopening eases supply concerns","https://news.google.com/rss/articles/CBMixwFBVV95cUxQVThReXJuYnZtcENQZmI0cGNETzlENi1qMVhQcUFvNUV5TjFSWndweVc0d0c2bnd2cWU2MTNMa3FBa0JRYmFsNGJ2cWw4eXBlSnIybU9mcE9tUTh1ZmZyNERYSUxUSk1WTkp4NG9NZ2ZMWHpjLTFfQ3RDdjVRNk9ZeTg1YVR4Wk95OVQtUU1iNWh5NkJrVnA5QWpWMXl6UlZIZHZjVnRPdkREbkphRDJNaUcxWlhUWHBXb1lfMWVmLVFnX1gxUV9z?oc=5","Reuters","Global","1782819264000"
"Top US government official ‘danced happy dance’ after Iran’s World Cup exit","https://news.google.com/rss/articles/CBMipAFBVV95cUxQRFN2ZTQ4NGRvTFd1d3dVUERHR2NwMGdLOFNFWGdHZkJSQ05oZlU0ck1EQU9sMUduQW5CWEo2cHpYelVMZ3l5ZGttT2R1bnRBVE1teFlCejJseERudUJZWjd0VFFFaThYbXlab1dRLTNQUS1FQkU3Q05LZjlvY0lNTmRuWDR0YWVPaTNzVEdGYmt2akNfSi03emR4VkN6TlFYbDdCVw?oc=5","The Independent","UK","1782821100000"
"Gas prices drop after Iran tensions ease, but Trump says retailers must cut more","https://news.google.com/rss/articles/CBMimAFBVV95cUxQb3hCU2dkeG5WZkxvSzhQbmdKc1FGOGNoZlFJc3ZGZkJXcDlpN0ZmMUVfMFhYSnBiNG51VTVaSFliSWNiY0lUclFsUENjbE1BRmRHWlRFa0ZFSHVUWDhQWi1tajY0ZV9PanFyekhGNy1hdUh4Wm9XeGp5SURGNnFiY2didjVWcW5HZ2JMSmdGQ2RseFVXUEM1MA?oc=5","The Independent","UK","1782822000000"
"U.S. envoys arrive in Qatar for meetings on Iran amid tensions following weekend attacks","https://news.google.com/rss/articles/CBMioAFBVV95cUxPVGlST1R5U0pnWFY4MW1oTzFHMml3c2NlSTR3SkxMaXpzQWVSR09lZzVHWk91ZzRfLXdOVzFLMGRGQlc3TTg1MlQxUTZwZm9tQ3lkdTZiU0toeGpueXBtYjFfZW5lbkd0TXUwdjJxT192SGprbkpBeHlLRUwxaHg1ZWNwRXE3clVWRFp5VU9OSHM0ZGhFckZuQ3kzQ2ZWbjYx?oc=5","The Independent","UK","1782821940000"
"The 1968 Pact on Shipping Routes in the Strait of Hormuz That Iran Is Rejecting","https://news.google.com/rss/articles/CBMi0gFBVV95cUxOMjJlUmt0Uk1lb1BDekkyVFZXc0dUV0VnY1VaOU5HNVJrLWNVczRGdU5FNEtUd0ljUDR6RzlTdW91MUVaU1VOZGlFOHozMFAyZFl4b2lzX04yd3V0MVVETmVpYllickFTdzltY2ZCeTdtSndYV2ZwaUFrcFhYLVI4aE5sWnhHcWtXRndRcWtleFJOWXlfVFlEaGJmTUM0M1JubDM1RXNxR1lCZ2VnRGxPRFRCaTZUVkVRbHdNeHJBVnNaNGFGbEJtVVZDM3g0LXQtcHc?oc=5","The New York Times","US","1782821366000"
"Iran says it will respond ‘decisively’ to any US violation of memorandum of understanding","https://news.google.com/rss/articles/CBMizgFBVV95cUxOSnkzREhtS2laNWlNd0FudU1vLVZTeDgyRHltcmZfMWhyUlZTMXB2RGNzdHZEcUFhRDRRRHQ0OGxLSVpFbGZ3RjF2MEZtU3dkbjIzRWE2TVRWQ1h2UndPWHJ6c3NSdE9tTmxwYng2blBxZk9oQzhycUxtcmZNZC1WTlFMQ0ZveXVnaTdqSk0zWFVnVjc3ZGYtSTYwcDFmbXVRdDZXcGVxajBkTmhlZnVQck5nZW1kdjN2Qm94TEx2enJaLVNTOHZsR2FQOTBwdw?oc=5","The Times of Israel","Israel","1782822305000"
"Baqaei: Negotiations on the implementation of the commitment to release Iran's frozen assets are progressing well","https://news.google.com/rss/articles/CBMibkFVX3lxTE1TWGV0YjQzMVZqd2ZiNXNEaDJlMkZkSEhaRG1feUFURXNZMDAwMzdoYnNqZVFwNEo0TVdVNXktaFAzV3Z5OFdwUk56Z0NROTVyYW9WZFNKZUZOUm9FaHVkNEVteEVSdlpqY01rOWJR?oc=5","CGTN","China","1782821382000"
"Iranian Foreign Ministry spokesperson: 'We must evaluate the current process in the coming days and based on that decide how and when to start negotiations for the final agreement' - reports","https://news.google.com/rss/articles/CBMibkFVX3lxTFBmUDBoUmZkTDdOQUFPWmxyQW8xUEFlbnJtVjBqeHByZTRYZDdYNFRVRHk0TWxRaWFlcm9HN3l0aWVoOVJ4UG93ZVJwSnhGVlBKMG9CYm5jTll3UEhfc0EwZ2NZV3ZMWUhxcDh0c2l3?oc=5","CGTN","China","1782821371000"
"Are US and Iranian negotiators meeting in Doha? What we know about talks","https://news.google.com/rss/articles/CBMisgFBVV95cUxNeE1aRTdhanFpbUJzc2ZfUENpTHpzdVQ4em9COEMybjUxZFdlS1EtVDFLSURsek9uQkh0NnJpMndEZUlrUXZGQnVRbElYbTJMTmVxMjh0YkNJZVM1VzZxalFwRno0TXdkX3J6eUtjdmtSMGZiVE83YzdLZTIwOHB1Ulk5djc0NXhKRmE4UHdtYWdPdXN0UnNNNnAwSEVMWWRodzhIQzNwY0cwN2kwWk00VXBn0gG3AUFVX3lxTE1JdGlmQTN5Yk9hdXMtajVlMzNVUkdhOHp4QnprZ2EtVERhVU0yU2wteXhfc2pzUks5YUtkLVZ5dEpncDBHZjBLaUZlSTNZckliLUZPc1I1VGxPemMzM1kzWERVdVp0RWRpZWlqSGNWSFQxRGVZTk5OeV96OTVhZ0lCZ3ctSDVZVUxLX2ZjYWprbk5TQk5oT3A4LWZhcjhLd3dKem84LU9Wb3RUT3dpUVc3MmtoeEh2QQ?oc=5","Al Jazeera","Arab","1782820916000"
"Urgent: Iran to have talks with Qatar on frozen assets: foreign ministry","https://news.google.com/rss/articles/CBMifEFVX3lxTE5Udjh6ckRZVmQ3S3JZdXZtWlBjRVh3cjRSbXlydlZwZkNhcFM2X0NyTGVEVWZ1a0Z6UVlxZzFLS1ZnZ1BMRjdpNEctWW5PV3BTcGc5SFAxTEx5SmZTek1yVWxSQi1XOXEybkhiZ1lJZ01UYUJOTmFud3V0RXA?oc=5","Xinhua","China","1782820665000"
"The Geometry of Modi’s Absence at Khamenei’s Funeral","https://news.google.com/rss/articles/CBMiiwFBVV95cUxOamo5SEdIZDZjeGJ0OHg5UUNiVENSUEZmMjU4MXhKQ0ktbHBFVVlGVkgtNlJnRzJCdGpGdFNsMG41U3Z1aTdNcnVXRGtwU0N0RjBHbGxUb2kwR0lTUExra3lEQkdiN1hoNU52R0xRMGhReTNXWnlHMG53QTFGMlg5TnNMd1lsRHEzNlZv?oc=5","The Times of Israel","Israel","1782820560000"
"Iran FM spokesperson says no need for other countries to perform mine clearance in Hormuz Strait","https://news.google.com/rss/articles/CBMiygFBVV95cUxOUG96cTc4Z1VQSjl0cERqbXdJZk5QWnRqU0pjUlVMR01BTHo2MU9qNUJoNHNKT0gxSnUyTnFvZnJVRmtBRVVmaHRtTWtCaV9kSXFqdk1DMFZLOWhsQXk1T3RlWkNkNTlpVWVtUEVZSWlUTEVHdUx2alBLZDJBUzNHMGNocnh6aWlCTWU0bnhNaWNCa0ZfWVJyellxaENjZ3gxREw2QnZkdmRQUkxTeXV6cXU0TzFGWENTcGdGczlMX3ltMlZYYm5ucFJn?oc=5","Dawn","Pakistan","1782819226000"
"Iran monitors US compliance moment-by-moment, won’t implement MoU unilaterally: FM spox","https://news.google.com/rss/articles/CBMilwFBVV95cUxOeWVkSTEzcXpQRzZRY1VtUUZzYVYwTU5sZ2Z2cmFKYWZsOG56aFFQbFZIT01zTm40bmQ5Zk5RUlA1UzY4Snk5Y3BFTE15eVRDbFBiQUZ4ODdMYmRzSjlZdU5SemZTcGJjbmNfcVpWa1NfQnFuMU5wRHNncTMxdUhkSlZRNmFjazJkS2w1OTdMN21vVWlLU1Zz?oc=5","Press TV","Iran","1782823140000"
"Terrorists' kill two IRGC members in western Iran: State media","https://news.google.com/rss/articles/CBMibkFVX3lxTE41XzF3T01VMTBhOG14bG85c2Jfa3hQMnV0a1haOGF2WkNpbF9qT3lqY05MUXMzN252NnBSU1laejdfd1AtdW05T2VTWUliOUdzY3JsVnBJS3lWS2Exb0doMHg3ZllTSWF3dHhPSXRR?oc=5","CGTN","China","1782823081000"
"Qatar says US envoys in Doha, no direct talks with Iran planned","https://news.google.com/rss/articles/CBMiuwFBVV95cUxOeUY0S3JtZjViV1p5V1I4ODQ3WHN6QjNPVGlxQVVBZW9XRGdzaHRvaHZzWml3SjdhYlg5VHBKWTJQWHJNNGRhYlI1WGtyS1I5ZWJONjZYeXQ2QjdlSDJuWko1cjlEbF9jcmh5ai14bHItTE93cVZ1QTBXVkFDcm05allOQzluNXVKUXNKaC1IQzJFM2RqNUh6ejhBN3lpRmlsbjVxLW1HX21vU1c4bS1USEFoMWlVSDRncWlj?oc=5","CGTN","China","1782823036000"
"Iran's president says MoU with U.S. achieved in full coordination with supreme leader","https://news.google.com/rss/articles/CBMifEFVX3lxTE8yQndDT2Y3SFhMOUdwTDRNS0hNWnBYelAwMDVTWmxaaTFFRmk5bm1WXzhuUkl3VTQ3bWhTTlpBVVRJLWJWQmkwbEVWOEN6WE56OVBZZ2hsbjBWdlFhTFRLYWRfeG1tNTNqTjRKWW5JcmdDSkg3WEpSTGJHNUI?oc=5","Xinhua","China","1782822735000"
"Can US-Iran Diplomacy Survive?","https://news.google.com/rss/articles/CBMiiAFBVV95cUxOemZ2S2U1T2tuMzEzTFVCSU1JY3U3YVl4aExFelF6Q0FCeHo5Q1NZU3lRTlBES2ZyVGpMdTNPMnR3T3BDQXhDbmhndGJSMlFha2p5TGMtekRGM1I1c2FTUzdQNmZsLXhaWUFwZnRYMkYzZG5JVVBzOUNaVTM0LVhIQjZ0bVA5VmIw0gGOAUFVX3lxTE5TR1laSlRKTURoV2Q1SnVlTllTRktqMXJ1dHdBUnBBMWVLUmRpQWxmbU5wU3hsUzNjS0dKUm14RlFObGh3WHZQWFFmZkU0MGNoWEJhT29QdVV0ZTdQZEtMTmdzd1NLZjFpMG9BMmFqWDJqUlNHd002Z0hiZnhwUGNOWUhFSHFObjZxTUpuYnc?oc=5","Al Arabiya","Arab","1782822731000"
"Urgent: Iran determined to maintain right over Hormuz Strait management -- foreign ministry spokesperson","https://news.google.com/rss/articles/CBMifEFVX3lxTE0tbkpnYzA1MDRBU1o1YURaQVVvOHc4WUIxdnpFSEc2ZVVJRzRUc1NnM2dOaE02ZDJOYmRnSlg4V3ZONzFnVmRQeEl6RXBLT1QtRGRVYnlIMGo0NjV1QnFZQndpTVpjTE4zX0dqNjdwcDJrcXVXeDhsWmJLTXc?oc=5","Xinhua","China","1782822692000"
"Iran says to hold talks with Qatar on frozen assets","https://news.google.com/rss/articles/CBMirwFBVV95cUxOREFvTXdRUnRodEF3TjVhNDNwRGpzdHBqb2p5YXlQaFZnQk5Bek5JOGZoWE5rWVF0QWFPVzlmYkstNEp2aHE2c1Zhd0xZNE5nVy02OTVYZENpNXRnb3RTN1pjYWFqb1VPak9SeGl1RTZpdU1MbzNrdlZqZ3RGNjNKMVBxUGtINVUwaDBiSFlqSW1RMGNyaGNYUGNuTUItUUgzbzZWdVpRc2RVbGd6dHdv0gG0AUFVX3lxTE4zSmF5S3lHZkw0TkRyOHQ5ZW92YTk0NXZ2cUYya2pmdDFmMGtlYWtJbDhTNGM5czF0NmZTSVh5SUpkZzVxbGppSEktYUNJbl9iSmd5TEZGRnozdjk0ZnMzaGRTZmlWZDlYczlfVXR3aHhMWExrQlhQUDdubDlRdFFBU2hQcnp4WEEyRkxkT19TaDdHb1NGamlwX3FzLWYtUkpRQ3pFWmtuYmpWSWhTZ0FTNVVoZA?oc=5","Al Arabiya","Arab","1782822240000"
"Iran says will respond to any US violation of memorandum of understanding","https://news.google.com/rss/articles/CBMiqwFBVV95cUxNSWhPaXVBTXVtYjU5bkpWemdUeExtOV9fUU0tcVUwMFdfcHV6enhiYnFGVVVVYkJlZHVHYVhyZ0I4bldubHBlQWphdnBYYW5hd0h0ckh3RTZvSjM0aS15MHVYTzBTNmpJUktlSGdxenZJOVNPUXRTWXB3Qk1FN0c5Y0hWZ0pEYkE1aHdTN3JOYXI2eEMxMDFkc3hIem9jY3laTzV6SDh4STV6TVU?oc=5","Dawn","Pakistan","1782822145000"
"Flash: Interim deal clauses need to be implemented before talks with U.S. can start: Iranian foreign ministry","https://news.google.com/rss/articles/CBMifEFVX3lxTFBTUWdCLWxDR1ZHTzVubThOMGtBLTkxYTgwRUtjejJ3ek1OdjVOU2RPZVFzekNFbUVPOU14cnppTXdFTTVDQzk0MHBVbHdTd2FTNmdiMHdaS2JHOVhTMDlQa3FNUUlGemtJUFR5WHlBY09EZEZPcG9abVhQdjY?oc=5","Xinhua","China","1782821715000"
"Iranian Foreign Ministry spokesperson: 'We must evaluate the current process in the coming days and based on that decide how and when to start negotiations for the final agreement' - reports","https://news.google.com/rss/articles/CBMieEFVX3lxTFBxcS1rcmNJSzg2WjYyUUJ0SzFZOXlPaEZyU3RLQUI2bHpxMWVoTk44WHFKS0VTR1FFeksyTmoxME9wNnBtd1pjWDFCcWF6eW1SY0xDZG91ZXFFQld0N1JEUkRiRlpGeHRRbDl0ZjZSUXVMMjRUSTFueg?oc=5","CGTN","China","1782821371000"
"Release of Iran Frozen Assets Said to be Underway, Heat Wave, More","https://news.google.com/rss/articles/CBMiqwFBVV95cUxQcXFaMUtiZHAxM0V2NEpkUzN5d1JXcGFPU3lmRkFwY2tIcDRteTRYWll1d3R0SHU1QUFmd3ZSNFozeHNNaWNQdm9uYWFSM2hNa3ZnYVdXYkRVTHFvQ0t3UTcwRUVJcFQ1VW83aWNmT1lISmdyZDRMblcxbGdQMGdrVEZRTlVva2dmbmVaY1pRMlJBeVdReDNlWGIwdW8zSkxWTzZJNDdub0FRVUk?oc=5","Bloomberg","Global","1782823760000"
"Bessent Says Only China Is Buying Iranian Oil, Others Are Wary","https://news.google.com/rss/articles/CBMisgFBVV95cUxQRFYtR0VwNzZDWEFHbjJGLXp2SXFWdXdabXY0UXIzcTIzLVM0eXg1WGpuZlJJemJFNm1idXNlVDZyUDJ0TGpMa2t3T0VQaFp4aXpFOGQtLXpNem5IMzhVZTlCU05OWmJFWHo3VGl6MVZiQWZRQ1dMZTZzeTZ1U2JaSlh4eVhEZHpVajM1SXdZRC1XcmgydkdvY0dUU2FqeVR4YUdLVVI3TkU3TU9uU25SanZR?oc=5","Bloomberg","Global","1782822805000"
"Iran and US talks begin with mixed messaging","https://news.google.com/rss/articles/CBMikgFBVV95cUxOMHRraUpyM0J5RTlBek1OZzVaRlp2MnhvZVpqcDJnY3pCMFlDTnZiQUkxb3VVRGpiWFR4NXYwSHoySFRuYUc5bkNsRS1vYkZLUXlzUUM0em5WSURQczBEMlNpU2c3R043b0dBZkY2Z0NGRW9TRWVEYlppZGRaVkNhREd6bGhwQy1fbzQ1Nkp5X2VSUQ?oc=5","CNN","US","1782824040000"
"U.S. envoys arrive in Qatar for meetings on Iran amid tensions following weekend attacks","https://news.google.com/rss/articles/CBMi0wFBVV95cUxQN21ia3VxOWpINFpsYnVOU201enQ2QTFPMk41MnhfZUUxWFhMYUNjdmNJcEpCRzEzdExLNW44b0hPaVZmUGZ2NTlpc2tHODR6OTBNWjBIbmFjNVFnS2x1WjZRaXlHYVZuYlotdmNYSlFUYTU5ckVSbW42V0hidFNLVGZ1YV9Oakg5bERvNHNYdGdpdnRsaUg4LXdrRlBDWjRDbGZJWUJBM3Q2aEgyRm1rRFVCMWVtRUNqZUltWmotbXVWVmxtaVZMZjlqeXhMZmU3ZEdj?oc=5","The Washington Post","US","1782822851000"
"Iran war turns Asia toward diversifying energy supplies, undermining climate goals","https://news.google.com/rss/articles/CBMi0gFBVV95cUxOM3pUMjE0UVp0NU5QNDR0RndDOXduNFRMTTZKZ3FmVjVlb2F0YzBiaWJNNzk4d0pnc2RHYTgxcXVacjdJWXpvdFdQYkVQcF94TFJ6eEo5cUhXYmxvSDhwQndMUi1oRTJpc09JNzBWdXVQRFhBWnZISjlEdVNLOThHM2xzOG5PNVpMaGUzZzdfbTZwLVoxby1DY2ozX1Y1QW9qYV9xV3hhZ0JMQ3NfNGNodEN0Rm1kcDhOTE9za0ZubjBWRWdSdHZ5a0dVa2JYUXhWTEE?oc=5","The Washington Post","US","1782822752000"
"Steve Witkoff and Jared Kushner arrive in Doha for talks over US-Iran deal","https://news.google.com/rss/articles/CBMicEFVX3lxTE5NZDBobVZIanBKU1JRbndQbzYyNmI1WldqQmM1c1JCM0ttalpkeHZBQUJPNTlEdHZxTzBheXhWVF9Qd25panM1OUprU2dLNV9DOWFTeU5QUFZ3enNaamhPNHpYaVRFRXZhaWtoaHVuU0I?oc=5","Financial Times","Global","1782826076000"
"Witkoff, Kushner Set to Hold Indirect Talks With Iran in Qatar","https://news.google.com/rss/articles/CBMisgFBVV95cUxOdTgxNEtXaFZjM0U1eWNsdEpBOGs5ay1hNldLRXZVcTY5MlJCODNkUGF4Q2JJM2FwOTNpNC1HcU5kdmVIVzFWdzdnNHhydkNrcC15S1NIVWxRYzAxNTRZdmhEMDFwdVNSSnpoOGVHY0p4ek94Yl9XVXNPbjJ1SGozMGlJaThLUlhna05ubWNzNGdQT0FiVm9vS1NqV2hDbk1YY3RIVWNPQnhrVmZHMzFxOGxn?oc=5","Bloomberg","Global","1782824460000"
"After U.S.-Iran War, Oman Said to Propose Hormuz Fee Plan","https://news.google.com/rss/articles/CBMimgFBVV95cUxQWU5DMS1mNG9RNm8yTTkzclFNMWVNRmtCNmI0M1kxdEF4RkdrTlJBV1lCeTFpUGVFcDVRRzdoSDZBYkJYbWRKaEJOWTBwREZUS3ZEMFlCYWU3N2F3eGREWHJBM0l4Q09lLWItS3VvenpzUjlJbTAyc0pzNi1zaVNKS1FwTTF3MUkxX2FTX1k0LUcyTm4xMkxscmd3?oc=5","The New York Times","US","1782825472000"
"US envoys in Doha for indirect talks with Iranian technical delegation","https://news.google.com/rss/articles/CBMisAFBVV95cUxONWpvcFJ0Rm91bjFoUGE4RnBXM2t3SjBWd0pVcGhfb280c0NSVWpBSURVRzRmdGdCb2tONnJNbGhXYTZnd2x2OTJFc2RUc2FmT1hvZjdqc21rY2s1aFZfcEtCV3pmUlppNFkyeEtzMlJuMmROUlY5QzVndWJjZVVCNXpUQmpHTVM4cmRwcU16cjJydHMzaWEzRzRrWkRvN1ZtVE12NkxIY0JkU3NzUW02YtIBtgFBVV95cUxNM2tUN081dTFPR1dEbExSMjJSSG5BRElYWW5NaGdFa1JRclBZVndNWWZKZ09pS1lHcko1c1ZKZ0I3YmxvbGlod0pQcHZURGdtU2w5YzJqVlJadG1GdE9FQWlPTEFXb0dnWVVEYlFYa3JFYlhja29HYXJ0aXRtaWhRTHJ0WlRFODJhem5ud2xTRVF2TWgwbEVJci03ZHZMV0Q0QXFhZllXSmlpS2xHR3ZVSTU2Y051QQ?oc=5","Al Jazeera","Arab","1782825931000"
"Iran becomes world's 3rd producer of rapid gas detection kits, says knowledge-based firm","https://news.google.com/rss/articles/CBMi0wFBVV95cUxQRjFKWXFNeXRBa21SejBWZkNFRDBnZk5mUTdndHZEVDJYaHgtMGhHLU9WLUxja2VKdG5xVHVkU0dnaVljZlJ1QXVmczJybTNUb2d2cFlZZDlNMU1wTERlSmZMajFIMWpZbUhuTVpPUHJDUlN6cVN4TnJwODhNTVpMTXpCcC1tbU8xSnNUOWFUOWNzRC1WTklWRk9XRTJjdkRZQXBLUXlEUXNCNDhIMW1qVlphNnhzamZBQU1BUGNEREhMT0kwVWdGNzdKcUxva3RFRTMw?oc=5","Press TV","Iran","1782825660000"
"2 IRGC members killed, 2 wounded in ""terrorist"" shooting in W. Iran -- media","https://news.google.com/rss/articles/CBMifEFVX3lxTE1sM24tUEVGbkNtVTNVemlPbUZQRmxqbDdGaFlUSGNEOHh6RkxmZE5DczlqamRhekZ5d2hGWmJYTFFVR0FKQUpSLWg2VWhuZVNGT0Z4S0o2WjkyeE9wdkdVUDlEa05zT09XekxOR0otRzhQUjViU2pvRUhrVEE?oc=5","Xinhua","China","1782824490000"
"Pakistan stocks gain 3.6 percent in June on easing US-Iran tensions— report","https://news.google.com/rss/articles/CBMiWkFVX3lxTFB3V2g4WlQwTFVERFpkc0VodkljeGYzNi1LOEJsUjh3N2N5aHFZeU4tLUNrMG1QQ0hUX1lwa0lKay12aTFxRXZzdEdHbDR0N3N1cTJXc1ZfSUdlQQ?oc=5","Arab News","Arab","1782824406000"
"Saudi Cabinet reaffirms condemnation to Iranian attacks","https://news.google.com/rss/articles/CBMiX0FVX3lxTFBFdmN2QldNS2ZCUHdtRWMyOXF1aDJlbzlyQkZsakFsWHRrX2NBN2l3UGpCMFdHcnNNOXNBWUZXR01Dc01mdnVGT2tNOVl1cmdWRGh4UGMzVjkyWHgtN05Z?oc=5","Arab News","Arab","1782823711000"
"“Empire in Decline?” Ammar Ali Jan on Versailles, US–Iran Talks & Global Power Shift","https://news.google.com/rss/articles/CBMitwFBVV95cUxQR2d6VXJiZktxSmxVYW5GWFY5THpNRi1PQ1BMWmxLOGZIbG14Vnk0VjBqMl9jMVctaVZ6LUMwTWMtNjBYRWU0ekRJV0RDNXJoU2U5TnE5N0pFZWxNS3RlbXp0U1hnRzhVcUVfUnhQZW5wWE9EdXkxRXZKUkR5dU12aXNoc3hVa0dJUUxOVzFLZkFza1Rfcl9HUzVWNk41b3VDZXpxQm5ZNGozenhFd2x3cjBiSWp0cDQ?oc=5","Dawn","Pakistan","1782823079000"
"China calls for maintaining momentum of negotiations between U.S., Iran: FM","https://news.google.com/rss/articles/CBMie0FVX3lxTFBrMUVBUUlraDBJeWZBcGFWeW9NTlZMbzU1enYtQmVwZlU4LUNLUnVxS1djb2laekc3WlVPaHl1RzdfLXp5T0c0RkliRUJqSlJQelZ2OXhlazdoWTY3VHNoM1Rnd0I2OXhBMlF1TUNmb09DQ3JDcFowQy11WQ?oc=5","Xinhua","China","1782827280000"
"Iran war broke intl law, failed Iranians, Iran rapporteur says","https://news.google.com/rss/articles/CBMiakFVX3lxTE9UM2ZhUGZyZ2V0ZGxzd1lQLUNKUHk4RzY3RGt2RUI3cHZ1RUtySkFXTHgyRlVrVHA2Q1BiNERBNjNtUkJ4d1p0V1BxY1VqdVZ5MHV6ei1QRU8wQ0xSZWstZ0ZKV29PNkM5eWc?oc=5","The Jerusalem Post","Israel","1782827048000"
"‘Iran winning in short term, but US can turn leverage into liability’: Pakistani analyst","https://news.google.com/rss/articles/CBMi4gFBVV95cUxNUG1UWVN4TmlTWjZFaHQzNWJmNXQtMl9hSGVNSGtWWUVDT0NpTkpIRjBsbnVqQmdiZll1RjhiOVJSQS0xU210ZlVyV3lIZEJzR0lPOGxRNDNVVkQtUV9kNHlpV1FxM0h1Wk5GSEpxLW1kNW40aDg4cExUTUJBNEdweUxocElqdmszSnphLVJkUk9YYUlwTFNGdFk5djFtZDk1OXd2STV6clZZMGc3RDl6ekdGcXBnUHNySU9HWDZSUFdGSzBFWUlEa2Q2SFFidzRmMC1mWERzT0VlUDIzQVUtVnFR0gHnAUFVX3lxTFBHdTRRN3ljc1pEWHR1VW5kUExDWWJ6Zk9JT2tRN0xoMTlrV0NmUVBCU1RTS25qam5IOGo2d3NPV2h2U1I1VmttQjJKSm9PN1dZbm5Od0M1U2tTbTJjbU1CTHdNUWpXTTNUSlp0Q29GR1RncjA3NEZvd3J5QkNLekR0VTFZcFo4UWNMQnFTZmZqTF8xQ3ZjRGtQLVdzTWNMVXJ1QTdVbmNvNHJmcktMVXNOY29JUWZoTEw0bHZ0cUNMcVpXTV9FeTB1MllYQXFiVjNEYjd3OVphUGt0eXFUVFN2cjYwZzVZSQ?oc=5","Al Arabiya","Arab","1782826620000"
"Iran's president says MoU with US achieved in full coordination with supreme leader","https://news.google.com/rss/articles/CBMitgFBVV95cUxOZUxhaWExR0FEVWhSS3BQak5CNlhiM2ltcmpQRW9mcVdQd3doYUw3dlhzNUN2NHFQbWl4NzBHR0tnQThvRXNienlhWUdoZTVHUFFyenpWQjk3bzlvUXdzZmJRcXFHQlVBVkFITjNWNDQ0UHBkaFkzRTJvOTRMRFdSRXloYm9LcHUzdUJvQjctU0RNWFRNeHRaSjZHN1dCME8zM3owWFRsM2xNQmkzcXQ4aC0wWlJEZw?oc=5","CGTN","China","1782825792000"
"Iran’s Baqaei says US acted against hosting principles for FIFA World Cup","https://news.google.com/rss/articles/CBMiqgFBVV95cUxQTFhwbFNncmF5dm5WSFlJaUxaektzZlVvejYwckhMZldPMFc1U2h6bm9yN1JBMjh6SXQwZnNtczAyOEdHbGVMTmhPVlh5dDVQNXgxakUtVkRlLUNISlJVcTdNbFBBOWQySDRydVhBREFxU1FpSkxVaG5oVi1TRHlhV0xKTXVWLTVMbzQ3bEtNTUJueEtoVUlyU2VPcTdlNk15RTZvdm10blRIQQ?oc=5","Dawn","Pakistan","1782825538000"
"Qatar Says No High-Level US-Iran Meetings in Doha","https://news.google.com/rss/articles/CBMiogFBVV95cUxNcHo0cXVuTmlEZjJOOE1xYXVHZVV1T0NZaXllajJrTVZSVXR1R1A2OUEwNll5d2c3Sl9HTC1zRzJKczRsZEJ4VGlNMEpnY0dqN3Y5MnljUTZRX09ERTBfRHdTa05KeHgzNmdKQkpjQmI2RnFNNmdYMVZNaElCQ3BBU2RITFBHazl0eG9BNmZGZXIxbjg3ZXEzS3MyNEw1VVB2dlE?oc=5","Al Arabiya","Arab","1782824861000"
"Stocks Hover at Open, Best Quarter Since 2020, Indirect US-Iran Talks, More","https://news.google.com/rss/articles/CBMiqwFBVV95cUxQZFg4Z1I4azRvdnN0WUpHRktxckFoMWFrbWlZSklTeW1SS2lsaTd1X3pONkFINUhHeURfU3dSSXlUU1ZBWDU2R2hJTFJYTDJPbUVvaVdSd0R6SThVbWdQMUhLM3RCODAya0tEdENHTW8taE82a3QwaXFTUS1QRXJ6NjFIaml2cmkyT3h1eHBqSUNQZnUySW8xMms1am5EN0M1NWRpOUtIRkJKSE0?oc=5","Bloomberg","Global","1782826835000"
"Iranian clerics call for Trump’s assassination","https://news.google.com/rss/articles/CBMimwFBVV95cUxObjZpaXBfaHVtUlZ2Z2NHLVhBZnFwa3dWX3VQa2JKYTk1Mlkzb2dYU1Q2OGdrQ1QxR2ZNNFRyNk13UGtXWmNKWmtmYUJqaTdUX2w1a0FvOXFpTUM5SEVuMXkyVi02VFpsTWR5X0pxZkJSNERVOVJVRXpENGFfLS1IeHhmdzZEblpSUGRpamZ0dlVVUWRoc2xtUk5IVQ?oc=5","The Telegraph","UK","1782827940000"
"US job openings were much higher than expected in May, shrugging off uncertainty from Iran war","https://news.google.com/rss/articles/CBMifEFVX3lxTFBUcTdmWkthU2FmMFVEWUQ2R2h4MFZwRU9fTG5QX0M2ZzRZN1ZsTFlkLXJDWmRPbFE0dHNPLTJjal9LdnVLX2dKaTFna3JGa0hmN2dOSU1pa05MdldNam53NHh5ams1Y0RzM2VjX2U4ZFZjend1NDhFTFYtVUU?oc=5","CNN","US","1782829082000"
"Mission unaccomplished – Part VII: US war goal shrank from ending Irans civilization to reopening Hormuz Strait","https://news.google.com/rss/articles/CBMi3wFBVV95cUxNRXUyQUVSOHJKcHlESHg5d1dTY1BEem54Y21XQi1lZEp4Smg3eWpDYkdGTE9hV21fNkFWYzJPZ1pUc2lfMWlET1cyWTlrZU13amozRjBXV1I4ZS1QNFpPWWMxQkFaWVM5MVZHVUs1Uzk4SDB0bWVFdGVwcE5NZXhxSkJNZ01rQXZKWl9kS3NnUVFQQVdVRnlMUUU1WlY0cHJSQWR4UDYtdWthZkM2UXFEdllwX05DREphM1FpT0VrMFNwdll4ZkpIQ09pRm8tSnRSRC1JTUdZMm9Nb2xMX2k4?oc=5","Press TV","Iran","1782828300000"
"China calls for maintaining momentum of negotiations between U.S., Iran: FM","https://news.google.com/rss/articles/CBMifEFVX3lxTE45dVp4aE0wMFlxcWV3Q0M1aDJMSUJ2Tk1aVzRlNUM5dnFYQ3paN0ZVNU5rcUlEcFpLOW14TWttdy1TdjR1Z1l6Y0MwQ00yVkE1N0drWllhV2tmYXNhaVY0VGo0aG5KRURXbWV5X0FOWnRzbll0QzU2SDVZY1E?oc=5","Xinhua","China","1782831439000"
"Analyst claims Donald Trump called to bomb Iran before Benjamin Netanyahu did","https://news.google.com/rss/articles/CBMiV0FVX3lxTE5oVThSZnpFekFvR3N4ZGYtcE5ZUU82cmtGa1QzcmZWVFVSRzVpcWpGUk5iYzRZWXNGQ3pvcGhYVlhnaGZPeFNRamM1Y09WV2hLWmJ5RGVONA?oc=5","The Jerusalem Post","Israel","1782831343000"
"Uncertainty Over Diplomacy Clouds Prospects for US-Iran Deal","https://news.google.com/rss/articles/CBMingFBVV95cUxNTXBCRnl0Wk42MnE1MkRZeTI2NTR2UmZxUFlrN0dwUWZhRWoxWG1RV1JlQUZ0QjRJY0hXR1RfS0lCbmVQZi1wNjNEcVBlNlRPRDZzaDNLRHlUX3NrTEhDZHNTTjVxR05CR1hlX3A0MXB4REg1Yy1UV3ZONkdjanJ4QjhVY3BzWkMyUFpfTF9yTUJJenB3anBYVUl5Z1NaZw?oc=5","Asharq Al-Awsat","Arab","1782830854000"
"Iran prepares for late supreme leader's funeral","https://news.google.com/rss/articles/CBMihwFBVV95cUxQOWpDSkZWMmcwd0pmejlMSmgxY3gzVHRxZnRlZFZrZUl4dWI0eGMtMlZ6bWktWVBISlZ3bHJjc1ZZX1lNUXlaTXEwX1pEZWxlVVV4VjdfcmJlaU01UUdBSzlaY2taNmtSOWlmbnhsVVVQMVZtWDNMQTlJZVRGMjdJQVEyMTQ1QVE?oc=5","Dawn","Pakistan","1782830214000"
"US citizen living in Jerusalem area to be charged with spying for Iran","https://news.google.com/rss/articles/CBMitwFBVV95cUxNbUIwdjM2ZTl6clNqZkhtS2toSGtWeDlWck9EMUxvYnN2LTM2Qk9nTS1hd1pLM2hrT1pFYTNCX3BoX0JPNVk0ZmZWNVZpMldNa2JhNUdHTUx1M2FCc3pUZndDVDZxT0QtUC1wZUFCQzZHbVBwV3g0emZ0el9zOGRFQzdma1dsTHhzbXpGSDNlRklubXN6bnQzZjVpNnU4U2dIZE9oZVp6NDhnOGdFMjVvd2JZdFh0aHM?oc=5","The Times of Israel","Israel","1782830155000"
"FM: China calls for maintaining the momentum of negotiations between the US, Iran","https://news.google.com/rss/articles/CBMiwwFBVV95cUxNYW9yb0ZpaW13eDBONlpkdVdqWEs5MXQ3RTZjU1hyQW9hZjFRYXdNaW01TUtwUjB0VkNPSHdEbGNvV1lKQURzVGFuZV9tdmQtejdsZEtGYWx6NDhwb09hY0oxU2FUT1AwZ1VtZVoxSlQzaGNXc3dkT2tTZTZrdVZnRUh6QndyMEI2UEF3NlJFNDFqc2VkeTU3ckZuZHQ0dDRaalFISmtWLW9LTFd3aFFfdVRMUmZHTWVQa2dkTHJyZXRCX0E?oc=5","CGTN","China","1782829996000"
"Uncertainty over Qatar diplomacy clouds prospects for US-Iran deal","https://news.google.com/rss/articles/CBMiXkFVX3lxTE54ZUl4V19wa1UzSWRLNFR3U3pvdXZnTUJyV2RnTVFjRWFrXzl6RVhkMnFCRnF2cDF4RXdXeVBCQU1XV3dFWE5yajhGdHY2cnV5SktGRHVqWmxGSG9kNUE?oc=5","Arab News","Arab","1782829598000"
"‘Flawed’: Former US Middle East peace negotiator’s assessment on Iran-US talks","https://news.google.com/rss/articles/CBMi0AFBVV95cUxQc19NMGpjSXZvcXJkTHZucF9pbU1UYjVSQkFKanl1RTdpeGsyLVNLUWttaUt4SDN1WTdLSWkwYUQzbnlXTjduOVI0WFJoc1RJY3dJU1VSRFA2VlBwZ2N6ekpqc3hKVDVkN1ZhekpSY25FVzdBZGk2QkdETkxmb2p2OEdsZlNQTTFYbTQ3N2ZMMWliMlRBWVZtdUk1X1ZGUG1OV3V3SG9YRmNVbm1yNEdSVzJfYWZMcnhhOUJ2SjBGM3ZpandRWE5oSkdnLTVJT2sx0gHWAUFVX3lxTE1oUmZ6YlVDVElmc1lWR1l1bXJydHhYZE9hWW1sbjlNV2RBendTbzdlNnlZQzQ4Ym43Y0dRalk5T0tkT29xS0NmSnZOUGRoQ1hTUzk3RjktMDd1dVJRTEc2RlZjbzd1UjB2c1NCMHdjUVZkVVo2bHNSSzZ0Um5NMUhFbU5EXzRhUjhhZ1FsRkJlQm95bjlWWk5oUlZVeEFJTkRDLVoxSmdLTGpPa0QyVjlPa0l6T2dZbXdsdWc0dEdHLVotcVJhWE41d3BSUXl2TW9BaS1yS2c?oc=5","Al Arabiya","Arab","1782829440000"
"Iran says will Respond to Any US Violation of MoU","https://news.google.com/rss/articles/CBMipAFBVV95cUxOZFlDNXE3WkxqU3RFZUs5dnlVN2dsdEZmcGpuQ0c3TUFkNWFva2FoemxHcl9LWm1ta1l5N19Fa2JseVdkdWpva0ZiTm5EOHc4ZzNtTl9BREV0eUFDTW1CUkVHTVRldHBvNEhuMVRsem9nQjNlbkh6VDN5U1BMZ1dqYnh1MklxLUV6YU9ZOGpHM1hLSFQ0ZDZEd3Q2RjY2ZW1WQmo3cdIBqgFBVV95cUxOekZPUnJpR1JpZ3QxcjJfUjJmT3JjTm82c3RVbGFVRm1YVV9GcWlReEN4M0w5MXVHODJoSzdTT1BuRk9UV2Q4dHl6T0pZLXo3U1otb0VHeGxxNEtPNDYtNF9OT19md1M5dndRZURIc29fbzhtd1RpbjkyOGpJdkRYWHI3alA1cHdpc3dLWTN6c1dobE1UOVBCNWVxX0R5ZWYxRE5zcmdGbXU4Zw?oc=5","Al Arabiya","Arab","1782829300000"
"Qatar says U.S. envoys in Doha, no direct talks with Iran planned","https://news.google.com/rss/articles/CBMifEFVX3lxTFB1cG5VVVY3bGFMbDljeHhYS1Q0RE5ZYVF6RW10WjVQTThubnVXRWxRT3FTaGxQbHA5TVpIaEY4NkZxWmJiaVA2dVhEVzBmaVpLRFlYYWpLZFdSTHYwbVZFOEdzbm5BVW1MdjhzTm5FR0NTSnp4Z1NDS3FqWTg?oc=5","Xinhua","China","1782829155000"
"Iran war and AI boom drive wild ride on global markets","https://news.google.com/rss/articles/CBMiiAFBVV95cUxOQTNpc0JlcmktcWZKeE1Ra0hLYzNaNkZYSDBIQlhTM1VnLV9tZ2NuNDBuTDljWmhRTGR1MmxHZkRSdzJmY0hFNWNpRzFpenZ2NFAtOVRjdDJjZWFyWXBLN1U2QVB6RmZLMFA5YXM1R05GaXh2TDBmelpfMlpobUhRZHNXdWtPRVhV?oc=5","Reuters","Global","1782831101000"
"Wall St set for strongest quarter in years as risk appetite holds despite US-Iran war","https://news.google.com/rss/articles/CBMiowFBVV95cUxOaFRDcUUwRFFNVjBGV3pwVVVHRU12NjdzSGVuY29pWHRGamc3NTAxSkExaThvUFdFLUVnUUx0VkJ2NWszanJCTmhVVjViUzlIUlVVTkVsOVdOanFITWF6Z0J2Ql9fSTBLX1p2TDdEakN3TUU5elV0NnNLNTRvajV6UjJzR2tPTzEtaGNPRUVlbVhJdmNMMXZUMmEzYU5DQm1qM1JB?oc=5","Reuters","Global","1782830041000"
"France banned Iran opposition rally after monarchist threats, security note shows","https://news.google.com/rss/articles/CBMivwFBVV95cUxNYTA2MkhUbV9yOVJNdnBKdUszVi1wTEdCNkk2UjRWTFMyaklPdEs0b2laZkpGdDNreUI3X3JzZ3RJMV9MSnZRWTNfQVJHSUg5Rk9KemwyNHF0dGVMN0hwbnZuNHd2bXRKaE1wRERIeXRvWXZPLVB3NG1vMFNNOVItVWtqX1BHcUpWVlVDOG9jYWs5YWRMQ3pER2UyZE1DUHdOSzJscmpaTjJFTEJ5bmtQSmRUY2dMUlB5WHF1LWlnRQ?oc=5","Reuters","Global","1782832927000"
"The Latest: Trump's envoys are in Qatar for Iran war mediation","https://news.google.com/rss/articles/CBMixwFBVV95cUxPMEZRdXlnNFpGZFRQT01qTkl1REdkOElDZXRub1l6NGRwUUdrRVdack43OE5NY0lDZjlwOER4RnZ5LXBoSXZ4UTdxZXdEUWh1Z2lxbDhqM0haVVREQmV6UDA0d3lqUjdBbVlFVHZqY2xiTlhFQzRQQjNwcWxSdERzVjBLd2xsTHN2MndsUHluNFpsM1Y5SVdHZkxMclpxR2JfdHVSbTUtcGhad2VwczNxV1JDZUlkbjRiSmpPdDY4dXRfcFZlOU1Z?oc=5","The Washington Post","US","1782833208000"
"Iran’s Diverging Priorities Are Jeopardizing U.S. Peace Talks","https://news.google.com/rss/articles/CBMiqgFBVV95cUxNcGUyTno4a2Q1ODN2QUw1UTNkT09QUEZXdkRkbEN0ZXdCV01PaTluQWhMb2FGVzhfVDdfMEVvc0dDRkU0Y1dqRElVWXYyNFBmcEpsRW1YNGxQYXVUc2NucVNoR3hyQVN2X0Zxb0JhZk16X2xLckRodk5oamNJTThaTTdYQUxJVmplYkFlcjhVcmJMZWRqRFdrRUt6bEdrZzR2S2xBbnl5cUk5dw?oc=5","The Wall Street Journal","US","1782832920000"
"Iran FM vows legal action against US over torpedo attack on defenseless Dena frigate","https://news.google.com/rss/articles/CBMizAFBVV95cUxPRmhYU1BwMWF5SGlHcDJ3aDBQTXJFWmQyc1BjMGpMZjdVYUdJdXZ6eDROaTNjWTM0Ui1BZUFlUS1obmtYR2lTY3hyQUw3UjVRVW5QVENQRkdvUVBzVjZHWUM3ZjdsTEd3SV94ZHNRVEItVmlUbUVqZkRiMUl2eGd0NHhXY29QdThqNkZ6RW84OGtZUjJ5N2dSajRkOHNyQ0VVcUxRUkR2V2NLcTZqMHRYMmE5U0ZZNzRiS19KRmdBYnJ0d2NOUFN4QkFBSTQ?oc=5","Press TV","Iran","1782832980000"
"IRGC dismantles armed separatist cell in northwest Iran","https://news.google.com/rss/articles/CBMiugFBVV95cUxNNkJnTU84VGJQalFmcFZoT0k1TE15YVY2eVJSTEJPUmlxSzl0Nm5BeG9hYnFRTzlKZXJqMzI0dUNnRlZIbUo1cnJRcmc5bFJFSW41QUhMQmg4aW9CSVc2cVJNTlFUcm1FbE9aOHk0R2FPaWRFZzZGWWJJdWt6MjJTOWNNck5aYjFBNGRObGJPaHdmdUMzMEdwN2xPWi1mU1FMaHFfTVdYbWJPb2kzS1pmanNHcnV5eG4yUGc?oc=5","Press TV","Iran","1782832560000"
"US citizen arrested over alleged Iran espionage in Israel","https://news.google.com/rss/articles/CBMiakFVX3lxTFBobWE4eDJUTjFPOExKZ1l1dU91Njh5ZUNvQ2Y0YkY3NWJSSVM5R0JXbkFFcXBja2w0U1hUWkc0MFM3RXJJNnhob1ZCRHdWbmRBc2JPamtDQW1pbE5ma3hlX3VfaGllWVJvNWc?oc=5","The Jerusalem Post","Israel","1782832445000"
"Iran to hold talks with Qatar Wednesday on frozen funds: Foreign Ministry","https://news.google.com/rss/articles/CBMifEFVX3lxTE5GV2l3VkxPcWtTZXZkQldta05MYy01bWQyc2hKbUV3YlNhVGg2UWwyMkhjTUhXamQwZ2oyWktJb3dLVV9Vb2JwMzJnbzJRUGFhQkRHZWpSZVF4RVpXVnIzaENXWjgxMmhIZXpJd0lOQ0hYT3pTWGs0bkJkZE4?oc=5","Xinhua","China","1782832140000"
"Saudi Arabia Reiterates Solidarity with Kuwait, Bahrain after Latest Iranian Attacks","https://news.google.com/rss/articles/CBMiugFBVV95cUxPc3hkaDd3M01CcHR1bEJkODJnNlM4Q1k2eGUzbHk0b19kMS16YjZZeks1V2tkU0JLUjlwMEZ2S0tRLW1wZF9SeFkwbWt4Rk50NlFCRUNtclg2RE5XUXJMaWNGN3p4c1pDT3FfSXFuOTVjaVh1REMxWTh6YmpXbENPVl9lZXd0ZU55VnRncHdHdERUSHBEZDk5eEVFY182WlgxOG9KX1hwdkF5ZFNsVWVXajBJT1RWOGlxQUE?oc=5","Asharq Al-Awsat","Arab","1782831861000"
"Iran’s most dangerous weapon","https://news.google.com/rss/articles/CBMiV0FVX3lxTE5IcWstWWVVcjlydXNPNjc2bnpaT0xDYUhKSnpKOExla1JrakRySHZSYmNZRGF2S1B2dTA4MnZmTmJ6VzFDNGpOYi1jOGZOYmNRR1Vva1hWTQ?oc=5","The Jerusalem Post","Israel","1782831600000"
"Iran to hold talks with Qatar on MoU deal with US, frozen assets","https://news.google.com/rss/articles/CBMitAFBVV95cUxPdXhtX084dWxMeVZmUGc4SklRcG41ZU9RYlJUcW4tZXIwRmdISElvWVgxWlE5bi1ycnpHc0pvSl9JLVF4eWdQU241dmdzQ2Itb1JGd21STS04VkFpVTBtVGFUckgteEpNeC1jNm0zdVdxVGZ2MnR6RmFTejJXTXBtMDVzUEVKcEpPV2xxUV9ZMVlTeUZnal9qeUxJTm9zQ3pFTXNmOVJDRUpQU3dEeXFmcTlqWm_SAboBQVVfeXFMTUItVWQwWHRXaDFnN3drLVBJUkx3YUx2QVVfeVZhcXNrTUtwQ0MzOWFvcU1LbzY4Q1lpWDNLcjFoOVV5WlM3d2tIWE8wN2Yzc1NMTENTcUFxc05UN256OUZwS1pZcXdSX2VCbkcyNm1XZTExT2ROeVlVV2xORUh1SWg5YnllMnNqRHpBR1Rrd0xZdEp0R0R5cl9Bb1l0M0JxSXFOY1lPQjl2S3VOZ3RfZDFQTmpIMVR0SnNR?oc=5","Al Jazeera","Arab","1782831515000"
"Iron Dome air defenses upgraded, ‘incorporating lessons learned’ from Iran war","https://news.google.com/rss/articles/CBMiqgFBVV95cUxOZUNKeVFQWWYyQmwtUmZmalI1NDNQbUotY1hyYUVyWTZ5SmNqZ2xIYVFsNDNrVEhCcW8wQVlSUGg5NTJadjJFMF9CQXl6T1FWQWVzR0IzOENTQmhlY0llNEVPNEN3SXFDX2JYTDBXN21ocmVKdXAyblFieGtPUlFsTHREMENNSWRpNnlleldRZ29xamZMTmR3cHY1dl9Ib3ZROUF2d05zWEZWUdIBrwFBVV95cUxNQnpqb1JxWjlkTk93Q3RGcEUweU5FeGRwbm5McFdBbkxFXzUtSWZTOUpZY081dnFVLU5HU3pKaXVQenV0a0RLLV85eVViMEF1ZU40QmdlVkdLdmdfSS1xWVpvSmJvNXlPLWpoTzhlVUNiZzB1ckRCSTE4cUNGMlFxRlhrNUpiejE2d3U4clh1cWtTS09qLVVRdHVNQVZLS1Vka3pWZVpWWmx5VEtwaE5N?oc=5","The Times of Israel","Israel","1782834055000"
"France banned an Iran opposition rally due to threats, security note says","https://news.google.com/rss/articles/CBMiX0FVX3lxTE5CSkNsdVJVQV9tSWJuMkJhSWgyOUlUX2Y5RElKMkRZWGhfUFJtUWhXU09LUDlDWkVSV2Q5bGlkWVlkOGhKc3BIb3BldERxLWFnS3ppakx2T2N0ZjRrdG13?oc=5","The Jerusalem Post","Israel","1782833395000"
"Who Has the Upper Hand in US-Iran Talks?","https://news.google.com/rss/articles/CBMilgFBVV95cUxNVEQ3Zk51RnFsUnFocUh3VnJFcy1JMHdVS1Y0cnpEZXk2RzZCVzV5YlBvQmxoOTkwR0kyX0ZlY1IxS2pJQ0ZnRmdNYmZpei1BNmR3QVU4RXdMUU9kM29nX2JqTWlsMmhfT0RSODFJLXhWZ2ZRbDZ2ZXJxZVNXaHUwN3hoTjNMUzFJQVRjT2xydV9RM1FXVGfSAZsBQVVfeXFMUDdjV0ZkSkF0RE5Dd3pfMHFxaVN3LU41MUNDYTJYX0VfOVFxVXZubDVQNk5USEsxNTAtWXhjZ3FSalBldC1TeGd6VzFaUnRzSV9XZ2MwcXMyMFR5Tkk2WkpLTEdvamU3ejNXeUU0RzdVaWY5NDVud1pLcm1WckVWM2VBQzBlTlBHbUFSR0NURkdnZS1TWmZldnJsMFE?oc=5","Al Arabiya","Arab","1782833207000"
"PHOTOS: Tehran prepares for late supreme leader Ayatollah Ali Khamenei's funeral","https://news.google.com/rss/articles/CBMisgFBVV95cUxNLTlyQ0E2a1dxVWVpdlIwX1JQcl9LcklfZnhCbHZERUIwaGp5bzJYWHFjcmh4LUJwcVR6Zk0xYXgzbC1ZeDJrbG1nWUNULUVPclExVGktX0FKR0JyZEswNjZSbDlVTDRmSHQxdXNmdUg3TndPZEZ4b0tsMUF3SEF5SHphU255VHAtUkRacVp5STBNekQtS3dtN1B6M3MwY1VQb25VU3FhWHJOMU5LYzNILWdB?oc=5","Dawn","Pakistan","1782832923000"
"Starmer's defence plan proves the UK hasn't learned the mass drone lesson from Iran and Ukraine","https://news.google.com/rss/articles/CBMiqgFBVV95cUxOVEh0YndsMnpvbmxkeW16R1hBM05uVUp4WDJPc3paY0RtUDVMRndjNGVLelpSekxRMVU2ME5kSmdUV0ZiNHZLNFRYQU5uc0FKUHpFT2ZjWjl4dTYzTnZsUE1scFktWm1sRXFBQ092bHdmdFJYSFFBaWhrMXVudlpXcTB6Z20tTS1FMElXeEVndnY4bS1UOEVHYS1qOHF5VTJJXzhVRTItbkQ4UQ?oc=5","The Telegraph","UK","1782834540000"
"Iran's defiance complicates US negotiations, Gen. Keane says","https://news.google.com/rss/articles/CBMiVkFVX3lxTE91QmpHU0tOWU9lbXZfR2xYY3BOUXV2M0UtbHhwUUJHczN3Q2ZHOUlNTkdEdjJrTkp5eXE4WjJSZXJZQkNlVlQ2TldRX3RxVU9vYjk0RkdR?oc=5","Fox News","US","1782833619000"
"Iran claim World Cup treatment in US ‘undermined the sense of fairness’","https://news.google.com/rss/articles/CBMirgFBVV95cUxOZmxTMjBDVFF6cV90LUlwRWtIdUsxY0RhbUxHOHNFbTJ1djFMRGctUkZ4andGQ1JzY01tTTdQU3JxNWlYcVNFdVowZkF3eEMxcjR5b1dfZC1sUEhDWlpvU1RBTUNXQVBaQ3o1LTNTYngzOWd6MDBSZWNKa3N6RnBhMDdSNnBOSDF4NzlMaTFETzVMajJ0ME02ZUQtMEM5ODlIRV8xcWhZMHNQLS1mWkE?oc=5","The Independent","UK","1782836400000"
"Major SCOTUS Decisions, Progressives Target Establishment in CO, New Iran Talks and More","https://news.google.com/rss/articles/CBMikwFBVV95cUxPV0k3ZXJOMjMzUXdwZDAzNFpVSjB1cU5QNm1HeS12cko3TTdRYjV6LWk0eElTWXBNMGxqZ0hZZUpmRHhTajRXcjBQZVNGLWNpTV94alJ5OHFzY20yUG45bWc1NTMxOUNsMU04SGd0QXVxcFBmQ2xneUlVRWl0QUNIdzZXOHpFWTVDU0p0QW42OEV1STg?oc=5","CNN","US","1782836348000"
"US-Iran talks over $6bn Iranian assets to restart","https://news.google.com/rss/articles/CBMijwFBVV95cUxQQW1oOWUwbnI4TXVmQndudUZ3TXJadm9jUWRXRm1IdUJYSkNUY1I3MkdKWFl1TTRGMVNSY3MyRUxBSjhKU1dPUGQtdlF6Yjh3V2stUDZoVkZiY3RFdWxJcVNmMDFHeHNpOERQc0VHWGFzMFRXLWpFVjd1TEJMazZiRmZtUWJ1RG5UZlJnOTNVRQ?oc=5","The Guardian","UK","1782836040000"
"Senior US official says Witkoff, Kushner to meet Qatari PM 'to continue regional dialogue on MOU' with Iran","https://news.google.com/rss/articles/CBMi5AFBVV95cUxOZFBLX0hsT2h4OERJUDlmS3RUVDM4S1N0VTNIMzk0VHFvYXJpanpqSGJqNWVVOUVOQkI4bGlsUTFXYlp1eFhFMEhzNnk2UUMwN3o3WEhxS045UXY4UUhIbmNCdjctSkp3N1FBUk56WDFaR2J5Z01KdEZabTVSZkhDRmZBNGIwb3RDdXJia3pwY1BudDBzalAzbTJGOVZEM0RyeFJhR0phdUtoTVJ3aWtTN0M3WnhOX3ZnSlZYdWs3XzZBSExlLWpWTEU2VTczVnBMWk5wR0pfQWQtV1ZxQ1hJNEV1STI?oc=5","The Times of Israel","Israel","1782836155000"
"Iran says over 30 countries to attend late supreme leader's funeral ceremonies","https://news.google.com/rss/articles/CBMifEFVX3lxTE94d1BTRWRRRC1FSUNmSmVfT283ZGJNZnJxdFN6TjkySW10ZVoyQVNkSnhpa0U4Smd4OVBHQlJlQVltM05SN3AzMHFKU3lEWGJSY3ZnSm5mdVE2ZkhpUWpJR1ZfdnZhaF9zczN2MThfTFVZUmw0RjNVUWxHRWg?oc=5","Xinhua","China","1782835755000"
"Iran to hold talks with Qatar Wednesday on frozen funds: Foreign Ministry","https://news.google.com/rss/articles/CBMifEFVX3lxTE52akV1eW5mUlU0QXY3M0JpbFl0OGdOVF9PMXlRVjBWdmt4US1GQ2gxOUVNdGJCUENGNmtjNzhRekRiVXBRLTMxMzZHN0F6R2JBNFZPR3p1VEdJNzh5ZkJKOWwyWWxKazhHQTRFTW84R0p0OWVOeFpoX0ZHXzE?oc=5","Xinhua","China","1782838515000"
"Pakistan buys spot LNG cargo fearing disruptions as US-Iran tensions reignite","https://news.google.com/rss/articles/CBMiWkFVX3lxTE1VRzNvRUpCMDZ3dVNZWkZnZ2l5ekZuamNNYUNoRHAxTUVXZUp2NzktOVY4T2JMU1hGNHRLNFJvakd3SnFtc2p6ZWZEX2pqS0YtT3RyaUZ2dElkZw?oc=5","Arab News","Arab","1782837886000"
"What's Holding Back US-Iran Peace?","https://news.google.com/rss/articles/CBMijAFBVV95cUxNcGl1cW43a3B5UmpEa09oUVRNMGdxTXFhQ0o3dkl6S2M5emFpc0ItSzdfTkRPdjVPYVlKSEUxSUxhYkpiZ0xDcG13MHd3eEIxaGhSenVFalNjb2ZJWXRMZTlTaFhfSVBnRWs4X1ByeWF3OWZiMkJaX2d1dUF5XzZsSkRsUHdaUTQwV1FDYtIBkgFBVV95cUxOMVRLcXk2dHk1dHFEWnhRMEhsMkNFU3psTlFvQl9qTXEyck1xTEdfZ0xqbHVla3Z5ZUtJdHhZWkpHT3EzaGJLWDhSX0M2VW1zNUpsSURqaE1aQXhad2hlRmVpckltVVR1aFBBbWxwUmZxZnQ5dDB3Ym1JTlU3ZUFIQlMwQmcyOFhLT1M4NGdOX0dTdw?oc=5","Al Arabiya","Arab","1782837134000"
"1st LD-Writethru: China calls for maintaining momentum of negotiations between U.S., Iran: FM","https://news.google.com/rss/articles/CBMifEFVX3lxTE9vVWVNTXQ2RUxYQk1BZmtNSkdaVS10WU96YVV4S2dNVU95cXl2S24zZ3lBblNpakhJWVNReWlhSDNBa1FCYVNicGZJZ0NnM0ZlUktKRVBILUExb3BCUE4tdGNYNW94ZG9adWk2R3cyWDN4UXpiams3WVJ4bXk?oc=5","Xinhua","China","1782836775000"
"US envoys arrive in Qatar with state of Iran talks unclear","https://news.google.com/rss/articles/CBMimgFBVV95cUxQMEJ3c2FydS02RzZMWW5BLW9yUEFjazUxSTdWV2pxOWE4NzkzYl9CdmpmSG9TM21taWpKcENWd2tWVUNTOTJYa2pYSUQybVBUSTNwaHpJektfRDdNbVhkRXVtMVlfLUl0TklCNFlFeElzMWxKQjlhN3lGeXlOX0ZsSk11T3hDRmVOTVEyeWF0OFItSEFaQ2liek13?oc=5","DW","Europe","1782838562000"
"Iran thank Tijuana after World Cup exit, support Mexico as 'second team'","https://news.google.com/rss/articles/CBMitwFBVV95cUxNQWJkanh2MWpudUlYTXNiOXluenBocjhWVFZWMHRDVnVrNmFTQlRINGx3bTYzazdxSXRmUzUzdjByeXFHRHVYX1hUblAzckJLTGxRUUtkQldNVW9mNThZaWcxNTd3LXVFSXYzMW83SWNFLTZjdjBteng3T3YzLWdXUUc4UUlKc2NEdGc4U2k5RzdTSkRiQVN5LVdVb1c4bTdNdWRWZDNETm52LWp5UzlvWGZ5X2U4ZXc?oc=5","Reuters","Global","1782837477000"
"Tehran hasn't received US' promised $6B in frozen assets, Qatar confirms ahead of US-Iran technical talks","https://news.google.com/rss/articles/CBMi1wFBVV95cUxNRDllWXFKY09zVEZsMENMZEw5cmVuU1ZUSVdsa0FsU3BWTHZxZTNfeEhyeEJ3SVdzNTZBeEdmRHQ1WHJHUEF6emxtNFRNb1lJQTRubVhWYVJiUFRDOXhCNHBCYWQxNHFUU0pwMElSN2pnMDhBYXR5dXQybm1VcTF5bUt3LXZKU1Y5M2lfaktKbVB5Rl8wQVFxTjR3ZFdELVRab1U0dTV5WmhiVmdKaVE0M3V5YmNuWmhKMmx5VUVZeE1aU1NjQmtDZnByemU4aFdxS095NVlfWQ?oc=5","New York Post","US","1782837720000"
"Iranian dad helps blind son feel the World Cup","https://news.google.com/rss/articles/CBMinAFBVV95cUxPbGFjMURoLWI4aEw4RjZVN25yenRnb0NlRmFUU3V1Um1VaHliMC1ZU1hjenhma05tS3pRODJXSGEtbjlHSVVGV1BpNFg4X3VyTFFTenNaYk5VV1Fra2MyLTlhVzlQUzltTWMzWEQ4cDh2YmRJdjFoTEJPc1N0Y0xsSjVMMnhfUEZ4N3dnMTI0NGM2OGNZZXFHVWhuRko?oc=5","CNN","US","1782839640000"
"Iraq seeks to repair Gulf ties strained by Iran war","https://news.google.com/rss/articles/CBMiqAFBVV95cUxNb1FVTDlJM1BWcmVNOTd2ZjZfRE94SWxvN0VOOXBuWlcyRzFwcWNQLVE3aVdQX2pBaEZMbFVmREprRlhyTDhNdmk2RkZlYUVlMF91MjhZUms0X3A1T3ducEF2UkVsNTBNNmh5ZWtxV2Q2cVFobUE2VWFmbktZY0lfSzNTcG9HNmJqTTRjUkh4ZGNfS081OG1JZXpRNUZ4c2p2ZWoySFpLelE?oc=5","The National","Arab","1782839323000"
"Iran team thanks Mexico, questions World Cup fairness in farewell message from Tijuana","https://news.google.com/rss/articles/CBMiiwFBVV95cUxQdGxWNjhJVG5qV2NiWHc4UC1RSmd5OTZ0bWlHOENiaWJ6RFFTTzZnaG5kT2ZNT3VjZEJnSFUxVUluUGMyWHhaSFRJSkhieGM3LWVfNTQ0b2pXbTVUZXgzRzZsMmxqT0dMd2J0bUFxYlluTGJjbS05czdvRm1WVDhJbkpmNE9zcFhnZFBn?oc=5","Press TV","Iran","1782839040000"
"The Iran ceasefire illusion","https://news.google.com/rss/articles/CBMiV0FVX3lxTE5lN0VlWFN1NGd3Z29KakltNHhWcFM5Y1hNdWdWVmFoa0VIS1ZxcGRvakp0QkFLandsU0ZfSi16V0hqVzRlTjBwcjJySjVWWHc0YWQ3VFNBWQ?oc=5","The Jerusalem Post","Israel","1782838800000"
"US envoys to meet Qatari mediators in Doha but no talks with Iranian officials planned","https://news.google.com/rss/articles/CBMi1wFBVV95cUxNeFM5Mk5IZWoyV3hzS0pjS0VVNUFJNEtXSHdBOS1XZjhvS0YzMFF1Vk1QbjNLVnl1d25wOHRDOHBVVWM3UGhTT2FPRzJWU3VqM3d1UDZ0Y2NBblh4RHR6SUd3TjcxRkxjdlJXRjZjR29hcUdHOTB3QXZRYmZfcWMwVzQzU1BMS21BcDFoemdPR3U1bXo4SWV1OHBfRWp1SHczcENWOHgzc3AyQjdSR2poYWkyR1ItU3h4MFBzNk8tcVpmaDFid0liQm1IN0gxQWs4S25zQWwtRQ?oc=5","The National","Arab","1782841370000"
"Iranian content at centre of potential inquiry by Meta Oversight Board","https://news.google.com/rss/articles/CBMilwFBVV95cUxNSkE5NFl0dUlXblkwRnh4eW01OE9EcW1MaGo2LXdBX2N6NjRoSldhektPOXpDM09Idl9CVXFsY1NVRUpYcnNMRWUwa1o4QUtLOWg5YVhzM0RjTjVFNW1DNGlieXNqaFd3YU5qQWY2T0UwQ2JTWG9uS2pCdlpZWEkwMFUyUTBxbFdodTRyT1Z5WXktOWRlNVEw?oc=5","The National","Arab","1782840839000"
"Iran heads home after a heartbreaking World Cup knockout, but fans say players should be proud","https://news.google.com/rss/articles/CBMijwFBVV95cUxOM0RWSHBwNlFIY1Uybnh6Q3hpUmxyS21fMnBGVnBrX0UwdGl1ZVRRWmV4bFNNTlR3c29ZX25xZjl2NmRXNmFuLVU3VzUxeUNQcjgxVjFQMzllYnY4Z29JQXJxazd2Z2wyWmFCTnhNRnktblpKUTQ4MEthbzdvdjIwcHVfNzI0bzdJdUQyQklZSQ?oc=5","Associated Press","Global","1782841560000"
"Iran heads home after a heartbreaking World Cup knockout, but fans say players should be proud","https://news.google.com/rss/articles/CBMiygFBVV95cUxPZG1XOFhKU3plYjJzYi1YRUhzbGNrcUdDWE56VGdyemR3cnpqSlFmYURTaXFQVGY3M1FPZlkwOWpjRVlpMHZyN0RCazJhd3M1YnhhdmFkVDhBSmRKVXFtY01WZnlMWllYZlF6MjBWaUltdjIyQ3ViY3R3T2JOVTg2QjdoaWpOaEd4S2VLN2hMNzBLSXd0LXA1QVgtdXpaNVpOamdKUGlEX0tscVN4MGd5cVpYR3dZMVNvTlhBTGRlWEU3cE5xRmVKWG1R?oc=5","The Washington Post","US","1782841977000"
"Iran nuclear, missile threats persist despite MoU","https://news.google.com/rss/articles/CBMiakFVX3lxTE42a3hwWVc3aDFOajFDdWJ5TmlYak4zNklmeFRSRzlTQWlDNFJXdHphVmM3RUg1eWlNd2dhYU5uLVJNZzRwd1ZGWkQ5M1hFVHFRTFRrejR3cFBfWmFLbWVkZlFqUG96ZEkwVWc?oc=5","The Jerusalem Post","Israel","1782845609000"
"US-Iran talks resume as Hormuz shipping dispute escalates","https://news.google.com/rss/articles/CBMiakFVX3lxTE5mamNZUmx6SmxIUGJpQ0JHWnVaallqWEs2Y0hpWGZvVDc3aTlxMXlnSkxDbWNlVEJkNnpfSEFfVkFhM2hRMTMtaWNZb2Z1SkE5ZHJ2eVAxODl3YWFaN3J0RkxIajd3SDJhbUE?oc=5","The Jerusalem Post","Israel","1782844440000"
"IMO chief says Hormuz tolls illegal, suggests voluntary fund as alternative","https://news.google.com/rss/articles/CBMirAFBVV95cUxOaHpCbzJOZThkN0xIT28wOVBBVTd0VUNGcVJLN2RnU29LWFdnQ0ZrS2cxSWVvSkptV2JzbjIweVlRb01ucnl2VjQzTk5haWlhRDlrRkpMci1CLUVORVh4c1lYTGJSVTV2a2ZLejNhb1QyS2VGMU1SZkNLcmdXMU1oeVE1Qm5sZWpFa1hyZ3VHOEtkZXdINkhseUtIakpQR0xTYkZJSTVwbzJFMm9Z?oc=5","Dawn","Pakistan","1782844383000"
"Gas prices continue to fall as US readies for talks with Iran","https://news.google.com/rss/articles/CBMiVkFVX3lxTE45UVZLRTdEZ0tUdzFhRUFfaDA5RXVJUWQwVkdLeDZERHhWMGJZVHJPRjRwT1VTRUwwUnhZNzBpME9rUldOQktXX1MwY3gwZDR3emVLNFd3?oc=5","Fox News","US","1782845798000"
"US, Iran gear up for meetings in Qatar amid Strait of Hormuz disputes","https://news.google.com/rss/articles/CBMiVkFVX3lxTE5ZSDJBVFd4RHlQQXlia19QdDZLQ0dCNHdPWHVqVXR3Rm9iZlRMZkZNZ3FZSlAzZGVzUzdKN2p6aGszekNid0dOQW9ON3dDTG9ELXRMejJB?oc=5","Fox News","US","1782845611000"
"Iran hits out at US ‘lies and mistreatment’ following US offical’s joy at team’s exit","https://news.google.com/rss/articles/CBMikAFBVV95cUxPR3N0YkxxT19GSEt0ckVmdFA4SjJ2bHQtRDV6Qmk2TVcySWRpbzFCUFFYclExUThTYlhCVjBTVnl5MExIRFRwRGUzbU1RMXlCTW5ZYlEzbHE1S1hUZTZJV0xfLWFVcGgycnc0OGN2Y2xnNlU2TXoyelJKUktWQi1rX0pqb2N2QTFMT0NiTE1KZTQ?oc=5","The Guardian","UK","1782845340000"
"Strait of Hormuz oil flowing back to pre-Iran war levels, Vance says","https://news.google.com/rss/articles/CBMiqgFBVV95cUxQTWpKcUY5THFiNHhJVXZQZnFycVRUQnNmZkp5ZHcwYU93dTIxWWVaMVItOEIxSjN1dGFoLUV5dHJ5d3dZYURyeWhSZ2RDeW5QWW5QMmRxcTFmSEZqNEJCWnZQUW5XbXU5UnJsZWVjWUNKVzZISVdWaFZXSzBMUWJpeng5TG16QzgtbEttSzZaamlYS3VaWmtXalZ4NHNwVzAwUkV5dVBZWk5nZw?oc=5","New York Post","US","1782847080000"
"Iran says it won’t ‘allow’ other countries to demine the Strait of Hormuz","https://news.google.com/rss/articles/CBMirgFBVV95cUxOZGRtN2tJTzcwdFVXWnBnVm5UQmc3cndBY0Nzd1JUOC00WGI5ZTdWdXhfLWZjSENTakc0N2lLUFlwZDFET3JtZUZpUmo3aC0xN05fMkktUzI5UXhpOUt2MGI3Z19nRnM0WG0tQ2dNajBrWkU2SXBRaHRBMHZVaGROdUhiMnpxaWZxazl3T2dpdmJUeEtyS2FySFBob3V1M0YtN2I2LVdmNXBNTjVicGc?oc=5","New York Post","US","1782847020000"
"Israeli police say U.S. citizen arrested for allegedly spying for Iran","https://news.google.com/rss/articles/CBMifEFVX3lxTE03RGV2TnF5VW9vQVJrUkIwcWZmMmVsaE05UC1vYmNzdUlPSDFNVkN4TFZqVzhaRDdidjI4LUtqOGQ4NXZHUDNnM2JiNFQ0WU9wVWxmeXFjckhzX21TbEJTcGE1aXZEaXo4VFZhTUdVNjJ6eXJnSFY3ZHV6MUU?oc=5","Xinhua","China","1782847215000"
"Iran, India have great potentials to expand relations: Pezeshkian","https://news.google.com/rss/articles/CBMiogFBVV95cUxPcHVXbnpWc0p1ejhYcFpGM3doSk9STlBTMnVWQkJzdk10alJEMUZ2cXBDbldlbTNDeWZGT0J6dS1SWFIyckowcGJkcUNBM3JTZUxmTGU3ekhsN0VIY1d1RWRaNVZVNVBLdWtNOXhMSTVhYTI5U1RVWG1CQ3hrTmRpQ2NPRlhUN1l1eWhQUGZLLTF5UXZZMGNxT01tMnpKQTBNU2c?oc=5","Press TV","Iran","1782847020000"
"Netanyahu: Israel’s battles ‘never over,’ ‘more work’ to be done against Iran-led axis","https://news.google.com/rss/articles/CBMiwwFBVV95cUxOcmVZRXFpSFdUOGpfZ3JkcVk2Ry10ZHV0ajVGT1JncWdnUlR2c2RsWkVIZllESGZTZWwzUEhGSjEtVWRfckhYWU9zY29MT3FuVl8xUXJfUUd5bDc3WUJkaDEyeEktQUM2c3p0VWthNmtUd1B4dG85LUJfVWJnbVZlUlRSLWx5emx3UVVaazV0THFXNHB2NUF5RVNEOWt2RTZvYmJ2NXllZG45cEtxZTVQbnNsY0pCckxLd3JtTjNKVXVuZjA?oc=5","The Times of Israel","Israel","1782846955000"
"Flash: Iran's top negotiator says Iran, U.S., Lebanon to establish committee to oversee end of war in Lebanon -- media","https://news.google.com/rss/articles/CBMifEFVX3lxTE5JNlN2SEtRRFMzWjdudXFCQkNybEV2UERPbFE2VWJNQkRTdktpYmc2STJLakNtaFpXSk0tVDBkY2lBNGZRYjVHV2wxWmp0TWRSdGRrWlBWczdRbEZoV1FFRW90cTIxZEVOZkw5MVE4RV9USjU1eU1VNFZIUXE?oc=5","Xinhua","China","1782846600000"
"JD Vance Says More Oil Moving Through Hormuz","https://news.google.com/rss/articles/CBMingFBVV95cUxNQkstcTkzWWppNkdNcGs3Mm01aUNXX2xFNktERkIzclZNNDRvckg1QndPeWhPSXZsS0x2M2hTdU1LSDZkTlMtT3NBYU9xMllvaWF0bXdHQ3M2S1Q5ODh5d0hFOGNGek5yelMyTGdWV1hOYzhqSkFHbFY3cVdCdU1QajNWaGZrcXRMNC1oNUNnVV9YLTdjenlnZ2E3X2ZvZ9IBowFBVV95cUxQQ1lBbmpDcDJQMzFWak1vckV1VU9Ra2dseHhBSW5RYW13QmpNNjRLLTU1Z0dYenZwLW1oNHFZN1J6MUo2ODVhbW5Xb1hnX1FjbmRsMFppQUxoTmRVX0g5WUd2ekhLdWZVdmNTTWFtRGNNMVF5aVBRWFMwQmJpQXZBU3VUMzBsZVo5aUNnajNNVEVPM2Q3enZ0Z3lwdUQzM2ViZmtz?oc=5","Al Arabiya","Arab","1782846512000"
"Top Iran negotiator: MOU with US unfulfilled, no talks on other matters until it is","https://news.google.com/rss/articles/CBMixgFBVV95cUxPdnJNajhoSF9sWEZ0b3ZwOEtBZVNTRmt4dFl0Y1dobzlXbHlfcVNxNWlQWjl5YjFQVnlCVGx0MHZYWU5jTFZfUkk0UEJDMzVwdjdfLUVxOFdvUnBNRWZsSmd0U21XcmRncGJldlpCSkZmaUMzT3pUOXkzOEt5WU9qUVFkT2VnZm82QnVRQnFMdG9TZU9ISy1qMERfRlZ4UEp6RjN4TV9ELWc2UUJoWTZCYnNVZ08taDFBOUJQT09CdlVQLUU3c3c?oc=5","The Times of Israel","Israel","1782849355000"
"20-year-old US citizen arrested in Jerusalem, to be charged with spying for Iran","https://news.google.com/rss/articles/CBMirwFBVV95cUxQRW55UjNDc3hTVUlMYlRrOVlLdy03Qi1tWkU0Z3RjU05sRlYxTmpwWkhtMHkzc0YyczZWdmhoajVrSUNqc2NmZHpuX3VFRFljOEMwRFp2UWdPdUVCd3BVbnQtR0poOFNNYXEzb3ZMVzZqVzI2Vm1YV1ZuRktVeDMtYmNNaWZjYzA5UFZSU2FQSldHczRIdnJydkZDTG1GMG5oVXhGck5Va0pqZktOeFpj0gG0AUFVX3lxTFByOVJ4TzVqMGZQcGgxREM1dWVlNGVyLXdyRDNFdFlRQ0RPUHpab2IwY3VXZU1KTTgxbEwyVFRRVUVFVlA3dzV2c01LNkVkYi0tczhvZlVZbGg4VFhPOVpaeGhSV2pYVmFGMFlSU0RMNGpSYzc2Z1B4SGZYR3lFdUV5UzZORE5fSnV3N1NvU1NjdnhFZlFXN284Z2VtQjhDakJWbXVnTkFhZFdwZ0k5YlBfX20ycg?oc=5","The Times of Israel","Israel","1782849150000"
"Urgent: Iran not to enter talks with U.S. unless peace MoU's provisions implemented -- top Iranian negotiator","https://news.google.com/rss/articles/CBMifEFVX3lxTE1GQUl3MWFnMDNWLVBIRlF6TzVQOWp2R0JYYnBhcU1JeHI4NjZDd3QzWXJZTVJaMTV1S28wWnhmQUdHQzBiT3VrVW1KcDFLOE9TclY5U0EzbnVwRFJIYjRkYkRLZloxMDBCdGt1aXFQSDVzWmVTVXYtSWhfUUU?oc=5","Xinhua","China","1782848955000"
"Flash: Iran's top negotiator says Iran prioritizes diplomacy with U.S. but remains ready for war -- media","https://news.google.com/rss/articles/CBMifEFVX3lxTE95dGJMWnlMN3BZeElLeC1NV1g4a1l0X09pNTlUejEydHpjbzN1VG1QSnhmcVNuaXJzaERheTZoQzcwdDdSRG0wSnV3eWZ0V25XdW1OWGlhYjhPeGk1TWs1T0NLU1J5c055aTBXblhYLXNlRk01Q0VyQ3FiODE?oc=5","Xinhua","China","1782848130000"
"Vance Says ‘More Game to Play’ in Iran Negotiations","https://news.google.com/rss/articles/CBMipAFBVV95cUxQUlh4di1GOHJfOUFOYnFpUFZ2dnRSaThOeGhLcElYOEJlRjhMNEsxdVYyM2FBZUllcTBXcFRTMlZVVnRCTXFsb3N6bmNaN2l5MWVzREQ5eFdZdUxBTWY2eUY5WGhTcV93Z25zOUstM2I0UjVOTnFPQmtzdGhKX2lZSURmdFY2djZGb2RrQzBDU2x0QnBCZ1hnR3dFcEVxQkNsLW5TM9IBqgFBVV95cUxOaF82NWdLTUVWTWx3ekxoMkR2QXRTUFN5X0pqT1drS1kxUmUwZ3pLTDJoWExXeE5ySkxuVHlvX05TOHlSNE40bk1uNXJrZEE4QkVaSDhWQlVlUFJzQm11c3lpMUY2ZkQ0X2NCMUctZkd6NEZJWFJEdE8xaFhBZnMwMmI1RFc4bFRjNVVBSFRFVy1Fc1ZPQk83Tno0Mmk5VzBRSWdPSXlPLVZSZw?oc=5","Al Arabiya","Arab","1782847750000"
"Iran prepares for late supreme leader's funeral","https://news.google.com/rss/articles/CBMivgFBVV95cUxNVWMxXzJGUXJfVEQtRGV5djVVVGRsVHMzYmZVcnpSdy03YlNUZkR1dndPU0tmNDZ2dmJOM1k4R0xvR2o2STBuSkpUdk81VWRYZTNOY3pyN3dJc1E0WGpydUxEdmhjU2pFbnlhbjVNNU1rd2JibElsVW05TnllcUNtY3ZKRms0U2QxamkyR1dNb1NYOUc0WHR0YXZxMG5NQVZibzdUQmRXdjhfQXpGZG53R04wbzRhS20yckQ5TGdR?oc=5","Le Monde","Europe","1782847577000"
"U.S. and Iran to Meet with Mediators in Qatar","https://news.google.com/rss/articles/CBMifEFVX3lxTE1TQXhuNFBOVVpuNXZPeWxZNWZWblBQNW9ydGZxV29oU3VUa1FjbHI1UGdNWUQ3V2V4MFUzWmhVZDRGMFRHMS02clpNVFNBM1VsbkEwcGF5Y2FINTlEQWl3TEh6SE8wTklNU3BVWjFDcGNhYk12NEdZSWJPc3A?oc=5","The New York Times","US","1782848004000"
"U.S. Indicates a Deal to Suspend Attacks in Strait but Iran Hasn’t Confirmed","https://news.google.com/rss/articles/CBMid0FVX3lxTFAzS1lkbHd5RDY0ZUY3bFB2OWgySDBmaUVMU0xzXzV6QXZucTNzTTgyelJuMloyOFpBdmNpOWtmVkFvSXMya3RfUGtzNUl0NlFiaGJyY0paTkNKYm5Md2RVZU5pUUZYSDUxc3ZwNXozdTdDZGdMZDJR?oc=5","The New York Times","US","1782847727000"
"Iran couldn’t export ‘single barrel of oil’ during US blockade, Ghalibaf says","https://news.google.com/rss/articles/CBMizAFBVV95cUxNSm1YT1lWWjFOcHpZMFNVX2R6Mk5fVFFQSkp5N29tQUhWTnNaMWFSQXRyZ3k5Y2tKRGM2VW1FSkVwc1hROGVSbE1jcVQxSlRZQU1GOTI1ZWRiV2l1SUJkelFZQ1ZQUTAyWkxBN1pUU2NkTF9xemdBVHlmM2NwLXg0Vy1fdVdtTk11Q1RQZmh6X1NUN0syN0t6cjJOWGJiT2pCLVMzektWanRaT3VENVFWek5xLWpqdGRJeTZYZ1Zoa002MXBLQTF0Q0dReEjSAdIBQVVfeXFMT3JHVXR2QnFiWHA3eF9aRG1SM21FcHZZY19EUzRmT2E5S29JcTBnVGMxNEhHUUVzUGNQYmhlTlZPTS1ORE1LTEo1LThrZjFGQzQ5a0IwX250RC10bXBlak83a1haX3hnTTVlRUJSajU2c25fVWFVN3lkWlEySjNPQlJCSkdEel9Kd0FtMjdoVnBrUmtvbXZYS3hEZHQ5Z3JnYmhoclRMVnc5TTVmSWZRTmpyWUl4aGFxMXg3X2s4WGh5bVB6c1pNRGplWlZIQUNnb3dR?oc=5","Al Arabiya","Arab","1782850200000"
"Evolution under fire: Iran’s ‘axis of resistance’ in a post-war era","https://news.google.com/rss/articles/CBMipwFBVV95cUxOQlgzVy1YUEExQVFGZ3V2M0kzR0lTOWR5WmY3OEhWTE9WWG1seDIya1lEOU9rSnE3Q3BBTUVsV2NYQ094aWxXYzRzbURNX3ZiREl0WjUtR1lraGRtX21FSU80YzIwVTBVcWNWXzAzTV9MUC15SllBSkJBMVVnVVcySjJrSGdCbmJJOG1mSmd0S0JTVy1PV201eDFKQkJTNUxkVS1yaTk4Z9IBrAFBVV95cUxPUUpVUHNKbzBMMF9TR0Jyb1ZXaXU5UlJjNXY4RXJxVkxXbUJjSVp5MThqQTNCM2RwV2p1cVlKSjV5ZjRWRkxsWEpHei1oNVd3M3B0WU1tOHRPV20wc1hRUkVMeFdoVDVBbnVXNFpyVThtS0xOTjh1SE1sTTljUFBZaG1CTEJHNUFrMHZvd0Q0WHZ5cXFTb2ZNTGNVbmRPT3pmV1lSc1BJcEMzcTk3?oc=5","Al Jazeera","Arab","1782849822000"
"Iran was unable to export any oil during US blockade, has since exported 40M barrels -- Ghalibaf","https://news.google.com/rss/articles/CBMi1AFBVV95cUxNUkc5VWZHSmhLZi1Sc19XRUdFMFY0aUZBZDlnN2stYjQ4c25PWmYwbXE0N1BkU0N5UF9Nem9RLWgxanB4MUVCbUJpTVRVa0F2UDlyOTNLREtqbTZEM1lVUzFYdWZybC01UE5PNHpkNFUzNHhPLUNLOTFwX2xUb3BYV3ZOUDV6WmNsQklPeTUzT1Q4ZlRHY01HOHlIOElhR3U4RGZ0cGlHeHBiVk9Ia19oVnNYb3VJaW81cl8yNVNNZk9BSTV2TExQc1NzMEpOc3BWU0kzMA?oc=5","The Times of Israel","Israel","1782851595000"
"Iran prioritizes diplomacy with US but remains ready for war: negotiator","https://news.google.com/rss/articles/CBMiXkFVX3lxTE9rOG56S2ExTGZFakJ5MUdNXzYwWEl1V1dXS3hKbzBUQ0MtR0FXbUxqcFdKVjNDN0F3UVA5SjBLcTk1MGlfSVZkN1RCUTNHZGZpRU16dGhndy1iQkxJWUE?oc=5","Arab News","Arab","1782851124000"
"Iran prepares for late supreme leader’s funeral","https://news.google.com/rss/articles/CBMiXkFVX3lxTE9ZOW16WUxjRnhQTnhVeThLTjJMLWR5T2xabEtOWDlVbm95SDVCWUZTeGJXTkp4Qk9iSTA2NjdtUDQ3ZEhrVzU0UURjMXJkeXRlRnRDeVhaaGZsdkRrbnc?oc=5","Arab News","Arab","1782850690000"
"Tehran reveals plans for future peace talks with US as envoys arrive in Qatar","https://news.google.com/rss/articles/CBMimwFBVV95cUxOd3phd01CbGRFLUI3RFdnYWVteDdtMzVtM0lZRHloa19aSWlQQVRoVmcxWVZRS2tSUmt1WkRILTJSbHdzVTM5c3h3clJoQTRUQzB4NGo4am40UzgxdGtMaUp4WWd1Y0ZrWlFUejF1amtYTjVSUzY2UGdlNkc3dk9lWUVtaTdyVDgzbUxTSEM4cGdsbzAyUGlNWUktTQ?oc=5","The Independent","UK","1782852000000"
"US envoys head to Qatar for renewed Iran talks as Israel warns of more strikes on Iran","https://news.google.com/rss/articles/CBMiVkFVX3lxTFBreWVmWnRXY3JqWFFBWGM0TXl6aHF6N21penhzRm1NMEdVZnNlRjNiZEdfbFE5Mk9ZZ3BqcWdwdGdJczBQa2hfcUFJd2tucTJadXpUaXpn?oc=5","Fox News","US","1782851959000"
"Wave of attacks on Iran's IRGC raises questions about renewed Kurdish insurgency","https://news.google.com/rss/articles/CBMipgFBVV95cUxNdkRIVW1ScEg0anV0UGJqNG5DTGx2Ny1BQkFaVGdrMVlFTzd0Qm80dnNKb3ZiYi1Ld3d6T3M5YzVmcHJKWEs0VU1xWERLUlJBXzV2eUMyellNZXZtQTl0dWVVaWZ0QjM3RVNsRE1CRG5leE93S3NIOG1hOUw3T1MzMXVRR2sxX0hGRndfUm9tWmZZZi1tN3RidW04N0QzVWt1R0s4NlBB?oc=5","Fox News","US","1782851913000"
"Vance and Rubio take different approaches as Iran tests their 2028 prospects","https://news.google.com/rss/articles/CBMijwFBVV95cUxNbTVEQW96NFo2bFdianJUVnlOVmNpU1E3WFR5YUQzTTVZT0x2cmRSQnBlUDlyTnk2TXI0RG5uanBSdWJneWs3M1lxS05nTkxLM2xuQ0VEUUh2Ynlpd1ZpUno3T3pZT2RrSlJhYWYydVdGUE5WSkFUc3llTGd2RkN1V0NCVnlaeFE3M0oyc0g3WQ?oc=5","Associated Press","Global","1782853560000"
"Iran War 2026","https://news.google.com/rss/articles/CBMiWEFVX3lxTE1YRkR1dzhjSERuUDJzQ0xHdTBjUVVMUWY2Z3U5Tng3clFleDNiVWswZmltTDF6UnlicEVxbzlVanpQME14WXVoZEtQTXFXcFdTakxRUDBpN0w?oc=5","Politico","US","1782851835000"
"Iran not to enter talks with U.S. unless MoU's certain provisions fulfilled -- top Iranian negotiator","https://news.google.com/rss/articles/CBMifEFVX3lxTE5oTzVRbmNxVG5RTHFuc0JIcVc5U2hXcXgtQW55WnV4UnhUcXNEdXJIWG43V3RCSVVadFZtTElTeXpnUzlIMGYzS1ZpZWFxSXg4dHVhRnVmdnJ2d0hLbWlJQU1xc1prbEpMT3J3bG1TYzN1MTJwbXNHSmVLV1k?oc=5","Xinhua","China","1782856095000"
"Qatar reaffirms mediation role in US-Iran talks after meeting with Witkoff","https://news.google.com/rss/articles/CBMivAFBVV95cUxPR25KTm1qQVJXT2piOFMzZVV2ZkJPeUhfMTBadVk2SmlpZEdJSUFRc1BvclIzWVVLYkNFdGhGV3h5aWFRME1DNFBTSW5XUnBMNm5ORlFmQ0R4V1lwNWlJWXFKaWtKRTF2OG1Kb3ZXcHpBSkJxZkpfZzdhbWh4RzlMWWNIcFpFWGhuaEptRnpodlU5LUNoV282bGprSjlDUlhuckdldTlFX280VmM1aVkwMmZtb1NQSC0ybHQwYQ?oc=5","The Times of Israel","Israel","1782854940000"
"US ally proposes teaming up with Iran to charge Strait of Hormuz toll — despite strong opposition","https://news.google.com/rss/articles/CBMisAFBVV95cUxNcmU0d29SQ2NOX2Nya2xnbnRIRlJMZ2NUN1N6bVY5VzJhVkZwM0g2WXR3ck1MRFlKWTgtVFZQc3AybDJOOVJwTkNzMzZNOXREdm1yRS04emp6TEExZ3J2WmkzNl81d2UyQkc2Qy1rV1dlQTMxSWNXZlRlaHUtVUhXSlk4QTFQV1kwTjZ3SDZyRkVrakJLTGxSUXJWaDhlNFlQNzlXTXlBbS1KUzlLMGVtQQ?oc=5","New York Post","US","1782855120000"
"Oil Steadies as Peace Talks, Flows Through Hormuz in Focus","https://news.google.com/rss/articles/CBMingFBVV95cUxORDg5Sjh5SGhNSE9ybEdZX3ZlMHFkaW0xVTZrU0ZmUUdCUkZOM1RuS1dvR3FEejFyZGtHR2ppM1pvRC1UUTdkVnVYNHRCVU45RnMwWml0SDRsUU1ldEQxbFp3WDJKOWRNZDdUTWl1VWRocFVOWm9KN0pDMTlxRHdaa3A5QTF2aXBhTTY0NkJVVDB4VDRHWUg3QlAwV3lDUQ?oc=5","Bloomberg","Global","1782857064000"
"GUY BENSON SHOW: Karl Rove Breaks Down SCOTUS Ruling on Birthright Citizenship, MOU With Iran","https://news.google.com/rss/articles/CBMiekFVX3lxTFBYUTFVNXVsVXUxRHI1Wks3MDEtUHhSMVAzTERzYWhLNXlXNVhJMjhJZG91aElldHpjTVZub2tSeDk2Sk9DRThVSkFFZVBHam14Vk9PYzgtallFbjE4cTRUV19CcGxrQzBVdG5PaFlscC1WSmhjUWQ2ajBR?oc=5","Fox News","US","1782856836000"
"Strait of Hormuz Irans greatest source of leverage; no retreat on sovereign rights: Parl. speaker","https://news.google.com/rss/articles/CBMiyAFBVV95cUxOMUdnRUd6cWJLcWlDSzNSYnQxLXVFNndpMThnQl9taVJ3SktjTm1JeW1sRTZXVGV4X2VMeE9MU3IxRk1CTDdZa2lLWXRJNXBQSTZfWDU3b1Q3d3BlT21BX2pwUWhoNDNnUkNNNThydktUX0ZrMjVneE5TM2VvX3l5YmYtZUJ3dEY4SXhWNFh6UzZ1X0c1elpHSHoteTZjUXdvMEpkMzQzZmFlSDllTmVKc1V5X3NVcjhHRDU1YzdBSVVZeGRmbGZfeQ?oc=5","Press TV","Iran","1782857760000"
"Iran says it won’t meet with US envoys, clouding prospects for peace deal","https://news.google.com/rss/articles/CBMiuAFBVV95cUxPMkM1eXpaeG5MT1Z1eVBwTUVBSHhQTGdHcTktUVhmQXB0dlJiQzduX2h2dzNDX1FFQktRODQwWURvWl95SzJqRm9sREN5bFItNHZTS3dhXzFYSUJGZ3J3NlpPNS01TkVBejlSSHJBUW9XS3luVUVhQjRSb0wxLTJrUnZLbE5GTzhVWUpCTlpSdFVNbzg3M3ptdU56ajFvZzE0Vkd0aURxVVA4VEhlbV81SFJaNUdkRmZV?oc=5","The Times of Israel","Israel","1782856920000"
"Qatar: Meetings between US, Iran continue without high-level talks","https://news.google.com/rss/articles/CBMiXEFVX3lxTE05LUVXcGlKQXhqa3NscVpka3JiUVVmLXlJWS1UMGV5WnhkZEQ4amhuc0I1TktTMTdXM0hHUFVVSUw3UlNRZDEwSlY1Vm4yOGFRVl9oRFJWUjdVdnMz?oc=5","The Jerusalem Post","Israel","1782860082000"
"US envoys reach Doha but Iran rules out direct talks","https://news.google.com/rss/articles/CBMikwFBVV95cUxOdDNsMHRZODR2bDl4YmVLQWQ2djExR0xLWWlhM0tWOVJ2QXMtLVVZWTdPb2tFVmF6Z29TbFR3WnVpei1FTWxveGR4ZVJwcGtXTC1ZUkJ1aTRaUDUwQlRIRThSMWUteW95Y0xuQzFtaGRqaWxDemV4UWMwcVIxZGh5UXRKcUdLTm1vMUQwLWlkSklBMTDSAZsBQVVfeXFMTmhWa2I1VWVDYmJvcEwtOUtPLTZlMGlianRQQV9xVVVNRFAxZ0dTMnRDY2N5NUh0bllDSnJkZzN5SVZnQ3BUc2U0d01vVWtWdjNjd3ZnaWxZTGV2OTl4UGxna3ZIWjRsby1wbkVpaTBZSnc5X3FpWU1QdWN3RW5JUnVHdjl1cThjR3hNSWttVkktUkQ1Qmp6YjFfMVU?oc=5","The Express Tribune","Pakistan","1782859721000"
"How mistreatment and bias against Iran at US-hosted 2026 World Cup became FIFAs indelible stain","https://news.google.com/rss/articles/CBMixwFBVV95cUxQX1FkcENTNjlGNW9uODFyVHQ4dEtnamtYem9FT3VWQ1NBYTlHc0VpcWJtUlpoajRXb0ZEc3BhTTd0ZVFWTHEwVld1MHlZUVNRczEtcmxXZjFsVzBtYWxTdzNBV3JMQ004Rm9wRC04NW8xNzhsRU1WTEZVbWpLVGlJZklfejNzWmlYUElaWGhRM2xvMVlmN1ZUSXhuak1LS1BCOXdQQXdSa0xtRGpWVUZMal9qU3JPRFRfd1hQdkZlVzJKQ01nQm5R?oc=5","Press TV","Iran","1782859020000"
"S&P 500, Nasdaq post best quarter since 2020 despite Iran war","https://news.google.com/rss/articles/CBMiZ0FVX3lxTFBaaHJuNkoyeTJGclA3U2RrQkdQMWNWWklnMms2ZjAwSTRIWlZnazg5T0lnaEt4dlhUTXF6cGdBUUY2OXFxUTFfUE8tSkVRbGlfZ1QzRG13R25Pc1dvN2ZuMktoUy15SnM?oc=5","Reuters","Global","1782859709000"
"Gen. Keane discusses Iran's military capabilities, Trump's strategy","https://news.google.com/rss/articles/CBMiVkFVX3lxTE1iR1pwbDlRMmdZOVVXc1RrSUNiRi14RldpanU3RHB4dzVwa2FuQ1p0WjI0b2loVG12N3JVY0FNdURmWlFwTjZMODM1c0pZVGZhd1pIYXFB?oc=5","Fox News","US","1782860126000"
"Why are energy bills up and is petrol still high despite an Iran deal?","https://news.google.com/rss/articles/CBMi4AFBVV95cUxNT2NZRGJ1NHRsajRqekJKZTVzTTIzbkJsd2M5aEpfRzNSaVZEWlAxenNwUEpyWldsTkdlUGlKZE10dWlYZjhKelI5LVh2XzhobkQ5RU1FTE9iTDY4aUVjaE4zSUQzQ0p2NHZKaTE0Tll0WERQQ3RkUWxQcW8zeHd5WnVaZnotcE5RWS1QSThJREIzb000RmRjelNhWjlZSWN0ZVFRREhEZWZfYXdCb2Q1akFBYWtaQ0pzRGszNDdiclhBWDJOU1BHN1pDODJmTE1EaWt0eFVKclNpaUYwTzlUSw?oc=5","The Independent","UK","1782859920000"
"Vance and Rubio diverge on Iran as both emerge as 2028 contenders","https://news.google.com/rss/articles/CBMiugFBVV95cUxPMGFxenNMLW81MEtmOWxHNUlya1NUczNtdHY4cURDRko2UXhWZExxeWtrNXdjMmxLajB5bTBZZjF6bWtLWUpJS3BPVWs1X1dEdUdrbWFENTEwdGk5aGItbEs3cXpfOHp5NXBvYWY4X0xrb0RseHBQek1qRVNyc3dHRnlDVm84N09TOTNENWt1RXZkVDd4NW5LUzRCQklLVHhGXzVmZ3ktdmZMckRaa1I4YzdNdTA0dTQxNGc?oc=5","The Independent","UK","1782859800000"
"Soccer fans sent a message to Washington on Iran — deal or no deal","https://news.google.com/rss/articles/CBMimwFBVV95cUxNdDJBMWIzN0dsd1pweENnaER3Mk1ST0Vwc0tCSkx4SjJ5VDgyZVMxS0F4X2FvTjN4cGczUm1WRXcxVkxCRl9YazFmdXA2X19KbktoYk5yWUhKNVh5LUdNTlZyc2Z4ZmVoN2VjcTQ4V1VVV2ROTktFYU5IeVdGbWttcHpqakstMFJybVJ3M2oxSi1MLThYU2dSUnE2cw?oc=5","New York Post","US","1782858780000"
"Vance and Rubio take different approaches as Iran tests their 2028 prospects","https://news.google.com/rss/articles/CBMiwwFBVV95cUxNLUUtcTVHUXFDM3ZWbTdkOXlmUGtENUVrOHRLUDZIUmwzYzdyUGdDVmdCLVNkaG1nX19iTHFfbG9HdjBMM3JFd3RxUzIza1lYb3AtV3hWMllBUkJCMFljNjgyU2pVdlY5QzJZLXFPTWwwb3Y2ajA3LTJqWUlYTVNxdFA3dzBJa0Q1Y2ZvVEI2NzctaGhCZy13QXhXS1NmUzFVblZ3Tm9JSEpMdjMtOTJYdUhYY05OZ0NuajBDQzFoWWxVYUk?oc=5","The Washington Post","US","1782858622000"
"US envoys met with mediators in Qatar, talks with Iran up in the air","https://news.google.com/rss/articles/CBMitwFBVV95cUxOSEQ4QVRpYTY2cnpScFh2UU5teUhabHhkMEROWmJZZTRTTktyemlNNkhRRlBvUi1QNVdXUHNEMll2RGtjRWJpaC15OFV0OXNUTC1PRTJRSl84dUpSX2pTRmJmRVFPdHh3a2hDM2dsbVpCNEdUeDVSUzFFUUtHakFrb3lMUjdsWmlrQzh1RW01bzJ2N3otRmJmU3g3SklWaTQwRUlrQ0pwa3QwS2V3NzdzUEJ3MENVRHM?oc=5","France 24","Europe","1782861480000"
"DHS Secretary on Iran’s World Cup exit: ‘I’m just glad they’re done’","https://news.google.com/rss/articles/CBMiqAFBVV95cUxNcHRKXzJ2SjFhQ3Vqb2VVRjh6YlRtdDhNaUdtR2ZzbXJLZlE4UEd1MWlwbHBDNVJoOFRnVVFpMEVvOTVCZGNfaW45Y0ViSkIwUXNIa19mVHhsN0s0STZ2LWFzNC1hUXNQcmtfdVhoRzBPOUZrQnEwVTFTaWp5NkZLVnVOaEI5R21SeE9hMm5xbFIyY08zNHN2Nk90NEIzWG9LQXAzR2RYMXQ?oc=5","CNN","US","1782860520000"
"Iran, Iraq preparing for 'historic' funeral for martyred Leader: FM","https://news.google.com/rss/articles/CBMiiAFBVV95cUxOM1pYZHQyOGM3V3o0c0I1UEY1Z1g2R3hwZFBjMWVTZlk0RmRaVXZCZG1jWWw4bHVhTHY4dExmaUc4Q0dlbFU2c3pZVWJJeDdKekFEbFZlV0VwWnlrY0hIZ2I0WmZEQWwwTi05ZlNyZTVBM0F3eUFic1dqc1E3eWlNS19qd3A2eXVI?oc=5","Press TV","Iran","1782863820000"
"Exclusive | Trump Briefed on All-Out War Options in Iran but Opts to Stick With Talks","https://news.google.com/rss/articles/CBMivAFBVV95cUxPdDJ0Sk0yaWZoMEZHN1A5TEdPNXRwcmJuU2xvT014bllhdFp2dFZFY1VwOWhLRk5uaHRUSGpvRE05em12enVBOGduY1UwMFpDWmNJMTNFSUNlWFNwbWJva1JXQnE0ekhYVW5zdVE5cjdlbXpkQnhhYmxZNGZQVkowSDNQYTlpdEdsa3NLeE9xZHdQOVlsYy01V3lXdUF6OXJvdmJud3NGU3JvS1EtOXJMYktlOHYtN2tHNGxmaQ?oc=5","The Wall Street Journal","US","1782862560000"
"Iran's top negotiator doubles down on plan for Hormuz toll","https://news.google.com/rss/articles/CBMiVkFVX3lxTFBwZXF0cEJfd2pKelZaOWVfQ3MzeUp1ZFo2bGxVVW5hLXI5elN2VVJIdk1GRUN2ZDYxZXcwb3NVZEdzc3pmbjJQUGt1SVFpMkd5VEtMM0FB?oc=5","Fox News","US","1782862159000"
"Gold Steadies as US-Iran Peace Talks Frame Inflation Outlook","https://news.google.com/rss/articles/CBMisAFBVV95cUxPdkJfNUFUQjVkNzZvdWdacDZ5dWpKSURnN1ZPSUJKeDYyX05URjMtUjdkVVNfWVRHUmlvQ3p4dmtXdmx3MGZteTFPTkZqcDRGcElJc1Q2Ti1xQlM2eHlST0JDSlBPUVgzYm1YWGpTSUNYM2c5OFJ6bG9DdjR3UUZJSV80MlByNzlrdXFSLU5hNGRnNkFLSnI3Wk1MSlQxa0pxbHhkeC1nbXQtVnNNQWVWcg?oc=5","Bloomberg","Global","1782863862000"
"Iran War 2026","https://news.google.com/rss/articles/CBMiVEFVX3lxTE9jZXc5cldsNHRCZU1lbUFKVTEtdmpwM2NPczFBVVRZVVZCUzBfa2Q5OHlPZ1Njck4ySFN4MXVrR2lyRVNQdGdxcjY1NTU5RlFxN29SSA?oc=5","Politico","US","1782839539000"