headline,link,source,region,published_at
"Iran war: Cooper defends UK-France’s Strait of Hormuz plan amid Rubio ‘catch-22’ claim","https://news.google.com/rss/articles/CBMioAFBVV95cUxQZFJvbER6d1hMemp0Y0ZaNXhQc1RDcXowQlhadzhYeUlfVU5RYWI0NDNqMTY1a2I3U1BNdF9JZlUtZGpvMHpnalZLSG9FTE15Y2Nvd2RzNy1GN1lYYzQxYVJHenpUVnZyYkVZRjVaOUdwcVdnLS1FdlRZVnB6X1lVZUcwR28zamQzRUxSaVQ3XzFDQ3djQ2x3NE0yRXJQaUh6?oc=5","The Independent","UK","1780506060000"
"Crypto Weekly: Iran's crypto seized, France's regulation squeeze","https://news.google.com/rss/articles/CBMikwFBVV95cUxNSWtXUlRDTWJlM3EtWmxNQjRtdmloQWNzUVk5WHNiZzlhUElqbUZ5NkVaVHVHVWd5alVndHpaVEhFakVUMEczak1aVkN4Q2pkNXlXOWZNZXl0d25JNzdkbXBSWEh5blNucE14SjdDNzJRUFBjRUdPWW5EQ1VvT1JhUEZrXy1nX1IxanA4aTJMMUV2dG8?oc=5","Reuters","Global","1780505983000"
"Trump says the US doesn’t ‘need boots on the ground’ in Iran","https://news.google.com/rss/articles/CBMipAFBVV95cUxOcTM5cUw2WHFJZWZNd0cxeWtDbnk1SHhhaUtOaEVtSnQzdFpIb3NwaEkzdmJERENONjJabGhhb3kyZkhGQkxmeEN0S1dGZjRKc3hTVVJxVmpZWlY3cy0tUnBPU21KbjNkQjFHLU12TUxkdXFBb0xBTmZ4Z1p2aERGcVBwNlFWUGRZckJyaE5IVUhPU2xRd0NKUXBUd0NodW4zRVh0dA?oc=5","CNN","US","1780505520000"
"Iran Ceasefire Under Strain, Trump Rebuilds Tariff Wall, More","https://news.google.com/rss/articles/CBMiqwFBVV95cUxObmw0RHVtdTNveGJ1Ry0xS1FMNVkxaW5xekoxZjVzdnozdk80bWQ1djZoWDRyOFdoZFZjLWN5S1NLRnRKUUxCWEl2UU1tU2x1c2ZpZDB0djREX205dVFRRWF0ZDhJektTME11ZWVqSmZWM0RTd2otbjJrWVlMNzBodWYyT0tFclVaa1NlUkRsU3FIbU9wOWJ3NG5WYktnZ19mZHhJVUlTUXc2dDQ?oc=5","Bloomberg","Global","1780505151000"
"Video: Deadly Iranian Attack Fills Kuwait Airport With Smoke and Flames","https://news.google.com/rss/articles/CBMimgFBVV95cUxQdlI4V28xdmJUazJiM1lmRnA1eFRmbmtqTzRoQWhEZzZmNkhvU1hPZUlYOE0wTFNtbXp6aEFFZF82a3pqLUUwTG1veWZXRzhwTlBsZEpreVhwQnE3aExjb3dxdmdKSjlUSWl1OHFvQWRIUFhLVEdLNnZoZjV3dVFMVlEzby0wbG1FcU54ck5BZG1peFUzX0VoNEJB?oc=5","The New York Times","US","1780505113000"
"Is it safe to travel to Jordan? Latest advice amid Iran war","https://news.google.com/rss/articles/CBMiswFBVV95cUxNWFlQSkVwazFrRzlITXVqRkpPTGVYQ3gyVVVRb09KWmZ3WFhMN3NnRklGSFJEUUFGVkViYjVQLWliZ09NSHNmVkV6VEpEVm8wTVItYzFDWDAxUGJaTV9NRXd4MUV1c0thbFROQTNwZkpiV05hMTNSQkh1eEk1YWJEd0RtVG9fUHVneTl2cmhicDNPTU9ISGdHeGpOOTgxXzMzcnozR3Nod2FrczFZT3RNbk5OMA?oc=5","The Independent","UK","1780504920000"
"One killed and dozens injured in Kuwait by Iranian drones","https://news.google.com/rss/articles/CBMiUEFVX3lxTE83SHNYLUJMRy1LY20tQlF3bmxVM1AyaVJhanN3d3N0N1ZLb2kwUDNicGg3a1h1YUJiUmNtQzFUUDkyQzc4TnE0bHltbWZUQkh4?oc=5","BBC","Global","1780504292000"
"Iran Strikes Kuwait’s Main Airport and Kills 1 as Ceasefire Is Tested Again","https://news.google.com/rss/articles/CBMiugFBVV95cUxQczZiMXdqd0VvSW1MRUdPNUp2cUNYbHJXTmNWRm9ZMnFlOEZEV3k3N1Znajk3THRheDI5MU9UU0RZeTFNbEVYTjFpc1FjaXd1SXY4djdBTFJxU2RlQWRLYmowU3hNT3Z4MmQ2R1pMTEtIZ2Rib3d3T0RqdjlWU0dvejBMbm52aUwyOTc2eW5BSGVMVGhVeVpaZTlWRGl0Z1lDa3pCRHphNjZyZFJSSmR3UzRueEljbHIydVE?oc=5","Asharq Al-Awsat","Arab","1780504269000"
"Gulf states in talks for oil pipelines to bypass Hormuz","https://news.google.com/rss/articles/CBMicEFVX3lxTE9rM1ZKQ0Z3VHNyNXZGc0ZvbWtHNnlaczdZMTh4Ukg0enIwTW5UVmJrR21pRk85R2JkUmNNQVBIRFFUb0JqZ2FzbGJSR1hpbktzcWRDZnVTY0Mxb3Ewa21ncG9GNGY3a3ZPaWIyOTZIRVE?oc=5","Financial Times","Global","1780503718000"
"Exclusive | Tech boss arrested at Newport mansion on charges of selling US hardware to Iran","https://news.google.com/rss/articles/CBMiugFBVV95cUxPTE1MLWVsdHpTZ29WTnZmTHFmREo3Z2Z5Wkl6a2dLSWg4X3RxRHNPM2Qtb1NSUE5iQU9pMm1kUXR1NTFJZXZoYzZZeFRKQU5kODRwNUg2cEJuNWNuMmZ0ZnlEY2d4cFNidjI4eUFzWEtsUGlMYWRtUnZjbGZiM1pnbTlRRFh6Z0lrNlVQdEtCTm9mWjB5Wk02cW9RZjdhV2RVemFnWEloLUZpcnQ0YTVFdnJfY0dxSGNEV0E?oc=5","New York Post","US","1780503420000"
"Iran strikes Kuwait airport after US bombs Qeshm Island | Iran: the Latest","https://news.google.com/rss/articles/CBMiqgFBVV95cUxPNm4xNUFDRThPOUhsU2FiYVcyd01iNzg0OEpJQ2FFc1Y2T0ZEVEZ6aU1ubzgwSTRFRE14WU9Vdk96by1sYTlaYXdPb2FDc2d1b1NVa2E5bHVBMEo1T21yWGtjSjFhUEx1TlVrclQ0eHpmV2U2Qkt6UndOTU9YdERxMzFPWDlPTHduLTlLby1uNjhRbmw1RXphNUo0eUlEWWlWVjQySVBLUUFvQQ?oc=5","The Telegraph","UK","1780502760000"
"CNN Inside Iran, CA Hostages Released, George Santos Scandal and more","https://news.google.com/rss/articles/CBMikwFBVV95cUxOemZTT25faDJkNTZLdFJ5bmwxWXFwSS0tdGlhQXdfR19HaUsxRHpUdEtNOG9RZE1zM2otc0FxNjZtWnlyQTNJNmlUdHo0WmQzbF9UNE5XRHpsVHg2MzdKR200UXZ4QWIyT1c3SWhWbDBNVFh1QmtnOW5objJqMmpnR0hCZnZYVlRhR3ZWQmotdTg0UmM?oc=5","CNN","US","1780502627000"
"Iranian armed forces carrying out 'self-defence strikes': FM Araghchi","https://news.google.com/rss/articles/CBMiogFBVV95cUxONTZXdy1yTHRXSGV2dFBXeWROaWlCVGs5d29pQ2t1Rk1sSnBTeUsyYWU0eExlbVZpcUZsTUJEc2JYdVllc0JKOEhQbzlwak1SUjlPSWMxcFFWOVhBTWxQSGs5anJHc1NoTG9laXVhdGhCRE9YNExzS1hMcHo3bUtUQnRNdGNzZVAwNFR1azVaQ01sMExXOThPOUhod0plSzhMS0E?oc=5","Dawn","Pakistan","1780502526000"
"US Ally Kuwait Suffers Worst Attack Since Iran Ceasefire","https://news.google.com/rss/articles/CBMiqwFBVV95cUxNZTd4TEE0WUwwQUlvYnp1b1NaUEtERHRIWFE1UFJvTDVFY1ZqX25LQk9QZmc1RFM4NW15c3BDQ1RwaTVuNW1oZ0xTNEUtNm9lWm00bUVfZEJYWXFEQUlSU2E4TVRKcVFEUUo2MGpON3hkM1FSWnVzdXZlZUVkamNIZk1FWUVYb3dTdWJJemhwQ3pxZXV4WE5KMkdlR2JvUDJKT1o2b3I4d1RVQ3M?oc=5","Bloomberg","Global","1780502138000"
"Kuwaiti Defense Ministry Shows Debris After Iranian Attack","https://news.google.com/rss/articles/CBMisAFBVV95cUxOLTJKRWhSeDB5dWF2MFIzaXdIZWJiZldtY0RGUXFLWi16ZFFJQXphb2NWQ0lxQV90clhpMjByX2lyNnQ5OWdtdXZxRzBvWl9JY0VlcV81ekRsQXYxS09xamt4Nk9pVUhINlc3bUdVaXNVQzU0ZWlfTE4xbkVjRjc2QURnSGstd05hdnJoa3JzZzItbDNVRkFzWGZFRFhHVElsbVhEQ1RPYmZJT2RKOTEzT9IBtgFBVV95cUxQRWhDMGRQaXRfWU4xenQ2MDVvZ1hiNEpLS1lnQmF5MjRNRHllTlVEVUNYNmE5ZjgyR2U4YTNSdUlwWXpvSG5TRDlraTVFNUQyWVhDMTlJaTZ2ZTNlTVJWdWRWX2NMT3BXRGxFOFdPNXZUbWZOYTBDZGlRX2hRYXlLNWR5em1FUUtCalpiMy0tWVQ3Y0Y3TWI0VTNCMFRFbGxROTBNX0lrdjEzajNxR0d5MEtCYUswdw?oc=5","Al Arabiya","Arab","1780501551000"
"Trump acknowledges calling Netanyahu 'crazy' and says Israel is complicating peace talks with Iran","https://news.google.com/rss/articles/CBMipwFBVV95cUxOeUJLY2FURzR0NU9tVGcxLWNIa0pIZEJYVXg2eFF0NlkyYzI2VU5BcWRoMXd1S19lWjdfck5lVVJPMmRSSU1xVURMYmFqUWR3SEh4MWxOV2JJc2NWZVhWVlJnUmpHeDJKVGF6ZkwtcXQxZm1FMEZ5dXZrX0YxZERmUlVQRWF0cGxlUV9GSDNxS1ZwVVVxdEpaX3FfSHo3b1BudWRwbGxTaw?oc=5","Associated Press","Global","1780501500000"
"Watters: This is ALL Iran has left","https://news.google.com/rss/articles/CBMiVkFVX3lxTFB3WUdPcEd6UDRZamdmT3B1VEVqZUJZYjZUTTB6NXZId3JfM0dyU3REWWxHWFktOWEzQkZGQ0xacl9BNU5LdW1yOU5VZENJVUlBMHcxRjFB?oc=5","Fox News","US","1780501177000"
"Rubio Says Trump Was Aware of Iran War Economic Fallout Risks","https://news.google.com/rss/articles/CBMisgFBVV95cUxQWkZNNGZPclVKWVBSQWh2RExnWlpSb1BCalBYLTNVUzZJancyVnJpaEQxTjkzMlhoLVQxdUNiWndrQkhPM1U5ODBZaFZDMWMzVTVISDJhbTNfN1JmSFZ4QUNCc0tGUWtoX0FGQUwtbUJnS08wN2NVQ2Y4clUtMHVUX19RelVVSGVnT3VZTXhCbDJBRlphMTlGTzB3dEk5ZUlZamlsSmNVcThtSDJ3UUdZTE1R?oc=5","Bloomberg","Global","1780501140000"
"US-Iran Ceasefire Tested, Bessent Attacks Wyden, More","https://news.google.com/rss/articles/CBMioAFBVV95cUxPeDllOENGZXczQ1Buc3hfT1FYYWhldjd0Q24wZWZpV3UtbU9WT19VbGFDOW1IQXROaXE1Ylpwa2tNanJBalVzRE84Mm1XZHhUYVJuWi0wNWZmMng2WF93d1cxTURaaTllSkJhWHZ4REE3OXhmM3h1bWp1UFZiaEcwN3A5bGU5UmlmSmExSEJzc3c1d3YyXzdOeVIzUjhfekti?oc=5","Bloomberg","Global","1780501125000"
"Benjamin Netanyahu says US, Israel can return to striking Iran if needed","https://news.google.com/rss/articles/CBMidkFVX3lxTE1nQWQxVGZQSnBOQ0Yxelh3RjFqQWlsVGRkOXVwd1lWSVY1NFNGVHdZVEM5T2ZZeTRZaUpLdWZ5V0RkQklhUUVKRk5TTFVVV09QU2FyNnAyZm8xWWZaQ0M4a1NXSlpheVFKanRTdUwyMl9SOGFmY0E?oc=5","The Jerusalem Post","Israel","1780501089000"
"Iran battles Moroccan locust outbreak amid drought conditions","https://news.google.com/rss/articles/CBMiakFVX3lxTFAtME5XVUdSa1Q2VWJoVWpTbFhRQVZNMkQzOVRpN0VOdlA1S0VramNGa2FCNkJYb3J2MFV5VG5fdGlJT2swOTRmNF9EeUl0MjhsMWFPZUo0Q1ROWEJfVWIzNFJpWjh1S05zZWc?oc=5","The Jerusalem Post","Israel","1780501053000"
"Iran 'already agreed' to giving up nuclear weapon ambitions, Trump reveals","https://news.google.com/rss/articles/CBMimwFBVV95cUxNSWZjWkE1bDdzQ3V2aVlaQWxGMGxOQUF1TjFBXzA4cDhBQWpxbVZSVUJ3c2c5S3pCMmJvTkxJV0Mxai0tTHdqZHVvTnNCRk9oNHRDU3NoWGxoLXlhUEhzWEsyT2V6TENxQnBkVW8tUkRIUDNvYTVqMlpaQVR0R2ttTEFPc3U2Si01YlJmNXdTc2NiMWJVdVJ6bTA4WdIBoAFBVV95cUxOdmVBbVoyZWNrTzI0dXZob1h1VlpFeDVSbGpLSGdkdFYwaV9Zd1M0clFOWEY3TjlDY2k5em5xajBqS2MtamlOTXFhV0UzN1EwRjlrbEFHcmFJWURmRFhJNGV1Q3licHktUXE4UHZxX2c1VVNpOW5tSTc1N1JGU3JXVGRDX3lkMWpXdklOVkRmTE93SEFuMTlVbUdXRVhQRXQ0?oc=5","Fox News","US","1780500029000"
"Should Iran Give Uranium to China?","https://news.google.com/rss/articles/CBMijwFBVV95cUxPNndVVHZMRld4YUVSNUE4SEQ0R3FKUjlpS1ZxUWpHREN6SG9fQWlwS253MVJ6bjRueEpJR29NQkI5YjdhdWNMb0oyT1Y0bERoTlAwaXJVVDF0Wnp5c1E2NUJoNnZKUFV0cTVOVEhsSXFKYkdDcVhoZDFRazdzZ0lVTHBmQ3RmQlM0NGxyNVc4a9IBlAFBVV95cUxNNk9mTC1rUUtRV2M0cW80U1VMSXNMTnZtakQ3UzFadDVIb1N4ejlwaDlOQTBWcVBiaGFiUTY1LU5jWml6bm5GMHNQQ1c3ZGtqQ0w4QVNFS2dCNHpIMTZVMG4zV1Bud3JCOVBnNEdNQ1BVMzQ2SHhFeWJ3NkFhRFg4cXZHOVp3VTllTGttUERQSzFFQkd5?oc=5","Al Arabiya","Arab","1780500010000"
"Iranian Revolutionary Guards claim attacks on Bahrain and Kuwait","https://news.google.com/rss/articles/CBMiqwFBVV95cUxPNkowVHBLZVJLN0VUcTE3V3haRS10cmM2eUlWT3pmdWFXMU1QRUpaX2MtQ0RLYTFPNmFncnZ6Vlhja2JzelJkSFlXenlEdFhKbFhhVDlnbHRHWnZfOWxTbUUwVVZDMVVvZEVfRnZGU2JERkh0OXY5ZkVJOXA1SDQwTTV6RXVFV0lZQTBZVmFRbWJ2eGhWRVc2dy1fTTJXYXExX0lFQ0Z1dzBzRFU?oc=5","France 24","Europe","1780499819000"
"End of tit-for-tat era: Iran’s broad, asymmetric response to US attacks redraws deterrence equation","https://news.google.com/rss/articles/CBMiygFBVV95cUxNOXV0TmhGWlpOZUh6VEh5Y01MQzdCVU1YSnhiRV8waW11U2NhMUdUNWdYdGFMcHB6OEJxZUQwNkxOa3EwRkh1TXpXTmhPbjVmWngyT2dhczFYS2pxU1RqS0lZU1g5cV9kLTlRdHNUZDZweDIzWTNLSUpXQ1RrNlB1RlNjYVBPbUptWTF6RkQ3dG5KN0lIU25KaHV0U3RXRUl0ZTF0NEpISk4xZ1N3V1U5VUh0NXdKY2VCdVdzOXBSZzQ5Vk9GM0pJdzNn?oc=5","Press TV","Iran","1780499760000"
"US war on Iran not about the Iranian people: Europe can put the issue of human rights on the table'","https://news.google.com/rss/articles/CBMiwwFBVV95cUxOOGt5NFE4bDZyTGRlZEFOTGpUa0tnWnhSeTcwVXNZNEZGN1B4eU5JNzk3bk9PT3FfcXUwUHdabHVxekNzLWQxRDNjU2RFUFdqY2h6TDlqNUZpaVpkM2I3a2wtTEVoZkNMLXNkRC1namVuWXJid1dlRlJPblh3VW1qNWNmWllPeW9tcUNkaVo1a19jRGdOSFVSemUxZWl2RDdNRXZvQUFOZXB5OTdwblduaEc1WXNVZEI2eFlJNGhMNXNIalk?oc=5","France 24","Europe","1780499338000"
"Trump Confirms He Called Netanyahu ‘Crazy’ and Hopes to Meet Iran’s Supreme Leader","https://news.google.com/rss/articles/CBMikAFBVV95cUxQVGxORVYxSFFzRlZEdHRtZlFOdHlRRGIzMkFaUXNFVTRYTl9rSFlSVWJIYl84bVE3MW10QjNEa1VJZ202WEZaSDhyUEsxUnNMeVh0bEFNc1lJRFlmY3RLbXpoNFV4SXV6bjVWdEJONW0tN0luWVZNYTk1dUxESjdUbDFid3pjZjVteE0wQm91RFY?oc=5","The New York Times","US","1780499283000"
"Survey shows public confidence slipping in Pakistan’s economic outlook amid Iran conflict","https://news.google.com/rss/articles/CBMiWkFVX3lxTE83THZ2NzFiVjJsSWVzMlFFUzJXVW9TN0JTTzRFVnVWVVdGdmRualk2R2J1cXdiY01paG9XT1FjcHFTX2lRRnJvTE1UTXpmSFdqYjg5RGlSNno5Zw?oc=5","Arab News","Arab","1780499134000"
"Iran's IRGC claims attacks on U.S. bases in Kuwait, Bahrain","https://news.google.com/rss/articles/CBMifEFVX3lxTE9idm9BZWVmX0NWaHZvb2FSY2FBdEpIVU5WRy0yN3NsTmFWVXBFZ3pzaGxsS1lXRUJCSmxKNW04dlpCeVVPNlYyTHR6UG44akRjalhwU0g5WUxuNHRhdnR2MmhoNGlCOTZGaUlBZHVfaVhEaTJLSEU4TWNVRm0?oc=5","Xinhua","China","1780499130000"
"Has the Iran war helped Netanyahu politically in Israel?","https://news.google.com/rss/articles/CBMiyAFBVV95cUxQanlKQXZFaElGbmtBZUFyZjU0dFJEMi1PTnBkR0lJODdpWGtwajJGZUxjN2YtWV9pZmRKQTEyNmJWcTJTLWRhblM4SHU2bWtxc1RJbWdfMHAzbmsyYXZhVTh1dDFiYlRPdHhmMWhtOGc0N2lrUHZIdjUyZjJUbkh1MmxWTFVOdFVDZUs4LTJGX25NTTE3WWJ1cUtCeXlLX1ZNRklMbjhLZFNGblI2d19TMUJZOWNrbmNQOWpYLV9vbWtUOTZiekpfOQ?oc=5","CNN","US","1780499040000"
"Kuwait summons Iranian envoy, expels 2 diplomats amid Iranian attacks","https://news.google.com/rss/articles/CBMibkFVX3lxTFBrLWM3RXgwVU9BZDV2WTJGNF9lcUhhNE4wenRMUnJFM05NZ2N1MTNtejBKclU2QlZ5ckViSGRic0JDamtZaG1HMGVBcnpLSHBWajA4M2NFR1VkVFdyaDQ3aHJaSlotV1AtNjdOZWR3?oc=5","CGTN","China","1780498972000"
"Netanyahu says it’s ‘not over in Iran’, talks disagreements with Trump","https://news.google.com/rss/articles/CBMiogFBVV95cUxPeDhqZFdaNFRsV1Zjd3JDN1BDNTJRVEtBU1kzSDJLeTM3UVU4dmtuck52bDk3Y2ZJWmVPZlpRUC1SYVI3Y0tHdDlhcFNHeGdnaGtuNzE3SGd0VDdGdmMzeUkzT1VWeE1QSWVjY0lRMW1HXzlDTTNWQjFHdTdUQ0dWQnFJOFk4TFNUZzd1R2FVc1lHc3VreG5uWHJTcTZzQlFaU2c?oc=5","Dawn","Pakistan","1780498935000"
"Live Updates: Latest from Israel, Iran, and Middle East","https://news.google.com/rss/articles/CBMif0FVX3lxTE1mUDRtTjNRTi1TcWFVMkcxMkwxODlSaTlZZ1BFdVJfdVZnWE1iVnB4cjRmeG1TYU9TXzFhQjZBUTZFTGpDOXRyOFd1cnJfWkhscFFYYUNFLXZaR1d6VTMxWW5BVnV6eTVncXloUEhQeU5OVVE5aEFpeXMyTHNEQVE?oc=5","The Jerusalem Post","Israel","1780498805000"
"Kuwait bans two Iran diplomats, summons another after Iran strikes airport","https://news.google.com/rss/articles/CBMiXEFVX3lxTFBoTXgtR2tPVXpXSmFtR210QVp0cVBpZFRyem1HQnR5Vjk0cTM3NG9xTWRmVlJsX2R5TFFqWFhKZTlPMWZmb1lKbmNxSWRWcWFwM0hwclpEeldsa19j?oc=5","The Jerusalem Post","Israel","1780498756000"
"US crude stocks fall on strong export, refining demand, EIA says, as U.S.-Israel war on Iran continues","https://news.google.com/rss/articles/CBMiugFBVV95cUxOWXp5amEyQkJobk50XzU5VjVwZkpVa2pPb2JGNy1RZmIyWXc5VzN4amlrci1fZHd2aFZmSDBxRU5SSXl1S0c0ZG9aSHRPYTJtNjRpTXpmZGZCLXFVMzNoSGluTTR1NXNRSjhIeGk3cHVnMVdZRllXUHFiVFFubm9aR1N3TGdtVV9UWVVTaC15VFJyaTQ2RHpCYkc1X0NYUl9DNHNSc3NWak5LZDVCcVNVblk5SjdZb0VYY3c?oc=5","Reuters","Global","1780498549000"
"Kuwait denies Iran claims that its territory, airspace used for attacks","https://news.google.com/rss/articles/CBMitwFBVV95cUxOMlJFdGdYbHlhblgyT0E1Tm1FbG5tU01FTkhYWmxiOTNwS0p4Q1hJQmpqWWlfbVBYYzBIXzd5R3NVRFJ2SWVYZnB2Q0ZWNUpzb1Q1NmlpWmRacVdxRER3RkpOaDg5bzVEcG9oVmVmNjFVT193QWVDTjJhMGhQSHVaR1ZNVzJ0V2Fra1dUTF9ScU1HLXFHS2RFdFRnY0JKR1pJNnFMM3UzcWFCeHlUOVM0bWJUWHFadUk?oc=5","The Times of Israel","Israel","1780498517000"
"Is Netanyahu Opposing Trump's Iran Deal?","https://news.google.com/rss/articles/CBMilgFBVV95cUxPcDE1Y3V1RDBFNXdxdTJrcm1lb19zRlJyd1c1dFF4M0Z0dTJlRnA1YjN5RjNWWXhWdGlFMHpNRWVJVzFFeGpjVWJLWk5LS2UyR01VRUt4TGEtSzhnQUpGT1ctM0pPRlEzMU9OY21NZUlEMFVUd245Vll3Z1I5a2tBSHAwVklhdjNHaUUwV1pGR0ZoUEQ1LXfSAZsBQVVfeXFMT0E3VGdLQnZBVEZLN1ZoWkVLQ1djVnBYUnhVLS1tVVJ0VXBuZGE2NTVpLUZzRXJ0MmdGemRYVzhwUEZsWjBEUE1RZ1hRb0htakNiVlhkYWtxeWNGY3NVTWhjbHE0QTk4SjFoX2NuM29jRUhpdFU2cVpJZE5oVi1VNE1NWmlRS25ZdmFmTGNDZWdDNGJrYlhJOEZtekE?oc=5","Al Arabiya","Arab","1780498294000"
"Iranian MPs call for longer-range missiles to reach offices of Ayatollah Khamenei’s assassins","https://news.google.com/rss/articles/CBMi2AFBVV95cUxPUDFRTkpseXRwZ3NVRmxLRmdmS29YV0VmbnpyOHh0andWODFNbklmUXRlUFR0Ui12S3VGUHRnWUVHai1Udm1ZX0lBckctVzZjYzRoSVNBVUlXRzhYWlMxQXljbmptOGNIVzdMYnVmeC1mOUNNQmV1SzZ1Y3haeFd1cl9JUnI0UG0wT251Y0FUcV85dHFyRFgxVlhQb1J0akRQN0FLN21heDFHaU1qYWxSMDhFNWQ5LU03Y1JuWGVLV0RiUXpqczRhRVpkcVZlaHRLN0VKMlVjVTQ?oc=5","Press TV","Iran","1780498260000"
"Overnight strikes test the US-Iran ceasefire","https://news.google.com/rss/articles/CBMikgFBVV95cUxNSkliaHlZVTJwZ0lyWE5IMEdMcUx0OTJlZzVvSkZLcWN2NWVJSTNiSDMxU0lzMkw0T2lWRTVoZU1jTUJTa0pRNG9PMGkxbFpoaFNQM1IwYWMyNXJXU3FKU2tIeTlBS3M5M0piNVdPOXZ4N3NnSkEzbUJtSGN2Y0xGR0JuT09tM0RzcGNiLUhNYzNSZw?oc=5","CNN","US","1780498140000"
"Congress could take major step to limit Trump’s Iran war powers as ‘missing’ Democrats return for key vote","https://news.google.com/rss/articles/CBMirwFBVV95cUxNWUdjOGFIcG4yTUlYQnJJN0lzTDAxWTk5eWJOY0VlTHd2Rjk4RlJmVnZfZUl2WHByekM5T0NaZFhzVU85QnFCSGdTQkhGOUJaQktNcFl3WnpUNjhOWGRobzBGZm1kbGZ1RUNaYVl0TEhmWmktN1lOMWRvLWU3QUI4dFExN2I3dXRhaE1FcUpkMDhHN3Y3dzE2eEpJV1JYbWxsc1o5VlQwLTVVLWg4SkhF?oc=5","The Independent","UK","1780497840000"
"Iranian strikes cause damage at Kuwait international airport – video","https://news.google.com/rss/articles/CBMimwFBVV95cUxQNFhIUmpjQjg5eWFYR3R2NmZPZFVSYVBycXI2RVNNQTlabjFxSXZhSjgxeEpNbC04ajJRR20zRk1ZM1A5V3pSaThCc01vS1Z0N1B2SHFTZUV5YXA4dzFadVNYbmQ4SDdWaWJ3YjBReW9ZSmZ0d2lRUUZPRGRhbGZLdWttUjROaUk5SGxMakZBU1VMbklQUnpSbEhzNA?oc=5","The Guardian","UK","1780497600000"
"GCC denounces Iran’s ‘dangerous escalation’ after attacks on Bahrain, Kuwait","https://news.google.com/rss/articles/CBMiqgFBVV95cUxQcnhMSVB3VFVhdlUwNEVyZkljMmVHRWlvNnVyRUFUNmNBT0x6TkpLZnVBdTZManhMdHhVRkM5WHRiNFE0WjdRUjZtdktQVzRnMmtheGhBNTF1UW5PN3JIZUxHM3NnbG56TVNObmN6eDQtZTRjMFVDbkw1SkdXZldlSFhyM3JQSENVT1RuVzB0clVyVzBta0VuOGtucEN3cFE5ZHh0WnlGbWJMQQ?oc=5","Dawn","Pakistan","1780497484000"
"UK foreign secretary condemns attack on Kuwait airport, urges Iran to engage in dialogue","https://news.google.com/rss/articles/CBMivgFBVV95cUxNNm1FT0RuNk1vR1cyeDRTdXlnU1pEWDlMUGtQc0RZdXFzWlVDN19MWHhuN2VRSzdlcGhlS2w4OFlFY2J6Nml6cHlMbUVXT2hrV1RfSk5veUVvZy1GcEp4bXlubFN0M1R4bDNhNEVFYTBUYTBGRE1GWWI1SnJmQV9YTUNmemVmdmlsMDU2QzBUTmRDamNESVV2MGt2TTJZVHFsTTdfUEttWlBLa0c5RnJUNFJCdVlOd2RWc3o0Tlh3?oc=5","Dawn","Pakistan","1780497243000"
"Iran Clashes Test Ceasefire, CA Governor's Race Still Close, More","https://news.google.com/rss/articles/CBMipwFBVV95cUxNcmQ2ZG9rV3lZRWlDRjdOZlA1SjZTQmVvUExyY1JfNlJRblVlRm9ER3hyMnRJb3FOX3JoQ2V4NGFxYjJZTVo0UGZVSUN5VGdWYVpzQ09zcHNMMU9JbjBVZTFWUmJFX1NCd3J2R0NUZXh5QmJFYXhiOFB4Rm5CZV9HTzFEaFZUR3ItX3Z1RUxMTjZHYWM1aW5JaHZCRlk3blAwVlpoQTVFNA?oc=5","Bloomberg","Global","1780497086000"
"Middle East travel updates as airlines adapt amid Iran-US conflict","https://news.google.com/rss/articles/CBMinAFBVV95cUxQdlc5ZEpSNDJjNndtaV83SkJ3em1IQU1CcFFOMUFqSVR4OHFyTnZSUGk4Nmp5anVHZERxNU9qS0VBS3NUUkcyUmNNdFQtTnNHck4tQlp3NEh0WUFQS0lGR3ZZZXZlTXlaVVV1eWM5RjlMdWhxdm5FMEpRcUduR09LNWQ4OEo1ZktiaG5zYkdPNG03T08tdXFydVhtWEo?oc=5","The Independent","UK","1780496880000"
"Trump chides Netanyahu over Lebanon bombings amid Iran war negotiation standstill","https://news.google.com/rss/articles/CBMif0FVX3lxTE5GRUVNbnJyQm5VOHBWQXVza0Z0WU90MnFqeENVT2xhZzU1bV9aMjdMZlZQS1VHeVAwdE5QdnFldmpGSHJsdkFUREdCZ2dvSUJGNnBWb1N5MThMbTA1cG1nRXgzN2pZanVnNEYxVDRVSWR1S1NKcVEyaWd0RUxKSDQ?oc=5","Politico","US","1780496761000"
"The Latest: Trump called Netanyahu ‘crazy’ and says Israel is complicating peace talks with Iran","https://news.google.com/rss/articles/CBMivwFBVV95cUxONDVvcGpUY0xscTdUS1VZV09OTE5kVnhjRk4zNUpTUnN6SEVaMXBlLXloRFh6V3RUd1Y4cE1nMkFVMk5XSmlROV9BVWlsS1VSMkVLNFZIQ3p1Zml5bjA5Q0NtRnNsZzJnYXE3aHlaTG9zZzdzUjlONlc1SFZuSTFmVXhzcUZqdmRFLThuRzgzN0ptUUFadUtzNy1WV3o3dU1FOHVDZzVLX085OFFmUXBRTzNERTVPWHVSV0ZPaEduSQ?oc=5","The Washington Post","US","1780496758000"
"Kuwait summons Iranian envoy, expels two diplomats amid Iranian attacks","https://news.google.com/rss/articles/CBMifEFVX3lxTFA5SzU3WHR4Qk1FNmRqbUNwRDlVUXdCdVpEWkZlRU1LWVQxc1ZORUljM0JPa0RYOXh3VVYtaWlaTXF0YVlNcmpab2t4b0xWbExMMEFHZG9vZi1DMmZDa1dHVjdKLTRLQWp6dTFCUTB5MGhiSmUwUDR0STlkbE4?oc=5","Xinhua","China","1780496730000"
"Iran slams global inaction in dealing with aggression against children","https://news.google.com/rss/articles/CBMiqAFBVV95cUxPcXQ2MzkyVllBWF9hZ3lvblVCZ1RNcVh1U1ZZakMwVEYxZERReDFfRVdvWjVHUGZRRFp5V1BwTjNzdFRuUnhORnVKd2FBSUFRcmNNNkpDM1drZHYxV05vS2d0Q1dJQnZvbkNFZmZLWVg5SWZxMGNsNklyMVpOV19LeS11YmFHZmJqcm8wVDg2Wk5NSGhhVnY0VGwtRXFaUE5jelI1RWV5amI?oc=5","Press TV","Iran","1780496520000"
"Fire and damage in Kuwait airport after Iranian attack","https://news.google.com/rss/articles/CBMiZ0FVX3lxTFBJSkJ0elppX2VzLXJmNWpvdjBYeUNqV01VajRIQzROcFZGdy1aQmZwNUs5SFdmTTROTjJyS3BYcEZReXpudHFZcTFvNHRwLXdjSHhKSkVyZC0ydVRZZzlxVmNLbUJTWVE?oc=5","Reuters","Global","1780496517000"
"Iran increasing checkpoints in Kurdish region, targeting minority group","https://news.google.com/rss/articles/CBMiaEFVX3lxTE4zSE1iWWUxTGNEM0JjUVkxdGpmX0VnRTlsb1RYdmFGc0NhMmJ3dW5mWlZpdTFMSTV0Znk3QXRqb0w1VVBKWUJuMHc2QktUV2NLWF9mamo3Vk93X2JfOWRyNUVTcHlHUklG?oc=5","The Jerusalem Post","Israel","1780496220000"
"Iran increasing checkpoints in Kurdish region as minority group disproportionality executed","https://news.google.com/rss/articles/CBMiakFVX3lxTFBvREVmNHU3Xy12dE81QjV2TmRjRVM5ME5FcHFHa293b3NmUjhyb1hHVkFiczhjQS1aa0JMTkdkWlBHV1BHanVxU3J6blFNRm1UUHBSSTNkWjQ0UThVTFZaYVo2TUIwZHItSGc?oc=5","The Jerusalem Post","Israel","1780496220000"
"Out of Time to Delay, House to Vote on Directing an End to the War in Iran","https://news.google.com/rss/articles/CBMijAFBVV95cUxNSmtrVVBod0Q5Vm5NV2N3dUZvdHpiQlI4U255NGJXU3lLXzdIbVU3TTJTSTBZcXVvUG53dk9ORkpwMG14dWlXOEJqQzlOUzFfM0x2Ty1fS1BOcmVUa25YT2VXZ0JFQng5REZzQzB2TVM3R2Z3R3NwUjdDVFV6MGRrbzZjWVFyWmU3MHh5OA?oc=5","The New York Times","US","1780496104000"
"Iran","https://news.google.com/rss/articles/CBMiXEFVX3lxTE1WblpKSHZlUHNHZTAyOWxWbXdsNGxmSXBqS243bTduWFZNVzlKQjc3WkxuQkdmX0diTXdUZlhLTUtxSUd3REZlUVdEeU5KMk9FUk53MnZ2R2Rha25Z?oc=5","Al Arabiya","Arab","1780495805000"
"Trump-Netanyahu call, canceled Beirut strike signals 'Iranian victory","https://news.google.com/rss/articles/CBMiW0FVX3lxTE1GUzVjSTAxTERKVTNValhiRHFtdl9SMm1xZkp2cjhuMUxZR0NNdl91eG1HOHZYYUkxdkZfTUd3NGFrWXA4ZXR1WXFqSDFSNi1ELV9KV0FFWXJRSzg?oc=5","The Jerusalem Post","Israel","1780495717000"
"Robert Greenway warns of imminent kinetic strikes against Iran","https://news.google.com/rss/articles/CBMiVkFVX3lxTE5kUVJFT1dFS0llckx1N0JQMGVXcFRDcUpRQzhCVi04LWFCS2RWQy0zSVgxNXFPVzVzN04wc0NaMHlUTDdhaWI5RU9aUmRTVEdNRG1RR05R?oc=5","Fox News","US","1780495687000"
"Iran strikes Kuwait's main airport, killing Indian passenger, as fragile ceasefire is tested again","https://news.google.com/rss/articles/CBMiiAJBVV95cUxOeVBBTkpIOUxwc2ctQmFNME1QRktPZ3dHc2lMZDRkSjlCVEpmOURkd2M3NlE4X3VaeEYyQ0hCMk8tZ2Y3VjAxamV4ZjFZV1lVcUQ3XzJnMXh6by1ycUpHQUVadU1JcVA1eUxCc2JQeHhhV2dBX0VXeDI0bjd2cWpsSWlUV3Y4Qlhua1BHSVppQ1dWQTFwS1lOeldRUmw4SXdLMkduRHI1dllqMXB6UEhTdnJTWXo4TUJtUnZ2X2h1cjhzU3NuVTIxdmEybzJUaG40bDRmUUVoeVhhNkk0a3oyUldua19Qa1NjYlFxaXBGVUtxYzB5cWhfc0E5azh3b21DZEdxRTFGdWo?oc=5","Le Monde","Europe","1780495468000"
"US hits Iran with more self-defense strikes","https://news.google.com/rss/articles/CBMiVkFVX3lxTE40bl9kejBodTRjSnBkY3NNNXIzMHFrYlVJNEVOQkt4c0dxdmhoTU5sNmF0cDlod0toTEhLV2VmRkppQXZOQnQybV9FMTZhUWUxSF83OUxn?oc=5","Fox News","US","1780495386000"
"Netanyahu says Iran weakened, but it’s not over","https://news.google.com/rss/articles/CBMipwFBVV95cUxNNkQyeDI1dXgwQjFGTmE2ZmJuTDAtWWlJWUtrM1hoMTJjR09OVy1qLTNBMmg3N09PellRQVI1UzRxUWhrbEVUdkNjc1RSUFZrQ1JWZGl5NGlVblVkaklGai1BQk03cU9fMC1QM3lQR3hQMzVpc1QxeFppNXk2Q3ltWF9NSGhHaTBvNERTZnRKTnFidnVpaDVEdUlzeXF0ZFBkNHBYRmJ3VdIBrAFBVV95cUxQNVc2cUVWT2FNTWZydV95NlhDMVpKei11UXA5SDJtcGRqdUJmekFOWkJLZjdZQWI4VVU0UXN4NmFGVkprdDNUQ0xRQ1lOT1BRdDhUWXFmSWc4cGQtaWlLbm1JeTFheF9MbVhOWS13azhqeDhaSEVaNEFiMWo3cDJwTXJXUHBqWVRmcU03Mlp2VDJDVFV2Ny1qa1paZFF6OUJRTkJ0ZGpFc3lqUzNI?oc=5","Al Arabiya","Arab","1780495380000"
"Ceasefire deal in the balance as CNN team arrives in Iran","https://news.google.com/rss/articles/CBMitwFBVV95cUxOTDFhSnppWlRlUnFqLWctMEE5M3pVajNZZmVNSjVWaUxLMG44NTBpTE9Nb21RcHFnbXpPbllzVFZlX3RxRnJzU29CaGFsdDNmMkxrQlpEU2x3ak1uT21jcl9PSFhELTd0NERkN0JKT2w5UlJSYW1JZGIycWJZajc4UzZYRnNNanNFNHBXYVQza3BnTElPUVhWTWpzR0JvOUdpd2NGbkIwS1Y3a1NkOXBSbTZWTExIQkE?oc=5","CNN","US","1780495200000"
"Trump Says Khamenei ‘Missing A Lot of Different Parts’","https://news.google.com/rss/articles/CBMiqgFBVV95cUxQZ1kxRXJZVDI3eU9JZnVpZFU4WHdTb25HTHpEUFFrOGJFMWtCZDA3S1FGd19RRGdkWjhERnkwajBGZFR5aFUwVTBZZE1HZ2tKaGxxTEEzYnJLM3drTEFSaDh3NnhNN2ZxdDU5N1I5TGNRYjJlWkJTZ3kxZHR1X29vRHAxVEZZNmpWdGFyRExzajlERjNzTE93UmpxSEFKbXNGV29fTlZ1b2tGd9IBrwFBVV95cUxOUVBYc3psWkRSVUxSMUx2T1UyQ2hPUWZ4RzRrSDhIRGhldUhRYVJUVGpJbTVrZG1OMTVYUHlpMENRb3pjeDVvXy13QkkwUFFPbVlIa1BDTEVZeUE0WDlRd3NpM3J3QWdXdjNNcmJMZDQ5RDBNTGt1QXc5QnpqaVRpX1V5alJaU0xidWs0TEhXV0lPdTI1WFFMTnVRcExac0xDUERlajFjbHF5WkhpOU9z?oc=5","Al Arabiya","Arab","1780494886000"
"Oil Prices Rise as Iran and U.S. Exchange Strikes","https://news.google.com/rss/articles/CBMid0FVX3lxTE1UckRQYmRvV3dFNEJHU3RFUWJRSi1hcWVTMmFLRk1xZXVnTnN6MEswMXJmdXYxSnZuOVF4YkY4YU1hWEp0ZHBLY0hwX2RQTHpPTnRDODA5Z1pwNmR2ZENnYzJHdUxEaUtKdmZZZUFUOTNDZERob2Z3?oc=5","The New York Times","US","1780494731000"
"US forces down Iranian drones as supreme leader 'engaging' in talks","https://news.google.com/rss/articles/CBMiVkFVX3lxTFB3c2NEVGY0c0V3R1h1cVhpUE82ODFKZVp4QUZtYndSQ0lMSEpqc3JlSGQ2bXZNM2t5YnlOUmYzTkRtMy1iLWxMNlU2MS1OQUZ5dXI2TlVB?oc=5","Fox News","US","1780494728000"
"SEE: A chart of US and Iranian attacks in the Middle East over the past 24 hours","https://news.google.com/rss/articles/CBMiswFBVV95cUxNRU0wNm92QWJhalZ5bEg1UWVxUGMyV2xrOTVuR2I5NUhvQzBEWTdMSzlBUzN1R0psamxPZlE3THRVZDJyOGdTLUdRVHBpNDNCeVBvUERQbkR4MlFkRTNFcklhbzJLSm1Mamo4WTUxejM4dkt2ZUo1VkhLd29wd0hSMkc1VFhjc3U0Qnd5VHlCS2o3UHRCLUpHakNFV1hTMzNqci02blhieUE0aTVEeE04V0tvdw?oc=5","Dawn","Pakistan","1780494663000"
"Trump and Netanyahu Are Clashing Over How to End the Iran War","https://news.google.com/rss/articles/CBMihgFBVV95cUxQM2ljMWhHeHRvRHN5RG5oNnpJZjNFVFB1alQ1R2FtX1dfQkxwUlVIVU5PRGpYYVg0UE8yOFc1VU1BQmVveVVjUnowSEVlTDZJMXJlejRxQ2tvOU5oakVjd2hxS1FPdmpGblBLNjJMeFdrcS1YejZVeFZPMjdNNUhiTkk0SmRGZw?oc=5","The Wall Street Journal","US","1780494420000"
"Kuwait demands two Iran embassy staff leave after deadly airport attack","https://news.google.com/rss/articles/CBMiqAFBVV95cUxPUjJCMHVfcEM2VjZ4ZEMzemJrRW14MGYyV1NIVWVlSHVKX0tJTGFTcTMwb2FubnlfYkY2UkJyR2IwNEhEV2VjYXBMOTJ3NmtMWUx1SXdNY0NEZUtHVkRDM2pSMmhFV19rU09MNXE3aElNNFJVdHpGQ3k2NkpISVFfbGVaX1Z4THIwYzhsU3NheDJRWWtkNlk2NmZvaWhrWVFFUXBIanU0Nkw?oc=5","Dawn","Pakistan","1780494301000"
"Trump Says ‘Iran’s a Big Success’","https://news.google.com/rss/articles/CBMijgFBVV95cUxNNVRyNEJ3OXBzc2wwVlpBQ3FXaG1oa0E0RnhiNzBaZENDSjhCc2l2V2poeXR1NURRVm04dHoxNWdJVTVMNVZhVVFVejNia1FYTlotR2ppYW1Id2sxUWtQWjZaNUxQQVNjQ241c0p0bUlUYk1LZjRGaVB0UjdBQ05seFhOLXYtUnk5am5yWDF3?oc=5","Al Arabiya","Arab","1780494222000"
"Stocks Stall on New Iran Clashes, IAEA's Nuclear Warning, More","https://news.google.com/rss/articles/CBMirAFBVV95cUxNcm5fWGtxLVF3UlpkaUg0ejFmZVlBT0wxcWc5NTc3Y2JFZWpQQTg0OWtjNXAzdHctM3hadFM3UVR3VXVPc1ZWeHpyUFl2MzJ2S3FUNnNsZnZRM2NWTk5PbUEzWTNFOVcyb3dOblJLLUlJdjZtT0RjT3Yyenh2WjYzUzlpWFdGR3ZEZXpQSWdKbkVSek5Lc1pLZFFPM1FqeUFJay11TVNHZERGUXJq?oc=5","Bloomberg","Global","1780494131000"
"Iran’s World Cup squad to depart for Mexico on June 6 despite US visa delay","https://news.google.com/rss/articles/CBMitwFBVV95cUxOQjNyVWxWZEhhNDFJeDQwbkdkbjVGN3l0M0FvcWFwaWFmOVE5bklObDNFSnk1YkY2cHBpbXVHNXZWbFpaUGdUUEFWeGZFQ0JEaUVwME5jVVVLS1FNYVZEcmlCNGRTVWk5enJfWE1nWW44aWdoX0daVVI4aFk1YzBhV0pRaFZ4OWU5M0dKMEcwdFhiVC1KSDc2X1MxR1FNZFMwWWVDRThBcHpXZVBiU1l1S000S2FwZnPSAbwBQVVfeXFMTzVEWUxiaHdKMzRsSWc2aWoxVmFvaW9sdzVqeUZXWFJreFJodWQxSWVEakRLNlB0TXJfVVRpYklSb0hpSVBfNk5JaldBRmVuYTRGelU4Q3FzLWVCUkZUSmNxY1pMQXlENjZTVWo2R3U1VlMwSkEwYlVJVnBQT0FzN2drYUNWeTdMSUZqWTZkZ3djblpiaVc4WEVkRUhMazV0TUNxU25Na2dJM1UtNnhFMzFBTmVKTVFTdEJ1ZGE?oc=5","Al Jazeera","Arab","1780493933000"
"Iran rejects ‘excessive demands’ in talks or ceasefire, Leader’s advisor warns US","https://news.google.com/rss/articles/CBMivwFBVV95cUxQcWRSTG5ZQko3UFdQSWZ4ZWJjNFZyc3g1SFVRbkFDVzRoRGlLOGlSQ09jc05LNVF3MDR0RE5DSnZ4eWE2eVlnNEJxZExHeHdtRDRncGRlRTcwV3IwbzE3RjFsNW96QXI1aHQ3UXVidWxacnBiNVpkQlk4YmNfTkJnUi1kRGhFcVgzM2FRUlZiaUJQeFg1NXRZMkhTa3FLQXNzUWNpd3RQZXZqYk1UeUNzWV9VVktBSkFXcWlzOHRHdw?oc=5","Press TV","Iran","1780493880000"
"Urgent: Kuwait summons Iranian envoy, expels 2 diplomats amid escalating attacks","https://news.google.com/rss/articles/CBMifEFVX3lxTE9HanFfeHdjWXpKUk8xRmQ5NmN2bjBwUGhoSENTLW9qNHo1Q1o1bDdCZ2ZpdWZWSUkxdXNXWG9ybC1kNi1sS2Ntai1RaDhDejNWX3pKN0VGS1RqTFRBdklySFNodmYzaEQwbXlxdWx3WmYyT1lidW0wVkthS2c?oc=5","Xinhua","China","1780493850000"
"How Israel’s Battle With Hezbollah Fits Into the Iran War","https://news.google.com/rss/articles/CBMirAFBVV95cUxOR0JLOTlPejlGc1V2Mm40T0hsRTBtUWcyUFBCbGtoUER5cVZYQllzMFVhX2Y4cmlKX3UtbGdPM0RvRThFQWkzNFlrRldORHRnVWVYdDZZNHZrSnc0YklyTFRpXzdjaGNfRnFGN0pBQkg0aWF6V0lrbTQzVWN2WHM4dXItaHVxMDRvZ19JaEJSa0NuTDhkWFRCaTFhcU1lbkxGRVp0TGg4MmtQS24x?oc=5","Bloomberg","Global","1780493747000"
"Put aside the cursing, and focus on defeating Iran","https://news.google.com/rss/articles/CBMihwFBVV95cUxNQVRNVHh4SXZCVnVpUDl1NGV3RC1EX2d3bjg3cUt4dDJYM3IycVJmODlHNkYzV205NDFzOW1jUHZsVF9mNG9TaS00Q3FISzNDVXYzMXJwb3o4Z1hsQVZoUWxIUDRPSnF1cVBIWEMteFNGbWpWbEJZLURWM1FmTTJOZjhjWFAyelHSAYwBQVVfeXFMT3h5aUxJSThDM0l2NjI4RDljNkRfZkkyTEZZRWpwNW95VmxKRkw1V3VDREZVNUotZXB3VUpaYmdIZ2tXeDM3ZW1BSlMzMW5aTWdDZHpxaGo3ZTBGVVhoVU9FUEQxYkhHZzF1enFqb3VmYW5pclg5Q1EwTEplei13MjdfUFVEWWVaMDl2YWQ?oc=5","The Times of Israel","Israel","1780493684000"
"Turkish president warns of negative effects of U.S.-Iran crisis, stresses energy supply security","https://news.google.com/rss/articles/CBMifEFVX3lxTE83UEJ3WVlfcDgxZ2tLeU1xckJFdFg3MjhTb3pBUzVxck9LVThBeV8yRGxJTzNOWE5MTkR3cTU5Vl9ZVnUwM3dlR3Y1Yk80ZzIzYzFBYmhUdUt0VExCTV9PRHJUUzVWZ053NlhnamRZTDlvYUpuUDVzVUpOT1E?oc=5","Xinhua","China","1780493370000"
"Trump denies impasse in Iran talks after fresh strikes on Gulf countries","https://news.google.com/rss/articles/CBMiogFBVV95cUxQbElfV3BkLW5UVGNXOHpDSlRyclBIektIclQwdHJpUWsxUGwyam0yMUVjYW5kOGw0bzh0MUtxQnhjYm4yRmhYZFh2eGFnajRMdlBoWTlOUkEzV1pBUW9IN3lVZk1MWkV6N0w0OGMtWWZhRkR4LXlLeDctM19lZVoyOEpwcVlQSjhqaGVyTlNNeE1fQWV4dmpvZEx6TjItTUQwR3c?oc=5","France 24","Europe","1780493335000"
"Trump talks Iran, midterms, 2028 race in NY Post interview, illegal migrant faces murder charges","https://news.google.com/rss/articles/CBMiuwFBVV95cUxPTnkyeHpRVDlPd2pPR1NiLW9HTHJvQk1NVk9lUVYzZHZza3JZVngzMTBBOWw0R20xQmtWS0NSaGQ4ZC1BTjRidlR0QmI2ZkI1c20ycUF3eDVlSC14a2lLVWQ2MWxDZW9DcjJ2U3pZcWdBQ05ObWc1X0p2cktJSmJ1NW9QZXhZczFKdDEzUFl1SUNQS0N1MTRQdHFSYnZZOEpEby0tOVVvVy15QVo4R2VTMTlrUksxNVRyZVRn?oc=5","New York Post","US","1780492803000"
"Trump says he ‘would like to meet’ Iran’s Mojtaba Khamenei","https://news.google.com/rss/articles/CBMitAFBVV95cUxQQjJjWFctVExmLUxoa1cyMWI2WDE4cGhHT0JOSlpzVGc0MHpJYjFmQ0V5UWNrVC1idHR5VTVEWXJNUzJHb0h0Xzc3OFgtOWRzZzh2dHZqY1ZkSjN4bDl6azAwUzdIOF95VS16cEJ3VTZfdUVqYmRYVy1STEpfWi1MaHllSmZSOS1GMlFXeG9Gc2V4MHBFUzIzdkpRQ3kzVkRWNFZLR2l6UDlxa1dUTXhpbUxXMTLSAboBQVVfeXFMTlRySEpySG1HS0UwV3RjNV9tMUxMQS1nbUdVZEQ1YVp4YkZhM0FmU3E1bnBSLWJGRU9EWTR1WDZaem03dWtveWRYVldoU1BTT1QybWpBYWJjMXZIdldxQVJqUzdwOWNPc1hKT21ucHRReU1tWmJDUEs4QUNqbmZjWW8tM1pEOVpDWHNxekl2bm01LTVZOFFHamhsSzhfbEdfVmpqRTkxTXVpckx0QVRGZHdrYUdLVnpMcE5B?oc=5","Al Arabiya","Arab","1780492740000"
"Norwegian teen who planned UK murder was recruited by Iran-linked Swedish crime group","https://news.google.com/rss/articles/CBMitwFBVV95cUxNRXhLazYtd3hiZmJhU0lmNFk4azZiRFEtZkFkVzlDWkQ1X3JDbmlNTWdLTnpvRFBOVVlGZXV0VTBNSEFMazYtekkxS21jcWdoVzBFNG9wUGhFdWRaVkFaUkk3QS0wTzY1ZFkyTXFHQi1QaFgzenpQYVNURzA4UVJXdVozQ1NpVXZ6bFBpa0Y5OFRwQkpkaDFlemFWWjhuSkVOdnRSaVFFWDJMZWsxcHI0Ukl3S3d1SmfSAbwBQVVfeXFMTWZraDRicGJvUlUwdmZfMnlyRXZoTmpaZjl2aVB4X3k0azNEYjVORTk3azBBZlQwaDZNeWh6ejg1a3BhQjd2MjY0NlJ2MDhORENCOTFzVXNaQ3NPWFdibWFGWFR2TjZmQXZsMWVReW55bUg5RHZfMjZvVkRZMGJDbjRjbkxsU0Jielc1a1NaUkNuV2xyS0hzMk1QVzBDZkRNXzRSMF9hMVRPN19PSjZFVE83NlZBSTMxSTdMQWU?oc=5","The Times of Israel","Israel","1780492498000"
"Trump confirms he called Netanyahu 'crazy,' as he says Israel is complicating peace talks with Iran","https://news.google.com/rss/articles/CBMi1wFBVV95cUxQS1BJOGRKVlNGLUVidEhKQlFOUkVYaWxHWXJYREt2VUF1R0JXZ2NVOVY3Rm45VS1SMHo1Y2sxbVJvVThzZi00b3BfUENmQ1ozcWZHUkpIbjJqYk8xUkF6NTc1SUIxY2cwNlo2U3puYmhsS2FOeHRyM29yWGNRai12eXZYOUtsX1o0RlpiS2JWOWNTeHNrYkdNZXZQajBBTFAyS19vcUtpMlZYa1FfazNCRUZONWx4VS1adzFLN2o5UV9UanVQVl95bXlmcnZGMHhJdmVUVE42dw?oc=5","The Washington Post","US","1780492435000"
"KUWAIT TO REDUCE IRANIAN DIPLOMATIC MISSION DUE TO ATTACKS - MFA","https://news.google.com/rss/articles/CBMibkFVX3lxTE4tLXBGaWlsUUJwSnppbjBPeTdHcWs1dERQSE96bzBYZ1puVlhSdTRKeUhTbkVCQ2NQZXgxVzgxcGppczVTWVFucWV3Y1gyZTZJbFpjTDNhcF94aS1vYlZYV0tfZHVRUkxVRGwzTzV3?oc=5","CGTN","China","1780492369000"
"Kuwait can restore 70pc of oil output in 68 weeks of Hormuz reopening: petroleum executive","https://news.google.com/rss/articles/CBMiwAFBVV95cUxNbVd2Z0JURTd2Sk9OeW1FMXhGTGlMQXMzOHFtRVY0ZXhLMm15dHRJV0dQSi1BSk1TSy12RGhUaDFOOEF5dC1HdHhlZ3dwYUlTQkIxWW10dk1jZnBSS2JfMzVERkxMUFc1cWVPNlNJaENGUi1ORzA2TWdpSkl5ZTFTT3BodmZpZlFsYjlvV1pibDdwQUZPVUJoMElyUFdLTks5YnE3QjBqaXcxMnNDSFNvTzFjZlFRMXQ1aXFGV0R6R3Q?oc=5","Dawn","Pakistan","1780492143000"
"IMF says Saudi economy holding up during Iran war but growth could slow to 2% in 2026","https://news.google.com/rss/articles/CBMixwFBVV95cUxPb2ZZT1o2eXpKVEJXNE5wR0VEN0VkTEFndHVnaGlmUmhBVzZZbXdDQXo5eGFrT1NqRVhBby1qdWN0dlFhRGhKU1Q2QmcxblozTmdnTmxtcU9pMEY4Nm9GcURiU0x0Ui1MUGNCR2pXR2htaTQ3Skw1NHVjcUxuWmZuUG9LU3lnUnVnbTg2bzBDcWJCOEZ2VmVNYS1qLWFpNnBCYWtRb29YNG1KSzUzR0VoN0czSEFwNEpjZFZ5dVhQOGJTZzZaVTNJ?oc=5","Reuters","Global","1780492106000"
"Israel's expanded Lebanon campaign threatens to derail US-Iran talks","https://news.google.com/rss/articles/CBMisgFBVV95cUxONE5uaG9jM2J3NUFiQnBiMTVkdUhwNXZhUmQyTFVVOGFOR0UwS0hwc2FmZmNrVjNKM2RKakdYQk9uRll3MWJSa19WenVPNHBTUGx4UjNJZlNFQ0swUWtrLU9kRGNRMkx2eUR3TC1TVFZ4UmRSLWxKZUVVWmhqaGRDUmhONE1qbWE4enlMRzBwNnhDMnNneFZMa3B0STJzaXRSbjJfaDdGRmR4c1h6YU53Y3pB?oc=5","Euronews","Europe","1780492057000"
"IMF says prolonged Iran war could weigh on Saudi Arabia's medium-term outlook","https://news.google.com/rss/articles/CBMi0wFBVV95cUxQT2xha1FiQkVZblNIb0phd2p4MEN3T0ppSW5iY3lKVXdLSWJHYnktTEtMeTZ3NHJOd1RxX005X0pycEliNXRIeEVWazd4YkxWYVVOdWwzUzZjaDVkV3Q4eTVSeGN6RnJqWXNrYmVLOGcxLXJtM2szWDZhSTh0aU1qYkNPWUxhWkNWUGdnc1loYmkyemJSMHp0b3dUaUdBWEJyZ1pmaWp2cXhTbThhMXh6ODZKYzNCQmQ2Sm14cU5rMkI0QjFMSmt6VlF4N1diVC1KeDVz?oc=5","The National","Arab","1780491791000"
"Iran moves forward with review of Strait of Hormuz management legislation: media","https://news.google.com/rss/articles/CBMifEFVX3lxTE1fRlROV01lRHZtX1JmYTQ0S3ZBNFdFQkRzckNva1YyQWxHQUN5cktJMHNLa2hBVENHa3lINlRJQjkzQWwyOC1RVlB3eXpJZUUwMlBIVElNNEpBVGVBWjlsZlN5dFFkWHp0QzJhZF8tWFh6cUFYUmVoR1JHRy0?oc=5","Xinhua","China","1780491510000"
"Becerra, Hilton Take Early Lead in California, US, Iran Exchange Military Strikes, More","https://news.google.com/rss/articles/CBMimAFBVV95cUxQUzdNSDloTjNqTFhIN2hhSWI4WG1pMHVkUTl0ZGJEak12YjVVc095VmNPTjRoTWl6T3lNaXk0anBoNkJhRC1LRkNSVDJlNGlxZmM4a0hEWGVSV09xV0xFalg0Q056NEFTNUhMU1YxZXpZRnlRUXhrUWdxc1RPYmNlVVhmZnk0bUpwWkhKUXFIZUwtaGpHMk9DdQ?oc=5","Bloomberg","Global","1780491440000"
"Strain grows on shipping industry with vessels stuck inside Hormuz","https://news.google.com/rss/articles/CBMiuAFBVV95cUxPTzVjNnhYOTdCZFN6TVIyb3lyM0RicUt4MHBlU0l2TkRnR3dIMEUwTEJDREl2VEFGaTR3am9ER2NYVFkteUNvRlJvZkhoWTVEUFFQTklKUnlCSjVsQ01kZFJwOHRfYXY3SUxjQVlhblJPUXVQbzhGUGR1QnpqZFI0ekptYlNPb0k5Rzd2MlZRanNIQTRNWDBmSjZPcGdZVnZrTW5jM2RYZE5HOU1ReWpiVkpXV3ZWSVpH?oc=5","Reuters","Global","1780491418000"
"Kuwait and Bahrain attacked as Iran launches missile and drone barrage","https://news.google.com/rss/articles/CBMivAFBVV95cUxQMTJDZVVYelUxdDlZLW95SGFxdWZ3d1NTMGoyVzlPQTZJMFlETGxZM0Y3d2gtN1kwZ0JTV3Y3MUdYNXBmUXNzWTZXcVJCenBHSjJzWmlJOTV3anJmbkZWbVJhNE9Jb3FfUVdLQlpkd3NsVlZyYzJIaWhVUDQ1QkpVTDl4VkF5VzJhVDR3TzBpU3FKNDRzV3E0VlBYN3o5Z255Z3hNdlVrZWlWbjR2Tm9kNVotbzdyNTBqeUNxTdIBwgFBVV95cUxPX1kybUh3dndmWFI5MDBfY0RkdjBCdG5rdjlCaWJuNXZOanN2WUx5OExqd1R2bENPaXFQNGpSenRrMkpxclFzS25JUEtyd3F5MVVOLXpKWHJqOERBbjVXYzd5TlVxZk51VUQ2QURubzFFazNlNTB6SmZRRldEZk5nYmZRb2pqaVFFbHZYMWpucmVLRU9wTFhReGxONWxoZzNVcFFrWXZQX0t3LXhMZ0pZeXoxS2c1V253ZmhWN3Rncnp1QQ?oc=5","Al Jazeera","Arab","1780491390000"
"War may end in interim deal that leaves Iran battered but unbowed","https://news.google.com/rss/articles/CBMisgFBVV95cUxQeWdyX05aazdhNHJWc01EdWx6SUEybEJmUGZweERVVkpsYjltZG5vUTE3MkdiQWNrQ0U0VWZkSHZyeUswN1ZnbVAtQnhXWGNzamJoOVk1RFlKQ2h6UGNhS1hJYzQ5OTBuQ0tLZmpYc3Z3REtEQjlET0NmM0VhMkExVmN4UTRGb0lMaXNGU2VJM2JjMXdUWWRyYldvLTlPeWIxN0FyczFmZ2N4YkhPQ2tBMXdn?oc=5","Reuters","Global","1780490889000"
"Iran Nuclear Risk Seen Higher Than Before Trump Attacks Began","https://news.google.com/rss/articles/CBMisgFBVV95cUxNMjFtWV9vczlGSnBBSkhhVHJnbUQ1Zm8wMmJGN3luWXctU0JVdUZkeFN2aGVVT2RkTGxka3Fhd0lNMVVNbTFTYW9VQVB1TlhuQUx3aTU5bnZieHJPRE5Jdlp6ZmxZalUwTGl4RElTZXpZdWRFSGNmVGVoSDF4Q2lIZWlsVzhoOW5WRkZhbmdoOC1DTU9fX2hva0NyVVB1Nm9ZYXc2SEJmcUpXZWI5bGFCUG5B?oc=5","Bloomberg","Global","1780490855000"
"Kuwait resumes airport's flight operations after alleged Iranian attacks kill 1, injure 63","https://news.google.com/rss/articles/CBMifEFVX3lxTE1sdEtXRlhRbUxLTmZIUm9DZW1QaXZ1TU9qR1JrSndTRWJMejZ4NVRzRU0tWUZ0WmJrZVVhTUs4OEkyNDN4N3I5clo0c3VXZlNOOXZoNWVfVWtscUpmT0NMVWxkYnE0TTJJaXREYVVTVS1oOUR4YXpfN0lfbVQ?oc=5","Xinhua","China","1780490715000"
"EU proposes Aspides naval mission takes ‘primary role’ in clearing Strait of Hormuz of mines","https://news.google.com/rss/articles/CBMi3wFBVV95cUxNa2NMQy1SV0FhMVlSX01vem9VeWI2Zk1EeG15bGJjTEVMaUx0bTd1am1USGtaMDBvTlR2SndNRmMzME54MWgyNW51WkYxcGNhelpZNUlfRi1naERkU3dURkJyOHh2aGs0dEU5eF9IaGhranpvUkItMzRrTG85dGlBWGVqNnFPX3R3cTMyX2Y4dlJSMGh1MnpRRzlwa0JNdXp3OWFEZDJzeklIU2tndG5pNDZTa3U1OGVEeWs3eFlkcHZNUzNjN2tFSWZORVY1UGtrZUt6VXJwcEFBQ1lwLTZZ?oc=5","The National","Arab","1780490344000"
"Ceasefire deal in the balance as CNN team arrive in Iran","https://news.google.com/rss/articles/CBMikwFBVV95cUxQS1M5N2Z2MHp4QUt6WlhrWFZVbHhZMnN6bk9sUHBwS0lVdnRrZkJZTzVXdmRZS2lMU1JtY1VydUo0aDgycFNkQU1uSmlobENmVndaU0NvSTlRemtpUkc1eG96WlpobmQyRUIteTNjeGNxd2h5OEJYaVd0bHZQNWRZS3dmelhETVUzbmlxV3NkNXNVam8?oc=5","CNN","US","1780489996000"
"Kuwait says Iran launched 30 ballistic missiles and drones at the country","https://news.google.com/rss/articles/CBMiqwFBVV95cUxQYW9UMFY0MmgwTWpmQzByaU5ldDVFazAtcXl2SUZndDBIMTBGRDZrWnpEQzl6YlRPWHJEZGJJUjdDM28tcTRnREhKbkZQNEtiRG51MmNUNk1mb2E0aE1nUk8wT1FVSnNSdXRNekt3M3Zxa045OUFwZU1USlZzMU1laGhEbFEtS1pyR2Q0dWt3bjRRcUhCY3VyY3g1MHEzSElyOF9MVTBmdjd1djA?oc=5","Dawn","Pakistan","1780489896000"
"US Stock Futures Fall as US-Iran Flareup Threatens Peace Hopes","https://news.google.com/rss/articles/CBMiswFBVV95cUxOMFNfamRYbHpRNl9GQ3BzQnNEQzlwbUZvTk1mZ3ZURWdPV2tWSjhSQjdENC1iUmstcTFsdmVXYV9FSmluWXIwOEhvRjY5V0FpUjJWYl9qYnItZEZSV05iMU1qbHhqRWlWTXBmUGVKR0I5ZTBOVlNKUFBUdXNvSTAtZ095cm1HUXgwSnVQRk0zaVdoWV9pUmpGRFBLR2RoZDBxOFZyTmkwckVkSktaTUwtUFBLMA?oc=5","Bloomberg","Global","1780489872000"
"Kuwait says Iran fired 30 ballistic missiles, drones in ‘heinous aggression’","https://news.google.com/rss/articles/CBMiuwFBVV95cUxOSGhOaHFvNWpHaFM0djc1UmZfd2FLekhfSzIxZXp4NzJDcEVHVDllcTRHWWpHMlRYNDFOSWJYbC00aUNmM3dTS1Z2QkhkY2RQWnNScjBQZjV3alVwMEFZQ2J3LWN0VkM4cUt6ZGdacFdHck1RWUVLNkROSnR5R0d3eU9CN3M1dzUtTmJnU1dOVko0eUt1TVFMSmdFQWFXUzFKLXJ1aWFsR05TTTdYQWJha0R0dUJLYml6SHJr?oc=5","The Times of Israel","Israel","1780489812000"
"Trump says approaching deal with Iran, hints at meeting with Iran's supreme leader","https://news.google.com/rss/articles/CBMibkFVX3lxTE1fLUlaLWU4bU1nWGVYb180cXFmdHVkdEpiZEROZlBhbWtKZTUzdkhYWGVPRXdQSjFHRl9BdVQ0aXBCa09EWFNRSnpGalZVMU55WXVqVTFLVjZDZVZ4NnpEZWtHbDhadTMzZ1F2ckdB?oc=5","CGTN","China","1780489812000"
"Iran condemns U.S. attacks on oil tanker, communications tower","https://news.google.com/rss/articles/CBMifEFVX3lxTE9qUEdBZndGZDBiWnZYT3pGcFgwTzFiQ0dySXl0TldQZUJDNmxBVEMzUUh4MFJxWmhBVmMzNVdmRVRDdTUteVNzeGlFQkRJTTQ1MjcwX2h0WENFR0NkSVVFd3VYVkhvbmc2LXc0enE4WDJfTXZ0eXpGb1UyWnI?oc=5","Xinhua","China","1780489530000"
"Iran War 2.5: The Shadow War between War and Peace","https://news.google.com/rss/articles/CBMiigFBVV95cUxOenVaQ0pQakwzdHBSSTJIbkhTYy1jdGp4X3dCZExlNmxYM2ZILVFidV9LS2tRT1Q2dzBLV2dEQWZWa0FUbXotZmM5ZURUNmo0YlkzT0lwb0J1SDFMZFVZN1UyMXRUSVlxVVlBRHZleWtVaXUxQTdGU0hGUlJXbENNcVJQd3NjNHpBWmc?oc=5","The Times of Israel","Israel","1780489260000"
"After the Fall: Will Iran Be Free or Just Different?","https://news.google.com/rss/articles/CBMiiwFBVV95cUxNRWdUYWtDTXJNZ3cteU5vM1A0bl9hN0l3emgzSVZnenRKU0hpWnNvbldfT3JGZzVFcDdJUmlmYjFEcnpEWWx6OEdRaHY5S2RlR09SWENsYlFPcVljUXZXN0J1VXdKUTVfQzEwOEtVWm5YQmFsNTd1Nk1mU2hCUmIyS0dzR05mOGxDY1Y0?oc=5","The Times of Israel","Israel","1780489080000"
"Oil’s Hormuz Alternatives Offer Only a Partial Fix","https://news.google.com/rss/articles/CBMipwFBVV95cUxQclhDbzU3WmxpZ2FoYXg1VXFDZF9jQkZyeFZPN29hUzc1bTFsUE92TUVKd2ZSbnd0c0QzOXdYV1lFbVh0VFI3MmJPVmpUSm5wck9pbE5CUWtpNWxjYWd3bEFISDNZTDBqM2dHMVlBUVRRXzZmU2NBYkpESFgwdm41bWdmaDFabnhGV2RjRGZkcmN1b19ZeUMzRnJmYlZ2OEhvX20xV0dEUQ?oc=5","Bloomberg","Global","1780489043000"
"Norwegian Teen, Hired by Swedish Crime Group Used by Iran, Planned U.K. Murder","https://news.google.com/rss/articles/CBMikwJBVV95cUxQb0ROR05WMTdrZjFDYVY0NHd5TWJTUEtzaXhPU0h0OF91cWRxTlExTUd4VmROSlhNZDlLZXJDN1lRaXM0MmxvZ2ZIQ1BJVHdpT2VLX2ZUenNWWmZLbXpkVk1oZ2Z5ek93V05HMUxyaTRoQnJyR3M1cUpwNEtNU001UFZpM0RSa1h2MXp3bWdDUVRhSDBQSHpIbTBJaFlnZXphbFNva2dUREl1X2FiVG52MDVZV0laeEdPOHczOC12Q3ZzWldWdmd2MEhlSVJVOG9sZFN5T3ZSM2NjX2pHT3Q4OUc1ZzVpSWZTdzZZS3BIWTB5Z0ZEcndGOFNiSFZ5aGJjQVZlQ294WDV3ZUpONkFkeHdEYw?oc=5","Haaretz","Israel","1780488300000"
"Trump Says Iran Has Agreed to Not Have a Nuclear Weapon","https://news.google.com/rss/articles/CBMilgFBVV95cUxOUmlLRkNRQ0RMaTZ1eUYtNFlaa3I4UGZGUF82SEZvZTUzU28yclg4aklBSlVUeVFtU2pqTjdTTVdRSGsxanJkLWhHLWFjaFJSUkFEWEhTTDViMTFYay0wUmFVaGxFdE1JUmxDejAza1lIZEVNVzVNaVNBMzI3Q0NhNlZwOHFtdGVlWGRsSDZsWUh0QXk1ZkE?oc=5","Asharq Al-Awsat","Arab","1780488002000"
"Kuwait to Look at Expanding Global Oil Storage After Iran War","https://news.google.com/rss/articles/CBMisgFBVV95cUxQcWlxZEJ2UDhXTVdybEptYXA4NmVJbzBEb29KSnlwN0dCYnZwSnpKajhKbjZPMTdtV1RHMVZOcHFlWDd2endaR0VrQ044SzNpcm1NUzZjNDZYYUFmZkRicjd5RXNtZXltWlhZOW9Zd3k3ek9sREFqY3oyQ1NuSlQ0b2U1Wk96V3pFWGNweDZSbExfYnVTQWZVTjAzRGtkU2d6akVicU9fQ0NlRW1YUjVIQTNR?oc=5","Bloomberg","Global","1780487916000"
"Iranian news outlet disputes Trump's stance of peace talks 'evolving'","https://news.google.com/rss/articles/CBMiogFBVV95cUxOd2lySzdUekxoaXBjSWg0WkxTT0NXVDZ0MWVKZExsemxGUlhUUzZxWWF2ZkQ2bUxWZG1oTkJpY2dLWWZ2QTVsQW1yb1dha0loV3NkRHdPcXNSSERHbHBpYWY1Nzg2N0Zvdmt1ZkhSVXVZZFVuTzdGSnhMWHZwdTVnN3MxV3pyUU40OXVoVXdycUNyRVJSNG0wRl8wc0RPV3V6VEE?oc=5","Dawn","Pakistan","1780487878000"
"Urgent: Iran's IRGC claims attack on airbase in Kuwait","https://news.google.com/rss/articles/CBMifEFVX3lxTE5sY0NTTVpYa0Q0NXJaaXRrUDlNMXNLVEtER1ctT201QmxJakRBbmNGTjBCblZ2OFRGd3ctdS1RN2U0OURlem1CazIzWFR3TENXQ1ZnUzNEV3BCZ2YtcXpsVXg5WDZzR0JpemN0UDN2a3c2TXU3b09SSlpKclQ?oc=5","Xinhua","China","1780487730000"
"Overnight: US STRIKES Iran as Kuwait, Bahrain under ATTACK","https://news.google.com/rss/articles/CBMiVkFVX3lxTE1FWFoyNUZ2aU5CLTdwbkl4c3l4UnNIZVd6Y2JWNkhNWUhQYlphWU5CTFFGU0dWRzZDMXpvWWtnTEtJX2pjNlhhTS14akhjYTdLM1lldWtB?oc=5","Fox News","US","1780487654000"
"Iran vows to use ‘all capabilities’ to confront any US aggression","https://news.google.com/rss/articles/CBMingFBVV95cUxPbUpYX2R6UFBpT2VVcjZmWll3Y1RwbzBWYmhGSHpxTWNvVUY4UmR2ZWNhc29KT2lQNng2bzByckxKcDV2X1dFOXFKdnBWMEVXazQwOG43R3l1YThsazVneDRDa2owRjFiWnJOVzBpekdnLXluOTFjSldaOEV4RWdtbjdzdlhwUkhlbE5UYkRROWc0Q1JWbVNMOVRmSExYUQ?oc=5","Dawn","Pakistan","1780487614000"
"Iranian university to turn destroyed satellite facility into war museum after US-Israeli airstrikes","https://news.google.com/rss/articles/CBMi4AFBVV95cUxQc3l2dU1UWFVzLVB4UXAteVFWdXdqdi1QU25BT2tjOWl1Ul9xWURqdXpHLVVKak1kWVU3RS1sbWp4RDdITGR3SEpKSWI2M3BWV1JNWkFvQ1BuUG9QNG5CV3BiZHVQa3NZNHFzTEFjaXBGMlhsNGJ0YXlWY0VpMjdBM0pNMk9VMDdNN1ROb1lWd2JmcGhtckJMRUxmSGIyRTlSS2Q2emxWSDhEMHZGUWFMVlJCbnhSWFRzYUNLN1pLTHJZN3JhVVZCR1hTSU1jR2JoOVd3MXAxODB6T1pUM0lXaA?oc=5","Press TV","Iran","1780487460000"
"Trump again insists gas will be back down to $1.85 a gallon as soon as Iran war is over","https://news.google.com/rss/articles/CBMiowFBVV95cUxQOHJWN1RwTTZoNGRwbjMwWElvdWdaY1R2TEs2Tnh1VkFZRG5kbFZXVmtCeTVMLXNDWGd1RzM3ZExuYzFpV0pUOWo2bmI3d3lnNnBEY09SaWFOOHZKbkVJMDZPREJjWUdmdUxMRVo2ZVp1TnpPMndERUloV2JYbEtaeDFlSzBZTFkwZi1mek5DYTREeVF6ZnVIcldjNGc3QVdZclhr?oc=5","The Independent","UK","1780487460000"
"Trump Says Will Probably Meet Iran’s Khamenei","https://news.google.com/rss/articles/CBMinwFBVV95cUxNcWNaNnVvQWt3MGRBYkdNMHg0NW5mYzdpLWRpLVktSkxtbmdwWnB2ZFJtYmIwdHk4TndvalEwVUF2UjBJZVRkbGtLNzZWb2lOZ19ZaG1XTFk4Y3I4Rm5hMHhUTEpEeGxrYzZzTlRScVphVHoxVDkxQnM5NDdST21OT2lBc2JtbDdtVkJFZld6dWl3WFY4STZUcE1MN0FBMnPSAaQBQVVfeXFMTlotWkstWjllYTVyS0lyYTR1VGtiMkVvNmJSVUpEOTdMTWEzbDktOVhtc09SY2ZBcFpiS1hYNFE3bnlsLW9GenVwSVNnb3BmbDlBc3l3NlhwekVCSV9xblRHYjFFT1llUWNmWXl6YjJIXzFPWXNDNEZNTGN6T0duVnNOeFZQaFlfZ3lLSlRudU1LaWRZdGR5OFZrNngyekNCSE5kWUE?oc=5","Al Arabiya","Arab","1780487340000"
"Early trading on Wall Street mixed as oil prices tick higher with Iran cease fire under strain","https://news.google.com/rss/articles/CBMilwFBVV95cUxNQjVMZXBoRXVQS3ZaWHI2UUFfXzY1ZHIyYTRsWmRsQ0R1SG1qY0w4VDFPMV9pRmRfdExYM3ZKeDhJTUhJN2pYZnBfNzJVY2ttSERKRVVGaGxTanpZdGhJaHB5akFXS2drQUpQX1I4ZXdxeDMtMHhaaVN4ZGdwMWo4QVZ3RVVaZkdWcFhrdGJsa0QtSnRHUEF3?oc=5","Associated Press","Global","1780487280000"
"Iran, Kuwait, Bahrain hit: Is the war in the Gulf escalating again?","https://news.google.com/rss/articles/CBMipgFBVV95cUxNTFlpd0VhZmNHUEhHVnR4dEZYX0tyV0VpSDRicVJreENwR3NZS05TbU5vYnZ4TDdrbG9LWHVJRE1nbVczWF95d1dNQzZKYmFsbExKbVZqbkszQ1BRYzBFNmh4WFlzdjhNV3JqM1hMVDZwaWNTZ0FBTjJ2ZHktYnVVUlF3X1AyQk41eGxpLVhZN1NsamhZLXJUSk5PdUt3OEVORU9Da2dR0gGrAUFVX3lxTE1HN3VMaHF2QXA2ZUwzQ1JIOEVtYmd3VmxVaU1rVlhUXzA2UEZreHk1c19Fb2dLbzMzWUU3aHhubHBLOHJIMmhvZ1pzUWwweFFyTm9XamhLTXZiUlo0Z3E4RnJ5ZTlKWHk3Tk1hekdPbVdfR2QwSjlNTF9BcTdDelhTOW1MdTloOUdRNGQyQmNJRkd1Y1JDek90RlRnY01xdlI5TDYtVzZOblVEOA?oc=5","Al Jazeera","Arab","1780487254000"
"Ministry of Interior of Bahrain: 'In light of the ongoing security tensions resulting from the reprehensible Iranian aggression against the region, the Ministry of Interior affirms that the decision to prohibit citizens from traveling to both Iran and Iraq has entered into f","https://news.google.com/rss/articles/CBMibkFVX3lxTE5ObGtiNUxSNjJLVVRGbGhabFJJRmVaenVoeW9weVlDS19TdkZQdUdDaElJTjZ3X1hIaGRRUExGWXM1dWhFa2tlQjNJZkhHZUgxeTEySENWcnVqNWtFN0ItYk5SU2JVa3JFdWVwd0l3?oc=5","CGTN","China","1780487195000"
"EU could lose 1.3 million jobs due to energy price surge linked to Iran war, Commission says","https://news.google.com/rss/articles/CBMi1AFBVV95cUxNd2d6OElSLW9aQzVoaTVmZUFjSVhkUzB6bWxVcHpiQ2JyYnNmRUFjWmhsUDFfczFNalkwMERzbnNpSXFBQjhjRnFHV242RElYdDFZdFBDemUzc1hsSU40WmloSkxCRDFwWTh6OTcwa1pNblQyanh5UDNPQUk0TWZVV3BVSDZMODlXQnhqU1FvclRlcHJUclYtY3RmenN1OTRKM3JoNEFWYkt2SVQxdHR1aDZqeGxUSDZlU0hZWWNTTFp6MDFMWUxuQ1VqYzB6Y3I2dnRsbg?oc=5","Reuters","Global","1780487160000"
"Trump 'would like' to meet Iran supreme leader, says Khamenei is 'involved' in talks","https://news.google.com/rss/articles/CBMiswFBVV95cUxPQ1IxNkVsNk5Sb3U1dDBtMWNoX0hjQTlCRHphVjlxalF2WVB4MkV2eVdsbGJaVnBVNUl1bDRVb1Z1cU5zd3dzZzFwdE5aX0ZMMy1Xam11T2tXSmhJdHdiSnJqaEJxdUVIWEI5RjV3UE82dDM2eGlsYkkxUEpackVDMUd5SmhFWVVPWllBVWs2cHBTY1pVU0pXUk9zUTNDZnZQSGNlZVhIR1ItUGpZMW96aWVqSQ?oc=5","Dawn","Pakistan","1780486718000"
"At least 63 injured in Iran’s attack on Kuwait, including airport workers and passengers","https://news.google.com/rss/articles/CBMizAFBVV95cUxNWjBtTmYyMDZkRDZzTXZPZEREcWYyYWtrdHRsdUlDYThpWVNLYmtfbGkxX1hzeFl3UnpqNjRVUkcwVUI3OThLX25aX2dMTElvZllxUlU0ejVuelBhLUNqRlZHRU1raU1pMUcyQXNHN2xNSGFGU0JhQk1vZ2hpNTF5V1I5d05IYVByUWV3N2J1dFVCclM2M2JWWWJUZ2VETlhaZ1pua2pqM2xSNFdjWUE0aXo0ZXRZV2hUa0ZvMk01U2d0Q1plTUxtczkwSUM?oc=5","The Times of Israel","Israel","1780486541000"
"Iran's Revolutionary Guards claim attack on Kuwait","https://news.google.com/rss/articles/CBMiiwFBVV95cUxQM3Q2c1BtYllLUTQyTkFoQTJTTGQ5N25FemlwWnlDYnRHM3AyQVREaGtqa0RSdzdnbV9zVEdMb1Q2S1hyWE0tZTV0UGZqTm9URlRwUjRGR1VWOFl0Xzl6MFc0NkFfVHVKWjZHaWZJU0NadzlDYkwzYm5fc2N0aXBaaEExaEVGdUl5M01V?oc=5","Dawn","Pakistan","1780486504000"
"Iran rejects US assassination allegations, says Washington cannot whitewash own crimes against Iranian nation","https://news.google.com/rss/articles/CBMipwFBVV95cUxNeG5HVXJ4dnZTNDBrT3VWa1ppR3QtUEU0MVV3eF9tamx0ZEVKN2MzeFQ2TWRySGd2YXVTeXdsRERXem5rX2tlOXNDbFM0T2t3UXltWDVmR0s3VmpheEJZdWVxRmhDMjBubDVneFllTmRXMFpxT09mR2FzcUlGYThkLW1PaldZaFlfLS04RlVwa3M2NzJOVWM2RFRUSjIzUDlwMWc2M21pcw?oc=5","Press TV","Iran","1780486140000"
"Market Talk: Iran fallout could ‘rattle’ AI trade","https://news.google.com/rss/articles/CBMifkFVX3lxTE5UM3FiU0lrdlVoaHAxbUJ0MlVNWlNiRXZaUThYdWpzWWdvRUx4T19kaHhVRjhydi0tYTdmRC1VMk5hdV90WEh3MUxDQTFLRXZBWEtYTzR5VU5tcFNnMnZEM0RNZkNqZzIzeFhuZU4yTDh0X0FqT05XeG5kR01YQQ?oc=5","Reuters","Global","1780485789000"
"Iran escalates attacks and conflict in Lebanon, Kuwait, Gulf, Red Sea","https://news.google.com/rss/articles/CBMiakFVX3lxTE1kbF96OUxnOE84QzVPaUplSzl3QlBPTmpwcDI3RUFhNE1pal93TlhRQWhIa0RiVEZ5V0RTNmRlSDhzd0J4TkZrRFJmNTJCYWRGTVdGOHc4dkd1NFl3QnNyQmo4c3pyOGdmdHc?oc=5","The Jerusalem Post","Israel","1780485779000"
"Kuwait resumes airport's flight operations after alleged Iranian attacks kill 1, injure 63","https://news.google.com/rss/articles/CBMifEFVX3lxTFBkNGRFa1dUdWxieTJWakgzZHZJbXFHSTF4cWhTOTh3eUtMUk9XRVdLRkh2Q1lsaUpZWGdJM1RLaG5uQTh5RUJmYUVFejNfWGkyR3FiM1cyams5WmowT1ZqU3JWd3hPdWc2a0h3cmVwdDZWWEZNSFNVUjU4b2k?oc=5","Xinhua","China","1780485540000"
"Middle East on edge: Iran strikes Kuwait as Hezbollah defies ceasefire talks","https://news.google.com/rss/articles/CBMibEFVX3lxTE9HSkw1QklpZXp0eXNHaFdnYXVFN2JxRk1YVmxNSUg0cHpCWDNhQm5FNEdZV2x4ZTc2ZE1RaTZ5d3pTck1ONHNrRlprYlJCYVAzUEFTSWxwLWlaNUE1ZDJDY1kxclE4bWFTQWtUZg?oc=5","The Jerusalem Post","Israel","1780485514000"
"Kuwait could recover 70% of oil production in 6-8 weeks after Hormuz reopens, KPC executive says","https://news.google.com/rss/articles/CBMiwwFBVV95cUxPdDdKdmFqVzZPdmRaU1d1LURwMW80V0FrZnhTV0RiX01CYWJ0RlFzd2FIWk5lSjh1Qm5id2U4RTBlcEpMZGJZeTRMS1FsZHhPemNxSHlFUjRpdGgzU3VCUTNxdU1CMk5tZzBIWndkTGVTaWlCUnF4dDlRS3pydXpKa3NsWWMzYkhJUVZ6c1FOSFltaVJGWlpQb1JPOFY0Rl9IUG9HRzZTNnNOTDNaeGJrSVM3QTdpX2tRaG5vTWcweGFZaTA?oc=5","Reuters","Global","1780485475000"
"We don't need boots on the ground, Trump says on Iran","https://news.google.com/rss/articles/CBMijgFBVV95cUxPSEQ0SzZnV21ZSFhpdEdFVTJ6cTFnbFNmNTZ3ZU50bWRTS2tscWJyVjJRS0U1RnprVEtRdUJhRHJYcVdUam9obVZibVNJbWVYNnhXVlZVUm0yVUFIR1VORWszMThOdjBaNnRGVkdkLTZfTnJxWmVVU0RhYnNtM1NzdGNlOElxVjZ1VmJkY19B?oc=5","Dawn","Pakistan","1780485395000"
"Fake News: Trump on halted US-Iran peace talks","https://news.google.com/rss/articles/CBMiqwFBVV95cUxPSzVWOTZpa0s1b0NFdDJWNGJMY3JpUksxNnZjdkxpR0hUWjVjX2FINVZoZnd3RDljX3h1ZXdKWWZ2cDQwTWV4bDltemFHdkR3THF3aXZTWDJ1Smp5NThJNTdaMlNMMGtrNVF2cEwxOUtwdkoxaXNjTlFmXzRoSkk3S3E5Y3R5UUZua3pqcHhoZ1FCT3BERUJiMHkzS29CQy0wMzN5cHBuWEViSFHSAbABQVVfeXFMTy1nUU4ydHZ0SVEwWG02VXc3N0djMThvY0hVbXZHYzU4NVJubmNjajktbTdQUzZZM0NyaG5pSkFwZTVQNS1QMjFDWUFEdzA0cC1oVGV1OEFvenVXNDBVVWx3MW9kcS1ETWZTMG1iTWw2bllZMmhfaFRWVTFqSVlqSjQtVnJnQ0g0MnRLZDgzMm90emZja3J4a05vdGh2ZXVjV2Y0SF9KaVFpajI2dGpvTDM?oc=5","Al Arabiya","Arab","1780485300000"
"At ECO meeting, Iran’s environment chief condemns US-Israeli attacks on protected areas","https://news.google.com/rss/articles/CBMi8gFBVV95cUxPSDBfLUhKNExUVndUdE5oTnhTa2VWSFFCc3hTUTdRM2ZlTFFiQURHR0g0eXphZFNjWUpCdU00RTYwX0RGMDZDd2ZndUQ4cnJfR0tXQVdJamhhdTU0RWdCLVJkWFlmTTI0cFNzZE9ZRHhoeGlRZ0FXSTZBY3p1ZHlmMjc2eXFacHhKS0NDNE11Rk9NYUk4UlViSW1hOS14RnJXWWhFSXhMVkNSMXFwUmx4VlRjVXB3d1QxSVNpYjB0WVlmR2N2RktucGRpaVJaaGEycVdxT09ZZFF2Zkl1aUZpUE5VZlRtSUNSYU11Nzl0OFRzUQ?oc=5","Press TV","Iran","1780485240000"
"Trump says gas prices in US would come down when Iran war ends","https://news.google.com/rss/articles/CBMinAFBVV95cUxNMUZkS3dmQy01UnVlZkxPZksxdEpCMDg4Y1FfTU9ISEZuWWVrSl8yNUdVdlB0aDBMTUJFNkQyWHo5Und4blF4SFNyakhWOWF3eWdvYnFOckl6aThSUW5tUmhfZTBlUlhjY0pTeTJfczVLTmlhaGl5ZGVZRG14MkVPcHkydkZrbWdFa1k0U3B1dGxNQWJfU0hKMjNJNUM?oc=5","Dawn","Pakistan","1780485214000"
"Prolonged Iran war could push economies into recession, OECD warns","https://news.google.com/rss/articles/CBMiywFBVV95cUxONEQ1UU03TWRwam1XNDA2US1MMGhNUGpmTzVxUDBXWEI1NGJCV0c2V1dBd042elZ2c3JCZTVlMGpkaTJfcUQ4MDlBb2ZSSkV3cUQ0ZE9fRWtkUGh4Q1JiT2NaS3poRnFLdFZMbHktQ01ObmdfRWQ1VFlTaU1TNjRXTTdQbUZQREQxbkFEQlVpaE9OVkU1emMyR3ljRjMyTUJQXzJ3RUlLcm5NYURyN3FKNi1RNU0zdnhDaHNoa1pDWld2dmh3ZENYU2o4UQ?oc=5","Euronews","Europe","1780485168000"
"Saudi Arabia condemns Iran’s attacks on Kuwait, Bahrain","https://news.google.com/rss/articles/CBMiswFBVV95cUxNRUhZV2IySzRUMi0tY3RmdWlxTWJiV0JwSlBxNWVuNk44eHhRdmZqSFN3MUJLaURvaXhERFFIQUdHMmJvZU9CYVlYT3llY3JTOGQ5N21aQ1hRQXg1SXY2ZjAtd1VfcURrOXpCQVZtN0NvS01qYng3QUl1Tnp4RTE0TWtELThtdGJPNVA2SVZnbUxORGFfR0NoUGt1Sm5tWGo5X3dTZE1fVDR2WmR6S3ZFM2puTdIBuAFBVV95cUxQdDZoZXNTajg1Q0huV3VtQXd2VGN5TTUxVGFTNVJCLWJvUDg2djAzV1pBckdxbjZmbW5BcG16cGs0S3lMZ1IzbThPS29WQTlvQkJOcW5POVBOYkdvRWhHX25aMjVlbER5OXNnRXVVamVEZmw0NkNIUmcwTW1uTEJwMWg1VmlhTmhpNDV2VHVHbWJwM2IzZURBMHF6YkRrb0VxRVZBUnVnTy1fbEtWZ0VkNHZlTnZWYmZl?oc=5","Al Arabiya","Arab","1780485120000"
"Trump reiterates claims of wiping out Iran's military, says prefers to end war the 'nice way'","https://news.google.com/rss/articles/CBMiwAFBVV95cUxOQzNKdHFXV3U5VkJvZjdmMXhiZDBwNE82QXk1QU5ZN2I2REViemVSaFpGMHV4YjRCOEEtYXl4UmQ0OGJjbk95VjZqWHktMjhGX1JIYzJfYUhEc3U3eHhiV0tsRHF1dVdlN1lBWUNBSnp4OE9ha09hX0VwSEFESXdlZWxnWFNXUUFMaEUtYnFQaV9wLU1SM3ZFcUk5LXQ0QmlraFM2ekI0QUM5RUdHYy1VdlhDLWdXR2FPc1VKd0VGU1bSAU5BVV95cUxNN2xlcUgxYzZucU9wYzZWZ3g3QnRMMG93Z3pfZGpiM0VEZUZmUkY1QzB3aHhMdDhjam1HZWtYZlhCNk1yQ01LYXpZS1RxeEE?oc=5","Dawn","Pakistan","1780484936000"
"Iran's armed forces: Enemy forced to accept new Iranian rules","https://news.google.com/rss/articles/CBMipwFBVV95cUxNb1hqTDlzTzI0clB2bV84WnRSRnA2TS1vV2c2OVpDTmZfWEhLaWx3Z0lydkhtS2VHcXpfeFZuRjNvanRjcWpsci1QdkNUUi1KSUQtTW1LdHVwd2hraUtFZmF0MXd5ZkFnSUVRYUtnVEpuMlVWcExqenpvV3FWX3dLRE5ZTUcwOGdwZDRNSUpuZmtnU0s2ek1BS0xwUlE3YldJZmdtU3lMZw?oc=5","Press TV","Iran","1780484700000"
"Drone attack damages Kuwait airport as U.S.-Iran strikes widen","https://news.google.com/rss/articles/CBMitAFBVV95cUxQSUFBdFN4MV9jdWh4cTFJVW1RcFpyUmFKVXhBTzNRcnVubU8yaEJERi1FMmJ5V3RFSXBCNXBuNHJ5OXVFQWlCbzh2R1NBZmZmQ1M3TGF2VGdDZjQyUlhDaG9ISW9sZWFKZzlFMUl2MExUYmNmOHljNkg4V05UQzBHUjlLRGhfaU5Da3V6YjNlZlNTU3YyaHQzc2FoQkZPSkRTWEwydzdqdmJCOUxtT291Y3gyYW0?oc=5","The Washington Post","US","1780484647000"
"Middle East: US and Iran trade fire amid stalled talks","https://news.google.com/rss/articles/CBMikwFBVV95cUxQaVhVOGZyOWxCTzZ6bzI2a2JnanFxU3I4MS01bUVYVzV4OVVicGNteERHaVUwdHhya3E3Vy1HRnpicGdkMkhWN2JWV2JkbThfakJTUmdFek8zR2VxWHdzVWFEcURjY3YxT2pFekQ0al9CdXdWcTRHR2prdGxhTHRxaFpZMmpPNEFacXFsMEdJTnczdzg?oc=5","DW","Europe","1780484625000"
"Urgent: Kuwait says 63 injured in Iranian attack, emergency response activated","https://news.google.com/rss/articles/CBMifEFVX3lxTFA1R0pMV3Buenl0YmxqOFg0QnBvM0tMOW5LalBfYV8zNjIteHpWdzlSbGlZWHY2Y3BydEx1RHlIZmVZMG5NSV81SEs1RW84UWxzc2FuZDFRYU9SMnl6b250MTJ3UDdQdExQdXJXYWhEbUo3U3AyVk5KaXhwNVg?oc=5","Xinhua","China","1780484595000"
"Trump says Iran 'already agreed' not to have nuclear weapons, he'd 'like to meet' supreme leader","https://news.google.com/rss/articles/CBMi0gFBVV95cUxQb1lsaG9IRzhiV2pTVExrdlJaT3pLNUlXOVN4MG9SQmlvbUJnWEZ2cUlYeXlUSm9NeWNGcGFIdFhmV2ZweC1sZ1JHeTZBVVVZdTFwMWhETXFJLXZfSnlKYVhBczNwVFpid3hBb3NQSEVsdVRPNGQwT3ZTZmZEbmY4NDdJaXdCT1dHOTBIa2xyV0ItU293TW14U2xhR0RHdkRZb3BUc2xSVndPRzIzT3pQTm9rX2ZvSjdJNmNaNnJOQ3J5V0F0M01obVpqTmMzXzVLa0E?oc=5","The Times of Israel","Israel","1780484441000"
"US ally Kuwait condemns 'brutal and ongoing Iranian attacks' after airport was hit","https://news.google.com/rss/articles/CBMinAFBVV95cUxPYkxSVFNZemYtLXBtNW5rNzZQa0s4X3ZrZ2pNaHVmaFVRNVEwYXdjajdTaHF6LTRGRENITnJJZEVEMjdnOTZ1MDhKOEN5Z01vRTZrZjdpMzY4WVFpbDc0cFY0VkdLd1d1S2NJUkNKT1VDZUZMVGVZOTBDS2FVamlkbjFZRkZZYnFoWlFKYThRempwR0E3aUowLTNnWWHSAaIBQVVfeXFMT0JFWWZTTWktVHR1SkpaSW5aaDNhNUgwb3gyYTBTeEJYRUQtcElxU19YMHF4R0lPdVViTGl4QmVISzd5MGRDb2FjQjlrcXF3ckhDVjlzTG9BQmRpLUp6YjZzMF8wa2dLT0Q2emhtOFRDSDZBM1ZaU0dxS1dib1pmb1c3UzlMQ2NlTTVlUXB1M2U3LWtpVTBTRDRVQ0ZjYTVqVTVB?oc=5","Fox News","US","1780484336000"
"Flash: Iran's IRGC claims attack on Kuwait -- report","https://news.google.com/rss/articles/CBMifEFVX3lxTE1ZRE5wWm9NQUd2a25hQzJjbDRPZVZEZXU3N0JaWWctQV9KMDBnOFVNS2ZhOEhETjFHWGFZYUNkSjdNYlBHTDd3NEJQbGRxSExfZGZrUmdIOGY5MEtIWHdjc3pkaWpINkhPLUFWdFZFUl9vM05MaWlFNFJRNU0?oc=5","Xinhua","China","1780484175000"
"Iran's Revolutionary Guards claim attack on Kuwait","https://news.google.com/rss/articles/CBMibkFVX3lxTE1WUFZDRWlkaTc1VVFWVVkzLWZZRVR1enpUUEFZa1ktNmp5d0dfTENNNjZKY09SWElXcTBscFpjYmY5SFk4R2dnblRIZ1QxeDYzekFyMUVFSWlfUHZoV1JqbGZhcW9zMTFOZFRNc3RB?oc=5","CGTN","China","1780483907000"
"Primary Election Results, US-Iran Tensions Lift Oil, More","https://news.google.com/rss/articles/CBMipgFBVV95cUxOTHRIbkFyaXBUQlFRZGNkNmJTcmdZSGZ5cWg0alE4NGJjRERyLXpBdFB6cXdjSHZHOTZYMmhfZVdtUjFTQlBQZ3pLMEJsZkdYNTRGWVFzN1NDYjluM05XSmZtNi1CdmxnVkNfanpJekdpLTk3TmtxOFBBdGVYRXU1RThVZ1d0TnotdG1xYThWdlV5SEd2aC1oaEJfU2U2Z0EzMHdsck1B?oc=5","Bloomberg","Global","1780483829000"
"Iran Executes Man Convicted of Killing Police Officer During Protest","https://news.google.com/rss/articles/CBMiqgFBVV95cUxPY193bUhTbkR6ZTJIemVsVjNORDM1cV85eXptRkd0aUk2R1prSHRrNzZ3ZFlRQ0FUUHpuZ3FmZkxNODNubFVGM3FWZXBMUGE2NkhHdUNxbEpONTRqRmRLZlFXaXk2bjZjOTJObXhBVkhFcGpRR2lDSGpqVnFoQnJvVlF4X05oWWoxd0lzbWE5MzZZejF6WnN3YklGTWhMcjJWeHRvRjFVYkdtUQ?oc=5","Asharq Al-Awsat","Arab","1780483705000"
"Iran attack on Kuwait airport injures 63: health ministry","https://news.google.com/rss/articles/CBMibkFVX3lxTE1sQlJYb0dNSk9hT1VuMGEzNFFsVjJhTnJSSUp5anRTMVNKRzktMDhVMWFfQ2IxYTlnWC1Nc2dhd1BFYWhUQnZYSlktcUlBOC1BdllOa0dfRkVOQW9CdmVGcDZ5QXdBRVBJenBocDFB?oc=5","CGTN","China","1780483694000"
"Norwegian teen allegedly recruited by Iran-linked group for murder plot","https://news.google.com/rss/articles/CBMiX0FVX3lxTFAwMXpTNXgyTVU4X3JjT2JFdlhDX2dZQzZlX2ZnNEhGaFlvVFlwVnpnR3RRNng4ZXloSE9nVE5fZmlucXNxcVRYUjlsYzJmX3NLZlg5NzVSaUxnREh4NUpJ?oc=5","The Jerusalem Post","Israel","1780483298000"
"EU diplomatic arm proposed naval mission in clearing Strait of Hormuz, document shows","https://news.google.com/rss/articles/CBMi2gFBVV95cUxObk1MTlUwRE1INTB5SzdYQUhaalNKTEo0aDgzaUE0RWZvN1N1RTBYUVlOZ2lMOXdGMDkwdFZWSm5tLThodFExSHpYUUpEbjdURXc2Q3VvMjgzOUZZWExyMHhCSWhTQ3RNbmtBVC1YeGR6N2NSY3BXQnZ0RzhBc1VJTVNMY0xvWC04QV8xazgxeXc2UnFFRjNGMHNlWkVENFNldVJxanNtNWJqYXFEVERuRTZabGJ3RWJnQURUX1VHOTZ4TUUwbzJrRzZ3Q2Y3VFhuc3E0MWlMVURid9IB3wFBVV95cUxQeGd5ZDd2TDFBQldONnlZZVJVUDktMEtJTzR0V3pjTG5fNGZUOF9NbVlXTEpzdzNwdGhKeHQxSC03NlFqX0lZNjZURlNpM1N5aHlmTEduX3h3dUdHblg4VEk1UnFLN0tfNHM4QTNaclVBSm1FYU5oU1dwbmZLUWI2SE5kZEtvZmppYl83YnQyQmZQYXYwdjQyNnd0TnhGa0pEQTNjWkpnNUFraXRFekp2NlAxWVVzSGdtTS1YdVkyUTRZSkkxRFc0a3ZYaGQ3ZWVoMVpHa3I2OGRxN00xUTJF?oc=5","Al Arabiya","Arab","1780483260000"
"Safety audit for airline that ‘asked crew to fly close to Iran strikes’","https://news.google.com/rss/articles/CBMirgFBVV95cUxNTEV0Mjk0aW12N01XS21zZ2pQLXBDMHAtSXRWTVJldC1WaVJEQnNxbW4xRUYwdGpmSzlfZjE4RldPQWlxb1p1bVBHZ0x2SWRIaTl6eU5MVTZXRGphdjF4QngzYjI5dHZFalVvdEEzdG5HRTJScGcwclFCVlAwOUVRdlprZ0I5MFBUQmYyZnhIVjVhQzZFQmFWZGNEbFM3TEdtbXNWR3VWeUpRSjNfWWc?oc=5","The Independent","UK","1780483140000"
"US forces strike Iran, Marco Rubio hints at possible future deal","https://news.google.com/rss/articles/CBMiVkFVX3lxTE1MekZMUW9vajFKT1VJa0tLX0FjNkFUVVlhRnEzWmo3Q2o2YnU5OFpjTXNOS0tzdHhTaXNuQllTRm0yaWFRUTdSSTU5NVBtQTJMTllaMWV3?oc=5","Fox News","US","1780483109000"
"Trump says he remains optimistic of having deal with Iran 'fairly quickly'","https://news.google.com/rss/articles/CBMiqgFBVV95cUxPZHdDWnAtMzVTLV9MS2JzLTBtX29yRkJCTllVYkJBMUFlZXpnOUVoSE5XMHk1bDFUNVIzNUoxZlNsbHZ3Nk1VZ2tqa3lhYlNIalZzMVNVVnVQcXJoOFVvc3VyUDhDRDFvX1FUVVV0SEhsMmdrajVpazNLaEN5UUFSci13cTdFYzJVQTd1Z2M3dXl1eXM2bDFMRlhXcmd1a3FUOU80LTc2d1dodw?oc=5","Dawn","Pakistan","1780483005000"
"EU diplomatic arm proposed naval mission take ‘primary role’ in clearing Strait of Hormuz mines, document shows","https://news.google.com/rss/articles/CBMitwFBVV95cUxNMjVyb2F2QmhHVlpvQ3MyRFUxd1Y2bGlxUlg5WUNGR1NyTDhqMG42Z3JiNWp3RTNkLXlQRXBNZUZ1Qi1ja2tRZVowWnVHZHBGMk1BamQybHNkVFVtaUp0NFRoZGJjNlpObTh2MlJXQjEwOWJRV29zYlZ2NkVmYzByMDQzMThGZ0lvd0F3SkVNdVRyeFg0X3BkMkg4LW1TbmFJaHZaMWxlVFpZZ0NFeVBRLUd3UXN1VG8?oc=5","Reuters","Global","1780482969000"
"One Killed in Kuwait as U.S. and Iran Trade Fire Across Gulf","https://news.google.com/rss/articles/CBMi9wFBVV95cUxPVDg3emU1Xy1YTEoxcUpWQkI0YnVXYWUzUllOSW9wZXhKbWVvUng2WjRGdnZTeUdNOUZYWjZvakFLVzhsRHlYNmRibHU3ZmFkUUREUnpNWkdaVXVyMTBBSFIzRE84QUN1UExtWl9Od1U1dVdxSWJkOU0tNnVuSnJ3LThJNnN2M21kVXdRY2Z3SjBuOWVsMkV6TFN3Vml1dk0wa2JmUV83dmg3MDdqOGhVVzBBRXAyUWdXY2RCSW9STnNQV3didnhrbWVxNEE2RjgyRVoyZ1M3QWd6aVNSVUc1VVYtMWY4TlEwZ0JFUlRVOFFsS3duYmpr?oc=5","Haaretz","Israel","1780482900000"
"How Iran won the propaganda war","https://news.google.com/rss/articles/CBMiogFBVV95cUxPbVZsNERmWjFuNkFGNnZuNFBpb29zSVctc1hlVHQ4QU9vUGttTXR1Rjl4TDYzZUJrNjlrQUxxSnNkTlVxNzA1YjB6eWZnUXdQLWR1aUlueFU1a0UyVjdCVTlTUm5ZNE5oYnk3Tk9CanR3NjRvX01lSVNubWdNeC02QmtBZVd0MG1xcDNyaWdqR3R0QjdqaEpNNU9FOHpyMzJPZWc?oc=5","Press TV","Iran","1780482900000"
"OECD Warns of Recessions If Iran War Drags On","https://news.google.com/rss/articles/CBMivwFBVV95cUxOdUxfMzZzbGhsS2pfZ0JIbDlEbk9tVk9CWHlMUXR5MzFfMlE1ZnJvYU8yVlhkVHdUNjhMeW1FWUVjbkRkUUljSlBBVGx5R002YmhkLVVhYUZpbW5OY0lQME5IZmM3Y3BqempCbnlzWWFIbUlZUzExVXAyRVRnSGxCVW92WWJueXIwTW5Cb3YyeVREd0Zpck9XdkNPQWFsRUdnN2ZZc2lmeHJ2REdxSkM5UjJxOXFhSnNNeEJaZ2pnSQ?oc=5","The Wall Street Journal","US","1780482720000"
"OECD Warns of Recessions If Iran War Drags On","https://news.google.com/rss/articles/CBMivwFBVV95cUxNTHJkd25BajVrblZidzJfY2ViMjhYUmdKeGV3RVJuOFllaVVyZ1g5UVdSeFUyQkhvYjNReEVVZTFkWGJYbE5ES0VmWVJ6TkhOSkh3VnRUM2pDWjFHNGZ0Yjc2TThTMzlXbnRJdmdOQkl5Y3podFFRY3dMNEFkdDRnZmRleFJuNjhrb3RjQ3MxYXU3cWR1TFdzN0dkbGZNWXlnNHV6a0hkT011MFJhQjZEMzNLUlhxVUVsd2x6cEpUSQ?oc=5","The Wall Street Journal","US","1780482720000"
"Iran military releases dramatic missile launch video as Kuwait and Bahrain targeted","https://news.google.com/rss/articles/CBMihwFBVV95cUxPNFlyZVE5ajg5c1pnZG9lbTdxTlhhcWpfdkYyVVc5aUJ2TlUxNTVIcHh0VVpFTy1VV0pjV3I0NzFCUGNNMEwwb21OXzc5eWxvNElwMWpYTVB5YzJ6OTZOQWdoNFBaVW9rUDNDWWI4UGwydkxfVmZub250NWJna1g2QWl0Skdyc2M?oc=5","The Independent","UK","1780482420000"
"Norwegian teen, hired by Swedish crime group used by Iran, planned UK murder, London court told","https://news.google.com/rss/articles/CBMitwFBVV95cUxQaVdHaGlSX2dhVEU1NFhZZ05jcWRya0ltR2lMSVlwZkZNTlgtRTVBdmFKdGhIN1JyLU1ESkdwZFBJMzNaVDVTdFFHcHFiYmwyaUlxMzdnMEtPUzNhSEo0Y3RfVlI5RC1DMnlKTEpzc1BUZS00YWVHYmJEa2xnTWtWNnl2MzIyWGtrWU5xekFKWUVfOWFuSTBsWWdYMjZNdkRkQ2lOU3FmX0hUQ1ZFMTBHRkFtT1Z6QU0?oc=5","Reuters","Global","1780482404000"
"Rep Huizenga discusses Iran war powers and introduces 'Deport the Terrorists Act'","https://news.google.com/rss/articles/CBMiVkFVX3lxTFAyUWQzYUN2eFQzUDRUTnpoWkRNa2hFeWVQT1NoVUpacjVpbmpYUXRIc2FKcGY3aVlQdmYzRWtZQnlxaDlWTXhpV1FfRmtQY2c4UDVia3hR?oc=5","Fox News","US","1780482368000"
"Norwegian teen, hired by Swedish group used by Iran, planned UK murder, London court told","https://news.google.com/rss/articles/CBMi1AFBVV95cUxOVDRCQjJiR2lOdFBXYWFWOUVSbmdnUFhPRXdOWkp0TUtHMzN5UHpaUG8zd21ibUsySmpDekNlLXc4SzlTVG9fWmwzV2pMU3FNT3hReUcyeVNGRWhCZG5OWThfdlNnVV8zeW0xYzQ1eE1IUXNNVEdUS0ZnZU9iemNzM1VQTW5OZmNJcy1nWERPYVR2T2w4UG1VNUw5Zm00RG04aGtHdkNTbzJVWEMtT1FQSVFVSUV3RTU5M0JDVjUycmU3cDZ3a0U0ZWFRbnliOXUyMlBRZNIB2gFBVV95cUxPRk1vWGtpZUEzTlBoM2Iyb04wazc4OTRfVldia2drNF9ETjFiT3ZEWnFKTXZUcmEtT01RRG1fam9BY0d1NWd0TGl0LVM1aGVfVDhlRDV4dVJFOHJmem9qcTh4QUwzZk5Va1NTNWlWdGZuaDlGQV9EN1JCcGg4azZ0VC15OXZvTkhNYW9aWDdWRnYzRmlSQjRWbUg3aFY1elNETlJnZ0dQOGR3bFBCMmJySk5Uckp5QnhWdnVqcEpLOFMyaFJtTWJyWUZJZUl3bWRIWnVLNGhPaVBWZw?oc=5","Al Arabiya","Arab","1780482300000"
"Sterling struggles for direction as Iran talks at impasse","https://news.google.com/rss/articles/CBMilwFBVV95cUxNXzlldTJKeVNYMm1VbzF5dVRqdG9FZVdZYTQtNnNUNkd1akFQRXctUjM2RUdDZ2xuV3VPelA0RTgxaW9ISW8zU1hBLV95Z0VIRTVDQzhaUi1kOUhhQ0p5cWpRcFdGUEVucG83WWdkSi1tUWZ2Y2I3LUswOU8wMkdCNEpnTU1JMko2UFFRd2Jwa2tXT1RPaVVB?oc=5","Reuters","Global","1780482223000"
"Trump says Iran has agreed to not have a nuclear weapon","https://news.google.com/rss/articles/CBMiVkFVX3lxTE5VVGEya04zRGhELWx4ZFE1T0ZxMHAwN2RyY0l0NEdyV282TDVZOTJkRmI3WDV5LXVKWDFVd2hFc2hTN21OTnlERGdzUWFtWlpKOGZLa3hR?oc=5","Arab News","Arab","1780482143000"
"Ghana’s Inflation Rate Edges Up as Iran Conflict Stokes Prices","https://news.google.com/rss/articles/CBMiswFBVV95cUxNX2FTTTQzWS1NWFdZNXBVRjBSRDZubDNoNDA1MUlIZFI4cjRIX1NpYS03bkNQcDdXUXBHeFFoS01EQW41Yy1NaEVpcGpWbVF1aGVucXhiS3c4LUI1MXQ1VHE4d1FnNm8wei1SaU9RdlJIT2FNZVFjYUhBcVFXVjl6UUdkcHNQYXlCNkIwUHdxaVBLUWJrNEpzOFdmX3NncW5kWjNQSm5xTUUzcHNOd2VjVHAzQQ?oc=5","Bloomberg","Global","1780482097000"
"Flash: Trump says he will probably meet with Iran's Ayatollah at some point: media","https://news.google.com/rss/articles/CBMijgFBVV95cUxPNFdpVlM5QmVzWXlyaTZPSmpmcGp1amNXem9RSVg5TGsxcmU4WUVFS0Rmc2tHRVJVMUo3X2xIcENoYldPdmtBa3ZYcXhHMVlEdTk1OWdDSDYwdmJ6Z05tYkRyUW1PQV9TSUNPbUF6RDlMS2ctYzlGWEVBa2xZTENsNFBoY3RJaDN6UnBxN2Vn?oc=5","Xinhua","China","1780481970000"
"Trump says Iran has agreed to not have a nuclear weapon","https://news.google.com/rss/articles/CBMipwFBVV95cUxNclpNOGV6ZDdVV04yTGFpTW9NaG9peGpnRTNuYkM2dmg1dmctSEJnRl80a01OZjgydVdueURjUVpMLVJZbWlzVWxxZ3BkSi03b0RsaThqdnk0bzJsaEhkdzhZbE52OTFCd1N4bWdKc3hfMnNBVlYtTTgwV0FMYXgxd1BCdU1MRi1MX0huLW93M2RqNWZjczgyUlhERmZrcEdPS3RjZ2Z6UQ?oc=5","Reuters","Global","1780481953000"
"Bahrain Taps Dollar Bond Market Hours After Iran Missile Attack","https://news.google.com/rss/articles/CBMitAFBVV95cUxNSUNSUlZXYXhqUXpDclpfaEhFMjd6WENZbHpveldyZXNpOF9Cd3BHOG44NmFzcXRxckdCODI0WUZya0E3RnBBaDNFVFZLbmdKUzJOeDRMb1c3Z00wcUx2emxzdGpoSGprT18xbXFoRW01elFhUUhzSjRDaHZ6a1phUHEzajNtalpBR3hoUnI0eTNjY0k3VC1LX0Z3NHF4UG96ZWVzblFKVnpWTm5BTjA3YzV5UGw?oc=5","Bloomberg","Global","1780481839000"
"Qatar condemns Iran's 'unjustified attacks' on Kuwait, Bahrain","https://news.google.com/rss/articles/CBMilwFBVV95cUxQN1c2MUlrZ09yMFR6Sy14MnFvSFZaenlOOS1EQzZQa0duQm1VVDByRXRvOHY0U29YRE9ORkN1akUxWmpUZWJSTFdhcklIZlp1T2Q0cHZzUmlNWVBVcW9jRmxzb3BzSE9wVks3bjZ6OEZQV016TzJzM3BVMEdPNHpHc0hXS2hSNEU5eDRlSDFLMTF6UUd3ZC1n?oc=5","Dawn","Pakistan","1780481541000"
"First Oil Supertanker Moors at Kharg Island in Almost a Month","https://news.google.com/rss/articles/CBMisgFBVV95cUxNR1dLVURMVnItN21OZ3A4VFU4bmhTQ2o0N2xkOWtkN3ItZnoyaXJVQ2xJQnN6eFY0b01zNmhJNzVrRXNLZFNsSWcyWHV5ZUp6QTlzazd2M29rV2phTGRtTDZIbTNkQ2FMeW5NX1ZqbHhvYUFDa0JDMjRfODl3RkNmaHVCelprVTlXVGp6T1haZmNyZEt2SkhqbVpENmk4YmptVTltQXVUY1AzSzJPUFFZaDNB?oc=5","Bloomberg","Global","1780481428000"
"Trump predicts meeting with Iran’s probably gay Supreme Leader Mojtaba Khamenei: ‘Getting along quite well’","https://news.google.com/rss/articles/CBMi2gFBVV95cUxOdlFzdWtfM0RDMUNZV3Q5UVBhb29xYXNweVYwY1k5cWlQaEVEc1R4V2pvRXZIel9BMFd6WlJiZF9xZjJPTTFOa1ZVSTVQaGJmQnhDcDhId0EwYTZCaVpKdmlLNE9PLXQzbDlqOTJ1ei0zaVJaamx2Sll5cERsNHYwdkVKZjBJbzFWUFhYcXUyTXlkcmthTmdrQWNib0ItYTB3TklBNTExTHdXYTQtYXNnY21nNGQyeHE3MllPenlmSnhobDZyeGtxcGpYSUdiWWg1bHhkRV8yYXhEUQ?oc=5","New York Post","US","1780481280000"
"Crypto Weekly: Iran's crypto seized, France's regulation squeeze","https://news.google.com/rss/articles/CBMiZ0FVX3lxTE5jVm5LOXN6TWJLb1M2MEdoTUprbTF6bDFvOGM5NllRem1pc0I1Z1dvWWxNTkxMUUgwdFpyeXNQYUxVNnJCelNOV0hoQkhhSWJ1UElhYTBiamNWZGFrWVRBMi1STjhtakE?oc=5","Reuters","Global","1780481267000"
"Don’t believe the anti-Trump media’s fishy narratives on the Iran talks","https://news.google.com/rss/articles/CBMirAFBVV95cUxOcUNhZUV0bGN1ZTNjdjUzcDZBaE9iU2xmZHBtVU9RWDhZSkk2N3c4U3FjejVhTlFVcG9DN1ZTMUpoZ2xPeVQ4Z3UtRXF6S3pMYXdvRXJPb2Z5QWhhbXItT2c4dGRJTlJqY0E2LUd1Nkw5V2laUnFWc3B6V3g2NkR6ZmQzak1ITnh6NGgzanVhbVQ1VUFJQmNrTm1iR3V2RVNsSHJoV2xYZEZLSzVk?oc=5","New York Post","US","1780480800000"
"Iranian drone attack on Kuwait Airport leaves one dead and several more injured","https://news.google.com/rss/articles/CBMinAFBVV95cUxPN1RvcmRZX2pEMFV6TkVCS1ZVeHFwWjRFN2RPRDhxTVNWeWxOSGJFTTBlOWRDV2ltT2hPWVI4MTRDaTdSTTgxNkxzNkpZOTNIMDRONUdKel9zbTh1RHFaaFJwS1JOWGZxY3VVLUNtUGlOcUs2dDR3LVR3WnY1aGlVcVdYSkE0LWZON1JORTAyT09QLWM1cUcxWEphc2E?oc=5","The Independent","UK","1780480740000"
"Iran and the US trade strikes in the Persian Gulf, further testing the ceasefire","https://news.google.com/rss/articles/CBMiogFBVV95cUxQT2V0UW1oeDlwSWtqM1VmZGR2SThycXpiZWtQWXd1TmFld2tSdjhnVEZ0cDlFM3IxbVFvMWRWX2tvSVRxSDNucXVmM2QxaWFjM1JvNm8yY0RPVHk3WkZCWktEUV94Um8tVy14STRDYjhUM2NZTnp1MEV1dTBiZjZyQ3MtcVJkS2tfc3l6YjZPSlpJdVBTNjVkeEpfVFJaQmtkN3c?oc=5","The Independent","UK","1780480680000"
"Iran vows to use ‘all capabilities’ to confront new US aggression","https://news.google.com/rss/articles/CBMivgFBVV95cUxNaGhMWDQxZ0dBeTBPRzhIbjJuWDNvVGltS2NmVERUM2VxMGJJVF9aaC1jaU9tZ2QzVUhab2p0aVNqUkV2N2cweTc3bXdNNUFqckRJUklsODU3dmR1U3JSQVFLR2puWS1WOUREODRBZHA2ZlpabU5TTkY3NG9tcUpzZE05RHRUUkxJaFlkTDk5Q3llbldzc1AzYXJPQWV6YkgwVngxaklwR0l3N0UyLTYySDItbU9VdFo3WEdZelN3?oc=5","Press TV","Iran","1780480680000"
"Iran will not allow US to overreach in negotiations, senior official warns","https://news.google.com/rss/articles/CBMiqwFBVV95cUxPTFd2R2tENThXZURVcmdfNkJENVJRWWZzb3JvdjFKNk5uVUtpM2NZYXNGZGtWWlhtOHpzYnp1QmVaeDlIdDU4Mmk5Z1MwUkppcXhFWC1lcHo5VTYxbENUR1NyMG9aU0l5V29fb18tQW9DUWx5MkhKbkNNYk5ndmg0YW0wbERjdFE2bUVtX3FJRXlQYUJTNHVwVXl2OVBrMFltRFRMczJkRWI2dzQ?oc=5","Dawn","Pakistan","1780480504000"
"Iran to play its final warm-up game against Mali behind closed doors","https://news.google.com/rss/articles/CBMiX0FVX3lxTFA2NThrV09lY2JfVUgyVGUyNUl6NmZQYzhYdlRURjBXMFpnUXhoVEEzVW5ETDhXOWdtV2lwMTEtN0JpYXlha3VHNUJ0Ui1lZS1qcnU3WExLYXh5U0FHeEk0?oc=5","The Jerusalem Post","Israel","1780480308000"
"One Killed in ‘Criminal’ Iranian Attack on Kuwait, Airport Partially Resumes Flights","https://news.google.com/rss/articles/CBMizgFBVV95cUxNRGx2RGJaeG9pZW5UaGRLQUhxZkpYZWtuNE4tTEVqNzdLY01USVVnY1ZTc3VwMTF4ZS0ySlVnQTdNc2pRZE91ekRNLXl6Y3c1dFkxRzNpM05VeENfeF9TdTlwOEt2bnR3dXBEWk5IdlRkWHc3TDJfZVlwUG9fd21MQmZfY3NoY1VJcnJsVWo1RTNhYUc4Z0dmMjdIdFZGRUpPdVk1SDNSS2tLWmlIbkNaS2MwZkdWTWdzMndCTENpc2hEbFNzbTQxaXZFMFdZdw?oc=5","Asharq Al-Awsat","Arab","1780480212000"
"Iran to play final warm-up match behind closed doors before heading to World Cup amid US conflict","https://news.google.com/rss/articles/CBMioAFBVV95cUxPR1FNdlJOaGtEeGlmSk9jalNBUTVlTDFnTWMyb2Z3Wm1yM3NsWFJZaFBCbmd1N2xUenNRcGlCX2w5VFN3NzhkNnlhUWhXOENQcV9PNU9fVWN5Y2doNUZIajZjd29IeGhValZLUGpzN1c0NFNhQWFmX1UzQ2tFaVB5QjVYeVJHNFpGT1djdkVqdnVrUXpWSDBrSHktaEppM0Jt?oc=5","The Independent","UK","1780480200000"
"Crypto Weekly: Iran's crypto seized, France's regulation squeeze","https://news.google.com/rss/articles/CBMiZ0FVX3lxTE1IeXUzSkFTSUVfSmloejJqcE81ekFaQlRMWHFYVEI4UGpRcUEtX2J2aTd4b1ZfbjJNYUpITDZObjhfS3ZKQzV2dDJtdldKSUpLUWpLYTZ2TC1PMUhGSC1TY1hTdTFzVGc?oc=5","Reuters","Global","1780479919000"
"Oil prices inch closer to $100 again as fresh Gulf attacks cloud US-Iran negotiations","https://news.google.com/rss/articles/CBMi3AFBVV95cUxNTHB2aXVkN1RwaDU2QWtkYUs0dE9EM3htOUNrblhlaFRQZ0tiYm1ZUjlrdGhVdXJ4NDFENUlkeXI3Skw2eXp0RnJuTlJyVEdBZkRHaXVwUEtmU2U1a0NsVnhWd0c1Z2xiZEJ3SEx4TDNIN1VrbjBrS0VtbnV4dDhtVGtfWV8yRWFuSGN2eG1VSXEwczZhTFp4dTNXYmUzYUVGVktrN3ZvcjVrSGNmdUN6S0xJUWVnUEZOWDhoLTlfZEQ1QWMxcDRxeTczM2NTekNxZWFrdFlHbWlIRFl0?oc=5","The National","Arab","1780479900000"
"Iran drone attack damages Kuwait airport","https://news.google.com/rss/articles/CBMikgFBVV95cUxObnE5dTBlNDhYaFY2cERlR0VFdURfekIwMi16NmZTS0Z2dHpUTG5qS0lIeU02UTVjNFdUS2x0X1lwRzN5aEd2c2N5cnNxaUVub1l0Y3BBVlR2WnJQcW1JejZVdVhjS3NkZlBiTFZpcm9ZTk84RlV1NmJoUDNVaDA4WnE2bEt2MVRlR0taQkxLMGJBdw?oc=5","The National","Arab","1780479772000"
"Primary Election Results, US and Iran Exchange Strikes, More","https://news.google.com/rss/articles/CBMiqgFBVV95cUxNZEdZXzBaMTdSQWR3UzZEeld3b1pDRk50aEJ1ZmJNNTg1U0VvQVItMFowdHc1S0pWelVGWlZ0YVlUZllMLTZuNW94NEdyVjBQVFM3ZnNqY3RDcFdSQS1DaEhZeWItQWN4S3lHUFRZWmpPS0xucW5rNW10Y0VjMEw2d2J2ekVmcFloRzEzdEFOY1plWDB1SE5UODJ6UzNiZThEOXl1Sld3azF5dw?oc=5","Bloomberg","Global","1780479147000"
"Zara owner Inditex defies Iran war concerns with strong sales as shares surge","https://news.google.com/rss/articles/CBMiqgFBVV95cUxPUUVfQkR1UW91QVZHVHgtNkdIMVYzZ2FSQ1pOMW12aXFNZU1yZHNjaENHdjljY3VqS3R2MWtqZ21MOS1TQ0FXazMtNWJCV0pVVWhWY3hVNm5uQlY0RXF6dmdWNkl2blBPU0ZhVWlTN0JjVjE3UVpLT2dBdlM1ZXBTSi1zZVZIRVlZUlJDWGc4X2JXcGM4WG5pbTNTanp5SG1FNGhVRVZQVnF0QQ?oc=5","Euronews","Europe","1780479071000"
"Ghana Raises Growth Forecast as Reform Gains Weather Iran Impact","https://news.google.com/rss/articles/CBMitgFBVV95cUxNWDZ3Q0NCU19CSnJJTEFxYmJUeUVxVnNXTzVCeVpiVXNIZ3dfbjFzWWl4V3Z4ZkhIdXhsM0x3ckdybTQ1Ni04VTA4Q3JuTjNpcXVYMmpSQW5ic1djTm5Zb25uX010eEdOTkRfMWtlTjZBN0QyMzFHR0F2VmFaaXdsUE1VbmFtSkc4VkxFZkhuUWNqQ1hrU0h4WFk1ZlRYeW9ZOXVTM1FHcU9wUE9JQnViUUNlNWY1dw?oc=5","Bloomberg","Global","1780479046000"
"1 killed in Iranian drone attack on Kuwaiti airport; flights suspended","https://news.google.com/rss/articles/CBMiogFBVV95cUxPWTBuSzRsc1NSbFR3LWFnbzltOGI4WGhnakFDQVpxWVVtZm0xRzJMVWt5bnNDSW5JeXN3aVc5X012bmhBdXpnYVprWURvWHNLWldtXzU0SVhZX3gxUHpuLW5sZ2FaUHZ5dDlvWGtreTBlcldCdHFIUkJpUUFlZnEwVE9PMWMzV3JRYlk0X0JDUXVnMS1yTHlNVDVPajFUNjYyQkHSAacBQVVfeXFMTXAyUGRGT05naGpuWlRfVUpVdVZnZWVJM1FjYUhYaTJPelZBR1czOWJnNm9OZTAtUHRiOFJMLWNweU15SVRma1dGUnlYLUFOQ1JrdUpralNETzFJekY2cTlHYmdSOEQ5X0pFdjJxOC1BV2JwYklGUExRdzJSb1YwOU5uTDVMWjg4bVRaWERGeVBLZTZDNjdlWlpNYmhWRFFMbkt4N0R0Qk0?oc=5","The Times of Israel","Israel","1780478742000"
"Kuwait says 1 person killed, several wounded in Iranian attacks","https://news.google.com/rss/articles/CBMirAFBVV95cUxPNV9pUnBva1ZiX2JDNEFKV0ZmQmxhMDJuZnBTcXBfblBKbGJ4ZjhWbXBmN0hfbGlVWEladVFBaTBxc05NZm4yQnRyN2NQblJOX0dXR05TS3R0Ui02UlpZT00wUEpCU2hVSDNmM3RoT0lsQkRGbFdraVFOcEU0dmNSOVFEbUJReVN3SUhrc0tzSXExRjQtLUhEaTI5Ujhic0ZGR2Vla21NX0lfc1FD?oc=5","The Times of Israel","Israel","1780478741000"
"Is it safe to travel to Turkey? Latest Foreign Office advice following Iran strike on Kuwait","https://news.google.com/rss/articles/CBMiogFBVV95cUxNcWJ5amZSZ0lmX2Eybm5kWXllM2MtNGZzSVVsWjh4X1NGY0M1cDN6TEtfTmwyQjRybG1TSGZkUEZKUmhkZ2ZoclRLWU5LRlJIRWsydkFORzY1SEJaVHE1LWlRSE0taURUUldTT0w4RnVENlhYRVRIdHFoMVJweG5wN2FfbXlNYVp4OTlCOVBPODgtaG1XYU9fRlFaT3VjMlVKNmc?oc=5","The Independent","UK","1780478400000"
"US Sanctions Iran’s Largest Crypto Exchange over IRGC Links","https://news.google.com/rss/articles/CBMirAFBVV95cUxPZjZsUzE3N29wSFRTa1o1WTRZYWoxX0lrYW8xWFJ0SGlkdXkyV2E4UWZrWmczLWl6S092M1k2eVprTzdlalJvUUE5OEhTZVpGNll2MlhfWldyRzd2M1NSRnRiNFQ0M2hORlE3aFpsSGpvREdSdEdLbDdTTUgyVzhPNzhEOXB3UXFrS3llU0xRQmZ0VHVwQVMwcWhFblVDY1U5TWdzbnNmSll1T3BX?oc=5","Asharq Al-Awsat","Arab","1780478395000"
"Iran confirm World Cup travel plans after training base switch from US to Mexico","https://news.google.com/rss/articles/CBMivwFBVV95cUxPSTFyZDNGNnpxLThreVRXaVRtaEtNZElfNHhmUGtyVHhsRkZlel81M1Focmo3Y04zS3NEUmViYXF5VWUyLW1Odlg3NFZidUluXzdEaWIySGdDaEFKaXJKTHlzMkZWMVB5bGVzb0wzbHRJbkQwMnJBNWxJcUdRYUp0Z3BsRFFOTnFobFBJWHlwTlFVUEdwcVZ4LTAxbm5INzkwUVp0Y0J4eTZoanFXRUlSeVVOMnV3dXVmckk4VzBOQQ?oc=5","The Independent","UK","1780478220000"
"Khamenei Adviser Vows 'Deluge of Missiles' if New US Attack on Iran","https://news.google.com/rss/articles/CBMiogFBVV95cUxOZnpvWVVvUU5nTE5KNzhZR3JVbVBQd05mRmFxUGZ2T1ZWVk1SUFFKWDRHTVRSQWxvSVpEZnlGc3dHWENIT05iMC1taGZBTHpEUEZlNjBaN2dMdTQ5LXk4QU9RT1NqRGh0V2dXZm1heVRHZ3ZFTmhmS3ZiRFFNalpETEI5akdhRHhuYlQtenpqWGtNVkt4NnJ4ajN1LTZMX2VLc3c?oc=5","Asharq Al-Awsat","Arab","1780478215000"
"KUWAIT AIRPORT RESUMES FLIGHTS FROM TERMINAL 4 AFTER EVALUATING DAMAGES CAUSED BY IRANIAN ATTACK - STATE NEWS AGENCY","https://news.google.com/rss/articles/CBMibkFVX3lxTE96MTZPa3pxblFtcTNqVnM4al9VRjRVZDFDd2stVkhrTDY1b0RxOUUyVGQ2TVdoQjRxTENrT2lUMjRsWldzck5XMVRqdHprSUxSa2JMa042ekVmbXBOWUZuSGRRTkJESXkwRXVVSmhR?oc=5","CGTN","China","1780478164000"
"Have Trump and Netanyahu Failed in Iran?","https://news.google.com/rss/articles/CBMilwFBVV95cUxNczZVM0lGaFMtMjltUGhpVmpyOW5zYjlEU1VpbkhFamowbUVtdnlseTFwbmlrNEFzT2VOZVhhM3NKQ0QyX2YxaDhkMzdJVWp4XzVVQ2FrTU1NM1Jyb1BfQjlXTTBTVHR0SlJDWVU0OFlOYkh1RTViMl96c1kyZnhrWEpGLXJyZ3Q5bWZZT21mOGxpYVVqZl9J0gGcAUFVX3lxTFBYQnJIWlJ0c2FDaFhYa0xkSk55RFYtekU3VGJ3a0RCQU1JV3E3Ym4yQjgzQnBnRUVfT0ZoSlZJUDVxWjFjQVY1MlpyNmJNbFlYQVNBc3VsQk44MTIxSk5xNWZ1SnNROVRfdGJueEpOX3F4ZzBWSGtYb0daakRjZjhhczFhQjdwTjcwODJROXhnQWF2djdoRDVjQ0tGeg?oc=5","Al Arabiya","Arab","1780477998000"
"The UAE Minister of Foreign Affairs and his Portuguese counterpart discuss by phone regional developments, the consequences of the dastardly Iranian terrorist attacks on Emirati sites and facilities and their serious repercussions on the security of navigation","https://news.google.com/rss/articles/CBMibkFVX3lxTE1sdWVVRG5LT2g4bWdLY3RPMUt4Y0ZGVWpnYzNGb0g0aWNFZlBGc25ic0FtTHFoRk04YVNVWWpwMEkzSmxSckFsdDZncmxaUGYzWmMxVklBakpXWGcxXzhWSEswUlk4TUFodHJ4VWVR?oc=5","CGTN","China","1780477818000"
"Bahrain intercepts 3 missiles, several drones in latest Iranian attacks","https://news.google.com/rss/articles/CBMifEFVX3lxTE9vSzd1SlU0NU9XdUJRYjBJTjZTMTZDNG5RWndJUkh5TjFqNmMzLWVxcUVoX2NoN200em9lVENUY3ktZmRPLUpmVHhWYzRRTkVTRDBGem51TTBGb2hJaFFjV2dYUlpJT2Z1MzNiM0pKRmdJRTZaSWwxSjdiUmc?oc=5","Xinhua","China","1780477755000"
"Iran to Play World Cup Warm-up Behind Closed Doors","https://news.google.com/rss/articles/CBMijwFBVV95cUxQQS1uX1oyY1pFZ0luWWN3WWczS3BHYll2TURmSktCODlyaXVUU21KWEtrVmJGQ3RtQUNNcWZSejJfNUkzTmZOM21zMVE3Qjd1blMzVHdWSks0Q2VnNlVQRUhQRmNRU2ltRXFLV3RHQlpKeFBpM01CWEZKZkpxZHhmQ3JDdzhOR1ppRmRDTFlWTQ?oc=5","Asharq Al-Awsat","Arab","1780477647000"
"US ‘disables’ ship allegedly bound for Iranian port","https://news.google.com/rss/articles/CBMioAFBVV95cUxQSURnZUVhRFVnUmdJbGszZTF3NXExUjVDbUpic1Rjb1VJOUNwR0NfZWR0aWVzcFRzMjljY05FYkhRRVV0V1JIWTR4UmVxQVQyZV81MWdRUUU5aHNwOGxubVV4ejJWcXJJcFZXRld2S3hZcFFnRkNGYzBITjhLbWZSWlZ1ZXAzbzFtMVlFZG05dFRzRnFtMjVxVWp2LVc4NXBJ0gGmAUFVX3lxTFBOazlhUnZucTdYVlEwaWcxajZ1OEdKcW10RHhkR012b3Z1MTlLU3RWaWxwY3JVbEtjdE1SOWhPeFl1UTdTNkU2ZXhsUWlZZDlhN24yRVQ2NmQySnFhNDQ5b2ZIQzdDVlBhMDg2ZmRzaURIcXJrSWlPWHFSVk1CdEtmLTluZzBkcEs3Z3VPV2hGN281a3hPYnZReEtWa0FvV0wtdm5tSkE?oc=5","Al Jazeera","Arab","1780477609000"
"Where Is Iran’s Highly Enriched Uranium?","https://news.google.com/rss/articles/CBMikwFBVV95cUxQU3NCT2Iyem9KVGNNeFJYdjE1VGtKWnhvbnVtTENiUTloRW5Pd3M2VGJVWlpOWGNPT2NoYkxQLURmamRtQ1RGVTJoRTNwdzJ6ZXhNbEZ4ZF9vaWZwalh4aEttcDlhM3hTdXpaYVF3MzVDc0NNck16Y0g1STBOMzkta2xkZUFkY2RVaExnOFdYVXdQTkU?oc=5","The New York Times","US","1780477575000"
"Gulf countries condemn renewed Iranian attacks targeting Kuwait and Bahrain","https://news.google.com/rss/articles/CBMiXkFVX3lxTE80aEVRaEV0VFdlV1NxMmhmdlhuaTYwbnZjQk1JeDdTc000N3F4MWNvaTNYV1lCRmJZV096bWxkQk9FV2NGcVlvQjNmNm9MTlhDNUQ0T0lFUEFtX2FNR1E?oc=5","Arab News","Arab","1780477535000"
"Kuwait Suspends Flights After Iranian Attack Damaged Airport","https://news.google.com/rss/articles/CBMiugFBVV95cUxQQjBaX1ZiTUxFWGtUWXBhR184dWRCLVhFd1daSEZsNjRrQXFIUmNrUnZUZ21SclZZVFlRQWNKV3VEX3haQVV6cldqXzN1VlVYZjZFNWhGeEtSV3FYMzlaZU9pT0F3TUFIWFBsY2dvZ2xISGFJMk5DSVdyMDJ6YkJubjIyd0ppZDZMb3FDN1FiN0QxYU9jNXRYUmhtSWJaeVNoVzVQWDZLVGpQZVFsN3ptS2dWcDRXY280NEE?oc=5","Bloomberg","Global","1780477519000"
"Kuwait airport hit by Iranian drones as US-Iran talks stall","https://news.google.com/rss/articles/CBMikAFBVV95cUxQdG1vNkxTb05OWVhiV2dMZzlheXd6TTRmNy11Rm9ERVVCNGlVeExuNm44dnFjZjl4SDgxWE91VWwxcGF6S01qSmRKeV92d3A5N0k0cnVqNzdTSXUwbTkxQno4QXlrUk9VS2JxeV9xbzhvTGdFNVB4VTQ3alJVWFAtOWdDU3JUMXA0ZFJORXg3cW8?oc=5","France 24","Europe","1780477513000"
"One killed in Iranian drone and missile attacks, Kuwait foreign ministry says","https://news.google.com/rss/articles/CBMirwFBVV95cUxPXy1nSE1qV2pDdlJnYUF3NklwMFFzSGdTZERSNTdSZDliWDc2TGRGdHZOS1NOdG14UWhxb1JtQnloajVDMXVrNE1ENE1OZDdNU3A3LWxfdkRBMFpvNHRUZEdsNXNRMkl4N3ZRZWt3UmZMSGFPd0hVMHB5Z3pRa20zZHUxWjE2cDUyazhTYl90RnNRMnNMaG5vRDVZWXB0NnpzY2RWM19oWklFby1UVDhF?oc=5","Dawn","Pakistan","1780477468000"
"Iran to play World Cup warm-up behind closed doors, head to Mexico on Saturday","https://news.google.com/rss/articles/CBMisAFBVV95cUxObFZ6aEIwUE5aSDZTcFNLaGFyaU9CMUttWDIyVjBkbkxTZ0NvRmtUQUpSa1hrUTViN2pORmNjekdsalJVWnFURmliOEEyVDdUd2lBQk13VHlYeUw4YksyMk5jbTFIS0RpMzVablNzazAtUFd6VmUwYnhKbFMtUTdMOVYtTUc2OUpKUG43TkkxS0hRUnp2Q09hYlhqcXR2XzVPZXA3dkNPWTIxNEd2YjN2Qw?oc=5","Dawn","Pakistan","1780477393000"
"Inside Qeshm: How Iran’s fortress island holds the key to the Strait of Hormuz","https://news.google.com/rss/articles/CBMisgFBVV95cUxQWEMyQVl1T1hVaW8xY09lWlFySEZqemVFUFZ1QnItN2pJQWJzZ2FGSVlPcGpQcHZRcm9LMlVwNWdFMW94R25FTzZwNTdham5MLVpUa1FnOFFERldfV1picDNRd0JLSDBiRHp6Qi14U19BZEhaYnpFTy1kS3o1MDRFZ2xHaXhuWGZ1cEFyc0ZnUGZ5RUlKWTBPSlNJcXhta3lNRHYtQnNEcDRWY0RGMV9iTTh3?oc=5","The Independent","UK","1780477380000"
"Did the Iran war force peak oil?","https://news.google.com/rss/articles/CBMibEFVX3lxTE9HRlFlZ1BhWXR5SmJXbkp1b0VNUjdDeGE1TFFNeVY5WXhzek9IZlhqb0hFcE51WDlGSENVN2JEX051S3RFa3EwVXFVRFlkcDlDdm9PQ1FXbkJtSnNkcVVnWTRNSVl0QmJhczNrUg?oc=5","CNN","US","1780477208000"
"UAE non-oil business activity expands in May despite Iran war uncertainty","https://news.google.com/rss/articles/CBMizwFBVV95cUxPSy1mUDYxRUJXMGFYQnp2V3lwOFFGU0Y1TC1ZOTJyN09QY3RiSDl3enlBN2hJRFZLSmhHVEJqZ2VDakR1Um9lRmRKaEZOS19OSkRFTk50Zk5KQ2JETUpmcFdyLVZ3ZkdkTi1YVVliU2hfcDdsNG1vcm94alk0YVdGUHhrSVg5M0xQSlRQUEtmcVlRUXRfU3hDaGJnU1hId2hsTlNYcjFucHZJN3FWdktVU3VTQ29EeEdWTThETDVJSDdnT0VIam5fUGh3WXR2dFU?oc=5","The National","Arab","1780477065000"
"Khamenei adviser vows 'deluge of missiles' if new US attack on Iran","https://news.google.com/rss/articles/CBMioAFBVV95cUxOdkdqei1rVWZPODFOZ0ZmdVlOeUloQXRmTklINGhfRUZ5WE9sY1dmdXpUS2wwQjZoeFlkRTN0dEF3OTAxcURCOHQxQ19Mek1UY1pSRWMtbjJyVG9yWmdWUHVJOHFCYTR3aFdlR096QVd1Q2RTRHh3UWdGTTlMNGZTZVVoSlg2VEFjSXRGN0h4WEFvelR6WG1jOHFMT19BYXVE?oc=5","Dawn","Pakistan","1780477036000"
"Damage Inside Kuwait Airport After Iranian Drone Attacks","https://news.google.com/rss/articles/CBMirgFBVV95cUxQY0N0ZjF4QmNMSTc3NFV4QjR6WEhkaXBPQ0JDLUt6RTVBTnBvRkU3dDFZVVR0SWQxS3h4U2UzTHEwQzFNZ0lzTWV6aVAxVEkybXlwZDhKNndHRTdZVE9YSWdnY3phT18tNTVaZEp6WnF3S0lWRHZfNktGeWNUVkh3QjhqVm1ObzB4dmdCWnUyX1lMdlRnWkVXejFRS09ZWEtXQnBVLXJqd1ozeVlQeEHSAbMBQVVfeXFMTjRFUnBFbGRaTENac1pHVlBFck9qY3A1RnRGb1pja3FkcjRtRzRnWGhQbVFkVW1ucTJDbFVsVVlRVWxPRVpXM1VQdDctMzJHOFJzZkNmeWlZSnBrelZUb2gtVVlERUI0Q3d4VGhOOUk0Z2s1c3ZQR1AxNzhRTWttOE5VR0tyWkVJSnNibjhCWUdyeVZab0NtTE1HVVE5dUlSbTVtQmdYeEhhVjB2UUJzcFRBSEE?oc=5","Al Arabiya","Arab","1780477032000"
"Damage Inside Kuwait Airport After Iranian Drone Attacks","https://news.google.com/rss/articles/CBMirgFBVV95cUxQY0N0ZjF4QmNMSTc3NFV4QjR6WEhkaXBPQ0JDLUt6RTVBTnBvRkU3dDFZVVR0SWQxS3h4U2UzTHEwQzFNZ0lzTWV6aVAxVEkybXlwZDhKNndHRTdZVE9YSWdnY3phT18tNTVaZEp6WnF3S0lWRHZfNktGeWNUVkh3QjhqVm1ObzB4dmdCWnUyX1lMdlRnWkVXejFRS09ZWEtXQnBVLXJqd1ozeVlQeEE?oc=5","Al Arabiya","Arab","1780477032000"
"Rouble's strength squeezes Russian exporters despite Iran war oil gains","https://news.google.com/rss/articles/CBMiwAFBVV95cUxPTmpQdnJpZVM0UjFuSmtjSHhiYzdRRmhGTEhhM2NFVUFTUGh3MmdEY01abW1yUi05bjVHMzd4N2xlb200MjBweFN0N2ZxZU82N2p3UnR5ZFRDUnI4aFRCZ1QxQ1FnRTFLQ3dXUHhEYVJFSVBqbWZzdm8zb0F1MTROdXA2dnpKS3VscG5pNGhRU1pqWU5NX0plUjNFMmVyTXVLdk81Y01DVW9vdFl6cDNsNFJIZzEwdEFha3dORjd0UDQ?oc=5","Reuters","Global","1780476932000"
"EU Risks Losing More Than 1 Million Jobs Over Iran War and Global Pressures","https://news.google.com/rss/articles/CBMiswFBVV95cUxNdXAyT2xBTEFmbTI3SDRSN2VvSEktU0oteWFZZkVzQ0l3LWMyaS1GbUFJQWIwZ1VzMENhblE1MGhwcThUcFJxRTU2aUJPY2YtaWhZSERzRF92Q3A2a0w5VHRsOUlNdEt3Tm5MeUFnWU05Z2h0WGF0VjZUU3QzRHpxdEMwM2k3YXI3UzVFSEdaM1h4c0xGZWZEZ0xFV1JuOV9iUVFvaEw1QXZ4QngtNmltVGFuUQ?oc=5","Bloomberg","Global","1780476836000"
"Flash: 1 killed in Iranian attack on Kuwait: media","https://news.google.com/rss/articles/CBMifEFVX3lxTE14SzBCc1ZkQy1EYWo0QlB1REZuTTlZcTE0ZHBWZDM2RGxLc2E4VE5ieGZIOEZnamcwNnF2eWdVbUU2UF9ELVZlX256eWFGcWRVNHczUm9Ja3EzV0R4SHdkRFVMY0VBWW0zTWlBRFhJVlNQZEU4QWxKV3hLNTU?oc=5","Xinhua","China","1780476825000"
"Iran to play World Cup warm-up behind closed doors, head to Mexico on Saturday","https://news.google.com/rss/articles/CBMiugFBVV95cUxNVzFaU0tydTlFNW9Rc2c4R2ZLbWpGeEsyRGZ4MVFldmVRalNDaXNhZ3FNV0lHQ3JRRDlkNXdRVS1hSEVCNk9vbEFIYzk0SWlUc1FHRVBFVlllT2g0Q3NBTllkNUV5LVFoc2pHV2JIeUY4MEhrVU9NV2h3dTRHaWs2Yl82XzViLWcyenprOHdQREs1cGFzOVd0TVkwSzkyQmJvdU55OU9aV2JlTlo5TUpRZy1oOGZNX0lJcXc?oc=5","Reuters","Global","1780476783000"
"Playing victim cannot whitewash your harrowing war crimes' against Iran: Esmaeil Baqaei","https://news.google.com/rss/articles/CBMiuwFBVV95cUxOQWFkOEQ1UGxZMTZmQlhtSVdoRVByVU1ucnQzcWNzRFEySmNLT21EcG1oSEVHNHBpcUJ4amtjU05MTFI4cXUydWY2SjMzN21NZ2RETnl1dGItYjhDaDJCYlFqejFrNmdrSmdOLUduckpvUGtqMGdPeElsblVVdW55R0V6WVpSa2R5NUxxWDlheW5hS3NlcHFiVTJ2N3dOUGtqeXV0TXNRQm1WdGRwOGZCQ1E0b3J4RDgxTGVV?oc=5","Dawn","Pakistan","1780476742000"
"One killed in Iranian attack on Kuwait: Foreign ministry","https://news.google.com/rss/articles/CBMiqgFBVV95cUxPTDRSYlZqeGRXdjJDMmVLUGlxMHpNb0o3SnI5NjhZaDJucElORjdFNmJmX25WdmIzb1I5NUtMRmRURWRIbjVxeFVfTWZwTXJ6VHpNV2YxNG9ZR2pmaTR3b3VzY3l5Z3BmcUVpMURkR1lza1g2eUotRkc0YklJRW1mWWU1MmQ5eVlmQU5OWkVVSGpIZ1RrX1hoRWtmSVpIa3RZSTdsLXFONWdRZ9IBrwFBVV95cUxQajVKYl9yLUhnaGVma2dWUTBiLWlCdVAwY0NhTmJHR2xjMzJkX0NuTnhBNWk2Q2xsaFYyT1k1cEdfRGxPYUt4QmMxQjlDQldYdlFiUDBaZlhCUVNqb0Z1SG9yaFR2T21yNHlBVXY0SDA1NTF3TFo3QnBDTjN2SnpFVTR3cTNIN2dyUnV4TUdWQWFKX0VmY1FldTR4VmE4MEJzU0I2cnB3Y29ha0NSWlZj?oc=5","Al Arabiya","Arab","1780476720000"
"Iranian drone hits Kuwait’s main airport after US strikes Qeshm Island","https://news.google.com/rss/articles/CBMirgFBVV95cUxQT1ExVXVpdWhsZUxrRFhKT0hIeVd0X21iODVzYWlmV2hDY3VWZ3czbm42QVV4ZmNNTmlPNElsTWtvTmVxdmNsY3VJbEppNUlWb1hsaDVVbHo0NFR6c3VFeTFtYjk3ZWVPTkNsUFMyZWQ0cWdLbGFYcWtSZXBFYVZ0LVlqcFJJdFZlcThtSGdFWkJqWW9pRmhXSzQtaEZQYUJsVTlKUDNZajNHYi1FMlHSAbMBQVVfeXFMUEZYT3UzOWkycjVINVZhcjd4S2tNa1NjV2ZEc3RoclR6WkNhcHJBMGJiWkRoUmZpNXVBMGNDbzNQdVo1QjR1N3dVaFVHR1lRT0o0SVNNeHYzUnoxOWZtdVZ6V19oUEg2cFRZc0JEaEhfTXRINFRCMGsxdHVKUkl5d1BfQ2JtUzRuOUtRbHRWZHc1MXBtTVdTSERFbkhSM21PYjIzUVpQVDBHVWZpOWlpRHFCVEE?oc=5","Al Jazeera","Arab","1780476266000"
"UK services firms see first drop in activity since 2025 as Iran war pressure persists","https://news.google.com/rss/articles/CBMiwgFBVV95cUxOS0tRWFgta1lPZzRBNm1rNkxfd0RIbklOQzdKMEY2NFNlWFRDRzZ5S0kxS0ZZcW5YNjZ5UE8zUjdVRzlTNU5NbW5RRUo2N2ZDTmUwSkp4MF95WkZyeHdaLTJFbUY0X0NaUlgzRzRZVlh1a1NaUUpCcjB4VDZraDJtX29weWUzYmtxUUdpRnNaZlN6eFJPZGZpWDBsV3Z4RW9HV29rdnY0YlE5VW5tM3Vzalh5RExWQ1pqWTFHdWdpckVyUQ?oc=5","Reuters","Global","1780475856000"
"Iran targets Kuwait and Bahrain in missile attack, US retaliates after reports of faltering peace talks","https://news.google.com/rss/articles/CBMiXkFVX3lxTE10dE1mVi1ndlN4RGI5SVY1dmVsaGJvc05MZWRDdXZFYzdva1M2VXdBX29LODNfcDJBaU0yNDIxNmVCUmlZU1dHWXNROTV5OHZzaTdnYm44NnR4WnhfLXc?oc=5","Arab News","Arab","1780475850000"
"Why the Strait of Hormuz Is at the Heart of the US-Iran Stalemate","https://news.google.com/rss/articles/CBMi3wFBVV95cUxOZzNtVXc5ajZiUTV5aFNseEd4clZSRnVqZVhYSTR6QlBnMndTa3B3YS13aUNkN1hqckZWbzEzUVNmMk9hNnNsVW1LcmNrSlFuTkRhc1lDazlXcFdldjdUTFhnTTJHdk5hdDd2cjFybFFhX0dQME1RVGtMckhkbkpKbTk5LWRPLXVTeVhQWDhONlkzVUdTUDgweGJDRUowb3Z4MVlHdnp0VzFqMFN0NTQwWGI2Y08wMWtYWEtDS0NFX05UaDZYLU11VTZ3MkZoYXJsU1VWRlJyUGNBcmx4X3p3?oc=5","Bloomberg","Global","1780475721000"
"Most Gulf markets retreat on Iran war jitters","https://news.google.com/rss/articles/CBMinAFBVV95cUxPaGhTNk9zcm9YbV9xNGxPZ1M3bnN3TGZaWFNKQmdtOThTQ09PalE4OVh6SlI2LW9GOVpHbW5hNmM1eGlaNjBHZndncUswWDJ6Y3NuRS1ldGRqUHhEVWphVVM1RHFtZ1kzc2twWnZ1S2NVRmowWEVBZ1NWdnFybjA4Q0NzNTQ5VzdGTnpYZ3dqaVpTbjlJNkh3YzZCUHo?oc=5","Reuters","Global","1780475671000"
"Iran says US attacks violate ceasefire, vows self-defense","https://news.google.com/rss/articles/CBMiugFBVV95cUxNYjJrRUdUTHdrWUprWE9FdUV0cXp3Q1FCTTVBS1F5TkxwT0syNzNZaktYSU5XR0ttdHpqcHpUTmRVRGRkbW9aSG9TTC1WLUdxOEdYd2VNellFd3JrdmVDWG9hUFVfTDMtT3NkS0U4Vmk5QmpGM0ZCSTctc3lma1VTbElOOFRwcFozRVRlX0hmYXAxUlFYSVIyaHpHWW9yZnhJV0Y3WUhBUHhfZUh1LWtuZ0FXd0tWMHpHSmfSAb8BQVVfeXFMTjFJNi0tajhYWFdMcUMzV0JhX1RLUGlTRnhPUHJoR1RTTDZfUHdqbkRiOFFJOFAzNjJMRFFEWnV3MmhOMUdJMHQ5LXhOUXRMU3lPb2gzSEdySk1pc0FjcVFkV29mb3d1eHMzR05BMm52UmxoSW5VOEgtOWpBbDVud1VkanFzaWRtSTFEOXJEVzJLUGhnNzRGYlpLbEltYllEYzFEejAyV3ZHQWlmaC1kRzJyUEk5Q1A0RUhVd0NYYlE?oc=5","Al Arabiya","Arab","1780475160000"
"Iranian drone attack hits Kuwait airport, causing injuries","https://news.google.com/rss/articles/CBMioAFBVV95cUxQWWE3T1ExalVIb3lSLWpSdndaeG1tTkprd0VFeU9ZUGFrZlNkVm5wVHVxOG80NXRqWHRDY0p3SklETTM1VHVoRFZFa1ZPaXl6U0dkZVdYVmdhbXlPN3hLZTFMUDdPR0ZsOTdxMHRZbm5iWnJNQ1BXdEtxeFVsVnNjbWhNeTNFTHBNWUN5MjJSWWkwYzdHLWExcktZR1lZVWVs?oc=5","New York Post","US","1780475100000"
"Fire burns in Kuwait after Iran launches drone and missile attack","https://news.google.com/rss/articles/CBMiigFBVV95cUxQcnplaEhyaW1laFpRSVZZZ1lkT25XUjVXVk5OMmdSV3NxcGItLUU1aDIyTHFUVmxiYlZkQ1JTVTdmd2xQOUtNR19ER21sWVlNTWVvbFMwYllQeEVYNDZoMTh3enNqY2RjZDFuTWdOMnZJc3VUSUlCR3AwUllwbWJRQkRWNEp4QTBtOXc?oc=5","The Independent","UK","1780474920000"
"Iran says Kuwait, Bahrain bear responsibility for US attacks, vows self-defence","https://news.google.com/rss/articles/CBMisAFBVV95cUxObDU4bVI2RUNwU3VDZGQxWUlPNEMyYjd2d1Jmcm5SWVMyU1hRckQzZm5aUy1CeUF5QmZaNWFTcDNzOFhFSTJiVlhRS0dLNkRucVFGdDdXaG00ZURaQkJZUnJuQzhpbjFuMnRGSkdSUnVKWGYybWRGUkZ0bHlNRTlvb2FicDlla2hXU0d3M2ZQWG5teU9Tb1VPTlA0Ql82RXNlWXlycU5JSTY0SkdCbER2TQ?oc=5","Dawn","Pakistan","1780474880000"
"How US-Israeli war on Iran tore apart alliances, fractured NATO, and buried American unilateralism","https://news.google.com/rss/articles/CBMixAFBVV95cUxOTjkwY3dSeEljOTBKcnJoX21VaTlKZXdoWmM2WkVENVZWZGFZeVBQS3U2MDlCWDdVQm9nVGh1U1hKVU9uamNjOU10SjBxSHEwbFViWExVQ2lGNUN1bTE0ZlZiYVgwTEVsdnpwOVJlVTBBRENxS1VKU1lvajdyQzNHdlFKOEZTa3o3NGxwSjA1UndFOGh3cUEwM211eFc0YndhQWpXM0VLTE1LRVhsMHZWbkstWWJRbVA4MEdZbnoxS0NkMDBG?oc=5","Press TV","Iran","1780474680000"
"Flash: Iran says to reserve right to defend against any country allowing U.S. use of its territory, airspace to launch attacks on Iran -- media","https://news.google.com/rss/articles/CBMijgFBVV95cUxPOVI3U2JJQS1ILUdXSVRKWF9RRGUteW11emdhTkt6ZmhUbzZmbE9fV0N4X281UjNLS21SamZkU3diY1o5M2FYZ3lRY1JHOGllRmotMVI2NnVzSlo1dDFaNlV6M1RJaXZlNmVPVnBtRlBXSzJJMWI3VjFDLXpVZWFvNGJwa2RCaHFTMk42WkF3?oc=5","Xinhua","China","1780474560000"
"Drone strikes close Kuwait airport as Iran and US clash in Gulf","https://news.google.com/rss/articles/CBMirwFBVV95cUxPaXJXVkdFekRLQXItUzhjd2pzMmcxRHFxMV9mRnNfZldLNjVodndRV0hhOHFyQTJsSGJLMWxSNlhHenVsTnE0eXlOYTJPS01JZDh3WlVwY2tSZ3k3TS1OZ0JqRHVsaWRiYmhvckotR0t5VlljR2NzSjEyaFZZSFViR0ZCU0RINVZ2S2dNUlFVWlZVTkN5VHhfazRnS2NJSHd4YnlXMjZFVlJTdzg2Ukxr?oc=5","France 24","Europe","1780474396000"
"Iran’s World Cup squad to arrive in Mexico on Sunday; still waiting for US visas","https://news.google.com/rss/articles/CBMiwgFBVV95cUxQcHE2TEdDd2pwaUFRcGtqUFZ1VWlUTm5xdkVkOTlLU1hwTm9zQ3U3VjRfSXlzQ0NQV1JuQXBnaldtRTg1elVwOUNpelJPU1J4R1hQZjN4UEZoNlRyQnlsU081UnpWSlI4X0ZDcUQxUHVwT2owNTFsU210OS1ZUzAwZWJ1M0JwWjBySlBVUDRud09MNkdPajFHR1Rqc0xVUFhSVE9OVEo0RW5KZTBmV3FxWXRfZUttLTRTcnZPZzJncUwyZw?oc=5","The Times of Israel","Israel","1780474237000"
"Iranian drone attack hits Kuwait airport as US and Iran trade strikes","https://news.google.com/rss/articles/CBMiwAFBVV95cUxPcEllUlhaVWU0WHg4M0dJQjN5Zlk1OUhIVHZYY2JBSGhmdFVOei1xUnJ5SGk0Z1N6NDV2RWVQOTlfVUlOTVE4RFp3YnVIMXMzbEs3RlZFbnNBLXZ5V2dmUmQzMnBuTHdzMmRJcnZFcHlLY3JheHBfeHNnQmZnQWEyMW9scmt1ZXl4NTFoeWl2c05iUmxBaHYzUXdMenJxeE0xaS1VSWRkcng5dndZemlPRDd6dGtFZ2ZhUWpjQnBrSWE?oc=5","Euronews","Europe","1780474230000"
"Gold Falls as U.S.-Iran Hostilities Push Oil Higher","https://news.google.com/rss/articles/CBMitwFBVV95cUxQRWlQNkJFd0l3WFBmQXJKNllBcTg0czJPcVRhWl93Y2lnajdyU1lQU2RmdXBsVFpIUjNDSXY5WEU2bjdDTXFSQmp1OW41R0hTR0hrTGZFd2RJdWFfR3k2el8xS3gxV2o0V25RWFptM25ud2g0NFNVcFpmMGxScFlVSGNIZ2xXaUtZcFBhaTNzSUVPR0x4YzhrdllQS1RwNV9EdTJOWVI4WUFfN3pGaFEtVzlVN2N2TDQ?oc=5","The Wall Street Journal","US","1780474080000"
"Hostilities in the Gulf heat up as US-Iran peace talks stall","https://news.google.com/rss/articles/CBMiZ0FVX3lxTE1IMDV2ZnRyUlRRMFhzTktNU2ltNmJCYWpjM3EydzBYVFZoWDVvYUFLY3N3UVhfSWdXM09BWXAxZDU0SmpmMzFLMjk2aC00TEhKNFVxYlNoSlJuM2g1ZUc0NEV0Uk9OXzg?oc=5","Reuters","Global","1780473641000"
"Iran World Cup squad to reach Mexico early Sunday","https://news.google.com/rss/articles/CBMinAFBVV95cUxOai0wT1Vjc21TdXQ5d1VSWVdBNXE4Zm5INkZNaXJEVlFwd3ZsWjNLdTlSMk43cjFOdkg1dXljUWRzV2podmRpODdrZzdJVDFlbUwxcmI0ZFFha3RONXV5X3hILVJla0UzeEM3ckt3eXkyQThXRHRIcjVNbTk2R3B4cThSaHlTZDIzdTVaMVZ0QVItbUR4RG9KenZERkg?oc=5","France 24","Europe","1780473429000"
"Iran Didn’t Get Any Crude Oil Past US Blockade in May, UANI Says","https://news.google.com/rss/articles/CBMitAFBVV95cUxQbkhoYzluZnJrZ2xGZnB1S2hPX3RDci0xcWFDMlJ1Qm5TYzhWUkp5VWtJUHFvU2FQeDRTcUFsSUNUMWQwejdsS2dESUI1NDZTenE1OVJWNlIwd240eFVROC1fQlVQR200enFYTHFwZ083S01OVUFvckxTQWZKS3FCR2pMMmRuUUVZZTdIb0NpRE9ZNTNvOUdHaE41bVBjcVNEZ0FVZXhxbEZkZDJ3YzAxM2Jzakc?oc=5","Bloomberg","Global","1780472786000"
"Iran war briefing: Kuwait airport closed and multiple people injured after Tehran drone attack","https://news.google.com/rss/articles/CBMiqgFBVV95cUxNTmM4VUp2dDBVSm5fRk9lR0ctaGExQ3JaX1YtOU9BMFFtQVdocUdwdEJ1VVNSTU5zYjFubENWYS11TlozVExkZUpQc1JVczlOdG16aHhrcHFLYVhJTWYzSy1uU0dwSWx6Qzg5TXBPdHBVQjJSWWJZNDBETDBiUHFuc2RBVkNmRDVQejV2cF9qOC1UQWtaZzBoTGZCbUl5STBQWnFQRi13VTNZdw?oc=5","The Independent","UK","1780472400000"
"Iranian officials call for intensified retaliation amid warning of normalized US attacks","https://news.google.com/rss/articles/CBMiyAFBVV95cUxOOF9iUTF6THFhSVRGNkNwM09ZVUdmU19TN0l5N2dsUG1VbXhHNHdaQzNZenF2LUM0el9GYkFjbGFCbFR3b0lNWVdIb29oeVp0ZDhRS094MG50YTE0SUFEU0ZSLUtZQ0JKTTdJcU52eWRaTXR6X0RJLU52ajBmZUFQVDlGQ2dwaU9oTnhxWi1mS2ZQRTNLcS14dE55OHZJYVFWVzVRb2lvYkgzQTFlSTlwNDFYRUh5NmdjMTFpMXNPTTdqZmFOMXdPMw?oc=5","Press TV","Iran","1780472220000"
"Iran, Saudi FMs discuss diplomatic efforts to reduce Mideast tensions","https://news.google.com/rss/articles/CBMipAFBVV95cUxQUkUyRzdoQzdZekE5bWZUOUZGZVBkeWJGdnRhTUYySlNCb1lEYk1rSmhRNG9JWkpSYnVZSjJZYklEYW0yOXlVR0duYk94SnVnYVp6UlBCTXdwS1Y5Z2RldDNPdVBLNDdLME1CU29JU3V4TmpKZUkxdEVpVjZJQkZpZzhRWEF2SF9ZNVdnX1RpbUZIRWljQmxnLV9McFdBanYyeDBRbQ?oc=5","Dawn","Pakistan","1780472104000"
"Ships face 4,000-times higher insurance costs to cross Strait of Hormuz","https://news.google.com/rss/articles/CBMilgFBVV95cUxQS09leUxxblNKS3RhX3lHeWQ3bm5TS1hPSVVib2RJb2p0dy1aMjJ3amJBalF5WWwzTG4xVXhCdmprMkdLekRNTnk1TjlIYnJEQnF2aWttRVFaZkRFZmxnSXhoa281SDdObkZmZ0hqd1pYOEZOUkxXeWppR1d1ZERhY0RLWkRKaGtIUkpac2tGUnp4NlNKU3c?oc=5","The National","Arab","1780472077000"
"Kuwait suspends commercial flights after Iranian drones hit airport terminal","https://news.google.com/rss/articles/CBMixgFBVV95cUxNdFN6UzJvMHVOaWhYcldyd3VzaDVQZDJQMzVldmtCQVRzcG9yYllDT3A0MVd1WURHTDI2Z1UwMHA2ZXZWdXVnODFnNi1yWnBOX1hxekpMazFnSWE0U0I0ZDJwVFZfRkZqdVl6bFNPbThjMGlaR0MwTlZUc3gxcmRSNkdYYklST0VrWFcyVmNXYW04NEZwLTg5VG1sek1FZGx4X1l4NDJWOXhrWjZvX2NQTzk1S3NCNFFXQThNSG1SbjlSZmNrMXc?oc=5","The National","Arab","1780471996000"
"Is the Great Nicobar Island India’s Hormuz-like chokepoint against China?","https://news.google.com/rss/articles/CBMiuwFBVV95cUxNOThLNC1hbVludzQ1QVBNanNNN2VrMHVHZ21RUzktUzZ6R3dFWDc5RnY5WTdCdFk0dksxdngyX1BjdDFqWUIwazd6UWRQSUpHN1ZqWlBrZmVudktUazBFZklUQ2NSQlhKR2JlWXp2SzVvUFhReWh3cDlDNjJVaHNVcGg5Tjk0b3EzdDAyaHl4VkJSNEVZUTZ6dnR2LTJBVGJibkoyZFpNU183Nm1lakl5M2g0MlRlNDhaakNj0gG7AUFVX3lxTE05OEs0LWFtWW53NDVBUE1qc003ZWswdUdnbVFTOS1TNnpHd0VYNzlGdjlZN0J0WTR2SzF2eDJfUGN0MWpZQjBrN3pRZFBJSkc3VmpaUGtmZW52S1RrMEVmSVRDY1JCWEpHYmVZenZLNW9QWFF5aHdwOUM2MlVoc1VwaDlOOTRvcTN0MDJoeXhWQlI0RVlRNnp2dHYtMkFUYmJuSjJkWk1TXzc2bWVqSXkzaDQyVGU0OFpqQ2M?oc=5","Al Jazeera","Arab","1780471080000"
"Rural UK ‘particularly at risk’ of diesel shortages if Iran war continues","https://news.google.com/rss/articles/CBMivAFBVV95cUxQR0x0S2RvSnd6LU1PMmlUM1Q5YWJIUG1uZXdYTC1OUWc4cnQzYU5VVXZzMjYwMTltUTBVMlNOcnlYWmlQN0poLWZ5U2dTQTZReTJZTUNoaWtkWGlCZEVVVEtjUGNVMGdQWkt0eHlyRjQwOHJwNExjV0swS29hcEdfU1ZYSkgwYnEwU3JpRlNXTG8zSjNISm96T0N1TE9xaXdMVVpoY0JFaFNzbVRqbENRLXh6VzRsbERXb3lScw?oc=5","The Guardian","UK","1780470060000"
"OECD predicts spate of recessions globally if Iran conflict drags into 2027","https://news.google.com/rss/articles/CBMiwgFBVV95cUxQWTJOazN5ZzdpTEkxMy1ibTI2V1phZGVVNEtiSjNtNUQ2ZWlJNW1MOTFjcTZvLTJUNWFDUHo3NWZuOHczdTRtMWd4Vlhka0VFeU1JRHpVVnFrNElNT0J0TlA5bmw0ZldRZWtsVkdLaTRxODlscHJXQ0lCVW8wVW8yTlhjaFNYaTFBbHJQOGVEaURhdWVlYTAydjNDWHpOSm5KYng2ay1Zd0JwLTBLalh0QjlnNm82OVJlTEtmM0VldGk5UQ?oc=5","The Guardian","UK","1780470060000"
"Iran war briefing: Trump insists peace talks have not stalled amid fresh strikes by Tehran and US","https://news.google.com/rss/articles/CBMimwFBVV95cUxOV3JKVlRoVnI0OE4wQVdLdlVQRmVuNTRqaWNBTDViRkxPNFhCRmhQLUtCNERRTHRQVVQtc1MwaW9iR1E5MDUyNDNjUTlqLWVieVdoNHE1M2ZMUEhHWF9GdEcwb2U5bGtkYTZ3WWVYQ1k3SjhLQXR2U0MySXozcDdtVEkyLUJ0QWo5bFlQRW9tVDJPbVVBT2ZGbk9KZw?oc=5","The Independent","UK","1780469280000"
"Hostilities flare in Iran war, oil jumps with talks at a stalemate","https://news.google.com/rss/articles/CBMisAFBVV95cUxOa0pCM2JwVC1jclluOW5wcnktSUJHZ2ZLUUxwMnY5c3F6VWhuSVFLQ29mbmc0cHdhSWkyTzNyVzJvWnBxNjlVWnhqQ0FOUUpiY2YtTld2b3hWWmpYTzJueElSOUVmeTBweDFYWUwxcnZhdVlzYTNvZXp2SXJNcnNhdGh6TElzTWtzUDlvNlBQS3pQREk4a0cwb1NXa1YzWG5jb3lOaC1jZDNRT2JZQkNxbA?oc=5","Reuters","Global","1780469220000"
"Gulf Hostilities Flare as U.S. Intercepts Iranian Missiles, Strikes Qeshm Island","https://news.google.com/rss/articles/CBMinwJBVV95cUxPTG1FWVdPSG9CRW05NENJaFBEUVdQYkE0ek9LZHp1YkZrN0M2aEpxczBnclYxYS1WRDRSMG5tX2wtaTFlRml3SkJNUWtYTnhGem5hQmlwRVFTZE9xbWRuczlJakZ4Q1dLT3BqSzV4czlVNms4RTVpS1Y5VFluVjZDNUlSR0wzbU9zcnFkVDliSV80WnFoMVFJeEtkX2VZME9LR2xIbU9lb0tYeEtXRTdzRFhKTlZqQ1o5Zlk4ZWVHTkhCcWx5YXVueDNYVm9BajJBUncwZWhDNXFLRkVUSnBxYU9fcGQ1MkVCWDU2VzZVc2lrYkN6WFU1R2RMaUxCNnRSY2J5SllZYnF2TUxlN1B6dVdmTlRZUlhIRk9oQzdMMA?oc=5","Haaretz","Israel","1780468800000"
"Iran cannot use threat to Barakah as 'bargaining' tactic","https://news.google.com/rss/articles/CBMipAFBVV95cUxNMXpzNW5fR2tIM0pSTHZHWFN6SV9JMWQzSURIZ1VwLUloTXYwSDdPNUlFMTZtOUp3SXV2TXEyNkY3Zi1CM2VCcm5jbk5jMlpTcnVRT1JRakR6Skc2SkpqZzhiLXhhVnk5aFN3M3hjOFF1M1drREJKazV6NU9pbmlxS1VLdTdnWVNGemZKYnhLOU1IUXBlZmw0bTlCbDlqVFYyVHI3Ug?oc=5","The National","Arab","1780468635000"
"Kuwait ministry condemns 'criminal Iranian aggression' after drone attack forces airport closure","https://news.google.com/rss/articles/CBMixwFBVV95cUxOejVmeWRzMmpYVC13M1gwak4xNHExNFViOG94OUxNclZxOGo4UDVudVd2WlRRc3ZGcG83UlJzaDI2OGxHVGpUaGo0NEM2MnM1WHc0ZjJFdVhIaFM1V1dYaC13dVAzcDJoWHRnRGlzTDBnMnMtZjQwcnhmYVJMMmhpXy03U2pfdGd4Q0dwWDdxUVA0TktidDJqZmN6bmEyT2x2cnA2MXNtSlVmbko1eGtMTGZPcFd1alBxOHJUa2l0d3htdFFVTXNF?oc=5","Dawn","Pakistan","1780467821000"
"Iranian drone attacks hits Kuwait airport, wounding people","https://news.google.com/rss/articles/CBMi5gFBVV95cUxPa2tsRG0yQXJVellBaktuMFJETG5nR1lkOTFjNS15M2Q0cDB5cFUzN1k0VnZkSEtfUUJkN21JYTZYS0lzWGNVT0R3YXJja3pyRkl0Z0Q5NVRmOWtfaGZKZXVqMmNYUVRIa2NtMUd3TlNXUmJ1X2l0ZHJ0Vl9UVHBkXzlVeDlmYnB1RDk4dWVPRlByVnZIY25HYnpUdWJyU3NwcnZQOUFoRjNCRmRQaGlabTg5Y0tMcUtEbzhpLVgxQ0p6RE04VUlnaE1YSjhMUkViTHBVbl9KRHF0VXM0SXRzX2FkOGdBdw?oc=5","The Washington Post","US","1780467775000"
"Kuwait suspends flights after several injured in Iranian attack on international airport","https://news.google.com/rss/articles/CBMizwFBVV95cUxPLTRqLUVfN1RBNDFYNU1DUlZkM2VaRzJ6d0F4b29WVlozd2lmU25fYTVYMXpIZ0xYQm8xVjVaMFlrNGN0RGxETmk2UjBsZlhuaTFjYnU0N1hXSklxaUtDRU1BNi1hZDREeTRPWUd5TXdDeFBoMjhDNnZiaThHaW9XTnpwR3EwS3NCQzUwSnZTV1VkY1hRcTZxcF9pb1h5MmRmbjlhU2RtMVN0OFV3VlgzekJ1dkstMzBWbWpNX2ZxMWpVLXFCMG41bGpTcU9xREU?oc=5","The Times of Israel","Israel","1780467647000"
"Iran drone and missile attack hits Kuwait airport, state news agency says","https://news.google.com/rss/articles/CBMivwFBVV95cUxNejlTQXJhWnlNVk5SNmNHVG0xMnpKcm5mT0wzMFNwbjdsVGNRX0hPZ3U1dk8xRks4OXUxd3RIU0ZmSHFWdG1nTHViVERvenVrSF84b3VJT2Y5ZFNianltSUtHd2xJSEZsZ2pVMmxIdHlzZGpyTFNEQ1NnNF9DUGZ4bFRiclNfVmVfY052NmJ1T1IxZ3FfUzJjbUh1MXNOT1hGNDVaMnpHWFkyd1UwLUcwVGgtUmEtcjc1QXdvQVNyQQ?oc=5","Reuters","Global","1780467600000"
"Iranian drone attack hits Kuwait airport, wounding people","https://news.google.com/rss/articles/CBMitgFBVV95cUxPMWw3aG9uNmppOHRXVF9yQ2tkOGdlN3g5c2FnQllkOUxxYXhqSUVoUlRYc21pVHlHdjNFOE1nbDZjNlYta2dsVW4tUV9kekZFM2NVWUZ2UGRXSzZkXzBmSm54VTdlb2FBQkdsVHJnQ0R1aEJncGF5N2xPaEdGVDdWZG1vaS1WQU9EeVJZZWJzQlgyaWV1S21MNmhQT1pXb0tNbXBrbzQ0bmRaQXFjQ3JETEpCVVM3Zw?oc=5","Associated Press","Global","1780467360000"
"US sanctions Iran's largest crypto exchange over IRGC links","https://news.google.com/rss/articles/CBMilwFBVV95cUxPUlpNTnQ3dUY5UHVWbmxucXY3a0Y3TmJqMUM2Y1hvNUM5YzJacXhRbTdaZ1hiSzJ2bjZhMXI4b0ZpZHNDR0NLVGc4bGZPUFdsMXVXbmxTUzM3Qkd0V0E3anhxaHRDSmtCUUxHQ0pRdTVobzJBbFVCTVJ5emNGc2FDakxlWHRGVGxHM0xMZU8yM1dxVjFKYmhn?oc=5","Dawn","Pakistan","1780467303000"
"Iran’s Central Bank Says Inflation at WWII Levels","https://news.google.com/rss/articles/CBMinwFBVV95cUxNYS1kX1JSSXI1dXlLeUd6cFZIY3hwcTVjbjVqSmtHeGo2WGtlLTBEWWxOU21tMlNIblZIYWx2Z0lINnpiME04cDNNMDRIQWRXRHhlVTN0R0NVaEw3cnZ4ektEc3pWZFBjWjJBb0tVbXplbW9IejVFeEhlRTB5MC13LVJtb2V6UlBfWk5HMDVSYS1kaFpzMlBSU2g5T2pLdGM?oc=5","Asharq Al-Awsat","Arab","1780467246000"
"Kuwait reports injuries, suspends flights after Iranian attack, state news agency says","https://news.google.com/rss/articles/CBMi0AFBVV95cUxNR19NUVV0dHJJV0ZDYzEtb2NzMWFZdm9oNWVLaUVHVzBjMW5iOUdVeG84UHRxVksxSmpPYjJ2ZE9XVTlxMzlrUktrWGxzck1fYTBKUGNtbEVoYmZ2SGRVaWFnbVdYOVJMV3haUVptZi1ZbDUzV3FkdUdCQ0VHSjhBZkJzeHNZa0VYa3VBU0xWdGFaYlBwWVpwNmhvNk9RS2ZXNTVFUzJSMnhtd3k4NTBHWDM0VDBwVjcycHBmWk1DTWo1ck5OcmptRDI4SldibWd30gHWAUFVX3lxTE1tUkFDSGlCTFhvN21VaWNFb1lVME5wWk9pWjhvNk1RbkZOU1RTYzM2Q3J2ZWpyT1RVaTBqYXdjd2MzUjk3MVlwN3Y0LW9oTnJTRVo3SWpxU3NfODE1VlZ6NlVGQjBsaGoxSldoVXdXN3hGNWloOWtHeS04NjJFbmtSOW53OE93YWpXV3ZpbVV1U3hTRUVWancxcEFzWk03NExXNHlvRWtxbHljMWpuVFNja21IYVNrRnJGX1lwSG1BenYzbTMwQzgzRmhJWExzb2VEdmw3ZVE?oc=5","Al Arabiya","Arab","1780467240000"
"CinnaGen secures EU approval for osteoporosis drug in historic first for Iranian pharma","https://news.google.com/rss/articles/CBMi0AFBVV95cUxPdjhlc1l4b1h3MU9zWHBTdGNxRlBZeU1PUHVYSjBYNkQwS2NrRkI5aGtKd2g2YVd6bXZ1OVhfbkJGTk10eTd2TkdPc01Wd2E1cTlYUklHX2dQUURueFBNMUFjYkNISm9yS3k5ZEMwMGl0NG95ZzhoWDZ2MEZZZFFjb0I1UmE1REQxM2wwRXBGM09TQ29Fa0R1QTRmMGhyZERocjVZbVV5TFBIVklLa2xFT2ozUTJGUWViOGpOVXFOOG5OVzBnV3V5R1NxTG55ZzZS?oc=5","Press TV","Iran","1780466820000"
"Iran strikes Bahrain and Kuwait, ceasefire hopes fade in Lebanon, and Abu Dhabi renters get relief","https://news.google.com/rss/articles/CBMi_wFBVV95cUxOWWtnTGhoQmk2VFY3Y09VdjhxdnNLXzY0WDlBVmpvTDdGVl9iaC1mRUFjOVZ4aGxfby1vNE91aGVTalgxVl85dlRhTlpOdXZZZ3dXYjJJVjRmR2tNR2R5RDh0c3JvLUhTZG9wel9ncVRoNnRUR3lVMjhnMzBxMU84bnlYRGM3WjRNX3kxbkw3YUR3RTNETzRTTHhkV09PRmx0RXF1MmxQVGcxVVBUa3B0YnpiXzVDcHY3YkhPT25STTNhY3VZWEIteTIxU2hiMDdoaTU5azd5SElmMFVyZE80VmJtS1NLTUptWmZVRTNXampHdVNLSVE3UFNzRDFRWjg?oc=5","The National","Arab","1780466455000"
"Iranian media: Controlled explosions in south Isfahan and Baharestan","https://news.google.com/rss/articles/CBMibkFVX3lxTE50VWtqaHRnTWVzUXZlYURpbTAwTW5IN1hCV1E1N2Rucmx2VnFSRUZNRFJpODZ1LWFzQUpNLWtjbWxlN2dDVUJ3akFZUkN2QjF1OVF4VU1Bc2RaU1BtNnd6Wm1KRjdBZFlHa25IMFNn?oc=5","CGTN","China","1780465823000"
"Iran imposes new equation on US in Lebanon","https://news.google.com/rss/articles/CBMilAFBVV95cUxPY3VHX0l1QUhnd2VJQ21iY2xlRDNsNnJ3NW9IbklHbkFhQmVYOWwybEkzdmlLN0lLalMwOVgxXzg2S29qYzN4OF9kWXNTTWh2aEMyVEYyMm1RRHZHckhHQmhRSnd5ZEZNMmtPeHo0cGRqR3EzWmI2cm01YlRBSGdjelpiUVhQb1pabDY1ckwweDJOWk81?oc=5","Press TV","Iran","1780465740000"
"US says it fired missile at Iran-linked tanker near Strait of Hormuz","https://news.google.com/rss/articles/CBMiwwFBVV95cUxOZVpuSl9CYy1uc0FsNHBubDV4b0RhN1ViTHZFNmxXYnQ3U3JDRGtiUjVQVU9mSFB2Skp6eUZtQU5yc0NMcVpKVU03VVByYVFTUEo3U1NDUUFkcGRCZExJTFFBYUZzYnVRbmtUdFJ5ZzF5Y0NOMy0zZ2pxQ2dyRHBRRmhzOWdITHVCX0dJSTlncFBiaXdnR0N2akxoeVhhem00Tk10VWItNTZxeDJBZUstS0xjYTVGejJOMFB4aG12S3V2dTQ?oc=5","CGTN","China","1780464989000"
"Iran war day 96: US, Iran trade strikes across the Gulf","https://news.google.com/rss/articles/CBMirwFBVV95cUxNVEJuaktaZDA3S2p5V044eE1PMVA4NGNBblhKY0FtcmlzMVFkdER2Ym1seXY4cXFxOUZ2NldGZi1zcnd3X3puaVVaa01meER1VldrYWEyMmZsbHhrZ1R3enhncGVLdkJmRFBldXhMTFhjRmltYm1Ic0gxZkdvcDYzc3RJS0NaWTBjZzFNdkkwbDd5bTFHTHZfOXJ1SWdMTV9kNkpiN0hZQ2F3NUlTSUh3?oc=5","Al Jazeera","Arab","1780464853000"
"What’s happening on day 96 of Iran war as US, Iran engage in new attacks","https://news.google.com/rss/articles/CBMirwFBVV95cUxNVEJuaktaZDA3S2p5V044eE1PMVA4NGNBblhKY0FtcmlzMVFkdER2Ym1seXY4cXFxOUZ2NldGZi1zcnd3X3puaVVaa01meER1VldrYWEyMmZsbHhrZ1R3enhncGVLdkJmRFBldXhMTFhjRmltYm1Ic0gxZkdvcDYzc3RJS0NaWTBjZzFNdkkwbDd5bTFHTHZfOXJ1SWdMTV9kNkpiN0hZQ2F3NUlTSUh30gG0AUFVX3lxTE5uS1NldXVXaEgyN1lkM290aXB2Q0dMRFVBU2RRbnQzRTVZQWM1YXdQYkxXQk1fU04xR2tfZWpMMkRWTmJHUXZmeHNNUUtIaVlCTDlGdUw4ZVViQmVBdGZSUmc1NDZIclFaVGFraGtwU0NtV2xBa2VPS01YdE5CVUo5TmxENzBWREVHbE5ISmM3VmU5UFE5eEszMVBZcjFhX2dCd1R6LVZGYS1leE0wYW5CTjlfVQ?oc=5","Al Jazeera","Arab","1780464853000"
"U.S. forces strike Iran's Qeshm Island after ""attempted"" Iranian attacks: CENTCOM","https://news.google.com/rss/articles/CBMifEFVX3lxTE9heUFfVWo1NnA3RVUwX05oS3VGaEhLN0NjanF3Nk05X2c1WGI1bE4xa1IxcFM3WVYyakNpdVRQblpPWW8xaE1NMldRRmg5UE5QSTR1d2tjd1I0T0luZTBoM2FDUDBQdlhlVXhXOWpWS0QxcUJidnI0OFFoM0k?oc=5","Xinhua","China","1780464555000"
"US military says it has ‘defeated’ Iran missile, drone attacks in Gulf","https://news.google.com/rss/articles/CBMiwwFBVV95cUxQanZCRUFjY3Y5a01BZS1WWm9LZWdXRmtuNnJPU1h3Q1ppZkFTU1UxdWlHakNfMXQ4QjA1eldYaW14cXI5QndTMDhQZWdFV2MzMzhqVFRyQ2g5V1NVSDhXemNEd1V6YWdqRzNBUFZ6aF9OT0JsVDVTNmI3TjZRaFhmVVdaQ2FUZk94ckdkbktHQXJSZHNQVnVRVlB1cE93dU9HS3R3VTZlRlp5LVhraVNWVFlHNWJBZkRMaEJNYmg4T0NaVzDSAcgBQVVfeXFMTkYxczdsY1FFTjdQckwwdFcxUWFXVnR4RjdvZGQyb3lBU0tnSTRFWlM4N1RtUTRlZHljNnpnZjVBYTVOekxMbzd4UTZ5Q2lZaVFGVndKU0ZsV1V2OWU3NTFnYldTaUd4TEM5TkNnbWJMeWp1a2E1ZmpHWnNjcVJxMTI4Y3NHcU5oY01BT1dNNExjU1ZfUnV1Ymhrc2xFS1E2NHFKQUQ2TGJuaFVNZENBU1k4bnNlc0N6blZldW82UUEwQzlOSmxKUk0?oc=5","Al Arabiya","Arab","1780464060000"
"Iran Targets Neighbors as U.S. Condemns ‘Aggressive’ Strikes","https://news.google.com/rss/articles/CBMigAFBVV95cUxQeERDdWlJbmtObWhLd0JWVG1LNXlzanlYZEpralU4OE5WWm9ZU0pjVmxTVlhvQ1Q2dTBlV0E5UWlGZEt0a3JPMkNRN2ZuLVQ3dUIzQllZNTR3MlFJbWk3azBhMTZRZDVCS0NtYk1XNEgzLWVINTJnQVdxajg4Rm1jLQ?oc=5","The New York Times","US","1780462860000"
"‘They beat me until I lost consciousness’: growing reports of brutal arrests, torture and deaths in Iran’s prisons","https://news.google.com/rss/articles/CBMirgFBVV95cUxNUm14eVpWOHVDVkhNRnpUUG5ZRzExQXlLb3dlVHpuN2ZRTy1MX3YweUh2eFpjeVB6WEFQcjVNekJrQWhldWpUV3pwNFpoREQ1OHBIUmtNV0xLeXdhXy01QzVWUWdYY0FJLUJROF9NYzA5dlMtS29ST1ZzbUt6UVp1TUFKUDBjMzk5RTJ4eGJtdUZHcW8waFpaaDFCVUluaTc1TWhfbG1HZjZFRlV1c1E?oc=5","The Guardian","UK","1780462800000"
"Antalya Sees Tourism Surge: Eid holiday brings a welcome boost to Antalya, Türkiye's tourism industry amid inflation struggles and Iran conflict","https://news.google.com/rss/articles/CBMieEFVX3lxTE1jVlVpZW5nMkhjMzgtQkVqeG9Ea1NvMjBsMDdtSHoxaHBKbm1pYlREQS1ZWWNCVlZ3XzZEZFZhaXJleHItTm93N3hXVnpvWUlrcUFKQldGbk9YT1hydHRXLUhLOWpVRjFBOFhDSkRSX1VEQ1U4WjYyTg?oc=5","CGTN","China","1780462661000"
"Iran and US exchange fire in Persian Gulf putting nominal ceasefire under further strain","https://news.google.com/rss/articles/CBMi3wFBVV95cUxPNG5SVmFySjdEalRITmZuNzN5NHFjRnhaUUZGMkxMcTBfTXZhVEFuUUVpeURqYnRtczJCUjk4aTE5dng1SzR3OGlhRVd3X3NDMUFyUDh4RTNPLXFqWEFCZFBHSE9OWGgtWUFVS3l1UHI2VU5WOXNnWVhHbEI1UFZNYTRPajdWUC16ZkVLdnRIYkVRS3dHbEFvdVdIR1BMUnFIZnBIRjVKRWRJa09fVjA3czdFMXAtWWpGY0VkR3dEMmNPQnNncTVucktJTGZZVk5HZVFQMm9kcWFIcWtpNm5F?oc=5","Associated Press","Global","1780462380000"
"Iran makes demands on Lebanon in talks with Trump team","https://news.google.com/rss/articles/CBMilgFBVV95cUxOSnlZdW5UdkMwM2I4RHJTakI2aWZIVjladTVZc0RIWVlfWWFDVDI1c3p1SG9DSGZfVzZ2akF3QUoxVHkxQ2tOdmRXdmJaWHB2dWo4WFcyWGFXQVUxVlN4VDNUVnQwcE9oOEd5elluNm5TcDM2akgzSjVVZXI4SmU2N0xEa202TW14clF6TXBXRXVBejhkRGc?oc=5","DW","Europe","1780462350000"
"Emerging markets lead rate hikes as Iran war stokes inflation","https://news.google.com/rss/articles/CBMimwFBVV95cUxQWHZYWVBWWHhhN0Zmb2I4dTJJT0RSd2Fnc01sTGk5T1VpVXJvSk9FWVNYWnEySXQ4bkcyc2htM21aM3NJYU4yMmVjWEl4ZkVnU0ZjaXAzSURUQ1o4R1g3emlCS2JWb01HdHpheTU1MkV6SU5KbEZQRWo5VlozWGotVkNaXzhJVWFlTEdFZHFqeERubkc4ZERyTjUtVQ?oc=5","Dawn","Pakistan","1780461929000"
"Bahrain Bars its Citizens from Traveling to Iraq, Iran","https://news.google.com/rss/articles/CBMijgFBVV95cUxQai1HbmE1OUU5ODdWMnNya1dDYVExQ1I3ZWhFMHJEVjNBV2dya0o0YzlOSFozWW85OThLcTl2QVBQNmgxODEzY3ZTTDViMzgzNHIyVElMY1I1VlNRbmlGNEhzZEZOaTU0TDB0eFNQYnRYdkhwalg5V1FXZnNWemtzSTNWSkR5dG1Pb1FPQXFB?oc=5","Asharq Al-Awsat","Arab","1780461924000"
"Accident on Kuwait motorway as Iranian missiles fly overhead","https://news.google.com/rss/articles/CBMirwFBVV95cUxPeDRwbHRoTHlTalZGMkZvNll4X0xTdnJONmc0R3c5SERKUnJ2QW9KYVdPcmN0Vmw1RmZVTHA1UlNEVzY2by14OXRNQ1RtMzdLLW9LR0JIV1E4SXVuXzg1RG1BdmV5RHhISG54VzJoQ2NSWWhKNElUR3JxbFNONnRTSi1uRzU4U0RsLUUycWJtN2tvUWJaNlNBMXBWZzJhVnV2RTIxakljR3pHOHVGNGRJ0gG0AUFVX3lxTE1VWF9CTW81dWtVSFZyaTVteE1hVHN2VDR1N2hfYmRLdkFBdXhVQVAxSFF6ZUlHOXp0bmdfbVl3d2pxRWNwZHg2bUZrekg2X3ZNbTJKLXlsazFycVA1YlgxT09LMzFhODVNeExTeWJYUzhmTUR0Y1l1VmlIY2pHdjNyOW40RkljWXZWS3dCSnJrSWtzenhrY1A2QmxkNk9KbXVPc2FPcmJnYXE0QXlnbmlsZGtqaA?oc=5","Al Jazeera","Arab","1780461212000"
"US and Iran exchange new strikes as ceasefire talks falter over Israel's military actions in Lebanon","https://news.google.com/rss/articles/CBMixAFBVV95cUxPTTFxV1N0WmFHSlludmRqQ1lYSHgyUG1STjE3ZS1NUWZENnpLdTN3ZU9hYTR1UTJFSVFaclRBcWNzYm1kQlFIOTBfN1ZrQkJFZFF0aXNJWmh6aUZkeTFUcS03SUdRNEo0S25LbDNLeU1LTVJWSjRsWWdENUtCU0N4eUpUaHVLVkdrUXNfdUVLbFRxa0hMeEFpU2lRVFltMUszclJqaEs3Yjk1eXM3U1NaWmpMRmpJcjY5VG4tNEJPT21VcW0y?oc=5","Euronews","Europe","1780461129000"
"Iran Fires Missiles and US Strikes Iran Facility After Reports of Faltering Peace Talks","https://news.google.com/rss/articles/CBMiwwFBVV95cUxQVk43d29GNkNSR1hueXlNWFpPTFRJU2JQeWRHaTdIMEgzcWFOLU40QzYwNVR4b3ZrclM1LTUyaEdtSVZFazBmZFhuMmlvRFNMTTkyMUxEQlJxc1V4dUxVel8tNXlfcFJBM2gtYmJuMGx0UE9zUjZUSWRCWV9vTW1yWDFDQ2M4RHlHbW00d3k0ZVJkQnZuYzJIY0hoMTllcTNvYi00TVhRY0J0U20zOXNzeEQwZ0tSNFBCYnZoWFJlZllPUjQ?oc=5","Asharq Al-Awsat","Arab","1780460985000"
"‘Stuck in quicksand’: How the Iran war has reportedly stalled Trump’s agenda","https://news.google.com/rss/articles/CBMitAFBVV95cUxQcjRtdHd1VThVRHNQcGhUOTJIcUdGRElQSmtUcEZKc3hiNVRod2tGV1l2Y2tKRWdCTVVlWllzVFczRWo3OFNpVWJtdnQxdk5FdEw5NjdzNzJqUTJHOTN3NF9Fbnh6NW5aUTFKZEtsVWxiRzNrN1lsQ1RJYVRVWHZmNW5vQWhTOVJ3NnpnODAwVWlMcFlWbHdFSkh4LWpYME9CTkNZY2lvRW91WTY0cnlOY2c0d28?oc=5","The Independent","UK","1780460820000"
"How much has Trump’s Iran war increased costs for your household?","https://news.google.com/rss/articles/CBMitwFBVV95cUxNcUZ0a1R1QkxYMVVjbkQtcEZKQ1E3Q2ZCM25mbkxuSzFtMVU4YXk2QnlRWG9UTk1ubFFOdHJJLWg4ZnczVlktSXl5UllmYkc4QTFhN3g4c0VfZlMxcGdGUjdnQ0huakwxMlQ3dWtkQi1KemJlQXhaYXhTRDVyemVqNVFxOGpuTmNvR2NfaUwzcU9JclR4bUp2N3VsMVBWcVRIYzAtcXNsZkdHaWpXN0NOWmw2ZGJEMUU?oc=5","The Independent","UK","1780460640000"
"UAE non-oil business growth picks up in May but war and Hormuz standoff weigh, PMI shows","https://news.google.com/rss/articles/CBMiygFBVV95cUxPcDFFaDBlQjhXbE11S3hsMVBaX1ZEeFpNVDRIUkh1Mm1sUkNqbml5c2Zab2ptVEs1bWdEd1hBNk5vY2t3Q1VidmhxNjIzNUtHWGExQXVFVHI5cHJxOE1VbUdnT0FlQTNoSG8zTU5jd0syM2d6emZyR1UzQzdMMWxvQW5RMjhTcjMwN19PRVRGNmpnVnVwU2QtZmQ1ZUtxYS1yaHpKTUFzbTVNd2dJOUlzODNHMWxmdnhxREdfbVpvZGFEN1pYeE9Vd01B?oc=5","Reuters","Global","1780460460000"
"British couple jailed for 10 years over ‘spying on Iran’ lose appeal, family confirms","https://news.google.com/rss/articles/CBMitgFBVV95cUxQRUUtNXFTaDA4V3EzdUpZUTlSSkI5NHJpYS1uLW5LZ2JCdkVEajNEdGluUXBtaDZranZtSHFSSkd6SERiM2hBYXVfaFZfaEQ4OGdObmZ0eHVsMzBPVnl1aDRQaGYtV0h2d2h2dlo3bi1Cb3c0YjJkYmdadDlic1pNbHhaQkdKM2tmNTFXeENTMlg5bmwtZDNfWEI1VVdPbXRHR19XZDItdExJeHBtbkZKOExtU2FrQQ?oc=5","The Independent","UK","1780460400000"
"Emerging Markets Lead Rate Hikes as Iran War Stokes Inflation","https://news.google.com/rss/articles/CBMisgFBVV95cUxQcERBZ1RsTC10cGs1WGwtY2pQWkl2bjZLSkxLVlhzRHYwZW5VTkxhc3BsOUp4dHBPbGk3UFNuSG9ZOGNJa0RZTEdNazkxVmVxaW9sOVZsMlpMQVptX255YjBYa2pxUnVRUzhjM29FZEFzbWdNeGthOFVySkNGUGphYUFpMGJkbkYyX05Md3NMUW1GcGRVV0Fab1dtbkJ5WTQzQVJneUhDa1VwWS1GanBCeVBn?oc=5","Bloomberg","Global","1780460100000"
"Fresh Iran strikes on Bahrain and Kuwait test failing talks","https://news.google.com/rss/articles/CBMiswFBVV95cUxNSE9DdDVKZDRmeWw5V3R4U1VadWFOYkNTTk1KTzlscnFXMEJsUUNxOURfel9VNW9Cc1dsWUVkUGVySjNlZGVrZVBnTTBvYTZnZld2VTlXek8wSUtDWW1LSWNFcmt2TjBoU01ldkZPR1BoTDdKaHZsY0VEeDM0bzJSNUQ3SnVLOW1fRkR1SHpTdnQtT1Y1aGRxZFhpam1Bbk9lMWRVN3Q0bXl3RjJMMW40djJ5MA?oc=5","The National","Arab","1780459598000"
"US, Iran Exchange Strikes, Supreme Court Allows Alabama to Use GOP Map, More","https://news.google.com/rss/articles/CBMirAFBVV95cUxQaFFpa1JmYnUzMS1iUGMzbjg2R0RnMldscGFqSHZFMGJZdnc3UkU0UkdhRDJfb2NkNXdDa0VFd1hKOG4yUDVEb0RBcFU2WENVS1BmNWQ4d1BWRWhXNl9IbDNXNktrQmxMQkN4R2FqYTc1eE0tdkRfQllsaDdUZTZKR1FsMjdsakpLMUNQRmZPVEVXcS1GYUxRUFgwZ09jQ3FGekRsblN3VmlPVFFw?oc=5","Bloomberg","Global","1780459452000"
"Hostilities flare again in Iran war amid uncertain peace talks","https://news.google.com/rss/articles/CBMivAFBVV95cUxQRGhra1lma2hWbDF2SGx2ZmFqS3BvNXNsZWVPNVVjaDlHQ25NNXJkdWl5VXY3cTVDTVZxRVZkTlN0UGRsZVVGRWlaLW5HRnVYcXZTbDBhek8yQ3dhV0h1aFNreU01Wk9LMDVNNllUMFVkc242QkhqMGZJcUwwSGd6dGktb3ZWNGpzR29mQWQ4UjRIVjU3THZ2c3N4eE1ENHljN3QtNHlNZHlfWTU4Y2ZNcndFWkRSLVVaZFdIMw?oc=5","CGTN","China","1780459432000"
"Iran peace deal would not derail case for ECB rate rise, says central banker","https://news.google.com/rss/articles/CBMicEFVX3lxTE5QSU1IRnBzM0VubF93Y0hhQjF3TElFSHFmSnd4b3FURUhYRHpHUTRHWTlCOWVwa0RhZE42V2JiTjFyTWswbFpPemI0YmNnSUdWYTBqNFdVRmxvczNMMUpuazJJZWtnVlFldktIVE03N0g?oc=5","Financial Times","Global","1780459256000"
"World Insights: Mixed signals in U.S.-Iran talks highlight broader divisions, but deal prospects remain","https://news.google.com/rss/articles/CBMifEFVX3lxTFBRNGFtM2I2X014dmRGSlprUXYyZFVBM1pNMFVtZWpJd1BOWTFKTFZSNXpYbVBEYkFHLTVvb3cxZWFMMW5FVE5OdmFCY2JIQkxTY0dUcFZiZVJuTDJfOVVEVk5nS25qYi1OTHEwcVJqajIwLUplMjNucmpoOTc?oc=5","Xinhua","China","1780459035000"
"War on Iran: Uneasy Truce: IRGC says it fired retaliatory missile at ship linked to US, Israel","https://news.google.com/rss/articles/CBMieEFVX3lxTE13cU5VbXA3bEYxTlZnSXpKVV9Lck5FLThMNm1IRjlKcTlkRHZQZlJrZG8xZ0QyTkRXQjROcWFwR2Z1TXA4a1k5djVCOEVHVXhXVnRNVjgzRWF6VEJxUGNxR1ZxODcyZE1CSGJQQnRDSERSYk4yaVI1cQ?oc=5","CGTN","China","1780458975000"
"Visa issues for Haiti, Iran and South Africa ahead of 2026 FIFA World Cup","https://news.google.com/rss/articles/CBMiwwFBVV95cUxQU2xXeDQwUWEzUGhncGd1NjVIVFc3ZXhFRUFPZEFPNmNHQVdfNVJteFB2dnJFbDk3Y0ZzWnFhYW9BZkNsWDFnZ2gxOWtGMGhic0NpSE9icElLSE9WNC1iSGZYc3lGOGUzc2UyZkxuS2cwR3I4NDRxTTQwbUtHZ2RVUGJucWdzOTJLcXlOeU9tQzVSM1N0aG41TkpINzhVT29tYWhyRzVXYXJ0Z2FHQWFncTVZR3Q1RFUtZTB2V1VEY0x3aE0?oc=5","CGTN","China","1780458833000"
"US fires Hellfire missile at tanker heading toward Iran","https://news.google.com/rss/articles/CBMiXEFVX3lxTE1sWUNiVkNfQVhya18yNHJCQnNuSWF3eUs2RzhINndQcnR3dHJPc0xqSy1Fc2QzRmFIdUlDRnpmUlBFUWZNRzh3SkFwaHBMdjg3aUVqVnY2dHRRRE02?oc=5","Reuters","Global","1780457664000"
"The Iran war is no reason to flee stocks or fear runaway inflation","https://news.google.com/rss/articles/CBMiwwFBVV95cUxNcG43d3RmSTJpMVZ3Z214aXZUTjk3ell3dUdnQ2tzZHdGMkhoWklXdlItVmpERmZNOTlCaHpxck0zQXl5NFNvXzhQNGNsYWZfbGdCREdLTkZVV1VrM2JNcl9qZUFESnVLazE1RjFjT25NaGIxa24yS3JDTUxKRmIzRTZVTVVhb1Y2OEY2dU44Sk5BMENyMUhCelRNZUljdlhzSlhYUXJabzNZVVh2ZzJ5NzdkeUMzSWdva2wzYWRsTXZSaGc?oc=5","The National","Arab","1780456834000"
"US, Iran Exchange Military Strikes to Put Fresh Strains on Ceasefire","https://news.google.com/rss/articles/CBMiugFBVV95cUxNZmtkYUQ1RkFYSG5FMmxDMzZyX3FnQVJSaFA4c1VsMmI0WEk1X3NsVm13RFVKNWJXOVBWY09qUjJWX1hyLXlUb21pYmp2cWhhVkd2aEVab0JHS2VmUGpGdVVBM1Nzd0xDaEtGQmVEZk13NGpDSjd5M3I2RjRnU3ZrMGJfY1hHWkstQ1M1aTZIaGN5OXA4SU5wblo3dlVodTlZc1cxTnkxR0pMWjlrbHQ1UjF3amphak9LTFE?oc=5","Bloomberg","Global","1780456560000"
"Copper Declines From Three-Week High as Traders Track Iran War","https://news.google.com/rss/articles/CBMiswFBVV95cUxQZzBuRVB2RlpiY3pLdzQtTC1Vb0t3TlFSQlNKczVyZ0UycDJtRjRvU3QzM3M0ZHphVmo1VmJsQnpUSDBQZU1qcC1idzVURExlMlotX2NPLTdET1ZmaTYzbkRzTDVFRGRJTVlveHBHa2dVUDdZc3BiN29IRjJVOVFNMFE2X1hMNC1ybUlqd01RV0J2WjNrazJXNHRiU3lsZzJBUjBaeEpoVUo4Q3oxX0xwT0kzUQ?oc=5","Bloomberg","Global","1780456320000"
"Iran war puts brakes on Yemen's peace process","https://news.google.com/rss/articles/CBMinwFBVV95cUxOYnBpWGFNVHZQcFFNQ29NdjVZRFJoTkdQSk1Bc1MxdUREcVpPY0x1dHY1b1NvZU1LMTNOSVlqdGJ1T2ZQaERDU0RGSGxYNWVGYTExVUhEd3d1Q19sQTZSNGRpWkhNMk5ubkI2aGR3anJGS2dnX1Qxa0l6V2RYS0ZXVVEtem1INkN2UjBDMVlLc1k4LURZLUdvY1FuZ0tOVUE?oc=5","The National","Arab","1780456275000"
"Rubio is optimistic on eventual Iran nuclear talks despite congressional skepticism","https://news.google.com/rss/articles/CBMiXkFVX3lxTE91aU5VZjVwWlEzRWtqaGlXQXhwTFRwQldnb3FyVzJocUp6bHBqREx2NWhIaG03MkJveHZFZWotTUdLUUV6dDB5ZHRaVGJ2VklDcHpwdzZCLXU1ZHJzanc?oc=5","Arab News","Arab","1780456030000"
"US blacklists Iran’s largest crypto exchange for helping Islamic Republic skirt sanctions","https://news.google.com/rss/articles/CBMiuwFBVV95cUxPSTdGS1o2WXMwS0IwbFVmcWNPWW1IbGM3SlZtRWcwV1M3V2pJY0xNSUZWWlhQSHd0RElWZUVJcGg5ZS1CdFl3Sk51YW5SbWJKR2lFWXhING11M2t3eDJabUdQcDZvWFRfRkUxLUZlMVdDbXVhd0wwMzlGSTUzV1ZJM0x5THotcHlkaXByVFA5MklRZUlDa2ZSdmZWN1FYaUJjdk9XOVpJcFRmSlBucHphak4wVmlvTG1qV0VF0gHAAUFVX3lxTFBNS1llbzRHcmlSMTBSTU1BOHBvY2VaSHJWQ3pNc0NGcmhTdXoyTHdabjJiVTBDOGdlMmVRTUU0UTEya3lqZGQ3d2RLZS1rWEVuRGFGa0ZNQmotaWVBUjVlM2E5Q09oVHk5dURuaHZQVFVuVVg1ekRMenZVSG1waFhLR0lRVGpOM2g4UnJtaG9UdWlqVHk2eFgyZXNVRDZaampxd3JzWnBTeEVLQ0hoX0xXV0pDcDRQOUsxZ296UEJ6Wg?oc=5","The Times of Israel","Israel","1780455924000"
"World Insights: Mixed signals in U.S.-Iran talks highlight broader divisions, but deal prospects remain","https://news.google.com/rss/articles/CBMifEFVX3lxTFBsR0xGbnhnY1ZuR0w3Q3k4akpWckE3cUdYLTk0NUd1UVhwMmxTbXNIaWkyRjdBdFlyb0gtWHc2cS1HR1I0STlveWliSGJ5WFhPM3Fhd1pxRzZSbzBHQk9YdW5uUGhWLU01cmpVWWJFUkI1ZTZkOTNyUEpsNzM?oc=5","Xinhua","China","1780455615000"
"Oil prices rise on Iran peace worries, stocks build on tech rally","https://news.google.com/rss/articles/CBMisAFBVV95cUxPTW5ucVVJcUVnMHAtQnA0Y3JCcFN3MEtkT3pyV1pRQzVYb1BlOWxKT3NtMEtIX25INHZma1l4UkItaF8zcnk4R1Aya0dVS3Y1ZVVLOFdleXJoTVRKSE5ya1dZX3ZneXU1UGdpRGJDbjN3MENwZmtXN2V2SmZrYU92VUNCbkV0QTJOa3dOaUdkS0tTQ3ZENGluZUNHMVItZnN1QlNDNEZaT3IyMGNSbE4tQw?oc=5","France 24","Europe","1780454951000"
"Japan cabinet approves $19bn extra budget in response to Iran war","https://news.google.com/rss/articles/CBMinwFBVV95cUxOV2RyYzVCZ1JzSXAyY2tRekZNN2VwY0ZkSGZTUmtwVTBBYzNjNloxRFV6XzZ5dGFRV3Jsd2taODh3R2pXRzByZkFsUWtISnZic0lpVHIzTGlwS3RJamx0OWpRZk9NcGl4SVV1ZDVRMUQ4TGhGb080OXB6Y20zdWJndnVMVUVkRXFybl82Sy13RFI3TFViQlAxT1hkUDRROGM?oc=5","Dawn","Pakistan","1780454706000"
"US military says it intercepted Iranian missile and drone attacks in Gulf","https://news.google.com/rss/articles/CBMivAFBVV95cUxPZ3dsQWZYa3BJbU81bVZxVS1ZRVlnSUN3X2M4T3ZTRWNEaEQ2d2ZzQjMtNVYzVTduOGZyUExJUjRxUW1fZW5uQ1pNUVVqRFV1TEZMdkRHSV9sLTA1aFgtbDNEazZBeGRWcENUazgyYkJfdHlSc0NzMkxqd1M2cHdxd282MjhVTFVkVkdzZ3gyMmdJelFZVVB0TUxoMWZkdl9wWTg1QkQyZnhJSU1WV3ZfdG51c0pTZW81NjZ4QQ?oc=5","France 24","Europe","1780454368000"
"US fires Hellfire missile at tanker heading toward Iran","https://news.google.com/rss/articles/CBMiZ0FVX3lxTFBEUmVEcEFkSTVaWjZGWGpTTEE1NHozc3lpazFqV1dCaUR0N3habEtjcU53VFR0QnRnSTN3MjNNSEFyOTlrWGVTTFZWRjZsdmtyLXRtWGNsTE4zeEItWHYyZDE4SUpXMkE?oc=5","Reuters","Global","1780454061000"
"Indian shares seen muted as Iran tensions lift oil prices, dampen risk mode","https://news.google.com/rss/articles/CBMiuwFBVV95cUxOZ3NXSTV1QkRlSEVDSlZ2eFB1NmZZWjcwN0lXMGJSWms1SDlIWWFrNjRJVDc2SHIzYjBpQVhvY3ZzMUZtbkRjMGNMNlRrVklPeEY1OERjNnRKRTZ0OUJBU1FuYkNQU08waHNoRUxRQnV6TUQ0WGZKV2FBdDhScWgya0prdVdfaktzZDBNa09ta2xKaGxRbldNTHZyM0JKcHJaNG1leG9YUS0tWURTOTd2NW05OHBpb183S0JV?oc=5","Reuters","Global","1780453980000"
"US Looks to Unblock Hormuz With Quiet Version of Project Freedom","https://news.google.com/rss/articles/CBMitgFBVV95cUxPYkg4M21PVGsxS0w5ellyb05WcnI5VkY1VWZzcEF1SmI0T2tCcV9TMVJZSkdEdU1mYlRFYlNNZmdwNTRfSG1OcVp1NkVsUi1VNG1UWUhtWnp2OUxvb2Q2a2Jyc0pYRVZQY2UtYUlIZ1BIS2NiSFloa0d3b2tNamMwR1FQU2JOcGVYckc3QjFiTXNlVDFpSmxtLVFqZGgwWWZENUFrMFJSQWFERFZMX0xocnl0VWxFUQ?oc=5","Bloomberg","Global","1780453200000"
"How Lebanon became a bargaining chip in US-Iran negotiations","https://news.google.com/rss/articles/CBMitAFBVV95cUxQYmtCNXRiYW9JWDdYaFl2UlJ2U1JvMGRtdE1MNFNoU2NsdDdJOXVtemlldGJYb19hNE9OeGhRUEhUQkxTWk15WkRqcG5yQUljb3dpMkxhaXdMU1ozeGtNQXBUakF0dmpNSzYxS185MTNXQkNCNEhqQldBTUZpcUJDUUJtZGY0Z1VydHdJcVJxVGlLQ1IyOUZoRU5ZR09nYzlQTXJWQTF3UXFEVUZMeERGOVNULVE?oc=5","The National","Arab","1780452570000"
"Iran’s World Cup squad to head for Mexico via Spain","https://news.google.com/rss/articles/CBMijAFBVV95cUxPcUpYdklLNElYbl9GWW1tT18zOUNZUkpfeVMwaVdzV3ZyeVNvODJtQTdXazNvSXRtTWN5YlhtS1BSYTdqU05KZWoxb2xxazNYdVQ3U0FRLTZYSnBOZU1WZzJ4Q2RMMEdVTnc5OER3Z09xSEl5X0hzSkVSdEUyM3RvbWkyZE5vTEpJMHE0RA?oc=5","Dawn","Pakistan","1780452212000"
"US military says it has 'defeated' Iran missile, drone attacks in Gulf","https://news.google.com/rss/articles/CBMiowFBVV95cUxNdnpfY2tFcHJfSC1BekF1NnhhY1N3S1BlSjh2UkxFSUNSUGxodTlyeHUxdHlwS29TU2pZdnotMTJJM0U1THQwMFVGYzcyZWNVSy0ycGRQSThjUW5haF9zOVpHQ2tLazBCcmZrT0JDRGtmWk05WndwZDc1OHE0c1pZTzQ2alZYY0llNG9UUjViaUdRYkNJa3JNcDhhM0Zub3d2Vk1z?oc=5","Dawn","Pakistan","1780452200000"
"Iran adopts stern stance as mistrust clouds talks","https://news.google.com/rss/articles/CBMiiwFBVV95cUxOSlcwQmxuZGNWc3ZtdjZ3M0IybEVrNlpsWkNITndVbThVYWFPdmFOQy1tdTczekphUEwtTTVyTzJFUWl4dnY1MUtWTThRalN5RkZCaWlBQ0RGb2VUdHBOREtCMWpDS1Z5MzFTeVBNcDF1VVIwY1p5SnBxcTNHSFJ4eEhWdzZTRWNxeVlB0gFOQVVfeXFMUGdSN2JxYXN2N1QyYlRJYnJDOGpJRnpqOWQyaGpUZ1Q4aFlySTJHUHJwaVB4TE9oTEt4YU1adHdRS2p6aWZMckx4SXItSGV3?oc=5","Dawn","Pakistan","1780451997000"
"U.S. forces strike Iran's Qeshm Island after ""attempted"" Iranian attacks: CENTCOM","https://news.google.com/rss/articles/CBMifEFVX3lxTE1lUEhkQTFsV1dlTXZBbHNOVW1tTmxvMGVnektBUTY0WURfYUVYS0huTndUZVF2ekVNOGtBMWVKN0t3SnZmdXlUMGNrMzByODBySTJrTEZOZzdYd2tGRlFsUGV4TGFxdkFhX1dONWJmRm9PME9kdGZQa0ticVY?oc=5","Xinhua","China","1780451400000"
"Fresh Iran strikes on Bahrain and Kuwait test failing talks","https://news.google.com/rss/articles/CBMiswFBVV95cUxNNms4T1VueC1ZbXEtZVhoTkMyOHBTRm5WOThoRFZHZ3dRVnhsQTNwNXVRVnVhb0Z0ZUV3YzYzdnZFZURPellxdHhlSW1kc1RhSVB4d3BJbHlxbENSTURJb3RGYXFmdDJsODd5cWV5aFpKS1lqRWQtTzZrVFZwT3JvemRkQWhfdjlPWUQ5YXBleUtqcGtkaE1xdGNZNUxYRWlrcDFfOXpvekM1dDgzWm1mbF9rQQ?oc=5","The National","Arab","1780451359000"
"CENTCOM says it downed multiple drones during fresh Iranian attack on US troops in Kuwait","https://news.google.com/rss/articles/CBMi0AFBVV95cUxNVktGLU0ybXBkU2RHSThkT19BSEtNcjFVaWZyVnZESHhNdGVldDVwc29oTE9oQWltRi1DdkdwT3NSeWxJU1h6TlBOeHhjZ3VvLUpZM0pHdzBkc1NDWm8tQjREaG5QM0Z6ZDFrRXk0alBMaWk3U3hXTHJ0Zl9LRTNPZ1BfVERZQkI4Y3pDeXgyVEppSEFHQ1NodEhBcjF0NGgwMkR3YkZhb1lHQU15WTVOOXIyU0JnRWU4d2t3RDdkbUpfWWZTSHVZVHc3SDRzNFE1?oc=5","The Times of Israel","Israel","1780451122000"
"Trump news at a glance: US and Iran exchange fresh strikes","https://news.google.com/rss/articles/CBMihgFBVV95cUxOcTlmWFMwR0l4TXdRVDVnTTVPc01KTklnX3RCWjEwUE9reHE5WmRXSzRhRWQzbUxiRG1wV3dQRDZ2clQ1WWg5d3pHTS1FS0daRk9rTERzY3BqakZadmd0emk1TzBKcThKY3hMV2lPaW1iaEt5RGNRUDVKUkFfWTlKUzV5S0JWdw?oc=5","The Guardian","UK","1780450860000"
"Iran war: US and Iran trade fire amid stalled talks","https://news.google.com/rss/articles/CBMijwFBVV95cUxQV2dreDQ3bGczc2REVDJaMXlxczZ1WlVmTVBFVDcyN3hGMWtzcS1ha2ItSWdrRmRwSVdHSU1ORjBCcDViTXR5LXl1bFBPZy01dHhvU1JSU2FlMWxiQ0ktcWpGQm1icFNmSmRfSVg4TjlJUHJZeGJiTHZ5X1Zxb0oxLXBoeHFrc2Z0R2dHSnlCRQ?oc=5","DW","Europe","1780450664000"
"US says it attacked Iran’s Qeshm Island; Tehran targets Kuwait, Bahrain","https://news.google.com/rss/articles/CBMiugFBVV95cUxQMV9fRUpIU1VqNDJQbXNZUGk1bF94Z2RVQ2Q3dVZaWjN6eWZVUFVwMDk0S2F3SF9mWTloelpWTGx3djB5RnhNdDRwRnRJVjBfZ3JEREoycGpDdkFBZzMtWURYRTg0eDdHQV8yY21sX0R0eTliV1FmWmJQTU9PVXhlLXJHT2JrRjBVQTJEUjdqVDU5akRIenBSMXR4bWE2ZVJZa3RiTjZaYmM4RVdWR0Y1SEcxLU5TVzJtdFHSAb8BQVVfeXFMTWxxMmhNdVg5ZjgzUGhRaEhIZW92cC12ekNNekFWc3JsZkhOTVFXZTNyNUMxc0lBMlZUUnZUUWR2WmZ4U0ZWRi0yNUJpQ0I2c2JYZ0JtTU1kelFGWmlfeDdwSEEyYm1XS1FrN25SVTNfMkFqQWlNOFhrSV8wNkdNb3JvNFVZR1JWdVIyTWZuQk5Eb1lPNXJjNmprbjBwVGw2Mzk2ZDY2THNrVXZsSE9uM09IV2QyZl82VDVnNmE5OWM?oc=5","Al Jazeera","Arab","1780450273000"
"IRGC targets enemy vessel, US Fifth Fleet HQ, American airbase after violations near Strait of Hormuz","https://news.google.com/rss/articles/CBMioAFBVV95cUxQSkF0TnVfSE5iYWxDY3BxTG5aSjVUX3l2MDZPZ3R5UGR2VE42eE43OWdhWm9YMGRkUjNhaWJuem5XV2c1TnZkb3U5X1dDM0p3NUcwTGNXWk5wVHVKWXhmZVo0YnlrSDJUN3h5NjA4S2ljU2NON3ZyZ2FJb1BqN2xXOG82eWRkZm01bGhrU2VXcEdyWjNhZFBIT3R5WThiaVdf?oc=5","Press TV","Iran","1780449660000"
"US says thwarts Iranian missile and drone attacks after strikes on target in Strait of Hormuz","https://news.google.com/rss/articles/CBMi-wFBVV95cUxQOWVEWGtHaUVVMWJPdlFyN0tZNkN6eEdnTW4zTDlyc0JBQnVNbFEyalJUSVUzck4tMC1URV9Xa3RTbXNvaU50LWtQaHNhNkV2Z2dUbVNhMERKQzdXWElkVzVfZVJVc3p0anRBN3M2QXlxWFJsUVpCMG1Bc3hrTm1RODg1ejMtWk9nMFRhWkV3N21zZXI2SHpONnB1eVFiandKelpUdWc4WFBkTE5XNEZwVHlDVkVvajB0cVctWXRocEs2VnBCX0I0azdHcVg3LVlvbkFMV1gxbWwyRUdMZ2lRVjg3Qy1QTWhtMUF2cTBGaU9wV1NQd1k5cGNYTQ?oc=5","Le Monde","Europe","1780448928000"
"Urgent: U.S. military says Iranian attacks on American forces in Bahrain failed","https://news.google.com/rss/articles/CBMijgFBVV95cUxNa0J2Q2lNeW5aWWJydHV1YXRtdDkzUHozU3pLOGx0Smc0aTludTRvUzVSbGJPRHhoQVZQemEyWDhyNEJyMFoyWjA0WER6TW5la2hxT0xRWnRtSjhjZEhWUE5UY09FVlZpeXV3elNBTTM0VER2ckRRdXBaTHgzcnYydU5XeXFGUHRmclN0d0JB?oc=5","Xinhua","China","1780447770000"
"US and Iran exchange renewed fire as tensions rise over stalled peace talks","https://news.google.com/rss/articles/CBMicEFVX3lxTE9WV1RQTmJIN1ZhTlRoRUdRVll2dkk2ODZXT2E2OGRIbXhlTS1faHE5ZTlTNnJvbkZLSjlPaWJQYlIzazgwOUI2bmZYelIwLUQ4LXMxS1JRcGJJUnJnTkJYeFNxWDlQUnVfREpPSmNYZ0c?oc=5","Financial Times","Global","1780447520000"
"Iran's late supreme leader to be buried in Mashhad","https://news.google.com/rss/articles/CBMiqwFBVV95cUxONnppWHE3OFg1S2tNdEVWelFXS2JxTEhEcDk5NGlVakoxclp4SGcwdzlXSTdtTmhUcVRuVmpIN0h2cXI5T19wTnRsTy1JTktscGo2TjNGQVZ0UV81TFdFR1o3cFh3dHpPdjkwWHoydWpEX2plNUFiSFBhODU3QlpjeG44M1FWNXloUHhJR1VqRnBrRjM4cERJZTVpODNFU2lQaHRKVHB1bkhBMFE?oc=5","CGTN","China","1780447434000"
"US carries out 'self-defense' strikes against Iranian drones and missiles, as Tehran targets Kuwait, Bahrain","https://news.google.com/rss/articles/CBMi3wFBVV95cUxNN1R5ZENCN3dQeUp0XzlfdWRtU3kzblJLd1VQUDNMQ2pudG9Va2xlWi02dWlicW4tTnQ1NTNPamt4bkxnY3FqMkhkY01rcXgtNXFEN3I3Z05OYXJlcDBqbmpqTWhraHdacTE1cWRSUzl5bXc3c01vc3pYbjVKZ0pnYTExVHpsdmN3SDVDamlNRFl4Y1RuVk56dElUX21taEpQZVk0RFBOdlNqNWJ5MUx5elB1UHVCXzVHbVNXVnIwSTBjNVI3eVliSlJ0cW5vWmxaTml6cGFkR0o0cG9QeXlN?oc=5","New York Post","US","1780447380000"
"What the Iran war is costing US households","https://news.google.com/rss/articles/CBMipAFBVV95cUxORmx5bmlPSWxlLUlnUzRYSktMenhCTFBDOG9ycE9WT0Z2WXE3a01pQjdJU1RCc25XeGZwTzNkOVpLMVRiaXFTQWgwM002YjVlR2x5Um1sVXd5WTZBcXQ3Y1Z4YnpkSkplS3JlWm1FWmdmRzVmdjlpRHFVZFZCRzc4SUsxZXFlV1FqNUlDZGFUV0hZb2VEa09Ra3EwcFV0TlNFbDRmVA?oc=5","The Independent","UK","1780446600000"
"Iran's Revolutionary Guards claim attacks on Bahrain and Kuwait, say they targeted US forces","https://news.google.com/rss/articles/CBMi0gFBVV95cUxNbTJ0ZmJIQ0VaY09BWEkzdk43bGMycFQyckxxNGZ5X0M4RFZHRDZlRG5VNVozb29tMndQYTI0d2NuNnFBQVdrSTJnU1lnNVp6WUtRcU9iamRmbG9zVTBEbXJkXzV4ZkxMUzVDZ1pZSmNCMFIwV2RHN3lJWjFaa3ZhQWdSY01VblRqdEt0a3UzdE9VTFpvLUpDNW9uTHk5X2k4czNJd0VwRm12VTNWSGxwT0IxMFVOSFRHcTZkbzl4aW5CNEdJbVFmQjlwcVJOLWVmMFE?oc=5","The Times of Israel","Israel","1780446322000"
"Iran's IRGC attacks US Fifth Fleet headquarters, airbase, local media reports","https://news.google.com/rss/articles/CBMixwFBVV95cUxPVUg2VkpmQmZKcDFqQlp0LW11a0FuTVQxTW9pR3AzM1pnMThoWGNMTE03QUlwSmw4QnlrTFphcVJueXpSMGJUZ0hjaEdHM2lESHNrQUhmczNxN3BhZlNsRlFnZHJpdlZidWljRVZ0UGJIZy13ZW1oYV8zVW1sTEVLU1ZPWl81Ynd6Y0tzRkRKU2tRcHFObUNqWFF3dEVhMENrVVZQWmstYVVQVHQtQ1ptZ1NTVmdwdTFlc0lrLTVHMkZZSGJTR2pF?oc=5","Reuters","Global","1780445460000"
"Rubio: Trump Knew Iran War Risks, Ballroom Funds Stripped, More","https://news.google.com/rss/articles/CBMirAFBVV95cUxQLXI3ajlGWkJCRGtDMXNqMWlQc2JDTFZVN2wxdHFQNlU0UU5POXhPRE1JTk16Zm5SdGg0WWlIN185UFhNTXlhZGVxT25iOHdTU3BIMmxGVzJQTDdIRlNLTklBR0pqOF9JT1cxRXBSaWtEZnotZEFKekN6WkpYYy1Id3JNQ0NZZDNnbUYtNFdlaXdxSkdCZU5kSVRlY0JPWUM2bXV0ejBnS2tsaEVr?oc=5","Bloomberg","Global","1780507801000"
"Kuwait summons Iranian envoy, expels two diplomats amid Iranian attacks","https://news.google.com/rss/articles/CBMifEFVX3lxTFBnc0Y4UnozbUctWUpvSG5yemdyZEZteE5CYjRNVjZnWUQ3dG9mTkQ1MDNWallWYnhSQlU3UlVqNmFudDZ2bzRqUDdGSHRGS2ZIZ1RvYktsRmlfZDVjdm5zNXBQVExQdDdsQ1hOQlB5UFNYZFNDNW5pUmFMODg?oc=5","Xinhua","China","1780507635000"
"Mexico issues visas for Iran's national football team ahead of 2026 World Cup","https://news.google.com/rss/articles/CBMirgFBVV95cUxNY2lwajJlbHBZektiN2UtQTZobFlueWVydjAwdkJiM1pCSUdkVXVGQlc4cEtiOTVuZ0FoTjdoN3ZxZEx0V3ZPaUhGd3FNckdsdkNXX0k3QllaMURVVXBRd0ZUaG9fbEhJZV9PajBKUFVaTWt2YnhiTFRla2NweUd6U0ZZckxfZHhRWW0zbnBFbWwwRThhMUNPSU1kcWpLVlRoSDR4N3RsVFlhQW5UZEE?oc=5","Press TV","Iran","1780507080000"
"Russia voices concern over latest U.S.-Iran exchange of strikes, urges restraint","https://news.google.com/rss/articles/CBMifEFVX3lxTE0wSzlJN1BzenJQS1BnM0lSN0ZaOWJGLWN6UUx1ZkJVUG11WV9VVkpLRXBPSERmSWZYNFRyZkZkMFU4akQ2X0ZXSl91UHlXTVM3dGpVVUlUQkVxNXUycldMb1N5R1ltU2NiVU9nX3dWTU9sWWtmbF96Qm1TR2M?oc=5","Xinhua","China","1780507035000"
"Iran Attacks on Gulf States Surpass 7,000","https://news.google.com/rss/articles/CBMigwFBVV95cUxQaXBMNkJKbVZzRVFjWW44OTl6VktUWVU5OWV1cXBlSzZ5ckNITWVYd3gtNnVweEcyRVcxcmtsVFlxNWVVZUt4TW5lc0ZGZFYxWFQxSTZDTXRXbk9MU2VyZE1NU29Ga2huTHVlU0VvVExNUjl0R01oRnE4NFAwYWtxRmpaUQ?oc=5","Asharq Al-Awsat","Arab","1780506980000"
"Flash: Iran-U.S. talks still ongoing, no final decision has been made -- Iranian source","https://news.google.com/rss/articles/CBMifEFVX3lxTFBVbUFPMjBXUVMxdE52QnNmdTN3LVZPWmFZV3dBUno2Wm9tb3NnLWhEODR0OHNCWDZWUmY4MkVnQWRXRUJ5dlg1eEhxeVA5Mjhod01oYlpmNFpiMVRLamJkQi1mRjRva19kLXBfZldQQkJ5LXpHYU1nWlpiX1k?oc=5","Xinhua","China","1780506915000"
"WATCH: Kuwaiti Deputy PM visits airport following Iranian 'aggression'","https://news.google.com/rss/articles/CBMiowFBVV95cUxQSlFDVHE4REVSNks4Y1FGRXJuOHF4MmlaUS1HM2FCZThMVkNKd05mNzFCdU05UTdlTlFrNFRCWXAyZFNRUkxxc2xfZGF5TWZEazVwZnFBUWhRQmR5dFhjUUpaYkpFZEMzVm8yNWFwcWNoU2VzTUxPcm5NVldDdFJVMEpmcmNXekFNTlJrR0Q0cjdpMlFnT3cyQVZwdEh6M3hudVZz?oc=5","Dawn","Pakistan","1780506269000"
"Iranian FM: Any hostile act will be met with an immediate, decisive response","https://news.google.com/rss/articles/CBMivAFBVV95cUxPd2NBUVZxSjJoUzBnOHNpaEhVbVk2WXF4Y3hyV2VrcXZaVnl0bHBHbzFJUGJZTDlKMHZHMENaSm0zSXdLQVRCd0FRUzVyaVRDTHY0SmdsUHdldmFxbjczUkd5TmRDVEJtZ01lY3hOZ3pWMVVlWTNocGQzak9FejhvZm4teGphMXhrRHhrdUdadGtBLVY4X0Z0cnVuRG9BUm0yeEtWVzB4QUJ5MU11TFVFRHNfWHhQTlhWZGxYcw?oc=5","The Times of Israel","Israel","1780506040000"
"Teenage assassin sent to Britain by Iranian proxy","https://news.google.com/rss/articles/CBMimgFBVV95cUxOd1pMZ2t2S1FpVWZGYzV1MGJzS19NTjFfTXktSlo5MEV5X3FleTNDQjBEcjVXRWxma1BYQy1YeG51d0ltQm52RXBKdWdJdjF5a2V2dGJ6Y0FsWXRsMTdScnVfOUJ1dEhnNXZ5cV9XZkZKaW1uMnZxTkF2dDZZd1ZNV1k1VnAtSmtSOC1KeF9OMWpOVTlrcDd0ZzB3?oc=5","The Telegraph","UK","1780507080000"
"Norwegian teen recruited by Iran-backed Swedish gang to carry out ‘hit’ in UK, court told","https://news.google.com/rss/articles/CBMimwFBVV95cUxPV0ZDaHlDdmZ6Q3F3LWlBUVU3YU1fcFVqTjFZM0tJMl82eWJuUDFfRG9mWXdSNHVfdTVLX2U5cDVuczBKMHFnVC1oSUl2OTVPVmN0MlFna3VPd3VKS3RtU21CSGRoOHhaRFBQZG5NcU40TmJWUk1UWkNCR1ZtRlc0a3E4NkhKUHR5SmgxRjg0WmZ6Tlo4dm9wcWdWYw?oc=5","The Independent","UK","1780504800000"
"Attacks on Kuwait and Bahrain Add Further Strain to U.S.-Iran Cease-Fire","https://news.google.com/rss/articles/CBMimgFBVV95cUxOZjRKZ3J4M2YxXzBoQXBYMkx2cFBDSTFnbWlVWjQ5TXZ3MFZtdm5lMDVMVnZ3b09aNmV4LVR1cHRsSS1BSHZUWHVoQXliM3lITWtZaF9mZzdwZFpTXzNaN1NpcGd3QXVMbXhCT2VoT2VHZVRLRFBoVU5NUVVlZGFaN1daSWVpYUJEU1BMMkJfN1pqc0tYRWkwVnVn?oc=5","The New York Times","US","1780504616000"
"Yvette Cooper defends UK and France’s Strait of Hormuz plan for after Iran war","https://news.google.com/rss/articles/CBMirgFBVV95cUxQRlJmVG1qbjdSak8wQUdLX0tYWlB4Y1V6VkQ3dEgxbFdVZTJOckpUbklWNTNTTktXemZuMlFDN2RLYUh3b01qbW00UDNpdW1IQ0hYSE9xRk0tdTR3czRJSTA1RFVIMEdydlhUS2RLTVFTNGlVa0tMdG1DTndqWUpPa1p6SmRXTXNQeWNBbHdhZEo2eUs2R2JFTUVNTWFZU3RLak1YUDRyMG9WXzYxWXc?oc=5","The Independent","UK","1780504320000"
"Iranian strikes on US bases in Persian Gulf ‘legitimate self‑defense’: Araghchi","https://news.google.com/rss/articles/CBMi6AFBVV95cUxPQ1Y0ZXh6OFU3UnFSVi1BN3F6N3ZQX2NOWDR4UXVtUjJwTGt6WV91YW1pVjV0dU5EaUo5MmxxLVhZZGVUN2t6ME5fNUNmNGY0ZVNNWnhyVGVMelBrczNhT1VPdDgxdTZudW03anVvRWxza19CWGtPMWsyZjBYU0hXYTdOTzdlMVJLTkN6Qm85cGZDU1hoSnVfVzFfVkoxV0d4TVR2bElTX2NOVzE2TE5EVHNfTllXZDl3dTQ4RUZURWxtZEFPaVFmMnJQZlM2RWtrS093aExfeDNFUjM4WWFuTXI1amRGNENn?oc=5","Press TV","Iran","1780508580000"
"Iran attacks Kuwait, US strikes near Hormuz as diplomacy stalls","https://news.google.com/rss/articles/CBMivAFBVV95cUxOb2dMcTBzWE5GcHBYcHMtaGotQWg2OFlHV1d5SlM1VTRqb0xJY1NlNVlLWmRYRVVqRXJaY2FRYmNUWnl5blA4TFNyLTlGMVcwa0RsUk8xZXp3LUo5NWh3Q0dWN1JiT04zUFJUS2pYZjFQekJnd3FvZ1diNU43Um8zSkpVQXlZSktBYnpmb0ZkODVEb25hdXZINHdiOHhjYVB3cGFQbjZReXk4c1hnRTZfR1pmRGxXakFfQlJUa9IBwgFBVV95cUxOODBGOHJ5bERGemJXZFcwS01Sa0NoVkEzc2xWN1RDdmVBQ1ZObzVEMFRZRDFCakMzWWlrSTYyVHV4S0pLS0lROW9ZSXFPVTVnMkZOZ2NnelBPSXRscmRocVBDYnlTYl85LUJFbWdwalhmRDBEX1JvZW9KVEhkNTNDVFJ2bVFxQkE0VU0yVjJIRmpGOUM4SHgzVERGTl9ESUY3NFdZU0lJTUZBZl9iWGdzQmtZcnZsY1A4dnRlTmdRTUdWZw?oc=5","Al Arabiya","Arab","1780508100000"
"Urgent: Iran-U.S. talks still ongoing, no final decision has been made -- Iranian source","https://news.google.com/rss/articles/CBMifEFVX3lxTE95azdzSG84bVczTUo1ZmVXa293SDVMdHd1R0UzSHV3S3lhT2U2TlYteE9FM0h0Wks3NEN2TjdfejJhWlJ5bmNTYkZ1emswdjBwRjdjZmRQTmRTVTlWUlVuYUdBbnoxWjNFT2xiejQyTTAycDR4OS1WSF9uU1A?oc=5","Xinhua","China","1780508025000"
"WATCH: Kuwaiti Deputy PM visits airport following Iranian 'aggression'","https://news.google.com/rss/articles/CBMiTkFVX3lxTE92U29RUFNxa21QaHRyNVBIR0ZidDhCSkYwNkdaWVpQSkM5VmhrSldCLVl0QWwyWGh4bnBURzZzbEJWM2M4TnRjS25wb0JCZw?oc=5","Dawn","Pakistan","1780506269000"
"Officials lay out ICE's role at Los Angeles World Cup plans, announce boosted security for Iran games","https://news.google.com/rss/articles/CBMiuwFBVV95cUxNQzJQWl9wbFpQSDFOajA3M05wWE43YlBrLUlGSGYxV3VKVWR4SGl6N0JicVA4SUhNdDk2bHJrWlVLb2FhdnpnNWlXRWo3cEUzZUZUZW95eUczY0UxVEhwNVlxNWYySkx4VzFaSnVSNmdKRWpZaks3SURGN011VVdweUpvVjE4VGdJZllJSnVxb2VvZWJaUmhVVkU5SXV6RFlOeTV2R0t4bFI4RjBEeGFQQ0x2bnRQUlI4S0JB0gHAAUFVX3lxTFBkS0pETTU4dlNTaHJIV0ZPRUtabmpsdFVUZFNzQmxjM201MmszbGRsM1JiUXhuc1VTNWRHMlFGMkRKcnhmNkY0Q3BLYnZVVm1ROUIweXlDdVRtYXZ0TnBNTWhsODhvYVZYMGUza0VBSjBmSWJBLVJId3BGaVFPMmJtdlNTTFNJYzJTR0FBYnR3Z242YnN6Q3RvTlduc3J0VmcyUkp6VEt3eHJySlZDdHpOd3ExMGRHWkVORHlPVExNNQ?oc=5","Fox News","US","1780509238000"
"Secretary Bessent touts economic growth despite Iran war","https://news.google.com/rss/articles/CBMiVkFVX3lxTFBwR1dTVFdnNDZXQVlleVEwaFVNUVUwTUU1Q2ZOb1B3bGtwQVBYOVdhRlJDUS1HMFhQOFBub3ZaSmE1REgtZzdOZXQtZVFJazhzekl2cmpR?oc=5","Fox News","US","1780509172000"
"House set for vote to curb Trump’s Iran war powers","https://news.google.com/rss/articles/CBMilwFBVV95cUxQX1FSUmFXTFIxRFc5aFpuZS1JOU1IV3RYME5HeGRVUG84UjkwV2xDaHVZZWNUTVU5OHY5UlJieURZLVBwdktwNXM1blBKUVVSRUdoTHJ4ZUxhUTRwa2hseWVrNWtQZjMxME5mdDFXV3JmaEF6MG56ZWY1Q1dSY0tuOTJoekd2YVVDZDBrVEtrS3J3UndldGIw?oc=5","The Independent","UK","1780508340000"
"Cessation of war in Lebanon central to any agreement with US: Senior Iranian MP","https://news.google.com/rss/articles/CBMirAFBVV95cUxOTm1ZZ1NJaUptazA5VEpTeEplcnJmc1l6NmY2ZUxDME9tOHgzTXZnRm16NVFKdDFVcXhDcFBVUkZXeC01NzBLNkJMakp0WVRFWWhlZUVYa1JGUlNaR0R4ODJpbklvbW9lRWNvWHNIc0xwQUdIT0VqZzVmbUZ4QkZIU2VsbjVTV05ob0ZqZ3lOeUNmZ3FIMEtYeU1mMzFUN0lVVGxpRk5vSEp4Zkg4?oc=5","Press TV","Iran","1780511100000"
"Rubio declares US operation against Iran over, claims Washington achieved military objectives","https://news.google.com/rss/articles/CBMixAFBVV95cUxQaTh6ck1rOFFYMHdFcXl1V2t2U21SV2w5VFFUR3ZkQnJWQ1MtcjVfTTlUcm01RmVtcmN1Xy1keDlNVndMUGdlcW9SZDdmalc4NXVldEw1SkJkSnJFVElmU1Z1Q3RObU1YMHA2NEdKVHFaOElvTVozcTh1VFpJYlNEQVNaOC1pMExaWHZtTWFNeWRWaDNJWkliUzhEck5uRVlZY2RhQ2h4TGlIYnhpQmJibWVhSm9mZ2V1bmdSZS16dGhnb3BQ0gFOQVVfeXFMTkFXUGthTW9BTktuOGdNbHJaMmdHWk8tbnNXdWpVU2tHY1ZnOEJhU1ZuV09vVlgwaXAtSDNPN29Jczgtai04NklhOTc4QU5n?oc=5","Dawn","Pakistan","1780511068000"
"UN chief alarmed by exchange of fire between U.S., Iran: spokesperson","https://news.google.com/rss/articles/CBMifEFVX3lxTE4tQUlhblhmcUswT21KTFNtTEtqZ0pMZExpenMxQlY2U0gtYWxLOGdYMlNtdklrcmh3TlR3a24xcWFtX00xdEFMOHFXMVlNeEFRSXpfTlM5Z3BXUWlyX1pTTUhRVlhYeHNMdkVUY1RUelBPU2Zid0FNOE9Hc1g?oc=5","Xinhua","China","1780510502000"
"Sheikh Abdullah condemns Iranian 'terrorist attacks' on Kuwait in call with country's foreign minister","https://news.google.com/rss/articles/CBMi5wFBVV95cUxNcTJXRWpEX0VBc3hmTHNUanNQb3Z2ZW9Vb29BVm94OGoxR1p6a25ISlY3eUFWSlhHNDlRYk5HdVFCVTZtX1dYa3FCdzg3RGpGblViYUJHR0JGOFAyWHZpTEI4al9sTTViRWI1eUduRGsxRmJTbF9UTlA1NVZQeHJVT2pNWkN4NFpSeGdzdjNod3pfcEl2SThQVjlpWnJxbXpIUko2T2NCWWJ3LUdWZVVGd29xUUJaWWc3STI4UmE2S1pHVE5KYWxoMTZPdi1pNlRFVmVDbk9zeG1URnZkQmd0cGppWngxSHM?oc=5","The National","Arab","1780510036000"
"Behind the Scenes: Who Is Really Controlling Iran?","https://news.google.com/rss/articles/CBMiiAFBVV95cUxNUHR6VmtENHI5U3BDdnI3LUdicmZNVXROd0ZwOWFoaVZtQ1lhTm94MWJkS09lay1hQ0E3T2ZMT3ZrVmE0dll0X3RWckt2LWdWcThabEtMTndkSEJTQ2daV0pMQnFrZGZoX0pWblBmOUN2Ty1VSlVxcElDR1VQSXp4aFJzZUVCdkpn?oc=5","The Times of Israel","Israel","1780509900000"
"While Iran bleeds the region, China watches – The American President Shanda","https://news.google.com/rss/articles/CBMiqAFBVV95cUxNbW9fWHJQcFNOQU1uUXY4SW1DR2JqX051QUFUTmU4dFZQSkFYN2NxUXNDajdRSjBPVW5HX0ZEaGd2aHNNd0xlOU9fTTl5dy1vZVBkNnNSUDZFUE9YOENLZFpCQUNmSnBSc1lCTUlEb2JiclpHNy01dGNEMzRQMUVLTzNGOERQQl9kd2dJREx5Rk0zcFJXZkltS3dtM2s1ckc1Zllvek11dGU?oc=5","The Times of Israel","Israel","1780509300000"
"Enriched uranium key issue in Iran talks, no deal yet: Rubio","https://news.google.com/rss/articles/CBMitwFBVV95cUxNcjNSOWJldTktc3F5SXZHSU9tM05qeFVuSEx0Q2dYMHA0ZTJqWU92N0dOUlFhUGc3eWpXMW5lV21lTGxyQUZXREFqWG9HQ3dSQjMtNElMUXhxR3cwbEt2dlVOVVVWVXlfRDZIcWZjbm02bWtFWWJDanNVNkRQbVN6MG9Qek9YNHYySENoUC1WOUJKYVhRMjV3bGEwcjJiUWRhS0h2VkJodXh5X1dPQ3NCMDZJWjBQQmvSAbwBQVVfeXFMTXFYWndnZ1Q3UGR2QXEwRUR4VXpHSW9DN0xVWXlBUTZKT1diT2RIdVRlamEtU1V6cEt5S053bEtZYlBYVFN3a29vcFZpSE9iVk9qSGZUekdxdlRtRDVWQWdOY2Q2aUY4SlRJeXBiU0NiekFSalV0bFlFZml0WlJCN0drbTdXMmE4UGtvaVhKckZjRVVTZ0hYdld0ZzhFYktGRGh1U0Fwa0JUVHRwNURMZVdzLXcyeEpCVll6YlQ?oc=5","Al Arabiya","Arab","1780508040000"
"Opinion | What the U.S. Has Accomplished in Iran","https://news.google.com/rss/articles/CBMif0FVX3lxTE5oN0hhaE51TVpKVFMxRUxmX2pqSUVaSlpMNGVOY2xOS3Q3Mi02eHBpYlV4dVRHZzNLUWltaGRycVJYSC1GMF9Ka1RkaGZDZTF5Mmc5eGNpak5jcjdhakFuWklMQ3B4OE5IdXU3Tm1UZTZKcm9PZ0JFZ1h0bHNhQzQ?oc=5","The Wall Street Journal","US","1780511220000"
"Rubio highlights ‘massive destruction’ in Iran: ‘Other than that, they’re doing well’","https://news.google.com/rss/articles/CBMiuAFBVV95cUxOSHBycXJZOHdhbC14d1hERUU4UXZEbGxiRHJMaEJRT3JwQkRUdTd1NWYzT3RpSkpGS2h2TTlKUU00REsxOG95YVlnT2VkcS1aZHczVUZSaDBzeTB5T2VmREJzLWhqa1VtOHAwM0l4ZHBLNjNIcW5qZjEyUVUwRmxoYmZ1TjVScDVvcFRpU0NIaWpTSVlXZUdYYmdKYVhBTDZhSk5hUkRzVzVaZnpoNmo3WmhNVlQ0YzJL?oc=5","New York Post","US","1780510080000"
"Bessent says Iran inflation may be more than 200%, currency 'collapsed'","https://news.google.com/rss/articles/CBMiVkFVX3lxTE5hYlR2eERBd0J0Vk5rTXd6WUpLQVRlQjl2c0Y0bDlMV1l2SUk0eTJLak1jUC0xUkRHNVF4YUFQOV9mQ0gxUDcyOU9wUmJUMnlSNTBQMm5n?oc=5","Fox News","US","1780509426000"
"Bessent details 'Operation Economic Fury' targeting Iranian shadow fleets","https://news.google.com/rss/articles/CBMiVkFVX3lxTE1udzJ3Wklad2d4NmM3NkZNNTByQXdFd0ZWX2FsaVp1b0lHeThiMGVwMWQ1VFVpSmdFeFNiSzlTMTdpLVNtQTB0R3RKLU05cENFSnIzclVn?oc=5","Fox News","US","1780509245000"
"Era of threatening Iran without costs has ended: Qalibaf","https://news.google.com/rss/articles/CBMimgFBVV95cUxQZWR6SGFHcDJWVUFCbndDRktWa0hQMjViNUt6QmdhRGpVVkFSTE9qcVdab2VOYjhqdC1vUnBtQWRRS3RoRHBpWjhUSTZ4NTZsS3hYbFBhYW1mazAwUVotLWJWN2FvY1JNdC01b1FnWWpkQWRIMnBXci1QbE1qbWsxV0RfbjZuOGZVSWNLTDFTSlRLY2N5M2RHWWdB?oc=5","Press TV","Iran","1780512960000"
"IRGC Ground Force seizes large haul of devices intended for sabotage across Iran","https://news.google.com/rss/articles/CBMiwwFBVV95cUxQRERvcXFXZlpZeU1DdjhsWDlyWVB6TTlXdENZcGdfYm5LT1JmTUVTVjdOVmk3UTdFVmlTLXJkN1ZlVzFRZlRTLTY1X19HdGJqelZwdi1mNjJob3NqREwzaGQzZ0I1Sng4ZGJXYi05b3laUGNGNE4xbTBJUElTTnBvbUhHX2FjRkNfM0NxMjJrUmt2WnNqbWhxRE44RXN5YkFza20zQmZiUHFqWDdSakhXb0FxTzhSQ2JDNUIyX3psUEpLcEU?oc=5","Press TV","Iran","1780512660000"
"Iran's Bushehr nuclear plant hits record 80 billion kWh in electricity output","https://news.google.com/rss/articles/CBMixwFBVV95cUxNaktXWEpHR1ZHWDBDbHFScGh0WVRPenMzekRVSDVxUXNPY1ZzNnRHcDdiTzd4UTdyeDlydzczRUczMUNfMUlZU1RORVUtZUF3MWdpYnUwakJCQlpOdnlNODBSc2NvS3RMa1VmQUxDajBMMGdvbFpFbkFMbGthaUttTXJnX0pSYnFQN293TnNxTVlZOVgyVWhiNzdaRXFBTlB2U1pBYVFRNzNmbjM0cl9YTkJRNklEQnhuQmhFcmdyS2NRdndFZHMw?oc=5","Press TV","Iran","1780512360000"
"Gaza reconstruction stalls as Iran war diverts focus from Trump’s Board of Peace","https://news.google.com/rss/articles/CBMiywFBVV95cUxPNFRQbG83ZlNQQmVTVzhYNVJOd2FZSmxvWDE3dUE2bHVGYVZrWk9TUEhVa0l1RUNBcEVoOTM3WFV5QWxiWVB5SWRWSHgzcUVFTFdwSXJPVkVzTS1saWl5ZWtianA5TllNcVZiVHhzbThFWVNQdjFKVXgtWWpOb1gxNXN5blpxeG9tdUlDa004NGRfUThnUnlQdXdvV1VPLWxydTJwVXcxamx2aUh2SWJOSURtNmZ1Wk51MVVQLUZsOXBaSmMzSTZ1MzVFbw?oc=5","The National","Arab","1780512226000"
"Iran faces a new energy imbalance, but its options are limited","https://news.google.com/rss/articles/CBMipwFBVV95cUxQS0ZiNEpFNHhNaERRaHd4WGJuZUZtZm83dEZENU1TS3VoRTRuTnVOcFhCVEdZOVhSc3h0VHZmVTVjbFhzSy1Vb1BCOXhqc3JEU2FUZWhETl96d3hMX3gyeldHV2MyQ1QyTU5pQ2xCaFpUMFN0SHpyMmY1NjBIYjYwN2VWNUJEeVNNU1cxNGtIWjVrWlZBZ3BsM2tWVnA1alctTjNvdE1BMNIBrAFBVV95cUxOWE1JSU5JR2k1TEY1MkplVDBfYVJZX0syMWRGMjNxcGR2eV9Eang3RWI1VVZ0dVlQMXl6dzEtWkZtVUJVRG50MXZtemk2ek9iQzlEYXllWm93bnd3YlQxc0trZWlqd1JEWDdxeHRYZzNSU0FKOGpCelZtM1Z6MDgyVkZqcWNiSkVrSVlEU004NUhJN25vQW5kMWxORl9oUEE2YlZWcXRNRjVXaVRI?oc=5","Al Jazeera","Arab","1780511045000"
"Out-Hawking the Hawk: Why the Israeli Opposition Has No Iran Strategy","https://news.google.com/rss/articles/CBMiowFBVV95cUxPLVo1QWZqOWdyd1NFTV9BbUV2a25EMDZQUVQ3R2FlMjhVRlo5UEpCRGdfem5pMDAwUlZPdFdIR20zdTdwbXB1azM2Z0lwdkphSDBQTG5QanJuaGVFWFFObElpV0h0cDZmWUhsMnF2TnlxUFBZTFRMOTFISk1GRVRDYXdwVDlqWnVETEJ4b1Jxa3Q4UmJTM0VJX3kxQkRlWEZGQ0E4?oc=5","The Times of Israel","Israel","1780510980000"
"Rubio: Trump Knew Iran War Risks, GOP Strips Ballroom Funding","https://news.google.com/rss/articles/CBMiqwFBVV95cUxNTlJQR0Rua2pndnBwRlduOTQ3aDd3azQwbi0ydE9IeGc1Ti1teThKSjBYdkQ3VWNoNGEtd0xzWHl4TkNoNVpWVVBsemtKeHJBMDh0di1pTmxJNGtoX2FLcUZacEJiTEVfOGtGV21iS0U3QU9pSE5kVlpvYXZzWjJkQm44bkc5VFVvaXk0cW1Pdlo2d0pBc0R2RGhTNGZpaE9JOUkxQ3BQLThCZVU?oc=5","Bloomberg","Global","1780511682000"
"WATCH: Rubio scorches claim Trump weighed finances in Iran decisions: ‘Not even for a millisecond’","https://news.google.com/rss/articles/CBMiqwFBVV95cUxQRHR5UGxuTjdrSS1ZSFdtY2s5cDg4bjM4TVU0WW1selVRZlpyMXdMS1BienNjZ2F4ZXJ0d0lwMFRpTHBTQ3VnbnZQLUVyWW95Ni16ZG11RlQ1Y1JLTHljWTNTU2M0bFN6Z2pGUEVkeThCZGxBd3I4Rjd5eGZuQjluM1J4MFVkX0ZaTE9hM19PVU1OQllQdVZnRjFUWl80YlplUk53N0tqTWZLa1HSAbABQVVfeXFMTXByckVPSXp0MjlER1dkN0V6V3RqcGRCa1NqVkdMMnAxbWk2RUhzMURfc1c1b2djT0VEclhUNVpkb0hGYkhNS0Y4VU9rVkh3dXdldlhzcUFTSWx0LU9WRnRVLUk0Ykxfemp5Y3Z1bXNrRTdkUWMxa2VPU3ducHRWb2pkUkNId1UyNUViY012WEp6b0E4QnBlekZDcDRfMjg4d1hiRTZxblRyX004ekgyWm4?oc=5","Fox News","US","1780512229000"
"Rubio unloads on suggestion Trump weighed personal finances in Iran war decisions","https://news.google.com/rss/articles/CBMiVkFVX3lxTE9GQlhpSTZLOGF4bE5JUjRKOS16RjZmTlhkLXN3SF9OUW1jajJuSXJ6OGc5LXdBa3ZPZ2MtWExQczJjSDh1ZTNrUXc3WFJjQzhHbE1zZjh3?oc=5","Fox News","US","1780511607000"
"Flash: Iran targets U.S. military ship approaching Iranian territorial waters in Gulf of Oman -- media","https://news.google.com/rss/articles/CBMifEFVX3lxTE5zbnNSczhaX2FnOW9jc2s5eERiX2pfOVEwb21nVnd5SmZobkNHdm42R0tGcTJRanloSFB2TUY1R0dndzVYLVdNWDY3eDZsX3Mza2p6akVTMjhHRXJhc3RhOTVZdTBxTUlmdlV4eDFBckktdUhOZkpEcEUxRlo?oc=5","Xinhua","China","1780514025000"
"Iran alleges failed US Patriot missile hit Kuwait airport, denies responsibility","https://news.google.com/rss/articles/CBMiXEFVX3lxTE9TMlNtRlp1NmJIazBfajduYi1OZ1pISGZCeHhiS2xrSVo5R2xWb1NSYVdxVWxTOW5hWEU0ZHkwbGltQjZXVVVaTmJGZWxNQnBQcEJfa0dBb3RCVThK?oc=5","The Jerusalem Post","Israel","1780513522000"
"WATCH: Trump says fuel prices wiil 'start coming down rapidly' once Iran crisis ends","https://news.google.com/rss/articles/CBMitgFBVV95cUxNS1ZodXFQcS1FYm5iNk1xVDBYR1EyajV1STNKX0dyeXhGa3BNYUV5UE1PeEpzLTJTUGJva25JV2JTQ2ZpSTA5OXl0bHUxVjNhYjFOX1BGWTNwd3kxd2ZIR3NHX292OFFzbG9yVFNIT001eHd3U2VGWmtsNDdTdV9PN01MeTFERDg4cHhaOWRrSnkwaVNpT0Flc3dzdHhOY25JelJIYUkwaFF3UFRkaks4SzdyYzJ2UQ?oc=5","Dawn","Pakistan","1780513443000"
"Rubio declares US operation against Iran over, claims Washington achieved military objectives","https://news.google.com/rss/articles/CBMixAFBVV95cUxOeEZ0UTFXQzg1bXFTc2NlNUttcm80cTJmdVN1R3o0ZHBlSXhyTVpZa3VRUG81R0F4RnBqZEpGRzN2SjE1MDlhaUo5ZUlyWUk3ZDRCU19DV2tLY2ZkRlRlck4yXy1Gczl5ZlRjcnRKdEJaVDJ3STc1S3F6SktZMkk0UGg1SjEweGRSN0pxYlQ2cVlERzhVYzduZEpOUnFRLUFKTm5FazVHQ2NYX0lfcjl3NGZjNXZmZ1dUdVZBREV1SnpFbmtf0gFOQVVfeXFMTXlRZFQ2VF83VGZNYklISEI2eHJvWlFtS3dDQ2JyLVhjTk9HQUxWMTFURTdldUtkSXFDbmYzbmItOTlNeWNiR0puQlFGRHdR?oc=5","Dawn","Pakistan","1780512397000"
"US strikes back after Iranian attacks in Persian Gulf","https://news.google.com/rss/articles/CBMiVkFVX3lxTFB4ODRxeWZxVElRSlc4U3AxSDFwUHV5bjFDUmRYaU9EQjFkSmhIMll0bS15OXBYNXBmWkI3WjFXOERxSEdwZHRwWnp1WVJNTnk2TnJyUDFR?oc=5","Fox News","US","1780513781000"
"Trump, Iran have one month to reopen the Strait of Hormuz or risk major economic slowdown, OECD warns","https://news.google.com/rss/articles/CBMi2AFBVV95cUxPbVJ1WW5uWWx2RFVTT1FMeTlnVThick0yNFBjQUo0bVd3WmFHcnBPcnVpVG96Z2FhandRc1N1OWZZUWY2UllEYWN2OTVXWlIxUGNyMnFKWklWOXR5Z0ZrbG9fNGd4N0Nfek02d0pzMHVWLVB2OWJacURjZkZuajBjdjFkSEp0MDFuRDBIUHhzdFlkMk9BdlZsMGVjMGVLQTJwaWp5dkNWQ0dLQnFUYXVXVXJGV09BaGFHMW8zaGREaFJ5YThKd1c2MDlRY21rYi0tZ1BVSXo4RW8?oc=5","New York Post","US","1780513680000"
"Monetary compensation becomes key sticking point in Iran deal as Trump bristles at comparison to Obama agreement","https://news.google.com/rss/articles/CBMie0FVX3lxTE1pMjk4U1J5NHRjR1lTOVJPWlRackYzMDRQVm9qMERKRHlqdVhxOF9YRFVuQ0VfZFZYdk04cVc2SXNVRS03TmZDTVR3N2s0b0UteXFwS3UwVjlGVjlHVERJbmVWa2l4V2VCaWJwUFJ4ajYxc0RvZmpuUWRFOA?oc=5","CNN","US","1780513667000"
"Urgent: Iran says targeted U.S. destroyer in Gulf of Oman, CENTCOM denies","https://news.google.com/rss/articles/CBMifEFVX3lxTE1namZTSEJ3dnVSazhJaWtjbzRmN1RRUUM3V1dYYS11NmNncWczOFk4LVUtQjR6ZjVXYUM0X2hGajBNYW5QTHFvT19vd2dSRUR1dloyMmpnZDROVzdDc3pKNFFBMTJVTzF0a2d6Q0REcy0tTWFHSFhVdUxIUlk?oc=5","Xinhua","China","1780516110000"
"Trump to attend Nato summit despite tension over Iran war","https://news.google.com/rss/articles/CBMirgFBVV95cUxQeklGeW9jTGR0aDdReWNmUGF5ZVJaeU5vRDBySUdGLVVES0x3RHdkV2U0X1JRY3VjUnFDOVNQRXl6TGJST0FaWXBTS0lBVi1uWHBIV2M0SWJHVzBLMnRlWVBhR3JicEZRTElkRzBMS29xWWtUZ2JmN0NJZDc0S2JKTE84Q2J5eVhtUF9VSUdBc2YtSTg3MnlsS1lNcGd1QzQyZHQ0QklDVElYSVFockE?oc=5","The National","Arab","1780515779000"
"US-Iranian national Jamshid Ghomi accused of smuggling encryption tech to Iran","https://news.google.com/rss/articles/CBMiigFBVV95cUxOaHlrb1pLNzRLTkFSSWVDbDVGX1lCMW13NFkwN04tb29DQlFpSEZ6d2p4bVNuUFJGQUs4UktUaEZORHdRM0pIVTFTVklsMVBBM2RnSVNaTjJBZFFGWThoaFNqTkJ0WklkTi1hZ29aTUV6OG02TXpYZDFxUG5LaF9RWFNQaFFnZ1lLdGc?oc=5","The National","Arab","1780515748000"
"Iran war is over, Rubio says, as strikes continue","https://news.google.com/rss/articles/CBMimgFBVV95cUxNdVZZOU1sbjJxbjk2QUUwOUJhUURIVGgyMXA3alg1eEZydkJJMjRKci0xdHozc2NDWUtoczc3d25fcDAyZnBfLUx6eTFYX0RaN1RkSGU2MUJ3Q2lqWDJDbVdnVzBVMHUyNTI5WmRGX0lia3dPQVYyLUszN0xURWVodVZlakZvelNXcnE5eGc1VkJGUVlyQVJQMnBB?oc=5","France 24","Europe","1780515791000"
"House again considers war powers resolution to halt military action against Iran","https://news.google.com/rss/articles/CBMijwFBVV95cUxPMnR3dXhONnF2YWJ2MDY1TGhPVnJzMVVCRVJ6YzI4MmNGUzI5Mk5La1UxRDEyRmhEbkQxQ0tnVnVQb0lhUlgtNnhOYXBUU1lJREZIamt3SkFjUDh4akxaWU9YWmtUN0llYjN1MzdFM0J6RUJlSXNUekJqaWlxYjhCWDFJREVldkU5aTAyRlJldw?oc=5","Associated Press","Global","1780515780000"
"Rubio: Trump Knew Iran War Risks, GOP Strips Ballroom Funds","https://news.google.com/rss/articles/CBMiqAFBVV95cUxQVnJ5Ym92czR5NmlVR2l3Qy1GX0ZMNUdBeU04c3ItbXpBRmlGS1MtOUozMkd0Q2RfTXRzZFlheDMzYXJOTGtjT0s2d1pHOXFpVWlsWEo2S0JtcHdZbW52cWVmZmVZeThxeFc2VUx4X2JyeVdsMnlHT2dkNGtUQlFPc0Q0STE1QnRzZGplZ1NEdHdQRExzNmExOFd6MzZJdUFzZm9TUHZWb0Y?oc=5","Bloomberg","Global","1780515005000"
"Newt Gingrich explains why he believes Trump is close to victory in Iran","https://news.google.com/rss/articles/CBMiVkFVX3lxTE9ybU41NEtvVWtrOU52M1o2YS1oakhKejI2TU9fSk9XblZDOU5sQXVGNkxWVG5vZk12cXBobHdwdktkeG1sWUVzdUU1eGZ6cWdWc3FmMm53?oc=5","Fox News","US","1780516937000"
"Iran Launches Deadly Attack on Kuwait, Inflaming Tensions in Region","https://news.google.com/rss/articles/CBMiiwFBVV95cUxQV1BZVVBQenJaZURlLUNVbzBPU1JtMnY3UEJIZHRhdWtfUFRONzgxMEJkX1ZvbWhjNnlJQjNDNWttQkFVQUUtZGFKWS0zY2xhV2w0YkFWazJ1T3ViZUtKUG15clNrUzczWUFuNm1ITHRFeWxHTUhqbFJxN0kxUW5uWlVVeHl4eFVJcjlz?oc=5","The New York Times","US","1780516858000"
"Crazy' phone call between Trump and Netanyahu deals wild card in Iran talks","https://news.google.com/rss/articles/CBMiWkFVX3lxTE1na2hsamtJekYwQjdEN0ZZeWRGYnFpeUZraTdRZ3NIYUZMSDFrLWtDV3hIWndBMUlEOHEyNkJoM0Y4RC1NSUN5RXNFZTdWRG5KX1BTZ2xCNk4tUQ?oc=5","BBC","Global","1780518481000"
"Stocks Close Down, Iran Claims Strike Against US Destroyer, More","https://news.google.com/rss/articles/CBMirwFBVV95cUxQMktLNGd6WHE0OGRyVE1zclhIODFHRzZMaVpLOFRkc1k3RWVJd1RTVG8yS25LR0FUQzVGNWxiejVOeVljSGxhajhubWpfNk9jTUI4bVBVaDZkYlpGbFNnY3Jld01LbEFwaVRYenhzT090RTZLdmRXUWhEbWVVUHVDMDFna0w5SlczbDFhUFFYOGN1TDBsemt1c2FOMXlKdVdYN183alo0ekdSQm5JOC04?oc=5","Bloomberg","Global","1780517862000"
"Iran Navy targets 'command center' aboard US destroyer in retaliation for aggression","https://news.google.com/rss/articles/CBMisAFBVV95cUxNSkdBelFPeFFXWkNFY1RkalU4Y2RYR1JuYlFXZWZQeVFnQUlyZnZCSVR0NmZIQWU0SWxmdWdKRFFUcU9hQ21vNHg5bWtLT2I1bjdQQkhpNFVKTTdDZEFwSEl4T09CTlNRRklWbU1IY0gyam9RemFrQ2tOU1ZIOEhiTXVHRnFjcDFodFk4bVlxckpFbFdzVzRpOVQzeUFpSWhOdE90TUVkY1ROV2VjZTNtWQ?oc=5","Press TV","Iran","1780516680000"
"California tech executive accused of secretly shipping U.S. technology to Iran's military","https://news.google.com/rss/articles/CBMiVkFVX3lxTE52eE42TmhtMWFFLXZQaXgxMTQtM0hGUy1kVjA0Um1kMkRYSU5Pc2tsQUNyb2laaVBvTFhxV0d4S1ZNZ2poLWhyWmZnU2RaV3FkeE1seVhn?oc=5","Fox News","US","1780518170000"
"Iran Clashes Spook Stocks","https://news.google.com/rss/articles/CBMifEFVX3lxTE5PZmdESEJFRnFveGNZSVdjMXBHVVJBRkFPTEMtRUpKOGlNT1E1dEJhbHhlM2RkVmRidEVRdk9JVC1pWUVoS2I4MHUzTzNkVFE4OUVkUWI3bmN3TWlIOEpxeVA5dDJBeFdpaGpwRV96REpYR3BkS3FKWVBLVkU?oc=5","The Wall Street Journal","US","1780517820000"
"How Congress could complicate an Iran deal","https://news.google.com/rss/articles/CBMiwAFBVV95cUxPOW93U20wUUxULWR0NzgyWWdqM05XWTREUDczc3lFN2xaQTdXTWU1MUpzS2pQc2xRMF9CR2ZJZ1dpTm5JNEdWWjdhR2tHSHd1V2xOamdZYzRvOHM1RW5TYkVLZDBvZ1B3MHBad2g1eV9Ga2NOc1NJUGhxeFhrWlRmbnVKWURKUEgtbjk3Z0V4aUlFM0xKMkxRQWF5Q2RLdk85WU1XUlV1Yjc4MWRxbWhiVjRmOTlfTzd5T2N6dlVnMWQ?oc=5","Politico","US","1780517594000"
"White House blasts 'stupid' report that Iran is more at risk of going nuclear than before the war","https://news.google.com/rss/articles/CBMizwFBVV95cUxPbVM2Ui00MGVzY0pybkN0Y2E0TVpGc2VJQms5dmtfeDZfVFV3ZUV1RUZWbkxHVzg5aVpCblhyUWJaLVY0bDhBSUV3ZXhDM0dNOFlaeF9XM281Q0RPSG50V2pIWUhHS0dhV3lkSUUxcFJUU2dNSWdtNW14QzZqb01RUFNiNF9nM21mZldDTGYtMzhUdFdWcVQ4WUtDMTdvVVFXNXdKNzlKbUZhUVFVdHc4QnZsbEhGUV90cm5NalBHWG9Xcm1GNFE0VkZVb01SN3M?oc=5","New York Post","US","1780517520000"
"House again considers war powers resolution to halt military action against Iran","https://news.google.com/rss/articles/CBMiwwFBVV95cUxQVmVNUDBKcjJabG1rU2tmRTluaWphQWNXbHRSTEFNb0JkX2V0cHVIRklfZGQ4TkNtc3lxYXFxSG5oemtXVjZhN1Z6RVlHNHFyOWRCTUJDVG9LeUJxYzRGU2NhcDdUbzNZUjhZYXBjVXotd0dqdkZYV0h3THp3c29vci1jZXZGOFAybzhzMlhvZVVwd3Z3Q3otajczMUNKd1lXZXE0X0NMcWtrMG5QUGxUeTFWX2h3NG0tQXdCVk9NSF81WlU?oc=5","The Washington Post","US","1780520808000"
"Video captures total chaos at Kuwait airport following reported Iranian strike","https://news.google.com/rss/articles/CBMiVkFVX3lxTE5sWGVUcVJLbjE1X1VmeGE2eXI5QWdwY0R5WWY0cFpJNV83Z1lUck5MaVNvbnpRNkc2T2tQbW5XUTBvVUlXMklwVElnREhnQnhaN3V3aUdB?oc=5","Fox News","US","1780520324000"
"PVH Cuts Outlook Citing Iran War Impact on Sales","https://news.google.com/rss/articles/CBMimwFBVV95cUxNa3ZlQUNaYmhTSjJWcUxvdFQ2N3FuX0lEVEh5WFRCS241b09INHBzN1JNbG5CNER1SDhLTExqMkVvR25lbG5uYUktT3F4RDF5TFBzZXBSV3llcnlnZ2pmWWVRUlFjYWZvaU5UODZnY2o3YUh5NUJqWWJvNmZCbzZvWExUSzBtZUtqVnYtTEhtcmc4OVFmOWZqcXNkYw?oc=5","The Wall Street Journal","US","1780519800000"
"Netanyahu: Iran regime’s days are numbered and Israel will ‘help’ bring it down","https://news.google.com/rss/articles/CBMitAFBVV95cUxOUU4zSDZSbU1RdWxlRlNNeGlzYkRvallfZENxV0U3eEt3N3o0cDE0Um11V0RCOWpDeXBEdnJnSzFGVkRhcndzM2tlZ21IN1Joc3htc2lXdHlyYk9RMl92UUZES0xfUTc5VTFBekxxU2p5R1JmMklLYXA1QlJsTE5rVjMwTTFlUnhYZXVMa3F0aGdyME5Sb04zcVk4RWVJUTUyb3Nma3VzRnJMUDU3Rl9tMEx0TU4?oc=5","New York Post","US","1780519680000"
"Trump describes Iran ceasefire as ‘shooting in a moderate manner’ in bizarre press conference","https://news.google.com/rss/articles/CBMiswFBVV95cUxPMU1FeHpPajNfMF9IR0ZZUll3eG5jZWdkM2lEVHdRaXR4eVgyTF8xR0x3T2R6eVVJd3Z2Q2hYRXhNcHJ1YWFrV24tNzB6MHVPTnpjWU5PTXh0ZTdQRjV0Vll2Zzcyal9sSmZ2aU52WmFEbWh4X1ZYSHFVcTI3cnh4NWhCbDJ5VVF3SHBBem1LdXJ4SzdpVW9uT0M1bmk1a1ROaVRiWTBiVDRPRUNkSFNBRnhwcw?oc=5","The Independent","UK","1780519620000"
"US House backs resolution curbing Trump Iran war powers","https://news.google.com/rss/articles/CBMiogFBVV95cUxOaXZBVGtQRWNUQXJnZ1ZIRy1ESnlmMTR6MXZMeGotWEJEV0JwTnJmVXdHYUJZazB3cjhrU2FLN0gyMk0tUlNPZDVYYUpLMzhhTUZFam9aLWpNWjNManFDVzFVTGFudDBCQnJja0V4YXFLNldHRUtvYTZBdVR5eTlZaHFKb1dHSjBHSXNMRHpZR3JGY21Kb1NONEJ3ckoxR3N4d3c?oc=5","Reuters","Global","1780521898000"
"SpaceX Seeks $75B in Record IPO, Iran Claims Strike Against US","https://news.google.com/rss/articles/CBMirAFBVV95cUxPdy1OallqeUhhUXNmMUh3R0lxelRIRmNBbnR5WC1CYnYyWk03WnkwZ2xmMS1CNXhUNFZfbmpTMm5pZjdIR1BhLWstbXBFSXhFUkVSZ0Z3T3FaTU1OZzhCR2JIdXVLeHg2bmZvcjRzM1ZOOXZMQXZsNWRjYTdzSlM5WDNVdWNXSU9VM0tYdXdtaGlvSEtJTHlQTmdYUDF6NWRHRXlMTURRTDBqbWNF?oc=5","Bloomberg","Global","1780521757000"
"Republican-Led House Votes to Stop Iran War in Rebuke to Trump","https://news.google.com/rss/articles/CBMiswFBVV95cUxNSjI2Z3pFQ0VlaTExTmN5TW5lSUNLd1pPX0k2V1dpdlE1TmFacnJkVTZacWkzWjRYYUF5TDl4OS1VdlNLMkxJZ0NFMlFzN1hXQkYwRlJSLUFIX19WNFoyZF8xYmFESEtTeVQtYnBtaUx5YlNFSVFCT3p4a1FwSnBrUjh1aExnb3AzWWlwVS02WDhMMGtBQW1HbUFranhQYkNQdU50RmwzdWQ3MzN4c2locTNWQQ?oc=5","Bloomberg","Global","1780521465000"
"Trump Downplays Threats of Hormuz Mines, Touts Alternate Route","https://news.google.com/rss/articles/CBMiswFBVV95cUxPMUh3dE11TDFOd1lIN2hsYTE4ajktS2JSWFlCc1RRN05CQUJEekVEY3BtdlpZeTN5Q2pHa1l6dko2b3hIdmJtS2lxTjVzLUF3cUxYcWwzaF96WDV4WUp4MUlJcHMyYkZia05LVlFoZ2htOGJtTVNMUWVScUJMVXJoWDA3M1JKYktuTkpfR0JKeDNoa0ZQSGZhbmQwSW03OWFoRFVIOVp4dmxVWXh6dTFGcGlwdw?oc=5","Bloomberg","Global","1780520445000"
"In a first, House votes to block Trump from ordering further strikes on Iran","https://news.google.com/rss/articles/CBMirwFBVV95cUxQODc2a3FZVmZfdkhrbEpZc3MtZlpwWWVWRUdVemJQSi1COTh6YjlMcU8tWEtBbTUyUWVMWHNvVEJQTUVSMFYyNHJUZDRNXzBHTU5jRHJmSF90M2JnSTBENHVBNnFCU2RNYlI2b2JpbERRR2JWa1JUQVBNWHdOUTFWM0ZvcEM5VVMxSVdfSFVmcTRsNDZJZzVWNXFTTXdNUm5DclNtVExpX0pHMHZUSVEw?oc=5","The Washington Post","US","1780521977000"
"House votes to halt Iran war in stinging loss for Trump","https://news.google.com/rss/articles/CBMigwFBVV95cUxNVDNNQ0szYTZJU0hCdVJMQkxqZUJScHJMS1JYbFV5YW5CajNNb3RUcTNGaHhmN2pRLUwwMlVVX0FfQUVQSzh5c2hQeEx6X1JYeVhJTEsybnQ5aTZKSkRJZlN2S2hFcWVLYzJiRS1UNjFnc2VZZ2luU0F4akR2cDR2NDQ2SQ?oc=5","Politico","US","1780521842000"
"House passes Iran war powers resolution in rebuke to Trump","https://news.google.com/rss/articles/CBMidEFVX3lxTE5nNzM2WmltWXlLdnlPZ1RFNHJzUnhrYWVFM0p3emFoZnVFdmwwY0dBTlFCamdtX0V3YnRQZll6Y294UDQxczNZYTc1WDc5dHpZQzBCaWZab3BoMmF5OXhEa0VXTEMzR1VKWUFzQWhZbVMtQ2ZZ?oc=5","CNN","US","1780521720000"
"Trump suffers rare House defeat as bipartisan vote moves to withdraw troops from Iran conflict","https://news.google.com/rss/articles/CBMivgFBVV95cUxNXzZnTVpMQVBPbndhU053RkY0WVlUZF9WTkpMQ3VVME9MY2F3eEJUQWlOSWw3bUhONnBaekVTQ1NQdXJHLVo1VElvUmcwUlNoV0tjbVBBNlFxQjdNNnRpaGJMenJPc2RESXNQcWd3NkRDUUktVnFCd1BubjJwYWpyX3kySHZqT0d6UFRqV3RXNi1LX3cwb25QaDZZajYtX1QtenZ5cHVaay1IVXNHSmRNbWZLQU5FU1A2YlVhcG930gHDAUFVX3lxTE04QUdRV09JNGJPT3EwV2k4cVB6azQ1Y2JBNTBuWjVZRE0xTDdYeVJYNEhrMnNWaVhodzk0X3RjdTJLSGFHWGZkY3J5dndwMGlTLWN0bEVBYVB6MmV0b3FmRURWZ01TNnlWU1R6TUMyTzVuSm5GbVFzUzNyQjhoNnJqdjBVZEh0TlBuWEpvSlUyNFJMaUVuMjRzZHFIQnlVSVVqUE1uU0dpeDNKdWUydmtpbC1yOTJpZmMyb01obUN6MDc1dw?oc=5","Fox News","US","1780521667000"
"GOP-Led House Votes to Limit Trump’s Iran War Powers","https://news.google.com/rss/articles/CBMikwFBVV95cUxQeE16V0pMZlp4U0tBTzREbm5odHJNdGpib0l0TjRERng0bGhLd1hzUDI3ZUwyNVc1S25sWVdWNkNENTJuajJJZFNnSENfTGtnTUpqdlp5WVI1WExob09UN0NHNzl4aFl2NHhEa0dPTDdteVM2LWtleG5DT2Z1MHF2c1Q2NDhPTllmd1MtZjUwMVV4Mlk?oc=5","The Wall Street Journal","US","1780521660000"
"Teen recruited by Iran-backed Swedish crime group to ‘undertake hit’ in UK for €25K, court told","https://news.google.com/rss/articles/CBMitwFBVV95cUxPZ1FfV3ZqZEE1T2UyWGdLWGNJM2prdHdBd0JuY0dOMG5BRlQ4Qm5zSWxjbmZkeFRlTUdJTk9WS2FzMHFHVkZSX2tMQ2xlNDEwVXhWcHVlcUdhbVJ2SXFDTF90dHk0a2ZvTFdEWGlMTjJVWVY4M1owdVNCN1pTNVBvaFk5MEltdTlLR2lBYnJUaDViVHBXbDV3cWVhclR0X3RPZzg2XzBhUDhfT2lYOFVyQ3dueGhaUmM?oc=5","The Independent","UK","1780521120000"
"House Passes Iran War Powers Measure, Rebuking Trump","https://news.google.com/rss/articles/CBMioAFBVV95cUxNNHY5aVo4MUdmNzZWOHJ2ZDhZU284eTJUX1JoYmViclhjTWlKUnJJWjdwQmtscVBGNl9SdnBIMTdORFEyUS1lZE1qblBOU09zWWtWWlVSaUtRcWVrbjNiUVBRQjdKTUxIYTBtekphaDQ0Z2JsR2cyWGFWTFFYZF82ZnhLZkQzWjVjSlBvQzBYR19Qbmg3SlB1U1E1eHhkV2pK?oc=5","Bloomberg","Global","1780522261000"
"Trump suffers defeat after House GOP side with Dems to limit his Iran war powers","https://news.google.com/rss/articles/CBMinwFBVV95cUxQbVcxa2xJS092cnFTdUpqSnUzVUYwdlhYUC0zSUVZemt3Mmc0RGlWQzlSdWFuTXZxblY4UWxMb29zT2M5amxaMmlSWHd2LWh2V0lHcG9neU45b0h1OFcwNUxpckhkZmJncWtkemlScTZqNnBEQVpDMVBxN2E5RHFqUWs3V1BycnpfMWs4OEVHTGhoUXZQd1kySnFQSXN5eTQ?oc=5","The Independent","UK","1780523460000"
"House passes Iran war powers resolution","https://news.google.com/rss/articles/CBMiVkFVX3lxTE5fcTBPSDJsX1lEN0lVLTNuWDNtNXpkMVRLZ1diX0Y0S2JNS3dqTTh4SlBWYnhtMEgzMExTN1V1Zk44UG93ZnhRN2lyYURaWUtIeXhtQ3pR?oc=5","Fox News","US","1780523197000"
"Opinion | Trump Talks, Iran Escalates","https://news.google.com/rss/articles/CBMiigFBVV95cUxQQ1hDRWtybVVVdEZuYTVBYm5vdUN0Y3lpczlHRHh4MGR4aUFSZ253azFGX1VRSFBucjVXN2UzUHg5SzNZZ05ia3hXR2Q5Y09tbmFCOXU4ejk2dU9FNmV4dFdHeVZieWFpc2ZYVUI1NnJzcy10QmNURUNabmNiQkdXeC13VFQ2MEZQWGc?oc=5","The Wall Street Journal","US","1780523160000"
"House Votes to Curtail Trump’s Iran War Powers","https://news.google.com/rss/articles/CBMilAFBVV95cUxNMklSQjlkaHRmemI3dmloNmE0eXYyaFBVYTExR1NEYlNKMFh5dDFyUFJOYXpoUGVpN1NVV19tSDRmRWw4aU1YcTdaWVVfdHBKOGgtYXZqTU82Wkl6SnU1ZDFBRFJsZktNOG95aUpYMFV5anBNRUZRdS0zeE42dUkwUmhBYjRNb0daN0dHV0wxcmlNeW93?oc=5","The Wall Street Journal","US","1780523100000"
"Tracking Trump: House passes war powers resolution; Iranian strike kills one; Trump’s new forced labor tariffs; and more","https://news.google.com/rss/articles/CBMilgFBVV95cUxOVko0cHpvczBOODU1RVlUN2VzOTNwQkxPZHRWS1NjMldranN5TFlZT1Rpa09kUTA5T2FTUHFxNndjQUdrUFYzaWhfSmlSVU5DelZ1R1Bld1JkVXVobEQ3UXUyZmYtUHZDdjVMeUt4Mm4za0JNeEFvd1FhaTM4UVJkdUlzSTlEbDFPN3o1QjRpdHEwUDlXZWc?oc=5","The Washington Post","US","1780522842000"
"US House passes war powers resolution to curb Trump’s authority in Iran","https://news.google.com/rss/articles/CBMilwFBVV95cUxPR1NZMWh5NUtXTTlzVmIwMGw3UGY0QnZhMVN1S0pqdHprbDU3SjVrNTY3ZUg0aHhWUC16ODY1YVJ2SnpPM1ZIQWRzVlRtYWFDUl8wdS1zd1hsaVBIaTBuc2lIc25fSWRWcjhqREdVeUVTcUdFR1ctRHJDMVgyWEZ0S095Mm5lVHZFR2MxLTVuem9QVDdCOGNR?oc=5","The Guardian","UK","1780522740000"
"Republicans join Democrats as House votes to limit Trump’s Iran war powers","https://news.google.com/rss/articles/CBMirwFBVV95cUxQRGxPM0hLVUE0eUpMWHVLa1VucDZJWmFXeHhoV1hTRkhtRXBzMW5HY3RCTXNIWDBzXzJUOW5GNlFZYUFKN2hmZEh4endwVGxlZzNYdTNmcWNUSTljVWxtWTQzclp1Mlpvd3VjX2ptUUJyU3Y4ZVVyLUlzT1RRWTFLaWw1MGJvdzF6U1ZQOUd6WThqczZuREJNclZzMFliMGlsUldCWGdyUGtvR0dVNkkw?oc=5","The Independent","UK","1780522620000"
"House Vote on Iran, Ballroom Funding Update, Missing Banana Artwork and more","https://news.google.com/rss/articles/CBMikwFBVV95cUxQZlhLbE5nd3IxZlhrT3dvQjF2aE55eThGTWQ1S3Atc3dyb0k3MlBzVTkzTVJQa0VKSE5hT2VWbHlRVE1iOU4tMDFBM0ZodC1jLXpYV21CbzQ1dDBZa0FiQ1RPMXRSZzY3eU1nLUZnS0ticmZRSlZIYkpjWnhXM3F4SXN3clJPZzJhbUJGd3ZvYk5TMk0?oc=5","CNN","US","1780522545000"
"U.S. Stocks Snap Five-Session Winning Streak After Iranian Airstrikes","https://news.google.com/rss/articles/CBMi4wFBVV95cUxONGdYam83cHVLV3dyOGEyMm12STVERGEyLVNDdDhPd1hVRXY2UGFNUHJDdl9ybVFkX1NTbDZDYTlZd2ZSTHNnSFY3d1NjTjAyaGsyaUhyVzhfc29acXJoVmNYdk41cHBBamRkWF9fY2ZlWjhoVjQzUW54QTU5WUdkRWpGWHhxamRTSkZ2THdNSDNscEVoRHVMQzN5SXljZDVBOVAteHlwSmdabC1EUlRScmNFM2FQR0JQTkUxeDlKWDBQVkdJLVBMV3NudDl0SEQwNS1aUjR4WWk3c3Bub2tpVHFmOA?oc=5","The Wall Street Journal","US","1780521720000"
"SpaceX Seeks $75B in IPO, House Votes to Stop Iran War, More","https://news.google.com/rss/articles/CBMiqAFBVV95cUxNT2Y2emF6OXlnZ1NpYWs3UGdRWHR0SHJMYzVSNlg5ZVFqVzdGVHVhUHVCeXAwSUVybkdod2RUT084M0xRVkp5MEk2M05JYU9veUt2dVU0OFJibVRvUFB3ODdkVXBoak9Gb1FCQlFqRkxKQkJxVjB4RFpoTmtzU1k2anBEZVoyT05lNHZlQTdPaThQU1pxa1oyWUxkRmc4aEgtVTd6MnpnUmg?oc=5","Bloomberg","Global","1780525156000"
"US House passes largely symbolic vote ordering end to Iran war","https://news.google.com/rss/articles/CBMi0gFBVV95cUxOUWNNNXRQVGtGYU5BU18tSW9JM0VCRzMtcFpQVFl4LUZyM3lfdmhGYmFlTDhkMjV6MUo1TjFvWDNJZGoyM1ViRTducjVjSjV1azVpTXJ1dWlvdFZqNEVocGhTVDJXbFZnQWx3MjJwWVByMXo2N1FxNy1LY1lMSkdGeVZIS1Zkc203RFBXZ3NmM3BxZ3NtdlI1ZzJvelpzLWx5NnQtTENGb19aZ2RmNnV4VzlETjhwRlVmY1RDQlJUcmJ3Ui1SNkU1VE5ZUGhOVTNWcGc?oc=5","Le Monde","Europe","1780524576000"
"House approves war powers resolution to halt military action against Iran","https://news.google.com/rss/articles/CBMiywFBVV95cUxQMWttNjdQWW1iWDN1Z2JqVzlWYm9Ca3JSTXNuYWtrWExpbG1OQkt3VUpaWVYtSUlUdTNkT2dMczFMM25BbE1sYWluWU1TY0ZkdlNHRWprNjdkenF2bDVnaTBIelV3SHlXUVVpLVh4MmFreFJpRGFrWEpSbVdCOGUyMEN5MDh3bm50T1RBT1F0a204NTE2Rk9JTWhBbjVYQWh5X0daRWh0bV8wTlQxWHNCbk9IWFptZkNwX1J1bm00a19nbHRrV2FTLWQxNA?oc=5","Associated Press","Global","1780524300000"
"Asian Stocks Set to Fall on Fresh US-Iran Clashes: Markets Wrap","https://news.google.com/rss/articles/CBMiswFBVV95cUxPRldTZGk2S2toNGZ0U3NTeEhNTXNuNlB3ZHRfd3BPMUFGSzdNTDBYSWx5NWplMlViOXFoQ0w2c3cwZjl0YkQ5YjQ5alpXM1I1Rnh3cVBqN2F1QUE1SFNuSUxKZ3hfRG4zY3lkUGJGM0p4WHFBejd1Wk1VTWFuS3FfTTFxY3Z0MjE5R3FsSGdCLXBPRzNfSFo3SUhZbHBlN3BMSTVJc0JnTXk4MzJIY0ZEckMzcw?oc=5","Bloomberg","Global","1780524285000"
"Oil Holds Three-Day Gain as Iran-US Clashes Lower Deal Prospects","https://news.google.com/rss/articles/CBMingFBVV95cUxPZ1ZlVmxtRlJGNzJfVjF5Sm1Td19JQzgzWVZWLTd3TGRaa2dsRU5haEZCazhMdzhJNkVZWFY1VEpuRWFVWnlPdGNiNzhEUTFKa3B6cGd1Ym9QemVodFZrZWtMdlBBS0FZUHJCamxKM1p1cGpBZWlTZTBqeVpxbUJHYVV2UTJBbjVTbTlOOFF5a0p5YWg3NlZ0VTFpcVdUUQ?oc=5","Bloomberg","Global","1780524089000"
"1st LD Writethru: Iran's IRGC says targeted U.S. destroyer in Gulf of Oman, denies striking Kuwait Int'l Airport","https://news.google.com/rss/articles/CBMifEFVX3lxTE5zc1hDM3VjMVRsZkcwYjFwOGdsUXlZcWZtSVlJOEFYRU5jVVltQW5NV2FBUFV1ZDhTRWFNTHYzd3RYR1dIYWJOSVFPeXJHNkFpaUt5TkV0ZWlsMVVONXlCT3o4azhIaUZWVGtQTFNMR0dnaW9lZFdlbndxTEc?oc=5","Xinhua","China","1780524450000"
"Iran does not seek war, but prepared to continue defending itself: FM Araghchi","https://news.google.com/rss/articles/CBMimAFBVV95cUxNeE9rVEdWeDhXZmI3eEt3ZWd0OU9LVlVEa3lsaU5PSWxpcU5ldWNMc2diUDBqVWJFSUlMLUNkakRYVEgyTFZjVEdNWV9kSzBROHRsaDV1UzN2S1dVRE03NV8wSHNwN1VaNVZLSkdYNF9jSWxLU3QzQ1pURmtLRWJYYXpheXljSWVQck1uUWxwT1U5c2tkcng5Qg?oc=5","Press TV","Iran","1780524240000"
"June 3: Iran strikes US naval, military assets across region after attacks on tanker, Qeshm facility","https://news.google.com/rss/articles/CBMi1gFBVV95cUxPUV95M3RsSGQyQzRZc1JnaHVheWJLVVJ6SlJCbjJHRWFEVmNfcWdGdER6elFUNmhTU3Flc3BEb2NFMTVoSG9RcjB2cm9nMGZYVWlnbGppNGFXR0x3aFJ2Y0trc093MnBMMDBZbXNYc3haWVdPVHJIb3BLYmpoakwtUTRLVnVjOWU5TlUwUlNzTG1SRzRUdmlXbEhQY0I2cXFpVTg2aWRielp1TWJ5cjNEZHNYcWpuSk05MXFhZlUybC0wd3Q2TFo4M1VraTBVU3lzWEkxcDNn?oc=5","Press TV","Iran","1780523940000"
"US House backs resolution curbing Trump Iran war powers","https://news.google.com/rss/articles/CBMiZEFVX3lxTFB1dlFvaU9GclZFN0s0ejg5XzBUR3ZoV2hHX0g4UVRGWU5kV3dHVzZEMThfNzJEN0s4MlBHcWgyRTRERHRLcnlsd28wVHpaYlRvenM2NVNXbkJoVWJkTVBkQ29xbk0?oc=5","The Jerusalem Post","Israel","1780522492000"
"5 tense moments from Rubio's testimony over war in Iran","https://news.google.com/rss/articles/CBMirAFBVV95cUxNOXpMaDJQbWdnbFNad0VGQzV1TUZFdkh0d0lTNTRicVVvQnRFR0pyVGMyclVLYkxmMDZiZF9IcHROOGNBaUpRS0k4d0ZmcUN0a3lGRnZXd2ZPWERwOWZQeWdSMjZ5TEh4aU14c0kzZUM0ZlhDN1c4YWRyd3NaZU9zT2ZyRi00bk8zUUl3TFdtYmVKUE1ta1YtYTlvYTRuVzNIUXhFR09PQWZTVFlR?oc=5","CNN","US","1780525440000"
"The House Votes to End the Iran War","https://news.google.com/rss/articles/CBMiekFVX3lxTFBJbi12b19INGlyRUU5Vm1MVTV3MHBNSmstUnNNYUxOOVdRemRVU0g5NG80b1UwdUFUZXhvdDZGemZ2VHBWVXV2T0VWQWhSX0J4ckRhU1NsdjdFVm9UOTRvaENSR0l6XzZVNURWSmFQTmh1LTVZYWx4djJB?oc=5","The New York Times","US","1780524927000"
"How the U.S.-Iran Conflict Put Kuwait in the Crosshairs","https://news.google.com/rss/articles/CBMi1gFBVV95cUxQeEtCMDlhVndZWmRMdlN0WERldXRNekFWZkVZMUVDaW5vZ1YxOElSaHRnb1NDSnJ0d3JBT0pRYmVNcmJqWkNjSnFtMmVEQVMyUFYzYzZuZ1dCODVBdUM0b2J0a1BSSUl4SERCZ1hHQnVLelY1SDBCTFlEWWRCUkdKTU05NXpFbVdKSFlyanhuUkR0aXlrbklnWkFqa0JLTlMxMHFpUGZicEIyUjl0RjNmRUVQbEdFSEh2MWFrWHlUZ2dmQWZuczc4cFRhdjVkZDR2aUpnajVR?oc=5","The Wall Street Journal","US","1780524725000"
"House defies Trump admin and approves war powers resolution to halt military action against Iran","https://news.google.com/rss/articles/CBMi0AFBVV95cUxPVzJKbDVQb1Y0WGpMSEJDUktpUzZmR3NDUGZXa2N4ZUpXUlpSaHFhNFBQWUFjNFRCUVNUNFRmX2lHcmk3NndMa0QtVlN3VktUVkN3czRDcjVMa0MwcW80Y3Y0UDVQRWRMbnJmcDRVZ2ZoaDZNVzZKa0JrZC1zRGZQa2ZfcFZJMkdhZndzMjdRemViZ3FDTkZMSHFoN2szOWQwT1dNM3NSWTE2X3BGdUtvU0RkNW9BZzJrQW41UUVUYmJMdC1mYU5SMUs2akNUWE1W?oc=5","New York Post","US","1780524420000"
"House approves measure to limit Trump's Iran war powers","https://news.google.com/rss/articles/CBMikwFBVV95cUxOX29OeWFaNkJ2WEdjWGx3Y3pjMzVKWXNxX1BHODVLUXM2d0xBMGxPVDliUHhvTU5tQjNqQkRKcDN5U1RTNUlEWFgzQmhvbHpNQ3U3TmQzR1RDX3QycEpWSlNjMkllQWo1VlVqT0dndmlBMzJDSTdNTnRZa21yWUZrVWE5OXNJcDJ2SE9mT3U5NFRkZUE?oc=5","Press TV","Iran","1780526520000"
"US House votes to halt Iran war, in rebuke to Trump","https://news.google.com/rss/articles/CBMiWkFVX3lxTFBSVnJoVHJRZnVHdmxMWGlXLVBXNVItOGRHRm9CSnY5TVZrUHB4Znd2Nmx2eG5oOElGMGNHQVZUUjhoSUIyNkhMUmRJT0tzZVpDR1FLazRwZGdWZw?oc=5","BBC","Global","1780526264000"
"California tech millionaire accused of conspiring with Iran","https://news.google.com/rss/articles/CBMiogFBVV95cUxQU25rZlJwVFB6VmpiNk4tZ1NJSHRDbTBwb1NTMzduelFTVmtNNWtrWUd6cks5MndVRkNNMThYR3hUcTh5R3pUZEE4X2VrdV95bjVyaFlPNlE2R09GeDFvSjhFWUdjNVhHQXFNRTNCRUlXMHZvNHlLSW1aY2VPaFRtd1FBTWx1MFNnVHNIY3RNVnZCbGtVMkpfS2wwTUYwUENSZFE?oc=5","The Telegraph","UK","1780527300000"
"Iran says no 'tangible progress' in war talks, Trump says deal close","https://news.google.com/rss/articles/CBMitAFBVV95cUxNU0pwZm1pbU5kQ3pMOUE0YkdLT3Jpa2xEcWFXM0N0WlhfLWplMjRERWFNVW5XNnhJSGk0LVdRcTZtWlhtNG9pdTZlSHVjZHFqbXR0Q3pXS0Fzckd5a3M4MVQ3bTZBV2tVX01kZU1NT3Y1akExNWF4M2NNNlU0dE5iTngyWkNNTlhTVm9oekxqcUNzbldwWl9ieTdKSFJVTjExU1F3OEpYcU54aHpDemR2ckhvR2Q?oc=5","France 24","Europe","1780528500000"
"Kuwait releases CCTV footage of deadly Iranian strike on airport","https://news.google.com/rss/articles/CBMitAFBVV95cUxPZGhlYld4am9SXzhRUjdQS29ZR2pLOGVnWE05Wjhaa2RtZ2JqTmtTYy0yQ3RkaWNTbG4xWXBuV1VkZUxCZjF4RnNMcjFwWDZpTUl0MzRUZE54ZXViUG15QU5rbHJVc2hJa0ljdHBxYWVOU3NUaTNibTVjMWhCRzk2MFRNcFhycUlxck5XSjItMGZ0ZHVLOFhrdEVJc3RzbTZjNC1uS29kNXE1WUtQRHlzNlA0cDTSAboBQVVfeXFMTnRfb2FlOTYzMXplSk1jc01hdDRhZHV3WkxWVnVySTA0TE5CSFpZQ1VjSHlYaVFseG56ZnhKek1OOHdQMmE5V0RsTGN6MkN1Q3JLS2NicTZJTGN5RmpjcXpmRUFDc2tkMWhoSkZyWnJpTXZhWVlsQXIzSGhCdldqTmdGTnp2dDRKa2dndkJ6X0FlaW10Y042NWlaU3dlWjRNVE5XNURnVjNNRkRvRDhRcUxueFU2Rk9oMTV3?oc=5","Al Jazeera","Arab","1780527764000"
"STATE DEPARTMENT: ALL PARTIES CONDEMNED IRAN'S ATTACKS ON COUNTRIES IN REGION","https://news.google.com/rss/articles/CBMibkFVX3lxTE8wNFBDUEJtZElhYTNHaGhLamF6Z1l3NGZ5V05RTVV5MDNmSFlxeC1mUV9GRENka0RpdE5kZWF5WjViaE96czNhMjdKQTRkM0dqTzdTaGV4RE5lZm9BNlFFN04ySXdVMmtrYzlfZkxB?oc=5","CGTN","China","1780527686000"
"5 tense moments from Rubio's testimony over war in Iran","https://news.google.com/rss/articles/CBMipwFBVV95cUxPcnZtVWVoU2NrRmFVLXc4ZGtRMV9Ga3h5RjY2RVNPYWtET2QySk1kcnFkLWVDVjNQV0pVSkN0TWtQLU0xeDRDay1qa3JIM3dvSWxMWjZlWDk1NDBIdjFjbTl4Q3VxeC0wWWdpUVpiTWR2RGQ1R3ZVV08tNy1FTDZrY3dCVzlBSzBBaldqUElHUW9uSW1wc2hDTWM5RXFqOUJxVFpNNWp6dw?oc=5","CNN","US","1780526820000"
"Gold Holds Drop as US-Iran Clashes Keep Inflation Risks in Focus","https://news.google.com/rss/articles/CBMitgFBVV95cUxNVl8wZjZkOWJURS1tWmczWE92QS1OMTBSV1BYMUZMeFoxeXBuV3lITHgzNjBTVEV3VDVob2c1MkloMFRWa00tRmlMdFZkeHRrUWpyeXNnZVdSOFVha3hWWUVyUFU2WDlZeWdMTm1oMXV6OGVxNFBUeTNrRWhOVmxyWWFkOFdEUFh1QWY0STlENFZhR2NkZnFkSEJJa0FzMWtfN2NJLU5JTl9nVzVFamk3S2hxRWc5dw?oc=5","Bloomberg","Global","1780528906000"
"Trump Says Iran War Is ‘Not a Big Thing’ for U.S.","https://news.google.com/rss/articles/CBMigwFBVV95cUxNcGJWb251T0ZKOVdBTElHeTBGN1RqRThlWkJ6U0NidmRRaGJRbEFWT3ItSkJiUUJ0cVIyZldSQmRJTlgxSjN4bWtvWGNSUE5ObWozSWZBSG5JY3hkNUVOSzFzekFma0NxX01zTFZJOUFEcjRrV0pOVTNVX3dnTDBYTXNvcw?oc=5","The New York Times","US","1780530065000"
"Five tense moments from Rubio’s testimony over the war in Iran","https://news.google.com/rss/articles/CBMioAFBVV95cUxPM0h6OW1hYnAzSlB6akxBTzFneTMwZ28xSEV3cndEclhYa1Y5ZUhjd2NkZkIzSmYxcG1YdG9LbXV0VXdKVzVianNyZFUyRlR3YzBpUmdVVTQ5Y2tiSngybDZwdXJIdWRZOWVCcWxkcUFLRjVZSjRLaUl0Y0ZjczQzeURZTk85OE83Rm15bWp3MWpMMGpHLVVjY294SDFDT0Jt?oc=5","CNN","US","1780529221000"
"U.S. House votes to limit Trump's Iran war powers","https://news.google.com/rss/articles/CBMijgFBVV95cUxNREtFd2V0ZGFSM0RHdXlycVU4U3NEU3hjc2FjV0p5WFBueEVENUVwRmE0amh4d3p2M0xNVTkxcHR3X3I2bjVkZ3U3eEdjU25BNWctc2syQ3NLZnNZZC1qRXdQc1NaU1RVZUJ6dVFUb3dJUmQyaGZaUWw1T3ItaFQ1NEc4Vk5PdXZGSWdoU3ZB?oc=5","Xinhua","China","1780530375000"
"Trump says U.S., Iran to jointly dig out Iran's buried nuclear material","https://news.google.com/rss/articles/CBMijgFBVV95cUxPOHRvV0dDaktORUlsaGtjZ0FUanZHUTlKTVZuTjF0UlRBXzFIb25XZEpRaEo0NGJXemxHUUZZWXFQdzJaSnJOaXg4aGJPaVhSbFVRQW43S1UwNURac2xycVg3YmFUTnI3cDFFb29wVW5HSVY1Q0ZWcWtBdGZZd3E3bG5DZTg3T2NfX3hIamF3?oc=5","Xinhua","China","1780530180000"
"Trump seeks to split Lebanon talks from war on Iran negotiations","https://news.google.com/rss/articles/CBMitAFBVV95cUxOY2Z6U3NjTGZtZ1NyNW53SlBobS1sN0k2Q0VBWHQ2NWJydVNzYno5SjJtR1ZfUDBZeVFkaTFhcVd0OHRKS3BTYUoyV2hEcjNUNk5GYkUtcDBPbU1aRVdMQUw5S0FteTN6SHg4Q3RwMF8wM2djVTlsZEcyQ2ktMnFjWXhmU3dRTXhHYlZsNy1rT0x3dWRENGdCVDd6NllBcU1HUG51R2hjVy1aZ1JELWRlR0dMQUXSAboBQVVfeXFMUHltcm5pbl9IWGxjSUNmczNoV29id0tmRm5qS2wxZ2lFNUw1enFETzFMV01YYVhJb3A3VC0xYTU4ZC1hMDNienVnUmJJRmwwQzI0anY3MmsxMWhfemRxS0xJNnVCNFhxNzdPaW1TSEp2WEZVSWVRVGN3THBHVnJOaE1DMmRQUmtITjM4OUdmRm11SGU5ZHI3eUtWR0oxUll2NnNxU2h5RW1LNzRVQnlOQnFZbGlrNlFQODJR?oc=5","Al Jazeera","Arab","1780529836000"
"Iran Strikes Kuwait’s Main Airport and Kills 1 as Ceasefire Is Tested Again","https://news.google.com/rss/articles/CBMiugFBVV95cUxQczZiMXdqd0VvSW1MRUdPNUp2cUNYbHJXTmNWRm9ZMnFlOEZEV3k3N1Znajk3THRheDI5MU9UU0RZeTFNbEVYTjFpc1FjaXd1SXY4djdBTFJxU2RlQWRLYmowU3hNT3Z4MmQ2R1pMTEtIZ2Rib3d3T0RqdjlWU0dvejBMbm52aUwyOTc2eW5BSGVMVGhVeVpaZTlWRGl0Z1lDa3pCRHphNjZyZFJSSmR3UzRueEljbHIydVE?oc=5","Asharq Al-Awsat","Arab","1780504343000"