headline,link,source,region,published_at
"Oil Jumps as US Strikes Iran, US-Canada Trade War Heats Up, More","https://news.google.com/rss/articles/CBMirwFBVV95cUxNS0lLZnkxMDgtMU90OUdOVFdsMzhTbDZmYnBaUGlDOTFwQUhpblFVR0JjYXhLNVI0SnBKWHlMMDZjR1Y0MHdyM3ZEYkU2alhZbFA1WTdHUmJLRlpXcy14T2dMUFppalNUQ1lwZHRTdnkyUDRUcWpfQ2hqLVBqUlRwMlBYUmpWaFl1a1hPVjZjSHdZWmlSdy0wSW5IZGhIYWdSazJ1UGZhb2dHUzZTZU9r?oc=5","Bloomberg","Global","1788137777000"
"Iran Guards say attacked US military targets in Jordan: state media","https://news.google.com/rss/articles/CBMiogFBVV95cUxPUzh2VHoyZWp2TlNkTzNzUzE2eEFxV3c1WEpOX1hlZmw2OG1CcmR5NFVCdlFibHN1WDNlYkpiWkhvcjJWdlh0SDQzN200M0FJNDRXeS11X2RrUXh0dTVydGJ2VWlYb25GZGZNQUFHTjU4Q3p6dWk5MzloNTQ5bVRPTVpUaUJaNWhCcmZCb1FaeXc5cmlfX2hsbDBpTjZWcTFGdVE?oc=5","Dawn","Pakistan","1788141409000"
"Iran's IRGC says it attacked U.S. bases in Jordan in retaliation","https://news.google.com/rss/articles/CBMifEFVX3lxTE9URlZ1Rk44bUlTTmdXbnQ4b1paSDB2R0tnMDBHQjU1WmhyQ3pKRmpNcHR6OG51WVo2REVVTzRvR0R5djZxSU1IMF9sTFdxYXBuVXZ6a3dXM2VlY2M0RVNnaVA2LTlXVllaZ2JxR2FuWVI3VUFrQWJVcm5xVGM?oc=5","Xinhua","China","1788141270000"
"Military leaders warn Hegseth on Iran war","https://news.google.com/rss/articles/CBMihAFBVV95cUxPQzdFTWhCQVFJQXhXRjVCbXA3eURHaXhZWTRsdE0zT0czbnZHcExwQmNOd3J1VjI4NS1QY1NZQklVNmNfOXFhbk9kR1IxcDd0MlVhcUxzZXFhckc3MmlTUVp1SXlpWG5nVkpzaE0tcTdlXzNjRDZRenJRLTBDUzgxMG5YLU_SAYwBQVVfeXFMTjhUeks3elZWOEtMSWlwbUJ3MTV2YWxIbnNTQU9jRVpuWkZSczA3UVl5RW84MVpwb2VGaV80Qm1mWUZfZl9UamdLYlR1czU3bGVLTDc3TTVrOC13Yndvb2d2dDR1WXBJdHItNUkzZzlLYThRZVZaQmEtWFRuRFdWOENJZUNzT3A2YURONkQ?oc=5","The Express Tribune","Pakistan","1788140579000"
"US strikes Iran after a month, Iran hits US bases in retaliation","https://news.google.com/rss/articles/CBMibkFVX3lxTE1kMlhFbmd5WEhQYnFUWm9hUEVWLTJDMnVncHI0OVh2Y01mVzR0Ujk4NFp4bHlQSmtIdm5nXzlxT3VnM2pEamQ2ZDVwTEhZNVl2WHNLQlpBNDJxekgzWi1HZGRYcnJmV0RhUVdGUFln?oc=5","CGTN","China","1788138467000"
"US, Iran exchange fire in flare-up; Bessent signals more sanctions","https://news.google.com/rss/articles/CBMitgFBVV95cUxQcG1feHdFUWRFMFNabndpLXB1STE5dmJNVlMyQ3A4djRaZE9UTzVzc2o5WkEtSlR5MWMxZFpfNFJqOUNtTlFpOW1ZVFRTcFhTVmRjTXI1YVhxbmhwYXotdTdibnRJYnpmWjdQejd6WFh3YTBmOGFMaVpqd1gwNFozeUVwSzFCNkdWTVVmQmtNS0ttVWl3YXVVNUhWWmF5RU1RdGRYaF9xMVJNdS1WSUJIbnM5S2Exdw?oc=5","Reuters","Global","1788142440000"
"IRGC unleashes ‘Punishment of the Aggressor’ on US bases in Jordan after Larak Island attack","https://news.google.com/rss/articles/CBMi7AFBVV95cUxOaXhQWnpKcGNmZlJiYmk2UVJXS0xLamtNY0E3Q1dHQXlaRVFORkRWeGUzbjR2Slh4aWUtNUR1Wk9zQXJnQ2w2a3ZORnR4ckE3bFIzS0VQMGFLNzE4WkJ3T1lnWkNRMkdfQUdLdktWZmlyenV6YkczUW1sVEY5eGZMN2wzaThQS0NwWnhMM29jZUdxcWJsX0NGak5NeHRHd3lVR3FaV3BpX3VScnVVOVBSdzVKcFJiOXZHeHB2ZXVRZXdjeUVremhPTTlGMGFkUG12S0t5VTZwU3NZYWlUZ19PSk5yRmZJMGZkTms2Uw?oc=5","Press TV","Iran","1788143700000"
"FIBA Basketball World Cup 2027 Asian Qualifiers: Philippines vs. Iran","https://news.google.com/rss/articles/CBMie0FVX3lxTFAzRE5ldXN6Q21sMFdRMk9Tb2VLd25hSVp1MWwwazBza1VkRE15OHNCNVBpYVdRVzB2X0RrMGRBUDNUaGZqS29WYmdmaE5GRUJ3MmM3Ni1DYy13eVNwbTlsN0R1R3UwU3JWTk5BbTN2Nnl4TVB6dE5sM1FORQ?oc=5","Xinhua","China","1788143631000"
"Xinhua News | U.S. strikes Iranian launchers on Larak Island in first known attack since late July","https://news.google.com/rss/articles/CBMifEFVX3lxTE1oRkZNZFFEZTJXT2J0NmF4VUxVRkZHMDVyU0NxV280bE0yc0VPajN3WUZ5SERIOUY1VkVEd0NadldZTzJSei14ZUJEcjhSV1d5ZHphdGF4eWpDY1pLbENqNUNFVVZmWmZFSE5lT21zRlJEcGVKYlFxaHdCWl8?oc=5","Xinhua","China","1788143432000"
"Iran strikes US forces in Jordan after US attack on Larak Island","https://news.google.com/rss/articles/CBMiXkFVX3lxTE1ESWdTbFhTTlBpZkJzRkw3djQtN2p5bm1FQ2tPX1RjbDlXZm9WSkZkUEc3akI3Z0tadXg5MTNsLXlETU1NQkR1NFZHMkJYZElNNGx5dUZtbFdaVEJhR3c?oc=5","Arab News","Arab","1788142973000"
"Khamenei urges Gulf to confront 'real enemy'","https://news.google.com/rss/articles/CBMihgFBVV95cUxOS2ZQMVZvV2xYaGx5TGhxWEQyTUI2aWF6aU9JWGZ5TnVVcWptclhMakwxSHdCQTB1ZllrY2E3ZlBhak12MDV1czJDWWhfU0RldUE0WFgxbDBPLVkxei0xekpEaXBSZTdiVzFQb2NLblV3dzNGbHIzcEFQQm1wWTBCU3FLRGhTUdIBjgFBVV95cUxOR3JmNUJ3eXJBbjJ3SFBCdVNQZEVpUXJFaVNxcHFrWUpndWhQWUtqeUN1TzBzMGdjOHFRc3JTSmtuTVVTSDdUMFotMDRyeXlsMnkwR1d5NC1QSTEzbUxfbFJvNVFVVGxvVlh5MVcxemEtNHlaYnNwYkVWZWJ4WG5fOG5TeDdSd0NaaWtzelF3?oc=5","The Express Tribune","Pakistan","1788142500000"
"US plans to sanction another bank to keep economic pressure on Iran","https://news.google.com/rss/articles/CBMirAFBVV95cUxNMU1nMzFzSUMzLW51eV9nNnlmbXFzelpUb29tU1NLcnF0NzVYUE80aHZEOTd5d3BaVVE3MkwxQ04zYzhLVFpfWTBhdmdJbkctcy1fN0NtYmtsTnRXVDBKR05mb1E1NzlhVWI3T3U2RTNuNk9hWkVqODNCVVdqTzR0YWdiTVUzT1lIaFhxZm9jMWdHSHVuVm1Od0Q3WndKMExCTG9wVTY1czM5RVZ30gGyAUFVX3lxTE14U2Q2NS1CTkIydVUwTGQyaHlmWXpQbm5uZm5OUGZ0Z0Zhc0ltTS11VUUzUXItT2ZjMms3SF9vbTZpbFJZTkpwQ2xCeXZNbEhzMGxMb0dvRnE2M0g2cThsUmRWeG1qMmtKclB4eDZRWkRDbEpCdzQwaThndnVVenNicjNiaHZzVWw4MW5JaWU3cWdrR3EtMUpRbFJjZlVXMWs1by1CNlVoUGxqeW9rR0ZValE?oc=5","Al Jazeera","Arab","1788142327000"
"Trump touts actions against Iran: Blockade ‘unbelievable,’ country now a ‘failing nation’","https://news.google.com/rss/articles/CBMiVkFVX3lxTFBHN0pyWU1DMkMyTmxUWTZqbXJlNHpFMEkxZFA4R2hYX2k1Y19oTlZseDNWU2JnS2R3dk5SV1kxWU9RNVFQN1ZSd2tkUWd4YkhRLUdiS2tR?oc=5","Fox News","US","1788140787000"
"Iran strikes US military targets in Jordan after American attack on Larak Island in latest in latest flare-up","https://news.google.com/rss/articles/CBMi2wFBVV95cUxPZHUtbnNtQWlUNk14emtIaGo0Tk5kSUtuRFB4YlZITTFOeTFhR29VVDBlS211a04yTlZkTDZXcEFMMnE4NUhuWUZqV2xRcTg2UGxPdkx5bWpkMzZlZTdfb0RWUGU3ak9lT3RkQ2VZemlsNDlpaEFLbFJ4R0dqQkdVNWZiTFpKZmpFQWhDeWFtWV9YZ0NrUEZkM1dNNjQxcTlnNE1ZMHZ1Nkk1LVdHekNZWU83MmROejhhbG5HUVdoYk00ZGZUdlR2TUU2cDdmMU5pdlBiVnQwMWJ1bzjSAU5BVV95cUxPVkxDVnRNcm5sczJOVDViZ0F4YTByT3lvZExWSzBnY3FMUENRTGJ4SHR3ZF92MC1mN1Naelc5d1h1cjV5R2xRVEktRFBiVkE?oc=5","Dawn","Pakistan","1788144157000"
"Sen. Ted Cruz says 'unequivocal yes' to Trump’s 'mission accomplished' claim on Iran","https://news.google.com/rss/articles/CBMiZEFVX3lxTE5aWlRlRllRU190VnJZOTVUanpYZ2tQenBrYUhGNFB5eEN2YWNBaTNLdzZwTzdpaHJaME0wdWpwblgxRklfSHBuVDFZOXNrUTFyTGVEOFJGT1VEbUlUcUFsTzJac1o?oc=5","The Jerusalem Post","Israel","1788143953000"
"Trump shares AI video of Iran’s Kharg Island ‘being blown to smithereens’","https://news.google.com/rss/articles/CBMitwFBVV95cUxNUGJVU2FjdjdPN3E1WXFQdzlIN1lmQ3JUM2phVWxsZjlya2w1eGxlX0FEMFNrMk4tM1JaS3gwc0RxSlNNb0lLNW5mR3NYYV9DT1l1cjNMT2VqRWVFZXRUay1LdGQ4YzZLODN3WFNUeGppaHlrWmJnU19Xa1NFSG9KRWx0OXlJc25MNG90aW1HZXMtNUJnaFdfNmJNMFVmZlgzUFZfY3ViVEhNc0ZnOVdCOEJneFdMWms?oc=5","The Times of Israel","Israel","1788143929000"
"Oil jumps more than 1pc after US attack on Iran's Larak island","https://news.google.com/rss/articles/CBMimwFBVV95cUxNbWNhQnVNRXhydHV4dGVMZG9TendDQlhXcTdwYm9zRkNxaXJoekZzbm94eE5RN1NDVmVGUEprTnUzbldwM1VWZDdtN0Q3aUZwVEZ3WnhEN2plcGgwNGVWU0d4VV95ODJkZDhfdEs0VHNtU3ZpSTVfMExVeW5lMlVmdEdLQXVlUEFXWmpsTFVpWHNvSUtkbTA1cC0xdw?oc=5","Dawn","Pakistan","1788143825000"
"FIBA Basketball World Cup 2027 Asian Qualifiers: Philippines vs. Iran","https://news.google.com/rss/articles/CBMifEFVX3lxTE5OU1lXZWx5d0VRaG1feUVNYmxraXBIQmZNcnBNdnVTNmVWWWwydU5LRDdqdE1wMGNjVzUwbXpqWGtjU1ppSmFpMXFsOTBYTTlzZUVnZDVWNXd4THBSQkM3VnZkcW5nNHFIU1lXUUJHcDB5UEhYNGsyMzlxMjM?oc=5","Xinhua","China","1788143631000"
"WATCH: Iran cannot have a nuclear weapon, reiterates Trump","https://news.google.com/rss/articles/CBMilAFBVV95cUxQTWp5Q2ZjSWhwb3QwbElNeXVSMlJJek9VQWdLOXpSYy1kLU95MmNJd3VjSVBoVjVhamtQTm94M3pDNWFYN1hfbWVVVGRaZmpZZFE4dXo1cS1nTzN2NS10czRvX0UtMWZDNERvaWpQdzlxX1lMcFUteUNGakk0MlhtZWZtWWVmTURaZTdCRjhIWE1vWExo?oc=5","Dawn","Pakistan","1788142912000"
"Iran war live: IRGC attacks US bases in Jordan after US bombs Larak Island - Al Jazeera","https://news.google.com/rss/articles/CBMi1AFBVV95cUxNb0F0S1pPTDZJY3NZcC03MllMUXBzVGR0N0gwa3g3YlRzcDRZNG9mVjFkbjZNdUcyU05iMWNHWHFSeTBZVE1PVG5fdDBUM3dXLU9jYmRucjBwYTZOTWJzX0JfYXNnQ0dfRS1ocW5qbE9IYkd0TDl1WkF2bEVQcTdOWVdJMG5qMlVuT0doaFlrUEI2a2RHc1VTb1gtZ2FJLWY4cTBxd2pPVV9QaG4xbFg0NlRES1Y1Vk5BRFN5QW5FYW1raXM4STBwRFRHMHVESkRQTkQ5Sg?oc=5","Al Jazeera","Arab","1788142897000"
"Latest developments in the US-Iran war","https://news.google.com/rss/articles/CBMijgFBVV95cUxQNy03T2dIWnN3RUdUTlhha3VhdjdMWTF2bnQwYTNvR0NSTmtCajdQbzRFWWdobldCMVRMMEtRa0hWWXp0Q3plMTM4NVVPSEJwMURLNU1qMXRoa0tkWlNKNE9Qd3Z3SE14TG9HdTZGWkpyYkNoSFc2Nk03V0tFSmFtaG9LbEI4ck5RekRxWUVn?oc=5","France 24","Europe","1788146118000"
"Stocks drop as Warsh fans US rate hike bets, crude up on US-Iran strikes","https://news.google.com/rss/articles/CBMiugFBVV95cUxPaWZwQ0VlYmtZN0VZd1NOek0zdWo1bzA2eVZqbG42M05ZOGFpU0xNR0lEdno0MkkxbTN0WUFaSlFjTDBJaFNFWmxHcVdseTBpWl9jMTNrUXhLY1VNeDdZOGZSck5OZE5KSnZ6S2huZkcyTGVQVDNLZUJ2ZDR1Rmd3WTBWQmJ1blZYMEZKNEd2ZGxpT3dYWDdqYS12TXZ4R0U4RmRoM3ZIUlM5U2kxS1d3VkVfd2pESG1VQkE?oc=5","France 24","Europe","1788144790000"
"Iran targets Jordan after first US attack in a month","https://news.google.com/rss/articles/CBMipgFBVV95cUxQZlNJTmR3bXM1Rmx0bTctU3RKOFRPdi1HeW5HdHdiNlNlZXFOWGJHYW93ckh2OWY2SklkV3RDWlJ6NVBBZGFLRzdrX3lfVXE4Ymx6RmJ3V3N5QUhWRkJnaU1QSmlITFlVbVBWSlctWTMwcFFlUmotTVhsb0RoOWhxenA2ZGM4bmZoaEhlQXQ3N0NBZkZvc0k1THNUNW5CRDI3WnlwOHVB0gGrAUFVX3lxTE0wYU8wc25rOGtDZE9CRUNxZ1BEbXk0SVZvczc1M2xlZ1ZJelBFVHo5SG9MUTdnT09Fb3NrWTJhaS04ejNNZm84UUg3TGs5bG1SbE53TkxXeXZwc1J3N19FMUd1bGJuYTNLTWs2SGdhMVRzcklGRHNWV2k1aFJnRVQzMExCM0gzcDFmRlNXS0Jmb2pJbTBzZUxIVktqdXFKeVM5NnIwUTBMS3hzTQ?oc=5","Al Jazeera","Arab","1788145805000"
"US plans to sanction another bank to keep economic pressure on Iran - Al Jazeera","https://news.google.com/rss/articles/CBMixgFBVV95cUxNMFVzLUN3aWZGaFhYdGJQVkJqQndFNk93WFJkRmpNMTlSU0RoVXlZV2tDSzFybVRQZzJHVVRya2hsWk1ZWno3enlCakpVNHpNVWFJNFFyMTRwd1pXYjhwMk5rR0lwcnM0djFrRUJnZWd6ekJaVHRyZklZLWJDTC04S1E5WnUwQk13cm43aDlsdnh5Yng5MkNKT2NlMU44ZTZuSzgxcllGSlJqYklqdjR5U0VEM2FGX1RleFk2dVQ1RzhLVi1Cb2c?oc=5","Al Jazeera","Arab","1788144731000"
"Iran","https://news.google.com/rss/articles/CBMiZEFVX3lxTE9nbE4wNkRFUFhVbXhPUjFLMUxTZDhzU05PRldBLXpkMkFsYzJaTUZMcEZYdmlHUWMtRVNZeXhQX3kzTUZGN2UxMDJGaEt2eTlpNEJGeEpDSGtFM2ZvVmNwb2p5T1M?oc=5","The Guardian","UK","1788145299000"
"Iran fires retaliatory attacks following US strikes on Larak island","https://news.google.com/rss/articles/CBMixAFBVV95cUxNUE9nYUM1RHVLOHltU19CR2NvQkxCVU5qU1JGUERKLWwzem8tTWxxSXliUGpGRHlJdUhJX2IwOGVzNV9WbFdoaFhPQ1huNkk1UHZEZVIxZHdzQnlPblU5c1FyY1l5Ti1YXy1uNnZvc29uMHUwRmFFbmJGYU9rOWRtRGhZbEcybUplbmR5RDhWRTFib2xEaVM4TThmbXdoOHFOcGdkWTJOQkVhWDZ1UE03UDh3dFBwdC1rMk5jc0Z0YXlmekZu?oc=5","Euronews","Europe","1788148362000"
"IRGC says it shot down a US MQ-9 drone over Strait of Hormuz","https://news.google.com/rss/articles/CBMiqgFBVV95cUxQcHFwRF9rUUR5dTRzenpMdTJiNDV5SWdxSmJ5RFZSYkttNTAydWREUVBnRGNJcVphYjVsWkprcjRrV29vSkxSZzBWRWlhcmlqem9JWmw4ZjBqaGZUODEzWlRoZ1ptc2hib3ZkWmF1LWUtcC1TY19NY1Rtc01WUlk2Mm5BSzdBeU1JY0pSZ0R2TTlMRmVmUXU1UTVVRmRvNEZMRmV3d3NNNEFwUQ?oc=5","The Times of Israel","Israel","1788147996000"
"Flash: Iran's IRGC says it shot down U.S. MQ-9 drone over Strait of Hormuz -- media","https://news.google.com/rss/articles/CBMifEFVX3lxTE5QMm0wWTZHZGk4QzhCd0VFdmxraGh3c0RYWk5qU3Y4MXJGNVZ3bDNpaU8wSzZ5THFBcjRuTzZfSlJRLTFFZkItVkNZbGxaWlN3YjJrbnNaQjBJNmMxYmhKY3hNWTBKNzZNdjg3aXFPcFdHdVh0YndxVTdOblA?oc=5","Xinhua","China","1788147885000"
"Trump posts AI-generated video, says Iran's Kharg Island being 'blown to smithereens'","https://news.google.com/rss/articles/CBMitgFBVV95cUxNUlUyYllSVU9SS2VPdzZCXzF4akZhcEFCb25vRHpPaHB5X3FNeFBTakRsTllKQ210TnZRWEUyX2xQblFJMmZjSGRTMXdpeFBuOHpELVRnX1RkT1Zjc0NZUjUwbHVTbm0zU2kteG5jd1p2ZDN5S2I1Xzh0c01MTDVheDV1RkxMaGt5Y0FvUDZ2OHljTExHYkNBYm9ma0tMeFozYlhHTVFORVFuUmUxM2YyQzZ2RjlzZw?oc=5","Dawn","Pakistan","1788146749000"
"UK households will take £2,400 financial hit from Iran war, analysis shows","https://news.google.com/rss/articles/CBMisAFBVV95cUxOSDhEbWlvc0pLV2VoMGtCSTZDMGxuM2ZodjVHa3llN0NlOXN2aFdhbWg3bGZTLXNadUcxTGtZSERtWHZwTmgtMDZIRGxaS0JwQnpUbW5LdDRLNUVqeVdOWnEwdlZTX0RzSzZSaVdpUC1FQ1RHNFpVQkxLM2poMGVxVFZJS1A4M28yTzM5alNMM05ra2tVbmtzR3kyTWVYRGp5NkNrUUlIenpPRDB3YXAzTg?oc=5","The Guardian","UK","1788148800000"
"Iran's IRGC says supertanker struck by mines while trying to cross Hormuz without permission","https://news.google.com/rss/articles/CBMi0wFBVV95cUxOR0xnVHRRQnFOYmhpZmxQRzJwSEhFLUcyMzB3Qk1kMWJ3dEJycVk4Yko1U3EtbVpqV19FamFnZHcwZ1B6ekxpNWpsNmdieFRkQkVqRUZOTWlDMjZSbDJIQVRLLVdsZGtxa1FYbHZuWmUxQkdISzRxRmxNZ3pWeXFEWUVvR1d6VnNyWS0yVk5VNFNkcHhtTVFCbjI2enVZMmJvU01WNHNoTEh6SjFnT2o5TUhyOVNPcVkyMFhyLUVPZHlkWWMyeGhuUXJJLXZMck5HVng0?oc=5","The Times of Israel","Israel","1788151168000"
"Iran's army says it attacked air base in UAE with drones -- state TV","https://news.google.com/rss/articles/CBMifEFVX3lxTE5MRUk0TW1RU2ZFbG1wUHVrbFljLTVjeTZsVTZweDc3dEtoaDdWUlJ2akp5WlIyVkR0TEVXRzA2QVBJeGUybGNGU2ZuQzRYdjlZTk1vaURoOC1UU2FwY0ZyLVQ0X05ZdGdiVDV3SWNvVjg5UGxWb0VkeFd5cC0?oc=5","Xinhua","China","1788150915000"
"Bessent Expects New US Secondary Sanctions Weekly, Aiming to Increase Pressure on Iran","https://news.google.com/rss/articles/CBMivAFBVV95cUxPWUtRZzZsUnF5UlMzVFE3d2VYVDBQWWw2c2EtZHdzYlJIR3RpS0VSOFg0dWZXRXdZbGh4M095Nm9OdTA4S1UzaVJqOVotejAwSlNDQjFIQktKdGg0Z3JhZU1jWVg5d3pKbXhEY2xKalJYdDFFMDBZcDRNYWlmNUQyYVpNSmROWFpRZ2VsZHFJUE03djZQUXdWbF82cFZXYlVaaWJ0SlFaR3NoeUd0R1BtRzU4SldJS2ZFaEhtVg?oc=5","Asharq Al-Awsat","Arab","1788150807000"
"Iran Retaliates after First US Strikes in a Month","https://news.google.com/rss/articles/CBMijgFBVV95cUxOUjN5WjJ5THE3RENOM3dQM2FOQ29Td3N6UmZHckpNcFlxZkRBeFJTVHo3TllsY0hSeDdUTkJyUTQxa3g2dW5ZT1VsblRtZG5fWEVPMHBZR0V3WWlFNHRsRFJ0V18yTmhJbjFDZWNuZDhvTkZfMXNIdmtHdzZNWXhCVkpuV3p4YVY1aExuTnFB?oc=5","Asharq Al-Awsat","Arab","1788150728000"
"Iran says it attacked US forces at UAE’s Al Minhad Air Base","https://news.google.com/rss/articles/CBMipwFBVV95cUxPNFZJM2tBUlVzZVFkbDU4ZWx0SU9Cb2lXRGp2dEZLWmwxT0MzRzdsTmd5TzRuTjZmZ01RX0JaN2tZd1A0UUFUQzhRYXpveEtaanBYOG9KTTQwWWpSV1drT25SMF9GeGE2bmF5RFFwS1BDZzdZNHR1Z01qbzQwOURGSDEtY2VldGNwYUZzaGVfMjdYeXhza2gxZWJFSzl4b0xPYkV4d0hwQQ?oc=5","The Times of Israel","Israel","1788150229000"
"Iran's IRGC says it shot down U.S. MQ-9 drone over Strait of Hormuz -- media","https://news.google.com/rss/articles/CBMifEFVX3lxTFBGNGtHeXl6V21jaTdPODRkU2U3MW1FcE16NllqYV9xTW90cnV6NEVZekdwWE9Vekp4cW9BQk9Rb1ZXb3Zad283TjJhbkhPQzJfVnBzaW92UHAzdm9Wd3lMX3U2UkgtQUFJc1ktUTBkUjdyREZaVF9VR3J3NnQ?oc=5","Xinhua","China","1788149971000"
"US-Iran Conflict: Art exhibition honors victims of Minab school strike","https://news.google.com/rss/articles/CBMieEFVX3lxTFBNVU00bkI3NXhPV3hTT0Q4d1JmZFczS0tCdF9NTHdUTjk4dkNFTk8tLW1OckFnR09PQzBLX3ZlUWViNFRHbWxKTW1WU3JyeUs3aGJqVjBGTU11QktTN3RXMlJEcHdaVzRBd2FJSXpPVkhFVEdwUmtscg?oc=5","CGTN","China","1788149925000"
"Iran attacks UAE's Al Minhad air base with drones, IRGC says - report","https://news.google.com/rss/articles/CBMiakFVX3lxTE1nSVpZRnBYUml6b0pGbVpzd1BRN2ZBazB0TVBVWjl2c0pZY2Zya2hnY0hZd2tWN0lXVkFuNmRvR3A0NFVuVTRXbldmNVZld3NjVkdlS2tYMzM1bEJ3UDdlUWVzOUZfM1FScFE?oc=5","The Jerusalem Post","Israel","1788149745000"
"Iran's Ministry of Foreign Affairs releases statement regarding 'US military aggression against Larak and Iran's defensive response'","https://news.google.com/rss/articles/CBMibkFVX3lxTE1TVnBzWUlvcFVUVF9JTkR6LXhZNUNhb2NkeFJZVWs5Q25RM1Z1YVlkUTJsbnU1THlXalo4akpSYm9pSzhSc2RhZ2pjSEVuVHdQVVFRTE1ZMVVtM01zOEgtRkFac20wbEpoU2hqdmp3?oc=5","CGTN","China","1788149698000"
"Iran targets Jordan after first US attack in a month - Al Jazeera","https://news.google.com/rss/articles/CBMivwFBVV95cUxQc1lOZS03X2R6cGVuUGhwTDkwWmllWDVRNlh6MUtzQXVlR3R3bEliYnY2bEhaclV2dS1RcmptUjU4c2E5R2RwczB5QjJUQk9YWktJRDd0VzVqLUx5dkZFbWhyRnpPejdZakFrNkwxRnZackpRVWMyX0ZTdG1iUmpOWkctaGRTZFAzemRUQXBWYkROU2ZaMWd4YWpPQXVXZG1ucjBsYlFmRlctWHM1QndDYXBlLS1ocFpoS3Q2STMzRQ?oc=5","Al Jazeera","Arab","1788147908000"
"Iran war live: IRGC attacks US bases in Jordan after US bombs Larak Island - Al Jazeera","https://news.google.com/rss/articles/CBMi1AFBVV95cUxPbWhYTURIaW4tcDRTNHk0YzVhc2RNWl95c3pMMHhtS0NVT05HeHBfRmliRVNjLUptSWJHU1JTOENqc2lpTnpmc0xMNWlrUmdCRUhrc3VZRWNkZzJIRnZMaWJPQmEwZ2I1S0tMN2s4T1VlSnJIVTBVS1ZhXzIxMEcxeGlCcUhjQWV2c0NZM0JTbEFDX3NkN1VlQk5PazF0TC1qR2VzZnltSlM3MTBqOHNOS0laRE1zcFNkZ3hXaVF0NnR2NkxNSjlPLS0tTnpha1c1WjZnVg?oc=5","Al Jazeera","Arab","1788147699000"
"US and Iran trade fire for first time in a month","https://news.google.com/rss/articles/CBMiUEFVX3lxTFBneW5rRGdzemFNS1lTRnBjMXJ5RWFfSHc0b3dXbFNFdFFvYlJTMGxoeFctOE0zZERGbnAtbzE4RE92bGpyN1VhY0xoZUJRME95?oc=5","BBC","Global","1788150966000"
"Bessent heads to the G20 to rally allies on Iran as tariffs strain ties","https://news.google.com/rss/articles/CBMisAFBVV95cUxQOHkyT3lETlVKQjljcFhmWFFPMC1NRmo4alY1REtpQl91VUVoYU1FNWg3MlpRTGtXRjhEbi01YU4xeWdPUlo2bncxby11UzBKclBXZjFqOWFhcXlvaTVNaVFCWjgtdkhlakdMM3NCRlhEY1JlZzZIR0p5UWp5TGdwYmNHMGpDNjNKOWZ6ZkVhZGlrNDEwWUo4SzBaUmpGbnRzOHRsdDJLLXM3ZXBrQ2Y0bw?oc=5","Associated Press","Global","1788149880000"
"Oil prices rise as US-Iran tensions flare and Warsh fans rate hike","https://news.google.com/rss/articles/CBMitAFBVV95cUxPb0cxSXlPWVNsc1RCQ0RsNFJiTlpVS0dmU0xNUEdqOXB3NUZHUjZaS0VPZ3hVV2dwYVo5OTR4UmFyU0oyemtUWG1tODJ6WDFxUFhJTGZtaVE0MTBiZEVyUEsyRjUyNDdXOHlseWtIVVlob0NLUm05ejRyZExUQVM0RTJCTVU0MkRVX2ItM0Q1WU9ZRy1WVHc1ZVhrUG0yeThCbFg5NVN1YjN2dEtPQUFmZ2Y1cGU?oc=5","Euronews","Europe","1788149275000"
"Asian Refiners Scoop Up Argentinian Oil as Iran War Hits Supply","https://news.google.com/rss/articles/CBMitAFBVV95cUxPVXZVNWk2cDF1STA1Ml9mVjhSX2FNdThITDlHaU1yWVFUUktFMV9PcmEyUVBGMEdCYnowNnVPeTdjZmFqenlISEdxY2RqNmd6SmtCblREdmJVOVUweTVjLUtBTlBlZElhZkZUMnFCbGtkVnd6bUZreWR1VzhvWnA5MllWQzRucUxfOEZoUTlIZ1hLRmwtMzhScjRxMHRTdm05RDZsTmJ4WDBFT1ZGdDRvcDhid0Q?oc=5","Bloomberg","Global","1788148620000"
"Trump Says Iran's Kharg is Being 'Blown to Smithereens', But Gives No Details","https://news.google.com/rss/articles/CBMipwFBVV95cUxOVkNKSE42Wlo0S0F1LWdSUmtKMjV4aV91dWZMTXdocDFxME50dmVzWEFzbWlLaVFPYUY2Q25BdkQ5NUEtRVZKMzEwSUN0VkktSDlQWUdFSUZicHFPNzYzMmM0TXluN0tpRV95SXR1X05feVowU2Y5WEFWNXVKZUs3NGd5Sk1RVFlibDRGNnhaeDczQy0zcXRtZnFUQzBadzZpaEh2TlhKTQ?oc=5","Asharq Al-Awsat","Arab","1788151356000"
"Iran says it struck US bases in Jordan used to support Larak attack","https://news.google.com/rss/articles/CBMiowFBVV95cUxNSkN0VnJPU1h6MUZxZVdSdVhIRndFVWlmZW11cElfR3gyRG9ucWpyMVdYc3dYN1B0ZWNkTlFvMHVNT196X1ZHN0lja0lQaURjZmFsRWhad2JMZnNxUUVrWlQtN3VleFZubExQbGVfQ2pXY29xZFZQX084VTh3M0M1azJ6U2xHZHNjUVVNMDMtRkVYbF9abC1CQW1xVjdUcGZpNFFN?oc=5","Dawn","Pakistan","1788151356000"
"IRAN SAYS U.S. AND PARTIES SUPPORTING ITS MILITARY ACTIONS BEAR FULL RESPONSIBILITY FOR CONSEQUENCES OF ESCALATION - FOREIGN MINISTRY","https://news.google.com/rss/articles/CBMieEFVX3lxTFBid3QzWnd3cHh1SU1Gb2F4RzltRnBWT09aV1RsNHY4c1NXRjctVEJKS2FuM2JzOXA4bnRHSGNDVTBaR0ktSjJSbl90dzlFSmtBUGJBRXB5bkVzaHVCRkpXWTdiSWpUZzN5WmtlMHliNDZYRnhSQjVyZA?oc=5","CGTN","China","1788149790000"
"IRAN SAYS IT WILL RESPOND DECISIVELY TO ANY FURTHER 'ENEMY' MILITARY AGGRESSION - FOREIGN MINISTRY","https://news.google.com/rss/articles/CBMieEFVX3lxTE4wa25NeUdaVWhfeFotV3pDS0o3MlJOVjlRdzZXYUtuM1BqSldYRDEzT1RLZE1GR1ZOYWprY0owOVh4azhScTI0VWtIbzN1TUlyOS13cndhWGpKOW9UU0ZLTzlNbWx5czlWbWdmVHphdWdNbE9WV3UtSQ?oc=5","CGTN","China","1788149780000"
"Iran launches missiles at bases in Jordan after US attack","https://news.google.com/rss/articles/CBMijgFBVV95cUxOTm91Wmw2NUVuR2JuMHIzT0lPRU5fakpKQmYxQlhsMjdpdmoyOHNVd3Y5eEFUSXVQTEhhczNjcE41dzRqZjVNTUEwR0I1MVBQeFY3Y2lnS0tsa0dYdEx4bHdIZjdWRzFSa08xeTU4OU1GWjI4QmFKREQ0VmxBaGZ0WXQ5ZHBEZ3IzV2NCLVpR?oc=5","CNN","US","1788150739000"
"Bessent heads to the G20 to rally allies on Iran as tariffs strain ties","https://news.google.com/rss/articles/CBMipAFBVV95cUxQOTlIaWpGYXVsTU9nR3VvX1NYcmNUOE12aHgybWVrZElSc0ExRERUVDhWMVJlRWRyNTQ1aFNEQXZ4dVdMSGE4akxyYVhNczVVUWtvOFFOT205R1JLZ3FXSklla2VybnV6SldtVXBBdDF2QU9GNF94ZVEzXzlFeDhLcmh2Q0w0cjZocXJHMkFmSmt6TE8yUl92U1RNT180Z0kzQy1RUg?oc=5","The Independent","UK","1788149880000"
"Iran’s army says it attacked UAE’s Al Minhad Air Base with drones, state TV reports","https://news.google.com/rss/articles/CBMizwFBVV95cUxPZ09ObHphV0lHczYtdENzRzVQNFUtNUhLLU90dF92aTNaZU4yYm4zT1lScGhlekhEM1RVaGVVQUhQZEp2VUtLV19UelcwWnFUWkdkN0dhRUdtYkUtU3FIckVldDU5VnRnSkRaRkRGVkVyWHdBLTZzQUIzX1pMYUZSclpFSTZSOVBFZzlvSGpIWnlwNW84VDhZNm1LTjFDV2pZeG9WajktcllVb2VsVTdTTlhpUXFEVFg1NnJmZ2ZyQzRxakxUdTVzQ3BLOXBnSDA?oc=5","Reuters","Global","1788151440000"
"Latest developments in the US-Iran war","https://news.google.com/rss/articles/CBMikAFBVV95cUxQTjczaVlLclJpM2hhczFydGdhMEp6d3BWdnhzY2ZNRVlyY3VCekNIZUZQakdXM1JLZ1dlSEUwM2xnQjNwQTF5NmJidGEwcFhmdjNBemxNeEMzYzJLWEZnNWt0T3dVRi1xcXZlM2EyWXRoQW1CMUFWS2RrcG04Ym9pVjlxTzV2M3U4cmdIUXN0UG4?oc=5","France 24","Europe","1788151391000"
"Iran Says It Downed US Drone and Attacked an Air Base in the UAE","https://news.google.com/rss/articles/CBMimgFBVV95cUxPUUZOanpZMlB3a2ptWENDMFJnQWc3emV4bTV0TGR2Wm1YaXBsV0tCemRCNzhoMkF5azVDeXdaMU9XWGxPVXJMUkJFeVdULVQ5TnJsRUF4bW5hSUNRMUpOLTlFY2RWajF4Y0N2Mko0cWlhdUV1VWlYMk5xdE8teDB1LWZjbmFZdC1NeGdJVGZTM3ZlaGx0MkdfRVhn?oc=5","Asharq Al-Awsat","Arab","1788153862000"
"Trump says Iran striking Gulf neighbors was 'very good thing,' Israel would be gone without him","https://news.google.com/rss/articles/CBMiX0FVX3lxTE91cjFZdzVPYjR2NktsTHZ1azl3ckJ2WHl4bmVZM1pCNS1fWVN1RTFDZk40RmxrSVhabld2NS0tUHJSbVBMTXhmOVdfS0FESGhrZEszOEJQQzhDbnRFZGFB?oc=5","The Jerusalem Post","Israel","1788153788000"
"Iran condemns new US attacks, says its forces acted in self-defence","https://news.google.com/rss/articles/CBMibkFVX3lxTE5tcWFGNWFoeWNBQ2UtMUY2Rlo2dFNlSGo2aTllbFh4cExvT0xFSGZyQktocVRPNFFjaUM5dFhJSzdCVVpWTkNzZi1vekFmM2ktYnk3dmRLYzdOM1BfSWh0MWtRLTd0VHBHRlpTOTRR?oc=5","CGTN","China","1788153124000"
"Iran’s Pezeshkian says Tehran ‘not looking for war’ after US attack on Larak Island","https://news.google.com/rss/articles/CBMiuAFBVV95cUxOdEQ3UFJ0d3Y2MEdCR1hQN3M4ZkMydnRlcURYb2cxUmdMNm45UFl3UTBqTmlNcDZYTVFfaEZBdENGRlpxa1ktdGRkcHZFNmVZLUVISXg5cERhbDRmNmtMbWhsemE0Q01rWXp3NDZycDNVZjRPdGRVNzdkZ1BoYnJfVUtlVkQ2V3VYd2ZRTHliWUdhTHhtSTBnX1NtTnNjd3paMWIyNTdUbUZSeHlHUGk5X21URXNldkhi0gHAAUFVX3lxTE14cEtxcUZPWDBuUDZQcnFReGpEWXl0aFVoVXhjdVp6Y1VFWnM0RUpjUGtXMko1M2tfRHFHZ0ZOTWttNW9YVkdpWHZkSlBEYmhqZ0VjUTFVR1NTaVktWmhDMHRzVEctVi12Snl4ajFidHhNWC1GVlB6UzAwX3hZdXAtOWlYMkZIUW9xNS1ncER3MEJUN2pFRmFRMFV5Z1Z1R09jZmpxa3pWY1Z2LXRjbTdGUmtHOVJ2eGFuUnBVa3VUeQ?oc=5","The Express Tribune","Pakistan","1788153057000"
"Iran war live: IRGC attacks US bases in Jordan after US bombs Larak Island - Al Jazeera","https://news.google.com/rss/articles/CBMi1AFBVV95cUxPbU9Uc0h6blczRHQ0bXZONllvcElsVTFFczJrSzUwdGl4UWpDTHJoWllydWxpSTlhbHZFUU1CTU51SG5ncF92bFNWOXVuMEo1dnRQOV9kbFhBaWpFNmg2YmpkRjBLamtkZEhXOGxLaDVlR3JDbGZ1Tl9hNjRFVkhpamdSanNJSnAwLVVKRktzWnRfdm5FY0c0bnpsOXh4SE1rMWozY2NkN3BSXzBWRDRQcFk2Q2dvSWU3a1hIVnlHaDRRMV9iQjF0a3FtY05PcEpLcEE1eQ?oc=5","Al Jazeera","Arab","1788151899000"
"US & Iran Resume Attacks, Oil Moves Higher, Reflecting on Jackson Hole","https://news.google.com/rss/articles/CBMipwFBVV95cUxOaTVnS2x4MHpTUk56R2hHd1o3SmJub3JWOW42LU53OTYwczFIZlVMMmIzdnZ6UUduSFY0ak5VNWVDTUNOUmlHaGRNcEMwWHg2WERoSERiTHAyQ0JsUGhvTWhtVzQyZjB6RGdOYkxOZk0tR29fQWVoejIyVTFPdHVvamF0U24zOUhtS3R0eGpKQ3RhRWJjWUZfRVNMV2RlR2hocV80OFhyQQ?oc=5","Bloomberg","Global","1788155367000"
"Trump posts AI video of Iran's Kharg in 'smithereens', no evidence of attack","https://news.google.com/rss/articles/CBMiuAFBVV95cUxORVQzSG1hcjZUa3F4dlBHbmczSFliQ3d6ZVgtWjl6RzgtYjE4cGtXNjhpRHhmU0pBb1FSQl9iUHN5b0FUZHFMX0JDSFNONERPQ0c0T2Z6ejBFWE9jUldMUU9sVzJKT1Z0R0JaWGFUaHZUdnNtcVEwclRIZ29vZnpqd1JJOHg1Qmx2cHZ0TVMtVEtjWEdNbE1kZDY4cGxUNlRxYkpsVm1UUnZ3RjE2Z3cwRlQ3WVRWU0hO?oc=5","Reuters","Global","1788154800000"
"US Attacks Iran Mine-Launchers, Oil Gains, More","https://news.google.com/rss/articles/CBMimAFBVV95cUxPa2pYZnlXd00xVzF2Zk9xaUhQU1JDUzRDODNMWEZtRWFjd0NqbWRNZ2U2MmpmRFdFNDZoRHRjS3BxQUpab3N2STVlMmtIbi1ramh1UHhVdWJ0dTBhRXA3UVlhS0Z1a2EzbXk3MThtM0JZS1RieFY5Mlp6cEl5d2J4LTdsdTk5SmxELXZldUF0Qy1vTE1GT3R5dA?oc=5","Bloomberg","Global","1788154282000"
"Iran retaliates after first US strikes in a month","https://news.google.com/rss/articles/CBMiwAFBVV95cUxQUE5FUWw4aVhMQm9ibTRQSDUzZlJVOTB6OV9iQjlsOUZZMHhGenZ0R0d4cEF2SjMtOWZJc3lMRERILUhJTzhBQ0x4YUxuNDZFZmhvQVk2bzJfX2Q3eHpkR3YzMUFXQkE0R3o3aXlya2FPWjB1Qy1kWEJ2aXRsZUxGelVOamZqZzJuT0psOEdQdjVyQ0Noa183U2FBejV5dFctdWJEWFJZWjlhdk5EdS1VUHBtRkVGeTl6dkcxYUN2T2U?oc=5","Le Monde","Europe","1788153705000"
"Visible commodity vessels crossing Hormuz have dropped to 5 per day","https://news.google.com/rss/articles/CBMiowFBVV95cUxOMU1oWk9YVlBYMnh3UUVvSWhkUGhkOFRFeHh6UHBCZk5HM1V3REY2V0l1NG14YkxuZmlrTGdfNlhXSWR5ZjBxZWRURFVjWUFra1RPbVc4QU1wRnJndkY1c1BDYWZ1NW80dFlOZFRzcWJ2Z1VWOXFhSUI3ZjZYcW5EblRFeHVKVXNWOFRudUQxY3pzZ3pBaTBlaFZ4cHI2blhaU2JZ?oc=5","Dawn","Pakistan","1788154673000"
"Iran says its forces acted in self-defence after fresh US strikes","https://news.google.com/rss/articles/CBMioAFBVV95cUxOVENTdE5PNnRnYmFubXdPRTdwWGhlU3g0cXdjYVgwQkxsVWlEZHNWVkZzOUNtYmc4MU1HOGNUMDFrR2lGZFQ1WVVVeENQRVlla1E2VkhTOEJWVWpkdE1xejhaMjNRU2tzWGFoaHNhajl0TzNwRDZBSkZwRElmTHBNOGJvTk1UNUg3X29SbzdrQWd5dTdEWWp3a245ZUZHc0NG?oc=5","Dawn","Pakistan","1788154124000"
"Iran’s Revolutionary Guards say supertanker struck by mines in Strait of Hormuz","https://news.google.com/rss/articles/CBMiXkFVX3lxTE4wd1V6TTJRUW1GZ01VWGZ0RHNaY2dCLUVObGR5WmZxZ1FCRjBxSGhweGtCQUVhZmFjVXM4M0tXRngzVGVGY040ZUdPREtfX0dQSXQwbjlQbG5LNmN5UHc?oc=5","Arab News","Arab","1788153577000"
"US & Iran Exchange Fire, Warsh Skepticism, More","https://news.google.com/rss/articles/CBMilgFBVV95cUxNeHJhSmVNeWN4OVBUSmZ3SlhJWVBERWM5elJEWmlxaGRqSHlOLTZTaTVZQm56eFJKR09yN1FhY2d6Ulc4MWl1eEx5TlB4X0xjVnRkUnFmSHBVR2c1MXVKNGlnOV9WbDVCT3lYWGlmS1BVXzktNXF2ZnQtaEZlRkRiMDJ5Sms2dVNCQmxvQk8waXFoYndrT1E?oc=5","Bloomberg","Global","1788157407000"
"Oil jumps more than 2% after US attack on Iran's Larak island","https://news.google.com/rss/articles/CBMinAFBVV95cUxQOU1uRkZYNFo1R1NiSlFqYzl4QjF3eFg3OHFocVNqc1lQbFhzR19BT25rbl9uOS1FdU9NNWx2NUpvRk1ldWJDSTdGQ0tzX0xsSHBVbzAzQjdGbW8waGpUNEtVNFU0UEFkSHRFbmp1a1VZaExCVDQ4elpKc3RtbnpKYlVJeUVzX2dHd1NwSzZmLWNEc2llZEZpSTB6cznSAaQBQVVfeXFMTnphWDlsSmVCeUtZb3pBRlpPWkRZWGNkV3h0c0VUT1hsZzhqY2QyM3NOSm9hZzJ2dDhiZ1ZhN3N0cGhuVGdVOFIzTDJQYXNNY1FXbTlTWkgtcEJ3TWxNUHkwam1aWERGUGNiLUF0TDlhNDE5YkI2REtzZmp1Nlhrc29TN045WTIzbFFEMjV5LVJxckgyM1lpUE8ySHNrUFpyampPMzk?oc=5","The Express Tribune","Pakistan","1788158025000"
"US Military Leaders Warn Against Prolonging Iran Operations","https://news.google.com/rss/articles/CBMiogFBVV95cUxOMUFCWUVyQWd3UVRERzdGekFsZGRFWFZTN1ZRZ095NC01LXlGM3lFTUNqU0VpOHNUWlo2MlpkS05odWNSTzh1bFphSVFDMnNWYW42R3NRUzVidkZVZXh1SjF5RmVkMGdDdzlLS2U5VDg2RFZsWmh1TXVfbTMwRjZfT1V3YW1wSU1OdVh2ZTVwR2NpZWowQnRQOU5wUWdDWXd0d1E?oc=5","Asharq Al-Awsat","Arab","1788156716000"
"Iran war live - Al Jazeera","https://news.google.com/rss/articles/CBMi1AFBVV95cUxNeXkwLXFSM1FuTGZzOWxLeE5yWWFXZG1ZYzNWWEU5WHpaQTA3d3JQbU5uUFJtZHFWWUZLTlpfRzZFRk9SV1NiS2FaUEszcDRnMkpXN3djVFZxWE9uVVBOcDl0YmQzeWN3R013OTZ0QWF6cGVKUFZGWTV1bGxUeFlSZ19NbVRDdWlSOXNrVk9zZWZOSEI0OG5GY18zOGJqaWxoeGVTVHYwZVJEbGVRXzBaSkx6QlcwbF85XzlqTElPd2JaWXVLMGVKcXk3eTdTLTk5VlBmSA?oc=5","Al Jazeera","Arab","1788155260000"
"United Arab Emirates says it has intercepted an Iranian drone over its territorial waters","https://news.google.com/rss/articles/CBMilAFBVV95cUxPSkx5VllnSlpKbjRJSUM0S2ZmSWhlb0YyX2xyUElqbmt1X1RxMDhLb3lNeGVqRFprU3ZBcHppYkhSZUFOb0JGNkVjZFp1U2doYnFaWk9WVUEzUG1RN1JQVkF2VUtkQUliY09fcm5rNllyeDVaRG0yNnVqcFFXME0tNjFOVjRiODI2RTJJSjZ1eHRaSXRx?oc=5","Associated Press","Global","1788158820000"
"US hosts G20 finance talks with growth, Iran pressure on agenda","https://news.google.com/rss/articles/CBMirgFBVV95cUxNQXVodW1IM2ZlU1F1d1VvcUJJNGhjSFhCVlFrMlZsMXFpMWhXdWxmbVpJSlYtYUpoQTdKQ1pQNmYzLU1XeENGUlJBUEYtdVEycUxXMlZCOExSR21BVUNSWVVoSGNZTWhiVGJkWFBXRi1YYXAta3ZvWGFhVUlrdC1uN0VlN2doZzBJdzJCSE5FdUNGTmFXaVl6LXpEZkkxaW4xRlZkUEtZc3RqWl84SUE?oc=5","France 24","Europe","1788158474000"
"Asian shares, US futures retreat and oil prices surge after US strike on Iranian rocket launchers","https://news.google.com/rss/articles/CBMioAFBVV95cUxQTkxlME9kNGFRUWlyc1k0NW93dnBPbHRkWWtveTVWc19ybnNSV2J2SHZ1MUhZa2VrQWVRaWNWWUQ0ZnE5UmRHcjYtYXl1ZVp4OF9DU0VRdmFEVXJ4MUFnUWkzQkRsNThWbVVXcUVvUDBRYXpoeXpBcnZaX0tXTjd3V3QxNzRBMTAwY3dRSmticTlFQUtITmdqQmpRS1JyUDVS?oc=5","Associated Press","Global","1788157920000"
"United Arab Emirates says it has intercepted an Iranian drone over its territorial waters","https://news.google.com/rss/articles/CBMixAFBVV95cUxNVDRVdklOdEFONkVyU2FkVWp1Z1dVbFQ4Zlc2d2RWV3E4VUNGQWlJSS1iVVdjZHNvZ0w0YU81TmNQeVlZWjhueHR1Nk5aWFpXcm1fbDA0VTZjOXg3dHhESHVCck5hanZrQVdyUDN5bndzYXFGX3VBUGZ2eDBtWmtFemVTblZod2tweGJwalBTOGdnOVU5eHFYWFdjWUtEOTRwSFB6Nzh4bnVlRjB0VmZNMm5lY0dOa0xOVzVuM25FQ3NhWm9S?oc=5","The Washington Post","US","1788159637000"
"Asian shares, US futures retreat and oil prices surge after US strike on Iranian rocket launchers","https://news.google.com/rss/articles/CBMioAFBVV95cUxOaXl4Z2NmenR5dEVrRHdxTFBQQWJKUm5SaGpLdk9JbWxCMlM2ZjlBMnJ4UVZCcjdVY2RZVkFBZlJpdE92QXAyNDYya2lFX0RGYjYxQVRxa3E1UzVKbmJmSXFfSHZjNlJadm03SDlIbnA1SmEwajJ3aHZiLTRMWTlVTndXRDhPZXZ3RndhZmhmMWU5dEFERTNDbDhxWDY5N2Vr?oc=5","The Independent","UK","1788157920000"
"US senator urges Trump to arm Iranian protesters","https://news.google.com/rss/articles/CBMijgFBVV95cUxPQW9ZMmtXS01iX0liR3dYUjNfZjhwNllna3dKd1RTZjVCRUtZMlBHbHhwY0R5NHk1NUlmYmREckhCX0VFaWFUMDkzbzBjbzlySDZpYnpkWlFzd05kWE5YbGdIR3V2UVlTc2ppY0VKS1A5d1V5S0d3UlRpLU9mY1NEZGVUUVFaV0VhS3E2eGl30gGWAUFVX3lxTE5lN0ZzbDI5MUVBXzBTYUlwYm40NC1UcE9aeHJkelBfTG1rX3U0Mlg4MV9uZVR3NVlzMTJhZ1VORTVReGg5TFB1Y1JpazU0VHBnMnk0TVdjVV9HLXRTS2dZeWNjcW1uUndqc1ROcWw5cktSelFOZ1NiZFlOSVczWTBjZzVZY1pOSkltTXFMWkNQV25iQkJLdw?oc=5","The Express Tribune","Pakistan","1788159613000"
"UAE says it dealt with drone from Iran over its waters","https://news.google.com/rss/articles/CBMiogFBVV95cUxOOF9yTnZSR2ZUMlRpaVBJSTJUZnQ0R1pOTHB4MlUtT2s3MW9BYTU3Q3RHTm1RSnQ3a0VxTlh0eG5LbGhRY1VYNmN5N0tReHpOSjBuZF9VRl8wNWZJTG0wbFJmbnJhbHFETlhnYnV6ZnNTVnYtQ0lwWHY0OG16UGRzODJPWk4wajdUcm9tQW1CaV92X21ZT0RMSTRqY2cwclYzQ3c?oc=5","The Times of Israel","Israel","1788158796000"
"Trump posts AI videos of Iran’s Kharg Island oil hub ‘being blown to smithereens’","https://news.google.com/rss/articles/CBMiYEFVX3lxTE11NElNc1l0YUFnZlFlSW41bmlFVlBwQjFYTDZyYzQyMGtKOW5VZll3c19YbHllcWJFdm93ZGFOUVpZNmZIZE1QSk1DRm12aDMzT242OWN5TjhiVXdSWm5DQdIBZkFVX3lxTE5CclRnZzIxZDc1dHdpOWNFeUQ5MlVpdkp4UDNSTG4xMmZwWTgyOEtUSTVRREEzZkpnbnlORUdsNzJocnk5ZS1EY3d6a2t0UkdjM1RhZmdRaW9rRHRNUTViY3RCeXVRZw?oc=5","RT","Russia","1788158400000"
"Iran’s IRGC says supertanker struck by mines in Strait of Hormuz","https://news.google.com/rss/articles/CBMiwAFBVV95cUxORF9VejZyUUNfVUU4a0p4UEQxU2IzeW96clozTENqZXdzMkNlSVhCZmxTbVI4Z3lGM2dQUFhTTTFMNU8zWFVFUE10LWlkbTJIQlNIOFZteXJaX2U5WFBrWkFFLWdFRmZtaDF0MURFbnA4X2Nuc2RsZEhyTGhJalhCcDIzODc3SkRBSV80S0FnSWhmeld1RzZnOXhfUEpORFBpaHhBMk9GTXA3WkZTdTdmTnNQVS1FVHFnbWJ0OENnd3bSAcYBQVVfeXFMTWJHOVhCMTduUXljWGttMFNGZ3RLYTdLaDF0QzFBaFdIbl9uaFNlUzZMallGdmwxWEJFTU1Ea1dBM3I1Mlk2d1BXZ3ZUMWltZ1U4NzlvWDhIaVNYV183UWt4UjZrZFJqRzhwd0p6SzhWdzJGeEZTMm1HeDY5QVZLcTRWSWs1dURDeHZuUnBlMXJWdmRXVHBxeGc5VlF5UC1QUGhHOFVSZ1BZUEx4TnRNRDhCSmtmdnhQYk9QU3Q5dlZ1TVZyY2d3?oc=5","Al Arabiya","Arab","1788158340000"
"UAE says dealt with drone coming from Iran over its waters","https://news.google.com/rss/articles/CBMilwFBVV95cUxORm82VVN5bmFZSWItc3VReVQtdjdXbnd3Qkw3OEY5S2dmWG93ZjBtbHF5NUptSDJjZHBsRVZvZHJlejU5aHBHUzRmMUN4aE9ncXJBLUNBWkp0Uzh4T0VzZmw3LUdEdFBIelhyaDdDOTV5NFhwX1BDN2tSZE5UYWI0RTFXSWdkS0Z3R0YxWDRDMnNCaEtMbDBn?oc=5","Dawn","Pakistan","1788157839000"
"Iran releases footage of 'attacks on US bases in Jordan'","https://news.google.com/rss/articles/CBMisgFBVV95cUxORnJaYWtXaEthckZjQ3l2MjNXbF9pX2ZHVDl3LTlKUGplb2pYX1RmbXEwMUNjcXdHOFVPQ3hMOHZSWkxwZzBkSTJsb2h1NnNsMVo4T0Z2N1pZbGJ3TEIxQ1Iwc1JwcG5KeERld3dqNlJQY2ljRU9RNVdDYW9iTVVQS1JwekRYU2R5Rkt0dFFlc3BGeHk4VEtjRjcxNjlQaTItM3BiaTFpQzVCWWFSNFpaTTVR?oc=5","CGTN","China","1788157236000"
"European stocks ease as U.S.-Iran strikes fuel oil rally","https://news.google.com/rss/articles/CBMipAFBVV95cUxNZzdFeEJfZ24zM2Yxemdobk42RnA2M1RVTWMwdWZ1NDA1X21PTS04d3BMWVZwTkNUTGRCNWdmS2phTUhJdUVZR29TMWVBU3dqUkhtVFdZRVgtUEM5WldFRlNFcGh4U05tdGYtN21pam5uU1hzd19aSlFGaXRzbXlMWFp2ZmZDMXdQeXc3QVRXdDM4UHg4OVlUODdmLTNCVk5PQzZEaQ?oc=5","Reuters","Global","1788161149000"
"US & Iran Trade Strikes, Oil Boosts Higher, More","https://news.google.com/rss/articles/CBMilwFBVV95cUxNOTAzMXN3bW96LXdJQUVSU3dBRXl1RHNCcUNVd3VobFk0YW0tTDE2NHFQOEFGbDh1LS1NX0xmeFFZc2dFOWQ2QzRYSU1ZclNwNWlZVEhYREtHckplU3R0SzJXS0ozT2xqcWt0RndlelBXTWRwTmxBaWhWSGZUV2hnUlBBOE52MWNEZHBYMjIwdWE2V3BXYXlR?oc=5","Bloomberg","Global","1788161139000"
"Watch US Resumes Strikes On Iran, Warsh Fans Rate Hike Bets | The Asia Trade 8/31/2026","https://news.google.com/rss/articles/CBMihgFBVV95cUxQNGRncUYzSU8tTGk1d1JBNm1Va3p6VWEzUDM1XzROa1ZWX0gyc0didkNkbnJPV1RNc2ZVQzJNSjJmeVk0UHJfSDZlMTlnejgtakVXWUp6aWoyQ1FFdnNSeUIwYTJ0c2VMaTdwSmh6dEdUd2l5d09FcUR4ZTliTnRra3l0UEt1Zw?oc=5","Bloomberg","Global","1788159939000"
"United Arab Emirates says it has intercepted an Iranian drone over its territorial waters","https://news.google.com/rss/articles/CBMiugFBVV95cUxQY0I2LXlwdC0wWkdiT0IzZUgxYXI3Yi1oN1ZMZVJFcEhoU3dsU2Q3ZDFwbm95STFFQUdsbk0zRzN3S1dUcEhfeW9MSVlSV2NhbmZmc3NQaHJjVVR5ODRQWWpjTGRFVVA4QktNTERHbTNRaEJfM2QyalVUQm1tLXJnRjE1UTVxU2RRd1BrVzV3Q0RMMjR0NmdKclpDT1d5ZjdwU1NHb09WUWpJc01uV2ZnSnFJdjBoakZqakE?oc=5","The Independent","UK","1788160920000"
"US Hosts G20 Finance Talks with Growth, Iran Pressure on Agenda","https://news.google.com/rss/articles/CBMinwFBVV95cUxQRDk4Rkp4cjg4dnhuTzFYUWpVSmw5UFBuYzhjbXpnbDJBUUlYZTBZNUg1QlFzQlVORGtoX3BYWF9RZG85UUpmZ0FMT1JxdEU5SjVRdmhYNEVRQmd4eG9xR0U5Y24wNUFPTnBhYlNYN3o1ZjJJVVdSQlROTXE2NXdQSmdIeWx5WkxrZGVSdFlVSzNSVU5oVndXc25RbnI0Unc?oc=5","Asharq Al-Awsat","Arab","1788161702000"
"Iran retaliates after U.S. strikes rocket launchers","https://news.google.com/rss/articles/CBMifEFVX3lxTE1RZGM0dWhSajYtQkZQX05kdlk0cmlNOFhSMzVkWUFMTUxyWVBSdlI5TVhYUnBzRGU2TE9SVlgzQzVEQnd4NGdQdWpEU1owNGstTld4ZzE4N0tkbnhRZ1pzWFdtZFRFZHhuN1N3T0ZBNXpQbDNsZ3RBOWhjeGQ?oc=5","Xinhua","China","1788160755000"
"Iran’s Pezeshkian says Tehran ‘not looking for war’ after US attack on Larak Island","https://news.google.com/rss/articles/CBMiuAFBVV95cUxOdEQ3UFJ0d3Y2MEdCR1hQN3M4ZkMydnRlcURYb2cxUmdMNm45UFl3UTBqTmlNcDZYTVFfaEZBdENGRlpxa1ktdGRkcHZFNmVZLUVISXg5cERhbDRmNmtMbWhsemE0Q01rWXp3NDZycDNVZjRPdGRVNzdkZ1BoYnJfVUtlVkQ2V3VYd2ZRTHliWUdhTHhtSTBnX1NtTnNjd3paMWIyNTdUbUZSeHlHUGk5X21URXNldkhi?oc=5","The Express Tribune","Pakistan","1788160050000"
"Bessent expects new US secondary sanctions weekly, aiming to increase pressure on Iran","https://news.google.com/rss/articles/CBMi2wFBVV95cUxONlBDV2NraHB4SUE2eG9CYlBOQ1ZpREFWS3NVOFlHZWlvMW52NUpDZDR1RHctSkd4dEFvNlhpeHBuUDNrUzEwV09IMWlQbGhfTDlXOW1NMkFCZWFOZm5YcGNlME84RHFKcTdIaTB1b2hMQWg4RlVlaTI2dGEtWGhjRHBTcmdTclE1c21GOHF2dXdlOUU0TmJrSUpDREo5SjNTQ3E3Z3ZGYnFGRWZjeEhybl9uVkZMV1BTbVBhMjhfaS1neFE2bEc5T2lpQ1B0SWUzZUsxTFNicm9jNjTSAeABQVVfeXFMUEEtMW1zMGJQams1UnpjV0w4MlBxZ09QRGhlcS1jelpOcmFIV2xrc01yQzI1T21OVWVsR3A3b0N0MnotYm45bDZhUlpfbWJWX3lDSkZQNWxWQzVZSjljN3F0RHlIVmdiWjJiZzNlenNqemVnZ0NzTkZEUk01cy0zRHJFUDlKb19hT0kxYnRMYzR3Tmo2eEtvclM3enlYTTFqOVJuN1BxWUNWRExNOENQVEptbjhUZnB5NkpmYkpZQTFfUFZpY28xc1U3QndILVQwaVNiWkV0ZE9zaVBnRVJ1ZzQ?oc=5","Al Arabiya","Arab","1788159660000"
"WATCH: Iran releases footage purportedly showing missile, drone launched at US bases in Jordan","https://news.google.com/rss/articles/CBMixAFBVV95cUxPay15M0czV3pEbmR3YUd3dkZfQkZCc1AzdmFyRnpJTXRZODFiZTFUTlBFMmJiclEwQTlDY2ZQWTAxdXp1VHRxc2FyYzhXZ2NLaFp1dXRwTk9LTUY4MjJkV0hLTUF5aGhfSXJPSzAzWXFsWVVNLWRTdzNFOVBmOTdRVW5pd0JLa3NWVFlYQ2ttQ3ZoVkY4RmVJaUM5cENmaU1Camt5cXBJLU5INzlHdF9DR1c0Y1dFWTBHaU9NRlFiNERveGJP?oc=5","Dawn","Pakistan","1788162620000"
"US to host G20 finance talks with growth, Iran pressure on agenda","https://news.google.com/rss/articles/CBMinwFBVV95cUxPSmNxREZaSjB1TkttZ0FaSEpWUEFaakJUTmZFVm9yaU1pY1pJMm5nUExWV29BM1h4RWI4VjJPQUU5UmlVWHl4bVA2N2thNzU0Z3cyT2UxOHRjdTYxdE1ZakYzM2VBdjJ5RHUtVGxBTXFfY1c0QW5pLXFBc2Z0MVplY0gwdFpMcnRMQnhRbWFmWnA4anYyaV9VNnNBS1NTQk0?oc=5","Dawn","Pakistan","1788161506000"
"Trump claims Iran’s key Kharg Island is being ‘blown to smithereens’ in AI video post","https://news.google.com/rss/articles/CBMiowFBVV95cUxNZmtjcVBENnJaVnV3dnFGTVdjT1RVS2dfNFE3VjhReGtkTWRRV0Q2MlNxRXpyMHlmUFFCMEpjYWNDbnlZTnhYUmF5WGV0c2tNYzVrM01kU0hxeUxMRGIyMEctN1MxN0d5ZVhHaHBfTzBaLUdnREpzcWdFaHJ2OHZwRUdBU3BBU1FxV0xackJ1ZFVsZzlxbEZyM2FRcFZpaEV4dS1n?oc=5","The Independent","UK","1788164100000"
"Trump posts about vanity projects as US and Iran renew strikes","https://news.google.com/rss/articles/CBMiwgFBVV95cUxNYlJxREZRdjd2by13QXJJdERoaGpNWXdpUTdqUGtUZm4ybHc3b1NZdTNvUmF3bmRpSThnSEp6V055YjhuZS1CWGl2bTY5d3BFdzRkME9MRDdOM2oyWEFzZGRrQmxxT0ZWQ2RIeEJYMU5WZUlKUVJmd204MkNKTkRBLTJDTk5XNHo0MHdBdXFDTHBpQ1Z6Ymdza0RyR3phSHJqbThLSlRtaUVjTFlyWjN0b2hUMmxzd3RYM2xoMFFHNDF3Zw?oc=5","CNN","US","1788163020000"
"US & Iran Resume Strikes, Yen Breaches 160 Per Dollar, More","https://news.google.com/rss/articles/CBMipgFBVV95cUxPcnJOQms0SWpXRTQ3UWNyalNJOHdraVVhMDg4WmtjQTJodFpCdDZTTmlJeVJkZnZVNHFYUkdJWGVjMU03S19KOTdOTEdpVGQ4NTUtVU90dEtTcW0tbnE5a19SSXVnWWNtbGFjd05ycmtnS2RlTmJ2VUJ1WExnYTFwSkplU1JJWHZYRGpOemZlVDU2Wm9UYS1fWUdkLVhZUDdSTEtoREpB?oc=5","Bloomberg","Global","1788164499000"
"Iran, US trade fire in first exchange for a month","https://news.google.com/rss/articles/CBMimwFBVV95cUxQUVpycVlOcmZJU3lBTlFjLTZSTVdFcklXSnZZYzB4d3E0SlI4Z3NtQUQxVGQzWmQ0cmd5VkFxbGRuQmJFRUsyR0gzUS1zM05NMGFMU2ZGelYxZTRKUEpxMHBJM1REc1VITmtqMVNaTWdCZE5Xa0h0VXZIWVdsS1hfR1U5RExucG1WU181aHYxNHlxSVVPNVpiX0REYw?oc=5","France 24","Europe","1788164350000"
"Crude Prices Rise on US-Iran Strikes, Equities Mixed After Warsh Remarks","https://news.google.com/rss/articles/CBMiUEFVX3lxTE9SeU9fV0hvVjY1Q3lBeUZWQlVWcmcxcWY3dUtGd0N6YlQwTTlleFRMclYyQzFnZTJpcFowQjRwZk5PU241R250cDl1dUF1a1VC?oc=5","Asharq Al-Awsat","Arab","1788165481000"
"UAE air force responds to drone approaching from Iran","https://news.google.com/rss/articles/CBMifEFVX3lxTFAxZGVGWlpVZjNsS051N29ndGRVekRyd2lCMUpqdDk1bE5ic0gtWGlDVDcwNjFmMENKd1JJdVg3dUNTWDV6ZC04TGItT2lIbFFLclZPWnp1cm1jZ1gxMjZWY0cwM29jYl8tamwya2c2cVRQd3p5QkhxZU1Vek8?oc=5","Xinhua","China","1788164310000"
"Iran condemns new US attacks, says its forces acted in self-defense","https://news.google.com/rss/articles/CBMiwAFBVV95cUxOMGxVbkF1VEw3RzEzTmdsakhDRHJSUGNCZlBYYXFWVl9iSXdGZ1Q0bEFhb2tuVU5zUUF6VlZtSkVjTGdqcFNlOFowNHh3RS1BY191OTlQM1ZwWGY4OUlqY3AtWXh2UlZEZFJIQnBQRlRnRUdJU0JaaUhIcmVrZnhfazQtaEpzZWhJcUp2TzZ6YXNwOWlNVmotZVRfakIteVFMcV9HbTFjZ1dGNWFFZk1PbklfYnhhU2RBYkVXOVFxd2_SAcYBQVVfeXFMTjh0RGJ3dnhDajdBRVdnZXFXazhzMFRRd0psZklDN2w4Y25yU0ZpMHkxdzJhNzZ6bXZyLWlsTTNvS2U1SlZuQ2dEZF9WRVQ2UjdIWVZkRk1qQjJ4TnVWQ2ZBWXNma2NCWnk0bDVYWXhUSkxSbHFLOURLZ3J5dmpPQmgwWHZMSnNFOWJyYUM3R2xGMUczOWlta3ktMExEcDJjUzNKTzdCXzlLOU5QeksxSG1RaUF2ZXFIOVk4MlNpVEVGZTc4Q3lR?oc=5","Al Arabiya","Arab","1788163740000"
"Live Updates: Latest from Israel, Iran, and the Middle East","https://news.google.com/rss/articles/CBMif0FVX3lxTFBKV2Jsa3RHT3lmSldYWm9FdFZhV1VrZ2hNcDBKX3pIN2ZTNzBtREJjbi12RC0zQUxadTI0RFZRNXMyZV9pTkpuVDNrLWhIcU4wa1FBdjRYalR0NmxORVZKWEhrOEtST0Rvam1HZHhBVFh2eUVMNmxfaWFtX25GSzQ?oc=5","The Jerusalem Post","Israel","1788163205000"
"Iran retaliates after U.S. strikes rocket launchers","https://news.google.com/rss/articles/CBMifEFVX3lxTE1zdXAxbG9FbWs3UkprWTYxRndsT0JfR1IzSnFNWTFrV0VqR3FXNm5DeGdLRGExMFp2SkJEVHIzUWwyRVZjbmMtbkhOYjlIUmxoWVZxbHpnd2dDNktwdXdRblBaTmkzLVo2VVc3NkF3cDB4VnBldUZWTEZqOEM?oc=5","Xinhua","China","1788162555000"
"Iran does not seek war, but will respond to aggressors: president","https://news.google.com/rss/articles/CBMifEFVX3lxTE5kRGdDOTIwUklKUXliRmIyS2JOUV9udWhMTjExRHNJSDVDY05SODJ1dC1iX0lyc3lIZFhnSTA4ZUZVM3NmTG1MVUppQ2g2UW0ybF9OckRJMDFXejRiZzdqR016cGs1MG9aVEhhcG9EX0pGRENzR19PZ3lZV0c?oc=5","Xinhua","China","1788167430000"
"Greece, Israel sign over NIS 10b. defense agreement against Turkey, Iran","https://news.google.com/rss/articles/CBMibkFVX3lxTFBlaEM3TUlZMlJSWFpKM3RCd21VSE0tVHhTUDNsV3hPS3d6UTJtSzg5aUoyT3N2czloU3k3SDFmZVdPLS1nLV9TdXR6aFdsRjZyQnMwdXN2ZjV2Tm90VzdZRXJsU3JvdS1jYUNla01B?oc=5","The Jerusalem Post","Israel","1788166789000"
"Iran targets US forces in UAE, Jordan, Donald Trump says attacks were 'very good thing'","https://news.google.com/rss/articles/CBMibEFVX3lxTFBTM01rUXN3bmt4RmxUOVBya2owZFVEX2JvRGpaZ3VPckg5M3MxSXJNOXNETllkeXVQV2JzOHNkYXFuQTRNbGFVYmFJUHhXcGVhVG1uYzk5V0pEb0w1a3owS1JqaU8yY3NHREhESg?oc=5","The Jerusalem Post","Israel","1788166609000"
"Global Oil Price Jumps After U.S. and Iran Trade Attacks","https://news.google.com/rss/articles/CBMid0FVX3lxTE1tUGN0NXFwRkNSc1FHOHRubzhJbTluUlc3YWpSbXlrUHZlbDRoN1lMNU44Z0gwMC05eVJvOFJyWnJBZ2U1V0tLb2NTODE4Q3ZMZ2xJRUhLUEtGUER1c2J6d2hfNmxSczEwV3NaVm1oODIzSC1Lb3lN?oc=5","The New York Times","US","1788167220000"
"G20 Finance Officials Gather in U.S. as Iran War Grips Global Economy","https://news.google.com/rss/articles/CBMitwFBVV95cUxQRVd0eHhIM3Fod1Q0M2ZNWmtRQTJLWlhWa25SNHFvYmQ2QldxTzJSWk5vYnpOaUlFcWpJTjE1dklsaHN5S2E3eEdHWkVTRXM0NndtTVl4VEotMU1MNWktTmQ1cXY3OGF0QnBMWnpPcGFFa1ROQjZIZUVCbzN5NnNQMzdETmhRSHVRcnE4YlZVcUJXRkpBWXZ4aU5UMll6ZTA1UnlUcTlKY24ySDAwV1QxQkllWGIxaFE?oc=5","The New York Times","US","1788167044000"
"Inside the dangerous US mission that cleared Iran’s mines from Hormuz shipping lanes","https://news.google.com/rss/articles/CBMipAFBVV95cUxNSnFBcFFZMXZaWnVTb3NGZ2pkZENoRHpCemIycTJHa2xDZHM5eEQ0Z0dPQXF2aW5rQ1pDTXBrcGM2SjI5MkxyWEk0RE5vVG1saVpkSWhMOUNjZFM3QTJUWUVBYWFhV3hRUjZoU1FHazRNV1k5eDMtZmtJeDJoYnhHM0NJclIxeXhOTFV1R2hjb3JCb3o5RG1DRTQydWYxUWQ3VS1oWdIBqgFBVV95cUxPSkNMLUhuUEYzVkdjRU5qNnJEYVpWdEZ2U1lUQ1J6VHFHQW4ySGxadmNjVmpVbWhFbExTU2lhNVJmSWJxck5PTk5oS3pTQmpPdHpIZm0zUVhHeWRHMEttclNCaWF3WGx1TU80LUFhMFNrYkhGTXpKTHpSZUltUjJ2ZExlU25LOVBab0RXNmVtYms4eGpYREpVbHNjU2tKY2Z4V2RBYVFmbk16QQ?oc=5","Fox News","US","1788166838000"
"My family fled the ‘butchers’ in Iran 50 years ago. We can’t give them what they want","https://news.google.com/rss/articles/CBMiogFBVV95cUxNRDdSQjVIS2hBMGpiZkU1NGRFMklPOTViazZUWDlfN1g4UzI1ZVdieTJLQlBJd0x0ME1lU2xwUmlCTmZyalpHd2NhaEs0c2FjeVZXcXlCRUgtdWFGdncyRlJ2ekR5SXdfMEhnWDdQQXBpLVdnVkYxVW5IYnluUjhkQjlOcWlLNjgteTh3SmtkRGt4RVg4SVlaRDIyUlB6eXhLSXfSAacBQVVfeXFMT1g2Z01uVE5la1BEWXJoYkxYUzE0cmxsdksxOHNxZ2thUWd0X3JpVmFiQnZ5ZGVWOWVxRkNqNmxsOEpHTkpQV2hld2x5eWZVWHV6ZWJWZ0tCSzFYT2JKLUhiY3BWdExkSnhnOEE2QS15YXJZaHNnOEhXbUhQY1FDQXFyTmZfaVFiM05jTnhlMUVFSXFQMTZwS0xUTWZKRTRWVEVRRmVsalE?oc=5","Fox News","US","1788166833000"
"Bloomberg Daybreak: US-Iran Latest Attack","https://news.google.com/rss/articles/CBMinAFBVV95cUxPVXZmb2ZqV0ZsbUsycFhkdGxZZ01MWS1QVE94Sjg5d19GSlptOFZHdGdaSWVLUFJWMnZaeXg0VHhWWWU2cmNBTDJmSzVkMUQxTkRBNHY4RE52TU1GTHhQb3l3cjRJVmJKMnE1d3JmZ3hoUHNocUxKaVdVUEJvQlMxTGwtVEItUmN1RmhxN2RoX29walhRV1RremJtRnk?oc=5","Bloomberg","Global","1788169669000"
"Ina ne tsibirin Larak na Iran da Amurka ta kai wa hari?","https://news.google.com/rss/articles/CBMiW0FVX3lxTFB1RFp4SFhDYjQ4ejdaRWVJdGJrRUtMOWplb3QzdlF1UW40bjZEdXVFeUtVVDBVU2dYSDdoUkRzek5fYVdjZWxfbWdDTEk1LUVJeVB6VU9DUTBOLW_SAWBBVV95cUxQM2YweFVFd0NkcmdwNTFZUDZ3YllDNW9yOEM4Ym9BMXB6b0lFbmd0N3lXdWpFNHBYTTQtbUszdndjaDF2ZldHVFNMaURvMy1FRjJpa1dsdFZwd1JFdW1YU0g?oc=5","BBC","Global","1788168859000"
"US and Iran Exchange Attacks, Nepal Races to Find Missing, More","https://news.google.com/rss/articles/CBMirgFBVV95cUxORS1sNndBX2RVVGV2TWtNTUh3dTJseldrY3Z6eFpSVk5tQjVKQUFGbFRWR2RtU1V5QUd1eEprck5rbFRfTG5RMThTT0cwMGRuSnF6bXA3U0lZN25faHFKM0lmZFQtMURtQ092Sk1uQUpXQmJEQUNITDgzMG54UlN1WjRLT1FDeXNEUWNyRkh1ZlFDTnAxX3pHSXNhbTZfVHI3R1FMaVRSM3VLX0hxTmc?oc=5","Bloomberg","Global","1788168335000"
"US renews attack on Iran while threatening financial sanctions on Tehran allies","https://news.google.com/rss/articles/CBMiqwFBVV95cUxPWUhqaDJSUEg3S0xEQmVtMDkxaXRrVnhUVUFQQ3d3azhBUkZnbFc1akdMd2xKOWEyU01pZUFsbG1rdEtjaURVQ2Mzekl3VDBncVk2YUF6UnFSdWdwSGZfRlhwODZra1M2cVFMTG40MFhXLWhhM0dIZVZ6VzJha2VLUUNwOVFScGtIdHBLenVzOWhQSVJEZG44dWdhU0tKMjBlZDRTQTB6b21CUjA?oc=5","France 24","Europe","1788168259000"
"UAE says forces dealt with drone coming from Iran, condemns attack as dangerous escalation","https://news.google.com/rss/articles/CBMiwgFBVV95cUxQVXk2eGdfMGhUaFdETXlkcElqTC1qLWNlMlJRV0dPVGcydXpiT19FMGtqdGxGX09BTGJKSXA3REkyRW1XWkhWVjVGbzItNkJYLWtiajJEY29IazAwa2ItbjVCNThkQUppOUVZY1pKNzBYaHFlSnllWkJ1ZnpONF9zOV9meC1uOVBDekpUaGNUcEpQOFAyVHFMUUFISFBsX3VGSHBTYkJyaml4NmRUOUxJb2RWb1d5UUkwdVg0TTZmaDlfZw?oc=5","Reuters","Global","1788167713000"
"Iran FM Accuses ‘Serpent’ Netanyahu of Tricking US into War","https://news.google.com/rss/articles/CBMirAFBVV95cUxPaGRGOXlTQ0VZb05YbERxaGNBUlhrRlpycTdQeW9BLXdUczlqWnVFOGJYY2VsSmY3b0pieHdzU0Q0ZU9FUU85ZkZ2ZUhtZ2FncUpjYWNWNXkxYXNuVlFNcWlRSnk2N0VzRG5qd1VtdmdSTVI5LVItbVRXYVlkZlpBZ1ZMN2xiNmdHODRLNFhTbnNBOXN4WUxZbXhVaktkd2dEMW9Cc2dCaTF4anJk?oc=5","Asharq Al-Awsat","Arab","1788169383000"
"Iran attacks Jordan, UAE after US bombs Larak Island: What’s the latest?","https://news.google.com/rss/articles/CBMirgFBVV95cUxPV292Z2dzblEzQnh6T3I3Tzl1RjlYSWFOX184blRSNHZOTk90Q2ZDUzRuaEVZekE3ZUFpa2NxRlowb1RBNUtSOS10Nk9CNndCUGZRMHBSR1BoQlpXVEo1aVdUZHM4Ym9rZ1YyeG5Nc2dVRjYxaVhsajMzUVhuUmUyT2V6UkhwQjNEcHltb0ZwVGpTd0VXSGhsdDdDZk5tel9wTUVUSHFnUFdOWWJjc2fSAbMBQVVfeXFMTVdzZV8za1RCTHhOU1VTZ0lvSVd3MHo3ZzRTV2ZuUjhDcHROMElJZV94bk9hMktUa3JRaXA3YkJEckd1Rkd4aFpTOUFmNXNMVjlfa3pUS3FIWWMzNXhpNk9QTVpSNk1lanprTUQ2S09VQnZOWnE5OFVsN3ItaUlqbGJUUUpLYmE4aTFpRWFUbTRxVDJlc1U1VlJfSkJUVW1DV2JnRDMtLVlEUVhLaFpOQkpEMEk?oc=5","Al Jazeera","Arab","1788168108000"
"Iranian cardiologist wins gold medal at Swiss international invention competition","https://news.google.com/rss/articles/CBMijgFBVV95cUxOS2JSeGtrZHpmUk55M3o1aWY1QV8taTdVWEZSeFgtLWg4Zm5RbVNONDNGVk1QWklvYnlkbmxTYmNBM214M3NnTmN0WllvaVl6d2VTMHRiekdkQkFWVDZQb3VXdHJINldWNy1hVGxZTDBqNVk1YzRTWEh2WkdjbmwyMURkbGVUbDZKdGI5aFlB?oc=5","Press TV","Iran","1788171300000"
"Discover Iran: Sa'd al-Saltaneh, Qazvin’s magnificent caravanserai where centuries of history and culture come alive","https://news.google.com/rss/articles/CBMiwAFBVV95cUxNWWJER291R01sVGk3Rk00Y3VxdXpjcjdGSkZ2U0pkejR4b295NTIwNXhRLXhTRnI3YnFESkYzQ0JMY1VhNE1qV0lMdjVsVzR3VXFmWTdJNHZwLXFFd2VmRzlQM2RqVFN2SXo4RmRSekJJNWdyTHNwWXIyZDdHbl91YUxLRjYyMk5iUXVOOWc3YUZxNGc4M2M0eDJycEo2V1JkVXZGbHNLVjNnNnlFUVIzanoxa25lMktIWVV2WXhZMzI?oc=5","Press TV","Iran","1788171180000"
"Vessels crossing Strait of Hormuz drop to 5 per day over weekend","https://news.google.com/rss/articles/CBMivwFBVV95cUxQdVRPZ2hJcm4tZjVoTEttNGlCaVhuOS1XX1lsSnhzNEdSZkg5b3NuRi1KSUJnY0JwXy1XV096WlV4eHczTHNyVTM1VmJ1ZDFTRHMzM0dibDZUSDg4OUp5QUZ0d2RTSWNENVhrQ0xZLWVJYi1kV3B4NVV5ZmtTWUVNUUVKdlEzcFBzN21XRFl5bUNOemFRUG84VGNQQUQ0SFVUblJzYkIwQnV5cGZqQXFaamRUcWxjWDNKRExqLWp1TdIBxAFBVV95cUxNRlFxcXB2QzNEdkM5NnJkTkpqVFlXVm1yelZaNGpHaGlrRHIzb1VKdDlPa2NxNjZFSkE5ZElNdlU5N2xCTV9qTWFkb2VjT2NrdzZid0s1dXhweVlPLUZHS3pGRTcybU13eVhqVHBYM0hSZWxOMGhrV3FDeDZEVk9kaHE4c3Q2OExHTFRRVkxwZTRvNDJxRUJfNXpwRVQ0dzZodkVJMi1JbVl5RzgzMDlwRDgycGZyS0hhQlVSVGMtNGwwbkF5?oc=5","Al Arabiya","Arab","1788168960000"
"Iran attacks Jordan, UAE after US bombs Larak Island: What’s the latest?","https://news.google.com/rss/articles/CBMiswFBVV95cUxNV3NlXzNrVEJMeE5TVVNnSW9JV3cwejdnNFNXZm5SOENwdE4wSUllX3huT2EyS1RrclFpcDdiQkRyR3VGR3hoWlM5QWY1c0xWOV9relRLcUhZYzM1eGk2T1BNWlI2TWVqemtNRDZLT1VCdk5acTk4VWw3ci1pSWpsYlRRSktiYThpMWlFYVRtNHFUMmVzVTVWUl9KQlRVbUNXYmdEMy0tWURRWEtoWk5CSkQwSdIBswFBVV95cUxNV3NlXzNrVEJMeE5TVVNnSW9JV3cwejdnNFNXZm5SOENwdE4wSUllX3huT2EyS1RrclFpcDdiQkRyR3VGR3hoWlM5QWY1c0xWOV9relRLcUhZYzM1eGk2T1BNWlI2TWVqemtNRDZLT1VCdk5acTk4VWw3ci1pSWpsYlRRSktiYThpMWlFYVRtNHFUMmVzVTVWUl9KQlRVbUNXYmdEMy0tWURRWEtoWk5CSkQwSQ?oc=5","Al Jazeera","Arab","1788168653000"
"Iran war: Can the US military sustain a long conflict?","https://news.google.com/rss/articles/CBMiggFBVV95cUxNYU9QSkswamhHRzhlbzAyTDdPdEJXV1VaOEM1YXJBTGUtb1gxbkJnN3JJdUs1NnlKZEV3bTNWX3drUjhEaVFfTTBmX0diRWR6TWl6XzYwUTZCclg3RUtpaE9mS3FrSXd6MWQ3N0htRWcxZzFFdEZaM0dJN0hWTGl0VUpB?oc=5","DW","Europe","1788171263000"
"Depleted US oil stash loses potency as Iran war grinds on","https://news.google.com/rss/articles/CBMipgFBVV95cUxQVUhmd2cwQ2lLMjFlWXpza0hEZWhGZU1NcGg2eGJ3Y0x4OVA0YWhIUVptWmcxVnU0V0hKRnRJR1FQSU5WT2M4aUZDRngzSDVpczVybkN5dUEyZ0FrdFFSaVlxZ0I2WjVLTEprenVzY2VCdFN2c0NXQXhldWxzN1daOGNya2RjMkZsSHN2ZXhuS19kdXJvS3VBYkk4OFVIYmtyN2JoRFJR?oc=5","Reuters","Global","1788170923000"
"New US missile appears to have killed Iranian civilians far from its blast site, expert report says","https://news.google.com/rss/articles/CBMimwFBVV95cUxOaXdTdmVIVWF1VGxlSHFKdm50WHloZWl0OV9mMTRDTml0UnFENmdvTG9WRm5PUG1ZaTh0cFBncU5JU0tSaGNuNEpDeDU1YUJMTTIzcG96VE1TWFV5Rk5MS1BmMVFlZFJYajlnbjBQci1ydDM4M2lTdmsxN0MxdWpzTE5zZnExZFRUdXg0LVpoWVR3OVhINUc1cl81NA?oc=5","Associated Press","Global","1788170460000"
"Trump still teases third run, but he’s talking more about life after 2028; Iran war economic impact; 3-year college degrees","https://news.google.com/rss/articles/CBMiaEFVX3lxTE5Zc3ZBQkoybWlSS01Fc3VFY2twS0RXdnd5WXJpNE1UMWhFQTVlWnBEUzhwNlZQMWZod1NZbHRtMV9GSHo0aG1aM3ZqOV9KVk1ZZldXZGd1VnljT1FWRGltNnFPN0hVZ1Ft?oc=5","Associated Press","Global","1788170400000"
"UAE Fends Off Iran Attack, Urges New Approach to Ending Conflict","https://news.google.com/rss/articles/CBMitAFBVV95cUxPdzJlVE9kLUZiMjVQbXotWjE0S2NOYmZHSVZMWS0zVDR5LVNNeU1ySHpmT1lWMlJiLWswWERXSUw5b3ZOMU5LczRmSjcwMEgzaVEtTVM2Wm40eHhpallTZUpxQW5YR2ZCN0tHbkY4M2pnYW9FZ0QxMEtPWHpsOUZUZ2diWGpNV2dnU3N3TXNiUW56Sm1XVVN1a0RtemR6OVRBSU5vX2Iyb1lyeVdsNGE3QmI2Mjk?oc=5","Bloomberg","Global","1788168942000"
"Trump posts AI-generated video of Iran's Kharg Island 'blown to smithereens' hours after first US strikes in a month","https://news.google.com/rss/articles/CBMi5wFBVV95cUxOLWgya041U2hEVWludWUxTjJnNElzVTFEckdmbHA2M0xkZnFNY1pVQm9Id1hySEF2b1FDQzByc3phTzFzc3Brd2hhRldrZUlpWWN4eWg0QTA4SkhTY0VnbExiWFpFbzRQc2k2V0VPazMxZHFZV3dMUFJQV0JmNUxiVXlUWFpqWHJMdDRhY0NDMzZKTEtfc1E4a3kwcWNyZXhuUGVnaTlFZTMwbXRBeDVRNnpFNjdyRFdrQks0VXBTcFJIb25fc0I0M0NvRlVWZVA4NncxUDdRbHFRLVptWkN5dGUwWGRuRk0?oc=5","New York Post","US","1788171780000"
"U.S. and Iran Exchange Strikes Overnight After Monthlong Calm","https://news.google.com/rss/articles/CBMiiwFBVV95cUxNWlZpY3pTTkp2WG1DZVE1cmt3ZFllaVVLNFZsamxlcC1YWG5fTnNJOTFfcjVZbmNURjRyTzlMbjhadjJBVmo1aG1CV3JXbWhBRDg1dkZldVFDVGFtV2U1dWZlVy1Ock85amRYd3pJWDNxamQtY0drbFNIRjMzb095amNrazNjbjJ4MFpR?oc=5","The New York Times","US","1788171413000"
"U.S. Strikes Iran to Block New Sea Mines in Strait of Hormuz","https://news.google.com/rss/articles/CBMi0AFBVV95cUxPYzFTRHR3czhpZC1tNndSR2NXby1TZXFXNkNqN3Uwdk9wd09haDRUcDNjaFVGcF9Jd00tSGFKanhOQ2ZjMkVIbGlzQnlHNVlZaGJCU1A3S3dWVm5GdlRQRjZ2Umk3MUVfSm04ZHl6dkRWMlBGUGJBOWxjWUVhR2NGXy1fcFowb0wzYWZfZGJUb3NRWXd1ODVoejdhSWZUdWgxdVk5bVk2cFdIX1dEdl9PY1J6R29sb1IycFdoQ01MMnpHSkNGUGMxdUhPVTZEQ3JE?oc=5","The Wall Street Journal","US","1788170820000"
"New US missile appears to have killed Iranian civilians far from its blast site, expert report says","https://news.google.com/rss/articles/CBMiuwFBVV95cUxOU0FTdkd5eEcyRXljUllwNnFmYVFNd2lFM0Fja0swdEE1VWhCR19GU1F1SEZjZ3ZtRU9qREZhRVhNZlZIUk9MejRVQk1uNjJCOGxHQXphQjBzRFFvOFJYblNfamlYZDgwR2c2TENvazBkMUIycHFCTUZLWG1scDNPamdLT0JaM3N1RzFCb3hhbVNLNXZjRFQ2dDdUeGJ6WFBaVDdSdUVSRDBjV2tiTVZSZkZtSWlrUzNjeWo4?oc=5","The Independent","UK","1788170460000"
"Trump posts AI video of Kharg Island being ‘blown to smithereens’","https://news.google.com/rss/articles/CBMipAFBVV95cUxPXy1rWU5qbGMtdjBGbUxTYWVlWVF3SGFTTU1ONGZabHFLSWM4Q3BKbFo1Vk5Kc3ByZ1lOQUhCaHp4eHBiZ2kyeW04c2JHWVN3dzBSem5yNkhLNGlfbEtFWTQtYnB3TGEteHlqaHBrQldvRHdfWkJMb2ZiaTctNEtWbTg5d201MlFOY2R0MnkwLUxvZlJMRUpvWWh3b3dHelZEVC13eg?oc=5","The Telegraph","UK","1788170280000"
"Dan Hoffman reacts to US, Iran trading strikes after Jordan attack","https://news.google.com/rss/articles/CBMiVkFVX3lxTE5lYTNYbnptalY1eE5vWTY4djY1dE9rZU1yUWdKX2l5Q0R5ZEtYZ1JRMFdtNnhvOWhpRzMtQ2ZkUTM2R3RyamNsSHE3WW1CMHJtUHRxb0FR?oc=5","Fox News","US","1788170243000"
"Iranian FM accuses ‘serpent’ Netanyahu of tricking US into war with Tehran","https://news.google.com/rss/articles/CBMiugFBVV95cUxPTlB2dUxiZkpXbk82MDRfN2p6N216TUhNTk5aWmpNc3VlTFUwdXR1Wnd6N2JxZEVROWRVbXFaeTljM2ZrQ1RmWW1BSXR3UjNoZ2J5ajZvei1tdEdyU3ROei1IVlN0aWJlLV82WFF6ZFlnYmNpcVBCNU1McngxVi1GS0kwS0M5UGRRMlZBX1ozbWVJS2NUbVpWdzhSYl9UQVpqSmZ3b2N0dDctemZnSjBXM2JKdGE3dDktUFE?oc=5","The Times of Israel","Israel","1788172290000"
"Iran Dismisses Trump’s Post of Attack on Key Energy Hub of Kharg","https://news.google.com/rss/articles/CBMipwFBVV95cUxQU1dXQlZLclBHRkZmLThmaE1iQm9XWHpKc2VZU2pUUkg3Qi1rdUNXcmszb2N5V19YZDlhbnFzR0RrZ1h4RGdCcVZLdjJoU2Y1Qnl2Qm8yYzdwNkl3Ul9Bd3VaWXFtQ0ExQUdLaFkxbDU5Y1VCVHZFX3NfZ1lKWFl2Vk5nWWhNajZRTnJ5VXd4bmJnd2U4UE5IUHBQWmlXSEIyLXJJOEg4QQ?oc=5","Asharq Al-Awsat","Arab","1788171767000"
"EU says it will continue to work with US and G7 to keep up pressure on Iran","https://news.google.com/rss/articles/CBMixgFBVV95cUxOV0NDVkVZM25NWktETlBXNnE1Qjd0T09kcDNDMXVVeTA5dGtTVHdBTnBhX1Z3LUJScE9VX05pZl9HQUFpNjUyZnhJTW5rRDJFYlBmeWU0SGUyTW5DRW5uQmdpcUJiUGdYTU1HSHVMSFJoSGEwRUVHYnB2eW1lOGhhb3JDQVlYMzA0Um9BZEdJNG9oWWtwOHhQaHY3NVY1RDJaWjc0M1Qtemg0QlVrbXJqaFFybUp5LVFYNVpkNXRucmMySlNnSHfSAcsBQVVfeXFMTmV4eUtnY1I3M1NCUVJxVDc2cDVzUzV4OFN4UERZTjAxYkZDVVRVckVhbEI1ZExScjNlVjZFNHNGRmJrWDg4MU53akV4ZFg2U3N5bDBNRDhzdktXS2JYcEFJbzlPX2ZENjhfaTNoTGlGWGxxaURJT2hXQTlkQkxXY2x3NXpVWU1URGN3THNUV2dkWjVTeHNHVU10TTRVWTJPNFhtSjhwT0F1Q3E3T2FicTdBZmZzNE1Sd3AyNGFXRXoya0Q1UkNoSGdFYWM?oc=5","Al Arabiya","Arab","1788171420000"
"Al Jazeera Iran war live","https://news.google.com/rss/articles/CBMi1AFBVV95cUxNelM1RnpMVERaOUdWbFhHd3poQTRLTVl0NjQ3TG1mZXRfTmlmUDhLd1Z5TDZxdFRaZ19HTlR2T2lJWkMzOFdPUGpudWRZSVN3VEFzQXE3enl4S0R0a21Qd3JFLXpQOFJKbGpEeUgyRklfNHltaGFtbWJGTWNxcjBicUFWYmptcEplNWRPcUFHcFZQdjlDS2JHeTc5dGRHR3hCanZBQ1lKaDZUVjNPeEMwdjgzenVCM21jT2k5RVN1cXhWRGo3eXRyQTNkU3hRRWlsRUlfeQ?oc=5","Al Jazeera","Arab","1788170512000"
"New Iran Flare-Up Increases Pressure on Modi, Xi and Putin","https://news.google.com/rss/articles/CBMisAFBVV95cUxOZU5vS3NYOHc3bDVYSjQyblBpdnBXY1ZJQ1MwSmlxVUhzSkdqb1FtVnZiM2djZ051eGJjSHhIRHVWc1RHTUFsOE5CcjVES2NPSDVJRTl5Q0ZnV3R0WXBHd19uU1ZSS0VoZzZPMkc3UU5HSVl1WnBGZUwzdUMtZ1FQYVpmM09nUkNhYmNteTJWeGxldk9UbW81WFBIZnJ3STNqcGN6ZmhyTW9IWVhSVUhwSw?oc=5","Bloomberg","Global","1788173165000"
"Iran, US trade fire in first exchange in a month","https://news.google.com/rss/articles/CBMilAFBVV95cUxNOXIxcTR1bGhubnBwTXkwUm9DcElkTlU3bGZYNUQ3NUtFaTZFamhXeS1qeUVVSko1SXNONTJVZUNhaGNUdHFhWUZ0TjZRMlhoeTFXX3Rla0wwcng3WHJpZ0YtZ0FCNlhaaDhHb3piTkQ0TUpvR0lnSWFIVkFsZWFpZzVRX3JVcWhxQWkxU2ttWUhCMkFB?oc=5","France 24","Europe","1788172924000"
"Iran sanctions and tariffs shadow G20 finance talks in Asheville","https://news.google.com/rss/articles/CBMiyAFBVV95cUxNczhkWHVmX0RxM0h5a0ozbmZBamJyblpDdFpPN3VyT0RMTTZySW55Y0txd1B5NjZwczdsSnNVSEVnamQ4aGE5V3ZwNzQ5MjNUbFV2TVFxd3J4UzRNV0ZhR252UGl0WUtaSmc0aUE2eHl1bjdweU83UGNFcjlVZm9idi1RcW9kNkxBd2JsNnVmazlXam5hMXRveVFlWE9QLVlXLW9xc3VUSUlFQ0dMNnJ0MFlmcTJ4OHdRbkpibEFtblpvYVFJZXBxWA?oc=5","Euronews","Europe","1788172024000"
"US and Iran Exchange Strikes, Nepal Floods Expose Gaps, More","https://news.google.com/rss/articles/CBMiqgFBVV95cUxPeVd3NDNEanJVSm5XVU04TUx3M180YkRCMk9iNlZBUnRrTDFmOUNwVG5FczZ2YXhnTThCLVpQaWliQkFmeEZReW9zY1NVTTM0ZEstdkVRMGJwVndpaWlXcDNNLThZWWJoaWRGdkJfTENlc0ZiWUdZcU9jS0pIc2FfRjluVHhWQWdVY2lXbzNNWDIzbHJPTFNxaWEwWXZsZXJtdGdLcl9nNC1NUQ?oc=5","Bloomberg","Global","1788171953000"
"Middle East war flares up after Iran responds to US attacks","https://news.google.com/rss/articles/CBMikAFBVV95cUxQYUJzZEJQWjFPa1I0eVVValNuXzU5M1pKdlo1WDRTdENaRjMxVWxlWGdEV0hPdl8xanhVTkdrb3pyV2FvODNXeW83elRjc1ZOa2Zmenh1UF9yVTAxNjUtd19La0JDOE5rYzZOYXVNTDNjdlBKVzU4bEIwVURVLUJFaHd6T2lGOGg3cTBGS2FNUE8?oc=5","France 24","Europe","1788171037000"
"Modi Meets Iran’s President, With Putin Talks to Follow at SCO","https://news.google.com/rss/articles/CBMisgFBVV95cUxQZFl6bU1zUU9HVkN0R1hQSWlTNzBNZW9NeWc4cjd3RTMxQk5mTW9iVURvWVBEMWI2TnQ3OFhuZ1hhSE1hZFZBRndGOFE5RnlLNlBKLUNKX2ZMOU90SU1QRGRXTmFmRVBSS3phbVNMSDlCZ1lvQ2xPMGNNWkhTNUtzY3JYNXlGZnRzMmgyb01LZ04wTmMtZ3NZNGgzR1N0MlFuLWQ3ZFlSRm9GdGpMak00N2J3?oc=5","Bloomberg","Global","1788170775000"
"US renews attack on Iran while threatening financial sanctions on Tehran allies","https://news.google.com/rss/articles/CBMifEFVX3lxTFBDSHFXWmpVWkhaRFU0R3JfRUZDd2pld3cxSGQzV2EzM0FLZ2hUZFhxY2dlNmRsWWItZW12TkwzWFNiXzIyNGdhZUVzNDFMQnlra1U1ekk0bVBWMGlUXzVtcU1DSG9VZHQtMEdPTzVMUG5MajdlcVVlOEpTVFM?oc=5","France 24","Europe","1788170467000"
"Iran's Pezeshkian says Tehran still seeks negotiated solution to conflict with US","https://news.google.com/rss/articles/CBMiakFVX3lxTE5VSTAwcENLcUx4R01NNDA4N2tJMlFmTHRKRzFsbk80REd2eWlWVGpyTlpiVXItamRpbk5DRWZBZVJ6Q0pXRllSbFBnQmVOR2ZSbGJ1dXdUc29VWUpDRzI4R29ZUEdIcGN6aXc?oc=5","The Jerusalem Post","Israel","1788174799000"
"Iran’s Pezeshkian says Tehran still interested in negotiated solution to war with US","https://news.google.com/rss/articles/CBMiyAFBVV95cUxPVzVQWVRNMDl4WEJMaElUY3M3UlloRmt6Q3lQWnRlSkZvWW01bFZCMVJicTI4TENCakxvc3lRLTdoQ3Z4VzdiTGVSMDZnMUgxSFhCOXBoTnd2dVZfZXFHam9JV2hMMWdCdkx4Y2R4VkdaYVlPWlhkYnZDclRrYnQyOWtaUjFGQUI4OW5TTU16ajhnZGJ6aGVYT1NQWUxBbHMyZlZ3Zm02aHlELUJfUDUyNUhQTEN0QmhoTDdkUWk2WEplbWpURms5Wg?oc=5","The Times of Israel","Israel","1788174465000"
"Trump threatens to take action against South Korea for refusing to take part in war on Iran","https://news.google.com/rss/articles/CBMi1wFBVV95cUxPM3p5d3NHNG1mSWpDVU4yNlFWMS1FT1hCMWlNMXdReU1GcWZTLUhwaGY0ZVpiVTg0dHZFWGhzZXp3cDZ3anZVTHNfVjVTUkdKYWZMaE0yRXNZMnRtRTI2MVRzWVBRajYyTkg2TGpHNjJ1UGpWWHYwMjJiRUloWWN1Wm9tdzREQjVRaThtSkhyaVcycWp6UXJrc3JJcXFHQVhueDZoOHpSVEhHcjhEa0ZlM3FydjVWTGJWZ0ZMM2tiVVV3TzhEOElZS1hmMW04ZWt3cjMzSHllbw?oc=5","Press TV","Iran","1788174420000"
"US Department of War faces scrutiny as controversial appointments coincide with Iran war strain: Report","https://news.google.com/rss/articles/CBMipAFBVV95cUxPU1hVek5PZU8yMktTWDM0bW16Q3I4eDdOMHhaMGRGVGpCZUJuci1VTlk2VEZsV3dZVTluSkJydVY0QVdPOFQwSHNxdE9ncUtiQm04d0JkX1Z4Qm5iRnktaVUtY1lKaGRQQWFxZG1Fb2t3ekhXbmdGUFNCbzdPTF95Mm5NM2g1dDJtZUktSXc2a25mcEVWNm1hMldaU2lQX0Fycnhxbg?oc=5","Press TV","Iran","1788174360000"
"Spokesperson for Iran's Armed Forces: We will not allow the presence of Americans in this region. We are determined to expel the Americans from the Middle East. - Iranian media","https://news.google.com/rss/articles/CBMibkFVX3lxTE9qOEJYUWFkUFUwRVU4Rmp3WmMteUg0MjVDNThndWw5UlBZU2gtNmo1SVprM2V1WEpaRTh5SEduSXoxRWNaZjgyc1FkNFBzR3NPOGpHQk5LLXlkSjRQUFlGb09jak5XamowOU9YOUhB?oc=5","CGTN","China","1788174155000"
"Arab states call US sanctions on Iran unrealistic: Report","https://news.google.com/rss/articles/CBMimgFBVV95cUxPWDgtTnQ2LS1CdmxiNlFGSDU4RzJFT184MHd0N0FQcHpXdDNMd0NxZl9GVjNCZ2d0dWFILXFJMmJzdlJFZFBlVDhnZG1LQ0Rmd1pfaGlYWjQ4X01nU3RCWnA2aC16TmJrMkZLVFFGM0Z5TUpTdE1xV0MzTEZIWmhLV014ZEMzRC1BNkg5ajNXQkFLMVRGMGhPZ3JB?oc=5","Press TV","Iran","1788174120000"
"Iran says seized cargo ship over polluting Hormuz by dumping oil","https://news.google.com/rss/articles/CBMinwFBVV95cUxNYTlUalVJNFBZV2phQzl0bmg1VFctZ3FTTkoxTHJQOUc5dmxsR3lha1RzQ3QyVVR1YThSWDNsbU9IVy1iSFlyLU5IRXJmSkszbnZoZlRFZDVhNk5pRlpFVE5YRTc0bEFvTzNvWXBrbWZUeXdxcEhVa0FzNkxZUDJOSzdSeGtDazZ2RTBTcUFRT0hKckFfNTNzZEZ5UmNGMXc?oc=5","Dawn","Pakistan","1788172504000"
"Iran launches retaliatory attacks on two US bases in Jordan","https://news.google.com/rss/articles/CBMilAFBVV95cUxOSzR3QjA4clhBdmNKdW4xcURYanFLQVYzeFBRQzZFdTB1RmJaNTBMVWFOM1Rtb0dILXc2M05KNS00cXJnMHJpOWFrM1pXSE1FTDBxVEdEc0VKYkRQSWkyVVNoV05yOG5NNGJ0QkxwQlU4aGdiSlZsUmpRaGFvNTBlN1dfV2NaUFc0Z0VwN1dlYkl6YmFm?oc=5","The Independent","UK","1788174660000"
"Iran retaliates against US forces after American strikes in key oil route and more top headlines","https://news.google.com/rss/articles/CBMitwFBVV95cUxPelBPb0QtaUJQcDNueGpYUjd1MkVnRU0yMHFicXV2bEV5bExWODZ2bHBlRzgzLS12dW9NRkdGWkNxdTJuTUw0Y1NRRTZVbmNnQWgyTVhMMkNmQl8zZlhGNW5mbFF1ejd2VEpMbnVlTHVUMmpndzJZdkNKUDc4aE10S2J5SEpfUnJUUXJ3cGtMbGdZZ2lOaWIzQ2hPcUI4SDg2aG1DZnlJbmVtZlFORU1HajdtRUpQdTg?oc=5","Fox News","US","1788174208000"
"UAE intercepts incoming Iranian drone, and other news from the Middle East","https://news.google.com/rss/articles/CBMiqwFBVV95cUxQTGNuTGY0Mzk5WWszNEdJZVAtZlhPb3lwZHBqcVBEam9peHlnYnVrcWtsUmZCdWJFYzlVVjhEbEdwTlR1Xy1wMWZRTG5qZlR4VlAxbEdwY2JWeVRIeU1NMV95SGJ3ZmhSX19LV0ZTZWFqN3pSdWNISHNyWXFiMUc3Q29BS055eWY2VUFXSk5oYVBIM2pRZ0UzNkVzbzZmQ2JuanQ0QXlaYmNjUG8?oc=5","Associated Press","Global","1788175260000"
"US and Iran Exchange Attacks for First Time in About a Month","https://news.google.com/rss/articles/CBMitAFBVV95cUxNSW5IZkoxUWZRRWdzNElmXzZ1V2htSkszUC1peFVkZTB4bzl4aDVXMlNFTmhwMUhkWlFWR2pPNGtEUlY0cUpfYm1DTXBSUVE4Tkt5V25jV01YNUZDRElrMGVnYVpwelRoRzdSMm5EVFR4MWwyaFhRd2ZhUG01X0lreVZxNXBhWGswMmJoS0pUTy1qQTB5NllvMEhibll1N25paGFvZXlsYmZtWUpvYS1OaWxLaFA?oc=5","Bloomberg","Global","1788174396000"
"TSX futures edge higher as US-Iran tensions lift oil","https://news.google.com/rss/articles/CBMimgFBVV95cUxNcFkybnhrb3hTTEZCc01sY1E2R1BDZzQ4T3VjaHBsVm5SWi1lWFBOR2dZTmh1bmZWeWZuTkxpZndoTnhFMkpJRVdMcnNtYUVIQnVsb0dFZXVJTWpyb2MyQkZxWDhNSHVuOWlOREo3Q29rZEZ3OXc4djhwU1diaXlENS1sc1QyZ3pQZnRvZHgwdm94aTNPbllhRUZ3?oc=5","Reuters","Global","1788173240000"
"Qatar's first-quarter GDP falls 7% as Iran war weighs on energy production","https://news.google.com/rss/articles/CBMivAFBVV95cUxOUDRKOEZ0M3JrM0M1RTFRSHZubzF4SF9UX21fUWNJNjJIc1pSZnVORnIxaHNzdENEbEtiLV85NG9sQVlDdjBaWW00ZlpDUzhzT0RGbHdScUliNnlsUlEzNHpaSHNXTEx4S1pyTm5MRGNERDQ1czI1dzZkOG4xVkVPTUVpb1ZiaEk0b1FIY2c3OURDYUpETjItd19sbHpXMDRubDhiRGNVZFQ3X2hLTFhMbmo2bExSc3NXRmlFSQ?oc=5","Reuters","Global","1788172303000"
"UAE intercepts drone after US and Iran exchange attacks","https://news.google.com/rss/articles/CBMinAFBVV95cUxOOXRvZHIzWEk1dVV1ZC00WEplbFlScUNqYXBrWmJKcGtFRjZMVWl0X1p0alVuZE9sc1EydFFqbDVlUEVuM3o1dUZldE84N1dfOWZLaFlmX2tqNlU0VEZnVzJ5alE3d0JSVDBFd1ZrUzgyS0JhYjZpM0hlUDU0czRYYXFxR1dyYTY4UTRJZExhaEV2THZQT0VFSV9LamTSAaIBQVVfeXFMTUVtbGUwODRTQ0pzLUh6Vlc1R0Z2eHpVRGpTazBNakdKc3M2SWVhYVdpQ09ONGRNZWNQMFlwLWJZNVVzQVdQRFY2NkRiWDJtWENSMUZHSWZGN0s2c0sxdVNFUEp6cW5KRWNDckdxVV9wZkV0R2hYMTI4NHpSaHp6b0FfRTNpUGtTbjhNUE5oRUQ4UGJXYWdBQnMzTzcxQkdCUjFB?oc=5","Al Jazeera","Arab","1788175683000"
"Iran’s Pezeshkian says Tehran still seeks negotiated solution to conflict with US","https://news.google.com/rss/articles/CBMi1gFBVV95cUxQUjFfY2pBSGZSNVF5MEoyUTdXRlMyb2ZjQk1qdDZ2bXE3WHQ4Z1hEbjN6bWhmWXpPQ2hFQkE3anNkQjZPcHVwVDdoYzhLRUljNTRSSU5KTUY3X3NZSVpjdmNrYWdGYmNVQmpBcktMdkxPc0FtTGZsZTYzRjZxYnFmc1RfclU0b1hpQVpZbTl5Qkk0MUFNQklqNDM4aGhUVlpuWGlEbDJ0TWVQNnVrQ0pWeUtwdl9ZOFpseWszZ3hxd19qMXZqNkNBZlFhcW8tUVhhOVN3Q1p30gHbAUFVX3lxTE82b0l6ZlpZTE9tYXRpYi1VNXY0X2RjTl9lUDgzWHdNRXQzYnU1NjZtMmFfckUwcGkyckhtQlktVW1obVFYMGFpWS1WZ25oMHFUSlZ2bnBLQ0ZiZkVWYmdUanZMTWVFNkhZRFJDdTFMcDBnQXZFUURwQS1wX1dVUnpNMV9JaUo0LVJNTTkwbUhtck1pMDhFdGZHeVhBVjJFcGRJYUFDajRXd1hDODJjbHlCdzZsU2JyTnc5cjA2UzRjN2lsZmZIR01MUEk4dmJYci1uam5TZ2FRc0F4Zw?oc=5","Al Arabiya","Arab","1788175140000"
"Bessent’s G20 pitch collides with anxieties over US debt and Iran war","https://news.google.com/rss/articles/CBMihAFBVV95cUxQM2hocFFkcFV1VHB0VnI1cHhHZV9OMGtGNFZ3M3JlQWM4aUstOEFDcGxBNHBqSEE0cDlLVU5pNTFwMzlQQzdGMENyLUQ1X3dXRndvTWM4dEl2N0NFME9zVUxoM1RwOGlvLUFpV21sd0tfRjJBbUZRZ096M3FpY204WnFXLU4?oc=5","Politico","US","1788177360000"
"US INTERCEPTS Iranian missiles as Trump warns against nuclear weapons","https://news.google.com/rss/articles/CBMiVkFVX3lxTFB0UUR2TlpnTWRQcDRna0xvQml1ZWRfLVFpU3FDUTdGMjhya1NfWXhXeHU3R1k1RmF3RXp1UGhoSG5sRkYtb1hZQjZMX24zajFNTkhmX0RR?oc=5","Fox News","US","1788176841000"
"Why Larak Island Is Strategically Important for Iran","https://news.google.com/rss/articles/CBMijgFBVV95cUxPODdVUUlNYUgtdzh0ajhYa0NDdW8zZndkbmNNZS12SWE3Tzh2TjVYMy1MMmFXQ01MektONEgyY1NxU0c0cDFyTGZ4ZUdGdXlyVGlZUzUwbUg0YVNIQjFwWkpkbVZOV2NQVVVBd1p5cWJmSnUzbTJGLTlLXzBIWDJsLWJkU3pKcDE1bnlvNTRR?oc=5","The New York Times","US","1788176283000"
"World shares are mixed and oil prices surge after US strike on Iranian rocket launchers","https://news.google.com/rss/articles/CBMi1AFBVV95cUxQNElpSHV1TzVzUTJid0duSW1HRUoxdXVHZFJ3eV9ZeUlQRkFsaEZZWVVMWDMtNGp2YmNWSlB5NFBFV0hYY3FPLVdzMFJpNEtVelVnNU01bUdmeW1HeVhTQnZVbjJKdm9LZFV0MTR4UjZLYWRKaDBjLWZYWVpLUFo1ME85d1Y3SHluV0dBUVMxeXN2ZUxGVVVSQ2htV09EUDZwQ09JNFlsb2FVMGRoQTFRZDVDd1lOaUhqWXV3ZjNULWRtVUtSQXZncDh3YTZmU1E3aWdBMg?oc=5","The Washington Post","US","1788176213000"
"UAE intercepts incoming Iranian drone, and other news from the Middle East","https://news.google.com/rss/articles/CBMi3wFBVV95cUxPdXdnNFNlRnc4SWx4aGtXRURseWZTNTg4V0VVZkRwcnRmbnpNZWJXS2V5bFRrUXdJVWt0RFZTMEZWU1NwZUladjlVQWxVS014b0ptUklHcU5Id0VMb1BCOTYyQXVSdkRyblZiTGR5Skw3NUNhUFVFZUlVUU8tTjZYN0M2MjMzVGg2TDkwTU5BMXVqWDU2MUMyODA2TDkyVXF5X3gxRTBmeE80UFNjeEZPUjAxY0lXNkpzVVhNREl1dllHUGFrQXF1aFlNVkRVS3R6cVJpcV9ZWmVJU1ZxSEhV?oc=5","The Washington Post","US","1788176080000"
"New US missile appears to have killed Iranian civilians far from its blast site, expert report says","https://news.google.com/rss/articles/CBMizwFBVV95cUxPckluWjRORGk4QjFyN0dZQjlhem1wTWNCbGd5RW9CNm0ydXJXd3JsYUtWdngwckhPTXRvVWRwTVpSR21EMTZBbmRld1pEbHBvU050UzFyUGVkaUw5N3VYZVJ2UDB4X184ZUp5cC14REs3ZV90TVdCX0xBd1BVaVRuaW91M2o4eGtfQXVUWjZ2SlIzYWpDQkRyQlVVUmRGLUZCQjU2VGNiWDFjODZDLUpZOU1tempVRFJJUl96Qk1zMV9UdmhYMG1IMTN1V251T0U?oc=5","The Washington Post","US","1788176080000"
"Wartime Presidents of Russia and Iran Rally With Chinese and Indian Leaders","https://news.google.com/rss/articles/CBMid0FVX3lxTFBjOWZuc21XdVhhQm5JbW1EcXYzZlZ4XzJZVzdRajM2VVBGelVNWS1ldHlKZzJXT2Z0U0l2cjFGajhfMzB4NXREQ2cxcURQME9ncEhjSlRsOVJwdVMxc0NERGVHcUU4cTQ1RVotcVlmY2lkMnlSZl8w?oc=5","The New York Times","US","1788175895000"
"Grand Canyon Flood, New Iran Strikes and more","https://news.google.com/rss/articles/CBMikwFBVV95cUxOa0FHWC13YmtMXzJidXl3VlZkdFRXU2dLaTVHZEpFTU5rczU5MXRHTzhDaTFsQjU0cWE3QmsyM1ZJUXA2ZVBCRDU2Rmc5TWtNTXZUeWxhN0xGUlpzc1pZX0k0NjFBX05sRktTNEtYcEJ2UW1kTUZSbUFYR09xN2RvMzBNYU1BNS0tSTV2bkFFY1NZbjQ?oc=5","CNN","US","1788175383000"
"Bessent heads to the G20 to rally allies on Iran as tariffs strain ties","https://news.google.com/rss/articles/CBMi5AFBVV95cUxNNzFMVVhLNXA1VnEzeV91VTJPZ0xjd2ZMTUhyNjdlLV9FN2pUcjNDX2JabDV3NEhHWlp5OW5oak5mMzhwbkxXcnRHaUNDeTJMTFBhZ2tuVE8wRk10SVItTUhwaW1VU3pLMUpfRGs3MjUwUWVneEt4bS1lZUFocVpqSHY2X3BDYUlCc0FLVXhaWWhhRmhVTkN3a2NkeVJuUTVjY2Nmbkt2UWt1SHJ1dUVrdHIwaDAzOE1sdkdwbkE3eEthaTZXWDFKWk03cUdqaFQ1MURpLWhwYmFZUmFMVDl3ZmtFQm0?oc=5","The Washington Post","US","1788175201000"
"Oil Rises as U.S.-Iran Tensions Escalates","https://news.google.com/rss/articles/CBMipgFBVV95cUxOYUI3LTBZeVRfYWw1NmV4U2dvTTR2UlZlNDY3cTN3WS1hTHo2WXVGQVhLTDRfTm1YRWV4QjFzUElneXFEX3FFbFEzZDBzdVNzYnpEc2ZqLTlGRHVCY1p6b0dRRkIzSktaN0N5cUZ0Tjd0c2dqZUpVWnJjdkc1Ukt5Q05oNE4wMGtiQ0NvcnlablVabFpHbGVCR2ZzQVpEczNWWEhWckpB?oc=5","The Wall Street Journal","US","1788174720000"
"Exclusive: How the US naval blockade is paralysing daily life in Iran","https://news.google.com/rss/articles/CBMisAFBVV95cUxORXJhVncxbmx6T09jQ3hnYndIbW1Md2NvcnpXWHFxMVdJckhEaHgxc3prdi03TXZ0cmN0VXhoa2FYTDUzdkFQX3ZySWYxZmVpM2ttOHlJVkZnQWd6VUdabW9yUHZaRE5fUnVSVG83NE11S3RyQ2d3NEd5eFROaWthc1B6MnFDSlIyU2VlVWtYR3FnZ3ViM1JUX2FZamlLaVY5Z1k2aS1qRHhOeVVoREpXMQ?oc=5","Euronews","Europe","1788177674000"
"Oil Rises on Renewed Attacks Between the US And Iran, Bond Investors Wary, More","https://news.google.com/rss/articles/CBMisAFBVV95cUxNdnFMWXVXbkY0dDYyQjNERTg2dVFXWUtLLVZJZlFQN0ZmTkl6cmhtNjVFYjVkcEZzRktuSmlDckN6dVUxTlRYcUhiNE45VUJReVJ0anFzdkw0bTY4dktmajlsTG1CbVhZMVFZVGg1NlpkS0tqZ1J6VlZZd195ZjZ6STBwNlVSdHZrME95VlZ4RW8yckoxSVhqaEZ1Tkt3STRuc2E1TVE4eUZKTGVGQ0x1Sg?oc=5","Bloomberg","Global","1788177256000"
"“Israa’iil waxay qarka u saarnayd inay baaba’do” – Trump oo ka hadlay khatarta haddii Iran ay hub nukliyeer yeelan lahayd","https://news.google.com/rss/articles/CBMiXEFVX3lxTE1HN2VtdldXdmVkX0sxcE10WmdORmppMXQxYVpJX09qMzh4eU44X3hTWFA2dE9ZMWtnU210b3pScEI3RF9fZWZKUDRyNm1tczdmaGNIUFhaaUNPTzB60gFiQVVfeXFMUENpWkQyUG5PbFhlZ195dDZhRnlfLTgwdDFpU21YZDVKVDR5RnhHOXlGY3FpdkRvSGI0UDE4OXVDNG1EM2ppQUdLc1FUY0U4cUdFR3RPODdOVV9zX1d6S2xPelE?oc=5","BBC","Global","1788176925000"
"LNG Exports Though Hormuz Remain Stalled Even as Oil Flows Rebound","https://news.google.com/rss/articles/CBMivAFBVV95cUxNUXlBZEx0aTNpSVBPeG5STXF0cjFDWXdKdlJtdzc2MG55NlVOX1JxMjVzTlplQkczdnpIbDhaMTN4d0tFWUduNElQNmdWS1ZKeDNkLWlRN1BROGlfRWlUeVdUaEl5eldHczN2Tm1ITE85T01GaXBHQWwwUld6WlVZbjNjZWUweWd3V1pENE5Cc3VMSWh6YnJpUWJyYXItczNoTEl5UEFfQ2Zxb2NWd0RuaTR0SVd1Q205SWhvcQ?oc=5","Bloomberg","Global","1788176519000"
"Iran 'officially a failed nation,' Donald Trump says","https://news.google.com/rss/articles/CBMiX0FVX3lxTE5GTmpxaDE4T2xuRXhTVWN1eWxVZVZGeWJVVEVrM2g2Tmt2WkVYcDFwX2RpY0FGS0Nqbk1SM21kT0daZ2VuNmxzMW5pM3lCb1hDZzE1MEdfY2w2TEh6VktJ?oc=5","The Jerusalem Post","Israel","1788178879000"
"Over 8,600 Afghan refugees return home from Pakistan, Iran in 5 days","https://news.google.com/rss/articles/CBMijAFBVV95cUxPNG1BSXo4OW15SDJ0Q0xOM0RHdFhTTXc0dS1iS3pRZzBKYjlGeEs2cjVaT1hHelBkUkN6OWE4UWhxb3BPTS1aeXQ5dW80eURHZjV5Z19PWmVDVU83a2JwVXNHbklyOVlNQXVRTVBvMGFhWDRWcVk1RENINUE1MkRwZ3c1RVhxWHBnQzJpTw?oc=5","Xinhua","China","1788178770000"
"Who are the economic winners and losers of the US-Israel war on Iran?","https://news.google.com/rss/articles/CBMisgFBVV95cUxOYktMVHVmNXUyS3dHaWUxYXJ2TGprWWs3aGdmTDdYSEdHMXVZY1JMTmNsYlZwc1dxNzVVaFd4MkdTTGNod2MzTGo5TjhRTG5tZ19fdktURE15VGZBY2dWcHZ1aUhLMS1xVEptN1EwdndDRzJ1QU9MRVNfclFjRm04UzhyTGR4cjFRNlVkMkVfS3Z4eHRodVN5ckxHQlh2TVI4WU1UWTduMWV4bmI0OVVEOTJn0gG3AUFVX3lxTE5sczJYM3ZIbkpSOE1DaUZfZDZoa2ppQy00elNTcnFlNWVKa3ZBa292QmFmQ2ZDMGdVbEFhOFJiMzJZa2pmbUtPLWhLSm5zVEdpVkh6bVlVLTVSWDJUZ1hrNWZsdFFuWU9XRV9ScWtGUHdNeUFaQlJQQl9Za0xoUHNkMlJGSWxGVU1LOUp4OExNZENITFRJbThad0NWVW1UUWo2bVdQOWZWTFctUVRjUG5XTG9MVXZMQQ?oc=5","Al Jazeera","Arab","1788177692000"
"Trump chose national security over political safety in confronting Iran - opinion","https://news.google.com/rss/articles/CBMiV0FVX3lxTFBZWjM0MEJpS0tzZ0tWQVVha0tqejNOMWJrRWtpYTQxY3NDQkExbG5mSXRiMVdqcHlicGJ4NGtHaGZiQ2I1STByLXF5OFNsYWk4dl9tcVNISQ?oc=5","The Jerusalem Post","Israel","1788177600000"
"2 killed in US strikes on Larak Island: Iranian state media","https://news.google.com/rss/articles/CBMilwFBVV95cUxPS2VPRWFnVm9mcEFoX0w0eE1sWmFGanpCM3p1NGItN21ya2E5aEZPbl9PVnlvS3Eyczg2dHlScGtaeGNlR18xMEgyWU5nY2llbkdxeHJYYkNtbVZGbFRPWjlraEZ1NGY3S2ZjQ3AzSGVlTWhVWWtSSTNCUzhwTUl5Qk1mTWY2TVlUTDNCSHRQLThqeVdLTU5J?oc=5","Dawn","Pakistan","1788176866000"
"Trump’s fake AI video of Kharg Island ‘attack’ leaves US military scrambling to explain","https://news.google.com/rss/articles/CBMiuwFBVV95cUxOeFZDdnRvem1zVUNxSGlHOFRiRzVBaFhOWnVPM1lmc1J3M3pzVjd1TDlsOHIza1FDRUJmTWFITGgxUXdoX19BaV9TTlpEVlgtdHdpQzRxVEJPRjNBMDdVblh1YnZxOW9vaHlLVmtWYk9iai1aZC16ZnB2M05OSzktWnl5UDdsSUJxdHJKOVdHYkp5eVpaUVRkODZOeGVZXzJSZHBoRE5RbjcwNlMtMjc4TTVPLTZ5djV3cjZR?oc=5","The Independent","UK","1788179760000"
"Trump calls for leaders of ‘failed nation’ Iran to be tried for ‘war crimes against humanity’ after latest US strikes","https://news.google.com/rss/articles/CBMiywFBVV95cUxQYk9LM0VUX2h5WUc5WllEVVYzUlU0ZEI1V3RxUFVFazJUcG5xcG9KRk1xQjZfanRXbHhDYnVYdjI0dXNHdDZUQy1ENmozS0duTER3SHJyODZVX0hjcnpPYUpicWhHa1ZBek1XTzN6NzBOLWwxQWtjcVprc0pJT2lGSXBXaV9nVnZ6cWh0UzJkZ2M0aVpVLThDQXRKTXJIU2FqZUNLeHlfdk9tc1ljZkxMX09nU3FRS1FuRnRENjE5RzRNVm1WeFZsZGZIcw?oc=5","New York Post","US","1788179280000"
"US, Iran trade strikes as tensions rise over Strait of Hormuz","https://news.google.com/rss/articles/CBMiVkFVX3lxTE14RnJLcXNqX3lJNTU0RE81T3JNdXdWRFdld2MzRjNHM1JBVG1jSjJFcUwzclpmSEdweGN0TEs4MHQ0VTB4UHNYRkZkbHpRT3l3M1gtQVRn?oc=5","Fox News","US","1788177479000"
"We're going to hit them hard': Trump says US to respond to Iranian missile strikes","https://news.google.com/rss/articles/CBMiswFBVV95cUxNNV9BdURQT1pVb1lPSm9TbU9RcVc2ZVh4aC1KLXkta2l4RmEtQXF5SEl5a0NBcmppZWo0VnpwaUU5T1ZzOHM1UUJnR19XZnR2aFRHeDFwRl9NcnVtU2JWdlNHd2N3dmZ3TWJib3hDZEZVSlVDeGExWl9hV2trYmRkTXczZUdGdGNHR2I2OUtjLWRnX1UyRW9LZ2l6SFZtdURidlBSTTV5ZDFIWTczZjZTdmZPRQ?oc=5","Dawn","Pakistan","1788180345000"
"Putin, Xi, Iran’s Pezeshkian in Kyrgyzstan for summit","https://news.google.com/rss/articles/CBMipgFBVV95cUxQZG5iWW5rc3NTLS1ocjNnN0hpbnJzYm85elhCcGJpSVd1czJDYlU2eDZFUXdkcXp5MjB1MXF0U2lTLXY5d3dsOGZqZTZ6S1BtSUd1OWF3TkduNjFmNWstQ3lrWU04dm44Y190WDdTSVA3N2x5QUlWWEtuQUlYUFotcE1sZUdVX1lET2phcy1WTV9XeEJxelpLLURsS09FZUhJR04zREdn0gGrAUFVX3lxTE1nOGoxY3ctYTNraE8zOXRTV0U5dXNXWHJVdS1Vc1MwYmt0ZXRQVzhwQ2o3SU05QkJrWlVHMEpSQnZtMGJ2eGtjSGJZSWlFQ1lCWG1rMDBZUmV2SHg4YV9DRXpHdkRhVzN6TENVbG9DUGRham9JUzdWc0RTM1hNdGNya2ZFcFZLeVZucUxYcjctMXU5RWpqSXFvMFJGaENaX3RmcVFDTXYxcGdKNA?oc=5","Al Arabiya","Arab","1788179580000"
"Iran attacks Jordan as the kingdom lacks a clear way to respond","https://news.google.com/rss/articles/CBMiXEFVX3lxTE11REhZUGtNX1lYTXNtbDhEX1lwMlk2WXc0M1hPX05nQUtXekc2WTJJZ1ZwcGdaQnYtOU5Tckd2QjBkS2FYWnd2UWdwbTdlYzZWTVdQUDVMcXhfRG1J?oc=5","The Jerusalem Post","Israel","1788179554000"
"Iran condemns U.S. attack on southern island, stresses right to self-defense","https://news.google.com/rss/articles/CBMifEFVX3lxTE1EMzlBZXI3UGM4Qk44Z3pVMk9xb0JHeTJSZ2oyZHU2TTVUWS1JSmxMZkdlZ2xVcXFpV0xHVWhIRVpTV3Y1UklxN3VJejQ2QmROdzRuYTdWWUxqRVNKYjJOb2M4VE9kZjRsZmRUMnVfb0VDRlpGRFlRTEVYVno?oc=5","Xinhua","China","1788179175000"
"Iran FM accuses Israel’s Netanyahu of tricking US into war","https://news.google.com/rss/articles/CBMitwFBVV95cUxNLTljSVZPYTJzMTc0c2FXVkJLYVF2VGw2Y0xhZ1hTX0JPMVVVUk5seDlHZFNMNDJaYm5MZy1pSllJeXFoYVFpTkpWSVZjMWVXekFZQUNaTjNGd0xfRmZGMUctUEo1OFJBRWJER1RpU3N4M0E4OUhLV0o1Rm45OTROcXoyMnRhN05xV2lOT24takNDSWdIUDVvZXNJRkJ0UXkxSGNNVC1VdjlZWGZhYmNtWXJsbkhDR2c?oc=5","Al Arabiya","Arab","1788178320000"
"Qatar extends LNG cancellations as Hormuz disruption drags on","https://news.google.com/rss/articles/CBMixAFBVV95cUxQdkRQdkVoRS1OWmY2WDBlaVpfTEZWbGRPSktfbVRJdnRiV0c2VE53dVVWbUJRd0xqbTZYNU5ya0NqZmYtWFZkZ0R3c2twaGNvMktlMkhqN016R1NPMGpxV0NkRUI3dUxMRE1SNjRNVUwxbWdEeVFXM0hjc1BUQjhldTZzRWZOcGVKVGtnQ3JqSUtiRUpzMHVvSDJoWEswenZDUzR0RjlPR1FvNURLeGlZWHB5RkltbW1wLWlHNjhNbnFEdUNB?oc=5","Euronews","Europe","1788181313000"
"Famed singer returns to Iran after decades of exile","https://news.google.com/rss/articles/CBMinwFBVV95cUxOb3FGX3Z1OHJ5X1c0dUxyLTF2TVBSUnpuTnNYa3YzaHhhZzBMbkR4Z21oNjdjQlNBRXoxMmM4dFhJZEY2Zno5eUVsSVVMOVA0dFVVNlAydFY1QmRIM0FqbzIzSGVhWm5PQW9YRVQ3TWdQZWJmbjZsVkk4a0UzTmdzRnAwaWFtLTN4dHV6TGpBYWV6MFc4dDNRX0YtdWRMQ3M?oc=5","France 24","Europe","1788181033000"
"Strait of Hormuz accessibility at the centre of US-Iran war flare-up","https://news.google.com/rss/articles/CBMinAFBVV95cUxNSFVIZXBXdk44MjZLcFp6VFVEWU5iYkxKY1dVWEM2ZGVDZkRnX2h6aGZMZEhkUWFNa2RPUjdndlRiYlZFLXpMSVljUDNpMk5SaTNqMEdjMWxhVnNOSUZzYXRSMWFBdWhBdFEyNUJHZVJjVTVGREhXNnR4TC1ONGV6emlFSlVhaDFpN1VscTh2dEdyY0ZlWGNRMURCc1c?oc=5","France 24","Europe","1788179995000"
"Iran’s economy in crisis as US launches new sanctions campaign","https://news.google.com/rss/articles/CBMipwFBVV95cUxQUXBZc1p2Yk1MYWRkNVlnbU5PTUlPWHFxSVptMEp5V3dBVk4wWm9VMmY4R2M3c1NuMzB4eko2SW11cmtrNF9VRkduWExoQ2x4VnVIZEhWeXQwXzNYQWwzanU0UWVWY0FDS0g0TVBPbkpvVTVpM0RlaW1YWHZHRUFMWUhBMjB1WjF0UmRxSTlIUy1CeEpHOU1NSDJVbDl2TEYzMWNVXy1uTQ?oc=5","The Guardian","UK","1788181260000"
"BREAKING: Trump vows RESPONSE after Iran targets US forces","https://news.google.com/rss/articles/CBMiVkFVX3lxTFBhdEFQdWtDVUg2OXZMT3czUWg4UnBiR0hwMGxXc3ZQZEtlem9QaFRGekVkZnZIT3JidVVzZnp3UDBtdzJsYkNJZVRtN21TZk1uT0NoUHFR?oc=5","Fox News","US","1788180854000"
"Trump vows response to Iranian strike on US troops in Jordan","https://news.google.com/rss/articles/CBMiqgFBVV95cUxORlJyZW9qd1VWb24tNGJlalRjNnRhR05TMEFOUlA5UUVUb2pNQzRweGpzV3ZyRWtCdUdEcFppVjhfbVZFWTcyZW1fMzZuZFhXYmRXd2c5T3QwUXZiWFJWNEFQb0laOTRTSzYyRmlRUEZiUC1iVVRJaHhsNHZMVS04dnFPUm5YdTVJRldUWjl0c1d3VHItWUpNSEhfWDk1bEo1MVBZYmFMVTJxZw?oc=5","The Times of Israel","Israel","1788182219000"
"Iran is ‘officially a failed nation,’ Trump says","https://news.google.com/rss/articles/CBMipwFBVV95cUxPcG1jTzZmNGZVR0VhVWxmYy05eUg1a2hGNG9mb1NvajF2N3h1eFRTcTZTSHRNT1N6aF9iaDFtdUs4TGdqZ3N0MldPNzN3Z2thaUNoT0M5RVFlT21SMUI5Y2ZRQ1UwNG9LX0FaYWFURHZpYTFUSDhiQlJ3OUluT0RXWFFMX21ERUl4ajZNUWgwY2NvM0xRTUFpSzl6SkdFNkdJNjZYdVQ4RdIBrAFBVV95cUxQVFJCQ09pZHVIR3FUTXRuVUw2dDZ5X2RZMkFkdGd6Y0gtM0hjbG1PTzN0b0VSeld1aW1RMFB6ZnNpTmt3aEtDZ1pfek9Lb2FIYzh3SFp3M1FOZ01jaTBCVnpUVUNUbmJ5Zjh6SFpmSmNlNjBqR29hZHdkZllBN0VMUDZPTDdrN3ZkQmVkT09TTGFNdUVhVmI2dzMyZlpud19VSHo0ZXRmYlJGSjFT?oc=5","Al Arabiya","Arab","1788181440000"
"Can Iran use rockets to mine the Strait of Hormuz, as US claims?","https://news.google.com/rss/articles/CBMipgFBVV95cUxOdVp4TUZwdzl1RkRLWjNXR19ad1FWRWZ6by1YMUxNck1XX3R0MDB5OUc0cDE0SmszaUdRS0VWaDJVaDEzXzlqQzl2WkNoODZJeWRTTXVBM3dmbmZSekFrNTZ4VUZ1X3FHSGV6WW9xaGNTTnViUGxGYWs3dnQ1bHV4U1lfYlptOHIyWERKNE1DS09EaFYwc0tpOUlJUVNzdEZQbXBYUzZn0gGrAUFVX3lxTE9CMkdLYTRQNkJadk55dXBSRnFGLVZDWHNQNm8wcF9mc1FONHZzUnVVbnVwYTRDRnRIejFMUEVKWkQ1SmhwbGptRC1HY3djYW1JQ1VRMTlseTJ4TnJyOVMxOFBFTUJ0VGVBVWdsajRMcXdxUFlDTVl4LTMxNmM5bkhzVzZfdlRpUUZjME96aF9wWUFLcHBFSEFNdnBqVFhaOUJXakx2ZUZVYkpmRQ?oc=5","Al Jazeera","Arab","1788181435000"
"Iran’s resistance changed balance of power in West Asia: Analyst","https://news.google.com/rss/articles/CBMivAFBVV95cUxNeXowMWRWN3ZJWHBrUllfcnNvVlQ1MndKNHVIdW01ZkNsTG9GNDdGUWY2a3pxMXQydXZGdS1LZW91ajlOYzJ4Y0UyLTZSeDJJSy14clplMWtfUnJaUGJKNU91Ul9ZcVNoX3VDdmQ3ZXEyUmpOclZoV1lBX0htbUFHRU1yQWZYZlF5bTFyZF8wNWFWMUpjNW13SDR6cTdad2dycnphaVNjSGoxUGtIcGdFQXI4Wm5qaklFQy04SQ?oc=5","Press TV","Iran","1788180960000"
"A look at Iran's Kharg Island and energy sector","https://news.google.com/rss/articles/CBMikwFBVV95cUxQdmt4Q3IzMGlodHRiaUpZWVBLUHNxQW5ydExabHlPNzlIMF85QjNWODQ0MWl6Y3ZETVJEVUpYaHN6a0ZabWlWNHpfMHRleWJfdllvZDRCRG5qVDVDb0JsZTh0M2xobFNQYTNMWGhMVkItM3RPRWZLaTdqQ2xKdmdtV3VCbjBmNE1nalpQZUxJelBoQmM?oc=5","Reuters","Global","1788183558000"
"Donald Trump says US will hit Iran ‘hard’ as conflict reignites","https://news.google.com/rss/articles/CBMihAFBVV95cUxNSUYwb2Y0RnFESWdoUWRnSUtya3owcWNkQmFXSDNuVTBuaDduVTFfbFdsVTFyYmN2cTFkQjRRVDQ0ZEZaMWh1MDd3SlFua25wRkk0RzlGUWlMa3RpWlJPSzB5Sm9FeWNkdlUyZkU5WEIwWERiNEVwNkhsN3Z1Y0lwWTZiYnI?oc=5","Financial Times","Global","1788182533000"
"Tehran mocks Trump’s ‘laughable’ claims after US president stated Iran is ‘dead’","https://news.google.com/rss/articles/CBMikgFBVV95cUxNMkNCOEd5eGlvN0p6cTZ4OGdNNDBQT0FCeEpQcG5XWVpvdkNzSU96OV8yZ2FCSXRMMnZOSmxWamNnUm5oTU5RNi1WeHpEUmtKMzZuemUwYndZeEd2dDdfQ2hXam1kV0RuTExTQ25FZ0xyY0xiY1hvVkNfRXhYekQzTlVZcWlBM0JWaHNCZk9KS05PZw?oc=5","The Independent","UK","1788183960000"
"Iran attack response: Trump warns US will 'hit them hard'","https://news.google.com/rss/articles/CBMiVkFVX3lxTE5wTG5nc1BZdXBlTk1EcGhjQTFVX0szOUNwcEtXaWx0M2dQbk5XNEJLZjkwY1g1clh1ZTRISjVwb0pjVnlidnBaWnU3a2dtSDdiSmxZMDN3?oc=5","Fox News","US","1788183741000"
"Iranian leaders WORRIED about unrest as economy crumbles","https://news.google.com/rss/articles/CBMiVkFVX3lxTE1YR1Z1Q05tRllMT0ZwR3JqdWZ3WEppeEhJU3BMeG50Vmc0dUNVZmRTWWFhNi1FaHlxSWh6LUdrZnNUQjRYN0otX0ZCeHRkcC15TG93Z3R3?oc=5","Fox News","US","1788183559000"
"Iran’s economy, long accustomed to sanctions, feels new U.S. pressure","https://news.google.com/rss/articles/CBMirwFBVV95cUxQS3ZpU1VSZGhaaEd4SkpVb3dmTU82ekF3ckFjVXQzcFBBZXhSWnhCenVBUXZKbUlkWEdfVVdKaWNscDRzd1IzOU9XeEt0ZzgyMjRKMlZtOGZXRXJoVmpwRTQ1NmJLUUFWd0VTQ1lYNnV6a0w0cEt0UDhPc3BpTGN1eUJKSWhtbGxhcmpER3ZMZG1xUXdjVEc3NGhjOTIzUjByT3V5Q1V0dF9WSEdGbGNV?oc=5","The Washington Post","US","1788183268000"
"The Iran war's mounting cost to U.S. drivers","https://news.google.com/rss/articles/CBMidkFVX3lxTFBsbW1PUDZ6MUZ4dWRtSHhWVFdPRWdYSUwtXzFMbTE0QmpZOEhTbGpiT1ZTYW05VmJLeW9LdGhrbDNTSWNNRXpWaTNZZ1pKb3dXbzZ5YVNWWElxcVZRUDlZdlBvVW5VTXd3RG13YUNIWU5zbFBwdHc?oc=5","Axios","US","1788183000000"
"Iran says overnight US, Iran scuffle was 'limited' confrontation","https://news.google.com/rss/articles/CBMiakFVX3lxTE9hYlJSbVNBUXdlUVUyM1Job3Z0WnRDM0RVdXNHZTNmZENqWkRZU0N4U3B4Q2hEZzNLbUxNRXhaaFU1VkZjd3lSclFzWUluSUdLZWVvUEFjYXdvWlFsLUQ3SW9Sb0NRM01oT1E?oc=5","The Jerusalem Post","Israel","1788184113000"
"GCC Secretary-General Condemns Iranian Attack on UAE","https://news.google.com/rss/articles/CBMikwFBVV95cUxNUGFVMU9LbFdHZ2xDdHl1THhkZVlzRjBXd3RnNUFSU0VqTUdxai1odWpCTmJaNF9ESDYzRTRrTnV4YTVlVC1TbU5KQV9BVUFEclI2eUVzaUcwYnl6QjFlbkloWHJIU2hzbXNyVEZOb2pwRlQtRUZ6ckhsYlhvTjViMWxYcDh0dlE2eTJ4SE9XS1BCOEU?oc=5","Asharq Al-Awsat","Arab","1788184059000"
"Iran still wants negotiated end to war, president says after exchanges of fire","https://news.google.com/rss/articles/CBMigwFBVV95cUxQaGp3VV85RDQyQnJtZ1d4U05od1haY21TRnk5MnozcHN6SXVXc3Z0dE05Z3NkTUttMFJKa1MxZEl4UlRGT01zQWZaN0xITW56bVFUb0xQLTFqMWtmbENyUmF5bUFkUTVSTVVpelZSdy01R2hVVEoyQXRaZ0YzaHRCeUExaw?oc=5","The Express Tribune","Pakistan","1788183429000"
"US' Bessent says Iran is lashing out amid economic pressure of sanctions","https://news.google.com/rss/articles/CBMiqAFBVV95cUxNcmdVSldqTXdaRWhXdjJveTlLdmpEV2NlbXV2dU1oem5zOFU5QjhsV0MyY2p6OXJNOG1HMDc3NnBXZGJNRzJ3OXA3Z2ZDdHJwYmlMMmVPZm9jTnZPZndDa21ua3RIb2ktSDJ5M0d3czZJTnBqZWctMkIwdU1pV1ZLbTRnNEZtUVVSb1J0aGNsa3ZsZG1rT1Jjd3JBdW9uck52WDBhOVZMWFc?oc=5","Dawn","Pakistan","1788182452000"
"Trump calls on Iran to be tried for 'war crimes against humanity'","https://news.google.com/rss/articles/CBMingFBVV95cUxNVlVFd1FBUi1oUVhyWlZmZEk4MFJfQ3NnVTRTeHFhTzJsLURLcXRfWHNHckUyR1lTMHcwWVFySFJtMjAyZUVhajFFSGE5andyZEdhWlg1eENobDl1Z2tyY3JYRF9SbWFyNmNTRTF2aW9wZHdVa1Qtckt5NFlUTHdybXNWU1BSLTV2Zlp0VmpDQ1lVM25TalFzR2Zwc1RSZ9IBTkFVX3lxTFBReGNLMWdmTFZMeGwwWFk4aDhmM1A0SHZzMGtuLUJfVk9jMVExalpFWWlDTFJuZEUtVFpFUm96V1JwVVktSldPQ0NkVDNNUQ?oc=5","Dawn","Pakistan","1788182370000"
"Centcom dismisses Iranian claims of tanker hitting mines in Strait of Hormuz","https://news.google.com/rss/articles/CBMirwFBVV95cUxNUjdneFk3eE1NdUhlUGdoZWpiSXhFdWRocUk3ZmlDV01lYkpncFliMUZlbFMzU3FSaW5fRmMyVENBZ1ZBUU1CdjZhS1JpNlZvSWFnQnlrSGVIQkVKZjJHSTRiOGlWbi1yTFJPX3BQMjRSMm1YV0djU1ltUnR6aTFDR0gxVDNzTENpTDZUTGpEcUlNSlJFVDEyaHJ3WHN0UEhEMnFKTzRUX1BKZzE2RmJv?oc=5","Dawn","Pakistan","1788181956000"
"Stocks Fall at Open, US-Iran Strikes Spur Rally in Oil, More","https://news.google.com/rss/articles/CBMiqgFBVV95cUxPSGV6SEJna2hpcGpzS3NRT1g4WVVXQmdyM25zbG5VQ012QnlGR3dLNVNQWkd6aHhpbjc3R0UybVFmTXk2SDRTUy1xeXFob1JYVXprUzBURV81NzJNS2I1dEk5elBVS3JKMC10X2dRbzVfMmM3SFFFbTRyMzNLQnpabGd0cHdCUjhHaHFBdG9aTW9ObThwVzFycVNkZlZQOWg4M3l5aWNSSTU5QQ?oc=5","Bloomberg","Global","1788184714000"
"Trey Yingst reports on US-Iran trade strikes as tensions flare","https://news.google.com/rss/articles/CBMiVkFVX3lxTFBqWGVpRzE0MDd1Nk1uSTJBRjZ2OTJ4amtGT0xBNGRzSTByUVlZTjl0dTBTdzF1RlVpSUlaRndBVERYZEl3VkF6RHpHWnpCNmoxZXBld2dR?oc=5","Fox News","US","1788185835000"
"UK households will suffer £2,400 hit from Iran war, analysis shows","https://news.google.com/rss/articles/CBMioAFBVV95cUxOOVVZekVqYnJxRWhqbXhVbmVaNUdteVlXWmNwUHlLSzlmNDhFbjktdk11c0ROZlNTWHBvd1IyMGh6LTdycGpsVjV1akRYRmJLQmF5S3VPZVBxY2xZS0ZOS0xpV3VRZFhhbFNhX00yYlhualhQSXBtSzBDMGZ5aW9MakswaEJRT3VKODA1UjFLel9sdUpFdERnSGRGSmZhaDFG?oc=5","The Independent","UK","1788185340000"
"Iran’s Achilles Heel: Why Trump has his sights on the tiny oil hub Kharg Island","https://news.google.com/rss/articles/CBMipAFBVV95cUxQLVV1Y1o4RU5RczdhX0ZsemJmX1JxRXlUX3Z0UkJmdTFlNzJnVTcxYi1rNVp1ZUJNZlU1Wmtkd0dvQ01kVzZWY2FCNUU5bmpwU3JfVjRqWkhjQnl6R0p0VlFuSHk5YjBwNTB5OUU5a2NpdUYyZ25YV1djV2p0aHd0NFlSRi13UkFSaWpxYmhJR2dFWmkyOEI4ZVlRYWtXSU02Qmsxbg?oc=5","The Independent","UK","1788185160000"
"Oil prices jump 3% to over $90 after US-Iran exchange strikes for first time in a month","https://news.google.com/rss/articles/CBMivgFBVV95cUxPVVdwNlZLMm9xbnUyUG5RUE9lenloRGtlbExVUURBVVc3OF9nRk1zVndUSTJaWGFpaWhfbjFmQ1QxUk9wT1l5UkkxNUNReXVITmJSbjByQTJRS0ZhZUlqaUEwTjJlY2dFVjN4Q1FrLVd1ZEV2akhwUFQ5NHI5Xy1SUDJvbGpGQ0dxV0QwSXFpb2xfS19jQ0w0THd6NXA1NkZNZm42Z2NGSDVFQ2tqRVVGQlRmMmUteEl3dXBZSFdB?oc=5","New York Post","US","1788184740000"
"Trump warns US will respond 'hard' to Iranian attacks after Jordan strike","https://news.google.com/rss/articles/CBMiVkFVX3lxTE1ucE93U2lDeXhtZmxlSHZlN056WGJkRWtvaWlQa1NhZHVFMXIyYXFjdGZUeG9lbHZYeVpHeXBuMmh1YjA1UWoyNXFpei1sdXhsTThZR0Vn?oc=5","Fox News","US","1788183880000"
"Iranian regime sentences 10 January protesters to death, six other recieve 25 years of prison","https://news.google.com/rss/articles/CBMiakFVX3lxTE1GSk4yS3J2emFwQUdJUGU1bU9mYXA3NHRfbFR5TEhwYUdKZjV3dURTR1ZyaVIzSlFiOXlGN0ktNWw2VFp0YzA2RmZiX0Q3R1VJTlJCSk5tTXcyYTlFQ21OYmU1WFlqVTdBZGc?oc=5","The Jerusalem Post","Israel","1788185255000"
"US military says no ships hit mines in Strait of Hormuz","https://news.google.com/rss/articles/CBMiowFBVV95cUxONW1xbmNBck9WX1pYc25oZkd0NncyOWZrVHZGTVBBTnhiYWkxZUFXTEVKekVYN04zanktUmo3Q0ZjcjVVbHNjU2gzWlJGajk3Tl95Yk1Mb0RmbFlCbktDdlJGdmVBZFBOS0ZzdmI3akZqQmhNbU9SX05mMlZVZ3hkektVaXA3RTNSU3g4X05nWGtGaEVycnNQMWdyUmxFSVdCV3Rz?oc=5","The Times of Israel","Israel","1788185025000"
"Depleted US Strategic Petroleum Reserve loses potency as Iran war grinds on","https://news.google.com/rss/articles/CBMirgFBVV95cUxPRTZueU94bHZFMWVJYVFkdkZnWXRjUTNuVXRUY2stS1lkZXlVVy1KUDB3Z3Jrcld2NU9yTDNyc0xxRlZDVGoxamNyWUo3OThaYXJROGVkeGF1cmFfRXd6clEyNUxwSWpOaG55WFY1SERhRkl2RHpSNHNZSjV1cVZnMjVHQ2hYdHJqVmJ2RjdKN0NfeXlobU1HVWI3MVp3MVlGbXhrUFVxSVhTMFpIeXfSAU5BVV95cUxOem5ieHQydk4zWDlONF9TcXhTVnF2MlhEbGI3TXJRVnNHM3JPeGh4akduNy05d0REdTMzTVB0MjNWWmJoeGktdUpFN3dmV0E?oc=5","Dawn","Pakistan","1788184544000"
"Senior Iranian source says latest hostilities with US are a 'limited' confrontation","https://news.google.com/rss/articles/CBMitgFBVV95cUxNQkxIcEdwTjlHT05PalQxQmtnSzM5eGZoby11cE5fMGY4ZnJqZWpjaWtTalNhdWx1UEpXa21zUVZRYXdlc1VkZjlkeUlxU3I3SjZrVmxXa3pOenUzcWZqWHpfdEtid0FxT2tQajhoZVNWMEdQYUtIYVBLbFN6NVZwYUxiZ010VUV6VjgzQ1dlWTQtcElZZnpMREpJY1lVNV9aYmhuVGU3YUEwdXpub0Z1RTVkWkRnUQ?oc=5","Dawn","Pakistan","1788183380000"
"Bessent Talks Iran at G20, Trump Says US Will Respond to Iran’s Attacks, More","https://news.google.com/rss/articles/CBMirwFBVV95cUxPalNuSExMMjNWekdfOHpmbmdoeVVYSFNXMmJDZ0lHR1hkN3o2UGR0TEhzSm9TQndqQ3NfQ1pjcURLZ0poS1RidDk1UXpiNmxVOTljT2RHRFREUjVsWm8wcGp3dDR6WjAxdlZtT0VvSEhOVnZWb0VVcVBHTFUwekw5TE1GbnM1aDJreF9fREw5Qkd2NTNkUzItLWJUNXFiOG9mSjBKT1lDa0pUV0pneXcw?oc=5","Bloomberg","Global","1788187982000"
"US and Iran trade strikes for first time in weeks","https://news.google.com/rss/articles/CBMiUEFVX3lxTE4ybndzWnVaM3VGSjRPRkstSmdzQkpKNnpuTm5lRC1PaVJXdWVhbkZPbzNXRU9DM0RCbkxzRFJPdnVkbGtRbGpkWnUzNzE2OWpB?oc=5","BBC","Global","1788186953000"
"Senior Iranian source says latest hostilities with US are ‘limited’ confrontation","https://news.google.com/rss/articles/CBMiwwFBVV95cUxNV0VscWVGUlZqcmU4TERJcE1XLWhjbUNVb3cwQTF3bEZuWmZXRG5RV3FZUThGbkc5N1M1elVXSHFKMmtXQ0dfcnBYUDZNWUlZc2d0Szk4ZkR5N21qb0ZZc2VtcHJYMlNSOXFzNUZlcExNZWtZMld1eVRYdVI4eHhOT1lxa2tFV05xVG5IRFBJdjBqTW5lNXRHSlBQeGdKN0xabFcyWmZ4bXhXV2o0UDNLQUlOUk55QzhFZ0w1b29ncndRdnc?oc=5","The Times of Israel","Israel","1788186722000"
"Crude prices rise above $90 per barrel on US-Iran strikes","https://news.google.com/rss/articles/CBMilAFBVV95cUxNdDRoU2x5ZXZoVlF3VDRLNnFNekstaVFTLURpeExELXJQTDBXWWplV0FMQWpkeVR0R2ZwZUpRbDM3aWZ5VHl2c0p1Z09zdkRqN3VyRkdQcVh1eXRLTW90TDk4dmVuS1dubUd0Rkx5QjRhUXp2TWdndF85MlBIY25LMk5EWTM1elE2ZHN0US1JLUhiVllq?oc=5","Dawn","Pakistan","1788185181000"
"White House forced to clarify Trump’s AI video of Kharg Island ‘attack’ is fake","https://news.google.com/rss/articles/CBMilAFBVV95cUxPX0ZvaEIyb1BTZExYQzVjbHZZR2VMc3FnQy1ROWpwV01sMW5ReWc1elRmZUNzbkM5VlVETkx2UkJsTnZHWUJiSVItS3Qxa0wzMjhoYUE0UGpicUdCQXVaRjR3VDVSQ1RERjBYaXpkNUlRMFRUOG04cE9EUHM0U0p4aGZncUZCbE9waDdvcGE0TnM4Q21O?oc=5","The Independent","UK","1788188100000"
"Iranian president RESPONDS after US trades strikes","https://news.google.com/rss/articles/CBMiVkFVX3lxTE5oSGJtR2NPMThISzdVWHo2a3hNYVNHMkxveG5PV21GUzRkWWlIWXVQVXhUZGxBYWh0UjU4TGFDdkJ0bXRuVnI1ZS04T3pnMWNMd3RKcjZR?oc=5","Fox News","US","1788187953000"
"Pentagon spokesman schooled in the law after ranting about report on Iran war hurting US readiness","https://news.google.com/rss/articles/CBMiqgFBVV95cUxPa2FoYXhCbUZDX2l6dTVnUVU1V2x2akxscUtaTHQ2aUhzeWJucGlOX3BaZlhNY1U2ZUl5VFlWdThhZjRqNjh4ZHhzYzVhVk44b2V0ei1fdjZLdFhiWVlQWXFPeXBwaFF3T0RXYmFmR1FOU1lMYmJiT1NCbWJaNjMyS2F6MS1jNnJZdDltYUQyR2l1QmF4ZTRqbnpNeHNGVU0tVmRFNkZEWkVHUQ?oc=5","The Independent","UK","1788187860000"
"Smiling Scott Bessent arrives at G20 finance meeting with vow to make Iran 'come to their senses'","https://news.google.com/rss/articles/CBMizwFBVV95cUxNQVljQV9QZVROTy01V1U4VVczN0w5bjdMRE13VUhhTnhCSkNhYW1lZWF6ei1IcjdyY3lHXzNXNFN3dzJ5SHZ4ZWpHM2phZzdDcHNYOV9Eb1hNS1BMcmFRRVJvZ1U3aFJCaTZfMlR0NTAtbnJ1ckwwcmNLZVkyVWN2OFZOc0ZweGJCaE81Y3lHWmFGM0hwMHNLSWhkNTl6ZXZOa2s4UEljbGJBa25ISHVWLVBPWnRkUW50dGZHQWJCUl9wajk2QksxTG9MZWpENUk?oc=5","New York Post","US","1788187620000"
"Bessent says goal of US sanctions is to get Iran to ‘come to the table’","https://news.google.com/rss/articles/CBMitgFBVV95cUxQVFh6RHdiVDk2MkFGQkdYM3loVHZ2aUVrYXBfakxKYTduV0xOd0ZBM2RlS180VFFwVDNyN3BEZ2dmQWlxbXBsZHZ6ZTFvUlpfamh0SGlqOW51cHBmMURPWV9yM3U3Mjg5ZENKdE5VMVBBNTZXSXZpdzFha3RKQXZTZXhDNEpwYTc1THFHanhMaGstYVVVd1k0WlJjQkVib1BRVWFQYkNXUzczTC1xQWd5SU9Wa3pfdw?oc=5","The Times of Israel","Israel","1788189426000"
"Trump says Iran is ‘dead’, vows to respond after renewed clashes","https://news.google.com/rss/articles/CBMipAFBVV95cUxNdlVjVnJob3NkOWhEQmpuc3JOXy1ycTRJdGgxRGM1LVlWUmNoWmxvc0o0VVludHBLUnZqYVJjN1ZaalVyb3lGTE1RcndhSHlRY1laWmF2azhzaUVTR2JDdk9kZ2NubHVUVDBfMmJtUkl3aWVPSm0yZUFnQVBEZlRieFA5N09WMmRYSktodHlkZ3Zwc3VWZDg2eGg1LUk1S0xjdEpZY9IBqgFBVV95cUxPcmsxTkMwd3FHZHdIQWF0aFNKdEplbjlUY0JqRGF0V1JvRUw3a0tfTjl4ZVhoRGFfczdjcENoN0RZcGJiNjFUQjRNTGd4MmN6dVFkX2I4OXJVa2lybU84MXoxbU9PY2R3SnZCX1JKNDNUOFd3aENpMHNYdTAtaHZnbFhtUGpWNTJWTk9fWVNZUUs2VHR2YnVaTHNvZDdEWnpaRjhJU1dTQmk3UQ?oc=5","Al Jazeera","Arab","1788189184000"
"US Treasury chief says goal of sanctions is to get Iran to 'come to the table'","https://news.google.com/rss/articles/CBMirwFBVV95cUxPUVdhZTRvVXVWNDV0RDZaRkRfcWx2ZUJySHY5c3plbVVMdWE5OUNCRmJndkpzRHdRa0JjU3NpRHBJaWloNGp3SjJ2WmZLMkFCUVhmRC1FNE9wcWVUNGR4V2FZOHAzUUIxTHF2TGhVYWlSYjZkT1M0R0pCWEYxVWotY0w2ZkpOUDB1SmhWNlBrLVpzX3NpR1VkWkJlcm51RktHeXhGNGtObEgwU0FiVUdR?oc=5","Dawn","Pakistan","1788187314000"
"Iran reporter: SCO supports regional peace, rejects hegemony","https://news.google.com/rss/articles/CBMieEFVX3lxTE5fM3NKSmVMSXJodlVOTEpiZzloN2JTYzlyVU54aEVjbFZvM09zUzM1NTJ3N0xpR2FydlZWQ05OVkZkajJwYklrUHBxZkRjU24tVzFTbS1KbVJXN3puNDM4aUY3QjlnbWxjeVhlRnlGWTdZMVNCMU5FeQ?oc=5","CGTN","China","1788186950000"
"Jack Keane: Iran is LOSING leverage","https://news.google.com/rss/articles/CBMiVkFVX3lxTE5tN1Exc1RhQXhDUWxEdHhMdW9aNmlYVXNjOXVlTzdEa2RhVklCRUtOUFJ3ZFU2YmlHcjl6M3Y0UnJiVjVfYjhaMVl3ck53THNtNGhjTWJR?oc=5","Fox News","US","1788190679000"
"US-Iran conflict: What next for oil and trade?","https://news.google.com/rss/articles/CBMiUEFVX3lxTE1wY1Fxci1MZ1NEekhmelVDekFrTkJ3eTVyb3BhNzBRMFRrQmNQVlBfZjJDaGNtVHFMZzM4dWFjM3FzOC1rSkN6RW1xdHpoTklQ?oc=5","BBC","Global","1788191171000"
"Trump was sending message to Iran with Kharg Island post, says Vance","https://news.google.com/rss/articles/CBMiugFBVV95cUxPeElJSjJGWk5EandMUHVfb3J5dmhzdzh2eVNWQjdZYnFPaGFzMmNLX2N1c21TQzFtb0tfeTRhTlBJMnlUVThxR1FqNXg2Q0pTanRSMnVlY0s5RDNqcHhqVVE3YjVrTnlTWGVXd3hERnc0N0lsdmJLcEM2Yk5EUnBKSnI4UUZKeDkwY2ZFVm1aRFJYRG8yR3hRV0RzZFhucUNzdnNjcTJGN3lPdVdPQXVwYmVOUHdzS01zRVE?oc=5","Reuters","Global","1788190663000"
"Bessent: Iran Takes Sanctions Seriously, Nvidia Makes Big AI Bet","https://news.google.com/rss/articles/CBMirwFBVV95cUxNa3VJQWhlNWxKOHNQeTYwbFgtMFo5U1NhNVpWVS0tTXUyWVBveGt4eVA3eVNaZnBFZ1R0RFE1LWhPazRoMUM1VHpLMU1JZFNpRWxjTVpqMmdFMTRVY0V0SjE2V1RTQlprSEtWRU5XNnI1QnFFZHRzRGh5SHI0SlgtZFRQellNRDhWakNHODF3T0NtdDhYeS04NEZYdEpXTVdqQ0dHYnZ4MGM1SHBaUFU4?oc=5","Bloomberg","Global","1788190267000"
"Latest flare-up between US and Iran bring conflict's lull to an end","https://news.google.com/rss/articles/CBMimwFBVV95cUxQckVzckJ6UXNDYjd0TU15Y3E4cnFRQ1BUUFppX3lHRjZuMEJWa0Y5NlQzMmFvcjBYa0ZLMzRoSlBrMmc1YzBta0E1ZFVxTmJoQ1g1ZE1NQkNTMFJBbUpaTHBMRjMwM25jZ1VxM3ZiRDRaRmd6Szl1NldnbVpXb3NpUkw2aVFqOGZwaGpiXy1xYXY5LWMydGlsQ3BvWQ?oc=5","France 24","Europe","1788189724000"
"Trump vows retaliation after Iran fires missiles at U.S. base in Jordan","https://news.google.com/rss/articles/CBMifEFVX3lxTE4xZUZoRWdyY0VtNHVXSUFIaW40UU5NbkNybE1xSTREMzd4b1dVR2llYkZUV1MxcHZoUGVXdlZ0Vng1dHFhODlPbnpBZllEcVFwTkU5WDJLN0Q5ZDAzLU5JY0N5c0NKRHBDRXd1WWVYTWQ0b3JtZTdZWExKMHA?oc=5","Xinhua","China","1788191760000"
"Pakistani PM, Iranian president exchange views on evolving regional situation","https://news.google.com/rss/articles/CBMifEFVX3lxTFB6UXU4ZHRocm14SHk2OV8zN2t4U0xKejYzbUl4ZXJ6MUJIMEtpbFQzZ3l3NFo1VzNpdUo5MmlPNDBHSTVvZnRIZFRydEtQcXJJTFRtLWQwX0QxYjBXdGtOY0lMdlBGUmZTYlJGLTM3c1dFemt3eDRQUm9TVEU?oc=5","Xinhua","China","1788191280000"
"Trump was sending message to Iran with Kharg Island post, says Vance","https://news.google.com/rss/articles/CBMiowFBVV95cUxQNzItZnpzOWZtNHVkcFRMUzhJOVE4cTVZUEtxR0UwYmFmN0FTSGI5aTJqNFZmVWh3QlJkQTVNVzN2cHVlZUF3T3ZkTC02b3FSMzRtV211Mzh1Q0Fyd2Z2RUx0U0phaEVzMFUzNmRvZFhMQURrOXVXTlVHelVoYU5SVHpVdDFfSUN0SUhpWW5KRW9nZUxvWERhY2xfSFZ4dmdDaG00?oc=5","Dawn","Pakistan","1788190954000"
"Iran believes peace, security must prevail throughout West Asia: Pezeshkian","https://news.google.com/rss/articles/CBMihgFBVV95cUxNWDZDZ3E0NEUtbjRidGR3MndmbUY3V3pLNFhyUmVCWE45a3pjTDBPSURFUUNWZlZBcWp1NXBvOVd6M09BUVMwS1dobjNqTXhxRW1YSGMxV0t0XzlOZ1ZlZzcyeUcyT0NnaFJOV1doNTdiMmd2UlBVVTl5U0dLQXNtd1JJbWV3dw?oc=5","Press TV","Iran","1788190440000"
"Senior Iranian commander says relations between IRGC, Iranian govt 'stronger than ever': state media","https://news.google.com/rss/articles/CBMiygFBVV95cUxOc2lORXpBZTFQOERrWURBWFFraF9pMDdfSVBaMVhiTm84Q0p6YnZyWDJ2eGMxSGoyWjdzWGFxUGFjUkh1MzRNd2trR3htM0h0NGg3UjFZQWlOVHMzSDFIUTJpTWxiT1B6QVVkTGhsRHQ3dGNCVUk1UlVyVUlWNWc0OTUxS2JsSlRINWV4aGR5M0I5c2c2Z0hIY1FlNzBqaXNGSEg5TnNEQm4yaHFlUmtiVU1vMmkzdnpFUExTSXhvTm1lUGZfbVFLN2F3?oc=5","Dawn","Pakistan","1788189698000"
"Need to build on understandings reached in Islamabad MoU, PM Shehbaz tells Iran's Pezeshkian","https://news.google.com/rss/articles/CBMiwgFBVV95cUxPQTN3WE8xRjBIVV9aQ1RxSGR3c0k4TWtEN2NmTU9VZmJweXJFM1Q0RHE1YjYwNExvMGNHakFjZm5HbXhWZ2VYWGJtMjhwT0s1ZDAteHYxWHhNVGNxZWRsMHM1TDVQWVR1NEhrWTA2RG1rT3JzY3B0bGU0WS1oWlB6ZWZvYnE0eXJENnpoSXVGeWRVcTAzSkw2cXhScWlqLVFtenpyVTVvRk1MNzhjS1hFSlRJSjl5T25WeVdSUl9UQ3pvZw?oc=5","Dawn","Pakistan","1788189372000"
"Trump says Iran is ‘dead’, vows to respond after renewed clashes","https://news.google.com/rss/articles/CBMipAFBVV95cUxNdlVjVnJob3NkOWhEQmpuc3JOXy1ycTRJdGgxRGM1LVlWUmNoWmxvc0o0VVludHBLUnZqYVJjN1ZaalVyb3lGTE1RcndhSHlRY1laWmF2azhzaUVTR2JDdk9kZ2NubHVUVDBfMmJtUkl3aWVPSm0yZUFnQVBEZlRieFA5N09WMmRYSktodHlkZ3Zwc3VWZDg2eGg1LUk1S0xjdEpZYw?oc=5","Al Jazeera","Arab","1788189184000"
"Bessent: Iran Takes Sanctions Seriously, Nvidia's $3.5B AI Bet","https://news.google.com/rss/articles/CBMiqwFBVV95cUxORFNhemZlWFZoV3R4VjhfNEcxX25JS3ZScUM3R2s5MjlzdHJ0ZVlYWXlyTzgyalIxRGlMb1phczJlS2hNT25CWFRwck5LVEtwQS1qby1MTjMtb29XUWNIeU5QSWd0NHhnWUFtLUdJeDRJVUpjMDE2d2FDVTZrSkdRSWxlMlNKUEYzcmpWd0JMeWRsZnpXYWFBVHZrR1dkTVF0SXpURnBjcUpXcjQ?oc=5","Bloomberg","Global","1788193287000"
"Bessent says Iran is lashing out amid economic pressure of sanctions","https://news.google.com/rss/articles/CBMiZ0FVX3lxTE9wOWJlaDAzRW96X3A5aDRza2xCMHY4bG1HQUlBSXRQdGpMSmpxOWxQQVZMWWl4TVVxT1NYMHVmNlc2NlB4ckVaazl5UjFCdTllWXV6TFZIUzU1UUcxU2RLQlQ2cVJwSzA?oc=5","Reuters","Global","1788192450000"
"US and Iran trade strikes for first time in weeks","https://news.google.com/rss/articles/CBMiV0FVX3lxTE1MbXE4a0M0UFc1T29qNkRaczhOWGd1WXFaaE1WWXNoeWNIV08yUUVjMUo4dmZKOVFrdWR6Z1QzMXNTbDZZb3JJM3pFbjRqMWRCVFhIanJoZw?oc=5","BBC","Global","1788191400000"
"WaPo columnist calls source for his own paper's Iran war report 'a traitor' who 'ought to be prosecuted'","https://news.google.com/rss/articles/CBMi0gFBVV95cUxNNHVzbkl3WkpwMXA2TWR3TWlDNVF4cms2QlhLMmUyMHFzWTY3MXJJMm13MDJEdzYwdGhEM3Y0dlBkNHJ0bV9ZcTF4WDlGaElRZUQ5MmprSGNKU1dRQ1ZmZUhqcWZoeTUxclRXT25xYXRiaURBOE40V0Y5YTgyeG8yQ3Y2TFBvVVRlbGpTb1BKU2RlbWxPV0NPaVRMMnU3Nl9IcnFfQkV6VFhUeGJuTm95WkVyVU5HQ1pRQ1p4SEFfTTlLMmFlNnNPQ2RvS1kwcC1hNnc?oc=5","New York Post","US","1788194340000"
"JD Vance speaks on US-Iran relations and Venezuela oil deal","https://news.google.com/rss/articles/CBMiVkFVX3lxTE9YNVBYbF9laWlDSHd2ZFRKZ01jalNBY3FUaldGcjR4dGpHc3hkbE1uN1dhSzFZLW1FYXI4SVRfMXloSWpkYnFsNDJvRVNGYUhhVXBvd2xB?oc=5","Fox News","US","1788192247000"
"Trump promises more strikes after US and Iran trade blows for first time in a month","https://news.google.com/rss/articles/CBMigAFBVV95cUxNanNqaVl2RERVU2ZvZXlacUNWanlHLXhVZlcyQ0lXS25OdlFxVXFWakNMSDdrTl9pSXFNWnNNaWJlQTNreUJ6cDdYVTlvbHU1WmJ3QWFPempvbUdvNmllQjl2SlFuOEpfOTJ6c3ZkTHdDWDZSX21lQWlvckFId3FuTQ?oc=5","Politico","US","1788192120000"
"Islamabad MoU offers ‘only viable pathway’ to lasting regional peace: PM Shehbaz in meeting with Iran's Pezeshkian","https://news.google.com/rss/articles/CBMinAFBVV95cUxOeVM2bmlTblFyN2N2aDlKcUVnZ0U1TmlYVzBjUDkxd1lLMjBZSmNZOXl3ZGV5c1JPdXcxZ1YtdWpOcC1Xd3gzUkdHOXpjUC1CeFY5NDdUeXdPSFVzcmVhdTAwM3RZRGpfMUNUa2pPZTE0S2U1a3lpeVdFUmIyanF4UDg1UDFRUHo3Q3h0eUNaMkpHQXhnM3RsZmdpc08?oc=5","The Express Tribune","Pakistan","1788193968000"
"WATCH: Bessent says Iran must give up nuclear programme, Strait of Hormuz has to be open","https://news.google.com/rss/articles/CBMivAFBVV95cUxNemhBRVBQVHgxUm9pX1J5MjdhdHNCa05ZaUVqWktnTkxlWXNadTJmakhfUUd1c0RFSDlKNHRva2c0X21NSHRKTm1Kci1Ea1RqbUppRVFxTGhPelhLdm5WTl96RFRhc3lSZHZTZVRVSXZRMUwwWnZ1bHhfeWNHejA2RVpqVkhHTHhmYXVodzd6WkNuUi1SVlBQUGZGVmszV250RUFrUmQ2OFRoeW9tNS1zWjNZTlZZOXZYcmVRQg?oc=5","Dawn","Pakistan","1788192483000"
"US/Iran Trade Strikes, Bessent: Iran Economy Need Not Collapse","https://news.google.com/rss/articles/CBMirAFBVV95cUxNb0pMTjZCTTBaN2w2U2REYnBZbjNidHdxSXJkRjk3R0tHMVhsaGtCbnk4LWota2ttdnZtejRYc2YwMC11TXRYSWNwS0J3Rk1vZGJVTTUyMUZJLWZidUMwaHBZaWhUU0hKYndfYk45amJ0SGhFUHhubmVOV3ViTzE2RTdJVmVBS3c0QXFMYUs0VHhNS3NXTktTMGpPaDc3aEFiaDdHaUd1TThmLUkx?oc=5","Bloomberg","Global","1788196178000"
"War on Iran: US bombs Iran","https://news.google.com/rss/articles/CBMiggFBVV95cUxNQkp5djBJOVFTLVhnSWtBb3htUXZJZ3cycFNHVFdGcUlmV2hkeE1ObEFTRF9ITHhuWEZHTzA3YW5MbHVyNzlmLU5rdTcxNE42aUlpQngxcmhUNXloX0YtQTZNOUR4UjZwbEVRUGpzWEd4eF9UamNzdzdmWEw3NDBHUXRn0gGHAUFVX3lxTE1Qd0NwTFlhMGhsWUFBeHI3YmhfaElucUhhbXhrWXR2VnNKU1c0SUc1djl4bnRxamIwU2h1V0pMeTlkVDlndS1rSkVQb2RQZTBEUjNMUmxrdGV1NHk4WG5GUXVIWkxlb0dnUjJhTUZ5V1ZHQVRlbVZPNmQzczZDY19vQTlwR3pSNA?oc=5","Al Jazeera","Arab","1788197128000"
"Vance says Trump ‘sending a message’ to Iran with AI-generated video","https://news.google.com/rss/articles/CBMirwFBVV95cUxNUFdjWEVjV1VaNmhpbkwzdTJqSmpDSmZ6YjZpZjJhM19wM251TkpVVWN1dlJEVFBOTTlDRFR0SnJRY2VkRTc3TklHWElaLUlrTld3d3lRcHh1alRBdVh0NTNIaHNIQkdEd3cxZjNFaW5vcHJ0UVdibUNaaERRLVJtallfaU5oT3hFRmFhd05ONHJZcnczV1VuN056VVhteWdHWm8xeV9MMlUxSG9iMmEw?oc=5","Al Jazeera","Arab","1788196518000"
"Iran could face economic collapse in months, US Treasury’s Bessent warns","https://news.google.com/rss/articles/CBMitAFBVV95cUxQc3FlY3k0c19Yai1XcV84WWZLbmpuODFvdmV0N2R5RDZLVElsOUIydkR2S2ZLUTRPMmI4cXRYNFBlay1FTTJ3Mmd4eS1NZl8xcDJ2RDA4bmJJbEpZUVBCM1M2NlFjSm1RZUpmcVE5MmVqWG8ybWhTWkxrOXRfSS1BamVaNHpGTWpwZmc3MncwSHZGV3RmV3Z6WEJyNjEtelZXSlFyRDZ6ZGp6X2FWcWI4VHl2ZFrSAboBQVVfeXFMTks1WjFWMFJ5RVFkS0FreXVSUEprWklSOU9iMk1qakJfTHJuWV9KcEgyUVVnZDR1dnFsRGxmMkVncGxTUTEtdDludzgwQjQxXy00RUdOYWFiMUQ4YjRHUkdFZE1vS2FVZ3laZ1F4ZHVvR0luQUw3ZXc2ZmxhblRaNXN4MkZZT3piam5SLUptQ1VuNld0X0ZZY1ZkWTdJMmRWYll4UmtmWmFGdTE0TjdDMk91QndvWEREOTVR?oc=5","Al Jazeera","Arab","1788196500000"
"Trump Vows to Hit Iran Hard After First Exchanges of Fire in a Month","https://news.google.com/rss/articles/CBMinwFBVV95cUxQcG9KQUdFQ3FDaWpjSXZvdC1vUFlyVTV6X2dlTzl6a0hrZXM4X21uUFhMbkVISE02YjZYVlNHLWNkSU1GREJlNWhaOVQzaWFqS3R3VUlYX2cteXRqTXV0VHdBU0pLdTdqTllvNXlURFRkMngtYUdrMEFYSDMtaV9tXzZhXzM3aVhQeXU2WUszTkhlYi1JNy1uRHpVRFl4ajA?oc=5","Asharq Al-Awsat","Arab","1788196103000"
"US and Iran resume strikes in Strait of Hormuz","https://news.google.com/rss/articles/CBMiUEFVX3lxTE1oeWQ1ZkVINmxWLWdWRndvRWY3V1A1bm80X3pJVkZYOGx2TXR3OWJMaFpoTzB3ZmFUc1laTkZ6amtBNzgxZERyWlNQeHJieG8z?oc=5","BBC","Global","1788197378000"
"Trump to meet US oil execs as Iran war keeps price high","https://news.google.com/rss/articles/CBMikwFBVV95cUxNNUNCZFZWQk5GaG1JVE5QUkRCTnhHWl9lN0Qwb3FicnkzM1Npc2J4ZDl3aFBqTnlLV0w1U1d0N2loNmc5eGNXdDJGd0x1Y3d5ZTNPclJCTDlIR2ppa0VsVWJXZjhaaUk0ZnNtSzc3dDJXQWQyQU9FeF9PSThPZnJHNVFGc2Rtdkt2U1ZCNDRIUnRWNzA?oc=5","Dawn","Pakistan","1788196563000"
"Trump weighing limited strikes against Iran to curb Hormuz attacks","https://news.google.com/rss/articles/CBMiekFVX3lxTFBzZXpaNzhySlI5eHVJWUx1Vi11N0s4bkZDdjJBWkVwdlNOV0dJWlVhTmlpZWFRQ2gyclAzSThsMGxieWIzUUplVmQ2RXBTM2tqR3dwd1lZWUhpTk9wWTM3NGJHMlNQOEpTeHhFeDc1elhPTW1iNENUcEZn?oc=5","Axios","US","1788199527000"
"As Trump goes unhinged on Iran — don’t expect Congress to rein him in","https://news.google.com/rss/articles/CBMivAFBVV95cUxNX2JxOV80V1ltOVlhbjkxTUNsaUlFZ3F2bVpFeWVEZGV1V25PYVpIWklJaUVKQVBMN3A0LVFZN1dZaHNaVjBOWkwwN2JHUjdVaTd6V1M3YzZ2UjNpN2NhUXc0N1NydlZpZUVMSmU5WE1BV2RXby1kVV9zSEd3V1ZZYV9mc3lhZ19nU3diUFdUbS1RZ2UzZnBETWhGZkpadHZ3MXZ3aXE1Z05Jak5WNnZMWDh0dVlIWlItLWUtRA?oc=5","The Independent","UK","1788199320000"
"Trump threatens further action as US and Iran exchange fire in new flare-up","https://news.google.com/rss/articles/CBMinwFBVV95cUxQLUpmdGNNVndvczlTbUpBZ243RmpsZlEyOFpsQ3ZnMmxPaVFXMDhxdklkeEZkcHo1STdwYjE0YkVuVFpxdGdDSW43dXNqN3lXMmpzN0JhTFZmYnlpVVJUbzR3eEhTeUpLWEk0YnN5N3dyZTY1VW5wXzgyN1BFQXVycE80aWVMY3RmOVZ2Q1Q0b1Z2T0tmSWZ2eDFTWG9BVEE?oc=5","The Guardian","UK","1788197100000"
"Report: Trump weighing plan for limited strikes on Hormuz to prevent Iran from rebuilding","https://news.google.com/rss/articles/CBMizwFBVV95cUxOS00zSVRCTFRqV0lvTjFnc0p1Z0wxZHFWSUh6TVRDV2VYVVBoTXByODc0bHdyVFFyamh1M1NtTnB2dUVLRS1kSkR2NXQ2QmxGTHFlX0pJc21oalpWOElrMF8xVHFHWFJfY1VzVlIzaDZVZGxuWWJ2MUFobFoyY1NHMUN3WVF0aDdWY2dKUGlDOGhxVkhLVG81aU1YSmZGU0ZFZGlXOExLbndNWmNubXYxVk83RzJZQ2xOQTJLMUNYbHJoaUFvYXFIbFV4cW5CbE0?oc=5","The Times of Israel","Israel","1788198307000"
"New US missile touted for accuracy seems to have killed Iranian civilians far from blast site","https://news.google.com/rss/articles/CBMirgFBVV95cUxONDI1ZDQ4WlJjN0Fub3NTQU1jV05QaW45SDJXbEhuN0JhT3FGRHFKMU9oaFRZX2RvRENEd2k3OG1WUTZTZmNEck1hak12c3JoalBjQ0NtUjlzNTlNZEZDUjFmN0tjY1hsYldldTRoWlNUWFZ1Z0UwTTF3UHZZTTkwUTlaMzlIWVRZT3B4V0duUmF3OXZWMFBuRWtLeUl1dTZUOFRUZ09MRDk4VS1HNXc?oc=5","The Independent","UK","1788201660000"
"US, Iran trade strikes as Trump issues stark warning","https://news.google.com/rss/articles/CBMiVkFVX3lxTE5vRXd5SEFKQU51QmZtaE1MWkJuVlNfMkN2dFNmQXNUd012bzNRdzhLRjYtMkM5YkM4YkthMzY3WGY4XzZTbkRqZ3hEcmstVzVpeC11WDF3?oc=5","Fox News","US","1788200532000"
"Watch Trump Iran Reports 'Not Closely Connected' to Truth on the Ground, Says Retired General","https://news.google.com/rss/articles/CBMipwFBVV95cUxQazZTeVJEZ28xbWxoeGtQaGVKaWtVUXpET09OQVJwaE1yR3hjVjY3V1dSNEYxQW05Z3hSRzdMcFh2aGJPTnFWZFRITVNRVkRJRGk4em5XUVI0TERLb2RaeTVVbUJoamZCWGJUdTYwOTBWbmY4TkotalNoTkdUMERxbUJBMXNHcWt4UkYzNGloQXB6LVZ4WmFTRXk0WkFpa3lmcEtVOFFzYw?oc=5","Bloomberg","Global","1788201354000"
"Trump vows to hit back 'hard' after first exchange of fire with Iran in weeks","https://news.google.com/rss/articles/CBMipgFBVV95cUxNWHZ4d2E0QzhHektDcVdUdFZuUTYxUExPcGNLNEItSTJjZEphRHg2c01HRFpjVmtUdm04X1hPbWdhUmNnb01RMm85aThhWGN5dm5yTzFGajJLUmVmczFseGdUcDZvX0g1MFM3ZTJISzN4MTVYMTJlaTNhY0NNQ2dQdnFkOVhMMXVZVVg1WEdHVFA5Y1dENjZETFZ2WFN5N0tkSUNUalJR?oc=5","France 24","Europe","1788201247000"
"Iraq sentences Iran-backed militia member for kidnapping American journalist","https://news.google.com/rss/articles/CBMiXEFVX3lxTE5FNjNWdkQxVy00akVtb0NxeVl6VC1iQng2SkhBaG02WlVpRHpRRkhLYnB3X04tRVhOelBqeWt4VExxVVRQamRiMHRERnNTblhqc3dURlY5N2pVaHA1?oc=5","The Jerusalem Post","Israel","1788202364000"
"More oil flowing through Strait of Hormuz than previously reported, analyst reveals","https://news.google.com/rss/articles/CBMiowFBVV95cUxQeGhEaDFxMzFzT09ia3NXVTZzXzZ6TDZzVHJDdURZVmV5RmNYM0taU2J6NDVkZ3h6d3VReEJrX0tFLXUxeUtDRTRsS3ZucFdPdHBkZWhoYlA5cTY4YldxX0p0NDN5VXkxNDZPLTU5UkZoZ3djMUFwZ00zeGNDTDF6R1dBNGlqbldmVjBqVmM3MjZrRFQwV0g2RGxQdU9oZ3R5cGdB?oc=5","New York Post","US","1788201840000"
"Trump threatens to ‘hit Iran hard’ as US and Iran restart strikes","https://news.google.com/rss/articles/CBMirwFBVV95cUxPZW5iRy0wdEpSTkNGWkJiMXVFUnpFUnRRQjVWQTd5anhPeWxvZ0ZXOFZ5Z1UxY1BueWJGQ1hHdkxDbFRMZDNNYlc5LWV2cVVSVXF3M2tILUJPTFA0QWJVZVlOYUdFc1VhNzZRbmpCWTd1dzQ1WnpkSF8xY013NHhuQ2xsc2RvWFJFa1Y0MnRBakVobGZlYXRrN1JaR05vU2s2cHVlXzBTdkh1RkN3d0xR?oc=5","The Independent","UK","1788205380000"
"Iran fires drone strike at UAE in new wave of retaliation","https://news.google.com/rss/articles/CBMioAFBVV95cUxQN1pOc2Y0QjRXaXB1Y2VjUXExVHdGUjJ6ZE9FZmFJOEJUWTZvOWN0MV9maE15RGVKdjZuV1BQU0JldXVYSWhzTWxPeFZBVDVVUDByMXY4a0JDSXdhb2h4ZGtxWG9LZUdTMlNiRHpnZlpjckpXVWRnbllIcnNaN3FfZUlXNzBqQy11ZWNrUzZhX0tKSkNyMkpGZGRYaFJrZkQy?oc=5","New York Post","US","1788204240000"
"UN chief calls for ""maximum restraint"" after resumption of U.S.-Iran hostilities","https://news.google.com/rss/articles/CBMifEFVX3lxTE41Vm5ic3RWbzdsQnlocC1YRHdWbkZ4dWVnLUxJTXF2X0lmZmx1akQycklmSEhkQ1I5SW5TdnRtTHZmdklvX2lDZDhyYTFJWTJoX1F0dVRCOEVKTHY4dnlXc0pmSXZYQmhrd0JPclgxQUpTTDNUNGRpMS1KUjY?oc=5","Xinhua","China","1788206715000"
"WATCH: Iran launches drone attacks on vessels in Strait of Hormuz","https://news.google.com/rss/articles/CBMinwFBVV95cUxOZlpwTE9xNEVna1lqNEQ4ODNxYXNWQkhTa2ZjSklEdVFKVDBFTEVtWWR6Rjl5Y1NjSlJXQUhzVkdRbS1xVFRQNndpR3BpT28wQWRrSlg2MExDSTFTZ3lHaDBNd2tvZ0ZnRXRnMko4NUN4QVRreTZTZ1g0Mmpic3ZLdFd1Z1p2WW1PWS1GTm5iMXdkekxwSUFoX0YyclVZZmM?oc=5","Dawn","Pakistan","1788204545000"
"U.S. Stocks Fall as Iran War Inflation Heats Up","https://news.google.com/rss/articles/CBMilAFBVV95cUxPRUVYWG9PbUEwbUxITHE3TFdtaGg3Q3lkaEl0U05DcEJENnEtOUo1SThLa200ZWRXSHJabTRiSElaTEdwcWtvbS04alVuTjRzRHR3M0htU09HUzJJQzZiTDJiTEVxTG5WTmNOQzE3WWs3dGx0N1ltdWJrUUZWb19ZUEZKaEItS1prMWF3Rk1xdGJKUWFf?oc=5","The Wall Street Journal","US","1788208200000"
"U.S. & Iran Exchange Blows","https://news.google.com/rss/articles/CBMibkFVX3lxTE1RU0dWTHJ5TzhiX3RfSTZFeTJhMVloZ1NaSXcyWnVYY0l6ak9CdUJRUzktLUxrXzFXYkhBQTZDeXlkbjgyQmg1SGFJWE9PTVdXak5kcjA0WmtabTh2ZGRMU0JJdzJaaEFlWDloVEZB?oc=5","Fox News","US","1788207470000"
"New report exposes intact Iranian bunker that may hide regime's ongoing nuclear work","https://news.google.com/rss/articles/CBMirAFBVV95cUxPZ0MxRHljZ3BSNm9oakNXS1Z2YV9SVWJFLS1nVUIxNnB0ZjBFOVVBWkdjRHVZaTlUcWJlYnlmMW5wWkFUTDViUVctb0c4VFFqV0NUZHNQSlNScU5YZWJKTVE2WHpOM3NrR3FYLWdmcWFnSFhHcTQtaXBaWWtZeGZMRnBrLXFWSktKMFdZMFlRRi1KeHBuaXo2ZlRNeUF0YnB0N1lYMnBtNU54QUJD0gGyAUFVX3lxTE9zX0MwYTQwVnBsdWtZNlJEM205b1JBcURSTGpjU0ZPQXBxSHJicmo2d2ZkNXhKcUlSalo0d01ZYW1HaDI4U2w1ektRaUhRVllHcWdRNVRkVVloWjNjV3poUEpmNEVqd1M1TWJhbFNtaWx2c3VSSmhtN1lad0tQc3owTzljdWlvck85ZzZYY3h3Q0VwQ2RTUnRyTVhsWmdoalRicTFiTmF1bzhUYVJyaWY0Wnc?oc=5","Fox News","US","1788206718000"
"Donald Trump dismisses using nuclear weapon against Iran after reporter question","https://news.google.com/rss/articles/CBMiX0FVX3lxTE04cjJVWGk5UkJVMmdnMEU2TDFOUS1VS0lETS1fTER2aFJmTmNjTGxKd2VNMmxNVDBjQk1Vbk0tRW1vOUpncUt3eEdFWG0tSE1XYm1hUUdJSWVxQ2xFMmlB?oc=5","The Jerusalem Post","Israel","1788208473000"
"How Cooking Gas Became a Barometer for the Iran War’s Energy Shock","https://news.google.com/rss/articles/CBMia0FVX3lxTE9VaFNUR0NSRkhEcVlpcXZZcFVWaWNMOVFxVnZ2M2lFRjNOS19Wa191N3VYb3J4VG04RHotc3FTUzI5R3gwamJhc2pKR211QWRnZFdJYi1Bd2ZpdksxZ0ItOW0yV1BBeDFxaHlR?oc=5","Bloomberg","Global","1788210000000"
"Trump threatens to ‘hit Iran hard’ as strikes resume after month-long lull","https://news.google.com/rss/articles/CBMivgFBVV95cUxNNjBQZ2VKSWZKYjVhR05GdWR4d3FleE92RGs3cGQ1VFFkTGNZbE02MXBLdkY1VS1IT09FRFNHeFM1QmE4Ql9TNmUwdkxhdFZrLUZKVW81LUJNbS1ITEdXd25PcVNiUW1jZWlOVXhiZTZfSGdvU191UlhoaFEwcUU5Yi1VRmdPLU4zc1pfX1lfcDhWdnJTdWI4a25tVVJiNkdpS1hmTTdJM05oY3Y4ZDdocEtMS19UcW5MbXFDSDFn?oc=5","France 24","Europe","1788208576000"
"‘What a stupid question’: Trump rules out idea of nuking Iran","https://news.google.com/rss/articles/CBMipwFBVV95cUxPRzhUbTI4NGZHd1NvYXh1UEhabGFONEhSR0s5cTNhQ3RwZ3lZY0FBQmdoWGI4aEJ1ZXQ1Wkg1MF9UbU1qZzRmb0pTWFhhNl84S1ppTkdiNW9PYkgyNVJpWVVPWkNrTzA0ckx2T3Q2WXJjbndrYnFRbklGWU15VXdNbDBKSFlMc1k4SDB3emVybWU2NThOa1E5cXBkdi1UN2k1M1JoeUN0dw?oc=5","The Times of Israel","Israel","1788208027000"
"Your Iran Questions, Answered","https://news.google.com/rss/articles/CBMid0FVX3lxTE5MaTdmX1BTaGtDMzVhMlMxV0dCcXlLUFU2TzIwWlRkNm40WXFINFJKV3UyRHdyZEFBUDFydUlZelp4Ykd5aGNCR2pTZ09aZUtJNm5uTGFyVkw2MDd4QWRkdDRkcXJUYmI0ZVRzSkRoSWdmUVBRVVBn?oc=5","The New York Times","US","1788209119000"
"Iranian media say Saudi oil tanker stopped in Strait of Hormuz, no Saudi confirmation","https://news.google.com/rss/articles/CBMizAFBVV95cUxOckZxNjFsWVZXODU3X0Q3R2dfUkpfYXVvTU95bDFVZmJ3aWZkMWlnWHRIRUFiN2p0N1pLWmxKUjZIUDZMS0tZZXdvMU5ZQnZ0MWxzT0k2RDV4OWk3TFJ4VF9jOW1tRjVZbE1XSVVDZmdkd1pvUndQMEd2bkMxQnlwN1duV19FX2xYZDdRR1F6ajlNU3ZVQlpnTlhUTndVRzJHaHRERXhFNFZEdTUtWjhQUW9jeFNSQURuTTliYTUwTHA0ZUVBV25oRTFTZUw?oc=5","Reuters","Global","1788211625000"
"How Cooking Gas Became a Barometer for the Iran War’s Energy Shock","https://news.google.com/rss/articles/CBMiggFBVV95cUxPN3JHcWdyT19fVVBwUnlxWi1yRlFDaC1hU1hXRDZNZ3F0TENjVW94UWJCa1RtQWV1Zms3WkxYckZrcVZNbkM1R1o2UHczVTBFZktCYXhXcnpZdEtaLVNXb3lkVjVwTTNDbmhuUHI0ZnltUEdDUGFmbWZjaGdpV3prOVB3?oc=5","Bloomberg","Global","1788210000000"
"Iran says Israel is the enemy. The graves tell another story","https://news.google.com/rss/articles/CBMilwFBVV95cUxQR0Zxbk9XZjZxejJDMjI5MUpSZk9Hc2JSWjlaNzRPeldpTlpLcmMxUWlUblFCUms0YVgxQXVnbWlYdWkwNHFNMkdZUmVHZzFWcm5jQ3BsOHhpUk0teXh1NGQ4cVZ0SkVWTDA4dDMxZXYzdEMwR1BYSG9HVXNXeHg3V2Z5MllfVEFNUzdJUlBsYXVnamRBQzBV?oc=5","The Times of Israel","Israel","1788211020000"
"EU surrenders sovereignty to US coercion, becomes accessory to economic terrorism: Iran FM spokesman","https://news.google.com/rss/articles/CBMi4gFBVV95cUxOTjl2X3RCNE9yeWh1bGFzNnB4NEZ3UjlPdExRY0NLRm1TMjQ1eVY1bGZJS3ZfU1R1TDhOVENzSnpqTS1nVW13Q3lPelhOUHc4OGYxckFXajBaVmVMeXBjOFhVRFlZRjdXcGJkYzhUMmJJR3hETjM1cVRPVFRrWFdXMTFYTzEtSnpQZVQ5UDU3QktQNmFQaks5SGRYbGZqODZGS0hhcU52TG5PSnFrMFNFamdsajhhcXdNSHc5WHp5bmRWUVRMempGMFhMdG5uZlNQMEZ6V2FQYXZhMFFvdDBVV3Rn?oc=5","Press TV","Iran","1788214260000"
"Famed singer returns to Iran after decades of exile","https://news.google.com/rss/articles/CBMikgFBVV95cUxPUVZWRDhlbmhkU2RweExINk9PUWxPQWxqSWJicXBGZHpucmYtaTZSM3k2U055c1lyTW1lTURqSV8wTHBvYUxtTXVuOXh3bGtlWURvOVh2Zk5HYTJtcGE3czhpYy11b1Blb1RvcEFrQzRRN1VVVk5xRE5MTl9wOXU0X3lLeUxsNDVsZXhXR3dXQjN1QdIBmgFBVV95cUxOUk9qY1FkV3lsTjdFTEFJTTh6MHo1akhmOWtkUkY3cWtKMDJnRU1uT2ctUUtLNGtaZnBCbjVTYjFDVVRfQ2lBU2xVNlZrMkVvRnNBVERRamhETUw2VDY5UmFNMkM2azIzZFZ5ZzdZeVVxVFJLV012X3ZxOTZkVGQ3eXN3aGVyRFJSWjg3ME9WYjNQMWhuRldDUlJR?oc=5","The Express Tribune","Pakistan","1788213991000"
"Iranian media say Saudi oil tanker stopped in Strait of Hormuz; no Saudi confirmation","https://news.google.com/rss/articles/CBMiygFBVV95cUxOZ0JubEFLUUk1V184cjZiWVllb0U5cThVazlNdEdIMnlEdjRBRE1hQnJrNDdHWFpzN0JGbmJVcE5IbFVqbzM2YTVqLXNQOEo3ajJUakxWUElSSVBZNHRXUVd4SjNna2p5dEpUcVhrUVhXR1Q1QllMYzlYY241Q1JGaENLdEd4UWRVRWZ1dGF6WlhKRTlSUUxqZE1pUXJNS1NvODFHUGhUUjJWcmN6VExJZmRQUFNzakdmZ3p1RFZBTDdELW1oY3U3WW13?oc=5","The Times of Israel","Israel","1788212964000"
"Trump: Strikes on Iran will be ‘limited,’ but it ‘doesn’t mean we won’t smack them’","https://news.google.com/rss/articles/CBMizgFBVV95cUxOS19lLTBnTEVTVDFHX0lqOE9HV3E5UTNNOG4zVjZjX3BYa3RlMXB5V0VzNEczTlhBTXlxcGJPcWhZZzd6cXNtaE9TZy15UTBmczZmRFFVY3JrUVl2SUN3S0FvQVBhNlhNRV9MUXptbE1EbGEtcml0SlZtbWc3MzVua19WWFM1bEVfM3kyUk1qV1B5RjVtbjlNTzBSLWRzM185ZFVaeUNrZTgzT2VsbTFnQjVxcThwb1djbXJuMm5VYnVIWnZ4dWQ3WW1kS3Rydw?oc=5","Associated Press","Global","1788214080000"
"Asian Stocks to Fall as Iran Flare-Up Boosts Oil: Markets Wrap","https://news.google.com/rss/articles/CBMisgFBVV95cUxPR3lDeFpHVlptcnBMcThtNzhEVVM2d1AyMkI5bVQwSUlCQjhWd0VhbXdqaTF2NzJUc2FXSHpJX20zTVBmRlkxMG5BWXptMTQzejdQU3hqQUZHcno1bldsdE5iUG5BMFY4cUNBMDBfaGE4RG9jSElQSndGNGNBMlNMdXcyTFJaVUFhS0trQnJncFRsMExRZGluZFVOVkgzUHlFYWptTkNjQTc2OGFXYWc1Yzl3?oc=5","Bloomberg","Global","1788213974000"
"Oil Extends Advance as US-Iran Escalation Revives Hormuz Risks","https://news.google.com/rss/articles/CBMingFBVV95cUxPR0pDaENnd2pDd29nQ0g4bk9LT0JaREozSUZ3UElScnZJc29qbTc1emFVbV9TVlREem1jLTZFUW11OExqbXFONk04dzJGeENmTGc1blZsOTBST1QyYnN4eXFSSGt5alhqU1RTc3QtRFBwZ25JVXNzWEtVWi1lcThWa0hDdkZiVlJ5d0N0Y19qYUMzTGhtekg5UDVzbTJWQQ?oc=5","Bloomberg","Global","1788213826000"
"Watch Trump Says US Could Still 'Smack' Iran","https://news.google.com/rss/articles/CBMilgFBVV95cUxNLWRhRjhrVHVNRk5uYmhyYmpZZ1M5cnJjMEtBQmQ0YWg1b0tzbUIwX0xSVFpoQTZnQjRmLWJ4OUFyM2NfOGo1RGVHbU5fa1hEMnFsRDhzNlNKWUZ0dEwwaWxxWGdmbTFkdm03bE4xSXlOcTBVSFBTMEZibTVLSzJ3WGZGdHJ4cXhLWUtscnBlNFhIMkJXSGc?oc=5","Bloomberg","Global","1788212902000"
"Gen Jack Keane: It's unknowable to predict when the Iranian regime will collapse","https://news.google.com/rss/articles/CBMiVkFVX3lxTE9PVGJSWGFaQnJ3ZEtzWkRucVlRUGVRbF9zM1h0bjZMcExsTm83OEF2eTBLSVAtbXllQ2dxejZRejhkdHlpVElnT0lfbHZMUGpOWWJiVFl3?oc=5","Fox News","US","1788217139000"
"Tracking Trump: Trump vows to hit Iran ‘hard’; Supreme Court allows work on ballroom; U.S.-Iran trade strikes; and more","https://news.google.com/rss/articles/CBMi8gFBVV95cUxQMzRXS2VIaEJ3dG13UjIzZ0VuQlZaQUdDejJzbVpQN0FJcmljQzJSYmQ1d0lRWDJlTnhkVDFYTGo5c3hoNTlyNFpJb2ozaDU3UUFVejRQVW9zY2lMWHBOaDhucjJNSVlwYzdOWmxQNFk3c0szbTdUcmpNMk1XRE01QUs1NGwySENabkNubWR3WjRINnpISG90VWFodUEzNjRNWlB6NHliTlJlR0RaWFRPdTY3UzkybHBXNHlCaHBRX2xhN3hQOW9tVGxKZ1VTcUVLN2pGeV9pZV9GN2tNRkZYYklEMEc3b0IxRHIwMHJHYmxSdw?oc=5","The Washington Post","US","1788216753000"
"Trump on Iran: 'They're a failed nation, that doesn't mean were not going to smack 'em'","https://news.google.com/rss/articles/CBMiVkFVX3lxTE9IVGRITGRMVy1fc2dVQl9zLXBkM3h1M1V2ZlgxZU1VOUdnWWhTWDZXbGstV29MdnBzU0ZIdWxnZWlVRWhPZ1FFUUF3TXdjWDlCUlZGRGV3?oc=5","Fox News","US","1788216234000"
"Rep. Dean on latest Iran strikes: ‘The president doesn’t have a plan’","https://news.google.com/rss/articles/CBMiowFBVV95cUxPZjd3TFNoWDZKVVVqU3ptX1l1blM3TW9FMmtYQkQ0Vk9jbjlXbWZlaUd2QmNtMThyUWR3VmFrUzJVSDczellKSTgwaDFnM1VZTVNiUmFVUG9OVlo3R0NVRUoyZlhCcFhOYW5WXy1FNWhxcWJoa1htZ08zMmNnWnQ4Zk93c2I0WkVkWHMtWFhrbzAxNXNzc1VvcnBzZ2U2Mlh5T25z?oc=5","CNN","US","1788216092000"
"Opinion | The true cost of the Iran war","https://news.google.com/rss/articles/CBMilwFBVV95cUxPZ3hYa1VENUxBdG9NYzZVOU4wTktBX0FhWk03MlVKdm9DeGlnTDVpUTV0UE05c200Qi1YSlB3NVdKTzhTWkdHdlA0SVZqZ19pUk5ram15SkNEaFNRRkprUnRmTHFsQ3ZBY3BYLVlqTjhwM2dRdWJNU1VhZExwYTdWUHp0V3ZjdmxxbWl4ci1lVmMwQ2hpR0Jz?oc=5","The Washington Post","US","1788214370000"
"Trump says U.S. might ‘smack’ Iran but that fighting is likely to remain limited","https://news.google.com/rss/articles/CBMirAFBVV95cUxOdFgxeG82cjl4NE5YdzF4SHIzbDI2NXlHVXA1UFVVZVFkRV9lSVlWcWxtTDJ3bm92OHpoQTZUX3VFWUtRRVl2SVZUcVI2cjhjaTJubFpPQlhPWUIzMTd6SlFzNTA3c2l3OVZMRlJFeVRzeE0xZmNpN2VsWV9RMFVuWXR1RHBxVFQzZjJvOElRbXpSWThPa1hNMkliaXFhNFVhS09CcGZIeEpfZkhW?oc=5","The Washington Post","US","1788214103000"
"Keane calls Bessent’s pressure on Iran the ‘most comprehensive attempt’ at financial isolation","https://news.google.com/rss/articles/CBMiVkFVX3lxTFBzbTNfNzUtLVV4V1kxWmF1c0JOSUJfRG9MVV9nN2h3UmVPVXladXFXcmZOeDdjbEFsaUdkVXlPNl9XS1NxZHRZcVlVYnNValFTQWkyU2Fn?oc=5","Fox News","US","1788218727000"
"Evening Edition: 'Iran, Michigan Politics and Personal Attacks', JD Vance Sits Down with FOX News","https://news.google.com/rss/articles/CBMiygFBVV95cUxNdl9yNUhOMi05UFZsTEhqUlpiUVViSnFCbm9hVVlscnRaNTFPazU3T0ZyS29JQTBDcUdhMDh6ZktYVzdCNVRUYmxJOTFjd3BpdzhYMk0tZ1ZudVRNSnBnYU5ldFR1dWkySkF2SmYtYVMxTXo2NFFRVHg5RlU3b092N2otTno5eHFQT1ZrM2duQ3Vpd3FDcVpZWlFBTTQxeW9EVVJvZjFIcklrUHdZaWRsTEpIeGZfclEzUXFtd2JEZzZwdzJHd040N0d3?oc=5","Fox News","US","1788218703000"
"US forces targeted Iranian minelaying infrastructure in Larak Island strike","https://news.google.com/rss/articles/CBMiVkFVX3lxTFBJN1JTendjak1BaWpFR05QVzBQcno0NnNlZi0xYm81U0s2NXBzMUdUYzR3djU5SGpyNHhTTEI0UllXdEljZjFCYnFXUTBLTWFJOHkyMGVB?oc=5","Fox News","US","1788217513000"
"Oil jumps 2% on US-Iran escalation","https://news.google.com/rss/articles/CBMiekFVX3lxTFBoQ01tXzR0WmVkZzUyOXItSHhXT0N4T0t3c2taVDF4MkNJVGhvNW4yVWJoTWVITTBpeXQ5OXR6TkY4VDNfQzR2OHZKbWtMNDRyUTZsemR4YkZZd0dqdjNlR2tCQjNnVVVBOEo1NW9hQTZLaEtWLWd1R1V30gGCAUFVX3lxTE9YSkE3dTM4OE5BLVJVZE9LOE41aHVlMU9WWTBUUVk5d3RCbS15NHdBZ3JQd1Z5WDhYZlkxV0YzMWRha2w4Rl9EVnd0QVM2SFd2d2V6VHFpMnVWUWpyYWUzN0JRN3lBd3FMQ1NmUHVwWE11OUZOZnF3LUJoTHItRmd1SHc?oc=5","The Express Tribune","Pakistan","1788219155000"