headline,link,source,region,published_at
"Japan June services producer prices rise as Iran war keeps freight costs high","https://news.google.com/rss/articles/CBMiyAFBVV95cUxQYlR0eUFSSGNBY3VNbERHWjFWa25SSl9iNnhGTTJBazRTdFJkcWszN2VzSTFZeG1lRkZRLWI4c3RMYndWRzBQVmlyMXpwWE80M3VTMzNvaHJkLXhtaVgxVjBXYnM2Rkc0cC1GWXp5TUczRnY1S082ZTI2TlZxc1NCOGRHTVJtQ0ozdVQ4TEYwbHMzNkszNXVoQlEwTXdqaTZqZFNyN3ZJYUxvazA4QmRjc2hVVjJWOGE2cFBOWVQyeFVFaDk5bnNkMA?oc=5","Reuters","Global","1785110760000"
"US-Iran Extend War Pause, Oil Tumbles as Tensions Ease, More","https://news.google.com/rss/articles/CBMiqgFBVV95cUxNQV82WTRJQ1lSUE5pbUswZmQ0aXhIWi1icTc1dlZ6a2ZnXzFkMVdVTFVjaERGVnFiWXAzamVsNlRYaE92V211ckdYOXI4OVpTc2sxTEtyNHFOQnExcjJYcVZMSjVvSjBfNUwyTXlyMlFVd3dScmFGZUNvWjdGQVQyLXBNcHdmTTJhTTJVZnlkRk9ubExmNnA5cmNBSmY4WjVOWmtNVHVrU21WUQ?oc=5","Bloomberg","Global","1785110693000"
"US, Iran pause strikes as talks gain ground","https://news.google.com/rss/articles/CBMihgFBVV95cUxPR0ZYT0RBaUtSQkIwb3MxaEI2eEh0QUc3UXhuUHMzeFEzUnByM19TTUdEcHVhUHctQ25QNzRIbklEdWo4RHhGWXBfamZ3UGVUWGF1SVZQQ1RWaTZfR2NWajlmd0dCZXpRMXpoeGE1WkstaGpmcFc3aF9wdGNDV2RONElIT2Zpd9IBjgFBVV95cUxPMUdSX1pkTFJzN0FidmdyZC1RcTlJOTZfU2QzRmd5UTFYbEVhUll0MUZnSHJlTFVTNk41U3h0bHI5Ul9GVlYzR1ZUT0VnOXhUbTk0aVpidFZVbUF5N1AzdlV0RWNUNTFQNzUxMUlWeFZEWnpvMER5Y0QxMDlfclZIY18zQk9XZ2NYLXU5NnhB?oc=5","The Express Tribune","Pakistan","1785111362000"
"US-Iran Attacks Pause, Oil Dips as Tensions Ease, More","https://news.google.com/rss/articles/CBMiogFBVV95cUxNS3A0Snd6RkhUUzEwb3NSanZ4dmZoY09MWGFHdWUwR3V4cWsxRTVqVFFXWF9weE92S1ZDUVNCX3IwTXNmZHppazJkRU1LVzBhUTgyeVNuMnZpcG5MVHRwdVJiNmJxX1RFQmM0Q2xLNEFSMm5CcUlDczNYVl9xNjVhS1ZaLTFfRVJNUWltMVdSSUNPZTJZQTUxSDctcjR6MWQ3akE?oc=5","Bloomberg","Global","1785113333000"
"Dollar pulls back as US-Iran attacks pause, oil drops","https://news.google.com/rss/articles/CBMipwFBVV95cUxQdWQ5R1NLZkN4LVQtZkhaQVlCVE9jV0pFNE5JamoxMFdleEdnS0I5YjhzVWtOVW5RVHk0d1BhSVRSc2I0THJIbzlrWXVhX00wemJRX2c2eTRKQ1BOb3FIZnBONjhvUktZVzlWRFl2RG1EYUQ1NTctRWFGa0htZzNBQ2dQdTVZSnBHZ2FXYkpNUVJJVVZQVGkzZ0IzbEZPQUF0dkVMOTBhMA?oc=5","Reuters","Global","1785112320000"
"US and Iran halt attacks in tentative opening for renewed talks","https://news.google.com/rss/articles/CBMi0wFBVV95cUxQOGV1bUx1ZWxQSUttZnR1YTdNNjlSckg3SXl4d3BDWWQ1dVBjVHdZUlBGdEN5a2g5OWJ6MG9ZTWd5WjE4cUk2YThFQndNOEZub1ZTSmk2c1M3VnZYZHRyNkxJblBOTndtSUlRc1gtZ1ZmWFZRRHc2MmI4bGxseGJKdHROWVppdDlvTGVoaXZBNTcxRHpBUS05MXlHZzlSODNqblhpcWJ5U1VzMWZJeWhuSXFYN2syX3hHeW5qWDVvNEpVUGpGUVNQakNISVdHM0dPSTdB?oc=5","Le Monde","Europe","1785112261000"
"Bloomberg Daybreak Asia: Iran Tensions Ease, CXMT Debut","https://news.google.com/rss/articles/CBMirgFBVV95cUxOYnpMMUlUUTFxNEUwWGc2TVc5RUNHYkF5RFF1SEYwR0hndXdBaFJKRC0yUktVTVNwc2hLSFR6b3dTUWhXSUdBNElWY0hNTTM0S0N6c2FPUzlzMDdTZndBdDdVeEhQYUtFNllTck1FWDdTXzZsTFQ5QUY2bTN2Y2xIR2tNTklQVjhKWjQzNFFhclZJa2Q4clJhdHRibnFnRDE3QTBHa2Z0MXJuNjJFaWc?oc=5","Bloomberg","Global","1785115154000"
"Crude oil futures are pricing market adaptability, not hopeful Iran peace","https://news.google.com/rss/articles/CBMi2AFBVV95cUxNNGE1c0g5ZHQxVW9KaV81YjdLV3FXRFo2dnp4S1FaeWZjbTdHbjhMOXVxRDdNVmRIenhzTWdYeU5WQWVqOWVURmxGTXJEVm5mVkN3MkdzSERyM2tHUkt5QWhkNWxkY2tzSXc3OGVtUmVzYXlPSE1vQ29Sak5vN1dDQnJicUZSZlVVSlN5ZkZhUXAxbHhDeWwtQmJxanEwam1FRlVLY2d6OFd6ejVuQUVDaWw5cEJkbHo4cDJ2TG04LU1kSm1aVVNMZE02ZmxwMGZENjZvaEZpUG4?oc=5","Reuters","Global","1785113460000"
"Trump continues to threaten Iran with AI social media posts despite lull in fighting","https://news.google.com/rss/articles/CBMitgFBVV95cUxOZmRZdGtNRjRya3lsSlNBcC1Wdld4a1h5OG5WRThDM3hmY0hQOWN2R2RlRmVRT3dsNW43UVh2NzM5V09YRVM3aWhCakF4dXlXNmZOeTJaTEp4SV85UHlZVnBnbDRQek5FYlBCZnZSYWUzRkpOczRoaTdwUGdlZmRmU0kyNDdzeldYVFpyRVpvQ3JUeWdDWGt2SzlTM3lfMkVEOUtweG5tRnhZX2FQQmFaOEdsNzFqUdIBuwFBVV95cUxPNEtQUlJPem5FYVJzSXRKMklwMkQ0YXRGT3BVbjRrdUIxS2FEWmNQYW53d190bnM1TUpsWG5wQjdXazMtN1FhU0RicVBpMWxLNkQwMC12LUlLa051bjVIS29SZGVSSjdlYUMwblB3YTE2YW5vX0Utb0Q5bGRxVS1wN3lmejJvd0RnWHF3NWVnTGlmRXhtZWN2X2JrWEI0UElWVlRWNTh0b2M1QjJfdWJod2U5eWdXaEFMaGdz?oc=5","The Times of Israel","Israel","1785115125000"
"Oil prices drop more than 5% on renewed hopes for US-Iran deal","https://news.google.com/rss/articles/CBMiqwFBVV95cUxQd3NSTTNZdUxhVmVGVFpVd2d3LU5EcTJoQXB0R3BDVFFwOFJDaElPMmc0dnRfM1VsV2Z4VmdFVktYREhBdnA1N2Q2LW9xNGRVRUh5dXhwUW1yRVEyTUZHX3FGeURIdk9PN0MtRVoxaGNoVHcza09pWGVVUnJ4cnFUT1RIY1U1WnVrTG9uQW9kSEpONjNpVGdGVTdZWG8xa1NzdHN6cGtGcXJOWDQ?oc=5","The Times of Israel","Israel","1785116258000"
"‘Far more than we need’: Trump denies US is running out of munitions in war against Iran","https://news.google.com/rss/articles/CBMiZ0FVX3lxTFA5VkVlRWlVV3ZkWklHZ0YxMVo2QlU3WlBKMU5feVd0VGVxbUMyZHhiVjYxeXNEaFZhZnc0cUtJaUFkZ0Vmd1NaNjNpRE9yeDBSRFdCdDEtMlVCdVNFZUpsZk80NlMtbm_SAWdBVV95cUxQOVZFZUVpVVd2ZFpJR2dGMTFaNkJVN1pQSjFOX3lXdFRlcW1DMmR4YlY2MXlzRGhWYWZ3NHFLSWlBZGdFZndTWjYzaURPcngwUkRXQnQxLTJVQnVTRWVKbGZPNDZTLW5v?oc=5","The Times of Israel","Israel","1785115063000"
"US-Iran Extend Pause in Strikes, Oil Dips, More","https://news.google.com/rss/articles/CBMimAFBVV95cUxOc0ZKN1ZYenRONzJGU3BZekdUelZ5TmhLemRHOFAwck9iLVVVVnp3UFlmUkV4N3JDUjA2b3d6Y0pUSnpUclFSNTVGQmkxbVlnajBONkk5TzFuY2VhUGs2eFI3c0Uxbmk1eWViZDUzZVZVcGpsb0JnQWtFaXE1OW40NHEzWGVxLXQ4WkpFSzhyS0NQbXFsZVU4Wg?oc=5","Bloomberg","Global","1785117184000"
"Gold rises over 1% as oil tumbles on pause in US-Iran fighting","https://news.google.com/rss/articles/CBMiogFBVV95cUxOVHhXdm1LMW9wUmp6UHctWldmTGpCQWlBOWVTdk5GeEtuMzNYQU42TGlWWXQtSDAxeE1aa3JvNFRDRUx6WVB5eGliS21TMEluRkJEUndXeHE1MUYzUVZlZG9CQ1V4VXFITFIyMEhJNUNlczhueTJpX2FjbFBoSmVkSnZJX0pQOS05RExueWpHMGpRMElqUTBVV0lqajBCRG9Kc1E?oc=5","Reuters","Global","1785116640000"
"Indian rupee, bonds set for relief as Iran-US war truce eases oil fears; Fed in focus","https://news.google.com/rss/articles/CBMivgFBVV95cUxPREo0N0gwZF9WbndhVmxycGFteHdsa2ZEQ1BCUV85TVdKLTRfdlBYb0tlQnY4SzNCdHh2dEloR2k4QWFuYlNYazRucHZGa1dxOHNNdGYzcmo1M1BEUExzZGlBMm45WUJHTU1RYUxOZ3RvT2w2MU1yTUpWQUthRzdOLUJ0bHVBeHJLSmNYcVZkS3F6eVplb0NSelcxek54UXkxaHd4QXVzRWIyRVBVczEzbUhETHZzOTIyZWtHdEt3?oc=5","Reuters","Global","1785115980000"
"Sailor killed in Ukraine attack on Iranian vessel","https://news.google.com/rss/articles/CBMijwFBVV95cUxPZ00yN1RMRExOMmNMUWwtR0QyamEwbWdKTDNVOWlJcHBQTlduN0FYcTA2eEwtdlhWNlB0X3RUS0MwZkN4UFBTaUdFYzFMZ2k4TzdlVndjdDRtQmJ3WllFcXdjaS1FeXg5Nko4eU44eGdNVm5VXzVmU25CZlZqUzFIODNwOEhIMWpWem1oYjZTRdIBlwFBVV95cUxOZkZiMVlYcEpuQkt5VDMzZWNSYi1XbzRFbVZVQ0toSHVXWTVMbXNlRUFGSDNIMjVFcWNaUUVNdG91Yk1Gd0hUVDJYc1A3bkpzX25QVWRhckNHOVYyU2czaC1jMm56ZWN2azBoUmJqYm5ZanRDUEhzQlhuaGtINjJ1V1AtdFVHS2txSnVnQmdTMGNzZ081YVVV?oc=5","The Express Tribune","Pakistan","1785118674000"
"US lawmaker says Iran war has weakened country","https://news.google.com/rss/articles/CBMihwFBVV95cUxNQzRqQWJBcTZ2bmlZd1hHcXhLYmNnSV9udG83QW13MFV2UFRWZHJGbGdhN0NFUlg1NGE4SzE4b0NBNEpBVWVBZmdMUnJ5NzV3YmZ6M0lhbkpQMzJ6OW9ycmoyVF9yVFVWOVotYV9wNjJpcmtGYVl3WDlENGxzSjJJeF8yU2ptbjg?oc=5","Dawn","Pakistan","1785118524000"
"Pentagon data show over 200 U.S. troops wounded since U.S. resumed Iran hostilities in July","https://news.google.com/rss/articles/CBMijgFBVV95cUxOdGhvNlc1MDF0ZWZTU2c4VnJMMkFnWUtXZTE0Mmg3WDdtYVNMR2dwSU15cFcwTkE5SFNsa1FKSzd0WmFzV2RhQVJfdjVrMDBOVjlzU3MycjloTDE1b3Y3ekVFaXo2QzJCbDU1eW1TMDdsQ0xlcnNiRjBRZTdsazF6VnBVTE80TEpsZkN1cGt3?oc=5","Xinhua","China","1785120210000"
"Charging for Hormuz","https://news.google.com/rss/articles/CBMiY0FVX3lxTE1NYUUtYnRKbUthY2ZkMnBGTG1nX09CcFJxT3pKZXJUemlaUGRsME9hYVBZaTh0MjlIdXBmODB1WUxDWmZranBCUzVTMzRsUWhpa29sMjFGNmg0SHJvRFduNWVDMNIBTkFVX3lxTE1oM3NVV3R1ZkpkOGxib2dJOUE1elBBTTZUN2x5ZF9JajFXVk02SWRHV01heTRsc0NqY2lhYnk0UW9haVNOcGJISHA0eUNVZw?oc=5","Dawn","Pakistan","1785119547000"
"CORPORATE WINDOW: Productive power of Pak-Iran ties","https://news.google.com/rss/articles/CBMijAFBVV95cUxNSmhDYkpXOElnbk1HZnl0YXBMc09CdkRnSjJEVGp5TXo3OTdhY2N0Q1A0eEViZ1Y2VWNabnBGb2hiaXZpVUlQbFhQZFUtWUVyZS16cUl2NGtHRDZtZS0zMnhacVpvN0NRZ3oxZ3NfaUR0Qk5rdjM4UnhFSmdtOTg1OGlqN2J6dTRoSTNqTA?oc=5","Dawn","Pakistan","1785119487000"
"Zelensky claims Russia helped Iran target US bases in Gulf","https://news.google.com/rss/articles/CBMilwFBVV95cUxPQVhSUnlfOURYd013N3hlczBtU3hWOElZZExNSERiOEFVdzJHWnpCRG9GUkpVQVUzUk50WG5QRHdXMUZhWXd5bi1iWnRjcUp2OVNiNTRoMkk3Ti02SE1LbFNNVXkwdGctdEttVDhWMEtNTXV1RnU4OW05Xy1yekgxd0NUUnAzMXpiSjNLeVkxTGdEelVzMWh3?oc=5","Dawn","Pakistan","1785119473000"
"Lull in Iran, US fighting ‘achieved by fresh round of diplomacy’","https://news.google.com/rss/articles/CBMiSEFVX3lxTFBJc1hVM3I4Ny1WRk9yMG9IS04tcGhVcm1jQ0d5VkVkVE9kaWNaUExXalVCYkVKM1MxdEJtUDZnSkZkc0JBY0pyVtIBTkFVX3lxTE5ZWFhpTVlpZ3llTk91Tmp5d0Q2QWpVQkdHdHFVclhmSWZFX0ZxdkZORkp4ODZwbG0zVkdWdzZOa0VXX3lfajVfU2s2QUlhQQ?oc=5","Dawn","Pakistan","1785119311000"
"US-Iran Pause Strikes, Oil Falls as Tensions Ease, More","https://news.google.com/rss/articles/CBMiowFBVV95cUxNZURGRmZLSXBWbVRFMTY3Rl9ZeGtzekxKT0otanhjajBsQS0zd0JkazVJS3MxMHBuZk9PamROcnR6NlhLMjViSVFMcHhLUFVlckx0UHZheDFtbGJYTzFhS0NXLUdpQ2lDZ1VHTTZpS3dMMF8ySkRPRFZwX1pYVHo3VFVTdURuWERTTml6RTk0YkVueXVWN3ZGcXo4djFNeHRxdWhB?oc=5","Bloomberg","Global","1785119466000"
"Quiet change to Pentagon website adds 142 wounded US service members to Iran war casualty count","https://news.google.com/rss/articles/CBMixwFBVV95cUxQYVRSYVVqTDZFQzQzUmQ3Y2lsVGdfYUtLeDBPOWI2MXg1NTVTUFpNWDJFM29TRjRYV3dvQ2FpWE03T2RHQ0o5RzFsTXluRi12Z0FLajRlVktYWjZpYWZESE5lUm1sVU5HNzhmdmhUcktJQ3Riel9sbkJiRnR1b3E3cHNkZFRXRGQtcWxYbE5VNzdKVEhKY2xOMF9XOUhLcmJ6NmtUMHlkUWxoYUQxcHNCLUpQck5tLW9rT0QtQjNMeGQ3Zm1GVHkw?oc=5","The Independent","UK","1785121140000"
"Iran Escalation Talks Prompt Concerns About Munitions, Casualties | CNN Politics","https://news.google.com/rss/articles/CBMimwFBVV95cUxOSm1ZS3QxSWh4WE14WnlucG5KV2otV0dwc1IxRlNNc2xPTTk1UlRwNURMcUZxTmVVRnlmVW1JNGRhUlUtYlRINDBtNjItZEhYazQxY2NWSG1iUnF5eFRjUTRQVzRWT25LOVozRXhwR29QejlwUGVaQ3J5VXpfTGhJekVIWS00QXQ3Z3R2bVlXTDY0MEtzc0NKZTRzNA?oc=5","CNN","US","1785118200000"
"US-Iran Halt Strikes, Oman Holds Hormuz Talks, Oil Dips, More","https://news.google.com/rss/articles/CBMiqgFBVV95cUxOTFZyS1RTb0JLWkNOUWIwVDJYXzZaa1REc2ljei12WUdYcDYyalJCdTd3S0lGTkpZbkVfa1FteEh1Zm5EVU5KdUp1aUhSRHRkR200Tk1hV3BYY1Npb2pHUU1RZEhHeHZwVlNJTEwwd3FWUS16V2p0WGljUlFpM1BLbXRYMy1uZW93ZVdOUjNtcHlzY2tnS19aMUlHaktRR2dnNDFQRHpVMjVpQQ?oc=5","Bloomberg","Global","1785122721000"
"Oil prices sink as US-Iran pause fuels fresh Hormuz hopes","https://news.google.com/rss/articles/CBMipwFBVV95cUxORlhsaGRyZkNsWXNpc0plRzJXVmNHOENXQXotQXhkZlIwalQ3WEI3RmVHY1NQbjdhNk43cF9YNFp1MWZpV2pDcGhYbFZMLVlOb0Q3akRMd2d2V09zVHFucU10NU5TdVI0RkgybXRqRHZWem9rY3RJRVgzTlFHbXNFRmp1RUFYNGFKQ2pEbnRYejNrQ2FvWlhPZ1MyUjdjUVRpblZvQ3hVUQ?oc=5","France 24","Europe","1785121992000"
"Coal India’s Profit May Dip as Iran War Lifts Mining Costs","https://news.google.com/rss/articles/CBMirgFBVV95cUxQOVJZaUpuOXYxcV9MeXBILW5BWUtya1IwdkI2b3Q5RnB4WDFyS3V4bm9GQWY5NFdiNnNWZXFycENROU9TNVNDX0U1c19keDZmMURaeHZ6amlVQWZ6alN0Zi1BTEhTbzRfYkI0Q1V4ckI3UnpYT1NiVkdnSDYzNlduLW9aeVNUR2dwelNjdmZaOG1LMXV6Z0Uyd0pQM1NtOWt5WDdTVzh2QnIyUE9HOGc?oc=5","Bloomberg","Global","1785121380000"
"Analysis • Netanyahu's Trump test: Gaza gestures, Iran tensions and a risky bet","https://news.google.com/rss/articles/CBMikwJBVV95cUxPNzdOd1JfcVJxcnJrR0VHU2hicXQ3b2tjYjZzNTAxNmZfNUwwMXVjLU9SMWNDY1ozNDVJNDRQQnJpMUhucl9ncXhnd0pGWkVlNTVfWWdDbjNNMVg5MWhsTGUtOW1ENExTc3VYYUdoVkF1N1c3UThaR09odjFvQXAxalRxOEJ0NTZkdlhKYUI5NmRQWjFOXzJ1MkNEa21ZUEdCZS1PUkgzc2wwX0d1bDVlNng2ZHJlc2ZYcmZuNElycHJ3bExOZGh2V1dtVEVnc2FlSHhZYW1sTWNYeGdnWTZ4WUVhRkJuWElCaWNOdXhFbTM0RlMydTF3WjJRMW1fLVNuVzdSUG1kcHdzQmktME5FTkZ4OA?oc=5","Haaretz","Israel","1785122220000"
"Analyst questions sustainability of US military pressure on Iran","https://news.google.com/rss/articles/CBMisgFBVV95cUxQSjRKM2RFcXp5aEU3UkxJWnhib2RmQ2MwcUg5TDdtTFB4SkVxNTFqWVFseEVxeTFtdW9VTjh6b0ZjOWVpWlF6cTlKazlhNGlCNWhNdjh4dWJUWGVCSWdTTlQ2WXc3Nlh1aGVXdjZRUHJPdTBsUUQ3S3NNU3hweDBMYnZoZXNGcG9xblpFbkp1Ql94QUNLMlNBcFhvdjdiUTFwU3I2Wmw2OU84U1NmVHpMQVl3?oc=5","Press TV","Iran","1785121860000"
"Australian Fuel Prices Jump Most Since March as Iran Truce Wilts","https://news.google.com/rss/articles/CBMitgFBVV95cUxPZGtvR1o5eDlXM1lWLTdMYWhrWmdBdHQ2eEg2ekt0XzBIYXgzX2I1NGMzLXduQjF6MlF4aVhkWnRkb0R0Tk5CNDhXN3R2MXlqWVFfbnBEZ2RGWXdZd3pxaGxFU3dFSDF4Q1ZEdUFmQTdMbzU3M1FXR3Npd1o5Zkk5V0ZjdnFlZXhQYmVLb1F0ME9ibThVXzFZMEw4Ti1Zd2JFUzJGN3p0NUFLZ1NnQ1p6Q2phMm9Mdw?oc=5","Bloomberg","Global","1785123360000"
"Oil Slips 4% After US, Iran Pause Fighting Over Weekend","https://news.google.com/rss/articles/CBMingFBVV95cUxPY2hFQ0ZRUExHM0hEY3M5MVpHUko1cWItM2JRODRNWFZMalhjTjBoRDdnLTQ5eEdPYWZWQTY0YzFEYmE0d01GdVlVekR5cXRtVXRGblllbFhtcGJqTlU3c1I3QkE3czV6M3FJMENNeUppRXQtOGtLbEo5M05TR0xGWHNCcHhFRVpTUjhESmtrUkNUckF2Z0NBTVZoS2Z1Zw?oc=5","Asharq Al-Awsat","Arab","1785126288000"
"Iran Halts Strikes as Trump Gives Space to Talks","https://news.google.com/rss/articles/CBMiiwFBVV95cUxQaDdkeklOc0Z5TEQyMTltanNOR2hrWnhvX2JuT3JYVVdINkZhVkRTSWl1QVY3ZWROcnk0ZndDblVSZ1ZfU0NhbC1PalFEaWh1akhPdjVmZmNpNFhiSVFFWGRrQlN2RWNVVzk2ZHlyRzY0TlBjcGVEQUQ0MkVycWtzOGhCUi1hTG5WWS1J?oc=5","Asharq Al-Awsat","Arab","1785126593000"
"Soybean Oil Drops Most in Month After US Halts Strikes on Iran","https://news.google.com/rss/articles/CBMiswFBVV95cUxOQWpWTDdPX0t2VUptN0FjQUl0Zm1lQmQwbGl4NWlqdWVlMlg5ZEJzallOVUVQeDZrM0dmcU83US1nQWhXSmVYMXlaNUcwbDJpd3NnbVpvWHRZOWdGcm5kTEJLRENJSHdpZTBNbDMycG14c2d6QXVHem00VEJtb0hCOU95amF1bHFfcHFsNFJESFVTaWUtN0dVSU5RN1A5UUE4Qno2U2ZOTkJKdDcyRDA1akFicw?oc=5","Bloomberg","Global","1785128100000"
"Morning Bid: Markets dare to hope as US, Iran put war on hold","https://news.google.com/rss/articles/CBMif0FVX3lxTE5OaG9CanBKS3oxSTNMTm9XRGJtYmxrLVV3cFVXSnRBTk84NG5YWHNVaGJjMnE5Y0JLLUlSYTN1VnF3VmRlRlFlN1lYX2p3U1ppY2tqV1ZGLUdYT0hVckJ1U3Jna1g4N2ZHQkNwZ0J3OEpwNmc1Zmc0SjBVOWlneFk?oc=5","Reuters","Global","1785126720000"
"Ending the Iran war is in all our interests","https://news.google.com/rss/articles/CBMiiAFBVV95cUxPYVBSV1ktR3IyTWpsYU9CT0dISXdhYUFPVTNyMnFmbHpVZVJyV2k4RVA0VlI3eW5IdTM0NS11Q3Rpb2NjaGRYRU9FNU5NSTZnT3JXc3lPSnY3NGRMc1hybnE5eUt4Y1lGR1JOU1h3Rlp2VmdDZXRRMFd5WGYtTVNzSFo3Zjh5T0V6?oc=5","The Telegraph","UK","1785128400000"
"Oil prices plunge as US and Iran pause strikes over Strait of Hormuz","https://news.google.com/rss/articles/CBMiswFBVV95cUxQSmNVbmY2Y0N4Z2xNY216Z29vV2M4Q1pjbDVtdk03SFhaMllTenVESUZ0TUhxMG5VTm5lSU9MdkVxY3hvTTlZTFZIRC1kdUs2YTlub09PQWc0MFpWSEp4aXZKLTFjT1FybElZanRfc3NLdjNVMVJuejcxQTNNeEFScG9hWDI0Rm9DbXpTdG5WTDd1VlNhR281UTBvamJrZDU2VGJPZW43Q21GbFFmUWJidWg0RQ?oc=5","Euronews","Europe","1785129802000"
"Uber’s Africa EV Pilot Pioneer Says Iran Conflict Drives Demand","https://news.google.com/rss/articles/CBMixgFBVV95cUxOWFBmNlljbjM3a0ZwS3RpOFVPVUlaTXQwWnR3NDBLTGJPYXA1TkUtRDJjYlpoeWJvZndwZ0Z5TTdyVmNNZndESlRDVURiTDU2RzVOMkhuSkVYTVZCNjkyNE4tRW1fZmRqQ3Fka05rWnhlWHN6OGc2TzdzWEhSQlh5RkRNZWc1aWVTVTJHdVhkV0xxeHZsT1BaSUdzc0g3ZXRtOGVNRHJwclo1SERlTDAyYjM5Sm5GaW91bmtCc0p3UTFtb05RY1E?oc=5","Bloomberg","Global","1785128400000"
"Iran says it will halt strikes as long as US bombing pause holds","https://news.google.com/rss/articles/CBMiowFBVV95cUxNeDRjZ29Gc09EMzBXTzNGSldwck1VVDgtREE0Qmg4VEF5anNHQXhJMEJhREFTSmMtX0UxSmRjalgyd3RqMlQwSXhWSHphR2FKWllsN2ZXZTBjMzJrMWdHbVJjNGxoSHdMM2szUUlPVW1pMWk4Q1ZDc1MxQTJaMm8yQm9PUm1JWEtVdl9TMElxSlpYQU1VRHdMczRWQkZOQ29XZUo40gGrAUFVX3lxTE1qYWhtSXUycS1jTXRFSHZtcjNYRGxTSVRsckxQMFdTMzVWanRpN19VSnhKamJUajM3TWVuaWZhSFdEQm1GTjNQTnZTbEdLci1yWFZhX0s1M1dtVU12bkxhaUhpOU1IUWJRbnNxYjE3OWJkNkZ6VU0tR0hpWlFIa1duRHFpOHN4ZHNQS3MwVnBKSXRsV2hNUUpJempYRXNXekNRNW9ZaGl6MlJQMA?oc=5","The Express Tribune","Pakistan","1785128575000"
"Six ships intercepted in Strait of Hormuz, Iran state media reports","https://news.google.com/rss/articles/CBMiogFBVV95cUxPbzlDSjUzQ2V2aTBHdnkxZ2RlamtXZklmOFVjUUlObGptTWQybThXZ1lVTW0tZVVfX2lMLVNGdmpKc1N6cUwxWUJQTzFTSmJvTUJyNk4zeDZDbk5wR2RKblZGemVXRThPRklvOUFxUnl1dFJGcmx1Tlk4N3Y1aVk1SFp6RnlORTNMRU0wdFRGUklpN1EwWlBrTDdjR1NTUU0zZGc?oc=5","Dawn","Pakistan","1785127881000"
"Iran says it will halt retaliatory strikes if US bombing pause holds","https://news.google.com/rss/articles/CBMiwwFBVV95cUxQeTJWWjB6M1F4SzBQS0ZCVzdRRlYtN1VtbUpvUXpEN2ViSFpheHdPXzNvNWNPaU90R2ZrVXRtVGRqUGkta1h2U1plLWdaOEY1MXFxSUlhRXg3VUhlbTQxb01LS3VrenJRRmU5V1Z0cGhfUmFFVFpxUUtzbG9NZTNUUzhjOW9sR01Ick1zS2RvbEpxVmtJazRJc0pzOTZkcURkSl9obEJtYVp1Y1ZfLXVYc195UkpVcTItZXpnV19YU3dUU28?oc=5","CGTN","China","1785127859000"
"Gold Gains on Pause in US-Iran Fighting; Fed Decision Looms","https://news.google.com/rss/articles/CBMinAFBVV95cUxNcFNJc0FNQk0tVW9qWDlxMFY5QVN1UUdwdzhzamJLZHBGRG5yMk91UmxCeC13T2FaRjQ2cjhWUXdQY0duOVhtdHVVQjVwRkViOTdDS2JRb1h6cGRla3lLeHBpdDI3R24zcnI1MkZTVXNtOFBVVjRsMHlEa09Oa2RLZkZoQnl5bzlxYlFnSXozdkVPSEctM2M5bHF3Ym0?oc=5","Asharq Al-Awsat","Arab","1785131724000"
"Pentagon says over 640 troops killed or wounded in ‘quiet’ database update on Iran war","https://news.google.com/rss/articles/CBMilwFBVV95cUxNd3Q1MnAtWVlfT2FtSk9DWGtGaUt3YU1iQkRfbmFXdXpSN2RxQ3FhQWxMSDV2T0NZaGZvNmkzRmI5Nkg4dVpUdTlOTjdQQ01OZWJKM1lxQWV0WmM1UkVGNTNUbUFDZzVRbW51bThnSkdPTFNneDF2eExtejQ2emZxTmZkalVYZ3duZGdsQ3FrUGoxUW9wYU9B?oc=5","Press TV","Iran","1785130560000"
"Discovering Hormuz: Iran's island of beauty and resilience","https://news.google.com/rss/articles/CBMiqgFBVV95cUxQZjJydUhkZUt5Z1lnbm8xU0wyTncyS1NNMHFabXJOWkRmVjdyaGhBamoxUi16WTlxOVRQY1YtbTFNWmlQaFhTVlpLYjhuUXJQdkI3TmN0UWQyLUcyT2RHRnlTSmM4MVNURjIzRHUwY3JWX1dJblgxcHR6OHU1aG5HaTNfc3VReF9RSXQzOHFhOWVIc0hrUGo3dWpaOXB6ZGd3Vk5XdDVSei03Zw?oc=5","Press TV","Iran","1785130260000"
"Iran says it will halt strikes as long as US bombing pause holds","https://news.google.com/rss/articles/CBMiqwFBVV95cUxNamFobUl1MnEtY010RUh2bXIzWERsU0lUbHJMUDBXUzM1Vmp0aTdfVUp4SmpiVGozN01lbmlmYUhXREJtRk4zUE52U2xHS3ItclhWYV9LNTNXbVVNdm5MYWlIaTlNSFFiUW5zcWIxNzliZDZGelVNLUdIaVpRSGtXbkRxaThzeGRzUEtzMFZwSkl0bFdoTVFKSXpqWEVzV3pDUTVvWWhpejJSUDDSAasBQVVfeXFMTWphaG1JdTJxLWNNdEVIdm1yM1hEbFNJVGxyTFAwV1MzNVZqdGk3X1VKeEpqYlRqMzdNZW5pZmFIV0RCbUZOM1BOdlNsR0tyLXJYVmFfSzUzV21VTXZuTGFpSGk5TUhRYlFuc3FiMTc5YmQ2RnpVTS1HSGlaUUhrV25EcWk4c3hkc1BLczBWcEpJdGxXaE1RSkl6alhFc1d6Q1E1b1loaXoyUlAw?oc=5","The Express Tribune","Pakistan","1785128673000"
"300,000 Flee Europe Wildfires, US & Iran Hold Fire, More","https://news.google.com/rss/articles/CBMiogFBVV95cUxNVkhPRGota3hvNmUtWm1RR2N2MzhOdGhHci1yNTFpR0tkQkVRcFZFdkk4S2JvSE5icjh2YmZyUy02YWFVZHBNYnlNZGhQVXFMZWFyMlI3WXVyTjVnMFBGN3hNTGpYLTloVXRBSU1hakVkX21uQUczOUtLUzJId2hoMW9pZDY3OUM3MHJFR3lZVDJTaXZINmFtdk1QcC1mX1B4SVE?oc=5","Bloomberg","Global","1785130323000"
"Mideast Tensions Ease as US, Iran Hold Fire","https://news.google.com/rss/articles/CBMinAFBVV95cUxPRHczT1pERHR3VFFxMlhHQmwydE42bDNlSG1rU2JMTnJrZkhJSkN2b29yMmpMT0FxejlZRzJ5RTVTSzl0Nlc4SmFraTdxLTRIUE14MGlEa1JzbG1kcFktb190cXhoaXVYdzg1SzZualI0dnk3RFRNUXJOVlZPWnIxeUsweGluNTM3RU9ZRGpaY2VrM1ltN1FIdmpPUTE?oc=5","Bloomberg","Global","1785132900000"
"Iran warns Ukraine of retaliation after deadly Caspian Sea strike","https://news.google.com/rss/articles/CBMiqgFBVV95cUxNSWtRS1NlVHUzQ3ctOXhDNDNxSFNiMi1VYWxubFF1YkJPZ2pkd1pLVnlkTlhCbkNPV3FmVTNNX0V0eGZnQVViQTk0TGY2azh4b3E5cEdJQmRrbXp3aHJXLUlnV0tFYy1jWWlrWTRlZ3Q2YUxfMGJSX25GYWg2ekY3eGVWOGIzRVE1WVdRV0M2RlVFQy10bDJOY05HTW43SVMwRFUzdDVreVJud9IBrwFBVV95cUxNMVA3NloweW5UQ3NVNmxJRHMyVlpIOVJhSEVneXJ0ZkswSXE5YkN5VExOX044RXdOdmd1djJ0Q09QclFILVJrNXJtVEtNaEw5LWdMOEhwcS1pc3kzaVEtdnVYNm1WYkQxSWVIc1F6Z25vc1dVNDlCMkRHTmx2S3JZdmMyVU9zQ0pGUnpDUGlpUURlbFk1cGU4a2VsVlRoVzVEZUZtODUxSjhfRm5sZy1j?oc=5","Al Jazeera","Arab","1785133350000"
"Katy Perry rebukes Trump administration using her song in Iran war video","https://news.google.com/rss/articles/CBMifEFVX3lxTE9FdmE5SVRlLTBzOEFVc1pZYlRmSzM5a1dpeTBVOWFYRkpOVzF3N3doWlZ4T2U4aElYSW1jTXppM2dwam5EZ09NUkJRWXRnMWhaZW1rTzZGYjBVT0FsclU2SmpMYXE2MFJpTERqSENIcDJNSi1iS2VuMzBXRlQ?oc=5","Xinhua","China","1785132136000"
"Live Updates: Latest from Israel, Iran, and Middle East","https://news.google.com/rss/articles/CBMif0FVX3lxTE1NTC1BNVZpTUNHa0FqM1ZvYkFIcGl4OXFuUENKRUVPVUlwQ2JQX0RCaUZxOXE0TjdKc29YRDNGODVGNnUzeXU3cnRzOV9WOXdGVFlSSjZNMXFvZFBDaHQ0enFmUkhYcWJnUjNOVUNNSlZJWERLRzhtckJYczk1bTg?oc=5","The Jerusalem Post","Israel","1785132005000"
"Far more than anyone': Trump denies munitions shortage as reason for halting Iran strikes - report","https://news.google.com/rss/articles/CBMiX0FVX3lxTE85ZWJ0S2xCZ1VUeFhPSmVZYUxNMFJNa0taUFh3ZGthWWZKV0FXWFQ0UkFSQjhBdzBoSlFRNE55RHRRUWZYbUQzV1ZqVVpKZTI5YXFjM2hMbTBYQWdsYjNz?oc=5","The Jerusalem Post","Israel","1785134262000"
"Oil prices sink as US-Iran pause fuels fresh Hormuz hopes","https://news.google.com/rss/articles/CBMipgFBVV95cUxNTHo0dVZENk16dEp3X1A1YVpYTlN0RUptT240blpiUURDdDh6djFXTTF5OE0xcEVIRzR5NV9xOTQwWHFhdzJFSDRFc0xIYk9iTkVlTXdqTEE1Z1pLcWJ5T1FYekpqWTMzT2RDS3F6TnNZc1dkZ0g1RmE1QzRuQTMwUG13N0lpREtKaEZ1OHRfY3JPQ0RVbzRENGNvTThjblRvRlp1VXRR?oc=5","The Times of Israel","Israel","1785134247000"
"French and Spanish Wildfires Continue, Oil Declines on US-Iran Pause, More","https://news.google.com/rss/articles/CBMiqAFBVV95cUxQY2hQNDV6NFBmZS1KRFludmJwQndLN3lGeDBCblJ2bGtnOXNya1pySFNhWmo5RUthOFFoZF9QSF9TYUF5TDhTYmUwcFNUNUZQRXVjbHpTbGlZN0RXVUxVOGRuU2Y0ZE9vY29KUnQtY2NCS1FNTDFWSTBfM2QzM2x5ODZoTUZWalFJZnNlci1jOWR4a1I3ekJ3LW5ESnFEQkVXWDZIeUlDY2I?oc=5","Bloomberg","Global","1785134395000"
"Ukraine’s strike on an Iranian tanker is a message for Donald Trump","https://news.google.com/rss/articles/CBMirgFBVV95cUxPT3cwejdUVGpmWFZnVzd1aWVxOFJ3NUFNTjc5X1N1UkpvYlp3enVqTV92UEJCeXZhdVl5T2h2a1lFOVRVZzE2OUU3eE5tbmFGSWhUNjB3bzM3M3FldjB6WkF0WG4ySmpkYnJzWHkxLXpsTDNsZVZFU08yM0VucThJd0FyVC1DQVJlV0V6ZXJKYTIwWTVXYWVwbGFqckRXOXZEQXJuZ3dOR21iemFqZkE?oc=5","The Telegraph","UK","1785135600000"
"Trump halts attacks on Iran to resume negotiations","https://news.google.com/rss/articles/CBMinAFBVV95cUxObERmNmt2M2hDOXBzaHJjVUlHYlE1MnhvU2ZDcDFDMDFxeTJka1drR01SclVkWFgtajh0Sk5DZnVxd3FCdmdqM3Rralh0VHZKdG12NjMyYy10bmtYWVhrOGRxRndyZTREaFZES3Y3MjI1TXZneUVtd0NxMmxVNHB5OFJsR3oxYmFuYk9oRnhxalJ2ZmItbjJFWUZUZ20?oc=5","The Independent","UK","1785135480000"
"Dollar Falls as U.S., Iran Pause Fighting","https://news.google.com/rss/articles/CBMiwgFBVV95cUxPU3hRRzZkTzRxNTRGZjVnUGFPRGc5RV81Yk51ampCREZ2bUtKcVF0VFhnN01kc19tV1RFZUpBYnRFSTNGell3OW9WQnpZX1I1Mm94RThRNWlJajQ1Qko2RnlWa2taMjNkcWYwLTRpRG5oYVJoMk1XUkg4TUlqcWh2SnRPXzZWNHJyX0xoWUs3SEQ1YW4xT0NsMnBQb2g2WkRRamxrZ1dHbExra3pjUlJ6QlltRUNNNUhJV1ExMVl3dlBjdw?oc=5","The Wall Street Journal","US","1785134280000"
"Across the world, the Iran war is reshaping everyday life","https://news.google.com/rss/articles/CBMiakFVX3lxTFBVbU96UmowSWl6aTlsMG1xdnNkV1J4NkJRa3cwZlVQS19TSlJhZk5ISFBiM0VhTVlGSExhZktWQTB6Z1FlMHZGLXRRR0N6U1ROSnhwQ3d2X2FVOEZwWjFIeHY4UGp1M3cwY2c?oc=5","Associated Press","Global","1785136746000"
"Years-old Kuwait blaze falsely linked to renewed US-Iran conflict","https://news.google.com/rss/articles/CBMiWEFVX3lxTE5DZjFHc0Q3czRWU1AyX2F0NUpnMXg2MW85bDQtYk5JbjJvVXBxWndqLVRFcVk1OHFNTDZONnU4bXVUYUp0eGE4Q1d4blFhNE1BSVJOcFdubzM?oc=5","AFP","Global","1785136318000"
"US and Iran hold fire for third night as talks given 'space'","https://news.google.com/rss/articles/CBMimgFBVV95cUxPeDU3b2RzSTBxWjJiaDg4UnB2Vjg5S2VtNXhBY1ZKSEVKN0R3VnhCNkltcHB3UFpua0VGMkdKWXNmNTZQV19xcVJPZFo2bWlsWkI4cW1zY1BUNG5oSFpWM3o4eThqQ3dHWEwtVll5eElVcFlEcWEzcUJNUmt6WTRzajFqbk5Eb2hIbTBmYW5LUmxvQ2U2SWZwVThB?oc=5","Euronews","Europe","1785136182000"
"Days disrupted: Across the world, Iran war's effects trickle into everyday life one human at a time","https://news.google.com/rss/articles/CBMijgFBVV95cUxQUVF0bFo1RWt6cjBuX205aU45dUY1dXlYRjlXWm84ZTl1SXdQZFBRNUN6WkE4SjViM2FlWE1Td1dhMU9WMmRjQ3RRSm9KZzk0Wkt4dy1SekVOZ1hGTWRBcGQ3R0VBS2pkeVIwTXk1Q0UxbjVrLXA3dzlVQVVvbWY4RkhaS0dpcTZIbFRSclB3?oc=5","The Independent","UK","1785135840000"
"Shin Bet chief warning of Iranian efforts to meddle in Israeli election — report","https://news.google.com/rss/articles/CBMiwgFBVV95cUxObGpmemRDLWR4ZjF3dXJJbDk1VDY4X3ZWTy1PYWFpNXlXYnRXVlRFaE9VS2VMSmI0SHhaQU5Lci1ZZ1E3QlB4WjlUaVZGZnBDY0laSV8ya3RGVlV2MzNWNFkwVTg3R3gxZTB1c2RJbHJTeENxM0o1SDlKWmlPQThKLWdLY2JqV3NCaW0yVVZtWGk3WFhHZ08xRHMzVE1rcEpxZ01CaWJmeVR3aU5YdXllWDVhck0xX2gzVHE5S3JFY2lqUQ?oc=5","The Times of Israel","Israel","1785137062000"
"Iran Guards turn back 6 vessels in Hormuz","https://news.google.com/rss/articles/CBMigAFBVV95cUxQRWhKbENfQXREVy0xbjBTbWRzZW83YzZkQlUxUjVnNkEwY3BzcXBmUGl3S1VXUm5HRFJsVXVmOGVXeXVJZjQ0SjU4SzRBVDhVSzd0X3Q3UjJtLS1zWDlHdFk0aGtrMFJxQUlqQTMxSGo2V25XdHYzdUNiMEt3TzJUaA?oc=5","Dawn","Pakistan","1785136324000"
"Strait of Hormuz played a role in deterrence for Iran in recent war: IRGC","https://news.google.com/rss/articles/CBMiqgFBVV95cUxOYkJvT2dVTl9qNWtCaUhDX3ZlX3A5X04tRlZyYTZvQ05BVVFDOVhXcFVodl9zc2QxdUhSbU85eTNKdFNkcnpORVpQVk1DMjZ3ZGdsYmFRbTRlRHE2NmJ3Yml4c3pxX3lmQnE0bFRtRzk0YTI2SE9BVFZObkZ6QW5WU2wtQmRnaDZxdThOVnY5NHNza01hcjRsUkp3b2JHaUlJS2d3bG4ta1g5Zw?oc=5","Dawn","Pakistan","1785136141000"
"Urgent: Iranian FM says won't let U.S. determine end of war","https://news.google.com/rss/articles/CBMifEFVX3lxTFBfd3ZYb0JqR2N3ZTZkdzhTazc4RFVuMWxBTGJVZ3NQN1RYZjJoWUt1RDNwbXUzSDlhaGk0UjREbUdtSEppcnRMVXdEOFpEYktWSzRhVmZNWXl3OUN3Q05FOVpLeFdXemN3ZUVRY2o4enFtUWxwOFBPR05na0I?oc=5","Xinhua","China","1785139185000"
"Iran continues to exert ‘decisive control’ over Strait of Hormuz: Report","https://news.google.com/rss/articles/CBMikAFBVV95cUxPaklQZXVsekFqODlDT3ZMZGUtSWNpeUhMbHp5Sm0xZFlySzQ1MGJwVzV1bUtJRWxib1Q2cDZSUVZqWUtwWlNhdGZKWE1ta3hlZUswaGhvdDA5WTN2dW5pTnEyZnF3ZDRpcWhYSm1ZQi13bGd3R0dpRjFJQjhjc3kwZk9fbGVKZVZfZmZHNll3U2Q?oc=5","Press TV","Iran","1785139036000"
"PSX roars back as US-Iran tensions ease","https://news.google.com/rss/articles/CBMiggFBVV95cUxOSHNJVEtNVmZTVWVhMlNMZUtMQ0NsdGhVeEs0S3l5eGxjYllHRDl5cWJNSWktWHVkR0dBWERzR2JicnBIeGVuMF9hUEtxZTJ3d2FNaGNOZkJVSTF1c1JBVDJOX0JiM1c1WDA0eXM0a21GTDU4bXpDUEswX09lbUJMajJn0gGKAUFVX3lxTE1UY3g2eDhKSmYtWjJQaHQ5VlVrcWlQRjRCbkpDV2hRaXhlbi1vbjZRMG1qT05xMEFTT0lVay1ZR1g4NnVyU0ZmbGdJdDhJY19QeFpMZGpvT0pDZmdIaHNuVHZ3cldncEoyX1VXQmNETW85OXN3ZUZmRmQycjNfbWZ0cThJeG5hcU0xZw?oc=5","The Express Tribune","Pakistan","1785138353000"
"Iran Foreign Ministry spokesman addresses the press says US is 'struggling'","https://news.google.com/rss/articles/CBMibkFVX3lxTE5NS0tkM1puVk5WOVdNcml0aF9oenY1aHFGOE1XMUkzeE5PUkM0Y2Qyc0txR0hfVGFiNlpKNU5QZ1JZUGVXVVNraHJLVEU5a1EwUVF1WGJnREZ1VEhCM05JWnh4a2hMcDgxNVpEX3BR?oc=5","CGTN","China","1785137155000"
"Video. Which countries are most exposed to Hormuz crisis fuel price swings?","https://news.google.com/rss/articles/CBMizAFBVV95cUxNR3hsaXpXMzFtaFpfT3o2b2VNMmxtdko3eHVWU3YzU2RtaXRaMkNEUW1GZEhzUzFTQUw2RzBPbEc1azRCTUFIcy14Y3hIZVE2NHJzQ3B5ZTFpdWRUV2Nkd1J2dlpHc04wRXI2aHFJMlc0OTU2V3poak1HbEhwZVAxYUFucWR4eDVYT2U3LUVHM0FxdlZ3ekhXSm82aWQ2V2hJTm9WZHVpQkRsc1ZjMHZRcVg0TzBTcmJfWXRWUnA0dlJsX2VyUWFTeTRVdEQ?oc=5","Euronews","Europe","1785138344000"
"Which countries are most exposed to Hormuz crisis fuel price swings?","https://news.google.com/rss/articles/CBMi0gFBVV95cUxQM3N4MVh6MnV5U2hkZGgzOFJvQ1Z5MHR1T0JIV1NCQWlKWVdlaFNuQThvMlFRVXFaQjF4SzFpdUJkdTJ5QU9rR1lGQkFjZzg4VHJmWHpRejRVc1k5dWhsQVlLSWNCdlZhNFdCZHBkZUlreHRyS3gyNmZJWFZUajQ3QUF4cXdybkNvNFB4SGVvNzU2cnBDMkRzUm1iYW43SW5ibE4xRlVlNlRnMTJhVVhZQWpYWHF6c193cTBIMU9Zd1NlaGhubDJYQUhGR3BaM3k3Smc?oc=5","Euronews","Europe","1785138344000"
"Middle East Tensions Ease as the US and Iran Pause Hostilities","https://news.google.com/rss/articles/CBMiswFBVV95cUxPWndTSHNWZWlrNEJ0eEtIS2U3bUNmQkE3RF8yVVZZcUI2RVZGWkdWZlppZ201dDVyUkJwUEliOEVxZURRQTMzUHdfamdZVTFqUEl0NGdXX2NYM0g4bGdlRkF6bE1uUlF0VGI4NUdpMldzbGRvNlNxRVgtSnlrRTlQa0E2bEhWZWlpQk10Mk9BazBYQnB5UGhuc3N2Q19Cc0VRMXFOeTJKRzR5WlZtUDg3eGMtdw?oc=5","Bloomberg","Global","1785138024000"
"European shares climb as US-Iran peace optimism lifts risk sentiment","https://news.google.com/rss/articles/CBMitwFBVV95cUxOS2VfX1hIYTZBMEM5LXBTUV96LXdUM2ZldGl4WUhjMjBGTUJ6RW5HaEJBWFVUWm4tRXV6ck9MbGozd2x5MjAtUFFTYkgxVUVQbzRKbkF1ZHNaV0RCUGhxM0N5d3JYaU92YklJNm9CUnVVTFpHY2dvcVh1MTdlbzVyNTYtcW9VZ25CTlVqSGlnUW5yd1h4V0lROXhqQ2JYMVZ3aVhmQnV3bG9maVpGNWtGUlVxWExvLVU?oc=5","Reuters","Global","1785137539000"
"Days disrupted: Across the world, Iran war's effects trickle into everyday life one human at a time","https://news.google.com/rss/articles/CBMi1wFBVV95cUxNVzA1QlEtOGtSRGhrNUR3ZGwxekNGNlp4RjlmYmlCdHhDT1Q1dXBEYlBQZmNCRWdocEdmQlpvQjd0RXNfTVRXdS1IQXQzUWhVT18wbFVfOFlmUzJRYjFCcWdVT3JtSC1FUEZmb3dCVnNaY25wRzU4dF9NZnBVTTllTVdSNWc0cHNWclV3RFdSdzY1M0VrMUk1eGdzbTZOaFJGV2tWcjUwMVl1YkNIWGpXcmk3OWR0WllMbDE3M21ORGtsbU11bjVIUWRSZC0zaFgwektRd25BUQ?oc=5","The Washington Post","US","1785137945000"
"Gulf stocks gain as Iran war de-escalation hopes outweigh attacks on Saudi oil sites","https://news.google.com/rss/articles/CBMizAFBVV95cUxNWDlJVW0yQmNveF9ERU1hVmp0VElsZ1dDUlFKcDNuZ25pWngxcXhRWlZuTGc0elhMbXJhVnZHX1l4VW1yVE53Q0EyVHZ1VTRrbzJuMnBzM0szcjF2cnA3dUs3NmJCOWp0d0xma2xNcC1Jekhpc2g3eHNLVkpLSk9vWDByVHBCc3VXdXQwUlA3NERuQTQ1X0huSXpyTEFZSUxBSW81bm5RS3BqYWtIc3dQaDBTUHZyNHdmWkJwdzlONHBxRU9PeWlQUEg2NHA?oc=5","Reuters","Global","1785140264000"
"Iran has not asked for resumption of talks with US, Iranian spokesperson says","https://news.google.com/rss/articles/CBMiwAFBVV95cUxOS1pxSHVEQ3Jid3Z0clRfSmFlMHdBMHZycG5kalc0SGw4NG0xSUJTQUpKY0szYW5yaWFWNURNQ2NUcm9CTlpiUWJzc190bVZ4dVVSRnBKMkZ1dHczNHJ1V2l4MTZYQ1FXTXF0YWdnWDFjSXJObklCNjd0aXV3TFdDZFpRaTZCSzl4ajhiV2syUEV5Q3YtR3pURF92S2xacmhvQWlTOUhTUmtobm5jbkdqaDZPYk9NQ2dUQmJWeWdURHY?oc=5","Reuters","Global","1785140075000"
"Oil Sinks After U.S. Pauses Iran Strikes, Reviving Hopes for Diplomacy","https://news.google.com/rss/articles/CBMiuAFBVV95cUxPTEpnYVdGY3U3MUgxUTVvbjhGM2pjcUljdnpsdWFWNzhVZkw3WHhyVWRxNV9xYnJiNmNqZ18xTjNaNDBtVnlSN0IxdzF2RmlTSXN5QWJrMVZXQUJDRWxweUs0aE5uRDBPTjlZX1hlSzNObjJYQXE4RjVvTVdSY1d3MUtKYmdQN1lUaW9sMUk1QXNMc0x6SVlUU3hwb3FydWhwandEZnlQSDNUZzByTFNIUkFydUlVMW1a?oc=5","The Wall Street Journal","US","1785140700000"
"Oil Prices Slide, U.S. Futures Rally after U.S., Iran Pause Attacks","https://news.google.com/rss/articles/CBMiqwFBVV95cUxOZHJNLUlYblRsTEE5TnF0ekN6VjdmTHhiVW5qV0JUcWp3QUR2ZnRGdDNjZHBlLUZRV0E0SXRuZXJjREF4S1c1bnV1bW4tZXBRTk5hbDRQdlAzTTVQWE1jQjhNcExHME1UakFaWTV5alFnR253elN5WHNnNHg5Ykw3VUlzMF81UHhuVTNaZEdSQXZCWnF3RUZ1RVlIbllEM0RKa2dUQ2ZiSEVYMUk?oc=5","The Wall Street Journal","US","1785140640000"
"Oil prices dip over 6% after US, Iran pause fighting over weekend","https://news.google.com/rss/articles/CBMipgFBVV95cUxObk5XSW5Fd25vQVlkNWR1MUo1ZmtGRDRral8tVkxKVXRXWGU5X2JBczFaTV81OFUwQm5OMzU1OEpKdlc3WTV2bzJVV0ZOX3I4T195eWpCWkpCRkVhTUdkdUNCcFdjREljNEgzRUwwakZwQ01RNjRhUHlXdVZYeFVseTJiVDIwcTd3ZURXVVBOOVItY0ZoQy1DN29ITUhLNXVXUjcwb1h3?oc=5","New York Post","US","1785139380000"
"Iran says neighboring countries carried out strikes against it","https://news.google.com/rss/articles/CBMirAFBVV95cUxNd2txVkdmSTZLTGF3dlVfdEoxT1cteGR3TndXVExSbG9CWEI3ZUkxZlRuOURFUnc0OFFlX2cwcDVOZVBzd2s3YWl1VHhZdDQ4MWJwbG5tczZPd0JrWjhTdXNqSmlCYWhYd2tMM01Mb3hPTWxTd1NNcDV5QXl4ZEg5bVVaMlZZazViYW5vMzJROElqNldGZFhGZUlJZEhhcUhfV0Y0ZXkydEJvX2FY?oc=5","The Times of Israel","Israel","1785140962000"
"Iran says US not involved in talks with Oman over Hormuz strait","https://news.google.com/rss/articles/CBMirgFBVV95cUxNMlpDQkNjWFFiR3RpSmxwdTN4QmpKQld4RXZLdVVOTHhIT09JZWVwbUVfcWd2cmtPdnFyZGg1bU5mTE1uTU9ldHkxVWlhWkVHTGw5QlpNQlh0UEhTdXlPLUx2dEZzbGZPTnhxS1dUeVRHV1Z3R1llLXl4amdOTkVNVG1PVXhMTjEyOTZGcHp0NFhpdl9VM1BYUUJQYTczWUhpbmVNaGwwcUhON194TEE?oc=5","The Times of Israel","Israel","1785140797000"
"British charity with alleged ties to IRGC allowed to grant visas to workers","https://news.google.com/rss/articles/CBMiakFVX3lxTE94X0hFakE3ZnlPVnhkWXlWVHI1bXpOTHlHNnRDZmd4Y0dyYmxkeDgwZUc2NElIdWdXazhpN2wzNXJUZXdENTYyWWwwSnNMX19LdlB0Z1JFOXUwWmttOGZDckJfRkFOVlNEQkE?oc=5","The Jerusalem Post","Israel","1785140137000"
"Iran warns of ‘unforeseen’ consequences after Ukraine attack on Caspian Sea ship","https://news.google.com/rss/articles/CBMiwgFBVV95cUxNNlhSOUZtWEtVenh5UTAydU1KcmJJRFhuM0pHa1ljZzM2ZmQ3NlNTUllHRmZCTTN1cVVaU3kxaE5KUmJIbU1nOGRMVHFKYjVUaFpqLWJaTzhyTUJMaUthQlFQWU9kTy1kRFMzcTNLRUtONEVjbi1NS1FHTGdqVWxzLVBHN2dHam53Y3ZkeFBpRGJ4aWxYWldXM2laTF9LRmlncUpWZ2tsOTlGdENyVkJZcVV4ZnFORG9VaUhEZlB2MDJ6dw?oc=5","The Times of Israel","Israel","1785139897000"
"Iran Warns of 'Unforeseen' Consequences after Ukraine Attack on Caspian Sea Ship","https://news.google.com/rss/articles/CBMiswFBVV95cUxQYk9OOUo1TlpScDlpQjJsUGowOGdwM3FnUFRQajFPNlB2U1hYbnlBYlIwM0h5dExvYjFhT01kWGp3ZzNYOVBUUWM1UTUxVjhWeFRENGN3VkduTjBISUxfdm13Z20zSGVhZlRxaEhiVjV5aWU2eHloQlRTQnU1ZTlIT2ZMWjV3eW5CUjFpbnVjcll1MFBUcW9tYWMxSnBsSVNCZTJRdm9HZUNNSWVROWQ5UUFLRQ?oc=5","Asharq Al-Awsat","Arab","1785139846000"
"Oman-Iran talks on Hormuz continue; strait remains closed: Baqaei","https://news.google.com/rss/articles/CBMingFBVV95cUxPTFU1ZlNIZzlhRUhPbUZMaDB4LWdHU1RQRHlNZ1U5X1lHSVhuZXMwSVFOSy1jVDhWYVFoUWtDRlNzSW5QNW53ZERjVWpBa1k2bWozTFRfcjJsall4c2RiSExia2l4Y2xSQzBxeDVfVk5CMUZGeF9GVUQtdUJuemdndmhNNnBLSzhIbGJUR3VtcjZiVGY2WEFMdmprbGI5UQ?oc=5","Dawn","Pakistan","1785139594000"
"Urgent: Iranian FM says won't let U.S. determine end of war","https://news.google.com/rss/articles/CBMijgFBVV95cUxQNFFIMFRDaFdZYnVfTF96b1dnQ0NaZXBaZTRtYjlaeUhFeFlWd2ZaNGwya3FHUk5IdTRwX3AtOVFrelgyYWxTSXBuN0RFbk1sb1FGaVdUT3VlNTBHamZvY1JrejQ1dFNZT1k0dnc0elY4S3h0T25HdnpTZGxMM3RvTDlSZGRTMnA5V1JRV1F3?oc=5","Xinhua","China","1785139185000"
"US 'stuck and struggling' after unprovoked attack on Iran, says Baqaei","https://news.google.com/rss/articles/CBMiowFBVV95cUxNYUNYN3JEN1VJdFhKajdXLVRvQzg0LWpyWVpQTkVsUUhtd0Q0OUVFMVJlLWtuWkdsYmZMVFFjbDJNek5fVGpvTkdGZTF4SjdxU3daZFJNaF9CVnR4a2NWSzRHTU13VlpBaFNaTVZmbFBybzRfeDVvQ09pS0ZlbDc2anl1b0x0MzZWYUFGQUx0Snh2cEVJZC13SFc4R3BTclEtazVn?oc=5","Dawn","Pakistan","1785138891000"
"Oil prices dip over 6pc after US, Iran pause fighting over weekend","https://news.google.com/rss/articles/CBMioAFBVV95cUxOS3VkZERMeXA0WVdha0lvOWhybnhhR1R4QlJrTXladHBXYnJLSzhtcENfaDdZZ2xlY2tvLVRMVjNXMG14MFNFNXUxbzczMjRoWHV4cDFDLTcxLUl4ZWVKWDROUTIzelhHZWZTeGFtUWVWNHVkSDU3UTVHZm9OWGhGcWxXX2laRm96aERsX01RVDBCMEZCdGZhdXVOREtpMDQx0gFOQVVfeXFMUE10V2l6OXRqZnB5cHFuWEFpbHlySjF1bjJiS182cTVIZ0sxcWdhM0pORnA0eXpuVnh5Z3l5RHdSc0dfVDRLMEsyQ0N5MHhR?oc=5","Dawn","Pakistan","1785138333000"
"Saudi, Omani foreign ministers discuss Hormuz navigation during phone call","https://news.google.com/rss/articles/CBMiU0FVX3lxTE1lWllxekxGUF9KRzZmeVBZQ2xta0p0RmFzTGRNLUxHZWFkTWNKd0RSTDV3RmtlcTFzNHIwWFNFZkM0eTJNeVZmVGxRYXVMcmo3cjNJ?oc=5","Arab News","Arab","1785137717000"
"Iran Says Summoned French Envoy Over ‘Interference’ in Internal Affairs","https://news.google.com/rss/articles/CBMiwwFBVV95cUxPeW0zRDVTQlpKYm80ZzRDb18zZWhPOGV0WVlTWnp6U1NfdVh5UENLT3l6N21vRGdMSEcxUTFMNFRPSTBMSnlNcjVNZnRjOWh4WkRiZlRyUTE5aUpaYWs1UkJtTWptWmFhVkk0b0NyTGg4SzZyc21fdWxhQzA5VG44ZS1YaWVfYU45bUxkVDNIaGJJcGFtRkt6bEhWbGRaTE5ZWXV0UjBqdEJUR3ExTm0wYnlPSFdFdmtFenZQUUxUQVVhQmc?oc=5","Asharq Al-Awsat","Arab","1785142184000"
"Oil prices drop after US, Iran pause fighting over weekend","https://news.google.com/rss/articles/CBMimgFBVV95cUxOek5DLXRjMW5rNVRXeldrZlBlNDJCbXVETkFONXNsbEEwQy1CY2tRWUR0elB1WFlUSlJKNE9XbHp2SUh3YWVWT0hUVElQR3F2WDlfbGVqZXdFZTMtSmJkaGJoNWREcW1DVndSNml4UUdTMDI1a2hFakg2ekdZazRrREYyYlR5SkFjcUlpbFJtcE8wLVZUb0hCQlRn0gGiAUFVX3lxTFBpNGE4U1VhU2twUG45eXgyVmZfejdUYktFRzNCcUdGS1JJX1VEM2xmdW13bkZTWE5pTmJtWTJaZHF0ZGtDNkFXcDFlTG1HS1pMdGZUUHRCQVdPRmxvVmkxeG44MGx4SjhscjJGa2JkWmxPQUNvT0lOSTFKU1llc0RtZnBXWlM0X1FkNnFPNmZEU2swRmJ1Ujc2M0l5WGxUTm1XUQ?oc=5","The Express Tribune","Pakistan","1785142024000"
"Urgent: Tehran warns of ""unforeseen"" consequences after Ukraine attacked Iranian vessel","https://news.google.com/rss/articles/CBMifEFVX3lxTFBmLXBCQ0xPa19ybnMtMFQ4LUpKcjlsdy0zUlpEc2VHX2hIc05oYjBZZDNyU0J5NDJFbmFKUUM2eWo1R1J5RDFhWURydGZtVEZtTjNZa25mcG0tVWFobGJycjNYalpkU3NxNVlKN3Rvd1JwQXlWOG5CYllCMVU?oc=5","Xinhua","China","1785141360000"
"Iranian FM says summoned French envoy over ""interference"" in internal affairs","https://news.google.com/rss/articles/CBMifEFVX3lxTFBwUWtBSWxwQzk5aXhzN2toMzlLa0RvUUUyTV9IYmJvVlVGNmJUcWlKNmlyRmhJTkZwR2hsQURpVVBkRTl5SlVURVJOR2dwekxXam8zeDl6TVE0SEgxbDMyRmlhUmI0b2QtNzl3WnZGNmFfZ0szQWg3R1BNTFI?oc=5","Xinhua","China","1785141045000"
"Iranian Foreign Ministry: Talks with Muscat on Hormuz are positive","https://news.google.com/rss/articles/CBMibkFVX3lxTE1lQXNGaEV1OWFLMzRfQmstWURVazdhVkZweHg3T3lqbGZzTmlydXdJSE9wTlRKNC02Wmxkal9wbmZpX3ltWDhMSEM1dkNWa1pyUWhhSUJzTTdKZjZNMDFsTTJqRjJyNE4xV2hVM1Jn?oc=5","CGTN","China","1785139814000"
"Iran alleges some Middle East nations participated in the war","https://news.google.com/rss/articles/CBMimwFBVV95cUxNeXVCS0xublNjYmdxMTgxQ3NldTRvZjZqTlRoZ09lR2tlZFJuQlBqMmpfQUFBZzQ2T0FZS1JDOV9zZTB6dlpaYWUwNHJDR01JdHR4ZmFZM1RiRWVQd2VHM0xCTUQ2U094NzlEci0yS2dZT21qUzdrVG0zR2h3eF82c3pYVDViQ0l4N0NSbXloQWhQUXE3WXl4MGZjcw?oc=5","Dawn","Pakistan","1785139759000"
"India's MRPL seeks crude via tender avoiding Red Sea and Hormuz, document shows","https://news.google.com/rss/articles/CBMiwwFBVV95cUxNM215UENjamZURzE0OVdSdnRzWklGazlWTURZOFpNSDZkWHhuWXpPRHRzSElvQ2xCanR5N19mUU9wcERaa3BMREZjWHNVQWhYVUMxWUZQakRGZGFFUUU0ZHpxckpRb2pNbGM5SXNXOGJWaHdZcDNEaHhXZ1pLQ2RMbVhGX3NCM0ZGWE0zOFFMcWNFNlkwSDRhdnI2UDZtUDh5cWxpeGVKREw3LXFjcE9rS0FCcEVkbERxbFNpOTA0dHVnOXM?oc=5","Reuters","Global","1785142724000"
"Iran summons French ambassador over 'interference' in internal affairs","https://news.google.com/rss/articles/CBMimAFBVV95cUxNdWhOaV9Ba2k0ZFBEUTR2ckJNZ0RhRmlvbHppcGI4cWFBNllmVGlaSkI5T2N1YUN4Vnk2LVV3enpUZ1RkY20xUncyRHZxYUEzYlctYXZpWE0wZmtaMzB3WS1POHB2WVhwdDVwY1ZacTljSkN1YkxaRkM3dnZRNFgzRlEzeXFIUGMzQVktdU93ZjdRSS0ySFR2WQ?oc=5","France 24","Europe","1785142030000"
"US pauses attacks on Iran for a second straight day, Tehran does too","https://news.google.com/rss/articles/CBMirwFBVV95cUxPOGdhRHp0bGdMaUJVa0d0ZTdlNi1HWU5WVlRST0VibS04X05EWlFQQ2lXZ1pGTTdpYkZhelkzRWsxeUNWemNqSkRCVk5LR2t4alg1bTRpN3dwVTN5akZCSlpHeVVLSnZ4ZTBLbk1BeWI2bk5SMVV6a2NmbVFSWjgwTUlhVGdQbENmQXV0dWhvRmo1Uk5Zc001VV9ES3ZhQVM0WWk5dElrOW9kbl83Nkg4?oc=5","France 24","Europe","1785141393000"
"Germany’s Business Outlook Improves Despite Iran Uncertainty","https://news.google.com/rss/articles/CBMisAFBVV95cUxORmRULTZHLWtYWHlvX1RlejFtRlR2UUptX0p4NjV4aXZrZjJHSG1vQW9GZVVPM0pSTkdFcHFXVFBJQUI0NWRuZXRXazljeUlVdFBkd0VCVkR5cEVwRHFYWnZjVGRLb3Jpb0pDMHBQSVU5VWYxbTliZC1JUUZEdGpmYUprQkdCQTRnLW5zRFdIUFZmbEVYMm9BZzZrbTJxM1hISlpNeG10R3NDNTFhQ2JmUw?oc=5","Bloomberg","Global","1785139791000"
"6 looming questions about the Iran war","https://news.google.com/rss/articles/CBMickFVX3lxTFBFX1JjT2Q3dHM3QmxObFpQWVZCUVdWMkd1WXFWLV9Cc1RJV0s0VUlQeUpNWUdKRktHbzRCUGlIVlBJUWoyZ2J6WE1CZlVCUE9IOXhDMW5pdTh6eTZydXhJeUVDWER2TDA2NlVfamdYMkFuZw?oc=5","CNN","US","1785142826000"
"As Bombs Fall in Iran, Trump Bombs in Washington","https://news.google.com/rss/articles/CBMitAFBVV95cUxQUjYwSk9SNHJ6QkUwbWR3Q3REMW4tSFhyLXplN3EtYnlxT2VHWHh6OXplX0RUcU90b00yOFpyRkVsTGNHWTZQSDFzX3NRX2hRRWVWcXRjUThLTE9TR1laLVZ3MUtHZTVxT1VZV1JBQ1BCbzU2WURkNlktbTcyekhQNU1GQWxMTGQyQmxHUWpadGRSZjBlWEM0V2kzcXdoeWlCOUV5aHdkQ01ZSF9yZlRNMldrWkI?oc=5","Politico","US","1785142800000"
"Somali pirates are back, fuelled by Iran war","https://news.google.com/rss/articles/CBMirwFBVV95cUxPdXhoT2pRREx4M014My1jNTJQbmMtWlVhVHljV3YwTDF5RjhFbnZRY1lETFpPempvSVZuNDJwTXNJc0JScXpiVHFlQzZVWEloZ0NqTlNBOEpQVVhaQ3ZIUjZYcHJmSmZLWEtSNjFnU0tnTjA3Q0JzUXc2clNjQXBqZ2k0VWdfWlR2ZUY2ejNYWFFqeFR1ZjVZaHBUaVZxWWFGMGhBcFlCR2U0VU5aTGp3?oc=5","The Telegraph","UK","1785142800000"
"Trump saves George Washington with time travel and fights Iran in AI posting spree","https://news.google.com/rss/articles/CBMisAFBVV95cUxOVkpzcUN3WGVzVU1vU3pVOHV1ajhHQXp1Zy1KVHpuZC1Hei15aEZPRE45RGZMVUEzdFZDRDdEYzRfcWxIckRIV3dIZmFLcFctcGJwVjRuSmZFV091WGp4d0wwRTh1Z3VSV05LckpOZzQ3eXJPekhWaUtzNmYzWTdkS0xYcXB2TFNFVE5GX0phUjZkdGpMak1RTnNEY19JdUEtNWJPMDYweDJKaExSOFV4TA?oc=5","The Independent","UK","1785142620000"
"European TTF Gas Down 6% on U.S.-Iran Fighting Pause","https://news.google.com/rss/articles/CBMikgFBVV95cUxOY1RHaC1FOFNPSndzaTdVQjc2ZVpZcE80N1duNk8xN1BnQWluNTJYemlCVVFrNExPVTlrUllIRWVaWFA4Z3QwNEhhWk9rd21ER1JOeXV2cEoteURYVWdGeDlpNXhMN1NMeDJzRmxmZ0J5UUlaM1ZqX3BOZXdsMHlkZzVYOUlDVnlFQmJPcGNZX0hHdw?oc=5","The Wall Street Journal","US","1785141780000"
"Oil prices fall as US pauses strikes on Iran over strait of Hormuz","https://news.google.com/rss/articles/CBMirwFBVV95cUxPY3NLLWN3ME9IZjdEWmdJNHE4cEJsSEV3SG5pTlpRWjBqbWdFYllsZGZJXzFXQVBlT2w3XzBOempmcWw3RGpvWVFVSWEtM1k2MlNPaU9CdUlJNkVVOU5QcUJIem1UMEZLanh0SzUxVkE1bEs5RWppNFJWMDAyT0NNVVNFdGJqcEJHbDZ5ejl6N01mOWY1RVZVSnRvWEhvVXBFYTNCcmFfVTJtUUU1U09V?oc=5","The Guardian","UK","1785141420000"
"Wall St futures rise as US, Iran pause hostilities","https://news.google.com/rss/articles/CBMilgFBVV95cUxPbWNrM2R3eVRRWVNNdGhKSnJLUzVjQ0Qwb21PVmFUcXd2OEpDRnVsZDVCMGtFV3RTbE5aM3ZuS2xRWkZtcDZ1VWFseVBLSXBoZWVqV083TV9TQVAyUVYzLXQ5S2g4WDdLRDJQbUhodXhGSlg1a28yaU5laUFEbG8zaWp0X0xESkxsYkV0d2lYZnc2VTRIYlE?oc=5","Reuters","Global","1785142815000"
"Gold climbs 1pc as US-Iran truce pressures oil","https://news.google.com/rss/articles/CBMihwFBVV95cUxPcVZCU0ZmVkhRT25PSDNiY2tjWmhXRXdLSUZTSkNhWjFkejdGUkFrY2JVTURiRnMwd1VxYW5neGVnTEpTeVBZbTZickpVZzRLdU9ORGt4OHNPekZpX0djSDRfeHNHV2kxYk50UnR1ZjZtc3BqSVpwYjlaLV9TQXhHLXRlN3ZmblE?oc=5","Dawn","Pakistan","1785143478000"
"Iranian FM says won't let U.S. determine end of war","https://news.google.com/rss/articles/CBMifEFVX3lxTFA4TUNBcTVQakJqbDU3VVVHX25fb2czYmhHSHJlNkJiQ3p2bF9rSGEtc2NaejN0dWNkdEhLODlmaGM2bEZrUmRxQnd3c2Y5Yml1NnFLTWtDaGpoNWR5RS03S2dBMENvOUVKbnpXSkJsY2lDT0ZqcFpZVkhua3E?oc=5","Xinhua","China","1785143280000"
"Iran Says US Not Involved in Talks with Oman over Hormuz Strait","https://news.google.com/rss/articles/CBMinAFBVV95cUxQQnlnaE5pNXcwaUoxcnhZb3ZOSGZNUGROakk1dWJ5WUtGYkxWYU1JZ2xnMVpPWTd3ekQ3YXhQLTlOUVNUVDBaLTUxWGpaV21BelhiRUQwdUVyTGx5YnhleTZvVjQ0UXozdFU3Q1lHN0NJRXFIRVBqUzZaN0daOW9Jem41eHpScDhOcHpZLWVsV0dId1NGMFFHX3hqNmg?oc=5","Asharq Al-Awsat","Arab","1785145513000"
"Iranian man murdered teenage daughter outside salon, gets eight year sentence","https://news.google.com/rss/articles/CBMiakFVX3lxTE5DQUladnJCY1B0bTdkc2VxQ2FZdk1zaENPOHpPcnA5cjhuTElmRHFCUWhVcWdHZUtjZ25rOTRJUjBOaUZPTk16UzY0V1F1bG9DX3pVNFJ0SDNGNGtpSUxaT1dYZ3pkRzZSYkE?oc=5","The Jerusalem Post","Israel","1785145253000"
"The Clock Is Ticking for Tehran","https://news.google.com/rss/articles/CBMickFVX3lxTE91UkNWMzl4RU9yaWJYWG1zWUxhcU1OcEVFeHdibmlPb0pxN3FlUlBVUDh6ZmRKRnZvRkQ5OTVSLV96cWtxTURGVkROalo5NWlMS25pd05uRmZaR2ZIbl85UTFaODF5MEpMY25HU1BPejhWUQ?oc=5","The Times of Israel","Israel","1785144840000"
"CENTCOM chief urges halt to Strait of Hormuz bombing over 'limited' impact: Report","https://news.google.com/rss/articles/CBMivAFBVV95cUxNSDF2RGZUbHFHTE9YcF9rbndtaF9jUXl0TE1MS09PczA0RkpDdHBjeFhmT20xSnBVUmtISFVub0lSM0xjYnVwNjVRRTNYNmNqeWROWmFpLWc0bFNRWjNNc1FRdEM1TktvcXBHRUF4S2lpTnd5ejVmY1hHSS1MYzZWcmVEUWZJVFUyLUdCdnp1YWFjOENZQlJtU21kTUZOelY3TXRXN01UeXhOXzJRVVJ0TElIMWxBblUyQXVUdw?oc=5","Press TV","Iran","1785144660000"
"Iranian army pleges stronger response to any future aggression","https://news.google.com/rss/articles/CBMirgFBVV95cUxNOW8yQ3RFbFFMUHZfM1RyUHVsOGpzUFgydlc2NDA4dk9sZnA1dF9sU3E5M2huckJ5UHpNd0dVcFJBaWJXRTYzLXBSaHRBbW41cjFpLTdCNGk1V0dhWG5OVUkyeGpKWkwydUEzS2lSaVJvX3BxT1QxeFNzb29UMVRrT1VJYktkYXg3SV84NFNtWUZnUnFnMm56X1hzeXBhX1E3NWtEVzlRNVlyQV9wTHc?oc=5","Press TV","Iran","1785144120000"
"PODCAST: US-Iran pause, fast fashion and Rohingya schools","https://news.google.com/rss/articles/CBMikgFBVV95cUxNanBMWWt1SWhZUXNaNUF4RDFmbWRBX2lIY1VZbzdpWEtyS0hzXzVSa2VnRkF6UGIteGszUW1DZzNOWV80SUJQcWNDT1NsQWhwekZWSWUtSFNabDFFYVdLUE9QdWJ1MVQzZTNzX3g4YmlSNjAxY1NyY3pmX3JIZm56SXd6UXdvZWVTc0NUTWlUdXoydw?oc=5","Reuters","Global","1785146076000"
"Iran rules out US talks as Hormuz Strait remains closed","https://news.google.com/rss/articles/CBMilgFBVV95cUxPMFc4UGNrY3BXU25oZEd6MnZDRFlOVjRBalZDZWN1NHRNa0JhSVdDcmstZU9OSWVqLVFoNWp6TnVHLUg4MVpyMUxBaGoyNmF3U2ZLRFYxcXg1NHliR2pEaE9jQ01oNXhlTmhVVUtTdGtiS0FHT0pBMnZTQUJKQ3pSekFWZGdZd0dhWFRiMmVZOWUxSllCQmc?oc=5","DW","Europe","1785145992000"
"US-Iran pause, fast fashion and Rohingya schools","https://news.google.com/rss/articles/CBMiiwFBVV95cUxNZVRFclNjTElJSlQ3dmZJdmc5dHl2Zm5GdHdienhzMDNXbjhJRWptTTJnVVdnTUUxVGM0eklDZ1cxbHlPNC1aTmlHYVVnVGF2X1pBZTF5cVNuZVBlQ21uenhSc0tHTmpZT1AzendLNDBhSDlWUUFmVEpJaEtNRENMXzJxMlJEc3RLb0RV?oc=5","Reuters","Global","1785145860000"
"Iran says it still controls strait, not seeking talks, after Trump halts bombing","https://news.google.com/rss/articles/CBMizAFBVV95cUxQYTcyMDhXSXVNVFp4QlpqSGdQc3ZqaFN0c1hYSml1ZWhZS1FXbVN1Ql8zYUllVkpETjdMbXNRWUV3eHVqZWFnYnlBY1pvTzQ0WGNESmRyOGhCaFU4dEZwQXptVEV6Q19xb2FBVGxuLWFmUUZ0c0hjRFAzZXJMN2RYd0diYnJQM1M0Ylp6NWp1M0NBMFlFWi1scUNFRGtJblVFUEJzWF9iRTY3QXY4OFZuWmM4Rk01NFF6REllM0NpSEVXVmd3OFc5bnc0ZFM?oc=5","Reuters","Global","1785145664000"
"Why the US wants to bring Iran back to the negotiating table","https://news.google.com/rss/articles/CBMingFBVV95cUxPbUNtT1doS2sxMURMSTJmMTdUZkRLeWFGejRMSkp5cm1TbF93WmF5ZlFVMHh2d3hrVmRjdjZxZGRmNUw0djRVQXpUOGY5TV9iOFZWMi1JMVhuSzVWLTA5M2xkb25oTG1zV1VSWkYyMDNvWmk3N3VhcDMtM1JXSm9hMGZ6b2hqUjZvanZCWlBlcVUxelFodDJ5bnhyZEZFQQ?oc=5","DW","Europe","1785145593000"
"London stocks advance as US-Iran pause lifts risk appetite; earnings add to gains","https://news.google.com/rss/articles/CBMiuwFBVV95cUxOeU1SVmJnT1JoV0Y4REN1azV4UWNFempXVC0wdE9oVTlZMlU4S2pjbl9icWUydkRYS2FBT1pseFBkb0FYbURtM05HSlNXNHF6eEtXcUstdjc1RG96MndKaUtYZjF3R3JyNHp6VVVwZDlSemYta3BYazdTYWlqUHZrbXRxUnlfcTBLZ1ZFZHFleTFsMXNBblFqd3NnNlVNOEVzcDJ1aE9STk5VS0lwaEhORTlQREpGT05zd05J?oc=5","Reuters","Global","1785145480000"
"Mediators see progress in diplomatic efforts to halt Iran war, 2 regional officials say","https://news.google.com/rss/articles/CBMiogFBVV95cUxQa2M1am9JRVdmbUE2TTF1ZG5ya1dXNjVjdWUtVngzX09jamxQNk1idEJoNDBCY2Y2dlpURUpYb1Q3WTY0Qk84ZEd5V0FYaHVHakFGbmtKbEhOTy0xYmdLUnZIN3JlcS1yWXZTbnVTYlBlcVg5NUx2eGZFT0VmM0FhQkZYS2pZZHJJMlp4SmtVZkpKTmZwOTZOM2g1S3FtMGhYdWc?oc=5","Associated Press","Global","1785145320000"
"Iran threatens ""unforeseen"" consequences after Ukrainian attack on vessel","https://news.google.com/rss/articles/CBMi3gFBVV95cUxPd2hpcHBweUJoaVE1VWdoTU1XZklnaXBPcGVpR2czR1lYSk5LMjJCazFhTEFHS2FDU3VlZHlCTXFjaXZTSnpRTnRfTHJwMWZLZ2dqNVJNcDlOSHQ3Yld0YXNSSWZoNk53N2xhRFpPRGRSTUZaOEtGNnhZd2Zvd1NGaERCd25pVEltTTltS1VwV0ZnNnE3UjNkMjJhTWwwdHQxa2RNTk14M19vblVjTUpBYjd1dzlOU093eGN3c2h3MUhQTlZCRzgxU2lWMUhWVGJha0RMd3ZOZ0dib2JQa3c?oc=5","Le Monde","Europe","1785144868000"
"U.S. Pauses Iran Strikes Amid Growing Risks, and Measles Cases Hit a New Record","https://news.google.com/rss/articles/CBMijwFBVV95cUxOSGR3dzlIR0pHR3FpNGQyZERNVjBoVm5pZ2Z0Vkx3ell1ck9xaEJ1bWFDVXVTaDJER2RaUDRGaWM1aG5ZZmxrUzJjOGVpOUpDcXF2TDBwWmtXWlpYLXBBNXV0UWNwT3g3bk9YLWVMNFdoRWFWUm5pVXZNdEJzeHB1WDFjTGRUcm5Rckg3YXVxYw?oc=5","The New York Times","US","1785146410000"
"Why Kevin Warsh should think twice about hiking interest rates — even as anxiety over the Iran war grows","https://news.google.com/rss/articles/CBMijwJBVV95cUxQaEl2djU2NkFDdnZRTnBqM0ZWaEFKWUxwaDloTXVjVnZ5SDM2el9lakRVUzVlM2lwWVRCVGRxcnYyZUtUR3dQTEJDQmxlVnRIaUl1S01ad3dQWFlfZ1BYNlBvYzY2UlRzdGpXQ1ppZkNIY2FuUno4R0FrdXlrZDVldG5nX3JlOGRKLV9iVk9TWlI0eFFOUVRVQThhWU5KYUFhTGpCTFpzNmJPUV9UZi1KLXp5RzE4OWdCcVJNYThCMlhFMG0xZWJHVm9kbG53aTRjTTgxRjNCRE1WM29JNVhYYUZMczBwUDR4UWw2d2VoUW56ZnlyTGVoN2xlUzlmOFdaM0huak5ZcXhhZTA5aWtj?oc=5","New York Post","US","1785146400000"
"US, Iran Pause Hostilities, Shooting at Seattle Festival, More","https://news.google.com/rss/articles/CBMiqwFBVV95cUxOUzFQWXA3ZTdMZ0pNN1pQaVpfSEpkbkFNNmR6WFJxMXBQWmJQVThHMmI2Y2tISlptb2RjRW1vMDhtTVdaS05FdHFLVmdvY0dMR1NsOWR5aDZZSlVLaGRuZzJVMTlDUllaMjg0UDB4WVlyOWtHdFJJaVVTNHFiWjdpZ0hVdUREcXhULURFdExjLUE4NmItZlhwd0F0V2JhdGtqMlJKdHkxcGxwOVU?oc=5","Bloomberg","Global","1785147849000"
"Mediators see progress in diplomatic efforts to halt Iran war, 2 regional officials say","https://news.google.com/rss/articles/CBMi1gFBVV95cUxQRThDdUVidzkyTlpodUlzVjJHYy00a0JQM1J2Z05MTjV2UWFJY0Q1QjJoYzd6RWt0MHFIQVlxV3FMN2NMc3lpdkRGWWR0cjhDQ0NRTnRPa0IwWWJQT2xxS0dKRjJjQjFyWlRKSFoxU2JjOUVPNm9GSzdLM1dNdWVhWGM3ZEQzVmh3UnY0NXIxTllrMUNwa2R0MEwyNGNXWGtMMkI3V01fajRSZ3pHU3dXd3ltTkx0bjRSb3JBUFNpZVJRZnBROGhLMmtITU5COFpHQ2g3UUdR?oc=5","The Washington Post","US","1785148029000"
"Rep Thomas Massie says the Iran war has 'significantly weakened' America 'all for Israel'","https://news.google.com/rss/articles/CBMingFBVV95cUxOZUc2UzVMRl9WUlpyY1lPUmVtelBIU19LTU9sZkU3eGVQU1YzSi12RWRkY19iaXNGR0hxb1BIZlpRMWZVa2UxWjdFSXVtSkhYeXR3M0RpTkE0QW5tZE95Q0RVYmZUc3FFeGk1enU0aXFLMmxVYllLalBlRGJGLTNxQ1JTczEzeFhoSE5RaEgwSmExdDVqWU1qRGZ4WkRsUdIBowFBVV95cUxNdGg2WjBVTnhkN3czbmVZalEwcnNyZjhRb3AxMklHaGo4UUNvcDZtMUdQTl8zVjZWdHFJLUZwc1lvdEFMdWNzM3ZPT2g5WHhENFBLaGRvZk5DX1FIU1VDNlhyWDRybG9LQlpOZkp2Q003MFlFS0Fic2dYekFUeUY1SHJrT29zRXJwTlFxVTNOcUxKZ0hHSmpGaFJZcDRVUnRFQmhB?oc=5","Fox News","US","1785147101000"
"Russia-Iran alliance targeted as Trump, Zelenskyy prepare to meet","https://news.google.com/rss/articles/CBMiVkFVX3lxTE9YdTI3bHlINElPQTVBSTgxZ2dqekszRkVJOVlZbl9YS1ZJaG1wMlh4NWhEQ3UwYnZ0YkE2b05wNTRoOVZfTHVQWE5oSHMzS1VXSXFfWkZn?oc=5","Fox News","US","1785147081000"
"Why Kevin Warsh should think twice about hiking interest rates — even as anxiety over the Iran war grows","https://news.google.com/rss/articles/CBMi2gFBVV95cUxPR1dNd3N0UFlrbEQtQ0pfLXJLRE90Y3k0dXhjTURHaWVHYVVYdGg0aXlYRXpLM0d6d0FnRE82V3RPdVFBY2FPTGEzbDhFR1VNbktPYXFrdTZnR3JlMmxmS2JzZ2xXYXlFXzdQLVFzVVFISmMwdkFSWE9Tbl9pX3F0Y3Y5T3lBV2YwYmZVWmpDcHVsaGpKcXlacEJnZk1tUnJuZUdGcVM5N1NnM0dZcC1TWWtoSWZPRDdyM3Uxc2hLazZJSXQ0MExBMzdtOVdJbkhqSmxvcFlMQVhFZw?oc=5","New York Post","US","1785146400000"
"Iran foreign ministry says no current negotiations with United States","https://news.google.com/rss/articles/CBMitgFBVV95cUxOMDBHRU9JZjdqa0ZSVWp0ajk5M2VwRTZCTENVZktYdkZvVTVfdkg5N2hlYTNUemNLeXg0X1hHQ0UtN1RLSjVMSmtTZ21hVXRoTjVjSnhaeWU3X2JpT0FUNExYanlQLTdmWTltYnlRUVdjOGhhRHozM3Y1V09XaVlERzRCNndDSjEycGNPVzRudDhqeWE4TUFVd09mZmoxemIyY0ltbXFGR2sxd3FKNmc2bVBPdE1Wdw?oc=5","The Times of Israel","Israel","1785146662000"
"Ahead of Netanyahu-Trump meeting, expert warns about renewed Iran strikes","https://news.google.com/rss/articles/CBMiakFVX3lxTE1iS1dvTTcxbDc0VU5VUXJRb0xTMXJVRm16NndZWERHRDgwZzcwazljQmlla3RqZ0V3UmZleVF1VUVGTkRxVEpPeFU2X25qWGlBTHppOE03SGptZTNFdVBmSUhPMUVmTGdFSEE?oc=5","The Jerusalem Post","Israel","1785146517000"
"Is the West buying the lies Iran's regime is selling as diplomacy?","https://news.google.com/rss/articles/CBMiV0FVX3lxTFBQM1NWUldFbWIxY01SVG9lYkpPVTh5eXZ0c3RuWmpUT2tETmtndlU0UjZFNUdSMWNhUXl6ZGZlUldPSk5VVHRrMVZrRE9FN0Q0ZUV2X0VmMA?oc=5","The Jerusalem Post","Israel","1785146400000"
"Iran deputy speaker warns Ukraine of ‘regret-inducing’ response to any mischief in region","https://news.google.com/rss/articles/CBMihAFBVV95cUxOU2tUVTJuVlFNTWx3Q0hEMlYyWlJKLVhCYUdVYW44enI3YTA5VUhkMnA2SHVhUmc5Ym03MlZ6LVhpUnFhSW1kVHhTcXpUdXFTS0xpU2Iwc1d1Y0FkRkpsZ2VRLWlobXlWdjFlbk53VU9jVkw3aGg5d0o5d19PS25pTFdDWkc?oc=5","Press TV","Iran","1785149700000"
"Fire Erupts near Tehran Five-star Hotel","https://news.google.com/rss/articles/CBMihwFBVV95cUxPNkNRN1RHR1kwSUtXNndCc1NDUUFSbTZEZFFvaXA4eWZCb1JCcy03TERMNDRfQmtZVk1OV3JEc0ZTU2FSV0w4OE5SVW5abnpXT0ZxX2l4YU5vRGczTGltQ3NuWHdveDdRSFdTRHFKWG51VFR6b2ZYQnI3MDFURXY3Wkk5XzI2Tkk?oc=5","Asharq Al-Awsat","Arab","1785148528000"
"Some Gulf countries involved in war, will not let US determine end of conflict: Iran's Baghaei","https://news.google.com/rss/articles/CBMiowFBVV95cUxNeDRjZ29Gc09EMzBXTzNGSldwck1VVDgtREE0Qmg4VEF5anNHQXhJMEJhREFTSmMtX0UxSmRjalgyd3RqMlQwSXhWSHphR2FKWllsN2ZXZTBjMzJrMWdHbVJjNGxoSHdMM2szUUlPVW1pMWk4Q1ZDc1MxQTJaMm8yQm9PUm1JWEtVdl9TMElxSlpYQU1VRHdMczRWQkZOQ29XZUo4?oc=5","The Express Tribune","Pakistan","1785148043000"
"US, Iran Extend Pause in Strikes as Oman Holds Hormuz Talks","https://news.google.com/rss/articles/CBMisgFBVV95cUxNVG4tUWlvcWdyc3BaX0h6X1VnS3hnOUlnMXNSWHN0bk9oZ2pkXzJoTUlEUWp2OEFlaWVyZ09HX015VDBIY0s4VGxZcFFhRjllbDV3V0h5bmlEeUxDeXZKd2lEaU5BNmdJYmhzNzVEUVFmSW9pRnBnZE9kbktLc19GWHN5Y1M0OVZybklrRlpoa09sUjA0elV4STNSWTJQSjliekRIYlpzT0Zab0UwZTN4R1pR?oc=5","Bloomberg","Global","1785149410000"
"Seattle festival shooting, Pentagon’s Iran war death toll no longer lists recently killed troops","https://news.google.com/rss/articles/CBMiZkFVX3lxTE9aT2ZYNVhTZzYtTjdwTXlLclMxOFRnYzhDMWpXdUJRNlgzZnJOVGtCNDVSakd6d1lZS2NWd2JZUW9ob1UwbG13S3hLRGdxdGNFLThIYlY1ZzFER1d3eng3bkJhVzRMZw?oc=5","Associated Press","Global","1785149100000"
"Oil prices dip over 6% after US, Iran pause fighting over weekend","https://news.google.com/rss/articles/CBMiZkFVX3lxTE9hQWtPcFNOeml4cEg1am9NckJpdjdEN0x4LVdzUFBTbTk0a2JoMlJGZ1hwYUVBOHFTU09rQkRZUU5lbVNnUy16cXVnSHNUUnlvVE1UNVowLTdsUllKU1p4UDF0VEFqdw?oc=5","Reuters","Global","1785149052000"
"Oil price dives as US and Iran pause attacks","https://news.google.com/rss/articles/CBMiWkFVX3lxTE44NU94OERKeEJnNnNXcUpvQlZRdlY4NzFkcTVEc1pMTW5lcW9wcTc3Y2xKUWgzMUhuczA3c0swQzhpOEc4QjN0Q01FOTZ4c1lBM1ItbWZ5MmZ0UQ?oc=5","BBC","Global","1785148982000"
"Toronto futures rise as US-Iran de-escalation hopes lift sentiment","https://news.google.com/rss/articles/CBMirAFBVV95cUxPTTVnb0ttZnFjZEhrTXpwcG9CLWwtMVRuUEFxUmpzNlZrZ2pqaXI1Y25oS0VQMlp0Tmo1V3JOejFFcGVtbWYwTUREQ0tBUENrdTYtbENpOWM2YlhzSnRzWnZmMWtxT2lzMEhCd0JzTXBpay0wT3dCcVZScHZWeWZMU2VFYm5DNjl3N1g1S29tczRxZUg5SEllMzJsYW9GN2pfUU8zVUs1MEZVX1NB?oc=5","Reuters","Global","1785148578000"
"Those responsible must face the consequences;: Iran again warns Bulgaria over US aircraft","https://news.google.com/rss/articles/CBMizgFBVV95cUxPM0trdEJwSzlfUFdzdFJ5SkZIUFM0c3lkb25aNzlsNmlYeGxoNHl5b1lQMjRNRVUzaVh6d2tNeXk4ZjktV1BuZTlyNUpWMVV0RW5tT1h0QTlmOWlmMjVrTjBhaGczV3hhYkFpR19hbWVwYXFFSzd6VmdhVkJjbDhHUHFFcFdwa0Y0MFk5MHc0UVYzVnBEdE52YmxYYmU5Xzk3OExBRG5rQ0dRY0t6aG5kbHg1cmpqWUFmOXVwdXhXMmFyQTZ2ekctOHhKZzdzZw?oc=5","Euronews","Europe","1785148253000"
"US plans to obtain Iran's nuclear material","https://news.google.com/rss/articles/CBMiVkFVX3lxTFBvV1djc2Eyb1VYcUljbTltZkdZOXUtbjlDd0JtdkllNW1JN2lMRjNTb3J5S2tQR3dNZFItZjFNMGdvQzUtZlpwUWZyMEdadWw2UVN0QmpR?oc=5","Fox News","US","1785149876000"
"Trump pauses Iran strikes for third straight night","https://news.google.com/rss/articles/CBMiVkFVX3lxTE42aFh1bTVuSlRPeFl5NURBNGhaN3U0bS1jcHJtUWR4THRTQzZidnJ3NVlvSEhFelFid3V0a2pscC1fU3pSTHpDWnkydjZoM0lsM25kNnp3?oc=5","Fox News","US","1785149532000"
"Mediators see progress in diplomatic efforts to halt Iran war, 2 regional officials say","https://news.google.com/rss/articles/CBMiuAFBVV95cUxQLVY1RkRSTnRIMXJzUWowdHljUllMS0M0OHB1Zk9LS3Rqa2ZXREZ5ZDlKTkgwcS10R3JiNFpnOUhySE03akRLektPcWFRNS1PVERoZUlzLUs2Ni1oM3hPSlo1MFBkOTdqMkNZaTNHUktVVVdyNnpxNEtFYldzRnJ5eV85VXRKQzBwMnU2RkxKakZ0bUFqT1UyeVFkNWJubllSQm05eUppZWZKdGlPejdRMTMxX2dETDMt?oc=5","The Independent","UK","1785149400000"
"Iran ramps up threats on Ukraine over Caspian Sea attack: 'The list of defeated forces is getting longer'","https://news.google.com/rss/articles/CBMi3AFBVV95cUxOdVNKLXhqUHV1T2VaU1VxaTlpWmxOWVpnekZiTUUyOWJJczliTi1ZeUlBaDBGVks3NFRSUno0RWNOcURHazV6b1dvUHI2ZTNFcGlsdEVYR0MtSEpxUW82YW42aHdqenUwUFRESDJMMUlFWnpOQ01QRlFNREwxVTJNcHI4U0kxdHViRGdxeWRJdmdRa1BfZ2FzckpmcWxwQkNYWHEtVFJtd21QX1VpZmxSRWIzQWdnSG5yLVpDLWsxTk52YmlOdDd4aFl4RHZmbG91QVd2X3BFY3RhUnY3?oc=5","New York Post","US","1785148020000"
"Trump Hits Pause on Iran Escalation","https://news.google.com/rss/articles/CBMisgFBVV95cUxOSzRCTFRySnY1ZGVjZTZTTGppNDk3TWtPbjRJSUhGX0lOa1ZxNk81RnFLQ1NUclJmUkZrS3V2RWJNQlVGODFvUXItczMzdEx2WkdrSkNNYVRFYUxnSkdpdE5heWRBRnlLS0M2V0xUbHFHU0R2enRkcDBzNl8zemEtNkM3SjlOQTkycFd5S2dScXU4SE5NTlY2dklnb2VzeGNNdHlpTWMzVzZ1VnBqSXRTaTJB?oc=5","The Wall Street Journal","US","1785147720000"
"Ukraine, Iran and how regional wars go global","https://news.google.com/rss/articles/CBMihAFBVV95cUxQX0l0NC1BTXhVN0NiRkJna05TYWRLdGI0VjlfM2dfd1JtZnhQU3dGOWNmQklnSzNPODRZbzJLY1JaWno3QUttc25Jc0xseGNKckhLRG11VzRCWGRGYWZOYmN6R1hna0hZb1NfZmQ2UzBfUDJfeUVTOFZWNHNpNHAzVDdESkg?oc=5","Financial Times","Global","1785150873000"
"Pakistan Holds Key Interest Rate as Iran War Clouds Outlook","https://news.google.com/rss/articles/CBMirwFBVV95cUxPM1dFaDVyQWNPcF9PbGg5WFdFZHlsc3pXdHRtdmtuVXpvcFIwdTRVLXM4NkJtU3otZ0xPcDJrWGxSa0pqUW9LUEFMS1g1cGhrZ1BFSHluLUVUTndqY3VvcEVyOTktNTR1a0JzRjJtNjlSdWtta1pWOENOdFFhUTR4RXBGOTFTdC1LZmEtUmxsLTRRSkpUaHBJS0ZicWFJejVXSE5pcFVoOVVtWEFoaHdF?oc=5","Bloomberg","Global","1785149666000"
"Oil prices dip over 6% after US, Iran pause fighting over weekend","https://news.google.com/rss/articles/CBMiZ0FVX3lxTE1VOVZIYldzLVZWZmQyUHFkQWVUZ3FSVDZQRXRNN183NmVKT3kzM05CU29iQXFaeXJQanQzVUpNMzY4ZXVtN0tfdnpYdEVEd3JkRVNzdWtNSTlWQWhkaFdRWDNQamE5Vlk?oc=5","Reuters","Global","1785149611000"
"Iran rules out US talks as Hormuz Strait remains closed - DW","https://news.google.com/rss/articles/CBMiuwFBVV95cUxQdEpfZzg1a3kzRXRVWC1iX0NlSWRSSjJMdVJVYWJjSVdXMGpTQ1BhSnVxb1dpNWR2U3dIU2NMVkhaaWcxaWRybERKY3lZNkJfSEdUV1BuTmV4SC1YcUhQR2RYVENrdU1tZVZzX1ltVzRBWGlaZlc3YWxGUllMTnF1c0VzVDZ5OHJYMWNrenZZZ2ItV3FEUlBuekxrc3lvUk1FTTEwRmFsRVBfM0VuQlNHTEVJeS15cWZMNEVN?oc=5","DW","Europe","1785148568000"
"Iran accuses Ukraine of missile strike on tanker in Caspian Sea","https://news.google.com/rss/articles/CBMinAFBVV95cUxNbXhQRGZGMkFKaERkOVhQWHJLdnB5a1NKQU9zZF9CZjN3Y2puX3ZUUGlYUUt6cVI1RmV2bkZfMmx2d3M5RHpHZi1vUHdYaHJEd0t0QXpZQmxnVkNmV3BCZEcxNllLVWE3Q1V6amI2cXRycC03X3NNeVhPYV9palZYWGNHbEVMVEJMaWZnWWFldXEtWGlXZGVudUpKVnY?oc=5","The Independent","UK","1785151380000"
"Trump continues pause on Iran strikes as Pentagon reveals higher casualty figures | First Thing","https://news.google.com/rss/articles/CBMitAFBVV95cUxNSjFkOHc5X0FoazlJUFFleEI4TEM4bTlKQW4wT0ttQXgwa25JX1QtZl90NmQ5eWxnZnhIa0ZYVWRjaGM4M08yU1JVYTlkQUdIU3NPb0lVcTZoUndKYV8wd01vOURBcHNrOHNHNG56WVNsTlFwYVhHQ2xrYmNJczhJXy0yc0cxNTFReTFXUWtjbFJicDJZU25lS1VXSXhSTHEzU2VyR0gxWktWVTlRVzVOUkJJeC0?oc=5","The Guardian","UK","1785151080000"
"Iran says no talks underway with US, sets conditions for future negotiations","https://news.google.com/rss/articles/CBMisgFBVV95cUxOaG1fOXVEN1VjcG5VdHJqN1E0a3ZLVC1nU3pYaWZtMnZiMzFxbTVGRGpidUlxMGZjUWVxTHl1SkdRa0piZTg5X05RMThPNW9VclVxMVhIQ213cXMzQ3RvczBIT2lsdm9maHZMU1d3eWV6VWxIVnJnTGhHeUlrOE52Y1dia2RKMEVqNEJnbEhIeFNWMEVSaGRLR1pGT0tOS1ZOcmdrS2pXV2dhZDQ1LTNwbVpB0gG6AUFVX3lxTE4wajBXZVpwQkxrMnVyZzVVMV9Zc1FJaElRS0FMSWFGQ3I3dXg5WlFyX0tZbG9VYy1TRkZxZFB6VVpOYi1taFh3R1RGTndHeS1sYjZ0RWsyNTVlakZudm5RUXQ4dWJfMEdZQVVPeERzZkY2T1lfbVhQeXVHYjVLbU05ZGs0TFVSZTVmU2ZPYXQ0SDZhQjRqUFdud2wtZzNxeXlJSlZwd1ljWmZEQlBjZklETlotN3NadnYydw?oc=5","The Express Tribune","Pakistan","1785151585000"
"U.S.-Iran hostilities show signs of easing yet risks remain","https://news.google.com/rss/articles/CBMifEFVX3lxTFA1Tm9tRHNCQk9MQnE1UWhFWWpuUVp2VjNoS0ZVaU9LRUdhQk84YWkyaVNXYWZwV1V6eXdXckhMeTBsVGxnaVBIXzFmUUx4dWVrQVBmbXlXRE8xY0o3S2JBQTlFY2VPQjBfNHpYSHpOVzJvaEZjaEtQVlZMcGQ?oc=5","Xinhua","China","1785151335000"
"Why has the US halted its bombing of Iran?","https://news.google.com/rss/articles/CBMiigFBVV95cUxNbFEzVW9UN2R2eGlCc2ladFhRU0lFa2Q2Q2tkRjI3TzlrNy15cmlrU3EzaDlZRzV5M2FiZWw3NTNkWnAtS1RnYnVJNTE1NEl6djNETmFsZnY4TFc4QzFmM3M1WkdwaEpNMGt1QUhDOUdwdU5wVHBoNEhyVHBvYldNQlpadWdKNGJycXfSAY8BQVVfeXFMT1M2WklvbzBBNVBlVTNoSEhac1dGcWVWSnYxREw2b0toRW55d1loZmtFVWh5VW9Ya3hVSDRFZk9jWDFUTGlOYms3M3BLTzhNdnYyeERmOU83NkhNbXhoaGNRYXRmcHNDUllTYjZCYjRiUXdPNHQ0UHVnUnJFUGJ5Yjh1c1NBSWZLaXZWNDJyeEk?oc=5","Al Jazeera","Arab","1785150194000"
"Turkmenistan calls attack on Iranian vessel in Caspian Sea ‘unacceptable’","https://news.google.com/rss/articles/CBMiqAFBVV95cUxQVzhDaHBvOFUwTDZUSFRKajNhczc5djlILVJ1TmlMMHc3Y1JQSzdlVGh2VzlxeEJLbTBZR1REb0tMOTlXcE5ybVNPUlVaZDJPRHJ1MGxTYlhWdzc5dzYxVWhZZEMxM0pFaGlMOS1uRUEyOWNOMlN1aE9qblpkWjVmT01PdlpqTFQ5bWZfQy1vcDl2WU9iM3JpaFNBY0YyVnUxaVFHcFQ5MFU?oc=5","Dawn","Pakistan","1785149803000"
"Netanyahu before takeoff: Iran will be focus of conversation with Trump","https://news.google.com/rss/articles/CBMitwFBVV95cUxQeFhKbjlEUTBTRFZJajN1bl9uNmdHcXJ5dUh4bnBmUTlSU1BsS2xxZUJCSnAzQzNodmEwVTE5VHdleTdhRksxOGFSQkI0VzlEWFJSSXkxZno4d2dCQkJPZ25yZ1lQUk8zaUtMTV9vYXRPV2NMWmhKRjRvYUFXZFh5X2dUQlJpTnJwZnZwcDdBeXM2SlhUWF9UTGhsSlJzM05qVUp1M2l5Rml2MjRydUJzZnJCUE8xZ0U?oc=5","The Times of Israel","Israel","1785152497000"
"U.S.-Iran hostilities show signs of easing yet risks remain","https://news.google.com/rss/articles/CBMifEFVX3lxTE92bEdoNDVYeXBrelU1UDBjNHZmMXJ3QUV6M1VXRVNNTmNyN2JoT29mRjRaNFh4enBzbmg5WnctYnY2bng2MVhCRXRNeEo1ZlB2aVVEa1pNaDlZaWlKSG5JaWFsS3Jpd0NEX1dFeXN1YzRnemhhSndXZEYzSmQ?oc=5","Xinhua","China","1785152130000"
"Netanyahu: I will discuss with President Trump all issues, especially Iran","https://news.google.com/rss/articles/CBMibkFVX3lxTE1NcGlyajVDaWRrTE9EMHZ5RmFVcDNBWnZWQTU2ck9MMDRnZjZLYXNtT0t4VzBPcmtOLXZwUmFTaWpoWUhVR3VORDI0cUNhUlBubXJQQkNNN0pEWThaMzZxUUtodlRtbGxBZ1J4ZERR?oc=5","CGTN","China","1785151560000"
"Ukrainian Foreign Minister: Iran's statements are an attempt to divert attention from Russian terrorism against civilian shipping in the Black Sea","https://news.google.com/rss/articles/CBMibkFVX3lxTE9vUm94NkxOa1NWTTFYa2tyYldyMDRHUS1tcnhPZzdmb0hvaC1rYlo0WXcxR1RKN2V6SXFuM0NLTFNqUFJPZnN4MGN1U2NOOU1PYThick5wLTJpTFZiZHF0ekpfcnpOSHhUQ0hoWWlB?oc=5","CGTN","China","1785150935000"
"US Stocks Catch a Bid as Oil Tumbles With Iran Conflict Pause","https://news.google.com/rss/articles/CBMisgFBVV95cUxOOGRBbERDcVZiWEQ3NkkxZGRiaW1uTjRjWXJzb2JvUWFGZ1NKaHphRjFIeC02bEhsMUcxVnlaWG1RYVdRZldVVGI4dlFlTkZTZU9RQ181dVp0a2k5ZlFHMnpKUXNzdldva1lRZWJlU09VdV8zaVFmNTVUQ01yQXZKN2lQdTlNeXpTYkUzVkhxejFWdjZjU0pZSU1FVEdaSWN0c2o1TUFoYzJnQ0lqejJhVUVR?oc=5","Bloomberg","Global","1785150742000"
"Pakistan Holds Key Interest Rate as Iran War Clouds Outlook","https://news.google.com/rss/articles/CBMiygFBVV95cUxQRFVwSE5mUlB2S05LVVZpLVhHX1B1dWlQSjAwTFlmN0xCVGpPTWRKQzd4eFFCYTk2NGtKckJZRHNqVnRTS09UMHh5NXdRQ1IzQ1RNRnNNX04yV0F5ZmtLWFE1Ul9ISktGbVpIWnNOSVNaNWVmb2xNY3hpUHpYVXp5TXUxUGpfT3A4cTR1QXR6SkdIaDJoR0txRUsxN3EzR2NlRW9yaUN0NlowTUVNWTR6blNncVh2djdPeWRIQUpvU1JEWW01cnFQUDB3?oc=5","Bloomberg","Global","1785150331000"
"Iran and tariffs? The political story is prices","https://news.google.com/rss/articles/CBMiuAFBVV95cUxOTWRmMDhxZG02QTk5eU4wZ0ZIQ2NpSDM4bloxYlF6Q0MxSGlWWUtRVFJCV2RqRnZpRnUzTk5PR1h1c0ZqZGFBOGNtUmswVFplWTNpYlNvYWhkX3pSNXk1SDlNVkRLZ1ZIb25qSnpIWC14OFk0STVtYVk3WXh5dUFMOWZyOGV5YUlWNVJGRllSMm1nZkhXQVBSV1NkMk5vN0FuVnZtTFBVQUdRM1ItZFJCeG9SNzRpcWtk?oc=5","Politico","US","1785153600000"
"Seattle Shooting, European Wildfires, Iran Costs","https://news.google.com/rss/articles/CBMingFBVV95cUxQeTFvWFY4X0RQZmUyRkJJZU1uQUFlZ0FkZFFqVkpfa3pKQXRZT0c5a0ZHc0pfX1l2UUxtMFNmUFROU0o0ZzdqTkVRTEFGdHA2SUxsNDVTcFZScDdnV19VRHpBUGwyODBDTmpRUHUwWFF5UVF3Zl9taWNWMUIwbVdFZGxWdklkU2gzaXN0OF8tSEozdlZ2MUJrN3dNYm9CUQ?oc=5","CNN","US","1785153012000"
"Oil prices fall back sharply on renewed Iran war ceasefire hopes","https://news.google.com/rss/articles/CBMipwFBVV95cUxQVGItbWZmZndvS1dvVVdzTVVrWTJ5VS1wRkJmMmliRDV2d045dTZGZ1lnNkVVWkpnVzhXcndVdGdqZm1uUjhEbUJ0VHZ0TjE0NmFST2dGcE5aZTJzTmhxMGVTZmlVUGM5VGJWNUN4dnJ4RC15MkZ0QUppSEdEZExUajlJdWlIOFBQWnR3dF9yODY0UnFpaGwwUjBpV2czRVZIODltLTZWOA?oc=5","The Independent","UK","1785151920000"
"RISKY': US plans to obtain Iran's nuclear material","https://news.google.com/rss/articles/CBMiVkFVX3lxTE9jakJORmJINU1PYzN2MzIwRkMzSWlNMXlkZ09jS1BJQVVXLWptbHNmamM1WWZkWDZHUUJSbm5tX0N5NHo5YjJMMTRLTXRlUUJOOFFTbzhn?oc=5","Fox News","US","1785153634000"
"Iran says no current talks with US, while regional official hails mediation progress","https://news.google.com/rss/articles/CBMitAFBVV95cUxQZ1FSVHhfbGVjVTVhWGZONGdVbnFYMURRUVlqNHZMUjUyUklENFFUQjBmU2k5THZTLTdBdnNZWmw1SWtfMDZVbHl1NE1rRUdEVkxab2RRV0ZOVEVDYU5nMnBGMmYyOXRPLVV4dVJqRG5jQ2o1bmY1NW5HR1hlYWZIM1owVF82Y3NueTU5SDVZMmZYZ2hPUXk0SGU0RDRaOWpGTnYwZy1DRk5nZ003aVhJUTZqemM?oc=5","The Times of Israel","Israel","1785154165000"
"Netanyahu says Iran will be ‘at the forefront’ of Trump talks","https://news.google.com/rss/articles/CBMimAFBVV95cUxQZl85TTdfNGFXMjF1MGVnSXJqZ1FoS3k4akxDM2dsNFI1MF84bVhJZjBINkxDQkJCQnN2ZlVobW83WkM3ejhJM2pwU2sxYzc1eGpzUm9OaE1NdjlZS0RJOFhzUFN4c2drWG9ycEtCOEpwUUExUFB5ZDRRLUdKOGpITGlhbll3VjhiTGtxekhXZ1pxRmQzeUVuYQ?oc=5","Dawn","Pakistan","1785154143000"
"America’s Iran strategy risks a war without an end","https://news.google.com/rss/articles/CBMiV0FVX3lxTE5GNnpoN3lTMkJWWWp1OTgtdlZxQWVjR3ZaV2Nna1hIRDhVYnJ6NFQxelpYVzlfY1VQWHd3N0pocDFIbE1aZURpaWdNeFhtTkt3SHRNS0RwYw?oc=5","The Jerusalem Post","Israel","1785153600000"
"Iran says it still controls Hormuz, not seeking talks after Trump halts strikes","https://news.google.com/rss/articles/CBMikAJBVV95cUxNcGhQRFVhcXRLV3VKNnFrNVc4LVhQd1JNTnF6LUpRbTA4OGNmODN0VkRvMlh5UGprdmlRWlgtWkhVdjRFYWVJQ1cwTGNtM0lqNE9PeTR6RFo2WWxfRmxtR1ptSzFXQ1dSQjFhSFZRSVhTY2R0WXpGMHlGeUdfdl8yQksweHBZQ2h1TEprMTUxSnpUMVRDT3g4dkhFUVFwSDVISWN3VXR5TldDSXNJZ3IwRzFmYzVEMFdqVFRDLUptTGNtNENVOTVWX2VfQk1UOEVoNTZFcnR3X3lkMG9CZ09TblhfSkd6dFp4UFIxQXNxMWlXckNmMXF1cVhtQl82dE5ScHA1c0kwa1RCdmREX1ByYw?oc=5","Haaretz","Israel","1785156720000"
"Americans say war on Iran ‘more challenging’ than US expected: poll","https://news.google.com/rss/articles/CBMinwFBVV95cUxQcHdzVWt5eVdMMy1mYkJmRkhHc2RReFlDQnRqaUhBUHAzMW02VFc0ZUVUbWhheDJCUUEydW1PR3FhTEJwSVVyNU11cGplUWFQeVFkRWVHLVNhXzE3NWhtVnVfOXRlT3UtejJXQi05bE5FRWNWVjJXem1zXzFxWVJJb0M4RnRpNkxyVFpPdTNjWUgtU0g3VV9oRlRITHhqZzg?oc=5","Dawn","Pakistan","1785156470000"
"‘Too hot for you softie’: Iran mocks US forces with Lego-style clip","https://news.google.com/rss/articles/CBMirwFBVV95cUxPM3pzaFFGNGk1R3pTMmdsbzNINUpxQmR6ZXNVRF9mYURSREVxcS1zZ0dOOUNHazlyNUJXSGJUcHhuMk1oVGwwRmJOYXRrS21wNlhvRzhuUGppS3AzQXoweVpSYmRINDJmZVpOQ0RtVlhncGd5dS1qV25rZzZfRkZPc1EzMDNVNENOOHF0Qm1tNVZ0WW5WbWF4MW44Q1lWX0M5QUtPS3EydndnYTNka2tB?oc=5","The Times of Israel","Israel","1785155962000"
"Bennett vows to declare Qatar enemy state, says he’s seen intel it funded IRGC","https://news.google.com/rss/articles/CBMiqwFBVV95cUxNS3VTRXlVOXpzY1cxTVVQRWtOVWpqamQzckltaGFRckR2c2g2eDU5V01UNnFBeDVBVWNhRzdHcWs0M2Vnb2FBaUhKUlNqMVMzelN6M2tNYjZNd0NLSE5OQ1pXcjhMWFpRTzJsOVVqNXlJNHB3ODQxQ2pjTmdkNFRZNjBxV0puLU45cXhLRkhaMlZybVRxejUwdVZfeG0xZmowMW9tV1FZOVZzUFnSAbABQVVfeXFMTjZhbC1FQmhhSG5JQUIzUS1ueFFFa0FVWHN0dVNEQkdVbU5yWnpUSjg0Y1NDbG5iZUZ3T2d3NFZpTC1xYlNmdU5TeFZOSS1FM1lCV3ViSGZHcHlVcnVwQUxyeXF3RDgyTnYtR2Z2VjdaQ2dDRkJCUTlJOGRIUTFSQVJsbUoyWEhXRktSWXhBck0yZlR2elhxQ1lLYUFmR2hzbjFGazhpSFRKX3JIeTdIQVg?oc=5","The Times of Israel","Israel","1785155362000"
"Netanyahu says Iran is top agenda in meeting with Trump","https://news.google.com/rss/articles/CBMiqgFBVV95cUxNTGp1Q2puNVVhbk5lVEtVSlpvbU1jaHlya1BHTjZjV2lpOUdXMlZoNVpUSldmcjdSSzBvOWZHZG9vR09CX3lOdFE4SkxuWW1TUDM2Q1BMeGlnMU9GWmEycjFtNHRGZ1M3bTd0WTVYTndKdXhobGlWR3BONWhJSmI1N3h6S0VTZGpHajFBRV9jY3Etc2JaVlE4V19DWmY5Z0twQU1OWnptYWxudw?oc=5","Reuters","Global","1785156853000"
"Oil Dives as US and Iran Pause, Nvidia Deals, More","https://news.google.com/rss/articles/CBMinAFBVV95cUxQRGszZ1ZJRUZYYmQ1dFliVkVoejlGYkNBY2FOdS1UZ21HSmsydjFwSmFXVDliVENvRTNZLWpYVWVTXzNjNXpZMHBCZ2dTVkZqODlTYkZzOVlnSTRhZnFCWnJLTTBqX3h0ejBUc0ZQLUEyN3l1cmNYd21uaEphRmRxVG1mVUNFNFRaM0sxcHNqMVhRSWxya1dNOTJydEE?oc=5","Bloomberg","Global","1785156753000"
"Saudi Arabia says it destroyed drones launched by Iran-backed groups in Iraq","https://news.google.com/rss/articles/CBMixgFBVV95cUxNaWRZREdhWVZkczJxVE5YTlJ5QjV5eU1WamJXY0ZaeUJPYXFMRDd1bXNSVzNTa3IyZVpvVF9lUExoXzhLTkh6ZVJTa3hkc2txenhUSE8xcG5nd3NYMU9GTGlHZ0xrazRhWFhoWVdPZl9tX3p3SlEtRFBXWmIyVXM4Y2hLMHNBMWoxVHZVenhoMVVPSzFvM3EtWnM3NmJyUXFydU1UNWxfMFlsTmpYZFhlR3pEN3RfaHQ3VnFPZXVPUzFpQ1ExQ0E?oc=5","Reuters","Global","1785156702000"
"Here we go again. Why oil keeps tumbling even when the Iran war drags on","https://news.google.com/rss/articles/CBMidkFVX3lxTE5VVHZoblVPeXJ4QzFkM1lLem9mSU5IZWxUQ1BsMG1Od21PYmxmWGtCU0hDOUlNM2ExTmtPN25qN0dpMXZFTHdzSl9JYjdSU205bzhiYmI0SVJ5QnhGaGVnVnZSRVFzVFhaZUVRNENFbnN6ZGtmMXc?oc=5","CNN","US","1785156070000"
"GOP loses faith in Hegseth over Iran war and military firings: ‘He’s all over the place’","https://news.google.com/rss/articles/CBMiswFBVV95cUxQRjR2eEhSeHhScmhRWm1uTWNhTThQV2JpVVFYazJQNzZkQndoam93anZRaE42UDAxSE9aRFgzbDFZeERWZHVxZTNWQzJQTnFUOThmMUxfckNkY19zeGJmbjRBTkFqSGxPOTFMSFQ0QUN0bFFyUzFOOWtyOXMzOGY0NWttWm1COFRmQmRzb1l0OWZMWF83enUtZEQ2eXdHTy0yaWxUajVmVDlscFpkUHZOcExCSQ?oc=5","The Independent","UK","1785157980000"
"Treasury Yields Fall as U.S.-Iran Hostilities Take a Break","https://news.google.com/rss/articles/CBMimAFBVV95cUxNV2JLTkxtYjdXRk5ZRGtWV1M3R1hXMnd5S3JWd0tfN0oxZFVKeU5GQ0xlLWpMNHNvX0piN2JJdGt3SDVkQ1p6U2ZmQ2xGOXo1bm1PRU5ldDd3RW9wcnFtUnN6ODdkNlB1RkJ3MG1wQ3ZESkc0M2hkV3V6X0Ffc2hwY18yX1k2Mi1xVHFSTWtNMTVQVnhrYVNMWQ?oc=5","The Wall Street Journal","US","1785157500000"
"Here we go again. Why oil keeps tumbling even when the Iran war drags on","https://news.google.com/rss/articles/CBMicEFVX3lxTE9JMDN1eGlINUhhdWtJcXdrQVYtRnpOZlBsNWVrX0szdEhpRGNPZmplQmtlU0xUcmNFSW9yV0NzVGZJZjNBS05lR2l6dlM2YkZ3ZnlLd0R3TDZYSDR3NWQ0OVl6bm1kMGRjNk83bndQbG0?oc=5","CNN","US","1785156070000"
"Netanyahu, amid reported Iranian security threat, takes off quietly for Trump meeting","https://news.google.com/rss/articles/CBMitAFBVV95cUxNUXBGY210ZUlFbEVFZG1OUEpxX2xsQXRIaUJMU25WNks3ZDdSM2IzR0pseVpuMV9iNFc1Qk9YdjhlWmJ1eERoNTFtT2lkcG1kc2lqRlNHblB2NmU3WEdpSE1vdjFaT3FjNUJNVldGenNrYkU2RXplcm1nNUl5czRScDV1SDFzdjB6MEVUZFpRQXFQeUNJMkJtckRoVFUzRnY5RlVpd0w5RnlLcnFWbmlEZXZmRnnSAboBQVVfeXFMTnV3LTdlTy1KZUo0OWE0QzctZGRhT21NeTlIejhQcTk1N2hDLV9xT3dLQk1sU3hLRmVEX3BZMW9pb0dibjFxamZWVG1qcmJwcGt0ZG1HN0l2anZ2XzhxQVhaMmhnVTRIRXo0Wjg5dmUzdEVfV29rSll4NnotZ1NjeUdHdzdXV1ZseWx1aFV6NnVYMzdITW5Ud3RPOUdGdW5PU3JfN1pBNlR1ZTRfeENLREd0dktpZ3lPUHVn?oc=5","The Times of Israel","Israel","1785158303000"
"Saudi Arabia says it intercepted drones launched from Iraq by Iran-backed militias","https://news.google.com/rss/articles/CBMi1wFBVV95cUxQV2l0OGEtaGt4aEtvMjFNd1F3YURIaUxyZV9zSXJNdmZHOEpLNXk2b2tDXzZ6bHZqRHRubkQwRDJrSWVWZU5CaFBSQkl2elptVFRjZ3RfNnZQVzRBc2xGYmVlUFB4SDV4VjgwV3NZZHhPUGRsMWM4MktJNXRuMmQ3WUltU2xhTUtjeGE0MEZQMzhmdWdGSkl3S3NKSVplanZBb1VIODZMazN4OFhPSDZmNThQNnBwNzNxOC1INUpBdUstUHQtN2hCNl83bTN4Yk1GQ1lkdnJJa9IB3AFBVV95cUxPb015RU01ZnRvdGx2d01iWVM5bnN3RzNScHNsVkVSVDdxTlIxNEdIY25vcFBYZ0JOTkd2dWdPX0NnZ3ZZUkVlcExseHVjcTZhTk9vS2x1NEh3WXUxWEtuX3JyVVd3aGdybHdodmVMb2pXQUcyczBKV1U5ZWlCVUtiMGl4LWZwOE9nTk5vRzNVRzNVc2Y5QVhwbllaLVFOakMtbUczWGlLN1J1X0NuNkZIelZEbUVhOExEWWFlYTN4ZWtvRkZXM3g0bVlhOWFfTS1JMFFmRURhMUJ5Wjl5?oc=5","Al Arabiya","Arab","1785155820000"
"Iran-backed Iraqi militias launch drone attack on Saudi oil facilities, says kingdom’s army","https://news.google.com/rss/articles/CBMi0AFBVV95cUxOQ0kwTklKOGxXdXZWSkxKTGJ4WEFIYjBYSkVoZWQ0VlRmcEdtbl83VjNBOVJoZ0sxMVlqSmk3dVNxTnNibjJUY3NwQ2poUUdTSVc3ZVR0TjJrX3Y4REFPeUlZWjdoamJxdzdiOE1STjJVZFVtc3NiMUdrcWtWVGphNXR0Tmp0NjM2dDJxbXVoY0pxQ3FLMDBwZjVIWVhqalFMcTBNeG9sV2RwZmpyTmx0SW10cXFOTm5KLTJ2Zzl2VUtsUTVTQTRZQ29GNzI3NURo?oc=5","The Times of Israel","Israel","1785160462000"
"How Hezbollah and Iran used Lebanese schools for radicalization","https://news.google.com/rss/articles/CBMiXEFVX3lxTE1SZE5DbkdtMmRZbmI2dlBSNUZKT0EteW5GMHVTT08tU0x5Vk80ZjYxQktONVRzZ0o1Q29aY255N2t2Wm1sMVcyRFJLTElVRVRjQ0QyMGJMSGFKUjJ1?oc=5","The Jerusalem Post","Israel","1785158861000"
"Number of US troops injured in Iran war exceeds 600: report","https://news.google.com/rss/articles/CBMilwFBVV95cUxOSkNnN3lHYjBITm5HY2xaUWFnZmtHRmlCY0d5SE9sTGRuenNtT0RJek54SWxnMVc1TnNGM05QMkpaRWtWSHh1NFYtblUzZDJwRkRPVUN1a1lxclVWUkxVRWlBSEcwZmVqeWtoMkF6eVFjZGRKaEJRWnBfeGI5Ym1Zek9lcExOU3dUcHp2NVBpRDg1U0Q1Nnc4?oc=5","Dawn","Pakistan","1785158356000"
"More than 600 US military service members injured since Iran War began in February","https://news.google.com/rss/articles/CBMiWkFVX3lxTE9XbFpJZmowWXhfWTlHYmVNV2RwQjdCWVBZVlNETVZJdVFvb29OczZLbmpKVW1vREY0SFVhNDdkcjRSdkxCSDgyX21MZzNWWUNGa0haejl3ZFRIUQ?oc=5","BBC","Global","1785159117000"
"Ex-Pentagon official on concerns of munitions shortage amid Iran conflict","https://news.google.com/rss/articles/CBMiVkFVX3lxTE9URFJsQlMyaXkzUzhHb1VTb1l6dW5zTnNEa01XTlpWT1VBclRwUF9PN2Nwb2JOTlBseXpxQWZwQmxVa0lBb1Z1c01rSnRMalE2MkRiZGxR?oc=5","Fox News","US","1785159969000"
"Iran STRIKE warning: Nuclear deal tensions EXPLODE","https://news.google.com/rss/articles/CBMiVkFVX3lxTFBnQnItWWNHdHlXVHM5b20tTGZKQUJqamhtcS1MRVNIQTZLWkVibXlWVkh5UG9mb0FuQUw3OENoczBpd0RxN01SeEZtTnBwR1FjNVltcElB?oc=5","Fox News","US","1785158924000"
"Sarajevo Film Festival to honour Mexican actor Diego Luna, Iran's filmmaker Farhadi","https://news.google.com/rss/articles/CBMi0wFBVV95cUxPY3Z1QkVOVUdoWHBneUxxQzdQTkE2NEpDZ3dXOFM5WFJXcWhJMHFOSXZDZDFUUG1SaHJkcXBvLVozVjhsWVlxUEhLM2dOekdkVG1McTBGa0s4ZGlySEMxNXRMaXNhZ1NvUUFMajdlT3ZsYXFVbG03NDRUcWdpUlNWOFVkNFBiMEp4MFVfaUVXempKVDZ5eW9HZW5sdF9VcTllSDRwTzZ5S3pGdXBQN1ZaMllSQnVnY1BsNUtacUpQR1ZtVEdadW5PV3hHR0U0QUh5Q2gw?oc=5","Reuters","Global","1785161892000"
"Netanyahu heads to DC after warning Trump needs ‘constant, constant watch’ on Iran","https://news.google.com/rss/articles/CBMiugFBVV95cUxONTZKeDltc1BidU10RHdycGpLNno3a3Q4UGZkbmE0Z0w4TmNJRl9zNVhveU1zRHBsQkhIa0ZTcnY0VENPSWZDNkh3c1lZanBaTU1aQ1plX1NjX2RnUGtPd0tueUNobWFoV3c4dkpTaXBJVzc4bXdQWVUwUVUydGtmUVNURnVBbnNKekQxSXR6d3lfWFZ4NU1wV3FVZktiVkdnSEs2WHY0ZHk1RzUtdDh3cHc4Q09BcVI2ZkE?oc=5","New York Post","US","1785161400000"
"PHOTO: Iranian pledge revenge against Trump amid lull in US strikes","https://news.google.com/rss/articles/CBMiogFBVV95cUxQVXJQdjVTMkd3QTgtTXQyMURwdDN5bkQyMlhRd0R1YjZ5MkpMOUpqNExhWTc2MDVhMDc3b2F0cUsxSjJfaE8xVGxKdHFDZXB2VnU0djJhMTVERlFXT09FelpXTDdlTVN5RlItQkZzTl9ZVlAwa29VN1dnODdvb2trVVoyRi1vUm9GbGZlODB2VTdtVWNVaU5LaFdicVFZdUU0c1HSAU5BVV95cUxPakNWalYxMWNKVE83RmdVYnFnckJMdDlpaFU2Q1FfWjBEOXJCR2FtYTIyTER3b2hDV1R4cy1RVklGQ2dRU2hCUl93bUJOSFE?oc=5","Dawn","Pakistan","1785161224000"
"At odds with Trump on Iran, Netanyahu heads to DC to seek agreement where he still can","https://news.google.com/rss/articles/CBMitwFBVV95cUxObVRnazVBR1NLNV91VzVLdUhxYTlsU2JhRXFaRHc2SWxGejYzN3hMZG9EeFF6T1N0WEV4Y1QybEt6RUVkRUVibEo0STItY2N0UUFMTVg3MzZQUHlidkY2TG9iUlhHSWpncXBQSHI5dmo1eElxN0w0LVpiUURoaEJnM2hHd0tCMUJnN0FJQ3VEeXdCQlI0MVNPaUZ4VXhaXzdPZktUNFliRGdFa0xSMFFtQU1SRUNkMHfSAbwBQVVfeXFMT3NNc053eFc2WFdOX3JrZHFNaFdwWFNCenZkUW9sU01lZ2UzOFpvNFJwdVZFaGxqSFdHM2hmVGVBZkczTkVwaW8wRVEyUmJiWVBYa2xaYVVwRDJ3MnRZMUNLby12a2pTX2FMUmhabTdpZ1VRRmxSVExIczhjSnNOVWhnQzRDczV4b0xVUDlZRU5GbTBCU0diVjAxVE5XenZvSHp6WFAxRGtJM2ZHNjI5blRTUnFCREVOanlRTlM?oc=5","The Times of Israel","Israel","1785161197000"
"Fire at Saudi oil facility following drone and missile attacks: Iranian media","https://news.google.com/rss/articles/CBMirwFBVV95cUxOZEh3YXVNakNMVW1td2I1UHIxUGtyR21CWG95ZEEta0tDa2FBRVRpUFB6N2h5YlZudjNiVHVZLWJQZUtrclV5OUoweEF5QUFNcm56RE10TEwxb2gzcVhMT0wyYXYzX0VaWEc5TXNlVVJST2NLTU9IczdrdFpHakFCaVpzektKZnpIX3dwTXJwWFcyZ0NYZmliUWIyVnhRY2s2NkVCV2EzTXBmLVdTV1ZF?oc=5","Dawn","Pakistan","1785162063000"
"Five decades of Israeli covert strategy to push US, Iran into confrontation","https://news.google.com/rss/articles/CBMiuwFBVV95cUxPbnRpQVVRZFpiLUhWR2R2bTd3d3d3c1ZJOHFqX0dBQ3RJSTVaeHMyQmhVc1VJRG1nLThZMXh3RkN4S25Nc1RLczhKRi1IZ0ZZdXl2eERuVWREaE9Jc1lEdEp0blJBV1MyR0pVWk53RjVFSTVCZi1lajJPZjczR3RXejVtMGh4cGhUaVFMQjJQMHJkSWZKbE80cmV5UkJaNHFpUHhqR0U4QnpHR0tJX3BMR2U5LTFiemVZN2xN0gHAAUFVX3lxTE1mSGxsUFhwYkk5amhSYVpSRnA3enFaWXVud1dSTFNMQXJjNG10b0drNzY5RzQ1dUo3WmlraGN5dHJIZ2drTUlZcGV0VGNic29GTzh6SXFRdWx6SFduRTgyVFZrb2NDbWtKdzFydnNXYVY5Wm02N3U4WldkbnJqSVQwUEg5T3BBMGNsZHlKdHNZYkVCMnVXQ2RSRnBoMGJYS3RhWWp4ZG9hTV9TdXdEN2UtcnZLU1dqelF3YXI3Vm9PMg?oc=5","Al Jazeera","Arab","1785161242000"
"Trump to Speak in Michigan, US and Iran Pause, More","https://news.google.com/rss/articles/CBMingFBVV95cUxOX25xdzhnSmM4bDU4YTNXWXZ6eVAwUXBVR29TRkNHYUNwT2VWTUl1WEE1emZJYUJRRWlkNFFfUXdRdVBuZWo0dmpkQ2JQdGNDWTZrbFdNcTIzdjRPTlNadFB0c3RoM3NnSXJ0c0NOSGlyNlJ6NkdzVDhkUmF3TVVIa19nR2xjMFFPU0lYS19yNzNMazdyOGRFMlVkZ0Izdw?oc=5","Bloomberg","Global","1785163982000"
"Watch Oil Slides as Tensions Ease With US-Iran Fighting Paused","https://news.google.com/rss/articles/CBMisAFBVV95cUxNRzRVempfVjV0NEcxYW9VZkJLWHdwQkE0V2RmUVlGbF9SSUxOVWhad3JDbFRMa01VUkxRM1lSMEJMdWp5LUJPQjlxTnFVT2NCY2dzUWJyaE90STZjaFoxR1VoanpmNHdSZFp4cHo5bjRNUXh3THlkelJDNU1JUEFhdmtUQm9DSmlEQlVSel9nVklDNFVuM2lBb1dSM3l4NWhzeUNWVm9QMFFRaWxURFNoTw?oc=5","Bloomberg","Global","1785161892000"
"Gen. Jack Keane warns against trusting Iran on Strait of Hormuz","https://news.google.com/rss/articles/CBMiVkFVX3lxTE5xWXdjWVJ6bGpTMUtERWJKVDdEMXRpdjJoUk1pd3h2bGMtMjBIdkhMX1R1Ql85T3ZXWGpjUEY3eFJibWdMcEtFM0dLZHdsSzhJRl9ySkxR?oc=5","Fox News","US","1785164415000"
"Iran not interested in resuming peace talks after accusing Ukraine of missile strike on tanker","https://news.google.com/rss/articles/CBMilwFBVV95cUxOcXltVm95X0twMTN6T3BLS0dIOHBSVWtWekVCclFhN2FmM1BnZFNFWFN5aFhBMk5zeW5ReEZsRkhfa3I4RnU1dXV6bEhkS0hZVElva0dPYnAxTXFoUEM2RFBITFlzS0JlOS1mVlZmTl9NZVRtU3YwMFVabWQ2NlNuSHZJaERXU3dOeWtVOGE1SkJhODJsV2FJ?oc=5","The Independent","UK","1785163200000"
"Kuwait signs $16 billion pipeline deal, despite Iran attacks","https://news.google.com/rss/articles/CBMifEFVX3lxTFBMMDNXWXVESF9DeHBxN1JiY1pDUHFFdWZpazFGeGxWN3hLTVhwZzdUc0NRVEUxUklHRmlQbTFlQlJIaE4tREFsWVhXUmpiVmhLRWlJRXlnOVNFQm9IeTJfVnhUMHpod3F5S3BvXzdoMExGNmoxRjNzSWw3SVI?oc=5","Axios","US","1785162853000"
"Netanyahu says Iran is top of agenda in meeting with Trump","https://news.google.com/rss/articles/CBMipAFBVV95cUxOeTNvUGROSU91MHlfaWQwNWlVWU5KUnJzeG4zUXZ0NlZQSFd5dGV2eEd3Ti1WelNPTnFQT3EwOUhZcHBESU9DMVZ4OUxFSktCUHlJRkpIb3owLU9xaWdTc3Y0aDg2Y3A1ZjJDVFVtdDZXZVNZZEtmQ3B5WGV3TEwyRU01dFVMMXEwRTZqenNSaTRsaktXMXUyVDBFdVkzS0V2dEVySQ?oc=5","The Independent","UK","1785162780000"
"Trump to Axios: I'm ready for ""strong military action"" if Iran talks fail","https://news.google.com/rss/articles/CBMidkFVX3lxTE16SnRDZDYydVNWMnRSdHM3VldleXNaUUpzRTlhOXk2bjh2RTFuam9GTlE0bjZUYktsVlNtejhvWmV5Zm1ZUTBpdGJzVGtHalRGWlkwQXJ1M0FNOThHYk8zd0hvOUNOTEpSbDN2QlpJVC1xTFZ1Wmc?oc=5","Axios","US","1785165181000"
"Donald Trump: US will return to war with Iran if talks fail, negotiations ongoing","https://news.google.com/rss/articles/CBMiakFVX3lxTE1Zb3lpWUh1N2VCd3pxdUdxOXd5QmZSRi1ITmJLV291RWttSXlmdlhNcFRBQ0xkRXQza1JkUjVQQnR3VUxSMnpnSmRoMnE5NVR5QTlNR243eGFxSWgzY0VTV1plUUphNGVOSHc?oc=5","The Jerusalem Post","Israel","1785165760000"
"Top officials said to warn Iran may try to target Israeli election candidates","https://news.google.com/rss/articles/CBMiwAFBVV95cUxPcjc1VVd0YzlTQ292MGYxRzJhczNzd0F4TnRyRVhUZTlsZXF0Mkc5b2VwNkE4UlQ0RTZ2ektnblY5eDlVY2pQVDdVQkVDUnd6aHl2WVU4dlNKSk5XZi04Zi1hVmNacnBCMDJLV2FGeWJnMnB4RVBzdFJYYmdsWGIzVE5UQS1kaUNlTGd0WTB4MFhFM2NlVXNKU0JTY3RfZGFtMVZ1UGs5UGNNdWRPUnZZTFdmME80TFV6anVoSUhBRkw?oc=5","The Times of Israel","Israel","1785165450000"
"After Khamenei, could Iran target Donald Trump for revenge?","https://news.google.com/rss/articles/CBMiV0FVX3lxTE9NWlNwczZtZjBRRjhnTVlCVmxUNUNIVUNod0c1TFY5TjJVcnZRRXYwd19HVFZ2TEZmMjZ6b3owVHV6TlVGdE9CNjhGWnZwemxzLXI1SFZGUQ?oc=5","The Jerusalem Post","Israel","1785164400000"
"LVMH sales rise as US luxury demand offsets hit from Iran war","https://news.google.com/rss/articles/CBMitAFBVV95cUxNOWxIaXJEWXgtcHdzZjI2R3lwcFdYd1E1TW5QeHF6QkFkMTJRd2FKck9td01ta2ppc0Jaa0YzT0VTOUV4OENwd1lhRVRHT0FMdDNfUUlZdk1FZDVkaUZXX2RhRlVKRTF2elJ2RVR1elZxVE1GZDhZS3VEcVJLYW9vUURySF82c0hKYjhsVXJId2VUcmNKVTBzQ0phd3FaWkwyUVhvYUFUekR0djI5M1d0b1BFMTE?oc=5","Reuters","Global","1785167263000"
"LVMH Fashion Unit’s Return to Growth Held Back by Iran War","https://news.google.com/rss/articles/CBMirgFBVV95cUxNaWZwWm1pUzN2bnN4TFBYVE1tU1RLUDlCRF9jZkg1ZE9pLUNmUXJVTUVOOEpqUTZ0VENveGRVZ2VORm9BZjZtTlBtVHAtNk5ISVVDWkNhY1U2MlZmdWtFdEtkWm9wTHNrd2pWbjZFblNxTXRBem8zRnVQVUg0UnNldXk0dWs2RWxKMGhaaFNzM3hvM1AyTVh3cnppSlhVVGpSUVdvZXNqTEs0THRrT1E?oc=5","Bloomberg","Global","1785167131000"
"Trump says he is ready for military action if Iran talks fail, Axios reports","https://news.google.com/rss/articles/CBMiwwFBVV95cUxPNHNmNWt0aXlJdzB3MVVnbUhaOXkwZUhkWlp1RVF5YnpxU2t6R1c3b2VDM3h4LXh6cXJoMHU1RXg0SjU1MVhQMDc1a0tlbFRyYmY4VWFFWFRSRF9KZU91SjViZ0xJX2tCYVBtQ3E0N3hvRHVFOUdqOURqU0puUFdGWTV2c2FnTGZvR3N4NGwyZm44TG5JM3h6NU1BX3VpZW5remg0U3dJam9WQTJqdUdtaXZ0cGt3bjVETkxsOUc5d1N4VEU?oc=5","Reuters","Global","1785165849000"
"Netanyahu Says Iran Is Top Agenda in Meeting with Trump","https://news.google.com/rss/articles/CBMijgFBVV95cUxNbC0tMFdtR28xXy1neGZZUmp3UlVSOF9ObXpsbWsxd2ZkZF9fQXhHRHBBMTJPOU5XY2gyYXZ0M01FRVVzUlQ5Q1ZXV0xGMU94ODByUW9JT0lqeGFnWFFPSGtsMnFIVnJrUE1WVUs3NEtlRDl2SEZJQ2hPR0ItU2ZuNjdMcHREbEpDbkx6azl3?oc=5","Asharq Al-Awsat","Arab","1785166208000"
"Trump: 'Very deep' talks with Iran will be done quickly, if they fail we'll resume 'very strong military action'","https://news.google.com/rss/articles/CBMi5gFBVV95cUxPNzl3YXBMeDhJUjVtY2ZXU0JPeHRPemRzOEJ1a0hqQWdia2Z6eUw5eXJ4UTM0NkRLejJObmE5Q2I2T2NnQ183aXpOaWdGYlJDSFZKYnpOMU1QLUpLOVRhbHB4NG1weWduSHk0NEtsMzR4WER4anRWWFlDcmI2M3pjY2VPeko2RkpNUkFhc0dlTzF2cW9zM1MzZHZmdE1GNkRsQjh1QzFfdnc0QUZPa0ZwN3A2QmNZd1Q4N2R5dWlzNjIzNGdKRHFBUGpDTHl1cUFfVjIyYnJ2b1MwcDBLSDR1RlhvNl91dw?oc=5","The Times of Israel","Israel","1785166162000"
"Trump says he is ready for military action if Iran talks fail: report","https://news.google.com/rss/articles/CBMipAFBVV95cUxOTW9uNk43QnRqZnQ1NVBId0lMSnVvejV1Qm5MYUJsUGFjY2tBdVlTUTljSjUwR1l4ZjhRWmdKUXR0VWM1aENDM1Z3ZDVSZFJNbUl2UzRXSlJhYU9oeXZud1AtV3paLTFCR1czYlVuQTAyVFhudnNmS2h2Qjd0OEY0QVR0RE1xZ2hOaFl6NkZNVklIU1V3VF8yTGxNTEFXOWh1VTBraw?oc=5","Dawn","Pakistan","1785165904000"
"Trump critic Massie joins Democrats in unprecedented bid to sue White House over Iran war","https://news.google.com/rss/articles/CBMitwFBVV95cUxPLUo1Z0xFTFBNYU9GVWppc19SekhTUmF5UWFJRWZJUmt6M1N6eEdRQkE3b3g3WDBKZUxfTWlVeXZYdzdEWlM3aEVwLThkVDRfeTl1SU1OUU82RlBFOS1vQVBITTl2cE5mNWZEc0dWRVV4ekVHbVp5VHNCZjlIZnFpUldBaDE4M05UU2ZhTXR4UjJBRTMxM3N1R3dCbk5LdmlXek9yN2Z0Ym1EMFhCX1h0TEt6eFQ5a1XSAbwBQVVfeXFMUEl0dzh4MW91NnBLcFNHTGhzWk1FT3JPYW1zU2hJQXBKUjVOYlprbzNXUG9QTDh6c2xiU08wS3Uxa1JWczZGZlllU1ZWNF9xeTBhVGtCNVJULVFHUnVkN3ZhbzF4QWxkSFQwandPT0xOU211OGhoSkRSOExnQ0JBVzRiY2p4ZmJMQ0FpUURwaVRSYi1STzh2SDFNbzFMbHBXVWhJUnZGemg0U2Z3amdHdjFjaEttTTh0d0tJbTk?oc=5","Fox News","US","1785166980000"
"The Iran and Ukraine wars are colliding on the world’s biggest lake. Here’s what to know","https://news.google.com/rss/articles/CBMijAFBVV95cUxPRlJyWmtVRDJoVWxoaGN3MERLdXplZ28xOHVzcXAtdUNNV3lkVklJNFRVT1d4US1iZGlfdWNYc21rV29NaEk2azYxMHVRY1p5dEVjXzZqNHZzdHZsSDU2NHVzd3J0SGY2NWdMN0czOVBaY3I1cUY3RUNWUlkwazFmU3lpQ0VjS0phd3VEag?oc=5","CNN","US","1785166895000"
"General Keane on Iran's strategic asset and not backing down","https://news.google.com/rss/articles/CBMiVkFVX3lxTFBWMTg1NzhhMVdIb1NrcTI3RVFnX3FVemM2bWx3ZHlCY2h3YUNCelRveTRZdzNrTmVsSm5COFZEQU1rV0VFdFU1R0pieVFFeU04aWdZdFdR?oc=5","Fox News","US","1785166853000"
"Saudi Arabia, Jordan, and Iraq report drone attacks days after US suspended Iran strikes","https://news.google.com/rss/articles/CBMilgFBVV95cUxQZ0EzU0lQeklPekQzY2tCR0tHSDlxMWZlbkdocEdaSDZvZjhOTVVGVE0xTV9oaWs4dU5pYjYtSWlhZTFwX2F6cmNxNDZTc1FvV3RKNmhUeEduMVd5c2ZyMXVzRkpDMWxpTWxWQUlhNTZoZmNKZVJTVVpxU3FNTW50U3ZqUzdZUUd4b2h0WE10WUN2RTVLT1E?oc=5","New York Post","US","1785166620000"
"Trump: In Talks with Iran, Nvidia Deals Spark Circular AI Fears","https://news.google.com/rss/articles/CBMirgFBVV95cUxOak9wdFpIVnlRbTVqLWFjQ1pjUGpBam1UcEpGTTc3RmJCZUllUlpGOWRPUFZib3Q3MEUtQnZaM000VXlWeDhsZklzejlkUEdhMGZuUzJRMTYxQmw4OEMtZlRkZUZBT1JYeGZwWHFjcmUxZDdWOVd3SHo4Q3BnRDZGVlVkdWdvNHV3M3FyRnk3UGg0M2FYLXgzdkpJNkRpWXBNWXctbTlvQzJ6bG15dVE?oc=5","Bloomberg","Global","1785169506000"
"Iran, US hold fire as Saudi Arabia intercepts drones","https://news.google.com/rss/articles/CBMinwFBVV95cUxNT2U1QWpTZFF3MW5nVUdOV0dCN1VGZlQ0VDQtM2tTNlBiWDZMWDAxUlZoTGVlQ2pKeWZHSjdCa0Y1N243LWZYUEtFa1hHanJVR3laUmJDNGJrWHh5Zlo5eEgwc3JIRjZwNk1mdUM5c0c0YXpEOS1yX3d0ZzhpMVJSc1BUVkF6dmlNbFhlQ01ScDNOM0xTLWNNeFNERmJOeDA?oc=5","France 24","Europe","1785167831000"
"Bulletin world briefing: Iran rules out peace talks after accusing Ukraine of tanker missile strike","https://news.google.com/rss/articles/CBMiowFBVV95cUxNV2pQeGpNV1FjZzU0aTZOU2htSFlTQWpveEZKS2JqaWNYbkdUS1EyXzdaQno4MEtwM3lFbnI1d2JzaEQ0a2RCQlhkcGpZR2lNMlFiaW5pbTRlZlVaMHNkOUEzMkxVaDlSb2hjTzN2MTFKLTlHekpKbV90VzU4dmhJOE10cWtwNW9DUjZsR0xwNHI1eGZNcWw5X1J1SlZDYTAzNHBV?oc=5","The Independent","UK","1785168900000"
"Saudis Blame Iran-Backed Militias Based in Iraq for Drone Attacks","https://news.google.com/rss/articles/CBMimAFBVV95cUxPeDQzTGViYjZGWTZNdHl3S3NWUTZTcjNHcXhrS3VFSWs2bWpRNFc1LVR2aTU3ZXNiOG5IZTYxNjBYUEhEMjB6M1JHTmRaa1NiSHpNeXVVSlZSTnYzdFBJWHhvdWxpQXBmZmFIVzFORlpmMVJrbWZRY01JaDRtSG16TUdiZUpCV0pxckVJNWViMUNIblBIaUtvbw?oc=5","The New York Times","US","1785168464000"
"US ‘runs out of missiles’ as Trump halts Iran strikes","https://news.google.com/rss/articles/CBMipAFBVV95cUxPRTVVTlUyWDg2WFR6WDVVVmpiTlpJUnUwOGNja1RRcWNSOGlVM2ZzbGVWU242RjZXcUdfU25HbzI4bWJIeUxVc3N5VVd1NjhPdlk4QnAzSmd5SF8xWk5Hb3RGWGt1YjN3UFE5dUh3aXFYNTlBajY5NkhfS2VzSjhnbmNvSEI3SjZHT052Z3FSOUNzYldVMHBsZFd1VkJ5NFZsUklRNA?oc=5","The Telegraph","UK","1785168360000"
"Iran: Currently no negotiations with the US","https://news.google.com/rss/articles/CBMimAFBVV95cUxQeTRiZGdSWjRXak1MdVcteDd3OEFONWZOSG5iODBhZFAyYXgwUWM1UU9jUUZnTDRTVUhYTmtrUXNJQ0dKa1g4aS1zQnd3S0VqRExYdWI0WWRjYVVXanZQQXZDa1RRaUZwZWxueEVXX0tjVk94YnBNdG15cFdmV2REUmY4ZlBGQXNOd2hrbThoRnlfakN1c1JGadIBngFBVV95cUxNWXlMX09KWGdacDZBOGlWbmNxRV91UFdWWWFRU1pIRGM0cTlidklHQUlRNDBOUHlGM0pmeS02WGNhZWV2VlJ5d2lFTVUtdEtIRTRJVFlfZUxIRTBKTGZMYzdjaTk1QnNmeGNzU0RlSl9vRkxWdllsNDJydXNUWlZ6QUctOV92cDFXdG81NTVpT1ZJaTVvVXpxbkVibGh3QQ?oc=5","Al Jazeera","Arab","1785168645000"
"Trump says he and Netanyahu are 'pretty close' to being on same page about Iran","https://news.google.com/rss/articles/CBMisAFBVV95cUxNV1VwdEpSbmxjemItdXBpNlpfV1dMeGRPTEJMNlFZNTdMMWlEeXB6WlV4QmhMamZSTURPVkE0X1M0MjEzYUlyN3QxMTNwcEgwWWtZX0diRHRZSWtUb3QyNDdKMmotY2Jnd0RCMkZTWk1SOVhSMkJwQlZ5Njk5WTJsV3F5UVdvaTVVRmp3QXhrZ0xRcWpITlF0ZzZ6ZmxRYjRvdnlRelFNS2QxcFZoX1ZPZg?oc=5","Dawn","Pakistan","1785170572000"
"Trump claims Iran asked US to pause strikes","https://news.google.com/rss/articles/CBMigwFBVV95cUxOZHotRDZaOGpmcFE3bXFyXzQwMU0xMDY1T3ltMjAwWW9VWkdYMjFxN0p2QXdnSUxUNnRGZmt2X3hDSVhZTnVqeVIxYUdGdUt6LUZ3NmVQVmxkbGJVWkIyTjRxcDJ1X1VhVGM1bUhNbWI3by16VjQta1JSSXRoZFRidXN1cw?oc=5","Dawn","Pakistan","1785170175000"
"Trump says Iran has requested meeting with US","https://news.google.com/rss/articles/CBMihgFBVV95cUxOeFRGLUlvdUUwZGR1YXNOZTNFOVdrS2xDM0x4ekxBbG9qWHNhazE3WWJONURFNG9lUF9Vd1pmNldVQnFhWjJDVV9QMVFSVTFfVnNMWTJEV0NEUEJ1ak5XQ3BQd2tLN1ZQd09naHFtUG5UbXVScXp4NnVxbGRVVUJSUjNFeTZqUQ?oc=5","Dawn","Pakistan","1785169994000"
"Iran expects Russia to deliver ‘serious response’ to Ukraine’s Caspian Sea attack: Envoy","https://news.google.com/rss/articles/CBMijgFBVV95cUxPRUpBcHJQem95NEVCWGpkbG04RjQ4SnhoX3ZYX2pRaE9oY1FQVUVWbVRITkY1QXRoS1dtQTJJZmFwcDAwd19WdXJZb1k4akNZLW9heEQ0OUdzbmg3YVBzM0x1bnFZcmxnUFU5UnNNZVJQZ2xQWWZHNTFEdzVYQ0lyc1MyOVU2ZUNTdFdHck1n?oc=5","Press TV","Iran","1785168420000"
"Trump says US is talking with Iran right now","https://news.google.com/rss/articles/CBMinwFBVV95cUxQZzhaOE5EZkZWdTRDZlhoaTUwempUc3g2QnpqSDAxM0hCeVNCZ190UDZTcmJTU2pWSHBXWTAzaFdtclJqR0VyZUN6NTVLakxmTHdSdk5PRXRhalZwNEhQSDlRSXQ3LUoxa003SWVvVEJpMjFGV2IxSGJjVWg0VHROY0pqVUROT0RxNmJRYTdrN1F4bndKa19vd051VzhwTHM?oc=5","Reuters","Global","1785170623000"
"Ukraine dismisses Iranian threats as Caspian Sea strike directly links wars","https://news.google.com/rss/articles/CBMiWkFVX3lxTE9HRjdTMDRNclRXSG5namNtRk5NQmdmVDF3OVc0TUowbWhkYmM2bG9uM0VCSG9xR0ZiTkkwaFFjaks5b2cwalJ0MU9tMGZJNzZpQkpNcUJzX1RXZw?oc=5","BBC","Global","1785169985000"
"Iran-Oman Talks Focused on Restarting Hormuz Shipping Traffic","https://news.google.com/rss/articles/CBMisgFBVV95cUxNanBqclVxcTl0UnJkYjFmcDBSNGZvOVktTXlrMVpKRmVwMFA5NEV2dTVvR3huaGFpRENiS0UxbC1aYlhkWkJUbFJyVW1WQmVwWVNvUnlhWTI0RkgtYXBuTXN4YVBZbC1GRnBmTW1zTzhtUWlzaVdUSkF1NGVUZURiNWFueWttTkdSTm5KZlYzT0o2Y2Y1RnRMYU1LMzltWndHZUhSZTlGeFVETW0tajc2Zjhn?oc=5","Bloomberg","Global","1785169649000"
"Trump warns of return to ‘strong military action’ if Iran diplomacy fails","https://news.google.com/rss/articles/CBMirAFBVV95cUxPYmlyQkFMZnN6YUY2UzNCQ3ZPaGxiTjI4NWdkSUpYRmpsWmsyampCQjlLY1NZQ3lDbG1uX0YtMGhfMzNYNnNESEhyYlRIbUZGZDRsa2dYeWZDVlVEcWRYLWFHeDVpVFFtWl9wXzFDcUVqRE01MG9vSHRGejNHNjlJdVROLUFfbDZkY0U2NElnUXEzX0FFQ19sSHFaZXVUYjdOckRoYnk3cHVnNWtp?oc=5","The Guardian","UK","1785171720000"
"Pentagon relabels U.S. casualties caused by Iran amid scrutiny of wartime transparency","https://news.google.com/rss/articles/CBMi2gFBVV95cUxNLW96eHBiZ0pvd19qVkZPaENNaFlmZ1BaLVhZQmQ5VGcteE1ZY2hEd2ZqSFdNWmo3UE8xaVBiS2VYTUxSQlBGZmdIcHBMeTVDcUdWN2JhcV9HcXJURHlZR01WQkhRYXI1X1BvRjNWV1BxcW00ZmtBdF9DeVlyc3JDdG0zdHhPcHd1dl9jU2IyQkY2MGlja3Z0czZzUmllOEdhSmJxc00tOTVZeF9OSGxzSFZsT0xYU0xJM1BWOGlnSkZ6TGpqbTFwZFZaMldHN0c5Rkw0ajZMQUo0QQ?oc=5","The Washington Post","US","1785171522000"
"Stocks jump as US-Iran pause sees oil price fall","https://news.google.com/rss/articles/CBMimgFBVV95cUxNY19jQzdCQjJfZjBHLW1IX3YxY1BSMmF0Q3FQOU44RVhEbm1IU1YwTU01MFpCQVVsdnc0U28zSGYzVzMySVJ0aENfdjQ0bl9ITmhyMlotaEFrQTUtV1VhdnFXeHMzR1lrXzFfemE5WGlDZmxZTU5PM2VxajJoMWRrZnkwc0VqMGhzRnhWcjNEZjV6ZUIyS1gtS0hR?oc=5","The Independent","UK","1785170220000"
"Dan Hoffman says US has ‘enough missiles’ to complete Iran mission","https://news.google.com/rss/articles/CBMiVkFVX3lxTE9pcHQyVkg2SmpRelZhUjZEa3dFdVBaNkJuVldEYm0wLXFKcWdwWEJ1c0E0X1JRX0tnNWxXTWVJREp3N24tYXNLaGlTZXhkVHZDbXZSZ2JR?oc=5","Fox News","US","1785169753000"
"Gen. Keane: Iran will not give this up without a FIGHT","https://news.google.com/rss/articles/CBMiVkFVX3lxTE92Q1AzTUdRSkctMjNoc0xXUFRYakk4YVdQZk1SclBsRC1QQlhpTlhOZjR5OHNGQ3U2NFF3QWxoeHVCb2ZCREZOQ2VkWVFsU0w5WmFhXzl3?oc=5","Fox News","US","1785168641000"
"Trump: US and Iran Talking, Nvidia Deals Raise Circular AI Fears","https://news.google.com/rss/articles/CBMirwFBVV95cUxNdEhwelhFSmd2anRBVlpDc1Y0TEQ1dUpNZGY1VDRvc19DU1A3dzAzSGp5Y0NfZGRmSDhuLWYycUlETG1FV1l0UmJabXBxdzZzSkRZYXNXT0dCbzQwNE1Hb1dudDdEV001dlA4V09hMmcxcVNZeVZxU1NXS0JqOTh3MTBrSUpYZU4telZDLTdXQXJlRlNKU1U2VzU3b3lsdzRWakVqbVFpcUZoU3hCUzdj?oc=5","Bloomberg","Global","1785172631000"
"Ret. General on Iran War: ""We've got to either make up our mind to really go in and fight... or gracefully excuse ourselves.""","https://news.google.com/rss/articles/CBMimAFBVV95cUxPdlM2QXZzUFdkZERPWmF6V0Nxc2RfVnVULXZrQkU5SXVqSlFMcTd0SGdyMDNYTTVfeHJSaGZtd0RWOWF3RjBjZy04MVBSeEJ6UFc0MTFzT2xlOExKU3RVMFBJSXUya0tWeUdfa1EtbEpsQWViWldpS0cyY2JoQjYxbFoyV0pLUGY4aFBEQlNxd25wb1U0VW9SYw?oc=5","CNN","US","1785172172000"
"Majority of Americans see Iran war as tougher than expected: poll","https://news.google.com/rss/articles/CBMiowFBVV95cUxPcy05X2NWUlhvNFh0c2hFZlM1dHBPbklkTXE3VWJMeWJLR25sQXFhaHc0Rm92TWQ0QjRVUzF5SlhvYUhCdk5OVXBVZjZLWVY3RmJOLWMwcVdpc1FKR0xnQ3YydEx1eGZyLWYwajhfYUU4V1hiN2Iyck5UTDFHLWJPNEsxRGliREpDV0k1TGlnVGNTZ2lkWjE5TlkwQjZiZy16SEd30gGrAUFVX3lxTE94OUlfOGZ6blM5TENRVl8xVEI2Uk5FYTNpWHFiQWxwV2FLS3Z4TFIyX3hXU3JvODFUYlZ0N2tKbm04RGF3V19wMzJFMnhnS0xDZWZwNWJ3T2xHNGcyOWlHSnh0T1B2M1hDdkdFWVRTT1Y1cEJxY3IwYlpkQUxLdmc2aEdTZTUzMFZDWjc3bEtqMmlwcWdzX2tCck9xRVhTdXhyek5TZlhpYnBDYw?oc=5","The Express Tribune","Pakistan","1785172367000"
"Iran and Turkey trying to influence Israeli elections, Likud MK warns","https://news.google.com/rss/articles/CBMiXEFVX3lxTE5oNXR1TEg0R0pEU3VDYzFuY1YxX3ZkLUpSUWtpbXI0dEd4aDRMUnhnX1R3RVdjVWhQSWJEYWkyalhOUzlCVFQxa2Vpckx6OFZWaVBKUGcxWm0xTGpZ?oc=5","The Jerusalem Post","Israel","1785171962000"
"Trump administration official reportedly says Iran talks are at a ‘serious stage’","https://news.google.com/rss/articles/CBMiwwFBVV95cUxObklSWDRpcHpNbXNyWUxhUzk4YUxsdlk4U1ZhVy1ldFBqLXJ6aVpHdkZIQklOYnI4UWRhdzUtODYyaVJUUGYzTkJWTWY2YzlsQ0h6TElJYnRFc2lxOEVBTENlRjVoS3FZa0s2WjFDblEteE9hSXg1MUNOd2Q4bkluS3NMenZGVk5HNHlWTXk1RVpJSXlUYnQ5UVp2ME1kSzVVelNsUTNfdTVna0ZjSlFRaTZlckZxTm9PZjVoUUN1ZlZZZGM?oc=5","The Times of Israel","Israel","1785173962000"
"All vessels transiting Hormuz Strait use Iranian-designated corridor, shun US-backed route: Report","https://news.google.com/rss/articles/CBMidkFVX3lxTE50NExHR19zN2IwVHZFbjJlRDNJX2Rib29BOHZVQ1FDbVpRdEY2TGMzTkhocmtTZEVTMFpxdFpZOXdrWGZBem9XWWJ6alJPdjNINlUtN3lBU0JDYTF0R1hZNVd6MngtQkM1LXZZZlc0emRwWTFVdkE?oc=5","Press TV","Iran","1785172860000"
"Israel, Saudi Arabia, Jordan, Iraq attacked by drones despite lull in US-Iran fighting","https://news.google.com/rss/articles/CBMitAFBVV95cUxPeW5BYUdpczc3VW1zM08yTDZlUTQ5Yjh0ZGVyX2RQd285T0ZLMldhSU5OVmN5UXlrLVNsMFJRUHE0YU44OTRXSk1INF9Ua3ZtWGNSZkNNNHliMDdZMjR0Tll5VS1mOGJQTmtmRzBGX1JIN2Q5X2c0LUZ3SER5NFJ5TFFkRVUxTFpJYWNhU0Znc3puMjRSM3BoVUl3dmlrWHFHM1dnSFpSMThoRENMQksyNmwxLUfSAboBQVVfeXFMT3BEOXlqelNINXh3XzJUOE1lN2ZjblhsREpMekRyZVczNG5yamlyY1RZT1NxOVQ4d2hEbWJXOGlmaXFsbzEySUxOSDZtR0k3cHdWdlJpOTlGU3BUTngweHBzUmEwS2VDNHFpMXYtUmV5VldRUHNFNDc2emY0N1EtLWVqT1VWM25sV0E1Q1ItZURzTW5GbkdUbEpPdHdlM0tMMDhDSTloOVVjY1NweWo2SWRnZGVGMko0U193?oc=5","The Times of Israel","Israel","1785172765000"
"Trump sees 'good chance' for Iran deal, warns strikes could resume","https://news.google.com/rss/articles/CBMirwFBVV95cUxNdVY0UUhBd1lacHRBa3NKcE9HdEt4TVVoNWRwWTdvazBZTngtMVdPR2dSdUpfVjVYQmg3RzNzVVFKN041RXBfNUJTMkhjdnFxclJwV3lHdFFNNWp4R3FxakJDUjN2VDdEZVlQTkgyRlkwdnQzTGhvRERaekxsQVdjZjkyRTcxOHhranUwcjdOOU43R0xIZExqN1Ywc3RxaW9DU1h4N3l5WjN0QkVLS2xF?oc=5","France 24","Europe","1785174914000"
"Trump Says There’s a ‘Good Chance’ of an Iran Deal Amid Pause","https://news.google.com/rss/articles/CBMirwFBVV95cUxQYnJCY0lVbTFEQVhHYUstdmFpSDNyT1lubWZVNkZPVG9iNmxZTzRKRkV0TjlQcnNaTHY4YjMzLVpVdENMYlFKeWJudWZJaVJHVGl2MTExMGNQVmZrbDlnWVNZWko3dWROQmlRM0hFZVBqdmVfNW9PTjBmMTV5Zmc2WVVreGptVVNyUnFDY0J6WHZWS0FqLTE3eFlzc2Z2R0FfcHlQb0p5YnM1WGV1ZlJF?oc=5","Bloomberg","Global","1785173826000"
"Trump vows to confront Putin over Iran war claim as ‘good talks’ with Tehran resume","https://news.google.com/rss/articles/CBMimwFBVV95cUxPdzJudnRETy1xTXQ5UTA4ZjRxZlN0NjZhNmt1ekhSeGJ0V2k1MVF4ZVdiZTJ5WVdkOWJNSU83eXBxT1hGQzRpc09Ia2E1OWtZNjI4cmxkUk1sZlloRndkSjRhUEFGYm9EUldOc1h2ODk2bWtxRVJaY3h6LXNlX0hQR002Y3YyLTBtMWdkdUYyUnJvcjdScXVPTVM2aw?oc=5","The Independent","UK","1785174600000"
"Two Wars Converge in the Caspian Sea as Ukraine Hits Iranian Supply Line to Russia","https://news.google.com/rss/articles/CBMiuAFBVV95cUxQRkJvOUh4MV9TdUdldGtDelUxckgyaHh0blo4R21EQUVqaFhGWkhONnNXZ2laZjRFcWdMb1lQMkZISW1Xa0kxbHNaVlYwUlRjZDFFNkVfa0lGRkNVUld6bDEtS0g2S0drYkpGQTQ4RjhsVVZGQTZsTWxWZl9JSDA2RWZHTmhHVFE2ZzdOWEw3dE9HYnF4akJTV01YRE9oek1HcEVYZnVDcDhBNl9BUkZkbTdIREFIUzda?oc=5","The Wall Street Journal","US","1785174300000"
"Trump: US, Iran in Talks, Nvidia Deals Spark Circular AI Fears","https://news.google.com/rss/articles/CBMiqwFBVV95cUxQZExDZWJVbUt6eUw2SE1wRTJKU09iSjl4d29SU3ZHQzhQRkxJYkZ1TXVnV1NQSnF5V1RZc3RWU2NrcEVQUldwM1pHVVNsTV9xRlhHOXU4Ylk0VUlhWUFEOW5wMGZ5NTZFSENhRVMzUmJvZExkVkxHWmlfMzM2S0I4TFNuMTFMTUgtRlVybGl1N2FUMTlXRWlOb21ybTUzTVJIeEhpZnp1TUs5SDA?oc=5","Bloomberg","Global","1785175886000"
"US vs Iran: Midterms, oil prices and GLOBAL CHAOS","https://news.google.com/rss/articles/CBMiVkFVX3lxTE5NVGgxU0JDQXJScDhvS2c0bEF4NEx0YmtXeDNCYVQ0Vk5Yd3RieW42SkUzTC1OLTVUUWxjNWZMWVhVTWxtbDF6ZXJaN05jaDM0eGppNE1n?oc=5","Fox News","US","1785176511000"
"Wife of ‘angel’ soldier killed by Iran drone honors his legacy: ‘He loved his family’","https://news.google.com/rss/articles/CBMiyAFBVV95cUxQMXlZYkRDVTB6SUY1TEhoNDdJajZ1SmhVSnRBQW02XzZ1UVlyenVFcTFPTlBFcEhQdGVTbVpWaDhIOElVN1U0a0VUbllCeUdoNWJmcFpFR3F2VGFzc3lPSXJBRzFIN2pPYi1VUjY5cVJWb1JQRVRWcEc1SUtUeG1BNUJxT0dYQ3ZrQlhacUV5eDRKWWIzUi1kSTlDUUM1cUptVzVTa2s1dmN1OEVzTUpMQmlXSkRjOGplempwNXd0NU1iRUNiWjNobw?oc=5","New York Post","US","1785175740000"
"War on Iran: Phase II: Day 16","https://news.google.com/rss/articles/CBMihAFBVV95cUxOMjZrVjliUFlqWWxfeXoxNXRpdG9VMTR6ZVlPdWVNT1I0VVlUMTlJaTRhLVAwNllTU3NEV0tXWFVkTU5KX09QRml6NUE5NVlzNWFMamV3TVB0aWdXNzRsY00taFhXeExscDZMMjJrdjF1S1hSY2hLNWlOYXV2YVM3eU1LWVHSAYoBQVVfeXFMTURfRG9zbjV1MVRwY0NnQ2d0RlZDdmpSbkJIODBRWTZaZ0lJOVFUS2daMVRuREdwaGtDVUVJX001b0htMDdKTWFJTGhWeTVUQUVWMXlrSTVzWmhvbkdyWXMxa2JRclNETFZRZk83OFlRQ0ZuTk1qVXVfUFJXU2U5MkxZc24zVUZVU3FR?oc=5","Al Jazeera","Arab","1785176339000"
"Saudi Arabia defends against drone strikes from ‘Iran-backed’ groups","https://news.google.com/rss/articles/CBMiqwFBVV95cUxQSXZGTnZ2RnhBekJ0YlhrVldXbTZWU3JBekE2MENuWWdUcVNwWS1QM3pKSGM4WEp0WXQwLWRBQWJpYThMY0gtSjR5aW5TSmtrR3poLW82SWpSN2FDYXFlbnZaNXB4WUNmV3ZXYnRDQlNOSlJjSWg0SnFvQzg3WmxPZzlHN2Zkb0xsOGJjMGNfa182SHhVdVd1dEJVTHBKOU95c1dnWHc4LS1GaG_SAbABQVVfeXFMTU15aEJwbVpFVThTVTZMQ3pCU2pxMG04anJ4M3BnRnN5cmVFWnh4ZEpnSGZFTnAzNHd6U3pMSndEZzJEZ1VWOGZ2U2NxNnRzczJMSWNSNVBGRkVPWW51Tjd5a0Z3N0J5WDdUakVhRS03TVFGSHJ4aFRpUkI1WlZPVS1OMGQwRVJKQjJabjJxOWFiN2dJMWhNLUhUNTMzUm51WndDWkpnd3FQXzV0R3FDRW8?oc=5","Al Jazeera","Arab","1785175889000"
"Live updates • Trump says U.S. 'close' with Israel on Iran, 'good talks' ongoing with Tehran","https://news.google.com/rss/articles/CBMi_wFBVV95cUxNVDlTUXBIOFVkMllocFhaRUZvWWNlRU92d3IyS05ZQ3ZRaWdjSDl2SWhxNHpSOVpaMEg5V0p6bG9KWXBFQ2Y5R2Z1RFI2azhiSlFGLVpuOWxUbUNoRWlRWHRRTmt4V2FxT19VclVxVjBRTkhMakRGVng0ak1iV3U5WGY4RDNTQUtjOGFpdXFTM281N2s5SGcySjl4dF9UeUlfMnVMcU5SYnctLUQtN25KbENHNEFEb1lhalB3a0VmaEpSZENMbUJLRGs3U2FrWXhvV3h1U3FiMTBkTGVXYTNyV1gyaWdmeVpHQ3JGZEtlbTV2cDZfaF9xbjhVa19jcUU?oc=5","Haaretz","Israel","1785175020000"
"Israel, Saudi Arabia, Jordan, Iraq attacked by drones despite lull in US-Iran fighting","https://news.google.com/rss/articles/CBMiugFBVV95cUxPcEQ5eWp6U0g1eHdfMlQ4TWU3ZmNuWGxESkx6RHJlVzM0bnJqaXJjVFlPU3E5VDh3aERtYlc4aWZpcWxvMTJJTE5INm1HSTdwd1Z2Umk5OUZTcFROeDB4cHNSYTBLZUM0cWkxdi1SZXlWV1FQc0U0NzZ6ZjQ3US0tZWpPVVYzbmxXQTVDUi1lRHNNbkZuR1RsSk90d2UzS0wwOENJOWg5VWNjU3B5ajZJZGdkZUYySjRTX3fSAboBQVVfeXFMT3BEOXlqelNINXh3XzJUOE1lN2ZjblhsREpMekRyZVczNG5yamlyY1RZT1NxOVQ4d2hEbWJXOGlmaXFsbzEySUxOSDZtR0k3cHdWdlJpOTlGU3BUTngweHBzUmEwS2VDNHFpMXYtUmV5VldRUHNFNDc2emY0N1EtLWVqT1VWM25sV0E1Q1ItZURzTW5GbkdUbEpPdHdlM0tMMDhDSTloOVVjY1NweWo2SWRnZGVGMko0U193?oc=5","The Times of Israel","Israel","1785173547000"
"Are the US and Iran heading towards a forever war?","https://news.google.com/rss/articles/CBMioAFBVV95cUxQNldTTkttQ21XU3czZElOZFc1SW5ETDZ0MXNRRHVwWDhtaHF4amV5eTh2N25JNlBXQjVJbWNYTHAtSF9pemY3R2g0NUhKbE53djhhZGdhdFBpWE1uVXhsVGV5X0pmTEtFcm9VWmJvS1V3cmZwQUtNXy1oUWM3dmJPVjJINnc5Mkd6Q0NfYVEyWUl6bFQ1cUFfWmZreDVUUDlD0gGmAUFVX3lxTFB6anBaWmxRT0NsdmtleFNsOVE1WHpuakpNLVcyRkVzdGVmOHdkYVpLNGg1RElQWTdQeHlqdzI4UG1LU1g3YWJscG9SU0xHTXRIVkJzS01NSG9oN3lDWkRBX21EeXRWZnAtMjQyNnNjQnMzSUEzUFAxQUJ6c0o4a3JPZzQ5MGhFdW1kR3dCSzU4b1E1SHA1elBqajJXalVpTWxhWnAwQ3c?oc=5","Al Jazeera","Arab","1785178241000"
"Trump: US, Iran In Talks, Nvidia Deals Raise Circular AI Fears","https://news.google.com/rss/articles/CBMiqwFBVV95cUxNQWpRb2ZTR1BiQlVURzg0ME90MGlpTWZ0cm5zR1JTQUxrOTZRd08ybzRRVmF2b3FWb01uX3VuR09Cckt5RnlGblFHRFFZU2FoQWNZdVp6VkdmSmdrNmFVbUlXYVZPLVB6dm04Zm1VYXZ5eFJKYXRQRE9Eek9rUnNFaGgwMTAwVTB4S0tSeGRDMUxjYWt0YmxFQzhROU9yZHNFekctSUZhblpXOFU?oc=5","Bloomberg","Global","1785179021000"
"Macquarie Sees Oil Surplus Risk on US-Iran Deal Before Midterms","https://news.google.com/rss/articles/CBMitAFBVV95cUxOcFBtWGdDR2gzR3J0YkdZU2RwZzR3b2JQbUI5SGplNUpQOWEyUHZjMkZ0bDl2RnB3aGhCeWlzWGxJRkRuMk1mSV95MjAxSjVUa3lHZl9MeXJTbmxBVkJfS3FjUmxMNlkxcXJFVkRDNjFDTFdITno3Y2dXcU9IM3RKeDFaVGhkOTBxUEpBYkdZNjJpVHdGWkFDblI4Tm9xQkowa0NGdDlFVkpNZ0N4VWFidTVYX2M?oc=5","Bloomberg","Global","1785177143000"
"Why Trump is suddenly threatening Iran's last untouched nuclear site","https://news.google.com/rss/articles/CBMingFBVV95cUxQeDg3SVY4UWFqa2RlLUY4UjhpUkVmQ29GTUo4ak5mbkV4aHZsQkxPVGlmTlFvRWJpN1dyNV9MRnpTVGFDUElrMEd6cU03N3BpR1c1NjBGWUVqRlI2NExxQjU0TEUwWGYzTWwxWHlEeEZyVnFsYnVsT1NpOEVfOXNpTWE2RlVydTUtNUxnc0dScE5sTnoyTUtyT0VpMEVtUdIBowFBVV95cUxPQWc3ZnhEV3dvWEpEZndEN3JocndaZUk5VGZqUktUc2k4dVpQU1dnVjFLTXZkSllHNE1pbWlxcy0zdHppZ3FCeGdLSFY3NFF6MFJxNnVBNEhldVk4Njcya3BPRnpIR1NPbEtjZThiU1Z3YS10U0pwejRpMFNxVDlCd0toQ0ZZb3JlaGZtWHNvZHJzdTBGVllBVDFiVUNTWjNUb2ln?oc=5","Fox News","US","1785176649000"
"How the Iran-Backed Houthis Cornered Saudi Arabia Into a New Conflict","https://news.google.com/rss/articles/CBMijwFBVV95cUxPeGxuNkNPd0oxM2NINVF0YkhnZElaRmQyb2NLcy1pNC1XamlpUnBsNFJlVzd6OU0xNnlCalA4cTR4Nm1aNXlmcXZZMlJ6bWc0dEhFNUNlSF9iSTlpUkRkWnhja3ZORDM0YkgxUUE5Tm01VDJwSVVBNnFHVEdaSnk5Rlhram1fcjkwT1ZvcUNBYw?oc=5","The New York Times","US","1785175843000"
"Trump says the US is 'having good talks' with Iran","https://news.google.com/rss/articles/CBMiZ0FVX3lxTE83TjFrTjFXQjVTVEQ5eTVIUWc4SVo5bC1pYVA4RFlpaUs0eDNoRUpyUHdqVVdhRDlEVms2aDJ6dGFWbTFRbjdVRGpiRF94Vk5lQVJDZzFsX3RpeEl2SFVEVUxNUlFvM1E?oc=5","Reuters","Global","1785179021000"
"Macquarie Sees Oil Surplus Risk on US-Iran Deal Before Midterms","https://news.google.com/rss/articles/CBMi0AFBVV95cUxNQUF3bUlOTVpuVUFLaW5ZeXMxZVlRM3J5T3RmZ3llSVpUc2pZQ1RGQ2U3eGVtUzFHdzJsQk1VRUxKclpqSm1mYkpIMS1wdzgwcWlKbXJ0V241ay1nZmYyT3NGa3M3Y0hmSXhack5LNkl6Qkw3VWZkVGVHREM1WENZQU9UWkxiQVJkYlB1TVp3d0xrU3VNcmRObVgtTVZwcElwY3RuUGJTNU1HblI4WHZ5cUF6MTdoNHlpaElVOXhjSFg3clp1WGhpWnVHVkdQMk1Q?oc=5","Bloomberg","Global","1785177143000"
"Trump Signals Hope for Iran Deal While Warning of Fresh US Strikes | Dawn News English","https://news.google.com/rss/articles/CBMiugFBVV95cUxQLV90TmZZMmlEZUNubEc1N0laeEZ0R1hNR09teTJabnNNUE4wWVM4a2x3M2M3NHhHcnFkTmVKOTJDWkl2d3BONlp0Tmt2bUs3V19RUTZCdmUtMlR1OXlQVmE5dmFjWGh4a2I0YUlLZ0VuNW1TdElGamVQX0ZlRF9obkNWWGZoaHlGN1JlQTVTbFd5aThJbXlxcUwxaUlLaUo3UTh0bW9MbkJ4WXdWVmphdzU5WC1xODRmVmfSAU5BVV95cUxNaXd5YnQ1RG5qYUJ6amQxdE5QUllSVXRTSGRkZVczdzRIZUFqUzZVRkt1UnFreEZpaFlrUml4ZWJtM3lmc3F6VzdUSk9IOFE?oc=5","Dawn","Pakistan","1785179107000"
"Yemen’s FM says Houthis using Bab al-Mandeb strait to mirror Iran’s Hormuz pressure","https://news.google.com/rss/articles/CBMixgFBVV95cUxQeHozUmoydzhWTkJYVm0zTkxhbWRWWWgyVjg4OVFXekJRUGpsNF9UUEF5NllQbnJVbWZXOTNoNmU3NnAyY1FDRndrNGtaMkllZk9uSGFia3V1NW56SnFFUWdzWWsxRlNrU1B5bFdob3VKTFRrY3Y4c1NCby12bTJpOFkzdGh4dFIycFFKNjdRREZmWDhQOWpVYWxKWlNQTzJyWHB2bjZrS0JJNHZxNjV1akI0VGRfZkxBckFkdnBOZ05RUjlQc0E?oc=5","The Times of Israel","Israel","1785182362000"
"Trump says ‘very friendly’ talks are happening with Iran","https://news.google.com/rss/articles/CBMiogFBVV95cUxPT3BETGRzeTVhS0JMY01hTUhKdGc2cnIydVp4c1cyRlZjYnRGOTgtTjZ5NUNqWDNheVZIM1Y4TUloRXRrNjd0Zkp1RWZaWV9najhNa3lCakdmdy11cHc1U1FodXFJeXZ1WFdzSllCQmF4cW5wQVhJeXRGTWtCS0xTcFZSM3l6c1N6VW5QUzNaalN6SVN0cEpiQnhqUkxlbGRpY1E?oc=5","The Times of Israel","Israel","1785182362000"
"WATCH: Newly-surfaced footage shows late US senator Lindsey Graham celebrating strikes on Iran","https://news.google.com/rss/articles/CBMixgFBVV95cUxPc1BxQnJoZmRXYmxDWEhKOXpobXRTT3lnbHktY0JteVVXLXZkYy1MMG9yUW9vYlNSVFBEaU9neUp5OXFUWnFFWkhnaUhWME5mVmllTTFmUzJtZGZseUwyVXBraWVlX3RQSXFMY1RwbmpQU2lNbktxS1lIVmF3dVhzWG0wdTV5TnJKejN5NUVkNFRTYnR2SXJIZXlOdldmeHg3TE5hcnhHTlAzTlo5bHEwYk9SN085Rnd1STd0eVFBYldDNGlJZHc?oc=5","Dawn","Pakistan","1785178984000"
"Iran War Enters 6th Month and a Period of Greater Uncertainty","https://news.google.com/rss/articles/CBMieEFVX3lxTE9zaTlha21jQzhhSlN1V1ZNVW85ZF9PNV83WGJsOGFqQ2loR3hMMUhfOEZfeUQxbHhQUFRUM3NqWHg3QXVfclR6Q1dOUnJPQTgxM2tYWFFPRGx0Q1hFWTZPZW1tLWc1ejE1TzUtNnpRalVkTkxtUnlzcA?oc=5","The New York Times","US","1785181980000"
"Renewed cease-fire talks between US, Iran see ‘significant’ progress, mediators say","https://news.google.com/rss/articles/CBMivgFBVV95cUxQclVEeVhvazhyTUNzRE1iZmtTNmIyVWhjVGFyU0RmM1JWRHBfZlN6eWhHOFNXOVNMS29kVlMxVjVqZGRaRU1jS3Y4MjFoaFItT0pXLUZLTlBXemtqdE9VWC12M0gwc2lTRGlMeUphRlI5c0daMTFTNXQ1QUE5c2J6dmQ5NDNiaW1iTDI3Zk90cm13LWJ1ZkZPc01tR29UNzBHUkFDUlRWMV8yeHo0b3dVTlhxSE5jbE94YjVRNGxR?oc=5","New York Post","US","1785181380000"
"Just one in three Americans back Iran war, most unsure of Trump's goals, Reuters/Ipsos poll finds","https://news.google.com/rss/articles/CBMizwFBVV95cUxOWUR0ZXhrcU9mZUdqOElrNU1oOFpxV2x0ZWQ2aVFjUkZlZXZHQ0tjUHJ5ZTlaT2NCRUVMY2lCTzJWUTdpRDlDdkRvd1dUb0hzSi1YUmFFdUtET3lWQnBDbzNma2djcUJPVHFPQUZzVDd0eGV5dldEMTdhZlVlaGY3V1diSDZnelFfWTJ4REJDbm1sMThqSl9rY0g3eC1ZQWtsWktYSUd6UHlqX3FqWVptT1M2cEhydGlaTHVaZGZnSkdVNXFNMlBCX0ExTGxjUXc?oc=5","Reuters","Global","1785183512000"
"Stocks Close Mixed, Trump Touts Chance For Deal With Iran, More","https://news.google.com/rss/articles/CBMirgFBVV95cUxNUHRhMTN1NWNQaTJLeE5WanBfZExlbnlOeFRHNUpJS3BIX01JOWJTcDhleGM2Ukt5T0s5djA1SzJrc2hKWVVRSjBxdzViWm93azNEenNGaVlid1RVWFNiaG0xUDhmQUFCQU95NTNrWTJGQ0JJM2xxRDhTZE5rRUF0Xy1EMzFZVk5CUjdJendmeUFvSlVQWFVXX3Zldnl3Mmwxb2FuWWoyanAtYU9vRmc?oc=5","Bloomberg","Global","1785183234000"
"Melania and Barron Trump targeted by Iran in disturbing video encouraging their assassination","https://news.google.com/rss/articles/CBMixgFBVV95cUxNNU5xdHBQSEp1S0VETVJ6c1BaOVlmY2JkakUxSzRWZTFWQnpCd3ZyRlQxYlVwRjNueDRqd0J5UFZiUmRabWp5Wk51SkhJRmpZYnBQbGZFUkZ0T1ZmYVJKdE16clM1Uk5hNHB1TkxFN2NWWl9Sb3Z5NHF5czVfZ3VBRDVSRDloYzlMNFJPTUhVVTRZUUw3TTlfVGZjR0VQLWxZS3ZLV0IyMFNsZEs2VlMwWGtsbUpxZllRSTlCVWwzUXBBTVM1WGc?oc=5","New York Post","US","1785183840000"
"Unreleased footage reveals Lindsey Graham’s push for war on Iran","https://news.google.com/rss/articles/CBMitAFBVV95cUxQc3ZQdnZNM3QtSXB1TmZSQlJ6Z3RKWVBYdFI4dENXRVI4Q2FfS1ZLTnhJWWVyWEZwb09UVXQxbVE3WUxWeVFrMTAtM2gtWUNUbkVEX3RMeHpLMzJ2ZDhHb3NvMW93ZjBGcjVMbHRONDlrNkJOZHlYeWJ2VGtqa3hQM0VEeW1Bc29iMER6RlRINjZDSkFBdzlRVWRWOVhaMm5CdWE3RFhrcjk1R2ZKemNUcXV3RXXSAboBQVVfeXFMTmhHVTNJQndKTXFBa2pzT2xQdTU5WE5CQS1BNUpEY2o4ZkUtdC1ldWJCeVZFRy05N3pjZE1HVzNzd2QxRlFtQk51SXhITzJkWGMwWHhrcFduQmdwX2FWb3BGamdCOHNNRkxrbVc3NGlmOUxDUlA1X2RGaUpNQmxNc0ZxRWZDZDZRc0diLVJYZzZWMjlGeFp0UGJmakx5OFBUSE8tM0c4bVBseHlKOG1jTWU5Z3BuUThNdmdn?oc=5","Al Jazeera","Arab","1785183033000"
"Trump threatens ‘very strong’ strikes as ‘significant’ progress reported in Iran talks","https://news.google.com/rss/articles/CBMiswFBVV95cUxNZzV2Y01VblVCVENldEJ4SzdsWDBwS0hqNlBtNTd5M3FaczFCSzgweWJxREpRQm1tc1l2NFJIbEI4NlFtaU5fRG8zZ2FnUzVvaFBnQmNIc19RMGE0UlMxQkY2WUk2QXNaOTVrODR6bmxNS3NKci1ELXpxRG9relpsb0liVDFIWFRQcUJqOEdPRndGdkpiUTQxNFp5ZkFvbFFWZVNrTFhUV1p1TFVsYUNxQUNub9IBuAFBVV95cUxQZ3FlR0RCdXdJYXAySVg3eW5MSlZvck9LMGVSVDhxNlFRTkJybEMtRFJSMVRtYThwQjJOdjBKQlg5SXJCN1NhcmZWUE9fMU51aGNMaEo3aUMtY0h6OE9fU3dfdnBUOTZENkFDSWRHLUlZcVMzdDY3TE9TSWowRWswZTNsRHdMcFNWNGRfOWJDN252cmtxRWFnQkZJVjNvYWswYlpkSTBKRktaLVkydnVrR19TMDFzdFZm?oc=5","The Times of Israel","Israel","1785181166000"
"Ahead of Netanyahu Meeting, Trump Says U.S. and Israel Are 'Pretty Close' on Iran","https://news.google.com/rss/articles/CBMiiAJBVV95cUxNMUtlOVVEZl91eWVpeFhZNjZRU3NGMXdvcUI1NkNLSXljY0NfSG1TZ2hCR1VyWEEtTWs3RjF3QTNKSW5KZVBfYlFYVHMwQ2hEdjNvUUVMWGtVTmJIZkdxcV9sMlV1WTZueTJXUHFzV1VzeDRaamdLaUt6dnVUSXhZcWZBTzJHbzlxalZiQzdlQVZMVzBLNTQ1YnVHSHVNUlc4a2ZuOTByUjRSUFRvbWJEU2YyYUxnNEJidFFPOUtHY3hNUUtBNjctdXJCUmwyd1dNMk1taDZXSFFxM0MtZks5bXN5QWlFTlJ1YVhvNHFPdVRiRVRja3MyV1IxamI1Mjd3TEtlUXRydUM?oc=5","Haaretz","Israel","1785184440000"
"Yemen's FM says Houthis using Bab al-Mandab to mirror Iran's pressure in Strait of Hormuz","https://news.google.com/rss/articles/CBMiXEFVX3lxTFBmUDZQN2w3QzZLT1dENzNsU29sbnE2QmpSc1dLODVuXzNPbGJ6QkN2UlFJbkQ4cHBkRkg5RkpEZXZLRi1lTzlZd0ZiNTRzcmpfNnpTa3h1TERUVjVG?oc=5","The Jerusalem Post","Israel","1785184140000"
"Trump: Good Chance of an Iran Deal, Stocks Fall on Chip Selloff","https://news.google.com/rss/articles/CBMirgFBVV95cUxQenJiRk0wVnU5d2dhUFhSd1A1el9qeS1sS2ZmdGRMSi1WeThoZFRiVnIyb2xteVNPbEJETTY5VTZBNG5yaUs5OVVXd1cyQXRBZnpnSS1SaXFzaWx2XzBaY1VlMEpRSTc2ZHJJV0NLMlJhSlNQNE5SRXdDT2dpM1hIOWtjRllGNVdMZVJhTW1GWlVuSG1iZ0k3aEhCa3JPeXNVSnVpYzg5Vmp4SGpOWUE?oc=5","Bloomberg","Global","1785186129000"
"Just one in three Americans back Iran war, most unsure of Trump's goals, Reuters/Ipsos poll finds","https://news.google.com/rss/articles/CBMivgFBVV95cUxPcmJEaUc4b0UwWHY1NzlsOHBDa2Zfb1dpai1kUnc5Z1k3cTgxVUlTUVVUY20tNnZzMGR2MWtwWU9RbEloZWZEWXctMFdOMWt2S0ZVbHFKUlBWRXIxby1pcEFtNjRBM0VVUDRZNVJ2ZE1uVHdhampTelpoX3Brd0M0X0xiQjltcTF2MHNtcTNWLU5talJGOTNZbGhQbUtwRnZiZDctMVFiMS02am5VVXFvNHJtNDFEQTBURzVCM01R?oc=5","Reuters","Global","1785184805000"
"Trump dismisses Russia aiding Iran claim","https://news.google.com/rss/articles/CBMiVkFVX3lxTE53M2RyMkN4d2o1Z0VuZmd2M24tM1Jwa1lNUDFxbnNCaUtoMnZlQ0VNaWpTZjRIV21Na0E1Tm53Ny1KYzQ1NE52VndYbGxJTXl6ZTNZaUZn?oc=5","Fox News","US","1785186038000"
"Netanyahu to provide Trump with intel on Iran’s Pickaxe Mountain nuclear facility: source","https://news.google.com/rss/articles/CBMiyAFBVV95cUxQc2FzRHhvbW1ZclRzRjFObDgxNGtUOVBxNlhNOFE5MmJ2U2ExN1k1YWtDMkczRmU0dTFRcG1xYWFzOWNZZmxqUFlfaXlpQ2d3ckZrYzRocXVzWGx2WlJfMlNkVWhsOXdQTmRGX19YUHlVemRHT2FVXzFnUTI0Q1JkUG9NV0loWWNmREd1TXI1Umk4akR0UWpSRHdjT1RhckVYeVRqRU9hTTFzY08xZ09CNTB1V0xjWVpNR0ZjdklzcTg2QWFuYTdHMA?oc=5","New York Post","US","1785184440000"
"Across the world, the Iran war is reshaping everyday life","https://news.google.com/rss/articles/CBMitAFBVV95cUxQazVOWVlIQ1R2TmYzSWUwUkRLZGE5OGVGY0FYdW1wY1RWanZ4SUxDXzJ4akUzaTJoejJIUzdYUnMtWVZkR1ZoZEZ2dXN3d2ROTkk1cW14a21ETUxQUlZ0eV9JX1FSa2lCelhKa2lNWXRWR24tWkZCaFFfOC1TQ1BKRENtNWZ4RVBLT2NILWsxR3p1TE1ESVV1SE1EYWtZNW5KbVpGa1ppNTMzb2dYM2dVdDVzbVQ?oc=5","Associated Press","Global","1785186840000"
"Trump says Iran war talks taking place during lull in strikes","https://news.google.com/rss/articles/CBMiWkFVX3lxTE1wcUk5M3JUMm80T1VCcUtKYzRPcmt3eldDVk9QU0VwRlJ5ZFJSdExzQTJBeGpic245Y0NNaXNydE5FWDdtSVVYVENzRncweTNLSGRUYkk3Yy1DUQ?oc=5","BBC","Global","1785186656000"
"As the US pauses the war with Iran, is Trump really running out of weapons?","https://news.google.com/rss/articles/CBMiWkFVX3lxTE1mUTFLRVh1NlRybmVUSXVMaU5OQmtrMk9aVnJ6dElBMHJDOEZwRWotOXYyaUlicDNpUGxraUhoSm9jeUZRbm04ZXZGWndELVV2RGZ4Z3FqdUpQZw?oc=5","BBC","Global","1785186402000"
"Opinion | Iran Is a Hedgehog, Trump Is a Fox","https://news.google.com/rss/articles/CBMiekFVX3lxTFBJVktMX0pDS3E4eWJCbXlmZVZMbUFLVmJYdmtLMXk0TnYtdEhXSFI2eUNpZkdWaFN1LUppNXlhZHgyNlpLT3lJeTBwTzltVXBFOENRNmpNVkpQZGlpY3UySlBObDdNR0w2Z05PMXlMMXN2MW8zWUNQdWFB?oc=5","The Wall Street Journal","US","1785187680000"
"Tracking Trump: Trump appeals mail-in ballot ruling; U.S. relabels some Iran casualties; Trump touts his economic agenda; and more","https://news.google.com/rss/articles/CBMiiwJBVV95cUxPTndXYzRxWGhDQ2ZGdnVMWjhTdW9kZHRiLVE1T1RfNDF5NEd2SE1KeV9oU1NYZTlNZmlWT3dEc1p5SzByb1FPYUF6ZmdHamRjVVBFSExqZTVFTEt5Z2NiX1FVU05ZS0RwOW5VRUxJbERNVTBUSE5VSmVPdEdQTkNrUDFIM1NZNGlST0wydkFIdGNOa3Mzb3ZBdGxVNlRGa0ljblZaSmxhQ1lPT0U1OERVZjRva1B3S0NQcFlWTFBlazgyS2tkYVV3dUZmSThkeXlKWE95clBCT2taaDdfdGk1dm9UUTRrTnJCNjFnVHhmdElzZ0pvYzhCRG1FQXJxVlUteFdybHh5YWd4Yms?oc=5","The Washington Post","US","1785187441000"
"Trump threatens ""strong military action"" if Iran talks fail","https://news.google.com/rss/articles/CBMifEFVX3lxTE9DYVNuck45NVpCcEdqNzQ5S25OTDdDRERYUnVQWmJYTHBacXN3SGVzY2hhZEVrN0czMDNLaDk3MUhiSUdkQnZ2TlVWY0cyVGN1Q1loMGZWUHJQMmR2eDU3SUtRTjBrenY4SzYtTjBxOTYzdVAxUXFDeWZ4dUQ?oc=5","Xinhua","China","1785187456000"
"Sources: Mediators believe US-Iran breakthrough near; Trump waiting until after Netanyahu meeting to make decision","https://news.google.com/rss/articles/CBMi7wFBVV95cUxOTEpIXzZWWXhrSmR6OUJzZ1BQTTdkT1JEc3ZYXzY5bDlTeWl2M2JGcUppb1o2Szc0U2tfOC1KVGVZM1d5YnF3VzQ1WTItQzNzSUhreVk4aW9xTGxWVlVnUFR1S3B0VGZsdVd0dklPWXJvSUExb0ZUeWVNRVpKWE9oU192dUpaLWhUY0pTbEt2eExCVjNLTXZJVk0ydV8tYnRGOTJEVk1qN2pDVE0wUG0zaTVSMEh6NURjVW5vdW5EMTgzc3dNVFNnNWJEOHlxOW9DWU5uRUt0eWU4WWtFUkZaYldPZkN0VVBTX1VYZGh2Yw?oc=5","The Times of Israel","Israel","1785186607000"
"Hopes of return to diplomacy as US-Iran hold fire for third day","https://news.google.com/rss/articles/CBMipwFBVV95cUxOa0N2N21ON2wxYWhKckRPTmNyYVVQcEpxM3JESmtZUExlbXNQLVBSZEFDZWJLSmtuRFA0akoySk9NY3lGbjVkZlR3RkpDQTloMU02bHRfVURqRzRuRHlkWlZrRFY3Q3NLdnA3MXpPRUZ1MExnZXN4M3JOcUoyeFZkdVUzNU9IUEdCUFBJQmVJR05MSVdGX055RUNyWmFSNUVoLUNORFZVVdIBrAFBVV95cUxQVEo5OUYycjBDWVRwNkZVWFRVRG5CVjd1WmdSV2R4cmdaOVk3Mlo3QXh2VktFS0J2TXItbjd1NGZhYk0zZmdyZnNrVjVBMFJrRUJwZk9pMjJMWU5hZ2U4Q0wtX0Q4eXlrbWxGbGZnR0hvZnBacWc5MnFocnlWMVkxYk9IcWNpVDVfdmZTcUVfeURIdEd1eTJ3R21JN18yNG5sc1BtNGh5ajJZWXVi?oc=5","Al Jazeera","Arab","1785186264000"
"UN experts urge Iran to halt executions of 10 men arrested at anti-regime protests","https://news.google.com/rss/articles/CBMiswFBVV95cUxQTDdrVEJqcTFJNmoxcE9XcklFcTdxLUpvYzdVNFZvN01sbEplSDB5LVlWQnlYZUo4MktmRzQzbTJEUktDZ1l2VTFVcDVYZEljeE16QlBQeWtjYmttS3p3VFRrQkw1eEdYdGVFZUQ2dGVNQTRkZkwyVEM3VzB5R2tsY05qNHFXeWxPdm5vWVNIYkJMelZMN3l1bnZydi1IZzlRbjQ2R3lTSGl2RjZvYVlWWTZ2NNIBuAFBVV95cUxPTDRaZHFJOWRDTmpsWTFYMVFYbjlXdld5RWNIY1VHcVBLdFJkLWtXTlRiMHJncEZMMllDS0FvYlM0UjQza3V0OHBNSEhhWFJVLThGUnpRMXRRdU5oYXhwXzBKLW1YQlBVMkFlRG9FV0p2RENlMENkV2tNVWtYUEd2b0lzajA4NWIyLTFPdHp4aXc0QVJGQVM1X0RmbnhESnl1ZHNUVUc5VXlrdnZPd2g4QS01OTJkVk5P?oc=5","The Times of Israel","Israel","1785184766000"
"Trump threatens ""strong military action"" if Iran talks fail","https://news.google.com/rss/articles/CBMifEFVX3lxTE9kODRFN3hqa1JxTGZsdE9hVC1pdkcwT2tQdzVsRmlRdVhVRmp0eVhRZTNyV0xWZFVFZnppUUxlQTRjT3Z1dy1kOWVfUExENElqT1ZleVozbDZIZWdCeERybml6eDNRZlpoM1JlcFpmaEUxeVZYc3FDb0xzZEk?oc=5","Xinhua","China","1785187995000"
"Hopes of return to diplomacy as US-Iran hold fire for third day - Al Jazeera","https://news.google.com/rss/articles/CBMiwAFBVV95cUxNN0hEemhYNUpWUHoxWnRTQjRpU0dVb1FreUo5TG8zcWpia21sN2h0Rmt3RFhjWDF4RExaZm42MF93ZjczM19UaU4zUFhhZTNEMXdjVkVQajJhc3hUNlV3RkVXTDM2ZkJTWE54Um12RGhVUGpiczhQQlQzQ2JpdjZ3VENIaThHeGxybVhZSHhsOUZPN04wTHBINmVUM0VreVJuTGR1UjItSzJmcjh6UGN6MEptZURZSGRSdzBYQ1lEcWU?oc=5","Al Jazeera","Arab","1785186701000"
"Saudi Arabia Blames Iran-Backed Militias for Attack on Oil Facilities","https://news.google.com/rss/articles/CBMitwFBVV95cUxNVkNYSC04dTFHUnFwS1YzR3dTbFdVVHlMekF1Qi05RnhGTUFoVzE1QXF4MlN0ODR2LU5lc2RIUlB3Q0Jnemp3ZmhIX1M2MjhoVUcwTHhCNXQ5RmQ3NjJ2bzZET01BM3hnbWJxN0N0dnh5TDlOdFlrb05JTVVhLTlXRklyT2pXaU1XSVZrcVRtMHdRc0VDX2JBN0N1R1ZaY2YtSVRGNEpabnJEal9oSEExODJKdlVZRFk?oc=5","The Wall Street Journal","US","1785189660000"
"US-Iran Fighting Pause, Kohberger Challenges Guilty Plea, Tracking Storms and more","https://news.google.com/rss/articles/CBMimAFBVV95cUxOQlJCejRXU2RDWEFkLTF4V05DckRUbkpGblEyX05mTnFXaUgwdGZndHVzTlBsSWVtTWxObzMyR1lKa2FsZW9DMk9UbW9xRUJnbjd1NHFMbDdtM05QaHVBOWY4SGxqY0dlRnZFUi1NYnhzVkZYTmlneU50MmhidWplRnNiZVBFNVpFZUc3bFB6Sm03YjJuOXMwdw?oc=5","CNN","US","1785189154000"
"Trump on US-Iran Talks, Nvidia Deals Raise Circular AI Fears, More","https://news.google.com/rss/articles/CBMiqwFBVV95cUxPamxNQjZUbWZ5TjVpUDdnaXowR1dvZEY4bkp3LXplSjVxWG1pZjdhVDJXOEQ1TktWSkd0TlpLbVVlU2pPcVQ3MVotc3o3dHNaY19xam96a0FuLVdSZUZCZks2Y0V4Q3hKcmFlR0xldnlaUWdndFp2N2hKbXY3M3V6SE9VR05YYzBTcW9GOGRva1ItZklYTzlfM0phUlFpelFkVHFfdzhhVVBrNjA?oc=5","Bloomberg","Global","1785190588000"
"Houthis pushing to model Iran's Hormuz control in Red Sea, Yemeni FM says","https://news.google.com/rss/articles/CBMiuwFBVV95cUxPUENSU3cxZnhXQWVEQ0VlbUlCX2U4V05HS1RqcTNqSjN3dHhVc3duLW9lNzdMSWhsWHFXSWEybzhOOU1GVUxqeHBISVUzVUFVbE9DNmNqYS01SlV0bmtYTmQ3dXBIVXFKMWZJdkpua0xZUmxWd3NqcFBHSGtDM0tILVN6b2lDZzFnTk1tY1IwWFRpTElycEwwLVpGQ2I5WVhDdHhFN1NaMV9RMXdPbmxIYmFsbzRGSzlFNWZJ?oc=5","Reuters","Global","1785190420000"
"Oil Extends Decline as Trump Says in Talks With Iran to End War","https://news.google.com/rss/articles/CBMinwFBVV95cUxNZW9WcjJfZUxrSWYxRjlpeFpDWkJvRWVrb0FGVGhHMU1GUzJualF0VDdXTV9IeC1sZ2lUZ3BMSXdhYnNtdEY3N3J3djlQVHpzWGRRVDFYM09GV2lSRV9NWmRlajJKSmtrMGoyTVdlZEtocHNZSnlCV0QweTRCSVppU1lqV2twNWF3cWhraUNaVEtGWWhIZGtQSklRc3lPSXc?oc=5","Bloomberg","Global","1785189744000"
"How Ukraine’s attack on Iranian ship in Caspian Sea blurred the lines between two wars","https://news.google.com/rss/articles/CBMiXkFVX3lxTE9WcDhOSWhQU1hOTEVoMUFYaWt0X0RIbnRYcml4a0xvREV0V1VFRVA3UjlFcHp2VFN6d1d1c2xmbkVDaV9ldWVyR1ZVYnAweEtRNTFJY1lQZkRGejNPZUE?oc=5","Arab News","Arab","1785188235000"
"Just one in three Americans support Iran war, most unsure of Trump's goals - poll","https://news.google.com/rss/articles/CBMiZEFVX3lxTE9Qb080aGJNLWQwRnZWdDE4X1BmNGstbUh0QkNOM29DRnNLNWNhTzFfdXEzM1Vmei04NTVQZjA2eWpXeHE3ZmgxR3VCQVMtQVZ6NjJ1aTRaX3JlR2VzTVE2aVBkWks?oc=5","The Jerusalem Post","Israel","1785192398000"
"KPMG Halts Work in Victoria, Trump on Iran Talks","https://news.google.com/rss/articles/CBMiuwFBVV95cUxPS25ScF9SR3RjQjRTQVlOd0tGODNHZFdzU3QxSFZrWU1zbVBVM2FfWTlpSUppVWNNb1k2cWN4MGNwVl8xVTF2M2FDa2xuVUxRRjB3MVRRb0xDTk16X2RVYnc0THZ6anJNaHhOdDREOEQ1Rk1ZS19SMzFsUjMxME9vaUlLWjZqeFhtT1FSZV9ZUk50MEFiWHVvcUw3YmNWNXN6aUp5LVlkT3o5NlZmZzlxc2thMW5DRmRiTHJR?oc=5","Bloomberg","Global","1785191919000"
"Trump: Iran Talks Ongoing, Nvidia Reignites Circular AI Concerns, More","https://news.google.com/rss/articles/CBMirwFBVV95cUxOS0daSTI5TjVnbFY1Wi1CdWd3QnhnOWgySWxUcVVFRXZ6WGxxYXpucmdjUkJSVTZLZTRocFB4cnF6RWF4MnFwUE1saTZ1R2VmNERWRkszQ1BkWS16RXVsWXFuRzZnR3ZqQU1TV2txd1I2QllJSEItUjA0RjNwV0hXNURMREtxemw1azdVdUxlYlVSV1ptVHZaWFBOQkNRRjJlR0c3T0RGY1U3VGhtQ2JJ?oc=5","Bloomberg","Global","1785193849000"
"Only 1 in 3 Americans supports war against Iran: poll","https://news.google.com/rss/articles/CBMifEFVX3lxTE03LS04SVdrc0JxNS03d0w1dUdPN0k3SnEtLTNnODlzZ1l0cXMwMF8ycVhMNG9NWjhBU3lsSlI5X3BqQU1rWElHR3hxUzdXS3NQXzBFSWdnWE9pRmQ1RTE3RG1VZndzeWs4UE1lMGQxUTFZdW13d3pLSkJVVWs?oc=5","Xinhua","China","1785194310000"
"The Ministry of Defense of Russia and Iran are in contact regarding the attack by the Armed Forces of Ukraine on an Iranian ship, Kazem Jalali, Ambassador to Moscow said. - Russian media","https://news.google.com/rss/articles/CBMibkFVX3lxTFBRNTM4U0VWQWJxSHVPd3M3bW9YWVR1NHZMdVhLTXpXTmt2b1FLMzZzVHlmUW5SYXllTm9rWnZ2U1FUR1lKR05NN1d6eFYtTEpCVXhEcnJISDVUdXpMUFowNGtGcUplYlpyVmZoSkZR?oc=5","CGTN","China","1785193653000"
"Gold Holds Gain as Trump Sounds Optimism Over US-Iran Talks","https://news.google.com/rss/articles/CBMizgFBVV95cUxPVU5xMGNWcmdIVm5MYjctZ0VocENFWU5jaDUwV2RZenQyX0IwRnlHd0Iwdms0a1pxUDBYU3VUM2h5bUJEMVBfQ01mRm16U1J0dEVuaWVpcVRxNzJDVFhBRXhpRmRxMUI4VDFMeThZTnQyb0FDbVQ1eFFlbnVGeGpnRFowd0VBbUVSdHREenpVUmZ0cGpySnlQWjU4OEtXX1cxcUtSQmhUOS0xZHBGdDFOREhIXzJPQWthaUNFN0psYkl6dHU1emdTdjNaTVlNZw?oc=5","Bloomberg","Global","1785194505000"
"Trump Backs New Talks With Iran but Warns More Strikes Could Come","https://news.google.com/rss/articles/CBMiiwFBVV95cUxPcXFWSXRwc09MbU5YRHp0SUNjcWQ1eUgwcUxraDlSVmE5dllfWHlRa0FPYXRrY2loNHpKV2cxU05RQ1dOQmg4ckYzeF9IMWlBVkZCWHVvaVlXM1VvY0dQZW5DYkNOMHVFeHNMcWtPd1dCcFBBQmVZQU8yNDdSTTdYYnlzTlhra2JIMGs0?oc=5","The New York Times","US","1785196142000"
"Former Iran hostage warns Tehran treats detainees as ‘commodities’","https://news.google.com/rss/articles/CBMiVkFVX3lxTFBfUUhjMnR4TnNtdm9jbEc1WnhyTnlweVpiT3EtS19STm54SW5Wc2NVVkZYNy1RU2RqRVJkSEVSdFVEQXV1NmdodEZLdWZrM2pyejcyYmV3?oc=5","Fox News","US","1785195827000"
"Only 1 in 3 Americans supports war against Iran: poll","https://news.google.com/rss/articles/CBMifEFVX3lxTFBzSm5lalk1aEhsUVlBX0wzYlVIQ3ZRZHNuZVZKTDlndGlYR1N0cXh2NUtzU3FKYXhrdEhTWlp5VmdoWW50UVRPWEFZN1BSb0xpUG5UYnZKZEN0MmJnY2dYZl9yc0N2b05BTG4tQTVLaE8tdzM3MHoyNXFQN2U?oc=5","Xinhua","China","1785195075000"