headline,link,source,region,published_at
"Trump: Good Chance on Iran Deal, Nvidia Circular AI Fears, More","https://news.google.com/rss/articles/CBMirAFBVV95cUxNbFpxN1JqeDlRSWZYNDNXU3lyRzFkb2RkZ0ZESDRPckpwRGVGam5XTzZTMVpYSXpzSU5BRXFFaXN5TE82SF9NekxoLXRKLVFBZnEtdEpFY2ZQUjhULW81TC1hMkJjTktFTWUzTFlIdmczVzlJUEc2dFRmcEJmZ0IyMS1QT0psamlKU0M2UDRPYUtfYXAxS09sMFRVMHRHRDY1YU4zTkxKdk1VeEln?oc=5","Bloomberg","Global","1785196969000"
"U.S. officials believe sanctions could hurt Iran more than bombs","https://news.google.com/rss/articles/CBMif0FVX3lxTFBKWnotVXlUcGZSMVN3RUNfWFhlY1d2dFFQWU4talV0ZVdZc2Y2djk4bDFnd01tVTZ6VUlUSVFESWs0WjFEamFVdy02d01aMnhtYmVvWTlaZ0xsLTRZSzNWdVVET2VlUGdIdWExZ3paelQyVTlvQXdKZzFuQ1oxdjA?oc=5","Axios","US","1785197643000"
"Pentagon removes 4 troops killed in renewed Iran fighting from official war death toll","https://news.google.com/rss/articles/CBMiuAFBVV95cUxQQlloRGVuQ1g2d3gzSEppRDB6YnZrRmZvY2lPRllyV19HeG8wNFUwVXFPVUxncWFWeTFYSDNja0FQQVE5VEE1NHhuQjdoSno1R3pycHlxenZTVm84Ykl5NWcwRGR6S2pwakVOUmdnZFRIcEtGSHM3R0pCb2RWZDROQk9hd3N0VGp5UWttQk9aTXhOdWlmUnlzNUhaWlVOVE1YS2pFTVVESU42b3FUaFNWNVJ1aXdxTHZI0gG-AUFVX3lxTE1pUTVkYTI4TnFtTGtTQmR5T0YwOXl0NlNMVVBvWll6Q202WVJUNHc2dWlDVmFLQ1VPbUVaVzQ2ekVBcHZQU1R4R3Y0WUVhQ3A2UDVRVXc1UkZkbGFDMU1QNGVyTS1rYkFmUmJ2bEo2Mk5wQkJIYV9wZ0FIRXU1bGVfbFR2czNsc0xhSkZfaVNjN1NuOUtGRmRxWUJ0S2dxQ0xnMnpNaXNVY2lhd2JRbTZFVTNPX19OampSWXRwX1E?oc=5","The Times of Israel","Israel","1785198150000"
"US, Iran trade rival claims over fragile truce","https://news.google.com/rss/articles/CBMiigFBVV95cUxOblRJa1N2dTZFT2NjTEpTWnNQa0htdGdGX1Y0d1NoTEttZWxxRk5NbWFwTEIxZkVtU3dQdGpVTmliVFlKdjR3VU52d1VyV2FMVWJzMzJIajlyb1RLVkh2RjBfNHl1bDU2RDJQZ2hTZ0thOVRqdEVuNmZVdkdZSUNTelBaT1liR3hjOXfSAZIBQVVfeXFMTm5HRmVyZ09XWkc5aTZVaXBfTWk4NHB4NFJwWXVsVk4wekc2VXBXWXU2d1RiOWJJd1VlQV9BNVRVX3A2djBRSEkzZEFhZndibXJKUHVQazRLaVJyRmR6LU5mc0FiX2RXTzU3VWdrNktBMGtmLWRKYUNScWVCVmVTX3VmS0ZGZ1FDQjVPQmVvcThZblE?oc=5","The Express Tribune","Pakistan","1785198782000"
"Trump on Iran Talks, Nvidia Circular AI Concerns, More","https://news.google.com/rss/articles/CBMiogFBVV95cUxQR29Mdk5jRWI3WUwxbW9HN0tkVlltSzhHYVhIdHFmdUVoZEFwck1mUS00V2FtSEQ2RjdaQzFLRnJBcTNnQktIQmtCZ2x2V3pDRldNM0gzUzdTc3JlSXdwdXZiR19Vak9nanJWanBzZ2lEQUtuT2FvSzhvbURLUzZDcGVzell2S1dGTGVvenN6OWY2NnJ2SHRnWXFsTExjeThoUnc?oc=5","Bloomberg","Global","1785201419000"
"Oil prices fall 1% as investors weigh pause in US strikes on Iran","https://news.google.com/rss/articles/CBMiqwFBVV95cUxQSklqTGZRSVh1M0h3RXpnQWVxSFhReTZHdGZtakI4Skh5NGVuZnplUUVYRzRldjVmX2Mzald4bnJFNklGNnZ0QkRTeWhqb29OR2xzb0JVWkFTUEc4QTZBMDV4bU5TOWlMb2RQNE5EeVRuaXJvZE94azM3cnZEd25tTjNTNU9uZ2dVcnZOQnh3eVE4bmIxR0RTZk1Zb3pSNnlrYXdlQWJXOWxJLWs?oc=5","Reuters","Global","1785201128000"
"Houthis want to copy Iran’s Hormuz control in the Red Sea: Yemeni FM","https://news.google.com/rss/articles/CBMiqwFBVV95cUxQZ21OSFg0eEtXNFBJRXlKeVRLc2F6VGMzNHVwaFQzVXY2dERtNmg2SDZhdzZqQklPNEs2TnRrZ3V2UW1DTExpNkVGWV9yVFJkbEFZR3RCbG5NWTVaOUZBNzBSN1B5WFhzWHhSbk1kMGJLUFB4ZHByaDFhS0d1bHU2aEhwaWhnSm90WVJPLURMM2xiZW5BS0VkejJYMXdqU01LRldEQWtfMHg3NDTSAbABQVVfeXFMTXVTMGJ5bkRyekJ4U0VqekhoQXM3R2swOXVUQ1Jqazc2eHpGeGpzT25DRTNBRHhjUGprclUwZ1d6TU13UXVHTDM4UE1WbEVUM1UtRzFqYjY5VzMxMTVhSE1tOXpobm1mYjdPenowZnh4eWhrMXNXX2NsdnFRNnk0bGVVTjB3SXpCb2FwZzRTVS1RMHY1QjVRVHhVOEVKekxaZ2J6YXdTN3d5WFF3ay0yNEw?oc=5","Al Jazeera","Arab","1785200175000"
"Washington, Tehran close to agreeing reopening of Strait of Hormuz","https://news.google.com/rss/articles/CBMiakFVX3lxTFBxbDlqWVU4MElfVjFKcGx5UnVmY0RjaVlWdE9nbUNoeEF0YlNkTW5RUTY3dWRSbGMzdGxKU05GT3Uta3BJWVc5eVdJMmcwcVVxLUJjMlI3c29pX1BtTGZLbURqRTd2dlphQ2c?oc=5","The Jerusalem Post","Israel","1785203772000"
"Trump Sees Good Chance on Iran Deal, China Competition Fears, More","https://news.google.com/rss/articles/CBMiqwFBVV95cUxNNk5KeC1ETG00OVFSd3Z5OXZfSzJGMmxsS2U4Z1Y0YVk1WXFRTllvT2NCWHpTUTJ3a2VVWTZvNDBKZFFBc2FwMGFQQVpwYzV3LWtqaE5ZWXloVHhnOTdyWk1faFpvQ0hFWDhYMjczUXFSM2xjRHM3VEx2TVVLc0VtZm5oRFIwNy1raXZ5REJZc0RSbnN6ZVM1X2x5bXhJYjRoNlU3LVdON2dlSU0?oc=5","Bloomberg","Global","1785204904000"
"Veterans hit out at Pentagon changes to death toll in Iran war: ‘So disrespectful’","https://news.google.com/rss/articles/CBMisgFBVV95cUxPR3pKMUdmY2hVZVA4NndCcGFNdk1lbzQzX2NUX3hxWUxieGJsZkxvM3JZd0hSaHFFRTlPU2sxRHUwQnBaQjl2MW93NGJqQXhEOU5fZ3RneHd5dklmaDc3clVma0s3cVZaR3pWUG1NVW5VYVBQRXcycDczdGFzUFI5MHJpVXZuQ0RSQm00T0tOUFdJMEh3VkZMV1dEcDlob0ptU1czY1BidTJ3cjNTdEhmU0ZB?oc=5","The Independent","UK","1785205380000"
"Iran tops agenda as Netanyahu due to meet Trump","https://news.google.com/rss/articles/CBMiiAFBVV95cUxPcHB3RjJxUndFN3VhN2ltOHdpSzNWTmt0ZzJ4YzVVZkU5MU12dXAyWThDSjA3UFdPSFQxX05KTV9yRmsyaUdVUExaU3hYbk0yeGtOajVHaEhkX3ZiS213Tjc5MnA5empFMURVb1d2VzFBbHVCNUxTYmZWSXVuSTRBank3MHdsbXd1?oc=5","Dawn","Pakistan","1785204846000"
"Trump touts ‘good talks’ with Iran as drones hit Gulf targets","https://news.google.com/rss/articles/CBMimAFBVV95cUxPaTNsZHEwT1BCVmxVZHp2S0VGWjBpTXZwRDFjSHhPTldXeVduREVCN1ljenBxVGdkeG5TdzlidlIzQmZuRDljOFZnNDB1XzhpOE9YTWQ1MW5oMGJyVVN0SnRJdWlMQjZYX3hwTGRTMWl3Q09KVTNkWE8tSVhLOGQ2S0ZzdkpSWDdOR2RjX0FzODhqSjY2VlFyX9IBTkFVX3lxTE5EMmF0UTdoVUxySjlZSUF1REEzOGMwTW5RdUwyeEgwcm12TXVhZkpVX0V3YWFoTGFFY1RLUEhBRDBKT3JRejNBWFdmOTdsUQ?oc=5","Dawn","Pakistan","1785204807000"
"Trump says Iran talks taking place during pause in US military strikes","https://news.google.com/rss/articles/CBMivgFBVV95cUxPbXJ1YUZxTGhaNGpuR1pfN0EwQmRBckJaOV9fWnlCVlkzNjJYZGdnaWF6Q0Mzejhka3Z1dlhHemU1R1FqeVBUQnVTZS1aMDVkRGl2cWNDdzM4TE5Fc3g4OW9xYVZDUF9xS0hRMVVIb1U4S3g5dFNqQkg2Z3dlSWwxMGd5N3pGb3Jtc2h1LUExajVuY0pSMXNvbzZZM1FPdWVzblhITXp6alExZ2RlZzBBaXNoMVhZYVRqOThYdzZB0gHDAUFVX3lxTFBvQjkzUHJKTkg0THExd3ZLdUNRSVpSSGt1RVoxUGJUbjVVRExtYVdnZHBYcFllendlZ2NEY043dHltamtLUVY2NTViSGJ6N2piSEUzeE9VZEp3SkVwcUdWNVJMMUYtQ3hoWDhYOENINjdVU0FqQ294Z1VyOTF3Y00ySDJjOW5VaW0xMUs5QW9LQ2I3QjhWamdzcHJvcndSRk9MZGFKOWhMcUNkTkNzVGNhT2Job3k0cmQxY0JGR0lCUkJQWQ?oc=5","Al Jazeera","Arab","1785206897000"
"Trump threatens 'strong military action' if Iran talks fail amid temporary pause in strikes","https://news.google.com/rss/articles/CBMitAFBVV95cUxNbWVmSmI3dWstVDluZ1lKU3E2VFNLTTFSVlRTeHV0NVBtdG5LZGlJOGFySHMyYjM3SzU0RXpkVDlnYnFUVUlDNDZzMnRHR195b3JvUmYwZjg4b1V5VWRWbTF3alVxaV9jTWtvRGtjTHNhRm5RVUZJRHJNdlc4VWh0eGw0ak5tZGVIYVFQeHNpd2hIMEJmcUpQaDBSTVJMU2ViT0hxY0F3bDZyQ3Y5UEpnTHlMakU?oc=5","CGTN","China","1785206603000"
"‘Hurdles to Pakistan-Iran trade must be removed’","https://news.google.com/rss/articles/CBMihwFBVV95cUxQaFFiWW92ZW03NFljRjQ2cG9ZTzJNOWdPeTNPOS0xRUFienFPbnpXTFp3NGZ0elB6aEJxZ0s5cnNvMk43S1ZzbnNOR2gxeHc1alJvYzFQR3gyMmlJZGNReWdHWUozTTRrck8wenotODY0QWRqeHh5cW5IWDVsQTdpc0tNYVZSWDg?oc=5","Dawn","Pakistan","1785205612000"
"Iran tops agenda as Netanyahu due to meet Trump","https://news.google.com/rss/articles/CBMiiAFBVV95cUxPcHB3RjJxUndFN3VhN2ltOHdpSzNWTmt0ZzJ4YzVVZkU5MU12dXAyWThDSjA3UFdPSFQxX05KTV9yRmsyaUdVUExaU3hYbk0yeGtOajVHaEhkX3ZiS213Tjc5MnA5empFMURVb1d2VzFBbHVCNUxTYmZWSXVuSTRBank3MHdsbXd10gFOQVVfeXFMT1RpU0pVSWp4TkNuSjc5bGRpQVRaSFFETFNvMzF0blF6dHNFVWpFU3ZqNEl2UUo2cUM2ZzE4bk9qSk1qeDZ4ZENLWUNQYkhn?oc=5","Dawn","Pakistan","1785204846000"
"Netanyahu heads to US for first Trump meeting since war on Iran","https://news.google.com/rss/articles/CBMingFBVV95cUxPOW81c2IyRjNzaGh6c1pzVWVoOW1FWXdEQ040ZzJnYjBGLWtJcFJhQm1mUlVmSUdEX1U3dlBNUXJ3QTNTSllxWWVYNTNkTkpjU1N5SWtmdjItX202QXpUVld5Um8yQzFzU3RBLTRxbW9GOXhiaFk4MjFIcTdTZ0taTmI2YWl1U3JNSUx2ZzhvUzg0ZDhmTDdScEllM2VBQQ?oc=5","Dawn","Pakistan","1785204305000"
"Houthis want to 'copy' Iranian moves in Hormuz: Yemeni official","https://news.google.com/rss/articles/CBMimgFBVV95cUxQdmtaYWdBcUJjQXFkdjVuSGlGMVJjdmtLTk9YWGhUT01mZ1ltU0RBUFdpSnRWTXBwLVVhSWxzVFAybnJLdGRUeWZHZzFFb0dzZlU3QUp6WndYVERUM3pvNEhOSTdwYTZxV202QzBkYjNmdUxrblM3cV9SX0pVNXRjLXVxZzhmY1lhZHdMZVRET25sTjIxRk00eWxR?oc=5","Dawn","Pakistan","1785204206000"
"Trump Says Iran Talks Ongoing, Chip Rout Deepens, More","https://news.google.com/rss/articles/CBMiogFBVV95cUxQbFAyZE1OQm5ablRnWDhNaVR4TUMtZTB3WDR4UmVsdXNIVElfWUVFQ3Z4YmJWRHh1Z1RWLWl0UXFwSDAwTVNuZXZBaTZGY2QyLUtMellZV0Vla1IwamMtMDU1bzdGVjdsdVV6MFNoc3BCTFpfNzJsR2ZkUGJNaGppRkJHN3RndWs2alRScHE2X0s2OUdpUjZTOVMyMGVUNUNlMVE?oc=5","Bloomberg","Global","1785207788000"
"A Misdiagnosis of US Failings Leaves Trump Stuck in Iran","https://news.google.com/rss/articles/CBMirwFBVV95cUxPUzFyODdSc0k2ZEtEdDVKMXlpNTRzY1ppazdNM0RBV2llY0V0WXBfSE1oaUNRV25YWHpMbzBCdl9KdDYxdTBqeXdpcUVnbWVWT0g0a1NuaWs2Mm5PUGxDRXVoWTVCeG5jZ1FmbUdxdXBNRWFlcjVBTzRBSkpfVlo4WXhGNUxsZFRQcEh5SGhENzk5RHYzbUtSbTktcmtnRVpoR3laMGtkeWpfd1E1c0Fz?oc=5","Bloomberg","Global","1785207600000"
"Indian shares seen flat as investors assess Iran-U.S. pause, earnings ahead of Fed","https://news.google.com/rss/articles/CBMivgFBVV95cUxNcnJwazdxVWNUNTFKaldnOVZJaWhXS2gzOWZWanRFb0plaWl6MU8zbDVtNjJPb1hlYWhpWTZBOFZiV21nNmVQSWVEMTJzSDdiRjluTGdoeG83bzBDZ085UWtyT0JacnRXVnFPNzc1RVlPaVNQRHRSZDI3RWxLVUo4SEdySExrbldzYU1mcHpGdUFNMnhRTDZsdFlWSDNKNW1HRGR4anRpU3kwTDVvNnFhWkVlajFwU0pZVmlrekx3?oc=5","Reuters","Global","1785206220000"
"Ukraine’s Zelenskyy set to meet Trump as Iran and Ukraine wars converge","https://news.google.com/rss/articles/CBMisAFBVV95cUxNeHptcGdOZW9lZE9nQTZzSmJKRkdDNXlhU0czU0h1bndHUk81elNXUF94dFJ1RXllU28xUnkwTG9QNmxJLVFVb2RQdEx3d3hKeEZ5RzhRamNfdDRaRkpHeXlHVEVTWlA1aXdjc2JnQUJBaXl0OFktbTZyZWRaT1dRZUx2YTdycElmM3RBMlJoSTlsRjUxTzA2WDhwV1VMdUNtcmhXQl9GaU55LTF6OUlZaNIBtgFBVV95cUxOTDhZX2VxejVINERBY2NGZ21VS2dtV0lFM1hhaXd5SWd2ZC1zTC1NbVN5Vi1HVXBTT185SUNUODU1SEZmVFpvTUw3S3pjbHdVa2ljQmx6aVNHZ0I0LUxLaGRDMlpaX3huekQ1NktwbXNnTmtvd0JObllGMHdtMnNmdGNZMHFVeDZnRWZsbnNVVWRQTUpfb3pMd0t0Q2JqU3poeGVSdFZubEVvT2h0eWJaYjc0aURRQQ?oc=5","Al Jazeera","Arab","1785208950000"
"Live Updates: Latest from Israel, Iran, and Middle East","https://news.google.com/rss/articles/CBMif0FVX3lxTFBfYnE4bnV6RG95b19XMi04ZzV2a195dUU2bU94aHFjYnAwdWNQUVlHU2hvOFE0Qm1rV3hQclVVdy1ZaC1jbHI0elJwWV8wamVBajJydUlSaDYtQXRPcUNNbjM4emZTbDREcWpLRXNMTXJDRFNwTVkxMjhyZjVnT0E?oc=5","The Jerusalem Post","Israel","1785207605000"
"Iran war live: Trump touts 'friendly talks'; Netanyahu arrives in US - Al Jazeera","https://news.google.com/rss/articles/CBMiyAFBVV95cUxPYld0TW01WjFwcjRvQzlGdVFweERpdzFvUjBnUXhRaWxyR3pTNktOY01fQ3FON1M1Vk5kRGRrOVp6clI3Yld1bHd5d1BNRjJkYnFWeWJsc3hOMm5hNnBWYmtsWEplZjl5ZWwtXzEyMXI3N1ptQ3pZRnZUX2hBblJRcVVsenljRFhtSnNVV19Od2otWHM2XzljQUgxYzhhLTJlR3p0bGc4WTk4eElHdkNuLVp3RDRGdUM4M2M4Wnd1RlZ1RW4xTHp0dw?oc=5","Al Jazeera","Arab","1785206208000"
"Iran war live - Al Jazeera","https://news.google.com/rss/articles/CBMi0AFBVV95cUxObnlwZzMwdEJ2ZGpjNmNyMWVFTG5oNmdjNGNscWtsVXlpNjFKZ0VSMzJyeEVQMTRzNnJnZEIwUEY5SFpkSzlWdHhSNGsxTy1lTThjYWc0d1hjakdZOWZlQkYwZ2U2dFRYZEhQeHRZS0VEdlc2ZXVIMWdwdUtBVjhoN29vaFZBREdaeG5QUW9PaDh4bVp0cUxHQ0xuSHgyM0xKOWFjTUxQQ3RwMWtkak02ME94VUhGaFczUUp3ak9iRmFoeWdKNDZMVUg1SUpmZ1Q1?oc=5","Al Jazeera","Arab","1785206208000"
"1. Iran war live: Trump touts 'friendly talks'; Netanyahu arrives in US - Al Jazeera","https://news.google.com/rss/articles/CBMiyAFBVV95cUxPSTAySWoxQ2NSQVVteTVXQkU1TE9pVDlPbnZyVGIwaXlVNDBjWmhtdUpsRUhlS05kVF82MjVJOW5Jb0JlbFozUGV4WFhuZWpkV2xCUFhuZDlaaXZXNF8ybVdnMEZoUTRmVUw4VkI4Vzd6YUNQaFFBYU1uOTJwSldDN21yZjVkYVFiMWNvYmVqM0RUZFFIczJvYTdnNWdGYksxaHlwdEdUaHB3R0F5VWt3REpJNFh2OXVJVG5qR0JLQl9Yc1lCckh3eQ?oc=5","Al Jazeera","Arab","1785205936000"
"Over 600 US troops wounded since Iran war began","https://news.google.com/rss/articles/CBMiiAFBVV95cUxOMTFjY0JjbUVRZ1N4dnR4R2NMT0xzRWVXYW0yMkNmV1Z3MURSWEtma1RDVDU1YXBydWRKc05YOE1zUWVEQUhVeVhkNHdqWVMxRExZbnBuX3dEUUxkQUVsTVZtNWc3cHVPVDJjUU1XZjZKd0Q3NWF4Zk1UWmM4MEl5dS1pX0tibjFL0gFOQVVfeXFMT2JLYnFZeHpDUUdFOHRHUGNGLU1UeF9sYmpLNVVvNkdNRU5mczJwRkNSbDNvOFBiXzFSZzA1djBHSXFCZkduUVVUMFQ4ak5B?oc=5","Dawn","Pakistan","1785209216000"
"Iran war live: Trump touts 'friendly talks'; Netanyahu arrives in US - Al Jazeera","https://news.google.com/rss/articles/CBMiyAFBVV95cUxNaXllRHY4UTRkNFE3YWRJY0ZQWWNibWNLLXNQdTRlUVl3N29FRnI2Q25aR0hYNUF6RjNzN0dXS0drNzBhdnlqekZDcXduMjYzUG9DbkRzY1Q5U1dzZWVMQTVWT1YxemVrTm45YWRyTGxSY2huOTBrVUt0ZmZtaG9ZdG9ydFk2NEJOUXdHMXIzQlIyNVUwQU5oRkZXQXU2cGNFam5kd2xkVEhaOURmU1JSdUowenlwRWZLcURfXzJlR09TRzBvelZ2Rg?oc=5","Al Jazeera","Arab","1785208745000"
"Iran war live - Al Jazeera","https://news.google.com/rss/articles/CBMi0AFBVV95cUxOYWxIR0s2YkhjS1FBcjNfOXUxX0pVOWlIeDNZZW5oNmZFUmh5MklFYy1OcWcza3dydzZxWGs3RVFIYjZ1dEIyZFctTnRhUzV2eEFxQ0xVZEhSRFlyOG5iM3FSYXB1RF81cFB6UmZlMm9WcWtHek9RRldyRmh6M3gyeXNWRXBjMmtUaE5kUHVUeFFNSkx1dnR1SEdDN1lzSzItM2FPeHVPNTlzRl9RUWJ2cjk0cjJHSllHREZlZ0JCc3phQ1k5U2FKQlJYWHJoSzJJ?oc=5","Al Jazeera","Arab","1785208733000"
"A war far from Tehran but ever-present in southern Iran","https://news.google.com/rss/articles/CBMiyAFBVV95cUxOekcyUTVsNmxFRkdaOGJWNEpraHhXUHBseTNDSzBNRVI4akIxMVBBMWdXUFplZTdqdzNmM0F5YmhueU85WHczU2hLbnN4ckdycWNxR0J3NXBqYkMwdm5QVlhHSHlseld1VVRTYVZJY2stek85ZWwxZGJnWHhjdDZSTlFqd0NJV0EwbjNrRkxZbVdRMmJaSG9kWldFRE5yRkNDWmtyX1N6eHp0VzRjU1hZYUtOWEFaTHY4cnU0T2pLaVJrUWo3OGFCSQ?oc=5","Le Monde","Europe","1785211225000"
"Iran’s missile resilience challenges US forces","https://news.google.com/rss/articles/CBMihAFBVV95cUxNRjdxUjFLdm1kMjZXaHZkd1hwaGF1Y2JCS1NrTTlqSkFDMFF1dVFXM2s4czRNSUpTWXZRS2RyWTFSVDBQVGVjeVZBV1BSQ3JZUG9WVlZLd1gweVlVR2dERzVyX0tWTFFOMEN3bnByMlNqX0Z0T1p3QTlJWmF4UURvSktGcHc?oc=5","Financial Times","Global","1785211215000"
"The UAE’s bold gambit on Iran","https://news.google.com/rss/articles/CBMihAFBVV95cUxNVE4yeGs4YmhvOW1uTklMLVVCd2ZRdlY5V0xtclpJQmtkd2hxaUNYWVdsRE5fTGd6YmNXQ1dmZUJKajU5YXIzcVNkX0c4cVhnRVc1c0hZR1ZDYmlEMTJyN1R0VVdMOVFDb1ZXNEhNVERWYmxLZlZvYUdYV3p6OUhpVWZRZEQ?oc=5","Financial Times","Global","1785211215000"
"Iran war: Netanyahu in Washington for meeting with Trump","https://news.google.com/rss/articles/CBMiYkFVX3lxTE5sN0dtOFdwWnpvU09kMm02Z2hkWkNuNkw3SWxLbERVNXQtS0xnNDlxRE5HaFhJN3JzX0hSMG9nNEVyVmhLWkpDVklNb2g2MW5rUG5MTHlIcUJxT3VzRUVRRktn?oc=5","DW","Europe","1785211165000"
"Trump: Iran Talks Ongoing, Circular Funding, China Competition Fears, More","https://news.google.com/rss/articles/CBMirAFBVV95cUxQTktzemNxdFFIY1pxajBDd2h5Tk5wLUtpd3ZsM3N2bU9ZdUNlUi1MUXktYkVQWDdvUUtwN3JobUFEbG50d2pfUEZaZUhONVJWX2Vfd1RQdW51djhyUXhDY0hPVndWTDhWZlpueEdPRHpvNFdLN09YbUQwUS1admtkU29uRDlkU002UWh3VTlwTE1XdkVXbTAtMDhOQ1BPNy1RVTNDOTVjVktHaE40?oc=5","Bloomberg","Global","1785210065000"
"Iran war live - Al Jazeera","https://news.google.com/rss/articles/CBMi0AFBVV95cUxONmRSaTdVQmtYVU5CLWhtei1TZjAzZ3dTRXR6YlBHSUtxcXQyd1dObUdMLU41MldET3haYUpMd2JZTnk2T091a2pUWlllMTdiSmdMX0VqZDJ5U0JBMkRZRU9McWJLRnlBU0hJdjZwdjJCbklHYjYyX1Z4M3V2M0gtd000N2MyUkx2cElILVBySUN5STNpU0NmcWZSd0RHLWtSRmNEdFRleTlnXzhXUUR2N25udnpoWGlucjNYcU5UeTN1a0Z0LTNaTWRFOUhxRGk1?oc=5","Al Jazeera","Arab","1785209887000"
"OIC Condemns Iran-Backed Militia Attacks from Iraqi Territory on Saudi Arabia","https://news.google.com/rss/articles/CBMirgFBVV95cUxQaFBKQmZTdHlNWTFXMnR2emhmcFVoNUFnaVlBa0NDV3d5WjZ4eHl6X3BHVDlsalVGMDFuRmhnaHhJTWJxNTRQQUl4STdKM1lvTmVMSVl5aVYzZHotLUplYWxkanVwazJxcmRaNHNrVlhOZGF1MTNEMk9QNUhSdW1MXzZ0anRRSHdNSmtRQzliQjllcDRLell6Zk5aMjlTVXYtVmZ0MVVULWJQTXcyMkE?oc=5","Asharq Al-Awsat","Arab","1785213654000"
"Iran executes two men over charges related to January protests","https://news.google.com/rss/articles/CBMinAFBVV95cUxPVWhvNTN3RzNPamI5T2JwZ0hMM29GYnhDZW9KTmZuWk1Ka0FFMHB0X212X1l2LTU2TG9aNUZLcXVkTndTMHdjQ3pucWtEYkNuYVRFQUk3Y2tVcEJaMGdsY2E0WnQxaVFaNTE2Q3FyZTlFajhIT3Z6NXRoalNWcEZOa3dlOU1KX2pQV2dzN0tNMGtqTlNQck4zd19kWUE?oc=5","Dawn","Pakistan","1785213370000"
"Netanyahu to meet Trump for more than just Iran: Gaza, Saudi nuclear plan, Turkey on the line","https://news.google.com/rss/articles/CBMibkFVX3lxTE9YdzQzeHM1M0NrSW5VVzZQdXVLZklULVhtWW85OG5aUmY0Z3FKb0NZRVNfQmZpZHNjdHg2VnctcGN3cjVkd1B5d0QtMmRzUTAzdDhmeTVCVHZ3eGdaTFQybXhkLTZ0Nk1EeXE5Rk5B?oc=5","The Jerusalem Post","Israel","1785212790000"
"1. Iran war live: Trump touts 'friendly talks'; Netanyahu arrives in US - Al Jazeera","https://news.google.com/rss/articles/CBMiyAFBVV95cUxPN1lyUlBhdHhrRndqdjg5XzhpS19LYnBSb1c4eFZ3TlptUzlLMDdmbGZtZnp5VEMxajB1N1RLNHRMVFpsQUpUOTZDMFc4ZDVKLWh4T1p1S0E4ZmxDeUpFVGRBWTVZaFotVnVQUFhNWlMybXZ6MzJRS2pTQTQ3eThTaTU4V05OR01BWDIwaVh6UnhTbGtPdndScVhSV2RJNFp6MlJBR0VNYXlpck1OamJvc3B5MFhoLWpSMW5EZjB6S3VPS1RHTm9sUQ?oc=5","Al Jazeera","Arab","1785212654000"
"WATCH: Headquarters of anti-Iran Kurdish groups come under attack in northern Iraq","https://news.google.com/rss/articles/CBMitgFBVV95cUxNdlNVZGRLc2NpaUxnUnF4Y09wVlhwR25WeTlMYVc1TzctTGNwNWtCSTVrSTNOd2xJeXdBY1ZFUW43a3Y3ZW05QTdkU0c1dExKVDhSUm5mel84Z01UakpOelBKTjZjSVpkT1Z3SURmUzVqd3dwTmZESzV2WnNuX1Y4U0FUTjV0d0pzUlgwczRXVl9DbmdJeWpJZ0VnWjByTVdkVDdhWG90VG51QUozMVNMZzFPVWR5dw?oc=5","Dawn","Pakistan","1785212307000"
"Iran war live - Al Jazeera","https://news.google.com/rss/articles/CBMi0AFBVV95cUxQMzRWQmcyU1B0WHE2LW9aaHlRdnVGLUd1ZS03dG50clpwNGJaS05LYnktQ0hvaTF6QzlQaTZVNk1FYUUzS21lZEpxUExadF9iTVdMeWYwRDhLOVZRUVlEMFgzczVyaUZSWHphcUhPaFU4aGdnNEg0WmRodm45M1BtbGM2cmZOdTlEbXJob2dVUjhZRVZIcmhmek90MDdwT2tFYVN0OWVLQ1JOc0dDNW1WX18yRGxEdnVwUGNERVVKZTlpN3BScTB4cGtCUEVZYjZh?oc=5","Al Jazeera","Arab","1785211650000"
"Trump to host Netanyahu, Zelenskiy as Ukraine, Iran wars reach critical stages","https://news.google.com/rss/articles/CBMitgFBVV95cUxOU29yMTU1THpKbENSbHlzS1ZVQW9XY0p1d3dZSk1sWFFtRmljaFNwUGl3Q0JqMTV3X1Rib28zQi0xOHdZMDZoOWRiNU40QThuVDhIZ1FZNERlMTYtQk01dnUyYUtnOC03VjhnbndITDNQNzFwdjZpUWsyaGdJLS10d0lKMmJrakh5S1hKS2xWcGZxcFV0WUZTT2Rjay1ZdzQ4cl9Uc25kaEJqMUwxRTMtUGVMU25Hdw?oc=5","Reuters","Global","1785214980000"
"Marine Traffic says 29 ships crossed Hormuz between July 24 and 26","https://news.google.com/rss/articles/CBMiogFBVV95cUxPek9qT3JtV2NNZXp0QmY0WDhBMWJWSi1RNkQ0T1V0NzJBM0ZCZWptRDI4QkczZjhUdkpoVEd0SWFwbDBvcTJDV3B1TVJMM3d1bDkxMGlUdlEza2g5ZktaVlJnclhsYWZUQWtYZlNNbWtXWHdka3MxRE9vNi1IaU5DMlBjYjNUZ1RRNWhYQzBwYjVXdERCU3RDOUcwY2ZXbVFYYkE?oc=5","Dawn","Pakistan","1785213866000"
"Iran war live: Trump touts 'friendly talks'; Netanyahu arrives in US - Al Jazeera","https://news.google.com/rss/articles/CBMiyAFBVV95cUxOMFMwSE9BODN3Z3pSWXI4ZmtYWGZpWjJzc3hHU25DZ3drdExMZURSVFItb251WUxqa3RmTlhaMFREVFg2Zm82NGRqeXc3NEV1NV9NQm45Sk9scEphYVV1MXdxSl9WQmZVMjRlcWNWbVZKQzJGTUJuUFcybmVERFF2RmN6bmkzWlRZa2xxV3NMaHdDU3V4eDVTSzljTExDMWJpNnZ0MXNkZmhvTm1LUWtaNzU4RHJGTElSa2dWYXdzSkIxZi1vOXBVNw?oc=5","Al Jazeera","Arab","1785213461000"
"Where to kill Melania?' IRGC-linked Tasnim shares video urging supporters to kill US's first lady","https://news.google.com/rss/articles/CBMiakFVX3lxTE1xbFhLV0RpbnBUczZBQmUzaFpBUEVwUlJWZDhWS2xaOTVIUmdUTUtvSlB4bElnaGhQampnVTJhRVJoOUFVMG1aQmM4R0pCX0NSV25CcEJwWWJEUzNHdXJSZUVVWmJmaXYzeXc?oc=5","The Jerusalem Post","Israel","1785217217000"
"Houthis attempting to emulate Iran's Hormuz model in Red Sea: Yemeni official","https://news.google.com/rss/articles/CBMisgFBVV95cUxOdTNQQUotLTJVX19aZGFrREp4VVU5aTNDTFpmRlZudFl6X0w0ZHdFWi00dUZ2QzB3bTJBcnFqOWdqTW9ES1plWk9RdnppRHh0ZmNlYVV4SnIzeHBzMGdPb3pnSEdqcWd1c3ROQVY0ZFJCdTJEeV9XUEQtY2NiNWd1NXhaUHY0MzVGQU1Tc0xoRTBNSWVVSENRQWdsY0kxNFNtZk1oUE5xc0hLV21ZN3FRdVFB0gG6AUFVX3lxTFBzcHNaN0VPekQyMHZaVFhpdG1rc2hORmFVNGRDbEgxZmtpTWN3ZmItSElPOVZQbE5CRlJyT1NSVDhvQ0dTS1EwNVlXTEhkUC0tc3E1SUtrM0Q0RE1QTVlvWHhEX1VmLTVTbURib3NEWERZLWhfTDBTU3hGdDE2dTZoYWkwUXhmcmZFZjZUNk54RUJXa3duNXlnNmxYSjBOM2QybkdNaXBBTGM3aE5YZ0x2TEVsU0ZSQnJQUQ?oc=5","The Express Tribune","Pakistan","1785216485000"
"Over 600 US troops wounded since Iran war began","https://news.google.com/rss/articles/CBMiiAFBVV95cUxQcG1sRXpyVzUyWHpxRENGSjZCS3l0WGhyWmI5MTctZjFOVFRsTUV6OWdrSVVqdEM2dE8zQUgwVmlaWExRZDZwX2tzZUNRT1R4dTJ5aE5SUkI4c3pvbWZwRVFQMUw5RjhVbkFMZEVqaVNudFh2Wko2LTJrN3ZkVGFkNFlvYVlLRjFy?oc=5","Dawn","Pakistan","1785215883000"
"Iran's foreign minister discusses security of Strait of Hormuz with Saudi, Omani counterparts","https://news.google.com/rss/articles/CBMixAFBVV95cUxQRjhRVHZEYWd5aEJick5tT05haTdpX2RsSmRrTkRLUEZUSDRwTGhMTER4UmhZV0dPNkVfZlhEa0QxMXZDVll3bWYxcXdCQl91VjBpUFZoZzJQQzlBQkxDbkFTbTBUcGdyTE5hTXVqaXNmZEZiMTd5bFF1aUkxRXlzSUh1VzJRWmxhRXFXakNWTTZZaVR2dXpIaHBqZVNORU4wSEFjSGJIVXZGV1hkaHNNeEU1eXhfVmNEdTNCcTQyVk9NUVFT?oc=5","Reuters","Global","1785217080000"
"NYC vigil honors U.S. soldier killed in war with Iran","https://news.google.com/rss/articles/CBMirwFBVV95cUxQcE14dkxybDRqb2l5VHZ2N2RjRzJIQ05WVXR1OUNveXljUWlDaGgwWG1ZUUQ0NTM0b0JHMEJMOFRTNUwtdzV0TlJ2SVNTQTgtQ0I4QU90TmNYczdrb0U5VU9lNVUxZ3NCY1ZubkpCVG1ycmYzbTlxdkV0SnI0Q3laYklXWTlLVXg5WDZRakxwaGRWczRXdmMtdk1MWk0zSWJISFBnd1ZPMUNmVVVoZ2pN?oc=5","Associated Press","Global","1785216480000"
"Netanyahu's first meeting with Trump since the Iran war began is a chance to smooth over strains","https://news.google.com/rss/articles/CBMilwFBVV95cUxQREl5cnE0QnpXV1BLMTVBcmVCWXVybjduTWFONjRPWXZqSC16cGZORTkzUk11U0Z5c3ROdnR6ZTl4bmVpSXZmeWpwa1ZiQ1hEQ2p4TWxxSWhoUnMzT0hBZGNsN0hheDhMWGpQeWdvTk5FbWh0bi1PR0N1VDJvQ3dyWHZ4aFd1N2xiNVBrdzF6M1hDRlVka2Vn?oc=5","Associated Press","Global","1785215280000"
"Iran hangs two anti-government protesters in public","https://news.google.com/rss/articles/CBMingFBVV95cUxNNUh5b1FfZVNYVVRWcVktcy02YVhHUkdkbmxKTmdDd0Fqd0pWUzJIS1VfMks5MWtpdHN6SEdIMXFiTV9vSEp0R3kyZ3g0QlZsTjRYNXJxQkVtdEJqRUg4bnQ2cE5NRWJ3Q2NidWlXQzFNLUFSckFUbFdEeEZhR3NQTnhEb2FDZWR4elNWbWR3NGV3Q3N3b25fcC1GN1h4UQ?oc=5","The Times of Israel","Israel","1785219403000"
"Iran discusses Strait of Hormuz in calls with Oman, Saudi Arabia","https://news.google.com/rss/articles/CBMirgFBVV95cUxOZk42VlRLcENFTmNLNUZBVTVWSUI1QUNtZ0lEVW9mWERzVmJWN21kUUJDME9IR1dNREVPN19oNDNIVUN5eERVQmNtVDR4cnNudF9IY3dubnZqUlJqcElGcnZBbW9zUzVrQXgyQ0ptSW05SmpYMVlkbUdjR1BEeVYxYnBLZWFsSVpoUzFrLVduUGV0dUt0N09zU3EyXzRqS2RTS21zc2dCSlVsZ21YZ0E?oc=5","The Times of Israel","Israel","1785221803000"
"Benjamin Netanyahu to show Donald Trump proof of Iran's activity in Pickaxe Mountain","https://news.google.com/rss/articles/CBMiakFVX3lxTE1sakkwRXk0bGg0bjNUQkx4RGJrZlQzMGJFYi15cEJJODZ4cHN3Sjh3R0dMdS1YbWJCQS1OcF9sUVVsbTgzb19LSFViN1dZTkhKVHByVElZOTkzM1dYdnpnTjhhQUJlU3g0b2c?oc=5","The Jerusalem Post","Israel","1785221012000"
"Netanyahu’s First Meeting with Trump Since Iran War Began Is Chance to Mend Ties","https://news.google.com/rss/articles/CBMitgFBVV95cUxNei13SldSNTlBekhZZTRadEdMcTRiV3FYWTNaeDR3Rl8wVlV2VFdPQkJFUTl6ZjNKMTBfNzM3cGlSVjBucXlCU0NRTGhTRTdxZC1QLUtHXzRpY0lXVVI0VFkwd1dmb25na1NPeElRaktYOGIzTEs5ajdBa1FNQVN4Mmd3UXN4NWcwZFI0bWFHaTRjUl9iOHhhNDRHMV84WkVNMHpjcUN5WFAxSUNnT3AzYW96RU1yZw?oc=5","Asharq Al-Awsat","Arab","1785220820000"
"Iran Hangs Two Anti-Government Protesters in Public","https://news.google.com/rss/articles/CBMikwFBVV95cUxPaC1YS0pvdlZuemFjZGFNQWtwdUhhS1RDXzBlbE1NVkRWN2hRTVZUSDZvZUlWand4ejN4aUxPTnI2S1RkT2hOdzdHRDdLXzEzNFdqOGp6Qk1TbFdjaE04UG1vUE1BOU1WQ3hJdDhwLXFWWWU4dDNuNWtLSmFKSjJacnFzRHVqYWJZUTR2MjNLYzZJdzA?oc=5","Asharq Al-Awsat","Arab","1785220212000"
"WATCH: Trump says Iran talks taking place during pause in US military strikes","https://news.google.com/rss/articles/CBMirwFBVV95cUxPQU1scW9udWYycy0xM2REV0JIeTlsRkY2dndGRjR3WVhLbUZWazhLRWdCUVdOSzIyYmZ0a25CcmdLeldFZWR4Nm1uVC1DNXpidUxNdFlfR0hVWWVkeEJDYUpkc0ZqYXdaY3hQU0Z0cWVPUDZfSTFTZDktSGlZdzRvcVpWRXhuVm1GdFJDaVU1TEdkTF9iVWw0LVoyVlVmVzR0bW9BVS1tenRyWWg1cHow?oc=5","Dawn","Pakistan","1785220206000"
"Iran war live - Al Jazeera","https://news.google.com/rss/articles/CBMi0AFBVV95cUxNOWZSdmJVRUtEXy10RHlXMTFvSmxDS1I5QXhuY21HVDJDV1hIMlZxNlo4SURkYnFnVDZSLWZ6b0ZaejBYa0IwdXI1eGQ1ZFJQWnVlNUtwVWtwN292MW1oVFJ1LU45eTV0YVE5X25ib3MxWXd6TzRIMlV3Tlhlbkh1VjZoRVdzR3Z1dUhhcHlQSXZvSkNuRzZMUjdVZ0tQOFdXRFRlYnlUakdJazBkMXp0QnVVeGMwN3pnY0xyVzdzYkVQSG9nMUZZTkR1d1hTbzFw?oc=5","Al Jazeera","Arab","1785218798000"
"LVMH shares seen down as Iran war impact weighs on fashion sales","https://news.google.com/rss/articles/CBMiuwFBVV95cUxOSWtZNHhBdGxBcHdOdXNWNHUyVGVHSHZNYzlUM2lOQTJDNk1lbjM2Tmo1VVhoVGxEckNuUVZBU2QtNkpKNXhEa0VLWWgzNVJCTzQ2WjhmU3NKVkliS1IzeDdPWHlLUTBtZTFKMkFPNHZUSzZhMHdNVEJNNTR2MWQ4VmNWVXcwbkdwdmNLaG01VEVfYUxMbGhmSjM0RHhNcE5MY3k4WkNRa0ZmT2RQdHlQT0pBV29ja1NNY2Nn?oc=5","Reuters","Global","1785221760000"
"Oman presented regional mechanism for Hormuz to Iran, source says","https://news.google.com/rss/articles/CBMisAFBVV95cUxNRFRBNlNicGc0ZnNMeVJWaGRJRjhNNEh6eUpSSHBFcXRGcW5iTkZYbV90Skg4VU5rQ0IwZjRkcmc2YVJxTzVIeFVfU2twSXlnQThKdXhmcURGM3FlakJQVHFwQ2hFdHVlN3Fqd1BMNWVTNVUyYktnTlp5aDg4N0NFWVlIVXp2YUg3bjM4V0RnUjNRYnhOT3Nvdmp1T2FlTUYzYzBzcmNQckZWc0hWOXpNag?oc=5","Reuters","Global","1785221640000"
"Netanyahu to meet Trump at White House for first time since Iran war strained ties","https://news.google.com/rss/articles/CBMirwFBVV95cUxPNjU5NHpDNUxvbFFxaXBGNFpoR0ZlMmRpalV6YS04WXA1N1RINjViaGUxdXgyV043VjlTWENOQlZWVTU5R0tGWnNwYUp2aEFwQkZUdUVoVDdOMkFpSEw0MGY0Z01HQWlQQXpkc1ZERFRmNVRTbkxqbWJOVGxFNVo3cjFjZnlIQ0dKb0Y5M3FqeEs4UnViYjlIWTNCblVpbUtMQzJ2ZnNEX1V1dHJ5ZGVB?oc=5","France 24","Europe","1785221116000"
"Iran war briefing: Trump warns US will resume ‘strong military action’ if Iran talks fail","https://news.google.com/rss/articles/CBMilAFBVV95cUxQVmZjejMyc1NhekdVX085YWRTbW1ST1RwZnlIOEhhZDBCSDg3bkJ0STd1eEF4Nm5RUmVPamJzUUpNZEJpd1p1ajQ3azJKZEFlT2xnY1dQZVo2VVNhQzFBSlgyNnVJdjh6ZVNqQTAxRFhTNGFVdmZsVG1sN0hzR3IxMi15N2dSR3ZWNEtqZWNPVExMa2x1?oc=5","The Independent","UK","1785222780000"
"Omani proposal to Iran on Hormuz includes voluntary fees, has regional backing, source says","https://news.google.com/rss/articles/CBMi0AFBVV95cUxOVWE4cjcwSnRneFFmX0hNN25vLVJqal9RRXVYTlB4QndUNEVoVmxMLUhPSUZkRVl0SUktb2tXbkpjYWpVNktLdEk3Y0YwRmdETnNXRXRMYzhiS0ZCN0E1OHd2X3hKRnY4UUx5b1VPUURIdHdud09KT2lYeDNlMTdmY3IyZHVFM2xJc0FkQWJQMGc5MEVwaGhLQ1dXalpNZVdUaWRrVFhyMnUwRldEUE9VVG44bkVLNXM0eUttc0lHNUd2MV9tMFBFV1VCRFBIOUlP?oc=5","The Times of Israel","Israel","1785221203000"
"Omani proposal to Iran on Hormuz has regional backing, source says","https://news.google.com/rss/articles/CBMioAFBVV95cUxPMWc2Nng3LVI2OXRRWjJkQk9DYnUwWXVaNTQ2NWhIaE1Nc3pYdVdZSENlclpjcmFvZTRrekxVQkN3SXNSQWhqUG0wVm5QS1J6UWs0WTJpdm9lQ25GbXBJOWdCU0ctY19FMXItZkxFalJwYjhHckZiZU9VQ2VjTnlKT3pTbGFCZmplb3YwZWdYOEo2RUJJRkhCMlpFN3F6QTdm?oc=5","Dawn","Pakistan","1785220499000"
"Oil at One-Week Low as US and Iran Pause Attack","https://news.google.com/rss/articles/CBMijgFBVV95cUxQeVExaGxQSUMtdVlHaFd4eFlwLW9JNDhvd3dUdGhoNFF1cXE5ODRJTU9iRWRvRTllaDV0bmhKWEVVTWpDLXp3MFJLd0xla1BHYWs4QnN2ZFZ3S1hoV0F3QlkzT1gtRVpLTE5hSWl4NGhWbWV0VW5IcWM2X3hJMVdwckoyZ0toZVd4bjdtYXhR?oc=5","Asharq Al-Awsat","Arab","1785225393000"
"Iran publicly executes two January protesters in Isfahan square","https://news.google.com/rss/articles/CBMiakFVX3lxTE5tUFZEYUt1QXhESDRkYjh3MU1ldFFvVFo2MUJ1QlVucTRtck1qVno4NjFmdUZJUlp5T3A3dnZNdGZoQ093LS03NHUzTUpyNGVmX2NFUjlQbUNBV0EtbFZBaEpNazlTMmxIc0E?oc=5","The Jerusalem Post","Israel","1785224478000"
"No sign' of a change in edict prohibiting nuclear weapons: Iran official","https://news.google.com/rss/articles/CBMipwFBVV95cUxNVFQzZ3dhOFU2M1JQQWZYY2psWjQ3STBtSGNzeHltLXJ5bi1wcnRrX2t1LWxvNTB2Z2toTV9pTENFc2h3a3RoWVA2YzBmTnlmYjVvUUQtOTJQdFNsTDMtRjF1YXZ4Z2EtR0NjeGRSR29oOGtVVmxWcl9rRm12eDRvejNFTWEwbi1vbE5KQmtWQWJuVWxwcTJ3WjJmWl9NTFU5SjUzLWFvOA?oc=5","Dawn","Pakistan","1785224412000"
"Trump to host Netanyahu, Zelenskiy as Ukraine, Iran wars reach critical stages","https://news.google.com/rss/articles/CBMiswFBVV95cUxNbGhxelpsODZ2NXdoakhEX0hiWGx5VGVvb0VMUFFOMEd1N19hdDR3M3VKZTVrdnpEVzB0ZjVKbmp5eHdCRHJkX1ZSLW1zUXp3dGs0b0FsSFotVk5fdmhjaUtYX2ZNQU4tMWRPcjgzczRKX0M5azU0djd1ZldPX2hpc1V6UUNKXzhIalVyRGp1OWRnazZOcVliMmFNWjBycFYyeXRucldkOEpPbldsTGRWM1c4aw?oc=5","The Express Tribune","Pakistan","1785224368000"
"Iranian government spokeswoman: Bushehr airport has been disrupted due to American attacks","https://news.google.com/rss/articles/CBMibkFVX3lxTFB6clJZbjU3LUJUcUtCZnA3eEpybjMtUE0td0RLTEF4Z3FZeE9xaExMY1F5cE5vdDNJRHA1bi0wSmhjMGdaNzNBU0pSVHZudVBaeC1acjlNUFZMMVV0Qi13b3UyMHRsYWhYZUNKT0Jn?oc=5","CGTN","China","1785223424000"
"Iran war live: Trump touts 'friendly talks'; Netanyahu arrives in US - Al Jazeera","https://news.google.com/rss/articles/CBMiyAFBVV95cUxOdXRYbEM2UVlwWmxNTW5qLW04WEw4bF9ZQjQ5bzBlM0tnRFViTHBTWjJpeUFBTkhuTmU2ZE5ZS2VMc1JmOG5yR2pfMGJOQ2VZSk84MHB6ajF4eE1LRG10STFDZmZtbjhzSnpFNEsxN2NBMmtUcUVsaVBOTVRsejhYTFNCQWwyczE4eFRBeWFaOHFxdFI1LVNsN2pPRnF1cHZFYmVLYjN3c3MzTnA3QWhXYk5WRDhUdXhjREc2amgzaTZMM1QtSW9KVw?oc=5","Al Jazeera","Arab","1785222254000"
"Bab el-Mandeb shipping rises amid hopes of resolution in US-Iran war","https://news.google.com/rss/articles/CBMitwFBVV95cUxPOVRYeklCVkdfd0l2ZjNMQWgwUFQ3RjVqQVVoUWV0ZlNWQTNhYWx2NnJWcE1lMncwLU0wcDhjakQ4MmtLb055cXJyVDZyeWVIVEJ4OEg3Z0tTbXVfTUtjT3NxNHpyWFZicm5DV1plVXVDWHBDZGtlMkdENVNlSkZzTVN1V29sQWE2Vm1YS3JHYTFlVmhsRzYyTHJFMWhQa2NRa1lNUmhJcnBvNzVvUm9BTnJyYWQ3Z2M?oc=5","Reuters","Global","1785223903000"
"Netanyahu's first meeting with Trump since the Iran war began is a chance to smooth over strains","https://news.google.com/rss/articles/CBMiywFBVV95cUxNOVByNHE3Zjk5QU40dHgtOVdudlhyakNWRjhkTEhUUWVMcFI2R1hreUdoQi1wM0pQZGlGLUp6TVZZQUNIdmEzQWplZDZTRzJ0eDJRQXpMYTl0bktjRkpSRkhGUkpTMUdzd0dVRWE2U0hzSVBhMDZETTZOUW1iRHZsMHA3ckQ0VlB4NU9NN3BRZzJOTjVXc2d1VWZXQTd5ZXlMWUtGOG1tWW9na3hyU2ljcE8tblBwdVJZZk9PcEMydm1Hal9VZ0dWbDRabw?oc=5","The Washington Post","US","1785224202000"
"Iran hangs 2 men convicted of killing 4 police officers in January protests","https://news.google.com/rss/articles/CBMipAFBVV95cUxPR0QwcktYNlphaVpDQkJfUTREZE82RVVqd0RkSzVRMDZiRFlQVWFCUWQwYzJlVlNzZ0NEeWlxcFAzRm5mTklFQ1Rsam5SakFMSTRhNHNDOWtkaFhUa05JT0xCZGE2dmlqb0ZkSjFJaEhEM2ljdlBZYWE2RjVyX2ZhUEpSemcycDEwTDlGT1gtNUtRdVFrcE9sZ2xMb3hYU2hieEd0bA?oc=5","Associated Press","Global","1785226260000"
"Iran hangs 2 men convicted of killing 4 police officers in January protests","https://news.google.com/rss/articles/CBMi1AFBVV95cUxQeVJoMVNyMmNieUlERnp5SlZHenpheEVDTy1td0w0V2R0d2ZqcU92Z2hMODUxeDZLNmlQSnBvenhCRE1wNGlQLW9xdlpOeUZUcXp0SzA1OC1RaW1kM29TckdvdnRqT09WX1pMNk1DZVMycmQ3ck41dW1DM1ZpTWVmY3ljaDhFaFZQVlF4bXJIV3dWZGtGT2d4V21SLU0wbW4tUy0zeWQ2UUlMbWk2LXEtZW5laGFSOUsyT1FiTHJENVRjN1c1QUVicTlTWE1fWUxxclNpbQ?oc=5","The Washington Post","US","1785226956000"
"Oman Presented Regional Mechanism for Hormuz to Iran, Source Says","https://news.google.com/rss/articles/CBMingFBVV95cUxPNVFLRDJzaXUtZkJDMUZ2RXd2eDZqQlhrSXFGTjFaUkNvY3JpSHItN3FTcWlYY3JQMXN4OXFXY3V2T2VoVm1xcG5nWXZETXFyV0llX3Y0RkRBWWZ2T3ktT0pQRHl0OFhtODhycjVEc2dzSENLQ0xlQlU2Z29oXy1DVGdsWG5ISUFNdGRZUUdCYmQ3OUtKZm1PeHVUSHRjUQ?oc=5","Asharq Al-Awsat","Arab","1785227098000"
"Spokesperson for Iranian Government: 'Our sea tower in Chabahar collapsed after three attacks, struck by 11 missiles, but it would be a mistake to think that even a small disruption has occurred within the Iranian nation.' - Iranian media","https://news.google.com/rss/articles/CBMibkFVX3lxTE5SNzZfZVU1VU9YdHpWdTlFREZ6bWItNHhTc0JoN3BPZDFXa2hHSnhKYmlPa0w2U2Y4bWU3RFRNRWY5SVVLczJ6ZkZSVWtPbkM3UlB0aTVDT1U3OUtvblVTbG55TU1obFh2MjNWY1d3?oc=5","CGTN","China","1785225020000"
"Iran-backed Iraqi militias likely behind drones intercepted near Israel","https://news.google.com/rss/articles/CBMiW0FVX3lxTFAzZmR5S3FZdVlRWnYxcUJGLTRZZ09Rbmk3aXB3X2wwM1dwd0hGMXlENkhGZ1NSbk9wbmtQYVhCQWlpbWR1SGhmbXVDVkZPT1VBMmNxOU1lb2UzaW8?oc=5","The Jerusalem Post","Israel","1785228702000"
"Iran says 12 bridges and two tunnels damaged in US attacks","https://news.google.com/rss/articles/CBMilwFBVV95cUxPOUMyZkE3UWZYUm5jbGd1WDZ1U2toV3dEUW1oMHBhQXZ4NW9YWm42NzdLR3ktR19wR3c4RXA4dV9ac2ZBb2FoOE1sOEdwTjNITERhTmZ1cGRXVVA5OTZ6MkU2dkF1Z0IwM21rNkdBakhhVGFPTTVYcFFoTW9wcThxRUJ0U3lSa0RmZG5uR2RtYnRYZE1nLW04?oc=5","Dawn","Pakistan","1785228208000"
"Germany Maps China’s Weaknesses, Trump Talks Up Iran Diplomacy, More","https://news.google.com/rss/articles/CBMirgFBVV95cUxNQUFfQ3pBTGVqZVRUZW94Z3hsWGo5V0k2SUpvX1FVNmFLbGRrdVlBN1p2RExldzltM0UtRDhLSUN4STdmMXI1M0wyZjdSVVoyRE8tZEZIQ0s5a3RjQjlkY3NIZlZrZ0RabU1QN2E3TjdaX3htaTBWajNrTDJ0MHpGVDRETzlyaHU5Y3JqWExqY2pmaWFfVnc0MUlDS3E0eW1vdzFYaDhlZXdHdGRsMEE?oc=5","Bloomberg","Global","1785228605000"
"Iran publicly executes two Isfahan protesters despite UN calls to stop","https://news.google.com/rss/articles/CBMiqgFBVV95cUxOU1N4MUVOM0ZWVXFsbmVYVmVMXzdsdEZJNlo1c0JGUlVURjRtSk9ySkZ4SXJSMV9OZlp6SDVxXzdNaEtDU3FrOTFSS09jeUhIeXFhd1ZqMVNINXJkejFYRl9oR1NrRkItN29OZmVwX2Jxb0tjYmJBc3puaWZES2JfQUlzYXZOeWpRSnBuRlJYRTV2c3VEc19CbHhUcFVQb21FbHlCZTRVeWFsZw?oc=5","Euronews","Europe","1785228296000"
"Trump Talks Up Iran Diplomacy as Negotiations Focus on Hormuz","https://news.google.com/rss/articles/CBMisgFBVV95cUxNSUhSNmJCZTFRTWs1NXdQcXU2SXVuSXQzSzN5TEpjNGxhTnFPQTJHMjhyVHJGSGd5MTNEVW1wS0xib1BjckFfckVLam9yM0J2Q2JtSGc0TWUxX3oyTVhRdzAxVV9nWkNpVVUxWFJjSVFDU3d1cWltWk04cnpMRHNkSVhUY3RHV25ERm1qMmlSQzltNzV1UkkyQjgwZ3hiNXlpOWhWNUtETm0zM1BrZHEydDVB?oc=5","Bloomberg","Global","1785227395000"
"Major Gulf bourses in red awaiting Fed decision, Iran talks","https://news.google.com/rss/articles/CBMirgFBVV95cUxNWjluNG9QU0FTS3FoemYzUGM0SWdWMkVnZ0RCd25aS2U5Q2stUl9KcW9GZVMtWHhFb21kbFA2eXpaOTcyNV9KSlgtemsxU0VUOW0zOFktNVVUc3hGOUZaU2NCWk1PZ1pNR05JVVloaGxSaC1rSFcxcERVUm9zSUhjZWQ1V3d5aHFpSmxXZW1RbU5XNFlfaXBmTnZIdG1ZLWd3cURmZlhwZTVORkFzUGc?oc=5","Reuters","Global","1785227044000"
"Kevin Warsh can’t reopen the Strait of Hormuz","https://news.google.com/rss/articles/CBMif0FVX3lxTE1LYndiNHJJT05FWGNLd05aUWFCd3BGb3RVOWlLQ0VaTDR6ZUZrbjZ0MlR5aDUzelpjZkFmWXhFRlNsSlNkT3VDd2NVOGFrN1U0TnZtRXRIa2R2a3hUS1BwN2tuZHJBenBpRzRrSlZSZm5neG85cW1jeFVmZVFmTXM?oc=5","CNN","US","1785229225000"
"‘A disaster for America First’: Trump allies fear Netanyahu meeting will pull US deeper into war with Iran","https://news.google.com/rss/articles/CBMiiwFBVV95cUxQWUpDR1FtRVB1NGRiMFhiTzhTQm4zQmxodVRqU0JDb2VSSnRQcEw3dklYa3ZjaHlzMXNPeFB2YWhYbVFrOEp1c05LYXFJd3ZaVk1PQWF3ZENoQnpJVDRqcHB4VWJXY296VHNRcS1ISkctOTRCaHNRcXhLdEgtaVdHOEd5UnU0Q0lSMVBR?oc=5","Politico","US","1785228300000"
"Oil Extends Fall on Hopes of Hormuz Reopening, But Chip Selloff Deepens","https://news.google.com/rss/articles/CBMitAFBVV95cUxPNmF0SF9KTW1idnVHd0E4NWR2cWNRb05XbzZIUEhpZGpXVlpMVlFUMWoyaXRFZGV5VmloOEwxc0t0bzdTN0NoS21PRWl6MU5lbzFYVndyTkdEZC1aWlIxcHA4ZlF2WGx4T3VWMzNhOVBxQXhVS1p0Z2ZJTW5adko3ckl0ZHhqZWM4TlVQODVQS1E2ZHBrTXZYdEs4bW0yZ1Y2ZmtNS0tlQTl3NVBxWnlkYlVvUlY?oc=5","The Wall Street Journal","US","1785228000000"
"Iran war spreads to Caspian Sea as Ukraine accused of targeting Tehran vessel","https://news.google.com/rss/articles/CBMisgFBVV95cUxPZDBWNTNVWHBBU1ZiY2ZKWE5EOWU4WHA1V3pFTEw1TzJOU0dWbTM0Q3FqTG1TZExDcDRBbVk2aERkNGZfaXZKeDR0SjhFV3hZWmhvQ0FWRnN6Um9TOGhwWEFSTDUxaC16WmpXOEpCdWd2VzBFSUtWbmN6SWE2OWc4djNJZTV3eWdKclBFc2dYUHBMX1NJY2s4TXVkalVZYk1wOFZleFFnWFZjQmZFTnNrTDZ3?oc=5","The Independent","UK","1785227580000"
"Southeast Asian Resort Towns Suffer as Iran War Keeps European Tourists Away","https://news.google.com/rss/articles/CBMiigFBVV95cUxQMlhYR3Z5RG45T0FtWlJCZmNtdW5QcHBIcm9sLXl4a2UyRTYya19nY1VadGVQNzIyaVc3N2hjMktzR01VMFJlOXltUURoZTV6ZUZ3bHJjQWVvMmZzRV9UY0FJYW1wMXBjd3R3R1NIUG9NaE1FMWwyMVBHcGVHaS12Rms1eGRzSEtOYVE?oc=5","The New York Times","US","1785226195000"
"Iran executes two men over charges related to January protests","https://news.google.com/rss/articles/CBMiswFBVV95cUxQZExxM2lWTlZla1lzRk4wQjVFNjVzeHhmb0Rva3hmQW8yd2RmZUV0TG0wLVRYV1dNcHdOZnJzUE5OWkthVUROR3JXWlVSSG1QS2JUVVZYMm4xV3JDX1c0Z2JsMThvNjFZLWswRmxaOVRRM3Y1MF83V1NGeHN6enVYbjJMQ3VKYnRfOXRNcWs5V21BQThCVVE2aFQweWxuRTQ3Sm9PUXdFT1N2UnM4VTZKWTdrRQ?oc=5","Reuters","Global","1785229906000"
"Iran hangs 2 men convicted of killing 4 police officers in January protests","https://news.google.com/rss/articles/CBMiuAFBVV95cUxNWnBvbkxnRGcxSlVlUTltT2l5bjJxQmZ3SXNqclp3LVR0elNVU3ZQVzdXS0F6Tm5TSU9zSTB3Y0JDRDZ4d2dta1BCN2k5TmlnY2Vyb2d6NG1rUTBidUV3RzgxSmwwbEhGTFJyZjlwRDlobnB0VGlxQWFrcDJXMDJKc2RfaWtoWUVRNk9xck5HVHlfWi10Nk9hY0thTG9teVhaVng1d21yeXZ1OTJZVFI1bjlJeUJHb3lJ?oc=5","New York Post","US","1785230580000"
"Kevin Warsh can’t reopen the Strait of Hormuz","https://news.google.com/rss/articles/CBMiekFVX3lxTE5XSDkwY0luVnFYQkRpVi1OWXJYN2FjLUhlbEJSMGpCWkp5aHFmOXRROEUtLXZYSHFWdGZwOHVuQW1vMVFFRlZSUG4zTld0djlFSk1uZGFGaHRCOHlFdFU2REhjdU9oYkVOZG1ZRjRVcmVCOEdIeXRZcndR?oc=5","CNN","US","1785229225000"
"Benjamin Netanyahu plans to show Donald Trump Iran's questionable intentions","https://news.google.com/rss/articles/CBMia0FVX3lxTE4zVFVWRGFyTWhqUEpHNWE3NVdFc2xPMVQ5VGE1TkNLSTB5QnFGdDlnS2dOU05YN29pU1FwYVM2TlpROGJ0YWNzdE0xbW5SNkx6MmM5WEl3VG9DUVM3WkphaFUxeWdEc0J1RDdR?oc=5","The Jerusalem Post","Israel","1785230851000"
"Saudi Arabia slams Iraq over drone attacks launched by Iran-backed militias","https://news.google.com/rss/articles/CBMiXEFVX3lxTE5qOW41MUVBbXczeUV6ODNsNzJnR0JtTDE1SkN4ZlNiWENWQlVMUWNSNWx4dk1OcjU4S0dBbXBDZFAzdDJoV0J1d2hQTzg0SFk2QWlXRUI1d0N6R0Nh?oc=5","The Jerusalem Post","Israel","1785229076000"
"Iran-backed Iraqi militias likely behind drones intercepted near Israel","https://news.google.com/rss/articles/CBMiXEFVX3lxTFBzdzFpYXNFempWUzh5V25OdW4xUVJYYmNNUUl0V0VwU05qQ05UNU82cS1ROVhwYkZJSXRrYzliTFJwRDVNUFAtR0haeTVLQjZ0UXFiUUNPT3FEU2dk?oc=5","The Jerusalem Post","Israel","1785228702000"
"Iran escalates drone strikes on Kurdish opposition bases in northern Iraq","https://news.google.com/rss/articles/CBMiakFVX3lxTE01TElXVUY3VHNfUndXZjNBU3V6UVNZUWI4czd4SDRqS3UybXVUaWp3OFJtNVFza3pMUk9zZERJMEloSjFGOEVzR3RfbHlwbTVzdHM4ZjlXa0ZVdTFjQ3FjVDh6UDVBWGtobVE?oc=5","The Jerusalem Post","Israel","1785232356000"
"Iran, Oman, Saudi Arabia call for joint efforts to secure Strait of Hormuz","https://news.google.com/rss/articles/CBMifEFVX3lxTE10QzJSYVBfZUo4TFVmSk1OYlB1azhodFF2NGQwaTV0OVdURzFGUGxEMHVBNVNHZWJ4amRWUlNYRmlDZFFQdDF2aU94enFpaTYxWVRQY2tKcEpjRE5sTC0wUkQzakZmQjVXNXU4NTRCVUVGcExlVzA3SG92Q1Y?oc=5","Xinhua","China","1785232275000"
"Benjamin Netanyahu plans to show Donald Trump Iran's questionable intentions","https://news.google.com/rss/articles/CBMibEFVX3lxTE9iY1lKNVFqVXBhNnE4aHlnbGFMZU9PWnQ2U1hlRXJqQWktaGttamFrSHcwVW5zcEh4SFlvV1BhV0xhaDROMklVdGE4TUhzWDF0MWpzRnBza1FXOHk4WTl6V1ZPTTBCYUtXbU1CTQ?oc=5","The Jerusalem Post","Israel","1785230851000"
"Explosions in Iran's Omidiyeh city resulted from operation to destroy unexploded ordnance: authorities","https://news.google.com/rss/articles/CBMizwFBVV95cUxNNENZYUU1b25YVjlyRVluYVdBUFZTQTVvREdBLV9aQTlIbm9Db00wa3JsOGhkZkZaQVZuQVJjQUdYdWpZZVNCMHlhZzNibGhaS0p5blZ2aTQ5alpncTc3enVWSjZuNmR1S3d2eGI3RHNucV8xTHRMR0V5eWZOVFBuZHFUdVhtUjBSeEhaZEhvZ1ZtX0RkTm5EMWhmTmVrV3hsd0hvYUFpVFlpV3o0VWFMdWNSVTl1c3BQRjNkWGZHX2pRbzd4NGlGQlduNU9SLW8?oc=5","Dawn","Pakistan","1785230704000"
"Iran says Bushehr Airport ‘out of order’ after US strikes","https://news.google.com/rss/articles/CBMikwFBVV95cUxOMkZkOUZoUTZ2TzN1WkRPT0VXQnpoLXZmTGh0cXZQQzZmbzFSSGM1N3AwQ0VseGRYdVpHbkVaZVcyRUx5S0dXNm1WVldvWWJuUkN0Nnh3WVJ0TUwxSE1waUZXOGtlWGJlWGx0cEFPckJuLVdnTlJNdTQ1WlNHa3FaelRyZzktaG5hTmwtTkxlaXN1ZkU?oc=5","Dawn","Pakistan","1785230016000"
"Bloomberg Daybreak: Trump Talks Up Iran Diplomacy","https://news.google.com/rss/articles/CBMipwFBVV95cUxNcE1qejBIRVloNFcyc1RYMHJDd0ROS1FpUUJTNUJZa010WERfWnV1SzhBX3pBY1pSOEd1ZTlaelNQdURaSEw5N1lVS3JWcDRPTHFjbTJVYmJkaHRkcmJsTU1nenp5Zm5LNXNRZE5OcklIQnNyMWNYRmtWczVrMC04S2RiWDNuWmJWa18zbm9Yb1h1SkdydW8xcnZjVmhhSkdkVnBNRWVFYw?oc=5","Bloomberg","Global","1785232327000"
"As US-Iran war rages, who's risking the Strait of Hormuz?","https://news.google.com/rss/articles/CBMitAFBVV95cUxPSkNjeEptb3ZjbW5rRndVbFp2T1BSWmx6U1VzRVJRVldyc2ZJX3VsRmJXSy1VRVd1YWJxaVl3TGNIcjBkUkhfeVg2ekNjZDZFYzgyUDhUU2FEZGFWeElTeTg1MVpZUjRzVlRzdmtLSEtQQzdXamF3c0o4MnFmbUpwTnFFU1hmYWJwQmE0eTQtZ0FkYmJIT2NHQW5WNEt2aUJXcVJOQ1lRazVTMWMzemJiYVNRbTPSAbQBQVVfeXFMTmxpeGZtc0ctVWNLZDNCSHo2UW0wdjFzZEx2UGR5MDhhLWJ6R2dZdjljN3J2cVdhTnl4eW5aQUtjYlZpY21saG1LSkE3dnVycWx1aEhNTktDVVhDbldNYVhKN0U1djZ6eHQwa1V1TkNNaWE4VjVOX3RCd2RCSTA5dHBPeVpjVEU4ZEIzR2kyOVFpQ2JOU1BSRV9XYXo1TUhKVEZzOHV2NnVpTTRHNE1KdElQUzE4?oc=5","DW","Europe","1785231900000"
"The timing of war and peace is not yours to decide, Iran tells US","https://news.google.com/rss/articles/CBMiogFBVV95cUxQVmJ2REEwekxPSG02dzJBY3licEVOSUVsbmFMcmF1cEdTd1RzRnl2WnNBS1hjclZOczR3VFNLUWdwYndEWEhjV0M1cXNpZW1TM0Ffc3NWTVFqNkloaEV0M1pyMEtYWGRyYTBDLVozSURDMGt0YjVqYXZPTG5DOU5sckU1ckU2Rl80Y0U5bmxMVXFKNlBvTWF1Yklfb3h1Z0NONEE?oc=5","Euronews","Europe","1785231829000"
"Trump Talks Up Iran Diplomacy, Chip Rout Deepens, More","https://news.google.com/rss/articles/CBMiogFBVV95cUxPVnFYNERWTGYtN1Uzb014N2ZjSjI4V096a0ZraTliSnhlLVlSaDV0Z0tuTUlIa0ZfcVJPQXl3SUt3c2tzOXhkTkgxdEdMaXJsRnRmcTFiNloxbTcySXB2b3IxaTVoRTdUX195eGZvSFI2ZHFaNS0yX0djY21URHY0ODByZGhPcVZLTlRyX1lDUlhWT0U0YlFDNE55TUJQclRLcHc?oc=5","Bloomberg","Global","1785231250000"
"Treasuries Set for Third Day of Gains as Oil Drops on Iran Talks","https://news.google.com/rss/articles/CBMitgFBVV95cUxQMXN6a1YtbklnZjJLTUNnMDdSSDRPeTBuclYwbWNZVXpjQlRkT2o2YnlkT2o2ZFdmVUZCUUZib0VFRWRGcFBLZjNUbTdSeTM2TGpGbkJPUkVsMnpqUjZlLUoyM0J3VzlXMGtfV1gzZDg3SEpsQkYwQkJLRXJmQTBsTkFGY0xqWmFsYXBQbFp1b29vaEtHZG5xbWtuVjRSd0NhQTlPVXFTLWNPS0tsMzFDenRaQXpmUQ?oc=5","Bloomberg","Global","1785230471000"
"Americans feel pinch of continued Iran war: ‘It’s screwed everything up’","https://news.google.com/rss/articles/CBMif0FVX3lxTE1NazRUSjJubHhVdU9FZFZzY2phMWV3Ul85cmFTUjMtR1VIVUUxMmEwTGdGOE9GenE1MnVPTndRSllvOGlqMWY5Wk9DTjNCbXktaG93cEJjSzJTazlZUkQ3T3owVmxzd1ZEQ3VJSkc0aUhmYy1xbncyOHJzWHFqdlE?oc=5","The Guardian","UK","1785232800000"
"Why Iran Is in No Rush to Return to Talks With United States","https://news.google.com/rss/articles/CBMif0FVX3lxTE4wN1pkOEo2VlNxN2dmdGlhWFBWdlJ5QTRzRUhQZktyN2lsOFB1X3hjb3A5RERwVEpOSVZIZXMtLU5qM2hST1ZCdHlDZ01CczlKcW40aXZKMXJCQnU4czU0RjRGTVcwajUzN1pZa2d2MkFNWnRaaVpDWjNUcTR1SFk?oc=5","The New York Times","US","1785231604000"
"Nearly 7 in 10 Americans say Trump has failed to explain Iran war goals, poll finds","https://news.google.com/rss/articles/CBMiowFBVV95cUxPQjRlSnNZRGZKYVZqLW9fblRKM01vRmprUmtHdEpMLWtRaE8teXhmN05JdUViWWFSOU9aR3kwQ3hOSTIxeU9ldkVhZ2RHTElvTzRvMzNTUDRTVHY1Xy1jdXJ4SVhvYjR0MWVLZXpYOW42OVRkVmZEei1nM2JxRUo5Mk5admNnQ1lfVHh5eFZCVVZfMUtia3NJaWJpTjVmbk5RSkRV?oc=5","The Independent","UK","1785231120000"
"Prisoners at Iran’s largest jail sew lips shut in hunger strike as executions soar","https://news.google.com/rss/articles/CBMiuAFBVV95cUxObjJVeUtGMnhubUxsaUZvMmUwallKZ2lfYk1aQ0JiX3o4THdiT1RhYndMSXpwMDVVbWVERno5YW1vU2pyU2VXbGJTdFhYOGpPUHM1bmpEbWNtcTVRYkdfN3RvMWJGN3Z1UkNDZEtVaDR6cTVxVTVVcDNzR0tzT3hSaUNtTkNuOERsbHZ3Y0NlSS1WakVYb0hDOHYtWm1PcmRqSzNfR2xEMTU0eWZXeGJVOUhIOGh5ckE1?oc=5","The Guardian","UK","1785234360000"
"Freed American reveals brutal Iran prison ordeal, warns hostages face greater danger","https://news.google.com/rss/articles/CBMiswFBVV95cUxOLTVrd09sRDFqYUlBMXVkdFhjZ1lvT2ZQUF94cmlUS1ljd2l2NUFCQUoxckk4QVNQZG1SV25Hd25Rd2RwUlM5MWRpY1A2WFBkY3hIbERfMXZfVlVvSDdfZW9CZVNIc3hiQVlEZXlTOUVnYmVNMmZETXlRc0laRlVIRm43LXdXLTJLSURsWGNQWTdKZHZEQS1OMXFMVTFISzRRdlhzSVFodS1iTFRfR2tiYTAtY9IBuAFBVV95cUxPbDF6UUVnZTRCZDlvUG1BZjNnZ1V2TngyYjc4RDR1Nk5wdVVFUUp0Nl9sNk41dUtGbGpiaUZkUTI5Sy1OR3lDNVNyRS1Ba3B5dG1lMTRWNW1IYkpLXzlEOFdRRTBGaDlUZERDX3RVZmNhTWVyLU9XR3cwVFViNXVsU3M4NzZEZEtXb2JxYWNPQkJFQWRJMWNBdy16UWowWFdTcUZDNjhTRTBpNTFWdjJtT0VpTUFaLXVa?oc=5","Fox News","US","1785232822000"
"US Air Force took off from Israel to strike Iran, Defense Minister Katz says","https://news.google.com/rss/articles/CBMibkFVX3lxTFB0d2NnZ3NWUmhHQmV6X1p1M0JLSm92SUlDWnJSYjV0LW9sQnNsZjNfbHdlTUUtclBONFNwamlUWWJjckRmMGxwYnYtZElhZTdHR2VudDJWR2x4Y1VDd2JETk96a2RfZXhzRTV0YmRB?oc=5","The Jerusalem Post","Israel","1785236092000"
"Russia condemns Ukrainian attack on Iranian ship","https://news.google.com/rss/articles/CBMiX0FVX3lxTE1RV19NMzhnTldfNUdIMGhlbTUxNFh5djc2Tm90cGhhdGxFZlJrWHRwa1NUT0VwbVVKQmViNXB4RWFaZE5KcXkwdUhOcXpKWHZ3Z0xzZjhpVXR3VC1kVXNF?oc=5","The Jerusalem Post","Israel","1785235141000"
"Katz says Iran knows US planes involved in war are taking off from Israel","https://news.google.com/rss/articles/CBMiuwFBVV95cUxNNElsSjBSWE1iRmhCbmpaOEVxQjBwZWxEdkxIUHEwcDNQTGhHazZtNFI2Yk5NSTRBUVN3NmhXTDZHdFl0akZIX3pwTHNsb1R4YVYwWDFZakdScE54SDJ4NGZITUFYNXM3SERveHc1bjl2anlBX2pyUzJxZmNLRXp1V3JUVnh3VTdJOWdUU2N2SDZDbmpvcjdtc3BHc1Q3RlVPSWFCWGF4TEhoMW1nVWZ5R2hLcFJZMk83QWJz?oc=5","The Times of Israel","Israel","1785234865000"
"Oil price drops 2.2pc as US-Iran attacks stop","https://news.google.com/rss/articles/CBMihAFBVV95cUxObEZRakc2RFhnUmNBQkE5NUNmdXpKMUVBdTBjRXhvRjF0cldrZlQwSkdIa29pSDk3dHY3cWlyc3JvQloxamFaTlNRaUtfT0FOOWZSeUxIaGloMTNEdUVSZ0ZOUXBmRzJQT3pQLTlnUUZGbDUwSWc4RmpVeUtrbjJMQVlEUlM?oc=5","Dawn","Pakistan","1785234538000"
"Iran war live - Al Jazeera","https://news.google.com/rss/articles/CBMi0AFBVV95cUxPSW13am1qVDVvYW54ZC01djlhMEhpbEc0cmlPcjAwMzhtblFFMUl4OUZFeW5lZTdRVmxNSEJ4Y0JZdExxOWdfRWh2MjZxaEo4ZlFPUVJvejRMSW8weUZmMHR2WHNwanpvT2QwZHZ1VmVWYUFWVGFpNTI1YXZmeEtGTzZYUERSeWdnSWltb1pNNGNiaXNoYWZDeFFnS3ZjajZCX3FqYjlwbm40RHY2eURnazZ3dktrVzN5V21HcnhoQXRySzcyb1U3dFBsTDl1d3A4?oc=5","Al Jazeera","Arab","1785233185000"
"Gulf states back plan to let Iran collect voluntary fees to use Hormuz","https://news.google.com/rss/articles/CBMiuwFBVV95cUxNeWdMSVB3OUxtSmtXNWtjQW9EWHRKb0hKaUFkeXd4ek45MHpkUUhFWnNBNHpIUnJpM2RXYkU5MHJOaHN2c1BJeDdXZ0ZpZDdkVUNfbHczcmt2MExCQ082MUZWbnFxYXd4U0ZidUI4bUhWb3NMMjdNVjFyLXh1c3E2ZEVDY1dHSEpoSGFFVE0xWHRheGhRdXkybnBuTnVZSC0yaTl5U3QtdEJQenhEMThhSGVtQkZVcmRMakdN?oc=5","Reuters","Global","1785235929000"
"Trump Needs a Way Out of This War': General Yakovlev explains 'charade' over US-Iran negotiations","https://news.google.com/rss/articles/CBMivgFBVV95cUxQN2R1UVRCT2RVZmhQM3ZMMWlMRDJwTHFRM2pEc05ES3RYMEd6eTM3MXBvU0x6Vndrb0JyMHdIOUtibktueW5OR1lsN1pzZzJWRHlNVktsTDRDdGV4MDVZMTNXbVd2bnc4NGZueTREOTFRY0wwV1BCNDNLeTdJb01SMk5ybEZuc2ZuZksydWdURjVIVm0zSTlJQ1U1ZG0xaXl0WDZKWUJLU3hZRjVxNjUzejgzdThZM2xBakNoRU1R?oc=5","France 24","Europe","1785234691000"
"Regime change? Inside Reza Pahlavi’s faltering bid to lead Iran","https://news.google.com/rss/articles/CBMirgFBVV95cUxOakY1cWNvRDRGX1d1S3lyMXMtUVRhWk5NVTdUNzZveGlOODc3UktYUWhXVlhZaF9aczZuUXUwNUsxYW1xOWNaMFc4QWxncXRnU1E3NGFKbUN5QjR3cldXMG1sREF2VnJONmwyMnNrVld0Tm0zWFNuY1JLamNsNF85Wk9uOXJjTVVsR2R5WV9Kei1CcDB1NGY0czI2amVSTEk1OXZ2S0YxMnJLR0tBamc?oc=5","Reuters","Global","1785234067000"
"Trump readies 'STRONG MILITARY ACTION' in Iran","https://news.google.com/rss/articles/CBMiVkFVX3lxTE1uSlNJOG9kQ3BKbXFTOVdhWXJac005UXB6aVdZTll4V3phVXNQb2JybTg3SUNCeF9ILWtvWTNBSFhJTTRiUTczMHpBcDN3RV9CMzRXUnV3?oc=5","Fox News","US","1785235361000"
"Opinion | Farewell, Amoo Lindsey, the U.S. senator beloved by the Iranian people","https://news.google.com/rss/articles/CBMitwFBVV95cUxQTXpERWpDRmlPTkl6NE5haUhIbHRNb0htb20yMGVjN21LbHV4TTR3elM3RXVpWDBwcmFaWTlTdG1NcHZCdjc4R3dWYi1hLU5NYU5DaXpxMVZfcXk5ZnE0TExWbFpDZ3E3MFBCR1ZxZk5udmdFOC03SHlEeVUzeEZZN1V5WkFyTC1hMTNrdFllZGdNSHl3RVJGQzlpZUlEa184M2FINmtpTktGS2U2S3pfLV9Jby11Qnc?oc=5","The Washington Post","US","1785234976000"
"Trump weighs diplomacy, military options on Iran amid Netanyahu's visit","https://news.google.com/rss/articles/CBMiVkFVX3lxTE1SUmF0cm9IUUFTakVuWFllcVZSMTFxVTJ6WV94X0dWYUZUQkc0VDdlYkQ5eUM4ZnladThVeTlIVlktNGlXdmE2OGd0dXVpaGlNLS1kQ1R3?oc=5","Fox News","US","1785234282000"
"Ukraine’s Strike on an Iranian Ship Could Bring Two Wars Closer","https://news.google.com/rss/articles/CBMilAFBVV95cUxOdjB0cGJvaWsyd04zZFBHc1FERzZzb2NqQmx4YXB5amtxek5rQ05iRENiWG5xeXo3UnBJTzhsbzgtWUtLamJlMXpyem9wblZ0MDdQMklLdy1XalNyRVlpdVltRU5tZkc5ZDdkRmZ1Y28tOW1NWEE4MXhBbDBWaWxQb3o1TkR0WTdTZ1dSeW9hOXA5SWNm?oc=5","The New York Times","US","1785237212000"
"Iran releases disturbing ‘kill Melania’ video threatening the First Lady and Barron Trump","https://news.google.com/rss/articles/CBMitwFBVV95cUxORHBwdGRmSkMzUUd1RU40ak1hM3FFNzY0ZER2Q21URmUxYkptRndNZ2ROeWxQbW5COEdlYlNRWXdudTlRSkFhT3U2c3RTUU5HSEh1MHB2RTFzMy1yYjZ6Rld5UDRZZHEtVTF6S1pZY1ozTFI3SUtLRXB2UUZ4TFBqSXJadDNVSW9meFhqLWhIVndSVDlqcnJ2SU05Um1tU19LcGZETXNpSmU4OFd1dzRfODA0Nnp3Q1k?oc=5","The Independent","UK","1785236820000"
"Oman hands Iran proposal for joint control over Hormuz with voluntary fees","https://news.google.com/rss/articles/CBMiqAFBVV95cUxPbWdHbkZIbzF5N1MwV2lmUEo1NjI1U0NpS0xYVzB4U05rYm5PUG91Z2Y0TE5iT1Ezckd5WlBBTUM0dFlsUDJSSktSdzQ3UFZDWEEwU1hNU3hQSmFzaE9pdDVqX2l4YXh5X3ItU3Rya0k5VTNnZ0VRakVaLUxfRkdNWFB1MTlNRVFfVy1MUnB6SWFtWU1qdkU2RkN3ajBKbXByOTNFMnpjV23SAa4BQVVfeXFMTmlUblJESnpMT3RRbTJ5M3FtVDl5dGVnVUo0NGUyZ2JCZ1dsQjdYbzRtVWFPMjNUVV9mbmc0R1FObTdZYzUzRGxnNkhHUzQ2aDhvQ2RKWHlUMHAwWmRrLUJvbEdZd1BickZZSm9TbUZmVjVOT0doRmNKNUlVbDR3ZjE1REoyV2JVYjlxemp1RW9HN2JoNHJpcExKb3FTUmVRcTNvcm5EUUdVX3ltMktn?oc=5","The Times of Israel","Israel","1785237579000"
"Inside Reza Pahlavi’s faltering bid to lead Iran, trigger regime change","https://news.google.com/rss/articles/CBMiakFVX3lxTFBaTlpfOGhvM3A1WFVQMjRUa3FkdXltazRWOEs0WUsxdWhnYk9Uc0tvN2RONy11SmZuWnVEbHpnc2RLZDVDZHd1WURGd2I1LS03ZlZScG9LejUwY0VaZzZaREdfRWYtd3ZSb1E?oc=5","The Jerusalem Post","Israel","1785236923000"
"Iran-backed Iraqi militias threaten states across Mideast","https://news.google.com/rss/articles/CBMiXEFVX3lxTE13eFZ1bzBfMFF2dUF0TnJCV3BwZGVLWmdqWV9ETldqM1IxOEVyU3pya254eFdwcVVDLW1LMnpZNk9lYW9FdnR2bmJMSkhnaDllMXplZnNCcXJBTmxq?oc=5","The Jerusalem Post","Israel","1785236752000"
"Iran's Simorgh aircraft enters certification phase, eyes commercial service in 2027","https://news.google.com/rss/articles/CBMiwwFBVV95cUxPUVR2MW13eGIzTGJmYkVSV3lka1ZCc3c2Z2lNeG9JQ2xHUHlMS2U0Q0syOXdleG43NXJjc3o2RHlrZnIyRkFxdlJVZGF6VFNyTjd4MlZ6V29mQU55UkNHR0lxWGFsNEhDejVGdVRRb01UZU9ERWtSUmR0TGhTU2VrQWJWVS04SWVHNEVtVTc3YUhQVTRoM1ZXYWUyaWlVSEJxQzJ4Q05RTVRzY2dNVjk0R3MycGhzNkVjdHpsOVIybVJwb1k?oc=5","Press TV","Iran","1785236580000"
"Israel says US bombers used its bases to strike Iran","https://news.google.com/rss/articles/CBMijwFBVV95cUxNdThWYk5EQnA4Vng2MHpMbWtuWTRRSUhMMGo1RWVUX2x1UHduOVAyQ215bDNFNW9peGlIT29qWWJyaUo1emxiUTg4bUpRWVNscUIzTFhJV3B4eVBtVzNnZ2VCc1ctSkRYeW1YM3JEdlpGN3k2dnpxdTJ0RklnWDM2eXNOMnJJRURjOEUwUC1LQQ?oc=5","Dawn","Pakistan","1785238644000"
"Katz says Israel ‘very much’ wants to strike Iran, US ‘not approving it at the moment’","https://news.google.com/rss/articles/CBMixgFBVV95cUxQd2Rpc19Wei1WZWNNdWxCSmtxdlRfNzAxeVNyUUNLTkgzeFVlZnRKUDF1S2ZMaTktV2p4djZiR2RDcEhJWTNxODVhb2Mxb3ZmXy16T2VVNW15SUpmT3Y0ZUozcy1RY0VsQV9aeTVXUzZBaEhXdmZ6cFR4ejdxUkZFLURaV1hMVzZvYnFIdXlLOWtsc3VVY20wcDFDMTUtaDJtRW5hME9sN05rem5Dc25DY3prNERXbXBpOVkxZnd6MjdOeGlCR1E?oc=5","The Times of Israel","Israel","1785238579000"
"Netanyahu, Zelensky trying to arrange meeting amid mutual Iran threat","https://news.google.com/rss/articles/CBMitAFBVV95cUxPeGhmMWZXWFptOVlIbjlvS0dkWFpLcWx3N2ZtSUYxVzBiS0J6bHVDb3VseHU1d0JFTDR0Yk5qNlZucGJ3V0k0WEF0ekRldUxVOFRkaEU0NDluWWlKWlZMenZpLWZxbWRydmQ0QlM1bWU2LTItQmR3U1I2QV8wdHZjdnlINV9uN2Yybm9SRUVGWEx2UC1TcWNBSVpIcWxWOC1Ja2lpcWFzVnBKWXRIYkFHN3BNR1Q?oc=5","The Times of Israel","Israel","1785238465000"
"Where do the US-Iran talks to end the war stand?","https://news.google.com/rss/articles/CBMigAFBVV95cUxNZDNIVHNnT2ZJTHV3djdaLTRScEgyVGVxTzA3OHNhYTNIRnhqYU5IbVdFSUxmdkxqUkFFZ1FQXzE1VlZmamxqVWl6cDhLVl8taGMwY3BpX2lNQkIzLTJsT1BZVDhDV2lPd2pNdS1pMHhEN25Na281azJHaFpSV3hQSg?oc=5","France 24","Europe","1785238128000"
"UAE’s Fertiglobe Eyes Truck, Rail Exports to Reduce Hormuz Risk","https://news.google.com/rss/articles/CBMiswFBVV95cUxNTkV6bGI2bGdnQVlZYVY3TWxvVExSTGtTR1FaRlhZT3h3SkJ4NEwwZHN0dThyZzFCU2VNOVYtekJDeVFGTjFVclpDbDhWaWdfWnpLblZCOWlDbWpKek9hNXNHVE9fQTVoV28yUEdjN0hSUjNROU9qeHEyWFZwQktKTWU1Q3lUNVRncW5ZdnZ3aFYybkpKUjhwM1FweWdNaWlGRUVCY0s0VHYwY3hoSFU1LW9UOA?oc=5","Bloomberg","Global","1785237603000"
"Poll finds support for Trump’s Iran war at lowest point since conflict began","https://news.google.com/rss/articles/CBMilwFBVV95cUxNd2ZXeWhOVjN3NjA4T1VXQ2FMMk55S0NvbXdmcnBfd3lMaktHelFRcFF1aHFLb1FsWFBQclVKcTgtUGFQZzVTV1hjM1lMSXlTbWhiVU9CbE82Y1BxM2tfdnRUZGFlRlJwQ3Z3SlN5dUdrNnEzbkd4aDhRSmlwbkZFdW4wNWVNUDBNSFQ3MlJONkVUaTNlTXhB?oc=5","The Independent","UK","1785241380000"
"Iran’s chilling new threat against Melania and Barron Trump sparks security fears","https://news.google.com/rss/articles/CBMilAFBVV95cUxPTEFhOWhaeDdsUnRTWmYxUXlfRng2dkpxOFo1MmR3OFJORnhvRzNPNVJjWVdqem1aSzNrdDhuaDVMcTF3dDF6OFYyRkFITDRQWGpGZ3NDUFRsUzdqX2Y0dXo3eVdLdHVMLVhOTi1za3R2YWI0WnFqbjZ2empSaFhQMVhLbGQ0MkhuYzdQLXlfNnVnb1pI?oc=5","The Independent","UK","1785241380000"
"First Thing: Pentagon accused of disrespecting war dead as Trump threatens to resume Iran war","https://news.google.com/rss/articles/CBMi1wFBVV95cUxNbGZrbE5LNUdaaDhXYnNWUXMxUjNiMU40cXFzZTlWZjB6WjRweFNGSjg4M093OTFzakwtczZiZHZhUFVjQzZxV05KMW9RdS1MY3FBdFlBZG9vWVlFeTdIbmZaMmZBRjdrcHF0S3YxZGpXN2JobjZsNmRrSTdZNXBmajlVb0Z3ZEgxcjVna2syeUVnTWdFMGtrakUxcjBFa0x2N2ZRUzFyOXVVWEdYVUQ3OFlNMHZrNTlmRk9wN0kzbklOVHlBT2xFQVAzUHpHM3VNVURCQ25lNA?oc=5","The Guardian","UK","1785241320000"
"Trump says the only ships that get through the Strait of Hormuz are the ""ones he wants to get through"" - reports","https://news.google.com/rss/articles/CBMibkFVX3lxTE1LSkhRTEh3Y09ua1dfWVJLOS16QVFfSnd3d1A0RjdQWjdycE9TbjVONFVGdmVGaXpUajJPME1Ldm5DZ19YX0ZJZVFaTnAwRnhKeGY1TjhZel91ZWxFT2hfQ0dDRUczSnExQkl4OEFn?oc=5","CGTN","China","1785242680000"
"PHOTOS: Candlelit vigil held in New York for US soldier killed in Iran war","https://news.google.com/rss/articles/CBMiqwFBVV95cUxQZmw0THcxa3lKbDNWY2pEbk40SmwzWlczNWtlVFJJelR6bFk0aXRtT3I0ODBfXzRsTGUzeXBtaW15YkdyZFVHZl93b3l3aUJubVpkaHp5ZXdOdWk4YUJuVjJjRWoyQUdMalBTMGtsWnlQTjl5YnNIQnJNTHh3X3dfbzBWR2N2VHpFSEVWVXgzWTBBaDFPRUZDUEVDc2c4c3YwQW8zWmFaQmd3M2fSAU5BVV95cUxPSVNiaXliNFBoVjF0WG9BNFFZd0twRHpHTmxFUVQ5aW1ka0x5allNb01GdnBCbVBzM3JYN0JSNXB6TDNLaE1TWlBOZTJ2QXc?oc=5","Dawn","Pakistan","1785242463000"
"Red Sea tanker traffic rises as progress in US-Iran talks buoys shippers","https://news.google.com/rss/articles/CBMipgFBVV95cUxPZWliVVZCTlhxWDlZWEFyTzNheTJXRjktYnZPMm42WTlBeGpBU0ZYdVE1S3QwTF9DNTc5RWVpMmx4RmNVbFZzSS12UDFGOTA2NGNRRFZlcU9xOTdKU2g3MlhMdEVjdUd5STFna3BWbkVtT0RSYl9JdUx4bWlNcmNFOHQ1T3BqVXF5cVRScGJ0QWRRRlducE9VT2pFWERjenBzQzlJWllR0gGrAUFVX3lxTFB3cVhHaEd1VnVZOFhmM0pMczhnTzE0M2ZtSEhMbk10Q0pMNVVXVlVCTVc1TEVpRkVsYk5YUlg3VVZVOHlaUW13QnlVTGU2Z2tTNUtZcUduTTlUMks4R2pHb0o5eGdlQV9IeWx2YUV6eWRzeEZ5LTN3QW9CSjhNSVB5RkVCV0dLUXBCeEdQY21qUzM1ZTBTbUxSczRydGhjMUFOa0FGVkRKMG1fUQ?oc=5","The Times of Israel","Israel","1785242025000"
"Why has Iran’s economy not collapsed under US war pressure?","https://news.google.com/rss/articles/CBMiowFBVV95cUxQTm1BQnVwRWV0YlRWUGtqZWpYNHhKbDFQWGNaSm5KeDdiVDc3dnhFQ1k0XzNXWG16MXljbWFjN2pMMC0wMXZNb2ZnQkRsMzZrOVRFbXhRUFN0V0Rnb0ZyZXQ0dG8wcGptTHZrSVh5YjBGM0dzYWRCai1iV3RncElib25VOEt2cThQTVdoRkZ2RW9HQ0ZWVm9OdU1qODFMYzFJTlp30gGoAUFVX3lxTE1TQWFBa2ZDd1lTTElkR1RibTZwNHVoYm5LX3lHWENPWVFIalBQR0dMeElSR2N0ZC1RSnE4WTJuTzhkLXRMMVEzN1RmYjV6QS1jdV9TWTMyR05fTnZDYm5VbHJCSWZQcjV0bzFsZGVMVDVuN2dueUV5LXFQWXFPVG44WEFobi1kTGFJQ2VERk5RekplSmpYRW9ORlhtSU9NbEx6YjBadUZKaQ?oc=5","Al Jazeera","Arab","1785241969000"
"Pickaxe Mountain: Turn Tehran’s Shield Into a Trap","https://news.google.com/rss/articles/CBMiiAFBVV95cUxNQ2pzdWRUU2FzVFBEQWJmNG5iZ1QzbnZiRzNBMEViNHRENXBGc05YQ0k0eU9hdDRCc25mZTJfNGxQWUpOZjdUbTk0eTFRQlBab1kzQnBIRzVXajdNcERkTV9HWFByNkZWVEI4T3NNbnRJMXJMZG9QZ2JfeGIwOGlXUUlZNDYycU92?oc=5","The Times of Israel","Israel","1785241860000"
"Iran says 350 government employees killed during US-Israel war","https://news.google.com/rss/articles/CBMinAFBVV95cUxPU2JELWZ0VzlVblN1WWMzTnd0NGV6eTRSZWU1eU9pMlFWUGhla0dCX3JvWjNraG81MUREa2xqUDVBb0xHT29nLXlhU0ZsVnR6eTdOaVJiMlFqYkVmV01sR0RPRTVZY0RlcHRNbnhFRjB3VXczWFVVakhXc0FrcVFDbTZnUGRvY1d4U0c0QlA4c1RXYnJFNHhUVVU1aVU?oc=5","Dawn","Pakistan","1785241096000"
"Iran war live: Trump touts 'friendly talks'; Netanyahu arrives in US - Al Jazeera","https://news.google.com/rss/articles/CBMiyAFBVV95cUxNcERVX2s2MDVueW5LbmFuNXgtM2NtNUs4T2haSktYQmpKdThiZFNrVzFTQ3JwX0E0MUVLX2kwYjhuSk9VSnRGZXJLWW5sRlctQllqV0hreDJGYlVHb3E2U0lLWEdJd01MWWxvVDdpRmJTeElPdUs5bDRUbG9yeXlUVTB1WndadGpFclJSdDR3ZWMtNlkwQkk4YlFBSzE2R3lBb0ZTME5xY3E1LUhfV01aT2RSYkJ1aGZXN1R4YXRWZDlIWEpnU21MOA?oc=5","Al Jazeera","Arab","1785241009000"
"Diplomacy in Focus in Iran Conflict, Netanyahu and Trump to Meet, Chip Rout, More","https://news.google.com/rss/articles/CBMipgFBVV95cUxOOHFTOGsybk1uTXB4dV95SUd4Ri1ER0pEZGlWQjNXRU5rMmlYdGJkcnhITGMyS0ZlVW40WlRLT2xucWJHeTRlSlI4R0MyYUtoLU9oNkNMQWlqX0lWOTEyVHVSWWt4QjFXSDNhTDlNN0NXQ1VrZzB3aWtMTmxFbGp4cUw4M3dGdG9tUHcxLTJRaHFzLUNudE9rUjhmMW4wUjVFblppY2Nn?oc=5","Bloomberg","Global","1785243045000"
"Views of daily life in Tehran, as mediators report progress in getting Iran, US back to negotiations","https://news.google.com/rss/articles/CBMi7AFBVV95cUxNZ2JHYmU0N3R4VjBOWnlGR3NEVUpPd00tNi12WXBwNDNOcHFwOWlVQ2hhM1lFQU9jZm9hZDl6eEcyaFd1MVU5S1ZGNjFJV1h2dnBueEplUjkyYnBUX2Jmby1CZjRzbkd6d1l6Nl8xM2lkTXp3NFFSc3VJRFJoSHFLbVE2bFlxZE9va0JWTHBBMFhvQ2xINjM3VmdMMlZaSHkwbVVMbWtaTFdOdWtpZjBaMWREeDA3Wm42ekdERHNLYW9Qc3k5cXlFdUlaQlFHTlJYYlhkd0FQWnJ4RkRaeUVTcHVOR2sxZGlRSWFQZg?oc=5","Associated Press","Global","1785242520000"
"Trump welcomes Netanyahu to White House as raging Iran war threatens to sour US-Israel relationship","https://news.google.com/rss/articles/CBMiwAFBVV95cUxPZWtQdGx0SmJPWDBQTWhQZTd1NjY4Z1dySTRFM2I1X09nZFVUV04ySGxlMGc1THdLZXF3U092YXJXRm5sdHVxVXJJZ0RKalgwUW5TbFBnd3BMSlYtak1HY1FFZnJnMWtuNlNxbll0eE5pVGJjWE53X3g3a1VqZVI1b2RaRXlRaXJGVUVJajdlbVlBdS16QWhhTW5SajhqM3BYQkNCZFIwWWd5SE1ocjVvSDhoMWFOQ21Mb25RM2xwdHnSAcYBQVVfeXFMUHIyNmcybGlxUmlNWDI3Q01mMHExekI1RVNramdYUGktUmZzZWFfMWY1eThGdGFjS3FUckRpb0g4MHZvejctT2x0SG45MlNzY1BzQy1Neng2bXVJRE96RWc1X2x1WVRST200QndPdWFLemFaWEpEWDN0NTFoN1RQdkZVU1RRMzZkWjNaWTZSN1diRDZmcWVTdWpkVV9xZ0xBQ2pXbUJtNldhaXM5aERITnZCOXc5ZkJCVFJRa0xrOVRDNkJxc053?oc=5","Fox News","US","1785243506000"
"The real cost of the Iran war","https://news.google.com/rss/articles/CBMifkFVX3lxTE5UZ21OS2tVVmhiM2hPRmh0Q3J2cUJERGNIY3I2TEE3cWxVOF95bGNwQTVKVDhGVlZJSDU2cWZYVkJhejhnZDBpXzdHVzdDWmFsZTlxd1JxUTNjb1E0LUxvS3pPeTNwZHNjYk54QTJJZkdBN2ZYRGpqUU9va092Zw?oc=5","The Telegraph","UK","1785243000000"
"The Latest: Netanyahu will meet with Trump for first time since the Iran war began","https://news.google.com/rss/articles/CBMi3gFBVV95cUxNYXZ2Uzdyd0YxZmJDaVZualFnV3BGS2FpaDZ4cGJnWV93WVFiSm9NU2Z4eFNiN2ZYRGREOTFaaHVLR0NoY2JYbEJIdGMyOFBVeUlqYko5Z2w5UHRteVVVWnVSU2FrbEphM1RsLXRLa1NwaG8tWXg5bWRYdi1UZGhuNmQ1WVRzdnk3eS1XaVlGUnI1azd2RlJWbno3QktyNmtXVGJBZE1QbDZSSnRDTEJfRkdXYXNuVUNPdU0zRTV3U1c3TWhWZnBZVHV6bGVpMnZ3Y3NJbFFTRnZKaFd0b2c?oc=5","The Washington Post","US","1785242333000"
"Trump cites 'good' talks on Iran, reiterates threat to hit targets","https://news.google.com/rss/articles/CBMioAFBVV95cUxNUXp0cjdxRkJmbERLLTB3SU00RS1fZHRDQ0lCd056Wkc2UFhEVUVOTWJFM01OZUNtUW9WdW0tcXVxc3IyX2lsa0c1OXhOZW9KMXM4SmZrTXdiVDcxN0tCZXNFY016MUo3OXdWQzZNUW9qVk56LWR5Q3NUdXNtR0VIcDFxeVJBaTZGYnFla3ZqWElkS0ZxN3V6QmRmN0tQU1lP?oc=5","Reuters","Global","1785244151000"
"US Senators Announce Deal on New Russia, Iran Sanctions Bill","https://news.google.com/rss/articles/CBMirwFBVV95cUxPZFdqM0FXTWVRZURlbFplTzBrX2pmZXhGVndBSWZISFhxUWtpeUdPMzU1djVUMUlhOFhRVlY1cXFhaHNNV3J4eDJMc204dm92Ri02TGh5SFh4ZV90NkNQMUlsTmN1LVhsT3l5YWZYcThkLUZweXBIb0ltcVAzdkhFYVNFblV5eG96TjNiLXlHWHZkWUlya3RWMDJyVDFXemtmejFzY2pMV3JMWklTcF9R?oc=5","Bloomberg","Global","1785243674000"
"Iran says anyone receiving its frozen funds as compensation won't be allowed through Hormuz","https://news.google.com/rss/articles/CBMi0gFBVV95cUxNZG9RZEJiWnRuXzV1dV9VQU9takNnZkNKTjZLZU5fZG9xeXhDeHZmak0xeEVRSENHd0FMQzFLMXhGbXlTWTA4SDU0T1FLWUJvT01HRE9WdVNTMEFhWUZEZXg3YzM2VGdDS2VZXzhBdE5zQzNjMDRBYWQwWmpYall0Y3hLbW1ucUk4cmlxejlMY1VmQ3FOTXVRbmhnSG93MTNQRndUODc2M01fdXM0eFl3cWt5RFVoLWtvSGhyY2xvZ213Q0ZlX0lyYzRhNGs0dW5YQmc?oc=5","The Times of Israel","Israel","1785245203000"
"Trump: Iran’s Pickaxe Mountain ‘no big deal,’ Netanyahu brings it up to keep me involved","https://news.google.com/rss/articles/CBMiyAFBVV95cUxOaTNYc2RjeUJGUmxaZDhXeXhUY3Zrd2s4Z2ZFRjlQaGV3WmZHdllPdkp2YlY0b0JsLTVuSkNZMTctcFdwNmNxQlJjVEN0WS0tYW5iRUN6eVh0MHNDX2h1VUlLN0luR0JnUW9vZzRfLVVTMXFGZTBGV0FodTRESERUOFRDVE1idjV4d2ZaYWxGaEY4OW5SVWZKc1YyeDBlbngwTUNaTC1UcWRMQ3Fza0ZEcTV0RlEtcUVLV3Y5UTBkdDNlaVRHN1JmaQ?oc=5","The Times of Israel","Israel","1785244074000"
"Trump says ‘good chance’ of progress in Iran talks. What we know","https://news.google.com/rss/articles/CBMipAFBVV95cUxOMl80YzVZU0dtVHp3SlV5Um43SEFWWnVYRWpFWXdrOVp6bW1hWmZrcm1yd05uOGItMG04Z2F5Qld6RGZTQTB1OENaOUs3V0NkZ2ZtbF81NzAweGF6em9qNDdrWl9KSlM1MmhlYUNkQlhpdk95MkFBWVVwR0s5Vk13N2dNeExON3FObnE5enhsck8xekVOM2tYRm1na01jZV9VVWxDUdIBqgFBVV95cUxNYzBzOEl3cl9XdlRKSDk1b2dxOVRsRERJZ1VGdVNMOWZlTk1HR0sxR2dKYTNSLURBaWtUMVA0VUVYOTUwQWR0MDd6ZGZ2MGxXVTE2eHFmWWdHUllQdGtlQzVUVklQdHZQUUlXUkFIOXlwRzlBTWp6STI5VnhkcEYzVWRFX0V0N0Nqbmc0LTJ2Ui1BZndlTzlWNFY0c05QRUhlYktrZGpfdVJtQQ?oc=5","Al Jazeera","Arab","1785244050000"
"Trump says US and Iran holding ‘friendly’ talks but warns of additional strikes","https://news.google.com/rss/articles/CBMibEFVX3lxTFA5ZTNWNEU5M29CUWRad0x4ZEJ3UDBxWV9rSHlhMzBJdng3OFo0ZU1KV2RGNWdmOGlyRHg2b3JqVGY5YTdFNVdiZVZSNERhNnl3V2dSTl8zS3VQcWJ4MEVNa0pTSFhUS05xcnpveNIBckFVX3lxTE1LZmNsTmRmX1BzWEdWRGtRV0ltMm5iWTdJbVNjbTBBZHZLV0xhWHVncnRoUFdqd1ZZWllXVEIzUG9KUTR5dGlhTUptVEwwcW9SVXRyNkQ4bDhvNm1nYU1lSFVVWWZrS3l6RkpfSUJmSGctQQ?oc=5","RT","Russia","1785243600000"
"We have a very strong position right now': Trump on Iran","https://news.google.com/rss/articles/CBMikgFBVV95cUxQbFNkdzg3dUxsc3dYRWREZEFfWGdLZGx3RXhvY1NnM1lQdGFWMWlad2R5OEF0RXNSdnR2TTU4YVFCb0RSVUhQRmNWRXNYMkVJdEd3bFNGXzFZeExVWVdhTzFkX05ob3l6SzJTTHRmMkVRc3Rjb2tiVFNOb2prTmxXNDIxYWlBSm1zc21oQ1diaV9Vdw?oc=5","Dawn","Pakistan","1785243351000"
"EU Condemns Iran 'Aggression' against French Diplomats","https://news.google.com/rss/articles/CBMimAFBVV95cUxQV2ZGcEJwRGFJN0JXcEhtZU5CLTJpVVZWbjNQSy1PWTFmWW13YTktZkNEOElWM1R0eWFmTHhIV3dHOUJ6aDctczIzTTcwRkRYNEMzZEJtZmxkWW9nWG5XMUNtaWFrcUpZb3Q4bDNCM2R2aW9USms4ekYwQmJUeko3WXk1bWt1Vmxva2hyRnVfVFhQeTYwOHJaMQ?oc=5","Asharq Al-Awsat","Arab","1785246709000"
"Analysts: Houthis’ Future Tied to Iran’s Fate, Solution Begins With Restoring the State","https://news.google.com/rss/articles/CBMi0AFBVV95cUxQM2RvbHpjUnVwaXJNbTg1bFM2MnpUMEFDZmQtaFFzQUtfeUlQVTJ5OU9CUk1zWFRJRHhtUFpYVnZsZXNKYjVzemNZdGdwR21Rcy1PdG9NUHNSSGc4TUZIMENSMVdXa3l5WDF4a2JJUUV3dzZ5ek1sSjhPQlNqYlNTQTQxbmQwZjNiczNRYktQSEtON1NUTEVUeGRpV3FBRGd2OERzejh6OUZod0ttbXNOVzdXajVaWXhYc3pxQTJQakhBQW9tQmhPcXM3TjhLbGNU?oc=5","Asharq Al-Awsat","Arab","1785245841000"
"Iran says anyone receiving its frozen funds as compensation won't be allowed through Hormuz","https://news.google.com/rss/articles/CBMiwgFBVV95cUxNM3NkWTdLbXRfb1hIU2dHajZjY2w0ZTRqdUZUS1VyWll1d1hGYnd2ZXFubXV6Z2RQS3JDV3lUY0k2Ry1KNUNYc0xvT0xsdUloTkRNN1VaX2IyZHY5b2M3T3F3T3hSd3V0OUIzbThrNjM3WDU4NGpXNC1sck5ZZzlIN2NpTGJ0ZEFqTUhncEJwTEpPRlBTWTBDMU11dUhKQVBnb29fbFdMN1lGancwYmFzNzkzS0MyanhfelRRTzYtZEd4QQ?oc=5","Dawn","Pakistan","1785245583000"
"Chip Rout Deepens, Nasdaq Falls at Open, Trump and Netanyahu to Discuss Iran, More","https://news.google.com/rss/articles/CBMiqgFBVV95cUxQRFdON1paWlVtYkI5X3RrV2lNYW9nZzBVTDBkUkJraG1lSXV5Q2hXSmdFdUZMczZ5cG5kbUdnaTlidDcxY2s4TE1SZGJOV052Qk5NS0hoVHo4V3Z5bGdmOHZFNF9Pem5oRVd5cU1rY2ItQVZWbWlmOHNxME9TcE81R3RCUlJwcVZNckY1aktwQ2psRFBfQ1ZaaXN2ajVEQ1N6bnR4TXlMNGcwdw?oc=5","Bloomberg","Global","1785246784000"
"Will They or Won’t They: The US-Iran Story","https://news.google.com/rss/articles/CBMirAFBVV95cUxNb3k2MGhXUlNieE5yYV9iRWgtQ2YyWmZ6Sl9XdV9VZnhybnVoRTZ4Z3ZaSnpKdlN3QUw2MDlVSkgxQURTb3JOUVh3SzE1a0ZXaUt6TVd4a3BOVUlXLXUtclphc3JSalhfNlJ0TkF0NEpIaEJKVTdWYlgwZlU4cEhha3J4Zkl6NUI1UkZybHVud28ybG9hNWhEWEtSN0o0VWxIcXdGaEFvNTFuMVpP?oc=5","Bloomberg","Global","1785245649000"
"Trump threatens to wipe out Iranian bridges, power plants as talks stall","https://news.google.com/rss/articles/CBMiVkFVX3lxTFBpemZpTmlvemVTSUtiR2ZSTm1hYlRvZy1DbktjVGQtWjhYaUoxeldOY3VYSU4wMThXMmJjOXVzSU5LQnBwNEJmZTRyNUlrVHk4YWp3RmhB?oc=5","Fox News","US","1785246386000"
"Americans’ confidence in US economy fell this month as Iran conflict sent gas prices back up","https://news.google.com/rss/articles/CBMipAFBVV95cUxQQjFKSGphQTNUbkk2ZHZucHVwSzRxZm9ULXZDT2NJT0M4LUZfeW83MEU5S2tGZkhLMG95S0RfX21pR0FaS3hKaDBQWXZnQ0t2VkM0UEh6WkVzaUJ0OU13R1JkU210WVpRSHVuSG5Ebzg2ZUdzenNXemMySUtDS0VxT0ZNZkFwNDFITlRvSFRQRkZ0U1FVYVJYMzBRMGlNcC1BTm9LYQ?oc=5","Associated Press","Global","1785247800000"
"Trump WARNS Iran: Infrastructure could be gone in ONE HOUR","https://news.google.com/rss/articles/CBMiVkFVX3lxTE5nRXBrUGxqZTQyTzZEWXVtZVZucVFNRGNiOTUyS1pPbHFVSVRYNFJfcDZ2QjctcFJUYWhkSXdianJpNjBlR3pCS3I5Ny1LcnFUME0zQ3pB?oc=5","Fox News","US","1785248000000"
"Oman pushes plan to let Iran collect ‘voluntary’ fees to pass through Strait of Hormuz","https://news.google.com/rss/articles/CBMixAFBVV95cUxPQTBGZWtEUjFnOGxnMHdzaU5NUGZhdDlnaWZ2b1lCVXBZbGNQM3hfVWI4c1dxd2VjWm5la0oweld4cTRFczZoZVM3S0dTSlZvaVlDc0dndHlBV0RGUmVpOFBZWUdWanZiX1ZWb3FwckpLYjZfQ2dUZWlvbnBMekhmY2tuRERfWDNPd29XaGFlODRXb1hBNFNrTGkxN2EwSWVfUVhxRXdkTlVRYWN0WkQ4RXZrQm1UN08tdjlocDdvbmVlVU13?oc=5","New York Post","US","1785247860000"
"Americans' confidence in US economy fell this month as Iran conflict sent gas prices back up","https://news.google.com/rss/articles/CBMilAFBVV95cUxPTUI0VU5hVzF2NGFrdXpuYmRKSzg1LW5SU3ZtNmJfSXpNT0RiOENwbkx3enBvbnNJd3duazZ3Ylp1OFlhaXRqTEFwcGo1S19wZDVzVm9kRjRnQXBoU0x2a3NPeUJJNmpBQkVoSXhIZ2xJdzVETzFYU0twNXBseWNPT21Ia3FQUGZmQk5LOXJDMncwYUlL?oc=5","The Independent","UK","1785247800000"
"China to face Chinese Taipei, Iran, Iraq at 2026 Asian Women's Volleyball Championship","https://news.google.com/rss/articles/CBMifEFVX3lxTE0yM2s2TmJfUVRhVWlqWURacnFXYUg2d0dicGVCMC01RVlXU3l4N3cyQXlRQmowRC0xeTdVcWd5NEVkY1BabW9xbzAzX3dOWno4ZC1CY3dmOVhsczlNWjhubTdGT2MyVGxteEhGX1VicFQwUDNCU0o0VXFoWG8?oc=5","Xinhua","China","1785248715000"
"Gulf states discuss regional de-escalation efforts, maritime security in Hormuz Strait","https://news.google.com/rss/articles/CBMifEFVX3lxTFBnQUlrRkJWZWM1cmtIYVk1dUxvME9qS2ZiajJXY0FQRzJoN0Rha29CR2pFMHNJWUVZeFRSa2lFQlQyYXIzMUZEVHB6LVpDNFZqMzMza2FoUWctcmgzWlZDdU03S3dSVnZLMUFPTXh5TEtGc1NLR2ZKWHZlM0o?oc=5","Xinhua","China","1785248475000"
"Trump Cites 'Good' Talks on Iran, Reiterates Threat to Hit Targets","https://news.google.com/rss/articles/CBMinwFBVV95cUxQZ0NHQVhrZkNmT1pmdVp5bGE0OXlHZVp3R3VJQXFwZVQzVTNMdWhXN1pvNWNJWHNNU2FQN0hIR0RuYXFXZE9rT2xINEFJTHhvOFBFMEYyM19MeWFzT09mTXU1TERkUlB5bVVtWjc3eG9kdGl4OGJlOWxfUXd2amhibFJScTlsbVB0MzNkQ1NfcVhMcmNqWUlINDNhalVsOFk?oc=5","Asharq Al-Awsat","Arab","1785248410000"
"Iran warns ships accepting compensation from its frozen assets will be barred from transiting Hormuz","https://news.google.com/rss/articles/CBMifEFVX3lxTE1NeEU2WjVBMlZ4dVhjbXJhelBFX1ZFaEtjQjdiQTVnX0Mwa0xXUTk0eWhqbmpTTVpQcFdNelBGU0RWa1FPZXExNHpBLUpIQzRsY0l0QlBpdEZDekRrYWxIaVBhaTZVWTd4aUFGbFlGNkVTaTZEVU1nQmRUVkY?oc=5","Xinhua","China","1785248085000"
"Will Donald Trump back Netanyahu's push to destabilize Iranian regime?","https://news.google.com/rss/articles/CBMidkFVX3lxTE5pUm8yZDZVUWh5bDJuV3JxSWh1UVM3VllhX1VEYU5hNXAyUnlrYXZ0YW1QRDhsQTRpRGlkeG5JVzVBT3ZSNzBfNXl3bW04X0h3clVFZl8ybk1sOGZzRXZodHdoWmZva2FXMEkzbEZTNWlDdmk2ZXc?oc=5","The Jerusalem Post","Israel","1785250504000"
"White House official: Trump to discuss Iran, expanding Abraham Accords and Lebanon deal with Netanyahu","https://news.google.com/rss/articles/CBMi3wFBVV95cUxOSk1RNFlGS1QyZXY3a1I2RVJhWWl6SGVYT053UjlyVkJHT3hVdGY3VTB4QThfLV9uZzExUTJLWjlhOER0T2sxeTdTMG1iWE9oaEtwYk54VjZfWDRMc2xqUV9ZOUhqZFQ5a2JNQ2ZRWDhQRnJ5Sk5lTUtKU3MzZHFqMUZ5WVRLM00zQ2xENEhmUmZGc1JxMzBZN3otNDV6aVZBQm1KcUhiNDJxZGZ3eWJjYnMtRzgyaW5PNnFsdDlPNEZ4QkFfQ1dJbnNPckg5VDctNmhBUzRVamIwRUp2dkJR?oc=5","The Times of Israel","Israel","1785250165000"
"Katz: Israel Says US Bombers Used its Bases to Strike Iran","https://news.google.com/rss/articles/CBMimwFBVV95cUxQbmZxOTdVOUVVYlVtTTNydF8wREIyZ29jZWwwMHZPQnJ5OW0yaEU2VEk5dzBoZHdTTXlpT0tLMHJuajJRUjc1RkV6ellrMDh1LVI2ZlA5cmJuZ0lkWEg2clVTZ0ZwazJXVkZPWUlTN3d5T3dpSWtwR1JnWl9HN2NwandiR3FjODBYTWpRWlF4YzM4ZU1CSVVaaTl3UQ?oc=5","Asharq Al-Awsat","Arab","1785250023000"
"Donald Trump to meet with Benjamin Netanyahu on Iran, Abraham Accords, with Volodymyr Zelensky on Russia","https://news.google.com/rss/articles/CBMiX0FVX3lxTE5GTUdkSndXZXA0U3hUcGtFR1R2ZFZOY3JVZ1d6bWFNQ21KS2Zqa29seUlDVFhtNkMwT2c3RG1sTG9WbkFKRjJqVGpWU3c4LXVkQndsZm5MZzF0MkV5WjlN?oc=5","The Jerusalem Post","Israel","1785249910000"
"Future Iran","https://news.google.com/rss/articles/CBMiV0FVX3lxTE85Vy1vY3YwS1BST1hOOWVTV1hlZHZqd3I0VS1FcmRxS09hQVpPWmxBdnloa2xXYmlQMlFzakRLeFMtREpaalU0V2VWQnhVNjBWaF85S2VfZw?oc=5","The Times of Israel","Israel","1785249540000"
"Strikes hit Iranian Kurdish rebels in Iraq, exiled groups say","https://news.google.com/rss/articles/CBMiqgFBVV95cUxOMlE0MWZIR3NwS080R3VFYW1xZWtCMmxGQVlQOTZUbEU5OVVpQjcxUGVJdGJDcVh2WndyUlczTUtZYVlNQkxHanBmUHNrcWY2dzdWS01Fcm1KQWFwLTJiOGdEWW85eldkTDQ4TnFDS0x0dTFrNlZCd05NSHJyVHdNMF9hTkJIcW54bVI0aU1weUxLekhIc0FSTDRyakVsMl9FN2VUaGJuekFCUQ?oc=5","The Times of Israel","Israel","1785249265000"
"Trump publicly rebukes Netanyahu ahead of critical White House meeting on Iran","https://news.google.com/rss/articles/CBMi7AFBVV95cUxORjE2SXp4cmhkcmZCR1FBVTAtUXVHN1J4TjlfV3Z1d1MwdUt4X1dxbUJKeWhUcGNJWU5uWkRvamFvTXBQcld1S2M0Y2xuOGxnTHpCS05UbE9KYXN1WnVmQWdyQXBISW1HNnZlWWkxMXFudlFuNmQ0b0JtSHE3a0tzcGxWZUFIeDVNd2FlaFQ3TThXUVJUSTZ4VmJhTEtKb0Q4dXV4UC00QUE3MGJHeEp2NHZ0SDYxYXN6Umc0ck9SaEU1Q1VzcEYzTmZMMU1mNHozeDRXb3JYc2ZtbkpnZWtONFVVNEdQUTNQVFFlYg?oc=5","New York Post","US","1785248775000"
"Netanyahu returns to a skeptical Trump as Iran war grinds on","https://news.google.com/rss/articles/CBMitwFBVV95cUxQa1BhOHM2OXFOb0d2OWxMdjRXaVhxMVRhVnNxU2l3eFdWUkJsSmNwaXI2RnJkY0RKM0xSb3paUWIzZGxJLWNscUNEUFRrYmtEZVAzZ0VRZ1NNXzVHRjlqb3VWT1BwbHZ0Mzd1TE4wbk1mR1dJYjVUREtkSEdKT2RnaHB3OXlEV2ZTc0RnOEZ4Y2x3WHBNN1FUa3dGOGxNMWxnMVV4bTNCV0o1dmthRHUwQjN5WlBZdVE?oc=5","The Washington Post","US","1785251766000"
"Trump lashes out at Netanyahu ahead of first meeting since start of Iran war","https://news.google.com/rss/articles/CBMirwFBVV95cUxPUXJPTnpWLW5GZ3NzY2g2dVJXdXBhRmVkQWp4RDJEUWtrampobkVsM0t4UXBlMjJXN2dEVFZKTGhNTVRxT3RqZTlMUXk2V042eWllRE1jVjc1bmY1VjBpWHZPRXRqZGRuQjJJR201cU4xbVUteGdabHJxTnlTM2x1cGhRMHFSQ2d1NmZWWHFHRUVqa1BUQl9zVGdIbmxUQS05amJQNlV6R3VJOFdaeVY0?oc=5","The Independent","UK","1785251580000"
"Big Oil Is Raking In Billions From the Iran War. Can It Avoid Trump’s Fury?","https://news.google.com/rss/articles/CBMivgFBVV95cUxQNDBxSHhtTjdUMzR0emlWbllpc24xMlVJNW9WWVZqVHkxemFGSjVsU19oZW94X0Y4aGd5RnNDM3UyVHI0ZUpiSXJZQzdsWXFOVkJOTl9yUmVsX0JJUzJPbzhiRkxTMWhSOFI0cTJ5T3RvUExjMmVrelpmTkFxbEhJbXU4V3dGWVgxM0dZbEZFOGd1UEJKR1FTX0pYNFhxaUpPSkdPZGtzNEI4Z0RpaUI0SEFYQVFuak5MQkNRai1n?oc=5","The Wall Street Journal","US","1785251460000"
"Danon blames Iran for regional instability, condemns UN, Zohran Mamdani","https://news.google.com/rss/articles/CBMiXEFVX3lxTE8xOWY1X3NudVk5cHFBTnQ1ajc2c0JNV2NCd3JzelU4R2QxU0I1OXlvMk9aUlhpOVZrMDhkQXFJc25sSnZ4djItd01XZXNPNXk0c1ZrYVBVNXZyRkxw?oc=5","The Jerusalem Post","Israel","1785252499000"
"Israel's US envoy says war on Iran will top agenda of closed-door meeting","https://news.google.com/rss/articles/CBMiqgFBVV95cUxPaXltMDI1NGQ4NklMQ1pXa3dKMldRdGxGNGNGZ01ELWJ2UE56c0tzZ21BQmhxVDFnUVJiRlJPdzR2M2dLMVZtNWZsVC1VTFpZVVNPbWdlS0NzRU1qMzlhTE02Nl80MmU4bWt1azRrdlk4ZVNiaENqQU82dTg0SFdFU0hJTkZIczJla2ZBajd4Ukt6UHdsbFpxZWF1MWpBbmpBc3JibmotWlNPUQ?oc=5","Dawn","Pakistan","1785252469000"
"Gulf States Back Plan to Let Iran Collect Voluntary Fees to Use Hormuz","https://news.google.com/rss/articles/CBMihgJBVV95cUxQdnR3U2lEQUxhdFRRaE0tellmRnBXSXo2bTZkYU9UdnJoWThmMHRTSFY1NjNFRGdLdFhlcC1aY3UzTzNsQVFjTlBIaURTOENyMHB6RERXQlBtbWk5OVpJaDJhNG9GaEl4SFFNdVdIZlotVHZvZkV6R3g0cENDMzFyM0Y4eW5ST0ZOUndZNXNhQ3dnSlpfR0s4Qjcyd0pWSEluUHlGbzZzV01oYlZ3Zi1FWHhJNzJMLTN4SmtxSzhLdnJZRDZydHgzY0tMamtMQzE5VTZTd1k0Vm41UDd1dlhQMlhjTFEwbUlzemhTTVJBOTdwU2t6ZjdtNDhOM3Bvd1U0ZjBjejRR?oc=5","Haaretz","Israel","1785251940000"
"Explainer: What to happen after pause of U.S.-Iran conflict in 6th month?","https://news.google.com/rss/articles/CBMifEFVX3lxTE9CdkN3ck1uS0JMZ0R0dmp5T29YRnJVZ3BwX3VkakhqUEFydXlvNzY0cTh6S1FUZFo4RXV1dnF3LWxGeGctRHNBRng5TklnWXk3UEd0RWdJaEdVSmpCcEdZcHZNaWQyNmdsN0kwNmRVUjFnczk4OHVzeUR4RFo?oc=5","Xinhua","China","1785251895000"
"Collapse Pickaxe Mountain’s Entrances and Force Iran to Reveal What It Hides","https://news.google.com/rss/articles/CBMirAFBVV95cUxNRWVqdW1KT09pQ3c0QjVqMDBYNFdoOW1SVHg4SFBFWnJ2R2ZsUnZJZXQ0cjEzX2VobkRVNkFDc2dyY09yQW5xeFk4OFgxcmkzbEtfYW1rMmlzUUJmY01TaWxRclhEUWdVcTNGNXEzSFh2TXkxaEp0a2ltUVZGaUxCT3NrOGlZbDNsTW1yZ2Y2NDhvOE5pa0hTZDlLalVIaEpzUUE0NFU1VUhJb09X?oc=5","The Times of Israel","Israel","1785251700000"
"Iran’s China envoy says Tehran has ‘no confidence’ in the US","https://news.google.com/rss/articles/CBMilgFBVV95cUxQbG42amt5QlJvNlF1MkN6aFYwNmRwSmY5Y2txeFJMbUFKam9STEN4dVBJcVNjNWRNaUZCSERLUHdfdENSUWp5V2RMcmU2M2dUeWpHMnBNWUtJNDFPcmg4b205OFloUGotRl9haXJrRzdzTHpzajlfcUVFajR3Q0hXbUxQN0JzMHZkc1I0M3ZKZ3lZQ2V6RGc?oc=5","Dawn","Pakistan","1785251634000"
"Iran war live: Trump touts 'friendly talks'; Netanyahu arrives in US - Al Jazeera","https://news.google.com/rss/articles/CBMiyAFBVV95cUxOVkJad0RpMTBCWjh4bW1QdDBHRE5XRlkwMkc4Y2xvVkF4d0lFeVRCRWowcHBaNEhvemIxcVNGYmhUOHpONURsVVZHMGhKd1lHc19jMlFob0RrYURocnhzalEyUXM5SmpvSHVoUU9WUlVCWmlSYTZaZHVsbWdYY3BxbWJsQVRfUThXZkVGMnB6cDluVHZVUHZLSTZUa2dNM0IzOExfUmtfWTF1YWxNWVoxRkhYalhzYVZJUTJWTmNIaURaUGQ4LXJlNg?oc=5","Al Jazeera","Arab","1785249173000"
"Trump Shows Irritation with Netanyahu Before White House Talks on Iran","https://news.google.com/rss/articles/CBMinAFBVV95cUxPLVlqTzRiOVNoS2FhcmE0VFBCbkJLdmY5djEwaThBcVZENmJQREFxS1RRby1TMVlkY3pMdk5sOGJET0NvWGFhRGlaS1Q3aFBEbVZsdGt6eUJ4NXp6bEpVeng1alMzRloxN0VZc1o5Y2p0Q0Z4NDlheVRkNHdLZXhjNjVoaEQ3X0xCLXlFS1BwSkdZT04wRnVCN2xJTzg?oc=5","Asharq Al-Awsat","Arab","1785253424000"
"Iran rejects Trump frozen funds plan, warns ships of Hormuz transit ban","https://news.google.com/rss/articles/CBMivgFBVV95cUxPeUFZZmZfY2liR1dtT3dVa1V4V2ZQSXJfN0dtTWE1eWJsRTgyMEROSTFpVi13TlFHSWwwUXdGVDZmUGVxNjdUNmZOVGFDQXNtYnhDN1NZMXMtaFhmOUJyWUFaZEdGSWtaZ19EMDZWaHZhZzBPR2lFeEQyYVJnWXVlSDVERWxSZlRQUjR5Z1daNThocmNBYXo2eW5PSXNiY0ltVkJ5T1J6Zk5YcTR2cjJlMHVmLWl6MHhaZXdBTG9n0gHDAUFVX3lxTE1uYXBBTjNFa3FMblZNbjNpZmdCT24zOFZOaVhTWmVmbmFmNG5SajdzNUsyd3FrVkk5U1NKS2g4djdTdkd0alRzQ3pUbkZleXNjY19scHJlWkY2ZjZ4VlNVLXBPQmZTX3ZaX2VzUF8xY3NsNmdIR3pBcmRDUU1SRnk3LVZMaW9ENGFzbGY5N3VJMnNmUmxMbExyVkZJZkRXVHFycU1GNEZPUTNhelc3SWJEamx0LUs3ck1McUd2LU5WdjdQYw?oc=5","Al Jazeera","Arab","1785253135000"
"Islamic Regime in Iran Hangs at Dawn to the Echo of the Islamic Call to Prayer","https://news.google.com/rss/articles/CBMisAFBVV95cUxQY3hDMUlydVVVYXQxd2pqZXlBek5QSGw3V1VZb0V5VldwemQ1SjdiYTZWTGlGei1wMmpjdnY4SnR6aV9IZElTY2FpbXBjT01POEhjX0YxNGplcEtQR2xuWHZSd3NUNkZmSVdvNEJJWlB1aFFmclNLNWxMREx4dHlJdGRFdkJIdko1QjZRcURZNG44dG51UkRXdGhrNDVFWjJ4bXU4RGJ4MDUwZHd1Y21hdw?oc=5","The Times of Israel","Israel","1785252600000"
"Netanyahu: Iran will be key topic in talks with Trump","https://news.google.com/rss/articles/CBMi3wFBVV95cUxPS1R2NG1pZXZwZHFsX3JCNmxSdjNnTF9IajNQcEpKODJCY2dwazB2VUxpcDQxbzZfdG9reWExYWotRVhLZ3ZPREd4YnRUZkpSUllnbkkzQzQzV2dNd0VtV3dlY1V1WjJNcXVZTlVEV2NDVWx1SVRXTVV2eUY0cUJEYjkybGgySDNiVGVRVVhRVkVHUUdKYU5GdWlyNUMyWE9oR2RDSDNVZVZ2SmthbWRHeUR4enJrNVBMY05EZGJRel81YnpZVEtCSUdJRjJRaXVndVotUXhDb3FWSzd1V0FR?oc=5","CNN","US","1785253838000"
"Americans' confidence in US economy falls as Iran conflict sends gas prices higher","https://news.google.com/rss/articles/CBMi2AFBVV95cUxPenFIdlFnQlRIREdpVzdUWDVYLW12c3NwVlBRanpSV3U3MTVNckZ1c3JJcVpVdEJYNU1lVjZoeTgyOXJBekFsTHFuSWhpTkRuWF9xd1NPRnRtOUlFb2Z0SEVmb19hbXF3V1RabUtBa0tDa3dNTl9XbUlIY0RreUxFelhQUUNVYnZXeHl4VEZqQWtfTDdUc19PbjZtdHFRY1V1SGRxNVlwaDgyamxvNExzeFNnSmJYMTNfVEx5d3FaMkFBRWZVMFlnZjhjRURMMG5qVEt3dFFfYV8?oc=5","The Washington Post","US","1785253429000"
"Red Sea chokepoint: Houthi rebels replicate Iran’s Hormuz strategy","https://news.google.com/rss/articles/CBMimAFBVV95cUxQbUJIS2FwRjI2aEpiTE9YYUhycHhITWV4OC14bTc1aS0yZV83dVdCSFg1VDBrdDN4MXNsVGxqS0JzS3B4bjFPY2UyX1BmS2d5VDhMRWlybFkzRkhON2FrNmpveFZlc3Jic0wzSEhZd2xCZ3BQY25QcHY4V0JMeUQtalJSS0ZPUTVrZ3N0VUU5ODBPdWxHLTRyZA?oc=5","The Telegraph","UK","1785255420000"
"Brave Iranian prisoners sew lips shut in hunger strike as executions surge","https://news.google.com/rss/articles/CBMirwFBVV95cUxPWUJUVFVTMXpHcUFKelN2dDJRXzNoUHFlamJrUDRyQ0VjeTExTGhBdWxXVnJnR2lGbkZTUEpIWFUxQ0hzbjhmWDR0TzllbVlQeXAxNE9pS0gybG5XcXN1a3pZTFNNX2F2NEcyNDJ1TGZLcGIyZVRCTndkaTUzU25PMnRNUExuX1pkWEtNeDVZX2ZvbkRUZXZ4RTBDRTMtU2JyRlQ4akpKV3NCcThPaUlF?oc=5","New York Post","US","1785255120000"
"Omani Strait of Hormuz proposal includes joint control, voluntary fees","https://news.google.com/rss/articles/CBMiXEFVX3lxTE1MbW5sSS1ZNkR4aVhXQlowbG5veFFZRldWdjNESE1vUE90WFJFN1pjaFU1c1FiRmlFZEljbVZNeXpfVTBnX28zOUc2emkzZTAyZWFJRngtbWlMWG1h?oc=5","The Jerusalem Post","Israel","1785255702000"
"INSS survey: Israelis fear internal violence equally to Iranian nuclear bomb","https://news.google.com/rss/articles/CBMiXEFVX3lxTE12VUhUMXQ0NGFQX0JUdkpRWENpXzhFREJvNGpYclh4OXN4RzJMcHlYU0xMMFNkUFozdzhxVW5PZGZaWjBVeTNiZVc5Vl9QZ1dETmhhdEg4ZDltajVm?oc=5","The Jerusalem Post","Israel","1785254947000"
"Oman presents Iran with Gulf-backed plan for voluntary fees to use Hormuz","https://news.google.com/rss/articles/CBMirwFBVV95cUxQS1VtOTRHbTZXZllOWTYxYy16ekRvNW9HX3BnN0hZR1dlNkR4cTZkLWVUc0tSZVJnX0VCQkczQnpxaDlLVjFjcXlHdjF4SDY1Tzh2eVNKdTJ4UXdUY2xTMFZ4LVVnOTliYjk2ZGRuRzk1alY0T2lCcnBhZTJkNzBKUnhWMWJQQzNCQzRrTEZCZi15cl94N3RPUVBXNjlEYVlRV3NSOEswS05wWWZKcHgw?oc=5","The Express Tribune","Pakistan","1785254850000"
"Production lines more active than ever: Iran’s acting defense minister","https://news.google.com/rss/articles/CBMi5wFBVV95cUxPd1BCZjA2cElBM2lGTWNGVFRfQ2dJNGV3dXNjMS1TVFZqMkF3Vm5yUUpoSW1XOEZ3US1BLWdMV08zOGg2OFI3XzA5WlZCYl9zOVZZc1dYVG9CNjZJTl94TlJFa2lfdGgwSjBXanhpWFZVSWQ5ZnFodE1KT09MX0t5U2diQXBfWUdIMzVldVdCQm1GSTRBOFJiVXJjaVpJWHFQN1NXQVFaVEx5TG1QWVBrMjJKTmVDZnJYWDZObFdFa29PNUwwWnlfVXkzZTNJNk1vc1V1MnVRR29sRlhMaTQwXzVqS0Yxc3M?oc=5","Press TV","Iran","1785254400000"
"Iran MP warns Kyiv that military response ‘certain to follow’ after ship attack","https://news.google.com/rss/articles/CBMisAFBVV95cUxQNmZrV0FJMnFsa1VDdVZ1Yk9LdG1RZkhBTF95N09mcDVaQTI4TkxPaEhPMXhzaUVhVzJjWUUzamFFczlzRVFZZGdEZE1QNV9XMUM5cDNHMmo4S3VldUlrelVPMVBoM2FQQ0RtaXdTd3FuRmxwUC03UWFIYnJpY3pwcnVfRUhhNzZ1eDVybFRFVnVndXhEYWNuOWY0ZmdUUExxdU5DeFdSTkstOHRWZS1rVw?oc=5","Dawn","Pakistan","1785254242000"
"Iran says US strikes destroyed airport, damaged 12 bridges","https://news.google.com/rss/articles/CBMipgFBVV95cUxPczJ5NkhQQzgxUUtpX25qN3MwX1NzUTBJYjJMSFRXSUxhRTRiZDJwMlVnQUZDV3p5WGNySUNSbk5veW9Ka29sX2VIU0JNX3Y2QzFFdzVlS2FoVlJZN2tkOUlDZ1N2Zkw0eW1BU1RkNEtrZ09OODlnZTlhLTVkRnFtUG16RjZTbW5iZjFWemNvYVFEdXpWRE01TVk5bi1Ia2xCSC1QX2NB?oc=5","The Times of Israel","Israel","1785256765000"
"European Stocks Advance on Upbeat Results, US-Iran Talks Hopes","https://news.google.com/rss/articles/CBMirwFBVV95cUxPemhBbVZyUUJqNXlyUzEtSS1VTGZqZmtuOW00RUxTYV9KWGFkLWhxVHhxMUljZ0lxQ2xmT1UyNGhhbE04SjBxcFlEZFRRbnFWazBWQ3R0YmNaUEZGZUk1UXhTa3g0NVRCbmF6d05rbG1lTWEwa1BSVWQ2SUtGME9JamlrYWpYVnl6WXdpcmhFbXFXV0ZqejlITlN0MWtaNDVFWDJ4alBWeGVCSU1DMmhr?oc=5","Bloomberg","Global","1785254986000"
"Iranian asylum seeker’s 15-year fight to stay in the UK: ‘My dreams for my life are all gone’","https://news.google.com/rss/articles/CBMipwFBVV95cUxQTGJKZjU5T09Va3JkNzBsSkRxejk4cXJlWFF0eHNsVU1wV3NMRmJ4eldTcjhfVHV0aHdKRFVjZ1RfV0dxa2lYUUFLSXdHZTdOOVhobkVnMHg1Z1lZU1RneHl1V1JtclJoQXRGcF9zT2JHTGd2NkR3NjUzMGVuOWhnWUZpWk13YlFZWS1iaVBXSGJyOGYzeDlHdlY4bzRmcGdVaGpaSXdFZw?oc=5","The Independent","UK","1785257280000"
"Trump threatens ‘strong military action’ against Iran if negotiations fail","https://news.google.com/rss/articles/CBMiVkFVX3lxTFB4eFhRejF0ekpHZE1HOUVyck1BRjdsUFgwcFdUSFV4NzFfOE14cmFlbEhBdHFKWG1UY05MdENOSHBDSklnWVdGOW94YUhVNGdjN0dqWXln?oc=5","Fox News","US","1785257065000"
"Iranians clash with executioners in first protests since Khamenei’s death","https://news.google.com/rss/articles/CBMiowFBVV95cUxNS0F3ZjVLckdlaDVTVGNFVW9IcWFzZldWZnc3QUZOdWctY2xWWnZfZHJIWjFfOUlaYXVBbVlpNnZ0dk5KRS0yVEVydG0yZGpWZWs0ZXdibDlhWUdZLTJHaERZTTR5UDN2cXFLbFdrUWgwM0ZJSlFaWVJzaGhsVEJwQWVTTkxBU0ZtZS00ZEwtcjk3d0lVdVlLNFB6VWpZV19qTVJF?oc=5","The Telegraph","UK","1785259080000"
"Video: The Iran War Just Put Another Key Oil Route at Risk","https://news.google.com/rss/articles/CBMiqAFBVV95cUxQVFkzRkdmTnNZaV85aVY2TnpwaHJKa18tbmRBUVBSM1d2ZjhFd3A3Z292bFZhVnNpdjdpQmF1ck92bFhuVGxkal9sb19RNlJsQ3BSYl90Y1IzZW5fUlV3ZmNkYTI3SzRIOVJPTzF0Mk1pZmpEM2dyZzFMbmNHQjlveHN5aXFtb3RIV3pCaE4tQVBhQWhHY2pxUzJUMkhpWU11UWlXOTJHem8?oc=5","The New York Times","US","1785258814000"
"Iran executes two more men six months on from anti-government protests","https://news.google.com/rss/articles/CBMiogFBVV95cUxOTjVTb18wVTZoOFVzaG5FY254M000N3ViTXZsXy10TmFNWVRCcU5YajNrbDF6TEN4WVpGZko4WVpwMU5Ib0FrX1NONU1zNFhfQzRRNVdFZHJiaXQ2SVljTnZJcTNFRGpIb0g1VVJKMDUtUjlneWdlbkI3UF9XR0NsTUVCWmpHWTZYUzBQSmZERHpRRGI2ekdmWEdmU0xwc0Rqanc?oc=5","The Independent","UK","1785258420000"
"War on Iran: Phase II: Day 17","https://news.google.com/rss/articles/CBMihAFBVV95cUxQTTZHOGNUMWRlLU9maXpBNjNMc2pzNmtMUFNxSjNPcWpVWlh4aERqYVAwbENjOWpJYzlLQWVqLTFseGUwSTQ0ZGtZN0tzX1VBLXI2cGdKaHJkU2h5VkNlb0lod0J1cDR6cmQ1Y1V3aTdjTVZjOUVIZi1HbDZXa0x6eFc3RUrSAYoBQVVfeXFMTXp6ZzJnT0RQWUpXZTByWVJCRGxYWHFMR19MSWtrZk5sb3ZTY25wbkNfcXFyUXdEMGpMbTQ2dzctR1I4ZFJ2WmlmOXBvcTNjUXVZR0Q3YWs1a2RVelI4QVB5SWZoVGlyZ3o3a2pWYTUzWUg5ZTNFUWdMSXk4ZnBpZXFHbzVUWktFT3ln?oc=5","Al Jazeera","Arab","1785259679000"
"Senior official after White House meeting: 'We are in critical period'; Netanyahu gave Trump intel on Iran, believes there is no choice but to attack again","https://news.google.com/rss/articles/CBMisgFBVV95cUxObDBPMDc2Yjg5VkI1MzBYbWwwSEpNbW5QN25od0pFX2M1TnJDMUkwU1JUVTk3eGdvNldBQ2dBNUhKREtXNFQtRmw5Y2xqdm96LWF3a3lhRmpxVmRVaTFLeTJESEQwMW1TVC15WHZuNTZOZEVpdndCOFhnZUVoWjFhdk1hc0pJRU9zbUc1SXR4SmstbWU1bmNkWTk3b1pMcEstVktaSS1Ja0xfaGQtU1gxNnZ3?oc=5","The Times of Israel","Israel","1785258866000"
"PHOTOS: Trump, Netanyahu meet at White House for first talks since Iran war started","https://news.google.com/rss/articles/CBMitgFBVV95cUxQUnNBUkxuOXFvemdsNWIxckFxWVNueEhkVzZTVEIyOU9zUUZDNHBVOWFXQjJHN3VHLXdjUkZZWW9fcHF5X2tEd25rb2hLZEFLSjhkakkwYURFZm1JTW0yUERCN0ZMNk9PVG5qS3d2NGd5a2kwR0NnWjhpLUF1Qk53U2FHSFJ5VDdVUDI3QncycGJmNEtMWXZ3cXEtcGxFSE1lY1pELTZHcWtOUnRaZ1FWOFlNQ05GUQ?oc=5","Dawn","Pakistan","1785258476000"
"Iran ‘not afraid of any action’ to exercise sovereignty over Hormuz","https://news.google.com/rss/articles/CBMioAFBVV95cUxPSVpfeXppb3BTbGlPRXVrd0stdnRmNy1GckxOaGYyMkZkV1JOd1ZqQUJacHU1aFJVVW5RSlhGTGhoaUttS01VTDRtTWRlZ3U2NXB0WnNfUHp5Qy10b2tPMTZpQWFZS3hCeFRiN1RpMXNXX0tqelBNWDNkdUJtdFMwZHh1dWFzYldxdHBhTW5jd2tGTkZiTkhOWHlWYTJiY1Zk?oc=5","Dawn","Pakistan","1785257491000"
"Al Jazeera: Iran war live","https://news.google.com/rss/articles/CBMiyAFBVV95cUxPeG5qTzRiVXNQMV82djBXQWZDM0hBQnJqV29XM290VjdxZWEtRG1USDZMSlZadHBPZ21Kdmo3OS0xdzdSb0x1MUxhWUxpYkhOd3JKV0VhUnh6ZjljcEV2c013bkRrR3I3clh2V0poeHBzYUE5SXQyTTJaMVpMaEZsc1g1RkJHemVUR29xVlVfSUJvUlhCVXBEeTZvRXMwcFZkblowal8yVDRkOFN1NFZZY3lpdnV2aU1WVE14ZldvTDQ2WmpqYUZkeA?oc=5","Al Jazeera","Arab","1785256862000"
"Iran proposes temporary Hormuz plan giving itself greater control over transit lines","https://news.google.com/rss/articles/CBMiygFBVV95cUxPczZLMUx6WTFFeUFBTWpnZV9pcjlkYnk3Vk1sQmtuTTU4MjdHMTJ6aTFHV2s2VjRvbUoxTzB3M1dFc1ZWWlA2ekJYdG45OWIyREEyaDc3aDhocHlIQ1lkb3hrWEVLRUVlbVp0Ukd6VkQ2NGZHbkl2cTZBMmQwc2J4LUpVdVpWb2JreWdiTUpUakY5VDVUS2I4R2k4XzBmaFhBY1gyS1dMMVJ5bFZUYVhGNkNHaWNLVTZxS042QVFqYXdWclN6cFRkRFp3?oc=5","The Times of Israel","Israel","1785261566000"
"Senior Israeli and UAE officials reportedly held meetings in 3rd country to coordinate positions on Iran","https://news.google.com/rss/articles/CBMi5AFBVV95cUxNMmFyTTAwRTREeUwxamFmSU9Pb2pOZ0Jwdk9DeEpCMlBZOS1RamN2bHQyRFRNRHpWTXd1MEhVWUw1aC0xYkRsdTZGNTkxeDN6bTFldThSVnZfeDNqdXZYeDZlZTZqSTg0RnhqVGowZUp6Um9zUXNfUEhwWWw5bUtsc3FiSWZKcFdBOEVLMWxQYWd6Q0hMdnlTb1hiOTRhTDRwczBpSmc5YjJOU3ZpNmt2ZGZGVnJFWmJ3WFlTSHlfODdQa25Kbm44M1JHbExVcjM5eDcxQlFIS00yRlBNdkJ0cUZDbzc?oc=5","The Times of Israel","Israel","1785260666000"
"Amnesty Condemns ‘Escalation’ in Iran Death Sentences","https://news.google.com/rss/articles/CBMiqwFBVV95cUxNZXotSHQ0TmR6dlAwQzNOV202QXkwY3dDZ1FkZ1NteGR5RldzbmJiVmw4aU9xWm9qMEd6cUZ6R2RZZjVmOVAxeHNhUVk2emcyalptMFVNcmVFMnFhOEVLbk9BbXNfY09kdHNleDFaTkFpSkc1UDktRjNCYk1WZkhaQ1VZbFA1UXdxeTJ1ZnBMdXEtbVM3R25xRVd4SnVtZmJwODhGeUdKa29aT00?oc=5","Asharq Al-Awsat","Arab","1785260550000"
"Ukrainian FM speaks to both his Iranian and Israeli counterparts","https://news.google.com/rss/articles/CBMirwFBVV95cUxQWXJwT0xaZTJzbWIwUVVUbEMxT0ZRNnU0cGFEUktBaWkwbnVjVFRpeEE5MmU1TGdxYnhlUVBWZU5ydXFjakxvZ2l3MTg0MGxSenh1Q0VYdEdGWXJhWXY3U3NNVjFpMUdnMnlGejVGSV9aRHZfaExlMWRtYjFfRjdBekMwYzVKbWlGR0M4MUV2UW5iYVBMMDh0UTJBUkdzWV9uSGpQNmlFSFdpdDN4RHBF?oc=5","The Times of Israel","Israel","1785260066000"
"Ukrainian FM Says He Warned Iranian Counterpart Against Escalation, Support for Russia","https://news.google.com/rss/articles/CBMivwFBVV95cUxQcWJnLVlvMUVXcXh5SUw4MmdzN2lObnd2aEEyNnZZX0hXUWhGYjlLcS00NW9kMm5ka3oxaFhNdUdycmJWeklmQTVRMXZ5b20ySHFOTWZXVXotdEhUMC1qWkNaekdwZUd1REs3SUc0Rl9pLUFiTDd4VklRQXFvSXZDSUV0OXcxWGFWTXd1TExOX1FzdjlubWd0d1AtV3duOVl3WmtRZy1oOFV4QzFtQ2ljeVJFNmVYcXFYbWtNcEpZWQ?oc=5","Asharq Al-Awsat","Arab","1785259847000"
"Netanyahu visits White House for first Trump talks during Iran war","https://news.google.com/rss/articles/CBMiogFBVV95cUxQWmMzalZPQ05RMlM5RG15N09oQ0tmY1hJalZ6WlhEODNodVphQWE5LU9WRU1fU0s1Z1dhZW1FWmFzSnltUWlMSVk2LW9tOXNUa0FxNXB3U0tCR0l2bkVOU2NRSTBJQVNxRENTOXZZR01xNmpuX3pOMmJmME1IcUdEeWZCMVQzRV8zNEl5T3Vza1JEVkR2YUZUSjNIQ1RiRUlfLWfSAU5BVV95cUxQdC1JRFhHYXJqR1lEZEZPbmpkdEVVV19oZTV6eVZkLXhhcENpR3JTdkktMng0RUhCUGdEUWhPT0lWcDAyM1pJMzNFN2FfVlE?oc=5","Dawn","Pakistan","1785259809000"
"Trump hosts Netanyahu for White House talks on Iran war","https://news.google.com/rss/articles/CBMixAFBVV95cUxPYmNNYmpaa3dycFFMNHhtUGdkVnhoM0hGSnNPa01sTEY3N1BTUHlINFc2Z09iRWpmc3VLZVVGRHZCT0EwVWVGUHZpU3JVaVYzeDZaelY2dHVtd1pjYXcwSkJ1cUd2N0RPdTZpYjItTXJWNXk3VzJOZnNxU2UxTFZQWC1mUmR3eHZpVVBJcEFKWFBNeDlvT2xEcGhpd2VvakJuQkRmM3lmLXdxOG9EZmtxdWs2UlFiWVMzTzU5Q0hUSDJwbWls?oc=5","Euronews","Europe","1785262350000"
"Iran proposes temporary Hormuz plan giving itself greater control over transit lines","https://news.google.com/rss/articles/CBMizAFBVV95cUxQeXBHR2k5aGdkSDFSZkNzUnFwTnRYQldoc3dGSkNfdk84ZUxNMUtPRkxhd0thWDlNOUl1THFjTGNpUi1HVmRSN2EyOFBJaHNfdi1tME1ycWdJT1JEeEVsLW03cGdtQ0NjQkhsVngxOFFwb1dSNzRKcDR1d3pqWmRUQm5PQTE2MEgyLWFUckZWY29BVDY5VFhIdmRIeEI2LW5tYWVmaTRHMF9JY3M4RS1NTzhqWVBSNW9mZXV2c0hNTXFsempOZUFsN2cxSHk?oc=5","Reuters","Global","1785260984000"
"Iran expert brands Islamic Center of England Iran's 'UK office,' urges immediate closure","https://news.google.com/rss/articles/CBMisAFBVV95cUxOZGRhNm1uTmt3aFJMNkcyQ3oxUHpRbkVKcHY3THVjaUFHYUxqSG01Y0QtblZvR3FmSThhS1JvTnVacElUUGNpdkNCZlhsU2N1dEpzdDQ3dkVXUTBPZjFvU3NkR1VJQ3RZSTk4MHh6RWE5bU5Gb0pTQVdnVWVNb3pCQXprelJXcUNTdGE5THdGX3JSN3BRU0swOFJ1MWdKSGdCbnZzalo4STRGRnh5T3JsMNIBtgFBVV95cUxOTmlSenhqQ0QtN20tR3cwQXFhZ3I4b3FMTHZPQkxHQnJNYmxsd0FlMnpnSzI5b1FZM0pSVTFOOGRqTnJoWWNhd2dVZ1VjUGZINUgxOGtjcTR4S2pzcjBTWXRDY25GNm5IUlByeE05WWRLOWtra1lqLUJxQ09UV0wtUUpxek9BbVR6c0I4alBFNk1pWlVmMFUtdjJZSlE1TzFHN2g1Z3dtc2M2dGVrb1Q0SjdMNjNhdw?oc=5","Fox News","US","1785262567000"
"Progress reported in talks to resolve Strait of Hormuz crisis","https://news.google.com/rss/articles/CBMiXEFVX3lxTE1Xal91RmgzQngyUEQ5UkhKQXZFQm02RFFhZEZCSTltWmFhMFhadmRiZEYzRzBkb3pCNVB6QWRENi10em5BY0taYnRIRWp4T29xb29qR1NMa0R5WS1M?oc=5","The Jerusalem Post","Israel","1785263120000"
"Ukrainian foreign minister says he warned Iranian counterpart against escalation, support for Russia","https://news.google.com/rss/articles/CBMizgFBVV95cUxPODlhMEY0Q29TUy11UGl5TVowMmdEcXVMTk1pQ1NPeGRYR3Jkc05NempuX1pKS1Z4NFlfS003cG9BRjdhQ1dMbVpEV3FIR3FvSXVOQ1B6X1dVc0pCb1phZ096ZkhaMjdsa21hOG5pQnpBUjBQaHdyR011MDlrMUJmeFo4UHNIZjRJV096M1VZX3hLTWlQY2FSS19TcmFDUkZoTWJ5R0pVeXdITzRZS09LRmcwcTFlbW5BczJPYTAtQldMbXQyNVRaVTJhRnlWQQ?oc=5","Dawn","Pakistan","1785262983000"
"European warships ‘legitimate targets’ if they approach Strait of Hormuz: Deputy FM","https://news.google.com/rss/articles/CBMimwFBVV95cUxQcUt4Y2FnV3NjeWgxQ1piWjdBajM2NjFaU2lPRjR1WkZKZDNkTHp4cmxLWng5ZFFjeEpCcHgySHgzTlltMGxtVklBaXlPUTNYTGExWHpCRnJzNVozZzl1NmZySHhtb1doblphVWUtc0ZXUmZIdjdvQnpna1VYbi1NMDAzM3laOGU4ekRBaWdMcUl5V0pnaklLOVJVRQ?oc=5","Press TV","Iran","1785262980000"
"Iran's Pickaxe Mountain did not come up in Netanyahu-Trump meeting, says Israel's public diplomacy chief","https://news.google.com/rss/articles/CBMi4AFBVV95cUxOR2xFSmRLSFRGcHdwc3dlNUNJcVdsNnFVSHpfNVhrMF9Oa2FIOWpKRWo0bl9SS0pwVW9ORjhxVWFQRlJYaGp1bzhaaV9iWGZSUDkyaWtBWDF0QTZVZW5YVnlvdUprMW1HS2pZQVlfX1FHNWplUkpqOC02em9mcXl2ckdSNVl4ZktZa0EtU2VTNklFUS1acUc3Z1l6VGcwNlIyX1dRclkyc2lzUXB5TTA5N1Q5cjhsSlFuQXBqcDl6NjB0dU55VlVBclZqWHNVbEI5aTRiTWE5LTBlWVM3eE1WeQ?oc=5","The Times of Israel","Israel","1785262603000"
"Iran’s Araghchi holds phone call with Ukrainian counterpart","https://news.google.com/rss/articles/CBMilwFBVV95cUxPTUMzY0RSdnktMWZrSi1rMjRkZzc2dEh0Z3Nnank4NE9neHN6QnV2VG9tbFRJeG45cmYyUDBrRGJiMWdSX1ZabkhsMDVGdkJkTERyRllsMGxXbDRjMjNBTG5xYUZuMk9tcmVTLXJMdFg4SUh0WmJNR2FTUHJWYVBycU9ZWGVQVm10QTM5ZVZYS09yTUQtWURZ?oc=5","Dawn","Pakistan","1785262443000"
"Lindsey Graham ‘almost cried’ tears of joy over war on Iran, footage shows","https://news.google.com/rss/articles/CBMisgFBVV95cUxQdzlYblZmc3VEYTdUN29pNkhDYUs1T2pqc2FIVE5Xb3gwNnlOS2dpWVUwNXpnNGxXck1NNk9BcFFaSzEycVNsa1V4OXVDeFo2dDNpbG5yandJMW1VRHpBRjZfOEQyWHpYVzZhTjEtdEswWEo1SG9YcjRfQUg2N2psUGZhbUUtUEhFMzFQOWhSVW9xdUhXaHdDd0FoNVVaQkJLWUlobmk4aTFDWXRWZ0gzTGxn0gG3AUFVX3lxTE1iZlEzcE4tRHBXcDR6TWp4SUVnek9yYmZFQ1J2Q1hzQWFuWC1zMkQ2aG5BTDdiUkVUbXduMFBZMW5GbHlzWnk3aDcxdnVsanBJU2RiUWlSSlZNRE5JcXJ2ZGtUWEZZRW1EaXJpZjI2Nm42cTRZLTduVGZxMDB1RmYtWTliVklXQ3pUbFVJaG9KckFwQVdpX050clhBSnNuM1duRkNWdHhCU3FiNUZETkVKbml4bmpoOA?oc=5","Al Jazeera","Arab","1785261902000"
"Al Jazeera: Iran war live","https://news.google.com/rss/articles/CBMiyAFBVV95cUxPYzNpZDI5Z3MxM1BHM0dfVU9BcjhPd0RUTFV1S0M1RkFwZ0dqLXYyN2dBc1BVVmRXZy1GSXljSW1GVjZQU2pheW5fZHlYQ2xseU8xWDR1cmUtUTQxekhQSjNwYWNpNlMwZTVDb2Z4SWZjbzhRaWdCdE85Qy1tTWptVnoyV3IwVVhxbXZaR1Q0UjZ0dWNhUUlDaFloekg1RUNKVF9uUzQxWEpPNlg3a1BzUW9CSExuSGpFUHlWOWlKVmo1MENXOFdZdg?oc=5","Al Jazeera","Arab","1785259859000"
"Ukraine FM says he warned Iranian counterpart against escalation, support for Russia","https://news.google.com/rss/articles/CBMi1gFBVV95cUxNa2RnNkpXaVhJWjYtN1hFWXdxNlFTWmdGbFRlS3Y4UjItVTNDWVFEUXFaNTEtb20zLUgyTU9wZHdsQ2Q2RTFSUjNWeE9HeWlPSDQ4MkxFNTJqbDZLMTV4enBjVnlXTUpEc3dvbG02a1h5S1g0OVl5eUFVU1p5bTVfelRjVnNmZU1JTEdLOTRqQlJFR3NFWTBMaXJUaVRJR3FwVTJRc3E3NUhDLTV6eDIxeGVrRjdmSFlDWFBsMC1ZY0VZUjR3X1dfcGRvUHZOcEVHNEhPS2130gHbAUFVX3lxTE8yTEU3anZwSzR0TFNtd1h5aTUweV9uVVUxWkY1SjQzV3poRGI3V2w4VGw4Mms2NWRHUnhMVXZpUm8zWEQzYy1CaElZanV2S1IxZjdiOGRZbEJFVml6RnptR2xnQnU2MVhMblVIc1BIeWhHUHRLeVdJMmc1T00ySVZGRHdtbzFwRnJnYjlQNmxtQmNoMEhKOUlvb1lZcGNWaUtPZzdlc09DVHFJUS0yb1RwcWo4MlZhU0JOSW1xSC1sRjJLQlRlcGdaSkxGVW1HeTZxbXNRSlRhSDlIQQ?oc=5","Al Arabiya","Arab","1785263119000"
"Al Jazeera: Iran war live","https://news.google.com/rss/articles/CBMiyAFBVV95cUxQYTJIUzhZTFlZbURhQThxSEhYbEpEaXd3aUV6cU8tSUNaMHpvQ1hjY0RHZkVVNUFuampBZGt0Zk5HZWVMRjI2VUZBa01tY2kyUnV5eUtsc09pNXQ2ZmZCQ2VjeXNic0ZZaXNiX2RMUS1sZzJIZjVZYlpCcHVmTWlGNGJiWTM1azlGMXRwQ3QwUS1XaTktNElXUmdWRUh6bjV2d201ejJ5dk5qUXNETktQT1ZXcTJ5MUtMNTh6NzhyNFA4dEN0NGFxMA?oc=5","Al Jazeera","Arab","1785262262000"
"How the Iran war has deepened Saudi-UAE rivalry","https://news.google.com/rss/articles/CBMijAFBVV95cUxOanRtQk1yZDFVQ29WQkhaZFh2S0huSlF5RGlXVzRMbzVIQUc0UmdWN2tLUWlsTG0zRHU4WnhMZEJMYzgyWXFyd29JYW56X2J2QWtFY2M0dXNxZzkxanowUWhWdG8ya0k4VnhhTWFnYV81dFMxakVZNXNfQ1AwSVRjTjlXUHBrX0NFM1g1Qw?oc=5","DW","Europe","1785265229000"
"Trump, Netanyahu Meet at White House, US Dials Back Iran Threats","https://news.google.com/rss/articles/CBMiswFBVV95cUxPbGdoejFzX1pRU2gyTEpqXzF0Qy1hdDYzZ1lILTh5Y0ZZYUJjcHd0TWtrLUR5Rmh6S2t0V2NSMkc4WTVBclpDZGlZY09vSVA4QmRHWHgxMmpvbDJpYkFMMUg5N2h1OTBmS3RSZXYwWnFWanJQLVdUY2pLb3RLczJfNEhYVHVpSHVUaC1EdGlxdHhIY3ZCN2hBdGxRd2RnVlkxRDhfektvMDFkZDJzcnpmRUtqRQ?oc=5","Bloomberg","Global","1785263947000"
"Ukrainian foreign minister says he warned Iranian counterpart against escalation, support for Russia","https://news.google.com/rss/articles/CBMizwFBVV95cUxOSVptTmZYNEZfbmZIT1J2TFBrUGpYRGg2MEtWYzBPeTNYMDBuTFdPRmN0UmVVMUdRRUVMdTNWNE0zR2lJNjJXMC1TMFc5dEFwSW04OTF4cVBtTk1MU000YlpIWWF1Y0UyelhsVTktaWZQX0JzXzVwV1FOTFZ0RE5FY3ZBWmFhcWswUWFzelpIMzNybm90OU1PUjFScThZN1ZydUJxaGJuOWE1SjFtMk5aY3YyeDBhSkFPSVBuUlJrVWtKbDhtSzBNR3lsck0yNGM?oc=5","Reuters","Global","1785263362000"
"Iranian national speaks out after 15 years in UK asylum system","https://news.google.com/rss/articles/CBMikgFBVV95cUxON1hiS0laNURybDFsZ1RWRWR5cjdlVlBEYm1hWFpMWUt0aXhldXBTQlU1RFBzVXBoVlZfLXVBLUxqOHI3VlMtV0FmZlJ3bXhLbGI4QjFxMlpqTEVMTDRhLTBMS0xGNFJEQjZEdV8wc3A2dkdXZl9BbjFtNHl1VnA1dXVJeXlWbnNaQy1ReU43aTZrZw?oc=5","The Independent","UK","1785264600000"
"Trump to Iran: No more broken deals!","https://news.google.com/rss/articles/CBMiVkFVX3lxTE0xNFNZV3l5QnRkSzJpREJfcU16ZHctbWM2TGFNbWhuYV9hOVRBZVdfMWI3VVpfMnpWQkxLbUMxNW9rc3d1SVhjTXA5Snl1QkE0Z0ZISUlR?oc=5","Fox News","US","1785264064000"
"Balance of Power: Trump Dials Back Iran Threats","https://news.google.com/rss/articles/CBMipAFBVV95cUxNRC1NbmlHekFMZ0NCQl9ZZHZmYXRld2wxN1F4bDA0QVNOY3lKX082TG5ONElFZUhrd1BGMDhSTUhlQmViaVJIVi1CZTJfSXFXa0lqTko5TWZ3NWwwM2xjeXNDRVA3US1ZMldIT2NBb2VjZ1c0S2FlZTA5ek9uYy0zMGRNb2VScHAwTGJJWl9zSXB3ZndCRXU2THpva2k4WXFjaldfOA?oc=5","Bloomberg","Global","1785265809000"
"Iran Publicly Hangs 2 Protesters, Rights Groups Say","https://news.google.com/rss/articles/CBMihwFBVV95cUxOMnFPdGZsa19vMWtDcGNWWkJ1enVsc3VJLXVVS21vdnVIYW5SWjhNYTU1S1VFN0FseUgycVlCRjFHX1pnaDRjcVE0NGlaQ190OXpydVdlSlRjSWlOelFMTFNpSlRLWVc2azJ4WFozYlR1a19JTGI4amNNN21YaUZkQkxmejI3bUk?oc=5","The New York Times","US","1785266624000"
"Iran said stepping up effort to physically harm senior Israeli officials","https://news.google.com/rss/articles/CBMipgFBVV95cUxPRldjcVE0VmJnMGtRZjluclZ5WmxxU19nTTkyYnR5V040M1F6WUhuV0FOYW4tS2Z2WVJHN0hETFVBUEJSVDJidmlEMHNKRXNaTm9iZHkxZWNVdHNaOFRBT0hpLXNlNDIySmVsRk8tVzRWMjlocGN2d0xhQlRKb29GdV9kOVA2MmQwQ2pDektCV2hDcjl4RDIzRXlsX0JwMmVjX2dsNXVR0gGrAUFVX3lxTFBnY0oydkoybTRmQUF3QnhaZ0loZnlYbUdtazhVMUhucVd0ZWdnZXJwTUhfWk5XVTJkdTRBNzl1V2J3YTAxdHBycXU4cWRvY1lGT2ZfRVdxRmRSUFhTV280aHMxdnRJaFJaZ3FuLWVLZ3EtdnQwTXkzYXA4MUZTeEE1OS1Zc3c5UEdudFJwY1MwbUNkUHRhOVBWc3lJU3k3Q3BFYWctWEVGVHQ1Yw?oc=5","The Times of Israel","Israel","1785265957000"
"Araghchi says Iran does not seek escalation with Ukraine, but demands restitution over ship attack","https://news.google.com/rss/articles/CBMiywFBVV95cUxPZ1VEUTNsQnBEUzhKM2RJR0lCVTNMSTlyY3hEa2lnMm5HQzBSZ25VWGRtNmVWbE9WeUE5d2J6VXZQb0EyTDNDWTVmTC1hSHhxZ2s0dkU3VXFLbzlGSWx3dXE2WWVXYzFvaVFnWmRTUVJhNmRaX0xDY2t2UHJrcllIM3BmNGV2bkU3WHFEakRJc0NPbmtpNFNJN291M2ItQ1c0QXFURjhWSEY3YUlGajRHb2JUREpSY25PaFVhZjVyOGVOYWVtcV9kTmhORQ?oc=5","Dawn","Pakistan","1785265664000"
"Israel security forces recommended Benjamin Netanyahu leave discreetly due to Iran threat","https://news.google.com/rss/articles/CBMiXEFVX3lxTE9vOE5SbzF3R1Y0NFZlVjV3TFNocG9oSF9oVEh1aU92SzdacEtLSzhWNVZUS3FQNVFYOG1waWJfeUx0TlhsN19fekVQUlRQMjA0UnhFM01KUHN5c25S?oc=5","The Jerusalem Post","Israel","1785265396000"
"Diplomacy chief: Donald Trump, Benjamin Netanyahu discuss Iran, Gaza, Lebanon, Abraham Accords","https://news.google.com/rss/articles/CBMiXEFVX3lxTE9yTHA2azgzb3pjNVFlcXlSYTVfb2JuTVVodGx6MTBTN3VYY2R6TVF1d2lIWXhTdEsxVDM4akxQX0J1SjYzb2p5V0RpX0xLb3IxUjhkZXNOMWhtaTNv?oc=5","The Jerusalem Post","Israel","1785268229000"
"Iran insists Hormuz Strait must never return to pre-war state: deputy FM","https://news.google.com/rss/articles/CBMifEFVX3lxTE1rWW56UTZQNkQ4UFNrbDNlVWVIQnNuVzM2RjNicWtmUnJXQmU5Y1g5YkdSWW5tS1MyMHN1b2EzSUlTbFhuTm9DbThBYW1nMkdnekd2dy1BVkR2M1VkaGhHLWlDTTl1ZEZDc05ycV9HejZUQWpYVGE2anl6U2U?oc=5","Xinhua","China","1785268185000"
"Explainer: Why is Oman proposing a new plan to manage the Strait of Hormuz?","https://news.google.com/rss/articles/CBMipAFBVV95cUxQbXRyekdNLTJicW5na3REMEUxbVF1X2NLUnBGOTRVWFRCS3QyMzFhNFhHM0lmeVBzTTE3VER5TmwtcU1aWkotR05EbFlmOS11N3A4Slp1UURHU3Y4UkdqQmF4d2tURzVseWYtT2taMVJsNVNBOElfdmI1YnlSQ2k1aEVTNHVTRnIxeGJQT3R6WllNUGVyRF80T3RYeHMzRTM5RW1UUA?oc=5","Reuters","Global","1785266195000"
"Stocks Close Mixed, Trump, Bibi Meet, US Dials Back Iran Threats","https://news.google.com/rss/articles/CBMirgFBVV95cUxOTkNmZ2ExWUxFVlhfVHlkWW9la1FualcyeFU2WURibmRDU190UXNlSnNFSjhWTFVLYnRsZ3lsMEpXajlycVR5QXlNbmVBLW9ZMERkdnBuZXdUWEFrTE5ZSWNoUmFKRXEtaHVyelB3dnRSMHNZb3psckJ3ZlJxYjIyaVk2WmVyM3QyZGVWNmFQSWtjUWlnNlZuaURHYzVWSDlldFpCam9jSEhMd0tjNWc?oc=5","Bloomberg","Global","1785270034000"
"Zelensky and Netanyahu meet Trump as wars in Ukraine and Iran drag on","https://news.google.com/rss/articles/CBMiWkFVX3lxTE83SGlSRkM0dW9SNjJ0SkRjWURxQk1jeGVIWnRHeU11ay1xQWdlVXlsQ01JUFRpaWxoeHRaUmhoWC1PenZ6S3RwUkkxaDg3UkQtc1dldkd2UUk2Zw?oc=5","BBC","Global","1785269324000"
"Oman presents Iran with Gulf-backed plan to ease Strait of Hormuz tensions","https://news.google.com/rss/articles/CBMiwAFBVV95cUxNTVNqdlpKWlZnYVpmNVdIZXMzYkEtVXlKcTk2c0NzZk1PWWlkWTlPcjk0SUFKZUoydUxHRzFsRVJOcjJxVk5VWmFPUUc1WEZWWEthTmI4b2FKdExadkhLUERvcmFGYjZ6RTR0cFBJNEZhajItUjNIQzVTVDVhb1NOZW94M3o0R1cwSlFXUmpHYWlOYWhyYjE3dTdEeWNjZ3o0Z2R0NHpFQW1mNWx1YWZjUDkySTJ3U1l1UXowaVozbFM?oc=5","France 24","Europe","1785269253000"
"Ukrainian FM tells Iranian counterpart country must stop supporting Russia's war; Araghchi demands restitution for weekend strike","https://news.google.com/rss/articles/CBMigwJBVV95cUxOTjF1UTdEeFJldUxqWGlYd3dSMVFueHFPbmhBM1oxUGNpM0R6aTh4VFdFNkhmTjBwbXlpbUhlS3FZWi0xQTBmOWFOQTJEcFVJTWt0eDc4cVlrS0g5Sm5PM1YwalhIdHBiYmVmTjh6NHVGbktBQkh6SjM3akdleXZWT2tleGFWMTUxZVZOTmFEbUljV0o2aS1qV214Nkd4dlE1TlUwV3Q0SUpXamdZdW5KZEJTMEpTdEFldlM1cUQ1SmpyQWZxWW9zaXBISnA0NzU0WVNlZGFoazJ2OGtmVmdSQkhaVGoybkJSYTUzdnU2VWt1WHUtQ0s5RzUwdTVvUTdybUVB?oc=5","The Times of Israel","Israel","1785270165000"
"‘The question is who blinks’: Two writers discuss whether Trump can win in Iran","https://news.google.com/rss/articles/CBMirwFBVV95cUxOZHRuZ0NfX25NcWZZaVZvaXpDb0Zpd3pMbmJCdFB5MEowWlJnYUhPOHlBbEtsbmduRVpUTlVDNkdpRXFoUDFlbmJqSVdsYjVXWDZ3MTVzQ09EejBCdU5sNk42ODMwV2F2Z201UWxLemw5OXFxSXFZUllPcXFXWTdqdkFkSHowbV9kWnA0TFN6QUZ5MmdaUUZmak9DeG5LeEhMbkVlNFBNR182azRzeDUw?oc=5","The Washington Post","US","1785272474000"
"Dishonorable!' Crowd yells as Iran holds public hanging for two protesters at site of anti-regime rally","https://news.google.com/rss/articles/CBMi2wFBVV95cUxOcDB3SEZYR29iMzFfTkpCMDZTVlhESEF0aFVEbmFrVm5na3lRdGJkUkpoNk0zRUVLdVA0YmFfRU1nUjVDUnpoRGUybWFsVTdRTXVYT0dTdEJMemNPUmtvX2w1Q2x4bFFyMlphTk1JbGVkcDE0WUUwdzhoYlRDWUdOVl9UNmdaSThPZTZrekdzVml2V2Fqbm1JZlZRVG0xSXlrOE1JZ0thZHQxNDJlZDJFUXhIYnRsRHlzXzVBZldxMVQzSXkxQ2IwQkRDbHl2dndsUzFsOTEtRGpxVzQ?oc=5","New York Post","US","1785272160000"
"Allies shrug as US pushes for Strait of Hormuz patrol","https://news.google.com/rss/articles/CBMikAFBVV95cUxQYkl3NzBUX1c1UkV1SnJSUFA3RzJ6SnhhUU5xZnVtdXZBeWVwdlU0dmctNDIwX3Y3MlZENWpNbndacUxqVlcyZlJLTlBrLTNMNVBVNUlDbWVNd0t4ZGc0bVk0cmFyZTZkYmRuVnlhMzljVGlodlFuWTFKMmJiN043QkNFODlCZmdkbFVHMnZHeTY?oc=5","Politico","US","1785270600000"
"Lindsey Graham warned that Trump was letting the Iran war ‘slip away’ just before he died","https://news.google.com/rss/articles/CBMisgFBVV95cUxPVUpCY0xzQldLRTlPV3YxLUJ1TUJUVzk0OU5teVZGRDFVVFktNi1GYnRwRTFoQjFDa1NlS3lNYTBpNWxRT3VMQzFhUmhnWGN4eFQzQmQ3RkRnYmNBRnF1a29GRlRCLVVTcUN5V3NLTWpVLUpKZEQydHE2WkROaXBTOEhGWHBCS2ZCNlZSYWJnMUdjLUxwbkMxdkVLQ0FkT0d0ai1LdENWSzdYVFVjdlk2dDhn?oc=5","The Independent","UK","1785270420000"
"Iran Rejects Omani Proposal to Share Strait of Hormuz, Demands More Control","https://news.google.com/rss/articles/CBMivgFBVV95cUxPY0NzLVZWb1NJRW9INktxekFNVlFDWmdUZFZfdG5GQmdkM3ZJU015VDYxTm15Y0VHTElSckxvR3k2V1hZWW81SEFTRXZvNUhqN2RfOUJXSTZadjkzaUhhUFF4QzdrYVpZakcyZ3NpTWRkc2pKME9UZ3lsYm1GMTRWY20yUUxzeElhWDVDaDhWVDJ0b0ktVTVlNTA0c1BISmVqU1VTZG9pQ3A3VjdsVm8xd0Jpek9rSm56SlpjSzl3?oc=5","The Wall Street Journal","US","1785272700000"
"Iran and Oman exchange proposals to manage Strait of Hormuz","https://news.google.com/rss/articles/CBMiogFBVV95cUxQbjBxYnpjS19fWC0tZGI1UzczWjdMWWdCQmhWSC1TcnBRNGY3OGgwTVBGcFFQdTJ4WHVmM3VGNFI3M040VXpQZlFFdFl1UHQwa2wxbHFiUU9zNFhCb3p6UkNsSFRRNkZDVlFKNl8wLTh1dG9INHpzWlVDdVBYY1ZqYUpiMmtFQTJCbXp3b0s4QzFxUWJxSXdiVm0xMHJJS3lPRGfSAacBQVVfeXFMTldEYjk3d2J0OGVGQjA3MnY3clZpejNyZmp6RHhSMXF3cmJtbmY1cVN2U2VHR1J1c2w5U3BWM3BqTEVBdlhNbGh0cTVGd0dDejhzNThpemUtanV5QjQ2WWsxVnhldE5qRUE2eWlsMVJFWURSUjFfcXpMTmJOLVlybWlUMXd2ZkNtM1E1ZXRYREdfa0E2NlVNQnFjaFlKMjUzbm9XOEFsV2M?oc=5","Al Jazeera","Arab","1785272598000"
"Iran insists Hormuz Strait must never return to pre-war state: deputy FM","https://news.google.com/rss/articles/CBMifEFVX3lxTE9jN3BQdWtWMUNpbndBSy1mXzdxRUlRQUg5TWZ1SzFnbTViTWJyZ3QyN3piRE9ROG5kR1NDQ0JSelc2QWd5SVRQcl9kZnBvSjdyZGxIV2drU2FlS091YWdGSGg3SzJaWkwyZXVpRDJfWlZmS19BV0ZEM3d4NS0?oc=5","Xinhua","China","1785272535000"
"Iran, Ukraine pledge to avoid escalation following deadly attack on Iranian ship","https://news.google.com/rss/articles/CBMifEFVX3lxTE8tbnlJcjNHaXc5S19FZE8xcFJrNzV6UjlZclRlNFM2UFE2TFlsd3RMeENENjgweGFLVzlnT1FkNklYVkljaFFJaHpueWlOSXFzQW5QYmFXX3laVlMtV3hKS2E1bF8yUjFtZVd1c0VLZElvT21OYUpfYS12U00?oc=5","Xinhua","China","1785272445000"
"No tolls or fees will be imposed on Hormuz shipping as part of deal with Iran — US official","https://news.google.com/rss/articles/CBMi0AFBVV95cUxNZmhhUlc2WWV4QlZVdjBNaXdPMHVqNEtURmx1LXNLSzExellYODFQanNQdWp1TmdiQ1JvWEJmVk4zOHpMY1I3V2tHeXptYmpPa3dYNkxIcDR3ZlZSX3AzQnNEODJjUnhXUzhFbmFDSXptMHZoeGxpb1dXR1RiUFc0RFpHR1QwQmpsbXlXZ0JsTFNIOXNYNjVTV0w0ejd0V3dzSmxsbHQ1b3JNMDUwZ1dyRnVYeGd2UzJjc1VxQUpkNTE1YkxvdzB2dUZnZHQtaHU3?oc=5","The Times of Israel","Israel","1785275066000"
"Some Iranian prisoners facing execution reportedly sew lips shut amid hunger strike","https://news.google.com/rss/articles/CBMitAFBVV95cUxNRkxValBpcEVyaVE0cjFqbE1iaEE1X05wMHdlU29DUUlWbUtNUWstcGpvY1JaenlWWlh4Z09OS1l5aTU0TkJDUmZkOU1LT19xdUppampfNHE4d3FPZVYtcGszdFFGWWNpQlQ3dHZiYmVQaEZ5SjM3WEFvQlgyYUQwVWlBNFU1cmZJNzEtNE82d2NZbVo5NVlDOVUwOEk2Z0dBZ0x2NzVKdndCUUtYd1A2anpIMGfSAboBQVVfeXFMT0FpRlZhMmU4Z1BoSUs1b29LOC1SV3EwNi1GSEhuallGSFY5YWxjWWZQbDBxYXFSVDZwcUR2R0dVYmNhbU1VcVhXQmxJQnRwc1BvX1ZpOHlCNXcycmc2WnFGVXdGZlVWWVZXYXBqRnMxM1N0SWVBZ0pHRnlKLUN0NDF5cjFrSEVSbFRPT1lKRU53VEozVXg4NkhCd1BVakpvOVlTbTQydWQwYXloNHhkeGVNeVdFdE8wZHV3?oc=5","The Times of Israel","Israel","1785274380000"
"Iran Considered Retaliatory Strike on Ukrainian Seaport","https://news.google.com/rss/articles/CBMifkFVX3lxTE9WUmprNEdueEx0N0VuTUh1dUFIUFpRYnMzbk1EUnNtSTg4c2tkWHlBT0tnLUFOODhsdmRraGhVTTJKcDVSLWNYdW96YWx6U2VVYVpXWmEycUNWUmxycG5mRG5lVWg4bFRKTldrZlh2MmpOS0lZZlNiUF9lOHpkUQ?oc=5","The New York Times","US","1785274792000"
"""This Isn't a Long War"" — Joel Lambert Breaks Down Iran & Global Control | Tomi Lahren is Fearless","https://news.google.com/rss/articles/CBMiVkFVX3lxTE8wYnlJU3RsTXM1VjJYeVJtT1pYSDJLenFaazQyQWFOTFFoQ0tOa3doZDlIOWQ2UnNIOGxDWXdSSzJzRHdlTURGV0xuOHBtQzAwS1I0RVJn?oc=5","Fox News","US","1785273487000"
"Trump does not want the Iranian regime to have nuclear weapons: Cliff May","https://news.google.com/rss/articles/CBMiVkFVX3lxTE9uYVlpcnJ6RUp5VmlqbmZyU0JxeHRWRDU0aFlyaTJjV1JjcDcwNXFOZDRWMGw5ZngyY2pOaTdPdnk0ZGVjbndsUDhPUHNlam9ra29uZzdn?oc=5","Fox News","US","1785277343000"
"Lt. Gen. Kellogg details strategic targets to pressure Iran","https://news.google.com/rss/articles/CBMiVkFVX3lxTFB4SkJ3T0g0WjFOem5sZEVyQVF1MjljZ2czZmw3OFplMnlSZFhLNncxMEdjQmRkZUlCbVEzbTMyWlpVN25mMW02QjBya3hYLXZ6cTZtdW1R?oc=5","Fox News","US","1785276742000"
"Legislation continuing Sen Lindsey Graham’s work on sanctions for Russia and Iran could pass soon","https://news.google.com/rss/articles/CBMiVkFVX3lxTE1CTVlNeUh0TDNFYUxjSGhQTkZpOW1jR1NoXzlVa2NIeVFjdzJTMW1iRXQySkg5Y0l5OVF6bXJrQUN0YTNWZDNQRmcwd2hqYndXVnF5SkJ3?oc=5","Fox News","US","1785276010000"
"Heads of Ukrainian, Iranian foreign ministries hold phone call after vessel attack","https://news.google.com/rss/articles/CBMifEFVX3lxTE05SnFZUlQ0ekFmLW8wZGE3WUJQZ0gtUTRnc1EydlMzNHF1Tnd2Rm5vOVp5Z0pBaVlDaFV3NGJqUklLVjZSblV5UWtST0VSMVQ0YU04OGc5akpfcHYyMUc2bm1VcEdFTFVXa3RrVFI5b2ItYjZwdDFmalNPQ04?oc=5","Xinhua","China","1785277050000"
"Al Jazeera: Iran war live","https://news.google.com/rss/articles/CBMiyAFBVV95cUxNZEZ6YUtmQ1hBdUx6OUM0TW8tSWVJTlJWWUtRbGtFX1VkM2E1TWtjeDJ3TlowN1A5LVlsZ2VwNFQ3dWJka2xYQlpUWThrd0FvU1J0MTFkcDV3dzFhMkh4ZjBoZWMzRTJMdnBBUnRLUF9HTklUOUVzMDRva2JNU0xQRVU1M2VZeGUxaGdCckU5a1FYcXpDTThFbzVpdEpLQUNlRlpZMUR3RFhNWWh0bmhCRHBQMjdYckRQWTBwekxuS3UydExwV1I1dw?oc=5","Al Jazeera","Arab","1785274278000"
"Iran’s Revolutionary Guards fire missiles at US forces in Jordan","https://news.google.com/rss/articles/CBMirgFBVV95cUxPMU11TUVKY1JSYWc4Z0llVUR2T3hrVDlYNGRKVUxMMU1LQTk3b2FEYm15R0J5UDNzM3gzNHpLVWFISmtvVDltSGVrQUhNbEJvV25zQmZ6OF9ZMlVXcXBicG82a0Z1OXZUN1J1M3RfSnZIS3RDUW1mVHRjVlJDSzBWaG9Dd2lSTDRnZkk1d3JxYVJLUDVqWTZqSE0yQTRPSzR6cHZnMFc1WkRHSEJOMnc?oc=5","The Times of Israel","Israel","1785278966000"
"Top US oil trade group opposes Hormuz tolls after Gulf-backed voluntary fee proposal","https://news.google.com/rss/articles/CBMiyAFBVV95cUxPQjBCRWJ5ekpMbWF5dm5Yc0c4c0VXTDNZaGlybGZ2OU4xaGx2cEZjMjl1RUZnT3YyQTFhM0ptTHZSbUJiWkZGMDRydFlYZktRVTNPMU9nTzhqUXg2Rzc2V3hjYkczbllfLWszbEJORmVlVDRTYUJBVmhiX19VVVNGVDdjcS1zcmRCLTZnUm1GS0NQOHhXRHlTSThZYVNBT1NlOFR6N0JvODU0YnRhOFNsZTlKWTJiMDFGZE1DQUQ2T0NjbWFpWDRMVw?oc=5","Reuters","Global","1785279354000"
"US says it intercepted ‘surprise’ Iranian missile attack","https://news.google.com/rss/articles/CBMihAFBVV95cUxNdFJCVnQ1LXRXTVQ5d1lYbUlKcE9uaHFMc2ZnX0Y2MjJzeGJHM2gwRE5xNklXbndhbDc0N1pXVm9hTXBqb28wTmZ4c09OaU9DTllCaW5XeEZ3OFFGUW1IU3JrU0J5YU9URjRWQmU5VnQ2Z0RFZ0dfbGZHby0zZ2NRdktmc0Y?oc=5","Financial Times","Global","1785278946000"
"Recent fighting with Iran further draws down key US air defense stockpiles, analysis says","https://news.google.com/rss/articles/CBMipwFBVV95cUxNRDFmbFNLU2tsLTRQeGR6WnFjUktFbWVlbVFvQm5HRUowMEFJZnNuMk56V2UydVpYalhHT2ZvbzJCLVJUdjg0eXF2bUxXSnNpbWdZYmg0Vm9Od2Z5TXFSdXZ3NU5nalc4RjhzSng1b1lzcHhqV1FaNFE3VG5MWFFSX1RkeFVPZ200aERTY21mdng0UURYZllITUFGWWpLY2JjNENKamxGUQ?oc=5","Associated Press","Global","1785278340000"
"Watch Mike Pence on Lindsey Graham's Legacy, Ukraine, Iran","https://news.google.com/rss/articles/CBMirgFBVV95cUxNZ1M4ZmVpd3A2RzhqcGFDWUQwN2I1TEZ5czdPVFNVbzRabHUxcEJkZDNTWU9NOWpQaEZoa3o1ZThCaVNrM0lTZEFJQUVCREdzR0sxTTF4b095NHZnQkUxeGpjVTFhMUpKSUt1VllkZVVaTGl6akxrSVVVRUt5dHhocEY5TlZEbE5nT3BobTh1VkI4RUdtWWUzMjhFY0ZfVVlyWFRacXg0akV6dEhxWHc?oc=5","Bloomberg","Global","1785278043000"
"UK faces ‘very difficult trade-offs’ in budget because of Iran war, say analysts","https://news.google.com/rss/articles/CBMinwFBVV95cUxOMkY5R1ZqU2taekhEV2RLV0pjY3hNS2dndWVJdmctdXJlZDJhVDlGaVpQcmcwYjhvaGREeWtWNTFDZUhGd0RBeUxWdXdmcVlrNTZ3MXAyWGpKUGhIWHZWYW53TGJ6SHptczEzNGpZT2xETzdQS0hXVmYwUDNXeGIwOG4zc2Z0RnZRRlN4UXlCV0Jhek9XNTJ0dzlZOExaRzQ?oc=5","The Guardian","UK","1785279780000"
"Trump pausing Iran attacks shows US military power is not enough on its own","https://news.google.com/rss/articles/CBMiigFBVV95cUxQS3NoUEVwZmd3bkhmSTZGdEVDOGNEOVFaY3RnUFZTRjJLdmdPMjFmNU5UTzhXS3h5MEZmdlp6b0dScHlKcUJhUmNSU3hqTnM5TEJsbXQ1dlE3elFiVjNfNXprVnVvdDVTVDk2VVpldHhJLTFFRDdheXlqYWFodFF0bHVRR202UFhRZUE?oc=5","The Guardian","UK","1785279600000"
"Iran Launches Surprise Missile Attack on U.S. Forces","https://news.google.com/rss/articles/CBMinwFBVV95cUxQYm1mNVNLLVJxQ012SmI5ejdTQlRnZzVXRVpzWFdkMnVLMEVPN2Etby1FUmNDZzViOGo0SFhWU21lYkFaZzVRVlFRZ3pqUGN2S1dUZWVDb2V2T2pSTjhNOTF4dHpOZl9MdUlib0tPQmNEeFpoV2hxRjRBSXlZMW1sTk5FbkxaSk5ybUNKdHdtYjdFenh1OFdCT054R3lxNEE?oc=5","The Wall Street Journal","US","1785279300000"
"Recent fighting with Iran further draws down key US air defense stockpiles, analysis says","https://news.google.com/rss/articles/CBMi0AFBVV95cUxOaXlfQk9KREFHYm5iZXNhYWxiQmlxaGVtREFpTUlNYUFWdEdBSHo5ckttaUxfYnRDV3NGY1JSa1JSOGppTW15dFd0YTlYTzVqUEtjWklPdHBTLTNMQmRDekZlckNZeE1lUDBSYlk1NGluNGkySjVYd3oydk03TGVyTVFOeUJtaGFOR2xqenc1WmQ0ckRkMFd4R3JvcHkzT0VfdFkwUklES0RxeEdIX2pYZkxHQzlGdnJLQXRwNmJCTjVZNVhnb3RfSzFxdTNMekpQ?oc=5","The Independent","UK","1785278340000"
"Iran launches missiles at U.S. base for first time since Trump paused strikes","https://news.google.com/rss/articles/CBMidkFVX3lxTE9nWDMyNnhqaERiaVJhaTJCa1NweVpqd3U1V20wcVlNWmdTOE1lUk5PaWxENjlMNjU2dDhUcS12Nlk1cGpWYURmQWlPclc2djdGNmgxUDl2X3lKcjlvTmgwSWFBaXF4NFZaTEpjUVpoeFYtaVpNaUE?oc=5","Axios","US","1785278112000"
"US is fighting one war on many fronts against axis of Russia, China and Iran","https://news.google.com/rss/articles/CBMitAFBVV95cUxNTGtjYTRPUm1JRWJMTHZzYlBaV3hPbU5zdFNfeEs3N09wbThIRFhxVGpaMHRRNjJHNW9zemlWa3RGZ1Q1bkNwRFI0cE9talBMWWlmeVo2V0I1YzBnX1pybks2OTJ6S0k0UFpSVU10SkdPeFNzVFVLeXE0WW5ubkU3MlVBckUxRTFuQ2UzQ0pBclBnWjJCeUdnSW00UUU4VXdIVzgzcWlxbWxobkJsTWQyTVdvQWc?oc=5","New York Post","US","1785277740000"
"US Intercepts Iranian Attack, Oil Rebounds, More","https://news.google.com/rss/articles/CBMimgFBVV95cUxQUTV5cG9YRVpSM1lnUHlrX2Z5eDYtWExQOFNrSFR5dmJsMkZjaV9qeWJGTFFMdjFXcFNZelJoWW5ma3F2bERrbXBVUDRkZnV6YjJfa0ZpdlZub1NXZXQ4c2NVSlBFVVVOdGRXTHkxSzlRSnJDbGJOVnhEWTMyT2RzUHQtUWhRWHk5eXJxYUtpeVBidWZFdzZGT0VR?oc=5","Bloomberg","Global","1785280334000"
"Iran war: US says Iranian missiles intercepted","https://news.google.com/rss/articles/CBMiiAFBVV95cUxNSnNYT1lrTnhfb2ZTemJjSUJ1eTN4N3R1RzFNYjZPWGpLZDlBaXlYR3dsRlExZ3hXVmtwLVpMU0V1N2hvdE5DOG5RZkpiU1cwSlFpRTFGNHFobGd5ekxhRkF6QkJtd1FjNzVEZWg4NUNXdHhZNEw2QzZaYWczVW04T3lUT3dfRUR4?oc=5","DW","Europe","1785280207000"
"Flash: U.S. intercepted Iran's ""surprise attack"" on American forces in Middle East: CENTCOM","https://news.google.com/rss/articles/CBMifEFVX3lxTFBXZkJSTDJDMlNfdlFUVThMVW5uWk1vNG4zOTJRN3IzY3VyeHYtRm5ZekhGS01qTzdnTE84anJJLV9tcjR2d2FJRkNJR1BnZkN0OTdGX2VINGVaaGw4Q3dwVFRLT2lfY0kzNmlyR0laTV9PQXlaWnF3ODNMYkM?oc=5","Xinhua","China","1785281130000"
"Iran launched missiles at US bases across the Middle East, US CENTCOM reported","https://news.google.com/rss/articles/CBMiakFVX3lxTE1nXzRkdm9XbzVUQTk4dDRqdXVFZ1kwcEZkQ21fOXVzWlFPbWZTeXF3UWlVUTJMYmc3X2FUUlNDeWh2NmRhSGxpUzhZNFg2SjBGT0d0czNWNjh3eVZYM2ZEeWhnSzJqakpiMWc?oc=5","The Jerusalem Post","Israel","1785280291000"
"CENTCOM: At 5:45 p.m. ET today, Islamic Revolutionary Guard Corps forces launched multiple ballistic missiles from Iran in an attempted surprise attack on U.S. forces based in the Middle East. All Iranian missiles were successfully intercepted. U.S. forces re","https://news.google.com/rss/articles/CBMibkFVX3lxTE9JR0xyUFFpSXFlcnJqSkc5ckFnbkE2bFJpWUVrRkwzck0yRGNMSnhQc21VZW50WTVvRUt1MUZMck84cXZyR0RlN3hRSFpGS3I4ZHJPeS1UYlBGWEhIb2oyeVJDVFR1aWZfelpoYmZR?oc=5","CGTN","China","1785279254000"
"Urgent: U.S. intercepted Iran's ""surprise attack"" on American forces in Middle East: CENTCOM","https://news.google.com/rss/articles/CBMifEFVX3lxTE9kZVF1M2dPUExxUVBGMHF4WENUckdueHRDVWpPV2V2V2dWR1dVZTg2ZUpWeUlIMzZvYW5NYmtkODhyWFRxS01SLWoydnNkVm1uR0RGdHEzamx3VmFzUUdGcGdsSURhU2xEbFZRYW9oZlJST19LaVBMbDhzam4?oc=5","Xinhua","China","1785281865000"
"Urgent: U.S. oil prices surge 5 pct on alleged Iranian ""surprise attack""","https://news.google.com/rss/articles/CBMifEFVX3lxTE9zQ1hrRkVZQ04zcEpPY242TUlvMWJxU0dnemt1enBkYkdUQzk5T1o5R0xqNElGc2xYWmxkUVpRXzVmQl9SbDIwTnEza0N4bFc0a3poMzVRTW9aZHFhcGxkdEY4c2xiMEFDQUZIaUFxZkYwdXR0UGNDRjNXMHQ?oc=5","Xinhua","China","1785281850000"
"Pentagon ties new casualty category for renewed US-Iran fighting to the end of 'Operation Epic Fury'","https://news.google.com/rss/articles/CBMioAFBVV95cUxOM25ncHMxb0plZVZEamlPTXhSVGltWmJTODBaa3dwNFEzeUZFZkR3VmtmWVROcTJkaVVwNThHeUdSelFLdlNmS3dXRGFQTHM2X3NfRlQ3eEUtZ3dkWnNVOUNmTWdoaVExd2ZPMnZtMzF5N0ZNalZVZUNXLTdBQTdkenJSVjFOc3llbFhzZFRLUG9HdWdCc3M2TFRJc2RPWnk2?oc=5","Associated Press","Global","1785282540000"
"US military says it intercepted Iranian ballistic missiles launched towards US forces in Middle East","https://news.google.com/rss/articles/CBMi3gFBVV95cUxOYmJraVZoRWJDQzcxTkswTHoxcWd0T3Zsc3F5QmVQVGlqUlg2QlA5ZF9LLW1mLVVZYWNnV0FHeEU4TUVSbWtDcjNZWmFReWo2TDk1bWRZTDJwNmRzU3N5SUh6aTZMT2d0MEU4LWRkTjFkNW81SWM3QTZ0cHJGSGhSbFh1dlNvdllLRHpjQWd2THVWSUluNnluSzFZSExWWktGS1B5dXRoVVJ1TlMyWUEzeWdIMEdQU1VsdWxoaHlfRlFvdV83SnA3NW1seG5kZGo3QVA3Z3IxUER3c2stcnc?oc=5","Reuters","Global","1785281531000"
"Iran launches 'attempted surprise attack' on US forces in Middle East, US military says","https://news.google.com/rss/articles/CBMiWkFVX3lxTE5FSzhZbndQb2lHQ1lnZ3FRaHdYZ1FLVGMzM1AxdnFvWWE3cW9FQW1CYlBYOGxrTnVJdXJCbXloU2V1b29xS0w0dHZYMFlNaGN2bUtxNUZ1ZXdJZw?oc=5","BBC","Global","1785281250000"
"Iran launched an 'attempted surprise attack' on US forces, CENTCOM says","https://news.google.com/rss/articles/CBMikgFBVV95cUxNUFdsWDBMZ0FfbThhOGFmNFNleXd4SUZjYTBQMm53TTRzUGUzTGdHcmhtMWpBUm8wLU95enB5Q2ROLWZBWU5DVVFVV002T0MtRG51RldEYkNwNWQ0MlBhOV9wb3pucVhOSTE1Y3dVVUNNdmRTVjdQWmJUTk9uV1ZUVUg3NnEyQVRSVTZRaHNaNDRnUQ?oc=5","Politico","US","1785282840000"
"Pentagon ties new casualty category for renewed US-Iran fighting to the end of 'Operation Epic Fury'","https://news.google.com/rss/articles/CBMimgFBVV95cUxQX2hWYVFoRVV5NGJvU2hFLWZVb29LblUxVkxOQWg4MDFGOW9XRUZnd3J3OTB5WXdIYzMyRDl1blJmTTQ4dmRwclk3OVdlbm84LTBicmp2QkxFSXE4cXNDZjRnbjBQODR5YlJFUE9EQmhvcW1sNkVNMUlURnFVd1VfQjd0elA3VzlXZE5wQV9SdzZIdjktV2g2TE1n?oc=5","The Independent","UK","1785282540000"
"Netanyahu Finds Diminished Welcome From Trump as Iran War Drags On","https://news.google.com/rss/articles/CBMiswFBVV95cUxQVzUteWdWc1NWRHE2TWZvSWtHR1V3RXQ3eVlFWnVZQXVpSkNaMF8wbnhvRzR1bThlbG9ZcG4zSlVqSVcxZFZLMDFDS1dDOHlxQ1JPTmZNcGVIX3lMdS1LTk5LdC1sR2gwZ3RaRFVjdThPVlYxWXF3RFB6UldlOXN1M1I5dXd4aXJqVVFIclZPS2NSamQyeWxIU1dPUWp5bGpSdl9tQnBXZTh1bHJvWW1vdDM4OA?oc=5","The Wall Street Journal","US","1785281640000"
"The Latest: US military says it has thwarted an Iranian missile attack on American troops","https://news.google.com/rss/articles/CBMirgFBVV95cUxQTDYzMHY3S3RwUUhTUmF2LTdQdmJ2X3RzVnhzeHZxMW40bEVLRjRMSVhZb3V0ekx1Zk0taTg4R0wtX3F6ZWdBRVk0ek1HM24yTURGMjU5T2NpdzNUS1U5Z1RSeGNSMzAtXzhLakNsNkVaTjVmbHZpWVJwcndnbHBIeEtYVG0yS251VktYMU9veWZmcjI3SUhaeFhld0JDM0RUN0U4MmVYczRRdmlQa3c?oc=5","The Independent","UK","1785281640000"
"Iran launches ‘attempted surprise attack’ on US forces in Middle East","https://news.google.com/rss/articles/CBMiqgFBVV95cUxQcXhUNmNOVkJmenc2dlU0MHpRVER6LTdZVFNSbGF3TF9TZEVyX3BPYzUxM2dJOUw4Z09rYzRzV2tjTlhidnlyeU5fdXFQZUEtbEZuT3FhU0RId2tDczlvRmlCZjVTTVplc2RmVld1Nlpab0tTOFMtWWFpcXpxaFhLSmZvT1UtT1l0QUlUSzJKeGNhYno1a0lYNmpITGJpRVdYMDRqdnpaWGxDUQ?oc=5","New York Post","US","1785281580000"
"Five months later: Victims of the deadly U.S. strike on an Iranian school","https://news.google.com/rss/articles/CBMiyAFBVV95cUxPbThZQ1VTNEVWZUVaV2gzVW9sWHppVEFDaDZUbFg0YWdsdEMxWV9BNm9kVFFqTUpSbUxPbVhydmRuaU1oR1RSTExpZXhGb05CYXFGek45NFRpX2phUVdkS1NjQTl6ODVrV1JtSEpLZHB4S2UxRF8xb05hM3Y3dzFsbWI2WFdyeG5YMDZuNFhvZkRvSjF2UTBOSE9KMEJmN3NxR0tUcmV4Z21XVDAtb1ROQnVjT2hXbVdDS2pNYXJ2LTRQa3JLVk5USA?oc=5","CNN","US","1785280494000"
"Urgent: U.S. intercepted Iran's ""surprise attack"" on American forces in Middle East: CENTCOM","https://news.google.com/rss/articles/CBMifEFVX3lxTE5wUmhseGJveDRnZHBvb2prNy00cGFqVWtWS0dUZUIwSHk4YVB2R0tWbUlzdEg2dzVqUlppZC0zRVcxRngxY1Z1QVZ6QUpobEFNTl9RSVpDdW81UVFlRDF5VjBJdU9SUUdnaHhyVmRHZjNjWlVVYnZ1NUxMSGc?oc=5","Xinhua","China","1785282135000"