headline,link,source,region,published_at
"Two US service members killed, one missing after Iranian strikes in Jordan","https://news.google.com/rss/articles/CBMirwFBVV95cUxPRVhOQndvYVdfam9vYVpKWXdTNUJybWdqRXI1cFZVYUdkR3kxX3Y3ZEZxUlhPeXBXUGJtQ2tnc21TYUhTQmZhWjl5Z3RjNG5UQ0loNHB5RTlYUVliTld2TE9rZTlSVVZwbF9pZi1LeW5OdV8xSFlhNWJJU0trWVpCNjlEQkdKTHF6NHhndTRpZ29Ca0ozOFdiOU43UVJVbHZ4aDJkRm1xMEdYSF8tWnNz0gG3AUFVX3lxTFBmMW1BMkxPSTBDdUN2TnR4a3dvbGlNQVBWMlZ5VFI3eWhydVg3czVxVV9HbW9yX2h1eGZ3cm5jUFI3aXljWFBzZFlrM1NUTDF4TmFKOU1idmptMFhNMEUxVGhyV0l1dm5PRFAtM0I1TTJmb1ZQUWxJWjJ6bmFoUEo1WDdicjlBdzdMR09NZzZCa1VzbVYyUHNwZWpVbjh6S051VVBJWHRubkVFOTBYVHdWR19qdjdJSQ?oc=5","The Express Tribune","Pakistan","1784421485000"
"US “Punishes” Iran, 2 Troops Killed, Mamdani Weighs Netanyahu Arrest, More","https://news.google.com/rss/articles/CBMiowFBVV95cUxQWUhlRk9SZDZKOFlVcVBWVVh3eTlJbFJIeUhOR2IzN1dhUXNRUGw3T2tIVVFta0xfOWV2bk9UbXQ1TXUzOVAtOUswZlVKUFVEUm5DV2x5TlFqTHdvZjhHajlwdDhBbGY3Sk9zb1VPSkVTWEFES3g2S1BvUUk3QnJlcXFuOERiSzRQclFWUUNFYjRabU4xMzNmeFJ2SUVncFNWSUh3?oc=5","Bloomberg","Global","1784421773000"
"Flash: Explosions heard in Iran's Bandar Abbas, Qeshm: media","https://news.google.com/rss/articles/CBMifEFVX3lxTE5qN0VWcDZCQ1lrWG9lVVRBa3RMR3h6Rkl5cXJ1V2tfS1pNTUlJRTBpQmRETmdBT2VNM2IwUzQxTndWdnlET1FqeHZoVmt2NDI3cF82d2lJeDROcjNFS3FhaWZ2TFc5S1k2UEFLUHNWeTg4MXhVd0FCQlNKM2g?oc=5","Xinhua","China","1784421105000"
"Iran reports US strikes around Hormuz, Qeshm Island; Iranian Kurdish dissident group in Iraq hit by drone","https://news.google.com/rss/articles/CBMi4wFBVV95cUxQbWpfS29selR6OS1QSnFHNXB2aUo0REZCa256TXM3b1ZBMV96WkZsWWtjVmZiWWQwempYdG9KaUxCWVpVY3BpS0dXcTNMbHl5NkxoMWtTazhMcWpoTmlPaXd4clZxVlJmYVA2cHN0cDAydTljX2NmcGhXRW96VDRRb3d6Y0pvOWxSZ2pDWF8zY1VBd2RIVkcwR3o2dDhpRFNuclQtMnZvcW55VlhaVW9jYS1lY3ptUUhHWktSX28tWnpKYXAwV1ctbkJ3TzFJZHRVdzNibkdjNVFGYU9zcVEtOGp6OA?oc=5","The Times of Israel","Israel","1784426187000"
"Iran, Iraq reaffirm commitment to consultations to maintain regional peace and security","https://news.google.com/rss/articles/CBMitAFBVV95cUxQblVtZ1BjaXZWQS1zbklvakRTYlpld3ZUWTBkZUY5NTN6d0ZsWnJQU1piNW0wbE9qOWgxMWpzeVByZFBNQm1HbHliMFd6TlhUV3c4dVpSNDdKYzVxUzdMLWtHNkJaRmtRZXJ1cGdzNGFySVB5SmlaNGNEOTJCRzVfcDRFZHk1MXp2aXBZdWF2aFlBTFl6WU5VMEpUcWdHM3loRWpJLTY5SHdZZkxBVWlWdXhXMVU?oc=5","Press TV","Iran","1784425620000"
"US renews strikes on Iran after two killed by Iranian attack","https://news.google.com/rss/articles/CBMibkFVX3lxTE5QaVRfMmxOS3RhWnJyd1Fza2R2OXN5Vjl2MTQ5amU3S1M3ZFJzNFVDVmFIejhmMXo1MWdMeUxmeDFJUnF4NDd3WXhfa1pjY2lQdk1fWlRBbGo4ZXhVLWRaX1JIMmNOQ0FpaHRjbktR?oc=5","CGTN","China","1784424660000"
"U.S. strikes Iran for eighth consecutive night after two U.S. soldiers killed","https://news.google.com/rss/articles/CBMijAJBVV95cUxNakNxc2N4bG5zajM5cHd5ajNDQW0xR1NvX3hEVllDeDhMekozUndfR21lOFNCOUJaTU05empUVW0wZVc5Zlp2TUVIcHpHT3k5cnl6c0hhc2FuazdhWDRncklaNldEUGlMOEVUeWF4UmpnNVlFS3p2T0NzR21RNzdwUG1sZ29xMGhHYk8yWl94OTNCLWNPelFyWkpjcjVQSWdZS3JKOE9WYVVFYUEyQ3ZVYWUybW9OWGpXS1ViMHRkMEZMdWNmNW5Vd0N3UDRtRFBWeU9ocndRU0xtNVRvTmF2Z3ZyLTVDZUtfME4yQ1RNS0hqdVRJUjJuUTRLT0gtcEpqckpHQkI3ell1WUF6?oc=5","Haaretz","Israel","1784424360000"
"US is working to ‘deny’ Iran any ability to threaten the Strait of Hormuz: Former ambassador","https://news.google.com/rss/articles/CBMiVkFVX3lxTE13eS1lT0hPUHpnTW9Sc0tPWU9SLUVxeUdkbjlkWkR5cHdmUGNzTkhnOXlENDUzcHExWUZYOW9Pc2FaSFJRVzZha2JzMXJreTlwb3ZaUFRR?oc=5","Fox News","US","1784425181000"
"Iranian Commander of the Central Command of the Imam Mahdi Army to the Cunning American Enemy: ‘Armed Forces Will Respond with Devastating Force to Any Act of Brutality’ - Iranian media","https://news.google.com/rss/articles/CBMibkFVX3lxTE1ycTRwdEh0OUU5WnFjSkE2WC1MWk1UclRNUnZrQVNnVFpaZHJzZzQ4MjNNbndBR3hmS1hZWnZRR1B6R2xfQ2dhcnJSQi1DNGliLVkzY1JhZmQ3NWk5RC1Gckw5VTNzazRKc3RfajR3?oc=5","CGTN","China","1784426676000"
"US military launches new airstrikes against Iran","https://news.google.com/rss/articles/CBMiigFBVV95cUxNcWNENjB0S2hVUlIxamctSDJqb1JkYzdjendPMWxyT3dUSHlpQlRxb0g3TU44bV80aXc4R0FMT2dpN0lWYzN3LVotcVRYVjlwNXlqWTBCTFo4X1BJX1dZQ3dkUjRzRXBJVXBYSWJqMU5RdGxDZGJyQkxfajdOUmVUZ3JPODhHZGdHSVE?oc=5","Dawn","Pakistan","1784425115000"
"US renews strikes on Iran after two military personnel killed by Iranian attack","https://news.google.com/rss/articles/CBMieEFVX3lxTE1pVEw1YlJkTXpoMU5sdzB4LUFhN0VMZ2c1Y0RQcTBOQUtxcnA2U1J5R3ZXaDRqWWZNMGFmOTRZOGlSM2Q1dUtONk44aXl6LUpGaUdUNEJSSS16NFc2MGp5Vm9PRkY1UUZDZW1ZaUNPSFZSbUZrc0szSQ?oc=5","CGTN","China","1784424660000"
"Israel, Gulf states need a united defense against Iran's growing threat","https://news.google.com/rss/articles/CBMiV0FVX3lxTE9BZmwxeXlIU09LNElKV05GMkxaczdmME5MWkNSbTBrTnJDVVJOVHhOQVlydjlzbUpTb1huV21QaVlhWXI4SG5tTjVnSFJhcERpa1gxQ0JHYw?oc=5","The Jerusalem Post","Israel","1784429703000"
"Flash: Iranian army says targets U.S. military assets in two bases in Kuwait: media","https://news.google.com/rss/articles/CBMifEFVX3lxTE9nQVN3ODRiUW45QVp1RklYeWtSLW9JRm1FUzNHV0FvSlF2NDM3QkF5QTFyQ1RpSkxLLXp6Snd4SkZkbGxCb1RidFJYZ3BjelYzb29scERrMjJuX28wUk9KUlp3SWdyaTJPeS1hSS04eWx0QXM5aXp0dldhanc?oc=5","Xinhua","China","1784428935000"
"Top general: Iran’s Armed Forces to deliver ‘devastating response’ to any aggression","https://news.google.com/rss/articles/CBMisgFBVV95cUxQZHFLdG94cnl6eENSNmdsWjRoTmxOTjFQWm9ZeVZCU1RNUjNOLWpUbDhsZ1JfaUgxYVNpbWFOaENQWjBIVDFqYzkxYWNlQ2pBVHVoNDh6dnU4YWJrOWJrSFVucXRfNE1oWWE3Wnk2S0lNdmpWZmhLMXZZMFdhMm40MzlUbGQ3dEhCcm5kSVV2d2ZiaXd1YTVNX2ZxVmo3SzFFMnNuQVFkYkNUYnZDX2s5Y3dn?oc=5","Press TV","Iran","1784431620000"
"US renews strikes on Iran to 'punish' IRGC for troops' killing; Tehran targets American bases in Kuwait","https://news.google.com/rss/articles/CBMizgFBVV95cUxONjZvb3o1c0N6dTljdUhKRUhyZTVfazQ4NG9wMV9xY3QyVHJ0SkVINUhyU3drX3VxNTlOLVR4QW9DS2thNmRzeDM5alNJSlhYM2NHVWt0OTFnUkFKS2ZaMldNRE1UTm9jUTlka1dLcUdhTmtMa2NPNXFtYW9SRHAyXzdQdm5xSlpoaGZYUEdPa2lWajhaWG1UR3BIZzR1UUZvNkJ5ZW9sYzRUT0xJdkQ4Vno2MExuVUFMU2RNUkJRY3hRb3IxNGk2Q0N1YV9oUQ?oc=5","Dawn","Pakistan","1784430803000"
"Analysis • Israel may be dragged into a U.S.-Iran fight","https://news.google.com/rss/articles/CBMi5wFBVV95cUxOZVRxVldOcFBqaFRia0lZU2VEcmxUM0ZveW5VU2YwTWFTemoxd095Qk82MnRvZjlrMExqUnZKb3phYTZxUEhjalRXVWEwR1J3TVZ4QVoxU1U1d1NWMF9ZdEx2VDcyZ2pOZVh4OGlvcW9nSWRfejBxU2tJSG13bnd6VDlzckVDQ3FYMjlQcEFEaVprdV9CWThFWDlnQlU2N3Y2eU9qOTg3U0NQczZSY0ZFWGF3LWhUTV9Uc0NkQ25vLW9MTjFacXpuZVhwSkhNWkFHVVcyaW9mQTU1YVJqNy1lbTIwYUh4Qms?oc=5","Haaretz","Israel","1784430420000"
"Iran says it targeted US bases in Kuwait with drones in response to overnight strikes","https://news.google.com/rss/articles/CBMiywFBVV95cUxOUThFRFROQ2x6VDNuWmJTNUliOTAzbE95eHBLUDJqZ08tNl83N2ZlN1Z0eW5kdHc3VGNTcWxZeG1ocjlqX2ViV0N0Mm9WelZucThiLXB4REFOR3c4ck1IVDJwMnZpR05GY3d5b1ZBSDdER2p1WFhHelM5NE9DNjZGQzRTeHliMjE0TGl1M0dPUHd6eFJydDNucW9fUTZ0WHJBRVZJakY0TU5NZ2JrYzhJSC1lQ29xbzBraDhpcm9vYzJXWUFrbjRGYWZhaw?oc=5","The Times of Israel","Israel","1784430091000"
"Iran army says targeted US bases in Kuwait with drones: Iranian state TV","https://news.google.com/rss/articles/CBMiqAFBVV95cUxORm1tcU5EQTV0T2hkN1cyb2xlcjRPY0l5N2lBOUNLbjZ2NjBrMjltYVowcDB2dWFmclVCUk8xY0hnNno1S1dEeHhaZ0pCSVgzTEMwRVJRMTdkZzJVOXFyNlA4d09EY1Z3NW5VTEs2cmVxTS1CRzhaaVVhelVHdDJJaUhTLXNhVlVqNzF5cVhISG1KY095X2tBSUtFWWNHaUtPZGFxU2dHcmw?oc=5","Dawn","Pakistan","1784430047000"
"Two Key U.S. Bases in Kuwait Targeted by Army Drone Attacks. In the sixteenth phase of the ""Thunder"" operation, the Al-Salim and Al-Adire bases in Kuwait were targeted by a large number of attack drones belonging to the Islamic Republic of Iran's Army. - Ira","https://news.google.com/rss/articles/CBMibkFVX3lxTE5yQU1BbkEzNS1tUXRfdjh3ek5TZ2UxS0tGRTVoNDBiRktwclhiSmZLaExac0JqZzItT1RsUG1jQTV2d3BTdnFKeHhHQndkQkllazJvVEVna0NhdjFtRkdPMlA0cnZnLWh0TXo0aE1n?oc=5","CGTN","China","1784428922000"
"Former US Congresswoman Marjorie Taylor Greene slams ‘senseless war’ on Iran","https://news.google.com/rss/articles/CBMirAFBVV95cUxQcWkyMUszLXhvTXg1TFBfYXVwZDd3ZzczLWpOVnlUa011b1lzLXFYRHp3S1ZIVV9BdU9iMzYtVl9PLXlHdmNDU2pGVzV0NGNROVFFTEE0TVFNdkM3cXN2amhycDNxNnkyOXpYZEVXMzlmMTk5Z19idTNBMndOaDV6dWgwWjFxTXc2enFlZ1h4Y29udEY4cUNfQ1JiT0JuUVVXQW9zNDg4NGV2Rk9P?oc=5","Dawn","Pakistan","1784428891000"
"Flash: U.S. forces complete another round of strikes against Iran: U.S. Central Command","https://news.google.com/rss/articles/CBMijgFBVV95cUxOWHdMTUh5NHhRNXdaZTlTN0FDVjV5N3dJN0V3WUF3Nk5ERzhFTXFHNlg2Tk5iZnd2amZoTWFOaDEzTWhKMlRhcXJVSFRiRldUN2wzWlhBOVRNemFCWTNEWWxOb1FSZEdzdXdOcVRrWkhLVC1hSjRLRWk5Sl9KNFdpZkVGLU50VjJiTFVtSDZn?oc=5","Xinhua","China","1784432640000"
"US strikes Iran’s Revolutionary Guard over attack that killed troops in Jordan","https://news.google.com/rss/articles/CBMinwFBVV95cUxQOVVPQXpIUjAzU1c2TG1GcXJUU19aU2FodDRTVWV4RVdVN2stQ1NueUtIRC03M2hXNFZLRkQzUUdqMWNQOVBMbzFmc1NGejY3bXFNSnJYMXNNRTIyMlNMYjFPbXVOcXJCSkFPVHNsMkRvblBzcjc5aXJhbHlndGlrek9RbmVBTlN4SHI3N1VHLUpGVlNmTE4tSlAwSktTd1k?oc=5","Associated Press","Global","1784433120000"
"Global News Podcast | Iranian drone attack kills two US soldiers","https://news.google.com/rss/articles/CBMiUEFVX3lxTE1uUWVZbVcyQlVyaWxCcW9BRUpQMnUxN25ZVnFNWTRxc3I0dWxkMnd3eGVrM3JQbF9ZTEZsaWJLd2tjaUxqVmpyZlJKeG5fWUEx?oc=5","BBC","Global","1784435381000"
"Two US service members killed as US-Iran tensions rise","https://news.google.com/rss/articles/CBMiuAFBVV95cUxOQ2VRSUVNMmNIMEMwRU5Nek5nTlMxNzMtVC1jWlRyc1ZIeU5QRnNCX2FSdWFlNDVTUzVpQTYtNWhjVEJIT1JYbGxWLWh6UEdxTEV0TWl6a3pZRHNfSXNnd0pGQ29WY3pZNFVxWFBqMlhrd29ldWNYY2d2MEFnQ0J5VjY2dm1ETE9mX29QWlFCVWRfNEM3QUJLMHQyQ1FpRGtmYjBuazR5T2NQcGI0R0ZuY3ZuRkhDNm9O?oc=5","CNN","US","1784434260000"
"US strikes Iran's Revolutionary Guard over attack that killed troops in Jordan","https://news.google.com/rss/articles/CBMiwAFBVV95cUxQR1hNNjZaRHc4aGdLVE1hbHNVNTRwSXZTYjRiQjktNmxZNGVLODVTTFhPSmxJbHNwd0xxeHBMTDktSTlMLVZ0V2ZNSGhnS2ZDY0o4cHFlS3EwLTdfZmFLRlJXQmZxdFZveXVFS3VwNUJKOTRDamZyUDJfSWxfalV6d1I5N0Yta2VyOXo0N1BBSFJDcC1XdUxneTEyZFBmd3NJdnFvejM0MFBkVlJ6bnBkZFFPaFVUeGxVbWplbDhNOVo?oc=5","The Independent","UK","1784434140000"
"Urgent: U.S. forces complete another round of strikes against Iran: U.S. Central Command","https://news.google.com/rss/articles/CBMifEFVX3lxTE1uUl93R2w4LXBqRVY1TmY4NmcybEF3cFQtTlJNTlBrdVZabzdMS2xiMXlwZlFWYkY3cjZyU2dzSUFWOUhmdi01TElxMHdEeGNKcG1UeGg2bWI0LWI2Nlc1MW1qQnBrc2hRMVZ6NXFkZkRHdzE2ZGU0ckdfUXU?oc=5","Xinhua","China","1784435340000"
"US says it targeted IRGC forces who attacked troops in Jordan","https://news.google.com/rss/articles/CBMiqwFBVV95cUxQd04zeFNsQ3ZBVFpvanEzdm9Zblp5OW9vcDRuWXdTcC1kUjlOdTN5WXVUT3ZQWEUxMk9abS03TkJNMHk2WHUxbWhhcGJaZ0JySHBtRThlc0dicEJhRldQbWhoR29QRlR4ZGMzbGwybDFoZVhjWEZaanIyRDFmNEZkOE02djNqOGhoY0s1QkFRcUR0R1FXajdnMzRxdTJsUkZLN2xyUU45ZW9raGc?oc=5","The Times of Israel","Israel","1784434891000"
"US hits Iran for eighth consecutive night, Iran returns fire on Gulf bases","https://news.google.com/rss/articles/CBMinAFBVV95cUxQZ09yckNWOXBKdUdHbkN3aWtnVnNaU21melI0c0VWeWpGZHpKNnlwR2g2N0Y0bHQtYWRia0hWUkVFVEd3N3I1T1NZQjJ5LW9UaW9CNS1CT2xDSkluc25uS0pqSjdlS1MxSEsyX0puUnZIVnF0VUlMVXBHNTNmbGIzWEpJN3pla0czTkpvcldMX2JRVWU0SksxSjkxWXHSAaIBQVVfeXFMT3dMM18yU2kwVkRlTklZY00tQW02LTRiYUFycDZqcDFsaUZPR1N3Wmc4R21yS2NibDU3WXBhOU1sNUp1MkVpTGFuZThCZ1lvYUYzYkF5VjhHVk1kYUNtbVVHOTlfeWRJNk9QMlpWRXZCNzNOeFp5VkNCekdmeFB5MDVwcGJ0MDV3d1F6OHVOd2ZmRGhNNGhyVkxTeGZZS0JzVW9R?oc=5","Al Jazeera","Arab","1784434725000"
"US military says 8th night of strikes against Iran now over","https://news.google.com/rss/articles/CBMimAFBVV95cUxOQTZtQ1VHak9Wd0MtSEVOaTZ0SDBJZFFzdDhwclV0VUx5VThoN2hYNXFTMGdvdU05QlBWeGwtUkJpUGg2cTBhS2pPWlg5dDRqd3BibXprTGdpMlk0bkdCXzhGZ0ZrM25fdkVJRnVPTGRYMllGQUlsbThBYmFrTkVPR0IxWnAtcFRSaUZzaVl2OWFBWjRMYUVaRQ?oc=5","Dawn","Pakistan","1784432808000"
"U.S. completes another round of strikes against Iran, over 50,000 U.S. troops in Mideast remain vigilant","https://news.google.com/rss/articles/CBMijgFBVV95cUxQeTZpVm5PcFV1MUJRMTVHd1JnMDBOcHlobzR3TW1nQWJLQ0o1ZDFIMnAtT1RIV1k0ODE2X1FxbU0ycDhmTUZoczNGUEZMOFFzMnYtS0hnRkZKRGhwZURWZDdseDJUNzI3UVlBUFppemFDNHBSNjl3b2FIU0ZYLTRiWkdfNmNMQ05xZGI3U3J3?oc=5","Xinhua","China","1784436285000"
"MWL Condemns Iran's Continued Aggression against Kuwait, Bahrain, and Jordan","https://news.google.com/rss/articles/CBMiswFBVV95cUxQaTdEX0w0SDRETF9mT1F2NzNTS2UyNXpXeW5qdG5OTnJnTVVPTVhINUVyZmRDX2hSdmVlRkpHNlVvb2FSVF9NMDNIc0JmWGM5djJpX1l2cDcwOE1ydDRIQ0hkU0N6OUhHZkhueVhmVTVVVGpvSk1vMF9rSXhKTkd3TzJwYlR2MEhLc2p0YThHN1VnR3h3cElZT2FxamNBVHc4NnozRGl6Ymd4RUFWcEVHdmJLZw?oc=5","Asharq Al-Awsat","Arab","1784436021000"
"Moment Iranian missiles hit airbase in Jordan killing US soldiers","https://news.google.com/rss/articles/CBMitwFBVV95cUxQMDQweURMeTNWYzF4UFVTREVsOU5VNFJsS2g2YlU1bVNZS2k2YUdrT010WG1qWWNYSk55Um1VakN4US1EaUdoTEswa1FYV1FLV3Zrczh6Ql83elZCR0djOFJabUVqMFQyN25tSkhvTW5jUGZUbGRoOUZVeHlpRWUwWFNmbm96SC1lQ2lpazA5LUJuMktTVmk1dkd2QnNHckRLWjg1eFpDeU1RSWdSZENiSl9EYTVxQzDSAbwBQVVfeXFMT0ctaUJRX0oxdzNTZVh2YUpqdklxeDdVZ2Zpc1FLTHl2dXFGeERvR2M3eHV0SDg4ekdweTAtNnNqMEo4OWpVdjNDendaOUx3bXFSTlBETE5HSXBibFM5TEptZUFYUGR4VzUtWWZPSFhaYm9RdGlSYWZBcWFXLXVLTVRUdHBlQzN2d1gyZFkxdXN5dVZnQVlFSnQ5Q1plSDlvWVFIaWsyM1ROcXktODdJYjRPN3BBTlYxSHlvVFU?oc=5","Al Jazeera","Arab","1784435825000"
"US says targeted Iranian Guards behind deadly Jordan attack","https://news.google.com/rss/articles/CBMimAFBVV95cUxQd2QzZE4wcWpfb053VGZkbHpMX1FNYW5ESlBfaF84bHBnbUpKQWVGaWNRNnV1VGhLVTFUUlRseXJORmJqb2stWnlUaXlhWXQ5QjgyUjl2UFozT1pmS2VpbVBsRzJ0bmVBN0wyenY3WlF5VTBsTlpaUlZSZk9sVHFOQnI4QzBWYnJWWDFZeWdYaXRrUWdMcjNJRw?oc=5","Dawn","Pakistan","1784435761000"
"US Military Launches New Airstrikes to 'Swiftly Punish' Iran for Deaths of US Troops","https://news.google.com/rss/articles/CBMiswFBVV95cUxOUmhsYnFHOE9TYXZ6OFNPeEJaa3Rwc0xhd21RSnZuTGdKam5QTTRNUHU4ZHVUQ3RkT0owUGtMblFHX2x2czBXZTA3cjFHWGNQNjVkc2JvWG9oeU9pbERoMTdoZ0pTM1Z4Mkd3ZGlJbEFQMzFUdHcyNXVJTnJuY01VbmI0ZnNMVW1VU21Ha1d0ei1lR3J6blZERjQ3aV81VXVTZmZrb0R6eDE2Nk1BZTRSVnJ1cw?oc=5","Asharq Al-Awsat","Arab","1784435405000"
"Urgent: U.S. forces complete another round of strikes against Iran: U.S. Central Command","https://news.google.com/rss/articles/CBMijgFBVV95cUxNR3Q1eTg2ZU95OWVYR0JWTWtjNlVoV3FXMmx3Mk9CRlhtSzVuUFEyQjBxblQxVFZTSFV6NFg2U0lYcmtzN0RTYy1vX3JFQ3J3SUFieE1KYzdKWnZ5NmpvejBOVnBaZXZQdkVqdVhDVWduaUY1ZFc3OHUydGhkVnJ4Z3RLT2NNTmZVdC1odG9R?oc=5","Xinhua","China","1784435340000"
"US military ends latest airstrikes on Iran","https://news.google.com/rss/articles/CBMiogFBVV95cUxPUkcwdUo3djdPUVoyTDBIVmhtdFFKdjJpRXJNOE5FclpoRUROaVdGWWhSYUNHNXEybGdaa1VSdWFrclp6NUFQMFp0TmtnNE9LalM1dU5Od1dCNGlpZmxkdUR0RTRIYUU5ZzZQS3dCN3RfTkFBOHdoaUx2cUQ0UnhWTWlrYU5aRFNVMzNzYm9KMDhzSWdwbnNpZ1pLUnNSSWt3LXc?oc=5","Associated Press","Global","1784435520000"
"Spanish legend Joan Capdevila will be allowed to enter the US for World Cup final after ban for Iran visit: sources","https://news.google.com/rss/articles/CBMixwFBVV95cUxQc2Y4YkhJellqOGtlYjJMNG5OWmtaeEtNZlNLRmtNMzllUENzQ0RlcU9lbFdSR1g2UmppS1dvek9MU1I4Z3ZSaUU3cGkwSnE5NXlCM3dTSkREa0xYdUhXa3JveDZ4RnpzOE52WkVMNG9tdzd2TzFSRjg1SVpxZHQzSVdCbV9MeWNhbTZ6Q2VraTNSXzFVWjJtaVhDTWdVZkVhalRCRUo5Qm1DQ2ZFMkJTaFFRMWh0UFpvLVRzSGhjVExqMjUyenNJ?oc=5","New York Post","US","1784436780000"
"Nigerian children pay the price for the Iran war as malnutrition and poverty surge","https://news.google.com/rss/articles/CBMisAFBVV95cUxOZjJVWTY1eHFXSnVIamRvNjZONVc2RFBVOTZsekNMT1dwZmlOb3FJaVFIaXZuUEx4M1pmMEV0UC1WX1N2WkgySDhNaExXTGdpNDM3cE1yRDAxSWNuZ3JHMU9YY0NIWnVpZDRNLWJ2dk55MUpyamZhRjZ4MHdaMHBnWGNXTk01eFFvX3EyVlhrYjF3bzhpQi1XVklYZU1VcHViTXYwUkdaemUyTTBwZUo0OA?oc=5","Associated Press","Global","1784438040000"
"US and Iran exchange strikes after two US deaths in Jordan attack","https://news.google.com/rss/articles/CBMiWkFVX3lxTE93Vk9uZmtHc3J2T3I5VUZjMlVlU0lQTmFnNEg5aVdhU1p2Z1luNTZsandpY3Q3VWxyUVVFWDNrZ2FYTVRUOWxaYU53cU45RWd6bC0zeUdKTzNidw?oc=5","BBC","Global","1784437857000"
"As war roils in Iran, health workers in Nigeria says more children are relapsing into malnutrition","https://news.google.com/rss/articles/CBMi6wFBVV95cUxNNXduUi1OMVZTRjdUdmJxNEFFbElZb05WTVJzSTdpQm5wOXBHcE1XTGZvNFVrcTZQM3ZIVkMxdncyZlRzVExqZUxIU2lEdlV6SFhBVGV6cDVnTFFYbklPQlBSREU2T3NZMEZHRkhBOGNYMF81M2dENFhfZE5TYWI4cElnQ0VLSVJNdDVCbHlYZjVTTWZzTk1hYjhQcWdpQnNGTU1nUGRNZmxMby1heTRzS0hhXzhWc2x5Mko0UWxGQ013WFJldGU4TURnaTdWTjlDNGlBRUIwZ1hubi1OenhUdlNibTFURlBPeE5R?oc=5","Associated Press","Global","1784437380000"
"Nigerian children pay the price for the Iran war as malnutrition and poverty surge","https://news.google.com/rss/articles/CBMimgFBVV95cUxOMkljclBtN0hrNjNlRF9fQXB0c0FoN2I0bEF1cDBDQlFKUXlZMkhrNmhUb2dYYTcyNnVmMUNFSjAzSFpWMjhJRUZReHBMY3B6MGtiLTUzTGF1MVppSEhndXMwOXhrby1LVlk0LXNyczljd2h1WUpfRmpJQTlwc0x1cHpGeV9GR0cxd183Q3FRUGVOVlJXTTU0cTN3?oc=5","The Independent","UK","1784438040000"
"Struggle Over Khamenei's Legacy Amid Mojtaba's Absence","https://news.google.com/rss/articles/CBMinAFBVV95cUxOY3dOcy1HUEZZQWJ1LVFCNlczRnFKbk5QYTczclNvaDUtNXd6aWxNbHRyZzlmc3U2X05lMkhGRk5PSjZiTTJuQUsxeE12SlBVRTR1TWpxOXhycUQ5LTFHQWdLc0JRdVlJM0p0cWxoZXVwQ2s5SG5OOXU3REFIVTU5clFOZ0c2aEN4OTBCR2RyS3dzMW0tUGxwZGRiRXg?oc=5","Asharq Al-Awsat","Arab","1784438552000"
"US bombs Iran for eighth-straight night","https://news.google.com/rss/articles/CBMilAFBVV95cUxPc21SMVZpbkpCbzdWZTF6QzJheDlIcTV2bTBIaEdnZENmd1hYWjk2VmxsOVFVRFc3VTgtTFZCZHA1cVRGUTI3Qm5OVFV4SmhqdENIT1NuVTNxMkwtQkp1OXVlMnZXREdES0JDWFUtZ0FhSUJ1Wk9PTDJXdTRDSWR3bldob1doTUo4akZqN0R2d2lzQW830gGaAUFVX3lxTE03d3RYUGowYWlrOUVJNGVCS0xMVGt2OHVWbEM5SlJiWjI4aURiOG9pSTNydWRMdVVDaU5STW44eWRiMEhoSlFtNm15NFdZY0dZbG9qVDFKNkczVXF0Wno0YlZsc0VVTS1US0NhVGlxVm1vX2k4clBhekUxV1FwMElZeWlZV19BUmFfV21mRGtIenp6ZEx0X2FzLVE?oc=5","Al Jazeera","Arab","1784437714000"
"US military claims attacks on IRGC forces involved in deadly Jordan strikes","https://news.google.com/rss/articles/CBMirgFBVV95cUxPMGFCVHFGYUw3ZDVlSzdobjRrQ005R09oZW9rN3pkY2EzUVhEMjBRSTdSRGxYNTN1SVZCdF9oUnlHQ1NVZFY1Ym9CMnFmU2d0eHAzQzdWT1hCeVVJZFM2XzdCX3JSQmRCV0lvSWNIdlM2Y0Y1SmI0LUdVZlRCaFFMMHFzYWk1RTRBaF82WXk4aWM1UVZySHJFeThjX0lGeU1CYXAzNTFybDBvM0Z0Wnc?oc=5","Dawn","Pakistan","1784440473000"
"US renews strikes on Iran after two military personnel killed by Iranian attack","https://news.google.com/rss/articles/CBMitwFBVV95cUxPNUMxSzg3LTdMN2xxTjg0VXlULXQyUm1MRURzSDNnR2REbWtBS1pkVnlsWnhfZkZTUjREX1BCRmdkWjdGLXFwbG80YkR5RElseldrTmxZRU1EUXdjVkpQTlN4ZG40NF9oak83aktZSGIzbEU3Y1FVdTNoRXB0dnU1aUUtdGUxbk1Hc1FCLTk2V3REN0R6bUlnY09QRVh6QzN1aEc4anZrUXhSZU1aUUJBcnhJTTk0OG_SAb8BQVVfeXFMT2FwbDRISDk4NVZXbzJqZjlDelNCcWszNVNQdzB5a0loQkdFdzNyRjJPeGUwSGx5NG53dk43MlNKX3k2TmhuQXNvM1VsQkxIb0IwcVBKUzlFTXVoQThmXzBWYXowamw5NjZpdFVjOWdETFZVMS1zMmdqdWNxSmZqV090ZlFncW40ekFILVFIRDJ0bWIxRm5OazJxQVVEdW1RTDhLZlN0MW14LXFneFVGRGQyOV9qdDlMNFF5WWNTR00?oc=5","The Express Tribune","Pakistan","1784440243000"
"Nigerian children pay the price for the Iran war as malnutrition and poverty surge","https://news.google.com/rss/articles/CBMi4AFBVV95cUxQbDB0T0RpSDlYc2hJN0tRN0RxblRnTDltbWgzSHZpY0JFT2pod1pjcDVWZTBta0laNG1hbzBkNnNZR1NNcVQyenNBUENmWEZ0eHN2VWlRbHNzR2taTjRrY3lsSXB4X3I2V085NDB0UFY4X29WZHpJSEVuT0xkcUJYdXJYLVJ4ald1aXh2U0I5Wi1sSFNfcFc0d0gwUGs4MGIwZW8ydW9pNUFZd2lnWGs4cDBqeTNIbV9TeEZzc3Zqd1ozNjRUdk54NmZKbTQwa095bHZuSzVWcTVlME1qOE03Mg?oc=5","The Washington Post","US","1784439244000"
"Saudi Arabia Condemns Iran's Continued Aggression on Kuwait, Bahrain, Jordan","https://news.google.com/rss/articles/CBMirwFBVV95cUxNQjB1aHFlUWUySHgxS3JvUVpEdG5peXZ4Qy1LNzVaNkdocWFDdFFoVm5KXzc5bmhDd1d2T0I0eFUwaldSQnY2V0V6MjBrclhIckg5N2Fzd0NGeDhLNHR1T1pYeDlXSzAxc1lzYUxmLWVlZW1YbVBzMlVhb0RwNDMxWnpEV3hlMUtSekYtR3pYazFEVzdBTExCaXAtSGFwblUtcEpyTFVYc0FSdUNFLW0w?oc=5","Asharq Al-Awsat","Arab","1784441660000"
"Iranian envoy questions U.S. commitment to peace, says diplomacy reduced to 'mere rhetoric'","https://news.google.com/rss/articles/CBMifEFVX3lxTFBrNWxhcTRMSnpaeGc2YzVZRGQ1bTdfZlFjekdBbTh1Slg5OTJRdXhldllYS3piU0s0dEVVZHNaanZ3WDU2SkRHcm44c3J3bnBYZE1EUFluOGlZNElRSDVyLU9abDFCaGVyUUxDMFFZb290cGlsLW55NVY5N3U?oc=5","Xinhua","China","1784441415000"
"Iran Army targets US bases in Kuwait after deadly American strikes on civilian sites","https://news.google.com/rss/articles/CBMid0FVX3lxTFB0NVY1VElhYllrcHpzQkRhT1h5WVpqS2RsSll1OVhLd1JqN3lhT0ljWmtvSTkwTVBLcTg1VzhIWm9ZVEVWR0dBMWZEa0ZWOGFEMDRIZEhrUW83QmZhNDdrZi1xdk9lWTZnblR6VUNKcFIxWEtjWmpV?oc=5","Press TV","Iran","1784441040000"
"Nigerian children pay the price for the Iran war as malnutrition and poverty surge","https://news.google.com/rss/articles/CBMiU0FVX3lxTFBOTEt3R01wWTQtNUQzZHNRMWY0MkJzeU1tQ1hjbDBJaXV3LUxqN1ZJOWxlVUw2TndlZ3hOejg0eUxoWWp0dTFVQUgtOEJHZC14aHVv?oc=5","Arab News","Arab","1784439794000"
"Kuwait reports fresh attack by Iranian missiles, drones","https://news.google.com/rss/articles/CBMiogFBVV95cUxOS1Fzb2t4QTN0TFlNVFdjUHhpOEZMeVExTVdQVmZyZC1NX1BPOVQ3UVFCYl83bXJBM056dFNIY09MTGxDMmpmRjlraGVKSnRsTFpBMGF2ZVRQZk1xN3ppVTBGWmRySUc0TWRGcmhXRmVZeUhIc09Hb2NMd0dpdGE3dWpMT252R29rUVhTa3hEbkFCTGtySWJTc2xoVHZqbHJOVFE?oc=5","The Times of Israel","Israel","1784443893000"
"Iranian robotics teams excel at RoboCup 2026 in South Korea, secure multiple awards and top finishes","https://news.google.com/rss/articles/CBMiygFBVV95cUxNcGtzaVZ2WHMtMzZaeDFTdmNfS0VLWV9YVkNyemVfUXRRQW4wdDRqY1Z0Ym9oUVUtYzh4TTJCdWlHYjRiS2VlLUFxM3dXV19IYVFCb3VSMURNUGJMUWQwSjAyREZnMWtscmFSdGtoeXpFODhHTU1BWEpSeVM3dk1lOVZIQ3YzdjhOb01GNGtqOGV4U25wUU1KNTJGc1BQdzJEUDVPZzBndy1KTTZ6TGNQb1pyekxJdklhQjBuNC1uRllaRGpETnJNU1NR?oc=5","Press TV","Iran","1784443740000"
"Kuwait military says responding to Iran missile, drone attacks","https://news.google.com/rss/articles/CBMimwFBVV95cUxNNG1HblA0Nk4xYkJ6YWRZU0o3c2RwT2pMYkZMUkdBRkE3dm83WkpodzczOEhETmcwZEpMeU1pakxzWVo5T2dpdXlSNUViSHZ5MkltNFpmamw2TGo0TFNOREtpcnJHMGNxa2FLMnM4NkM3eUpoNW5fNzRBSWhoWjRhekZEM0czdERiZTMwdklnVEpYajNCWVo1bldrWQ?oc=5","Dawn","Pakistan","1784443024000"
"US strikes Iran after 2 service members killed in Jordan","https://news.google.com/rss/articles/CBMilwFBVV95cUxPb2VST3FHbFluc0JCVVUyVDl0MTFVcllsa3pSaTM1VEpnZkpXRjBpYWwxUzRzcXRlUlNUSW11cmsxZURVTFFjNDdLbm9HX2xhbHd5Ny1LdnkxZmplWTZZdnNuOHFUSS16cnhZUDZQdHNRd1JRblRJMUNmaFJpTy1oS2xZOUVicjFrc3N0LXh1OHA5VmdsX1dB?oc=5","DW","Europe","1784443748000"
"US, Iran Trade More Attacks After Two Troops Killed in Jordan","https://news.google.com/rss/articles/CBMisAFBVV95cUxOYlhDcGtOb1Y5NlRGZDQwRFVSUjhQM1dnZXkwSVh4OGt1d2NiSG9lUWh2NmZURGhSMDJqQVZUR2tjLVVoUjdjc201Ym1GWUtYWHFON2Q0XzlTNDFERW5BdVVDZkg3YUFXdGt3WHpzTTVwd2x3MzlFOExBYjNNUEhUV1Bic3lMeEF6VnpjaURzVTZHaVExRDdleHN6Y0QxUHFEaW96LWd5X1ZFNDlEMm9qbA?oc=5","Bloomberg","Global","1784444280000"
"US launches 8th night of strikes on Iran to ‘punish’ IRGC for deadly Jordan attack","https://news.google.com/rss/articles/CBMisAFBVV95cUxQcnB6dGZZRFRpY28xMGpsZjNPTF9OUzNWNG9ySWZZNWh2bEFVa1owNkZnVFMtQ2them5MMU5oczVlNmR0N1M1REkzVmdqSGFLWHdVNFU1TjhJaTNfTldlOWdyN0IxLWlYbWw4N29FZThvcjhJT2xCb0dqdko5UmJFMHdkdFZUbm00VTFSekR4RVNEdWlCek5DOUtNT3F0TG5xTTc1Y1REel9KNWxQWmRrZNIBtgFBVV95cUxQMEVEUVpZZkwxUzNMRDlENnpnaW5RbXNlQTF6SVpOLUlIdnZOS3E0VEhRdzEzN2tnUkhOTGJSc0NNQmFaVkNsaU9XVzEzeUxPclVwWGZUMG1Vd0hLYXY0c2lDQ29GTklBOEh0MDh5N0ZRNE1lU2xFaExzN2RDV2JobWc0b3BFbjVBeFd5Qlk3aC1jaVpYdjJWbDBJWHRYLXg0dmVvaER2WUh5T1B2Y1huemg0RTBzZw?oc=5","The Times of Israel","Israel","1784444516000"
"Saudi outlet, citing Israeli source, claims new supreme leader ‘not in Iran’","https://news.google.com/rss/articles/CBMiugFBVV95cUxQS19xNXFYRGtzNGFOTENxWEs0ZENZbm9jUVhYMjN1MWU2NHJJQmZZNkNvNW1jNzVGcG1wV2JaLWQxZVR3TXJkREwtZC1aZ0lrV0JTUUF6alE2cFpFak83ZndhSVgxcEZRN1FMZkw2WmZrendpcUYyVFpYblF0bXlscFpjRHpwSzRaMGxzVGoxYTFMX1MxNU5Ld1BwTWZ2WDVHNTczN1QteFpCWnNYWWZDU0ZuMmRwU2VKd2c?oc=5","The Times of Israel","Israel","1784444497000"
"IDF cmdr. shares how Israel dismantles Hezbollah's 'crazy, Iranian' tunnels","https://news.google.com/rss/articles/CBMibkFVX3lxTE8zTkFOQTN6VDRaT1ZXR1J3Q1JlZmpjUWotZ2xxN18tSUMyU00zZGRSZkY1UUdqc1J5c0tmTmotcEx3Yzd2TENnZjQwUF9FWHdoU1U4SXRZU0NfMlhfT1dtQUkxRU4xejctS01KZ3Z3?oc=5","The Jerusalem Post","Israel","1784447218000"
"32 years later, Iran must still be held to account for AMIA bombing","https://news.google.com/rss/articles/CBMiakFVX3lxTFBSaW9zVkVmQTZmS256UVgyN2ZlOXV6dVpISnZ6SFlVSnNmbFVmZUhobU4xMlNmZFVQMXh6OXdnMGh1TXhtX0k0RjQ5Vkx6MHV0c2dwbF9yRnk0UmM0Uk1uRkZacXBSZjJpVnc?oc=5","The Jerusalem Post","Israel","1784446802000"
"WSJ reports Iran adapting missiles to increasingly bypass American air defenses","https://news.google.com/rss/articles/CBMilgFBVV95cUxPakJNMTJKVmtKejBKc2dWZy1uNUZBTXdtNUhjMXVtYVBYT2M2UGk1elZGWHFXbncyMG5naFJDOUdUV3RtenJMN0RQOTdmOFJSQ2xsNEs0YVdseDZQM1FQajRjM21pLXIzbVRXcXNyeWlkbjZzVklzMXh1TElScjNWNTFadDlVS3RDWDQ0Q245MjA3RW9Ud1E?oc=5","Press TV","Iran","1784446680000"
"Iranian strikes hit Kurdistan Region: Gas prices double and US oil firm exits","https://news.google.com/rss/articles/CBMiakFVX3lxTE5keHNrcjV6d0dUYkpsZmNoSFBRbzBENzBxNUxKekpWbGo2dTFvYVVhZzRsNTQ5UVlyTnptYXpWdEFZT3hkRGM0akdQb2xqUk5tN3IzVFMxdF9UY0hHLW5EUllzLWFJdmZQRnc?oc=5","The Jerusalem Post","Israel","1784446277000"
"Iran, Iraqi Factions Criticize Al-Zaidi’s Washington Visit","https://news.google.com/rss/articles/CBMisAFBVV95cUxPdDQ0OEI3TUtOTURGc2M2OHRna1RXb2pJa203RnM3OFhnUzNka3lwVTZGaDM3elRWQkJ4cjNVeE9RZzVyV0xycGxuOFJPZ1hVNTA5NzZ2dndPZVhWSWdJM3JzaUJxeFFuX0Rpd2puRmRKWkM1ME1kR3BZT1VhNGhoUTFBV2dNOGppS0dSZFFSZXRoTW9oOGswQ20tV0l4STVmVjdhbGIzaGpWdG9QWF9TcA?oc=5","Asharq Al-Awsat","Arab","1784446176000"
"American woman Dena Karari arrives back in US after being wrongfully detained by Iran for 566 days on spying charges","https://news.google.com/rss/articles/CBMi6wFBVV95cUxQY08yNlJvZXp0UW1oZEZBclNkNE1uYkRSNEo0Nnk5SG5nZElQa3REeXU5UnRyWDhMSHVSeGxDVkJuVlh4YTNmTHpBdDgyV1hnR01qUHVzZUNzX1R1YjdkM0h3bjlXY19EaVloZ0dtSmQ2cGxnZ2NuTWJleUV2eXFzbGZRMXBEemhkdHk4U2pIb2hYOTNNVTQzTWFjSjUySjZYaDRMczF5WS1yNDF0Y3NodmR4UmVxMWR2RlJ6U0d3ZFpLRkpCR2EtRjlfODlLT0dzcXE2NE9DeXpVQjljUC1nWUpBM0dPR1FTaUpj?oc=5","New York Post","US","1784449080000"
"Kuwait Intercepts Iranian Missiles and Drones","https://news.google.com/rss/articles/CBMijgFBVV95cUxPdGRXSTFQaDNweXI2SngwQjEyNWZtUVI5UUhtZHNuRTNYOVpORXNKdVBXUDNWdDFzaEZmMGRES0oxTFNBM1loWTBIZTdYNTFSaDVqekRDd1VzTEtqY3VDV1FwVzBCZkdSZEV4RXpNYms5cHZpT2ZHTkRVZXNKaVhiX1JTdTJHb2s4MXppYnpn?oc=5","Asharq Al-Awsat","Arab","1784449033000"
"Missile attack on Iranian Kurdistan Freedom Party headquarters in Erbil. - Iranian media","https://news.google.com/rss/articles/CBMibkFVX3lxTE5GMU42dGI4UHViaHBTTHVaelcyMUtwb1BPYl9iVURJV2dFZUpLSVVwMWlMbXNiZE5Td28yQ3ZwRGF5WHhGaFJZbHJXeFVtSmYtMHhQVjRCeFR1Q0xEcE90X0Zpa2EwN1dMZ29idzBR?oc=5","CGTN","China","1784447416000"
"Col. Larry Wilkerson: The world is sleepwalking into potential nuclear war over Iran","https://news.google.com/rss/articles/CBMie0FVX3lxTE56MGk1dHJvZFJkVDNORERqT0tDTFdxT3VxNGtRQjhVSG5lZ2ljR2poSFNtS3o3b1NqdGdrU2Y5S1dQOHZmU2cyTXYyMHlfeEh2bzJVWlRWUFM3aXVFNm1GN2VTVHVqRTl3U3NEUEdlTVk2MVRwVEtUdFYzOA?oc=5","RT","Russia","1784451113000"
"Sirens sound in Kuwait, Bahrain as Iran renews strikes on Gulf states","https://news.google.com/rss/articles/CBMiakFVX3lxTE1KREtneFp0SzZ5ck5Hb1Rkc0szV25fdmV1MGc4bUtMYkxpWDQ5azF2ZGtVSk9uN3d4RHFuSzhXck5ISjA0ZGg5MUNZREdLaDQwQjVTT001d0RTZUlnUUVWME1kRWRISUtVX2c?oc=5","The Jerusalem Post","Israel","1784451024000"
"US launches new Iran strikes after two soldiers killed: What’s the latest?","https://news.google.com/rss/articles/CBMisgFBVV95cUxQV2w4YnV1MkVuT1NrQlNGY2V5eU5RMlhyQUtTUTdpTTRjWWMxd0p5ZDEyNVR6S2tBS21mMW5zTXZxblBXN1pKUEFvNnlEU1hycUJ3Q1pCeXVQWE1ieVRMUkQ2WXdaem03QzFTWTBhRDlsR3hnaGt2TWtmU1hZSU5SUDNfbTZzaDltaXRHSHJfbHdicHRuTVhNNXJ0VTFLdUdCaTJiVFYtU19XcEpLODJRNnJ30gG3AUFVX3lxTE9hX3lOVmk5ZW9lckFQMlJWU0tRcWMwMXBSSVJodEtYcDZHNkxuVGFqQW5weWN5NjhoOHBrRkRLbjVvZVkyRWJUcXNwMUZzSDhjQy1Nblc5a0gwbmprcm1yREhzaGx5VUpGelUwRHI0OTNBRUdBUzJKdE91SzI1VTAwSl9qLXVoc3RxZFg3MlFtcnhNY3FkVTVMc2VjMWRWeWtYY3FiLU1RbG5QOWwzV1ZRVy10b1JDcw?oc=5","Al Jazeera","Arab","1784451014000"
"US soldiers should flee region as soon as they can, senior Iranian MP warns","https://news.google.com/rss/articles/CBMiggFBVV95cUxPalFkWkxSMkJQQXo0YmMteFduVHE4VDVHTVhrY2lOSWwzS083akxpUTB5d1IwWGppSC1yY2FEbU85QXYzUXJ3RkFEaXM4X0x3clBfbGdERW9JeFIwdVE1UWU1SDh4SS02X1dYU0VDb3FZcHlvTG5pbk1NT29ONE85ZkJn?oc=5","Press TV","Iran","1784450100000"
"SEE: Bridge damaged by US strike along road connecting Roudan and Bandar Abbas in southern Iran","https://news.google.com/rss/articles/CBMixwFBVV95cUxOVUZUU1puNUxscTV5VF8tU3V2QURkRTk1aU43NWZfWmZwdlM4STJ2WE4xYU9OMUNRVk1GVG4ydk1uUEZfeVBrckhoTnpzQVJNX3RXVDhFQUVueHViN0Y5bnZLdWNiZHNndzlBTDRJZklRS0NpaXhoY3VDLXNjZzFkeG1Oa24xLXQ2WGh6Tzk0eW9KWS1sbi1kN29HdWN0c1VYWi14ZVY3blhjWTFocWViSUZQYm1wTEo4M2VFMmVkY1JUdEZwVUVB?oc=5","Dawn","Pakistan","1784449452000"
"Weekend | US launched another round of air strikes against Iran","https://news.google.com/rss/articles/CBMiWkFVX3lxTE02dXNSTHAzRUQyekVjemQtY3J3c2ZDeTd2ek8wNk5QZm9ZM01iQjJzTFEzaWxsYmZNZkxOQ0xnOGtzeHBCR09qNmg4OWZTcjRNc2RuOGp6NUFwQQ?oc=5","BBC","Global","1784450729000"
"Voters are struggling to keep up with Iran war’s twists and turns","https://news.google.com/rss/articles/CBMilwFBVV95cUxOLWNMM2s4UThYVHcwM1ZuLWFVTWdDSnh5c3NMU09uR1JYOHhkUl9GYTFmVHVaLUxxR2hDd2hqRFlxYVlQZ0ZYejlOWkEyWjNvWGY5a3l5TnU4ZGxXakpaaVJBd3pwOVFDQTFZenF5RS1mZVRDWUlubDNfd1lsMVlrY3dlOTJjTFFXaVcyMFdtMVhkQ2VMNUJN?oc=5","The Washington Post","US","1784451746000"
"US blitzes Iranian missile depots, air defenses on 8th consecutive night of strikes after two servicemembers killed in Jordan","https://news.google.com/rss/articles/CBMi-gFBVV95cUxNRGI5eEk0bTVacFRTT0JGbXlDSE8xQ3pfakZiQlMwaEgtNVdVSGxNcjFzczVNcHhVc2g4QVhiWFB5cXZmSGg1Z0tOOUlfRjBQTXRYUnBIMTVGV2NQem1Hb1J0WnpaclhVbnZUdTJycm82eXltLWxWRi0teDdSbmEzNThjR1BfcWpTbXhpRTBEZ3JZSmtJVlhoT1NqRXRqdE1aTktod3JjR1c2QWJWLXV0TW92TlB5OWFfZkYydEV0RTEtSFIteUpROWxQX0tXQnBpTElhTW0zRG53dnFBNVlnX1gwanVuVmlNeEpWSGcxdnBfNjU1c0txTHpB?oc=5","New York Post","US","1784452320000"
"Iran claims US warplanes strike in southern Iran","https://news.google.com/rss/articles/CBMiakFVX3lxTE0xVGVpSkFVLVdMRHhTM1NwZTY3X0lCMl96UUk2V0phdjdUTmllbk5VSzYzOXNWNW1FNkhLUHBhYU9tbzZ6Z003OXlvN1BoVTJWaXJXQTJXQ2otMjlnQ3pBYzM1ZFZUcjVGNUE?oc=5","The Jerusalem Post","Israel","1784453260000"
"Flash: Bahrain air defenses intercept Iranian attack, says state TV","https://news.google.com/rss/articles/CBMifEFVX3lxTE1Cd0wtNHp4U1M0NHBLazdzZUVMVkFCTlJPWXozbGlLRUNXQ3I4Z1VOZENHRFNRalZHdzdtXzBwNzUtVXhQRkQ4eGg1dFotMFoxbVV0bnMtbkVDdUU1akN6Z2RyUmp1UU5BUmpHbTVqT3ZmTUcwaS1neTVJT1g?oc=5","Xinhua","China","1784451180000"
"Eight Peshmerga Forces Wounded in Iranian Strike Targeting Northern Iraqi Kurdistan","https://news.google.com/rss/articles/CBMixAFBVV95cUxOdG9XNFNpMVlob3ZoNFIxNnR3SW5HaHFjNFctLTdZQ0ZwVHcxTy0tSENYeWVBbU5qZ0Q3U1lYdUx5cTRCTXJUUDhFNzR4cEl0MEdtdzVkN2VUblFidlZCR3BqZ3hKc3VNVFowSkhac3lyTUhLUTFmbUNfYy1idVJ3dGFaR0NIcFdlOUg3TDVkVnJCVUwtVGtEWU9JYkpxRkMzVFNFZ0xpNWd0TlkyU0tSa2VhNHFrLWFyVXZmaG9saDI1Snl5?oc=5","Asharq Al-Awsat","Arab","1784453758000"
"Kurdish rebels in Iraq report Iranian attack on camp near Erbil","https://news.google.com/rss/articles/CBMirgFBVV95cUxPck51a3A0RzB2alNMYm5CTkJUblJ2ejMxamRSUWJNWVNrN29qY0l2amgzOHRDbHhLbGl3ZUhPZ3JHMXpWeU05UXVvb0lTLVdzRk9UVWUxMldkdUxZZkd3QmN0Rl9fM3pFd1lGZU4zbVdyOUU5QXpZM2tWTmlYdXFVbk5yZzBOTW0wTGUyYmM5NnhDNFREcENlT1BhRGNKZzRxNWJkMkdzZk5VTm5fa1E?oc=5","The Times of Israel","Israel","1784453496000"
"Trump says he ‘couldn’t care less’ about Iran’s interim deal withdrawal","https://news.google.com/rss/articles/CBMiowFBVV95cUxOa1prRkVGaC1jZlViQ1BWRS1kQnU5SnNVazJqb0RaSXp0LXJISmV6cXVvWXk3YV9LTl90bUg2VDJCSkZoMEd1WVA2MnA3ZmxOZDN2aF9DQ1V3dTB5UVBRR3ItQ1VxbjMzdFUwb1dyb0dhNVhsYnpQSFBVSFMxakJBRFFfSTdqd3ZBSzI4NUs2OWRneTg2d0pOT1lSWF9GSE5vaFFB?oc=5","Dawn","Pakistan","1784452187000"
"Trump faces pressure to escalate in Iran after deaths of two US soldiers","https://news.google.com/rss/articles/CBMi3wFBVV95cUxPTTdaYWhLaXBJZ1FNTHFnVnI5Mm1hdEdHQTdkdEtjQzZEbElQQ1gzWVZ1T1p1OHJ4a0ZaVHZ1S0duMDgwQzNLdWQ4b3hmaDR4OXZSbGpQR1g2SE5iX19LeDZlWTNCWlRFOWFEM1hRRE1obVl0R0JfeU15Mm4wMFg1V25laV96VGpSLVlIbjliTUg0VW80R1pjY1RaSnFhZ0NpdTRYZm9teGgyS3V1aVJ4a3ZiMkZqWW1UUjhnUFJ3NVNrVTVmQXRMN0RvUmwwbGVhV0duVkNuNjJzZm4wQ2E0?oc=5","Le Monde","Europe","1784454691000"
"US launches strikes to 'punish' Iran after troops killed","https://news.google.com/rss/articles/CBMiowFBVV95cUxPSE1Gd05hOWg5bmo2TFJQZ3hVV0hWNUVUaDdySDZFcGRTQkYzaDJDdkx1Y1FlT0hrTGNDYS1kNjUyeUo4VnZRdDJMZUdTNmZZb2t5aTVRYk5GaE8yQkNZeDl6N1VQb0xtanpvVjJvQTc2MkhTRFhyUUVqSVNQWGVCVExNZE5EOVlGaVdubXlBMnhrbHc2amlPQmJxRzg2VjVfNGVj?oc=5","France 24","Europe","1784452270000"
"The Quest for a Christian Revival in Iran","https://news.google.com/rss/articles/CBMihgFBVV95cUxOaThmYTBUNEJHcGFtTjhtaDk4NS1oTTFsRWM4REljWGp5dWcwcG9NUm11SnYzZDE2My10UGxxaVZ4bkdhTkg5aV9KMmNRa1VEV0NLY0RBaXV6RXFHWW9ZVG5vTW4zeV9yRzNMd3g5Wl9LUG5oaHpOVExrZXVPX21RRWg2WGRIUQ?oc=5","Fox News","US","1784454306000"
"US, Iran Launch New Strikes After Troop Deaths, World Cup, More","https://news.google.com/rss/articles/CBMirAFBVV95cUxPTDgwdGN1dV9ZQzZwQUpvMHllQmZJWjZnemhKY2tYTWRmYjJCZnBWeGVKTUpuV3FzRWFrbDlBcEpVTlRSU1ZkT1hiemNUaFFZRDBCNUY3VGc3UDBFYjFRQV94VFFZNjMwb3dYWlI1QmFTQjNVSlZ4cGVkNUozVTBSWHcyQ0Z6NFpoVWRPMm42SVFmd1BiLU5odi1rTy1iR0lSLUpmT19JcFQwOUxL?oc=5","Bloomberg","Global","1784456750000"
"Middle East live: Iran's Guards say two ships involved in 'accident' after defying Hormuz warnings","https://news.google.com/rss/articles/CBMi6wFBVV95cUxNZXFVWUFFV0xTVWhVNktNUzNNZjY4SEprdG1yNklpcTZNaFlIdXZTeF9UOXFKb2tDVHl0MTZRLXNUVHZHczk1amQyOVJYZGdKbGxxUjgxVEk1enRwcmxxQzJCNEhmMWlrNW5ENzdCcWtPMUV0aUQtalNCdTZDalNoUG5oTmhXYUJmeVdqNTdFVW9pMWk1bmZ1Yld6aVNMZTRXUXFpd3BCVUFaX18tQ0R4WFRKTUdnYVljVEpXSmh0NE1pbU82MmZ1TDlEWjNJWmFOUTNrWTA4Y2tMU2g4ZVZJaU5na25KMW1mMkRZ?oc=5","France 24","Europe","1784456013000"
"Iran claims Strait of Hormuz tankers involved in ‘accident’ due to US route","https://news.google.com/rss/articles/CBMingFBVV95cUxPeDZLYzdDMTlRMHUyMU5mX045NE05V2xXcHN5MTVlaHpQYl91aExlOU4tdTFnRzFSQ0ptWFJzdG5QZWJlYWNSb0xxQkZ6MnVzTXJncVlkTDVPR0JIekt5Q1NYdFZoQXpsRHNDRk9OTjlQWlpaaFl3dkJOLWJ0cEEwNWVsaGVFRUtqV2VpaG5KemNfRVFWLUYya0FYWjJLdw?oc=5","The Independent","UK","1784456580000"
"Iran Executes Two Men Convicted of Killing Police Officers during January Protests","https://news.google.com/rss/articles/CBMivAFBVV95cUxOd2FOT0tLZGRWYmlqOEEtNUtlbU0tSGhiSzRCVzVqaWgtVW5VWDFXNFFKb1QtZHBDX0ltX0VpV09qXzVZVWFCeDI4MTkwOGJsZ2RHaThqWEhyVE5OLVhTWG1lZUZLY0N2ZHRMUFdwLThCNGhzSFhTd01HaGl5S091em1CZnF3VFBqLV9qMlBDVlVGV19KRjJvbmlEdkZQclUtcjRSelVVdzZXOTRVQzZiMFc5M0ZXNkZEMzJoSw?oc=5","Asharq Al-Awsat","Arab","1784456706000"
"IRGC Aerospace Force downs US MQ-9 drone over Ahvaz amid US escalations","https://news.google.com/rss/articles/CBMifEFVX3lxTE05Ymg2S1BFbU1YYWJKZmtqN0NEc3Z0YlNRNFVSczJHeloyek5VRk5Ha3E1a3UxWk8wckowQ0ZwcVNNY0ZPRG5Zc3ZmZ1NXZDhmb0hBM2lXLVJ6clU0T3dzVVd5TkE1UjQ2THl3NU5ENkVPci1wUFBCbDRkVFc?oc=5","Press TV","Iran","1784456700000"
"US attacked on the under-construction Darkhovin nuclear power plant site. - Atomic Energy Organization Of Iran","https://news.google.com/rss/articles/CBMibkFVX3lxTE1sZ1dvRGZWWXFrWG51Wk9DMW9OT2RSS0VRUWF0VUdWVTVPMmhHLUVyXzhBdHBzWlFvUG5ueWMwVWpJbXBRMmF1ZkhNQjRLVlpLWkNaV05qMmJmQllDdS1LX3ZJZUxmSkx3OWtiNE5n?oc=5","CGTN","China","1784456149000"
"Ex-US counterterror chief: Washington must accept Iran as major regional power after failed US-Israeli war","https://news.google.com/rss/articles/CBMi3AFBVV95cUxQeER3bzM1bUlGc0pNWHQzT2Rqd2RWVmhqRm8yZXh6NlBJU3F0UEUxOVhnWURVRUZHQmkwd2hjallNdVg1elpsS3FUcEctaEN0MjBHNGVhMG9QYk1NaTFRZllaaXpQWmZ6UXhQNjdtTFpTdHl6WE1WMmhVYkxpLVVsbjZNcVJRakRqZFgzNTU4QWRXcHQ2WFc4RWRodmEwc3laeHRRVHBxWU1aSmdHLVAwUGRlNlQ0anJEV29hOXRpMUhCU1pMRWxJVUh3akNQY2Fmd3JfRl9IaTExc2lF?oc=5","Press TV","Iran","1784455740000"
"A major oil field in Kuwait has caught fire, Iran media reports","https://news.google.com/rss/articles/CBMibkFVX3lxTE1vSjVaTDdGbHViU09leXAtSHlEOEQ2RDB4ckh1ZVQyMGlqZjZGd3lDX09OdWhlbnFSWVVBcGdRRVZQRkRSSll3aG96b0tYSlVTR1dJQ2NIVGJxYnl2UUZpNW5iLUhvR2xOOTFSNzNR?oc=5","CGTN","China","1784455293000"
"Drone strike injures eight Iranian-Kurdish fighters in northern Iraq - reports","https://news.google.com/rss/articles/CBMibkFVX3lxTE1sTnE5TDBqLUNBOGRrNXpKVmg0U3RiakdkUU1Ma1ZZcEVwXzltSC1oSHpudDBYZGt4TEVwS2Fjcm9XdkJIMjBjN0xNMUtXOWhFTFJGeE5EaXBadFVqZkNCWC1MNEk3NGRzbDRDMlRB?oc=5","CGTN","China","1784454360000"
"IRGC: 'Two violating ships were involved in an incident in the unsafe waters of the Strait of Hormuz, and two other ships were deterred from continuing on that unsafe route.✍️ Islamic Revolutionary Guard Corps Navy:A few hours ago, four violating ships, with t","https://news.google.com/rss/articles/CBMibkFVX3lxTFBGQXhZd2ctTFFkMklobnIwUllVWU1VZjBWOUdVVmllZ21ETTVobGFsd2pnMFVxZkJPR2VSNHZqeF9zUHhLbkVNZnZOQWpDdHFxR1pRSFh3ajYteWdVTldtNnFLNmF2ODVkcTEzTmlR?oc=5","CGTN","China","1784453668000"
"U.S. completes another round of strikes against Iran","https://news.google.com/rss/articles/CBMifEFVX3lxTE9Ec1R0aW56d0JGNXg1cVB1SEV6TVhkTng3cjRpSlNnS1NyZE5aYXFBbm5ZVzB3cEcwajN2c2NBRFh2NmxFRmo5alFmN2thVzI3c1Z5LW1XMkppTXM2WUZlcGZpUFlWYm9EMVA1Y1dkV1RmbldSbkN4SWZ4ZTM?oc=5","Xinhua","China","1784458800000"
"Urgent: Construction site in SW Iran's Darkhovin nuclear power plant attacked by U.S. projectiles -- Iranian nuclear agency","https://news.google.com/rss/articles/CBMifEFVX3lxTE1JZDdXZ2dTU2o2QncxSnVfOXZGbzlvZUxiT1VzNE02WXZNT21YSmwtaC1zUXVVdmV1bW1fX2VRTG9Kb1NENUVwejVmTW5IUU45WVFkRW1mRUN5QnpNaG5SaVNqRFVwSWlWM19Jekw0UGd2dFdieTFEWmxNWjc?oc=5","Xinhua","China","1784458110000"
"Iran says vessels involved in ‘accident’ in Hormuz as it blocks the strait","https://news.google.com/rss/articles/CBMiqgFBVV95cUxQbmVQWm03dFJ3b1cyeXN6WUFpc0oyemE0UUVkVm5WcUZKTGswM1lqNExHZGc5T29wbmtzZjVyeTJLX3IxS3oxTVRhbEZFUS1FbzlRRlJYWWdLczdjS240Qld3MVJqTTRfNHlNNXU0WDBsb2NzdEZETWFpWjdScXdvX3hUYjdpMFZId1UwdmRoalljMWFaSHFDUmYxcndlaGhteGd1T015SmpRUQ?oc=5","Dawn","Pakistan","1784457628000"
"IRGC Navy: Two vessels suffer ‘accidents’ after attempting to leave Hormuz through unsafe route","https://news.google.com/rss/articles/CBMiuwFBVV95cUxQNmNYTE92d1U0bHh5RVhNSmZiT3FzNldOUURRTUNDamdMeW9rNks5M3FHcUotYVcwb1pyZnhNcDBQTmhzbTNmQUZkZUFSWXRhX0kzM3pqeVdTSVZzcVpFRUVTWVhPZGxkUFZyaGZPZG1CV3NBWmdYMjdQdW1EOXdWalNKM0tRV0pNYWR2eUFGa1Y0WGdQRjhsdHJMcU1RbS1hd0N5X3hsRDlWSzZreGFIWkRrcG04M3M1U0JF?oc=5","Press TV","Iran","1784457540000"
"Iran Guards says ships transiting Hormuz with US backing involved in ‘accident’","https://news.google.com/rss/articles/CBMiwAFBVV95cUxQeVRhbzdYMG9LMnlLVG1vNWxYa3EwUHVqQ3A5VkZwT3hqRml2NW5Fb2luR2hpcHNCZmxXVEhOWTRPRGJiVEpOcWlPXzVjcGtMcXk2bHJ5QkRia0kwU2hoUFV6dktlME9kUW1FVVhlQVhLdWR5VzM4SW05YjlGSFl2blRvcmpOYXg4dHFuUklYUTBsREZiQ1ktMi04Y0hMN2ZsUm1qbEJMTEVtVFZua3p4MUNtYzc0SEd1dzZ6OGI3alo?oc=5","The Times of Israel","Israel","1784457427000"
"Kuwait, Bahrain respond to Iran attacks","https://news.google.com/rss/articles/CBMifEFVX3lxTE1BTDFxeUdwbXQ1ajB1ZjNiYTZtR0pVWWlDbzZBTmVwVGY2cXpsZmtWYWVIWDFSWmt3Z21SVDl1NXRZLWRQY3FHdlVyZDZudl8wSkdYZUF1RmFWc2NfLXhseW5acVAxenFRaFN2UmNuVENzQUZsdHNXelBQNEc?oc=5","Dawn","Pakistan","1784457078000"
"U.S. Launches Strikes After Iranian Attack Kills 2 American Soldiers","https://news.google.com/rss/articles/CBMigAFBVV95cUxOVTFHUXljM3RIal94ckFqUE55T21GbWZDcExRWWlWQUU4cDlFLXh2LW5HTE9IZ0VTWC1Wb2ZubXlKU0pXd29wQ1VsZjgwNUVhcGJkVnlibzhJbzNHOHE0LUNTaXlyd2ZSY2tTN3duZHhOdnJMNjRWcjB1WW1uNHdNdQ?oc=5","The New York Times","US","1784458800000"
"US punishes Iran for soldier deaths with fresh strikes","https://news.google.com/rss/articles/CBMiqAFBVV95cUxNbGxIcWtoSUZlYnNJVERPSGpsTUxQX0dEbU1ub3RJNTladG1MOTNEZjczYkpOa1hOUnd1UkppTUZoMDlUT1RtcHJneVp5eUVCaERyQUZYcU92SllHbkM3MHg2Y3hUcTlVSmZpdmVrMmZuamgtNnNYdmlSNVNOc3pnZUlXQmxFRDBzaF9SOG9aLVNEa05XWk1tbEIxNzcxVWY5emdBRTNJRkQ?oc=5","The Telegraph","UK","1784458020000"
"Video: Two U.S. Service Members Killed In Iranian Strike, U.S. Military Says","https://news.google.com/rss/articles/CBMiogFBVV95cUxQSmhQbkM2dmc5dnZKOEgzelozdDZrNC1HZkZ5MzlKbEpYYmZ6cEZJNTBVblBXd0NTTG9VbktkaXZySGlHRU95S2Q5bmUtcXFtbzJRSWRQUmd0MDJPZjlSU24xaHNNWUJja2VmSHpxTVJiMk5xYlZ6RUdxWXRpZUhZTXRMY1BWQzBDQ2ZTeGVLYklrUG91Vy1pQ1Z5XzdVQUFmeHc?oc=5","The New York Times","US","1784455901000"
"Iran condemns US attack on Darkhoveyn nuclear power plant construction site","https://news.google.com/rss/articles/CBMivAFBVV95cUxPdTdtN1RsLWpMS0RXbnVESnNJUGQ4NGV0OE5GTGl3MUt2NGpSb3BrRW0yR1ZpRU9lUlUxZk44bEw3eHdaQ0NxbjlLWXZmSjdaQVpPU1ZSYTlhRHVVdVMweEFMMnRUR092TGVIdGJ3clN6ck9xbWhqLUpaYXhuS2VxQXdoUmc4NTlHUVRuMEV0WWFJT3dUQW50LXF3bDhZcHJVd0doSG5tMUQ1REFYUlE4Szlpc3k0UXhSNmdiUA?oc=5","Press TV","Iran","1784460300000"
"Iran says US struck unfinished nuclear power plant","https://news.google.com/rss/articles/CBMinAFBVV95cUxNZnl2cW8xVU9oNkdmREU3dzlXSFFKMXdaNUpWSXg1UzAyWk5FUUxSYzJaUXQxY0JPS0xjUEZUVEpkWEhrT096alpvUU5GajZ1ZGFqVng0eXVic0NLOXBMTXpWLTR3YTUxenRweF93X1d4WE1yTGpmREhjcHlpbWtmZFl3Q0h3Z2ZwbURMLVhZSHFxeHAyMGpiTkhZQmk?oc=5","The Times of Israel","Israel","1784459533000"
"Iranian students shine at global Chemistry, Biology Olympiads with eight medals","https://news.google.com/rss/articles/CBMiwAFBVV95cUxPbmRhX1ZWY2lQODJrRUw2TXdGNmtGcFRUelVZNEs2ZnNXbms4RlZwVkZpWTY5V2dSZm9JdFA3R2FTN1dUbUVzN2JzR1o5RlowcHVzQ0MxM185TlZyQmFFVEhwWWdBMHU0UWU0RzctZDJ4RDBOSW9feXFYMHB3Ml9ybE1jTnhLdjEyaFdxWlE5OVhBdFBmOEU3U2JDOV9QZnRweHBYOHZMT3RzU0w3bVZObW90LUtYVWVaXzVWdUQzRHk?oc=5","Press TV","Iran","1784459040000"
"Beyond the battlefield: Why Iran is entering the final stage of strategic attrition - opinion","https://news.google.com/rss/articles/CBMiV0FVX3lxTE0wQTg4UXgweWNzNFVjUzF6TWZIeHc1b2kzUDcxRmhLLThSQm1LTkpPYUw4aHBIQzZkUWZNalBnREhPTE4yS2ZGNmoxbGNYdjFIT2pGLXdldw?oc=5","The Jerusalem Post","Israel","1784458800000"
"Kuwait PM visits wounded citizens during ongoing Iran strikes","https://news.google.com/rss/articles/CBMimwFBVV95cUxQRXJqWmF6emJSdUY5QjZMSXhUQnVfVEE1TkF5YXhjR3F1Vzdod0ZsQlE4dEJnQXV2eHJqV3NjalBORlpsQ1ZvNUtlb0ZPeHhnMGRQSTF4Y3FxNldJZTBtR1BjblAzTWNveWtVNXVINFp6WVhTRURaVE5aejFfQUhmU2dUUFgzaWZoNkdGa3BuTjNuODJqeEx0clB1SQ?oc=5","Dawn","Pakistan","1784458204000"
"Analysis • To gain leverage over the U.S. in the Gulf, Iran threatens the region's water","https://news.google.com/rss/articles/CBMilwJBVV95cUxOSEEtbDBFeUNDMmpKdVpsWHlWM19HSEJFdVZvcjBTQTVSLVo5c3ZhdWdUNjdCVWQ1bXBFMFo2MTE4UDJSNTdTNExmc1YwZ2xYVFBEQUVHdDdldDNkcVFmU0t5MGlycjlUaEZkcFBCaWRJY3FTQUpOeC1ieXp6bnE0dzJEOUJfYnl6SEI2SzJmcXBCdk9kOERnYWhqdWxqMGtfWXRPS0FqLXVFQ05Ub0ZkaFNYeUx0Z3B5U0YyOUZldTU3dDJDdlA2R3dUY2tHMVJRUjhsWVFvVHVyNnpNczZ0MmFsVm8tSWdrbWNDVFFEUm5oc2NyeHY2ZnlSNEwwZG9GWlUxYnplbXlDcDZGLXF1eDNwUnlJVVE?oc=5","Haaretz","Israel","1784461860000"
"Iran says under-construction nuclear power plant attacked by U.S., stopped 2 ""violating"" vessels from transiting Hormuz Strait","https://news.google.com/rss/articles/CBMifEFVX3lxTFA3dnNlRjdzYzZVUEx4RW9yaU1lNDRweThVRmNFZkxlc0VsX01nUG5iT09EXy1OSjRIMEUtYXRUQmRWc2RnNVh3YnNpSnVMLVN2MHdMOUxJb2ZGaVJPQy1NbmgzYmotS2VPSUpoNTViVWRfX09TV01RWDJLRjY?oc=5","Xinhua","China","1784461830000"
"Top Iran diplomat says intel breach that allowed Israel to kill Khamenei ‘probably still exists’","https://news.google.com/rss/articles/CBMi1wFBVV95cUxNR0h4QlpYQ1JsSVFsU3pvX2EyTURkejcwQjFDWVNhZkY5TzRHZ3dGaVA4YkdoeExaYXpQNldlSFRrUUZ3d0dta28zYWFlS25MRWZlNzBVR1ZiRG0tYk5tWlY5QnZ5eW1yTFFyOHg3VEw4YUJlb1lyMTRMaWROeC13RE96REEzcTBVYlFGd3NuNlhlN2xROFZVVzBHaDZubG5mbXJZSkIwbjJzZllkOWpfaHpYV3RxS2luNGE2dVdWdTFGX0JlZW11UUR6cUZ5cENybWFzcnh3QQ?oc=5","The Times of Israel","Israel","1784461519000"
"Iran attacks Kuwait oil and water plants to pressure US after infrastructure hit","https://news.google.com/rss/articles/CBMiakFVX3lxTE1VUDJtN3pYZmxzUFN0alNfeDEtSmlnYll3QlhrQTNHV3NpVFBnNGpLdTRLSkpPTWZoLTRiTC1ldVFUR2d2aHFtUDJqakZYMmhpRnJDdUk0Yy1ZRVRWTnRwSVFtS1h6d0hVMWc?oc=5","The Jerusalem Post","Israel","1784461064000"
"WATCH: Trump’s goals for war on Iran are unclear to Americans","https://news.google.com/rss/articles/CBMimAFBVV95cUxNMHVUbXhPS2d3S0Jlc2RpVUVpLVNCM082LUxDZzFPOFRpMHhiaWFzRmVYTWprWG14Y2tOdTNaQW9nUU04Yy1KdEdVckFjUFJtX0RHNUJnbzhnMllJTGpjbEwtV2owZXB0WVA3dEtJVzVtR2xhSlU0Zy1fQTFDcC1OakdBTlFaNWZpYVFYZmVBWjRHMUpaLU1wTw?oc=5","Dawn","Pakistan","1784460724000"
"US braces for Iran escalation, sends additional refuelers to Middle East","https://news.google.com/rss/articles/CBMibkFVX3lxTE9VRVFnQjlObHJLNzJ1bjQ1QlR4eGZkUm5BOU14OUd1TjV4WjRIVVhJbExzSXllQmpEWE1BWnJBRjNvalFmRUtUYU4yemF0enFmeVBFQ0hqQWVqYlAybExzQ2FPX2VxcFgyai1Ud0Vn?oc=5","The Jerusalem Post","Israel","1784460427000"
"Iran says 30 MQ-9 drones shot down since US-Israel war started","https://news.google.com/rss/articles/CBMinAFBVV95cUxPN3htZUM3RjFVWGNFUHVsT3N2U3ZTQUhEaFJ4NERrTDlzVjJ6TDBSSGhNMEtsU21BS0oyMklTcE5LUUhsRVJIX2s1M3hFbFJjLVp2bS1QRFdyM1BJYUViMW9EM0pPQ2laSjdSU0pDcmVNeW93eS1BclFfVk9LXy1CUmlITFlvRUtPX0dIY2pIcUlZcU1HdGtqN0ZVdmw?oc=5","Dawn","Pakistan","1784460063000"
"Israel to receive more US refuelling planes as Iran attacks intensify, Israeli officials say","https://news.google.com/rss/articles/CBMizwFBVV95cUxOR28xNFpKXzVoWU9qY0YtNnBqZlh4ck9aeTZnc1VlOVVKaTczV2J1M1pqSmRwUFc1TnFIRU5wRktydXhhXzhSY1ctbDhzU3dkX3I0dEliRDFJWDNUaFkzUUFsMEg4NnV2SWFpOGFhdHdMRHc2SDc4NE0tcXhpZ0VUVGNTQUVQazZONGdlT3hvbm4tQ0RoaFNBVkZWR0pBTlhiRmNJMnl1RFdzWWRrQl83akkybFFRUy1odzdkdFFmTmhXbS1fNDNPcG9UY0RjeFk?oc=5","Reuters","Global","1784461863000"
"US renews strikes on Iran after attacks kill two service members","https://news.google.com/rss/articles/CBMiZ0FVX3lxTE81c252UFBYUEhYbTVuRHdCNnIzQjVfY0lFSUY2SnlSVWdUazBHRzdSblNyaWRrTXZRZGcyNlhoU3pDcm1WejhCbThvOXZZRW1odF81YUhOVkhfNFFHS0Rkd3ZvQWRBalk?oc=5","Reuters","Global","1784461705000"
"US-Iran Trade Strikes Over Troop Deaths, Ukraine Attacks, More","https://news.google.com/rss/articles/CBMirAFBVV95cUxOSUg3Z3VNUjZrVXZJdVdqb1pucGtGSlpWN0FKZTRTWjhKdkdvT2IzNDlFejREb2xjMGptbEhkU3dWaTNIQzdqT2ROOVozQWl0M1g5YmVJQUZwV3ZXSU1Td3JtYUlMY1dXN09xMGN5dlY2ZWdUZlltRGtjNDB1cjQ5N09KVUhLUngxbTB1QnBiX2hjV2s0dFRMQWowSWx0NFM4ckZEYWYxb0NpUXdw?oc=5","Bloomberg","Global","1784461654000"
"US-Iran strikes: latest developments","https://news.google.com/rss/articles/CBMiigFBVV95cUxOajZXV0Y5Y2tBdWxWU29TV2Y4VlcxWXMzQjN5MnBqQzNKa2I2ejlSN2ROcTZxY0VVT1A3dkJTNGdxWEhSb3FIdXQ5WHVvem9ESktqOHJsWnFIMU56bndzLS1rcWtfbnpHZEdpVTJuMk9NcGtpcUo4Tm9YYXRGZENWX3JXVDJSaGRHYnc?oc=5","France 24","Europe","1784460550000"
"CENTCOM pounds Iran coastal military targets, IRGC for 8th consecutive night","https://news.google.com/rss/articles/CBMiVkFVX3lxTE9IcDIwS29NMHVQZG05bVd2Qm4zOUFlNUJrVkwxbW43WUZlTkI3TWdfLWFkNU9wOFQ3SEZnNU1qdU95N3UwNGlEME8xc09neWNTbDFJenBR?oc=5","Fox News","US","1784459618000"
"Trump says Republicans should add Iran to Russian bill","https://news.google.com/rss/articles/CBMiqAFBVV95cUxQMnFZbzUwRlM5eW5NN1JqbnNQcHdUdEsxRk11OEdEeEJ4RnltcERZSkl0dlVneU5mYlhURlN4R2F1TUliWjZ2dVZUX3dJS3JucHBEUG5hY04yUUgzWnF3SHVaNTBwb3o3cUdqNEVLWGttNjdqZ2lzSDJWQy1LeW1saG9xSjZxaXpzSFg1QzNWeG50MmtDRnpVb2NsNFlpRENJSjJ4ZTlfby0?oc=5","Reuters","Global","1784463109000"
"Iran firing at Aqaba in Jordan, may spillover into Israel, IDF warns","https://news.google.com/rss/articles/CBMisgFBVV95cUxPcDV4MmJPVUxXa2I4dVEwM2F0YTdXekFnRG1oZE1ORUdlS3VKTE1VTnNUeS1Pdmt5UHdKd2RCN2dneFl4QWkwcHJuamFsSm55SkJ0WXYzZVFKMUJfS2cwOWVKazhjck03b1poMWF3UXBLMmo0M0U2LWluakhKLS1HRzdhS2N5ckNHcWZzM3BjWm5LYWhCc0h4aGNHYVdDcXFneXNBX2c4SF9NM2ZMWnY3Tm1R?oc=5","The Times of Israel","Israel","1784463398000"
"Live updates • Report: Iran says U.S. struck Darkhovin nuclear power plant under construction","https://news.google.com/rss/articles/CBMinAJBVV95cUxNaXRZdkRzazJ2NEVwTGlNTFVCSG1TSjF0R1RZTnM3YmxiTWVxMFpScHFnX0szNkxPbkxoWjdEa0xiMXFBRGxicVVqVV93RkZBcnVQQ0xVY05Mc0FuajBueW5xYWkwdEFUd1kwOHFFTmRlXzZQaEtMQmw2Z3RqZ1FJSUFUSnBEYzdOSUNqX042UmktcDRUbWViSml2MGNHSjNLSjVVU0oybUIwWUpYZWtoMENoWXcwWjVNc1FMUTFHZTFRR255VXhYQUhuVVNERGgyU2tVdUVsWHRqWHVBbmlRWXFjSlUtUjNVNURvcGZadHhOTzlZRkxjVVJtYUluaC1fUndSNEE1T3lyUkxNSjJwdnNNVjBhU2pZb0toaQ?oc=5","Haaretz","Israel","1784463060000"
"Donald Trump hosts Iraqi PM Ali al-Zaidi to talk oil deals, bypassing Hormuz","https://news.google.com/rss/articles/CBMiXEFVX3lxTE0wQ0trVGpydm9BX0VaU3Ixd1RUY0MxaDdWaFc1eU9xQS1HS1d6b1dHZ2QxWkRfREc2UU0zSUxXelc2WkN1Z3BTb3Robk5lVW1sWlkwazFUVEo2S0E0?oc=5","The Jerusalem Post","Israel","1784462589000"
"Jordanian army: 3 Iranian missiles targeting Aqaba intercepted, fourth fell in open area","https://news.google.com/rss/articles/CBMizAFBVV95cUxPSlU4c1U4MjM1NTJJV1ptTGdYcEV2Ym9vZDFUVWhaNGdIcjdVVXNyY1FkdEJfSmVQeWkxNm0yekFmYnNHZkNwYXNtaVRuc0ZDNVphTWhRR2p5ZkVTS1hUMlBaSzNWUFRQbE9TdEgyek1wU3NCYzlvYkpxQlJ3Q0RwSG5hTEhzUGNRNl9pWk1SLVROMW82WG92R3ItS2VPUHQwdlpyTEFERXk2cE1JdWJEZG9jUnM4WUd5al95YXNaWGQtV2I3eC1LczlqdWY?oc=5","The Times of Israel","Israel","1784465796000"
"Kuwait says fresh Iranian attack on power, water plant sparks fire; Bahrain says intercepted Iranian aerial attacks","https://news.google.com/rss/articles/CBMifEFVX3lxTE5jUFpXdUdNMk1wODJ3VjNKRGpKM0RNSmgzaU5mUzM1WlBUS3YyMzRCeWppWVdWeE1wcElJMGdDaUdnUDhzNE1sUnRSS2czUk90ajdRVUtjOURUeC14M3lUSml2LWx2TlVhSEVrbEk1d3dlVlNqUlJSMGRTOUc?oc=5","Xinhua","China","1784465550000"
"Iran’s Parliament speaker says ‘sacred unity’ key to victory against enemies","https://news.google.com/rss/articles/CBMivAFBVV95cUxOVzVuTGowUk1sMUhaOVRBYUZrdzVQRkVPUl9WMG9tRkhsbUh0c2g1alN3S0V0Y1lnNFJMV1ZXbUEwUlYwRmhTMFVIZ2oyMGVxNUFYNHIyUUV6Nlh2dlNGd2hoT2N6ZUNtUGZlMHZEZjVqTldhbkVJNml6azlnLWFCbFZpUUxNUElpeGFDWFI5eXpnQzdiWW5lQ0xfT1ZkNjlmZGtaNEdVNGVKNThFLXd5d3lfYUFNU2xqYkNUXw?oc=5","Press TV","Iran","1784465520000"
"Israel Air Force fires Iron Dome at fragments from Iranian missile launched at Jordan","https://news.google.com/rss/articles/CBMibkFVX3lxTE1RTFhDN0xfYW5XeHY2cGxRbzhaY1FMSVA5OVo2VEhDNkdCWFB6cHVaMjFnVEdsamthRGhfSVI4aVFpRHBQRGluaXMxSHh4UkRuRkhzaXY3bnZBaXNTUks4WG1BVUV5UHBkUnNOcmxR?oc=5","The Jerusalem Post","Israel","1784465240000"
"Trump calls for Iran to be added to Russia sanctions bill","https://news.google.com/rss/articles/CBMipgFBVV95cUxQX3ZDY1dFSFEyRzgtWng4cFgxNjFoZnRzM3N1TTdGWDZBbXktUUxlQjl6amttWTE1U2xPa3RTQlZ1SS1yZ25xRHhvQloycWp3WDBJRkFIYjJ3WlBoVGNlZUZ6X191dDc1MGFtVG5NZ0JfSWVnRTVqaXZhTkdrRG0zTE9ZRFZQVkZBZ3hNbEdwa3p0QURLYlZLNlFCS2lVczNLSTRNSEpR?oc=5","The Times of Israel","Israel","1784464898000"
"Iranian singer gets 74 lashes for singing on social media without head covering","https://news.google.com/rss/articles/CBMiakFVX3lxTE9rb2dqWXlYLWlINDN0UjRVVmxPUFJPaW1ZbnFnS3V6eGRyTkxEb1RGWEpLZnlnNlFyWW9IN3RyV2JOcGFRUmRnQ3NYakdCR3FLTTZ3Tk5OZE9zQ3pXc3gxRHRhZ1hORjh5blE?oc=5","The Jerusalem Post","Israel","1784464761000"
"Iran shipped 70 million barrels of oil during US truce","https://news.google.com/rss/articles/CBMiakFVX3lxTE9CNElrUFRaTkZMTk9uM1ZDU085bEx3dHRnd1l4R01IQlEycm5jLWo2eVNPd3RrZkpXMFlYMXFyVGUwSk92SlZVSDR4cUFrRU5ZZmlrZnQ2NHBTdGduZWZORHF4NGFtZk9femc?oc=5","The Jerusalem Post","Israel","1784464742000"
"US downs Iranian missiles over Aqaba, Israel fires interceptors at fragments","https://news.google.com/rss/articles/CBMivgFBVV95cUxPME5RYUVNc2ZHd2QtSWJ4SEtENzF0MlZEOGliS3NWUk5MckhrWXNka050VUl2eGJVbkpaNC1MQVZBTTRuN2hhSE1vQjRvdWxFdkxTSVVUUDhSdFcyWUhuT3ExVVB0QXpRMlp5Njk1Sm5aU2sxcGtEMnlFaGRISExYcHozSVJCU3p5anNVN0liOU9GSUtRMnFRSE1yT0JuUEJibHdLQmJQcFZXNmlCczc5UFg3MTg3RVM0eDdXdWRn?oc=5","The Times of Israel","Israel","1784464638000"
"Iran’s cohesion key for ‘national resistance’ during US strikes: Ghalibaf","https://news.google.com/rss/articles/CBMipgFBVV95cUxQUUhpNDJwNW1tTVFHWWRJc0F6d1lIUDBLWmp6YlQ2bDNkVEZveHlIRzQtY2U5R1BZbVRMRFZxaE9XdTFhMkRaZTV4NU5QemhxaHhocTY5MW5iNDVtZEJ6SnFCZW1vZ3k5bmpZbFlvWm0zeURnU3ZGNmRjVUYzeWxhTmo5T2U1R21uY0ptajNJT2owRGVHd0JvdTNuQmtpVWR6bGl0dHJR?oc=5","Dawn","Pakistan","1784463783000"
"Moment Iranian missiles hit airbase in Jordan killing US soldiers - Al Jazeera","https://news.google.com/rss/articles/CBMi0AFBVV95cUxNaTdXVDRKWHdTZXJXZk1SbjM4MDZoMFNCMW9rTnlZall5eWFyQ1M1Q01EcnM5YUZMN1B6T0s0bUFrQ3ZWS1FsdWk5REx5ZTZBRV9GUjBYMS1qOERrc2ZHczgxT0t4OExUSUdicHJkckRfQXBfb3pmYTZlZDRULU5QNUZReWJmZXBqWmFfa0tJYWx0WGdLVWVZR0trWlF0OTY2RVlxMnZKYnhUNmRGY1o2STFJd3QyRnJvU0UzVThhR0NEWURzYmJpMzVYdWo2bE9s?oc=5","Al Jazeera","Arab","1784463459000"
"Gulf bourses retreat as US–Iran hostilities intensify","https://news.google.com/rss/articles/CBMipgFBVV95cUxQTzIxWFlrMnEyMFZoNHBRTjFybFYyNWtmNktvMlRFaGM0X2RBeWNzZzhycWxlVl9rSTlpdnBGVzY2dlZzWkFGUThqbkZPQUREak85NUREUjFkalExaHBJSk53aEFScDA0dFY2b1NwMlNiRVNkWndZanEzM05HVF9NNktScnUyNDdESkY5VlBTZDNsU3c0ZVY4aG1aaWZlZi1iQ3J2Y1Rn?oc=5","Reuters","Global","1784465623000"
"Nigerian children pay the price for the Iran war as malnutrition and poverty surge","https://news.google.com/rss/articles/CBMizAFBVV95cUxOS0h6Ny0yWVpieUVzM0VHbGI4b3ltUDZpWWNWTmpjN3BqcmZxWGVqSDg1MHVZYWVUOUhuZ3NJOG5JUnQxOHhTSy1XcFQwOXNlNzAtZTM3UE55STVsUE8yM3B2UDJWTlFSTVIxSXd2SU5IMXBGbm4ySjlfNm1ZWkRGT0xBbzJZM1pOdzVvaXdvWTZDaDUyQjFxcHZsVTRCN0VaT1lpd1U5WktjZHVLNF9FOXdNbjQ4QlJBdUlZNUg0aXkwOEFDVF9GNzlXRHg?oc=5","Politico","US","1784466540000"
"No casualties reported as 3 Iranian missiles toward Jordan intercepted, 4th falls in remote area -- state broadcaster","https://news.google.com/rss/articles/CBMifEFVX3lxTE1GY2VIT2ppWDVCbTQ1RnNya3NvdWU1RHBjZGtTYVZkWnlxRUE3ajMtZnNsVWZsX3c0Vk1iZkVaa2dIc1dBb21RcG9sZnRyMTRRR3ZnSE5HRENrSVlrcndid3FjYzJ6MzlFVW81S3ZqdXZCSHRzU3pnT1lITW0?oc=5","Xinhua","China","1784466930000"
"Iran says planned nuclear plant attacked by US, Hormuz vessels stopped","https://news.google.com/rss/articles/CBMixAFBVV95cUxQQk5UektQX1NiR0RuQmZ0eFd3NnBtcEVHcEM0SndaWE80MGxJYTRxaWZsbUdOR0NhVXZ6QXpOeGEta3FMUDFFMEdZQ19MMTVJOHA1YzlacWVsTnY5ejZfVTAxZkVEek54Q3BrOGlTdVlSWjVyNGtFbXZUcE8yWHZDaDJlRkk5d0ZKTTV6aWxyYTRvVnpqTnVPMFg4eERpUmVOVVFKYUR0VEh6SjNOc0R4R3hpMlhSaHQ2ZjlDRG5KT1VFcG1X?oc=5","CGTN","China","1784466450000"
"Israel to receive more US refuelling planes as Iran attacks intensify, Israeli officials say","https://news.google.com/rss/articles/CBMixwFBVV95cUxQcjZUc0RxSlZSZ2JJMzM0R2tQNWw4T1ZPaFpITk9vRTNRVlZuUGhuWDhKbFUzV3cxa3BNR21vbzIzSEdhdHRiNURzY0ZGbGhwUnM0aUdrQndVZE1QdHBsWTFRSXZRWHpxMEdkY05ROEk4VGt4bktvdHJFWHAzNHRTNExDWFdGeFBTYUdKR3d5Wmg5Z1l2eFpMV1c4RmVhS2hFNjVaMlZVZUFoU0UwN0E1SHhVQWRacmliaGN2Z1ZVa0EzQXdtVTlr0gHPAUFVX3lxTE5rWnZ2ZDV5Y0stZkJDcS0tX2pXOHRxa0c2UTRxT2NNdEVKUTdXaWxHRXNUSjZxY3B1UUF0QTdBSHpDODRrbVFQY2RHVFBjcTAzSXdveDBxR3pXTDB2VGctRmNHZFRjcVFJWlhWRkdCMmRoeWZEOElqSW9Ddm5FU0NVUmJ5SndMdkdpaUpYQm1FOUhMa2lZX2l6b0JVTVBsY3hRWWJJYzFpbF8wc1VuNUgyNWhNUVFsVWxXWUZldHZzd1oxWW5tb09zMElNQndudw?oc=5","The Express Tribune","Pakistan","1784466204000"
"Israel claims Iran missile towards Jordan's Aqaba intercepted","https://news.google.com/rss/articles/CBMimgFBVV95cUxNcWlybnBMeWZqVmFlLVFFUkJ6NFI0MXRkVDJRelN0NkVId2ZrYzZVMEg0elFmYmJ1SU80ZUlmX2JJT1M2aFcxVlVpMFAtOHllcHNlVTJqM2RUWkZCTDFhc2JsN1lTeEhpbkJGNkhQNGpoNjJOVjVfMnBhTkJrbi1md2lMckhiNU9NbzhZVFUxT3JHNFRKejFTRFlR?oc=5","Dawn","Pakistan","1784464868000"
"Flash: Explosion heard in SW Iran's Abadan -- media","https://news.google.com/rss/articles/CBMifEFVX3lxTE9RRDhfak10cW92d3BpOGE4Q3JnSmM5U1I0X294a25DVlA0QkZLOFU4eGY0M25ZMG51QkF0ZjI3R2FjZE1UZFhta0xhN0JfbnpmbkMzVW55LTljMS1rWTRUdXFkNFpaZXlTZV8tNjNYRlNBUmhsX0VyNl9mS1c?oc=5","Xinhua","China","1784469375000"
"Dr. Esmail Baghaee:They Attacked Iran While We Were Negotiating","https://news.google.com/rss/articles/CBMijgFBVV95cUxPMGozOUdicEpYNmRuUHJOeVJyOVN6dTlveVVJNmRudkQxTkdQaWJQanhMLTZ6QVF6SC1Jci01Um1ZeXhzbGphWnF6aS1uVXFnMUhfeUF4MjZoWkw5bXRCdGF2dEV4NGsycVZpajRRV05wNW9fNFBzSlhJeU5ORzNTSnFtV2dSWXIwZVgyRDRn?oc=5","Press TV","Iran","1784468880000"
"Iran expands media crackdown with cases against 300 citizens","https://news.google.com/rss/articles/CBMiakFVX3lxTE92UFdrN3ZhQmx0c2RTQjRJUFRxY2JmcFltaG1KdlZMdjZuOWhUSi1DcTR4SjJNT0JZVHhnaDBsalBYdlVmRnpwTkM0eEZ1VGtTSzFSajdWWEpvNHlfeEUyZHdqcFc0bnFDTGc?oc=5","The Jerusalem Post","Israel","1784468621000"
"Trump says Republicans should add Iran to Russian sanctions bill","https://news.google.com/rss/articles/CBMinwFBVV95cUxOZi1ZUXVrSDFaWEstWkJhTWxXdFZ4TXZCMVZXLVhoUU1YVFhkdUN1Nm9tR0lYU21uRlJnMWcxQkpBU1dzUTBTdnlFNmgyZ3AtdGdVUVo3QUNxYlhxWXdXRHFEMEs0djFCUUtOMGYzWDlMUlQ1R0tqbEt3R2t5Q1JIZHFVR09ENmRHdGhuVXlOdlRuZUpHMXl5UjFvRDRqSDA?oc=5","Dawn","Pakistan","1784467538000"
"US, Iran exchange new strikes","https://news.google.com/rss/articles/CBMiZ0FVX3lxTE1ocDJQSTA0MnVrTXFJRXBiVENkTFY1eTZobnktbTNSX3JoWnpCaW9MMkY4b3BTSGR5dk1hakt0QU5MT0lqODdjY3RMOTk0TW1NeEpMcmpuOVlkcVNIV0NCWlZ2MzVITEU?oc=5","France 24","Europe","1784467716000"
"Kuwait, Bahrain respond to Iranian attacks amid growing escalation","https://news.google.com/rss/articles/CBMimAFBVV95cUxPdl9vUkJ5MnpMVTV0WmxrekFzRFQ0d2p6dXFOSHFkdXNkcTk1dlIwV0VWYkFlMGowSk9TVzBnR09fMWwwN2xINnFpMXFHd3AwcDV0TVdubi0yb2tjUk5rMEFFZWtVQjBGaUJDa0ZPTmtxMjRxSFdLSGl6c0lIZTE2N2Y3U3pJOVBqUllUYTNBQ2tvVGRhUkR0LQ?oc=5","France 24","Europe","1784467647000"
"US retaliates against Iran after US troops killed, Russia strikes Ukraine's capital","https://news.google.com/rss/articles/CBMiVkFVX3lxTE5Qb2NLRXlUWkVUN1JlMVNhcW1pUF91VG4xeng3djZtRHY1RTRZc0xRdHROVThwN1JlQkVvOXcyN3UwRVgwSFdKNlV3QnRBRjlSVkR0Tnln?oc=5","Fox News","US","1784469757000"
"US completes eighth consecutive night of strikes on Iran","https://news.google.com/rss/articles/CBMiVkFVX3lxTFBxZHFGQWhtX281R1E0T0lWQkI0b3ZJSjFrb00weHlsQk1yMTlLUjdNWi1RZ2pXN1RjOWRaNnFfMGtmUFljVDIwbFZDd1Z4dXdRT1Z1aXpR?oc=5","Fox News","US","1784469492000"
"Two US troops killed, one missing after Iranian missile attack in Jordan","https://news.google.com/rss/articles/CBMiVkFVX3lxTFBmeHEwemFrWlRjQ25YelBWLXZfTlA2Ull1TGFIenNZSGdTT2U1aWVINGNveXJTcjJGRFM4aWRCd0ZDYk5OYnVwVWtGdURwSTZraU1wajB3?oc=5","Fox News","US","1784468312000"
"Trump golfs and attends World Cup final as war in Iran resumes: ‘A very sad thing’","https://news.google.com/rss/articles/CBMirAFBVV95cUxPb3lYTUdPNzdrU1FfZG53X1NHelFvTXZvZ3owUExfWXFfZTZQUEc5am5NRlJEOU11bFhZdjZqeGtreG05c1Z4WDhkUUY5SDlVREpRRDBzWUMwbDVKVHNNLVQwMjZuMXMxbWRmd25JYjdFMy1RSDEzVmcyaFo1UjB3dUtfOWgyUm5ZdFh0djExVWwwWWdmMndJLW9sMDJhS2kyNFYxU1hHdHVoeVJu?oc=5","The Independent","UK","1784467920000"
"US-Iran Escalate Strikes After Troops Die, World Cup Final, More","https://news.google.com/rss/articles/CBMirwFBVV95cUxNNHd2b1RlclFodnptN3ZJUnBqQnlIRnctejBkS0pVdFJzQjl1amJJZUhqUFFVbnF6dmRPTlg2eEJGU3NNUTlDN2puMlh2a0I2OElXbTRZWS1OZWctLXR4SlZTMmJQeGlFb3VyTng0eXo0cTl4dTAwM0FGRGd2eXhQVTBaTTBOSF9haFdkZ1B6dC1Edm8xZnB1QTJSdkl4UnhhSzJwMW0yeW5ZZ3V4OXpz?oc=5","Bloomberg","Global","1784470921000"
"Watch Rep. Stutzman Urges Tougher Iran Strategy","https://news.google.com/rss/articles/CBMilgFBVV95cUxQQ2x2VEtSZ0N1SlY0djdoVGsxdzRPc1daUVdMT2tiMlZHUXQtZ3c2T0xKNjFjMTh4UXdtUVYyUVlfMUFPQUVZVlpYWEdRS1IxbjZlR01PWTIyeE9OWTUyZVVEODQ3X3RnZmh3VW1TYnlnT0pibkQ4S1BOTXlLaU9mYnpDbmR1OUFmQWRlVWd0UzlTWHlwb0E?oc=5","Bloomberg","Global","1784470890000"
"Retired Vice Admiral Harward explains US strategy shift against Iran","https://news.google.com/rss/articles/CBMiVkFVX3lxTE5YYTc3ckhfTDkwYXJYRnVlbWN0ak5Mb3FkeEVHOUJEMFZ4dDczRjFTMHFfRWRQNkpzanJjMENlZW1CWGdCM3FYM010ckc2SWtiaVJIUWN3?oc=5","Fox News","US","1784471071000"
"U.S. refueling planes evacuated from S. Israel airport after Iranian missile attacks on Jordan: media","https://news.google.com/rss/articles/CBMijgFBVV95cUxPQkJITlhlRTNuWFdadXVxSnBNdzg3Y01pdDl0Tkh0T19BQXh2ZDNiTzlmbUZzS2REU3pMcFJfa3hSRmdldzRsRFBfcnRzaS1yQWFvSENFMUQ3eEo3R2doZGh6RmZ6bHpfLTdBZk9hMmJ0VHd3ZkVuSnZlQ2pwM0NQMmhiNXdkODJmelFyUHFn?oc=5","Xinhua","China","1784470995000"
"5 dead, 14 missing while attempting to enter Iran illegally from Afghanistan","https://news.google.com/rss/articles/CBMisgFBVV95cUxQMWtiYllnTWNxTGx6RjcwUC1pNlhsaVc1RlJtbmpESXBhbVdlVFZ5WkJrdmJPdFRvNWNBUDhKWVBtRFlaRzVOSGczV0tyS0V0UjBFalllVk5YR3NaS296eldkZG5aRFBjY1VWbHJicldCR2RRcjVoMlZIU1UtUWRSNEdDQXI5dFhyeVBjb3cyNE94d2JWclF1OHAzaVZ5dHdqREREVWEwNlFHNjRycUl3NG9R0gG6AUFVX3lxTE9YTjdQZy1rMjBwOTNnZlJGeXpiZ3lmRGFrQXh0alQtaVZoVU42WE01ZHd6c0VxeURFNXNsbGJCd0pOQmJvd1FVSDhiMFJxREFzSjgyTHc1T1I3dHVhN3VuZnczN20ya0U5aWMzYWxUSkxtYldCb3ZZbGZLLWRublBOTmFrbWwzelY0UGlhQjZYWnNUQkFoUEdWWFIxY2pqa2VOeHFkX2VNSzNCTjZJbXhtOThpMk85aGZTQQ?oc=5","The Express Tribune","Pakistan","1784470107000"
"Iran’s strikes on US bases 'transformed' regional security structure: FM Araghchi","https://news.google.com/rss/articles/CBMid0FVX3lxTE5DMWcyWDdweGhSUmtMMjFRLXBCb0pGbmVBcTVrYXhXZ05aQjZGRUI2Z1VqX2pUemtjUkdhU09lbC1sMHRGNktRUklhcDdWSy14QmxPWG1Xc29mbTNOZWEyb1NsRFR5cXNWRHVfVzFRTlpidDBDVlpB?oc=5","Press TV","Iran","1784473080000"
"Trump describes death of US service members in Iranian strikes on Jordan as a 'shame' - report","https://news.google.com/rss/articles/CBMiX0FVX3lxTFBaODBsaUdoUWc4NWNQQ1JSMzZiVmtrR2R3TFlqZ1YtNm0zRHRfM1dIbWZkenlJSmcxTktWTVRCd1YweGZLejR6bFdtc2htMXVUamprWDg5eDMzZXRrS2sw?oc=5","The Jerusalem Post","Israel","1784472412000"
"IRGC says US ‘trying to compensate for military defeat’ with attacks","https://news.google.com/rss/articles/CBMiogFBVV95cUxQZlBJV29Xal9QTk91Ul9CUGRacWNubzRDcTEyUi1zZ0VjWGNkNnBkLUdEYjVzSTdYcmxZb0JUWXM3U2loTU4ydkE1NDZmZXF6SVBUQ0VWYVZoREdQYzBCaGRuNTlGZ1h4Q19UdlhHeUQyYm5IWHVFTHdLVXlDWlBjNmpBVHdKZjNvNGdfcjZSSDBlNTRQZ1BvUEZxYTRwRm0wVFE?oc=5","Dawn","Pakistan","1784471963000"
"US will fail to overturn Iran’s strategic victory in Strait of Hormuz: IRGC cmdr.","https://news.google.com/rss/articles/CBMixwFBVV95cUxONDMxN3lESE4xYWFXNWg5b09nZE9MVXdOVi10TXFycTlJN2JBcGdiZDFlX1dNcy1RZjNHNTNUYk1zVnk2WTd3eFJEQ25UeHVpWEp5b28xdlVOaGFWU1NrT3dVNU04WF9jejNuWDNQSVdwZ0hGeDZ1ckhnTlE1T0hKRWEydWNiMlFHa2dBWUhYci14RWR1bmplWTMxSG9pYVphQ0pGQ09HQW9qSy1OVU5iWjRmZWNISTRNNG1WYm5HWU9mSFpPSHdz?oc=5","Press TV","Iran","1784471820000"
"Israel warns it will respond to any Iranian attack with 'full force'","https://news.google.com/rss/articles/CBMiogFBVV95cUxQWDRiMGljcVlPSU5uRE00VlYtUXRac245ZllSVGJhWjlub1JDUGg5eENTRU1kVHNROTNkcE45NDRrcUpvdzBVSHU3ZDM2aW9nRmx5aE5YbUFMeUluMTE0ZHhOclVXcTcxQXZKMVp5UEFINUxMNlU0eTJPV0JZbmhwTlVBYjQ1U1RsXzFtdzdkbG9lNUpvUF9WSk1NRVl6UW92N0E?oc=5","Dawn","Pakistan","1784471442000"
"Kuwaiti power plant ablaze as Iran hits US Gulf allies","https://news.google.com/rss/articles/CBMimwFBVV95cUxNVkZ5QXo1N2hOeXZuODFkalM2aVg4bjNlX0p4UHRzM0FLb3VBbzBKeFRGeVZCdENGMEFKRndFXzdTaDFTazgtczZnZDRBZWRHQjdHTjg3MHF1MjF3blhaM0pINlhCeGxPZkJDVTBYTkkyY0FPQjFpZEp0N3RzRFNSMkJBMFRxV3NCcmZpc256X0I1MlRUelMtc0g1RdIBoAFBVV95cUxQbkZxaDI5R0M0elRWcEpiTjhNeXJnQ0NJSW9VNFhTQ2MydlF1M2c0azUxbThYcksyZDMxYkZhcG40VGwySDh1VXdoS29sT1RNdEpLSnZfMTA3QmpweW1NYlhRVmVieWQ2YU1zbzl6TWJ5d0k1S3VHLTBRYUdzMkdyYTdkdDJOWFlWM1VHcVdmSFF6NmlLXzFCb0FwVXJhTEdD?oc=5","Al Jazeera","Arab","1784471403000"
"Israel warns will respond to any Iran attack with 'full force'","https://news.google.com/rss/articles/CBMibkFVX3lxTE9fSm9KM0ZnRkVWX0hoRjNXNTZCM1lEWlBlYS1hSjBid05Qb2NCY09odVB0NS1MUFE1RWNyS3M4Tk53X0Z1eDNpblJnTVZFLXoxaXFWMmpTQTI2eFZJemFaby16LUIzZnJYR05FYmhB?oc=5","CGTN","China","1784470361000"
"Retired Vice Admiral Harward explains US strategy shift against Iran","https://news.google.com/rss/articles/CBMiVkFVX3lxTFBCSUozZmJuX2RaeDZTTllvQWhnVDN0aTI2dkVpaVdYU2k5ejdGRzdUTnotZ3o5UVJ5NHVCeUJwRnJJZjMtVHl4M0lBSTFLZ25rcFB3elhB?oc=5","Fox News","US","1784472983000"
"Ships continue to move through Strait of Hormuz, Chris Wright says","https://news.google.com/rss/articles/CBMiiAFBVV95cUxQcndQMHc5bVZhaWhqekxfSklfaTYzUjZ3bml6R1dVd3VUOHdSSDlmWnI5MUJLczlfZlNiZVI5azVQdWwzMnJDX0pBOTltRklXVmVxMjBNQ0xuckJoN1F2OW83SVIzVExmSVdkYVVYdERzUDQzOVgxbnI1UjF0YkJjNmhfNEtuZUtk?oc=5","Politico","US","1784472000000"
"Increased Cooperation With U.S. Has Put Jordan in Iran’s Cross Hairs","https://news.google.com/rss/articles/CBMigAFBVV95cUxNRllHdVVkTmNGejE3MGF1VjJBWnc1MlB3Q003NEpqSkgtbzNUTGJfUHZva3ZSSWQ1UkIzeUxFV3E3QkxLTkdrQmJvNE53aHB1bFRta2owUGUtQ2ZwRVptNk9NNzFjbnVhSGcwaDZaOEwxU3JialYxbVk1a0NpUU1pUQ?oc=5","The New York Times","US","1784474273000"
"Iran targeting regional neighbors could be a 'benefit' for the US, expert says","https://news.google.com/rss/articles/CBMiVkFVX3lxTE8ydHY5ZVJSanhCVWZFR0pIdXBkaUpVNGpSLTM2SEtHUG9RbWtOUGNXNUFocVp6UnhHR2ZKNFI5aGEtUnNoTTRwVlppMk9ueVFycG9nMFBn?oc=5","Fox News","US","1784473459000"
"US sending more aerial equipment to Israel amid renewed aggression on Iran","https://news.google.com/rss/articles/CBMisgFBVV95cUxOWGtCbnRiWjE2dGNBclZUSVMxeUhfZ0hqbExkV2djT0UyMzJ1RUJ3ejQtMXNXZHdaakVJMlhCU1RqQ2FSNGdaZ3NUNHRVRFVGM1BnTHplbFpKQ0VYaTFWcDdQdFRtdGZnUzF6Zzk1bnlpY3NLTXNHRmMxWGM0VmJFXzhQZkIxV1AtT08wbWl5VjJCT19KbW1ZUEx1OGFSYXdESGN3U3BaSVNKXzdHOTZSNjFR?oc=5","Press TV","Iran","1784474580000"
"3rd LD: SW Iran's Abadan attacked by U.S. missile; U.S. refueling planes evacuated from S. Israel as 3 regional states report fresh Iranian attacks","https://news.google.com/rss/articles/CBMifEFVX3lxTE9sOEdTOWFlUDVFYXBlZU50eFVEVmt1VXNRMG1MQ0lfa0NwcC12NG9jSmxrdS1ENEZueWNtNjVhMFAwbFp1MHZWbGFaeUp1cEhkbFNUZ0RUbTBXMENXdGVFRkEtM0VmLUtEcUJxYUEwbVZMME1WZEJ0UWluOGI?oc=5","Xinhua","China","1784474355000"
"IDF: Interceptor missile fragments fell near Eilat during Iranian attack on Jordan","https://news.google.com/rss/articles/CBMixgFBVV95cUxOLVVGOXpUNWZDelNCUHNyb2pudm55elNzSjhjUEE5d0NZM0V0X3JscWlsci1KNld6X0VBbDRNVkUwX3FCR0lTczNQTVFMXy1leWZqZ1hVRGk2VXNZRU9sUndjUDlPMmRNNGhmVlNEc1Y0MkM3TFpjcGRxdU1QMk85c2lrTkVjQU80MFZUVGZIUGI2b013UVV3VGVoY0FnOVFwUUNNVTFjTjhHdTNhaDNvX29sOHNTeXBuUUNESnZyeXlVNk9rLWc?oc=5","The Times of Israel","Israel","1784473611000"
"U.S. refueling planes evacuated from S. Israel airport after Iranian missile attacks on Jordan: media","https://news.google.com/rss/articles/CBMifEFVX3lxTE1wREZSVVNiMnRSaTcteDZ3cUxVX1FUMjF1Q3pQWVotLXZvUTdEQ2NCZG1DME9kUVJoV0pneTkzTGNxS3lyYnlKaERGU0s0enhQX3dGeG5rVnkyVVNidFVyOWc3eGJDRlJabVVXdkJ4WXB0Q29IVkFPUXFZNWY?oc=5","Xinhua","China","1784475795000"
"Iran’s Quds Force Linked To Antisemitic Attacks","https://news.google.com/rss/articles/CBMihgFBVV95cUxPRjdyamVkNXJyVWxiaThCR2tmN1ZORHAxNnBIR09WajRiRVU0R2p1SzVlQ0NBRkpHMUl0ZHhFam41WEFfSmtIVXNXREJRR2xIcFlQZHJpRElOV0RaX1pxTkRCRFk1U0JpWHR4MF90VTIwOU1BTEd6TzBobWZrbFBsMzkwcmg5UQ?oc=5","The Times of Israel","Israel","1784475600000"
"US Strikes Iran Over Troop Deaths as Israel Warns Tehran’s Attacks Are Coming Close","https://news.google.com/rss/articles/CBMiyAFBVV95cUxNOXVQSjNVUDNzc0NzVzFTMGpqN3ZrZE44M2tNSWhuc3hLVTZlcEpPSHhGU2h4cmVqNVVVRjBicWJUeHk3SjE2V1JjdnFkSWl1ZlVxbVdBQTZQa2pVeFRoeTlYZGRpUXFEMlFnWU5xS1Y0bHVCTUMwOFJUNWl0a0dHaVRoQVA0aTlxMmRwMkM2ZXZubXFBaWFBQnBzc18wYklLV290aDBweWtKUFRFeThqRVJKOFpFX0U4dXNfV2lyZFlBYnZnb2JkLQ?oc=5","Asharq Al-Awsat","Arab","1784475558000"
"UN Watchdog Calls for Restraint as Iran Says US Attacked Unfinished","https://news.google.com/rss/articles/CBMiowFBVV95cUxQLW9PanpIWjJKWDNoMTdoT3dPdFF3Si1NY1ZjM1hLVV9jaFlFMlFSMVdDblBSVmZxdnF4Rmo5bHlmeERFd3VfalRRSkR2blJvZUk1N2FEdnBmUzhzZ1NEVU5aODBtNGFaWml4VnRMdVNlWjJGTzJoZDZFS1BJVDVieU13M3ZVS1VpOEYyWEYzY2JYU2ZoTWdSSjdZTTVhZWtwdjlJ?oc=5","Asharq Al-Awsat","Arab","1784475050000"
"Qatari emir, Iraqi PM meet on U.S.-Iran peace MoU, Hormuz Strait navigation","https://news.google.com/rss/articles/CBMifEFVX3lxTE5zZU4tZlNvVVNhX2FjMWtoT09ILU5KLS1iZGtCdDdsT0o3TUJvTkJfbUFpbUNIQkNuN1czTjZHZFo5cl9vLVFYVFdqQjF1eTRYQUd3Z01wdkZNM2Z4ZUgzNVRWM1Z0Q3hEQTljQUtYYWJSd1lFRW1kcXljS2k?oc=5","Xinhua","China","1784474925000"
"Video circulating appears to show moment Iran missiles hit Jordan base, killing 2 US service members","https://news.google.com/rss/articles/CBMi7gFBVV95cUxPWW0wWEpFMWY4Ullwd25wdktKa1h6Q0RWal85YjJ6RjlLZHFZQzB1cm94ZnhuWVczM3BJMzZmdTdBTXFZZXhoVGxHeUpkZ2ZwMUlfWnNFTVNna0M4elhjdk5JNzVBVFlkTXlKYkRpZjRpNzY4Q08tbFRvVmNpVE1jNXRycUtYTmtWeTZpc3F2XzlVZzM4QW81YUszcC1lcDNITWlLaW9SZ3pkVzljSmE3YklQOFJpLTA2YVNLc1c4VERIN21DdEgxdFpRVVBOdEQ0ZXp4NnJSUHh1VUVMVWJKenc4TnFmQlZ6TVdhYVBR?oc=5","Associated Press","Global","1784476260000"
"US-Iran Ramp Up Attacks Over Troop Deaths, Oil Bypasses Hormuz","https://news.google.com/rss/articles/CBMirgFBVV95cUxNVzAzNmtjRjJiSktEUXZDQTExYk5hWm9SVGhZUy02RW04ZUFQUEN1cFNkNkVrZ3Nkc20zMGttd3NmNFFXSE1oNTY5NzBvV2RZSE14cEZWVEhNUElYcEpGSk81emoxNThwZ2tMaURORW1iWkpXX2c4eUtCVkdMWGhscm1YVlotdjlsa2xnVWFTWjFzOFpDQXpWUGlMMDl5aUY0UFNOakwzUzdPUUVDa0E?oc=5","Bloomberg","Global","1784475164000"
"US hits under-construction nuke plant in Iran, says furious Tehran: ‘Clear violation’","https://news.google.com/rss/articles/CBMimgFBVV95cUxOdjg1cTBkY1oxc2hVV1lCTTFjS09vR1hJN1V4czBXbkxFNjJxSE9CZFhoWTF5S3VtYTF3Um8wVGtiTWJJSUptdWpOaVpMVlkwa2c1NFBkcU5FUXlBLWM1RjVYOVFMNXllMTBBNlZBVVNtNkJKUXlPM01xSXJGSGE5LWRfRWFDRUN0QXFZWnJ3WTUtY3BsS2ExaGNn?oc=5","New York Post","US","1784476680000"
"U.S.-Iran Fighting Escalates","https://news.google.com/rss/articles/CBMic0FVX3lxTE9rMEZfLVJkTXFvS0xaMndRdmpzRzFrU2h3R0xHc1ljLUppYnoyckRHZ2hXRm1tUEwycXQzNnpIN1phb01SbFdxcjVSLU9KdU9xYTE1TjEwRVFTR3E0X0wxUkNIWXI4VGNMeHRfT2Y5cmpmUFk?oc=5","The Wall Street Journal","US","1784475960000"
"Sen Blackburn analyzes Cuba’s deepening alliances with China, Iran and Russia","https://news.google.com/rss/articles/CBMiVkFVX3lxTE5PRGVzVVdkTmhjNld2blVRb1FyTFQ0MlpaUXBaSFVFeTBlZXRVNFFQaDRfOVo2aHphQW1mUnlxQ1hselNJcjV4U0JaOFFlZ2xMb1c3d3N3?oc=5","Fox News","US","1784475822000"
"Israel threatens ‘full force’ response if Iran fires missiles towards it","https://news.google.com/rss/articles/CBMipAFBVV95cUxQSE4tTld2NjdPdzFhRWNDeDYwWmI1OFF1bEUxZFkxcDEyZjBVY2tDdmMyT2VVODFERmhhWDJCLXZ4VFpJejVNYVVjd1l6U0NraGtlNDY0UHA2aU1RMlJvM0s0ZXlpdXF0djEtLWZLOFpscXI5U1VSYllHLXlDOUhCNXN6OGRyQ1UzQkVmbzdiYkpyelN0bHZkRFZabjZZRXV3M3BJbQ?oc=5","The Guardian","UK","1784478540000"
"State department issues new travel warning for Americans as Iran war escalates","https://news.google.com/rss/articles/CBMijAFBVV95cUxNUzRULUMxZy1KNnFGLTMyS1oxaGFuRHhWbHBWQUVkVVVCVkNEaDN6U3c0dTRNX1o3X3VtTHg5VWhwak5QV0hjMkdxXy02bWVJckRfYmY1aTVyYWV5OW9pSmo1UWJLRHdkbndndVRoQ1NPanVSbnB4bi1rRUc0cFpBUlpXUW9xVE1LdjA5Uw?oc=5","The Independent","UK","1784478000000"
"Zamir: IDF ‘closely monitoring’ situation with Iran, ready to resume fight if needed","https://news.google.com/rss/articles/CBMixAFBVV95cUxNX0h4dWFhX1NzeHAyS01fOG4yd3JTZGlENkhLdDZmRjlSczgtSzQ2bF9OdEhYbC13WE5xYmJWVS1FNnktQWpLZ0JCRnYxUmVtRWtVS0hIYkpBYXMwNEoySXhzcFhXZUUxeHZ3OFZxVGctU1Z1UjNiM0NHdUQ4ajZZTW53SEM3ZXdPMDl6dWNMUU96R1NnSUFFNTZ6ZUxkb3pWNmw1UFZMSktDS3A5UExscVRVNVR3X04zZkpRMkFFTkRMRzVS?oc=5","The Times of Israel","Israel","1784478117000"
"Netanyahu Threatens to Cancel Likud Primary Amid Iran Escalation","https://news.google.com/rss/articles/CBMiigJBVV95cUxNR3oyZ2Vpbmlyc2hJb1U5TGNHTXdzUEpuQzdDUkt0elJjUGM4S3FualY3VTIzendqdzZSNVc4QlY2RXNZTlBVY1JkRzdtbVluVV82eVQzdDVUdW50WVpNcDV2bVh6dzRienhxYTlDT2xwd1otTUtSMjBhWW1kQ3hEamU0bDROSDByOWR5ZUhteWg3d3owNjM2Yng1MEdDMklNajI2dlZIMXZfN3pINzRSelN1MmtvbVJXWHFENk5oNVFROGI0VE15VVRwbGxUMkw3dlNrUk1xWm5ZQnhaWW01UkhTMXlFYmRtVUZhOE1hTFJYbTNULUIzRDF5ZmpCYmFqMHRGRldjR2dvdw?oc=5","Haaretz","Israel","1784477760000"
"IDF chief: Israel prepared to respond after Iranian shrapnel lands in Eilat","https://news.google.com/rss/articles/CBMibkFVX3lxTFBOdl9uYU5JbGJEemlTVGtRVzZSM01WOVJBb21FZFU2Q2dhT1lyeDVwZnFScTd4cWpBU1NYTk1yZFlaTmQxVXlEUzE5cGhJbTdEQ2VaX1FwMUhHekMySHQtRENkVW5teE10UTFGa3hR?oc=5","The Jerusalem Post","Israel","1784479193000"
"Why is Iran expanding its attacks on Jordan and US forces?","https://news.google.com/rss/articles/CBMiakFVX3lxTE9pVmhKczdkdjg1SUdoYllLUUttSnNLTzFVV2VkZ2RYRDVvdDVZM2M1VVlOTnE5cVJWN1BqWks5THctSXNvUjlFbkZYSnVyTWVrc25lQXZNdlBsVWNCQlBraE9wc1pqLXVPbmc?oc=5","The Jerusalem Post","Israel","1784478716000"
"UN watchdog calls for restraint as Iran says US attacked unfinished","https://news.google.com/rss/articles/CBMiowFBVV95cUxQcmFIdGlmY3ZycVNQcE5jVE9mYWtyOWNSUU9tNWV3WTV2RnhLbVJQcmMxQ1lPLWlwQ2R4Tm15aS1lNVJHRlUwREFuZ0IxdVN0Q3FoS0VUTGZVaHotcnltcU9mQTVXT2tpUlJqQXRURHVEYTVkOHVjVjNYWFNHeEppS0MxNVVNNS1XeThFbDlNeTgwcE9ZWUJ3QnI3VXRQSXlNSnhB?oc=5","Dawn","Pakistan","1784478387000"
"US-Iran Escalate Strikes, Wright: Trump Open to Talks, World Cup","https://news.google.com/rss/articles/CBMirgFBVV95cUxQSFBEZ2RmeWlrNnBqY3piMHhlZHAwdVg5SklQTmsyXzZ4RzVIQ1V3b1IxT1IyNUFUdVVsSUpMeGRhRkdzQ3BCQl84YUxtSEpTbTU3TjRpVXpJc25rY29xUllTNGgwYjZKZV90RTc2UmdFMm9Lc0VsLXZMTWNkdF91VWU5Z0dWeENxQWRoZ1FxU0F3bzlZUzNZYW9lZE1RenZBRnFYdm9CeTY3ZXRWUUE?oc=5","Bloomberg","Global","1784478680000"
"Sen Blackburn warns of ‘axis of evil’ with China, Russia and Iran","https://news.google.com/rss/articles/CBMiVkFVX3lxTE9KbUJTbDlSTnZlRERsdUxzVE52NmNzN25fQ1p3Ykx1TERqV3p4dHdDWmh6eUx2ckxpczdCZ3p4b2tQb0FaMThST1dqcmo5ZGJxVE1qbWpn?oc=5","Fox News","US","1784478827000"
"General Jack Keane analyzes US strikes on Iranian military targets","https://news.google.com/rss/articles/CBMiVkFVX3lxTFAwMl9uQTd6VV9ueUNjVlgzbUNta2hfWjJwSmNvSWZYaEotRWh1eGdYMlFTSFRacTA1aTRiR0hNTkZ5eEZ1RDNIZ1FubmhWQjJuZjBJbk9B?oc=5","Fox News","US","1784481407000"
"Gen Jack Keane assesses US retaliatory strikes against Iran, discusses regional stability","https://news.google.com/rss/articles/CBMiVkFVX3lxTE5UdzBpT1hweWhXbm9GSnJvejRLZzZTVHpyU3p6M0I5cW95WWVHUWJBcllMdzQ0VTVrMnpDTUpBR2ZvRjNET1JwMHhFYkpCOTlVQmRwOEFn?oc=5","Fox News","US","1784480994000"
"Rep James Comer defends latest US strikes on Iran after US troops killed","https://news.google.com/rss/articles/CBMiVkFVX3lxTE5tWVBFbThXUjhwR01LYnpDRFpTQnBvd19hUlplRlhVX1liblRuaXdRbUZzRWVWZzZmc2RUbERnejA1X0pJT201YnhUNERNVGxraVJrc3BB?oc=5","Fox News","US","1784480629000"
"Israel prepared to immediately resume combat with Iran: military chief","https://news.google.com/rss/articles/CBMifEFVX3lxTE5kcjlyMDBscFJtTHRoVzNhZjlVeWlxbEd6Zzh6OE9MRE5sTWFUeFhXX1oxQ3VaRUc2RUQ4TEJaOXgtOGExNHBWd0RtUHBGRDhSeUpuek43YzNXdlNzb2JqUEhPY0RZMmtkMGlzQjYwcnhZS2dkV09fZGNFajc?oc=5","Xinhua","China","1784481660000"
"Most Americans do not realize the resilience of the Iranian people: Analyst","https://news.google.com/rss/articles/CBMiywFBVV95cUxPSnhZQkJGejVzQzg3c2hNX2FrbXNBajV0c3BGZTlfMHcwNWVETi1fMmppald2dUh2TzZIcE9YSE1UbkVIU0FZVDNYVXVWWF9pa3hnb1pHbTl5UEpBX0I0UjRxRHlfYUhrTGRKQUUxY3lELV8tUlcwTV9BS1gyUkhwTUNKU05kTGM2TU1YeEVWcF9TRGgtTHJNSGZuWDd5dnpwZGJyWXBpSFJzRW1HX1NKOHEtd1hPNkRGRnlYUjRhd1dBc0dIRWFVcWxpYw?oc=5","Press TV","Iran","1784481120000"
"Kuwait Condemns Iranian Attack on Power, Water Desalination Facility","https://news.google.com/rss/articles/CBMipwFBVV95cUxQY0NTb1ZQWnBHYU1wa3dFUE11bjdRVElrYmR3V2YyNC1zcmgzcnNrYXJ0anhTeGJ4dEJZOC1nLV9IUHUzNXdCX0tuZkluamVDX3RUbkphT252bXFtalhqZENNSG9JTFEzcDBkOE1pc1hXb1ZBSUdwU2F3OVoxZTlwQ0tlZVRibzd4Nk5pdFFZRGtPdXVCWmxLZHdmVko4RlhfTzJTd1QtSQ?oc=5","Asharq Al-Awsat","Arab","1784480674000"
"Jordan Summons Iranian Diplomat Over ‘Unjustified’ Attacks","https://news.google.com/rss/articles/CBMivAFBVV95cUxOamN0ZHJwQ0JQQ2dFN0N4eDAwRHBubVI3X3FGb1BkWnBObDdKSm96NXR5UkFfV0FFQjN6WFVGeGZIWHBCcEk4OUpwR0RXUzRVRUdYalJEOFMySjlIanc2dVU2OHVPeHZiblJWdkNIOVRTZmhYWS1Vd09hUlVJcTdydi04b3MyOE54MUVJaHJmRUYzTmJ4NTkzc0pTcjlscS1jZlk4LXRqWEI5UWJNYmNLUDdJOVZ2TXZwZmtmNw?oc=5","Asharq Al-Awsat","Arab","1784480458000"
"Arab League urges U.S., Iran to de-escalate amid regional tensions","https://news.google.com/rss/articles/CBMifEFVX3lxTFBvZ0llSkhaZnNpd0xPN09DM2w1ZnZVaTJSVXdKZVZ5RjVQU2hUUFNlVHRBT3dDX0RKUFVqMlplZGhpOHhocjZoSThWeS0zRVlTY0RuRi04bjNfbjBLdnpBbWYxZElvRHFPbzM2TFdOUWxGMzJSdXdHNGJiN24?oc=5","Xinhua","China","1784483280000"
"Iraqi PM to Visit Tehran This Week","https://news.google.com/rss/articles/CBMifEFVX3lxTFAwM0liREJNdDRiLURfaElYaHJaLXhTY0dsd2tTa3N0M2tOalhOU2YtcGh5dTI1cHpyVjRUSjVUbi02OXFTRnhDN1Q0QkFkSzlQeHl1Q2pUQXlEc2I1V1RfR1NweFVEaDlPeU5VUFFZbUd0NWVxVkpfR2VRbzE?oc=5","Asharq Al-Awsat","Arab","1784482937000"
"Source to 'Post': US President Donald Trump leaning towards escalation with Iran","https://news.google.com/rss/articles/CBMiakFVX3lxTE1Fc0dFcFp3bVhyNkQ3N1BLTDlLX3FBWWNvRlB4X0RraGN3bU9PVldWRURkUVFsb21hLTUyaS1jMlFHX00tT1Y0cU1NX3daUHNxNzNhaGtyMkFRemhSWE5IVDEybk9uZUVEc2c?oc=5","The Jerusalem Post","Israel","1784482565000"
"Jordan, Qatar push for end to US-Iran hostilities, return to negotiations","https://news.google.com/rss/articles/CBMiqAFBVV95cUxNSmJnNzUyN0hQMHF5RnZzRGxlc3lZTTZQbExjcmNNV2VGREI0REw4MV92d29nemE3bkhuNFZieUJZTWhnUzNvWndnc1didllCTG1MVlROZkF5TWJUV2RKdzdLWTJSQk5FWE9ubHBYajdXUnlheGlYMUFPZld5QU1tMUFpa2hzVUxlSnZCWFd2SWVYc2dGMVB2TlhXVW5WMDF4bVRtTVlKdXg?oc=5","Dawn","Pakistan","1784481307000"
"Fast Fashion Is About to Get Caught Up in Hormuz","https://news.google.com/rss/articles/CBMipAFBVV95cUxNcGZPMmxFY3NCeWdpMTcySVJhYVM0MElLWFJXR3hUczRrQUdwb0ZXcWs2ODVIQnJnNkhQWFZUMjNZS0tvTHZSMG9CNE9VMmdtcXhaV29ISXgzeFI1SU9XeGVaSXZCYXJlNVoyeFVxblQtaHh1amZZdHJvS1FTeWk4Z3pqeW92RjlMMHU0MWo0U3Y3VE1UeWFSLWdNLWxhRG5ETlloeg?oc=5","Bloomberg","Global","1784484020000"
"Video circulating appears to show moment Iran missiles hit Jordan base, killing 2 US service members","https://news.google.com/rss/articles/CBMi7gFBVV95cUxQOXVnZGh4MzlIcExQUnpCQ0FVb2Y5ZElmdktoTlZLd1R4bUxjTUNKbGs2TnU0TldkNFo3bkVtMG15OGZONFA4d003elVJcXNvVTJ6cUlDYVZnelNjMWNGdmdMZExaOVZxcTh2OEl3OGtHdVN2cWoxOHRLRV9oNm14ZVpqZlIzdmh0a25HSUExSGNMTVdUbnlPeEIxMDdYVmE4Vlg3Y3hxNXFiNE9zNjU2VVlUQ3dUS1UycklhQUZQMHBMYU92X282emE5M3FRZXV3ci0tNkEybVBkYmFqNzNvR1NlYlRxMGxNMUhTZFdB?oc=5","Associated Press","Global","1784482080000"
"New Phase in Russia’s War on Ukraine, Israel’s Attempt to Recruit Former Iranian President, The End of Reading?","https://news.google.com/rss/articles/CBMioAFBVV95cUxQN2ZKalNHcjBwN3RCSmFFVlFNazdoU29LcXhCVkVDaVJlZ0FSTVB1VThpNFpweDBVa2N1VHcwNmlsTzQxQkZZWVZZQ01aejJrTmt3WmdjVkxZSHhLZUFYQUxOZnA0YjhPMVlYYzU1ck5saFVjNjRqVzVnVEtvZVRVWE8tQ04tQWloNlBBNUJoaXl4WVZaSnhNbTkybWtGVTdo?oc=5","CNN","US","1784484347000"
"General Jack Keane analyzes US strikes on Iranian military targets","https://news.google.com/rss/articles/CBMiVkFVX3lxTFB5bnVIRWRpZW5IblUwUXpGVHFPWWhoVmJRSm8xVERWVG8zVnVLUFB1em43TDJfQjcyd0s3aFJZdVFrSktOTk9NSlFkcXdKWkl5M1JFMmln?oc=5","Fox News","US","1784482858000"
"US Hits Iran Over Troop Deaths, Trump's Call to Congress, More","https://news.google.com/rss/articles/CBMirAFBVV95cUxNVmRyV1lpdU9fQ0JOVlY1ajlvN0NKdEptZUQxOXkyRE1UaWxCOTBWbUJWU0NKRDM4UHo3cG9RdEg3bUYzQmxmcW9ISzNjV2hHMkJ1MUhXM2s2ZHFwWXM2VW5lYzJhS2lFYXFiUmc5SlB2aS1qQ2dhdkgyWmgwN0dCOWdQc2Z1dlVPOU1CR2FBQWNCVHo1bVRJS05SYkhTNnB3VXJ0YWxibVNCV25n?oc=5","Bloomberg","Global","1784484759000"
"US strikes Iran after deadly attack on US troops","https://news.google.com/rss/articles/CBMiVkFVX3lxTFBXQkNZMEJTMkNGWkNnTjB3Z2h6ek5aTTF4b2cwekdGVEhidUxXTmxMX0plTkRWRmhaTUczV19DVm4zX21xXzU5OXBWc1M3VzJSRE5XNGRB?oc=5","Fox News","US","1784484293000"
"In rare interview with Israeli TV, former Saudi general urges 'serious consequences' for Iran's 'barbaric' actions","https://news.google.com/rss/articles/CBMi6gFBVV95cUxPanJqOG9BbEFkSnZ1VkdnMl9aZWRUSFJKSExuOXNfUXc0VTBYcWJhbS1vNk5PRllNY3dSQVFfNFduRTZ5XzJTQzhXamZnbks4ekdHeklBd3phYU1FZUVVLWxqWWx0S1dqX1hYOGl0aUFhYU9kUEVCLTV0SlJXa3lXV053MDVLeHFZSzNyR04tYkJiU2JscUFjQmhxMXdZVkJjSkotelRpMU5wa3NvVlU3dDJEcTVram1TU1VKbko1NGlzbWYwX2ZoSzhzWFNVQzhoLXNZLXN6OWhwc0ZGRTFncGxWLTJnV0RiSEE?oc=5","The Times of Israel","Israel","1784485017000"
"Can the US and Israel sustain a war of attrition with Iran?","https://news.google.com/rss/articles/CBMiakFVX3lxTE5DSktvaEN0OU5YNEpTY2Y4RlVTTnkzeEpGWW9IMjJ4VXFlVVdjcW1Bd21LVWZ4XzQzcVI4TnFxenN6dDQ4MUxJWFM0T01mSmRTUUIyaVVMQ2xsclIweEdfd1R4SVctWFVqY2c?oc=5","The Jerusalem Post","Israel","1784484655000"
"Iran air defense downs multiple enemy drones, cruise missile","https://news.google.com/rss/articles/CBMiqwFBVV95cUxQYTN4eUNOVUhZYW1UNHNwZUFsYWJoM09tRHZDajZjazBLMjRGUFZ0SWdUOURSZUNjM2F5SzhaNEhzdGdNNEhBa1g0Z1RuN0J1bm01cG44ZFdEdy1icktyUVpvWDFZaG5Cb05pRlk2Q3ZVdEZneTlvRUtCVWtZa1RBSzlEbTU2ejBVNTd4elRBUkhFeFBTc29wVVZlXzAtT2dZMUloWGZCRWxXNDg?oc=5","Press TV","Iran","1784484120000"
"Jerusalem said preparing to join fight with Iran as US weighs next steps","https://news.google.com/rss/articles/CBMiugFBVV95cUxOYVloa19aX0NhZ1hGSFdxQmRGTHNKYWRzY3o0eXRmd0JxOFg0OENSdC14c3h6am5qMThPRF9CYUZ2eWxvUTlhUnBpQ1A0Qks1N3gta2h4alNPR0pVRVNObTh6UXppa29zeHNLRDdzMlB5N045RnM4RW5URjV5aUFkeUs1MmpFNWFGckQ2Q2s3S2Y5Q19SRmNvX1p6eXhLUS1aR1d5U0gzNnRoTHZaNFE2YUUzZUdWUWRvMEE?oc=5","The Times of Israel","Israel","1784484117000"
"‘Sacred unity’: Iran’s supreme leader calls for calm amid political divides","https://news.google.com/rss/articles/CBMisgFBVV95cUxNVXVqeFE3OVJEUTVSZzloSmJyT0h5WTRyNTZvdThwMEM1NmlMWEFrS0VYS05KMklIcl83NTI3QWVQdThNYU8yTTNma1kyWDdjOERzbW5JSnBaTVVNRE1qZkt0OEkzbnAzMkI1V2U3dWwwSUpmbW1ZeTZ2WmRHYkIwWFNNTjlleDM1bm1fTERuUnRJZDVvenBYdjlEZ0xLRk1vR2x0aXU0bmpQODZHV3RPdWd30gG3AUFVX3lxTE14T3k3WU53eEV0SVhPZ2xMalFVbEd2MXZYU2dJTmhieUZWakdrcDhLdnRXRGY3MnFSSmFSdFpLRjQ5YXVkc3IyaWlucThaUWV3b0RJTXFtM1lULWZtSWdtVlRXSllXZnlWTTE1OWVaeDhjUDZaelhiZDVCQVQwMUhBaW5acUZXWThWTmZiQ3FJY0JaOWlERTBVdWRTZEZBRjZwZnoxMUJGZGJfajBnQVp5MGJ4WVBsdw?oc=5","Al Jazeera","Arab","1784486700000"
"Qatar working towards release of Jewish prisoners in Iran to improve US relations - report","https://news.google.com/rss/articles/CBMiXEFVX3lxTE5Mb0pIR3BKdWx2X2hSdTZMRXl2N2VYZmQyb2FnemREZldra0wyeFZ5YUxqbVRRck1MWFpINkVKMnJkdVFBNzc1MFNHMkVTalpqNE9ZVHVVR2JqeU9x?oc=5","The Jerusalem Post","Israel","1784486623000"
"Chief of IRGC's Quds Force vows Iran, allied groups will continue ‘honorable path of resistance’","https://news.google.com/rss/articles/CBMixAFBVV95cUxNczMzOFdXbkhsbk1ydE9rN1AwVFVWS0VjdlVPMHVlc2J5TUZoM2xmaFZlbE5JV1hxb3Y3bWhVRkN4WGlfMll6d2loZ3FlV3hWVjRwem5mMERnbnNKalFOVjF4Zm5RTGxjVHRITXlMRndURXp3RHlTMTFxb2lUbTJYWkU0UHBoZ0RrQU56eUdVUUV0ZmctcU5tNURpdDcwTDNaVmMycmNOczNMUDZJanp2dkZwcGNMV245WFFMbUVuY1VLZm94?oc=5","Dawn","Pakistan","1784486202000"
"Kuwait condemns ‘dangerous escalation’ after Iran targets civilian infrastructure","https://news.google.com/rss/articles/CBMiwwFBVV95cUxNclJFLTBBOU82cS16Y1gtT2xjZFVCc2lzVnlHRm9TdWNzdWRrM2F6UDV3a3JfUkMxSTh2UDNtNENNNVphVXlCUHJRSXFwTnpQcTAwMTZXaTZTR2tYcVlBVE5UUURxRVFlR1YydWtreUpiQnI2d1ZfcnZjeUZVNTNVblBlMDZxVm9jWnRzeG45cDh4bFl4ZW5JT3c3NXQzTFEyUGd5dU5GN09yeWNSNlJYODVCY2dJbk15bkp5WjZPOEVUWm8?oc=5","The Times of Israel","Israel","1784485917000"
"Jordan summons Iranian charge d'affaires over attacks","https://news.google.com/rss/articles/CBMikwFBVV95cUxNcUx0OWRfd2xNT1JnOGVpMTB6dVRVVDN4MWFnV2ZCTlBVb1FjLWtwNVFiZWpFVTZPWnRCY0kzSzlneDJua1RtYnh4d3BpQi11TjgyWndGckN2a2V0a1cwTFNOakVGOGVQNGFmclBVU2otWDRLMENhZlJRaHUtelk1emw4czhEYlN1bmRGN3kxNWhrMWs?oc=5","The Express Tribune","Pakistan","1784485864000"
"Iran says it has shot down more US drones","https://news.google.com/rss/articles/CBMigAFBVV95cUxPam9IUHdReDdCNVY2Wk9CWkZQSG9UaUZRQ0d0RVhRYUJlYnVKLVZLRmhCa0FncUxXcmh1aThvRk9UczBIeUxHbzhFS1JUYy1YaGN2Q0tMeTRJX2d1M0VWN19GSjF0WFRfdnd1T05DRjRJU2k5VFh0M2FJMmF3X1pSdw?oc=5","Dawn","Pakistan","1784485533000"
"Kuwait condemns what it calls Iranian attack on power, water desalination facility","https://news.google.com/rss/articles/CBMitgFBVV95cUxNUzBFOG9OOHdXbTZ3dmhUcTRzUTZiQlpfTHlkOUd4ejhUQnlvdlFBeENpbDhqU0NuLThnMFU5MjBCZXUyNWU4UE9Pa3REODNjdmNDWk1UbW9ZWlVCZGN4YkJHSE40OVNYdVJyOWdWZDJILVFmbGdGc2QwN2IzS2VHbC1QUlJKSl9IU2xhTU1wR0ZKRHlzYkZPc3pOTlBDOVFud1dQWVV1MlZqWTRYNlk0bFg0RExOUQ?oc=5","Dawn","Pakistan","1784484666000"
"Mission in Iran war has pivoted toward ensuring oil flow, Trump official says","https://news.google.com/rss/articles/CBMimgFBVV95cUxPdUNSTDc4QmZaOWZITUNWcUx6YzJOeTdEbWpEWG5kUnNleFRPU1huV2g3bm0yV3gyXzJlX2M4YU5aVjYtdVdtNnNjTEstbXhKZ1QzTXROZUFZa193eDNrbGZXV2RBNkN5VkpJcm50NjNjWXhHTDA0a3I2OUN6NXV5NDBKa2M3MGhmWkxwU2lneDZjc0dQcC1zbk5R?oc=5","The Guardian","UK","1784487000000"
"US military says 'unidentified remains' found at site of Friday's deadly Iranian missile attack on Jordan","https://news.google.com/rss/articles/CBMi4gFBVV95cUxQeU92SlVDbHlCNXJnRTMzbkhleWZoRlFCWTg5UEZjVFVUUHlHOEhHR2ZxeDRaaS03cmZ1ejhaVi14ZVhHU1ZNaG15aDJtQUZzeFc4T1R0WkM4VnFVcEl6dS0yMTkzWXFqUG9sUmxvWHIwVS1CVnJYWjZDVFdoVVpBQ2s4d180TGpUak9oYlZUZ01QTm5qREVaV1I4blNGWmR6ckNkQmlEZlMxZ2o1SGhVQ3dKNHRKbGhwS0FQdDBwNGVrU3pwR2ExazVVZExpS1FGbXVsN0k4Tmw4cnhtSzBKYWJn?oc=5","The Times of Israel","Israel","1784488917000"
"Kuwait condemns Iranian attacks on Bahrain, Jordan","https://news.google.com/rss/articles/CBMiiwFBVV95cUxNZUhSV2huMVlVcDZyWnVOUTFiMDlucVVoa3hOUndjWDVXQTQ2SHpDRTY0aXVpM0Z2blloc3V5MkRSZVNJYk9oZUNRUzg2S2FJX0NKSWk4MS1VU1V4YWFqdm9qOXBfcVNwZE1LZEo1MlZOM1FsY3RCOURxaWx5VUh2NGZOUDhSb1k4RkRN?oc=5","Dawn","Pakistan","1784486071000"
"UAE condemns Iranian attacks on Bahrain, Jordan and Kuwait","https://news.google.com/rss/articles/CBMilgFBVV95cUxPMmgyRzM1ZUplOE9rUzVQVVFCTGVST1JtRGpQYkZmSGFOX25fUnAxbUpzM2hLeVB0cWlTSW04cmN3NWRTUFcxVzBvQmRMMHVfUWRaS1lDY2tEYUZvUVgzbm96OUhIQTJ4djIzSmg3S2FzUWU1eW5pOVR5NFJhVmhISGFTclAxS2FHcFpBUy1tU0tuNG5CUkE?oc=5","Dawn","Pakistan","1784488239000"
"US-Iran Escalate Strikes, Trump Calls on Congress, More","https://news.google.com/rss/articles/CBMiowFBVV95cUxPb2hZa0tYenJ3T1YtbGYyMVRfdGplTy1yOUlfdDdPUGZTTktVTmVZQmQwX2tTX0Vva20wZ1BwTi1XRjk2dkU5UnAyNjMyVERrMHlJUlh2VzEzVk51c2NnTDFkN2RQMEdUR091b21PLS05amJtejBXZ2VaY2NxVWUyVF91NHVXcmRMWV9FTnNheEFtaXZSY05OdHphZmNjMVJxc1NZ?oc=5","Bloomberg","Global","1784490678000"
"Iran-Krieg - DW.com","https://news.google.com/rss/articles/CBMiuwFBVV95cUxORzB0VEM2ZGxuS01VLUFiZW13ZUI1Tm96OWxrb08tZlJQY0tIR2lPSmtteVYwNUZkcmtiX2hVZ1ZZSlBDMkY4RFhIblhrWUkyaVdLVlBUakxDSTJWU2s4UmxaTjBiVW5kam44Vm8waWlqeUJqblpLa2RnZmpDLUFqZXNacXphZnJmWGM1QkZJaFRILVpHSnZBT05NcXZTa1hCYkN3bTZ0UDZteFdOWEhRbkE5eWU2VWpYMUVB?oc=5","DW","Europe","1784488591000"
"U.S. military finds unidentified service member's remains after Iran attack in Jordan","https://news.google.com/rss/articles/CBMihwFBVV95cUxNWEJjeWpSMm1qVVVxV0RTVFlKdk1TUTRBVEJKbjJELXBRTFRweUpxYlVhTThNYXBRWS1jeGdZdXVGV2RPaHJOeGdHMjgzUjkya2NhM2tOQ2tMbWpmTmJUSWZDV213NTNBXzZ3cDVCeGVpUmFicGxpNi0yYmlEQXA1X0h5bmt3RU0?oc=5","Axios","US","1784490651000"
"Kuwait condemns Iran for ‘dangerous escalation’ after attack on civilian infrastructure","https://news.google.com/rss/articles/CBMixgFBVV95cUxOMXM2dXRJZGJnTnJYUG5FNjJySFZSbVo1NjNqR2ZETkhBc3hmRlFZTEdNWHlCMzN2S3ZrNnZyd3pVZS0xY0RkQVo5UkpQS241Qy1Cb3ZyWTg5ZEp2SEhvVmF6WnByUy1LbW92Sjc1YkxPSnAwdUFncVp1SVdWcHVYTzBUa2RqaGp2SjFoeF9Ca1I0U2p1UlJYTUc1LWtVWHQ4TFlpZDBjd1JlVmExQmlQQ21PWFBmaE5vdmxjRTVJWFl4cDFNZHc?oc=5","New York Post","US","1784489340000"
"US announces death of another service member, Jordan summons Iranian envoy over attacks","https://news.google.com/rss/articles/CBMi0AFBVV95cUxPaTFoWERhUmNjck9FSmxLSGV6Z2o5ZDZuUkpQQUpvU2VseldkQThkRFdZVnVDRHFJM215WktBVnEwei1zSzRaWm1qUzE1clV5QlA4cXFBRlNsXzlSNzVZcFJQUzJab3hibXhRUlN1U0I2cWp6UXFqZE9rOXNTWnRBMEdMU3kxYkcwaWhsTlhfeHlSaWZiUS1iVG5kTm12SkJiVDkxTjdTWkFDTXdTdmU5dVBjUEJteDRHcDRQQ3BpZU5JVXZkOVVHOVJGZWhvOVJf?oc=5","France 24","Europe","1784492741000"
"US renews strikes on Iran after two military personnel killed by Iranian attack","https://news.google.com/rss/articles/CBMiZ0FVX3lxTE1leEtyVEl3X1BuN3Z4aklKQUhtVWhxOFZxckF6MS1WUXJiaGMydExYUm9MRHpmcE8zdWVFelN1VFd6T2gyNHpIUUluc1hrOGNnSTA1S0kyV1Z4TUtSckRMbWRRQzZ6UHM?oc=5","Reuters","Global","1784492049000"
"Urgent: U.S. service member killed in Iran-related action in Iraq: Central Command","https://news.google.com/rss/articles/CBMifEFVX3lxTE1CS0stUGt3SEpUaXRldlduVzVFRUZ4LTA3WTlXZS0zS0U1WklJMUlvd2x4VkxYSDVGNlc4dkJ4YUsxTGpHcEFKMDdWQzBQRXA2QUduc29pZHZDTW50SGpfWjEzdUlwUExPSEpuNWNlVGpZaHhsWVZyWXR1Uzc?oc=5","Xinhua","China","1784494140000"
"US death toll climbs as Iran war expands","https://news.google.com/rss/articles/CBMihAFBVV95cUxNZkhPUkJQY2xKdlBnRmhHcV9GWUFZTk5nazg2X19YVmlqNlhxU3pDeVhYUUFFS3NpQVBlUjNqVGxXZDVlTmhTeEdleHUwM2NNQ0E4T0RHOTlOeXdWOGEybnZsQ2tiSGI1X05ldWNhTV90cUhmdjFWQUVpWVF6QTRoY2lQYjY?oc=5","Financial Times","Global","1784494761000"
"US service member killed in Iraq during ‘controlled detonation’ of Iranian drone, military says","https://news.google.com/rss/articles/CBMivwFBVV95cUxNbmhlenlacjBFZHhoWTBJWGxXNjhOLXI4SzlWNjA3MGx4cWRCeExUekNGZ3J2TFNINno0eEhlZHdPWVREYk9wRTRYckpZZlhGbFR5MXZfLVNRUUtkMUtWcnJ1WVZxSkwzWWZfUl95YnA4WENwTjRYZEpJNnF3bGlzcWlERW9zUm95TlFlZXgtcE5yejJhZ0pCN2s2N05DQjB0ZkpkbDFjMDI2bFV0SEdpUjFyVkVPaGJUS3NwUzlFaw?oc=5","The Independent","UK","1784494260000"
"CENTCOM recovers remains after Iran attack in Jordan, reports US death in Iraq","https://news.google.com/rss/articles/CBMiVkFVX3lxTE1yTTJkRHY3V2lsQmR6M2Y5QTF1Snk5WFB6dkhrQkhYTlZGemRfQ3F2d1pHY0g1SDlvcGlRVFdBZE5ZOVdNS3BQT1lVZjZ3NTVoUDQwX2d3?oc=5","Fox News","US","1784493795000"
"CENTCOM recovers remains after Iran attack in Jordan, one US troop dead in Iraq","https://news.google.com/rss/articles/CBMiVkFVX3lxTE5xZ2l0UUtJWTljWFYwdWljMm9OTUNkZmY1Ukl4SG1rWl9oNXFwWUtvaVgzVDdfeGp3QV9sQnI1R3VsNGN0WjNBUVdQWWNYMl9EQlRuT2l3?oc=5","Fox News","US","1784493680000"
"We want land invasion': Iran mouthpiece touts new missile, boasts decades of war prep","https://news.google.com/rss/articles/CBMirgFBVV95cUxQYlZMU2NaWmdvazNqMG9JS3RoZ2Nhc3Rrc283TU43Mlk4eUFQT2ZSeFF3MG9Ucmg3V1M0UXJhLVNVRHctN3M5SS02d0R3dkdnUmsxRENXaEtBa2FLakprTFJVSElVSlc0NTJCSGduUzBldE1oRFdpbmRxT0lBR1dGX3dlc1dPRVFZSjVlY2RYUkREbmZKUXJFT2E0OXpTWmFlbExoWEV1T2FsRUROZGfSAbMBQVVfeXFMUEVXbXFLVmNMYW1PTURhUlg3YjFMOHRSMUZEU3BvbnVTUFFlMUlJUUFjbEdSamdHV21CbFNDc200X0g1aF9BWmJTTHgtdGF3UXlFNXZCOFF0a3dWQ3NFQ1FuZl8yc0ZNZExHM3FKdUU5YjY5VXRxWGg1Z3VrZUFmSGlOM0otVDl2WW1tZVdEY01mdEEtdGZqVnBHYmFmaFdBSEZzb25BYU16UElNSWFyTWpaUFE?oc=5","Fox News","US","1784493009000"
"U.S. teeters on return to all-out war with Iran after more troops killed","https://news.google.com/rss/articles/CBMiwwFBVV95cUxQV0dwdFhtR3dBNU1kQ1RnR1lBaV9mck9PdlpWb3hLSzlJWFRMellfc05nN3FXRGZlcmNQa1hIb052WU9UOFNWSlB6RWpzNHgtZjVRTmxPWFpoQTV0NlRGQjhsRXdFUjZoQ19abWZIM25PUF9SdjlNQzNaUkhtaEJlc0lXdzUxYVhuYmk2ckxzUV9NUTZ1NTdmak1sV0xEQ0VMbkg1Yng5MTVjUVpkLXJYeUF6QTlzclR5TE9LUGVpRC03OE0?oc=5","The Washington Post","US","1784492622000"
"US says another troop killed as Israel warns Tehran’s attacks coming close","https://news.google.com/rss/articles/CBMimAFBVV95cUxOVHFLaklRSVdGWFlqcWlwY1otdVY0RExtSkhnakpkck1KcFo5MG44ejdfWjFkZU1ZWHJTd0xrSm9DTnBQTWJEVTZMQ3RKRjZMNVpMYXFmcmVHT3NMakhfSHhfT3U0bk1JLXNRa2psTUdIUEYyNjFWcm5vSTFNSHY3Ty0xYldJTE9lbEhFeU10ZU9XQnZfd3ZqVQ?oc=5","The Guardian","UK","1784492230000"
"Opinion | Trump, Iran’s Assassins and John Bolton","https://news.google.com/rss/articles/CBMimwFBVV95cUxOZ0RSbUpYaTFfUV9EZU5lMGYtRG4tcFB2N253RFlqOVpJSHc5cmZsMjlnMlJDTlVMRHo4d1FaS3I5Q0lQak1tTWlMOXpYNTRKZVlFSWx6UE9qZTlEMTNTVjhwVHBFWXQ0TUVoYnN0NkVrMzdxYXFySm9SOVZFSms5LV9RaGdaa19Xc1B3Wi1lTnRfeEF5VDdsRjZuaw?oc=5","The Wall Street Journal","US","1784492040000"
"At least one more US servicemember dies after massive Iranian missile attack","https://news.google.com/rss/articles/CBMiugFBVV95cUxPeTJrVW9vVk9tcGpXU1BEMWJDMmR5WkZ3b243dXhvOUdkX2JqZlVoWDVaMl9VSjZzNExTRnZhSGRIUHRmbzVsYlpQVkFGeUlyZF9hUFFXaUJEZFNJQlBrU2RFOGNoTklhdmVfbEZLS0lCc0NBV3lHOTlmOTFFdGVRbEg1aGNVT3BvbUFRMV9GMGg0YmxvWGwtZUU3dzBiSW5ZazdBQ2NRYW9BcjFsZXJYeEt5VUJ3d2V2OXc?oc=5","New York Post","US","1784491920000"
"US announces third service member death within days as Iran war escalates","https://news.google.com/rss/articles/CBMilwFBVV95cUxQRFZVSmdJRnNUcjVSa2hvMEh6RWlrNFV4ckw2NVl1WFI5eUlIR01OcUdoMl92aWxVREZhZDFhQXVxVjh1UjVfdlRQcU5SeGJ6QWhtWkl1S3VzMTRCaHhCUURhR0NwUkhwV29kUmlpbFE3OHhlSkkzX0lWaHpyOE1IM0tMeDdRbFA3MjNOOXVGTXJjWEY1TmxN?oc=5","The Independent","UK","1784495400000"
"GOP lawmaker says Iranian regime only understands force","https://news.google.com/rss/articles/CBMiVkFVX3lxTFBFZ25xQ0FSeGY4V2VsTUZVSzVLQXI2dXkwOHFUSFRFekNrV2JDUDB1UExyYk1DYWVPakgwU0hVeUdGbEdtaG16Rm5sbHdXb3ZwMDlRNjJR?oc=5","Fox News","US","1784495009000"
"1st LD Writethru: U.S. service member killed in Iran-related action in Iraq: Central Command","https://news.google.com/rss/articles/CBMifEFVX3lxTE5qdVlXQlAyaXNjenp3dUtpai1vZXpFZmRYMUY2RlFSWS1tc1h1YUhhNVZTaFV3aEoxOWxsQi02YlBKUmc3RUtwS2RxRDh3dC1DT1RFV0hreU5YMnNYbHZsZk5BYkhLY2F1VnVxT0JsRWdMWENwcDEzWEo1dlg?oc=5","Xinhua","China","1784495235000"
"Analysis • As Iranian missiles edge closer to Israel, Netanyahu awaits Trump's green light","https://news.google.com/rss/articles/CBMiowJBVV95cUxOVFNHZGpVT21fVkxJQUFhQXRWUy03VFk3ZDRvWEFoa2ZLQVJNOFZLTVZwMGN3U2stU0VLakU1d2dqaXV6amtzdHF0V1dqdUpVdDBLZ0lvaEtQZVRfek9kTmJGaUFrR1I0OGVWX0RjWFlTOHpSTW5fTEhvblloYXlmYXpMZlBMWFFZYzFmSEJNWW9wZjd0bnZUaGpfNko3V2lQTGt3R0EwU2xBX2FvZjdGTmoxNGZJRnd6RG5NY1FrelpXZGtQcnJJLVAxMm42RTBpZnIyR0ltYzVXY1FQV3ZXRF9ndk1qNjltaVlfMm5mVmJpeUEydnBfT3ZoSFpUWDJoQlhzX3doVEtmaFg0OTlpNVhuRkVadEhSSGJmS1NYLTFCWjA?oc=5","Haaretz","Israel","1784495040000"
"Diplomats Fear Iran-U.S. Tensions Nearing Boiling Point, Could Spark Wider War","https://news.google.com/rss/articles/CBMikwJBVV95cUxOdmIyMEV6Z21tbVE0YUpCb2tOTWhaNXVCaUFMSXZxbnlmOUZsMTV4S09mVXE5bFN2UlpNY1paTEJicENxaXkxVENXc21XaXQ0VFNRXzJhd1VFMUl0Z2dDak5ObXIyUzM5MVktZ0c3Vk9kUEMweWZJdk0xd2xDR3M2ZmNyYkNHblM1V0FtVWhwNDBrbzJ4STF6UnFwRC1OWXZEd0ZFUnlpTXRCWE9jV3NybTNvS0xRM1hDMjlKYzVSTVpXamtwX2tzeWVsaHFZYWJ6Z2hyNkl0TU9FYVltaktuQlc4ajRqYXF0TWlUcHhfd2twNFROZVE4R01ZYTRyV1lVcmJqWEFEZm1GZjRZV0l2eXNYRQ?oc=5","Haaretz","Israel","1784494920000"
"Gulf State citizens concerned, angry at Iran for strikes on their countries","https://news.google.com/rss/articles/CBMiXEFVX3lxTE5ibm5mYzFtX0NMRjNwMVY4ai1JUDRJVE9ZNzdFdTNnQjRBV0hpcXN1b09tTzd0LXJHaUpId0NoUXo2YkhGVmVSSDdHNkI3dm5BbHF0a0pCbjdCV2lo?oc=5","The Jerusalem Post","Israel","1784498131000"
"Another US soldier killed in Iraq amid mounting casualties from Iranian strikes","https://news.google.com/rss/articles/CBMixgFBVV95cUxNbWcwWUdrbzVlenVrQURmcHVJbXZkcjZ2NUdhSkljSFpnUmJkSlN1ZU9yUUdxemlxZUJNX0NyOEZhRGZrekFDX2xpQkg5V0ZsQ09TSGZJV1JiOWtEZUU5NllYUEN4d0VocVpJZXhzc2tzRkZOVC1vWFlfRW8td2RuR2xhcEduWEhpbjBEX1g4RlZLRmVLQ19JeUQ5UFZnbWZCNU9aR2ZRZXdIT0pDU2NrSXZta3gzYUhWXzVQX2c1RFpNeUFFTHc?oc=5","Press TV","Iran","1784496900000"
"2nd LD Writethru: U.S. troop killed in Iran-related action in Iraq","https://news.google.com/rss/articles/CBMifEFVX3lxTE5EVzlzNWRZM3h2NUlXUDQxNnZ1dUlwUXpxYXhvb0g2VDFocjBfVHNNVnNNejFueE5aWm1JLVZjWndZS2Q4MUJmWjA5TTl1dGRyUWZINEd2ZXd5LUVLNjc1TlN3d3dZS213cXFDeWRTS21XSWx0c1JQa0lEOG4?oc=5","Xinhua","China","1784496825000"
"CENTCOM says US forces have redirected 6 ships, disabled another since reimposing naval blockade on Iran","https://news.google.com/rss/articles/CBMi4wFBVV95cUxQZDVzZmZwUF9oYkVxTlZ3OFkweXFnSGwzNVZGWXhFT0hDZG52NVZXZUdNS3pYQ1BhVE04MlFMVVdHd0JEQXd6RjM1TGJnRkNPdmw0cFp5OFVlU2Rpb1UyemFSalZmRkJhMGhtQmVXSGk2eVNNZjk5OFl5dGM5cnI5MUhYWjNsYUVCd3JlTEVydndfRjZlLUc1WlIzMEZQMjd5NHJvU2psSE5JUlNHMTJMa3loOXpjcXYxRE9GbVVLVDF6czZsWTUwVGNKcmVRWEhScDU5VWRjMnpoVmxsSkxENlpVZw?oc=5","The Times of Israel","Israel","1784496540000"
"US, Iran Strikes Escalate After American Troops Killed","https://news.google.com/rss/articles/CBMixAFBVV95cUxQS0JpREdrYTg0cFVYRGpxYjExVGt2UnFHSGFzRk93TnNIc282eUdpTGVwN1Z6Q1JwWkpSRWUtVXBnMHlsejRBN1FNYUZuSWFCUU55SmJyTUJRTjJHaUxzM1JGc0Z5V2tSVEF3Qld0V0p0RndTNnBZRm9PWjFTVEJUMjYwQjUwZ1VBTnZ5NGhjMGtXQ1JFaUhlYkxjNnl2MTBuNDJCWi1OM0JzWjU3YWZDekNjc1FtUWZDd08tV29OTkcxTmVq?oc=5","Bloomberg","Global","1784496864000"
"Trump Is Silent So Far on Iran Strategy as US Death Toll Hits 17","https://news.google.com/rss/articles/CBMitgFBVV95cUxQckFNb3YtNE1hSndWakZaOEwtN0pNQ1E4NGQ0Z3ViX0U0ZWRIV2E1T1BfSWU2SV9jU0hSWERmaUFqX1FGRUpEUnhRb3d3dm84Ym9zdGZSRzZYLWNiZDFTRlpDaC1PQ2plTlFOMF85c1ptU0VwRmZ1T2NNUXIxcDZIbk9Mb3h4Vkk1dk9IQTdhOHRTMTB4eWdndWVqWjNydGhvb0ttRHVaVkpsLWIwT0pXd1N2NVBLUQ?oc=5","Bloomberg","Global","1784496356000"
"Spain Wins World Cup, US-Iran Strikes Escalate, More","https://news.google.com/rss/articles/CBMinwFBVV95cUxPQmN0ZlVyc3d4NXdDbGJSbTdhMGhKX3V6TjdnejFiaThtSUNpR0hVblRTcGU2NGE4M2daZDlxTUlobjdUMld0SHFpQmlaVW9LZE5hWE9EOWF1MlF3WU5KQ01YYmxiTG5FcUNZVVhpUi1Za2NTNC1kc3FYNTNJNml3SExHVHhZQXo0bWdQQUo4d1d4V29fUDVZNDV4M2xoOUk?oc=5","Bloomberg","Global","1784499415000"
"Oil Prices Cross $90 a Barrel as U.S.-Iran Conflict Widens","https://news.google.com/rss/articles/CBMiekFVX3lxTE5MeFQyNVhlZUM4ZDhibTI3V2I4MjZlOEhZRWF4Nm1XT3RMNm9yaDVZdy1qaWFQVWVxUDAzcHpQV05qbFpiaURhRnRXT0hwNmQ3LV96R1ZLZ1pDWTROc2NmbGpRLUJvbVhuV0d2NHd4cDNxR2ZUSldwWnZ3?oc=5","The New York Times","US","1784499748000"
"Fresh Iranian attacks reported in Jordan, Kuwait, Bahrain, prompting calls for de-escalation","https://news.google.com/rss/articles/CBMifEFVX3lxTFBCSktZcmtUM2JlOEdIOUx1aTdTUGh1bjhLd1pocWdic0sweWhPSEdDREtiTVJYYUl1Y3c0Zm9yalV2M0k5THRjWmRhUE1Ja2JqWGdPNVFDa2ZQMWF6ejRVSE1WSDYwdldpSmhZYkJMQmNmZlJXN0hvbUI5WHI?oc=5","Xinhua","China","1784498505000"
"U.S. troop killed in Iran-related action in Iraq","https://news.google.com/rss/articles/CBMijgFBVV95cUxOWWZoTmtjSVNNUXd1YlBkQ29HeDNFN3UwOXRVakp4Q1ZUb0J2c29jVjRsaHZtdXcxb25acWtIQl9zZU5neXRRYkZMRlVFNWhFXy12TVVtMUNnRU5wWmhWZjBZVlFtVUo3NEV1VGhDUUI5ajN5Rl9DbEZVd3haQ2N2aHFyV1pKUlZ0RlI4eDh3?oc=5","Xinhua","China","1784496825000"
"Fresh Iranian attacks reported in Jordan, Kuwait, Bahrain, prompting calls for de-escalation","https://news.google.com/rss/articles/CBMifEFVX3lxTE5Wd1d4Q2ljNjE4VGc0Smc4bTRCSWdGOEVlek9kSmZoVTFVWFhUZjRVOXdxRWlUNWxBQXpab2RzWkdiYlMybnVlOHVpR2pHcF9fbTF3ajJxeEw0QnREdDBycFZ4WTEtSXYwTVJoX09ZMXlUX21USWZ3dVJ3LU0?oc=5","Xinhua","China","1784499015000"
"US Hits Iran Over Troop Deaths, Trump's Call to Congress, More","https://news.google.com/rss/articles/CBMiuAFBVV95cUxPTFVjdnBTT0lMbFc3SV9wTlBBUDNPM28wWmViT3VtZVZPM2hLTUhIMjF5YjZ3ZW5aVVV5UlRmVTd6aF9wQnlROU1BWmVET2V3dG9JZ1o5MnBLMng4NHlWcVlIamppeTg1TF96ZW9GLWV6YXViNjFRU0UwOUtUZDVjV1d5RUdiaFhQYUUtOHB4VEEwRHh4aHNfTE9aSGlnd2VNVkQ4SVR6Y21vUFlYMHRrcjRlcGV3NHpy?oc=5","Bloomberg","Global","1784501891000"
"Few tankers enter Hormuz to load oil, data shows","https://news.google.com/rss/articles/CBMinAFBVV95cUxNcXJLRU1YX1JLOTBVdFVRLUlWNEh5N1BjVkNWQktyNkFaMXdSVTNGcklmNUJuckpzcVEtenNPX1E3TnRBQTF1REFyQmw0cEJLY1J1MW1Oc3JoaEIzdlBEWnNxX1F1OS03UWk5V3g3RVNLNS1iNFQ5bGdTdS1DWnFkU1VSSTR4WEJkRWhMcUIydkFJTndVYmJxTHR5Umw?oc=5","Reuters","Global","1784503003000"
"Travel firms and housebuilders lead profit warnings amid Iran war fallout","https://news.google.com/rss/articles/CBMingFBVV95cUxOdzJyOUJ2dG9DLWhib29ERWd4ZFlnNVFGTWlNRHhMLTFMUHo4WFgzTl9Ed0QyQW93SmRaRGc4cHNiVUZ0QkhVU1NUQUtkRTBsYWpid21xOUJpN0pZWVE3em9ETmxVcnJsUFU0WGRjOE1FTFNtaFNsdThJX2w5bHNZYWpjaWliM0UxaHJmbEhJMHViMXVhOVZYdXZFdl9EUQ?oc=5","The Independent","UK","1784502060000"
"US military launches strikes on Iran for 9th consecutive night","https://news.google.com/rss/articles/CBMirAFBVV95cUxQR18yY0ZHTjdGNS1SZlVrYm5nNmlKUm50NlFiSGJuS1JpVHdFWDM0bDVlel9UUXI4YlZkRlk0QnpwdnJKWV9fRDdqZlZvbHZyd0c0QVVOZlpGejktS0JXazBHcGV1NkV5QmVBS3M0VGhRUzdSUGFwVzBKbnlFYUNsdlZHT2JSTW16QUNQVV9ibHBmcHpVNmZQZ2Fqd1d0eTZZT282Q2hLZE5iNlhy?oc=5","The Times of Israel","Israel","1784503440000"
"Flash: U.S. forces strike Iran for 9th consecutive night: Central Command","https://news.google.com/rss/articles/CBMie0FVX3lxTE5xWnMzNUU3R2NmQjc2alpIUUNSZzg4dW8yZi1IQUdYaDZWZmZvd3BqbDVidzZnZ0xDR09XbTQtTktLaUxRV0t3ZVNXUEJoZHI4MGpocWNIYjY2amVudy1oZkRQM0t1ZE5YUGJ1bm5icmxzbF9ybzNNMEphYw?oc=5","Xinhua","China","1784503275000"
"IRGC announces strike on 'enemy's special operations headquarters' in Syria's Al-Tanf area - reports","https://news.google.com/rss/articles/CBMibkFVX3lxTE5GN0xYYVd5YVBQNDhFQ3QtWF9paGNBODduWDZneXZpNjNacmJYOGZvajlvQUp0cFRETWljOUhDZURmZmg4Ni1VcktUOFJIYU5kejVUVk9ZX0lLTk0tVHltUnA2czdSa2szUVlrWUNB?oc=5","CGTN","China","1784502290000"
"US service member killed in Iran-related action in Iraq, Central Command says","https://news.google.com/rss/articles/CBMibkFVX3lxTE1rbzVhR2E5MUlJYm52eDZ6cmdZb2lKSmxkbTV3Zjc3akRvY2wzVi16d3ZpQUxfdFBGYmpqVkVoM2pWbHZ6d0VWbV9aQlJiNFU1d1NIbkRYTXVDTUVTT3gzakhhWFUyNm1peXlWWUN3?oc=5","CGTN","China","1784501941000"
"US soldier killed in Iraq during ‘controlled detonation’ of Iranian drone","https://news.google.com/rss/articles/CBMisgFBVV95cUxNbHltUU9hT0VWajZhM0YteFlIQkczRzN0YThsbnJsRXFtQWg4RmtfNlczVHNMZ1MzOUFkVnRUNUQwUERYMDcxekMyeThzbDNrRkVZT05JS2NId0FGLXd5Q0VETkt0MzBrNEpWekxaT2FlRXl0aDRvaWNiSGR0SW1nNXZmX3NNY0N0cldSallfQ2FHSXowOVRURFU1NmhGSzE0Vy1FQWxTOS1DNnVRN3QtcXhB0gG3AUFVX3lxTE5QeFd0eEVMajBuR0RWQlh1NkVQUERUaXV0UE9pSnlRWWRFV09Ed1NPYjBoQUpueWpqcHZhNm1aNHlVUmZXelp5azdkdXU2cTRzRW5vbWxxZlFocE9BZ2VTOC1NZFRidXBpMVpVMUpzYnJtUTc5RUdqeE5rQjAxcG5MN2w3Tlp5SnQ3a0U2OGZRNmdLUlMxOWc2LUEzT0RLNGNZLWtib1RtTndmUEhGTVhwSURhY2xtWQ?oc=5","Al Jazeera","Arab","1784505055000"
"US launches strikes against Iran for ninth consecutive night, sirens sound in Kuwait, Bahrain","https://news.google.com/rss/articles/CBMiakFVX3lxTE1Hb3dLRGpfSENFdzFzRHFZdHZhcHBsa1RXUGtuYzRFRm9PSVg1MEQxU01NRkFwckpEeUNOWmxHcHl4alJTR1BKNExMZnU5RV9LbTR1T3d0TGUtclB6T09kRDRDLUtEaTRWN1E?oc=5","The Jerusalem Post","Israel","1784504247000"
"IRGC delivers decisive blow to US special operations hub in Syria in retaliation for blood of Iranshahr martyrs","https://news.google.com/rss/articles/CBMi8AFBVV95cUxNZExFZUJFelNRclZGY3dBYmN0WkVYVXhqUFc2YUhNVHg2ZHNSZzR1YkJkWHllUGpmYTE3eW5aeHA4RnJpdGx5MHNZM3RmNXo1YVdQTUdGVkNxcXhlWWhpODFxSjY2dDhKaUNxQ1pJNzMza3p0U1g0dUxTYWxCeVA2aXFzNWJKNDBkMVZURmNrSUdiQ3JMTlhRYkpMNW9XYi00eWtWNG00bFRsYVhackRTSmEyU2ZVeG96X3c0bmJFbWwwSENRVTRKenFWbC10dGx0dUdHOUdvRTlsUmhrSkVjem1kUG9XWjFsakUxem9OXzY?oc=5","Press TV","Iran","1784504040000"
"Flash: U.S. forces strike Iran for 9th consecutive night: Central Command","https://news.google.com/rss/articles/CBMifEFVX3lxTE53YnNOYlBMNWZsWXNNNWtxeV92MkJENWlSV252alJqbVVGZ2doYko5N1dVMVVWaGI1ZFN5Sm0yYXRwRGlGTERVWDQzaFJ1NzdzVnUzdVF2bVRPSkttY29YUFp5MmNUQ2VJWWtOUjJ5ejZDSUtuaEdPUlNLMWY?oc=5","Xinhua","China","1784503275000"
"Iran war: US conducts strikes for 9th night in a row","https://news.google.com/rss/articles/CBMikAFBVV95cUxOQi0zUlByVmtyRkFtTHBDM1BhNUt0eGNPVG5ocG5nOHRPUFpWcmZzVGxEeFN5XzdkZTNRSkVvclBnam1LdjZkSTF1VG93Zl9XdDIwRDdlcmpzRC0yQk9KTk5zYVg2VFNlSUlxMUh6elZCU0twZnV3ZUFLMU1sUTdxeHJmMjdGREd0RHIzLVR4WnY?oc=5","DW","Europe","1784505474000"
"Dollar firmer as US-Iran conflict intensifies, Brent hits $90","https://news.google.com/rss/articles/CBMisAFBVV95cUxOQUF3N3hrQll1dVJIZlhUcFFScG1rdm5iTEFqU28yVVZKOVdDN29mZFpTVjhQWE1qdVo1emx6WEk1Z0drMFNLLXp4X0pLSUtDZ1pWdHlPR0Q3b29TVlFnQXpncklqbDBHc3pDQW9SNXdlOFMzU2xKTXhQNnhMS05KaTlDSDl6Sk9DNXBIMnJsMWlydGpFLTBUbzVZbWt3US1sVWE5Y0docnJfMEtQdElvaQ?oc=5","Reuters","Global","1784504863000"
"Gold Falls as US-Iran Hostilities Keep Rate Hike Bets on Table","https://news.google.com/rss/articles/CBMiswFBVV95cUxNa3BEMndGZm9zdE5qb0lYbHZQdDFWMmpGSk84UXdUOVQ1emxNUzJQVGZrTVZ0M1FOQ1AyZGJia0VmVWlSTDZ2RUtXZVN5NmxVSjlFNlJIVW0xTVJSRW5XNXRlelcyNGZpcEZ4eWl2ckVWaXJsNUZzTGxqUElQR2JQczdSY0phMDZIbW44ZDQtQWxjcVBYalZnT2FiWWd6NlNPTGZSSG1XUC1MX0p1SmMyaXBmRQ?oc=5","Bloomberg","Global","1784503989000"
"Kuwait says air defenses engaging Iranian drones","https://news.google.com/rss/articles/CBMimgFBVV95cUxQNzhDR0l4Y09PUHpKaW1Pd1R4VjVsR3RqcHVQdWk3OVZGLUlnUFhiNDNUWVJDNHZmV2xiT3ZIN2pvQi1vZmxFd2hOM1lZV0cybF83WEVBRFFPM3dILUYxQUJBeWNxcllScDI2ZkNzZkNvQmxVR1NLQlkwUWlxVW41NG5JSHNvT1dkSE95QWw0ZEF3MHhKY1Y2UEJn?oc=5","The Times of Israel","Israel","1784503860000"