headline,link,source,region,published_at
"Axios: US-Iran to Talk Hormuz, Venezuela Rescue Effort, More","https://news.google.com/rss/articles/CBMiqAFBVV95cUxPVkJFRW8xM0RxZ0JMZmdhSWJRcEFpOWZjNlRSa0RoRm9JcmNFZmpfUHhzOFJfbGpjSTI0SVJXa2gxUG9LTXpCVUFmTWlSUlhiQ0JSOFFYQzBDU1ZtSHNleWxmNnBRV0lzTDNCNEwyUWhrbmNDc290T01vcmkwZk9wRVdCaU9pdVM0R2NVWk9fazVBcHkxZ3V2U3A3bzVXcWpOZUN6T1B0UXQ?oc=5","Bloomberg","Global","1782692139000"
"Gold Declines as Fresh US-Iran Tension Fans Inflation Concerns","https://news.google.com/rss/articles/CBMiswFBVV95cUxPZjl3SGJYbF85Nm8yQzUzckhXRm1WQ1VRSXZiUXYwdmYzTklNeVMwM1V6dFZ1eWZGZXkzblJxQUp2MGFsYk80RTVJN2NWTmxSOEp0WmRSTDVDWFdjTUdjT0gwVHFqYkJTNEh1aXkyaFgtZ0R6bEs1eURPUWozaGZJYkd1Z2dRTkxwbnRreVJPakR6bThkN2ZsVVMtUVF1VnBBMkFMbDFleGVJbE9kNkl1WDZyMA?oc=5","Bloomberg","Global","1782691620000"
"Photo exhibition opens in Tehran to mark anniversary of Sardasht attack","https://news.google.com/rss/articles/CBMiogFBVV95cUxPR3QyT0szQWs2a2VpbEUyMFZmVzZocExOUHlxSG1qSG1NUk9MVHAzNHhFbEJobm43eDRkOVF2UFBMUkZrOUh6M2I3YmZ2Wkt6eGE2cEU5UElGVWNZS052bGVra2Q1S0p6QU9MR2FxSE5JMUw5ZGpGTHF3VnhGejhTdXVVUi1SWXFaODdhTzYxWFJ2UFRoSmFobUtDSUVQTUFyaUE?oc=5","Press TV","Iran","1782692160000"
"US, Iran agree to halt Hormuz attacks, hold talks about strait in Qatar on Tuesday — report","https://news.google.com/rss/articles/CBMiugFBVV95cUxNSGcxbjNJRXoxZFhjcm9tREVKekJuNE9vWWtjWGJNdkNyLUE2d2JlanU4ZDZrS2dVVFowd0szT1plUUlMUmhLSU5kMUc1ZHo4R1J3UVZVZ25Vb0ZMMXlSMzVRaG41S0hFdUdXb3gtMXgzQkVBRk9XbXlvbldUZGFEeFM4VU5nT195TExvMVZYX2x5djVUSmN2UUNTaWFJUG9HVUs3dHdMaWdvdnljU1MyYkR5TGN3ZnMwblHSAb8BQVVfeXFMT0JSenc1b0IxbE1zVHNKTlRtTXNCa2NCbng4b1UtVWVqUmtjRW85YjlwVmh3UGtRSnR0bHpZQlBvUkJQQ2NBbWRfbkZIQXNBampuZlJtRmVaVzNtdXUwYW9kcTZNbF95NXdGdUZNNEZabmg1LVlSVmxjVFB1bHIzOU9WVGNqYWlxZ3dmaVBUdVJvaGRjc2NzdnhQT0Q1TG80eVY4NGFqR0ZzZEZ2dVpCN29meEhOUDcxVGFfTWl3UXM?oc=5","The Times of Israel","Israel","1782691828000"
"Letter: Iran agreement should be judged in years, not days","https://news.google.com/rss/articles/CBMicEFVX3lxTFBKTkZkZWhaUEQ0c21SSTRnb2JZSWY2ZXUybU1iOHdiR1lQY2tXbkVLdzZrMmlZcGV4YUlUMWJBSGpvaEF3SG9SUE9qSW44cTVITUtoY3FEZ2hsS0diSEpzRHl6d3ljbG5tOGFuRFh6MUk?oc=5","Financial Times","Global","1782693783000"
"US-Iran to Halt Attacks, S.Korea's 'Mega Projects', More","https://news.google.com/rss/articles/CBMiogFBVV95cUxNWHZMZ0hvblo5Y3FxazZETzBYc3ZQaHBjal9wLU5MelV3blB5M2l1VVdKQ0sxNHA5Y3JqaHl3TTRZcXF6QVRSMzFMMXBfOHk1aDZuMTR2dW1BMUIxTWNhNk9ZN1RNQ0MtR1RiOHVwRFB1a0VPbHVjZVhlMXZTaGtnRHVTU2Y1eG9vRUg2Vm9TeHExU0VjdWdZOWwwWXRHYUtUa3c?oc=5","Bloomberg","Global","1782696082000"
"Iran’s unlucky World Cup","https://news.google.com/rss/articles/CBMimAFBVV95cUxOamY1eVNicEFPcWhzUjM2Z2ZHaWFhck1BeHRkM2FpSG1QMzE4NXpFeUVkdi1NRC1tUXV1aXhUUVdJYVpId1lIUmlXYkVNOGlVbWJNck1NbTBSWURxUVU0b2tFME5yTG1meVhidGU2MHF2MG5kUGtYSmg3d2k1NVdiN0EwVjNfamhSUjZMVS11TzRkcU45MGlXQw?oc=5","CNN","US","1782693780000"
"In Strait of Hormuz, Renewed Strikes Threaten to Set Back Shipping Recovery","https://news.google.com/rss/articles/CBMihgFBVV95cUxPNTZvQ1FwR2FBOHdueE0zcHhwVnhpUnQxa1cyTTF2amJGcDJnSDhoLWpaX0JRQTZxR2R1eHMzU3k0aHJKOXFOYkFQQlJaRTJpYW9DLWdSV2RaTkViWWl1TFp1c052OUlzNzZOR3NPZUhab0xPbXkyb3dKU1JpZVUwc2hMMmtjZw?oc=5","The New York Times","US","1782693600000"
"US, Iran to halt strikes 'for now,' meet in Doha over Strait of Hormuz","https://news.google.com/rss/articles/CBMiwAFBVV95cUxPbFFYWm5hY25WRk9VUTV3X2ZmRzF4T1lUV2t6STZmdW14eDBseURzY1RFZ3RZLTU0YUtpd2piRUVsOUdscWs0SEMzTVZfbkxqb2lSdzh3MG4zUnF0cVNIenBSRFVGN2Y3TlZoVkt2MWdpYnNzNFV2MjVUYlFsZ3dpbmR0UkZHM3dlOE1GWlFWZHZtZDFPeV9LZDEwLXRtZ2RJMHhveXM4WG15VkM2d2lYdk1uVDVsck44al9CLXRmcVQ?oc=5","CGTN","China","1782697172000"
"Stocks adrift, oil up as US-Iran halt renewed attacks","https://news.google.com/rss/articles/CBMigAFBVV95cUxPYUFwVXVYYUk3ZXZGYUhac1BmQjhYN1JiSHM5SlhvWW9taHVTRkFZeVlrNFVfTl8wQVY0VTc3ekNEd1EyX2NMYjdNZXFwWi1WMFJWTHVIaE8yNTNNVWR4NkFHelBmSFlwYWdjRTZQREo4elhtYnNhZ3RMMjg2ckttSw?oc=5","Reuters","Global","1782697200000"
"Iran war developments, Fed rate path cues in focus for Indian rupee and bonds","https://news.google.com/rss/articles/CBMiuwFBVV95cUxNU0tnYmloaHpIVTVmYUZHSUljRy1XNHN2VU8wSDVxSk5DRmJFUkNDWjNzOXJ6ejd0a0hGWmoxMWJncnZOQm5taGpMU09TMjBTMEFkUWlTZXVDMXRoUkhoZGRTWVdUTnVzaXhoRHlQUmloSnpPUTVBYU9rbFV0ZE1VTUFnZGZ2RkRTTWRjQ1dqVE9Telg2c285TlBTRFYyVDNFc1pxcUExa0lkZ3ZUTy1MZEp0N2pOTzg4ZFo4?oc=5","Reuters","Global","1782696660000"
"US says it has agreed deal with Iran to end strikes and resume talks","https://news.google.com/rss/articles/CBMicEFVX3lxTE1LWnJmdTk1cEhnNHlqQXlqbS1KakZLZmZjSktHbUdUNFBZVmdIQUoyeXB4ajZfSE1vb0dGcUJRXzNCc3pZcG1uS3JxRjByejloN3FNc3N3NjRmUlExYXRVN0p0eDJkZGFFcUxtRXJ1Q1g?oc=5","Financial Times","Global","1782700063000"
"Breaking news. US and Iran agree to pause attacks and meet in Qatar, US media reports","https://news.google.com/rss/articles/CBMiqAFBVV95cUxQVzM1SnpzUUtIZVoxRnJ2OGhPRUlZbDljSGI1TVpmZFpGWWQyOXl0UVkydDFhSUFFQzZ3R0V0aFlrSlNVWndsUFk3amJuVXQtb1dvcHdZYVc2QlAwVHMxWUF2VW9ySVJYYzlZM1F5cFhHTE9ld1RSUGpsTFpVX21QRHgwbk1US0M2NkZhaFRraFR4eVQybVp3SlBKTExGcUpvb3FqVXVRbWk?oc=5","Euronews","Europe","1782699853000"
"US says Iran talks to continue, with 'both sides' pausing strikes","https://news.google.com/rss/articles/CBMirgFBVV95cUxNRlVmMWZSWGQyM2s3eEJ3Y0tMZ1FWN1N2RGJ4Ni13cHhSTUJHUFVwQ2ptcllmcHhuN0NuNkVIUGJoVkw2MS1CQ2JFTTM2dG05SXBTU0VNVkl1cG04emhEbzhSeWxOZktHM1N6em1McVRwTng4SWhpSHNRS0FOT0tIb3FrYXFFRmVuMDdpMzRZa1VxcGllVzlmQkZ5WW1TTUI1Q2xNZkhINEQzbnozckE?oc=5","France 24","Europe","1782699667000"
"US-Iran Agree to More Talks, S.Korea AI Investment Plan, More","https://news.google.com/rss/articles/CBMiqwFBVV95cUxQcTB3MDQ0MXlOT3FRZDEtSGd3UEhJd21wOVFmS0lmUWs4TVcyRzluMHQ3azMxN21sR3BCdnNnMXRLUVg3UmVpOXJ1VDllYW9MTEUzUlUwTFBfa2J4QXdmRHd0LUNWci16V0JLcFlERWlYZDZMSnU1a0pGeWlsX2dvTWEybHM2b0ozdlpDU1EzeHY5RnpiZnd3aXQ0X1BSQUNhZGlycVFZa2N0WFE?oc=5","Bloomberg","Global","1782698888000"
"US says Iran talks to continue, 'both sides' standing down after clashes","https://news.google.com/rss/articles/CBMibkFVX3lxTE1MUXRJcmlKU3lvZ01UT1FPZ2kwMmxwX3E0TmtHanNRMnRqU29rMlVCUEVjUmR4R2pGLWxLRWJVSFN4ai0ta09HdWdMeXI1cFVrM2FJNFNHV3lLVzFlM2tTU1ZVMnNVM09Qdm5uQmZB?oc=5","CGTN","China","1782698890000"
"US, Iran to stand down on strikes as technical talks set to continue","https://news.google.com/rss/articles/CBMiowFBVV95cUxQeERNNG9tb1daVUJqdEtwWHJ3ejByY0ZpZEdtWnJNb3BKTW5udm5uQktuU1hpVFoxbTA0VHFvMER4MFhYU1p2UVRMZ1d1ZU1GeWNvTS10cnlTMmxCTUllSnQ3ckJNRHp0NU44RVktYkRiZjV1MHF2S1dIT2FBTXZVZGR4WkpQZGNQUU1faEV3bTlaeUlpNGpKaE41WnNSOG9ibTBr?oc=5","Dawn","Pakistan","1782698495000"
"Live Updates: Latest from Israel, Iran, and Middle East","https://news.google.com/rss/articles/CBMif0FVX3lxTE5kaHh0UmdSZURic1A4RDdPVC1FX1B6MkZzWkFUa3JyMVU0UENsN0ZGVlB4dDd5b3MtV09TMmRtM01Va2MtU3JmQUl4VnNYaVA0dmxmZDI2Q0ItTUxBR3lmWWNSelduOV8tLTE1Zi1UNENDck1OTWpmclA1R0R6R3c?oc=5","The Jerusalem Post","Israel","1782698405000"
"US, Iran agree to pause attacks, meet in Qatar: US media","https://news.google.com/rss/articles/CBMikAFBVV95cUxQOXkxdlJaNVBzR2dkNkFmaHItQ1kzZURTbDNPSFNTdW5pTy15VXNUa0t5cEl1YnBYUmZkeklvdjRKUUx6RkcwZ2daT0FxRnpiRy1xQm1ORFZkUHRuclVqbUh5WE1iUXQ1VFFQRk4zbEVuMHdmLW5xVTg3a3JtNlF5dnh1c3BSWk1RYXZaTzl3Zy0?oc=5","Dawn","Pakistan","1782698344000"
"Khamenei for legal cases against US, Israel","https://news.google.com/rss/articles/CBMiggFBVV95cUxQSHhiaEszZHpMT1NMZVB4ME14MVlMcGRpaTlIMWVFN0czVU9GMWhYMXhTX1V1eURnUE9QVnpDbmxxci11MHRmVjdLZ1Nydl93eTNjRVVvX1M1bzI4TUE1ekJReVE4bVRLMjlVbmtPSVRRV0JET3Fua2JKbFhXb2VxdnN3?oc=5","Dawn","Pakistan","1782701261000"
"Reopening of Jalagi border with Iran announced","https://news.google.com/rss/articles/CBMihwFBVV95cUxOZXF2dXhibFNwalpJRDFYX3BlVzJwZV9LVllrUXItelpUeEhfdzZOZFJJM0pFdERqcXNRa1BmWmFoT2dMV0JKbWJqUmdNYnZlWWFOamVrbEhTTXRHSVNBMWVsYkk5dEhXM2hHTTBIaE9KR1JpR291d3ZKY1ZMSmFkanhiZGxnMWs?oc=5","Dawn","Pakistan","1782700350000"
"Gold slips as fresh US-Iran strikes boost oil, Fed rate-hike bets weigh","https://news.google.com/rss/articles/CBMitgFBVV95cUxPSTVKRTRyZTc4cndMX2E0Mzd3UlROU1FJMWFsaWpkbDVuSUFiVldPeE1GRVFLbDVYeTZ5RTFXd08wUkYwU205amR5a1BIOTFTNGE1T01qMjNGSkJ2OXpjQVhWQ1JXSTdOeDBGb3I5czNDQ1VYck9ENEZJNVZMQk5Rc19tTWgzM3hGaC1uSlltSktpNWtyM3AtTTk3RkZJaFNpNjVFRXJUSWhuWEJGcnNUb1ZGVWstUQ?oc=5","Reuters","Global","1782701821000"
"Rupee likely to shrug off US-Iran flare-up; limited impact on oil, Asia FX","https://news.google.com/rss/articles/CBMitAFBVV95cUxORUdUR3JucTJaV3NGVnp4YnJBTGFxcllEbkhoNUdDOHBqVGpNclQ4QWxNWVI4WTVjRWNoMXpIczJtblJQSGw2a2FQVjBfcTB5cThkUGRlWHFUMnZ5MHNwS2l0azFRaER5RTJwRVVuRm1JUXp4VnAtZWZDUkdwUHlMZUl5VnRFRlozeGtKTHJhaGJ5RHVsbTZtRjV5MkFieGtMS1RCUm9zQ0NScDI3MEJLYlVfbmU?oc=5","Reuters","Global","1782701100000"
"Stocks mixed and oil rises as US, Iran call end to latest attacks","https://news.google.com/rss/articles/CBMisAFBVV95cUxOU0tXbEVxbHRGbm9BMjVGdlpidENvNk1GQXp4NmtYcXR1M2lLdGdURnJrUVVINkljVGRrcFp2WFpzMURQVi1RZ0R3dFo0MTl0N2xueWNOWXRXRFlMR0sxNmNaeGRhQmZFSFBUZFVuU3pOUXAwQVZiMmduRTZ1NzV6ZlFpWlBWdjd1bkI2MzRZVDl5UVRKazh6aE9aU3BfcU8tVkwtMnJsQWFuYXliQVFOUQ?oc=5","France 24","Europe","1782700990000"
"Indian shares likely to open steady as US-Iran talks ease escalation fears","https://news.google.com/rss/articles/CBMitwFBVV95cUxOaXRSTW02UWtrLXFsRVFkZ1p6dUlQV3dGTzRiRHI4SWZaTXBSUmFKdl9ZbzV1MTgwajlFUDhXNzRvam5zNEwyT0J4Mk9iekRLV0NmTHNTSURBSU5STVlKSkk2U0RwZ1FvWkFQcVlIaHJuenNGRmFTY201WVVvVU5LajRKSzIwUDQwLWxsRzBKcERpeWNnWHFwYTZXaW9zckViWmRRYUJkaTNOUk5raW1yT1NFdGxNWFk?oc=5","Reuters","Global","1782700980000"
"US-Iran Agree to Stop Attacking Each Other, S. Korea AI Plan, More","https://news.google.com/rss/articles/CBMiqgFBVV95cUxPcTc3bGprNy1oemdUdGFFUUtlTmNfZzJmYXh5MG1UbFBDOVhkbTdMcTRYcFoxQUVObWVzZFZJdXYxRDhoampCcW9KR2dqVjBGalg5QWdLR2U5ZUhJUko2NHpMRGVZaGU1RXNTNlpTc0swdGxkTWhBSzNtRXdUVzE5YjJBdWtzZjlCaEg4X0tEa1BkSVR6YnlsdDFpZ2JObXV3VGoxaGRSTmVxUQ?oc=5","Bloomberg","Global","1782700823000"
"US-Iran to Resume Talks, S.Korea to Unveil Mega Projects, More","https://news.google.com/rss/articles/CBMirAFBVV95cUxQWlFJVEdacWtMUllHOUVhdkVyS01lclRIaWdzSkNWbmlrMVNEcUZuZ01qWFlwemVOZWtIc1E3ZWd3UmlxVjdLVV9HM1FZWGV5TUpoS0ZjY0tydUpfU2VQTDJ6eXl0LW5jM29xUGxnaEVNUTNURENkNWxzNlU1N1JjWW1zeEdSSXFSM1pwcHlSaHVyVjZxLTlGU2N6QmhRXzdrT01DbzhxMHJTb21a?oc=5","Bloomberg","Global","1782703779000"
"Preliminary agreement between US and Iran appears to be unravelling after new exchanges","https://news.google.com/rss/articles/CBMi3gFBVV95cUxOTTFZdDVzYVJHWG9TcVVoRl9EU09vdzBRU0dYdTBEc1F0UXBxaDJzT2tCWFJjcWttZENmLXJzLUZFVXdMcEhqTGpSZWNORXQyZjd4U2ZuWWZmNzE1dm53NjNuZUNMVHhTVnUxZUtuS08xbDUxVkxacl90UDNCcm1wSFJJMWxxQ0JwZGZTeGhhUFRpX21NRkFpQ0Mwb2pSNUtRcFE3MXEtTHBwejNXbzljSlliSExudnVxSDhvWEIzOTNMQUJIQTVyVEt5YkdITHU4TXZDeTJZMG5FNWtMYVE?oc=5","Associated Press","Global","1782703560000"
"Iran issues ‘serious warning’ to Bahrain","https://news.google.com/rss/articles/CBMifEFVX3lxTE81REdpY1JXWmZaaURBQU53NkxtbDZsNDhWRlpxeWJ5RTY3T0hSNXRZLWQzbnFIbGczU3VsQjhwVnUyUElqcG1ZQVBQMVhxQWx6MjBlNmN6WkFJNWthTEstY3IweGthSC1mZmJxN0MwRWtPZkpYU29TOVdpbHI?oc=5","Dawn","Pakistan","1782702825000"
"Iran’s plan (to include Lebanon) is backfiring spectacularly","https://news.google.com/rss/articles/CBMilAFBVV95cUxQRDhtMnVRN0RNUC0yTVFJWFU0b0t4cDZiMlZRNkN2X3VYTWJSUFlTTGdnZWE4OUN0S3dxWkxhVDJrMnBWVDYyZVc0Y1k0Zm5VclRDZ1Q5aFB1SzBJLU83VGptM3dRSDRJZXFydGNCcnBwNEVmSExHYnlLLXJIc0ZsUVpkZG9YZjByaTl2YzlMenlLa21L?oc=5","The Times of Israel","Israel","1782701880000"
"Oil climbs following renewed US, Iran strikes in Middle East","https://news.google.com/rss/articles/CBMimAFBVV95cUxQWS10d1Y5bzg5WXFFLTVPWUR3ZG9ycEU1eWx5VEtvUm9kb0NUUVZVUUFQbU91cXpUSHFPNlphejRTLWRCbXhUSnVMSGRWM25ybFVZZDRtQTFNMnZmb3JHdWI5Zk1zTnltX0lhTjZaZlhCYVU5MjVOaldyazJJWUc3TE05OHVrRU9seDNzTDZ4MDRtXzVnWFBOVg?oc=5","Dawn","Pakistan","1782700717000"
"UK poised to act over Iran sanction breaches","https://news.google.com/rss/articles/CBMicEFVX3lxTE9kM3pkMGR0S1NmUlR1OV9hVGthaXpHQk4tMjJ4ZlllNHl4X0dydkJBYmxxRjdjVGxpMk0xMDU5cVhsei1GRHJxeVBhUWluSjJ1dDNPdUdKdDJ1bjdZXzVpa3ZNZHJOZm9OdEdwOXVBMms?oc=5","Financial Times","Global","1782705622000"
"New US-Iran clashes revealed fragility of truce — and why it may work","https://news.google.com/rss/articles/CBMinAFBVV95cUxQZFE4Rmh5Q2Y1VUhmR0psVVVDUmlHVkRQUjhtV3kzZVlvQ2lEN25LTmhVcW8ta0c3aHVpNGs4T3NSYkJZbFl3ekhxdnAyTFZLNlJWMkFlbUpvSXVDYzFqYTIzQ2ZZOWJtVUs4WDRYTVByZ181R0pXODc5U09CaHV6SklCUFVLTFZsNGFIRDZsejBxeEF1d0dSRHBKR04?oc=5","CNN","US","1782705625000"
"Oil prices rise as US, Iranian strikes threaten Strait of Hormuz reopening","https://news.google.com/rss/articles/CBMiuAFBVV95cUxQQno4UmNocko2ZENuREhrTUZILUJBczZVQWE2MkZDYTlmTFREOVdWcmx1UkJadWU5Nzd5WTJCMVNOTmRsdkJIdkhHYVA5Wlk4aHdPdTdPdk04N0JkSUZDRXVOWlJTTGtCNV84RG1LQlUwQTY1eUtERm1QaWs4OVhMWjJMX1duR0Z5anh1MWNMbDQ0OWlBak1UdGl4UjdmMUVGTFR6UmFKUnlDQ1pjdzdwMVBpdFJEV3ot0gG-AUFVX3lxTE1pcndSb0lmMWQzUWNJQVE3anRwZF9OaU1tcHdhNm90alVXNkk4VWZjUkZoUVIwZjVlSEVoYXNodXNJdkNSZ0UzeTN2ZlZHeURBMWNjakxYa2daNlpaakZZYnpzU1VJYnNBRjI3eFB5NHdrZTNURkdlZnV2NTR3SERBSUFXVFFXSnRxNURrSlF2SFMwS2ZkTFcxOWgxenRzWHNlek1HNUdWemN2cHgzNDhudjRtdTZ3VXRhanpJN3c?oc=5","Al Jazeera","Arab","1782705761000"
"WATCH: Iranian FM urges parties to 'not interfere' in management of Strait of Hormuz","https://news.google.com/rss/articles/CBMitgFBVV95cUxNZTcyRm9kUHFwdkNOYUFaTGlZYi1hU0I5c0diczIyNUU5YXpaSTYwUEtERkdseHNDWkJFVGRKY0tLM3ZrZ0xQbnMzZEZlbV9EdW9YWDRmY0VIa2I0NnZkUHpQaXAwcGJZNmVQVmFqYi1NLU1MZjdPU3ZLaFEtZFoxbzZER2ZlY2dvUEhBX1NSdk40U2xwN25mWkhVYUJZeWZMSmdjSC1qSldjbmVOSWV5dWJSUDE3UQ?oc=5","Dawn","Pakistan","1782705503000"
"Washington Says US and Iran Pausing Strikes, Talks to Proceed","https://news.google.com/rss/articles/CBMinwFBVV95cUxPLVlRLXc1OGVtSmVaYnFKT1d2MEFZclhzdk9tdWRYWXczWkthZGxIMXFmR2hJMXl0R2Vqdmo4MXBmRDdCNjlyQU9mUU1OZGY5d0xEenlWRmRIN1A3a3I3MGZMeHRuY0c4RDZYa3Bvd3ozQXpkaVM2dWt3ZmVzRlpWQ28wRE9EX3pyYWxIZkJtbnJqaDR4QnpRcjJPdjNTMzQ?oc=5","Asharq Al-Awsat","Arab","1782708067000"
"US says it has agreed to 'stand down' after exchange of strikes with Iran","https://news.google.com/rss/articles/CBMiWkFVX3lxTE0wNDlxUWRzSlctNnZvVjJmcTBScWpoSjhmNTlLMGZSY1ZXXzZ3Uzh4RzBkTk4tRjRXRUxRNkFNZUJHVndyMkE2LS14NmNIY2Zjd2N5eDNRZjVJdw?oc=5","BBC","Global","1782708737000"
"Corn Drops After US-Iran Halt Attacks as Traders Weigh US Heat","https://news.google.com/rss/articles/CBMiswFBVV95cUxObE5hZG5IdmRaanRKTkR2eE9hVjQ3MWNsdmFyb2R5ZEZMNFdjb0VDT3VsYVZlOHNsbWs3SGZVTGE1MVZsYXJGQS1VSVdwa2FvR3VudXdxRlo5MVctTW5EUHEtaFNjeldZZ3pXcTBIYkFlOWF2ZEZsd2RYdEoxNmJLbjkxUUhyTk9WYjBFZ0ZjN3g5Q1lRUklMSXZNRDBVaFRTNjFCUHhzZXlmRGZpS0daVEpjOA?oc=5","Bloomberg","Global","1782707901000"
"Toyota Sales Drop Again in May as Iran Conflict Hits Production","https://news.google.com/rss/articles/CBMitAFBVV95cUxNVF9wNEdVaWpqV3JYYlhTeTVCZThXc0FMNEFnMjcxckFoY2Q4TGJnUHBzRTg0WW9CaE9xZUMwa0RMM1NOd0VKbnZmeFNibWhTdTVrUmxQeHl5djdNWjNxUGxZdTA2c1AwTXVFaUkySDhJRDVHZ3A2ZlBiYnIxWnhRVFdtSHd2d05lN2ROS28ycGFuNUR5c2k3WlFPVVN0cTdLb0t5QmRYRkg1UlFXZjJlTlRXc24?oc=5","Bloomberg","Global","1782707400000"
"Asian markets mixed in choppy trade as AI doubts, Iran tensions cloud outlook","https://news.google.com/rss/articles/CBMiugFBVV95cUxOSkdzTjRhWXJHYlExaGNxZUF6cGxORnpJSUVyYkpMMWFSeXI2dk5sZHNBSWI3c1RoR01tZk9QMFNDVHNhcUprUjVtZ1dOeHFTajU5NkxRcnVxUHpMTUFhaU1GSzUtNnhDUHpaRHlHUm42blpPNXF0NlNtbmhoMDRraGN5bTl0WVJZbnZTMWVDUm1rQzA4SVNBYmNkOFY0UnBWR2hpN1NyYUNySF9YQTZ4c1hEY2F0SW00TUE?oc=5","Reuters","Global","1782709620000"
"Iran cyberattacks on Israel surged in 2026, Israeli cyber chief says","https://news.google.com/rss/articles/CBMitgFBVV95cUxOdTIwVnlkaTVydWtvSFRWY1hOYjAyQTNJN3ZnZ0hWRm40SnNsRWZ6bXItXzlhajluMi0zZFV0ajZSYmo3dkw3N1lpZE9YMmFUdFpUcGpvYjNEU2xIeHAtSGJVTDY1ZGhhZ3BwVU1pOWZqQ2RyR00takVoMHZNODZuT2ZSZVdqUGlrZEV0TE94TzdoYlBabDRIQmV3QVNJNndMckNBVTl6Wk9hYUZNc3RfNHhYQU5VZw?oc=5","Reuters","Global","1782709320000"
"Iranian cyberattacks on Israel surged in 2026, cyber chief says","https://news.google.com/rss/articles/CBMirAFBVV95cUxQWjlRNzZLS2Q3eXJxNUtmbUNSeW5QandTVFdFQ1V1cEhoS1RJVVhuMXRibjROMW1mZWQ5dVZON3NaaVZvY3MtTV80MHR2RnR2RmRmNlRGUWYxU1Fycm1adldlU2tLdXQwc3dsWUFwZDVvTEh6ODFEMDc5bEkweEN2bUh1RFJuLV9mVDdtQW5xN1JqV2IxSHBSRVBpMmJmVGVsd2tVQ2hFUi16NV81?oc=5","The Times of Israel","Israel","1782710402000"
"Iran cyberattacks on Israel surged in 2026, Israeli cyber chief says","https://news.google.com/rss/articles/CBMiwwFBVV95cUxNX2ZXNk1DQXVJZjI3VGhIekJGVDJYS0RmSHpGMk00MjJGVFI1c0VjX2xQNFFKdHdaZFR3UUFORkVrdHByMkExMG8xTkUxUTk4eDdQV3JGd1ZkVHl3cTJHVlBoR19oV1BEU1J0ZFYyekxWLWJqa3V1dUpVREl3NnBTUFd2TTVEVVNVTXN6QkV2SE1vYlk2TmRMclVaM2lTV0ZSaWh5RHJrcmVzNDVHRktOSU1OdFgzcDhUYnBmVkFObEVqUUnSAcgBQVVfeXFMUDZuNzE0OHpfUzg4OWlOSWhtNUhNMzBrVEZZQ2pLd2hLWkZaMFRTMEJwUW9QLUxqMWtoY1JJR0w3SDNPeGxqWWpqNDNrNGhmNDFNbDJMSW03ZEItZFpONU1RSWVVc2Rad1hqMnUwdmtrakFRN05zdW5ubWdCb2U2djRqNnlTVEREeExQaWF4YV92UEt6TjdsZFhqTUdlSWFwSUZYNUlVSnQzcWw5VUFKdkFsM3RQUVo3SWkwTS1SZVBQdEZaazNDRTA?oc=5","Al Arabiya","Arab","1782712260000"
"Iranian cyberattacks on Israel have nearly tripled cyber chief says","https://news.google.com/rss/articles/CBMiXEFVX3lxTE9YSE8yeUkzbEdCb2JPSVFvQUU4bmxkdjJOTk1vRTNJdGVlaHdKWGZ4MEloeHhnLWo4TEF6UHVFM1ZoRTl3VG9maVFsQU41TzQ5S1p2Z3B1QjFjSUFh?oc=5","The Jerusalem Post","Israel","1782711697000"
"Iran and US agree to halt attacks and renew talks, US official says","https://news.google.com/rss/articles/CBMipgFBVV95cUxQYUtWSFRXWnlGbjRFM1p2Nk52NFgwR2JVVnR6NUhDckpnX0VDSjQ3WWpXUXhVd2ZPWVZHcTFFenlraHlxSzJnQ0ZJMWplOWZIYVBCQWNadW9DMUhJOHRuMEZaTUJhN1FNVXBvcjJtdDdpQUF0TGgzb2RTT0d1dFA2M0ZYSlhOa3hiNlE3ZTI3Ul9QMWc3ZGtqY0Y5U3NSbEY2TDh1YThn0gGuAUFVX3lxTE5PVFBXQnpVd2tlaTdFTnctSEN6Ni0wYmlzMVMtYlpwUGJYT1VWZ0NlMC1TZkgwOG14aW9mUURPd3RMYWpoNVV0dWJpZUdGdktFd25Gb3NubWpsM3FCNXpkSHhDTkUyamYzYUpnTV9TTUNwcmdscWtYOWt4MFY1T1N3LTBKMGJyaW9RSkZoaUxDT1ZpOVNyNGh3VlRxaDNNWkQ5TDJsMUduY19ndU1sQQ?oc=5","The Express Tribune","Pakistan","1782711670000"
"Iran war latest: US and Iran agree to stop strikes and allow Hormuz shipping","https://news.google.com/rss/articles/CBMi2wFBVV95cUxPclB4MmxiMXRpdXdReWRoZUNPZGFiamNPSkxXTkc5MXY1Vy1fVk9EMDdpTGNvT0Myb1VRY1UzRzdTTk1wXzlMOE8yLUNjbDE1TkJLNW9HUndIZzZvckg4SGY0TGJxMTZ1b3BTLTFpWTg1QkZ6dXo3THFWX2l2bGhqN0ktNVk3aThzdFBQckVBbXpqYU5GVVlZd1pxTVo3N1hZWW9FeTZvUjhINnlkbzJyTnNuQU1jNF9LcWlNQk9pN1l4WGdSY1RldWg2NHcwbHppNm9VTjBDeG1aR00?oc=5","The National","Arab","1782709425000"
"Europe Today: Trump's tariff threat, Iran talks and Europe's heatwave","https://news.google.com/rss/articles/CBMisAFBVV95cUxOWEs5OUNRMGpScmV5N2ZZMmkwSjE2R3QxMFBwQmVyNnROS29kMlZ0NjllLUhpczFROTlidFl1YjhzamRRRGJHbjc2S0ZXbVRud3QxSFhES2l6SFQ0R292dHhEVG5uOTFleUU1bTVsUGpoVzRaMVdvcjRvekR1QTRXOU9sMl8yMFhxb2ZSYnVKYy13ZEpMUUZ4dlRBUWJXUmU5d2p1UmVza3pseV9TeTNRNw?oc=5","Euronews","Europe","1782712918000"
"US, Iran agree to halt strikes amid reports of fresh talks","https://news.google.com/rss/articles/CBMilwFBVV95cUxQWXhuY0o0TGxCUnN6SXY2YUJGWXBTbFoyaEFUVDFua1pMQ2UzWkhhOU9PMWN3T1NuSmhOOHNhT3ZILXBxcTJ3N2NLV3BXVlljMGN2S0NyZXhSbVAwQkJkbXduenN5endrX281UjRIMnJ5c3dWaHAyRW8xenlYX1JScTE3XzdSZlVQYVpZUlBrUVBXdjlpclhN?oc=5","DW","Europe","1782712235000"
"Pakistan Urgently Seeks LNG as Hormuz Flare-Up Chokes Supply","https://news.google.com/rss/articles/CBMisAFBVV95cUxOOHhkQVFVS1dFTjI3X2tlaVRfUW82dXhicFN2NU5HRkEwTW1pbkxTejcwdEV2aWZOcFdyRko1QVNwT0dsTHV2YXE2a0Z4MDVGTF9EQ1dlcUY5cnAzWHVad3FHUTUyTzdUOV9lY0FaRzFiWWNnZ010UW9oU1VPTnRHc2ZMV091dFV5WlRpVmFJcTRILTBXMEJtZU90MjNMbzZwSjJEYURveEFzZEpkZjNYWg?oc=5","Bloomberg","Global","1782711420000"
"US-Iran Halt Attacks, Putin Admits Fuel Problems, More","https://news.google.com/rss/articles/CBMiogFBVV95cUxPblNwcndWLWlOaEE0R1hqbjdpanJLMUFjd293dDVHeWxuelBla212bURCclVaOXpKenpMci1NQVdGUmpMbHBKMmhaVklNckp2WmpkS0RiTnNJN3IwU3ViWDdPcHdLR2gzZ29WZTlNUlp6S0ozeTNMN01jNGo4bkJJVmRjU2xKMzNZYU0wLXNwVkdITFZQUGdCR3pDeWt2QnVtZWc?oc=5","Bloomberg","Global","1782711270000"
"Hormuz Traffic Drops Off as Vessel Attacks Raise Fresh Concerns","https://news.google.com/rss/articles/CBMitAFBVV95cUxPV2JKZnhiMkdQTkxGSkVrN2NIclE0bEFXUW5seGpTYTBWNXp3VFBmWDQwSEN4Sy1Nc2w4NldIdmp5SmtNRmI0RUI4dzBwNkotUllFLVh3Y0gzaENLUTZNWVlNa1hlbFpDRnFnSE9ZZ0pNbDBmWWt3WDNDX0NjcmNqQVFGdHA1Z3pkX1lxTlYzaE5kV2x1OVJyRzhBaWUzVmpxdTVUM3ZTNHQyOUNuVnB6UklGUUM?oc=5","Bloomberg","Global","1782709560000"
"Roknifard: US-Iran Talks Only Substantial If Fights Stop","https://news.google.com/rss/articles/CBMizAFBVV95cUxObTAtZHE4SURKQ1VQOHNGT1B1UXdSSW1acHNSQ21pVVZpTFZ0V3FXdHozQTRobm1JcXNmVXBqWkhPU0F1YnlxcjdCcWpGb2lJQTJHWUFmdnRtbXMxRDI4U2xzUWpuWlNldklYTDF2aFRWSHpPbkxvZW83ckdiRUIySFBqdzVXMzFxeTVELTI3YWh4N3ZoSFpLd2tKZUE4OU5UY3kzbF9SdGpCcE52SE5hS0dHVklWR2pYOUhmODRrcHYtVVhPZUJhMXNxTHM?oc=5","Bloomberg","Global","1782714265000"
"US, Iran Agree to Halt Attacks On Each Other Ahead of Talks","https://news.google.com/rss/articles/CBMisgFBVV95cUxNek5Hd2daRnlDSDVIM2N2aXk1VmVyUXROdXpYUm1iZkt6Y0VsX2QwbTZzOTRVMWZZeTZPV2FQSUNpLVJGWml2SWxETTVCWDYxT09QZjNrYk5mdlY3LXBObG8wVlNseXo3eEY4aDBFTTBPZ212U3BOak8tWE5YZ2gwRHVWYnpGQndadXVJaHRMZ1JUQ1JyTXZaMmJSbHo1ZFFCRGY3ZjJLb3JoUng1U284eTZR?oc=5","Bloomberg","Global","1782714120000"
"Hormuz oil exodus sets stage for chaotic rebalancing act","https://news.google.com/rss/articles/CBMivgFBVV95cUxNR2p4V01TS19VbzhydC1vMzhvNlBuMXdmS0ZyekVuZmk0aU9GVlc2MGM2bFdJQlcxdEZOQVpYeGJqUW5QUVI2am1hY3NrZ2dfSzVPbXVOdE1PM1lMRnE5UkFEdUpfNUVOVjV6VXhaWkhsVEZ6eklsOXpvcUVFdVVRYXBGVy1DaU9hdkZfbU01YkVCakJGX2p0R1JXNmpOenhmNXVlOElWMGczVlo5RkVuOHNwWmQ4Y3pYX3htQ0RR?oc=5","Reuters","Global","1782713160000"
"Video. Europe Today: Trump's tariff threat, Iran talks and Europe's heatwave","https://news.google.com/rss/articles/CBMiqwFBVV95cUxPeXU1UXRmWjhZb0VYay1DNmoyZ19Mdk1xODZDMkd0dUxTcHVCOTFPb2JneFdjWFMweG56VzROcExVUUhaSV9nY1B4dTdzQURLSjlTV1Jrc3VEcWplS3V0ek9rdmM0NFZWbWV2RWhuWkVRMUU4eGszRGhHVnhCZzlXN0VrZ2M1MWZYY2sxWDAyWGYtRzJoYXpVWlFIbW5OamNlQzB1RDdYMHBWbjA?oc=5","Euronews","Europe","1782712918000"
"Reza Pahlavi calls for action against Iran during Khamenei's burial","https://news.google.com/rss/articles/CBMiakFVX3lxTE5mUjFhbWtISng3YkptbkZiRnNBVkxTUXVJR1l3alE2U3ExdWVONXlKQ01QTDk4SzhGbVpnakFTM0lnQ19lXzVJMW05Qlp2Y3BHUFRSbXFtcGNodjZaQUhoT3czU1drTExYN0E?oc=5","The Jerusalem Post","Israel","1782714347000"
"Bousso: Hormuz Oil Exodus Sets Stage for Chaotic Rebalancing Act","https://news.google.com/rss/articles/CBMipgFBVV95cUxNb1QtSzhOdzhWb1RQOVdKeTdIbXRlbWN1QXUwdWo0WmZnMzlkY2pGT0tGRHhfMzFGQmItdFFkQnRKNWhuRUl3WERGUDF6N2FvSUJoelZ6S19QblhaWHFpSjNrRXI4b3RZX1lkUm4xamRkUFZ0czZicEpTNGFBYXhzOGFpVjh5b2hQN0pLRnRNTmstTk10YlZNNXV2TVJZa1ZyUlgxTExR?oc=5","Asharq Al-Awsat","Arab","1782714085000"
"Contrary to enemy propaganda, Iran’s defense sector continues to make breakthroughs: Army’s deputy chief","https://news.google.com/rss/articles/CBMiggFBVV95cUxNMEV2N1QteUl1TkFycnpCeXA5YlZKZHpsTTYzUHk0U1hfYlhxaGU5ODFKZjNwWGhKTGdmVm5FUUJpQlRDalhXSmNlSE1nNHFyeFlOUnZjYVU4YWNSY1otbllRU0FqMzYyYjh1TU15cXVqSmhHY2VSQWZqUllSVXdrOHln?oc=5","Press TV","Iran","1782713640000"
"Iran: Supreme Leader Calls for Legal Cases Against US, Israel","https://news.google.com/rss/articles/CBMinAFBVV95cUxPbVpXemNpTXlZekJfTGVQTjN5bkotaFI3MmpJZFM5V0dQQVNoN2xkTlpqTS1iOXBZeno3TkdpOFFZQjFmLUtVSjZxU2cxbGxrVlBVLTJSdDluTXV5bEJ0SUFiMXdjQ0FWLTBpaUEzbWpBZjZFc1R6ZlJUanAtdXROX3FzWG9CSl84eVFQR1kxQjlRNlVCOTdVS2NUSHg?oc=5","Asharq Al-Awsat","Arab","1782712856000"
"Corn drops after US-Iran halt attacks as traders weigh US heat","https://news.google.com/rss/articles/CBMinAFBVV95cUxPZVZfWmFaVmNKdHBPcUJHV1h6c2VNdGowQWdsYzFVbFRnazM4blRYUVZka1lWVUN4eFBSTTZPd3hCOTU4WFBCSzlZRHdLOEhlcVVFOFhFRDRvUVdnZllaMF9oZ2FtQ2xZS29jWlZDdGVvOXhaYXg5TGFYOWZPbVZqanY0aFFldllRN2E3OFZQdXJQeG9wdUE1VE9GX0M?oc=5","Dawn","Pakistan","1782711642000"
"Iran and US agree to halt attacks and renew talks, US official says","https://news.google.com/rss/articles/CBMiwgFBVV95cUxQM0tqVENUZjBqOWxtdmR6SnNhWU9sTWpTMWhqdWgwNVNDWVR3NUJGbTZKUi1NdDdoVmt4a3BVV3A5RTk2WTZUbWZTTENJOWZYbFp2YzZSYVJuSU8taU14cUM5Sk5pVkM0MzZFSVhNRjhHT0U1VE94el9KTUF1M3VweHp2SGtDT1JlbzdQeTNOSVZXbkZNNkRZeWxodzI1MUFYcHQxTVcxU1RRZlBNdGhNRFRtVjZDdmhRVW1ZRENnR3FCUdIBxwFBVV95cUxOLXMweWNDVlhQMXFRcWI3UHVsQkQwbW9KUlQ1d01uek95a3otWG9iQzFHeTd2SlMycl9nYXhjOHR4dXBHb3BXQTJFVUU0cnplZDhzS0FhTHFLN2sxZFF6elpJV3BqX0JDOTJSeVBfSnFCSFppY0JkWHhEWmphalRiRHBhTnRqMWlxX01XQWRJS050blhEVlhWeEQwLUJzYUJvckxtYkk4bVRnZWtFeGlBRWNoOXVSU0dfb0R6Q0s1YmF5dzlkV2xZ?oc=5","Al Arabiya","Arab","1782711120000"
"Oil Climbs Following Renewed US, Iran Strikes","https://news.google.com/rss/articles/CBMikgFBVV95cUxOTVlZdXV0SU5qeE5zMVh2aFlyOGV6ZENpMHNGT1pwam9ybzUxTTIzT0otcFpiRXQ1aUhCQV9scXVLU0RJZl9QRzhRR2Nnd2c1NFRoLUdiRXFoclVPUS1GNHYtSUN3d2FHLTM5VUtNdFpnN1NfMV90WmlQT05nWTlWeV9XRm9zUDVxZ3hWTGlUc2Fwdw?oc=5","Asharq Al-Awsat","Arab","1782716109000"
"Iran, Oman hold first meeting of joint committee on Hormuz, Iranian deputy FM says","https://news.google.com/rss/articles/CBMixAFBVV95cUxOd3lDbmQzc0RCYzVraGMybTRYcjhNRXZ5Xy1YY1ZmWEZ2cjVMQ3pEdFl6MmlyYUhuWjZRcVAzbjR5VVhfaWwycGwta1ctZnNrVzNBWElVdXZueVgzLUZ4SXhrTlhmc1owSkFITWVjOFFOV1dLLThoRElXMVo4VWRJYl8tS3htS21zZ2wzNTZaY2E0Y2RiVzl5NDYxeVFCV2wwc1RiUlJ6QW9VV2NaM0tuWUNlNTRYMVFLOW03c2F5N2JCZWFE?oc=5","The Times of Israel","Israel","1782715503000"
"US and Iran expected to stop fighting, Iraq expands anti-corruption drive and Saudi helicopter crash","https://news.google.com/rss/articles/CBMigwJBVV95cUxPOEN6dmctUGhkQ0g1cEFva01TcXktYUFiZlRqOW5IMWkwR0FDbUsybjFmbjhxZ1hPRWozR21WTlU3WWxHZjFzOWo2UGVpSUpBaVB5UGhsMWhqYWJDTDliZ2JyM1NRa1Q3c0JtS2hwNjdhemFkcEdtRmhMTk5rbVVXZlVKSmd4ZGFlQ3VCRnNEUHJKdTYtNWxuZVpVb2Q1RmlDUXRkdkJvTUY3MEI3dWVMblpDNk1GUUprY3FpOUs1SGpzN29Zc1RtR0lRcE5tYl9uSGVWdTNPTzFVYm9VZUM0Q2h0UEtzYWhLSm5SeVl3SkJLcUdJOVhQd3cyYzNGTFpwYUxZ?oc=5","The National","Arab","1782715199000"
"Gold Slips as Fresh US-Iran Strikes Boost Oil, Fed Rate-hike Bets Weigh","https://news.google.com/rss/articles/CBMisAFBVV95cUxOcVZUajd1VzMxdmJpaHNQS0lJcUFaNmNhNTV6Uld5RTd3VEwxdUtGQlNQSVZNU1ZMZ254SXNqeWxSRTFJVmFDOUxGdFRGZU1jRXF1c1YtZlBVQkREVHdWTnRzU2p1QVpzNVNiSy1JLTR5bmVRVXVMNW84UGhoTW40QzFhMUdOV0xMN1dKeGJXNHhWclZCWWhITVZMS0xGOVV6SnRUcmpiS0VZTEh0djhLbQ?oc=5","Asharq Al-Awsat","Arab","1782714724000"
"Iranian reports: Gharibabadi's trip to Oman to hold the Hormuz Joint Committee.","https://news.google.com/rss/articles/CBMibkFVX3lxTE9aaEdBTUs5XzRmaFk3UUtOVjBPQngxUnQtandldVYxZHFOdU1oOEJkZ1dXMTJid2RKLXk1UG1RTjNmdW9QaXFmS3ZISmtjbXc5TV9CVG16UVdGNEdfTVBlMUFsT1hnZk1seEFLcWNB?oc=5","CGTN","China","1782714229000"
"US official: Iran and US agree to halt attacks and renew talks","https://news.google.com/rss/articles/CBMigwFBVV95cUxPTzQ5SjVVUTF5cE1OYWZyNE5HTmhnWThlYnJITVBaRWdIaVhjaUVENmIycGdyRmpiMkNUUnF1U1ZiT19uWlJMVGdRVk00cHZ5TTFRTklIaW9NMV9rczVkeEQxZWlTR3h1bmUzZlJqaFQ1bUd6M1BabFRySXc0Q1FFQlVQUQ?oc=5","Reuters","Global","1782716457000"
"US-Iran Pause Attacks, UK Abandons Naval Plan, More","https://news.google.com/rss/articles/CBMingFBVV95cUxPWVNzZ3M1dmRiVk9mVWhFX3c5dWt0WDBQb3V3NzZKV2tLSmZGXzRSckpjdWFxQ09lQnBJdDBsMVplOVZVRTdrc080eEhzSDRnYk96c0N5Y0ZUVW5LWDVCUkg0bnZiaF83YnpWTHRmNVFJM2NnR19TWXNyZ2dwUGNyUmdJQVdtV2VSM0Q5NnRvdlR4VjVBV0wtQThfeVQ2dw?oc=5","Bloomberg","Global","1782714826000"
"US and Iran ""will stand down for now,"" Trump administration official says","https://news.google.com/rss/articles/CBMitgFBVV95cUxQXzVaTnMwaXNxbzBFVVR3MWpJOFZFWk91dzFKUEx1Smc3akxUZTZjNlRjUGxNSHN6bHJkQ2d6ZHNFQzJUV3RUd3RIN1liYU5fZ05xalkyaE9PUVYyQ1BlMEd3YWxra09fazF0VmtsX2lJOVU0c21LUGphQVdsVEl5eFR6RGh3NDBaelNyRDllZnAtTnEwX3RVZ3o0ZFRqaUpFR0djSXFNTC12RVJQS2FOUVBIMVU0dw?oc=5","CNN","US","1782715129000"
"Iran Says Held 1st Meeting with Oman on Managing Hormuz","https://news.google.com/rss/articles/CBMimAFBVV95cUxPMDdpUFBnTG8xYmFiclE2UTlncUUzN1NGTmpKREMzdk1pRFJQMFJWOWVfbjhUNl9iR0FRYWpsaXBiLTZDOE03cHQ4N1pjZU9JQjBSaUdFcFdxLWx2Tzd5aDlXaHE3dnY4U1gwS1R0TmZvQTJvZnFMVk9QT1ptc0RucGtOYlJwOXlVMkVVNHp0alVHaE9SUVV1QQ?oc=5","Asharq Al-Awsat","Arab","1782717840000"
"Oil price falls as stocks rise after pause in US-Iran fighting","https://news.google.com/rss/articles/CBMivwFBVV95cUxNM2UySmVqYU5oeXl5aldSTjFiSTFoQTV3ZFZGZmlVcFBxSGE5NlRrcGIycHZQb2JDbFdUbEdrRi1MdlBJUlIta3U5bmVpcUVpcWZfQzl1c1U2dlVoQkEtcHI0MTRSNHJMRFlTa21QcDBNME9xNVZsX0MxUnp2U2dTT1BhSVYwRlV1Qkc2T0huN1FUc19Bbk1WbGlOSEtaVEtEYmx1UDNIclgyVHdab3J6Mzg4Zy03NThmRFkyek9Scw?oc=5","The National","Arab","1782717365000"
"Young Republicans sour on Israel as wars on Gaza, Iran complicates support for Tel Aviv: Report","https://news.google.com/rss/articles/CBMipgFBVV95cUxQdGcyLXhVR0lyLXZuanVZSnBsVVpLcWxjazBxczRLdm80dG44R2o4c1hUSXNlUHhCbFlSNVZXTE9Pcl9hejBwaWgxLU1HV25PTkJJQkRDT1hJRFoxdDVFX29rSWpqcFFXeksxSjc3MXEyTzBHZ2VaWXVQWXgtSTZrVFJ0Tm1aN3BKSWRhajRqUzlHNXVaQklDXzc5S0hfT1RnWVBfX2t3?oc=5","Press TV","Iran","1782716460000"
"Iran and Oman hold first meeting of joint committee of Strait of Hormuz, Gharibabadi says","https://news.google.com/rss/articles/CBMivwFBVV95cUxQRzd2OHR5dUFPcFE2TFBZbUtzMXJSU3NBaHh0VW13elZteGk5VjRFLVkzdXdMSzNoek5hbHdITUVUaDVvanlRbWVtZWt3TXRCNnhZcnE0NUxaWGtudTlhTnpDa1dRek5EYWRPZ1I0TEgyYnNzZmswQ3d1UzFCdWNJaGx1RFp0aGJCUkZMdEVyTnFCekdMc29ZSkJGdTc4aHBqZXlvWWRtd3ZFaTRrdzZ6NkoyRFBWbXk4SE5MTmlfYw?oc=5","Dawn","Pakistan","1782715287000"
"Iran says held first meeting with Oman on managing Hormuz","https://news.google.com/rss/articles/CBMitgFBVV95cUxPT0NEYnFhSWI2REVycXZqSm1VTUFhOUFFMU9jcmJtQ0RRcGNFLV9aZjY3MnBXZmhqYnQ2Y1RqNVhFZFh2SGlIMGtwc25DTnAxRVg5WDlTSDVhWDNYZllzQndPZDVfQVRhMW5YNTJnVlpBQTRVZDJyd1BfdHNVejlYN1hXZEpNVTl0cEFaV21mNkVqT21Wc2FCR2pZTm5QTW1QX1RsLTdUZEZiRUw3N2Q5Z3JZQVZaZ9IBuwFBVV95cUxQU3JWbXFnNFIwbUhTUkFOc1h6TE9lVUd4bFMySVJ0RDFqeXV3ZlZFUS1OOHllRUVuUTNaa182UkZWR3VPMFBuQmVWRThfMU9QYUJBTVBuUThxN2xaa3cyRjY4R0VwX09MV1ZNM0hOSDM3Rkx1YU9TOTVSUlRjLXdwdV8yRUY3MDVublRHOVdVaXRCUHpaVGRWTkN5MUdpemVfT01SbVJUODVvYS1WSXFuR1BnM0NzZWxhWDY0?oc=5","Al Arabiya","Arab","1782718740000"
"Iran da Amurka za su dakatar da musayar wuta a tsakaninsu","https://news.google.com/rss/articles/CBMilAFBVV95cUxQa3ZrTkQwUExIWVZ6Ri1Oa0VnWVNvYlJLNHMtNUZtWl9wSVpERktXbHlzM3N1aEVFZG1nSXJBX0hSbWxfTWZsWVJhOFlyWVpPenpUZWJ3X0VXX01CVGROVzJYbjdvWGZNcVQ5aHY5R0ZualFoOU04RG1zR0VBUFp2VVdqOUx4eHZWaXlZaE44VHVkYU9m0gGUAUFVX3lxTE5XaF9wMDZwbXlxSVB1SjlYM3hhRkxjRnk4eGpXZUJmNUVsT1ZTWXQ3bmEyWXVfR1dTZmxncnhTQlNvWkJFV3V0Z2NncmhZQUctZUVlcXZxd3Yxc1BQVGd1bFBnM0xmcHlvVVZhLWZnU2dSRWpWSjFDdlBnbDFhd1NlQmdFU1REN282Z3Boa1haUGRxdXA?oc=5","DW","Europe","1782719451000"
"US-Iran Stop Strikes, BT-Verizon Deal, More","https://news.google.com/rss/articles/CBMikwFBVV95cUxPMVRuc0hpSmdZNDRoMVdsaHNTYWZpejBNLVJYY1A1N2djQkVfaFFQcHpTM2pFZEFVbUo1dUcxWlZvZF9xN2c3WElHX1NUVE9ham1ZX3ZkeUpNeFl5TzZLR1k5Q2tuUWRld245dl95Ml9CMTFjYVpseG5FaUs2M1EtLVNVamlUaUR2WGE2Q3hOeWs2cTQ?oc=5","Bloomberg","Global","1782718588000"
"Watch Roknifard: US-Iran Talks Only Substantial If Fights Stop","https://news.google.com/rss/articles/CBMirwFBVV95cUxPSm11Y2JHMDlfUTJnMXBNR01TY05LeU1xRHN6bUJ5SGNRYWZVNUYteVNvWTMtZUd0N1d6WmV2alNiZGVPWE1OR2QxVldIYWRRanQ3R2pFTl9EcVltYzlXcm1FT2ZFaVpxS1BfbGl1SG12RUNxWjNIaEVZekkxNmEzN251WU1ZOG5Sa0xSTWxUZVlIdEtPM3pyWlV4SEs2dHIxOWpnaWMtck82TmhMYk5v?oc=5","Bloomberg","Global","1782717079000"
"Why the US and Iran are about to ‘resume peace talks’ – and what is happening in the Strait of Hormuz?","https://news.google.com/rss/articles/CBMimAFBVV95cUxQWm80ZnBfNkx6UkVFNzNSSmR3N3Mtd2NJcHYwT254UWtLZVNadERNSlpnMjVuazBGZGZpUGc3cnBkZEJVTGZKYnIzWDNaMHF3bXZBTExnWkY0N0pKNkcxelBuRVh1YW85SlZWb1pnQnJ0ZHRaNkljTDVRNkNhNmhNXzZESzBYV1lndFRaTWtnT0dYVHM3TDkxdQ?oc=5","The Independent","UK","1782718680000"
"Iran’s president says $6B in frozen assets in Qatar to be released as US talks challenged","https://news.google.com/rss/articles/CBMiowFBVV95cUxQOGllc29LZmZnSEdXeXdTZ0x1Sml0M2VVZVBWRVdvZG9DTEF4RnE2YjAwQzlITU9EcThTSjJBMjM1MUsxWjlWRkctVUdzalFkaE9KQUNnaHp6c3J1YThkOGxEWFprQkFTaThCczNmYWl0UTRNeFBWYS1uVUtaM0FhTVpTQXhSYVlEN08zR1F6ZFNiRE13YTJGTHppdmFCTS1SZlo4?oc=5","Associated Press","Global","1782721260000"
"BRICS embraces Iran's emerging power status at India energy summit","https://news.google.com/rss/articles/CBMitgFBVV95cUxOZDBQR0xlR2FyaGRpcERYdlRrQWJoTVpGQVpVMTVpLTY5YUNhTFMzajdCOWI4SllWV1Z6aHpEZ1pJU0c1ZU1lQXpPVkF2aFg0alc1MWxjLUliaDByUDR1eExiODZ3NUZER3hLaE1qZXJEZGVXdUt1YnhMVXI5UDBjZTVYWmhVQ2o2Rkkwd1lfLXZNSFRqTnE1YTBaOTNhQnFCYWEzZEhzTWdyc2Y2c3ZRbTRXMDNTdw?oc=5","Press TV","Iran","1782721560000"
"Iran Cyberattacks on Israel Surged in 2026, Israeli Cyber Chief Says","https://news.google.com/rss/articles/CBMipAFBVV95cUxNaTJuMm1LWmJTR1pOdnk5RHZvT1ppd0xZUW5HZmJRR2pvRmpuYUNYTTRjeE84emtjOVBobzQ5c1cwZXBNLWhON19GX3AyZ2pYZDVvVTVyY3VyUmR0ZDd4VFJpUzJ2NlJKT2N6QzNWb0dnMkFlX1JMcHk1amlFdWtxOUxCVk9VdmE3N0YtTmhLbnpfUTZpZ2J2U3Jyenk2ZVNOSXh2ZA?oc=5","Asharq Al-Awsat","Arab","1782721107000"
"Manus on Markets: Stability elusive after latest US-Iran clash","https://news.google.com/rss/articles/CBMivwFBVV95cUxNT3ctZGU3QUlQaUtZRDJKUGJKbFdLaWN1RExEUXh2ZzYzSGc4NHlKTzUya29MNnd1WnJZcHlJeXRRNG5HODUyazdhOVBaaWhWMHkyeS1YcGh3WUFqX0pJRnY1ams0S3BGYzFrZ3JYR3d1V2sxZXJMdUpTMUxfcmw5UVB4QjY1Y19xcVhJX3EtVUJVSzk2SktjTEE4QUFUdXk4WWg3ZENoaWJLclJFRVFhZkhlR2h4VUtRbHhJa3Bkaw?oc=5","The National","Arab","1782721005000"
"Iran says $6 billion of Iranian assets in Qatar to be released, state media","https://news.google.com/rss/articles/CBMiqwFBVV95cUxQcjhNaFE0OVQ5akRVS1JRdXEtMXRRYjBOMExoU2VKNDgyNjhCZkJBbE53ZXE3cXBQUjM4dF9McS15NEFjdTVQWjZDaVdFZm1FR1NZVkZRa0h1bFFmS2taTFh4MEFLTGM1NHhvd2VvUVQwUDJ3dWU0TjJIdEdOSWVLQlVHcUJwUUV0UGg0SXFQaUZJWFJHTDh5QkFMR1dRRVFTUHZPbHB4bFNhWDg?oc=5","Dawn","Pakistan","1782720405000"
"Stability elusive after latest US-Iran clash","https://news.google.com/rss/articles/CBMilwFBVV95cUxNY1dWVTBvQUwwSGVmenFvWVE1cldkU3hYcHBzakFHXzNUbXVBcXNJOEItdmFaajZGUHBGRncwTElXT0tzQUNXZTl1TEEyYlIyeUhPOURfTkZWcUZuMmp3VkdjTG13ZXpfSXd1dEQwb2Z0RlZfLUdsQ0ctY3dPanEwZy1hRlBTRU53OWR6MEJhRlB5MnZKa1hB?oc=5","The National","Arab","1782720168000"
"Iranian cyberattacks on Israel surged in 2026, cyber chief says","https://news.google.com/rss/articles/CBMimAFBVV95cUxQZnpobFBpeE1IZVRjek8wX2JMZENDdU9EOWY0LTQyeTk2T1dvaUs0SW1Fa0VmdEhNc1hmaHZwdm0wOU5WMWloQXFlczBHa0c3RVlaUVpyTEowdXlySGlqR2dNdWNLcTVwRnJfVzBCT09fWUl6bExUbnRrZ2s5enktRkZNRWp2QVVvelVnRXZXNGlkY3VSNHV3a9IBngFBVV95cUxQNjVPRWRtTmhBRVR1R2pmYUxSbUo5dHBnYnRtYzVScFIxY29QVHEzc3JxdVBkcndNYmxzZ09XVnlTbHRwdnY2eUJSaGN2QS1VWDNKamFGVEp4dXFIcXBLejF2M0R4QTN3SmVzTVpTY1BLZllaakowQ1RISVVPMkFReU1QVVJOZW50M0JtdW5DQ2RsSmpWVmFobXk1d2tuUQ?oc=5","The Times of Israel","Israel","1782719840000"
"US envoy to UN says Iran’s leverage over Hormuz ‘diminishing day by day’","https://news.google.com/rss/articles/CBMipgFBVV95cUxNNUNvM0Nxb0pNNHJaLTdSeTZqVHlGajJuUjVjVnNxdXN4OWNEc2wtV2N2QnIzLXlhQndZWXh1X09ZWHpjUEN3aVBuYm5XWFNlR0ZndUI2MTV4SU9wcWlrY0dhNF9HajVFTXVTUmlsV0Vjb1puUVdkRHNCYmcwSHJmZVR2ejV4UFVfU2lzcW4zamZ3Y1MzYTZEOU5uSklYa2YyZjRyUFNn?oc=5","Dawn","Pakistan","1782718911000"
"Iran and US agree to halt attacks and engage in talks","https://news.google.com/rss/articles/CBMiqwFBVV95cUxOV3JrSW1zV1kzUTZvUmFRc1RCMUMtM01ab1lMeXVvcXlhUlJ1aTFGcERtTTAwMElzQnN2WTMxS01oZFhLMWFlUVZyS3JHTS16d2NCRHExWnVPUWhWYlR4R1ZzUGdUcFdEcTREUjBwMDl6dnFNM0NqQ2U2bkE5QUdzQ2oxQWRnRmlYOEJvNUhhLUJjdW5ndFZDOVVIaGRyT2xMWnVhQ3ZFMHhBYkE?oc=5","The National","Arab","1782722925000"
"Pezeshkian says Iran will get '$6 to $12 billion' from lifted sanctions","https://news.google.com/rss/articles/CBMiakFVX3lxTE9zdjlTMV9NamJSeHZqV25xUUtFZlk4RXdwZlZ4Y0o0SWhDMm1aRW1Fa0tkU3JxOFByZmVyTE1CRmoxSmNCYmlOOXlZMnpISU10SlEwc3dwdVNDZ1BoN0pfZkVWcHJVcElsQ1E?oc=5","The Jerusalem Post","Israel","1782722706000"
"Iran and US agree to halt attacks and renew talks, US official says","https://news.google.com/rss/articles/CBMiSEFVX3lxTE9nTVlLNHl1WlFjT1dPMS1YTGtGVEJNYkItWGtzWGpwOEpSbUdPU28yb1drakxiS04yNlFBMGcyWnEtNzQwV2puYw?oc=5","Dawn","Pakistan","1782722544000"
"Iran, Oman launch joint Hormuz committee to discuss strait’s future governance","https://news.google.com/rss/articles/CBMihAFBVV95cUxPMTZpN184THBMcTlLbmdCbHdJMlZsU184UkVWUVBacVhXcnRyQS04bzNEM1BhMExLQWl3dFlXMlI4aUpReU1pTXVYalMyZ0JPay1QbVhUWFRrQ01sODZ1NlF5cHg5R25meGxtUFdHNDB5RVdsMmdya2dlWGhQcWc5Zk5kM08?oc=5","Press TV","Iran","1782722460000"
"Iran cyberattacks on Israel surged in 2026, Israeli cyber chief says","https://news.google.com/rss/articles/CBMipwFBVV95cUxOMmowVXp5N0RIVlBNenRyWVV5bEYyV0dEMnlfWnVRTTJXcDBnU1hjZUN5TWt4OTBQeE9QSGpKMDItYTk1ZV9UZ1RLSkFmWHdCaVhsaEYwN3BIVmw2WW42RzMzUzJRRXRlVTUzbFN6ZEZZU3RjaWFpc2FVVjVrRl9Bdk9LZ3loNVNDNkhxSFpoU1Z0djBkbWRwamcwbnlCMGxDX3FQS21nRdIBrwFBVV95cUxQMmxLSjJRWkZfbi0xajNjY2lCd05HV19XQTUxTmRXbDZYdHlwWm9tM2FHSWV3Qm9XbVkzb2c4c3l5eEFNN1FiSldwUFFLZDhJb3dkOC1BWkxaV2NGM25tdFMyTVRiQUkzSE9KNmFxT0dpbjFDMzRSQld0T3dqVVB5REItQ0kyYWI5bUpMTDdmU2d2Y3VvWktYOENUczFEWnY0bW8wZmtOOThhWjlvNTQw?oc=5","The Express Tribune","Pakistan","1782722321000"
"Iran says $6 billion of its assets in Qatar to be released — state media; US, Iran teams to meet in Doha","https://news.google.com/rss/articles/CBMi3gFBVV95cUxNSE9acWJ6Mi0xRFJvT3QtOWItaC1aRUdqdWwxM0tXV3EweFg3ZWRwR2dhc0JyVk12MHR5WkkwU2p5d0JMd2tnRHV3cE9nbGtuV3VrX2oxSk16bWJWOGRvVzlWRmxvcVJWWWVweFVLcHRvc18xYV80aUVudGZzTDJMU01TT1VrT05HczV5MDh1MnRwT3BfdUJVQlRRSk1GMUNGTzFpZUhHZkNvSVMtUjhEUy1nRHVPUFg0cDVtVGxLYjVybHlkUUo2MDdHc3psRGFCd0czQ2hEcVlZSXJxQ2c?oc=5","The Times of Israel","Israel","1782721803000"
"US-Iran Agree to Stop Strikes, Burnham's Pitch for Power, More","https://news.google.com/rss/articles/CBMirAFBVV95cUxOVGJScnowYXc0UXpiaFpVT0xLRWkyT3VXbUJPaC1nUF9IbWhqb1FGQWk3T2dvUFVoandrN2wwYlRBTXBoTXp3STd2UjNfZllqTFpEZ0dxVkFpelpOclBIQkVfYld5NXRzNEZZTEhQRWdGaURnZmF1VjN0dVNUWTBlX2pZYzVsYUpueHJYQ3hfU3Y1ZEg4VGZVTDhaUnYwNnJUa2tJRmtRcDhWMW4z?oc=5","Bloomberg","Global","1782721802000"
"Major Gulf markets ease as US-Iran tensions keep investors on edge","https://news.google.com/rss/articles/CBMitAFBVV95cUxOQ21DMGprc2RVb1JSN0xfZnM1a09SMFdpYnlhdk5Ec3p5T0VYbi1ma1ZCWk1qdUNEOFZ3X05OOV9iRGd6QzFzMnlvaUVvNDJrMTJSWGVIQl9GWng2U051S1dyWXpOMjJ6eExNRDZ2WldyR1RKX2JGbUppTFFFa1U1R1Y1Z3MyWFlhay1JWTRYWTFvYWNCelVGVUtrQkRBUm5aUURpLWwyU29MWEotdVhYSkVEbVU?oc=5","Reuters","Global","1782721304000"
"China Emerges as a Relative Winner From Strait of Hormuz Crisis","https://news.google.com/rss/articles/CBMijAFBVV95cUxQT0gwVnI3ZjZQZXNiRDl4TDNkLUZVUTZqR1NiSm01aDBRdWxPdjBJelF5UmVfWjlYdEtIbEVSbmJZRXJtSkhHazA4ZFRjbVFWUmxZYUh2dURXamZEWjh6V0RqdDg0MlJpRFZtQ3pSZGd6SVg5WVVHWkQ4WUpLN2JHT1Z5dlcycnNPeFl0Tw?oc=5","The New York Times","US","1782723789000"
"Iran's president says $6B in frozen assets in Qatar to be released as US talks challenged","https://news.google.com/rss/articles/CBMioAFBVV95cUxOT2xTdm5YNEs5SnZGNUhlYjBNRF83czczRUNFQlUzN3ZmbmxFMHVnaEIzUU1zV1JIY3FaUmFyLThjSERPNU45MkhCY0EwZ1NxSlVISG12bnRteTJodkdhNjkxWG9UbTdDRlkyZ2otNURRelFYTjF5a2FhQi1BZDdqelRrejltZG1SaHlmS1otcVFNQ2xfaXU3SE5KbTZrMmc0?oc=5","The Independent","UK","1782723240000"
"U.S. Stock Futures Higher as U.S.-Iran Return to Peace Talks","https://news.google.com/rss/articles/CBMipAFBVV95cUxNOTh3TDlXVXpkcmxvVkdwSlhvY09Cb2pmc1BFempIQ0gwbmJhYm1XT1B3TW9ncWRqNXp6RDV5MDFxaVZXWW5Oc09ZRTVZYmtwQ0NHMlQxQS1qZDlQTXJXMmFOeGZVcUV1cUFtWFhJQW03RGZfV1psV09tOEJtLUlJR0tLNDJoRmJESGlkNnZQMVROYm5mN0xFT1BzeVQ3bDNlZjhCeQ?oc=5","The Wall Street Journal","US","1782722520000"
"Spain Lifts 2026 Economic-Growth Forecast Despite Iran War","https://news.google.com/rss/articles/CBMiywFBVV95cUxQU3V5Q0EwUnQtdGlHZE9aNzBrZFEwTmNCUWZhUkNETmIxX3ZnWFllNWhWTm5YZk9aVlByNVl3anQ0ZVQySWY4VENma3laRl9OV1oyVnlqczVybmtIVFdyNHcyRXRwM3JOZ2h6RXdJNDl3eVBFV3BHenEzZGRLS0FzNXRmU0pNbDhqTFltNHVROE5pT1B6b010Z3BoekstdnpDQjlhY1BVaTBRNUZJaVZDVjAtYjExclpJamJwNUJIdUtyRng5MUgySjZwWQ?oc=5","Bloomberg","Global","1782723944000"
"How 5 weeks of war shattered some of Iran’s cherished monuments","https://news.google.com/rss/articles/CBMiigFBVV95cUxQZDF2cmU1OXB5Q1VfV0ZUM1VhZE51WVlXTnlrS2VUaC1oMldhNUYzUkFpRGdTNDg3b1RRSEZtYUVHamtJODBvMUFkMnpwZkhGS1NPMFp3TUlkdWs1VUhzN1Z4dEpybndfNDJEN1YtUnJXYXVlMDlkdVQ4d0JxRUxtdEx5QXE1NTN5OHc?oc=5","Reuters","Global","1782723600000"
"Goldman Backs India 30-Year Bonds as Iran War Impact Contained","https://news.google.com/rss/articles/CBMiswFBVV95cUxPUEJ6M1lMd1VQdjV3YkFMWF9ZUnBIdkRhc3RZT3VadGNNMTR1M18way1sTG1YWHB4enN0NFBCRURZMFJaUmhubDRXNmJTZHpCYUJlcFhmTHE1Sng2WFZsUTlSejRwbmIyT2JBUTN6NHlfRl8yc3MyWVlwTS1HNDZjaXVtMzVRQkw3dS13TlZCb05XNm15TGNYWWppSHVhYUhfMTZicGQyZ3d6WEpEajdMcm11UQ?oc=5","Bloomberg","Global","1782723221000"
"A lot of uncertainty' as Washington says US, Iran to resume talks","https://news.google.com/rss/articles/CBMiqgFBVV95cUxQQllKZDlzSVFudVl5Z0hZMFZBclh2QW5RRmJyaGdJTnh5V3lBNHFjZDJudHJXRkdEN25adks1TWo2bFVkQjZ6RzU1RUc0YTNqSHRjbG4yQlV4eG42Y2d6WGlKTnkyRTUwTGNhZ3NOcGRINEstd3lRa19kLXAtZXg5cnJHV19OZVdhRGJFeGV2Tnk3Rjltd0FTdnNLOHBzRklFMXFqRS1kLWxVdw?oc=5","France 24","Europe","1782722038000"
"Israel and Iran Have Divided Democrats and Republicans. Will They Ever Be the Same?","https://news.google.com/rss/articles/CBMimgFBVV95cUxQWF9mUDVuN1NxcXY4Qmo5QUY1MEs0bkxhU3BNbzhkWGpkcVc4LS1CVjZ3dUpCSVRTcjUxT09DbnN5MFRxZXF2a1RQNlluV3d1ODUxWjZHNm0ydk93NGhUSm9yNDdQM0RMSEhwcm0tT0FmbjllRkFYSlhPVlFjV0lSRzJkQnBfVmFZT1ByaUEwY2hvZUdZaHMwbHF3?oc=5","The New York Times","US","1782723769000"
"From Strait of Hormuz to World Cup stage, Iranians never back down or relinquish their rights","https://news.google.com/rss/articles/CBMiwwFBVV95cUxPVno0STFydnMtSE84QVNzMFlGdUJnUTRPUG1KT0hIMzZMNE5SRFlqQ3VBcEJDWlhid1pPRXpxTVdqNGpLVW9xMmNPMkF4YUNGZm1rN1FLQjZqM3lxRTBJQ1c3YXNoWXFndlJVYjNueWNVQlI2cEtVZjEwdG1VYzU1bEFsejVYN1BMYjlUMm8yYW91ZE9IVDBuYnpZaDBqdkRZZGxqUHUtZG5Vb29hY3loRFo4aUJJbEs4bUFxcUo1R281czA?oc=5","Press TV","Iran","1782724680000"
"Hormuz traffic drops after fresh vessel attacks fuel security concerns","https://news.google.com/rss/articles/CBMiqwFBVV95cUxPeS1wRzVkMGdKR1FUaUNqeGhHX2VBVlk4VFlxNGpuajBQR0dzUGNWcURMVFhuc3MzTGhCM1FwT0haWnhKMzdaUS1zZmZvMUJKWFVGOU12YUxPVkhzbGxmeTliX0IyV3ZFQ0FRQ1ZORlpBNW9BeGRKRTdoOHlGVlpVbjI5dlJpem5Kb0I2bXdTSEQ1OEVVQjBOMWh0QVNCdmFEWVo2T1RIcUdfcmvSAbMBQVVfeXFMUG9wc2NNWmlHNDA2dlFpaXJLWGhiZ3h1LUhCNkZkSk16Ml9ZeG5QeEtaUWFKOUJNM0tjQUc4cF9BSFhiVHNpSjdyVjE0c0Y1NTc2eHFRQVZpV2lNR1RYN2lxOVBsTUM2eW1xa1NYUHVWRm5EMEJLa0hUUUUtdG42QmtxZlVwcnFiR1dfODZsck5KcDY4N2E1UmVHMTBIbTdSRE93cWRDUjZpblg5Rk9zZWUtcDA?oc=5","The Express Tribune","Pakistan","1782724239000"
"Iran war latest: Tehran claims $6bn of frozen funds in Qatar to be released","https://news.google.com/rss/articles/CBMi2wFBVV95cUxNSUZ6WDhVTVhKM3RPaXRKUy1fM1NoX0pHZWVfV1pLT19vbGRfczVJLWE1OEZkUENVaXV4MkotekdpLWRMc3ctc0hvSkNkYndqMnJYVlJHTkFrNENVZnlMankzTkNzRW1VMV9TdnlTY1VpWnNiNVVCUkduNEo2RTEydDJ4OUszRTl0Ukl4TEhuRmxwV2t3TExHQzU4MlFoaWpYYTFVNzY4cXpOVkNsTHBVZzgtSUZDSFQ2dEI3bnUyS2tsWkZNM2xRYmJ5UmQ3N3dtUGJoZjRHckFsQTg?oc=5","The National","Arab","1782721875000"
"Dubai airport receives first flight from Tehran since end of war","https://news.google.com/rss/articles/CBMipAFBVV95cUxQaG1ma0VoZG9PWXp0OUJaNGJDYVFCT05vQXpmc3dfZ0JZMGdrcUJINE1aZVhmdUtjMUxPZnAtOUgzMzBDRFozTW1QZzJZUkhuaHNjSm80eVgxZVNnTU50LUttcWVncFpSdU9US0JYaE9FLWlnQmVaaWgtdEJkMDkteDItdjFyMlFyazJLdVdJNTgtQ2FxQk83SXJ5a2E0cndqMnotYQ?oc=5","The National","Arab","1782727024000"
"Iranian women scholars demand accountability for US-Israeli attacks","https://news.google.com/rss/articles/CBMisAFBVV95cUxNX21MaFdVdFFtYnlFNGdwZlFCUVAtMW13aHBJUGl2N3pLZ2FrVXpLaUVIb21YdXZnZzF5LWlHZ05JUG1POFU3OG1SazNSLTJzWUZaMXRLV0doZzh4cXY5WFBqWVVnTm52ZHFUOVU2bWhJaWI0NTBKOFpWTGJrNWJzck5QZkRfM0h6MlZvQ0FqQzAwVENNMXM4RUV5VUNuc2JNbG5pQnhHV0lMcUw1Y3E4eQ?oc=5","Press TV","Iran","1782725820000"
"‘Peace, Peace’: The Prophets’ Warning and the Deal with Tehran","https://news.google.com/rss/articles/CBMilAFBVV95cUxOSFBNbGg1N2NyZ1JiX2t6SnVVRWJXMU5CUmZDVV8zQUNJQlJyNlkwNjBLWnF1d2x3MUFuTUFvOWZld3pEYTRvQ0tjZkZXX2R3SWUtMmk0RDhMWXBYUElKbnZCX0d2N0tQOGdIWEZMRTlIZUZiZllXaEFTODlJUW96VnhFUnpZTWk4THRTaFVPbVJPc0xZ?oc=5","The Times of Israel","Israel","1782725640000"
"Iran’s president says $6 billion of Iranian assets in Qatar to be released","https://news.google.com/rss/articles/CBMiywFBVV95cUxQSi1tTUNoeGxsSlhSQUZTcXpaM3ZTUzZMQndaM2RJZHFMX2piOW5FUW9HcHBaY1pXYzBaaW0wdzVGeXJUSlhyM2padUVZeG10bTc3eVZ2dFQ2ZkNoeEg4bkptSHpreXZpUi02RllBbGhIWHVhVzQxV2ZwTUM2SG5uc2dlNm12blFGRVk3bmZaQWpDUk1DTkE3RzdkY3hmZ3JBRldUNXJ4X0hmb1VVVURBelJIQVlHQXF0ZmJHQlJpVmpEV3RRdUwwN21Bb9IB0AFBVV95cUxPdWlqUkpjRlJRemFOcWIyYmpuQWRUSkU0OHNPNW51ZC1OTEJOcURSQTVVMEZSZldHemlYb3dESTNGVGZsTktmdjN5SFhLaDBGSFBSdzNpbEJXS2NmZmJ5QVBHVWFVY2tBeU94NW1IM2JrdGxnQnJ6QTFyWnRSWWQ0TTZmT2s4LUdJRjNtOTVmbkc3Z1Zpd0pnOWtSSjRtTlN1VUVwSDE1TTJpdzl0UnRhYjhYYzJyeEpHa1djTTZ5ZFhjNUwyZC03dDc1a1FBZ2hG?oc=5","Al Arabiya","Arab","1782725160000"
"Bloomberg Daybreak: US-Iran Talks Continue","https://news.google.com/rss/articles/CBMingFBVV95cUxOV3BnMGtqTHRzUmJfUlFTWEFOYW83aFJ0bnBDTl9Sb2pkVmx2S3VxOXpxM3pOR0wtYnV3clBlTjdMcHR0aHhfUWVHNjE0c2dJNVB2aVZzVFd5UV9xcG1oZ3M1TUI1aWVTNkxwVWZ0WHVuOGx0UGlJaC1tMmlZc0FMRGwzRmdqLVhRd3FzWWM5UzFiakljOGJWTmVkUzJrZw?oc=5","Bloomberg","Global","1782727102000"
"Iran and US pause, America’s 250th and Latino voters","https://news.google.com/rss/articles/CBMikAFBVV95cUxOZDdveXNJX21jVjg4UXJUWFNpNXlfWmdRUlcybUVIZVhFV0hyMXV6X0NOaDF3V2RNMDVoWGFYS1M5d2hrdmVCWllXZkVZcnZJMjlCbWsweHptY3dkMUdVODI0Z1Z4b1NXOTktMlp1YkpudFZ1czJ5ZWpWaUtXb3Y5a2tOSkRsNFFBR2NNeDVTOUE?oc=5","Reuters","Global","1782726374000"
"S and Iran Agree to Halt Attacking Each Other, Oil Rises, More","https://news.google.com/rss/articles/CBMirAFBVV95cUxNaWoyd2pJeVEzdTU1aEhzblZoUlV0d21iVEx1YUtWNUlKbFpneXgxNlVuc0VHWjdGeGxCMzc4RTlOUXhrODZpRXpNaS1KSFFsQ24xTXZKcmhOazhNdGI0VkFMTFVFMC1mNnZ0WTd1RXdGc05uRldBczh2OFAyYlRSZ1FWUDR4QjEtcXJETEd4TERPaGpmVl9MbVpNZGRkQWV5T2dsZ0ttend0M3NP?oc=5","Bloomberg","Global","1782725408000"
"Sultan of Oman to meet France's Macron with spotlight on Strait of Hormuz","https://news.google.com/rss/articles/CBMitwFBVV95cUxOT21RYUQxV3o0Zk1SNmZFOHhRVVB0RUxjVUhYTms1XzhIdExRc0dLSmR4TFpoTmRTREQwbEZLaWlQY1VVTE9id2xzRDdmYnVGMEhhNGJvTTZJaklGbFJkS2hUM1N6aWMxc01OQjhUaWtlQVl1cmtTSkR4X002SWsyWklVOXdYMGlDdlZySFppT0h1X21PdDFWUGRNZXpWZmN4SFNCRXVMWnYyOWhnLWFYbEtpRmM4WG8?oc=5","France 24","Europe","1782724911000"
"US-Iran Agree to Stop Strikes, Stocks Lift and Oil Rises, More","https://news.google.com/rss/articles/CBMirAFBVV95cUxQNzBqbmhkZ2hqWFdTUG5FM1NQdURrbjdBTGJIa1BCanpXSFdQWHgtVjZWTkF5Q0RpVXVmOVlwTGtHTjc1OEJCbnBkdjZVSUp4aWhLcGVHenI0ZUFEOXgwZEc5VDR3bGdHR0xlTktPVGpDcnhqN0JzOXZWT3A3TTRvMURqX3p6cTctaTlCZ1YwMHo1NG5SS19XZ2tWcDY0YzdHVzlqYlZYOTJZczBx?oc=5","Bloomberg","Global","1782728585000"
"Video. No Iran-US escalation boosts hopes for diplomacy, analyst says","https://news.google.com/rss/articles/CBMipgFBVV95cUxNbVZvakM1WmVlSkdEblNmWEZ6Y1YyRk1nLUJPSmJidWRndlR0VFgxMTFZNTFVV1hXTjYyZlF3S0tZWUZwb0xqR2FzeXl5a2pPQTRXR3YtZGxPSVhLMG1YZUFpSWpkaE83cmVXLUZsZWJDYXVYZGptQmRtWkdkby1ITmdGUnF4TTZqOXE1dERmdkt1NHJHWDk4WmF4ZTlJQ2xaVWgzREdR?oc=5","Euronews","Europe","1782728408000"
"Iran and US pause, America's 250th and Latino voters","https://news.google.com/rss/articles/CBMiiwFBVV95cUxOVDZiZndrU2ZreHNKTWNPR3JnUnFUQjBOMmhiOVZaY1c5N3Q2Zy1mWHBDYkpBVGUwRnVZa3d1bXA4aW1yMlFLZktFbXh2VC05TzU0WV83eU1YRUVIV2x4Z3dVVjdCVnMyMnJCMnRLaERCVU53RXRXaElkNkxRYklxQUF5dTRsbDlzR3o0?oc=5","Reuters","Global","1782726300000"
"Monday briefing: Strait of Hormuz; Twain Prize; record heat forecast; American history quiz; and more","https://news.google.com/rss/articles/CBMiiAFBVV95cUxPTFV2aEdRTnBHam9TUlR5S2NyS2JQb1NiR19URy1hMS1GUmlNczdTSlg0R1EzeC1fX3dzVE15NWUxT1VUaEpwRjRyaDhjT3VVd01pWktuTnNpbFNJU0lkaGxqaXFEZ2EwaU9JN2dOU2NPR2RLbTg0T19YanhBNUNOaVpoZ0NmMFpZ?oc=5","The Washington Post","US","1782728774000"
"Opinion | Iran Knows How to Use Its Nuisance License","https://news.google.com/rss/articles/CBMimwFBVV95cUxOMzY3R0tWX0piRnk3aU5KaGJ6ZDlSel9lbVh4bE9JQklTa3l4enlZLUJYWnRCRWNWZGtGQlpoYVZpRWNpX2wxeUNoLTNpSHhYWlg5QWhscHNjWTF2VGljLVh0RE9Ua2dYVHk1NHR4eGVOTWtkd09zdzluS3Z6bTNOM0ZjWHVoU0F5Z3hKaDFnSjlhb001WUpDVjA1cw?oc=5","The Wall Street Journal","US","1782728160000"
"Iran's president says $6B in frozen assets in Qatar to be released as US talks challenged","https://news.google.com/rss/articles/CBMi1wFBVV95cUxPVXJTSzlIRVFDcmhuZ1gxQUI0OGZWdmhHVGJjZzI0bmZRWEZEMFRiNVMzRU9QS1lCVExmUmUxanZNazB1ZjVPR1RIc25IbDZQWEs5ZjlpbWoyMHhkSmRUMWxkYTR2Rm04aVFtNFRETVExdVJpMkhOUTVhV3R6dEs0RzdpNWRINXIxUk9WZTloVHZ1N3lMdWgzM2VjclFoT0dTSmJrVGlZMDh2LVM4QklxODBOUG9xNWx0OGxRSU9zYWp0dlZGem5tOFJVN2hQN1cyUzlJdTFfTQ?oc=5","The Washington Post","US","1782727646000"
"U.S. Treasury Yields Rise; Dollar Weakens on U.S.-Iran Diplomacy Hopes","https://news.google.com/rss/articles/CBMijgFBVV95cUxPOHlTU0xzR3ZBV3I5TjhIamI4RU5WZkQ2QVdiN2dsS2dlUkhuTWdPU2FPa2lZM1lkdE9MRTJEa0V5MUszOFh0ZEczNHJrN09kNTg2YVYweG1la0ZaY3NNZWsza0JBcmVNVDgzQk9GajEwekRRU1ltNzlVYmU4RGV5WWJLZWVCVC1fLUVaNU9R?oc=5","The Wall Street Journal","US","1782726960000"
"Iran denies that technical meeting with US expected in coming days","https://news.google.com/rss/articles/CBMisgFBVV95cUxPQzBkX3FRdjlUcFd3LVNvTHhvdVg4SUhFblVJZW1aVkFLTmcyMFAzVmZhNEExQ1hpdWowZXlfZ2dRd0VYbFBhVHBVeHZIVUZuQmxMT1g5ckh6RV8yQUk2V0dPdTNtYmxUOTRCSmlvbHVfSW5hNTFud1Y3SkVHRWxZNDdRNHF0RHhJRDc4S05EMFFzWmZ6WmNYV3ltajhCcW1RZmtBLUdJakhma09EQmtDSUpB?oc=5","The Times of Israel","Israel","1782728705000"
"Iran will seize American assets, claims human rights violations","https://news.google.com/rss/articles/CBMiakFVX3lxTE5XS3pKbzVob1Z5bDdaaC02TUxWZ3lJRWlRZ0ZHeWlvV3RFWm9MWG9WLVZ1V2RrakNCUkx1TzVIUzd2T2dua08zYXFpVjJFR3VOV2ZFSWtJN2czRUY3QVJLcmp4S0pBanBYUVE?oc=5","The Jerusalem Post","Israel","1782728628000"
"No Cease-fire In Cyberspace': Iranian Cyberattacks on Israel Surged Since War, Cyber Chief Says","https://news.google.com/rss/articles/CBMikgJBVV95cUxNeVFvMWx4dTd0T3ZWaUQ4UWV6aWg3c0dNTmZpQ3RmczdJSkF2TFRzeE5GVno3bWlvQWQ1dk1PZWZXX0pKUUdoa0VEVmF1OGN3cU1fcjJnZlhaV0FRQTJkZ3g3by1xNkNUalNqdGNkQVQ3T2FPUnJINTFZY2d5RmtNeEdqNmhLbjZ3bmloT3lDVlFNRlFScDNYckNrR3hXTk4zNDRtSURHQ1ZaaklHU05TblpiRjVwS1RRakNjWmFac2wwbWxyNjM0TlNyN2Nsb0Z6US10SGxjYk55TGV3LTVGandEZUZ5T3d2aURHTXR3V241UnF5REpNY3Rqb1BDc1FDOGhxUDlzMVJhMGI5dFBVRGNR?oc=5","Haaretz","Israel","1782728400000"
"Former US Admiral says Iran ceasefire has resolved none of the underlying threat","https://news.google.com/rss/articles/CBMiV0FVX3lxTE5XU1JicFg0NVowNzR5MXJ6M3lIclZzcVNmT0RjZWFtblZfeGR3S2NfUHJ4Q2JnNHlMSVNqNHh5N0lXazFOVWhyOWJaSmJqVkRXYTRBcW1jaw?oc=5","The Jerusalem Post","Israel","1782727683000"
"Handmade pitch brings World Cup match to life for Iranian boy","https://news.google.com/rss/articles/CBMifEFVX3lxTE55bHhDdkxocnN5SU9RQ09Ic1BpOVJPMklNb2p4Z2lfcmp5RDFVYVpkMzY4Qk5jSlVsUHVOVVF3MnZGZ1ZYZnRLcmlleGpaQ2xQYjBpLTluOUF3Wm5VNkRySklwaWNYYmJqaGFXY0h0NXJUbzN4ZEt0Umt4Ulk?oc=5","Xinhua","China","1782727337000"
"Flash: Iranian deputy FM says technical working group meetings not scheduled for this week -- media","https://news.google.com/rss/articles/CBMifEFVX3lxTE43eHVoUG9lU3pQTU16bGNCSy1qcnBVOFBQN25oSElmLXN2SllEWmlkU2k2RHFQdGlJMW9SMmxReEcwd2x5QklSUzc1YjB4ZER2c3RXeFk5Q09WRjRsOHJ6RE5GZUFCZzNVWllFRXBSZWZ1S1R0c2FXbGhQcTY?oc=5","Xinhua","China","1782727275000"
"‘Tit-for-tat US-Iran attacks appear to be over’","https://news.google.com/rss/articles/CBMilgFBVV95cUxOS0JaWER1R3NSeFF1c0xDd0FjRkUtTVpqYnJrcGJmdUNwTDlHS3ZIM1ctTlR3ZlhpZ205TUtOT0NTVFlBblQ0NDZubmpfcUNUUENWa3FaQzdaRFZXUnBYMUdJVnAtc0Eza0UtX0tPUlZBQThkS1RyZjlncmpFRXRGeVdQQS1kckdHRHF3VzA3a3FiSE5NTmfSAZsBQVVfeXFMTlplVHdWdFY3cjRhNU9zVkZ6Vlh4dGQwSFZuTFZSTnhzeUZvRmxwb3k4T2ZKYzNTMU5iSjViRndSekRfQ1Y1QzZyYXdaVmJ5dzFIZE9jVngtUTVJRVNjTkRvVnBjWGE1VnEzemUyb1E0eWJuSEJreVJSMzdhM1FDblo3TXRfbkY2OUs3MjZheHN1eVJnaHg0b05ZQjQ?oc=5","Al Jazeera","Arab","1782727125000"
"Iran and US agree to halt attacks and renew talks, US official says","https://news.google.com/rss/articles/CBMiqAFBVV95cUxQaGZFbHVRbXJBODJLdEVYbHduVTRXQ3ZfQTNPQ3BHemVjMWFKWTJseVoyb1pxMjBkYVRpaDdwSVFfVnVFbGtBYlc0UWIxWjc1ZFlSc0lobmN2R0RoUFBYSzZrN3JCdE8tXzZ3Zk82NlpGYjFNUTZESUJxdmV0aWc5bm9TS3FQZV9UU1VDU095bjV4T0RhTy1FOE1NN3ZpemwtWHQ2bm92RXLSAbABQVVfeXFMUEF1TXZEY2Rremw2TUhDNTFGcVByMmlScWtMem1ubGpaWVg5YzZScEZXTEtyODVyRlVtbU5BOU1RWVBMck9SMmh5WWM4UlJyeDNMQ19FYUlXcXZVZmpFdjk1b1JqcF9fNWJYOVpGeHhVOFdXSlpkNi1VSE5SRXNxY3RXU25BblgxMFlRLU4xb3k0T29hZzRoYVlKTmsyZXRMdUU2cW5neWNhQTdrNy1UN1U?oc=5","The Express Tribune","Pakistan","1782730464000"
"Iran, US to conduct peace talks in Qatar, aim to reopen Strait of Hormuz","https://news.google.com/rss/articles/CBMiakFVX3lxTE5UdkFDZlVFWlcxcDg4TnhyTnlsU0VmRHhjSVJXdHpCcUpGRWdhemRkcnZWNlJFYUtRM2ZORnBHOS1uajF5OHNhSkxyZHRiLTM3X2JmaUljcmUzQnpSdmFWX1k5cVJVZlhNZlE?oc=5","The Jerusalem Post","Israel","1782730223000"
"Pezeshkian: Iran to recover $6 billion in frozen Qatar funds under Islamabad MoU","https://news.google.com/rss/articles/CBMigwFBVV95cUxPcld0ekVXZVlEZ2FGb2sxQnRFc3ZrM093Q0xka3p5QUN1T3BsemRhUTRZOUdrclloZkJSRUU4MVJLa0VBOXZwQTcwVFJiR1FlUk5qRVRScG1ObTEwSWtscWFwdllRRHQ1aHc0bnNXVk5SWXZoVHItV054eFJValcxNTRTMA?oc=5","Press TV","Iran","1782729420000"
"Iran says no technical meeting expected with US in coming days","https://news.google.com/rss/articles/CBMibkFVX3lxTE5fYldxbXJMTmFLZHdUd3pIZDZxMUlldGZsVy1yMV80U0U5X2lIMjd2bTgtbTBoQnZ2RmtDZFFwMmRLN2NOdGYtdDFpcjg2Q280aWk2NVZNLW9oX1hQa2h2WFlJc2x1eEwxbDFhUlln?oc=5","CGTN","China","1782728009000"
"US and Iran Agree to Halt Attacking Each Other Ahead of Talks","https://news.google.com/rss/articles/CBMitgFBVV95cUxQVkdsUmE0MzVyQVI0YzRRQXlVMTNrdGtUdEpSVi1BOEd5SkhuNFdzOWdQTzl4MlM5cVBBU24yb2hWSzNvV09UaENxN0lGZ2FBb3phNmtwOFQ5cE9rakpkc1lSQ3N5SDk5R1hSWXhEc2tNV2FUZ0Q2TUVFMV93Rk0ydzVfZERiNXVLVWhLMEtkUDY2RGhOZktTcmNxRl9OWXhVX21lNEtOTjNzdWptQnBJaEo3QlRWZw?oc=5","Bloomberg","Global","1782730169000"
"Mediators set up de-escalation channels ahead of US-Iran talks, source says","https://news.google.com/rss/articles/CBMiwwFBVV95cUxPamkzUTk4cHJ6Z1BfZm5Zc2FIX2cwaUNBVGd5dGZLenN5bjdsV2RqamY3NXhna0NpZjdiSDBobnpYNHpJaExjcWdOUWtteTdPNkd3ckJ1d0lEWFVkTlpueHlBRTV0b0lWLXVmbkxBenBKbGtmMFRKZGl4amxmcXU3RmV2ZGtIRHBoUzNoUl9mYzdpZHJwclRzNkNTNjJtYm8xbEkzcUowbnBaVWxCT2JXWEFVUlRyUkl1aDZpekJ4SlZjVFk?oc=5","Reuters","Global","1782729343000"
"Iran Enjoys a Nuisance License","https://news.google.com/rss/articles/CBMiiwFBVV95cUxNNndJMTc2b3BXb0h0WTQ0M3dqTXA4X0lYbVNoWUQtMUh5cy0yMkhwdEpRWmx5RXRLSnpmdjc5TUMxTGNUd0s5dHlseGg1UUNlZnFrT2RsQXhOVy1SbUtPSHB6bVRXaVdWMW9xSlpHZ0tZcDdyaGU3RU1lazhFSHFGbFhWWTdnTEpYemYw?oc=5","The Wall Street Journal","US","1782730200000"
"5 things to know for June 29: Heat wave, Venezuela earthquakes, Strait of Hormuz, World Cup viewership, stock market","https://news.google.com/rss/articles/CBMi3gFBVV95cUxPUVBGaVVVU1NyQkEzVjhIYU9qMEtJc1JpVF9YejYwdVRTQ2Y1VHA1TXF6QVh0SEpaSnpOUkFlX09aamdkNEtBTUs0Y19OOF9FVWNPWFZIams1Ml83TDdVTndJaVpIbm5WVWQybXJPT0IwcmpIU0VUUlhockJtelBhczVjQXhGZFViSXRvSG11Mmd6ejVxd1NZOGpLRlhiNE9GVGx3ZFU1ZkdZeWtmOXduRm9pcGRMYXFEdkxNX2xzYTdsdkRabXVVS2cxdFlPb3JnZ2VBcVI0bllENXJFbXc?oc=5","CNN","US","1782729739000"
"Technical talks between US, Iran will proceed after strikes","https://news.google.com/rss/articles/CBMiVkFVX3lxTE4tLVpLZHJPZFV4bnhCeW90a3huVHJ2Z3JsYVpPVzM3ZVhjU1g5YndXWlJPZnpGaW5uUDVrY2xKQUp1S29raktpaUU1YUtnUDNWVGgyVmJ3?oc=5","Fox News","US","1782729325000"
"UK Growth Outlook Brightens After US-Iran Truce Lowers Oil Costs","https://news.google.com/rss/articles/CBMi0gFBVV95cUxORzZtQ1poWl9OUm5VdzhvT2FyUDNEbWQ0WjRfVlVGY0Z2dERyYmF0NVlIMVVPQzdhbjl6OU9RcGluQzd6cE1NZmRheVBuUHpUQVkxb0pvcnp1bFpnZG4zNHNfOFdPYlJ0REMyejRKQWY5Q0VUeklpYkxPcXBEZlVXUEg0alpxZ2ppazd5S2hWd3FSWlJxdXg5TXRuUUx5MmdTMmYxODZ1N25MXzNuTldlZ193N3JBUXlzcG9JWnNsMTJqQ3FSOENZSXBCSVpsa1VKNEE?oc=5","Bloomberg","Global","1782731906000"
"Strait of Hormuz Flare-Ups Amplify US-Iran Risks","https://news.google.com/rss/articles/CBMi0gFBVV95cUxQNVdYTjZVaWVvLWJaMVZmSzIycHpaVW9qdTFaWGJsa0xXT1NRbnFKMmFjbDZaUnhZVEF2QVBJV25mM3YzNGhiWm4weUZvY3FLc2RIZFV5VlFsNEExdWFKaHlwWnZNX2o0elFXNjNjb0NCMTJYSzh2SVBIRjJVNkpQRlRmMGFXbXVXdm1jc2RkbjZQcEtsbnJlR3F6dUxtSXlWX3BrZTlkYjZTQ0sxQlRDY3ZOcnhJeDVGVzBQWWg3bkQ5RFdTVG9HRVM0WmpJS3diZFE?oc=5","Bloomberg","Global","1782731604000"
"Iran says $6B in assets to be released, fact checking Trump’s claims on birthright citizenship","https://news.google.com/rss/articles/CBMiZkFVX3lxTE82RUFrZ0N5NUc1ODY2eUI1ZDAydGpMeGh5NVpEYldLMU4xQUxuUktHUUFzQkNMVjA4NS10YTBZeEw4bjNiZXdxSWNzY25VQU9MZFY4eW8xMVRnQnVjZDg1SXZKZDNsUQ?oc=5","Associated Press","Global","1782731280000"
"Oil Prices Rise as U.S. and Iran Discuss Deal to Suspend Attacks in Gulf","https://news.google.com/rss/articles/CBMidkFVX3lxTFB0azJlM0sxUTQ0ZTdNWWtDdWR4bUZXX2NQYnEwNjctS3M3dnpLM1N0U2Z0Q3NFNGt0a2pNcXdVcTYzU2tCNzlsZnNSV2JYbVdJb2RCN3ZudWE5Y25kU2Rjb3NEQkNxaC05OWUwMkI1SEhWWGJ2SUE?oc=5","The New York Times","US","1782730524000"
"Vance Vs Rubio: Is Team Trump divided on Iran and Lebanon?","https://news.google.com/rss/articles/CBMingFBVV95cUxOMnhlT19GaHVXcEFGOW80dXlaeG1pX09UMDZQMjJZOVBxajFNNkQyOXhaM3FVUEh6djV1OFcxRUE4Q0p2eFMzalRqbGdIbkFYVld0d0NQVjJsM0J2OWR5U3NKWkhXYy1jTWxGRm0wVG1QSDRKZjVLR3JHUGQtakJsRTNseHlDVUNDaFpEY1dvbTFuR0VSclJyVEFOc1EyUdIBowFBVV95cUxNcnUzX0pnS0t2TEF0OFZ3OHZJZWdySmZhczVqRlNoTTdfV1pNUWtscHNTdjRFekpOQmZkUVYzUTFmTGNucWtYYnlFbXpHSzNxVnZmckN3RlhReXVwcUJDQ0JyVXRuUnBhVE9vR2ZyZjRxbWN1eHhBUVFDa3QtOEpxYjVoeklZU0tOUUphekFRUHNhc0lrWHpaOEFlWWVOc05XWXBn?oc=5","Al Jazeera","Arab","1782731341000"
"Fact check: Viral video does not show Iran's attack on US Fifth Fleet in Bahrain","https://news.google.com/rss/articles/CBMitgFBVV95cUxOdXVNcV9pM0JwX3lFa2N2UENBVGg4bEQ2WWYtckQ3Z1d6OWt0bTdBbGM3SkVjcUlKdExoX2V5TDIzYUV1TXIwaE1VMlFOMmtKY2hxNDBvUzJNb0lyNWlON21qRjZXX3d4MHVvblZzejZNNURxWWVPTWM3NE42dWNwTjFtU2VaVW1OWFVNWXd0RDh3Z1Q5TXJ4QWZmMEZQNWVFMFdwajFHM1ZwOTYxeXFLZk1Xd0F1QQ?oc=5","The Express Tribune","Pakistan","1782731025000"
"Iran Says No Technical Meeting Expected with US in Coming Days","https://news.google.com/rss/articles/CBMimwFBVV95cUxPeHF6UGRkUjdzUGFkRUhVM1dRSnlRdDBfSlhxOEtuRnhLMHlwbDB6TVA2UEV5VU5kckp3ZlU3N05YbWhEWWp3V3dLbWxwd1JLM2QzVE5yTnB4emJUTmJ2cDR0QnZzTndSMTFaajUwajZFZ1pYdkw3bjR5N3NWbkliVGpZQlVOSFlqU25kdDVZVWNFM05HcDA5SUdTdw?oc=5","Asharq Al-Awsat","Arab","1782730972000"
"US-Iran-Lebanon coordination plan sidelines Israel in Hezbollah conflict","https://news.google.com/rss/articles/CBMiV0FVX3lxTE5VTXhHRmlycWp2SDBhQmwyT2VoY0o2WFZlZmp0dmxNX19abk5fZXZidEtObVQ4M2JraTdKT2FPdTdXVU92V181a2dFZ3pUZVlCbGdLSU5MNA?oc=5","The Jerusalem Post","Israel","1782730800000"
"IRGC downplays Pezeshkian claim of 20 m. oil barrels allocated for war effort","https://news.google.com/rss/articles/CBMiakFVX3lxTFBkenJKMXZGd0JWQ3lfVUE5UUlKbkFuSGlIZ1JLdFB5OExSYmp3S1k4SThWR2liOWQ0di1pbUk2eG1JWHJqNmxXQVBkenFZMnh5eTlXY0tlQzdoSFFOVmQ4bDNRa1FnR1NiRFE?oc=5","The Jerusalem Post","Israel","1782734319000"
"Trump: ‘Iran has requested a meeting. It will take place tomorrow in Doha!’","https://news.google.com/rss/articles/CBMitwFBVV95cUxPZUVKZ3RQU3owZ2pVRkhBeklGc2c4V0VaQlpHMUpic0R3UGZXb0tDb0tIaWUzeXdTNmtiMUVFWDk1OTJCbzlpWjJ3cV9CUjVtYklZWDU2Y01qZ2Roa1Z2VG12T3E3Nzg4OF8yc1BkaVZLQ2Y2TFJNc1BGamxKWUttVGtGX0RwaGJtY3lJVkR0aXpSSG05ZzBEWXVpeUoybVVFRFVxTEZVdl9FMWFpS3NEeUtVSHpqcms?oc=5","The Times of Israel","Israel","1782734100000"
"Iran says 'no technical talks' with US this week in Doha","https://news.google.com/rss/articles/CBMilgFBVV95cUxPdzR2R2tDSzJueDBZUkxMR0RiZ2o0cTBhRUcyeTh1c0YzRjBoNFc0aHVYVllCY24ycF9Dbkx6WHJjYnFWc0RrZXI1d0hvQ0h2VGZpb0dKWkR6eXZOTTI1eTNCdWJRYjRNX1dlRTNTYzQ5UUxGbFAwV1hSb3V6OGJaR1RiR1BrLVcxMFo4eGhZcmQ4RG1KdVHSAZ4BQVVfeXFMTUlWVGR3ZkxfQVBVQVlhU0M1S2NfYXV5Z0kxNTZCVUg0THJrYTJ2bGJfT2lMNmhRZ3ZiTGJqUTJRejRlZUxFQm5jTlkyVnQyS3Jsc2J4MEFNd3VLZUdHSGMwcGoyblZnbXFhbU5XS1RXQWFwQ21WNS01eFVJRnI5RVhiM0lJNWEwMTRKOFhHQ0VyOFFUS1lKS0FyM0tPVFE?oc=5","The Express Tribune","Pakistan","1782733725000"
"Trump says Iran meeting to be held Tuesday in Doha","https://news.google.com/rss/articles/CBMirAFBVV95cUxPZnBxRGNJeXlnekRJell4X0xtLXF6U1JIMGNYaHFyZldHdHVBTEdiRGR3MzJsMWxDd25KZ2YyclRaZ1FJMVZSVEdiZldrM3dtTV9WbGJZa1k0UTZvbHpMVzYwSldIbzhNTFZsdHBfanNxcXJOZUdrcDFvRHktMUhLOWRVMkI1X25hSWIzLWtTUHgtNXJ1SmkwUmV2TzZDeXh2RVdIS1Zmd1o3eHhq0gGyAUFVX3lxTE1PTmpwQ3pZQTZ5MmxqUWx6R0ZFSWpyQmpVT01JVUU1S1oyNm13VjlRX0RvTWY4SEZqLWg1bmk2d3dqNFJYR1FhbDFLOU9DZHdIRXBYNmFDNzktdS1oMkpKSEVZTllZS0s0VzNSWENQTUJVU1QzaXRSNVYzcm4zMzQxZVpHNEdPMTZXN216bk8yeC1OTFVGRlVPenFSOExUdTBJV1U2eDhtbk5Ca0FXdExYbUE?oc=5","Al Arabiya","Arab","1782733200000"
"Flash: Trump says Iran has requested a meeting in Doha on Tuesday","https://news.google.com/rss/articles/CBMifEFVX3lxTE9sT010eFBjaHNLTG9sSGxDQ2JyT1AzTWdwX210RXU4dHVzYWlwelBjUUpSWmNjTkw3S3BlUjR6bHg2b2luMmcxZExsSDFpMnNZV3k3OFp0NVgzVVRxRWpsdHNqWmpzVGQxOTAzckp2UVpwWXFpaUVWbzhKZFc?oc=5","Xinhua","China","1782733170000"
"Explainer: Will sporadic U.S.-Iran clashes derail fragile truce?","https://news.google.com/rss/articles/CBMifEFVX3lxTE9JTjQ2dzFfcUs2UEhyUElTbTNSUGpKYzY5MUl3TDNSeWxxd0dJSU5MN0l0UDNxclZ4bTRIQWJNLWI4V0V3ZFdCam1zalZLWTdwSHN5eU5VQ1B0dnpnX2pDQXpDZjBXWUJXS1Y1cHJBcHF6Rm9VdU1ESjd0UEU?oc=5","Xinhua","China","1782733155000"
"The Iranian military only allows ships to pass through the Strait of Hormuz via the route south of Larak Island - reports","https://news.google.com/rss/articles/CBMibkFVX3lxTE05NFNGVFk1WV9fb29acXZsRktQcnVGVmFJQWlkS0ktVHZzRmRDanc0ODFmVTlyQVF3SW9Ic3cxRDBJQmhIZDhnWnpzZVNRQWttWEs5eE1ack5uTjdubnEtRzBqNzlxWEZaTEh5N3Jn?oc=5","CGTN","China","1782733039000"
"IRAN HAS REQUESTED A MEETING. IT WILL TAKE PLACE TOMORROW IN DOHA! President DJT","https://news.google.com/rss/articles/CBMibkFVX3lxTE42QUptd1N1VS02cC1teWQ4NmR6YXh0LVFoSnhGeld1NmxxNXI2LUx1TkljM2lkQmh3a1otdWlDdnpYUGZXMTQyN2steEJYV0JRLVBjZVJDVnhlN25WUzFobVd4VkJ3bFEwOUJZU09B?oc=5","CGTN","China","1782732690000"
"Delivery drivers, unsung heroes who kept Qatar going during Iran war","https://news.google.com/rss/articles/CBMisgFBVV95cUxPM3gwbkdKeFdCTnlTcm9PVnBjbzMtMHZSam5uWGhpTWdtUDMtcVdmLWtrUDEwb1VtREFZUDhUb1d2U0JrWEZ5T3dFc3BzMVJOTlRNOW9VOEpqWGI0U250VG1DdkFXYUFxMWZTRV9BeHV5Y25uLV91bTZlM3RTM0ZMcVhGQTl4NHg1S1lkbGowakZDSWIyODJGakdsQlI2UGd5U0FsLXhHeEFPRVVqaUk5YXJB?oc=5","Euronews","Europe","1782734415000"
"Trump Says Iran Meeting Planned, Comcast Spin Off, More","https://news.google.com/rss/articles/CBMixwFBVV95cUxNV3dCUF9oSVJXOWs2a19LdW50Vnd6TzJwcWRqNUJFdFdLbzQwU2pNTnVHUXV6RkxjaUsyQUNJSEotV2VrRG9jdEVkRHNKUkhGNnB4TXBUQk5Ic0xsZERNcXA2MzRNX09QcXZ6c2ZMOV82WHZ5dDFnWGRqSzNDdks3cGZEMUhoLXcyd05uZGlENHVucDA5aEFVMzBINDMzdk42OFdRQXRwdkNJZGU0VWUwbVNsakZPc1FuVTR1eWJEOEhudi1yS0lV?oc=5","Bloomberg","Global","1782733881000"
"Hormuz Recovery Hits a Bumpy Patch After Fresh Attacks on Ships","https://news.google.com/rss/articles/CBMivwFBVV95cUxQNFVEVVd4aFdyODRPLXdUZzVvQWlrLUNFcnpSbWlWQlRSN1dBeXZHQWlKeFRaQVNlcWtqZEN0S21Pb1Vtdjhfd2tJcHp2Vm45Mlk0YnE2bnVCMWVuTVFjRnpPQWN3MTdSNzdUeEUwRHhBZ2ZNYnNfeE80YWVpZ09IYklDYnUtYUdyUHZMWVZQQVhKNXIyYXljZ2diNnBKcnJRUGpuOGJYRUpBVDh0QXpnVWU3bEMzcVFTWFhidnNWdw?oc=5","Bloomberg","Global","1782733515000"
"US, Iran agree to halt strikes but broader talks pending","https://news.google.com/rss/articles/CBMinwFBVV95cUxPNlh6d3pDMF8yNjlacUNlOWNDQVZQRUo0NzBKRnVWQkJCLXNvRWRkTzFmSDVISUNwZlZqcEdLcmpFVE51aFBzZWpFdHJZYW1DTmlReDdnb0xYTFp1UDZZLUlpejZFajdGWEJ4TUR4eGZ1QjdORnIyLW1uU1Z5QjNmZnc4dmwyd2NLMXBCZm5CWno5UTR6YzhGUjBaTEpxUms?oc=5","DW","Europe","1782733050000"
"UK Growth Outlook Brightens After US-Iran Truce Lowers Oil Costs","https://news.google.com/rss/articles/CBMi0gFBVV95cUxPbVQ0a29LLWpiTldEbGc1RDZMMVdaSzkxbTFNclFwVjlHWWo1V3Z4TnNMX2tLN21JZm9tdWRKTlBwTDU0ZXkxMTVVbUlxaXpzTk1YRWtuVUlvSDVSc2d4LUNCT252WktvNU0zWW9iaVhEay00dGNXY1pLTmtNdk1NWU5sdTBWMV9IQkdEZksxX1g5ckFBa2lpTlExOHRMQ3dvTVBuWkFiWFE1cHdGbm9QSmExZGxyanI5NnI5ZnlFRjQwZE1OQU1NSktDRWZIc0dJZmc?oc=5","Bloomberg","Global","1782731906000"
"Ships Pull Back Amid Heightened Risk From U.S.-Iran Strikes","https://news.google.com/rss/articles/CBMijAFBVV95cUxQMVpLSXJnM0gxVVF5Um5raVAzNVVkdGdTRVRqallDVjBXYlhMWGZiTWdhTUdHWWY0enFRcHYwbkRjLXBTQV8zdEdVTjFUTGU1LWdJZTZjd3RNSko4NDAxdWFHVkZqZDlETGF6RjZSM21ITWs5akYwZU5XelYzSklIYXliRW5IN1JZVWdZeg?oc=5","The New York Times","US","1782733616000"
"Trump’s flimsy Iran deal comes back to haunt him","https://news.google.com/rss/articles/CBMimwFBVV95cUxOU3Q0VTVuZkVubS1CS2xXYThua1JqcUJMUlRpVUhUZFhwa2lXVmlFUjA2dVE0RkltWThIRDBIY0RyNXpaVUVCWVdZZXlockp3WV9CZnBaXzBHYS1PXzFlRGhiNHBwazJ4aDF0RE11dndzT2VsdC1VVDF1LTdqS09lWGxUUE8xc3NtWnc0eEkxSTVTQXU1S1Z1YmJ4SQ?oc=5","The Telegraph","UK","1782733500000"
"US, Iran to move forward with talks despite escalation","https://news.google.com/rss/articles/CBMiVkFVX3lxTFBndDl5NTBoWkJmZXYydFZqbFcwRFU2d1lXNDJWbTBic1Q4dmhlUHA2dXo2THF4UVJEVWdHbU1ZZVFMU2p1VzZFb09YbE16RFoydGptT0R3?oc=5","Fox News","US","1782735993000"
"US peace talks with Iran are set to resume – here’s when and where","https://news.google.com/rss/articles/CBMiiwFBVV95cUxOQ0F2SzhNQlJaZFAtN3FER3FwNDlkYU1zenNTUlhic0NQem1XTWY3Y3lBa05VMW1QeXkyajhDRmhzcWx3ZzlROUplUTR6bWVlTHVZLUkwY3VyWVRYdGNrcWtGdE5MbzdXbVdEZ0ZxT0xuaDF1NnZnQmtzcGNaQlNoRThsbG5zaEREMlNF?oc=5","The Independent","UK","1782735420000"
"Hormuz traffic drops after Saturday strike on vessel","https://news.google.com/rss/articles/CBMinwFBVV95cUxNN0RnRl9vOC1ZaC1QNlNMWUh3RklrN0VDZzZvaWlTN0puenlESGl4TVZGRzZHUWhqeE1LTlBXN2pyR0kzQ2VIRWlaUXhzZHh4Nk0tRzZBTUFPaUJoRHB6MVlRY1drQzdKdWlWYXJPSTRNaGFFNnpoQmFNazZjUmRPN3VpbkloOUJacERXZ3NrTHZUNkstbzJIdWlBRmJkS2s?oc=5","The Times of Israel","Israel","1782735618000"
"Iranian president says $6 billion in frozen assets held in Qatar to be released","https://news.google.com/rss/articles/CBMivgFBVV95cUxPS3FPSmRxdC05TUVWYkJtZnBlVHJkaGhGWkxXVHdBR1ZfelRUQXFCcEtnU2JHNW1TV1dRZUhIUlpaQTU4SkZjc05ucTZSZUMzSW9WdW9WY0hqQjBudERPZzFlcVpVQ3NvQXMxTUdLZ1poWW1sc0pSV19tcWFPWnFva1ZSX3JKSWdtN1FYbmlsaGRvSmhZQlQ4OWFDMEhjd25WOVdfMklzcE1ielJwOWdHNUFiVjhjeFFUZmROWGhR?oc=5","CGTN","China","1782734383000"
"Urgent: Trump says Iran requested a meeting in Doha on Tuesday, Iran says no meeting soon","https://news.google.com/rss/articles/CBMifEFVX3lxTE5UTWZQMXMybnNfTUNjamQyMXcwVldiMlBXeENHQzl4RFlfMzd3NG5UdktUVVVwcGZhYkRQeGNJalFFcTJCakRiOUQyb0ZzQnZkR3B3eGxZdmdlSVhKOEctNDhadlRtell0bUlVYTh6ZkZ0NW1ydjREZlRLaXg?oc=5","Xinhua","China","1782734175000"
"Meeting between US, Iran will take place tomorrow in Doha: Trump","https://news.google.com/rss/articles/CBMinAFBVV95cUxPNzNjRVFtN2lGbHhkYjFub0hDUEpqU0VIU3h6WEJDNGJzNHB2UHZQOXpFQzRvczhibVN1aFk3eGdET0JwM21KTVBFUFVZMUxsZ3FfVnB3YXhpRkhGajZrOUVGdVFCRWdQZkI5WU9WYVFNbzROb2pYYW1ZTXpTNUVMc2c5YWdMRHN6a3lQdU01SER4b2tPR1gzcHU4Q2U?oc=5","Dawn","Pakistan","1782733026000"
"Trump envoys Witkoff, Kushner to attend Iran talks in Doha","https://news.google.com/rss/articles/CBMiX0FVX3lxTFBkWV9XSk5OWjZBYmZpTUtiQ2l0dkNhUWRjS2dfNF84Wkwxb1h3U3B0dUhYTG40NlYxSTZ0dUVJTnBBSGppMzVfMlh0V084dTBkT3pldW1hZUgzN0lwRkxj?oc=5","The Jerusalem Post","Israel","1782737082000"
"Witkoff, Kushner to attend meeting with Iran, White House says","https://news.google.com/rss/articles/CBMiqgFBVV95cUxONWtIdmxRaWhGZmhyOE81UEE5M1V4MzBRN29xckppQXdkcFBSVC1OSndVaFZJTmRSV3g0M0VyeGhqc1MzSEptZ1QtcUdYX2hwcVVKWWFERUdwc0R3ajRQdk55ZGFMRHZDUXVmYW5iMlY5SGE1N2doeWlDLTZIV2xCa0RfaElwOVlGd280SGNEWGtyU21uRTNsdFBmTFIwT2NHU2Zwc3l5dVp3dw?oc=5","The Times of Israel","Israel","1782736505000"
"Trump Says US and Iran Set for Fresh Talks, Comcast Plans to Spin Off NBCUniversal, More","https://news.google.com/rss/articles/CBMiqwFBVV95cUxQQmRYZXBZT2dEWUcwYThoSTNFVDNSZGk0WV9wVllwT1d4dWVFUVhyR3NsV1BaT2dnWk5qZ1ZIaGhuQmMwWjVjbVJvdzB3MVNMdnhwc21yZUhTc1RsZXJUZmwwUGRZdTZrR0lzQW5fdG9mSW9Bd0dzckRMZzBkMlNtbGg4VHBLTjFyZnFuMlkwTW1ScGFGRXhMSUpLZ3NSRlpyZnluS25waERkMmc?oc=5","Bloomberg","Global","1782738094000"
"US Futures Up as Dip Buyers Lift Tech, US-Iran Hostilities Fade","https://news.google.com/rss/articles/CBMiswFBVV95cUxOaklrdnRKaWQxOUhlYWtQYXA3THVzQXVDQ3lMcDlJeGxPQVFoVE1rYl8tbFBUWjg2RHdVV3kwcXRvN25SSFc4bktwU3hnWE9PUTQtV1Bpak1iOU1KU1lNc3FfMlpFczRsM2lJVlhodkt1T2gwRUVvODJZc0ZxdUZNNktraTJHMTdXNDczV18tM2NUbWtUS3BIdmdESDhoUUVJTkMzbkt3UktxUWFhV1M5Ul9RNA?oc=5","Bloomberg","Global","1782737387000"
"Wall St set to climb as US, Iran halt attacks; Comcast surges on spin-off plan","https://news.google.com/rss/articles/CBMiqAFBVV95cUxQbGhfTkRBNnFnWmRfbmpsUFZjNHByR1hpUHhzMU12ZEhnQmx0cmk5bkpneU9CdmI1X01JVl9qMXZoWEg4X0dOV1Q5QnduaFJSSXB2eTRMM0l3TUQ0RGU3RzRma0V4MGd0XzhHWU5INzdSMkp0NG51QUc4OWg4T09YUGJ4OGUtVGo3Vm5wN09lbEJ3RTZSeWc1Q0dhWTZZYU42VlhkRVZ0dlk?oc=5","Reuters","Global","1782736993000"
"U.S. says Trump envoys Kushner and Witkoff will travel for Iran meeting in Doha","https://news.google.com/rss/articles/CBMivAFBVV95cUxOZWlTN0M4a0lya0J1UmV6eHppZW4wVjJFMjlVcWNZU0o5bHQ1OGhfdnZDcGJOU3ZEYlF1Ylh5aTlHcXpBeDgtdTdMeFZBQkNfdlUxUWhZOGxyS3l1R0JZMmxyaG10LXc2TEVQRjU5anpxR0RVYS1zRnpZRWZaN25lT1lCRTZ6cWlEM0U1YmhLdHRmSzB3T2VvTktjYVdvTC1VUmhGTUxqYko3N1V5R2xPQW9BdzVhaTV4VzZpRg?oc=5","Reuters","Global","1782736827000"
"The Latest: Trump says Iran wants a meeting. Tehran says nothing’s scheduled","https://news.google.com/rss/articles/CBMiowFBVV95cUxQU1VqNUo0MUI3bVFjekYwY2NlcUxSZmoxOTEtUnkzdjRjUmRRRmRpRzZnbzc3aDFjYlBXN3hwRktBTW5Sb0tLYXJLUVBQTU5uYVJNUEJCS0ZzWW5mUC1lNTJvNzJfekFPVEZNRzMtU0FFOEEybFA4ZTZxUUdJLWhIbjhIMUtUa2JTY1hmTnBfeW5aWWRYSGk1ZmNUeXpNa2FoeDhF?oc=5","Associated Press","Global","1782736380000"
"Markets on Wall Street poised to open higher; oil prices rise as U.S.-Iran tensions escalate","https://news.google.com/rss/articles/CBMi0AFBVV95cUxQelBYRlhieG1Ld1ZibFBqNGNIVmQ3YWxOeEtzVkp6Uk1nSWl6aS1ONWgtbk5qVE9iVXZiNko3dl8yTmExMzFPczF3TjluanhxZU9CQkNpYTJOWDdFRDEwRGxPWkRYaW9WQ3YzTmxpdkhfbWVkZ1FIS2xOTmxsWmwxTkNWaTEtNnNUTTdJMzBFMXhXMk9oMHo1QlVhcGpjb2o0bzFzNk5KWEVFYzhmb0RRX0cyOTAxbk1uNW5wWEU4NHRibUlWVGl4VWZiR3FGdW84?oc=5","The Washington Post","US","1782739646000"
"The Latest: Trump says Iran wants a meeting. Tehran says nothing's scheduled","https://news.google.com/rss/articles/CBMi1wFBVV95cUxNak1EQVhWWFE3OFNiWmRKeXB6dTNfRXpUQ0VNRlE4ejlpMGlieVVrRmx0d2JFOU9FZktCUzM1eGM4YnBMeDNyZDg0NXo4SjkyQTdoamhwcmdMRjNkc2FoN0VRcmtXZnRnbVN4clJXVmVoU3cxdXlscWpDc290bkJWdUw0cEpQQ0lmeUJyOG02Wk5FN3llRGtjOVNGZExDZENoSUFUZG9ISFkyblo4cndnOWgxYkZiZ2pYT0ZhNi00dWR5bHVHdkd4V29Ec0lWYmx0X051UHJIVQ?oc=5","The Washington Post","US","1782739572000"
"Houthis use Iran-US-Israel ceasefire to upgrade capabilities","https://news.google.com/rss/articles/CBMibEFVX3lxTE1JUDFPS3F3bFRUaG9VeFl6V2txZHRhNHE3bnZ3eUhXd2xCWWs1T0l6LU0xQWEzYnpvREhMUWRTMkRhM2V1OGdXQUxfYnFJRmFsbWwtOXU2WGFwM1Y1ZU9ZYzVBLVlsVGVCQnNDZQ?oc=5","The Jerusalem Post","Israel","1782739159000"
"Flash: Trump's envoys Steve Witkoff, Jared Kushner will attend a meeting with Iran in Doha on Tuesday: White House","https://news.google.com/rss/articles/CBMifEFVX3lxTE1BSTQ0WnRvM2U1dmlobW9OaHpXNTBtUXpUWV96bktLOHJsemRKLXNoNlFfcXU4QmNuNXpYZE5GTzhJOTRYMUlXaWdKaHktRVFWVGMzZlV6TXQyaDYzRXdLMmNOQXNCLVpJVHk2eXVGR25fYTZ6V2J2YkpoUzA?oc=5","Xinhua","China","1782739065000"
"Ex-US secretary of state says Iran has ‘new sense of power’","https://news.google.com/rss/articles/CBMilgFBVV95cUxNZzBodkZER1VWTnY5d29RQUxHaGZHNi1nTkUydEI2elFDdkd1R2ttN2ZuVnR5V1RKT2Q3d3FsX051WlVjUUNMbkktekVUbWhZeU9RVnc4NWd6c0lDZEJGcGw1R1RVb0laS1dqM2NNeHZzSzRmZUZySkYyUjE2bEtTcWhCbmJFaVZDcDg0dDdJX2dZT1RmcWc?oc=5","Dawn","Pakistan","1782738294000"
"Iran says ‘no technical talks’ with US scheduled for this week in Doha","https://news.google.com/rss/articles/CBMifEFVX3lxTFBONl8zanlvVDVfSUxUTmFfazFsY3o4ajVOUHV3WkZhOE9Sd3RxTTRaRDhuV3JOMEw0NTgxUDZXVy1WbklsdzA3UFpLcjFaLWVzT0xkQWZSeVczbFhxVmpsem9ESUZTNW5lYkRmUTc3VjVwMjZBc2VxZzQ2OUc?oc=5","Press TV","Iran","1782738180000"
"The fatwa against Donald Trump, Benjamin Netanyahu will not delay Tehran’s fall","https://news.google.com/rss/articles/CBMiV0FVX3lxTE5MUlpQQzl0Zkg5RWJuRlJoeXl5YmhKUzJBeTgzMkRRb2h0cmw2NXJBM05hM1dZd3N5Yi02RFBoVXhtd2NzNHN4dE1JVkxwOWlvRTBJWWFYZw?oc=5","The Jerusalem Post","Israel","1782738000000"
"Trump wants Iran deal to play out: White House","https://news.google.com/rss/articles/CBMihgFBVV95cUxQSHJjakNueERpUjFaY0hGNlI4SnVOWDZCc3p2SWRuVFlLd3dadWtRbW1CYzhoSDNsX0F4LU9YVWRPd3pwSTdqakZOdVRVNVV6MHVfal81a1QwWnJvX0E0c3Z2SER2d2gySTI1ckpFUXpaamxzVl9qM2JTcjlIM0ViUFdwSVdyQQ?oc=5","Dawn","Pakistan","1782736863000"
"US says Trump envoys Kushner and Witkoff to travel for Iran meeting in Doha","https://news.google.com/rss/articles/CBMiXkFVX3lxTE5rcVdaSEtGM1loZExyNXlQeldLSUdoY1VvMnlNZlJaR2Q3eEdLMldLNjB0OFJSa1RIT0N0eUd2cjZEYWpRQzdqbzFGTjY2Uzk3MTBwZFJZS20zUm4zUlE?oc=5","Arab News","Arab","1782736752000"
"Iran's president says 6-bln-USD frozen funds in Qatar to be released","https://news.google.com/rss/articles/CBMifEFVX3lxTE5uWGNEN0paSWw4VnJCLWJrTlVYQ3lXSDVtVllhakhHMHJqTXhaVVVRT2RhMHQ2OU44Z296YThVUFFVNkFFT25UX1c0eVVsU0tMbnh1ZzJEWU5BeGV2djF5M1E5b05KUWo5bmdoNm05TmxuNGhSNWR0cjJCWEQ?oc=5","Xinhua","China","1782741240000"
"Trump says Iran requested meeting in Doha on Tuesday, Iran denies","https://news.google.com/rss/articles/CBMijgFBVV95cUxNQnVzTlg1cVBMZmlBQVg4M292QmJDLWFna21TRDlyVmV6TElUNTRrZHVsMHEzVmtPWHJyNGROa050M2t0SDFOblViNTdyOXRQVXdkSmFReUl0UUpkSHZkcEEtSzhiVHhxZTRBMEdEWnZFLW5lYjBmcHdid3YyUUpfV0ltVDlJNUJxbURPNzFn?oc=5","Xinhua","China","1782740100000"
"Iran and US agree to halt attacks and renew talks, US official says","https://news.google.com/rss/articles/CBMipgFBVV95cUxQYUtWSFRXWnlGbjRFM1p2Nk52NFgwR2JVVnR6NUhDckpnX0VDSjQ3WWpXUXhVd2ZPWVZHcTFFenlraHlxSzJnQ0ZJMWplOWZIYVBCQWNadW9DMUhJOHRuMEZaTUJhN1FNVXBvcjJtdDdpQUF0TGgzb2RTT0d1dFA2M0ZYSlhOa3hiNlE3ZTI3Ul9QMWc3ZGtqY0Y5U3NSbEY2TDh1YThn?oc=5","The Express Tribune","Pakistan","1782739800000"
"Urgent: Trump's special envoys to attend meeting with Iran this week, says White House","https://news.google.com/rss/articles/CBMifEFVX3lxTE9Oc014T3lzYVlWenh0NFB5Vm5MenlCalRsRUJZOUYyc25sVmktUkVsbm9YRmNEXzVTMm53TUUzVXRkb29FY2lvLUVqaGdOX2RrenVicGx6X3EtMmZ2MWtwaUZLamFKeGhYTXQzbkZkTGNUY1dVZThSOUMyR2I?oc=5","Xinhua","China","1782739515000"
"Iraq sets September 30 deadline for pro-Iran militias to disarm","https://news.google.com/rss/articles/CBMivAFBVV95cUxPdlAwdVdGLUw5R05wVll4cldocWVXdE1wR3RLOXY0aWpIQkNZRzhLeldXenhCb3RqTVYxOU8tLW1leDN2UFRyWEF2ZGp2OWRja29vUGtLUUs3UmFlb0d2aGhGYXhrdEhsNHdQQmRwdXhwNXU4ZWtnbHM4V2V6b0xtS1NLeDZsY3IwM3VYck9lOVg2TWw5UmVDdG1vLWJnQTROcTd5YmQycDdOLWh3cjZiTk1scVNjWTI5cXAyM9IBwgFBVV95cUxPSkR5QVZsRUZlRXMxaGxhaERhVVJmN25OV0doYkY3a19IOVB4SHl4RHBHNEotc1R1VlU4MkJOc3IzXzB3aHJVUlZYUlp0ejEwVFFKXzBzWDRzZU84eDgybHlIQlFidkpDRGJhdUtiNGF6djdjaUZWMFluLWZCOFlFM3YwbENyMk0tVVAyTi03X0J5T0tYSGI4ZERNc2pBZlVrNm1RRGlSSkQxNU5nNWxPRnlid0ZvdEpyLXhlUDBwUmhUQQ?oc=5","Al Arabiya","Arab","1782739500000"
"Flash: Trump's envoys Steve Witkoff, Jared Kushner will attend a meeting with Iran in Doha on Tuesday: White House","https://news.google.com/rss/articles/CBMijgFBVV95cUxONWQteXFkV1loTUx5ZGlYeFR0YzBPRkdGaFhteWV3M2lIVTA0bWYyOGZ5eVBSSENaT0Q2TnE2Q2VVcm9kVk8xcE15YVJzdm11TVZoVDVnV1JTZ3VtLVBTcWpPTkpKbXp0RGpjTHp1THRjeWFaWE5uRXNaNHJ3cjhhd2JCT0ZaT3pnVUhtcTZn?oc=5","Xinhua","China","1782739065000"
"Kenya, Congo Eurobonds Among Top Winners From Iran War Trade Unwind","https://news.google.com/rss/articles/CBMiuAFBVV95cUxPbTJKM1hfOENXdzV0bUt5RzY5Z1dfZnc5azgtbi1VVDF2eDVpWlFmMDdDeTlCRkMwN1ZVRk9Jd1B2SXZ2aU5MWTNQdUpudmRVZjUzaGZoZ2RPUUNTT3RxY2Y2UDJZVENsdW5pN2t4NF85cElwR1ZYbDgya0dCeEExbGNGUzY5TllleFZRS0pCbGdMQUd5dW9uczhnLWhmVF9UQTdMa2tsX0EwTFRIb3hBcmNQN3VGRWth?oc=5","Bloomberg","Global","1782740980000"
"Masu shiga tsakani na Amurka da Iran za su gana a Doha","https://news.google.com/rss/articles/CBMiigFBVV95cUxNZlhNaC03QjNlR0p5NFp1aFdaR3VrQmdVLVNEY1JsVTVXOF9pNlEwRjlEQ2k2YUQ4R0pWY3c3RWstM01VNTVMZlJ6ay13aUJIdUY2a3h2eUhqdTQxaHhNMmpxOEY0NTRCRC01Tk53bWJwMjBjdjNPenVJY3hINjU1a2k5U0thUW84b0HSAYoBQVVfeXFMTlBMRDgyRlNobmozdVJIWnpPMDhaSzRQQ2JtVjYtMFVEX1lXRll6V3ZZdzRnQUJyS0t5NTZocm9mMDY1dTlvNHdDMmVjZy1tWUNKVUNpMkhlZFF3eEU3RE5Ub3VBSVl1dmRpVjVaekJtQ3hBY0ZJUEkyTTZRd1FGaUd4N09MQWh4cHdR?oc=5","DW","Europe","1782740752000"
"Trump says Iran meeting to take place in Qatar","https://news.google.com/rss/articles/CBMimAFBVV95cUxNRFhLb0xyOHJDaWNxb0JpSktjU1YzRFlVcW1TS3pDY050THYxcklBc2xrOFpTNXQzT01oZFBtME5KelBXU2lKNkpoanczTU0yT0FYSVFJaXR0ckxsUnJwczR4VjJaejFXdjN1RGkzWFhIaVotVEE3TnJCTE10ekJOd2Job0ZkR2thUmtwVVlCQkNYRmV4SGpSTg?oc=5","France 24","Europe","1782740468000"
"Iran soccer chief slams challenges after World Cup exit","https://news.google.com/rss/articles/CBMiZ0FVX3lxTE1rZlRmajVhbXlVWllWYktqdTRzNklqVGlQaFBWMnRsUUxkS3BqcGJ2QVlzMVk3UDR2ZkZCZlFCUE9XOE9lTVlfOF9zc2M1cnRpelJFUUlJVlQ2dFQyM2xYLXNkSE9GNTg?oc=5","Reuters","Global","1782740004000"
"Karoline Leavitt: Trump is 'unafraid' to use military force against Iran","https://news.google.com/rss/articles/CBMiVkFVX3lxTFBmaC1yWnd1WWUtWEtSNWw1cEg2X0ZsdXozTWpxU0t3NC1ENDdGeTBSaUh0b2dKX2hXa0ZQbGs0cG9mclc0aG9OZkIxR2JjSXpXbDhqWVFR?oc=5","Fox News","US","1782740982000"
"Trump says U.S. and Iran will meet to negotiate after days of strikes","https://news.google.com/rss/articles/CBMiqgFBVV95cUxQaHV2VTJKdkhDT2taRjN2R19WLVJESnV1SmRNaVRLU2xGcU5JZG1Id1hGZG01TWhLdzlIdnc0THdDdTRPdC1HM3JoZFBsMm54b2RhSjl5QWY1WnFMSUZ3bTEzM1BpSjJxZXlIeVF0a191RlVTTFhXWGFMLVJySXFVSTc5RVJjbUhRYW9OeEphSk1NaE05b3FqaXo1WWgyM1dRS1hmVXM3V2RxUQ?oc=5","The Washington Post","US","1782740863000"
"Iran warned over Strait of Hormuz escalation","https://news.google.com/rss/articles/CBMiVkFVX3lxTE5yTWlKd3dILURrSjBVRGtUUmxqSjBLYlVkQ3BkMnFHdDVSTW9VM0h6VFYzemt4cjdVYy04dGt6aF9pYmVSeF8td0wyaFZQdzAzRjNVZk1B?oc=5","Fox News","US","1782742581000"
"Trump announces meeting with Iran in Qatar despite military skirmishes","https://news.google.com/rss/articles/CBMisAFBVV95cUxQcnM3Z1FiUWg0cGtGRWVxRHdUYmJ0UTFXVWhEZ0lObm1FY2FHMGRUNTN4bTR5al9ySmx0RW93QW15d09NQ1VjZFJkNDd0eFpQZlNBaS1wa1VNSkRpLWVVTjM4c0JSOHBzYXB6ak1WWXUtZ2xZVm1pbUN4V0xSQXB3TFd6c1NFckp6elV2Q3lIRXZUQnBFYXpGRkd6OVFLVHlVMkdZOTJQWjdYMTZLX0U2eNIBtgFBVV95cUxOb1p4aVRaMk04eHdua3FnTmpLd3lISjRZYkdjLWQ4cHZfVHRMYWF6LUw0M3JURXBBWDE0N1Z1djRmNDNLc2c1eWNPQ0ZPSHlYUF8zOGF4b1BhZFIxUVRDRHBxMGJBbURSa2Y4Z3dmLTE5aS0yaVE1TzF3cTQzNWpXU0JaQlpxYVRvQVZUM2ZXWUdSeTQ4MkpLVE44MjVCWUtYSkpnbmNiSzVJWXlLUDQyZU5wWERodw?oc=5","Al Jazeera","Arab","1782742500000"
"Hormuz traffic plummets after weekend tit-for-tat US-Iran attacks","https://news.google.com/rss/articles/CBMioAFBVV95cUxQN1pRcEZtS3M4UFd4TGp0TmhiNUpMWlVkSnhxRUxTeFBVLWE4cV96Mklvc3Y4UWN6QUNPTDNwN2VHblpDSmx1VWlJd19TbGNoaFljcFNLQU1WR0Q1dHJPUjM4bzE2UWhLS1E2QjhzOTlZdlRUbmctaHR3dDBybzdhM3pKcUoxb1ltSFpXaEJyN01GQnE2ZDJYSG9TVjkzT1Jq?oc=5","Dawn","Pakistan","1782741955000"
"Iran-U.S. technical talks not scheduled for this week: Iran's deputy FM","https://news.google.com/rss/articles/CBMijgFBVV95cUxQckJDeHdkbjA2dzJQYUVCQVRBZl90UWZlSXNrOVNuMEE1NGNpXzl5cXUwVlUtWFhiVUVLQlRuQk5lQ0p4UlBVSmdXZVlPdGlZeVpGU3c0SThUN3d6MDU4QTE5S2N5dXc4d0poYVlEVkJpRmF0VFhaSUlUblAzZGp2YjkycXJkbVhYazdHTXVn?oc=5","Xinhua","China","1782741870000"
"Trump Says Iran Requested Meeting to be Held in Doha Tuesday","https://news.google.com/rss/articles/CBMimwFBVV95cUxPZTZpb2didWRNOHljRF9KclhNRlQzTklVdHhveFF3OU5pZldLZXp3Z1ZNYURDaDF6SkxkTWVwWGpVRU1UeE9qWkRiSDVIMVVweExEUkZTVXkzWHZkNGdzbC1xY2pnMEhnSm5WdlZQS1drZi1JNk9FcFlUUGZXLWk4VG1xZHBCUzhZV05RLTBMRTR6Smp5NE1oNXotOA?oc=5","Asharq Al-Awsat","Arab","1782741516000"
"Iran's president says 6-bln-USD frozen funds in Qatar to be released","https://news.google.com/rss/articles/CBMifEFVX3lxTE9BZ2dPQ0xfcDNGWUlfUlNXVnY0aXBoQmlnRGhYTzVBTnRWNFhNQTF1MlZOMTctaVQyLVZqclZGbHlXUHUxM1lLU3NNV3lHT3dMeEFJOVdFVnp3d1h4OE1yQWxBZUFxYndoWGJIM1hSSUZkbnMtalV6TkFzam4?oc=5","Xinhua","China","1782741495000"
"Trump says next US-Iran meeting to be held in Doha Tuesday amid conflicting reports","https://news.google.com/rss/articles/CBMitAFBVV95cUxPZDlpeFhFLUlhcWhqNHBKSlBQRFZGbUFETVRLVjM1d0dNMTFzamZLNGJneVQ3X1lWZmxyZXVQa1UtZWZrdEQwSEhxWFRFWER4NFd3WG53UXJRd2tCUm1JSUV3cGJfVjZNMWJQU3MtMXFWd2NYZlBSQlJNNHh1Q0c5MllZOERvTW9lNXEzVW1hdFJzSThHa0JlbDRuYTNpVEdtbnU5aUFzZkx0MGtiYzdmem9xWDLSAboBQVVfeXFMTTFrREJVQWx4bURLTXZDLUp5ZTZWQzM3cmFBUzlCUVhwc3Q5clhCaW9udXc0aGs3dVZwVlRJdzJOSGd4U3RCSnRfZXlFYzQ4dHlWNVFUeW1aU1dpa0ZhX1FYWmRzbzkyN2k1ZldEa0xfSUJhd1AxRjJmY0hjVFpCVTlJd0k2Y19GOFJCMm4yOWlNVEdDaVlIQUp6ZTExM1B2WWI2dXFrVWdpTVlRSEoyWktKZldWUGhsal9n?oc=5","The Times of Israel","Israel","1782741305000"
"Witkoff, Kushner to Attend Iran Meeting in Doha","https://news.google.com/rss/articles/CBMioAFBVV95cUxQYTduXzVnZnM1aGgxQlZ4NjFJeFV5R3phS3pITmxaWmhUWEtSeGlFcHJRS3Z4NGt3SDN2LVdpeGFKRmxMY2E3YXhuT29GX05qOHRBZF9SOVN5Q2RadG1FR2ZhbVFMLUQxaFI2V1l4MlZKamthc3N3MU9aREpEa2pJN29PMVhOSG9qMEVSX1lTOVBKZTRxeXNVaWtBdGRMcW1z0gGmAUFVX3lxTFBSU3hqbHA3MWFObm1CN3A1T3EtTEFjY1JpWkhZOGRrT2tiam03eFctUDgyc3pIRzY4N0R3T1Z5a0lmaENpWDFXQ3A1ejB1SjNtdzBzWTMtemNGSG1NYml2RHg1LTg3TndkaHh4bElGRUVWUFg4TVlMWmstM3BLZ0NNNk5PU3RNcTBCN2VvbGFSSzdIbHZWTWN2S1JJajF2cS1VTDN0U1E?oc=5","Al Arabiya","Arab","1782741037000"
"Iraq sets September 30 deadline for pro-Iran groups to disarm","https://news.google.com/rss/articles/CBMimwFBVV95cUxQR0ZqY0FuOEtrb1RlWlZ3Q2Rid1RnSFFGbzBZbWxicHNlVHZpZFppWlVVd1BPVWF6MFdvQjVaZkVmM0czY2lMSG5jYlU1b1lham9BX0FvT2lIZklyTXh1aVFXVlROd1NmRUY0eE15V19KQnpxUzdTNWMwUzg5bGpKZ182Q0UxYkM5c1BPdk5Hd1NfbFBrRm5wUjNsUQ?oc=5","Dawn","Pakistan","1782739948000"
"Trump: Iran urged Tuesday talks with U.S.; Iranian official: no meetings planned","https://news.google.com/rss/articles/CBMihwJBVV95cUxPaVptOWt6SVFnSU9YdVhyMTF3cVhHVzd1Y2E0NXVyQWE2bDhodmtUaHQ2N0R5NDFaMVdQQnRmLU5PV3l5NnZ6amtvTDU5LU5IaDE0anRkcmc2UVA3UHRWMGpmQ1Q5LTJUWldpTlRTTjdXQzJXRUhvT2pjTjMxUjdjeWxOU2Nsdnc4bktDcWxVYVRRWXlfRE5INUNuT2QtMkFqbUswZzQzWUhINkZLTksyNUpqNEFmTnhuQ2dDbjRoeHd5QkhTc2M4TlZLcGRVWUo5RkN5cDRscFc3MUNLTG1yNkJkOVFDWU5jNHA0Zzc1WDExamRhT3VjNEdMalB0WnJtUXJhZWZLWQ?oc=5","Haaretz","Israel","1782744120000"
"Escalation against neighbors, Iran’s strategic miscalculation in the Gulf","https://news.google.com/rss/articles/CBMiuwFBVV95cUxNWUhFZExFMUNmMGkwSHhZb2lqQnJhQWt4dFVIUTJQMkY2SzFScDA4UURjUXI0RUI3SWswdHRhVURBN0M5WVRfVG5TQWw0U0x0VVhEMHd5aERBVUFRb1pyM24zOGFwSVBoZldFdFZZUHR6T0YyeDNnVm5SajhnLVEyR1BhMGJxRDRscTFFM3d4V0NkSWdvMENHMVhZNV90aUZlVkVTeHRROGVmSlYtMWs1WmpvTFlDV3ItYUtZ0gHAAUFVX3lxTE1XNEx5cUo5ZDlOeldxclYyZU5EMk5TVXBqMDRRenprRS1QbG02MWYtaU1kTGwzdzhyR3VvNmRMS0JhQTM3a3h0TlZkSzlJNy1JdTFiYlJnMERyb0VCZXJnN2VZaktPSk44SEVfZk9WaXZ5S21sMFhNZFd3R0tZSjgyX1E3OW5tTHR1UkZyWEdudlVrSlRrV0pfVEcxdFY2bVhJZkFtdWZiZmwwd0p4bTVRVUVzNlZULWlWcEQwNWdfVA?oc=5","Al Arabiya","Arab","1782742860000"
"Middle East live: Trump says Iran talks to be held in Qatar, but Tehran denies it","https://news.google.com/rss/articles/CBMixAFBVV95cUxQWGFjMVlGUGVDMHlJYVd3b0dkYUdXNC1tOTVTc3JyQzlENVRKTmZIc3oxNVJmZzhST2trSTRzVE9DbU1zdUp6TUFnWUd3dTFJbC1FcUUzTkEwVmcyNUJyZndrRFRwYTdnQ3F0Mi1nUGZHQnRpY3NydzZUSlRYLUdqcVFfSXdXVVlqQWFoTzg3VzRNVHJnYjBLd25DMGJQWVB0MGFtR2t4RFFUVVAxVDhvVklodDFnZTRTRVd1SVZPYVFEY3Ew?oc=5","France 24","Europe","1782743355000"
"Iraq’s 14 Million Barrels of Trapped Oil Escape Through Hormuz","https://news.google.com/rss/articles/CBMiswFBVV95cUxNbTNDcFlTTEFRQVJJSm9nVFhuMW1EOUVtMVUyQ3A2MHlIMldxNE9vTDlmdVA4cFNlN08wYXVzcEZBd2FDZXdmdUtKakFxQ1hDMld6Q0hzSGE4QTJMNkF2QWF0QXdnTEtxWGRHdTY0eVoxMVdUMEJkOG5BX180ZldGaXZRaGRNcGc5a1R6d1BjZTlDcF9FdGJOTUtWVm9uNm9ValFTa1ZWa3RKQmxCRlVWbDVCSQ?oc=5","Bloomberg","Global","1782743080000"
"Iran requests talks with US as White House warns 'violence will be met with violence'","https://news.google.com/rss/articles/CBMiqAFBVV95cUxORDdncEZ3ZWZ6azhLYmFtT2psdGtONlpqZnp2X3pNZDZjZ0wzdURMNVBLYlNtczVESmFMU2hqQmRCSUFuVy1WQU5kaDBES3U1Z25wTk9kVHFwV1NmVDJUakk5Rm1fbUlkT1hBa2J3a2hWQ3lFMzlQMFZhcHA5YzRNaEhlV3dybmp0bHpZMUlrT2w5OUQ3czM0X25DRGlWRFd0bmNPQ3NTb2k?oc=5","Fox News","US","1782744790000"
"US, Iran agree to halt strikes as meeting set for Doha","https://news.google.com/rss/articles/CBMiVkFVX3lxTE1LWFBEN1lPaTdPN29oX2d2ZDJfT2pJdHk3QjJxbkoycXNBVmFwblo3Yk4yUGVSNXRJLU5hc0U2d01VbDZrNWg4X3otSm1UcGJwVUpyWERR?oc=5","Fox News","US","1782746390000"
"Trump claims Iran has agreed to hold peace talks in Doha after recent clashes","https://news.google.com/rss/articles/CBMifkFVX3lxTE5QUldjanRzdHVDc3lrMnh6a1JvYUQwWS1qbFY0dmNpc28wYXRwMlRXRHE2U0VZWHhZWXY3d1dNMmdWZXJMTGNFNXZxaUtKaEJXcTBhX2sxUGtPZkNTXzRuVTFUUFFJMzg4dlVFcTBTY0xqejNvV1B2X1hnRVllZw?oc=5","The Guardian","UK","1782745860000"
"Pakistan seeks urgent LNG cargo as Hormuz tensions disrupt supplies","https://news.google.com/rss/articles/CBMipwFBVV95cUxOSzMyT2o2dWlYdmoxdy1FZnlaWmlZM1JIV096RktNWlkzQ2RJdXpWQ1FTWkZhTkItdGxEbU9fYlhrZWhTT3dVeE1QSEFxTkhpU0Z4T0Q1dGlLZm40bXZ2TlkxMUNyUHFCVWtSMTY5LXJxbFVpNFlzU2s1T01VWTJoYnd6STg0dG1oYVFzOUs3UjNkenNNQVlPQmMtY1pDMzBnZFZZalk0UdIBrwFBVV95cUxQd0FLSXpsNk5JQnNVTGpsZEpzbjY4a3pWeGh3cDJrbmMxTF83STlteXQwR2hsbXZqUUhLZkxMaHN2SExmUzU2aWVSNzdta2swTUw4TVllLTRBaVpiZjlCVVNYWXFXeE14c2lRczJwRXdjcU1QdkhjUHRBOHUzOVhyVFBLdjFrQkhBT1hNR2pPTGR0aUhDSVZha0tGSXp2RDV0NmtMZWNOT3U3YXRITDZF?oc=5","The Express Tribune","Pakistan","1782745447000"
"Katz doubts Mossad Kurdish plan for Iran regime change","https://news.google.com/rss/articles/CBMiakFVX3lxTFA4bzNGcnpfVmdaa0djaEdLSnB5VDFtS3puQTg1Ujl5dVVwNWdiRXZGT2w1M0dQeHJiX1Z5QWlfT2Q1aVE5REUtVlFUcVJ6alItZnNMcmI2V05EMldBRlROam5FdjdLRGl2V2c?oc=5","The Jerusalem Post","Israel","1782745200000"
"Rubio, Witkoff to brief US Congress on Iran deal: official","https://news.google.com/rss/articles/CBMilAFBVV95cUxQSGNSUlJkWWg4cEdSYUJvb0pVM0tXOUxKay1rOTZXSnAweDhnVWJYeE1sN0NONUZ4VllhYTBGR18yTHp6ck1hSFZnanN0bnEzWGtzMmx5Vk9mQkl5X0w1RTVmdmF3YUt6N1duaUYtTEZlUUVBbEtUR184Uzg0VTBsTzg1VGZKWDhGcmdpb0lvSG9HWlF2?oc=5","Dawn","Pakistan","1782744845000"
"Stocks rise, oil climbs after US-Iran clashes","https://news.google.com/rss/articles/CBMilAFBVV95cUxNLTdiTzhCMjB0dF9lNGIzc3NOQzVzREg2SkdXX3RPcUVTZ1dWajlkc242d3ZWdi16Y0F0REhGRVg1Z2MzX2hEOUhySFRPYlpDMU1jOG1GMjF5VVMtS2d0eWdhLTJzUTN5X2RBM2poQ2NjeXp5SXNVcHVjdzRRZUZQNWlSc1JYYzk1TExSc2ZsVlZjei1Y?oc=5","The Times of Israel","Israel","1782748805000"
"The US-Iran MoU looks at managing the pain rather than ending the war","https://news.google.com/rss/articles/CBMirwFBVV95cUxNNUNETVBPZ0VoN2xKSzBub193bFJVLUhkT3N6eDQ5dmpJbmZIM3U0MTZJM0JWZVdPemZ3RVJBbzYzdWdZVGxac0pOTzA3RjhGWng5SlhBMkNVaDBFbnVWckhpRDdDSUpEeTdIY0RZRGxjdTFNNUdnU0pDZ3F6MTJBajBsV3NwcjJISlBFVWtBalZFRzVTRG9vXzVLcktxeGZ1bGVZcEFwakpQM1hOd2RZ0gG0AUFVX3lxTE90aUN4YnhGTVhXZjFKeVNtclpaSWF0U0xaV0dVRV9lUjVLUjFuQnNsY1RpT2ctYWNJekF4SzNHbjkxNEZkaUJ3WE93NFhDMzh4bkFsSXd4Rm82S19rWnB3aG9OOTdNei01bjNHNTJaS3o5RHV1R0N4a1Bfc2l3T0JpaFFpSE1TOEdjdElfazdGRnZoVnpUUGdsM0YwdzlmNU9hdjFxeW5WNXh4OHBNalFXTnR5SA?oc=5","Al Jazeera","Arab","1782748284000"
"France, Oman to cooperate with partners on clearing mines in Strait of Hormuz: Macron","https://news.google.com/rss/articles/CBMifEFVX3lxTE1CTk1iblkyWU9YaXVZUjFQZjZlTWVQV0Z1Xzl2Y3hBcXJRRnRBdGh6cC00SVp5OEZSWVZTcU80aG1GdFc4ZnNjdHl6RHFPWHFvRGxYMnJOTUxlU3RvX250XzQ3ZFk4blVRaDNZV0VLaGxhV09Ib2lTaFJveUQ?oc=5","Xinhua","China","1782747810000"
"A return to 1979, Iran, Afghanistan and South and West Asia.","https://news.google.com/rss/articles/CBMilAFBVV95cUxQbTJ4TEM5Y0ppeEx1cmlpalIwN0c3dm1IclBnM2NLeGpiS25sRWVfYWZKTk1zNEktRlZvNTVPYTg1M2Q2UEVpSUhZUnNWZWlQZkQxZU45QkhGWmNnM01ZTUhXdkFOUUdTc0d3ZVFUMXI3ZUJldm9kOHpUVWhuZUFlWjJPbFZjbmxtdDdteWxxUnBSdlkz?oc=5","The Times of Israel","Israel","1782747060000"
"Oman Cannot Be Trusted on Hormuz","https://news.google.com/rss/articles/CBMic0FVX3lxTE1idW52a2ljWHZRcTBqeWFWNjBMN2xLTXh5RXRmamZWOW1IMnM2d2xXY1JuQmtodmtPenpWeW5kNTFVMzZXeUlVNjdvQ21BTE5fbFlfY3FkQzhnTVU5Q2RKM3oxNWVrUjdNdFRJaHFmVllHSTg?oc=5","The Times of Israel","Israel","1782746820000"
"Trump: Waxaa Dooxa isku hor fariisan doona saraakiisha Maraykanka iyo Iran maalinka berri ah","https://news.google.com/rss/articles/CBMiXEFVX3lxTE9hNDFMMndZZ1Zrb0h0akpiTmFkWmcxMWNxY0ZWZmlpM3owU3Bvc2VXdjc2SnNVcW5kOG8zaFNieDZmVmhSSHFxZEZDa01NQ0ZsMjU1Z3ZNOFRrUnpo0gFiQVVfeXFMUFZoeVBnaW9KX0ZpOGdVcjRaNE5EcDhpa0FuQ25YcGJQeVlPSHQ2bXR4cHhhNjFrQmoydjdGQnlteFV3UGxaR3BaeFNVakVYZ3BSd2JkUmZjNlBhb0Q3dEJLalE?oc=5","BBC","Global","1782748577000"
"Fed's Cook Keeps Her Job For Now, Trump: US-Iran Talks Tomorrow","https://news.google.com/rss/articles/CBMirgFBVV95cUxNUEdMd1JQd2RScHRJUGJvNlZIcW1YS2JpbEhicDJJa1RMSlJiYWg0ZUNYT3VwQmJkVFV1aXFBbFFBY0prSFFiMGROa3dWQzlwTFl1SjQ3VEZOMzR6ZnhINjdWVThhZ2tpM053U3Z0QUpKMGFjSmpXczkzMkJTYm96R25ONllhQ09QMjUybXFUcU1tR2g4Uy1pSE44MjZzemd5Z1BnYjlOX3I3clV2ZVE?oc=5","Bloomberg","Global","1782747599000"
"Opinion | Trump’s ‘small piece of the puzzle’ in the Iran war is the whole game","https://news.google.com/rss/articles/CBMipwFBVV95cUxQUjlCcmZ3RldubGpVeDdEbVo0Ymp6LWU3T3l1OVlxUE9jRjhQMk1xMUVLVk9jY3F0SVVlcFZBd1ZxNFEtZC1DZzE5c2hRRVU0bVZxM2VEa0RoSzRoLUFnZ29jSkNDSGZxV19RNnlZczY1V0w3LWhSb1JoRkJ4X3Y2V2tkR0lKODg1NDFFdGN0dHJ0ZEhOcUhiQW1Qbk5nQ1QzWHBWdUJJVQ?oc=5","The Washington Post","US","1782748014000"
"Iran’s Oil Money Is Coming Back. Its Main Street Will Have to Wait.","https://news.google.com/rss/articles/CBMieEFVX3lxTE8zUnhnQzdFX0Jib2NXOEllYW9hLWFoLTFoYlFlN3FkNDMtMmk2TXFaMWd0NFRKVkhtS2MyamY1anFZelJkQjdRUUpFWkdzZmstLWNBYlZQS3E0UGs0Q1doVWJseW13QU1SbnBlYzZDS0QwaXRNYmdZOA?oc=5","The Wall Street Journal","US","1782747000000"
"‘This war isn’t over’: US hammers Iran after Strait of Hormuz shipping attacks","https://news.google.com/rss/articles/CBMiogFBVV95cUxOWjdqM3NYNXZ2WlFMYUVZTm9FR0xFeWd2TU9seGYxZnRfMUd6eEVsekdWVFByckM5bGYxbk5nSHdpSWZIRy1SM1dJV21LLVl6bGp1ZjRteERUZzRZaUtibndsdFNJTUwzTGppVm9VR1dWLV81dzFPUHhiYVNEeEZFQWlCMTBjNVExNVVVT3FfZExxbFRCUGVPYVh0eGZPMjBIWEE?oc=5","The Telegraph","UK","1782747000000"
"US and Iran Again Set for Talks in Doha After Halting Latest Round of Attacks","https://news.google.com/rss/articles/CBMiywFBVV95cUxPcFJPX2Jid2tIVVJnWHJQaGM3N2sxcE1GYkM5QXVJSFN3ZVdXOERSVkJ6SEU5STJtbFU4ekc2NUFudjU3NVR3Wk9mVDRJdHJpYkhPMUJmOU1fRnpFVEV0ZWU3VmV4aF9yY1F3dC04Q0tna01kVUczcmJ2d1otNjQ2MEh1YWlvbXhrQWZJOUFlSlVtNmhsR0RUNXJjYmlOTWZMakVZTE82TjFzQnd3NWVzQlFZTEQ0RU8weVpENzRaUmJudTFBOENvb0puNA?oc=5","Bloomberg","Global","1782750193000"
"Escalating US-Iran tensions in Strait of Hormuz","https://news.google.com/rss/articles/CBMiVkFVX3lxTE1UZFh4Sml4bUJTNlppSFZrTHg4cUpwcXJRTlBtVlJneDFjN2tTUGpsT0NSV2p3RENDWE9vQ2hjUnIzRWRpaGFQalZyNEx1VDdzZmtsVm9n?oc=5","Fox News","US","1782750134000"
"Iran is jealously competing with Oman as decision-maker over strait of Hormuz","https://news.google.com/rss/articles/CBMioAFBVV95cUxOMHVrNEpxbVZsNjNPV0tUeWxySVZxOE9DWUthVS0tVF9HQWJJcXpKdWdSNDlLSmY2bjZZQlJYaTNqMnhiaUF2c1VnY0VkNVNBMmpjZEZIRXRDd0VqTUZUcUZ2YUJLTUUxZXFiVEJrWVdLQ1lxZGcwZTd6S0JOTFluRjJFYmJQc3hIMXE5UndDUldXdC1rb2lZeU9vQVF6TVFp?oc=5","The Guardian","UK","1782750060000"
"White House warns Iran against escalating violence","https://news.google.com/rss/articles/CBMiVkFVX3lxTE9YbDhveGI4YjRGX1Vkb1p4SEJYaWZkc1hBM01aMEtrOHIycHZrTFBySHowYUxUMUJLRWRCbEJsTU13VzU3aFg3bVZ1WDBIVjNBQmp1Z1dn?oc=5","Fox News","US","1782749796000"
"Iranian foreign minister visits Iraq","https://news.google.com/rss/articles/CBMijAFBVV95cUxNT2VsanBuanJadVVEblV3aHJ4ZHM2dTVESk5zY2lhTlA2bDl2Rl9XVG0xOEM0dm54M3J3dFhaRDZRSE5EeGhjb2t0NUJqbTE4dUNLWlRkVUlkRUZaWWJRaW52UnI0VERFa01CM2NzVlJCMXZ3OXRudVVyZmN2bm5BeS1Vbmk1Sk05TUdPVA?oc=5","Press TV","Iran","1782750240000"
"Iran must achieve 'full immunity in cybersecurity' amid enemy threats: Vice president","https://news.google.com/rss/articles/CBMihwFBVV95cUxQTDBNa0N5WXNKS1lqSVdQbHZzUjlvMW9TenRZaWVnOGJaZTFIQ1lnT040RHhNc0RmMTJlR2c5Y29yd0VnamNKMU11QlpBcmVuaC1YWTVPY05iUHpsMkxnemNSQUJDR2xJdHdzWDNXNHItMVc0SlRYeUhvQ1h0X0w3T3Y4SzJBTFU?oc=5","Press TV","Iran","1782750000000"
"The US-Iran Truce Is Already Falling Apart","https://news.google.com/rss/articles/CBMigAFBVV95cUxQVzBOT3FHNDdyaVQ2LWcydUlIVS0zZkdLWDkzTWFKZkdQX19IN1FYdDZnblB5TTNjeTBsWVdHbTVjYUp5OTBQd3p0T1YtR250bW16MURMOU55eDVVNVVkUUNSYlVIN0ptYV9IQjFMTFBKdnZfRjU2d0pzel9wLTMtSQ?oc=5","The Times of Israel","Israel","1782749760000"
"US petrol prices ease despite ongoing uncertainties with Iran","https://news.google.com/rss/articles/CBMiqAFBVV95cUxORWlZMG5UcktzYXIwd3liNXMxeFZvVWc3b0Y3Qkw2UkVPZUlUUENmMDE0MFp1anZOTjdBNUdpanUzaFV5OEZ6LVhod09fN196VE1KR3p6dF90Rl9Eby1wREs0bWJtVVpWX3d3dXhCcEZBWGlzMHJYS092b1dVR2g2UFlyajdlVnp2V0pIaEhIaEViTXpNYm9UWlJGNFBqdGI1T0s5Rkc2eGvSAa4BQVVfeXFMT2d0d0cxWmFNeDBPbGpmNnFtbl9ldFU2akZCWjczc205MG5IU3ZaWHJEaGZNelFWaUZfQUlZQUJkd0VJRXhHZUt2eUF0eHRJTHBjQk4wT0ZvcHJLZjVISGl6djVSdm95UkgySlMxQm94cVFfNUs2N2ExSmtmTjZ4cEgtampBd0xFTjVWMXZiN19fSWRXZGI5aUJjSUdnc2RkY1QyRFBScEMzX0JGUjNB?oc=5","Al Jazeera","Arab","1782749250000"
"The Hostage State: Tehran’s Cynical Gambit in Lebanon","https://news.google.com/rss/articles/CBMijAFBVV95cUxOM3JqYVg0WlRfQ3R3WmhTUklXank0YVF0QjcxUzNoN2xCOUpscG5tQkhvZ3dIX1pEX2xWZnVtbmN0OUdodElfWHBtUUM3WTM3YnlBQ0Yxakppc1NyMWN0Y2xQRExZNVJuNFB4WHhLN1NTRTd0UWdvbEN2S0xBc1BENG94TE1vMEJHeHl4ZA?oc=5","The Times of Israel","Israel","1782749100000"
"France and Oman to Cooperate with Partners on De-Mining Hormuz, Macron Says","https://news.google.com/rss/articles/CBMipgFBVV95cUxOSWVQYzl1OW45UjluZzI0aHo5TWFwR0FDR2lJVVNSVDdMVmJMTy1RWS1qS3J3Sm9SQ0tjdEx4RWxFZmZjSlpaeUdJRFRqcWtZeDRqby1xb29xZXFYbFhoeThFT0pQb2hLVGdWek1KZmJVZXhYd2VYSG1LdUpORHdXNnpCTW5RbWs3Xzh6eW1pWHhySlM1QVZKRHRzU3QyNlBjMzFGWTlB?oc=5","Asharq Al-Awsat","Arab","1782748721000"
"Iran indicts exiled crown prince and prominent journalists over deadly January protests","https://news.google.com/rss/articles/CBMiXEFVX3lxTE1Ka3UySzUxNFJwaktweTkzVm01dVl1NEFVNjlfMzZtdV9kazlibmxEQzlLZHpFQ1NNQWFzM0IyaHAtdVh0dmtGejlqdWY0aFkxeUYzcnZiOHJSZEhJ?oc=5","The Jerusalem Post","Israel","1782751640000"
"Oman, Iran hold joint meeting on future management of Hormuz Strait","https://news.google.com/rss/articles/CBMifEFVX3lxTE1ZRFRta3JsVXZieWhEdzZkM2c5ZWlLTDZBRU5IQ1dnUUdmVDFMd2V0QXZydE9zSzJCMDhFOGpBYWhyWm5Ic1E0VjZaTVFVd19rRHhKNktPVHN6RzcyUG5tMVRoeXhLSi03UDBZQ0l5cGk0QmY0enlNb1lCU3E?oc=5","Xinhua","China","1782751215000"
"France, Oman to cooperate with partners on clearing mines in Strait of Hormuz: Macron","https://news.google.com/rss/articles/CBMifEFVX3lxTFBJb3c5bW9tTTE0S0VITDBQaDh2anZjTjd4bGRKRm5CM08tQk9UTnV4aDhFOW5OTlkzTU90dWNfTTZjY1NxWHdvM21lUUdWeUs0WlhDQ3J1dktFazhpSTNyeWxxYWZKbUVBbGk4TmJWai1uUXZpMTl3SUsyLVQ?oc=5","Xinhua","China","1782748995000"
"France, Oman Back Free Transit Through Hormuz Without Conditions","https://news.google.com/rss/articles/CBMitAFBVV95cUxOak5FUXN3TnNMclRWZ0lBR2dnZm9WNmxzWjhDWnpyUHVhbTVXeVNFSGVVRHhMZDJRUDRtR2VDZFVyOFBldzl6ZEtDU1A2dzF3X21na0JJMm9VNVdQaUp2dzB1U3FwTm5VM2xUbDlBemNGYUc1XzFwWmwyU1c0ODlDdWliMkVPNE0xUG13NFB3WUJZV2MwcXVYVHo2dU96QWdlT25BZlc3Tjc2Sm9sV0pKSjN3VVc?oc=5","Bloomberg","Global","1782751160000"
"Iran","https://news.google.com/rss/articles/CBMiZEFVX3lxTE1LZkZJX2lfWGduSVdFd05XUFpPNHJsRjgzY2FIck5xaTI4dEpMUlFHSjRMbVhkRWNNY1RQQkxnWVRLSVFRT2poc2tBWk5pN0Z2dUt4LWZLeFR1M2pBTnlZNjFSaWU?oc=5","The Guardian","UK","1782751884000"
"PM Shehbaz to visit Iran, Turkiye as part of mediation efforts to end Middle East war: sources","https://news.google.com/rss/articles/CBMixAFBVV95cUxQVHZScmJuaXZSd1JENm03RnBTUU5DS3lkWFo3MXhPaV9KS2M1TlJjdnNpeHZrZ3l0dzFpMjZrdWVNYzJOMW0wXzBxZE1MWWpaeVhydWp6cDZsR2pkeHcxeWpRNl9lZ0hPWDZEdjBOUVlmLXZ4UnE1NHZucXQ5VFpqWVpHVzExcTN1YXBmUElMNElUMDd3OXJKaWZjZWZ6WFpQUmVsUUZYVEVqUE9uNy1aTUFVanhiSjg4blF5S1pfSjdfSENo?oc=5","Dawn","Pakistan","1782755204000"
"No Iran-US talks in coming days, Iran’s foreign ministry spokesperson says","https://news.google.com/rss/articles/CBMiugFBVV95cUxPbHZTM25uTlFreE4yc2dTQWVsakJlWmF3VjNjZWhWLXNFWks1QjQ5SU9iMlgxTjVIY0ZmRkF3Uno0V3d0OWxYb19zRVlPcnEyV0Q2VlcycEhSeGx2M0NhcTZOZVQyRG1KMTZkLUh4WmpTSmItUGN6SzRaeUhyVVNSTEhhUWtWX2laZHZzZlJiOWE4ejRvbDhJZVVieXMyQ1lyZW1teTlzQkh6Ulotc24tTXVQbHlkSGZFenc?oc=5","The Times of Israel","Israel","1782754805000"
"Iran FM meets Karbala, Najaf governors to discuss funeral plans for late Ayatollah Khamenei","https://news.google.com/rss/articles/CBMif0FVX3lxTE5MNzMzamdYc1AwX3YzODhXWDgtWjBVeGQ3UkhXWkY4WDlHOWlScWFiRHRHVVFCT1Y1bGdHM3VLMlU0NDgtdDZqek1vajNMOTRkTWtOcnp4RWNPZG1IM051YU9vaHNsa2R0cmtNeWI2eW0teDZTb09fajA3ZjBaRXc?oc=5","Press TV","Iran","1782754440000"
"De-mining of Strait of Hormuz to be carried out only by Iran, Tehran says","https://news.google.com/rss/articles/CBMiugFBVV95cUxPVmVHVHFrU3lMRzhXV0VQMXZ2SHdOYzBhSHVvTzBtYjh3QklnTkEzT29lTUFTNHNDR3FfTkdyMFN6M0hCaHFLeGFDQjI1Ti1xd0tQdUJoYUlFcU9CWjYyLVNvdTEzckhkQWZKTEZ5QVlZbGViU2VEM3BOOEJYT0gtNVRFMFNlUkZ0S0FpUGVFNVY3bzg0WWpqMkU5NnpxRXFwcEljLUtiT1lTZzAzZDZ0VVF0Y09zbEN4YUE?oc=5","The Times of Israel","Israel","1782754205000"
"Iran sets Sept. 30 deadline for resistance groups to hand over arms amid US pressure","https://news.google.com/rss/articles/CBMiwwFBVV95cUxOM0d5cTMtNDQ2MWM0ZWViZllRdWc2UWFHSE9TalJ4UmRTRXlFMVlHSUFXNm03cU5OTGZYZ05RaS1yYzE1MUlmbFh2bnFhM1FzNVd0VldQU0VKYkx0ZmIzYUJSdUJhU1dQWnRNNU1XQ0RVazNHM0UyXzYxa0hydkVsdW8tb1FOcXFvck5KTUFxRmJhVk0yelNLdGFucVlNWkdPQW91MHRyUF8xRDJTWlY3ZHdQRkNBc1hZUHYxR1V4TE1lMFk?oc=5","Press TV","Iran","1782754080000"
"Flash: Iran says technical delegation to visit Qatar this week on MoU implementation, no plan for any talks with U.S. in Doha in coming days -- media","https://news.google.com/rss/articles/CBMifEFVX3lxTE1yS0xxVndfU1JOUXVrLU43NnA0cHdCWF8yZUt6S1ZYME9lanlPQTlMZkJQTjdCMTdlNy1PUV92UmJxTHZrSWRCQkZNR1NkX2JKOGNndXhWdEpZMkFTeWZBdGluX3FNbXFXMGZXYURNamlYOW1NTmdaTkNINVQ?oc=5","Xinhua","China","1782753900000"
"De-mining of the Strait of Hormuz to be carried out only by Iran, deputy FM says","https://news.google.com/rss/articles/CBMi0wFBVV95cUxORFlHbmwzb0g5U1RTUEJfX1dDYmZxSGZYUHZQZ1ZYLUV1ZG1UTkFUS29PSXJsYUVTTnREbmlPZmE3TE5lTF9EUmVWeEdkcEFTOTcxV0VmUXlSOXJCNF9FTjVZTTFEUkI2ME5GNEpWZ0hwclkweVF4RjlDeVhLUHZDQTBwZHk0dEdqcVBUc0UwLUxCNmRTLWhnOVctaVFIZFBMeHdwOXczdDJIRFZDYlJDaGRLeW9NdW9XRF9VbTNtVUFtOVk3ekFCYUVWUWdwTjA2Q3Vj0gHYAUFVX3lxTE4zZWpUX0l4cjhNU2FaR210OGpmZmdsdUFGb2tvU0R5eWxlQVQtc3UzME9YT2NnX1RDbW9aUkxLeWI0d3ZRbjdqYzlwT2xhYWhPalg5V0dENlNfVUFERndHcTlrd2VLS0VIMHluUzJoRTdnQWNJTW1nb08yNVpFYWxJTXpCdGNESkkzdlVRbzdvZ0xJT0tfZS1NY3lSQXdPME8yaGtaczd3bHV2S01ybDJkMFZJa293M24zQ1dISEZEM3pTLUNKOXpMR0tfOWxyeDR3aU0xbGQyeA?oc=5","Al Arabiya","Arab","1782753780000"
"Vessels avoid Omani route through Hormuz after ship attack","https://news.google.com/rss/articles/CBMiXkFVX3lxTE0tR1QxQkladmp5dEIzdWpDQUVWZGxfSlBZVXBsV3o5bEVtVURhNFZzTXQ3dG4tMC1DamROYTcwLWw5T0F4TVFGeldQVC1DeGlzQnZIeVAzcTJBWkZmLXc?oc=5","Arab News","Arab","1782753305000"
"‘It’s going to be extremely difficult to wrest’ control of Hormuz Strait from Iran, says analyst","https://news.google.com/rss/articles/CBMicEFVX3lxTE50R01PeEhsWEYxNGxTZWh2czdnWjJMMmNUc05LdDBnMzZvN1BnVHVPRWlvalJUdGdIMkNySXNVQk5ZM2VoM3FLUTlWUFg0Vlk5U0N5b2NSX19WUk9uRUVPVmNBa3huUHlsV3lpRUNlXzU?oc=5","CNN","US","1782754297000"
"General warns Trump's Iran negotiators to 'verify first and trust later'","https://news.google.com/rss/articles/CBMiVkFVX3lxTE1Yd1ItZkxTRUd2MnYyWlMtSDg4ZW5uTTFORXlZRHNxU3IzZGFNT281WF84RVVDLW14NWhDOFFuRkdRSXBTb2JXcjNmSlp4Q3o0RmZVV21n?oc=5","Fox News","US","1782757360000"
"Iranian hardliner demands dead Ayatollah Ali Khamenei be avenged ‘on American soil’","https://news.google.com/rss/articles/CBMiwAFBVV95cUxQYjVnSGs0Uml3NTBoZXFFNTEtZnFZTktQQUZzRXhJRFd4Q0g5T1ZvX3BlbDluMm1JTDdMWVhxT0V4bTNycC1uYi1qdkIwTGl6QjBJRXh3S2czNnIyMEtYblFySVJGM29IdlQtSnBvZjVxTUItd2Z1VUEtZDFfdnlLRTFwT3cycms3dE1udC1hWHFldjVmS18tQllnck5sRFBPcE1qbWI0b1pOYjJVSGpBcnJERU94LU5oM29HR3lDTEI?oc=5","New York Post","US","1782756240000"
"Advanced lymphoma treatment technology under development at Iran's Royan Institute","https://news.google.com/rss/articles/CBMiygFBVV95cUxOTVlNZkZXVVd5RHFFNndWNjFFeHJmVjhXckgzdGJ2S2NsNUhsUVByNVR2UmpnSjBuQjJ1ZGNTTmdxMTNwaTIxZHMxUEdZU3JRc290cU9nX2dYeURhV2Y0WXgtRDBab09ZdzFFSDB2WEpCdGVvdmU5UGIyV3VVOVRPZjBDYjFicktQNTdvRGpXSFhrSHFiaEpFc1d6R09TZUZTYVBTeXhTUFNSbEFXWEgtbC1oWlFsUWZZc20xdFBoaFlsNkh1VEV3end3?oc=5","Press TV","Iran","1782756120000"
"No Iran-US talks in coming days, Iran's foreign ministry spokesperson says","https://news.google.com/rss/articles/CBMiqgFBVV95cUxOWi1UR2ZSSy1Xd3pJbUVFYXdUd0lWYXhiN0M5c1ctU0x0S2FLdGZoeVc2aGdrOUYwNklTOHFVS3JHaVhLaUxVb0d2MVROUDgzZGFicTN3MjVmOUx3R0d5LTRvM0lfc0pXRU9QV1JrZDRyb2h0YUtpbnVJdUs4WHJtOHM5dGZMbEgxa0RERUMwYW0xU09Qb1JIYUxNbUJMd2x3WXdzUDBGLVRrQQ?oc=5","Dawn","Pakistan","1782755186000"
"Iran says no talks with US scheduled in coming days","https://news.google.com/rss/articles/CBMirgFBVV95cUxPaTZGbXZIczZmSEJwbmVWTndRdUxXNGdTN1g5VmtyNzFVN2J5UWV4MElSYS02SDh1MkJwVEp1NDREXy1rdnRVSDRlT0FSaTdWQTRjZGR1a1hLbGUtYzllV0RIU0UtdUZkX29TWVZkMjFlbm1ZYjI5VFBRaEhXLWpxTVZkVGcwQTJQMlEtQl9zSEhxb0liNEpCU2Q0UDhraTV6YmZSS1JlNlh2UEtUY3fSAbMBQVVfeXFMTnZidlc4RUdHUmhqR2QxSlRSblhnMXl1Y2tUODdLd2lDS2ozQXNYb2dsSzI4SkpKODBlaWlXMmM0NGZyaTJJUXN6N2RWTzBCcFVtaWhCM0xmbWlIVUZpZ1BPRXZSellCb1FrTzQySlNIZzhsOEdNS0ZTMXVwMkdtMlpyRWlwSlJwMUZBaVdvWjZuNG5PODZMdGNEQW4wcnI1SEZpWUpnNWVmVnhZZmNMU0wwa00?oc=5","Al Arabiya","Arab","1782756180000"
"Date approaches in Iran for massive weeklong funeral of slain supreme leader","https://news.google.com/rss/articles/CBMizwFBVV95cUxNS3lkbGZMWjNZMlVMTTFRTXFnZlRYc2dBRkpNckNWT29NejNnbF8wX0haTEZKMFhkd1NYTmR2RmdERVZkSGVlcXZSV0o4dk8yVlZha1hCWEp4a1RVUUVUWVVyc1ZKdHktbElxU3lfdW9LcHRyeDE3NmpKLXZsN2hJUUx5SUMyVi0wVFRzMEtpbWdCdlBIWTB3NmlmbEpiVDFQa1NiOVMwZ2RpZWJ1Y3VMNUV3TVhUTWVoNGdfQVZJWHAzTGM4RHFkZ0stOWNzUFU?oc=5","Associated Press","Global","1782758580000"
"Oil Futures Extend Gains On Hormuz Concerns","https://news.google.com/rss/articles/CBMiqgFBVV95cUxNcGxTRTJUbVk1dHI3ZUpXckRRbU1tcG5LZTQ4eFNDMEtob2VhWDlOazNoTHluU2V0eER5VVBGak95SUJwbDN0OHg4NUpIcmUyRGlWLVpQNjllcFZ5MDNadUpnVFc5T1ZpS0NUOWtYTlVXU01PdXdjOXZUbGxCbmNZajNWZk9hc3JiUk5zeTVPeEt1WWJzUkFuQmVIUmJTU2hKZzRERFkwY0RIUQ?oc=5","The Wall Street Journal","US","1782757020000"
"Strait of Hormuz: 'Iran has made it very clear that there are new rules', analyst says","https://news.google.com/rss/articles/CBMirwFBVV95cUxNNFByMkQ3SGRnQWhfS2h3WTE0QXZVOFh5eVNKVWI2Nm4wOWZFZ1VERHFVU013UmVTaUhFdllxcHc2cjFEMzRYUThuSDl3VmJhU0NhdmllaFlSU1ZhTzNZRFRIQWFrLU9tT3hDNHFreWFDTnc2dHg1cGJtckRaUi1UOC0yY3owWUFLQUZ0aVNFZDZON1NQdHNpZ3hPaGUtY2dYaldaT1Z4Q2NxWFJZUHI4?oc=5","France 24","Europe","1782760931000"
"Iran says this. The U.S. says that. A look at the trickiest issues in the unresolved conflict","https://news.google.com/rss/articles/CBMiogFBVV95cUxPTVVVQ1o0aWdmcENwTWVmN2Q4MzBwY0J2VUp2RkE5dVAtcVNqS0xHYkh5cjdhdEoxUFpVM3MxclFjS2VJb183N3BnZTNJNHkzXzV0NFhYanhxQkdXMUpKVzRJU3B4cGlRQzdsTndCVVF2RHFPQ1NCWlEwdkp5UGY4ZE9oc3kteHFfU1A0NkZHXzhmVHp0YjFoWXRaOEFYTzhXT3c?oc=5","Associated Press","Global","1782760020000"
"NZ Rate Hike Bets Dialed Back on US-Iran Peace Progress","https://news.google.com/rss/articles/CBMiqgFBVV95cUxNeEZaMUp3MUFrRDc3dmJEUHVkVDdBbzRGVU9UNENLeDZfazNGaGVlblFDcDRNdEhZMmlTZGw5OUhTWVl3UC1aSkpuRjh5OUVxWGFjZ3VpTEQxRDZ5S2VLVWRJc0kycUtuMUhWTm5nbGZBYWdDU0JrUUlPaERjc1ZVblE2dDVoV3h3SlZFOE4wWmlZTy1wMDBlQmdtaWJRR05hUXh4a3ZUSlpMUQ?oc=5","Bloomberg","Global","1782759600000"
"Oman backs Iran’s plan to charge Strait of Hormuz ‘service fees’","https://news.google.com/rss/articles/CBMinwFBVV95cUxQcVJhRzJLTHZoeVpVSlJSOGlGNU4xMXlFTjN0dmR5LU1DNWVYdExaQWVzVk41QVNTblhLbHF4ck9tX1A5bTNtS1lJQnVHaGpVWFI0UUJKQmJTTnNtRG1mWlI2a0hRd29xV2x2Ykp6Yi02ZDJydEExdG5IUVZKQUh6WWNCWjkyaWJkVVZtZnJ4XzhUdkd6QjRveE4tdi1sclE?oc=5","Press TV","Iran","1782761160000"
"Iran says talks with US contingent on implementation of key MoU provisions","https://news.google.com/rss/articles/CBMikgFBVV95cUxOd1c4eGpPcUdXa2trR1BUZkFLRWZORXMyMEFvRTB4WjkzWFg2SThrWmNqaUREaHI0Nzhka0ZhVDV1MHhscUlVdVVMNWRwazBrOXFHdUVhUTBPRWxvUlltT3I3VU9PLXhlc045cWphODhsT3hEN091VDByRHEyZ1R4NHJqemlZd2Jnb2xsOXEyYVJCUQ?oc=5","Press TV","Iran","1782760680000"
"Urgent: Iran says experts delegation to visit Qatar this week for frozen funds' release, no plan for any talks with U.S. in coming days","https://news.google.com/rss/articles/CBMifEFVX3lxTFA5cnVZWlJEQ1VzRDVHX2I5cVhacjZUZUZtZUNVTURFZUkyNGxYOGU4M2w2QmtNQjY3Y0d2OHlrdzRnem4tUF9RUUU2U0p1YkJidTZiZzJWMVhDdUtOUGxrMkJfU25yR3FyTDNQa0FNWmlCbUdua0FuZUktaGY?oc=5","Xinhua","China","1782760500000"
"Marco Rubio, Steve Witkoff set to brief Congress on Iran","https://news.google.com/rss/articles/CBMiX0FVX3lxTE93R0I2bGhNQ0Y4Sm9KakNkRnE0MjhoUG9ocTJXMjcyYzhSWkVRZ01tSkFPT1ZDeVJNV3I0MW9fU25Ib3Iwd3VzLVRjU1Vhb0hpazBuYjM5TVUyWjE2dXVr?oc=5","The Jerusalem Post","Israel","1782760210000"
"Only Iran can demine Hormuz Strait under MoU with US: Deputy FM","https://news.google.com/rss/articles/CBMifkFVX3lxTFA1cEt3UDhCZmE5NGhmMG5XX3lZSVRkTmw0V3ZldGJMaU5iT0pBZTdhaDVyS1ZvUDBLek5LT0VZYkgxVm5rb1hlNF9IRU1NajY4ZVJSQVJQOGpJNC1qUkVGSnJ1a05CUGdyalBXTlhWb0VETF9SV1R3a21EMkpydw?oc=5","Press TV","Iran","1782759840000"
"Israeli DM warns Israel could be at war with Iran as early as ""tomorrow""","https://news.google.com/rss/articles/CBMifEFVX3lxTE5KRjc5N2J0bmNqZWxOQWNhSEdYUzlVZWJEYXRFc3pRLXpXS1Z6cnJxNzFUbFhyLWZBYWRscm0tazFrQzI0SnVYSmw0ZFIxWVFYbnVObjZLLTNyNEhzWXVYeVRkVW5jMDZmREhUTGdGQTJ6WHBnMlByckdjRVY?oc=5","Xinhua","China","1782758445000"
"PM Shehbaz to visit Iran, Turkiye as part of mediation efforts to end Middle East war: sources","https://news.google.com/rss/articles/CBMixAFBVV95cUxQTmxNd3l1NjNiX0k4NndvOUxrOVFMUExnVU56NkU0TzZuWGRiRGpRcXJ1TDFRbFdHSFBCRDVWMVpVODFZZGQtZEJUUjlubGZUeHJ2MWIxbVk4MHFrRW9rck1GTHZUNlBFdVM4bHQ4aFVJZFlYTUJrYzljSTlYZF9WU1J2Sl91Nmk4Xy1sMXNBUThteXRCUm91RFVjQ05TYV85cDEyaElqbzlpOE9MNVJvYVMtc1l5VFdlY0toSTljTnBRVUlv?oc=5","Dawn","Pakistan","1782758321000"
"Iran opposes vessels passing outside Hormuz paths specified by Tehran, deputy foreign minister says","https://news.google.com/rss/articles/CBMizAFBVV95cUxQX2pRVmNDa2J3V0k2dlJkRXV5bGtVWHRoUnYyX3dRaVdWZTlaQVdYM2NMV0hOem5Cb2hkaVFqLUgxYlpJZUpodmJld0xneDB2UmJrR0loNk9BSkE3ZWtac3FkOXZ5NkJiT0FZaEtUck9Belg0Wl8zZ0syMjBGcVU4RU1fcW1tRjF3cEJuTTBBV1lKTkdOUVdLcWdsTkdjNWliNlIyQjF4c3B4ekt3SWllb2F0YTZBYUlUX3lJX1RxMzdTSlRBb3Q2WjhRQzU?oc=5","Dawn","Pakistan","1782760023000"
"Trump negotiating with Iran from 'position of strength': US ambassador to NATO","https://news.google.com/rss/articles/CBMiVkFVX3lxTE11ckVTVkFwRUdTdk5yWUpnUVNFWFdhaU5saGN1TkhYVHk0cDIxZnUxU0ZzaDl2amdrSjY3ZkRoWUpCbk9OTzNHRENWM1NGU1NaU1hOTEpB?oc=5","Fox News","US","1782762856000"
"Iran says delegation heading to Qatar, denies talks scheduled with US","https://news.google.com/rss/articles/CBMixAFBVV95cUxPeUtyRS0wc0dlMTVnSjRyWXpteGItZGZoeF9RRlB5Q1hEZkgxM3lndFoxOUxGWmpwNWlucHhWczRwWmtCeENpNFZySXpfSmJiM3lxcVVSd1RMMmFDSTF0WEw4MFBxQi1TSjF5dlk2c1otVF9SQ3dTQm5UQTBoeTIzMkFETGFQNlhzQ3ZSMkJWcTBvZ1BxOU9oQnRWZFRWbEdUMlB5Sm1lX3hfcFg5YUxkSFMyWVZxWVl2UFhDNjZCam9oMjll?oc=5","Euronews","Europe","1782764415000"
"Opinion | The Pentagon’s $67 billion request is not a referendum on Iran","https://news.google.com/rss/articles/CBMiqwFBVV95cUxPbXFuaHU1cHM1MzFCY1lGZDkzWGJXM2xVNXFndnRCWmFJOEZhR2RmQkt3YlE2MEVobUZubU1oQ085bHNSTkdDRnFjUzRaTDgtNTlZc0Y2ejZxWkFwV1N5VUtkYzZNOGlLUDZpd3V6N1N5TnU2bjdxcGN0Yzg2dkxtaW0wS2JxLVZRXzdyRmVKcEYzZi1KMkhNQVBIeHhsVy1Wa1V4N2pVNl9ZSDA?oc=5","The Washington Post","US","1782764843000"
"1st LD Writethru: Iran says experts delegation to visit Qatar this week for frozen funds' release, no plan for any talks with U.S. in coming days","https://news.google.com/rss/articles/CBMifEFVX3lxTE9CenFFSC1RRG9JT2E4SWFTdG9GeUh1WC1mRGdhQld3OGJHMzI2bFE2V0tpazVpaEl0TE91a1pGVGpYNWFFekxEQ25JakgwVHYybHQtcDR6R0trdm9XcGJoVUtxVmVxR1d2VG9xWnBGZXg1OWxzdFEwM2tSRDU?oc=5","Xinhua","China","1782763605000"
"Trump’s social media blitz mixes Iran talks and domestic politics","https://news.google.com/rss/articles/CBMinwFBVV95cUxNR0FmVV9lNm02UDQyaTRzNHpUdUNCTUFYVzhVaUI5OUhsNjYtRUVERk1fN0lQY2hGWGhFMjExeUl5VGE1WjhYQU9fY1lHdGxmMHJSSF83d3NaMnhOZzBUSnRick5kWEFrM2lsNnBxLWQ3Nng4NVZ5TEh6V2lVUV9tcHE1NldsVncybGtFMzR4TmN1eHFYUUFrZExNOUpRMTQ?oc=5","Dawn","Pakistan","1782763226000"
"Iran Ratchets Up Talk of Controlling Hormuz Ahead of New Talks","https://news.google.com/rss/articles/CBMiswFBVV95cUxOejFwOXQ1UTZfMjZob3gzSWZKU0pWcmdDTlJZdGlOYVRmSjRWUk1RU2tNREotRUVyVVZ4X05kZlJNZFdSX19SMno3UmFMUmEzV1VyajlvTTlyMmJua3RydWNfNlRlSzllSUMwV3pVbGFRWUxQbmlEenBCOTBNZEtsb1RnOGE3MnBMTnJQajAxSjRKSjNvRWgyNU5PLTlhWG1TalA5czIwQW91dGV1b1FnNjdocw?oc=5","Bloomberg","Global","1782766029000"
"Iran says no talks are planned with US after Trump’s meeting declaration","https://news.google.com/rss/articles/CBMilwFBVV95cUxQd0hfZ240NlpEUWwyTy15OGVhYVJVcXpQQl96dXM1TS1jT213UDBsN0FFWVoxWTg1ckUtYTlvWjJScmJlSmFGMjVnd1hSSng1SEFTX21aWExmdWEzTjh3ZnNyZHdrRzg3R2FlN1VRQ243UXB3dzBIZjRVWUlscVRaTnU4RGhjMC1RbEFTSWVFaXpkQkRLU0tz?oc=5","The Independent","UK","1782766740000"
"Tracking Trump: Supreme Court rules in several Trump cases; Trump says U.S., Iran will negotiate again; Trump’s trees; and more","https://news.google.com/rss/articles/CBMigAJBVV95cUxOSHJaeDhYU2w0b0l1OTFSUUNYb2dlY1JUYVdrbWZaNGlyQUFLVVd0SHZFb296YXhicklBQ1dpdzZNRDhEM2FNSXo4b2phLTNNZnI4VkpZUTFVd1dQVmxmaVFQVXpsa1IycXZhRVpnM0lpNVFSeGlBVzAtdTU3eEN3MGc2XzEwMUs2YzlyNmluMFREZEdwLVQxZ19LTlQzNFVFeV9jZmFlMHZnVnJGX0JhckZwclVIcEt3SzNnTXM0Wm9DdU9XRWV2NTVxQ3Z3OGRpYTgyN0ExdHd6MldqMXktc2FVd01VOVduZzI0TG8yUWhYMW1ZVzBIcG9ZWFlULWE0?oc=5","The Washington Post","US","1782766443000"
"Mike Pompeo: US must pry the Strait of Hormuz out of Iran’s hands with ‘force’","https://news.google.com/rss/articles/CBMiVkFVX3lxTFBDYS1vYk83emFYa010cUFZTTJiWXhPRTc3RGVFdUE3WEhpeU5XZ1NiTDF6ajhBcXk3NF9xaEY1UFl1UXI0OVVZOGczNEFwVDBCaW5WMzZn?oc=5","Fox News","US","1782765364000"
"Iran says this. The U.S. says that. A look at the trickiest issues in the unresolved conflict","https://news.google.com/rss/articles/CBMi1gFBVV95cUxQLTFlMGdWX1RuVERZdHA5SmNfaUVGRmJTWlNyLW54TVM2djZtOEJXTjJaaFBkaEZQOHNlYk9OdXhiXzBvSzUxMmt5ZF84MDRxZDJqUlhrTWZZMzdnSUJrQ3Bkblp1dnV3NFlSX3ctQ2FDNkZmdW1IbmFtanNyTnFIdkNrTmNRWUVpeTR1SWF1RklRaDRyQjlkRFc4T1M3MGVxcnl4OXBpQnRFcnZLX0pEeVpLb2hWOG5IZVVmbzgwaXNRVFh4Rng1ajBkSmdpYVRMb2VaOUd3?oc=5","The Washington Post","US","1782765358000"
"Iran says no talks planned with US in coming days","https://news.google.com/rss/articles/CBMikgFBVV95cUxORUJ0Ulp4NThuTW5qZ25hZkxXcUY1cV9lWjFKUnhMX0JHOE5Hd0haXzV5SkZ5cllMSnR1ajUyWFhfOGpia25VRlIzZkZLUmV3VGE5ajcyRVB6c0tBTDRCQlBEWEI4T2xBMTNBMzVqUVNlNGlZdEx3OWlLbnNyWllJUnVZTXByU3JEazV2YVdzdG1sdw?oc=5","CNN","US","1782763821000"
"Trading Day: Wall Street gains, Dow hits record closing high as fragile U.S.-Iran truce holds","https://news.google.com/rss/articles/CBMimwFBVV95cUxOQUhvTTFWQnpxaXhJYW94b0dsUzMtYUtPczBHak5CNDBzUHUtWkk4bnRMQ2NnaU5zZ2JId01KZkRnWkRXRFRyMVJXUzBjcnpZaVljNmVJRHA5LThqckg1MU52VlBPay1NS3ZZUlFHcVhWcUdud2hkVGdYMEJob0VubEx5UmtwemU4dkRadnRaNWV1OGJvYjRJcWd2cw?oc=5","Reuters","Global","1782768507000"
"IR Iran - News, Schedule, Scores, Roster, and Stats - Page 9 - The Athletic","https://news.google.com/rss/articles/CBMihAFBVV95cUxOck1yNVRrVWhXQmxTRzJJUlZFcHlqaFAwMWNSSXJadXhER3ZCV1pXQUlyN1FaNnNraDYzQkViVm14bWo1TEh4Y19wajJQcWZCZU53X0VwRjJHajVtSm1TRThEVjhKNGlaM2htZVhFMzA1S1RnbGo5R2dUM1Y1a3RvOUt6X28?oc=5","The New York Times","US","1782766248000"
"Iran, Oman in charge of Hormuz Strait management; France should stay out of strait demining: deputy FM","https://news.google.com/rss/articles/CBMifEFVX3lxTE1BLVRUa1VUWDVjRVlGSUNmYUx3MmFVVThoYmxsTDNRQ0I1WWo2TE82cGNrQWw1YzBHTW1jakMzWWtwMUdJdFY2LXo3eTRVQktjaEY5NHdmNV9tREVxVjJfYks0UDhwazZfWFd5MlM3OGJRUjJFVVpPbUl6anI?oc=5","Xinhua","China","1782767535000"
"Reciprocity first: President Pezeshkian says Iran will stand by deal only if US does","https://news.google.com/rss/articles/CBMiswFBVV95cUxNVTM2NmU3T2cxQ0JYQm5QS3h0MWxpd0FQejFfN3BNdlNGeTRsc0FnN1F1c3dfbWk2VjV4TjJVOEs1RkVueUNlb0s5elAzZ2R2aXpuT2tMNVBrZm1tU3lGN0lfYTR2Wm9IQ01yQ0tnbE5VWFRoQ2hmLVpISXFUclhUb0JmUEM0YXlBd3FMVmhaWFZrN2JyanJROFIxdFhIQUVqSmo4ZGVYUVNld2d1bVVuOXJrMA?oc=5","Press TV","Iran","1782769500000"
"US, Iran head to Doha for de-escalation talks","https://news.google.com/rss/articles/CBMiiAFBVV95cUxOdGE0NXJiZjRSNFkzMzVFcjJVd1YxTm00STI5WTF0c3lTMk53SDFSamt4cFZ5ZU81Q2Q4eGRsYVZsMlBoUmdSQTNublNJcFRwa0w1SUlYOFpXZVVkRlVnc1NLckJ6VGVVVjJWYW9VbEE2eXlJX3czR2RUNlFNVHp1LVpUZVNGNFVO0gGQAUFVX3lxTE42WFdHWDE2TVZZUTRCaU5SSC1INnBTd28xRHBkQkVSdUM0U3FWcEMxQzVfakJtVVk2VFVPZ3IzMGpweDBTQWJRVkU3bjk0VTNPUmFnM1RkMjZlMGpEaXVYQXJ5U3p4Y3JmTHhNUUxKSGV4RG5mNVIzdWlfejlmb292QURZOVhab3lJZ3hya1NpUQ?oc=5","The Express Tribune","Pakistan","1782769407000"
"Mission unaccomplished – Part VI: US sought Iran’s ‘unconditional surrender’; it got a new regional superpower","https://news.google.com/rss/articles/CBMizwFBVV95cUxOSmVtVHg5MF9fTnhSOTltaXF2MkNQbUQtWFNUWVNYdzJEcmZUUVN1d0xpTlhlNnJrQkhVSTMzVDNtS1JTcnRuWjMtR0FIX2QtaEQtU0ZyblI5Qmc3WjBZRF9mckl6TGxGVHJhdGhrQklDa0NEdmR1LU5sT0V5Wmg5R25HaVE3RENFellCWk9BM21yZ2R1bENnV2dJeTZydjFhNHo2dk51Nlp5TlJBc2dyVnZ1Z2pfakFSOUFLOGJ1djF4Q2RXXzgxdkd2alYtNEE?oc=5","Press TV","Iran","1782768540000"
"Trump says Iran meeting to take place in Qatar","https://news.google.com/rss/articles/CBMivAFBVV95cUxQb0RuUmFKQ2VNakFRbHctU2lCVWRRc2thZVNES3lCbElwaldrdDR2RzV0SnFLNGJwT1FJMi1Ldm4zYzNDMWxOQzJBRl9iaDNkc1Z1RS1HblBsTVFoX0wtVXJzWFZyMjVMX2RVUkVnTkREYzhodEVDMTNZdnNJNThVb2w0am5vZDN1Qk4zMlZxY21HVEJodVdGYUdYQUpDTGV5OFpaaDNSY01kX3lkTWJUMnAydmp2Z1lTV3UzWA?oc=5","Le Monde","Europe","1782770875000"
"Oil Holds Gain as Iran Seeks Hormuz Control Before Talks With US","https://news.google.com/rss/articles/CBMinwFBVV95cUxNVlVKZTN6Q1lUSEpNSm9INFY3NElwRG1KNWg2UExHTXlyeXZPcTJieklUVENqMkNPUTRlNE5IRTBuekFoNTNza1Z6ZDFEbnk1RlVpYV93SnRqd2tSak0zLVJ5eFFDN3NnMUFycDdwVzdBTTJHN1M0S0FJTF9DOFd2d2NpNHM1RjNYWjBuVUktOXZUdk45dk5kS1Fwb0liY1E?oc=5","Bloomberg","Global","1782770475000"
"Opinion | Michael Ramirez cartoon on the Strait of Hormuz","https://news.google.com/rss/articles/CBMikwFBVV95cUxPeGNmMF9RUFZGaDFFV2hKek1FVUlZdHF3UDc3V3lCWlc0NHphanQ0SXJNNHBVUjhDakExVTBCalp3TkkzU3ZEMFMxa2Z4WEFyeFMwLW1FbnZOWVhuTVZ4eHZja3NQNmVSdXNuWUhnTUdVbFM5eDNkUy1SMDRQWVlNbmtGZGxxY1B6TVBhTXhCQ0Y0YUU?oc=5","The Washington Post","US","1782772142000"
"Top Trump officials face bipartisan questions in first all-member Iran briefing","https://news.google.com/rss/articles/CBMikAFBVV95cUxPa2JRZWt2NEhQSmtuRWVYWmJEOE1RbWlsQUZ5eEZwTXQwN1lDVXlxTE9uZUZMYk56NWRKOXY5LUNMT3FCc19WeGpUb0N5OUFPQ01uVWlLUTUyVXlnY1BoUEp1cXQ1aXJzSUFMUExCV3RvQnVqOHdlTEs4WTRzeno0NnYxUTVLQnRWRHYtYmtXbXA?oc=5","Politico","US","1782771738000"
"Mike Waltz warns US will respond if Iran attacks continue in Strait of Hormuz","https://news.google.com/rss/articles/CBMiVkFVX3lxTE90OGNlZHJFbzRNalJBa2ZpODFBVnFTc2NTekRqZFdNTVhROUxoUUlRNVJBQWtSZnZNWFhJLVFna2E4enBTT094dkswbUZ0b1RKYnltMGpn?oc=5","Fox News","US","1782770661000"
"Watch Cook: Iran Talks May Go in Circles","https://news.google.com/rss/articles/CBMikgFBVV95cUxOdkxUWVU2RmEteFRhQWxOS0VjUGtTUTdjbkpmZTJ4SGU1Q3ExblFmTWQ4NjVSTGFaald0YjRlc2VQdjE2akhNT3BrdHBocXFnckc2UHVaYVlfaWhWaS1zYTRzWlJkdThJTWc1UUVGNmhNS3JFQUlQeDZxdGJuVjRMSFozLTNCaGZZNUgxSlgtLUVUdw?oc=5","Bloomberg","Global","1782773406000"
"President Trump guards expectations ahead of Iran talks","https://news.google.com/rss/articles/CBMiVkFVX3lxTE5sUFVVN3NpRld0Sm5JVWdoZEhlaUpJWTJvd29OQW1RaXNyanR1WkVybWdUdTRGYmt5QjdSRXV4aDNBRHdMYzZIWVppUXhncFpWbnN6VS1R?oc=5","Fox News","US","1782773153000"
"Impossible to deal with': Brit Hume examines tense US-Iran negotiations","https://news.google.com/rss/articles/CBMiVkFVX3lxTE54dHBGMkZPQmRIcFJaSHctenhjSTBvei1XVm85NXlOeVAxX000aERpVW5ETUdSYnVHNFpiYWxwcERfamlVc05yWUU5UnhyM0hpS0gyNVRB?oc=5","Fox News","US","1782773114000"
"Iran says frozen $6bn will soon be returned as part of peace deal","https://news.google.com/rss/articles/CBMimAFBVV95cUxQV1ZvbVNXSUs1bVdYSFJLUERNQ1RLRE9PM01FZmxTN3EzRTlNalc0dnItUzl0eWRHMUluX0l3T0Z3eGtCUlE4Y2tRbTZKV1BVekhHSWNpMzZ6U2ZIdUE0NmgxbTRXd1ZKQTAyUmdnWEpCMG1RUTBfYmRNTDV6c1ZtX3RUOVA1dEt6QV9heWN0SFQydDNjd2FYSQ?oc=5","The Telegraph","UK","1782772800000"
"Major questions loom four months after deadly strike on Iran elementary school","https://news.google.com/rss/articles/CBMipwFBVV95cUxPbVFKcVphelVzSWhXUDVTclNwTVJLZVU2X0ExZnB6SW1fR3pTM0gycWxyOW5fWVN6NlVrSmd4ZWlGdFhGME1aX3MzRTF3S1dPdzdGaG1ndndUaUdEendNUkhHZXZOZENZMVlmVzhZb1ItY0xGaG1BTENtNGp3OEF5ckU4RE01YXYwSjFqeFlYN3pydWs3eTROUGNJLVkzdWhfa0J4TkNkMA?oc=5","CNN","US","1782771724000"
"Brit Hume: Iran is ‘impossible’ to deal with","https://news.google.com/rss/articles/CBMiVkFVX3lxTE5zWnQtcXdpS0Q2UHVrXzdmMUhFUGg3U2plVWR3Zzg2MlB6YldwOGVyelJoQ2hyRTVtTWJzMGVyc0RNbFBXRHBVN0cyeXFOeFFfNmk4MUNB?oc=5","Fox News","US","1782774746000"
"Iran’s Strait of Hormuz warning casts doubt on UK-France defensive mission","https://news.google.com/rss/articles/CBMisAFBVV95cUxPRlRnZ0gxdkVJSmc5UUJyeDVPaGdaR3Z3NjF4dGZSUGJZWF9DcDBtaVdwOUVSTlFYWmxnR1NyRGluWFFOZFBJYzJSbmgzM3pPZXVQUHJBbFlNdDhxUW43UkNzWEw3cXVWdU1wY2M5LTVSNlRlWXJzOWg1aExOY1R6T3pQb01ZVjNvTVhGTXVWUzlCQnhDT3k2UFktV0lIV0o3WC1vWXVGTVp3aFFOQ2xkRA?oc=5","The Independent","UK","1782773820000"
"Trump Says Iran Meeting ‘Perhaps Important’","https://news.google.com/rss/articles/CBMimwFBVV95cUxNbmZ2UV9IbHVCeEs2enV3bE1ZT2RMb29LeWF4NzNLUGMtZ3M2UXpXU1hyanh4TUNCd3IzRE5SaDZVc1Q5NUZqQV9oTGoza05jUllHbnlkVWp2MzFkemctM1pMYlU2SlVuU1JCT0JCQVhXUC1WYTA0LWZVXzYyckJZOXN5SkRSUUFnWkZqS1RtTXpXQWZiVk5yNkdVc9IBoAFBVV95cUxOMlZxLUVOY0NGZFBiSzVTUkNpaE5CRXRHS202U1MtS0gyT3NScmh4RndmclI2eTRMTUg1MXpzUHRwNGhfclkzTEZ5bTFkWFhGazNHV0FIcXozdnJsTmdTNFZzZUs3WFEyTWRsancyVy1Qd1NoaFgweHJRMkhPNXFYWTFQc1JUNGhjdFFXVE45dXkwaEoxd3ZUNDJTTlgyMG9M?oc=5","Al Arabiya","Arab","1782775429000"
"Trump says Iran requested Doha meeting as Tehran denies direct US talks","https://news.google.com/rss/articles/CBMimwFBVV95cUxQREZQdmhyLXNsTnZlMkVzOVY3WEN5TzJzRmYzTXFCaGN5OVQyRWJJQlBaUFJWOVd1ZmJEQmhaRkhNY1JhbUIyRkE0Z25HOFFtNzNtRjBEN2ZtZkhyano5R0pYUEtyejRiTjVEM2NjbExkdGZMbER2QUVtOUI3U0xvckRSRnFKMEsyVWRENVlaNEVzUEp4UUt0RW8wMA?oc=5","France 24","Europe","1782776760000"
"US, Iran deliver conflicting reports on fresh peace talks","https://news.google.com/rss/articles/CBMilwFBVV95cUxOT2pHZlNXU0JUYzRXbmMybWV4ODVVY2dKVkl1QTFpU21IYmRYX0lSSFJKRXUwYlAyQXBBNS1RRWlTZXhBVHJsUXhUZmN5Q2Y0dmZBRF9TbVdqcFpyM1NoellScExPNExBX01QV0Z4aXpYR2dtekFZeW0zNFhpcGhGNUd4NzltMFg3cVNxeWY5YnBKVG1qQXJV?oc=5","DW","Europe","1782776133000"
"Oil Falls on Possible Position Adjustments Before Expected U.S.-Iran Talks","https://news.google.com/rss/articles/CBMiygFBVV95cUxNblpsczVCTjFWLTBXcVJBa05VZnhPLXFzRFc1ekt5al9MUjhqMVpKY0hUNGhTNlhveEtoTVVyb29fcVE0YXJ3THBrT3dGODFOQzY1VVRqaHdPYkhja094TTBMREJTaUVTYjc0TnVsaTVySkhNMGY1anBTbVdSRERJekU4SVVlZlA5aHNLdWctSEpPNlc1Mzh2OF9CS0FYRld2NlRkQ01adnBXWF9pN3JnTnVXdzlCM182RExZclN6bzVCMldIM2lUc0Jn?oc=5","The Wall Street Journal","US","1782777000000"
"Gold Holds Drop as US-Iran Tensions Weigh on Inflation Outlook","https://news.google.com/rss/articles/CBMiswFBVV95cUxNT25JZV9kQVZPaTlFVVRxNjJ5TmRrdkF5TXJITTZlQ3hxUzhzeEJTWndpSlh6TlRXcHMyc2pTbk15YlprWWctZ1Y3VWhfQ2k1RHo3eWlldTliRE5JNGx5d2prbmliOFA3SURabkxCU2JkV09LVUgzVnBkVUJvcjZONXNGRDd5M09Fc3ZsYUduOXZBdlIyNmNCMEFWVWJyUjFRZEE3YWtJMk01T01idnNjeFdZOA?oc=5","Bloomberg","Global","1782776688000"
"Israel's UN ambassador calls Lebanon deal 'bad news for Hezbollah, bad news for Iran'","https://news.google.com/rss/articles/CBMiVkFVX3lxTE1QazN3WnhFY3NNTXdkLTNscmxTX1FJNWw5ZDBzczA3NG5NQzdpQVJvdGpxX2JZUno2Y3FWYWJIOEl4R0k5X2xDWFgtYlUzaE1PZVRuY0pR?oc=5","Fox News","US","1782777115000"