headline,link,source,region,published_at
"US prosecutors credit gold trader in Iran sanctions case with key help ahead of sentencing","https://news.google.com/rss/articles/CBMiwwFBVV95cUxOM2dtWnJLRGdIVzRuUE9mQllZT0lKcXJGYWN5MDNTbDhLVHNYRHg1UUh3eHZnS3VSS1h1MzBiS0dRUnA0dTRFeXBKN1JEUm1rSy1ucDY4b2lwZ2J2eDlpczRoU2hOekVwOEdnalBwQjFzVnVOQW1mME1PU1FYS0szWENzWndMeGtSQUM2X21Ib05XaXFJZENQdUwwbFlMRkJHRlR5WmNmd3ZxVG9CamR5MnFVanhmOTlwSTBQbF92bHhEVDg?oc=5","The Washington Post","US","1783382624000"
"Oil tanker struck in Strait of Hormuz, UK says","https://news.google.com/rss/articles/CBMihAFBVV95cUxQTmxlN1RsakJjREdJOGdSQ3piWjRJRkI2cXREMjNMbDNZWjY0LXN3UG1pVVJ4VUNYQmViNXdJYmNTQzZsUmxIdFpHd29VMlpaMWI2dkdsVHg3Q19zdW5kSmlRXzl5dU1XQUVxQnY0UXc2eDVmLWVXU1RwNWlyNGFvWFVfc1DSAYQBQVVfeXFMTUNSdEI3VDJkeFJ0MVFaTU9tRDJsRTgyQzA2OTZ1SXVZenNtbm1TNlNTdnVXNlpfR2g1RklDNDhaYjRGT25RNXpwc19GYzY3Nm9fNlp2SU9WRzNrMWdJekhCbXBRSzBRZmR3QVBJU1F0MnJ2alpNVWxzZkFvTVlPaEFHYmlL?oc=5","DW","Europe","1783383139000"
"Oil Rises on Possible Position Adjustments Before Expected Resumption of U.S.-Iran Talks","https://news.google.com/rss/articles/CBMi3AFBVV95cUxNUjl4NDc4bklhSWlraDJvUms3c3pxeHdGZ3hoZFNtRUU4T0tVT1BXX1pUZ2lwbjNVREVvcXVVOUFFRENsMl9lYlVXa3pTdXNYOV82bmZCNXlUQWZ4WHBSZE5ZTV9aSzBUV1M5cUZJano0TW8tTnFEQ2dUYkQ5YzB6amhLMXdlaXZQSTdnY2k4SjlzSW1admpjWU16OUdqMUhKVDVMQTE4bGRrRVpQWm5BSThkMnlyRFFXRjBMZy1pX1ZXN3htc3NsemxzYjhrLUJUT0NHN05TXzJtVGNq?oc=5","The Wall Street Journal","US","1783382940000"
"The Road to Tehran Goes Through Beirut","https://news.google.com/rss/articles/CBMie0FVX3lxTE0xNlp3UXVKc1FETmtwX1Z1c3lqX0dvb2VtSU9pQTk4d25JYUw0a2pWZHdtWTBFT0Y0ZjUzSkcydXU0U2JQZ3hkaG1fUFNHSzJDZFlmNnpMNkNtbGtOam9IWTNtckJYZ1JjQ1lITFV4UG8zVDQ2aExsSGtvUQ?oc=5","The Times of Israel","Israel","1783383060000"
"Oil tanker hit by ‘unknown projectile’ in Strait of Hormuz region, says maritime agency","https://news.google.com/rss/articles/CBMiygFBVV95cUxPbWg5bWZ1Nklzbm9RdTNILXp3T2FlcG1LemQzOTd0WUZvbVcyNEhaX2dkTjJFY096VlhPWXFveWZMeUQtN2J0OTZpTW1tUmVKc29uTThic0tWeVNMejM3VVkyR21LNnBfa0tURTZBTjdwa3d2Yms2dnBGRmFWUThIbWRfZ2tsWWdUR1ZjSERnZmZDS2Q1VVJRMDRkRENTU2hpNDNhUDNmaWF2ZGJMQUw0Y3RTT0NDLTVwTHpZbm5kdnVENzBaZ1dkQlR3?oc=5","The Times of Israel","Israel","1783384858000"
"Resistance and revenge - Iran wanted to send a message with its farewell to Khamenei","https://news.google.com/rss/articles/CBMiWkFVX3lxTE9SMnp1VXVZQjRoTHNLMkNQS3BRRWJlbnNaRkRxbEd1dnhkNWtGdGYxbDRfUUNjX1BDUVptek40cWdsX3RNc09KSkRQTk1sQ0dOTjlhZXZaWVZGQQ?oc=5","BBC","Global","1783385163000"
"Tanker set ablaze after being struck by projectile in the Strait of Hormuz off the coast of Oman","https://news.google.com/rss/articles/CBMiigFBVV95cUxOT2tfRFIyMHM3Y3R0UHRSQ0xwNEdNX2pjVUV5QkFGZk4yLUpVeU9RN0RHLXpUYU5UMzVIZkNwOWV4Q2dKTnJYZVl6UzZadkxHYUVYNmUzYWxoUEo1S2pPRUkxWmFsMHhadUYyams3ME5TOTlVSHhuTmgtRVA4NGo1NlJIOF9ZOUU2dGc?oc=5","Associated Press","Global","1783386720000"
"Japan-owned supertankers head to Strait of Hormuz with Saudi Arabian oil, data shows","https://news.google.com/rss/articles/CBMiyAFBVV95cUxQR2lTRUYzb2dWejJHRVRjWnVVYmtxSHo2WWxDNTQ1OXJQVGNFSmpUdmNzR1ZuSUJMZkdPTnNoVmxPbVJ4RE9kWUlzWnE3TTg3VFh1cW5lYW9RbmlHaUZoMTIzcVcxR1BfM1VMN2F4Qm16RDlubC1xQ0J5WDB6dkZBZGQ3MXBObFN2T0xOZFMyZVZwS0g0V2taWU9wWlp1UlFvcWlWeS1SQXNqM0VsaUJKZldIODU5RWZaSVBhN1g1WWhNZlYwNXdjVw?oc=5","Reuters","Global","1783386360000"
"Tanker set ablaze after being struck by projectile in the Strait of Hormuz off the coast of Oman","https://news.google.com/rss/articles/CBMisgFBVV95cUxPa0d0VVAwQWRYbXpON2xsZXg1ZDdiNVF5VTRFOUFicngzU3g5UVF2OHZtYjhXM21hYmF2RXlyajFHOUlVU1ZRM19JckpiVVl4MFh0T0NrYXdNRlQwVVVMdzE0Mk1RMU5YLTJtTkZTalJLbmJoNUtBd2UzUTNraF9aU1dBYWJzLXlZbmRjWnRJR3dTYnNoZTRGV1U3bTVEZmZCakhKeXV6OVQ1U3F1SjUtMGtR?oc=5","The Independent","UK","1783386720000"
"Iran resumes attacks in Strait of Hormuz after lull, U.S. officials say","https://news.google.com/rss/articles/CBMifkFVX3lxTE9tbGNnLW5qNTl0VDktckZlNFVidXJyTFNIQ3hxZnU0V0ppaHpQTnFxOHdOcHRqdVNGZHMxNkxsRTFYOEF4UGFXNFZTUl9oc3JwRWJCZnZaWllYT1EyMm1kX1BUaWZ3cy11VU9zQndSdWRpN1RrZnVFNnhHOE1ldw?oc=5","Axios","US","1783386119000"
"The Iran War Has Oil-Rich Alaska Freaked Out About $9 Gas","https://news.google.com/rss/articles/CBMigAFBVV95cUxNNXI1azZFa1NJWk5DeEpicVhwWGJBa3ZkLWFzWFZKNGJkRjVBb1VPTXJlZjRwTFVqdWJFUmVGaElGSW1jZWQtbVVUbnVnd0M0aDRJX1pPYnRiNWl3WldwTEtla1R0YlNnR1o2ZEFQTDlfb3BTeFR0cVBhaG8xNHRybg?oc=5","The Wall Street Journal","US","1783386000000"
"IRGC Fires Missiles at Ships in Strait of Hormuz","https://news.google.com/rss/articles/CBMimwFBVV95cUxQVXptTnNYdkpkaHlOVGEzOXRuYnVVVDRlQW1USXZCUlhVLXJSaTVLYmh5bk9Zc0Z1UXViMDlCcnhMU2NWM095RTRjN0xTRHRsLUNodmNZNl9GVFZPUEgxcTRic0pNOE4zVlNNRXp5dndscHZIWWVMV1JZVFRrbDBkMG5KZ2NveFpfYmNlZlVRYVFwQnBURVJiNlROOA?oc=5","The Wall Street Journal","US","1783385460000"
"Inside the state of play between US-Iran negotiations","https://news.google.com/rss/articles/CBMiVkFVX3lxTE4zVUlSbUhxUm84bWh2ZUZzREtMcEJQejc0aDFkVnp4LUhWMDF5c2lVMTJnXy1HeUIxYnM1MF9mMTdWWVRkSW41bWl0SHJIR3lmZWc4SExR?oc=5","Fox News","US","1783384646000"
"Iran fires missiles at ship traversing Strait of Hormuz, US official says","https://news.google.com/rss/articles/CBMiakFVX3lxTE9fMWFnS1ZfamQ2VXhyb3l5VHRXVmJqREVjMlM1Q0d5eWpQdFJ5NFB1UnBKYTZxQUlic2FnLVpDN0NlSXFpaEd0djRUT2RUdzZENEY1dHY5S2VEWTJLQk9xZjdzNVRuZThqdVE?oc=5","The Jerusalem Post","Israel","1783386231000"
"NATO allies seek to win over Trump after Iran ire","https://news.google.com/rss/articles/CBMinAFBVV95cUxOdVRmM2phRVM3Y2JRcDVqRzRIa2pXTFU0RXNHT3NITHcta2haNnNEOUtweFJhZjRkXzVYUG82U1NPcG1pNG1uY0xuajNaUTZkV3dnOV9CVTB4VjZ1RmI1a20yYXdHUUlWSHYxMTdhazRpQWpvdWdlaHpER2VHb0hpaHkxR1BBdjg3aGRibW52UFo0Sk1sZ29XNkdIMzA?oc=5","France 24","Europe","1783387749000"
"Iran fires missiles at commercial ships in Strait of Hormuz, Axios reports","https://news.google.com/rss/articles/CBMiugFBVV95cUxPUVFSZk5WeEJaVV96QWl0TDFIZDJUNWFlNTVkNERLdkxfYlVuY2paaS1KbkFHaDB6dkpEeVQ0ZXlLLW1RTXlBTmN2XzBPaklObVJ1VzdpWkFVTDhIYWFNbWlRdDVWZDJkZF9BY0FlNmJHaDBPbmY5ZTVDMEw3M0ozbjN5N2ljem83ZVBQZ3BhUEc4VTZBYmNZVnBiTVFoWUJUdml0dEdOUVYtMG02VEJKQUhMaUZSSnJuWmc?oc=5","Reuters","Global","1783389840000"
"Iran Missiles Hit Ships in Strait, Axios Says, Testing US Talks","https://news.google.com/rss/articles/CBMisgFBVV95cUxPUjFhMnhRSlpqZlM1WjRZOTBVN3dUMk1zVW1rWVdOWEFSeWxwWktHUWZ0RUNXS2NnSy0yYWJ1MU85TjBfRmExLXBLUGJ0dTJzZlZ4QXRPLXBmQ3UzclJCZ1RlWDdFYU5fNXdFc2ZTaGZSQmlEdW5HbFFVR1Jna1NNUFpBUDMwa0lzbHlrVFhCbnBlSXpmWTJtV3VENXp6cV84R0Z1aDIycFNGZnVPNy03VE9R?oc=5","Bloomberg","Global","1783389600000"
"Tanker set ablaze after being struck by projectile in the Strait of Hormuz as Iran mourns Khamenei","https://news.google.com/rss/articles/CBMivgFBVV95cUxQaXR3c09UQ19mTHNaWDBSenJMcjRMRUkyQVhYWE1kYTVsYVdtNmJiN3B0eVFwMDUzcGlNdjRFWmRBS0RVUWRpeGVqTEZqSVN3UFE2WHZ2OHhUN3ZLSzN3bUlFbmNhNTc3bEFvNzFtR1lLY0w1V2kxOGYtQVRIVGctMWtTZmZ6MERxV1VDeThFU3BOalRLejU5TjhnZGhNempPNG9fajVyWWRORXR2ZnkyWGZUaE8zbHVzYkl6VEpB?oc=5","The Washington Post","US","1783391006000"
"Tanker set ablaze after being struck by projectile in the Strait of Hormuz","https://news.google.com/rss/articles/CBMi3wFBVV95cUxPSWdXVDdoeE9TOW0zMkkyV0ctOHBsMU9zN1FWaEVuemlaMGpSNVJxTlc1a2RvTkN4U2lVWXhMYWxzZ0xsdk5ET2tXZGwwSllDaVE2TTZFd2lIUXEtM2pCdjcxWXE2ZHlJSXpzZTNHdGtsdWZKd0I3bHZ1anlQcWc5NkZ2VHpjT1cxai14UnNId0ZtbDNxclJHR3o5dG5zNy1YcUJsMVFuSlFPZTlRek5NVWZ6Tkx5X0NjelNTMVVIdzFLcGU5bmRrNUdNUTVmS1gzN09kN1NxX1c1OENGTDlV?oc=5","Politico","US","1783389000000"
"Mephistopheles in Berlin: Iran slams German FM’s Faustian lies on the Strait of Hormuz","https://news.google.com/rss/articles/CBMi2gFBVV95cUxQTU5VLUZtVnlkX2RodjB3QXY1bmVjNHlRNUlvR2JXTmU5clFzNTlxTG12Z2RmOVg3TTVJYzBvSDRNakZRczdjNzNHVGV6RUgtUDEwMER3TUtkM3duc0hUZWU2T2VBX3JYR19xRm1feDBWOE9ZMlU2V0ZmbUJwMjF0SjFEMW1XYWVkMlZxX0pjOEpCZ1NxQVpNVlFvVV95VVFVLXVuaEY2NUFXWFcwbWFtRGNfc2tDYV9hc01zYmdfRmZqM0hCdDAzbHhwS0hXcUhxRm94TTZ3dHNSdw?oc=5","Press TV","Iran","1783391100000"
"Israeli envoy says Jerusalem views deal with Lebanon as superseding US MOU with Iran","https://news.google.com/rss/articles/CBMitgFBVV95cUxQZEttUkowZGE3T09zUUpXcGVsdFUwMVhGV0NkWlUtM2lfTUo5dkdFUHJ3SXlEUm1sYXBncV9hdDRlT2h0LTlKMHpmYi1ENTVSc015cVAwXzJRX3pWNEZJVURMazRkS1dKSS00amhrcEpsZTZHRlV1Q0hzR0dhN2ZEcVU1OTNJaEdwRVJHcEh2OGxNZzFJYTZESlRxRDEzMFhwaVdXTkFLU29hRkpfNDZrdnl6eXlwd9IBuwFBVV95cUxPYWZjNWpHell5WUJWTjRzSEdzdmdEMlFwekNpZDd3emM1eHdCVXZQUkl5LVJTS05VcWNFVlRJLVZDcWViM1hfSUlCTi1OSGs3RDdNRmNmUmRsSW5zV21zUFFEMUJYMzNtVHREWTJuRHlIWE5Oc0FTYUg0ZHlpRC1PUnBJTjlVVm5HNFFCMndDWG85eDd1eGhETEZXek9LWlByUjJmTXFPNmFUcnMxRTdPM21vTktndkExN0Iw?oc=5","The Times of Israel","Israel","1783390859000"
"Iranian official calls Trump's threat 'delusional'","https://news.google.com/rss/articles/CBMiiAFBVV95cUxOUjQ5ckJ2ci1lU1dpNWlOODlBSVpUeU85cWtTWXZqZmk4cVUwT2NXU3UtRFA5ekx3YWVkZDRpUV9DTDB2dW5nT1VFVGo5QVlmTTNYNE5Xd0FrUWNuTS1wZ2RJZmpUNEJDSTdpaVFOM1Rab2EzQ0Y1Q2l2WF9mY0ZPc2kyUGxCWS1f?oc=5","Dawn","Pakistan","1783389655000"
"Millions gather as Khamenei’s funeral procession begins in Tehran","https://news.google.com/rss/articles/CBMinwFBVV95cUxOcVJ3ZHQ0UXdVWWpVTk0tMlp5ZF9SYzNncUY2cG0zbkkxUWM2WVdBZk16TXk4dmhEbEE4aGpkbklVWThoeG1hRG1KTE5PNWNJNVItbXlrUEFJbGgwY0tMb1haMUdna0NiTEJmYVltWHpOam9sdC1zeWpwR3BrRnJjcFJVV1otV2VhdlEyS0tZOUxIRGxYYUs3R2FoM003WkU?oc=5","Dawn","Pakistan","1783389566000"
"Trump threatens to strike Iran if deal not reached","https://news.google.com/rss/articles/CBMijAFBVV95cUxON0xkTldpWVdiUkJuOXYxWl9nOXBiYVVKRTNrSjZ6bEhmY0ZXSGJUajJvNHFwTGVDNkIzdFp4Q01meTZVbmNuZTdwZkFLbmZRR3d5VU9kMldqaEFuQUV4MVlvOFVmNzIyS3RoelhTa0pPb3FMV0lRVEJUWnlOSWpiR3B4dFZPM2JiUnRqNQ?oc=5","Dawn","Pakistan","1783389566000"
"Oil tanker hit by 'unknown projectile' in Strait of Hormuz region: maritime agency","https://news.google.com/rss/articles/CBMiswFBVV95cUxPQkhWbTN0R0lzcE02RmpBRkdVS0xxVTBtZVhHYVVZRTZSZnNZQ0dnNU9uUlljUTNSUXhuY3g2VDd6QVdDd1hZcHNTNmtoMkx5Q1ZISEpuLUd2aUxkcDFudDdCYWQ5Wnk2UVNvSmtkVVNHcFVXTy14eFdFUlEza1dqZHBnV3ptb3hTM291REZ4S3VNNjBLeWJqbzFmdWlWeU1BSndiWmZkNE5OWmI3azNxWnhwZw?oc=5","Dawn","Pakistan","1783389332000"
"Iran said to fire at 2 commercial ships in Strait of Hormuz, including Qatari gas tanker","https://news.google.com/rss/articles/CBMizgFBVV95cUxOeVF6N3hMaUMzMHVtUlEySFktUDl4ODRjZVRIcWpjUWVfNk5kSTJiWWFvOUk1c1hkWENpS0FZd3NKQUlReEJ1eVJHZ2Z0R3hRQVE0aUQ2SVZiY3c3czBPNDduWXNteXRHbk54YWVwNWFHNU55VTB2OVI4bmJydUV3Y2RHV1M5cGJ1SlpkaVVnTUgyWGFKSy0yV2J1WXljWk04a0sxOTg1Zm5JRDJWYnRIRWFPRWsyZXUwRGk0bmJQYVVNQTVBbFhzb21LMUJ4UQ?oc=5","The Times of Israel","Israel","1783392581000"
"TRUMP TARGETED by pro-regime Iranians as millions flood Tehran for mass funeral, report says","https://news.google.com/rss/articles/CBMiVkFVX3lxTFBiVXA0LXZ1V2JXaU1EUEpuNUhCRENURFNJY2JPZy1ONzhZbldndGs2LTJtdnMyLWp4cHRfSDhmNHhVbWlKTVFld19mUFItTUM4NjRoODVB?oc=5","Fox News","US","1783391998000"
"Iranian Missile Hits Qatari LNG Ship in Strait, Testing US Talks","https://news.google.com/rss/articles/CBMi0wFBVV95cUxOMkJyLTY5WVdOYW1mNmlVdW11b3NJeHduRG9tZ2pDeV9TNFFLTXRUR2JKTy02V2hPalh2NFNPSENkWVJJYXpCYmZUSUh6VVo0M1RHeHd1WFd0ZUlkeURNM01Yb0RkUmNldGRJeG1jZDkwMThXazR4ellVRG9jTDltV3Y1QzdYVkJqQlg2Y25nOUU1UEE3RXVVRWhzQmwtM3dReVJ0STI4Sm1MTW82T21nTzk0YlUwaFloYnphblVFOFJKOGF2QmpqQS1maEZQdGVQT0g0?oc=5","Bloomberg","Global","1783392600000"
"US officials blame Iran for attack that ignites fire on tanker off Oman","https://news.google.com/rss/articles/CBMiqAFBVV95cUxNVUljZnE4R3AtcXh1VXdaSWQ4RTVuUTlRRGYyRGJoelZ5VXR0aEY1eUdfbU5MVVNtWEU3QzJHZS1IYWJHQzFhSFAwTTNIT2x5bGhVRnNnemtoZGtrQlRBR3A0b0l5VWVkUnRWYXk3ZThwdEloNUNQcTBjUGJOR21zTWRETVY0aHowSDlTdl9wQjZRdE9iRVMweVBFR1dsbnlldGxhdlZGMjE?oc=5","Dawn","Pakistan","1783393596000"
"WATCH: Trump says US will either make a deal with Iran or 'finish the job'","https://news.google.com/rss/articles/CBMiqAFBVV95cUxQanNHUUE0NVV3bExkTDVDX1g0eUZrbDZaSnVKN3ZSeUhaSkhpZUVHeDNVNWV4UFpabnF4Mk5OaUI3dkU4aEFVMmJyc3VpSkp2WkxRTFBmeTJvd0REY1E2LVJBMDRvbDVGREdwMXBsUk9HNUQ3eEU3RENVdHhid2tacmpJY2hXczVMRDVzVFpSTHY4b0RCdTFLR2hHd25uT3ViTm5HUjRUVDY?oc=5","Dawn","Pakistan","1783392588000"
"Iranian state TV: Gas tanker struck in Strait of Hormuz after ignoring warnings","https://news.google.com/rss/articles/CBMiwgFBVV95cUxQS3dmSzgtN0h5bGxYNTlYdFpvOW1JdjJvVmxteTRQeHA0X3duRXMwYzNVUVhxeDJpWjBTMmZycmNMOHFqRmphdUc3Zi1ENVdQUVZGS0xIZGdscGtZTHhGMU04X1RyVXhkZGIyMlJCc0lsMEZQQzRzX1NyX0tLb2FwYnM3aU9WbWE4ZE9sWU1LSDQ3bHQ4ZWpVOFh0ZG5ndFlMdXZKOGFPVlJXaWwzUjFwZkZNdm43akFWZ3hRMXh1d1V6dw?oc=5","The Times of Israel","Israel","1783396559000"
"NATO allies seek to win over Trump after Iran ire","https://news.google.com/rss/articles/CBMiVkFVX3lxTFAzZXQwZG1HU050NVlsekx1TEFEMkZaV2ZtSVl0U2F5YmJ0X2ZVRF90NVhrNkxyZzVocW42Q0ptRzhiT3NEWFdOOEhjWVlyWTBUcTEycWh3?oc=5","Arab News","Arab","1783394705000"
"Body of late supreme leader Ali Khamenei arrives in Qom ahead of procession","https://news.google.com/rss/articles/CBMiXkFVX3lxTE9TN2E1Z3BmdjY0TmxJdE42Vzd6WWdrMUhIMmNwd3VDRmhhMklPVll6b3FfNnNiRERvUmVOOGc5TXRnQ0dnb3ZjaXhlNVg5OGo4Smg0U1pOZ1VMZnZ3M3c?oc=5","Arab News","Arab","1783393827000"
"Trucks cannot replace Strait of Hormuz shipping, says top freight forwarder","https://news.google.com/rss/articles/CBMicEFVX3lxTFBCTW5Yb0RXY293cVRwWHhiT2xQOUwxYVRRYU01QXhabEhURlFEcG1xdnZfRjZDcmNmUm5CbGFuZW5LdjlsaGQzTDlKUjlVVjZyaDRkTTJUd2M4WmdnZUtrenNuVEpzbXBVeXV3U1ZrZ2U?oc=5","Financial Times","Global","1783396820000"
"Ali Khamenei Was a Monster. The US Made Him a Martyr","https://news.google.com/rss/articles/CBMiywFBVV95cUxOaFl0OWppV3RRR3p2dWFRWXc2N2FNTy1UaW9ZRENzVVRhQWxOeWNjSmlGSVlXOU1iZF9TMWV3YmxCamhBS1lJSjYxUUNSSW5IQ2pEZm94dVVTald6cjRZanMxTURZcU9PdkxJajZfVEFsamhLcld4UmNVN1d0cUFkYlpQQ3B6SE9DWUJvWlV3SDhOcFBVY1NsMVhRY25jSksxaF9aaTdndG5uOEpPZWdmM2lOZTVVNjF0a1hpWGNub2ZYS0M2dGo0b3FzQQ?oc=5","Bloomberg","Global","1783396800000"
"Oil tanker reportedly hit by 'unknown projectile' in Strait of Hormuz","https://news.google.com/rss/articles/CBMitAFBVV95cUxNQVJBYzdWQVZhcnZha3RnQlBReTE5OXpkcXFUQ3NsZEN1dEJTaG00QnpTVFJYQ2RYSEpaSUlNUENsMFlUWVpBWGtCS3ZiWXBHSW9nVDkzODBwQWxtVXE0NVI2SUJDVXdtMU5wcGFtbWdGazlVcE5tOG1wbUxuekJ5ckJYdjNUcnlIbEFRZnVFUVk0UFV6T01TcjdheWtjQTc2b1dhZ192d0N4WnpmN3h2X1l1NWQ?oc=5","Euronews","Europe","1783395828000"
"Joining a Human Tide of Mourners Flowing Through Tehran’s Streets","https://news.google.com/rss/articles/CBMivgFBVV95cUxQT1gzUkZaRFE4YXVzYzlsN2F6UmFQLUU2N1JTRy1EclRxWnFXaWtuR2tpaTFnQ2NBU3I3VHVNMWxhTVVtU3FWcU9nRGY4ZXNBeWlDWHMzWlE0eng1RGhtMVhsZ2F3RGd1U0N1T2I3XzNoQzgxbFJqUE9iSkhqNmx4bnlhWHM1RTJlUmxPYklpeUJMRUk5SXl1RWUyUnhNcF9JVmtPWEhrQ0RMZWtfazVjVllSTGF0VTI2Wnc4VWFn?oc=5","The New York Times","US","1783396874000"
"Iran fires missiles at commercial ships in Strait of Hormuz: report","https://news.google.com/rss/articles/CBMiowFBVV95cUxNMzZkN3Y3czAwVGFDcm0xOEJSdkhiRFo1eDBOZzlQMnFDVmxXNkFmWFFKb0FmaGw3MzN0RlN3NTdoS3RaRXFkUEJNOFRLUzlFLVFrN2E2dzFNc1hYWENHQXE0SDhVMFgzQ0VQOWF3blcwalNJcmZ2ZDJmcTg5a1RFVlZ0T1dTcU1ZaTZ1eW5xbXRIRVdnMG9RbGcxZjNydnBEMWFR?oc=5","New York Post","US","1783395540000"
"Ali Khamenei Was a Monster. The US Made Him a Martyr","https://news.google.com/rss/articles/CBMivwFBVV95cUxPelUtTDRuWUMzb01zckF4VWZmVGVXUVVrUERoc0NGX29fWkFaRko0dzhjMk11cF9jbW9IMmxMbkJWN1VZOEF0d0VndFFYMW0xVGI3Nmg0dVNfNlBlSExLUlBWNmItNXJqMUZoSllwclZhVVNNalYzclJub3AtNGVvZ29KZlVpejZlTXVqWGMyR2hXYXdKNUxnUjFJZlBQcHRFOGx4RGgyVjd6SEtnSy00OEEwOFh3c1Rtd3FvaDlCaw?oc=5","Bloomberg","Global","1783396800000"
"WATCH: Millions come out for funeral procession of assassinated Iranian supreme leader","https://news.google.com/rss/articles/CBMiuwFBVV95cUxQUTA3YkxGQkwybGIta3ZENm9Jb0wwUW5NbW1PZFlkLUg0QnJ4OVdsQ1dqLXBiTTV0MEVndUhlWV9MUFlZdnVwbno2X2FTNTMzc1dvV0ZRSlBYN2pzNUhBVm9qMTJuQ0hQXzRKWlFHTjVxejk4dHM1TFNVVmI3cURLZWtUSEp1TXdsbjNocW5hU3lEdk5oZVhKYnZzclNIRzdvUV9JcGdkRlpNdE5TOF9ady1MNlBDLUFQZ0Jv?oc=5","Dawn","Pakistan","1783398033000"
"NATO allies seek to win over Trump after Iran ire","https://news.google.com/rss/articles/CBMiU0FVX3lxTE9vX3R2eU9vZk5ieVlDY2VHeUFmblpUYkNLdVZKR3ZJQUo2ZWxwVklmR1hjQk52WWpLZFpsLXVZY21mVlJpMlJxeklTbHVZaUQ1d05F?oc=5","Arab News","Arab","1783395720000"
"Khamenei’s coffin arrives in holy city of Qom","https://news.google.com/rss/articles/CBMisgFBVV95cUxNRG1ySEpnTmZVbURidHQ3MEpGcXFxVFVfUm44b0w3WEtHQ29oVUFSNFlULWFJWWZObk01U1UwYjRTN1pEUWJOelpiaWFUZG9KSTBfSEpwTnl3WnN6VENpb3I1STZmeW5NdGdHX1JCZS00M3RKNmpTY3R4cmk4SlpiYjRXRjV0ajB4UjBLWE5MbGNqbTQ0cVlZUksxMFhEY3ZpdWowa1M4Rm1KcHI3S0NXLTd30gG3AUFVX3lxTE03UnhmTkNWVXhZTmMxenZNQXRyQ1V5bHZQckJNb0t2NEZuSG5CbGdBYVIwZHRzQjVFdUlIdkVlRWpEYjhMbUU5bVQwN2l6dkV4eWVWdGtOVFVjNFFmQzNlbFl4dHZoUFRhVDFwYk82TmtxZENHX0F5T2RxLTFBQTVENnB6WXZjOXlYaWk2SWJ3X0RtRndfRUp4bmNmYnBHdy1yNHUzYVQ0OXA5cjVxVkhmZGFlY2hwWQ?oc=5","Al Jazeera","Arab","1783400181000"
"Millions join funeral prayer for martyred Leader in Qom","https://news.google.com/rss/articles/CBMinAFBVV95cUxNcmQyREdsaGJyY1RQUVFINVNFei1DX2FzZnA2bEJMTDQyVFIwQ0FXVnQyb2pEVHBrUGNKT1BlRDMzbHg0Wld4ekNlWUtKX3EyRG9nY3NoUHlHZUlrWkxzdFh4eXBBQVpKNHNRTkxMa0gxMWhldTJDUm5mOEstdFp3dGltWEJ1Q3psLUNsOGdqRWswUmI1Y19hTThNZWo?oc=5","Press TV","Iran","1783399680000"
"Iranian media: Early this morning, several freight train cars derailed in Zahedan, causing a temporary blockage of the railway line","https://news.google.com/rss/articles/CBMibkFVX3lxTFBjNElxUGhXbmZwMlRyNDV1cS1qQmFVWW9iNnl0bHZaVFlhS0JPcDV3bVdjU04xemJHeElpb2VUV3FSbVNBczhsSnU3NUZucklRbzZLOThNZmlfU0dtNXNTdWp6MHA1Q0lyajVtNEJn?oc=5","CGTN","China","1783398560000"
"Trita Parsi on US-Iran talks and fears of another conflict","https://news.google.com/rss/articles/CBMitgFBVV95cUxQTWtWbENKNGoxZG5oVGRBS1dRTHA0UzBHTGFwcHE0Sm9iX0VuMnFxYkVkbndKTkNvOWNpODNvVnlVem4wdzdaX2s5bkJOZWplc01TMlRCenp3UDE1Q00zRmdtUVR2WUlqX2hpQy1xWHBPY0Q3b0xMVHNVakxLSFh4OHJua0ZtMU9SOENMWktWdDVhOWpZaXhUb1VaUW1rWWo0TlpMLVVrMUxTUENnZ1lOemZmVy1CZw?oc=5","CGTN","China","1783398500000"
"Impact of US-Israel war with Iran on Turkish tourism - DW News","https://news.google.com/rss/articles/CBMiswFBVV95cUxOX2JGVGlDQkhOSk1ZWFBVcjNEN2d6VlU1M0lzRWdLc1llVU5tb2doQW5CS2JZLVNUVDFTdzNyOXh2MVJNbW5mcndFTnAzM3NNSXNKcHNkalFpVU8wSy1oNHBTZXNyblJfcWtObGRXaDI0SzY4NVAyYl9NQnZwU25GZWdOYkRTa085T1lmUUZWNTI4dVRKb3ZWU2tsLXFQUjc2a0Y3d0lEQ1M1MzdzU2lFeTlfZw?oc=5","DW","Europe","1783397100000"
"Tanker on fire off coast of Oman after being hit by projectile in Strait of Hormuz","https://news.google.com/rss/articles/CBMirwFBVV95cUxOYjNLR1VhX0c5WnhJaUZvZ3ZXV29ud2luZVFzaHZDbk13ZUF4c1RTRWVFZzJJRUJadEo4aVhXbEZBTWU2Y2cwTlA0MEJLcS1GdF9oRzNOX01BMC1mSG00YUJwenpkUklxdVYzb2JaTGpiblgxVXBLNWVBekJfR1JJWDZHMzluX3h4THkyTkEyU2NNZnJkU1ZWcUdZR0d5aHV3VWFiLXV3R0g1Qk5zcWRV?oc=5","The Independent","UK","1783400400000"
"Tanker struck near Strait of Hormuz, UK maritime agency says","https://news.google.com/rss/articles/CBMiggFBVV95cUxNYllRNXN3TWlGeEE2cFMzaEFFb2xDbWFtN05XSXhuQmJPSU5FbEhPbzh2TVJXenU2RzJmZHdGSXp5dGhWaFQ0WS1PN1VES2hqWndRQjEzWkpKMGJmLTJjMk5yQnYxUGJMSUVuLWdqMEtUMUF3Q1BoSG5oUXlQWHVoaHB3?oc=5","CNN","US","1783398744000"
"Tanker struck near Strait of Hormuz, UK maritime office says","https://news.google.com/rss/articles/CBMihwFBVV95cUxNa2pVTUpjbU1nbktYTGl5ZlBSaVp0ZkxSekdoN3JuS1AteVdyd3d1UzR2V3lZdVpOUlBkbG1PaXI0MXEzZUVXZ1d1V3A2eUhvRmVnNVpPV051STRZcDl1QTYxTTYtbExYZHhBMDlPeTZERWhzdVpSYTBmQXV2LW1lZE5aYnhEenM?oc=5","CNN","US","1783398744000"
"NATO Allies Seek to Win over Trump after Iran Ire","https://news.google.com/rss/articles/CBMikAFBVV95cUxPQzFyMkxKSjY5clZlcFFHb1pMNUFSb0pZejBQSTI3cy1GQzNfYXM5TThoVDRtZ0NwNF83dnVwd0QyNGlMelk1SVNtSmhCZ2dqMGNIMlNITmpCemFVR3h5bEdXazQyaExXZDRjR2t0MzczM0UtVjd6QUlpSXgtM0k3NTZ3X1pxUktxdHQtMlhFVkE?oc=5","Asharq Al-Awsat","Arab","1783401596000"
"How Israeli start-ups are helping ships navigate a contested Hormuz","https://news.google.com/rss/articles/CBMiY0FVX3lxTE1xak94SU1OQ1RuaS1OVHIyYW9laVZDZGc5aUNIYWNBTmpVY1k5MnpFbTVnbXE2U0VWdjlRRDI0TE1EdkRWWFZBNHNDOEpBQmoyUWRLSTZWOVIzTFdILThFS3Flbw?oc=5","The Jerusalem Post","Israel","1783401482000"
"Live Updates: Latest from Israel, Iran, and Middle East","https://news.google.com/rss/articles/CBMif0FVX3lxTE1PTG9DMEMwZGFWRm1WSGRFeUVoZDNVNWl6NEV2c3RFZGk0eG9sXzhPN1BBRnVOOWJIMVZvTVczdHNQUEZDeDdHaDZnd19RVHpFaVl0bUZDSzZYLTJtbzFlNG5IUHRoRjYxNlVjWmh4aW1IYWJlUzdPWVFLZzQ5UTg?oc=5","The Jerusalem Post","Israel","1783400405000"
"Attack on tanker off of Oman could be linked to Iranian mine-clearing operations, analyst says","https://news.google.com/rss/articles/CBMixgFBVV95cUxQTjZRVTloeFJ5RWlKR1NfX0otYURIbWdTdndLd1FLMWdPNDVPLU9GUFUyN3Z0b25tVDhkWXFSVUIySkwzZUI2a1Atc192VExLb1V1Ujh6M2tqMXFjOWJsRFBUUHE0dTNVVW14OXBEQzVUakRON2JZOHhUMVRDcW5WX0JudTFwdkhHa00zbVhqYUNLdmtHOWRZdmNFWGhYQlNnTXh1dGtPaHJBdHhGMDgwaHpqR2doZWg1X1ZMWGtrdk1GVW9TWlE?oc=5","Dawn","Pakistan","1783399646000"
"Iran halts final deal talks with US over Donald Trump military threats","https://news.google.com/rss/articles/CBMiakFVX3lxTE5NUDl4NlcxY1hEQ0djUHBQS0dCaHM5bEpzYi0wUlplMGplblFldDUxVy03V19qdkJJSWpUZXFhR2xRTkpMMmNZem12VFhxTjFyenRIRHA1cmdUcGQ4enQzaFpzX0x4RmJfZWc?oc=5","The Jerusalem Post","Israel","1783403526000"
"Iran Issues Security Directives to Control Narrative Around Khamenei Funeral","https://news.google.com/rss/articles/CBMitAFBVV95cUxQYllyeXVfckw1TjB5ZDFSaW5iVHZzQkx0OUQyMUdUTW9wUkwwNzdKbVUyWlktcGRoWGhTQzNYLWIyeDltZ3hLTXVwNzhZRi0wQlBPUnhlRmswNDU3NVdnTmoxNGJxMnltQjRYZGxIQk5nSDYwdTNTTGtLZl9UaTBkekRjUEMzZUJUX0pjSTl1NGxUeE0yRXFBZUI0RzdPbUpzQW9LaGVrTDhIZU51UVJjRXhKVzc?oc=5","Asharq Al-Awsat","Arab","1783403265000"
"Iran foreign minister says US threats are an impediment to deal-making","https://news.google.com/rss/articles/CBMixwFBVV95cUxNbmRnMzhsUko4QVRnWVlJY3FoVjhJbnIycW8yeVU1NkMwVmpyWXNSZFl2SjhnUGNTU3BVb2NOVjNFenh5TzFEZ2RsWjRjWk1IalV1cjdiNk1FV0ljZ0c4TUZka3ZhMzZPSGk1RDhGVnRRMks0b3l2OGpueWV1NXNKUy05YmlsSk5wQy1rckgwUzhpTGx3ZlY5QVFEdXRrYUpVeDBMMWtGeGJrYzVqd0R6RlZnUUNqM3djVXVwaUlOQU85eVNCdF840gHMAUFVX3lxTE4tbk1tdGIySHFQbTFXVlVCTHZ3Ulp1NzdJczF6MkpUakxPejRfVXdBbzBhR1V0SlJvbkN1T3VSTk9VUXllZHFRem5pNXBlb1dNQXpfaW5sX3FIS21odVlfdnVGWFRPX2k5eUY5ZGtpcDE1V1doWks0RDVHOTVORU9Ic1dhYi1BbGF3dXhodWxEeGpINWhMc0JaVlprdm92SF9SdEpUZ0ttNEFzSUM2Wkg5VkJhTEE2RE82TGRuZ3JZeTlOcUZUeUFwRndfYQ?oc=5","Al Arabiya","Arab","1783402740000"
"Iran Fires Two Missiles at Commercial Ships in Strait of Hormuz, Axios Report","https://news.google.com/rss/articles/CBMirAFBVV95cUxOTDFMZE9CZ2tPelJYVEhoTnJVcUJNaWZUdUJZR3F2QXQ4cTRNbTA3THlYc0JFc3BtdzR0c2J0Y0RDMjB6bGFvRE1VQWt6Szk4Z1ZSX2l3d2ZHR2ZucVZrRmpOLWk3cDFFSFZBd1dJMVVkZHhaaDFCM0M0WWdvX1JHUEZEZ09HaVJ5RVJPYlU4NDIzU3J2dk1BeGp5OG5pTVlPRzR5Q3UtM01QTG1G?oc=5","Asharq Al-Awsat","Arab","1783402660000"
"Oil tanker hit by 'unknown projectile' in Strait of Hormuz region, says maritime agency","https://news.google.com/rss/articles/CBMiugFBVV95cUxPcmg2RVlrSHBaVFZ5SEM1SmwxTkM4TEotdXBidnRROE0tbzZhQmVpeElpaC0xQ0JST3lsTGhiWFg1eDZVb1lha2lmejZFcWhBOGtBX1N6WEZmSllPUzVCcW54NF9WMG9MWFJmRmtBTEJaZTZrYi1GRDh5eFZHMW1YLWdzNHlhRS1BVno2Y3hCeGdGd25iNkxMcnIyNFZmUkk1S2NPeDlvd3VxNTg2QmV6R2tpbzNwVUV6c2c?oc=5","Dawn","Pakistan","1783402382000"
"Iran fires missiles at commercial ships in Strait of Hormuz: Report","https://news.google.com/rss/articles/CBMiwwFBVV95cUxNenBoRXQ1ZzJIOU1jSDlzRHF3R1FSU1VyUHRvc1hEWXl2VkstV3d0YkdSS2VKbVJraEJGQWtydXlZNHYzaWlWRE9rWEtPTjZWYkhnckJwZEQ0bHVJem1oLU9UbW1Xa0V4T2xmSU9TZ2pBdnlnUE5GeV9lRUpIOFJHdGp3OXJWblM4QTRzRTZBU0FIckZGMjVWN2dhcExOZ05MQkk1TVdBZnh4QVVUeVFib0RqODE4MEV1VHJiNWZyTnU5cEXSAcgBQVVfeXFMTmZWUHY2ZVF6N0U4bXZyRXMzcU01QXBwQ3U2bUZGdjZwNjVFWklWd2lvY3dDR2x1cjBYZnRtUjZvamJpQ0JGREt6MEktN0QzaEM2NExSSnpITkxHN0lFR0o0TDhsTkZsWFkyc0lxV1hvc01zYUw0UnJnZlZqYnc2MUNHQVZLRnpsMUpqNTZYZ09OM0prNUllZ2daV2hBZl9ORC1SUFZVVjU3U0M3UG52SDNkWF9HTXBCYUluRC0yNkJEWnk5bDlkOWM?oc=5","Al Arabiya","Arab","1783402380000"
"Iran-linked hacker group Cavern Manticore targets Israeli IT, government sectors","https://news.google.com/rss/articles/CBMiXEFVX3lxTE9FV21VQldtVnZTclFhbFJsbUFtYndNbXVCVzljMEtXM3A5Y3U0MldMRlAxbDNKM1RIODdNQnNaV0JjRG9STUlSZ1ZFajUwaG9lemQyc25DVXRyRFdk?oc=5","The Jerusalem Post","Israel","1783402314000"
"US threats are an impediment to deal-making: Iranian FM","https://news.google.com/rss/articles/CBMilgFBVV95cUxQQUxDbS1DX2hWMGQ5RkV0c0l5dkp5QnBMRUI0WGh1LWNUNGtEaWtKdzFRU1FjVlpUc0VUc3JVa2NqS3kyeE1ZMk1VUE1sNmswVDV5Z3NSNEhfTEpxTHl1ZGJ1S2l5RGVuMXhVb1FhUU5mMFlGME1IQmR5S3YtVnYxVDE3cTU1dWM3NTRjcGpMaXAtVXQzQ0HSAZ4BQVVfeXFMTnRGbk1UUXVjTEZSTFZlM2NOZlVaUzFsb3ZKOFhuLW9JRGVfSDMtT3hCSlktSmp0VEZKY3BFTTJJOW5VdWdKZHgxX3lWT2wyQVpqV1lqS1BlZ1FOcEtwU2daMW90X0hqSVBMLXQxTG05M25EaWpLTkhTM2pDX2NxMDNQVzR4aC1kQzMtbVFmSG5vV1F0Tm1OREdhQ2FTN2c?oc=5","The Express Tribune","Pakistan","1783402292000"
"Iran’s Araghchi says US ‘threats’ are impediment to negotiations on final deal","https://news.google.com/rss/articles/CBMivgFBVV95cUxPazJXakk1YjJ0ZW1KWnFjRnAyeFI0Rm90SXlrZjhzajV3RXhSS1VjdTlCV05NRElZN28xLVVKUnU3bF9qd2N6aHFOR1N3MXA4dzJwRURNVU55SzFhMVljMjRYUWNyckhETEpqT2J0aHlGNXZiR2lGbmlvRHlXeUZ3VXc5YmlZb3I1amljTTZrMnRxSU9QX3h1cEluc1p0TThVQlQyYllCZVN3TzBQci1mRGpSX0JMdFRRUVM3T3p3?oc=5","The Times of Israel","Israel","1783402260000"
"Iran Foreign Minister Says US Threats are an Impediment to Deal-making","https://news.google.com/rss/articles/CBMiqAFBVV95cUxNTU5SczVGZWt3MHJjMmtSUTZibmllWTlQd2c5YTkwbmg4VXZrbDFrU3I0SUIxUkhvUkptalh1Ti04UjZ0R0Y2NWxGMjhYMFF4dzF0bE5vVHk5RXQzc2VfaFJjckxTZ21JSFNqb0xsSUhIU05UZlZQaElhVDAyQTc2S2htTTc5ckNNWHNlRzlVVUN2cDVoMm9zRmEyOXZuSWNTQlltYi01Y2U?oc=5","Asharq Al-Awsat","Arab","1783402219000"
"Negotiations on a final deal will not commence if threats continue, says Iranian FM","https://news.google.com/rss/articles/CBMitwFBVV95cUxNWkJrZHM4cnBDRUJuTWFIYy13N3J2dkNXRUtYRnliUHN1ZS0teXpxeFA0Slp4VlVaclJqQnl2ZkpJMnMyM1p3RERCcV9Ma1M2Q2l0bWlFNEpUcmxOVVF6TklkamJ1V180ZUh3UG05cEVHQ3UzNndpNWdyODk1bzlqTmp5YVh4ZHZITF9zNGRuMnFJaUpmQXNFZkRLY0IybnFxVzB2RXRlbS1qVk5YanlSaWJuQU50SjQ?oc=5","Dawn","Pakistan","1783400775000"
"Pakistan inflation seen easing after US-Iran war, brokerage expects September rate cut","https://news.google.com/rss/articles/CBMiWkFVX3lxTE50M0hVcVZTT0FyQmZjXzVuRFZvX24weWR5NHJIVHo1bVRwTTZCTHlqMjBWTVBCcHo1YmRiU1JXVDZ6bEJYcWxOMEJORjVMTTNmeFpMbWxoNjJ1UQ?oc=5","Arab News","Arab","1783400687000"
"Oil tanker hit by 'unknown projectile' off Omani coast near Strait of Hormuz","https://news.google.com/rss/articles/CBMiwAFBVV95cUxQZWR2NER0cjJmWWVoVDFiVWVHR1NfeDIxSVhxa1I2dHF6RHdNY1hOTGFvUThPRVU3RmxWTXV1WjFoUE0ybTJFb0taRjk5X2t0dlJnZ29fMVVnWThEdjlKdzVSWjBZQ2JyZ1Uza1NIdjl2aUdwbnBsQlVWTTRPM0pEYzduTnRZUlBvOURrZlFSQmpjM1pyNThkdHl0eDY5bnlSOTFaa1hXN0tqOHRvVVpRaU5pRUxfSHN6ZHlSV2drWU8?oc=5","France 24","Europe","1783403541000"
"India's MRPL first state refiner to charter Iraqi crude cargo since Hormuz blockade, sources say","https://news.google.com/rss/articles/CBMiywFBVV95cUxNLWg0ejVtM0t3ZW91c3p4WGJGbnl4bDVjQ2Z2YzFpZHRTUEIyd29hR09DVk9QN3dlc0NHNkZyUDhfRHZGcWFtbXNkcG9rM19sQTJaVWM4WnZjTUJQY24yOUd4bkNMT29WdkJHeUhvVU9rakwwQnY0ay11QnNMSTl6aXJwb2lFUUZuNjRRWkxydFlQT2ZGN2pFZzZkUjBJNnFyaDl1dTdDcHY5eFJIblI2aG94MjlUdkd2MWpXSExGQ19ET0NnYlNYM3BpRQ?oc=5","Reuters","Global","1783402440000"
"‘The world is dancing’: Iran mock US exit as Belgium do the Trump jig","https://news.google.com/rss/articles/CBMinAFBVV95cUxOakEzX1RyNzN5MDdwbncwZVhHeHR5MXpmYm41aE1XVHd3cDR1eEVUTkRFX1ZJZDdtR3g1aV9GZ0U5OFgtOHdmb1Z0N0syNFExd25LS1BaZ0tkUEQyNVlQNjRZVklpNzBqYm5abV9CRW9sSjg5eW1vYVEwXzNGX0VIMG9YYWRXbTY1SUV0OGp1dUdkQ3ZZQWhnWm1PV3M?oc=5","The Telegraph","UK","1783402380000"
"Attacks on Ships in Strait of Hormuz Send Oil Prices Higher","https://news.google.com/rss/articles/CBMiswFBVV95cUxNVnA2S1doelpsaE44TkRVQU44YVdORXFNb1htaUJuWWFaUnRxbVAtdlozeW14QVQ0NnRrTERqeHpJZ29idjI4aFR3VDVnTW5feVYzYVdnNkV1LVF0bkNOVU5sUWZXZkFJV0VFcEJMemZxaE1TUmR5b3pKaGNlM09pa1lzbFE0endEQ3BjbXd0ekNRdnRBU1VrQUhXNGNVWU1JX0d4WjhwZm9jQTV5WHM0ckl2Zw?oc=5","Bloomberg","Global","1783405320000"
"US Keen to Form Alliance with Iraq, Syria Away from Iran’s Influence","https://news.google.com/rss/articles/CBMirAFBVV95cUxNMVhjLXYtaE54QVdFNFF4ekJQUFF1WTNDVC1Zd1o4RFJPZzhqSERmQ0xxX1dKZEpDLXZVWVBnU2tHMl9hVXpRQV8zNFVUNXZhdHdVZmZGRzZ5bzNSUEx4ZWNpQllZdmJLbEttMmZuSWsxVkdEMEV6NThkdlRHUDJ0M2VJR2UxcGRJUUJsY1ZrSF9xdWlEc0s4OThBbGRsVnUxU0FTQ29pLTlQRVhz?oc=5","Asharq Al-Awsat","Arab","1783405553000"
"At least 108 vessels crossed Strait of Hormuz between 3-5 July, says data analyst company","https://news.google.com/rss/articles/CBMivwFBVV95cUxNWTZwc0lDbzVlRjN0VTJTZU95SnYxRTd5eWR6Qmh6WGdiZGt1VXlkek1RdGNncU1odVFNYU9SYmQ4QTRXMDcyRjFUT3dzZlpFdmxwaWxnWUhMMC02NFpGNmE4Tm9xQWFmdmF2eGxpUDVlOTRKeDJQTUR3LXlxWWlXSmxRQlBpWlhwd3BrUFRTaUdoYlYzaXNGdmV2b1IwaTJzaGlaN2Z6VU1JNno2eXVpVjJTbWRpd1gxbUdxWWFIUQ?oc=5","Dawn","Pakistan","1783405327000"
"Al-Alimi: Iran Guards’ Flight out of Sanaa Is a Violation of Yemen’s Sovereignty","https://news.google.com/rss/articles/CBMiygFBVV95cUxOd0o3T3BiUDJWcTBYTXd5eXo4aElFMDJFbUxJUmVxTFZfTkw5QWNmNlV3SkJjaFp0aFBNZEM3ZFZNSmxzWlNyY2ZSb0F5aUo0NzkxWkw4bXdtYy1XMEw4LTVTNGJpTXBNTUNycUFoMWFSaV9SNEk5anFEXzIzRHI1Z1FnT2hjMHh5SncxNlZQTWJOV25VZDdHaU9RS1RDampzMW5QT1hCSDc0SWJwZG5TVDdPWnFiOU5fWUFVUmxEVldkNDhoOWhUaFZB?oc=5","Asharq Al-Awsat","Arab","1783404623000"
"Pakistan inflation seen easing after US-Iran war, brokerage expects September rate cut","https://news.google.com/rss/articles/CBMiU0FVX3lxTFBHVTM3MFdSZF9kUFJIblJ0QkVTSmwxNmREVGZvOWYyVGVaVzZyUEhYZjNxdktDVmJsYkFfNjZpR1pZd0wwOUR4Y3FNUEtNLVR3QmFR?oc=5","Arab News","Arab","1783402698000"
"Thousands of mourners gather in Qom for 4th day of Khamenei’s funeral","https://news.google.com/rss/articles/CBMitAFBVV95cUxNWkVnZzd4VXpSX1FpSGN4c2c4QWVncGJvMlFtUnZ0Tlo0MDBmUnBfLXhFZ1c5WEdOS1JPSDhLRW1OZUllR2hFNDljeHdxeUs4N01tUS03QUxUNVU5N1FDMUJBZmRvdzdWQWhpY0lXbG0yU2FLc2lfUjdhT0xWT2I1VDZuOXc1MWNsNlBLQ0pxOHdFcWJqaTBiSWp4aDk5R0pvUl9KN0J6cWNIb3U1bEh6UkRJeUw?oc=5","The Times of Israel","Israel","1783406761000"
"Iran fires missiles at commercial ships in Strait of Hormuz, Axios reports","https://news.google.com/rss/articles/CBMiXkFVX3lxTFBPQ3hSOXhIYm5MbUhBTTF1NTEwcV9qRGowRC1TSUtXU2FvS0hRN3M2YUYyQ3VXZkRua0NkeHdESk5idDYyeTlzOHVOQTlMVkE2dy1uWWhfSV9KNTRFT0E?oc=5","Arab News","Arab","1783406700000"
"New Strikes on Ships in Strait of Hormuz Test U.S.-Iran Cease-Fire","https://news.google.com/rss/articles/CBMijAFBVV95cUxOVWNwbUJWWVFmZXFpRGtwblBLU1lNUG9NRGVkVGpORHRnOVVjeEN1S0Y0aHU5eDE3T3pPT3hxNVJZanYwTk9GWE8wTktFZnYwY0RPWDRuNXBsdThwTlBoQjF2NWduYkxkODV2YXlGT05STGdJYVUzNU1rek5GNnc0REh5OFdkUVFodWhEcQ?oc=5","The New York Times","US","1783406291000"
"UK house prices rise for first time since start of Iran war","https://news.google.com/rss/articles/CBMirAFBVV95cUxQUnppeDQwUHpLdTNjTUNMNEVHZlpNRFdXaEhkajNUdU0tbzhjemNwV3NRQTVwSlVWU21tQVo0RWF0YmdXOWZ1NTh2ZEpGTXMtSzBnLWc3WGJJZHAxOG5fTUlSQW5aMFlDOXBhaDlna0RESmhqMUtVN1VrdTZRRGRteUdyWnBCYzF1dUtqSFgyN1BjZjBtMmNSTzBxNC0tT2ZXeEQyTmdpSGl0cjAw?oc=5","The Guardian","UK","1783408860000"
"Joining a Human Tide of Mourners Flowing Through Tehran’s Streets","https://news.google.com/rss/articles/CBMilgFBVV95cUxNWkNhU3lwZ3l1eFNPOFdUVmhDTkxPbnIwVUFydDBFYi1MUGZFY2x0anZXT3lMb1BJQ204MDNMamJmclc1RnkwLUdzSmNrSTRkcXNiaGg2bkNCTERuMDJrcEp5VE5YVDJUZHFVNXpLOU1MdlVFR3VtVXlJajZtREprTjhZa0NaMHprbGtDOUlvS3VZUVlHUmc?oc=5","The New York Times","US","1783406034000"
"Neither Iranian people nor Armed Forces are moved by any threats: Araghchi","https://news.google.com/rss/articles/CBMisAFBVV95cUxOcjdUWkpTU0lnTGYxejRYOVNCS0xOQVUxeFhYa19mYlBGRkJPRHZ5SFU3WHVyVXBBMDBKT0NPZ1huS2YwdEotSDVjdG1wSFNFaVpFN0lpT3duaXpaZDNBVVJ5S1l5c2w5Y1FxX1RZb2tqQXRfQl9aMmI4N1dvZUV1S0JWcFlSWWE1VXlMaFUyYlRBMFBqZWJSNk1wVjk5Y1J3aTZmdEQ4U3o4Vjlrb2VlOA?oc=5","Press TV","Iran","1783408800000"
"Tanker on fire in Strait of Hormuz after being hit by projectile off Oman","https://news.google.com/rss/articles/CBMipAFBVV95cUxPY09EYjkycFVkd2xiR3o4OUFpRUpzeFg0MC1zczF2bTRlTTgxOU9oenQ1Wm96VUtRcnJsbUNKc2FscTZUTzd1aWJZZFNnU21uY196NVhCM2Q0MTJjc0FZUUFlOUlEeVVTMnlHclU5Z3lHUXczYWVVRXJZZ1JzRGl1QVBDRnRMMWFQSjcwSDllb01Xc3NrUXNzVGZBc214eE5HLTFrWNIBqgFBVV95cUxNeUxUdWZqVlg1bTR3Qk9kS3NZYWxpUTNHbFhUTUdJM0M4TEpnQTJFUXVDRlUtWl9CRUl2cnF6Uk1Ba2o0c1FTV3Fab3ZCN1RnQ2diMTAwQzZ4VEl5dWc0ZVVtaXJHdVBjTTlBMjVfRWtZMGEzQUVKUkFhTlh6alVOWHFBYnhxYkxzelFiMUNlanFCWnI1ckpJdUtFeVJLU0hpMkR5dU5NU19rQQ?oc=5","Al Jazeera","Arab","1783408643000"
"NATO allies seek to win over Trump after Iran ire","https://news.google.com/rss/articles/CBMiowFBVV95cUxPdVZyU2h5cldJLTFsNWVSaEUxZUxyTnZCOWN4NFpDdTZPTXhRd2llQW5DbzZWVDZzMFlrT1pxa1VuTzJXenJiWks4TTFEUEtHV20yRDV6ZGdyZmxuenFHMTdsRWNmcmV0ZmsybDZZRUVQeWUtWmFmVmd3dDhNMHFCNmZvaVlXX0g0SkdtV3dDOW9kMUlucEFvQTVxVkMxak1ZaU9v0gGoAUFVX3lxTE14V3VJOXY4dmI3SDhJQml5V3hMV01IYlpSZm96d3BaSkVoa1JGRzRrdG9ST3RMZnJiSzYydnBMa0JOakxfeGl5UmYzMTdoMXd1RDlrOC1FbVdNZ2FCMkY2YnpSakFNVVJST2dlVnF4UlNWYXdOX09LcU9PUl8yeEJsT1UzWWk5eDNvVl93ZFQxdDN1VVk4ZGJZaVBpWFZOLXhGOWxDQ05jag?oc=5","Al Arabiya","Arab","1783407360000"
"Crowds Bid Farewell to Khamenei in Iranian City of Qom","https://news.google.com/rss/articles/CBMijwFBVV95cUxNZm5NeHB2RXNNck41X0VoLWVIWUdOYjhPV3ZidmgzYXBSaUdXSFFmQjZQWU1yaFpOMmNFT2oyOE1zOFVsMmZ6dE9JeVY0WGVZTHg3UjZrSkdxc0Z2VUFiSWNYSktjMFBiTGRhbTdfUWVFWHk4dzY3aGdOVlpDdjVfUXlCSEpoUWU2dk1ZY3dlZw?oc=5","Asharq Al-Awsat","Arab","1783410153000"
"Qalibaf vows those behind Ayatollah Khamenei’s assassination will be punished","https://news.google.com/rss/articles/CBMiqgFBVV95cUxNSktieE5TTkFsTUtVRmRiSkgyZFpzNWRsUXZ4c2dCNGVlSWNacTF1SzZrYjZxU2VqaV9JZ2tPNlFmTW5yaW1nLXB0VXZibUFRSnI1WWdiQ2g5Z05ydGx5UE5pMmY3a2VjdU90UmZIVlFyOWJNYXlmRWJPNW1EdnlYV01xYk5RakdzSmJlMUZjTm1Vc0d0Zy02ZnVhWEZxQkdzNXdBdVRFNndCdw?oc=5","Press TV","Iran","1783409940000"
"US-Iran Update | Tehran Warns Trump As Hormuz Tensions Rise | Dawn News English","https://news.google.com/rss/articles/CBMirgFBVV95cUxNMEdGN3lNb3VaUHlJSjZLNjZKVVI4MHZWRm51aW1DdUE2V3F0MGpCZnFyV3ExUkd3M05HQ1lFNWw3Yzk2SGNLUFhJWGJFVXVSbnBYM1VmYk9Wb05qVm5ZaWlJX2t0QjJQTUNYbmJyWDVTc2g2aENVdkxZY0V0NEl6RUluX3BHUjBMRE4yN2k2RkVOcjZfMVp0TGhiRDlwekxHY3dtVFRMOGZHSXRBVkE?oc=5","Dawn","Pakistan","1783409120000"
"Mohammad Marandi: Iran's red lines and Strait of Hormuz policy","https://news.google.com/rss/articles/CBMiugFBVV95cUxQLWdlR1R3cVBCTFRTMEszaFg2eVdNbXIzMGV5ZmdSOGtORXVXaFNiNl9HVFF5NXJRamtsdUpZUFlGYVFaUndPTDg0NHdORmIzWHhKQVpYRkFIalFGNWFGcmNRWEVIbXN0LWtaeXhpc3lYRGgxZG9TT0swYkRlM2FFTnI1ekxYN2hHUHFvVldaQWxIYXBNTTFaZEppN0pkMDdZY3lSNG9fYmtjUHBjWkdsVHRUcGRnd1Z6cXc?oc=5","CGTN","China","1783407903000"
"Shell sees boost from oil price spike amid Iran war, but gas production hit","https://news.google.com/rss/articles/CBMijwFBVV95cUxOTndkVElHeURCZEpPNnZRYjhwX0t2V1hhcGVfUTVGX0l2RG9vNW04YndSUDIwWHBDa1ZLSUFhRWZiNEhaX1hDS0xlY1ZIcHczVGJ3MVVndmNlVmVTdnVrVzNuWHQycjNSM1J0a19MOHFvb2E0akRoTjlnbk0zY3NRTk9WS3c0NUE1WHBNQzFKVQ?oc=5","The Independent","UK","1783410000000"
"Qatari gas tanker hit in Strait of Hormuz","https://news.google.com/rss/articles/CBMicEFVX3lxTE1UUzFybkpyeXhkbDBERVJ5M29IR0otanJMMThzbHZvVzE3MENtbWJ0ZzZHOTBnSWliZlVyY0NiczVjTjY1bDFiajVjR0U4R2o3YmtkYXZ3dHp0dlBWTUxpYWFiZFFCbElkOTM3ZFNxZFE?oc=5","Financial Times","Global","1783412357000"
"Shell updates its yearly forecasts as impact of Iran war hits","https://news.google.com/rss/articles/CBMimAFBVV95cUxQazVlQW9ta2tRUmpnNUwzc3pKT3VydXZjZHhuOW45WWFPU3B5MTNqOWVIUWJsZldIMmNuT1kxVktNeDNSdldiOG13QWtTUEpSYWkzTTlnNXh3M1NqY3l6OFFxd1VvcU45eFEtdnJYcFJFTVJmcWlQbWFLcFJhVmlob0xqdXRuQ2tSWFlVT1ZycS14MFRZM2Q3dg?oc=5","The Independent","UK","1783412700000"
"Shell boosted by oil price spike due to Iran war — but gas production takes a hit","https://news.google.com/rss/articles/CBMijwFBVV95cUxPRWlKRVhhUDVCSzlOS3g3c2hzOUphU2tWU2ROeG5QekJYY3Y2aDlBWm5oM2dTeTlOWkRrVndxOXBYV212SEF6WVFiYTA0ekkzSnRVSU1nb3NWNkxqUW1PUVZ2RlVqLVpBR185TmlNV0hITGM3cmlKQ0g0dXFoTVl0aGU2MzVIYTYzQ3kwMEM0dw?oc=5","The Independent","UK","1783411980000"
"Gold Falls After Iran’s Attacks Near Hormuz","https://news.google.com/rss/articles/CBMinwFBVV95cUxQTUhKYkFrbmZFM19nRHBORDV3MEgtTUd2ajBTQmFTUFNjZm80V3VaZWotc0JHQ3JkdWNTTUlSQzdMWDlaNXJIeXdzUXJkbjZMdjdRWllDSGhlcWNrMkRMUVZTbEo1U1k2cUljU281MDV0Y2NlSDZieHBVM2ZQVV91dGhGSnhaV0NYb2tXN0kzN2Y2d1AwSW5vcWo1ZUdKWHM?oc=5","The Wall Street Journal","US","1783411680000"
"Iran inviting Western influencers to Khamenei funeral shows weakness, expert say","https://news.google.com/rss/articles/CBMiakFVX3lxTFBkX0d6MXRWX0FMR0gzZERXRkJYcjJWOGQwdFUwRGhWZDRUbjlMYnRLalpDZFZQbk5pQ1BydnV2X0JvbFRYdlR1ejVpc2JzZVdKOG5sV0dxdEVheUF0b2UxSGlCeDkyS2lMaFE?oc=5","The Jerusalem Post","Israel","1783413583000"
"Iranians demand revenge for Ali Khamenei during funeral ceremonies","https://news.google.com/rss/articles/CBMiwAFBVV95cUxPYXZRWXZXaWtLREluY0JnanlTWHBrQ3lfYXBWTnhnLS1tVDM4TGFMbWtDWEpsOHI4Uk9pMlJZLWpyVFBFYjlRTURIMDVhLWpGbWhPb1ZEWUpDMlZfNW9qQVJsOVEtajRnTlplaWVHNkpxaGdXME02bTRPV1daSHJBNFV0S3dmckpqVUNVVkZuSGF6QXRiMGhUVzVYRjNuaXVYcWdHLWd6cnVWTUpfY0J2ZU9zYWgtOFJqOEpiZ0ZhWUY?oc=5","CGTN","China","1783413522000"
"After Iran war upheaval, global shipping eyes return to status quo","https://news.google.com/rss/articles/CBMirAFBVV95cUxQYWU2amE5VDFhNmRPMWt6NzJ3NjJaYmNoYnZ4a1lDYW54TGdCUWMybXVwWkIySG9rV0I5VUsyRlZham9wT3dDLVc0LUNhQ3dEUDhhdVA1bVNEZ0RpVzl0aG00NVBjZmRsTndsSy1DUV9qb3V1eS1OdjF5cGxBczloaDF4c3pNcWx6V1ZDTmFSRk9pTFhGa3puZWpxS3pReC1kcmZqbDBzRDdXTjZB0gGyAUFVX3lxTFBxWnpiRHI3elBFOE1PT29oZ3NoUHhyNWVQYkFfWHZ3VHlLZ0pRZTYtdzJTYkhxNTRvSERPMnFETm1hLWFQS3ZEQWR1ajJULXRrLXdFRmRQRVI4c3NxWEcyTmViSnQxaFltVGxVYjlzTGI5bjA0dFBra1JuMVo5NzZyVWQzOUFVS2l3SFlEYUdOYnhuMTd1RlRnNVhBVmxEZzd1NGlZQUplOE94WXBTakVWVWc?oc=5","Al Jazeera","Arab","1783413187000"
"NATO allies to discuss Hormuz tensions, mission with Gulf Arabs","https://news.google.com/rss/articles/CBMiswFBVV95cUxQS3BJZDBWYkMwckg2UDRLQ0pkclZiRjNPeUIwZ253X21aQkJLYUlRTWdVaklnRlpfMGxLQ2RkYUhHZ1EzZVRrWWdzVXUtVmpaQ0QwT0UtdEJPWi1vV1hjOG03LXREOUtZN05mTlF1VWc3Z1E5SXhHaHkzWjFGZGFuTjU0RjctZ1VEMDhfbDZkTVUtdFBkZ0lhbDlfeUotWVU3bnhiZk5DSExrdGt1RkZpX3Fsdw?oc=5","Reuters","Global","1783414783000"
"Iran War Opens Brief Refinancing Window for European Chemicals","https://news.google.com/rss/articles/CBMiyAFBVV95cUxPZWwxRHNESW9aRThXNkhSMHJGcm5sZFVlZG4tVktFOHplN0pLTHhOdGE1cS1FVUxqZC1fM3Z1ZWpMZFkxSUM5VzhOdXhUWFA1LURIRXV4dUtLQzdoNXI2ak11WUdGSUpNcnFOa1d3Mk81ODgwMHI2N2NvMFdjNnU5MGZzcG1oUlpiNWJFUTFnRjNpNEUteHAtNUdiWkpMU3p4MTU2SW9HVTlTcUxVUG9peXdqY2xzTjU5Z1duX05rdmk4NlgteFhOYg?oc=5","Bloomberg","Global","1783413085000"
"Gulf bourses mixed ahead of earnings, weak oil and US-Iran tensions","https://news.google.com/rss/articles/CBMiswFBVV95cUxNTExVdFFQbVI5NjNzdTlMamhtNXBwbllZaVFsemJtTTB4akpWcTJsVFhKR05pY1dld3JiR2lKNjdlcFlJRkZLclM2YW4wdG1xZDV1c2IxWlU3dHBaSmoyRHQ1M09TbFVFQjV3R3JoOWsyUDZsdUphM1VQdGFUOVpHY2dnVmtyZlNNOTB2aUZsdE9BUzdKS044a0hQTGx5YkhVWFJ4RWxqV1dMY0lfbDlnaTZJNA?oc=5","Reuters","Global","1783412758000"
"""I just want loyalty"": Trump's Iran grudge hangs over NATO summit","https://news.google.com/rss/articles/CBMia0FVX3lxTFBORmwxWEVQQUVCcjRXUWRoaWQ1dFVUZ1F0OWVJVjQ1TmY2eXhIaGVfa1JhNTEwNVg5T2pXUXlnU2JVaHlGN0Q1Wi1NZHkybWhBNWJBd3pjS0VzeWtHb2lKczFCSVR6T244Smg0?oc=5","Axios","US","1783414927000"
"UK house prices rise for first time in months amid Iran war","https://news.google.com/rss/articles/CBMilgFBVV95cUxNOFZFaldsX0pyeG9qZVNVVm9zLWZUTUtnNlhFQmtNTVBPSEM3U3UwNGVfLW1KREhXMEtZOXZGQmNKaW1YRUNLeHVGWnlTMVVOZ29hWUFoVGplWXh4T3psTXExUWpZR2ZacHpqSWpfbEFRTmluTkF5cUdIQi1HT3o4UWM1N0pHVE54eEgzVWNzYl9OdFJzUkE?oc=5","The Independent","UK","1783413540000"
"U.S. Tech Futures Down, Oil Prices Rise on Ship Attacks Near Hormuz","https://news.google.com/rss/articles/CBMirgFBVV95cUxNbXN3SGxoU2c5TGYzWWpuaVJHZVBnZ2gwSmpoMm5HM05MTk12REJIVzJDMlA2QzRTd2ZSY1ZSYkhwdTlULU9nMThnbEZTLWpGQ2JLb3RrMmVzUlNKdG0xcXpuZmh3Y1p4VnFWWWtZYWdqd2RlZkxEVHRYOHdjQi0yRzRsWmhSR2JJQlpBdmE4enczcnR5Q0JjNGFqYXhTUDVyNVFhdDVSVXFSZnYzanc?oc=5","The Wall Street Journal","US","1783413300000"
"Indian State Refiners Ready for Iran Oil If US Extends Waivers","https://news.google.com/rss/articles/CBMizwFBVV95cUxPYTZVaEo4T3YwejcyeG5yWXJ6MFVrUndvMmxBQlBOSnRfQzFFWU9QVjZfY0xQVjlMUklEN0V2R0Z6TTVucHdvQmVVQ2ZVMTcwM2VjdVAwTHNTdlZTcWxpT0NFeWVHdUxHWkFKNk1vUDQwOUNlV0VXM18xbmlNa1lTQ2cxWGZHcUx4OGRmb1UzdndtNmtMejVoUzA2X2x6MV9SZzVSTXBUYlNjNXpINTlMbEQzS182WHRzUFhBNEYyZHdrQUtSbGxYRkFQakJ4dW8?oc=5","Bloomberg","Global","1783415707000"
"LNG Tanker Attack Threatens Qatar’s Efforts to Revive Hormuz Exports","https://news.google.com/rss/articles/CBMiugFBVV95cUxNenMxZDhjTmt6Uk4talhqQVBjOVNPVGNObWtlOWE4TXRDcjAtdEh2dVh2UjBsQ21zckJ1YXRVR29GRUk5UFgtYmZjWVdlbV9lWnpNLUliR3Q3aVRWZEVnNFVWdVp3akhuNG1IZXpFZTQ3NUY4YlIzQVllMDIwd1NxX2FuYnpUeVdsX1F2WDVwbWVHaUpqVHhaWndBMzR6Rzh3dGV4QTlfU0lHMlcwd3QtX0RXUmRzNVVBUWc?oc=5","Bloomberg","Global","1783415366000"
"House prices rise for first time since Iran war shock","https://news.google.com/rss/articles/CBMipAFBVV95cUxNT0ZxemxNWmxPM1NiM25uR3N5UEJNZ09qbUxCb0VZVUhveDhtWTJxUkJ1M0xXYmhZZ3FjTWtaNjN3NFpGS3pXbmFoZEZRQlc5dkpUTGI3OHhpYU82c1R0eVNlazhnZmZhaXg2WkFRb3VxMXpnVnRmMGxTa1c5WXVvX2FOekNIZU9OWGxGc2J5bmdsMjQtLXhYZURkUXpnZVNXTUVoTQ?oc=5","The Telegraph","UK","1783416480000"
"Iran’s Slain Supreme Leader Is Mourned in Qom, a Center of Religious Study","https://news.google.com/rss/articles/CBMiigFBVV95cUxNN0czSmQ2NV9WckxNSllKMjNBWE9EN0VqbVNoS2k0R1d3SFZ1TXNtM0NleV9HT2luaHFkdnVVWXg1eEFzeElSd1ZqdDBMeTk3T0ZvUG1zUmhRSGpiZWVVVWphVjhkbXEzVVdrcUhySk9VendUQTNoZGpRTHRkVjNQa2R3NGtnZElvWUE?oc=5","The New York Times","US","1783416242000"
"WATCH: Ex-Warren campaign volunteer spotted praising murderous ex-Iranian leader","https://news.google.com/rss/articles/CBMisgFBVV95cUxQeE5HV1BRdGFmVHJkd1lNQ2pJRy1FbnR4Ql80TlR1S0hZTjV4Q1FoQllrQ1VSdnRTc2h5Q182LXplNnpaSG14RWxTLWpMcUk5UDlnMzB2aGZHS29EZmVqbXRFR1EwSE1UV1YxcTVtMmJIVk5KcWpVTGU2Y0xqR0l2LVRrRlZpV1IzUHRqRjNzRzUxdF9sd2dXYk9ZMEdtaGFoVl9MQm14ZVZSeHExXy03TVNR0gG3AUFVX3lxTE11OUR5RUwtZ0lFamwwWEJ2SzQ1TjluLTVzMjMzNWJ2WkVleTNJaUtWWDE5UmFicVBWdTlZNW9LaW9vWVlfbWVKaTd5UWtyemFfbDFtVHdMS0tVOWtxZXhoMTBENjAtMlBHUFliSTl2UXpMY1FzRXJLdTJGSVg1bENUaW1uY01nbjdEY2l0TjRUSDd5aExWSmFOUmYzT0NodjhhdzN2SXJ1dFVIUS0yUGM3bW0tUEFtOA?oc=5","Fox News","US","1783414825000"
"Trump arrives at NATO summit as Iran rift looms above alliance talks","https://news.google.com/rss/articles/CBMimgFBVV95cUxPTFlhRXJwa2JoaEhxcVRFVDMxZms1dWFfeDVtQkM3ejVRb0FKRXZ2ZTU0VEM5blVfMF9VWmphMjdIU2g4X1pQd2hLWFhkczI1cFBldV9jNnJVdXFCa0p5Qy1fU3hFYzMtVE50d2lyWUdzMnlEVHVHV2tHYzFtYTFUcktiU2FfdkRZM0Z6OERaTUFabXBac0N1VndB?oc=5","Fox News","US","1783414800000"
"WATCH: Volunteer for top Dems praises Iran's Ayatollah as 'greatest anti-imperialist leader'","https://news.google.com/rss/articles/CBMiVkFVX3lxTFBxR0ZwM2t6bjlMUEc0dXRGcmhIbXRyZ0hTa2p5SXRUUTBHb3pqM0dIQnZmM05YdXllSUJEYm5tajlEY2I3eFEtRkFWOUFmbEZHakc1dXJ3?oc=5","Fox News","US","1783413654000"
"NATO foreign ministers to meet Gulf counterparts for talks on Strait of Hormuz","https://news.google.com/rss/articles/CBMiwgFBVV95cUxNWWlBT2RiSHBiU3IzdkxKZVZtckxGYk5OQTEwaWNhUGVRd3NVTlhCeVpvR0ZMNWo5RjZqMWNHTVhsNm5qc3oxVDUxOGpRRGdkUjZLc1czOU4xUWJiaFZrMkp2Rng4WkluaGtXcmtOVXEwRG1KTnRab3FmOU1hQ01GTG1CV0RScU5Ec1RDQTlRNVhKeHcwSEVWdGZ4VVZ0ejRHRkYxZ0dJSkdEWGdGRXhMRGYwNjh0NktKX00tTUI5UmJvdw?oc=5","The Times of Israel","Israel","1783416409000"
"Iran's nuclear progress stems from guidance, support of martyred Leader: AEOI chief","https://news.google.com/rss/articles/CBMiigFBVV95cUxQT3BLNFZfRzBxSnZvTXVGbFc0ZDNNVnc5MktFWjZsZzFvZjRTSk1fT3NfNkUzR0Q2Z24yUERobWZDamQ5WlIzSC1JX3ZRRXpXcUdfT045MU5qV2tqVllYTWtZZHI2UmhDX2l0SEIyZTdHU05zcXk4bWxiMHExZDhkZWxGdElQbU1mM2c?oc=5","Press TV","Iran","1783416240000"
"Oil climbs as market monitors US-Iran talks","https://news.google.com/rss/articles/CBMigwFBVV95cUxNSV82Qk1NOG55X1A2WEo1bGdCNk03X2cyUFdDQ2ZWS1E5N2R6c2dnUmVjdndZNTBTTmFFU1hjZGpGYzR2dEZXRUt2emNWR0h0dy1RNXVWMDlTV0NxdElYdEc3NUkyd3ZremJjTjJDMUltYWkyelNiRU1hZktGLUJaRlRvcw?oc=5","Dawn","Pakistan","1783413372000"
"Sources say Qatari tanker hit in Hormuz suffered significant damage, engine room on fire","https://news.google.com/rss/articles/CBMizgFBVV95cUxQb2dtdFFnZmFpUVFZQ3NTYnN3aGdaV3ZpZGZpR1RfUGUtZlU3Qk9wNHh0UWUxeFJyUm80enlNMmFfTnRvcl9Qblp3ZGdpUzBaMXl4MnIzbWkyN0dVT2NyeFhrTUF1UWRtM00zY014am9uVlNrMDIyMjJRekViTHdPVDY2NUZaQ3pERzBacXpxbWUybFpZVzZiTjFna0dIalllWHNnX0x4QjhVSnJOeFZmamFEWkVEcUY2RDZBMkVrWXF3aEphQjl2dFUxN2hTdw?oc=5","The Times of Israel","Israel","1783418162000"
"Ship hit in Hormuz as millions march for ayatollah; Iran says no talks unless Trump halts threats","https://news.google.com/rss/articles/CBMizAFBVV95cUxNbDVhY1RZUlFOQjM4aHdQa05DS0JCT0tfV3gxOUlqTGVFbWVTQnVhbUdDVElDMmxmVm1mUGZyOEQ5bGt1b1JmSGM3Mm1RNGZWdjFpei1wX1hXOFRXcXoxMDBmVy1SM1lMVEQ5U3E0RWNKbHJjTVlGSEd3RnZ1dmFIcWFjUFVhdDQxWjliNTZMMHkzX25IaXVreFRGN09qZ2k0VGxhVDNsTXlrV2pZTERKTmR0N2szZGZsZHB6V3lCWU1xZ0JQZXE0SFhlOWo?oc=5","Reuters","Global","1783416823000"
"Saudi-Flagged crude oil tanker damaged near Hormuz after LNG tanker hit, sources say","https://news.google.com/rss/articles/CBMizgFBVV95cUxNN0VzR0ZTV1Rwb2FaaXNRWDAzWGFzeVZMT1ZOeVA4NUdTVWZTRjBpYWUwdU80NWtod0NNTG9oTGdudGNpNjhOOFVnOGpTZnFzY1YxeE9aSXphMTVDM0NNM2Q1bnZZRlc1bXh0T0FRbzNTbzJBaXlHM0ExazZOc3ZYcWkxekNyZWlBWWlyckZRdV9QRjNJN0phN19UOC1Va2Q5dWdIOUhlTS1NMS15cjAxSEQyRWNzYlpoZnJJZXZvX3pBSGFWSC1ZdWxaZ1E5dw?oc=5","Reuters","Global","1783416259000"
"Trump is gaining surprising leverage over Iran","https://news.google.com/rss/articles/CBMidkFVX3lxTE1Zby1YMzZqd0x5eGZuVy1HZS1rWGl0djVZeDFBRmZaT0F1LUZNN1F6U3h6MFc0MDc0TU40N3dtZzYzZG4wc0xfUG84TXpLZ2xnTkVlMUZYYzVtUFVHbWVLa3llQ0NLQkdRQUpoLU5MUVZOQk5FN0E?oc=5","CNN","US","1783418426000"
"Oil and gas prices rise after tanker hit by missile in Strait of Hormuz","https://news.google.com/rss/articles/CBMiqAFBVV95cUxQSnl5X0N2ekFDdV9yZ0NXOFB6Rlg3MG9tbnByNzVpZlJlMWxEWkdKeDRMODN3UVRQc2ZfWUg5Rm5vbTdHdjd1TnJuY3UzLW0xNy1kcllyckJlNkwzSWYxakNfTUE0M2ZkOTlmN1ZsRXFjUFdfYmk5b1pnbWp6dllBMm5UVFYyWkRPRkdZSjBVdWFZWVdBdGtqWGtOeTgyTm9sb3hmNWhPQVQ?oc=5","The Telegraph","UK","1783417080000"
"USA out, Tehran vengeance, Trump-Meloni feud and Platner","https://news.google.com/rss/articles/CBMimwFBVV95cUxOWExGaE1QekE5ZXZSUm1uazgtcTdhX05YRk1EejUxaC00NFVYbER4ODNyOHd3NHBNSGI4NlRNQmE1WXo2cDQ0WHdFRGRFcng1NDlTZ1puVDhVb1d2alZ1aTJzaVdTcnRETmdaV01oRkYzMGxqLWl4cVFFVHVVdzFZcllPR0JHdmZ3UHJvTXhuYnN3LVBXRkRRXzV0Yw?oc=5","Reuters","Global","1783419493000"
"Huge crowds turn out in Iran's Qom for Khamenei procession","https://news.google.com/rss/articles/CBMiZ0FVX3lxTE9mTlVtRTU3a21meUxjSWdFamFyejBVTXU0aWJncHNZbzJ0YTlFVndxeGZyNkZEMXMtaVI4WjE2QXc5dHNneXljZ0g1azN1LURIRFZrMlVNNmRLZlJidmdNbUVacnV6N0U?oc=5","Reuters","Global","1783419397000"
"BREAKING: Iran reportedly resumes attacks in Strait of Hormuz","https://news.google.com/rss/articles/CBMiVkFVX3lxTFB3QlNibHlwcDEwZ3ZieE51RGRhMmZwOERnRjZBaWtDaVIwWjJIQ3pxMGRXRWp6UmNMWDFfREJoRHZOaGRQNUZIYzNQWWVsMVpQb0ZKdzJB?oc=5","Fox News","US","1783419330000"
"Millions flood Tehran streets for martyred leader's funeral","https://news.google.com/rss/articles/CBMirgFBVV95cUxQNjJsSjA0aWdQMGV1QTdOVkJsZEtVdUJIYTA2QlNaT2hUUWUyOU9YMzlvYkZNdFh2bTdTS3Z4c3lUY19OOTRydFVWS1AzdGR6a1VzU3VwdWs1aFRaTnoxSC13SE1sMzRwUW5zSDNjM3poUzlmMWw3QUV5N2UtcTNiQno5SWh1YkZGZmZVMXVvalNQbVhxdUpObmpxSHU1MHhubktlT25Eb1JDZzdxSUE?oc=5","Press TV","Iran","1783421280000"
"France Cuts 2026 GDP Forecast Due to Budget Delay, Iran Conflict","https://news.google.com/rss/articles/CBMitAFBVV95cUxNaUVIVnEzTXpjS0s0ek1OM0d2c1pOMkhoQTZ4LUVEUmZSUU9obDRtM29OY01wd21NRVRVY3I2ZjhhcmRHd0ZYNWk3UG9zZkYzUWhFaERxVjh6Y0RFOEhySUNvLXk2NFctOVo2VW5iaTNTMklpbHhBNmFYa2JLUTI4MExnUFExNlZGS1puTnlsNGtaSlhHN3dGZW1qeTF6TWFXcXoxRWFOUUlxOW9QNVJfdnptS1E?oc=5","Bloomberg","Global","1783418925000"
"Tanker set on fire after being struck in Strait of Hormuz, British military says","https://news.google.com/rss/articles/CBMitgFBVV95cUxNY1o5OHkwY0twdzRvVmpHd1IyVXQyOWNObEpxcEJEaS0xSHQ2UDhRRnJ1bURnNlZKb05VWlI4SXFrRXYxZE03ZzRQV2JTTWRjN0FhZU5ZSWRPdl9CTjl5QjljS2Z2Z0hsZzBfLXB0NFpoalZPSGU2aU1zWkxUUDVETV9NcmtCb3RlZ19JUWdDbDlLeHlEWmFoZnFkNUdRV1RXSGdQN0hZTnNuRTNEWERXbTdJOVVGZw?oc=5","The Washington Post","US","1783421720000"
"Millions of mourners highlight regime’s strong social base despite Iran’s divisions","https://news.google.com/rss/articles/CBMikAFBVV95cUxORXpuZWV2NXB3NTk5LUdIZy01UFJXbElVY25HRUJTQnhoT2s3WG1Wbml3akpTQVBKS2w2MnJxSC1NNmFuRnF1NXI0OWoxQ1NNaDBtdGxFNFZ0N1A3aXFfY05EWTlGZlRkZk5aNTdBR3VzVWhKSGdjb3BPclYxTTVaQ3NBOFM0aEFCbTF3VklDVWY?oc=5","The Guardian","UK","1783420380000"
"The three-word chant that demolishes the case for peace with Iran","https://news.google.com/rss/articles/CBMikgFBVV95cUxNa0tmSzFaY1Q5a0c3bFBZOXFHcGRNbmFidk9KRGhwNnJFS0N5b3FPdHJQYTFtQ1V1dVNVY2luNm14OEN0VWQ0ODdIYmk0WXJpT2VIOXJiMDVTdWJrSDd2UEl3UTFqNlczZFhyemFGOF9aamUxYjdnSVNFU1dJYUg0Z1pVMVcxSnZtMHBhLWFBa19RQQ?oc=5","The Telegraph","UK","1783423200000"
"For Khamenei’s funeral, a highly-scripted show of public mourning and fury","https://news.google.com/rss/articles/CBMirAFBVV95cUxQcE9WYXJ0N1FHRm52YjNTbmJiMDNzNXVfQ0pOUWlrV1FJNXJXbXFoWnpfQnVMQTZHeGhtalFzMDZySUw1VExoVnVuNkNmX1d6eGxUaWpIdXJBcTUzX3dfQ19yX2ZwSXFhNW5LQWhlN21wUmdHT0ZuMjMyT21Kbzk2Sk9qRENqMmRkQS0wYmFFdVkyOEtIOU1BNFdWYXlNcHA3OGJvNUMzVWJhMkwz?oc=5","The Washington Post","US","1783422664000"
"Iraq to hold 3-stage funeral for martyred Leader Ayatollah Khamenei in Najaf, Karbala","https://news.google.com/rss/articles/CBMitAFBVV95cUxQTG42V1dycC1BN19XYjlyeDRKX0phVjB3MzdQQzFtaDZEaTNNMHNfM281a1ZjbXF4RWZGX0t0amx3bkZvRHkydXV4SFRiblNzcTZLYzktelllWm5ieGt0a21MY1QwbnUwdXRYNExhSm1hNS1WX3NBZGZTNUxUOXJYU3ZuMmxfaEFIeXp6Y1FLdm9VR1RUQzZQWk5jdFc4R0xYZHMyQnFBZ1NsY1g5d1J2eE9DQUk?oc=5","Press TV","Iran","1783422540000"
"Millions flood Tehran streets for martyred Leader's funeral","https://news.google.com/rss/articles/CBMiqAFBVV95cUxQbExYb3BxbWlyOXpIWkp5Z3pYN21Sd3VNVE1nZUotT24yWkNlVTVKZ0xOVnhLZFQ3ZVVDaGFrQ09VRjY4Yjl4T1NCQXVEU0drcE85V001YVg3N2VYdlI3cE1WR0x5dUFTUlFFLV90SWFiaF9qbHRHY1FXcVQtQ3FxaV9uZExsRjcyU1YxYWZDbjhOS1FrRlVmTHI5R21NU01RaWhJU0ViRjE?oc=5","Press TV","Iran","1783421415000"
"Ship Hit in Strait of Hormuz as Iran Says No Talks Unless Trump Halts Threats","https://news.google.com/rss/articles/CBMijwJBVV95cUxNSVRFYTlPMnNNNWdCcUFZQUZBb1pVNGlXQWxNSF9waVRTTHhXNFpNR1lKdjZHTTRzMWxGM2NrUm04MUtNeTBUcFd6YUl1R2oyZVFwa0d0TlBHdDFBMmE4WVVJVDI3bEdYcWFLYmxzN2dzOTZnUmo3Ujh2SUpJR0lSdWs4bGkyQ21BUVRSOTktTTFKUTQ2akpZeHVOSGxoTnZFMHAzS01UN250UkhNVk0yQlRhUngzYUUwMEpsN3FudnFwSHdaU2lHcmpQQXRJYkw3YVdhM2FBWmZHcm5YUThQcUdldnVDZUNXZDhwREVDY0w3S2Y3enZQd2VwSmk2aUEzRkRibXJmY3p2c05lSmNn?oc=5","Haaretz","Israel","1783425120000"
"Iran Sends Out A Defiant Message","https://news.google.com/rss/articles/CBMic0FVX3lxTE1pcVdFZ21UZHJmZTNfN2ZxNVExN2tSVHJLVElVUTVhZGpGb3REUXk3d1JvWmFFaDlKUnRQbUNlVm5IODMzWVZ6X281U241VEFGcGxIOUxLMl9SQjliU2xYZGFrYi1KV2l4V0RIbDFnOEhkMmM?oc=5","The Times of Israel","Israel","1783424280000"
"Where Is Iran's Supreme Leader?","https://news.google.com/rss/articles/CBMiigFBVV95cUxPbW1MNWhtQXpzMEQ4eF9USUp1dHhkVHVXdTl3U1NucEhhSU53TW9abzV3UHNtTWVVUlgyVGZUYV9LWmE2WU5JV3FpZWpuYnA2MFg3ZUxINTl6Nm1Rc01YVjFmYUU0Z1dDMnMwV3d6ellXckozYWdTN3BicWVLM0d5U1ZxMF81ckJTNVHSAY8BQVVfeXFMTzYtNVI4QTczZi11S0RpTEpWT3FTMHVFUlo5ZG1Tc2t2eVJDc3FwV3dORFhqcG5EZlQ1VFN2VE5KeTFyaVZnUUk4N3doZ1FlX0JVM3hxV3JUUXZ0ZXA2X2M3a0NEVG5ralk1MHhhX3pUZ20wbkkyQ0REd1lzSGNEOF9kYkdCVWo3UHVaY1ROSms?oc=5","Al Arabiya","Arab","1783423884000"
"British hunger strike couple detained in Iran 'denied medical care'","https://news.google.com/rss/articles/CBMiWkFVX3lxTE1qTVlDTFRHaXpWU241WjJpZDlZM0tmdGF3TFd5eTZGbmhXWFR2N1UwYVVlNE5aaEgwVWE5dmlQbVFHdDJXSE9QWkRnR0NtbUY0cERmVVVZNzMxQQ?oc=5","BBC","Global","1783425411000"
"Trump addresses Iran, Netanyahu warns against Turkey's F-35 sale","https://news.google.com/rss/articles/CBMiVkFVX3lxTE1hQVNPYmk1RGZWNkI0MFhwN0hJdEtVNFNnVUlxeXFHNDNCU05XM1BjYUU0S2JmMVdEbm9feGhhcndfTjhVY0stUXczWVlxdkI4VkttSTZ3?oc=5","Fox News","US","1783424081000"
"Ships attacked in the Strait of Hormuz: What that means for ongoing talks","https://news.google.com/rss/articles/CBMisgFBVV95cUxOSWxQQVZHR2dmVHRRem9Mb25HeDdFQnJwVGUzTHY0QUx2YndfMlRXcDlJNDFSRjk1UF9TbFBTOVlIdUotbUV4M3FIVGZoWHdIdDBTdy0zMWRXWENacXR1QnhvQ1U1RkFBQUtNTjU5X3Qyc25TMXgxaTJ0R1E3aHBpdV9iZmxCSFpMYWI4SENTeWg0bmVJQ1pLVlFTQ3JPTTM2c0VWOHlLTFNXUWpVRjA4ZHpn0gG3AUFVX3lxTE1jS3JLS21OVy03MHh2NzNTNGx6YjBaMjlaeS1GTXM2dkk4RkZMR3VJc2hmTmRoUEZrVjJsYUY3VjBkYlBFcXlNRDVWMjhKQWZTai1SdTFBNXY2TEozbWl0aGlVRmFUdDUweDFoeFE3a2xVdTlzVWVMUkJMbF81ZlNFNDhKUTNVeE1vNjNjYnBWaEd4di1GLVZMbTlwbDFCYmpRVDhtYTVYbWdDRlFpNTItc1VpWUlfQQ?oc=5","Al Jazeera","Arab","1783426950000"
"WATCH: Iran's Araghchi meets vice president of Lebanon's Supreme Islamic Shia Council in Tehran","https://news.google.com/rss/articles/CBMixAFBVV95cUxQUXlqRTB3WklEWTR1aUZSQmItNnhSaGoyaUswVlRRRVBvellvMVB1dFlKVExTUmFqUUhFNncwa0p4RjRjVkhUMXI4d1h4YmNmZWVTTGxReFhaNlViQVE3Sy1UeTVldS0wdjZyWFV6YkdFaThtU0dDbkZEREhwY1RTLVNuQmFVUDdPaVEzZWJBeXJrQUIzdGZGNW9XVkluNUZZZHItdVM1NF9mWnFCMERwcEFGSG81Wk5TS3cyckVja3p3X05V?oc=5","Dawn","Pakistan","1783424653000"
"Doha says Iran bears full legal responsibility for attack on Qatar tanker near Hormuz","https://news.google.com/rss/articles/CBMiywFBVV95cUxNYmlNTklPS0lxWDU5OFNvN2VZc0RjTjFmZFlzWUQ1cnFsZmZFNTMzYmpTMzlIaUxSY1NrelUwNl9XcGNyNUFyeFhVbk40dUdmdTdjUU5uaVMzVWdDbVJlVnlmbUFDTmg2UzV1YkJiZklTanhlZk5KdWExY29ERmh1aVI5LVZnV3ozOG1MS0N6cnNGOF9MbHJWZUI4TXNRaXVWRXlnUWZpYU5TLWxUMWFfcTNKVUhIajBMV3htbm5FUGRBd3lrcm9oazFkOA?oc=5","The Times of Israel","Israel","1783428962000"
"Where is Mojtaba Khamenei? ‘Iran leadership will lose credibility without an appearance’","https://news.google.com/rss/articles/CBMi4wFBVV95cUxQcGw3VDBBeGM2clZYTDQ0dnhNQTZOZEV1QjBkdDh0bGNxN294UE41OVhwU3BTdVZxRkJNOW81YXptOVpMNXFEQzRqalFCWENDeEJnX1Y2eFI3SXhMMThuc0pmSmFQeWx6QzJMZjJrc3hsVEY4aURSdE16cEpfblpPZUZuOFB2SkJIWVRDYUVtUlpsNGZvYjhIRTV6eV9kLXNnem1pSmxCQzNWMzFkaDl5TmcyUEJUaTFTcjdVVlVMdG1DN05BSkNOZktXNHlVNXZ2ZDVSWlplNkFDNEQ5MGtoLU5Za9IB6AFBVV95cUxPNmt5YWpFbEpkY2cxNVlMS0kwSkZXV0hMaXc3NXhfYjAweWsybWxoRkFCTmFkZkJsWUxZQ25KN3piS0k0WmNMVUs0RDN5WExLbjRYODN5WDBLVkJvTldhQUtLV2p3a0xwbF85VERKOU5XSzRzZ2FKcFRkYVhnVVU1NFVSMkY3SVh1eWc5TlhLemV2TmEwUktHbHh0bmNyM2YtOHhuZDY0dlRjMWlkU1QxUDBKT0wwQ0NRblZqRFFQbHBPYTlNYWh4S0F4NVZ5VHdWVmlvTGhMWGJ5U0dwaDJTMUQ2WDJjcG1t?oc=5","Al Arabiya","Arab","1783427640000"
"Angry mourners hurl abuse at Iran’s peace negotiators","https://news.google.com/rss/articles/CBMipgFBVV95cUxNWTJGQVpMSkpKWUJjQWN6YmJfSE1NUmh0bGo2UG5rcXhuNzRTWm5meWJqelRXSHp6NUw0bTUzVXNMY2NyUU5xVkhtMHBEUVdKbFZsVW9XZkRueXpuaERiLWszamJXTmYxYXhEXzN5TWNVc25IT1N4bjF6T0ZXeGNpZFZVNHJsSXR4d2kxYlhVSEpXeWQ4YUx2QmFSNnU0d3VMempDdlBB?oc=5","The Telegraph","UK","1783429080000"
"Hormuz Strike Threatens Progress on Europe’s De-mining Mission","https://news.google.com/rss/articles/CBMiswFBVV95cUxNY3ppc3BSWDByUm9qcEZja3dWbFU1Q053dU1STzBCYzloUU5XMS1GSEx2aHdoVE9rSGkyZnlRcVE5ZUJUMEgzS2VuQi02QXBHMk5keEYyc3BwN1pIcWxKRmptZllNN2Vjd0F4WGI1VjFUQjlqSFVLemZPVnpSUlVhM1Rvc292eFh1NXpaaWFFY3dJR0FBNkpLTHY2djVCbUVmNTl1TlpFZkVfaVRYTEN4ODFuNA?oc=5","Bloomberg","Global","1783429281000"
"U.S. gave Tehran details on Iranian asylum seekers, lawsuit alleges","https://news.google.com/rss/articles/CBMivAFBVV95cUxQOXNiTmg5TkQ4amZVcGg5Sm5scERMaUlBazZkMVZzX25iLTR2ZkVUNGpIUHZGdnZod0JYVUx1NzloTVNtNTJITlZ3WEU3bXFvUWh2eVIyYzg3WXhBbnFQOU5CMmVKTnhiS3hsR1Z0ci1LSGdUeHB4YjBrRXVmQ0Q4TXA2OFd4N0dSY3RnczI5Y25DNGxwX3U3MmdfN19mRGstZS1lUUdmUFhWbmtwdUJZWlA5Uk0ycF9vNURoQw?oc=5","The Washington Post","US","1783430585000"
"Shahrnush Parsipur, Iranian author of Women Without Men, dies at 80","https://news.google.com/rss/articles/CBMiqAFBVV95cUxNQ3ptTy1VZm82MWNxVHBQMkRPdmlxc2JwcE0zbHlsNmE3NTNCQTJxN0hMUGR5NkVCNVdKelhHZk5fNFc4T0xmQjltaXAwR2VWNG82TDRKclI4bExLMDRhZGpLLXB6S3U1blBHZmZDUkNOeGt0ZkhtTU5yX0FCY0pVZE9zaFZ4SEQwMElQVDlKSjNMM01yeU01dWhUUDF2akEwU1k5R01VeGc?oc=5","The Guardian","UK","1783430460000"
"Qaani: Martyred Leader’s funeral in Iraq to strengthen Iran-Iraq unity against US sedition","https://news.google.com/rss/articles/CBMi5gFBVV95cUxQRmFwSmQ1Vkx1S3hKN2ZvWF9WTXRkaHBKQWdINHFiTXRwRlIxeV9LRjV2Sm1mRTNBNFE3VkpueDV0SHQ0LTQ2cUJ0ZTVuU0tzdXpmZC1mNHp3RF80VFdoN2Z3dHU1VUFqaDVTeFVaX3JOZmpYSGwweERyaGNYc2p4WTVYUThIZDhGNTBaQXZlVWtCN01fV01xMXpsWlFZSHVoRV9WSlBrWTctZDhFZDdJX3NMUlNuRXNENjZubzNUWnVZUDFLY3RFTzVvTFN5dklrbmN5V2NTUVJhRUJfblZVVXRIT3NlZw?oc=5","Press TV","Iran","1783430460000"
"Israel unprotected Iranian cyber interference in upcoming elections","https://news.google.com/rss/articles/CBMie0FVX3lxTE1hWnFYdXBhUEo5WGZnOS1Bb0tVbFdZeElKZTJ1eTI0YjNnWXlENko2cFN3dmV4ZlNmSzlTeUs2SlFlSEJlbWE2bDdxWHBtY1dDbHR5Y19ZQUNWalBNUlVRY0FmTjlTeGR6eExhN1VhTElPLU93S29Qb1pqbw?oc=5","The Jerusalem Post","Israel","1783429878000"
"Ahead of summit, Trump says he was ‘very disappointed’ with NATO over Iran","https://news.google.com/rss/articles/CBMiuAFBVV95cUxPajV6dDI5YlhnOFN2X0hGblJRMEhJVlZEcXpZZWpPWWVTRmhUSVB1TXVkZkFoZVJxbnd3N19FQWhIRGV3cV9mSlEwalIyVjBuZmVaREU1cnRpRXpuaWdxSU83cTBzZkQ5Z0tid3RsYVVmb3N6RjNhdkVsVnQza2ZSUF9YbGx1bG15Z1FCbl85c2J6N2Zncy1IQk1CNkQ5X1dWWU5WenVTdFlVWU9WQzlLS3RBbHBKb0Zj?oc=5","The Times of Israel","Israel","1783429862000"
"Turkiye 'very instrumental' in helping end Iran war: Trump","https://news.google.com/rss/articles/CBMikwFBVV95cUxQX2tacW1FVFJOOW9RbUQ4Yk44Xzkzbk9FcUdGVEhicXY0NEh0QmYzUGhvZ2FUeUFwdDAwSFJzajRYbHJYV244NjJDV1lvTlFNdVEzVTBJUFdpTHpoRkxzUGVoS3NMRVdaX01WRHBmY2tCODFPR3ZRaUVsWUdseFItRFE4UzVJbDZSS1VUTWlCZWQzWWc?oc=5","Dawn","Pakistan","1783429557000"
"I’m not sure they’d be there for us': Trump reiterates criticism of Nato over lack of support during Iran war","https://news.google.com/rss/articles/CBMi1gFBVV95cUxQakZvdVNIV1ZSWkJIRHJuNU5PN0ZnSWNHTEV5dXdlVjgxVERqRTZwRmdhdGYxZUtBdnB3RlNoWXNrVnBPMXZ3X25kQ2VzZVQ0V21YOGcyb01tbjVQMGhjQWd4bG80LVVlVU1ZRXNGWlM4NV96dU94XzZTckFDR2lfYWZrOWxIbXY3SlpUQnI1QzhiSl9oZTMzODk1YjZVdVcxbU1HdlA5dFVHRlZKaDZxZ0RHT0lVTE5QYzhPOWhnRW1sQzBjY3FfdmNqekhnb01LVkdwbjNn?oc=5","Dawn","Pakistan","1783428737000"
"Qatar says Iran bears full legal responsibility for attack on Qatar tanker near Hormuz","https://news.google.com/rss/articles/CBMi3AFBVV95cUxQek9RU0hPenZLbmw2Zmpob0ZrZEptOVo2bmhRclRqOHNfTnFPVWpRRlZjM1FURGlnSjBTaDlONW9lRXlyTmZnejhyc0M1VVQ0N2RiOURzVUlhWmd4THZYcWR6UWFuZjVlMlF5dUF4b2tkZjNtTFNHc2lmQVJ5d3ZCQ2F2UjNnZUwzano3bDRudFpJYllsZDRYYVRRZWdHM1NtZ3VwTnptVWdZaGxXdDhXRnR3ZXJ5UXBOcE5QTXJRRjFUQ3JyVGVzaC1NZ0haWjBqMTNMTm95TGlhdjIy0gHiAUFVX3lxTE5BR1dHdjF2cE5aMXlYbFpXXzBFMGhMam0tQ2hhc3dTdjJObEpOR2pFWWQ3VEkyRkVrRFN4dHV4T05fTUFhLU1xZXdyUU5ZRHo4QnRsVXdfQWxKVTN2bUlEdVZ6WWRiOVpTcUt6OEtsZ193M2ZBZzdHdkh4d0s4SF9uTnhhdHlYYWNkY0RGdWdFdXBRMjNRdU1XRE9VenhZZHU2NkFfRlJMR21uYXR6QzdBWkNDWjhFMEJmYlBMSFg0aEJ0Q25KOXJpeU40ZEVWTXpZX0NOY0d6eW55ZkpBQkcycUE?oc=5","Al Arabiya","Arab","1783428300000"
"Doha says Iran bears full legal responsibility for attack on Qatari tanker near Hormuz","https://news.google.com/rss/articles/CBMivAFBVV95cUxNWThNY3QwOHM2Sm1lR1RnSl91TVRURUh1dXk1dk1FZE0xUjczZTg1ckRtZnA3R3NSMWFBTm1vSlRzWlBYYkowdHRMRkZNdmxtOS16N2FxdjRZTzMwaXBnQWVVbFI1S0hxeUdHMlpITUdDcnVrcnJwelpuRExrckh4NkRLWDdScXBCRXBsOVcxMXY3YUNGWHVUVFpSR3gyN0VUNHowMXdFcTRDWVZrdzdCTlFBMld0N25GelVjMQ?oc=5","Dawn","Pakistan","1783428263000"
"Crowds bid farewell to slain leader Ali Khamenei in Iran’s Qom","https://news.google.com/rss/articles/CBMivAFBVV95cUxQb3FRU3FENS1MSkFKVVdMR1QxTmNpTmpqUFk4NDRHcV9rZDBMYmZpU1k0dEVmQkViSWNaYmtsbkVjcDJiU0NXY3FFeTFYSzczcWNJV1c3cXdkUzBTSk8ybHlyVGhjUmZHSGVyWDdlSnNIeFBzNEdpMHRZU19mZWpMeHdwX1phN3NSb0NFd2VYYXZyNEJ5WU5lWllzUjNPaFdHUkd6c2FENmdWMXlHWlkta3l3T3Ntc1ZjOXRIbdIBwgFBVV95cUxQSFdkV0xOQzg2UzNwQ3dDRkhsMGVWUTFvWDhOcUt4allkZHY4Nms4VHFGWDMzS1Izal9pbWFHRGtZcThwT0dBbnNFTFc0djhXMDlzVEhnN3d1MmpGOEliZ2ZZYklfZWgwQi1UMDUzNDNQMmRrZmFjSXhxanZTSy1NS1NaejBrYnV3VU9Fek52X3o3TlRlVzh2YWRiek51X2tVWHVoMEtzMUpqX0hLbUpEVHVRR0NGczJqRVBYak52X3k3Zw?oc=5","Al Arabiya","Arab","1783432020000"
"Another tanker hit by unidentified projectile in Strait of Hormuz, says UK military","https://news.google.com/rss/articles/CBMixwFBVV95cUxPYlJuV3V2SnJnQnpzX18xS29YcWotdWxlQ05ONlBQNi1pbTJzUE03eWtNMHlJNUNjZkVqcXFuM0FqTER1ZTUwb21yRHNsVWtHdTlVemwxYUY1Y3BVRTZpUmN4emd6ZF9BV0o2LVcwYnJjYndleEpaRElsd3QtamJ2T2pjMkRGbzRTcDR0bXRPdWZQYndYblpjV1lHNXNfNmVZVjRfSWViT0dsRGh3RDJTeU5KR1ZBT3NiR3ZuenlDTEIybmNzQzhB?oc=5","The Times of Israel","Israel","1783431362000"
"BP Drove Up European Jet Fuel Output by 30% During Iran Conflict","https://news.google.com/rss/articles/CBMitAFBVV95cUxNRGtIXzBlbmw0UXh0YWRhLWlFRVp1QW1vUGtKazZTVFFJQWRNNmJ2N3pHU2tqWldqUkRWODAyVk03LWRVb3ZwM2hpQTBZNWcyOExWUWJKdWxrbXFRQ1JLMGVxWjVISDFsdW93NmRaRDhzSVFMY0FZOVkwRG53LVF3a3p2eGlueFo4clNIaklIY3pHNWhQU1lybDZoSGpTU0pLMEI4c2FjSHE3ZDZvaGthY24tTVg?oc=5","Bloomberg","Global","1783431531000"
"Lawsuit says US illegally shared confidential information on Iranian asylum seekers with Iran","https://news.google.com/rss/articles/CBMiqgFBVV95cUxQUGVNUlZFWkE4dkZoM1dOZkNla1RjY2QxQjJGQnVDcjNWM2hKV2hGakVkWTZmZlFlNlRFVFJ0OFBnblA3a0l0VElhcEJuZkNzQ1ltX3g4azZnSW5EcnJYSnVEN1lielpIdkJxSmI3OEozczQxUzBQRVFwanhYS2ZTQmNJNWZnR29ZaFFNclJ2UXJ5NTh6YlpxWlNlRFBzVXQyb2ZJY1hYN2lDQQ?oc=5","Associated Press","Global","1783431360000"
"Trump says he was 'testing' NATO allies after Iran operation, says Italy, Germany and France turned him down","https://news.google.com/rss/articles/CBMiVkFVX3lxTE04RUlVMXBlclR0Q3IwWnNWVVlDVGhCUlZaQy1hTXdiQ2dLWnRQb05LVWpnRk41YWFKcUIzdVdWNkxCREUzLVB6VlFCNm8ybnpXMG15b29R?oc=5","Fox News","US","1783432379000"
"Lawsuit says US illegally shared confidential information on Iranian asylum seekers with Iran","https://news.google.com/rss/articles/CBMivwFBVV95cUxNa3c4RnpyTWw1R3NLc3RhVWt4eHAtTVVXT0hGMkctV2tIYlFTcFQzb0VWYlJpVFUyVUxwSzRya2hMTm45Ri1BeFZQazVRU1BmeWpLVmhtZ3VJY1JkaHB4MUhSOFktWnczS3hZck9HOUhEQUNPUWFJejNCTDN4ZEx3QTM1RWNJaVBZckhCeVRpM1VxLXZfN1lZZmNfZjRPU2E5aXpFWHY3LVlNVjMyT19aNDFLalQ4X2phRXpwZ3ZlOA?oc=5","The Independent","UK","1783431360000"
"Iran’s Attacks on Ships Betray Its Concern Over Losing Its Grip on Hormuz","https://news.google.com/rss/articles/CBMiuwFBVV95cUxNUEhmQjdVM1Vva3VRV0JDSUQtZE80NHVFemlMbmw0a3JfRW92SkZKQmt5SWJUOVhFellfdHUycEpQb2hzVUpocm14eWVSZlZOSlNfMjN0VzBKV3hveEUwV2wyQ2xRc1lwUGh3UUJscHF4WDJsSW5xWjVweFNvMXk1NXd5YnZlX3lIYUZ4dVVuc296d3BacjIydEtOU2xfWWRUU05ST1pqa2hBVm9PS2VkVEx3c0NCdEtkWXpj?oc=5","The Wall Street Journal","US","1783433280000"
"Two tankers struck in Strait of Hormuz after Iran reportedly attacks Qatari ship","https://news.google.com/rss/articles/CBMiXEFVX3lxTE5TM0s4OTBBX0lVWjkwRE5KV0pHazRjOW1EMjNPR2F3M0dRanZfMVdfQ01oOVJjNzU4Z3p2N1p6dWVyODRudWFEZTU5SVJWNy16cWsteXRZSDdlalAx?oc=5","The Jerusalem Post","Israel","1783434377000"
"Tehran categorically rejects UAE anti-Iran IMO proposal as politically motivated, legally baseless","https://news.google.com/rss/articles/CBMi2gFBVV95cUxQdUd5SkdOU18xZWRTRGhPcUM5VzM2ai1BVmp5ZmhKcXhZLVJveTFTM00xa2xfYzFKcVlMY1pCR1dyUUNWS2FWVjRKX1oxbFNvelF2ZVZFcU1GZmRKM1YtQkhpY1k5eldhTm5EZ1IyY01pWHVlbG4zRXVCREJaTmppa0xIa0pwMUpQamxvYzBPZ1JLdzZSbWE2UHphZ3RPQjFsdmFWZXRHSEFMSUVaQ2tUNVJEcUNWWW40RDJlRUpMRmRsOU9jaWRVSi1VNUFtSGlTS1FiZUZscTYwdw?oc=5","Press TV","Iran","1783434120000"
"Iran FM spokesman: Martyred Leader dedicated his life to Iran's dignity, independence","https://news.google.com/rss/articles/CBMijAFBVV95cUxNblFmalZ1VW0zZmtGUWlVUmMtTU1PTnN0dXQzUGd5Y0F4WnBZV3RLSmNWVGp2NlNaLUZ6Z1A1N3M0NEloSGhpUlR5R09YZEppTGFnVFVrMUNXQUVOQ05xemtLcWFrZFVKNWZRU3oyU0RZZW9Xbk10QnRZRzFkUVdyVS00QVNkZ2Zja0tVVg?oc=5","Press TV","Iran","1783433820000"
"Drone hits another tanker in Strait of Hormuz: UKMTO","https://news.google.com/rss/articles/CBMijgFBVV95cUxNV0M4SFRMWHJ2QnNQR1BqaFl2eGtUcWhGblhRZGZHaDdxMjhTYVJSX1c3Mng0SUpBSjk3MExUN09OTFkwS2pHSnNMN0VQdktHOEFYOEFXaTdQOWlSWko2bUR2QXlyWjQ1RWJZUkR5SnVfS2I1aU9Cc1lfb0RQTS1kLWZCUGhZSnNrTU9JZ0ZB?oc=5","Dawn","Pakistan","1783433406000"
"UKMTO says tanker hit by unidentified projectile in Strait of Hormuz","https://news.google.com/rss/articles/CBMipAFBVV95cUxON2ZMNm5FRFltRmJnSDlLQjRMd0xNdU9rT0NlSkpQM3hzczh6akwxV0VqM0Fld1RidVFVSURoY2t5VzQxdDI4Q2gyaE9MS2NzcHhaNUx6M2dhM0NBaGJESTYwazgwYUI4YWpVTFMyTkE5MTBKX29fdnczWFZWSVFoc1lYaEQ2b0dwWlo1UWJUSUVYWDNhWF9NcVlvaVVrYm9ocldjMA?oc=5","Dawn","Pakistan","1783431134000"
"Visiting German FM says Iran’s missiles, proxies must be part of US-Iran talks","https://news.google.com/rss/articles/CBMivwFBVV95cUxQQVhQRW1ZVjZxcGJZb0VZZFFsRGVPbHZBOHRzRy1Kdm8wa2c3V1hBc3l3R1RLd1pIRUNpRF8ta0JnalFPUzJGVG5iTkJtSXVFVVU2b2hsSHVBNkt6ODZTZHp1ZWRCekFDN2xLVldjODhjd2dhTkJudmd6VmVtNWhVd0U0U0pTQm93VmdORS1QTnFiMVI5bVBXal9ZZnBaX0hyOVJ1dENpRm1ZRDZJOXhfU2V1V1NUTWRtQlhoQ2d0NA?oc=5","The Times of Israel","Israel","1783436162000"
"Trump Questions NATO Allies’ Loyalty After Iran War","https://news.google.com/rss/articles/CBMipgFBVV95cUxQQXc2NkFDbTFZSTludmE0aTVXSnE2Tm8tMU5NN0JveXNaTFB0QS10X2JXY05NaGN3eFJsYkQteUdhMVFQc3hubE51aEhxQ1pLcUhxUlhVeWVSUVZxbmRKdFJoVHNsR05kNGJqeGVCNVo4YXJveUkwWm9zdmJlRDhSbUhVaTJJMVFkcThWVjYzSGxWVVhNWnAwdVJ5OFRCbVJnc05FR2F30gGrAUFVX3lxTE4zWUNrZWlweVdPNG5aYkduMGY3bkdWQXA1UWhldmNmREV0MVhSYWdtOXVBeHpTQzlQeGRRRDYwZnBsRVBOb0NaOEdqUDdSNGdDaFdWaER1NzFtbndnTkdLWUpRV3R1VHpTNEZiNzhHajUxWEEtME1ISmh6djE2bkViY3ctclZUYklhRENkdjBVQWlMYUc2b0x6YjJVa2lxdW9ibVg1bGN4YmhoZw?oc=5","Al Arabiya","Arab","1783435894000"
"Third tanker struck in Hormuz in 24 hours, says UK maritime agency","https://news.google.com/rss/articles/CBMisAFBVV95cUxNdmFLVjBmbjJvcXdBdmVybkZmbmVvWEFQenYxNkxubXR1WjBrU1VJU1dQR1BhdnoxT2VKbUVnWDB3WTlXTEFodmFCVXdra2FkTTM1WThpTjZhUmQ3M3piLW0taFY0UlNyMndCRk1rUU5EMllna2VQX1ZpLWFkb0ZDTzkxNVFsRmhrOUxsa3JRaUJ0NzZycDhZWFgzaC00ZDI0YUFpdmQ4bVVnRDlKRzRVTw?oc=5","The Times of Israel","Israel","1783434962000"
"Iran executions surge as rights group warns of crackdown","https://news.google.com/rss/articles/CBMiakFVX3lxTE02alVZb1NhQmJMeEZhc3NHRFloUUtzcHB3dERYc1JqMEd3WU5jblhjQXpkZkJ3VGJ3VjBDQV9sZzRBX0xpQkJuTlBQdHFBbFJiNFpNUFZRMzU4RV9tMHhvR0JqRWUyS1dNTUE?oc=5","The Jerusalem Post","Israel","1783434823000"
"Iran strikes 2 tankers seeking to transit Hormuz via U.S.-backed route; Qatar condemns attack","https://news.google.com/rss/articles/CBMifEFVX3lxTE4zTUFaVVVpeHlHNERnMjNFcUlmSzVrdUNleEVMR1lfM29fRWF3ZUxNWkZqREo1OWdYOThuenJlWXZfZ3FsbVRaZi1QNkdsektWa2ZkNi10bDVwRmhQQWE2QUpsQVhCTmM4OVdmYXA0VnFvOEF1dGItRTRaSzQ?oc=5","Xinhua","China","1783434720000"
"Ayatollah Khamenei’s martyrdom strengthens Islamic unity, resistance will not retreat: Yemen","https://news.google.com/rss/articles/CBMi4wFBVV95cUxONVlzbHpCQzUxclRKZXFlWGxFMnhyUWY5Wk9kdzM0SzJqeWVBQWZuY0FTY3lVZ2tabXlEelpmOU56RmVOMHNhWU9wYjV1TUJhcTFGNlpydUw5Qkl1N25jTmpWUWhfM3VVODkyV2t4eHgyTVRxbk0yTWxiZmxQSFJBVWdvRkhlMEFuaW5OcUlYYjVIazUwYnl2aHBmLTU0LWlNZ2xLb1NxRmVMSG5JcjFsRDlJVXZrN0p0SVI2bVgxSFZFUHU5Z0VaMUJrNWQ3anhxbzhtNzI5WnJ1MHJfMmlKVTlFUQ?oc=5","Press TV","Iran","1783434540000"
"Israel's energy minister touts oil pipeline to bypass Hormuz","https://news.google.com/rss/articles/CBMirAFBVV95cUxOc19EWTZjNnJMdWRaQTBFQlFsVDhJZl9CRmFGVHVGWlpBbHV5YWVsZEg0THdfLWs5VzNYUHhzZ3A5VHhPZWZHTGNvU3ROMzFXQ2VseHVaNWhVQUhCQXdFMXBtN0toV3EzUEhxYlhOR1NtWS03RXRvemZJS2lZZGFuR1dKR0I4YXNIZzFsbjF1N3p0XzAta09BaU5MdVc5ZkdmN1ZqT0ZUVzRWS29j?oc=5","Reuters","Global","1783434242000"
"Three tankers hit in latest attacks in Strait of Hormuz, British military says","https://news.google.com/rss/articles/CBMipgFBVV95cUxQYmlKd0x5R2Z2dk40SkwxT2NXdUxNcjA0SnZRd0hBeFczRVlBM1kwMUpNUHBBWkZ1ZDFhNjdJck1ja0NCUEVZb2ZSQnVoNEtaSGhVTnYzRDg1TU15azdnQzlwUnRaU18yZGdvVTNoQzVfc0xubWhkZmJnWFQtcXgzMi1LRlpXc0xjcUQtTGF5ZE5QSjdEelM2anFZOFBkbXVQaDMxaFdB?oc=5","The Independent","UK","1783436460000"
"BREAKING: Audio reveals Iran threatening ships in Strait of Hormuz","https://news.google.com/rss/articles/CBMiVkFVX3lxTE9nTFNVd1pZbDQyeDJTSVVkY2xSSzNyTlFMNHY0aENZamM2WDIyRTBDbGktUWd0Ym1BRUY1YWdyaHRBYlFpUl9BZWZLODl6dmFMaFdPclBR?oc=5","Fox News","US","1783436144000"
"British couple detained in Iran continue hunger strike amid urgent health fears","https://news.google.com/rss/articles/CBMirAFBVV95cUxPVS0zUXFVZjBoaXBta0VpdFcwTVZVdnUtcENPTzZseWFYaFZiajFHNlhRVGJOVGM5UXdjQlMzZUJPLXJESVRkWk0yZHhSZnpIRGlxdS0zNm1sMVNEQ1VTTWp6Sl92ZzdVTkw1V1pQSVAtQWl0X2x5LUcwWnYzNkZqdno5TzhQUVFkOFdUbzVCLXBHejZScEhGOWZQaGUyQUhCZEpmVURKUnFXMHNE?oc=5","The Independent","UK","1783434840000"
"Gen Keane WARNS: Iran deal could be BROKEN","https://news.google.com/rss/articles/CBMiVkFVX3lxTE9DMklXN3g2dmRfM3JlaWdic3NyaVJWX0syRjVNdVZEemVjMlZlSlM2NVFaWkx3MmdXZzFFalhGaGpTTmhvb2NsZXM2WWgxWjFaSHN4UWNn?oc=5","Fox News","US","1783433888000"
"Third tanker hit in Strait of Hormuz in 24 hours, UKMTO says","https://news.google.com/rss/articles/CBMiqAFBVV95cUxNak9RUTkyalRXZDR5ZWV3SGJQTTdIT0F3RHE0bmtlOW5qeXc0N2dHMHFCNDBxckQycFc0VXgyU2NMRkJPYy1UcGpDRjZFN3ZBM3Njb3lPQ2h2ZDc0eDBkRXRqMWpHX18yNlpYLTZJNkZUZ0Ytcmg3QkFwWkMyTWhKeFI4V3Uyc0VYZHRwZ3JFQVpvb1hLcFNjUE1GYmZnWDg4U0lpTmkzYVU?oc=5","Euronews","Europe","1783436507000"
"Trump: Italy’s PM Is a ‘nice person’ but she ‘refused to help us’ in Iran war","https://news.google.com/rss/articles/CBMiuAFBVV95cUxOMElpbUgyN1AweGxCV2ppdmV3X2pZTmVOZElrZjJfR1BVMmtNUV9YVHplRGlZOTRlN3ZFOXBXWTV1dGZFY1lYUzhiWXRfNHlsYTk2c0pRVDdTaDlwdVU0ejlrQ1VlSEdhQnFUSGRVXzFZYVRiOGV4SXFURHRlbHNiOEljWWt4N2NGQ1I5V0ZGS0hMMmRhbUdmMlJfaDZOQkJZVldmYnRTSm9jMTQ5Q3pmRlJYbGx0U3R5?oc=5","The Times of Israel","Israel","1783437962000"
"Trump Calls Italy’s Meloni a ‘Nice Person’ but Blames Her for Not Helping with Iran","https://news.google.com/rss/articles/CBMizgFBVV95cUxNeWdvS05TSzRDUGJxNUFXbUZVeXJ1bHZfeDJybVlRaHJvOFJtOGQ1OVBiblZ6YWNmaTB2bHVXbVJrdlF5bWNlQUxEaXA5LWY1YlJKc09hS3JpSE1NT0pMT3BfV25YNktnQ0dxVTZqSHB2UnNJV2YxRFdVRnZGWk1iZktDYWlCTlRkNjdIanFlNkl0VGpXNmN3WEFjOUhleVhteFBRYjk3dERDa0hlcmZXOFB2OW44UVZMOWpuaE9fMDZzSU01TnVfTFRjdktjUQ?oc=5","Asharq Al-Awsat","Arab","1783437686000"
"Nato allies to discuss Hormuz tensions, maritime mission with Gulf Arab foreign ministers","https://news.google.com/rss/articles/CBMivwFBVV95cUxNSjh4SDFreGVnM29SUVVVOXJWNUc5UjYyZi1EMElNYkk1RnJ4MFRTTDc4VUdlZjhZcU85dVR6RU9ocjBSUmpnUDJjaUt2VDFxT2xZclNKclVFNVJFaEhucUZVdUhUeEFCRU1BZGZQUWY1QnFPTWJTYnlDNWs5T2FsNWlLMTc2cjFVcU9mQ09GWDlfNmFSa3NqSmhmLTJjRzVfd2JXVUs0OW1XT1ZHdEd3UUVTeFlRa2ZLSjZLeXYzZw?oc=5","Dawn","Pakistan","1783437432000"
"Energy Minister Cohen proposes oil pipeline to bypass Hormuz","https://news.google.com/rss/articles/CBMiXEFVX3lxTFA5YXNRZ01pdzhPZmdYeTROb0hickhCOTN1OFdKUTBFdXhpVjcwN29KWGFjY2lueldCMlN1TXBYY1RqQkRsWGJCQWpsempBcVJpSUhEaVJMT25GYmJM?oc=5","The Jerusalem Post","Israel","1783436988000"
"Massive Tehran funeral of martyred leader signals public support and defiance","https://news.google.com/rss/articles/CBMixAFBVV95cUxQeUZ2MUxLeVd0Z1J4RDFLNFlSTDNLQm9MLTRhVG9mRnFrTE5QeUFNSE5pREFIQmN3NGlzZUVWbkFXXzZYTVZuRlJzNlhXaTdBSWxBc1FZX2dxR0VoLTZsZXEyYVBXN1hoalk0OUFLVXRVNmU3ZzZYNmhCU0VvdzNJSnotT1FRQVFSWFRxcTZnUGZPM1E1NjV0R2U0ODNzeW13OHc1VS1QTlVqMTVKYndkY2RNajY2V3hZWGl1bk1KbEJscjBv?oc=5","Press TV","Iran","1783436700000"
"Iran vows response to any aggression, hails self-reliant defense as legacy of martyred Leader","https://news.google.com/rss/articles/CBMiwwFBVV95cUxQU1N5UEl3cWFXR3E3QmE0XzJac3VlZDZEM19tZkFpUHhSeG83ZVBiWFJxeEs4cUdOLXRlV0JEMmVUMDl1Y1EzbTBzMThJN01rSldOVmJMZklibHB2ZWdJajcxcmhQNC1QUHdkLW8zck1OWFg5aGR5d210bmM5aGZhNVo4aWN3aVgtTENLZGZnUi1KM0YwUkJmMENCT001MTUtcnpiSTg5bTFtYU5JcWVuUzFtSjZaMmZXMU5pZFJUczBzd2M?oc=5","Press TV","Iran","1783437900000"
"Iran Tells UN It Has Right to Control ‘Parts’ of Hormuz Strait","https://news.google.com/rss/articles/CBMisAFBVV95cUxPb0gxUHV3YWM3Y1lRRDloOEE1MDJhR1gyRlF6X1BpSmF1eVFtdjFER1JKaWlVd0ZSMy1iampfUklScEV0S3JMMU14SkhOZXA1amlfaTNMNWJ1MFVvV0lpNW45alRpZTFTbHdOMVU5RU93Vkd1U3IwbGRIeTQ3N1phSDRnWmUyZXN1OS1ZbHp2RW5DREhCS2RQTTU3em8zb1lKZ1QtNXFnSWlVaDRKbFZYOQ?oc=5","Bloomberg","Global","1783439274000"
"Lawsuit Accuses US of Giving Secret Data to Iran on Asylum Seekers","https://news.google.com/rss/articles/CBMitAFBVV95cUxQOF93ZDJqbzNyR25rNTR3NFhzcGFjaWdfOVlaME9rNTYxS05nUzZ1cnpzMEUwcFQzdFF2VEgxLUcyNlpPTjVvQXpmZ1BnTTJITGNBRE5hVDJiYXB5TnlUdDlGbWxneEVhNWMwS1hES2lwcndfX2lBVGJsaGI4Y3hBQ29wUGlTa0pmOEVjYnI5T2FiRTJWOWMtTzJzUHBPekpZYk5IenVXdHRpODlLUnFGQ3RGZTY?oc=5","Bloomberg","Global","1783438958000"
"Trump calls Italy's Meloni a 'nice person' but blames her for not helping with Iran","https://news.google.com/rss/articles/CBMiyAFBVV95cUxPbUIzT3luM0t5aGs0MGdjamhjZ25sRHk1VXdFN0xlUmdub3pJWUVhYVNhUUZMRHV3SDQzb29MNHRuX1ZHYV9sa2xkN0E5RHFXaHAxYTF5aTJzQ3pBZzJVUEhXQXN3RkVPcERmR3hJNC1lZ3M1SmFadlFURThEZkhFOXZqNFNHU1pOOExqeTRadVl6MFpLVnB1V0JGa0Y3WjRyX0hQMHlkSkZuOURKZWtsRWZ0M2RoTzVRZ3lSVUJkWWZ5R3RCTEhVWA?oc=5","Reuters","Global","1783436747000"
"Trump on Italy’s Meloni: Relationship ‘soured’ over Iran war","https://news.google.com/rss/articles/CBMingFBVV95cUxOOElPWi1oQTFqbERyZ1hJN0YxQ3dmRHhWLUxJdXNra21qeVlYdGdoclNPRVBVWGpKQ2w4VFNtYnZQMkNFaHZnTGxfWVNQeThVMFhQVnRVakdNakRmSndkcHIzeGtRUWNNdUJZRk43RnpGMTFhdHVrNElUdmZDZldEekVBcjM0X0ZkSlk4STZQMmJYVVlDU3Y5RHpNbUdrZw?oc=5","CNN","US","1783438920000"
"Iran Is Again Attacking Ships Near the Strait of Hormuz","https://news.google.com/rss/articles/CBMi0wFBVV95cUxPcnMtdFNWbUFWUWhGOS1OMFBzSVhxcmZsUTVfRm5JdW1QZWJ6eTNkb2pJWnNTVFJvdFFFOExZc3J4UUtkcUM3Y2RjdG03eTE4MDBFYXQ0My1wcy1qMW1ITTQ1TVJZWkVra2hXQllZMHBlbXhMTFZQNTR0MFZWWHliNGdUajZaa29jekJEY2o0RllVZHlXRHdfa3plUnVFLTZ3NXF4cEcweVkyT2tPV3lVQ0tpRGtwNU8yQVNCR3Y4RnBQX0NxOHlDQWxUUGhiQXhFa1k4?oc=5","The Wall Street Journal","US","1783438560000"
"Iran threatens ships in Hormuz Strait after striking oil tanker","https://news.google.com/rss/articles/CBMiVkFVX3lxTE9McDBOQlF2M0xaM2FjMEpqT3FYLWpxZnZlNkJsVlJGd0xjT2NvMnBRbHJlVFFmY1ZiZ3dlVjV2X2JDLXZTenEwejZFVUxUU2pBTHI4eEln?oc=5","Fox News","US","1783437252000"
"Lawsuit says US illegally shared confidential information on Iranian asylum seekers with Iran","https://news.google.com/rss/articles/CBMi1gFBVV95cUxOUHpabWpIc0kxaEh5ZDBWSVJJWDJlVlZkeG80c3Bmb250Z0t4SXNwQTlxbzhYaXZQMVhZNzk5RndfR1NXTFhiQXJocndGQVVBUGFwQTNuMld4UXI5Z0RnWEdLbm91RVBOZmJQcDFCNXJ0ZlV0a2dIckNwSDhEa1hzRzI1SnBwbDZMdjdlVmRNeXk4cjVTeDUzZ3dkWG1objkyS3R4ZUNyOFlfR3hTekhPVWx5MDVPUV9XT1ZyX2ZiYlNXbFVnZDhFLTNoNHFVNDRqZXBRclF3?oc=5","The Times of Israel","Israel","1783440362000"
"GCC Strongly Condemns Iran Attack on Qatari Tanker in Hormuz","https://news.google.com/rss/articles/CBMimgFBVV95cUxPMlZpNDN4Q3ZJRW5WYnpYMzQ2S29Rc040TjhFUG1xaHl3N29XS0UxR21xRjFBVFJwTGJaazhmSlVyMGdPLU9seDRzdmI4TGpia3pmQWttSk1yWG5aTUhiN0dKaUttR29VY240am1MRFdjQ2tOU1otdUE2QjlHalp5MUpmclJDMTNXbzJnekxBVVk3c0N4UzVTdk5n?oc=5","Asharq Al-Awsat","Arab","1783443336000"
"Turkey Is a Bigger Threat to Israel Than Iran","https://news.google.com/rss/articles/CBMihAFBVV95cUxNM3hJRUtXN3ZjZnBjUWhtMHpGa3d4b2NZQ1ZLNkdVOE9nejhVSkJ3YzhqMHhvckc1c2VtYkhLdkRHNjM5RnJfOGhYTlk2U0FtOFpLaktmWHU5SC1WQTB5ZTlLYTVub1JGMGNpNDR2WVhFaC04ZkhyRUNUZDhVeGZhakxhcXI?oc=5","The Times of Israel","Israel","1783442760000"
"Three Ships Struck in Hormuz Flare-Up, Qatar Slams Iran","https://news.google.com/rss/articles/CBMikgFBVV95cUxPbWs4bHZrSUZOUTM4TDZ2SzM3cGFIUERvdHZqVHY5TlVBQUdGZDBha20zUmN4SFp0TGxmRDV3LVBQSElkT055SU5sejFLckpKazVVdnJWMHZMV0pENGFVNkpzbDM5ZTVSRERlV0ktV2lQNXlwUE5WVUYzR0p5M2E5UzJmZE1mbnF6RkV3aUh3Mnhjdw?oc=5","Asharq Al-Awsat","Arab","1783442746000"
"‘People of Iran have spoken’: Netizens astonished by scale of funeral for Iran’s martyred Leader","https://news.google.com/rss/articles/CBMixwFBVV95cUxOemRyLTZvVUU1a2xzOXRiOEpaQTRBdExBNWI5cUR0cllteDE0VG51VDU5WWE4OW56T1VZYWNoeXNHOUI5NkUwZXRMSFhmcEh5R19uVjhFS2ExODRubmNRc3VuMTEtaFpwQmxWVXRtcGJENUt0dFJHRDBXRzh5MGM0MzRwV0wzQUdweE9kQXdHbUVKMWxIemw0bVA0MTN4SE9OdTZ2Yk9YckRKYlltZmpkazhmMGZJQ1dDMHM5X1RCN0hzMUlmR0ZB?oc=5","Press TV","Iran","1783442160000"
"Qatar’s Role as US-Iran Mediator Jeopardized by Shipping Attacks","https://news.google.com/rss/articles/CBMitgFBVV95cUxOM1Z1VmVmclRLV3pjRUdCcGZmSmM3ajFNMUNqNlp5NE55ZHB1eDNXZWNTRFNxVUJIZllyakNMd1BzblhqbHE5RlN4MEtzdUY4V2k2WGRUUVYtM1lEZUFVcF9iQ2xJMllrZEhvaUhiZ0cxN2hQVjdJWVQ2Qi1ad1hrRmlMa1VTcVkyUmxQQy13M3JoVTRacVU2QWp2VU1XUDJ5SVo5QUR5TVVWYk5mQ0hwYlJLbF9nUQ?oc=5","Bloomberg","Global","1783443200000"
"Trump says NATO allies were not there for US in Iran conflict","https://news.google.com/rss/articles/CBMiZ0FVX3lxTE1tS25HZnB4d3dhcDAwSUQwZklINWpRaWdlX3VDZERyOVMwbUFnVzExRW9DcUlfMVlvOWhZMElJVlIzWGhGZ05DU0xQYU1PUHRhWEQ0ZHNfT1F4VVluOV9MLUUxQzVlaUE?oc=5","Reuters","Global","1783442475000"
"Qatar says Iran fully responsible after tankers struck in strait of Hormuz","https://news.google.com/rss/articles/CBMivAFBVV95cUxQVDNPdTIwTDZReUdXUktsdFZWR1Jhd1BDSm9lVXVqZVN1YTNpSV9xOEZSeEkyRXVSMEkzZ1BLSk83NFNJMV95MlU2WWhtem41UU9nbmJheDkwdVpFUmQ0RVBsSXhLV2ZuLTNXTTlxSGNTNENDTm1NeUNXTURqVDdYNi1wOUY2Y0tyc09zak9HMWFaMjZOSDRiQlJyR1FpQklxX2RQTV9KTU1QM1ZFeGNtV2hVQnZaSFV4dGQzZQ?oc=5","The Guardian","UK","1783443180000"
"Trump: Nato failed my Iran war test","https://news.google.com/rss/articles/CBMihgFBVV95cUxOUjBHV1VlU1VWSFFSMV9nTWlSN2Myd3dMYTMzZ19HSzdqbGx1NnlLQzlfaEVqNElnSm0xZ1F1ZmM5bWFNZy1rY1U2ZEtoVDVvSFBUZFlOakJwZndfU05wMy1WanlwcHVTQ2t1UllRYjNYMFFjTmxuTEk2dVJkaVM1MVRoa2xJUQ?oc=5","The Telegraph","UK","1783441680000"
"Israel's Netanyahu tells CNN he and Trump align on big things over Iran","https://news.google.com/rss/articles/CBMiuAFBVV95cUxNcld0TXM1eWlkSHBrZ1dxdnpFTERjbld4bFFXbUFUbkd5dTFWMWx3MnpTS0NyR3pVRUNpRV9NTDNSNEJtQW1XSlBVclhnTV82Z0tiTVQ2VVpEbHVrcjZNdGpjUHptRUlsMWRROWppMWpIZ1U2VTFxYWVTUnA2MVFfcjE2T0ZVR3UwMVFuYXl1cjlVeV9FeFJrNzE1dWxpWGwxUFJfXzI3ZV8yaHdaYU5OQVhHd1dhQ1cy?oc=5","Reuters","Global","1783443628000"
"Video shows view from streets of Tehran during late supreme leader’s funeral","https://news.google.com/rss/articles/CBMiqAFBVV95cUxQY0ZjLXo3aTFKWGQ4bFdsVnJVaHNMNnR4QTg4NzZhTUdRbENPMjZwTUg3NEk5OXNoeVFQblQ4NTJGQXRvZWRScHJVS0NWREo0R21jcWsxYWVhdzJPa25IckQwZWJPanRndzNlMnlGVmlhUWNOSk1xSnp5LTJ4VFRodmUyVVFkSXA0RFZIbFBCY1ZrRV9sWFFCWkpqSVl3MW1HVGViakVNMmQ?oc=5","The Washington Post","US","1783445243000"
"Flattering Iran: The Biggest Mistake Israel Can Make","https://news.google.com/rss/articles/CBMijAFBVV95cUxQVDlzQVpLUFJSRklvV2pUZHNpaHpDZEJPcF96UF92akVySVdMQWQteEdJdGoxY0ZzWmhiWHRJeGNPUEpmZ3lTa2VnUk9OQmxaejVsMXNTdzRhYmk0aXJMdEtpS3JDVTdEeFhYNDVlbWg3NXJXLUhmbzZselVOcHBSODByTlBKZUR5ZTRjRA?oc=5","The Times of Israel","Israel","1783444920000"
"US provocations in Strait of Hormuz to be met with swift, decisive response: Source","https://news.google.com/rss/articles/CBMi1wFBVV95cUxNWk4tbzFvZW9rMHNtN1NpZ3pYTmxwM2Frb0tSUnpGVVlqVFFlTzdCWHo5Yk5kZmhJLWpjM2dYREhyM254RHJxZEs3WS1IajY2M1c2M1FuLVFqWlQxM3VjNHQ5ZkRINy1iNzgxcHAwUjZXdVVCWDk5ZGVqMGRsWHFKSEdYbTJsRjZsUUFHdFBMOVBNV1p1ZVhUdGMzSk42VTJIMmVYajBBNlo4QTZ6YTNQazlRVW92QUdEUXd1WDFCSGd1MkplY0ZFbkI2YWJuWTBNMGwxOGMtcw?oc=5","Press TV","Iran","1783444140000"
"Iran’s maritime threats put Gulf security at risk","https://news.google.com/rss/articles/CBMiXEFVX3lxTE1kMlJfWnYxVWNhWHdBTk9HQU1DLXdkMFA5MVhCNURzVy1sLTZ4NUhhQk9jUlR4SFFIbF9vR3NrWFZ1RHlsSTkwTnZfX05ZVWItWERyZ04zYURfZUlS?oc=5","The Jerusalem Post","Israel","1783444084000"
"Israel's Netanyahu says he and Trump align on big things over Iran","https://news.google.com/rss/articles/CBMioAFBVV95cUxOZDVlNVMxNkpTZ21tN3JEdGc2bnV1bU1sSl9JTFBpTGxVcDc2bFpoMDNIYzNHYjFpUV9FMEJCT3NhUHdJSWZwYkhqVnFwNFMwSTBBVXdYZng5al90YmNBc3Z3NDVjbjloTDM0WThKZnBpZXFRMjNRRW9Ua2ZUalRESTdtRGxOV0lONnQ0a2tjV3l1UjhfaWZUMjRfa2lITWFp?oc=5","Dawn","Pakistan","1783442982000"
"Pezeshkian departs Iran for Khamenei funeral procession in Iraq's Najaf","https://news.google.com/rss/articles/CBMipwFBVV95cUxPaUN6WVMzb1Z1akV6RlYxcVI0Y3FGNFlfaTgyUHVRZVpjbldFVmtDSjdScFFnTmQxRXZ2TnZ6dDdlZ3E1Y1BiXzdTbVJ3eWlEYjJpaFkyeUhPbkhnNUhha2ZtaGN5SnpqTlZBeERxcjlSdFhGSnRHZUcyUjgtZTdvTDlOeVpwa1JqUG9lRV8yTWdKMTFQaUNYYk1pR25NeEtXUEhLT050TQ?oc=5","Dawn","Pakistan","1783442595000"
"Israel’s Netanyahu says he and Trump align on big things over Iran","https://news.google.com/rss/articles/CBMiwgFBVV95cUxPSklZclktS3JvNjRWeDNYN3hwQmExV3B6cVRMX0ExTEEzS3lkM3lmRV9EdnRuMTJPdjhtcW1PQXRQT3dxeVJ5UXRkOXlFYmZOdkZ2ZWhPcHRfOXVtWHg1bnVDalQtR3RwajJMX050Y0FFUWdoUWFiOGpfb0F5cGxmMUl1UkxWaEc5OVpaWGY4aEdNNmZDX0dmOTVyZFB2czNTVmYxZHBZdFhvUlFlTkQ3WXYwck1UeGFvd052RnYxaDlvUdIBxwFBVV95cUxOYVJhdUMwR2pGczRLTVNtRHZqWmRlMW10OVp4OEVoRlQ5bTBkc3loSXlfY3JhTWF2RnR6bWJqV21oTFkxYU82UEZmcmZ1YUY0U2JMNm8wMDJORFY5ZUJQbWJxSmVLNXlieW95T3dKRGRZVXRwamhJdmkybGxWSzVhRHZXemNQY2t1M0hrQ3dDeU1tR3B4Skd3cGwwdjJiYnZHNEFkRk8tUkYwbm0xOXlDMkRkRkFJZkNlenhrUzlQeUpKVHo4Um5n?oc=5","Al Arabiya","Arab","1783441980000"
"Netanyahu: I have doubts about success of Trump's Iran diplomacy, but 'he should be given chance'","https://news.google.com/rss/articles/CBMi1AFBVV95cUxPWXNnMlNWbEhFVEZjZGlVbk9EcHF4MndZREl3bDlXNG9KZ1lEQk14cmZRYzg4bDlvanN3MUJ2dDVJSFpVWUJjSlZjSkpuSHFhNnRRaEZKM2dlTlpfMGlmYUdxeXgtdm9ta0FJTkgyaG0tWmo5T2R2RFRQa2l4cHpBS3Y2andNOElxMGlXMGJDc2RKV1lLUjlHR0t0QmpvbHM1Y2pFU1dzb1FqX0liWGZtRk1SQWY2dGxnNndPbjZIME14VEZ1bFhOYWxNMElKdFdmYlFleA?oc=5","The Times of Israel","Israel","1783446312000"
"Large funeral turnout strengthened legacy of Iran's martyred Leader","https://news.google.com/rss/articles/CBMisAFBVV95cUxPNjdpMVljb1BHYjVEcjFNLXB0SVQtVUh1WV8wRXBRZDBzc1h2a3dTVlRVUE9oWW5sMExtdXFBUWdWRVlmd3dIREV2Zm5CSzJmcHhFaG5HcHByaGlhdkRqdDctN0QtUmdRVVI3R0NtSlhSa0xLdFBISXJ1OWM5N2JEX3hWSFoySWhOekdWbkY5N3FPLVRYSjhTYzhXNEUybDdkTWJfMnNWa2RVQWlZX3EwcQ?oc=5","Press TV","Iran","1783445700000"
"Lawsuit Alleges Trump Administration Gave Iran Details on Asylum Seekers","https://news.google.com/rss/articles/CBMigwFBVV95cUxPeHh2RnlzZUtrTU9FZTZkV01qT2hMS0ZjRDFaRWRfOGNBRFFWZGJpb1lYU01DSjF4dEdoUGdaclFVTlI2cWMycUJrRm1VVkZDc1pkeFVZS0dIMWh4X0FiNmxqY0k4ZjRqb296cmp5LU1MTlF4Q3Jvc0JhcHBUV24wQmNHQQ?oc=5","The New York Times","US","1783446504000"
"How drones transformed Iran's relationships with its proxies","https://news.google.com/rss/articles/CBMivAFBVV95cUxOMzlpQ3BadG5ZNkVPeFE2a1M2VTlMNm5EWm9ZendTN3N5dFliWEhzM2c3dlBFVk80YmYyMXRJYWVfdFZwTG5SMFQ3aUFtYVhGOE91T1J1M1hfNjEwSTJiaDk1QTNVcWpac0sxNXRJMnM2THpyeXl5RUhFYlE4aVAyUXJSbUw0T2FNdnVrUTU3RTAyTjdqRnBPalY4VVNoSHo3eHdOd0huTVprelpzVUNNR1MyNS1UU2pUR0dyMdIBvAFBVV95cUxQMXBtNklOSE1aSDRuSFlXVk8wLWhoOG1LZjZyTUNKdDR0bVhqTzhSdDJjUGVfRmVpX0VIbXVpaDlmUndYcUtMWTdWdHh3a1JKVnl4ZTZvMS00TzluV0YyUUhOWWEyYjZERFVtUU5fSm1hb3VnaTlBc3VyMENlX2hTTFE2R3Itam1GYXc0bUQxcjlvWnFsdk5XbzFpMWpGWUExYzFjYlp2c3lwVG5nVFF5UnlJVWYzTEpQcXF2dg?oc=5","DW","Europe","1783448550000"
"UK summons senior Iranian diplomat over stabbing of Iranian journalist in London","https://news.google.com/rss/articles/CBMitwFBVV95cUxQMXRyQnZKSzhxeGZ1eUhKcWVQeTQ4TjFXeEVzZmVHR2lhSnZtVlFFTG9Kd2NOTnJlM0I5cjB5QUgwU1hvd3BJMWxXZmhlRG1JSHF4WnB1LUlZM294aC1HSDRaNXdYaTlWQjRhWFMxVzFoSnkyd0U4UnFPalREcGhGTjVfa2hNdzF4X1VOalBSN0pvVHlfQ3BBYzdFN3ItTDRXMWpfVmhlREEtZm9nczZYd0xMX0tmZ1k?oc=5","Reuters","Global","1783447610000"
"Exclusive: US commanders bypassed warnings about outdated intelligence ahead of strike that hit school in Iran, sources say","https://news.google.com/rss/articles/CBMiigFBVV95cUxORk43N2lhaHhWUm5hU3RYejcyY0hoZTFYMVFBVkFzM29aUXZKeUJZUDBETDNGWWdCbzkxSFNZZUpSQVZCc20xUnNOX1JYd2d5SjBpaFFSYmJnc0szWF92Sm1JYi1hSVBKRWRDcXJERUlXekVoWDMwTWlJbGNxcHhTTXdkQVVJZVl5Snc?oc=5","CNN","US","1783448725000"
"IRAN RIFT LOOMS: Has the world given up?","https://news.google.com/rss/articles/CBMiVkFVX3lxTFBkMzlsdFdoRUlwYkhFTHNvU0YzS1YyWTFRWDlhcENGYUNKSTQyVG43V3AzcklGN3hPbmNlZ1lhWEJjWDMxZUR4SGFrSEtoS1BoY2paSzRn?oc=5","Fox News","US","1783447043000"
"Plane carrying Ayatollah Khamenei’s coffin arrives in Iraq","https://news.google.com/rss/articles/CBMilAFBVV95cUxNTVdkWG9Qb2haOHdvZTdqT3BkZGpCdXVEVHg0dTh4R0dqbW9lQmhGZUJZYkgxc1lPUTFscEpLSTlhTmI5c0pJbU1wckxWYUtlR3BBeDBOLURneW1DWDg4NnR2QWNTYTRRbzJNcm53cTJWaVQ4ZkN5NTRNX3BvRFlGdUhOQTBwVkhMNjFMd3E5QnZneDA3?oc=5","Press TV","Iran","1783448223000"
"UK summons senior Iranian diplomat over stabbing of Iranian journalist in London","https://news.google.com/rss/articles/CBMixAFBVV95cUxQMy1hUUdUQmxhU3MtcTdiaWlITndNQm9UQkVYdU8wUnVmNzd4X19EWmxJYkpZZ3FQVExtQWc4YTBjaEJsUGJnRlkyTTJJT0FOOUREWF9mbENEYzZoZ05mSjZETGhPZTVlLW5Ya3I3QmZHbkJBUFFDc3NNeHZGVDVWbGRQVktVa1JDT1Fza083QmN2YTcyYU84RTRJa09aRTUwazdrMmlnaEM0cmR0QklRMlhwQjVzTm5aOWo2MExJVkVZTHN2?oc=5","The Times of Israel","Israel","1783448162000"
"Qatar summons Iran envoy over attack on LNG tanker in Hormuz","https://news.google.com/rss/articles/CBMimgFBVV95cUxPdXBXWHVCWVpYUnZTMm5teVk3VGY4bGllODY4ZEw2aVBBeVZvbFhiRFJYTEhuU2habmp4U0ZVX1R2andiLWJOSHl3UkctOUhYVVIwTmRkU2JkOGVkQUtYa1NlNnVxdGR4UHRuYzU2a2tQTEVUNkN0ZFVDd0JaZFc2VV85T2F0ZGJUeHJ5TkF6X0tsSGt3V2dzUzhn?oc=5","Dawn","Pakistan","1783447724000"
"US provocations in Strait of Hormuz to be met with swift, decisive response: Source","https://news.google.com/rss/articles/CBMi0gFBVV95cUxQTmk2Y2U5ZktvQU9aRWNyMWtMMEdYYWJmcGRhdW5VUjhyVWpGWV9aa1o5c1VJbmtSTzJzVG9MM1BRWW5kODRaS0lxdkQ3MEx4QlJ5ZW1FbEdqTlV5VWJjWGgxM21zWVBxQmtTRjZ0U2NGcEg3MHAtblFSZG92UXJwamRvZjdDVTFxeHhwU0hrQ3dySFhXSmtQTG1COTlrSVlaLWJRekZFdFBId0RfQk02bVBjSkN6eFVBZFR5SnpHVmpvcTVRU2pVLUZMNUtNWFVLLXc?oc=5","Press TV","Iran","1783445961000"
"Tehran and Qom witness massive funeral processions for martyred Leader","https://news.google.com/rss/articles/CBMiuAFBVV95cUxOTWVEbFR2R201clgxSzdGdE9rWVpUWGtpNFAtSUNzMThVNmJKTDEyek1ORGxDYUYzdXA5bDhTcHVSSGdDci04R3l5UVFIRXd0RC1hdnNHRWRsT09VNjZJc1RGbDZKODdCVU0weVphekhPalhlek9vREFnNkJxRnh0ZnVDMTZ6ZTFWNXNTSndmdEh1SzNZaGFNMkZOVlFGZUhnS1JtTGtXb2kycWVDTVJLdWxkSmZFbVRD?oc=5","Press TV","Iran","1783449863000"
"Coffin of slain Iranian supreme leader arrives in Iraq’s Najaf, state TV says","https://news.google.com/rss/articles/CBMivgFBVV95cUxONlE0TldLV1NxSGRkcnVyZWJad2swTGpMbHBnZ2FmOXNTUk16LU1RTHloTWxNTklIUm1JVE5McHg5ZFEwMU5KU242QUtpelN2WWlMeVRfSG40alZaOFdRWDJuWlhfM2Z1ZnZYMk51UjFISHh5cm9wVDZNLVhuNHBJWEx5bmNKU3RJYUxBYjduY2F0Szl2S2l0SVNUa1FLS0RKM1F5eUNURDFTNW9JYVRJUXY5LUlISkhaU0hFMjd3?oc=5","The Times of Israel","Israel","1783449662000"
"US revoking license that authorized Iranian oil sales, official says","https://news.google.com/rss/articles/CBMiuwFBVV95cUxNRF9kZUxkQm9QMzgwTWI4c0hrMXRiWkdFWGNOZk9KSkxfcFplSUxKLWlwZGFRWTVCYnRSZzdBRU82eXJMRHduenF5RTF4bVBVSVNVMWcwNkdjUElzd05RcjVya2hsRkplYWhRcnR4ajBhVWphWW5rdS1UZlNBSjFPNUVzcXlxSHhrUWdkZC1pcHVjQUtLV0pzUFd5UXhoY01DaE9zYUQ0V3FqemM1UW8wTm9LUlpreFJfdnBj?oc=5","Reuters","Global","1783450432000"
"Coffin of slain Iranian supreme leader arrives in Iraq's Najaf, Iraqi state TV says","https://news.google.com/rss/articles/CBMi2gFBVV95cUxNUzJ5SkdOa1EwUVZPOVlJRzZpbllJVGZiaW1GdjFubGRPUFJGeGJNUjE3ZDU3VTVyNTlhWG9XZTlXalNtc1RzOXdoQkFKeHNiSEk0ekJLVEh6d2xMOVFzSjhXTnFZWmQxUHNXS25Sa3RYTUVJZnVZXzlCdmxJRlFfYjhvYlluQzAxWml2bGNSWnlyQzg2VjE5SHNNejhZTE1zSzFSQTZiSDBHQlFvNHNWVTA0Vm45YWx2dGNkZjlXWTlRa01TQ3hTNjVyeDVaZVJuclNBeGNIWU50UQ?oc=5","Reuters","Global","1783449229000"
"Exclusive: US commanders bypassed warnings about outdated intelligence ahead of strike that hit school in Iran, sources say","https://news.google.com/rss/articles/CBMihAFBVV95cUxPUXZHZUQtZ1NselVIamtDT2lvQ1hadHprWGJyempDc1BmOHVGQV93akk5azNVeXRoczNja2Q4WGhKakJPb1FycDIybDhuck4xUFg3TFQwX29DYldDUTVwQ1VGQ1ZaSXljbmUyTlFEb1NjY0tIMUUtRlA3X29GdmJfNGEwa1M?oc=5","CNN","US","1783448725000"
"Iran attacks ships in Strait of Hormuz days after Trump gave Tehran 'a week off' for Khamenei funeral","https://news.google.com/rss/articles/CBMivwFBVV95cUxNWDVrZUVKczZYdURmenJBVGlxVnRXbnRtNFJESVZpclpOcVFYR2lfakk1ZnZzcXFQYnN6dVIyaXRhTWVvYWVnTUFhU0hUVkNhQXVrc1JnOEJtdHdZOEIwQzEtRXByZlBWZ2tJZnJOVWN3bHRsWkhlQUxEMXBFUjF6eVpOMFNwXzhNYWx5QUptdjBVdnQzT2FLeVotUFNiTWN5Y0xURnBkdUdSa0hseXJoWmdPMWtFdTl6UTJfdV8zRQ?oc=5","Fox News","US","1783448685000"
"Iran strikes three vessels near Strait of Hormuz","https://news.google.com/rss/articles/CBMijwFBVV95cUxOZ3ZOeElRYWRhOGV3ZFZjb3VQNkpORlhScUpkTVJmTzN3RDZ2QzRhcGVnNGRDMUpQX1JfendJYVB4ZWpWS01CMFJHS3k0STFCUG9yckdZNkk0WkhMOVBGTjVrMTFQZzRWX0lCMXhJUTB2M29UQmZiYUtwd01rVGRhZGd3RGVzREYxb1pXalVIYw?oc=5","CNN","US","1783448580000"
"Trump admin reimposes oil sanctions after Iran strikes ships near Strait of Hormuz","https://news.google.com/rss/articles/CBMiiAFBVV95cUxNaWdPZlkyazZVSlVBWFRSZVQ3aV9HbXdLOVdpYjZVd2pOalN3YXNLc09OblZweDRUTVRpbUNNRGpmUko1TENNdkFKYnpxYkpobjM3XzNhazBOWldSbk14eVFjVjZxVTZ5WktKMDdtRjFJaGNxVnB3LS1BMGhtYzBfWmJpNnYtanRE?oc=5","CNN","US","1783452455000"
"US revoking Iran’s license to sell oil after ‘wholly unacceptable’ attacks in Strait of Hormuz","https://news.google.com/rss/articles/CBMiygFBVV95cUxQTXg4aFRoSGphNTNoa1ViVFIzaE10R1VvUDJnMzhBTjdkV1BIZzdtVEFySkFjX0E1aXZxYnpqLXFHSjRBUkhOOFE1NzNCU2xKMEpLN3RKVzRzcHdhSThOTVlMT2FaUnhWTElkTWc4OGhvRThpQWQ0TTIxSkpYcHhWc0M3ZmtUdFFPVHVjT3djVjVJWjRVUFFNNndDMDJtVTYyN1hNWWR4cFgtWURoRTVjbkYwREVxOEpvVFNLVWR6c2hmLW0tLUJGTFFB?oc=5","New York Post","US","1783451940000"
"U.S. revokes Iran oil waivers after Iranian attacks in Strait of Hormuz","https://news.google.com/rss/articles/CBMiigFBVV95cUxOYVpLX0M5NlVHbmhHOFZKclBtRkh4Njh6ZGdQZlp4TnNHRVRuc00tQUFldFpGNFcyOWJ0eThhZUtIVU5jb2hhRHpVckJXRVdmRzFWWTlVa0Nndy1rdjVFZmJpZDFGWnZkVWZjamVEQ1FwNVZnU2pHZ1dVV0pzZ3Fod1piTHQ0NkN6TlE?oc=5","Axios","US","1783451577000"
"Video: The Symbols We Saw at Khamenei’s Funeral","https://news.google.com/rss/articles/CBMiqwFBVV95cUxOdk42dlN1OURyRkMtZXFEYUIzRG9QZGNvWVgxVzFnMzE5VTBEU0RVdXhiTnNmekR4bzA3cmQ1NmJ0T1ZxeF9mSWRnQTh5QTZkS3BMclFXVllUSDZmSk1TMk9EZVBDVjlidm5xQ0s2X0NxSnFXZDRhX1VxTkQwdFBWZ3V1cnFJWFR0RDBNLWMzR09KTmNaSl9VR1dYNnZPZW5wUkhBY0dGWE1NWFU?oc=5","The New York Times","US","1783451329000"
"Qatar summons Iran deputy ambassador over LNG tanker attack","https://news.google.com/rss/articles/CBMiqAFBVV95cUxQZ29HMmpQd3l4d3Nod19GSmxFOXlGMmYwXzVseFpZT0ZpVmpDTUdadll0VW9zdlZ4MFZpSXM3UFZHYXFucjJYZ1BlUUx2RGFmY3lPNzF6TG1JQW53WlZKSUR3RThVNThPRDMtRjRfZHZMd211V1p5eEMzb1VxWksxUDJudFowTHZwSlVad2hxY0xzZkFtX28yal9JZlh0TE5qd0tOMlVhZFo?oc=5","The Times of Israel","Israel","1783452411000"
"Trump criticises NATO allies over Iran conflict support","https://news.google.com/rss/articles/CBMiqAFBVV95cUxQaW9yeVo0TmItdkFMemVMWlgyQ296dlExcDMyM0dDMFktYUd6VUhuNThtbl85aGpQRUpuMktvOWF1c1UwWTRDUWxjRjRGcjJUbzEzT3pqVXR0UENIMlY5TUhFSlQ2dnptcHpQQ2RORXp1TzQtU3JxVVdMNzRBODRIcFpkeHlhY29JemRBN1dWTll2NUtWV1hBZmJZWWJ3RGVWTU1EYzdIUVTSAa4BQVVfeXFMUFF2MERKU3RueUhiMGN1SUdDYmo1MUQ1TlU4R1A4ZjdlRG8xQmU4U0l6SDlhN1ZXSEtLMjBaTWFqU3hUN3dBbDNMd0dlUHg0MkRGZUxWY2EzcnZEN3A3NjhiQjdfUVhCV3JBSFJhWjNiRS1nTzUzNkp6Z1dVWkJ1TVE0RmV2MEdKUGZuNENnLU9FOF9iNTh6Z21jVl9YbkVsbk5jbnQ4U1UxMWFkTnd3?oc=5","Al Jazeera","Arab","1783451788000"
"Official: US revoking sanctions relief on Iranian oil after 'wholly unacceptable' strikes on tankers","https://news.google.com/rss/articles/CBMi2AFBVV95cUxNY2kxYlFWZHRZVjh5WUJPSU10NjNaemwzc2plMWRFZWthUDNUeGIwNkFOMmJLbTZsTDAyRUU5YTRnOVQ0eUZCbXk1NF93LUxfYlhIQzE0b1BJVjlITEpZRmdIMGtWVGdjVmgtUENzbWdQdHoydmJkMVR1MWFZXzZ0ZGYzQ1VVT2RXdzZfSk5Xc1E1V1REWXdMNnJTVzU3cmRhLXlpTGw2T0w4M0FCQjBPbXM5SmFRV3lSZk9lSDB6eUllZFFIOFRkRDNJQ1hxRWRXQjJ1bjdnQ2E?oc=5","The Times of Israel","Israel","1783451452000"
"US revokes authorization for Iranian oil sales after Hormuz strikes","https://news.google.com/rss/articles/CBMiakFVX3lxTFB0NnVWYXZwMXBQQXVuZEJNY1BUS014N3JEUWNUbmFHOVhsdVMzM0VwQmpLR2NxOTktSVlpeExFMmRJQ01XanVZTmpaanhmejJIQ3RpN01KaDdpRkJiY2haQzM1VUcyQUo0bWc?oc=5","The Jerusalem Post","Israel","1783451372000"
"Going Ballistic: Israelis Are Thanking Iran for a 'Crater of Joy'","https://news.google.com/rss/articles/CBMijwJBVV95cUxNU2NnblBsdWJGc0RvcHVsOFQycER2MlFIdTdyN2p2dkRTRmVLRU1jWGhnN3Q0V3B4aER1WGcwb013R2taOEJsUFJadC1aaGRrSGQzT2tWemNvd0hveVpPd3lUUWJPSjBqTVgtcjRaSzJGNUZBZ01xbVlKY01XMUVibnREejR0SmdaWWtCNGswWnIxTE0tdFpQcDh2WjRXcFdBbG9RMkhKTDVKanNDVTdTQlV5SjFVa3lWOEhfTGRFdFdTUE1oNUY5RFJKSzZKckh5X0VLYmJVekFFVVFQWnN5Q2RpN3lvVGZPcHpnNXdJWm91YXpHV2xxUEQzdmZYakV0MXlIVzV2V2w0OGRQUWNr?oc=5","Haaretz","Israel","1783451280000"
"US revokes Iranian oil sanctions waivers after Strait of Hormuz attacks","https://news.google.com/rss/articles/CBMiyAFBVV95cUxPcTJNLXV1aWZmWWhTdGZKUjFqMlBRN3l5MDV0NXI1ZXZ2Z1V4QmcxRmFoZW1wV3BhQU4wTS1QTGs4TjFaU0JiS3U2ZUQ1eDBVWE5vUXVfUXpEdl9DSzFacmJZMkZmaVZZbkRwTkdJeHdfaEZpTkIxRGMxalJIcVRiR2pYNDMyTk9jSWVwOFVoU3E2WVVXSS1YR2lMWXpuR01yNnJKZDc3Z2NmczhxMER4OHN6MU8yWER2SDZZZW1KQkdYRkxIM2JBb9IBzgFBVV95cUxOTld3VXdHaG8tdVVzVnBQclVxUHZfZ09rdGlCNlpPSjVFcEdyZWt4QVBobzFQQ2RVOUpsMVJZeF9GWFJFZ0Z4RXFKVTliRHgxV0lnNXBrR1k4MXhHV3RUQU1xSE12dlV5MDRsMEtkNWtObzJ1aXhoZXBsVElZd2tUeHFrd2c3bFRRUXRzVVR1ajhxTG5DamFsSFBCLTZUelpkclM4YW9EMkdCZWloX3JBc3VSckstNVZMRUhTeUNzMFBZLUtCRWxZb21zOUwydw?oc=5","Al Arabiya","Arab","1783450860000"
"Saudi Arabia condemns Iran’s targeting of its tanker, Wedyan, in Hormuz","https://news.google.com/rss/articles/CBMixwFBVV95cUxNMkdjQi1jaHZiRDVkLURoVzVBaE03YWJYWmdfcFVISTNhWDM4Wmhyc2xJVTNnNTEwRnJWd2tiam9EblZQTXdRbnh0c0haaVY5M1lGUEViOS1fcEszN3h2TTZ0QzJGcE5FcG9FaXFFcWc5TG1iUmdqc090Z2xJN2hrS1U2U1JLVUpneG5RSFQ3aW1GVTJSUkU2M09jTE02bkJZQXFwRENxUkxvVS1PQ1B1dWpRT056TWVYcmNoaXdVTVNteURBWDEw0gHMAUFVX3lxTE1FRVVYd2YtVkNVbEZxSC1WWjdBM3V5OXdicUlZSTU1SG9kUUlBa21EcnJWdVU4OUFVTlFGZDlCZExzNWVzakZnRDQxS3l6UEZsd1BWQWhfYnJkMEl3RHNycFVjRWxVdEJrUjQ2N3BjUGNzajFrbUlNMmN3SHBhaWFnT2l5cWt5SkdnUjRBencyQlRWNEQzQnJ5SnV0cVB0V3BLd2dZcFg4blBORzhqajF2NE91QmRnajk3R3lRdTlnYVo0SG92MGIzbkpndA?oc=5","Al Arabiya","Arab","1783450860000"
"US revoking license that authorised Iranian oil sales, official says","https://news.google.com/rss/articles/CBMiowFBVV95cUxPZFYtbmx1UDhYUzJnYjlkYmFVS2t3NVlPcUxEbUtjc2lnLTZ3ZktJMFp6Ym1SM09IMG44VTRsdXFHcHNsM2t2dkI1RmNES08tQWRib2ZrMU0yejNtXzM4c25wZmpHaFZkTlV6VDhlSzRRTUpiUHdfV3piSTFGM3ZjNkNqWUczMWZWeVIySVlJc3A1eFEtU2dMR3NlckVWeS1qb3lF?oc=5","Dawn","Pakistan","1783450375000"
"UK summons Iran Chargé d’Affaires over 2024 journalist stabbing","https://news.google.com/rss/articles/CBMiX0FVX3lxTFBsNnR0N0FBY3dUOFJ0RGRGTExveHlzT2dpcEhPRlFVb2hkaWlUZkxnT1RwVXVhSk16azJ2NkViWTBKOUpTcTFoNjFsdmd3NHVZZThxcE1ON3lxOC1KQmRZ?oc=5","The Jerusalem Post","Israel","1783453918000"
"Riyadh condemns ‘Iran’s targeting’ of Saudi tanker in Hormuz strait","https://news.google.com/rss/articles/CBMirwFBVV95cUxQUElXQzE2WFc0WU5mN1MzVE9nZWM5UnJwUFZhZmVCWTZ1a2FxMm13cUJwRktZQ2p5UUQyYjNHNWxmc1c0ajZQRTRja1h3dFVpclNGR0tJQ0ZKcVhUcGs2Y1J0bWJ3NE9pRzdYdk8tWXk2cFJYX1poenV3ZXBuY25PQW1RbWp1X3Z6S3B1SEhISXc0OTZaaUNiamlMTjM3RFZ4QUR0N3RlU3h0cFJZaHQ4?oc=5","The Times of Israel","Israel","1783453562000"
"Iranian spokesperson vows response to 'any act of aggression'","https://news.google.com/rss/articles/CBMimAFBVV95cUxQRWlGVk9LLS1ISmJ5LUY2WDNiRHdncm9fSXdCNWxkN19nN3JGUV9KeW5EV2g3MGlfbnRoVlZoOXgyYjhwdklTcEN0dFdCa3czMzBLb0ZpZlpzdE5WeUx3ZzNRREx1WUpwRUxNcElwSl9CckVkaVNwNXZEMFA4Yll2bWZPaXc3OFBjakZaNXdRUnVVenFGQlc3QQ?oc=5","Dawn","Pakistan","1783451045000"
"US Yanks Waiver Allowing Iran Oil Sales After Attacks","https://news.google.com/rss/articles/CBMiswFBVV95cUxObnRWbzVnY3doMDFsRnZDOVJrLU4ycFFHNEw5SjBCT09WTnM5YTVCVkdmT0hZNzctbzFQbGtUdDVnRjJrbXlQdldFQnN0UFFwU2Q5ZzVoUjJNb3NQRFY3ZzBqX3UxMFZaSERLX1JLMmNycW1vUUh3STVERVA1MTJfUFoxN3dRejNaS3JTVTlfV1owOW9ySFpkX25VRWhVNkZDSnlTR1V3dG5iQ09RSW5zZHVORQ?oc=5","Bloomberg","Global","1783451325000"
"Trump’s Lebanon deal puts Iran agreement to the test with ‘wild card’ Hezbollah: US official","https://news.google.com/rss/articles/CBMiqgFBVV95cUxPWmROd2xXNnZHcTRKS2pGMUMwMkREZU90NFR6bF93XzlTVXVBb0dwX0tFUkJ4OUd6amJPbTZKelh1MEkzNmZTVEdJS1MtcXlCT3lRX3B5MUNMOFhuOU1WdU1EODdLR2dBNjllOC03ejBWVE5LeWRkOHlQU1g5RW05UHZRMkUxYWFfVVdGelc4V1JoYUVkbWtUbDR4cDljOHhpOWhMVXZ2SDNhQQ?oc=5","New York Post","US","1783454040000"
"U.S. Revokes Waiver Allowing Sale of Iranian Oil","https://news.google.com/rss/articles/CBMimgFBVV95cUxNVXc1cldrSkZVRXJ6dFN1WTFGQXpfbkVXb1RCSXdCd0lQZ1hnay1hVXVQdDJUbFREb0wtU0NPOXNKVXJyOEZCb3JEWmJSNVpsSC1vSlVRQWszWUJoMVNZbklRZ3BOSTBYcFlJSGw1Nk5KOWtYaXp4UFRfVkp4eVF5S2xKVzNUa0xLYVdWcTY2TUhua0RIN0wteGt3?oc=5","The Wall Street Journal","US","1783453860000"
"Bloomberg Businessweek Daily: US Revokes Iran Oil Waver","https://news.google.com/rss/articles/CBMirgFBVV95cUxQdFp1V00yWEVsY1FjelNXRjIyZEJHckpSbjRWSklJYnJVUDZaQzZicjhVRkZKWjd4RnZ6S0pxdFp6dnBNMW10Z1FLOGVWTXM2LW1UQ2lUdlBtR0J6UnJkeDhDWEVYLTY5NG40bFV3UnI2cmxWQWVweHpRaWpuejFHSEdrS1FmcC14ODlfZ0RzMGpwNFZxSnA2bEZ2Qkd1OEdIVHRHLTN0Y2o0aFlZS2c?oc=5","Bloomberg","Global","1783455988000"
"US revokes Iran oil waiver after Hormuz tanker attacks","https://news.google.com/rss/articles/CBMiowFBVV95cUxPX1JtN2xQV29OUHRZbkc5Q1dkX1BVY3JDOW1sQmxFY2pZQUUxQWNyV1UyWVgwTERINUQ4OTI3ZGVfa1hxNGVOREVRN1lER29DMWRuSExOTnFNaVlnWXZiZkVoU19GckdGUTdMR0NkazRsWWRicE1IaGVNZFRkQmFBdUQ4UW1qTG1rOUc0cG9JclZheFdDTFAwa0xwMjBYcUFaYkRN?oc=5","France 24","Europe","1783455916000"
"U.S. Revokes Iran Oil Sanctions Waiver After Attack on Tankers","https://news.google.com/rss/articles/CBMijgFBVV95cUxNM2xwTVNTSXppMElLNmFvbUpTTzF6a3U3cU1Jb3M5dHg0TXN1d2JaazktcVNyT0dMZG5pNzlDQk8zX2V4dFRUY1ViM3NyaUVVNmdjQWVDQmZ1X2V1SHhWUkZRUHRXLXBUd0YzYUVWLTF4RnJHT1NVek1SOVNHenB5WmNxYVdrZFhvWE5TZ0Rn?oc=5","The New York Times","US","1783455701000"
"Iran says Qatar’s accusation that it struck an oil tanker is ‘unacceptable’","https://news.google.com/rss/articles/CBMiugFBVV95cUxQNkxFa3RnOHkza2NnTVYwejVCelJCdGNjcURobzFNak5HLTVJblV5YVJBMHpLSmptdEd4RmVKb3RENVJDSm55VzZfdkUyd3RWaGo5a3lla3BGSzFHaF80ckp4RDZ6VzRaWF96MG9seXZOUERuUWVFc1ZBTGpfTW5TYXpiZlVIWGJtd0FBelJMTmFnSzBQd3d4SThuc2V3dTFzdDlBZmlUM0dxaDVyR0puMTBUMHRvUTFINXc?oc=5","The Times of Israel","Israel","1783455662000"
"Coffin of slain Iranian supreme leader arrives in Iraq’s Najaf, Iraqi state TV says","https://news.google.com/rss/articles/CBMiXkFVX3lxTE9WUFhvYmxVZVVGckt3cm53V2tVUHUxeTUwZ3ZJV3h6dVo3bHc2NTRvMmNjRHllaS1ULUp0NTduY0lCU1BKd3hPdjN1Ml9PRVJ1dE1aRHNMcExhNVh4ekE?oc=5","Arab News","Arab","1783455125000"
"US revokes temporary sanctions waiver on Iranian oil","https://news.google.com/rss/articles/CBMiXkFVX3lxTE1RTER5YURjVzJENFZjM2RRR2JibU02aTdORDFfenByRE1yN1d2bXZZSWpyRHdWS1FqWVV4VzJMaW8zOGNLTDB4MG1jVFdSRU44OXRwTlhIai1MRUVySXc?oc=5","Arab News","Arab","1783453087000"
"Iranian official: US will lead negotiations with Iran to failure","https://news.google.com/rss/articles/CBMirgFBVV95cUxQVVZNaW4xWnNiU2JOcWJOSmJtTHF3Wll6TXVpRU5FdjNMaWZpMUJJSHB4Z3Vja2ctMzhSSGNiWWJpVVN0MHQ1ZUYzQ3dFMkwtaERERGhDVFktRDRtdktQd2xwMVE1b0pNcE1ZQm9mQzJZQ05UNklkemhDUE1zX2gyUTdiWFBQUE5ZY19uSGhGSHROcV9WZVpOUFVBUERqbnp3SlI1X2g5VUtnZWk4QkE?oc=5","The Times of Israel","Israel","1783457762000"
"Body of Iran's late supreme leader arrives in Iraq for funeral processions","https://news.google.com/rss/articles/CBMifEFVX3lxTE92UlRGWV9FcUlHcjRJeElVMnNWQ1Y5X0tfVjMzbFFYdmVGTjlSdGw4WlFsUENmb0I4a2FDOXVfdFBoRWFzZWhSSkpsSFRHaXhHZnVsd1poT1BlTmQ0UmtLQmJuOEV1azljcElCN1NXc25zWjZ2Xy1IRkFNb2E?oc=5","Xinhua","China","1783457370000"
"Qatar, UAE, GCC chief condemn Iranian attack on Qatari tanker near Hormuz Strait","https://news.google.com/rss/articles/CBMifEFVX3lxTE1HQWdsaXB2T0NaTEd2RW1rcmpzemh4UmxldHd2SDZ2Z1d2dTVxalFtNlZ2MWU5NWQ2VERtZHRCN213dDN1cXBFbDNSMGVaT2p0NGNLX05udC1mcmVLbUlyTWdYc2JnLUVwTm92QTRiSzRqRktld3E5aHNiUlk?oc=5","Xinhua","China","1783456185000"
"NYC Officials: High Rise Unstable, US Yanks Iran Oil License","https://news.google.com/rss/articles/CBMiqgFBVV95cUxOSTlVTFNlWDhGbFEyYzNhZ29ubi03dUtuRzd1amZRYlVLVzZhZi1oMW15ZEl3aU4tTjVCWUEtYWdHbEtySEFWSVA3UUNaZWRLWFlnU2RjZC1DZzJ4MGhvMDVjZWRNenYxM2M1ckJnTXNrVnlXR0VWS09ld19nRGp1RTlpZFJPRHpzTVJZZ1BwVGQyN3ZhY21MMnluZVkxRlBQdk1Ca3hUMmZhZw?oc=5","Bloomberg","Global","1783458134000"
"Trump calls Meloni a 'nice person,' criticizes Italy's Iran response","https://news.google.com/rss/articles/CBMiZ0FVX3lxTE1FT2g1RUdqdS1CX0IwT3YwOER3SmotYzdKcUtCOUwyV1NCVTZQbHVERGVYQVVCWmQxaV9QeGROS1EzeHlBUGQ5RVFXd2pNaVlDa3VmS2d4RHBxMmRfOGptUkZNZWZqdTg?oc=5","Reuters","Global","1783456114000"
"Netanyahu: Iran chants 'Death to Trump, Death to America' at former ayatollah's funeral","https://news.google.com/rss/articles/CBMiVkFVX3lxTFBLS3RiTXBGbWFqbko4VG1TcjEwSEQ2d2lkTFJTTzM3LXVXQnprY0o5aVZsSmRZd0ZiOXRtd1Q5SlZzM25XUFdWWDdSWXU4SjlBb3M4eEt3?oc=5","Fox News","US","1783458067000"
"US revokes Iran oil license after ‘wholly unacceptable’ attacks on ships in Strait of Hormuz","https://news.google.com/rss/articles/CBMiygFBVV95cUxNZXNGUWFwVXlLT1JHZHdCQkxTTUFxQk9hUWZOUjVRWjFqWTUwMjRiMHVMUFYwYkVyV2NxTDRfMkQ3MHdXLVJDanNFWTdCYW05RjJKZ1hFa0NCNk1pTl9KdktlR0dza3l2RkNJX2JJU0NabVNmTUZQSWR3NXRXNG9FUjY4Z0VaS2JnOVpqSGw5MWdNbmVwMy1iY0lacm82cUl6VlBadEY3M1hvcUtCd1lkVzBmRE5hQk5ZazhYb2JKQ1pGaHF0QTNWZDFB?oc=5","The Independent","UK","1783457580000"
"Tracking Trump: Trump considers selling jets to Turkey; U.S. opinion on Israel sours; Qatar says Iran attacked ship; and more","https://news.google.com/rss/articles/CBMi_AFBVV95cUxPZDh5UWs2ckhYbFhlN2Z2TFRHWmthcnRPZGh6QW1TUVF5d1NjLVJOWnQxRGhwNGhHbUhmckoxX2s4ZV92TGxsWWxWeFFiaHRKYmhBSGFfdkhqR0ZWa2pObEVuUHRqU3U1R2dVMl9ybV85OU14VEVWRy1MMjlfTjZwdjRBM2VVY0dGTEJmSmpvYjZWcjdQTTV5VFZXTWFjUUxWWEl1cGphY29qcmc1dHF3SzhQcnBSc3Jzell6MlRFS3BfUDhaSnlxLS1mWEs2TU9SY0t6MW9RYmJnVFBuUlZfTmltSzZfcUV6QkFIdzJrb2hadTdZRFljMkxFb3o?oc=5","The Washington Post","US","1783457468000"
"US strikes Iran in response to attacks on tankers","https://news.google.com/rss/articles/CBMicEFVX3lxTE9yQ3pfc05zbXpmdkFSRVM2TkhjRkI4QnRwbG1pR3k4eUNSeDZ1SFA3aTE1LWV4RU9icF9Fc0VNWFBsQ09TcmRmalRKYnZJU2RieldlWkY5YTB5Q2RfUWN6MGFZSE9YUnBWWG01clhfdVE?oc=5","Financial Times","Global","1783459724000"
"US military launches strikes against Iran, Central Command says","https://news.google.com/rss/articles/CBMitwFBVV95cUxPVV9wZ2FzeG9JZjdYeVFsay04cWxoUzB1dzRnQ3RwczlRc01vZ0tNUG5aa2JYVUFlRG5vRy1mTnNsLUs2TXk3dzFKTVliRUh2ckJuWkVzQTQtUHpzT0Q4OFFILUFydHlsdUsxaTlhak1hWXViVGZNZDFkNkZSVklSUjZXRV9uLW12X3VOcUlZbmpGQnZUR3gyc3M4WVItZXdjWEpBd01GWjdvRGVzaFc4emZBY0p5YlU?oc=5","Reuters","Global","1783459424000"
"US Military Says It’s Launching New Wave of Strikes Against Iran","https://news.google.com/rss/articles/CBMitgFBVV95cUxPQTUzbEVZRTZaTklfRmV5RTdycndaMEhrMHZ1MmFhMEFDb285Q2VMZkgzVTFrSkhZRTVSckIwMWRNbndsZDBOSGxTb3o5Ty13SnhvOTI1ZXVxVVFYR3o2Zm9qWGJRRF9RbnZrZmxfTjFUdFF2TVFLZjdOeVpFQ0ZoZzBOTEJOZ2hqdXB5bDhtcy1aeFNjNExRTjhPUmo4eHpyeWE4Ym0zaExxdFJ0Mi1GSEdFNUI4dw?oc=5","Bloomberg","Global","1783459344000"
"Truth or Fake - Viral AI fakes flood social media as Iran mourns Khamenei","https://news.google.com/rss/articles/CBMikAFBVV95cUxNckY4YUFCUFBiZjlSMFlaZlVFWTR2bUIzOU85bFJxNUNwdXUyTTZCUjRuV1owSk8xaEdSUUhsY2J0aTFISTlkSExSYUlYbWRvd3JSQ3RSSnZOeDRGNjQxLU16cDJmM3E3SGFUbUNqUXQ1WHZjLU9oV1hUbXc3MDd3WEFTNml6YUpSUUhFa0tQWDU?oc=5","France 24","Europe","1783458585000"
"Trump bans Iran from selling oil after renewed Hormuz attacks","https://news.google.com/rss/articles/CBMingFBVV95cUxOVWxBRnladTFNNVU4WEJYVGdOelpWWDVzVmUyVUVqdG0zSVJaUVd2dDN5bkgwbWQ0NHhaZ1pJZW9XOUZOLWJ1Q2hiZHpJNGZjaFM4azQ0TTV5RElTTmxreVlVYkNUUk4yNmVsdTk2aDZjOGN2YkZSRFppbFFvTE9zRXdRYUJVek1wektLUGVNbC11R0dwOXhxNFh0WjZRZw?oc=5","The Telegraph","UK","1783459260000"
"Trump administration reimposes sanctions on Iran oil sales","https://news.google.com/rss/articles/CBMimgFBVV95cUxNNW1hMndELUdWVmtWZjNZY0VaX25JQWxlVzN3SlIwLUVoUlRtY0RrT2djSmhYaHg0MU1BcTFPaVFUUUF4SlowbDQ1LTRGYks0MjdZN21BYkpqNzZVTU9JczV2WWhmN1hJNkpUTEdvRnQyWkY2MmotTExKWjV4WXBENm10bzVDcWpjR0RNTWo0TUZOUy10bDdwLWh3?oc=5","Politico","US","1783458181000"
"US says strikes launched as explosions heard in southern Iran","https://news.google.com/rss/articles/CBMiowFBVV95cUxPa1hvbWRYQ2V0aGJILWJ3Skd3MlV2aU1lSmVjNXlEbGR2NF82TU1MTkJELUd2cEdOZHNwelBfdFo5RV9JZ1pfZnRydTBOUUdZRnE5dVRaZFRvNVpWNGpnZldndk1tdFFBaFJnZGFjOWw1S0hWRTVRamhhdHdXN3JySktHbWxkVGxRM2lnMGVHWXU2cXpGdkZpb0ZzWTczV2tkVUZF0gGoAUFVX3lxTE5EbUZ0TjNIVXJEQk9VdjlNaXMxVHZSSng1S19OM2hhMV8xSHVuLVk1bTBINjE1OFJpTGhoel9jN3BKa1o5T1p0Q3ZyMmZUVGsyb3ZqN2RvYkI1N2dTSy1JaTlnZXhXQ0M4WUdaQVp1bVoxV2NOVk0xd295V3gySGtFTWJTbjZ2VGIzRkJzcE5PcHFYSXI5QlllbGhNY3VIMndXUzZSWHh4OA?oc=5","Al Jazeera","Arab","1783459485000"
"US launches ‘powerful’ strikes on Iran following attacks on ships in Strait of Hormuz","https://news.google.com/rss/articles/CBMiyAFBVV95cUxNMWw0b3lnRFlubVRGWDlGcU9RSkY3R2stS1M5U3Q2c0Y3SFhIbG9USmhmSTVvRGpIY3pCM3M1MGp6Z2phWG9JVVdLeXJfdXp5aTMxZTFsVVZCRDFRSFRSVk5tbl9uOHZrYXo0MXpDRFZfQlBtUTlJWHRZbFo5ZmFUNUg5a2RWdzJnRlpSN0FHTnhfTGRfa0hxeTFvWkRoazBOY2o1d2NIV2k2QXl3blBmUWJFZE1ET0ZsN0Nua250QlN0YThyQ2NBQg?oc=5","The Times of Israel","Israel","1783459440000"
"Explosions heard in Southern Iran amid rising tensions","https://news.google.com/rss/articles/CBMiakFVX3lxTE9qdk0tMG5uOU9JNWhoV3JsU2VJSmJlYVdkdEJ6Tk5PT3ZiOV9BUHRZeC0tRm5RZVZXUVpScWtCY1FTWXFIRVF4VTYtVTYtYVlJTDJsMmM1V0VGcW9DcUloT1JDN0hzcjBXS0E?oc=5","The Jerusalem Post","Israel","1783459249000"
"Three ships struck in Hormuz flare-up","https://news.google.com/rss/articles/CBMif0FVX3lxTE9ZbnJ6QW9VUkhFVXFMVDQ0Qk1jT3ROTWhaTjdtbDg2YVNLSnZ6ZF9KZzF3Y3dUeE04cExjYWtFVTBTaWVsVXZWNjZMZlNhcnpoaXk1U25OcVRTMWE1djhhRVRjdEp5ZnRJQU4tZllFWEp5blhZdlNNa1cwQlQ4eW_SAYcBQVVfeXFMUG9HbS0xNVJxN3VmU2t2MFFPdjdzOTh1SHFuSUZJQi1KTEh2bHhtMXV2WWRZWW44el9IcjdUSUFRdTBmSFpBOE9QVmRiY2p0ak82b09GdGNIX3FnRWtrVW1XeDN3TnJ6YUphYWJPT2kzdV96RW1xZFdONGJ5Ump3WlBqNGd5SXI0?oc=5","The Express Tribune","Pakistan","1783459202000"
"Flash: Explosions heard near Iran's Qeshm Island, Bandar Abbas -- media","https://news.google.com/rss/articles/CBMifEFVX3lxTE9JYUZwbXVfYkRmSDZ3WmdnZXo1V09rTU5xWG9FMHluWmw3QjFhU18xd3ZzWEJ0ZnBwYzdUbzFzMWJIR2UxWm9SR1FFczVuRVNiYUdCMmdkdXBDT3JqaFhDLUYyc3Q0a2c4dFp4SGFQRnRNaWNwbEdvbUNER3E?oc=5","Xinhua","China","1783459140000"
"Flash: Explosions reported in S. Iran's port city of Sirik -- media","https://news.google.com/rss/articles/CBMifEFVX3lxTE9hdENHZEJLbk13bFB5VXZEMkpHaGhnUkJkQUJ4SEE2RWQxUU5Zc0padnRYMjdmRGxNWlZjXzFkdHFRejdQeTk2NVJQeDRZY0FPYVB3dHFkaXZSdE1xaGdKWmNGSERoS3Jxd0ZCbEJRenlNRFlMZE5wNmlPdWg?oc=5","Xinhua","China","1783458735000"
"Coffin of Khamenei Arrives in Iraq’s Najaf","https://news.google.com/rss/articles/CBMimwFBVV95cUxQaE9QZVRId05SMU5iUjdVZjdSclMzNjhhU0QtNlNFeHhtOFVRdTB4NVAtc2tMREhrZjQ0SUdhdkJhM0lmek9Kc1llNkNkTGxYNEUwMXdWU0swYVBHVGRxLUpCbktNaTFFT0Q5bnBBSXY1UDg4RVZZMTY4QU9lcnl2YVlOSWpDNjdlSkN3cWVPT3UxbkE2TFJXNm4wTdIBoAFBVV95cUxPTlp4b3J3ZzRxSzc3QVM1WUwtNlR5M0ltSGZXc3RVTm1Nc1hOZE8yeE5kbVdOQUpYNTh0eGVzZmZ3cGZiOW05X3JrOEZaV3JwcDRtTElCY1FxZnJmYk5pRU1rNktaVDBsOUlJU3RUbDBMaHdoMTZETm5heEJGV1pPekdwWVpwNHN0VlFiMkt5ZHdzRXNlcWstdEdqeDhtQmt6?oc=5","Al Arabiya","Arab","1783458710000"
"Iran claims US restoration of oil sanctions violates MOU ending war","https://news.google.com/rss/articles/CBMiswFBVV95cUxOTURNM3ZBN3hsd2F3OGVIbDl4ZTFZYmlhRXRNTWVRZl8wekVzbUJjQWowTEF6R0N2c2RmQmhlTUFMSnBfTXdIeVpLVXVFN0xpX1BiODJDVW95V3dWb2hZS1lLWnhuVHA4elh6dzdCUkNRNzJOVzFOSHRsQTJWMC04Zy1pbEl6MkY2dFlQb0NYdFJwaWJnQXdQSjhfRWU0RnFGZS03RV8tNWdEYVotZk43VFVHOA?oc=5","The Times of Israel","Israel","1783460460000"
"Urgent: Several blasts heard in S. Iran -- state media","https://news.google.com/rss/articles/CBMifEFVX3lxTE5QamNGMlRDX0ZsSEZRbUhyZGdDRDJOZF91S2FZWmVSUXl6MG11aUZLQ21DRnREbXpfNldDVVZ0UGpIMUpyMFYtaHE1MkVPdjRqMUVNU05KQkw2aVVaZmZ0NFQ1b3ItX1BUX1JuNTNMSWtibnI1UWNtWjJDZHY?oc=5","Xinhua","China","1783459920000"
"Flash: U.S. Central Command forces have begun launching a series of powerful strikes against Iran","https://news.google.com/rss/articles/CBMifEFVX3lxTE45M0ZTdXBsZlRITHJJbUN4cEN6Q2FDakM5bS1pbjBLYTR5djBudGdMbEZMV0lDTGdQaTctMGdkQldaU1RGam5Qb21uNEhMQlFrMDFUbzAzbWJOck45bVh4NDNnZThWeUthZWNVcEdyWEVLM1hVcVlaalpsQUk?oc=5","Xinhua","China","1783459635000"
"Iran war: US launches fresh strikes after attacks in Hormuz","https://news.google.com/rss/articles/CBMimgFBVV95cUxNUjFaY2E0UjVQS3g3Yko2NUQ0SG1feWo1cnZZOHcwb2p4NTI1UC1zUHBWUzRmLW9NbnZzMHcweXdScWFhN29qMFVfYklJbndfZi1CYnZOdkk0cVlrWGVfSE1MNGZsNjdnaVlyeV9iYkhmTS1WR0ZGSU1xZEJ0TDhGU1NSSjdhZ0hqVVY4XzRvNFlNb3V3R3oyN1dR?oc=5","DW","Europe","1783461038000"
"US Fresh Strikes on Iran, NYC Building Unstable, More","https://news.google.com/rss/articles/CBMioAFBVV95cUxNaGZFZWJ1anM2WkI3anctZmY5Mm5sRTZZMHlmT0NhWEY0amt0dmZHRXBvMG0ySld2RzEyWUxlYU1HZWF3QWZsdHNHXzBQS0lZSTRpRXg1UmV0MVFhY0pJSjlpYk42ZW9zVWJzdGU4dEJCekp0NDBma1BmM3NCbmEyRFVnb1pUUDAza3pScHl6aDdfazNJOG4wdjhTZW54OHpB?oc=5","Bloomberg","Global","1783460940000"
"US launches strikes on Iran after ships attacked in Strait of Hormuz","https://news.google.com/rss/articles/CBMitgFBVV95cUxPWEtkbzlkX3pZckhTT1JVQndoQWo5eFF2R0QxSTE1NTVpY3Fqa1h6dHVvbGJ4RDZSRGpfYjVMbXRpNWZlalY0UklKV3AyS3A1ekNpU1NXaldoYmtSNHd0UlJjUXl5Z01XUU5YUEF5Wmw1UV9FalZLTGpjdjdJTG9zdUc1STBZaDh2NUNIZi15ZlZ5NG1Sc3FFVjBpWE9ZN1Vic2xTMEhYMk9vN0xvVUV2N3FPU1gtUQ?oc=5","France 24","Europe","1783460801000"
"Iran Said to Use Mines to Funnel Strait Traffic","https://news.google.com/rss/articles/CBMitwFBVV95cUxQWVRBaUI4Ukg4M2hETzRPUVFGMERlLXRmME1lelhVMEVnTlZ4b2NuM3hwYjNnYTM2dmtYSXpKc19SbHlram5LZEJHRU1zQ3RjNmhteXZBdGphci11Q3M2TF9WakVYbGRwLXBGdVlRUXVDWFE2cEVxM3JzRlhfMTM3b1ZYdGYwWlE1OEFING9fX1VUREhQRnFCVEtRblMxSzFBdkV6Z2pfR2otQldncWl0dlhDZW9TOWM?oc=5","Bloomberg","Global","1783460721000"
"Lawsuit alleges US shared information with Iran about asylum seekers, US denies allegation","https://news.google.com/rss/articles/CBMiywFBVV95cUxNaTk1TU4yX3NxZnM2WmxfVnVCRXJFTmxCVkY4S2kxUk45SXdVUFhJT3ItaEQxNWFiRXZoUkVpVmpUZ0FuRldseWUwSUdYbDBteWIwTmJWNjMwcHg5QkVnc3dYWUVRUVhsUGxfbk85UzNycXk1RXVrYUtERDhvUjk2bUxlTTJVVkVjbm5ScjN1M0dDQlR5QjFoZzNRZTZ4ZEZ2QnMwMG84cnBNaGk2VEF0UWtBX2w1NnU0SFFIY0I5Vkhxby05Y2V1cS1pMA?oc=5","Reuters","Global","1783460589000"
"US launches strikes on Iran after tankers hit in Strait of Hormuz","https://news.google.com/rss/articles/CBMiWkFVX3lxTE1MbzNFYURjUGo4T1hRZnJ0WjZFNVAzSzk1b28yVS1NR3g4NVpZMjNsUzhVREdqZFdLNm5TOWtzOS1QSDVzV0szbGFfZmFaV1lLWjlOTzBaVHg4QQ?oc=5","BBC","Global","1783460287000"
"US Launches Fresh Strikes Against Iran After Hormuz Attacks","https://news.google.com/rss/articles/CBMiswFBVV95cUxNNnBERnRVdWV2UEJKRktpazJydXotUkRZNFMzU0lzT1VPUUpMbEVidEw4dUFxZFNCb3ZnQk5oTGw0dmVoMzRrSmJvaWdCOUFQNElRVzY5ZlFMQkdzOEwwVkhqMDg5UXZGNHd3eTZyZWNLbjVkZXFXLWh4aEVQX1RMWG1xTm1iNWpTbVNGRUM0SFNkTXlOaGh3UlRTY1JHbG00YVN1SGVzeUEwNXFkVmtTZks3QQ?oc=5","Bloomberg","Global","1783460028000"
"Iran war: US military launches fresh strikes","https://news.google.com/rss/articles/CBMihgFBVV95cUxOejkzQ1NPb0VmX1VWMWdXLTYyeDV1TkFIOXRleVdnU3RWLWd3c1R4STNRR191UzJta2xWNXBnTUxsMHozeE44eThYeVRWY1FwRko4b3l1R0lVOGZPN0hTZFV6UWxJWWlpODNxcWVnRmxkY0dOdzN3UWR5RW1fT2FlaHdXaFhYdw?oc=5","DW","Europe","1783459937000"
"US launches strikes against Iran after vessels attacked in Strait of Hormuz","https://news.google.com/rss/articles/CBMipgFBVV95cUxOSW0yelk3OG9pZ0FtREY3UkpaOU1QLWhMNFc3U21sMWE5WlYwWjhZYlVUVGx0NktLcDY2ek5xVnV1ZVZjbVgxb3hsMHpYXzFEa1dXa3Y2Nl9zT1p6NzBRQlkwQ1J4Rzh2eElpamV6M0pTSVJFQXBWWEd3RVpodV9tMG5wQjJfVVJ0em53NHYzWW15R1lCNHNTWEt2amZyS05XUGFjLWlR?oc=5","The Independent","UK","1783461120000"
"US launches ‘powerful’ strikes on Iran as ceasefire frays","https://news.google.com/rss/articles/CBMiqAFBVV95cUxPUjJvZEVXRV9ja0JnUWtiQVpsaHpURVp6UzVyd01qTXF5WU5mZWdDN0hHeW03TW9ETk9zYVNGY2xkUkFUOERCWmpCQ0VTNlFxSksxNExLME1Oa25zM0NzNGhkVlNPMWM1VmpiOW9ELXdwUzE4WDg1NW5kdTBJQlNZNkhaUVlKemllN1AwS25QUkdpaVpJb1AzdVVHSnRkVWdkQVVLUFMwdXU?oc=5","Politico","US","1783460940000"
"U.S. strikes Iran after attacks on vessels in Strait of Hormuz","https://news.google.com/rss/articles/CBMid0FVX3lxTE1PZ3hMR0poZ1E1WVpvYkRCVzNXYXJ3cm1fcEo3ZW5wVlViY2xsYnR4dzkxaERPcDAwcndERmR5Ry1VMGdZZEpTS3BBekp4eFc3SHhGNWE3bXNIdkJzc2dMc3lMUmFzRG0zdnYybUZlYnpNbFZuOU5z?oc=5","Axios","US","1783460802000"
"CENTCOM: U.S. forces launch series of atrikes against Iran","https://news.google.com/rss/articles/CBMitAFBVV95cUxNUkwySS11OGhsRXVYUWd2YUJzVkhzbmpzRTYxZVhHVDl1MDJFeHVIYWJSN3lYTm5NX08yQ0VpMlVESGFTdGhic1RTY1FUbklQSS1VeGt1RUMxemVxOUNfamhpa2JyRjRuUldRTVhRZkNPWFJLVExaWFYtOGwzdnRmVXZHd0c5eHAyOV91TEpQZmNjODVTeXBKZm5BYmpMdkZITU5nTy03QzJ2aHFPNUVHa0cxQ0g?oc=5","CNN","US","1783460630000"
"Opinion | No More Oil Sanctions Waiver for Iran","https://news.google.com/rss/articles/CBMif0FVX3lxTFBXZ2JoZnF6eU9uZTliT1ZyMzRuUHlQRHhHV3FkcDZCMHBHUDNPWk5hYWRhNE4wNFhrRzJRR3JJRmM4LWIwd1J1LWZvSDdkUGU0ay15Z3Uwd2VXYnVOMS1ZS2g3VWg2cjVXNEtKdERoWHZ1QkFnZEFLbEZraktXejA?oc=5","The Wall Street Journal","US","1783460580000"
"US launches new strikes against Iran hours after revoking oil license","https://news.google.com/rss/articles/CBMinAFBVV95cUxONi1EaVpUVFFEQlVnSmVrVFQ2OW1qSkZJSEhVUzdlVDJCSXphV3UtbF9mVDZacnVxckgzdVNHY0hFSW1RYW1Wa3Y2ZFkxT3g2NXBEZU93M1hvaTUwZGpBckg0cHZCX0lqLXVnY1lCYlByR2dqbmtob1UydGQwY2MwemxjS2c1b1lkVnZTUlR6bU5vUndoSnFqWmdTaUw?oc=5","The Independent","UK","1783460400000"
"US military unleashes 'powerful strikes' on Iran to impose 'heavy costs' for cease-fire violation","https://news.google.com/rss/articles/CBMiywFBVV95cUxQMUw5MDlQaWd0NTdSZHhsNVV3Q3VESEFJYmx3R1VaZlF2RmtzeFlMd2N0SkxmcEpkVlN0UUo0OGVFcndKUWZyOVBKemczWU5UbW0tMk9BTndSMTd3dy13eWNBSFJRMVVIMzVmbUhjUm9RUGlLTzFuX2FBVkVmN3JLTDQyTWpreU9BRUhnSUlpS3R4WHF5dGRNenZhTkhVSldlMkI3a0dBQTk4WW1mbjNYN1lsOUhXVi0ydm9zSko2bU5ZamxrVjJzUTdIaw?oc=5","New York Post","US","1783459860000"
"Oil Jumps on Iran Attack, Asian Stocks Set to Drop: Markets Wrap","https://news.google.com/rss/articles/CBMizwFBVV95cUxOSzgxUm4wOHhkMDEwbDVEVnMwelJTQTBMUkVLS3BOWUw2d0R0d1E5Rjd0SXVQS2JhdVpncWJOaVRQS251eEJBWmpEWVRXWWVpTVg3aWc5YVVwQnRXUEx4dktqQS1WajRCdmdpckphVVVjdXZTTE5oYUh6alZydGdGNHBqSjZBejg1d0ZvWGY3dlFtUFozT3JSdmsyR1hXWUhuRmtQVnd4d2t4ZkpPWllIM0k4RVJ4SkQ0Z2c1NEFqeUhSYThNZlFMWjNXRFhUTFk?oc=5","Bloomberg","Global","1783462250000"
"Watch Iran Ceasefire Is 'Dead,' Democratic Strategist Hodge Says","https://news.google.com/rss/articles/CBMirwFBVV95cUxNTkhrbXpVcHRNeUNwYjNHZ0JHTVlvV1NPSTRPT1ljS3RyQi1xbERKSmVFRnVzLUMyZUxzVkJJT2Y3b0lPVE9GLXh1aHdwMm9qTE5ubnZnR1JSai1yS09vTHVtcXVpeHV1b19zdms5eVBrZTgyRlB5VVRpSEFlQy1TVkNPQTUwMlE2WEJxQXBDcWNRamMwcGVfZ3R3T1djTU5TMS1iU0tzRGRHRllVTnYw?oc=5","Bloomberg","Global","1783462194000"
"FirstFT: US strikes Iran in response to attacks on tankers","https://news.google.com/rss/articles/CBMicEFVX3lxTE5IUkNDZi0tMW5ma01oZGpDYUVzeEJLMzBBUVQtcG5Vc2F2aHNkWUtlcFNoWTRKajVFX05fU0ljUDZ6QkxtZXZ5VXBCOHhGUkRNVzhEM1JCU3hTVVl5ZUFtdmdBMk5SUkNfTzFCejR1OGg?oc=5","Financial Times","Global","1783462191000"
"Oil Surges as US Strikes Targets in Iran Following Ship Attacks","https://news.google.com/rss/articles/CBMitwFBVV95cUxOVFhNV296cC1aMTVUSjF6TUdDZVEtU2NxQkxBOVoxNllsVU03Njl6cExpbktVM1p3b1IzTUl6UGtyN0k3TXMtZ2NET0RUYWhidkJSYXRyU0Rnc0tpSHhjNmpMSUo2U1FNQkFiY2d3ZjZ6QWNEbzNOeWZneUNtMmFlSFRCRjQ3Q2RJejVQQmpjQUEzUkduMEdPc2E5SmZrZUZJNTNFUVA1d28yUTBTY2J4d2dJZGw3TTQ?oc=5","Bloomberg","Global","1783461668000"
"Trump admin shared confidential information on Iranian asylum seekers as it worked to deport them, lawsuit alleges","https://news.google.com/rss/articles/CBMihgFBVV95cUxNczVkS3NlWC16d1U2SjNnUmk5MnBDSVVJbG96WWVtQWhJM2pnR2prb3hWRndjZWFqY09WaVVSbVcwdmRLdUhKdVBqYmpLZXZZR1pNUW9QeTZid2xyTWlxUnRyWnZtQ3hFdDI1bHFnd3p4Smc4OVhmMmxZTnZzSFJaSW5WcnM4dw?oc=5","CNN","US","1783462946000"
"U.S. Retaliates Against Iran","https://news.google.com/rss/articles/CBMic0FVX3lxTFBNa19Ebzl6cngyb3E3MVdTUTE0b1dWNVNRRDBRbTA3ZjFvLVdyVEJ2T3lrajZiX1drZlV4ZjhzeDd1anp5WDFzTWJrU3AyT29Nb054RjVteUVwa29LeFMwajlTOVBHVGNyei1zbDYwY2p5b2M?oc=5","The Wall Street Journal","US","1783462080000"
"U.S. Stocks Retreat on Worries About AI Trade, Hormuz Fears","https://news.google.com/rss/articles/CBMiowFBVV95cUxNQVlDdUxLc2R2cGRCa3NWTkswRWdhbzJfYjUtXzltUlo2OExzZkItVW5rOG1va2hhZHZIMWNzbkQxeU5id2N0NFdReElBaDhtbjhfSjFNWHozUUlqN3VFR0pZU1Y5YjNzSUwtTFpfSGo5blVVcmY5N1FTYkFpb1BCSUFLcVZJNnZ0ZWZfbElzdndLU0MzNzF2OTlMREtjZm1Xd0dF?oc=5","The Wall Street Journal","US","1783461670000"
"BREAKING: US launches ‘POWERFUL STRIKES’ on Iran after Strait of Hormuz ship attacks","https://news.google.com/rss/articles/CBMiVkFVX3lxTFBKZmEzdXRXWkt4amI1bVppbDJqQ2czdjZ5bjBlSzZKTUpRdTl6VkxubWJsTHAySzRHQmJsTE1wc0d4ZENEWjJPMGRNa2RFamhNaHRaSVVR?oc=5","Fox News","US","1783460764000"
"US military launches ‘powerful strikes’ against Iran to impose ‘heavy costs’: CENTCOM","https://news.google.com/rss/articles/CBMi1gFBVV95cUxNQjA5MDlEbjc2eHR6WWROVV9GeXF3SXppdU5TQWZPUTNvdUlCVWNieGpOMnpuMDhDMlZXN0lTWnY4aDNUSVFDVm1uWkcteVJWVS1yWEdJTThUaXRzRlRvQW9zSDlYRGZmdldOd3pFR2xrRUM1ZDJTQ2ZDdEJyeXNpOXMyOXpvYmlxMDA5R0g3ZHBONF9WQWxOS1FRUEZ4ZVI4V0dxemdES0dMMTBobzJoUEw1UzI2MkNYSzE1MEg4eXhoTXRYMGN6VktJZW1wY1lnNWVnZ01B0gHbAUFVX3lxTE8zSk45akI0anhLZXR0b0ZQbE51c2E2UnRUOUcyUlRqaWNvXzZfWngxaTV3YktHcTlBa3dVSTRJc1oyZ1pYXzdycUl4NTltUFN0U0JCRjZuZ0pCWTQ3NTZMUmVGUDJsZ0RJMVpQOWhPMjRVSHdHS2UzREZycmhaRE1NNWxlYTcxVC1QNGh1YVUtanNoUVlhZ1ZCMzNRMlF5QnJTRzdXcEgzemJjM2RvMTdWN1Z4TFBxai1DbElwR3BaN1BuUFJreEpZZVRybTlqRXJrblMtbXJ5SFBuYw?oc=5","Al Arabiya","Arab","1783462680000"
"Ex-IRGC chief commander stresses dual revenge over Leader’s martyrdom","https://news.google.com/rss/articles/CBMirgFBVV95cUxObGgxMExvZDlNYmtMTmswc1R1U2tHTFh6Ynpxd2tUWFg2ZV9JcG40ZDhLT2pwSkZzTTJLeXU5azJZMDhNRm9odDFIUHQ0cUxkQm9LM3l0Rm1BUWZfUHlYc3gtMjBvWTNsX2ZUbm1qX1puU0pkbWRSbnMtQUlTY2c5NTRDY2Q5S3NNOWdIMk4yZEpRN0pnMWl5V3UyNG04SDJSSTF2ZUxQVGdpWVdwRXc?oc=5","Press TV","Iran","1783462440000"
"US launches new strikes against Iranian targets","https://news.google.com/rss/articles/CBMijAFBVV95cUxOaUc1azBCSEh3Tlpzajc4Z2ZBYzVKeWQyWWVCQXJQd3RuTHZldHJKZEs2dE5SQXp4bGdUU3VvOFRrOC15c2ZDa0FGN0dOZlpYMXBwUUdDbkFoOXk2UHpMZXdDcDZ6Q3JYdnNxX19FbmlfazdPR1lOM0kxOWpNVGhTV2dRNmRoQS1pQVkwNNIBlAFBVV95cUxPaDVSLW1aOWVzSVZiYkFYczdvMGhzVG50ajY2MnBTVmIyY1pLTGpCaFUzSEYyLVZOTGt5bE9SejFFNWM3NDdrWGZhZmZBdTRpTlVaaXBXVElVdlBxWGlIR2RKUXZGVXROTmswc2xFbG9idDZhRFQ3Z3VSQ0FZN0FoQjBlVXhEV1ozcy11YTVQMnhVeFRj?oc=5","The Express Tribune","Pakistan","1783462050000"
"Urgent: U.S. Central Command forces begin launching powerful strikes against Iran","https://news.google.com/rss/articles/CBMijgFBVV95cUxNWEs2c00xOXh0SFp3YkFyaE1Cb2pUUVplSklZNUZfSkhMcmo1MHE5WnhfeWIyaXBjMUtEcVJtN0dqZEZ2RHl1V29jOU9yN2xZVmd1bnhldkNFcER2TTFOc1BCbnBBc0UtR19IX2hRcTFzc3ZVbTRJTTZWQjZJZHZpSF9GanlZX29sUTBqWjhB?oc=5","Xinhua","China","1783461435000"
"Iran’s President Arrives in Iraq for Khamenei Procession","https://news.google.com/rss/articles/CBMirgFBVV95cUxQN0pPMk81QTYwZkVHdHhwWXNNUHVldGQ4UC1HQ1VLckEtXzVaVWp4Z01GWDJtSXp4U3BNd2tMc2FHMzJjLVl5RHFoMkE1UzE5YkpUMFNwTnRRQXRTWXB4SE9GS1d4UzQ2Q2ZiVFJydlZFb3JnTG9kZFdmUDIwSlhhRkpfNTRYV2tucm8xeFN0N0h1ZmtJRWwzUjNkR0FFQ002UHR4c3BOMmxLNlNiTkHSAbMBQVVfeXFMTnF3RE1GQ3hIRWdnbExFWWY1VVV5TXZOTFhMSjA5ZUhKQVI0RC1sVXZRR2RDUzkydUFHcVZ4S3NyV0RtalVRbFNZMVRRTFdnb1BGUlRZZ3JqaVN4SHJ4WUlnRTd3ajA0NkJwS1BYX2VPMzBHbnhZa2R2OWx4Q3pNbllsaXd2UVY0ckhMQjZUcW1QeEwtdnZSWF9KeWIzdURjUHN4eEw4R3JCZkdmNlhOV0RYQnc?oc=5","Al Arabiya","Arab","1783464173000"
"US official says strikes targeted Iranian air defenses, missiles and drone launch sites","https://news.google.com/rss/articles/CBMizAFBVV95cUxQSHdHWkpzRFZmZTlhNEpYXzdybEhkdG4xLTZjYURJOVQ3Q2FQV0drY2ZPQzdQbzd5LVBJUzZqemRsQllJN2JtNUNDQTRQdlhDTUh6RVBDRnM4aGtWYmg2djl2cy1XQmlrLVY4c2NGWEtvWW1XcVZ0WnBDNENDUGpZRGpjbVZLVXpsSHNObU9MVF9JQ0Q0WkI5RUJRZTQ3M3I3anZ0UmIxYXhHLWthV2pYRGxsQkU3b0NHUkR1ZWt1VFB3QkphR2xtV0xBMmE?oc=5","The Times of Israel","Israel","1783463520000"
"US New Strikes on Iran, Structural Concerns at NYC Tower, More","https://news.google.com/rss/articles/CBMirAFBVV95cUxNMVpnZUlRdTFzbUpNRVozTE1BbUJUVG9ZWHFwN2JiX2NLZ0ozT2VKbjR1SVZEOWwxVVIzMGotV01fRWoxVkNocmJLZ214bzBvWVpmdXVHMW1HekxkRDRHZTQxTEtWMEZSQUI0dC1HU1Nfd3FWaE9ic1g2WE93VUNWdnY0V0R3WlYxaGhBX3hhOXhEeW56S3psVVpweU8yYXdmQm13TE8zRTNGSVFl?oc=5","Bloomberg","Global","1783464986000"
"US Military Launches New Wave of Strikes Against Iran","https://news.google.com/rss/articles/CBMitwFBVV95cUxPa18wZzNtdEhqazdreEliTTZZMGlVMTQyZlRtVWJjZ2xhUmRfa3ItRHVVS3pkaTNBNXhwMk9mUGZjUUxJLURwN21jNmRLYmZ6a0VvbC1vVklOQkpabWRNUHV5LUdaMVRpSnd3NVVyOEs1TTlmYUZEN09TLS1QaV9heXVFdWpUTGM0UW9aWExKeW5HcWJFeEQ5NFRqSUJYeVNXWk44UVZ4MVNFT244eDNHVVdmRi1BZGM?oc=5","Bloomberg","Global","1783464328000"
"US oil prices jump after US military launches strikes against Iran","https://news.google.com/rss/articles/CBMiugFBVV95cUxNcW1oQmNkNnFFdEdYaTI4SDJwR0FpbHZjaVZCYnAzdTEyanppYjZTNFlOeE1KODQ5SmtVNC1hOWVhNHh6d3dVNGJ4enNEYkdPZFlEamVaXzRtN3RKME5Od2VKR0dUbUFRWDJ0b0xMcy1TUThmaF9Tem5YNHZUZlZpMGw0Uzc4TzRTT3p2aFhNZU8xT3Fsa2xld2pBRDFvTE5QS3RORTQ5TkowYjB5X2JaVUtQVUU5c2owcXc?oc=5","Reuters","Global","1783464223000"
"Coffin of slain Iranian supreme leader arrives in Iraq's Najaf, Iraqi state TV says","https://news.google.com/rss/articles/CBMiyAFBVV95cUxQdF9zUXUxcDJXUnNtR19PdDFuVGN0XzVmcDVjV2M5X2NaRXBxalRHRXNZRC1DbF9vT1BSUWFtX2NqdE1KZTItYkNSVnZKcEtyVlo0ZXdTTTlyVzN0Rk1iaGRmRy0zeVhVbzZUUTl6TUNwUkpvWFRDZWlpdnZVWERlNmp0OWFLcWgzMDlJdURtWHBsb21qRFI2cHY3dDdhOTFxTmd2SjkxeFBxenZMNlgxR0VVNEhxaG03Rm14Ny1iajhnYTNkd2lmcQ?oc=5","Reuters","Global","1783462663000"
"Oil Jumps on Iran Attack, Asian Stocks Set to Drop: Markets Wrap","https://news.google.com/rss/articles/CBMiswFBVV95cUxOWVQtaEVKRHlPRXhIemJ0WElRcjIydmxfX1MzTm1MXzhBeGh5MXRYUFlmUlRxTWJ2eURZc3hDSmFId0VaVTIyZEJxRkp6MHZWUGpzcHpQN0xEbEFLWUlWUC1rbVM4LXUtNWtRUjN6cmtfVkNSdjYxLVpjVkgxbVRYcGktZVhRbjE2MWdmbmFzaUQ4TUVpMHItTHR3cFU3elRSTUp0a0VDV3BjRUtXN00yZGh3aw?oc=5","Bloomberg","Global","1783462250000"
"U.S. Strikes Iran and Reimposes Sanctions in Retaliation for Tanker Attacks","https://news.google.com/rss/articles/CBMiigFBVV95cUxNanZwd1p4OHJCOWJVUlhMMFpUTEVfZ0sycGNKeFFPMjlkelJTbEZldUxUS2VldDEwQTM5Mlo3b056ZkxZTS0xdFBrdTZaMzFvOW5jZjJCSmdiS0F5SWxtRGpka1UwMVB6RlJtZHpoNFI0Si1HSlFkck1ERUQ1eXB6b2xtV1NfWUZBZ0E?oc=5","The New York Times","US","1783465324000"
"Crowd chants ‘Death to America’ at Khamenei’s funeral in Iran","https://news.google.com/rss/articles/CBMi8gFBVV95cUxOYVVnR1hjcmNVUVBQZl8xdzZKb254TW5IbDFocGRpeE5zd0VRYVd0VmZDY2oyaDZfSzNHSng2cVFtWS1VM2NKNWhhaWw1aHVXbEZSQkdMOXRSeUZwejNjMHRQWlh4ZkE0dlBXd3VfcERMMFZPYkJNLTJqc0xtNTYydTU2a2owQXlwdGRBUkJtaUJSZFp5Y2lUZFZNMmwxenhHeWlwRHFTaHJSekdwN2xSUVpmcmJKaHVnNkJIdEd2MmlJdnc2ZHF4WWRjNzlaaGlhanRSU2VpbVAxc3lLODBSNUQ5NzBScm1Kd0p3RGhyQnUwdw?oc=5","The Washington Post","US","1783464064000"
"DEVELOPING: US revokes Iran's oil-selling license while strikes are ongoing","https://news.google.com/rss/articles/CBMiVkFVX3lxTE1TVno1UW5sODNTd0pCdGZkbmRiMHU0a2pROENCcThZdmtYVnJvM3NPR2pKWFdPeFFFVHd1SjVvb2haS0txWGd4LW8xUm0tRDRSUS1DcUx3?oc=5","Fox News","US","1783462921000"
"US commanders bypassed intel warnings before Iran school strike","https://news.google.com/rss/articles/CBMitAFBVV95cUxOMl9sUnA4Nm8tVU54NVlBUXd2SFNRQ0xyNXMyOUtOR0VlRmpQZlBfMko5cHNvQ19sSXlGSnlvaXBsMktmTjZxVVNjeTk4OFNGczZmem1veDJxMlphdlp4SHJSQ2hYdU5OUnVwOHQ0Y2dLbU4xV2pIRk8zR19OZGE1M0lWNkQ2LVpPbVY4eGsxTHMzM2E2ajZTTzdZUkZDQm9hVkdMLTlQRE9KT21EVWVBNllBTHU?oc=5","CNN","US","1783462320000"
"Gold Holds Drop as US Strikes in Iran Cloud Rate-Hike Outlook","https://news.google.com/rss/articles/CBMisgFBVV95cUxON1V0OENNTGhSN2JYTXlTZ1FsdGNSbDAyb2JyamlUSXJLWFIxenRuUTI3WTcxaEtkUHhvcThzRzFzbGZqMWZ1emRhUVk1cmwxQmFXbnpEZzRJNWxvS2RCT055akZyMDAzRkxRVnM0dXlyODQxSU5LdW81OUpmbHloMmhUQWpoUWdpRHZ0M1MwOXozTy1wMUVaRy1VSkJRZmo2ZHFZUXYxRXAyaFl2ZEplRVZB?oc=5","Bloomberg","Global","1783465609000"
"US launches fresh strikes against Iran after tankers hit in Strait of Hormuz","https://news.google.com/rss/articles/CBMiqgFBVV95cUxNQ3M1SlMzeHRPWDd4QnctUV9oN3B6MGhjQTQtbjlnNGFYamFmWFhyMTdLYy1iSHhiZVQ3ZGRWWHVhN0t2UG9YMzlaSUk0N21jM1VhbWhVaWx5YWFmZUxKcEU1aXVEXzJkV19EWDFmd3VjVjJZalM4eDBDTGp4cXlZMmlLQ0g0d0JJT3JUd2t4NkNtRHkzc0JyLVl6NFFBSldCVmJ4d2p2UzU2Zw?oc=5","The Independent","UK","1783465380000"
"Senior diplomat warns Iran will take ‘firm measures’ to safeguard national interests in face of US violations","https://news.google.com/rss/articles/CBMiugFBVV95cUxQd0VSeklzeHBEbm5BVXJWY0lhbXdGakVnRVUyRi16Tm9ESVZfX1NVRXc1Qzk1aXg2SU5vNmxHUjM5MUt4QURoQUlLVkdwY0dfTnJTM3JYMU1hbE1fZ1h3cmdCSUlRMDRqeW8wcWtjSk40OTJnamVyWFM0a0R2TnMwZmZlOGVIcWxSNVQ2cExBMHdsRHRoMm9TUlhsaHUxSmk5Sy1kanNibGtWX1NibWZHVks1OHRLTnRsemc?oc=5","Press TV","Iran","1783465560000"
"U.S. Launches New Strikes Against Iran After Three Ships Hit in Strait of Hormuz","https://news.google.com/rss/articles/CBMikgJBVV95cUxOY080dlkwZGRVRlJ3WE95c0Q4QVVSZ1lZaFhEQ2gyRzZGbTYyV2Q2OWdFQzM3ZG1fVm4xa3BzaXItSkVMUjhKaEgyb014d2dHbnZkd1FXUDVQcWNtSFlKY241el9KdGdiWm53VFBJUWtaM3c1bmlvYXZJRGwwQkF2TWNoM2JEamJLMmFmTXF4WFY4emhxQlMyVWxRX21QTUpueGJ0b2tJY0F1b0JXc2sxM1F1UUYtTThaaDZVbTBtNnFFMFY3dFRmVnRxaVJ5Qks0LXBtTXppX2R0SEEwWVdjU1dfbnNpVGxjdW9MYzVQbEZUOVdlaHNrdmUyRERhTmVYSHFUZDFRZUJhSkJpWDhJUHR3?oc=5","Haaretz","Israel","1783468560000"
"Flash: Iranian foreign ministry calls U.S. strikes on Iran serious violation of memorandum: media","https://news.google.com/rss/articles/CBMifEFVX3lxTE9RTW9rVXUzWXpqS2RhQlVCa2syNDluTHBhZ3B4Q2QxeHV0NWtSYkQyM241LWdhOExiS0NrUzhuMmtDTlZsM2Nwel9vY1ZVWWFKYUN5UHRhLXFSeGNZSk5CWjQwQ0NOZjV3NGh1UHpQMFJadDZIdHUxU0dPZEQ?oc=5","Xinhua","China","1783468005000"
"People attend funeral ceremony for Iran's late Supreme Leader Ali Khamenei","https://news.google.com/rss/articles/CBMie0FVX3lxTE1zRTJOOHZLVHRkM25xMmRkTWpXcVUtLUQtVldLVlB5R01RNGI4bWUxWVFyNHR2ZmE2VFE5TkNnbk81b3NsOVlxVkswV0xSVlFFbUJTd053WFlRYjU5VTdnUlpfQnJ4VVJpc0w3ODVPdmlQcWJmekY1Mndobw?oc=5","Xinhua","China","1783467593000"
"Kuwait's Ministry of Foreign Affairs strongly condemned the Iranian targeting of a Saudi oil tanker transiting the Strait of Hormuz, labeling it a flagrant violation of international law that threatens maritime safety and global energy stability.","https://news.google.com/rss/articles/CBMibkFVX3lxTE1tT3lqdUxFYU9hcnBVLW9vdXhVMGpTWHhyekFYSVVJeHlEaU9xUzAtOHBKblVKWHRlWnhobHdkc1dwa2tJTzJTV3ZldVh0Vm5qVlcyTlVtQVV0dHZidHZFY21BWldONzlsZGJjakhR?oc=5","CGTN","China","1783465738000"
"US Strikes Iran, Blocks Oil Sales, NYC Tower Unstable, More","https://news.google.com/rss/articles/CBMipwFBVV95cUxPOHpYVjNia3lPZ3lwOXFPN2trb2hfZ1NtZTg5b2xxMHUwb3pfa2ZWc2lDTm9iU0puRkhqc1J1Tnp3LVF0c2FqSjZ0WEkxN2MyZVVDUlBPSzV0U3dGRjllNk92a3YtZXhVQVVYZ0JDR1dQbHljdmNvNlQ4NmlXYW9ZYkRIaGpQU0cyUWZZd04zYkNGdmFOYTQ2aDNNZ2RwdFJQelFDQ0JGSQ?oc=5","Bloomberg","Global","1783468283000"
"Gold Holds Drop as US Strikes in Iran Cloud Rate-Hike Outlook","https://news.google.com/rss/articles/CBMizgFBVV95cUxPUENUUkhQY2hENXdtU0YtTU14R3luZkZMM1NxcXM3MXRvUG5zQ21nTWNxaV9fSURIMEcwMjAzejdtVzBHVjRfemdqZld0akZMRzFia0VOVGlqZlVxWGV3c1lYTmtJeWZMbzFNMlFPMHRhckw1cmtid1FCSVgtem5OVUtsb2o5SnRkOHhLLWdJWm1LQ0hCenA5akhQNTAzSy1lcFNqd1NGb1JSLWdOTDhodWtUMDdDZDBuZlphNlVQMTM1ZDJIY25sR0lUQ21nZw?oc=5","Bloomberg","Global","1783465609000"
"Senior diplomat warns Iran will take ‘firm measures’ to safeguard national interests in face of US violations","https://news.google.com/rss/articles/CBMitAFBVV95cUxNd2YzbHJ2RG41bVY1aUtfZ1pic2RqeXBXWE13VHNrazJ3NTVubU96cWs4TVE5V3ZTeFpocFBrdFlKVmU2VkN4SlZEWmxpTjZFaE9zRzhIZTUteDBhdjB2MnpDU09FRmhEb29rMTdvOUpESXZ6UWpheEtlUGJrLXFfYUU4REgtQUFWNmRVLXdCR2hYS29UcVVZZDk1WTF6aVZscUZCcjVyc1NOcUx1RmQ1S0RkYnM?oc=5","Press TV","Iran","1783468070000"
"Flash: Iranian foreign ministry calls U.S. strikes on Iran serious violation of memorandum: media","https://news.google.com/rss/articles/CBMie0FVX3lxTFBrb213NEtkNGxPMWV5ZmZ6Q0JkN2RJbklHam96THpsOWo2UkhybG9yczl1bDNxOEhTUXk2dHRVNDlUMmFMdG5lZ1ZyNzk3ZHlUa3NNNzRJSzd1dTY2bjNNMDhPUHdOSWpCOVBWM1lZNWQ4X1NuUzN0eFZKVQ?oc=5","Xinhua","China","1783468005000"