headline,link,source,region,published_at
"US strikes again after Iran declares Strait of Hormuz closed","https://news.google.com/rss/articles/CBMicEFVX3lxTE9MS2xfVnlDa2ZEdEdwZVBoanIzSmMyTXpTY2d3eDlOTW5QUDRDanA1QzFlNEZseE5NcnN2TmV3OHBmb2pKSHdyN3hDV3NNVTkwZWxqLXJ6R1JnUE4zaTNBLXdjNkYwcWpGZThnc1BJX0Y?oc=5","Financial Times","Global","1783814434000"
"The US demands Iran publicly guarantee Strait of Hormuz is open","https://news.google.com/rss/articles/CBMiWkFVX3lxTE83RTRLTkJVbDg1Q3dOMFlSY1BFX0sxWlR6WlI3TFhtRk5YaTQ1UTlqMlhXWHZpbGI0WWFlNVp0WDBJa2lSZDAwdjQySGR3ZmFvcmlRWFFvd01tUQ?oc=5","BBC","Global","1783814792000"
"US and Iran exchange strikes as Tehran again says strait of Hormuz is closed","https://news.google.com/rss/articles/CBMivwFBVV95cUxObVFCemdsQjB3LVFnX0JwclJ6M2pWOUhTRzZXU1B4VUdUWDlhYWhwZmlOS0E4Q0JjU1FrcEx2Yi1mN2hXT0tHOTJDSnJSNUh0N0VKT3BvYXZ4UDVyVUhJTVJqV1Y4cnN0VlFyRXRMN3JHcTdselNDT0RId3QyelJGd3lUMjVTdURBSmgyY0RRVllKLU81dE8weW9zczVYZnQ0ZnAwc2M5WElUZFhGbHNXajVLRFNRdm0zYTBaWWV4SQ?oc=5","The Guardian","UK","1783815360000"
"US unloads military might on Iran after Tehran closes Strait of Hormuz: ‘Now they pay’","https://news.google.com/rss/articles/CBMiwwFBVV95cUxPVlRuTHUwazRLSGdSbjRjc0FFOWZtS09tblhLQ3FnYWlNRjdzX3VWS0RaX2NpMFFUMGQ5bkJCVmYtSFNoempSc3BfdXN6ODI1UUswN1FmbENvQmN2YU5nS0ZxVHE0aTdkYU5PM3hrc2R1VHpzX2V3eWprckxQZ0FYM1h3aHBrYXJzZTJkSEpHcy1Bd21YMzRFb3JsNXc3Tm9pcUd3WTFzME9neWd3a05fbnQzMW05UVNzZnRyVUlVRndWdnM?oc=5","New York Post","US","1783815360000"
"Iran says Strait of Hormuz is closed, claims it struck vessel using ‘unauthorized route’","https://news.google.com/rss/articles/CBMi0AFBVV95cUxQSk5qXy1CSmp6b2hxU3A5OFRaRGRtWkFpYTcwRTU3WUpxMW4wbFV6YmIwZEFvTTFDdFpRVGFuLUIycXY5VUdOLXNlaW5DOVpHQzlFMkJ0UEVra3dfbUJKY3lvS2JMcXB6SWVwVXZicTBmWVFIMDc1aGxwa2Y3Wmh3OXAyWEFJdjBTTVI1OWVvNkhxSUhfYk1MeFZHWXJlajdxWm9iaWZYM3pyQ21LaW1aa0haSERtZDk4TkUzbnRZc2NTY0pSbk9hY0dZNHNNT1Ru?oc=5","Politico","US","1783814820000"
"Mediators push US-Iran talks in Qatar and Oman to avert escalation","https://news.google.com/rss/articles/CBMiuAFBVV95cUxNN1VnMFh6Uk9YUWJjVU9oOHN2Wkc3cVNaMmxRZ2pSXzNaRkh2alktLTJhemFmaHdodG5BTm5PMmgzQUZlQ1ZvajdOM1R2MHdaRlc5ajdwa0kxWGFxaW9TQnNxTHV5ZkExdzVzZm1zUGtnOGdmU3ljYkNWLTZuclZVaEJLYnBiV2JaLXVFOVBtODBQRnVQaEVDY1Z3UDdKMk1OdjZYQl8yX003QUFScEFJZGhPZnNmejZU0gG-AUFVX3lxTFBGOFpLRGlnVFI0bFVZaUppaGl4QXZYc2FYWEZSVzI2OXJ0bEdDa1RSV0t5UmdheGVKM1dHa0J5SnVhU3JRcEhJX0pSYkVGTkx5ZWpLcUpVSnI1eWo5OWtIREllTGM3WG1sRFlkU0dpX3hEVjN3ZFRmMHh1TnM0dXhiZzRaODhqTzNoWVhUM0I3bDNoVndiSy1QMHdSNWVQeWt2dlhla0haVHBackM3OFV6VjZVVkFSSW9jODVkQlE?oc=5","Al Jazeera","Arab","1783816015000"
"Iranian media reports explosions in series of coastal areas near Hormuz","https://news.google.com/rss/articles/CBMiuAFBVV95cUxNVDNMVmhNTmxwaUtxaTY2d2w1cnRtbGxwTkl6RDRKazF3ZVRUNHdNU0hhaElmWXpyN1d1N3o3STNzTjZ3dF80LTJUeWdQemtOaFZWUU1QX2VURlZHWXN0OEV3b0RoX29rcXFWVjVfNnBuRmwxcEd1Qk0zcW1mMTNsV2F3aW5CakxPQTN0MHNZZUxTV3NwWXNxRHVMb2ZMTC1Rb21RZGl3ZWlYQUZ5TElFNy1OOTBtX2hH?oc=5","The Times of Israel","Israel","1783814684000"
"US envoy confirms Israel shared intel on Iranian plot to kill Trump","https://news.google.com/rss/articles/CBMiswFBVV95cUxPc2FvZTBIS2NHamFOb3BGN1c1dENfQlNFQ291cmRiR3ZaMXI1T3ltUjVkbUYwMjhyWWdjSl84Z291a1hGYVVhVlA4OTE4cHlrQ0ZjeTduUW9takRUaTE1WHdCdnpUbEhfbFN0dVRtVFJZNVBybkVobTBvWDBBY3I3UjVtc2VIaXd4SE95SHlDWk1Gd3haMjZYY0tVR0xaTGRyYnRqYWFpOWdsM2RXalZtNklyOA?oc=5","The Times of Israel","Israel","1783817819000"
"US says it launched strikes against Iran after attack on Cyprus-flagged container ship","https://news.google.com/rss/articles/CBMizAFBVV95cUxOaVlDWEtfWEhnNkZzeE9nRTlmaHlPRUlBQU9MRXZjb0MwM2lIdUUxVkt1V1ZIUDJzeGkzQXRtaEkxc09nQWhUN0VOZnN5NVlpLUF1UGt1UXZ4NmhjdzJ1UjJ1dFdsV081TXNoLWwwNFhjLTNXcVVfTFZET1l4SjVPNHNfMlhrclZhZzZFQ2FReUU0bEtLSHlGVjJLeFczQjRabHpyejB6eng3ajlnRWdHX29IVElRMU1VUFJ5bGJkblFqUjYtZl9fVy1QZDU?oc=5","Reuters","Global","1783817460000"
"US Launches New Strikes on Iran, Iran: “Hormuz Closed”, More","https://news.google.com/rss/articles/CBMipgFBVV95cUxQRlRob1UyZl9FeTJodXJfdGdwc0VGUEExdG5NaWd6UEVLdVZqalRNMkdfQ3E2bkhjOHJWZ3lhaF9YQi1rdWxDZzRDVTN2clpDczZnMXFkY0JaLXN2QUNUTVo4YWdnMjZ5bzFqUHp0MHBSYXdWeVl1M1MxOGl0VUZLMzFUNm5CbEVTY2haWnM5T25lVEJxS2xrbW5XTll6bTBwb3hheml3?oc=5","Bloomberg","Global","1783816463000"
"U.S. carries out strikes on Iran in response to attack on ship in Strait of Hormuz","https://news.google.com/rss/articles/CBMirAFBVV95cUxORUNEd2J3SmxCOVdjblNITm5abTREZkJaOXZIRzFNTWFLaTV4aTBsZnB0MXllclhjQzRZb0ppYWZObmIzeXJ5SkNNNU1QalZPRTZEdFo4Qm1tMVFzSi10YXN4aVMxU2gyOXhhTFE5RE9DUVJLT3JPLXV6OVJ0S3FrTm9jX25HUVJFSmNDZXE4eDZGZ3RVemc4enlVUlFncDh4MXZLUUdWVVpVazc2?oc=5","The Washington Post","US","1783816537000"
"U.S. Launches New Strikes on Iran After Hormuz Tensions Escalate","https://news.google.com/rss/articles/CBMirwFBVV95cUxPRFdrOUVRUGRhWjRkUTRKMHIyMGE2NDA1Qk1sYmoyRlVSdS1ndHI1dHBRLVBqdDJUYlg5RHR4aktvYWpydkZjSnFOUXNQXzFFMkVTQjBjTXdlU2l2TFhBVXNsOUpxem1vdklsOFVwR211Vmh5MkRQQV9iMTVmMWxGUWVDZXJDN3JXb1BWektnMEdmdEFnV3lVTVYtZ2ZLOUdrN3hwa2RPRGlHTzQ5SUYw?oc=5","The Wall Street Journal","US","1783818360000"
"Iran closes Strait of Hormuz, US launches third round of strikes","https://news.google.com/rss/articles/CBMivAFBVV95cUxOUmVUd3R5cnpXNFdFUVRZMk5la3VxUW16czA5bUFjQzl3dzcxZmcwdmJ6YTRwb1RnOHVDU3h3WUdnTXNKX3JUbjBJNnZhZHdLejZqY0lxa1piVUp5TWlUMFRoVFNHUF9DTFdFbzBFU3ctUzlRdXVya0Y5eEstdzZjSHdWbHQwSlNmbTZXb3FTcjYzeHhoank3QWo2bV9TRjVEQlpyYU9sQVNzYUx3SXFwZTJSTmhoYnNVX0hxSA?oc=5","CGTN","China","1783817749000"
"Heavy missiles launched from Iran","https://news.google.com/rss/articles/CBMibkFVX3lxTE01R3lIT3ROOWw0YXc5aVpKN1JLTkdfV0lfZnVwNFp3ZmtmYTQxb05iQlJEOTRnMVRuMDBzQVhBUDlob3lyZHpST3IwT1kyNGRfY1ZjMHZFZENmRThJM25oNEFkalRKMjBUZFhBMEtR?oc=5","CGTN","China","1783821240000"
"US, Iran dial up war rhetoric as tension rises","https://news.google.com/rss/articles/CBMiigFBVV95cUxObGVESmJSN2xGTmNQSHhFbkkzbU5PSWRCWVBZM21PRkZXNk5LSXdaT2tlSTVTV2FDWEl6ZWdfWnBhVlJLVVhyN0ZXMnM1NjBTZlJkMnpOWHhHa2JPaTJnMjB2aGRyYUN2MVNqV3BRenNRWTQxMWdOM3dTV2tHSnRQMzZaN2NWdXNMWUHSAZIBQVVfeXFMTUFZS1dfTFlOckRVTVZIZnVvTXEtWkZTU3F2YkVkVmtFRExuOXpqSGlhejhLNXFjcXZmajVxcEFSLU9qUTRQWFZNZWEzenBXaW9ieWVQeVlqUnl1NjZ1d0c1R254YWxsM1MwUW8xVk9jcHk1ZXhXeld2QmhLWjdoUDRaUHVkd1hCUjhBR0ZxbEdDeEE?oc=5","The Express Tribune","Pakistan","1783820402000"
"Italian journalists reflect on Martyr Ayat. Khamenei's funeral","https://news.google.com/rss/articles/CBMiqwFBVV95cUxPZk0xLWhkS2sxYmFoOURaaVhBLXdWUkRSSDZrWmJEVlNtQVZfTGhMOEVmUWU5RmxST0hQSXBpd0lneExsZHBJTmFKZ1N6aU9rUWtsQ0ZMb21xanNHQ2owSmViVUJJMHFvd3A4VGxvaE5yNlhEdVdGSEhvY2RsaWdCYUF6TFV3azZCMzBiZTNRdFZ6Ul9CdEMwUmZLeDhVSndTNlZHLWJaN3MzUk0?oc=5","Press TV","Iran","1783822860000"
"US renews aggression against Iran, despite IRGC warning","https://news.google.com/rss/articles/CBMikAFBVV95cUxPZVljcDlVSDFrUzZlUEpVTUg5VWFENWZRMlNjMDBSQkFLc285MHQ5emRoeVRieGtxVThYdVV2SW1YeDlfdUlZUjhmQWNCOElPZjdrQkVSRGNZLW5vdkJDTkhsYTdqUTBzYTRTYWJnWE5XZU90NkdBdHJGdGtvZk01UEUyUXN0X2NXcFRndkNSNWs?oc=5","Press TV","Iran","1783822440000"
"U.S. launches 3rd round of strikes on Iran after ship attack in Strait of Hormuz","https://news.google.com/rss/articles/CBMifEFVX3lxTFB5T3gzRHZXNEtoVzRWc0lqV0wzQU1QNXdKdUF5Rm1hUUw2TWVweHVFandCSVJCSWNLMF92ZFotaEFFdnZaQ3FPdm1YUElNdThzLUZERzg4dmxwUWs2YzY3SnhxQkUzbFZwVVJWcVVRbUhHOUtJYTNoS0ZDd04?oc=5","Xinhua","China","1783821976000"
"Live Updates: Latest from Israel, Iran, and Middle East","https://news.google.com/rss/articles/CBMif0FVX3lxTE56amVZb0w0UTIxNWdQSHlpSWI5TGttTHl3aGFJVF9jM0FhbWRTNmpjZng2akpJS0NxQ2Q3aWZ3TXNZV1Q5U2Nmb1ZVWGFad2NBVUs2QS1oZFRtNU0tZVpmQ3pJdDdHQ1JxaWtMLTZVUERwd1hNdWhFUFBYTUtnZ3M?oc=5","The Jerusalem Post","Israel","1783821605000"
"Iran thanks Pakistan for abstention at UNSC meeting","https://news.google.com/rss/articles/CBMiSEFVX3lxTFBWS2RoNkNseE5tdWs5dVFlc1ZtQnBtN0tHVXFieFdhRkh2cFJqbEhCWHBaUTdVT1pMT2szcXFRaVFjbUU1bjdzbg?oc=5","Dawn","Pakistan","1783821377000"
"Crew abandons ship US says was struck by Iran in Hormuz, maritime agency says","https://news.google.com/rss/articles/CBMivwFBVV95cUxPdDhsanBKWnQtb3o5d05fX2x0b0tTdjRBVzRUNnR0N2dIVlA4V1Z4X0h3SmtqMnRzZHU5dFVrc01Sa0hYamhkdnRMRXFpcWg4Rl9oRFl3cE5qZHlQQllleF84OVlTQWNJUzIwZm9wMmdBb1lNSmhVcWw5ajdIRnBWb2RxQ0l5SFYzQThwQ1lDa2pCNXl5ZjJmbHV5TEk0RFE1c21HSzNOQ2czQ2FmU2FxbFl6UndlSVo0TlBIMkdYdw?oc=5","The Times of Israel","Israel","1783824138000"
"Flash: Iran launches series of strikes against U.S. targets in Middle East: media","https://news.google.com/rss/articles/CBMifEFVX3lxTE51MkpDa29rcTlKeVdoVjB0QnpsR0tkWUtXQ2Nac2pxbGwxQl9taWY0OU5XZWl6TG1ZNURwUzQ2d3dfNWlOQlNBUk5Dd3UxaUQxUVdKSV82d0xWNTBGTnc1Z1RZWk5Kb2lNbDhvWXZ2dDBnNzVGQ2ZrcktNMUc?oc=5","Xinhua","China","1783823550000"
"Iran Guards say closing Hormuz strait 'until further notice': state media","https://news.google.com/rss/articles/CBMipwFBVV95cUxNbWk1cHZJVDBXS3VHSnVuN1JTSTN4dVNISWVDVzEyQXhyLVFfd3pXUFBYSlJibFFOdElCemJrV3hkeTl0YzhBNWtYc21Sb1IwLXZrTkd2amNSLUM2TGxTRm9SSEdxVGJCMktJdDdHSFJZZjlWUkhDVlJDQUZ3MmJpbU5HbW04eTExS3l4R1pWUHdfeEQ3WWluS3lWMTR6dGZPbGdtSE9POA?oc=5","Dawn","Pakistan","1783822681000"
"US says it launched strikes against Iran after attack on Cyprus-flagged container ship","https://news.google.com/rss/articles/CBMivAFBVV95cUxOS3EweEhJT0JnUC10Tno3OFdPWHdWM3FsR3hwMDEzeUlxaU9NVU50dW16LXFCUy1ZSl9wTjFzTHFMTjJxcmZMN3luWktzUGpWeHYzSzF6UnhpS2s0cVV4V2RpS0dlRDN6d2hELWF3a20yM2ZuYVpndkFFdU9DR3ZOaXJwMmc4M2hSeEh1dFU3MUdhaTVlbGpfOFBCamE4MjFMcEdIUjkzWV8xVTh2VG02UW5JdUI1S0pkanRvSg?oc=5","Dawn","Pakistan","1783822608000"
"Iranian supreme leader vows revenge for father’s killing","https://news.google.com/rss/articles/CBMieEFVX3lxTE02NkpVaWQ2RHlONDNPX0xZMG9HcklScVhRMWxzaHBISHBXT2hoLW14VGFKMFNiTnZVeFBnY1hfQnN1aExfV0puQ05XRVBzc21IQnVuQzh1LTdJLUVWSUYtTm9nZlpRWk9GajlSNThybDJRQjBqUWJRT9IBeEFVX3lxTE02NkpVaWQ2RHlONDNPX0xZMG9HcklScVhRMWxzaHBISHBXT2hoLW14VGFKMFNiTnZVeFBnY1hfQnN1aExfV0puQ05XRVBzc21IQnVuQzh1LTdJLUVWSUYtTm9nZlpRWk9GajlSNThybDJRQjBqUWJRTw?oc=5","RT","Russia","1783821780000"
"Oil Prices Set for More Volatility After Latest Iranian Attack on Ship in Gulf","https://news.google.com/rss/articles/CBMilAFBVV95cUxNcVNCUXM1Rnk0bjJIbzAxT0wzbjZaa1IxWjVZOU80QmxXdXJaeUZ4dFVNSUZoeEFyVnkwRlJjbHFfdlZUZm9UdTF0bHFGRWZRNm5TbVkyS1pTUGNwajRrN3piV0dKRlpEV05SSmZ4b3lsQ01NU01HSEhBTHhydXlGVzlhbkZISWVwdzF5eTBBcGU2QlZk?oc=5","The New York Times","US","1783822402000"
"US attacks Iran over ship being hit in Strait of Hormuz; Tehran lashes out again at Gulf Arab states","https://news.google.com/rss/articles/CBMizAFBVV95cUxNLUFoNEk3dXBVTktQZ1ZzdTVQTkw0VTB6Z1BoUDRKcVk3MjR5U0JvdkRFUDFvOFhPVW5KWmhJd1FTXzZGUjFINU1OcUdXRVNqQlZsdjJ6YUp1Qy1OeFNxQWdISzJtbDZmTW5yQlpvMWo1RUlYUzR6ZjNXcUpyek9vQU9IU2YxWm5CbWZQa1BmdVlVVnhBM3lFLXBWcUdISmg1N285MTl4Nm5iM1JBXy1Pcklic0pUVlpBQVZkYkF1RHo3VnktUW5tLTlETmY?oc=5","The Washington Post","US","1783826425000"
"IRGC pounds US command center, MQ-9 drone hangars in Jordan’s Prince Hassan air base","https://news.google.com/rss/articles/CBMivwFBVV95cUxNcENYU25qeFpKZVJGUFpNZTZJN3NFdFVlYzNDV0xqSTF0UG9uSjZ6cWh2ZmE5dGVMUWd0NUxmWllWNkFUbkVqYi02ajIwQktpaW9EXzBTTnd5X3hJZEw2YzhodEVRMEtrejJzaDJJUFRHQ1JFZFJ0cVR4SGtyNVVlNThqQUtPVVJkYXMzQldEeGppaWVWdlJGSlU0YTJjaHpjMFptTVJqb1JQcFZXR1Exdzd6T2NLTUdGZEVpZE1hZw?oc=5","Press TV","Iran","1783826820000"
"Flash: Iran's IRGC says it destroyed command and control center, MQ-9 drone hangars at Prince Hassan air base in Jordan","https://news.google.com/rss/articles/CBMifEFVX3lxTE1aQmlsd1FBUU9acnQxTnpKLXVWZ3MwdHVZVFZvVEtPYUVUT1VHNEt1U1BxYkFEN081ZEVKaGNaZ2tXS1FIVFk5REszWWh5enh3QXBhYzZLM0xPSjl3cmVYaGx2UEZ3ci1CSXhaVnlaYXRMQ0lSOGo5UWNzc0Q?oc=5","Xinhua","China","1783826775000"
"Xinhua News | U.S. launches 3rd round of strikes on Iran after ship attack in Strait of Hormuz","https://news.google.com/rss/articles/CBMifEFVX3lxTE42Um16ZHFEaGY3VGxwclYxU294d0g3WjcxZFZaMUV4N2pQWlg5N05hb2V3RkRtTUZ4X2JSb1FIOG1GMm5KQ2dicTlyTlEta3pqTFN2UUQ2RHRpa0d2YzhYc01fVmdwS2laVEdqSUc2aU9vZkw5b3Jid2o3S28?oc=5","Xinhua","China","1783827857000"
"Second Offending Vessel Hit in Strait of Hormuz / Fighter Maintenance and Repair Center and Command and Control Center of the Base Destroyed The Public Relations Department of IRGC announced: the Exalter of Warriors""And if anyone attacks you, then","https://news.google.com/rss/articles/CBMibkFVX3lxTFBJNTRtbHhjUnFsUkxzbzFvRmRvbjFSUThPWXIzcEE0MmdHWVpmRURYeklBczh2eGc1NFZ5TVZPNEFvajJTMzZGUExDRG85VkduZlVkRmhQbVg3NlVpbUtNWDFXYTBaOUxqNzZwVThB?oc=5","CGTN","China","1783827544000"
"Multiple areas hit by projectiles in Iran's Khuzestan: state media","https://news.google.com/rss/articles/CBMinwFBVV95cUxNSDF5SmRPMWN0Z0dmaEtjeVozTkpQUFFHaExSS1NyNTdHSWdhNnVvdDZPQTRMRVR1UUFyNnFVQWtJMTM2R0ZyZHI2YWNMOGZvVzBPYjk1RHlwQTlFMTJUTUk2djlrSUFfVmNZZU5BYzROWnFuUUFnSVMwODhNNDVMTjlpb1NLWmtPOVhtdzRzd1kySmhUbTVXTU4wR21XSms?oc=5","Dawn","Pakistan","1783827424000"
"US launches new strikes on Iran after container ship hit in Hormuz; IRGC announces closure of vital strait","https://news.google.com/rss/articles/CBMi1gFBVV95cUxOSmZXSnpWWDB5N3lua2s0QmdyeUNLWXpENUNOV1J2QnM4aHJtUF9mNE4yOGo4MDFFTENPb19xWTVhcVBSZUl6dkpoVnZUNWdnalFOYXc1bjRWWVl4M2hsXzkyU2N3d09KbHVSNW9UdWxMU0VzX002R3o5eWVTVFFWYjk5Yi1HdVRFVTQ0anh3el9ZUGVmcU12VmVQZjRfNGFhT24tWmNTQkpvWFdHbkNST2lMVUttZjV4ZDlmVnVGRFowSmV2R0oxek8xSFljb1l4SjlEZ2F3?oc=5","Dawn","Pakistan","1783827395000"
"Trump's Iran Blunder Shows Strategy Can Defeat Firepower","https://news.google.com/rss/articles/CBMiwgFBVV95cUxOVURCZHJWQjJoT29NLVQxTVVkTW12TXJhTjhCanJpM3A4QndDUDk3T0lJVksxNGJzRXJXTS1mR256NWs2enVtV0lpMnN6YlhlNWc5anREellBUVVPR2w4ZjBHcmREUmp0SEdKcmlVRVFyTFB5ZjNReUFUMnZ3cmJPZHh3aklPanZxc2ZQdFY4S3NLZktoclZPR0p5VFh2cFpOSkdMM3JSeTM2X19NTW5GLXppUklwTjRldWtDcnJmcER5QQ?oc=5","Bloomberg","Global","1783828800000"
"US attacks Iran over ship being hit in Strait of Hormuz; Tehran lashes out again at Gulf Arab states","https://news.google.com/rss/articles/CBMinAFBVV95cUxPZWNIZWpPMUROMXlXU0EwT1pjWWUycXFoTjBobEJLM0JpWGhjTWZwN0Q2RkxaY3N6cU9fNXZOT194MWFHYllDYUh4RWdEdmF3NVpGQ2tlOTl4dWI5VzVMWlgycVBYcmtSRDR6UV9lQmtoWkZMUWRvLUYwZXhIQzlGcVVpTGlMZElhRkxkT0pkMXlEZDJmSll0c2JsYkY?oc=5","Associated Press","Global","1783826400000"
"US says it struck 140 Iranian military targets Saturday","https://news.google.com/rss/articles/CBMirgFBVV95cUxOX1VUX0t6UEtnSzZZLVkwYUctMk1IbVZabTZtcGgyOW91RVdLZy1KQmI2SWRydDloNHJxNkJFYVdFTnpmMDV2cGNYamVXZVJISmVkem5XaC0yc09STlFHU2RJX3dXM3owZzJ3U0RLOFRjSXJOR2VqQWJtMG5aZDdmOUgxOHJSZldmWTRvV1MxMWFNZ3hGYlplWWtTUk5Ra2ZNR001dDZSbmY3Nm9YY2c?oc=5","Reuters","Global","1783830360000"
"US launches fresh strikes on Iran","https://news.google.com/rss/articles/CBMiUEFVX3lxTE9vODJhYjUtMHZxdWpZMG5LLW5SaE9QMk9pcmI3eGJhX3FqQUlrRDlFb3R4QjEyQWUxb2JlcGlVTlpWQ1R0VHhoV3dOTWRQSFp1?oc=5","BBC","Global","1783830357000"
"Yadda Amurka ke neman tilasta Iran ta yi alƙawarin daina kai a mashigar Hormuz","https://news.google.com/rss/articles/CBMiW0FVX3lxTFBIbUZSd04yaHRtcDQ4alN2aDFVS0czaXlUNUNYWjlGWndDN1ZwVlY3cmtLWHRESkRZYmtiY3RsaTc5Ny00OHJLbjM4aG9QUUs4S2NCMkt3T2JQQTg?oc=5","BBC","Global","1783829230000"
"Trump's Iran Blunder Shows Strategy Can Defeat Firepower","https://news.google.com/rss/articles/CBMirwFBVV95cUxNZXBuSFlVclNiVkpFOGJWZTdsMGxJNEhnaEs2dDh0QUJYUjdGMFBqbXoxMDJxX1M1YmlMaHY5UTZzU1l6VkhZajItRFlpWlRpX0wzTkN4UEJCYnZxSjZrMVN0WWYzZ2k5YVFKVXJkcU1wVURqV2ZwTW52R2YxY1VpSW9QTHNDUF96VWR1NDRLdWMzZWo0RVZHTEttbGUwc2ZOMVNYNmZDSTBKX0ZZLTVj?oc=5","Bloomberg","Global","1783828800000"
"Iran's IRGC says it hit 2nd vessel in Strait of Hormuz and targeted bases in Qatar, Jordan and Kuwait","https://news.google.com/rss/articles/CBMi3gFBVV95cUxNeWt2dnZoRWRad2ZsazFWaFJCcXdLbTZqNkFVemlNeG90dFlKQTdmS1Rhb2FGcHpMQTVTU0VYM1dvM2ZLSFBwYklZZWVWNGFIZmdPNHNqUW1FQTl3cFZZQUF4anNQTXoxYmxaWjYwWEJMcFdzd3ZZbG9sTmZ6MkJPY1M2a1VrczgyZk9GUnFILTF1NUtDdklnMXpHVjNJbGd3T1YzZ3h5WTZ4eEF3bndyRDFsLWlKZ2ZCWlhCZi16dWpvQ19ObXY0NlBQSnAycjFNMml4c0djOTc1eTZnblE?oc=5","The Times of Israel","Israel","1783830138000"
"US Attacks Iran, IRGC Says Strait of Hormuz to Remain Closed ‘Until Further Notice’","https://news.google.com/rss/articles/CBMizgFBVV95cUxQWDNjUHIyN1JabllMUklRN1ZDZm5MQ2d6VjVtX0VZZVdnUW5vajNUbE9IdGlvMXN3LUc3aGRaZl8wU181RndhZlZMTTdubWZUeVh3SHpMeGdJU2RGeFdwLTZrYW1mVjFuMkdmQm96dmVwU2pldnBkNUZxcHJpME56MlJtb2pJLWtGZFFCSHNJM1djcGdPYW50bVd0eS1RbFFabzllcEo3NkIxb3o0elB2QnFoUFNfb2E5T0hackJDblBOWllKcUpkaV9UVG5XUQ?oc=5","Asharq Al-Awsat","Arab","1783829681000"
"U.S. completes 3rd round of strikes against Iran","https://news.google.com/rss/articles/CBMifEFVX3lxTE5aS05naUgtNUJJWkJHdnBVWHVYWi05QTlwUUs3dUFJQmxTRF81enBFRWFSRlZ4X0JLV1h6bDlUamtlbjBtRm9Ua3NUa0VrdUlscjFGc08ya2VtVTZ0bGloVENtSkJHS0RuVDZWVWdndm1Pand3S20tbVlHZi0?oc=5","Xinhua","China","1783829025000"
"US strikes Iran again, after IRGC attacks ship in Hormuz and declares strait closed until further notice","https://news.google.com/rss/articles/CBMizwFBVV95cUxPT1RyRXp4Qm93b1RER1NtMXR4THQxLTlPWjBSYWx3TzA3M21HQ0JMUUd6cHJWTjhlOS1Bd0RhbUtkdGNENFlyY05aWWEwWmcxRXc3cHZDWGNheC1zZkh6RXZHVEstZGYzRWFpYXoxRGdpMzMtdDFXaXhhT2cxcjhlUHRDM1pMektXTU03WXNlVVhxbEN6NmFyV2V3RDdHNDNyTXBzOHlXYjBkanpiMklMYXZ5X1ZRRFBsdTJUQnpmQzhjR2pWRngtMlh4WDFJenPSAdQBQVVfeXFMTW1raFlIQUtjTk91YndNeFhDcHp2QWxuYWk4ci1zSVBMUmpPS0xpLVdNT1RlR0FZbnZBei1zUFczYlZydWNpbU0wcnJ4bTk2YkRHYnV1S2gwbnpUQ3c5SHhQTklvdFR4eDlZRzR3QnFSLW1YZW5zbExRZE9QSWx2V1VnWFprTF9pdnhyYTZIaVBvbW45M055dG9DTkxHWWhtZ2JsYTAyMVRWTDNWY1pfZmY0aWZpX1AwcVpNVEtsdFdkYzNYa2M1VkpaX2lMcjc2NXg4T2o?oc=5","The Times of Israel","Israel","1783828812000"
"Bahrain, Kuwait, Qatar and UAE Come Under Iranian Attacks","https://news.google.com/rss/articles/CBMimwFBVV95cUxQTGpMQXh2dkRPeElVWTM1REhWT2lBdHBhZmpPNUNOaThBZGp1UmJsLWxoOFZuc1hyTjZsNjBEUU14SC1FT2ZoNzllV09RSFBrY3l2N3otWEdjekIwbi1sWWV6Ni15X2ozSktFZDBrR0tPZllRbDNFMnIySUxzUWFxZzlJZ0MtbGI1ck03amRBcDZLcVM5RXV1bXhNdw?oc=5","Asharq Al-Awsat","Arab","1783832274000"
"Reality is knocking,' Iran's top negotiator says as Islamic Republic strikes US targets in Gulf","https://news.google.com/rss/articles/CBMiakFVX3lxTE51SmVNWF9XZWxvbWc1YkZ4Q0ZNN3dmT3N6WmpEX3JBRlk5NmgzRDZJMFdnS1dJN2lkclMwREVGdGVDMFRBOGF6M0dwc3ZKcThHZURhc0F2QnRwNHBFblFFZEJyWHNWaGxadlE?oc=5","The Jerusalem Post","Israel","1783831695000"
"Iran's IRGC says it destroyed MQ-9 hangars at Jordan air base","https://news.google.com/rss/articles/CBMibkFVX3lxTE9zaVdUZXdJQTRpUlcwcl9ycFR4YXZSNUNLanlJZTIwS0RjVndseWxvNU5xTnFGOXhfTkdTZHdldk54Qmttei1jWUp4bmZLTXNUV05sWDBqbW1BYlRkT1BVSTVMMFRVSzFWV2V1Q3dn?oc=5","CGTN","China","1783831662000"
"IRGC says second vessel hit in Strait of Hormuz, US Al Udeid air base in Qatar targeted with ballistic missiles","https://news.google.com/rss/articles/CBMi3AFBVV95cUxPRkVMSTQtLTVPSjZCcVV5LXQyazZTMHFDX3hpYThMTzUtZGhYU2xza3ZYbHlmaktnVTNvZHFhTnNSMWYzSXBGZHpBb0xQalRCcGhadFhudVVYa2RBRjV3RkJPamRkb0VUMGgtVE5pMnZ6ZG5veTZkNWp6T2NZRzBaSjFTY1ZwT3phRk5hWkdxZjdFbU5sUV9CZkw5ZnpfcGh5endNQVVQa01JdHNOeWo4WUtsQmVnT0VMR2g2czhIa1VUNjFfdXByMFFsNDFkRjJ1SThQWWxaUjFJQXBr?oc=5","Dawn","Pakistan","1783831143000"
"Breaking news. - Iran launches attacks on Qatar, UAE, Bahrain, Kuwait following US strikes","https://news.google.com/rss/articles/CBMiqgFBVV95cUxPeHktN0VLZVBxZG9ENnRRNnp5RHhGb0ZNX3RKcERHdUdpVVhRb2R1YXdVWGJiWkpMS2xRZ0diT1BpRDBoeHE2STl1QXY4VzkzZVdFOEYyX2hMOVg1NWY5d2tHZW9iM3ZOR1NjWlM0RkozYVJsYXlQWXFSWWJOdHFnZDFtYkg0cGRzN21DbXBJc0RSWW1qblVpZTd3aHh6UFRpYzNKaEc1b2tlQQ?oc=5","Euronews","Europe","1783831337000"
"US attacks Iran over ship being hit in Strait of Hormuz; Tehran lashes out again at Gulf Arab states","https://news.google.com/rss/articles/CBMi7gFBVV95cUxPSl9qdDA2cGtEc2xFdG9OaG5GTEJ1WWN1NmdURXhkNFlZZmktaURONDlHY25QYWJ4QkxYWXJ3SXRMZXMzeThkQTNaRFE2YnM0Uk41bDVkN0c0RHRBcmthNXF5VnpNeHBJM3FLUF9rRjJWLTZub2dka29CclBabXhvRk5PU01FeDFWYUhpVnJQR1B6NUhnSkpaSk16UUlzWDlVRjBFcVNwaVBKRGtRbjFDOWtTcExhUHZTOE5abDVyT01pVE9XdDYwWmQycFQwT1l1Nmt5bEZMRlRpdmQwbjEyRU1BZ19xT19EUk5VS0N3?oc=5","Associated Press","Global","1783833300000"
"Iran’s supreme leader is dead or comatose. Everything else is smoke and mirrors","https://news.google.com/rss/articles/CBMiowFBVV95cUxQcnpxSDA1QlRMSXVnY016alhIZDAyUTBMbU9XQzVtWVk5eG9JR1pleDRYc29FclhtS19rSjJuTXI5aEk1ZXhQTGp1QlFhNW5KSi1KMm9FaG1COWdvVzlMRHFuSlJjcXpJc2c4Z2IwNk5xemRYU2FOdG9pR1BMdDlSdmliMk1CMG95MmZWNDN0ZGcya1BsN2w5M056cEJvVkU1eExZ?oc=5","The Telegraph","UK","1783832400000"
"US forces launch new strikes on Iran; Tehran closes Strait of Hormuz","https://news.google.com/rss/articles/CBMiugFBVV95cUxQWkFyZDBTeDMzM3B3Sm85MkJ4MDJveWVKX3NuZnlBNUJRcklGWmphQ2hDa3JuNUpOcjZ3R1EzX0FlZ0FKNThoXy1oU0FQZDhreEtlRlA2T0RaQm9kYU94Vkh5eVRiTVR3OHRNb1lnc2hMY3JGUDlPTV9sckxUOF9RaXVNcnAxQUk5MmthTjVPWTJiM2MtbjcyZ0JFLXlQMWlPNTM0RXh5TGowdUVOalVTejAweVZzR1dsQXfSAb8BQVVfeXFMT1hVM2xFbGkxN0h0RjlhSHpOdlhwdlhXWEdYNVRWQVVPT3dZVjhPOU5NTmtkdEhCakh6eEw0ZkV0QkdpMnJMUFR1bUtkeWo4UnZZY0t3YVRiaEhyNmtmdjBTeFR3Z1ppX01ZUU9TRmNYWEtCaTlrdXcwZFFPYzRTQU4tYXNnVzVUdkFsUXFtNTRwN2Vnbmo2VU1odk5IMDY0YU1sRVJhenhvUElSQXhWZTBFMzM1SzlWcExESGFIZkU?oc=5","Al Jazeera","Arab","1783832985000"
"‘Bring it on’: Iran pounds several regional US military sites after renewed American assaults","https://news.google.com/rss/articles/CBMiugFBVV95cUxOOXlTbXFnV2kyNGRRcm1wSk9EUnpORGpLQ0VnUDZ3UmNsNXN6Y2hZMk5ybXdsbzhOeWp0OXRVXzR0TmhBSW9kZ0VMb1lfa05nUWgxNThQT2l6YmZlRUR5MFNJallUT2E5eUlDSDNzN05wWmRhdURFakJkeUc4bkZ6S3JtUnFHZnE3N2l5T2VUSzk0NFhLaVlFdVFlRjBCdTVva1RzM0JvelJabnQ1bVptLVI4ZndBODRubGc?oc=5","Press TV","Iran","1783832746000"
"Iran launches attacks across the Gulf after more US strikes","https://news.google.com/rss/articles/CBMirwFBVV95cUxNQ2pxdWtFSDRQZnYxbGN3V05wYlY2aGlRd3o0SjVTeVUxV3VvVUdyeGotWWZnTjBPMTlCN1IwcmM3ZzlXbTJnTmc2b1FrRXhIXzl4TV9mbVFrTjFObUZPeW9uMUlFVkJnMGgwU1ZReVdxQVJRenBubmVaV2RVOVZ6dmN1QmZhallSeEQ3Y2Zpa2E3aXB5M2FxMS1wVTdpMlJQU2J1U3oxOF9TbERacVpz0gG0AUFVX3lxTE1kT1Vyd1dvUURZOFlqNm42SjB5VkEzOG5UQ0N2bXJJOHA3Yk9nV2dvYnlHcmJnVDU4T2JFMFhVY01BekNSV2lqc0g0U1N6ZzBpVlpnYzVUYkExbFRDZVQySmVpTFZQODAtYm1udHZCSXdVQVNsQWFQNEFvTEJNNVdqU1Q3ZkZLVV9JbWFfcU9hbi1VaGc5bDIyZEU0dUNKVVZPTkk0dVc5VG5hWGlXQzRHLVBEeA?oc=5","Al Jazeera","Arab","1783832625000"
"Eni Warns Oil Market Risks Breaking Out of Current Range if Iran War Continues","https://news.google.com/rss/articles/CBMiuwFBVV95cUxQUGEybHVSSGpBWllSVlZESnBBVmNDYWpHVEhYYjhoRGp1bElGdkpTT0VyZ2lPeVNJSDdQZ1ZuY0NYRDRrR00waTB4NjVxZE5MRlpyN29BcV9JVExOcnlUQkJweXRXMV9kZHU0b3FQWUpReTVHdmV5anNmQ0dtMHdoQWFlb1l2TnhDa1FsVXJkcDdSNS00endJbWozT1Z0Y3RVSWtEOVpBQ2Q4WXc1UW1XVzZNbm9XQUxMaDM0?oc=5","Asharq Al-Awsat","Arab","1783834974000"
"U.S. Strikes Iran, Tehran Says Strait of Hormuz Closed, Gulf States Hit","https://news.google.com/rss/articles/CBMigwJBVV95cUxPZjBVRGI5T1lIaVU4STBMLWJ3THA1UTFZUldBX21YTWxjVlByODRjTHFjSEpxRXROSW5Ed1dUVk84U1dlVzJGd0pxX3Vuc09mTlozdWkxN21mYUFYRUlKcGlXWXlCX3dfc3M1WDNyeHc2YUozX0tXb1NlZGtybXJpaS1fYkFSaXNVVHh6Y191UjI5bTViVmZMakV1MU5wTDIyalltN1R0UGJET21rYVZiNkFqa09fSjJQQUliQ2tBenJGejNYVFVQWWtwX0owUF9uMFFHSXV6a2FFdXRjbUpNNUp5d0hhOV93UGNuUWotM0c1QzdMRmZLTXF6S2loRkFFbkJV?oc=5","Haaretz","Israel","1783834740000"
"1st LD: Iran launches series of strikes on U.S. targets in Middle East: media","https://news.google.com/rss/articles/CBMifEFVX3lxTFBFTG5sSnN0cUZJeWp5QmllT3Z5V2ZfSkg4cEdnMEY2bHhJTkN3YWMxT1d6eGtmYUNCMFhTSVpETXNlTzY2UVpBMmNlVXFWem5oMy1XaDA3VDhOd1pmbWItczJ1NUhWYW91WnNtTkFVYTdwVWU2cXpXajM2Vlg?oc=5","Xinhua","China","1783834650000"
"Iranian Spokesperson of the Ministry of Foreign Affairs: 'The Islamic Republic of Iran emphasizes that the future arrangements for managing traffic in the Strait of Hormuz must be made in consultation between the two coastal countries, taking into account the d","https://news.google.com/rss/articles/CBMibkFVX3lxTE4wTjVZeFc4bmRNbDU3bHhvekQzSVlhbXlXQnFLbnlOLUVlSnVOX0ZSU1pLaTNUNWNPaldiV1p6RmJQUmJWS2pFTGF3LUI3MFVOMmtFcUVhMjlFbDIxdy1lbHlNMnZpcC0tUGYwamhn?oc=5","CGTN","China","1783834099000"
"US says it struck 140 Iranian military targets in new round of strikes","https://news.google.com/rss/articles/CBMiyAFBVV95cUxOWFJNeUVSUGtwM2l5dnBFbUhWLXdFN1NabGpCT3JHSzhZODIwTk1jY3FmOGI1dG5jNW5LdHk1SWx4NlJBT0hHVXhkSkU0Y2VxaEhqQzV6LXNOdFdHQTVrcHAycmJmZlR5SFJzUUd4a1p4ZlpMZkxFbld0QWtMWlUtek9QUHdXX2FwSjVmSWtzdmtvZldIMURfbFVZY0VtMVpjWHFPbWJ6NTdzTldzWDQ4QVJMaWM0UHQxY3piY1lITkU1b3VOTjZJWNIBzgFBVV95cUxOTEdtRGxsV1BLaGZwTC0wWmpUNE9vMm5iTUJjbGV0LUZKaURwZkRJQlc2NnlFeEQ4WjkwQWN4MjduanN2VnN5alVJRzdhdVBJLURlQ0F2UV9JaG15ckFhWDh5VVdYRFllNTdhYVRDLUduR2xyQmVUckpuMkk3X0hzd1Z5NVUtSGI1Z3RZNDFuWVl3S01RcDd0dUpldnRnVi0zOFJZR1FYNk1zNWRYcG5zVkFHcHVUSTlNa01CSWNHV21WSzhEaW54eXRQdkY1Zw?oc=5","Al Arabiya","Arab","1783833240000"
"Iran war highlights the vulnerabilities of AI data centers","https://news.google.com/rss/articles/CBMimwFBVV95cUxQMnUxUHpid2s5UUZBNjJ1engwZWh3bWVBdzNiX3IwVERqV2lBSTk2S0lEeUNnMk5HX1hOVG9TblVjcEF0R0VDTFFSdkREODQ0WDU0OFlBRmZYR0pPeXlsMG01MlBjQUt6ZFF0bWw3cGpxc1BRajBzajlWLURMaFlxTXZscWhaV3Rnb0lJRWtaX2I4aEVWNG1pYjRhaw?oc=5","DW","Europe","1783836076000"
"South Lebanon Caught Between Ali al-Taher and Strait of Hormuz","https://news.google.com/rss/articles/CBMiqAFBVV95cUxNYlR5MlRySkJQaUtOVmVTU0pVNU5IRHBYMm1sQjdSTGk5SmVDMU83QTRKWGR3S1RjNHBxVDJIX1RIVnZTOTZZVDhxRG5CUXV0bXh4U0RJODBzS29rY0tJYjZMbnlDRkl3bGV6VFpVNzgwZVRtRDNNWHFHQ1NaVDNqdXRCVVpFSm5TY2diLTlQUHcwa0tzU09udnRoVnUzM0ZBMEJTMlhpX2k?oc=5","Asharq Al-Awsat","Arab","1783837426000"
"Urgent: 3 injured by falling shrapnel after alleged Iranian attacks: Qatar's ministry of interior","https://news.google.com/rss/articles/CBMifEFVX3lxTE1hSWFGTllnZ2JJaDllNl81YXVLUXljb2FQT3VIa0RFS2N5a0FjU0JYbTl1NHFtMktTTzcyd3JXN0F6c1U2ZUdOZjBNODBNcS12R1M0Q05jaWlDc0I4T0N0OW4weFktaGVQVWo3b2xoa2w5M0VSTk55YXhjdUE?oc=5","Xinhua","China","1783836765000"
"Iran, Oman continue discussions on safe shipping through Hormuz","https://news.google.com/rss/articles/CBMiakFVX3lxTE1pdjJoUDZvMXdGeGsxM2xSRy1WaHotUkZMVm82R01udzZRci0yazQwN0ZReFN4OFBoSFZ4b19rcC00RnVsSUwzY09XcjlabVNjVGk0MnlVR1hESmdxWEFXeTFScWNiUW5uYkE?oc=5","The Jerusalem Post","Israel","1783836306000"
"Iran’s top negotiator: ‘Era of one-sided deals is over. Keep your word or pay the price’","https://news.google.com/rss/articles/CBMiyAFBVV95cUxPUElESXgtdUZfWFBqM056WDhEeTROX3BkNHNFNWxKekU2cURyaVVuNXJwM1IydExndUhzUjhDTDdDOWZUaEQ2amVLOTZYS2RTeTJrTkJiOTVCS053TGZVUmMtRkh6SHYzNENBLVNsUml2bGRQeDZWNG5xdnpTVWtTQXV4cFZlQmdtY3F0SWNFT2ZIaGtFZnJDOUlXR0NSMUFoMlhzZEZCU1VPSTdZSm4ydHhDNE4zWThsaFRMVzQ1R3IzVFlaZzlqeg?oc=5","The Times of Israel","Israel","1783836138000"
"US strikes Iran, Tehran says Strait of Hormuz closed, Gulf states hit","https://news.google.com/rss/articles/CBMipwFBVV95cUxPMWJBSlpJcG5Rc2dWOWNUeXRWclpYOWZfc0JOX0xfZ3VrWWhXcU9EZlpBVERVb016N3R2T3JOWU5TSm9WVDlKZXhFenYzSWk4SDFjc1d5SW1CR3hwRGU3dm5IQkN0NnNoY2NpdXhvSXhpTUJORnRHNHFuODUwSnhuUlhncExDbGF6blFsNHRURS1KTVd3Q2tPeS1OR1lhdVozQUpoUUZjUdIBrwFBVV95cUxQcVhrZ1h5akxtT2ZoeEtIMEN1MzZBa1FWYWlETGs2QVh5TGtiWm5Hdk5yOXZfaU41LXF1ZVp6Y1p1QTZXTm50dlZnQzZrQVpEN2NENTRpbTdBSHRaT1lHNUJyUXd3alNmNmFXNnhBUkxNM3hzcl9xaDJieTJhNXB2OXkxWlduV1NLbDNLRGRYQ01rU1pHeUNneFZIMlFYYXdqanRHWmppWjBiTzJkNmE0?oc=5","The Express Tribune","Pakistan","1783836071000"
"Iran declares Strait of Hormuz closed as ‘unauthorized’ vessel hit","https://news.google.com/rss/articles/CBMiwAFBVV95cUxQUWtGdlg5Mjg2dkNDQ2hVYlBDS2RwUnJ1Tm84Tk1Samp5UWlWSW1fdm5BWGdtbjVVNWlUQjhINDZTUEUzZTZaYjZwMWNSNmRzVGdjczlDaEhtOTI2Ty1ZalVIMmYtUnNiRlNmMnloWWNTdng2NTV1c3BVeWk1SUpkZmpadkpfTmRCcnZ2ZnZkYmVwZWtIbzZzZVA4aDNuSk5qTmh5RmpJNjVEbjU3UHBjdVBHLVpTSGVFeWk0cS1oVE_SAcYBQVVfeXFMTlduVzJrNGNYZUkySTI1NG9yeTdSdnM4SUZ5ZXFrNDhPQVp6NGFGWmZRTldGVVJiclJnck5PZmRtQ2NhdUl6QTVnenMySVRBb0UwU2pVWUYxN0p1OEc1UHRrRnNrOVUzdk9XaUc3UmxIZjRIY2J0d2Q3TzhFY2NZZU1SME1JMG5DRE1RM1ZOOUtwQ2lKY3NFU0h5NDR0T3p4YTVKQS1lVWg4dHNFbW5jaUQ5S2k0OEpOcWw5TWNoNUhFYzdZZG13?oc=5","Al Arabiya","Arab","1783834560000"
"Trump suggests standing order to destroy Iran if it kills him, but it’s not that simple","https://news.google.com/rss/articles/CBMiuwFBVV95cUxNRmJVN3NjLWF5SzRLRGhPY3JuZlRoc09UT3M4WXNCdGc0aU5lNVBsWGMwb2U4OTVYdGhpdGdlbzZfLTJjQkVUR2xHTUNQYy15TnBrNzNsLWFmcGR6Q3p5Z0JOa3N5RnRzS2hoV2EwZWFjLWhsa0RGVS1qS2I1SlN1RTlRbGh6X0VJSWVhNkR6M0Fval9EdERtOGx2V05RRG5nNVN5ZmxkM1FHY2RqbTQ5MnJmSGFhbXQwTlBZ0gG7AUFVX3lxTE1GYlU3c2MtYXlLNEtEaE9jcm5mVGhzT1RPczhZc0J0ZzRpTmU1UGxYYzBvZTg5NVh0aGl0Z2VvNl8tMmNCRVRHbEdNQ1BjLXlOcGs3M2wtYWZwZHpDenlnQk5rc3lGdHNLaGhXYTBlYWMtaGxrREZVLWpLYjVKU3VFOVFsaHpfRUlJZWE2RHozQW9qX0R0RG04bHZXTlFEbmc1U3lmbGQzUUdjZGptNDkycmZIYWFtdDBOUFk?oc=5","The Times of Israel","Israel","1783834430000"
"Pakistan urges U.S., Iran to exercise restraint, pursue de-escalation","https://news.google.com/rss/articles/CBMifEFVX3lxTE4xRFI4LUZENFpVbVpFTndPZ2ZTMnMzcDBCU0VkYUxFbkxOdXFwcVk1MEdHUmZMNHhsbVVNbnlqR1ItN2J6MGJ6cUQ0M25jdjFoQlg5S1kwN3VkYmhtMkdfSXJJRkE1RDNPVVQtTkpqOTVOc0ZfN3RISG02YkE?oc=5","Xinhua","China","1783839240000"
"Pakistan FM calls for 'restraint' in call with Iran counterpart, ministry says","https://news.google.com/rss/articles/CBMibkFVX3lxTE5WMjgyLUY2XzlFMkhxLXhDQnFCSXFoZERwbU1DdFN6SFVLZ3hOMGpmVVpFZFNubi1BdHNqU3BPZ1Q4a1JRVWlreUFnZ0hNREYwUmRyX05XNDJkM0FmU18tTU9aUVlEUVEtNFd4TUNn?oc=5","CGTN","China","1783837496000"
"Iran ta kai hare-haren ramuwar gayya kasashen Tekun Fasha","https://news.google.com/rss/articles/CBMilAFBVV95cUxQeDFQaFlxTEpDNDFvVzU1STlCRl9vU09WWVRYNDZtSzlMdDc1N21iYklVQjk1Sm92d01vclhPaHlteDlEdGpuSXhvc2RlZ183UzU0R1BGdE1vUzg4X1BNWHpOdzZRVkF3QlNPOEh5dmRSMU1xMEZBbVV1dnhMcjR5NG41bmFsVXBzbmNtd1Q3NXMxc2J00gGUAUFVX3lxTFB5eTZVSUo1UlBWRzM0b0FaS0lRRzlFWDhGN2dvOURFeUZSa3hhNGZRX184Q1BVMVpFV0ZJbEx3OFhSdW5SdkN5bHBTcFhnTTFTT2tRSGotUkFaTmJCb0dNRUl1M0d4dHJjdVRWa0pKQkh4Q0VlWXIxdUExbW9yZmgyT0dUQ3d6cEZhM2V5SDdYRTRLWkE?oc=5","DW","Europe","1783838654000"
"Live : US launches strikes in response to Iranian attacks on ships in Strait of Hormuz","https://news.google.com/rss/articles/CBMiywFBVV95cUxOZmM5Y25PeFJsSlNheHNZMVJ5cUVwRzhIcVNRaE16Q2ZNQ0ozaGYtLUV0Ync4a0R0aFhmenFBSXdNdHVxRl9lUG5IdlQtWWlhM3Y5RFFGdTRKa1VGbWlxcnNHOElMSmF0eHRreGN1dEZrTUZSWnRsRU5xcFZ6RDhyYjJjMllzcEN4ZzhNYVh4ZmRhTjVsZVZzRlVXeTN5UFZEZHRhOGhvZGVCcVA3bHBiUHJvMF8wSURYdWZMX2Ffc1RjWVc2V18wN0xSMA?oc=5","France 24","Europe","1783836261000"
"Amerika yagavye ibindi bitero, mu gihe Iran nayo yugaye Umuhora wa Hormuz","https://news.google.com/rss/articles/CBMiXEFVX3lxTE5WZjdIM2R2NDBRcG1KMHpYcWR4VGFjWlRkQjdxOEZVTkpOUWdwZ0gxVUl3ZXZnOFZxZ2FPZHdmTWxJaU0wRGFCV3BnRWswQkYtcDA3QXVjZDFpclM00gFiQVVfeXFMT0ZmbFRPRVRxTlFkUmdIMXNCWW9XYXZqM0tCbGRWZ1hpZGtUVDFWbmRlRTdHcDZMdDgzY3cwZUNNZ05UbkswRXFYem1EWjR5Y2R2dnVmSDYtNDFRMm80ZmZIUlE?oc=5","BBC","Global","1783840777000"
"1st LD: 3 injured in Qatar by falling shrapnel after alleged Iranian attacks","https://news.google.com/rss/articles/CBMifEFVX3lxTFBISjhkdU5wZTRteUd5dWRxdDlBX3V1MEFOMURwVWpzWnpQbWUxMWFfU2xJT09WaXlSNDRLWW1VSHk3TE94Y2F1cGpNUjlmVXlMcTI1OXZtSUdOV3ZoMHZYOVIxT2l0NDh3dzVfcE5BTVdoU2FNWkRTbWZ3RjU?oc=5","Xinhua","China","1783840770000"
"Jordan says 3 Iranian missiles fell in kingdom; no casualties and ‘minor material losses’","https://news.google.com/rss/articles/CBMizAFBVV95cUxPWkpBVlU3eGExcklQWjdjNHZlaDJmLU9qNlk1bUM3VHpYZGVNVnNHdDlpU09TNDB5T2tvX3hNVmo0b3ZFMTdMMGdzZy03Y2QwMzk1TXZPOW1IZVhaS2xOM0RyQ1VpYXFDTWswMTkzRXZ6ZVJ2ZkhLanFYZVMtWmk5NkJwVjdSd1ZTVVAtMHBXR2VpdE53X1VkMHR4TUdhV1UwQWRQYm04WkczSnJoelZDcEdPVE1BVi1XVU95LXJvZ01LZU1TS2taeGxIRzA?oc=5","The Times of Israel","Israel","1783840638000"
"IRGC vows ‘crushing response’ to any further US attacks","https://news.google.com/rss/articles/CBMipwFBVV95cUxNTFp5S2ZwTEMyZ2s0TVIwV2FJcDl3U3JUV25JZE5zNlh3Q09lR25RRlJVZ1ppZzBvYUtmQkJvTkdsYlMta2lsUWpwWmpIRDhOMGtlaWhpdEh0UUI4SFJWSXBqN1J3eWZYZXlHZDJZa2QzbWpnUGtzemlFek5GTnFyNHdVMDFheHBJT0x1UE5xZ21sdDE5TGN3c2ttREdTQW4tX1FqQldRONIBrAFBVV95cUxPdERLeGdTbTZhQTl5aEVzS1pLUVFlMThJVkZ5TGNNUWFwNVhnUWs5OURFTWVzRTZ5dHVWTHFETlFRdFBWc3hRV2pnaTU3aFhGLXhYUV82ZWd5Ml9mVFNmdEFhWUVrLWlPNXk1b0hzNXNydlRsMGJKRl9pbmFDaE0zMVFNbXAxQ3VsQks1azFIaWxpalY5eDFTcnBvM01sVXJEejZDUWJLcE9CTHZp?oc=5","Al Jazeera","Arab","1783840121000"
"Pakistan FM calls for ‘restraint’ in call with Iran’s Araghchi, ministry says","https://news.google.com/rss/articles/CBMiuwFBVV95cUxNQ1NjUzZoN1FpN0VNNTZYUHJkY0g2bWRXOGl4NnJwa2dRWjFUbmlvX3N4MlF0QlJhNHdfVXZFTlh4OHhqLVg1ZFJKeHBSeS1ya2RkanlSUEF5LUd0TklmeDFmVmI4WUhkcW9pNDlmNlE4cFZuNkd2b0F4aTZ0TzFRelZFcnkxMGoxVTJBRVRYVENBdExNM3RWZ25Zb3dSclpRTVgwWDhwcXMwVFBldW9XUnhOSVZsWEtpRzJn?oc=5","The Times of Israel","Israel","1783840062000"
"US strikes Iran, Tehran says Strait of Hormuz closed, Gulf states hit","https://news.google.com/rss/articles/CBMipwFBVV95cUxPMWJBSlpJcG5Rc2dWOWNUeXRWclpYOWZfc0JOX0xfZ3VrWWhXcU9EZlpBVERVb016N3R2T3JOWU5TSm9WVDlKZXhFenYzSWk4SDFjc1d5SW1CR3hwRGU3dm5IQkN0NnNoY2NpdXhvSXhpTUJORnRHNHFuODUwSnhuUlhncExDbGF6blFsNHRURS1KTVd3Q2tPeS1OR1lhdVozQUpoUUZjUQ?oc=5","The Express Tribune","Pakistan","1783838831000"
"Missiles and drones fired at Gulf states after night of US strikes on Iran","https://news.google.com/rss/articles/CBMitgFBVV95cUxNQ1BueGpGZTB1RHB3czg0SjUycDRQbmp4NWJTb3RQdE43NkNWWUlmbm9SdGJOTXRuTlhWbTVZeDRhVHg4Ykd2blBfZDdWS2FsQWxOZXJkdHEyTm5jSlQ5U1ZDX3dRSVN6aVg2RDZKVk53WW0tZlZ4NUFDbkFLVER1eHU4bjhnam5jYUJuSFc4OEwwU19YUldRWmFyMVlpZ1BsVkJOTHVZZVJpRExhalVJVTVtcWR1Z9IBuwFBVV95cUxNQmpTY21EcXRXV1pSUGhxYU1kZ25aRlE0TzRidVJWV3pLaFQzOXkxbEdLcW13c2lGUzFzcnhnYm9mNHNjVktJNTA5dDRrN040blprM3VEamgzb3JjaVdXMDJzTVpaemc3Vmg3QkxoMXdpNEhQREZscmpCMTVVSUp6SmVXMS0yTGZXVjJySFRxRHR3VE83NHZ3WnliRGRnVEFXTjZrelNrYmR0Tldjc0FYWkltSmxtY1JLQkcw?oc=5","Al Jazeera","Arab","1783843061000"
"Iran stands ‘resolutely’ to establish own arrangement in Hormuz Strait: Army","https://news.google.com/rss/articles/CBMimgFBVV95cUxQY3BIS3JTYW1ZTnBEaGtidmJoM1lJWVlxVmVJSVRKWnpOY2hRX25TNHFXaUdtTGhTRnYwWXFIczNjdXBtTDBQdktQaHhxOEdNeUU5XzRyODRxQmc3T1ZBNWYzQmx1Vm1jN1JKMU5lcWVvUUFPR3drZmphZFVBV2V3alVXV0l6MEhZb1A2WHhjUVIwamRBbjlmUk1B?oc=5","Press TV","Iran","1783842900000"
"Iran's calls for revenge signal the Islamic Republic's enduring ideology","https://news.google.com/rss/articles/CBMiV0FVX3lxTE1hd09lNWx6ejJ5VVVBX0JFTGJXSWhLQ3hqODF0Q2xOTUJOQVVDQmtMOWZ6M3VLLXNMdk1hUjY5dDlIa1huMkZyRzNfVEV4azFyM25fM0tEVQ?oc=5","The Jerusalem Post","Israel","1783842801000"
"Jordan Army: 3 Iranian Missiles Fell Inside Country","https://news.google.com/rss/articles/CBMinAFBVV95cUxQQ2hyTDZKakF2WG5GYjB6RHVkQWxacXJGZzk4bDZMSFQwVDFIX0tqNWVPM0hwZXFGSGpEMHRCN1UxV1NBN2Jjb1FLYlpOV1pNdzZqcGRyUVpYTG5wSnplczFtOVlsM0tCM1pMUzltMk9TZngyWHY5aEJIb18zbGFHQWh0YUZTZXVTVHRDXzZyMGc4YWQ3ZzUtTkdkU2U?oc=5","Asharq Al-Awsat","Arab","1783842168000"
"Jordan army says three Iranian missiles fell inside country","https://news.google.com/rss/articles/CBMimAFBVV95cUxPLWRNMVk3aUplejh5am4zMmdEZlBIUkdPS2Rwa2tiUzh0aWdfRzY3dUZYZjFjQW9KemFPbjM5WlVJOXc5dGZJUTdvdFFqek0zeEdRb0VkaFIwRUVwYnh4aEwzUjRUTUp1c0dNOHRjcTJuZUpLZWFqcktDM2ZtOWQ4cEdyT1dTTXk2cXRmWmdnVHdQbkdJTTV0OQ?oc=5","Dawn","Pakistan","1783842081000"
"Dar urges restraint, diplomacy in call with Iranian counterpart","https://news.google.com/rss/articles/CBMioAFBVV95cUxONWZpd0RsZlg5cDdQSVExejhsRkZIcUFXR3VFNGFOSmFISnlIeVN5ckhRVDZ4SzlxS3VheDYyV2E3SVFBMlFoNUNjZUdPYnBQcXRVLTlKX1FWdjhMNEJKb1dySkRuXzREdG1lOFMtaE93T1dGOElvY29uSWd6aS1LRUVMNVg3NElNZlprN3kxYWVmZUppMGdCeEp3bmoyVUQz?oc=5","The Express Tribune","Pakistan","1783842075000"
"Military facility in Iran's Yasuj hit in US strikes - reports","https://news.google.com/rss/articles/CBMibkFVX3lxTE1IVTJWZmR6amVEcWE5SnNIRGxWRVd3T2o3NlpQUXlKMWlpNVh6TndEVzZabE80ams4YzJ0dFJyMUJJSGF4dThLX2w4TWJaOGZpREFwZmtLOGF1dU96dklBblFRYWd4Y2FNd3B4R1JB?oc=5","CGTN","China","1783842000000"
"Indian national missing after Iranian attack on vessel off Oman coast","https://news.google.com/rss/articles/CBMitgFBVV95cUxPZi1TSGloMTIwcVBNSVlfWGdUb2RiT2djSmFoRUFXUUM3eDNVaEh6UlRvNEpOUUF1dHFNVG53X0RVclVPRFdKR09vS3lHd1RoQkxQM2Y3bjJnZlVPY3dLUllzVVI1SDhpMUgyNlZNdHNXR190Q2Jya2JWT05abFgyNW41WU5kSW8yWEFLdzNrR2JWZm5hTklmQktvTk9iNkFfb0oxSXdJXy12bnUyWTlCZkxPWndIZw?oc=5","The Times of Israel","Israel","1783840338000"
"Mojtaba Khamenei: Iran supreme leader say dem go revenge father death afta Ali Khamenei burial","https://news.google.com/rss/articles/CBMiXEFVX3lxTE5WdXVVUDFsUVdUZlhGb1ZXaV9rWFk0MllrNEJ4UlFSVUYzUXZjTWJyWTlZN0xWdldJckk4YVgtNlhIdlZRWF9jcFBwZ1ZGZjRnY1ZUNkNXcG9ndWxj0gFiQVVfeXFMTnRFZkFXSEJjMDNsSEVCbGNITkpCcTY2Smt5S1VoRllyYlZvdmJGN0ZIRmJLZkQtV2JfdHJBVmMzMXZNSVcxVjFWUDhBdjY0YTAydG5XNDV6QlJmSFRLZVpFbWc?oc=5","BBC","Global","1783843371000"
"UK economy set to have stayed in slow lane after Iran war held back growth","https://news.google.com/rss/articles/CBMiuwFBVV95cUxOTnA2YzBmVkEyRkxHdDF4cUVaU3RDWDNzNUluVEFfZC0zU3czMDQxWlR2UTBENnRUWl9XMXNualM0Wmc3Wk43NjRHbW9qVFRQSWRWN0R3MC1mOGNfUHh3Z09zUTE5R0xsNnpscC1vMzVUUHc0eS1JWjVnelpoQ2lNYTA4c3RlcjdVYWJBa0NCRmdUbDhVWjJCXzNWUnRIVmg2QUo0WkZlV1BEV0hWLTh0VF8xa1NoRkpnSDJR?oc=5","The Independent","UK","1783843200000"
"Iran carries out wave of strikes across Gulf","https://news.google.com/rss/articles/CBMirgFBVV95cUxQMlM0R3BqUjZZNGxEbi1MS2ZoWG5VejVHMGs4Q3U3OE1NdjBXd3BCNjAwNlBqeHVqenNreEdKS0gzOFRnSkZSbVpTN29HZ1k0RGpPVmZrcGxXb2Ywc2ZLWVQ5cnRNNVg2S0pKLUFYaFZfbWdDTmVPT1dTMVNYWUczVUJDVnZleU1CYXc0eExQcllnYnpSWjlZUFpzbzRZWkhqclJhR25rMzJ0R0lmVkE?oc=5","The Telegraph","UK","1783842240000"
"US, Iran Trade Wave of Attacks as Tehran Says Hormuz Closed","https://news.google.com/rss/articles/CBMirgFBVV95cUxPR1dsTV95QVROeEhJUVg3WDRheFNJMXY3NlFianE5ZE0xWEFkOTlBS054aFNETWFaOENJN0wybWh5VHlhNkJLYVU2UUg0RnVGSUNSLUFHNnVQRFBuT1N3RkVrWVhGYmd6a2tsT29HSVAwZEhTNHJoQUViY0hXQ2h1Zmg0MXNZRC1zMFVhcXAzdnF2bERvOEJUc1o2R19jWURhRnBza25TZkZvOUpxb2c?oc=5","Bloomberg","Global","1783843568000"
"Iran, Oman agree to continue political, technical talks on Hormuz Strait shipping security: FM spox","https://news.google.com/rss/articles/CBMi2wFBVV95cUxNS05ydks0Yl82X0F0XzMtZ252aGFHaVFad3otUFJrZ21EOEZlU1I5TGtqb2o3eWFPcjJoZkNQV2Ztc0dxRUlxQ0IwSUh6bDl5TjQxaWItclZEQlNCaXl6WUhkRHhYbVp3aVpCTG81ejlkVGxyLUZydkdJN1ZyVWMySEJaUDVGbHU0MVRqZ0lTa1d2cEt5R0FqbzZTM2I4d3Eyc0VjMUpObUhsZnhOVk1FZGQwd3QzOXh0LXJ1c2JkMWFXTGZGZXE3REZPc2QwVnk0SVlIUEVobXJhczA?oc=5","Press TV","Iran","1783844460000"
"Iraqi Factions Pledge Allegiance to Khamenei, Reject Disarmament","https://news.google.com/rss/articles/CBMiqgFBVV95cUxOWHNEdWpsSVdBOGFQT014cWhqVXRGc1l4VmFFQ0RuTzdrWGpnRHdiYUtmRjY2VnlPcHZ2aER6M1JfQmpIdmY0OS1DUHh6bXNXdUZZYU9NZ3k1RzB4Y2ROQmd1QUhyM2xnSVJLRjFvbHBKWHdsd2ppeGU5cGVnaUhHS3laemFYR3U5R0xsQ2NKWmNwa2lzcXd4SjNURUF1TXJsZDhLOVBoU2hCUQ?oc=5","Asharq Al-Awsat","Arab","1783844101000"
"US CENTCOM completes third round of strikes on Iran","https://news.google.com/rss/articles/CBMipAFBVV95cUxNZjRnaEllYzhjUktLUzNHMTFkb3FBamgxeFRJeHVpellBZHJHYzNTSnFpVkp5cDhibnNBeENkYmtnOXZHX0xSSFN6RGdRMXlON2FybUVBNndYU2gzNUtPN0NTemFxMEc3UWgzOEt0Q2dubWttVWt4VzBldXlfRlFYMEZGRW9xbjRXRFFxaHcwVW5LVDk2aHAzb3YwaWxHemRBRDJETw?oc=5","Al Jazeera","Arab","1783844080000"
"Iran stands ‘resolutely’ to establish own arrangement in Hormuz Strait: Army","https://news.google.com/rss/articles/CBMilAFBVV95cUxQaFl5WWJTak0tbktPYVhEdkZVWTUxa29QWFR3TVBudGF6TkgwdXVyOU5sZm55MVhKYjVZd01sQy1hNDRROU5rV2hIdkk5S2JyX2d0d01XcjNFTUNSZXVwaXNmbk5heURkeFVpUzN4Yk5lZ3dVbEh2VXA3S3ZXV1V4dWdYd0RRMmV5alpIeTdaSWFmVHc0?oc=5","Press TV","Iran","1783843131000"
"Iranian official says Iran will preserve its control over Hormuz 'with power'","https://news.google.com/rss/articles/CBMiSEFVX3lxTE1fY0Jwa0xRWHEtQ0l1M2QyNWkzZ050VlhJejdodzF2TkNUVUZ3TVBfUjNlMEtjNUx2b3B4M0J4NkY4RExsMlZoZQ?oc=5","Dawn","Pakistan","1783842783000"
"Oman condemns Iranian attack on its territory","https://news.google.com/rss/articles/CBMilgFBVV95cUxPN2ZONTRIWHdtVHRIR0hZcVRDNzcxU1M1M2c5dnBEVWtyX3pWRnlPS2lRZHRLTEFEVVV0VmFBQzNucldTTWVYek1FdnJTUkhZYjljNWt2eHhpSTB1MWRSS2w5Umt3WEZSY1VXSGlBaF85Y1FTcnVvUmtXMmMybzJHU3JHUzAwd0RfYmZROHJtUE5pMU5iTlE?oc=5","The Times of Israel","Israel","1783846338000"
"US escalation of attacks aims to isolate Iran: Analyst","https://news.google.com/rss/articles/CBMikAFBVV95cUxNZFNuSGVXOXZuRnBvQ044R1U2NE5YZmxUZW1PemFiS3lxTXNmOUtxdmlJaVpxUUVqbHVJbDUwbmktN2xBaFBob2VLckxlOXJuX1FTSDE5SjlITnc3Zl9tOGxQQ0U0NXJJaGYxOFFKSjZnVGhkVWxmT2ppQzRteXA5SjdWQXVzWHpKUUQwOXRlbzQ?oc=5","Press TV","Iran","1783845780000"
"Iran's physics Olympiad team shines at IPhO 2026 with three gold, two silver medals","https://news.google.com/rss/articles/CBMivAFBVV95cUxOTHNrRjFHU1N4MFZPTFNQZkJ0WFNHR1hvT0pobkpYSnc0Y2VJR1l1RnEyVW1MNzVfTDBTRW4td2lGMHVOeFRfc2JaWTctdTBEV1p3eXJ1RUlnRVhmbXR0NDlKNHl3cVRkbjM2YWtoTjVUV1FPLWU2eDFmbFFTV3p1aER4OHd1RmNZRmdJZkJZN0ZGQUg5ZWRtMHM2UGRRQm44UGp6TTVzZlRGMHV6d2tsVTZLQ0FYWmMtRVBNUg?oc=5","Press TV","Iran","1783845420000"
"At least two people wounded in US attack on Iran’s Kerman","https://news.google.com/rss/articles/CBMilAFBVV95cUxNbzNpc1R3TU5zUzdZT3pFOEhON2FEc1VCSXlsbXM4V296RjlkSlNieE9pMG1sUHZnWWk0aTFWSlhDUmhWUnZPOGd2TUNaQ0RYY1FYb2RxbTVvcmlOVlZnel9rT2psVFAtdjJ6cjFhcVB1YXAzMTRTTWJOdmYwOHdhZm5nYVQyajEwcDZpMFBMQXhIUlE3?oc=5","Dawn","Pakistan","1783845268000"
"Iran's army official urges US to not further expose its allies to attacks","https://news.google.com/rss/articles/CBMiqgFBVV95cUxNOFF1WmtvdE4yaExVWVphMTA1QXd0Mm1ORGpFQng5T3pzeTU5WDhDbFdaQVo2Y0t0LWNTd0FyUjJ5U01KSEZhUXZ5WlM5MEZnekxMbFU3a2E1cGRsUjVfQTZMNWpVaExKakphbXh1N1NKTzhDeG1NQVZaVnVXYkd1Z2Fnam90RTNQVVNxNXRSeHJIak0zTG9qVlBqT3Y4WFd4b21QWWktY2lKZw?oc=5","Dawn","Pakistan","1783844915000"
"US-Iran strikes: latest developments","https://news.google.com/rss/articles/CBMiigFBVV95cUxOUTRxcWRlRzI2MFhPUmR5SVZOX0NzR1VfaFJQZ1h4MW5HVTBrOHp1Mi1PZExoWVZLSXdFLXhLY2E0NGk1NUNNUG1mYXVKa3RxV1hRZlJMVldzeWpKaVgtdXlnOE1kcUdfN3BuRzkwcmdLeXhjM0llSGNEWXZjdWk0TndaeEU4MEhoY3c?oc=5","France 24","Europe","1783847712000"
"US strikes Iran, Tehran hits Gulf states, says Strait of Hormuz closed","https://news.google.com/rss/articles/CBMisAFBVV95cUxPVU5MelMtYkVJNW9KZWxOWUd5ZUQ1S05hM2lqVGdaQlNGWFB2aE1HamlpajlocVE3NkM1bU15Q2JoZjNKNHg2MS1RcVl2WFNSYXpHMzZkNHN0bW5KSU1RMmxzVWF5NDMzRkYtczQ0YWRhT1BfanUzV0xEMHd1QWl5cVF1UEMzYThGOXNKSmdJYzRleHVJbmRaS19YX09XQUFzMHlvX1hIZHNrODVqQ1hOXw?oc=5","France 24","Europe","1783845376000"
"Iran attacks five Gulf nations, shuts Hormuz after US bombing: All to know","https://news.google.com/rss/articles/CBMiswFBVV95cUxOYjhJbnhrSGdFY20wRFRnMy1DZVhObENaZlJYTHdtNC1qZWVCMk5uTEMtb0c2YkZOaUs5RHR5eWk2eHhuSFdwX2dHUU5FMnhSRzdzM2xJeG8yRHdubGFFdWxuLUJiZW55QUh3Tm12aTNhSVcya0pkeThXcDN3MURHZXNXdklFMTlGSWhDcHpWanV2OE5iLTdIMU5oYlZfOWo0UFFCTXd4Sm9OSy1DVUx4QzJBQdIBuAFBVV95cUxOb2Y4amh0V0tremRhSnNrZTJiSm5mdHBDQVQ3TzBIMVA3WFBqVnpLQkpYTGkwX3RRT04wNC1WcUFRQzd4eEdLd0wxc3ZoWDdJS3psQnZEM1lfaWJLaEMtN0JGVFRyOWRHbU1VaHRhb3U3ZDRpRUNTZmJqQ2N6NGgwbWFfX3RhSFU0ZUpQRVplMWNNVW5QTWVLQ2hDa0VVdXhQLTNxMEU3bWpqcjBkdWFwVDJUNmhYWlRw?oc=5","Al Jazeera","Arab","1783847993000"
"Gulf States Condemn Repeated Iranian Attacks, Tehran's Destabilizing Behavior","https://news.google.com/rss/articles/CBMitgFBVV95cUxOeTNod0JVVU15TnhwWFcwX2RyWUQwR2ExZ2dXbEZpVnc5OGljTEtBa3RrekM4cWZPZmFUbTVaaEZfVlNBNUsyUjZfNXAyTFNDYXZWRllCajlDaVZsM2RHdHdaN2dXSTk4eWN0N0hzY3ZLT0ZmclNoaExxWFpZNUM4Zzg0clQ3aHYyamtEOVd1OE0yN0dlQnNuaFEweW9fNGlDTHZvNzhBYnI1QVdTUGJ1T1N1eTVEQQ?oc=5","Asharq Al-Awsat","Arab","1783847426000"
"Lindsey Graham remembered as staunch supporter of Iran's opposition","https://news.google.com/rss/articles/CBMiX0FVX3lxTE8wR00ybWFzM1JWTTBjRWloS0oxWDRtblRJQ1NlN0IyY0hJSExkYkowNkQtendNSEpMd0lRUmRvMTZlaTdEbXZVd01nNnlHcTJoNGZNcmViUHY4WWZsd05V?oc=5","The Jerusalem Post","Israel","1783847347000"
"Netanyahu ordered Shin Bet chief to probe Channel 12 over Iran leak — report","https://news.google.com/rss/articles/CBMiqAFBVV95cUxNUXBUZG1lLXVPcjE4STE5WWc4anRLNlNHbXhTWFQ3UG9EWW5ZVVRQckI2LUlEMkV3emN3QTR4TUZib2ZJMERLLWhSdnM0QWRjWExJZ1pLZXQzcHFLYmJTbW1NZnFUV0tMQjBGMHhXWEk1Vzl6OGNYcUZkVTJBYjlWZVFhSnVmWG1lVzJ1Skl5OEVLUXZ5X2NVbVNSbDJTV2tKU0p6aG5qOW0?oc=5","The Times of Israel","Israel","1783849638000"
"Lebanon PM expresses support for nations targeted in Iranian attacks","https://news.google.com/rss/articles/CBMipAFBVV95cUxPZ2VGVnFJOF9rZ1NQbkRPNGs3T3Z2LVp3Y3Y0VDMxSTA1bnFXcjJ6NmQtWTU2MnlNSXZfajdqejIzQnRoQkdtNEdnSGZiQ1RLaGJtTUQxYjhCTE1KUTE3c25TLU9MUjlJampfLUJJSFdMbjhWb1BWME5LQjE4NGdHZ3ktd0k1c1VGYXMwQ3I3anp2VXBWUGxYMThQS0pxN0F1ZXNOeQ?oc=5","Dawn","Pakistan","1783847013000"
"Survivors of Iranian attack that killed 6 U.S. troops say generals ignored warnings","https://news.google.com/rss/articles/CBMi1gFBVV95cUxQRWt5dzlReFlGS2NnSUJWX0loQm8yZUwwWkZWcTNBdWhULXg5RThSSHVaLVJCbjhna0dpU3ptLUFFRjdCR095WkFkcEFsY0VoYjBEcGVIUEh0Vk93OE9kR29WTDd1dlJGVW9xblVGSVBNTTZBZHc0RWdvSHppa0FqMkR2cEpxRUlqa2ZYMmtsVjM4Yk1HM2hxdjhVS09kbkthTkFOblp5emN2eW1nV3Z0RFN5R09WOGhFR0dSM0dURllHbXdnVzZhLThPVkF3SVMyMEtPeGxB?oc=5","The Washington Post","US","1783850672000"
"Hard-Liners in Iran Want to Keep Fighting America","https://news.google.com/rss/articles/CBMikAFBVV95cUxQWkZBUkVBSmMtRlRWS3JTWVFNci10OUhfTHJuOGFrMDdVSVV2T0pHRTkwb0Y0RXVWRS0xMGlDSVF0MlNYdjgwRWhOZmFpWHpQelRyU0MxVGMyMkE1LU4wUy1VRlROQVlLbmduSUJLb3hPbUhxakozSjVGMmVyQTdWTnl3aEtrT29PcEs1RWtFYWM?oc=5","The New York Times","US","1783848320000"
"Senator Lindsey Graham Dies at 71, US and Iran Trade Attacks","https://news.google.com/rss/articles/CBMiqwFBVV95cUxNMW4tYjFZSjNhZzQ4andJVDdMQ05QbUhDaHhCTlU0MklrTXBvQU9BSzBkd1MwV3ZkRWREeUpuRTlkOFRIOGtPMnZ6enlCdEx1c3BxSlk1MmRZZGRsbGpVZFhxMV9sMHlrOWNiS0RWX1FrakpEZ3R4d0pMMHgzWlZ5Z0h2OTZlc3ZPMUxEcGZlTU9vMUxMM05UXy1jb20wc1J6U21vY3VMcm1DN3M?oc=5","Bloomberg","Global","1783851647000"
"Hormuz Route Open Despite Iran Declaration, Maritime Group Says","https://news.google.com/rss/articles/CBMiswFBVV95cUxQSnZZN0s5V0tSTnJ4TkRRQV9Rdl8zV0x0ZTVRQVc0ZTN6ckNEb250bGx4a3FoblNQOWNJUDZMOG1UWWV3aVE0YWVmYk1IeFFlQ3FCVlhvOHNXOVJldEZwRUxqN1lyemprVjZQS0F5OFpFNzl0cHVqSDJBcS1hbE80VEt1a1RhN0NraXNFdnB2SVRZbC0telJaS0d4WWk1TG9COVJxbTFhaGVIeGotcFI4Qy1lbw?oc=5","Bloomberg","Global","1783850546000"
"Iran War Updates: U.S. Launches Strikes After Iran Fires on Ship in Strait of Hormuz","https://news.google.com/rss/articles/CBMicEFVX3lxTE5iemY2MGE4U3FRNmphX0M1LXF1cHBVaEloTWJ2REZXRTJaTjY3YnVmR0VJZGNoX2w0MnBVLTU5ZHcxYkZXNUNKdjBBQUxTQzFCRjZhT2lOVk56ZlVuUEY4by1rZHVqdXM0clBlVWVzMkM?oc=5","The New York Times","US","1783850340000"
"Former IRGC chiefs urge national cohesion, say enemies failed to break Iran","https://news.google.com/rss/articles/CBMiuwFBVV95cUxQOUdfNC1zQS01MnJoX1J1TFFPNGRIandMeTJEUW9lcnMyajh5bnU1SVpaczB5U0hBMFhnbk1qendRMVo4RjVsdGY3aGZtaXpQbGhvVHl1dk1mdlIxODJZNHFsbWdHb1k2emFuN2UyTF9aOUVkY3ZJTTBual9sUEo3UFJLWGZ2WmVCRWFPUWZVeEFTSnNkRGFvOUFLdlVhS29DMHVxZWpyTGprSEV4c3hXUUhMUGwyb1E1SFNV?oc=5","Press TV","Iran","1783851720000"
"U.S., Iran exchange fresh strikes as tensions escalate","https://news.google.com/rss/articles/CBMijgFBVV95cUxQRzVkR0ZxckxCYnM3NUs0b2gtZVFyQ2YtMVNGVU9FRFk2OTVNUThaazQzRWFsQlFoVmpSNW1PLUt2dmpzeHZud3pzYXctU21YeENLMjhkSTdvWHRzVmNNS0J4LXhhZkZkT1I1MDNIbmtMUzFCaHgzUklMaFh0OXZiNm5vRXkyLUo3QkZ5eGtR?oc=5","Xinhua","China","1783851615000"
"‘Dangerous escalation’: Qatar slams Iranian attacks on its territory, other Arab countries","https://news.google.com/rss/articles/CBMizAFBVV95cUxOT0NkSXBCOVAtbkl5Q0x4TkpSTV9aTVBBRnN5cGhUeUxpdzJXalFZNnN2MW1JbGRTMmtzSFR4dDFXbjFnRXdTUDJWOHhBR3Vna2tHdE1mYWhVc2pGU21XM2NZM2VVc21hWEJremxXcnI4UzdteGZ4Sk8tNWpkb3RvNHF2T0pxWWpaUnQxSk9MOVRPSTJXSHI3bkJYUHdPdW9ia284RkUwOHE2SlNueWFCV0JvYV83X09tOXQ2WlVfaGZsc3JKUmE0Q2RaTWI?oc=5","The Times of Israel","Israel","1783851438000"
"Israel’s popularity in US wanes amid Iran war, Deaton says","https://news.google.com/rss/articles/CBMiZEFVX3lxTE1WbEtEamZHN1lPQUFyR2hCTFVtZHlwUHg2MUdlX2ZUTGdpNkM1dG9pX0ZIRjJydzgzSlR5NzBMbktLRWpmakRTVl9Rek5XU04xeGhRSTdEc1UxTm9OOUktU3VxdkY?oc=5","The Jerusalem Post","Israel","1783850593000"
"Strait of Hormuz ‘more important than dozens of atomic bombs,’ says adviser to Khamenei","https://news.google.com/rss/articles/CBMiygFBVV95cUxPN0RuYlpHMHEtSk5qMGdid1E2VGxKY3pvTnNWa2Y3RW9rU0hOOEFWdWlvUWdBcERzN0lTbmhnZ3MzMzBCMzhNNW5aeTY3S2JjdWtodWMxaDRJMjdnU1czcnRIQWFvQUFCb0ZzQzl3UU5LMXE4OFl1N0JvQkYyQk1hbE00ZC1ZN3NXS29Uc0RxOHlwbWJuSHFubUxHRlFuRlltU1gwYlVNNExxU3pGVnZ4WHpEWmdic0I4UGRTS3dEbzN6bzd4aVQzV0hR?oc=5","The Times of Israel","Israel","1783850538000"
"Iranian, Pakistani FMs stress restraint, dialogue based on MoU as path to regional stability","https://news.google.com/rss/articles/CBMi5wFBVV95cUxQblRxX2YwZ3FnMlljUlN6VVgzbEczOW5Zazd3R2VNRHAwRGo2YVN4Wmd4RnV3OVh3ZWF1T29KTVVGTFJ3SW5KcVpQenFlV1doUm1UdkZXY21pQ1l1dDdDc2Q1MlRfQ0ZGaHl0bE9TRDJWVDhSaDVlZHYtS0pGSGMtSy1Qcnd1OFFBSndRWUFkek5IUkQ3bU9tWVZiY0dYQVpHTDl4SVMwWnhzRjUxdGdvWGF2eWZnb041WGZKNUYzaWJhX0VrZGhQclh0SS1BTzctNFhHTlFtSGtBMnQ4RnRDTVVVYWFtenM?oc=5","Press TV","Iran","1783850520000"
"The spectacle and symbolism of Khamenei’s funeral","https://news.google.com/rss/articles/CBMirgFBVV95cUxOUnZxc3N2X3BOX0R6OWNhZkZydTNiazAwcmhWZUowdVgtVF9iZ0R3dlVZOC1CYkQwUHJnaHFDUXZTZXlmNjczNUdWRWdMSG1TbG90SllDVGRxbGp0UW0tOHI1SS1WNEYwUUk4ZXNraThMZGRsaVRNaVp2S2IzWWdCbGVXT3BvU2lSVU1OeDl4TVFIaHJKYVh3d0hQMkd0RUl4RmdWLUg5ZjR5UXhxZkHSAbMBQVVfeXFMTnBwYkxXbWJIT3VZSHdPcFZpVXUxcGEwMFZrcW41TlVBR0tSNHh0X0dILUszWUZoUlk5UWJsOWtzVXRCLVNmWHFicXdyZjh2cTZ3dWY3azBzd3RxbHhyQnl4SVVFWnhYQkhsaUtJNENtd3R6cVRCSXZMd3JsdGJkcVpXdnVkcFpkdUdBMUY4a1lNUHhtcHZmd3Z4M3BSeUlXM0VRTnNVR3ozdm9VamI4NVZ4ajQ?oc=5","Al Jazeera","Arab","1783850043000"
"Daily Briefing July 12 – IDF on standby to rejoin Iran fight","https://news.google.com/rss/articles/CBMikwFBVV95cUxOaEt2bm9QZUhRVjM1RDF6SnZEWGdEMlVNc3RoOXd5SmkzX2hPS3RZOUNmMHJIR2lmTFBUemhYR2VKd2NFeGMwV1FJTWN3cXU0Nng4VEl5eVVaeHhwbGZHLVlsYm5UX3d6VWhvM1hUZVpoMWFYZGhmRjBkeDhVcGJGaXMtTHVIamg0d210cGRJZU5HZ1HSAZgBQVVfeXFMTXcwVmRxNkhnVjEyeUVYNzROOUdUSjFmZUowNjFlei15cUo0VExxWGFScVRhYzlKelJ2eEdZeEg5Nkp5cTdhZXVWVkNoT2F4NFNrejNQNWcteHBoc0dyamhLSExnelJUQzd3OEpRR2dpODQtWEp2SzVVZVNfTWFKc0RtT29qc0NLWm4xeXBUbktidzI2SmNzdDg?oc=5","The Times of Israel","Israel","1783849730000"
"Qatar condemns Iranian attacks as a threat to regional security, international law","https://news.google.com/rss/articles/CBMiSEFVX3lxTE1vZDloWDFGYzBDemcyaGVEMU5qd3pzaDZ1eGFZelVYZU16ajE0X0hNNTZEbnBlbzlaQXNMOTFmLVdsV29RN1huSQ?oc=5","Dawn","Pakistan","1783849245000"
"Ayatollah Khamenei to host memorial ceremony for martyred Leader","https://news.google.com/rss/articles/CBMingFBVV95cUxOVENxVUJhOUYzSGxmR05KLWE2anFjQ1ItYU4wXzI1aWx6bVNNc2w4OUpSamtUMW5JV0I0ZzFvOW1TTjM5cExobDJReWRFUE83WmdGQk9PSW12VWpGLUpmUkd1blRXc2w1LUhQemd2c0l5VFdXd3hzazk0Z2p4OFB6Nlc3T0FXMFV0RGpFOFBOZG1IT2poc29FdndUUzIzdw?oc=5","Press TV","Iran","1783853100000"
"Urgent: Iranian army officer killed in U.S. attacks: state media","https://news.google.com/rss/articles/CBMifEFVX3lxTE95Wlp4QzJOMGpYX2czcHpXdDd3MEp3X3ByRmdRUnlDRi1Lbmx3QVlNMlNjYkQ1YXBhUXZ5c01zZnMxNFhtSkpTQ3ZaNlNuLVVGX0RMTG9tOHFlNU9FU0JlcURWZTRvWFZETlZTMkp2WXhPazl1N2EweGxGSEw?oc=5","Xinhua","China","1783852680000"
"IRGC says it hits U.S. bases in Jordan, Qatar, Oman in response to fresh attacks on southern Iran","https://news.google.com/rss/articles/CBMijgFBVV95cUxOS1AzWU42R3dNV0hEWFd1bVg1TE83TzhzLUNaUV9PeXFjb1VOZ24xMFYySVJtODA5aUUtWWlQUjdBVndJNEc1VE5SdlM0dndkbFRuTHlFblg2YkZQNmJlcU5tSVNFRkV4MGtXLVRoVC1rN0lKcy1WUDdGT3puOHFUZkhYdmd0R3NKVTNCSC1B?oc=5","Xinhua","China","1783852380000"
"Jordan condemns ‘brutal’ Iranian attacks","https://news.google.com/rss/articles/CBMifEFVX3lxTFBma0hWeXhMZFBVcTJwUHFqZXhDVFJrUWF1RWh0NTFfdmxmcF9hY0ppcTNqZ1R4RkFuT1ppSDdZRkZ0bWMxM3gtNkg5MHBZenFhbWlUNXFVVzNidk5LeHM5cmpOZXItM2lTSGtGeGwyUGxybVNqLWltZnhMeE8?oc=5","Dawn","Pakistan","1783851719000"
"The week in pictures: Le Pen's comeback, Khamenei's funeral and Mbappé's wondergoal","https://news.google.com/rss/articles/CBMizAFBVV95cUxPSnhRSWNJdDR1b0RxNGFjQzBBbEVHMHI5Y3dRcFRoYkZsdDVxRWg3YVdDYnBMSE1XU2lKRllkbVNZWUIwbXltTGdfMkprSmZIV0NhV284d1k5djlWR0VZRUwzS2JDLWdtTlFnUWVOMVVsZVU1dFBEMDZ0cEEwTXhHempoRlozM09iTUNBejdWQ2pLSlBDR1dRUXlhR3JscDNoeXBKV19QX3Njek5hY1Z0aWpFOVlzN3J5RHZDM2VYempRT0RTWWo4VThiVUg?oc=5","France 24","Europe","1783853614000"
"‘I’m being targeted by the Iranian security services for blowing the whistle on the regime’","https://news.google.com/rss/articles/CBMijwFBVV95cUxOM24ySjQ5VXVVcDNBTmJuRnFXbGtkUWlSRVdiNHZzZlhMM21fVGtVSGFsRENGbGYtUDV4bDZ2LWlJWHdSeUVtNzQyTHNkYzNBNThQZUVvazBiVFY4ckN1Z21leTBtMFJCanhXeEl6TnZncTl6RzRTeDRyV3M4bWJfWDlqU1plWjVtX2NtUGVhaw?oc=5","The Telegraph","UK","1783854000000"
"UK economy set to stagnate as Iran war and high energy costs hold back growth","https://news.google.com/rss/articles/CBMiiAFBVV95cUxOcHkwS3BPWkZ1c0JiOFZPRGgzUnhVNERINEp1V0F2cjVsS2RJME9MMXlieWJUaE9pQXk1LTJ1MW1neUFfclRvSHc5TktoNUpkU0NuRkhVTjB0cnl2cFFWRWNqM0Jra2R2SjJwU1ZzTy1Ca0ZiWTV4NFdlcnhqSDA0Q2N6YlF1NzF2?oc=5","The Independent","UK","1783852680000"
"Iran war heats up while US weapon stocks remain depleted, risking military’s ability to fight future wars","https://news.google.com/rss/articles/CBMif0FVX3lxTE9sdl9CbE8welZRSGIzYnQ5bW9zckF6RlpFVEN0Z2VHekk4LUUyNUQ0YUg4VlVTeGY1R1RLUHRHWEpFejh2cVNxemFaT2VpTy1vc2VVMV9uYnZydU5RNzVRSWFMcmotS2g3U3VXOFJJeDZmcVY1Yi1sR3ZhSWZLaWM?oc=5","CNN","US","1783852226000"
"Iranian soldier killed in overnight US strike on port, Iranian media says","https://news.google.com/rss/articles/CBMiugFBVV95cUxNaHpwTkdGbXZBWGZQLUR3eXNnNS1CcS12TEpGTGR2bzJuczNJbC1fQV9FMmFMVXBlTFpoUlNOS3E0QUFZYTZmZzZDVEozRjd4RnNKWGVNWVBVTTRkeDA0eEhNdHlzM3pud0o4THNQTXpneld4dTNJYXkyX1F6T3FDYmxUbUVBU3RVdHVyS2VsQXJQWGZTT3hwQ19wUU4xUG85dDVaeDZHNW9pYlMxOXF2LTBZbGVjcEh0eXc?oc=5","The Times of Israel","Israel","1783854701000"
"U.S. military says southern Hormuz route remains open despite Iran's announcement","https://news.google.com/rss/articles/CBMifEFVX3lxTE9MbEktUUJfdl93YllMSGJTOWhrVEx0bHRiWEVmb0pHbFo1Ry1vazVWRXZDazk5VVh2aloxZzFseGVSb3JmTEd3V29zSjRCUUVkdE5KOVk1VmxvTkJCYzU2ZWJqWXNWYlJpejJvY2RCNWhJMW9UaVdPYkVXa0g?oc=5","Xinhua","China","1783854675000"
"Live updates • Qatar condemns Iranian attacks on neighboring countries and its territory","https://news.google.com/rss/articles/CBMimAJBVV95cUxQQTcwMlZubEhjOUxIWHgzUWNUa0FKUUgxZEptLVV6UXNzdkdUS0U0dlRMaFFXcmVNTXJYS2JNQTNTSDhRS21NeXFCZEl1a1hjME1aaW1hRkVwRmp0c3hpTW9Jb2tPUEhKSUVhUC16U2UxMXJwV2lmd1NLUnJPbTd1UlRNUWdlWTlmcTc5ZjFLdERHNUx0VlNidFNiOHQwaEhIQ3Nxc1NIRy1vTkxIWXRJcXozcXFvdGh5dWdoc2N2UlI3SlNrdDV4bVAwUndaWUtPZnhURUtEUlE0T2ZKWmZwRG4yYnBlNVZLUE5FbGFRVm43elU2Y01pRDIxOVlRbVdWS1B4Q19RQ25uVjE2QzMyNUZVbjlQNnlP?oc=5","Haaretz","Israel","1783854480000"
"IRGC releases video of retaliatory missile strikes","https://news.google.com/rss/articles/CBMiowFBVV95cUxNM2lDd0wxTGYwLXBuMk11TmZlYmhGanYwWF9PUnd6clNfV1lNVnFfajlmMGZ4OGVoV2t3MWptWTFLeElDUlk0RUhvT2xIMld0Y0dXOGZSX0NtU1F6S0kwSHJMTHBjemVyVlc3Y2dDSG9hMlAxWjBhbklscENWUmxDanVtUjJFV056Ukt4UlROMEplTEZsbFZSa0lmaXpnUXpBdHRv0gGoAUFVX3lxTE85QkNOUDVNX3hDNk9BNTMxM0ZyRTFiZUVnWjJicjJlZHNHOGY4bnE0WnJFLTRKbW43dnB0SFhSaE0ybXJibUxUNWhwajdGTXhQaDZtVTlQOVltcWVVa2JMalo0YzdUSUNsTDl5ZGIxZG16aWdZRG1GeER5QnJWb19adGNXbFpTWThvaUxuVlZrSGszbFU1WmhXUnVKNWxPX3V3NWJaZ29GOQ?oc=5","Al Jazeera","Arab","1783854464000"
"The Gulf Statement and Iranian Threats","https://news.google.com/rss/articles/CBMigwFBVV95cUxNYUFOdnNPNHRWMEhRTzV5bkhiODFqdS1wOFB4Yy1wUDZPX1dzSnBQTjFLcFNsRkp2V1UxeEdDZVZFWTM4SDlwTHM4NHNjQUlZYjd2c0Z0cExYVGN0WURNdndfV28zYlB5VFlIVVRrcmpqOU5HTkh4ZjhBY3Y0NWNlb0NZQQ?oc=5","Asharq Al-Awsat","Arab","1783854257000"
"Trump's Iran remarks may signal the biggest regional shift in decades","https://news.google.com/rss/articles/CBMiV0FVX3lxTE9NaUtFTjh3aGU3T1JGQWF4R19uOFo4NFE1NWRodDVEZ1ZtcnRmQmt0TUFYNlZkZUdEemxCRnVGOVVUVTRxQ1FyZllLQ3VMdFRmc2V5R1BmUQ?oc=5","The Jerusalem Post","Israel","1783854000000"
"3 missiles from Iran land inside Jordan, causing no casualties: military source","https://news.google.com/rss/articles/CBMifEFVX3lxTE1EU0NGZXZHMENLLVlxbXR0ODlYd1pfa2RnQVdKNEswRmNES1l3d2FDQkNtZTN4N0VMRTIzeHBCamV6V1JLSVpKdkpsT3lWdmdsSHlBNjBmQ0ZkbWRqelVjZHRVV3R4VXBNMElKbFZTdDVrTzk4WjhzVHlHRzk?oc=5","Xinhua","China","1783853550000"
"Ayatollah Khamenei to host memorial ceremony for martyred Leader","https://news.google.com/rss/articles/CBMimAFBVV95cUxPckg3RndqaUZ5TVN0cHc5UnpqdnNyWXJ0b3ZlZXl6UDkwWTVmdHpEb0dXeTdyNjJvQnFUQzhJYmVKTkktOTZiTHdIWFFwQmdNMVFGQTVfdXhzekNHQ1ZPV3ltOFc5ZHRXRUpuZTYwLThZcWxXWTZlNW1aNW9KQ3RDVzFncmZNT2x1TEEzWXlNNWFoY25FWWUyYQ?oc=5","Press TV","Iran","1783853361000"
"Iran newspaper lists Trump, Netanyahu and European leaders as targets for revenge","https://news.google.com/rss/articles/CBMixAFBVV95cUxPdWtHTVltVjA2ejFqWnhJRmNHWVh4aE9mM3ZvZkgwMEIySjlzUHAwdS03UG9GYi1DM1V1QW50STlWSGtHVHZzN09ObjlVcGQ4cW5PZDgwLTZzbm1EUk1qNC1uQW1XYmRuTHNIVnZWRV9QeXNGVC0tYThqTDNkODB4Y3hRNHNHaG1ZLWtscTl0SXdxcm1RV1FNcUswcmtpa3NKS01BcGxuMW13WUNPZUtiSlNpRmQ3a1puNlVaOEk5bjBCeTJr?oc=5","The Times of Israel","Israel","1783852638000"
"Amid Mideast escalation, Iran FM expresses 'deepest condolences' over former Qatari emir's death","https://news.google.com/rss/articles/CBMixAFBVV95cUxPSmpCMm0xZkJPWC1ydDJtZFF3eVQ2dWx1OFBCb3JKakZacWdxRkhwZjJiN2lta0JobzlxZnc0NEFUcVgxcHZlM185UDFvay16RnY3REhGZnRiZ1VlWFg0MzdlYTRRTDh5dGkyZHlmRFN4d3hHRExUb3FLZlBoUTQ4V1I2YjFfOW8xM2RHMUpINlJoNTJ1UXJNaTZ0TmtzNUc3ZkhpWTJSTGxPUUh5Qk85RHA5SHRHclI4WlVtTWNBbGU5LVVK?oc=5","Dawn","Pakistan","1783855852000"
"Iran's media: Revolutionary Guard defenses are responding to an enemy cruise missile near Khorramabad in Lorestan province in western Iran","https://news.google.com/rss/articles/CBMibkFVX3lxTE45U3N1UUNiYTZKZEs5THZZVWJCZzY5MjJfWlVXa2g1bmprZ29icGpqZVVaRk85RXU1cjdTN3FrOUhxZDVZVGlsRm81V0t2OE11UUUzZk1MWldOb0dqYTJ2cjdsZ3JKNnBHTDJDMGp3?oc=5","CGTN","China","1783854162000"
"Lindsey Graham Dies at 71, US-Iran Strikes Ratchet Up Tensions","https://news.google.com/rss/articles/CBMirgFBVV95cUxPZ05LMUN6M1dHeWg5bF9tVjdrTWptRGhYX1I2Z1hZV25DY2V2NzBXUFdpNjVRSkJvd2llSDZ0QmYyREt1RFFjS05NZmd6dndrbE96MGQ3TXhKN3pYbXJBMFNqTDZpaDdnQ2szSHp4WmFjZEJQTS1uZi1nMTU3eGloS0lJQ2d3ZkkyeHdEQWpUZXFLQjV1NHZBQWlRMnJ4a2hqYmUzVi1fQjVNbjZ0d3c?oc=5","Bloomberg","Global","1783856930000"
"US attacks Iran over ship being hit in Strait of Hormuz","https://news.google.com/rss/articles/CBMiiAFBVV95cUxPSldFbms3MDl0MnpqeXltYzNzNnRLVlBSRjE0TEtEUWlOeU9RaDdzaFV6djFpMzZJQ0dMQTFvcGREVksyU2pkMVoxSG44YUtxQ0hvX3l3ZlU0RTZNSXRxV0ZoSUdqNFNyZUpSX2VqYnRucVRPaF9hQ2x6UGhuaS0yekJBS0dnVWpo?oc=5","The Independent","UK","1783857240000"
"In rare public rebuke, Oman issues formal protest to Iran over ‘irresponsible’ attacks","https://news.google.com/rss/articles/CBMiyAFBVV95cUxNOE1RYzhJdlVIbzFyU1pTajJhaFhaYnp6TFhPaVFZR1BBT29ZZ2lBVDAtbFMtZEx5Ym1SSDdfVjZtVFJqSXRsNnpnM0FvR3RibWZtTE9mbldJeGM2S3BITVdJUThVUEJoeDY5aGxFa0hRV0RNd0Z1LU8wYnY0UUNXT1NsNWs3VDdHaUFsbmczM0dHMkh6LUlGa0FvTjA3U3F6YkFvZENmcjZheFdGSzBOdHEyWi05SHlLVWY3ZDBIXzNKeEJsRVlMWA?oc=5","The Times of Israel","Israel","1783859236000"
"Donald Trump administration illegally gave Tehran information on Iranian asylum seekers","https://news.google.com/rss/articles/CBMiX0FVX3lxTFBibEZGeGE3YUZpWm54ZzduUV9zaHlUaGNqcklVaU45dEljWTM1WUNHMklzeFJsTE02U21ldWJ0VUJRWHVaUlFDV0FpOHMyMm9hUndxb0hRLTRjdlpYSWNV?oc=5","The Jerusalem Post","Israel","1783859195000"
"Hormuz in the Age of Great Travelers: The Region's High Standing","https://news.google.com/rss/articles/CBMilgFBVV95cUxNZkF2WjYtWFJZSFhVNHlUVGdqVmNsNENjNDJlUThtbG9qNjN2dHg3ZkMzSUVyVmIya0IxVTcxbUN3OThyMVFPRlhadUtIYm1TWTlzbWM3MEU1NjVfSlZfZEdQb1Nta2xqbEg5cDFrMGRrU19rTE1uWnlKbnhGODZsbEEwMUtsUF9scHczLUJtMXVoU214alE?oc=5","Asharq Al-Awsat","Arab","1783859065000"
"CNN, citing tracking data: Shipping traffic through the Strait of Hormuz has declined significantly after Iran announced the closure of the strait.","https://news.google.com/rss/articles/CBMibkFVX3lxTE1leTdRdE83SEJDY0FWVU0xNUctczJjNkxDTTV2UUpTc3VKUWphQ0puTy13UWRseTRQV1h5QVozaWlKVi1ncWgyNUNPWlZhS1VyWHpGRkVfUDdYdTFZTEVkUldEMUI1am95TG9WdmZB?oc=5","CGTN","China","1783856754000"
"Iran’s response to fresh US aggression signals no red lines in defending national security, strategic interests","https://news.google.com/rss/articles/CBMi1gFBVV95cUxPNkZtcDJwWG5oa2Q0eXhkNFY3dUdidFNpcllIaFd0aHd3X3R3S2VuNmpkaVVCdjlGSU9pbXZUU2dqU0Q3WmJBbDFjZVgyM2hZQWtKZ1JjT0QwSHl5UjZydFBtYzJvWHJUakd2R3ZELXFLeF9UVmZHWFFpUXczOUlDUjVUZ1RRTC1lTUNyQjAtTEhaR2ZxZ0Fwa1EtRS14aGx4S1pWUjk3YXhEcnVzNmlQd2hWWVBDNXNmYzA3SzI4WnpnNF82QmhhXy1XNV9maUNlQUZvTk9R?oc=5","Press TV","Iran","1783860480000"
"‘Traffic is flowing’: US insists Strait of Hormuz is open to all after Iran claimed to close it","https://news.google.com/rss/articles/CBMi1AFBVV95cUxQc2hsYnY5eGtpb3pSMDVSLUxfcTBScHJUNE1KVWZabWtPT09Ednc3TEE0cnd2bEVSNTJSVWFBUnJHemszTFhjQXgxQlFSUmdlYXpXZk05WUJmc3BLblRORUV2QkFjZUFUaDNzZWxPbEFKOGhMalNHNW9SNHF4Zk5acXVNeGUySnIyRVBMR0xtVWxtU0RzTW1PY1kzbWtQbkxhTndSbVZhQl82LThyRDRCRjlYTlVNMXFQTlBicGRETV9CVnFxakt6d2V2QUk0dHNqWWVyNw?oc=5","The Times of Israel","Israel","1783860138000"
"CBS, citing a US official: No major damage was sustained at Prince Hassan Air Base in Jordan as a result of the Iranian attack.","https://news.google.com/rss/articles/CBMibkFVX3lxTFBIOVRjRTZwWEFkU1FieUM4cDV4Zy1JTlJoYVo0eWlraXRnbkw0bl9IOERnRXBrTFhpSFpoZkc3elFXYjlvU0VlZHh6Mm1WRldyVU1LMEx0c0E2RWFid3NsTDFEQzhPNEtRYndBZ0Vn?oc=5","CGTN","China","1783858048000"
"UAE denounces Iran attacks; pledges solidarity with neighbouring nations","https://news.google.com/rss/articles/CBMiqAFBVV95cUxPX1p0RGhueEs0Z2dHYk85LWZ6Q3FKd3BIZ1VmWXJKaFktajR5RWZMSFY0eXhxSFlQekNieHdET1AtOU9jUDNFeEVURmRYRzhYWkQ0QlpBWmtLazJiRXZaQVliMHdNOC1nQ2FkOEdBRGZ1c2tkZ3ZKc2dLS1JsX2R2OW9GVDdkXzZUbEVLUTVRRTZraW1PdXIzZlNvM3o1Y3lfX0dZWmtmOHg?oc=5","Dawn","Pakistan","1783857792000"
"Senator Lindsey Graham Dies at 71, US-Iran Attacks Escalate","https://news.google.com/rss/articles/CBMiqgFBVV95cUxNb1VHM3NncHh4clpvWWlyZ1ZlR05sUS1ISThoOWM0Y0tXMUtYZC1IWVgwaTVfcTY2X2hGMmlUcWJFX01KMl9fdDRmTmNramVGVGx6WnRfeVR4UnZIR1NyMzV0VDUzR2o3SE9rcjZJVEZmeU5NdGtLMVJaNUxJWjNCZ3hhbHBlN2lodlV3RWZIaWZ3OXkyWERLT0xlME44ZFBLOVlsbzBPMThmZw?oc=5","Bloomberg","Global","1783860297000"
"Gulf bourses subdued as US and Iran exchange strikes","https://news.google.com/rss/articles/CBMioAFBVV95cUxPU1pXOXRCNmZyZWlJV04zUzZFZmtwSG01b1IwN3VENmRyaTRoOThIR3hHbmJVTWNpU1NVTVNtRUMzTmNWXzg1WGdfeEFnZUNEQ3BUdUwyTVdickl6aFdqRzRUOHJ2VXA4Wk9oazhIdnFoczZwa2Jld1hPOEZIRlprYk9SWndKdEU3Z3RTSWhSZWF5MnZYRzNxWVEtRUlpakhU?oc=5","Reuters","Global","1783861633000"
"Iranian newspaper publishes list of ‘revenge’ targets","https://news.google.com/rss/articles/CBMioAFBVV95cUxNWUxhRGJUMFlxd09FZkdPV25UaWFWT1VrRXhpSkdEbHdZeGlocEpUcEp5T1JaY0FjeTlRazQyTUE5eHFHZDZPZG5PTlMwUUxqZ0Nqb0Y4dzhkUDlCSEdKU2V3ejNkZm0zdzdtSldqSTlFOHpFN1I0eHpaSkl3VEVHY1paLVM2UEg0NnNxRTI0WWMyWjd2ekRNYkE2ZmZnWWRZ?oc=5","The Telegraph","UK","1783861440000"
"Iran renews stikes agaisnt Middle East neighbors, Qatar, Oman, UAE","https://news.google.com/rss/articles/CBMiakFVX3lxTE5jUVRCVnJ1ZmE2cGJ2SVo2YnpYZUJaTUVMNC1sX0JSZlNmRFJzbHNmZXhjWTVWWmRiRDRjYTl4b2I5RXZFVy13Wm8teEJYS293ajNqZFBrdDJhUW1FMU44YlhuZG4xdGY5NWc?oc=5","The Jerusalem Post","Israel","1783862569000"
"Strait of Hormuz open to commercial traffic, US President Donald Trump says","https://news.google.com/rss/articles/CBMiakFVX3lxTE53U05vWTRNWjlUSUNlakhJcVFveFJqTUJ3NndwNmJXc2oyM1RFN3BBM1g4Yl9wcVFMT3U0ZkV1MlNWWnVqeEtjS2dTUXJKRHZIT2VCY0IxZ0t1REdQcGY0djFkdkZjXzhnUVE?oc=5","The Jerusalem Post","Israel","1783864149000"
"After US policy whiplash, Iran sets the rules in Strait of Hormuz","https://news.google.com/rss/articles/CBMikAFBVV95cUxPT21YdXJidlJhOTBjXzAyeW54QllLQXVsOVV1b2xXNE5VdzE5VmV6UlV2VnZBc2JyUU1TcDBxb1hFSGxBUmhSNW5MS1VRaXRYVnVMV0dpR1FUNVdPaUFzcHZ0UUFiYnRwYkpUOHFWUGZTMHFMb0hwNW5IMnNXXzhPcDNUemNXX0lxMW9OOUs3MlU?oc=5","Press TV","Iran","1783864020000"
"Strait of Hormuz closed to all transit over ‘illegal’ US military movements: Persian Gulf authority","https://news.google.com/rss/articles/CBMiekFVX3lxTFBvT3FvS1BxNDFSRDd6VklJUmQyZWlTRXVwSTNLOU5IUTlhcVNJTjRHLW84NDhlUkkxeExFUjFCWXIza2t4b3I2dnZ3b1BYdUV6X1Y0NjBoU0FMQ1B3bnN4aW4zckZZVkEzZWZ4QWs0VkxSOXR2VG4zY0tB?oc=5","Press TV","Iran","1783863780000"
"Urgent: Iranian authorities say passage through Strait of Hormuz currently not possible","https://news.google.com/rss/articles/CBMifEFVX3lxTE40em1kZExkXzlVWHZuT2RZN3hRUjJ1VWFYLXNJMUVwZEp6THpQcXJ3RUl6d3RobW12WU5pbTRMNU43NldvcGFSdW9WSkFEN3h5cDQxR3pxLXVmVm83b3hNdUljUkV3WGZGQS1NVFc5V2FESTRwRnBfbUZyZWQ?oc=5","Xinhua","China","1783863000000"
"Trump says Strait of Hormuz open to commercial traffic","https://news.google.com/rss/articles/CBMikgFBVV95cUxQUjhUWV9NclVyRmNnMV9mTnloc1JPQm03ZU1jYjEwR1k1MWRxSW1QbU9Zeks1QkRSd1NHaDdPeGs2eE53NkptMHdzMXZLMFVFb2FWNE9DWDF0VjlweEZPLUJYRGpyaVgyZjRZdENVMnJpTUxrQmc0b08wRVUwV1ZxTzBXa2JPRENERGhtWU16cnAwZw?oc=5","Dawn","Pakistan","1783862953000"
"US military says 'traffic is flowing' in Strait of Hormuz","https://news.google.com/rss/articles/CBMikwFBVV95cUxQa3ZmVlpHWVRuc2x2dS03QmVyekZQRDkxd25QMzl1NWNpcDV1d2RlanpBdWJpVWdJVFlYNzFmcVFNemlfTUZvTzM0MlB0VmdYUHY5cTFxcDlIUW5Ob2V6Y0xrM2xtLUtMR1JNWEl1SHdwdHBmME5VMUd4dnBFZjlqQ1FWUkI3UDMwaURHSjlhcGZSMDQ?oc=5","Dawn","Pakistan","1783862795000"
"Hormuz transit 'currently not possible' due to US military operations, regulating agency says","https://news.google.com/rss/articles/CBMiwgFBVV95cUxOZ0hhSkNyaXFWdEVVbmRLOW12VjkzX1Vqa29hSHVFQ1VqT19DQjFWUDVjTVpyeVRTODdwUHpXZkx1N0pYaFRqVThnN0JkMVMwZkl0UTZnaEZTVEgwc2k0OUJlODJfRUJmc0daalNoUFlkTWhiOVR6MVZnM1RLdXVjeXV2R2p6M1UwU1hKOGJ6QUpSMHUxSTlGcUEydmJEZ0FxVE5EUFVCS1hmaDdEcHVWU0QxYkNoem8yakZVUEktc1lqUQ?oc=5","Dawn","Pakistan","1783861744000"
"Trump says Strait of Hormuz open to commercial traffic","https://news.google.com/rss/articles/CBMiogFBVV95cUxNM04zYVJRb2pfTkwzT0lIUm8wWHpKRkc4WE9TazFxdGQ4RktValc5UXhBbmM3ZGlHaFNBZm5MVDI4a3dDMG8zX2pza3NSb2o5dS1RYVNLUzFhd0wtOFZucWdhcHMzZFgyRWRaNUJUOUJ6VXp2ZEl4NXFmeXFiRWQzZDNQbWFqRDRpVnZXNmNwWmQ0a3RMeDRkTUQ0NkZXUUhZUHc?oc=5","Reuters","Global","1783863009000"
"Iran aims to cripple US navy supply in wave of air strikes across Gulf","https://news.google.com/rss/articles/CBMiqwFBVV95cUxOLXVaQm5sWFREcklyMWtpM05aV2JUSHZoOXRQWUVickNaMFlrT200ZUlsc0RlbWN4MmxqS29kNVhzQy16anJwTHdMQUxpaWJXaGJaX2t1Z0xRTlJBeWJEY2RCRk5JQ0pvTWN5a293eEI4dWVyOEtxdW91RnJYV0J1MkJrVkFuRndWRUdtdjdvTEFrd3VRRjFqckZoaTMyZ0Vad1Rzcmt4NkRINDQ?oc=5","The Telegraph","UK","1783865040000"
"Trump Remembers Lindsey Graham, US-Iran Trade Strikes, More","https://news.google.com/rss/articles/CBMiqAFBVV95cUxQS2JFV3F4bkNFazRfb2pXcFBmTzk4LVM4eS1xNU9scTZxVzhLdkNhUi1DZ0pvaWM1RkJsZnc5SFFyaTU1S3NJand1RWlCRTIyOUhKVzdIQ1loVGNEYUlGcE0wRC0tWmVyMDZrTnRCdEJWYnNJRUl5RGVYT0NxSURtWXRsT0lkcUhCYnRDSmlxb1B6VGNGNVlDcGlucXRCOFVwY0xpRjhUNUk?oc=5","Bloomberg","Global","1783866400000"
"Defiant Sen. Lindsey Graham laughed off Iran putting bullseye on his head days before his death","https://news.google.com/rss/articles/CBMizgFBVV95cUxPdXZRalBwYVZjS0gwQ3ZMUHBsTl9FZkh5WlpDNzVKRnFrczY4RFRfTmZ0eWJnbVhfUXRUX19VTmRFdlViMHdiMFhPS2lUcjZIMzdqYkoxcTgwNUNyb2FhaG9nUWJoeFg5QzBqZHJyMXVzSDZpZldnU1F1NnlUVXQzQnY4YlNWOWpVVHpiSnV2eWhlN0NrX0c3emhJUnFYU2R1THRtTkJuOXR3OFB6VmVWeVZvRDVPSFEyU21sSXhhY29XSklzdTVQN1R4TDBBQQ?oc=5","New York Post","US","1783865400000"
"Iran FM expresses condolences over death of former Emir of Qatar, Sheikh Hamad","https://news.google.com/rss/articles/CBMifEFVX3lxTE9OTHZMbmpjdDZycEdZN1Z6aWlxX3VaV2h3RDJ5UHp1NHgzTEpkcGJYbHF1NzFhRjdONWRxVmxfc25oMlFMN3ZyaVR3MWNQU0dfLXdFblRTTHdiQ0JVRmstWlhzYld2YTFiY0w5V0ptclctby1WLUZQTjB5S0M?oc=5","Press TV","Iran","1783865637000"
"Oman summons Iranian ambassador over drone attacks","https://news.google.com/rss/articles/CBMifEFVX3lxTE9paDh4ZGItYmdZYUxrZ216R1RJdVpjR1RTOUU1N2t2UzhLWFd3dEg5ZE8tVHM1UWozcm5tTTA1ZjZCS3pubGFmd04zSW9nVjJJSkdZN1k0SFBEZFBHSjZTTVp6WXVYX25OZ0pVYXUxNVIxMUlLOEFYSGpqSFA?oc=5","Xinhua","China","1783865610000"
"US, Iran exchange fresh strikes as tensions escalate","https://news.google.com/rss/articles/CBMirAFBVV95cUxOdWhIbm5pRTVxVjRzYmk0ZzJOOURzMmNKQ0tDdGZHZGwzRUtHOEExNHZIc2FHS2FwVnlucGs3RFM5dUFQOEQ1dDhHdHhsdE1BSUJTcDFWYWt4M0laSjh3eGRUcG9TeWt2Zjg0RmNYLUxwSDZWRmtTS0tzOXU1bmU1TDk2ZUE4MlI4LUJGWVdWc1ZoVzNpM1Z1S2xTVUhyLWJIMnlRZTB6ZG5neTZX?oc=5","CGTN","China","1783865436000"
"Trump says US hit Iran ‘very hard’ in latest strikes","https://news.google.com/rss/articles/CBMinAFBVV95cUxPQkY2ejR5SkduMmVnMVprRVBDYTlDMWhWS1pvNlJmU0h3WWFuUlFwR2Vjd1RDNUg3bkEyelRtRmIxQ1E0clJzcGcxbHZUYjhaUmtDWGJXazdtNGFNcDQ4azNJYVFpVzBQMk9BREhwWFRibU5YbGFLTEpSU0hjcm5aU2ZxWFltemlEZ1otaDFheUlRc2VkaHZtWmQ3bFA?oc=5","The Times of Israel","Israel","1783865155000"
"Trump says US hit Iran 'very hard' in latest attacks","https://news.google.com/rss/articles/CBMijAFBVV95cUxPR0JKdXA5eVpsNGhVSVpuOFNkdnJGbUF1ZGFaRUM3bnFyYUFkWTRiMGtYYVpLZHlUSXNoUDNPTkhQQ0I0YTVHcUx0WEh5MHFaVUdYeUN6T3VZQTd0NmJPRmc3TVpaV3NnandFamFyZE5XY0xBS3MxYkdDdElnc2l4UVRGTExWNFF0M044bQ?oc=5","Dawn","Pakistan","1783864847000"
"Strait of Hormuz closed to all transit over ‘illegal’ US military movements: Persian Gulf authority","https://news.google.com/rss/articles/CBMidEFVX3lxTFBvRC14WlVEUGx0b3BXYjNWZUxzVEQzMlRfNkZpTndjZlFENnIyNlhLNkZlSlRnR0drLUl0bjJES0hYRHVwcHR5NnNXNVVVN1hlbTVNc0twTkxDSk1ORy1ZYUlvczlRbWlQLWZfSkh1TENRU3N6?oc=5","Press TV","Iran","1783863888000"
"Iran says Hormuz Strait's management arrangements must be made in consultations with Oman","https://news.google.com/rss/articles/CBMifEFVX3lxTFAxMW96b205Sk5QY2Z2VDFBTm9RbVptakh4bW1PYlVPNHVacjc5bTVkZ0hBemU5dElGUjk2TW9DRV9pQURNUXE3Yl9KZWhqTEIxbHVuUHFlbTZwLU9hanhfdy1XYngwdVhLSDRfamN0MFpTTzJKcVhrai1QblM?oc=5","Xinhua","China","1783863075000"
"Iran boasts tripled drone production as faction reportedly opposes US deal","https://news.google.com/rss/articles/CBMiakFVX3lxTE5mTXFqN1JkbURBTXNQckt4T1hlLTBxSlB5MllMdjYxa2h6WjZfd29GU2pXRkp6VGJpTDFETk40d3U0dTNvOEw1TEtOWVV0b3g1dDJTTW9xUkYzSmtQa2hVOGRHVjZ4MlZmTmc?oc=5","The Jerusalem Post","Israel","1783867500000"
"President Pezeshkian hails Iran's physics Olympiad team after outstanding performance","https://news.google.com/rss/articles/CBMixAFBVV95cUxQZml3Q3VKUHFMeXRNRk84Z1NWS1NRMTh2alFoM1ZEQkhYNUNtcm02Tk9yX1NkakkyaWhqUC04QzdZR0dVUTBLUmwtbERDbHF3N2szLWtCYUtUNE93TjVVc3BOcGxjOWE3ZHMzc0tpbW5LWW9sWXBJdUdMU1VaR1Q5akdRTlNPU0I2YjFaSmh3REkzVnF6NjNmU0ZyQkRHYWxjeGVqY1RPNFpTcHZNNmlHSHp1U3lDQzVDWTVzZW1ZaDJQU0FT?oc=5","Press TV","Iran","1783867500000"
"Death of a warmonger: Lindsey Graham, hawkish US senator who plotted Iran’s fall, meets his end","https://news.google.com/rss/articles/CBMi3AFBVV95cUxQeFBJVlEtNWJEemI3bUdoNTh4UWxGS3JJUnF5QWt0ZVhkUzBTRmFMMGRvWXRucFVpNGYzejVoMG00ZjhVSklna0xnTFJaZkdSdVZGSmpsalpDbk9sb255N1daSGtzS1dfaUhITE9fSnlOX0tMcVZ4QmdYUV9tVFJkMGRFNWQ2cEpxUTBRV1A3S3FrcmRLSXBvenRxYktnVXBBdTlxYWpyZ2g1UVJZNk5NSUtlOHZfWE9RWVpwWlI4bDZGX1lTX0dIZm11azN2eW1kc1Z6LUVNcldxZGh4?oc=5","Press TV","Iran","1783867260000"
"Trump: ‘Sick’ Iran agreed to a deal yesterday before targeting ship in Hormuz","https://news.google.com/rss/articles/CBMivAFBVV95cUxPVkc1dDVfN240cjQzb2pLdXota1pNUUxPVE5XY2E4SFhua1hHbkxKaWtRYXVqcE03cEJoLVBsMS1BMGJnajNrUVVST0VxNUQ5ZmdRaWpEempTOC1xcjIyY3V0SkFlZzQzODhkMURZNVNyX09YSjdJR19WTHQxTVVJSHhsQ0R5dlZhN1dPQlcxT09YOE8yUGllb1hsejZxek5qV0FXZGJNSEFpWEg3dm0xRTNSY29TOFFRNnpCbA?oc=5","The Times of Israel","Israel","1783867038000"
"Netanyahu: Sen. Graham urged me to strike Iran; Trump should have opportunity to pursue diplomacy with Iran","https://news.google.com/rss/articles/CBMi5AFBVV95cUxPSlNnSDE2TkVRRGRHN1ZPU1l4bXFsd1RZWWRKSE1KNndEYUppSE1Vc1hOSmJBUW9KQ05LRWdvS0JCVnNSWmNBUkRic2RzcFlaUElCNFlTTjhpMjFDamFYUmJqY2VNS1NzOUZadFF3NTF4RjVWRTViaHlfSFlFNEkyLWlVZ2VCcXZQTTBOTm5Ka1FrRXN2MHQzdThDNUNsclk1YkdKYUlDbWw4TjVZc09iZ1BLcTZ3dXVueXNWSkVkYUlnc0ZzMEdWNWFJcVJnYUxqaVp1blBlLXhPam5zaGEzWVJveXI?oc=5","The Times of Israel","Israel","1783866738000"
"Iran 'should expect' US to respond to attacks: US ambassador to Nato","https://news.google.com/rss/articles/CBMioAFBVV95cUxQdkVjNGh1V29XcTZCT21TdEpHdUJjVXMyU3E4THl5bjdWZ0lITEtrMVA5VGVDWVJRaHcxakpFRHA2OWtyMGFVQV9zbzZ2d3d6SHdTWC1Oc0h4R2NtcUI5c1pYcHo5YjJjTWgwYnNNWm9yc1dtZUxjU3VxZ2FmbjZPUGZqeG12RXZ3U2FXZ3FDQ2xhUUNhZzNMalFqZTNMWTdy?oc=5","Dawn","Pakistan","1783865410000"
"Iran FM expresses condolences over death of former Emir of Qatar, Sheikh Hamad","https://news.google.com/rss/articles/CBMiggFBVV95cUxQbXF0ZEtEMXJOenBaeGl1MVFfVTFYR0pyazNmeXdobUo1Sm1xVWYxUnRCdER6a1FhT1lOYXRzanhCN3pXcnpucjhydzdxaW9waEp1VldRdkJORnZzTDBNT05fTEVYUmtEdTh3eU9ZaVZJRzFkQ24zUGxqTF9TdjhTWW1n?oc=5","Press TV","Iran","1783865340000"
"Jim Banks honors Lindsey Graham, slams past 'kid gloves' approach to Iran","https://news.google.com/rss/articles/CBMiVkFVX3lxTE1PcC1rM29kNzVYcGRKemNPWkpQTmRZQmtWb2RaNHkwX1YySzAyNDhzeG1WWGdCUWNINVpsbjJEUjcxa0c2SXFuTUF1Qmw4RVZXQXJwLW13?oc=5","Fox News","US","1783867624000"
"US military launches third round of retaliatory strikes against Iran","https://news.google.com/rss/articles/CBMiVkFVX3lxTFBDR2ZOV0drSUhNZHJzY1lEY3UzOE9Icml0M3NyaVlYbTk4c1BDcDlGalNkazg2NjJnUHRETXNKbjc5am82ZXZ1bHYxTHhaSDRUaVMyY2Rn?oc=5","Fox News","US","1783867080000"
"Lindsey Graham Dies at 71, US-Iran Attacks, Hormuz Dispute, More","https://news.google.com/rss/articles/CBMirgFBVV95cUxOT1BENWRkX2F4X2FrUVg1Q1Iwb2VMMlVhT200YXE0NkE5NkRmRXB5R1ExMl81c3Z4NUhrYmJSQkpFcWM0ZS1XSmEyT01vVW1kSnpuZW1FU1hvNE9YblVWa3pibmlrbmxzOXNQc3M1SVl6X3pqRXNhQjJuUTZFQmlwdm1ZX1VEMkZjbVpYbl9pS3EwUlZFWW0zY1h5VFRvVGxjb09fNzkwZjdlSXVwcUE?oc=5","Bloomberg","Global","1783869690000"
"Lindsey Graham dies, Iran strikes and World Cup semis set","https://news.google.com/rss/articles/CBMingFBVV95cUxNUXhfNmVlMUNVcFlBYzVMck55ajZsTGI2X2NDZjZ5ZEQyRTBTWmtWeUtVd2ljRWZvSm5tWm1qR2tDS2RqYzdhZ0ZQWkNlN0tCaTNiakhDcmNpWUNVTHJiejExMVdGU0NlUWp1MU11U2J1VzlodzFYeExWWnl2THNRWm5oemlxaFZOdVJ4UUFYdWZmR0xCNUtrMWZBbEl0dw?oc=5","Reuters","Global","1783868923000"
"Iran bets Trump will blink first","https://news.google.com/rss/articles/CBMicEFVX3lxTE4xaUZid2tPMFhaS3plN3MyWEVmX0d1UGFGZzk5dWxFVkxDbXVvWVFjWnVTdDNxYTVELUt5Z3EtNkxTQjdLNXJnOXAyWklwRDQxQ1NWU3Y1d0hra1FmbWhBRlVjaUttZmtnWS02SkJuZ2s?oc=5","Financial Times","Global","1783868710000"
"Rep. Himes on Iran's nuclear capability: 'It's not dust. This stuff is down there and recoverable.'","https://news.google.com/rss/articles/CBMihAFBVV95cUxNMkpEWl9MaFN1SGY5eXowSlRhWXhYZ3ppaTZwWm9uYmpDNzg4MjlBRy0tYTgtLVZraUpoN1pRSTkzVXZNWkJLbEM2dWV4cTJGSXVqc2RObThlR01oeHUzNEZPX0pyTGVGeVpyNVhLSTZWZUJ5ZF9KZ05RRnh3UEZBakNmYzc?oc=5","CNN","US","1783869088000"
"Iran FM meets UN special coordinator for Lebanon","https://news.google.com/rss/articles/CBMiigFBVV95cUxNdm1qaGNXaFMzS2hkVFJFdC14SFBEaVM4dHVnclBGZXZuVHphSFdtb1k5NnZOX2stR2J0MXpLaVZacmpSeV9iS2RvTU9mY2h4MmduYk91QlA5OFhMaXNOSzFJdWJMNlZIaFgwX3pwbXJfVmk3Sm9qVzJZMFJ1RzR3OUdQckhIUXU5TUE?oc=5","Dawn","Pakistan","1783869923000"
"GCC Sec-Gen Condemns Iran's Continued Destabilizing Behavior, Repeated Attacks on Member States","https://news.google.com/rss/articles/CBMiwAFBVV95cUxNUlVfMDEzSU5NaHY0N1FZOGR4OGd0UTM1a0RRbkIyUnlwZm9oOTdBVy1Sd3k4YnBPRXVJVEJ1VHZrTzdaZnVzYTdIdFpwRUFhYW1EcXJ0eUN6Ml9aU2ZZeDBFR1Z6LURWRGRCdVpXb3BFMUFoMG1Zd3Z5UnFQSGlzT1JRbElsMFRmUkJ2WkdBZXBISzNzYmlRcjF5YldRX3RDS3pxbzVfMVZOWjJFQ0l2LU1TNVNkYXNPUGFiZmcwd3A?oc=5","Asharq Al-Awsat","Arab","1783868853000"
"Head of Iraq’s Badr Organization: Imam Khamenei inspired unity, resistance across region","https://news.google.com/rss/articles/CBMipAFBVV95cUxPcUo3OW1oYVRTOE1RLTlUcG44SVhMVmw5Yl9DYkRudGZ0cEZtVkdnMVFuNTB1enNLMTlJeEl2SVFxWS1zTkdxTXJWeXVWSEZFLWJOZU1CNlpuZnhHazY3WW0weUhMM1BRajMxVGczcmZoVDU5dGxOZU80OG1fVjZ3X0p4TXQ4RTc5MlNNMGp2ZlRXYlpUaXpxQUNiSG5JejhYanppdQ?oc=5","Press TV","Iran","1783868520000"
"Iran exercises right to self-defense under UN Charter: Analyst","https://news.google.com/rss/articles/CBMitAFBVV95cUxNYkNUdHNuZUVST3JsVkdIVEV4MzlzT2pVVDJhelRBcEtKMlB3OGdFN25fa2l2YkhqRk42aWd2OExlLVN3RjNidnlYT1Bqd2NXdWdvWFJ3TnJKdWRxZjVCaUVYS2djWXloNDBZV0t3ckhtSG1fUjI1RUh1WWJvaWhLWTRoTW9NVndrQUg4dGtDTHZfcGVWa1o0UlYtQTNaR1ppc0g3OFBOZWJPYnpxQVZBOWhKVEs?oc=5","Press TV","Iran","1783868520000"
"Death of a warmonger: Lindsey Graham, hawkish US senator who plotted Iran’s fall, meets his end","https://news.google.com/rss/articles/CBMi1wFBVV95cUxNOHB6R3ZpcXhPQnVqSGRhMXdhZm1OME42TklSU2tpMGFrZjNRaTFPRG54OUE0dW5XZ1N5aVY2Sk92eXY2T3ZhaERrd3A3RzV4d01rTTN3ZW9XZGFJeklKT1BYYmhxUGRWQ285RjhORmhQZHF6TWVET19iT2dIelNLNlpqVzVxd1N2cEdZelJPOUV3azNXdTB5YVI1XzRWeVdrcjJURFlGT2x1NkZaNHJCVjlXRHQ3VkRHZk95WGtxQndmbUJNUDVBaHRseHpVdnFPdUN6bjFPYw?oc=5","Press TV","Iran","1783867505000"
"Iranian ballistic missiles target US base in Kuwait","https://news.google.com/rss/articles/CBMiXEFVX3lxTFA4LVdYR2lSWHF2cWUtSzUwOVdTR2dzcjZyLXpIS3JSYkl2d1hjU3pieDAzLWpadHhvTVlTSzJ5b1g1N1V4dmY4ZzJNdHdFMDVuUllSa0N0d3JycUct?oc=5","The Jerusalem Post","Israel","1783871655000"
"Bahrain says intercepted Iranian missile, drone attacks","https://news.google.com/rss/articles/CBMifEFVX3lxTE9GNGVtUkVWOGRTQUFkUmhzSlpWbjNiZnhmb1NEOE1UWkhwNFN4ak9mY3BuUmxmbmg5Z09BNlZLMnpPN1p1RDZpLW1sZzhtdzhrWTRjZTlXeXEwLUwzdlp5dmtQRVJYekF5SGktZlJOZENwWG1YVkVPcU9SSTQ?oc=5","Xinhua","China","1783871625000"
"1st LD Writethru: Iranian authorities say passage through Hormuz Strait currently not possible","https://news.google.com/rss/articles/CBMifEFVX3lxTE5UblhqSmxOeUVNVHZJbC1VaWkxNVVHckZZT2c5a2UtZ0lXYlp4aUIzcWp3c3FrZWlaQ0VlUFU3OFIyUFBnU29ZM3JzOVBZaWY1QXNoekc5QVJHWUtQdWxCNE54OHF6cWs5UkxVRlh0SVIydDlRU2JCQlFfS1E?oc=5","Xinhua","China","1783871235000"
"Pakistan expresses concern over rising U.S.-Iran tensions, urges restraint","https://news.google.com/rss/articles/CBMifEFVX3lxTFBlcVg0ZG1YTmozTG91RXdLMURqeUZiZFB4SDZXU1BLdURWZEZtWXdmSEZubHBLdXpwV1A0NUh6aEp6RnZqQ0JOWkE0cTU5V2NaT3ViU3B3cFNkSzJjOUxsMHhZazQ3Yk9HMVBRU2RaSDhvSGllUEs3OElRY1I?oc=5","Xinhua","China","1783870425000"
"Iran attacks Jordan, Kuwait, Oman, and Qatar with drones and missiles after US strikes","https://news.google.com/rss/articles/CBMitAFBVV95cUxPclE5MjB0WjFNR21TQWZ6RHl5RnktVUVLaTFyNlFlOFVxWVoyYmVONnFxeUJNZ2U2U2FVU2RxVGtUX3kxNlhaTDhtYUp4alpQY0xldUJjdzIwb0FtakxUWHpuckVGaDdrWThJam95QzA1U0dpeWNRZ3JGdE1FcFNjbWZSMHZkM1htUVFjeDVVNVRBU3dGSUU0SjdfUDE0SkVKcVhHOWxRVndkNDhyNGZSN09RcTPSAboBQVVfeXFMT00wS2xJMHFOSDM5UHJWbi1Oem43R2M3Ni1ZcUw0ZFlKRzJENm9JME1kMy1tdTFyWlk4WG0tYTBoNDRQSEcyNTZMVWFOb2RFdm9EdG5HazFLNUxFVlFXdHN5R21hYno3Vkx6ZHd1Q3RST09qaUlDenpvbW0tSkMxNS1ZdVc4ZnNyTzlyZXVKd0lBQ0VLQ2ZJejhOWnFvMXVTaVRMNnkwLXdVNjdiakMxNGJ4TzRFTlBDeS1R?oc=5","The Times of Israel","Israel","1783870038000"
"Lindsey Graham dies, Iran strikes and World Cup semis set","https://news.google.com/rss/articles/CBMiiwFBVV95cUxQbG9XM1E3a2Vka21OMmxUNHFwM29SMFJxTTBiNm1TMkhsSzJPbUx2bHlFQ0RSN0g0LV9ZUUg1WS1NSnlWWFR4aTJrMjR0Z29ySVpHZ3RqQzhWajIyazNkbkRsLWpROV83bnZMaUFlUHdONFlYUE1yRDBzVXVJQUsyVnY0c0pieHVpWm44?oc=5","Reuters","Global","1783868700000"
"NATO Amb. Whitaker: ""Iran cannot terrorize commercial vessels transiting the Strait.""","https://news.google.com/rss/articles/CBMifEFVX3lxTE1HTUFLZTJYc0dOZXA2YXphalF0RmdzbUwtZXNfUnBjZXI3NEFHT1FtdF9UcXdNLVFTVXRBR0VQa0xhc1ZCajB3VlpET0JIYl9UdHMxMFR1cW5Dejg4SURBeGhuQlVuQkVDc3o5LWY5YWNnY3VwSkpBZmtsRWY?oc=5","CNN","US","1783871340000"
"Trump says Iran ‘gave up everything’ after backing out of an agreed deal","https://news.google.com/rss/articles/CBMilwFBVV95cUxQN1pnUk1GdVdwNG9TN2piRlZ1RkFFQ3ZWTzl5NlZVQ1dCeGFkZzVFcjRaTENzdE1zLVo1TmtIUEt5bUFLVVFNclBiTURmWGtkUG1hVnNFN25taDlOdGVxZFpCUTVaRXZKcGpTbFpFX2steC03UVpsaU5jdmQ0ZDUwQWEyMXpiZUJQeXNqNzNuZzBYMjdrWlZJ?oc=5","The Independent","UK","1783870800000"
"CENTCOM launches another round of Iran strikes amid Strait of Hormuz attacks","https://news.google.com/rss/articles/CBMiVkFVX3lxTE13d3I1dm96RjJSSTR3ZVNPaUJwZTVHRTQyY292Q3QxcXltVTI1cHU3ak9MeDBzU1FNYnl2UmZrSDNDWkx4Q3E5eV9NY0szc1RFMGczdmRB?oc=5","Fox News","US","1783870198000"
"Iranian media: Explosions heard near Bandar Abbas, around Qeshm Island","https://news.google.com/rss/articles/CBMitAFBVV95cUxNTmllbVQ2S3kydHNiRFp4V1pwREZreERQUmFtQXROMzNMV1hMU3ZicDJFek16aWVTZkVBaUZWYXhJUVlXUUZ4T2gxemJ5Ql94SjB1ekN6cjdHSzBqeHhRN3Vscmw1TDhTc09EYzM0aVprQ0pyWkVUWWN2UnZNNGthSTlDRnpXeHdhM04tYmdFVEJ5OWtmcHlVejJsS0hSNDZPT2c2UlFXWXlEdm1JT180YmxDTjI?oc=5","The Times of Israel","Israel","1783872738000"
"Imam Khamenei turned crises into strategic strength: Ammar Al‑Hakim","https://news.google.com/rss/articles/CBMioAFBVV95cUxOME9SYTZfN1haeXIwQmw1ZG95bTlfckt0cXljbEZCQUVKbzB3VkhQcDVfS3hrY1NrVzdudGFGd3VoMlk4MGVLRXUyN09kbVI3am5qU0p3SkdZU2s5bUsyckhodEVwaGt5VFc3cUU2NlpxaGRPRGVkR0JNaEF1ajZ3dkVTSW10c0RVRjB3emhCUVpFNkctRlFWRnkzZDRWcmtD?oc=5","Press TV","Iran","1783872720000"
"Urgent: Explosions heard in S. Iran -- report","https://news.google.com/rss/articles/CBMifEFVX3lxTE9RRDVTX29uVW5YMTBDMVUwUDIwMHlucWh1QUtsVXNLa3lIUk5GdTI2ejExR3dFODlhUWpXXzdnTmJDaDA0djFwdUswWE1wYktHbFYwWFRXeUljWnlWRGcyZVcyRW1RUFNwWU5RT2lNRThHalFISlE2YWlHbFg?oc=5","Xinhua","China","1783872450000"
"Tehran says Strait of Hormuz shut as US launches fresh strikes on Iran; Gulf states hit","https://news.google.com/rss/articles/CBMiSEFVX3lxTE9yWkZObzZ4WDhlRDNnZ2ZzdF9peWVZYUhzRlFNSE5laWptWEQzZThYVDNzb0l3enZiMkZ4Tm15My1MSmpvN1hLQw?oc=5","Dawn","Pakistan","1783870874000"
"US hit Iranian air defense systems, IRGC small speedboats in Strait of Hormuz — Axios","https://news.google.com/rss/articles/CBMixwFBVV95cUxNUUVnSFhCYUF3YzRSaXozS2ZwMFhtVXhuSXFCRGZrdW5sbUFwY3o0eUVzeDNoc0d0RXpVZ1kxekhKS1V1QUxFUXpxN0FFc2FjMHhxZUhwYS1qeXlRVjJxSUoyZ25DdGRPR3M3SDZKQVdpSTdtQnZ5em5lZmVZLVo3Zlh4M0lBblZnTXRqRzBZTm94WHZyX0swZjctTnZWMFBOckVTSjdNaHRyM1BKSDVIQXZiVHdUbWtscmRWVmlESk5WZGlXZnY4?oc=5","The Times of Israel","Israel","1783875438000"
"Yemen reaffirms support for Iran, says US-Israeli aggression will fail","https://news.google.com/rss/articles/CBMiwAFBVV95cUxOa0h1NU4yVWwzejhQWG1qdFJSR2Y5ZWoyUFc3RVNFV0ZUMnJ6aHlfaExkLTUxQmoyQUVKeGpoWFozREJsdGZsY1lvMUo3bElEX0d6bmxIWFhPY1lFU1B5bXQ4cHM1OXJ5YktPSlNMbkZLb3ZhTktNYWlMRmZGbldhWGh6VVAyVG1hY1VOYjZqLUduTHhDaWRndldlUTlDX3RJNm1FZmwzdFNMbnJLMl9WNU1wVWJ1U1h2cG91Ump6THc?oc=5","Press TV","Iran","1783875120000"
"Fresh U.S.-Iran clashes spark regional concerns, calls for de-escalation","https://news.google.com/rss/articles/CBMifEFVX3lxTE0zRFZDVnZQR1ZnNWZ0UmxlUzZrT2xnNEFwZTdFM0laVkhJSzR1aFZkc2F1a0piV2U1S3VDUEJZS3RxSG44R1BnZHYxa3ZvN0NsdkF1OTZfUjRxYUVVRXpERU9KbENJcTRnNnRVTll4Y05salFIeUx6WmxkVHM?oc=5","Xinhua","China","1783875015000"
"Iran war: US strategic success or diplomatic failure?","https://news.google.com/rss/articles/CBMiowFBVV95cUxON1RLajRNTko5d0dBT2VkRWw2ZENoQmwwSDJNRS1wczB5cnhJSEZBTFdDREJaTThVN1cyMUthUnhFU2dIa3Y5UzhLVmhlUEJFd1M4VWd2dlFsQXVMNk9Ya0c0YzN6ZHh1RFpGejg4V191ZEVrbENOZkktRldtWVk4SWt5R2hDck4wZDBxS1JxZ3piaHUxaHVPV2pRZlNvNVhHRlhZ0gGoAUFVX3lxTFBHdThneXZZb2xVNzNWMW5uMUc5WXZ6eUp6QU9saFVvdXJtRTRMUDd5bGhjOW5fd21iaWc3WHVkZ2VXVWF5S1RoRjNiM2pOcUJnUkk0OG9iZ0J6RTA2SzVBbWtZdUprMXZZOXAzY3VWREdfR2RVT284Rk1KZ2I5MjhRVWt5NS04dVFwRU1BOHc0bDNwaWpHY1oyMzdLNVdySHRiYzcwc2tVcg?oc=5","Al Jazeera","Arab","1783874337000"
"1st LD: Explosions heard in S. Iran -- media","https://news.google.com/rss/articles/CBMifEFVX3lxTE0yeEpJZWpBWnRJaDJWNWRKSS1TVlR5QXlZdGEtenpBMTRfVDVWbUxuN3lVa2FVWGdHZ0NhZ2FhUktObm56bVJ0OUNpMmtXUkJma3FVTU9lWS1Kb2syVThVR0NRTTQwcjNoUm5aTXpROFlGWVhjQWlVY0VmbTQ?oc=5","Xinhua","China","1783874175000"
"Roundup: Fresh U.S.-Iran clashes spark regional concerns, calls for de-escalation","https://news.google.com/rss/articles/CBMifEFVX3lxTFBSWFo3OFJVd2oza0MzbE1OVXBqcWpWR0QyeFNiOW56bk1namhTTUppcjBXVjBLS1RiY20xaS03UzFIRmhuUXRVb3Eyc3FiYmxkQkVfaFk3SWQ5bWRRQlVQTWgtNEMteFpDalFoZm9kcWFnTzNna2s4X1FMdk8?oc=5","Xinhua","China","1783873920000"
"Managing Strait of Hormuz is Iran’s ‘definitive’ policy: MP","https://news.google.com/rss/articles/CBMijwFBVV95cUxPVkRPNjQtTEFQOUZwYkVuUHM4ODlhUVljX3l2QnVXVHhITnN0QURUaXpxSlNhUGtJTGpISGpCV1hqLVhfQVVoXzFoVzBwSnV2N1pQOXFORkNUVHQ4V0JxS05Yc0VNbGt6cTN6TmZmXzBoZHVaLW5tOFJFb1FBZlZIaEkwZ05ZS2VwOThhNjZiaw?oc=5","Press TV","Iran","1783873800000"
"Explosions reported in Iran's Bandar Abbas, Qeshm Island","https://news.google.com/rss/articles/CBMikgFBVV95cUxQU2k0QXRrWm5YdHN6MGxSRmt1MDNFZktWU0sxYkprT2lBdVo4ZmJ1VnBTZEp4STZJVVBSZXdQdXJtbWNCN1lPM0NWWE1EdzVNUlI5Q3piUm5uVFFZeGJvaU5EaXZ6d0l6aS12bmU4SGVhSU9fMVJkTjBjbnc2WEJLLXl1QUZxakx3azhlSURybGE2UQ?oc=5","Dawn","Pakistan","1783872686000"
"Trump Remembers Lindsey Graham, US-Iran Trade Strikes, More","https://news.google.com/rss/articles/CBMitAFBVV95cUxOMFNOSkJDQ3ZxSGtTRDc5UUM1b3FIblFJMFJtTWhUNlNRTW9lUjlJYVAzTXlPN0RVUHNUdDFpcXdxVTJXbUNzTzlaUXhjSEZCNUpMeW5YMWpDRDk5TDFuN0tmbVdMVEtUSGRvaENMN2FMRXN2dThxMXZVNFB3MXZfdFNNem9qdG5lOEhiMEstSEZjNm0wNFJTRFhPTUJCVmFyeWctX0dxVGxpblRKdHdsSWUyRzQ?oc=5","Bloomberg","Global","1783875419000"
"Iran coach Ghalenoei to remain in charge for Asian Cup challenge","https://news.google.com/rss/articles/CBMipwFBVV95cUxON0xYdkxSNUxRVlZSc0dKMVg2SFpTNHR5QmpMeEFQdUgzdnh0VUFEVUZ2OWJOS3RzREJTdnEtWWxxVG9ad0ZOeWZTTEprMHRSOXRkWFV4cEZ2TVNqQW9RR2ZJQkVCb21TLS1RT0ZhZFp2dXJOZGRFRDUtdFlkTUZtUy15Q1ZBTlRST2hFbE1HelJ0RGgydERDQkMzWVNZejR1OU9PdUgwRQ?oc=5","Reuters","Global","1783875223000"
"US conducts strikes on Iran missile systems around Strait of Hormuz, Axios reports","https://news.google.com/rss/articles/CBMiyAFBVV95cUxPVlFEMTBmd3hvZzZpVnBYcnNnUlBnQW9DRlkydFVqUTM0S3I2emo0TDczX3NJSGNHdXJqZGJreUhDRDhoYnNUck9vRGVpWEVtMGNnNElfY1lzR0NZakdlSWtTZEExQ2YyWFFKWTNhLXpwbk9HRkF6VGs4V0pLTDRRT013Z3dvc1hZVWthV0x6MzFneHlxei1LZWg5NVNKUE1oV2pfTUNlbkIwNU1tVU14MmhXc1Z2VmNNZnR5Q2thYjFDMWRyaUNJbw?oc=5","Reuters","Global","1783874625000"
"Iran's IRNA says 'enemy' launches missiles towards Qeshm Island","https://news.google.com/rss/articles/CBMitAFBVV95cUxQcFNWV2l4NHpONDVaQ0VPNVczX3ZhaHJHS08ycWJvWDhabVJlZDZrQU5rSDZ0bGRNZXhudFVxSDkzQnNoSTZqWkRXd0RrSWNEVGpHMzBVS2J5ZlZXZ0RPeG93ZWF2QjJWY05oV2FlVlFTODJ3dmJOSnVVOFlJSHFLUzdfYXVhY0NDOEdOVXctakZucmJZLUoxVFhuSk9qRGxPX2lMT3lmenA5LXdmTUpaSVhGcTg?oc=5","Reuters","Global","1783873781000"
"Amurka tra ce Hormuz na bude, amma Iran ta ce ta rufe","https://news.google.com/rss/articles/CBMiekFVX3lxTFB3THVodldDN1NKVHk1QmN1bW1KekNpVngtVVVIMGhWUWtSU1U4Qm84b3M3NXFMeWFVQVNOTkpLS05HOURUUUtKLTAycnUwdGY2X3p0RUpoNVhJVDhhS1hiaU4welNUQmozUUp5clVqSWhLT3o1dlZ1V2530gF6QVVfeXFMTkl4WnVmMXVyRzVCeWJIa0ozM3V0bjJyS2ZnRHZJNUpsbFZpNnFlVlExR2RfdVJ5b181X0JCa2ZpajU0WmE0RUZqTDB5WHg5NjRuS1dEbFNnM3RKYzJONWNiZ1ZYZTg4VzN2RVQ5LVRCdV9DMmRMSTF6ZkE?oc=5","DW","Europe","1783877054000"
"The Guardian view on Trump and Tehran: everyone loses when the US and Iran overplay their hands","https://news.google.com/rss/articles/CBMi4gFBVV95cUxOS3JnYWIyRWxVVld2RFRsc2pyRUhrUWFTOG96Z25kVDFTZjk1TW1aQWxfcHQwdElyenRfd2pnQUYwQVNpSVV2QVAzVFFZMnBvTWlEMVhoQlFqU3kzR2J6RUltUWRDcG93VXI3cl9ubWtTZ2g4bzBkN2dRNmN6V3NKQlNySXREM01RVzgwU3NpZnJrQk80Tk5hX3NpdURmVWNTR25FdThodk4tNHRCeVZsc1BKVGUtdGd0ZmoxeVptdmNVUGQxWDZ2TWtzNEJtWHdZQUJQX1kwcDdhWGI5bnM5SFdn?oc=5","The Guardian","UK","1783875780000"
"How Trump Failed to Secure the Strait of Hormuz in His Iran Deal","https://news.google.com/rss/articles/CBMijAFBVV95cUxQQTVVbnlRMXJRR0NfdkpZbjZQaEI5YVVEai11aHNXT3NFV3psVEFwUU90VTlSSDVOUE1fa2xyeU43X2F1TFpUOE9CWTNCeVVEMnltMGg1dkZ6RWFHRGwzTFJ6OEJBRVFVNWxQZWZYRzlGbGRVbm91eWRyV1d0NnNDYTN3OGF3aDdmcldNaQ?oc=5","The New York Times","US","1783874606000"
"Trump says Strait of Hormuz is open despite Iran’s ship attacks — after US hits 140 targets","https://news.google.com/rss/articles/CBMiygFBVV95cUxPQ0xmREtHY2pseUdXQURzcDM4MXEyNHhIekZXYl9UNFluYVB5RVlEX2tCR19DQjdqclFFaEJlRFdLMGRzU0lNV091WTdkcHNHSl9vOTY4ZDFCaUhXeVRuLWJ2ZTdDRGJDeUlZUTJBTXB6UnAwWWw5ZFRoMDVpY0tuaF9pcjFpZFJmMk4wRUp2RVkzR1NOb00wNktrNGhiOUNKc0JyWmxXWTJsME56bEVqcV9ka0NxeWtvd2laYndtOGlpdkJld19OOTZR?oc=5","New York Post","US","1783874580000"
"Historic mihrab unearthed during restoration at Iran's UNESCO-listed Pasargadae","https://news.google.com/rss/articles/CBMiwwFBVV95cUxPNWQ3cXVvdF9kdURzX0UwT0tRWUVnTjd0Y3hBaGhVM2dsN0Q1NnVsVnBlSXF4anpYM0I3UEpjcnZ4R0h0NnlkNFhLbkQ1OWFrdGlUSTNUWXNEVFp1ZExJQjZzdGlFSWZuc3lfYWszQWlHWjlBbThmenZyeVgyUmhFTmozQkVJZUx1M2RJMmFmOUFDTDBlSHprNVk5MGk3UWw3MWJCMGEzMVVEUVk1c2hBQ0Z0V3YtZm9OcDdlSmJzT0YwQ1E?oc=5","Press TV","Iran","1783876320000"
"Canada ‘stands with the Gulf States’ following Iran attacks","https://news.google.com/rss/articles/CBMilgFBVV95cUxPdkZtYV9sanNvMnUwWHZBblVfdVBRRHJSVWVrYVY3MkI3djJUVmRqZ1lRRjJJcXZ1ZklFNHJ5TDNTanhCYThhNnZHaXpDYmxmMjVYQVpQblV6eUJCSDZybXJuWDBvNjlvSC1ncGVQTktBT05YampBWUNCcmo3WXE0TmcxMGZTR3Nib1RJOHczUUp5ZmdEb3c?oc=5","Dawn","Pakistan","1783875288000"
"Araghchi: Iran backs Lebanon's sovereignty, seeks end to Israeli occupation","https://news.google.com/rss/articles/CBMifEFVX3lxTFA4eE1nOUZKNG53RzNqRUNjR0FkYVFSOHIzRGxpSnhkQnl2ZkNrZ25XTU42MmZDOGpkTUxDLTJGSTNtZ2hyb1h6RFJQcDBQU1FycHVtaWFCYlk1Z05YT1JUeS1YOU9KTEtqM3NYam5VMFZ5NFZCTlA1VWVTV1c?oc=5","Press TV","Iran","1783878780000"
"Concern for renewed war in Iran as US attacks military, civilian targets","https://news.google.com/rss/articles/CBMisgFBVV95cUxQcTZ3YWxEMV9tZGVTaEc5WGxLMGhfUHo0bzI5S0Z6VlN0QlFSMkF4MmtOMGo4d0VKc1dtUmdNT0pITksyTkVydTFLUGRQdW5EWklMMkRpNDBXMFRWc2xFNWY4MWg2Y002MUNNV2dUcGJmZ0pQUFY2UUlwN19nallMQldRMzNIZ2o3cXo0cmFfV0hUU3VuSmZkci1pMkVzVk1CSmlvdnh0S0RTTzZyX0Y4ck9R0gG3AUFVX3lxTE1uZnBLRVRJSjFkR1pQa0JuVlpTMzU5cjdYWE40RHNyc2lxT3VHUmVvMjMxSHFXcm9MaGprSENhdjBOaFRxMENRZFhqLUk4bnpBeUJCQ1FHd3ZWVHVNeTJ3OUlmZW1udUxmUTVKcDMxSjNZZFBjUm9DSmhCLTRpZ1lwaGoweUwzSXR4ODJOWmhudXVlMjdoSkpub2E5OGV1MzdrWEJiamZkVURoTktLZWotUVhKeTNmRQ?oc=5","Al Jazeera","Arab","1783878642000"
"Opinion | Iran Is Too Weak to Make Peace","https://news.google.com/rss/articles/CBMidkFVX3lxTE1PNnhuLWxGT3hRTmFaa1lWMFpNakNHdEFEUkZaRWlJRm9OVkZmWVBPeFpZdzZlOUlSalEzdlJVNkFfYUpCU2diRGhIWnluZUVoRGo4Nmk0UlhsVjVYRFV6M3JkVktSU05qd2FyejlhV05QUzREX2c?oc=5","The Wall Street Journal","US","1783878300000"
"State Dept nixes NYC official's plan to meet Iranian envoy","https://news.google.com/rss/articles/CBMiVkFVX3lxTE5OdUNBOWZsbnoyUTNjQUlsLUNWWXZ0TE0yQ1E4UklmN3lvODA4OE1oM3VZY1dmV3BqSzRPUjY3eWdKcTd5ZlU4SmVYV2k1VXFCQnpFNkpn?oc=5","Fox News","US","1783878189000"
"Lindsey Graham Dies, US-Iran Strikes, Hormuz Closure Dispute","https://news.google.com/rss/articles/CBMiqgFBVV95cUxOX2hXNkpMSFlhY3RSUmd4bml0OVJxRGhCemNFbG04SHloWElqZm1ndVMteENaX05DU0EyV3dPZFhkOTNRWVQyM1Y3ZFVCaG84Vy0wTVhHV1Q4RWJzbHNfZURzbDJrQXVBWFFZdElfMTlPY3dLQlRwZ2U1M2dSZjgybmdkb0hqT3kzTlY5Q2VLSi0tRW41ZVBxcU1Pa0EwMlh4N2hyVGtzckhydw?oc=5","Bloomberg","Global","1783879615000"
"Iran’s Real Weapon Was Not Nuclear, But the Strait of Hormuz","https://news.google.com/rss/articles/CBMilgFBVV95cUxNRDM5SWNWMXU4c2R1SUNwUklCbHZFUUJvc2NfWjFwMWxJU2pVY0M3TE1pakN3OW9kX1RucEZiSlJTUGtJTGpEbjlTa0RYREF2amd6X3lZQjMzbFFmc1FqNmdOdEtBNVZ3ZldiV25ITElTRUhnVklLNzZiTVRKbmhGdHJfVUNQTS05MDY0LXBheDJRaFNPUXc?oc=5","The Times of Israel","Israel","1783879440000"
"US conducts strikes on Iran missile systems around Strait of Hormuz, Axios reports","https://news.google.com/rss/articles/CBMitgFBVV95cUxPMEV0QUtQRDBKdTExN3YwZEFBS0I0MEJVSkVZVE5IbEtBc0VCSUIwSEt6UHNkOW1DR0k1VlZDYkZ3eU9HZ25PVk1MVEQ0X1dmTU9tS3JpcnE3WThyRkJFS1hob1hJSXphbjdQZFN3ZXlRaGRDZm5PX1ItcTZ1VlRTNzNqV2ZYSWNvX2k0Y2FRTzRNejREUXJJWktxRGhKSTlaa0lqMVZESGFtbVdUYTVvSGREZnpLQQ?oc=5","Dawn","Pakistan","1783878483000"
"Tisha B’Av, Achdut and the Iranian Nuclear Threat","https://news.google.com/rss/articles/CBMihwFBVV95cUxPQnJEQjVzQTViWGlyaDVtVHJ6T2k0RXRMXzBEQlgxSnV1T2JkOG5tY1I3MENoQWlPUHRoOVBzOXdTVTZRT2J5TUhDTGhVeFpGSWR2VC0tX0JDdllGdDVyOXVHNHhJQ0Z6VmJLa1VoandmTG1mMFcza3JTbEprb0Ruakk5aU9RSUk?oc=5","The Times of Israel","Israel","1783882020000"
"2nd LD: 1 killed, 2 wounded in latest attacks on S. Iran -- media","https://news.google.com/rss/articles/CBMifEFVX3lxTFBLajRybXdCZ0hhQ2dwdHAybEFsREF4Nl9fZl91MXhkNGRXZzQzQXh0ZjNFMUxWc3pyb0xmbVFIeWRwTW1aSHFWSVlaUXBDNzVob1Z6bEdWaWQzTktHX2dFZ1F3Y0pGdFN4dzU4NTFkQjVzdWVtdElZbS1oTUQ?oc=5","Xinhua","China","1783881600000"
"UN chief warns of ‘catastrophic consequences’ if US-Iran strikes continue","https://news.google.com/rss/articles/CBMiqAFBVV95cUxOOVVUSzRTcjM3YkV5aGlRMm53NjJXNE5UcEpPWlZLcmNodVdXYmxVMG94bHhaWGVySUhTN3hCMi1oWUhYZDY3dEhhZUdWMlJKUEJZNy1ZRTJGVExsekNFYXdZRmN3REN6d2ZWekdwdHQ3QktWOExIbng2TGV3MkVVZGlrUV90RjNkOGlfQU5DZkFveHVIazA2djduSUR0bUQtdHI4S2hSR2E?oc=5","Dawn","Pakistan","1783879804000"
"State Dept. blocks NYC advisor from meeting with Iranian envoy","https://news.google.com/rss/articles/CBMiVkFVX3lxTE9wOWlPNHp1a3RjLVhQV0h0cTE3TjhGWHZKRklRUHhoLVUzdF9yMWI4ek1wS1ppQUtyXzJwTzI1M3FneHpITlhmeDhSRllDWGtsZ1lMbkZ3?oc=5","Fox News","US","1783882681000"
"IDF coordinates with US military, prepares for possible strikes as US, Iran fighting escalates","https://news.google.com/rss/articles/CBMiXEFVX3lxTE9lU2ZBUVFfMVlBcVpxX3ZjY0xRdVFjMDlvNW1pYmZoVzM0RkhwbWdpTVBPRDBOaWpfeWg1bk5GdzZ0NmZuSTBwb1U3RUlxMEw4dmVKUXZtMVl4eWJC?oc=5","The Jerusalem Post","Israel","1783883606000"
"Graham pushed for Israel-Saudi normalization plan after Iran war","https://news.google.com/rss/articles/CBMiXEFVX3lxTE01MXE2Y3h4aXk2Y1QtTnJQLWlSbmZ0VGhNSTNLTnVQdFI0bXdjNWxZa3ZYRXlERTdWZTFURXVVQVF3MllkSmRvWE01WnZnZFc2OTBnellaaVlnNmFD?oc=5","The Jerusalem Post","Israel","1783883323000"
"Why the Iran-US ceasefire is falling apart","https://news.google.com/rss/articles/CBMiogFBVV95cUxPajh0d1pYaGFjQnJJclM5LUpyOEZlY1h4M19xT05hOHJBOGhTMHNyaUFoU1VlZld6S3lLOWNRejVQWXR2aWhuRDJPTndXZTc5YzFoT0xydnRNeWxVX1pLOU84MXg0eTRJQ3BzQzl4eWQxVUtiUnFLSnczdjBoRmFMbG4yZ3k3MDZ3OW8wdnpOQ1hoOUlBSl9XbGFVaHdtd3FrUVHSAacBQVVfeXFMTzBzaGtxMDFCekNPeWFmNlREN0gzcmtQMjBvLVR0VEpaYjdfYTJaanlTNTVOcU1tUnNBd2M2dXNmOUZRc0QtalhlNURWcU8wOGdrVnlDQ0lBMmdIeWJmMmxNS0FQNVZQMmp2MDFDd09qOTN3c29nc2lZVGxrY21sLUpZUHB2Rk1pb1d5aWN5ZkFTb296RE9yOTdCT1pQSElxbWlXZ1BDQTg?oc=5","Al Jazeera","Arab","1783885275000"
"US Strikes Iran Again, Lindsey Graham Dies at 71, More","https://news.google.com/rss/articles/CBMiogFBVV95cUxPQmpvN045UFFNWkR4SWRuZEk3VGRCMkVNb3JiMnhLQ1ZfelF6SWJpdGVUZHNocHpHN25ZNkFvTGl3UjZON1BCeEtmZ21UeVgtMGNfclVTZl9IUXNkZlNoN19jZEZ6VnpnQmV3N19qb1BDaEo3SnFIME96Z2MtMlItVEU3MTVqS3UtTlIxZjhwM3VrVkdjb2I1VE1wcVN5ZXZnMWc?oc=5","Bloomberg","Global","1783887414000"
"AI Boom, Iran Conflict Make IPO Timing a Tough Call (SKHY, SPGI, ITG, LUMN)","https://news.google.com/rss/articles/CBMiwAFBVV95cUxON2NuNHlHNVZsUUUzaEc3TFVTcHNNQW5OSGVHLXBraldPdVozck82NUVSRWdSamhhRVUwR1ZoMWxQandvbWk5d0cyRndQZm83WWNjal9YU0RxS1JvZXUxQm0wcTgwcnVSVXV3WVlsTkhDTzJUUkZ5NXZFX3VZdENOTnJTaEU0bWZlLUdUQnNHeVpkUFB6a05ySlROMnJMa2phZTZZVnktU0ZxdkVMd01jWlhyekNhcExocmZ6UVcyZ04?oc=5","Bloomberg","Global","1783886402000"
"Iranian regime is becoming ‘more bold’ with its rhetoric: ‘The Foreign Desk’ editor-in-chief","https://news.google.com/rss/articles/CBMiVkFVX3lxTE9JbVNoWktrLXV6OUF1WXltTjgxYWd3R1F0cTNmWnd5R1cybFVsWWRHMl9xNkxxdU5zMGVibFhXUzQ2b1pMU2pkSlF2YS1CbVhHYk8zX3ln?oc=5","Fox News","US","1783886562000"
"Iran says almost a dozen ‘enemy projectiles’ targeted Qeshm Island","https://news.google.com/rss/articles/CBMitgFBVV95cUxOSEprb3lfSUprdWNIRWsteFc0R3ZMcF90WGk3aTJTdGU5Qkhxb0dmV1Q5NldwM2tUa1htY0pydWpJREN3c0x5UU8wWmM0ZlRsM2FCbWlmRFQ2SENfNF9VTFVOcHZlUk5FZEs2M1R3YVRUZ3JyNno2ci1TTnU5dTlyYjZqOG01YWdoOTlnWWFhcEpSNVdXck1mdTJXZGRGVnBGMllKRTRLUHk0LVpBMmRKSVdwUjlUQdIBuwFBVV95cUxQNFcwSXY5TmsxOUpNdUFfVUJXX01MTkNiel9DV21NZXByYUVtc2lCR0JTV0FIR0xNWW1GZHJ2b0gzaVlkdjB5RFZDRGtxMmZ6TWtyOVVyd3FHOFpwWHlDU0RkTi01SWlLU3FGc1V4dlB5YkIwZEdWekJrMVY0NFMyeWdwSkhQWjNmQjdQa0kxNTQ3aExsUVNPR0NpT0VWbklFc2xWaVBDeFVhY0V1YjhJOGpiXzAybV9VQmY4?oc=5","Al Jazeera","Arab","1783886625000"
"Iran attacks Gulf states after U.S. strikes, says Hormuz strait closed","https://news.google.com/rss/articles/CBMijwJBVV95cUxNbkZNYkdEbnlJSFN0Y1lfUDhSZ2M4UDd6c1cxZW40S2dZSkRuWlJENWhVMjB4V290WS1ISkkzNS1oaFpreHZWd1VKY0NfTGpJd0lVemJ1Smh5SFRtXzhWekFKMXRBTk5hai01ZEpqS3RKT1V5SXppZ1phQ01hWjBNWEZiRjAzcXFMRm5vaUtFMDgtdmVXd2ZlTEcwMG9tMTduSFh3bjc5WTJOeVl1RzFlZ25MTmRubS1CSk1KeUxGOVJsT21jY2xidUY4OW8yVWo5TU5CLVBTNGV6OWxZR0VvTS1WZW1iMDVXNkxDVGY3dG5Ba1ljMlJzM2Vka0kzMDlrR3JxMHRQT1NVSkJ6dEVB?oc=5","Haaretz","Israel","1783886520000"
"US soldiers claim generals ignored warnings ahead of Iran strike","https://news.google.com/rss/articles/CBMiX0FVX3lxTE0yd2VwR0Z4ak5ybXY4cjB4M0FLbkRUVWVJakhyNVNZQU05RHBSWVNxNGlUQmJYWFZDc2hjS2Z4V294RWJJMHZYaUQ0WFRzZHctZXhBWm9KZlBWNV8wRFFv?oc=5","The Jerusalem Post","Israel","1783889010000"
"Iran expands attacks on Gulf states after intense US strikes","https://news.google.com/rss/articles/CBMirgFBVV95cUxQRHJGQkNienE1YTM4YmdLXzVOOWZQNG9UNVg5RW16cWRfUEcyZHlVbWIwMGl1QXhGcERMckJkaElkOVVOQy1nRExsN085alNnYlBSWFFyZjVCcDZUVjJEMHgzZHpyaFlKOWVWdnRYMlJFel9CRTlVZGtqOTRva3ZSQjJTSHhDdW1CQjcxeHNJNlVVVF8tR21uQ1EwaXNaWFpLem03YUhISUl0T1pRVGc?oc=5","France 24","Europe","1783889395000"
"Morning Mail: Excess aged care fees under scrutiny; US and Iran contest control of Hormuz; Jannik Sinner wins Wimbledon","https://news.google.com/rss/articles/CBMiiAFBVV95cUxPVlZFYTgzV2t2RTdWZE9PWm9XWndERk8xNHVuV3FPeXpTUUNQNENkTXlyYjFRS2d4cU1yOXc2SkR6QnFBWUxweElKX2l1eU5WcTdfdTRkY1I4ZVNIeXcway1ubzhYRmY1WGZWcjJLdGRjc0dKLTd0UmxOQVlqTmUyTlhfb2hUb2dR?oc=5","The Guardian","UK","1783890300000"
"US says Strait of Hormuz remains open as Iran declares it closed","https://news.google.com/rss/articles/CBMiVkFVX3lxTE0wcG80cWsyRmtQeDdIWXRlZEhBRUg3ZjlKNEJhSzNvVmctU0tya0JnOU9pd2JhajhVbGJaQ0ZRbmNpaHNic0NCM0tmdWJOTWcyNmVvWUdB?oc=5","Fox News","US","1783889565000"
"CENTCOM strikes Iran after Trump deadline expires","https://news.google.com/rss/articles/CBMiVkFVX3lxTE5abmw5bHp1X3RwN080WFNyRXJSSDcwY1NUcng5Nk1wcklQWXgxeTVhRk9OVGtkR2RidkVhNW93YzNoQ19HX1hra3NJUmZxZy01dktYSVFB?oc=5","Fox News","US","1783888618000"
"School economics class: China’s factory gate prices surge over Iran war turmoil","https://news.google.com/rss/articles/CBMicEFVX3lxTE01V2hQTFpKNGs4ZXJzTHQ1UXNRUEFQWnFQQ2FNWGZ5cVV3Y3JFUE9IMXcxZ2wwNnBSMDRWZjEyUmZPLXVaQ0dSRk5CTk9sMnI5bzFFXzR3VUtoeHNGbUxXeTBrSHYybzFmTmRKZTlMZDI?oc=5","Financial Times","Global","1783891206000"
"It would have been enough to learn the terrible lessons from Gaza to anticipate the current impasse over Iran'","https://news.google.com/rss/articles/CBMikAJBVV95cUxOeXlSc0dEbUllVDJMVzVZeFZKeHZ0QmNRQmwtMmY2WmpQdFE0TG55clM1VHljYzd5dUxzMXJoQkhla05manpuQnZ3aG83NDFaN2tVV2NGUXpKZ05VTmdhaDNvT1dQQkVFX3VBQ1dLakU1WkNEcllFa1lyMmtZOVc0SldFTWIzUm1DM0ZkbktZRnVLb2FZWXp1THY1VllUNVkybUd1T01ENl92SC1hdzJvSU5PdVp2WGNrcElRU055R0pfcDdoUF9jOUNsSUlqclJKYkZ2NWV6RlprSEFzVlVjVXN3MmpvQ2FFM1ZHZkt4UkxPSUNiZi02TFVfQ2Nmcllacmk5WU5ITnJfOWJXdVJhaA?oc=5","Le Monde","Europe","1783890450000"
"US-Iran Strikes, Lindsey Graham Dies, More","https://news.google.com/rss/articles/CBMikgFBVV95cUxPaTVQVWxmLWdfUEJYV0Flckhkbk9sSXl2eU5WYmtMWEVTdDVHd2VpZkJyNWVSMTktaUN0NGlhNlE0QUMyWENEaFBJek5NLWtheHZONGZxRVRZWGhjVW5XZHJ5TXhBYktzVHNwSjBrSE03OWpKUlRxc0ozRzh0ZlgzYUFFNnFjN3VVMk9CSkdrWGVWZw?oc=5","Bloomberg","Global","1783890343000"
"Flash: Explosions rock several cities in S. Iran -- media","https://news.google.com/rss/articles/CBMifEFVX3lxTE1qSnVKTGg1aUZGWVdLM2VISFJDeWlhdGxVUklsMDJtV3g4MmtYcmRUUDFFczRBUm9RZjZFN0R5UEIwZmV0cFJlVmtUNV93bFZwZkUyNTBTT1dWM1hMa1BUemxZRGxhTFhiY1NtUkhQLURNTTJValM1Rm9YZEo?oc=5","Xinhua","China","1783891680000"
"Iran does not attack, it defends': FM spokesman slams US-Israeli warmongering","https://news.google.com/rss/articles/CBMivwFBVV95cUxQc0dQamRTVnBNT2xRYW9sWHVpMEZtazVveUlTa2hrc0RvV0xYZFltUHl5bGZ6XzVYcFZiTEozVmtVQ29fa2RnWU8xUWVlWkNMZFVlTk1fb3EwN0IxdUVMNERVUEhGRTBnU3BFZUtHSER0ZHh2V3JaVmVtbGQxVi12NDhBTl9PeTVQWDg4YzRwNVMycTBkd1l4d1lUc01sbnRMLW83cXJlaGdkZHJLNG8wRWxlSGhQR3Y1MmgyOHNQWQ?oc=5","Press TV","Iran","1783891220000"
"Urgent: Explosions rock several port cities in S. Iran -- state media","https://news.google.com/rss/articles/CBMifEFVX3lxTE5VSzc0VlhZYnNmUVpJZjhwTG9JT2dLSDNwZXhJVldlclo4bHhEWVpPMzRBSFpmNlVuOHUtams4T3ZLeFFxdFFOQWFoRGJ1TzJhZk9PdW12azd0cmFmVm9jU1FhbTRPZFl0TEZVbU4tdG1pb0Q3d3d1NFFEODM?oc=5","Xinhua","China","1783892730000"
"U.S. Central Command forces launch more strikes against Iran","https://news.google.com/rss/articles/CBMifEFVX3lxTE1Zblc4TFZSaVUwUkxyTnNyMXRuQTh3M3NXaHJ5V3loc3FQblU4WjFLckEtc2xoUVdFbU8xMXcyenZ2UVVwVGNUa0l2cXVKUjNrS1NaR3BRMmFEYWo3WG0tMjl4LXVRNExpbWt5cFFhMjhpeU9GWHZKa05jQmQ?oc=5","Xinhua","China","1783892640000"
"Iran condemns US criminal aggression, vows to strike origins of attacks","https://news.google.com/rss/articles/CBMiuwFBVV95cUxOc1JsUnRsY0NZMGZHMlNnLW5vNE1SbmNMbXBnZUNKV2FBaFhWeFpjNlFVY1MyN1VyU3NNUjhMZldUX0JCMHNYTGljX1ZiUEdwS0xlWDBIVkNGTVZFY0YxSWF3RDMwQVVGZjF5UDBMRk9jamFjMk80bk9XM3k4NWpGcW1BRFE0aHgxMjk3SVEyS1NHV2xKcThOblFnSXFVYzlpOE9mUl9QbTVfQk4xYkxneFhqV2dhMVFTWGc4?oc=5","Press TV","Iran","1783892640000"
"US CENTCOM announces renewed strikes against Iran","https://news.google.com/rss/articles/CBMiXEFVX3lxTE1FYzFnZjdXWWlwZ0JBc3NwU3ZWNk9EOElWVy1YZ1NtVkVmQUZiOG10UzZ0UklWR29oTF9TMC16a3VrbENkR2tIUUJVclBGN1JReGVmRVhlMGpKWmhm?oc=5","The Jerusalem Post","Israel","1783892160000"
"Flash: U.S. Central Command forces launch more strikes against Iran","https://news.google.com/rss/articles/CBMifEFVX3lxTE9WcWlpQWZZRU9wOGlpdWxocUNfS3FnQTN3V1BYd1gtQXB5WnZoYjNnUWdDSm1WRXJLNDJwTGRIQkF5bVlMTFFNdC1Gd1g3NEl4SG9Xalo5RWFaQkhXU203WV83alAzeWxhemtMdmphd2gxTl9Bbm81a2xOeEY?oc=5","Xinhua","China","1783891695000"
"US military confirms beginning a new wave of strikes in Iran","https://news.google.com/rss/articles/CBMiqgFBVV95cUxPSGNXTFUycEZ3X2p5MWQ1SEp6RjZ2WVJadU93aFFzS3JiV3FMbmpxcXA3clBtZTVMSVFtelVQVk40RWk4a3hGY1lxekZjWjJUcEY5WDg3Nk9EYm1aVzJrVW5sQUV5b1BaQ0pZLVowUlh4c1JQQVI4WHU1bGNWMzE5LUZMZm9FMGVLQmhxRlk0Q0g4QVdyYUdiSDVWVUJFYm1VeUJpNnh0d2RLdw?oc=5","The Times of Israel","Israel","1783891620000"
"Iran war: US carries out fresh strikes near Strait of Hormuz","https://news.google.com/rss/articles/CBMimwFBVV95cUxOcUJ6WXpJWDRSWlBheXkxaFZPSERIT090TXA5SFROU2lCSnFzZGJsQlVpdGpaYUdKTGF4UG5HakRPWHRQWVFnbkg5RWF3WGdER1VjV0lfOWxlNGFnUVZqWklCUVlmLW5aWFlJZWFwOGFwaDFrQ2F4aXJKbHliN1RseVREeGF5aG9YdVFjbEFpRXVkVWlHU2xmSWhNdw?oc=5","DW","Europe","1783893830000"
"FirstFT: US launches new strikes on Iran in fight over Strait of Hormuz","https://news.google.com/rss/articles/CBMicEFVX3lxTFBUVXgyS215alBrcm5YOWltbFVVX01IRTdYV0ZlRWpkQlNEOTZzdW92czBqTkZCZFN5dlVZYmhoZ1dOdWMwTEhsWUpYWGM5MGdYV0xodmt2ZEFrVEw5LVVjdzdxZkwxeGdIczdQZnJoMno?oc=5","Financial Times","Global","1783893583000"
"US launches another round of strikes on Iran as ceasefire teeters","https://news.google.com/rss/articles/CBMicEFVX3lxTE5UZkpubDZONzNiMTZBekFncHd6bVF0c3M4UmdkeHF2UHVHNnIydDhtcGJSRjJtYjBRN0RqYUhRcGk0X0FKaDVLbE5GbGFxeTNHc3BibG1vRC1Cc1V5S2N2Q013d2JLbVVnbEVtemFTdS0?oc=5","Financial Times","Global","1783893108000"
"US, Iran Trade Strikes With Hormuz Status Uncertain","https://news.google.com/rss/articles/CBMipwFBVV95cUxNTnJidWhPNDFqUndfSUNGYVlZb0Qwd3ZzZk5jVnRiQnI3YlZhb2RqaFJXQzU1OVlxdGIzRE13LTBUUF9Db25pMU1uemttaTJsX0h1OThsekcwMjR2UnVDOUxOZGtVVGxoX05wM0JCUkZhOXlJUzFiYW4taWU4SEdPSzg5UkJxQlZXMGhzZS15NjVSMFRqU0tvMFgwQ1B5NmhrUXJiVndMaw?oc=5","Bloomberg","Global","1783892048000"
"Breaking: US Resume Strikes on Iran, Lindsey Graham Dies, More","https://news.google.com/rss/articles/CBMiqwFBVV95cUxNR0tfczJ5ak1tcjdOUF96NzZ6Vk4zcWQ4OXRzNHhVRHJzRlZJUEF6WFJJeVBXOFlqQkt0dUwxNXloRlkwSmdfTTZld1piV0tvb3ZoOC1FRkxhM0FTZzlWb0VTbVliaW51Z0ZuMGJJMnRjelNtYUJXbVZEY2pPa1pxN0x0bkJHTjlnUnVYc3o0TGpIb0RKVUVaN1VrVTlrOTRsX2tLeTd2RXpCb3c?oc=5","Bloomberg","Global","1783891902000"
"US Says It Launched New Round of Strikes Against Iran on Sunday","https://news.google.com/rss/articles/CBMitAFBVV95cUxORVYzMmpLeW12eDUyUGhBTkJ6UFljOGk4LWw2eVVsVFZ4bHNfa2tMMUhkWDRfUGdpLW1FSm1jYUp1eENuOE9IcDBmSVZMcU1LOGIwQ3hqS1paemZ3bVEtMHBUZDZsbkhkOWMwSXZDMUhuRHRqRWI3b2N1ZGhpcWN0UUthMC15TElzdGtUV2FRczR3UGVfWG43NUd2eVM3VmdCZHVMQVVieVN0amFLOXptVmxOTXE?oc=5","Bloomberg","Global","1783891553000"
"Oil jumps more than 3% after US, Iran launch strikes in Mideast","https://news.google.com/rss/articles/CBMirwFBVV95cUxOUFpPY1lfc0lIc0xsNVlaSkZQanVuM3RZd0lUMTdLMlktT0dLajFOWExXSTZEd1pJd1kteDBWeTk5UnFHMmFtdUE1cWdmMEZwaDR4M09lV3NENXlhTHIwOUc1NEhTbGNYQTBZUmFNYlRIT3RUWWNyc3JZOXR2WXFrTWRFTmc1V2FHWnlDRW90YkJrOW1WWGstZ0d1bS1JaEJYZTcya0dUdkN4VzZQczhz?oc=5","Reuters","Global","1783894503000"
"Oil Climbs, US Futures Dip on Fresh Iran Strikes: Markets Wrap","https://news.google.com/rss/articles/CBMisAFBVV95cUxOQlZnMENNcXpBaThQdm1BZlAwLXpEOUxXUzJGWTVCemJLY01QRmF6ejRmb2hpSllOUllwRUlJSnRkWlBWczlXTWxGdmozU2ZpdXVLMlVRR244WUFZa1ZYLXBKTXdpaGtVTFdsZjJadzg1U21fbC1qQ3Ixc25oejB2dzQ0aVlIRTlGY0g3SDdJVUtiYno2OVhIQ1VRTVpiWjVqRWFmZTdLRk41TUttTWt3Ng?oc=5","Bloomberg","Global","1783894228000"
"Oil Jumps as US and Iran Trade Strikes, Dispute Hormuz Status","https://news.google.com/rss/articles/CBMivgFBVV95cUxNV1NLcVRpbWdVNWYzS21xUG1zeS1SZ1U1S1k2ZXp6dDhBbjRqUy01QTV1T1BKdDR0UW52UHJuZ19VUWpWbWtIUlpaMElOV0p5Nmd1SU00dFJCN010Mm1OdS0wVXcxcWNLTWNxcXV0eUVvNGllN3F0N0NBbnNtMmVaTDhXbUpwV3lKTXpGSHVwSUJhNkF3eXl6cFVwRXdHRTNlQ2lxY1F6U1NkeVB3NERweGw4aWIxSkpPYmNlYkRB?oc=5","Bloomberg","Global","1783894212000"
"Iran says latest US strikes have ‘rendered futile’ recent diplomacy","https://news.google.com/rss/articles/CBMisAFBVV95cUxQMlFCR2VVSjJoRXBsNFlRSTVib0xuWkNHakVNVDZGOVJuOVVQbFZSMjRVMXA2UE90ckhrT3dRYmNWOUhNZnhoY2tyeXd1YW4xUkVwekpvYmV4WmJDbWFaME1JdlRBZ2RDdVBGblhBUlpaZEQ2cDlFdlU3OHFWbDNHTkFQTnV0TG1nWHMtVncxWHhXX0lPTjZnSUw3VE5vVkJwQ1lHdFlPZ3U4TlJZNTlOUA?oc=5","The Times of Israel","Israel","1783895100000"
"Hormuz showdown engulfs Gulf region","https://news.google.com/rss/articles/CBMifEFVX3lxTE9KVWpZa2V6VkFhQXFyNVhNLUU4MWVaRjdpdjF1Z3BrTTFseEE4QkJicUZYVHFabm9kWXhTckM4RURLZE9DekQtb1Jrb0FHSnNVdWNHTkhiUEdMSGVmRHdGekVBelBvdEdKRlV6V3ZlaVlhZ1JNb3lwNmN6YVDSAYQBQVVfeXFMTWt1SXhkS2RPX3U2QWpsUG5aRzNOVFNsVXlVTkh5OXBGWnlGU2R3cUlrbGRzd2RBS1otZ3dnU1RSdmotN0dnNDIyb2p1c2dsRVNBQzFuNTVrR1psMDE0Y1hPN1pkVDVqTFhQSjJ6Ymh3YV93dXZFam9JT0RNeEMwV2tkWXh6?oc=5","The Express Tribune","Pakistan","1783895925000"
"US Strikes Iran, Lindsey Graham Dies From Aortic Rupture, More","https://news.google.com/rss/articles/CBMirAFBVV95cUxQX2dTOGpIcFFVUGRydG94Z3ktSVl2VmxnMW51NmpPWWE5WS1IN0FEcVFwYmU4czRsZWdWVHJZQVdKVU96WFlhZkI4M3B2NVppWVhVNGxxRDV1blpxcnlJWW5HTVQyUlptWXdoRkRWYU14X1VYWjBYYy0yMjdFZWl0RnRGa0J4eE5LWXRjanNEdFhrT3ZOMzFPYXJ4Q0l6c3hpbU85dmp1QmlreUZy?oc=5","Bloomberg","Global","1783897136000"
"Middle East live: US strikes Iran as Gulf states targeted in flareup over Hormuz","https://news.google.com/rss/articles/CBMitwFBVV95cUxQakNaaTNTSnNhT3R4QUVrV2I2R00xcjBiQndlbmhZempFU1JETU1fRkJnNlVXX0pubWdEUDNuZDdXekdnNXh3RWcyZHVSa3NRVjl4V3YyR0NSdG5rVS1PSmtCRmRZM1FnVXRWYWdnQmNLRmxDSFBCcFNPWk11Zk9yd3dfVk5WOFRycUhrZUhDZXdjSmplLXFyRmF5Qmk2LUp2cjNJeFZqRUdkZGN3T29Gdnd2NHNSZ00?oc=5","France 24","Europe","1783896720000"
"Oil prices jump as US and Iran step up tit-for-tat strikes","https://news.google.com/rss/articles/CBMicEFVX3lxTE1LWmlnUVpmRW52NXF6UHhudENpeHl6QmJpY19sZk9tU3JTUkVCU2VDZlphNG1ibGRUMkNRVWh2cm5ENXlETGJnTkJGSmhXZmJ5Z3pNRGU1NVdLWlhYMnZJWnRsMGVpRHppbXdpVTdLT2I?oc=5","Financial Times","Global","1783896065000"
"Oil Rises After Weekend of Back-and-Forth Strikes by U.S. and Iran","https://news.google.com/rss/articles/CBMifkFVX3lxTFBxN2dwdEt6ZURqNEo3N0F5VmtVZjNPQ2ROZGg5QzBPU1pBRmJkQTVQTDVwTzFlM0lqcVBhdFNrWW9LbUo1RmNNd0tCTWdLWGkzNk9NVmFFN1p5SXFoeExxbjd4WDlaUmc2MUZQVjU3UW5yTUo1eHI2eGF3UVJHZw?oc=5","The New York Times","US","1783895099000"
"Gold Declines as Renewed US-Iran Strikes Raise Rate-Hike Bets","https://news.google.com/rss/articles/CBMisgFBVV95cUxQVkE0anFkSkM1WHlLODVVTlFoUFNXYUV3aUJIdFVrWDRhQmF6d1g3VE9lclFLaGpxY2pXRTRDWTJndzFycjJHMVNfbU4tb2VVZGhacDJ5UHNOTmZjS3gzSm83b0hEUmI1Rno1b2dfYTlXaTBURU11aG5hTzM1NXhQUjFYZzFPLVpkTW5PVkNtcXFBeGdJWkVnNVE0bE9YZllGV3NvZVpqRklLNTNXTlRNMDlR?oc=5","Bloomberg","Global","1783898015000"
"Iran expands Gulf attacks after US strikes, says Strait of Hormuz shut","https://news.google.com/rss/articles/CBMiZ0FVX3lxTE5XLUhQUTN2QzZjb3U5WkNLWE9WWVNWUkplWExWOWNVMEhtOHpHOU1RMGV3anRJOHZ6TjJZUkRQUW40d3FmRUhPM2pVdi1nQU0wUG5aRmVHTjNkRGlTWGJvYjlUNllzcm8?oc=5","Reuters","Global","1783897554000"
"Trump directs fresh round of strikes on Iran to hold regime’s forces ‘accountable’","https://news.google.com/rss/articles/CBMivgFBVV95cUxNdXE4UFlMcDhjUkhpQXdkbHZRWjZvRlhPYVp4M2piaVIySHlnX0h1ZUJOaV9VWjFsd0pja2RnakNSOUJJdkpjSF80emFnOXNUcVFuUjZvdVYzNHBpcUU4QmFmRFRJODJfMENVaHlvWjh2RWd4Rk85VW82amM5Y1JXUHVhVjdfN0xDRUdhU292VVRSV3RERGF1SzJuaW9panVjS0FzV0RiWDZqVU5pMEh5QV9RNGdfb1RrWGxGaTVB?oc=5","New York Post","US","1783897740000"
"US forces hit about 140 targets in Iran Saturday night","https://news.google.com/rss/articles/CBMiVkFVX3lxTE55NEVoRUdYS3phZF9TYTlGMUlMNVdBbjR6NEE4YzNHVG1od2U0NEFSRjNXVHNXTzhad1N4dHhpZVFINnpjTm5VRTF2b1FwM18zYVRkRUhR?oc=5","Fox News","US","1783897225000"
"Oil prices jump more than 3.5% on renewed US-Iran fighting","https://news.google.com/rss/articles/CBMipgFBVV95cUxNWkZsS2dGWlUtM1FDTmZHUDFydG43akExZDJ3NmRBSFhDUS0xdXFGN2w2NEVNRFB1S09UQy1mM0g2M0lra3g2MG9Nd2lVblJ3em5tLUxQRTg3YzA0eXd5ZHRPbi1ucDNWMWdESElNNnZWM3JqQ0p6djBaaFZiWEd2bm5yVHRMZVZ5cm9nSFZxOHJvWnRFSlE3dDZrY1lsal9jRXpnY2JB?oc=5","The Times of Israel","Israel","1783898400000"
"US launches new wave of strikes against Iran, aimed at ‘degrading’ military","https://news.google.com/rss/articles/CBMiswFBVV95cUxQeE9veWxkT0VMYTI0NUFUbjFPNVI2MlpmYnNZMW8xdno3dUVKaVVqdWxSY1JnZDBOU2RvWDZST01uSkE1RktlNTItdU1oNEQzbEdQMFI3RmU0UVRSa3pkdlV1bHljRzNDV083RkQyalNwVXUxcld6d24zYkRycERZdTc4c3ZVc2FJNVk3ZDRwV25QOUNTZjRwQnVmaEFoNkJqMktvSjFSYkw3ek90dkQzb1RSa9IBuAFBVV95cUxPcTRYT2dJdDlPZDRqblkwUUNNbWJSUHhZNTdyb1NQc1BNeWNOMDdRb1dXUXJfYWlfTUlQZXY3ZEpJV2NjQmNQbGVrUzR4aFlNY0kzTEVNbzc3S0NPajl3Q0FkZldna2ExT2ZmYmlWblNfS3hSOXVxMXBfVHRObER6cWhHcE1vTG9XTmdTWkQ5YklHZnNicXNzWTdEWXJ2WVJETlM5TGRKMENTQlliUGx5aGZIN21Nd0lB?oc=5","Al Jazeera","Arab","1783897569000"
"US Central Command forces launch more strikes against Iran","https://news.google.com/rss/articles/CBMibkFVX3lxTFBteEl4RW5la0pvUkFqY0w0WXIyd3ZkaXFGS0dEWTNJZE44bHQxcXF2TVBJVllSMjU5OWtmVjFxMVNNakIxamlXTmlwVk9nTk9fdks2RmNlTWV1R1dXM3dkRm1hN3RMR0NQWFBEaUdn?oc=5","CGTN","China","1783897181000"
"Iranian strike on US base in Kuwait exposes generals’ reckless negligence during war","https://news.google.com/rss/articles/CBMi1wFBVV95cUxOb3Myd3huaDlNck1yd3NVaDRkQzNfRmEzVXFBWjhLT0dHd0FtaGFxZ1RuZ0gwcWZCZV90cXVpemFkclVYMmJNUjFxVXJEbWxpMlNidnhXaThPTm1BQnAyLXZkTFJxeGRkSVpDVUNualpOVDJzTmhnSUhDbW9pdzFlUHRSb0ZOTC1tWEVBaEF6aWRKTkxHVDFKRGszeXhrc1E5UElXT1pCUkJIUFkySElTNk9Ma1NzRlhDRXBsNXVWdGNBQnRPbjFobTh6SzJoQjhLS2xzSkhKTQ?oc=5","Press TV","Iran","1783899240000"
"The IRGC was never negotiating 'in good faith': Rep. Pat Fallon","https://news.google.com/rss/articles/CBMiVkFVX3lxTFBsZndNQnZxRDR5T3djRlkxTV9RNmg1RlVueFdzdE12SXN2dGxiY3hhS0lsazlpT2tJMVpmUFpIaDUzZTBGVEY4M05WYkJycnJaVTJLcl9R?oc=5","Fox News","US","1783898666000"
"Iranian strike on US base in Kuwait exposes generals’ reckless negligence","https://news.google.com/rss/articles/CBMi0gFBVV95cUxNenVkSDRReExNNmd0ZThHNUtKdTVneDJpNFdCdWx3Q2dEQ1V5ZnQwMkEzMG1QLXY3bFVFVGFPYXdjOWtFTU1Tby0xVFhOSUNiMEhveG83NGUzSUZNTjZ1MkRuTV9VZkRnUDZUTXE2cE9nMDB1MmlISFZLSFo5YWxSVWo1UWd5b0tWdFAwYzVqSmZZWEJaNUxXUllEXzJ6UGp0ajNEdnM2SFh4RnZnMFdGdWhERXZCdkVFalU3MVR0NjNDekxHTXZabmt2VVFTODBnMHc?oc=5","Press TV","Iran","1783899328000"