headline,link,source,region,published_at
"Brent oil tops $90 as US, Iran intensify attacks in Middle East","https://news.google.com/rss/articles/CBMiqwFBVV95cUxNbDB0dzIyZzhDNXdvemNBWHdxR3dnWXcwVk4xM082SDRRTm9xel9yX3hJeFBDN1hyQXZpRlVWcElHNi13amFSaXFZLUEtYWpva20xcmFjLWt2TEc0QjFlMDJRMHFPZ3dpb0hZNlBib1ZMNk4xNXdPcmNfUHRpRzNzVDRtdmZlY2MydWVLdS1uVnZXSkdHZjlYelZOZ1M0SXlnVzlBSGFUUU43YlE?oc=5","Reuters","Global","1784506560000"
"Vessel catches fire near Omani side of Strait of Hormuz","https://news.google.com/rss/articles/CBMifEFVX3lxTE1ydkQ0aEdjS3M4OWRGelB4RjlRMmE2b3FLM1ZfZUNmS2F1VkRvcVdYaXphYktGUXM1SlRVWTE0RWx4Z2VJbENQX3dhUDhCSFJzLTI4X3Mxc0d3OUt1cnZSNUlVT3lNRHFDRk9KcGFHWTc2NjVacEtfRkF5Ty0?oc=5","Xinhua","China","1784509110000"
"Iran launches new wave of missiles toward ""enemy targets"" as blasts heard in S. Iran","https://news.google.com/rss/articles/CBMifEFVX3lxTE5GLTdweDdnZHpXalpCY1FxZGVuRXpiVkVCM2hWanBOQm1IV1RpQmFTRTRIZU5jb0lGV1FfZV9IN1RlUDFYV0taVm9VS0ZDdk5zeS03ODRodUgwOTlOMWROUkJwTlhOWTBMMkVWUVVuU2xEdldlYVZuZjJYRWo?oc=5","Xinhua","China","1784508675000"
"Donald Trump: US struck Iran ""very hard,"" sets Monday deadline","https://news.google.com/rss/articles/CBMiX0FVX3lxTE96SVZfR2h6OXZNSk5Xc3FDdzlEakhua0xReFltNGg0SGtkOV9OVHlsTy1hOHEydmxpLWZfbzVudmZOMTA3aXBCT1NGQmJBY08tdTFIamRuRmNlSDl3ckk0?oc=5","The Jerusalem Post","Israel","1784508047000"
"Iranian media: 'Following the continuation of attacks by the American enemy, residents of Hormozgan province, near Sirik, reported hearing several explosions a few minutes ago. In Bushehr province, two explosions were also heard near Khormuj'","https://news.google.com/rss/articles/CBMibkFVX3lxTE4xd1hORi1mdzlSNUdGdkw1ZmktVFAwZEFvSUNLamZPaXZWbzR1dHozVUcxRFZHWGI0OXBZNXVTUDd3bWxIZFFZNUVhRWFUSWpnRWJTdnpubUcwWEs4eTlSQk9TcG5lajl2SEpVb3ln?oc=5","CGTN","China","1784505940000"
"Iranian Red Crescent on humanitarian front lines amid US aggression'","https://news.google.com/rss/articles/CBMitgFBVV95cUxQdzhIank3UjkwdlliTkwtNmRybkZPUW9KSWFodGNNaUpBQ3gySEZpcVBjZjdnVk9UYXhVeWNJenEwa21DNXc3M01HMlY1cElZTXZ5X1BVZ0U5ajVOXzRaVWFmMmY2b05CU09iblkzSVFiZWRaS1dRTWdPWUJtcjE1enVfMzFSNFhjeVhXY1dkdi0xajBQV3VjMTVieVM3em1XdUZvTS16dkZvOUFRalJQTE1pX3Jfdw?oc=5","Press TV","Iran","1784510460000"
"U.S. strikes Iran for 9th consecutive night","https://news.google.com/rss/articles/CBMifEFVX3lxTE1RTTVYMWE5Wk56czRKYnJlbERsOW1DUlBuQjgzU1ZoNjM2UkNJWGtaeTYwRGFUSjRueWVyX2Q4THNvS0MzTmt5S05sVEpOUWpadWxmZE9OOF9PODFhNGF5ck41eTNSQjRnS201YlcxVHRQdlROOUw5VFhSRUw?oc=5","Xinhua","China","1784509845000"
"U.S. strikes Iran for ninth consecutive night after Iran targeted Jordan","https://news.google.com/rss/articles/CBMihwJBVV95cUxQQXNCRG5NRVNiWHVlc0N1dEdZbVJJZEg1eEFkRTdmUXRkYUtYVUkxLUdMQ0hOc1FpQ090UkMzNGpSQlpHRkJibDM4d0pQMklkQk9NMTZVOVFGdnhmbndQekVUY19DR3R4Z2hzYU9zWi0wVXhwUlVnSUprSElncXZtTnhaVk9TVlBhaDFMaVZuU0cxNmtlRFlZa2lvTGpKWW5nTFlseVBGbjU5d1hHaF9jdzRCeER0RERTdzNvLWNXek9COFdIRWRPTmEzU3VYY1ZKNEpvMFZLUU03SmxMMnZpY2NONjYtTGRJQXNXMVhpX0ZBX09GbFk2a200SmpJUThhTGNUcHYySQ?oc=5","Haaretz","Israel","1784509500000"
"Trump: US striking Iran ‘very hard’ to honor slain American servicemembers","https://news.google.com/rss/articles/CBMiuAFBVV95cUxQVzhkY29RRGxURWFONFJoMjVKU1NwaUI4NDlGZV9qSEJ5bU9pbFo5cy1kQmUzeWJ5aERUV2NtbXU5SGd2X18wYlgtcktTSV91YlVUdnZBbFdiaWtQOU9SN0xqVWFZLVNHUWczbFJNN0dHeHpOUEl2NlowRnVWaGRRR1ItcjFSM1F5WmFiQTNtTWFfZGJVdEtYN2E1M1BYOEF3OXRhajVYVWVGaVdveUhjdGlXNWFyUjJr?oc=5","The Times of Israel","Israel","1784509319000"
"UK maritime agency reports ship on fire in Strait of Hormuz","https://news.google.com/rss/articles/CBMiqAFBVV95cUxPZTdTNERFZUU2c0xDUjJVU2MwcFZ1UkhRN3RBOXB5clJQSmJ3bFNxTlg3Z1BzTmRVOU9kbzU1Z21SNWo4dTZYbHY4Q29TZHB6SnI0cE55azQtOFFJY2VBZkp4TF9VRlp1WHRsNUdhT1laX2lXMHN1dnB2LWt3THBveGMyZVZnSEljUTktVF84MWFQMUNrcWplTTdxVVdneXIxcjhPUWxldVc?oc=5","The Times of Israel","Israel","1784509319000"
"US bombs Iran for ninth consecutive night as Hormuz tensions escalate","https://news.google.com/rss/articles/CBMirwFBVV95cUxNMllfMFhRY016dnp4MXpEQjB1eUR1UHU2dG9JeGJqcUlqWGJNN2dnVE9nc182SkZwMjV6UFFqWGZmV2lzN2dLSUQ4Vm5OanJWUmd1cGNfT1hzOVR5VzU0dGp4b2ZuWDFkQjY2S3IyQjVTRWNCSzRwcUpSRUU2ZTFmdndRd2paN3QxaGRxRWRNUDVvblFsZWlLY3JnTmh3VEhQZ2pocFM5Qm9yQlhVT21J0gG0AUFVX3lxTE9uaWxwX0tIVnliUjBVTGdVaXBHYVo5QnR6cFZoeE9wUXd4c2tyUDN1c0J4Vk1jWEVkaHNMU19VdkgyS3FpVVhhLUZMbjNQNTVHdk9MMUY1NjRTeXZGcXJaZEJGQUl6UDFOSHk4cEpJWXdzVzBycncxU0t2enZpb3FPM2JoOTN5blF5cUQ5aXlDN1Y3VXltdzZUMlRLSHFDMC1QQVFhN1o0Mmw5RURfUEdFdUJERg?oc=5","Al Jazeera","Arab","1784512280000"
"All maritime traffic banned in Strait of Hormuz, Iran says, as Israel readies to resume fighting","https://news.google.com/rss/articles/CBMivAFBVV95cUxNQTJUMDVqeWZSd1M0b3U3RTJtbk5NdC1PUklnQUw3MjF3T1VuZXEtRUkxSXUyd3RuZnM1Y1YtbWVERGxDWHJubWFBSkVZZzN3cjQ4QW9CLWFKbGtfWlVmZHNGa1k3cnhJdkM1U3BlcmRmUzExNWRWRkdLY2hWTENac011cFJsbzFvRjl0NWhZdkhMblowb3RkZGVpaVJvQmhtUkk0S09ianBfSGZhVndTMnZCQ2lLRE55aEVtNg?oc=5","CGTN","China","1784511861000"
"IRGC: 'Downing of an MQ9 Drone over Islamabad-e Gharb. An MQ9 drone was intercepted and shot down in the airspace over Islamabad-e Gharb by a new generation air defense system operated by the Islamic Revolutionary Guard Corps (IRGC) Aerospace","https://news.google.com/rss/articles/CBMibkFVX3lxTFBEblhjajFrcjhTaHY2UndDQ1BWYkJ4bWxqem9uVVE0X2p6ZnlEdHhsMWc1MndaQWc3dGY2aldENGhnX3g1T19CSnhCdkYtUmVfMEdQMl9yLVZOdk9JQ3FDMnQ5TkdTYkZ0bmo4U1dn?oc=5","CGTN","China","1784511047000"
"US Hits Iran Over Troop Deaths, Ninth Night of Strikes Continues, More","https://news.google.com/rss/articles/CBMisAFBVV95cUxOSzlkc2dvbnBuMmV6QmpXdWJlc1FKODd3ZHR3eC1vb3hEMXlra0E5REhYVmpYRXBvTjVWR1pwalBOM1NEemVMNnVWRGNrejlwbnIxVGhPVDljVzdSdHB2VDBUdERkQmpKazM3RFFudkJlNjhJU1ZvM2RidlVLZmhsclpLbkgzQ1NVSHpqOS14VVQxNjM0VjJ0c1N6bXg0ZERLMGN0dnpiQXZNQ2lsRXpJbw?oc=5","Bloomberg","Global","1784512367000"
"US launches Iran strikes for ninth day as another American confirmed killed","https://news.google.com/rss/articles/CBMivwFBVV95cUxPbmtOemhMR1UtaVNoMENBMHltNEpKTWJNekRXUEtSa3hidndTM0VZVnRoTEJlV2ZENWtkYVFCUkJtSk8zdFhPeEJQSXRNMS1vWC03N2NJek14WklXdzhNZWkzMnZRUFpGcHg2OXotaHpyVW9jblFTYUM4U2lGcXFWa1NFbnZSQnpreVF6OXVhMW1oeHdIdkFNMjBJa09UZGgycjRkMjZ6Z1dxNC10enJIVDZJdlVSQjRxQlBZc05Tdw?oc=5","Reuters","Global","1784512140000"
"US Central Command says it has completed another night of strikes on Iran","https://news.google.com/rss/articles/CBMiuwFBVV95cUxQckNLWE0wR3hYcUFTZm4yLTlJbmQxNW1pRXRyNDBwR25kdGkwc3VhZVVNOFNadzhFUUo3SW5BSkVBOW9JdTNralFOWFdrRjZVZVc0cDJFZVpfOUd4aDhQQlp6TS1TV0lNdUUtNWVGQ0tZUnJxV0pzWmo2VE5seVdIcy1MdUU3LTlWcUtFRVhjTVJncmVPQ2dXeWIzN2xtTVVKM0twcXQ0eFdPQjFSOHB5TnotZ3hSUk44N1pB?oc=5","The Times of Israel","Israel","1784514419000"
"Iran’s Revolutionary Guards say they fired ballistic missiles at US military aircraft in Jordan","https://news.google.com/rss/articles/CBMi1wFBVV95cUxOaUdkbDF2TGNCWUtJRUdPdkJlMVZiTUlDS1JuWk1FOGdBX1JuVGh2RzhTMkd0dzJhOVBZaEFMNVBTb3pPQXlfbUZLeXFMcjQ0UTBGRWRLM1lHSkpxY0Q4Q2wyLVdGa0pRN2Q0cGdPblNUQzVLZWMtWS1mQkp0bkFYMDQ3WTVneWthNzJ5OE00REswVUhQTjBJVG1EVTA0ajNZZ0FjekZjNTRTaDhJT3hXLW9SUXF4M285UUVzNmcxMmEwRktnazAyY3RlVWR5SGpIMkRqNGxBUQ?oc=5","The Times of Israel","Israel","1784514419000"
"US service member killed during detonation of Iranian drone in Iraq","https://news.google.com/rss/articles/CBMiuwFBVV95cUxNa0Zsdm5maTFSelZIMFFLTFNuZUZ6eUV1SnRuVjVKM0gxNmdCd2ZqbUhvTVNiSGhEVW5oQmVqbUQ0MHo3X0ZqeUwwMG9RcDFTTkNEYk9CWi1xako4Sl9VSU9ZRFRmVWFLSFBRYnFvekxEV0xqSUthTDdmQ1pqSExqM1J2OTJ4SWtkOTA0RnNkQlNIXzh1OFFQN2RwNHVoVVY0TEVfQVdRSjRxQVV4cU1vel8wbXhsNDItaTRr0gHAAUFVX3lxTE5HbXdZLS1iOUdsUGxaY3pWNXBGNjBwUlFHUnFFOEJBVXh3VDFUODZuc1JKRjVrWHVTSDJEYXNBelVqT3h2ZlpFRldFTXhQajBQTEFTeVBhQmdqUEhHdlZlREhPN1ptYXVzN0E4Y0xBTHU3enFwZFRHVmt2QVY2bGtWMnlfak1lVVdsQWoyeUVhMGVPeGFWLVJaVzREenNLWF9zeVRHQkxJTS1oQV9XMi12aDB4MXFubWlJUi10ZXVIaw?oc=5","Al Jazeera","Arab","1784513700000"
"IRGC claims US aircrafts targeted at Jordan’s Aqaba airport","https://news.google.com/rss/articles/CBMilwFBVV95cUxQbk1LYXBfTjVESmhlYnVia1JrVlNoRWJOQ0pFazROeFFRSXByS2NhcHp0UlV0UWIxTk5Rci04VnpyMFhoUFpEaERFeFYzaGhFRTQ4R0NCSlg0bzRMRG1RWXM5NEREaXNaX2dXNzNEN1FJUGE2Z01uQms2WDlZdkdJXzNKUXBLMFdKeTF6SFAzRGhHOWVTaFhz?oc=5","Dawn","Pakistan","1784513675000"
"MQ-9 drone reportedly shot down over western Iran","https://news.google.com/rss/articles/CBMiiwFBVV95cUxOckxHWGRLai1XQ0U5c2kzYkNDdjRiLXh2T2hFQnVhaHdWVzJQbTA2bmp3aTRmc2RHV3YwczU5a3Znd2tnWnBPSkxmQWNnOFI4ai1kMEo2THVvZmhOYWFGS1UwVEhmRDQyd29PLVN1NXlwVjVJTlhxdkh0LXNCYzladnlvSTU4ZWhKX2pn?oc=5","Dawn","Pakistan","1784513657000"
"Trump says US hitting Iran ‘very hard’ to honour killed Americans","https://news.google.com/rss/articles/CBMingFBVV95cUxPMG5zRlRJSzEwV0ZfbC1pbGRnQm9KVXlhR2d6dnZfUHRRSDY5cUh1WDgwWkhwSFYxZzliLWtRV1Q5LW1DUjJQdDBBZXo0UW83endORFFRRXhZRkdvWmIzYXdnUGlfZEMzSUdZdFBkeUFxVS1RY3pRV3FnUHVDbk5LMkROS3hmWXdNTVgxSEwyZlN4QVVNRmVmUUhrbmlxUQ?oc=5","Dawn","Pakistan","1784513477000"
"US embassy warns of possible Iranian attacks in Bahrain","https://news.google.com/rss/articles/CBMikwFBVV95cUxPaVUyaDFPUVNyc01RbDZRWmVrb2NPRVZMekpDd0FqdklPR2JDUXJWSzlONWpIVWxyZ1VIU05GM2FiRmlTMFE4cEMzMmNLWGt5cFVsTDhFMTQ0WlgyX1RqRFhSQUU5M2tfWHRpNEtLWFIwY0c5aGRlaUxsdjBleGdSVGxVVXdkOUpxWlN6RnMxd2lkaDA?oc=5","Dawn","Pakistan","1784513319000"
"US completes strikes on Iran for ninth consecutive night","https://news.google.com/rss/articles/CBMilAFBVV95cUxNWjlmSG1PRGVPbkRqTmY2MzROMXdKNDVZVzY4Y3lJRUx6dXY2aklhQUVNVUMzVVAtbWFVRkJGUEcwUG4wZXdRdXdSVFNXMXQ0cWJNUXJLaVNCcVozejM0V2t3aTJCdW9ELUwxek04S0Y4MEJaV3ZiOGZTcVFFa21NUmk5Q1Q4bkNUdEt6T3I2VzFFa3Y0?oc=5","Dawn","Pakistan","1784513291000"
"Iran’s Escalation Trap: The Operation Survives, the Nation Pays","https://news.google.com/rss/articles/CBMimAFBVV95cUxOeFhSLXJlUlRQMUt4eUd4ekFDWUxjOUh6MXNCMmdUeWpHLXpmaXhFN1Q2a1B4ZkZCRmlxS25Hdjg1M0lxZnVMcVdEbnJQZkcxZF9fVWhkUklGTC1EM0tIQjNzNENqNktpUmx5V2dHMTVYeWRzVFRYOE9jYVFaRlc1NGtNaThJaFhtQlg4bW5WS0V2Uy1wQjlqaQ?oc=5","The Times of Israel","Israel","1784513220000"
"Oil prices spike over 3pc after US-Iran escalation","https://news.google.com/rss/articles/CBMijAFBVV95cUxQY19melhoREY4bG9NVU5MSHZnTzZQQ2w4YkxXM0dzVFpacnZWRDdtdTlBWHZqdTNWZ3FrVldkUEdGMloyWW9OVU1oWTJQcFNvYjNuSm9rTmtxdTV5Wk5TcWd5Y0Qwc3EyOHNPQU1BMWFpVDJmOG1JQkd4a25Za1RXUG1nTktQUlRsdmFsSw?oc=5","Dawn","Pakistan","1784513160000"
"Rubio says Iran using Hormuz as leverage, calls on other countries to 'step up'","https://news.google.com/rss/articles/CBMibkFVX3lxTE5LU2x2eXpORWlUOUYyOHd0WmYtVjBoUDlCWWs2ekg3X2VFRHByZS1yd3R0c1U4R1VuN2RPRkZHUW5ITjdsUjVxLVd6dnFPZlg3S2VlQlRrR0g0SDJyZ0JtUi1HenhzN2hmY0hRNG9R?oc=5","CGTN","China","1784512739000"
"Flash: Iran's IRGC says it targeted U.S. aircraft at Jordan's Aqaba airport with ballistic missiles","https://news.google.com/rss/articles/CBMifEFVX3lxTE1rc2F0WDk5a1Y5WWlsWjkzY28teUt4cmJCMFA1bWNuV0V1N2hmdEFxRUh2QnNpcmwwUjZIamJrclljQVpMTC13OG1HMXJ1WFdFc0ZYMkozZHUtTDAxOTZSSmJEUkwxSkZMWkE2bkc3SXZMZmVmcW5YOVktYS0?oc=5","Xinhua","China","1784512530000"
"Gulf states appeal for return to talks as US, Iran trade blows","https://news.google.com/rss/articles/CBMimwFBVV95cUxOLVpLZnhoV1duSVpHcmtXbFBJWjFnT1FKbEVEZS1sQi1rcnhyMkZwbllhLW9NMFo2ZnZTWGI5Z0RybkxIem9fZ3NCZWlCZ1hyWUJwdUdZdTE5TUZYWTU0THdocDRMd2hDNTRXMEEwMUhBbld3QlpWN3lXYm9QakZpMlM4Zks5elJGa3RfY2JSUkxTbWxSVDUydXB0QQ?oc=5","Dawn","Pakistan","1784512179000"
"US Concludes Strikes In Iran, Third Service Member Killed, More","https://news.google.com/rss/articles/CBMirgFBVV95cUxQR3o4WF9vQngtMlZtNk9fS3dBdnFvaFJRRVF1WVB2ekNweF9RVmFLWFloUTdGR1c0M3JXTDRLTmRrR2tJNHBxdkJ0NEZoaDRILWlKWHQ0TUpDZnNJQms2eEVMd3ZWNkFXYmpDV0ZmMWJyZnpub0Y4U2lSaThFY1k0NFRmbElubmVMLTREWXNvZHIwODN1R2gyT3pLcVZ5Y1QzWE05elV1WVVPMUh1WVE?oc=5","Bloomberg","Global","1784515378000"
"Soybeans and Corn Extend Gains as US-Iran Hostilities Escalate","https://news.google.com/rss/articles/CBMiswFBVV95cUxObjhrLXFsZHNoVEw3LTVVamZObWl1S0UtRkVkcG91dVAyYzM1OEdVSklOVmp3SzJicEQ1WTdzakVVMm1BVnZ1Q1BFTFpMTVBaVTVsTXUwVDQzT3VXaG5wRHhIc09UeGhNdmVtVXdUY2laNmxqZERJSjBDSUJRNUhxRnhyQjQ0VjhaNEdHcnFSWnBndHNUaDNYeUpBZV9zWmI5UDdLUkhQNTJib0tTYkJLTmpNVQ?oc=5","Bloomberg","Global","1784515260000"
"Iran war, Myanmar crisis and South China Sea rifts under the spotlight in ASEAN ministerial talks","https://news.google.com/rss/articles/CBMizwFBVV95cUxPdHBYUFlRT18zYmxRNXZKSWw4NEd4SWR0dFUtbU5kTVpOOVQtdUpyN28zbEdoR1Y0dE9rRTJtZGgxcElLWHZMREVWT3ljZjl5S2hQLURKLVJjLXVlUFRsejljVGZDbGtSLXAwU2pCV3F5U3p2MjRYWVJGMDg3blJxVEtEZzZDZTJVZll2aHgyX0VEOEl4Wm1OOWFpN2Z0WGVUNEVyc3BzMVRrVFhhS1JXTGdadGZnY0hzdnJtUVBPekJrcm0wVmZIRDRnVlJRMTg?oc=5","Associated Press","Global","1784514900000"
"IRGC: Two US-coerced deviant tankers explode in unsafe Strait of Hormuz route","https://news.google.com/rss/articles/CBMiwwFBVV95cUxPM1lfdHZXc005OFl0emdmajhEUjhYUkI2TUJFaGZXdVZhYXRFTnlZWTZ3OTZ2b2Zvams1YWFVLTFNaUEyd0xkV1hSTmtIT18zaWY0bnd3dkdRT1hDSDFKa2JOdlJTQTNuRmhDYXZ2Yno0Wm9iSnRVUkVIZHhYUTBYMXI2TDgycUE3SlZfVFAzbVZqZXNRYVd6OWducTlFNGRTNkJrbFFuYV9zSDZSdkpsOEwxNlI3empmaXhjdTBmbThJUEk?oc=5","Press TV","Iran","1784517300000"
"Live Updates: Latest from Israel, Iran, and Middle East","https://news.google.com/rss/articles/CBMif0FVX3lxTE1IeVlKQ0VCTXpWY1A2dGQ1NTBEM25mSzdFVlh5WlVMWDMzcTJPVVRXOXRqU0dLMWRVbHowNVY5aVBLUS1RWDdUUFBQbGlSdVpCZW5HV2lsOER3M1ZBUE5rSDZGM1Z0NnF1ZENQamZFMFRQQTNSakRxSl9qMGpUTkE?oc=5","The Jerusalem Post","Israel","1784516405000"
"Rubio urges global powers to share burden of protecting Strait of Hormuz shipping","https://news.google.com/rss/articles/CBMitgFBVV95cUxQbUUtWGpibjVGaFkxcWlwYktYc0lwak00UGM1SGFuMmZDR3pscjEzbG13dUdNLVV2djZ3WjZqcUhZdDRrOUt3eUNGb1kzY1hzMXpnV2dQeS1XTlR2cDhBdDUwaTl6ZEo5bzRTeWNRT1ZGaDh4cmN5VTNMcGJqQWFnZkNUbnlZTlEtTTBlcnR3aVBGNWhMR2U5eHItLVpWanZ2QkxEUDBibzFkdkJQVlJTQnJLNWI0UQ?oc=5","Dawn","Pakistan","1784515985000"
"Iran attacks Bahrain, Kuwait and Jordan after US hits Iranian nuclear site","https://news.google.com/rss/articles/CBMimwFBVV95cUxNVkZ5QXo1N2hOeXZuODFkalM2aVg4bjNlX0p4UHRzM0FLb3VBbzBKeFRGeVZCdENGMEFKRndFXzdTaDFTazgtczZnZDRBZWRHQjdHTjg3MHF1MjF3blhaM0pINlhCeGxPZkJDVTBYTkkyY0FPQjFpZEp0N3RzRFNSMkJBMFRxV3NCcmZpc256X0I1MlRUelMtc0g1RQ?oc=5","Al Jazeera","Arab","1784515577000"
"Flash: Iran's IRGC says attacked Ali Al Salem Air Base in Kuwait: Fars","https://news.google.com/rss/articles/CBMifEFVX3lxTFB4dXUzV1Z5eC1UVGN3NjVKcUI4RUE0ZmlHM2FQMmdhVHJpSl9GTjY1MUU0VU5zSml1bWp5TmkxMldvSHA0dDY2bThpS1pDWGFBbC1rMXlIakJSZzh3SXJfUmpoelZpUWk2aWRKdUJKN0h0QmJob2RBSV8tY2U?oc=5","Xinhua","China","1784519565000"
"Iran war, Myanmar crisis and South China Sea rifts under the spotlight in ASEAN ministerial talks","https://news.google.com/rss/articles/CBMiU0FVX3lxTE1FQmxxYjF5SHdlQUh3clZaYTN1WGNHXzZQN3l4QzR3dF9ybVZ5VFYyRnM1azZISW1NcFpTM2hxNmlxZWJQLVk5b3FWRC04UGdfNUow?oc=5","Arab News","Arab","1784516780000"
"Rubio says Iran using Hormuz as leverage, calls on other countries to ‘step up’","https://news.google.com/rss/articles/CBMiU0FVX3lxTE55anh1TnZIWFViS1BnRGVjWFVueW5Rd2RjUEtHcDBNOXFkbkY2aDNvc3VnaUgyR0Qtc3htcHduOFRUVWl4RmthX1FKYmtmcHliQnlN?oc=5","Arab News","Arab","1784516780000"
"Iran’s currency tumbles as renewed conflict threatens economy","https://news.google.com/rss/articles/CBMihAFBVV95cUxQTlZGalJvZXVNWGhJelQ0RjZlQVY3Nm9EazBtSkRZMkhJUmhVTjk2ZUViSnFTUzlXZzVPQ2Nmdk1hMHloRGlCZGZZeDVfU183RG92a0tKUFdEVmJTOUlsZVA0SjFhVk1EOVp5QjlzQ1p4aWQzVE01enlNZkxfQ2NBR2pFb3g?oc=5","Financial Times","Global","1784520028000"
"Oil returns above $90 as Iran hits tankers","https://news.google.com/rss/articles/CBMihAFBVV95cUxPYURTOVg1Z3lvallSdnVNTWhDVlJWbEYwSUhMV2phYl9CNFRBbllIZTUyRV96VnhBN0tramlWVUJ0TTExcGxtWUZleVMySmZTOTl3ZTZ0NkJZdjR2aDBob2VwVE9jN3NaR2o1QzFrR1VaNnNqc3dXRTZxMWYtODZPTTRObVU?oc=5","Financial Times","Global","1784519689000"
"Iran launches attacks after latest round of US strikes","https://news.google.com/rss/articles/CBMinwFBVV95cUxQajNHTE9aUmxpa2RIMy1jNjZ4RmgzZlk2OXE3ZXBtRzdxaUpnQldzeUtxaHh6Z3VTQzZMUGNtZ1oxNE5lQzZwLVhnX3BTZWk1OVBVT1ZiNFFtMnoyRDhHbFBnV0pFdTdNcnBKdWVuT0RidVJoWXFCYkdlNDE2V1hmZ1VhUlZhLXExZTZjOHo1YmRYMm5ra1U4RE9DU29CMVU?oc=5","Associated Press","Global","1784519040000"
"US Hits Iran Over Troop Deaths, Ninth Night of Strikes Concludes, More","https://news.google.com/rss/articles/CBMisAFBVV95cUxOcFNUVmc4NC1PU0dyM240LS1tVGRVUVIyLWRkTjBYUlV6TjFrS19jWHMwMHVxLTNSaDNxQ0pHN0hFcEZqMFFuZ1ZsNDc1S2ROLXU3eDY5d195dUNQdm42bTliYVlQWEFQam40dVhHbENmLVR2QjdzVWtSSVVaRHlrcDh4YjNYZGZLLVV1RzdPV1M0c3JvVFJzT3owclVHdjJfUUZuNlRBNmVDajM3Tkx4cA?oc=5","Bloomberg","Global","1784518502000"
"US launches ninth night of strikes on Iran as it hits out at Gulf neighbors","https://news.google.com/rss/articles/CBMi4wFBVV95cUxOb3VoZnpSb3NtbHpCb29FMWFQY194MmRoLW5HRnJyNVFyOFJDU3pvUGFPRE1vZjFIOGl0VWlKaEJmTGEtLXJDWldrTEFWejdEMzJMZGN4TlE1RUlXZDVwdEtxeHU2OGVXNHBiN0JDRGt2ZnEtc0pzYkhEN2hlWS01STlCNk1MVlN4eTNTUDVxNkVRNzVwTjduSUktTElxcUFuSVJYX1UxbGQtUFNxWWl4VEkwbU45aEJyQVhpQ0hMS2xQMG5hN1lzWHFVQkg1MTB3ZHF3ODdHZXRfM0VkdmtFMU5sVQ?oc=5","Le Monde","Europe","1784517989000"
"The renewed US-Iran conflict is escalating and threatening to spin out of control","https://news.google.com/rss/articles/CBMif0FVX3lxTFBDX1JObUx2NzlReFJfQ20wUWJicFRRa0RKQUoweWgwT0ZMV3RpcHJrZEtKeWEzQ3k1VHBqd0VPZFNQVERqaEdmZTVfNXNxLWFGRkF1SzhlNjN4dElfNDNkeEZnY2dzeDJ1em1HdWlZSzYwOFpDcGxWb3BzTnFRX3M?oc=5","CNN","US","1784520085000"
"Tehran and Washington Face a ‘Wake Up Moment’ Over the War","https://news.google.com/rss/articles/CBMijwFBVV95cUxPV1FraDNxV2Rla0F4TEZsY1JoSWkxX28zNW9pSks4WU4tWl9QTmZrNU8xekVOYmNaWnd4UGk1NklWODkycUpUMXA0UEhQQVdZd3RZWDNYWTV2R2ZrNGhzXzZaY2ZpMmFYVVdoN1NaOG13NlY2WTBERENhNURrM1hvdzFKa2NtRDFaNmVCMV9jaw?oc=5","The New York Times","US","1784520066000"
"Iran launches attacks after latest round of US strikes","https://news.google.com/rss/articles/CBMiowFBVV95cUxQYWQ1dThoOElndGEwbU91Z3ZBMVM5YnI1YUgwZnplSVdMaDhZbFlEdlJDem82VkJjN0pNZFlIckJydWZ4VTlHODVJOUpqTE85SkZna2VvRFV3bk1lVkc4ckhKSnY0WnJSR3V6U2pNNEJJZEYwbGtYbmQ2Vkw2LXU5SGNHaU9rWHR3ZjBCekhWRE9yVEN0djRkZzNKUjBRQmdYRThZ?oc=5","The Independent","UK","1784519040000"
"Iran war, Myanmar crisis and South China Sea rifts under the spotlight in ASEAN ministerial talks","https://news.google.com/rss/articles/CBMi_wFBVV95cUxPZDdDTjg1bjdsYUtPbmpnOThqN3V3c09BejlCVm8xOFRFZjEtVDM1dm5fVjR2VVBzcHhsTVBYLTVmalF2aHhVUkFkUXB3bHlWT2VsYVV3N1p0NUdpU0lSTnlGMVllRnkxYmtrcVMwTU8tQkNjVGRNa00zTHBHR2t5bC1jX0c0TVlxaGN4ZVlJR3phM2dHVFBBRW9VTmZhUkZscWhHNW9Lc3dTeTJOeVZyY2UtTjd1Z19fLXZELW5RNHpGR3BlZXZDM0FmUUszSWtzWDhOQ1lSNU41V05TeFR3Y0xsUGJycUNRSndwaF83enY4eTZveEczdWkzMFJKY2c?oc=5","The Washington Post","US","1784518496000"
"US launches ninth night of Iran strikes as strait of Hormuz standoff sees oil price pass $90 a barrel","https://news.google.com/rss/articles/CBMikwFBVV95cUxNR2lqYURIaDAySDVzVnJYZ2kzMVN5WjJLeUNxc3NKZmNRWS1NZGZ2RVp3Vkt3VWxBMFpDb1RoV1YzTWxsQ2RoVWN0UUhfQ09oQkM0T00zbElUV0tWbVNQVDVoNGo4TGZCeEt4Y1c5T2pwcFFKcEJUeVA3eGJNRnNLMDJqLW8xR1ZwcGV4dXdWSExpa3M?oc=5","The Guardian","UK","1784517060000"
"Iran retaliates as US completes ninth night of strikes","https://news.google.com/rss/articles/CBMisAFBVV95cUxQMGVLRjd6V1NIVEtWcXpUVXk3VURCeXdweUpKLUJoV0t0RkZtTWU4QmxPdUNqSzBKVHN0cEpFTlNyOHJMeVd4N0tWQmRJX25CdkxtUzhGUEhFNnl2Z0tUeXVUTHptRGJ3NjFkUHlZYlV3WUlObjhTMjNMbzJyOFpoMnJvemlFS05tSi14UnlzU1ByU2h3aXF5NlhVR2Q3VEUxX1o4dnNqMko1Q1J2OUU2eA?oc=5","Euronews","Europe","1784520246000"
"Oil Tanker Appears to Halt in Hormuz After Iran Targets Vessels","https://news.google.com/rss/articles/CBMitAFBVV95cUxQVVdOMVVoMGhDWG54eFFWNjFqbDFsX1ZKeFJHV0czQk1lV1paWVVnd0drU05kUkVMdDhVdW1ISDYxTlF2R1ZqWm9DWkdyd05xWkFrTjg3eUh0SDRMUVllR3RSajNPYnF1LThHdDEtWjh2ZTlWVGVuWkhGcERWbzB1eGZXTGdYRmozMXZJblVST2lIemp5YXhhb2dTWmFnNTdCQV81cVVMbC1HUkZsWC1hcUlUZ3k?oc=5","Bloomberg","Global","1784519940000"
"New US escalation in Iran makes Trump’s endgame vacuum more urgent","https://news.google.com/rss/articles/CBMihwFBVV95cUxOMl9HaFVvbjZtd0tDWE1oZHptRmtsM0JGVHFVTmdmR3FPR20zZTFjdHU1eXFvRW5yN3hNVWZXMDJXQXd6ZWhSV0x4XzVGWG43Si1oYmhqbjgxb0pfa0ZNdzZQTWJtcEo1aEljSmoxNzh0RjdkaVhJd2p0TG5fNnhJRzRvMVhvajQ?oc=5","CNN","US","1784520325000"
"IRGC says it struck US radar system, drone hangar in Kuwait","https://news.google.com/rss/articles/CBMipwFBVV95cUxON0cwb0xDMW10bHBUZ0NzRGptdU9qRGRmN3hyMURRMnNGdjZzaUxpS3FINUthajhHbUNPSzI1Yy1scWtvXzU3dlJMdGc1STE1b2VSTEZqYWcwMnF0THJrQndfUFhnUTFlRzZwcFNxbDZDU3JXTnUwYlgxczVJVHYxVGZFY004TzUwRWZ0LUUwUXczX19jbkJKOTdGeWpDUmNiYzkybmUwUQ?oc=5","The Times of Israel","Israel","1784520419000"
"Iran will end war with US when it has 'the upper hand in the field', says FM Araghchi","https://news.google.com/rss/articles/CBMitwFBVV95cUxNZVBVRE9ScGI5UWNKLUp0TzhGaEd1MTBkdm1zLVRKRkx0YlRsajNBUVpHaWQxcTR5RG9VZy1IY2puWDhYeWRtSWdVVEJTbE9JOVVTYVcxLVVBbWZsRlpSd1dBcEMtcUxiZy1mV0xiLXNUYTN6RWRIRzV5MWhEci14RjN5RnA2WXpaTndaMnBfSDdzMjB6UlNabWlTazVMRVBxZlY3VWNJRkNXY3JFVEtOMWxIclJPSzA?oc=5","Dawn","Pakistan","1784519285000"
"Iran's Guards say they attacked air base in Kuwait","https://news.google.com/rss/articles/CBMiiwFBVV95cUxPVzQzWEhJVUpERTFRbWtKUUE4ZFBvdnVVb3RqZGhrN0p5YU5MUlU5b2lnaTBsUTJRVEV3NFdJaGF1ZUZvUlpSY2NrcngxVDNWTWR0c2VtNGwxQ2ptb0xMV0daTGQzMlhRbHVoYnhsZlMxOXUwSEliYW9XOWxlanFXc250ZjZkY3BZdHNn?oc=5","Dawn","Pakistan","1784519188000"
"Brent Oil Tops $90 as US, Iran Intensify Attacks in Middle East","https://news.google.com/rss/articles/CBMioAFBVV95cUxNMXd4T1NxWHdWRjVsb3lIZ213QU9mSG1VdWJ4UlBSV3NoMTBCY25RbXdxUDQ0TXdpSTd6YTVmdExrVzdOX2Fwcks2anZXc0lUbFYtRkpOZ3VhSG5wM2tYcWt1YVNVM1F3MjBMZUliRzVsYTlEeGRqVGRmNnFnTHd1TnA2OXNHelF2aExEaUtVN1lzSzZ6ZWN5NVAyM2hiRFNi?oc=5","Asharq Al-Awsat","Arab","1784522980000"
"Rubio Says Iran Using Hormuz as Leverage","https://news.google.com/rss/articles/CBMihAFBVV95cUxNcTk5eHNFNGVkT09IbUxyY0x4QThRNVlKLUVrbzlEc3dzRWpzcGxCWDNhb2NLZXlrQnptWTJNSGFSQnBRNGZsTjFZRVUxTnVsZV80VVlIcWlyNzVtT2Z2YlVqMWJZOU13M19lVmRvU2hoR21ONHhjOGRWMTBYdkdWek4tbzU?oc=5","Asharq Al-Awsat","Arab","1784522703000"
"US Launches More Airstrikes Against Iran After Announcing Another Death of a Service Member","https://news.google.com/rss/articles/CBMivAFBVV95cUxNT0s1aU9ialdSU3QyekJVOXgyV2t0MGNaOEVPLUZweGZua016ME9VcTVfXzRISW50VVNvaGljakFsM2RiRFRKcWw4YWEtc1R4aVJacFQzUUpRYk9hbGxIa1dsWDZMMF83WGdSWkUzOFZqdTg4Skwzd3Z3WEdsN2NleEdrMkRXQjlGNVhPY3ZqRGxDaVJsWFBLT3RWMVpwRk5SNlV4TVFJdFRQTms2ckNwZGZaWHJGcXlFOUZibA?oc=5","Asharq Al-Awsat","Arab","1784522554000"
"US releases footage of ninth consecutive night of strikes on Iran","https://news.google.com/rss/articles/CBMitwFBVV95cUxPRWY3YkVzNE83bnB6R3RjalZjRnB4M2QyVHh6dG9MdkdtQVZsUmhQTWRVYmNMdGE1c1NtcndLakZDWTk3dmtheVZPcy14ZXI3aDhsdEE5VEFhM0xvcV9jb3J3VGFJX3VrQ010a2IySmFyRUNkNGQ3bU44SnE1QndNMDZBWWZMTEdwWjBTZ3pJc2NoMDl5WjJnSzVqdWVaQmtlQ1ZoZE9XMmdUSHFWTmpSQ3VrenI4YTjSAbwBQVVfeXFMTlpNWXkxT09LaWlmYVU4dFJmUTBtLUVtUFVTUkh1aDhpSnN0SXhuRGZJRmdfQWNrbF8ybFplT2VDRUd4dTdkLVZYTWxiTFlURnFZSXBLLVItNF9IRVpVUmRDczZyTEpyQ0taeUdZUVRiejI0US1uQ3hFLWR6NnlINU1wWGtsNjBJN2VzSEJ6UGJCV3lvS2VDVFBNNDN2Smt1WmtvM1JHclA5WEwxcWg5dE95ZlAxQ1hwOTBJazI?oc=5","Al Jazeera","Arab","1784522319000"
"Emerging-Market Stocks Mixed as Investors Weigh Iran Tensions","https://news.google.com/rss/articles/CBMisgFBVV95cUxOQU5EelhodU1KZ2VwZGE3eHcteWZfLVl3ZnNCME1TOTk4Z3ZxX3NNdWxwTm9Fd0NEX3hBdi10eGZ4akROa3lvYzhjN3VUSFJEQkwzVGM5bFM4ZllVS2NIX2N6eFRkWXVWcHZkUXFKSmxrcmd0MDloQ3lJd1EtU2NyY1kyN3k5RFVWS2I0X0xFeUh4R0RkZUxFTDQ1Q0ZNTzdRaEloOC1sT1h2SEJvRDI2Vk9n?oc=5","Bloomberg","Global","1784522700000"
"Palm Climbs to Near One-Month High as Iran Conflict Boosts Crude","https://news.google.com/rss/articles/CBMitgFBVV95cUxOa09mRjNxODlZem8tTk0tTy0zTG5PbFZtS1JLUF9TNmtLdnM2YmZTZEJjbVgzNFNIU0NiX3VpdWk1cFhyZDVNUDBBRGdVeFk3eWRqNUlBTnZ6SEdRdXBkV1NZdElpTXE4NGIwQk5lT1A3aWlkRnRJWVNIcVJTWVp0NGg2dVA1NmNodGx2Q2J5VDRFUEpsRGMwcF9oVGE5VVFtcnBFZ1lOTGp1MGtUWkZHb3RTM0ZTZw?oc=5","Bloomberg","Global","1784521980000"
"Kuwait says air defenses intercepting Iranian attacks","https://news.google.com/rss/articles/CBMioAFBVV95cUxNZm9RMFVXS0tBb0NVdjlpU2ZyNFR1bk1QMGlLc2pmVEVKY3p4ZXgzVW5Bd0dlZHVvV1k4akRIWjJVVzVFUlZHXzJzbkZVQXIxRGloNEk0MmFwaFBTRVRndlp2bW1TTkRWUkxGMVQtQlY1LUhpY3ZXQWxKQllpSGRJZ2pWYTdMdVBuRDZDTnZJN3U3UGZRQ2NpNGRNd2lSNUtB?oc=5","The Times of Israel","Israel","1784525219000"
"IRGC conducts high-fatality, destructive strikes on US targets in Jordan, Kuwait","https://news.google.com/rss/articles/CBMisgFBVV95cUxQSENsWGVxSDhERDBVNW5GaVdmTnBmTkJmUFJRU3BvUGxzYjZuNXQ4czVJNWtVYjViU2JfY29jSmNBNTNidTlwNUptXzZKbGwtWUo1YVdUR05Ecnk2Tk5zNmd5b241TWgzUXBnenRLMFlpU21iN1JwSVlJWGZabHVHd041clZqMHVwYkdhMUl2dTM3eGFBeV8zLWRRY0JKNTA3ZUJhYzRkMGdUTlJIQmZ1cnh3?oc=5","Press TV","Iran","1784524500000"
"US informs Israel of plans to intensify attacks on Iran","https://news.google.com/rss/articles/CBMilwFBVV95cUxOQmtHeGVIZnpVVTZtQU9jdWFOVWlOWGwxTGpjUnYxdl94SDRlYmpFR0hneVFZQzc1VEtXNmE4OU5hdlFqUjVpR2VzT1pnZ1N3ZHNSVDlrY3hucHdFVlNUTWlKel9tZHFIR2ctMDlsZFVLNmxPd2xIUUlGRGlEQ3djd0ZfMnBTaGxRQ3lvVTNuQWwwclVfSGtn0gGfAUFVX3lxTE5DbjdnMnE1cmFheG9LdVpOc3B4Y192bEpSVUlLdVNQMk9QdDFndzl3VERybk9nLWstZ0s4VVIxWWstZzhKZFo4Y2RuV1huQzJKTnFYUHo1M3lHZkFtRE5ZWERGM05EbEZBdjFXLUF2VW9EejZWQ3RxNWN5ekdKbEdxVXMwWjNXT2M4aFBST0R3WklxTWN6RlZvNTVNUzcxUQ?oc=5","The Express Tribune","Pakistan","1784524152000"
"Iran will take ‘appropriate’ action over US attack on Darkhoveyn nuclear power plant: Deputy FM","https://news.google.com/rss/articles/CBMihgFBVV95cUxQejk3ZkEwaHR3eS1oUXRocWF5aGtiWXNxZ1pPbFlFSW84RV9GQjRid3hFMTh4T09UbFFicEpFQUo5UXVBQXFHSXVBQ2xrdHhyLTgwQ3hPZ0MzV0tSR3NCc1BPVUp6VExLcUlFNS1NUUYyV1BxMWx6aE9NX1FZQnZmd3VYUkdiQQ?oc=5","Press TV","Iran","1784524020000"
"US still pushing for diplomacy with Iran if Hormuz strikes end, Marco Rubio says","https://news.google.com/rss/articles/CBMiakFVX3lxTE9wckZuV0ZmNDh2RVU3bHBEbThaQ0FvMm5CZ0w2V0tmcXBmeXFfNWNwc1o2emhvVlhqNkJrYzRYdTlBWWprc3RsWWhDWTRXdnhMSVhKOE9IWWRtZW9zTENlZjlFRGlITmJ1YlE?oc=5","The Jerusalem Post","Israel","1784523860000"
"Kuwait says responding to Iranian drone attacks","https://news.google.com/rss/articles/CBMiiAFBVV95cUxPcG5NRlB5eUtFNlRWVzJqLTl0V2VzY05tSW9MQU9wWE1PeTcyMGdxREZpX1VDNXV3VlE1MTB4cGdpd0ZJSDdSd3BGMHZtSmE0V0hjOThLemUwQlJYN2tYU1Z4YloxaFlQRGFCT0JGdFJHX0hYdmNBVTBUSTA2U0FKTmM4RW5UczBI?oc=5","Dawn","Pakistan","1784523695000"
"Trump: Latest strikes on Iran ‘in honour’ of killed US military personnel","https://news.google.com/rss/articles/CBMiqwFBVV95cUxQemtmZlQxOFBuQ2FpR2UtXy1vckJrUWJQbDdpLUdYb2hCejdWMkRFV2hqdUJxUEpJeENTc1RXcEpuckFSTEhJLTBKd3lpREpNdk9LT2xOdEFIVkV5WGxiSE5xa3hKNHNfWEhnMTJYMUhRQ092V0RLcVFDMTZVM0pjLXdrdC1JemFtamtNSzc0SVZ5Mk1KTlVZZW9nT3AxWXA4SjZhV0ZKM1BMTjDSAbABQVVfeXFMTU5ZN3RMTDc3dlNpLUlWSXhVdGt4QS0ydXJQZWxZUzBzcnkzaGZhaERRRkVtNm5QZ2w3YXk2Mm9Vc3BRODdEdlRPVENMLUtjaWc2TEZUMkRjZnBzZEVqUXRkTGpUQXdxMkF6NUc0cWtxOTY5c1VhSy1RWUdGVWZhbUstUm9HZWpJMUtqQjVEZUQzMmdOYXdOOHg3YktFYUFobFE2bmdJUjA5Mm4xYUVvUDk?oc=5","Al Jazeera","Arab","1784523199000"
"Islamic Resistance in Iraq vows to strike US bases if Washington ups anti-Iran ante","https://news.google.com/rss/articles/CBMiywFBVV95cUxPQjYxSXpQMTh1RGJ6eHpPblNYcFNjUmp3V2gxMDQ3djZMLWJTT1pqajVCQnh2SWZ0cklVRnZSX1JNQTA3NVNGblFmd1V4OGtqc0NUT1dSNjRXZEVHUV9ZVDl0bzRJZmdmdTBLVERhbmllODlRTXVCRGZUajY3YlRwUXQ1MHhJdDEtRUI5ZldBNW1maUNfai1yOEotalJ5YTRSY2oyY09heGV0OE92SkxVdGdSUTBETWJsUkVqdUJpN0tMVHNBUjVvWGFBMA?oc=5","Press TV","Iran","1784526960000"
"Brent oil tops $90 as US, Iran expand strikes in the Middle East","https://news.google.com/rss/articles/CBMinAFBVV95cUxNQm5qLWU1RUVFcVpFbGpMQUJ3SjZ6VFhzdEh1MEJDb1lxRm1LRllDRlpMelNsZUxPeFVnNzVhYTJsTWd6aklyMkxEcVk2UWs4UUlMOUdmQUlEVDF4cDVHSGZseGltVUZTcGh5ZkFzZVE0RGp6MGtaa2dTWEZVbldpZHZENW5pSzFmWjBfQkV4UEpOY1E0R0h4REpqSVA?oc=5","Dawn","Pakistan","1784526250000"
"Kuwait Army Says Intercepting Iranian Drone Attacks as Alert Sounds in Bahrain","https://news.google.com/rss/articles/CBMisgFBVV95cUxQQTBUQWF6QU9wb2F0VFBRUlJ6YTViRnlGOXNBZXp3RzJhZktGempleFhEbXVJbEZyX2JrVUJDUHlfSnRFeTNWb203dm02cFAwU1pHVzZDMzNvUk9fNWwzUkZoaG16LXRRcTc3eG5jYjVPbkxZSl9CY3RuS3d3Q2ZLRFY4SGVpTEt4Vm9mczBYSEhUbjVzSjNnd3ZxbGdXXzZuNmRUV2JSUGVuMllhLUdiNWJB?oc=5","Asharq Al-Awsat","Arab","1784525995000"
"2026 FIFA World Cup: Off field crisis overshadows Iran's early exit","https://news.google.com/rss/articles/CBMieEFVX3lxTFBHZTdtTFg4TVRiSWVfa3plZ05uM0MtT0ItTnZzekpsYzVJNzgxM3htTno2VDM4SV9yQTdtTDZwaDh4M1JuSFJqQmFvWWp3QUFxUHhuWG1OT1BXaEtDMmR0VDNsWi1mdTkzRzhNOUU4ME5rRDFnT0JPdg?oc=5","CGTN","China","1784525700000"
"IRGC air defense downs MQ-9 drone over western Iran","https://news.google.com/rss/articles/CBMioAFBVV95cUxOTkdrLXJZRzNqdmZ1Um9vajlWSWJyTkprUUk1MHlQYzNURUFBVnNMVGxxWmtMbmoyeDJYTVVRczRtMHhocTQ4VUFNd0lrUXJncGZoV0EzQzY1WGhsNHhZWjA3NkhFSDI5UVRkLVNEeGlXcFFSVlU5SlM3TF82bkMyaDVUdWNRV3NJSDN2LXZIaUx1dmNadXJkRHVBZEFoQ3hW?oc=5","Press TV","Iran","1784525460000"
"Rubio says Iran wants to use Hormuz as ‘leverage against the world’","https://news.google.com/rss/articles/CBMirAFBVV95cUxOdkxaSFBjSFlNUzFyazBTT1RhXzgwZmRaUDhWWUdXWjRNNzROLWphVnZ1dHpWeF82TkYzaUN0Yk15UnN1QWFjSWVweEtQNVVaaFN4Vjk1cE00Q3VFTk15V2xwbnBHbW1ISGZ3SmFQZmZYSDR4ZFNOd0prLS1XS21IOThJZk5penlQV2dBb3NLd2RRNThBd2FUZjVvN2lGMHc1UUxRQTlHVURGYUhE?oc=5","The Times of Israel","Israel","1784524996000"
"Live - Spain crowned World Cup champions as US strikes in Iran continue","https://news.google.com/rss/articles/CBMiwAFBVV95cUxQOFI5dUpfSC1QNHJzak1iMmdpaVlWZld1WnM4Rl9PSVVGaERaV1ZWVEV3LTRSZ0pURjd0eHlqdmZid05mR1ZPWEFOZko4anNjUFJ4dmtFenBMeVpUbEdCSkV0cUlBRGU2dDVGMk5mR0x2TnRmVXlZR1hueXZJS2Etb2FBcmIzbEZFVE0tbGRPNGdZZlRrc3MtaExHZG5JVWFiNlZWZ0Z6T2lZSThYQUVnRjJGYlpWWUN2dGtTMXlsWDI?oc=5","Euronews","Europe","1784527218000"
"🔴Middle East live: Kuwait says intercepting Iran drone attacks as explosions heard in Bahrain","https://news.google.com/rss/articles/CBMi5AFBVV95cUxQRVVsTjgwRnM5U0xTejhxWHhJbVZ2aFM0TXpKVWoxMUZzalFLWHlER2VVaENRVU44eHdxdmRibFpjeGFUMmlaR3FZbThFQzB1LWxzODVRTEQ3OWZDcGp3LS1pdk1vX1V4THdudzFTOGFrY2I5N0ZMNWRkbXA4b1lGZ1lZNklPR21heE5hMHpoVnU3OUJyWlI1cFZPdUZXWmJpZENTSW9wY19waWZVbGRaWjI1SGF4TGxZMWxNQ3pPSnpKYTVSRnZDaGlLVXo3NEY1aEFvSVBMNW9rYWZYWFNuQlRpR1U?oc=5","France 24","Europe","1784526771000"
"UK Gets New Leader Today, US-Iran Attacks Spiral, More","https://news.google.com/rss/articles/CBMiogFBVV95cUxPR3c1QWRiRjM0bUpKczFseXBlTW9uY0pmMndxYVJGYlBuS0IyNzhZQlM2akUwNFdtMG9obFNfNm1sZTFjN1N4b3VVR3RpTmZQWUw5R25QQjl5UEhJV2g3d3BHemNOU2s3b1lFT2RaNzZKekh3eXFoTk5VYjA1UkZQZE92NmlUWElnaVpaT1lzbzRjZVdFTGZEdEZVaUNiWGR4SVE?oc=5","Bloomberg","Global","1784526563000"
"CENTCOM video released as US launches more airstrikes against Iran","https://news.google.com/rss/articles/CBMiwgFBVV95cUxNTWc0SEZtalR4dm83dUVhUzdFX2RmQUd4dHVJZzFBSndyeXpKcVNrQ2hiay14OGZDcFNuWGhSbG1rN3NnWnNMZVRHSHI3MXEzWXJ0WFZHRk02a3o3SEZ0LWZTYUl5NFJaT3ZmRG5kOFNYWHBZMExRc0luclRDNTVRMWxvRkpjU3JkaVQ3WHJ3RHNFXzJqUHBnT0tmMXlRR0FuZjFBRnFmcEhQZDRWTi1kdFg5TWZqNm90ZE9IdUJIOE1qQQ?oc=5","Associated Press","Global","1784525640000"
"US Strikes Iran in Escalating Campaign After Troops Killed","https://news.google.com/rss/articles/CBMisgFBVV95cUxQeWF3cG1tYk9zdTFreENCWkV2R2JCZVVERTNWQ1p0b3J5VExEYlZnZE56MmZ5TnR6ZDBWcU5HbDExZ1MyRlctUXlscldzZmtzcG0tUTZFbnRsb0N4QmRmNXdKV3lKSFh3TWZnTy0xZlNqTFNTM3JPSldjQXFXcFRfVTFWYW81X2ZXLXNzdHJ5Uzg5MkJZbldoRi12SVJPekZ0ZXgzSEluajVGVUpVLTh5eWVB?oc=5","Bloomberg","Global","1784528400000"
"Video. Spain crowned World Cup champions as US strikes in Iran continue","https://news.google.com/rss/articles/CBMiuwFBVV95cUxNNlMxX2R3N0tjOFR3QVQwTXRtLTQ1MmlUZ2VEQkpWeVpKOWs5Q0Z4NHlPQ3g3eTVzZC03SXZLU0FWc0RoNU5meURWNk1xM0ZQR0RsUkRNZ21WV3pIZzc0TVExWGxKcXl2UElSZWVZRUJ1d1NxWlF4ME1KVzQ1WUFCM3BPZlUyejJiM08yYXRTdmlNTXBZT0V4OUYyMS1rcVhwOURkWEdlb3IzZjBZcC1wek56S2JXNVNBQWIw?oc=5","Euronews","Europe","1784527218000"
"Iran’s indigenous air defense systems rapidly replaced during war: General","https://news.google.com/rss/articles/CBMiuwFBVV95cUxQZWVuQ1R1NW52d21mMlVnYnA4cXVGV3BwcVpvVDVUUWl0ZmdBY1ZWNzhaRGJqeEUwMHlzNHJRYmNMdGlDRE1WYkM5Yk1JUlZ3dDRZQ245Ulk5T2N2alFicmNKdl9KVmgzSXI5NU9iYWw1NVBTdVJ4MWpqVG1TRktBUEdNcngyd002TWk4U24yaFl0THpEZWd4LXVYTkgwVHItYU5oR1cycmpwSm9NZFZCTER6WGoyYUducmFn?oc=5","Press TV","Iran","1784528760000"
"Al-Zaidi Hails Washington Visit as Iran Distances Itself from Criticism","https://news.google.com/rss/articles/CBMirgFBVV95cUxPQzFfS2YxbDVHdlg4aTFqTHMyaWtNLXpUeVoxU0ZVZXo1NTRndjBmblVwbDR1ZWViMERyRXdiNl9GcERiYXRIQVJpTEJUNUZjcW5BYXNvaC00TURwSzh4bXEyOHdMYTl1RDM5dkczMThfbUlqZFNIYllSWmQzWXFZdzRycXZsbHdsMUhaRmhzUTdCN0ZPQ3BNZFpXUGRQN3ZrNEY4Nk5EVE9XWVJHd0E?oc=5","Asharq Al-Awsat","Arab","1784528758000"
"US military releases footage of latest strikes on Iran military sites","https://news.google.com/rss/articles/CBMixAFBVV95cUxNVVlPYmNZd2FLRHVyZThHclhUSUhjOVRqX2tlRUFWNWJSUW9LNjdyQWhoTWI4SkpDbmZobjhrTnF5dnhsQWkzX3pYcjRuMWprRzhzQTlmR2cwMnhfOTNGMjM2STBTVnlzRzRSb3ZnX25jUnlnbi1UUkhsa0tOaWVoaTkyWXNlWVZRalNLQ1FmNDdrYkRlRFFjVlpHdU5mdUVRWFhLVnRTcnR2ZDBZX3hJYW5mdHlRa0FXM1pKM2dQVXkxdU1Y?oc=5","CGTN","China","1784527909000"
"Iran FM Says ‘Security Breach’ Led to Khamenei’s Assassination","https://news.google.com/rss/articles/CBMiwgFBVV95cUxQQXBSZzE1NUUtdXdPMUZ0QnhzR0poUTVud2FKRlVfUzEzRzdEX3dwdWhMSzFOb18wYkFXR2stNWJHSU5zWEcwLUxWc3dIS3I4dng1Zjlzeng4ZjgwUzlUVHlNS0pLUkFXVklzYlh1MFJzZjVKNXU3eExKREpHQ2EycFh4UEhKZDhUdEplSGk4Zy1mS3NvUnlGb24wVHV1VlFzWk9kX0ZrWTQ3bWxlTm1HeThPbklZcXRlTDFvOU12UkNEUQ?oc=5","Asharq Al-Awsat","Arab","1784527719000"
"Live Updates: Latest from Israel, Iran, and Middle East","https://news.google.com/rss/articles/CBMif0FVX3lxTE5PSDVBcWtPa1F4d283WVVTbXZCTUhnYy15cXZzdS1HYmlCeVZiMkYyT2ttRE1CUTFOTm9BVWNkdFpvUU05Y2lpaFNjX1VDS0p2UkQ0QmhBU2paZEQ1dUJwSk9LVGozWW42UmpSWEZRWU9PYV9lQU9lRDhQYmg4eFU?oc=5","The Jerusalem Post","Israel","1784527205000"
"US strikes hit Bushehr, Iranian city home to country’s sole civilian nuclear plant","https://news.google.com/rss/articles/CBMixAFBVV95cUxPcTZQQV9SZmZrM09ucXlUN0ZZS3hZWUJybFRrTWNkSXhKanZ5dnBkcms5TThnOXppV29sTTJibkNnc014QzZZclFKRWtGemMzYmUyUHFKdXA3bmNLVXEwdGhsVXNTLW9DMUpZVGJHTG5CY1JwZVg4Yk0xQ1VNRzdGZ3o4cFJvM0Z6UDR2X3VZZWJxcjU0R0tkdkRvaHMwOEFHOURWR1FxQVRDbkluQ2Y3X1A5RUN0eG1zTUxWUlJhcWdGbGsy?oc=5","The Times of Israel","Israel","1784529719000"
"Iran-US strikes enter ninth day as attacks hit US base in Syria, aircraft in Jordan","https://news.google.com/rss/articles/CBMiXkFVX3lxTE9LWm0zLXpJN3BwNXp6UlROdGhQOVZFdmdQczhEaGpTeDQ5Zm9oaUt5RzdSdmZpU3JUaGQ2Z0xrTUJ4S0dFYUJuM1BVUXI3Ym8zSHZBTkhwNlJuRUV6NlE?oc=5","Arab News","Arab","1784529169000"
"At least one killed in US strikes in northwestern Iran, Iranian state media reports","https://news.google.com/rss/articles/CBMixwFBVV95cUxNNXA2SnNUd21NSHJWLTJFRVNNemtYRkpLT21xb3pvU2l3RjFER1hsVHVoX0d2elFOcnJOTFdoWTNhTkIzUHdfS25pU2phblh6WWZuYjhzV3VsRTQ3UlVXcFFybElrZU9nRzVDa2xzc1BNUkhvSy11elpzUXBONTJweHZHd24yY1NoV0JrcnBPNW1uaXdQdW5BdzExVUZEV0xqdWpJWDB2cUdRaE9SaG91b3VzVjJTY19BWnZwMFYtZGJpbVpMNl9r?oc=5","The Times of Israel","Israel","1784528519000"
"Several points in the city of Bushehr were targeted by enemy projectiles.The governor of Bushehr stated: ""Moments ago, several locations in the city of Bushehr were hit by projectiles fired by the American enemy.""- Iranian media","https://news.google.com/rss/articles/CBMibkFVX3lxTE1NSk53LUJ5NzFxU0FWaUVWYVlUc3BrODVIY0hUWTgzckp0TUVuY3Q0Wlo0ZWdtTk9qYW5RNGhPRDNFbllxTVlSeDJBLWkyaVdTS0ZYSVBieVg2T09OSUtWdEpwcnJCMDJMb19jRkJ3?oc=5","CGTN","China","1784527732000"
"Trump says US strikes hit Iran in 'honour' of American soldiers killed","https://news.google.com/rss/articles/CBMiWkFVX3lxTE5ncUZlTmlVRTlRajA5ZlVWRURzQkR4MTk4TUlKdURpVml0TUcxS1F4ZEtKM3NCcUFkczAyVE5MWG9oTkpYbk11Y2F1M2ZKZE11UDRQMmtxNVJVQQ?oc=5","BBC","Global","1784529115000"
"Oil jumps above $90 as US vows to ‘punish’ Iran","https://news.google.com/rss/articles/CBMimAFBVV95cUxQMGpTOVRlcGFKNkxmcDJxNGp3SWlsdmhkWDJMampLRkIyOGJEVTJ1bHpHd1MxUFlKajhQdlRsbk9YOFJNMm9oR0ppaG9Ma0prTmtnMFZ0OURjckZvYWk4bnJqSnhNT1plbXRXYVBGZXBrc0FHR2diRHppWlJiYzgydG44Z3FMTEE2TGRfSmhNQkhzY2hiaHh3MQ?oc=5","The Telegraph","UK","1784528460000"
"Major Gulf bourses mixed as markets assess US-Iran escalation","https://news.google.com/rss/articles/CBMisgFBVV95cUxNa0JISWdUZmd3ZnVZWTZKVnlsVDZKYzEwTjk5ZXJybjhWUnJQUFBxRUpLcjFqOG9zdzhKaUdCODNvV196Yy1UNU04TDlZT0syT0VvNHNoX0h0MFduOXA3M05ZV21MdHFya055bDRDMjc2S05aUkx3RlAyZUVqVElYOTRYRl9xaTloVUplSnJBSG0zSGJkNFpfM0Q1bDhLOEdIUDF1VWRnM0lfX3FaQl9NMnhn?oc=5","Reuters","Global","1784531874000"
"Oil Climbs as U.S.-Iran Attacks Escalate, With Brent Back Above $90","https://news.google.com/rss/articles/CBMiswFBVV95cUxOTHluNGRQd3ptc3pYR0RRM0RmN0tfUk4zVFNLbmlFbklHX21RVklEMDhPa0NrRmJDMkVxWkdQY3JrcmxMOEwwc2pFSGYtaG5XTDFmSFNwMTY2SGZVTUF5VWtSSmFCRzJtMjFJWU51d2NxVXJUdE5qUG95dXBoSngxS2xGbnNYZHloWXQtOC1yNGZBRWd1S0g5VFRIUWtjdDhPemp4Ql9pcDFIeFk1WUFqbjVlaw?oc=5","The Wall Street Journal","US","1784532300000"
"Iran war briefing: US preparing for greater escalation with Iran – report","https://news.google.com/rss/articles/CBMinwFBVV95cUxOZzBtSFBxd2RnSDRwYkZuOGZaTU4zaF9BalVaYVdZSTRJc0RSaFJQYkNXUGlnakVzMElYa3lOZUJSZ3RYTzhxRjVlYlNza1h0dTZ0ZkFUSlNibDBWUUs1Wl9nUXh6NlF2aGd0RVhibUkzMGJoUXNrU05TQ19tUEJkMlhJV0UzdDZWTmJhaEZQR3FPWEtXZ3ZVZkVDblBFUWs?oc=5","The Independent","UK","1784532060000"
"US bombing of Iran expands as American troops killed and Tehran retaliates against the Gulf states","https://news.google.com/rss/articles/CBMi0wFBVV95cUxNbEtmMnREd190TUVrYnpFUDFrYkxvU0N2R0RnTGZxZmNXNWFaUnRFQ0c4Q2tEQmd0WXF1WDc1ZVZJUTRyYzRBbmhlaXhOOGxQV1FLSXRvU1NSbE5LTUx5eHdtbDEtUTV1eDlxVEtiQTZUY09fMDBweWs3VXFUVUVUaTNPUk94MEdLeEVPbW10WDJ6dTFDMHdHbUpES2dmY0dKUG5Ja2JuT0d4S2gwakNfM2FrU2dUMlB4aEdEWmNFd3poa0oyZGNZV05NaVJrQngybUhV?oc=5","The Washington Post","US","1784532046000"
"Iran says dialogue ongoing with US despite clashes, Tehran will pursue diplomacy and war to advance interests","https://news.google.com/rss/articles/CBMi6gFBVV95cUxNR3ZFa3dNYUxjWDVTdTIzYURqa2hjcE9UcndNSDV1eEFSTUNiQWc5VzA1cE9TMlV4THpic1V5Tzc2czY4ekd2VEE5aDFJSjFuMjEzTFctRFZiYkw1LTh0cFFsZC1DZVBMaHZnNnc2WnN5cm5XZ2J6UEZlSXpGZlVmVDM5MU5YN3ZMWklNXzZNYmxPSFFWc3lBdzdXcXNwSnBhR19mSFdCczEzZGhLNE5jSlI1MW9iMXhBSXE5Y19PWlNpbjdkbF9wWlRtMWVWWFRrR2c5alU0V1M4Z29KR3N5UElzWnZ6ZFBrVEE?oc=5","The Times of Israel","Israel","1784534221000"
"US renews attacks on Iran after US soldier killed: What’s the latest?","https://news.google.com/rss/articles/CBMiqwFBVV95cUxNei0wOFRnQmpKVU9zcUlUYTR2Q3JkV0FmTThoUUo0NHQyaHlTSHpTWHN4eHRhcGVBY1RmeEZXcWthTjkwa2VKVlI4TVg3czRDRzhGOTEyN1hSdkpFWkcwY0J3eHgxMkVrTDJ6NU1GWTh2aENFSnRQVXZnc3RXSTd4OFBUeU95ejBTTzZrUzdXUldEZFhKbjVJNThVVThPeE5RV0N4NGJvVDZVQnPSAbABQVVfeXFMT2k2RFN3R1VGc0wyaFlpeEx2a0piVEVFWGZOWThBdFk5UnNIaHNabkdxTHhTUUs2d1NIN04wT041Tlp3LV9sQVBmMlo4WEV4N09BZGdKQ2dzQldiVGZDc1pkTTJ5Mmk3Tjh2c1Y0TkRoYURqeFR0YjdPT2tZdWFnQjRmT205R1lWb2RGWWpRUE5pU0c5bU9Ib3h6a1E5bThXOHhhYUUzT2NiNUdpRy1JZl8?oc=5","Al Jazeera","Arab","1784533793000"
"Iranian Foreign Ministry: We will not leave negotiations with America","https://news.google.com/rss/articles/CBMibkFVX3lxTE56ek5UV1Z5ODBTM0MtdklIUDFoTU5CRHlTdnlzSmlJa3NvUkZRakktTGVWeW5LYjlMVnhKNHBDTy1MM3gtbVNkWkhsVU9ibmhvc0I1cmU0cC0wZXIwQ056Y3VNYVNxUy1ibjJCZUxn?oc=5","CGTN","China","1784533329000"
"One killed, several injured in fresh US attacks on northwestern Iran","https://news.google.com/rss/articles/CBMipwFBVV95cUxQWEdUWlBONVRsVXpJR0JqSHVLTzNKeUh4TnVUM3plR183bUsxTlowYWVDVjdhbE94OVNkYWZiRHZSSzBSX3hqa3RvMUh6UjVLMFZ5TjhEN2Fublc3RVBFOFR0eEJzS20ySm9HV2hFZjFITVFaYVVnZklMSW5nNFQ1Rlk5bmpOcjg1cktOOGNKYTBYbkNqTFZWRTI5ZXoweXhPQkZHTHdLMA?oc=5","Press TV","Iran","1784533320000"
"Iran congratulates Spain on 2026 FIFA World Cup victory","https://news.google.com/rss/articles/CBMifEFVX3lxTE1iTWJkZWE4cVAycHNUUXQ3ZlJTSWVrd0Q1VXg0Ni1kWVdQOUJvU0JHRlIxVi1IUl9wQzNIYkl3ME5nSzFOT3AzdTFjQUFYMHJCelhHLUtEZ2tNSXk3OE9hR0p3YzVGc0xGNWJSd0dhX2txZnEyT1NXcjliTU0?oc=5","Press TV","Iran","1784532600000"
"US widens strikes in Iran","https://news.google.com/rss/articles/CBMifEFVX3lxTE5pOUlhZVdsRGNDMUdxUHd1RmtVek9IMmlUOEVFUUtLczVkb3U3TUN0ZEdIWUZwaTRsc0VtclpHMWxqNjBZS1NiNmI1NC1PZDlrNTV2SER5ZDJqYktqMmhXRlZKU2xIZFNYLVpUTFVRQmFKdTlnRGdYY3R4cjQ?oc=5","France 24","Europe","1784534348000"
"U.S. Average Gas Price Returns to $4 a Gallon as Iran Crisis Escalates","https://news.google.com/rss/articles/CBMifkFVX3lxTFBBbXJxbTRYN1hiX2FDeEpUb1UzdXB2c0dzRkgzcTlNSzVGbG1wdlV4VGRleWdxcUFIaE90NWxYZVRmQmhTRFFDX2IzUlZGOG53TDQ3SmhwYVdFbG1aeDZ1VEtCbUUtMGMtYWptUVpRNVQybWdyMzlTWTNtemlzZw?oc=5","The New York Times","US","1784534255000"
"Spain wildfire video falsely linked to renewed US-Iran strikes","https://news.google.com/rss/articles/CBMiWEFVX3lxTE1VT1pXRE1SaVZyU2wwblIzNHd1eVdwalgwY2NiRjN2eFFYWnhNbHp6WVVXYURBX0pJNEtEQks3aU13OWtRb18yNUJtd2xvZkRoQkIxU1gwSm4?oc=5","AFP","Global","1784535488000"
"Iranian Sunni cleric killed by unknown gunmen in country's southeast, state media","https://news.google.com/rss/articles/CBMiugFBVV95cUxOYjJVZXItX0NfemotUFZyTmhiUVlYTkVwS2ZXeEoteFpnUlBoaGpvM056dkt5OExsNFlKX0s1SjNlVU1rdVpzMkM2TkRIU3ZpUm56aTdnUFdndTdZMlFpMjdlekoxRXlETXJvUko1ekpnYWdRTk4ybWFEd1ZUbmNPaFhHMDc5aXM3alM4YmdPYkpZM0V4Y3NPQ0tYOFBrbzF4VjRsNE1LNUZxWEhxWlVMTEluS0xGa0UzRFE?oc=5","Reuters","Global","1784534671000"
"US Bombs Iran for Ninth Day as Standoff Over Hormuz Deepens","https://news.google.com/rss/articles/CBMirwFBVV95cUxPcnFHQWNyTWNBejFIODB2cW1qRnNsb2IxQlFBOTNQN3hkb2hrV0p0TGdaTEpfZVJOdjc3RHVqX0xLQ3hDT3QySVllR1E0Q3B0Wm03VnlwY1JGTXZ6ZV9NRjY0Vk5MQUpQaTNIY1dybFlrQXpqcnNzM3oxejhXaHBMTjBWbGx3R3drZHFLcjdyX0FRNFk4cTFfN2Ryckxab2xwLXlIMW4tZUZ5ZmdESXdV?oc=5","Bloomberg","Global","1784534433000"
"Iran says it won’t allow Hormuz to be used by enemies to threaten its security","https://news.google.com/rss/articles/CBMiwAFBVV95cUxNcGJiQzBXQm5UWGdUU0tXVWp0eFZhbldtS0JqVW5uZW94WGwwTUduR3loTkpoQ3VOcXpITG90UktnVW1hdy1aeDNETzZrdEdibWNnMGk4Ukk4Rk1kc3o5VzFfdndCal9oaGxPN1gxVXdkUkZ3Y0hSRHFMMWpDaHRZQzczVUJfRkwxeFpPQ1BheGdfdUR1cl8wRlJyTEhMUDBDbGxWTENYX2kyVFRLNVVDWk1MZnUxZGh6Y3lpSk42X3c?oc=5","The Times of Israel","Israel","1784535719000"
"Iranian Sunni cleric killed by unknown gunmen, Iranian media reports","https://news.google.com/rss/articles/CBMiswFBVV95cUxOV2NKMU1NTEJIeG1sUFpKNTJ6SUtLVDhSNlBGMURMLW9tMUdBNlAtTVFCQ212cHFhQmxvbG1FSzdaSTlzazFZWkhkMVhZUktTX2doU084NkhJMzFwNWRneVlpSlp4Q1FTV2pfVEpSTXF6ZjNwRkZYUURYT0JPbE9XT0d4SS0wcFFneFItRWNrSmhzcFJkRWJlYTZJckVvcURLQ1N6ajBDSzVOdTZRRkJMbjFkVQ?oc=5","The Times of Israel","Israel","1784535145000"
"Urgent: Iran says received proposals from mediators for resumption of negotiations","https://news.google.com/rss/articles/CBMifEFVX3lxTE5JLXoxNlNnWm1BbWUzeFZTYUVnT1Y2b25DSnMwQ0hiS0hzTkZGdHZMcDlDN2l5cTY5d19DYUg5NldHYk1SMmVZQnZ2S2lXb2g0YkgydjRmUWlJbzdUYnVaaGNmM1hCcEFZdnZaVWpHVWlCQjRZenJpa21tazg?oc=5","Xinhua","China","1784535075000"
"Friday prayer leader assassinated in terrorist attack in southeast Iran","https://news.google.com/rss/articles/CBMiqwFBVV95cUxQS094aGJoRTJoVThZOXdNbDgwVjJNMkRtcm1EWF9RTlJES09TVG12LXYzWEVBRGNGa3J3c1QzTzh4WEx2VDNiYmVxRGpRWjNQLUkwR21HNGp5Wk1vQzFURG9XcERQcnJRM2pXR1h0UVdkSkZ2SnAtSHo5WUtkQWVWWVFWVzFhdWVDdjlNb2tmUjJrZ1AzVU43UmtOTHlBY2Ffa3RPM1Frd1g2WXc?oc=5","Press TV","Iran","1784534760000"
"Spokesperson of Iranian Ministry of Foreign Affairs: Regardless of the agreement, we must not allow the Strait of Hormuz to be used to threaten Iran's security.","https://news.google.com/rss/articles/CBMibkFVX3lxTE4tZEdSbnQ4U2N1Q1FYR0lqX1pNY1Q2aU1HOExtMjl6eFI5MWtYOERkb3BlbkEzUFJuMmdsdGM0NE9aQ29aQlNYOFJfYWYzemZkZmNRZ2o1YWFXMzUxTVlvTU5mUTgtelJpNUR6aWh3?oc=5","CGTN","China","1784534636000"
"Iran says diplomatic exchanges with US ongoing via mediators","https://news.google.com/rss/articles/CBMimgFBVV95cUxOdEJGLWFmYkNDVnJFQ3ZoZ3lnSHhEam5IT3VNQzdMbzEtTGRJR3NwaENqSUlSNlZvbTk0UjNnckpkVWQ3SXVJa1o0d1g2YmN3Nk1BQVo4TTRxTkJMTTdEdWJXci1vRUtVYXFHeHBIZm8xV2FDakFiODJiZmZ6eTVZVDkwX1l0NHZ3OW9tWFRmR0VKdEU0QVVJd1ZR?oc=5","Dawn","Pakistan","1784534334000"
"Al-Arabiya sources: Iran's Minister of Interior arrives in Pakistan today with a special message from Pezeshkian","https://news.google.com/rss/articles/CBMibkFVX3lxTE1SLW1ienhDek9CUktRUFJYVUpLb3RiWExWZ2VpbUpWSlhhLXBUZFFXRVN5dXF2OGdtY0daak55Nm5lNHo3V1hjLWtXWmlhbW5nUk1acDhtT084VTV6alh0eEdtc3ZQcG82M0NRQjdn?oc=5","CGTN","China","1784534121000"
"Iran war in spotlight at Asean talks","https://news.google.com/rss/articles/CBMiekFVX3lxTFBjN0psMWJETHVaeGVSbERIRVRHQ3dyOUVtVXJJZ3RkVlVYRVgwWldIYzlwRS1SMURPRlRhUmJfaEJZb3F3MzVscndiMXJEQkEwTS1fTVdYWVY3dllwcVRpVFMwUFZvS2FfYnVEZ29oZ1hRNVZKQmthaEpR?oc=5","Dawn","Pakistan","1784532823000"
"U.S. strikes hit multiple areas across Iran","https://news.google.com/rss/articles/CBMifEFVX3lxTFA2aGZXd01MNzQ1cmMyS0JDVXd4QUVaUWpCLUN2bTljOHVudGtvUXZsaDg4cUZDX3puWmhramlhYUJFdE51MFV3U191Nm05bXVvNXZERExBRWtDbEluRmlhZGxSbnZJMG11RXpxTFkzeTVyaXpqR1B1cEZfSUE?oc=5","Xinhua","China","1784537835000"
"Mediators between Iran, US still proposing ideas, Iranian FM spox Baghaei says","https://news.google.com/rss/articles/CBMiakFVX3lxTE80bGEzWElLaXhqQUhGUjdKM29lRExpUU1MR3lYaWp4R0RIT19yZUgwS21ERTNoc2N2eTFDN2s1ZkJDbXBkbnlmeldaVXNvQy02NG1NbzV6Wnd4MUxubGM2TUFNdnZIQVFxYlE?oc=5","The Jerusalem Post","Israel","1784537208000"
"Rubio: US ‘open to diplomacy’ after ninth night of bombing Iran","https://news.google.com/rss/articles/CBMisAFBVV95cUxPWVRtSktBbFhPQUJQUjF2Z3VOMlZDZ1BFc1MxWkJtdWNBQjNiX2xfOFlZRUpwZ053M1BGZkowalNZUUo1MndrWjltb3lmWTJ3QmN0V09fVzNuS1ZMcmhTeWRTRk9wLXNQT3MwSktva3FZenFKbS1IOE5Ja1E0YndkM2NHNXZ1OTBYSzNuVFpXMDhvU3VCTzREOXMwWGJNd3puMGhQQkI3V3FSX2JsQ0ktdtIBtgFBVV95cUxQUlBnR0JSMzZRQW1UQS1CU01RQ20zU1pxdEVCeERYR2RTZGE1TWI2SFFZWFV4UmVydHd5VXlNRExuVDhlTzBvVVpmRDNIcVVWVFFNUTZtLWRHQnE0Y3Nfck5kZ0EwM2ticFVpQjM3NG4xNmhtMmZTTGlQbktGRjJmWUpRTnZzLWNyQlpWYUdrc0RBdFhjVWJEWlRUR1hFVUMteHdTZ1ZHRGg5ZDN2RG51eFRWcHl2dw?oc=5","Al Jazeera","Arab","1784536888000"
"Iran’s top human rights body slams US strikes on civilian infrastructure, urges UN action","https://news.google.com/rss/articles/CBMizAFBVV95cUxNcEp6Zl85alo5Rk4tYk5PXzVKMFc5b0VfLS01UUU5UDk3dlpUdGpvNmJIUjFyQjZsell6U0NFTHpLZWp3Ul83UEVHUjJXblJhUzllRW44a3dpY2p2WEw0c3V6NWVLeFpUTmNHQllEcExoUU91aXd6SlJBSGlMdzFxMTBGMUpoRlBmOWxSNnhRdFlZMXNQN2ZENjNLVkwxQU40VFBiTTU4czNvODA4V2ItTVduaTh3VTRJMlAtMDJRWGc4dWd3MkN5TjZVVEk?oc=5","Press TV","Iran","1784536500000"
"US gas prices hit an average of $4 a gallon again as the US and Iran launch attacks","https://news.google.com/rss/articles/CBMikgFBVV95cUxPdnQwZTRwYkFHa216RUhGUDBkaUVQQW8xeWk2S180OFo0ZUExYXJPcnZGUW5DQ21QSEpJRlQ1M05tcDNYZ2Z1MXRsNGRSbFFXREw1RWFUZGVhNnEtMnFBRlVsOGNvMk9Pd0NFM0hKRlkwWVhXNDRYY0U5bXd2QkZheTRfOUtLYi1kWXlvb3BsellRQQ?oc=5","Associated Press","Global","1784537700000"
"Oil prices rise as fighting between US and Iran intensifies","https://news.google.com/rss/articles/CBMipwFBVV95cUxQY1VpdkhzRXVlM2xWdlRxVHdEYjBkbjA4eHJYUU96cnYtNFNjaUoxZWJhMEE1YzlLZUVKSzYwVHBkeTI5b1l0MERURmlWMVBjQkpoSlhvckxpU1k4UG0zdVpmSFFpZ2pxT1ZVQ05UdWp4Z3lwbWVILWlScWxVLTM2bi10bExZeTNKbnVyWlVXZ09VU1kwYjhUT3dEM2d5QWR0SDRWem05MA?oc=5","Euronews","Europe","1784537610000"
"Trump celebrates World Cup success, comments on action against Iran","https://news.google.com/rss/articles/CBMiwgFBVV95cUxOcUxHWkhrLVUzS1g4NS02RHk2VmpkclNzYk9Fc2JZX0JiVktTT3hUbGNDQkw3UWxyVGdzNzlwc2wySzc1T2ktSjRhcU9zQXRYcDk4NTF6UGxTLUN5THpCSzdfZUQtUjYwUE44QmE0a21FUWpPT0Rwams5REhCQVJUR2FJYkhfb2RnaDdHQm5OM0U3RkM5R3R6am15UXdZcVc2NTNxZ19uY2VHajZFU1RqcnBPYW1PNW9RSG4zaFo2d1hDQQ?oc=5","Associated Press","Global","1784536380000"
"Pentagon Withheld Dozens of U.S. Military Injuries in Iran War","https://news.google.com/rss/articles/CBMiigFBVV95cUxNeThlaHp1WlFJWWlZWmdKSUE1azhyc1dNZDlqQlFqd09VQXJ1RUlNLXF0OEJfeUhzdnZRYnl1REV5UjlUVmd5T2RKTFdnV3VCTlVGd3NzYTJTRkszMnhQUjY2SmdaSnBaSGFhU3V4bWo4dGlibHl3aUZ4c1g3a0NyRmxRMEp1VlNvekE?oc=5","The New York Times","US","1784538137000"
"US gas prices hit an average of $4 a gallon again as the US and Iran launch attacks","https://news.google.com/rss/articles/CBMijgFBVV95cUxORHJpaXBRWWhnd2NEMFhqTU9aMjFVbXlUX3VZMDhHbC15emlsbUNBQVZLSDVGZVpiVWxzV0pvRWJ6eUNNN0tia3dyTjdubTk4UDI1NUl4NFdoTVVfbnZYaDF4RlJ6Vk04ejBYemJ3bS1rcU9vdER1VzRzcEpnX2trRlhLdDJGSEF1Ny1YcGZB?oc=5","The Independent","UK","1784537760000"
"Ryanair profits slump as Iran war sends jet fuel prices soaring","https://news.google.com/rss/articles/CBMilgFBVV95cUxNY0lneXZob01vRUxSY2pSSjNUaEkwazRNRXRrQTUtdmgwdTN1SXUtM0xma1FydFRwc3BZcFpzNjRvcmhLREppSVZ2NVEzbmZmZ0hQZUd4UmJsMzJPZ0QwRVdPR202VEd1SGRUQ0U3VGNuRGMxQW9LZzZ3Y0FUelI0eEdlNFQ4cHFpclg5RTJjVmotZ3hXUGc?oc=5","The Independent","UK","1784537220000"
"Oil prices surpass 90 dollars a barrel after fresh attacks in US-Iran war","https://news.google.com/rss/articles/CBMikAFBVV95cUxPeXRGRC1YbFU2djB6UUpxVmsyNVJSckJ4dlY2UTIwQnBCWDZrS0xSdnNqNENBbmhhcXo0X0JhQ3ROWHF2ZENQNU01cWpXNG42UlFIZEQyVmZlcUhYblVCVE5idVdYZmQ2Q3k4cVdIOUhobEJLdWh4aGpmYmdSa0VuMFFaVFhjTS00YVA3YTZ4Smw?oc=5","The Independent","UK","1784536800000"
"Oil price soars above $90 as US and Iran escalate war","https://news.google.com/rss/articles/CBMinwFBVV95cUxPb1U1Z3VJbjkxdzNkMVQ0V3lkOWRIVGFhT1NhRTRVcDRxWTlQUEhqRGQ2RU9pcWtrYU5PR2NKclg4cWZqamhxUDloRzNWeXNqeS0yN2xrYjhNQmFFdi1hZFhBX1RldmdqNHpDdGkwbTE2RW1NMkZBYXR3WGFoc2VHMlBQWjUwQWkzc3YzMmdvWFRyZlRUZWFUSjdKeFd6bDA?oc=5","The Independent","UK","1784536500000"
"S Bombs Iran for Ninth Day, Spain Wins World Cup, More","https://news.google.com/rss/articles/CBMiogFBVV95cUxOX2tDcWoyb2xyTU9STWo3VFhaNWpEREVTY0xTM3dXcUFkY1VnWlctaGdBZ3U1QXY3RTJNV2lFbjJ6YlJvNUhYS25nS0tpUDE0bmZDc1g1VTd3bWxuRkwwcDFXSktrOEs1VTZnQkNpaUp5MnZ4aWU1b200WDRVU2trOE9lVWtqZ1o1c0xiMkF2UE1NRXFLcl9ZT2VKZE5CLWF1OHc?oc=5","Bloomberg","Global","1784539527000"
"Trump says Iran strikes 'in honor' of slain US troops in Jordan, Iraq","https://news.google.com/rss/articles/CBMiZkFVX3lxTFBUWFRnY0U1ODU1TkFYbWhHRkl6bGZWQUx4V3IzRFBCcFlNUnpfaTFQNkllMy1rc1hFRVJkWU93VGZfcUhWd3RockQ3Y2pyUEdYVkhHRUt1SFdndWhGR25lb2FFdV9XUQ?oc=5","Reuters","Global","1784538627000"
"Rubio Says That U.S. Is Still Open to Diplomacy With Iran","https://news.google.com/rss/articles/CBMijAFBVV95cUxNeWdKdVhxZWQtSWFmcnhxdmZqelJkOHRGREJsajlMQ3dhSlpqUDlTVWlBa1dReW1oYm5mSzM2WUp1WVNIUWxnTTNzX0kyaElQVGF3a2FoTGtidXcyMEdIX0pNNVdfdHc5ckMycVNaMDBzbmJwNEF6Zm4tdHBsZUF2eTdWT05ULUVMSHVTSw?oc=5","The New York Times","US","1784539295000"
"Oil prices reach one month-high as Iran war escalates again","https://news.google.com/rss/articles/CBMikwFBVV95cUxQVEhVWV9BV1pQRXUzbFJGamRELW53b3o0bFlfcUpBMkNnTnF6eU9zenNBRk84ODVibUJUeWRsZlFGT2FnalNoZjdpWGtEUnc3NGNRTjAtdjlYa0lrT2hONjVpNkl5d3FNSTQwV0tST3JKT042T3ppV2tObzk4STFEREF1MnV6LXByanlYdFJXQklzMDQ?oc=5","The Independent","UK","1784539140000"
"Dollar Drifts as US-Iran Conflict Intensifies; Sterling Edges Higher","https://news.google.com/rss/articles/CBMirAFBVV95cUxOU19iM05YT3lmM0phaXl0NUNPZW8wOHJ5Q1h2YTljal9MekxPbnZXREJCU1NlNktxcDhmZEpzX2NZdzg4NVBNYzBZSk0wajFkMUp5cmctaVpVcW9NcHJfVUx0VnBKaDd2OWZpU2Z1OTcyUU1QZXRnai1TVWdxLVIwcFNJbld5cGhkbFAxMWV3eTloNVNPa2pkS2pKbXZoMVBUUVpvWlZqTW8td3Jv?oc=5","Asharq Al-Awsat","Arab","1784539670000"
"IRGC promises to ‘neutralise’ any US infiltration on Iranian soil ‘in an instant’","https://news.google.com/rss/articles/CBMisAFBVV95cUxOX3NvYVRYMjN0R24wS3RKMHpIQVp6Um8zRkt4RHJvVUhOTzdXLUFZT1BMcHYxMlM1Q2FoaGRpcmNxcjk2UkNld0lHUG5OZ0JrcWF1T2E1czlOLU9taFZKMS12Q05CRmV6WjlFRG9QT0lQMTNFODV0dkFEc0otbXh2RWRYbWtZaExQMEJlRTl5U01MOVlubDJTcE5ZSDJCTy1VVm8zRlNtOWVfWnpwX3AwTA?oc=5","Dawn","Pakistan","1784539112000"
"American soldiers wounded in Jordan by Iran strikes go unmentioned by Pentagon","https://news.google.com/rss/articles/CBMiX0FVX3lxTFAwYU4yT1IwS2FyZTBKMzJ5WGl1WlpOUThrcndrbW0wbkJ2Ymg1QWFOZEk2eXlqbEZySkFIM1l6SjFadVI0Ti1fZ2pjWmY3ZWhXakFaM1A0ellGRnIwbUFV?oc=5","The Jerusalem Post","Israel","1784541527000"
"Iranian researchers develop nano-coated dental, ENT burs to boost durability, cut import costs","https://news.google.com/rss/articles/CBMi0wFBVV95cUxOSHZkZ1FZd2hrcGlScE5CM0RCRVExREE3UjZHN19sVEhPMmR3dEd2bTVCRlFqLWh1UlFNUFhrQ2RRWXNhNDdfQkRTd1phejNiTW5JNlN3ZkpMN09GU2ZscDFUZ0xNOGR1cHhNS0xJM1RyWW14d0hTUzc4QnRmUThBN25DOWZuMTh0MktlbDNWUzRsRlZ5aHZzRVhoUzZjNFFENkFGNGs1LTVzT3Vldk83aDhDa1NKQURRR2t2dUlhaVJHNHBkbW1aUy1jaE1Gd1J3WENZ?oc=5","Press TV","Iran","1784540160000"
"Israel Hayom: Netanyahu will hold a security meeting this evening in light of the escalation with Iran","https://news.google.com/rss/articles/CBMibkFVX3lxTE9KYjJqSHZsb1NlR3BIYUlERDZmcnJXemliWjNHZGRpUm9zSzM4UTZsWmx3SEZIcVlNZ3FXLUJZNm5HbWhad1hFSG9UNHd2WkxETmR2b3NTUGJ4andDLXc4LTBkZS1lQTZ6am16QnNR?oc=5","CGTN","China","1784539087000"
"Iran's World Cup like no other: Missiles, visa bans & three Draws","https://news.google.com/rss/articles/CBMiugFBVV95cUxPby1rM0FCelVJWU42Qk9CMkN3U1kwYkExRlVIZDVqR1V3NGdiTEhjZmRNRGlQOGd1OVJ6blN4SHVpdkNiQmVnd3hLbkkzdFc2dE1UNE91VFFmY25nanZLNU9YZkgzTzRXMFpZRUdLd2RCR2hWSlFVTmxXSm9JWk1WY1VxakhTOEQtczZLOTJPYzl6YmpKeDdxTVlCWXg2VXpTbmJhQ0ZhY21mVTlaeEJMcEFmMGVCSnBIQnc?oc=5","CGTN","China","1784538279000"
"Bloomberg Daybreak: US-Iran Escalates","https://news.google.com/rss/articles/CBMilwFBVV95cUxQbFdDM1JsdXhzaWpKNXVfQlpuZTMteXNxM3JwaHBwNi14ZVNWb21tT0JoSFNFVmUwYVJaT1VxWXB0NlRmemNTeXFWd05VYlFTX2RYOXNRWGRkSkRQWGNjRWpncmozR0Q3YkgtMGlQZUxWUTQzeWhaRkQzUHRfWHlWbFhuSDRnU3llbUs0a0k1UFU3RDd4eHEw?oc=5","Bloomberg","Global","1784540971000"
"War in Iran expands as third US soldier killed since end of ceasefire","https://news.google.com/rss/articles/CBMingFBVV95cUxPNl90dEJSZnVhaGt6T0VLb1BfX3RHMXRRX09Bc0p3UWhrRVpHaU9JZzJ0WDloeGhnUGdqVHZrSVYzellTaHIzWFZlbW1uU1FRSUs1WVAyXzhuQlhfZGhfZTdaTkx2UGU0bFA2eUR1MV9xN1JLRGEtdHVJYmVMY21uOHdSZml6bGFBcEVFTHBTLTNmT3hscDVPRkhTSEJFZw?oc=5","France 24","Europe","1784538684000"
"Is it safe to travel to Jordan? Latest advice amid Iran-US war","https://news.google.com/rss/articles/CBMiuwFBVV95cUxPQmxhNG9JejdGUTFycmRoWURuekZFbWtaM3FhS24xLU8xY1ptb2hiaVlyZDZMMTZ2a1hadXlwX3ZyWDVTc2NRUEctbVNacnNHQXNBYkJOaUxKTG1fVzVtNWhmZThxXzZYM3BpaHNhSGpZMTJhX05KWloxTWV0RzVUVXBDR0pGYmlPYjhNcDhKVEVYSlppcGhlaUR4WDBITjdtek9TUTJ1UUFTbzNfZVZTbzBBNXhlT2lUZXBB?oc=5","The Independent","UK","1784541360000"
"Gas again tops $4 per gallon as Iran fighting persists","https://news.google.com/rss/articles/CBMidEFVX3lxTE1yMUJURmpDU2FEelc0cUpRX2V0aEY1cHF4WEswTEhOT1daSHY2T3hBRng5RU1Bcmo1WEhaSk1RM0h1OTdNYTZjUHd2dE44STlYOTlpejF0NFFISzBBaTBDRVRCbUNNWThDX1JiWXZ6NlA5RnJX?oc=5","Axios","US","1784540318000"
"Monday briefing: Iran war; Trump at the World Cup Final; Andy Burnham; sunscreen quiz; and more","https://news.google.com/rss/articles/CBMilAFBVV95cUxQSll3NmxiXzIyanQ1NHdwdmFEQzlwUVFNRTgwTnEyS2hGWHl2clpuQU5BUjdBaU83Q0N0LWtiMnVjb1ZET25qc1phLUhDekhhRDBnWENqRkNyS1FtUUFyNnM2TTU1RHpyNGhCSDJ6M1pldkV2Rk1zQkxKM1FRXzJ3blpjdElqZlI0TjQ1YjlNWHZJbkE4?oc=5","The Washington Post","US","1784543229000"
"U.S.-Iran Ceasefire Collapses as American Death Toll Rises","https://news.google.com/rss/articles/CBMizgFBVV95cUxNMk1NcTFrYjdmLWJLX1ZELWlhSDNvLVhMWXNkZUt5Wk5QVXVuRFhXbkozQmdrY3NyUDNFeUpWaVZRRDB2SzJiWElPQ3ROem1rUE1iZjJUOGR1OGpuNzl1R1NZLXN1QkVaWTRYLXlvZlRlM2VtVVNPcE1mR3J1b3Vib1Zkd1dXQy1TTUtybXd4SldPT3ROcFNOVW9iZHVPVElodDJ0cnJtVnI5eDg0eWFPcVhBMFl0YWFEVTBBdEV0U29IcVI0dDZTTFp0dzF0UQ?oc=5","The Wall Street Journal","US","1784542320000"
"Brig Gen John Teichert on US strikes against Iran after Jordan attack","https://news.google.com/rss/articles/CBMiVkFVX3lxTE54dENpYXJUM3FwWUxEUkZTLVBOY0JKWTlCS05KNEZLS0lnR0tKbURjVXZMUUYzUk1YZTlIZFlxdlc0a1pBV1JhejBFSjhycHVrY1NaLVdB?oc=5","Fox News","US","1784541916000"
"Iran confirms receiving mediator proposals for de-escalation, vows efforts will continue to halt US crimes","https://news.google.com/rss/articles/CBMifkFVX3lxTE9fT24xNmczS1FNRmRlNnR5Y3REaS1RRXMzQmR3WG93aEQ5NV9GQzJsT1JQT0VaZEx0VElCeFBYbzU3ZWd3cnVSQ2ZIRGhSNHd5SGgzaEFnelgwY1l4SEEwMEVLWTBQbl9Wdk1teWo0Z0R2QkhaY0h1SmNmcGFVQQ?oc=5","Press TV","Iran","1784543220000"
"Iran launches retaliatory attacks on U.S. assets in Jordan, Kuwait","https://news.google.com/rss/articles/CBMifEFVX3lxTE1RaDlrWUZUOGFmUVdweFE2VTVHQUp0WTV3dmdUeGt3SzduWGdnTnV0VGFiMmhSX2d2UXFKRExUZ1plTFJ6dHVjcXE5RFZMOTRibW82Rm1SRUZ3NU13OG9iU1luVWl6X0owQ1ZXY3owdWd3a0xfa0t0TEhRekc?oc=5","Xinhua","China","1784542215000"
"What does Iran’s attack on Kuwait infrastructure mean for Gulf?","https://news.google.com/rss/articles/CBMisgFBVV95cUxPUGdQemRwV1Zfc3NSNkE0ZHRJdnkySTRIRXRtVGM2eEtTWW5OVkVzUTMtRng4M2t0bTFRWTY5MnZZT0laWktDQjN4YWhQbFpOdjR2TWMycjd4YVZUdUdVcUJIV0c4S2N5Q1RmN2lDVWw2OEVQb0hTUlVOZDhBZGw3bTlrRDcyOFh2bm03clVPZjlIWXNaVmhyeWdtS2Y0LUFiUC1nRFpXaDJmT0J2cG05cjZB0gG3AUFVX3lxTE00VVNtaktxazhmYlpyMVRGVjVwRWhvLXQ4cDFrMlJ6Njl4anlVOXh0MWg4a0FIZ0wxRVJJc1hWTlJFWmZJZGNqYUNGX3lZZHNEa2ptbURJem1wUS01QkRvbXc3NjBtNXFLajVpcFJPSFJRYjZGZnFGRml5S2hmY1ZUMkg3U05MS29rZnlKSnl3Q3RTd0FxTVJKb3dKTl9Ra1FDVE11MXRRSVN0R0hUcGtqMHBETTFlbw?oc=5","Al Jazeera","Arab","1784542091000"
"Dollar drifts as US-Iran conflict intensifies","https://news.google.com/rss/articles/CBMihgFBVV95cUxNQmpIeTlhdFJXTEtQOHc1cWdzZjFWWUFoVWFBOXFiUGp0MEN5UlFQcjVBZUx4c0dEaUg4UWJid2pseFFVbHgtTHhrX092QktvdGlkMDhlbGF5X0oxNHgyZFJnOEQtVXZpOE9Mejc3bl90dkN1djZDWEJoVG1NQzJoN0VDUEZvdw?oc=5","Dawn","Pakistan","1784541969000"
"Video circulating appears to show moment Iran missiles hit Jordan base, killing 2 US service members","https://news.google.com/rss/articles/CBMixgFBVV95cUxPZ3haeWREaTN4Y19vVDJFNFJlWDkzcTdiWVlKOHYwZkdEeGo0YjQ0TmlOcFJDN25hc2t2LWFTelFpTHBnTlRIajVxZzFiQUhUeUlBVnBpdVJzTFRrNW9pZFd2b2ZpN2I5STF4bVdYSEprSDA5WkZnRHlwc1RaaU9FLTFnak4wQS1RZEZqQlRndzRCZ29wWUpwN2YtSDFVeEFHQVhyTGJQTFQtVnoyVVZlQkVGOHdab1FLVkY1ZGhsNW55QnRxTVE?oc=5","CGTN","China","1784541039000"
"Lebanon pilot plan advances as US expands Iran strikes","https://news.google.com/rss/articles/CBMibEFVX3lxTFBnaXh2OUVTMFlzM3diX052TEhJbDBVZVdaQi1lS3B6U1JPUENwWkw4b044SjhpdFhsMElJR1plZmlkUmRLRHM5NWRta1NjbG1fekY3SkJpMXowTnBzeHNQcUJFV1ZpblhNSHNmSw?oc=5","The Jerusalem Post","Israel","1784545057000"
"US identifies 1st Lt. Tyler James Feehan and Pvt. Isabella Gonzales as troops killed by Iran","https://news.google.com/rss/articles/CBMi0gFBVV95cUxONmJSVmxibjBaeldWaGFmQWo2RkpGekNFQkNKU1RoeVNZNkxndEduSzB4T2k3SXVFTGhmTzZMQ3lhOEl6aWEwYzVLc0Y3ZkhGWUU0b2gxWXp3TkZnRGY3dkR1dUpxNFZ0dlh1bmg0dnpjc0ZaNElxQWd3WDFzN1hmMmpyczlrZ1NKeGQxN29JeS1BVllMcFl5Y0hPRmhZMDFvczd2alVHMjZQeWtxd0N1M2ViN09DZVk4ZWZMbzdybjUxU29hYk4zQWJadTlRdUxqRVE?oc=5","The Times of Israel","Israel","1784545019000"
"Sanctions, wars fueled leap in Iran’s defense technologies: Acting defense minister","https://news.google.com/rss/articles/CBMiwgFBVV95cUxNaHZIX3l6cnNqalRFV2p6NkhWZjNnUlo3R3VCYU1WOTlUNzAwaC1fVXkteXNJRk1EalVycC1pbF9jaXVHcU1ISU85YkdCaW5RemNaQWYwbU1HbU9TcnU3M2I0c2FrTHNYSmlQQ3Nmcm5UYjd2RzdXR3lmWmNOd2F0dnZkR2ZKbl9TeWhhNkVYQVU1ZVBDQW5VVWdJckdpaHg4Sk9venJTenlNRkhzQlVnRlMzcmEzSlhNcHBpUzZHWkdhZw?oc=5","Press TV","Iran","1784544540000"
"Iraqi armed group threatens to target U.S. interests over further escalation against Iran","https://news.google.com/rss/articles/CBMifEFVX3lxTFBPdGtFelFXRHFSa09yMFN6MjhKVzFjQlRfU0dlM1lsemhnQ055d2R5b2pnVUVMalI1bWFsenJyaHV5OC1iWW50M19SRDZTX3YyMFNtUGRoTktfS0NBSXVOS2tqWVFSQ0NMV2ZXc3pweHV4cnVKaTI3VW1XRGk?oc=5","Xinhua","China","1784543730000"
"Kurdish party alleges Iran used white phosphorus chemical weapon in drone strike","https://news.google.com/rss/articles/CBMiakFVX3lxTE16OGQxNmpqSTNZclFfMmFsR3J2UVZIZnNMM1hjWVBkN2tFVWdPcEwtRFdRYzBEOGU0X1U3V21qRlVmcDZ0bFpwekdVWGpnbjJPMzFwSi1ZYjdkc3NITkVwamY0TkpQZzRpTWc?oc=5","The Jerusalem Post","Israel","1784543534000"
"Daily Briefing July 20 – Iranian strikes on Jordan raise IDF hackles in Eilat","https://news.google.com/rss/articles/CBMiqgFBVV95cUxNbGZzZURIbTUxRWtRbDVzTnB5aEZUTG9JVW9xaWJOOTRQNENZZS0yVTk4UXBsNHVPeWZPdFB0MEVqRFRJZ0JkaGJZZ1owZlFJSnhEVEQ5LWlBZUNhSWtsdExYdmx1UlBaMjZEVXkydW43X3lWSlEtZlhDVC1VaVFNaTRPQjEwc19fTk5wNUlPTzFzQ0hlU0IyeGpaYlFzVjZXS3d4SjJSaHpZUdIBrwFBVV95cUxPWUpzLVF6ZDc3ZldVMVN3WVdoQV9UZUphdTF2aXU3WEQ5NUdQVXloeTE4TnVLNmVCdm1LUHdmSHRDWEZobFVrY3Jra2V2Q1BlajZPNmNTYV9wM0RfekhaNnF2NlpueVg5M2pqdGNmLUxGMFFSYzdwQW42U2NHOGVSRXNoNnNCVjRzMnR2bndKalZpNk51aUFhU003ZnZKaXEwVjlncUVtZm1CQVVBX2lJ?oc=5","The Times of Israel","Israel","1784543419000"
"Why oil prices haven't gone crazy despite 5 months of US-Iran war","https://news.google.com/rss/articles/CBMiswFBVV95cUxQRWljTmhtaTVPdmZTRkZFLVFDSkpiYlhTWkZidlprdlZhQW1KOW9aY3daeWkxdm5RaVgxX0k1aVY2N3ZWQk9Hald6X29aeE5jdHFuT0RxWXpCbkJCWkJHaHJqZWVXb09aYmFrWHhKZGNfa2pzeTY5RHJkR0lYUTZQbGZXRm50dXVyQjJBbS1ETVFEOUlVR2lwcGk4dWFJTlpyeFUxeVNRNHdCcEVKdWVXLVRJQQ?oc=5","Reuters","Global","1784544825000"
"US Bombs Iran After Troops Killed, Starmer Says Goodbye, More","https://news.google.com/rss/articles/CBMiqwFBVV95cUxPSXZ2RDRhUmdHM3BPUmNHNjBseW1DZVpsTktpU2VFYmlwaWJ5N29pTFk4M1lIZHQyTDRtMl8yXzNmZ3BlSzBsdUNqc0pHQ1BIQmFBOFNOWGktUzJtS0FaMkxWRjl1OUNaM1VmdEM2Ni1vUFlPa243dHR2Nm80RTc2NGtuRjhuNGhta2g3QXJxN1lKVHhQbk9JSklqNFVsNFJ4RmN4aWJzWlFMWjA?oc=5","Bloomberg","Global","1784544134000"
"US military identifies 2 soldiers killed in Iranian attack on Jordan as from Texas and Hawaii","https://news.google.com/rss/articles/CBMiogFBVV95cUxPelNiSUdhbjhraUJ2RmhZbDN4eDJydVAzdnZJODRIYnhpS3dVUjBFYW9IU01TWHlUdzZERFBMOHl5a1E1XzRYRlpmdGpkaGlDYzFMODNmU053X3JGeE9HVjB4bUdXcXJ6ZzdzdHd6d0oySkJIbEdOdGp5QkVNaGFSMGpFNDM5TEZWdjM0NmJKcFRPYmFfRDdROC0yS2tqcl9aVXc?oc=5","Associated Press","Global","1784543760000"
"Dynacom Oil Supertanker Acheloos Hit in Hormuz, Marisks Says","https://news.google.com/rss/articles/CBMirwFBVV95cUxQd2tqZGVyYjN2T1VnMXhEUksyQW5vNy1FU2diUEdFQXZjdHRLT29JR3hzVXJfanpLel9zb1ZJLW5uX3pjMzktOUFCTjVtbTBiTWNXSmgyOGVMaDBNQlhDNV9JeUt3czJ0Zy1nYUVOZmZFWngxSldodUVWVks3TVBGSEJNdEJyTFNkOVhBelBFOVp5dHRHbG83MU41R2NVa3dGRGtIY2prdXpfeFFFd29N?oc=5","Bloomberg","Global","1784542923000"
"Ryanair profits drop as Iran war puts off passengers and lifts fuel costs","https://news.google.com/rss/articles/CBMiWkFVX3lxTE5qQTNMSXBOMHBNRUpTOEVWdU9UcGl4VHpKR0UzN3NnWXN5Q1JGY1R3LUhjM2ZTdUZKN0dmYW1kOHk1S1VtQU5PYTc2QmFfSVpoQ2NnRlc1OWNqZw?oc=5","BBC","Global","1784542356000"
"Iran compares US to ISIS after Trump strikes bridges and power plants","https://news.google.com/rss/articles/CBMihwFBVV95cUxPSWJJTF82aV9mVk0zTGo3eXNXUUkyUjg4WEhCRU9fY3dhSHY1cmUxd1hJNG5kSTZJS0ctWHd3SUUtUTFMWTVVM2tqbEUyVzFzOGhTZGNFV2c5TVA5eVFiQzFDMmsxbHByMTM0TzNtX29yLVJTQzN6ZUt1b1Z0WWRLVE0yWnNYWnM?oc=5","The Independent","UK","1784545620000"
"US military identifies 2 soldiers killed during Iranian strikes in Jordan","https://news.google.com/rss/articles/CBMiiwFBVV95cUxOMHFJc1VEaXVYQWtuT0NLSkw2VmVhdldYQzV5eUctdVlnbmF0UzQxeEVZa0cxWVAwdTVuTHFFLXhiY2dqQl9vNHhDbk9xNWRfNmxvU3NUaDlwMnlMZi1UUHVXT1drMVhzS3FnRnMwd1VFQWJGQUdYZGdoc0JYX25RbW5iY0ttcDlLQy1B?oc=5","CNN","US","1784544997000"
"US gas prices hit an average of $4 a gallon again as the US and Iran launch attacks","https://news.google.com/rss/articles/CBMixgFBVV95cUxOd3FuUWdfdGtrQ191LUhzM19GME82VzVMcDUybUh3RnBFSVhXQkJxMjlKb1NLN1lPVjBMM19HX0lpbjRMU243X193WWxWRG4xWHJmOG5OSkkxYnJOOXJjRk5GNEZTNkREUVFuTW5ITHV0RlozZmFXNkVRSkJqR3NSVjB4cHBfenV1ekdLTWZzdHQ0b0RZeWtpSFNBRXl4NWxXWmstemxCVHlfZFEySDFGajBCQnQ0cVR3SUZIVEZWQllvQkZUUGc?oc=5","The Washington Post","US","1784544513000"
"US military identifies 2 soldiers killed in Iranian attack on Jordan as from Texas and Hawaii","https://news.google.com/rss/articles/CBMibkFVX3lxTE0zWE5MSkRfRTJERGdWZGt4THBzOFoxS2VJSFl0MmFHWXMwQ1ZmRWFDUDRmUHczWVZjLVRkUFA4c0RZVzBHTDVwN29sOXpmN1ozOWRSM3lQM1FIMlhBX2xJNGM1YV9FZ1Y4NzFpY3R3?oc=5","The Independent","UK","1784544000000"
"Steve Forbes urges Trump to keep the Strait of Hormuz open at all costs","https://news.google.com/rss/articles/CBMikgFBVV95cUxNd3FQd1FJU2M0eE02QzdtWlNPa3hyOWNGRy15WU5JN3NxQzR1cW9zWDlBb0JaOElSbXhNYW90Y2Vta3RwZDJaMUlNa2Z2ZTlfSzUtZk54bTNaMktWOWJKNmhNYmxUeHpzcEZrdlZ5ZUQtRUh4R2FkaXpTd0NxdWZTdnhlSzQwYWxxQndtNU9lUU9JZ9IBlwFBVV95cUxOWUxXdUpwNTRxSDlGR200eUNQMWZ2Yy1CVW9tRThHcktRS2xDTXhSR0Y2TmhSY2J1SU1yekhGUHY4SFBOcDYxUGRBVTY0YTZHTW14dnJYakJNSXhGYUJKUjU1MEJxY1dqaHpqMFBQWHg3a0lKSXlXY3BreFdfSllsU2VxcDFSdm80cmUycHI5WVZFVUhzVHJj?oc=5","Fox News","US","1784543993000"
"Is it safe to travel to Dubai and Abu Dhabi? Latest advice after Iran strikes in the region","https://news.google.com/rss/articles/CBMixwFBVV95cUxQUGszdXNoYTlXZUc2ZURVU1duak1SLVZlTmE2cTl1amplVjNwVmUtbTJsbEM3NXZUMTc2d3ZHUS1DZm5QZnZBQ2k1Z0lqOVctal9nMVRnTnRvT3B5UWJCVm12Wm9JWDlMS0hYNTZ1bV9FR2FKbm9wMFpISlNxcEttcTNfaURBNVBiNk1MczB5ejEtd3liSzNqRWRTTl9zaTU4dHpzQ1BsdW9QUkk0NUFmN3RUdGZDY2xXMW93TjNfWklFcEhVcWFJ?oc=5","The Independent","UK","1784543400000"
"Rubio on Iran Deal: ‘Their Behavior Has to Change’","https://news.google.com/rss/articles/CBMirwFBVV95cUxPRFZ5Q3RWV2lDMEQ4RXp0Q3hGZDVKX1lIclNHenJrLTM2US0wM1VnWlZlem4yNlRqQnN3V3Q5V2E1dmlVdkxhVnM3QnpTMGFHemJLcGtZYkpZMUxZdGVJRDU4cFluTHB3OUVhX0t3bTRtYUxFTS1kX2h0Q05URDJsRWZWaWI4cFg0VlJEekcxay14cVRueFRlMHFHcm9VallydVpIYzVDN3pmMlBmTUdj?oc=5","The Wall Street Journal","US","1784543393000"
"Trump is slipping into an Iran quagmire","https://news.google.com/rss/articles/CBMihAFBVV95cUxQbThDcjdOanlnZmlPeEN2dVp5U3pQYlBLVTJScUNXaHpTQjNvS2NqeTlPQm9JQXl0TU5nYy0xR3ItS3FjaFJJMm5fSGlUcXZ4TVRhRkEzSHdPcFlCcFdiV2RMTVptd2lFVk96d3VfdmpVN3Z2OFdqWlR1eHp5b2F3ZTNoaGE?oc=5","Financial Times","Global","1784546238000"
"Pentagon identifies 2 US soldiers killed in weekend attack by Iran","https://news.google.com/rss/articles/CBMiqAFBVV95cUxQS3k4RUtOUFRjWVRsb3NndVoycWI5dEQ5bUl4UzMtN0NVUFY2eDktdlV3eUNHcDBpSjJLemxmUHcwdXUySi0zUjh2RHZSYW1GdmFmOE16UjFLNTA3ekdaY2NPZ3RPZTNmX0xBMEFYLTdUWWl3YVg4Z191UldCbWp6aVEtRGIwYzNvUnpHU09pZTk3ajhDNlF1TmhiODRQb041bVpPc2huTjI?oc=5","New York Post","US","1784546460000"
"Gen Rob Spalding on US strategy against Iran, keeping the Strait of Hormuz open","https://news.google.com/rss/articles/CBMiVkFVX3lxTFA4Tld6QjFUZGh4SlVxWWtXcDVmSTN6bVF2UlAzMThERGJYQWgyQ0kza2hxWkVkTkJKbWROT1VlY05HWnVlcF9oUGFhVlJ0QnhFX0JOYnh3?oc=5","Fox News","US","1784546026000"
"Brig Gen John Teichert: Iran's first priority is to kill Americans","https://news.google.com/rss/articles/CBMiVkFVX3lxTFBVcEVSUWRQcjcwUDdyQnZua2JTVzFQTFZQbVhRZkpGUE0tcUdSekstQ0xyWkxaYkVKTHRGR1NsMEdFZ0NHMWxXazlLa1pWR0xPRFlZbHJn?oc=5","Fox News","US","1784545932000"
"US military identifies 2 soldiers killed in Iranian attack on Jordan as from Texas and Hawaii","https://news.google.com/rss/articles/CBMi1gFBVV95cUxNVTlNeEs2Uk81WlEwS2Q0SWRrSW91alIxQnlETXlPd3REUllPOGdzU1ZrcDQ1ZmF5c244RzlvdmRHdzlmYVpkQXZsVUJxRUMzbF9wU1ZEUmktZmxiUFFoY0x4MGtrNU1zZ2JUdGVBTDA0NHNaMndCUTNWSGo3ZERTd0QwSVNmMWoyVlptbjZMQjZwekplb3V2Z3p2M0cyWmlhc3Z3OHRmUnlIWk9jTklvNUc3aVFXVkJyQjFGNGpFM0pvMGFFc052eHBiVjBMQ2J2eFBqNEFR?oc=5","The Washington Post","US","1784545834000"
"Iran’s Missiles Have Gotten Faster and Deadlier. The Big Question Is: How?","https://news.google.com/rss/articles/CBMirAFBVV95cUxPVmU1dng4QUpKSTJqMWlhc3JJX05ZOHlCYUhGQVZHT3RsdXg1aWY4dG1MVy10QU9UcEkzeElnU3B5RmlyMnM2azBSc2lsM3JjNWx3M3k5SEt1T01FRjhneWlnOC1fdGVPT1RLRlNpWXExVnpVSUVINzJGVGpXdWM3bTRjNkpJLXMwZlo5RFRKMkVhakQtUzE0RFg4QTZfdnh1ckFYMWc5cElFNGhv?oc=5","The Wall Street Journal","US","1784545740000"
"Iran war deaths; Trump at the World Cup; sunscreen mistakes; and more","https://news.google.com/rss/articles/CBMidEFVX3lxTE5iazZnQTJqS2JKd1FpdXUza3dJclhnTXZUN2p2WmpjclJ4VVpzbXdHNFZRdzhrUFVBS3hmRlNsU21yNkk0NGtYcVVPRTgxSGpoVHYtcmpsUlNuRmppaEpNTXRXbG5EZXFXeHNGWUFMenhNT2pY?oc=5","The Washington Post","US","1784545198000"
"Bahrain says Iranian drone attacks targeted civil air navigation systems","https://news.google.com/rss/articles/CBMiugFBVV95cUxPMldaTUFpRlRIaF9fN0lZNkU4Zm51N0VNTXIzTV9ra0dFSHFEWFdFaVladm1xbHI5NUJkc0MzZnFHM1BCR09zeTloVGhORWFILUVtckNqTTdENnRKMjVrMGtFQ3plOW5tUXlfOURhRHk3TE82dTNGemN2ZV96WmJUOXFySGk5LVpHUkluek84ZkJTal91R1pIQ3hJV243dUkzWUd5RjBvNkREWHAtdkN2dUVWSjR1RFRoSnc?oc=5","The Times of Israel","Israel","1784546841000"
"Iran confirms received proposals from mediators, says diplomatic channel still active","https://news.google.com/rss/articles/CBMifEFVX3lxTE5xc1lpdm9aVl9zRG1BR2xlLVZTS2t2eHhWa0dINGpNaFNnWXFxbV8xeEpwWURhWFc0b3BGMlpOaU1ZLXI4akNueEFPM3NrdzFvWl9tOFZCSC1ZVFpQbHVBQVVNOWVSaFMzUTF3aFhUVFJUdXo5SEk3b1MyejE?oc=5","Xinhua","China","1784546776000"
"Strait of Hormuz as strategic fulcrum: Iran’s deterrence, leverage and the limits of American coercion","https://news.google.com/rss/articles/CBMiyAFBVV95cUxQalhGV0lLODZ1VC1zcjNhMkZPcHlCSXY2SGFkN296QXl4QThueC0wR0NUcHBlcEtfRlRjaEV2ZFozbFJoaVI2ZURna3VQUTAzUWlWRGl0c0lSbWVHR19rNldSUDFRR2ZjU2t1MGlyY0hvZ0JwZlU4ZzR5WDFyd2NxUHZWaEJXeGExZnMySGFINHpHZWhSbEpXM0t1aVFvTjNCR0lKUkZfNTY4dDBYMWZTcHRfaWJsUzFNX2lUQl9JWmM0X3FCWF8wQQ?oc=5","Press TV","Iran","1784546280000"
"Oil prices ease after Iran says US contacts continue through mediators","https://news.google.com/rss/articles/CBMiowFBVV95cUxNaml6UHZHNC1OaUd1dFE4Tm5yck5nRERpV1ozeFd0bm43S1F1dGVTcEV5bXo3LTFYZ3ZrcTZEUHp3OUlkU2ZlNWZFaGIwVzM0QlNjQ0dJWjhnWjg4bnNkcVduSGR4RUNSMjlrNWdiU2xvMFhhUkotSDRqeXlzTWE5MzdZV3plRGZrZFg5clVwZncwUHBLM2MtNEpoazdZUE41VmVN0gGoAUFVX3lxTE1MMVZiX1FWeFN1S1c2X2V3dkhOSEVzUEJZMGpnWG9DNHhKSnpWWWRWM0x4Q3B5bmY1QURFUjdmUEtxdHM3TE1ORnV5RTdQTTIwdmg5NTJJZEdNUXBaQ2FEVndxczJEcmJNS1lCRi0tNjBlb3Q1YmtENTVxR3BwNjRiQm96cWt3cGpoT2FTMTRucllKeEZ0Yzl0Ml90ZmNCeG13eE9fUEdqbA?oc=5","The Times of Israel","Israel","1784546171000"
"Iran claims Jordan intelligence aided attacks on US military","https://news.google.com/rss/articles/CBMiakFVX3lxTE1Pb2tJNUxjcHdydURObzI5SmpiY0dncWg4LVNDdzNQVzRiVWxqRmswXzUzNzRyd1lVUGtFZm9OTmZVR191Wk9VYmR1Y0xCNE0zQnJ5MV8xV1dMdWFlcTJBZWMyM2tqbGdvVHc?oc=5","The Jerusalem Post","Israel","1784545930000"
"Analysis • By striking Jordan, Iran is sending a message to Lebanon","https://news.google.com/rss/articles/CBMi_gFBVV95cUxPTEpnSUdzWFRSdjNEdElxQnNtd3JWZ2VQZDlqUFcxNVozd2QzR2piWll3cGpCbFBWRGhSUXdFQWhwVkRBb1NPQkpsNmdUb1RrQmwxdDlLTTI1WUVyQzFObHJmWjUxbVVMT0hiU1hIWF9yZUc1S3R5dXVkUUlxTjdIM2tGSmwtbk12U3Z3R190alpIMWpnbEpJb2FKUkNIbVZTY2Z2UjZiZWxXMUJ2MXFPb2V5YmxfM0RLb1RBb0F2cGRMb1dEbWkxYVBkb2FYQk1aWFFSdEhoajNpZXVueTJualFQWl80RUNZT20wSHF4TkEwTklNdS1CZk91UUdTUQ?oc=5","Haaretz","Israel","1784545920000"
"Live Updates Iran Says Diplomatic Efforts With U.S. Continuing Alongside Military Responses","https://news.google.com/rss/articles/CBMiuAJBVV95cUxPOEpEcUZEc3JfX2lNVElYdEdHeDVhUnNGS0JyM3FQWmZzMTV2UGtFR1lLeFBPakt0aXFvSkd1amFDdjNmTldUeUtwYjBfOE9PdFhUWlVfYmt3bVV3MXlHZmdEczJMd2p0WjRuejlyeFdHbTUycnN5YXB0T3B3ZkluLXdmRms2NmUtV1JTWFVtUlNEZWhfVkpzbmxURFp2QnZmdVdIdW9yek1SR3VBeGdscEoxbnJpcm1PNFYzU0V2Nl94N3pvRzdnOGkyRkJicnVrb21iY0NmOEpBWnVETWh4RDQySkNuM3BtYnFYU05ydU14UFFfMnZVZDFQeThtWTVBMk01Y3dHdU9peHJBTmg4UkQwQktsNTduRThoYldTVXJLMi05bWJqWW13MXhDUkNWSEMzdTZPWV8?oc=5","Haaretz","Israel","1784545800000"
"Yao Wanhe: Iran–US MoU exposed US–Israel rift","https://news.google.com/rss/articles/CBMisAFBVV95cUxQVkY3c3I2bkRkSWdZbi12NmRWQ0dMZ1lfWld2Q1MwT0p5bmVRdDU4YXNBRHo4d2xVNmwwaUN4YlZFLTNmWjk3dFZCb1RueEM5Y0JOT1JCWmdvaVZMblVkSkhjNHFlREc4M29ISC1pQnhFdVNCNTl4SFZEZl9LUDFJaEZEc0xSUkZQZUxTNEZQSTFVZ3ZVQlI2Z1I1NHhlNTN6SkFKaTRrODE0V3p1anFLZg?oc=5","Press TV","Iran","1784545320000"
"Araghchi meets newly appointed Pakistani ambassador in Iran","https://news.google.com/rss/articles/CBMimAFBVV95cUxQR1VBemFIZnhXaFljTmZtcVp3Yml5MXBZTW40ZVVLZFpJODlzRFdGUjdnbWxaQVUwWm9KM29nLUxRWVY0d1BUTEdKX3ZlcmlfZUFjeXhIcy1kT1Bac2NoSXVYZjQ4S3V1S2hINTVlRlhabklqTW1uWDRrRElXbXFZTVh5ZU5VRHc4dUJzb094WFMydm5MZmxzbg?oc=5","Dawn","Pakistan","1784544844000"
"Iran has not violated any MoU clause: Pezeshkian","https://news.google.com/rss/articles/CBMiiAFBVV95cUxPWFRXSlY4YUN2MDlQbUx1WjB2WTNmTHJ5RWNCRjlKOVBsY1dRYWQtVGhLUmlSRklfemU3OVMySDVpbHZIUy15TnhpZTZkbTZ3OFdKN2lYSVZuS0ZrNy1XVVdDQVZ6M09rY1NJTERiLTlnTU5NNHByaXRNbzQ1djdqZnV5Ni1BaW9R?oc=5","Dawn","Pakistan","1784543533000"
"Iran’s Ghalibaf: US doesn’t want de-escalation, it’s bringing more forces to region","https://news.google.com/rss/articles/CBMiwgFBVV95cUxQZllWbjBEc2RpSmxNTFlXNmRZVWpTcWdfbDZJM284bjhpM3ZjcE01d3lUdEZJTWVJM3kyM3FzV3RZV3JwMjJNcURlY2lWZXBoQ0twYWpnM19TS1N2dWFiX2RaSEZEcGtQQkN6Q2NZandHb2JKTGdHNHZkOTMtNjdCYkF1SjNBc2diMUUyRkg4XzBhcGViS2pINjdBZ2VnX3dWVU1VM0E3QkN0dFdsU1NjdWpqTktPQld1ZDA4X3FIUjB2Zw?oc=5","The Times of Israel","Israel","1784548619000"
"Mediators proposing 10-day truce to revive MOU with US, senior Iranian official says","https://news.google.com/rss/articles/CBMiyAFBVV95cUxOSDVCTVAycDJ6QjVIMTE0UVAzM2diT3pzYnZ4QW1iYmI1c3ZhWHd0V1lIUGk1RmM2TVNWYVA1S0RjUTlPS2M3ejJFcTlGLVcxbzJfbTBiLVpOXzRUTGxNX0tCblRuWVBLWFM2WjZkbGJGMl9lNmw2Qzc5SzhxbzdJa184eU5CTHlWaVVzNnlNbC1CNVFtY2t1d01ZejV1X0VydlZjeXVrMWJPRmVpSV9zclFLUWxiVGplNnZOVXdNZmlmZVUwSlRuTA?oc=5","The Times of Israel","Israel","1784548281000"
"Iran says Spain World Cup win brings joy to critics of US, Israel","https://news.google.com/rss/articles/CBMirAFBVV95cUxOb0h5QWFFMWxZTDZGMGRYVndDVkRIS0dTWGVHdkFaODhsU1RvdFZ5d0h0eFdBb1RmbS1kZTlGSUo4elJZZUVyQ2xDNEd6WU5yVC1PSC11YnVIaWkxM1NOOFpUN2R5MWpuWWRHZ1FYVzM3STdybDdlZzRqVlR4c0lib0c5b0ZiN0pHdWF6dXJDbjU1UDd5WGVhU1Fsa2h4Zzh6M3lsQzUta3hFQWli0gGyAUFVX3lxTFBhdFJLVERHcDg2azFCM053U0t3Rjk3NmI4VldFSE9rT0lwWFNoeGRyYWxlTjVxbUlSNjRWcTRZeGwzMlZXbktrQ0xpYWl4OXpXUDlpNG5HN0d1UXZaTHFRSzJIcG9BNjU3TWdHTTRJdnR4R01wenhFRUhnbi1nUzQwbnlUbTNjVTVOUF9KQ0oxeW9NUG5HMGVNWEtiNDY3VDFTU090WW1KcEw4N0dLMTgyUlE?oc=5","Al Jazeera","Arab","1784548264000"
"Bahrain says intercepted fresh Iranian aerial attacks","https://news.google.com/rss/articles/CBMifEFVX3lxTFB4QlR2SUhkQVhycHNfUUthREhRZXBvLTU1UGI0bG42MHlEZkZUc2F6NGk5QklyU0FOQUtYMW0zY1hJdGtDNUdwMDBSb29TRzctdjVLOGpSak1CRzhNQUFJT2k0RXg4Wjd3bU1ILWpZRlhtenBCWkxBVWZXWkM?oc=5","Xinhua","China","1784548140000"
"Why is Iran bombing Gulf states while avoiding US naval assets and Israel?","https://news.google.com/rss/articles/CBMitAFBVV95cUxPR0FSbVZUUGJ1R1hmeHFzWVNORnNieXpxTnFubFhrQ2FMT1M4ZXZwS0I0bmlFa3NMdF9WTllFT3BLSU84dHRSbUdkVjhBZjlyN0x4bWQ0eW4tck5MQzFJWm9yR0hCNUM5ZkpCT24ydm9kWWpobk5Mdnl0UWtSaFpUbThGa3RKNG00ZWFkTnlfZHZzbjZ0TWFTTW1WdF9oNVdERFFvN2h2Skd0Z3JoLWF5bWlKMXLSAboBQVVfeXFMT3JMRHotZVd1cm5DYjFiOHZRNE0zNk5qZWNhdVJQWWEzQTJReGJjdXdpYUc3TWF4SHEzZUZFNmVhb2NmU28tRnNxUW44OHFXREhzR28xLVUzUHJiVEtMSU82Z25qdmJxSTJ2a0dScUI0UFlfdkpzdnBmXzdRRHZ2VlpodV8wTWplRTF2SFBHN1RiQ19WQmVzOEpfNDBqSmxIR3htR0Jhci1hTzh2cUhtYWo4dXZXNHR3aVRR?oc=5","Al Jazeera","Arab","1784548088000"
"10-day US-Iran ceasefire discussed, de-escalation proposed","https://news.google.com/rss/articles/CBMiakFVX3lxTE84WEEwOGJKWnMxaTRLWHZxd01HbWQ2a05fSUlPOGhfZ1pmVDFmUkp0UFJwbjhyY1daY0xBV1phYkhpbW5Ubng5emotWm5yTS1ZYlpEdXFYNEJ1STBPaEdmMnJwVDdxUnlvRmc?oc=5","The Jerusalem Post","Israel","1784547972000"
"Iranian students win four medals at International Economics Olympiad, claim top finance award","https://news.google.com/rss/articles/CBMi0wFBVV95cUxOeERzaWcyd0FmdHdodDNrQkZYaGtKTEZqcGZ2RW55eEdWeTJOT0xLdzJBN1c2WVd4c1Fwbi1nZ3loUUJzZmg4YlZoU0FjRUNqSkhYWXhjSU9zNFZCRUtueHJJUjYxaHVmZEdmVXhuTWJwaVpQcTJoRHVGWWpSaTBmdGNXTTc0VzRueGxHMy1Ga2VUQXlfYlVVLWt5T3FoZFhnMzdyY1RMR2hQSHhRUWplVDR4Z2JnODVLcGVIU0cwYml5bVIzNHU3bmREak9VUWh3QkRF?oc=5","Press TV","Iran","1784547480000"
"Analysis • Gaza aid worth billions is stuck in Hormuz","https://news.google.com/rss/articles/CBMi9wFBVV95cUxOUnFlUWxWTFJGaW8wR2xpVk1PNnN2NDZ3U0htcUpUcmdKUzRkcHMwM2FBNkc2TGZ2aVduZ1I2NXpYZDM4QUhiMnJHYkhidU5oS0RubVR5c2VuVUI4SlF2bkFfdjJDamI4TVpOZUFObVA1Vm5oSnBEdXRSbEVyYmdjX3RvRHhpMHRtamI1cUtieDB3WEFDaTFUYnNHQWNBSjhTT21vMEJBNWZYMksxUFpjb2tCNVFZUmtMQ2U0bVpFbGFMcV9SRENvUkQycUVZTDZYczNPd0JHblhSTzJKbW5PNG94Rld5Q3JhS0tjVFgzQ1dEZmRIQTNB?oc=5","Haaretz","Israel","1784547420000"
"Urgent: Iranian president says his country in ""full-scale war"" with U.S.","https://news.google.com/rss/articles/CBMifEFVX3lxTE93ak5GMXU1MkdCdFBQY1NmY1htWWprcVpTTEpmd0tTcG5aWWpUb05vOEZCclZZd3k3dUFxb1VxWFZBWDVNT21rQjBVR1c5U09sbjBONm5fTWJtVVVNcWl1dlF0Xzhhb0NGeXNJOU13VmlPQ2JHdGtQU0UyeXg?oc=5","Xinhua","China","1784547150000"
"1 killed, several wounded in U.S. overnight strikes on 2 provinces in Iran","https://news.google.com/rss/articles/CBMijgFBVV95cUxNZlpUWENKZXJkZmRKTjJwYkhLczJmUnZqX0RfQ3VVNW9xOXVuTGd4dXdyNWhRdWgxWDJiUmRZRFVaUTJSV1N2Y3RRd092Z1BsdmwtQXNYQTVSV2trM0dhS0ZXc3Vic0hDenpuOXVNdXlxaWdGcVRSbXg4aGhBQmg5eXVnOXp1RTFDRkdsY2dB?oc=5","Xinhua","China","1784546400000"
"Mediators propose 10-day ceasefire to revive Iran-U.S. interim deal, senior Iranian official tells Reuters","https://news.google.com/rss/articles/CBMiywFBVV95cUxPSE4zQ25lM2VIMGM1RkYteUt5YW1tMXNWanVyRV9jX1NzUHlFU213Ry1BaTVzZ0xoc2ZzZ01IVmR2eW1BWTNMT04tci1Ual9WeDN6b1VJbjNKeFBHUlFVZi1zOEZNZ3NfckhfMkRSSjJuSU5KOGxpUG54WFdPT19YNUxCTzlrSVlXWmZZTmNZTHBpSEtVd0Zya2VqOUZpbjFMUlFiU1FJdl9MN0V0VWd0d1JnYkhhUnRoLWdFZ0ZpNDhmSW5yeVVlXy04NA?oc=5","Reuters","Global","1784548094000"
"US Bombs Iran for Ninth Day, Andy Burnham is UK’s New Prime Minister, More","https://news.google.com/rss/articles/CBMirwFBVV95cUxNdmVDRzVSMlR0RDdxSVBlTjB2bHowdl9HSE5TRGVibUVVd0RtcFJjTU5JODFtVGpnM181eXFub1R5eUFFaFV4cXoyYmZJTWlISDBpN01hWTN2OHpYT2Zab25oYUdUeU43YWNVUnpjd2Z0RVhoWjVaN1ZSRTJfQjNocG43YnUyTTRGeVpTeGw4bUl1X29IdjVUV1JJZkxNQjBfdTdqQktZV1VFb3VFaEdZ?oc=5","Bloomberg","Global","1784547485000"
"Iran retaliates after 9th night of U.S. attacks; gas returns to $4 a gallon","https://news.google.com/rss/articles/CBMipwFBVV95cUxNZFJMZEJZcVVXSEt3ZE1Dek9HTFpvNkZEZWdESTg1ZW8tWjFuZFZUeUlQTjFoOWlUamVMcTNNc3JpZVhxa0x1dFctOVVEc2FEWmJiT2gtS09DMDZkSkZPTUF4cHNUTzZab2dTSi1kc2VSVXhPSkxGRDAwQ1VkU3RCU1NHYXY4TkpQakVEOXFvaTFPVWtLX3pWNmhhLVo1OGRkR2JwdU1iVQ?oc=5","The Washington Post","US","1784549161000"
"Video appears to show Iran missile attack which killed two US service members","https://news.google.com/rss/articles/CBMikAFBVV95cUxOUks5WFYxaHR1RGhsV3MySFd5LWs0eFVxUFBKdG1vcUZSUUJLUjE4X21Sb3FfZXdKaVRXRENmelNDeWZZZ0l0MktvZ1BSWngxYW5HMGstdnktc0lsNGVPMEpZOVp4QTRKWkprWTUxYlpfZElaUTdvTlVYV203bHhQOXhLLUh2b3p6b2thNHZNVVY?oc=5","The Independent","UK","1784548440000"
"Iranian foreign minister sends DEFIANT message to US","https://news.google.com/rss/articles/CBMiVkFVX3lxTE1IRjJubk1yaWpvTl85Q3FsVU1qd2ZaTzF6NHRKQ3gtUlZ0X1VtbGRXdE5rSjd3SW96d3pRYkVpWU5Sb0g2OWxMdWJNbUJJOGVxQi1CVHNR?oc=5","Fox News","US","1784547275000"
"Pentagon identifies 2 US soldiers killed in weekend attack by Iran","https://news.google.com/rss/articles/CBMirAFBVV95cUxOclJlRVZaR3BmZUJ3ZUg2bUgyZlN3ek9SMXJFbjl3cjRlLVpEOU9iMnVKV1pUSXRmay1jNDd1d1AtS1ZrYlljdGd4NnNtSTI3NWNfOGtVU3lLVUdjTzZmRTNzVGxHMHoyV0owdW5GeUdBaENWeEVEc0MxMmZ6UTdMQ1NvM0QzWGN1ZWhYOFpwcEZFcUx3THVzeDBlblJwS2RXcUY3N2lQWUNGRTdj?oc=5","New York Post","US","1784547179000"
"US completes 9th night of strikes against Iran as standoff escalates","https://news.google.com/rss/articles/CBMiVkFVX3lxTE9FR21OcUpJOW5WZ09QTExvV002b1NPclBMa3BhNGc5a2ppemhBWGp6Wkd3VXNSWWFMMFl2TklsNy1qdGU2S3pPY1A2ZVFUY1RfWldFVVNB?oc=5","Fox News","US","1784546923000"
"Hormuz Crisis Flares Just as Fuel Markets Tighten","https://news.google.com/rss/articles/CBMipgFBVV95cUxQVTdhcGs1MVBtMUE5cndEZ2E2RENCNFhCMUd3U1pRM3FQQzYzMzNxYVJNZFJDTEI1ZGtjeVdfdEZLUlF2V3NmelhIV001N3JwSThKN0N5aFRhbE44dDRhX1NvTFBva2hYWVdWa0FlUnB5VnVraDZCYllkVkREdGlUQVV2Q2x4TEtZNXEtV3ctYkNWWlJvYmxKTndsZkgyR1dreXE2bThR?oc=5","Bloomberg","Global","1784549827000"
"Iran to restore 100 million cubic metres of lost gas output in coming months, official says","https://news.google.com/rss/articles/CBMixwFBVV95cUxNYW9kenhFYXpOQTJKZVdnTVNfejhyaGh4c2VjTmRpODJUWGRhQXV4blhIN2tEdWg3ek1LTzdwOG82cTRBZ2pOQktFNUN3elZxeU9jQzBWTlVBcUFNSWFxZm9pejBMblp2YUtIYjF1SmZMYXJCbFE2UlZvcS1DUlZ1TWlzM09rUkNEX2I2R21IT1lhZmVNendaQ1BGbV9UbGhfekhuckRqa2dab3BVazJkck9TaHNsVkNGQUlINmJDYUlQVUFEby1r?oc=5","Reuters","Global","1784549127000"
"Gen Rob Spalding on US strategy against Iran, keeping the Strait of Hormuz open","https://news.google.com/rss/articles/CBMiVkFVX3lxTE81b0V4MGVVWXJLWVJBNG5BTmNfMU9hNFA1SEJWZkZ0d3hMa2V3NTJMZFNabmVCNWoxY243QmVJUEdPTC12ckNwSzUwR2xKMENtQ0Jna3Nn?oc=5","Fox News","US","1784547402000"
"Explainer: After nine straight nights of strikes, where is the US-Iran conflict headed?","https://news.google.com/rss/articles/CBMivgFBVV95cUxPWnkwYXRxRVptSF93cXFHVW9BeEtmeDN6VzFLOWVleWlNUUhBYXpzWUZKVzlVZk9OdE1mQTNNczJDY1BqM25PVnQtVEFHeXFnSU5xWVJUT0hFbS14OEMtUDBHaUY2Sk1mdEhqS1ppRnVBdWltTzRJSEN4SENRdkNieVVrZkxscWhhQWg3QjctRVRUOU5pZHo2Wm1iZlJOTnppU2t3amhCWXNzdDZVVkFDQktZMGQzd3FsVDVRRjln?oc=5","The Express Tribune","Pakistan","1784550072000"
"NYT: Pentagon withheld reports of dozens of U.S. troop injuries in Iran strikes","https://news.google.com/rss/articles/CBMi_AFBVV95cUxOMlRTU3hDRENma2d4cjRnZzdqN3ZSVGhlUzctbGtwWkljaVFISlYxTUxDMGNJT3Y1aEsxVUhDZHpPRFIwemlzaVhQdUkzaEdtcVpzVVYzZmk3WjA3ald2ZC13eVI4bl9ndlVlVnU4cE94XzdlVUxxaVJSQlRYU3dSM1hvWHNFTjJGbko0MTcyTlI4bHBPMGEyUTBBVVd1c2M3SlpwUFMyOFlXQVZSNFN5Y3N3RTl3OUZhRF9UWHhOTDZjM2QxNU5IR0JnYXRiUWF0LVpZQl9XMGdlVzd1d21rSl96MFZuRlAxaVVkZmcyanNPOFFYNXNSS09RWTM?oc=5","Haaretz","Israel","1784549280000"
"US completes 9th consecutive night of strikes against Iran","https://news.google.com/rss/articles/CBMitgFBVV95cUxOTGg5NXlaZTRtcnd4SE0zLXdTZWxyRFZMMjA2TFFZVzEyek5iLUpqbFRtclFxZjB0YW9FNm51bkFjbXdiWlFUa2twWGhKNlFVeHR2Nm00aUQ0QTYtbFFoY3FiS1BidWNUWHJJV0lnQ3dEVFJmcG1GYjU2MGM4eGRnSjlYd3hYNjFfT3VLS1A5eEszWkJKeEJHUU9lZUdWUHBsN1EwV3hLb3hwdWpIQVZDdHJVRy1IUQ?oc=5","CGTN","China","1784548711000"
"US keeps bringing new military equipment to the region, says Iran's Ghalibaf","https://news.google.com/rss/articles/CBMirAFBVV95cUxQTzFrQUQ0VHhKczdIN0JmYllJVFEzQkJHRmU1S0xsME5CbFlZa1lHX1F5dm5aQjR6YVM5MFRTUnFMeGVoM1VxdjZUX3RHWEo4eGVMRXhtN2RBTE1MbXJ2X1Bkd1BDcW5iOV9KdFNFaGR1Y0IxTTdldV8xb2l0dTdGVzR0Mi10dUlnSlhGVHJLcm4tS3BlZjVQZHZIWmN2cmk0N0dKOU1neEU5Tk1I?oc=5","Dawn","Pakistan","1784547361000"
"Telegram sextortion linked to deaths of Iranian women, girls","https://news.google.com/rss/articles/CBMiXEFVX3lxTE5vak9MbF9QZ1M2WE82Z1paMFpzOTd2ZDUzMF9KSm5qQ0g2Znpac1VNeDRud0Q4TTh2Y25WU2dYLUZzMGhieTVUNE5Xa21tbEFUMkdSNUkwMEhfNXlE?oc=5","The Jerusalem Post","Israel","1784552331000"
"Iran’s devastating strike on US base in Jordan signals both capability and will to impose costs for aggression","https://news.google.com/rss/articles/CBMi2AFBVV95cUxOYVJYTFVDVVNRamhkMndKY0hOeDJXOUVRNWxScHpyTEZhWm5mcUJMQWpsQVItMEl6WTJXQURrT084NnJOVV9ibzR5M0NzVjgtR0VvSDB3SXVqbVVqTGhaMjgxOF9UdXRaMFBRQ1M1cHFHV0tDT0d4UGdiR19nYlV2ekIyLWtaQVkyZlVKN3Z1dHNYNDJZaXpmZjZueWVLMjBDMXFLQ0NFN3BjOF9Ka2E2TXlFM29JUmpjTFEyZC10bENjbnBxcXBnT2NNVTZSWkd1bnNVblRpcm8?oc=5","Press TV","Iran","1784551140000"
"Trump’s plans to expand Iran attacks is limited by lack of munitions, battle damage — report","https://news.google.com/rss/articles/CBMizwFBVV95cUxNYW9ManFLNE5QZmE4ZnZzSWZGRTJrVVFJRFZnc3otblNNWUJLdjFFRmVqd3RfZW8zeWtRTENBWlRoTXVsbHFsUmhfMkcyMll2aEZ0Rkg1N0ZHaWNmNExleldNQTRwRnRRSEVGX05jNl83dTd5bWhFal9mYlg4TWQyUFZHM3VoSk1DSG95Wm0yZzhQQVhEQS1DajA4VlRva1FmZF9DLXpMSndPNV9ibmw1T3Z2Q2VuOVBpS3IzWlFldjBKMUdwMEl1NzB3Smg1akk?oc=5","The Times of Israel","Israel","1784550119000"
"Bahrain says Iran targeted air navigation systems, traffic unaffected","https://news.google.com/rss/articles/CBMipAFBVV95cUxPeThUMEtHTzhIXzZjd0VwMmtQSEZfTXZKdnFKWXhiUUJCbjk5ekFOOWx0enFyT3phc2NiUHh4bllXa3ZzaERJZ3dXRXZjQ3JmTG1hRTNKek1abm5BVDUwUFItckJZRnhzNHRRVlVRc0hMc0ZUMnRVbkpUMUNLd3Z2RVhvRllnc1VKRjlVY1ZrX2FNY0NscVlieFo1WmtqV0REODJkRQ?oc=5","Dawn","Pakistan","1784549312000"
"Iran War Mediators Push for Traction on a New Ceasefire","https://news.google.com/rss/articles/CBMipAFBVV95cUxOMm5aQXdjUnhWY0dqVlktZlgzamtLaFAtRHhMcC1MV0gyQ2ZzY1JlWjFDblpPbEFWWk82cTljYVZSbml3UTNPYUpRRDBJdHFWaGtjOXFYdWhTTi1TT19nWjc5MG90Y2phb2pnaTFDYW4xVkxJSXdMTHFSV25lSTJhMjc4QW5QcUpEd3ZnZzRTWkdsLUVnMGdtc3dLX3M5OUVyQU5lRA?oc=5","The Wall Street Journal","US","1784551980000"
"Ryanair profits plunge after Iran war chaos","https://news.google.com/rss/articles/CBMilwFBVV95cUxNM293TXVsano4dDhfdDBXQ3FBaVZjOUZyY3FRYVMzTi1kRnd4TzhUOWlaX1k0T3VNSHhUeEFzN3JtT0FqY0lBNE9CVm1mNUFOY1lTTHpWb1V0OTlLMHFGeWxBdlN3UkI2TmFPcjdlV3ktdHpuT0k0c0lJYWdSRHAtZWpCTXFnNTNfT2hydTV3LUthZWlCbHR3?oc=5","The Telegraph","UK","1784551980000"
"The Latest: U.S. military identifies 2 soldiers killed in Jordan by Iran","https://news.google.com/rss/articles/CBMihgFBVV95cUxQX2JfTWR5X0hZTXhuQ1h3TlN4bVVuTDdwNjdJYTUyZUFqUTF0Qzd0V2F4ZEdqSnB6RU1Vb2RXbnpxMjJlQU1aNHdSdEN4SWNMNjdFTEhLN0VvRFQ5WWwwNDFvQnpXQTV5N2J5ZFhvcU1oOHI5ZVR1V0xuVmF2ZEdZNUxZOWVwQQ?oc=5","The Independent","UK","1784551800000"
"US military identifies two soldiers killed in Iranian attack on Jordan","https://news.google.com/rss/articles/CBMigAFBVV95cUxPbDFyb2VoV2JaenlGVFU3aHlobG1mazgtdkNNaVF5RmZUNnRaSlVrR2NMdGpzWGRGOTVidXU4R1kyXzlEeENDaFdya1A3aktNZVhyWnIya0NyakQ5SW1DYWlaOWFMQVFKSUM5ZGRMa0EzbEpwVTRzaTNuRWFkVjFLVA?oc=5","The Guardian","UK","1784550960000"
"Wall Street futures rise, oil prices retreat despite an escalation in fighting by the US and Iran","https://news.google.com/rss/articles/CBMikwFBVV95cUxORW43YVlhU1dNU0ZSTVNQc2tJRGpwLTNlY3FCcExTWDhOSWJ2ZC0tci10V0pYeUpMNTk5OFpReGVia2wzaHRqS09CNk56MkJzN3N2Nkk4UlNNVlFoamhFS0NrT3JjODhSRG9lSmdHRG5wald0UUtlTHpZRGlnWHJ6ZWthWnlKRkdTX0t3US1EejB1Rzg?oc=5","Associated Press","Global","1784550780000"
"Spain wins World Cup, US service members die as Iran war escalates (Video)","https://news.google.com/rss/articles/CBMiywFBVV95cUxQa3JHNzVLTC1rdFdOU0JBWVpZdjdHTGRqX1NPbmF2UU9QSGY4MmlFdEhpbVRDLWhFVS02bllSSUwwRE1sMzBGMUJsbnd3RWRHLTZ0eXFncnd2OVExQzNrSkVvVFYzRm1pZGNjd2dLd28ya0VqLVlhcWRFN1BVWVl0WjE3Y3lMSC1EaXdYVnVrUEtVbkpDUGF5NDJaR2RjNjFZZ2k0SW0wbTlYeGt1TDliUUtyb0VxWjNXMExPNmViOWJXU1V0QjZnRXBFYw?oc=5","New York Post","US","1784553258000"
"European gas prices hit four-month high amid fears US-Iran war will cause supply shortages","https://news.google.com/rss/articles/CBMisgFBVV95cUxPaDVraW4zcW5lc1NITDlidlBybE90QWx0UDQwbG5UNmJlZkM0Q19MNzJ2RllIRTBWakt1RlI4ZmtraXlpaDQzQ0xBZHRaSGV2SXJfcGNuNHlhT3N4OEdCb19LdUhJTWhRa3ZOSUtFZEZCZUtQb0g2amtYdnFldUFTRTZBcFQweVhhcktOR2FlME1sMUJaT01Xdmt0bGNnRjVhcllJWk5qT2hFUEdpLTVPcDlB?oc=5","The Guardian","UK","1784553000000"
"Iran has mastered the art of seeing through US games: Parliament speaker","https://news.google.com/rss/articles/CBMihAFBVV95cUxPejg4M1NVUHZlaGpPNGpNTEFRU3hoR3NfSWlObEFQdmN6d09yUkgzTXFDbGJseGtWN2p0ZnY1MGhXdkZwWG1GZzZ1S3k4a2hudGlGaU1BYU1TRFhxYlpMdnJIOGJuc19ERTd2YkMxdFAzZEpTbTNQNFNZZlowdjBjY01TOWg?oc=5","Press TV","Iran","1784553600000"
"Oil Steadies as Hopes of Renewed US-Iran Negotiations Offset Houthi Threat","https://news.google.com/rss/articles/CBMiugFBVV95cUxQeXBzNUlFSy1vaEtwTmhoSDR1Tk8zQkU0bVF6OHZfMS1TZXhsLWlFVHZZU211VVktaDZYS19NYUZoaENDd01QdFVnQURuVjhVVjNNNklXMzBiY0pPdHlrb3JSM1VCMmlodWh3dHJmZE1wRHFtMElzM0pWNEZ3OVJiZVVXcFZhQ1FUNGdfblR0UkJuOVh6dUJVZlhsY05RYU1zcVlENjJmbGpITjhqMzZ5enBLMHFXV1Y1WlE?oc=5","Asharq Al-Awsat","Arab","1784553003000"
"Since Islamabad MoU: What’s changed for the US, Iran and the Gulf?","https://news.google.com/rss/articles/CBMiqwFBVV95cUxPT1ZhWVdfcExUc0gzZERuVFl2amZ1ZlUxa0Y3dVIxV0lhUEhJOV8wS3ZVMC12UThyaGVLWGVUZ2Z1SXNLS2tQeU9IbG5Sa0Y5QTItaFFobnVZQ1Q4bjNjNUs5UE9ZSTM4aWRob2plTDlQSUxDcHJjQkRSZnJ5YXFTVzhvazZ1Zi1ZVkFRUk1rUHM1NmFiQkFBeHMtSlozZ3d3Ynk3Z0dFaTdOSnfSAbABQVVfeXFMTms1Z3FCZHI3X3V1MHl6ZmxDblI1M2d2M2hNc3FCZkQxeVFGNDhNUkhyU2w3YVNPeFV6QjZ2a0lOUE9pWVNmRDBpSWkzSmp0a2ZuU0c2QW43M3dCYXR3cWZ6cHVRSVBHSmw3SURfZHhRaE43ZW03Mk5XVXhfempIYU1jRHlOYU9VRzBhSHpyR0oyS3I2U2dwZE1ZRm8xLU1DQ095eTRKMmJGMUhrdEJxZWs?oc=5","Al Jazeera","Arab","1784552850000"
"Experts on renewed U.S.-Iran tensions","https://news.google.com/rss/articles/CBMifEFVX3lxTE0tNEdhNHJWd1JnQXVyb2xjR2pyRlExUnZQdWIyZ014bi1qRGx2VlMyanlSdUNjNjBLYTdVLWVPOGVqaHJEWUJEYldnbGhEUWJXbFh5dGJlUEdIM0xWa2tyX0E5N1Y4d1VJazA2VkU1cEUtdVd3ckRuNF9TVVY?oc=5","Xinhua","China","1784552508000"
"Oil reverses as Iranian comments interpreted as chance for fresh negotiations","https://news.google.com/rss/articles/CBMitAFBVV95cUxNdDQxSGdRV2IwREFzYnVmcU11Q3BNN293ZTMzdmFmeGtuODFaZ1lmSTVUeDY3b0wtTVVYWE9PQ2RfV3NUX2EzOTdvemkzVjNMQnBGM0RxOERyaUdwLV9hcllVZF9wMXR0NE5BMEhhNkN1X3FhbGR3QzB4cjhPZ3pGX21mSTZTaW9rUTJQZGs0T2hEdDgxSXZsZnVldmUxaEtPbkpmZk5scWtsemM3RW1QNXFRUWU?oc=5","The Express Tribune","Pakistan","1784552353000"
"Kuwait and Bahrain face fresh Iranian attacks","https://news.google.com/rss/articles/CBMilgFBVV95cUxQNEN0QTdYSm5kSkNBN0xzenVYNHU2dnppckVLX0hXZzFDSUdEbjZaeEJKcjlJRHNjSWZOa2Fsb1R2bW4yYnp1enZzMDhsVUljdm1JQkZCVlVtUHE0bG9NOXJRalRpamxFZ0ZPNTZidHZfM0s0LVZ2ang2NDY1RE1zOWI2UGhGdW5hTmotUm1Cbjl2OEowVVE?oc=5","The Times of Israel","Israel","1784555921000"
"Iran claims to strike, damage US military assets in Bahrain, Kuwait","https://news.google.com/rss/articles/CBMiakFVX3lxTE5kc0s3YXJYdjNTcjhFVU9Ra19GY0VvRWJCY2hDNWpKZTFUM1FJMktOSmxDWnFZRU5DaDlqNkVleHRDa1cxZEpmczNKMkpUelJWdFZKeEVxR1NBR1FYd3JONmVVcURDMy1yTnc?oc=5","The Jerusalem Post","Israel","1784555515000"
"Greek oil tankers struck by unknown projectiles in Strait of Hormuz","https://news.google.com/rss/articles/CBMiakFVX3lxTE5DOVFHU2pYZnR4Z1RUb1pOQXppSFYwUXZjLWs2aGFWaE04X0daZGtSQUctWE9yY3ZLVF9LMmVYb1RLUGd1cHBrbmF1cl9RdVdzRXhwTEZPMDFiRTh3V1dBbnNIdmktTmlSMmc?oc=5","The Jerusalem Post","Israel","1784555159000"
"Iranian president says his country in ""full-scale war"" with U.S.","https://news.google.com/rss/articles/CBMifEFVX3lxTE80R0YwZG4xN1NKdWJHQ1llczhvZEhKaWJmaktFOGxOSWFEbjNZay1RblFfc3Z4NXZjOEVoXzVCTXo2T3JpcWFkdUNzeEFrNXpxWlQ5clVjenRicUxnRm1WVXdsTzVDYkttcnRiZEJiaW5UVjRWb2dJWmNXY20?oc=5","Xinhua","China","1784554711000"
"Hamas Picks Iran-Aligned Khalil Al-Hayya as Its Top Leader","https://news.google.com/rss/articles/CBMirgFBVV95cUxNa2pWaXBmMG1pTUVYZXJ0cFZWRXpSSURCdF96VUpWZkdHSjN1M0ZRcF8xNGw5ZDJYNlBXS0g2cHh0d1JtVWxQUGRwT2dRaDl3OHBpQS1EenZUOV9DS01SVldSMXowUWpoa0hNU3M5TExrSHVNUXkxb0lGVDVBQ251dU9fN0NCd2RyejRrNVRaQ2gzMDNLTUxhV3U2QlBjRE1EcW5ZRmJnWnQ3emVqOGc?oc=5","Bloomberg","Global","1784555350000"
"US-Iran strikes: latest developments","https://news.google.com/rss/articles/CBMiigFBVV95cUxQMklzRnh3QnRJYklEWS1ycC1OUmx2OGhzamJkZ1NnSFIxQWJHZF9UUEZNT1R1X1BfOUF5REhzQVNfQVducWlHODFMQng4MXJxNzhtbWk4XzlOZlF3M19xM29xVDh1eWJJWThoVXNqa0oxQjY4ZW04RGpFUXdxbWhtdFVzX1htMjJvWnc?oc=5","France 24","Europe","1784555230000"
"Yemen's Iranian-backed Houthis say they will block Saudi shipping at Red Sea gateway","https://news.google.com/rss/articles/CBMimAFBVV95cUxNcEtIeEZISTRjTVNfQ0ZjUGVVUENlMVBTcjlYaEVXLURaZmpiUVNlWmgxRV9TalN4QVlIcnVwNWJBUEhWZlBSMkJmN1BXdnpsaWF5cHJCeDhIYm1FTk9peWtoYk9NYXBKbU5sSFBqRF9CQmM3Ri05dWp6a1JoeWpqOThzc0JrclUwc2N5bmtfX0thZFlxYVhXeg?oc=5","The Independent","UK","1784556180000"
"First Thing: US continues attacks on Iran ‘in honor’ of dead service members","https://news.google.com/rss/articles/CBMiogFBVV95cUxQVlVCOHVTUjBQQ3N3QU4ycVZuSHZaU1NqQkcweG1IaDdHVEtqekZ2eE5ZZWY1UjZ0NFpXV0o4bmV6Zzhqb2E0bkNiWlpRRTJ6OFJjUTRoa3pnamx2Smw2S0t0VEFCa0VzVlNaaFhvdlQ0U3VxRTFxZ29MN2tEQTdEQ041RmFQZm95cklocTI0MzBlbWtrbXJCeTF6V2JxWnotSlE?oc=5","The Guardian","UK","1784555040000"
"Footage shows suspected Iranian missile attack on US base in Jordan","https://news.google.com/rss/articles/CBMingFBVV95cUxPOEZUVDloSTZiNndtNU1sYURUOTBCWXp5TVg5QkpSNU5OcGNsMUJWSERqVVZKb2lHcWpwRkxKLV9VbE1OcDlwZ3RpaUxHQ3dmSms1MUg1XzFiQkc5V0VWRXBwNWdUWnRrTzNSNnV5ZFAxNEpid2F2ZE5jVVZHWVRYMWJLT2RQazJBaWxDWUN0NEVrWlpvRzFldXk3YVdDdw?oc=5","The Independent","UK","1784554140000"
"Spain wins World Cup, US service members die as Iran war escalates (Video)","https://news.google.com/rss/articles/CBMilgFBVV95cUxPZUloMU1ScVg0V3dmbHVxb2VkcTdicldRWDc5S0VvaUVVSF9LYmpSbTRSZEROQWtYMXJoangzbE4wNDFlS1lweFNpZHJPUVJEYTVHeUc2SXppR1FTRDlOWE9pZ08yZ2NaTnVqN3J5THV3Z0RRRENXSFJ5U04wNkFiTjJMRlF6VU5RVlBtR2pjNE1OenVvM1E?oc=5","New York Post","US","1784553258000"
"IRGC pledges 'unforgettable lesson' as Iran signals return to talks","https://news.google.com/rss/articles/CBMirAFBVV95cUxQUm5makNTTk5iWmlBWXdoSjBLLU0zT01DZGxRZ195Yy1NTndTc3hyY05pTmR3UzhlU21LZ2JndmV2Qm1NcWh5QXp4QXB4anJDTHNwdWtDSWpDR1RTeU9XZmVIY0FiaExTTEtuMk5hZE9TTDNQYzJLQjNlTEhBTDQxdXE1ZHBCdE9yU2wxZW56OTNTa0U4RmtpYTJpck01dUJfNEU0YWN2dmVUN1Bo?oc=5","Euronews","Europe","1784556547000"
"Two Dynacom Tankers vessels attacked off Oman amid escalating US-Iran war","https://news.google.com/rss/articles/CBMiwAFBVV95cUxNYUVxdUFVU3hpbENhZ1lPc3BZYU9ub1c1ZGxCdm1ocTBhZm5SSTZ2RXJYd3BxeWFoUW13Y3NJb2JQN05IOUJYNXV5TU1YVHIwVkpkclBPaGpwYVl1Q0VXenRvMkRLNl9HQkdkVENpRHZSbG5ydWNzWGRWNE5YNEZISXR5NFVVVE5CN00zcnQ3M1ZONndRVDMzMGx0aC12NE5ERmN0SFNRcGx0QXJ0b2VZNG0wWEZLMGFhemFMNmc4N1o?oc=5","Reuters","Global","1784555586000"
"US gas price average jumps to $4 a gallon as US and Iran intensify attacks","https://news.google.com/rss/articles/CBMipAFBVV95cUxQUmVkb3N3am5rVUU0Tlc3OWpBVEdvTENiU05QNWl3TlJlVUhCLUg5aVpLUTBYRkJmcTBFYzg3OENRbDd3ZGsxalN3RXNUVTJCTjB3VmR6UlJZZTdIR1J3OU1tQlFEdDBqWmFjQVVLRlcxREt2WURBM01GajVOMG5VQTJyVTRJZTV3RkZCUjNfaFZ4enJVZHFEQ2RpMVZsdG93SGx5eA?oc=5","New York Post","US","1784556240000"
"Another U.S. Service Member Is Killed as Iran War Expands","https://news.google.com/rss/articles/CBMigAFBVV95cUxQbmViUUFFckx5RUFieFpDdVFUb2hrazdyVkJuRUFfcXpEQV9xbURPal9ucHY2a2pjV0p5d3lEMFZGR01VekxzanpkZUZoQ0Z2WHdzZF8tbEZqeThTUDU3c3pVd2tRMG5tX1c3T1dyRDlOSkZjRnl4eGtFeHFKNTlRbA?oc=5","The New York Times","US","1784555880000"
"US hammers Iran in 9th straight night of strikes","https://news.google.com/rss/articles/CBMiVkFVX3lxTE9WWXBDQ00wNVpzR0dWRTZTM2dITnhoZ2Uzem5lTFoxUjJsMDRtTmtRdGFwWTgybjhpdDZ6eHVRWGZCRHZ2RVRJYW5HN0ZCcXJvTS1rRFBR?oc=5","Fox News","US","1784555485000"
"IRGC vows to teach US an ‘unforgettable lesson’","https://news.google.com/rss/articles/CBMiqgFBVV95cUxORGZqMjA1OFROcGU0bXBDaTRWZkQ0Q3BKcnVONWtNaDVJNDRHSTVZaEt5UTdxZGNrLVh1MTZPcGk1d1N6SkxwZ0RSc0x2dmxLT0trTTZqZ0FEamhhbXNZOUtob1dRWUZLNTAtN1hJOVNteVJuZzB0eVZkcllmdThPcTZWRlUxTkQ5TTV4OFo4a1FINWFPY0h6YjBHNkZrWDhwNDBRTVBZQTFvZw?oc=5","Press TV","Iran","1784557560000"
"Baqaei condemns US targeting of Iran's civilian facilities, infrastructure","https://news.google.com/rss/articles/CBMiqgFBVV95cUxPeE5yQTE4NGJmMkk1NVNRNGI2Y2JVZjVrNDlhc2ZGVDFkX3NIZHQwRHRKLTdLa3J1OFBhX0oxN0RXeE04dXJPZXFjb3BzRkdFNllQWXhINF81V1dvZS1xdXVxdnJ4bDlxRTM2Q2ZBVXJQZWN5c0ZTQjJWcEVPLXRTMllURnBtVmRKdDdSUGxodlhUNGkzSzl3ZmQ1b1hDLWpZY2txenhrZkFZZw?oc=5","Dawn","Pakistan","1784554647000"
"US Dollar Holds Firm as Iran Conflict Fuels Oil Surge | Gold & Fed Rate Outlook | Dawn News English","https://news.google.com/rss/articles/CBMiywFBVV95cUxNdVZjLTBvOXN1aGx3SzdXNXlNLUhjNl83MTZyUmRiOGZNcGlTRGhGRTBEU2JyVG9pRXNibzBHYm9PWXRKZDFxYlktRWI0ampyLTBhMjZYeC1oZFhuY1BjYUp1SWxhOTJ1bnpWQ0FtMUtvbTQ0YnNraVh0cE9PUURsNTl0U2g2Y3Z3dk42SWYyenBiRkxIdG0tMXl0ZXFZdWlVRHQxb2t6VmJRQzJWNExsNjM3eVhYQWtCYVZ3UE1fd2RzR0NVdEhnbWdaMA?oc=5","Dawn","Pakistan","1784554511000"
"Xinhua Headlines: Where are renewed U.S.-Iran tensions headed?","https://news.google.com/rss/articles/CBMifEFVX3lxTE8tWGdraGtYRmhEUjh2LWRiQ0N3aVBmOFZwNEFGZWNQaW9XbmFRMFlfLUQ3NGEzdEt1elR6VnVLcHpQSHFVSU1XczBLR2g2ajRwcFlIb0tQNHBSb2tyd3NoSDVHOU4xMFotN0NYdjU5TWxDVGJKWXZmNVlSTkY?oc=5","Xinhua","China","1784558448000"
"What are ‘civilian’ sites in international law and where have US, Iran hit?","https://news.google.com/rss/articles/CBMisgFBVV95cUxNaDd3cGpLc0JGVHNQSURkTTF2TTBfbDI3dXhQRDZNa1JPb0NzNUxtUkNsaUFuN1VPd1JWSkpSdU5QVXJqTThIaV9yX2pVZDByakE5bEtPa3RkQWFWdnI0QWhEX2dpUXEtZHR1c1loUGhnR2M2NTdaMURNOVpPOUFlZDBYakEzRzNhek1URzZYWlUwaHRRVTYwLTNmMHRuT0kyVUwwVENPQVVPaUQ0SkgzVjNB0gG3AUFVX3lxTFBHSmpQWEktVFk2NFExejVyTXZCNlRVOWtnZ08wWHluZVNRb0gxengxeXBMNDZzOFVYaEtZRm1MUWRLOUJZdXRnMm44RkNSZDNfUUFRU1h3eEVnSXhJdVlhR1ZON2tpWXBYUGx0ZmlDMWxDSXp6RW9xUzhNZUtsdlBfSDdZcDgteFJueWVZZlQwQVY2b1RxR3dIdFlsVjBnc2ZYcjZVS2RoVDUzLTVRd3htZk5XWjBXWQ?oc=5","Al Jazeera","Arab","1784558405000"
"What we know about US soldiers killed in Iran war, and Iranian casualties","https://news.google.com/rss/articles/CBMiswFBVV95cUxNS1VjYTZwRmFpcHE4cmFPSnBqUVVIeXBPMDdmVklLMW5TRjlBTVZ6bThlcnZHc0JQcWxxN3FBcVFhbFUwS1dsMUFxMnRlMFVxODVvZlpPNE5kaTRBLWk5d2tUd0xZcFVScVRxY0s4LUZOWjJ4ZmRnOXhhTEVMQ3BBNUFQbmhIbWNSeGFfTGNLQ3VIYVRaVkNRekVFRjZDbk1XQmpEYlpYYVkyMmFNbTJmWHdQVdIBuAFBVV95cUxNekVCY3UzUGtMQVdGVEpqSFF2b25HcExBN3A4SmFkTlVxSHI1cUJ0Rkhwa3B5LUVzY2VmV1ZIbGo4Rnh3T1A3OE5FZDZKUmFYTjNSU0F4NTBRSk45NUNjbWZ4V2R1dkVrc19Lek94d1V5M3JiVndMdGtqYkxpNXJkNXBjU1ljaHN6U201UldDbnYtWUhYNFAzaHVWQTB4MmVDb2ZHQW11R2ZHM1FyWHF2TjFqWEhGS3BC?oc=5","Al Jazeera","Arab","1784558285000"
"Iran says it’s in ‘full-scale war’ with US as mediators said to proffer 10-day truce","https://news.google.com/rss/articles/CBMipwFBVV95cUxORVN3bldOQU9fREtLMUdFekVFaWtoZkx5bW5kRVJia2dkdENIb2V2T2tEUUFCb1hMcS1fVzc0T1R4X1p3UDVPRnRZTXB1bW93eUVqcFlUSXVROENuMW5McE51bjhVZGNqMnlDZHI1YlhXcmlGUkxycmE3MzA0VEpkZHNra19jYnhWS19NUFBxSGZkbzF5WVZWTnNVZUp2RDBLeU1IY2FuNNIBrAFBVV95cUxNZW9fenlORkg0MF9PSGptVHJkeF96VEtzMm1seU1GcThHRXBXTjJpWTA5TFFHb1QwdVZTSFpMLUFhZmlFU3kwbWFfclR0ZUFnMEdSbWxibWthUGFwZl9tM0UwcWtzckVvVFY4YkhwMVRmck9jZ2pjLVk4cWtCTmdIME9vRlJjZk5aQk9fSW9GWHJ6bWduc1ZwUlBfbkd0T2cybVk0RUgxeTdBSXQt?oc=5","The Times of Israel","Israel","1784557741000"
"Iran Says Mediators Stepping In, Google’s New Chip, More","https://news.google.com/rss/articles/CBMipAFBVV95cUxQMnpmVE40c0dKQzZlTndSSjZjVkVocnJLcC1xcm43cUw4NDU0M3pCYVM1VVdXV3lCTFUySC05THFpYVhxeDJwS2o0RFU2c1E1d3FkWWVqSHF0MlQ2bUpOM2ZZMGlaeUQ5VDNjU0w2aW13WTdJdjM5ZDNaV1gwNE90MmdnaWw3SnoxdzB6Y0doTUVwRktoSTZ1UzQyc25oeUxGMTVjQQ?oc=5","Bloomberg","Global","1784559259000"
"US attacks deepen hardship, not dissent, in Iran's restive south","https://news.google.com/rss/articles/CBMisgFBVV95cUxQdlQ4cXVNbUZvZFR3WFhqaGt6ZU1haS1PQVVmODJkdWNaZzFfaGxtemY3eTg1VUtZLTFZcEZxUVd2YmZyQk5WSmpFcENVeVNoalFsN1RVTHFNOFJyeVhXOWpGYm1QcEg5LWJIMHQ4NEpnc2VXTnpkN0JYYnNoSmFnVnFnaWVhS0RISWotUjNrZE02UzhocXdvUTZPWHN2VDg0cmRvQS13WGlsSTcyQ1lYbEZ3?oc=5","Reuters","Global","1784559130000"
"Two US service members killed by Iranian attacks identified by Pentagon","https://news.google.com/rss/articles/CBMixAFBVV95cUxQclU1dWEzVS1HM1ZTOTJ4ZzAwVDhYbGF6bTVodU43V0xKcEhNNmR3eEdWV29tLVJkeUlXaFZBUWtkY0FBQ1d3MzhKRVAySnZybXJwM2dqandIbmpYdHNyNC14eVFEQkN1VU40TWRRYVVET0VKOUFLR3RsQTRJZmpSYy1kR2lRcjN5UEhzSjRvSmRQdS1oLUtDdl93MDM2VTdvOWQ4OWF5c0liQmhkV2FRUEtqT1ZMVjZoWnF2elFGWTBqUkpu?oc=5","The Independent","UK","1784559420000"
"US strikes HAMMER Iran for ninth consecutive night","https://news.google.com/rss/articles/CBMiVkFVX3lxTE1zdDJUZjY1Z19aandHeWhZUnBFTjZxRUhOWW92TWRTcEQteXRhTks3YUxDSVpDZVEtNHY5MEg2RGdJOVVOUjJxNjlRaHBuVFhxY1hqSkRR?oc=5","Fox News","US","1784559027000"
"Average cost of gas is back above $4 as renewed fighting in Iran war causes prices to spike","https://news.google.com/rss/articles/CBMiiwFBVV95cUxQZjVPUWpSUXkxOHV6VGhfNDhnSDJ0X0t2ODlGdFNQdDB0aC1CM2l0NFRCTGlUR2c3VXdYNTA4TXBUMzJYb3pSa2xvRXhsVElMdjJTSmlMeThkNTlJc3pxWENXVU5Dd3o3OHkxMHE3aUNWa3A1ckdIdlNkMGt3amxISy1vYzJsc0MzMXZj?oc=5","The Independent","UK","1784559000000"
"Pentagon did not disclose dozens of US military injuries in Iran war: report","https://news.google.com/rss/articles/CBMiqwFBVV95cUxPRG01MWdET3M5THhOYWNmbEtxbWQ0S0tMZFl2TWE4OGd5elJmSXNjbDRRN2RORTZia0VQU1hmUmpVdHNPWEhGVU5OeHgzQzVXYnc2N0RPNzNUMlJQS1dsaVNNYXd3WHF4R2l4SHdRbnhKNHd0VU4weEhpWnBvMmw0Y0FlTW4yZ3Z3Y0ZsbTBlb2pzMC1Bc2R1T21JVUtiaTFINC0tcWFhRmNQcDQ?oc=5","The Independent","UK","1784557560000"
"US STRIKES IRAN: Jordan ATTACK kills US service members","https://news.google.com/rss/articles/CBMiVkFVX3lxTE9hbUxPWTcwblBDX3N3R0pTN1h4d1MxWFBSeHlYYWl0ak52N3hwQ1RlWkN5MGk3MU95eW5HMkFTYkZaOXpWLTZSdVhYQkR0eE15MmxtU013?oc=5","Fox News","US","1784557107000"
"US petrol prices climb back above $4 as Iran war intensifies","https://news.google.com/rss/articles/CBMihAFBVV95cUxNWVZQb0s3WTJsU1c1WTYwdXJRYUpycTRzSmdiUU9sa2lWUXZPWldBYktyak1VSDlwT0U0dVQ0Ylg5SjFCdGh6S3RUVVNqalJUZ19pQXhIVXFsMUY5R3RzRE5pWXIxbW1ndDI4YS1HWFJtcElLdnVEWEZQNzJlbUZpOHk0bEY?oc=5","Financial Times","Global","1784560930000"
"The Pentagon avoids questions as the US war with Iran escalates","https://news.google.com/rss/articles/CBMihgFBVV95cUxNaEVhRHM2MDBDaHVzeUluNHNwaUZYcl9ibzlwekNLZTU0bEw4MXVhSjNGR0ZKS05kbnBpa0xBUXFiMHEyYlZTMkRDa3lSRlk4ODJUZ1piYXpOWWU2SWJqaERPdmpWbnpSa0tBam01RHlHdGpPUHlnNmZzeDZSV2RUU0FQVVZZQQ?oc=5","CNN","US","1784560950000"
"Trump posts self-own by sharing poll that most Americans back ending his Iran war","https://news.google.com/rss/articles/CBMiqgFBVV95cUxQVUFJNFk1OTJPaHBfVGkzOS05T3k3bGFZRDBGajFQbnl5eXA3SjRSMFFpd09Ydi1rMW9pS2lHQTZ2ZGp0bm9wS2J6TFhwVlJZdFBmTVFhVWRNZmVQbzYwd24ybnN3UzhNbVd1SEtFN0NJMVFBT2RwTTF1RkhQUENRbk5ucVVCV181UG9nZ3pkZTZvRUF2MVJ3RXVZS0NkeG5sNDRoOXhZYVFTQQ?oc=5","The Independent","UK","1784560200000"
"IRGC conducts three-pronged attack on US positions in Bahrain, Kuwait","https://news.google.com/rss/articles/CBMijgFBVV95cUxPMUlfUGM2aDlRcVVaQTFCSUZRXzF5N0czQnFLTmlIcVhKcjdGU1JGQ3ZwRk1yMjgxR2lCQ2dOelgyMXEtSTZ3cmNzTWhDRlNKa1EyT3htOUhIbGxTbGc2OHRxUm80ekt1bVJNUUlJckJqaFlrT1R5dVFiSTJLQll1SGMyRTNHSkFMUTRLaUJ3?oc=5","Press TV","Iran","1784560800000"
"Iran using Kuwaiti civilian suffering to pressure US to end conflict, expert tells 'Post'","https://news.google.com/rss/articles/CBMiXEFVX3lxTE9nRjdxWTlleE1hTDFYMzQ2UFgwWXIwY09pOW5wNUNvOUdvMWJjeVNjZDh0dXY5ZGlfM1lpcnV4SlBCVllXU2VjYW80OThRS3NhUHZuYTFjOUVNbHU1?oc=5","The Jerusalem Post","Israel","1784560114000"
"War will continue until 'full deterrence' is achieved: Iran army spokesman","https://news.google.com/rss/articles/CBMirgFBVV95cUxOZzIxTkNLbEZuSlZ6aGd2U3cwVkFaN2thT2otYThGcXNZOGR3eENfenpLRWplVTRwNGhXNjd4TnZtalRBWnQtRmVQYUlCV1FBb1BaV1NyV3ZwTVBma3hoNzJrcUhRSjJ4SjlXZ2V1c2lZRkZkdm1zcHNLLUxDZ2dUcjdIYTZ2VmVpalVkTi1WTjlOUjduTTlfc181MHh0ak8xZngzWVYzTlh1YVNzNWc?oc=5","Press TV","Iran","1784560020000"
"The US-Iran war of attrition is taking a growing toll on Iran's economy","https://news.google.com/rss/articles/CBMiV0FVX3lxTFBOd08wT1Q5bjZDczZrZkpYZkl1eGtURGtKM1NxcFV3SWR3X2tSWUU5Qmh6a2g1bUdPa1Jlb1pYNGRiemlhVEI2MHZGd00xY1VmMFFhamZPRQ?oc=5","The Jerusalem Post","Israel","1784559600000"
"US, Iran widen attacks as Iran receives proposals from mediators","https://news.google.com/rss/articles/CBMivAFBVV95cUxNN1h6Z1lrNjhqaGY1X3U5QW1JZEhGekEtc0lJeDN1S3ZrN2FYemQ5X29LQldpNm1ZazFuWGlJdDNCT3FxTzlPMlJWNkR1X3JlYzlKNWJITURxelFpbEhHcnRkVlZ4QmpIdm5ub29LZHotMm5GdUpaOVd3WXR3c0haUWVKRm9NMzNoQ3RpNm0teEpXb2ZJSWM3aHVTOFhEbDYtRDlJcE1DT2RNcWt1M3NOQktHdmYtejBQa0t6cA?oc=5","CGTN","China","1784558351000"
"French FM says 2 embassy staff detained, questioned in Iran","https://news.google.com/rss/articles/CBMifEFVX3lxTFB4aFpQV2lWZEVDMmNsNFVJczNrZXJ1WGswSlNuR0k3NTBSN2RMcVdqTjlCMUdYTnZNMmdZdEJ3Q2V1U0tHUXdtamp5WDVSNVFCVFR6M3BSQmpSZktOb042WlU0dlZxcENYOUpDbjk0RGo0TEJrN0MycVpQcEQ?oc=5","Xinhua","China","1784562675000"
"Bahrain Says Iran Targeted Air Navigation Systems, Traffic Unaffected","https://news.google.com/rss/articles/CBMirAFBVV95cUxQWlQtQmFNc1lqcjZTbm42TWQtNElIbER6QWM0TmN2a25NZ1I1cmV5WEdxbUlzUEpFdjRCbG1kN0pSYzBJaXdfVEdyRER1NDd6R0V4Wno5UDZrX2V2b24yTGgxNGhOQkVRc055eVlWbHJXZGtCTFBHU3dpd1VHZC1WSzNwZmdHUkJSUmtFTjRNOEtRN2VCQ0RkcjhOTF9KV3FLU2ZWdE9IdEkwSUFH?oc=5","Asharq Al-Awsat","Arab","1784562611000"
"France says Iran 'seriously intimidated' two French diplomats, 'physically abused' one of them","https://news.google.com/rss/articles/CBMi0AFBVV95cUxQUDFjUnFKNmxWamRuMmh0MWItazhoV0lCN09YMy14Z0h6ZDh0am1TNGh6eUZHaHhjZlRrcE5UU2tibzZlMnVlVlFtSVYwNnJpUV84Vnc4cHR5R3R4LWFfNFdwa0RFWmlWUGhIaGg4UGZ4LWZNT01hbGpEYnFKT0tDQmVfWkxDdGVtU2lJTURUSzVDQ2xra2ROc3NtbkFBTlg4ZWM4R1NpSDNfbHk3S1o2OXZma1B0aHpXYUliVlZmNXFERHE4M3Z0cWdFMXdZVWNj?oc=5","The Times of Israel","Israel","1784562522000"
"Conflict continues as Iran weighs costs of future US strikes, returning to negotiations - analysis","https://news.google.com/rss/articles/CBMiXEFVX3lxTE44Y3BqdGV0RXdXemtFQ19kVHVZd2hVaHZ3MkZIcDNPRDgta1hqUGxyb0ZfNmFGT0FhQjUtU1lMQ0ZaTkJZTHkzUGhzdGZYajBXZG5WQnZCU19EMGFa?oc=5","The Jerusalem Post","Israel","1784562435000"
"French embassy staff harassed, detained by Iranian security forces","https://news.google.com/rss/articles/CBMiakFVX3lxTE9qeVNDYzF3VTJ3dEE1RFRlUmhCSGJmNWcwcDhHS0l4SFo2X3V0LWxaZS10aEZFYTVMZ1lvNUxieEZZSmZHeWVuWjhmaTlZcHU1UlNVSC00Y0ZVbGFhZ3BnMzRSb2ZPYUZFSUE?oc=5","The Jerusalem Post","Israel","1784562391000"
"Yemen’s Iran-backed Houthis announce maritime blockade of Saudi Arabia","https://news.google.com/rss/articles/CBMiogFBVV95cUxONDg4UnJ3OXdrS3BzejBFQ0loSjFIOFFlcFpjMUZQZk5WQnlJUnQxR0xtSW9vMEtXQlMwcDd2VGtiY3J5S29pMlZKa05VakNkSHNtMlExc0dmTV9wcUdQMS1nbjR2dWFZdFNNVDA5alV4andqQ2dDNlYyWjBRWDA2TjN1dEZ2MG5qM3N0VFRZc0FtWjhCWWFTelVzemFpQnhMd3fSAacBQVVfeXFMT3V3Vlp6QWN0d2h5VUdMUThnaEl1bHAzVTZwdUlQYXlUYkVSQ2pjRmM1UnZxbkpMT1c2REZkRjVZbEdsOHBaVUhUdHBrZ3hpUXMwWWFUYVZiYm5kUzNXclZWWFFlUDJack9QcHVWY3FtcGRmS0dNRGJ1cnZWUEhwT0ZsSC1MLWhuQWNnRi1VcExhMDdvYUZldDRtYlB0WlctUGRGbEFGbGc?oc=5","The Times of Israel","Israel","1784562222000"
"White House shares 3-week old poll claiming overwhelming US public support for MOU with Iran","https://news.google.com/rss/articles/CBMi1AFBVV95cUxNNjRUWTFFRGY3cXVkcUdlc1VNUW9BZVF0djVGd3ZsSDBVckdjRFRTX2ZMMVhhU0RjaEhYSmtPN29KVkJWRUJUaldUU0lLSnUtc25MNXdKc2xZenB4X2luVVc1VG5KY0xtMzQtaVFhanFmWnYwMXQybkM0SXJiRHJBWEtqelhwWFAzenBoZGFlVFBhMThDcUU0eEY2bDBGLXZoSUpKUE81REExMVk1djVucGRxSU13ZWUtaFhSdTdxZlVoVGZ6b1RmVjJaZ3N0Vk9saXIyOA?oc=5","The Times of Israel","Israel","1784562220000"
"US attacks deepen hardship, not dissent, in Iran's south","https://news.google.com/rss/articles/CBMikAFBVV95cUxNcWlUMFE3MnpTV2R5NGVmVnQwY19DUDEtQU9Wc1ZKZUg3T21uS0NMYkNubDJYSTFabVItRFh1M094dzdmM2lUWmpreDNmRGN3aDB4R3laMkljMXJ4Z2pXOGV6anFMYTlsQVRLV0R0U1JqMXNBaFA1WmdMUTU2YndpMzRXeHVaZ0VRRlNrVElDSy0?oc=5","Dawn","Pakistan","1784562142000"
"Insurance Woes Amid US-Iran War Stall Airlines’ Return to Dubai","https://news.google.com/rss/articles/CBMiswFBVV95cUxPZTA4VWtLR0pHYVpnV3p5RFdDRXZwTmlDY0o1WE5fbWJpT1l1OFI0QkRpSVFjWGx3cjRQZTYxVWdRUXNQZGt1Y003YkF6WUZNaU5GUWNPSjhRbTA2RU1hbWRxRWN0QzQyaWMzNU9pdDlhQUxUZWlqMmRWYVpaalpjQ0d3RzJMRUh4WDNncTBQSGdnS3BrOUJfY2lmaTdpTjFpQUprZXpURTctNDFXR05oWEs4RQ?oc=5","Bloomberg","Global","1784562100000"
"Iran: Mediators Stepping In, Houthis Threaten Blockade, More","https://news.google.com/rss/articles/CBMiqAFBVV95cUxQTFB3anhnckRPQXc5NjVvZms1ZFlFU0dfVEZHa2VQZzJCNjFZNEV4dVktX2kxOG55NVJoeGIwbDNWN3V2ODhKcmgxMUd1S243akJNcURPcUwxMXcxMkV3SlpJVk1qUldnbk4teXdwOGY4RUNoQmFvc3ZFZEd3c1FlMFFVLTJfNlBWeEFIVXJldkcyclFKWE5JV3lMRXlqd1FYSHFyeW9hV00?oc=5","Bloomberg","Global","1784561843000"
"Fears over Gulf shipping and water rise as US-Iran trade strikes","https://news.google.com/rss/articles/CBMiqwFBVV95cUxNN3VqejhQV1BLM0tGeFRHNXRDVjdneUZXRnE2bGFOOGV2SEdDWTdXVUowU0lrUlJEbUNxaWlGcW4xNFB4LTBiRlhNZDRubGVhRmpRWUF0RE1QMlV5TUxHZGozOVZPUE9CSlR1S0hYYnF5UjFTYWl5YkNlRnlIQThYa2ljQkJSdDVjdGUtT3FUN2tRTFBzNy1nNGZhRktpMnlPdHZka1RtTGhOa0E?oc=5","France 24","Europe","1784560892000"
"Tehran threatens Trump: ‘Our missiles will rain down on you for years’","https://news.google.com/rss/articles/CBMimwFBVV95cUxPZzA0UE5ybnpxcW1fTWotM3FvSnBGZy1RQ2tjUTZMQV8xQUQxVzFfV19KV1E2TlFRNnFzWkpwM2taLXM0SERxOEdrYmN1UnoxYWlmZWNLQkwzNWNvWjhLamJhNFJmNWx5XzBRbnRuWVoySG11ZVFtR2Nycmg4RWM1Sm56bG03MUZySng1bGJEc05fZHNqeVo0YkcxVQ?oc=5","The Independent","UK","1784562900000"
"Yemen’s Houthis declare naval blockade against Saudi Arabia amid Strait of Hormuz fighting","https://news.google.com/rss/articles/CBMiowFBVV95cUxQcGlNdEF4aTNtNFh4cDl6dW5sNTdfd1huSnFLTHhBY0hTb0lpY3p4aFZJTjhDLURFZXh3T3loek45UFA1MnRSdmFFY29Zc0dSQkt6dXBhMHByNUdjQUdUYjhjaEwyRHhka0VmUHV5emptaWRwZFRBcmZ6c0xFLXBGVzNiOVpiSUh0RE55Qk9Xc24wSTlMZnBXanNwTXNQbWUtR09n?oc=5","The Independent","UK","1784562480000"
"Bulletin world briefing: Iranian missile attack on US base leaves two dead","https://news.google.com/rss/articles/CBMiowFBVV95cUxOamlsTkpTaFRjNnBMRTNoLWRfLTVKcFdvZThTWlNNbENvb2ZjZ2xMb2VFb21IQU4yYzl2WWtZeTM0dTJpWjJNVVJXTVRnYnZhUzZJbjJhLUNLUWVuQmhZMHF2cVhkdGlQdjNHUmJMeGw4cEhCRnJGcTNQbkdyOG1pc3d4a1Vhd2FUYUhkbmxqVDZpQzhsVEFxNHFZWWpjTE5wSFdj?oc=5","The Independent","UK","1784562360000"
"The Latest: US military identifies 2 soldiers killed in Jordan by Iran","https://news.google.com/rss/articles/CBMiwgFBVV95cUxQQ1VYVXBVUzZNdFhLb0lGNHF6NkNNZEsxZzVvM1NVRDEwVU1vZnNzSkNXRzlMZl83UFp1MlBvdGVyMlJrRW9NZkcxNXlLZjBZNkM5elFSQnlSaE1FWWxwUk1ZbUkxQTN5M3ROck5XU3ZDNHpnQ0x0X0d1UVZ2VnIzYWkyeEZIblpWS3BmUExKQUlsWHVYamdYeTRQS1pvQ1htQ2NDSVA3Nk01TG02TEFENnNzTWNmcW5EQWU5Mk1jeXRsZw?oc=5","The Washington Post","US","1784562304000"
"Yemen's Iranian-backed Houthis say they will block Saudi shipping at Red Sea gateway","https://news.google.com/rss/articles/CBMiywFBVV95cUxQRFJBUE5IOG1QZEdzeEotQkNYVXVjSFRnNFE1TDR5QWNLMzlLQk15TEExb1c0YnEzcHBKeU4yQ1d0RG55Q01UcWtMWlNYRE9BS1ZXSC1LaFZ5N1ZTYi1FRFBiaDJsQ2ppVDVUckJ2MEZuMVhaaXNmSlkxRFpyLW9EdzNaZk1zV2k3dThfZXZBWGZiQ0szb0F4LXFLb3VKMmYyMkRZcDNfZDF3V3ZFTW02LUg2X242TEhxdHRJM2Itc2FlWWlneUxxWS1OWQ?oc=5","The Washington Post","US","1784561751000"
"Iran: Mediators Bring New Proposals, Oil Pares Gains, More","https://news.google.com/rss/articles/CBMipgFBVV95cUxPM3l1cm9Vc3NzMmZSd3JKenhSVENKcC1icFphakhUcEZEaUlkYWM2ZmRRRkJqNVdWYzdwb1k5eGFtT0JzdUJoV0hmOXc0a2JtNXV3Z0tJUFpkM3FfQnJCS01hSkhDLXlQTmNnQnhobFZ1ZzRabXJNb3FVSVlFTFU5YzBiQ050S0cyNjVWN3JIbmltWWtwRVlyYUJaVzNJb2NaUnliOXl3?oc=5","Bloomberg","Global","1784564605000"
"Shipowners Offer Huge Bonuses to Get Crews to Sail Hormuz","https://news.google.com/rss/articles/CBMiyAFBVV95cUxNbXhUemI4NlRCLUVEV3g4bUwtdVVzcDFqd0w1cmdNenZPb29ZMVh3V2F4bzZGbmN2UFlBRl9BUkkxN2dONXdRUEwyay1lM3RCUjlaYTdSSHd2c25EMHV4a1ZYVTdTVWIwc3hOU1pVSkNXaTRPdWt3MjAzMDJCVDhBTlhfS1FrclZ0Q01WUVdsa2lUODBLdk94dTRLcHBuekxPTHo2X0ZSQ3duRjlBOE5qdUFOMklqenpRc3pyeFRyRWdZd0JQUC1Qdg?oc=5","Bloomberg","Global","1784564541000"
"Two French diplomats subjected to ‘extremely serious act of intimidation’ in Iran, FM Barrot says","https://news.google.com/rss/articles/CBMiugFBVV95cUxNbWRfaVFYQ3VJZEJSMjZmV19PYU0xaS1BUmNkSHU2alNuOWFJUkk3NmN6SmZmVS04bVNIWFhDMEtURW5fVkR3Ym0zR01yTGdtZW91WGJ2NUkwZEljUGNsX0NXYlNrUjgyNi1KSTBaRnFCODJUd05WVXFiTzZfUVFraFJsaGM3WE92MUd4RjRrQ2o5Uk9qNFRuYjZMdEVKb0dDYUhmc2M4Nl8yRXhkZG0wNUpXWW5xWUt6dVE?oc=5","France 24","Europe","1784564062000"
"Yemen’s Iranian-backed Houthis say they will block Saudi shipping at Red Sea gateway","https://news.google.com/rss/articles/CBMimwFBVV95cUxOeUxVTTdGN3I2VHpkcGVLZFAzeXZlSjh3TmVGaXpPVjlsdG5iMEtmR1hscHVmbnlNQjBVYUVoTFI1c2Q2VS15SDVfSTVPb3FjM1FFMVREY0NKdk1hQ2Y2SGhkN3hvN2p2NHk1MTd0RU1HbDJvM3ZDTGhvQmpBNzBLQ1hpNk1mNjhpQmNxUmMtMnJ1Vk45N25lN3NBUQ?oc=5","Associated Press","Global","1784561880000"
"US hits Iran after troops killed in Jordan, Iraq","https://news.google.com/rss/articles/CBMiVkFVX3lxTE1PMV9iYWlDaTMzMVNfNFRWdG4yMHlQSnBGblhzcGx4S09ReDJ6ZGU4ams5VjM2Nk9LaTR5dW5EeU9wX2tmT1N5OXF3OXdJMjE3XzNMQmVR?oc=5","Fox News","US","1784564837000"
"Trump hits Iran hard after US troops killed by ‘Chinese-guided’ missiles","https://news.google.com/rss/articles/CBMipwFBVV95cUxOb0c1d25FMXNXanUyMlhCMFVyTzRteXdTckZ4LU9WQU1NblFScFMwOGxWTVMtUTZtUWJPUXhWLWlQSFJWNHBBbU9tOXN6N2ZOM18xOEltOVdFa0drMVlzQ01QeERfbF9leUxVVkhyaFRkbVFSSlFCMU5uVktuWV9uMmNFNEszRWY2NGVfcXhzMUVRMzg5bmx5ci0tN3FySURMMGJzOGN2UQ?oc=5","The Telegraph","UK","1784563680000"
"US military identifies 2 soldiers killed during Iranian strikes in Jordan","https://news.google.com/rss/articles/CBMihgFBVV95cUxPYlRqWTI3TEg1dWs0ZmdwZ0ZoQ1FIZGdzd3BYWFk2M2I5Z25XdkVwRmR5bl9zYzhWZmtBUV8wemJNMGM4MXJEVlpHZ3dOaFVIcUgyVW1LSV9FYzJCN2ZKNk1Saks0NlludTdyVjRNaHZiMEZDVmhrRGp5cF9xeTAwd05XakN3QQ?oc=5","CNN","US","1784563643000"
"Iran Says Fighting ‘Full-Scale War’ with US","https://news.google.com/rss/articles/CBMimwFBVV95cUxOaVFpQXdSYkNOaExpMVpKd0V2LTZvNTBVX2xZZ2poaUVQVWs4LUNyYlY3dzNiT3NXNWVhemRxTzZjTmMya3RwQUYwdnA3bzY3ZWVfSmpWa01ncjFrbVhseVZOMnhkZGl3aWJpNUxHUnFYSG5xWWFPdldpd1lvOERIeDRReC13OEJ4VGZWT3M1YnRoT3Jsdy1uaGtBMA?oc=5","Asharq Al-Awsat","Arab","1784564851000"
"Iran says diplomatic efforts ongoing via mediators amid fighting with US","https://news.google.com/rss/articles/CBMiswFBVV95cUxQVU9nQmJzX3FkYmpzNGh4d0Y5MUZ5eXZGbHU3OXhqTmpFZDNRS2pRQ3RwNlhIWGVIVVN4LVU4SzhOOVN6OGtYQ3lxSm5jY1A2dTVYVlF1R2c4ZE9LNERxYng2MHBpQURidkpTa0x5NjlSRnlPeW9YdTRXa1B5RlUzdHY2Q09Kd20xRGhsOG1rbFpGVVJ3Zy1La3F2ZGF2RjJhLTlfMTVUTVNTeGwwcjEwM2JHQdIBuAFBVV95cUxOZmVFM0piNlJoaGxybzhyVmdiMnVWWVpoQ1lyal93RTFQUlpUMEFaT0Z2T2hmX3RsdVpYRzBPNno0NWtxM0RrMUtzXzhFV3hjd0F1YWlMU2I4Nno4NVJkdEVUTjFLZzhFeWotcVdieWU4WjY4WU1ORWd6VzNCaHlHVURvYjBGS0JaUklXUW5kVkd3bkNPRzBNQ21FSEd2a0pweGJLSW9ERENyTHlTd1RMbE9TY01tOXgx?oc=5","Al Jazeera","Arab","1784564325000"
"Urgent: Explosions heard in 2 southern Iranian provinces -- Iranian media","https://news.google.com/rss/articles/CBMie0FVX3lxTFB3Vjg4RUZlSVJYdVZkMERFV0JaLXBiY0E3V3dJY21yR013S2VLTXFmLWpnemt3QjFoVkNwcWRFSzJhSks4WjdZZXhKUXJ5WUh6al95Z0VuR2pHOThlT1dheTF0dm5BSkNrekpCZy1mQnI3MExmTklUa2gtRQ?oc=5","Xinhua","China","1784563740000"
"France Slams ‘Act of Intimidation’ Against Two of Its Diplomats in Iran","https://news.google.com/rss/articles/CBMiuwFBVV95cUxPek5XZG9LMnhYTFNFYnNJZDJkM0RaNHhPanU0WEpQMlRzWlJBb1NrMVFZVl9lYWFJVUItRkZnd0lrSEZaT2R3VG5Dejd4aTFtNEhJNEJZMF9yaWY4a1dTX09pZF9wbHJNX1FxcTl4aS00TWFRd2tLZFU4cmllWnotNG10OWQxcElmSmI3WGtpV3BGZF81eWF0bm9KNDU5emxHUWZUOU9iaTZwcmhnaWVfZ28wbHk0aFljdlh3?oc=5","Asharq Al-Awsat","Arab","1784563479000"
"Flash: Explosions heard in 2 southern Iranian provinces -- Iranian media","https://news.google.com/rss/articles/CBMie0FVX3lxTFB3Mk5RdTFXNGxVaHU4OWZMd2Y4VEZBOUh4emFPMEo0ZmEwWEpJckZwMVExM1BHODY0QjJaV09lMVVlTXAyYW96emlYOVNMMkl4UkNxMXBxZVd4d0xiQ0pzNTR5WDdUSEhjZ283cU13V3FPLUd6T3ZfMUV0cw?oc=5","Xinhua","China","1784563455000"
"Turkey is working to fill the Middle East power vacuum left by Iran","https://news.google.com/rss/articles/CBMiV0FVX3lxTE02bEdvdkM4ZWM5UEFYZ1haS0lCN3I2V05tR3E0Ym96ZURUcElJcVRHWUVUR281VUlJbGVBTjNydE1XVjEtSW5wU2VqemZxcGhSLWhLdlZFTQ?oc=5","The Jerusalem Post","Israel","1784563200000"
"French FM says 2 embassy staff detained, questioned in Iran","https://news.google.com/rss/articles/CBMihgFBVV95cUxOSmxnQ1JpLUprSUwtRUEwWDgwZGxDMldKZWEzam9nUWV0RkoxMU90cWg5ZGl4Ty03Yk81RjVPY3F4OHpOMk54cl91aWEzbUNXYWs4aVNXVHRWbC04UDl6WG8tTElHS09JV2ZQbHFmTkhvVzVpVERqOGRlaWhIby1ZbERMdVBSQQ?oc=5","Xinhua","China","1784562675000"
"France slams 'act of intimidation' against two of its diplomats in Iran","https://news.google.com/rss/articles/CBMipgFBVV95cUxOSVVjdEt1RTJGRDZiMHlTLVBJMUpLQXlyQUdXOWtOT1FhanhlTWZUVTNLemw5WWEwYllDb0hQampSOVgtSk1FM1pLT3Y4TVJ1NlBjZ254b2Jyd2tqWm1lanNmTUdveG1RNUQ4U2h1cUI3UVBQbVpFX2NOZWJuN0g3YldVdk1XT0RxczBZTjJDS2d1UmJsV3pab2NpRS1zSlI4c09pWjdR?oc=5","Dawn","Pakistan","1784562500000"
"Donald Trump: Iran will pay ‘many times over’ for every US soldier killed","https://news.google.com/rss/articles/CBMiakFVX3lxTE5tYUM0dTRMSU5VaUx1dFRydU56UVpTUFZaOEF4cGJlZzRCQThwZlZzSEMxWjVYSk5UdHNIWndzVklVdVhRQ3VWU3h3dFBkejl0ZUVtYUx6bjlzSHVWRHpDMEpOX3JyYVpmQ3c?oc=5","The Jerusalem Post","Israel","1784566329000"
"Iranian Interior Minister Iskandar Momeni arrives in Islamabad amid fresh Mideast tensions","https://news.google.com/rss/articles/CBMixgFBVV95cUxObnNrU21DdVVvSW91enNkTGx6alY0T0RiSEU2eXdHVC1KZDVBOGpibmlSV2Q5UTU5bnFYVGh6M211ZV9yMG1kempnQTZjMC1BdGNWVkVYR0xVMFNpbGZvWXBBSng4S1c1TVkwc0VaTDZ4N1hNd2FaVS1xcEdISXlnU1drRjJNbGdtSzF6M2lXWnE2cm9HZlR0OFhFaXhScGxHZ3h3end3ZmVUUkI1aVRyeG9fX2VmNzkwOE5WM21vZ3FPaHdzM2c?oc=5","The Express Tribune","Pakistan","1784565425000"
"Iran in ‘full-scale war’ with US, economy at forefront: Pezeshkian","https://news.google.com/rss/articles/CBMigAFBVV95cUxOd0NkWmVRcTYxNUxOb1FjMjFkeEt2bkFWZ25ObEFUUDBuSWwwMlhncU81MzhJbzc3S0IxOXkyWjFSeEhPcWZfdXFXaWlscTV5OGk0d3IyZXhNR1NRS1c4R1JHNTR3U2cxb0VhekFOa2dSdDNGUGdqeDFBS3owN2NfNQ?oc=5","Press TV","Iran","1784565300000"
"French Embassy Staff in Iran Intimidated by Security Service","https://news.google.com/rss/articles/CBMisAFBVV95cUxNNlUwWDU1aFBSUGo1MloxUEJkd3Z5VlJ0QVpScnFBSmg2SkVhcEdMNW9WM0Z5Rm9NdVQ2OWJiWEF2VnA5cWhlOEZvNDhwb0k2dHRvSWxPWnF2Q3ZmeHVhQ0VqaGstNjlFYkt4dVJIeG5xdzVTX2RZOFlwS3V1NTZrWWRJc2U3aGtFU3pjS2t6Z1Y2NXJUUm5Fb1NfWmZSZFlNbEpWd3FNcnFsNlhnUURiOQ?oc=5","Bloomberg","Global","1784565673000"
"Shipowners Offer Huge Bonuses to Get Crews to Sail Hormuz","https://news.google.com/rss/articles/CBMirAFBVV95cUxNa2hrcUdCcXJlX2tBTmNhYmFzOXFwVjZqb0JKZU1HZkdiYkpiNUdheVVEMUJyTzhMbm0wb3ktVWVzLUpKVmNMaDZBRnllT0MwUXQ1X3Fob3IyRnhRdXJJUXBHbUFqcEpNOUdJY1FmY1F2b2t4OGh6c1B4anVNNjhfS1dIcjRPYzRjZHI0cFJjTHVpdENNb05oN1hCSHpRQWJsMHVtUDlNZi1HSGhu?oc=5","Bloomberg","Global","1784564541000"
"Trump shares poll showing majority of Americans want the Iran War to end","https://news.google.com/rss/articles/CBMimgFBVV95cUxQREZOZzhPaHcyem9zUGhtcUE2a3phcXcxcGw2Wm5TOE50QndWV3hWT0VEQzVRMUdKazlpZlhoaE1JNmo0cm9TdkVZSUdteTgzV3BnbVBOcXNkXzdGQnZseTg1N2NOcTl5ZnNVLWQxcDVPdlFOVHNmNi1oWGhuSWlaZnhib1N1b01YS3BCU0lFTXlkZDY2ZE9RZ2hB?oc=5","The Independent","UK","1784566980000"
"US releases identities of 19- and 25-year-old soldiers killed by Iran","https://news.google.com/rss/articles/CBMiqwFBVV95cUxQckQxREpEV2I3SWZraU9wTkNjbjBVNHQwR2ZqVy14RUZaZ2tmODNBUURENnp3bFVWRlpQSkJ2Y05mNzBGRUFubmU2QmJ2LTk2RFpkT29RMU5FeDM2Y3FvTGQtR2YyaEI3RVFWU1JkdUpWLThyRkNoRS05VkhvY0dYWlFVREFJczdTRUlDeGlvc2dRSmo1Qkg1RjMydDFCaVdSNlZCd19MYXpVLWc?oc=5","The Independent","UK","1784565180000"
"""Someone has to hold this President accountable"": Top Democrat on Foreign Affairs Cmte. on new escalation with Iran","https://news.google.com/rss/articles/CBMiwwFBVV95cUxQajFZZTNlMGdJcFhRWEJTQzdfRWhlakl2aWlWVmRMcXZmNDY4Wk43UmItVk5hVmNTakR0eEdJbldkUnFPRk84N0JpTWpFZ0gxTXVYdXctbG56OFMwNk0tT1BCX0dPc2hoTkswR3VrOGRWM2RpeEdKNFZXMEx1QnpqcXl4dWtZa1FlY2ZQU1F2a1ZLbGJIZFhTM0tXVFVTWmdZdTNnc2M4ZnF2TVpVYTVncTNVY0tRc1JIdExrNGpfVHNnb1E?oc=5","CNN","US","1784564586000"
"Trump Vows Iran ‘Will Pay’ for US Deaths as Mediators Push Truce","https://news.google.com/rss/articles/CBMiswFBVV95cUxOLXZFMGxjcWVTUjVjeEJUeldScEFyVXJyZm9uMWI3ckNHS0xnWVV0RWtYcFIxdXl3YlFkMzh1WnNhM3FCeGdOMDFxUlVuZGhHWm1vMXZyRTV0SDhjaFNfRFp3RVZheWZ5ekphU2NLUlRSbmNwNU4wOUpEWWdINE1zamlERWhzcXlHS2R6M0g3YUdKeE5BUFJyTXppVnQtbGRERGVRd3F5eE1QdlRFU3MxbzFydw?oc=5","Bloomberg","Global","1784568416000"
"Judge Pauses Warner Bros Deal, Iran: Mediators Stepping In, More","https://news.google.com/rss/articles/CBMirgFBVV95cUxQekU0bmhQR3hYOXQzRjVBWTNvVzJhTTVZdFVvaWNpQW82RXBGX1RWOWsteEZWRlRwUXY1ZUIyM0U3bGV6aVUtNU1fd1FkSTY0Z0FMVEptRVpNTjN3LS1aV200RTVIVkJYSkNRT3k2WTNOR24tTHd4TEtITGxuQ1ZxbWh3WHpCMm1hVXRGcWduWDNjYnFiMnd3QUJScjlBVHdWaE5NRWZ3bGpaSk5sbmc?oc=5","Bloomberg","Global","1784567846000"
"US hits Iran after troops killed in Jordan, Iraq; Trump reacts","https://news.google.com/rss/articles/CBMiVkFVX3lxTE1MSm5QSGc3MXFQNVpzMUE5NnRsMFV1X29uTWZTOVhyOXAyc2JFcEVBNVJWX0FpNE9qRU0yQjRJNEttb1gzOGNsaHVlUEhyekcwYndGei1R?oc=5","Fox News","US","1784568399000"
"Opinion | American Deaths in the Iran War","https://news.google.com/rss/articles/CBMidEFVX3lxTE9OMWptWXlEZm5SaG54dzE1X09jSGNIc1MwVWZXcGFXdG52UDg4emd5eGJzZHhsYU9FVDA5UnB0QmgwY3pPek9XYTFadzRJU1NLRV9sTWVvZXpFTlc3UmZENlo2RXBKaW5iR0t0QnEtZlBDc2hz?oc=5","The New York Times","US","1784568393000"
"US hits Iran after troops killed in Jordan","https://news.google.com/rss/articles/CBMiVkFVX3lxTFBpLXg4YWw4b2toUUNlcjVzYkJySndQSjFEcDFkNHIxVkMwUmRvM01KdElIMi0xVEpHUHFKdi1TLUMtLXlObVNJYndvVTh1UW1LYzdrVnFR?oc=5","Fox News","US","1784568115000"
"Enraged Trump warns Iran each US soldier killed will be avenged ‘many times over!’","https://news.google.com/rss/articles/CBMiugFBVV95cUxQOGFUcFFUTUdMRVI3ZWdtWHZJVVlHeTF0cGxtTVhKeUI2RDJhazB4bzdOYV9ja1N0bFUzeGtqTFlSejl3bndXMXJVZnZid3ZETEVsV3o1NnhGc2xpY1pVdzVfYmwwWHR6cXp2WWZjYjR5X1FraTFCNG9wbnNFQm5GREEwcGNvMXRoQW1RQURjTXlMQVZXdzZKNWRtMkUxM1RzVTZqMmlFSHR4ajBSRElrYjh1OGFtZmhRQVE?oc=5","New York Post","US","1784567220000"
"Iran strikes intensify as Kuwait intercepts attacks in Middle East","https://news.google.com/rss/articles/CBMiVkFVX3lxTE5EcU9sT3FQMEdrRlJwbG1vVnVTcXY2cDNYcjRlOVdFV1A1aFAwSUVCazRqS2F2WmRoQ2NzTzZxNlpVUEFOSnVlVjVmdVBrMUhyOHVuS1JB?oc=5","Fox News","US","1784567207000"
"Iranian film star wins Best Actress Award at SCO Film Festival, dedicates it to Minab martyrs","https://news.google.com/rss/articles/CBMi2AFBVV95cUxNMFlfS1NjWHpSMndWTHR5Y1RDbGtRbC1IVEdHZFhKazhEMUsxYkhvMHpsYlBLUTZsSmhFN2FVaWVjZkRRNzdhcmV2MGN5VUV4SkxpbHRuVnB5UGNvcTQwSmkxcmJwVUxVd0tjMHVjbGxTdzNXWkRLMG5NU3hqQktCWDZmb0FjUmE2VTktVGMtRl9uWWptR2VkOFphLWNSTTdxMjNjcGROMUxmMWZYVnFWaEZIZ1NSZ0N3bzZpRUlwQ2kxTEgwQ01XSWdpaW1fRGZDNTJNUng5OW4?oc=5","Press TV","Iran","1784567940000"
"Trump warns Iran ‘will pay many times over’ for every US soldier it kills","https://news.google.com/rss/articles/CBMiuAFBVV95cUxQVFVpUWkwSXJlYm1iUlNhN1hxaU9oQU5fUXVaa293Z3VYRnVYTEQ0dlhSaTI1TXhaeDVxOGR2WUViSEZXaks0dWdQWUI3d08yUzdpNHV3UnJpQlY1X0JfelgzYTRPSXBncTJrV2ZQSUNxT2kxV2JQSTBmTGFzdU1CWVpLOUJoczN0QTRKSXRQZDlpc1FaU1hEbG9hYU1zYWJyS1JxdGVLSjhCRFVOS1pmclFYVXdMNG5O?oc=5","The Times of Israel","Israel","1784567620000"
"WATCH: US army footage shows 9th consecutive night of strikes on Iran","https://news.google.com/rss/articles/CBMipAFBVV95cUxQMGRpZ2cyaUo0MjFoSHlGZjhZWlNfY2ZpbHhYT3BYN2tCdjZsb1IzbEp6d2Z6NnU4QWVSQUx3UnpfRGE5MkEzbGduQXVtblE4U1g4cnMxS190U2tuQmZJQ0lUei0wNVRFOGVrYXlna19IckREUVFwUGZxZFZaOEZYZlktMGNfaFpQRTVTc3hPTDgtSWljZXk4MlAydXg5d2pBQmM1aQ?oc=5","Dawn","Pakistan","1784565243000"
"Petrol prices climb as US–Iran tensions disrupt markets","https://news.google.com/rss/articles/CBMilgFBVV95cUxNSk8zbzdpQUdYbG5lVmZmVkpIOTZxTzVhOUVHbThueDNXVmdhWUJQWnV1ZHZrdzE3VWNyam4zYlZmUUU4ak00S25iWVQwZjEzVWwxbDhRYk5MdnZ6aTVka2FLaVoxanVraGF1OTdhWTBNcV9lQzdueEc5RVlLVXRHZmZYbHdUaXkxSmRJOGlydHUwRTNtMmfSAZsBQVVfeXFMTmFBa3ZaQUo4YkthRy05TGQzSGVCY3pUb3dDdW8tZUtmbk91YlZETTBIaEktd3VWWkI0eHBlT0g5QTRMc01oa2hiMTVaODZ2T1JhN2ZKWXZzdjRoN0dqRnhfUGRkWnZrTlo1ZWZqTGs4WU9SakkwWDh6Um84U0xLSTdOdWhxd3VmRTBNTjZZRkhZeGxWazFscVFiTHM?oc=5","Al Jazeera","Arab","1784569725000"
"Report: Israeli defense officials assess Tehran could draw Jerusalem into conflict, as US-Iran fighting continues","https://news.google.com/rss/articles/CBMi7gFBVV95cUxOdjlBc2VQSGxPRnNFdDNQWmlQUlJ1X2Z6SXh5ZzlsUWNad21ZUjhTZlFobnRiNWlWb0FOSmhTbFNId1paaHhhRFBXeUFUNFlRZ3JwRzFKRlNKalNuWUx5eHpSQjJWLTE1eXQxWEk5X0dCNm5UNVFTYm8tS2o1TjFad2g0TXFERXBGczYyY0FvTTl0ZjVCOVBiaHl3cXREVmV1b01CNjczemx3NzJ1NEFMLVp6ck9aUWJvQXVmRUdKaWdROF9HR1VTbEtIWGU4MDdpMXEyZUlYUjBJWnJzZDN5VWROX1lOcVIxYzQyei1n?oc=5","The Times of Israel","Israel","1784569722000"
"1st LD: Explosions heard in 2 southern Iranian provinces -- media","https://news.google.com/rss/articles/CBMifEFVX3lxTFB0ZlV5MjNLaV91WHNObC1xekt4cU1QcmNBeDREUWRfYUd2cHFYTDh2R1FDWFJJbFYzSXBFOW84NXh0Q3oybDJLWF9aUEViOHEyeGRNRDJOT0hNQWs2THVRTVRzbE9kUG9IS2VzWURFZDF2ZGtrQ3Z4bEc2em4?oc=5","Xinhua","China","1784569155000"
"US-Iran strikes: latest developments","https://news.google.com/rss/articles/CBMijAFBVV95cUxQM2dnZ3dWa0VXSkRQOUdiTG1wUi1FWkRSSmhwbDg3djhSb0xSM0hSU0tOUEF0MU1iTnY3dTdITUNkZVNoVVo5ODFTTmNCellvU0NwS3h2SkRLUHB5dDM2SXVXTWMtWTBteVJkV0xrUVhPQVJFaDZqVmhDWk94dGpMem1tMzRvYVBoRmtMcg?oc=5","France 24","Europe","1784571432000"
"France denounces 'act of intimidation' against two of its diplomats in Iran","https://news.google.com/rss/articles/CBMi4AFBVV95cUxQelBwN3Q5WjlFek1oWlpfdHhQZnIxRUd0VG9vMnlEVHRYSGxZcE5DNWdLSFhFc3V6V0RhdTJsV1RaeXdXMU03SjlROHRZT3V6N192QVBScTdOYTNrajZpNDFuRm1PSlhrSGlDMlRudnQzaGRXZ3RRaXJObVptWkZ5Rk1SSmcxNzFlampwUW1kOGlhX21YRzdkbl9vZkdFa0FyTVNLZEJMbVhxSkh3cU1kWHpXYkh2SkhlTERKZDA4QWtvczBQRENCRk01MDhablExcnRoSXFROW10UG9ubkwwdg?oc=5","Le Monde","Europe","1784571042000"
"After deadly weekend for US troops, Trump vows revenge against Iran","https://news.google.com/rss/articles/CBMitwFBVV95cUxQSnhXZVhURmd3ZGlYWXZfYUNSV3lOWkVuUUZPYlA0TVhUQmE5aDRUMVM5SncyVnBGdEdnN3dGMFlCUndzWG1jazFiUjhCU0hwaTJfVXloemlVLTRlcnNOUGdrREZ6SkVtVlliZ0dCVEV5Xzg1dFFObGN4ZGhNMF9iVGRFRDFHclJwMkNNc3RGRFQzdXJGaVI4LWlObVFEN0tlbHBQb3NWWVVyUmVGd3JmS2hpRU5fNm8?oc=5","Reuters","Global","1784570623000"
"Exclusive | Iran Missile Struck Housing for U.S. Troops at Jordan Base","https://news.google.com/rss/articles/CBMipwFBVV95cUxPNFhTaWZKaDR3Q1J4d09ibDVFUlo2VUpHdWRBdXN6ZUs5UDg5ZUN4dmU1ZDcxTDNQblA4Ymp5bXA5U19IeTJoMkMxX19qWWpQbHI5Z1Z1WV9kejdMdHNDY0pjX0ZVdmx0alo2TUxlQWxLY0YwcmRNZmRJSS1MeEZ5MnFTd2NXNXZRTzlySV9kUFdSbU9HVG5mZXZFTmI5VU0tcnAwb0xiMA?oc=5","The Wall Street Journal","US","1784571660000"
"How the Iran war’s unpopularity compares to Iraq, Afghanistan and Vietnam","https://news.google.com/rss/articles/CBMif0FVX3lxTE1nSS12WlpmZURfeW00UFFweXF6bTVLUlJMcktFTzdMOGNacng1NUhQV3BUQmd1dTN0RS1wLXBrWHBOLTdiZXJzUHc4VVZKYzZQR2UzaEpwYVozbDNFNjQ0R0YtdGIxaVZLX1ZiQlRQTUhIdjR4N0V2My1vODlicTQ?oc=5","CNN","US","1784571404000"
"Trump vows Iran will ‘pay’ for killing US soldiers","https://news.google.com/rss/articles/CBMikwFBVV95cUxNR3NsMEJrTVR4aFVvWHM1RVA3d0djUjNUQ3NJS3JwTnI5dE9FY243NlZKWTlTNzBaVkg5WjNtWGNEOEh0dUxzWVRIam42TkhqckNIdm5DRG4zam5NLWNfYWVFbVFYeW9yQjViR1poVDlLWmRZdEVpOHItbEhSMTdRd0ZIWDhvWXVXUzByN0trcW1HaW_SAZgBQVVfeXFMTTJIdzFqWkgxbDlPWS1JeFFiaVZfb0dRVFFheHczYmlMcmFHOXo5Szg4R3YzaXpJazJ6NnFJVi00S1Vfd0Y1ZlNkX21hTy1ZZG9jcHo5ZENVdUZ5WW44QmY5eVNyNy1SSTZHcXlzMmdnVHZyOHNYN1dhWnNHWkkwN3NSaWpIYWFKTHZSY3NGMFllWktyeWFQNTk?oc=5","Al Jazeera","Arab","1784571750000"
"Iran's interior minister visits Pakistan to follow up agreements, strengthen ties","https://news.google.com/rss/articles/CBMijAFBVV95cUxNeDJoSmlzclFGT2I4Z3VVa1dpY0M1YmpROUVXR0hIOGQ1VE5qUVZvRDJ3TDQzX0NITWM2dmhkdm9OcHcwdGJjR0FfOUREaVlCbnM4RkhVQ3drd2NZemwxaXBpTkRXNldWdnctbFAyeTFYelNnaDhYMzBRVjBmcHVFazdNX1kza0RpZFR0Ng?oc=5","Press TV","Iran","1784570640000"
"How America can actually win the war against Iran - opinion","https://news.google.com/rss/articles/CBMiV0FVX3lxTFA2Nm5vdEx3YWJ3eDJyOGZjYmJkVFFrR3l3a0l5SVBGR3lSUlZlSnJyNHl4eXNvbmRhVzNyeWpxRGtBTmZJWC01TWQxcm5PUDhtUkVva1lYQQ?oc=5","The Jerusalem Post","Israel","1784570400000"
"Iran FM congratulates Khalil al-Hayya on appointment as Hamas political chief","https://news.google.com/rss/articles/CBMipwFBVV95cUxPdFdma0pNZ0hkRGhNeUszRktRMk96MmtDNFk0WjQwMmN5X0RXZXcxdHBOT0RJQ002bXdWcEVnejAwZi16VUhDSUYxUXhpb29jNHdkanl2X0FwRWFkazU0b3BqelJhRHRzR2xENlZoRTlJZGYzbjd5RDZGamhqUHMtVjk2RkFNR0JKNWduZjJLMzNoWXVsV002c3pzb3I1MjN2ODJtVDNtSQ?oc=5","Press TV","Iran","1784573700000"
"Urgent: Jordan intercepts 3 Iranian missiles, no casualties reported -- state broadcaster","https://news.google.com/rss/articles/CBMifEFVX3lxTFB1V0NsMm54NkpmY1Jub1h4SzNSemlWUlZsdXN4bE9OdDFoYmRGOWphdEk0TjBDTXl5ZU4zSEwtek5oZ3Q4R3lWQnQyR2M0Vng2YUQ3MURQUXdRNGloSm5NRXZBUUxORHFCNGZ3SWpIT3AwMmtGMklwSWZRQkE?oc=5","Xinhua","China","1784572965000"
"US can’t return to all-out war against Iran amid missile shortages: Pentagon official","https://news.google.com/rss/articles/CBMisAFBVV95cUxPeVdSR1JsYzFOVTBUVVNHN2NxRFE4RjZBb0VaZlVlUFZJcGJEeHI5UlBZdUtUak5GcG5aSUc4NVZSNXlSTDkxZnhsTEYyaDhVbS1KTG5YN1FMeXUtUzZ0WGdDc3FYY3Vnem1HOHgwZk1lUVJ6TldqV24zQ2NmQXRWNGRQY3llNm10QnB1Y09LQnVMRkJYMTd0NDViMTd1R0ZFekhHTDh3MThKU19Ob2hvbQ?oc=5","Press TV","Iran","1784572440000"
"S&P 500, Nasdaq rise with chips boost; Iran and megacap earnings in focus","https://news.google.com/rss/articles/CBMixgFBVV95cUxOakxUc2hmUzNWRUJsczdpQTNsVHY4ZURqeFpTOEZkSFlGMk8zRFZxZHE5aHNIRUtTYzAwejgweG55eXNZQTc5S083Vm9HbGQ4T1E1S1RBbjcxQVJGdGFwcnNJM0pIbzRZZGtSV3hBQUZLSVp4V0pXUFRKMGZyZ0xqY0VIaHBtUjItQUY5dXgzREZYT0xUNWJJTkxlSUhrUS1FczhIYkV6VDJHQndKOFJJUm5zYy1OdVV3dVlUWGFrQjB2OGN0TUE?oc=5","Reuters","Global","1784573690000"
"Amurka ta kai wa Iran sabbin hare hare","https://news.google.com/rss/articles/CBMie0FVX3lxTFBJQUUycTN1b3NIY0h0d1VPU3VtdTRLbkpXa3NXdWZvUTdyckljb093WFI3SFByVS1BYXQxdnVIR0luMTVyaEQ2Rl9LaktDTFNSdUF6Z0UyLVJNbFdfd0c1aXNxVXQ4YVBkd3VtbEFZZG5iYy1QR1JwT2xpWdIBe0FVX3lxTE1TQVRQVTlJYXpwemRKcVdmT25YNjVPMFplZDlZX1I1ZUtWVVVMZy1WTVdXUVNmV1R6cDg4NlV0SlA2OHhfSlNCOFhxdFdwVEROc2JfUGZ3Y0o0MFhNNUliWmJGQ3dPbVdzRDhWYXQ1b3RVOWgxb3RPQ0pwbw?oc=5","DW","Europe","1784572538000"
"US forces strike Iran for 9th straight night after soldiers are killed in Middle East","https://news.google.com/rss/articles/CBMiVkFVX3lxTE5LSk9DUkhyT1dhWHItTzZETng5N3RjMTgzX1pmUG50Zk9xLXY5a0VqNXg1eEJCOTE1UGxjLXI0QmQ1dzltU1plQlNvdkMxZkthU0psMEJR?oc=5","Fox News","US","1784573490000"
"Balance of Power: Trump Warns Iran Amid Truce Push","https://news.google.com/rss/articles/CBMiqAFBVV95cUxOblJZanRJNWdBdDVac0pyRXNoYUZuMHZxRnlMMHFMbWFybFF0UHNyMGhmX1BBTVNBMWZWVnVWYXN1bnc3Zzh0VGE5TDF6Y2hsME1wUkhfNVI3Y0VJeTROeEY5ZndYMmpqZDF4Vi1xbGU2N1JoNy1udlY3dHM1djcwZGU3U2NNMXlTU2hqZ21Kdlg0aW9GZHQ5MEVJOENTb1dQNWdrSlUzMEk?oc=5","Bloomberg","Global","1784575786000"
"Amurka ta kai wa Iran sabbin hare hare","https://news.google.com/rss/articles/CBMie0FVX3lxTE1TQVRQVTlJYXpwemRKcVdmT25YNjVPMFplZDlZX1I1ZUtWVVVMZy1WTVdXUVNmV1R6cDg4NlV0SlA2OHhfSlNCOFhxdFdwVEROc2JfUGZ3Y0o0MFhNNUliWmJGQ3dPbVdzRDhWYXQ1b3RVOWgxb3RPQ0pwb9IBe0FVX3lxTE1TQVRQVTlJYXpwemRKcVdmT25YNjVPMFplZDlZX1I1ZUtWVVVMZy1WTVdXUVNmV1R6cDg4NlV0SlA2OHhfSlNCOFhxdFdwVEROc2JfUGZ3Y0o0MFhNNUliWmJGQ3dPbVdzRDhWYXQ1b3RVOWgxb3RPQ0pwbw?oc=5","DW","Europe","1784573051000"
"Iran will pay for killing US troops ‘many times over’, warns Donald Trump","https://news.google.com/rss/articles/CBMivwFBVV95cUxOS1FpTjR4QXhXMHFBVk4zcHVoMjJJTktTZG9peU8wY2w4MzhIYjE5eVR5dnNsVDJiTWt5ZmhnU0ljbTl6OFBqbm9tSzVJMTV3MExST2pGRzVLbEtEbjZFak9WdC01S0N3dEd1UEVSTTBDR1hFUmhsVnhobFJwZGxRdTI0TW1WWHlLOTRlazNjZjB0ZzJmQllHS1pJYk9VeHhObWxZNlFBTmRqbURtOUtvVUNuOElLX1hFaU9aU0xUcw?oc=5","The Independent","UK","1784574360000"
"US team negotiating with Iran should be 'changed out,' former Pence national security adviser","https://news.google.com/rss/articles/CBMiVkFVX3lxTFBiOVRlY1FDbzVjdmdfWTBBRVpjYzJQSUt3bU9YdXVlUU54VUNOd3hUYmV5M3BQYmR5dnRjb0ppdHBlM0RhX2ZUTlhYdlVBWnJhQzJpZFpn?oc=5","Fox News","US","1784573980000"
"G.O.P. Boxed In on Iran War as Trump Sidelines Congress","https://news.google.com/rss/articles/CBMiekFVX3lxTE1lb2w0YlVydkpuXzNPR1NVeDVjSlhkb2dvNlhqRlo4RmFjQ3VueHRnV0VzQjhYVzZieE9ONkVFYjF4QWFLT21WY0hsSzh5YnRNRTNNTk9LdHFrV1doc0pabEdwYjVnTVFRYTZYSGo0bFA3RloxZjJMejNR?oc=5","The New York Times","US","1784573883000"
"Rubio on Iran Deal: 'Their Behavior Has to Change' - Video API","https://news.google.com/rss/articles/CBMioAFBVV95cUxNRVBSa3U4MGVocGVQRmNqRG5FR0lrd2ZROWk3V09OVTc4c3hybU1XRXVaVGFDaGxXeE40XzE1MGQ2Vy1rekg0N3RmRm1EMElocU1DY2xxcHpaM1k0UXBxalp0RHZIOGFhTEdibEdUZ0FrTDZRLW5EWWZsQ2xtcmJYZ2VXNktiRWxsSHdEQlN5OFdhdkpDVWVqdEZpYXJneWs3?oc=5","The Wall Street Journal","US","1784572655000"
"Jordan’s military announces downing of 3 Iranian ballistic missiles fired at the kingdom","https://news.google.com/rss/articles/CBMizgFBVV95cUxOZGNWTzN0TDJwR2JvUGVKTnozRmRBQzhlc2h6WjdWcGFsa010UVlxdnZPU1U1ZW9SWFVybG8yQzc4NktlcGJ3VkFta1lJUXlseGFXMm50YTB2ZlBxdEgxWkJzcDlCNzhpUmZZQV9MUjFib3Z1WHhnbld5TzRISWRMZFpqQnBLUmRxLVRsbFdpdlBPTkRBNzBQclVLa2RaajhsTHpmYjc0YzF4Uzl3VWZ0aGltb3p4TERtby04d21sblFUZFNaY2FiVE96NFgzQQ?oc=5","The Times of Israel","Israel","1784574222000"
"US concealing dozens of casualties from Iranian missile strikes: Report","https://news.google.com/rss/articles/CBMifEFVX3lxTFB1TmY3V0JHRk9yN0htZGdZd1d2VG9GYjhEZFZBdU9lV3hpSEF5T3ZYcm1BZEZ2Ym9mWFFKVVlQNkxMQW5veGV3d05LLTVrckJ1WWdhQlFGR2pRcHIwZ3h0c3NxcDBTWXk0WXM1YVJHdUd0OFFlMWtkOEVXdHU?oc=5","Press TV","Iran","1784574060000"
"France says Iranian officers detained two of its diplomats, ‘physically abused’ one","https://news.google.com/rss/articles/CBMisAFBVV95cUxQejBPOGZSYWlaSFJYQ3ZtZmEzelAzMUNYOTZ1S3NmajdFQ09VRmt2dzVDc0lOc2lldGNfRm94MnVkZm95cW15ZV9SSURRRHpEZW1uSnBKcHU5V2VUR0w4VkRZNVdfUmlqTXdJQmxRYkI4WkJoNXlMdkM4S21tbmYxYlVXZ1p0am1mOG9GWnQ3V3RWSk9jSGFTbkRXTlMyNHF1bjU2MmJCbWxGTUllUjluStIBtgFBVV95cUxNOVkyOEYyMERETnhlLW9ndGhyM2xfQ3hvRzR2ci1uQnJneWFWUDJwMHFITm1QRUZJLUJOczBWYkxaNG1hUFNMaXFCZEVNLU9jcHFGYkk5d2ZRbXRvY1RtNjZwc1Uxci1xUGZINGxmSzNqSF8wRDdrQ0NIdjB6MVZSYmlHVGdXMnF0R3JhbXRuRl80QVQzTVpIdjlsUzBGWVFiaGtyVF83Y1RGc2U2N2tHUERSQlA4dw?oc=5","The Times of Israel","Israel","1784573922000"
"Jordan says 3 missiles launched from Iran intercepted","https://news.google.com/rss/articles/CBMikAFBVV95cUxQYnZfR3AyeE16UkpTa0JETjVfbzlLTEJUQTQ3ZjRySFpXMWxzQmVrTXF0MFhtYmpjaWZJWnpwMF9EZmw3TDJrampFckhDYW05NkJRQXVRR3lVSDRKanFmSEw4X2hrbEVyZU1jTnU1eGdiSXhJSXJFbVlZdXRPQUZQdGN4SEtDSEVfMGJFWU9LUjU?oc=5","Dawn","Pakistan","1784572929000"
"Analysis • The appointment of Hamas' new leader proves: The group is still loyal to Iran","https://news.google.com/rss/articles/CBMiggJBVV95cUxQSFJGWXlMODctcFVBVHA1YTRLcGJXbFFuNkJSVmtTSHdnWmFua0lESG9mU19zdUtjWDZLQW11dmVfMmdTVmNpOXRpRWFsN1ZCeGlxNllJcWsyYTlNanMyX0FxMjBfd0txM3M1SEZYTWluLW1ndVRvMUpoZktRamFZZXBMZ0JJYS01YUNrRWozeWZBdUtjVXpOYUxEUmhZUWk3cGJwV0U3ZGZYcmk3VmhPQVBab1d6RWxVZ0txcUJVYzlnQ3NkQ1ZHVzA0Qi0wd1BWejR1c2ZwRHhaelJFcDlhYnRLNmU4ZkxRUjVLOVVHd2tiT1cwckE1QjQ2QlpydExyaWc?oc=5","Haaretz","Israel","1784576040000"
"Outside Source | Battle for control of Strait of Hormuz","https://news.google.com/rss/articles/CBMiWkFVX3lxTFAxQVUwbjgzY3l5Z3hVRHVMNDNoS051aGlLSVpYWWNxLVNMdVlEVE1BXy1TWC1YLWtHZnJrSTE3TnlPWHpWa2MzWFA5YzBqTlI3UHlGSWxvc2V0QQ?oc=5","BBC","Global","1784577854000"
"17 U.S. service members have been killed during Iran war. Here’s where.","https://news.google.com/rss/articles/CBMixgFBVV95cUxQWUZlUURaT3RqcTYzQ0pvN0JzdkNyTFFmS0xWM3F5R0xaN205eGh2U2ZIT3EzZk1WRkttUTJWeG1haDhvZFV6anA1a2JFV202WGlPLUxkVkJMYWp2M3AtU3NZdVF2UUZMcmRiV0lLMk5QZDJPWWVkNDVuZlBYOXc3ZlNrRDg2T0t6aGZ0UGoxdmNPbERLSm5oajY2RlVIbXBFTTJkNTBLNUgwZHlPYlVKYzMxRUZ1NXdBcEJWTXJaSHJmTy1ONmc?oc=5","The Washington Post","US","1784576902000"
"Gold inches up amid US-Iran tensions, Fed uncertainty","https://news.google.com/rss/articles/CBMikwFBVV95cUxOU2FycExobDJEQmk3TTMwWmFUQmppSUdoU3FTa08tMjRKUjlSU0tNWXJoU3hsSlZuZFNQMXp3Z3pybDNqNzFzV1l3b0JGRjZZZkpLOW9Lb0I0cjEwOE9aSEhSdjNLUkxqd2JsMVNLajFUZHJxNlJwbHc1Sm9LdTRDR0N3bHdRYUZUbTA1MkNDaGhQZE3SAZsBQVVfeXFMTXRrV3dZU1RFSXc1WjJtWEQwMUhHVkttMWgxUEx5NklNUHNWMlBDcUkzQUp4MEJ0TXVsYkhRd2RhX3Y4OVd1OWJ5Q2paUWEwdU1FTXRraFhDVHJyTU1wWlRENHNNWE9ubWlQVVlwWHdDQ21NbFlNaWc4QTlvZXE2b29mTEZ2eUs1VzVHUzFEeFhTb0J6QjR4T3VqV3M?oc=5","The Express Tribune","Pakistan","1784578738000"
"Iran condemns US attacks on civilian infrastructure","https://news.google.com/rss/articles/CBMipAFBVV95cUxPaWl0NC0zdGJIVlg2R3ZxTUpqcHZzMUhpWF9kVWJWNjZ5SFcyUkJQeEdFV3hJdTZkSkNzd2N2UHdOdnRIYWVSWXFOVV82a0VCbUZ5UmNfZm50bERjZVRPSXRNYmJKelZZSWhOVVViQWx0MnJpWXFsX0JLUDJsa2dTNy1RcWEyUU84ZXRLUWYxNVVBc0pKV3hMNEhscXZ4a2dGd3hsZ9IBqgFBVV95cUxPTVp1cmZZVXM4cm85YkY2V01RUXFuSHI5OHZ6UlVrcWhXLV93ZHJ5bkxheUQzeDhxNTNlNHJ3bHBPbGZBMmV0c1hranJ2ZDZNR2dNekZia2otbHV3MU83d0pSWmxhbFBTUXd0bmFLeE9maGQ2b3h0XzRFY3NaRDFtWE8zdUlnTEZiNW0wQy0xbXlDSDBVYmgyQlpjbUpHc0lYZDV1MTltTVdNdw?oc=5","Al Jazeera","Arab","1784578445000"
"US official says talks ongoing even as Trump vows to make Iran 'pay' for killing American soldiers, violating MOU","https://news.google.com/rss/articles/CBMi7AFBVV95cUxOSVE2MGlOTloyQy02YUszc3BYOXI0aEVDNXliT3pZWkxrVWh0N1M0SThUbGFVb2MzamxPQWowbE9ScEU3bkNQSFc2ZHdXNnE5YVp6Ykpiel9jUC1DN3V3WVIwZ21iNFNYNk54UUZ3M1FZdnVwNVNNcFI4eGZ6ZG1WSldsbHZ2aWROY3F2VkY1S2l2VEJDM2w0X0JCazFaTFk2amZxTkU0RHR6bkJKeUpHSFByazRKXzd5Xy1RaEMySlFrMW1SNE8zTHVYbHpQX3BFN3VjOURpZERLX3ZYTmU3d05JM0Iyb1N0ZDRyZQ?oc=5","The Times of Israel","Israel","1784578421000"
"Jordan says intercepted 3 Iranian missiles, no casualties reported","https://news.google.com/rss/articles/CBMifEFVX3lxTE1yZmRQbTk0bl9EelBUTW9oSDVtbmdvY1hDRnBocnBsbEdBWWFEVDNubFhuYUYzbWFCVU1nZmg4TDl3SXpqNWNETXNjTldRZjRpUGNBR0VMUUJuOUFrc3RDeHluTWJFaDFGY2o4cHgyWUVpbHpEeXBtVWE2Qmo?oc=5","Xinhua","China","1784576295000"
"Urgent: Explosions reported in S. Iran's Sirik, Bandar Abbas, air defenses activated in Bushehr's nuclear power plant as U.S. announces fresh strikes","https://news.google.com/rss/articles/CBMifEFVX3lxTE95RlBRaXJTa1MwSFBxa3RqemhiX2hiOFZZc3paNlBESlVjcjNnN25VTGdKMGRiTXF3LWxEUVNWWGRMU3NUeTlDbjhGRC1jWHJOYTBvTmNnNkVZamR2NlBCTFZVaGJENXJNZm9GT2Frd0toRVRYWDgxZUZYc00?oc=5","Xinhua","China","1784580540000"
"US military launches another night of strikes on Iran","https://news.google.com/rss/articles/CBMioAFBVV95cUxNbzdLSHN0QkRVWEFYa29jSGk0Z0V4UDZGeWR4SzJmMGpQbkhYZ1FPVEloWGc5Y1VDNHVXblFXbnRCM2N4amV4T1VBSEMyWUNhbTBmeTVXVldNSU16YzhvRFAyRVZ5TFJLdENRV1hBbmh3blBiZEtoaS1peXJGTUE3cnktenpHWFp5VlU0cGRNZ3VvbU11bnFFVDhrbGFhaTYw?oc=5","The Times of Israel","Israel","1784579621000"
"Flash: U.S. forces launch fresh strikes on Iran Monday: CENTCOM","https://news.google.com/rss/articles/CBMifEFVX3lxTE9NWHNGV0xlbDZoUjJWaDlueHlVbjlIT3dHeDlFVEpseDBxYm10U2h6eGJXWUVuVWgxemlqcjRJWWI2ZUZReDJ5VnBlU1AycGtlRmZVWEJuWGhqZ2YwalFKMGVoVHNCNjdXX05MQzQ1a0Q3dmxOV2tpellHYW0?oc=5","Xinhua","China","1784578890000"
"Iran war: US launches fresh strikes as Trump vows revenge","https://news.google.com/rss/articles/CBMilwFBVV95cUxNSFZuTnNSb3ZrLWZBR0ZsY3VBNDdYVzdRY3k1WWNJOTA5d2EzZGptb3dMcUUySFlXcGFrV1k4U1RlVmRoNFFhbk9ZS3JPRkRsdFVrMGlRUHNBOUt2TFQ1Sk95ejI2OE5RZmp4NFRGbHdiT1RmTXprZEozSzh5RlRYZzl4VXBqVEhWcEpHVTRWZTRKUUdySzBF?oc=5","DW","Europe","1784580703000"
"Iran hedges as it escalates","https://news.google.com/rss/articles/CBMirAFBVV95cUxPZkJWMkZxN1lIclN3WFdKZ3k0QV9qblRsNllLR0JDWS1tVm9BLTh1NWhXN2FDLU9FQ1A0R083Rk9oSmQxNWhxeFYyak9md0VXYllwN013UW55Vl9uOXRLZEtGX2FFVWtCZnBZTnVrUFF4MWhNaU9zZlI5X0NHWlhrcE5TNDl3aVNnODlMOVBuaWM0WnAtVmdacHNpVU5IVzhBS1ptZ0ZhUGhHakd0?oc=5","Politico","US","1784580640000"
"Video: U.S. and Iran Signal Willingness to Resume Negotiations","https://news.google.com/rss/articles/CBMingFBVV95cUxQblJNbnFVM1hvTVlKSFU1elhsajRuakhRZ1BFMjYwX1FDNXhNUF83NnFyNGh2cy1iZlFJOVptZV94bEVOdHF5ajlIUk9qbkR5OGUzNkgyQWpTYWtFRjNBc0ZIb0FtdVNwUVNFQl92dHc5aEV1VjNxWU1oZjljUzdRU3podWQzRmdKS0pRbGZMNWU0ekY3V2laU1F2elhDUQ?oc=5","The New York Times","US","1784579861000"
"U.S.-Iran Tensions Jostle Markets","https://news.google.com/rss/articles/CBMieEFVX3lxTE9tRm1LaXR5SmZSSEI2WDk2WU5DbWpHNjF4NnVIdE9TSWdiSlNWSlFmVEhMdG5YLTFNOTlDYnFBMDA3QXIxd0cycXF1Ry00V25DYi1fbjJ6Zzk3S3BmQldsVER3cnFBdzJIUU5acDJCNTYxSTBZZElUcQ?oc=5","The Wall Street Journal","US","1784579460000"
"US gas prices back up to an average of $4 a gallon again as the US and Iran launch attacks","https://news.google.com/rss/articles/CBMi4AFBVV95cUxNNFRHLTMyTmc0bXJnNk56Q3AxeUtWQ0Y3bFhVcndNV3BOTEoxNzljMVRHQm9NNkN0aW1wQUhtUk9KLVFWTnk0Wkc0Y1ZVREVhVG9CbUpfb3FLRDJoVW1QU2xKb1pHYTVHMlBINjRYTVdibVBBbncxUHhScUxJN1hMQl9aMmtRUFN4WUZOdGZxZzBrbl80OS1OVmdXZHRWSWgwRTVRV19rakttT3FQNk5FNVk0emtBZHpNR2NZSzdoRmdjR3RHU2kxZlU5akFIbG45bVNwZ3hTTHZpWUNSaTNWeg?oc=5","Associated Press","Global","1784581800000"
"US launches fresh strikes on Iran, as Trump warns of retaliation for death of soldiers","https://news.google.com/rss/articles/CBMiWkFVX3lxTE5jVzBxZlFoajhFYjBpOXBiTG9HQjhqa2x0UU5zSTNFNEhRRVA3SndCa0REY2hCWjI5NmFjSEJGYUplbDcwX0JxYVRmR1ZYZXV4RW1JTlRadmxfQQ?oc=5","BBC","Global","1784581771000"
"Paramount/WBD Deal On Hold, Trump Vows Iran Will Pay for Deaths","https://news.google.com/rss/articles/CBMirwFBVV95cUxNV0l1Q2lfR05XTnVPUllUd3VHT0J6VWpwZ3FxSHFCcEIzbVJyOHNkMmJCUDJMUjV6YkNSYzdLR3FhWHZjY1lDcGhteUlmZnQ1YmswY0pWa3BBRndtNnc0cVJjWE5YNERRckR3OWFYZFpmTml3UUF4RVlrY2xERHBmUnZQSEdkdUVNNlp4aTB2VzI3WTBnZ0hmZ21UOXBiSjlWVUh0eHFoNWNxa1lNM0xF?oc=5","Bloomberg","Global","1784581560000"
"Opinion | Iran’s Fortitude Is Its Decisive Edge","https://news.google.com/rss/articles/CBMifkFVX3lxTE1tbkpSNjJsNldEajlHSlJqS3N3b3pLa2FGMWdUeTdYTWdXdWQwWHpLSFdRb3pJdVlNZkM1SHRhTWtvZkl4bjlLZ0FmbEszZnh1WlRtdG5ES3Q3QmlPbzA4OWRkZnFxTXk5ZUw0c3BBWGFoSURKSGYwYXphMjZsUQ?oc=5","The Wall Street Journal","US","1784582880000"
"Iran Missile Hit U.S. Troop Housing in Jordan","https://news.google.com/rss/articles/CBMihgFBVV95cUxOUDFlQmExclRHUjZSLUxfYUJWVG9OQTJWZkphS1JyRzJDLUw5eVhwN0NQWHZCa1puR1h1TXRXQmpNRmIxUk5IV2JQSXNKSThZSEVveXFSaUZXZkV1NTA5MlM4Zmt4RGVFR3pacmNpTWRqX0ZBeGZUYm04Y1hqbTVGWU1YYlFmQQ?oc=5","The Wall Street Journal","US","1784582760000"
"US military slow to disclose Iran war injuries with officials citing security needs","https://news.google.com/rss/articles/CBMib0FVX3lxTFBoYmxtemNjSkp2UjROWTBCYUEwNjZoQXlFdnRuVlJHazB4NEZOWXUyZWFmaWRjNVpRMEJEMFc3MTV2NkgtZTEtVkpVUXNtcDZvSEkxZm5jbmpwRWtMdjktdk1sdGtjX0RRUUVEZjQ1WQ?oc=5","CNN","US","1784582677000"
"US missile stockpile likely unable to handle prolonged war as Iran adapts to defenses: experts","https://news.google.com/rss/articles/CBMi0AFBVV95cUxPc3BZWEc2T2FCazFfX3VENUt6OHo3UHo3Q0hadGJQTEt0ZkdmTzE5SGg3NDM5V3BNSG1uRUNBZTg1dUJobEdkSlhXWnFVZVRsRzZtdFM3SWUxbkxHUklnY3kzT0RVVFJhVUlNTDdmaU1ZRmhMMC1wWFp5bmNxNUlleWdxWEFxakxQSms5UGd6eVZXMTRmbEZRWGZoVzRIMDMwSjZ5d2tIWk5fb2R5M1dzMmxkZGlwUmlDTkFHVzdJSzN0OXdQT2FjcHRjaU5tb1FE?oc=5","New York Post","US","1784580960000"
"Urgent: U.S. forces launch fresh strikes on Iran","https://news.google.com/rss/articles/CBMifEFVX3lxTE9JZjdTazZKN0RmdVNYRFBFZnNPN05Tc0RoRjNoQjhmdjBIWG1tRmU2SkpveGVDRi10aGhxTzZ1aVVJaDd0V3NjTTZKQmQzV1dzazJxTWNRSnRCYzlRX1ZzTTl4ZlZYZkRHemRhZWZMR245ekxkaWRVeWxOQVA?oc=5","Xinhua","China","1784581036000"
"Flash: Explosions reported in S. Iran's Sirik, Bandar Abbas, air defense activated in Bushehr's nuclear power plant as U.S. announces fresh strikes","https://news.google.com/rss/articles/CBMifEFVX3lxTE9FUVFYVk1lbzVFbDRNMHJrNDY3ZzBmakxmUzEyMng2Nkx5eWZIaGltd0h4T19NTlltU2tJbFE5YUpQd0RXSkxRMXo2VVVrNC1qNjB2TmhXaDk0dGV4UEQxa0ZoN2ZGUHlvdkEzX210S1NLUHJ0Q1NLVm1wOWY?oc=5","Xinhua","China","1784579655000"
"U.S. forces launch fresh strikes on Iran","https://news.google.com/rss/articles/CBMijgFBVV95cUxNZGJ5SjY1TzFsT3pnZ2QxRUpoOUFqUHA0N25Kamh0MEJhRnJUU3NQX0p6a3VXeUpzWVM1bk8tZVBpd1ZzWUVqVzhzV1VIc0NlSXVBdi1vV2Z4ZUNsUXVqb1pCazA0QWpyZUN5bGppeFVlSDQ4ZW1WMVBOUGVfLU5rTFlORjFyTldBajhJTTRB?oc=5","Xinhua","China","1784582145000"
"Iran, Pakistan reaffirm $10 billion trade goal as interior ministers discuss regional tensions","https://news.google.com/rss/articles/CBMiU0FVX3lxTE1MYnVGOXNya00zWkhleW5ja1k0TXJGcHhmVHVTb3AtcjNkSkF0TUUwWjdpOVRGRnFpbE4zLV9neU1fTno4M2F5aFhXTjR6ZzRSamlF?oc=5","Arab News","Arab","1784581837000"
"Trump Says Iran ‘Will Pay’ for US Troop Deaths; Houthis Threaten Blockade","https://news.google.com/rss/articles/CBMiwgFBVV95cUxOYzFUaTBxd0M3VF9VQ3cyeTZiT0w3and0c25CNUltODRTTjBybUVucXh4cW1sRGlZS044a3NDUTJKSURoRUN3MkJuWEhkdHllTGx0czJLVDBSS1JqaWwxY050a2w3R0ZVb3FvNlAwanRPVnNOTWY4LWZiYlRnbGVESldvTFNzckJta1MzVnNRRlRBMTllLUk5UG54VXNlRy12Sk10Ny1hSE95MlZHaDV6SlhqbWdvZC1OY01WMVJHN01pQQ?oc=5","Bloomberg","Global","1784583026000"
"Victims of Past Terrorism Urge US Not to Release Iranian Funds","https://news.google.com/rss/articles/CBMiswFBVV95cUxQR2dZNk40Mjd3NmluNU1oNUs5eEUyb2J4MjJpRFV3dlF6TGx2MlZRZDZYZjNPbHV5Z0RjdVMxOWt0Z1g4TnZBS1lGV1RNdnRnYW5zVzRjbGY4TGpBSkxxOS1HMnd3d1lVbDdtRG9PdlkxSWdKMWlIQU1KSUVLcVdMM3F3SERVN25LcjczSHB4enJ5eE1iTFdNZVZfZThId1JZel8zMzBuOWVsenpnRWhCRTFuVQ?oc=5","Bloomberg","Global","1784582876000"
"Tracking Trump: Iran war escalates; report alleges Cuba-antifa ties; Trump says Netanyahu will not be arrested in NYC; and more","https://news.google.com/rss/articles/CBMihgJBVV95cUxOZnQ2NmJoTGJma0lnNUw5VXQ3V29kVGxlYU9xSEZIdVlyOUZCOFhhZ29NQl9hTVpMcGRfVkxWQ1B1WTZtUTlmcXpmT1h3eXpMYWZlN1ROWHZxZHdIMnJzRm1GeXVOcE9qZUp1Ql9OSDc1Wkd1anFVVVN4aEdFQjQ0STYzX0VadkwzRW1wWmVIZEJzT0RxY0FXV1VCWkFUdlFzSkZHQU1EVTlrcWxrc3lRV1c1T052MGdSOGZlQXV3dWRmTE5MMlVzQ1FWd0dCbUViUVhDalFRTFFYVk43Y0piQlRYUlFaVmxWcUhEeEhva1RKWk9CYkMxaXJsLUk2QW9XMFlIZ0Nn?oc=5","The Washington Post","US","1784584952000"
"‘It needs to end now’: Democrats urge Trump to halt Iran war after US troop deaths","https://news.google.com/rss/articles/CBMifEFVX3lxTE1VNVNEZGV1MlhFc1Y0QTFwV3VPaUx5c1NZV28zdTdVZEx5S21XVFhiMDFSblhpOXQxVmJMTElwTmxZRmp0ekhTODNyRktpamFGdmt3OTFlS0VPdWVRRFJUckhJb0J3TUJabTNOWkZTV25ZYW1VV0k2YVpfTjM?oc=5","The Guardian","UK","1784583960000"
"Paramount-WBD Judge Pauses Deal, Trump Vows Iran Will Pay, More","https://news.google.com/rss/articles/CBMirgFBVV95cUxQRFUtLVZLSzRPdTFMMnR5QmlzSE1HU0E2M19TeWs5WDBvNHUwNVhjbHRORE1fWWh4a0dsRUhQVk1hbHpKRml5WTB3SFdHQS1rSWJUTU5ZUERYXzhzSTUyOC1KcEp5TFByTEVqU1huNC1pb0FDVk0xSFNqMlZ0UldQV2Y3T2F3WU1zMjJROHEtTnBwZTZTWlZQaXNvOEl6eTlJYWdJb1NsQkF0TDZXLUE?oc=5","Bloomberg","Global","1784585777000"
"ASEAN's top diplomats meet in shadow of US-Iran conflict","https://news.google.com/rss/articles/CBMingFBVV95cUxOTUk5MFphUndRWUE2X3NSdURrVDQzSlc5VThFNjd2bUNfRnR6YW9OMVFiU3NCbENieUhISnZWblNWQXktMFVWWWRleUJaNThta2hDMDdBeGZiMmpramRSdDl6U0M1VkF5a2hNdWI0N2RpQ21HTkQwZ2gxMHdoVmd6aXhBeEtzWHVucjJFMFBRTW1NQnZCQkZZRll1X1Zidw?oc=5","Reuters","Global","1784585051000"
"Tanker reports being struck by projectile in Strait of Hormuz, says monitor","https://news.google.com/rss/articles/CBMivAFBVV95cUxPZWNUUWxQckd4SHB5eTc2bk5tUGsxV1E0M0hlTUkxUk80b0k0bGNlMkRxbjB3UlB2RXVZalg4cFE2d19YdDNfZkVUX1l0YXNlMmJvS2NGRTVTSmRORUNuX2Y1QmROU0NPLVdrbTZYQkJSQkFBME91aHJHaVZERTdaMkZYT3JBVWJja2VwOUFndjVSaWxYOEhWSlVRSk4ydllaRm11WUJFUzVpUUw5T0pmWjZwVENRV280Qk5EbQ?oc=5","The Times of Israel","Israel","1784586180000"
"Tehran launches drones, missiles, towards Kuwait","https://news.google.com/rss/articles/CBMiakFVX3lxTE02dmZHb19RNjNXcnp1RUZ5S1k2Y3BzczVCV1E0Rlp5QzRWcW1Hc21aNTlMcm9ETTBQMTJFdGpTZU9PSmFnZDZSSExjZ09jOTJlYmd0dkIyRHZKQ0kwbmg4cXdZZXNaTUphX2c?oc=5","The Jerusalem Post","Israel","1784584720000"
"Explosions heard in southern, central Iran amid renewed U.S. strikes; Kuwait says confronting ""hostile"" missile attacks","https://news.google.com/rss/articles/CBMie0FVX3lxTE9LRWlGVXRrZnF0cTVBOXNJOTVVU1ZNTl9qeXZZRzVoTF9HNHRyQVRVZFRYQzAwTmo5RHhwNlR3S3dyVlJKLVZSVVU5cWlUNkxHVGF0cUV1a0FzcHk1LWFNM1JfVDNuZ1lEcWVWZTM3c2doaE9oM3BsbUx6RQ?oc=5","Xinhua","China","1784583900000"
"Live Updates U.S. Says It Has Begun New Round Strikes Against Iran","https://news.google.com/rss/articles/CBMilwJBVV95cUxOUGJBcXR2cE16MzVWUk9MelFTSzRjQkdSbXA2cmQ4MTR6T3l3NU9PdTdETU01OUxKX1hFVTVBTTA3R0cybkd6RU9FUkczY2M0Sk5OclRzalREay1yVEVIMXdGSjU4SU1KQVJVb3pIQU5KdW1ESnRCbG1XbkdPeFZNaS16TVFMV2R3amlmaGFqYzlUS0V0UVlpQ0tkVUhqbjhPZTZTUmgzRnVFekR2RU12c1RwNHNKY0xxWGNuZzROSklOaEF2QkZtMnJocHB3X0xSVFVFTFZjMGR4TVRwRjFDek5PV05oMWtkY293bDlYZE4zTGl5S3B4aHdOSHVuTVRsT2xTWlFJMzlZVE5JaE9hZUdqT0lYSGc?oc=5","Haaretz","Israel","1784583300000"
"War on Iran: War resumes 30 days after MoU","https://news.google.com/rss/articles/CBMioAFBVV95cUxPWTI0NEpFcFRObGgyMlRIX0E3VktabTlXQ21iVTJrMFhib2t0ZXJJU29ZT0YxMEJYOGFEa2VPRDRoX2NSaTU5eGxqTl9wSVMxNzdJQkFhLXRnd1ZreUdaVnN4RE5XZGJGQ080aUppOEdGbnF4ZHdMNlVqXzZ0dHVPSVpjVnJ4NWR2ODBTQWowa0o1VmJOczFQUEZjampBOU4w0gGmAUFVX3lxTE43Zko2WkJHdG9za1VhMk1sbVBpOFNIeGtQeTZHMC1yaDF3ams3U0plVDl3YjNWSlJlVDU0NC1LZUg5MmhsM2dwZWFxd2pod2V0ZUNZX3lHV3FBSWdzbTJuZ1ZOVVFHYm5XbFRmY3Jta05INlgySUhidUNJdjA1aDU0RHd3RVV6RnN3UXV0Z2o1WFVxR1B6eEhmQi1udDEzVmVvVmhsaXc?oc=5","Al Jazeera","Arab","1784586707000"
"U.S. strikes unlikely to move Iran, intelligence reports say","https://news.google.com/rss/articles/CBMitgFBVV95cUxPVnJFYVc4VlpGQkVUODNrVENxREFYcnJYSm53WVNyc3JYOUNlVTIwcGpCVEJKZElHSC1TdFFiMU00X1BXV1FFS0NkeWFnVlZ5VXpPd2NXWTdvdF93RzYwUmg2Z0RyblZ2WjVVRzhqdUVJa0ZldGtjMnhVbVRjeFdLdXVtNlpFQllHZUpEeWdNb3Z4dkh5SWE2OFR5MGlsTThJem9DUWZCN0RYSzNhNHRpbXo1YVU3UQ?oc=5","The Washington Post","US","1784588462000"
"Retired Lt. Col. running for Congress backs Trump Iran strategy: 'He's ending a 47-year conflict'","https://news.google.com/rss/articles/CBMiuAFBVV95cUxQRWhPVWZxS01ZMmw5dnliSDRaUDh5VkVXUW1kYXp0dHltejV0bnJrVTZkUW5QZWJGNVJhU2NWTXd3eUd1VG1DRzM2a3RQQl9heFFaNDI1MFNIeVNNYl9vSEZISXN3LWhYTDV2eW4zVURLU3BqSktYOTItcU9ZTkYwUDNNalVtYl9zTm5yZTREaFNuUjFVNzdZSnNrQnFGS1dVbkU2U3N0TmUtQlJnUGFiSm4zcGN0MEpQ0gG-AUFVX3lxTE80MGF1MENaODFWODBaTnVBWFd1NkN5RlBOd0wzalE5VldWb0J4bnc4cUhDOTBWdVV2WFpyWUpuOHJuNG8tNG1YVnRha3lWLWtGbXdDSDBFbC00T2x2UHhackU2clJzR0syVmJoVHAwcW1nZ19ia1NiOFNzRVhoWlo4N0dKU20wSmN4LVI0WVdiX3dUYnhFbzZrYl9YN1RHcF84Vm1EZldtZ3ZkdTIzVWVwa3JxckdoSzlsb0hpMlE?oc=5","Fox News","US","1784588458000"
"Retired Air Force officer backs Trump on Iran: 'He's ending a 47-year conflict'","https://news.google.com/rss/articles/CBMiVkFVX3lxTE02aWJORmw3SEYxbG8wejVjYjdnSkxjd2k1VHBxbDRUdDlKVWZOWkc3YVEwbzYwZXJRTS1LMmlxSG9DYzBsdWlYWko1UXN3RzBPTTFDZGdn?oc=5","Fox News","US","1784587031000"
"Trump orders airstrikes against Iran for 10th straight night — after vowing to avenge deaths of US soldiers","https://news.google.com/rss/articles/CBMipAFBVV95cUxOeTBPcmpuNVRZUzBuVmQ2a0JuYl9XMG1RSVM5WHJUX1E5c2p0eFBVZjV3MDZ6OE01b0JBMW1RcWRuVXllTC1OQWZ4Y0JBaUxTR2VvOXIyRmpGeU0tanZfdVkzbXpIRW15NVJCTjVmTDRiUnBKS3Fkbjd4OUZLV2hUc2tQTDh3bVV6cWlNWXVNUnd3dG5LbVR1SElHOUNKTExHU3M1SQ?oc=5","New York Post","US","1784585820000"
"Democrats search for options to halt Trump’s renewed attacks on Iran","https://news.google.com/rss/articles/CBMiuAFBVV95cUxNSGlqNG50YUt3cjYzY0hPMFZtR2l4SVdVNFhkNzhFU0FHUUdxajExOFczQWFBZmQzUUE1NmswWWl2MkpHeHpGSWxHUWg4d2tXUlplc3lsYjhDUzl4SFROeGtHcTdFZmdTbHM5OGRRVXJVNW9YcVNrcXNoSVJzSVdUc2Q1M1ZhdTdHOUxScUluSVFORDNTSnRaMFNfRmc4OFozMnItV2hWMWJVZnFsWDJDMFNNdWlINFd1?oc=5","Politico","US","1784589840000"
"Iran is betting Trump doesn't have time; Trump is betting on its downfall: Brit Hume","https://news.google.com/rss/articles/CBMiVkFVX3lxTE5Db2Z2NTNlRlQxLWpxblowdFFzdTktTXI4M3JmblhMMENaWGU1Sk40NHd6RDJjWWpFc0UwcDJldndGSVlSOEZtS0h5a2M4Ul9WN2tYelRB?oc=5","Fox News","US","1784589645000"
"Iran says it targeted a US base in Kuwait with missiles","https://news.google.com/rss/articles/CBMiowFBVV95cUxQb0x1bTZ3SGtBRi1wc1VXQUxiQlRTQ1FFcmxHTjJlYVJkaU9Wd3ZOejZieDBLcDZlVjJSWTFYYzQtMmstS0RVLWpMRHVWLWt2SlJsZEtMRUJ0b0k5SG1Bc3E2YlptdnU3YTAxZm96QmE0bXJRNDVwRzhtUFM0QzhpS0ZqMmpRbTZFSEJXMG9yUmpvZm9hVmw4OFZsMVlXUWdGOGQw?oc=5","The Times of Israel","Israel","1784589180000"
"Pentagon withheld Iran war injury data – NYT","https://news.google.com/rss/articles/CBMickFVX3lxTFBhVGFSbGxhSExWQjB3eUo5YWxEYng4M1F6ZWQ0M0tuVlpwUU84NE81dHJKQVk3d01zeWVjMFBTRm5zVnJnSWZWYTBWM0RPWVhBSDlLUjdPUEI2LXhHa25uTDdZT2dWeWM5X3FOZzVNXzNpd9IBd0FVX3lxTFBhWnpxMmFYYk9YRzhRV3M3Y2NYLXZ1bm9tYm9tcUZ2aGluYThtNThpbUpYNUFaZGVhT1RrUzhsZDFYX3A0NXY0MS13NmR5bFhYckFhMkxFTHB0aGVWSzZ6aVBBMEN1aDZtSE8xSFFjUUF1dzZnX01j?oc=5","RT","Russia","1784588460000"
"Oil Edges Lower Amid Hopes of New U.S.-Iran Ceasefire","https://news.google.com/rss/articles/CBMirgFBVV95cUxNOGJVWXR2b3FOTnk5U0RqZmlOZWJRMHYwZm9WVWdIV25FVEVERVNpNlF3SnVWWUJjZ2ZXeDF6WTU3MDBQVlBSZW1WejdvM0RITTlvQnhMc3o1UlQxQ2hfWjYxZVVpOE9lQnZ6cDVHaGowZy14Z1owZTFqUXFMQlZnbnZqb0tCZWtoRGI5WFFZMlZJWTZCdHVFMHpNaUlXY2Q1WEhmWmtMOVFUZkRtcEE?oc=5","The Wall Street Journal","US","1784591760000"
"Pentagon Identifies 2 U.S. Soldiers Killed in Jordan During Iran Strike","https://news.google.com/rss/articles/CBMikgFBVV95cUxQYWdKZ2JEMDZ5OExhTFhVTkdfeGVnV1NWVzJXOWQ4OGNYUy1QMjM5b0diS0w1RGl6X1BHVF9OYjVWWlc2ZDZSQldOc2M2VHNxLVo5N2p2X3h3ckxzWURnR2ltbkFzbkVTem00cmFlazBxcHJXNHM3a1VwUW1rYjdsVkVIRE5qVjJ4eV8wZGhXcDh6UQ?oc=5","The New York Times","US","1784591648000"