headline,link,source,region,published_at
"Wage Gains at Japan’s Smaller Firms at Risk as Iran War Drags On","https://news.google.com/rss/articles/CBMitgFBVV95cUxNZUE5eVVWcGwwbGRNUkJ0em44RGMzbGV0dFhBLWF3Ym52ZGN0XzNGa0ZMU3VPTV9za3VYUGcwU1g5cWttT3ItSjR5czF5czBqV1NyeTVYWW5oRmZUUUZhOUJwUVRCeS1McXpEbXQwZGJLNGF4R3dnb2tjRjBVQ1JMc0ZNb2lRR1AzckdLT3c2LWFOUWR1R01hMV9wcmljR1oxMjJ0OC10VV80MG1DanRtYjFDZ3dkZw?oc=5","Bloomberg","Global","1781050740000"
"One hit confirmed in Sirik area, six hits confirmed in Qeshm. Two water tanks in Sirik and Bandar Kuhestak counties, two of the driest points in this province, were completely destroyed. - Iranian media","https://news.google.com/rss/articles/CBMibkFVX3lxTE9ZV3BlUzFvczJxN2Jlc0huY3lUdlQ5N2prY2tOSC1MbXEtT3lFT2hzblBmZ3h1U01LUGs0OEU5dGtuRmFaREduRGVFalpJR0h1VkpTU3NLTmt3T3NhaWxpQjNQM3ZTaFhxTDdnb3FR?oc=5","CGTN","China","1781052738000"
"Iranian media reports fresh explosions near Strait of Hormuz, including in Bandar Abbas","https://news.google.com/rss/articles/CBMizAFBVV95cUxOejFRNmlwM2txYUR3cm8xcldfN3RPTS1uZDNpT2tNNGluU21qRTIyUzF1bDMyR2xidVQ4dkxmMkN4TFZ3WlVwYVVzMjB2d3RWMGZaVHpfcnZhV3hDMzl6LU5XemNCSmlTd0R2UThuNzhDYWZCMzBNcTY5V3VHckV6eFhCeWpHY2hNNUl6dXJrci0tdzAwRi1RMGEyNENFd0xLLS1Fam1Cbm51QTNCREFOUkY4cGJXMWx2UVFPT2hHS01HSnAtWXZKdkdPbnQ?oc=5","The Times of Israel","Israel","1781052183000"
"Axios reporter on Iran: 'Third round of strikes now, per US official'","https://news.google.com/rss/articles/CBMibkFVX3lxTE9NOFVhbVdqSzVMMWJ3UGhKNW9aVWlQak55SWxqUlA4X1M2ekJCdVhTbURSMmdUUjlVTXMzSEU0Wm5oZUoyVjlLVFBVbFRfbXdpODdfYXJHREJZcTdJdDlOOVdiNVg1bDVSYmt4bjdR?oc=5","CGTN","China","1781050039000"
"Iranian media: Following the missile attack that occurred a few hours ago (early Wednesday, June 10, 2026), two strategic water tanks in the Bamani district of Sirik were targeted and completely destroyed.","https://news.google.com/rss/articles/CBMibkFVX3lxTE42MXJwVHlUX0pKNzhqeHNFRzdMTWhDTVF6dWtLTTUxX21KeUc5UkxxR0o2OWN2bXlVT25FUDhXMWV3eXJxMmdFcWltR3k1NDBuVTlneWI0Smdwd0QxN0NGZ0c1WTZqUHVrRC11em9R?oc=5","CGTN","China","1781049992000"
"Dollar steadies following US strikes on Iran and ahead of inflation data","https://news.google.com/rss/articles/CBMirwFBVV95cUxOSDFFb2NhZFo3MVhIUFhKOVFMbW1TZ29rSmY3b3R3aC1PN3d5N01qMTJwU1JQSjBKLWJiLWUtdUQtamR0dENFMVhEX3VEdzh1c0ZLVFZvYWhMRnRMU19Sa0RrUTJmZkZFLW1ueTVRODd6UnVJUVFMaHhGck5NTlVSaW5SLUVOVkN4MGc4dEpfWWgwRm9hYXd5UHRqQkFkd0JPWUZjbnpDMHBRVGVwZnk4?oc=5","Reuters","Global","1781052660000"
"Oil rises nearly 1% as US launches new strikes against Iran, supply tightens","https://news.google.com/rss/articles/CBMiwAFBVV95cUxNNGJ6NWZtUjUzMDg5TTZFYWY3SGhyUjEzcURaYnpPRkpZcmlsWVZVemw5aC1JNDY1NE82VlMyLTdhWmlDUkZyTTNMRTlfM1E1ZUVCSWJ3dDJyQ3RYbF9peF9zdjlIOFJ0bEJub0dJdTRxRjR4NFBaVmxZWHNkZFJUa3hBdEpJRVdHcnhYWlppZEN1MFJ4TDdyMlJBcFFPanlWU0Q3LTIySi1SUE9SRFdEbC1VSUM0em5HcF9xSFBrZ0o?oc=5","Reuters","Global","1781051580000"
"Gold drops as oil climbs on renewed US-Iran hostilities","https://news.google.com/rss/articles/CBMingFBVV95cUxOLXRCSURfSXlOd0d0SlowNm9hUTlYUGVqZ1hFTnRtY3pha2RQRktxVVd5MEpIaW54cWN4Y1ZrVGVCZGkyanRmb29DZnNMWHJHbnRhWkhISE9ZQk45RnZ1blR2V0dVUFUtSHF5amF6VnZ4UWY0RTJWYkhHOVJaV0xnZms1V1AxaUE1LTB2QWJzQlNlbTdyZU9wdndKUWVvZw?oc=5","Reuters","Global","1781053860000"
"Urgent: IRGC launches drone attack on U.S. Fifth Fleet in Bahrain","https://news.google.com/rss/articles/CBMifEFVX3lxTFBFNl9VbHNjN3AzTDhSS09aQS1zYVZjQ1lvYVRKX0lZSUZVNW5hdUx1YXY5MVhlSGdRdDZpZzNhUzJNallKSnN1ek9Hd01qYnNqZldWOEN1cVhvdC1XeXp0QWpCclotSnZmamRIZl9wNDZIVmpSakE4ZWVjX1A?oc=5","Xinhua","China","1781054580000"
"US has completed retaliatory strikes against Iran, CENTCOM says","https://news.google.com/rss/articles/CBMirAFBVV95cUxQRUN4WnBEcmloZFlZTnlBVWp5OUNVS1Z3eFlva0hNZS1NWkZSa0oza3ZFdzdnamk1UlFNR29NZ2NpZk9EeTczRmtnOS1KWnlleDFTX0s2RVFPMWJfd3ZyZ0tFcmZpdS1zZXFTd3k5VjYtTnlpRTA1Qm44ZjlFTTRucW94dEh0N3paMXU3T1VDekhWbWFFMHQzQTI4THMtSDNpd19kNEphaTNkNEJa?oc=5","The Times of Israel","Israel","1781053724000"
"Urgent: U.S. completes strikes in response to Iran's attack on Apache: Central Command","https://news.google.com/rss/articles/CBMijgFBVV95cUxNUEQwc2h0UFhVZEtkY3ZZbzN2cnQ4Tml1VGQ2dXpxZUc4QThTNS1oQzlJbEdCZVp5bjF2N25vNzVtU3RMd2hsNEdkTWVFX3kxeXZBRXRQMWFEYlRuM09Db0cyUlc5RUd2Z3ZRRGpsSktqS1VNMTBCa2NQZ0FyZ2d5NFdRdkNYN3UyN3plT1J3?oc=5","Xinhua","China","1781053695000"
"Flash: IRGC says it attacked U.S. Fifth Fleet in Bahrain with drones in response to U.S. attacks on southern Iran","https://news.google.com/rss/articles/CBMifEFVX3lxTE9IdUxYdnVHSkwwRklrWS1ibDhjMlBTVDBXNkhEYkdhSVIwb0o5THFjRGZKeVhyWkVsbnNhLW4zZC1TQjQ0czVVcGxuNmFCSEV6MGlPSWlmS19yTmxmVmhxaTh1N0loTDloY3d5MFBmd19QTlEyNzExU3I4bjQ?oc=5","Xinhua","China","1781052885000"
"Iran’s expat community sees chance to confront regime — at World Cup","https://news.google.com/rss/articles/CBMimgFBVV95cUxQY0xDTVZvLUxZWEFxR2NJeVJneF9wVFhqN3B0czY4dnF4NVd5VWdKTG8zVFlpYTduRTZuUEp6bU93TDVRMmlHSF9uejFDblM3aVNueDVWX2hsZjVyWG9mdEhCTlFvRHQ2RW9ZNkhrbHQxRU5naUVReEVrcWdWTzliQlkyd3dfVGdLMkhaQmEwc2lFT0FJTFVsRXNB?oc=5","New York Post","US","1781054160000"
"U.S. Strikes Iran for Downing of Apache; More Strikes Expected","https://news.google.com/rss/articles/CBMipAFBVV95cUxPUjdqZWN1Uml0cVI2dGZTWEpMSmJzMEhEd2N4NWxFNkdfSWdrZmhhYUktcU1LNEZHRExhNmdsNExyTmxCU3dMOVhUZGpLekNWeG1BcTRyTllHLW5oUmVFWG1jdFYzTmJBdGtHLVBwQU9OUTNOUWRiTWJOZXZWdHdobW4zSnR4LUVvLTB0bjE5aXV1RllwTUhJbm9GNnNyZnVjYzhhaA?oc=5","CNN","US","1781053327000"
"U.S. Strikes Iran to Retaliate for Downed Helicopter","https://news.google.com/rss/articles/CBMiT0FVX3lxTFBmWG9pNDJ6S2tuSno2SEphd055RzV4VW5TQUk3N0hMdUpxX2ctTTlRTjlPZWJVUlhVY3NFWlEyOXJsOVJsNlFfWkhhc0lvMms?oc=5","The New York Times","US","1781052947000"
"Live Updates: Latest from Israel, Iran, and Middle East","https://news.google.com/rss/articles/CBMif0FVX3lxTE82QXpuRnhtLVlMZVI4MzBsN0xDMXVaOHdjWktINWJfZWllTmlCdEdyWGljSUF2MUFoSEhjd1RVOW9sWlVwRl9qVU5OSi1xSkphTWNWbFlvb083QV9vQWpqMmdNUzJEaHoxTXhMc09zdjBLSTB4QnFvTjVRTmZRbUk?oc=5","The Jerusalem Post","Israel","1781056539000"
"Iran says US revoked World Cup ticket allocation for supporters","https://news.google.com/rss/articles/CBMingFBVV95cUxOUWJpZjIxbmJjNXBuclI5Uk0tXzhSeUp0LVVqRERYNUx0elRNZm53eVNWREV0d2NXTXZVc0xlVkFfdTVBWXZjMV9vY1Ria0VTY3l5aGdsdlhsMml0cUYyMXdDVm02eFFfRFRURFpESklRTWQ1WDgxTW1EV205UVZ2OEJyb19VLUJiWXFJZFV3UXU0V2h6OGpZMjhQb3lHUQ?oc=5","Dawn","Pakistan","1781055439000"
"US Needs Strategic Victory in Iran, Ex-Australian Envoy Says","https://news.google.com/rss/articles/CBMirwFBVV95cUxQVzNxRkNhaE9wNDFFdWw1TjhQbFRFNFNJY1A0SUg4NFBsR2k2R1lHZ1MyNGJpdnFKLWhtYWJNYVdodUFsSDVJUHdSS1pxVlczM0ZnOU1UMlJUMl84bnMyd0xCQUliMFZkYlRUMEtiZFZsbkhUdjZxV0s0Zl85eXd6ZDFUMUJycjZ1WllYZmF2Ml9oU2hUblUzRVhEMDQzcGprajBkWER5Qm9tY3VxdFlN?oc=5","Bloomberg","Global","1781055300000"
"US carries out strikes against Iran in retaliation for the downing of an American helicopter","https://news.google.com/rss/articles/CBMi-gFBVV95cUxPVldxU1JfSkdSbzFUUlBpMFRNcTQtUXczOHFRbEIzSVhpeVNmTzF1MVNuRllrNGp4SzhmbVBJc2F5dE1HQ1dhNGNUVUUzWTFmRXBScjlxQVBDN0V3dEkxVWtGMm16TVVBaE5vc2FfT3hySGFVVDBJNFVhVmd0akd5RzNfM1VYSlBrUWlzVS1lWW1FSV9vaXl1U1F2Z1NiZkhpQm8tNHgwSmRkcjBqVmEtSFZzU3pyVndndG9iWU5wWHVXNVRSSDVtMzc2MFV0RERwYUVNRnZBdFNieTZtbjk1STlDYjhpamNhY1JhTVVCTnFBNV9qYk9RNmFB?oc=5","Le Monde","Europe","1781055019000"
"Army veteran: Maybe Iran deserves a national referendum","https://news.google.com/rss/articles/CBMiVkFVX3lxTFB0TnlPRmRxTTEyeXdoRDJXbF9vZ1dIdFhWM2FtaUd6SDFXSnpuQmsyUDJkZllBd0o3c0FTNnY2bHFwZ2dZYXc4cDQ2LXdsTUVRZjRVTzJB?oc=5","Fox News","US","1781055683000"
"Iran Israel War","https://news.google.com/rss/articles/CBMiW0FVX3lxTE5ZeDB6eEtmcllidU02akRJc21WcFZmTXRBSTJEQmJQLUJ1ZVN3d0xfNGdYejJPbXBUcmhmdlZKY3VROXduS0NwbkMxV2xhOXJrWHdjYy02cVdxcFU?oc=5","Dawn","Pakistan","1781058256000"
"US military says 'completed' strikes against Iran","https://news.google.com/rss/articles/CBMiiAFBVV95cUxQZ3FnSDZ1LTJvMFU1UmhkQlhHUnhaeTh4Q2c5ajhoV0hQYk5wVVZDSndjN2J2OGtteFJ6NHpiNEdha1ozV1hoWmtvODd1bEg3XzJhN0pyZ1BKallObEVlaDllNUVtWEtUeWo1aDUwbG9lMFFBd0NhbEZMSDhIZGJlSndCb3dDOGVC?oc=5","Dawn","Pakistan","1781058116000"
"Iran's Revolutionary Guards say missiles targeted US base in Jordan","https://news.google.com/rss/articles/CBMiogFBVV95cUxOZ3NCcWYxYTVLc2wtLXE2aDZ4R3hxQzcwVkhuY0lNNXUtamxxTWJzMXVSVWtfYTc4Sk9ZSlFaQnFGbzFFbVNvYzRjcVZWQktwMTdjU1VoSWlzbUxTbnF5TEFGYTIzclc4TWFwZ2JpaHA0RmRpV2IwandQeFVwaXZLOEk2bDRrOGptLTJfYkprZjM1Y09lY3p6YmVmLUdaeWxZR0E?oc=5","Dawn","Pakistan","1781058071000"
"Iran Guards say have launched drone strike on US base in Bahrain","https://news.google.com/rss/articles/CBMinwFBVV95cUxNQmtaQ1F1TDJDRlliZ094MVYxTFJtaFdUYTN4WEtXcjFGQVdRSG1oUGR0c1JvdGh1QU5aV3lkNmJuQkpvZW9kSjhXUUktejFLVXRfTC12UzBVOFJWbTgzWUFzZmhvNTlJMHBNeFBXRVA2Tkc5MFpINmdIMkZ4ZG5JQTA0Qjd2Nm9ZV3JVQ1BZR3dWWGNwMjhmRFhONmRKZjg?oc=5","Dawn","Pakistan","1781057640000"
"Flash: Iran launches missile strike on U.S. base in Jordan -- media","https://news.google.com/rss/articles/CBMifEFVX3lxTE9mYkVfcHQzZ2JZRnJIN0NTV2FrMDIzcmFUcHBQODJKY2puY2E4bm1FYldfRHkwRmJ6enE3ZGRhelF6aFU1RG4yTG1TQ1lnQ2k1eHdWMHpPMTRRblZfUE1aV0RXQk9EWHY3T082bGZSSXN4TVFLLVYtN2JhY3M?oc=5","Xinhua","China","1781056997000"
"The IRGC targeted the American Al-Azraq base in Jordan with a missile attack a few minutes ago. - Iranian media","https://news.google.com/rss/articles/CBMibkFVX3lxTFBmNnVOcm56X04yeEVBckN1ZHExU3RPa1VnQklpRndXQlJwWGxrdnhCbWVMMzBoNHZBQUJaU2NKLWZXR2NDN3ZxV254SWJQTDhOdXBkTWdLeXVMWmN2REFfOUVFOUJ6THNtNThsNnVB?oc=5","CGTN","China","1781055986000"
"Iran launches concerted retaliatory strikes against American military targets after fresh US aggression","https://news.google.com/rss/articles/CBMi2wFBVV95cUxNQTBLWE53ZjI5OVp0NW5Dd3poTTNsQVRfTmxPRUNiUlZkYkx1UU44NFFkeGlSa2MzZkZtOEYxS256SnE4akd0bHBKc05zMjZ3eEpYUExfd2VwLUI3UUYzSlZXQVZCOGY4TjFsMFR4VGxJVjNnWTdoV2FWdDl6VjhacklFVkhYNm5nTGdyYmFZNGFkV2YtdjJhVjJORVA5UXFqc2JtclJXa3V2UmJ4a0xhbGxEZTNYcnNSS2wwMi0xRFdjSy1XVFl1YlJobk1LZmc0WUtkZHZtb2pSTFE?oc=5","Press TV","Iran","1781060220000"
"Iran’s Revolutionary Guards say they fired missiles at US base in Jordan housing F-35s","https://news.google.com/rss/articles/CBMiywFBVV95cUxNWk5KQ2VITTNiQnBaUHJRQ2dLdWJsRF9aZXo4WTJScmwwbmlMcVRpQlFiSnVLdzVROU00WWRHbHNLejFCTlBjX0NGeEFxTDc3a3pmYWhVc08wV0dVd3lGU0l3cGwtUmdpeTdpeVdjNWU5bF9BbEZVWHQ0NjdORUdWTXJGSW1sV1A4QkVJLUxWNnh5c29aZThqYVN3aGEwSllhcUtobTg3cVZWMjlNc1FBMG44bUFfcXhZRmE3VmlWdmoyWExncDBCbWZOSQ?oc=5","The Times of Israel","Israel","1781059361000"
"Axios reporter: 'US official: At least 4 ballistic missiles and several more drones fired by Iran at U.S. bases in Bahrain, Kuwait and Jordan'","https://news.google.com/rss/articles/CBMibkFVX3lxTFBObWtKb1R1TURUUEFfTDF0N3hTSVRIVDg0Qk5pU181YXlPbnFBLUZad0tDSmozQTZ2Z0IzakJ4ZWQyTE0xU0xOekJaSjBJQW5GX3FxSzVMVTBlbHNJeWdSQ0dGZ1lLdk95MFRodjVR?oc=5","CGTN","China","1781059138000"
"US conducts 'proportional' strikes against Iran after US military helicopter shot down","https://news.google.com/rss/articles/CBMidkFVX3lxTFBxUnpWTWpsbXo1aU14NXpjX1FPUUpzcG1HbE15MlZlbkNsODczN0JZLVlzUXhkQkJTeXBBN2lsLWs2QklhVHlodEZscGZ6LUtJOU9oaFllS1Jrd3oxQ291WUdkTDAwRTNqR194RUQxMm56N3N6ZHc?oc=5","The National","Arab","1781059032000"
"Trump says US will declare 'total victory' over Iran within 2 weeks","https://news.google.com/rss/articles/CBMipAFBVV95cUxQM1YwYW1VTHRNV1BhdXU0YkpWRzNxVWZLMDNxdThINC1ZTG1ZbEZSX3piVl9PdFRralVhWlUyd1pwcERZT0RGa3lLeGd4Xy1sNFd2OEl0UVhmc1FuRnlCSy02bDd0T1laTDN5azVLejNlci1lSTE0Wjg4UW1zbDRHQjVvY1VHOW5oVklpWGxjNkpnQUVaZE9taGhpS1NKc0Z1SC1PVg?oc=5","The Express Tribune","Pakistan","1781058375000"
"US completes strikes in response to Iran's attack on Apache helicopter","https://news.google.com/rss/articles/CBMixgFBVV95cUxQUmZscmlESUxrWmlLR0FXWEJzT29oZ3AzTHhKRERfaHk5V3pTblZnUGdrZGVwLVpXMkNvazg3QWpMV3ZqaUV2Q3FmWG5XaC1YVU1TbkI3LUpTS0dldDVhR25pdGFib2lnOWJwdlVET3U1djNaOU45UzJxWm1wVThzMW4wMDlZVS1KUlFld21GbVlXSkNoTTFqbEdqZ1pXTTRMdjdlVF9FbjhPMnFldlFidlhvZlNBMzktZFhNWVJBeUF2RXA4ZUE?oc=5","CGTN","China","1781057810000"
"US, Iran exchange airstrikes after Trump accuses Tehran of downing army helicopter","https://news.google.com/rss/articles/CBMipwFBVV95cUxNLVBfN3JFRWstYjdpRkVUSzRhREZPSHpGdzl1TE9HemM3WnVHQmdUSG1UVEJNZU1ra2NySVotZmdiaERUaE1hNHlGSTRnYmE2T3ZCNEJqd05wU25RWWRablhtY3pCSWNsWnktRDZiSEpGWENhVl9wQ3Z6LTN2VkVYMTNhMlJjY0lOMFl5SFJxa2tBVW5yMjFoMXZYNTNPa3Y4WXpNQ2Nhdw?oc=5","France 24","Europe","1781060164000"
"Tehran launches retaliatory attacks following US strikes on Iran","https://news.google.com/rss/articles/CBMirgFBVV95cUxOMDBETGZvMDJuSnlRN2VtZFpScXh1Uklhc3QzLXoxLWpjUkxGNEp4VHpJYkU2S21UZVMyZG03VUI4OXhPb2VuQmM0WFZ0MTE0eGVnSDlycmdiUjNmdVI3aHczbkpkSjBoTzRBYWRGbkdvREJmc0tMVWVRUGZjVF9LbzRhWThnQWlHY1pPRUlPbHYwWjc0SkI0bmdib0FtNk5wWmxvYXZ4WE9xVzc2ZHc?oc=5","Euronews","Europe","1781060898000"
"Aluminum Falls to One-Month Low on Iran Tension, US Rate Outlook","https://news.google.com/rss/articles/CBMitAFBVV95cUxNVElnNG1XXzlWOUhnN3dHZ3lpUVJWWmRmbjRsc1FQb19IWFlRaXVNTHJ3M3ZEckNxRVgxZXNvMU9ZN0dLa0NuZmZLWURjT3F6YmE0a2JENHhtSTJTSEs3TnZXamN5Q1hoTzRvLUVKWTI3OGJfcHFvT2ctaGU0N2JUaHlCWWFzY3ZZZFpQU1dmTDk4Z3VTWURwYzdmb2VsUEpLRklmNW9fcTBmYzlFdThJMWpmTms?oc=5","Bloomberg","Global","1781060400000"
"Jordan says it intercepted five Iranian missiles, reports no injuries or damage","https://news.google.com/rss/articles/CBMiwgFBVV95cUxOM0VraGN0OGV6c2ZnVjQyOGlEZWxUSTczZmttTUNCODdUSG1lRjEzTmE3Nk80anpvelp4NU9jeHkzck1hMEZXbVhzMFNHQXJYdlRBUFJBSVQ5TGpkQ1YwcVc2TVJNbG93S095R0VHMmFVM1Nxbm9pRkV5NGNwNFloR3RJRXZTYl9TZmpJTjRfcVk2V1RoZkZNZzFVSXB6WWNvcV9Rc2lZbVBhbURZVl9JdFc0anY3SnRYZERQV01IUEIydw?oc=5","The Times of Israel","Israel","1781061761000"
"Iran attacks Kuwait, Bahrain, Jordan in retaliation for US strikes - report","https://news.google.com/rss/articles/CBMiXEFVX3lxTE5LMFdTbndFTkNDUzR6bGhUSlYzRjVOSEpac1YtNGY3SU9LNzN2bUdQVl9MR2Jib0IxTVhJcEhQbnpBWjdmcUx4WlhrMk1jN3BNX0NqVWRDbjFtVF9p?oc=5","The Jerusalem Post","Israel","1781061074000"
"Iran strikes Bahrain and Jordan in retaliation for US attacks in Hormuz","https://news.google.com/rss/articles/CBMisgFBVV95cUxOM3dIYWhmMTlsVk1HTDRnaU1BcnlMWnNoQjV0TkdMLXZud0xZWmlfZmxPakswTndIdExsdFZudngxeTYxaGZzdGo5LXkwTXVKYXdfVllnUHVPcml0bGx1TEd3bFA4NzhsSzNaSkVKdHJuLWNLOGlfQ09SUFJ1dlF5QWw2ZHkycDluekZ6bm83TGNUZWFHRms3Yldyc3ZBSExNT29XQ2o5Ti1Yb0gxdk42NzB30gG3AUFVX3lxTE01eExVaE9ENHRPM2loS2JIX01mVHNCcGZINUl6MDNfM0dTQlBoQTZJM1ZnUU53c1kwLWZ4VURmQzVkWEZrSXVSdlRRV1RZZkMydVl4OGkzdHowZVk5MUpmR1ZMYURZR0lOd3Zkbzg1V3RGX21iSnFOTjViaUE3SWhPYzA5cEo3eDZ5Y2NkcFgweVJCbE9LM3ZlU3dvRU1LMFRUY2ktOGozQ1NlNTh6dUdGSVpkUGUwUQ?oc=5","Al Jazeera","Arab","1781060400000"
"Kuwait says air defenses engaging ‘hostile targets’ as Iran attacks regional countries","https://news.google.com/rss/articles/CBMiygFBVV95cUxQSm1FVW9MQ1NZZ2xjT2pBUmVJTloxcl93VEszYVdEMk5udW5OZ3JnU3dnUzNEczRCaTI5SFZnTHJPbFVhQ2hoa19iM2txR2pPQ21PZ1lmTXdzM3Q2Qk9Rc1hZQ2ZwT2pha3NTUWF3QXZsVVFzUVphQ3UwVTQ3czAxbklya0RyZnpiWlZwcWdtekRjcDl0d3Z3eE5TZzVQS3NzT3ZuRDU2WDZ5UUt2SFF3OXlzLUtlR1NmUlNIME1IQmh4SmdhejhPWXpn?oc=5","The Times of Israel","Israel","1781059361000"
"Iran Guards say targeted US base in Jordan with missiles","https://news.google.com/rss/articles/CBMilAFBVV95cUxOa3VJdExlNEtmTnB3MEJoeDI4ajJTYzYxMXNWazBWZlZhU3c5amI3OXZ3Zk93UTJKSTFBTnRSYU9yNUF1eXQxMXNMUFBrdXlnRTBlVDd2dS1zTHlCd21Wc0ZVbUFmNDhOQXZ3RTFvMTdla3NfcDViMERoNDBWNEtOeGxWQ0Nlcll5NlAzaEFvRVI5T3VM?oc=5","Dawn","Pakistan","1781058997000"
"Has the ceasefire really survived the latest US-Iran tensions?","https://news.google.com/rss/articles/CBMiXEFVX3lxTE1EWHU1WG9CWGNXc2xKUGhxbU1qTXZtaFViOXAzUkZvYXJKUmRQTFNTZGdWazlUXzVOUlRWRm13TVFjQzBtSzBXTUpqNnFiTGdQLXd6QmtORmRaQ1Yx?oc=5","The Jerusalem Post","Israel","1781062081000"
"U.S. launches strikes on Iran; Revolutionary Guards target U.S. base in Jordan","https://news.google.com/rss/articles/CBMimwJBVV95cUxQVzRFOV9aT1BJZjV1eGk0eUpFMHFvOHNDZDBXSUh4eXBGMjVONWNBeEc2cGdYX2N3ZER2a2J4ZERWNkdmQjNJMllMWVJOM0k2dW4tTkJRbVFDQUJZR29RcWhtSVE3MTBtUlI0S1E4Qll3eUJVano0emV6OThPZnRTbldDRlc2U25IeVNZSHJFQXhDaU9tQ21TdGg0aGpmc0dxSC16WTMxa2U5TjFMaE9iLVptUzh1VHRJb3hUdERaRWlpei1OVEI4OTNfY0s3c09DaDBBOXRuaHY2cjJXdHhZbW1uSWNxVTZnaDJMcDlQSVJJd2RRaUE3aWZyMHc5NldpNnF1RUc1cGVNVU4tNFNabWJxNmFlWDhqd2ZN?oc=5","Haaretz","Israel","1781062020000"
"Inflation likely reached 3-year high last month as Iran war spikes gas prices","https://news.google.com/rss/articles/CBMimAFBVV95cUxNSjJNT1lmMTVTOF9icWgydUFvd3RFZnMyRHI5N3R4YURWQzNkczZwYlpsRmJyUWtuVTRXaS1HVmFaUFRWcmpDZEdtN0xLNWc3ZWR0OHdIdUhsdEVzSHJBb0JHWC13RlBsX0Ixc1MwSC1NVWtVMW5KOU9XbGgxQWg4NTBQZ253N09IQkh6S1BqNkoyWDlOZGpaSA?oc=5","Associated Press","Global","1781064000000"
"Iran targets US bases in Jordan and the Gulf after Trump orders strikes near Hormuz","https://news.google.com/rss/articles/CBMixAFBVV95cUxPS0dXSGJPLVM3VVFmRmYwcWloclNleWtLV0NrYVZfblNtdU5kY0RnOXNQSjBUQVZQS2RhR1RwQVhhT1oxVGdtVjJkdExKWG5uM3VFSTlPY0JhWms0S3RMdml0X0dVTEhuOTlEWUc3ZHlJVXl4dWFUeVFOT2xKWUhCbTh3aUVFeS1qaTNySWRBdWNMY1BhVWZUekZaUVNIZEVDVklnV1VISHpid0JObjVCU3V5bXFHaTgxaEN3M0UwOW1ac1Nz?oc=5","Reuters","Global","1781063640000"
"Iranian fires missiles at air base hosting US forces in Jordan","https://news.google.com/rss/articles/CBMiqwFBVV95cUxPU25kWmtrYVNpdHBud0dxUDhZdUx0OFMyQUxOWER5cXowaW8zWk9pdWNBeWdycUNTTXp4VjlmSWF1UDRzOEpBdl9RRTlYeno2cXBHUEJuVDJaTk05dldzaEwza29fR2I1NmpsZU5JZUlUWjNoWlZUTXFiaFFLYm9oSHR5Ukk4X2s5X193eU5fVm5KWjZmSHBsTnJ2U29JU1lVb3ZtLUZuTUpDNHM?oc=5","Associated Press","Global","1781062140000"
"Iran’s new leaders are taking risks their predecessors avoided","https://news.google.com/rss/articles/CBMimwFBVV95cUxPYWQ3NlBRMjhhSWY4SmJXX21VZ2N0V2hHa2xhUTlZVXhmbWk0RVlPYXc1Q0hEc0ZfbGZzTG1vNS1yM2V5UklqRnJHekZTSG9yMHlTQXFlQWdMTHVYNnFiME0xM0lBZmNDX09IYVhtYXEyeWNxMTdmRUo5bWI2U0N3U3AwSVYycUh0RlRmTm44cTBNYUx3WTRZWkg2Yw?oc=5","CNN","US","1781064164000"
"Iran war ripple effects are increasing risks of acute hunger for millions, World Food Program chief says","https://news.google.com/rss/articles/CBMif0FVX3lxTE1aWXlLckpldllKSGZvdHAzTC1QSGxfdXEtSEFQZG1PZ3I3Q0ZvNW5KR0tRcDhRbjdJRW1RS3B5anZiVWF0VkJ0akdTcG9HbVphek1CVHkxNmRMUnJjQTQyNnU0b2JRaHUzem9NMUxZVlc1R2ZCUUd6d0JHUnBvZWM?oc=5","CNN","US","1781064008000"
"Iran fires missiles at air base hosting US forces in Jordan","https://news.google.com/rss/articles/CBMingFBVV95cUxPN3NSZ1RsMnpBOGxzb3lsYU5GT2pZSDMzbFJnb0hHYjVmWTZMM2lJT1NNQkk5UUR0cGFkVXk5TzFrdFI3MUoxWXA3YTZhUGVQeWJ4ODUzQ1ljemFTbTN1UWdTbUF0SnpMWG5iaFBIRWVBZUcwR0tZcndoWmxWTXZDaWk4b2RkYmZ2bkxSMkNpRFNQQ0x3YWJta2g3cTYyZw?oc=5","The Independent","UK","1781062800000"
"Jordan intercepts Iranian missiles over its airspace","https://news.google.com/rss/articles/CBMipgFBVV95cUxNSVRBeTJ2TWR4SElud2NBSEFUa2ZUbXFkZVlIWklCN3l5aHdReC1aNzZ2QjZrYjhTOWVFU3VENXBZTlltZm9oSDdRTHlGU3NwLWV3TG5aN01ER2JCZnltNHdONWE5cTlwb1FoR2Zjd1ppdkREUHZMU0pfUlY1dnVTMXVmTF9kcWN6OG5tZ20zeW95SkJ0OFM3T2FNSW9qc194aF8tX21n0gGrAUFVX3lxTFBWNDh5Z2dsTGV5U3l2SGU2ekZXZDFSaWNFc3dkZFN1UmZnQTJvV1JyajZiYjR0QjVwZmVjOHZsdk11Y3ZFNzZEMHVCVjlaX2NXVmdnNDZOMGxfOGxtNVRqUVVYVGJiMDRqenp0VGo0aXNZc3d4WW45bTViOGpPS1Z5MEFhaTZldDJRLXN5bXAxaGQyLV9OWGxXb0NZNjh5YXl0d1ZvQ3FKVUV4OA?oc=5","Al Jazeera","Arab","1781065175000"
"Israeli media - Amid the Round of Attacks Between the US and Iran: Trump Spoke with Netanyahu","https://news.google.com/rss/articles/CBMibkFVX3lxTE1USjRKbnZyWmM2dWU2d3lJRGV1TFRfMFlXT2VvLXdBTWVIbmJqcW5Vd3dMbUxCMVV3R20xYTJNbTVmLWJsRDJiRXo0TnlkbnVJcHQ2RlZBR09CUU5xWVpGWUtJVkVBUUlMVHl6RkF3?oc=5","CGTN","China","1781062504000"
"Trump invokes ‘The West Wing’ in apparent justification of latest Iran strikes","https://news.google.com/rss/articles/CBMitgFBVV95cUxONHpDS3VsU2Q4WXpyNkdCLTJ6R0k1S0JndG1wMWVTcEpiZTgxa2FCTDhLclBDSUdVY05xc2xiazNYNXJBMDVUcHdidWd0UktGWDdrNGMxQV9qZy1ldkxaT3JHbUx4WXAtWG9hMl9mMHdvZzQzYnJKZzNqam8zZTVuUUIzcHNMQUVXMnQyN3V5ZmhUdS1qbTFGbEtQWGVaY1FjM0ZqRDk0cmtkV3ROcG1OQXdXcVdqdw?oc=5","The Washington Post","US","1781065335000"
"Inflation likely reached 3-year high last month as Iran war spikes gas prices","https://news.google.com/rss/articles/CBMiowFBVV95cUxQUkZhTUdvRTdDMjRGNG1jZExwT1BnRUl0cGVTRnZXZHE0X2FCdUxYWEV2d09saC01azNoT21yd3QxV2w4My1jZjVzbTExOUZhenNqQzloT0hJTUI2Mm5UbnBQSjVZZlhjWmR4bjlUajBVcWwzTHA4WG5IcjFqRFFlVFEwUWFabFpNOWdia0Z2U1JNTlViZkFrMFVSWldzVWNsZVFV?oc=5","The Independent","UK","1781064000000"
"Albanian PM says Iran cyber op amplifying protests against Kushner-linked development plan","https://news.google.com/rss/articles/CBMivgFBVV95cUxPOVo3cU81Z19oTDkzU1hSNklMOVNZVnBIVWhtdjVsMnlqbmxJa1hxb2tKTmR5N0padF85cDBCSjdKb1hiSVZsNHhxVGJidUxsTWJoR2NjZjNFLXQ3bm5FR3ZtemN0MnhFV0ZTenNEVGhERF92ZHNBblRxR1gxdnN2NnNqamNtTFEybmwxVU1EYnI1UEsxbFlYZFU4bjAySndnSVFKcFpsTHZLWk5ERlFnM1pDZ0lTdnFkZHE2UFhn0gHDAUFVX3lxTE8tM0Zvb1dhZ1pLcjhtX0hlYU4wZ0gxZ3k5SjZ6OXY4bFI3UjJMX01WYnVPYWY5aUtpU0hOODdFVnQ3NW40V0JPZEMxdjFrdkZsMFJ3dTJBU3EtY0NBYmdPclpsSTZYQVJHdGNhSjdycG1UWGM5VElPbk5Va292Uk1pYWdxUjlSMnhrakhMYnFzUmthc1FWTlYyeUQzSmRfekl1ZVdnRmhPTG1YMFR2MHV2dVhMc1NHakpSdkNuMGptdTVYdw?oc=5","The Times of Israel","Israel","1781067106000"
"Jordan Military Says Shot Down 5 Missiles from Iran","https://news.google.com/rss/articles/CBMilwFBVV95cUxQTUNSNXp6US1yVkJJakZ4SFhjRGozRVdOSXVhNzZTaUc0cUxmUEdXZUhGSzVURW5FOTd3ZGtxdFd2VzFyc24tZXhBNnRwaWVzdlM5ei1rUmxtQWMwMUxETXg1LTRkb3dldmZNdzI3RGtIbTFabl9ZWk9fNDAxeFhUalM0NFI2NVp2Z0Q4VlYxOHd3RmFQQjVZ?oc=5","Asharq Al-Awsat","Arab","1781066362000"
"Vance: Iran deal could be next week, or months from now","https://news.google.com/rss/articles/CBMioAFBVV95cUxQU1I3TGlRVDZJTzU3SGhwWUVkcXMyb3FGSDVUcWM4N19RS2FuUWY0dWV4ZWdkUkJuZG9lOTJqUkRoaGYtMEhUc3REeTVQbGN1QjcxakhDVEtGNU9IcWNUNnJ4RXJnQzBialdnSS1XbjJYWjh4MUpwclBPSjl4X2ZUcnQtRS1fZTg0UUhrTTYtUjNuR3dHNG5GQ3h3T2x2RXB0?oc=5","The Times of Israel","Israel","1781065983000"
"Iran, US Trade Blows as Middle East Peace Deal Draws No Nearer","https://news.google.com/rss/articles/CBMioAFBVV95cUxNM2ZtWWNtNTh2NXBfVURqdFp6MndFUUJFTE5qTENobERtRDlwZklOR212aWhPS2cyNWVXZ0UxbXFLRXFSNFhEbjEzd01NZ0J4dlN0T3ppVjNNZEV5dGU4bkctemJYblNYV0hYQ3NORWx0Zzhib21zZmZqdkgzY1RhY28wWW5sdEItbmVLMGh6UHFNZzMzV0QwMjhJS0xONWhh?oc=5","Asharq Al-Awsat","Arab","1781065802000"
"Playing with fire: How BiBi’s Iran Gambit Finally Burned the White House Bridge","https://news.google.com/rss/articles/CBMirwFBVV95cUxNdGt3RmY5Y2NOV2FfVzNHanNUakRFdVRFbWR5RFV2NTg4MGx1dTZ2WkN4NkFxRF9aRW5TaXBIUEhSSk16T3p1TDhtcVNBMjByT1VkTzdGa0dnWkNDcmg2WUxPS1kyX2RCTU5DMm9TYXFUSDZJS1Q4SElUVjhQU3NhSk5VTU81S0lvVk1QLTgzZWlBbml1Q1I1YWlFT2R1bndjUTRqNGlfckJKRUZzQllr?oc=5","The Times of Israel","Israel","1781065620000"
"Iran Foreign Ministry: While strongly condemning the US crime of military aggression against Iran, once again reminds all countries in the region, especially those located on the southern shores of the Persian Gulf, of their legal and moral responsibility to preve","https://news.google.com/rss/articles/CBMibkFVX3lxTE4wWnhhM2xYRjR6QzZZQ3BOU0gxUWpQbXhONUpOMkQ3QlVtV2pFYTlUTXZ5UVJQMVFFWW1ZQUxmbnpwZjRyQS1sZ3dERjBjb3JDUzcwR2dHSmczbzJGNUFJTWRDMTRvbjA3R09NOW53?oc=5","CGTN","China","1781065586000"
"Maxaan ka ognahay diyaaradda helikobtar ee Mareykanka looga soo riday Marinka Hormuz?","https://news.google.com/rss/articles/CBMiXEFVX3lxTE5Sd0RwNF9FT0M4VDNyVWpEWHBiUkdaclA2ODc5R1pVMkdIWUxlWnVQb05YUTRmMHh3MTVmemRhaU1yM3g3a21ZVW12eWpNS2dyNnNTdDlBc0JNRF9n0gFiQVVfeXFMUGl5R2xkUnBEUmhXcFI2SVRJU3pyRGRxS1VZM01TOVBubGF5WU81TTZ3T2FUSV9SeUJwMVloekZ0WnI0QkdNaENpcGdsMWtHUnhGMlhBZzh4NnRtX3huYTBpSXc?oc=5","BBC","Global","1781067592000"
"US retaliatory strikes against Iran","https://news.google.com/rss/articles/CBMiUEFVX3lxTFBxaDFzNnF1UHVrcEJiRkJ0MHB3bHJzY2ZZdkN5OWxVRlVBS0NyWEtXLUU0TmRXamdPR1YyZlVFYmlTV0loRUthUXE3MTdtS2xj?oc=5","BBC","Global","1781066769000"
"India equity mutual fund inflows slip to one-year low in May amid Iran war jitters, AMFI data","https://news.google.com/rss/articles/CBMiwgFBVV95cUxOMXBLRHRWZXF6ajc5aXo5aEYxaGtKWkw3VWVjd05BNFdiTlNCUnR5NTJmbHhHY0x5QlBDc2VVR2s4OWkwYjZzMjNKTHloeVZXXy10QThsdWZPV2xoampsUENyZUx0QkhuNXBLUU1ZWTRkSGI4MTcyTTgwNEFxZlNTZDRyQlh1c3lKbjZTMjJOekNtMGJPdVZJV2Z2ZWxLWkppV0FsUHhwVGRmN09BelozS2lWOWVoMVp0RkFtQTJhLTM3dw?oc=5","Reuters","Global","1781067840000"
"Iran: Gulf nations have ‘legal and moral responsibility’ to prevent US, Israeli strikes","https://news.google.com/rss/articles/CBMiyAFBVV95cUxOLUJBVjZzVlFUUHJXRzFLUkxEUXNYcWlDM2d3MDIxbUVwSHR1T0hhTGFlQmNMZFBEN1hROS02MWw3R29KWW9jTFR2QVVmZUZzTEJKM0lRdTVqVjFnVDhka1N5RU4tY01zTExGWEZZTFh2bEt0RDQ0ZDV1bW9zb3RwUktZRXBwcTczOERZaV9tclg5SkpDVnJLMmZlQXZYWFpPTHFKUDZPRVZqV3pMellXTTZYeEFjVVRCdy1VQkpCeVZfNDFWVnNBdw?oc=5","The Times of Israel","Israel","1781067668000"
"Why Trump Is Pivoting on Iran","https://news.google.com/rss/articles/CBMib0FVX3lxTE5UYW94cnVQNTI3OVkybGV5Uk1zdG9naUp2cHlGcWk1REVsUHNuc1U4TGhSSXV0dEw1bkw5U294Q3NxNV9TMnRGRFJ0RzhFaWZkSE9rWENYR19yc0hzZlBxTktUTXNjVUhFT1NHVHE1NA?oc=5","The Times of Israel","Israel","1781067540000"
"Albanian PM says Iran cyber op amplifying protests against Kushner-linked development plan","https://news.google.com/rss/articles/CBMivgFBVV95cUxPOVo3cU81Z19oTDkzU1hSNklMOVNZVnBIVWhtdjVsMnlqbmxJa1hxb2tKTmR5N0padF85cDBCSjdKb1hiSVZsNHhxVGJidUxsTWJoR2NjZjNFLXQ3bm5FR3ZtemN0MnhFV0ZTenNEVGhERF92ZHNBblRxR1gxdnN2NnNqamNtTFEybmwxVU1EYnI1UEsxbFlYZFU4bjAySndnSVFKcFpsTHZLWk5ERlFnM1pDZ0lTdnFkZHE2UFhn?oc=5","The Times of Israel","Israel","1781067150000"
"Iran says Gulf nations have 'responsibility' to halt US, Israeli strikes","https://news.google.com/rss/articles/CBMipgFBVV95cUxObmk5NGlxOE1DRkFzYWg2LWZhb2pfdWRjRWdyN3NlcUNnbjRYZnM3UF9TQTFvcFY4NWhWSmJIZDZMWlNhWVVzSjVkTnZNei1yeF9fSmJhZU5HM1RIM1JGMUpsSFB4dW00c0ttbWtjS0hhTDZHSVRRV2NOeDlaOGM4Snd4TWRuel9SZnFyT1QwaDIySElaSFB1cUFhYmdhMGJPYmFyRVl3?oc=5","Dawn","Pakistan","1781067121000"
"Iranian FM holds phone talks with Turkish, Saudi counterparts respectively","https://news.google.com/rss/articles/CBMibkFVX3lxTE94Z1YtRWo5eGhtQ0Fva1ljVl84TWEyZkFSeXotcHU4Y1FIQTZNY29tcjVBYTBjaWlnQVIxUEViWG5kcDJZQjRsNmtfdTY1OXNTT01IMktYWWVOYmFiOV95MjJhQXFFZUZLeGlBRm9B?oc=5","CGTN","China","1781067119000"
"Inflation likely reached 3-year high last month as Iran war spikes gas prices","https://news.google.com/rss/articles/CBMizAFBVV95cUxPTDVuUjBUaEJlVTQ1TlI5bXVqS1JVWjlTOC1rUVpYQ2ctWVdWakp4N3ZhczNuOEdXeGgxU0F2VUNLZW1lcnFGYjJmb1NtZ0FNX3l1VWdYVTZmUXZyU0piaVFGMENxZ1JXU3F2UkpqbmRTTVUzTVVpcHBSZTZRaGZEbmRzVURsMHVhVFB3RUw4R3hiQlFyOC1pWERmald6M0tFekZKanhNTkI5eFNQNkotRURFLTl2N3RIMnEzbUNreHM0THVnMzBobHFZQ3Y?oc=5","The Washington Post","US","1781068397000"
"U.S., Iran exchange fire after Trump accuses Tehran of downing helicopter","https://news.google.com/rss/articles/CBMifEFVX3lxTE5OLW1NWWUwUGI1eHpwdUtBT3JfZnprbFpROFctNUNMRVRKT2luV3RuWEpEYWlmV2M0RlB4T012b3h1WEEzTy1tVFNWVXFTbl91a3FsalBKMTN0VU9sOXFOaGhpcGVrd0dJSnZtYk1WTkpwSE9McFNwYlN1alE?oc=5","Xinhua","China","1781070975000"
"US and Iran exchange strikes after Trump blames Tehran for downing of helicopter","https://news.google.com/rss/articles/CBMizwFBVV95cUxQZ3ZJdm52U05lRHgwMW5kazFxWEkzYWJDRVlMQ1A5YjR4SG96MDBtbjdwMzJSc0wwc2Qxa3I5ejFXOHAtVG1nZ3VDQVg0dkdKV2Ixd1VpWXJZamFWMFNIRjFUT3RETURDZTB5RHNldDFEaklIOEJKSUNtZDlwZGRhMmVJY0lJMUFWSDRsV2tDdWh3VXZOWUhuOXZDWDJzOG1ObHZJaExxNXVzSGx5NENEZ2REbzdsbGs1SkdpZzdIUGhLU09RUi1jVUlFRHpvaTg?oc=5","The National","Arab","1781070704000"
"Iran and US exchange strikes, Israel orders residents to leave Tyre, and new rules for Dubai visa","https://news.google.com/rss/articles/CBMi_gFBVV95cUxNM1hBcFFldzNOYm03TWdoWW92QWh0cWNWbkY1eklVanRVLVhCUy1VejFyMmQwVjloVkdHMlVnTUN6Z0ZwRWxHYjltcjlQSjJXTG1FN1VQR2YxSnd2dnJKZU9jUnVtYmN1UTYtc2lKdjNpd1RHT0NDTnJUX3JEaFBndHl5cWpNbTFCUV8zaENTYV9vdE16cjI4MktfRkdKb09aZUlNUnVZZ2dqTUVTYmVwRWdwdHhqY2VvdVlKZ0dLc2tWR3ZOU1E4YklwYlpFbnp4MjllVTJzSE1BbHlwckxHTzJMX0g2NURScTV6Ty04aWc5VlBtLU5RY0ViSVQ1QQ?oc=5","The National","Arab","1781070525000"
"Iran’s Revolutionary Guard says 21 US military targets hit across region","https://news.google.com/rss/articles/CBMirAFBVV95cUxNU091cnBQVWwtLWxMZmw4d3JYVTd6OEZBbFI2LVI5WGh3ckFKZ1VZSDhaZlZfWVBjMlZlcHJpOThmSFh2a0FUaVFaNnJYWHZUWlF2alJkZEc0OFBENHY0TmI5TzVfVHNrVHBrUHBaSHlSRnJLSXNhaXN0Zmh1T3hHNjc3c1ZWZS1VQVJkTjdEYTBZOWdJNnZneERRbklOYXVzZ3VGdlJLYl96T1BP?oc=5","The Express Tribune","Pakistan","1781070147000"
"Iran is acting like Israel on October 8': Expert warns why Tehran is taking bigger risks","https://news.google.com/rss/articles/CBMiakFVX3lxTE1fSlpTQkdkS3UyOXVobDByRmdZRlpLVFc5TGhsMFh1OWVBX0VmQnp2RnFqdnJTUXpWc19BNFBqWVJGeDBMQUtpQVFQYzlEeXpaUW9oRGZCeEpTRWFNWURCdTBxLUFOX2NZa1E?oc=5","The Jerusalem Post","Israel","1781070064000"
"Trita Parsi: Iran is pursuing a doctrine of swift retaliation","https://news.google.com/rss/articles/CBMitgFBVV95cUxOOHRvLTJjMjJPbm4wLVpnd2pVWjJ6cUE4YWNUU0NneVBLTFh0VGZEY3lEN1Zsb1k2QlBiYU1ObzJVaHE4UHZzTGlRVk42VTViZ0JkaGNIMVJUMzRJYzJKX2xLV2JPdzJtZTVVZVo5TDFTMkprQ1VJazljTWdBYW9PRHUxZlFjRkFobFprWWtmZ3VVWHpLVG44MktwdzRYSHctcDlkNXVjOUlTSmxqXzhrSEhXczZTZ9IBuwFBVV95cUxQbGlzajZDUXZ3SE9xNEFkNjJ3QWY3NGlNSnBGcWRGMUNvQzQ0WTRlaGdubEphbWJSYlRNZzYxUlZXN0F1VWJITmRLTnNzeGNwWVdpLU5hT2IycUtPZHRxcERyVXJkUHlBVFEyaDFSSkRMRjFjT3JiMTJrYmN3bVg3SVMxbldtRWpHOHNEakdzNWN6TXJiOGYtTFZkMFhyUnhONzVLUENqV0pHdXViM1VIQ21KMEZxRlpwMlNR?oc=5","Al Jazeera","Arab","1781070047000"
"Iran targets American bases in Jordan and the Gulf after fresh US strikes near Hormuz","https://news.google.com/rss/articles/CBMiuwFBVV95cUxNZTRsQlpjTmJidm1DMjdHbjFIelBCdXk0a2d5YjdNaWk0eVpWbGZwRGdNdXg3UHh2bXZ2WkxpYUtfWjVsRjlZeDMxb2ZsNUtQcGMxNUFFTkFoVzdXR1FBUC05VTVpX0dtbFZDWU1XUUMzeW43S1dzSU5xTWctN3lETGRuRkpJSHJ0SFJKSVJzS1hxbXZGWExaaWE3TlBLbmgxTXFYU3FhWjExa0pPb2s0TXZpNkMtMFFKNWFB0gFOQVVfeXFMT0tRVVItQ0NtMkJmdjdFSy0ycHYtUDA0SVEtbVdUcERmZ2xUWnEyem90X0RwNTAxanNuOGFJQTZXR0tseVRxQVZoVE9rTHJB?oc=5","Dawn","Pakistan","1781070008000"
"US military says ‘completed’ strikes against Iran","https://news.google.com/rss/articles/CBMiqAFBVV95cUxQQmJjcmJiMTJhVU1XbU90czVYNnYyaml4SkR1WkxhR2xpd3hyRHY0MEh3aTA1UTFiaXlCUDlFNEpnamd1Y0U5RjB2R3ZSZzlzWjItbkF0SkttY0c4eUp4NEN3UVd3VE41VHFxZTlXbU5ucllWR2xhelp5S1lUNUdnMXJvV2xhVnlfYWowOXNWbGExcGF2OE9XSHpELWZQMmxZMm9YdHFUSTA?oc=5","Al Arabiya","Arab","1781069700000"
"The impact of Trump’s Iran war on US politics and economy","https://news.google.com/rss/articles/CBMitAFBVV95cUxONUJwbFpJc3l3bnN4Tl9SOWdDRGt6NHFwLWxCLVVDWlpSZ2FSMzlBU1d3SDNqckRqS3NwUHJTWE93eDcyTkVfb1FuS0twcm9WX1hFbjNQY3hCYTd4blBmZFRPeDlJTHVIbFFjY2RZRUxCR2VITXZucWhQRWpSNEJQSWV2OUkwS3JHdXFnNmtOUDY0bWVGbjdDeGRsUU9Rd1VWclhUZUFSUFdwa3pNcGhTS1plQ2o?oc=5","Press TV","Iran","1781069460000"
"What Remains of Tehran's Empire?","https://news.google.com/rss/articles/CBMiekFVX3lxTFBfLXhNbmpfb0lvZE9VemRWMUtnbUlHbi1aNXYxN2RJcGpOUmlsRno0aTE3Y05sUS1yQl9GQW94LW1YU2t6Z25UblJBN2JhNXpkdHJodmJjRFY1NjFYZl9oTDRrOHJveGlmQkJjWlg2RkJCc2oxUnpTNlNR?oc=5","Asharq Al-Awsat","Arab","1781069343000"
"Pakistan urges restraint as latest US-Iran tensions threaten diplomatic progress","https://news.google.com/rss/articles/CBMiWkFVX3lxTE05UVFDaEMxTER3dW1Ta3NINGRERzg0czUtcTJJbFFkbGtSYkZSd2drY3hnendNRm9yM28tVFNkN25TLUZ1LVREcHEydnZOeENYeXFYcl9iZVdvZw?oc=5","Arab News","Arab","1781068718000"
"Live. Europe Today: US and Iran exchange fresh attacks as EU unveils new Russia sanctions","https://news.google.com/rss/articles/CBMixwFBVV95cUxNNVZfNmFYbTVpQldJMER5eWZCR0ZwVEVCX25nNlRGYXEzbHFTTG9XaERYOEZ2VzYtT2V3emxfSTFzNV9DcEhxenMwdGZFeWhEWlFkek16R2Y3N0xOcThtU3gxOGdQaVRnbGNTbE9Zd0FrdjJvODdENXlNYjcwM09zcDdDeHFKajlpTVVyRExEaGp5N3U1U3piUFJyNElVUnVqdjlqb1NiYUt2RFdXRGdDZnRXcUV6QWlEajlQQmJWQ2g4N2ZXRmpN?oc=5","Euronews","Europe","1781071044000"
"Tech sell-off deepens as oil prices rise on renewed Iran tensions","https://news.google.com/rss/articles/CBMirwFBVV95cUxOR3JRMVhFeEx1TnlVTFhTdkpzQS1YR2w2ZG9JTFBUQW1kRTMwVkpaWGMxSlEtVVhnSDdXbTNjaEdRX2owV0lhdHhYLVotVzhsTGZuWU9vZ1g3cWFHVVhxYXM3VUFoMzZ1ZUIyOGNwdWluejg0SUNsWkg4RnZ6MG5KWkotUTJyeVhzYWhUci1Iemh6UGxBS2RuakxKWWlDc1dmaTlZSEFzV1NmZHJIRFln?oc=5","Euronews","Europe","1781070508000"
"Stolen Revolution by Bozorgmehr Sharafedin and Yeganeh Torbati review – Iran’s recent history explained","https://news.google.com/rss/articles/CBMi3wFBVV95cUxPc0U0c2cyZVhsNlFGcm5tb0F4UF9sR3gxb1JTb3g3UXdSZlgtdkxZS3dOdTVwUlAyS3NKbmYzQnJsTnVld2N0cjJEZEZoYm9zWXVOcmhFWnA0MnQyTVJQSDk5RzFmazd3Rkd5Z0gwZUZtQjZMeEFxTWtJbk1iaElBbXFhY0tGR1Q0RHNsQU9EMmE5Sl9yWGgwLU9ERE5xMEFMQVMySWs2WVpHWDlfS3JFX1M5NnZtcFZ3cGtXUHFzQVlzRmo0RmZoLVZ1NVZfWEl3MkV1S0dRYU1RZk9ZSU9n?oc=5","The Guardian","UK","1781071200000"
"Egypt Inflation Slows a Second Month Despite Iran War Pressures","https://news.google.com/rss/articles/CBMizwFBVV95cUxQNC1DU21DbC1jZXg2OWpPZWtERDk4LUFZUTdGREhYOXpDWGVSRlJqM1lhbnc3WEg2UjJxRjQ2a1ZFZmpiNG1GMFRSWmI3VDNiM3hGYWFYWnBvWjRsS1NHQWMyVU5fM19GSjR4bEdOSVhLc21UMEluYUZUbFk0N3ZTRTk5N0tucmNSVjU1dklwSjQxaXZSdy0tR2FIazFjNkVSbTc4eExZY2ZYNEs0M2FySjcyUEVvQVFtQjdsamZqS0ZyY2pCN1c3d2tVaXlFZUk?oc=5","Bloomberg","Global","1781071740000"
"US Launches Strikes Against Iran After Helicopter Shot Down","https://news.google.com/rss/articles/CBMiswFBVV95cUxOazJGeEZ4WmFROXpZUS1melAtS3ZHNWptdTZycGlTeDRKaXZBZ2pCZUJFLURfSTJVbzlmeTdWNndMOUJkbWFSdjlxTWdkRHcxMzlJU2NGcTBsU1ZHa1A3a1FyXzZ2aUdISVhkUkxvQV80ZmNPYmRMbGhYTWZSQ1g2WFZpVTBOM19Hd2M4TXRIcGRhT3BTQkhIRm9oTmQxc2pYNVNJMnZJazI0ellEY0RCNWwzWQ?oc=5","Bloomberg","Global","1781070840000"
"Asian stocks slide, oil rises as Iran and US launch strikes","https://news.google.com/rss/articles/CBMigwFBVV95cUxQMzdFYTBQUjA3YzBlRWNHdUp6OXBpbVlabUYwVWJXYzlJa0pHWTVuZ2M4YXlSeEtXZHJDMUotQUdUaXotdklnOXM5R0VEX3QwWVAybFdMSE1hQktPcU9Lc1czUjR0dlRwY1pvZFZDTndsUWRHWHhWOVhiVWs4SFdsVHdUcw?oc=5","Reuters","Global","1781069817000"
"Roundup: U.S., Iran exchange fire after Trump accuses Tehran of downing helicopter","https://news.google.com/rss/articles/CBMifEFVX3lxTE1jTWxMbWk5Z1JKQlA3TVFMSEZLS2JCeEVQUkFRZEo2bV9CTWI0bDZQVkhjRmlTVWJHbVE2WV93MmR0Vld1UEFIYXNIbjhsa0wwWTJlanh1dFppU3FNdzI1Mjk1VFg2T1JIRnptUm5yWkdLSjg3dTljeE1Mdjg?oc=5","Xinhua","China","1781072865000"
"Why Iran Risked an Attack on Israel","https://news.google.com/rss/articles/CBMifkFVX3lxTE5DTlVTbTlCdjRTdy1tSVJ1MDJkeEtoMW41NXJCRUFvb1FBSUtzMHgyMkFaeHVLcy1aR1hzcnZ1RWFQS1VxUXFWZXpNeG8yZkIwZFdWOU8wTW5DNmZoZjhQSEVRLWNoQk1iSmRJa3ZOdGgyT2tYWHk3WlFMM2czdw?oc=5","Asharq Al-Awsat","Arab","1781072563000"
"IRGC downs MQ-9 near Strait of Hormuz as Iran responds to US aggression","https://news.google.com/rss/articles/CBMizgFBVV95cUxPc2tfMjktQWIzVDBTT3ExOEFHdVVaNkhkbUhsVXF3U2Mwbk4ySUEyOHpRMDlNTWZzYXhtQUhOUkFDMUJFUk4wNGZYWkVuelAzTVNTdTFQeDVzRGgzNWplWklXanRWRkxobnhReWZ4cmNvQy1FWENzNzE0WWpxMng4S0Vydk5hZk54cFBHVVY3Z1JFNUV6bXhzR3JPNDlvQ25VYzNkamhRWXpGLXN5VEplNzBPMlBKY3IxbENBQzUyYmNyNkpuRURMYUo5SGFYZw?oc=5","Press TV","Iran","1781072340000"
"US-Iran nuclear talks saw progress on key issues before recent strikes - report","https://news.google.com/rss/articles/CBMiakFVX3lxTE10Y0lSXzBoVDhLZnNBR0dqTmdVR3pIU2hpaUhJM3RRa2NKYURRenRzWk9rS2NYTFN3QW40RGRMQXdvNUwtSmNhaE9FTXNhcEZ4ejhxV1JEdmowSWtFN2d6Y2Q4bW5BWDhoclE?oc=5","The Jerusalem Post","Israel","1781071987000"
"What we know: 24 hours of US-Iran strikes and counterstrikes","https://news.google.com/rss/articles/CBMiswFBVV95cUxPb1ItLWxLdjNULUV1ODZiRkRSTWRqNlk4VWZrUk5uZzltWGNzSjZvbzhuOVRsbXBMZHh0QnJwcEduN1M3MVdJd2dOMmczS1k4WDdlN0ZpdVE5TDlSNzlfWkx6R1JEYVNDNmozem5KMTJTc3RYbWdFSTM2RUJCQmRsYmxrakN6S2Q5dE5FUWwtdnQzOWt6SUo1OVFzaGJEckF1SW44bk1qaUZsWF8zNHBhV2VTUQ?oc=5","The National","Arab","1781071875000"
"Unmasking US-Israeli terrorist bombing of Iran's drug factories","https://news.google.com/rss/articles/CBMisAFBVV95cUxOMzYyWkNDd3VaRmUxaTdJbGdXeUhzbEJ4S0ZlVm5kN1lUaG5LTlpPN25MSjJlMm1mdy1kT1VudXJIRzBxNkVtbnVmczJ4Rkk2eGUwOFRKOUowZHZSanFVZkdvQVN0dndESjBiM1Z0dGduR2FuYzhxcmE0OXlFZFBGXzh1NnZkMDZwd3p1bkFVSmphcDdtLVBTUjI4MW5najJ2dVhRWVAzVkhhendLb2NuVw?oc=5","Press TV","Iran","1781071020000"
"Iran slams another 'hypocrisy show' at UN as US sanctions charade collapses","https://news.google.com/rss/articles/CBMixwFBVV95cUxQSm9FNEw0YjhDQkpHNmhTSTZRNHN3T3l5UkhKUVF3cUdsSHhXVkMyb3NHZ0ZwYWZmMTVtZjhfbEFvODJyeDVZMkE3eTRKejFwazFRT0F4am5haFRMRHBVdkgxYkRCaGpKblRlcndfM3VOcXJzem1HTkhXbTlpaVZUTUdETURSMTlITk1OQ3lwV0FjenAydmJVTmRPcFpLZG42QnA3N0ktR3NST3NENHljU2pVVm9TM2hwb2FwN3ZOZDcyc25WWTIw?oc=5","Press TV","Iran","1781073600000"
"U.S. Launches Strikes on Iran After Helicopter Shot Down, Prompting Retaliation","https://news.google.com/rss/articles/CBMijwJBVV95cUxNZVl1Y20xMlJaY3VrVlZxZVlMYy00WnBHTkJVQmNReFZaM09DY3JEeDRCZVFTZkhLaW5jc0tGeUY1QzB0Um1xZFNDNkhWTGNEV2l3bmdYaDhieHF2bFZhbEdYalFEVDRnYmpzdmVrekIxdXJMWDZIUkZDSHZEeEQ1MGZZYzU4Q0gxOGZJRmlSWEJhRDRKal9XVXFlNUhCSzR2am1GdnVNSHJNSi04WFVPekczMTRZWDk3VTdSOEJHcnJTaDVucVlNVnFNa2g1ek5IaGlJRm1nSjFEeGdTX3A4Q3ItdjdtMl9zYmJZYVlKMDRad3NZY3VUWlN5clcwZXJ2SWdva2pKU0FyRnRsMThB?oc=5","Haaretz","Israel","1781073120000"
"U.S., Iran exchange fire after Trump accuses Tehran of downing helicopter","https://news.google.com/rss/articles/CBMijgFBVV95cUxNTnQ3ZUZQa2xibllRMTl6S2VZZTFiVzRvMjlmQ0s2eFNjTGg0R1Y2YzVpRUViQzdPSXJwSURrRTBIRWhtYlU0NVNzQS13YVExU3ZaMHcwT29iY18ta2ZMWmhpVWZ2a1NpZlBqMURDTkkwQ3pNWkwtUU51MHBkemJJWDNRaXlCNTIwajgycVFn?oc=5","Xinhua","China","1781072865000"
"Iranian FM Araghchi discusses US strikes with Saudi, Turkish counterparts","https://news.google.com/rss/articles/CBMiqgFBVV95cUxPZ0diRzBWTjk2Z1IzR3ZFYzhsX2JaLWRCZ2w4SFVWMVFYVWhwdEpKb2pVVXZlZC02WFl6VlN6aXlFWldWNFRWUjZ3aE01TVBWaUc0YTZ2c2hFYVdUY01yLVFKMXVwYXJhdG8zcjVhMllPQVRPbXlUb2VIbkF3dmdzN1ZCUy1TWEdwU0JpU29fUXRlLU1WNTlQRGp1R092RmJlODdBS0JncUozdw?oc=5","Dawn","Pakistan","1781071785000"
"Gulf states, Jordan intercept Iranian attacks after Trump orders strikes near Hormuz","https://news.google.com/rss/articles/CBMixAFBVV95cUxNeWVLQ3RyRkh2NF81WnBwU05oSkE1TnRjSnhVeTZIZUZLTnU2X3dKbE5VMjlzdENMNEJWTVFhYWdMU21hcUtwYUh0ckNKTTVzY2hSVXB6YVhEQ0JHM0xCQXFUUUNuNUs2Sno0bnZnOVhjcVRjYmNXN2U1LVo5UGppdHVkUDVvQTZHc21RZ1dIaUlsd1ZTUUJFb2daTzd1YTVOc19waFM1cmxXWGl0UnZIX0NXREVPM09JdUQwM3l0ZnR0N1hD0gHKAUFVX3lxTE5UaW9KZEJ3ckN3OWNCcVdzTW9CZmU4OHpuTWNVQUVFMWZJYzBzc2xQdmlZdWlYSGtYM2pDV0NsOUUtUnkxOGtIeXdTS3V0ZlItVnZlZkhoQ1AxMmx4Ry13Tjk1NlVqbVQ3S2dMM0RFdFlNNXJUUWFoTFRFODBsRHZ5V3ZPOXAtR2FVb3Y0S253cDFWNThFZGdJQUIzb0xWaEQ3OVNzcDZ3VU1kR2pBdmc0ZmRxYUpoQnhzZVhXc1FkUlNwc25OOFA2TUE?oc=5","Al Arabiya","Arab","1781071380000"
"WHSmith announces capital raise while warning of Iran war impact on profits","https://news.google.com/rss/articles/CBMicEFVX3lxTE5sR194TDNuNC1lUGtUVU9uSlY3a3hOR3RQUkVPQ2dvY0Y1eGhpVGVkMVkycTJaNGlyMkh4Z2lTUnhuODBFbzJybkJDSm5aWHFMaDZORlI3VE5OcmZPSVZ2LThEelBqbFZuaEVmVFZpeGk?oc=5","Financial Times","Global","1781074197000"
"US Attacks Iran In Retaliation, El Niño Emerges, More","https://news.google.com/rss/articles/CBMioAFBVV95cUxQYXlwbmFvY1pFbHlDb0VzWUdKcWwzM0o1ZU0wbmtNMC1HMHBtQWotcTFHQ3lPOFZkQk5xdWVvWGhSR1pDZW9MZnBJOWI5VXJzNWlNM1lCOXFCdWcxVTNhNWd1V2xKMmtQVEppYnZNU0dRbjNraDZqUUFXemhRc2Z1cXZKX0RBZGJjOWdDVkJNVDJ1czBqUUZkV3FFLVlYYV9V?oc=5","Bloomberg","Global","1781073419000"
"Middle East: Iran targets US bases in retaliatory strikes","https://news.google.com/rss/articles/CBMilwFBVV95cUxQNnZhMXdTOHRxcnJ4YTB6MExzS05hdUxGTlBKTndCcGNueTFkRzlpR3ZrYmpMeVlDanltenJsVWZBbXhGY3hKbFBlSzl1a1JiUi1JcmNKNFFsTUlYQS1jT0p5NmRrNHlMVUp1Rm9wM2R1Z0luQTBwdTJ3S3lIRHViMnFtSG0zWVFBbDJTTHphWWxkcTZEakZJ?oc=5","DW","Europe","1781072593000"
"U.S. Launches Strikes on Iran; Tehran Claims Attacks on U.S. Fleet","https://news.google.com/rss/articles/CBMigAFBVV95cUxNSmVTQlBBU2hybzN1RVMzZUZuU19hbTYtRm5GdW9kUU9Kd19KOThfbUE2aHRyNFU3NnZSS2RjREJUbW14NTZXMEVxNDJNdnlLd1I0SXh4U1JmTlVQRU9GNEhlUkRxRWc4Sm14LUdkWm0yU3dYaU8taVVGYkV0TEFGZw?oc=5","The New York Times","US","1781073360000"
"US, Iran Attack Each Other Over Apache Downed Near Hormuz Strait","https://news.google.com/rss/articles/CBMitAFBVV95cUxNWWdfSFN6eFFZR3JqVzVPc0RsTndGUFVKVXZxTC1YQk1ZZlFXZk5TUzE3STRlX1VTZGExeEJPUVBSMFNXZzdfWmV3NjM2ZlNHc3cxWTdRdS1QdVRlNVVlOFNYeHVFb0QxcVdpaTM4Q2Y4cGRRbHN5ODVWZWhyMEVZazF2Q0cxUTFkQUlKNXFuUWNMS0toS093YnFJVTd1M3BuOVpQbmpES1lZZFFVYXRnUklrYmI?oc=5","Bloomberg","Global","1781076130000"
"WH Smith Cuts Outlook, Seeks Capital as Iran War Weighs on Sales","https://news.google.com/rss/articles/CBMitAFBVV95cUxNUUwyZG1vVVFhc3RId1EzSDdYcW54WWhMQkQxQTRHZ2wxZkRPVDNfRFlrelc0alZHQzF1OEl1QS1Vb2lHMjNPX3ZZSnZubTVjUllNamxfMXNwWTFkdzB5QWMzbUQ0dHhsMk9qcjNoSnkzYnZyRWJHSS1BNzNQYnh3ckZzZEhSX2laM2t1djdORDRHdEJUVENtbVI1Yl9FQms1NVFnbHJ3TzhCS3ZtTnM5SEdYR2M?oc=5","Bloomberg","Global","1781075434000"
"South African rand steady with Iran war, US inflation data in focus","https://news.google.com/rss/articles/CBMisgFBVV95cUxPMDZPQTYyNkVvWVVhX0c3eTQxLXZIX2IwU2VkQ045Y2YzdzZnV2FEMlJUY2pfVzNKVkhyUGt1b3ljcjVIakRZcXlZaVg0SF9yc3BteWwtOFBXZjFSSVVnQ1B1dUlrOWNIZVNaeDB2VXpEeTNqZGVjUEVTNXZ0ajN6ZW9OVDNJaE1icEl0U0owVkxUR2p2ZHNMYzN3TWdORjlqazJSZEVxVE1ZZjFWXzFwVU5B?oc=5","Reuters","Global","1781074440000"
"Iran's World Cup ticket allocation removed days before tournament","https://news.google.com/rss/articles/CBMiXEFVX3lxTE5hb2xxMzVwNHBmMmI0bmM5Vm5JSVVBSUJ6aEVwQVlycnRoZVRaMjMtNkNpNUJUbURqMktiWGZ4enlpbmdXaEd5M0V5amtjQWJ5LVU0OXNwOUwwdFo4?oc=5","Reuters","Global","1781073136000"
"Iran war day 103: US strikes after helicopter shot down, Tehran hits back","https://news.google.com/rss/articles/CBMisgFBVV95cUxPWlNqcS1jN1BSQUZGQmdiU2lveE5LcUFIa3FtekRmTXY5MlZjQnR2Z3B3bldieGlpTUFfa09kQnBMdk5XZ0Z6V3dXRjJyWjlVYmpZSXByQlRqZGNQd2gtNHZMblF3UWk5VGUxZnY5Y1FUb2ZpcmdQT1N2eU5mbndmVE1YSjdGUUl6bnItbUR3NDdULTlyMWQ3OVk3amViS0NYLURidXlGc0dUdXhZb3N4c1Rn0gG3AUFVX3lxTE1qaTZKd3l1VG5rVV80blg4WHF5cjZNbUp0S3F4cDFJS05CcmxRRTRVdXN4WUV1SFhwWkZZVG1PdjVTbWJMT3hjVm1IV3h0QXhOSXlfLVNYNTZsU1pKV01RSmxuaTA3ZnhDdTdjRHVVY3g2MlZmWjZPTnQ2WkJrS2NZQ1ZxcWpCWlZ3T1pBM3V4SWtVYjVwME1ubUVLRHFaUElKOVVpU2NoTVpRSm5XMlhsWU43YTB1OA?oc=5","Al Jazeera","Arab","1781075925000"
"Manus on Markets: Gulf tensions surge after Iran and US exchange fire","https://news.google.com/rss/articles/CBMiyAFBVV95cUxNejVMNnhORktSZ1J6U2I0UjNlelpJcXFxT081ZS10UGlSMmhMa2FqVFp0allvX2EzRDdkQkctUmxNYTN6dDVTNXNxeW05RXJzZDNkSlZWTk05MlNnZlZ4MUN5Rk9UdGNWcnZkZ0E3YWZvbzR2ZVZyWWVOVUN4VUp3LXM5QV9ndlRLU08xbG54aXA0XzRoZmlkbkZzdGJFNndaZUNkVEx1VGphajFTTHh6VWFOVG1jbUM5eUxnc2JaR0xLRG1ES0RiWg?oc=5","The National","Arab","1781075836000"
"Oil climbs as US-Iran tensions flare again while stockpiles tighten","https://news.google.com/rss/articles/CBMipwFBVV95cUxNVU12azdlY0Z3YVJvYW81c2NFOVZqcHM2dnY4M2UtcDJDV3ViM1RDTmQ0Q2VYRWI1TFJ4dzBmTjR5Mjl5OTZmMGJmVWN4WFpPNm1nS25pbVJBMGpjeHM3aVpHWGVPeHZFWjNsYm9uNFVGYWJUcnBrbnZoOW02YV95eXprSGJ0SkNfRGtWQzJCNjZRYUZ3YXRCTU9neGx1SXBBYUF6TUJhc9IBrwFBVV95cUxNSWstcGdiWDF2MVQtQzJ0NW42ZXVxRDRvdEV6QndrbURDUzBwcUh5ODd0cm1lT2dpSmo1NEUycDdER0gwOUR5UUZKQ1NRaXI0UW1idkRZc2tnN19Zb3RRYVdIRUZXbUpXNkJRWDhSUmNVVVpkUG1ScTh3NU1nNHJ6UXJLNzEyUlZDSWJKM1RaTWNXUEZLVGpISmdLZk9NVnM2T1FmRFF0Z3JWb0gtZXJV?oc=5","The Express Tribune","Pakistan","1781075250000"
"WATCH: Iran launches missiles toward US bases in Bahrain","https://news.google.com/rss/articles/CBMikwFBVV95cUxQQUVMMWMtaVR5SXZ5RWJTS3NQVHBSNHNrWmRtWjFraUpaaVFGaHlPMVZaSkgxWjdKQkd4RGd2MTk2SDM5bUpXUG11bXNsTmRXRFZtUURLNXplMkYwcy1jUjRjR1o1SWZDek9XcS1HUmRoQXVmRkM1MHFGek9fYW9tbzVvbmV6dWZKUFV3dllYN2FBVzA?oc=5","Dawn","Pakistan","1781074710000"
"Gulf tensions surge after Iran and US exchange fire","https://news.google.com/rss/articles/CBMioAFBVV95cUxQR0ZERHZkaG11ekFSN2FuY2JDaWpQVVRBWE1PSHd2RUJBUWFlZWI0a2lsWE5wLVR1bHlrbUFZLVExWXBZT19WVno5VDhPNnhaMmNRdGhiN2pCOGxTNWZ5bUw3eC1FUElTS2VNbWRIdVFyX3JEb3hwSEp2NnJHMVNINlc2NF92TlVNc1RObXJ1aXlkX1dMeG80MGExV0pUb1hh?oc=5","The National","Arab","1781074362000"
"WH Smith to raise £100m as it warns on profits due to Iran war","https://news.google.com/rss/articles/CBMitAFBVV95cUxQZVFqNkVNV0lyenJrQmNMdFMyX2pVZVlBRERsanpNcVM4UUlwMXlZWlJ1WERRTk5LNldIU0MwcDZ2RmdCNFp3U0hMdTdVQzcyenBMM2R0TVM3OElXc1R4c0dUTXJHQ0NRSVZSSk9jQkFqaEpYUGRqd1RadHQyTTdhek5FQmV0MVdXdkRzOW0wY3BIbl8xcWwyRk1jSlJqSEJmUEdsbnMwZE9nY1VxVnBKU1NDLTk?oc=5","The Guardian","UK","1781075340000"
"Flash: Explosion heard near Iran's Qeshm Island -- media","https://news.google.com/rss/articles/CBMifEFVX3lxTFAzS3BybHZoQjdJUTdJdmJpMkwtWXZXdVdiNjlpcFZueE04V2t2NG1nTHhZMWtxUHl0aTRnSERfVGpDU0NoSE50bmJEZzVjSlJ0VGhoSTZCcEkyTHI1cXB5ai1HNWNBdzF3QkxMWnZWUy1CdHFqbzVieHdiQ0M?oc=5","Xinhua","China","1781078130000"
"US pressure limits Israel as Iran defends weakened Hezbollah","https://news.google.com/rss/articles/CBMiXEFVX3lxTE1OWklub1BoN254RDBObUtBdUpITWtLUEx4WlQ3bmd5b0Z6ckNUYWRKQWh2dTk3c0M3ellzLTFxdUdGUDRtQUpodVhocklzaXF4bFVOSEdnM3ZGdWlT?oc=5","The Jerusalem Post","Israel","1781077945000"
"Yoav Gallant claims Israel, US should have conducted operation to take Iran's uranium","https://news.google.com/rss/articles/CBMiakFVX3lxTE1UWDNEVERiVEx6QnM2ZVhpcDdydGE2X2FGc1FEWHJMUjFidllGMlBxdEkwQmZUeXNBVVJWVU83T3d6R3JRcmplUTVWZ2JFOWN0SkxxVkFteVQ0MHotZjNRYnEzVkFPb0xPM2c?oc=5","The Jerusalem Post","Israel","1781077359000"
"Explosion in Bahrain as Iran attacks US bases","https://news.google.com/rss/articles/CBMinAFBVV95cUxOc1BPaG93WTFqOGdieUxVd3JGWjF3QTJwYjdqZmpSUjgwSUNRdzZja1hHMkVjclRhckY5NWtNRTJYckQyMFlGa2xFUHBZSE9GVkFjRE1EQmRfc09CZHpPOU93bDdRUEVLampsMTlPMG9ES01mSHhuWUo1clZpUDlJX2pzU2VKbDUzMGpac193ZEhBRnpkejJmcWg0dWjSAaIBQVVfeXFMUGlURTdFeEVwVmRvTWJudWdaZ1hlZjBuWXZpM19TMHhhMS1qS0RtQmtPUXQ1d2hzckU4YUxYaDFYbHVZbU1yTVBWd2tna1JYWlZ2bmJEbHVNWVFpbFFIVXVIcllITEs2VU9IQy1URkZicW5PeGxCVTFpM1o4UUZLakZSd3hGOEVnLVpDcnFZa2NOYXBISXRYWEpHWGNfUXRHdlNn?oc=5","Al Jazeera","Arab","1781077266000"
"Iran strongly condemns renewed U.S. military aggression","https://news.google.com/rss/articles/CBMifEFVX3lxTE8xSElISU95WXV1TE1neXlGNkZTcTU0ZGE4aEMtNXVaSFRhd1RabVJVdnlfTlVkV3FKR0VsYmZIYnlaQXBxejRPN0N5ZEN1N2pMUkFoc0NZQTAwZ2lEUzRGc2YteTNiQlJWS2FyN3B4dF93c04yci1mVTRGRFA?oc=5","Xinhua","China","1781076690000"
"Old video misrepresented as attack on Iranian capital in June 2026","https://news.google.com/rss/articles/CBMiWEFVX3lxTFBUZVFpbDE1LXU1bks4OHdSNURPRGlGMjlDUlRIMzJhMFhpSk8tZkdNcDZ6akp2VXNZcEFZUjRlZURhbFBDTVRUQXdTSmY5ZUdULV9KdGhqdjI?oc=5","AFP","Global","1781078424000"
"Trump strikes Iran to maintain credibility","https://news.google.com/rss/articles/CBMitwFBVV95cUxPQzVDWTNzc2JFQU5QZC1RaWVaNS1uSDhjRWNVQ0QyOThrNzZUWndON0w2RVlXbjlRNFNvVGpZRUtzRVJfRVEtMm5reG5ocVc1ZkZxZXpCcWlHd3I0dDV5UHBka2VvSm53QlR2ZjE2cl9LNzh2NUotcWJZNHoteHp5Slgtcjd3UmVYSS1JNkV6aUpCeEZzYjRYbEdueHR6VGFSTXpZTE9xNGlScXVlRDhNTk9faDBZNzQ?oc=5","Le Monde","Europe","1781078134000"
"US, Iran Attack Each Other, Anthropic Model Release, More","https://news.google.com/rss/articles/CBMipAFBVV95cUxPdVU2TVcwOUdudzJZdEdKN3lfTUZvb2dBUmNmRXVyVkFscndaSlpKaURTY3JtNHEwRXZRTHVvT0xjYXdUc3dIUjhTX1dUck4zbUpBU1Zic0NLbHF3NjJoSk5vV3JKWXhwaXg4ZFMwb2VrUzJLNE9weFhnY1FnNVFGTjVmVklKSHpRVGZaQlhnOFAtMVlTc1BMaFAwU2QwakRXT3A4Uw?oc=5","Bloomberg","Global","1781077689000"
"US and Iran launch strikes after Trump blames Tehran for helicopter crash","https://news.google.com/rss/articles/CBMiywFBVV95cUxNbzRod3Y4Z09KcFpaNnVKS05MZU9lLUlHa1ZmMEVZSVF0Z0s1cURaVmYycmREdTc1T3p0OUZoZFkyLU9FZ3VycC11ME9xeUxhLUU0T2JSclM4WUFKZFBZZ2VOelVTMG43aHdlNGxXd3ltaFRZTi1jaEV0a0N5VTA1c2o5YmR1Sk5QLU9uNTBncEdXaWNNZXBMemtBSkZWVHZ3Q0xzV2pHNmtLVlByeTYyd2RPX01ndERTcnNRaHhRdG9XaU5Ld2w3Y1Izdw?oc=5","Associated Press","Global","1781077620000"
"Iran attacks US bases in Jordan and Bahrain","https://news.google.com/rss/articles/CBMilAFBVV95cUxPNjlJbnoyNmNfakFuZFRQWm1vRGo1UTgtUG4yOFM4Z1VMbmJGci1ER2lRUUdSQm84SzRNZWRWRDUtdlFxLWU5clpjQnIydGVUZ2NfVXdTRTJzdUhYUFJqR1o4YW5JeVFqTGstMldEWjlGNHBiT2FqTGQwVEFfMzM1aDd2WnowNVNKaDFqeTNsdnFSS0hf?oc=5","France 24","Europe","1781077391000"
"Watchdog demands new powers to tackle Iran-linked charities","https://news.google.com/rss/articles/CBMicEFVX3lxTE9lWmhHSEwwcEQ3LTB5VTU3ajVnenRBRjlhS0RyZmJDbWF2ZkREQklLUGc4SlJTV3dSSW11SXVpYzR1Vk5kUEFZWEpfSXZvTHpzajZQbFBrYWowVWVSLVJKQ1FacUFGX3BBNVR2NzBLa0I?oc=5","Financial Times","Global","1781076603000"
"WH Smith scrambles to raise £120m as Iran war hammers airport sales","https://news.google.com/rss/articles/CBMirAFBVV95cUxPYWo2aWhmLVlES1llRDlVX0Q0b3R3aFdMeGV4c011X3lrV3d2ZVA0WXMxdGxYX3phb1U1OTN2dzIyb3EzRjBtZTkyQU5jdEYwYWVLN2QtSjdXTEhFWXV2aUtMSE93eXh2NGJvZlA4U0JfLWhINnRzZ1k0Rk02aGlDeVZEUGthcTdmU0dja0N0YkVrRjBlWTduYWVpZVJGdzA3SFV1blRUSUNZbmlx?oc=5","The Telegraph","UK","1781078340000"
"Iran threatens ‘widespread’ attacks after tit-for-tat strikes following downing of US Apache helicopter","https://news.google.com/rss/articles/CBMimAFBVV95cUxOWmJzckVYbkVSX1U1eFM0VVdQM2pTekkzZUdJQkZSZVZHOHozMzgtbUZETm1mWHlacjZwdG05aFBGNEFQTVVJR0F5bUpSSzhNdm9mQkZRTWI2dG9YUU1OUFdQckZqTGtfTVRtbnNkUWI0QU94dkJQMTZBeEc4VFJsNDJxWUN5alBqQUN1bEg3WExXbU1CVjlWVA?oc=5","The Independent","UK","1781077560000"
"Major Gulf markets slip on fresh US-Iran hostilities","https://news.google.com/rss/articles/CBMipgFBVV95cUxNWmt3YlJQNlVaN3NFclBuT3g4TXpiOTBnZ1RrM1hlUXpkQ252bFMtaGFJOU1vUngwUzhobXd4Rm1zcmZIRk5LY0JhOUxfbWpMa2I3TVRBN0h2eXQ2R21FX0FlVnRLVUI5MUM5T2hicl9aVGQ2WE90d3ZyejN0dWNIVm5aZFNCZ2l4OFU5UXFuRjNtT0FKdXZVRlNYVjdlNjNRTnNxN1B3?oc=5","Reuters","Global","1781078364000"
"China urges against Middle East escalation after Iran, US trade fire","https://news.google.com/rss/articles/CBMiswFBVV95cUxPUmppLUV5dGhZbGpUa2ZTS1c5b3llRy1UWVhhY09oeXEzNVE2Z1p6SlVieHhQei1pczQyRnVWaXh5ZkFrbmdNQ0xyTmsxN3NsZy1JLUFnWHBmaUJmb0s4ZWpJZmpzdloweUlrdnRBTmNxakxsVldSRER6WXF3a0o4QlJYSG5saEt1S0M2S3NmYU1oaUVUUGRRTC00cGJzRE1SSnB5SWV5czd6NjNLRFJOUjF3WQ?oc=5","The Times of Israel","Israel","1781079783000"
"JD Vance: US-Iran deal settling nuclear program 'for the long term' very close","https://news.google.com/rss/articles/CBMiakFVX3lxTFBNclFKa2ZqWm1GQ2E5T0E5b3AwTEltSEJQSHU1ZnB0TVFFa1kxRjRJVmhFSkx3ZldkUWx2VWZuc1RIeHNBbEl2SDlFV3JRcU5MVEp4N2FYR1J2djNHUnRneVRkSkc2WUZtQVE?oc=5","The Jerusalem Post","Israel","1781079778000"
"Tehran cites UN self-defence clause for retaliatory strikes on US","https://news.google.com/rss/articles/CBMioAFBVV95cUxQcm5UejZsZDc2UHVFTkhSMW9nUTZLVkhEVWJPTHFIOVJheFdqX0xiTW5nRVJaX19JcTJEY29IVGxZR051cU01SG5PREtLczJKVDdhUTZPWEdsSzNSQVhVS09PUkRBNWZNeTNoaTRRQWJHbDV3M2Y1ekpTVTA2a1Z5R2hnMTJockRYSlZIUEloZ2J6Z0RDTnlCUFBsY3lzSktX?oc=5","Dawn","Pakistan","1781079201000"
"Gold Falls to 11-week Low as Oil Rises on Fresh US-Iran Hostilities","https://news.google.com/rss/articles/CBMipAFBVV95cUxNcUo3a3V4a3dWR3I5YUluWFg1QlpmdFZVYUVQNmpFQW9lZHVScEFwUllYS1dTaEgyQXlpOFZhZmlkNW1uNVlaQTVLS2xfTms5cU9sZ2JtSDNxc0lsWFBzYnVLR0Jnc21MNmNraFRneUhUNlNSMU1raEFxc25JS3NIUDk1R2FBdTE3a1hOSm5xSmFZVzJteU5mSk83ZkZZeS1vUnVrMw?oc=5","Asharq Al-Awsat","Arab","1781079106000"
"Report: Explosion heard near Qeshm Island in Strait of Hormuz; cause unclear","https://news.google.com/rss/articles/CBMivAFBVV95cUxOckd5XzEwYThtNjZHbWVQbGFTb3FhOElJV1V4Z2FPbEJiSFpmTXd4aGdYYVQxTklETTh0NlBkUDZtS2JYM3FiVWJaUW5JaWZTY3dUclhuUUNlWFRVRHVkY1FzUzJrUGFmZ1RFWHB5TmdXRmU4eGpZbDRibWE1SXhxN0UwZ3dIN0RmeUE1bnQzNWJya3MzdEVLQVFUNVEtZk52YVlLX1VTczNub1FMMWVWZm93aUtjVUs3d3VCVQ?oc=5","The Times of Israel","Israel","1781078883000"
"Russia calls for 'restraint' in Iran war after new strikes","https://news.google.com/rss/articles/CBMibkFVX3lxTE1fR19rYUc1Uk93S0FaTFExMlJFenVlY0tZZk43a0pUSmw3T0lmRWM5UU9LYTJkTmdPcUw5aThnZ2owc053eTJHOVJxWEtIQjR2Y2JCSVpGTzFqYUVKZVNhelVqUm9RRlFzdXhYMklB?oc=5","CGTN","China","1781078547000"
"Iranian ballistic missiles light up sky over Amman as massive salvo targets US bases","https://news.google.com/rss/articles/CBMiwAFBVV95cUxPVWgxWTBSb0R6QXlIbnkzWEUydmNONHo5dTVOMHNrUmZZNzlHTXdTdzNnSXVyZEp6ZVBIWWhKOXVrYlNwbmtMaGR5TGFkUy1ieUtuNl9Tb1o1dnNQSG9XQ0cycWFGQjJyQXRKS0hoRzlVMmptdmI2cE5DTjVwX3JjNjZwNlFnV3o3aWZ1bDg1cVNOWUJpN3UwZHB2YnVjU0hNek9LREVwVUZOWUYwZXQ3STZHODdzX1JNb3kxMmZ6U0E?oc=5","CGTN","China","1781078541000"
"Explosion in Bahrain as Iran attacks US bases","https://news.google.com/rss/articles/CBMinAFBVV95cUxOc1BPaG93WTFqOGdieUxVd3JGWjF3QTJwYjdqZmpSUjgwSUNRdzZja1hHMkVjclRhckY5NWtNRTJYckQyMFlGa2xFUHBZSE9GVkFjRE1EQmRfc09CZHpPOU93bDdRUEVLampsMTlPMG9ES01mSHhuWUo1clZpUDlJX2pzU2VKbDUzMGpac193ZEhBRnpkejJmcWg0dWg?oc=5","Al Jazeera","Arab","1781077632000"
"Iran Says US Strikes Damage Diplomatic Efforts","https://news.google.com/rss/articles/CBMikAFBVV95cUxNVnNwWW9RdktRbUp3X25jcHd0b2p0VldKSlEzOGNROHpwUUYybVczelgwZlBsTDhQZk55c1VheW1fWWEzclRiLUh1ODJsdkEzYi15bTl4VFZURWZnODYza014QUdfQzJXeDE4c2tXV3VDR2hBNXJrNVlzaElGNDR0QUxfT05CR3RrMkNIU1c0cjI?oc=5","Asharq Al-Awsat","Arab","1781081845000"
"China calls for calmness, restraint over Iran situation: spokesperson","https://news.google.com/rss/articles/CBMifEFVX3lxTE1wWXdTdjkzbUlSTnYxbEdkWXhwazhGOFVVcWNfdl9ubWI0bVNPYk5QTDN5QUFRbDFNMDdOV0VHaFp0UXNsb2pSNEtPaUVQM193M1k1V3Y3aDR2S0dMVnozWGpGUlAwWWZsT18wa3laYk42WmsxSEh1VThzSS0?oc=5","Xinhua","China","1781081775000"
"Iran targets Ali Karimi with new asset seizures, cites alleged Israel links","https://news.google.com/rss/articles/CBMiakFVX3lxTFBQOGY2Y2I4UnB0UndqMFBUbzFXY2Y4ZGpueHBlb29JUG5OdGI3WmtxMktqeVFsZEVObndDc3lPNzdQSExvSHNHaXNnV2JmdXM5SDhVMXZWOVR3dVRTLVZKWE1KR0ZIdUlFNkE?oc=5","The Jerusalem Post","Israel","1781081077000"
"Russia calls for ‘restraint’ in Iran war after new strikes","https://news.google.com/rss/articles/CBMitAFBVV95cUxQQk5wRkNudUwwY1dzQ2t3ZlJUbm9oRjU3NGZ6aHFOb2hlRVRxRzdraDFHWTFBNXdIWVdsTk1OTmtQTnlCOWFQWG5ZSXR1RVg4VERjbkhLVHRrMld0UGpmaGJKQ3pvaHBJWVBSUHlya2xvTkxnc2RJcXVKM3hieVlzSVZkQ0I0V0FfaHR3LTlkSUItRDRkMkhleFY4d3VGOVNaSE9CWmRPeXRLVjJFOEJlbXNSeDbSAboBQVVfeXFMTVlZQ1VlXzhzQThKaThxU3lOWXhiV3EtUnBXR25LdFpNRlVIZGZiV19XUklHVXVKeWZoaVNTZ3pFTjliNVBlT1F5b1FLY3NUdjZ5enhYakdkN3VuMklwcU1tVWQ3OTRvaVRRNDlqeDlBZWJJczlCLVVadGNyTVBmQ18yWjgyVVBVckR4bkZ6aUlnTFpZMDJQbGNKc1FmcGV4YVAxUDFhUnR1OUV6anNuVURBekE5SmNWdlBR?oc=5","Al Arabiya","Arab","1781079840000"
"Egypt condemns Iranian attacks on Jordan, Bahrain and Kuwait","https://news.google.com/rss/articles/CBMiXkFVX3lxTFBudnJIMDdXSEViSGUxV3l5UEVGQ1B5d0hhakF6bzFQaUYwbE91OGFNUDJaNkRZcUJJZV9zb2R5ZFo3SVpzZWpoTTRia3RlT1M5aTRyRkllSDVleGVvLUE?oc=5","Arab News","Arab","1781078704000"
"Israel-Iran conflict","https://news.google.com/rss/articles/CBMiW0FVX3lxTE1XQ2twQ1p2UkVRcmU0d3BWa2FMSnhPdlpfYURQelJRTGE1T2RWWTRVUkRSZnRDSWFZMFpXQlJHR0lxeWdTMVlJS1k0VVlIOXpBX1E3U21MU1k0NW8?oc=5","Le Monde","Europe","1781081181000"
"Overnight US-Iran Strikes, Controversial Democrat Wins Primary, More","https://news.google.com/rss/articles/CBMirgFBVV95cUxOcVNyOENfYWhkNmtRXy10bmRUS1R2Nlo5UUJkeW5aN1FhN2pacXZ3Skp4RHBVUDI5MHo0STVSVVJwYVFzcHV5aGpkOGoxZ1RTTEFHRUp2bS1sdGJ2Mi1VQnloZS1pTXhPNS1RU1podDhxb1Zpd3FEVk5tWThyQTRVYlR3QW5Lanl1ancyTGwwbkVPRVQzRi1kV3ZJX0M2bmtsbm5pTmliTDY1NkxqZVE?oc=5","Bloomberg","Global","1781080784000"
"Germany risks recession as Iran energy shock hits growth, DIW economists say","https://news.google.com/rss/articles/CBMivgFBVV95cUxPNUs3QnhvNjh3Y1k2Q3ZHVzBlcjgwUFpEbWlFdFlseUl2QTlGNG40cTNXUUt0UjhVZlIyOEc0ci1oaTZPa09pcHYyMnBjcnZEMmJSRERWOE03UUpWZUJLVVlPMHY2Und1Z1I0c3ptUG9zT3pIUllTQldGRE1oSkVnQUdKV01VWjh2enE0dzVCSWYtYjJKN3JleUVHUDYzUFUzOUhEN2Jvc2p4RS15SHFzc1pNVVNPUUpKSnlycUZB?oc=5","Reuters","Global","1781080423000"
"Suez Canal Gets Oil-Tanker Boost Amid Hormuz Strait Shutdown","https://news.google.com/rss/articles/CBMisAFBVV95cUxPZDhsbUVmLXQzUlcyRE5kMndDcEZWb3ZQUlBNZlhucENfZjRRYmpNYU9RT1NHbzd4aWJFSGExRjFNVERNWkNQR3JST2prUThSbl9WU2VVZzdzczl4cF9aWVg5amRSMC0xdFF1Mk5mZlVlVjQ0elFjOGxKZlA4aGJ6MDk2N0V5NXJlcnNHQTVWcTRSbHF1ZWR2YTVpQ1JFc1F5TWh4N0prQkNLYVRKTndabw?oc=5","Bloomberg","Global","1781079721000"
"Tehran-set horror play Under the Shadow is moving and merciless – review","https://news.google.com/rss/articles/CBMivgFBVV95cUxOc01XZGhONWVXWFhrWm1lTDJiMmRodHUzYnJfanlYZjVucms4U0s3Y0R2cFp4NGVab1ozV3ZUMUJpOFpFdm8xakdmeVpoSFJBMzE5djdJOUFDTmF4djZKWTNobmFXTjlaSTY3bkZ1RFlsMlR4enBKdUxUckdvNHlzankzZkNXaFc4azZNSDVpTEhYamhsNHAwTXFiRnJfZThyYU5HSlhuZ0s3R285RmFMVFhGWUlaTnZ4SHB4TmlR?oc=5","The Independent","UK","1781082240000"
"The oddly perfect refuge for Iran’s World Cup soccer team: Tijuana","https://news.google.com/rss/articles/CBMiowFBVV95cUxOT0JpejhhVWtPaWZYOEVTSUprX2pIZkNITVRab3NNbFBscEwwakdEbE11M0FfWWRtQmdtU3psbDgxbEFpalpSTVpyX2JZNV9UaTdYZkh6UGVielpjMVlXdWszeDA0Y1EtNGVPNldTWXFFODNTeVlmYVlfSEdSYUxQWVd6aGpoX1plWC1YUEZxeVdaMm5EWlJubDNqNmkzanUzYmRV?oc=5","The Washington Post","US","1781082145000"
"Inflation set to top 4% for first time in three years on Iran war price shock","https://news.google.com/rss/articles/CBMid0FVX3lxTFB6WWFOQ3BWakFBNUhOWVRza0k5cnQ3QUFrREtjNXhORTRKN0h1TG04VlR4WDBHTi1tb21nQllITkJQTnNqSHN2Z2t2aVctQm1kbXN1M2gybmcwWWtoRHpKNGVyWE1nYW9NQTBRWVRZQkdjNndBNHp3?oc=5","CNN","US","1781082008000"
"Iran targets US bases in Jordan and the Gulf after Trump orders strikes near Hormuz","https://news.google.com/rss/articles/CBMiwwFBVV95cUxNNnkxRDRzaDdjTjlmU1k4V0J6QXRHVGlTRmlmOFdsYlVYMk5PeEpXaGVWNkNnaTBOUVNuWTlVTTUzTXF5NXZncTdITHBUVGp5RmV0c0VtVUFHeTZUbUJ1M0hMTnIwNzZyTUZhWE83aU0xWWhVM2UtMmY2akRyaXBucjJXbDFQcTJTc2tnLWZ3bFVDQmVZVkZnODFtTmM3aXV5MHBsMnR6RTZrY2RyUXk4NVVNY25KU2xVanJFa3RWY2xmVDg?oc=5","New York Post","US","1781081940000"
"US Attacks Iran In Retaliation, Platner Wins Maine Primary, More","https://news.google.com/rss/articles/CBMirwFBVV95cUxQUjJGTzROazZXUEJzNDVJNkd3RkxENGJBdlJpVjI5UUgwVUFRSTcwWEh4NHowOFh6NEViS0tkWXdyNG5ldFAzdWdKRldLYi1nYjQwZ3g3UjhfRExVM0JfbWhpZk9Hc21ER1pqQTV2U1JFVmRiSU11QnR3RVVGd2xHOUVFZW9QOVJ2ZElUNG1qTnFJLVRlODZLT1FSZ2VtSEIycVN3MmRvNmExN2NaQTBr?oc=5","Bloomberg","Global","1781083481000"
"Xinjiang Chief Touts Trade, Diplomacy as Hormuz Disruption Bites","https://news.google.com/rss/articles/CBMitAFBVV95cUxOZVZXWXpId3VpX3M2WjFZcmMxR0NXM3FNV3NCdU9vQlBVZWFSTV90cWJXR0owTlRMeVVoQ3J1MldnNF93Y01tXzQtSkNVaFZob2cwWTg0OVpJVVhuUzRIdy1kNGJWSDk4UC0zRUpCbWZla3J4dWVyNmxkdTQxN2NhWFZ0YzNMT1BJUm1KYXozdDdSMldleDVIQ2VBU0p1dEI5UUZCeXRkZjhtVTNZWFBnQWgtV1k?oc=5","Bloomberg","Global","1781082041000"
"Qatar Mega-Fund’s Plans for Bigger Deals Push Dented by Iran War","https://news.google.com/rss/articles/CBMitgFBVV95cUxPaUFzelkxT0tNUTkwYU9odlkxbDlsN1NzT0NIalN3S2Z3UVJzVzZLUzZYaTVtWTNfZzNNS2cwdFl1Q3pyMkhCOVJNLXBIUUdkRlo1WUhhV283VzhSakNlX2twZ25jeHdITlN2NUc0MXpycl8yMWIxRlJhZEhyMFFDT19ZRC0tMVpRM0c2TVlzRVBJVFZ5a0ExUWdNY0g3UjdFZ2hpUzRhSXZ4azBra3UzMGtkV3dQZw?oc=5","Bloomberg","Global","1781080358000"
"Urgent: Iranian official says no explosions took place on Qeshm Island","https://news.google.com/rss/articles/CBMifEFVX3lxTE1GaV9Mckd1TmxoX19lOTdqcy1xTW5OWXE4M3FVNkZZR0pUa1ZxaHRRNV9neFJxamVfcC1nT1FNcmlsMGZyem5aY09ZVkZtV3FsSlBEZi12bTJVMmlTSVE5cTRsY2tEa1M0WXFsNnNOSGZlYzVwRDVSNUVsUEo?oc=5","Xinhua","China","1781082992000"
"Iran says dealt heavy blow to US bases after 'savage attacks'","https://news.google.com/rss/articles/CBMitAFBVV95cUxNVUFxRlM0UVN1Tll4c0RYLTJDRTExRTU4MFlSdG1QeW5tdFRUNkEwWUhxWVJtbFc4Sm5qekhXV0htdkFnaTVVcVpXREJ5NGJkVkkwTGlkUEtHdWwtNndZd1pTa3A3ajFIa3FPVUtzNDFvNXNqcFpoNnhnN01wYzl4M1BRbUx6c0MzUm82blo4TW9WTTZfZlU0TVZfZTRVZGdpa1d1NmcxYmxiTGxSdWd5dWZHak8?oc=5","Press TV","Iran","1781082600000"
"China calls for calmness, restraint over Iran situation: spokesperson","https://news.google.com/rss/articles/CBMifEFVX3lxTE5rOU92bGNScE1IdzVPOHZkOGNEaDhMRjgzNi1GWVp5Y1JrMU1SZTY0Mlg2aVpqNVdxYXo3Mm9FcVdlT2x3Z1FGU1RqMGE0Z0tTb3dMalFpc19vNE9tN2t1S0lDVW9xdUtfQ0tkWVdrR1RmSE0tbm93NVpPWGY?oc=5","Xinhua","China","1781082435000"
"For the first time ever: A drone boat rescues US pilots in Strait of Hormuz","https://news.google.com/rss/articles/CBMiY0FVX3lxTE55ZEkzSTZQUUYzSEJUWlZ5enpsZkVUMnh3bWQ3OXRLMURKNjBrbGNZOUhXSUpZLTdLdUdlSUtVWmg3UFQzUjJXbFdsbjdzUGpUeFVvMDJLejhyZllsRThkcFJDZw?oc=5","The Jerusalem Post","Israel","1781082213000"
"Iran says US and Israel undermining diplomatic process through ceasefire violations","https://news.google.com/rss/articles/CBMiuAFBVV95cUxPWWl0dTVRR3c2eGdmbENObmg0Z1hHNEwxN3BJbmYyZ0dxS1N4OVhfY0NmQU5teTk3Vm9Dd0Vha3NfbXdQcTJYOWdMMWduWVpZeGtPdGtYa3J1dEVYeURUNjcxV2lETnJ4N05ReDRvcmpZRGtYTEVxWDlxdmdhREhlLWhiZlFYRmdZaElKblpUUXNoQWdLbHBxS3I2TGt1WHFXSmJtRno2SVJoUFZuR2NZelMyajkwMU9u?oc=5","Dawn","Pakistan","1781081403000"
"Bahrain’s air defense systems intercept Iranian missiles, drones","https://news.google.com/rss/articles/CBMitAFBVV95cUxOWjhzajhSSnZubURVYVFYeEVaY0tNSGIwTG1kUU8xUEhkZW1paGJBQnpWUVcyRDBsYXhBMndJeUJ3bFNLbjhtX1Y1NmpnSkJicTNWR2tzNWQzbWVYNmtRMW1NNlJwUDhxazZPVXdtV2E3b01kYWxyd09rcUR0SlhIUnlteVJhXzNmZ2NUeWNiS3YyWnUwT1l5MU1oUE11YWRzeXFRbjlwcTFCWW94QUY0ZFgtRU3SAboBQVVfeXFMT1Y1d3BKbGFVVEJvWGdoaEJHOFA3cmZ1V3d4ZW41M3lhOWFzSG9jVTdxWVNrMmlTb1prZ2ljdDRSbWlIUFdvdkhELThINEJheUNZRE9vWVR1YlZpVXZWaFVZN0d3MTBaZXRNai1mQzhaN3o4WGo4NUVsSmJqXzUzZVNmNmxWZmQ3UXJlSmtmc3ZOaFh6Y1AzTWlUOU1Pd2hYUFppR2dfLWVTc2ZlMno2R0JTdlhIQVpoNkZB?oc=5","Al Arabiya","Arab","1781080560000"
"Trump's approach to Iran talks is naive, former Mossad counterterror head says","https://news.google.com/rss/articles/CBMiXEFVX3lxTE9DUmFhbnE4cXR3bUtnTVhLQ3lxdF9zZ0cyYU9MaEI3enVIdWR3MzRYeGJzZ1ltVXlUeTItbnJVd0tOaXNNVFpzMnJlUnVUcGk0Zm5qc09qU1JvLXlt?oc=5","The Jerusalem Post","Israel","1781085147000"
"‘Stronger than before’: Inside Tehran’s bombed Laser and Plasma Institute that resumed work in days","https://news.google.com/rss/articles/CBMiyAFBVV95cUxQYm92b0lpc3pSc3Fnai05UUpKWlRhMDE5Ri13RVljM0VXeGpldThNYl9SMXFhX0ttalFfUXd6Tk5KS1Izb0tKNkFvWHFTaFpsV0xXYXJEaFZhM3YxSzRRLTNrWkIxS3N0NzhSR2ZjTHFxTG9veWdENjAzSEg2Z3FOMzBnUmdjWEdhYThRWXVPMmM0RkxpTUl2MzA4T2dfNVBBWkdaNVVsQUk4ckJ6QjVzelJKWHVZMEFrZENTOXJpUS1nSWQ1MW4waQ?oc=5","Press TV","Iran","1781085060000"
"Iran fires missiles at US bases carrying images of killed commanders","https://news.google.com/rss/articles/CBMiuwFBVV95cUxNcEJaeklxUjIxUkczbTB6VWpTSGdvcXlqSEtIRUxuczdFVi1kRjFWOWx2SEhUQ0U5Zm1wckRqc20tdnV1QUNWYTE1dHo5Ni1nMlRKSDR5QVB3UkhnR1VFSF9qODhKa0g5TEZXXzZWYmJtVTRVMkh3Q3MzdE9yZUU3X3J5TE9hbHdubnNZd29Oa0t2akV1T2N1U0k3bTZCTVhFRko4MGl0VEFqUGRsc3ZYZERVcTY2M2ttN0NF0gHAAUFVX3lxTFBQOHdlVjdfOV9NQk1tT1BPMHlwQ3dSdmxzbS1HX0NTcXdxUExNdUNxNlZ2WmUxTnZDcThmYkNPYndLTWFMY1FvRGJHY0xHMHlGa0FCdkRsT3lOU0lWb2QtanZXRTJSZHJNcndBdkJpbjQ5akZHSEpkSnhfODhsa0RkaHZmQUhYdGJmV1FycE5GeWhrSlI2ZDk2TFk2dFJlSGluS0lxQWdlYXNJUWFpZzYyWG4xZTNDYmo5b2VyYW1jOQ?oc=5","Al Jazeera","Arab","1781084785000"
"Gold prices drop over Rs12,000 locally after fresh US–Iran strikes","https://news.google.com/rss/articles/CBMiowFBVV95cUxNWlBjLWFjak00QWF4em5IMm16blhwejQwa2RMb1gtWnhXTE9MdV94YklLUlBqYllud2dMdW4xXy0tM0dxY080NklrcnplNnlOQUo1Sm5pR1dHOENVSTNZOUpUN3ZKa3ZTNENDSHB6NGtnUjJyT1ZNdVlHN0xBVW1vdXpPbE5iRG9xV2lXanRub3FNR24zaUN0MFhGSEhhZ2g5QjdN0gGrAUFVX3lxTFB6WFR6YjlkLUtRSmo1cWFTOE9jbnF4a3M0aHFfZkU5ck1uU0YxZkNHcGZ5NEYzd3pFQnFhUUtuOW5oLUdWTFhQUk1wQzNKVWo2dGd6VXp0aGpoaTFIMmtIVFlvQVlrSnd5T1F5WXpIeW52bnpSdkNzUnVseGRWbjYzTVQ1Z3J1cndnbjRNV3hLVTM1eDJNeTBFSTBtbG9kMlpzZTRiTEs5aElydw?oc=5","The Express Tribune","Pakistan","1781084706000"
"Israeli Defense Officials Warn of Attempt to Link Iran, Lebanon Fronts","https://news.google.com/rss/articles/CBMimgJBVV95cUxPbFVGZ0o4ekJ4OWpmMVdaeXlKWGhMYXUzb2pzb2YwaVhoc200VE9lLXd1eVJyM0o3eHdiajZza3REY19hVGxXMzlzaC1vT2xrNlRpNjR0dzRYQVhRWGh5cElOOXBxTnVpR2VDUUFCeVhQa1lrWU5aTVE2NEliYWktYWo1WE5GdVRtdUhDTFozYTRoRzB5ajdMWkFNUVVRbHJWV205dUVSeW9IdXFLbGlIdzM3UDhvaUtqNWRCZnVjdjdtYWVDX1hqNndMR3Z0RGg1enp5U1JfRmEtOGJ5dTZIUkE3aXlMUUw0amo5VVJucHFiMGprSDI5UDVrcl9ZczVtLXVPTE9MOVNfTDBiLUdid0RCQ1huMjREQkE?oc=5","Haaretz","Israel","1781084700000"
"Tehran says US and Israel undermining diplomatic process","https://news.google.com/rss/articles/CBMipAFBVV95cUxNMkE1RER5cHNLVVZqd3hVMmJjdUFMX1phb1k1TXcxT1E4b21jcjBEZTlZZzRnNklWVk1heUwwNlROWDN0MF9VY2M2YjBIc04xZHJqNElTWU54a2pndU9ZM1kycktNa1poTHhjU2ZSRmJ5VGpRSWkwYnRfY3EyM3ZkM3dmbjdBcE1BM24tUG40OThGbVV6ZVlmSjNsUk9mdlJ4bTBWbg?oc=5","The Times of Israel","Israel","1781084267000"
"Delegation to Israel arrives amid the Iran conflict and regional tensions","https://news.google.com/rss/articles/CBMiZ0FVX3lxTE1nQlhoWmE1aUlaOWxUQ1ZTOU1qcnlyejBZSEFmdVpwRm1mNm84cUQwRk1oUkRyR3BKdnFsb1B5YnFSRXI2dURvMUZ4MHppTTY3SFAxQVVpbkttVERuNFExd3R0dGFILVE?oc=5","The Jerusalem Post","Israel","1781082596000"
"Bloomberg Daybreak: US-Iran Exchange Strikes","https://news.google.com/rss/articles/CBMioAFBVV95cUxQMjlYSGF4MFV5QUNNWHVRb3dYa2d2R2VSYzZkSmtma0xWV1VoSGFiVTloZ3UwZVpoRjJiV0F6N2xLNWVQeWF5YmllS3VIak9JRlpGX2tERHJTRUZ1bmNCdllxTklMcGhDSDZ1ZE5jc1lxZk9PaG1ucENFQjJLX2U0bzNacW9ia0RSRGhBc2VRYW5FV0c4dTVqN0dVdVUxMnl2?oc=5","Bloomberg","Global","1781085521000"
"Spain's Volotea scraps Iran war fuel surcharge as regulators question policy","https://news.google.com/rss/articles/CBMiwgFBVV95cUxPYzNka09xaWY1LUlUVVpCSUcyZkYxVE1QQ0V6c2ttNjlpbDNhczltR3VCZko0bmc1Z3lUOU5hQnFJZVFTSGFaOGRWZHVncFJXeS1EazRheVNicDhpbE9SRUtpb1BYaDM1dGpTeUwySDFCZmg0S08zNEI2alYtM1pTZk9DVXd6OTRtTW9fUjQyeEFLTmFaeG5wcHJyR0tsZm9zNGR4TkZpbERFSVgyM1d1U3RuVFI2akV5YktUV09keTRnUQ?oc=5","Reuters","Global","1781084263000"
"Iran targets US bases in Jordan and the Gulf after Trump orders strikes near Hormuz","https://news.google.com/rss/articles/CBMixAFBVV95cUxNQkg5VEZNaGxfVDlJWkpkbXBZZ1UxOGJPeWl2VlVOTXZxTXhPdmktYS1rVV9vRG1oUzZqQVl3NjlPcm1jdWVlUGFFMzNZcmZzQWVWUUdHakhZTXJwemZpbDdoZlk4amJHXzE1STNsanRUY1lZM1BfSkszd3c0THlvVzRnUEhtWGpwRTZOUDlYSVlQOHFwZEdYMksxSHV1Z0lHNFFMR1htQ2V6VEZxMEtaVWlmZWQwV0RaOXNybHdxUHg3SUhO?oc=5","France 24","Europe","1781082370000"
"Iran claims to have attacked US military bases in the Middle East","https://news.google.com/rss/articles/CBMiqgFBVV95cUxNYm1LOVpDT2s2WVFHc0VoZXJIcTh5VHBnWlF3ZWJUVGVGSnlfdzV6WjVuM1JseDZnSVUzVGJQclAzd2lnM3BBUktUWlNOenNzRlVqOE1lN0VOVzhhT2Z4bkZqRDlPeGJIYjdWR2lvOGFsN3U1NVFjUUxlY1VKNERuN3NBMm41dUNDc0c5U0ZjVjNPTTZ2Qmx0Z1ZiTmhBYUlIRE9ITzFkZ3pLUQ?oc=5","CNN","US","1781085660000"
"The Iran War’s Devastating Butterfly Effect","https://news.google.com/rss/articles/CBMikwFBVV95cUxQam55WkgzZWRzZVdRazlWcE5Dc2k4ckRfN08wVVllZnJzeUdIVDdQRVZJYmdlYlpJR3lXMTd5bUsta0pKMjNFYmxvMkhLc0JrSWJwS2U1X05GbVRsQ0lvUmlDNFBscHpvQ0Z0NU01ZzNrbTJicUh4NEQ4eFlZV2gwWUx4Mkwxc0JyZkRjdmYtR3pzSFE?oc=5","The New York Times","US","1781085609000"
"Kuwait's KPC offers first spot fuel cargoes since Iran war, sources say","https://news.google.com/rss/articles/CBMivgFBVV95cUxPa2VIYUgxbktxSVdSeTVJYmwzOWdVcl9QcHZZcUxCSmlYdlJFamZEekczYWNaeDVMekRPa1RfZUxKTHM5Z3Zac3hycGVES3JjU0N3czFfQnBWOVd6SUFiRFlMR3U0amlZdHR3VHQ4bnFoNmF3YlRYazZ1WWlUdVhlMFVDaWRDX1RlOFZfbXcyQmtSRy1OelRRQ1VXeUFlTEJQM2NuZzdmcTlTdjJDdTdNdVliOFN4b2NQaldfSHhB?oc=5","Reuters","Global","1781086121000"
"US-Iran strikes, World Cup tickets, Musk’s Starbase, and sterile screwworm","https://news.google.com/rss/articles/CBMisAFBVV95cUxOZTVfMkZFTG1SdFJ6bG1tdWVIU1daLXo4ZEZDTGYzX2d6eFFJN1M3TDRGWUFhYWNTWGo4dk9DaFk3LWdxUlJMR1dqcFY4aXRTVWRpNlkzN2lQQWFnRFphYW83bGJtakZ5ZHFjM3ZLNEZSb01CZVpieXhMa3RBY2k4OEY5MzQydzhOdjJEck1IMmxpQzdUSmlpTTZQTVJSb1NocmFBbGxIdUV2UTRIYzdzbw?oc=5","Reuters","Global","1781085791000"
"Iran strikes US bases in Gulf after Trump orders attacks near Hormuz","https://news.google.com/rss/articles/CBMiqAFBVV95cUxNbXllR2RUbF8zbk56MDZsLXdVdFZsdy1iLS1EX3VFY2NfMVE5ZWlWeFp2ZEZhNFprOGtHcTVMNHluZTBTZUF0TUhWMGl4Z2VZVWQ0bGdvcjN5aGlhcUE0QmdvMU9VWTBWX2Y2U0M0aFMwY1dqTUx3bVkyUEZmSS1YRFp0ZzU2MWFJWnBiQVI4SWxaZHZoUzRTeElpcG1hQ0Z4SWc2WlFmcEfSAbABQVVfeXFMTTI0SVJjeklrVGIzbFFRUkk4ckUyT19oa0ZGY1lYRnpmbW53bHRBMGpLeWIzamppOW91b3NyWklRWUdsQTd5U1BfT3ZiMHJBMHppb3VVSC1tZzN0R1dUbGtaWWdkbjFsWk0waGg2cmFXeGNSZHZ5eW9LNzkzZWdjZUx1d2tHQ25Kd3BIR1NOcjducWs5YUZGWUpGTHlLZmZROG5YZVlNdktJdDdnVEdwZnk?oc=5","The Express Tribune","Pakistan","1781085978000"
"Iran intercepts US drone attack on Hormozgan","https://news.google.com/rss/articles/CBMihAFBVV95cUxNQkpnbmI0czZTd1NXTFVUTE43YXpQdUl0VmpkRzcwMWYxMFk2UHRyaC1TQ3ViWjgzaFRlWlJrRzhRSVd1cmN0WDdKZ3RPRjhHeUhURy14bE5oZmV6cXFDdTF1Q19leGlFdE5CMW5YT19hXzdXZW9PbmdXZ0l3dUgycmFzSXI?oc=5","Dawn","Pakistan","1781084178000"
"Oil Prices Set to Keep Rising Even After Iran Conflict Ends, Shell Boss Says","https://news.google.com/rss/articles/CBMiwgFBVV95cUxNMTV5TjhxeU9wSU00c1Nrd0h2SW5RQVJ3Z256dThqdzk3dllZNWppR3hETm1ObzRMMnpvN21aamJNTGY0UGZhS0szRnNkcUZndFZ4VlpkdFVCRUdUazBic0RlMnNCOE95czBmT2c4MlFCU24zRHBreU9yMlZCcTJVSXB3OHIxQzJiVjM2X2VUS0xIaW9XakFGaU41VkptblFvV3pnWnU1eEpFbUVQajZlY3RUSzN6VnV0eUwyeThRclNxQQ?oc=5","The Wall Street Journal","US","1781086020000"
"China reiterates call on US, Iran to stop escalating tensions amid fresh air strikes","https://news.google.com/rss/articles/CBMivAFBVV95cUxQT19SSTEwdjV0Z1BpUlFPRGFnRE5sUFBvY3FoQnZMLWwyZFBXc0dUcl9lQzZOa1piNVpReTZnaXlWWjhQNGZxLWhVRTRLcXBqRWdKY2FhcTYxMXd5Wk9oZngtSmNlX0ZzenBXbmdTZlpqRnR1RXhxeXh2aGZCNnBjYkJGQ3d6RGpHcjRTUWlFRVlGTE1Cd2dZaTMxYXNpTnVvMHNMNExJX0tmSEdndEhYMkFhb2NSR2RjQm1iQdIBxAFBVV95cUxPMTJubktHVi1ZZ29fTkVRSG1FR21qMkFNZGxJSExaV0dzTzM0ZVljZUdndUQ2Vll4bm53U2hPQXBscVc1c3FmTE9rS3lkZDk1X1YxUTdWc1BKd3J1MmlZMWF2TTNNUExZMHJUb1pBYlB3c0NQNnhFNjQ2UlNYbkZLd0F3R0k2eHd2MG5NWHAwcnhPOXhob2dQWEs3WlFZYWlDT3BoYmtTU0UyWElWN0RXUThVck5BZ0FjdnUwZ2xxM0F6VFFn?oc=5","The Express Tribune","Pakistan","1781088979000"
"US strikes cut drinking water to 20,000 in Iran's Hormozgan province","https://news.google.com/rss/articles/CBMi0AFBVV95cUxOU1FVZVlfODNUNlNFWjRqZVVCTXJLSUZWaU1XZDZseXlwNjlkV2Njalp2c1p5aTJjcGZVdTltanhDbVNicGRWdXM4OF9Va25HaFJfdUtmdm56VGxCSi0zMWVONXJzNmx0SzFCMXMtMnhuVTRUVXZMMFFIT241dU9zRnRBVVAxSHRWd2d5Rm5mYU1mUUVkNDBQbXZlQ2FROTlwTFlrOEtaaGxnSVRCUE1MWEgzUW5LNS11c3gxOHV2b2E3WHRHR2JuNHlDVmpkTmRT?oc=5","Press TV","Iran","1781088840000"
"Iran tops Islamic world in microelectronics science, ranks among top 16 globally","https://news.google.com/rss/articles/CBMixgFBVV95cUxPWDRVd2RTcjA4Q0UxZExjOFVfN2puTS1wUkZsMDMwcG9kTmFuNWpQWU9VYmw0b083TkdueXVoRkxNRF9xWFVIcXBtU2VyajBNNGtuS0p6TXVWdzlmUF9RX2FlazVvSTJ6V0NsbTZZTEtNZGx2UU5ULWZSLTZpNmdtdjlQdWx5bXJqcUVENjl5OXZvT2Q4ZlUyOW9Vd3k5Z3U1X2tfR19PWHZQb3E3d1JXR0hiTTIzYUI1WFhWbHRZazdMU3ppbWc?oc=5","Press TV","Iran","1781088720000"
"Bahrain says intercepts Iran's missile, drone attacks","https://news.google.com/rss/articles/CBMifEFVX3lxTE5vWUU4Z09vaTVjNm5nb3BaNDZLVnB3d2ZJdkNJV1RQMUdSX3ZLYkRXNEljRzBWVTJqeVM4Ry1XQXQ0ejNFdjZMczQ0b19VMmlOaldNWmtXT19hVlVHQUJMWWFIcVJ2M2ExaWhuV09WeEV1ZmlWTWlCSDB2dVU?oc=5","Xinhua","China","1781088631000"
"Tehran... When Uranium Enriches the Regime","https://news.google.com/rss/articles/CBMihAFBVV95cUxNZVdIV3BtWnFjZmV6Y3lCYWhTM3JrX2VGSktTVGhBVEt4ai13X0lOSGctRVFwazZ5YnhKbUZWTGpqMFl3U3ZodnNLOENwSC0xd2pNWlRfcnowZ3A0NHFvWDl6OHpHTk96NWxnNS1ianQ0Ml82NDEtaFRaZ1JfMDNCR3VtcFA?oc=5","Asharq Al-Awsat","Arab","1781087885000"
"Iran condemns Israel’s ‘irresponsible’ reaction to UN sexual violence blacklist","https://news.google.com/rss/articles/CBMi1wFBVV95cUxNa09jWE0wdkFjVVhURjE0S1VrM2xsdUFmWW1oZUhyU00tblJyemdyVFNkRmE5V3RDWUJNeGNYXzhDblYyaUVTa1l6SUZxWWNyekJRMVFRYXVucUE4Zm9DVmVYYW5OaE83S3F2ZDFyenhsY1o2WHBDd3F4aUI0VG5xVDZNcElZZDhBSkxSYkZwQndmYmtwaU9jNFluVUN4U01wVTRPcTlEM19nazNiejNidkl4ai1odjhIY3V2UHJfWXBtYjA0dU1QN3g2bzZBSjlMcEFvOFZhZw?oc=5","Press TV","Iran","1781087580000"
"Survey finds vast gaps in support for Iran war between Israelis and Palestinians","https://news.google.com/rss/articles/CBMisAFBVV95cUxPNUlILVpXNG9YMTJlRExhNV9BZVA3NUZFdVI0bGJFTjktanppeVNvMEtKdVVrdWdLdTdLQ01YcmgtWl9pTHRKanlybjI5Sk5sUFBpRVluTHYwa1U1bDJweHlPZVR1NnBoNnBSdURYX1dKRlBBaVFBVEV3N1R5VWE5aVlYbXFVTEpVOVl2VDNpN2NpODZCSm9MWVM0Zk1DdmdFaDNWTENyWVF6OVFjcXBhTdIBtgFBVV95cUxOZ0k0WVp1Vi1BQjNmSDhpSEtPekdTS1FJVFh6VkVqZWhmczAxSUR2VE9jUHE3cFFrV1p1WVMwOTEwQ2pmNzd2SHkzUmN4YXZrUFRBRmlMazRUVkV0eWd3QzlXc1FUTE5TNVRidnVoRDl5bFlDbVBpUVRlZnZUUWpsRjhQX2l2OXgyS1J2dEtYR21YcmIxblhZT3huVE8tOUZCX3FBTnRtMWR6WTBaMjJkQ2Vpa2ZUQQ?oc=5","The Times of Israel","Israel","1781086989000"
"Iran says US strikes damage diplomatic efforts","https://news.google.com/rss/articles/CBMipwFBVV95cUxNeFJhOVZ2eEtyd0VueUh0al9LRFd3dVdmdjhrTnI3RGFLbC1QOUM0aFoxU29pUWl3TUNaMzR3YXJyd2xSY1NzR3owWnJBem0wZDdhVkNSbUZpemU0dE5KQV94MTAzZGlLcWlFWGhBOFBEUlRUVDcxY0JnRDBnRjhJUklla2NnbDNmcWctWS1VSUhxemxsNWliek1kWEhaS2FlQVZKU3JTb9IBrAFBVV95cUxQWlVySnF6Nk9QNlF6aTFQQ1V6aDRqclFZaDM0X2FGZDYzVWtpRFhiR2lpR0tQUlo2VFpTOXZQNWEzZmRISGZJRUplSWIta2VfUlZzdEtfTXBBNFRDVWJKTEw4QU5KLW5pakJQY2c4NnJNVHJmZXk1bUtydmFoSC1iVkxlVEtibTNtX3ZaOTZFNEl4UkJVT19uZlFNb3ZUQVNNSngwZFBkM0pmb1FW?oc=5","Al Arabiya","Arab","1781086740000"
"Sterling steady as investors weigh U.S.-Iran peace prospects","https://news.google.com/rss/articles/CBMiogFBVV95cUxQcDZPT0hYcDljS2N3emVNODNKTFYteGI2bUVKNGJENWRIc1Q3Mm1SMEV3YlRMdHhwY2dhV0ZFREJ6WUx1bkphcHUxd0x1RU5BMXdDc0tLMHZyT1BVQlZDUGZ6bV9SS3NoMFZyNWZIZGYzb1BVSFJsZWM0UzJTcFJYblpwa2NIQnFrTEdaNmw2cFVnZm5QVkZ1YlQ0QWowSVExM2c?oc=5","Reuters","Global","1781088308000"
"US and Iran Attack Each Other, Platner Wins Manie Primary, More","https://news.google.com/rss/articles/CBMirgFBVV95cUxOYk90ODg0eUpXLUlxZmhpQ3dBTGlhcUZvdEdMR09LWG4yRWFRZ1ZVZGtPRjdBLVFsZkJoNkpxUGNqWDh3ZXBjSU9ad0toQjZreGFxMGt4LXhmSlZVSDlRSDdLWW5FRUQ2X3R2MWRvdUdKdkJYM0VDd0htOEY4eHROU3N1azlBOWNMbFVXcXVSZTloUmNRejd6bmxmQVhBc3cwS2w0TDB5WDVYRGs1cFE?oc=5","Bloomberg","Global","1781087688000"
"Ghana Economy Grows 6.4% as Reforms Offset Iran War Impact","https://news.google.com/rss/articles/CBMiygFBVV95cUxNUG5kME9wZDdBTzNhRzQ4clg0N0RqREEyeFpHNE1CTVZESlk3c0dueWJzd1Y2SWRNcTJkYXdVbmowaHVkcXpMc1JINkw2S3pxajZ2X3dVOEpqNzc2QWF4NFNZalNacHJ0Y2EwMEZObmQwTmR4b3VJal82cks2VjhPbFNFSFNmQmNtc3RUOUFGanN2LTE3UG9iY1E5Y0hoclRDUHNfUXBZNjJMTWx4LUpxV05Ua1ZZRE9YUy1rUnBJWGYtTk9laTByZG1B?oc=5","Bloomberg","Global","1781087677000"
"Iranian opposition officer reveals alleged plot by IRGC to weaponize the country's soccer matches","https://news.google.com/rss/articles/CBMiVkFVX3lxTE5wNVFFOFpIVWh5UUVGbFRnclQxN0N6dGxIck0wVXVzREpSQ19VcG9Ec0VSS1VGQXdyYk5feHpGZWYwVzVUVmo2WXVJLUtsMk5pcXJ5NW1B?oc=5","Fox News","US","1781088198000"
"UK ‘missing in action’ as Iran war hits farmers around the world","https://news.google.com/rss/articles/CBMimAFBVV95cUxNelhVUHRBb0FCc0RwWWVoRm81XzBlaXRpQ1BaYUNYRjhCLTY1M3pONnlWeHdRZklHUl8zMnVKbW9PUGtHNV9rZGl4MXVVNkEySjBJUkJvVlpJeUZqUXZqY28xa1FIVjdvLVBaSWFWRDljZjBRNFEzQUtBRWdxbHpvUllPMGozVG5DeWp0R0E1SF9vaDhPbTVIdQ?oc=5","The Independent","UK","1781088120000"
"5 things to know for June 10: Maine primary, Iran war, inflation, World Cup, Bill Gates testimony","https://news.google.com/rss/articles/CBMixAFBVV95cUxQX2JtUGlXS2JnX0Q2RTl5VzRBam5sRmJIWDFuZUk3NVlhU25HOHBHU0NXaGJxVFktZ3piQlZaOEhQZkRuNlVsUmE0Y1o1dl80SUtwdzFnS0dmcUFtSEZEUVAzZURzN2ZYOFdyVzc5eFBjR3hSM2FYWmhHRzgtbkZUSG1mbEZmZHM5X2FVWjZycUM4NGswQk10ZERhd2JacjNGRkhFbGRMTTN0Z3EwSzUxWTVoNU53UWEwZWtWZ0dxUmxnU1RH?oc=5","CNN","US","1781087490000"
"Trump warns Iran will ‘pay the price’ for delay in striking peace deal","https://news.google.com/rss/articles/CBMicEFVX3lxTE53cWlvTTBFYzAzTFN0RjEzdjBkUVZlSW43V0VBeTJYQW91d2VFVkNXVzktVFNXaHVONEd5MHNkbmY2c0NCSjN6cERMRm5JWFp0cTg1cGo3YmpwaXlBZFVoYlZhV0ZDQUpPc09lemRpTU0?oc=5","Financial Times","Global","1781089870000"
"US and Iran trade strikes, Platner’s big night and Tuesday takeaways","https://news.google.com/rss/articles/CBMiZkFVX3lxTE1LSTdGbFpUbGZqYjA5TTFmdjBKaURWSHMyR2RSczRDUU5YelRSZkNXanIyZHhkSWlYcVpDeVlmZHZneWVSUTJQNHdGeTZVcjJFV3p3N3N1QUNySm1VejcxRGQ5M0FDUQ?oc=5","Associated Press","Global","1781089740000"
"US, Iran Trade Fire After Apache Downed Near Straight of Hormuz","https://news.google.com/rss/articles/CBMitwFBVV95cUxQWnBaSmt1dkhFWEs5eDBkVlZBeFUyRnRTak5nN0gzQmtSQURBSldtUF9KNU54cTlFVDIyS3lOeVBRaExTMFJ4WUZhakFaZTM2WENVWFJwUDlrTG4wNTRNY2Zzd0tsYXBLbGkweEFuSXNzMmhaVlk5dFNoY29UWnlSM1dwN3praGJrS19Sd1JCc0tYcWt6T01JU3RVWWJmaEZscFFNQ1ZXQ1NuYjNrMGwwSUY3MV9td00?oc=5","Bloomberg","Global","1781089484000"
"Trump says Iran taking too long to negotiate deal: ‘Now they will have to pay the price!’","https://news.google.com/rss/articles/CBMiywFBVV95cUxNX2kzZTdMcXhDc2pGOGtsT3RPVmhKT2RNOTFvbi1yV19QOERtYzFWZG1JYW8zbjVnQ2l1YzlYQVhrS0pNUnZzLTJIRWRhcWx1SmJoRkM2TVpwd0JSSEEzUXlOSUJzR19QMlZfM1Y3ZTZ1UUtoeVFERmFQVTMtT0lzcEJZSkJRU2tMVmQ1ZWp3WlMycjY4WmpZWEk2R3dYXzR4eE5TNkNMTjNlZUltVW5iek80WHZiQmpURDBodkJMNHlfdUhGTm55VUxlRQ?oc=5","The Times of Israel","Israel","1781090218000"
"Iran seeks SCO action to safeguard scientific infrastructure after US-Israeli strikes","https://news.google.com/rss/articles/CBMiqwFBVV95cUxPcno1RXJhbDlFbWVXWThrNlZkcEp0WW1ueTZDdHZvWmNIT091dUJrWnM3ZWkzRHJxTzN1cHJWQVlidFNKT2lmMVBQR3dTVXBCbC0wc1B2TGVJbnczOFNubGpIU3prWkJvcElCbm1PQ0lMcmhTY3BXWWJ6YjBTNDJJVWRWZUZpN212RGxNWHdEWW1PQ3AwWENBWldWR0lLQkxNWmgycmNCVF9VZVU?oc=5","Press TV","Iran","1781090100000"
"Bahraini army slams Iran’s ‘heinous’ attacks targeting civilians","https://news.google.com/rss/articles/CBMimwFBVV95cUxNekJxYnFKUTZ6cnJOazBiZmthMXoxYUxkQXcwRFgzZm9lczd2b090TEdKOUhYa05DTVFtLWRmaUNhcEtrcm1nRVI3VXdNN2ZIOHZwYVBRSHdwX3JFQlUyYXFhaS1MRDYyUDk4SUl4MzRBVFUxUjJGVFdXZFZ4QW9tZDVVTThJWnRrN3RvRDdSVF94VW1LMlNvY3RLdw?oc=5","Dawn","Pakistan","1781088215000"
"Three Days of Clashes Show the Iran Conflict Is Entering a Dangerous New Phase","https://news.google.com/rss/articles/CBMiwwFBVV95cUxPRHNoTHJFVHZxVVJ0bVVEYzMxa1NiYlZlZzBBaXpJRmF2R1BTZXRmbjB2c1QzWUljSlRMZE1Od2xKQVVhcVQtZW8zaHlpU2ZlWHo5RjlOdU5Wb3d0MU5sLURDRW10bGxLWFFMU3p0VkxVYTVScUZET2Z2QlBzb01GZXNnQ0lsaTNuVWNmQjFxX1E1bVhrckRDdHpUblNrR3FEdVdIMlQ4VDk4OFA4VWlaZ1pwYVRybUNNYWZmZHVnVnE1Wlk?oc=5","The Wall Street Journal","US","1781090040000"
"Iran allegedly used soccer clubs to spy on citizens, opposition group urges FIFA to ban team before World Cup","https://news.google.com/rss/articles/CBMiwAFBVV95cUxQdG5wQXZnVUJXUDNDc3JlVHJnN196Z1J0VDU1ZWplRTZNT24wRzRrZi1IUDhBM1o4dm5rLUxHekVuMDJBdUczb0xLZE5iXzd6X3p0TWs5cTBQT0ttMFNoVGdJejdONTdmNGJEY1dRY3FZQU55N2tpRjVJdjFqVGpoSXhUdS0yNkx1ZlVTQTY2Ty1DUXpmaE1jdlZTdkx1b3hlTHV0c2c0ajdfOTNhSS1hQXZnN2dZMl9XcVc3dkZ0eVLSAcYBQVVfeXFMUFdBYVg4b0lzcGdKeUU0RDdqWk5SU2ZfZzlnR3FlZEdUa2dEZFQwQUVybXZBX093UllqSVlhX2xmaEs1ZW84UEpWSWpDMHBWTTlWVWtzQWJOeUxyMnJuMUpsTHd2WER5RmFxcmxuZ093YkkxeHFCU09YM3o5QkpYODBoTm1RLTkwaVBBREM2YlVhRG93bENVNjJrYVY4emlWYXBZU0JfWFRoM3MtaWV6em5tUGtGMTVxdkQwT1pHNi13MXZNTDBR?oc=5","Fox News","US","1781089740000"
"How a drone boat rescued Apache helicopter pilots stranded in darkness near Strait of Hormuz","https://news.google.com/rss/articles/CBMisAFBVV95cUxQRHJ3UXlUOHpCYVVMTU9zWmdqa2thTHpSejZjVXVSUVFkZC00M0Z5SGduelh2a1pOX09na0pPalVPdGFSdEJvRE9BUWx1b01xcVpqSEdxMGlnZ2ZlQmltQmViemxpWTlhVGJWQWJoZHlvLV9pTm5SNEl2OHdkM3pPajRYakkyYjM3RUZHaDhKTXRnaXk5WFdrdHhhLXZWZ0t2YmFSUDFNM0pzNzJEVkVZYg?oc=5","The Independent","UK","1781089560000"
"Netanyahu caught between the US, Lebanon war, and Iran ceasefire","https://news.google.com/rss/articles/CBMipgFBVV95cUxOUFFpQVN2Wkh4N1FtZksxcDZEZkRIQURrX0g5UnZvUzBDSUE0M3JrMHdEX3dOenhwaHpHTWVzMVl4SE9ZT2dYQnQzQ3NGVVpTVFZVdTh0NnQyTGFpSUdSREdQWThLLUlZSVlNUXdrWmZkUHUtUm1XT013M2ZpR3hrak5obW5pUWRlR1lGQm9ZNDhCYWcwaDVKTUNYVFUzT2ZTbl9UbENn0gGrAUFVX3lxTE5TbkVvdTZHUzFSQTFWM29ieUlRbHJjX2RaR0dkYzAtUVVtc0RmdlE1NlVFbllPMHFNNVRIX0h5a3dTSHdoQnI2VC11ZGFqZFJMNUJyd3QtUlppQmY2N01MU1Y4MDlZcVl0dTJ0dndLa3RHYzFoWXBjTTVtSXoxTkJGUTNiM2pwSUQxNnFJTjRmdE0xcWpSeWQxSjd1aE80MzBJNjR0NlRMWGxFZw?oc=5","Al Jazeera","Arab","1781092697000"
"Trump says he may order new strikes on Iran’s power plants and bridge","https://news.google.com/rss/articles/CBMitAFBVV95cUxNQWVuOWJvdHJSUUhYaGFmQzZ0X2pXR2k0ZFRObGhHYVpnMnF5eWZsUzlZLTFRSEdMRzZFbk8wT29MeTJ4MWJhX3J0XzZmRnkzLUFNN2hMQzFxaXFxZ1MtdVpTQUhTMnR0bk1CdjRVemk2U2htRExIMTVQajJrdzZJSEZ6V1cxLTdTR2FWVERWYnhnT3YwelB6M1RnLTBsRDBBanpRalpjeUFZOG5nSlhEcm1kMGE?oc=5","The Times of Israel","Israel","1781092384000"
"Apache down, fighting up: What the latest US-Iran attacks mean","https://news.google.com/rss/articles/CBMiowFBVV95cUxPNzdfc0RCTHZrV0dVdk53MXY5UzhIbktqai0xMHZCYzVlbDNqSUlXUTdaSmsydFV0NUxOVHNXUVRsVmRDNGJJdTBNTHR1MEhvS2lhNkRwdTR1TjUySTc5MDRQcTlFS0g1MW5EX1Q4b0FOa09BbEs0QWZIa0RNZEhxclNVUTlxUGNIMWc4QVlGTWZ3V2tVZ0dRTDVHOEJFa1p4QVJr0gGoAUFVX3lxTE9tSGFBeEdzUWtVZUE3eUtUWjhub1hyOFF6bVp2cHpwX2dYX0xWUTZudnhwYXdmYkpVM2s0UXg5VWN2dVNWLU9LM2hLQS16OXB5STFhVFpabjNMQl9rVEdjalVwNVlMM0k5b2dHRXJKMXdCWV9jbHcyNFpsQXg0WF9haDNKWnlERlc2RWVNUnlIWHlPOHlwWlNwb00yWll1ZzR0NzJUeGVvVg?oc=5","Al Jazeera","Arab","1781092272000"
"Flash: Trump says he may strike Iran's power plants, bridges, citing Tehran's slow move: Fox News","https://news.google.com/rss/articles/CBMie0FVX3lxTE5wNXBxTmlpcFBRelRNbllVbHV3LTROeDVINXloMEQtWEZxcURJb2ZqSVkweFhmT2JienZ3T3RfclB6ZHVfdmpMRHFSN0FHVzRDbVVxYjl1bjctN24yYTB6Zm1Wb0piZmstdGZ1ZFV4R0U1cE1aMW9tMjBtQQ?oc=5","Xinhua","China","1781092125000"
"Trump Says Iran Will 'Have to Pay the Price' After Tit-for-tat Strikes","https://news.google.com/rss/articles/CBMigwJBVV95cUxPcW1MM0hOU3JJY09mTGtuOG1tcl84cm9RMHQyRFl6ejl2YzRBSWs5em54Ym5pek5mVUdRMjJic2NhV25BTzRrRTNza3NoZDJkYXNEYnZoYm9ieXM4eGUzbk9hOVVKZlVoaVFLaGN1TnF6WWZPeVFtSF84ZnBjOHprWEVzVFAtTkFEaVY4ZTJFelNod2dqZkRwTFg3dXFVZks1RXFyb2w2WWdIOUpkd2ktTTI3MWQxZzdEYjJ6MFZJMFRrTE9NSE41cVVNZEhGcUoyZ01UajgwYS1oNWt2YTBNTWo3bHh4akY1bGhvbGdNdnVuNi0ySXFLdHY5cDBmX3NwbHI0?oc=5","Haaretz","Israel","1781091780000"
"Iran reports 54 seafarer deaths, 253 vessels destroyed since conflict began","https://news.google.com/rss/articles/CBMie0FVX3lxTE9WbjBrVnd3Rm1qb1V2NGZScndfM2xKN1NOOUdXUi1MWGJGNnVWUWNza1lvSmRXNzRlVmVNOGhXdi1Dc3ItbkVzbFZiZXg5MjNNeDJwZlhZN1NYQ3MyM0ZqTTFXal9HNlVLZmVLMWdZN3paZ1JFQkV4RUhpOA?oc=5","Xinhua","China","1781091750000"
"US strikes Iran, while Yoav Gallant says Israel should have seized Tehran's uranium","https://news.google.com/rss/articles/CBMibEFVX3lxTE5lZE5XWEduOU1mRmxjQmhRcGpvcnJyTmR1WFBLSzdiTFdvS2lCVWVfR2Z3eUFnRnV1WkRCSHVqQ2tPa0FNNEVrY0JrY01lZnFIOUZOb1hZVElCTE50TG5YektoTmFEMU4wemVPNg?oc=5","The Jerusalem Post","Israel","1781091426000"
"Satellite imagery shows damage at Israeli airbase after Iranian missile strike","https://news.google.com/rss/articles/CBMixAFBVV95cUxOVUoyN0wzN1BZRmlMWG9UYUZvS3EtTkhQeGt6c3BBMWlFbENKTm5pQWsyU016NTAzZVhhZGJpQkpGY2hpOTMzYmtyYmZRVVQ5VWNjSU5TMkxZMWhZV0MyMXFNM01odEdfdXlXcFVQRzhYdnZoR3ZHamtMbUNvWGFHbWFZRklwOTVGeWpHQTRrRzhCbHBNVUJDQ3c0LWlHd1BqYVlucTc1LU0xeUdyYW9iWFlvTl85MWVweDdTMjVZc0xXU3NX?oc=5","Press TV","Iran","1781091180000"
"Iran says 20,000 people left without water after US hits reservoir tanks","https://news.google.com/rss/articles/CBMicEFVX3lxTE9fYUtMUDdBRWpuU2NOemY3a2Ztd2JFZ2NnaE5QRHNoMXFudkRyMTh4SlA2by01UUhQN3JiZ2gyaGo2RklYRENDZG5vbFYtWEY5QV9mLUxJblpFRkh5WGMzUVdIUEI1VVdvNXprcUtHV0o?oc=5","Financial Times","Global","1781092307000"
"Trump and Netanyahu’s Close Alliance Tested by Iran Endgame","https://news.google.com/rss/articles/CBMiowFBVV95cUxPOXc1RlhoVTkyLW5Nb1k1MmFTT0tVR2NVN2ppUXlzZ1k2SDV2MG5OaE1wRUlFR2xGM25WZnowY3JpTWEtdTBDRnFZY0tOWGpscVQ4dHRJR0pPc2ZxdV9RWGxiTDlRa0dnQVk3eVFCZ3c2VGdYeG5YSTFzR2hPZFQ2VExjWEt6eFE0dUY5RkZxd3BLa3BqYXRBTWxwRzd6WjEwNVl3?oc=5","Bloomberg","Global","1781091997000"
"Iraq Boosts Oil Exports as More Tankers Transit Strait of Hormuz","https://news.google.com/rss/articles/CBMi1AFBVV95cUxNTXpPQ3pXVWNsSkNXTi1JdEtmWTdVckJ4T2cxY1BseFVzd1lzZl9wX1g1YjlZeU5fbjduaEpkZjFKYjd6WVlGX3RLdnp5M2tyWTMzdjN6S3pfNFpQMm5yZmNrQVpwcVl6ajhhM3ozTFhVMHRiMnhTalhlSTVUN25pdHZPVmtRaVFVaHl0SGVNOHoxaEdUczdPZzBMNUFRV1ZYMnJtSlJsdUVaWU5nR1pkNXhEbHhxOHVremt4NEJYQkREMk1LS2tyQlUzeVRHdFNpaDRiSw?oc=5","Bloomberg","Global","1781091920000"
"Trump says Iran has taken too long to negotiate, will 'pay the price'","https://news.google.com/rss/articles/CBMiswFBVV95cUxOQjBfR0dyb2k4WjB2MkZEMjVxLTladHdVNmk5R2tjUHh2SmVmRGs5SDZBLTRuSEJOMzdxMnFoZmZDWEh3VzhBalF3MmtGMUFfelB5Vm9fb3JROUFOaVUwWUxqUTBtbURXTnYtOUNUZ1U2UkxoZnNoN1ZvLWlIN2VvNVBhNmJlUlRZYlJ4ZERYRnA5LTJ3QktSU1VwUkNzS2RWeGpmR05ndllnalFqeVp5endGQQ?oc=5","Reuters","Global","1781091391000"
"Trump Says Iran Will ‘Pay the Price’, Oil Jumps, More","https://news.google.com/rss/articles/CBMitwFBVV95cUxNYkZ3eXhJTGQzTWdBWkpGQ0hERm92X1RkamgzLUJZblBLRTZ0NjNBMUdaeGdmNEFCTDBNRlhtcnZEWUZsSjRiLU1yQklZUFFYT1YxN2MycXZoTkRPellkOXltNDUyX3F5WmJnRUJTVFoxOFZEM05vcmp3bHctaHp3RlB5cUtLTkQzTW9uRDJMMlBSc2J3SXZlZUpWX3VoNHBpYjhwbFduMm55Z08zMFJSNVFWVnloSVk?oc=5","Bloomberg","Global","1781091308000"
"Trump Says Iran Will ‘Pay the Price’ for Prolonged Talks","https://news.google.com/rss/articles/CBMiqAFBVV95cUxNTUhDdFlRUGFoQ2MzVUpBM21rQXF3T2FPUnVtclh1QmVBMGhVMERpVzZIVVRiaUZ3eV9kcGZ1SDJreEhQY1FyX0RacTRjN1JnVlVUb3UyY3YwWEZES2NRa3RRTnllTUlTdmFoWERsWk1RY0szbGsyREQwR0dEb19hZzZ0LUNTejlLd3c5UkxJb0pMakJxWS00NmxjbTdxeExxSWN2NE0xZ1Q?oc=5","Bloomberg","Global","1781091103000"
"Iran-Linked Oil Tanker Suffers Fire in Gulf of Oman Incident","https://news.google.com/rss/articles/CBMisAFBVV95cUxOTW42cnc2LTVFV21LYUdJbmlEcFFraDlhdHdQOF9vcTV5bVdtS0dQeV9yQTZqSktQaU5reEt4SDdINzNIUlMtWnlJREZhRHpVdkstNk9EeTg1bFczS3B5ZEhiWE96TVNoWU5Udk5kQkNlT3hqRlJDejRjbUY5YV9ua2VDOXM2TGM0LVBYazdGWklfVHRfczBnVjVPZDI0X2pTVlpSZXNZMm1kNkk0T21iVg?oc=5","Bloomberg","Global","1781091079000"
"US-Iran deal 'wouldn't resolve anything': Trump trapped between 'unwinnable war, unpresentable deal'","https://news.google.com/rss/articles/CBMivwFBVV95cUxPdXRlTW5HMGY3bFphOEdwak5QSHo2ZlFjbV85MGxxSGdhTlJxYy13LUpLWmZhMHBxNElGNUFwazRhemlZRzRTem0zWFZHT0R3eWhRLWlTbDVQNDBzcEl0dEVJbW9yMGdxbkU1TDE4a3IxUzJHM1JSbDFTMGdVQjhMbHF0dEtQN3diNU1HdWMzMGhhSTNjQ0dDU0xzajc2b1QxOEkwT1pIRnpqM3hIbEplV1Qxc3hHa2dFa0t6c2drVQ?oc=5","France 24","Europe","1781090045000"
"Platner Advances, US Strikes Iran, New Sunscreen and more","https://news.google.com/rss/articles/CBMikwFBVV95cUxNUHRqRk91bXJaVDRTS1Y3d3FpTURIVDVYMUhQQ3JIWFQyT3JkWkNWSUQxX3REM19ibk5xS0ZhRzdWRXFfREZLNTdSaXh6ZzVYSmFINGluSFNFdzFHZkxlVndTQmJkSUJyaWlQc3JFc3ZMYUVKTGdKLXlFX1VrTmRvYzVEekVpN1BGQklKWU11RzRfVEk?oc=5","CNN","US","1781093027000"
"Trump says Iran will ‘pay the price’ after it targets U.S. assets in three countries","https://news.google.com/rss/articles/CBMirAFBVV95cUxNQW53TFRnTktfUVJtSF9hRmxEXzN6MnlubDE0Q0haU3FHX2h6VlhjQ1BKR21GdjF1OEF1aW1Gdl9SZlFTclZGTzFtdk15eWFoc2VKZEljRWY0UUN5QmxkZHFnNFFkT1Znclh1amVUdWlCbXBJZTl0WmZGSUV5d3g0QnZDQm16Y2lIcGN3Y0xDNXZncGMzMlpYZjk0Z1I2amhkbnVfaVdIUTZUeWU2?oc=5","The Washington Post","US","1781092981000"
"US and Iran exchange fire as Vance says deal could be months away | First Thing","https://news.google.com/rss/articles/CBMiwwFBVV95cUxPT3hyNnpkSE9RQXZBU211Z2JYRmF4LTNuSF9Od09UZ0ZmVTNjU0M1RXBNMklaU1NQbXBtSkFmRURmUmd6UTNGTGVCRldpTmdkeW1CVEkzNnBXazYxWEFzOExOaXJuQ3kxRlNjdlRJY3VkeWdzLU42azBkdmdMUmZVdzNwcjhUQjFGNnVqaUFKT01kNlU0RWxERUVzTzVIMFNtaEdlTG5WaF9ZYm9COU5uYzhjS0tvTjdYSmtRMldneVZVNVE?oc=5","The Guardian","UK","1781092260000"
"President Trump readying new strikes on Iranian power plants, bridges: 'Have to pay the price'","https://news.google.com/rss/articles/CBMiyAFBVV95cUxNV2tyUWJZUmZ1cHBqd3pnbjVxZ3Nyc21FUlJEMHU5QlczYlktbkw0bi1YeTVlRGFWMUdLZ0lJcnA5amJCMzNDRTlsZ083d0oxUllFdUY4ak9PdHV6WHBMenkzcElmcXBvR2hCUXM4Y3M2c2tVVkN3REVVRThndmM1SmVnLXRGdG41VHpSTHg3UEFoaU1lMnJSMFhBUmZSLTlnVE1RU0w5UVM5c0ZaNndOT29uRDVLaVRlZ3c3VDhvRGtfOWEyVFltRA?oc=5","New York Post","US","1781091840000"
"Extraordinary rescue as drone boat saves downed American pilots in the Strait of Hormuz","https://news.google.com/rss/articles/CBMiqAFBVV95cUxQaE5Ed3pmaHZKaERSZmRITUxLZ2lvOWtYcEpXaFN0Mm43Y0ZEWDhhdk9fcVBKakpPbVpaVWUydHdZY1dzdDcwaDVCSFRnQU9qRmxoX2pVQ3lncndFT0lrUkZuZFo2Ni1falJVZDZTQU9jMWU3N2F6Mm1ENF9iX3h6Mk1EcEtBd0RvN0lMdHdpanJ1UmExNlhtVGRud1MzUUJ1WkF1TVlXQWE?oc=5","The Independent","UK","1781091120000"
"WH Smith seeks £100m as Iran war and falling passengers hit profits","https://news.google.com/rss/articles/CBMilAFBVV95cUxOcHlPSk1oRnd0Q3lOWXMwS3UxWE9tSnJOMzVTZFpfNm1mbjF1MXJ5VW14Ujl5UlA2d1N0TlNRSVhGdDdTM2Vvbl9MUU9VQmhnUmtCaW82cmU2ZkgxR3BRVDlqbDR5Y2NXRG45T2hzVG9Rb3Y2d09yNmJDcXRVNE9jWVp1alZCcmRGTDhQOHg3d280aWlh?oc=5","The Independent","UK","1781090520000"
"US, Iran trade strikes as tensions mount in Middle East","https://news.google.com/rss/articles/CBMiVkFVX3lxTE44b1U5TEFBaE5xLTdLRGY5cTdFMUhlS05pSFRQbUVtMk5GWHNrV2d5NXdsNmFjcFlnNERybHVXS1cyLWZhZmVKQU4tRVlxMUNVUnRZWmln?oc=5","Fox News","US","1781090515000"
"Why is Hezbollah still important for Iran?","https://news.google.com/rss/articles/CBMif0FVX3lxTE1uRk1UUlR4X1d1RHI3bXZkVkxGdUJVamJic1A3Sy1uNlBDOVQ1YTZYNTJHclhCMlVyc2NkazFodVQwQkFTNzNDbGZJR2duOWxvbHN0Q09iYnlETFdMN0YtTkdmSlJFdTVibVVnZDJhTVBUdUw4ekJTUkFDMDBrcGvSAX9BVV95cUxOTXVkMG9xdUVhRm1CWnFFRG1DSnVpT0FSVGlBNWxibkRuVVQtZUEyTlQyeG0xWlZaX0JndjRfNS1BeFJuUVhUNXhKc2NuQ1dMYWMtUm5hZ2lSdEVqUG5mQ01WXzhCOWtCbGFpclJsc2RGVnk0MUJtYmZETEZpRTcw?oc=5","DW","Europe","1781094542000"
"Trump says Iran 'taken too long to negotiate,' will have to 'pay the price'","https://news.google.com/rss/articles/CBMiuAFBVV95cUxPRFpMci1RSG9tX2laWjFDcUhIRWdEdFhaVXFiMWlOSmZfeXRxN1Q4cVlyYm5sY3RYUGxzeVRPVmowSDNnWWJsSWNxb1pJODMxS1piOG9UcFlmNVR4NXlia1pQdUk1dWhZaTJaVzZFUUsyVkUwQXZSVlpaRTBZUlBwSDRFSHg2dGNWLWlIUWFtZFY3bUM2RkVJR293VG5Qc2ZKZmVTek93bTFmTm02SkpNVUNpcnZETWc2?oc=5","France 24","Europe","1781093952000"
"Trump and Iran trade new threats after strikes exchanged","https://news.google.com/rss/articles/CBMiWkFVX3lxTE1vcjQzMkFqUW9uSGJqX0FieDVhNlRWdnFXb1FneUtnUzBvakViUkQxQ1NnS1hwVEJ5NjRsSFlLeUZnbU5yYW9SQm1uNFZROXluSm52NV9VT2FEdw?oc=5","BBC","Global","1781093258000"
"Arab League Secretary-General Condemns Iranian Aggression Against Kuwait, Bahrain, and Jordan","https://news.google.com/rss/articles/CBMiwgFBVV95cUxPZm1QQ2JlWnpiSEZPWUcyTHZVa3RUWE00TTlGN2pIQU9neGYzLW1zV2p6U2kzMmZqS0RLTXUtRVc3YlFrR2REUWtOTVZCc0w5cWVjaEJORHl3MVVLOXd3RE92TTBpTHBNSDRwcUx6dldWY3lLSmpkNXAxR3ZmbHlJajN2TFB0TDZSZ1YybEdPdWlHMG5uVlhDQXNSdlIxQUFzT01GZVBINW9uZ3VaMkhQVEdSc1NNclJzRlRiT3FVTXQ1QQ?oc=5","Asharq Al-Awsat","Arab","1781094241000"
"Trump claims Iran becoming 'failed nation' because of US blockade","https://news.google.com/rss/articles/CBMingFBVV95cUxNRXhtOFFKdEw5OHp2ZmdfRFJjY1BqQlBqX3dWdFg2QUtRTjEwNm1JdzgyUVo2cWl4a3BJbEJPN3hxcmhrT0FPaWlLejRUS0pfQmR0SUd2cFhuMHZhOHlxYXBHQ0xGUWx4NkxOeE1QZ1EyREZrUmlfNEZXc3RRSl9zNnl4YVByNzMwRDFmWi1KMGw5dVV3OWNIZ0R5RHczUdIBTkFVX3lxTFBNXzhXSGt3bkJacVotbWVOc0lwOVlNRVMwR01Fd0NScEpISWJsSlBTcEp3QVF0TFRPWHJacGpsMzhqV3prV2NqM0RDQ1Rjdw?oc=5","Dawn","Pakistan","1781093395000"
"Trump shares 'West Wing' clip touting virtue of 'disproportionate response' after US retaliated against Iran","https://news.google.com/rss/articles/CBMi5AFBVV95cUxOLUJtQThubzVNVFVxWTZ2QUF6bXFCRXpkZS15V29FdXp3WEVZYUpYREwtcENMbEtZVTBLY3F2SGNiMnpFaE8zVXdLUlltNE5obEN3Qnd3WDhNZkxNSTAwZ3BGdjhZTHVQZndTd0I4ZTFEWk1LR1djT2dBWXg1TjA0RE5HT20zbTFfX0FoR3duM0FxdnhxREFqWk1HUjRXc25lTmd4S2lpOGEyZTF4RloydjdGZmdXYnA5TjlXZEhKTVFlU3ZWUUh0bWQxc0ZUb1FDZmpVMVZ0TFVQZUx0b21qSUdFbjE?oc=5","The Times of Israel","Israel","1781093284000"
"Urgent: Trump warns Iran over delayed talks, says new strikes possible","https://news.google.com/rss/articles/CBMijgFBVV95cUxQa2RLRXlGeGlydDh3MFRBMWdNQkR6Z2FzcFZQVkNYenRDLXBNY2xyamhwX0Y3czY1VnlLS3o4TzNfRERUci1GWnR4MGx4NGRUUlU2M1FVRHhPRVc1WklWTEFrclJUWFNpZHNIT2EwQW82NEZZT0tiODMzWExLRTlnaldMTkxHejUwU1JkSkRR?oc=5","Xinhua","China","1781092785000"
"Media watchdog welcomes conviction of 2 men for attack on Iran International journalist","https://news.google.com/rss/articles/CBMiU0FVX3lxTE9NZ0VwQkhZSndMdFV3cGZ2UnFaeEFOSzBCbVo1UW9kSFY5RXE2Nnc5QS1HM2pfeWl4Ni1tV1BwWDIyOW5IVHVrdnpidV9aclFyR3dV?oc=5","Arab News","Arab","1781091899000"
"Trump weighs strikes on Iran's infrastructure: report","https://news.google.com/rss/articles/CBMijgFBVV95cUxNSDJiWXN4QklNa2lsVk1DZjU0bWRST0d6ZWQxellzeDZYSC0tb1lXMVNQREdtMlNtT1AwMHZOSU9hck51bEJTSEx0N1p0bVpGU2R5RzhjZldLUFQydmFnb3ZsUzBfMXQ4cFZpOEtpUGpDcnlLa19GdlJNV1V4cGRJNGIwMHhlNkdJUVJZNWVn?oc=5","Dawn","Pakistan","1781091746000"
"Flash: Trump says Iran has taken ""too long"" to negotiate, will ""have to pay the price""","https://news.google.com/rss/articles/CBMifEFVX3lxTFBvblpXbW5nZU53VjdOMk9LSmtiZU5lbURMRm5KMmw0dXR1YWNzM1dUcjNqZ1RXMkFoVUZmVFNWSEtXUURpa2JvNWZ2WTc3MldtWlNxV0NQZzRDUUxIUUt6cnRjU2dSTWZPMzBNVU9DcVFyYnRUM0RYd0pFV04?oc=5","Xinhua","China","1781091540000"
"Iran’s Armed Forces will not Hesitate to Defend Country","https://news.google.com/rss/articles/CBMirAFBVV95cUxOQndtNGJPX0xENlhxVk9GR3RwWmRLTkxJZ21KdTFsVkJ1LXdzSldtRlgzZURfODRHOFNYSDQ0U3N0bXNQcnpEMS1pRzFwc1lreFdqdkc1OVFUdEZGdFdDRldBTFZ3N1c2TnQ1bTd4d3dLWm9xOVF4V3JzTGstWEtYS2IxcEhkZU5PZUFhUm9GRHlOUmcwakZZZ21Idi1DZEk1NWgySFhHT1BWQVRY0gGyAUFVX3lxTE82RHk1XzJkSkFJaGEtWm1HbFVlY0xOaWt6Y0tqckRCZmF4UHgxVVg4aDlTZ2ZqV1VHNEF5WV95VWNEOXVoQ2NMLXp3YjlmWkxHUGRLNzZ3ZngweXZabXlDVFRHdmNGbzlpaVc5Tldna1dacDZySnJUTC1DRUpFcXlHNjQ2YTZBcUtUUDNvclpSQURqV1dYbFBNQWJqMzZxYkxZdVJadlNDVlZNQVVVUFVpdVE?oc=5","Al Arabiya","Arab","1781091197000"
"Under the Shadow review – Leila Farzad is fantastic in this nerve-shredding tale of 80s Tehran","https://news.google.com/rss/articles/CBMiqAFBVV95cUxOcE9pRWtIdzMzNHBXdHN6QnctUkp6cGFCQmx1OXVOR0kzSWVGUkNXREZjbWJySzF5aWhhMkJVb2tOREN4dVM5UlR4NVNRV1RyOHFXcTNXdUh5UzBjZlBoWHgtODBsRnJOUGM4cS13VGV1ZVdHQTh2MVp6RHI3NjFnVEVhVUlaUDdXbF81WWNpWUdvSHNrODhDNlppUGpwUWotV0k4WVRpbUQ?oc=5","The Guardian","UK","1781094300000"
"Iran will ‘pay the price’ warns Trump as peace talks collapse again","https://news.google.com/rss/articles/CBMijAFBVV95cUxOM1NpVkZ3NHJ5a1R5aXV1d2VreWhhdGVHQU5CMWl1WDRERWY4bmpfZkJjZXA4RlhmSVMyLVlRek1PQTFyZWtyXzduSG0tRFFuRlZWVmxkLTVDeUNwVVc4ZW5tSDlQQTBYbGRtekJWdktfR3dac1R5TkJ0cmdyNmNDbzVzMG1mRW9TMHFneQ?oc=5","The Independent","UK","1781094300000"
"Middle East peace talks in doubt as Iran says it needs to ‘reassess’ after overnight strikes","https://news.google.com/rss/articles/CBMiigFBVV95cUxOWEVDZEpSZEhyV3VfQmlfWWJnU3FBVTJzNkk5UjJJVWRrUk9iVlBWa2FuNFpfVWh1TGo5Zmo5YmZpMnJmcnR0cGh0M1ZUTTUyNWRaaEtQUzM1R090UmxaVFFEQ3pGOGZfMldnOXhxQjIxcnlxUnhDd09nVmplTGtaaVh4NmVQUWVpMmc?oc=5","The Guardian","UK","1781094120000"
"Trump reveals jaw-dropping bravery of Apache pilots after Iranian drone ‘lodged’ in helicopter: ‘A miracle’","https://news.google.com/rss/articles/CBMipwFBVV95cUxOeU9wdzZrazF6eEhmWWxGXy1EdkpTQVgxLVpBM2ltVlBzR3NUMmtlRlU3cndjVFlhTS1vckRpOWZLWUUtQkIzNnQ2cDRDbXotelc3dGRFNWVpcVU4bFU3UkpobHFaQzd4cFJKV2FBaUQzOFF3YVhZeWwyX0FsLU9wZjkydTU1c0JFS0RrSVRvY0czMTZSWUhid1hXLVNqOXZxY2JYWWhEcw?oc=5","New York Post","US","1781093760000"
"Gilt Yields Climb After Trump Says Iran Will ‘Have to Pay the Price’","https://news.google.com/rss/articles/CBMijgFBVV95cUxPRUNIRUpvZVA1VkRKUl9BVk5fUlJsODltd01uOVpTX1RvUGtzSUU5azJVN0x1SEZQNVVfZHpPZ1pqbmRsTGk0UC1yYWdUWFVfbVQycmNseDdqLWZZSmo1aEhhRFNNNW5XS3E1U19sZjVtcHJnSWhsa09IMmRsampmY2VzU0dTcW1NVmpnNHlB?oc=5","The Wall Street Journal","US","1781092920000"
"Iran war 'back at square one', says former Israeli prime minister Olmert","https://news.google.com/rss/articles/CBMiwAFBVV95cUxQMDg3Z3d4b0ttMGpCSXRBanhuYjZ0M05jOTRWVFdRTmRObm1oREJHbDBGNU9zYy1iZEctellwR0hoQnBVZ2lDVTh2QlZIN2FfWTFsVGNWcEc4dFBiSXVUZGdhWVNxZjRmVm1VMm15UWM3a2lvbXU1U1lzQm5xekdmc0g4MTVwSWdxRVowQmNEbER6WVBLOTBZOXFRcEtMWjdIdGRndWpBSWRQal9aa2taUlV4VmIzTEI4RThXWkVuMno?oc=5","The National","Arab","1781096289000"
"Herzog in Arabic message to Lebanese counterpart: 'Secure Lebanon's freedom' from Hezbollah, Iran","https://news.google.com/rss/articles/CBMi1AFBVV95cUxOQ1NtNHQ0QmFicGxpTks5RTk2VDZEQWlobWpZZk9BVU5oYUJkNTZqTnJBT2FJUDNWUnhPa2JOZTJpcTN0UXBta3hUbzM5YWJPakFyaUc1OVliT3dXNzlDZlpidHZDUjBJY1VpN2pBVUlpQzdCMzVITUdIMDFrMm1DaGFxa1g4ZzZJLUg5LUN2NWx2N2g4VGlrTTZPMnNPSlhNNEdpZC1RNF9QbjdJTVJCYk1PbnRPRzVLcVBENFhxTWtYczFyR1FTek02bWtlX0lnZV9rdA?oc=5","The Times of Israel","Israel","1781095655000"
"Qatari negotiators in Iran after consultations with US amid efforts for potential deal","https://news.google.com/rss/articles/CBMizAFBVV95cUxPaGxvMjlkd0c5Tlp6NEdiV1RSbVpqRkRtWDdoOTFzMTkxQXY2RHplRFJtcmpSVFJwbjNrUkJubkNVRzA4SEJOZm9PbV83V2ZhQzMyZk4xNkFNVWxTZXF3cUhLYWxySVlPdW5XVjB1VUVFbkRZRmI4RkRnUWdRaG9SVTNLSVJDTnRxUmQ0RTF6a2VoYU0tSS1mUkxGX2taZ1VuX0tkUlBoTzQ1eUxUU3c1MXUyMnhGS2VkZUpsSUJuQkNKQzRSdUN1NVBzLUU?oc=5","The Times of Israel","Israel","1781094999000"
"Pakistan urges US, Iran to 'give peace a little more chance' amid fresh round of hostilities","https://news.google.com/rss/articles/CBMiSEFVX3lxTE5rdDAxbVBDTy01N2hFdUNoVmZ5N182UVFwSjFteGtvWEREcHBiY1I2OEVpckkxVjNkWmt0cTVJYkt0V1lWQ3lnNNIBTkFVX3lxTFB5STNJS1N6ZXJfOTQwOFZnUXY3Q21iTUxQdWZTeDJjLWpDSVQ3TE9mRWljc3dHb1lhWHN2UjRiSlBjSXhhZHpJY0ktbnpFdw?oc=5","Dawn","Pakistan","1781094773000"
"Donald Trump: US may strike Iranian bridges, power plants over failing talks","https://news.google.com/rss/articles/CBMiakFVX3lxTFBVYkg3SU9BSGQzSXBpVl9tNTZ2RXZQWlBKQ0dQSkVobHk1ZWJoQTh4cU5ZQ2FFRWhrNWRqU3A2d1RuZXZIWWtQa2c4OVZRd25YRWlmNTNYSmdoWDgtUjBSR2oxckZtS2FzWUE?oc=5","The Jerusalem Post","Israel","1781094655000"
"Report: U.S., Tehran were discussing key nuclear deal points before escalation","https://news.google.com/rss/articles/CBMijAJBVV95cUxNNlcyeHBLRWdrWGtidkNIR2k1N0hVeWtYWHZ1UUNkcmZnMThjNm9JbklGTWZzXzRSWG9pbnhtcmpuVkstQzRQck12TDcySVA1WW9Ha2FyX2NLd2dGbkNMTGtkaTNINzV6aDlPYzZsZVlwV2kxbGh2b21JZEZEZm40cGROWnBZejZwZ3hPNEVweXNab3dCQkRIbHRaTnFaSjRYbG1haTBySktBUGNYbFFSWDRBZVdkZFNPQ1JEQm52c3FQRkJkcS03dG0xc29aSHphb2JaMzgzWUNvT29pRnJtRENzWmF3N2o4c3AxWjdxMlNqbmU1eVN5ODA2cXFNaTVHeE1PWkVEZS1rNFha?oc=5","Haaretz","Israel","1781094540000"
"Trump Says Iran Taking Too Long to Negotiate, Futures Pare Losses on Tame Inflation, More","https://news.google.com/rss/articles/CBMiqgFBVV95cUxQN3BEZmFENG05ZEo4YWp5N1Bqd19LMlA2SXJNTnJ0WjJKVDR0Q2k5d0RRN25aWERxaEJRckdDTDNzME40ZGxkcDd1TVdZQjRvTGZfT2FaU2RUWGpua0NMUm91R2xZekV0Ylc2c25YWWZnbkQwMktEanJXN1daUGd5UWp3ZGdEUTN3Zjk5aFhQcmc4U3JudENjdjVVNWo4YkJNby02MUxhd1NPQQ?oc=5","Bloomberg","Global","1781095804000"
"Allies condemn Iran's 'lethal plotting' in US, Europe, Australia","https://news.google.com/rss/articles/CBMitgFBVV95cUxQTkY1UTRzYVNjTkROb29MSm1CM2tpWkkyeHVZYnVaZlJHTV9uN0gtRnN1WWZVX0FZVUc4OVpaYTJsN1ZOdVdhZ0htTUtxZXc3bnFQdUJUUjZzR2h5NGpWaDV1N3dqMzBmSVpURnZVZ2o1dGtyOGlrcGhaSzZaMThNVTNXQ2V3TFU0WlA0cUp3Z2JQX2R6cTdFTUdOakVNU2V4NXIya05rRDd3ekxPaTB3N3dYaVkwQQ?oc=5","Reuters","Global","1781095781000"
"Germany news: Recession looms as Iran war chokes growth","https://news.google.com/rss/articles/CBMilAFBVV95cUxOWjh6VWZMSFNrRTVTa3FqSjFlaE9feWhIOU11WDFWVU8yVmVxQVQzX2ZxZFNMaEx1YVpJV25fRlQ4cEI4OV9NSGdFeXB1ck1vNndGLTcyRlVEeVZ5OTJyLTVWd0J5ZXVfTXNJVnpzSDlwcWpLcVBLa2JEd1lySDBnRUpudGhEdzBZUzZ3MTZWYWdjTUlQ?oc=5","DW","Europe","1781094717000"
"The Latest: Trump says Iran 'will have to pay the price’","https://news.google.com/rss/articles/CBMi6AFBVV95cUxNYlRqbEF2WloySnUzZEs4TkNiUTZORVRzZWt2TUdoeElJQmFpbGxqXzVQTHZ1dy1JbWJMVmZWczc2Y29VOFo3MHVBUUMzcm1UcTE2TW5Mb2JJT3FacUJMMnhwMk5SVGM5S1VzUFhZNUpaWFhNeFd5MFhFSWZidl9FTWtldDlmbnVmamhiS0NRTjhfUVhRVE1JNFUwX2xUZDZWV0NhTHlCaE1ZbFpMLWlFOVQ5d2E1S1dSMWk5aXhnYVZSX05UUTI4SHZ0Ny1sQTByNVlDQWp5ZDRkYURDVWx5aGFvS1QyWVVB?oc=5","The Washington Post","US","1781096287000"
"Drinking Water Facilities Hit by Strikes in Iran, State Media Reports","https://news.google.com/rss/articles/CBMiwwFBVV95cUxNQlQ4TFNDbDJjVHY1S0FPZW1YS3FQTGJaaEQ1bmZ4YVAtdi1KYkRaNE9SbWM4WFBfMmFqaFhFVldZX3NnS2JvNGtTcC01NXJmVlRQcjB3eF80SzQ2NE1ocXh3dzZ4MzZjUW4wUnFWTHY1eUJaeW0xNEE0V28tX01SMzlIRnJmcnJVRW4zbEQ5V2J1c2VtaXFmTEdENHpDNGFVZU5WVzFvUDFUMVM1bGpEZkR4MkJCWHdMOGxtT2ZxYTBZd1k?oc=5","The New York Times","US","1781095880000"
"Tensions escalate in Middle East as US strikes Iran","https://news.google.com/rss/articles/CBMiVkFVX3lxTE15YWd2czBLVTVVbmlfekdEUWVuUFlDYW5UdHNabWdJYjhQQm9WcHVZS0I0d2NoOGtKcnZ6ZVhvbUwzT1R2N2pONmZUV2Z4T1NDVDRWRHJ3?oc=5","Fox News","US","1781095719000"
"Inflation heats up to highest pace in about three years, fueled by Iran war","https://news.google.com/rss/articles/CBMiogFBVV95cUxPcmptMnhyVjl6N2pTcXBIXzAxcGtwcUhfNDZybkJWRmNPZ05rMG9EQnhPcUVTWWlac3Z3VmRQUmpPN1JCeXJRS09lMTZLX3BNX3VRS3o1YmF4LWtoMGlJWENOWm5FQjk0cENOZFVET3RMaFMtU0dhVWJQdU94MHBfMDkwTFhaeEJpR1VEVjd3YmM5eEZqdUktZU5aeVRiXzdPa1E?oc=5","The Washington Post","US","1781095293000"
"How the Iran war aftershocks are hitting oil, coal, climate","https://news.google.com/rss/articles/CBMiekFVX3lxTE5DWTVsZDdYZFRUMVRyVjNfaExPTTFFQzh4R1JSdXo3QzVBSWpHbXZPcHgzaGI3NEZta2EzOHY1SXNVZ3gxdkdBbWZWaFZDWHJ4eUVUMUdNeXFkUGd6NzA1cDVKN0F2LTRvVDFnN0xGN1hscmVnRnZCSnRn?oc=5","Axios","US","1781095230000"
"US-Iran tensions escalate after Apache helicopter downed, Mideast strikes increase","https://news.google.com/rss/articles/CBMiVkFVX3lxTE4zRXJqOHRkSkZYZEpoa3BfNjlfTS1fU21vdTFVTVROa25ESU1ndE9ZVk8xWXNZMU9Fa05DQUpvXzRCUjRyc1BNOE9PR0hBcWphamlqYnJR?oc=5","Fox News","US","1781095070000"
"US inflation jumped to 4.2% in May, the third consecutive increase since start of Iran war","https://news.google.com/rss/articles/CBMiekFVX3lxTE81MmYxOGhrZHhGWVVnODNya2R2N3dSbm1zWnotLWUyMTlVc2dJZW9mMVIzekFiWUx3YTVnTUdfUDBDbUtCdVhlSE9QdkVBUldEb1R6U3NjOWo1ZHJ2UmpfXzgxYUM0OUxQa0Q1bmk1anYzWGVlLWVpWVpn?oc=5","The Guardian","UK","1781094840000"
"Inflation tops 4% for the first time in three years as Iran war drives energy costs higher","https://news.google.com/rss/articles/CBMiyAFBVV95cUxNY0daV2wtNzVsSGFKWEpKSUNJcUFjN3o0Y1BnU0k3dEdpWU9sa21BU3BXTkc5aHBhVFh6dU9mWlhFbGZtQzloOXRMQnhieG1ld1hvR2luZzNNMC1OaURod2k0bnh0QzQ2NTEtVk9pNWhDbVVyTXRGUUtnaUlzQV9wdlctWjFIeWFuY3VUR28wSFptM2h2bGVfNEFYQjd3eUhLTC1qYmtNVkJyaVpJeDk5WlZMUXVLVklCRDYyTXFLLVR4clNaSjVOYQ?oc=5","New York Post","US","1781094840000"
"Inflation rises as energy prices soar due to Trump’s Iran war","https://news.google.com/rss/articles/CBMijAFBVV95cUxOMkpuT0djaFFoRThZQW1Nb2MzMHRILTNjYS0zWDdRT043TmZhUFJUUXRaUWo5bG54bHFUa1QtdlhyamRodnFLNDVIcGlvZkIzaE5sa0h0dk5EZGJVaXFack1XZkFYcTg0My1EbU1pc2VvOTBGUlQwcW1WZ0Y4eGlrSFQ1MkhFNVdBcERjZw?oc=5","The Independent","UK","1781094660000"
"German air show opens under shadow of Iran war, fighter project collapse","https://news.google.com/rss/articles/CBMitwFBVV95cUxQY19XWE1kZ1Z2U3JJWE1ZY2NNa0RraU16Ty1kU2c2TG5YQktkOEVHdTZ4V09ydjF2RVZRVnNPQ0U5WUJLS2hLS3Vhcy1zNVU1UEoyV2ZNYkl1eElQQXBfN2ppal9zaHY4eWlxZ0RuU3llZ09weW9EajM1aE96d1ZUUkNvemZ3aEl2Y1czaUFueE5IVEJtRW05Skw4Ymg1ckZILWdiRUE5TUFhT3NXSzkwRjNlMm42d1U?oc=5","Reuters","Global","1781096759000"
"Trump says Iran will 'pay the price' for stalled peace talks","https://news.google.com/rss/articles/CBMitAFBVV95cUxQbVNQbzBKMG56aTlNdXYySEhKTDR6b1d3c1NmNXdLU2NraWY5ZjRsOThaV3RLYXBrR3hNR1QwOEtwZ0ZPZWlJeEh1OFZvLWJnbVIweVBfcjVQaThtVlB6NTFRN1o3NXEycVNQWjRqNjU3MnJ5R081QnUxTEZhT25QZ0N5ZktsQnkxd0dLcFhRYnlNVnR6bGdCbjc4X3ZoQWVRRWpMUzBHdC1HWk9EVkpPUy0tTXA?oc=5","Euronews","Europe","1781096598000"
"Israel's Isaac Herzog calls on Lebanon rise up against Hezbollah, Iran","https://news.google.com/rss/articles/CBMibkFVX3lxTE9sdGxsc2xSTWRPdkRISnZ2TXBuZ0hxV0lNT0pGeWc5SnZnY3VncDBpanJsTDA3S3ZIdXNJNDRVc2FSaUxCaWpXOWVQUHZPWGZKMWFDSDNYb2pMSTYxZVNJTDFKWk95NjZVQXpzdExR?oc=5","The Jerusalem Post","Israel","1781097356000"
"US, allies condemn Iran’s ‘lethal plotting’ in Europe, North America and Australia","https://news.google.com/rss/articles/CBMiwAFBVV95cUxQb05yODFDZ056M1JXczhPazVTMF9nT2otMmxlR3UwdF9oTEc2T2RTWUl0N2JPNHRhaVVrcl96SW5NNjB1Z1BaTV95MzdxQ2hHV1UwTDJKeEhJcENoVWdidkVVUTh1djJ6c2ltVlFVR0ItTHFGX2Z6SjNkZ2YyQUphOW4wblJxSXpEUTVZVWgyOE1LTTctR2ZEclRub1ZGLUNLcGFsOUlSMGpud3NVakNyd0xtV0I1MXpjVFN0ZTBCR1o?oc=5","The Times of Israel","Israel","1781096447000"
"Trump confirms helicopter shot down by Iran and vows US response","https://news.google.com/rss/articles/CBMiwwFBVV95cUxQaXlsWUhkVVlmU1hpVlF6MmFGOHM1b205VmNrOTNXWDZHeTk5amQ1S1BEWXdNUWpRQ0tuX3d6Ulo3cUtBTHlENEdzQmtpRGZ5SXR1SW9JdUFNM2MyLXJva3d1dF96NEs3YzFYQ2o1a3RPbW9oRGNsb0ZBOEVJMDRJSVFWZXpkLXd6OGtLRlBkd1BtdERucnR3VjFERGw1elpFMUlkSlZRQk5PTy1BaVhYbTFHcHUxTl9VLUhDbDFaVUExNnfSAcgBQVVfeXFMT0tjRUlSa1psMktoc3BLZmpqRWJiREJnc0xkc0RqbW9wYWN0dTFRc2tQcG90LW9QYVNxb25ESS1USG5ZRExJN3lSY2llYUVUcUxTcWlJZ1UzWF9kRklibUxqNWpna25YUEZrbWlYc0d1N0FkUEVTUVZSQ1NqSmFSeVlBaXRGdmlvOG5sLVYtR01mLVR6NXJmdHZDWUZ3SVZTdlNEVEhEd2o2MlJOMktxWjZma1IySUxodW5qT3k3bmJ4czlkdUhLcFk?oc=5","Al Arabiya","Arab","1781096400000"
"Qatari delegation visits Tehran: Iranian media","https://news.google.com/rss/articles/CBMihgFBVV95cUxOT0NJSGxRUFVSUV9YWEgzLWVNeDRIZ0JpTHdVZjhTcU9uOVV6a2JtbFZ6SnpLWGNvUkdQR2JRRE55UjNzTkZNd2JKbVF4WVVrc3BXM2NCc3JfYXB1bEhvSUdxNHBvUVZXVkFTT3E0R29ENUVqTlRCbmUzdXdlRkM1RmZ1bE5SQQ?oc=5","Dawn","Pakistan","1781096327000"
"Trump blames Iran for shooting down US Apache helicopter","https://news.google.com/rss/articles/CBMiuwFBVV95cUxNRTA2aEhNZndHeXZ5c2dERVpNSzQ2OVVZMkZQS0g0ellBc25KUVhVakhUNDJCeEotZlRDX1ZjYnZ5Q3dQVXBuRlV3dFphUmluSHRSOFliZFFsdWRzRnE4UG9hUC1keGtnTFFDR0VuWjJhSnh1azhzdEU4SEUwVWt5bzBjNUNWMkw3dG13YzJBY3pzMlNTRzdlZGEyb190Z09yd3hrWTJkNG5VbFEzQWNJQTZCNWpTMW1DSXlV0gHAAUFVX3lxTE9nX0dTVkgxaE1keVpaV0tadGZrM3NDeWNVM3FCakkwV0pVYnpoZmRQbGhpcG5uclU5RkVKdmN6MG52cHhVcnZCUWsxTTc2SlNsdW11SGRZczM1c3hyc1ZiMEFNTlNVaWlkWnhBVjhKT2J1Y0cxSlJFQnctcy0xbjBSMlVEb0FxMTI5aHBjckxIdHNyVXBUZ1hvdHQ2aV9qbXZoLVoyVHlZVXFtdjFVSWF6U1ZOZ0RNS0kwcm5tNXNaYg?oc=5","Al Arabiya","Arab","1781096100000"
"Former Israeli Prime Minister Ehud Olmert says Iran war is ‘back to square one’","https://news.google.com/rss/articles/CBMiwwFBVV95cUxPa0s4cG55MDBvc3U0Y3JKVUR3by1RT214Y0NhdTNOeHIya0VpeXlJM2VZem1fUlptSUtlRXFaZmtCaVlNTG9WbHBtMXN0TzNrdHg1d29zYnY0bTB4NGk4TWhlWUxoejhKR0JhWko0MWhSd3JyMUdwOUVLMGxZTVh3VF9xSjRwSVVuOC1ZSnd6UVBydU5VXzdUc3l1b3BzSlF4N3oxaWk4TDlBSjhnVzFLVS0zX3d0ZjZ1aXBVQXJvMjVFS1U?oc=5","The National","Arab","1781094821000"
"Trump posts another ‘Praise be to Allah’ taunt in bizarre media rant over Iran war","https://news.google.com/rss/articles/CBMiowFBVV95cUxQU1dOMW1RaGpVMDVYYS1UZXdfUWptVjVTSF9DbEpyWE5uRUxqcmJQbG1LcXhQSlRIVnEtcm5hVm8zNnlaN01ZWmhacE01aXE0ZlVDNWNtVVQ2N2JObDR5Q2trSVQtVXZudmZWeFBCS1BkNmw2QlVQTVpqS3dtenBLLXZvMElBTm8tVzNlbm5jbUt0TU9Ca0ZMMDNvTnExa05ySkpZ?oc=5","The Independent","UK","1781097960000"
"Trump posts chilling ‘West Wing’ clip as tensions with Iran explode","https://news.google.com/rss/articles/CBMikwFBVV95cUxOZXRXY2hMUlA0b0xkMUROSWYxNkpBYmxfVnZRRV9vNlRwR19fanhwOHBOSXZPbUZTRE50RWJvMjJibEUxa29sM0ttWXJBbjJJRVNIdUxSeXlOalRBZ2FCQXZfbHJjODc1Q0p3Wno3UkZnelVUUEc5MXV5dHdNcHZtMlB1N2gyeDZ6NnlaNm5SMUNUeW8?oc=5","The Independent","UK","1781097420000"
"Trump warns Iran will 'PAY THE PRICE' after taking too long","https://news.google.com/rss/articles/CBMiVkFVX3lxTFBLMG5LZUhBaEY3YnlMU3hUdW53VkhBT3U2bUxlcGYyZTJyQnEwWjc1XzRsSUhSWV9vQm9YdksyWldwZ21kbGVOVnZkdzd3QmR4cDU0MllB?oc=5","Fox News","US","1781096615000"
"Renault EV orders have surged in Europe since Iran war began, says CEO","https://news.google.com/rss/articles/CBMiugFBVV95cUxOaUxrQWRDZGZOZUN1a2FBMXpyRlMyV3Fwd28wTUxnOXJIUUNNVk9qaWxTeUpqOWxJaW5ISFlDOFUyem9vUzYyVDIzdi03QVNEZWpySEdiVkZxVUZrNzEwZnloWnZibWZwc2kxemRKV0VZempVbzJCQ0RiWC1kbEQ1NXRUZjZBdTdFMVc5bHlIM0tjM29wV0xHTHh4b0hER0ZnUnd3bWxkNkw5ZF8wRHA1eEVab0ZjVzEydnc?oc=5","Reuters","Global","1781099038000"
"Stocks Fall at Open, Trump: Iran Will 'Pay the Price,' CPI 3 Year High, More","https://news.google.com/rss/articles/CBMiqAFBVV95cUxONko4RkZFMm1hQlFsb0pyenhpb19CWDFLUXg0ME16WVpWQkY3Rko5b0ZYUVl3NGlrTERDMWpCZ1pTdFlDNlp5SExjZ2lVWG91MHNOUlNWcG1HUmhMYUpneTJOaXY4ZlZhNFRKQmROSUZlelJkSFpPelN4ZEItOUdQcm1JbDZCUmR6UlRrOHZJV2JERDlYMGxtV0thYVRKd2FvYUNwVkEzbEw?oc=5","Bloomberg","Global","1781098934000"
"Lawmakers puzzled by President’s latest Iran post","https://news.google.com/rss/articles/CBMimwFBVV95cUxPR3k0ZVRmVDQ5ZUFJaFJoUEFHRDRpMEx0RlBjSGNScDV6VXlOY3R2bHF4NUdqWnJWZTV3RXlWOG90MTYyYmtuTTI2OEZFWGtFQkc1dDhESGxzZWlfVmd3enJOY0dYTXQ2cHJyWkd4QlNXUHYxY0wwUFJGYmo0WDFoam9xckFFeUhiY2JZREJDUUlqWGhXS2hraDJJQQ?oc=5","CNN","US","1781099843000"
"In a Timely “Under the Shadow” Staging, a Ghost Haunts War-Torn Iran","https://news.google.com/rss/articles/CBMikAFBVV95cUxObzhrNUtrUDM2Z21OVG9WQlJjeENRcHdCdVRHSDZrOHhWNW5QdTdJUjd5ZzY3MFpraDlWRzFaV2dQcHJleXpmRWxGWWlnQ1hlUkFid0M1VU9UTjhDLTkta2VFUnRkSlVDVDVMUm9FYkZCanBlNzRxTlVPYkFabUZvR2dQTWM0OE5ISnZJS2JCLXU?oc=5","The New York Times","US","1781099711000"
"Inflation surges to three-year high as Iran fighting drags on","https://news.google.com/rss/articles/CBMiiwFBVV95cUxPbVppSkVvcllyWXBNYkxwTXcyYjMxUmkxVk5jbWx4Y3EtSHJnNVlnR3RFUS1tUjIxNmdLYnVUekZIWTBZUzZlY2JMWHk2QzhtQVJoQTh4TC1xMk9kNlJHbm1xQnJ3NnUyM21OZDk3YndTQUJINER5QW5ScU1HREg5N3FUalR5QzRQdVpV?oc=5","Politico","US","1781099151000"
"Trump blasts Iran, hints at strikes after advanced sea drone rescues US pilots","https://news.google.com/rss/articles/CBMiVkFVX3lxTFA0MWlHTDJFU2tTeEtETHQ2TnV1SWRpaUh0SGttdE9IR0VuS1JMS291aGdRX2x6SVJNWmIzZHhCZjM4QmNJRzFDT24xVVNicUptZE5hcnpR?oc=5","Fox News","US","1781098503000"
"South African central bank sees financial system staying resilient despite Iran war","https://news.google.com/rss/articles/CBMixwFBVV95cUxQaGhKd241Vkt6WFFNQURpdkwxUDlyRENyS3lYaERKUmVaZm9qbVQ0RVFCQVNDOFVDV0dYaWtFSXdfWG1YUFR0U2N5VldmSV94aGJuamFpa1FSUXNOU1d2M2lKZnU3aTJHTWlmNkl6OFhDczlaYVppUHlfdjlXaW9HNGVTOXl2NTRxQmVDLUx6WkhocUhvTGRNSzBZWUpuMGZNMm9BQnNzMnpoV05aalljV3V1RUlmR3FpeTVDQm43dnhMVGtueEVB?oc=5","Reuters","Global","1781100276000"
"Italy cuts reliance on jet fuel imports amid Iran war disruptions","https://news.google.com/rss/articles/CBMivAFBVV95cUxOMFlHSkc2RUZiSFJmVXc0Z01EM2NkcWx3XzRac3BXYUtQcEpfMmRJZTM5Rm1NczlheDM5VS1IeDdnSnNCX09vZVhSMjFaV05KdXdWd2RQeVhLU3RIYUprMzg3MmZqZzFQRW5Xa1BNQUhVQUFITWJCTlFIeFA1d2RCMTdXR0x3WG81b0o5eTNneFVMam12bUpHYmJ0aEdXTGVEaTVnNERzTnpnWEtvc0FrVHFwR3RteDNsVzVNbA?oc=5","Reuters","Global","1781100198000"
"Iran will never surrender to threats, pressure: President Pezeshkian","https://news.google.com/rss/articles/CBMiiAFBVV95cUxNUmMtR0huTWdma2Q2UjdXalhudmVMb3ZUb1RGdUVUVHBXalRpMmRkZnJmazctRG5sTFI1RjRJbmVFZlVkRVE3V3pKa3lXQWdIazFFQzF0UElYcV9STUZtNDRpX2JpcE5PV1M5LUR4dUFxZWhtMzEtUE5wQ0lBVUFwUW1FZWZ2YWZt?oc=5","Press TV","Iran","1781101560000"
"Iran’s economic struggle has only just begun","https://news.google.com/rss/articles/CBMiggFBVV95cUxQSWdoVDlQb0d5UWxWN19TS0NvSXFndmN4dnRuMTdIMC1teEdrT3hpUjAtNWF4TWV5a1VqQnF5SHJYWVd1ZW1wYkkwTVFQN3RCS0NSN1ptUXFkVHVvTWVzY0VYdjMtcFpGN2VEaTA0VXBXZV9HUk5ZWHZPcmotdW9UVnJB?oc=5","The Times of Israel","Israel","1781100420000"
"Saudi Foreign Ministry: Saudi Arabia Condemns Blatant Iranian Attacks Against Bahrain, Kuwait and Jordan","https://news.google.com/rss/articles/CBMiwgFBVV95cUxQc3ptd3I0Q3AwWDVwWGdQM3lOdklSQlB5cmlOYXZ4ajdsZUQ5Z0ZOMEtmcUJlWEdMa1pQQ0pwb1lGX0hUZVdRbldNN3FETUdDNkN2bmZkMExLaHFEQXlUa29xZXVscHJZckNOU2hLc0hrUDRNR0pQVm5nYUpzYWZEOTlwTWNMMUtlTkVkVjZfSzRIbEpXUV9sMFRZZnpCQVNTbnAxaF9IN2hhQnNrQU9FeUdWUXBCbjB3RzRkaGNXbzE5UQ?oc=5","Asharq Al-Awsat","Arab","1781100409000"
"Trump warns Iran over delayed talks, says new strikes possible","https://news.google.com/rss/articles/CBMifEFVX3lxTFBXYkN2OV9QcVBtQUVuaTVoLWZSbFIzUEVWcVZ6Ujhla3hOUGNIeE1hLWJfbVF6SlJKVG1jbllCZlNPY3RYTGlnVWUyNUEwUXB1enNHVkpnU1dGUHZkdVgwSkNVWmR0SGtOZERjWVZXc3hKUS0tb0dfVTgyN1A?oc=5","Xinhua","China","1781100330000"
"New type of drone used in Iranian attack on US base in Bahrain: Iranian media","https://news.google.com/rss/articles/CBMirwFBVV95cUxNelNPYUlJb0Z3VWF5dERfa180X0JNTzMwckgyUDhVN1NJWDlMdW9BQkhVOEZqaXRCODB5aVRoZ2VJbHhwb29KN01EYVNsQTF0YWI5cm9Ja3c2RGUyWTcwc21uTlV2c0xEcDdMV1JpTkMwUERWbjB2OE8xZHNDWlljMmlldFZPSk14T1RSOHRQUTNucXFjQUdzWVVYTjRVYVFQMGJHdjYxOEM0MHJWTHRj?oc=5","Dawn","Pakistan","1781100004000"
"Saudi Arabia condemns Iranian attacks against Bahrain, Jordan and Kuwait","https://news.google.com/rss/articles/CBMiygFBVV95cUxNSGdjOGQyNlRETFVmbTYzbzlNQjlkdU9VQjg3bjFKUzdXUjVFMEJZVVZtc2R2bGdNbGZ1MzVGc0Jwa1hjd0Qtc3dTNEduT1lEZ0k2SmZkdjExQjA5QS1uczRERmEtYzRQUUVVTEV6TUFDeHJfdW9GTzk3cHRHenBlNm9WWUNxUFBOYjJPR3lNWUEzQjlra2oxXzRHMU5PT2ZNWEV6U2RHRjlUcDM3VUZER1Q3VFpPVWQ3eVpnSFFKeGJ5NjhKc3MwY0tB0gHPAUFVX3lxTE1uRFliRi1NVW1vbVZTTXRpcnRkdkdDaDJMaldYQThFd0VINUx0V2V5VnRJLUx0YVdHNFZWTEFnc0tMa3EyT3dZR045TjVrbDR5bm5OT2tHMGZCRlNRSVprbFBEV2Foa21YdWlrMWRnSGRtQWFBVGFER2QtX1Jrd1JNdGJ3aDc4Tk5QNTItRHBYdWZkT3BQOEZ2bjM4cFotaVp1bS05QzJJWXZteGRZRFZnVFlBVTVJSjYyUlBNekNpNUphaHQ2Sm1xMFhwazBTRQ?oc=5","Al Arabiya","Arab","1781099880000"
"Saudi Arabia condemns 'brutal' Iranian attacks on Kuwait, Bahrain and Jordan","https://news.google.com/rss/articles/CBMiqwFBVV95cUxPWFRtWDl0dm44TGxXdkt1QWVJY2ZBM3c0V3NqdUNUczZXanFiQVl5dENEeGhOVlRVZlFfeEtlQmhSMTZPWHZkdUgzQ0VPOHdEVWJXSEx6Q21RNTJrQ1Y1bEZoeWNMT19BOWludU5XdmxGR3phcGJUVlI4akZvcS01U0JRTnMyb2VCak9lYXpuTGx3WlA3Yk94b3JWRU9SVC15djZ1NUprRlJPSWc?oc=5","Dawn","Pakistan","1781098804000"
"Trump says ‘praise be to Allah’ in early-morning rant over fake media and Iran war","https://news.google.com/rss/articles/CBMimAFBVV95cUxQYkxqN2pvdTFsel84YkQyR2tIZkhacGtPWUxvVE9GZ2hMNHJzSjdISFBGeVlPYl9HenhaWV9wbnptVVB5MS0tYXNuY2VUaGZheEp5WGFyZHZLbHg2QnBiTVhYV3AycDdKR0FPOFpNWUlCaVBfZ04wZnd3eUFYWmI1SHRyNURCVlJWQ2NPUnYzLTZFNlVrWUNqXw?oc=5","The Independent","UK","1781101620000"
"Oil Futures Gain Following U.S. Retaliatory Strikes on Iran","https://news.google.com/rss/articles/CBMiqwFBVV95cUxQZkNjVmQweDZvRW0tamlMYW5PYzFWZG9QMmtkOEhVQi1UQnVRS3c4M2dVWk4xT3hSWGNCeWlRc1FRc19fbGR2TjBsWGdvWE5IdUNpSjh0SlRsdGRiaHpucWdZUDZSRlJLYUIwNmd2OVEya2hKcVNqdFBWQVZfblkxNF9pc2RmYXpFVldXXzNwSHY2TklTTGhVTjJENmZuZWZwM19DNk5MNkhyd0U?oc=5","The Wall Street Journal","US","1781098800000"
"IAEA board passes resolution demanding Iran report uranium stocks","https://news.google.com/rss/articles/CBMisAFBVV95cUxPdFFGMHBSUGR4b1lIMjVQWGhxZ3JwR0tzYk90ZEVsZXEyLXVQbTdicC11UmpLazd6ZFF0a0RzTE1UVDl6M0VOcm1jX0s2M29SdFVTTk01YkV3d3o3eVpHdEhncUdBdm1JcUFhYllWSEtVYVY5VC1qVTlaQzctaUpYTmYycnZoWXJxdm9sbDBWOXNqdWJWRU5IU0pRZGpIZTBhUnFDLXZmZ3NzQlVpUnFUQQ?oc=5","The Times of Israel","Israel","1781103485000"
"Ramat David Airbase hit during Israel-Iran escalation, investigation underway","https://news.google.com/rss/articles/CBMibkFVX3lxTE1kSmJsazJvR2R0Z0VYLWJxdTBKQ2QwMk1TMkFTS1I3WGQwdl9LaFNmOVJDM0FFYTA0M245YkxBOXJnVTJZOGFsVTI3S1ZEU0JKMkxmVHdsZ2xub1AxWGNLM2NYY2ZWdHhiRXFCU1FR?oc=5","The Jerusalem Post","Israel","1781103281000"
"Satellite images show Iranian missile damaged IDF air base in north Israel","https://news.google.com/rss/articles/CBMinwJBVV95cUxPcTViYmp0NFhJX3FyVGhNS3lpdDllMkl6Si1JQ2lfVmhmYkxKQjZ3RFNoNHh3WlZGUXpzSEZ1dFBWUjA2ekVrSTE2QkdVTXZpQXdLZTJtU2FfUkVpTUJ3RGE4VnZvOEswTDFWYTlhQkktNlpjY2k4bjVJYktkamp3dWRZWUJ3WDQ5a01yTDcwSENOOGVJSTdqVjZ3eE5uM2NWbVFnVlZoYlRvUjNrbDUxdE5DbkNmd0NQbzFRM0kwZ1FMSnh2Yzd4Y3NGa25vRjc1N3padzFYaHFEajF5RVF0emxNaUVCQmN6dHcwVXhFbEhqY0hVNkpWWlctYXFyZHZ2S2tRVExodG5xdDhoN29uS0g5REN5cXhUak1oajBQWQ?oc=5","Haaretz","Israel","1781103240000"
"The Take: Why Lebanon remains caught up in the Israel-Iran conflict","https://news.google.com/rss/articles/CBMisAFBVV95cUxNTy1FQkluNXAtNmxWRGZFYkp5OWFfVWMxTWdFaTNrMi1QUGVZbE9rUWthZDZFYXJLQk56ZXVRdXlrcW1wak9lYU9vNmJfaDZoV1J2aEcwRFVlM0drUTYtaUFpeFY5emRLbThlcXQxMDB1ZDNQTU5BOFBRR3A1eGlIT0ZES005R3NweEg0VHptaTNTemxCQ0dvdnpLQVg2b0Z4OW0tdGp5aENDNXpCN2pucA?oc=5","Al Jazeera","Arab","1781103180000"
"Iran Threatens to Stop World Cup Games if Faced with Unauthorized Flags or Slogans","https://news.google.com/rss/articles/CBMitwFBVV95cUxNeGhWWWVIa25KcEpqZWxFS0ktR3JjaGxFVTc4ZFFlWEZMX1RTOFBIUGVHc2RqM1hQOVI2Zm1UWDJGaXZPUDkyTTdOa3hoOHBOeTg3SXVOeEd1X0lEcFREQ3VIaEdhUm5WMHdXR05OM0NPTm05Z1k2djR2V29hTjltYjhDQlE4RlZzcXl1M25sa2E2OWxMUTJMQ3FpeTZnaS1mNzFRaFRBU0F4b1JiVlBkSkl0cExlRDQ?oc=5","Asharq Al-Awsat","Arab","1781103047000"
"Sheikh Abdullah discusses Iranian attacks on UAE with Swedish Foreign Minister","https://news.google.com/rss/articles/CBMiywFBVV95cUxNY2UteWZjUDR4Vks5eHRhM2Qtb3l4eXAxZzdHRFgwcC03V2ppaG03NGxFdFlCdUdRTXBHOWFBUTNBczZZZTNtV3hqUEVNU0NTY2loU2dWTW5KR3VGQ1hlR3BTRVB5OUt3YzQ0YmFJb1lfdXFtQXdNNXNxNmU4ckJZbERnX0VNRndVMTIzY3lCWE1OYjNUZUZSQUhaa3kxTndDOVhZNmgxRU9OY3JncVRnemdUQzF5aWJQZzNtcmtTLTRVajNuRzNjbUQ5VQ?oc=5","The National","Arab","1781102925000"
"Numerous countries condemn Iran for sponsoring terror attacks globally","https://news.google.com/rss/articles/CBMiakFVX3lxTE9NMnpsMGRQck9DRDFOM3JBanRTNXU1VmpTNUs2QkdNRnJFeUh3dEw1T2xZOHdVSC1kS001SjNwcm9hWldwZ3Y3VWtuOWxvRFQtdXVQMkgtb1c1MV94SmJicEYxUC1SWjJ0b0E?oc=5","The Jerusalem Post","Israel","1781102433000"
"IDF confirms damage to airbase during Iranian missile fire this week, no injuries","https://news.google.com/rss/articles/CBMixAFBVV95cUxNZlRFbzZ6NzNoUkFiUFB2M0tGcW85RGFlOVZPVWd4R1gyXzQwT21xTzdCaDRnMTVtM1JFdU9KZHV2bG02ZExhQlJHa1JrNHN5WnlEQzhfOXNOeWhsSGRXdzlzOVV3QlNValJHejcwTHktQU9ocmhDb0JKU3U0a21iY042VVo1MzdZdFB3bUp3c0VZellZY01Id3N5amRhS2IydXdCTE5lRDllYjBaZExRb2VWWTE1ZS1tWnlaaTFnX3Q2b3RH?oc=5","The Times of Israel","Israel","1781102195000"
"After Exchange of Strikes, Trump Says Iran Must 'Pay the Price' for Delay on Deal","https://news.google.com/rss/articles/CBMiqAFBVV95cUxPczJBS2JMTVJ1bEZSb1Zrb3BoU3VDdC0tcUc5YURoQ2kxNEY5cmVWYmE1SEdSVTZEZ1VZNVVVY2FrMWttWGRsdm9VV2ViX2huTThjVld4bEpjbXpWTnJoa1JoX0k2UTVGNnQ2V3hiMHJmUVhIYlVLbWJvZ0FEZU5oWEpzaUx5U3dSUm9XMmlvZEVHV3VGTFNMR2tuSWRQb0x6R0JuY2xIak0?oc=5","Asharq Al-Awsat","Arab","1781101767000"
"GCC statement says Iranian hostilities undermine dialogue, regional ties","https://news.google.com/rss/articles/CBMiXkFVX3lxTFBReU1jTFl4VXAtS0N2TDEyVGx3bDdaMVlqdHZ4cFlVa0lZbjdHRVNpeGNoMEwxQng4eEZ2Y1MzalJzalp0bFRadjhsRktnTFhDbmtQUUVaSDM4MlUyaWc?oc=5","Arab News","Arab","1781100944000"
"Trump warns Iran over delayed talks, says new strikes possible","https://news.google.com/rss/articles/CBMijgFBVV95cUxPVXl1ZGJqMHVaSWc4VFFtR0gtaHZWZEpHZ2ptdkJHUkIwaWVKVllid3M1LTV1LS05bFJIMG4yNC1Qd3lNenVpZzc3T1RfZW9PZ1VrMVlwa19tdkxqZXJiZXA4UDZuZ1RwZURhRGxxWkU2TFk2ci1DaGdHV0F5NHE4aXRhZWxtU3BvVHg5anhn?oc=5","Xinhua","China","1781100330000"
"IAEA board passes resolution demanding Iran report uranium stocks, diplomats say","https://news.google.com/rss/articles/CBMixwFBVV95cUxQVlJJeFYxV21KZHhleUoxdGZoZkhzQTRLbDFSeFhIbEhPcGpwaFhzdXNULXJLd2cwd2xSVFEySmZKYnBqYmdPaXRCMXBSam1oQXdrN2tBc3ROaGFLd0hDMDhyYW5mdG1RZks2NUtVWFQ2dTlxMFV5X1NSd1BTSy04bnRIQkp4dzA2VS03eWNlNXZuVGRpRm1PZGxlM0wybTltMjZzWFozdHZucXRsVEpaSGNfbnNpQ3lUdUg3Tnc1bDNhTHZGMTdZ?oc=5","Reuters","Global","1781102150000"
"OPEC oil output lowest since at least 2000 as US blockade squeezes Iran, Reuters survey shows","https://news.google.com/rss/articles/CBMizAFBVV95cUxNX0dpcExhb084QkNZaXFTdWVRYTR1dElOeWFDaGZhbUhvMVFZdVo1ZFh4UFB2YVZUZjVtUzI0d25kanJOZXV4RFZTU24talNlN0hqVFMxbEhJZ0loR3haOWszU3MtdHdiSDEta3Z2M0tEN1p6ZklyTmplN1ZNdTkxc2VISkFjY0xsY0FmZThPd1RmMlp4cU9lVklsQmJfby1CM1AzajNrcndPN2h3bnpELU4ySzVIaFIyVC1zUWxoSGFaMUYyV0NGcXdMVnQ?oc=5","Reuters","Global","1781101929000"
"Trump Says Iran Will 'Pay the Price,' CPI Hits 3 Year High, More","https://news.google.com/rss/articles/CBMirAFBVV95cUxQRDNxcWlKam0yWjdna3hrU3hrbjZqRjU5RHFVV0xEczJDSWwxZEVCa29BQU5pcnJzQ2RyUWJYblhZaVhrRzhtc0FmTHBQMkhvY3VYYUtaSEVzTzM3U1l5aUNIUlAzOGd0UzBVR2YxbmgxZEE4S25fZmV2ZG44Q3MxUEs4azF5Q0RJLTdBOHdIVGhVOXJzWEp3ZXl5YUZ5RWpXRVBCQkZWYlZoekhU?oc=5","Bloomberg","Global","1781101926000"
"Iran threatens to stop World Cup games if faced with unauthorised flags or slogans","https://news.google.com/rss/articles/CBMiyAFBVV95cUxPRFI1QzFrdGxzMzdaSks1VWhIYV9GbWR2RkFEZXBwSmU3QWphd3BYU0xKQnFIYWRNUk55Z09KX0NsU2ZRTkF6TEJ0YzMtbUx3MnFuYkM2bFVEY2htYlk0TlVZWGZoeFZaTGFtZFRyQkxjUXYwRlF3dGlYNVpCUlFOSzFITktZcVRmMGJGZk85S1JNQWNiVXFzSEhGT05zcGlRM0Q5bjZkR0pPQ3MtZ3hYZU1lZEpObm52V1d1SzdSZFE0ejRXb010eg?oc=5","Reuters","Global","1781101904000"
"Oil Tankers Go Dark to Sneak More Gulf Barrels Through Hormuz","https://news.google.com/rss/articles/CBMisgFBVV95cUxPSGxsaE43UnBaYW55alIzSmo5VmpFcE5MS1lnVnhZYm0wX1NPTlVuLVFPVzRhLVhaZ3VMSUJvcUx2cDN3UHFOeEV4X0NGZXhRSTdLdnVneE8tTDJPNFU1Tk44bWpkZ2Q5V0xMQWFQaUFPNmMtWmxNWFM3bWZNQVExbS1qemFoWkpaOWFDR2N5VDNRT1ZEMUwtUGIwemZuLUV4dFpYdDhQZU5mNXVzTmd0S19n?oc=5","Bloomberg","Global","1781101839000"
"Trump ya kosa da yaki da Iran","https://news.google.com/rss/articles/CBMib0FVX3lxTFBDYWxnVzNnY3ZlUW12WXlFbDl0M1h3SkVCSDVVY2tWdnJVMjhVNXVyMDAyWjRNUFFGSUFRYWJCYW9hRXZrZFlueGhpekVMdHpyXzlxLWltaVREZHExMEUtY09ORjg0eUczR3czWFBDVdIBb0FVX3lxTFBLZWFKQ3N5VTMwZXhDNjBJeVE4WVFkRURaakhBMWlSNzlCaGdHd0lMZXktUFBDSkRPUEh2YlpGUnVyVElVaUp1YWR6Qm1UNGVtRl9uWllOVkVjem1SRkhQaEsyOGhrTXdqcVU2REVZSQ?oc=5","DW","Europe","1781100914000"
"Trump Weighs More Iran Strikes","https://news.google.com/rss/articles/CBMid0FVX3lxTE9IOFZReEU3ZlQzTHcwWXZLMlRLRWZzcUdiQmNCME96Q3NyRlVBOVQ3ZWdDTTlhX2FNdmFFTDNPWWR5aEFQZWZ1VWF2bzBtT0VYeUdhQ3AyNzdzTjlxbDUtQ3drRW5HMFNGenhrbEdxT24tY2tSYVg0?oc=5","Fox News","US","1781103445000"
"Trump's reveals new details on Iran drone attack downing US Apache helicopter","https://news.google.com/rss/articles/CBMiVkFVX3lxTE16WWdZUFVqZnJzVEFDY2VDY1ZPV2tlTTJtZEk4d1JTM2JJSTlOeTY5U1UtbENsWXpRNVllUDczQ1FNemVPQnZvQWZoTWo3azF1Tlc4REVn?oc=5","Fox News","US","1781103043000"
"US and Iran exchange strikes in heated escalation, Trump warns of further action","https://news.google.com/rss/articles/CBMiVkFVX3lxTE5GTWR1bnB5XzUzZjRqSHFsU2liNFprb1dudGhDbnAxY2pEamJXRHl3WUYwTG9PdlI4RXo4WjdpQVB1X0lIV1B1NzhrSjNDM2Z1dm5yOHF3?oc=5","Fox News","US","1781102705000"
"Trump doesn’t rule out power plant attacks in Tehran after US retaliatory strikes","https://news.google.com/rss/articles/CBMioAFBVV95cUxPdGRBZUhWMjVVTFJMaU1kUWNyajlDQ3lYcjhVbXNRWmktdUxydFBVVG5BZ1R5ZXIxNk5Na3ZMYUM2YklteGJ4eUhob0h4RHdJM21DY19jUEtvaWptTmkybVhqOU9oR0Jmdm9aRHhfQ1FGT2NUNUtnMWRRN0o5TS14VHVhYllZcWJqM29HdVVZazVncUVidFdOYTRXQU11dDlQ?oc=5","The Independent","UK","1781102640000"
"Trump Warns of Ramping Up Attacks on Iran After Exchange of Strikes","https://news.google.com/rss/articles/CBMitAFBVV95cUxQOW81dnRnR25uSnJPUTFUeHZNc0Q3cmFfWTFMaGtrbW4tOEFVT1g1TkY5MERDb2VBbC0yQTIxRDNpWlJxZC0yZ0JZUFpicWtvTlZIYlZZUXJCOTNFcU92b0YzVUU2OTZEekoyVzRkeFBPV3RrMmU0cDU0SkRMZE1QcTZrSXJOMDFSaWx5anc1a290bXpfVnNmV3pmRVBJRHhvRWxRRTlZTjM0d1k1aXU4Ym5nY3k?oc=5","The Wall Street Journal","US","1781102460000"
"Trump says Iran will ‘pay the price’ as negotiations stall","https://news.google.com/rss/articles/CBMigwFBVV95cUxQMlVZcWtvYWxjTXM5VUY5bTNJeXJpZW1YYWlNMmZRckNEbXFWQ1pUWkwwcmVkd3RrZk92TkxDYnlMTENxUzkwUnVSLV9selNvcHNoTkV5LUFjVHJFcE96NlBfY19ZdTlLMHdkWlBCcEJaaDRGY0d2SFZoQjlmeHBJa2VCbw?oc=5","Politico","US","1781101677000"
"‘Lethal plotting’ by Iranian agents on foreign soil condemned by Britain and US","https://news.google.com/rss/articles/CBMiswFBVV95cUxOLTFJS29QczFZSGRNejR3MGxtRmtyZGluVzBpOXhJckVrQ0NsTEs3SWRPbnJlQ2lLLTFMd1ZGVW0wY3VTRG5tLW12WnpTdmVaNGV4Q3dBYnEzR1lPZmgxLUw2TWNNSmI2aDV4dW04SkRTNF9COTNiZ2szMk1jWkJGeDM1UnlVNW1EbDFEeXdhVUk1WTk2cHhsYlZzUTI1QmdLaV9jVjluZmVRQnpCaWxlZEdpaw?oc=5","The Independent","UK","1781101200000"
"Trump Blasts Slow Iran Progress, May CPI Hits Three Year High, More","https://news.google.com/rss/articles/CBMirgFBVV95cUxPTUZ1WTdaZ0JMTktWdFJEX3VEdUhwVWpCbTdIMDlURDV4VTdyZ0JqRmlmQWR0LUdEaVBoZF9COWZaMWJnYjhUY3lidG1ueVNTanFQWkd5MHFVNk9aTEZqNUQ5WGtDdG1ManJtakxMdDcxeDFETUdZZzM2MmNqeE5ndEF4akJJY1dQMnlQdnJmbjNtS09wdWIxMlF2YVBwNmczZ1pfSjNWclF2N1Bhc2c?oc=5","Bloomberg","Global","1781105362000"
"US and Iran exchange fire after helicopter downed","https://news.google.com/rss/articles/CBMiWkFVX3lxTE1hNFJBN2dKSVVUMmhmWTR3UHJPMy1qZG1JM0oxbzZQYmZfSmJVVDdDT0VyelRSNHNNb092cUQ1MWZTM0hhWUJwY3dlUGQ3aHI0VTlhdHZETUNCdw?oc=5","BBC","Global","1781104947000"
"Iran Censured by UN Nuclear Watchdog Over Missing Uranium Stockpile","https://news.google.com/rss/articles/CBMitgFBVV95cUxPMHNiS3Q4aGxlOXhHYTVOUExpOEQ3SzFfVEsxb2ZiRWJNZGlqS3IxTXAwcHZXYTl0MXhMV3JSeGNOTU5TSFMxaEtMQzVlVzBiei1BYU45WmZQVGhsZUpJQmZuUy1YWFBCNmNOcG9lVGJpZHVUY1ZNWV82VWdhOWJTaE1oaGd0NGhUNXNwdVFqTW5yUDhtLW52bk9vWXZUc2tiazBQM3dadmRmcEFGZzlzRno1NGQtdw?oc=5","Bloomberg","Global","1781104799000"
"Anthropic CEO Doesn’t Know If Claude Used in Iran School Strike","https://news.google.com/rss/articles/CBMitAFBVV95cUxPcUVhaE5DR2hEVjN4M19sYjlGNUFwTE43a1F6NlFDM09qU0x5elZxUGdzRmttQWpGUEpaQ05tQnNVWFpqQW1Td2Qyb0I4WFNia2t5WGFPbG5icWlxSzZIbVlmU3ctbS1zYW41cy1KTjM1VTY2Y1AzN09laTNBYkttZXlJZ3hxS25jZmk3T2w5NDRtSmNNTDlpZWI2RzBYUVZZU19hWFZ0Z2hVMVQzUkROMlVfRG0?oc=5","Bloomberg","Global","1781104626000"
"UN nuclear watchdog board demands urgent Iran cooperation and access to nuclear sites","https://news.google.com/rss/articles/CBMirgFBVV95cUxQMjFqNUotZ1d2VVN6SWM3MW9pWkkxalczWHR6QVkySWhqc2l0bXhqSXFCUVhfWUJyZ2lDT3RsTXNCamhXYmV3M1A1dXVKWDRPZ1NYcmhfRzlEZko4aWNjNmZNSFVlMVpWR05PQWM4QU11dXBKSkFQMVpEZGwyamJacHVkc0s0bWg1Q2NyeHBuWnU3bjhuUEFYSFUtN2JKN012cEU3Mzh1S2VENW5BWlE?oc=5","Associated Press","Global","1781104020000"
"How does the Iran war end? US and Israeli leaders at odds over priorities - Middle East Matters","https://news.google.com/rss/articles/CBMi1AFBVV95cUxNYjViRllSZUVuQUdUU0lCaHF1N29hQmp5cURYeWQ2MWl1WHktOGc4YTQybmtsTFZXT0lLbVUwYTdVck9rTHJQMjJ0RWxZTnhKWmtZLXdDelFsM3gwLUhlZHB1NUJqVV8tUVNOTkQ0TkdocEd5dGJ5aWd2c0lyYmR4dGE5WVZqVlh3SWoyb1pPZkpUejV2RGNuMTM5ZmFJSnJ6Qk1GUDFWWlhDdi0xRG1JZ2FTMllwaDVmTERxcEJuSXZidlZqVU9lTEl6OWRodmxWVm5uRA?oc=5","France 24","Europe","1781103793000"
"Iran threatens to suspend matches over World Cup protest symbols","https://news.google.com/rss/articles/CBMiX0FVX3lxTE1YWHZ5aXlGYUxGMFBqOGtCWUVYYmxFSnpXWFFRbkZJN2cwM3VXWHhEdWViUzI0TjZWdjZqanhaaS1ETmdOUnEwZWkwdlBadlBwdDdWV0lCa2ZXRjlabjhr?oc=5","The Jerusalem Post","Israel","1781105242000"
"IAEA board passes resolution demanding Iran report uranium stocks","https://news.google.com/rss/articles/CBMiwAFBVV95cUxOUE42WDNpVW5WZml0M1ZlRURTVkluUWV2NUpsU21aX3dBcmQ1QW5UY3Q3UnhqOE05SUFkb2RRR2VNc081a0YzdVNSZUJVS2xYckU4cGJaMlVKV0RJZGdmRmVkYWFkNjdqZU9OUEJUb2NLY1pzVGUycG55REVCX3Z5QWE3RHRtQTBhcV96RVg5ek92QlhSMG00SnRjbXp1VC0zWXQ5cGgzWXdoZXA0V2VKM3BfdGxvMERXQWlHSW1pUmbSAcYBQVVfeXFMTm1HTGRhVVphSFZXX1pXX3ktMDMyaFd4Z0FRNVR6VEdDVFBlZkZRWEV4WE1LZzhpZjV3c3hWVzI5d0FxZVFzdl9pWkdtVVRHaE1UN2ttZ3ZpemlTR3VhWFliVlJobndrQzcyUkN1WExkdDFOYmhjS1phdy03N3pLd1hKRmRBSEpVcmppNUxlcFJ0aFloOW95WXNraFNhcUR5YW9EWHdrWnVYUkhMdU00LXdUblBQVzhpVFBNZXc1cHFXVWwxX3Rn?oc=5","Al Arabiya","Arab","1781103960000"
"Oil prices rise after Trump says Iran must pay price","https://news.google.com/rss/articles/CBMijwFBVV95cUxOZHNCeGx3R2NWMDhSX0ZBUG9aaFN2Uk9nTlN6SkVKbjlFOFhOaXU2Q3lBR2pjTHRMU1lOeTl3VldySUgzRE9JMGlxdGlLMzZoSThRM1pnMjh2aWZ0R0x0NXdhd2YtRGVIbFQ1b1JVZ1llN185UVRsREhzZmNrbmFhSkNnd1lSQVI4cDhkby05aw?oc=5","Dawn","Pakistan","1781103719000"
"Why Are US-Iran Talks Taking So Long?","https://news.google.com/rss/articles/CBMikgFBVV95cUxORHI5Y21LVlY3dVFpWkZQM2k5ci1aRUpDXzNabldwU0M0aUFXdWVvLXJONE8tbDUySXdHaGVnN2ZxQ2JhZGpSeTVmYWhDVmI2Z3FiVXU0MzRCSERhbXNMQi00MmlfZjRKMVIycU9YOWNlcjZXRThad1JiOHZuTWJuQTZnZHpMWW5UaDRGeGVWS1k5Z9IBlwFBVV95cUxQUnFjMDYwVlhqRnRvbHNsdm1KeG56S0RUTXFHMmxLLWVFNmgyb0NVRTBPMzY2bXItSElrM2lpbFI0QmF6UDQ3UDNSQjM1SEJkbzBGQ1B1N1dkOEVQN0EyWjlaN0lzWUtQajRVU2J6S29Sc3JSZ2NIbzJzdlM5bTc4cVJCTk93T1RwMWJHQ05GVkU3STd0Q2I0?oc=5","Al Arabiya","Arab","1781103321000"
"Iran vows to protect 'inalienable rights' of pursuing nuclear activities","https://news.google.com/rss/articles/CBMipwFBVV95cUxPQmo1Y21TZ2FVR1RHWTV1azBSRlQ5bGFrWHFJT3ZoWjBwV1NSZlZ0MjlGOWhOUzY2dWVOdTVkNjdaSmQtZTdRdzk3bVRuYXdDaWFISmlOVlJ1b0tWeGVaVXZYYjhrZXBEV1dySHJTZDdXVEVlZDFrNU1RbF8yWWUtN2xWVkhUYUR1aWxKSXlzcVZMZm1hNFR3VklFcENYMlVpZnFSR3dKQQ?oc=5","Dawn","Pakistan","1781103074000"
"Trump threatens Iran’s power plants and warns they will ‘pay price’ for lack of deal","https://news.google.com/rss/articles/CBMiqgFBVV95cUxQUTRBN1NDcUZ4YnFGV2xMRkhzUk1fVzc0VjJkYkl2Yzh4LW1oMWYtRmROcUoweC12TDB6LTFCX2pjMEtHM3JhZm5oME1pVjRka0NVUHNPek9XbGFVQ3NqbDdvT2dQckhJeHRkSEpsSVI2YmV3M3ZjZTZSNnBsUzFURXdxa2dEWjV6TTRweHBiYlk2c3NpLTRQeFpQMll4Vl80OUlrSVJUYXVCZw?oc=5","The Independent","UK","1781105160000"
"Pompeo warns Iranian regime will ‘not go away’ after US helicopter downed","https://news.google.com/rss/articles/CBMiVkFVX3lxTE54ZUpjc1BXR3JkNkRzQ09yMFV1cHdNUkNoT0ZoVzdUYllobmdyc000RkhDWHBZMzVNOG5raVQ4WEMtMTBQSW01RkRONlJzNDVHd0xHeTZn?oc=5","Fox News","US","1781104966000"
"UN nuclear watchdog board demands urgent Iran cooperation and access to nuclear sites","https://news.google.com/rss/articles/CBMi3gFBVV95cUxQNFdIY3BSeUJ0a0ktZ2pPZjA4YzVpUGtpZ1o3c0hOOTJCcnpUVk9uQkVZQjFobW5fcmE0aURXdElNZmNUaXh0eWFVRDJCb283S0JQRGhtbmNQaXo0dC11S1BfUEkyU1d4MW14YjhzTm5LWC1jcTNIbTJ0V0p2d2MzaVdERzhvMWh6dDdVdFFaTUlDNURnOF9Wckp4QVJBSjFDTG41Ujg4Ri1mc050YS1CRkNhTmhkaE1FZHZveUt0VkxhX00wU0tiejZNb1duZEFUbWJqTngzRzIxTFdQMEE?oc=5","The Washington Post","US","1781104528000"
"Trump’s war on Iran pushes US inflation to three-year high","https://news.google.com/rss/articles/CBMiogFBVV95cUxNV0t2N2FiSGRXYXlaTWtZdVFidlc0dlRZczZVbUhJcF9EMUNTajlOdXJFbk5MaF91S01rWm15eWZZOGZsNmp4N2gyb0hQMDYtZXhaUm1sRmtsVzFGR3Q0TUJ0YlZBR2pWRVNfbE1XS0J3U3JwMjRnbW8xZFZHb25GR1h3VS11bG52bl81cmpVYnB5LWVNTENQc3lqZHVsZ1dnbVE?oc=5","The Telegraph","UK","1781104320000"
"Iran vows to protect its rights in response to ‘flawed’ IAEA resolution","https://news.google.com/rss/articles/CBMiuAFBVV95cUxPTkxOZzBBWXRHSHJlVUVsVUdGUlJlRy12aWV1S3l5LWIzeGhOdHN2d0dwMUQzRUZmV2VPdzdQVmxMV2E0RnNuaUluWDVpdGZfMFYtbUlkRlFpdUZGdjMzWE9TYVVobEdZdU1uMTNWUFlyNHZSeThDR3BMZ2dienB2UmttTHhycEJGYk9zejl6VHNiRHZLdkJYdl80dUZkMy1VY1hFM0FVS01pWXBHZ1BvZy1vZmRXREJ6?oc=5","Press TV","Iran","1781106960000"
"Tehran's setbacks are reshaping the Gulf's future","https://news.google.com/rss/articles/CBMiXEFVX3lxTE1zc0xyRTNTc1NfVjFrTm5MWks4Vzl3WUt3QkpCZFZXSHJwdUhnRlhRczhZbGVMTmFYME1FcjVpcmFxSGQ0a0hpMHNxcmtTYWdnQ3pWNjRLSm05eHZ1?oc=5","The Jerusalem Post","Israel","1781106216000"
"Iran envoy slams ‘counter-productive’ resolution from UN nuclear watchdog","https://news.google.com/rss/articles/CBMiuAFBVV95cUxNMklza0dxZ2ZocGZZWmtPWVlsVHVTTl9DMy1aS2ZRVG9RZk1JTjEyQWd0SFh0eC15TWw2bGFXbGVHOFBVVGxlSkNmT3NhdmdXMm00eWlNWDBTYVJvMUtldFFXYmNjNTdfc0pOTjZWMUQtN21tLWpfX3pkYmNuNVo1Rk56LXBmZ0U1U09IZTlVY29qUTdHc2pzTjFzVnlVLUwyNTFDZGJIQTdmd1hxOWJlVjFDR3FRTmds?oc=5","The Times of Israel","Israel","1781106185000"
"UN Watchdog Demands Stockpile ‘Information’ from Iran","https://news.google.com/rss/articles/CBMiqAFBVV95cUxOWm42eWpMWDJxMDk2T2h0RnQ5MFExRDdkQzhwcV9jaXgxbDdoSGpIV192bkUxU3N0YlptcWdwbExuUnZxSkxiNVo3ZUZzZW4wbk9TV0t5R0FuR09LdXlTV05uMnlsVVlrOVQ1Z2FmOU90bExkOWx2WGJqSDVKVFhtaEJDNkZWdHVyQXYwR0tTSzZHV3VUV0lHU2NJTzFfOXZGd09tNTJoeHY?oc=5","Asharq Al-Awsat","Arab","1781105880000"
"GCC condemns Iranian attacks on Kuwait, Bahrain and Jordan","https://news.google.com/rss/articles/CBMisAFBVV95cUxPVjkydDlFbGdHQUR2VWNhdTl3M29XQWUwSE9ZMWxxaWhVZU1TeWgxQWtZbzg4T2ZkMDF2QmpCbFlYZWR4SVdTLW5POFF6SERMSGx0Nkp2UEFxejdXeVh0UlV4bi1JY3BSWWVDSHJZLUxoNGt0dmxhNzRLSG5MQzlSQXh5WHYwcDAyY0czTndudEhVQjZRQmszVFl1TXJTdldwQUtOblQ1ZUlKTTNyNEIyVg?oc=5","The National","Arab","1781105457000"
"Trump says Iran ‘taken too long to negotiate,’ will have to ‘pay the price’","https://news.google.com/rss/articles/CBMizgFBVV95cUxQVnFRQWlXM0FIaUlNd2g5TUpqb0t4aUtReS1CaWtwWmlPanpzUnBGczZ1aXFKVWxtV1pjTjE1VTFxZHQ5ZXpnYWxoUldaaWp4Q1V5TzEwTktwTnBSSjFMemJmSXVocmk1TUpRaHlxLTRubzN6b1dxa1lQU2pvc2FCQXRyWTk5V095OUNObHZrU1VXUmtPRjVhdHVRRFhadVpLWExJN0tlUUgydnVBbEI2ZEMwd2h3Y19obmtDTldicmlJZ0FRdVRHZ2lEM2NOQdIB0wFBVV95cUxNOVVUcS1YUVdsVjg3RlFobHdDUHg1TzdNbUN2NFc3VUFDT2xuY3ZYS2VIdTI5d1phRHNfTXNxVHB3cnZYMGNXM2dDS2E1RHNmV29vRi1tNUNmWDlwbXZJa3VUQU5RZXVkdTF2MER4MWRxTVNTSDdyelRUZjlGMUNBdG5DTVRFc3Z4Szd1bnJTREV0X01kdnNzS1BELVpsSldkb3Fkamg0YWRpNk5TWEtDUmdRcTRFektxeXg0YUdPMlZWQVM0NXA4Z1BBU24zWFdOY2E0?oc=5","Al Arabiya","Arab","1781105352000"
"Iran to reach US day before their opener","https://news.google.com/rss/articles/CBMigwFBVV95cUxPN2tjUXZlUHlnaGY0aFFXckNvbUI4bVo4bDhpVUg5dngwNjlCdWdCR092dzVtZ2ZXTTR1LXo0YVhWd3pCQ1Vlakk2ZWhRLWhNRUJ1ZXU1eFRhd19KWUxienNsaEVDenE0cGlORGJoOEk5NnFwOVFkNHVzYkphSGhfMXpyZ9IBiwFBVV95cUxPVE8wZ21KbXJqSzFzMWsyMWczNFlMblJPOFFabmRfQ3pDeUhqZHhmWmczQ2JDZ2VxYklfd2l0QzV4a0g3WWNxTkJOVFRWa2FULTBZWkFEbTVNc2Z1NmYwX2h4N2E2UVFzd0pVME1VdlVOUUFScnhIRzZ1cFlROG5zZGRFc3lRYVRmS0hz?oc=5","The Express Tribune","Pakistan","1781105081000"
"Iran threatens to stop World Cup games if faced with unauthorized flags or slogans","https://news.google.com/rss/articles/CBMixwFBVV95cUxPUTZNNEd4QmNMcmE3eUpNRml1RFJzejBVYzh5X2dzZGQya0NjUjRwemdqWER1VVNlSTJTd1RNSXE2Mk51OFo2ZFNuUzBxaUVyVE9JX1EyQnJnQ3QwUUpKQW4xOTI3blBac3RtS1k3QUh6OFdmTzh6SEF3YjdxWnRIcW42S0hIbHZPVVVzTVdqSnJlelJiblc0OGpQUTh2aFRqVlVPOGJXdGFyNWdEMkVoUW5GQUlEU1B6aWZmNU9pU0p1VEhrbGw4?oc=5","The Times of Israel","Israel","1781104275000"
"Under the Shadow theatre review — a vivid, unnerving vision of the Iran-Iraq war","https://news.google.com/rss/articles/CBMicEFVX3lxTFBqdGhDbVJTMGd3WmhjTm11R2tjcFY5dkZ2R3plV1pRb3BOU2s3ZzJaMFI1cnE5V1NVS3BGc25lbnV6bDhjZTdKN1p5aXhfaElQekxjSEJRa2VySURzdFBoblgtTzBfU1JDamRNTlk4ckc?oc=5","Financial Times","Global","1781107207000"
"Saudi-backed Riyadh Air lands maiden flight as Iran conflict rages","https://news.google.com/rss/articles/CBMiuAFBVV95cUxNVEI5Z0FNVmwtY2JnQ29OYWY0ai1hNDU1ZjBZdUcybC1rQWpQZkZkZ01ka0t2U1Fibi1SUlhTWUx2QnBVdjRPWUZzb0owM2lLRUJhbG42WW5Oa05tU0VhZDlrZWxVMF9WNWozSkFGbnpFczFiR1ZQa3ZUS29VeTNXQ2pJME1OeXdUcWRzaHJwY0hZdGZMZDJpR1BPaVpNb0FteUx3bl82Q0dOSk14ZlZKLVF5b0pMSUpT?oc=5","Reuters","Global","1781105069000"
"Trump says Iran has taken too long to negotiate, will 'pay the price'","https://news.google.com/rss/articles/CBMirgFBVV95cUxQcUFoMjUtNkJpb19uaXc3NVZ3UmxEX2xYVnlvODNCZHZ5ZERtdlVid2p3bE1NYm8xakpXc0l2YlF6NFo4S1JaSTZqS1dxMW1mZXNPdzJVN1l1X1dPWGd3dDg0N19PVHBUOXRvZjVwWEFuWmZEQkNydi1xZUxTczdUOHZ0Y3VOb0U3bl9BbHAtSk5XRnlPMThVMEF0VFVUSU1Wb00tdUppTE42OVc4R3c?oc=5","France 24","Europe","1781104273000"
"President Trump Retaliates Against Iran; Celebs Skip the Media for Podcasts; Is Marijuana Legalization a Mistake?","https://news.google.com/rss/articles/CBMi1AFBVV95cUxNTHllVjZmcEc0QmRhVXBCakJ0b25rZ09scnBDZUkxY2hzT3FtUnZwVTR5aDd0LWlDQ0p6OE92OWktV3NDUDU2d3ZZSGtCaXoyQjJ2aXR2ZXQ5OE5IXzNnalQtSFBxN0xJbGE1NHJyenlMcmlpRTA2d2VKS05wOVMyYzlWSXJOWTl1TTMweG5ZV01DU25FZGxzb3lVMFNYZUt2UlNCNGx6RjE2dENNa3NfeW9MZlRIXzFaTngxb2hqUFRSWkVTR3Jla3V3MDB0UjJnTS1xaQ?oc=5","Fox News","US","1781107227000"
"Trump vows Iran will ‘pay the price’ for firing at US bases","https://news.google.com/rss/articles/CBMirAFBVV95cUxNT0drazJlbUVreGVkbVo2QWlRaWs0cFpIbWJNTU56QjFFcHRlREVaOFphZ0tCY1pTZ3R2aUl1RU1OMTkzRGJabEJKelA4SjBJd3ptQTJxcEJEUVpuamVNQTFJZ0VVbVhXU2lZSDd2OF80WkJvcW9LaXZTVWRnNDZvTENCRUdxTkpBQVgyVFVHTDFkLXQtY1JfTHIybVY3a19pTGUxRUpuMGxEbGVP?oc=5","The Telegraph","UK","1781106840000"
"Sen. Thune on US-Iran tensions, FISA reauthorization","https://news.google.com/rss/articles/CBMiVkFVX3lxTE1ld0VuOGFGREFRZmtMMmtuYldIQWJ5d01vS3NGUDRUdmdBd1ZGb193TXlKUko2ZG41aVJHQ3ZfbDZIQW5mQUs0eEFFQUJJR2dwaVdOVXF3?oc=5","Fox News","US","1781105458000"
"UN nuclear watchdog demands stockpile 'information' from Iran","https://news.google.com/rss/articles/CBMiyAFBVV95cUxOeXFuVDhsYU1HWFdfT3Y3Q1pTRnpFa2RROXhTajA2N0ZuaGdSc1lwMDkyVTR6YlNOdU9oOHdOYVZkX284RUpMa0w5LXRkclRFaDEzRWxWOFJwbWtPUTRCMFhidVBmSHV4WnhJQ1k5eFVoRk1EeHQzNktpVWY5SlpnaTJMcHVEeldDYXp4RklqUkRaRFdBa2pVWDhqNy0ycU44MXZoWG83Q1QxOW04Um5kVFBaeVNhNm1ZUnpkclVpZ0V3VWhrT2treA?oc=5","Euronews","Europe","1781107909000"
"Trump on Iran: We're going to be attacking them very hard","https://news.google.com/rss/articles/CBMipgFBVV95cUxPZUdOeWRybkJaaDV4dzVCMFdsOUJSSHhBaHliNV9WajdMUXgxTGx2QldYLXF3akJSSW5meGpzcW53QnFqOWpKQVpkci1aTUY4WEtkYlFGNHk3b3B0ci0zSjYzOENmd2xzcEFzUVBFbi04dk5QdTF3dWRPTGVJemJ3cmprRURzeFQ2T1YtejUxUVFMMXBKWTJjU1ZXcDAxTEZPTnp0OTJ3?oc=5","Reuters","Global","1781107221000"
"Trump: US will be attacking Iran again today, ‘They keep playing us for suckers’","https://news.google.com/rss/articles/CBMivwFBVV95cUxOV2JjVXE0WjNjTG9BSC1CRVJtbzVETjRwOXlGVDdmMDRmczNPaEI1YTBISHB3TGpZX1FIQ3NUeEVDTy1hV2JIcHRfdVRrZXU1RzQwQU11ZmgzWmlpMklXSWhENjBzLVZMMnhYdU1wemtvWGNya3Rfaks0djdzU0FWMUpTWm01MEZHQktMTWNrQ013dDZwQ09jSjlGMnpCWXo4TU1oOUNWcmMxYUVFcy1ZdE00ME5Gd3BnTHYwUVh6MA?oc=5","The Times of Israel","Israel","1781108288000"
"Flash: Trump says ""we are gonna hit"" Iran Wednesday","https://news.google.com/rss/articles/CBMifEFVX3lxTE05aXVROGZreTk2NzdhQTVrZk5UQXo2WHNJWXZGbFZCQkhPc0wzbUVfVUIyY3ZxaW9JazZnYVo1MDZjOGJLbFBOWVhrYW41dWlmUUgxNW90MWJwUUptZl85M3o5N045ZnlPYTN6LUhKc3BFamtJWFJIQlNkaEI?oc=5","Xinhua","China","1781107770000"
"Trump says he wants 'meaningful' deal with Iran; says PM Shehbaz, CDF Munir 'great'","https://news.google.com/rss/articles/CBMisAFBVV95cUxOMUxHSzl2cW8xTXplRUdvZnJsREVRaVVvSThIcUtWUE5fSVRWMFF0N2EzNGIyeEpUR01HNll2clN2djlrWFdpRUlWZ25jdndFNWhHdVVXR3plWURTZThzRjF0a3Q2WFlEU2phQUFfY0FReUZXVmV4bWlHQjhhMVhfa0xjQVdRLXAzOGNLNWVzcW5aQnM5RDZYRldIUHNsOXhHLXNNR2I5S0psNVNfZVIzRA?oc=5","Dawn","Pakistan","1781107509000"
"Iran MP blasts US for quick blame on copter crash, silence on school massacre","https://news.google.com/rss/articles/CBMirAFBVV95cUxOLTZwUThURkp6RVpvbURDcGhaVnZmNllOZ3ZHeG1NNnREWWR1N0FSMS1IT0x4RkJPcHdtLXRoY2VPd0tiWFdjTzVTVWVmamg4MWtsVzUwU1l1UnhNVHFEeFZrWXBZQUV1Y3dEWlQwU1FuZTRSamo1bDhmNzFrYm9laGI4WUdka1Yyd2xGZDFfTDc4blg3VncxRlc3ZEpIb3B4ZkdVZldBUlV0LWdN?oc=5","Press TV","Iran","1781107200000"
"Trump hardens tone against Iran, says ‘may keep going’ with strikes","https://news.google.com/rss/articles/CBMiqAFBVV95cUxPWi1LaHhvQ1BXMVZhRGhtOFhQQ09hTW95b0dnNDg0QzlYcldFem5GU2pyNTdaRk1lZkFQb05HUzl3eDJVTGd5TTV2Q2VFb1FHUEVMZ3hobnRoLTdXQWRWOU1Ib29paDR0aTZnZU5lUGc3Vk5NSUtMdGYzSVU2em1mOGpTQWZ3Y1lrTkNYZmtQbXFKQ25uOUdZSjJDYU5heEV5b0x1R1dYbkrSAa4BQVVfeXFMT0hqSF9hZl9yc2pjSWh5amFDeUxVOWJJUlVwNzVYREpOTnRoSHhBRS1NZzkxNGRHbE56WnZrc0cxRjB3NWNlX3lPVVIyUlBWXzkxODJkRkNaVUZ2UFNjdGFlTWpqbi1oc1pxLVR3bWQyTlR6S2lxN1BEOGEyU0FWWldxTXU0SjNJZ3BISUdfdVJteUFYbWN2VjV1RzJyVGFfU2M0c1llU0YxNjNCeFh3?oc=5","Al Jazeera","Arab","1781107018000"
"Iran’s military spokesman says ‘won’t back down’ to Trump’s threats","https://news.google.com/rss/articles/CBMinAFBVV95cUxNSjEzZHlfbHhpakhHQkJUWnRQVWRQcXJPVVNjN1lhb01sT2tRZmVjWmlac0FCNnl6eGZDWTRGV3BuczJtaExkM2JFM2xqMXVKN3FwTDcwZWdITzBKZ0JkOXhYRmRTMDVHdTloLWtHUE1KMXpUamJmNHBaNHpjZEFlbXBVS0N4YUhOemZibV9TLTVYU3E5SmJRQ0xNRTI?oc=5","Dawn","Pakistan","1781106123000"
"Iran would be ‘unwise’ to challenge US further, Pentagon's Hegseth says","https://news.google.com/rss/articles/CBMiwwFBVV95cUxOYTRUbzFVTVZUVFAzbkZqUFIyaWlTMmhXdVpjUkRtc1FHNEwtdGlZVkFWN1JCU0ZHMXVFTWhNSWdNOFFkdXJUd0VOZ25GX0ZUTFpRc0ZQbzlHdGRNQWVSWlc2Y0c5U0l2NEJSMmhtd0ZjRDlWNjRGM214Q0dNRDVZUkZEdTVvZExOcS1JYVpTVWtpT0libC1EVFFxdUtwaHduOXdndWZJdU85R2tOb2tiTVZIZExiUloxZXNMYjFSTy1tUXPSAcgBQVVfeXFMUEpKY1ZlakUybmdPa0VPQ1lrRmVwakhXa1c0MDVjLWFFeXFqVEw5dGpHbHZnYTdVQ2hQdkROLU4yTUhlWVdLWVI0c1hDbGMzekVDM2FnNFd3MHIyRXo2T0dVTGhBcFdDYmtkcnd0TjR2YXcxcXUzNnd2VkxoNDBPekVKYkpBTXlGbktqYXlvUkl3YlVQQncyY0s1TEVTWnI1LW9PWnluMkRsSFlUU25TcktseURmSlhQX1dqTEoySlk4b0NFdUFDU2g?oc=5","Al Arabiya","Arab","1781105640000"
"Trump says U.S. will bomb Iran today: ""They keep playing us for suckers""","https://news.google.com/rss/articles/CBMidkFVX3lxTE41RDMtTUVaYmlTeUY5NENnX0R3M1NUM0x0U0VjYllqZHhDYW1haEVwNmI2NmxOZWNZUVBoYlhyUVB2Ml9IQUdLdWNGaUtsSU1JMW1VRXNfWU95SmQ5WW1kb0IwWVRFWmdBT3F2VjB6Mm1idTVWTVE?oc=5","Axios","US","1781108406000"
"Trump vows to hit Iran ‘very hard’ today if Tehran doesn’t sign deal","https://news.google.com/rss/articles/CBMiowFBVV95cUxQWlhPMmtINjRwSVE0cU5zMl9LZXEtUEktR05NOExUYlRUbmJzd3BpUGJzdTlZRTBlX1F2YmhOdUhkVGRjd21pZ2l5VzZtbEoyaHdQUDB4SDN4QXItNWRsLVNiaF9Zd1JMaXVPXzhqR1lBdzdrNXlSSmtnZFp6YjFITUZDNFhOVlpaY0hTRXByaE05cktDWXF4ZGY2VVpmWFJNTVEw?oc=5","The Independent","UK","1781108280000"
"Trump says US will strike Iran 'very hard' again today","https://news.google.com/rss/articles/CBMihwFBVV95cUxPLW5ISkVRMFlKa1VNOVVoQmY2SWVBNW0tVkJhNXVvdks0RVNNR1N2ZEx2WHBQMGVDQ3hBTGhZd015OXF6Yl9UOGtQaTdrd084ZVZFLUpDTk1jVEVmaGpuWUU4eUIxM1g2REZ3TE9MOW9tS2ZxbGtLb3JtcVBrNDFKZ2hnWDZqTWPSAYwBQVVfeXFMTXBsOUFQSnF4NUdQbUxrRkx1N3RZVWlleGdhRFNmSGNRNnVTV2ktVWVrYjdLVWpSMkhIRWdoSlFrZmdmcGctY2VnZDhTRTlIZDhCRHRTWW9wcUxsUEZxVUZENWQzWWxnd1RNU2pqVi1tR3FuYzdGOFFzU2VBSjV3RWdiYVpNZ2lBdjRObWc?oc=5","Fox News","US","1781107706000"
"UN nuclear watchdog board demands urgent Iran cooperation and access to nuclear sites","https://news.google.com/rss/articles/CBMi0AFBVV95cUxNTklZZUp2bm5CaDdQb3czeW5HWldHc0ZYXzMwQWtScUtuNjFndFR4bkNCUl93UXFrcEFMd2t2aVg4RWxyTmpma2dGNUdwLW9JbjdtVVlEa0VPbDNYVmVBbmo0V2VyYzN4OEZVRjE4QTVnUTh2UnBEbHBIelFuX2NPeHFzb3JPb0tPY2JXY1RlTS1BN015eGYyX1hFakI4LWIza1gyMC1uOG5McURhQm5ibUs4cVBXQjlKZ2lVQ3FMbmh5Rnk4Ml9HMzNfbWU4MExi?oc=5","The Independent","UK","1781107680000"
"Iran reports water cuts for nearly 20,000 after U.S. strikes, threatens legal action: media","https://news.google.com/rss/articles/CBMifEFVX3lxTE9EX0ZiTmFHNW5KSGpSZDUxdzYwa0NLdGYyZEVOczBzUHVzVWVZd0lRZFIwd194bkRLWV96bFdmcEFJRmpEbFd2ZXlxLWJUZUMzTnE0cHhpdFhnZklNSUI2Y1VaX21KR2UyaDgxNkxQdGxDcTFsSHVaeFRlRDg?oc=5","Xinhua","China","1781110635000"
"Guterres warns Middle East could slide into ‘full war’ after renewed Iran-US strikes","https://news.google.com/rss/articles/CBMizwFBVV95cUxPSG9sWEd1dzRQZzQ1R0xtMVFib290cU9maV9BV2lsRWlLM2pMUHUzV05jNmE5VHY4RTdFZnR6aFJsZ0dTdTJRRFE5eHNPRGVXemQ4eFRUcGJyeWNwZlpocXBxRllITXV2M3Mxbnl4RzRIbUZ6M0UzQ2Vpa1c1Q3NFdzFxbVdNMEN5Qk1WMFRheHN1dmFCM2FzY2Vmb3NjMHViVS02YXExMW9iMnpoVkVZVXlmT1I4dWpyc3R3eFdFZFJ1al9xUy1HbjJkOGJTOG8?oc=5","The National","Arab","1781110350000"
"IRGC among Iran-backed terror groups that could be proscribed under new UK bill","https://news.google.com/rss/articles/CBMiakFVX3lxTE1FOFo3ZnA0MEFLTS1KMFJ1U2E3RDBiTzdyVEkwVFNfdWFkaDlNRVF0YnFYOG51Y3NLNW9JbjA0VTRsb0NIZzhYQzNLSTBZcHBkbS1kTnUyWkpneHBBb2hNMEl4VmRTdkhwS3c?oc=5","The Jerusalem Post","Israel","1781110057000"
"Trump’s renewed threats against Iran reek of desperation as his political clock finally runs out","https://news.google.com/rss/articles/CBMiwwFBVV95cUxNSnNodXRvay0tQTMxSVdEQmVKcGZhWmNjbXRZSDVXWWxVRGE4dlM5TkdOR20yMUlRX3dJUEppVGpkRF9sdU9jdGhlMFphaE5xQzdtT2RsQWI1ekxGY2liQlhRUWZjY1U1cWx6OGdmSnpYejA1b2dsWjd3T0U3OTZzeE1IWEVhd0ppb1otUTE2MGVyWnJmQTVCZFU4bVJkNXU5NlI3cHBUVC1aYUg1QW9jVnlLLWlpOFBFZWdIbDNjVDdpdnM?oc=5","Press TV","Iran","1781109360000"
"US says it fired on and disabled an oil tanker that violated Iran port blockade","https://news.google.com/rss/articles/CBMiwwFBVV95cUxQQm5LVHI5b1pTN0JuWjRxVkdITVMwWHJuR1EyekQ5RV9PQnhMQ3UxMEdQdXdvMlFTMy1oR3VtMnZ4dmJhdnhDNHBrdFQ3azAwcXp1SjJabXUxcEdpWWQ0aTliY3FEa2xBT1lpVXVmU29LZlNFRHh0SGp4dDVxT3N4eDBTelRhYjQ5czBoWDZoX0U4V3pvWExLbjZsdVdzWUZ0SjV1eDJGSVdqOGZvZWp6RXBGWnNER2FEc2NnLS1fUFIyZ0E?oc=5","The Times of Israel","Israel","1781109188000"
"Iran reports 54 seafarer deaths, 253 vessels destroyed since conflict began","https://news.google.com/rss/articles/CBMifEFVX3lxTFBTcFdNbjB6WmpYeUREQTlVakdoMVk3RllmR18zeGRydnk3SVFMbzlQQzg2MzE0V0E0SEpTMGdLQXJTQUk1SVAtZkRGNHRDaFBlMDFPSnlJSHhScUxKN1dGVlhVU1duci16ZFN3LXIxQXlvVzlZc3F2ZHRFZm0?oc=5","Xinhua","China","1781108895000"
"Trump on Iran: We’re going to be attacking them very hard","https://news.google.com/rss/articles/CBMiXkFVX3lxTE02YkgzSlR0OU1oWmI4eWdVOEItMUhkWEhTMFB5SGF6LXM0WTZjX0JQMXFKSjJWX2VMaHBOeFpkNEJack5oMDBVTldpOTk1NGx1UzZpTFlCQWkycVBSTFE?oc=5","Arab News","Arab","1781108527000"
"Urgent: Trump says U.S. forces will continue striking Iran","https://news.google.com/rss/articles/CBMijgFBVV95cUxQY2F5WEVuajBIeGsxa2lURUhaaVBmLXplUlNXTGI1Ynp2dy1QZlhTQzBURUlHdlBQUmhNT2t6NXpiSHdtZ014ZjVIOTdxdl9VQ3NEUEVpaUF3QWp1N2FCUEQ0WnJEYjlJTkkwMkFvdF9Jck9nbE9yQ0FKenBVUXdQRk1NOVV3VmM5MDRGYjdR?oc=5","Xinhua","China","1781108475000"
"Flash: Trump says ""we are gonna hit"" Iran Wednesday","https://news.google.com/rss/articles/CBMijgFBVV95cUxPR2ZSNHdjZWxzM0xhSU5mYW9DVWRrdXdNUzZ2bE4zSmlGOVdDQUpOV0dZVVJCOFBFZDRTVzRJTjhUYVR2cDE2Sm9qN1FKYU1CNUM5bGJJaFotcEd1N24yaWoyZXNqeGxKQ1Exd0lWWk9fNnEtNDNzNk9keGZpZl9WY3cyOFotRUM4UWQzUHNB?oc=5","Xinhua","China","1781107770000"
"Trump: We'll Attack Iran ""Very Hard,"" CPI Hits 3 Year High, More","https://news.google.com/rss/articles/CBMiqwFBVV95cUxPNEJKcENTNWg0bGR2eFNlMENybEZsTEtLU3NvcDNxMGlVNFRWU3doZHNLUm9sUWU5RVUwT2tuczROMXY3aEpOelY1SDR2aWZQUFVFeExGQldqTm9veXZvczNadlNqczlhQWRvSmVTcmphWUhTTnhCUGZ3ek9hYUZGTElqS1JkMmdpb3V6aHVod2lOaDM0bF9NSFBRVkJDQXpNaDRjMWtFR0tUQ1U?oc=5","Bloomberg","Global","1781109076000"
"Trump Warns Iran Will Pay the Price as Talks Continue","https://news.google.com/rss/articles/CBMiqwFBVV95cUxNQ2dNYU53Q1JjM3cteUtDS1JoRnB2LTdOenQzZFR6aENkV0hxeU1jQkkzU3hFNVcxakZyWWo4UTlzbGZwS1lnekdELUpBeW5SWnBLWEVUMHZhb3Fjc3lsZkhUaWdXdTBCbDVkNVA3OENQcFFjQXQ0cEVVTGRIU2RxZ1ZoUExWY19vanZEWm9DNTV1UmR5dFdsdmk1cWNwTU1Vd2ZERThLN3VNVVk?oc=5","Bloomberg","Global","1781109031000"
"Ship Traffic Thins in Gulf as US-Iran Tensions Intensify","https://news.google.com/rss/articles/CBMivwFBVV95cUxOR2pqRld2UklQWG9OZE9pd3B5WEFWR2pMUS10a2dGUmdNSS1IdlVKOVpsdGJyNGthbDVEM3BSaTgwOGFQMU9VVXk0TE14N09UWER1eFA1a2hWeWdzQXB3MGMwdW12TjRhWGQ4eVliNmp6S2JMaTRGdko2MGdDdklVVnZYdHVJa3I2YTh3WllYTERuS3hQSnk3YTVaZ01HRFFLQ3lUdjlwMDVsM2MxOWZaSV9vTTlWQTFma1JGaUdsOA?oc=5","Bloomberg","Global","1781108243000"
"White House Again Shrugs Off High Prices Amid War With Iran","https://news.google.com/rss/articles/CBMitwFBVV95cUxQQ0loenFBd3VWZU9NcVFBR2ZreXFCcXRfS05WbGFRT0ZZQVF6d0RvR2VpTEFUUDIza0oxeFhjU0tfXzdnMkJoT1diZ3JRVVRILXg2S3NydGRuOUp3UFVpcEJZR01GYWlRQnZZekNDclBVUm44T1ZaeEQybFhyM0hEa1EzZGh5NDVLV19VakVTRzBBU1pRQzVRcnE3by1YWG1YR2NlLVpkVFZRVGVJU0cyRGNYOGlRdVk?oc=5","The New York Times","US","1781110852000"
"Inflation Jumps as Iran War Intensifies Price Squeeze","https://news.google.com/rss/articles/CBMieEFVX3lxTFBBY3lJMkxYUkNhd3pnMDE0X19zSEM0UWtyS2x1Q295bUwwT05Lc1MybnZxRTJlbVdXX3JGeEpla0l2LWl2UFF6OGtHUmI2WjZOWWRQano0RTFncm5vNFRycEdyZWY1WDFTMWREUndnNFdhdnNac19UNg?oc=5","The New York Times","US","1781110267000"
"Trump says US attacks on Iran will resume","https://news.google.com/rss/articles/CBMipgFBVV95cUxQYk5LM21NMGhiUHU3NUJqVnI1a2JadW5zXy1rSVlOQkl3ZGZXRTVadkxhdGZ2VDhKVkZYOXc3b2R5cmM4UjY3STdwYmpnYkY5Zm4yeDl5eFNYekVHWmgxclJQNTFsdHdzRVJpVnVVc1BUNnNGYlF6MXlleDJjOUVTU041YXJYdFo5TmowbWNVczRJZG9iMURkWWVZUDJrclFqTlBvMXl3?oc=5","CNN","US","1781110200000"
"US military fires on tanker trying to transport oil from Iran","https://news.google.com/rss/articles/CBMioAFBVV95cUxOeVY0RWZ1UVpkTDZDaFAya09VeVQ4dDdRdmRvNFY2TmQ1LTVaeFgwN25raDhZRThvdmg5bEdJV0JleHM2MWNtS1dwamxLaGE0a0xLeVJhZFp4OHZlcmxGdFlmOFJkWHoxeWxSY0lzSUFtTmVsUW9ycmhnNGZQbVl4bEx5aTVNYnZLTmE4d1JlbnlvZVZBUTl6RUtXd25fQmRx?oc=5","The Independent","UK","1781109300000"
"Watch: Trump says US attacks on Iran will resume","https://news.google.com/rss/articles/CBMiekFVX3lxTFBkVFJPMU5Cd2oxelgtVUtCNktrbFhRSGdqd2xzMzBVUXZDc2EzY2Y3ZFE4anNLSzVob2hjLUg1R0ZRN1NmLW84clUtaHBJRzgyMVZoQ3VLRGN1aFR3MTFQMDR2eldCNkc0RUtaVVdiUWFDdTY2VzRrLVlB?oc=5","CNN","US","1781108430000"
"Oil tankers increase ‘dark’ transits through Strait of Hormuz","https://news.google.com/rss/articles/CBMicEFVX3lxTE9NZGhYVUg2Rjk0T2dFM05PbkhqVlRaX253T2h2d05rMlJISFhmMGRKaEdxZ3pxWUdXSnNMZVZxelRJcm4tUWpJNFRhRklEM0dTUnpUQWlXMjNqVHdiY3luQ2U4WFpKMG1MckFac3NibE0?oc=5","Financial Times","Global","1781112319000"
"US energy chief says not aware of US taking oil out of Iran","https://news.google.com/rss/articles/CBMiqAFBVV95cUxORFV0MUMwTk4zZ2tMVzZGUVVpcW1LU2JRcUpWQlphTnh1ZHVZYnJTS0gybndRNW5vOHhNX2RQQjE4cjZZZ3lKalM2WW4xdUlYMVFfRHYyRDlQTDFXRkMyWlVUdTVyeER1aFhQcmtaRWVFY2MyaFJfbVJGNXF1aXhZQmtmY2FLWFJ5LS1wa3liVm9mLV9KdHhNOFdhckhueWRWMVZNWC1uWHM?oc=5","Reuters","Global","1781111365000"
"US consumer inflation breaks above 4% as Iran war raises energy prices","https://news.google.com/rss/articles/CBMijgFBVV95cUxQVWNSSWh5eDBlWmZCYkN5ZjVjSFNVaC1jVmUteC1pelBkR2ltcmpwYUhYa01sV3Y5dGpGUGNFMDZMeTFRT082Wk5yb1BiU3ZQMjZqR2ZpLV9zY25oOU5STURWR2xjZ0dDVTlhQnB4RFNuRTVxd3ZKbVlDVWpvT1pFMmp2Z2JNa2JlTGJsNFN3?oc=5","Reuters","Global","1781111248000"
"US hits China- and Hong Kong-based entities with sanctions over Iran weapons","https://news.google.com/rss/articles/CBMiwgFBVV95cUxQaU9kaHc3b3pGb2dqdF9mSERjdHVLRHpLYTd4TXZWaWFFU0tJTERCTng0UVJaOV9kdzk2VzhGbjdycEtpTEM1Z3l2SU9TMEdDQXV3MU9HU0pSRzB5RURtbXNTTXgzU01JTDRrMi1QU2d6dldQdTV5MF9qNDRnZGRPektoQUhjMVZKeFBhanlrc1JmUUhZUTVMSXZCQzRTVGFlWHltT1FPMzJWX3lNcjhDYjlFd1d0aTFWUkh1d21uRG5pdw?oc=5","Reuters","Global","1781110981000"
"Iranian President Pezeshkian warns Donald Trump after Washington threatens Tehran","https://news.google.com/rss/articles/CBMiakFVX3lxTFBmS1NqaVB6c2ZBQU9tRDV5OEVxclNvaXRCTzllbGtzRjMzb2ttTWNYMWduX3RUbWVfLTVrUmsta2dTc3JVa2VXZjgwQkFhdUxlN0R0RXB0SXJFTEFheHFTUnZ5TWhhOXNhVHc?oc=5","The Jerusalem Post","Israel","1781111631000"
"Trump Vows Attacks on Iran for ‘Playing’ the US over Peace Deal","https://news.google.com/rss/articles/CBMirgFBVV95cUxOMnAxRnVXR01vcGJqUHZKUWdqSnduVkNkS1gxQVhpYUJ5Ni0xcEgwZnEtVE00X0VTQTExR1JQMVdtSlFxRy1nemowMTNPSlhpbUVNcE4xbVZtaUlFSzNHczhLUm4xM0h1aDVWd2lXZVZKVTNfaXZoTTZrMVdackx5QmVkbjFPaHZuQUtOanl2eVA4ajRZaERvMUpvUUdnWERoSU84NmRYYXlHOVZkcFE?oc=5","Asharq Al-Awsat","Arab","1781111083000"
"Missile fragments hit Israeli air base amid Iran escalation: military","https://news.google.com/rss/articles/CBMifEFVX3lxTE5IWVJSRVdUZEU3SkktYWZfYVdTdnRXcEZ5S01wY2FaT1JoYjlVdmE5dlp1dFhtSDIyenpQOGI2S05ZOHRiVkxjRC0xb2dMRXlsTVlNbUdCMXpsUVQyUF84d3RKODNiV0o2eUNLWTR2MTAxN1ZZNFppX1UwZmk?oc=5","Xinhua","China","1781110800000"
"Netanyahu, Trump ‘fully coordinated’ amid US attacks on Iran, PM’s office source says","https://news.google.com/rss/articles/CBMixAFBVV95cUxNWkxIa0E1anFJMUU2T1lyaENEM2Q5djZYaUxsQjdaeHgtX3lETGJHN2NxODF4WERpcVI5X29KSl96U1E3dDFDZVlHblBfaFp3QmtTR0NnSDEwczhZYkNUMzRDX2pkczJBWkJHcXBDdnZuZ1ZfcklHMktackh2cEo5d3podng1aE5LdTk4MHA4WkpGdm5vSklaRGpwTVZQdThCaWNEOWgtRGNhMG9CRDE1dVZaNTFrNHc3OE80WXVuTDh1UkFj?oc=5","The Times of Israel","Israel","1781110592000"
"1st LD: Trump says U.S. forces to continue striking on Iran","https://news.google.com/rss/articles/CBMifEFVX3lxTE01SldpbnRUa2ZhVzhuNUgwWU41STAyX01FUE9xX2g2MnlqTjVSRnVDU3UyMFZkOGphT0xZemFhUHpLNFI4akRuUTc2OURlWGFLZWZFNGt0QU9pYk9RZUU2SFk5NGFjcHpnQTRORVhpZ2JBUXJWT2stczFuRko?oc=5","Xinhua","China","1781110335000"
"Trump Says US Will Hit Iran Hard Again Today","https://news.google.com/rss/articles/CBMingFBVV95cUxOTjFSaW13cXEyRk1RMTJXVENsaWx1QVg1OE5OV1hoeUF3dzc0X0hFbTdpcHdDZFVCaWNkUlhxWXVfd1lnR1dBTVVmeDQ4X3ZwT2t2ZDNyVTh3RkEwOWpUT0tjd1Aya1RkWkFjR3ZReS03NC02YlBkUTJuc1Q3WHpIUEZObWR6RUgweHBoNnJGR1hHMUNIVUtFMWpuMVBYd9IBowFBVV95cUxQSXVGSHhVTF9BZ3FnQi1lMm95bHJEZzhRZFZLX1VDeGk0YWlnTmVqRHRzb3BCTkFHWko0V29yWVc1MUo2cUZ5U1ZHUUFCVnBYUV9mc1FDLW9fU09JSktJTG1TSk5BMzJldFUzNmtPMFlYY2k1aG04M2w3SFBmSjgyVEE0dllSci1wc1JTUE1FNWhMRVlhMUxtVHhBa09aRjhFVVlv?oc=5","Al Arabiya","Arab","1781109890000"
"US forces disable 'non-compliant vessel' as part of blockade of Iranian ports","https://news.google.com/rss/articles/CBMirgFBVV95cUxPVHNKeXNGdk00dGRNcmViX0Jhb2xoakI1cFZ6Mm5SZmdQUWxOanBTSFYwdzdJdDJQaDhqUGpPSUphbWYyb3l4TG9UZzAxaHNKX3REckIyMGhZbndvMDNjMVVYX3Y2bFkzY01BX0FRcF9ZdmFoUlFidDJhZzI1NTA0RGx0ajh4V0o4S1JHV0xocjRNRFRzZncwZ2owNlZJTjV0dGpqM0FDeXdrc05hd2c?oc=5","Dawn","Pakistan","1781109575000"
"Saudi Arabia condemns Iran's 'flagrant violations' of Bahrain, Kuwait and Jordan's sovereignty","https://news.google.com/rss/articles/CBMizAFBVV95cUxNWFpla2dwWVZPaGoteFJzdGJZeWpyWXJRcHR2RWt3ckh0aEdDLURRd01CamcyRjhvT2lUUmVtZ1A3cWVsZkZQamhBREJJZ09uR0dWV0hSMGpxeVIyRy1WVGVHekhQTnYtcUpXbnRKZGcxUzlGdTN6dnBjR2JFRmhtQlRqU2RpejdqT1NHeTIwSlhqMVIzeHI1SjVtNENOLWQzRFZkN1RTaTg2Z1Q3Zms3WEM4Q2pyYVpaVHYwcGN3QlIzRXFWb25wcVVtZkQ?oc=5","The Express Tribune","Pakistan","1781109494000"
"Trump on Iran: We're going to be attacking them very hard","https://news.google.com/rss/articles/CBMiU0FVX3lxTFBzZ2dkNEtsN21Xb09IZjVQczNKeFRxNExONF9UajczTlEyZHc0RWxYVm5zS1VEd1ZyeDlXQ3l2M2JtY3pnTmFSZ2o0aHhUUlF3N2c4?oc=5","Arab News","Arab","1781109181000"
"US Navy drone boat rescues crew downed by Iran for first time","https://news.google.com/rss/articles/CBMiVkFVX3lxTE9uY1J5c1Y0NWo4U2FmbHhLVjUwS0FPQWhid0lsOFZoNDJMaHpReFRzRl9PdGltT0J5NGdNWnBTMFI3SE9taEE1TW9tZXg1Q3pCLU9qMkVR?oc=5","Fox News","US","1781112047000"
"Trump boils over after Tehran kept him waiting","https://news.google.com/rss/articles/CBMihAFBVV95cUxNb2k0alpGcENvWjdDczZyQVZ6N3FuaDFrNDlKN0swRjcwZTE3UXFQejZrcV9CTU40d1BKcWZCSGVycXUtTmZ4X20tMmx1c3dXQWFFbGdBVmdySnNBVmhVZVpMdERqVWpfbVZvWk1KbEE4aTZ5emtzeGY3VUNvWXpWVzZaOV8?oc=5","Axios","US","1781111700000"
"White House Again Shrugs Off High Prices Amid War With Iran","https://news.google.com/rss/articles/CBMiiAFBVV95cUxPZ3BUT2hyVXdVeXcwVFZqbmF0WHNzYm9EYjhfQ3RSRlYxLXNuMWJnYWNxd05WUUhmS0owZERrZFRtYUdoMXdBNkdYSEdOeTV0UkZoWmZkSHV6aTNrRGVxRFNHdTBKVTlxUUZZX0tkTUNtcGZlWXNVd2NicmczNnZMXzQ1NzdSMUh3?oc=5","The New York Times","US","1781110852000"
"Pezeshkian: Trump’s threat to strike Iran’s infrastructure shows ‘desperation, not strength’","https://news.google.com/rss/articles/CBMiygFBVV95cUxNa3VVcHBZU2YxM0tUTW0zby1OYlVXalZTazM5QWw4SFdUaXFQbGtWSW92OEVaM0FmTW5ST3JiVWk4LUxFWVgxX21mTHZVaWl3OHJJdUlCcy12elp1Y3g1YWlLY0VjQ3I3elpMNWNobUdWd2dlTUdJNmZQdEhhazFsUHlfSmdEWE05U2NBb2pPRW5ubXlyTXF4NVlhSnNuM2VxOHFZWE44Y3VNTXV2WHJFSDdHYUE0Q1BneDZvdkNSNWhDYmI1YzZPMUN3?oc=5","Press TV","Iran","1781113980000"
"US issues fresh Iran-related sanctions, US Treasury notice shows","https://news.google.com/rss/articles/CBMirgFBVV95cUxQdTUzMEl3M19kN011SGFOeG1zeUU5U1gyWTZsYXkxMHl0OVFGU3lNOUVrODRLTm52TEc3eFB5Z3kwTkljVGN1aFllMHh5TFpSNTVOYlZlWS04azVmbkkyN2dBMjhDNlFXZjlURHRkVHJkQ0xXckI0Z1dKZlc1SlJoY29sN1YwTjlGdmllc2Z0TVhQOWZKUG9hdy04NXJCMFZaWnZtYWhDTGlOVWo2dWc?oc=5","The Times of Israel","Israel","1781113090000"
"Israel is not at war with you:' Netanyahu appeals to Lebanese, says fight is with Hezbollah, Iran","https://news.google.com/rss/articles/CBMi1gFBVV95cUxQazU2UWt3ZU9uMUtYcmhVV0dFakswYnFTNFRxZjZJOGpKYTh1WXFuVmlHd01TM3RWZVN3UjdfNGt1YWx5bWE2Y2c5TkxWTjAtQi10bTNUSnRscWpvT1V0TnRidWdEYV8zVExzcTBxcXJ5Q0RxTmUtV0pCV1BNNXBoWUx0U0h6SzBKc0lyOHFWb1Z3STZMRS1OWmtvWk9fdVdlMmtqcEFlVE9qcFZKdGItNHN2VE00ejE0QnlmcDMxX0Q3amJxamk0T3BhWEhiZS04bkZDSF9R?oc=5","The Times of Israel","Israel","1781113090000"
"2nd LD Writethru: Trump says U.S. forces will continue striking Iran","https://news.google.com/rss/articles/CBMifEFVX3lxTE1JTzRHVHFNTHlZVWtNLXU5enp2cVF4b0RNdjdjeDA2QjRFMUJVT2ZzUkl4ZlY3TTl1cTlYTE5zOVJQQ0JjNlhXVkg3Z3ZOZTZ4eGpGdGd3bU5DNTM3VGt2QzBueE01dVVDOGxCTWc1SjRxRHBYMFZNNVhiQU4?oc=5","Xinhua","China","1781112885000"
"Trump: US will be attacking Iran again today, ‘they keep playing us for suckers’","https://news.google.com/rss/articles/CBMirAFBVV95cUxOdGZneXNxeXkwNWs2RHlsRnJuMkFOQnVkSS1CUmxuSy1GOXdnSWJPM1psYnBnTklTS2RWSVFlQ0dYR2RyVFpRQ1BfaU5PNzZFT1RSNHNJQktabmxkWjJ1MjVGdU4yaFZzLU1ndkR2UnZmTDJ3bWdTc0ItVFo1MWJ3T0tNalppWUVMQ1Jaa2FsUG9JdDEwYTYxdDhqRGx4U0xPOG1OV2xmeDRPQ2lL0gGyAUFVX3lxTE1yclhDajVKVXBES0ZKSDE2eFJZeHFvdGg3UE1jOHpaNk5lajdseEJRbHREN0dsT0MwcmJhamtoMTBHY3VMbU96TWhmM2FDV1NIcjZkNkcwRUxRZEZNalYzYmdCRWhxb1RRSkJiemphRnl0dnF3Ul9qQmplSlJmUFBKNmRITVR5RjhiUU4xWHJXbDZOMEw4Mi1ZTDJUV1BHbkZoRFhvaFh2UXBMZmU2aXlRRFE?oc=5","The Times of Israel","Israel","1781111587000"
"Middle East: US to hit Iran 'hard,' Trump says","https://news.google.com/rss/articles/CBMihAFBVV95cUxON1RzOGl5TEgwR2VVNFJaS0lpQXpSVmdYaGNmMFJObTBzSUhBZS15SDRKXzFSODFhVFRrM2txVnY4b1Z3RXB1REdyNWJUbXhKZTJkVkNFdXlZSHBaUV9sX3U2S3FUVW1TZ2lLMjVvOElSWXNNaDcxcS1lREl1T19lY3VkVXQ?oc=5","DW","Europe","1781114059000"
"Bayer hopes to speed up biofuel feedstock plan amid Iran war energy crunch","https://news.google.com/rss/articles/CBMixwFBVV95cUxOUlItUkhpcWhrUGFrUGRHTzZPemh6WkloblJSS0YtSkc1akNMSFlsSktVanBETWFZcmRFR3RMYndBTVloNTJUQmNucmdILWtUOXQyLS1MTGtydDRTNURfX2NCbTFyQ2VFWlNpVWFUaDRQQmU0dkYyc3N6V2trdXZRcTYyZWRIRjVFS0UyMTdPVHNjSXhBU09WbDNPUndjM3Eza09sSERaVTREOGNISktjZXN2dEltSVZFU1dOTDZHbmJFbThZeF9N?oc=5","Reuters","Global","1781113618000"
"Trump Vows to Strike Iran Again, Iran Says It Will Stand Firm","https://news.google.com/rss/articles/CBMirAFBVV95cUxOTk4waU9wOWhMY2x2Tm5kUk1PeUFwN0dYay0wQnNDMTVBdTF6YktWbFNqQ21YdEloOFd6VFBMaVltcF93OUJZZGJUdnIwZHJTV2pIRmM1X0ZrVW40NFo3eFhxMGY2ZjJIRjY2R0JxZmlCTnZqUWxsUXhKc1dDOHRHNWNRS2xZYnNVQV9nbXlTUGxmRlU3WHlMaG5Fd045dmhOS1pLdTlVay02MXhI?oc=5","Bloomberg","Global","1781113416000"
"Iran war anxiety sends global container shipping rates soaring","https://news.google.com/rss/articles/CBMitAFBVV95cUxOelpOczZDWE05eU5oS0ZpQTJKazd3aUdidW9KX3dnMTdXREF3YTFyZUZXTjBLSWxtb0JPcGVDUF96OUxUcWt4VW85VXhkbUhxUUxycnQ0S3BIR3RCNXgtVkpBT3J5MVZtQ2xrU2M2RGxSbUVCQ2dVS3FqS001U2dOZmxxU0UtMl9Gc2hOQ2VDZWgxWUNjdkRrUHRvZXBEUFFCbVQ5VWV5cDZvdTNLZXF2aDBYT2M?oc=5","Reuters","Global","1781112861000"
"Trump to Iran: We just took your oil","https://news.google.com/rss/articles/CBMimgFBVV95cUxQTWVCcDBnbkFCYmFqV1d0SndBMnV0dWI0QkxEZ05rQ0tVS2V2WDBWakNjNXJaMTVjMURKb2RVZS1uWndtVWIwanBweDNrVDJVSWYwNkRkRUNLbjc2QWpsdEtNQzRNQ2dCX0xYOHEwdFFLNGtlVmcyX1NFOG1VYjVLUzA5cVMzeDBuem5mMWtIN2dQbjN5UFFJYmxR?oc=5","The Independent","UK","1781114460000"
"Trump threatens to hit Iran 'very hard today'","https://news.google.com/rss/articles/CBMiVkFVX3lxTE51bjdYM1M3MkpmdVc4VzFJbjAyY2tMeVZZMlFyM0U0MmVvSnZNb1RFU2JCNVdCYVdmMGpTM3FsUTdlWHdIN3lwekNaUV90eW5xWGUwZWl3?oc=5","Fox News","US","1781114108000"
"Trump on Iran Strikes - Video API","https://news.google.com/rss/articles/CBMioAFBVV95cUxQa0RHVms5NmNDY0xXTDE1YXVGRWtwMGFhT0VfV0M2Vld1OC1yWlJDdDBiUHd0N3FoR21zc2tRZ0JZZm9fVnNoMTdtemZsVmprRkJ0NVVXcHE4T2ZkNEJpLXQyZ1lXaTZiaTlmY1VLQTFaaG8ydzlidTNweEdqZnF2SVN2Mzk1a1d6VV9Bb0w0aFZLOVd3QnUxU1Q4SXBJN2Mt?oc=5","The Wall Street Journal","US","1781112996000"
"Opinion | What else is caught in the Strait of Hormuz choke point","https://news.google.com/rss/articles/CBMiqgFBVV95cUxOblZQZzM1NFRjWk9LT2ZOeV8weDROWUFvMkVLLUVkcnRLX3ppOHI1ZHhpMXFjTFZJSkVLOUtqdnJWZ1Z4Q1VrR3UxaldYYkh2SW02TURDaHhtTVU2Qk1LbXhtbWhHeHkzVVZnY3Y2blZ2emUxN245MU9qM25ZZnB0T2N3RzU2QWthRjdpSGE5ZmxybzNUU0cwSWZwUnlRS2FUYmRaTzhRVVlDdw?oc=5","The Washington Post","US","1781112953000"
"Trump on Iran Strikes: 'We’re Going to Hit Them Again Hard Today'","https://news.google.com/rss/articles/CBMiwgFBVV95cUxPUE9lMzdvQ04wRUx2UjNFWEt5VmpaWTlBbWdLcHFIcldickdxdkkyM3NqSWJkRlh4V2hKSFRKTGpCMVY5VHl4UF9RV3paemUzNkRJaWdsU093SXVreHZuWXRoQVM1dG0wTmJTQ193MTNVb0dnbUNtR2ZUaXh0SWdsLUplMFl0Q2Z4bW9jaml4LVJkOHFmdFZ4bjJ5c2lfVU5ZT1NISkFOaXJZSTVpY19SdlVpLW5uSVFOaDcyY21DSHlhQQ?oc=5","The Wall Street Journal","US","1781112852000"
"Trump's warns Iran is 'playing us for suckers' as he mulls renewed strikes","https://news.google.com/rss/articles/CBMiVkFVX3lxTE9tRWZOR29LdzJnb3hVdDdZUEUzMEw3azd4cUdIcE1EamxaRGRTMThMc09MUGJDdDRzUWVwR0RuLVFmYXdEWHc1VU1VX1lVWVZseHJSMDV3?oc=5","Fox News","US","1781112166000"
"Are we in a war, or are we not in a war?' Democratic lawmaker responds to Trump saying the U.S. is going to attack Iran","https://news.google.com/rss/articles/CBMikgFBVV95cUxONmJfWU04MEdsTVU5a080UnZXWmNTOWRBUGNkNWhXYjRmRkV6MGdENEFsUWxFZFF6dGZiOUhCQnlpZHgzaHBzUm81cng2cXRaU3FNYXc1dl83VGNEZkZRa0xTNUpzLTZENHpfbWpsYWVjS3ZYbzg3eVhuME1SenoxUE5CdkVTYVBmaEtYTEc5aEJldw?oc=5","CNN","US","1781111505000"
"Trump Vows More Strikes, Haley: Iran Was Never Going to Deal","https://news.google.com/rss/articles/CBMiqgFBVV95cUxOSERlTFEzYkFpVWFDN2NZaE9vLVdQVkdldTFQbzRCeUdPdmxmZUJ1Vmo3SG5MRl92VnVBNlNoak52SEN2UHV5RU5CNlA2dndvTXRvd2JzamVIeDU2TmFjSEd0YWs2VW9MUnAzbTlTNFFQeW1VUUZlc3ZGei0xUFQzcE5mUU9NbmtjZGFKVU1VVkYzRG1pN3ZJcXdubm9tSnJFUEF6T24tZkgtUQ?oc=5","Bloomberg","Global","1781115577000"
"Trump threatens more strikes on Iran, as Tehran attacks countries in region","https://news.google.com/rss/articles/CBMizAFBVV95cUxNLTV0T0tiMDl2SW5jTVdOY0I3WFN5STgxcmtzcDRLZ242MmtKQXpWZ3BVVy03Z1ZTbG1GZy1scUtHNi1BcHdFcUpqTHR4cXlGVHB5UmpiVEJXMTQ5SmFwNGM2YXVXVFVxUnZiQnVnbzRUeXFDTG1EazRtR21tRzBHd05kUW5PdlladE5uSldxRlBkQldaaHNMb0VqSG1xRjgtYk9YZ1BuV1JaVWkweWJkRzVQMVRmbWsza2ZjNVJyUGphcWxIc1RHZHItNi0?oc=5","Associated Press","Global","1781115240000"
"Trump on Iran: We're going to be attacking them 'very hard'","https://news.google.com/rss/articles/CBMiZ0FVX3lxTE1XMnlJSEJGUTJXSE9PX3UzaVd2MXJaTmI3a3plbzlEZEZvekswcGJqY0VJMWpUNVZ1Q2tScjFocXBmd1dCUVFlUVk3b2U4cmFJNkZ3MzRzYXBHdm1LaWl2bFA1OS16YXM?oc=5","Reuters","Global","1781115153000"
"Trump warns of more attacks on Iran after US Apache helicopter downing","https://news.google.com/rss/articles/CBMivgFBVV95cUxPWlVWaERNME44UVNCUk1fNFFSeXBjNEZHZHV5c2MzRUVHT2M3cFYzelh0bVJLanJ0bFVGRXBjVXJndDZ2Y1RiRFdiU1JFeG1kTWQ5dXA0S2w2ZXJ6NmNiWHVWaTBiY21PV1Y4M3JDOUlzaTZhRWg5eS0taUN4a2M1eUR6Y3lMT0J3WU5OUWxkWUhfWFBKcUx3NFNwdVc0WGZyUHpCM1V6bVp4WlpXUXRNMTNWYl9pS3VMWG1ISEdB0gHDAUFVX3lxTFAzYmhxRlFJa096Wkl4dDZxNkx4YjlORGliZ1pUbDU0Q1FGMUxmY2NiRW1RMV9HWHVZaGFZUy1uWTliS1hORUJlTHhOWjVPc0NxSkI4clFvRXJrdTFGQkI4V01YSkk4N0VHYzB0SzdSXzJobzhkRTlFSEpIQ3lwWklKQ0VIenBWbnFHSVlTYUlPM2UxdnRjTzJUTFdGNUx1TkVjbnhoVzZ5bkdVUkpMTnh5dDlxV0YzVUNOeVFVQzNHRWg3RQ?oc=5","Al Jazeera","Arab","1781115752000"
"US strikes aim to create leverage in talks; official warns Iran not to ‘drag their feet’ — report","https://news.google.com/rss/articles/CBMi1AFBVV95cUxPdkNyZi1OZVh4UDlweGNrQUVGOG1HTkRWdk5XRG1LN3BFZW1IMzRHMnMwYVUzLWx5Zm94QkE0YjJqNF9NNXNVeGRhMzNqYms1LUFUWWdIVkJzRUplZmxCTGpOemtpTG4zZDZaXzc2YkV3VjFHRzdXNVNGTmxPNEJIWV9ScWFXdlBVVDBpem82S0lpTEpRNW5iWGVhNTFVRGxiM0NDemxfeTU2bFp1aVcySG9SdVluaGYwX1c0c0diNm1JWmdpQ2lpT3ZfVHQzcUlGemtKaw?oc=5","The Times of Israel","Israel","1781115490000"
"Trump says Iran will get hit again today","https://news.google.com/rss/articles/CBMikgFBVV95cUxNNjlRbHFJeDNmUVRwd0VzTXhabVRKcG83NWRfOEtvczJSbnVoXzBhOVFsNEhLbEVKRHVoOG9Pa3lPdjVTNTJSOHYwdjdPcFRvTEVLX1dBelpfTTRjVTdZVTd3WGF5aEZqa1dZMnA2d2x0TkctX0ZVRjlpQksxSzBTbEs0Zjh0MVI0bnY4eERKM201Zw?oc=5","The National","Arab","1781115075000"
"US leads worldwide condemnation of Iran's 'lethal plotting'","https://news.google.com/rss/articles/CBMirAFBVV95cUxQUXlIbXJKVW42cUFVWU5ScVcyWTZ0SjRHT3hMSWNraHlSSlE4clphZExRM0pqTm1XTGZ6UHBxV3dMSUJ5VEpmZ21iUWVKYjVUMXhZdlg1dC1JSUNlcVVkcGItajExV3lJVk9lQlFwTkVlbjM1d2c3N1hBQS1mWTVGRkQ3SFJmNUJ1bmlJUm1kOU5nVFVVQXBLcllaallfSWdCTEV0SEh5Y2RwR2Uz?oc=5","The National","Arab","1781114860000"
"Trump says over 100 mln barrels of oil have passed through Strait of Hormuz","https://news.google.com/rss/articles/CBMizgFBVV95cUxQTkZtNnlFWF9DUy1fWEtYazUwRnRLb1B1QkpzckxNMXZjUzkyMzVDWWZNemhfSGlxakZKSy1HWmd0SVF5VDQwS3dZVFlES08tNGRDQW9XNk5zRGtfMUlRNUI3X2QwVENNOS1NdW40eF9mNU5nSUdkOG05S19sdjJ5R2d3RkRRcndFXzA3cEcwLTI4aFRNWVJ0eHZhbUZpZHJhSjdpMzZzLWE5a0NVYWV6eVRpMHllR21GVTZUZVZMVkltWnJPZE5EbXpRTkFiQdIB0wFBVV95cUxQNkZJY1AtODBnTmdyLWpvQjFKTld5N1l6QkU4eUxGZlBYcG5ZVWh1Tng5XzVscnpITGRwZjJzU2J5Q0JWOFVLQUFOdUc2SV9xaVQzX3gyQlQ2SlpkREFPQnM3dGhmckpiMGIxa3Qxa21KMTNZWUxRd1BlWTBYZ3c1NlBQbGpHVjhVNTAyTkk1ZzhyOG9VdlE1ZVlWQ2dkaWd3ZXZITjdvR3otd19GT09iMkNoM0IySXE1ZWpOcElFM2JyT1BjOFlxUHNjM3I0bW83Rllj?oc=5","Al Arabiya","Arab","1781114760000"
"Trump administration imposes more Iran-related sanctions","https://news.google.com/rss/articles/CBMilAFBVV95cUxOVHN0ejdYUEtwNGNnRmFKWHhpVk1zVWcyQWFLbUM5ZHdTYVZuakNxMkZodi01WW9waTNUNGJJMTlXQVE4RW1wYnUtcXZiRUV4anpDcFpBV25Ib2VYQkZLcm4zOEQyb0w0bF8tb0VCNHpEbkdoa1A1ZldFVFMyWWsybzlEZnk4aU5pYWNMR2hjMU11UDVf?oc=5","Dawn","Pakistan","1781114214000"
"Over 20,000 people without water after US strikes Iranian reservoir","https://news.google.com/rss/articles/CBMixAFBVV95cUxPd1p3ak05OC00cjRXQkMtMnhfb2ozdHBMSDJHY0pxSWhuWHpzZnE1V3E1RS02aFZOVnZsSEVKUDUwTllsS3R1RF84SHA3X3dxT3NETGhuWElkdVRDbTNXVTVJdElYeTlNMU1JREwtV2s2VHNQNzBKSmFvc25TMDdBclZHSGxVVGFuUEYxVmMwUDMtZTk5NjlraXhUMWM2QS1INHBQRmhtUjNEcUc1U29xQTY4MTdWa2k3WXhJMUdQdjU1TW50?oc=5","CGTN","China","1781113619000"
"Israel says damage caused to airbase during Iran attacks","https://news.google.com/rss/articles/CBMilAFBVV95cUxObnc2TVlxeXdaeWJ6Wm1rR0dLalZ5ajFBcElaRXpsR1dQNktWTVZiSVRYSmJ0MlZtNkJId05kSU1JN1VPbFZOMERXQWhNRzFzc0dZbkdoOV9FU0dpbmZtaFdKeDVhVFctU3hxU1h1c1N4YVhPeWdRSksta0FqZ0lfVVhsbnM1MDVwMV9Kc0pOSXR5WDQ1?oc=5","Dawn","Pakistan","1781113465000"
"Family of Long Island jeweler imprisoned in Iran urgently pleads with Trump for his release: ‘Every day matters’","https://news.google.com/rss/articles/CBMi1gFBVV95cUxPX01mZWliSFlKYnRDUDNQMXZtOV9neGFwMGVFRGFFSTNaVVdVWENDa0RXd1c0Tlp2cEFCTmM2aUp5N0R5ajdOZmhDS2FqZ2ctT3RvSTJiMnlLdGFzNzJvbF9NMGM3a1lETS1KeXI4OTMyQlhZQXFHaDBwWXdLMzlhdGJ1RzRkNm5UdnJhUDkzcHhvVmRtTl8wYVo2RFlneENKZ2R3ZlQxY2NRQXBzWXEzZUMzbU9yWnFnQjBHaXU0TEhMQkIzMGIxa0VWdk44enA5cDVwVGx3?oc=5","New York Post","US","1781115840000"
"Iran war fuels political backlash, inflation debate in the US","https://news.google.com/rss/articles/CBMimgFBVV95cUxPVmhmZFp5MjhOdm1NakRESjNKaFRoV3ljeDFtc0JYZWhzZzRBZWN2N01RTkt1bEUzUWZ6dkJ1OHh3TjdTaG1wWEZiZnZXckw3OHdQNy1DVldMQ01lNUg5elozdWFKYWxSRV9HN3dIcFNkZDlVOE5ReW9MWU01RHF5VURWVFVVZXlXRjM2ZjZNc1VSVDlVd1ZQOUl30gFOQVVfeXFMT2xkYzBRVUdzY3RLX0xPbl8xQklWRmlkeUFtM2E1RXk5aG93ZkRZUkFGUmNFVlRLbjRqZkZQYUFNM0FMQ3VoMWZ5eW1WLXVB?oc=5","Dawn","Pakistan","1781117109000"
"Iran says it will ‘not hesitate’ to defend itself after latest clashes","https://news.google.com/rss/articles/CBMiuwFBVV95cUxNSDIzOGVLOVJJSW82TWs1ZFNfOUt6UmtXWko4VmNsQ2tQSEptTzVGY3hEeUhnUVI5T0wtTXhxVElicWQ2TXd5a2lWM1V3eFZHTE9uUXpUb2R2U0ZiY2txMWVPSGRfZGZHbEs3WFcwUkxqLTRYOTQxYzZfZzlTbllLMmFFN0xJWEMzR3g3OFBFcHFXZ1dNYTJKaDNMbllqcWtOeHNrWURvX1pudUZjRnRzc3Jtd2J3YUZCUndj0gHAAUFVX3lxTFAxV1NPd2xKTkxiMnpQRl9pRjZqTG9abngyZ0FMTDRJbjhvVjJ0d2NLZkJsRTdZdjJQaGpUV1Z0RS13N1lXbnhqb2g5S2YxTkRDSUVOMzhmWFhwcjE2T2I3YkxOYTRlaDl1Z3EyWmdTRmlvSkV3NkVHVkxUdEoybDlQUGpLcFktUHpxSkF6MG5YYmlsN0Q0eklxRHkxSjllLXhrc3V0TlA2WnV2cWZhWFVoODMyWXlteDc3Tk1JY1duRA?oc=5","Al Jazeera","Arab","1781116724000"
"Iran's armed forces vow ‘more crushing’ response to US threats","https://news.google.com/rss/articles/CBMiwAFBVV95cUxNVGF3TVFxRUh4NXR4ZU5HWHV5NFctYnlkNjJPNGVLVkVPM2lIYVVzcGtZSEtyOVZYS1owWUtPRHZUVXVEaEtza25lclc2cHgxTm11SEFUN1lxbGpCUGUtRW5DbHprOTJqUWR2UUJjWkVPMk5NelFlUnhfekQycmZlSjRJdVJOR1l5bnh6VGI1cUg4dVdLbl94THY5RThucjQtWnJxMkEteHNIdHFpVV85ajlZVkl0Nm9XaGtnNDU3Q3g?oc=5","Press TV","Iran","1781116620000"
"Israeli official: US demanded we show restraint against Iran, but Trump didn’t do so","https://news.google.com/rss/articles/CBMixgFBVV95cUxOcnpuT1ZoQnQtelFkSUpTNFRQLUlyS3RSTk0zWUQzT0JzQjMzd0RkY0JjUmhTS293NTFZRXVHN0tmWE1Rak5lWjVzMHRiUGdlYkFMQ3FhZll2UTFodkVLR0lJUW9VdTBOdC1EUWFoSXdEWjNwenZ2TXN1b1NPQnAwYTBoUEJLVG9YVE5vQ0tsWllmZklWdW9xSkpLTHh5ZVZLSEw4Y1dDTVdad2dFWWVJRVJqdmRtaGhKWjhVRVBYTjB6TXZIX2c?oc=5","The Times of Israel","Israel","1781116435000"
"Balance of Power: Trump Vows Iran Attacks","https://news.google.com/rss/articles/CBMinAFBVV95cUxOR1R5bmFIekozTzM3MHBzcjZkNkdncGVKdU5nX0RJQlhYbmhNY1dxNVVxTDgtbkw3b0dWeV9pOFFZTnQ1T0hkVDRIS2R0cWRZa1ExWDlRNngwOUwzVko0QzdISTJxWjRSaE9nNDRDVHdETkRqdzBmOVNQd3c5RlQ0WkZPMUd3QXZLLUhacE00NjR2ZkdDZ21QVnpheGU?oc=5","Bloomberg","Global","1781118017000"
"Oil prices climb as Trump warns Iran must 'pay'","https://news.google.com/rss/articles/CBMiZ0FVX3lxTE9haXZYbnl0cFR5M1NWakh4Q3NhSHh1Q0lLQ0s3UXNNSFJLTlFZOEpsOTh4ZDd4ODB5alo3WTNGbEZVVU0wb0hfb0VJSXllaEU4U04weGkyb0NYMk4wal9RNDVWTGRqelE?oc=5","Reuters","Global","1781117100000"
"Trump on Iran: We're going to be attacking them 'very hard'","https://news.google.com/rss/articles/CBMieEFVX3lxTE5NQmR1X0RfbGJycHhPbi1adUdhVERmTDdqdUdBVTl4OHlGZFN4bWVXdVAyeXVINnFlZXppZklPTEhWWU5UMWFOV215djdkWmdhZmRmMEE3ZHI3ZVlOTHhWYVZkQk9lSkFJR3pTTzBMLW4wTHRqV1VUTw?oc=5","Reuters","Global","1781115211000"
"Trump says ‘I love the inflation,’ claims US taking millions of barrels of Iranian oil","https://news.google.com/rss/articles/CBMi2AFBVV95cUxOUVktMGY5ajJCRHVWdk9YOWhNbmpvMXEtTlE3Z2tpeEIydDVPX0M2bnNhNUpYN3k2bTlTZUc2cWk3OXF5dm4tYzJBSGh6anNHZGRsWk1yblNIcXRzRXdGTk1VWmh5WFZ5NFgxMXFNbVdjTVVGWEQ5WTBNRE82WjNTRGM1UWtNaTJ6cllOOGRQSGZ3WGdyeXdBeU85eXBBMTVOdXFPOUlZMHhRWHNWR0YwZXdfN2hGSVJDWDRvYU0yM01QN2dfMnM0SGphTWJDNUxHUjhqcVptTjg?oc=5","Associated Press","Global","1781115060000"
"Iran's regime feels 'emboldened' after Trump shifts away from peace talks, Iranian native says","https://news.google.com/rss/articles/CBMiVkFVX3lxTE1FSmstUzlCNTRtTXFmNnZ5QkkzSjdPZ2F3aXNRV3UzVlhxSGVheC1UeHpOdENWZURmRWVRMEUzaUNpU2hrQmJ0WmJ1d0t1ektfNWxsQzBB?oc=5","Fox News","US","1781117901000"
"Trump details ‘secret mission’ in Strait of Hormuz and declares ‘it’s over for Iran’","https://news.google.com/rss/articles/CBMirAFBVV95cUxNOFFORXVJRW5zZVNUcWYteWNJMl9aQjIyZlBjc19laGZ5dmZJUklENUNnU1Z5V0hKZ2E0YXdaUTNpdFhXbDFKdFJubXdBMk9WT2RFZ2xpQjRQVjUtalZmOXVOQ0RJWDVGTkVEZGZnX1pVZ01mRkFVSGdnMl9XN0hzakE5UGljTktMSmpMNjAwRDJNOVZKQzFtQ195S0pYY3NwRkRIcEdhS2pWQzha?oc=5","The Independent","UK","1781117760000"
"Video. Trump says 'I love the inflation,' claims US taking millions of barrels of Iranian oil","https://news.google.com/rss/articles/CBMiwwFBVV95cUxPOGVJcnFtZEh4SW5JbkMxNTNqS191b3dQem0zQi1ScFRIR0hLR3lSZUV0U0p0Z1FsdFBnREFGV0tzc0lXSnFmRlQ4b0UzOFZnRG1JZXp6RjZpaWJUSVN4eUVTb2ZMTG5CQlpuOVhoNFhCLW1Pb0RXN2NRYURNa3M2blZxVjBONVBNQ21oNnFKWVZwQU1LS2pxTDVhUjRGeWp2X2NhY2ZjZnNrNnJ6X3FZR2JxeWhIU0h4VHRONi03eVExajQ?oc=5","Euronews","Europe","1781119286000"
"I love the inflation,' Trump says as prices rise amid Iran war","https://news.google.com/rss/articles/CBMimwFBVV95cUxPMThfbFpQWmlCV2h0c0pXalROOTJxOVpwZFlKVzJMUVpmNGNfOEk5TjFUZUdKZ1pxMmJGY0ozZXR5Y19lcHBqUklkcjRWWVMzSExoWUprVEx3WWNRUlBDaUM2VkZSR2tFa2lCdTNpYUxidUtPMXFBTFctVkhmbzViWTg2NWlIX193Z3NMU2taTXNzb1ptMkhsQzBrdw?oc=5","Reuters","Global","1781119196000"
"Iran says US must avoid using World Cup to settle grudges","https://news.google.com/rss/articles/CBMinwFBVV95cUxNZERNcnVVME9ZRF9ISTlUOS1PWkI0d1FzZU04S2JydGJzbzc4dmVDTmkxMFJxcUR4blZmU3lWN3ptSjhZS2UyYTV1TkFNZ2RiLWowSGE0a1hwam15STZScXJTWDFubExDRGtwdW53cUw2Q19Uck5TLVh3aV9Kc0tDUGRybzVEMFp5UFZhNmtsLTJtTUFjQjdJWjZaS3lfRGs?oc=5","Press TV","Iran","1781118420000"
"US imposes new wave of sanctions on Iran as Trump pledges to ramp up attacks","https://news.google.com/rss/articles/CBMiswFBVV95cUxQdWg1NTEzYVc3VjYyYjVWR1V4ZUxDTGZYNXJlam5vUjJNaFBYWHd0bVMyZnpTbW5ycHFxTkhBTG5lMDRJQmNLSGQ1LU1CZHBWM3gwVWNoMHdBU1Q2MXFpWlhhYnZ1TFlFYlJTcE9qNzY5YzdzQ2ROc2RqdlBWbTBMdFJneW9KV2JmS2FuWTM3RDd1QmxfR1FWUzBTX2JWN2lVUGJ2U2loZUJ2RXBqSGJYUF9idw?oc=5","The Express Tribune","Pakistan","1781118355000"
"Why Lebanon remains caught up in the Israel-Iran conflict","https://news.google.com/rss/articles/CBMikgFBVV95cUxNTU5LVHd0MDVTY2lYUldZQTZ2cG5ZdGNQbnpjdjNmMFR3a19pb3hkLTB6UnVPWkhzQmwyZnBvd0MxQUE3MXVvNFZsSkp3SVY0dGs1OWd3YVA0RmVwMUdmT1c4STdzanh1YVRsSnB4SjVieWRDTG1FSnVhSnBSRDVBcEFyb0ZKNmMybXgyOUJVWUJCd9IBlwFBVV95cUxQSmdQMEJZNDFRX045UHozVUFqZkx3blBTTzZCNzA5LVJzS283aEpfTW9WLUotdk1TOFVRTlFzYVNrbl9SdjlJdU8zV3lMNXpXUngyMmwyOGJWdEVCalFNWGVMQzctenp0cTZjSllpeUx2TFVJYVBlM1lmazFiZkhVYzFDSW9oM0xkMEFxLUN6Vl9ueXNkX1Q0?oc=5","Al Jazeera","Arab","1781117715000"
"Iran FM spokesperson slams US strikes on water infrastructure","https://news.google.com/rss/articles/CBMimwFBVV95cUxPM1ZPaDhnbXNFLWRCbDBSZnRLY2ZRbTJrS0dwOTRvaGJpdE55YXhoMlh5Q21kZW5CRkRFVkxPUjc1WG94UWQtRFRmZXZUTWNUT3ZlSHphSVBuaHdFVlZMdGQwM2FqRVJJVXg0bzJYSlp3d0RQNWRxSU5kU1BoRG0wYnRuTHZGYk5yU1Z4V0lQQktiRnRZVlZQUy12MA?oc=5","Dawn","Pakistan","1781117439000"
"Trump vows to attack Iran ‘very hard’, says Pakistan still trying for peace deal","https://news.google.com/rss/articles/CBMiU0FVX3lxTE84cU8zdWZuYk5fbmRVTThJVWJLaElFT3Z4WjNPSUNzNE90czh6RGlGUC1EUjRvZlF3QUUtR3l0TDREcEdLaTNhY0QtTS1qOHhocDBB?oc=5","Arab News","Arab","1781116468000"
"Trump reveals US military took out 22 Iranian ships ‘late at night’","https://news.google.com/rss/articles/CBMiVkFVX3lxTE1TX0JkaFUwUEd4eDYwaklyRGVydGVSMVMzVy11Tm5VdXdxLUhTVmpOUHZ3WWNiMGgzTk5BYm1BWWpvVEJUSXc2NHV1eWQyLXpHMmwxR1p3?oc=5","Fox News","US","1781119046000"
"2M barrels of oil per day is escaping the Strait of Hormuz: experts","https://news.google.com/rss/articles/CBMirAFBVV95cUxOZTlkb19NdUhxSHdXQ0dZRURzY01BbzZacmFMNDU4T0pOd1FPZmNXaThraUZIQVRVbXFiVkdwbXlNRERDZ3ZUOE9EZm9QLVNSVmNuenV2ams1Mk80c09pVHREMHFEOGhKZS1ZMlVaSVZSNVhWd3duSjAxUFRucGFiUHBVUHBhOF9sblJMVjJuT2ViLWZqb0RDU25XUjhYSGxzYlMxWktIeUtIUm43?oc=5","New York Post","US","1781119020000"
"IRGC commanders dismiss Trump’s threats as empty","https://news.google.com/rss/articles/CBMihwFBVV95cUxObHZuRzRISmZLcHpJYXNtMXZPMXYxbFVLYkVtd1ZZd25vQVZkeDBfT2toeldPT2V1TVZpMFV2TGJtN3AtQWVnSEFkTDNRcnE4d3RaSTc4UHQ4WTlpbU84dkowZjNXS2lqcDgxMFZQQ1REMWtYbThDZm5LY1ItLWhNT0hXaEx5eE0?oc=5","CNN","US","1781118004000"
"‘Act of state terrorism’: US attack on civilian reservoirs in south Iran cuts off drinking water to thousands","https://news.google.com/rss/articles/CBMiuwFBVV95cUxPaUZqLWgwRVZrakdhRFZxZU41NEVwYmh4blZZcTZSUVh0S005Wjhsc0RjNHNWcTBxQWhWTmlkbTZDM0hwc2dlOUpOM0tpUl9TZUFfalNpbnZfUC15aXdRRWZXbWdCQ2FWRmpKcU5oMkpyRWNLa0RaNUwxNVVQek50RUlLblpLbXpFTzFLYURuZlc2LWtWdnoyd0xBLV9yX3AyZlpWZy05Ymp0MGh1MWZleHp0WmRlMXpkNk9v?oc=5","Press TV","Iran","1781120760000"
"Katz: Campaign against Iran is ‘far from over,’ IDF ‘ready to attack with great strength’","https://news.google.com/rss/articles/CBMiyAFBVV95cUxPYW9BWE54dXlvcEs1Q04yRVowZEUtY1ByTGtrMVVqNzRmOFY5M3FIMlpxWVY4bFRuV3ItNW85SlhzVXhzZlJKZHNGYllTbDRhbGlGM2VUdGRDc3l4djZWTFNKXzlrZG9wQnRzbFdWR0dOdktVZzRrLXJOcVJqQ3JrSkZzYmxvN0JPTE9qV2hIdElDeWNrWU5TOGp1N00xdzIwSjZ6T0FmS19mVDAxRGRPWTVHLUZrbFEyZkl5b2F5REl6a2laczRZVA?oc=5","The Times of Israel","Israel","1781119090000"
"US imposes new wave of sanctions on Iran as Trump pledges to ramp up attacks","https://news.google.com/rss/articles/CBMiuwFBVV95cUxQVXBCNmVLR1BXVHpPdEZ5WWVZaVRoY3ladldOSTdCWmIyb3VkeElucDBpMWcxTUlDMGlsWVFzSEZya0lsY2ppMUVpbDRxVzJlM3VOc2ptaXJXX3RWYUJJdU13NmNpVHE0MFdMLUdDOHpuOV96ZFZkdnllekI0LUY1dVdIQXF0VV9MMW5IbGUyd3Fyd2pqQUJvam1VQVpnRVBYOXYyVDhaZmstZU5iX3JBdFJfQVRTeWswMktZ?oc=5","The Express Tribune","Pakistan","1781118419000"
"Trump claims US military secretly helped 100m barrels of oil through Hormuz","https://news.google.com/rss/articles/CBMiU0FVX3lxTE1iRTNNdXVYQWhOM2xUNjhzVDdpU0tvaHlOZFYxVXVqLWZpT1VfcWh0M3I1c05pQlI5cGVCWW9jM2J1cWNSSTFwdThRQUs1clZ3TXdr?oc=5","Arab News","Arab","1781118209000"
"Trump vows attacks on Iran for 'playing' US over peace deal","https://news.google.com/rss/articles/CBMiywFBVV95cUxON2ZrLW82cEpYSlh1eElpZDRkOUFITk8zQnBRbF9iTWZrV3VuR01acUlsSGlYb0cxa1NpMGFTbnE5eHJjaEtqU3ZIZXVQRVNNU1RHVXFFN0JWM0p4ZlF6NVRndlp0cFg4Um5BMlRFYjhmdTdUd0xCUXNrUXYwZGd0WXA1NnBGUlpzMWFkelQ2TnZULWlxMFVBcXlJczRhLVJxN29UdlRsWDRuS25qUVFJWnJNRmZKUVB1T21PZUlXTnhWOUpHUUlZejA4VQ?oc=5","Le Monde","Europe","1781120015000"
"Video. Trump says 'I love the inflation,' claims US taking millions of barrels of Iranian oil","https://news.google.com/rss/articles/CBMiuwFBVV95cUxPb1ZVS1lnNWt1ZVMyWUltNjdCTndYemd2WVhDMkRiSFZmMTIwMXRGX2xqcXJIaXZiVVR2Y0FfMnR2d2xta1RXMHc2NmRzU1otV1BVaGh6UVdzczIzbkZWRHlFVldpLVRYLUlVMVh4a1NnLTEyQjRXX0ptUk9vRDY5ZHNSQXVjWVZDZko0ZkJMTjdoSHd0RVE0aG1MQjM0YlEzRkhhcEZiMmk0OXhReGFNaHFtcC1CUGQtb3lR?oc=5","Euronews","Europe","1781119286000"
"UN chief warns escalating attacks and rhetoric risk ‘full war’ in Iran and Gulf region","https://news.google.com/rss/articles/CBMi2gFBVV95cUxOOWVaekt3eHpLRVh3SVgxZ0ZQcldHdFg4d0k0ZTlpdG0xUWdQX04tRlZibDhmTkV0WXBUa2Q1LTE3bk52d2hEelhKVkZDdGUwcXJVZlRHbGh4M0RVSUJtWWs5azlYSjF4UDNXaUhNSGxLVkFZUmNyeUkwcjd5Y3NEVjFWZ1MzUXpVVV82RWVzSktYS1VnODkzRW04NThVck52dktxb0xxam9hQ0YxZ256QVJXTnpFY3ZseW5CR1VQeFV0S0xFV3JHdmhJcHhQTFlaOGU0UnhaTUtoQQ?oc=5","Associated Press","Global","1781122920000"
"Markets Close Lower, Trump Vows More Iran Strikes, More","https://news.google.com/rss/articles/CBMiowFBVV95cUxNdm9qRDJuS1BSVFREeDJwZHBweF9EWGhRZHN5bm9McnJwOE1weU1tZmVSSjFNakJTdmxyVWhWNGJZYjRrdFFNeWRidXUxSk1tLXpZZDVHalByYloyNHBlT0lOOWtjRG9EeVlQdmQxdXZWUmdrWDUtaGV2UThTYnpOMmlIVVFEMXB6VVZVNTV4VUZtMEg2U1BqeVB6UHROYzliVHR3?oc=5","Bloomberg","Global","1781122408000"
"Wall Street indexes fall 1%, dragged by tech and Iran war worries","https://news.google.com/rss/articles/CBMivwFBVV95cUxPQUxUT1NqQm1KUFlpbmdjN0VuSm4wU2VIODFBNF81YU54bFBsWUptZVV0bU41ZXl0MHQxWE1UamxBaHlkUWhvWUY3MHFJZVJhYmJKdDZtMlkyLWlEbjdpOXZubnJLZFlZREdyOVhfMU5QM1l0ZGNoQnpIdHlYVjFVSHU2eXI3WGk3ek9aNXR4ZUJaQmp3dzF2dUxybmhWczI1ZEt3M1hCVmdNdmQ2bDJ3R3NOTkhzUVlRVE52WjF4cw?oc=5","Reuters","Global","1781122183000"
"Trump says U.S. secretly escorted over 200 commercial ships through Hormuz Strait","https://news.google.com/rss/articles/CBMifEFVX3lxTE5pRGRuQUNXaEFmTVl1ZmlwUWJTNkxnSHdXNXIzQWoydGlRTkJnUkE0bUtxTlp6WndoUXhZalVIbEMycTZYOHRxRl9sQ05VQkN6U05uX0FPMjZpTTMxT0l1bk1BdDh0eTRjMzdZSEY1YjBnWktHQkpybmdmd0w?oc=5","Xinhua","China","1781121990000"
"Gulf countries say Iran’s aggression closes door to dialogue","https://news.google.com/rss/articles/CBMiugFBVV95cUxPNXNHVDVqdWNZb0NaM012XzQ3VkM5b2t5UUJEQUg0a2ZQdDNyeWxtOTdxSGRFbVl6S3ZuVW0yblFCakNEQXBFMFlveXkxQ2pZVHJGeEZOVFhTSXBZYlM4aEFYSy1wVG01U3BEYi0wWWI3RlA2MXdUSExyMGhhN3ZKTm5lSEZoeWo3TWk0bGFDY1NYTmQxRms3akxYbWhkNzF0SXhtelZFUUNaWDVudE1OQ2pLajJwU2tnbnfSAb8BQVVfeXFMTXdiYzFFUVdERUV2NE9Db1lFN05IcU9MUUNDVU5WcW5BY054aUh0cngxSGprS2lCS09nOUZCMVhGMG5BRFFuUHRSV21iaGpyNl9nNjBTcEdNUVhadEpUYXdWOWxldHlnOFdWMkdJajJwVlZhcFdLYm9KRmVZTmNaOWE1SGxxeHJ5U2Z3eW5FNW1WVV9YN1Z1TmNZN3VpcUIxU2plUG9MSTR5NjAyZTl3WlhjYTVBckFMRllyblNQRjg?oc=5","Al Arabiya","Arab","1781121540000"
"The Iran Talks: Progress or Illusion?","https://news.google.com/rss/articles/CBMid0FVX3lxTE9Tc1BVVUtpdXVKMFFJT0F1dmduOWIwZ2JmUkxWX05ZZ09LSXNMMWhjQklBMi1HUGtjMHI3REJjb0VmNlIwRi0zX24wdEJfMU1tUzJNY05OMDJPOGNhSWxzZ1VnTnFTTXRhalRFaUlwNG9teUtheV9R?oc=5","The Times of Israel","Israel","1781121360000"
"Trump holds Situation Room meeting on Iran strike options","https://news.google.com/rss/articles/CBMifkFVX3lxTE9SZTNueFVYQ1FWWElPMmkzVkpfR0I5X1l1RG1CU3E3NklVZUluUVNKTnVYRTJXdGswY0I3RTVtZ0l0N2c4Y2pHdTdRQ0tVZHltbjJ4d052MEZxc1l4WTRCUzVGcmJEa0g0eXNFVU0wVW8wdVlnLVY3bzFrTW54dw?oc=5","Axios","US","1781122297000"
"Oil Rises on Trump’s Iran Threats and New Strikes Across Middle East","https://news.google.com/rss/articles/CBMigAFBVV95cUxOcHhPNGhMT00tREtzLXNMSUdRSWJ5SzNCa1pkRHZwUG1zdURoS29MSUJwaThEOUJzdFhCVWpyY0liWmJaRGMyX2RaalNMSmNyaHFQdS00WlhGNDdnWHFndTQ3TGZIX1B4WFQzVU1VVU8wQjdIcURyZlZFcE9NbFhjVA?oc=5","The New York Times","US","1781122020000"
"Trump urges Iran to ‘start signing a paper’ as negotiations stall","https://news.google.com/rss/articles/CBMiVkFVX3lxTE4wcjB5LXNiQzdqb24ydXl0MGYyV2VBM2F3OGVkTkNIT051OVRwbXRaNjFGbVhnMWZYYWFDVWUxYW9TNk5la2NWczRjRFl2cmoxcXBjY093?oc=5","Fox News","US","1781121929000"
"Trump Threatens More Strikes Against Iran, Citing Stalled Peace Talks","https://news.google.com/rss/articles/CBMifEFVX3lxTFBTaUhKQ2NFSjljeWExTGNUNlQ1QlNFWnNsYnVRNmZ4WVJhQXhuMkpRaDg0Zjc4NVpJeXRobFVnQlhfUENhd2N1bWd5UjZHSTVtOEZSbWNSUUdsYjdUdXBPR1k4X2UyZEpNSUlsQTNjSVB6TVgybVZWTWhndFU?oc=5","The New York Times","US","1781120121000"
"Haley urges Trump to increase pressure on Russia, China as Iran conflict drags on","https://news.google.com/rss/articles/CBMiVkFVX3lxTE1mLWh5LWVDanlfN1cyR1dLY1psd0QtLUtjUUk3am5kU3gtX3ljMXg5dTh5bUI5NTl2OUE2S3Z4WHRxZExKTV9uWWlzeExzT1FuM2RoYnJR?oc=5","Fox News","US","1781120110000"
"Hundreds rally in south Beirut suburbs, Yemen in support of Iran, allies","https://news.google.com/rss/articles/CBMitwFBVV95cUxNblFmaURZX25ma01HaklnbmdTMVpNRHhIVzVKX1ROOW1TN0FUZGR0bGJUYkhzdXpEQU1CcktFMGtrWUJJR0drSzhiTnBRRHhzb3ZmME9JdUxpWDdfQ2J2LUVFQmJBaTNaTFMtZ3ByNHRiQV9iOUxwSTU5NjNjZUpkWXd1Rk1GMEpWOFVIWFctZHh3UEdTRGZDNHdwLTBzbk9RTEpqbGd5MVFXV1Vhb296UEN5NUIxcTA?oc=5","The Times of Israel","Israel","1781124190000"
"No sustainable deal can be reached under threats, Iran’s UN envoy says","https://news.google.com/rss/articles/CBMitAFBVV95cUxNLTN6M0gzcEgyM0xJOGpEakZCc1lJaU5YRk5NNUVlMTFWUF9JOWhjZ3FCb3ptQUgyYWN4cmlzMU5aVG4xdVg0bEVsVXVnS0JMTk95Um44ZnBySjM2c2RGY3o4Mk81NmJPTE8xRHJBWUU5bjNtWWl2TGVYdVh1a2JwM0hkUUlHRXpURmIwZVVxV2FtOWdGUkNDTk51bFNGaWtIdHotMEEtNkdQQkhqMmFZR2xkN0k?oc=5","The Times of Israel","Israel","1781123590000"
"Trump Vows More Iran Strikes, Oil Jumps, Tech Stocks Sink, More","https://news.google.com/rss/articles/CBMirAFBVV95cUxOSDkzNGJMM0MwQ1J3YzRxSzk3V3BVb0FVYXNVamRJSzBzR1V3SmxyR0R4UTZIbDVteUNHRl8zTUdhcHdFd1dXWlVqNG1EM1JVWExPRlJydnR3VWJ3X1ZBOTlOLXNHOXdyZXp1TkFZRE5KNlpONUJFTHYzVTRhelhGbUFEd292NHAxemRzNnV5UG00M0ZhWHlHUVBIaC03Um54V3Y4Q0ZxUTVhMHFI?oc=5","Bloomberg","Global","1781125380000"
"Hegseth: U.S. to bomb 'key facilities' in Iran on Wednesday","https://news.google.com/rss/articles/CBMioAFBVV95cUxOdm85dHdSLVdLb2YwUzFIRkNuTVJFMGRaNXpOb2lScjR0YmUySnhNeVdHSUJmTDZlYXRQTE1rcHNhMk5QVDc4dUpTRTQ5UmJ0Z0FYTmpaRFZ4ZlJ5N3lDNHBpMkV6dUNQUURLRVY0RzduVjV3d0g3QmdYNWlHVFNCRDJxd0E5U3hHMU5OT3lFZFFpaWl3bnJjRGZLbjU4WTFE?oc=5","Reuters","Global","1781124486000"
"Britain introduces sweeping new powers to target foreign state-linked groups including Iran's IRGC","https://news.google.com/rss/articles/CBMiwgFBVV95cUxObmVISFJCTTk5R0UxR0QtQnpJbWpGOVpfV0NzYkIwaEZNX2ZUUEowZ1didGllUF9paVctZ2gxejB0QnYyOVlUenFNQUZNZlpPY29FTzlLY3RFRk8xVEpZRUhQUVhScF90OTBVRTNyMTVxMTUxSjhwSm02SVp2WTVuQzhGMGpxcFZIaUZpYmxYNU5rNDRfenBiOVdyT1JwWW52eEVLSmJzYXU4T1RZb2IxTUo5SVlyMDY0QlF1NHB3ZlRvQdIBxwFBVV95cUxNelMwTzlMU2JkZzlNX3VtWTZDTEJ2N1hpTnhkRk9Hc2VteU9yZklFUjRoUmRtdUdqLUxNb2kxS1hScGc5NndLcE5abHJvV1Nwem5iT1duTk44c3E4bmJjbkVneUxIQmllWEtzN3U1b0NKcTBYWldLNW41bmJNOEJfVTNtSEVLaUVGcmo3U1RBSkd6cmNQa0Fwc0ZYNldyREsydGJQV3Rzd2VHSFU3WUNRVDAtQUhkMmloZW9QVll4RUtlZ2luVVNV?oc=5","Fox News","US","1781125234000"
"Trump’s ‘Secret Mission’ to Ferry Oil Past Iran Was Widely Disclosed","https://news.google.com/rss/articles/CBMijgFBVV95cUxOUHJVNktSSVdidVFMY2gzSThFUkZMeWRQSS1jVjlaNURKMGFaUm56bGNLNWZOcjB5NkFJRkFncmVXTVBCVW5ySFJJWUJVd1RyVTlMMXJsakM0TjF6Q2R5dkJlMW9NMzQySGNlM3VEUVFvTEJQLWYtWTNSdWJnblhxQk9xWXZULVh5MmV0ZHVn?oc=5","The New York Times","US","1781124759000"
"Morning Mail: One Nation’s ‘sloppy’ finances, Trump signals new Iran strikes, who will win the World Cup?","https://news.google.com/rss/articles/CBMiiwFBVV95cUxOWmo4S0VfYWVkLTVWVVA5dFl0aGpVMjVLUXpxdHI0SHZfNWpWMDc0QzBhVzBPcURjWE0zT2FQOUFEM0RDYjMxLVZ4S1V2WGxkbkRxV0h3RTc5Z1hTdXdrUXpYSVlyYTg5WXl0LWdoTHdva2Yxd19UUmU0eDZ1OUR5dnVQNjZLUGwzSm9z?oc=5","The Guardian","UK","1781124060000"
"Trump prepares new strikes as Iran quits peace talks","https://news.google.com/rss/articles/CBMipwFBVV95cUxQWHkwLXV0ZHVIN3MtN2ExMkh1T05TZWFJV1VnV2lHLWQyLXZ6Y1BmYS1CR3ZJN0NvUkYwaXFNTVNneWtzdHFNcFg3ajlFNzJxMTJFdEJ6VmNUTFlTR25OckNJNDZHZlJRb1NiMVV2TGI2VjFxV2pMbzEtSjR1NjZ2V2tDZElkYWg4WDVYVGs1azA1QmVSS2ZWdG5LTTIycXNhaUNvMGxrOA?oc=5","The Telegraph","UK","1781124000000"
"Exclusive | Trump tells Post why he said ‘I love the inflation’ — and predicts 4.2% rate will be Iran war peak","https://news.google.com/rss/articles/CBMixwFBVV95cUxNR2xQN0hGQ2kwUUp0WVlqR0ZIZXQxVG5abFJwSUY1VlFIalVvVVZzSEtGRTAtYko1bVU3SnByS010c2lJVkRWNFlKR2NheWI0cXdYancwMUQtY0xLaXNZeWJjWENMa1dieko5N0lRTUQ1MmJpM3FkbWRIbmdRdmZNUXFFM1ZTOWJUYjZBUEhMNFRzT0M3N3NRUUlMU0xObGczZlZERGJNSnVubUJIeldkby1hdUM1N0lMV0pwM2hMU005RFF3LTR3?oc=5","New York Post","US","1781122383000"
"‘This is not America’s war, this is Israel’s war against Iran’ – Kevork Almassian","https://news.google.com/rss/articles/CBMie0FVX3lxTE9abGo2NTR6OW1tRkhzVy1lXzFjbVpaX3NMVWkteGdfbzNWai1NR0VwMjRMNDhoYzlRZFZhYUtnQkNWOGpCdklZaGV0dDdWTTJJM2RyQmRkTEI1RDdScHdjTlFUVzhYa1E3Zy1BZ3MzeTBBY25xcHlVd2R6OA?oc=5","RT","Russia","1781126853000"
"Hegseth declares US will bomb ‘key facilities’ in Iran","https://news.google.com/rss/articles/CBMinwFBVV95cUxORVQwR3laTWVhb2ttemNySk5PUDdLWVpxZ0xSMHBZOG9veUNkYXZmTkZLYXZNWTczT0hadmxfLUhTWWJ3dXpJWEsxalhHcXZ6VkdBN3g4dUwwX0hzUUNLTS1EdGNUanFRUWNCZVZUSVZiRXNiTGdNZENZbTBXakRTZlhGUG9iQlZKZWZQNkZrUTEtYXR2am9yTjFMRlZoS3M?oc=5","The Times of Israel","Israel","1781125500000"
"Flash: Air defense activated in Iran's Fars province -- media","https://news.google.com/rss/articles/CBMifEFVX3lxTE1TRWp4MlhITGRDUTdULVRYa1kxYmNaNTliTWhaNDRxV2tuQ2FJUkV2SjZyc1pGRlFBWGhHbVd2X19MUHk4TkhiME5aUktacFlLRVpaUVlrT0RoX2VOT1pDU2VMWkR3NGdtMXYydTVTZnZ6TzZ3U2p5LUNwZnc?oc=5","Xinhua","China","1781125335000"
"IAEA board demands Iran report uranium stocks, grant inspectors access to facilities","https://news.google.com/rss/articles/CBMitAFBVV95cUxPSmwwNUVQVHIzZXJ3ZzlEemhWWDluUXdiUUNudEJiOEFydDc5MGxJckk4Q0dGbUFoUDR6ZEtacEIwdTJLencxY3A0ZjBWcTFnZlJqa2swbURmejdZVzZpN0daN0Q0YWhfVUhORzVaanFpZWZ0X2Z0Y2RVQ01zanJfNHVwN0tiM3gtRUhIVVMyeE1aLUFFY0k3VHpuaVJ3MU1FaXdYZG1OTDNHZTZkWFNZQ0NrTVXSAboBQVVfeXFMT1Azci12blo2bmIyMFlrQVI2UVdFOHBDTWRCYXJaNkR4VTVsZkxoMlB3dVdJS0xTczZVX051ekxUVFlEbVpvYmtWRXZtdG5yLXhHU3FEeE1qSVZYeEc1aU1XSVZBVUlpS1dqZW52c1FUOEJuUWltM2Ric2J5RUo0eFpQazdQOFVlY0NnQjJ1eGJfeGdKRXNrLW1pdGdUeVdaWjZHTWdXVWdCU3dQTWVldW9GTkkwNWJLbzNB?oc=5","The Times of Israel","Israel","1781125232000"
"Video: Hegseth Says U.S. Will Attack Iran Wednesday Night","https://news.google.com/rss/articles/CBMimgFBVV95cUxNb1J4bVNQb3hlTnlCZnE5RkdtTEVJeGhSVTU3dUxPNmw4TVQ5dHBWcFNBNUdlczV1b2xrODJjb29YWFVCOXJjd2RURzdZeTM5ZWdjZmRVWUxRU3VBVVJYQmczY1RzdEcwZTQwLThYaE11Z29XT1RSSGVndHl5VzUzR2pQSXFzQzlCREJkY3NvVXJDNXNMekg0Q1Rn?oc=5","The New York Times","US","1781126835000"
"Hegseth promises to ‘hit Iran hard’ tonight after Trump threats but says its not to restart the war","https://news.google.com/rss/articles/CBMiqgFBVV95cUxNUXdjV3JzTVZHSkIyWkM2MFZyYlJCLWRqeVN0cmxSaXhVUkc5YXR4SkRxYXpFbWZWeG9jMlVfQTNmSXFyTFNCZEFhc1ZYc3ZaaGpialJ5ek5MR3lJZ2VVUWlwRGt2dGc2ZW52eGlub3h4RDJWc1lfekZFTXg0UUVuYUIzQVQ5cldoMW4yR2lERHhCZUMzeVpwNlA5NkF3NmxEOGdFaVFYeUdWUQ?oc=5","The Independent","UK","1781126820000"
"Analysis | U.S., Iran negotiate via ultimatums and attacks with ceasefire on the brink","https://news.google.com/rss/articles/CBMiwgFBVV95cUxPYVFhNHNSOXRpSzJCSUtDcS1rd2lDNDZOZnctZklPdjV0NWRkTU56Z3FUZHFuNk8zY3FnY2EzUHJjY3ZnUWY5bV9ZMVBjdThCVFppVmI5Qk9JR1N0NGhTQ09NOTFLS0hBZGlZcm1rM1JBNG9LYUh5YnVFU01GR3RZQmlZNGplN2cxM3NsSXVPNVZvdlM2WjMxdGl2VlZiT3M3SEVud2lWQW1EY2FQbEo2Sm5xbHVyQ3hvSlg5cGliWVp6UQ?oc=5","The Washington Post","US","1781125978000"
"Trump threatens future Iran strikes as expert demands end of ‘tit for tat’","https://news.google.com/rss/articles/CBMiVkFVX3lxTE0xTTJfX0U4WXVEeDdicUJpMldNX1d2OTU5ZjhVcFZtUnljWXpvYXl0SWhDX2dETVVhaS1QNWxlTjdPNFNGUnVXdzkwZ0Fscm5jblZXYlV3?oc=5","Fox News","US","1781125603000"
"US Defence Secretary Hegseth pledges strikes on ‘key facilities’ in Iran","https://news.google.com/rss/articles/CBMisAFBVV95cUxNS1JKTEhka19uekR3VVR1Rzc5M1E1WWhaSUtjQ0hGZk9uN1R2REI1RXBkaW00ZEpIWGtmVVhZWUdTaXhOUmRleTBsM21JY3Jjb0l2c1kyUUIta1JRNk1VQUJzQmVHZXpvYXdpa1VVUEVZOVNLekZMQlVUSkdkeFM2SGVNMS1rUzVlWjgzTGhrY0JRczNmNkRzNjJyNHZxRjJGUzg2OTBzZ21EZzQybWN2d9IBtgFBVV95cUxQUVBUODBGNGg4anlodGNFMXQ2TVkxaHZ6dGE2NFZ3SFRGaDNDLUhyYWwzOUFUMmZiVEJ1WUhqWkVlQTFhdUotb3V1YmZtSmU0SmJBcFNJVlVMM1lmM3doVmhRS0IyY01XbWtHQUd6UGVXQVdPOVFrVnJtWlpVV0xsOFBxejVPZ1JJUGlCZi03b21NRjBIS3I2U0V5RkpiRlJ0VG55ODZ1TDBQLUROTm1LdVVSdzlIQQ?oc=5","Al Jazeera","Arab","1781128575000"
"Pakistan urges restraint amid US-Iran clashes","https://news.google.com/rss/articles/CBMiigFBVV95cUxPOU4tNWhJRVRUa0RzWW96OFgxUVllTXlIdHVwMGdrWXRiM255WmdjbTlkOE1TbnI0WGlZMmhNSnNLNEFuUno0Z1JHd3oxVjg1NkQtUl9NOEFONWU1RGEyWGhHY25qRjRpUzRmdTFUSWVvWU1KSFVPUEV4RmVtSU9xOThMTTZnNGtySkHSAZIBQVVfeXFMTU13QW5PcnV4djNpb3NxVEdTMWEzaWZkNW5vY2t2VmM2ZDBsVmhuNFBha1BfUXFXUWtnNkNRUE1lZ3g5WVdITUVJOW55MEd5RXRGejktdDZ5bWlmd05WS0laWGg0ckVwRkJ2YVAtYmZZd1cweXlEQjdyY0RDMklrOTJyQ2p0U0NSRzdGWVVvYW5odGc?oc=5","The Express Tribune","Pakistan","1781127911000"
"CENTCOM confirms US launching fresh ‘self-defense strikes’ on ‘multiple targets’ in Iran","https://news.google.com/rss/articles/CBMiygFBVV95cUxQdlhGb2NLb0pNVW1fNUFLXzhyOEpEQVpIdTk4UHc0dWJiNEM5ME1wUU41MlFPQTM2NmdpR0twNURydEZqTGNsMkw5LXE5cEoxOGxnc0R1QzlPazc0Rkg0M0Z5WWl5QVRJMWJSd2Z6ZElrY2g2dlpoLXl2S0lUa2d0bmRLa05XMjI3cFYwVTN0SzFNMWNXWUVhOU40SkFNWDNaSFhzYmlvRTNiZUpyMFdjd2NzTFVNZTAweHpLbWlJTGtLNXdfM2VBTFhn?oc=5","The Times of Israel","Israel","1781127660000"
"US to ‘hit Iran hard’ tonight, strikes will be ‘strong and clear,’ Hegseth says","https://news.google.com/rss/articles/CBMiXEFVX3lxTE9Tc2hfQV9nMkZpQlNzNERaX1pVYWZnbkYzVDZEYy1pbGZ2bGxWVHNtbFlfRDVmSDNPZ0RJUTRBZ3d0cHdEcms2OE10MHhPZ0hRVUZUQUtzQ3o4VXFP?oc=5","The Jerusalem Post","Israel","1781127645000"
"Iranian media reports explosions around Hormuz, says air defenses activated in Tehran","https://news.google.com/rss/articles/CBMiygFBVV95cUxQVUJHR0luX1F3NWNSTUREX2ZFWUZaMnJEVXEtUEVXVmxuNDd1WjdUN2g2MGFzbnN4WHRMVDQyZkt6TnJwZ0Y2b1ZvWmQzWnZBcHQ0ZDZKVEVnOG1Wd05aamJTdjBudWxnN0pSdU42RHdMdDhEQ0pfM2JDRkdFck9Kbk83REFPYm81Q0lqaklDRURPOVdYeW1iUGhCYzNtMVVxZ0RMMkVqUk9nNUI1cEEtT0dydHhhcFU2ejNkNU80VEpJM19aVTR1cWpn?oc=5","The Times of Israel","Israel","1781127240000"
"Flash: Explosion heard in Iran's southern Minab County -- media","https://news.google.com/rss/articles/CBMifEFVX3lxTE40Z3BQVWNJMk5mMmpVUVVYdHIwb1ZUb3o4M29vSVFKOHEtUnR0TER0NjFnWkFiNFpUNW9sUHdBWnZfZkZhbnFYWlBMUVNhbmtEZUhpbk1xS2F1a0g2M21XblYtUndibElHeE8xVjIwTUFtNlZYOGZmSHBrRE4?oc=5","Xinhua","China","1781127120000"
"Flash: Air defense heard west of Iran's capital Tehran -- Mehr news agency","https://news.google.com/rss/articles/CBMie0FVX3lxTE15RDhseU1nNWFhaTh6UEpsV0hJMzJ2VzNvOWVEclgwWGI2SFBJNUhWNW9mUzVRcU5MZGhVelBEVy1RSjJGejVhWkJjNzV6WHQ0cjNfZ3FmNWZETlZTbExSU1kwN2szVnRYX1ZSTU11aEhRX3NENkNCM0Eybw?oc=5","Xinhua","China","1781126610000"
"IAEA board demands Iran report uranium stocks, grant inspectors access to facilities","https://news.google.com/rss/articles/CBMiugFBVV95cUxPUDNyLXZuWjZuYjIwWWtBUjZRV0U4cENNZEJhclo2RHhVNWxmTGgyUHd1V0lLTFNzNlVfTnV6TFRUWURtWm9ia1ZFdm10bnIteEdTcUR4TWpJVlh4RzVpTVdJVkFVSWlLV2plbnZzUVQ4Qm5RaW0zZGJzYnlFSjR4WlBrN1A4VWVjQ2dCMnV4Yl94Z0pFc2stbWl0Z1R5V1paNkdNZ1dVZ0JTd1BNZWV1b0ZOSTA1YktvM0HSAboBQVVfeXFMT1Azci12blo2bmIyMFlrQVI2UVdFOHBDTWRCYXJaNkR4VTVsZkxoMlB3dVdJS0xTczZVX051ekxUVFlEbVpvYmtWRXZtdG5yLXhHU3FEeE1qSVZYeEc1aU1XSVZBVUlpS1dqZW52c1FUOEJuUWltM2Ric2J5RUo0eFpQazdQOFVlY0NnQjJ1eGJfeGdKRXNrLW1pdGdUeVdaWjZHTWdXVWdCU3dQTWVldW9GTkkwNWJLbzNB?oc=5","The Times of Israel","Israel","1781125280000"
"US launches fresh wave of strikes on Iran","https://news.google.com/rss/articles/CBMicEFVX3lxTE9iMTZ1cUVSTV9La1o2bXVOSmF2ZVVRU1dWUXlXZlBnZEtFRmE0NUd2SERSS3pfbTd6T3BZSksxNmh0SVd6c2ZlUWNfUF8tZGRXNUx6MEVkNjFNNlB1MXJyREFGbFJLNWpxNC1tTFYteWI?oc=5","Financial Times","Global","1781128773000"
"US launches new strikes on Iran after Trump vows to hit 'hard'","https://news.google.com/rss/articles/CBMiWkFVX3lxTE55WWJEczNyUXZjeUZ5WkhHSl9Nd20tSGl1MzZrTmpZNFVDQlZkeFAxbEwyUk9LTmstMTFZaXBoNDdzZUZJR0M4cXBqelVHTWY1NlpOMXFiUWMtZw?oc=5","BBC","Global","1781128606000"
"Middle East: US launches new round of attacks on Iran","https://news.google.com/rss/articles/CBMikgFBVV95cUxQZUVqQVdUZEJXNk15RjBFZ0NUZGlMMHpjM3VKUmFXTXlpSS1BZlNlUXJwUmN2U2Z4eHoybnlfRnZveHBsWGNidTVvNEoxWllvaUhZMkloZjY3dEw5QnFPeUxEaHBRQjZlLUhjNGZvb1VMZm1mRnhXSWpzalgyR0tOSTVLMGhKdC1KQ0E3SlpKdm9fUQ?oc=5","DW","Europe","1781128549000"
"US Renews Attacks on Iran After Accusing It of Stalling Talks","https://news.google.com/rss/articles/CBMizwFBVV95cUxQYTBDQnZoam10eEFPTUNVckF1UlItNGFGanFHVmVsN3FISE1GN0hEWmVBTDlYeHpJeUlPcUFaODBKME9QaVR2ZXRBSEd3azZqdzZWNmd3ZTdWendQYmhoRGxraHJ0QV9KNk5oR0dFU0doWDNRTG1mX2thb0Utelk1d3FTOS1mX2NSZWJIYlNsNWUtMzJIUFFyb1dKa3ExWnM0Ujk5RHA4MUM0T0xpT1ZlOVprc1pqRHJWNVRvMVIyMS1hbkZtdk9Za3NTWGRRd00?oc=5","Bloomberg","Global","1781128080000"
"US launches new strikes on targets in Iran","https://news.google.com/rss/articles/CBMilAFBVV95cUxQWjBEMmZqN2hyN3g1YXI2VVZjNFlyczN0WmJwMkJEMzNEdWZRU2NyeHo1REVBRDFfUGZ2MUlkaURTT29QYlFqSGw4Tnl5STFsSVVKUTJYb0hzNUp3VGtBbHBfQk9mRG12Tmp0ZkZOdkVLdXd3Z3plZ2pVbTE4MEU3djVaSW9YWEFDdTVESHFBZDkwVlJv?oc=5","Reuters","Global","1781127899000"
"US Launches More Strikes Against Iran, Further Straining Truce","https://news.google.com/rss/articles/CBMisgFBVV95cUxOamVGZGk1WDZTZk02cXlOcncwMVdja1JzNEg0NnZ2MzJ6VkZCeVRTRkZxWm9scDNKM0lIeVNxNFhlcEhTQkVKakRJTVNXbmdLLW9aX19GRmdQVFU4bDdKSVRJQl9MTEY4UElrbkZjSm5qbFF2ODF2ckVGN1c5aUZxWFNMaHlaNXBBUkM0T3FMOTdzclVQVWxPVXNwYWtnR3ZQSTFacjZxODVJVzkwMlhlalNB?oc=5","Bloomberg","Global","1781127865000"
"Back in Action? Mike Pompeo Breaks Down Trump’s Latest Retaliatory Strikes Against Iran","https://news.google.com/rss/articles/CBMic0FVX3lxTE1fVjRud0EtbEFEM1B6cTdma2p4QVdWMEdVaDdDdGRJeTB0bmNSUTlIYmNXZ3RiZWs2NmNldGFMY1JiVUZINFZ4MTQ5OHVpUlBfZGtCTFl4QkZ2ckM2YUFDZHNCM2pLN1JsTWpuN1ZwSmlwdzg?oc=5","Fox News","US","1781128840000"
"Trump Warns Tehran, Bill Gates Hearing, Women Pastors Ban and more","https://news.google.com/rss/articles/CBMikwFBVV95cUxPQ3FBeTVOY2R3czhqelc5R3UwbWJYS0lrWVhKYjNxcEs3bGVzUU1HVEt4aTViWWdTNHpyQWZnRHBWV2h4NUlWRTFHemNndWpTd3dOXzU2cUhtdXZWMEVqN2tRNkxJRnhwTWFCWWRTNVl3czl6SVJBNC1Wbnl3V0RubWVucWFBc1ptcnIzQno4UExRYzA?oc=5","CNN","US","1781128384000"
"Trump’s most tone-deaf comments on Iran and the economy, ranked","https://news.google.com/rss/articles/CBMigAFBVV95cUxNSGNXdWpXTHM2R3FsV3Fpc0RaNWFURFlURmdaSlBnaDBjQW5qN3A0bWQyaHh1bkJac05Nb0t1bkRJUGJsYURZRjZiQUhWUVVqSUNtMm96b3hvWmZkLXhPRGZtSFJmeU1MLWdGMXNyNnZXcDd1TzZjeUIyT0JIcDVIYw?oc=5","CNN","US","1781128368000"
"CENTCOM says it is launching more air strikes in Iran","https://news.google.com/rss/articles/CBMiVkFVX3lxTFBwcUZUVGpHaVFuVVFhS2ZBdUFfLUE5eXFXQUlOWDdQcDFac1JQUklKQzdWdTFuQnBGWWJUZk9tREFqUEVTY09fdDVOVElpc3BzWWJFeUtn?oc=5","Fox News","US","1781128168000"
"US launches new strikes on ‘multiple targets’ in Iran, CENTCOM says","https://news.google.com/rss/articles/CBMipgFBVV95cUxNNklLUG5oQ2RQMnRGTTd6SWJYR0t6S05KNFBic3ZmYVR3d0FDWlV5NEQ1SmxPZjgta0lxU0VzMUNCMERHZFVZTHNybFM1UXM1MFJBNjlnQWVTcDc4bzZFX2pWS1pMb2stM1Rld3FPbkFqZnFTbFowX29hQ2xiSjlRdHY0RkhJLXRkX3VWX2JFS0dzbmpyenFoaHBubG9fUWNRTHlFcUdR?oc=5","New York Post","US","1781128080000"
"Video: Trump Says He ‘Loves the Inflation’ Amid War With Iran","https://news.google.com/rss/articles/CBMikAFBVV95cUxQRExQNEhYU1BCeXRGOWkzNm9GdjNRdmNrazMzMXZZVnN4Z2hxbkdKQlBpbDNfRU9JdFpTcGpGb3dGX3d2S0VLSDAzV1Yxd3RHdnpRODVhUkJxbm9HUXVHbDgyRkF1Sm1sNE5JcHhQR1RMMlRZN3JTS2F5U2tkX3NqbVdKVDRlazhXNGhSRXpwdGU?oc=5","The New York Times","US","1781128059000"
"Expert reveals what a ’10 out of 10’ US military attack on Iran looks like: ‘Decades to replace’","https://news.google.com/rss/articles/CBMiVkFVX3lxTFBWaXZoTVI1TWwzVU95V3JTOGZHMW5xX3RHdFlEMVE2VzRkdGYzZWhzUTczR1VDUHBpaGpaLWJTeXYzX0ZEMEQzQzhKX1FIeE1kaXNtZm53?oc=5","Fox News","US","1781128039000"
"Opinion | Trump Needs a New Iran Strategy","https://news.google.com/rss/articles/CBMilAFBVV95cUxORmFRUlpmZ3h6d2t5ZnNTWmRZM3dTOXZuXzhCTnZ5alRoelBZdUJXLXRUU242LU5iM2NTRjJ4SzRnelVKdUNQRTFqNXpLREJUUmdXQ0F0bGpPT1RPNU4ybTBucVlFN3Z3SzJvMm9zRkY3a05DeHl6dy1NVkYwYUltdko3X0JTOWs1TTAtTmdNYjRwNktx?oc=5","The Wall Street Journal","US","1781128020000"
"IRGC commanders dismiss Trump’s threats as empty","https://news.google.com/rss/articles/CBMipgFBVV95cUxPM3BoZm1rQjdpMVF0ZmNSWWpDNHY4MG9JVHdSU2QtWXAyS0Flcm50R2lNZGFxWkxrZDBNSzFnaFZNaVJVSzBWWERpQzVEaFpTWHdySnVwT1pEWmFEeG1ESWFQV1RUUnVhb1FYVVJGcHN5andtWTNXWVF0U3NQNjZyM1MxWkRTaXdYdEZncDdnUjNWRkd6c1VCb1p0OFZ6MUtxNlVXQmln?oc=5","CNN","US","1781127960000"
"U.S. Launches Fresh Wave of Strikes Against Iran","https://news.google.com/rss/articles/CBMimgFBVV95cUxQb2gtaHBnTW0xUnEyMzRkd2p5ejNWM2FpWTZ3bVRvVHlPR3RTWW5Tc0lhMTJDWjJ0ejJEbUtKZl8wal93anlrak15Ml80UG4yNHJvMkh2ZjJteS10UTNFVUJVcGc4cWt6dmVQUUhZUXliVFIwX3Z1V2NuUEdNNnd3Q0NRYmlkSDJVZEJIdVhPcDNTS3pXQ0g4d0JB?oc=5","The Wall Street Journal","US","1781127840000"
"Hegseth says military ‘will be busy tonight’ following Trump’s threats against Iran","https://news.google.com/rss/articles/CBMipgFBVV95cUxPMDVuMndRNXBGUnZYcjYtQ3dLQ0tFUDByV3ZQRFhjSjZPRHhsSDhCX0Rfd1lodXphMkk1TFFpU0lFcXg1bEFrQ2Y3R25waDdYbjd2YWpMdlRHbmppNkpnVW5heGpwRGd4WHRNeldOdGxlSDVEQURaZVYyOHNfX3F4UVBQWEVQTlh2VEdTUkh5TE5kbTYxc3FvaGFYREtlQVlGWE5xTUhR?oc=5","The Independent","UK","1781127300000"
"Trump’s Iran war pushing US emergency oil reserve to lowest level since Reagan era","https://news.google.com/rss/articles/CBMiswFBVV95cUxQRTJpQWhxN2ZnTnRIbHNJYzJESDJnelc5NTRENHFrdFEtbTY3T0J6TjdXTG9vUmJWUU90MktMX2VDWWVpR2h2bUV2X3NGbG9vWEFDZV9DSnpiX0NTMkFQLXAwSXFrbUM0THdNWjIxWHlFaXp1em9ySm5MSXRJdTlaamVkSkRUbW55cnRhRkZSZ1oxdXFXb21NMkd5eGFhUm1rUEEyYVNKNFVLaXQxN0VIVzlsdw?oc=5","The Independent","UK","1781127180000"
"Nikki Haley says Trump should threaten Russia, China with 'force' over their military aid to Iran","https://news.google.com/rss/articles/CBMirwFBVV95cUxQemllOWtjb0swaU9YemFicWFBSUVKUUtmSHg3bVZTcHh1RVk3N2pQUF92ZG9WcUdEZ0VmZkc0NElHdXdydklUQlVvQ1lBNi11d2VXNHUybXNQWmJkWGRJd215eUFPdTJuSF9XWVRaQ1J5MzlBVDJ4T21ncjdneVlQSWw1XzRvV0NxcC1yRjU4dmZvejQzY0hVakJtZEhBblhIZy1OTTZMQW0xeDFGdEQw0gG0AUFVX3lxTFB0STZkTWs4NWFIWnBDcjZFX2VPeFRaSjlfZ191dU9DMnBydFNNcWtQWGJra2JaYy03eXg3T3ZITFdMZ3hJdkNPb3ExN3k1VUp1NnFWLUk2ajZnU1VaYjhpRXZIbXNDNXdNeDRtMkgwT2J3cU96VkZUU3JiYlBwV3NmaXItN1hYWDdISTFWSF92UnNnZlJuMHgtMGtTemJNVXR1eTVGdnVxVGFISFB1TXNqSHRLaw?oc=5","Fox News","US","1781126877000"
"US Strikes Iran Again, Tech Stocks Sink, More","https://news.google.com/rss/articles/CBMilgFBVV95cUxQaWM3cFB5aWNyZ3A1aTV5Qlh3elZLNWJxQjVZYWhRXzNQRk5ZN2YwX3RRN2E3ck5Yb2kxazRlTWZraXNQbzMtM2hpUU5TMnZuTVpYbFQ5WXFkSDRqOWtVUFhnLXBxeGNERWlRRUF2Y2l4MGR5d3JJUDlrLVlYazZqakljcDRHa3lXOUdVY0RtSmNUZGprY0E?oc=5","Bloomberg","Global","1781129586000"
"Hegseth says US to bomb 'key facilities' in Iran","https://news.google.com/rss/articles/CBMifEFVX3lxTE9PVFZTMW5hOVdkX0h4dFF5SF85Q2RRSEJHVjhZTmM5UWlSQWwwTTgtdDVPZjBNSzN5WUtzUDlyWHdaLTRwQ0pqSmVLNHd5eUJCMW52VHJNdm9XaVBtTWVONjVPNzl5SWpUV1BlM3pWWkctOTFRaWhqdGpYTUc?oc=5","Reuters","Global","1781129527000"
"Asian Stocks to Fall, Oil Rises as US Strikes Iran: Markets Wrap","https://news.google.com/rss/articles/CBMilAFBVV95cUxPajM3dWRKeUZBQWNwSThHVkpOQlYxMVNtTTdBam9Nbk5kc3oxZFVzdmMzMDFuMWN4VGFaMzFfS3hxai1JYk9mcE5FVlVxMWNmZjMtQ2dSd3JqcG0tc1haeEdBTTJJOFhhUTB5U2pVMjdfWWJRRDFnZnhaZC0tVUQ5eHdYUzlHWjUwdTY4VVBCZVg3VExn?oc=5","Bloomberg","Global","1781129083000"
"ECB poised for 'insurance hike' as Iran war fans euro zone inflation","https://news.google.com/rss/articles/CBMipwFBVV95cUxQMk1XYmdRaTFQeG12VlV6M1FlbjVxQkZUVDBzM2FaRU91alFwdUhUanBOeDRyUU1iM1Rmd0h1cHFTdWtaZ3l6WkUxOUxBUUdCeThOa214YWR0Rk5rQ29qVThUR3hZeXRka3Vxdk5DUC1tYnlDR1N2MkNTUW90Ny1qM3JHSGh5dHM0ZlVpVlVaNTZhVlE5LWNwTTFDUHNvckI2MzBwMFQtQQ?oc=5","Reuters","Global","1781129075000"
"Oil Surges as Fresh US Strikes on Iran Threaten Fragile Truce","https://news.google.com/rss/articles/CBMinwFBVV95cUxNOGxUWFJMUXhOdHFSM0U0dHJ5ZFFaYVJkZ0FhdjR1QlBRaXRsLUJnUlgzd1Q4NlhiSEFRWlNLTi1WWGtybEdSdjBvRThxdWN5OGxkVHZDWkg0MFFPQVRqZjdDY3phUi01WGUxU0czWlhORWVYcXVxNWJSSjN0MmFFYjZYSjY0cU9wVUhYRExnSTRJakwxU3Z1aEpEYzIzYjA?oc=5","Bloomberg","Global","1781129004000"
"Urgent: U.S. launches new round of attacks on Iran: Central Command","https://news.google.com/rss/articles/CBMifEFVX3lxTE1QZVJBQkQ2ZXFsZkhLWTBBbU56MzBnVGNmV2drZkNQYUI0Y1gyZjlERmM5NzlqQ3d2NXo3UkprWldLWUV3VXNkalZ6QUlnbjhPUVA5Y0NnVFBTcGN2RWpfOXF2ZjVvOFdHb1NwNnozenlIZVhMYTRYYjRSZWk?oc=5","Xinhua","China","1781130090000"
"Urgent: Clashes erupt at sea between Iranian, U.S. forces -- media","https://news.google.com/rss/articles/CBMifEFVX3lxTE5xalB1RS1PQzN2Vmh3RHBJTjYwMnU3WHJrM3kzb1FMdmtDQ21raEpEQi03UTFCSDJwTzNIQURXSDlhUGtvZ2VxRTIyUHlrT2ZGc3hwNnh5bU93RUxMUW9OVlFGOXAwYVhuZDZsZ2Q1SUE0WWhvUlhMemUtLVg?oc=5","Xinhua","China","1781130000000"
"US continues its unwarranted aggression against Iran with fresh strikes in south","https://news.google.com/rss/articles/CBMijAFBVV95cUxOMFpwV0llWnRGQUt4WnNIN1Jlb09rNW5BZ0tYb2lSeHFoazRYZ0ppWm8zWU04R3ZscUdOVnBITTFIV3RjOXluak1Lb0RMYzhMZTU2LWpRVFA1N3VXbVFhSEpUWks4MkJiMzhFSlg4eExiRDBKbDFBTVJVaTBzc0FPRW1JeVFZZVZaV0VmeQ?oc=5","Press TV","Iran","1781129640000"
"Flash: U.S. launches new round of attacks on Iran: Central Command","https://news.google.com/rss/articles/CBMifEFVX3lxTE1kU0ZvMFpvNWl3RjZ0OUJUMTVPN0oyU1hxMU5BOUp6NW54WG1wM2Jrbml1UUhSb0RVak13ckRwU2FNTWMzeDVnVnYyczY1Sm9UZmZ0TllVLXJuTHBPazluM2FnTFIzbUZWQ08tcTJjZ0o0RHAxcThET3FtbEU?oc=5","Xinhua","China","1781129310000"
"Urgent: Several blasts heard in S. Iran as air defense activated in Tehran -- media","https://news.google.com/rss/articles/CBMifEFVX3lxTFBzTFhveEMyejJJVnhJRG13eWZiLVBqcGtEcDJYOHI1T296ZmVBTklSdFBadFMwZWhpTUljRGQzUkJLOWlrMHNWVTZxWVFaeC1sOF8yOU42UmJvaU9UeU9wYlF2MVN1Q3J6aXRCWGtzWEw4eVI4NG5UUGJBS0I?oc=5","Xinhua","China","1781128230000"
"US military says it launched new 'self-defence strikes' on Iran","https://news.google.com/rss/articles/CBMimwFBVV95cUxNd19jdlVodGh4b0hpS1lnd2N0T0s1ejV0UHY1UU5LaEl0Rk8yeWZhWjl6N3lxLUNmd01UTmFvcFhjYWN5OHNDdEdCU2s3WEpvS0JkcWxnWVcxOHEtLVc5SE94NkdmdktqVmFnUUJaS1VWZzFwbWx5X0hUeHpNQmNCanZWUGV3Rm1sUkdKek5CU1c4UnktUnlIdTRzUQ?oc=5","Dawn","Pakistan","1781128051000"
"Hegseth echos Trump’s vow to strike Iran ‘hard’ tonight","https://news.google.com/rss/articles/CBMiqwFBVV95cUxOdkVJZEdaTGRyTm5teDJUWE9WUnd2ZnozVmNRaVUxVHpsWUZNQTY1NnNIUTVoOFE3TVNBdmc0WWVxcXdBWGxsY2oweGhzSHNvYjF0TTdvUTluMDlBc2xRQmZjMF9RaFlSRjJuMGlldkpfU0pJMnllVXgtcEpCSG9RbmNyVDZJZ2RUb2Y5bTlOZzV6UG9KeVU0ZTg5Q05WMDh2ZzBkYVhoWkxQWWs?oc=5","CNN","US","1781130240000"
"US launches a second straight day of airstrikes in Iran","https://news.google.com/rss/articles/CBMilAFBVV95cUxNb3EtV2d3ZnFIcnlHUWxxTGwyNElIQTZBMnV2MWRmcTlJX0tfVk5ZRl9OcUFnMWdBRlhnNlZ4M01MMF9KSkNweVU2RTJXZzRvS2FUd1RNYm03MnNCa29BR3hRVUU3M1p0NlVaMzRGWHRQVG9CRDhSUExxS2Y0YlRwX1VRLTNLdkROTGVENjhscjRZaUlF?oc=5","Politico","US","1781130125000"
"Hormuz closure sparks global pitchfest on energy","https://news.google.com/rss/articles/CBMihAFBVV95cUxNdlJSWVhkVFI1TVhmTUVndDZtcE9kOHI5b1RReS1raHAxa2JUV1piaVFzRE5HNlNPbFBmSWNtVFZHTjAyczMwYXJNc3Vxb01jc1lkNU12cHB6WnpEcG10WDhVVl9zMDVqVUNTakxmR09xdWhvRldobmVUNmIxUllZeWtERjg?oc=5","Politico","US","1781129612000"
"The U.S. Strikes Iran Again","https://news.google.com/rss/articles/CBMihwFBVV95cUxQZ3U0b0xSTWZNdHFJNjIxZTNwdFA0b1FDN3RzdVNfQUducV90bzk1dnlCem9LQzdjLUREdnE1YkdSX1owa2hnZkowMjVpMmJ2cEdkUkpfMWdWeWRCNFJEbXNCdGE1bkpQQVJaU0lvcW12MHowS3JrZmQzRmNxcEtBS2V1S1h0d0U?oc=5","The New York Times","US","1781128344000"
"Iran declares closure of Hormuz after latest US strikes, threatens to attack ships in the strait","https://news.google.com/rss/articles/CBMi2AFBVV95cUxQc1JnM2o4ZURIUlphN1A1X2tWSTJIc3pET002ckMtWUh1cU5DRkg5U2kycXpnbW5fMVNmck9TNzdPU3N1eFN6MTB0U3pQaHpwTDI2c2RmaEdhMC1KWVRRVDBLVV9BbjBWTUdqeGpxZERxXzhyc2hGOHhaN094Rk5LaFRJWG9QTmRzYVk4eGFYdnJjMjYtZTNFTDVvQ0JOY3NZLTRlNkxJZlhHTFNJZU1uUG5LbVFDbjdYdHMyTFhaRWNxaFVOaEtLWVRoZlFNVk9JUUIwRHhldTI?oc=5","The Times of Israel","Israel","1781132100000"
"Iranian Red Crescent places emergency centres on full alert","https://news.google.com/rss/articles/CBMimAFBVV95cUxOdE5iYVlLVWZhVU1rYXd3R1g4a2RCV0lWU1JLVE84bFVyR240ZkF0VTVYclpXWk1URWlLYmtSWXJadGxJUS1lcVdjS19lXzU2SEFaUkgxdTd5a25iUzZJdmtYbVUwT01MZGFIMmFNWW8zNXJBeUcxTUlSZXJhbl9EOVBhWWl0RkZQdnBzTGQ3VkdwNkhCZW4zYw?oc=5","Dawn","Pakistan","1781130998000"
"Iran condemns US strikes on water infrastructure as 'calculated war crime'","https://news.google.com/rss/articles/CBMiqAFBVV95cUxQcFFxMWcxcjdzVzlZTm1ocURJWWI2Rnk5c3o4OFppcmh5dGVIOTc2OWFJNzlCZUZmdmMtdGNnT3FsMTlrVGxlV3JtVGdNTFlpVTktRkhIdkpNQ3dDNmFTcFFSWHF6ZjJWWFBGMnlPeGNvb3pkZlk2TFZYNlRlcnNpUjd2c2pDSTZzdFozcHRnQkFsNU52cmphcVpUcHE3a2VUOVZKYlVzMkM?oc=5","Press TV","Iran","1781130960000"
"US New Attacks on Iran, Oil Surges on Strikes, More","https://news.google.com/rss/articles/CBMingFBVV95cUxPbTFfTFl3azNPX2pXR0otUk5wbzZYX1MzcFlsUC1UVFdZWmlxdnViNGF5elRSZlgtcG15SEJHZGlXQnNyODBSWURVMFphcTBaRjZSQTZsd1lDczdOSjcwMDN1V01vZVRiSjVnc2RaWThEbnhuck4tZ21EaGs0UlVsSXFJYTBxeVFXMXRKUE1JWWNWekEzbVZwM25GNkprZw?oc=5","Bloomberg","Global","1781132407000"
"Iran announces closure of Strait of Hormuz after US attacks","https://news.google.com/rss/articles/CBMiqwFBVV95cUxPUmpTVDJ1X0ZfVjgxckExb2VxOTN2QXFJam16RVhPSE9ZSFozY2ZIYU1MckpJRHI1ZDlVclNYUjM0TWh0Z3NWY1NmVUZPejFDV3ZYTjVwa1BmcF93TzJhQk9MOW5rTWsxMktNWGtBVUhiZUgtcWliUklDdGV5anJFSFVCSU1weTJ3UWliN0JfRjJraEh4VlZjaGJ2d2FWMEJzTTdFWk95YzVZaTQ?oc=5","Reuters","Global","1781132042000"
"Gold Falls for Third Day as US Launches Fresh Strikes on Iran","https://news.google.com/rss/articles/CBMisgFBVV95cUxOSGE1dEpiNlItOWFqWmFBcHJQNVc2SXpmTnRGU19JOFRhUnlHcW1yVXgyalVKYkZoUUlPQXV2eHdFT25yVmE0b1Yxb0JaZmxnTk5lYnhSN2syU2hkNUgxV1h2dFJwUmJPU3c4Mmh1bk1Sek9xUVY0UURvMzFHbDBMTmtJVmZ5WlpQUjdZS1ZYSm0wcFpHSWNJUFZDRHI1YUhjS08zNTFHRktEd0JLZmJYQmNB?oc=5","Bloomberg","Global","1781131152000"
"Evening Edition: President Trump Says The U.S. Will Strike Iran ‘Very Hard’ Again","https://news.google.com/rss/articles/CBMitgFBVV95cUxNOTN1cU1LTWFPc2dTc2NwNkhIU0dITEo5MVRXa21pbVNCcDNheFNBNEV0WnpETDZYMGVIMk5qX0RuUlRIempUcm5Odm5nZndqaFpYRC0wS21zLUZ2Y1dsaGt2SVVEMXd4dVNqLUllMFhfQ2ZRWU9XR3d5cFh1RFd1SWFic1VXSzBqU3MtN3VpR2QtNUxjS0I4YmtWMEFTZFBCbUs0dEZpR19DbVFSN2NZMzJIS0FHdw?oc=5","Fox News","US","1781132703000"
"The Latest: US says it is striking targets in Iran again as tensions escalate","https://news.google.com/rss/articles/CBMirwFBVV95cUxONFVEWkcwaFU5LVZoZENxT3NQTm5INGpWaTFZMTVTZmhiNU96Y0JLOTFEZGh4T2dvRHRyemhRX0V3RElsdkFNVUUwMk5LcXVCdFBtUHBSLU1yQVZjZF81ODZFNlFrbVh5aExDenQxY2FFajQtQm9RZHcyRWtmaTMtXy1XT0FfbnJhcWdNdmE2cERXTmVHNGNIakV4enpiRVV1WTlXMmdLTUYwdjA1WVkw?oc=5","The Independent","UK","1781132100000"
"Sec. Mullin's DHS Cleanup, Victory Against Iran & CBS News' Reckoning | The Big Ben Show","https://news.google.com/rss/articles/CBMiugFBVV95cUxQQ3FyTkJlSV9maUFuMXdZbG93VUd3a0JkZ1VmQU02dFkwLW1MYmwzTWE5cTkzYmtqRExPR0tLeGtBRktZVnIzaHVfaURrN1RSVGVKUEhqalphNHZqY1FkR2hUTnNyTFkzbnNUZ2VQUzlHTW1UUDhLWmRyaUJqYThlNWxfWWJMSkx5ZjZfNkkxemtXZ2RFQUlpSkQ2RFlzZWNCeTdDQ3MxVGxIT2xVME04QVAza2Rndnlkanc?oc=5","Fox News","US","1781131203000"
"Trump makes good on promise to hard Iran 'hard' for second straight day","https://news.google.com/rss/articles/CBMiVkFVX3lxTFBhQVBXSDhGT3pTdzFmT2V1QVdfUGtlWjZiOTM3VFZha0IwUDFxWFo1U2UzMUNWM1g4WmdLcVp3RmFQOTJWM29BUi0xR21ZQmZHTERmM0hR?oc=5","Fox News","US","1781130627000"
"Explosions heard along Iranian coast after CENTCOM launches strikes","https://news.google.com/rss/articles/CBMiVkFVX3lxTFB5ek1CWXBxSTc5MEVzaXppTFRSaXl6N2pIa0d3ZUFPMFJLWUZzV01CeDBiTTk3elEzc3Q1X3RkeVJNV0tKZnE3Sldab0VrUnNlbURLdjN3?oc=5","Fox News","US","1781130566000"
"BREAKING: US launches airstrikes against Iran following continued aggression","https://news.google.com/rss/articles/CBMiVkFVX3lxTE9kY3lVU1p0Tll6eGtyMlFaS05RdElqWUZtMGZhUW94V3lWbzFlNkZLbnRzUHFWdTBJbjNfY0Z4U3dWTGp3VGNiQjdDMDlIVnFwVXpmQnh3?oc=5","Fox News","US","1781129732000"
"US stocks tumble, dragged by tech and Iran war worries","https://news.google.com/rss/articles/CBMiekFVX3lxTE1RWjNOeWFYVVllUl9laHBxdXhrNnFKNVRDYnpvZWpWRnYwaW1faEpkeGg0NWU0WWo5RXhiczhncnN1c0VsbWk3Ulkzd0d1MUxIdzZUTGNPUk43T01GcW5BNmVNS1dOU0tRQnZkYVFjU1N3MFJKaV9hWnNn?oc=5","Reuters","Global","1781134062000"
"Iran’s top military command orders closure of Strait of Hormuz to all vessels after fresh US aggression","https://news.google.com/rss/articles/CBMirAFBVV95cUxPNjl1ZWdBU3JGTUpoa05NZnR6WUZnZi1oT2tlT1JzLTFjYVcxNDBpYW9FNFN5NldGQ2dUQTR3OThGRGViYmhycjF4LTN6bmZtckRldmFmZkgza3NuQlI3bUdwMDkzQnQ2SzBmdTF4RU1sNTI4YklCY25pMGdqX05Xellab2F2VUtiT0JCYTdPZzFIY3VTaDBwSjBycnl0MERMcTZ1TWVIMndfTkxI?oc=5","Press TV","Iran","1781133360000"
"Urgent: Iran's main military command announces full closure of Hormuz Strait","https://news.google.com/rss/articles/CBMifEFVX3lxTE5KS2s0SUJfanZCeXBCcEpjT3c5VTJrX3pMNVVFZ0hrYUQzN0cyU0VJc2dROU9fc1ZXNmdvSFA3QUxaWUJEMm1vUERkRVN0dzZsVzZPSnd3MkJ6Q0dKSGJJSEdqdjdST3VEMTZxbkV0SEQ4RjA1UXlDQUIyX0E?oc=5","Xinhua","China","1781133015000"
"Pentagon Chief Pledges Strikes on Key Iranian Targets","https://news.google.com/rss/articles/CBMiqgFBVV95cUxPNjJneDNVVi1udnE3UzUtMGhzdWFybTBtUkFPY0VDeDlFdnNQN19LV2V5SW0tWGlVQklwMEdKYTllSEt5bEFWUUx0X3NSWTNyT2lQZXpZTVhHUGI0NWo3QlR2TVNBcVVHaTVBYUFZc2dFMWpwU0dITEh6X01zU0ttWUtlQXdkUWx0WVZZcXJGM0dwdWE2MmsteGZTMEQ5RUF2TGVOdjFsTUZfZ9IBrwFBVV95cUxNZUdjMTFyV1JvMDIzNzg5S0IxRnZsZEljUEFYczRKNmpaME9IaVV5eGN2c1YyTWRhLWNMS3Z0WVhtY2JlTEpjZjhIWGk4YjRlbEJnUWVVRlpERmtnMDNHNGpsY2F6N1hTSldrVXVlajVyNDVyVDBONE52UjBzdTFnTTlKdkp6Y0liUTd3ZnJnT0NNMnVrUkJ6ODBSUVpGd1pmU1FWX25GREJYbTNUX0Vv?oc=5","Al Arabiya","Arab","1781132590000"
"IRAN'S TOP JOINT MILITARY COMMAND SAYS CLOSURE ORDER INCLUDES OIL TANKERS AND COMMERCIAL SHIPS","https://news.google.com/rss/articles/CBMibkFVX3lxTE5kUXVnbnpkSmFuaFZmSDd0RFNMNWtmV2N0QmN6dkRhVTVzQkVRamQ4T3BMLTlGTzF6SnNpUS11NmtaRmRCTU42VFlFNzNyZVk2YVBTYWVMQWpGMUxGOEtvZ2N0XzV5SHAtOXppTXNR?oc=5","CGTN","China","1781132063000"
"Brit Hume: It's a 'bit of a mystery' where we are with Iran","https://news.google.com/rss/articles/CBMiVkFVX3lxTE1nOGU1aU9HcWJJTE5uWDh1QXZSb1hyMXJvRXVIYU1UWV93YkIwc3pKTUlBMEJYbXBIRXNSbm1ndjhrNGNYTGhzemgzRnROSVZ4aEx5YUVn?oc=5","Fox News","US","1781133477000"
"US launches new strikes against 'multiple targets in Iran' after Trump vowed to hit the country 'very hard'","https://news.google.com/rss/articles/CBMikgFBVV95cUxPbzJCZWhmU0g2b0lKSVMwNm5Ed0NlWGo1YmFVMnprOTVsRExRcEMwOEl1dWwyOWhGRF9WV0hkcV9Pa0t2WDVRaXk0YTk1ZTl4LThPdnl3MGNMdFNKcUFrWjBvU0t3Y0hTTEtzTWh3VlhvQkFBODR4WHc3M2FkaFZLS2VUcExEa3lYczZad0piLWVuUQ?oc=5","CNN","US","1781133338000"
"Donald Trump says Iranian officials asked him to halt strikes","https://news.google.com/rss/articles/CBMiX0FVX3lxTE1CRTlRR1c4b3BIZC1zQWRfeTFLREtybU9NRk1MckRqYmVBMkM4eEhmeTF2TUQ3RlhqRk1hR2N0dzlBR0tzaDNyYi02WWJpVE5nM0h6Wkh2VU56LXZZUWU0?oc=5","The Jerusalem Post","Israel","1781135679000"
"IRGC Navy warns any vessel approaching Strait of Hormuz will face 'decisive action'","https://news.google.com/rss/articles/CBMixAFBVV95cUxPUGlNTG9RTWVXSzNCTnRqUHBqQkF6V0RaWmt5bXlNUFo2ZlRwb2ZZVENoMnBsbHlPbGY5M1dSRmZJWUdad29OY2l0MDQwVXREbXV2U3Y1alRQZ0lUeDhzenhtR25qNmEyUExYZ2pNOFFSY1d0TW1uZU1KbXJ3M3hOMmROOHhYdmtObTdSMFh2UjZuSVNSNmZIRU5nMVVralR5QjZoV2RxTGxWcUloY2FPQ0hrdWg5NUN3U09nR1NhVFhobU9N?oc=5","Press TV","Iran","1781135280000"
"US Central Command denies Iranian claim that Hormuz shuttered","https://news.google.com/rss/articles/CBMiqwFBVV95cUxQa1ltOVFDM05NWUxQVjdpcUN4ajl5eU9TUDR4cEdXLXh4b1NUNGpydUVpcUt1N05qUS1GTngxc1g1UzZWRUxwcmJLU1R6eHFvdHZENkZ5Tko1V096ZmVpSFhOVmFqcFZCSnBwQl95OFY2SDZMemNEdWlnSVEwZXFqZi1IYVU2NUp2N0xaNnlwQjhzdG1ISWtiajluOTlLNjNFWVU5Q3E0SzJmSUk?oc=5","The Times of Israel","Israel","1781135040000"
"Trump: Iran directly asked me to halt airstrikes, which Israel isn’t involved in","https://news.google.com/rss/articles/CBMiwAFBVV95cUxPaTRCbEQ0QmhzRnNnRDBmYlJEVmlWWU5SVmdINzd1bl8xNVpyWmZEcmZtNlJZLUNUOHRZM3ktbkYwdS1TaFYtOFk5aWp4c05PTkx2Zno1RGd2eXZ5OWx2QzdaWXRRUFFHeDZSakJsVzBoMjgyTDRVbkRzT2VVT1liai12eVVzTnVJSmsxYzZwQXNCSFlkal9vT1BCcFZrWDM0V2NOY3JZcExaVUFsYVhsbHM3WWxtRmtJZzZPWk81b1Q?oc=5","The Times of Israel","Israel","1781134500000"
"U.S. launches new round of attacks on Iran: Central Command","https://news.google.com/rss/articles/CBMie0FVX3lxTFBhUjNOMmdNRC1yWm1mN0F4UTR3X3JzTXNZZnRxQ2lBVl9xWl92NDN5TkhpNHVyZURadFhtLVRRSTJQLWYxTEsxVVIzVDhXdEVSNmdKODdvSUdEV0RLZzRVdVo0M19SVVdxTVNQc0VyQWJaOGRlME5TSUItNA?oc=5","Xinhua","China","1781134275000"
"Iranian, U.S. forces clash at sea as Iran announces full closure of Strait of Hormuz -- media","https://news.google.com/rss/articles/CBMifEFVX3lxTE1uMGhjekUzanJld1JPUG5yMS12NXIweGNPbm9Haklma2xJWnp5VE5zU0xSaS1PazljZzlEaUxMZzdFcnR1ODV4c3FHakFuRTdFZWRlSXRleGdFS2FzM1dJZ2VQX3dnQlNtWEQ0SXFjUXgxZi0zUElkZEhkQ0s?oc=5","Xinhua","China","1781133675000"
"Will Iran play the U.S. in the World Cup?","https://news.google.com/rss/articles/CBMioAFBVV95cUxPRWtRLVFLTDJ2Y2lwcVVxSlY0ekVaRXlQSlRGazZwTGdzclY4NDRIZ3pnbkl3dkJPNXYtQnNrRUs3anhaRjE1cUR5RGhibnpueENvMWFvVnFyWmNST01HaVE3REJlVHlCb2ZoMmQ3X2ozWkJwZEctZGg3dXVsOHkzSVB4U3JDS3UxZkVDbGZCUC1hQmdQWkdKeF9iNEc2OXNM?oc=5","CGTN","China","1781132670000"
"US military says none of its warships struck in Strait of Hormuz","https://news.google.com/rss/articles/CBMingFBVV95cUxQUkVYbTV0SVVqLS1iUFhiLXdlYjBrMzRYX3pHbEpIWVJiWlR1bmV0RXFQanJMcVJoNUdTVm5LMmwwZFcxZHJSVk03blhya1habGlfdjlKdy1BZkN0YjB3ZnRSQjE4elhjYUV4M3Vwb24wbHFnQVV1a19oSk5LZWUtemxrMWEyWC1UMEhEelVsdmJXYWUyUkpiNmNjZU9XUQ?oc=5","Reuters","Global","1781135882000"
"US Strikes Iran Again, Oil Jumps on Strikes, More","https://news.google.com/rss/articles/CBMimwFBVV95cUxOOFJPMjRwS181SzhzU3kxSVNabnI2V1E4Q3VGU3FfUnJlSHVISFJtMkdyclRhemZsZ0Q5R0laWG9zdnlZb1hrcVd5a3hyamZ3UU9pV0dKQWlFLUgwUXVUaEZib2Jqa1FrUEhOLU52QmE2cjZXZlJSUVFtU0lId0I2TW05UnpUczZidWk5MDlPME04UGE0b1BIR0d5UQ?oc=5","Bloomberg","Global","1781135428000"
"Iran announces closure of Strait of Hormuz after US attacks","https://news.google.com/rss/articles/CBMiqgFBVV95cUxQOWszcDRrZHJzbjVJYlF0VWtjRE1lMHlEaHhiUFd5N002MDI0eTJpSUxCWTVaMElUc3ZCTzhlWDRNemlsZWtsV3J0ejdqYzZBQVZWdTZtUzRJQk9ybjJaRlFQRnQ0YjRpa2JqUF9fZTh5UHA1NXc4am42TlJUaHcwQ2pDRGVkdXZoc0pLbHRNTVRSbFJPbV9Mbkg4SXBuNFhIeWg3bXlCWnlVQQ?oc=5","France 24","Europe","1781135400000"
"Middle East live: Iran announces closure of Strait of Hormuz after US attacks","https://news.google.com/rss/articles/CBMiwwFBVV95cUxPRUdHMUlacjlfaWhJU045b1U2QTZjTzBYdjZFVkNtS3dmcXRtSHdmdGhPM3RkN2hPMTlyeTZWYXhQUF82V09DcWV0Znlid2pZRkxkZmpTSURWbmpDRE5VNk9tTzZ3NG1jNkNSQ1FqczFTNnUwbnFfbU9raDRJZVlCN09yeDRjT1ZPNmR6UGMtNDJxazBnUzd5ZHVZSTh1NEJaRW85NlRxUTFKdDRrVTlTOHlWY21nV3dEMThsS0hxTFIyOG8?oc=5","France 24","Europe","1781134680000"
"US stocks tumble, dragged by tech and Iran war worries","https://news.google.com/rss/articles/CBMiZ0FVX3lxTE0tX2pyU3ZFS0lEeFh0bEVNd2tTbV9ZLWkzS1lqV2Y2azBFeEJKbnl0aEJEQlNRRW55MTgtVW9LQ1lSLXVvT1ZVNzdTUWc4aDNubUdWNzhSdnpKeHlIUms4N0JqSG5mcG8?oc=5","Reuters","Global","1781134303000"
"CNN live in Tehran as US launches new strikes on Iran","https://news.google.com/rss/articles/CBMiiAFBVV95cUxNRFlYbmlrWVRqbFRMbTdlNTkydER1WFE3OEQzVWlmcVVLWm1zb3JfLXFKN2dHQVRkWGFWaGRhZG05WmVmdERUZVMxRnJhTmxObDlfaVg1RzFtMHNUZjNJUzFpS3AzekNManozQ3JEbjFiLV8yekNDNzNCaHo3SXhwYjQxNmZ4bTJH?oc=5","CNN","US","1781133803000"
"Impact of US-Israel war with Iran on Turkish tourism - DW.com","https://news.google.com/rss/articles/CBMiswFBVV95cUxOX2JGVGlDQkhOSk1ZWFBVcjNEN2d6VlU1M0lzRWdLc1llVU5tb2doQW5CS2JZLVNUVDFTdzNyOXh2MVJNbW5mcndFTnAzM3NNSXNKcHNkalFpVU8wSy1oNHBTZXNyblJfcWtObGRXaDI0SzY4NVAyYl9NQnZwU25GZWdOYkRTa085T1lmUUZWNTI4dVRKb3ZWU2tsLXFQUjc2a0Y3d0lEQ1M1MzdzU2lFeTlfZw?oc=5","DW","Europe","1781134696000"
"Iranian media: According to satellite images, after the threat from Iran's Khatam al-Anbiya Headquarters and the Navy of the IRGC, no traffic is passing through the Strait of Hormuz","https://news.google.com/rss/articles/CBMibkFVX3lxTE51OGtRMXlJLWhLN0dkZ0lmY3FtVi10cHppa1VHTVkxN3pWVk1qcXZiX3NfSHFUR3NkY1pKdkttaU9VeXdoM2xsNWg5UHR3cWNKcXJfRjl3V1VPRm5faUhCd0F2OThqZG9uNDVjQ053?oc=5","CGTN","China","1781135232000"
"USCENTCOM denies Iran's claims that Strait of Hormuz is closed","https://news.google.com/rss/articles/CBMibkFVX3lxTE80WThTSTdFUTg0YTFXQXE1OWZSUU9pam4wazkwMVNmTmp1VmNRVk9CWDZxcU9VNXNJNl9vc0h6cURkVTNlenR1SXhOWjNqR0FELWc5Y2s5U2lRdWszLXpWYUwwQ0NlZlVCZ3lQbUd3?oc=5","CGTN","China","1781134602000"
"Iran Threatens to Stop World Cup Games if Faced with Unauthorized Flags or Slogans","https://news.google.com/rss/articles/CBMitwFBVV95cUxNeGhWWWVIa25KcEpqZWxFS0ktR3JjaGxFVTc4ZFFlWEZMX1RTOFBIUGVHc2RqM1hQOVI2Zm1UWDJGaXZPUDkyTTdOa3hoOHBOeTg3SXVOeEd1X0lEcFREQ3VIaEdhUm5WMHdXR05OM0NPTm05Z1k2djR2V29hTjltYjhDQlE4RlZzcXl1M25sa2E2OWxMUTJMQ3FpeTZnaS1mNzFRaFRBU0F4b1JiVlBkSkl0cExlRDQ?oc=5","Asharq Al-Awsat","Arab","1781103096000"
"UN Watchdog Demands Stockpile ‘Information’ from Iran","https://news.google.com/rss/articles/CBMiqAFBVV95cUxOWm42eWpMWDJxMDk2T2h0RnQ5MFExRDdkQzhwcV9jaXgxbDdoSGpIV192bkUxU3N0YlptcWdwbExuUnZxSkxiNVo3ZUZzZW4wbk9TV0t5R0FuR09LdXlTV05uMnlsVVlrOVQ1Z2FmOU90bExkOWx2WGJqSDVKVFhtaEJDNkZWdHVyQXYwR0tTSzZHV3VUV0lHU2NJTzFfOXZGd09tNTJoeHY?oc=5","Asharq Al-Awsat","Arab","1781105979000"